# vtk DataFile Version 2.0
Bridge-1: Cable-stayed bridge (3D conversion)
ASCII
DATASET UNSTRUCTURED_GRID

POINTS 4107 float
    2.000000e+02  -1.000000e+01   0.000000e+00
    2.000000e+02   1.000000e+01   0.000000e+00
    1.500000e+02   1.000000e+01   0.000000e+00
    1.500000e+02  -1.000000e+01   0.000000e+00
    1.000000e+02   1.000000e+01   0.000000e+00
    1.000000e+02  -1.000000e+01   0.000000e+00
    5.000000e+01   1.000000e+01   0.000000e+00
    5.000000e+01  -1.000000e+01   0.000000e+00
    0.000000e+00   1.000000e+01   0.000000e+00
    0.000000e+00  -1.000000e+01   0.000000e+00
   -5.000000e+01   1.000000e+01   0.000000e+00
   -5.000000e+01  -1.000000e+01   0.000000e+00
   -1.000000e+02   1.000000e+01   0.000000e+00
   -1.000000e+02  -1.000000e+01   0.000000e+00
   -1.500000e+02   1.000000e+01   0.000000e+00
   -1.500000e+02  -1.000000e+01   0.000000e+00
   -2.000000e+02   1.000000e+01   0.000000e+00
   -2.000000e+02  -1.000000e+01   0.000000e+00
   -2.500000e+02   1.000000e+01   0.000000e+00
   -2.500000e+02  -1.000000e+01   0.000000e+00
    2.500000e+02  -1.000000e+01   0.000000e+00
    2.500000e+02   1.000000e+01   0.000000e+00
    2.000000e+02  -5.000000e+00   0.000000e+00
    2.000000e+02   0.000000e+00   0.000000e+00
    2.000000e+02   5.000000e+00   0.000000e+00
    1.950000e+02   1.000000e+01   0.000000e+00
    1.900000e+02   1.000000e+01   0.000000e+00
    1.850000e+02   1.000000e+01   0.000000e+00
    1.800000e+02   1.000000e+01   0.000000e+00
    1.750000e+02   1.000000e+01   0.000000e+00
    1.700000e+02   1.000000e+01   0.000000e+00
    1.650000e+02   1.000000e+01   0.000000e+00
    1.600000e+02   1.000000e+01   0.000000e+00
    1.550000e+02   1.000000e+01   0.000000e+00
    1.500000e+02   5.000000e+00   0.000000e+00
    1.500000e+02   0.000000e+00   0.000000e+00
    1.500000e+02  -5.000000e+00   0.000000e+00
    1.550000e+02  -1.000000e+01   0.000000e+00
    1.600000e+02  -1.000000e+01   0.000000e+00
    1.650000e+02  -1.000000e+01   0.000000e+00
    1.700000e+02  -1.000000e+01   0.000000e+00
    1.750000e+02  -1.000000e+01   0.000000e+00
    1.800000e+02  -1.000000e+01   0.000000e+00
    1.850000e+02  -1.000000e+01   0.000000e+00
    1.900000e+02  -1.000000e+01   0.000000e+00
    1.950000e+02  -1.000000e+01   0.000000e+00
    1.450000e+02   1.000000e+01   0.000000e+00
    1.400000e+02   1.000000e+01   0.000000e+00
    1.350000e+02   1.000000e+01   0.000000e+00
    1.300000e+02   1.000000e+01   0.000000e+00
    1.250000e+02   1.000000e+01   0.000000e+00
    1.200000e+02   1.000000e+01   0.000000e+00
    1.150000e+02   1.000000e+01   0.000000e+00
    1.100000e+02   1.000000e+01   0.000000e+00
    1.050000e+02   1.000000e+01   0.000000e+00
    1.000000e+02   5.000000e+00   0.000000e+00
    1.000000e+02   0.000000e+00   0.000000e+00
    1.000000e+02  -5.000000e+00   0.000000e+00
    1.050000e+02  -1.000000e+01   0.000000e+00
    1.100000e+02  -1.000000e+01   0.000000e+00
    1.150000e+02  -1.000000e+01   0.000000e+00
    1.200000e+02  -1.000000e+01   0.000000e+00
    1.250000e+02  -1.000000e+01   0.000000e+00
    1.300000e+02  -1.000000e+01   0.000000e+00
    1.350000e+02  -1.000000e+01   0.000000e+00
    1.400000e+02  -1.000000e+01   0.000000e+00
    1.450000e+02  -1.000000e+01   0.000000e+00
    9.500000e+01   1.000000e+01   0.000000e+00
    9.000000e+01   1.000000e+01   0.000000e+00
    8.500000e+01   1.000000e+01   0.000000e+00
    8.000000e+01   1.000000e+01   0.000000e+00
    7.500000e+01   1.000000e+01   0.000000e+00
    7.000000e+01   1.000000e+01   0.000000e+00
    6.500000e+01   1.000000e+01   0.000000e+00
    6.000000e+01   1.000000e+01   0.000000e+00
    5.500000e+01   1.000000e+01   0.000000e+00
    5.000000e+01   5.000000e+00   0.000000e+00
    5.000000e+01   0.000000e+00   0.000000e+00
    5.000000e+01  -5.000000e+00   0.000000e+00
    5.500000e+01  -1.000000e+01   0.000000e+00
    6.000000e+01  -1.000000e+01   0.000000e+00
    6.500000e+01  -1.000000e+01   0.000000e+00
    7.000000e+01  -1.000000e+01   0.000000e+00
    7.500000e+01  -1.000000e+01   0.000000e+00
    8.000000e+01  -1.000000e+01   0.000000e+00
    8.500000e+01  -1.000000e+01   0.000000e+00
    9.000000e+01  -1.000000e+01   0.000000e+00
    9.500000e+01  -1.000000e+01   0.000000e+00
    4.500000e+01   1.000000e+01   0.000000e+00
    4.000000e+01   1.000000e+01   0.000000e+00
    3.500000e+01   1.000000e+01   0.000000e+00
    3.000000e+01   1.000000e+01   0.000000e+00
    2.500000e+01   1.000000e+01   0.000000e+00
    2.000000e+01   1.000000e+01   0.000000e+00
    1.500000e+01   1.000000e+01   0.000000e+00
    1.000000e+01   1.000000e+01   0.000000e+00
    5.000000e+00   1.000000e+01   0.000000e+00
    0.000000e+00   5.000000e+00   0.000000e+00
    0.000000e+00   0.000000e+00   0.000000e+00
    0.000000e+00  -5.000000e+00   0.000000e+00
    5.000000e+00  -1.000000e+01   0.000000e+00
    1.000000e+01  -1.000000e+01   0.000000e+00
    1.500000e+01  -1.000000e+01   0.000000e+00
    2.000000e+01  -1.000000e+01   0.000000e+00
    2.500000e+01  -1.000000e+01   0.000000e+00
    3.000000e+01  -1.000000e+01   0.000000e+00
    3.500000e+01  -1.000000e+01   0.000000e+00
    4.000000e+01  -1.000000e+01   0.000000e+00
    4.500000e+01  -1.000000e+01   0.000000e+00
   -5.000000e+00   1.000000e+01   0.000000e+00
   -1.000000e+01   1.000000e+01   0.000000e+00
   -1.500000e+01   1.000000e+01   0.000000e+00
   -2.000000e+01   1.000000e+01   0.000000e+00
   -2.500000e+01   1.000000e+01   0.000000e+00
   -3.000000e+01   1.000000e+01   0.000000e+00
   -3.500000e+01   1.000000e+01   0.000000e+00
   -4.000000e+01   1.000000e+01   0.000000e+00
   -4.500000e+01   1.000000e+01   0.000000e+00
   -5.000000e+01   5.000000e+00   0.000000e+00
   -5.000000e+01   0.000000e+00   0.000000e+00
   -5.000000e+01  -5.000000e+00   0.000000e+00
   -4.500000e+01  -1.000000e+01   0.000000e+00
   -4.000000e+01  -1.000000e+01   0.000000e+00
   -3.500000e+01  -1.000000e+01   0.000000e+00
   -3.000000e+01  -1.000000e+01   0.000000e+00
   -2.500000e+01  -1.000000e+01   0.000000e+00
   -2.000000e+01  -1.000000e+01   0.000000e+00
   -1.500000e+01  -1.000000e+01   0.000000e+00
   -1.000000e+01  -1.000000e+01   0.000000e+00
   -5.000000e+00  -1.000000e+01   0.000000e+00
   -5.500000e+01   1.000000e+01   0.000000e+00
   -6.000000e+01   1.000000e+01   0.000000e+00
   -6.500000e+01   1.000000e+01   0.000000e+00
   -7.000000e+01   1.000000e+01   0.000000e+00
   -7.500000e+01   1.000000e+01   0.000000e+00
   -8.000000e+01   1.000000e+01   0.000000e+00
   -8.500000e+01   1.000000e+01   0.000000e+00
   -9.000000e+01   1.000000e+01   0.000000e+00
   -9.500000e+01   1.000000e+01   0.000000e+00
   -1.000000e+02   5.000000e+00   0.000000e+00
   -1.000000e+02   0.000000e+00   0.000000e+00
   -1.000000e+02  -5.000000e+00   0.000000e+00
   -9.500000e+01  -1.000000e+01   0.000000e+00
   -9.000000e+01  -1.000000e+01   0.000000e+00
   -8.500000e+01  -1.000000e+01   0.000000e+00
   -8.000000e+01  -1.000000e+01   0.000000e+00
   -7.500000e+01  -1.000000e+01   0.000000e+00
   -7.000000e+01  -1.000000e+01   0.000000e+00
   -6.500000e+01  -1.000000e+01   0.000000e+00
   -6.000000e+01  -1.000000e+01   0.000000e+00
   -5.500000e+01  -1.000000e+01   0.000000e+00
   -1.050000e+02   1.000000e+01   0.000000e+00
   -1.100000e+02   1.000000e+01   0.000000e+00
   -1.150000e+02   1.000000e+01   0.000000e+00
   -1.200000e+02   1.000000e+01   0.000000e+00
   -1.250000e+02   1.000000e+01   0.000000e+00
   -1.300000e+02   1.000000e+01   0.000000e+00
   -1.350000e+02   1.000000e+01   0.000000e+00
   -1.400000e+02   1.000000e+01   0.000000e+00
   -1.450000e+02   1.000000e+01   0.000000e+00
   -1.500000e+02   5.000000e+00   0.000000e+00
   -1.500000e+02   0.000000e+00   0.000000e+00
   -1.500000e+02  -5.000000e+00   0.000000e+00
   -1.450000e+02  -1.000000e+01   0.000000e+00
   -1.400000e+02  -1.000000e+01   0.000000e+00
   -1.350000e+02  -1.000000e+01   0.000000e+00
   -1.300000e+02  -1.000000e+01   0.000000e+00
   -1.250000e+02  -1.000000e+01   0.000000e+00
   -1.200000e+02  -1.000000e+01   0.000000e+00
   -1.150000e+02  -1.000000e+01   0.000000e+00
   -1.100000e+02  -1.000000e+01   0.000000e+00
   -1.050000e+02  -1.000000e+01   0.000000e+00
   -1.550000e+02   1.000000e+01   0.000000e+00
   -1.600000e+02   1.000000e+01   0.000000e+00
   -1.650000e+02   1.000000e+01   0.000000e+00
   -1.700000e+02   1.000000e+01   0.000000e+00
   -1.750000e+02   1.000000e+01   0.000000e+00
   -1.800000e+02   1.000000e+01   0.000000e+00
   -1.850000e+02   1.000000e+01   0.000000e+00
   -1.900000e+02   1.000000e+01   0.000000e+00
   -1.950000e+02   1.000000e+01   0.000000e+00
   -2.000000e+02   5.000000e+00   0.000000e+00
   -2.000000e+02   0.000000e+00   0.000000e+00
   -2.000000e+02  -5.000000e+00   0.000000e+00
   -1.950000e+02  -1.000000e+01   0.000000e+00
   -1.900000e+02  -1.000000e+01   0.000000e+00
   -1.850000e+02  -1.000000e+01   0.000000e+00
   -1.800000e+02  -1.000000e+01   0.000000e+00
   -1.750000e+02  -1.000000e+01   0.000000e+00
   -1.700000e+02  -1.000000e+01   0.000000e+00
   -1.650000e+02  -1.000000e+01   0.000000e+00
   -1.600000e+02  -1.000000e+01   0.000000e+00
   -1.550000e+02  -1.000000e+01   0.000000e+00
   -2.050000e+02   1.000000e+01   0.000000e+00
   -2.100000e+02   1.000000e+01   0.000000e+00
   -2.150000e+02   1.000000e+01   0.000000e+00
   -2.200000e+02   1.000000e+01   0.000000e+00
   -2.250000e+02   1.000000e+01   0.000000e+00
   -2.300000e+02   1.000000e+01   0.000000e+00
   -2.350000e+02   1.000000e+01   0.000000e+00
   -2.400000e+02   1.000000e+01   0.000000e+00
   -2.450000e+02   1.000000e+01   0.000000e+00
   -2.500000e+02   5.000000e+00   0.000000e+00
   -2.500000e+02   0.000000e+00   0.000000e+00
   -2.500000e+02  -5.000000e+00   0.000000e+00
   -2.450000e+02  -1.000000e+01   0.000000e+00
   -2.400000e+02  -1.000000e+01   0.000000e+00
   -2.350000e+02  -1.000000e+01   0.000000e+00
   -2.300000e+02  -1.000000e+01   0.000000e+00
   -2.250000e+02  -1.000000e+01   0.000000e+00
   -2.200000e+02  -1.000000e+01   0.000000e+00
   -2.150000e+02  -1.000000e+01   0.000000e+00
   -2.100000e+02  -1.000000e+01   0.000000e+00
   -2.050000e+02  -1.000000e+01   0.000000e+00
    2.050000e+02  -1.000000e+01   0.000000e+00
    2.100000e+02  -1.000000e+01   0.000000e+00
    2.150000e+02  -1.000000e+01   0.000000e+00
    2.200000e+02  -1.000000e+01   0.000000e+00
    2.250000e+02  -1.000000e+01   0.000000e+00
    2.300000e+02  -1.000000e+01   0.000000e+00
    2.350000e+02  -1.000000e+01   0.000000e+00
    2.400000e+02  -1.000000e+01   0.000000e+00
    2.450000e+02  -1.000000e+01   0.000000e+00
    2.500000e+02  -5.000000e+00   0.000000e+00
    2.500000e+02   0.000000e+00   0.000000e+00
    2.500000e+02   5.000000e+00   0.000000e+00
    2.450000e+02   1.000000e+01   0.000000e+00
    2.400000e+02   1.000000e+01   0.000000e+00
    2.350000e+02   1.000000e+01   0.000000e+00
    2.300000e+02   1.000000e+01   0.000000e+00
    2.250000e+02   1.000000e+01   0.000000e+00
    2.200000e+02   1.000000e+01   0.000000e+00
    2.150000e+02   1.000000e+01   0.000000e+00
    2.100000e+02   1.000000e+01   0.000000e+00
    2.050000e+02   1.000000e+01   0.000000e+00
    1.950000e+02  -5.000000e+00   0.000000e+00
    1.950000e+02   0.000000e+00   0.000000e+00
    1.950000e+02   5.000000e+00   0.000000e+00
    1.900000e+02  -5.000000e+00   0.000000e+00
    1.900000e+02   0.000000e+00   0.000000e+00
    1.900000e+02   5.000000e+00   0.000000e+00
    1.850000e+02  -5.000000e+00   0.000000e+00
    1.850000e+02   0.000000e+00   0.000000e+00
    1.850000e+02   5.000000e+00   0.000000e+00
    1.800000e+02  -5.000000e+00   0.000000e+00
    1.800000e+02   0.000000e+00   0.000000e+00
    1.800000e+02   5.000000e+00   0.000000e+00
    1.750000e+02  -5.000000e+00   0.000000e+00
    1.750000e+02   0.000000e+00   0.000000e+00
    1.750000e+02   5.000000e+00   0.000000e+00
    1.700000e+02  -5.000000e+00   0.000000e+00
    1.700000e+02   0.000000e+00   0.000000e+00
    1.700000e+02   5.000000e+00   0.000000e+00
    1.650000e+02  -5.000000e+00   0.000000e+00
    1.650000e+02   0.000000e+00   0.000000e+00
    1.650000e+02   5.000000e+00   0.000000e+00
    1.600000e+02  -5.000000e+00   0.000000e+00
    1.600000e+02   0.000000e+00   0.000000e+00
    1.600000e+02   5.000000e+00   0.000000e+00
    1.550000e+02  -5.000000e+00   0.000000e+00
    1.550000e+02   0.000000e+00   0.000000e+00
    1.550000e+02   5.000000e+00   0.000000e+00
    1.450000e+02  -5.000000e+00   0.000000e+00
    1.450000e+02   0.000000e+00   0.000000e+00
    1.450000e+02   5.000000e+00   0.000000e+00
    1.400000e+02  -5.000000e+00   0.000000e+00
    1.400000e+02   0.000000e+00   0.000000e+00
    1.400000e+02   5.000000e+00   0.000000e+00
    1.350000e+02  -5.000000e+00   0.000000e+00
    1.350000e+02   0.000000e+00   0.000000e+00
    1.350000e+02   5.000000e+00   0.000000e+00
    1.300000e+02  -5.000000e+00   0.000000e+00
    1.300000e+02   0.000000e+00   0.000000e+00
    1.300000e+02   5.000000e+00   0.000000e+00
    1.250000e+02  -5.000000e+00   0.000000e+00
    1.250000e+02   0.000000e+00   0.000000e+00
    1.250000e+02   5.000000e+00   0.000000e+00
    1.200000e+02  -5.000000e+00   0.000000e+00
    1.200000e+02   0.000000e+00   0.000000e+00
    1.200000e+02   5.000000e+00   0.000000e+00
    1.150000e+02  -5.000000e+00   0.000000e+00
    1.150000e+02   0.000000e+00   0.000000e+00
    1.150000e+02   5.000000e+00   0.000000e+00
    1.100000e+02  -5.000000e+00   0.000000e+00
    1.100000e+02   0.000000e+00   0.000000e+00
    1.100000e+02   5.000000e+00   0.000000e+00
    1.050000e+02  -5.000000e+00   0.000000e+00
    1.050000e+02   0.000000e+00   0.000000e+00
    1.050000e+02   5.000000e+00   0.000000e+00
    9.500000e+01  -5.000000e+00   0.000000e+00
    9.500000e+01   0.000000e+00   0.000000e+00
    9.500000e+01   5.000000e+00   0.000000e+00
    9.000000e+01  -5.000000e+00   0.000000e+00
    9.000000e+01   0.000000e+00   0.000000e+00
    9.000000e+01   5.000000e+00   0.000000e+00
    8.500000e+01  -5.000000e+00   0.000000e+00
    8.500000e+01   0.000000e+00   0.000000e+00
    8.500000e+01   5.000000e+00   0.000000e+00
    8.000000e+01  -5.000000e+00   0.000000e+00
    8.000000e+01   0.000000e+00   0.000000e+00
    8.000000e+01   5.000000e+00   0.000000e+00
    7.500000e+01  -5.000000e+00   0.000000e+00
    7.500000e+01   0.000000e+00   0.000000e+00
    7.500000e+01   5.000000e+00   0.000000e+00
    7.000000e+01  -5.000000e+00   0.000000e+00
    7.000000e+01   0.000000e+00   0.000000e+00
    7.000000e+01   5.000000e+00   0.000000e+00
    6.500000e+01  -5.000000e+00   0.000000e+00
    6.500000e+01   0.000000e+00   0.000000e+00
    6.500000e+01   5.000000e+00   0.000000e+00
    6.000000e+01  -5.000000e+00   0.000000e+00
    6.000000e+01   0.000000e+00   0.000000e+00
    6.000000e+01   5.000000e+00   0.000000e+00
    5.500000e+01  -5.000000e+00   0.000000e+00
    5.500000e+01   0.000000e+00   0.000000e+00
    5.500000e+01   5.000000e+00   0.000000e+00
    4.500000e+01  -5.000000e+00   0.000000e+00
    4.500000e+01   0.000000e+00   0.000000e+00
    4.500000e+01   5.000000e+00   0.000000e+00
    4.000000e+01  -5.000000e+00   0.000000e+00
    4.000000e+01   0.000000e+00   0.000000e+00
    4.000000e+01   5.000000e+00   0.000000e+00
    3.500000e+01  -5.000000e+00   0.000000e+00
    3.500000e+01   0.000000e+00   0.000000e+00
    3.500000e+01   5.000000e+00   0.000000e+00
    3.000000e+01  -5.000000e+00   0.000000e+00
    3.000000e+01   0.000000e+00   0.000000e+00
    3.000000e+01   5.000000e+00   0.000000e+00
    2.500000e+01  -5.000000e+00   0.000000e+00
    2.500000e+01   0.000000e+00   0.000000e+00
    2.500000e+01   5.000000e+00   0.000000e+00
    2.000000e+01  -5.000000e+00   0.000000e+00
    2.000000e+01   0.000000e+00   0.000000e+00
    2.000000e+01   5.000000e+00   0.000000e+00
    1.500000e+01  -5.000000e+00   0.000000e+00
    1.500000e+01   0.000000e+00   0.000000e+00
    1.500000e+01   5.000000e+00   0.000000e+00
    1.000000e+01  -5.000000e+00   0.000000e+00
    1.000000e+01   0.000000e+00   0.000000e+00
    1.000000e+01   5.000000e+00   0.000000e+00
    5.000000e+00  -5.000000e+00   0.000000e+00
    5.000000e+00   0.000000e+00   0.000000e+00
    5.000000e+00   5.000000e+00   0.000000e+00
   -5.000000e+00  -5.000000e+00   0.000000e+00
   -5.000000e+00   0.000000e+00   0.000000e+00
   -5.000000e+00   5.000000e+00   0.000000e+00
   -1.000000e+01  -5.000000e+00   0.000000e+00
   -1.000000e+01   0.000000e+00   0.000000e+00
   -1.000000e+01   5.000000e+00   0.000000e+00
   -1.500000e+01  -5.000000e+00   0.000000e+00
   -1.500000e+01   0.000000e+00   0.000000e+00
   -1.500000e+01   5.000000e+00   0.000000e+00
   -2.000000e+01  -5.000000e+00   0.000000e+00
   -2.000000e+01   0.000000e+00   0.000000e+00
   -2.000000e+01   5.000000e+00   0.000000e+00
   -2.500000e+01  -5.000000e+00   0.000000e+00
   -2.500000e+01   0.000000e+00   0.000000e+00
   -2.500000e+01   5.000000e+00   0.000000e+00
   -3.000000e+01  -5.000000e+00   0.000000e+00
   -3.000000e+01   0.000000e+00   0.000000e+00
   -3.000000e+01   5.000000e+00   0.000000e+00
   -3.500000e+01  -5.000000e+00   0.000000e+00
   -3.500000e+01   0.000000e+00   0.000000e+00
   -3.500000e+01   5.000000e+00   0.000000e+00
   -4.000000e+01  -5.000000e+00   0.000000e+00
   -4.000000e+01   0.000000e+00   0.000000e+00
   -4.000000e+01   5.000000e+00   0.000000e+00
   -4.500000e+01  -5.000000e+00   0.000000e+00
   -4.500000e+01   0.000000e+00   0.000000e+00
   -4.500000e+01   5.000000e+00   0.000000e+00
   -5.500000e+01  -5.000000e+00   0.000000e+00
   -5.500000e+01   0.000000e+00   0.000000e+00
   -5.500000e+01   5.000000e+00   0.000000e+00
   -6.000000e+01  -5.000000e+00   0.000000e+00
   -6.000000e+01   0.000000e+00   0.000000e+00
   -6.000000e+01   5.000000e+00   0.000000e+00
   -6.500000e+01  -5.000000e+00   0.000000e+00
   -6.500000e+01   0.000000e+00   0.000000e+00
   -6.500000e+01   5.000000e+00   0.000000e+00
   -7.000000e+01  -5.000000e+00   0.000000e+00
   -7.000000e+01   0.000000e+00   0.000000e+00
   -7.000000e+01   5.000000e+00   0.000000e+00
   -7.500000e+01  -5.000000e+00   0.000000e+00
   -7.500000e+01   0.000000e+00   0.000000e+00
   -7.500000e+01   5.000000e+00   0.000000e+00
   -8.000000e+01  -5.000000e+00   0.000000e+00
   -8.000000e+01   0.000000e+00   0.000000e+00
   -8.000000e+01   5.000000e+00   0.000000e+00
   -8.500000e+01  -5.000000e+00   0.000000e+00
   -8.500000e+01   0.000000e+00   0.000000e+00
   -8.500000e+01   5.000000e+00   0.000000e+00
   -9.000000e+01  -5.000000e+00   0.000000e+00
   -9.000000e+01   0.000000e+00   0.000000e+00
   -9.000000e+01   5.000000e+00   0.000000e+00
   -9.500000e+01  -5.000000e+00   0.000000e+00
   -9.500000e+01   0.000000e+00   0.000000e+00
   -9.500000e+01   5.000000e+00   0.000000e+00
   -1.050000e+02  -5.000000e+00   0.000000e+00
   -1.050000e+02   0.000000e+00   0.000000e+00
   -1.050000e+02   5.000000e+00   0.000000e+00
   -1.100000e+02  -5.000000e+00   0.000000e+00
   -1.100000e+02   0.000000e+00   0.000000e+00
   -1.100000e+02   5.000000e+00   0.000000e+00
   -1.150000e+02  -5.000000e+00   0.000000e+00
   -1.150000e+02   0.000000e+00   0.000000e+00
   -1.150000e+02   5.000000e+00   0.000000e+00
   -1.200000e+02  -5.000000e+00   0.000000e+00
   -1.200000e+02   0.000000e+00   0.000000e+00
   -1.200000e+02   5.000000e+00   0.000000e+00
   -1.250000e+02  -5.000000e+00   0.000000e+00
   -1.250000e+02   0.000000e+00   0.000000e+00
   -1.250000e+02   5.000000e+00   0.000000e+00
   -1.300000e+02  -5.000000e+00   0.000000e+00
   -1.300000e+02   0.000000e+00   0.000000e+00
   -1.300000e+02   5.000000e+00   0.000000e+00
   -1.350000e+02  -5.000000e+00   0.000000e+00
   -1.350000e+02   0.000000e+00   0.000000e+00
   -1.350000e+02   5.000000e+00   0.000000e+00
   -1.400000e+02  -5.000000e+00   0.000000e+00
   -1.400000e+02   0.000000e+00   0.000000e+00
   -1.400000e+02   5.000000e+00   0.000000e+00
   -1.450000e+02  -5.000000e+00   0.000000e+00
   -1.450000e+02   0.000000e+00   0.000000e+00
   -1.450000e+02   5.000000e+00   0.000000e+00
   -1.550000e+02  -5.000000e+00   0.000000e+00
   -1.550000e+02   0.000000e+00   0.000000e+00
   -1.550000e+02   5.000000e+00   0.000000e+00
   -1.600000e+02  -5.000000e+00   0.000000e+00
   -1.600000e+02   0.000000e+00   0.000000e+00
   -1.600000e+02   5.000000e+00   0.000000e+00
   -1.650000e+02  -5.000000e+00   0.000000e+00
   -1.650000e+02   0.000000e+00   0.000000e+00
   -1.650000e+02   5.000000e+00   0.000000e+00
   -1.700000e+02  -5.000000e+00   0.000000e+00
   -1.700000e+02   0.000000e+00   0.000000e+00
   -1.700000e+02   5.000000e+00   0.000000e+00
   -1.750000e+02  -5.000000e+00   0.000000e+00
   -1.750000e+02   0.000000e+00   0.000000e+00
   -1.750000e+02   5.000000e+00   0.000000e+00
   -1.800000e+02  -5.000000e+00   0.000000e+00
   -1.800000e+02   0.000000e+00   0.000000e+00
   -1.800000e+02   5.000000e+00   0.000000e+00
   -1.850000e+02  -5.000000e+00   0.000000e+00
   -1.850000e+02   0.000000e+00   0.000000e+00
   -1.850000e+02   5.000000e+00   0.000000e+00
   -1.900000e+02  -5.000000e+00   0.000000e+00
   -1.900000e+02   0.000000e+00   0.000000e+00
   -1.900000e+02   5.000000e+00   0.000000e+00
   -1.950000e+02  -5.000000e+00   0.000000e+00
   -1.950000e+02   0.000000e+00   0.000000e+00
   -1.950000e+02   5.000000e+00   0.000000e+00
   -2.050000e+02  -5.000000e+00   0.000000e+00
   -2.050000e+02   0.000000e+00   0.000000e+00
   -2.050000e+02   5.000000e+00   0.000000e+00
   -2.100000e+02  -5.000000e+00   0.000000e+00
   -2.100000e+02   0.000000e+00   0.000000e+00
   -2.100000e+02   5.000000e+00   0.000000e+00
   -2.150000e+02  -5.000000e+00   0.000000e+00
   -2.150000e+02   0.000000e+00   0.000000e+00
   -2.150000e+02   5.000000e+00   0.000000e+00
   -2.200000e+02  -5.000000e+00   0.000000e+00
   -2.200000e+02   0.000000e+00   0.000000e+00
   -2.200000e+02   5.000000e+00   0.000000e+00
   -2.250000e+02  -5.000000e+00   0.000000e+00
   -2.250000e+02   0.000000e+00   0.000000e+00
   -2.250000e+02   5.000000e+00   0.000000e+00
   -2.300000e+02  -5.000000e+00   0.000000e+00
   -2.300000e+02   0.000000e+00   0.000000e+00
   -2.300000e+02   5.000000e+00   0.000000e+00
   -2.350000e+02  -5.000000e+00   0.000000e+00
   -2.350000e+02   0.000000e+00   0.000000e+00
   -2.350000e+02   5.000000e+00   0.000000e+00
   -2.400000e+02  -5.000000e+00   0.000000e+00
   -2.400000e+02   0.000000e+00   0.000000e+00
   -2.400000e+02   5.000000e+00   0.000000e+00
   -2.450000e+02  -5.000000e+00   0.000000e+00
   -2.450000e+02   0.000000e+00   0.000000e+00
   -2.450000e+02   5.000000e+00   0.000000e+00
    2.050000e+02   5.000000e+00   0.000000e+00
    2.050000e+02   0.000000e+00   0.000000e+00
    2.050000e+02  -5.000000e+00   0.000000e+00
    2.100000e+02   5.000000e+00   0.000000e+00
    2.100000e+02   0.000000e+00   0.000000e+00
    2.100000e+02  -5.000000e+00   0.000000e+00
    2.150000e+02   5.000000e+00   0.000000e+00
    2.150000e+02   0.000000e+00   0.000000e+00
    2.150000e+02  -5.000000e+00   0.000000e+00
    2.200000e+02   5.000000e+00   0.000000e+00
    2.200000e+02   0.000000e+00   0.000000e+00
    2.200000e+02  -5.000000e+00   0.000000e+00
    2.250000e+02   5.000000e+00   0.000000e+00
    2.250000e+02   0.000000e+00   0.000000e+00
    2.250000e+02  -5.000000e+00   0.000000e+00
    2.300000e+02   5.000000e+00   0.000000e+00
    2.300000e+02   0.000000e+00   0.000000e+00
    2.300000e+02  -5.000000e+00   0.000000e+00
    2.350000e+02   5.000000e+00   0.000000e+00
    2.350000e+02   0.000000e+00   0.000000e+00
    2.350000e+02  -5.000000e+00   0.000000e+00
    2.400000e+02   5.000000e+00   0.000000e+00
    2.400000e+02   0.000000e+00   0.000000e+00
    2.400000e+02  -5.000000e+00   0.000000e+00
    2.450000e+02   5.000000e+00   0.000000e+00
    2.450000e+02   0.000000e+00   0.000000e+00
    2.450000e+02  -5.000000e+00   0.000000e+00
    0.000000e+00  -1.000000e+01  -5.000000e+01
    0.000000e+00  -2.000000e+01  -5.000000e+01
   -2.000000e+01  -2.000000e+01  -5.000000e+01
   -2.000000e+01  -1.000000e+01  -5.000000e+01
    0.000000e+00  -2.000000e+01   1.500000e+02
   -1.000000e+01  -2.000000e+01   1.500000e+02
   -1.000000e+01  -1.000000e+01   1.500000e+02
    0.000000e+00  -1.000000e+01   1.500000e+02
    2.000000e+01  -1.000000e+01  -5.000000e+01
    2.000000e+01  -2.000000e+01  -5.000000e+01
    1.000000e+01  -1.000000e+01   1.500000e+02
    1.000000e+01  -2.000000e+01   1.500000e+02
    0.000000e+00  -1.500000e+01  -5.000000e+01
   -6.666667e+00  -2.000000e+01  -5.000000e+01
   -1.333333e+01  -2.000000e+01  -5.000000e+01
   -2.000000e+01  -1.500000e+01  -5.000000e+01
   -1.333333e+01  -1.000000e+01  -5.000000e+01
   -6.666667e+00  -1.000000e+01  -5.000000e+01
    0.000000e+00  -1.500000e+01   1.500000e+02
   -6.666667e+00  -2.000000e+01   1.500000e+02
   -3.333333e+00  -2.000000e+01   1.500000e+02
   -1.000000e+01  -1.500000e+01   1.500000e+02
   -3.333333e+00  -1.000000e+01   1.500000e+02
   -6.666667e+00  -1.000000e+01   1.500000e+02
   -1.975000e+01  -1.000000e+01  -4.500000e+01
   -1.950000e+01  -1.000000e+01  -4.000000e+01
   -1.925000e+01  -1.000000e+01  -3.500000e+01
   -1.900000e+01  -1.000000e+01  -3.000000e+01
   -1.875000e+01  -1.000000e+01  -2.500000e+01
   -1.850000e+01  -1.000000e+01  -2.000000e+01
   -1.825000e+01  -1.000000e+01  -1.500000e+01
   -1.800000e+01  -1.000000e+01  -1.000000e+01
   -1.775000e+01  -1.000000e+01  -5.000000e+00
   -1.750000e+01  -1.000000e+01   0.000000e+00
   -1.725000e+01  -1.000000e+01   5.000000e+00
   -1.700000e+01  -1.000000e+01   1.000000e+01
   -1.675000e+01  -1.000000e+01   1.500000e+01
   -1.650000e+01  -1.000000e+01   2.000000e+01
   -1.625000e+01  -1.000000e+01   2.500000e+01
   -1.600000e+01  -1.000000e+01   3.000000e+01
   -1.575000e+01  -1.000000e+01   3.500000e+01
   -1.550000e+01  -1.000000e+01   4.000000e+01
   -1.525000e+01  -1.000000e+01   4.500000e+01
   -1.500000e+01  -1.000000e+01   5.000000e+01
   -1.475000e+01  -1.000000e+01   5.500000e+01
   -1.450000e+01  -1.000000e+01   6.000000e+01
   -1.425000e+01  -1.000000e+01   6.500000e+01
   -1.400000e+01  -1.000000e+01   7.000000e+01
   -1.375000e+01  -1.000000e+01   7.500000e+01
   -1.350000e+01  -1.000000e+01   8.000000e+01
   -1.325000e+01  -1.000000e+01   8.500000e+01
   -1.300000e+01  -1.000000e+01   9.000000e+01
   -1.275000e+01  -1.000000e+01   9.500000e+01
   -1.250000e+01  -1.000000e+01   1.000000e+02
   -1.225000e+01  -1.000000e+01   1.050000e+02
   -1.200000e+01  -1.000000e+01   1.100000e+02
   -1.175000e+01  -1.000000e+01   1.150000e+02
   -1.150000e+01  -1.000000e+01   1.200000e+02
   -1.125000e+01  -1.000000e+01   1.250000e+02
   -1.100000e+01  -1.000000e+01   1.300000e+02
   -1.075000e+01  -1.000000e+01   1.350000e+02
   -1.050000e+01  -1.000000e+01   1.400000e+02
   -1.025000e+01  -1.000000e+01   1.450000e+02
    0.000000e+00  -1.000000e+01   1.450000e+02
    0.000000e+00  -1.000000e+01   1.400000e+02
    0.000000e+00  -1.000000e+01   1.350000e+02
    0.000000e+00  -1.000000e+01   1.300000e+02
    0.000000e+00  -1.000000e+01   1.250000e+02
    0.000000e+00  -1.000000e+01   1.200000e+02
    0.000000e+00  -1.000000e+01   1.150000e+02
    0.000000e+00  -1.000000e+01   1.100000e+02
    0.000000e+00  -1.000000e+01   1.050000e+02
    0.000000e+00  -1.000000e+01   1.000000e+02
    0.000000e+00  -1.000000e+01   9.500000e+01
    0.000000e+00  -1.000000e+01   9.000000e+01
    0.000000e+00  -1.000000e+01   8.500000e+01
    0.000000e+00  -1.000000e+01   8.000000e+01
    0.000000e+00  -1.000000e+01   7.500000e+01
    0.000000e+00  -1.000000e+01   7.000000e+01
    0.000000e+00  -1.000000e+01   6.500000e+01
    0.000000e+00  -1.000000e+01   6.000000e+01
    0.000000e+00  -1.000000e+01   5.500000e+01
    0.000000e+00  -1.000000e+01   5.000000e+01
    0.000000e+00  -1.000000e+01   4.500000e+01
    0.000000e+00  -1.000000e+01   4.000000e+01
    0.000000e+00  -1.000000e+01   3.500000e+01
    0.000000e+00  -1.000000e+01   3.000000e+01
    0.000000e+00  -1.000000e+01   2.500000e+01
    0.000000e+00  -1.000000e+01   2.000000e+01
    0.000000e+00  -1.000000e+01   1.500000e+01
    0.000000e+00  -1.000000e+01   1.000000e+01
    0.000000e+00  -1.000000e+01   5.000000e+00
    0.000000e+00  -1.000000e+01  -5.000000e+00
    0.000000e+00  -1.000000e+01  -1.000000e+01
    0.000000e+00  -1.000000e+01  -1.500000e+01
    0.000000e+00  -1.000000e+01  -2.000000e+01
    0.000000e+00  -1.000000e+01  -2.500000e+01
    0.000000e+00  -1.000000e+01  -3.000000e+01
    0.000000e+00  -1.000000e+01  -3.500000e+01
    0.000000e+00  -1.000000e+01  -4.000000e+01
    0.000000e+00  -1.000000e+01  -4.500000e+01
   -1.025000e+01  -2.000000e+01   1.450000e+02
   -1.050000e+01  -2.000000e+01   1.400000e+02
   -1.075000e+01  -2.000000e+01   1.350000e+02
   -1.100000e+01  -2.000000e+01   1.300000e+02
   -1.125000e+01  -2.000000e+01   1.250000e+02
   -1.150000e+01  -2.000000e+01   1.200000e+02
   -1.175000e+01  -2.000000e+01   1.150000e+02
   -1.200000e+01  -2.000000e+01   1.100000e+02
   -1.225000e+01  -2.000000e+01   1.050000e+02
   -1.250000e+01  -2.000000e+01   1.000000e+02
   -1.275000e+01  -2.000000e+01   9.500000e+01
   -1.300000e+01  -2.000000e+01   9.000000e+01
   -1.325000e+01  -2.000000e+01   8.500000e+01
   -1.350000e+01  -2.000000e+01   8.000000e+01
   -1.375000e+01  -2.000000e+01   7.500000e+01
   -1.400000e+01  -2.000000e+01   7.000000e+01
   -1.425000e+01  -2.000000e+01   6.500000e+01
   -1.450000e+01  -2.000000e+01   6.000000e+01
   -1.475000e+01  -2.000000e+01   5.500000e+01
   -1.500000e+01  -2.000000e+01   5.000000e+01
   -1.525000e+01  -2.000000e+01   4.500000e+01
   -1.550000e+01  -2.000000e+01   4.000000e+01
   -1.575000e+01  -2.000000e+01   3.500000e+01
   -1.600000e+01  -2.000000e+01   3.000000e+01
   -1.625000e+01  -2.000000e+01   2.500000e+01
   -1.650000e+01  -2.000000e+01   2.000000e+01
   -1.675000e+01  -2.000000e+01   1.500000e+01
   -1.700000e+01  -2.000000e+01   1.000000e+01
   -1.725000e+01  -2.000000e+01   5.000000e+00
   -1.750000e+01  -2.000000e+01   0.000000e+00
   -1.775000e+01  -2.000000e+01  -5.000000e+00
   -1.800000e+01  -2.000000e+01  -1.000000e+01
   -1.825000e+01  -2.000000e+01  -1.500000e+01
   -1.850000e+01  -2.000000e+01  -2.000000e+01
   -1.875000e+01  -2.000000e+01  -2.500000e+01
   -1.900000e+01  -2.000000e+01  -3.000000e+01
   -1.925000e+01  -2.000000e+01  -3.500000e+01
   -1.950000e+01  -2.000000e+01  -4.000000e+01
   -1.975000e+01  -2.000000e+01  -4.500000e+01
    0.000000e+00  -2.000000e+01  -4.500000e+01
    0.000000e+00  -2.000000e+01  -4.000000e+01
    0.000000e+00  -2.000000e+01  -3.500000e+01
    0.000000e+00  -2.000000e+01  -3.000000e+01
    0.000000e+00  -2.000000e+01  -2.500000e+01
    0.000000e+00  -2.000000e+01  -2.000000e+01
    0.000000e+00  -2.000000e+01  -1.500000e+01
    0.000000e+00  -2.000000e+01  -1.000000e+01
    0.000000e+00  -2.000000e+01  -5.000000e+00
    0.000000e+00  -2.000000e+01   0.000000e+00
    0.000000e+00  -2.000000e+01   5.000000e+00
    0.000000e+00  -2.000000e+01   1.000000e+01
    0.000000e+00  -2.000000e+01   1.500000e+01
    0.000000e+00  -2.000000e+01   2.000000e+01
    0.000000e+00  -2.000000e+01   2.500000e+01
    0.000000e+00  -2.000000e+01   3.000000e+01
    0.000000e+00  -2.000000e+01   3.500000e+01
    0.000000e+00  -2.000000e+01   4.000000e+01
    0.000000e+00  -2.000000e+01   4.500000e+01
    0.000000e+00  -2.000000e+01   5.000000e+01
    0.000000e+00  -2.000000e+01   5.500000e+01
    0.000000e+00  -2.000000e+01   6.000000e+01
    0.000000e+00  -2.000000e+01   6.500000e+01
    0.000000e+00  -2.000000e+01   7.000000e+01
    0.000000e+00  -2.000000e+01   7.500000e+01
    0.000000e+00  -2.000000e+01   8.000000e+01
    0.000000e+00  -2.000000e+01   8.500000e+01
    0.000000e+00  -2.000000e+01   9.000000e+01
    0.000000e+00  -2.000000e+01   9.500000e+01
    0.000000e+00  -2.000000e+01   1.000000e+02
    0.000000e+00  -2.000000e+01   1.050000e+02
    0.000000e+00  -2.000000e+01   1.100000e+02
    0.000000e+00  -2.000000e+01   1.150000e+02
    0.000000e+00  -2.000000e+01   1.200000e+02
    0.000000e+00  -2.000000e+01   1.250000e+02
    0.000000e+00  -2.000000e+01   1.300000e+02
    0.000000e+00  -2.000000e+01   1.350000e+02
    0.000000e+00  -2.000000e+01   1.400000e+02
    0.000000e+00  -2.000000e+01   1.450000e+02
    6.666667e+00  -1.000000e+01  -5.000000e+01
    1.333333e+01  -1.000000e+01  -5.000000e+01
    2.000000e+01  -1.500000e+01  -5.000000e+01
    1.333333e+01  -2.000000e+01  -5.000000e+01
    6.666667e+00  -2.000000e+01  -5.000000e+01
    6.666667e+00  -1.000000e+01   1.500000e+02
    3.333333e+00  -1.000000e+01   1.500000e+02
    1.000000e+01  -1.500000e+01   1.500000e+02
    3.333333e+00  -2.000000e+01   1.500000e+02
    6.666667e+00  -2.000000e+01   1.500000e+02
    1.975000e+01  -2.000000e+01  -4.500000e+01
    1.950000e+01  -2.000000e+01  -4.000000e+01
    1.925000e+01  -2.000000e+01  -3.500000e+01
    1.900000e+01  -2.000000e+01  -3.000000e+01
    1.875000e+01  -2.000000e+01  -2.500000e+01
    1.850000e+01  -2.000000e+01  -2.000000e+01
    1.825000e+01  -2.000000e+01  -1.500000e+01
    1.800000e+01  -2.000000e+01  -1.000000e+01
    1.775000e+01  -2.000000e+01  -5.000000e+00
    1.750000e+01  -2.000000e+01   0.000000e+00
    1.725000e+01  -2.000000e+01   5.000000e+00
    1.700000e+01  -2.000000e+01   1.000000e+01
    1.675000e+01  -2.000000e+01   1.500000e+01
    1.650000e+01  -2.000000e+01   2.000000e+01
    1.625000e+01  -2.000000e+01   2.500000e+01
    1.600000e+01  -2.000000e+01   3.000000e+01
    1.575000e+01  -2.000000e+01   3.500000e+01
    1.550000e+01  -2.000000e+01   4.000000e+01
    1.525000e+01  -2.000000e+01   4.500000e+01
    1.500000e+01  -2.000000e+01   5.000000e+01
    1.475000e+01  -2.000000e+01   5.500000e+01
    1.450000e+01  -2.000000e+01   6.000000e+01
    1.425000e+01  -2.000000e+01   6.500000e+01
    1.400000e+01  -2.000000e+01   7.000000e+01
    1.375000e+01  -2.000000e+01   7.500000e+01
    1.350000e+01  -2.000000e+01   8.000000e+01
    1.325000e+01  -2.000000e+01   8.500000e+01
    1.300000e+01  -2.000000e+01   9.000000e+01
    1.275000e+01  -2.000000e+01   9.500000e+01
    1.250000e+01  -2.000000e+01   1.000000e+02
    1.225000e+01  -2.000000e+01   1.050000e+02
    1.200000e+01  -2.000000e+01   1.100000e+02
    1.175000e+01  -2.000000e+01   1.150000e+02
    1.150000e+01  -2.000000e+01   1.200000e+02
    1.125000e+01  -2.000000e+01   1.250000e+02
    1.100000e+01  -2.000000e+01   1.300000e+02
    1.075000e+01  -2.000000e+01   1.350000e+02
    1.050000e+01  -2.000000e+01   1.400000e+02
    1.025000e+01  -2.000000e+01   1.450000e+02
    1.025000e+01  -1.000000e+01   1.450000e+02
    1.050000e+01  -1.000000e+01   1.400000e+02
    1.075000e+01  -1.000000e+01   1.350000e+02
    1.100000e+01  -1.000000e+01   1.300000e+02
    1.125000e+01  -1.000000e+01   1.250000e+02
    1.150000e+01  -1.000000e+01   1.200000e+02
    1.175000e+01  -1.000000e+01   1.150000e+02
    1.200000e+01  -1.000000e+01   1.100000e+02
    1.225000e+01  -1.000000e+01   1.050000e+02
    1.250000e+01  -1.000000e+01   1.000000e+02
    1.275000e+01  -1.000000e+01   9.500000e+01
    1.300000e+01  -1.000000e+01   9.000000e+01
    1.325000e+01  -1.000000e+01   8.500000e+01
    1.350000e+01  -1.000000e+01   8.000000e+01
    1.375000e+01  -1.000000e+01   7.500000e+01
    1.400000e+01  -1.000000e+01   7.000000e+01
    1.425000e+01  -1.000000e+01   6.500000e+01
    1.450000e+01  -1.000000e+01   6.000000e+01
    1.475000e+01  -1.000000e+01   5.500000e+01
    1.500000e+01  -1.000000e+01   5.000000e+01
    1.525000e+01  -1.000000e+01   4.500000e+01
    1.550000e+01  -1.000000e+01   4.000000e+01
    1.575000e+01  -1.000000e+01   3.500000e+01
    1.600000e+01  -1.000000e+01   3.000000e+01
    1.625000e+01  -1.000000e+01   2.500000e+01
    1.650000e+01  -1.000000e+01   2.000000e+01
    1.675000e+01  -1.000000e+01   1.500000e+01
    1.700000e+01  -1.000000e+01   1.000000e+01
    1.725000e+01  -1.000000e+01   5.000000e+00
    1.750000e+01  -1.000000e+01   0.000000e+00
    1.775000e+01  -1.000000e+01  -5.000000e+00
    1.800000e+01  -1.000000e+01  -1.000000e+01
    1.825000e+01  -1.000000e+01  -1.500000e+01
    1.850000e+01  -1.000000e+01  -2.000000e+01
    1.875000e+01  -1.000000e+01  -2.500000e+01
    1.900000e+01  -1.000000e+01  -3.000000e+01
    1.925000e+01  -1.000000e+01  -3.500000e+01
    1.950000e+01  -1.000000e+01  -4.000000e+01
    1.975000e+01  -1.000000e+01  -4.500000e+01
   -6.666667e+00  -1.500000e+01  -5.000000e+01
   -1.333333e+01  -1.500000e+01  -5.000000e+01
   -3.333333e+00  -1.500000e+01   1.500000e+02
   -6.666667e+00  -1.500000e+01   1.500000e+02
   -6.583333e+00  -1.000000e+01  -4.500000e+01
   -1.316667e+01  -1.000000e+01  -4.500000e+01
   -6.500000e+00  -1.000000e+01  -4.000000e+01
   -1.300000e+01  -1.000000e+01  -4.000000e+01
   -6.416667e+00  -1.000000e+01  -3.500000e+01
   -1.283333e+01  -1.000000e+01  -3.500000e+01
   -6.333333e+00  -1.000000e+01  -3.000000e+01
   -1.266667e+01  -1.000000e+01  -3.000000e+01
   -6.250000e+00  -1.000000e+01  -2.500000e+01
   -1.250000e+01  -1.000000e+01  -2.500000e+01
   -6.166667e+00  -1.000000e+01  -2.000000e+01
   -1.233333e+01  -1.000000e+01  -2.000000e+01
   -6.083333e+00  -1.000000e+01  -1.500000e+01
   -1.216667e+01  -1.000000e+01  -1.500000e+01
   -6.000000e+00  -1.000000e+01  -1.000000e+01
   -1.200000e+01  -1.000000e+01  -1.000000e+01
   -5.916667e+00  -1.000000e+01  -5.000000e+00
   -1.183333e+01  -1.000000e+01  -5.000000e+00
   -5.833333e+00  -1.000000e+01   0.000000e+00
   -1.166667e+01  -1.000000e+01   0.000000e+00
   -5.750000e+00  -1.000000e+01   5.000000e+00
   -1.150000e+01  -1.000000e+01   5.000000e+00
   -5.666667e+00  -1.000000e+01   1.000000e+01
   -1.133333e+01  -1.000000e+01   1.000000e+01
   -5.583333e+00  -1.000000e+01   1.500000e+01
   -1.116667e+01  -1.000000e+01   1.500000e+01
   -5.500000e+00  -1.000000e+01   2.000000e+01
   -1.100000e+01  -1.000000e+01   2.000000e+01
   -5.416667e+00  -1.000000e+01   2.500000e+01
   -1.083333e+01  -1.000000e+01   2.500000e+01
   -5.333333e+00  -1.000000e+01   3.000000e+01
   -1.066667e+01  -1.000000e+01   3.000000e+01
   -5.250000e+00  -1.000000e+01   3.500000e+01
   -1.050000e+01  -1.000000e+01   3.500000e+01
   -5.166667e+00  -1.000000e+01   4.000000e+01
   -1.033333e+01  -1.000000e+01   4.000000e+01
   -5.083333e+00  -1.000000e+01   4.500000e+01
   -1.016667e+01  -1.000000e+01   4.500000e+01
   -5.000000e+00  -1.000000e+01   5.000000e+01
   -1.000000e+01  -1.000000e+01   5.000000e+01
   -4.916667e+00  -1.000000e+01   5.500000e+01
   -9.833333e+00  -1.000000e+01   5.500000e+01
   -4.833333e+00  -1.000000e+01   6.000000e+01
   -9.666667e+00  -1.000000e+01   6.000000e+01
   -4.750000e+00  -1.000000e+01   6.500000e+01
   -9.500000e+00  -1.000000e+01   6.500000e+01
   -4.666667e+00  -1.000000e+01   7.000000e+01
   -9.333333e+00  -1.000000e+01   7.000000e+01
   -4.583333e+00  -1.000000e+01   7.500000e+01
   -9.166667e+00  -1.000000e+01   7.500000e+01
   -4.500000e+00  -1.000000e+01   8.000000e+01
   -9.000000e+00  -1.000000e+01   8.000000e+01
   -4.416667e+00  -1.000000e+01   8.500000e+01
   -8.833333e+00  -1.000000e+01   8.500000e+01
   -4.333333e+00  -1.000000e+01   9.000000e+01
   -8.666667e+00  -1.000000e+01   9.000000e+01
   -4.250000e+00  -1.000000e+01   9.500000e+01
   -8.500000e+00  -1.000000e+01   9.500000e+01
   -4.166667e+00  -1.000000e+01   1.000000e+02
   -8.333333e+00  -1.000000e+01   1.000000e+02
   -4.083333e+00  -1.000000e+01   1.050000e+02
   -8.166667e+00  -1.000000e+01   1.050000e+02
   -4.000000e+00  -1.000000e+01   1.100000e+02
   -8.000000e+00  -1.000000e+01   1.100000e+02
   -3.916667e+00  -1.000000e+01   1.150000e+02
   -7.833333e+00  -1.000000e+01   1.150000e+02
   -3.833333e+00  -1.000000e+01   1.200000e+02
   -7.666667e+00  -1.000000e+01   1.200000e+02
   -3.750000e+00  -1.000000e+01   1.250000e+02
   -7.500000e+00  -1.000000e+01   1.250000e+02
   -3.666667e+00  -1.000000e+01   1.300000e+02
   -7.333333e+00  -1.000000e+01   1.300000e+02
   -3.583333e+00  -1.000000e+01   1.350000e+02
   -7.166667e+00  -1.000000e+01   1.350000e+02
   -3.500000e+00  -1.000000e+01   1.400000e+02
   -7.000000e+00  -1.000000e+01   1.400000e+02
   -3.416667e+00  -1.000000e+01   1.450000e+02
   -6.833333e+00  -1.000000e+01   1.450000e+02
   -6.583333e+00  -2.000000e+01  -4.500000e+01
   -1.316667e+01  -2.000000e+01  -4.500000e+01
   -6.500000e+00  -2.000000e+01  -4.000000e+01
   -1.300000e+01  -2.000000e+01  -4.000000e+01
   -6.416667e+00  -2.000000e+01  -3.500000e+01
   -1.283333e+01  -2.000000e+01  -3.500000e+01
   -6.333333e+00  -2.000000e+01  -3.000000e+01
   -1.266667e+01  -2.000000e+01  -3.000000e+01
   -6.250000e+00  -2.000000e+01  -2.500000e+01
   -1.250000e+01  -2.000000e+01  -2.500000e+01
   -6.166667e+00  -2.000000e+01  -2.000000e+01
   -1.233333e+01  -2.000000e+01  -2.000000e+01
   -6.083333e+00  -2.000000e+01  -1.500000e+01
   -1.216667e+01  -2.000000e+01  -1.500000e+01
   -6.000000e+00  -2.000000e+01  -1.000000e+01
   -1.200000e+01  -2.000000e+01  -1.000000e+01
   -5.916667e+00  -2.000000e+01  -5.000000e+00
   -1.183333e+01  -2.000000e+01  -5.000000e+00
   -5.833333e+00  -2.000000e+01   0.000000e+00
   -1.166667e+01  -2.000000e+01   0.000000e+00
   -5.750000e+00  -2.000000e+01   5.000000e+00
   -1.150000e+01  -2.000000e+01   5.000000e+00
   -5.666667e+00  -2.000000e+01   1.000000e+01
   -1.133333e+01  -2.000000e+01   1.000000e+01
   -5.583333e+00  -2.000000e+01   1.500000e+01
   -1.116667e+01  -2.000000e+01   1.500000e+01
   -5.500000e+00  -2.000000e+01   2.000000e+01
   -1.100000e+01  -2.000000e+01   2.000000e+01
   -5.416667e+00  -2.000000e+01   2.500000e+01
   -1.083333e+01  -2.000000e+01   2.500000e+01
   -5.333333e+00  -2.000000e+01   3.000000e+01
   -1.066667e+01  -2.000000e+01   3.000000e+01
   -5.250000e+00  -2.000000e+01   3.500000e+01
   -1.050000e+01  -2.000000e+01   3.500000e+01
   -5.166667e+00  -2.000000e+01   4.000000e+01
   -1.033333e+01  -2.000000e+01   4.000000e+01
   -5.083333e+00  -2.000000e+01   4.500000e+01
   -1.016667e+01  -2.000000e+01   4.500000e+01
   -5.000000e+00  -2.000000e+01   5.000000e+01
   -1.000000e+01  -2.000000e+01   5.000000e+01
   -4.916667e+00  -2.000000e+01   5.500000e+01
   -9.833333e+00  -2.000000e+01   5.500000e+01
   -4.833333e+00  -2.000000e+01   6.000000e+01
   -9.666667e+00  -2.000000e+01   6.000000e+01
   -4.750000e+00  -2.000000e+01   6.500000e+01
   -9.500000e+00  -2.000000e+01   6.500000e+01
   -4.666667e+00  -2.000000e+01   7.000000e+01
   -9.333333e+00  -2.000000e+01   7.000000e+01
   -4.583333e+00  -2.000000e+01   7.500000e+01
   -9.166667e+00  -2.000000e+01   7.500000e+01
   -4.500000e+00  -2.000000e+01   8.000000e+01
   -9.000000e+00  -2.000000e+01   8.000000e+01
   -4.416667e+00  -2.000000e+01   8.500000e+01
   -8.833333e+00  -2.000000e+01   8.500000e+01
   -4.333333e+00  -2.000000e+01   9.000000e+01
   -8.666667e+00  -2.000000e+01   9.000000e+01
   -4.250000e+00  -2.000000e+01   9.500000e+01
   -8.500000e+00  -2.000000e+01   9.500000e+01
   -4.166667e+00  -2.000000e+01   1.000000e+02
   -8.333333e+00  -2.000000e+01   1.000000e+02
   -4.083333e+00  -2.000000e+01   1.050000e+02
   -8.166667e+00  -2.000000e+01   1.050000e+02
   -4.000000e+00  -2.000000e+01   1.100000e+02
   -8.000000e+00  -2.000000e+01   1.100000e+02
   -3.916667e+00  -2.000000e+01   1.150000e+02
   -7.833333e+00  -2.000000e+01   1.150000e+02
   -3.833333e+00  -2.000000e+01   1.200000e+02
   -7.666667e+00  -2.000000e+01   1.200000e+02
   -3.750000e+00  -2.000000e+01   1.250000e+02
   -7.500000e+00  -2.000000e+01   1.250000e+02
   -3.666667e+00  -2.000000e+01   1.300000e+02
   -7.333333e+00  -2.000000e+01   1.300000e+02
   -3.583333e+00  -2.000000e+01   1.350000e+02
   -7.166667e+00  -2.000000e+01   1.350000e+02
   -3.500000e+00  -2.000000e+01   1.400000e+02
   -7.000000e+00  -2.000000e+01   1.400000e+02
   -3.416667e+00  -2.000000e+01   1.450000e+02
   -6.833333e+00  -2.000000e+01   1.450000e+02
    0.000000e+00  -1.500000e+01  -4.500000e+01
    0.000000e+00  -1.500000e+01  -4.000000e+01
    0.000000e+00  -1.500000e+01  -3.500000e+01
    0.000000e+00  -1.500000e+01  -3.000000e+01
    0.000000e+00  -1.500000e+01  -2.500000e+01
    0.000000e+00  -1.500000e+01  -2.000000e+01
    0.000000e+00  -1.500000e+01  -1.500000e+01
    0.000000e+00  -1.500000e+01  -1.000000e+01
    0.000000e+00  -1.500000e+01  -5.000000e+00
    0.000000e+00  -1.500000e+01   0.000000e+00
    0.000000e+00  -1.500000e+01   5.000000e+00
    0.000000e+00  -1.500000e+01   1.000000e+01
    0.000000e+00  -1.500000e+01   1.500000e+01
    0.000000e+00  -1.500000e+01   2.000000e+01
    0.000000e+00  -1.500000e+01   2.500000e+01
    0.000000e+00  -1.500000e+01   3.000000e+01
    0.000000e+00  -1.500000e+01   3.500000e+01
    0.000000e+00  -1.500000e+01   4.000000e+01
    0.000000e+00  -1.500000e+01   4.500000e+01
    0.000000e+00  -1.500000e+01   5.000000e+01
    0.000000e+00  -1.500000e+01   5.500000e+01
    0.000000e+00  -1.500000e+01   6.000000e+01
    0.000000e+00  -1.500000e+01   6.500000e+01
    0.000000e+00  -1.500000e+01   7.000000e+01
    0.000000e+00  -1.500000e+01   7.500000e+01
    0.000000e+00  -1.500000e+01   8.000000e+01
    0.000000e+00  -1.500000e+01   8.500000e+01
    0.000000e+00  -1.500000e+01   9.000000e+01
    0.000000e+00  -1.500000e+01   9.500000e+01
    0.000000e+00  -1.500000e+01   1.000000e+02
    0.000000e+00  -1.500000e+01   1.050000e+02
    0.000000e+00  -1.500000e+01   1.100000e+02
    0.000000e+00  -1.500000e+01   1.150000e+02
    0.000000e+00  -1.500000e+01   1.200000e+02
    0.000000e+00  -1.500000e+01   1.250000e+02
    0.000000e+00  -1.500000e+01   1.300000e+02
    0.000000e+00  -1.500000e+01   1.350000e+02
    0.000000e+00  -1.500000e+01   1.400000e+02
    0.000000e+00  -1.500000e+01   1.450000e+02
   -1.975000e+01  -1.500000e+01  -4.500000e+01
   -1.950000e+01  -1.500000e+01  -4.000000e+01
   -1.925000e+01  -1.500000e+01  -3.500000e+01
   -1.900000e+01  -1.500000e+01  -3.000000e+01
   -1.875000e+01  -1.500000e+01  -2.500000e+01
   -1.850000e+01  -1.500000e+01  -2.000000e+01
   -1.825000e+01  -1.500000e+01  -1.500000e+01
   -1.800000e+01  -1.500000e+01  -1.000000e+01
   -1.775000e+01  -1.500000e+01  -5.000000e+00
   -1.750000e+01  -1.500000e+01   0.000000e+00
   -1.725000e+01  -1.500000e+01   5.000000e+00
   -1.700000e+01  -1.500000e+01   1.000000e+01
   -1.675000e+01  -1.500000e+01   1.500000e+01
   -1.650000e+01  -1.500000e+01   2.000000e+01
   -1.625000e+01  -1.500000e+01   2.500000e+01
   -1.600000e+01  -1.500000e+01   3.000000e+01
   -1.575000e+01  -1.500000e+01   3.500000e+01
   -1.550000e+01  -1.500000e+01   4.000000e+01
   -1.525000e+01  -1.500000e+01   4.500000e+01
   -1.500000e+01  -1.500000e+01   5.000000e+01
   -1.475000e+01  -1.500000e+01   5.500000e+01
   -1.450000e+01  -1.500000e+01   6.000000e+01
   -1.425000e+01  -1.500000e+01   6.500000e+01
   -1.400000e+01  -1.500000e+01   7.000000e+01
   -1.375000e+01  -1.500000e+01   7.500000e+01
   -1.350000e+01  -1.500000e+01   8.000000e+01
   -1.325000e+01  -1.500000e+01   8.500000e+01
   -1.300000e+01  -1.500000e+01   9.000000e+01
   -1.275000e+01  -1.500000e+01   9.500000e+01
   -1.250000e+01  -1.500000e+01   1.000000e+02
   -1.225000e+01  -1.500000e+01   1.050000e+02
   -1.200000e+01  -1.500000e+01   1.100000e+02
   -1.175000e+01  -1.500000e+01   1.150000e+02
   -1.150000e+01  -1.500000e+01   1.200000e+02
   -1.125000e+01  -1.500000e+01   1.250000e+02
   -1.100000e+01  -1.500000e+01   1.300000e+02
   -1.075000e+01  -1.500000e+01   1.350000e+02
   -1.050000e+01  -1.500000e+01   1.400000e+02
   -1.025000e+01  -1.500000e+01   1.450000e+02
    6.666667e+00  -1.500000e+01  -5.000000e+01
    1.333333e+01  -1.500000e+01  -5.000000e+01
    3.333333e+00  -1.500000e+01   1.500000e+02
    6.666667e+00  -1.500000e+01   1.500000e+02
    6.583333e+00  -2.000000e+01  -4.500000e+01
    1.316667e+01  -2.000000e+01  -4.500000e+01
    6.500000e+00  -2.000000e+01  -4.000000e+01
    1.300000e+01  -2.000000e+01  -4.000000e+01
    6.416667e+00  -2.000000e+01  -3.500000e+01
    1.283333e+01  -2.000000e+01  -3.500000e+01
    6.333333e+00  -2.000000e+01  -3.000000e+01
    1.266667e+01  -2.000000e+01  -3.000000e+01
    6.250000e+00  -2.000000e+01  -2.500000e+01
    1.250000e+01  -2.000000e+01  -2.500000e+01
    6.166667e+00  -2.000000e+01  -2.000000e+01
    1.233333e+01  -2.000000e+01  -2.000000e+01
    6.083333e+00  -2.000000e+01  -1.500000e+01
    1.216667e+01  -2.000000e+01  -1.500000e+01
    6.000000e+00  -2.000000e+01  -1.000000e+01
    1.200000e+01  -2.000000e+01  -1.000000e+01
    5.916667e+00  -2.000000e+01  -5.000000e+00
    1.183333e+01  -2.000000e+01  -5.000000e+00
    5.833333e+00  -2.000000e+01   0.000000e+00
    1.166667e+01  -2.000000e+01   0.000000e+00
    5.750000e+00  -2.000000e+01   5.000000e+00
    1.150000e+01  -2.000000e+01   5.000000e+00
    5.666667e+00  -2.000000e+01   1.000000e+01
    1.133333e+01  -2.000000e+01   1.000000e+01
    5.583333e+00  -2.000000e+01   1.500000e+01
    1.116667e+01  -2.000000e+01   1.500000e+01
    5.500000e+00  -2.000000e+01   2.000000e+01
    1.100000e+01  -2.000000e+01   2.000000e+01
    5.416667e+00  -2.000000e+01   2.500000e+01
    1.083333e+01  -2.000000e+01   2.500000e+01
    5.333333e+00  -2.000000e+01   3.000000e+01
    1.066667e+01  -2.000000e+01   3.000000e+01
    5.250000e+00  -2.000000e+01   3.500000e+01
    1.050000e+01  -2.000000e+01   3.500000e+01
    5.166667e+00  -2.000000e+01   4.000000e+01
    1.033333e+01  -2.000000e+01   4.000000e+01
    5.083333e+00  -2.000000e+01   4.500000e+01
    1.016667e+01  -2.000000e+01   4.500000e+01
    5.000000e+00  -2.000000e+01   5.000000e+01
    1.000000e+01  -2.000000e+01   5.000000e+01
    4.916667e+00  -2.000000e+01   5.500000e+01
    9.833333e+00  -2.000000e+01   5.500000e+01
    4.833333e+00  -2.000000e+01   6.000000e+01
    9.666667e+00  -2.000000e+01   6.000000e+01
    4.750000e+00  -2.000000e+01   6.500000e+01
    9.500000e+00  -2.000000e+01   6.500000e+01
    4.666667e+00  -2.000000e+01   7.000000e+01
    9.333333e+00  -2.000000e+01   7.000000e+01
    4.583333e+00  -2.000000e+01   7.500000e+01
    9.166667e+00  -2.000000e+01   7.500000e+01
    4.500000e+00  -2.000000e+01   8.000000e+01
    9.000000e+00  -2.000000e+01   8.000000e+01
    4.416667e+00  -2.000000e+01   8.500000e+01
    8.833333e+00  -2.000000e+01   8.500000e+01
    4.333333e+00  -2.000000e+01   9.000000e+01
    8.666667e+00  -2.000000e+01   9.000000e+01
    4.250000e+00  -2.000000e+01   9.500000e+01
    8.500000e+00  -2.000000e+01   9.500000e+01
    4.166667e+00  -2.000000e+01   1.000000e+02
    8.333333e+00  -2.000000e+01   1.000000e+02
    4.083333e+00  -2.000000e+01   1.050000e+02
    8.166667e+00  -2.000000e+01   1.050000e+02
    4.000000e+00  -2.000000e+01   1.100000e+02
    8.000000e+00  -2.000000e+01   1.100000e+02
    3.916667e+00  -2.000000e+01   1.150000e+02
    7.833333e+00  -2.000000e+01   1.150000e+02
    3.833333e+00  -2.000000e+01   1.200000e+02
    7.666667e+00  -2.000000e+01   1.200000e+02
    3.750000e+00  -2.000000e+01   1.250000e+02
    7.500000e+00  -2.000000e+01   1.250000e+02
    3.666667e+00  -2.000000e+01   1.300000e+02
    7.333333e+00  -2.000000e+01   1.300000e+02
    3.583333e+00  -2.000000e+01   1.350000e+02
    7.166667e+00  -2.000000e+01   1.350000e+02
    3.500000e+00  -2.000000e+01   1.400000e+02
    7.000000e+00  -2.000000e+01   1.400000e+02
    3.416667e+00  -2.000000e+01   1.450000e+02
    6.833333e+00  -2.000000e+01   1.450000e+02
    6.583333e+00  -1.000000e+01  -4.500000e+01
    1.316667e+01  -1.000000e+01  -4.500000e+01
    6.500000e+00  -1.000000e+01  -4.000000e+01
    1.300000e+01  -1.000000e+01  -4.000000e+01
    6.416667e+00  -1.000000e+01  -3.500000e+01
    1.283333e+01  -1.000000e+01  -3.500000e+01
    6.333333e+00  -1.000000e+01  -3.000000e+01
    1.266667e+01  -1.000000e+01  -3.000000e+01
    6.250000e+00  -1.000000e+01  -2.500000e+01
    1.250000e+01  -1.000000e+01  -2.500000e+01
    6.166667e+00  -1.000000e+01  -2.000000e+01
    1.233333e+01  -1.000000e+01  -2.000000e+01
    6.083333e+00  -1.000000e+01  -1.500000e+01
    1.216667e+01  -1.000000e+01  -1.500000e+01
    6.000000e+00  -1.000000e+01  -1.000000e+01
    1.200000e+01  -1.000000e+01  -1.000000e+01
    5.916667e+00  -1.000000e+01  -5.000000e+00
    1.183333e+01  -1.000000e+01  -5.000000e+00
    5.833333e+00  -1.000000e+01   0.000000e+00
    1.166667e+01  -1.000000e+01   0.000000e+00
    5.750000e+00  -1.000000e+01   5.000000e+00
    1.150000e+01  -1.000000e+01   5.000000e+00
    5.666667e+00  -1.000000e+01   1.000000e+01
    1.133333e+01  -1.000000e+01   1.000000e+01
    5.583333e+00  -1.000000e+01   1.500000e+01
    1.116667e+01  -1.000000e+01   1.500000e+01
    5.500000e+00  -1.000000e+01   2.000000e+01
    1.100000e+01  -1.000000e+01   2.000000e+01
    5.416667e+00  -1.000000e+01   2.500000e+01
    1.083333e+01  -1.000000e+01   2.500000e+01
    5.333333e+00  -1.000000e+01   3.000000e+01
    1.066667e+01  -1.000000e+01   3.000000e+01
    5.250000e+00  -1.000000e+01   3.500000e+01
    1.050000e+01  -1.000000e+01   3.500000e+01
    5.166667e+00  -1.000000e+01   4.000000e+01
    1.033333e+01  -1.000000e+01   4.000000e+01
    5.083333e+00  -1.000000e+01   4.500000e+01
    1.016667e+01  -1.000000e+01   4.500000e+01
    5.000000e+00  -1.000000e+01   5.000000e+01
    1.000000e+01  -1.000000e+01   5.000000e+01
    4.916667e+00  -1.000000e+01   5.500000e+01
    9.833333e+00  -1.000000e+01   5.500000e+01
    4.833333e+00  -1.000000e+01   6.000000e+01
    9.666667e+00  -1.000000e+01   6.000000e+01
    4.750000e+00  -1.000000e+01   6.500000e+01
    9.500000e+00  -1.000000e+01   6.500000e+01
    4.666667e+00  -1.000000e+01   7.000000e+01
    9.333333e+00  -1.000000e+01   7.000000e+01
    4.583333e+00  -1.000000e+01   7.500000e+01
    9.166667e+00  -1.000000e+01   7.500000e+01
    4.500000e+00  -1.000000e+01   8.000000e+01
    9.000000e+00  -1.000000e+01   8.000000e+01
    4.416667e+00  -1.000000e+01   8.500000e+01
    8.833333e+00  -1.000000e+01   8.500000e+01
    4.333333e+00  -1.000000e+01   9.000000e+01
    8.666667e+00  -1.000000e+01   9.000000e+01
    4.250000e+00  -1.000000e+01   9.500000e+01
    8.500000e+00  -1.000000e+01   9.500000e+01
    4.166667e+00  -1.000000e+01   1.000000e+02
    8.333333e+00  -1.000000e+01   1.000000e+02
    4.083333e+00  -1.000000e+01   1.050000e+02
    8.166667e+00  -1.000000e+01   1.050000e+02
    4.000000e+00  -1.000000e+01   1.100000e+02
    8.000000e+00  -1.000000e+01   1.100000e+02
    3.916667e+00  -1.000000e+01   1.150000e+02
    7.833333e+00  -1.000000e+01   1.150000e+02
    3.833333e+00  -1.000000e+01   1.200000e+02
    7.666667e+00  -1.000000e+01   1.200000e+02
    3.750000e+00  -1.000000e+01   1.250000e+02
    7.500000e+00  -1.000000e+01   1.250000e+02
    3.666667e+00  -1.000000e+01   1.300000e+02
    7.333333e+00  -1.000000e+01   1.300000e+02
    3.583333e+00  -1.000000e+01   1.350000e+02
    7.166667e+00  -1.000000e+01   1.350000e+02
    3.500000e+00  -1.000000e+01   1.400000e+02
    7.000000e+00  -1.000000e+01   1.400000e+02
    3.416667e+00  -1.000000e+01   1.450000e+02
    6.833333e+00  -1.000000e+01   1.450000e+02
    1.975000e+01  -1.500000e+01  -4.500000e+01
    1.950000e+01  -1.500000e+01  -4.000000e+01
    1.925000e+01  -1.500000e+01  -3.500000e+01
    1.900000e+01  -1.500000e+01  -3.000000e+01
    1.875000e+01  -1.500000e+01  -2.500000e+01
    1.850000e+01  -1.500000e+01  -2.000000e+01
    1.825000e+01  -1.500000e+01  -1.500000e+01
    1.800000e+01  -1.500000e+01  -1.000000e+01
    1.775000e+01  -1.500000e+01  -5.000000e+00
    1.750000e+01  -1.500000e+01   0.000000e+00
    1.725000e+01  -1.500000e+01   5.000000e+00
    1.700000e+01  -1.500000e+01   1.000000e+01
    1.675000e+01  -1.500000e+01   1.500000e+01
    1.650000e+01  -1.500000e+01   2.000000e+01
    1.625000e+01  -1.500000e+01   2.500000e+01
    1.600000e+01  -1.500000e+01   3.000000e+01
    1.575000e+01  -1.500000e+01   3.500000e+01
    1.550000e+01  -1.500000e+01   4.000000e+01
    1.525000e+01  -1.500000e+01   4.500000e+01
    1.500000e+01  -1.500000e+01   5.000000e+01
    1.475000e+01  -1.500000e+01   5.500000e+01
    1.450000e+01  -1.500000e+01   6.000000e+01
    1.425000e+01  -1.500000e+01   6.500000e+01
    1.400000e+01  -1.500000e+01   7.000000e+01
    1.375000e+01  -1.500000e+01   7.500000e+01
    1.350000e+01  -1.500000e+01   8.000000e+01
    1.325000e+01  -1.500000e+01   8.500000e+01
    1.300000e+01  -1.500000e+01   9.000000e+01
    1.275000e+01  -1.500000e+01   9.500000e+01
    1.250000e+01  -1.500000e+01   1.000000e+02
    1.225000e+01  -1.500000e+01   1.050000e+02
    1.200000e+01  -1.500000e+01   1.100000e+02
    1.175000e+01  -1.500000e+01   1.150000e+02
    1.150000e+01  -1.500000e+01   1.200000e+02
    1.125000e+01  -1.500000e+01   1.250000e+02
    1.100000e+01  -1.500000e+01   1.300000e+02
    1.075000e+01  -1.500000e+01   1.350000e+02
    1.050000e+01  -1.500000e+01   1.400000e+02
    1.025000e+01  -1.500000e+01   1.450000e+02
   -6.583333e+00  -1.500000e+01  -4.500000e+01
   -1.316667e+01  -1.500000e+01  -4.500000e+01
   -6.500000e+00  -1.500000e+01  -4.000000e+01
   -1.300000e+01  -1.500000e+01  -4.000000e+01
   -6.416667e+00  -1.500000e+01  -3.500000e+01
   -1.283333e+01  -1.500000e+01  -3.500000e+01
   -6.333333e+00  -1.500000e+01  -3.000000e+01
   -1.266667e+01  -1.500000e+01  -3.000000e+01
   -6.250000e+00  -1.500000e+01  -2.500000e+01
   -1.250000e+01  -1.500000e+01  -2.500000e+01
   -6.166667e+00  -1.500000e+01  -2.000000e+01
   -1.233333e+01  -1.500000e+01  -2.000000e+01
   -6.083333e+00  -1.500000e+01  -1.500000e+01
   -1.216667e+01  -1.500000e+01  -1.500000e+01
   -6.000000e+00  -1.500000e+01  -1.000000e+01
   -1.200000e+01  -1.500000e+01  -1.000000e+01
   -5.916667e+00  -1.500000e+01  -5.000000e+00
   -1.183333e+01  -1.500000e+01  -5.000000e+00
   -5.833333e+00  -1.500000e+01   0.000000e+00
   -1.166667e+01  -1.500000e+01   0.000000e+00
   -5.750000e+00  -1.500000e+01   5.000000e+00
   -1.150000e+01  -1.500000e+01   5.000000e+00
   -5.666667e+00  -1.500000e+01   1.000000e+01
   -1.133333e+01  -1.500000e+01   1.000000e+01
   -5.583333e+00  -1.500000e+01   1.500000e+01
   -1.116667e+01  -1.500000e+01   1.500000e+01
   -5.500000e+00  -1.500000e+01   2.000000e+01
   -1.100000e+01  -1.500000e+01   2.000000e+01
   -5.416667e+00  -1.500000e+01   2.500000e+01
   -1.083333e+01  -1.500000e+01   2.500000e+01
   -5.333333e+00  -1.500000e+01   3.000000e+01
   -1.066667e+01  -1.500000e+01   3.000000e+01
   -5.250000e+00  -1.500000e+01   3.500000e+01
   -1.050000e+01  -1.500000e+01   3.500000e+01
   -5.166667e+00  -1.500000e+01   4.000000e+01
   -1.033333e+01  -1.500000e+01   4.000000e+01
   -5.083333e+00  -1.500000e+01   4.500000e+01
   -1.016667e+01  -1.500000e+01   4.500000e+01
   -5.000000e+00  -1.500000e+01   5.000000e+01
   -1.000000e+01  -1.500000e+01   5.000000e+01
   -4.916667e+00  -1.500000e+01   5.500000e+01
   -9.833333e+00  -1.500000e+01   5.500000e+01
   -4.833333e+00  -1.500000e+01   6.000000e+01
   -9.666667e+00  -1.500000e+01   6.000000e+01
   -4.750000e+00  -1.500000e+01   6.500000e+01
   -9.500000e+00  -1.500000e+01   6.500000e+01
   -4.666667e+00  -1.500000e+01   7.000000e+01
   -9.333333e+00  -1.500000e+01   7.000000e+01
   -4.583333e+00  -1.500000e+01   7.500000e+01
   -9.166667e+00  -1.500000e+01   7.500000e+01
   -4.500000e+00  -1.500000e+01   8.000000e+01
   -9.000000e+00  -1.500000e+01   8.000000e+01
   -4.416667e+00  -1.500000e+01   8.500000e+01
   -8.833333e+00  -1.500000e+01   8.500000e+01
   -4.333333e+00  -1.500000e+01   9.000000e+01
   -8.666667e+00  -1.500000e+01   9.000000e+01
   -4.250000e+00  -1.500000e+01   9.500000e+01
   -8.500000e+00  -1.500000e+01   9.500000e+01
   -4.166667e+00  -1.500000e+01   1.000000e+02
   -8.333333e+00  -1.500000e+01   1.000000e+02
   -4.083333e+00  -1.500000e+01   1.050000e+02
   -8.166667e+00  -1.500000e+01   1.050000e+02
   -4.000000e+00  -1.500000e+01   1.100000e+02
   -8.000000e+00  -1.500000e+01   1.100000e+02
   -3.916667e+00  -1.500000e+01   1.150000e+02
   -7.833333e+00  -1.500000e+01   1.150000e+02
   -3.833333e+00  -1.500000e+01   1.200000e+02
   -7.666667e+00  -1.500000e+01   1.200000e+02
   -3.750000e+00  -1.500000e+01   1.250000e+02
   -7.500000e+00  -1.500000e+01   1.250000e+02
   -3.666667e+00  -1.500000e+01   1.300000e+02
   -7.333333e+00  -1.500000e+01   1.300000e+02
   -3.583333e+00  -1.500000e+01   1.350000e+02
   -7.166667e+00  -1.500000e+01   1.350000e+02
   -3.500000e+00  -1.500000e+01   1.400000e+02
   -7.000000e+00  -1.500000e+01   1.400000e+02
   -3.416667e+00  -1.500000e+01   1.450000e+02
   -6.833333e+00  -1.500000e+01   1.450000e+02
    6.583333e+00  -1.500000e+01  -4.500000e+01
    1.316667e+01  -1.500000e+01  -4.500000e+01
    6.500000e+00  -1.500000e+01  -4.000000e+01
    1.300000e+01  -1.500000e+01  -4.000000e+01
    6.416667e+00  -1.500000e+01  -3.500000e+01
    1.283333e+01  -1.500000e+01  -3.500000e+01
    6.333333e+00  -1.500000e+01  -3.000000e+01
    1.266667e+01  -1.500000e+01  -3.000000e+01
    6.250000e+00  -1.500000e+01  -2.500000e+01
    1.250000e+01  -1.500000e+01  -2.500000e+01
    6.166667e+00  -1.500000e+01  -2.000000e+01
    1.233333e+01  -1.500000e+01  -2.000000e+01
    6.083333e+00  -1.500000e+01  -1.500000e+01
    1.216667e+01  -1.500000e+01  -1.500000e+01
    6.000000e+00  -1.500000e+01  -1.000000e+01
    1.200000e+01  -1.500000e+01  -1.000000e+01
    5.916667e+00  -1.500000e+01  -5.000000e+00
    1.183333e+01  -1.500000e+01  -5.000000e+00
    5.833333e+00  -1.500000e+01   0.000000e+00
    1.166667e+01  -1.500000e+01   0.000000e+00
    5.750000e+00  -1.500000e+01   5.000000e+00
    1.150000e+01  -1.500000e+01   5.000000e+00
    5.666667e+00  -1.500000e+01   1.000000e+01
    1.133333e+01  -1.500000e+01   1.000000e+01
    5.583333e+00  -1.500000e+01   1.500000e+01
    1.116667e+01  -1.500000e+01   1.500000e+01
    5.500000e+00  -1.500000e+01   2.000000e+01
    1.100000e+01  -1.500000e+01   2.000000e+01
    5.416667e+00  -1.500000e+01   2.500000e+01
    1.083333e+01  -1.500000e+01   2.500000e+01
    5.333333e+00  -1.500000e+01   3.000000e+01
    1.066667e+01  -1.500000e+01   3.000000e+01
    5.250000e+00  -1.500000e+01   3.500000e+01
    1.050000e+01  -1.500000e+01   3.500000e+01
    5.166667e+00  -1.500000e+01   4.000000e+01
    1.033333e+01  -1.500000e+01   4.000000e+01
    5.083333e+00  -1.500000e+01   4.500000e+01
    1.016667e+01  -1.500000e+01   4.500000e+01
    5.000000e+00  -1.500000e+01   5.000000e+01
    1.000000e+01  -1.500000e+01   5.000000e+01
    4.916667e+00  -1.500000e+01   5.500000e+01
    9.833333e+00  -1.500000e+01   5.500000e+01
    4.833333e+00  -1.500000e+01   6.000000e+01
    9.666667e+00  -1.500000e+01   6.000000e+01
    4.750000e+00  -1.500000e+01   6.500000e+01
    9.500000e+00  -1.500000e+01   6.500000e+01
    4.666667e+00  -1.500000e+01   7.000000e+01
    9.333333e+00  -1.500000e+01   7.000000e+01
    4.583333e+00  -1.500000e+01   7.500000e+01
    9.166667e+00  -1.500000e+01   7.500000e+01
    4.500000e+00  -1.500000e+01   8.000000e+01
    9.000000e+00  -1.500000e+01   8.000000e+01
    4.416667e+00  -1.500000e+01   8.500000e+01
    8.833333e+00  -1.500000e+01   8.500000e+01
    4.333333e+00  -1.500000e+01   9.000000e+01
    8.666667e+00  -1.500000e+01   9.000000e+01
    4.250000e+00  -1.500000e+01   9.500000e+01
    8.500000e+00  -1.500000e+01   9.500000e+01
    4.166667e+00  -1.500000e+01   1.000000e+02
    8.333333e+00  -1.500000e+01   1.000000e+02
    4.083333e+00  -1.500000e+01   1.050000e+02
    8.166667e+00  -1.500000e+01   1.050000e+02
    4.000000e+00  -1.500000e+01   1.100000e+02
    8.000000e+00  -1.500000e+01   1.100000e+02
    3.916667e+00  -1.500000e+01   1.150000e+02
    7.833333e+00  -1.500000e+01   1.150000e+02
    3.833333e+00  -1.500000e+01   1.200000e+02
    7.666667e+00  -1.500000e+01   1.200000e+02
    3.750000e+00  -1.500000e+01   1.250000e+02
    7.500000e+00  -1.500000e+01   1.250000e+02
    3.666667e+00  -1.500000e+01   1.300000e+02
    7.333333e+00  -1.500000e+01   1.300000e+02
    3.583333e+00  -1.500000e+01   1.350000e+02
    7.166667e+00  -1.500000e+01   1.350000e+02
    3.500000e+00  -1.500000e+01   1.400000e+02
    7.000000e+00  -1.500000e+01   1.400000e+02
    3.416667e+00  -1.500000e+01   1.450000e+02
    6.833333e+00  -1.500000e+01   1.450000e+02
    0.000000e+00   2.000000e+01  -5.000000e+01
    0.000000e+00   1.000000e+01  -5.000000e+01
   -2.000000e+01   1.000000e+01  -5.000000e+01
   -2.000000e+01   2.000000e+01  -5.000000e+01
    0.000000e+00   1.000000e+01   1.500000e+02
   -1.000000e+01   1.000000e+01   1.500000e+02
   -1.000000e+01   2.000000e+01   1.500000e+02
    0.000000e+00   2.000000e+01   1.500000e+02
    2.000000e+01   2.000000e+01  -5.000000e+01
    2.000000e+01   1.000000e+01  -5.000000e+01
    1.000000e+01   2.000000e+01   1.500000e+02
    1.000000e+01   1.000000e+01   1.500000e+02
    0.000000e+00   1.500000e+01  -5.000000e+01
   -6.666667e+00   1.000000e+01  -5.000000e+01
   -1.333333e+01   1.000000e+01  -5.000000e+01
   -2.000000e+01   1.500000e+01  -5.000000e+01
   -1.333333e+01   2.000000e+01  -5.000000e+01
   -6.666667e+00   2.000000e+01  -5.000000e+01
    0.000000e+00   1.500000e+01   1.500000e+02
   -6.666667e+00   1.000000e+01   1.500000e+02
   -3.333333e+00   1.000000e+01   1.500000e+02
   -1.000000e+01   1.500000e+01   1.500000e+02
   -3.333333e+00   2.000000e+01   1.500000e+02
   -6.666667e+00   2.000000e+01   1.500000e+02
   -1.975000e+01   2.000000e+01  -4.500000e+01
   -1.950000e+01   2.000000e+01  -4.000000e+01
   -1.925000e+01   2.000000e+01  -3.500000e+01
   -1.900000e+01   2.000000e+01  -3.000000e+01
   -1.875000e+01   2.000000e+01  -2.500000e+01
   -1.850000e+01   2.000000e+01  -2.000000e+01
   -1.825000e+01   2.000000e+01  -1.500000e+01
   -1.800000e+01   2.000000e+01  -1.000000e+01
   -1.775000e+01   2.000000e+01  -5.000000e+00
   -1.750000e+01   2.000000e+01   0.000000e+00
   -1.725000e+01   2.000000e+01   5.000000e+00
   -1.700000e+01   2.000000e+01   1.000000e+01
   -1.675000e+01   2.000000e+01   1.500000e+01
   -1.650000e+01   2.000000e+01   2.000000e+01
   -1.625000e+01   2.000000e+01   2.500000e+01
   -1.600000e+01   2.000000e+01   3.000000e+01
   -1.575000e+01   2.000000e+01   3.500000e+01
   -1.550000e+01   2.000000e+01   4.000000e+01
   -1.525000e+01   2.000000e+01   4.500000e+01
   -1.500000e+01   2.000000e+01   5.000000e+01
   -1.475000e+01   2.000000e+01   5.500000e+01
   -1.450000e+01   2.000000e+01   6.000000e+01
   -1.425000e+01   2.000000e+01   6.500000e+01
   -1.400000e+01   2.000000e+01   7.000000e+01
   -1.375000e+01   2.000000e+01   7.500000e+01
   -1.350000e+01   2.000000e+01   8.000000e+01
   -1.325000e+01   2.000000e+01   8.500000e+01
   -1.300000e+01   2.000000e+01   9.000000e+01
   -1.275000e+01   2.000000e+01   9.500000e+01
   -1.250000e+01   2.000000e+01   1.000000e+02
   -1.225000e+01   2.000000e+01   1.050000e+02
   -1.200000e+01   2.000000e+01   1.100000e+02
   -1.175000e+01   2.000000e+01   1.150000e+02
   -1.150000e+01   2.000000e+01   1.200000e+02
   -1.125000e+01   2.000000e+01   1.250000e+02
   -1.100000e+01   2.000000e+01   1.300000e+02
   -1.075000e+01   2.000000e+01   1.350000e+02
   -1.050000e+01   2.000000e+01   1.400000e+02
   -1.025000e+01   2.000000e+01   1.450000e+02
    0.000000e+00   2.000000e+01   1.450000e+02
    0.000000e+00   2.000000e+01   1.400000e+02
    0.000000e+00   2.000000e+01   1.350000e+02
    0.000000e+00   2.000000e+01   1.300000e+02
    0.000000e+00   2.000000e+01   1.250000e+02
    0.000000e+00   2.000000e+01   1.200000e+02
    0.000000e+00   2.000000e+01   1.150000e+02
    0.000000e+00   2.000000e+01   1.100000e+02
    0.000000e+00   2.000000e+01   1.050000e+02
    0.000000e+00   2.000000e+01   1.000000e+02
    0.000000e+00   2.000000e+01   9.500000e+01
    0.000000e+00   2.000000e+01   9.000000e+01
    0.000000e+00   2.000000e+01   8.500000e+01
    0.000000e+00   2.000000e+01   8.000000e+01
    0.000000e+00   2.000000e+01   7.500000e+01
    0.000000e+00   2.000000e+01   7.000000e+01
    0.000000e+00   2.000000e+01   6.500000e+01
    0.000000e+00   2.000000e+01   6.000000e+01
    0.000000e+00   2.000000e+01   5.500000e+01
    0.000000e+00   2.000000e+01   5.000000e+01
    0.000000e+00   2.000000e+01   4.500000e+01
    0.000000e+00   2.000000e+01   4.000000e+01
    0.000000e+00   2.000000e+01   3.500000e+01
    0.000000e+00   2.000000e+01   3.000000e+01
    0.000000e+00   2.000000e+01   2.500000e+01
    0.000000e+00   2.000000e+01   2.000000e+01
    0.000000e+00   2.000000e+01   1.500000e+01
    0.000000e+00   2.000000e+01   1.000000e+01
    0.000000e+00   2.000000e+01   5.000000e+00
    0.000000e+00   2.000000e+01   0.000000e+00
    0.000000e+00   2.000000e+01  -5.000000e+00
    0.000000e+00   2.000000e+01  -1.000000e+01
    0.000000e+00   2.000000e+01  -1.500000e+01
    0.000000e+00   2.000000e+01  -2.000000e+01
    0.000000e+00   2.000000e+01  -2.500000e+01
    0.000000e+00   2.000000e+01  -3.000000e+01
    0.000000e+00   2.000000e+01  -3.500000e+01
    0.000000e+00   2.000000e+01  -4.000000e+01
    0.000000e+00   2.000000e+01  -4.500000e+01
   -1.025000e+01   1.000000e+01   1.450000e+02
   -1.050000e+01   1.000000e+01   1.400000e+02
   -1.075000e+01   1.000000e+01   1.350000e+02
   -1.100000e+01   1.000000e+01   1.300000e+02
   -1.125000e+01   1.000000e+01   1.250000e+02
   -1.150000e+01   1.000000e+01   1.200000e+02
   -1.175000e+01   1.000000e+01   1.150000e+02
   -1.200000e+01   1.000000e+01   1.100000e+02
   -1.225000e+01   1.000000e+01   1.050000e+02
   -1.250000e+01   1.000000e+01   1.000000e+02
   -1.275000e+01   1.000000e+01   9.500000e+01
   -1.300000e+01   1.000000e+01   9.000000e+01
   -1.325000e+01   1.000000e+01   8.500000e+01
   -1.350000e+01   1.000000e+01   8.000000e+01
   -1.375000e+01   1.000000e+01   7.500000e+01
   -1.400000e+01   1.000000e+01   7.000000e+01
   -1.425000e+01   1.000000e+01   6.500000e+01
   -1.450000e+01   1.000000e+01   6.000000e+01
   -1.475000e+01   1.000000e+01   5.500000e+01
   -1.500000e+01   1.000000e+01   5.000000e+01
   -1.525000e+01   1.000000e+01   4.500000e+01
   -1.550000e+01   1.000000e+01   4.000000e+01
   -1.575000e+01   1.000000e+01   3.500000e+01
   -1.600000e+01   1.000000e+01   3.000000e+01
   -1.625000e+01   1.000000e+01   2.500000e+01
   -1.650000e+01   1.000000e+01   2.000000e+01
   -1.675000e+01   1.000000e+01   1.500000e+01
   -1.700000e+01   1.000000e+01   1.000000e+01
   -1.725000e+01   1.000000e+01   5.000000e+00
   -1.750000e+01   1.000000e+01   0.000000e+00
   -1.775000e+01   1.000000e+01  -5.000000e+00
   -1.800000e+01   1.000000e+01  -1.000000e+01
   -1.825000e+01   1.000000e+01  -1.500000e+01
   -1.850000e+01   1.000000e+01  -2.000000e+01
   -1.875000e+01   1.000000e+01  -2.500000e+01
   -1.900000e+01   1.000000e+01  -3.000000e+01
   -1.925000e+01   1.000000e+01  -3.500000e+01
   -1.950000e+01   1.000000e+01  -4.000000e+01
   -1.975000e+01   1.000000e+01  -4.500000e+01
    0.000000e+00   1.000000e+01  -4.500000e+01
    0.000000e+00   1.000000e+01  -4.000000e+01
    0.000000e+00   1.000000e+01  -3.500000e+01
    0.000000e+00   1.000000e+01  -3.000000e+01
    0.000000e+00   1.000000e+01  -2.500000e+01
    0.000000e+00   1.000000e+01  -2.000000e+01
    0.000000e+00   1.000000e+01  -1.500000e+01
    0.000000e+00   1.000000e+01  -1.000000e+01
    0.000000e+00   1.000000e+01  -5.000000e+00
    0.000000e+00   1.000000e+01   5.000000e+00
    0.000000e+00   1.000000e+01   1.000000e+01
    0.000000e+00   1.000000e+01   1.500000e+01
    0.000000e+00   1.000000e+01   2.000000e+01
    0.000000e+00   1.000000e+01   2.500000e+01
    0.000000e+00   1.000000e+01   3.000000e+01
    0.000000e+00   1.000000e+01   3.500000e+01
    0.000000e+00   1.000000e+01   4.000000e+01
    0.000000e+00   1.000000e+01   4.500000e+01
    0.000000e+00   1.000000e+01   5.000000e+01
    0.000000e+00   1.000000e+01   5.500000e+01
    0.000000e+00   1.000000e+01   6.000000e+01
    0.000000e+00   1.000000e+01   6.500000e+01
    0.000000e+00   1.000000e+01   7.000000e+01
    0.000000e+00   1.000000e+01   7.500000e+01
    0.000000e+00   1.000000e+01   8.000000e+01
    0.000000e+00   1.000000e+01   8.500000e+01
    0.000000e+00   1.000000e+01   9.000000e+01
    0.000000e+00   1.000000e+01   9.500000e+01
    0.000000e+00   1.000000e+01   1.000000e+02
    0.000000e+00   1.000000e+01   1.050000e+02
    0.000000e+00   1.000000e+01   1.100000e+02
    0.000000e+00   1.000000e+01   1.150000e+02
    0.000000e+00   1.000000e+01   1.200000e+02
    0.000000e+00   1.000000e+01   1.250000e+02
    0.000000e+00   1.000000e+01   1.300000e+02
    0.000000e+00   1.000000e+01   1.350000e+02
    0.000000e+00   1.000000e+01   1.400000e+02
    0.000000e+00   1.000000e+01   1.450000e+02
    6.666667e+00   2.000000e+01  -5.000000e+01
    1.333333e+01   2.000000e+01  -5.000000e+01
    2.000000e+01   1.500000e+01  -5.000000e+01
    1.333333e+01   1.000000e+01  -5.000000e+01
    6.666667e+00   1.000000e+01  -5.000000e+01
    6.666667e+00   2.000000e+01   1.500000e+02
    3.333333e+00   2.000000e+01   1.500000e+02
    1.000000e+01   1.500000e+01   1.500000e+02
    3.333333e+00   1.000000e+01   1.500000e+02
    6.666667e+00   1.000000e+01   1.500000e+02
    1.975000e+01   1.000000e+01  -4.500000e+01
    1.950000e+01   1.000000e+01  -4.000000e+01
    1.925000e+01   1.000000e+01  -3.500000e+01
    1.900000e+01   1.000000e+01  -3.000000e+01
    1.875000e+01   1.000000e+01  -2.500000e+01
    1.850000e+01   1.000000e+01  -2.000000e+01
    1.825000e+01   1.000000e+01  -1.500000e+01
    1.800000e+01   1.000000e+01  -1.000000e+01
    1.775000e+01   1.000000e+01  -5.000000e+00
    1.750000e+01   1.000000e+01   0.000000e+00
    1.725000e+01   1.000000e+01   5.000000e+00
    1.700000e+01   1.000000e+01   1.000000e+01
    1.675000e+01   1.000000e+01   1.500000e+01
    1.650000e+01   1.000000e+01   2.000000e+01
    1.625000e+01   1.000000e+01   2.500000e+01
    1.600000e+01   1.000000e+01   3.000000e+01
    1.575000e+01   1.000000e+01   3.500000e+01
    1.550000e+01   1.000000e+01   4.000000e+01
    1.525000e+01   1.000000e+01   4.500000e+01
    1.500000e+01   1.000000e+01   5.000000e+01
    1.475000e+01   1.000000e+01   5.500000e+01
    1.450000e+01   1.000000e+01   6.000000e+01
    1.425000e+01   1.000000e+01   6.500000e+01
    1.400000e+01   1.000000e+01   7.000000e+01
    1.375000e+01   1.000000e+01   7.500000e+01
    1.350000e+01   1.000000e+01   8.000000e+01
    1.325000e+01   1.000000e+01   8.500000e+01
    1.300000e+01   1.000000e+01   9.000000e+01
    1.275000e+01   1.000000e+01   9.500000e+01
    1.250000e+01   1.000000e+01   1.000000e+02
    1.225000e+01   1.000000e+01   1.050000e+02
    1.200000e+01   1.000000e+01   1.100000e+02
    1.175000e+01   1.000000e+01   1.150000e+02
    1.150000e+01   1.000000e+01   1.200000e+02
    1.125000e+01   1.000000e+01   1.250000e+02
    1.100000e+01   1.000000e+01   1.300000e+02
    1.075000e+01   1.000000e+01   1.350000e+02
    1.050000e+01   1.000000e+01   1.400000e+02
    1.025000e+01   1.000000e+01   1.450000e+02
    1.025000e+01   2.000000e+01   1.450000e+02
    1.050000e+01   2.000000e+01   1.400000e+02
    1.075000e+01   2.000000e+01   1.350000e+02
    1.100000e+01   2.000000e+01   1.300000e+02
    1.125000e+01   2.000000e+01   1.250000e+02
    1.150000e+01   2.000000e+01   1.200000e+02
    1.175000e+01   2.000000e+01   1.150000e+02
    1.200000e+01   2.000000e+01   1.100000e+02
    1.225000e+01   2.000000e+01   1.050000e+02
    1.250000e+01   2.000000e+01   1.000000e+02
    1.275000e+01   2.000000e+01   9.500000e+01
    1.300000e+01   2.000000e+01   9.000000e+01
    1.325000e+01   2.000000e+01   8.500000e+01
    1.350000e+01   2.000000e+01   8.000000e+01
    1.375000e+01   2.000000e+01   7.500000e+01
    1.400000e+01   2.000000e+01   7.000000e+01
    1.425000e+01   2.000000e+01   6.500000e+01
    1.450000e+01   2.000000e+01   6.000000e+01
    1.475000e+01   2.000000e+01   5.500000e+01
    1.500000e+01   2.000000e+01   5.000000e+01
    1.525000e+01   2.000000e+01   4.500000e+01
    1.550000e+01   2.000000e+01   4.000000e+01
    1.575000e+01   2.000000e+01   3.500000e+01
    1.600000e+01   2.000000e+01   3.000000e+01
    1.625000e+01   2.000000e+01   2.500000e+01
    1.650000e+01   2.000000e+01   2.000000e+01
    1.675000e+01   2.000000e+01   1.500000e+01
    1.700000e+01   2.000000e+01   1.000000e+01
    1.725000e+01   2.000000e+01   5.000000e+00
    1.750000e+01   2.000000e+01   0.000000e+00
    1.775000e+01   2.000000e+01  -5.000000e+00
    1.800000e+01   2.000000e+01  -1.000000e+01
    1.825000e+01   2.000000e+01  -1.500000e+01
    1.850000e+01   2.000000e+01  -2.000000e+01
    1.875000e+01   2.000000e+01  -2.500000e+01
    1.900000e+01   2.000000e+01  -3.000000e+01
    1.925000e+01   2.000000e+01  -3.500000e+01
    1.950000e+01   2.000000e+01  -4.000000e+01
    1.975000e+01   2.000000e+01  -4.500000e+01
   -6.666667e+00   1.500000e+01  -5.000000e+01
   -1.333333e+01   1.500000e+01  -5.000000e+01
   -3.333333e+00   1.500000e+01   1.500000e+02
   -6.666667e+00   1.500000e+01   1.500000e+02
   -6.583333e+00   2.000000e+01  -4.500000e+01
   -1.316667e+01   2.000000e+01  -4.500000e+01
   -6.500000e+00   2.000000e+01  -4.000000e+01
   -1.300000e+01   2.000000e+01  -4.000000e+01
   -6.416667e+00   2.000000e+01  -3.500000e+01
   -1.283333e+01   2.000000e+01  -3.500000e+01
   -6.333333e+00   2.000000e+01  -3.000000e+01
   -1.266667e+01   2.000000e+01  -3.000000e+01
   -6.250000e+00   2.000000e+01  -2.500000e+01
   -1.250000e+01   2.000000e+01  -2.500000e+01
   -6.166667e+00   2.000000e+01  -2.000000e+01
   -1.233333e+01   2.000000e+01  -2.000000e+01
   -6.083333e+00   2.000000e+01  -1.500000e+01
   -1.216667e+01   2.000000e+01  -1.500000e+01
   -6.000000e+00   2.000000e+01  -1.000000e+01
   -1.200000e+01   2.000000e+01  -1.000000e+01
   -5.916667e+00   2.000000e+01  -5.000000e+00
   -1.183333e+01   2.000000e+01  -5.000000e+00
   -5.833333e+00   2.000000e+01   0.000000e+00
   -1.166667e+01   2.000000e+01   0.000000e+00
   -5.750000e+00   2.000000e+01   5.000000e+00
   -1.150000e+01   2.000000e+01   5.000000e+00
   -5.666667e+00   2.000000e+01   1.000000e+01
   -1.133333e+01   2.000000e+01   1.000000e+01
   -5.583333e+00   2.000000e+01   1.500000e+01
   -1.116667e+01   2.000000e+01   1.500000e+01
   -5.500000e+00   2.000000e+01   2.000000e+01
   -1.100000e+01   2.000000e+01   2.000000e+01
   -5.416667e+00   2.000000e+01   2.500000e+01
   -1.083333e+01   2.000000e+01   2.500000e+01
   -5.333333e+00   2.000000e+01   3.000000e+01
   -1.066667e+01   2.000000e+01   3.000000e+01
   -5.250000e+00   2.000000e+01   3.500000e+01
   -1.050000e+01   2.000000e+01   3.500000e+01
   -5.166667e+00   2.000000e+01   4.000000e+01
   -1.033333e+01   2.000000e+01   4.000000e+01
   -5.083333e+00   2.000000e+01   4.500000e+01
   -1.016667e+01   2.000000e+01   4.500000e+01
   -5.000000e+00   2.000000e+01   5.000000e+01
   -1.000000e+01   2.000000e+01   5.000000e+01
   -4.916667e+00   2.000000e+01   5.500000e+01
   -9.833333e+00   2.000000e+01   5.500000e+01
   -4.833333e+00   2.000000e+01   6.000000e+01
   -9.666667e+00   2.000000e+01   6.000000e+01
   -4.750000e+00   2.000000e+01   6.500000e+01
   -9.500000e+00   2.000000e+01   6.500000e+01
   -4.666667e+00   2.000000e+01   7.000000e+01
   -9.333333e+00   2.000000e+01   7.000000e+01
   -4.583333e+00   2.000000e+01   7.500000e+01
   -9.166667e+00   2.000000e+01   7.500000e+01
   -4.500000e+00   2.000000e+01   8.000000e+01
   -9.000000e+00   2.000000e+01   8.000000e+01
   -4.416667e+00   2.000000e+01   8.500000e+01
   -8.833333e+00   2.000000e+01   8.500000e+01
   -4.333333e+00   2.000000e+01   9.000000e+01
   -8.666667e+00   2.000000e+01   9.000000e+01
   -4.250000e+00   2.000000e+01   9.500000e+01
   -8.500000e+00   2.000000e+01   9.500000e+01
   -4.166667e+00   2.000000e+01   1.000000e+02
   -8.333333e+00   2.000000e+01   1.000000e+02
   -4.083333e+00   2.000000e+01   1.050000e+02
   -8.166667e+00   2.000000e+01   1.050000e+02
   -4.000000e+00   2.000000e+01   1.100000e+02
   -8.000000e+00   2.000000e+01   1.100000e+02
   -3.916667e+00   2.000000e+01   1.150000e+02
   -7.833333e+00   2.000000e+01   1.150000e+02
   -3.833333e+00   2.000000e+01   1.200000e+02
   -7.666667e+00   2.000000e+01   1.200000e+02
   -3.750000e+00   2.000000e+01   1.250000e+02
   -7.500000e+00   2.000000e+01   1.250000e+02
   -3.666667e+00   2.000000e+01   1.300000e+02
   -7.333333e+00   2.000000e+01   1.300000e+02
   -3.583333e+00   2.000000e+01   1.350000e+02
   -7.166667e+00   2.000000e+01   1.350000e+02
   -3.500000e+00   2.000000e+01   1.400000e+02
   -7.000000e+00   2.000000e+01   1.400000e+02
   -3.416667e+00   2.000000e+01   1.450000e+02
   -6.833333e+00   2.000000e+01   1.450000e+02
   -6.583333e+00   1.000000e+01  -4.500000e+01
   -1.316667e+01   1.000000e+01  -4.500000e+01
   -6.500000e+00   1.000000e+01  -4.000000e+01
   -1.300000e+01   1.000000e+01  -4.000000e+01
   -6.416667e+00   1.000000e+01  -3.500000e+01
   -1.283333e+01   1.000000e+01  -3.500000e+01
   -6.333333e+00   1.000000e+01  -3.000000e+01
   -1.266667e+01   1.000000e+01  -3.000000e+01
   -6.250000e+00   1.000000e+01  -2.500000e+01
   -1.250000e+01   1.000000e+01  -2.500000e+01
   -6.166667e+00   1.000000e+01  -2.000000e+01
   -1.233333e+01   1.000000e+01  -2.000000e+01
   -6.083333e+00   1.000000e+01  -1.500000e+01
   -1.216667e+01   1.000000e+01  -1.500000e+01
   -6.000000e+00   1.000000e+01  -1.000000e+01
   -1.200000e+01   1.000000e+01  -1.000000e+01
   -5.916667e+00   1.000000e+01  -5.000000e+00
   -1.183333e+01   1.000000e+01  -5.000000e+00
   -5.833333e+00   1.000000e+01   0.000000e+00
   -1.166667e+01   1.000000e+01   0.000000e+00
   -5.750000e+00   1.000000e+01   5.000000e+00
   -1.150000e+01   1.000000e+01   5.000000e+00
   -5.666667e+00   1.000000e+01   1.000000e+01
   -1.133333e+01   1.000000e+01   1.000000e+01
   -5.583333e+00   1.000000e+01   1.500000e+01
   -1.116667e+01   1.000000e+01   1.500000e+01
   -5.500000e+00   1.000000e+01   2.000000e+01
   -1.100000e+01   1.000000e+01   2.000000e+01
   -5.416667e+00   1.000000e+01   2.500000e+01
   -1.083333e+01   1.000000e+01   2.500000e+01
   -5.333333e+00   1.000000e+01   3.000000e+01
   -1.066667e+01   1.000000e+01   3.000000e+01
   -5.250000e+00   1.000000e+01   3.500000e+01
   -1.050000e+01   1.000000e+01   3.500000e+01
   -5.166667e+00   1.000000e+01   4.000000e+01
   -1.033333e+01   1.000000e+01   4.000000e+01
   -5.083333e+00   1.000000e+01   4.500000e+01
   -1.016667e+01   1.000000e+01   4.500000e+01
   -5.000000e+00   1.000000e+01   5.000000e+01
   -1.000000e+01   1.000000e+01   5.000000e+01
   -4.916667e+00   1.000000e+01   5.500000e+01
   -9.833333e+00   1.000000e+01   5.500000e+01
   -4.833333e+00   1.000000e+01   6.000000e+01
   -9.666667e+00   1.000000e+01   6.000000e+01
   -4.750000e+00   1.000000e+01   6.500000e+01
   -9.500000e+00   1.000000e+01   6.500000e+01
   -4.666667e+00   1.000000e+01   7.000000e+01
   -9.333333e+00   1.000000e+01   7.000000e+01
   -4.583333e+00   1.000000e+01   7.500000e+01
   -9.166667e+00   1.000000e+01   7.500000e+01
   -4.500000e+00   1.000000e+01   8.000000e+01
   -9.000000e+00   1.000000e+01   8.000000e+01
   -4.416667e+00   1.000000e+01   8.500000e+01
   -8.833333e+00   1.000000e+01   8.500000e+01
   -4.333333e+00   1.000000e+01   9.000000e+01
   -8.666667e+00   1.000000e+01   9.000000e+01
   -4.250000e+00   1.000000e+01   9.500000e+01
   -8.500000e+00   1.000000e+01   9.500000e+01
   -4.166667e+00   1.000000e+01   1.000000e+02
   -8.333333e+00   1.000000e+01   1.000000e+02
   -4.083333e+00   1.000000e+01   1.050000e+02
   -8.166667e+00   1.000000e+01   1.050000e+02
   -4.000000e+00   1.000000e+01   1.100000e+02
   -8.000000e+00   1.000000e+01   1.100000e+02
   -3.916667e+00   1.000000e+01   1.150000e+02
   -7.833333e+00   1.000000e+01   1.150000e+02
   -3.833333e+00   1.000000e+01   1.200000e+02
   -7.666667e+00   1.000000e+01   1.200000e+02
   -3.750000e+00   1.000000e+01   1.250000e+02
   -7.500000e+00   1.000000e+01   1.250000e+02
   -3.666667e+00   1.000000e+01   1.300000e+02
   -7.333333e+00   1.000000e+01   1.300000e+02
   -3.583333e+00   1.000000e+01   1.350000e+02
   -7.166667e+00   1.000000e+01   1.350000e+02
   -3.500000e+00   1.000000e+01   1.400000e+02
   -7.000000e+00   1.000000e+01   1.400000e+02
   -3.416667e+00   1.000000e+01   1.450000e+02
   -6.833333e+00   1.000000e+01   1.450000e+02
    0.000000e+00   1.500000e+01  -4.500000e+01
    0.000000e+00   1.500000e+01  -4.000000e+01
    0.000000e+00   1.500000e+01  -3.500000e+01
    0.000000e+00   1.500000e+01  -3.000000e+01
    0.000000e+00   1.500000e+01  -2.500000e+01
    0.000000e+00   1.500000e+01  -2.000000e+01
    0.000000e+00   1.500000e+01  -1.500000e+01
    0.000000e+00   1.500000e+01  -1.000000e+01
    0.000000e+00   1.500000e+01  -5.000000e+00
    0.000000e+00   1.500000e+01   0.000000e+00
    0.000000e+00   1.500000e+01   5.000000e+00
    0.000000e+00   1.500000e+01   1.000000e+01
    0.000000e+00   1.500000e+01   1.500000e+01
    0.000000e+00   1.500000e+01   2.000000e+01
    0.000000e+00   1.500000e+01   2.500000e+01
    0.000000e+00   1.500000e+01   3.000000e+01
    0.000000e+00   1.500000e+01   3.500000e+01
    0.000000e+00   1.500000e+01   4.000000e+01
    0.000000e+00   1.500000e+01   4.500000e+01
    0.000000e+00   1.500000e+01   5.000000e+01
    0.000000e+00   1.500000e+01   5.500000e+01
    0.000000e+00   1.500000e+01   6.000000e+01
    0.000000e+00   1.500000e+01   6.500000e+01
    0.000000e+00   1.500000e+01   7.000000e+01
    0.000000e+00   1.500000e+01   7.500000e+01
    0.000000e+00   1.500000e+01   8.000000e+01
    0.000000e+00   1.500000e+01   8.500000e+01
    0.000000e+00   1.500000e+01   9.000000e+01
    0.000000e+00   1.500000e+01   9.500000e+01
    0.000000e+00   1.500000e+01   1.000000e+02
    0.000000e+00   1.500000e+01   1.050000e+02
    0.000000e+00   1.500000e+01   1.100000e+02
    0.000000e+00   1.500000e+01   1.150000e+02
    0.000000e+00   1.500000e+01   1.200000e+02
    0.000000e+00   1.500000e+01   1.250000e+02
    0.000000e+00   1.500000e+01   1.300000e+02
    0.000000e+00   1.500000e+01   1.350000e+02
    0.000000e+00   1.500000e+01   1.400000e+02
    0.000000e+00   1.500000e+01   1.450000e+02
   -1.975000e+01   1.500000e+01  -4.500000e+01
   -1.950000e+01   1.500000e+01  -4.000000e+01
   -1.925000e+01   1.500000e+01  -3.500000e+01
   -1.900000e+01   1.500000e+01  -3.000000e+01
   -1.875000e+01   1.500000e+01  -2.500000e+01
   -1.850000e+01   1.500000e+01  -2.000000e+01
   -1.825000e+01   1.500000e+01  -1.500000e+01
   -1.800000e+01   1.500000e+01  -1.000000e+01
   -1.775000e+01   1.500000e+01  -5.000000e+00
   -1.750000e+01   1.500000e+01   0.000000e+00
   -1.725000e+01   1.500000e+01   5.000000e+00
   -1.700000e+01   1.500000e+01   1.000000e+01
   -1.675000e+01   1.500000e+01   1.500000e+01
   -1.650000e+01   1.500000e+01   2.000000e+01
   -1.625000e+01   1.500000e+01   2.500000e+01
   -1.600000e+01   1.500000e+01   3.000000e+01
   -1.575000e+01   1.500000e+01   3.500000e+01
   -1.550000e+01   1.500000e+01   4.000000e+01
   -1.525000e+01   1.500000e+01   4.500000e+01
   -1.500000e+01   1.500000e+01   5.000000e+01
   -1.475000e+01   1.500000e+01   5.500000e+01
   -1.450000e+01   1.500000e+01   6.000000e+01
   -1.425000e+01   1.500000e+01   6.500000e+01
   -1.400000e+01   1.500000e+01   7.000000e+01
   -1.375000e+01   1.500000e+01   7.500000e+01
   -1.350000e+01   1.500000e+01   8.000000e+01
   -1.325000e+01   1.500000e+01   8.500000e+01
   -1.300000e+01   1.500000e+01   9.000000e+01
   -1.275000e+01   1.500000e+01   9.500000e+01
   -1.250000e+01   1.500000e+01   1.000000e+02
   -1.225000e+01   1.500000e+01   1.050000e+02
   -1.200000e+01   1.500000e+01   1.100000e+02
   -1.175000e+01   1.500000e+01   1.150000e+02
   -1.150000e+01   1.500000e+01   1.200000e+02
   -1.125000e+01   1.500000e+01   1.250000e+02
   -1.100000e+01   1.500000e+01   1.300000e+02
   -1.075000e+01   1.500000e+01   1.350000e+02
   -1.050000e+01   1.500000e+01   1.400000e+02
   -1.025000e+01   1.500000e+01   1.450000e+02
    6.666667e+00   1.500000e+01  -5.000000e+01
    1.333333e+01   1.500000e+01  -5.000000e+01
    3.333333e+00   1.500000e+01   1.500000e+02
    6.666667e+00   1.500000e+01   1.500000e+02
    6.583333e+00   1.000000e+01  -4.500000e+01
    1.316667e+01   1.000000e+01  -4.500000e+01
    6.500000e+00   1.000000e+01  -4.000000e+01
    1.300000e+01   1.000000e+01  -4.000000e+01
    6.416667e+00   1.000000e+01  -3.500000e+01
    1.283333e+01   1.000000e+01  -3.500000e+01
    6.333333e+00   1.000000e+01  -3.000000e+01
    1.266667e+01   1.000000e+01  -3.000000e+01
    6.250000e+00   1.000000e+01  -2.500000e+01
    1.250000e+01   1.000000e+01  -2.500000e+01
    6.166667e+00   1.000000e+01  -2.000000e+01
    1.233333e+01   1.000000e+01  -2.000000e+01
    6.083333e+00   1.000000e+01  -1.500000e+01
    1.216667e+01   1.000000e+01  -1.500000e+01
    6.000000e+00   1.000000e+01  -1.000000e+01
    1.200000e+01   1.000000e+01  -1.000000e+01
    5.916667e+00   1.000000e+01  -5.000000e+00
    1.183333e+01   1.000000e+01  -5.000000e+00
    5.833333e+00   1.000000e+01   0.000000e+00
    1.166667e+01   1.000000e+01   0.000000e+00
    5.750000e+00   1.000000e+01   5.000000e+00
    1.150000e+01   1.000000e+01   5.000000e+00
    5.666667e+00   1.000000e+01   1.000000e+01
    1.133333e+01   1.000000e+01   1.000000e+01
    5.583333e+00   1.000000e+01   1.500000e+01
    1.116667e+01   1.000000e+01   1.500000e+01
    5.500000e+00   1.000000e+01   2.000000e+01
    1.100000e+01   1.000000e+01   2.000000e+01
    5.416667e+00   1.000000e+01   2.500000e+01
    1.083333e+01   1.000000e+01   2.500000e+01
    5.333333e+00   1.000000e+01   3.000000e+01
    1.066667e+01   1.000000e+01   3.000000e+01
    5.250000e+00   1.000000e+01   3.500000e+01
    1.050000e+01   1.000000e+01   3.500000e+01
    5.166667e+00   1.000000e+01   4.000000e+01
    1.033333e+01   1.000000e+01   4.000000e+01
    5.083333e+00   1.000000e+01   4.500000e+01
    1.016667e+01   1.000000e+01   4.500000e+01
    5.000000e+00   1.000000e+01   5.000000e+01
    1.000000e+01   1.000000e+01   5.000000e+01
    4.916667e+00   1.000000e+01   5.500000e+01
    9.833333e+00   1.000000e+01   5.500000e+01
    4.833333e+00   1.000000e+01   6.000000e+01
    9.666667e+00   1.000000e+01   6.000000e+01
    4.750000e+00   1.000000e+01   6.500000e+01
    9.500000e+00   1.000000e+01   6.500000e+01
    4.666667e+00   1.000000e+01   7.000000e+01
    9.333333e+00   1.000000e+01   7.000000e+01
    4.583333e+00   1.000000e+01   7.500000e+01
    9.166667e+00   1.000000e+01   7.500000e+01
    4.500000e+00   1.000000e+01   8.000000e+01
    9.000000e+00   1.000000e+01   8.000000e+01
    4.416667e+00   1.000000e+01   8.500000e+01
    8.833333e+00   1.000000e+01   8.500000e+01
    4.333333e+00   1.000000e+01   9.000000e+01
    8.666667e+00   1.000000e+01   9.000000e+01
    4.250000e+00   1.000000e+01   9.500000e+01
    8.500000e+00   1.000000e+01   9.500000e+01
    4.166667e+00   1.000000e+01   1.000000e+02
    8.333333e+00   1.000000e+01   1.000000e+02
    4.083333e+00   1.000000e+01   1.050000e+02
    8.166667e+00   1.000000e+01   1.050000e+02
    4.000000e+00   1.000000e+01   1.100000e+02
    8.000000e+00   1.000000e+01   1.100000e+02
    3.916667e+00   1.000000e+01   1.150000e+02
    7.833333e+00   1.000000e+01   1.150000e+02
    3.833333e+00   1.000000e+01   1.200000e+02
    7.666667e+00   1.000000e+01   1.200000e+02
    3.750000e+00   1.000000e+01   1.250000e+02
    7.500000e+00   1.000000e+01   1.250000e+02
    3.666667e+00   1.000000e+01   1.300000e+02
    7.333333e+00   1.000000e+01   1.300000e+02
    3.583333e+00   1.000000e+01   1.350000e+02
    7.166667e+00   1.000000e+01   1.350000e+02
    3.500000e+00   1.000000e+01   1.400000e+02
    7.000000e+00   1.000000e+01   1.400000e+02
    3.416667e+00   1.000000e+01   1.450000e+02
    6.833333e+00   1.000000e+01   1.450000e+02
    6.583333e+00   2.000000e+01  -4.500000e+01
    1.316667e+01   2.000000e+01  -4.500000e+01
    6.500000e+00   2.000000e+01  -4.000000e+01
    1.300000e+01   2.000000e+01  -4.000000e+01
    6.416667e+00   2.000000e+01  -3.500000e+01
    1.283333e+01   2.000000e+01  -3.500000e+01
    6.333333e+00   2.000000e+01  -3.000000e+01
    1.266667e+01   2.000000e+01  -3.000000e+01
    6.250000e+00   2.000000e+01  -2.500000e+01
    1.250000e+01   2.000000e+01  -2.500000e+01
    6.166667e+00   2.000000e+01  -2.000000e+01
    1.233333e+01   2.000000e+01  -2.000000e+01
    6.083333e+00   2.000000e+01  -1.500000e+01
    1.216667e+01   2.000000e+01  -1.500000e+01
    6.000000e+00   2.000000e+01  -1.000000e+01
    1.200000e+01   2.000000e+01  -1.000000e+01
    5.916667e+00   2.000000e+01  -5.000000e+00
    1.183333e+01   2.000000e+01  -5.000000e+00
    5.833333e+00   2.000000e+01   0.000000e+00
    1.166667e+01   2.000000e+01   0.000000e+00
    5.750000e+00   2.000000e+01   5.000000e+00
    1.150000e+01   2.000000e+01   5.000000e+00
    5.666667e+00   2.000000e+01   1.000000e+01
    1.133333e+01   2.000000e+01   1.000000e+01
    5.583333e+00   2.000000e+01   1.500000e+01
    1.116667e+01   2.000000e+01   1.500000e+01
    5.500000e+00   2.000000e+01   2.000000e+01
    1.100000e+01   2.000000e+01   2.000000e+01
    5.416667e+00   2.000000e+01   2.500000e+01
    1.083333e+01   2.000000e+01   2.500000e+01
    5.333333e+00   2.000000e+01   3.000000e+01
    1.066667e+01   2.000000e+01   3.000000e+01
    5.250000e+00   2.000000e+01   3.500000e+01
    1.050000e+01   2.000000e+01   3.500000e+01
    5.166667e+00   2.000000e+01   4.000000e+01
    1.033333e+01   2.000000e+01   4.000000e+01
    5.083333e+00   2.000000e+01   4.500000e+01
    1.016667e+01   2.000000e+01   4.500000e+01
    5.000000e+00   2.000000e+01   5.000000e+01
    1.000000e+01   2.000000e+01   5.000000e+01
    4.916667e+00   2.000000e+01   5.500000e+01
    9.833333e+00   2.000000e+01   5.500000e+01
    4.833333e+00   2.000000e+01   6.000000e+01
    9.666667e+00   2.000000e+01   6.000000e+01
    4.750000e+00   2.000000e+01   6.500000e+01
    9.500000e+00   2.000000e+01   6.500000e+01
    4.666667e+00   2.000000e+01   7.000000e+01
    9.333333e+00   2.000000e+01   7.000000e+01
    4.583333e+00   2.000000e+01   7.500000e+01
    9.166667e+00   2.000000e+01   7.500000e+01
    4.500000e+00   2.000000e+01   8.000000e+01
    9.000000e+00   2.000000e+01   8.000000e+01
    4.416667e+00   2.000000e+01   8.500000e+01
    8.833333e+00   2.000000e+01   8.500000e+01
    4.333333e+00   2.000000e+01   9.000000e+01
    8.666667e+00   2.000000e+01   9.000000e+01
    4.250000e+00   2.000000e+01   9.500000e+01
    8.500000e+00   2.000000e+01   9.500000e+01
    4.166667e+00   2.000000e+01   1.000000e+02
    8.333333e+00   2.000000e+01   1.000000e+02
    4.083333e+00   2.000000e+01   1.050000e+02
    8.166667e+00   2.000000e+01   1.050000e+02
    4.000000e+00   2.000000e+01   1.100000e+02
    8.000000e+00   2.000000e+01   1.100000e+02
    3.916667e+00   2.000000e+01   1.150000e+02
    7.833333e+00   2.000000e+01   1.150000e+02
    3.833333e+00   2.000000e+01   1.200000e+02
    7.666667e+00   2.000000e+01   1.200000e+02
    3.750000e+00   2.000000e+01   1.250000e+02
    7.500000e+00   2.000000e+01   1.250000e+02
    3.666667e+00   2.000000e+01   1.300000e+02
    7.333333e+00   2.000000e+01   1.300000e+02
    3.583333e+00   2.000000e+01   1.350000e+02
    7.166667e+00   2.000000e+01   1.350000e+02
    3.500000e+00   2.000000e+01   1.400000e+02
    7.000000e+00   2.000000e+01   1.400000e+02
    3.416667e+00   2.000000e+01   1.450000e+02
    6.833333e+00   2.000000e+01   1.450000e+02
    1.975000e+01   1.500000e+01  -4.500000e+01
    1.950000e+01   1.500000e+01  -4.000000e+01
    1.925000e+01   1.500000e+01  -3.500000e+01
    1.900000e+01   1.500000e+01  -3.000000e+01
    1.875000e+01   1.500000e+01  -2.500000e+01
    1.850000e+01   1.500000e+01  -2.000000e+01
    1.825000e+01   1.500000e+01  -1.500000e+01
    1.800000e+01   1.500000e+01  -1.000000e+01
    1.775000e+01   1.500000e+01  -5.000000e+00
    1.750000e+01   1.500000e+01   0.000000e+00
    1.725000e+01   1.500000e+01   5.000000e+00
    1.700000e+01   1.500000e+01   1.000000e+01
    1.675000e+01   1.500000e+01   1.500000e+01
    1.650000e+01   1.500000e+01   2.000000e+01
    1.625000e+01   1.500000e+01   2.500000e+01
    1.600000e+01   1.500000e+01   3.000000e+01
    1.575000e+01   1.500000e+01   3.500000e+01
    1.550000e+01   1.500000e+01   4.000000e+01
    1.525000e+01   1.500000e+01   4.500000e+01
    1.500000e+01   1.500000e+01   5.000000e+01
    1.475000e+01   1.500000e+01   5.500000e+01
    1.450000e+01   1.500000e+01   6.000000e+01
    1.425000e+01   1.500000e+01   6.500000e+01
    1.400000e+01   1.500000e+01   7.000000e+01
    1.375000e+01   1.500000e+01   7.500000e+01
    1.350000e+01   1.500000e+01   8.000000e+01
    1.325000e+01   1.500000e+01   8.500000e+01
    1.300000e+01   1.500000e+01   9.000000e+01
    1.275000e+01   1.500000e+01   9.500000e+01
    1.250000e+01   1.500000e+01   1.000000e+02
    1.225000e+01   1.500000e+01   1.050000e+02
    1.200000e+01   1.500000e+01   1.100000e+02
    1.175000e+01   1.500000e+01   1.150000e+02
    1.150000e+01   1.500000e+01   1.200000e+02
    1.125000e+01   1.500000e+01   1.250000e+02
    1.100000e+01   1.500000e+01   1.300000e+02
    1.075000e+01   1.500000e+01   1.350000e+02
    1.050000e+01   1.500000e+01   1.400000e+02
    1.025000e+01   1.500000e+01   1.450000e+02
   -6.583333e+00   1.500000e+01  -4.500000e+01
   -1.316667e+01   1.500000e+01  -4.500000e+01
   -6.500000e+00   1.500000e+01  -4.000000e+01
   -1.300000e+01   1.500000e+01  -4.000000e+01
   -6.416667e+00   1.500000e+01  -3.500000e+01
   -1.283333e+01   1.500000e+01  -3.500000e+01
   -6.333333e+00   1.500000e+01  -3.000000e+01
   -1.266667e+01   1.500000e+01  -3.000000e+01
   -6.250000e+00   1.500000e+01  -2.500000e+01
   -1.250000e+01   1.500000e+01  -2.500000e+01
   -6.166667e+00   1.500000e+01  -2.000000e+01
   -1.233333e+01   1.500000e+01  -2.000000e+01
   -6.083333e+00   1.500000e+01  -1.500000e+01
   -1.216667e+01   1.500000e+01  -1.500000e+01
   -6.000000e+00   1.500000e+01  -1.000000e+01
   -1.200000e+01   1.500000e+01  -1.000000e+01
   -5.916667e+00   1.500000e+01  -5.000000e+00
   -1.183333e+01   1.500000e+01  -5.000000e+00
   -5.833333e+00   1.500000e+01   0.000000e+00
   -1.166667e+01   1.500000e+01   0.000000e+00
   -5.750000e+00   1.500000e+01   5.000000e+00
   -1.150000e+01   1.500000e+01   5.000000e+00
   -5.666667e+00   1.500000e+01   1.000000e+01
   -1.133333e+01   1.500000e+01   1.000000e+01
   -5.583333e+00   1.500000e+01   1.500000e+01
   -1.116667e+01   1.500000e+01   1.500000e+01
   -5.500000e+00   1.500000e+01   2.000000e+01
   -1.100000e+01   1.500000e+01   2.000000e+01
   -5.416667e+00   1.500000e+01   2.500000e+01
   -1.083333e+01   1.500000e+01   2.500000e+01
   -5.333333e+00   1.500000e+01   3.000000e+01
   -1.066667e+01   1.500000e+01   3.000000e+01
   -5.250000e+00   1.500000e+01   3.500000e+01
   -1.050000e+01   1.500000e+01   3.500000e+01
   -5.166667e+00   1.500000e+01   4.000000e+01
   -1.033333e+01   1.500000e+01   4.000000e+01
   -5.083333e+00   1.500000e+01   4.500000e+01
   -1.016667e+01   1.500000e+01   4.500000e+01
   -5.000000e+00   1.500000e+01   5.000000e+01
   -1.000000e+01   1.500000e+01   5.000000e+01
   -4.916667e+00   1.500000e+01   5.500000e+01
   -9.833333e+00   1.500000e+01   5.500000e+01
   -4.833333e+00   1.500000e+01   6.000000e+01
   -9.666667e+00   1.500000e+01   6.000000e+01
   -4.750000e+00   1.500000e+01   6.500000e+01
   -9.500000e+00   1.500000e+01   6.500000e+01
   -4.666667e+00   1.500000e+01   7.000000e+01
   -9.333333e+00   1.500000e+01   7.000000e+01
   -4.583333e+00   1.500000e+01   7.500000e+01
   -9.166667e+00   1.500000e+01   7.500000e+01
   -4.500000e+00   1.500000e+01   8.000000e+01
   -9.000000e+00   1.500000e+01   8.000000e+01
   -4.416667e+00   1.500000e+01   8.500000e+01
   -8.833333e+00   1.500000e+01   8.500000e+01
   -4.333333e+00   1.500000e+01   9.000000e+01
   -8.666667e+00   1.500000e+01   9.000000e+01
   -4.250000e+00   1.500000e+01   9.500000e+01
   -8.500000e+00   1.500000e+01   9.500000e+01
   -4.166667e+00   1.500000e+01   1.000000e+02
   -8.333333e+00   1.500000e+01   1.000000e+02
   -4.083333e+00   1.500000e+01   1.050000e+02
   -8.166667e+00   1.500000e+01   1.050000e+02
   -4.000000e+00   1.500000e+01   1.100000e+02
   -8.000000e+00   1.500000e+01   1.100000e+02
   -3.916667e+00   1.500000e+01   1.150000e+02
   -7.833333e+00   1.500000e+01   1.150000e+02
   -3.833333e+00   1.500000e+01   1.200000e+02
   -7.666667e+00   1.500000e+01   1.200000e+02
   -3.750000e+00   1.500000e+01   1.250000e+02
   -7.500000e+00   1.500000e+01   1.250000e+02
   -3.666667e+00   1.500000e+01   1.300000e+02
   -7.333333e+00   1.500000e+01   1.300000e+02
   -3.583333e+00   1.500000e+01   1.350000e+02
   -7.166667e+00   1.500000e+01   1.350000e+02
   -3.500000e+00   1.500000e+01   1.400000e+02
   -7.000000e+00   1.500000e+01   1.400000e+02
   -3.416667e+00   1.500000e+01   1.450000e+02
   -6.833333e+00   1.500000e+01   1.450000e+02
    6.583333e+00   1.500000e+01  -4.500000e+01
    1.316667e+01   1.500000e+01  -4.500000e+01
    6.500000e+00   1.500000e+01  -4.000000e+01
    1.300000e+01   1.500000e+01  -4.000000e+01
    6.416667e+00   1.500000e+01  -3.500000e+01
    1.283333e+01   1.500000e+01  -3.500000e+01
    6.333333e+00   1.500000e+01  -3.000000e+01
    1.266667e+01   1.500000e+01  -3.000000e+01
    6.250000e+00   1.500000e+01  -2.500000e+01
    1.250000e+01   1.500000e+01  -2.500000e+01
    6.166667e+00   1.500000e+01  -2.000000e+01
    1.233333e+01   1.500000e+01  -2.000000e+01
    6.083333e+00   1.500000e+01  -1.500000e+01
    1.216667e+01   1.500000e+01  -1.500000e+01
    6.000000e+00   1.500000e+01  -1.000000e+01
    1.200000e+01   1.500000e+01  -1.000000e+01
    5.916667e+00   1.500000e+01  -5.000000e+00
    1.183333e+01   1.500000e+01  -5.000000e+00
    5.833333e+00   1.500000e+01   0.000000e+00
    1.166667e+01   1.500000e+01   0.000000e+00
    5.750000e+00   1.500000e+01   5.000000e+00
    1.150000e+01   1.500000e+01   5.000000e+00
    5.666667e+00   1.500000e+01   1.000000e+01
    1.133333e+01   1.500000e+01   1.000000e+01
    5.583333e+00   1.500000e+01   1.500000e+01
    1.116667e+01   1.500000e+01   1.500000e+01
    5.500000e+00   1.500000e+01   2.000000e+01
    1.100000e+01   1.500000e+01   2.000000e+01
    5.416667e+00   1.500000e+01   2.500000e+01
    1.083333e+01   1.500000e+01   2.500000e+01
    5.333333e+00   1.500000e+01   3.000000e+01
    1.066667e+01   1.500000e+01   3.000000e+01
    5.250000e+00   1.500000e+01   3.500000e+01
    1.050000e+01   1.500000e+01   3.500000e+01
    5.166667e+00   1.500000e+01   4.000000e+01
    1.033333e+01   1.500000e+01   4.000000e+01
    5.083333e+00   1.500000e+01   4.500000e+01
    1.016667e+01   1.500000e+01   4.500000e+01
    5.000000e+00   1.500000e+01   5.000000e+01
    1.000000e+01   1.500000e+01   5.000000e+01
    4.916667e+00   1.500000e+01   5.500000e+01
    9.833333e+00   1.500000e+01   5.500000e+01
    4.833333e+00   1.500000e+01   6.000000e+01
    9.666667e+00   1.500000e+01   6.000000e+01
    4.750000e+00   1.500000e+01   6.500000e+01
    9.500000e+00   1.500000e+01   6.500000e+01
    4.666667e+00   1.500000e+01   7.000000e+01
    9.333333e+00   1.500000e+01   7.000000e+01
    4.583333e+00   1.500000e+01   7.500000e+01
    9.166667e+00   1.500000e+01   7.500000e+01
    4.500000e+00   1.500000e+01   8.000000e+01
    9.000000e+00   1.500000e+01   8.000000e+01
    4.416667e+00   1.500000e+01   8.500000e+01
    8.833333e+00   1.500000e+01   8.500000e+01
    4.333333e+00   1.500000e+01   9.000000e+01
    8.666667e+00   1.500000e+01   9.000000e+01
    4.250000e+00   1.500000e+01   9.500000e+01
    8.500000e+00   1.500000e+01   9.500000e+01
    4.166667e+00   1.500000e+01   1.000000e+02
    8.333333e+00   1.500000e+01   1.000000e+02
    4.083333e+00   1.500000e+01   1.050000e+02
    8.166667e+00   1.500000e+01   1.050000e+02
    4.000000e+00   1.500000e+01   1.100000e+02
    8.000000e+00   1.500000e+01   1.100000e+02
    3.916667e+00   1.500000e+01   1.150000e+02
    7.833333e+00   1.500000e+01   1.150000e+02
    3.833333e+00   1.500000e+01   1.200000e+02
    7.666667e+00   1.500000e+01   1.200000e+02
    3.750000e+00   1.500000e+01   1.250000e+02
    7.500000e+00   1.500000e+01   1.250000e+02
    3.666667e+00   1.500000e+01   1.300000e+02
    7.333333e+00   1.500000e+01   1.300000e+02
    3.583333e+00   1.500000e+01   1.350000e+02
    7.166667e+00   1.500000e+01   1.350000e+02
    3.500000e+00   1.500000e+01   1.400000e+02
    7.000000e+00   1.500000e+01   1.400000e+02
    3.416667e+00   1.500000e+01   1.450000e+02
    6.833333e+00   1.500000e+01   1.450000e+02
   -3.000000e+02   1.000000e+01  -3.000000e+01
   -3.000000e+02  -1.000000e+01  -3.000000e+01
   -3.000000e+02  -1.000000e+01   0.000000e+00
   -3.000000e+02   1.000000e+01   0.000000e+00
   -2.500000e+02  -1.000000e+01  -3.000000e+01
   -2.500000e+02   1.000000e+01  -3.000000e+01
   -3.000000e+02   1.000000e+01  -5.000000e+01
   -3.000000e+02  -1.000000e+01  -5.000000e+01
   -2.500000e+02   1.000000e+01  -5.000000e+01
   -2.500000e+02  -1.000000e+01  -5.000000e+01
   -3.000000e+02   5.000000e+00  -3.000000e+01
   -3.000000e+02   0.000000e+00  -3.000000e+01
   -3.000000e+02  -5.000000e+00  -3.000000e+01
   -3.000000e+02  -1.000000e+01  -2.500000e+01
   -3.000000e+02  -1.000000e+01  -2.000000e+01
   -3.000000e+02  -1.000000e+01  -1.500000e+01
   -3.000000e+02  -1.000000e+01  -1.000000e+01
   -3.000000e+02  -1.000000e+01  -5.000000e+00
   -3.000000e+02  -5.000000e+00   0.000000e+00
   -3.000000e+02   0.000000e+00   0.000000e+00
   -3.000000e+02   5.000000e+00   0.000000e+00
   -3.000000e+02   1.000000e+01  -5.000000e+00
   -3.000000e+02   1.000000e+01  -1.000000e+01
   -3.000000e+02   1.000000e+01  -1.500000e+01
   -3.000000e+02   1.000000e+01  -2.000000e+01
   -3.000000e+02   1.000000e+01  -2.500000e+01
   -2.500000e+02  -5.000000e+00  -3.000000e+01
   -2.500000e+02   0.000000e+00  -3.000000e+01
   -2.500000e+02   5.000000e+00  -3.000000e+01
   -2.500000e+02  -1.000000e+01  -5.000000e+00
   -2.500000e+02  -1.000000e+01  -1.000000e+01
   -2.500000e+02  -1.000000e+01  -1.500000e+01
   -2.500000e+02  -1.000000e+01  -2.000000e+01
   -2.500000e+02  -1.000000e+01  -2.500000e+01
   -2.500000e+02   1.000000e+01  -2.500000e+01
   -2.500000e+02   1.000000e+01  -2.000000e+01
   -2.500000e+02   1.000000e+01  -1.500000e+01
   -2.500000e+02   1.000000e+01  -1.000000e+01
   -2.500000e+02   1.000000e+01  -5.000000e+00
   -2.950000e+02   1.000000e+01   0.000000e+00
   -2.900000e+02   1.000000e+01   0.000000e+00
   -2.850000e+02   1.000000e+01   0.000000e+00
   -2.800000e+02   1.000000e+01   0.000000e+00
   -2.750000e+02   1.000000e+01   0.000000e+00
   -2.700000e+02   1.000000e+01   0.000000e+00
   -2.650000e+02   1.000000e+01   0.000000e+00
   -2.600000e+02   1.000000e+01   0.000000e+00
   -2.550000e+02   1.000000e+01   0.000000e+00
   -2.550000e+02   1.000000e+01  -3.000000e+01
   -2.600000e+02   1.000000e+01  -3.000000e+01
   -2.650000e+02   1.000000e+01  -3.000000e+01
   -2.700000e+02   1.000000e+01  -3.000000e+01
   -2.750000e+02   1.000000e+01  -3.000000e+01
   -2.800000e+02   1.000000e+01  -3.000000e+01
   -2.850000e+02   1.000000e+01  -3.000000e+01
   -2.900000e+02   1.000000e+01  -3.000000e+01
   -2.950000e+02   1.000000e+01  -3.000000e+01
   -2.550000e+02  -1.000000e+01   0.000000e+00
   -2.600000e+02  -1.000000e+01   0.000000e+00
   -2.650000e+02  -1.000000e+01   0.000000e+00
   -2.700000e+02  -1.000000e+01   0.000000e+00
   -2.750000e+02  -1.000000e+01   0.000000e+00
   -2.800000e+02  -1.000000e+01   0.000000e+00
   -2.850000e+02  -1.000000e+01   0.000000e+00
   -2.900000e+02  -1.000000e+01   0.000000e+00
   -2.950000e+02  -1.000000e+01   0.000000e+00
   -2.950000e+02  -1.000000e+01  -3.000000e+01
   -2.900000e+02  -1.000000e+01  -3.000000e+01
   -2.850000e+02  -1.000000e+01  -3.000000e+01
   -2.800000e+02  -1.000000e+01  -3.000000e+01
   -2.750000e+02  -1.000000e+01  -3.000000e+01
   -2.700000e+02  -1.000000e+01  -3.000000e+01
   -2.650000e+02  -1.000000e+01  -3.000000e+01
   -2.600000e+02  -1.000000e+01  -3.000000e+01
   -2.550000e+02  -1.000000e+01  -3.000000e+01
   -3.000000e+02   1.000000e+01  -3.500000e+01
   -3.000000e+02   1.000000e+01  -4.000000e+01
   -3.000000e+02   1.000000e+01  -4.500000e+01
   -3.000000e+02   5.000000e+00  -5.000000e+01
   -3.000000e+02   0.000000e+00  -5.000000e+01
   -3.000000e+02  -5.000000e+00  -5.000000e+01
   -3.000000e+02  -1.000000e+01  -4.500000e+01
   -3.000000e+02  -1.000000e+01  -4.000000e+01
   -3.000000e+02  -1.000000e+01  -3.500000e+01
   -2.500000e+02   1.000000e+01  -4.500000e+01
   -2.500000e+02   1.000000e+01  -4.000000e+01
   -2.500000e+02   1.000000e+01  -3.500000e+01
   -2.500000e+02  -5.000000e+00  -5.000000e+01
   -2.500000e+02   0.000000e+00  -5.000000e+01
   -2.500000e+02   5.000000e+00  -5.000000e+01
   -2.500000e+02  -1.000000e+01  -3.500000e+01
   -2.500000e+02  -1.000000e+01  -4.000000e+01
   -2.500000e+02  -1.000000e+01  -4.500000e+01
   -2.950000e+02  -1.000000e+01  -5.000000e+01
   -2.900000e+02  -1.000000e+01  -5.000000e+01
   -2.850000e+02  -1.000000e+01  -5.000000e+01
   -2.800000e+02  -1.000000e+01  -5.000000e+01
   -2.750000e+02  -1.000000e+01  -5.000000e+01
   -2.700000e+02  -1.000000e+01  -5.000000e+01
   -2.650000e+02  -1.000000e+01  -5.000000e+01
   -2.600000e+02  -1.000000e+01  -5.000000e+01
   -2.550000e+02  -1.000000e+01  -5.000000e+01
   -2.550000e+02   1.000000e+01  -5.000000e+01
   -2.600000e+02   1.000000e+01  -5.000000e+01
   -2.650000e+02   1.000000e+01  -5.000000e+01
   -2.700000e+02   1.000000e+01  -5.000000e+01
   -2.750000e+02   1.000000e+01  -5.000000e+01
   -2.800000e+02   1.000000e+01  -5.000000e+01
   -2.850000e+02   1.000000e+01  -5.000000e+01
   -2.900000e+02   1.000000e+01  -5.000000e+01
   -2.950000e+02   1.000000e+01  -5.000000e+01
   -3.000000e+02   5.000000e+00  -2.500000e+01
   -3.000000e+02   0.000000e+00  -2.500000e+01
   -3.000000e+02  -5.000000e+00  -2.500000e+01
   -3.000000e+02   5.000000e+00  -2.000000e+01
   -3.000000e+02   0.000000e+00  -2.000000e+01
   -3.000000e+02  -5.000000e+00  -2.000000e+01
   -3.000000e+02   5.000000e+00  -1.500000e+01
   -3.000000e+02   0.000000e+00  -1.500000e+01
   -3.000000e+02  -5.000000e+00  -1.500000e+01
   -3.000000e+02   5.000000e+00  -1.000000e+01
   -3.000000e+02   0.000000e+00  -1.000000e+01
   -3.000000e+02  -5.000000e+00  -1.000000e+01
   -3.000000e+02   5.000000e+00  -5.000000e+00
   -3.000000e+02   0.000000e+00  -5.000000e+00
   -3.000000e+02  -5.000000e+00  -5.000000e+00
   -2.500000e+02   5.000000e+00  -2.500000e+01
   -2.500000e+02   0.000000e+00  -2.500000e+01
   -2.500000e+02  -5.000000e+00  -2.500000e+01
   -2.500000e+02   5.000000e+00  -2.000000e+01
   -2.500000e+02   0.000000e+00  -2.000000e+01
   -2.500000e+02  -5.000000e+00  -2.000000e+01
   -2.500000e+02   5.000000e+00  -1.500000e+01
   -2.500000e+02   0.000000e+00  -1.500000e+01
   -2.500000e+02  -5.000000e+00  -1.500000e+01
   -2.500000e+02   5.000000e+00  -1.000000e+01
   -2.500000e+02   0.000000e+00  -1.000000e+01
   -2.500000e+02  -5.000000e+00  -1.000000e+01
   -2.500000e+02   5.000000e+00  -5.000000e+00
   -2.500000e+02   0.000000e+00  -5.000000e+00
   -2.500000e+02  -5.000000e+00  -5.000000e+00
   -2.950000e+02   1.000000e+01  -2.500000e+01
   -2.950000e+02   1.000000e+01  -2.000000e+01
   -2.950000e+02   1.000000e+01  -1.500000e+01
   -2.950000e+02   1.000000e+01  -1.000000e+01
   -2.950000e+02   1.000000e+01  -5.000000e+00
   -2.900000e+02   1.000000e+01  -2.500000e+01
   -2.900000e+02   1.000000e+01  -2.000000e+01
   -2.900000e+02   1.000000e+01  -1.500000e+01
   -2.900000e+02   1.000000e+01  -1.000000e+01
   -2.900000e+02   1.000000e+01  -5.000000e+00
   -2.850000e+02   1.000000e+01  -2.500000e+01
   -2.850000e+02   1.000000e+01  -2.000000e+01
   -2.850000e+02   1.000000e+01  -1.500000e+01
   -2.850000e+02   1.000000e+01  -1.000000e+01
   -2.850000e+02   1.000000e+01  -5.000000e+00
   -2.800000e+02   1.000000e+01  -2.500000e+01
   -2.800000e+02   1.000000e+01  -2.000000e+01
   -2.800000e+02   1.000000e+01  -1.500000e+01
   -2.800000e+02   1.000000e+01  -1.000000e+01
   -2.800000e+02   1.000000e+01  -5.000000e+00
   -2.750000e+02   1.000000e+01  -2.500000e+01
   -2.750000e+02   1.000000e+01  -2.000000e+01
   -2.750000e+02   1.000000e+01  -1.500000e+01
   -2.750000e+02   1.000000e+01  -1.000000e+01
   -2.750000e+02   1.000000e+01  -5.000000e+00
   -2.700000e+02   1.000000e+01  -2.500000e+01
   -2.700000e+02   1.000000e+01  -2.000000e+01
   -2.700000e+02   1.000000e+01  -1.500000e+01
   -2.700000e+02   1.000000e+01  -1.000000e+01
   -2.700000e+02   1.000000e+01  -5.000000e+00
   -2.650000e+02   1.000000e+01  -2.500000e+01
   -2.650000e+02   1.000000e+01  -2.000000e+01
   -2.650000e+02   1.000000e+01  -1.500000e+01
   -2.650000e+02   1.000000e+01  -1.000000e+01
   -2.650000e+02   1.000000e+01  -5.000000e+00
   -2.600000e+02   1.000000e+01  -2.500000e+01
   -2.600000e+02   1.000000e+01  -2.000000e+01
   -2.600000e+02   1.000000e+01  -1.500000e+01
   -2.600000e+02   1.000000e+01  -1.000000e+01
   -2.600000e+02   1.000000e+01  -5.000000e+00
   -2.550000e+02   1.000000e+01  -2.500000e+01
   -2.550000e+02   1.000000e+01  -2.000000e+01
   -2.550000e+02   1.000000e+01  -1.500000e+01
   -2.550000e+02   1.000000e+01  -1.000000e+01
   -2.550000e+02   1.000000e+01  -5.000000e+00
   -2.950000e+02  -1.000000e+01  -2.500000e+01
   -2.950000e+02  -1.000000e+01  -2.000000e+01
   -2.950000e+02  -1.000000e+01  -1.500000e+01
   -2.950000e+02  -1.000000e+01  -1.000000e+01
   -2.950000e+02  -1.000000e+01  -5.000000e+00
   -2.900000e+02  -1.000000e+01  -2.500000e+01
   -2.900000e+02  -1.000000e+01  -2.000000e+01
   -2.900000e+02  -1.000000e+01  -1.500000e+01
   -2.900000e+02  -1.000000e+01  -1.000000e+01
   -2.900000e+02  -1.000000e+01  -5.000000e+00
   -2.850000e+02  -1.000000e+01  -2.500000e+01
   -2.850000e+02  -1.000000e+01  -2.000000e+01
   -2.850000e+02  -1.000000e+01  -1.500000e+01
   -2.850000e+02  -1.000000e+01  -1.000000e+01
   -2.850000e+02  -1.000000e+01  -5.000000e+00
   -2.800000e+02  -1.000000e+01  -2.500000e+01
   -2.800000e+02  -1.000000e+01  -2.000000e+01
   -2.800000e+02  -1.000000e+01  -1.500000e+01
   -2.800000e+02  -1.000000e+01  -1.000000e+01
   -2.800000e+02  -1.000000e+01  -5.000000e+00
   -2.750000e+02  -1.000000e+01  -2.500000e+01
   -2.750000e+02  -1.000000e+01  -2.000000e+01
   -2.750000e+02  -1.000000e+01  -1.500000e+01
   -2.750000e+02  -1.000000e+01  -1.000000e+01
   -2.750000e+02  -1.000000e+01  -5.000000e+00
   -2.700000e+02  -1.000000e+01  -2.500000e+01
   -2.700000e+02  -1.000000e+01  -2.000000e+01
   -2.700000e+02  -1.000000e+01  -1.500000e+01
   -2.700000e+02  -1.000000e+01  -1.000000e+01
   -2.700000e+02  -1.000000e+01  -5.000000e+00
   -2.650000e+02  -1.000000e+01  -2.500000e+01
   -2.650000e+02  -1.000000e+01  -2.000000e+01
   -2.650000e+02  -1.000000e+01  -1.500000e+01
   -2.650000e+02  -1.000000e+01  -1.000000e+01
   -2.650000e+02  -1.000000e+01  -5.000000e+00
   -2.600000e+02  -1.000000e+01  -2.500000e+01
   -2.600000e+02  -1.000000e+01  -2.000000e+01
   -2.600000e+02  -1.000000e+01  -1.500000e+01
   -2.600000e+02  -1.000000e+01  -1.000000e+01
   -2.600000e+02  -1.000000e+01  -5.000000e+00
   -2.550000e+02  -1.000000e+01  -2.500000e+01
   -2.550000e+02  -1.000000e+01  -2.000000e+01
   -2.550000e+02  -1.000000e+01  -1.500000e+01
   -2.550000e+02  -1.000000e+01  -1.000000e+01
   -2.550000e+02  -1.000000e+01  -5.000000e+00
   -2.950000e+02   5.000000e+00  -3.000000e+01
   -2.950000e+02   0.000000e+00  -3.000000e+01
   -2.950000e+02  -5.000000e+00  -3.000000e+01
   -2.900000e+02   5.000000e+00  -3.000000e+01
   -2.900000e+02   0.000000e+00  -3.000000e+01
   -2.900000e+02  -5.000000e+00  -3.000000e+01
   -2.850000e+02   5.000000e+00  -3.000000e+01
   -2.850000e+02   0.000000e+00  -3.000000e+01
   -2.850000e+02  -5.000000e+00  -3.000000e+01
   -2.800000e+02   5.000000e+00  -3.000000e+01
   -2.800000e+02   0.000000e+00  -3.000000e+01
   -2.800000e+02  -5.000000e+00  -3.000000e+01
   -2.750000e+02   5.000000e+00  -3.000000e+01
   -2.750000e+02   0.000000e+00  -3.000000e+01
   -2.750000e+02  -5.000000e+00  -3.000000e+01
   -2.700000e+02   5.000000e+00  -3.000000e+01
   -2.700000e+02   0.000000e+00  -3.000000e+01
   -2.700000e+02  -5.000000e+00  -3.000000e+01
   -2.650000e+02   5.000000e+00  -3.000000e+01
   -2.650000e+02   0.000000e+00  -3.000000e+01
   -2.650000e+02  -5.000000e+00  -3.000000e+01
   -2.600000e+02   5.000000e+00  -3.000000e+01
   -2.600000e+02   0.000000e+00  -3.000000e+01
   -2.600000e+02  -5.000000e+00  -3.000000e+01
   -2.550000e+02   5.000000e+00  -3.000000e+01
   -2.550000e+02   0.000000e+00  -3.000000e+01
   -2.550000e+02  -5.000000e+00  -3.000000e+01
   -2.950000e+02   5.000000e+00   0.000000e+00
   -2.950000e+02   0.000000e+00   0.000000e+00
   -2.950000e+02  -5.000000e+00   0.000000e+00
   -2.900000e+02   5.000000e+00   0.000000e+00
   -2.900000e+02   0.000000e+00   0.000000e+00
   -2.900000e+02  -5.000000e+00   0.000000e+00
   -2.850000e+02   5.000000e+00   0.000000e+00
   -2.850000e+02   0.000000e+00   0.000000e+00
   -2.850000e+02  -5.000000e+00   0.000000e+00
   -2.800000e+02   5.000000e+00   0.000000e+00
   -2.800000e+02   0.000000e+00   0.000000e+00
   -2.800000e+02  -5.000000e+00   0.000000e+00
   -2.750000e+02   5.000000e+00   0.000000e+00
   -2.750000e+02   0.000000e+00   0.000000e+00
   -2.750000e+02  -5.000000e+00   0.000000e+00
   -2.700000e+02   5.000000e+00   0.000000e+00
   -2.700000e+02   0.000000e+00   0.000000e+00
   -2.700000e+02  -5.000000e+00   0.000000e+00
   -2.650000e+02   5.000000e+00   0.000000e+00
   -2.650000e+02   0.000000e+00   0.000000e+00
   -2.650000e+02  -5.000000e+00   0.000000e+00
   -2.600000e+02   5.000000e+00   0.000000e+00
   -2.600000e+02   0.000000e+00   0.000000e+00
   -2.600000e+02  -5.000000e+00   0.000000e+00
   -2.550000e+02   5.000000e+00   0.000000e+00
   -2.550000e+02   0.000000e+00   0.000000e+00
   -2.550000e+02  -5.000000e+00   0.000000e+00
   -3.000000e+02  -5.000000e+00  -3.500000e+01
   -3.000000e+02   0.000000e+00  -3.500000e+01
   -3.000000e+02   5.000000e+00  -3.500000e+01
   -3.000000e+02  -5.000000e+00  -4.000000e+01
   -3.000000e+02   0.000000e+00  -4.000000e+01
   -3.000000e+02   5.000000e+00  -4.000000e+01
   -3.000000e+02  -5.000000e+00  -4.500000e+01
   -3.000000e+02   0.000000e+00  -4.500000e+01
   -3.000000e+02   5.000000e+00  -4.500000e+01
   -2.500000e+02  -5.000000e+00  -3.500000e+01
   -2.500000e+02   0.000000e+00  -3.500000e+01
   -2.500000e+02   5.000000e+00  -3.500000e+01
   -2.500000e+02  -5.000000e+00  -4.000000e+01
   -2.500000e+02   0.000000e+00  -4.000000e+01
   -2.500000e+02   5.000000e+00  -4.000000e+01
   -2.500000e+02  -5.000000e+00  -4.500000e+01
   -2.500000e+02   0.000000e+00  -4.500000e+01
   -2.500000e+02   5.000000e+00  -4.500000e+01
   -2.950000e+02  -1.000000e+01  -3.500000e+01
   -2.950000e+02  -1.000000e+01  -4.000000e+01
   -2.950000e+02  -1.000000e+01  -4.500000e+01
   -2.900000e+02  -1.000000e+01  -3.500000e+01
   -2.900000e+02  -1.000000e+01  -4.000000e+01
   -2.900000e+02  -1.000000e+01  -4.500000e+01
   -2.850000e+02  -1.000000e+01  -3.500000e+01
   -2.850000e+02  -1.000000e+01  -4.000000e+01
   -2.850000e+02  -1.000000e+01  -4.500000e+01
   -2.800000e+02  -1.000000e+01  -3.500000e+01
   -2.800000e+02  -1.000000e+01  -4.000000e+01
   -2.800000e+02  -1.000000e+01  -4.500000e+01
   -2.750000e+02  -1.000000e+01  -3.500000e+01
   -2.750000e+02  -1.000000e+01  -4.000000e+01
   -2.750000e+02  -1.000000e+01  -4.500000e+01
   -2.700000e+02  -1.000000e+01  -3.500000e+01
   -2.700000e+02  -1.000000e+01  -4.000000e+01
   -2.700000e+02  -1.000000e+01  -4.500000e+01
   -2.650000e+02  -1.000000e+01  -3.500000e+01
   -2.650000e+02  -1.000000e+01  -4.000000e+01
   -2.650000e+02  -1.000000e+01  -4.500000e+01
   -2.600000e+02  -1.000000e+01  -3.500000e+01
   -2.600000e+02  -1.000000e+01  -4.000000e+01
   -2.600000e+02  -1.000000e+01  -4.500000e+01
   -2.550000e+02  -1.000000e+01  -3.500000e+01
   -2.550000e+02  -1.000000e+01  -4.000000e+01
   -2.550000e+02  -1.000000e+01  -4.500000e+01
   -2.950000e+02   1.000000e+01  -3.500000e+01
   -2.950000e+02   1.000000e+01  -4.000000e+01
   -2.950000e+02   1.000000e+01  -4.500000e+01
   -2.900000e+02   1.000000e+01  -3.500000e+01
   -2.900000e+02   1.000000e+01  -4.000000e+01
   -2.900000e+02   1.000000e+01  -4.500000e+01
   -2.850000e+02   1.000000e+01  -3.500000e+01
   -2.850000e+02   1.000000e+01  -4.000000e+01
   -2.850000e+02   1.000000e+01  -4.500000e+01
   -2.800000e+02   1.000000e+01  -3.500000e+01
   -2.800000e+02   1.000000e+01  -4.000000e+01
   -2.800000e+02   1.000000e+01  -4.500000e+01
   -2.750000e+02   1.000000e+01  -3.500000e+01
   -2.750000e+02   1.000000e+01  -4.000000e+01
   -2.750000e+02   1.000000e+01  -4.500000e+01
   -2.700000e+02   1.000000e+01  -3.500000e+01
   -2.700000e+02   1.000000e+01  -4.000000e+01
   -2.700000e+02   1.000000e+01  -4.500000e+01
   -2.650000e+02   1.000000e+01  -3.500000e+01
   -2.650000e+02   1.000000e+01  -4.000000e+01
   -2.650000e+02   1.000000e+01  -4.500000e+01
   -2.600000e+02   1.000000e+01  -3.500000e+01
   -2.600000e+02   1.000000e+01  -4.000000e+01
   -2.600000e+02   1.000000e+01  -4.500000e+01
   -2.550000e+02   1.000000e+01  -3.500000e+01
   -2.550000e+02   1.000000e+01  -4.000000e+01
   -2.550000e+02   1.000000e+01  -4.500000e+01
   -2.950000e+02  -5.000000e+00  -5.000000e+01
   -2.950000e+02   0.000000e+00  -5.000000e+01
   -2.950000e+02   5.000000e+00  -5.000000e+01
   -2.900000e+02  -5.000000e+00  -5.000000e+01
   -2.900000e+02   0.000000e+00  -5.000000e+01
   -2.900000e+02   5.000000e+00  -5.000000e+01
   -2.850000e+02  -5.000000e+00  -5.000000e+01
   -2.850000e+02   0.000000e+00  -5.000000e+01
   -2.850000e+02   5.000000e+00  -5.000000e+01
   -2.800000e+02  -5.000000e+00  -5.000000e+01
   -2.800000e+02   0.000000e+00  -5.000000e+01
   -2.800000e+02   5.000000e+00  -5.000000e+01
   -2.750000e+02  -5.000000e+00  -5.000000e+01
   -2.750000e+02   0.000000e+00  -5.000000e+01
   -2.750000e+02   5.000000e+00  -5.000000e+01
   -2.700000e+02  -5.000000e+00  -5.000000e+01
   -2.700000e+02   0.000000e+00  -5.000000e+01
   -2.700000e+02   5.000000e+00  -5.000000e+01
   -2.650000e+02  -5.000000e+00  -5.000000e+01
   -2.650000e+02   0.000000e+00  -5.000000e+01
   -2.650000e+02   5.000000e+00  -5.000000e+01
   -2.600000e+02  -5.000000e+00  -5.000000e+01
   -2.600000e+02   0.000000e+00  -5.000000e+01
   -2.600000e+02   5.000000e+00  -5.000000e+01
   -2.550000e+02  -5.000000e+00  -5.000000e+01
   -2.550000e+02   0.000000e+00  -5.000000e+01
   -2.550000e+02   5.000000e+00  -5.000000e+01
   -2.950000e+02   5.000000e+00  -2.500000e+01
   -2.950000e+02   0.000000e+00  -2.500000e+01
   -2.950000e+02  -5.000000e+00  -2.500000e+01
   -2.950000e+02   5.000000e+00  -2.000000e+01
   -2.950000e+02   0.000000e+00  -2.000000e+01
   -2.950000e+02  -5.000000e+00  -2.000000e+01
   -2.950000e+02   5.000000e+00  -1.500000e+01
   -2.950000e+02   0.000000e+00  -1.500000e+01
   -2.950000e+02  -5.000000e+00  -1.500000e+01
   -2.950000e+02   5.000000e+00  -1.000000e+01
   -2.950000e+02   0.000000e+00  -1.000000e+01
   -2.950000e+02  -5.000000e+00  -1.000000e+01
   -2.950000e+02   5.000000e+00  -5.000000e+00
   -2.950000e+02   0.000000e+00  -5.000000e+00
   -2.950000e+02  -5.000000e+00  -5.000000e+00
   -2.900000e+02   5.000000e+00  -2.500000e+01
   -2.900000e+02   0.000000e+00  -2.500000e+01
   -2.900000e+02  -5.000000e+00  -2.500000e+01
   -2.900000e+02   5.000000e+00  -2.000000e+01
   -2.900000e+02   0.000000e+00  -2.000000e+01
   -2.900000e+02  -5.000000e+00  -2.000000e+01
   -2.900000e+02   5.000000e+00  -1.500000e+01
   -2.900000e+02   0.000000e+00  -1.500000e+01
   -2.900000e+02  -5.000000e+00  -1.500000e+01
   -2.900000e+02   5.000000e+00  -1.000000e+01
   -2.900000e+02   0.000000e+00  -1.000000e+01
   -2.900000e+02  -5.000000e+00  -1.000000e+01
   -2.900000e+02   5.000000e+00  -5.000000e+00
   -2.900000e+02   0.000000e+00  -5.000000e+00
   -2.900000e+02  -5.000000e+00  -5.000000e+00
   -2.850000e+02   5.000000e+00  -2.500000e+01
   -2.850000e+02   0.000000e+00  -2.500000e+01
   -2.850000e+02  -5.000000e+00  -2.500000e+01
   -2.850000e+02   5.000000e+00  -2.000000e+01
   -2.850000e+02   0.000000e+00  -2.000000e+01
   -2.850000e+02  -5.000000e+00  -2.000000e+01
   -2.850000e+02   5.000000e+00  -1.500000e+01
   -2.850000e+02   0.000000e+00  -1.500000e+01
   -2.850000e+02  -5.000000e+00  -1.500000e+01
   -2.850000e+02   5.000000e+00  -1.000000e+01
   -2.850000e+02   0.000000e+00  -1.000000e+01
   -2.850000e+02  -5.000000e+00  -1.000000e+01
   -2.850000e+02   5.000000e+00  -5.000000e+00
   -2.850000e+02   0.000000e+00  -5.000000e+00
   -2.850000e+02  -5.000000e+00  -5.000000e+00
   -2.800000e+02   5.000000e+00  -2.500000e+01
   -2.800000e+02   0.000000e+00  -2.500000e+01
   -2.800000e+02  -5.000000e+00  -2.500000e+01
   -2.800000e+02   5.000000e+00  -2.000000e+01
   -2.800000e+02   0.000000e+00  -2.000000e+01
   -2.800000e+02  -5.000000e+00  -2.000000e+01
   -2.800000e+02   5.000000e+00  -1.500000e+01
   -2.800000e+02   0.000000e+00  -1.500000e+01
   -2.800000e+02  -5.000000e+00  -1.500000e+01
   -2.800000e+02   5.000000e+00  -1.000000e+01
   -2.800000e+02   0.000000e+00  -1.000000e+01
   -2.800000e+02  -5.000000e+00  -1.000000e+01
   -2.800000e+02   5.000000e+00  -5.000000e+00
   -2.800000e+02   0.000000e+00  -5.000000e+00
   -2.800000e+02  -5.000000e+00  -5.000000e+00
   -2.750000e+02   5.000000e+00  -2.500000e+01
   -2.750000e+02   0.000000e+00  -2.500000e+01
   -2.750000e+02  -5.000000e+00  -2.500000e+01
   -2.750000e+02   5.000000e+00  -2.000000e+01
   -2.750000e+02   0.000000e+00  -2.000000e+01
   -2.750000e+02  -5.000000e+00  -2.000000e+01
   -2.750000e+02   5.000000e+00  -1.500000e+01
   -2.750000e+02   0.000000e+00  -1.500000e+01
   -2.750000e+02  -5.000000e+00  -1.500000e+01
   -2.750000e+02   5.000000e+00  -1.000000e+01
   -2.750000e+02   0.000000e+00  -1.000000e+01
   -2.750000e+02  -5.000000e+00  -1.000000e+01
   -2.750000e+02   5.000000e+00  -5.000000e+00
   -2.750000e+02   0.000000e+00  -5.000000e+00
   -2.750000e+02  -5.000000e+00  -5.000000e+00
   -2.700000e+02   5.000000e+00  -2.500000e+01
   -2.700000e+02   0.000000e+00  -2.500000e+01
   -2.700000e+02  -5.000000e+00  -2.500000e+01
   -2.700000e+02   5.000000e+00  -2.000000e+01
   -2.700000e+02   0.000000e+00  -2.000000e+01
   -2.700000e+02  -5.000000e+00  -2.000000e+01
   -2.700000e+02   5.000000e+00  -1.500000e+01
   -2.700000e+02   0.000000e+00  -1.500000e+01
   -2.700000e+02  -5.000000e+00  -1.500000e+01
   -2.700000e+02   5.000000e+00  -1.000000e+01
   -2.700000e+02   0.000000e+00  -1.000000e+01
   -2.700000e+02  -5.000000e+00  -1.000000e+01
   -2.700000e+02   5.000000e+00  -5.000000e+00
   -2.700000e+02   0.000000e+00  -5.000000e+00
   -2.700000e+02  -5.000000e+00  -5.000000e+00
   -2.650000e+02   5.000000e+00  -2.500000e+01
   -2.650000e+02   0.000000e+00  -2.500000e+01
   -2.650000e+02  -5.000000e+00  -2.500000e+01
   -2.650000e+02   5.000000e+00  -2.000000e+01
   -2.650000e+02   0.000000e+00  -2.000000e+01
   -2.650000e+02  -5.000000e+00  -2.000000e+01
   -2.650000e+02   5.000000e+00  -1.500000e+01
   -2.650000e+02   0.000000e+00  -1.500000e+01
   -2.650000e+02  -5.000000e+00  -1.500000e+01
   -2.650000e+02   5.000000e+00  -1.000000e+01
   -2.650000e+02   0.000000e+00  -1.000000e+01
   -2.650000e+02  -5.000000e+00  -1.000000e+01
   -2.650000e+02   5.000000e+00  -5.000000e+00
   -2.650000e+02   0.000000e+00  -5.000000e+00
   -2.650000e+02  -5.000000e+00  -5.000000e+00
   -2.600000e+02   5.000000e+00  -2.500000e+01
   -2.600000e+02   0.000000e+00  -2.500000e+01
   -2.600000e+02  -5.000000e+00  -2.500000e+01
   -2.600000e+02   5.000000e+00  -2.000000e+01
   -2.600000e+02   0.000000e+00  -2.000000e+01
   -2.600000e+02  -5.000000e+00  -2.000000e+01
   -2.600000e+02   5.000000e+00  -1.500000e+01
   -2.600000e+02   0.000000e+00  -1.500000e+01
   -2.600000e+02  -5.000000e+00  -1.500000e+01
   -2.600000e+02   5.000000e+00  -1.000000e+01
   -2.600000e+02   0.000000e+00  -1.000000e+01
   -2.600000e+02  -5.000000e+00  -1.000000e+01
   -2.600000e+02   5.000000e+00  -5.000000e+00
   -2.600000e+02   0.000000e+00  -5.000000e+00
   -2.600000e+02  -5.000000e+00  -5.000000e+00
   -2.550000e+02   5.000000e+00  -2.500000e+01
   -2.550000e+02   0.000000e+00  -2.500000e+01
   -2.550000e+02  -5.000000e+00  -2.500000e+01
   -2.550000e+02   5.000000e+00  -2.000000e+01
   -2.550000e+02   0.000000e+00  -2.000000e+01
   -2.550000e+02  -5.000000e+00  -2.000000e+01
   -2.550000e+02   5.000000e+00  -1.500000e+01
   -2.550000e+02   0.000000e+00  -1.500000e+01
   -2.550000e+02  -5.000000e+00  -1.500000e+01
   -2.550000e+02   5.000000e+00  -1.000000e+01
   -2.550000e+02   0.000000e+00  -1.000000e+01
   -2.550000e+02  -5.000000e+00  -1.000000e+01
   -2.550000e+02   5.000000e+00  -5.000000e+00
   -2.550000e+02   0.000000e+00  -5.000000e+00
   -2.550000e+02  -5.000000e+00  -5.000000e+00
   -2.950000e+02  -5.000000e+00  -3.500000e+01
   -2.950000e+02   0.000000e+00  -3.500000e+01
   -2.950000e+02   5.000000e+00  -3.500000e+01
   -2.950000e+02  -5.000000e+00  -4.000000e+01
   -2.950000e+02   0.000000e+00  -4.000000e+01
   -2.950000e+02   5.000000e+00  -4.000000e+01
   -2.950000e+02  -5.000000e+00  -4.500000e+01
   -2.950000e+02   0.000000e+00  -4.500000e+01
   -2.950000e+02   5.000000e+00  -4.500000e+01
   -2.900000e+02  -5.000000e+00  -3.500000e+01
   -2.900000e+02   0.000000e+00  -3.500000e+01
   -2.900000e+02   5.000000e+00  -3.500000e+01
   -2.900000e+02  -5.000000e+00  -4.000000e+01
   -2.900000e+02   0.000000e+00  -4.000000e+01
   -2.900000e+02   5.000000e+00  -4.000000e+01
   -2.900000e+02  -5.000000e+00  -4.500000e+01
   -2.900000e+02   0.000000e+00  -4.500000e+01
   -2.900000e+02   5.000000e+00  -4.500000e+01
   -2.850000e+02  -5.000000e+00  -3.500000e+01
   -2.850000e+02   0.000000e+00  -3.500000e+01
   -2.850000e+02   5.000000e+00  -3.500000e+01
   -2.850000e+02  -5.000000e+00  -4.000000e+01
   -2.850000e+02   0.000000e+00  -4.000000e+01
   -2.850000e+02   5.000000e+00  -4.000000e+01
   -2.850000e+02  -5.000000e+00  -4.500000e+01
   -2.850000e+02   0.000000e+00  -4.500000e+01
   -2.850000e+02   5.000000e+00  -4.500000e+01
   -2.800000e+02  -5.000000e+00  -3.500000e+01
   -2.800000e+02   0.000000e+00  -3.500000e+01
   -2.800000e+02   5.000000e+00  -3.500000e+01
   -2.800000e+02  -5.000000e+00  -4.000000e+01
   -2.800000e+02   0.000000e+00  -4.000000e+01
   -2.800000e+02   5.000000e+00  -4.000000e+01
   -2.800000e+02  -5.000000e+00  -4.500000e+01
   -2.800000e+02   0.000000e+00  -4.500000e+01
   -2.800000e+02   5.000000e+00  -4.500000e+01
   -2.750000e+02  -5.000000e+00  -3.500000e+01
   -2.750000e+02   0.000000e+00  -3.500000e+01
   -2.750000e+02   5.000000e+00  -3.500000e+01
   -2.750000e+02  -5.000000e+00  -4.000000e+01
   -2.750000e+02   0.000000e+00  -4.000000e+01
   -2.750000e+02   5.000000e+00  -4.000000e+01
   -2.750000e+02  -5.000000e+00  -4.500000e+01
   -2.750000e+02   0.000000e+00  -4.500000e+01
   -2.750000e+02   5.000000e+00  -4.500000e+01
   -2.700000e+02  -5.000000e+00  -3.500000e+01
   -2.700000e+02   0.000000e+00  -3.500000e+01
   -2.700000e+02   5.000000e+00  -3.500000e+01
   -2.700000e+02  -5.000000e+00  -4.000000e+01
   -2.700000e+02   0.000000e+00  -4.000000e+01
   -2.700000e+02   5.000000e+00  -4.000000e+01
   -2.700000e+02  -5.000000e+00  -4.500000e+01
   -2.700000e+02   0.000000e+00  -4.500000e+01
   -2.700000e+02   5.000000e+00  -4.500000e+01
   -2.650000e+02  -5.000000e+00  -3.500000e+01
   -2.650000e+02   0.000000e+00  -3.500000e+01
   -2.650000e+02   5.000000e+00  -3.500000e+01
   -2.650000e+02  -5.000000e+00  -4.000000e+01
   -2.650000e+02   0.000000e+00  -4.000000e+01
   -2.650000e+02   5.000000e+00  -4.000000e+01
   -2.650000e+02  -5.000000e+00  -4.500000e+01
   -2.650000e+02   0.000000e+00  -4.500000e+01
   -2.650000e+02   5.000000e+00  -4.500000e+01
   -2.600000e+02  -5.000000e+00  -3.500000e+01
   -2.600000e+02   0.000000e+00  -3.500000e+01
   -2.600000e+02   5.000000e+00  -3.500000e+01
   -2.600000e+02  -5.000000e+00  -4.000000e+01
   -2.600000e+02   0.000000e+00  -4.000000e+01
   -2.600000e+02   5.000000e+00  -4.000000e+01
   -2.600000e+02  -5.000000e+00  -4.500000e+01
   -2.600000e+02   0.000000e+00  -4.500000e+01
   -2.600000e+02   5.000000e+00  -4.500000e+01
   -2.550000e+02  -5.000000e+00  -3.500000e+01
   -2.550000e+02   0.000000e+00  -3.500000e+01
   -2.550000e+02   5.000000e+00  -3.500000e+01
   -2.550000e+02  -5.000000e+00  -4.000000e+01
   -2.550000e+02   0.000000e+00  -4.000000e+01
   -2.550000e+02   5.000000e+00  -4.000000e+01
   -2.550000e+02  -5.000000e+00  -4.500000e+01
   -2.550000e+02   0.000000e+00  -4.500000e+01
   -2.550000e+02   5.000000e+00  -4.500000e+01
    2.500000e+02   1.000000e+01  -3.000000e+01
    2.500000e+02  -1.000000e+01  -3.000000e+01
    3.000000e+02  -1.000000e+01  -3.000000e+01
    3.000000e+02  -1.000000e+01   0.000000e+00
    3.000000e+02   1.000000e+01   0.000000e+00
    3.000000e+02   1.000000e+01  -3.000000e+01
    2.500000e+02   1.000000e+01  -5.000000e+01
    2.500000e+02  -1.000000e+01  -5.000000e+01
    3.000000e+02   1.000000e+01  -5.000000e+01
    3.000000e+02  -1.000000e+01  -5.000000e+01
    2.500000e+02   5.000000e+00  -3.000000e+01
    2.500000e+02   0.000000e+00  -3.000000e+01
    2.500000e+02  -5.000000e+00  -3.000000e+01
    2.500000e+02  -1.000000e+01  -2.500000e+01
    2.500000e+02  -1.000000e+01  -2.000000e+01
    2.500000e+02  -1.000000e+01  -1.500000e+01
    2.500000e+02  -1.000000e+01  -1.000000e+01
    2.500000e+02  -1.000000e+01  -5.000000e+00
    2.500000e+02   1.000000e+01  -5.000000e+00
    2.500000e+02   1.000000e+01  -1.000000e+01
    2.500000e+02   1.000000e+01  -1.500000e+01
    2.500000e+02   1.000000e+01  -2.000000e+01
    2.500000e+02   1.000000e+01  -2.500000e+01
    3.000000e+02  -5.000000e+00  -3.000000e+01
    3.000000e+02   0.000000e+00  -3.000000e+01
    3.000000e+02   5.000000e+00  -3.000000e+01
    3.000000e+02  -1.000000e+01  -5.000000e+00
    3.000000e+02  -1.000000e+01  -1.000000e+01
    3.000000e+02  -1.000000e+01  -1.500000e+01
    3.000000e+02  -1.000000e+01  -2.000000e+01
    3.000000e+02  -1.000000e+01  -2.500000e+01
    3.000000e+02   5.000000e+00   0.000000e+00
    3.000000e+02   0.000000e+00   0.000000e+00
    3.000000e+02  -5.000000e+00   0.000000e+00
    3.000000e+02   1.000000e+01  -2.500000e+01
    3.000000e+02   1.000000e+01  -2.000000e+01
    3.000000e+02   1.000000e+01  -1.500000e+01
    3.000000e+02   1.000000e+01  -1.000000e+01
    3.000000e+02   1.000000e+01  -5.000000e+00
    2.550000e+02   1.000000e+01   0.000000e+00
    2.600000e+02   1.000000e+01   0.000000e+00
    2.650000e+02   1.000000e+01   0.000000e+00
    2.700000e+02   1.000000e+01   0.000000e+00
    2.750000e+02   1.000000e+01   0.000000e+00
    2.800000e+02   1.000000e+01   0.000000e+00
    2.850000e+02   1.000000e+01   0.000000e+00
    2.900000e+02   1.000000e+01   0.000000e+00
    2.950000e+02   1.000000e+01   0.000000e+00
    2.950000e+02   1.000000e+01  -3.000000e+01
    2.900000e+02   1.000000e+01  -3.000000e+01
    2.850000e+02   1.000000e+01  -3.000000e+01
    2.800000e+02   1.000000e+01  -3.000000e+01
    2.750000e+02   1.000000e+01  -3.000000e+01
    2.700000e+02   1.000000e+01  -3.000000e+01
    2.650000e+02   1.000000e+01  -3.000000e+01
    2.600000e+02   1.000000e+01  -3.000000e+01
    2.550000e+02   1.000000e+01  -3.000000e+01
    2.950000e+02  -1.000000e+01   0.000000e+00
    2.900000e+02  -1.000000e+01   0.000000e+00
    2.850000e+02  -1.000000e+01   0.000000e+00
    2.800000e+02  -1.000000e+01   0.000000e+00
    2.750000e+02  -1.000000e+01   0.000000e+00
    2.700000e+02  -1.000000e+01   0.000000e+00
    2.650000e+02  -1.000000e+01   0.000000e+00
    2.600000e+02  -1.000000e+01   0.000000e+00
    2.550000e+02  -1.000000e+01   0.000000e+00
    2.550000e+02  -1.000000e+01  -3.000000e+01
    2.600000e+02  -1.000000e+01  -3.000000e+01
    2.650000e+02  -1.000000e+01  -3.000000e+01
    2.700000e+02  -1.000000e+01  -3.000000e+01
    2.750000e+02  -1.000000e+01  -3.000000e+01
    2.800000e+02  -1.000000e+01  -3.000000e+01
    2.850000e+02  -1.000000e+01  -3.000000e+01
    2.900000e+02  -1.000000e+01  -3.000000e+01
    2.950000e+02  -1.000000e+01  -3.000000e+01
    2.500000e+02   1.000000e+01  -3.500000e+01
    2.500000e+02   1.000000e+01  -4.000000e+01
    2.500000e+02   1.000000e+01  -4.500000e+01
    2.500000e+02   5.000000e+00  -5.000000e+01
    2.500000e+02   0.000000e+00  -5.000000e+01
    2.500000e+02  -5.000000e+00  -5.000000e+01
    2.500000e+02  -1.000000e+01  -4.500000e+01
    2.500000e+02  -1.000000e+01  -4.000000e+01
    2.500000e+02  -1.000000e+01  -3.500000e+01
    3.000000e+02   1.000000e+01  -4.500000e+01
    3.000000e+02   1.000000e+01  -4.000000e+01
    3.000000e+02   1.000000e+01  -3.500000e+01
    3.000000e+02  -5.000000e+00  -5.000000e+01
    3.000000e+02   0.000000e+00  -5.000000e+01
    3.000000e+02   5.000000e+00  -5.000000e+01
    3.000000e+02  -1.000000e+01  -3.500000e+01
    3.000000e+02  -1.000000e+01  -4.000000e+01
    3.000000e+02  -1.000000e+01  -4.500000e+01
    2.550000e+02  -1.000000e+01  -5.000000e+01
    2.600000e+02  -1.000000e+01  -5.000000e+01
    2.650000e+02  -1.000000e+01  -5.000000e+01
    2.700000e+02  -1.000000e+01  -5.000000e+01
    2.750000e+02  -1.000000e+01  -5.000000e+01
    2.800000e+02  -1.000000e+01  -5.000000e+01
    2.850000e+02  -1.000000e+01  -5.000000e+01
    2.900000e+02  -1.000000e+01  -5.000000e+01
    2.950000e+02  -1.000000e+01  -5.000000e+01
    2.950000e+02   1.000000e+01  -5.000000e+01
    2.900000e+02   1.000000e+01  -5.000000e+01
    2.850000e+02   1.000000e+01  -5.000000e+01
    2.800000e+02   1.000000e+01  -5.000000e+01
    2.750000e+02   1.000000e+01  -5.000000e+01
    2.700000e+02   1.000000e+01  -5.000000e+01
    2.650000e+02   1.000000e+01  -5.000000e+01
    2.600000e+02   1.000000e+01  -5.000000e+01
    2.550000e+02   1.000000e+01  -5.000000e+01
    2.500000e+02   5.000000e+00  -2.500000e+01
    2.500000e+02   0.000000e+00  -2.500000e+01
    2.500000e+02  -5.000000e+00  -2.500000e+01
    2.500000e+02   5.000000e+00  -2.000000e+01
    2.500000e+02   0.000000e+00  -2.000000e+01
    2.500000e+02  -5.000000e+00  -2.000000e+01
    2.500000e+02   5.000000e+00  -1.500000e+01
    2.500000e+02   0.000000e+00  -1.500000e+01
    2.500000e+02  -5.000000e+00  -1.500000e+01
    2.500000e+02   5.000000e+00  -1.000000e+01
    2.500000e+02   0.000000e+00  -1.000000e+01
    2.500000e+02  -5.000000e+00  -1.000000e+01
    2.500000e+02   5.000000e+00  -5.000000e+00
    2.500000e+02   0.000000e+00  -5.000000e+00
    2.500000e+02  -5.000000e+00  -5.000000e+00
    3.000000e+02   5.000000e+00  -2.500000e+01
    3.000000e+02   0.000000e+00  -2.500000e+01
    3.000000e+02  -5.000000e+00  -2.500000e+01
    3.000000e+02   5.000000e+00  -2.000000e+01
    3.000000e+02   0.000000e+00  -2.000000e+01
    3.000000e+02  -5.000000e+00  -2.000000e+01
    3.000000e+02   5.000000e+00  -1.500000e+01
    3.000000e+02   0.000000e+00  -1.500000e+01
    3.000000e+02  -5.000000e+00  -1.500000e+01
    3.000000e+02   5.000000e+00  -1.000000e+01
    3.000000e+02   0.000000e+00  -1.000000e+01
    3.000000e+02  -5.000000e+00  -1.000000e+01
    3.000000e+02   5.000000e+00  -5.000000e+00
    3.000000e+02   0.000000e+00  -5.000000e+00
    3.000000e+02  -5.000000e+00  -5.000000e+00
    2.550000e+02   1.000000e+01  -2.500000e+01
    2.550000e+02   1.000000e+01  -2.000000e+01
    2.550000e+02   1.000000e+01  -1.500000e+01
    2.550000e+02   1.000000e+01  -1.000000e+01
    2.550000e+02   1.000000e+01  -5.000000e+00
    2.600000e+02   1.000000e+01  -2.500000e+01
    2.600000e+02   1.000000e+01  -2.000000e+01
    2.600000e+02   1.000000e+01  -1.500000e+01
    2.600000e+02   1.000000e+01  -1.000000e+01
    2.600000e+02   1.000000e+01  -5.000000e+00
    2.650000e+02   1.000000e+01  -2.500000e+01
    2.650000e+02   1.000000e+01  -2.000000e+01
    2.650000e+02   1.000000e+01  -1.500000e+01
    2.650000e+02   1.000000e+01  -1.000000e+01
    2.650000e+02   1.000000e+01  -5.000000e+00
    2.700000e+02   1.000000e+01  -2.500000e+01
    2.700000e+02   1.000000e+01  -2.000000e+01
    2.700000e+02   1.000000e+01  -1.500000e+01
    2.700000e+02   1.000000e+01  -1.000000e+01
    2.700000e+02   1.000000e+01  -5.000000e+00
    2.750000e+02   1.000000e+01  -2.500000e+01
    2.750000e+02   1.000000e+01  -2.000000e+01
    2.750000e+02   1.000000e+01  -1.500000e+01
    2.750000e+02   1.000000e+01  -1.000000e+01
    2.750000e+02   1.000000e+01  -5.000000e+00
    2.800000e+02   1.000000e+01  -2.500000e+01
    2.800000e+02   1.000000e+01  -2.000000e+01
    2.800000e+02   1.000000e+01  -1.500000e+01
    2.800000e+02   1.000000e+01  -1.000000e+01
    2.800000e+02   1.000000e+01  -5.000000e+00
    2.850000e+02   1.000000e+01  -2.500000e+01
    2.850000e+02   1.000000e+01  -2.000000e+01
    2.850000e+02   1.000000e+01  -1.500000e+01
    2.850000e+02   1.000000e+01  -1.000000e+01
    2.850000e+02   1.000000e+01  -5.000000e+00
    2.900000e+02   1.000000e+01  -2.500000e+01
    2.900000e+02   1.000000e+01  -2.000000e+01
    2.900000e+02   1.000000e+01  -1.500000e+01
    2.900000e+02   1.000000e+01  -1.000000e+01
    2.900000e+02   1.000000e+01  -5.000000e+00
    2.950000e+02   1.000000e+01  -2.500000e+01
    2.950000e+02   1.000000e+01  -2.000000e+01
    2.950000e+02   1.000000e+01  -1.500000e+01
    2.950000e+02   1.000000e+01  -1.000000e+01
    2.950000e+02   1.000000e+01  -5.000000e+00
    2.550000e+02  -1.000000e+01  -2.500000e+01
    2.550000e+02  -1.000000e+01  -2.000000e+01
    2.550000e+02  -1.000000e+01  -1.500000e+01
    2.550000e+02  -1.000000e+01  -1.000000e+01
    2.550000e+02  -1.000000e+01  -5.000000e+00
    2.600000e+02  -1.000000e+01  -2.500000e+01
    2.600000e+02  -1.000000e+01  -2.000000e+01
    2.600000e+02  -1.000000e+01  -1.500000e+01
    2.600000e+02  -1.000000e+01  -1.000000e+01
    2.600000e+02  -1.000000e+01  -5.000000e+00
    2.650000e+02  -1.000000e+01  -2.500000e+01
    2.650000e+02  -1.000000e+01  -2.000000e+01
    2.650000e+02  -1.000000e+01  -1.500000e+01
    2.650000e+02  -1.000000e+01  -1.000000e+01
    2.650000e+02  -1.000000e+01  -5.000000e+00
    2.700000e+02  -1.000000e+01  -2.500000e+01
    2.700000e+02  -1.000000e+01  -2.000000e+01
    2.700000e+02  -1.000000e+01  -1.500000e+01
    2.700000e+02  -1.000000e+01  -1.000000e+01
    2.700000e+02  -1.000000e+01  -5.000000e+00
    2.750000e+02  -1.000000e+01  -2.500000e+01
    2.750000e+02  -1.000000e+01  -2.000000e+01
    2.750000e+02  -1.000000e+01  -1.500000e+01
    2.750000e+02  -1.000000e+01  -1.000000e+01
    2.750000e+02  -1.000000e+01  -5.000000e+00
    2.800000e+02  -1.000000e+01  -2.500000e+01
    2.800000e+02  -1.000000e+01  -2.000000e+01
    2.800000e+02  -1.000000e+01  -1.500000e+01
    2.800000e+02  -1.000000e+01  -1.000000e+01
    2.800000e+02  -1.000000e+01  -5.000000e+00
    2.850000e+02  -1.000000e+01  -2.500000e+01
    2.850000e+02  -1.000000e+01  -2.000000e+01
    2.850000e+02  -1.000000e+01  -1.500000e+01
    2.850000e+02  -1.000000e+01  -1.000000e+01
    2.850000e+02  -1.000000e+01  -5.000000e+00
    2.900000e+02  -1.000000e+01  -2.500000e+01
    2.900000e+02  -1.000000e+01  -2.000000e+01
    2.900000e+02  -1.000000e+01  -1.500000e+01
    2.900000e+02  -1.000000e+01  -1.000000e+01
    2.900000e+02  -1.000000e+01  -5.000000e+00
    2.950000e+02  -1.000000e+01  -2.500000e+01
    2.950000e+02  -1.000000e+01  -2.000000e+01
    2.950000e+02  -1.000000e+01  -1.500000e+01
    2.950000e+02  -1.000000e+01  -1.000000e+01
    2.950000e+02  -1.000000e+01  -5.000000e+00
    2.550000e+02   5.000000e+00  -3.000000e+01
    2.550000e+02   0.000000e+00  -3.000000e+01
    2.550000e+02  -5.000000e+00  -3.000000e+01
    2.600000e+02   5.000000e+00  -3.000000e+01
    2.600000e+02   0.000000e+00  -3.000000e+01
    2.600000e+02  -5.000000e+00  -3.000000e+01
    2.650000e+02   5.000000e+00  -3.000000e+01
    2.650000e+02   0.000000e+00  -3.000000e+01
    2.650000e+02  -5.000000e+00  -3.000000e+01
    2.700000e+02   5.000000e+00  -3.000000e+01
    2.700000e+02   0.000000e+00  -3.000000e+01
    2.700000e+02  -5.000000e+00  -3.000000e+01
    2.750000e+02   5.000000e+00  -3.000000e+01
    2.750000e+02   0.000000e+00  -3.000000e+01
    2.750000e+02  -5.000000e+00  -3.000000e+01
    2.800000e+02   5.000000e+00  -3.000000e+01
    2.800000e+02   0.000000e+00  -3.000000e+01
    2.800000e+02  -5.000000e+00  -3.000000e+01
    2.850000e+02   5.000000e+00  -3.000000e+01
    2.850000e+02   0.000000e+00  -3.000000e+01
    2.850000e+02  -5.000000e+00  -3.000000e+01
    2.900000e+02   5.000000e+00  -3.000000e+01
    2.900000e+02   0.000000e+00  -3.000000e+01
    2.900000e+02  -5.000000e+00  -3.000000e+01
    2.950000e+02   5.000000e+00  -3.000000e+01
    2.950000e+02   0.000000e+00  -3.000000e+01
    2.950000e+02  -5.000000e+00  -3.000000e+01
    2.550000e+02   5.000000e+00   0.000000e+00
    2.550000e+02   0.000000e+00   0.000000e+00
    2.550000e+02  -5.000000e+00   0.000000e+00
    2.600000e+02   5.000000e+00   0.000000e+00
    2.600000e+02   0.000000e+00   0.000000e+00
    2.600000e+02  -5.000000e+00   0.000000e+00
    2.650000e+02   5.000000e+00   0.000000e+00
    2.650000e+02   0.000000e+00   0.000000e+00
    2.650000e+02  -5.000000e+00   0.000000e+00
    2.700000e+02   5.000000e+00   0.000000e+00
    2.700000e+02   0.000000e+00   0.000000e+00
    2.700000e+02  -5.000000e+00   0.000000e+00
    2.750000e+02   5.000000e+00   0.000000e+00
    2.750000e+02   0.000000e+00   0.000000e+00
    2.750000e+02  -5.000000e+00   0.000000e+00
    2.800000e+02   5.000000e+00   0.000000e+00
    2.800000e+02   0.000000e+00   0.000000e+00
    2.800000e+02  -5.000000e+00   0.000000e+00
    2.850000e+02   5.000000e+00   0.000000e+00
    2.850000e+02   0.000000e+00   0.000000e+00
    2.850000e+02  -5.000000e+00   0.000000e+00
    2.900000e+02   5.000000e+00   0.000000e+00
    2.900000e+02   0.000000e+00   0.000000e+00
    2.900000e+02  -5.000000e+00   0.000000e+00
    2.950000e+02   5.000000e+00   0.000000e+00
    2.950000e+02   0.000000e+00   0.000000e+00
    2.950000e+02  -5.000000e+00   0.000000e+00
    2.500000e+02  -5.000000e+00  -3.500000e+01
    2.500000e+02   0.000000e+00  -3.500000e+01
    2.500000e+02   5.000000e+00  -3.500000e+01
    2.500000e+02  -5.000000e+00  -4.000000e+01
    2.500000e+02   0.000000e+00  -4.000000e+01
    2.500000e+02   5.000000e+00  -4.000000e+01
    2.500000e+02  -5.000000e+00  -4.500000e+01
    2.500000e+02   0.000000e+00  -4.500000e+01
    2.500000e+02   5.000000e+00  -4.500000e+01
    3.000000e+02  -5.000000e+00  -3.500000e+01
    3.000000e+02   0.000000e+00  -3.500000e+01
    3.000000e+02   5.000000e+00  -3.500000e+01
    3.000000e+02  -5.000000e+00  -4.000000e+01
    3.000000e+02   0.000000e+00  -4.000000e+01
    3.000000e+02   5.000000e+00  -4.000000e+01
    3.000000e+02  -5.000000e+00  -4.500000e+01
    3.000000e+02   0.000000e+00  -4.500000e+01
    3.000000e+02   5.000000e+00  -4.500000e+01
    2.550000e+02  -1.000000e+01  -3.500000e+01
    2.550000e+02  -1.000000e+01  -4.000000e+01
    2.550000e+02  -1.000000e+01  -4.500000e+01
    2.600000e+02  -1.000000e+01  -3.500000e+01
    2.600000e+02  -1.000000e+01  -4.000000e+01
    2.600000e+02  -1.000000e+01  -4.500000e+01
    2.650000e+02  -1.000000e+01  -3.500000e+01
    2.650000e+02  -1.000000e+01  -4.000000e+01
    2.650000e+02  -1.000000e+01  -4.500000e+01
    2.700000e+02  -1.000000e+01  -3.500000e+01
    2.700000e+02  -1.000000e+01  -4.000000e+01
    2.700000e+02  -1.000000e+01  -4.500000e+01
    2.750000e+02  -1.000000e+01  -3.500000e+01
    2.750000e+02  -1.000000e+01  -4.000000e+01
    2.750000e+02  -1.000000e+01  -4.500000e+01
    2.800000e+02  -1.000000e+01  -3.500000e+01
    2.800000e+02  -1.000000e+01  -4.000000e+01
    2.800000e+02  -1.000000e+01  -4.500000e+01
    2.850000e+02  -1.000000e+01  -3.500000e+01
    2.850000e+02  -1.000000e+01  -4.000000e+01
    2.850000e+02  -1.000000e+01  -4.500000e+01
    2.900000e+02  -1.000000e+01  -3.500000e+01
    2.900000e+02  -1.000000e+01  -4.000000e+01
    2.900000e+02  -1.000000e+01  -4.500000e+01
    2.950000e+02  -1.000000e+01  -3.500000e+01
    2.950000e+02  -1.000000e+01  -4.000000e+01
    2.950000e+02  -1.000000e+01  -4.500000e+01
    2.550000e+02   1.000000e+01  -3.500000e+01
    2.550000e+02   1.000000e+01  -4.000000e+01
    2.550000e+02   1.000000e+01  -4.500000e+01
    2.600000e+02   1.000000e+01  -3.500000e+01
    2.600000e+02   1.000000e+01  -4.000000e+01
    2.600000e+02   1.000000e+01  -4.500000e+01
    2.650000e+02   1.000000e+01  -3.500000e+01
    2.650000e+02   1.000000e+01  -4.000000e+01
    2.650000e+02   1.000000e+01  -4.500000e+01
    2.700000e+02   1.000000e+01  -3.500000e+01
    2.700000e+02   1.000000e+01  -4.000000e+01
    2.700000e+02   1.000000e+01  -4.500000e+01
    2.750000e+02   1.000000e+01  -3.500000e+01
    2.750000e+02   1.000000e+01  -4.000000e+01
    2.750000e+02   1.000000e+01  -4.500000e+01
    2.800000e+02   1.000000e+01  -3.500000e+01
    2.800000e+02   1.000000e+01  -4.000000e+01
    2.800000e+02   1.000000e+01  -4.500000e+01
    2.850000e+02   1.000000e+01  -3.500000e+01
    2.850000e+02   1.000000e+01  -4.000000e+01
    2.850000e+02   1.000000e+01  -4.500000e+01
    2.900000e+02   1.000000e+01  -3.500000e+01
    2.900000e+02   1.000000e+01  -4.000000e+01
    2.900000e+02   1.000000e+01  -4.500000e+01
    2.950000e+02   1.000000e+01  -3.500000e+01
    2.950000e+02   1.000000e+01  -4.000000e+01
    2.950000e+02   1.000000e+01  -4.500000e+01
    2.550000e+02  -5.000000e+00  -5.000000e+01
    2.550000e+02   0.000000e+00  -5.000000e+01
    2.550000e+02   5.000000e+00  -5.000000e+01
    2.600000e+02  -5.000000e+00  -5.000000e+01
    2.600000e+02   0.000000e+00  -5.000000e+01
    2.600000e+02   5.000000e+00  -5.000000e+01
    2.650000e+02  -5.000000e+00  -5.000000e+01
    2.650000e+02   0.000000e+00  -5.000000e+01
    2.650000e+02   5.000000e+00  -5.000000e+01
    2.700000e+02  -5.000000e+00  -5.000000e+01
    2.700000e+02   0.000000e+00  -5.000000e+01
    2.700000e+02   5.000000e+00  -5.000000e+01
    2.750000e+02  -5.000000e+00  -5.000000e+01
    2.750000e+02   0.000000e+00  -5.000000e+01
    2.750000e+02   5.000000e+00  -5.000000e+01
    2.800000e+02  -5.000000e+00  -5.000000e+01
    2.800000e+02   0.000000e+00  -5.000000e+01
    2.800000e+02   5.000000e+00  -5.000000e+01
    2.850000e+02  -5.000000e+00  -5.000000e+01
    2.850000e+02   0.000000e+00  -5.000000e+01
    2.850000e+02   5.000000e+00  -5.000000e+01
    2.900000e+02  -5.000000e+00  -5.000000e+01
    2.900000e+02   0.000000e+00  -5.000000e+01
    2.900000e+02   5.000000e+00  -5.000000e+01
    2.950000e+02  -5.000000e+00  -5.000000e+01
    2.950000e+02   0.000000e+00  -5.000000e+01
    2.950000e+02   5.000000e+00  -5.000000e+01
    2.550000e+02   5.000000e+00  -2.500000e+01
    2.550000e+02   0.000000e+00  -2.500000e+01
    2.550000e+02  -5.000000e+00  -2.500000e+01
    2.550000e+02   5.000000e+00  -2.000000e+01
    2.550000e+02   0.000000e+00  -2.000000e+01
    2.550000e+02  -5.000000e+00  -2.000000e+01
    2.550000e+02   5.000000e+00  -1.500000e+01
    2.550000e+02   0.000000e+00  -1.500000e+01
    2.550000e+02  -5.000000e+00  -1.500000e+01
    2.550000e+02   5.000000e+00  -1.000000e+01
    2.550000e+02   0.000000e+00  -1.000000e+01
    2.550000e+02  -5.000000e+00  -1.000000e+01
    2.550000e+02   5.000000e+00  -5.000000e+00
    2.550000e+02   0.000000e+00  -5.000000e+00
    2.550000e+02  -5.000000e+00  -5.000000e+00
    2.600000e+02   5.000000e+00  -2.500000e+01
    2.600000e+02   0.000000e+00  -2.500000e+01
    2.600000e+02  -5.000000e+00  -2.500000e+01
    2.600000e+02   5.000000e+00  -2.000000e+01
    2.600000e+02   0.000000e+00  -2.000000e+01
    2.600000e+02  -5.000000e+00  -2.000000e+01
    2.600000e+02   5.000000e+00  -1.500000e+01
    2.600000e+02   0.000000e+00  -1.500000e+01
    2.600000e+02  -5.000000e+00  -1.500000e+01
    2.600000e+02   5.000000e+00  -1.000000e+01
    2.600000e+02   0.000000e+00  -1.000000e+01
    2.600000e+02  -5.000000e+00  -1.000000e+01
    2.600000e+02   5.000000e+00  -5.000000e+00
    2.600000e+02   0.000000e+00  -5.000000e+00
    2.600000e+02  -5.000000e+00  -5.000000e+00
    2.650000e+02   5.000000e+00  -2.500000e+01
    2.650000e+02   0.000000e+00  -2.500000e+01
    2.650000e+02  -5.000000e+00  -2.500000e+01
    2.650000e+02   5.000000e+00  -2.000000e+01
    2.650000e+02   0.000000e+00  -2.000000e+01
    2.650000e+02  -5.000000e+00  -2.000000e+01
    2.650000e+02   5.000000e+00  -1.500000e+01
    2.650000e+02   0.000000e+00  -1.500000e+01
    2.650000e+02  -5.000000e+00  -1.500000e+01
    2.650000e+02   5.000000e+00  -1.000000e+01
    2.650000e+02   0.000000e+00  -1.000000e+01
    2.650000e+02  -5.000000e+00  -1.000000e+01
    2.650000e+02   5.000000e+00  -5.000000e+00
    2.650000e+02   0.000000e+00  -5.000000e+00
    2.650000e+02  -5.000000e+00  -5.000000e+00
    2.700000e+02   5.000000e+00  -2.500000e+01
    2.700000e+02   0.000000e+00  -2.500000e+01
    2.700000e+02  -5.000000e+00  -2.500000e+01
    2.700000e+02   5.000000e+00  -2.000000e+01
    2.700000e+02   0.000000e+00  -2.000000e+01
    2.700000e+02  -5.000000e+00  -2.000000e+01
    2.700000e+02   5.000000e+00  -1.500000e+01
    2.700000e+02   0.000000e+00  -1.500000e+01
    2.700000e+02  -5.000000e+00  -1.500000e+01
    2.700000e+02   5.000000e+00  -1.000000e+01
    2.700000e+02   0.000000e+00  -1.000000e+01
    2.700000e+02  -5.000000e+00  -1.000000e+01
    2.700000e+02   5.000000e+00  -5.000000e+00
    2.700000e+02   0.000000e+00  -5.000000e+00
    2.700000e+02  -5.000000e+00  -5.000000e+00
    2.750000e+02   5.000000e+00  -2.500000e+01
    2.750000e+02   0.000000e+00  -2.500000e+01
    2.750000e+02  -5.000000e+00  -2.500000e+01
    2.750000e+02   5.000000e+00  -2.000000e+01
    2.750000e+02   0.000000e+00  -2.000000e+01
    2.750000e+02  -5.000000e+00  -2.000000e+01
    2.750000e+02   5.000000e+00  -1.500000e+01
    2.750000e+02   0.000000e+00  -1.500000e+01
    2.750000e+02  -5.000000e+00  -1.500000e+01
    2.750000e+02   5.000000e+00  -1.000000e+01
    2.750000e+02   0.000000e+00  -1.000000e+01
    2.750000e+02  -5.000000e+00  -1.000000e+01
    2.750000e+02   5.000000e+00  -5.000000e+00
    2.750000e+02   0.000000e+00  -5.000000e+00
    2.750000e+02  -5.000000e+00  -5.000000e+00
    2.800000e+02   5.000000e+00  -2.500000e+01
    2.800000e+02   0.000000e+00  -2.500000e+01
    2.800000e+02  -5.000000e+00  -2.500000e+01
    2.800000e+02   5.000000e+00  -2.000000e+01
    2.800000e+02   0.000000e+00  -2.000000e+01
    2.800000e+02  -5.000000e+00  -2.000000e+01
    2.800000e+02   5.000000e+00  -1.500000e+01
    2.800000e+02   0.000000e+00  -1.500000e+01
    2.800000e+02  -5.000000e+00  -1.500000e+01
    2.800000e+02   5.000000e+00  -1.000000e+01
    2.800000e+02   0.000000e+00  -1.000000e+01
    2.800000e+02  -5.000000e+00  -1.000000e+01
    2.800000e+02   5.000000e+00  -5.000000e+00
    2.800000e+02   0.000000e+00  -5.000000e+00
    2.800000e+02  -5.000000e+00  -5.000000e+00
    2.850000e+02   5.000000e+00  -2.500000e+01
    2.850000e+02   0.000000e+00  -2.500000e+01
    2.850000e+02  -5.000000e+00  -2.500000e+01
    2.850000e+02   5.000000e+00  -2.000000e+01
    2.850000e+02   0.000000e+00  -2.000000e+01
    2.850000e+02  -5.000000e+00  -2.000000e+01
    2.850000e+02   5.000000e+00  -1.500000e+01
    2.850000e+02   0.000000e+00  -1.500000e+01
    2.850000e+02  -5.000000e+00  -1.500000e+01
    2.850000e+02   5.000000e+00  -1.000000e+01
    2.850000e+02   0.000000e+00  -1.000000e+01
    2.850000e+02  -5.000000e+00  -1.000000e+01
    2.850000e+02   5.000000e+00  -5.000000e+00
    2.850000e+02   0.000000e+00  -5.000000e+00
    2.850000e+02  -5.000000e+00  -5.000000e+00
    2.900000e+02   5.000000e+00  -2.500000e+01
    2.900000e+02   0.000000e+00  -2.500000e+01
    2.900000e+02  -5.000000e+00  -2.500000e+01
    2.900000e+02   5.000000e+00  -2.000000e+01
    2.900000e+02   0.000000e+00  -2.000000e+01
    2.900000e+02  -5.000000e+00  -2.000000e+01
    2.900000e+02   5.000000e+00  -1.500000e+01
    2.900000e+02   0.000000e+00  -1.500000e+01
    2.900000e+02  -5.000000e+00  -1.500000e+01
    2.900000e+02   5.000000e+00  -1.000000e+01
    2.900000e+02   0.000000e+00  -1.000000e+01
    2.900000e+02  -5.000000e+00  -1.000000e+01
    2.900000e+02   5.000000e+00  -5.000000e+00
    2.900000e+02   0.000000e+00  -5.000000e+00
    2.900000e+02  -5.000000e+00  -5.000000e+00
    2.950000e+02   5.000000e+00  -2.500000e+01
    2.950000e+02   0.000000e+00  -2.500000e+01
    2.950000e+02  -5.000000e+00  -2.500000e+01
    2.950000e+02   5.000000e+00  -2.000000e+01
    2.950000e+02   0.000000e+00  -2.000000e+01
    2.950000e+02  -5.000000e+00  -2.000000e+01
    2.950000e+02   5.000000e+00  -1.500000e+01
    2.950000e+02   0.000000e+00  -1.500000e+01
    2.950000e+02  -5.000000e+00  -1.500000e+01
    2.950000e+02   5.000000e+00  -1.000000e+01
    2.950000e+02   0.000000e+00  -1.000000e+01
    2.950000e+02  -5.000000e+00  -1.000000e+01
    2.950000e+02   5.000000e+00  -5.000000e+00
    2.950000e+02   0.000000e+00  -5.000000e+00
    2.950000e+02  -5.000000e+00  -5.000000e+00
    2.550000e+02  -5.000000e+00  -3.500000e+01
    2.550000e+02   0.000000e+00  -3.500000e+01
    2.550000e+02   5.000000e+00  -3.500000e+01
    2.550000e+02  -5.000000e+00  -4.000000e+01
    2.550000e+02   0.000000e+00  -4.000000e+01
    2.550000e+02   5.000000e+00  -4.000000e+01
    2.550000e+02  -5.000000e+00  -4.500000e+01
    2.550000e+02   0.000000e+00  -4.500000e+01
    2.550000e+02   5.000000e+00  -4.500000e+01
    2.600000e+02  -5.000000e+00  -3.500000e+01
    2.600000e+02   0.000000e+00  -3.500000e+01
    2.600000e+02   5.000000e+00  -3.500000e+01
    2.600000e+02  -5.000000e+00  -4.000000e+01
    2.600000e+02   0.000000e+00  -4.000000e+01
    2.600000e+02   5.000000e+00  -4.000000e+01
    2.600000e+02  -5.000000e+00  -4.500000e+01
    2.600000e+02   0.000000e+00  -4.500000e+01
    2.600000e+02   5.000000e+00  -4.500000e+01
    2.650000e+02  -5.000000e+00  -3.500000e+01
    2.650000e+02   0.000000e+00  -3.500000e+01
    2.650000e+02   5.000000e+00  -3.500000e+01
    2.650000e+02  -5.000000e+00  -4.000000e+01
    2.650000e+02   0.000000e+00  -4.000000e+01
    2.650000e+02   5.000000e+00  -4.000000e+01
    2.650000e+02  -5.000000e+00  -4.500000e+01
    2.650000e+02   0.000000e+00  -4.500000e+01
    2.650000e+02   5.000000e+00  -4.500000e+01
    2.700000e+02  -5.000000e+00  -3.500000e+01
    2.700000e+02   0.000000e+00  -3.500000e+01
    2.700000e+02   5.000000e+00  -3.500000e+01
    2.700000e+02  -5.000000e+00  -4.000000e+01
    2.700000e+02   0.000000e+00  -4.000000e+01
    2.700000e+02   5.000000e+00  -4.000000e+01
    2.700000e+02  -5.000000e+00  -4.500000e+01
    2.700000e+02   0.000000e+00  -4.500000e+01
    2.700000e+02   5.000000e+00  -4.500000e+01
    2.750000e+02  -5.000000e+00  -3.500000e+01
    2.750000e+02   0.000000e+00  -3.500000e+01
    2.750000e+02   5.000000e+00  -3.500000e+01
    2.750000e+02  -5.000000e+00  -4.000000e+01
    2.750000e+02   0.000000e+00  -4.000000e+01
    2.750000e+02   5.000000e+00  -4.000000e+01
    2.750000e+02  -5.000000e+00  -4.500000e+01
    2.750000e+02   0.000000e+00  -4.500000e+01
    2.750000e+02   5.000000e+00  -4.500000e+01
    2.800000e+02  -5.000000e+00  -3.500000e+01
    2.800000e+02   0.000000e+00  -3.500000e+01
    2.800000e+02   5.000000e+00  -3.500000e+01
    2.800000e+02  -5.000000e+00  -4.000000e+01
    2.800000e+02   0.000000e+00  -4.000000e+01
    2.800000e+02   5.000000e+00  -4.000000e+01
    2.800000e+02  -5.000000e+00  -4.500000e+01
    2.800000e+02   0.000000e+00  -4.500000e+01
    2.800000e+02   5.000000e+00  -4.500000e+01
    2.850000e+02  -5.000000e+00  -3.500000e+01
    2.850000e+02   0.000000e+00  -3.500000e+01
    2.850000e+02   5.000000e+00  -3.500000e+01
    2.850000e+02  -5.000000e+00  -4.000000e+01
    2.850000e+02   0.000000e+00  -4.000000e+01
    2.850000e+02   5.000000e+00  -4.000000e+01
    2.850000e+02  -5.000000e+00  -4.500000e+01
    2.850000e+02   0.000000e+00  -4.500000e+01
    2.850000e+02   5.000000e+00  -4.500000e+01
    2.900000e+02  -5.000000e+00  -3.500000e+01
    2.900000e+02   0.000000e+00  -3.500000e+01
    2.900000e+02   5.000000e+00  -3.500000e+01
    2.900000e+02  -5.000000e+00  -4.000000e+01
    2.900000e+02   0.000000e+00  -4.000000e+01
    2.900000e+02   5.000000e+00  -4.000000e+01
    2.900000e+02  -5.000000e+00  -4.500000e+01
    2.900000e+02   0.000000e+00  -4.500000e+01
    2.900000e+02   5.000000e+00  -4.500000e+01
    2.950000e+02  -5.000000e+00  -3.500000e+01
    2.950000e+02   0.000000e+00  -3.500000e+01
    2.950000e+02   5.000000e+00  -3.500000e+01
    2.950000e+02  -5.000000e+00  -4.000000e+01
    2.950000e+02   0.000000e+00  -4.000000e+01
    2.950000e+02   5.000000e+00  -4.000000e+01
    2.950000e+02  -5.000000e+00  -4.500000e+01
    2.950000e+02   0.000000e+00  -4.500000e+01
    2.950000e+02   5.000000e+00  -4.500000e+01
   -2.000000e+02  -1.000000e+01  -3.000000e+01
   -2.500000e+02  -1.000000e+01  -3.000000e+01
   -2.000000e+02  -1.000000e+01   0.000000e+00
   -1.500000e+02  -1.000000e+01  -3.000000e+01
   -1.500000e+02  -1.000000e+01   0.000000e+00
   -1.000000e+02  -1.000000e+01   0.000000e+00
   -5.000000e+01  -1.000000e+01  -3.000000e+01
   -5.000000e+01  -1.000000e+01   0.000000e+00
   -1.000000e+02  -1.000000e+01  -3.000000e+01
    0.000000e+00  -1.000000e+01   0.000000e+00
    5.000000e+01  -1.000000e+01  -3.000000e+01
    1.000000e+02  -1.000000e+01  -3.000000e+01
    1.000000e+02  -1.000000e+01   0.000000e+00
    1.500000e+02  -1.000000e+01  -3.000000e+01
    5.000000e+01  -1.000000e+01   0.000000e+00
    2.000000e+02  -1.000000e+01  -3.000000e+01
    2.000000e+02  -1.000000e+01   0.000000e+00
    2.500000e+02  -1.000000e+01  -3.000000e+01
    1.500000e+02  -1.000000e+01   0.000000e+00
   -2.038462e+02  -1.000000e+01  -3.000000e+01
   -2.076923e+02  -1.000000e+01  -3.000000e+01
   -2.115385e+02  -1.000000e+01  -3.000000e+01
   -2.153846e+02  -1.000000e+01  -3.000000e+01
   -2.192308e+02  -1.000000e+01  -3.000000e+01
   -2.230769e+02  -1.000000e+01  -3.000000e+01
   -2.269231e+02  -1.000000e+01  -3.000000e+01
   -2.307692e+02  -1.000000e+01  -3.000000e+01
   -2.346154e+02  -1.000000e+01  -3.000000e+01
   -2.384615e+02  -1.000000e+01  -3.000000e+01
   -2.423077e+02  -1.000000e+01  -3.000000e+01
   -2.461538e+02  -1.000000e+01  -3.000000e+01
   -2.033333e+02  -1.000000e+01  -2.000000e+00
   -2.066667e+02  -1.000000e+01  -4.000000e+00
   -2.100000e+02  -1.000000e+01  -6.000000e+00
   -2.133333e+02  -1.000000e+01  -8.000000e+00
   -2.166667e+02  -1.000000e+01  -1.000000e+01
   -2.200000e+02  -1.000000e+01  -1.200000e+01
   -2.233333e+02  -1.000000e+01  -1.400000e+01
   -2.266667e+02  -1.000000e+01  -1.600000e+01
   -2.300000e+02  -1.000000e+01  -1.800000e+01
   -2.333333e+02  -1.000000e+01  -2.000000e+01
   -2.366667e+02  -1.000000e+01  -2.200000e+01
   -2.400000e+02  -1.000000e+01  -2.400000e+01
   -2.433333e+02  -1.000000e+01  -2.600000e+01
   -2.466667e+02  -1.000000e+01  -2.800000e+01
   -1.533333e+02  -1.000000e+01  -2.800000e+01
   -1.566667e+02  -1.000000e+01  -2.600000e+01
   -1.600000e+02  -1.000000e+01  -2.400000e+01
   -1.633333e+02  -1.000000e+01  -2.200000e+01
   -1.666667e+02  -1.000000e+01  -2.000000e+01
   -1.700000e+02  -1.000000e+01  -1.800000e+01
   -1.733333e+02  -1.000000e+01  -1.600000e+01
   -1.766667e+02  -1.000000e+01  -1.400000e+01
   -1.800000e+02  -1.000000e+01  -1.200000e+01
   -1.833333e+02  -1.000000e+01  -1.000000e+01
   -1.866667e+02  -1.000000e+01  -8.000000e+00
   -1.900000e+02  -1.000000e+01  -6.000000e+00
   -1.933333e+02  -1.000000e+01  -4.000000e+00
   -1.966667e+02  -1.000000e+01  -2.000000e+00
   -1.500000e+02  -1.000000e+01  -2.625000e+01
   -1.500000e+02  -1.000000e+01  -2.250000e+01
   -1.500000e+02  -1.000000e+01  -1.875000e+01
   -1.500000e+02  -1.000000e+01  -1.500000e+01
   -1.500000e+02  -1.000000e+01  -1.125000e+01
   -1.500000e+02  -1.000000e+01  -7.500000e+00
   -1.500000e+02  -1.000000e+01  -3.750000e+00
   -2.000000e+02  -1.000000e+01  -3.750000e+00
   -2.000000e+02  -1.000000e+01  -7.500000e+00
   -2.000000e+02  -1.000000e+01  -1.125000e+01
   -2.000000e+02  -1.000000e+01  -1.500000e+01
   -2.000000e+02  -1.000000e+01  -1.875000e+01
   -2.000000e+02  -1.000000e+01  -2.250000e+01
   -2.000000e+02  -1.000000e+01  -2.625000e+01
   -1.033333e+02  -1.000000e+01  -2.000000e+00
   -1.066667e+02  -1.000000e+01  -4.000000e+00
   -1.100000e+02  -1.000000e+01  -6.000000e+00
   -1.133333e+02  -1.000000e+01  -8.000000e+00
   -1.166667e+02  -1.000000e+01  -1.000000e+01
   -1.200000e+02  -1.000000e+01  -1.200000e+01
   -1.233333e+02  -1.000000e+01  -1.400000e+01
   -1.266667e+02  -1.000000e+01  -1.600000e+01
   -1.300000e+02  -1.000000e+01  -1.800000e+01
   -1.333333e+02  -1.000000e+01  -2.000000e+01
   -1.366667e+02  -1.000000e+01  -2.200000e+01
   -1.400000e+02  -1.000000e+01  -2.400000e+01
   -1.433333e+02  -1.000000e+01  -2.600000e+01
   -1.466667e+02  -1.000000e+01  -2.800000e+01
   -5.333333e+01  -1.000000e+01  -2.800000e+01
   -5.666667e+01  -1.000000e+01  -2.600000e+01
   -6.000000e+01  -1.000000e+01  -2.400000e+01
   -6.333333e+01  -1.000000e+01  -2.200000e+01
   -6.666666e+01  -1.000000e+01  -2.000000e+01
   -7.000000e+01  -1.000000e+01  -1.800000e+01
   -7.333334e+01  -1.000000e+01  -1.600000e+01
   -7.666666e+01  -1.000000e+01  -1.400000e+01
   -8.000000e+01  -1.000000e+01  -1.200000e+01
   -8.333334e+01  -1.000000e+01  -1.000000e+01
   -8.666666e+01  -1.000000e+01  -8.000000e+00
   -9.000000e+01  -1.000000e+01  -6.000000e+00
   -9.333334e+01  -1.000000e+01  -4.000000e+00
   -9.666666e+01  -1.000000e+01  -2.000000e+00
   -5.000000e+01  -1.000000e+01  -2.625000e+01
   -5.000000e+01  -1.000000e+01  -2.250000e+01
   -5.000000e+01  -1.000000e+01  -1.875000e+01
   -5.000000e+01  -1.000000e+01  -1.500000e+01
   -5.000000e+01  -1.000000e+01  -1.125000e+01
   -5.000000e+01  -1.000000e+01  -7.500000e+00
   -5.000000e+01  -1.000000e+01  -3.750000e+00
   -1.538462e+02  -1.000000e+01  -3.000000e+01
   -1.576923e+02  -1.000000e+01  -3.000000e+01
   -1.615385e+02  -1.000000e+01  -3.000000e+01
   -1.653846e+02  -1.000000e+01  -3.000000e+01
   -1.692308e+02  -1.000000e+01  -3.000000e+01
   -1.730769e+02  -1.000000e+01  -3.000000e+01
   -1.769231e+02  -1.000000e+01  -3.000000e+01
   -1.807692e+02  -1.000000e+01  -3.000000e+01
   -1.846154e+02  -1.000000e+01  -3.000000e+01
   -1.884615e+02  -1.000000e+01  -3.000000e+01
   -1.923077e+02  -1.000000e+01  -3.000000e+01
   -1.961538e+02  -1.000000e+01  -3.000000e+01
   -1.038462e+02  -1.000000e+01  -3.000000e+01
   -1.076923e+02  -1.000000e+01  -3.000000e+01
   -1.115385e+02  -1.000000e+01  -3.000000e+01
   -1.153846e+02  -1.000000e+01  -3.000000e+01
   -1.192308e+02  -1.000000e+01  -3.000000e+01
   -1.230769e+02  -1.000000e+01  -3.000000e+01
   -1.269231e+02  -1.000000e+01  -3.000000e+01
   -1.307692e+02  -1.000000e+01  -3.000000e+01
   -1.346154e+02  -1.000000e+01  -3.000000e+01
   -1.384615e+02  -1.000000e+01  -3.000000e+01
   -1.423077e+02  -1.000000e+01  -3.000000e+01
   -1.461538e+02  -1.000000e+01  -3.000000e+01
   -1.000000e+02  -1.000000e+01  -3.750000e+00
   -1.000000e+02  -1.000000e+01  -7.500000e+00
   -1.000000e+02  -1.000000e+01  -1.125000e+01
   -1.000000e+02  -1.000000e+01  -1.500000e+01
   -1.000000e+02  -1.000000e+01  -1.875000e+01
   -1.000000e+02  -1.000000e+01  -2.250000e+01
   -1.000000e+02  -1.000000e+01  -2.625000e+01
   -3.333333e+00  -1.000000e+01  -2.000000e+00
   -6.666667e+00  -1.000000e+01  -4.000000e+00
   -1.000000e+01  -1.000000e+01  -6.000000e+00
   -1.333333e+01  -1.000000e+01  -8.000000e+00
   -1.666667e+01  -1.000000e+01  -1.000000e+01
   -2.000000e+01  -1.000000e+01  -1.200000e+01
   -2.333333e+01  -1.000000e+01  -1.400000e+01
   -2.666667e+01  -1.000000e+01  -1.600000e+01
   -3.000000e+01  -1.000000e+01  -1.800000e+01
   -3.333333e+01  -1.000000e+01  -2.000000e+01
   -3.666667e+01  -1.000000e+01  -2.200000e+01
   -4.000000e+01  -1.000000e+01  -2.400000e+01
   -4.333333e+01  -1.000000e+01  -2.600000e+01
   -4.666667e+01  -1.000000e+01  -2.800000e+01
    3.333333e+00  -1.000000e+01  -2.000000e+00
    6.666667e+00  -1.000000e+01  -4.000000e+00
    1.000000e+01  -1.000000e+01  -6.000000e+00
    1.333333e+01  -1.000000e+01  -8.000000e+00
    1.666667e+01  -1.000000e+01  -1.000000e+01
    2.000000e+01  -1.000000e+01  -1.200000e+01
    2.333333e+01  -1.000000e+01  -1.400000e+01
    2.666667e+01  -1.000000e+01  -1.600000e+01
    3.000000e+01  -1.000000e+01  -1.800000e+01
    3.333333e+01  -1.000000e+01  -2.000000e+01
    3.666667e+01  -1.000000e+01  -2.200000e+01
    4.000000e+01  -1.000000e+01  -2.400000e+01
    4.333333e+01  -1.000000e+01  -2.600000e+01
    4.666667e+01  -1.000000e+01  -2.800000e+01
    3.846154e+00  -1.000000e+01  -3.000000e+01
    7.692307e+00  -1.000000e+01  -3.000000e+01
    1.153846e+01  -1.000000e+01  -3.000000e+01
    1.538462e+01  -1.000000e+01  -3.000000e+01
    1.923077e+01  -1.000000e+01  -3.000000e+01
    2.307692e+01  -1.000000e+01  -3.000000e+01
    2.692308e+01  -1.000000e+01  -3.000000e+01
    3.076923e+01  -1.000000e+01  -3.000000e+01
    3.461538e+01  -1.000000e+01  -3.000000e+01
    3.846154e+01  -1.000000e+01  -3.000000e+01
    4.230769e+01  -1.000000e+01  -3.000000e+01
    4.615385e+01  -1.000000e+01  -3.000000e+01
    0.000000e+00  -1.000000e+01  -2.625000e+01
    0.000000e+00  -1.000000e+01  -2.250000e+01
    0.000000e+00  -1.000000e+01  -1.875000e+01
    0.000000e+00  -1.000000e+01  -1.125000e+01
    0.000000e+00  -1.000000e+01  -7.500000e+00
    0.000000e+00  -1.000000e+01  -3.750000e+00
   -5.384615e+01  -1.000000e+01  -3.000000e+01
   -5.769231e+01  -1.000000e+01  -3.000000e+01
   -6.153846e+01  -1.000000e+01  -3.000000e+01
   -6.538461e+01  -1.000000e+01  -3.000000e+01
   -6.923077e+01  -1.000000e+01  -3.000000e+01
   -7.307692e+01  -1.000000e+01  -3.000000e+01
   -7.692308e+01  -1.000000e+01  -3.000000e+01
   -8.076923e+01  -1.000000e+01  -3.000000e+01
   -8.461539e+01  -1.000000e+01  -3.000000e+01
   -8.846154e+01  -1.000000e+01  -3.000000e+01
   -9.230769e+01  -1.000000e+01  -3.000000e+01
   -9.615385e+01  -1.000000e+01  -3.000000e+01
   -3.846154e+00  -1.000000e+01  -3.000000e+01
   -7.692307e+00  -1.000000e+01  -3.000000e+01
   -1.153846e+01  -1.000000e+01  -3.000000e+01
   -1.538462e+01  -1.000000e+01  -3.000000e+01
   -1.923077e+01  -1.000000e+01  -3.000000e+01
   -2.307692e+01  -1.000000e+01  -3.000000e+01
   -2.692308e+01  -1.000000e+01  -3.000000e+01
   -3.076923e+01  -1.000000e+01  -3.000000e+01
   -3.461538e+01  -1.000000e+01  -3.000000e+01
   -3.846154e+01  -1.000000e+01  -3.000000e+01
   -4.230769e+01  -1.000000e+01  -3.000000e+01
   -4.615385e+01  -1.000000e+01  -3.000000e+01
    5.384615e+01  -1.000000e+01  -3.000000e+01
    5.769231e+01  -1.000000e+01  -3.000000e+01
    6.153846e+01  -1.000000e+01  -3.000000e+01
    6.538461e+01  -1.000000e+01  -3.000000e+01
    6.923077e+01  -1.000000e+01  -3.000000e+01
    7.307692e+01  -1.000000e+01  -3.000000e+01
    7.692308e+01  -1.000000e+01  -3.000000e+01
    8.076923e+01  -1.000000e+01  -3.000000e+01
    8.461539e+01  -1.000000e+01  -3.000000e+01
    8.846154e+01  -1.000000e+01  -3.000000e+01
    9.230769e+01  -1.000000e+01  -3.000000e+01
    9.615385e+01  -1.000000e+01  -3.000000e+01
    5.333333e+01  -1.000000e+01  -2.800000e+01
    5.666667e+01  -1.000000e+01  -2.600000e+01
    6.000000e+01  -1.000000e+01  -2.400000e+01
    6.333333e+01  -1.000000e+01  -2.200000e+01
    6.666666e+01  -1.000000e+01  -2.000000e+01
    7.000000e+01  -1.000000e+01  -1.800000e+01
    7.333334e+01  -1.000000e+01  -1.600000e+01
    7.666666e+01  -1.000000e+01  -1.400000e+01
    8.000000e+01  -1.000000e+01  -1.200000e+01
    8.333334e+01  -1.000000e+01  -1.000000e+01
    8.666666e+01  -1.000000e+01  -8.000000e+00
    9.000000e+01  -1.000000e+01  -6.000000e+00
    9.333334e+01  -1.000000e+01  -4.000000e+00
    9.666666e+01  -1.000000e+01  -2.000000e+00
    1.000000e+02  -1.000000e+01  -3.750000e+00
    1.000000e+02  -1.000000e+01  -7.500000e+00
    1.000000e+02  -1.000000e+01  -1.125000e+01
    1.000000e+02  -1.000000e+01  -1.500000e+01
    1.000000e+02  -1.000000e+01  -1.875000e+01
    1.000000e+02  -1.000000e+01  -2.250000e+01
    1.000000e+02  -1.000000e+01  -2.625000e+01
    1.038462e+02  -1.000000e+01  -3.000000e+01
    1.076923e+02  -1.000000e+01  -3.000000e+01
    1.115385e+02  -1.000000e+01  -3.000000e+01
    1.153846e+02  -1.000000e+01  -3.000000e+01
    1.192308e+02  -1.000000e+01  -3.000000e+01
    1.230769e+02  -1.000000e+01  -3.000000e+01
    1.269231e+02  -1.000000e+01  -3.000000e+01
    1.307692e+02  -1.000000e+01  -3.000000e+01
    1.346154e+02  -1.000000e+01  -3.000000e+01
    1.384615e+02  -1.000000e+01  -3.000000e+01
    1.423077e+02  -1.000000e+01  -3.000000e+01
    1.461538e+02  -1.000000e+01  -3.000000e+01
    5.000000e+01  -1.000000e+01  -2.625000e+01
    5.000000e+01  -1.000000e+01  -2.250000e+01
    5.000000e+01  -1.000000e+01  -1.875000e+01
    5.000000e+01  -1.000000e+01  -1.500000e+01
    5.000000e+01  -1.000000e+01  -1.125000e+01
    5.000000e+01  -1.000000e+01  -7.500000e+00
    5.000000e+01  -1.000000e+01  -3.750000e+00
    1.033333e+02  -1.000000e+01  -2.000000e+00
    1.066667e+02  -1.000000e+01  -4.000000e+00
    1.100000e+02  -1.000000e+01  -6.000000e+00
    1.133333e+02  -1.000000e+01  -8.000000e+00
    1.166667e+02  -1.000000e+01  -1.000000e+01
    1.200000e+02  -1.000000e+01  -1.200000e+01
    1.233333e+02  -1.000000e+01  -1.400000e+01
    1.266667e+02  -1.000000e+01  -1.600000e+01
    1.300000e+02  -1.000000e+01  -1.800000e+01
    1.333333e+02  -1.000000e+01  -2.000000e+01
    1.366667e+02  -1.000000e+01  -2.200000e+01
    1.400000e+02  -1.000000e+01  -2.400000e+01
    1.433333e+02  -1.000000e+01  -2.600000e+01
    1.466667e+02  -1.000000e+01  -2.800000e+01
    1.538462e+02  -1.000000e+01  -3.000000e+01
    1.576923e+02  -1.000000e+01  -3.000000e+01
    1.615385e+02  -1.000000e+01  -3.000000e+01
    1.653846e+02  -1.000000e+01  -3.000000e+01
    1.692308e+02  -1.000000e+01  -3.000000e+01
    1.730769e+02  -1.000000e+01  -3.000000e+01
    1.769231e+02  -1.000000e+01  -3.000000e+01
    1.807692e+02  -1.000000e+01  -3.000000e+01
    1.846154e+02  -1.000000e+01  -3.000000e+01
    1.884615e+02  -1.000000e+01  -3.000000e+01
    1.923077e+02  -1.000000e+01  -3.000000e+01
    1.961538e+02  -1.000000e+01  -3.000000e+01
    1.533333e+02  -1.000000e+01  -2.800000e+01
    1.566667e+02  -1.000000e+01  -2.600000e+01
    1.600000e+02  -1.000000e+01  -2.400000e+01
    1.633333e+02  -1.000000e+01  -2.200000e+01
    1.666667e+02  -1.000000e+01  -2.000000e+01
    1.700000e+02  -1.000000e+01  -1.800000e+01
    1.733333e+02  -1.000000e+01  -1.600000e+01
    1.766667e+02  -1.000000e+01  -1.400000e+01
    1.800000e+02  -1.000000e+01  -1.200000e+01
    1.833333e+02  -1.000000e+01  -1.000000e+01
    1.866667e+02  -1.000000e+01  -8.000000e+00
    1.900000e+02  -1.000000e+01  -6.000000e+00
    1.933333e+02  -1.000000e+01  -4.000000e+00
    1.966667e+02  -1.000000e+01  -2.000000e+00
    2.000000e+02  -1.000000e+01  -3.750000e+00
    2.000000e+02  -1.000000e+01  -7.500000e+00
    2.000000e+02  -1.000000e+01  -1.125000e+01
    2.000000e+02  -1.000000e+01  -1.500000e+01
    2.000000e+02  -1.000000e+01  -1.875000e+01
    2.000000e+02  -1.000000e+01  -2.250000e+01
    2.000000e+02  -1.000000e+01  -2.625000e+01
    2.038462e+02  -1.000000e+01  -3.000000e+01
    2.076923e+02  -1.000000e+01  -3.000000e+01
    2.115385e+02  -1.000000e+01  -3.000000e+01
    2.153846e+02  -1.000000e+01  -3.000000e+01
    2.192308e+02  -1.000000e+01  -3.000000e+01
    2.230769e+02  -1.000000e+01  -3.000000e+01
    2.269231e+02  -1.000000e+01  -3.000000e+01
    2.307692e+02  -1.000000e+01  -3.000000e+01
    2.346154e+02  -1.000000e+01  -3.000000e+01
    2.384615e+02  -1.000000e+01  -3.000000e+01
    2.423077e+02  -1.000000e+01  -3.000000e+01
    2.461538e+02  -1.000000e+01  -3.000000e+01
    1.500000e+02  -1.000000e+01  -2.625000e+01
    1.500000e+02  -1.000000e+01  -2.250000e+01
    1.500000e+02  -1.000000e+01  -1.875000e+01
    1.500000e+02  -1.000000e+01  -1.500000e+01
    1.500000e+02  -1.000000e+01  -1.125000e+01
    1.500000e+02  -1.000000e+01  -7.500000e+00
    1.500000e+02  -1.000000e+01  -3.750000e+00
    2.033333e+02  -1.000000e+01  -2.000000e+00
    2.066667e+02  -1.000000e+01  -4.000000e+00
    2.100000e+02  -1.000000e+01  -6.000000e+00
    2.133333e+02  -1.000000e+01  -8.000000e+00
    2.166667e+02  -1.000000e+01  -1.000000e+01
    2.200000e+02  -1.000000e+01  -1.200000e+01
    2.233333e+02  -1.000000e+01  -1.400000e+01
    2.266667e+02  -1.000000e+01  -1.600000e+01
    2.300000e+02  -1.000000e+01  -1.800000e+01
    2.333333e+02  -1.000000e+01  -2.000000e+01
    2.366667e+02  -1.000000e+01  -2.200000e+01
    2.400000e+02  -1.000000e+01  -2.400000e+01
    2.433333e+02  -1.000000e+01  -2.600000e+01
    2.466667e+02  -1.000000e+01  -2.800000e+01
   -2.000000e+02   1.000000e+01  -3.000000e+01
   -2.500000e+02   1.000000e+01  -3.000000e+01
   -2.000000e+02   1.000000e+01   0.000000e+00
   -1.500000e+02   1.000000e+01  -3.000000e+01
   -1.500000e+02   1.000000e+01   0.000000e+00
   -1.000000e+02   1.000000e+01   0.000000e+00
   -5.000000e+01   1.000000e+01  -3.000000e+01
   -5.000000e+01   1.000000e+01   0.000000e+00
   -1.000000e+02   1.000000e+01  -3.000000e+01
    0.000000e+00   1.000000e+01   0.000000e+00
    5.000000e+01   1.000000e+01  -3.000000e+01
    1.000000e+02   1.000000e+01  -3.000000e+01
    1.000000e+02   1.000000e+01   0.000000e+00
    1.500000e+02   1.000000e+01  -3.000000e+01
    5.000000e+01   1.000000e+01   0.000000e+00
    2.000000e+02   1.000000e+01  -3.000000e+01
    2.000000e+02   1.000000e+01   0.000000e+00
    2.500000e+02   1.000000e+01  -3.000000e+01
    1.500000e+02   1.000000e+01   0.000000e+00
   -2.038462e+02   1.000000e+01  -3.000000e+01
   -2.076923e+02   1.000000e+01  -3.000000e+01
   -2.115385e+02   1.000000e+01  -3.000000e+01
   -2.153846e+02   1.000000e+01  -3.000000e+01
   -2.192308e+02   1.000000e+01  -3.000000e+01
   -2.230769e+02   1.000000e+01  -3.000000e+01
   -2.269231e+02   1.000000e+01  -3.000000e+01
   -2.307692e+02   1.000000e+01  -3.000000e+01
   -2.346154e+02   1.000000e+01  -3.000000e+01
   -2.384615e+02   1.000000e+01  -3.000000e+01
   -2.423077e+02   1.000000e+01  -3.000000e+01
   -2.461538e+02   1.000000e+01  -3.000000e+01
   -2.033333e+02   1.000000e+01  -2.000000e+00
   -2.066667e+02   1.000000e+01  -4.000000e+00
   -2.100000e+02   1.000000e+01  -6.000000e+00
   -2.133333e+02   1.000000e+01  -8.000000e+00
   -2.166667e+02   1.000000e+01  -1.000000e+01
   -2.200000e+02   1.000000e+01  -1.200000e+01
   -2.233333e+02   1.000000e+01  -1.400000e+01
   -2.266667e+02   1.000000e+01  -1.600000e+01
   -2.300000e+02   1.000000e+01  -1.800000e+01
   -2.333333e+02   1.000000e+01  -2.000000e+01
   -2.366667e+02   1.000000e+01  -2.200000e+01
   -2.400000e+02   1.000000e+01  -2.400000e+01
   -2.433333e+02   1.000000e+01  -2.600000e+01
   -2.466667e+02   1.000000e+01  -2.800000e+01
   -1.533333e+02   1.000000e+01  -2.800000e+01
   -1.566667e+02   1.000000e+01  -2.600000e+01
   -1.600000e+02   1.000000e+01  -2.400000e+01
   -1.633333e+02   1.000000e+01  -2.200000e+01
   -1.666667e+02   1.000000e+01  -2.000000e+01
   -1.700000e+02   1.000000e+01  -1.800000e+01
   -1.733333e+02   1.000000e+01  -1.600000e+01
   -1.766667e+02   1.000000e+01  -1.400000e+01
   -1.800000e+02   1.000000e+01  -1.200000e+01
   -1.833333e+02   1.000000e+01  -1.000000e+01
   -1.866667e+02   1.000000e+01  -8.000000e+00
   -1.900000e+02   1.000000e+01  -6.000000e+00
   -1.933333e+02   1.000000e+01  -4.000000e+00
   -1.966667e+02   1.000000e+01  -2.000000e+00
   -1.500000e+02   1.000000e+01  -2.625000e+01
   -1.500000e+02   1.000000e+01  -2.250000e+01
   -1.500000e+02   1.000000e+01  -1.875000e+01
   -1.500000e+02   1.000000e+01  -1.500000e+01
   -1.500000e+02   1.000000e+01  -1.125000e+01
   -1.500000e+02   1.000000e+01  -7.500000e+00
   -1.500000e+02   1.000000e+01  -3.750000e+00
   -2.000000e+02   1.000000e+01  -3.750000e+00
   -2.000000e+02   1.000000e+01  -7.500000e+00
   -2.000000e+02   1.000000e+01  -1.125000e+01
   -2.000000e+02   1.000000e+01  -1.500000e+01
   -2.000000e+02   1.000000e+01  -1.875000e+01
   -2.000000e+02   1.000000e+01  -2.250000e+01
   -2.000000e+02   1.000000e+01  -2.625000e+01
   -1.033333e+02   1.000000e+01  -2.000000e+00
   -1.066667e+02   1.000000e+01  -4.000000e+00
   -1.100000e+02   1.000000e+01  -6.000000e+00
   -1.133333e+02   1.000000e+01  -8.000000e+00
   -1.166667e+02   1.000000e+01  -1.000000e+01
   -1.200000e+02   1.000000e+01  -1.200000e+01
   -1.233333e+02   1.000000e+01  -1.400000e+01
   -1.266667e+02   1.000000e+01  -1.600000e+01
   -1.300000e+02   1.000000e+01  -1.800000e+01
   -1.333333e+02   1.000000e+01  -2.000000e+01
   -1.366667e+02   1.000000e+01  -2.200000e+01
   -1.400000e+02   1.000000e+01  -2.400000e+01
   -1.433333e+02   1.000000e+01  -2.600000e+01
   -1.466667e+02   1.000000e+01  -2.800000e+01
   -5.333333e+01   1.000000e+01  -2.800000e+01
   -5.666667e+01   1.000000e+01  -2.600000e+01
   -6.000000e+01   1.000000e+01  -2.400000e+01
   -6.333333e+01   1.000000e+01  -2.200000e+01
   -6.666666e+01   1.000000e+01  -2.000000e+01
   -7.000000e+01   1.000000e+01  -1.800000e+01
   -7.333334e+01   1.000000e+01  -1.600000e+01
   -7.666666e+01   1.000000e+01  -1.400000e+01
   -8.000000e+01   1.000000e+01  -1.200000e+01
   -8.333334e+01   1.000000e+01  -1.000000e+01
   -8.666666e+01   1.000000e+01  -8.000000e+00
   -9.000000e+01   1.000000e+01  -6.000000e+00
   -9.333334e+01   1.000000e+01  -4.000000e+00
   -9.666666e+01   1.000000e+01  -2.000000e+00
   -5.000000e+01   1.000000e+01  -2.625000e+01
   -5.000000e+01   1.000000e+01  -2.250000e+01
   -5.000000e+01   1.000000e+01  -1.875000e+01
   -5.000000e+01   1.000000e+01  -1.500000e+01
   -5.000000e+01   1.000000e+01  -1.125000e+01
   -5.000000e+01   1.000000e+01  -7.500000e+00
   -5.000000e+01   1.000000e+01  -3.750000e+00
   -1.538462e+02   1.000000e+01  -3.000000e+01
   -1.576923e+02   1.000000e+01  -3.000000e+01
   -1.615385e+02   1.000000e+01  -3.000000e+01
   -1.653846e+02   1.000000e+01  -3.000000e+01
   -1.692308e+02   1.000000e+01  -3.000000e+01
   -1.730769e+02   1.000000e+01  -3.000000e+01
   -1.769231e+02   1.000000e+01  -3.000000e+01
   -1.807692e+02   1.000000e+01  -3.000000e+01
   -1.846154e+02   1.000000e+01  -3.000000e+01
   -1.884615e+02   1.000000e+01  -3.000000e+01
   -1.923077e+02   1.000000e+01  -3.000000e+01
   -1.961538e+02   1.000000e+01  -3.000000e+01
   -1.038462e+02   1.000000e+01  -3.000000e+01
   -1.076923e+02   1.000000e+01  -3.000000e+01
   -1.115385e+02   1.000000e+01  -3.000000e+01
   -1.153846e+02   1.000000e+01  -3.000000e+01
   -1.192308e+02   1.000000e+01  -3.000000e+01
   -1.230769e+02   1.000000e+01  -3.000000e+01
   -1.269231e+02   1.000000e+01  -3.000000e+01
   -1.307692e+02   1.000000e+01  -3.000000e+01
   -1.346154e+02   1.000000e+01  -3.000000e+01
   -1.384615e+02   1.000000e+01  -3.000000e+01
   -1.423077e+02   1.000000e+01  -3.000000e+01
   -1.461538e+02   1.000000e+01  -3.000000e+01
   -1.000000e+02   1.000000e+01  -3.750000e+00
   -1.000000e+02   1.000000e+01  -7.500000e+00
   -1.000000e+02   1.000000e+01  -1.125000e+01
   -1.000000e+02   1.000000e+01  -1.500000e+01
   -1.000000e+02   1.000000e+01  -1.875000e+01
   -1.000000e+02   1.000000e+01  -2.250000e+01
   -1.000000e+02   1.000000e+01  -2.625000e+01
   -3.333333e+00   1.000000e+01  -2.000000e+00
   -6.666667e+00   1.000000e+01  -4.000000e+00
   -1.000000e+01   1.000000e+01  -6.000000e+00
   -1.333333e+01   1.000000e+01  -8.000000e+00
   -1.666667e+01   1.000000e+01  -1.000000e+01
   -2.000000e+01   1.000000e+01  -1.200000e+01
   -2.333333e+01   1.000000e+01  -1.400000e+01
   -2.666667e+01   1.000000e+01  -1.600000e+01
   -3.000000e+01   1.000000e+01  -1.800000e+01
   -3.333333e+01   1.000000e+01  -2.000000e+01
   -3.666667e+01   1.000000e+01  -2.200000e+01
   -4.000000e+01   1.000000e+01  -2.400000e+01
   -4.333333e+01   1.000000e+01  -2.600000e+01
   -4.666667e+01   1.000000e+01  -2.800000e+01
    3.333333e+00   1.000000e+01  -2.000000e+00
    6.666667e+00   1.000000e+01  -4.000000e+00
    1.000000e+01   1.000000e+01  -6.000000e+00
    1.333333e+01   1.000000e+01  -8.000000e+00
    1.666667e+01   1.000000e+01  -1.000000e+01
    2.000000e+01   1.000000e+01  -1.200000e+01
    2.333333e+01   1.000000e+01  -1.400000e+01
    2.666667e+01   1.000000e+01  -1.600000e+01
    3.000000e+01   1.000000e+01  -1.800000e+01
    3.333333e+01   1.000000e+01  -2.000000e+01
    3.666667e+01   1.000000e+01  -2.200000e+01
    4.000000e+01   1.000000e+01  -2.400000e+01
    4.333333e+01   1.000000e+01  -2.600000e+01
    4.666667e+01   1.000000e+01  -2.800000e+01
    3.846154e+00   1.000000e+01  -3.000000e+01
    7.692307e+00   1.000000e+01  -3.000000e+01
    1.153846e+01   1.000000e+01  -3.000000e+01
    1.538462e+01   1.000000e+01  -3.000000e+01
    1.923077e+01   1.000000e+01  -3.000000e+01
    2.307692e+01   1.000000e+01  -3.000000e+01
    2.692308e+01   1.000000e+01  -3.000000e+01
    3.076923e+01   1.000000e+01  -3.000000e+01
    3.461538e+01   1.000000e+01  -3.000000e+01
    3.846154e+01   1.000000e+01  -3.000000e+01
    4.230769e+01   1.000000e+01  -3.000000e+01
    4.615385e+01   1.000000e+01  -3.000000e+01
    0.000000e+00   1.000000e+01  -2.625000e+01
    0.000000e+00   1.000000e+01  -2.250000e+01
    0.000000e+00   1.000000e+01  -1.875000e+01
    0.000000e+00   1.000000e+01  -1.125000e+01
    0.000000e+00   1.000000e+01  -7.500000e+00
    0.000000e+00   1.000000e+01  -3.750000e+00
   -5.384615e+01   1.000000e+01  -3.000000e+01
   -5.769231e+01   1.000000e+01  -3.000000e+01
   -6.153846e+01   1.000000e+01  -3.000000e+01
   -6.538461e+01   1.000000e+01  -3.000000e+01
   -6.923077e+01   1.000000e+01  -3.000000e+01
   -7.307692e+01   1.000000e+01  -3.000000e+01
   -7.692308e+01   1.000000e+01  -3.000000e+01
   -8.076923e+01   1.000000e+01  -3.000000e+01
   -8.461539e+01   1.000000e+01  -3.000000e+01
   -8.846154e+01   1.000000e+01  -3.000000e+01
   -9.230769e+01   1.000000e+01  -3.000000e+01
   -9.615385e+01   1.000000e+01  -3.000000e+01
   -3.846154e+00   1.000000e+01  -3.000000e+01
   -7.692307e+00   1.000000e+01  -3.000000e+01
   -1.153846e+01   1.000000e+01  -3.000000e+01
   -1.538462e+01   1.000000e+01  -3.000000e+01
   -1.923077e+01   1.000000e+01  -3.000000e+01
   -2.307692e+01   1.000000e+01  -3.000000e+01
   -2.692308e+01   1.000000e+01  -3.000000e+01
   -3.076923e+01   1.000000e+01  -3.000000e+01
   -3.461538e+01   1.000000e+01  -3.000000e+01
   -3.846154e+01   1.000000e+01  -3.000000e+01
   -4.230769e+01   1.000000e+01  -3.000000e+01
   -4.615385e+01   1.000000e+01  -3.000000e+01
    5.384615e+01   1.000000e+01  -3.000000e+01
    5.769231e+01   1.000000e+01  -3.000000e+01
    6.153846e+01   1.000000e+01  -3.000000e+01
    6.538461e+01   1.000000e+01  -3.000000e+01
    6.923077e+01   1.000000e+01  -3.000000e+01
    7.307692e+01   1.000000e+01  -3.000000e+01
    7.692308e+01   1.000000e+01  -3.000000e+01
    8.076923e+01   1.000000e+01  -3.000000e+01
    8.461539e+01   1.000000e+01  -3.000000e+01
    8.846154e+01   1.000000e+01  -3.000000e+01
    9.230769e+01   1.000000e+01  -3.000000e+01
    9.615385e+01   1.000000e+01  -3.000000e+01
    5.333333e+01   1.000000e+01  -2.800000e+01
    5.666667e+01   1.000000e+01  -2.600000e+01
    6.000000e+01   1.000000e+01  -2.400000e+01
    6.333333e+01   1.000000e+01  -2.200000e+01
    6.666666e+01   1.000000e+01  -2.000000e+01
    7.000000e+01   1.000000e+01  -1.800000e+01
    7.333334e+01   1.000000e+01  -1.600000e+01
    7.666666e+01   1.000000e+01  -1.400000e+01
    8.000000e+01   1.000000e+01  -1.200000e+01
    8.333334e+01   1.000000e+01  -1.000000e+01
    8.666666e+01   1.000000e+01  -8.000000e+00
    9.000000e+01   1.000000e+01  -6.000000e+00
    9.333334e+01   1.000000e+01  -4.000000e+00
    9.666666e+01   1.000000e+01  -2.000000e+00
    1.000000e+02   1.000000e+01  -3.750000e+00
    1.000000e+02   1.000000e+01  -7.500000e+00
    1.000000e+02   1.000000e+01  -1.125000e+01
    1.000000e+02   1.000000e+01  -1.500000e+01
    1.000000e+02   1.000000e+01  -1.875000e+01
    1.000000e+02   1.000000e+01  -2.250000e+01
    1.000000e+02   1.000000e+01  -2.625000e+01
    1.038462e+02   1.000000e+01  -3.000000e+01
    1.076923e+02   1.000000e+01  -3.000000e+01
    1.115385e+02   1.000000e+01  -3.000000e+01
    1.153846e+02   1.000000e+01  -3.000000e+01
    1.192308e+02   1.000000e+01  -3.000000e+01
    1.230769e+02   1.000000e+01  -3.000000e+01
    1.269231e+02   1.000000e+01  -3.000000e+01
    1.307692e+02   1.000000e+01  -3.000000e+01
    1.346154e+02   1.000000e+01  -3.000000e+01
    1.384615e+02   1.000000e+01  -3.000000e+01
    1.423077e+02   1.000000e+01  -3.000000e+01
    1.461538e+02   1.000000e+01  -3.000000e+01
    5.000000e+01   1.000000e+01  -2.625000e+01
    5.000000e+01   1.000000e+01  -2.250000e+01
    5.000000e+01   1.000000e+01  -1.875000e+01
    5.000000e+01   1.000000e+01  -1.500000e+01
    5.000000e+01   1.000000e+01  -1.125000e+01
    5.000000e+01   1.000000e+01  -7.500000e+00
    5.000000e+01   1.000000e+01  -3.750000e+00
    1.033333e+02   1.000000e+01  -2.000000e+00
    1.066667e+02   1.000000e+01  -4.000000e+00
    1.100000e+02   1.000000e+01  -6.000000e+00
    1.133333e+02   1.000000e+01  -8.000000e+00
    1.166667e+02   1.000000e+01  -1.000000e+01
    1.200000e+02   1.000000e+01  -1.200000e+01
    1.233333e+02   1.000000e+01  -1.400000e+01
    1.266667e+02   1.000000e+01  -1.600000e+01
    1.300000e+02   1.000000e+01  -1.800000e+01
    1.333333e+02   1.000000e+01  -2.000000e+01
    1.366667e+02   1.000000e+01  -2.200000e+01
    1.400000e+02   1.000000e+01  -2.400000e+01
    1.433333e+02   1.000000e+01  -2.600000e+01
    1.466667e+02   1.000000e+01  -2.800000e+01
    1.538462e+02   1.000000e+01  -3.000000e+01
    1.576923e+02   1.000000e+01  -3.000000e+01
    1.615385e+02   1.000000e+01  -3.000000e+01
    1.653846e+02   1.000000e+01  -3.000000e+01
    1.692308e+02   1.000000e+01  -3.000000e+01
    1.730769e+02   1.000000e+01  -3.000000e+01
    1.769231e+02   1.000000e+01  -3.000000e+01
    1.807692e+02   1.000000e+01  -3.000000e+01
    1.846154e+02   1.000000e+01  -3.000000e+01
    1.884615e+02   1.000000e+01  -3.000000e+01
    1.923077e+02   1.000000e+01  -3.000000e+01
    1.961538e+02   1.000000e+01  -3.000000e+01
    1.533333e+02   1.000000e+01  -2.800000e+01
    1.566667e+02   1.000000e+01  -2.600000e+01
    1.600000e+02   1.000000e+01  -2.400000e+01
    1.633333e+02   1.000000e+01  -2.200000e+01
    1.666667e+02   1.000000e+01  -2.000000e+01
    1.700000e+02   1.000000e+01  -1.800000e+01
    1.733333e+02   1.000000e+01  -1.600000e+01
    1.766667e+02   1.000000e+01  -1.400000e+01
    1.800000e+02   1.000000e+01  -1.200000e+01
    1.833333e+02   1.000000e+01  -1.000000e+01
    1.866667e+02   1.000000e+01  -8.000000e+00
    1.900000e+02   1.000000e+01  -6.000000e+00
    1.933333e+02   1.000000e+01  -4.000000e+00
    1.966667e+02   1.000000e+01  -2.000000e+00
    2.000000e+02   1.000000e+01  -3.750000e+00
    2.000000e+02   1.000000e+01  -7.500000e+00
    2.000000e+02   1.000000e+01  -1.125000e+01
    2.000000e+02   1.000000e+01  -1.500000e+01
    2.000000e+02   1.000000e+01  -1.875000e+01
    2.000000e+02   1.000000e+01  -2.250000e+01
    2.000000e+02   1.000000e+01  -2.625000e+01
    2.038462e+02   1.000000e+01  -3.000000e+01
    2.076923e+02   1.000000e+01  -3.000000e+01
    2.115385e+02   1.000000e+01  -3.000000e+01
    2.153846e+02   1.000000e+01  -3.000000e+01
    2.192308e+02   1.000000e+01  -3.000000e+01
    2.230769e+02   1.000000e+01  -3.000000e+01
    2.269231e+02   1.000000e+01  -3.000000e+01
    2.307692e+02   1.000000e+01  -3.000000e+01
    2.346154e+02   1.000000e+01  -3.000000e+01
    2.384615e+02   1.000000e+01  -3.000000e+01
    2.423077e+02   1.000000e+01  -3.000000e+01
    2.461538e+02   1.000000e+01  -3.000000e+01
    1.500000e+02   1.000000e+01  -2.625000e+01
    1.500000e+02   1.000000e+01  -2.250000e+01
    1.500000e+02   1.000000e+01  -1.875000e+01
    1.500000e+02   1.000000e+01  -1.500000e+01
    1.500000e+02   1.000000e+01  -1.125000e+01
    1.500000e+02   1.000000e+01  -7.500000e+00
    1.500000e+02   1.000000e+01  -3.750000e+00
    2.033333e+02   1.000000e+01  -2.000000e+00
    2.066667e+02   1.000000e+01  -4.000000e+00
    2.100000e+02   1.000000e+01  -6.000000e+00
    2.133333e+02   1.000000e+01  -8.000000e+00
    2.166667e+02   1.000000e+01  -1.000000e+01
    2.200000e+02   1.000000e+01  -1.200000e+01
    2.233333e+02   1.000000e+01  -1.400000e+01
    2.266667e+02   1.000000e+01  -1.600000e+01
    2.300000e+02   1.000000e+01  -1.800000e+01
    2.333333e+02   1.000000e+01  -2.000000e+01
    2.366667e+02   1.000000e+01  -2.200000e+01
    2.400000e+02   1.000000e+01  -2.400000e+01
    2.433333e+02   1.000000e+01  -2.600000e+01
    2.466667e+02   1.000000e+01  -2.800000e+01

CELLS 2884 20012
  2 11 512
  2 13 512
  2 15 512
  2 17 512
  2 19 512
  2 10 1369
  2 12 1369
  2 14 1369
  2 16 1369
  2 18 1369
  2 7 512
  2 5 512
  2 3 512
  2 0 512
  2 20 512
  2 6 1369
  2 4 1369
  2 2 1369
  2 1 1369
  2 21 1369
  8 605 932 1209 776 505 517 772 522
  8 932 645 854 1209 517 506 518 772
  8 776 1209 1210 777 522 772 773 521
  8 1209 854 855 1210 772 518 519 773
  8 777 1210 971 529 521 773 520 508
  8 1210 855 644 971 773 519 507 520
  8 604 933 1211 778 605 932 1209 776
  8 933 646 856 1211 932 645 854 1209
  8 778 1211 1212 779 776 1209 1210 777
  8 1211 856 857 1212 1209 854 855 1210
  8 779 1212 972 530 777 1210 971 529
  8 1212 857 643 972 1210 855 644 971
  8 603 934 1213 780 604 933 1211 778
  8 934 647 858 1213 933 646 856 1211
  8 780 1213 1214 781 778 1211 1212 779
  8 1213 858 859 1214 1211 856 857 1212
  8 781 1214 973 531 779 1212 972 530
  8 1214 859 642 973 1212 857 643 972
  8 602 935 1215 782 603 934 1213 780
  8 935 648 860 1215 934 647 858 1213
  8 782 1215 1216 783 780 1213 1214 781
  8 1215 860 861 1216 1213 858 859 1214
  8 783 1216 974 532 781 1214 973 531
  8 1216 861 641 974 1214 859 642 973
  8 601 936 1217 784 602 935 1215 782
  8 936 649 862 1217 935 648 860 1215
  8 784 1217 1218 785 782 1215 1216 783
  8 1217 862 863 1218 1215 860 861 1216
  8 785 1218 975 533 783 1216 974 532
  8 1218 863 640 975 1216 861 641 974
  8 600 937 1219 786 601 936 1217 784
  8 937 650 864 1219 936 649 862 1217
  8 786 1219 1220 787 784 1217 1218 785
  8 1219 864 865 1220 1217 862 863 1218
  8 787 1220 976 534 785 1218 975 533
  8 1220 865 639 976 1218 863 640 975
  8 599 938 1221 788 600 937 1219 786
  8 938 651 866 1221 937 650 864 1219
  8 788 1221 1222 789 786 1219 1220 787
  8 1221 866 867 1222 1219 864 865 1220
  8 789 1222 977 535 787 1220 976 534
  8 1222 867 638 977 1220 865 639 976
  8 598 939 1223 790 599 938 1221 788
  8 939 652 868 1223 938 651 866 1221
  8 790 1223 1224 791 788 1221 1222 789
  8 1223 868 869 1224 1221 866 867 1222
  8 791 1224 978 536 789 1222 977 535
  8 1224 869 637 978 1222 867 638 977
  8 597 940 1225 792 598 939 1223 790
  8 940 653 870 1225 939 652 868 1223
  8 792 1225 1226 793 790 1223 1224 791
  8 1225 870 871 1226 1223 868 869 1224
  8 793 1226 979 537 791 1224 978 536
  8 1226 871 636 979 1224 869 637 978
  8 9 941 1227 794 597 940 1225 792
  8 941 654 872 1227 940 653 870 1225
  8 794 1227 1228 795 792 1225 1226 793
  8 1227 872 873 1228 1225 870 871 1226
  8 795 1228 980 538 793 1226 979 537
  8 1228 873 635 980 1226 871 636 979
  8 596 942 1229 796 9 941 1227 794
  8 942 655 874 1229 941 654 872 1227
  8 796 1229 1230 797 794 1227 1228 795
  8 1229 874 875 1230 1227 872 873 1228
  8 797 1230 981 539 795 1228 980 538
  8 1230 875 634 981 1228 873 635 980
  8 595 943 1231 798 596 942 1229 796
  8 943 656 876 1231 942 655 874 1229
  8 798 1231 1232 799 796 1229 1230 797
  8 1231 876 877 1232 1229 874 875 1230
  8 799 1232 982 540 797 1230 981 539
  8 1232 877 633 982 1230 875 634 981
  8 594 944 1233 800 595 943 1231 798
  8 944 657 878 1233 943 656 876 1231
  8 800 1233 1234 801 798 1231 1232 799
  8 1233 878 879 1234 1231 876 877 1232
  8 801 1234 983 541 799 1232 982 540
  8 1234 879 632 983 1232 877 633 982
  8 593 945 1235 802 594 944 1233 800
  8 945 658 880 1235 944 657 878 1233
  8 802 1235 1236 803 800 1233 1234 801
  8 1235 880 881 1236 1233 878 879 1234
  8 803 1236 984 542 801 1234 983 541
  8 1236 881 631 984 1234 879 632 983
  8 592 946 1237 804 593 945 1235 802
  8 946 659 882 1237 945 658 880 1235
  8 804 1237 1238 805 802 1235 1236 803
  8 1237 882 883 1238 1235 880 881 1236
  8 805 1238 985 543 803 1236 984 542
  8 1238 883 630 985 1236 881 631 984
  8 591 947 1239 806 592 946 1237 804
  8 947 660 884 1239 946 659 882 1237
  8 806 1239 1240 807 804 1237 1238 805
  8 1239 884 885 1240 1237 882 883 1238
  8 807 1240 986 544 805 1238 985 543
  8 1240 885 629 986 1238 883 630 985
  8 590 948 1241 808 591 947 1239 806
  8 948 661 886 1241 947 660 884 1239
  8 808 1241 1242 809 806 1239 1240 807
  8 1241 886 887 1242 1239 884 885 1240
  8 809 1242 987 545 807 1240 986 544
  8 1242 887 628 987 1240 885 629 986
  8 589 949 1243 810 590 948 1241 808
  8 949 662 888 1243 948 661 886 1241
  8 810 1243 1244 811 808 1241 1242 809
  8 1243 888 889 1244 1241 886 887 1242
  8 811 1244 988 546 809 1242 987 545
  8 1244 889 627 988 1242 887 628 987
  8 588 950 1245 812 589 949 1243 810
  8 950 663 890 1245 949 662 888 1243
  8 812 1245 1246 813 810 1243 1244 811
  8 1245 890 891 1246 1243 888 889 1244
  8 813 1246 989 547 811 1244 988 546
  8 1246 891 626 989 1244 889 627 988
  8 587 951 1247 814 588 950 1245 812
  8 951 664 892 1247 950 663 890 1245
  8 814 1247 1248 815 812 1245 1246 813
  8 1247 892 893 1248 1245 890 891 1246
  8 815 1248 990 548 813 1246 989 547
  8 1248 893 625 990 1246 891 626 989
  8 586 952 1249 816 587 951 1247 814
  8 952 665 894 1249 951 664 892 1247
  8 816 1249 1250 817 814 1247 1248 815
  8 1249 894 895 1250 1247 892 893 1248
  8 817 1250 991 549 815 1248 990 548
  8 1250 895 624 991 1248 893 625 990
  8 585 953 1251 818 586 952 1249 816
  8 953 666 896 1251 952 665 894 1249
  8 818 1251 1252 819 816 1249 1250 817
  8 1251 896 897 1252 1249 894 895 1250
  8 819 1252 992 550 817 1250 991 549
  8 1252 897 623 992 1250 895 624 991
  8 584 954 1253 820 585 953 1251 818
  8 954 667 898 1253 953 666 896 1251
  8 820 1253 1254 821 818 1251 1252 819
  8 1253 898 899 1254 1251 896 897 1252
  8 821 1254 993 551 819 1252 992 550
  8 1254 899 622 993 1252 897 623 992
  8 583 955 1255 822 584 954 1253 820
  8 955 668 900 1255 954 667 898 1253
  8 822 1255 1256 823 820 1253 1254 821
  8 1255 900 901 1256 1253 898 899 1254
  8 823 1256 994 552 821 1254 993 551
  8 1256 901 621 994 1254 899 622 993
  8 582 956 1257 824 583 955 1255 822
  8 956 669 902 1257 955 668 900 1255
  8 824 1257 1258 825 822 1255 1256 823
  8 1257 902 903 1258 1255 900 901 1256
  8 825 1258 995 553 823 1256 994 552
  8 1258 903 620 995 1256 901 621 994
  8 581 957 1259 826 582 956 1257 824
  8 957 670 904 1259 956 669 902 1257
  8 826 1259 1260 827 824 1257 1258 825
  8 1259 904 905 1260 1257 902 903 1258
  8 827 1260 996 554 825 1258 995 553
  8 1260 905 619 996 1258 903 620 995
  8 580 958 1261 828 581 957 1259 826
  8 958 671 906 1261 957 670 904 1259
  8 828 1261 1262 829 826 1259 1260 827
  8 1261 906 907 1262 1259 904 905 1260
  8 829 1262 997 555 827 1260 996 554
  8 1262 907 618 997 1260 905 619 996
  8 579 959 1263 830 580 958 1261 828
  8 959 672 908 1263 958 671 906 1261
  8 830 1263 1264 831 828 1261 1262 829
  8 1263 908 909 1264 1261 906 907 1262
  8 831 1264 998 556 829 1262 997 555
  8 1264 909 617 998 1262 907 618 997
  8 578 960 1265 832 579 959 1263 830
  8 960 673 910 1265 959 672 908 1263
  8 832 1265 1266 833 830 1263 1264 831
  8 1265 910 911 1266 1263 908 909 1264
  8 833 1266 999 557 831 1264 998 556
  8 1266 911 616 999 1264 909 617 998
  8 577 961 1267 834 578 960 1265 832
  8 961 674 912 1267 960 673 910 1265
  8 834 1267 1268 835 832 1265 1266 833
  8 1267 912 913 1268 1265 910 911 1266
  8 835 1268 1000 558 833 1266 999 557
  8 1268 913 615 1000 1266 911 616 999
  8 576 962 1269 836 577 961 1267 834
  8 962 675 914 1269 961 674 912 1267
  8 836 1269 1270 837 834 1267 1268 835
  8 1269 914 915 1270 1267 912 913 1268
  8 837 1270 1001 559 835 1268 1000 558
  8 1270 915 614 1001 1268 913 615 1000
  8 575 963 1271 838 576 962 1269 836
  8 963 676 916 1271 962 675 914 1269
  8 838 1271 1272 839 836 1269 1270 837
  8 1271 916 917 1272 1269 914 915 1270
  8 839 1272 1002 560 837 1270 1001 559
  8 1272 917 613 1002 1270 915 614 1001
  8 574 964 1273 840 575 963 1271 838
  8 964 677 918 1273 963 676 916 1271
  8 840 1273 1274 841 838 1271 1272 839
  8 1273 918 919 1274 1271 916 917 1272
  8 841 1274 1003 561 839 1272 1002 560
  8 1274 919 612 1003 1272 917 613 1002
  8 573 965 1275 842 574 964 1273 840
  8 965 678 920 1275 964 677 918 1273
  8 842 1275 1276 843 840 1273 1274 841
  8 1275 920 921 1276 1273 918 919 1274
  8 843 1276 1004 562 841 1274 1003 561
  8 1276 921 611 1004 1274 919 612 1003
  8 572 966 1277 844 573 965 1275 842
  8 966 679 922 1277 965 678 920 1275
  8 844 1277 1278 845 842 1275 1276 843
  8 1277 922 923 1278 1275 920 921 1276
  8 845 1278 1005 563 843 1276 1004 562
  8 1278 923 610 1005 1276 921 611 1004
  8 571 967 1279 846 572 966 1277 844
  8 967 680 924 1279 966 679 922 1277
  8 846 1279 1280 847 844 1277 1278 845
  8 1279 924 925 1280 1277 922 923 1278
  8 847 1280 1006 564 845 1278 1005 563
  8 1280 925 609 1006 1278 923 610 1005
  8 570 968 1281 848 571 967 1279 846
  8 968 681 926 1281 967 680 924 1279
  8 848 1281 1282 849 846 1279 1280 847
  8 1281 926 927 1282 1279 924 925 1280
  8 849 1282 1007 565 847 1280 1006 564
  8 1282 927 608 1007 1280 925 609 1006
  8 569 969 1283 850 570 968 1281 848
  8 969 682 928 1283 968 681 926 1281
  8 850 1283 1284 851 848 1281 1282 849
  8 1283 928 929 1284 1281 926 927 1282
  8 851 1284 1008 566 849 1282 1007 565
  8 1284 929 607 1008 1282 927 608 1007
  8 568 970 1285 852 569 969 1283 850
  8 970 683 930 1285 969 682 928 1283
  8 852 1285 1286 853 850 1283 1284 851
  8 1285 930 931 1286 1283 928 929 1284
  8 853 1286 1009 567 851 1284 1008 566
  8 1286 931 606 1009 1284 929 607 1008
  8 512 523 774 527 568 970 1285 852
  8 523 509 525 774 970 683 930 1285
  8 527 774 775 528 852 1285 1286 853
  8 774 525 524 775 1285 930 931 1286
  8 528 775 526 511 853 1286 1009 567
  8 775 524 510 526 1286 931 606 1009
  8 645 932 1287 1014 506 517 1010 688
  8 932 605 1092 1287 517 505 684 1010
  8 1014 1287 1288 1015 688 1010 1011 687
  8 1287 1092 1093 1288 1010 684 685 1011
  8 1015 1288 1170 694 687 1011 686 514
  8 1288 1093 771 1170 1011 685 513 686
  8 646 933 1289 1016 645 932 1287 1014
  8 933 604 1094 1289 932 605 1092 1287
  8 1016 1289 1290 1017 1014 1287 1288 1015
  8 1289 1094 1095 1290 1287 1092 1093 1288
  8 1017 1290 1171 695 1015 1288 1170 694
  8 1290 1095 770 1171 1288 1093 771 1170
  8 647 934 1291 1018 646 933 1289 1016
  8 934 603 1096 1291 933 604 1094 1289
  8 1018 1291 1292 1019 1016 1289 1290 1017
  8 1291 1096 1097 1292 1289 1094 1095 1290
  8 1019 1292 1172 696 1017 1290 1171 695
  8 1292 1097 769 1172 1290 1095 770 1171
  8 648 935 1293 1020 647 934 1291 1018
  8 935 602 1098 1293 934 603 1096 1291
  8 1020 1293 1294 1021 1018 1291 1292 1019
  8 1293 1098 1099 1294 1291 1096 1097 1292
  8 1021 1294 1173 697 1019 1292 1172 696
  8 1294 1099 768 1173 1292 1097 769 1172
  8 649 936 1295 1022 648 935 1293 1020
  8 936 601 1100 1295 935 602 1098 1293
  8 1022 1295 1296 1023 1020 1293 1294 1021
  8 1295 1100 1101 1296 1293 1098 1099 1294
  8 1023 1296 1174 698 1021 1294 1173 697
  8 1296 1101 767 1174 1294 1099 768 1173
  8 650 937 1297 1024 649 936 1295 1022
  8 937 600 1102 1297 936 601 1100 1295
  8 1024 1297 1298 1025 1022 1295 1296 1023
  8 1297 1102 1103 1298 1295 1100 1101 1296
  8 1025 1298 1175 699 1023 1296 1174 698
  8 1298 1103 766 1175 1296 1101 767 1174
  8 651 938 1299 1026 650 937 1297 1024
  8 938 599 1104 1299 937 600 1102 1297
  8 1026 1299 1300 1027 1024 1297 1298 1025
  8 1299 1104 1105 1300 1297 1102 1103 1298
  8 1027 1300 1176 700 1025 1298 1175 699
  8 1300 1105 765 1176 1298 1103 766 1175
  8 652 939 1301 1028 651 938 1299 1026
  8 939 598 1106 1301 938 599 1104 1299
  8 1028 1301 1302 1029 1026 1299 1300 1027
  8 1301 1106 1107 1302 1299 1104 1105 1300
  8 1029 1302 1177 701 1027 1300 1176 700
  8 1302 1107 764 1177 1300 1105 765 1176
  8 653 940 1303 1030 652 939 1301 1028
  8 940 597 1108 1303 939 598 1106 1301
  8 1030 1303 1304 1031 1028 1301 1302 1029
  8 1303 1108 1109 1304 1301 1106 1107 1302
  8 1031 1304 1178 702 1029 1302 1177 701
  8 1304 1109 763 1178 1302 1107 764 1177
  8 654 941 1305 1032 653 940 1303 1030
  8 941 9 1110 1305 940 597 1108 1303
  8 1032 1305 1306 1033 1030 1303 1304 1031
  8 1305 1110 1111 1306 1303 1108 1109 1304
  8 1033 1306 1179 703 1031 1304 1178 702
  8 1306 1111 762 1179 1304 1109 763 1178
  8 655 942 1307 1034 654 941 1305 1032
  8 942 596 1112 1307 941 9 1110 1305
  8 1034 1307 1308 1035 1032 1305 1306 1033
  8 1307 1112 1113 1308 1305 1110 1111 1306
  8 1035 1308 1180 704 1033 1306 1179 703
  8 1308 1113 761 1180 1306 1111 762 1179
  8 656 943 1309 1036 655 942 1307 1034
  8 943 595 1114 1309 942 596 1112 1307
  8 1036 1309 1310 1037 1034 1307 1308 1035
  8 1309 1114 1115 1310 1307 1112 1113 1308
  8 1037 1310 1181 705 1035 1308 1180 704
  8 1310 1115 760 1181 1308 1113 761 1180
  8 657 944 1311 1038 656 943 1309 1036
  8 944 594 1116 1311 943 595 1114 1309
  8 1038 1311 1312 1039 1036 1309 1310 1037
  8 1311 1116 1117 1312 1309 1114 1115 1310
  8 1039 1312 1182 706 1037 1310 1181 705
  8 1312 1117 759 1182 1310 1115 760 1181
  8 658 945 1313 1040 657 944 1311 1038
  8 945 593 1118 1313 944 594 1116 1311
  8 1040 1313 1314 1041 1038 1311 1312 1039
  8 1313 1118 1119 1314 1311 1116 1117 1312
  8 1041 1314 1183 707 1039 1312 1182 706
  8 1314 1119 758 1183 1312 1117 759 1182
  8 659 946 1315 1042 658 945 1313 1040
  8 946 592 1120 1315 945 593 1118 1313
  8 1042 1315 1316 1043 1040 1313 1314 1041
  8 1315 1120 1121 1316 1313 1118 1119 1314
  8 1043 1316 1184 708 1041 1314 1183 707
  8 1316 1121 757 1184 1314 1119 758 1183
  8 660 947 1317 1044 659 946 1315 1042
  8 947 591 1122 1317 946 592 1120 1315
  8 1044 1317 1318 1045 1042 1315 1316 1043
  8 1317 1122 1123 1318 1315 1120 1121 1316
  8 1045 1318 1185 709 1043 1316 1184 708
  8 1318 1123 756 1185 1316 1121 757 1184
  8 661 948 1319 1046 660 947 1317 1044
  8 948 590 1124 1319 947 591 1122 1317
  8 1046 1319 1320 1047 1044 1317 1318 1045
  8 1319 1124 1125 1320 1317 1122 1123 1318
  8 1047 1320 1186 710 1045 1318 1185 709
  8 1320 1125 755 1186 1318 1123 756 1185
  8 662 949 1321 1048 661 948 1319 1046
  8 949 589 1126 1321 948 590 1124 1319
  8 1048 1321 1322 1049 1046 1319 1320 1047
  8 1321 1126 1127 1322 1319 1124 1125 1320
  8 1049 1322 1187 711 1047 1320 1186 710
  8 1322 1127 754 1187 1320 1125 755 1186
  8 663 950 1323 1050 662 949 1321 1048
  8 950 588 1128 1323 949 589 1126 1321
  8 1050 1323 1324 1051 1048 1321 1322 1049
  8 1323 1128 1129 1324 1321 1126 1127 1322
  8 1051 1324 1188 712 1049 1322 1187 711
  8 1324 1129 753 1188 1322 1127 754 1187
  8 664 951 1325 1052 663 950 1323 1050
  8 951 587 1130 1325 950 588 1128 1323
  8 1052 1325 1326 1053 1050 1323 1324 1051
  8 1325 1130 1131 1326 1323 1128 1129 1324
  8 1053 1326 1189 713 1051 1324 1188 712
  8 1326 1131 752 1189 1324 1129 753 1188
  8 665 952 1327 1054 664 951 1325 1052
  8 952 586 1132 1327 951 587 1130 1325
  8 1054 1327 1328 1055 1052 1325 1326 1053
  8 1327 1132 1133 1328 1325 1130 1131 1326
  8 1055 1328 1190 714 1053 1326 1189 713
  8 1328 1133 751 1190 1326 1131 752 1189
  8 666 953 1329 1056 665 952 1327 1054
  8 953 585 1134 1329 952 586 1132 1327
  8 1056 1329 1330 1057 1054 1327 1328 1055
  8 1329 1134 1135 1330 1327 1132 1133 1328
  8 1057 1330 1191 715 1055 1328 1190 714
  8 1330 1135 750 1191 1328 1133 751 1190
  8 667 954 1331 1058 666 953 1329 1056
  8 954 584 1136 1331 953 585 1134 1329
  8 1058 1331 1332 1059 1056 1329 1330 1057
  8 1331 1136 1137 1332 1329 1134 1135 1330
  8 1059 1332 1192 716 1057 1330 1191 715
  8 1332 1137 749 1192 1330 1135 750 1191
  8 668 955 1333 1060 667 954 1331 1058
  8 955 583 1138 1333 954 584 1136 1331
  8 1060 1333 1334 1061 1058 1331 1332 1059
  8 1333 1138 1139 1334 1331 1136 1137 1332
  8 1061 1334 1193 717 1059 1332 1192 716
  8 1334 1139 748 1193 1332 1137 749 1192
  8 669 956 1335 1062 668 955 1333 1060
  8 956 582 1140 1335 955 583 1138 1333
  8 1062 1335 1336 1063 1060 1333 1334 1061
  8 1335 1140 1141 1336 1333 1138 1139 1334
  8 1063 1336 1194 718 1061 1334 1193 717
  8 1336 1141 747 1194 1334 1139 748 1193
  8 670 957 1337 1064 669 956 1335 1062
  8 957 581 1142 1337 956 582 1140 1335
  8 1064 1337 1338 1065 1062 1335 1336 1063
  8 1337 1142 1143 1338 1335 1140 1141 1336
  8 1065 1338 1195 719 1063 1336 1194 718
  8 1338 1143 746 1195 1336 1141 747 1194
  8 671 958 1339 1066 670 957 1337 1064
  8 958 580 1144 1339 957 581 1142 1337
  8 1066 1339 1340 1067 1064 1337 1338 1065
  8 1339 1144 1145 1340 1337 1142 1143 1338
  8 1067 1340 1196 720 1065 1338 1195 719
  8 1340 1145 745 1196 1338 1143 746 1195
  8 672 959 1341 1068 671 958 1339 1066
  8 959 579 1146 1341 958 580 1144 1339
  8 1068 1341 1342 1069 1066 1339 1340 1067
  8 1341 1146 1147 1342 1339 1144 1145 1340
  8 1069 1342 1197 721 1067 1340 1196 720
  8 1342 1147 744 1197 1340 1145 745 1196
  8 673 960 1343 1070 672 959 1341 1068
  8 960 578 1148 1343 959 579 1146 1341
  8 1070 1343 1344 1071 1068 1341 1342 1069
  8 1343 1148 1149 1344 1341 1146 1147 1342
  8 1071 1344 1198 722 1069 1342 1197 721
  8 1344 1149 743 1198 1342 1147 744 1197
  8 674 961 1345 1072 673 960 1343 1070
  8 961 577 1150 1345 960 578 1148 1343
  8 1072 1345 1346 1073 1070 1343 1344 1071
  8 1345 1150 1151 1346 1343 1148 1149 1344
  8 1073 1346 1199 723 1071 1344 1198 722
  8 1346 1151 742 1199 1344 1149 743 1198
  8 675 962 1347 1074 674 961 1345 1072
  8 962 576 1152 1347 961 577 1150 1345
  8 1074 1347 1348 1075 1072 1345 1346 1073
  8 1347 1152 1153 1348 1345 1150 1151 1346
  8 1075 1348 1200 724 1073 1346 1199 723
  8 1348 1153 741 1200 1346 1151 742 1199
  8 676 963 1349 1076 675 962 1347 1074
  8 963 575 1154 1349 962 576 1152 1347
  8 1076 1349 1350 1077 1074 1347 1348 1075
  8 1349 1154 1155 1350 1347 1152 1153 1348
  8 1077 1350 1201 725 1075 1348 1200 724
  8 1350 1155 740 1201 1348 1153 741 1200
  8 677 964 1351 1078 676 963 1349 1076
  8 964 574 1156 1351 963 575 1154 1349
  8 1078 1351 1352 1079 1076 1349 1350 1077
  8 1351 1156 1157 1352 1349 1154 1155 1350
  8 1079 1352 1202 726 1077 1350 1201 725
  8 1352 1157 739 1202 1350 1155 740 1201
  8 678 965 1353 1080 677 964 1351 1078
  8 965 573 1158 1353 964 574 1156 1351
  8 1080 1353 1354 1081 1078 1351 1352 1079
  8 1353 1158 1159 1354 1351 1156 1157 1352
  8 1081 1354 1203 727 1079 1352 1202 726
  8 1354 1159 738 1203 1352 1157 739 1202
  8 679 966 1355 1082 678 965 1353 1080
  8 966 572 1160 1355 965 573 1158 1353
  8 1082 1355 1356 1083 1080 1353 1354 1081
  8 1355 1160 1161 1356 1353 1158 1159 1354
  8 1083 1356 1204 728 1081 1354 1203 727
  8 1356 1161 737 1204 1354 1159 738 1203
  8 680 967 1357 1084 679 966 1355 1082
  8 967 571 1162 1357 966 572 1160 1355
  8 1084 1357 1358 1085 1082 1355 1356 1083
  8 1357 1162 1163 1358 1355 1160 1161 1356
  8 1085 1358 1205 729 1083 1356 1204 728
  8 1358 1163 736 1205 1356 1161 737 1204
  8 681 968 1359 1086 680 967 1357 1084
  8 968 570 1164 1359 967 571 1162 1357
  8 1086 1359 1360 1087 1084 1357 1358 1085
  8 1359 1164 1165 1360 1357 1162 1163 1358
  8 1087 1360 1206 730 1085 1358 1205 729
  8 1360 1165 735 1206 1358 1163 736 1205
  8 682 969 1361 1088 681 968 1359 1086
  8 969 569 1166 1361 968 570 1164 1359
  8 1088 1361 1362 1089 1086 1359 1360 1087
  8 1361 1166 1167 1362 1359 1164 1165 1360
  8 1089 1362 1207 731 1087 1360 1206 730
  8 1362 1167 734 1207 1360 1165 735 1206
  8 683 970 1363 1090 682 969 1361 1088
  8 970 568 1168 1363 969 569 1166 1361
  8 1090 1363 1364 1091 1088 1361 1362 1089
  8 1363 1168 1169 1364 1361 1166 1167 1362
  8 1091 1364 1208 732 1089 1362 1207 731
  8 1364 1169 733 1208 1362 1167 734 1207
  8 509 523 1012 692 683 970 1363 1090
  8 523 512 690 1012 970 568 1168 1363
  8 692 1012 1013 693 1090 1363 1364 1091
  8 1012 690 689 1013 1363 1168 1169 1364
  8 693 1013 691 516 1091 1364 1208 732
  8 1013 689 515 691 1364 1169 733 1208
  8 1466 1792 2069 1636 1365 1377 1632 1382
  8 1792 1506 1714 2069 1377 1366 1378 1632
  8 1636 2069 2070 1637 1382 1632 1633 1381
  8 2069 1714 1715 2070 1632 1378 1379 1633
  8 1637 2070 1831 1389 1381 1633 1380 1368
  8 2070 1715 1505 1831 1633 1379 1367 1380
  8 1465 1793 2071 1638 1466 1792 2069 1636
  8 1793 1507 1716 2071 1792 1506 1714 2069
  8 1638 2071 2072 1639 1636 2069 2070 1637
  8 2071 1716 1717 2072 2069 1714 1715 2070
  8 1639 2072 1832 1390 1637 2070 1831 1389
  8 2072 1717 1504 1832 2070 1715 1505 1831
  8 1464 1794 2073 1640 1465 1793 2071 1638
  8 1794 1508 1718 2073 1793 1507 1716 2071
  8 1640 2073 2074 1641 1638 2071 2072 1639
  8 2073 1718 1719 2074 2071 1716 1717 2072
  8 1641 2074 1833 1391 1639 2072 1832 1390
  8 2074 1719 1503 1833 2072 1717 1504 1832
  8 1463 1795 2075 1642 1464 1794 2073 1640
  8 1795 1509 1720 2075 1794 1508 1718 2073
  8 1642 2075 2076 1643 1640 2073 2074 1641
  8 2075 1720 1721 2076 2073 1718 1719 2074
  8 1643 2076 1834 1392 1641 2074 1833 1391
  8 2076 1721 1502 1834 2074 1719 1503 1833
  8 1462 1796 2077 1644 1463 1795 2075 1642
  8 1796 1510 1722 2077 1795 1509 1720 2075
  8 1644 2077 2078 1645 1642 2075 2076 1643
  8 2077 1722 1723 2078 2075 1720 1721 2076
  8 1645 2078 1835 1393 1643 2076 1834 1392
  8 2078 1723 1501 1835 2076 1721 1502 1834
  8 1461 1797 2079 1646 1462 1796 2077 1644
  8 1797 1511 1724 2079 1796 1510 1722 2077
  8 1646 2079 2080 1647 1644 2077 2078 1645
  8 2079 1724 1725 2080 2077 1722 1723 2078
  8 1647 2080 1836 1394 1645 2078 1835 1393
  8 2080 1725 1500 1836 2078 1723 1501 1835
  8 1460 1798 2081 1648 1461 1797 2079 1646
  8 1798 1512 1726 2081 1797 1511 1724 2079
  8 1648 2081 2082 1649 1646 2079 2080 1647
  8 2081 1726 1727 2082 2079 1724 1725 2080
  8 1649 2082 1837 1395 1647 2080 1836 1394
  8 2082 1727 1499 1837 2080 1725 1500 1836
  8 1459 1799 2083 1650 1460 1798 2081 1648
  8 1799 1513 1728 2083 1798 1512 1726 2081
  8 1650 2083 2084 1651 1648 2081 2082 1649
  8 2083 1728 1729 2084 2081 1726 1727 2082
  8 1651 2084 1838 1396 1649 2082 1837 1395
  8 2084 1729 1498 1838 2082 1727 1499 1837
  8 1458 1800 2085 1652 1459 1799 2083 1650
  8 1800 1514 1730 2085 1799 1513 1728 2083
  8 1652 2085 2086 1653 1650 2083 2084 1651
  8 2085 1730 1731 2086 2083 1728 1729 2084
  8 1653 2086 1839 1397 1651 2084 1838 1396
  8 2086 1731 1497 1839 2084 1729 1498 1838
  8 1457 1801 2087 1654 1458 1800 2085 1652
  8 1801 8 1732 2087 1800 1514 1730 2085
  8 1654 2087 2088 1655 1652 2085 2086 1653
  8 2087 1732 1733 2088 2085 1730 1731 2086
  8 1655 2088 1840 1398 1653 2086 1839 1397
  8 2088 1733 1496 1840 2086 1731 1497 1839
  8 1456 1802 2089 1656 1457 1801 2087 1654
  8 1802 1515 1734 2089 1801 8 1732 2087
  8 1656 2089 2090 1657 1654 2087 2088 1655
  8 2089 1734 1735 2090 2087 1732 1733 2088
  8 1657 2090 1841 1399 1655 2088 1840 1398
  8 2090 1735 1495 1841 2088 1733 1496 1840
  8 1455 1803 2091 1658 1456 1802 2089 1656
  8 1803 1516 1736 2091 1802 1515 1734 2089
  8 1658 2091 2092 1659 1656 2089 2090 1657
  8 2091 1736 1737 2092 2089 1734 1735 2090
  8 1659 2092 1842 1400 1657 2090 1841 1399
  8 2092 1737 1494 1842 2090 1735 1495 1841
  8 1454 1804 2093 1660 1455 1803 2091 1658
  8 1804 1517 1738 2093 1803 1516 1736 2091
  8 1660 2093 2094 1661 1658 2091 2092 1659
  8 2093 1738 1739 2094 2091 1736 1737 2092
  8 1661 2094 1843 1401 1659 2092 1842 1400
  8 2094 1739 1493 1843 2092 1737 1494 1842
  8 1453 1805 2095 1662 1454 1804 2093 1660
  8 1805 1518 1740 2095 1804 1517 1738 2093
  8 1662 2095 2096 1663 1660 2093 2094 1661
  8 2095 1740 1741 2096 2093 1738 1739 2094
  8 1663 2096 1844 1402 1661 2094 1843 1401
  8 2096 1741 1492 1844 2094 1739 1493 1843
  8 1452 1806 2097 1664 1453 1805 2095 1662
  8 1806 1519 1742 2097 1805 1518 1740 2095
  8 1664 2097 2098 1665 1662 2095 2096 1663
  8 2097 1742 1743 2098 2095 1740 1741 2096
  8 1665 2098 1845 1403 1663 2096 1844 1402
  8 2098 1743 1491 1845 2096 1741 1492 1844
  8 1451 1807 2099 1666 1452 1806 2097 1664
  8 1807 1520 1744 2099 1806 1519 1742 2097
  8 1666 2099 2100 1667 1664 2097 2098 1665
  8 2099 1744 1745 2100 2097 1742 1743 2098
  8 1667 2100 1846 1404 1665 2098 1845 1403
  8 2100 1745 1490 1846 2098 1743 1491 1845
  8 1450 1808 2101 1668 1451 1807 2099 1666
  8 1808 1521 1746 2101 1807 1520 1744 2099
  8 1668 2101 2102 1669 1666 2099 2100 1667
  8 2101 1746 1747 2102 2099 1744 1745 2100
  8 1669 2102 1847 1405 1667 2100 1846 1404
  8 2102 1747 1489 1847 2100 1745 1490 1846
  8 1449 1809 2103 1670 1450 1808 2101 1668
  8 1809 1522 1748 2103 1808 1521 1746 2101
  8 1670 2103 2104 1671 1668 2101 2102 1669
  8 2103 1748 1749 2104 2101 1746 1747 2102
  8 1671 2104 1848 1406 1669 2102 1847 1405
  8 2104 1749 1488 1848 2102 1747 1489 1847
  8 1448 1810 2105 1672 1449 1809 2103 1670
  8 1810 1523 1750 2105 1809 1522 1748 2103
  8 1672 2105 2106 1673 1670 2103 2104 1671
  8 2105 1750 1751 2106 2103 1748 1749 2104
  8 1673 2106 1849 1407 1671 2104 1848 1406
  8 2106 1751 1487 1849 2104 1749 1488 1848
  8 1447 1811 2107 1674 1448 1810 2105 1672
  8 1811 1524 1752 2107 1810 1523 1750 2105
  8 1674 2107 2108 1675 1672 2105 2106 1673
  8 2107 1752 1753 2108 2105 1750 1751 2106
  8 1675 2108 1850 1408 1673 2106 1849 1407
  8 2108 1753 1486 1850 2106 1751 1487 1849
  8 1446 1812 2109 1676 1447 1811 2107 1674
  8 1812 1525 1754 2109 1811 1524 1752 2107
  8 1676 2109 2110 1677 1674 2107 2108 1675
  8 2109 1754 1755 2110 2107 1752 1753 2108
  8 1677 2110 1851 1409 1675 2108 1850 1408
  8 2110 1755 1485 1851 2108 1753 1486 1850
  8 1445 1813 2111 1678 1446 1812 2109 1676
  8 1813 1526 1756 2111 1812 1525 1754 2109
  8 1678 2111 2112 1679 1676 2109 2110 1677
  8 2111 1756 1757 2112 2109 1754 1755 2110
  8 1679 2112 1852 1410 1677 2110 1851 1409
  8 2112 1757 1484 1852 2110 1755 1485 1851
  8 1444 1814 2113 1680 1445 1813 2111 1678
  8 1814 1527 1758 2113 1813 1526 1756 2111
  8 1680 2113 2114 1681 1678 2111 2112 1679
  8 2113 1758 1759 2114 2111 1756 1757 2112
  8 1681 2114 1853 1411 1679 2112 1852 1410
  8 2114 1759 1483 1853 2112 1757 1484 1852
  8 1443 1815 2115 1682 1444 1814 2113 1680
  8 1815 1528 1760 2115 1814 1527 1758 2113
  8 1682 2115 2116 1683 1680 2113 2114 1681
  8 2115 1760 1761 2116 2113 1758 1759 2114
  8 1683 2116 1854 1412 1681 2114 1853 1411
  8 2116 1761 1482 1854 2114 1759 1483 1853
  8 1442 1816 2117 1684 1443 1815 2115 1682
  8 1816 1529 1762 2117 1815 1528 1760 2115
  8 1684 2117 2118 1685 1682 2115 2116 1683
  8 2117 1762 1763 2118 2115 1760 1761 2116
  8 1685 2118 1855 1413 1683 2116 1854 1412
  8 2118 1763 1481 1855 2116 1761 1482 1854
  8 1441 1817 2119 1686 1442 1816 2117 1684
  8 1817 1530 1764 2119 1816 1529 1762 2117
  8 1686 2119 2120 1687 1684 2117 2118 1685
  8 2119 1764 1765 2120 2117 1762 1763 2118
  8 1687 2120 1856 1414 1685 2118 1855 1413
  8 2120 1765 1480 1856 2118 1763 1481 1855
  8 1440 1818 2121 1688 1441 1817 2119 1686
  8 1818 1531 1766 2121 1817 1530 1764 2119
  8 1688 2121 2122 1689 1686 2119 2120 1687
  8 2121 1766 1767 2122 2119 1764 1765 2120
  8 1689 2122 1857 1415 1687 2120 1856 1414
  8 2122 1767 1479 1857 2120 1765 1480 1856
  8 1439 1819 2123 1690 1440 1818 2121 1688
  8 1819 1532 1768 2123 1818 1531 1766 2121
  8 1690 2123 2124 1691 1688 2121 2122 1689
  8 2123 1768 1769 2124 2121 1766 1767 2122
  8 1691 2124 1858 1416 1689 2122 1857 1415
  8 2124 1769 1478 1858 2122 1767 1479 1857
  8 1438 1820 2125 1692 1439 1819 2123 1690
  8 1820 1533 1770 2125 1819 1532 1768 2123
  8 1692 2125 2126 1693 1690 2123 2124 1691
  8 2125 1770 1771 2126 2123 1768 1769 2124
  8 1693 2126 1859 1417 1691 2124 1858 1416
  8 2126 1771 1477 1859 2124 1769 1478 1858
  8 1437 1821 2127 1694 1438 1820 2125 1692
  8 1821 1534 1772 2127 1820 1533 1770 2125
  8 1694 2127 2128 1695 1692 2125 2126 1693
  8 2127 1772 1773 2128 2125 1770 1771 2126
  8 1695 2128 1860 1418 1693 2126 1859 1417
  8 2128 1773 1476 1860 2126 1771 1477 1859
  8 1436 1822 2129 1696 1437 1821 2127 1694
  8 1822 1535 1774 2129 1821 1534 1772 2127
  8 1696 2129 2130 1697 1694 2127 2128 1695
  8 2129 1774 1775 2130 2127 1772 1773 2128
  8 1697 2130 1861 1419 1695 2128 1860 1418
  8 2130 1775 1475 1861 2128 1773 1476 1860
  8 1435 1823 2131 1698 1436 1822 2129 1696
  8 1823 1536 1776 2131 1822 1535 1774 2129
  8 1698 2131 2132 1699 1696 2129 2130 1697
  8 2131 1776 1777 2132 2129 1774 1775 2130
  8 1699 2132 1862 1420 1697 2130 1861 1419
  8 2132 1777 1474 1862 2130 1775 1475 1861
  8 1434 1824 2133 1700 1435 1823 2131 1698
  8 1824 1537 1778 2133 1823 1536 1776 2131
  8 1700 2133 2134 1701 1698 2131 2132 1699
  8 2133 1778 1779 2134 2131 1776 1777 2132
  8 1701 2134 1863 1421 1699 2132 1862 1420
  8 2134 1779 1473 1863 2132 1777 1474 1862
  8 1433 1825 2135 1702 1434 1824 2133 1700
  8 1825 1538 1780 2135 1824 1537 1778 2133
  8 1702 2135 2136 1703 1700 2133 2134 1701
  8 2135 1780 1781 2136 2133 1778 1779 2134
  8 1703 2136 1864 1422 1701 2134 1863 1421
  8 2136 1781 1472 1864 2134 1779 1473 1863
  8 1432 1826 2137 1704 1433 1825 2135 1702
  8 1826 1539 1782 2137 1825 1538 1780 2135
  8 1704 2137 2138 1705 1702 2135 2136 1703
  8 2137 1782 1783 2138 2135 1780 1781 2136
  8 1705 2138 1865 1423 1703 2136 1864 1422
  8 2138 1783 1471 1865 2136 1781 1472 1864
  8 1431 1827 2139 1706 1432 1826 2137 1704
  8 1827 1540 1784 2139 1826 1539 1782 2137
  8 1706 2139 2140 1707 1704 2137 2138 1705
  8 2139 1784 1785 2140 2137 1782 1783 2138
  8 1707 2140 1866 1424 1705 2138 1865 1423
  8 2140 1785 1470 1866 2138 1783 1471 1865
  8 1430 1828 2141 1708 1431 1827 2139 1706
  8 1828 1541 1786 2141 1827 1540 1784 2139
  8 1708 2141 2142 1709 1706 2139 2140 1707
  8 2141 1786 1787 2142 2139 1784 1785 2140
  8 1709 2142 1867 1425 1707 2140 1866 1424
  8 2142 1787 1469 1867 2140 1785 1470 1866
  8 1429 1829 2143 1710 1430 1828 2141 1708
  8 1829 1542 1788 2143 1828 1541 1786 2141
  8 1710 2143 2144 1711 1708 2141 2142 1709
  8 2143 1788 1789 2144 2141 1786 1787 2142
  8 1711 2144 1868 1426 1709 2142 1867 1425
  8 2144 1789 1468 1868 2142 1787 1469 1867
  8 1428 1830 2145 1712 1429 1829 2143 1710
  8 1830 1543 1790 2145 1829 1542 1788 2143
  8 1712 2145 2146 1713 1710 2143 2144 1711
  8 2145 1790 1791 2146 2143 1788 1789 2144
  8 1713 2146 1869 1427 1711 2144 1868 1426
  8 2146 1791 1467 1869 2144 1789 1468 1868
  8 1372 1383 1634 1387 1428 1830 2145 1712
  8 1383 1369 1385 1634 1830 1543 1790 2145
  8 1387 1634 1635 1388 1712 2145 2146 1713
  8 1634 1385 1384 1635 2145 1790 1791 2146
  8 1388 1635 1386 1371 1713 2146 1869 1427
  8 1635 1384 1370 1386 2146 1791 1467 1869
  8 1506 1792 2147 1874 1366 1377 1870 1548
  8 1792 1466 1952 2147 1377 1365 1544 1870
  8 1874 2147 2148 1875 1548 1870 1871 1547
  8 2147 1952 1953 2148 1870 1544 1545 1871
  8 1875 2148 2030 1554 1547 1871 1546 1374
  8 2148 1953 1631 2030 1871 1545 1373 1546
  8 1507 1793 2149 1876 1506 1792 2147 1874
  8 1793 1465 1954 2149 1792 1466 1952 2147
  8 1876 2149 2150 1877 1874 2147 2148 1875
  8 2149 1954 1955 2150 2147 1952 1953 2148
  8 1877 2150 2031 1555 1875 2148 2030 1554
  8 2150 1955 1630 2031 2148 1953 1631 2030
  8 1508 1794 2151 1878 1507 1793 2149 1876
  8 1794 1464 1956 2151 1793 1465 1954 2149
  8 1878 2151 2152 1879 1876 2149 2150 1877
  8 2151 1956 1957 2152 2149 1954 1955 2150
  8 1879 2152 2032 1556 1877 2150 2031 1555
  8 2152 1957 1629 2032 2150 1955 1630 2031
  8 1509 1795 2153 1880 1508 1794 2151 1878
  8 1795 1463 1958 2153 1794 1464 1956 2151
  8 1880 2153 2154 1881 1878 2151 2152 1879
  8 2153 1958 1959 2154 2151 1956 1957 2152
  8 1881 2154 2033 1557 1879 2152 2032 1556
  8 2154 1959 1628 2033 2152 1957 1629 2032
  8 1510 1796 2155 1882 1509 1795 2153 1880
  8 1796 1462 1960 2155 1795 1463 1958 2153
  8 1882 2155 2156 1883 1880 2153 2154 1881
  8 2155 1960 1961 2156 2153 1958 1959 2154
  8 1883 2156 2034 1558 1881 2154 2033 1557
  8 2156 1961 1627 2034 2154 1959 1628 2033
  8 1511 1797 2157 1884 1510 1796 2155 1882
  8 1797 1461 1962 2157 1796 1462 1960 2155
  8 1884 2157 2158 1885 1882 2155 2156 1883
  8 2157 1962 1963 2158 2155 1960 1961 2156
  8 1885 2158 2035 1559 1883 2156 2034 1558
  8 2158 1963 1626 2035 2156 1961 1627 2034
  8 1512 1798 2159 1886 1511 1797 2157 1884
  8 1798 1460 1964 2159 1797 1461 1962 2157
  8 1886 2159 2160 1887 1884 2157 2158 1885
  8 2159 1964 1965 2160 2157 1962 1963 2158
  8 1887 2160 2036 1560 1885 2158 2035 1559
  8 2160 1965 1625 2036 2158 1963 1626 2035
  8 1513 1799 2161 1888 1512 1798 2159 1886
  8 1799 1459 1966 2161 1798 1460 1964 2159
  8 1888 2161 2162 1889 1886 2159 2160 1887
  8 2161 1966 1967 2162 2159 1964 1965 2160
  8 1889 2162 2037 1561 1887 2160 2036 1560
  8 2162 1967 1624 2037 2160 1965 1625 2036
  8 1514 1800 2163 1890 1513 1799 2161 1888
  8 1800 1458 1968 2163 1799 1459 1966 2161
  8 1890 2163 2164 1891 1888 2161 2162 1889
  8 2163 1968 1969 2164 2161 1966 1967 2162
  8 1891 2164 2038 1562 1889 2162 2037 1561
  8 2164 1969 1623 2038 2162 1967 1624 2037
  8 8 1801 2165 1892 1514 1800 2163 1890
  8 1801 1457 1970 2165 1800 1458 1968 2163
  8 1892 2165 2166 1893 1890 2163 2164 1891
  8 2165 1970 1971 2166 2163 1968 1969 2164
  8 1893 2166 2039 1563 1891 2164 2038 1562
  8 2166 1971 1622 2039 2164 1969 1623 2038
  8 1515 1802 2167 1894 8 1801 2165 1892
  8 1802 1456 1972 2167 1801 1457 1970 2165
  8 1894 2167 2168 1895 1892 2165 2166 1893
  8 2167 1972 1973 2168 2165 1970 1971 2166
  8 1895 2168 2040 1564 1893 2166 2039 1563
  8 2168 1973 1621 2040 2166 1971 1622 2039
  8 1516 1803 2169 1896 1515 1802 2167 1894
  8 1803 1455 1974 2169 1802 1456 1972 2167
  8 1896 2169 2170 1897 1894 2167 2168 1895
  8 2169 1974 1975 2170 2167 1972 1973 2168
  8 1897 2170 2041 1565 1895 2168 2040 1564
  8 2170 1975 1620 2041 2168 1973 1621 2040
  8 1517 1804 2171 1898 1516 1803 2169 1896
  8 1804 1454 1976 2171 1803 1455 1974 2169
  8 1898 2171 2172 1899 1896 2169 2170 1897
  8 2171 1976 1977 2172 2169 1974 1975 2170
  8 1899 2172 2042 1566 1897 2170 2041 1565
  8 2172 1977 1619 2042 2170 1975 1620 2041
  8 1518 1805 2173 1900 1517 1804 2171 1898
  8 1805 1453 1978 2173 1804 1454 1976 2171
  8 1900 2173 2174 1901 1898 2171 2172 1899
  8 2173 1978 1979 2174 2171 1976 1977 2172
  8 1901 2174 2043 1567 1899 2172 2042 1566
  8 2174 1979 1618 2043 2172 1977 1619 2042
  8 1519 1806 2175 1902 1518 1805 2173 1900
  8 1806 1452 1980 2175 1805 1453 1978 2173
  8 1902 2175 2176 1903 1900 2173 2174 1901
  8 2175 1980 1981 2176 2173 1978 1979 2174
  8 1903 2176 2044 1568 1901 2174 2043 1567
  8 2176 1981 1617 2044 2174 1979 1618 2043
  8 1520 1807 2177 1904 1519 1806 2175 1902
  8 1807 1451 1982 2177 1806 1452 1980 2175
  8 1904 2177 2178 1905 1902 2175 2176 1903
  8 2177 1982 1983 2178 2175 1980 1981 2176
  8 1905 2178 2045 1569 1903 2176 2044 1568
  8 2178 1983 1616 2045 2176 1981 1617 2044
  8 1521 1808 2179 1906 1520 1807 2177 1904
  8 1808 1450 1984 2179 1807 1451 1982 2177
  8 1906 2179 2180 1907 1904 2177 2178 1905
  8 2179 1984 1985 2180 2177 1982 1983 2178
  8 1907 2180 2046 1570 1905 2178 2045 1569
  8 2180 1985 1615 2046 2178 1983 1616 2045
  8 1522 1809 2181 1908 1521 1808 2179 1906
  8 1809 1449 1986 2181 1808 1450 1984 2179
  8 1908 2181 2182 1909 1906 2179 2180 1907
  8 2181 1986 1987 2182 2179 1984 1985 2180
  8 1909 2182 2047 1571 1907 2180 2046 1570
  8 2182 1987 1614 2047 2180 1985 1615 2046
  8 1523 1810 2183 1910 1522 1809 2181 1908
  8 1810 1448 1988 2183 1809 1449 1986 2181
  8 1910 2183 2184 1911 1908 2181 2182 1909
  8 2183 1988 1989 2184 2181 1986 1987 2182
  8 1911 2184 2048 1572 1909 2182 2047 1571
  8 2184 1989 1613 2048 2182 1987 1614 2047
  8 1524 1811 2185 1912 1523 1810 2183 1910
  8 1811 1447 1990 2185 1810 1448 1988 2183
  8 1912 2185 2186 1913 1910 2183 2184 1911
  8 2185 1990 1991 2186 2183 1988 1989 2184
  8 1913 2186 2049 1573 1911 2184 2048 1572
  8 2186 1991 1612 2049 2184 1989 1613 2048
  8 1525 1812 2187 1914 1524 1811 2185 1912
  8 1812 1446 1992 2187 1811 1447 1990 2185
  8 1914 2187 2188 1915 1912 2185 2186 1913
  8 2187 1992 1993 2188 2185 1990 1991 2186
  8 1915 2188 2050 1574 1913 2186 2049 1573
  8 2188 1993 1611 2050 2186 1991 1612 2049
  8 1526 1813 2189 1916 1525 1812 2187 1914
  8 1813 1445 1994 2189 1812 1446 1992 2187
  8 1916 2189 2190 1917 1914 2187 2188 1915
  8 2189 1994 1995 2190 2187 1992 1993 2188
  8 1917 2190 2051 1575 1915 2188 2050 1574
  8 2190 1995 1610 2051 2188 1993 1611 2050
  8 1527 1814 2191 1918 1526 1813 2189 1916
  8 1814 1444 1996 2191 1813 1445 1994 2189
  8 1918 2191 2192 1919 1916 2189 2190 1917
  8 2191 1996 1997 2192 2189 1994 1995 2190
  8 1919 2192 2052 1576 1917 2190 2051 1575
  8 2192 1997 1609 2052 2190 1995 1610 2051
  8 1528 1815 2193 1920 1527 1814 2191 1918
  8 1815 1443 1998 2193 1814 1444 1996 2191
  8 1920 2193 2194 1921 1918 2191 2192 1919
  8 2193 1998 1999 2194 2191 1996 1997 2192
  8 1921 2194 2053 1577 1919 2192 2052 1576
  8 2194 1999 1608 2053 2192 1997 1609 2052
  8 1529 1816 2195 1922 1528 1815 2193 1920
  8 1816 1442 2000 2195 1815 1443 1998 2193
  8 1922 2195 2196 1923 1920 2193 2194 1921
  8 2195 2000 2001 2196 2193 1998 1999 2194
  8 1923 2196 2054 1578 1921 2194 2053 1577
  8 2196 2001 1607 2054 2194 1999 1608 2053
  8 1530 1817 2197 1924 1529 1816 2195 1922
  8 1817 1441 2002 2197 1816 1442 2000 2195
  8 1924 2197 2198 1925 1922 2195 2196 1923
  8 2197 2002 2003 2198 2195 2000 2001 2196
  8 1925 2198 2055 1579 1923 2196 2054 1578
  8 2198 2003 1606 2055 2196 2001 1607 2054
  8 1531 1818 2199 1926 1530 1817 2197 1924
  8 1818 1440 2004 2199 1817 1441 2002 2197
  8 1926 2199 2200 1927 1924 2197 2198 1925
  8 2199 2004 2005 2200 2197 2002 2003 2198
  8 1927 2200 2056 1580 1925 2198 2055 1579
  8 2200 2005 1605 2056 2198 2003 1606 2055
  8 1532 1819 2201 1928 1531 1818 2199 1926
  8 1819 1439 2006 2201 1818 1440 2004 2199
  8 1928 2201 2202 1929 1926 2199 2200 1927
  8 2201 2006 2007 2202 2199 2004 2005 2200
  8 1929 2202 2057 1581 1927 2200 2056 1580
  8 2202 2007 1604 2057 2200 2005 1605 2056
  8 1533 1820 2203 1930 1532 1819 2201 1928
  8 1820 1438 2008 2203 1819 1439 2006 2201
  8 1930 2203 2204 1931 1928 2201 2202 1929
  8 2203 2008 2009 2204 2201 2006 2007 2202
  8 1931 2204 2058 1582 1929 2202 2057 1581
  8 2204 2009 1603 2058 2202 2007 1604 2057
  8 1534 1821 2205 1932 1533 1820 2203 1930
  8 1821 1437 2010 2205 1820 1438 2008 2203
  8 1932 2205 2206 1933 1930 2203 2204 1931
  8 2205 2010 2011 2206 2203 2008 2009 2204
  8 1933 2206 2059 1583 1931 2204 2058 1582
  8 2206 2011 1602 2059 2204 2009 1603 2058
  8 1535 1822 2207 1934 1534 1821 2205 1932
  8 1822 1436 2012 2207 1821 1437 2010 2205
  8 1934 2207 2208 1935 1932 2205 2206 1933
  8 2207 2012 2013 2208 2205 2010 2011 2206
  8 1935 2208 2060 1584 1933 2206 2059 1583
  8 2208 2013 1601 2060 2206 2011 1602 2059
  8 1536 1823 2209 1936 1535 1822 2207 1934
  8 1823 1435 2014 2209 1822 1436 2012 2207
  8 1936 2209 2210 1937 1934 2207 2208 1935
  8 2209 2014 2015 2210 2207 2012 2013 2208
  8 1937 2210 2061 1585 1935 2208 2060 1584
  8 2210 2015 1600 2061 2208 2013 1601 2060
  8 1537 1824 2211 1938 1536 1823 2209 1936
  8 1824 1434 2016 2211 1823 1435 2014 2209
  8 1938 2211 2212 1939 1936 2209 2210 1937
  8 2211 2016 2017 2212 2209 2014 2015 2210
  8 1939 2212 2062 1586 1937 2210 2061 1585
  8 2212 2017 1599 2062 2210 2015 1600 2061
  8 1538 1825 2213 1940 1537 1824 2211 1938
  8 1825 1433 2018 2213 1824 1434 2016 2211
  8 1940 2213 2214 1941 1938 2211 2212 1939
  8 2213 2018 2019 2214 2211 2016 2017 2212
  8 1941 2214 2063 1587 1939 2212 2062 1586
  8 2214 2019 1598 2063 2212 2017 1599 2062
  8 1539 1826 2215 1942 1538 1825 2213 1940
  8 1826 1432 2020 2215 1825 1433 2018 2213
  8 1942 2215 2216 1943 1940 2213 2214 1941
  8 2215 2020 2021 2216 2213 2018 2019 2214
  8 1943 2216 2064 1588 1941 2214 2063 1587
  8 2216 2021 1597 2064 2214 2019 1598 2063
  8 1540 1827 2217 1944 1539 1826 2215 1942
  8 1827 1431 2022 2217 1826 1432 2020 2215
  8 1944 2217 2218 1945 1942 2215 2216 1943
  8 2217 2022 2023 2218 2215 2020 2021 2216
  8 1945 2218 2065 1589 1943 2216 2064 1588
  8 2218 2023 1596 2065 2216 2021 1597 2064
  8 1541 1828 2219 1946 1540 1827 2217 1944
  8 1828 1430 2024 2219 1827 1431 2022 2217
  8 1946 2219 2220 1947 1944 2217 2218 1945
  8 2219 2024 2025 2220 2217 2022 2023 2218
  8 1947 2220 2066 1590 1945 2218 2065 1589
  8 2220 2025 1595 2066 2218 2023 1596 2065
  8 1542 1829 2221 1948 1541 1828 2219 1946
  8 1829 1429 2026 2221 1828 1430 2024 2219
  8 1948 2221 2222 1949 1946 2219 2220 1947
  8 2221 2026 2027 2222 2219 2024 2025 2220
  8 1949 2222 2067 1591 1947 2220 2066 1590
  8 2222 2027 1594 2067 2220 2025 1595 2066
  8 1543 1830 2223 1950 1542 1829 2221 1948
  8 1830 1428 2028 2223 1829 1429 2026 2221
  8 1950 2223 2224 1951 1948 2221 2222 1949
  8 2223 2028 2029 2224 2221 2026 2027 2222
  8 1951 2224 2068 1592 1949 2222 2067 1591
  8 2224 2029 1593 2068 2222 2027 1594 2067
  8 1369 1383 1872 1552 1543 1830 2223 1950
  8 1383 1372 1550 1872 1830 1428 2028 2223
  8 1552 1872 1873 1553 1950 2223 2224 1951
  8 1872 1550 1549 1873 2223 2028 2029 2224
  8 1553 1873 1551 1376 1951 2224 2068 1592
  8 1873 1549 1375 1551 2224 2029 1593 2068
  8 2281 2456 2609 2366 2225 2235 2336 2250
  8 2456 2457 2610 2609 2235 2236 2337 2336
  8 2457 2458 2611 2610 2236 2237 2338 2337
  8 2458 2291 2411 2611 2237 2226 2238 2338
  8 2366 2609 2612 2367 2250 2336 2339 2249
  8 2609 2610 2613 2612 2336 2337 2340 2339
  8 2610 2611 2614 2613 2337 2338 2341 2340
  8 2611 2411 2412 2614 2338 2238 2239 2341
  8 2367 2612 2615 2368 2249 2339 2342 2248
  8 2612 2613 2616 2615 2339 2340 2343 2342
  8 2613 2614 2617 2616 2340 2341 2344 2343
  8 2614 2412 2413 2617 2341 2239 2240 2344
  8 2368 2615 2618 2369 2248 2342 2345 2247
  8 2615 2616 2619 2618 2342 2343 2346 2345
  8 2616 2617 2620 2619 2343 2344 2347 2346
  8 2617 2413 2414 2620 2344 2240 2241 2347
  8 2369 2618 2621 2370 2247 2345 2348 2246
  8 2618 2619 2622 2621 2345 2346 2349 2348
  8 2619 2620 2623 2622 2346 2347 2350 2349
  8 2620 2414 2415 2623 2347 2241 2242 2350
  8 2370 2621 2483 2264 2246 2348 2245 2228
  8 2621 2622 2484 2483 2348 2349 2244 2245
  8 2622 2623 2485 2484 2349 2350 2243 2244
  8 2623 2415 2290 2485 2350 2242 2227 2243
  8 2280 2459 2624 2371 2281 2456 2609 2366
  8 2459 2460 2625 2624 2456 2457 2610 2609
  8 2460 2461 2626 2625 2457 2458 2611 2610
  8 2461 2292 2416 2626 2458 2291 2411 2611
  8 2371 2624 2627 2372 2366 2609 2612 2367
  8 2624 2625 2628 2627 2609 2610 2613 2612
  8 2625 2626 2629 2628 2610 2611 2614 2613
  8 2626 2416 2417 2629 2611 2411 2412 2614
  8 2372 2627 2630 2373 2367 2612 2615 2368
  8 2627 2628 2631 2630 2612 2613 2616 2615
  8 2628 2629 2632 2631 2613 2614 2617 2616
  8 2629 2417 2418 2632 2614 2412 2413 2617
  8 2373 2630 2633 2374 2368 2615 2618 2369
  8 2630 2631 2634 2633 2615 2616 2619 2618
  8 2631 2632 2635 2634 2616 2617 2620 2619
  8 2632 2418 2419 2635 2617 2413 2414 2620
  8 2374 2633 2636 2375 2369 2618 2621 2370
  8 2633 2634 2637 2636 2618 2619 2622 2621
  8 2634 2635 2638 2637 2619 2620 2623 2622
  8 2635 2419 2420 2638 2620 2414 2415 2623
  8 2375 2636 2486 2265 2370 2621 2483 2264
  8 2636 2637 2487 2486 2621 2622 2484 2483
  8 2637 2638 2488 2487 2622 2623 2485 2484
  8 2638 2420 2289 2488 2623 2415 2290 2485
  8 2279 2462 2639 2376 2280 2459 2624 2371
  8 2462 2463 2640 2639 2459 2460 2625 2624
  8 2463 2464 2641 2640 2460 2461 2626 2625
  8 2464 2293 2421 2641 2461 2292 2416 2626
  8 2376 2639 2642 2377 2371 2624 2627 2372
  8 2639 2640 2643 2642 2624 2625 2628 2627
  8 2640 2641 2644 2643 2625 2626 2629 2628
  8 2641 2421 2422 2644 2626 2416 2417 2629
  8 2377 2642 2645 2378 2372 2627 2630 2373
  8 2642 2643 2646 2645 2627 2628 2631 2630
  8 2643 2644 2647 2646 2628 2629 2632 2631
  8 2644 2422 2423 2647 2629 2417 2418 2632
  8 2378 2645 2648 2379 2373 2630 2633 2374
  8 2645 2646 2649 2648 2630 2631 2634 2633
  8 2646 2647 2650 2649 2631 2632 2635 2634
  8 2647 2423 2424 2650 2632 2418 2419 2635
  8 2379 2648 2651 2380 2374 2633 2636 2375
  8 2648 2649 2652 2651 2633 2634 2637 2636
  8 2649 2650 2653 2652 2634 2635 2638 2637
  8 2650 2424 2425 2653 2635 2419 2420 2638
  8 2380 2651 2489 2266 2375 2636 2486 2265
  8 2651 2652 2490 2489 2636 2637 2487 2486
  8 2652 2653 2491 2490 2637 2638 2488 2487
  8 2653 2425 2288 2491 2638 2420 2289 2488
  8 2278 2465 2654 2381 2279 2462 2639 2376
  8 2465 2466 2655 2654 2462 2463 2640 2639
  8 2466 2467 2656 2655 2463 2464 2641 2640
  8 2467 2294 2426 2656 2464 2293 2421 2641
  8 2381 2654 2657 2382 2376 2639 2642 2377
  8 2654 2655 2658 2657 2639 2640 2643 2642
  8 2655 2656 2659 2658 2640 2641 2644 2643
  8 2656 2426 2427 2659 2641 2421 2422 2644
  8 2382 2657 2660 2383 2377 2642 2645 2378
  8 2657 2658 2661 2660 2642 2643 2646 2645
  8 2658 2659 2662 2661 2643 2644 2647 2646
  8 2659 2427 2428 2662 2644 2422 2423 2647
  8 2383 2660 2663 2384 2378 2645 2648 2379
  8 2660 2661 2664 2663 2645 2646 2649 2648
  8 2661 2662 2665 2664 2646 2647 2650 2649
  8 2662 2428 2429 2665 2647 2423 2424 2650
  8 2384 2663 2666 2385 2379 2648 2651 2380
  8 2663 2664 2667 2666 2648 2649 2652 2651
  8 2664 2665 2668 2667 2649 2650 2653 2652
  8 2665 2429 2430 2668 2650 2424 2425 2653
  8 2385 2666 2492 2267 2380 2651 2489 2266
  8 2666 2667 2493 2492 2651 2652 2490 2489
  8 2667 2668 2494 2493 2652 2653 2491 2490
  8 2668 2430 2287 2494 2653 2425 2288 2491
  8 2277 2468 2669 2386 2278 2465 2654 2381
  8 2468 2469 2670 2669 2465 2466 2655 2654
  8 2469 2470 2671 2670 2466 2467 2656 2655
  8 2470 2295 2431 2671 2467 2294 2426 2656
  8 2386 2669 2672 2387 2381 2654 2657 2382
  8 2669 2670 2673 2672 2654 2655 2658 2657
  8 2670 2671 2674 2673 2655 2656 2659 2658
  8 2671 2431 2432 2674 2656 2426 2427 2659
  8 2387 2672 2675 2388 2382 2657 2660 2383
  8 2672 2673 2676 2675 2657 2658 2661 2660
  8 2673 2674 2677 2676 2658 2659 2662 2661
  8 2674 2432 2433 2677 2659 2427 2428 2662
  8 2388 2675 2678 2389 2383 2660 2663 2384
  8 2675 2676 2679 2678 2660 2661 2664 2663
  8 2676 2677 2680 2679 2661 2662 2665 2664
  8 2677 2433 2434 2680 2662 2428 2429 2665
  8 2389 2678 2681 2390 2384 2663 2666 2385
  8 2678 2679 2682 2681 2663 2664 2667 2666
  8 2679 2680 2683 2682 2664 2665 2668 2667
  8 2680 2434 2435 2683 2665 2429 2430 2668
  8 2390 2681 2495 2268 2385 2666 2492 2267
  8 2681 2682 2496 2495 2666 2667 2493 2492
  8 2682 2683 2497 2496 2667 2668 2494 2493
  8 2683 2435 2286 2497 2668 2430 2287 2494
  8 2276 2471 2684 2391 2277 2468 2669 2386
  8 2471 2472 2685 2684 2468 2469 2670 2669
  8 2472 2473 2686 2685 2469 2470 2671 2670
  8 2473 2296 2436 2686 2470 2295 2431 2671
  8 2391 2684 2687 2392 2386 2669 2672 2387
  8 2684 2685 2688 2687 2669 2670 2673 2672
  8 2685 2686 2689 2688 2670 2671 2674 2673
  8 2686 2436 2437 2689 2671 2431 2432 2674
  8 2392 2687 2690 2393 2387 2672 2675 2388
  8 2687 2688 2691 2690 2672 2673 2676 2675
  8 2688 2689 2692 2691 2673 2674 2677 2676
  8 2689 2437 2438 2692 2674 2432 2433 2677
  8 2393 2690 2693 2394 2388 2675 2678 2389
  8 2690 2691 2694 2693 2675 2676 2679 2678
  8 2691 2692 2695 2694 2676 2677 2680 2679
  8 2692 2438 2439 2695 2677 2433 2434 2680
  8 2394 2693 2696 2395 2389 2678 2681 2390
  8 2693 2694 2697 2696 2678 2679 2682 2681
  8 2694 2695 2698 2697 2679 2680 2683 2682
  8 2695 2439 2440 2698 2680 2434 2435 2683
  8 2395 2696 2498 2269 2390 2681 2495 2268
  8 2696 2697 2499 2498 2681 2682 2496 2495
  8 2697 2698 2500 2499 2682 2683 2497 2496
  8 2698 2440 2285 2500 2683 2435 2286 2497
  8 2275 2474 2699 2396 2276 2471 2684 2391
  8 2474 2475 2700 2699 2471 2472 2685 2684
  8 2475 2476 2701 2700 2472 2473 2686 2685
  8 2476 2297 2441 2701 2473 2296 2436 2686
  8 2396 2699 2702 2397 2391 2684 2687 2392
  8 2699 2700 2703 2702 2684 2685 2688 2687
  8 2700 2701 2704 2703 2685 2686 2689 2688
  8 2701 2441 2442 2704 2686 2436 2437 2689
  8 2397 2702 2705 2398 2392 2687 2690 2393
  8 2702 2703 2706 2705 2687 2688 2691 2690
  8 2703 2704 2707 2706 2688 2689 2692 2691
  8 2704 2442 2443 2707 2689 2437 2438 2692
  8 2398 2705 2708 2399 2393 2690 2693 2394
  8 2705 2706 2709 2708 2690 2691 2694 2693
  8 2706 2707 2710 2709 2691 2692 2695 2694
  8 2707 2443 2444 2710 2692 2438 2439 2695
  8 2399 2708 2711 2400 2394 2693 2696 2395
  8 2708 2709 2712 2711 2693 2694 2697 2696
  8 2709 2710 2713 2712 2694 2695 2698 2697
  8 2710 2444 2445 2713 2695 2439 2440 2698
  8 2400 2711 2501 2270 2395 2696 2498 2269
  8 2711 2712 2502 2501 2696 2697 2499 2498
  8 2712 2713 2503 2502 2697 2698 2500 2499
  8 2713 2445 2284 2503 2698 2440 2285 2500
  8 2274 2477 2714 2401 2275 2474 2699 2396
  8 2477 2478 2715 2714 2474 2475 2700 2699
  8 2478 2479 2716 2715 2475 2476 2701 2700
  8 2479 2298 2446 2716 2476 2297 2441 2701
  8 2401 2714 2717 2402 2396 2699 2702 2397
  8 2714 2715 2718 2717 2699 2700 2703 2702
  8 2715 2716 2719 2718 2700 2701 2704 2703
  8 2716 2446 2447 2719 2701 2441 2442 2704
  8 2402 2717 2720 2403 2397 2702 2705 2398
  8 2717 2718 2721 2720 2702 2703 2706 2705
  8 2718 2719 2722 2721 2703 2704 2707 2706
  8 2719 2447 2448 2722 2704 2442 2443 2707
  8 2403 2720 2723 2404 2398 2705 2708 2399
  8 2720 2721 2724 2723 2705 2706 2709 2708
  8 2721 2722 2725 2724 2706 2707 2710 2709
  8 2722 2448 2449 2725 2707 2443 2444 2710
  8 2404 2723 2726 2405 2399 2708 2711 2400
  8 2723 2724 2727 2726 2708 2709 2712 2711
  8 2724 2725 2728 2727 2709 2710 2713 2712
  8 2725 2449 2450 2728 2710 2444 2445 2713
  8 2405 2726 2504 2271 2400 2711 2501 2270
  8 2726 2727 2505 2504 2711 2712 2502 2501
  8 2727 2728 2506 2505 2712 2713 2503 2502
  8 2728 2450 2283 2506 2713 2445 2284 2503
  8 2273 2480 2729 2406 2274 2477 2714 2401
  8 2480 2481 2730 2729 2477 2478 2715 2714
  8 2481 2482 2731 2730 2478 2479 2716 2715
  8 2482 2299 2451 2731 2479 2298 2446 2716
  8 2406 2729 2732 2407 2401 2714 2717 2402
  8 2729 2730 2733 2732 2714 2715 2718 2717
  8 2730 2731 2734 2733 2715 2716 2719 2718
  8 2731 2451 2452 2734 2716 2446 2447 2719
  8 2407 2732 2735 2408 2402 2717 2720 2403
  8 2732 2733 2736 2735 2717 2718 2721 2720
  8 2733 2734 2737 2736 2718 2719 2722 2721
  8 2734 2452 2453 2737 2719 2447 2448 2722
  8 2408 2735 2738 2409 2403 2720 2723 2404
  8 2735 2736 2739 2738 2720 2721 2724 2723
  8 2736 2737 2740 2739 2721 2722 2725 2724
  8 2737 2453 2454 2740 2722 2448 2449 2725
  8 2409 2738 2741 2410 2404 2723 2726 2405
  8 2738 2739 2742 2741 2723 2724 2727 2726
  8 2739 2740 2743 2742 2724 2725 2728 2727
  8 2740 2454 2455 2743 2725 2449 2450 2728
  8 2410 2741 2507 2272 2405 2726 2504 2271
  8 2741 2742 2508 2507 2726 2727 2505 2504
  8 2742 2743 2509 2508 2727 2728 2506 2505
  8 2743 2455 2282 2509 2728 2450 2283 2506
  8 2230 2253 2351 2259 2273 2480 2729 2406
  8 2253 2252 2352 2351 2480 2481 2730 2729
  8 2252 2251 2353 2352 2481 2482 2731 2730
  8 2251 2229 2258 2353 2482 2299 2451 2731
  8 2259 2351 2354 2260 2406 2729 2732 2407
  8 2351 2352 2355 2354 2729 2730 2733 2732
  8 2352 2353 2356 2355 2730 2731 2734 2733
  8 2353 2258 2257 2356 2731 2451 2452 2734
  8 2260 2354 2357 2261 2407 2732 2735 2408
  8 2354 2355 2358 2357 2732 2733 2736 2735
  8 2355 2356 2359 2358 2733 2734 2737 2736
  8 2356 2257 2256 2359 2734 2452 2453 2737
  8 2261 2357 2360 2262 2408 2735 2738 2409
  8 2357 2358 2361 2360 2735 2736 2739 2738
  8 2358 2359 2362 2361 2736 2737 2740 2739
  8 2359 2256 2255 2362 2737 2453 2454 2740
  8 2262 2360 2363 2263 2409 2738 2741 2410
  8 2360 2361 2364 2363 2738 2739 2742 2741
  8 2361 2362 2365 2364 2739 2740 2743 2742
  8 2362 2255 2254 2365 2740 2454 2455 2743
  8 2263 2363 202 18 2410 2741 2507 2272
  8 2363 2364 203 202 2741 2742 2508 2507
  8 2364 2365 204 203 2742 2743 2509 2508
  8 2365 2254 19 204 2743 2455 2282 2509
  8 2291 2458 2744 2528 2226 2237 2510 2308
  8 2458 2457 2745 2744 2237 2236 2511 2510
  8 2457 2456 2746 2745 2236 2235 2512 2511
  8 2456 2281 2555 2746 2235 2225 2300 2512
  8 2528 2744 2747 2529 2308 2510 2513 2307
  8 2744 2745 2748 2747 2510 2511 2514 2513
  8 2745 2746 2749 2748 2511 2512 2515 2514
  8 2746 2555 2556 2749 2512 2300 2301 2515
  8 2529 2747 2750 2530 2307 2513 2516 2306
  8 2747 2748 2751 2750 2513 2514 2517 2516
  8 2748 2749 2752 2751 2514 2515 2518 2517
  8 2749 2556 2557 2752 2515 2301 2302 2518
  8 2530 2750 2582 2318 2306 2516 2305 2232
  8 2750 2751 2583 2582 2516 2517 2304 2305
  8 2751 2752 2584 2583 2517 2518 2303 2304
  8 2752 2557 2335 2584 2518 2302 2231 2303
  8 2292 2461 2753 2531 2291 2458 2744 2528
  8 2461 2460 2754 2753 2458 2457 2745 2744
  8 2460 2459 2755 2754 2457 2456 2746 2745
  8 2459 2280 2558 2755 2456 2281 2555 2746
  8 2531 2753 2756 2532 2528 2744 2747 2529
  8 2753 2754 2757 2756 2744 2745 2748 2747
  8 2754 2755 2758 2757 2745 2746 2749 2748
  8 2755 2558 2559 2758 2746 2555 2556 2749
  8 2532 2756 2759 2533 2529 2747 2750 2530
  8 2756 2757 2760 2759 2747 2748 2751 2750
  8 2757 2758 2761 2760 2748 2749 2752 2751
  8 2758 2559 2560 2761 2749 2556 2557 2752
  8 2533 2759 2585 2319 2530 2750 2582 2318
  8 2759 2760 2586 2585 2750 2751 2583 2582
  8 2760 2761 2587 2586 2751 2752 2584 2583
  8 2761 2560 2334 2587 2752 2557 2335 2584
  8 2293 2464 2762 2534 2292 2461 2753 2531
  8 2464 2463 2763 2762 2461 2460 2754 2753
  8 2463 2462 2764 2763 2460 2459 2755 2754
  8 2462 2279 2561 2764 2459 2280 2558 2755
  8 2534 2762 2765 2535 2531 2753 2756 2532
  8 2762 2763 2766 2765 2753 2754 2757 2756
  8 2763 2764 2767 2766 2754 2755 2758 2757
  8 2764 2561 2562 2767 2755 2558 2559 2758
  8 2535 2765 2768 2536 2532 2756 2759 2533
  8 2765 2766 2769 2768 2756 2757 2760 2759
  8 2766 2767 2770 2769 2757 2758 2761 2760
  8 2767 2562 2563 2770 2758 2559 2560 2761
  8 2536 2768 2588 2320 2533 2759 2585 2319
  8 2768 2769 2589 2588 2759 2760 2586 2585
  8 2769 2770 2590 2589 2760 2761 2587 2586
  8 2770 2563 2333 2590 2761 2560 2334 2587
  8 2294 2467 2771 2537 2293 2464 2762 2534
  8 2467 2466 2772 2771 2464 2463 2763 2762
  8 2466 2465 2773 2772 2463 2462 2764 2763
  8 2465 2278 2564 2773 2462 2279 2561 2764
  8 2537 2771 2774 2538 2534 2762 2765 2535
  8 2771 2772 2775 2774 2762 2763 2766 2765
  8 2772 2773 2776 2775 2763 2764 2767 2766
  8 2773 2564 2565 2776 2764 2561 2562 2767
  8 2538 2774 2777 2539 2535 2765 2768 2536
  8 2774 2775 2778 2777 2765 2766 2769 2768
  8 2775 2776 2779 2778 2766 2767 2770 2769
  8 2776 2565 2566 2779 2767 2562 2563 2770
  8 2539 2777 2591 2321 2536 2768 2588 2320
  8 2777 2778 2592 2591 2768 2769 2589 2588
  8 2778 2779 2593 2592 2769 2770 2590 2589
  8 2779 2566 2332 2593 2770 2563 2333 2590
  8 2295 2470 2780 2540 2294 2467 2771 2537
  8 2470 2469 2781 2780 2467 2466 2772 2771
  8 2469 2468 2782 2781 2466 2465 2773 2772
  8 2468 2277 2567 2782 2465 2278 2564 2773
  8 2540 2780 2783 2541 2537 2771 2774 2538
  8 2780 2781 2784 2783 2771 2772 2775 2774
  8 2781 2782 2785 2784 2772 2773 2776 2775
  8 2782 2567 2568 2785 2773 2564 2565 2776
  8 2541 2783 2786 2542 2538 2774 2777 2539
  8 2783 2784 2787 2786 2774 2775 2778 2777
  8 2784 2785 2788 2787 2775 2776 2779 2778
  8 2785 2568 2569 2788 2776 2565 2566 2779
  8 2542 2786 2594 2322 2539 2777 2591 2321
  8 2786 2787 2595 2594 2777 2778 2592 2591
  8 2787 2788 2596 2595 2778 2779 2593 2592
  8 2788 2569 2331 2596 2779 2566 2332 2593
  8 2296 2473 2789 2543 2295 2470 2780 2540
  8 2473 2472 2790 2789 2470 2469 2781 2780
  8 2472 2471 2791 2790 2469 2468 2782 2781
  8 2471 2276 2570 2791 2468 2277 2567 2782
  8 2543 2789 2792 2544 2540 2780 2783 2541
  8 2789 2790 2793 2792 2780 2781 2784 2783
  8 2790 2791 2794 2793 2781 2782 2785 2784
  8 2791 2570 2571 2794 2782 2567 2568 2785
  8 2544 2792 2795 2545 2541 2783 2786 2542
  8 2792 2793 2796 2795 2783 2784 2787 2786
  8 2793 2794 2797 2796 2784 2785 2788 2787
  8 2794 2571 2572 2797 2785 2568 2569 2788
  8 2545 2795 2597 2323 2542 2786 2594 2322
  8 2795 2796 2598 2597 2786 2787 2595 2594
  8 2796 2797 2599 2598 2787 2788 2596 2595
  8 2797 2572 2330 2599 2788 2569 2331 2596
  8 2297 2476 2798 2546 2296 2473 2789 2543
  8 2476 2475 2799 2798 2473 2472 2790 2789
  8 2475 2474 2800 2799 2472 2471 2791 2790
  8 2474 2275 2573 2800 2471 2276 2570 2791
  8 2546 2798 2801 2547 2543 2789 2792 2544
  8 2798 2799 2802 2801 2789 2790 2793 2792
  8 2799 2800 2803 2802 2790 2791 2794 2793
  8 2800 2573 2574 2803 2791 2570 2571 2794
  8 2547 2801 2804 2548 2544 2792 2795 2545
  8 2801 2802 2805 2804 2792 2793 2796 2795
  8 2802 2803 2806 2805 2793 2794 2797 2796
  8 2803 2574 2575 2806 2794 2571 2572 2797
  8 2548 2804 2600 2324 2545 2795 2597 2323
  8 2804 2805 2601 2600 2795 2796 2598 2597
  8 2805 2806 2602 2601 2796 2797 2599 2598
  8 2806 2575 2329 2602 2797 2572 2330 2599
  8 2298 2479 2807 2549 2297 2476 2798 2546
  8 2479 2478 2808 2807 2476 2475 2799 2798
  8 2478 2477 2809 2808 2475 2474 2800 2799
  8 2477 2274 2576 2809 2474 2275 2573 2800
  8 2549 2807 2810 2550 2546 2798 2801 2547
  8 2807 2808 2811 2810 2798 2799 2802 2801
  8 2808 2809 2812 2811 2799 2800 2803 2802
  8 2809 2576 2577 2812 2800 2573 2574 2803
  8 2550 2810 2813 2551 2547 2801 2804 2548
  8 2810 2811 2814 2813 2801 2802 2805 2804
  8 2811 2812 2815 2814 2802 2803 2806 2805
  8 2812 2577 2578 2815 2803 2574 2575 2806
  8 2551 2813 2603 2325 2548 2804 2600 2324
  8 2813 2814 2604 2603 2804 2805 2601 2600
  8 2814 2815 2605 2604 2805 2806 2602 2601
  8 2815 2578 2328 2605 2806 2575 2329 2602
  8 2299 2482 2816 2552 2298 2479 2807 2549
  8 2482 2481 2817 2816 2479 2478 2808 2807
  8 2481 2480 2818 2817 2478 2477 2809 2808
  8 2480 2273 2579 2818 2477 2274 2576 2809
  8 2552 2816 2819 2553 2549 2807 2810 2550
  8 2816 2817 2820 2819 2807 2808 2811 2810
  8 2817 2818 2821 2820 2808 2809 2812 2811
  8 2818 2579 2580 2821 2809 2576 2577 2812
  8 2553 2819 2822 2554 2550 2810 2813 2551
  8 2819 2820 2823 2822 2810 2811 2814 2813
  8 2820 2821 2824 2823 2811 2812 2815 2814
  8 2821 2580 2581 2824 2812 2577 2578 2815
  8 2554 2822 2606 2326 2551 2813 2603 2325
  8 2822 2823 2607 2606 2813 2814 2604 2603
  8 2823 2824 2608 2607 2814 2815 2605 2604
  8 2824 2581 2327 2608 2815 2578 2328 2605
  8 2229 2251 2519 2315 2299 2482 2816 2552
  8 2251 2252 2520 2519 2482 2481 2817 2816
  8 2252 2253 2521 2520 2481 2480 2818 2817
  8 2253 2230 2311 2521 2480 2273 2579 2818
  8 2315 2519 2522 2316 2552 2816 2819 2553
  8 2519 2520 2523 2522 2816 2817 2820 2819
  8 2520 2521 2524 2523 2817 2818 2821 2820
  8 2521 2311 2310 2524 2818 2579 2580 2821
  8 2316 2522 2525 2317 2553 2819 2822 2554
  8 2522 2523 2526 2525 2819 2820 2823 2822
  8 2523 2524 2527 2526 2820 2821 2824 2823
  8 2524 2310 2309 2527 2821 2580 2581 2824
  8 2317 2525 2312 2234 2554 2822 2606 2326
  8 2525 2526 2313 2312 2822 2823 2607 2606
  8 2526 2527 2314 2313 2823 2824 2608 2607
  8 2527 2309 2233 2314 2824 2581 2327 2608
  8 2881 3056 3209 2966 2825 2835 2936 2847
  8 3056 3057 3210 3209 2835 2836 2937 2936
  8 3057 3058 3211 3210 2836 2837 2938 2937
  8 3058 2891 3011 3211 2837 2826 2838 2938
  8 2966 3209 3212 2967 2847 2936 2939 2846
  8 3209 3210 3213 3212 2936 2937 2940 2939
  8 3210 3211 3214 3213 2937 2938 2941 2940
  8 3211 3011 3012 3214 2938 2838 2839 2941
  8 2967 3212 3215 2968 2846 2939 2942 2845
  8 3212 3213 3216 3215 2939 2940 2943 2942
  8 3213 3214 3217 3216 2940 2941 2944 2943
  8 3214 3012 3013 3217 2941 2839 2840 2944
  8 2968 3215 3218 2969 2845 2942 2945 2844
  8 3215 3216 3219 3218 2942 2943 2946 2945
  8 3216 3217 3220 3219 2943 2944 2947 2946
  8 3217 3013 3014 3220 2944 2840 2841 2947
  8 2969 3218 3221 2970 2844 2945 2948 2843
  8 3218 3219 3222 3221 2945 2946 2949 2948
  8 3219 3220 3223 3222 2946 2947 2950 2949
  8 3220 3014 3015 3223 2947 2841 2842 2950
  8 2970 3221 3083 2864 2843 2948 225 21
  8 3221 3222 3084 3083 2948 2949 224 225
  8 3222 3223 3085 3084 2949 2950 223 224
  8 3223 3015 2890 3085 2950 2842 20 223
  8 2880 3059 3224 2971 2881 3056 3209 2966
  8 3059 3060 3225 3224 3056 3057 3210 3209
  8 3060 3061 3226 3225 3057 3058 3211 3210
  8 3061 2892 3016 3226 3058 2891 3011 3211
  8 2971 3224 3227 2972 2966 3209 3212 2967
  8 3224 3225 3228 3227 3209 3210 3213 3212
  8 3225 3226 3229 3228 3210 3211 3214 3213
  8 3226 3016 3017 3229 3211 3011 3012 3214
  8 2972 3227 3230 2973 2967 3212 3215 2968
  8 3227 3228 3231 3230 3212 3213 3216 3215
  8 3228 3229 3232 3231 3213 3214 3217 3216
  8 3229 3017 3018 3232 3214 3012 3013 3217
  8 2973 3230 3233 2974 2968 3215 3218 2969
  8 3230 3231 3234 3233 3215 3216 3219 3218
  8 3231 3232 3235 3234 3216 3217 3220 3219
  8 3232 3018 3019 3235 3217 3013 3014 3220
  8 2974 3233 3236 2975 2969 3218 3221 2970
  8 3233 3234 3237 3236 3218 3219 3222 3221
  8 3234 3235 3238 3237 3219 3220 3223 3222
  8 3235 3019 3020 3238 3220 3014 3015 3223
  8 2975 3236 3086 2865 2970 3221 3083 2864
  8 3236 3237 3087 3086 3221 3222 3084 3083
  8 3237 3238 3088 3087 3222 3223 3085 3084
  8 3238 3020 2889 3088 3223 3015 2890 3085
  8 2879 3062 3239 2976 2880 3059 3224 2971
  8 3062 3063 3240 3239 3059 3060 3225 3224
  8 3063 3064 3241 3240 3060 3061 3226 3225
  8 3064 2893 3021 3241 3061 2892 3016 3226
  8 2976 3239 3242 2977 2971 3224 3227 2972
  8 3239 3240 3243 3242 3224 3225 3228 3227
  8 3240 3241 3244 3243 3225 3226 3229 3228
  8 3241 3021 3022 3244 3226 3016 3017 3229
  8 2977 3242 3245 2978 2972 3227 3230 2973
  8 3242 3243 3246 3245 3227 3228 3231 3230
  8 3243 3244 3247 3246 3228 3229 3232 3231
  8 3244 3022 3023 3247 3229 3017 3018 3232
  8 2978 3245 3248 2979 2973 3230 3233 2974
  8 3245 3246 3249 3248 3230 3231 3234 3233
  8 3246 3247 3250 3249 3231 3232 3235 3234
  8 3247 3023 3024 3250 3232 3018 3019 3235
  8 2979 3248 3251 2980 2974 3233 3236 2975
  8 3248 3249 3252 3251 3233 3234 3237 3236
  8 3249 3250 3253 3252 3234 3235 3238 3237
  8 3250 3024 3025 3253 3235 3019 3020 3238
  8 2980 3251 3089 2866 2975 3236 3086 2865
  8 3251 3252 3090 3089 3236 3237 3087 3086
  8 3252 3253 3091 3090 3237 3238 3088 3087
  8 3253 3025 2888 3091 3238 3020 2889 3088
  8 2878 3065 3254 2981 2879 3062 3239 2976
  8 3065 3066 3255 3254 3062 3063 3240 3239
  8 3066 3067 3256 3255 3063 3064 3241 3240
  8 3067 2894 3026 3256 3064 2893 3021 3241
  8 2981 3254 3257 2982 2976 3239 3242 2977
  8 3254 3255 3258 3257 3239 3240 3243 3242
  8 3255 3256 3259 3258 3240 3241 3244 3243
  8 3256 3026 3027 3259 3241 3021 3022 3244
  8 2982 3257 3260 2983 2977 3242 3245 2978
  8 3257 3258 3261 3260 3242 3243 3246 3245
  8 3258 3259 3262 3261 3243 3244 3247 3246
  8 3259 3027 3028 3262 3244 3022 3023 3247
  8 2983 3260 3263 2984 2978 3245 3248 2979
  8 3260 3261 3264 3263 3245 3246 3249 3248
  8 3261 3262 3265 3264 3246 3247 3250 3249
  8 3262 3028 3029 3265 3247 3023 3024 3250
  8 2984 3263 3266 2985 2979 3248 3251 2980
  8 3263 3264 3267 3266 3248 3249 3252 3251
  8 3264 3265 3268 3267 3249 3250 3253 3252
  8 3265 3029 3030 3268 3250 3024 3025 3253
  8 2985 3266 3092 2867 2980 3251 3089 2866
  8 3266 3267 3093 3092 3251 3252 3090 3089
  8 3267 3268 3094 3093 3252 3253 3091 3090
  8 3268 3030 2887 3094 3253 3025 2888 3091
  8 2877 3068 3269 2986 2878 3065 3254 2981
  8 3068 3069 3270 3269 3065 3066 3255 3254
  8 3069 3070 3271 3270 3066 3067 3256 3255
  8 3070 2895 3031 3271 3067 2894 3026 3256
  8 2986 3269 3272 2987 2981 3254 3257 2982
  8 3269 3270 3273 3272 3254 3255 3258 3257
  8 3270 3271 3274 3273 3255 3256 3259 3258
  8 3271 3031 3032 3274 3256 3026 3027 3259
  8 2987 3272 3275 2988 2982 3257 3260 2983
  8 3272 3273 3276 3275 3257 3258 3261 3260
  8 3273 3274 3277 3276 3258 3259 3262 3261
  8 3274 3032 3033 3277 3259 3027 3028 3262
  8 2988 3275 3278 2989 2983 3260 3263 2984
  8 3275 3276 3279 3278 3260 3261 3264 3263
  8 3276 3277 3280 3279 3261 3262 3265 3264
  8 3277 3033 3034 3280 3262 3028 3029 3265
  8 2989 3278 3281 2990 2984 3263 3266 2985
  8 3278 3279 3282 3281 3263 3264 3267 3266
  8 3279 3280 3283 3282 3264 3265 3268 3267
  8 3280 3034 3035 3283 3265 3029 3030 3268
  8 2990 3281 3095 2868 2985 3266 3092 2867
  8 3281 3282 3096 3095 3266 3267 3093 3092
  8 3282 3283 3097 3096 3267 3268 3094 3093
  8 3283 3035 2886 3097 3268 3030 2887 3094
  8 2876 3071 3284 2991 2877 3068 3269 2986
  8 3071 3072 3285 3284 3068 3069 3270 3269
  8 3072 3073 3286 3285 3069 3070 3271 3270
  8 3073 2896 3036 3286 3070 2895 3031 3271
  8 2991 3284 3287 2992 2986 3269 3272 2987
  8 3284 3285 3288 3287 3269 3270 3273 3272
  8 3285 3286 3289 3288 3270 3271 3274 3273
  8 3286 3036 3037 3289 3271 3031 3032 3274
  8 2992 3287 3290 2993 2987 3272 3275 2988
  8 3287 3288 3291 3290 3272 3273 3276 3275
  8 3288 3289 3292 3291 3273 3274 3277 3276
  8 3289 3037 3038 3292 3274 3032 3033 3277
  8 2993 3290 3293 2994 2988 3275 3278 2989
  8 3290 3291 3294 3293 3275 3276 3279 3278
  8 3291 3292 3295 3294 3276 3277 3280 3279
  8 3292 3038 3039 3295 3277 3033 3034 3280
  8 2994 3293 3296 2995 2989 3278 3281 2990
  8 3293 3294 3297 3296 3278 3279 3282 3281
  8 3294 3295 3298 3297 3279 3280 3283 3282
  8 3295 3039 3040 3298 3280 3034 3035 3283
  8 2995 3296 3098 2869 2990 3281 3095 2868
  8 3296 3297 3099 3098 3281 3282 3096 3095
  8 3297 3298 3100 3099 3282 3283 3097 3096
  8 3298 3040 2885 3100 3283 3035 2886 3097
  8 2875 3074 3299 2996 2876 3071 3284 2991
  8 3074 3075 3300 3299 3071 3072 3285 3284
  8 3075 3076 3301 3300 3072 3073 3286 3285
  8 3076 2897 3041 3301 3073 2896 3036 3286
  8 2996 3299 3302 2997 2991 3284 3287 2992
  8 3299 3300 3303 3302 3284 3285 3288 3287
  8 3300 3301 3304 3303 3285 3286 3289 3288
  8 3301 3041 3042 3304 3286 3036 3037 3289
  8 2997 3302 3305 2998 2992 3287 3290 2993
  8 3302 3303 3306 3305 3287 3288 3291 3290
  8 3303 3304 3307 3306 3288 3289 3292 3291
  8 3304 3042 3043 3307 3289 3037 3038 3292
  8 2998 3305 3308 2999 2993 3290 3293 2994
  8 3305 3306 3309 3308 3290 3291 3294 3293
  8 3306 3307 3310 3309 3291 3292 3295 3294
  8 3307 3043 3044 3310 3292 3038 3039 3295
  8 2999 3308 3311 3000 2994 3293 3296 2995
  8 3308 3309 3312 3311 3293 3294 3297 3296
  8 3309 3310 3313 3312 3294 3295 3298 3297
  8 3310 3044 3045 3313 3295 3039 3040 3298
  8 3000 3311 3101 2870 2995 3296 3098 2869
  8 3311 3312 3102 3101 3296 3297 3099 3098
  8 3312 3313 3103 3102 3297 3298 3100 3099
  8 3313 3045 2884 3103 3298 3040 2885 3100
  8 2874 3077 3314 3001 2875 3074 3299 2996
  8 3077 3078 3315 3314 3074 3075 3300 3299
  8 3078 3079 3316 3315 3075 3076 3301 3300
  8 3079 2898 3046 3316 3076 2897 3041 3301
  8 3001 3314 3317 3002 2996 3299 3302 2997
  8 3314 3315 3318 3317 3299 3300 3303 3302
  8 3315 3316 3319 3318 3300 3301 3304 3303
  8 3316 3046 3047 3319 3301 3041 3042 3304
  8 3002 3317 3320 3003 2997 3302 3305 2998
  8 3317 3318 3321 3320 3302 3303 3306 3305
  8 3318 3319 3322 3321 3303 3304 3307 3306
  8 3319 3047 3048 3322 3304 3042 3043 3307
  8 3003 3320 3323 3004 2998 3305 3308 2999
  8 3320 3321 3324 3323 3305 3306 3309 3308
  8 3321 3322 3325 3324 3306 3307 3310 3309
  8 3322 3048 3049 3325 3307 3043 3044 3310
  8 3004 3323 3326 3005 2999 3308 3311 3000
  8 3323 3324 3327 3326 3308 3309 3312 3311
  8 3324 3325 3328 3327 3309 3310 3313 3312
  8 3325 3049 3050 3328 3310 3044 3045 3313
  8 3005 3326 3104 2871 3000 3311 3101 2870
  8 3326 3327 3105 3104 3311 3312 3102 3101
  8 3327 3328 3106 3105 3312 3313 3103 3102
  8 3328 3050 2883 3106 3313 3045 2884 3103
  8 2873 3080 3329 3006 2874 3077 3314 3001
  8 3080 3081 3330 3329 3077 3078 3315 3314
  8 3081 3082 3331 3330 3078 3079 3316 3315
  8 3082 2899 3051 3331 3079 2898 3046 3316
  8 3006 3329 3332 3007 3001 3314 3317 3002
  8 3329 3330 3333 3332 3314 3315 3318 3317
  8 3330 3331 3334 3333 3315 3316 3319 3318
  8 3331 3051 3052 3334 3316 3046 3047 3319
  8 3007 3332 3335 3008 3002 3317 3320 3003
  8 3332 3333 3336 3335 3317 3318 3321 3320
  8 3333 3334 3337 3336 3318 3319 3322 3321
  8 3334 3052 3053 3337 3319 3047 3048 3322
  8 3008 3335 3338 3009 3003 3320 3323 3004
  8 3335 3336 3339 3338 3320 3321 3324 3323
  8 3336 3337 3340 3339 3321 3322 3325 3324
  8 3337 3053 3054 3340 3322 3048 3049 3325
  8 3009 3338 3341 3010 3004 3323 3326 3005
  8 3338 3339 3342 3341 3323 3324 3327 3326
  8 3339 3340 3343 3342 3324 3325 3328 3327
  8 3340 3054 3055 3343 3325 3049 3050 3328
  8 3010 3341 3107 2872 3005 3326 3104 2871
  8 3341 3342 3108 3107 3326 3327 3105 3104
  8 3342 3343 3109 3108 3327 3328 3106 3105
  8 3343 3055 2882 3109 3328 3050 2883 3106
  8 2830 2850 2951 2859 2873 3080 3329 3006
  8 2850 2849 2952 2951 3080 3081 3330 3329
  8 2849 2848 2953 2952 3081 3082 3331 3330
  8 2848 2827 2855 2953 3082 2899 3051 3331
  8 2859 2951 2954 2860 3006 3329 3332 3007
  8 2951 2952 2955 2954 3329 3330 3333 3332
  8 2952 2953 2956 2955 3330 3331 3334 3333
  8 2953 2855 2854 2956 3331 3051 3052 3334
  8 2860 2954 2957 2861 3007 3332 3335 3008
  8 2954 2955 2958 2957 3332 3333 3336 3335
  8 2955 2956 2959 2958 3333 3334 3337 3336
  8 2956 2854 2853 2959 3334 3052 3053 3337
  8 2861 2957 2960 2862 3008 3335 3338 3009
  8 2957 2958 2961 2960 3335 3336 3339 3338
  8 2958 2959 2962 2961 3336 3337 3340 3339
  8 2959 2853 2852 2962 3337 3053 3054 3340
  8 2862 2960 2963 2863 3009 3338 3341 3010
  8 2960 2961 2964 2963 3338 3339 3342 3341
  8 2961 2962 2965 2964 3339 3340 3343 3342
  8 2962 2852 2851 2965 3340 3054 3055 3343
  8 2863 2963 2856 2829 3010 3341 3107 2872
  8 2963 2964 2857 2856 3341 3342 3108 3107
  8 2964 2965 2858 2857 3342 3343 3109 3108
  8 2965 2851 2828 2858 3343 3055 2882 3109
  8 2891 3058 3344 3128 2826 2837 3110 2908
  8 3058 3057 3345 3344 2837 2836 3111 3110
  8 3057 3056 3346 3345 2836 2835 3112 3111
  8 3056 2881 3155 3346 2835 2825 2900 3112
  8 3128 3344 3347 3129 2908 3110 3113 2907
  8 3344 3345 3348 3347 3110 3111 3114 3113
  8 3345 3346 3349 3348 3111 3112 3115 3114
  8 3346 3155 3156 3349 3112 2900 2901 3115
  8 3129 3347 3350 3130 2907 3113 3116 2906
  8 3347 3348 3351 3350 3113 3114 3117 3116
  8 3348 3349 3352 3351 3114 3115 3118 3117
  8 3349 3156 3157 3352 3115 2901 2902 3118
  8 3130 3350 3182 2918 2906 3116 2905 2832
  8 3350 3351 3183 3182 3116 3117 2904 2905
  8 3351 3352 3184 3183 3117 3118 2903 2904
  8 3352 3157 2935 3184 3118 2902 2831 2903
  8 2892 3061 3353 3131 2891 3058 3344 3128
  8 3061 3060 3354 3353 3058 3057 3345 3344
  8 3060 3059 3355 3354 3057 3056 3346 3345
  8 3059 2880 3158 3355 3056 2881 3155 3346
  8 3131 3353 3356 3132 3128 3344 3347 3129
  8 3353 3354 3357 3356 3344 3345 3348 3347
  8 3354 3355 3358 3357 3345 3346 3349 3348
  8 3355 3158 3159 3358 3346 3155 3156 3349
  8 3132 3356 3359 3133 3129 3347 3350 3130
  8 3356 3357 3360 3359 3347 3348 3351 3350
  8 3357 3358 3361 3360 3348 3349 3352 3351
  8 3358 3159 3160 3361 3349 3156 3157 3352
  8 3133 3359 3185 2919 3130 3350 3182 2918
  8 3359 3360 3186 3185 3350 3351 3183 3182
  8 3360 3361 3187 3186 3351 3352 3184 3183
  8 3361 3160 2934 3187 3352 3157 2935 3184
  8 2893 3064 3362 3134 2892 3061 3353 3131
  8 3064 3063 3363 3362 3061 3060 3354 3353
  8 3063 3062 3364 3363 3060 3059 3355 3354
  8 3062 2879 3161 3364 3059 2880 3158 3355
  8 3134 3362 3365 3135 3131 3353 3356 3132
  8 3362 3363 3366 3365 3353 3354 3357 3356
  8 3363 3364 3367 3366 3354 3355 3358 3357
  8 3364 3161 3162 3367 3355 3158 3159 3358
  8 3135 3365 3368 3136 3132 3356 3359 3133
  8 3365 3366 3369 3368 3356 3357 3360 3359
  8 3366 3367 3370 3369 3357 3358 3361 3360
  8 3367 3162 3163 3370 3358 3159 3160 3361
  8 3136 3368 3188 2920 3133 3359 3185 2919
  8 3368 3369 3189 3188 3359 3360 3186 3185
  8 3369 3370 3190 3189 3360 3361 3187 3186
  8 3370 3163 2933 3190 3361 3160 2934 3187
  8 2894 3067 3371 3137 2893 3064 3362 3134
  8 3067 3066 3372 3371 3064 3063 3363 3362
  8 3066 3065 3373 3372 3063 3062 3364 3363
  8 3065 2878 3164 3373 3062 2879 3161 3364
  8 3137 3371 3374 3138 3134 3362 3365 3135
  8 3371 3372 3375 3374 3362 3363 3366 3365
  8 3372 3373 3376 3375 3363 3364 3367 3366
  8 3373 3164 3165 3376 3364 3161 3162 3367
  8 3138 3374 3377 3139 3135 3365 3368 3136
  8 3374 3375 3378 3377 3365 3366 3369 3368
  8 3375 3376 3379 3378 3366 3367 3370 3369
  8 3376 3165 3166 3379 3367 3162 3163 3370
  8 3139 3377 3191 2921 3136 3368 3188 2920
  8 3377 3378 3192 3191 3368 3369 3189 3188
  8 3378 3379 3193 3192 3369 3370 3190 3189
  8 3379 3166 2932 3193 3370 3163 2933 3190
  8 2895 3070 3380 3140 2894 3067 3371 3137
  8 3070 3069 3381 3380 3067 3066 3372 3371
  8 3069 3068 3382 3381 3066 3065 3373 3372
  8 3068 2877 3167 3382 3065 2878 3164 3373
  8 3140 3380 3383 3141 3137 3371 3374 3138
  8 3380 3381 3384 3383 3371 3372 3375 3374
  8 3381 3382 3385 3384 3372 3373 3376 3375
  8 3382 3167 3168 3385 3373 3164 3165 3376
  8 3141 3383 3386 3142 3138 3374 3377 3139
  8 3383 3384 3387 3386 3374 3375 3378 3377
  8 3384 3385 3388 3387 3375 3376 3379 3378
  8 3385 3168 3169 3388 3376 3165 3166 3379
  8 3142 3386 3194 2922 3139 3377 3191 2921
  8 3386 3387 3195 3194 3377 3378 3192 3191
  8 3387 3388 3196 3195 3378 3379 3193 3192
  8 3388 3169 2931 3196 3379 3166 2932 3193
  8 2896 3073 3389 3143 2895 3070 3380 3140
  8 3073 3072 3390 3389 3070 3069 3381 3380
  8 3072 3071 3391 3390 3069 3068 3382 3381
  8 3071 2876 3170 3391 3068 2877 3167 3382
  8 3143 3389 3392 3144 3140 3380 3383 3141
  8 3389 3390 3393 3392 3380 3381 3384 3383
  8 3390 3391 3394 3393 3381 3382 3385 3384
  8 3391 3170 3171 3394 3382 3167 3168 3385
  8 3144 3392 3395 3145 3141 3383 3386 3142
  8 3392 3393 3396 3395 3383 3384 3387 3386
  8 3393 3394 3397 3396 3384 3385 3388 3387
  8 3394 3171 3172 3397 3385 3168 3169 3388
  8 3145 3395 3197 2923 3142 3386 3194 2922
  8 3395 3396 3198 3197 3386 3387 3195 3194
  8 3396 3397 3199 3198 3387 3388 3196 3195
  8 3397 3172 2930 3199 3388 3169 2931 3196
  8 2897 3076 3398 3146 2896 3073 3389 3143
  8 3076 3075 3399 3398 3073 3072 3390 3389
  8 3075 3074 3400 3399 3072 3071 3391 3390
  8 3074 2875 3173 3400 3071 2876 3170 3391
  8 3146 3398 3401 3147 3143 3389 3392 3144
  8 3398 3399 3402 3401 3389 3390 3393 3392
  8 3399 3400 3403 3402 3390 3391 3394 3393
  8 3400 3173 3174 3403 3391 3170 3171 3394
  8 3147 3401 3404 3148 3144 3392 3395 3145
  8 3401 3402 3405 3404 3392 3393 3396 3395
  8 3402 3403 3406 3405 3393 3394 3397 3396
  8 3403 3174 3175 3406 3394 3171 3172 3397
  8 3148 3404 3200 2924 3145 3395 3197 2923
  8 3404 3405 3201 3200 3395 3396 3198 3197
  8 3405 3406 3202 3201 3396 3397 3199 3198
  8 3406 3175 2929 3202 3397 3172 2930 3199
  8 2898 3079 3407 3149 2897 3076 3398 3146
  8 3079 3078 3408 3407 3076 3075 3399 3398
  8 3078 3077 3409 3408 3075 3074 3400 3399
  8 3077 2874 3176 3409 3074 2875 3173 3400
  8 3149 3407 3410 3150 3146 3398 3401 3147
  8 3407 3408 3411 3410 3398 3399 3402 3401
  8 3408 3409 3412 3411 3399 3400 3403 3402
  8 3409 3176 3177 3412 3400 3173 3174 3403
  8 3150 3410 3413 3151 3147 3401 3404 3148
  8 3410 3411 3414 3413 3401 3402 3405 3404
  8 3411 3412 3415 3414 3402 3403 3406 3405
  8 3412 3177 3178 3415 3403 3174 3175 3406
  8 3151 3413 3203 2925 3148 3404 3200 2924
  8 3413 3414 3204 3203 3404 3405 3201 3200
  8 3414 3415 3205 3204 3405 3406 3202 3201
  8 3415 3178 2928 3205 3406 3175 2929 3202
  8 2899 3082 3416 3152 2898 3079 3407 3149
  8 3082 3081 3417 3416 3079 3078 3408 3407
  8 3081 3080 3418 3417 3078 3077 3409 3408
  8 3080 2873 3179 3418 3077 2874 3176 3409
  8 3152 3416 3419 3153 3149 3407 3410 3150
  8 3416 3417 3420 3419 3407 3408 3411 3410
  8 3417 3418 3421 3420 3408 3409 3412 3411
  8 3418 3179 3180 3421 3409 3176 3177 3412
  8 3153 3419 3422 3154 3150 3410 3413 3151
  8 3419 3420 3423 3422 3410 3411 3414 3413
  8 3420 3421 3424 3423 3411 3412 3415 3414
  8 3421 3180 3181 3424 3412 3177 3178 3415
  8 3154 3422 3206 2926 3151 3413 3203 2925
  8 3422 3423 3207 3206 3413 3414 3204 3203
  8 3423 3424 3208 3207 3414 3415 3205 3204
  8 3424 3181 2927 3208 3415 3178 2928 3205
  8 2827 2848 3119 2915 2899 3082 3416 3152
  8 2848 2849 3120 3119 3082 3081 3417 3416
  8 2849 2850 3121 3120 3081 3080 3418 3417
  8 2850 2830 2911 3121 3080 2873 3179 3418
  8 2915 3119 3122 2916 3152 3416 3419 3153
  8 3119 3120 3123 3122 3416 3417 3420 3419
  8 3120 3121 3124 3123 3417 3418 3421 3420
  8 3121 2911 2910 3124 3418 3179 3180 3421
  8 2916 3122 3125 2917 3153 3419 3422 3154
  8 3122 3123 3126 3125 3419 3420 3423 3422
  8 3123 3124 3127 3126 3420 3421 3424 3423
  8 3124 2910 2909 3127 3421 3180 3181 3424
  8 2917 3125 2912 2834 3154 3422 3206 2926
  8 3125 3126 2913 2912 3422 3423 3207 3206
  8 3126 3127 2914 2913 3423 3424 3208 3207
  8 3127 2909 2833 2914 3424 3181 2927 3208
  4 0 22 235 45
  4 22 23 236 235
  4 23 24 237 236
  4 24 1 25 237
  4 45 235 238 44
  4 235 236 239 238
  4 236 237 240 239
  4 237 25 26 240
  4 44 238 241 43
  4 238 239 242 241
  4 239 240 243 242
  4 240 26 27 243
  4 43 241 244 42
  4 241 242 245 244
  4 242 243 246 245
  4 243 27 28 246
  4 42 244 247 41
  4 244 245 248 247
  4 245 246 249 248
  4 246 28 29 249
  4 41 247 250 40
  4 247 248 251 250
  4 248 249 252 251
  4 249 29 30 252
  4 40 250 253 39
  4 250 251 254 253
  4 251 252 255 254
  4 252 30 31 255
  4 39 253 256 38
  4 253 254 257 256
  4 254 255 258 257
  4 255 31 32 258
  4 38 256 259 37
  4 256 257 260 259
  4 257 258 261 260
  4 258 32 33 261
  4 37 259 36 3
  4 259 260 35 36
  4 260 261 34 35
  4 261 33 2 34
  4 3 36 262 66
  4 36 35 263 262
  4 35 34 264 263
  4 34 2 46 264
  4 66 262 265 65
  4 262 263 266 265
  4 263 264 267 266
  4 264 46 47 267
  4 65 265 268 64
  4 265 266 269 268
  4 266 267 270 269
  4 267 47 48 270
  4 64 268 271 63
  4 268 269 272 271
  4 269 270 273 272
  4 270 48 49 273
  4 63 271 274 62
  4 271 272 275 274
  4 272 273 276 275
  4 273 49 50 276
  4 62 274 277 61
  4 274 275 278 277
  4 275 276 279 278
  4 276 50 51 279
  4 61 277 280 60
  4 277 278 281 280
  4 278 279 282 281
  4 279 51 52 282
  4 60 280 283 59
  4 280 281 284 283
  4 281 282 285 284
  4 282 52 53 285
  4 59 283 286 58
  4 283 284 287 286
  4 284 285 288 287
  4 285 53 54 288
  4 58 286 57 5
  4 286 287 56 57
  4 287 288 55 56
  4 288 54 4 55
  4 5 57 289 87
  4 57 56 290 289
  4 56 55 291 290
  4 55 4 67 291
  4 87 289 292 86
  4 289 290 293 292
  4 290 291 294 293
  4 291 67 68 294
  4 86 292 295 85
  4 292 293 296 295
  4 293 294 297 296
  4 294 68 69 297
  4 85 295 298 84
  4 295 296 299 298
  4 296 297 300 299
  4 297 69 70 300
  4 84 298 301 83
  4 298 299 302 301
  4 299 300 303 302
  4 300 70 71 303
  4 83 301 304 82
  4 301 302 305 304
  4 302 303 306 305
  4 303 71 72 306
  4 82 304 307 81
  4 304 305 308 307
  4 305 306 309 308
  4 306 72 73 309
  4 81 307 310 80
  4 307 308 311 310
  4 308 309 312 311
  4 309 73 74 312
  4 80 310 313 79
  4 310 311 314 313
  4 311 312 315 314
  4 312 74 75 315
  4 79 313 78 7
  4 313 314 77 78
  4 314 315 76 77
  4 315 75 6 76
  4 7 78 316 108
  4 78 77 317 316
  4 77 76 318 317
  4 76 6 88 318
  4 108 316 319 107
  4 316 317 320 319
  4 317 318 321 320
  4 318 88 89 321
  4 107 319 322 106
  4 319 320 323 322
  4 320 321 324 323
  4 321 89 90 324
  4 106 322 325 105
  4 322 323 326 325
  4 323 324 327 326
  4 324 90 91 327
  4 105 325 328 104
  4 325 326 329 328
  4 326 327 330 329
  4 327 91 92 330
  4 104 328 331 103
  4 328 329 332 331
  4 329 330 333 332
  4 330 92 93 333
  4 103 331 334 102
  4 331 332 335 334
  4 332 333 336 335
  4 333 93 94 336
  4 102 334 337 101
  4 334 335 338 337
  4 335 336 339 338
  4 336 94 95 339
  4 101 337 340 100
  4 337 338 341 340
  4 338 339 342 341
  4 339 95 96 342
  4 100 340 99 9
  4 340 341 98 99
  4 341 342 97 98
  4 342 96 8 97
  4 9 99 343 129
  4 99 98 344 343
  4 98 97 345 344
  4 97 8 109 345
  4 129 343 346 128
  4 343 344 347 346
  4 344 345 348 347
  4 345 109 110 348
  4 128 346 349 127
  4 346 347 350 349
  4 347 348 351 350
  4 348 110 111 351
  4 127 349 352 126
  4 349 350 353 352
  4 350 351 354 353
  4 351 111 112 354
  4 126 352 355 125
  4 352 353 356 355
  4 353 354 357 356
  4 354 112 113 357
  4 125 355 358 124
  4 355 356 359 358
  4 356 357 360 359
  4 357 113 114 360
  4 124 358 361 123
  4 358 359 362 361
  4 359 360 363 362
  4 360 114 115 363
  4 123 361 364 122
  4 361 362 365 364
  4 362 363 366 365
  4 363 115 116 366
  4 122 364 367 121
  4 364 365 368 367
  4 365 366 369 368
  4 366 116 117 369
  4 121 367 120 11
  4 367 368 119 120
  4 368 369 118 119
  4 369 117 10 118
  4 11 120 370 150
  4 120 119 371 370
  4 119 118 372 371
  4 118 10 130 372
  4 150 370 373 149
  4 370 371 374 373
  4 371 372 375 374
  4 372 130 131 375
  4 149 373 376 148
  4 373 374 377 376
  4 374 375 378 377
  4 375 131 132 378
  4 148 376 379 147
  4 376 377 380 379
  4 377 378 381 380
  4 378 132 133 381
  4 147 379 382 146
  4 379 380 383 382
  4 380 381 384 383
  4 381 133 134 384
  4 146 382 385 145
  4 382 383 386 385
  4 383 384 387 386
  4 384 134 135 387
  4 145 385 388 144
  4 385 386 389 388
  4 386 387 390 389
  4 387 135 136 390
  4 144 388 391 143
  4 388 389 392 391
  4 389 390 393 392
  4 390 136 137 393
  4 143 391 394 142
  4 391 392 395 394
  4 392 393 396 395
  4 393 137 138 396
  4 142 394 141 13
  4 394 395 140 141
  4 395 396 139 140
  4 396 138 12 139
  4 13 141 397 171
  4 141 140 398 397
  4 140 139 399 398
  4 139 12 151 399
  4 171 397 400 170
  4 397 398 401 400
  4 398 399 402 401
  4 399 151 152 402
  4 170 400 403 169
  4 400 401 404 403
  4 401 402 405 404
  4 402 152 153 405
  4 169 403 406 168
  4 403 404 407 406
  4 404 405 408 407
  4 405 153 154 408
  4 168 406 409 167
  4 406 407 410 409
  4 407 408 411 410
  4 408 154 155 411
  4 167 409 412 166
  4 409 410 413 412
  4 410 411 414 413
  4 411 155 156 414
  4 166 412 415 165
  4 412 413 416 415
  4 413 414 417 416
  4 414 156 157 417
  4 165 415 418 164
  4 415 416 419 418
  4 416 417 420 419
  4 417 157 158 420
  4 164 418 421 163
  4 418 419 422 421
  4 419 420 423 422
  4 420 158 159 423
  4 163 421 162 15
  4 421 422 161 162
  4 422 423 160 161
  4 423 159 14 160
  4 15 162 424 192
  4 162 161 425 424
  4 161 160 426 425
  4 160 14 172 426
  4 192 424 427 191
  4 424 425 428 427
  4 425 426 429 428
  4 426 172 173 429
  4 191 427 430 190
  4 427 428 431 430
  4 428 429 432 431
  4 429 173 174 432
  4 190 430 433 189
  4 430 431 434 433
  4 431 432 435 434
  4 432 174 175 435
  4 189 433 436 188
  4 433 434 437 436
  4 434 435 438 437
  4 435 175 176 438
  4 188 436 439 187
  4 436 437 440 439
  4 437 438 441 440
  4 438 176 177 441
  4 187 439 442 186
  4 439 440 443 442
  4 440 441 444 443
  4 441 177 178 444
  4 186 442 445 185
  4 442 443 446 445
  4 443 444 447 446
  4 444 178 179 447
  4 185 445 448 184
  4 445 446 449 448
  4 446 447 450 449
  4 447 179 180 450
  4 184 448 183 17
  4 448 449 182 183
  4 449 450 181 182
  4 450 180 16 181
  4 17 183 451 213
  4 183 182 452 451
  4 182 181 453 452
  4 181 16 193 453
  4 213 451 454 212
  4 451 452 455 454
  4 452 453 456 455
  4 453 193 194 456
  4 212 454 457 211
  4 454 455 458 457
  4 455 456 459 458
  4 456 194 195 459
  4 211 457 460 210
  4 457 458 461 460
  4 458 459 462 461
  4 459 195 196 462
  4 210 460 463 209
  4 460 461 464 463
  4 461 462 465 464
  4 462 196 197 465
  4 209 463 466 208
  4 463 464 467 466
  4 464 465 468 467
  4 465 197 198 468
  4 208 466 469 207
  4 466 467 470 469
  4 467 468 471 470
  4 468 198 199 471
  4 207 469 472 206
  4 469 470 473 472
  4 470 471 474 473
  4 471 199 200 474
  4 206 472 475 205
  4 472 473 476 475
  4 473 474 477 476
  4 474 200 201 477
  4 205 475 204 19
  4 475 476 203 204
  4 476 477 202 203
  4 477 201 18 202
  4 1 24 478 234
  4 24 23 479 478
  4 23 22 480 479
  4 22 0 214 480
  4 234 478 481 233
  4 478 479 482 481
  4 479 480 483 482
  4 480 214 215 483
  4 233 481 484 232
  4 481 482 485 484
  4 482 483 486 485
  4 483 215 216 486
  4 232 484 487 231
  4 484 485 488 487
  4 485 486 489 488
  4 486 216 217 489
  4 231 487 490 230
  4 487 488 491 490
  4 488 489 492 491
  4 489 217 218 492
  4 230 490 493 229
  4 490 491 494 493
  4 491 492 495 494
  4 492 218 219 495
  4 229 493 496 228
  4 493 494 497 496
  4 494 495 498 497
  4 495 219 220 498
  4 228 496 499 227
  4 496 497 500 499
  4 497 498 501 500
  4 498 220 221 501
  4 227 499 502 226
  4 499 500 503 502
  4 500 501 504 503
  4 501 221 222 504
  4 226 502 225 21
  4 502 503 224 225
  4 503 504 223 224
  4 504 222 20 223
  2 3425 3444
  2 3444 3445
  2 3445 3446
  2 3446 3447
  2 3447 3448
  2 3448 3449
  2 3449 3450
  2 3450 3451
  2 3451 3452
  2 3452 3453
  2 3453 3454
  2 3454 3455
  2 3455 3426
  2 3427 3456
  2 3456 3457
  2 3457 3458
  2 3458 3459
  2 3459 3460
  2 3460 3461
  2 3461 3462
  2 3462 3463
  2 3463 3464
  2 3464 3465
  2 3465 3466
  2 3466 3467
  2 3467 3468
  2 3468 3469
  2 3469 3426
  2 3428 3470
  2 3470 3471
  2 3471 3472
  2 3472 3473
  2 3473 3474
  2 3474 3475
  2 3475 3476
  2 3476 3477
  2 3477 3478
  2 3478 3479
  2 3479 3480
  2 3480 3481
  2 3481 3482
  2 3482 3483
  2 3483 3427
  2 3428 3484
  2 3484 3485
  2 3485 3486
  2 3486 3487
  2 3487 3488
  2 3488 3489
  2 3489 3490
  2 3490 3429
  2 3427 3491
  2 3491 3492
  2 3492 3493
  2 3493 3494
  2 3494 3495
  2 3495 3496
  2 3496 3497
  2 3497 3425
  2 3430 3498
  2 3498 3499
  2 3499 3500
  2 3500 3501
  2 3501 3502
  2 3502 3503
  2 3503 3504
  2 3504 3505
  2 3505 3506
  2 3506 3507
  2 3507 3508
  2 3508 3509
  2 3509 3510
  2 3510 3511
  2 3511 3428
  2 3431 3512
  2 3512 3513
  2 3513 3514
  2 3514 3515
  2 3515 3516
  2 3516 3517
  2 3517 3518
  2 3518 3519
  2 3519 3520
  2 3520 3521
  2 3521 3522
  2 3522 3523
  2 3523 3524
  2 3524 3525
  2 3525 3430
  2 3431 3526
  2 3526 3527
  2 3527 3528
  2 3528 3529
  2 3529 3530
  2 3530 3531
  2 3531 3532
  2 3532 3432
  2 3428 3533
  2 3533 3534
  2 3534 3535
  2 3535 3536
  2 3536 3537
  2 3537 3538
  2 3538 3539
  2 3539 3540
  2 3540 3541
  2 3541 3542
  2 3542 3543
  2 3543 3544
  2 3544 3425
  2 3433 3545
  2 3545 3546
  2 3546 3547
  2 3547 3548
  2 3548 3549
  2 3549 3550
  2 3550 3551
  2 3551 3552
  2 3552 3553
  2 3553 3554
  2 3554 3555
  2 3555 3556
  2 3556 3428
  2 3430 3557
  2 3557 3558
  2 3558 3559
  2 3559 3560
  2 3560 3561
  2 3561 3562
  2 3562 3563
  2 3563 3433
  2 3434 3564
  2 3564 3565
  2 3565 3566
  2 3566 3567
  2 3567 3568
  2 3568 3569
  2 3569 3570
  2 3570 3571
  2 3571 3572
  2 3572 3573
  2 3573 3574
  2 3574 3575
  2 3575 3576
  2 3576 3577
  2 3577 3431
  2 3434 3578
  2 3578 3579
  2 3579 3580
  2 3580 3581
  2 3581 3582
  2 3582 3583
  2 3583 3584
  2 3584 3585
  2 3585 3586
  2 3586 3587
  2 3587 3588
  2 3588 3589
  2 3589 3590
  2 3590 3591
  2 3591 3435
  2 602 3592
  2 3592 3593
  2 3593 3594
  2 3594 3595
  2 3595 3596
  2 3596 3597
  2 3597 3598
  2 3598 3599
  2 3599 3600
  2 3600 3601
  2 3601 3602
  2 3602 3603
  2 3603 3435
  2 602 3604
  2 3604 3605
  2 3605 3606
  2 3606 599
  2 599 3607
  2 3607 3608
  2 3608 3609
  2 3609 3434
  2 3431 3610
  2 3610 3611
  2 3611 3612
  2 3612 3613
  2 3613 3614
  2 3614 3615
  2 3615 3616
  2 3616 3617
  2 3617 3618
  2 3618 3619
  2 3619 3620
  2 3620 3621
  2 3621 3433
  2 602 3622
  2 3622 3623
  2 3623 3624
  2 3624 3625
  2 3625 3626
  2 3626 3627
  2 3627 3628
  2 3628 3629
  2 3629 3630
  2 3630 3631
  2 3631 3632
  2 3632 3633
  2 3633 3431
  2 3435 3634
  2 3634 3635
  2 3635 3636
  2 3636 3637
  2 3637 3638
  2 3638 3639
  2 3639 3640
  2 3640 3641
  2 3641 3642
  2 3642 3643
  2 3643 3644
  2 3644 3645
  2 3645 3436
  2 3435 3646
  2 3646 3647
  2 3647 3648
  2 3648 3649
  2 3649 3650
  2 3650 3651
  2 3651 3652
  2 3652 3653
  2 3653 3654
  2 3654 3655
  2 3655 3656
  2 3656 3657
  2 3657 3658
  2 3658 3659
  2 3659 3437
  2 3437 3660
  2 3660 3661
  2 3661 3662
  2 3662 3663
  2 3663 3664
  2 3664 3665
  2 3665 3666
  2 3666 3436
  2 3436 3667
  2 3667 3668
  2 3668 3669
  2 3669 3670
  2 3670 3671
  2 3671 3672
  2 3672 3673
  2 3673 3674
  2 3674 3675
  2 3675 3676
  2 3676 3677
  2 3677 3678
  2 3678 3438
  2 3435 3679
  2 3679 3680
  2 3680 3681
  2 3681 3682
  2 3682 3683
  2 3683 3684
  2 3684 3685
  2 3685 3439
  2 3437 3686
  2 3686 3687
  2 3687 3688
  2 3688 3689
  2 3689 3690
  2 3690 3691
  2 3691 3692
  2 3692 3693
  2 3693 3694
  2 3694 3695
  2 3695 3696
  2 3696 3697
  2 3697 3698
  2 3698 3699
  2 3699 3438
  2 3438 3700
  2 3700 3701
  2 3701 3702
  2 3702 3703
  2 3703 3704
  2 3704 3705
  2 3705 3706
  2 3706 3707
  2 3707 3708
  2 3708 3709
  2 3709 3710
  2 3710 3711
  2 3711 3440
  2 3438 3712
  2 3712 3713
  2 3713 3714
  2 3714 3715
  2 3715 3716
  2 3716 3717
  2 3717 3718
  2 3718 3719
  2 3719 3720
  2 3720 3721
  2 3721 3722
  2 3722 3723
  2 3723 3724
  2 3724 3725
  2 3725 3441
  2 3441 3726
  2 3726 3727
  2 3727 3728
  2 3728 3729
  2 3729 3730
  2 3730 3731
  2 3731 3732
  2 3732 3440
  2 3440 3733
  2 3733 3734
  2 3734 3735
  2 3735 3736
  2 3736 3737
  2 3737 3738
  2 3738 3739
  2 3739 3740
  2 3740 3741
  2 3741 3742
  2 3742 3743
  2 3743 3744
  2 3744 3442
  2 3438 3745
  2 3745 3746
  2 3746 3747
  2 3747 3748
  2 3748 3749
  2 3749 3750
  2 3750 3751
  2 3751 3443
  2 3441 3752
  2 3752 3753
  2 3753 3754
  2 3754 3755
  2 3755 3756
  2 3756 3757
  2 3757 3758
  2 3758 3759
  2 3759 3760
  2 3760 3761
  2 3761 3762
  2 3762 3763
  2 3763 3764
  2 3764 3765
  2 3765 3442
  2 3766 3785
  2 3785 3786
  2 3786 3787
  2 3787 3788
  2 3788 3789
  2 3789 3790
  2 3790 3791
  2 3791 3792
  2 3792 3793
  2 3793 3794
  2 3794 3795
  2 3795 3796
  2 3796 3767
  2 3768 3797
  2 3797 3798
  2 3798 3799
  2 3799 3800
  2 3800 3801
  2 3801 3802
  2 3802 3803
  2 3803 3804
  2 3804 3805
  2 3805 3806
  2 3806 3807
  2 3807 3808
  2 3808 3809
  2 3809 3810
  2 3810 3767
  2 3769 3811
  2 3811 3812
  2 3812 3813
  2 3813 3814
  2 3814 3815
  2 3815 3816
  2 3816 3817
  2 3817 3818
  2 3818 3819
  2 3819 3820
  2 3820 3821
  2 3821 3822
  2 3822 3823
  2 3823 3824
  2 3824 3768
  2 3769 3825
  2 3825 3826
  2 3826 3827
  2 3827 3828
  2 3828 3829
  2 3829 3830
  2 3830 3831
  2 3831 3770
  2 3768 3832
  2 3832 3833
  2 3833 3834
  2 3834 3835
  2 3835 3836
  2 3836 3837
  2 3837 3838
  2 3838 3766
  2 3771 3839
  2 3839 3840
  2 3840 3841
  2 3841 3842
  2 3842 3843
  2 3843 3844
  2 3844 3845
  2 3845 3846
  2 3846 3847
  2 3847 3848
  2 3848 3849
  2 3849 3850
  2 3850 3851
  2 3851 3852
  2 3852 3769
  2 3772 3853
  2 3853 3854
  2 3854 3855
  2 3855 3856
  2 3856 3857
  2 3857 3858
  2 3858 3859
  2 3859 3860
  2 3860 3861
  2 3861 3862
  2 3862 3863
  2 3863 3864
  2 3864 3865
  2 3865 3866
  2 3866 3771
  2 3772 3867
  2 3867 3868
  2 3868 3869
  2 3869 3870
  2 3870 3871
  2 3871 3872
  2 3872 3873
  2 3873 3773
  2 3769 3874
  2 3874 3875
  2 3875 3876
  2 3876 3877
  2 3877 3878
  2 3878 3879
  2 3879 3880
  2 3880 3881
  2 3881 3882
  2 3882 3883
  2 3883 3884
  2 3884 3885
  2 3885 3766
  2 3774 3886
  2 3886 3887
  2 3887 3888
  2 3888 3889
  2 3889 3890
  2 3890 3891
  2 3891 3892
  2 3892 3893
  2 3893 3894
  2 3894 3895
  2 3895 3896
  2 3896 3897
  2 3897 3769
  2 3771 3898
  2 3898 3899
  2 3899 3900
  2 3900 3901
  2 3901 3902
  2 3902 3903
  2 3903 3904
  2 3904 3774
  2 3775 3905
  2 3905 3906
  2 3906 3907
  2 3907 3908
  2 3908 3909
  2 3909 3910
  2 3910 3911
  2 3911 3912
  2 3912 3913
  2 3913 3914
  2 3914 3915
  2 3915 3916
  2 3916 3917
  2 3917 3918
  2 3918 3772
  2 3775 3919
  2 3919 3920
  2 3920 3921
  2 3921 3922
  2 3922 3923
  2 3923 3924
  2 3924 3925
  2 3925 3926
  2 3926 3927
  2 3927 3928
  2 3928 3929
  2 3929 3930
  2 3930 3931
  2 3931 3932
  2 3932 3776
  2 1509 3933
  2 3933 3934
  2 3934 3935
  2 3935 3936
  2 3936 3937
  2 3937 3938
  2 3938 3939
  2 3939 3940
  2 3940 3941
  2 3941 3942
  2 3942 3943
  2 3943 3944
  2 3944 3776
  2 1509 3945
  2 3945 3946
  2 3946 3947
  2 3947 1512
  2 1512 3948
  2 3948 3949
  2 3949 3950
  2 3950 3775
  2 3772 3951
  2 3951 3952
  2 3952 3953
  2 3953 3954
  2 3954 3955
  2 3955 3956
  2 3956 3957
  2 3957 3958
  2 3958 3959
  2 3959 3960
  2 3960 3961
  2 3961 3962
  2 3962 3774
  2 1509 3963
  2 3963 3964
  2 3964 3965
  2 3965 3966
  2 3966 3967
  2 3967 3968
  2 3968 3969
  2 3969 3970
  2 3970 3971
  2 3971 3972
  2 3972 3973
  2 3973 3974
  2 3974 3772
  2 3776 3975
  2 3975 3976
  2 3976 3977
  2 3977 3978
  2 3978 3979
  2 3979 3980
  2 3980 3981
  2 3981 3982
  2 3982 3983
  2 3983 3984
  2 3984 3985
  2 3985 3986
  2 3986 3777
  2 3776 3987
  2 3987 3988
  2 3988 3989
  2 3989 3990
  2 3990 3991
  2 3991 3992
  2 3992 3993
  2 3993 3994
  2 3994 3995
  2 3995 3996
  2 3996 3997
  2 3997 3998
  2 3998 3999
  2 3999 4000
  2 4000 3778
  2 3778 4001
  2 4001 4002
  2 4002 4003
  2 4003 4004
  2 4004 4005
  2 4005 4006
  2 4006 4007
  2 4007 3777
  2 3777 4008
  2 4008 4009
  2 4009 4010
  2 4010 4011
  2 4011 4012
  2 4012 4013
  2 4013 4014
  2 4014 4015
  2 4015 4016
  2 4016 4017
  2 4017 4018
  2 4018 4019
  2 4019 3779
  2 3776 4020
  2 4020 4021
  2 4021 4022
  2 4022 4023
  2 4023 4024
  2 4024 4025
  2 4025 4026
  2 4026 3780
  2 3778 4027
  2 4027 4028
  2 4028 4029
  2 4029 4030
  2 4030 4031
  2 4031 4032
  2 4032 4033
  2 4033 4034
  2 4034 4035
  2 4035 4036
  2 4036 4037
  2 4037 4038
  2 4038 4039
  2 4039 4040
  2 4040 3779
  2 3779 4041
  2 4041 4042
  2 4042 4043
  2 4043 4044
  2 4044 4045
  2 4045 4046
  2 4046 4047
  2 4047 4048
  2 4048 4049
  2 4049 4050
  2 4050 4051
  2 4051 4052
  2 4052 3781
  2 3779 4053
  2 4053 4054
  2 4054 4055
  2 4055 4056
  2 4056 4057
  2 4057 4058
  2 4058 4059
  2 4059 4060
  2 4060 4061
  2 4061 4062
  2 4062 4063
  2 4063 4064
  2 4064 4065
  2 4065 4066
  2 4066 3782
  2 3782 4067
  2 4067 4068
  2 4068 4069
  2 4069 4070
  2 4070 4071
  2 4071 4072
  2 4072 4073
  2 4073 3781
  2 3781 4074
  2 4074 4075
  2 4075 4076
  2 4076 4077
  2 4077 4078
  2 4078 4079
  2 4079 4080
  2 4080 4081
  2 4081 4082
  2 4082 4083
  2 4083 4084
  2 4084 4085
  2 4085 3783
  2 3779 4086
  2 4086 4087
  2 4087 4088
  2 4088 4089
  2 4089 4090
  2 4090 4091
  2 4091 4092
  2 4092 3784
  2 3782 4093
  2 4093 4094
  2 4094 4095
  2 4095 4096
  2 4096 4097
  2 4097 4098
  2 4098 4099
  2 4099 4100
  2 4100 4101
  2 4101 4102
  2 4102 4103
  2 4103 4104
  2 4104 4105
  2 4105 4106
  2 4106 3783

CELL_TYPES 2884
  3
  3
  3
  3
  3
  3
  3
  3
  3
  3
  3
  3
  3
  3
  3
  3
  3
  3
  3
  3
  12
  12
  12
  12
  12
  12
  12
  12
  12
  12
  12
  12
  12
  12
  12
  12
  12
  12
  12
  12
  12
  12
  12
  12
  12
  12
  12
  12
  12
  12
  12
  12
  12
  12
  12
  12
  12
  12
  12
  12
  12
  12
  12
  12
  12
  12
  12
  12
  12
  12
  12
  12
  12
  12
  12
  12
  12
  12
  12
  12
  12
  12
  12
  12
  12
  12
  12
  12
  12
  12
  12
  12
  12
  12
  12
  12
  12
  12
  12
  12
  12
  12
  12
  12
  12
  12
  12
  12
  12
  12
  12
  12
  12
  12
  12
  12
  12
  12
  12
  12
  12
  12
  12
  12
  12
  12
  12
  12
  12
  12
  12
  12
  12
  12
  12
  12
  12
  12
  12
  12
  12
  12
  12
  12
  12
  12
  12
  12
  12
  12
  12
  12
  12
  12
  12
  12
  12
  12
  12
  12
  12
  12
  12
  12
  12
  12
  12
  12
  12
  12
  12
  12
  12
  12
  12
  12
  12
  12
  12
  12
  12
  12
  12
  12
  12
  12
  12
  12
  12
  12
  12
  12
  12
  12
  12
  12
  12
  12
  12
  12
  12
  12
  12
  12
  12
  12
  12
  12
  12
  12
  12
  12
  12
  12
  12
  12
  12
  12
  12
  12
  12
  12
  12
  12
  12
  12
  12
  12
  12
  12
  12
  12
  12
  12
  12
  12
  12
  12
  12
  12
  12
  12
  12
  12
  12
  12
  12
  12
  12
  12
  12
  12
  12
  12
  12
  12
  12
  12
  12
  12
  12
  12
  12
  12
  12
  12
  12
  12
  12
  12
  12
  12
  12
  12
  12
  12
  12
  12
  12
  12
  12
  12
  12
  12
  12
  12
  12
  12
  12
  12
  12
  12
  12
  12
  12
  12
  12
  12
  12
  12
  12
  12
  12
  12
  12
  12
  12
  12
  12
  12
  12
  12
  12
  12
  12
  12
  12
  12
  12
  12
  12
  12
  12
  12
  12
  12
  12
  12
  12
  12
  12
  12
  12
  12
  12
  12
  12
  12
  12
  12
  12
  12
  12
  12
  12
  12
  12
  12
  12
  12
  12
  12
  12
  12
  12
  12
  12
  12
  12
  12
  12
  12
  12
  12
  12
  12
  12
  12
  12
  12
  12
  12
  12
  12
  12
  12
  12
  12
  12
  12
  12
  12
  12
  12
  12
  12
  12
  12
  12
  12
  12
  12
  12
  12
  12
  12
  12
  12
  12
  12
  12
  12
  12
  12
  12
  12
  12
  12
  12
  12
  12
  12
  12
  12
  12
  12
  12
  12
  12
  12
  12
  12
  12
  12
  12
  12
  12
  12
  12
  12
  12
  12
  12
  12
  12
  12
  12
  12
  12
  12
  12
  12
  12
  12
  12
  12
  12
  12
  12
  12
  12
  12
  12
  12
  12
  12
  12
  12
  12
  12
  12
  12
  12
  12
  12
  12
  12
  12
  12
  12
  12
  12
  12
  12
  12
  12
  12
  12
  12
  12
  12
  12
  12
  12
  12
  12
  12
  12
  12
  12
  12
  12
  12
  12
  12
  12
  12
  12
  12
  12
  12
  12
  12
  12
  12
  12
  12
  12
  12
  12
  12
  12
  12
  12
  12
  12
  12
  12
  12
  12
  12
  12
  12
  12
  12
  12
  12
  12
  12
  12
  12
  12
  12
  12
  12
  12
  12
  12
  12
  12
  12
  12
  12
  12
  12
  12
  12
  12
  12
  12
  12
  12
  12
  12
  12
  12
  12
  12
  12
  12
  12
  12
  12
  12
  12
  12
  12
  12
  12
  12
  12
  12
  12
  12
  12
  12
  12
  12
  12
  12
  12
  12
  12
  12
  12
  12
  12
  12
  12
  12
  12
  12
  12
  12
  12
  12
  12
  12
  12
  12
  12
  12
  12
  12
  12
  12
  12
  12
  12
  12
  12
  12
  12
  12
  12
  12
  12
  12
  12
  12
  12
  12
  12
  12
  12
  12
  12
  12
  12
  12
  12
  12
  12
  12
  12
  12
  12
  12
  12
  12
  12
  12
  12
  12
  12
  12
  12
  12
  12
  12
  12
  12
  12
  12
  12
  12
  12
  12
  12
  12
  12
  12
  12
  12
  12
  12
  12
  12
  12
  12
  12
  12
  12
  12
  12
  12
  12
  12
  12
  12
  12
  12
  12
  12
  12
  12
  12
  12
  12
  12
  12
  12
  12
  12
  12
  12
  12
  12
  12
  12
  12
  12
  12
  12
  12
  12
  12
  12
  12
  12
  12
  12
  12
  12
  12
  12
  12
  12
  12
  12
  12
  12
  12
  12
  12
  12
  12
  12
  12
  12
  12
  12
  12
  12
  12
  12
  12
  12
  12
  12
  12
  12
  12
  12
  12
  12
  12
  12
  12
  12
  12
  12
  12
  12
  12
  12
  12
  12
  12
  12
  12
  12
  12
  12
  12
  12
  12
  12
  12
  12
  12
  12
  12
  12
  12
  12
  12
  12
  12
  12
  12
  12
  12
  12
  12
  12
  12
  12
  12
  12
  12
  12
  12
  12
  12
  12
  12
  12
  12
  12
  12
  12
  12
  12
  12
  12
  12
  12
  12
  12
  12
  12
  12
  12
  12
  12
  12
  12
  12
  12
  12
  12
  12
  12
  12
  12
  12
  12
  12
  12
  12
  12
  12
  12
  12
  12
  12
  12
  12
  12
  12
  12
  12
  12
  12
  12
  12
  12
  12
  12
  12
  12
  12
  12
  12
  12
  12
  12
  12
  12
  12
  12
  12
  12
  12
  12
  12
  12
  12
  12
  12
  12
  12
  12
  12
  12
  12
  12
  12
  12
  12
  12
  12
  12
  12
  12
  12
  12
  12
  12
  12
  12
  12
  12
  12
  12
  12
  12
  12
  12
  12
  12
  12
  12
  12
  12
  12
  12
  12
  12
  12
  12
  12
  12
  12
  12
  12
  12
  12
  12
  12
  12
  12
  12
  12
  12
  12
  12
  12
  12
  12
  12
  12
  12
  12
  12
  12
  12
  12
  12
  12
  12
  12
  12
  12
  12
  12
  12
  12
  12
  12
  12
  12
  12
  12
  12
  12
  12
  12
  12
  12
  12
  12
  12
  12
  12
  12
  12
  12
  12
  12
  12
  12
  12
  12
  12
  12
  12
  12
  12
  12
  12
  12
  12
  12
  12
  12
  12
  12
  12
  12
  12
  12
  12
  12
  12
  12
  12
  12
  12
  12
  12
  12
  12
  12
  12
  12
  12
  12
  12
  12
  12
  12
  12
  12
  12
  12
  12
  12
  12
  12
  12
  12
  12
  12
  12
  12
  12
  12
  12
  12
  12
  12
  12
  12
  12
  12
  12
  12
  12
  12
  12
  12
  12
  12
  12
  12
  12
  12
  12
  12
  12
  12
  12
  12
  12
  12
  12
  12
  12
  12
  12
  12
  12
  12
  12
  12
  12
  12
  12
  12
  12
  12
  12
  12
  12
  12
  12
  12
  12
  12
  12
  12
  12
  12
  12
  12
  12
  12
  12
  12
  12
  12
  12
  12
  12
  12
  12
  12
  12
  12
  12
  12
  12
  12
  12
  12
  12
  12
  12
  12
  12
  12
  12
  12
  12
  12
  12
  12
  12
  12
  12
  12
  12
  12
  12
  12
  12
  12
  12
  12
  12
  12
  12
  12
  12
  12
  12
  12
  12
  12
  12
  12
  12
  12
  12
  12
  12
  12
  12
  12
  12
  12
  12
  12
  12
  12
  12
  12
  12
  12
  12
  12
  12
  12
  12
  12
  12
  12
  12
  12
  12
  12
  12
  12
  12
  12
  12
  12
  12
  12
  12
  12
  12
  12
  12
  12
  12
  12
  12
  12
  12
  12
  12
  12
  12
  12
  12
  12
  12
  12
  12
  12
  12
  12
  12
  12
  12
  12
  12
  12
  12
  12
  12
  12
  12
  12
  12
  12
  12
  12
  12
  12
  12
  12
  12
  12
  12
  12
  12
  12
  12
  12
  12
  12
  12
  12
  12
  12
  12
  12
  12
  12
  12
  12
  12
  12
  12
  12
  12
  12
  12
  12
  12
  12
  12
  12
  12
  12
  12
  12
  12
  12
  12
  12
  12
  12
  12
  12
  12
  12
  12
  12
  12
  12
  12
  12
  12
  12
  12
  12
  12
  12
  12
  12
  12
  12
  12
  12
  12
  12
  12
  12
  12
  12
  12
  12
  12
  12
  12
  12
  12
  12
  12
  12
  12
  12
  12
  12
  12
  12
  12
  12
  12
  12
  12
  12
  12
  12
  12
  12
  12
  12
  12
  12
  12
  12
  12
  12
  12
  12
  12
  12
  12
  12
  12
  12
  12
  12
  12
  12
  12
  12
  12
  12
  12
  12
  12
  12
  12
  12
  12
  12
  12
  12
  12
  12
  12
  12
  12
  12
  12
  12
  12
  12
  12
  12
  12
  12
  12
  12
  12
  12
  12
  12
  12
  12
  12
  12
  12
  12
  12
  12
  12
  12
  12
  12
  12
  12
  12
  12
  12
  12
  12
  12
  12
  12
  12
  12
  12
  12
  12
  12
  12
  12
  12
  12
  12
  12
  12
  12
  12
  12
  12
  12
  12
  12
  12
  12
  12
  12
  12
  12
  12
  12
  12
  12
  12
  12
  12
  12
  12
  12
  12
  12
  12
  12
  12
  12
  12
  12
  12
  12
  12
  12
  12
  12
  12
  12
  12
  12
  12
  12
  12
  12
  12
  12
  12
  12
  12
  12
  12
  12
  12
  12
  12
  12
  12
  12
  12
  12
  12
  12
  12
  12
  12
  12
  12
  12
  12
  12
  12
  12
  12
  12
  12
  12
  12
  12
  12
  12
  12
  12
  12
  12
  12
  12
  12
  12
  12
  12
  12
  12
  12
  12
  12
  12
  12
  12
  12
  12
  12
  12
  12
  12
  12
  12
  12
  12
  12
  12
  12
  12
  12
  12
  12
  12
  12
  12
  12
  12
  12
  12
  12
  12
  12
  12
  12
  12
  12
  12
  12
  12
  12
  12
  12
  12
  12
  12
  12
  12
  12
  12
  12
  12
  12
  12
  12
  12
  12
  12
  12
  12
  12
  12
  12
  12
  12
  12
  12
  12
  12
  12
  12
  12
  12
  12
  12
  12
  12
  12
  12
  12
  12
  12
  12
  12
  12
  12
  12
  12
  12
  12
  12
  12
  12
  12
  12
  12
  12
  12
  12
  12
  12
  12
  12
  12
  12
  12
  12
  12
  12
  12
  12
  12
  12
  12
  12
  12
  12
  12
  12
  12
  12
  12
  12
  12
  12
  12
  12
  12
  12
  12
  12
  12
  12
  12
  12
  12
  12
  12
  12
  12
  12
  12
  12
  12
  12
  12
  12
  12
  12
  12
  12
  12
  12
  12
  12
  12
  12
  12
  12
  12
  12
  12
  12
  12
  12
  12
  12
  12
  12
  12
  12
  12
  12
  12
  12
  12
  12
  12
  12
  12
  12
  12
  12
  12
  12
  12
  12
  12
  12
  12
  12
  12
  12
  12
  12
  12
  12
  12
  12
  12
  12
  12
  12
  12
  12
  12
  12
  12
  12
  12
  12
  12
  12
  12
  12
  12
  12
  12
  12
  12
  12
  12
  12
  12
  12
  12
  12
  12
  12
  12
  12
  12
  12
  12
  12
  12
  12
  12
  12
  12
  12
  12
  12
  12
  12
  12
  12
  12
  12
  12
  12
  12
  12
  12
  12
  12
  12
  12
  12
  12
  12
  12
  12
  12
  12
  12
  12
  12
  12
  12
  12
  12
  12
  12
  12
  12
  12
  9
  9
  9
  9
  9
  9
  9
  9
  9
  9
  9
  9
  9
  9
  9
  9
  9
  9
  9
  9
  9
  9
  9
  9
  9
  9
  9
  9
  9
  9
  9
  9
  9
  9
  9
  9
  9
  9
  9
  9
  9
  9
  9
  9
  9
  9
  9
  9
  9
  9
  9
  9
  9
  9
  9
  9
  9
  9
  9
  9
  9
  9
  9
  9
  9
  9
  9
  9
  9
  9
  9
  9
  9
  9
  9
  9
  9
  9
  9
  9
  9
  9
  9
  9
  9
  9
  9
  9
  9
  9
  9
  9
  9
  9
  9
  9
  9
  9
  9
  9
  9
  9
  9
  9
  9
  9
  9
  9
  9
  9
  9
  9
  9
  9
  9
  9
  9
  9
  9
  9
  9
  9
  9
  9
  9
  9
  9
  9
  9
  9
  9
  9
  9
  9
  9
  9
  9
  9
  9
  9
  9
  9
  9
  9
  9
  9
  9
  9
  9
  9
  9
  9
  9
  9
  9
  9
  9
  9
  9
  9
  9
  9
  9
  9
  9
  9
  9
  9
  9
  9
  9
  9
  9
  9
  9
  9
  9
  9
  9
  9
  9
  9
  9
  9
  9
  9
  9
  9
  9
  9
  9
  9
  9
  9
  9
  9
  9
  9
  9
  9
  9
  9
  9
  9
  9
  9
  9
  9
  9
  9
  9
  9
  9
  9
  9
  9
  9
  9
  9
  9
  9
  9
  9
  9
  9
  9
  9
  9
  9
  9
  9
  9
  9
  9
  9
  9
  9
  9
  9
  9
  9
  9
  9
  9
  9
  9
  9
  9
  9
  9
  9
  9
  9
  9
  9
  9
  9
  9
  9
  9
  9
  9
  9
  9
  9
  9
  9
  9
  9
  9
  9
  9
  9
  9
  9
  9
  9
  9
  9
  9
  9
  9
  9
  9
  9
  9
  9
  9
  9
  9
  9
  9
  9
  9
  9
  9
  9
  9
  9
  9
  9
  9
  9
  9
  9
  9
  9
  9
  9
  9
  9
  9
  9
  9
  9
  9
  9
  9
  9
  9
  9
  9
  9
  9
  9
  9
  9
  9
  9
  9
  9
  9
  9
  9
  9
  9
  9
  9
  9
  9
  9
  9
  9
  9
  9
  9
  9
  9
  9
  9
  9
  9
  9
  9
  9
  9
  9
  9
  9
  9
  9
  9
  9
  9
  9
  9
  9
  9
  9
  9
  9
  9
  9
  9
  9
  9
  9
  9
  9
  9
  9
  9
  9
  9
  9
  9
  9
  9
  9
  9
  9
  9
  9
  9
  9
  9
  9
  9
  9
  9
  3
  3
  3
  3
  3
  3
  3
  3
  3
  3
  3
  3
  3
  3
  3
  3
  3
  3
  3
  3
  3
  3
  3
  3
  3
  3
  3
  3
  3
  3
  3
  3
  3
  3
  3
  3
  3
  3
  3
  3
  3
  3
  3
  3
  3
  3
  3
  3
  3
  3
  3
  3
  3
  3
  3
  3
  3
  3
  3
  3
  3
  3
  3
  3
  3
  3
  3
  3
  3
  3
  3
  3
  3
  3
  3
  3
  3
  3
  3
  3
  3
  3
  3
  3
  3
  3
  3
  3
  3
  3
  3
  3
  3
  3
  3
  3
  3
  3
  3
  3
  3
  3
  3
  3
  3
  3
  3
  3
  3
  3
  3
  3
  3
  3
  3
  3
  3
  3
  3
  3
  3
  3
  3
  3
  3
  3
  3
  3
  3
  3
  3
  3
  3
  3
  3
  3
  3
  3
  3
  3
  3
  3
  3
  3
  3
  3
  3
  3
  3
  3
  3
  3
  3
  3
  3
  3
  3
  3
  3
  3
  3
  3
  3
  3
  3
  3
  3
  3
  3
  3
  3
  3
  3
  3
  3
  3
  3
  3
  3
  3
  3
  3
  3
  3
  3
  3
  3
  3
  3
  3
  3
  3
  3
  3
  3
  3
  3
  3
  3
  3
  3
  3
  3
  3
  3
  3
  3
  3
  3
  3
  3
  3
  3
  3
  3
  3
  3
  3
  3
  3
  3
  3
  3
  3
  3
  3
  3
  3
  3
  3
  3
  3
  3
  3
  3
  3
  3
  3
  3
  3
  3
  3
  3
  3
  3
  3
  3
  3
  3
  3
  3
  3
  3
  3
  3
  3
  3
  3
  3
  3
  3
  3
  3
  3
  3
  3
  3
  3
  3
  3
  3
  3
  3
  3
  3
  3
  3
  3
  3
  3
  3
  3
  3
  3
  3
  3
  3
  3
  3
  3
  3
  3
  3
  3
  3
  3
  3
  3
  3
  3
  3
  3
  3
  3
  3
  3
  3
  3
  3
  3
  3
  3
  3
  3
  3
  3
  3
  3
  3
  3
  3
  3
  3
  3
  3
  3
  3
  3
  3
  3
  3
  3
  3
  3
  3
  3
  3
  3
  3
  3
  3
  3
  3
  3
  3
  3
  3
  3
  3
  3
  3
  3
  3
  3
  3
  3
  3
  3
  3
  3
  3
  3
  3
  3
  3
  3
  3
  3
  3
  3
  3
  3
  3
  3
  3
  3
  3
  3
  3
  3
  3
  3
  3
  3
  3
  3
  3
  3
  3
  3
  3
  3
  3
  3
  3
  3
  3
  3
  3
  3
  3
  3
  3
  3
  3
  3
  3
  3
  3
  3
  3
  3
  3
  3
  3
  3
  3
  3
  3
  3
  3
  3
  3
  3
  3
  3
  3
  3
  3
  3
  3
  3
  3
  3
  3
  3
  3
  3
  3
  3
  3
  3
  3
  3
  3
  3
  3
  3
  3
  3
  3
  3
  3
  3
  3
  3
  3
  3
  3
  3
  3
  3
  3
  3
  3
  3
  3
  3
  3
  3
  3
  3
  3
  3
  3
  3
  3
  3
  3
  3
  3
  3
  3
  3
  3
  3
  3
  3
  3
  3
  3
  3
  3
  3
  3
  3
  3
  3
  3
  3
  3
  3
  3
  3
  3
  3
  3
  3
  3
  3
  3
  3
  3
  3
  3
  3
  3
  3
  3
  3
  3
  3
  3
  3
  3
  3
  3
  3
  3
  3
  3
  3
  3
  3
  3
  3
  3
  3
  3
  3
  3
  3
  3
  3
  3
  3
  3
  3
  3
  3
  3
  3
  3
  3
  3
  3
  3
  3
  3
  3
  3
  3
  3
  3
  3
  3
  3
  3
  3
  3
  3
  3
  3
  3
  3
  3
  3
  3
  3
  3
  3
  3
  3
  3
  3
  3
  3
  3
  3
  3
  3
  3
  3
  3
  3
  3
  3
  3
  3
  3
  3
  3
  3
  3
  3
  3
  3
  3
  3
  3
  3
  3
  3
  3
  3
  3
  3
  3
  3
  3
  3
  3
  3
  3
  3
  3
  3
  3
  3
  3
  3
  3
  3
  3
  3
  3
  3
  3
  3
  3
  3
  3
  3
  3
  3
  3
  3
  3
  3
  3
  3
  3
  3
  3
  3
  3
  3
  3
  3
  3
  3
  3
  3
  3
  3
  3
  3
  3
  3
  3
  3
  3
  3
  3
  3
  3
  3
  3
  3
  3
  3
  3
  3
  3
  3
  3
  3
  3
  3
  3
  3
  3
  3
  3
  3
  3
  3
  3
  3
  3
  3
  3
  3
  3

POINT_DATA 4107
VECTORS Displacement float
   -1.303710e-02   2.242460e-04  -1.436180e-01
   -1.303710e-02  -2.242460e-04  -1.436180e-01
   -8.409630e-03   1.854550e-04  -2.116860e-01
   -8.409630e-03  -1.854550e-04  -2.116860e-01
   -4.270360e-03   1.749010e-04  -2.128690e-01
   -4.270360e-03  -1.749010e-04  -2.128690e-01
   -2.421520e-03   1.385530e-04  -1.500360e-01
   -2.421520e-03  -1.385530e-04  -1.500360e-01
    1.153950e-12  -6.342350e-04  -2.483090e-02
    2.086020e-12   6.342350e-04  -2.483090e-02
    2.421520e-03   1.385530e-04  -1.500360e-01
    2.421520e-03  -1.385530e-04  -1.500360e-01
    4.270360e-03   1.749010e-04  -2.128690e-01
    4.270360e-03  -1.749010e-04  -2.128690e-01
    8.409630e-03   1.854550e-04  -2.116860e-01
    8.409630e-03  -1.854550e-04  -2.116860e-01
    1.303710e-02  -2.242460e-04  -1.436180e-01
    1.303710e-02   2.242460e-04  -1.436180e-01
    6.184890e-04  -4.910860e-04  -3.385760e-04
    6.184890e-04   4.910860e-04  -3.385760e-04
   -6.184890e-04   4.910860e-04  -3.385760e-04
   -6.184890e-04  -4.910860e-04  -3.385760e-04
   -9.804160e-03   1.121220e-04  -2.117130e-01
   -9.542120e-03   1.856790e-13  -2.211180e-01
   -9.804160e-03  -1.121220e-04  -2.117130e-01
   -1.097760e-02  -4.524360e-04  -1.635790e-01
   -1.023230e-02  -1.580570e-04  -2.111940e-01
   -9.910850e-03   5.336050e-05  -2.830120e-01
   -9.681700e-03   1.353210e-04  -3.248180e-01
   -9.450790e-03   1.550040e-04  -3.625470e-01
   -9.206010e-03   1.572690e-04  -3.524710e-01
   -8.953940e-03   1.623890e-04  -3.364340e-01
   -8.707770e-03   1.800920e-04  -2.803970e-01
   -8.499380e-03   2.061620e-04  -2.431830e-01
   -8.117790e-03   9.270740e-05  -2.728430e-01
   -8.094090e-03  -5.699260e-15  -2.748090e-01
   -8.117790e-03  -9.270740e-05  -2.728430e-01
   -8.499380e-03  -2.061620e-04  -2.431830e-01
   -8.707770e-03  -1.800920e-04  -2.803970e-01
   -8.953940e-03  -1.623890e-04  -3.364340e-01
   -9.206010e-03  -1.572690e-04  -3.524710e-01
   -9.450790e-03  -1.550040e-04  -3.625470e-01
   -9.681700e-03  -1.353210e-04  -3.248180e-01
   -9.910850e-03  -5.336050e-05  -2.830120e-01
   -1.023230e-02   1.580570e-04  -2.111940e-01
   -1.097760e-02   4.524360e-04  -1.635790e-01
   -7.880770e-03   1.648990e-04  -2.715230e-01
   -7.470550e-03   1.915480e-04  -3.348030e-01
   -7.098650e-03   2.108130e-04  -4.163970e-01
   -6.735390e-03   2.185030e-04  -4.511350e-01
   -6.372890e-03   2.202170e-04  -4.789760e-01
   -6.010740e-03   2.179360e-04  -4.474810e-01
   -5.648080e-03   2.079950e-04  -4.107310e-01
   -5.274230e-03   1.828110e-04  -3.276530e-01
   -4.850130e-03   1.478890e-04  -2.677860e-01
   -4.653310e-03   8.744970e-05  -2.788410e-01
   -4.684350e-03  -2.797800e-12  -2.799780e-01
   -4.653310e-03  -8.744970e-05  -2.788410e-01
   -4.850130e-03  -1.478890e-04  -2.677860e-01
   -5.274230e-03  -1.828110e-04  -3.276530e-01
   -5.648080e-03  -2.079950e-04  -4.107310e-01
   -6.010740e-03  -2.179360e-04  -4.474810e-01
   -6.372890e-03  -2.202170e-04  -4.789760e-01
   -6.735390e-03  -2.185030e-04  -4.511350e-01
   -7.098650e-03  -2.108130e-04  -4.163970e-01
   -7.470550e-03  -1.915480e-04  -3.348030e-01
   -7.880770e-03  -1.648990e-04  -2.715230e-01
   -4.267090e-03   2.019270e-04  -2.583680e-01
   -4.108150e-03   1.670400e-04  -3.086290e-01
   -3.899000e-03   1.419520e-04  -3.833250e-01
   -3.678830e-03   1.321690e-04  -4.111080e-01
   -3.458630e-03   1.298540e-04  -4.361140e-01
   -3.239660e-03   1.302260e-04  -4.007580e-01
   -3.021520e-03   1.322980e-04  -3.622910e-01
   -2.805700e-03   1.370950e-04  -2.754080e-01
   -2.599220e-03   1.435940e-04  -2.119980e-01
   -2.350700e-03   6.927960e-05  -2.148140e-01
   -2.344970e-03  -8.740730e-12  -2.148710e-01
   -2.350700e-03  -6.927960e-05  -2.148140e-01
   -2.599220e-03  -1.435940e-04  -2.119980e-01
   -2.805700e-03  -1.370950e-04  -2.754080e-01
   -3.021520e-03  -1.322980e-04  -3.622910e-01
   -3.239660e-03  -1.302260e-04  -4.007580e-01
   -3.458630e-03  -1.298540e-04  -4.361140e-01
   -3.678830e-03  -1.321690e-04  -4.111080e-01
   -3.899000e-03  -1.419520e-04  -3.833250e-01
   -4.108150e-03  -1.670400e-04  -3.086290e-01
   -4.267090e-03  -2.019270e-04  -2.583680e-01
   -2.137170e-03   1.335590e-04  -1.864320e-01
   -1.881530e-03   1.399850e-04  -2.245500e-01
   -1.634990e-03   1.447520e-04  -2.872540e-01
   -1.390290e-03   1.473490e-04  -3.023570e-01
   -1.146140e-03   1.502750e-04  -3.165840e-01
   -9.056050e-04   1.550740e-04  -2.717860e-01
   -6.776530e-04   1.577230e-04  -2.275900e-01
   -4.760060e-04   1.269410e-04  -1.383080e-01
   -2.912340e-04   2.374890e-05  -7.799890e-02
    3.949770e-13  -2.073810e-04  -9.366210e-02
    1.157530e-12  -1.492170e-11  -9.464620e-02
    1.605820e-12   2.073810e-04  -9.366210e-02
   -2.912340e-04  -2.374890e-05  -7.799890e-02
   -4.760060e-04  -1.269410e-04  -1.383080e-01
   -6.776530e-04  -1.577230e-04  -2.275900e-01
   -9.056050e-04  -1.550740e-04  -2.717860e-01
   -1.146140e-03  -1.502750e-04  -3.165840e-01
   -1.390290e-03  -1.473490e-04  -3.023570e-01
   -1.634990e-03  -1.447520e-04  -2.872540e-01
   -1.881530e-03  -1.399850e-04  -2.245500e-01
   -2.137170e-03  -1.335590e-04  -1.864320e-01
    2.912340e-04   2.374890e-05  -7.799890e-02
    4.760060e-04   1.269410e-04  -1.383080e-01
    6.776530e-04   1.577230e-04  -2.275900e-01
    9.056050e-04   1.550740e-04  -2.717860e-01
    1.146140e-03   1.502750e-04  -3.165840e-01
    1.390290e-03   1.473490e-04  -3.023570e-01
    1.634990e-03   1.447520e-04  -2.872540e-01
    1.881530e-03   1.399850e-04  -2.245500e-01
    2.137170e-03   1.335590e-04  -1.864320e-01
    2.350700e-03   6.927960e-05  -2.148140e-01
    2.344970e-03  -1.556160e-11  -2.148710e-01
    2.350700e-03  -6.927960e-05  -2.148140e-01
    2.137170e-03  -1.335590e-04  -1.864320e-01
    1.881530e-03  -1.399850e-04  -2.245500e-01
    1.634990e-03  -1.447520e-04  -2.872540e-01
    1.390290e-03  -1.473490e-04  -3.023570e-01
    1.146140e-03  -1.502750e-04  -3.165840e-01
    9.056050e-04  -1.550740e-04  -2.717860e-01
    6.776530e-04  -1.577230e-04  -2.275900e-01
    4.760060e-04  -1.269410e-04  -1.383080e-01
    2.912340e-04  -2.374890e-05  -7.799890e-02
    2.599220e-03   1.435940e-04  -2.119980e-01
    2.805700e-03   1.370950e-04  -2.754080e-01
    3.021520e-03   1.322980e-04  -3.622910e-01
    3.239660e-03   1.302260e-04  -4.007580e-01
    3.458630e-03   1.298540e-04  -4.361140e-01
    3.678830e-03   1.321690e-04  -4.111080e-01
    3.899000e-03   1.419520e-04  -3.833250e-01
    4.108150e-03   1.670400e-04  -3.086290e-01
    4.267090e-03   2.019270e-04  -2.583680e-01
    4.653310e-03   8.744970e-05  -2.788410e-01
    4.684350e-03  -1.153920e-11  -2.799780e-01
    4.653310e-03  -8.744970e-05  -2.788410e-01
    4.267090e-03  -2.019270e-04  -2.583680e-01
    4.108150e-03  -1.670400e-04  -3.086290e-01
    3.899000e-03  -1.419520e-04  -3.833250e-01
    3.678830e-03  -1.321690e-04  -4.111080e-01
    3.458630e-03  -1.298540e-04  -4.361140e-01
    3.239660e-03  -1.302260e-04  -4.007580e-01
    3.021520e-03  -1.322980e-04  -3.622910e-01
    2.805700e-03  -1.370950e-04  -2.754080e-01
    2.599220e-03  -1.435940e-04  -2.119980e-01
    4.850130e-03   1.478890e-04  -2.677860e-01
    5.274230e-03   1.828110e-04  -3.276530e-01
    5.648080e-03   2.079950e-04  -4.107310e-01
    6.010740e-03   2.179360e-04  -4.474810e-01
    6.372890e-03   2.202170e-04  -4.789760e-01
    6.735390e-03   2.185030e-04  -4.511350e-01
    7.098650e-03   2.108130e-04  -4.163970e-01
    7.470550e-03   1.915480e-04  -3.348030e-01
    7.880770e-03   1.648990e-04  -2.715230e-01
    8.117790e-03   9.270740e-05  -2.728430e-01
    8.094090e-03  -7.677440e-12  -2.748090e-01
    8.117790e-03  -9.270740e-05  -2.728430e-01
    7.880770e-03  -1.648990e-04  -2.715230e-01
    7.470550e-03  -1.915480e-04  -3.348030e-01
    7.098650e-03  -2.108130e-04  -4.163970e-01
    6.735390e-03  -2.185030e-04  -4.511350e-01
    6.372890e-03  -2.202180e-04  -4.789760e-01
    6.010740e-03  -2.179360e-04  -4.474810e-01
    5.648080e-03  -2.079950e-04  -4.107310e-01
    5.274230e-03  -1.828110e-04  -3.276530e-01
    4.850130e-03  -1.478890e-04  -2.677860e-01
    8.499380e-03   2.061620e-04  -2.431830e-01
    8.707770e-03   1.800920e-04  -2.803970e-01
    8.953940e-03   1.623890e-04  -3.364340e-01
    9.206010e-03   1.572690e-04  -3.524710e-01
    9.450790e-03   1.550040e-04  -3.625470e-01
    9.681700e-03   1.353210e-04  -3.248180e-01
    9.910850e-03   5.336050e-05  -2.830120e-01
    1.023230e-02  -1.580570e-04  -2.111940e-01
    1.097760e-02  -4.524360e-04  -1.635790e-01
    9.804160e-03  -1.121220e-04  -2.117130e-01
    9.542120e-03  -2.567270e-12  -2.211180e-01
    9.804160e-03   1.121220e-04  -2.117130e-01
    1.097760e-02   4.524360e-04  -1.635790e-01
    1.023230e-02   1.580570e-04  -2.111940e-01
    9.910850e-03  -5.336050e-05  -2.830120e-01
    9.681700e-03  -1.353210e-04  -3.248180e-01
    9.450790e-03  -1.550040e-04  -3.625470e-01
    9.206010e-03  -1.572690e-04  -3.524710e-01
    8.953940e-03  -1.623890e-04  -3.364340e-01
    8.707770e-03  -1.800920e-04  -2.803970e-01
    8.499380e-03  -2.061620e-04  -2.431830e-01
    1.022990e-02   3.883550e-06  -2.268180e-01
    8.736880e-03  -2.905380e-04  -3.353830e-01
    7.667570e-03  -5.021800e-04  -4.517990e-01
    6.690690e-03  -5.849020e-04  -5.314720e-01
    5.713130e-03  -6.062240e-04  -5.742340e-01
    4.725550e-03  -6.099710e-04  -5.585160e-01
    3.739470e-03  -6.082910e-04  -4.874560e-01
    2.767730e-03  -5.917650e-04  -3.630960e-01
    1.800100e-03  -4.605220e-04  -1.927200e-01
    8.714580e-04   4.027600e-05  -1.290930e-03
    6.497660e-04  -5.749390e-15  -2.775130e-04
    8.714580e-04  -4.027600e-05  -1.290930e-03
    1.800100e-03   4.605220e-04  -1.927200e-01
    2.767730e-03   5.917650e-04  -3.630960e-01
    3.739470e-03   6.082910e-04  -4.874560e-01
    4.725550e-03   6.099710e-04  -5.585160e-01
    5.713130e-03   6.062240e-04  -5.742340e-01
    6.690690e-03   5.849020e-04  -5.314720e-01
    7.667570e-03   5.021800e-04  -4.517990e-01
    8.736880e-03   2.905380e-04  -3.353830e-01
    1.022990e-02  -3.883550e-06  -2.268180e-01
   -1.022990e-02  -3.883550e-06  -2.268180e-01
   -8.736880e-03   2.905380e-04  -3.353830e-01
   -7.667570e-03   5.021800e-04  -4.517990e-01
   -6.690690e-03   5.849020e-04  -5.314720e-01
   -5.713130e-03   6.062240e-04  -5.742340e-01
   -4.725550e-03   6.099710e-04  -5.585160e-01
   -3.739470e-03   6.082910e-04  -4.874560e-01
   -2.767730e-03   5.917650e-04  -3.630960e-01
   -1.800100e-03   4.605220e-04  -1.927200e-01
   -8.714580e-04  -4.027600e-05  -1.290930e-03
   -6.497660e-04   1.764200e-13  -2.775130e-04
   -8.714580e-04   4.027600e-05  -1.290930e-03
   -1.800100e-03  -4.605220e-04  -1.927200e-01
   -2.767730e-03  -5.917650e-04  -3.630960e-01
   -3.739470e-03  -6.082910e-04  -4.874560e-01
   -4.725550e-03  -6.099710e-04  -5.585160e-01
   -5.713130e-03  -6.062240e-04  -5.742340e-01
   -6.690690e-03  -5.849020e-04  -5.314720e-01
   -7.667570e-03  -5.021800e-04  -4.517990e-01
   -8.736880e-03  -2.905380e-04  -3.353830e-01
   -1.022990e-02   3.883550e-06  -2.268180e-01
   -1.032660e-02   4.717530e-04  -1.958800e-01
   -9.840120e-03   4.794980e-13  -2.212180e-01
   -1.032660e-02  -4.717530e-04  -1.958800e-01
   -1.020980e-02   1.806050e-04  -2.396380e-01
   -1.008240e-02   9.278650e-13  -2.385240e-01
   -1.020980e-02  -1.806050e-04  -2.396380e-01
   -9.979650e-03  -1.042120e-06  -2.798850e-01
   -9.976020e-03   1.130800e-12  -2.922560e-01
   -9.979650e-03   1.042120e-06  -2.798850e-01
   -9.724270e-03  -6.636790e-05  -3.328890e-01
   -9.739670e-03   6.214690e-13  -3.237990e-01
   -9.724270e-03   6.636790e-05  -3.328890e-01
   -9.467460e-03  -7.995480e-05  -3.483330e-01
   -9.477480e-03   4.559180e-14  -3.574890e-01
   -9.467460e-03   7.995480e-05  -3.483330e-01
   -9.213060e-03  -8.044120e-05  -3.595210e-01
   -9.217730e-03   1.755660e-13  -3.490290e-01
   -9.213060e-03   8.044120e-05  -3.595210e-01
   -8.960010e-03  -8.412930e-05  -3.280150e-01
   -8.960370e-03   5.239430e-13  -3.406460e-01
   -8.960010e-03   8.412930e-05  -3.280150e-01
   -8.705240e-03  -9.934800e-05  -3.052220e-01
   -8.693710e-03   5.174750e-13  -2.996240e-01
   -8.705240e-03   9.934800e-05  -3.052220e-01
   -8.440350e-03  -1.252340e-04  -2.632890e-01
   -8.396350e-03   2.120470e-13  -2.885450e-01
   -8.440350e-03   1.252340e-04  -2.632890e-01
   -7.822040e-03  -6.027720e-05  -2.905520e-01
   -7.778130e-03  -4.491870e-14  -3.161180e-01
   -7.822040e-03   6.027720e-05  -2.905520e-01
   -7.468590e-03  -8.662090e-05  -3.594870e-01
   -7.457090e-03  -3.651670e-13  -3.524940e-01
   -7.468590e-03   8.662090e-05  -3.594870e-01
   -7.104880e-03  -1.031720e-04  -4.047200e-01
   -7.104470e-03  -7.997020e-13  -4.182950e-01
   -7.104880e-03   1.031720e-04  -4.047200e-01
   -6.738830e-03  -1.093510e-04  -4.579120e-01
   -6.739800e-03  -7.753020e-13  -4.445840e-01
   -6.738830e-03   1.093510e-04  -4.579120e-01
   -6.372460e-03  -1.106720e-04  -4.592070e-01
   -6.372200e-03  -6.707000e-13  -4.699730e-01
   -6.372460e-03   1.106720e-04  -4.592070e-01
   -6.006030e-03  -1.089870e-04  -4.550990e-01
   -6.004540e-03  -1.159670e-12  -4.416020e-01
   -6.006030e-03   1.089870e-04  -4.550990e-01
   -5.639910e-03  -1.010240e-04  -3.994010e-01
   -5.640410e-03  -1.957700e-12  -4.140250e-01
   -5.639910e-03   1.010240e-04  -3.994010e-01
   -5.276840e-03  -7.938700e-05  -3.550340e-01
   -5.291930e-03  -2.551780e-12  -3.475910e-01
   -5.276840e-03   7.938700e-05  -3.550340e-01
   -4.927220e-03  -4.485790e-05  -2.879100e-01
   -4.984830e-03  -2.679200e-12  -3.157790e-01
   -4.927220e-03   4.485790e-05  -2.879100e-01
   -4.344200e-03  -1.300480e-04  -2.783880e-01
   -4.401820e-03  -3.561090e-12  -3.064890e-01
   -4.344200e-03   1.300480e-04  -2.783880e-01
   -4.110800e-03  -9.554790e-05  -3.366020e-01
   -4.125890e-03  -4.570020e-12  -3.288220e-01
   -4.110800e-03   9.554780e-05  -3.366020e-01
   -3.890840e-03  -7.399250e-05  -3.716760e-01
   -3.891300e-03  -5.435550e-12  -3.870020e-01
   -3.890840e-03   7.399250e-05  -3.716760e-01
   -3.673890e-03  -6.618190e-05  -4.199290e-01
   -3.672170e-03  -5.868970e-12  -4.057450e-01
   -3.673890e-03   6.618190e-05  -4.199290e-01
   -3.457150e-03  -6.454840e-05  -4.158000e-01
   -3.456260e-03  -5.590750e-12  -4.277650e-01
   -3.457150e-03   6.454840e-05  -4.158000e-01
   -3.240200e-03  -6.493640e-05  -4.093990e-01
   -3.240140e-03  -5.393060e-12  -3.950120e-01
   -3.240200e-03   6.493640e-05  -4.093990e-01
   -3.023040e-03  -6.663610e-05  -3.498430e-01
   -3.022870e-03  -6.062160e-12  -3.651730e-01
   -3.023040e-03   6.663600e-05  -3.498430e-01
   -2.805260e-03  -7.075710e-05  -3.027520e-01
   -2.802470e-03  -7.394040e-12  -2.943200e-01
   -2.805260e-03   7.075700e-05  -3.027520e-01
   -2.584970e-03  -7.717180e-05  -2.301660e-01
   -2.574330e-03  -8.629120e-12  -2.581780e-01
   -2.584970e-03   7.717180e-05  -2.301660e-01
   -2.122940e-03  -6.137760e-05  -2.047170e-01
   -2.112310e-03  -8.147670e-12  -2.328620e-01
   -2.122940e-03   6.137760e-05  -2.047170e-01
   -1.881180e-03  -6.772710e-05  -2.524110e-01
   -1.878500e-03  -8.541600e-12  -2.439610e-01
   -1.881180e-03   6.772710e-05  -2.524110e-01
   -1.636980e-03  -7.178560e-05  -2.751540e-01
   -1.637130e-03  -9.856160e-12  -2.908860e-01
   -1.636980e-03   7.178560e-05  -2.751540e-01
   -1.392250e-03  -7.382910e-05  -3.120360e-01
   -1.392770e-03  -1.136070e-11  -2.976120e-01
   -1.392250e-03   7.382910e-05  -3.120360e-01
   -1.147310e-03  -7.620420e-05  -2.968440e-01
   -1.146620e-03  -1.216000e-11  -3.094900e-01
   -1.147310e-03   7.620410e-05  -2.968440e-01
   -9.015210e-04  -8.071210e-05  -2.821890e-01
   -8.962300e-04  -1.170090e-11  -2.679390e-01
   -9.015210e-04   8.071200e-05  -2.821890e-01
   -6.528850e-04  -8.418180e-05  -2.167490e-01
   -6.367200e-04  -1.161930e-11  -2.330570e-01
   -6.528850e-04   8.418180e-05  -2.167490e-01
   -4.008600e-04  -6.935150e-05  -1.684650e-01
   -3.661240e-04  -1.259050e-11  -1.605920e-01
   -4.008600e-04   6.935150e-05  -1.684650e-01
   -1.346790e-04   5.840660e-05  -9.913380e-02
   -1.471560e-04  -1.367800e-11  -1.285770e-01
   -1.346790e-04  -5.840670e-05  -9.913380e-02
    1.346790e-04   5.840660e-05  -9.913380e-02
    1.471560e-04  -1.569500e-11  -1.285770e-01
    1.346790e-04  -5.840670e-05  -9.913380e-02
    4.008600e-04  -6.935150e-05  -1.684650e-01
    3.661240e-04  -1.503560e-11  -1.605920e-01
    4.008600e-04   6.935150e-05  -1.684650e-01
    6.528850e-04  -8.418180e-05  -2.167490e-01
    6.367200e-04  -1.427230e-11  -2.330570e-01
    6.528850e-04   8.418180e-05  -2.167490e-01
    9.015210e-04  -8.071210e-05  -2.821890e-01
    8.962300e-04  -1.513020e-11  -2.679390e-01
    9.015210e-04   8.071200e-05  -2.821890e-01
    1.147310e-03  -7.620420e-05  -2.968440e-01
    1.146620e-03  -1.650040e-11  -3.094900e-01
    1.147310e-03   7.620410e-05  -2.968440e-01
    1.392250e-03  -7.382910e-05  -3.120360e-01
    1.392770e-03  -1.682330e-11  -2.976120e-01
    1.392250e-03   7.382910e-05  -3.120360e-01
    1.636980e-03  -7.178560e-05  -2.751540e-01
    1.637130e-03  -1.602210e-11  -2.908860e-01
    1.636980e-03   7.178560e-05  -2.751540e-01
    1.881180e-03  -6.772710e-05  -2.524110e-01
    1.878500e-03  -1.485350e-11  -2.439610e-01
    1.881180e-03   6.772710e-05  -2.524110e-01
    2.122940e-03  -6.137770e-05  -2.047170e-01
    2.112310e-03  -1.471360e-11  -2.328620e-01
    2.122940e-03   6.137760e-05  -2.047170e-01
    2.584970e-03  -7.717180e-05  -2.301660e-01
    2.574330e-03  -1.595230e-11  -2.581780e-01
    2.584970e-03   7.717180e-05  -2.301660e-01
    2.805260e-03  -7.075710e-05  -3.027520e-01
    2.802470e-03  -1.548030e-11  -2.943200e-01
    2.805260e-03   7.075700e-05  -3.027520e-01
    3.023040e-03  -6.663610e-05  -3.498430e-01
    3.022870e-03  -1.436010e-11  -3.651730e-01
    3.023040e-03   6.663600e-05  -3.498430e-01
    3.240200e-03  -6.493640e-05  -4.093990e-01
    3.240140e-03  -1.353050e-11  -3.950120e-01
    3.240200e-03   6.493640e-05  -4.093990e-01
    3.457150e-03  -6.454840e-05  -4.158000e-01
    3.456260e-03  -1.361540e-11  -4.277650e-01
    3.457150e-03   6.454840e-05  -4.158000e-01
    3.673890e-03  -6.618190e-05  -4.199290e-01
    3.672170e-03  -1.390480e-11  -4.057450e-01
    3.673890e-03   6.618190e-05  -4.199290e-01
    3.890840e-03  -7.399250e-05  -3.716760e-01
    3.891300e-03  -1.382710e-11  -3.870020e-01
    3.890840e-03   7.399250e-05  -3.716760e-01
    4.110800e-03  -9.554790e-05  -3.366020e-01
    4.125890e-03  -1.323300e-11  -3.288220e-01
    4.110800e-03   9.554780e-05  -3.366020e-01
    4.344200e-03  -1.300480e-04  -2.783880e-01
    4.401820e-03  -1.217660e-11  -3.064890e-01
    4.344200e-03   1.300480e-04  -2.783880e-01
    4.927220e-03  -4.485790e-05  -2.879100e-01
    4.984830e-03  -1.154290e-11  -3.157790e-01
    4.927220e-03   4.485790e-05  -2.879100e-01
    5.276840e-03  -7.938700e-05  -3.550340e-01
    5.291930e-03  -1.123950e-11  -3.475910e-01
    5.276840e-03   7.938700e-05  -3.550340e-01
    5.639910e-03  -1.010240e-04  -3.994010e-01
    5.640410e-03  -1.067640e-11  -4.140250e-01
    5.639910e-03   1.010240e-04  -3.994010e-01
    6.006030e-03  -1.089870e-04  -4.550990e-01
    6.004540e-03  -1.006450e-11  -4.416020e-01
    6.006030e-03   1.089870e-04  -4.550990e-01
    6.372460e-03  -1.106720e-04  -4.592070e-01
    6.372200e-03  -9.515420e-12  -4.699730e-01
    6.372460e-03   1.106720e-04  -4.592070e-01
    6.738830e-03  -1.093510e-04  -4.579120e-01
    6.739800e-03  -9.402300e-12  -4.445840e-01
    6.738830e-03   1.093510e-04  -4.579120e-01
    7.104880e-03  -1.031720e-04  -4.047200e-01
    7.104470e-03  -8.903390e-12  -4.182950e-01
    7.104880e-03   1.031720e-04  -4.047200e-01
    7.468590e-03  -8.662090e-05  -3.594870e-01
    7.457090e-03  -7.991450e-12  -3.524940e-01
    7.468590e-03   8.662090e-05  -3.594870e-01
    7.822040e-03  -6.027730e-05  -2.905520e-01
    7.778130e-03  -7.720050e-12  -3.161180e-01
    7.822040e-03   6.027720e-05  -2.905520e-01
    8.440350e-03  -1.252340e-04  -2.632890e-01
    8.396350e-03  -7.164800e-12  -2.885450e-01
    8.440350e-03   1.252340e-04  -2.632890e-01
    8.705240e-03  -9.934800e-05  -3.052220e-01
    8.693710e-03  -6.258480e-12  -2.996240e-01
    8.705240e-03   9.934800e-05  -3.052220e-01
    8.960010e-03  -8.412930e-05  -3.280150e-01
    8.960370e-03  -5.376050e-12  -3.406460e-01
    8.960010e-03   8.412930e-05  -3.280150e-01
    9.213060e-03  -8.044120e-05  -3.595210e-01
    9.217730e-03  -5.310830e-12  -3.490290e-01
    9.213060e-03   8.044120e-05  -3.595210e-01
    9.467460e-03  -7.995480e-05  -3.483330e-01
    9.477480e-03  -5.365230e-12  -3.574890e-01
    9.467460e-03   7.995480e-05  -3.483330e-01
    9.724270e-03  -6.636790e-05  -3.328890e-01
    9.739670e-03  -4.483240e-12  -3.237990e-01
    9.724270e-03   6.636790e-05  -3.328890e-01
    9.979650e-03  -1.042120e-06  -2.798850e-01
    9.976020e-03  -3.490890e-12  -2.922560e-01
    9.979650e-03   1.042110e-06  -2.798850e-01
    1.020980e-02   1.806050e-04  -2.396380e-01
    1.008240e-02  -2.918200e-12  -2.385240e-01
    1.020980e-02  -1.806050e-04  -2.396380e-01
    1.032660e-02   4.717530e-04  -1.958800e-01
    9.840120e-03  -2.654130e-12  -2.212180e-01
    1.032660e-02  -4.717530e-04  -1.958800e-01
    9.578910e-03  -2.474990e-04  -2.581880e-01
    9.092500e-03  -2.290870e-12  -2.812590e-01
    9.578910e-03   2.474990e-04  -2.581880e-01
    8.714520e-03   4.367780e-05  -3.560690e-01
    8.587200e-03  -1.910470e-12  -3.562820e-01
    8.714520e-03  -4.367780e-05  -3.560690e-01
    7.736710e-03   2.254920e-04  -4.458310e-01
    7.733170e-03  -1.282440e-12  -4.513010e-01
    7.736710e-03  -2.254920e-04  -4.458310e-01
    6.733660e-03   2.914420e-04  -5.236570e-01
    6.748870e-03  -6.566340e-13  -5.172130e-01
    6.733660e-03  -2.914420e-04  -5.236570e-01
    5.728920e-03   3.065190e-04  -5.548520e-01
    5.737450e-03  -6.439500e-13  -5.520610e-01
    5.728920e-03  -3.065190e-04  -5.548520e-01
    4.725740e-03   3.087180e-04  -5.401090e-01
    4.725390e-03  -7.477800e-13  -5.332610e-01
    4.725740e-03  -3.087180e-04  -5.401090e-01
    3.722450e-03   3.091500e-04  -4.692320e-01
    3.711410e-03  -4.782130e-13  -4.634730e-01
    3.722450e-03  -3.091500e-04  -4.692320e-01
    2.715570e-03   2.927780e-04  -3.471890e-01
    2.695750e-03   3.555210e-14  -3.441090e-01
    2.715570e-03  -2.927780e-04  -3.471890e-01
    1.735850e-03   2.527220e-04  -1.868480e-01
    1.665990e-03   4.377670e-13  -1.828200e-01
    1.735850e-03  -2.527220e-04  -1.868480e-01
   -9.578910e-03   2.474990e-04  -2.581880e-01
   -9.092500e-03   1.145410e-13  -2.812590e-01
   -9.578910e-03  -2.474990e-04  -2.581880e-01
   -8.714520e-03  -4.367780e-05  -3.560690e-01
   -8.587200e-03   2.955870e-13  -3.562820e-01
   -8.714520e-03   4.367780e-05  -3.560690e-01
   -7.736710e-03  -2.254920e-04  -4.458310e-01
   -7.733170e-03   4.949210e-13  -4.513010e-01
   -7.736710e-03   2.254920e-04  -4.458310e-01
   -6.733660e-03  -2.914420e-04  -5.236570e-01
   -6.748870e-03   4.710320e-13  -5.172130e-01
   -6.733660e-03   2.914420e-04  -5.236570e-01
   -5.728920e-03  -3.065190e-04  -5.548520e-01
   -5.737450e-03   1.447160e-13  -5.520610e-01
   -5.728920e-03   3.065190e-04  -5.548520e-01
   -4.725740e-03  -3.087180e-04  -5.401090e-01
   -4.725390e-03  -2.675890e-13  -5.332610e-01
   -4.725740e-03   3.087180e-04  -5.401090e-01
   -3.722450e-03  -3.091500e-04  -4.692320e-01
   -3.711410e-03  -1.477920e-13  -4.634730e-01
   -3.722450e-03   3.091500e-04  -4.692320e-01
   -2.715570e-03  -2.927780e-04  -3.471890e-01
   -2.695750e-03   4.171140e-13  -3.441090e-01
   -2.715570e-03   2.927780e-04  -3.471890e-01
   -1.735850e-03  -2.527220e-04  -1.868480e-01
   -1.665990e-03   6.535970e-13  -1.828200e-01
   -1.735850e-03   2.527220e-04  -1.868480e-01
    0.000000e+00   0.000000e+00   0.000000e+00
    0.000000e+00   0.000000e+00   0.000000e+00
    0.000000e+00   0.000000e+00   0.000000e+00
    0.000000e+00   0.000000e+00   0.000000e+00
    6.151540e-11   2.077610e-01  -7.895540e-02
    3.835380e-03   2.125990e-01  -1.960620e-02
    7.064280e-03   2.226740e-01  -3.811770e-02
    4.187300e-11   2.333020e-01  -1.218710e-01
    0.000000e+00   0.000000e+00   0.000000e+00
    0.000000e+00   0.000000e+00   0.000000e+00
   -7.064280e-03   2.226740e-01  -3.811770e-02
   -3.835380e-03   2.125990e-01  -1.960620e-02
    0.000000e+00   0.000000e+00   0.000000e+00
    0.000000e+00   0.000000e+00   0.000000e+00
    0.000000e+00   0.000000e+00   0.000000e+00
    0.000000e+00   0.000000e+00   0.000000e+00
    0.000000e+00   0.000000e+00   0.000000e+00
    0.000000e+00   0.000000e+00   0.000000e+00
    7.078500e-11   2.171530e-01   1.183620e-02
    2.289470e-03   2.224390e-01  -3.818820e-02
   -4.400290e-03   2.168420e-01  -1.010900e-02
   -3.883790e-03   2.176860e-01  -5.123220e-02
   -2.608400e-03   2.177640e-01  -2.818040e-02
   -7.378990e-04   2.141630e-01  -7.290750e-02
   -1.613500e-03   6.195280e-04  -2.424990e-03
   -1.510990e-03   4.151630e-04  -2.899230e-03
   -2.157510e-03  -1.605450e-05  -5.678210e-03
   -2.101590e-03   2.101120e-04  -3.564480e-03
   -1.749530e-03   3.432780e-04  -9.012570e-03
   -2.297680e-03   4.057710e-04  -9.902200e-03
   -1.884710e-03   6.353000e-04  -1.002470e-02
   -1.530390e-03   2.289520e-03  -1.379840e-02
   -2.464220e-03   1.457830e-03  -1.592910e-02
   -8.968040e-06   6.303310e-03  -1.435670e-02
   -1.766670e-03   4.967350e-03  -1.957750e-02
   -2.011060e-03   7.521390e-03  -2.110350e-02
   -1.281880e-03   9.768430e-03  -2.319010e-02
   -1.864620e-03   1.245980e-02  -2.446920e-02
   -1.319630e-03   1.537480e-02  -2.643670e-02
   -1.644780e-03   1.883220e-02  -2.776620e-02
   -1.305950e-03   2.238810e-02  -2.949210e-02
   -1.475960e-03   2.654210e-02  -3.093180e-02
   -1.246520e-03   3.084230e-02  -3.242850e-02
   -1.336660e-03   3.566050e-02  -3.393490e-02
   -1.173860e-03   4.075400e-02  -3.525470e-02
   -1.204000e-03   4.625250e-02  -3.677810e-02
   -1.109980e-03   5.216110e-02  -3.796150e-02
   -1.060320e-03   5.837390e-02  -3.946510e-02
   -1.072150e-03   6.511340e-02  -4.054750e-02
   -8.894030e-04   7.208040e-02  -4.198580e-02
   -1.075410e-03   7.966740e-02  -4.302970e-02
   -6.792720e-04   8.742800e-02  -4.430660e-02
   -1.126710e-03   9.589040e-02  -4.545520e-02
   -4.290870e-04   1.044680e-01  -4.635270e-02
   -1.223250e-03   1.138610e-01  -4.792450e-02
   -1.337050e-04   1.232650e-01  -4.798770e-02
   -1.403150e-03   1.336180e-01  -5.058860e-02
    3.274130e-04   1.440130e-01  -4.908220e-02
   -1.938500e-03   1.549630e-01  -5.345710e-02
    1.430930e-03   1.672930e-01  -4.992550e-02
   -3.564290e-03   1.772220e-01  -5.565700e-02
    3.902070e-03   1.940580e-01  -5.223330e-02
   -6.842510e-03   1.998510e-01  -5.506810e-02
    4.309440e-11   1.937070e-01  -2.853600e-02
    4.574940e-11   1.993950e-01  -6.779910e-02
    3.836480e-11   1.739890e-01  -4.666040e-02
    3.926670e-11   1.700440e-01  -5.515850e-02
    4.000840e-11   1.538530e-01  -5.089600e-02
    3.856920e-11   1.452380e-01  -5.047270e-02
    2.942340e-11   1.335620e-01  -5.025150e-02
    3.271730e-11   1.238840e-01  -4.823080e-02
    3.058270e-11   1.141570e-01  -4.819280e-02
    3.200110e-11   1.049510e-01  -4.633850e-02
    2.725020e-11   9.625760e-02  -4.586980e-02
    3.491460e-11   8.791310e-02  -4.425690e-02
    1.684360e-11   8.005870e-02  -4.348740e-02
    2.805440e-11   7.256560e-02  -4.195530e-02
    1.709430e-11   6.555220e-02  -4.101460e-02
    2.619400e-11   5.883040e-02  -3.948220e-02
    1.472120e-11   5.267380e-02  -3.841570e-02
    2.127190e-11   4.665760e-02  -3.686240e-02
    1.625030e-11   4.136020e-02  -3.568210e-02
    1.724800e-11   3.599410e-02  -3.410080e-02
    9.991170e-12   3.156490e-02  -3.281210e-02
    1.078580e-11   2.677270e-02  -3.121100e-02
    9.628590e-12   2.326520e-02  -2.977490e-02
    1.103180e-11   1.890620e-02  -2.826170e-02
    5.622400e-12   1.646280e-02  -2.645800e-02
    8.978360e-12   1.229260e-02  -2.543950e-02
    5.492530e-12   1.116060e-02  -2.263310e-02
    9.152760e-12   6.811260e-03  -2.301740e-02
    1.734800e-12   7.583780e-03  -1.819080e-02
    4.610370e-12   3.889810e-03  -1.489480e-02
    3.246220e-13   1.527750e-03  -1.512490e-02
    5.536480e-13   1.566280e-03  -1.628040e-02
   -1.311030e-12   1.566050e-04  -1.102100e-02
   -4.510040e-13   1.007620e-03  -8.302440e-03
    1.329170e-13   1.027100e-04  -1.199010e-02
    2.927730e-12   2.888180e-04  -4.291380e-03
   -2.478390e-12   4.681610e-04  -3.803980e-03
    3.847780e-12   7.861460e-04  -1.536090e-03
   -2.360320e-03   2.074280e-01  -2.193900e-02
    7.737030e-04   1.898130e-01  -3.248150e-02
    7.615560e-04   1.786960e-01  -2.647770e-02
   -1.201790e-03   1.669380e-01  -2.979480e-02
    1.535870e-03   1.541340e-01  -2.848650e-02
   -1.336550e-03   1.445520e-01  -2.916550e-02
    1.141350e-03   1.325420e-01  -2.887610e-02
   -9.589890e-04   1.235780e-01  -2.895320e-02
    5.938500e-04   1.130180e-01  -2.878180e-02
   -6.393310e-04   1.044450e-01  -2.860500e-02
    1.823070e-04   9.521910e-02  -2.843290e-02
   -4.786600e-04   8.718250e-02  -2.806340e-02
   -9.168760e-05   7.906580e-02  -2.784310e-02
   -4.365520e-04   7.169190e-02  -2.734010e-02
   -2.803970e-04   6.453100e-02  -2.702190e-02
   -4.638540e-04   5.787460e-02  -2.643200e-02
   -4.251160e-04   5.158270e-02  -2.598930e-02
   -5.276860e-04   4.564980e-02  -2.533120e-02
   -5.517620e-04   4.018170e-02  -2.476310e-02
   -6.082030e-04   3.494910e-02  -2.403480e-02
   -6.750910e-04   3.028630e-02  -2.335330e-02
   -6.968520e-04   2.571550e-02  -2.254820e-02
   -7.957020e-04   2.184770e-02  -2.175610e-02
   -8.030320e-04   1.791220e-02  -2.089970e-02
   -8.899380e-04   1.479820e-02  -1.992630e-02
   -9.607760e-04   1.152950e-02  -1.917580e-02
   -9.277670e-04   9.064210e-03  -1.772920e-02
   -1.158640e-03   6.546390e-03  -1.753460e-02
   -1.286980e-03   4.628710e-03  -1.506370e-02
    3.653940e-04   3.314940e-03  -1.230680e-02
   -1.609350e-03   2.012140e-03  -1.303430e-02
   -1.395230e-03   1.672860e-04  -1.233780e-02
   -1.430800e-03   1.911380e-04  -8.817930e-03
   -1.746480e-03  -5.842120e-04  -9.363160e-03
   -1.729080e-03  -7.503420e-04  -8.135550e-03
   -1.852490e-03  -9.330680e-04  -4.166570e-03
   -1.905200e-03  -6.673760e-04  -5.109840e-03
   -1.687960e-03  -6.660820e-04  -3.454730e-03
   -1.484310e-03  -8.545850e-04  -2.358580e-03
    2.918570e-12  -8.250610e-04  -1.782020e-03
   -4.120570e-12  -1.023240e-03  -3.568120e-03
    3.561000e-12  -4.754330e-04  -4.873190e-03
    7.173240e-13  -7.354450e-04  -1.027620e-02
    2.208540e-12  -7.715400e-04  -8.260160e-03
    7.055210e-12  -1.298600e-04  -1.015830e-02
    2.657190e-12   6.235630e-04  -1.418340e-02
    4.233620e-12   1.897210e-04  -1.325770e-02
    5.680270e-12   2.864830e-03  -1.313490e-02
    6.265520e-12   2.382500e-03  -1.983560e-02
    1.137090e-11   5.133810e-03  -1.539700e-02
    1.177320e-11   7.244740e-03  -1.786640e-02
    8.418320e-12   9.391540e-03  -1.814500e-02
    1.565380e-11   1.221390e-02  -1.938500e-02
    1.649230e-11   1.522500e-02  -2.033590e-02
    1.037920e-11   1.848980e-02  -2.108440e-02
    2.195560e-11   2.235270e-02  -2.210380e-02
    1.600560e-11   2.621440e-02  -2.275820e-02
    2.490730e-11   3.082630e-02  -2.361970e-02
    2.350630e-11   3.539870e-02  -2.427620e-02
    2.723920e-11   4.073200e-02  -2.494930e-02
    2.548220e-11   4.606150e-02  -2.560060e-02
    3.663520e-11   5.213890e-02  -2.609970e-02
    2.662740e-11   5.824470e-02  -2.672360e-02
    3.982340e-11   6.510090e-02  -2.707160e-02
    3.587350e-11   7.200940e-02  -2.762140e-02
    4.379980e-11   7.966320e-02  -2.789940e-02
    4.304890e-11   8.742710e-02  -2.821900e-02
    4.929520e-11   9.587910e-02  -2.867950e-02
    4.047100e-11   1.045500e-01  -2.837530e-02
    5.649920e-11   1.138680e-01  -2.955090e-02
    5.098310e-11   1.233130e-01  -2.797490e-02
    5.649560e-11   1.339610e-01  -3.047270e-02
    5.782220e-11   1.433440e-01  -2.735730e-02
    6.523240e-11   1.569210e-01  -3.049230e-02
    5.998070e-11   1.637980e-01  -2.841460e-02
    6.736340e-11   1.838850e-01  -2.634270e-02
    6.301070e-11   1.839360e-01  -3.636670e-02
    6.885870e-11   2.144600e-01  -9.452510e-03
    0.000000e+00   0.000000e+00   0.000000e+00
    0.000000e+00   0.000000e+00   0.000000e+00
    0.000000e+00   0.000000e+00   0.000000e+00
    0.000000e+00   0.000000e+00   0.000000e+00
    0.000000e+00   0.000000e+00   0.000000e+00
    7.378990e-04   2.141630e-01  -7.290750e-02
    2.608400e-03   2.177640e-01  -2.818040e-02
    3.883790e-03   2.176860e-01  -5.123220e-02
    4.400290e-03   2.168420e-01  -1.010900e-02
   -2.289470e-03   2.224390e-01  -3.818820e-02
    1.484310e-03  -8.545850e-04  -2.358580e-03
    1.687960e-03  -6.660820e-04  -3.454730e-03
    1.905200e-03  -6.673760e-04  -5.109840e-03
    1.852490e-03  -9.330680e-04  -4.166570e-03
    1.729080e-03  -7.503420e-04  -8.135550e-03
    1.746480e-03  -5.842120e-04  -9.363160e-03
    1.430800e-03   1.911380e-04  -8.817930e-03
    1.395230e-03   1.672860e-04  -1.233780e-02
    1.609350e-03   2.012140e-03  -1.303430e-02
   -3.653940e-04   3.314940e-03  -1.230680e-02
    1.286980e-03   4.628710e-03  -1.506370e-02
    1.158640e-03   6.546390e-03  -1.753460e-02
    9.277670e-04   9.064210e-03  -1.772920e-02
    9.607760e-04   1.152950e-02  -1.917580e-02
    8.899380e-04   1.479820e-02  -1.992630e-02
    8.030320e-04   1.791220e-02  -2.089970e-02
    7.957020e-04   2.184770e-02  -2.175610e-02
    6.968520e-04   2.571550e-02  -2.254820e-02
    6.750910e-04   3.028630e-02  -2.335330e-02
    6.082030e-04   3.494910e-02  -2.403480e-02
    5.517620e-04   4.018170e-02  -2.476310e-02
    5.276860e-04   4.564980e-02  -2.533120e-02
    4.251160e-04   5.158270e-02  -2.598930e-02
    4.638540e-04   5.787460e-02  -2.643200e-02
    2.803970e-04   6.453100e-02  -2.702190e-02
    4.365520e-04   7.169190e-02  -2.734010e-02
    9.168770e-05   7.906580e-02  -2.784310e-02
    4.786600e-04   8.718250e-02  -2.806340e-02
   -1.823070e-04   9.521910e-02  -2.843290e-02
    6.393310e-04   1.044450e-01  -2.860500e-02
   -5.938500e-04   1.130180e-01  -2.878180e-02
    9.589890e-04   1.235780e-01  -2.895320e-02
   -1.141350e-03   1.325420e-01  -2.887610e-02
    1.336550e-03   1.445520e-01  -2.916550e-02
   -1.535870e-03   1.541340e-01  -2.848650e-02
    1.201790e-03   1.669380e-01  -2.979480e-02
   -7.615560e-04   1.786960e-01  -2.647770e-02
   -7.737030e-04   1.898130e-01  -3.248150e-02
    2.360320e-03   2.074280e-01  -2.193900e-02
    6.842510e-03   1.998510e-01  -5.506810e-02
   -3.902070e-03   1.940580e-01  -5.223330e-02
    3.564290e-03   1.772220e-01  -5.565700e-02
   -1.430930e-03   1.672930e-01  -4.992550e-02
    1.938500e-03   1.549630e-01  -5.345710e-02
   -3.274120e-04   1.440130e-01  -4.908220e-02
    1.403150e-03   1.336180e-01  -5.058860e-02
    1.337050e-04   1.232650e-01  -4.798770e-02
    1.223250e-03   1.138610e-01  -4.792450e-02
    4.290870e-04   1.044680e-01  -4.635270e-02
    1.126710e-03   9.589040e-02  -4.545520e-02
    6.792720e-04   8.742800e-02  -4.430660e-02
    1.075410e-03   7.966740e-02  -4.302970e-02
    8.894030e-04   7.208040e-02  -4.198580e-02
    1.072150e-03   6.511340e-02  -4.054750e-02
    1.060320e-03   5.837390e-02  -3.946510e-02
    1.109980e-03   5.216110e-02  -3.796150e-02
    1.204000e-03   4.625250e-02  -3.677810e-02
    1.173860e-03   4.075400e-02  -3.525470e-02
    1.336660e-03   3.566050e-02  -3.393490e-02
    1.246520e-03   3.084230e-02  -3.242850e-02
    1.475960e-03   2.654210e-02  -3.093180e-02
    1.305950e-03   2.238810e-02  -2.949210e-02
    1.644780e-03   1.883220e-02  -2.776620e-02
    1.319630e-03   1.537480e-02  -2.643670e-02
    1.864620e-03   1.245980e-02  -2.446920e-02
    1.281880e-03   9.768430e-03  -2.319010e-02
    2.011060e-03   7.521390e-03  -2.110350e-02
    1.766670e-03   4.967350e-03  -1.957750e-02
    8.968040e-06   6.303310e-03  -1.435670e-02
    2.464220e-03   1.457830e-03  -1.592910e-02
    1.530390e-03   2.289520e-03  -1.379840e-02
    1.884710e-03   6.353000e-04  -1.002470e-02
    2.297680e-03   4.057710e-04  -9.902200e-03
    1.749530e-03   3.432780e-04  -9.012570e-03
    2.101590e-03   2.101120e-04  -3.564480e-03
    2.157510e-03  -1.605450e-05  -5.678210e-03
    1.510990e-03   4.151630e-04  -2.899230e-03
    1.613500e-03   6.195280e-04  -2.424990e-03
    0.000000e+00   0.000000e+00   0.000000e+00
    0.000000e+00   0.000000e+00   0.000000e+00
    4.877170e-03   2.195330e-01  -6.100530e-02
   -1.623050e-03   2.170950e-01  -2.966930e-02
   -2.774040e-04   8.434060e-04  -2.168440e-03
   -5.853970e-04   9.951810e-04  -1.681000e-03
   -5.404830e-04   4.501650e-04  -2.414310e-03
   -1.271380e-03   1.161520e-04  -3.126340e-03
   -6.839020e-04   1.918360e-04  -6.296580e-03
   -1.330570e-03   3.775250e-04  -5.431380e-03
   -6.680520e-04   5.696120e-04  -3.048170e-03
   -1.429590e-03   3.183730e-04  -9.768000e-03
   -7.214600e-04   1.634660e-04  -9.659070e-03
   -1.458870e-03   1.800630e-04  -8.883420e-03
   -6.910290e-04   1.040780e-03  -1.067650e-02
   -1.272970e-03   7.110240e-04  -1.070970e-02
   -5.489510e-04   8.416260e-04  -9.823300e-03
   -1.438140e-03   1.219710e-03  -1.509590e-02
   -7.211450e-04   2.429050e-03  -1.446400e-02
   -1.224900e-03   1.236010e-03  -1.444160e-02
   -5.673190e-04   1.866790e-03  -1.688510e-02
   -1.092570e-03   3.722720e-03  -1.603640e-02
   -5.236660e-05   6.984450e-03  -1.377090e-02
   -2.186930e-03   1.609470e-03  -2.167000e-02
   -5.588160e-04   4.921010e-03  -2.064610e-02
   -1.112950e-03   6.344490e-03  -1.950640e-02
   -5.683720e-04   8.356490e-03  -2.124480e-02
   -9.180530e-04   7.550580e-03  -2.180230e-02
   -4.920390e-04   9.933680e-03  -2.364320e-02
   -1.274780e-03   1.016730e-02  -2.297480e-02
   -5.782460e-04   1.313030e-02  -2.480780e-02
   -8.685940e-04   1.262980e-02  -2.505930e-02
   -4.477130e-04   1.571450e-02  -2.670870e-02
   -1.176400e-03   1.582110e-02  -2.634480e-02
   -5.489810e-04   1.938200e-02  -2.811620e-02
   -8.561600e-04   1.896490e-02  -2.815970e-02
   -4.297780e-04   2.279260e-02  -2.974520e-02
   -1.058730e-03   2.282260e-02  -2.957210e-02
   -4.898930e-04   2.704050e-02  -3.123680e-02
   -8.340510e-04   2.670740e-02  -3.114320e-02
   -4.265430e-04   3.125500e-02  -3.267910e-02
   -9.468270e-04   3.120990e-02  -3.263710e-02
   -4.201610e-04   3.613550e-02  -3.420760e-02
   -8.033190e-04   3.588390e-02  -3.401700e-02
   -4.306540e-04   4.115770e-02  -3.548350e-02
   -8.410800e-04   4.104540e-02  -3.554330e-02
   -3.436000e-04   4.670950e-02  -3.703910e-02
   -7.740060e-04   4.653180e-02  -3.677070e-02
   -4.468550e-04   5.255540e-02  -3.815250e-02
   -7.313080e-04   5.238190e-02  -3.829840e-02
   -2.510180e-04   5.880740e-02  -3.972690e-02
   -7.602330e-04   5.870260e-02  -3.939830e-02
   -4.895190e-04   6.550900e-02  -4.069540e-02
   -6.023780e-04   6.526870e-02  -4.089820e-02
   -1.237200e-04   7.247260e-02  -4.224760e-02
   -7.788100e-04   7.245580e-02  -4.190990e-02
   -5.820830e-04   8.008880e-02  -4.314680e-02
   -4.364030e-04   7.975540e-02  -4.331810e-02
    6.650920e-05   8.774890e-02  -4.454620e-02
   -8.488000e-04   8.785890e-02  -4.434030e-02
   -7.569300e-04   9.636880e-02  -4.557480e-02
   -2.132570e-04   9.589120e-02  -4.550280e-02
    3.533840e-04   1.046920e-01  -4.653790e-02
   -9.913080e-04   1.049880e-01  -4.675970e-02
   -1.041850e-03   1.144080e-01  -4.806250e-02
    8.872920e-05   1.137330e-01  -4.735900e-02
    7.445890e-04   1.234000e-01  -4.815050e-02
   -1.226250e-03   1.239030e-01  -4.927060e-02
   -1.398100e-03   1.342150e-01  -5.063690e-02
    4.845980e-04   1.333970e-01  -4.878380e-02
    1.118700e-03   1.440470e-01  -4.941760e-02
   -1.552630e-03   1.445610e-01  -5.193060e-02
   -1.576500e-03   1.557300e-01  -5.317180e-02
    9.428770e-04   1.551950e-01  -4.982400e-02
    1.057310e-03   1.668550e-01  -5.052720e-02
   -1.904360e-03   1.666370e-01  -5.446630e-02
   -1.041900e-03   1.789350e-01  -5.550040e-02
    1.306450e-03   1.797950e-01  -5.112790e-02
   -7.325540e-05   1.918400e-01  -5.130670e-02
   -2.178460e-03   1.895070e-01  -5.566360e-02
    4.806550e-04   2.044370e-01  -6.065490e-02
    1.126610e-03   2.078060e-01  -5.296480e-02
   -2.562390e-04  -1.067730e-03  -2.123090e-03
   -6.339900e-04  -1.112250e-03  -1.981440e-03
   -5.693620e-04  -6.794720e-04  -2.920890e-03
   -1.161220e-03  -5.201120e-04  -2.870490e-03
   -5.798530e-04  -7.737120e-04  -5.600100e-03
   -1.338590e-03  -8.205850e-04  -6.175700e-03
   -6.095990e-04  -9.197660e-04  -3.835620e-03
   -1.346940e-03  -7.774380e-04  -8.869160e-03
   -7.538910e-04  -3.412930e-04  -8.664850e-03
   -1.184220e-03  -5.244280e-04  -9.016680e-03
   -5.065470e-04  -4.908590e-04  -9.925940e-03
   -1.153200e-03  -3.873780e-04  -9.843350e-03
   -4.267130e-04   3.436870e-04  -8.873100e-03
   -1.235280e-03   4.494500e-06  -1.385380e-02
   -7.370670e-04   8.958740e-04  -1.284710e-02
   -8.109530e-04   1.155290e-03  -1.253600e-02
   -3.318650e-04   1.853710e-03  -1.382690e-02
   -9.774520e-04   1.644310e-03  -1.436450e-02
    6.646380e-05   3.862280e-03  -1.197030e-02
   -1.840580e-03   2.772200e-03  -1.769400e-02
   -5.259120e-04   5.002980e-03  -1.587910e-02
   -6.945500e-04   4.885650e-03  -1.680750e-02
   -3.085730e-04   6.994990e-03  -1.759000e-02
   -6.612100e-04   6.979950e-03  -1.673670e-02
   -3.549810e-04   9.516170e-03  -1.811050e-02
   -7.141940e-04   9.159630e-03  -1.847040e-02
   -3.009150e-04   1.205210e-02  -1.946570e-02
   -5.872690e-04   1.205430e-02  -1.906220e-02
   -2.941230e-04   1.519500e-02  -2.014440e-02
   -6.098050e-04   1.485600e-02  -2.020150e-02
   -2.759690e-04   1.845630e-02  -2.119460e-02
   -5.336290e-04   1.842560e-02  -2.101740e-02
   -2.566460e-04   2.223870e-02  -2.196440e-02
   -5.237790e-04   2.194480e-02  -2.189120e-02
   -2.324040e-04   2.623050e-02  -2.279350e-02
   -4.686120e-04   2.615720e-02  -2.271160e-02
   -2.333980e-04   3.068930e-02  -2.356310e-02
   -4.473990e-04   3.044610e-02  -2.344410e-02
   -1.808430e-04   3.542820e-02  -2.424280e-02
   -3.996160e-04   3.531580e-02  -2.420450e-02
   -2.166270e-04   4.058930e-02  -2.495590e-02
   -3.786250e-04   4.039190e-02  -2.481890e-02
   -1.271010e-04   4.610120e-02  -2.551830e-02
   -3.276780e-04   4.595550e-02  -2.551190e-02
   -2.046180e-04   5.198500e-02  -2.615410e-02
   -3.191720e-04   5.183190e-02  -2.600160e-02
   -6.969400e-05   5.830580e-02  -2.660430e-02
   -2.494600e-04   5.812240e-02  -2.663170e-02
   -2.018150e-04   6.492170e-02  -2.716040e-02
   -2.737360e-04   6.482680e-02  -2.698830e-02
   -7.662250e-07   7.210710e-02  -2.748880e-02
   -1.586220e-04   7.186060e-02  -2.755410e-02
   -2.197730e-04   7.944310e-02  -2.797580e-02
   -2.494630e-04   7.944600e-02  -2.778000e-02
    9.584620e-05   8.757840e-02  -2.815860e-02
   -4.754530e-05   8.721290e-02  -2.826440e-02
   -2.792290e-04   9.559670e-02  -2.859900e-02
   -2.531030e-04   9.576930e-02  -2.838030e-02
    2.437880e-04   1.047900e-01  -2.861080e-02
    8.821090e-05   1.042220e-01  -2.874390e-02
   -4.008770e-04   1.134550e-01  -2.899680e-02
   -2.847670e-04   1.138790e-01  -2.879850e-02
    4.482130e-04   1.237790e-01  -2.890710e-02
    2.435280e-04   1.229550e-01  -2.895520e-02
   -5.491200e-04   1.331520e-01  -2.902140e-02
   -3.334670e-04   1.338100e-01  -2.909090e-02
    5.939960e-04   1.445180e-01  -2.927300e-02
    4.079750e-04   1.435950e-01  -2.874970e-02
   -4.731850e-04   1.549050e-01  -2.831960e-02
   -4.017910e-04   1.554060e-01  -2.953900e-02
    2.218120e-04   1.669280e-01  -3.012050e-02
    6.027040e-04   1.666310e-01  -2.756750e-02
    4.818490e-04   1.789460e-01  -2.649290e-02
   -6.206610e-04   1.781480e-01  -3.106020e-02
   -1.567540e-03   1.910030e-01  -3.157250e-02
    9.082870e-04   1.929430e-01  -2.402760e-02
    3.230570e-03   2.053200e-01  -2.574170e-02
   -8.692720e-04   2.014280e-01  -3.384310e-02
   -1.462900e-12  -8.691520e-05  -1.291240e-03
    3.426910e-12  -1.268660e-04  -3.628530e-03
    1.324140e-12  -3.463890e-04  -5.477830e-03
   -8.045420e-13  -1.761010e-04  -3.614390e-03
    3.597400e-12  -5.548100e-05  -9.069530e-03
   -5.971050e-13   2.480900e-04  -1.072620e-02
    3.590750e-12   5.312960e-04  -9.107260e-03
    3.488640e-12   1.757350e-03  -1.352310e-02
    1.975430e-12   1.687400e-03  -1.636450e-02
    8.334150e-12   5.359970e-03  -1.172330e-02
    5.047210e-12   4.926930e-03  -1.926480e-02
    8.368650e-12   7.742640e-03  -1.891810e-02
    1.012070e-11   9.662180e-03  -2.118560e-02
    9.842520e-12   1.266660e-02  -2.211180e-02
    1.150070e-11   1.539900e-02  -2.343750e-02
    1.346070e-11   1.898230e-02  -2.476780e-02
    1.327020e-11   2.246800e-02  -2.582100e-02
    1.466990e-11   2.668790e-02  -2.710620e-02
    1.867610e-11   3.092710e-02  -2.813210e-02
    1.697240e-11   3.582740e-02  -2.925550e-02
    2.361400e-11   4.082660e-02  -3.028670e-02
    2.448280e-11   4.644700e-02  -3.125190e-02
    2.550680e-11   5.221890e-02  -3.226580e-02
    2.788110e-11   5.859520e-02  -3.309780e-02
    2.651480e-11   6.516000e-02  -3.405950e-02
    3.142150e-11   7.232330e-02  -3.480710e-02
    3.536140e-11   7.970980e-02  -3.562760e-02
    3.394180e-11   8.768630e-02  -3.643900e-02
    3.718820e-11   9.593320e-02  -3.687160e-02
    4.464980e-11   1.047430e-01  -3.811280e-02
    3.827160e-11   1.139000e-01  -3.765140e-02
    4.198890e-11   1.235580e-01  -3.992230e-02
    4.869720e-11   1.336820e-01  -3.799730e-02
    4.819880e-11   1.442070e-01  -4.151460e-02
    4.793810e-11   1.553470e-01  -3.883460e-02
    5.672450e-11   1.667870e-01  -4.096900e-02
    4.640200e-11   1.789680e-01  -4.355920e-02
    6.011200e-11   1.913200e-01  -3.296880e-02
    5.093630e-11   2.048080e-01  -6.135610e-02
   -1.419410e-03  -6.088410e-05  -1.893140e-03
   -1.676210e-03  -1.691240e-04  -3.680430e-03
   -2.038770e-03  -3.617250e-04  -5.387470e-03
   -1.942850e-03  -2.468450e-04  -9.268460e-03
   -2.027910e-03  -4.231090e-04  -8.581250e-03
   -1.766490e-03   1.033130e-04  -1.023750e-02
   -1.861400e-03   1.683020e-04  -1.396530e-02
   -1.793400e-03   1.246640e-03  -1.319780e-02
   -1.249620e-03   2.062700e-03  -1.531240e-02
   -3.187160e-03   2.260820e-03  -1.881930e-02
   -1.279370e-03   4.989470e-03  -1.845560e-02
   -1.282840e-03   7.205640e-03  -1.869480e-02
   -1.404030e-03   9.081830e-03  -2.074630e-02
   -1.209320e-03   1.220100e-02  -2.175440e-02
   -1.227060e-03   1.482230e-02  -2.316620e-02
   -1.153320e-03   1.849380e-02  -2.438980e-02
   -1.094950e-03   2.192520e-02  -2.558170e-02
   -1.052970e-03   2.618960e-02  -2.678050e-02
   -9.935440e-04   3.041600e-02  -2.787610e-02
   -9.364130e-04   3.532880e-02  -2.900180e-02
   -9.056520e-04   4.034430e-02  -3.000910e-02
   -8.150220e-04   4.595200e-02  -3.106560e-02
   -8.299540e-04   5.176520e-02  -3.197530e-02
   -6.850930e-04   5.810350e-02  -3.296430e-02
   -7.749460e-04   6.473750e-02  -3.377800e-02
   -5.343540e-04   7.183070e-02  -3.468590e-02
   -7.570760e-04   7.932510e-02  -3.542260e-02
   -3.411030e-04   8.718400e-02  -3.621850e-02
   -8.042550e-04   9.559750e-02  -3.690850e-02
   -7.150830e-05   1.042170e-01  -3.756370e-02
   -9.516580e-04   1.136300e-01  -3.820930e-02
    2.988070e-04   1.229890e-01  -3.875500e-02
   -1.184660e-03   1.335000e-01  -3.927840e-02
    6.690860e-04   1.435720e-01  -3.978740e-02
   -1.245380e-03   1.552770e-01  -4.026210e-02
    5.102390e-04   1.660740e-01  -4.017620e-02
   -3.019680e-04   1.789890e-01  -4.223810e-02
   -1.460310e-03   1.906650e-01  -3.801220e-02
    3.106790e-03   2.047070e-01  -4.601420e-02
    0.000000e+00   0.000000e+00   0.000000e+00
    0.000000e+00   0.000000e+00   0.000000e+00
   -4.877170e-03   2.195330e-01  -6.100530e-02
    1.623050e-03   2.170950e-01  -2.966930e-02
    2.562390e-04  -1.067730e-03  -2.123090e-03
    6.339900e-04  -1.112250e-03  -1.981440e-03
    5.693620e-04  -6.794720e-04  -2.920890e-03
    1.161220e-03  -5.201120e-04  -2.870490e-03
    5.798530e-04  -7.737120e-04  -5.600100e-03
    1.338590e-03  -8.205850e-04  -6.175700e-03
    6.095990e-04  -9.197660e-04  -3.835620e-03
    1.346940e-03  -7.774380e-04  -8.869160e-03
    7.538910e-04  -3.412930e-04  -8.664850e-03
    1.184220e-03  -5.244280e-04  -9.016680e-03
    5.065470e-04  -4.908590e-04  -9.925940e-03
    1.153200e-03  -3.873780e-04  -9.843350e-03
    4.267130e-04   3.436870e-04  -8.873100e-03
    1.235280e-03   4.494510e-06  -1.385380e-02
    7.370670e-04   8.958740e-04  -1.284710e-02
    8.109530e-04   1.155290e-03  -1.253600e-02
    3.318650e-04   1.853710e-03  -1.382690e-02
    9.774520e-04   1.644310e-03  -1.436450e-02
   -6.646380e-05   3.862280e-03  -1.197030e-02
    1.840580e-03   2.772200e-03  -1.769400e-02
    5.259120e-04   5.002980e-03  -1.587910e-02
    6.945500e-04   4.885650e-03  -1.680750e-02
    3.085730e-04   6.994990e-03  -1.759000e-02
    6.612100e-04   6.979950e-03  -1.673670e-02
    3.549810e-04   9.516170e-03  -1.811050e-02
    7.141950e-04   9.159630e-03  -1.847040e-02
    3.009150e-04   1.205210e-02  -1.946570e-02
    5.872690e-04   1.205430e-02  -1.906220e-02
    2.941230e-04   1.519500e-02  -2.014440e-02
    6.098050e-04   1.485600e-02  -2.020150e-02
    2.759690e-04   1.845630e-02  -2.119460e-02
    5.336290e-04   1.842560e-02  -2.101740e-02
    2.566460e-04   2.223870e-02  -2.196440e-02
    5.237790e-04   2.194480e-02  -2.189120e-02
    2.324040e-04   2.623050e-02  -2.279350e-02
    4.686120e-04   2.615720e-02  -2.271160e-02
    2.333980e-04   3.068930e-02  -2.356310e-02
    4.473990e-04   3.044610e-02  -2.344410e-02
    1.808430e-04   3.542820e-02  -2.424280e-02
    3.996160e-04   3.531580e-02  -2.420450e-02
    2.166270e-04   4.058930e-02  -2.495590e-02
    3.786250e-04   4.039190e-02  -2.481890e-02
    1.271010e-04   4.610120e-02  -2.551830e-02
    3.276780e-04   4.595550e-02  -2.551190e-02
    2.046180e-04   5.198500e-02  -2.615410e-02
    3.191720e-04   5.183190e-02  -2.600160e-02
    6.969400e-05   5.830580e-02  -2.660430e-02
    2.494600e-04   5.812240e-02  -2.663170e-02
    2.018150e-04   6.492170e-02  -2.716040e-02
    2.737360e-04   6.482680e-02  -2.698830e-02
    7.663010e-07   7.210710e-02  -2.748880e-02
    1.586220e-04   7.186060e-02  -2.755410e-02
    2.197730e-04   7.944310e-02  -2.797580e-02
    2.494630e-04   7.944600e-02  -2.778000e-02
   -9.584610e-05   8.757840e-02  -2.815860e-02
    4.754540e-05   8.721290e-02  -2.826440e-02
    2.792290e-04   9.559670e-02  -2.859900e-02
    2.531030e-04   9.576930e-02  -2.838030e-02
   -2.437880e-04   1.047900e-01  -2.861080e-02
   -8.821080e-05   1.042220e-01  -2.874390e-02
    4.008770e-04   1.134550e-01  -2.899680e-02
    2.847670e-04   1.138790e-01  -2.879850e-02
   -4.482130e-04   1.237790e-01  -2.890710e-02
   -2.435280e-04   1.229550e-01  -2.895520e-02
    5.491200e-04   1.331520e-01  -2.902140e-02
    3.334670e-04   1.338100e-01  -2.909090e-02
   -5.939960e-04   1.445180e-01  -2.927300e-02
   -4.079750e-04   1.435950e-01  -2.874970e-02
    4.731850e-04   1.549050e-01  -2.831960e-02
    4.017910e-04   1.554060e-01  -2.953900e-02
   -2.218110e-04   1.669280e-01  -3.012050e-02
   -6.027040e-04   1.666310e-01  -2.756750e-02
   -4.818490e-04   1.789460e-01  -2.649290e-02
    6.206610e-04   1.781480e-01  -3.106020e-02
    1.567540e-03   1.910030e-01  -3.157250e-02
   -9.082870e-04   1.929430e-01  -2.402760e-02
   -3.230570e-03   2.053200e-01  -2.574170e-02
    8.692720e-04   2.014280e-01  -3.384310e-02
    2.774040e-04   8.434060e-04  -2.168440e-03
    5.853970e-04   9.951810e-04  -1.681000e-03
    5.404830e-04   4.501650e-04  -2.414310e-03
    1.271380e-03   1.161520e-04  -3.126340e-03
    6.839020e-04   1.918360e-04  -6.296580e-03
    1.330570e-03   3.775250e-04  -5.431380e-03
    6.680520e-04   5.696120e-04  -3.048170e-03
    1.429590e-03   3.183730e-04  -9.768000e-03
    7.214600e-04   1.634660e-04  -9.659070e-03
    1.458870e-03   1.800630e-04  -8.883420e-03
    6.910290e-04   1.040780e-03  -1.067650e-02
    1.272970e-03   7.110240e-04  -1.070970e-02
    5.489510e-04   8.416260e-04  -9.823300e-03
    1.438140e-03   1.219710e-03  -1.509590e-02
    7.211450e-04   2.429050e-03  -1.446400e-02
    1.224900e-03   1.236010e-03  -1.444160e-02
    5.673190e-04   1.866790e-03  -1.688510e-02
    1.092570e-03   3.722720e-03  -1.603640e-02
    5.236660e-05   6.984450e-03  -1.377090e-02
    2.186930e-03   1.609470e-03  -2.167000e-02
    5.588160e-04   4.921010e-03  -2.064610e-02
    1.112950e-03   6.344490e-03  -1.950640e-02
    5.683720e-04   8.356490e-03  -2.124480e-02
    9.180530e-04   7.550580e-03  -2.180230e-02
    4.920390e-04   9.933680e-03  -2.364320e-02
    1.274780e-03   1.016730e-02  -2.297480e-02
    5.782460e-04   1.313030e-02  -2.480780e-02
    8.685940e-04   1.262980e-02  -2.505930e-02
    4.477130e-04   1.571450e-02  -2.670870e-02
    1.176400e-03   1.582110e-02  -2.634480e-02
    5.489810e-04   1.938200e-02  -2.811620e-02
    8.561600e-04   1.896490e-02  -2.815970e-02
    4.297780e-04   2.279260e-02  -2.974520e-02
    1.058730e-03   2.282260e-02  -2.957210e-02
    4.898930e-04   2.704050e-02  -3.123680e-02
    8.340510e-04   2.670740e-02  -3.114320e-02
    4.265430e-04   3.125500e-02  -3.267910e-02
    9.468270e-04   3.120990e-02  -3.263710e-02
    4.201610e-04   3.613550e-02  -3.420760e-02
    8.033190e-04   3.588390e-02  -3.401700e-02
    4.306540e-04   4.115770e-02  -3.548350e-02
    8.410800e-04   4.104540e-02  -3.554330e-02
    3.436000e-04   4.670950e-02  -3.703910e-02
    7.740060e-04   4.653180e-02  -3.677070e-02
    4.468550e-04   5.255540e-02  -3.815250e-02
    7.313080e-04   5.238190e-02  -3.829840e-02
    2.510180e-04   5.880740e-02  -3.972690e-02
    7.602330e-04   5.870260e-02  -3.939830e-02
    4.895190e-04   6.550900e-02  -4.069540e-02
    6.023780e-04   6.526870e-02  -4.089820e-02
    1.237200e-04   7.247260e-02  -4.224760e-02
    7.788100e-04   7.245580e-02  -4.190990e-02
    5.820830e-04   8.008880e-02  -4.314680e-02
    4.364030e-04   7.975540e-02  -4.331810e-02
   -6.650910e-05   8.774890e-02  -4.454620e-02
    8.488000e-04   8.785890e-02  -4.434030e-02
    7.569300e-04   9.636880e-02  -4.557480e-02
    2.132570e-04   9.589120e-02  -4.550280e-02
   -3.533830e-04   1.046920e-01  -4.653790e-02
    9.913080e-04   1.049880e-01  -4.675970e-02
    1.041850e-03   1.144080e-01  -4.806250e-02
   -8.872910e-05   1.137330e-01  -4.735900e-02
   -7.445890e-04   1.234000e-01  -4.815050e-02
    1.226250e-03   1.239030e-01  -4.927060e-02
    1.398100e-03   1.342150e-01  -5.063690e-02
   -4.845980e-04   1.333970e-01  -4.878380e-02
   -1.118700e-03   1.440470e-01  -4.941760e-02
    1.552630e-03   1.445610e-01  -5.193060e-02
    1.576500e-03   1.557300e-01  -5.317180e-02
   -9.428770e-04   1.551950e-01  -4.982400e-02
   -1.057310e-03   1.668550e-01  -5.052720e-02
    1.904360e-03   1.666370e-01  -5.446630e-02
    1.041900e-03   1.789350e-01  -5.550040e-02
   -1.306450e-03   1.797950e-01  -5.112790e-02
    7.325550e-05   1.918400e-01  -5.130670e-02
    2.178460e-03   1.895070e-01  -5.566360e-02
   -4.806550e-04   2.044370e-01  -6.065490e-02
   -1.126610e-03   2.078060e-01  -5.296480e-02
    1.419410e-03  -6.088410e-05  -1.893140e-03
    1.676210e-03  -1.691240e-04  -3.680430e-03
    2.038770e-03  -3.617250e-04  -5.387470e-03
    1.942850e-03  -2.468450e-04  -9.268460e-03
    2.027910e-03  -4.231090e-04  -8.581250e-03
    1.766490e-03   1.033130e-04  -1.023750e-02
    1.861400e-03   1.683020e-04  -1.396530e-02
    1.793400e-03   1.246640e-03  -1.319780e-02
    1.249620e-03   2.062700e-03  -1.531240e-02
    3.187160e-03   2.260820e-03  -1.881930e-02
    1.279370e-03   4.989470e-03  -1.845560e-02
    1.282840e-03   7.205640e-03  -1.869480e-02
    1.404030e-03   9.081830e-03  -2.074630e-02
    1.209320e-03   1.220100e-02  -2.175440e-02
    1.227060e-03   1.482230e-02  -2.316620e-02
    1.153320e-03   1.849380e-02  -2.438980e-02
    1.094950e-03   2.192520e-02  -2.558170e-02
    1.052970e-03   2.618960e-02  -2.678050e-02
    9.935440e-04   3.041600e-02  -2.787610e-02
    9.364130e-04   3.532880e-02  -2.900180e-02
    9.056520e-04   4.034430e-02  -3.000910e-02
    8.150220e-04   4.595200e-02  -3.106560e-02
    8.299540e-04   5.176520e-02  -3.197530e-02
    6.850930e-04   5.810350e-02  -3.296430e-02
    7.749460e-04   6.473750e-02  -3.377800e-02
    5.343540e-04   7.183070e-02  -3.468590e-02
    7.570760e-04   7.932510e-02  -3.542260e-02
    3.411040e-04   8.718400e-02  -3.621850e-02
    8.042560e-04   9.559750e-02  -3.690850e-02
    7.150830e-05   1.042170e-01  -3.756370e-02
    9.516580e-04   1.136300e-01  -3.820930e-02
   -2.988070e-04   1.229890e-01  -3.875500e-02
    1.184660e-03   1.335000e-01  -3.927840e-02
   -6.690860e-04   1.435720e-01  -3.978740e-02
    1.245380e-03   1.552770e-01  -4.026210e-02
   -5.102390e-04   1.660740e-01  -4.017620e-02
    3.019680e-04   1.789890e-01  -4.223810e-02
    1.460310e-03   1.906650e-01  -3.801220e-02
   -3.106790e-03   2.047070e-01  -4.601420e-02
   -3.907380e-04  -6.092450e-05  -1.347690e-03
   -5.264060e-04  -4.818240e-05  -9.890010e-04
   -3.830110e-04  -1.708950e-04  -3.775650e-03
   -1.264800e-03  -2.169140e-04  -4.378810e-03
   -7.866260e-04  -2.702000e-04  -5.000230e-03
   -1.171440e-03  -1.866280e-04  -4.185240e-03
   -7.051460e-04  -1.562150e-04  -1.011680e-02
   -1.343460e-03  -3.776520e-04  -5.086280e-03
   -5.412210e-04  -1.715760e-04  -8.762680e-03
   -1.333470e-03  -3.745420e-05  -7.995130e-03
   -7.210230e-04   2.841800e-04  -1.044780e-02
   -1.244690e-03  -4.951980e-05  -1.049330e-02
   -7.143680e-04   5.657110e-04  -1.491880e-02
   -1.024190e-03   7.597300e-04  -9.267130e-03
   -3.250840e-04   1.392970e-03  -1.355000e-02
   -1.285430e-03   1.095000e-03  -1.363200e-02
   -7.012500e-04   2.544810e-03  -1.537550e-02
   -1.035090e-03   2.235760e-03  -1.453440e-02
   -1.046300e-03   2.369700e-03  -2.007220e-02
    1.015030e-05   4.719150e-03  -1.370870e-02
   -3.366700e-04   5.562730e-03  -1.832090e-02
   -1.053730e-03   5.226820e-03  -1.739220e-02
   -4.956040e-04   7.494140e-03  -1.932580e-02
   -9.583380e-04   7.091140e-03  -1.970010e-02
   -4.135760e-04   9.694580e-03  -2.099260e-02
   -8.111600e-04   9.805240e-03  -2.053560e-02
   -4.208500e-04   1.254500e-02  -2.204690e-02
   -8.856400e-04   1.211420e-02  -2.212530e-02
   -4.065560e-04   1.539370e-02  -2.349890e-02
   -7.644440e-04   1.543650e-02  -2.328550e-02
   -3.745240e-04   1.887820e-02  -2.462470e-02
   -7.980460e-04   1.852060e-02  -2.456590e-02
   -3.723300e-04   2.245170e-02  -2.587480e-02
   -7.097220e-04   2.243240e-02  -2.576730e-02
   -3.485830e-04   2.659310e-02  -2.702020e-02
   -7.150230e-04   2.629430e-02  -2.691030e-02
   -3.218940e-04   3.090740e-02  -2.812350e-02
   -6.479000e-04   3.084560e-02  -2.806230e-02
   -3.318200e-04   3.573600e-02  -2.923310e-02
   -6.394430e-04   3.548220e-02  -2.910620e-02
   -2.674970e-04   4.080940e-02  -3.023020e-02
   -5.809720e-04   4.071830e-02  -3.019550e-02
   -3.190290e-04   4.635450e-02  -3.127190e-02
   -5.727670e-04   4.613560e-02  -3.113910e-02
   -2.108080e-04   5.220770e-02  -3.218240e-02
   -5.094500e-04   5.209660e-02  -3.216650e-02
   -3.132530e-04   5.849990e-02  -3.313990e-02
   -5.155690e-04   5.830800e-02  -3.300770e-02
   -1.452520e-04   6.515440e-02  -3.397190e-02
   -4.326590e-04   6.503090e-02  -3.396800e-02
   -3.249000e-04   7.222800e-02  -3.483940e-02
   -4.689040e-04   7.205600e-02  -3.471310e-02
   -5.597960e-05   7.970470e-02  -3.558610e-02
   -3.494990e-04   7.957590e-02  -3.559200e-02
   -3.739470e-04   8.759910e-02  -3.637990e-02
   -4.331670e-04   8.743950e-02  -3.625380e-02
    8.227180e-05   9.591700e-02  -3.700410e-02
   -2.612210e-04   9.579090e-02  -3.703500e-02
   -4.890280e-04   1.046790e-01  -3.777190e-02
   -4.042070e-04   1.045230e-01  -3.762040e-02
    2.955390e-04   1.138550e-01  -3.821980e-02
   -1.756290e-04   1.137400e-01  -3.830120e-02
   -6.797060e-04   1.235370e-01  -3.897810e-02
   -3.703130e-04   1.233770e-01  -3.880160e-02
    5.525790e-04   1.335870e-01  -3.932060e-02
   -1.040590e-04   1.334920e-01  -3.937090e-02
   -8.319020e-04   1.442470e-01  -3.980980e-02
   -3.272660e-04   1.440740e-01  -3.986880e-02
    5.968620e-04   1.551960e-01  -4.058750e-02
   -2.939730e-05   1.551290e-01  -4.002350e-02
   -4.855240e-04   1.668760e-01  -3.988650e-02
   -3.535700e-04   1.666870e-01  -4.129640e-02
   -3.329170e-04   1.787760e-01  -4.238480e-02
    1.549670e-04   1.787400e-01  -3.933580e-02
    1.302030e-03   1.915370e-01  -3.923500e-02
   -7.206260e-04   1.913000e-01  -4.443460e-02
   -3.103290e-03   2.041400e-01  -4.251480e-02
    7.863020e-04   2.046010e-01  -3.699790e-02
    3.907380e-04  -6.092450e-05  -1.347690e-03
    5.264060e-04  -4.818240e-05  -9.890010e-04
    3.830110e-04  -1.708950e-04  -3.775650e-03
    1.264800e-03  -2.169140e-04  -4.378810e-03
    7.866260e-04  -2.702000e-04  -5.000230e-03
    1.171440e-03  -1.866280e-04  -4.185240e-03
    7.051460e-04  -1.562150e-04  -1.011680e-02
    1.343460e-03  -3.776520e-04  -5.086280e-03
    5.412210e-04  -1.715760e-04  -8.762680e-03
    1.333470e-03  -3.745420e-05  -7.995130e-03
    7.210230e-04   2.841800e-04  -1.044780e-02
    1.244690e-03  -4.951970e-05  -1.049330e-02
    7.143680e-04   5.657110e-04  -1.491880e-02
    1.024190e-03   7.597300e-04  -9.267130e-03
    3.250840e-04   1.392970e-03  -1.355000e-02
    1.285430e-03   1.095000e-03  -1.363200e-02
    7.012500e-04   2.544810e-03  -1.537550e-02
    1.035090e-03   2.235760e-03  -1.453440e-02
    1.046300e-03   2.369700e-03  -2.007220e-02
   -1.015030e-05   4.719150e-03  -1.370870e-02
    3.366700e-04   5.562730e-03  -1.832090e-02
    1.053730e-03   5.226820e-03  -1.739220e-02
    4.956040e-04   7.494140e-03  -1.932580e-02
    9.583380e-04   7.091140e-03  -1.970010e-02
    4.135760e-04   9.694580e-03  -2.099260e-02
    8.111600e-04   9.805240e-03  -2.053560e-02
    4.208500e-04   1.254500e-02  -2.204690e-02
    8.856400e-04   1.211420e-02  -2.212530e-02
    4.065560e-04   1.539370e-02  -2.349890e-02
    7.644440e-04   1.543650e-02  -2.328550e-02
    3.745240e-04   1.887820e-02  -2.462470e-02
    7.980460e-04   1.852060e-02  -2.456590e-02
    3.723300e-04   2.245170e-02  -2.587480e-02
    7.097230e-04   2.243240e-02  -2.576730e-02
    3.485830e-04   2.659310e-02  -2.702020e-02
    7.150230e-04   2.629430e-02  -2.691030e-02
    3.218940e-04   3.090740e-02  -2.812350e-02
    6.479000e-04   3.084560e-02  -2.806230e-02
    3.318200e-04   3.573600e-02  -2.923310e-02
    6.394430e-04   3.548220e-02  -2.910620e-02
    2.674970e-04   4.080940e-02  -3.023020e-02
    5.809730e-04   4.071830e-02  -3.019550e-02
    3.190290e-04   4.635450e-02  -3.127190e-02
    5.727670e-04   4.613560e-02  -3.113910e-02
    2.108080e-04   5.220770e-02  -3.218240e-02
    5.094500e-04   5.209660e-02  -3.216650e-02
    3.132530e-04   5.849990e-02  -3.313990e-02
    5.155690e-04   5.830800e-02  -3.300770e-02
    1.452520e-04   6.515440e-02  -3.397190e-02
    4.326590e-04   6.503090e-02  -3.396800e-02
    3.249000e-04   7.222800e-02  -3.483940e-02
    4.689040e-04   7.205600e-02  -3.471310e-02
    5.597970e-05   7.970470e-02  -3.558610e-02
    3.494990e-04   7.957590e-02  -3.559200e-02
    3.739470e-04   8.759910e-02  -3.637990e-02
    4.331670e-04   8.743950e-02  -3.625380e-02
   -8.227170e-05   9.591700e-02  -3.700410e-02
    2.612210e-04   9.579090e-02  -3.703500e-02
    4.890280e-04   1.046790e-01  -3.777190e-02
    4.042070e-04   1.045230e-01  -3.762040e-02
   -2.955390e-04   1.138550e-01  -3.821980e-02
    1.756290e-04   1.137400e-01  -3.830120e-02
    6.797060e-04   1.235370e-01  -3.897810e-02
    3.703130e-04   1.233770e-01  -3.880160e-02
   -5.525790e-04   1.335870e-01  -3.932060e-02
    1.040590e-04   1.334920e-01  -3.937090e-02
    8.319020e-04   1.442470e-01  -3.980980e-02
    3.272660e-04   1.440740e-01  -3.986880e-02
   -5.968620e-04   1.551960e-01  -4.058750e-02
    2.939740e-05   1.551290e-01  -4.002350e-02
    4.855240e-04   1.668760e-01  -3.988650e-02
    3.535700e-04   1.666870e-01  -4.129640e-02
    3.329170e-04   1.787760e-01  -4.238480e-02
   -1.549670e-04   1.787400e-01  -3.933580e-02
   -1.302030e-03   1.915370e-01  -3.923500e-02
    7.206260e-04   1.913000e-01  -4.443460e-02
    3.103290e-03   2.041400e-01  -4.251480e-02
   -7.863020e-04   2.046010e-01  -3.699790e-02
    0.000000e+00   0.000000e+00   0.000000e+00
    0.000000e+00   0.000000e+00   0.000000e+00
    0.000000e+00   0.000000e+00   0.000000e+00
    0.000000e+00   0.000000e+00   0.000000e+00
    1.934160e-11  -2.333020e-01  -1.218710e-01
    7.064280e-03  -2.226740e-01  -3.811770e-02
    3.835380e-03  -2.125990e-01  -1.960620e-02
    6.701010e-11  -2.077610e-01  -7.895540e-02
    0.000000e+00   0.000000e+00   0.000000e+00
    0.000000e+00   0.000000e+00   0.000000e+00
   -3.835380e-03  -2.125990e-01  -1.960620e-02
   -7.064280e-03  -2.226740e-01  -3.811770e-02
    0.000000e+00   0.000000e+00   0.000000e+00
    0.000000e+00   0.000000e+00   0.000000e+00
    0.000000e+00   0.000000e+00   0.000000e+00
    0.000000e+00   0.000000e+00   0.000000e+00
    0.000000e+00   0.000000e+00   0.000000e+00
    0.000000e+00   0.000000e+00   0.000000e+00
    5.446950e-11  -2.171530e-01   1.183620e-02
   -7.378990e-04  -2.141630e-01  -7.290750e-02
   -2.608400e-03  -2.177640e-01  -2.818040e-02
   -3.883790e-03  -2.176860e-01  -5.123220e-02
   -4.400290e-03  -2.168420e-01  -1.010900e-02
    2.289470e-03  -2.224390e-01  -3.818820e-02
   -1.484310e-03   8.545850e-04  -2.358580e-03
   -1.687960e-03   6.660820e-04  -3.454730e-03
   -1.905200e-03   6.673760e-04  -5.109840e-03
   -1.852490e-03   9.330680e-04  -4.166570e-03
   -1.729080e-03   7.503420e-04  -8.135550e-03
   -1.746480e-03   5.842120e-04  -9.363160e-03
   -1.430800e-03  -1.911380e-04  -8.817930e-03
   -1.395230e-03  -1.672860e-04  -1.233780e-02
   -1.609350e-03  -2.012140e-03  -1.303430e-02
    3.653940e-04  -3.314940e-03  -1.230680e-02
   -1.286980e-03  -4.628710e-03  -1.506370e-02
   -1.158640e-03  -6.546390e-03  -1.753460e-02
   -9.277670e-04  -9.064210e-03  -1.772920e-02
   -9.607760e-04  -1.152950e-02  -1.917580e-02
   -8.899380e-04  -1.479820e-02  -1.992630e-02
   -8.030320e-04  -1.791220e-02  -2.089970e-02
   -7.957020e-04  -2.184770e-02  -2.175610e-02
   -6.968520e-04  -2.571550e-02  -2.254820e-02
   -6.750910e-04  -3.028630e-02  -2.335330e-02
   -6.082030e-04  -3.494910e-02  -2.403480e-02
   -5.517620e-04  -4.018170e-02  -2.476310e-02
   -5.276860e-04  -4.564980e-02  -2.533120e-02
   -4.251160e-04  -5.158270e-02  -2.598930e-02
   -4.638540e-04  -5.787460e-02  -2.643200e-02
   -2.803970e-04  -6.453100e-02  -2.702190e-02
   -4.365520e-04  -7.169190e-02  -2.734010e-02
   -9.168760e-05  -7.906580e-02  -2.784310e-02
   -4.786600e-04  -8.718250e-02  -2.806340e-02
    1.823070e-04  -9.521910e-02  -2.843290e-02
   -6.393310e-04  -1.044450e-01  -2.860500e-02
    5.938500e-04  -1.130180e-01  -2.878180e-02
   -9.589890e-04  -1.235780e-01  -2.895320e-02
    1.141350e-03  -1.325420e-01  -2.887610e-02
   -1.336550e-03  -1.445520e-01  -2.916550e-02
    1.535870e-03  -1.541340e-01  -2.848650e-02
   -1.201790e-03  -1.669380e-01  -2.979480e-02
    7.615560e-04  -1.786960e-01  -2.647770e-02
    7.737030e-04  -1.898130e-01  -3.248150e-02
   -2.360320e-03  -2.074280e-01  -2.193900e-02
    7.118730e-11  -2.144600e-01  -9.452510e-03
    6.587640e-11  -1.839360e-01  -3.636670e-02
    6.070730e-11  -1.838850e-01  -2.634270e-02
    6.943870e-11  -1.637980e-01  -2.841460e-02
    6.264130e-11  -1.569210e-01  -3.049230e-02
    6.373450e-11  -1.433440e-01  -2.735730e-02
    6.123360e-11  -1.339610e-01  -3.047270e-02
    5.843480e-11  -1.233130e-01  -2.797490e-02
    5.658700e-11  -1.138680e-01  -2.955090e-02
    5.953700e-11  -1.045500e-01  -2.837530e-02
    4.635090e-11  -9.587910e-02  -2.867950e-02
    5.815270e-11  -8.742710e-02  -2.821900e-02
    4.460420e-11  -7.966320e-02  -2.789940e-02
    4.324500e-11  -7.200940e-02  -2.762140e-02
    4.080360e-11  -6.510090e-02  -2.707160e-02
    4.421000e-11  -5.824470e-02  -2.672360e-02
    3.841240e-11  -5.213890e-02  -2.609970e-02
    3.829310e-11  -4.606150e-02  -2.560060e-02
    2.740580e-11  -4.073200e-02  -2.494930e-02
    2.895430e-11  -3.539870e-02  -2.427620e-02
    2.739820e-11  -3.082630e-02  -2.361970e-02
    2.409610e-11  -2.621440e-02  -2.275820e-02
    2.102670e-11  -2.235270e-02  -2.210380e-02
    2.542500e-11  -1.848980e-02  -2.108440e-02
    1.518130e-11  -1.522500e-02  -2.033590e-02
    1.935830e-11  -1.221390e-02  -1.938500e-02
    1.473890e-11  -9.391540e-03  -1.814500e-02
    1.313270e-11  -7.244740e-03  -1.786640e-02
    1.355370e-11  -5.133810e-03  -1.539700e-02
    9.678860e-12  -2.382500e-03  -1.983560e-02
    7.082210e-12  -2.864830e-03  -1.313490e-02
    1.092600e-11  -1.897210e-04  -1.325770e-02
    4.950040e-12  -6.235630e-04  -1.418340e-02
    2.337500e-12   1.298600e-04  -1.015830e-02
    3.502100e-12   7.715400e-04  -8.260160e-03
   -3.523100e-12   7.354450e-04  -1.027620e-02
    6.415290e-12   4.754330e-04  -4.873190e-03
   -9.509150e-13   1.023240e-03  -3.568120e-03
    1.694690e-12   8.250610e-04  -1.782020e-03
   -6.842510e-03  -1.998510e-01  -5.506810e-02
    3.902070e-03  -1.940580e-01  -5.223330e-02
   -3.564290e-03  -1.772220e-01  -5.565700e-02
    1.430930e-03  -1.672930e-01  -4.992550e-02
   -1.938500e-03  -1.549630e-01  -5.345710e-02
    3.274120e-04  -1.440130e-01  -4.908220e-02
   -1.403150e-03  -1.336180e-01  -5.058860e-02
   -1.337050e-04  -1.232650e-01  -4.798770e-02
   -1.223250e-03  -1.138610e-01  -4.792450e-02
   -4.290870e-04  -1.044680e-01  -4.635270e-02
   -1.126710e-03  -9.589040e-02  -4.545520e-02
   -6.792720e-04  -8.742800e-02  -4.430660e-02
   -1.075410e-03  -7.966740e-02  -4.302970e-02
   -8.894030e-04  -7.208040e-02  -4.198580e-02
   -1.072150e-03  -6.511340e-02  -4.054750e-02
   -1.060320e-03  -5.837390e-02  -3.946510e-02
   -1.109980e-03  -5.216110e-02  -3.796150e-02
   -1.204000e-03  -4.625250e-02  -3.677810e-02
   -1.173860e-03  -4.075400e-02  -3.525470e-02
   -1.336660e-03  -3.566050e-02  -3.393490e-02
   -1.246520e-03  -3.084230e-02  -3.242850e-02
   -1.475960e-03  -2.654210e-02  -3.093180e-02
   -1.305950e-03  -2.238810e-02  -2.949210e-02
   -1.644780e-03  -1.883220e-02  -2.776620e-02
   -1.319630e-03  -1.537480e-02  -2.643670e-02
   -1.864620e-03  -1.245980e-02  -2.446920e-02
   -1.281880e-03  -9.768430e-03  -2.319010e-02
   -2.011060e-03  -7.521390e-03  -2.110350e-02
   -1.766670e-03  -4.967350e-03  -1.957750e-02
   -8.968030e-06  -6.303310e-03  -1.435670e-02
   -2.464220e-03  -1.457830e-03  -1.592910e-02
   -1.530390e-03  -2.289520e-03  -1.379840e-02
   -1.884710e-03  -6.353000e-04  -1.002470e-02
   -2.297680e-03  -4.057710e-04  -9.902200e-03
   -1.749530e-03  -3.432780e-04  -9.012570e-03
   -2.101590e-03  -2.101120e-04  -3.564480e-03
   -2.157510e-03   1.605450e-05  -5.678210e-03
   -1.510990e-03  -4.151630e-04  -2.899230e-03
   -1.613500e-03  -6.195280e-04  -2.424990e-03
    1.670890e-12  -7.861460e-04  -1.536090e-03
   -6.279190e-12  -4.681610e-04  -3.803980e-03
    1.106440e-12  -2.888180e-04  -4.291380e-03
    3.550790e-13  -1.027100e-04  -1.199010e-02
    2.003510e-13  -1.007620e-03  -8.302440e-03
    1.910560e-12  -1.566050e-04  -1.102100e-02
   -4.921720e-12  -1.566280e-03  -1.628040e-02
    1.262910e-12  -1.527750e-03  -1.512490e-02
   -1.618920e-12  -3.889810e-03  -1.489480e-02
   -3.586090e-13  -7.583780e-03  -1.819080e-02
    7.867100e-13  -6.811260e-03  -2.301740e-02
    3.304020e-12  -1.116060e-02  -2.263310e-02
   -3.284050e-13  -1.229260e-02  -2.543950e-02
    3.563200e-12  -1.646280e-02  -2.645800e-02
    1.452500e-12  -1.890620e-02  -2.826170e-02
    2.509030e-12  -2.326520e-02  -2.977490e-02
    3.899300e-13  -2.677270e-02  -3.121100e-02
    6.989460e-12  -3.156490e-02  -3.281210e-02
   -2.566380e-13  -3.599410e-02  -3.410080e-02
    7.007660e-12  -4.136020e-02  -3.568210e-02
    4.730150e-12  -4.665760e-02  -3.686240e-02
    6.761760e-12  -5.267380e-02  -3.841570e-02
    3.987080e-12  -5.883040e-02  -3.948220e-02
    1.149320e-11  -6.555220e-02  -4.101460e-02
    7.278480e-12  -7.256560e-02  -4.195530e-02
    8.229070e-12  -8.005870e-02  -4.348740e-02
    5.122480e-12  -8.791310e-02  -4.425690e-02
    1.453730e-11  -9.625760e-02  -4.586980e-02
    9.419330e-12  -1.049510e-01  -4.633850e-02
    1.648940e-11  -1.141570e-01  -4.819280e-02
    7.565510e-12  -1.238840e-01  -4.823080e-02
    2.064000e-11  -1.335620e-01  -5.025150e-02
    1.037520e-11  -1.452380e-01  -5.047270e-02
    2.025520e-11  -1.538530e-01  -5.089600e-02
    1.785910e-11  -1.700440e-01  -5.515850e-02
    2.081230e-11  -1.739890e-01  -4.666040e-02
    2.066670e-11  -1.993950e-01  -6.779910e-02
    2.781530e-11  -1.937070e-01  -2.853600e-02
    0.000000e+00   0.000000e+00   0.000000e+00
    0.000000e+00   0.000000e+00   0.000000e+00
    0.000000e+00   0.000000e+00   0.000000e+00
    0.000000e+00   0.000000e+00   0.000000e+00
    0.000000e+00   0.000000e+00   0.000000e+00
   -2.289470e-03  -2.224390e-01  -3.818820e-02
    4.400290e-03  -2.168420e-01  -1.010900e-02
    3.883790e-03  -2.176860e-01  -5.123220e-02
    2.608400e-03  -2.177640e-01  -2.818040e-02
    7.378990e-04  -2.141630e-01  -7.290750e-02
    1.613500e-03  -6.195280e-04  -2.424990e-03
    1.510990e-03  -4.151630e-04  -2.899230e-03
    2.157510e-03   1.605450e-05  -5.678210e-03
    2.101590e-03  -2.101120e-04  -3.564480e-03
    1.749530e-03  -3.432780e-04  -9.012570e-03
    2.297680e-03  -4.057710e-04  -9.902200e-03
    1.884710e-03  -6.353000e-04  -1.002470e-02
    1.530390e-03  -2.289520e-03  -1.379840e-02
    2.464220e-03  -1.457830e-03  -1.592910e-02
    8.968040e-06  -6.303310e-03  -1.435670e-02
    1.766670e-03  -4.967350e-03  -1.957750e-02
    2.011060e-03  -7.521390e-03  -2.110350e-02
    1.281880e-03  -9.768430e-03  -2.319010e-02
    1.864620e-03  -1.245980e-02  -2.446920e-02
    1.319630e-03  -1.537480e-02  -2.643670e-02
    1.644780e-03  -1.883220e-02  -2.776620e-02
    1.305950e-03  -2.238810e-02  -2.949210e-02
    1.475960e-03  -2.654210e-02  -3.093180e-02
    1.246520e-03  -3.084230e-02  -3.242850e-02
    1.336660e-03  -3.566050e-02  -3.393490e-02
    1.173860e-03  -4.075400e-02  -3.525470e-02
    1.204000e-03  -4.625250e-02  -3.677810e-02
    1.109980e-03  -5.216110e-02  -3.796150e-02
    1.060320e-03  -5.837390e-02  -3.946510e-02
    1.072150e-03  -6.511340e-02  -4.054750e-02
    8.894030e-04  -7.208040e-02  -4.198580e-02
    1.075410e-03  -7.966740e-02  -4.302970e-02
    6.792720e-04  -8.742800e-02  -4.430660e-02
    1.126710e-03  -9.589040e-02  -4.545520e-02
    4.290870e-04  -1.044680e-01  -4.635270e-02
    1.223250e-03  -1.138610e-01  -4.792450e-02
    1.337050e-04  -1.232650e-01  -4.798770e-02
    1.403150e-03  -1.336180e-01  -5.058860e-02
   -3.274120e-04  -1.440130e-01  -4.908220e-02
    1.938500e-03  -1.549630e-01  -5.345710e-02
   -1.430930e-03  -1.672930e-01  -4.992550e-02
    3.564290e-03  -1.772220e-01  -5.565700e-02
   -3.902070e-03  -1.940580e-01  -5.223330e-02
    6.842510e-03  -1.998510e-01  -5.506810e-02
    2.360320e-03  -2.074280e-01  -2.193900e-02
   -7.737030e-04  -1.898130e-01  -3.248150e-02
   -7.615560e-04  -1.786960e-01  -2.647770e-02
    1.201790e-03  -1.669380e-01  -2.979480e-02
   -1.535870e-03  -1.541340e-01  -2.848650e-02
    1.336550e-03  -1.445520e-01  -2.916550e-02
   -1.141350e-03  -1.325420e-01  -2.887610e-02
    9.589890e-04  -1.235780e-01  -2.895320e-02
   -5.938500e-04  -1.130180e-01  -2.878180e-02
    6.393310e-04  -1.044450e-01  -2.860500e-02
   -1.823070e-04  -9.521910e-02  -2.843290e-02
    4.786600e-04  -8.718250e-02  -2.806340e-02
    9.168770e-05  -7.906580e-02  -2.784310e-02
    4.365520e-04  -7.169190e-02  -2.734010e-02
    2.803970e-04  -6.453100e-02  -2.702190e-02
    4.638540e-04  -5.787460e-02  -2.643200e-02
    4.251160e-04  -5.158270e-02  -2.598930e-02
    5.276860e-04  -4.564980e-02  -2.533120e-02
    5.517620e-04  -4.018170e-02  -2.476310e-02
    6.082030e-04  -3.494910e-02  -2.403480e-02
    6.750910e-04  -3.028630e-02  -2.335330e-02
    6.968520e-04  -2.571550e-02  -2.254820e-02
    7.957020e-04  -2.184770e-02  -2.175610e-02
    8.030320e-04  -1.791220e-02  -2.089970e-02
    8.899380e-04  -1.479820e-02  -1.992630e-02
    9.607760e-04  -1.152950e-02  -1.917580e-02
    9.277670e-04  -9.064210e-03  -1.772920e-02
    1.158640e-03  -6.546390e-03  -1.753460e-02
    1.286980e-03  -4.628710e-03  -1.506370e-02
   -3.653940e-04  -3.314940e-03  -1.230680e-02
    1.609350e-03  -2.012140e-03  -1.303430e-02
    1.395230e-03  -1.672860e-04  -1.233780e-02
    1.430800e-03  -1.911380e-04  -8.817930e-03
    1.746480e-03   5.842120e-04  -9.363160e-03
    1.729080e-03   7.503420e-04  -8.135550e-03
    1.852490e-03   9.330680e-04  -4.166570e-03
    1.905200e-03   6.673760e-04  -5.109840e-03
    1.687960e-03   6.660820e-04  -3.454730e-03
    1.484310e-03   8.545850e-04  -2.358580e-03
    0.000000e+00   0.000000e+00   0.000000e+00
    0.000000e+00   0.000000e+00   0.000000e+00
    4.877170e-03  -2.195330e-01  -6.100530e-02
   -1.623050e-03  -2.170950e-01  -2.966930e-02
   -2.562390e-04   1.067730e-03  -2.123090e-03
   -6.339900e-04   1.112250e-03  -1.981440e-03
   -5.693620e-04   6.794720e-04  -2.920890e-03
   -1.161220e-03   5.201120e-04  -2.870490e-03
   -5.798530e-04   7.737120e-04  -5.600100e-03
   -1.338590e-03   8.205850e-04  -6.175700e-03
   -6.095990e-04   9.197660e-04  -3.835620e-03
   -1.346940e-03   7.774380e-04  -8.869160e-03
   -7.538910e-04   3.412930e-04  -8.664850e-03
   -1.184220e-03   5.244280e-04  -9.016680e-03
   -5.065470e-04   4.908590e-04  -9.925940e-03
   -1.153200e-03   3.873780e-04  -9.843350e-03
   -4.267130e-04  -3.436870e-04  -8.873100e-03
   -1.235280e-03  -4.494520e-06  -1.385380e-02
   -7.370670e-04  -8.958740e-04  -1.284710e-02
   -8.109530e-04  -1.155290e-03  -1.253600e-02
   -3.318650e-04  -1.853710e-03  -1.382690e-02
   -9.774520e-04  -1.644310e-03  -1.436450e-02
    6.646380e-05  -3.862280e-03  -1.197030e-02
   -1.840580e-03  -2.772200e-03  -1.769400e-02
   -5.259120e-04  -5.002980e-03  -1.587910e-02
   -6.945500e-04  -4.885650e-03  -1.680750e-02
   -3.085730e-04  -6.994990e-03  -1.759000e-02
   -6.612100e-04  -6.979950e-03  -1.673670e-02
   -3.549810e-04  -9.516170e-03  -1.811050e-02
   -7.141940e-04  -9.159630e-03  -1.847040e-02
   -3.009150e-04  -1.205210e-02  -1.946570e-02
   -5.872690e-04  -1.205430e-02  -1.906220e-02
   -2.941230e-04  -1.519500e-02  -2.014440e-02
   -6.098050e-04  -1.485600e-02  -2.020150e-02
   -2.759690e-04  -1.845630e-02  -2.119460e-02
   -5.336290e-04  -1.842560e-02  -2.101740e-02
   -2.566460e-04  -2.223870e-02  -2.196440e-02
   -5.237790e-04  -2.194480e-02  -2.189120e-02
   -2.324040e-04  -2.623050e-02  -2.279350e-02
   -4.686120e-04  -2.615720e-02  -2.271160e-02
   -2.333980e-04  -3.068930e-02  -2.356310e-02
   -4.473990e-04  -3.044610e-02  -2.344410e-02
   -1.808430e-04  -3.542820e-02  -2.424280e-02
   -3.996160e-04  -3.531580e-02  -2.420450e-02
   -2.166270e-04  -4.058930e-02  -2.495590e-02
   -3.786250e-04  -4.039190e-02  -2.481890e-02
   -1.271010e-04  -4.610120e-02  -2.551830e-02
   -3.276780e-04  -4.595550e-02  -2.551190e-02
   -2.046180e-04  -5.198500e-02  -2.615410e-02
   -3.191720e-04  -5.183190e-02  -2.600160e-02
   -6.969400e-05  -5.830580e-02  -2.660430e-02
   -2.494600e-04  -5.812240e-02  -2.663170e-02
   -2.018150e-04  -6.492170e-02  -2.716040e-02
   -2.737360e-04  -6.482680e-02  -2.698830e-02
   -7.662120e-07  -7.210710e-02  -2.748880e-02
   -1.586220e-04  -7.186060e-02  -2.755410e-02
   -2.197730e-04  -7.944310e-02  -2.797580e-02
   -2.494630e-04  -7.944600e-02  -2.778000e-02
    9.584620e-05  -8.757840e-02  -2.815860e-02
   -4.754530e-05  -8.721290e-02  -2.826440e-02
   -2.792290e-04  -9.559670e-02  -2.859900e-02
   -2.531030e-04  -9.576930e-02  -2.838030e-02
    2.437880e-04  -1.047900e-01  -2.861080e-02
    8.821090e-05  -1.042220e-01  -2.874390e-02
   -4.008770e-04  -1.134550e-01  -2.899680e-02
   -2.847670e-04  -1.138790e-01  -2.879850e-02
    4.482130e-04  -1.237790e-01  -2.890710e-02
    2.435280e-04  -1.229550e-01  -2.895520e-02
   -5.491200e-04  -1.331520e-01  -2.902140e-02
   -3.334670e-04  -1.338100e-01  -2.909090e-02
    5.939960e-04  -1.445180e-01  -2.927300e-02
    4.079750e-04  -1.435950e-01  -2.874970e-02
   -4.731850e-04  -1.549050e-01  -2.831960e-02
   -4.017910e-04  -1.554060e-01  -2.953900e-02
    2.218120e-04  -1.669280e-01  -3.012050e-02
    6.027040e-04  -1.666310e-01  -2.756750e-02
    4.818490e-04  -1.789460e-01  -2.649290e-02
   -6.206610e-04  -1.781480e-01  -3.106020e-02
   -1.567540e-03  -1.910030e-01  -3.157250e-02
    9.082870e-04  -1.929430e-01  -2.402760e-02
    3.230570e-03  -2.053200e-01  -2.574170e-02
   -8.692720e-04  -2.014280e-01  -3.384310e-02
   -2.774040e-04  -8.434060e-04  -2.168440e-03
   -5.853970e-04  -9.951810e-04  -1.681000e-03
   -5.404830e-04  -4.501650e-04  -2.414310e-03
   -1.271380e-03  -1.161520e-04  -3.126340e-03
   -6.839020e-04  -1.918360e-04  -6.296580e-03
   -1.330570e-03  -3.775250e-04  -5.431380e-03
   -6.680520e-04  -5.696120e-04  -3.048170e-03
   -1.429590e-03  -3.183730e-04  -9.768000e-03
   -7.214600e-04  -1.634660e-04  -9.659070e-03
   -1.458870e-03  -1.800630e-04  -8.883420e-03
   -6.910290e-04  -1.040780e-03  -1.067650e-02
   -1.272970e-03  -7.110240e-04  -1.070970e-02
   -5.489510e-04  -8.416260e-04  -9.823300e-03
   -1.438140e-03  -1.219710e-03  -1.509590e-02
   -7.211450e-04  -2.429050e-03  -1.446400e-02
   -1.224900e-03  -1.236010e-03  -1.444160e-02
   -5.673190e-04  -1.866790e-03  -1.688510e-02
   -1.092570e-03  -3.722720e-03  -1.603640e-02
   -5.236660e-05  -6.984450e-03  -1.377090e-02
   -2.186930e-03  -1.609470e-03  -2.167000e-02
   -5.588160e-04  -4.921010e-03  -2.064610e-02
   -1.112950e-03  -6.344490e-03  -1.950640e-02
   -5.683720e-04  -8.356490e-03  -2.124480e-02
   -9.180530e-04  -7.550580e-03  -2.180230e-02
   -4.920390e-04  -9.933680e-03  -2.364320e-02
   -1.274780e-03  -1.016730e-02  -2.297480e-02
   -5.782460e-04  -1.313030e-02  -2.480780e-02
   -8.685940e-04  -1.262980e-02  -2.505930e-02
   -4.477130e-04  -1.571450e-02  -2.670870e-02
   -1.176400e-03  -1.582110e-02  -2.634480e-02
   -5.489810e-04  -1.938200e-02  -2.811620e-02
   -8.561600e-04  -1.896490e-02  -2.815970e-02
   -4.297780e-04  -2.279260e-02  -2.974520e-02
   -1.058730e-03  -2.282260e-02  -2.957210e-02
   -4.898930e-04  -2.704050e-02  -3.123680e-02
   -8.340510e-04  -2.670740e-02  -3.114320e-02
   -4.265430e-04  -3.125500e-02  -3.267910e-02
   -9.468270e-04  -3.120990e-02  -3.263710e-02
   -4.201610e-04  -3.613550e-02  -3.420760e-02
   -8.033190e-04  -3.588390e-02  -3.401700e-02
   -4.306540e-04  -4.115770e-02  -3.548350e-02
   -8.410800e-04  -4.104540e-02  -3.554330e-02
   -3.436000e-04  -4.670950e-02  -3.703910e-02
   -7.740060e-04  -4.653180e-02  -3.677070e-02
   -4.468550e-04  -5.255540e-02  -3.815250e-02
   -7.313080e-04  -5.238190e-02  -3.829840e-02
   -2.510180e-04  -5.880740e-02  -3.972690e-02
   -7.602330e-04  -5.870260e-02  -3.939830e-02
   -4.895190e-04  -6.550900e-02  -4.069540e-02
   -6.023780e-04  -6.526870e-02  -4.089820e-02
   -1.237200e-04  -7.247260e-02  -4.224760e-02
   -7.788100e-04  -7.245580e-02  -4.190990e-02
   -5.820830e-04  -8.008880e-02  -4.314680e-02
   -4.364030e-04  -7.975540e-02  -4.331810e-02
    6.650920e-05  -8.774890e-02  -4.454620e-02
   -8.488000e-04  -8.785890e-02  -4.434030e-02
   -7.569300e-04  -9.636880e-02  -4.557480e-02
   -2.132570e-04  -9.589120e-02  -4.550280e-02
    3.533840e-04  -1.046920e-01  -4.653790e-02
   -9.913080e-04  -1.049880e-01  -4.675970e-02
   -1.041850e-03  -1.144080e-01  -4.806250e-02
    8.872920e-05  -1.137330e-01  -4.735900e-02
    7.445890e-04  -1.234000e-01  -4.815050e-02
   -1.226250e-03  -1.239030e-01  -4.927060e-02
   -1.398100e-03  -1.342150e-01  -5.063690e-02
    4.845980e-04  -1.333970e-01  -4.878380e-02
    1.118700e-03  -1.440470e-01  -4.941760e-02
   -1.552630e-03  -1.445610e-01  -5.193060e-02
   -1.576500e-03  -1.557300e-01  -5.317180e-02
    9.428770e-04  -1.551950e-01  -4.982400e-02
    1.057310e-03  -1.668550e-01  -5.052720e-02
   -1.904360e-03  -1.666370e-01  -5.446630e-02
   -1.041900e-03  -1.789350e-01  -5.550040e-02
    1.306450e-03  -1.797950e-01  -5.112790e-02
   -7.325540e-05  -1.918400e-01  -5.130670e-02
   -2.178460e-03  -1.895070e-01  -5.566360e-02
    4.806550e-04  -2.044370e-01  -6.065490e-02
    1.126610e-03  -2.078060e-01  -5.296480e-02
   -2.153630e-12   8.691530e-05  -1.291240e-03
    1.807020e-12   1.268660e-04  -3.628530e-03
   -2.105660e-12   3.463890e-04  -5.477830e-03
    3.282910e-12   1.761010e-04  -3.614390e-03
    1.249010e-12   5.548100e-05  -9.069530e-03
   -3.470260e-13  -2.480900e-04  -1.072620e-02
    5.384240e-12  -5.312960e-04  -9.107260e-03
    4.911810e-13  -1.757350e-03  -1.352310e-02
    5.796580e-12  -1.687400e-03  -1.636450e-02
    5.390650e-12  -5.359970e-03  -1.172330e-02
    4.014300e-12  -4.926930e-03  -1.926480e-02
    9.012080e-12  -7.742640e-03  -1.891810e-02
    6.775800e-12  -9.662180e-03  -2.118560e-02
    1.161190e-11  -1.266660e-02  -2.211180e-02
    1.119270e-11  -1.539900e-02  -2.343750e-02
    9.247160e-12  -1.898230e-02  -2.476780e-02
    1.381940e-11  -2.246800e-02  -2.582100e-02
    1.385520e-11  -2.668790e-02  -2.710620e-02
    1.404090e-11  -3.092710e-02  -2.813210e-02
    1.601150e-11  -3.582740e-02  -2.925550e-02
    1.925110e-11  -4.082660e-02  -3.028670e-02
    1.749060e-11  -4.644700e-02  -3.125190e-02
    2.259150e-11  -5.221890e-02  -3.226580e-02
    2.569600e-11  -5.859520e-02  -3.309780e-02
    2.339280e-11  -6.516000e-02  -3.405950e-02
    2.797530e-11  -7.232330e-02  -3.480710e-02
    2.709010e-11  -7.970980e-02  -3.562760e-02
    2.973440e-11  -8.768630e-02  -3.643900e-02
    3.335320e-11  -9.593320e-02  -3.687160e-02
    3.296550e-11  -1.047430e-01  -3.811280e-02
    3.259220e-11  -1.139000e-01  -3.765140e-02
    3.826630e-11  -1.235580e-01  -3.992230e-02
    3.454640e-11  -1.336820e-01  -3.799730e-02
    4.187130e-11  -1.442070e-01  -4.151460e-02
    3.864420e-11  -1.553470e-01  -3.883460e-02
    4.382520e-11  -1.667870e-01  -4.096900e-02
    4.182260e-11  -1.789680e-01  -4.355920e-02
    4.713820e-11  -1.913200e-01  -3.296880e-02
    3.979930e-11  -2.048080e-01  -6.135610e-02
   -1.419410e-03   6.088410e-05  -1.893140e-03
   -1.676210e-03   1.691240e-04  -3.680430e-03
   -2.038770e-03   3.617250e-04  -5.387470e-03
   -1.942850e-03   2.468450e-04  -9.268460e-03
   -2.027910e-03   4.231090e-04  -8.581250e-03
   -1.766490e-03  -1.033130e-04  -1.023750e-02
   -1.861400e-03  -1.683020e-04  -1.396530e-02
   -1.793400e-03  -1.246640e-03  -1.319780e-02
   -1.249620e-03  -2.062700e-03  -1.531240e-02
   -3.187160e-03  -2.260820e-03  -1.881930e-02
   -1.279370e-03  -4.989470e-03  -1.845560e-02
   -1.282840e-03  -7.205640e-03  -1.869480e-02
   -1.404030e-03  -9.081830e-03  -2.074630e-02
   -1.209320e-03  -1.220100e-02  -2.175440e-02
   -1.227060e-03  -1.482230e-02  -2.316620e-02
   -1.153320e-03  -1.849380e-02  -2.438980e-02
   -1.094950e-03  -2.192520e-02  -2.558170e-02
   -1.052970e-03  -2.618960e-02  -2.678050e-02
   -9.935440e-04  -3.041600e-02  -2.787610e-02
   -9.364130e-04  -3.532880e-02  -2.900180e-02
   -9.056520e-04  -4.034430e-02  -3.000910e-02
   -8.150220e-04  -4.595200e-02  -3.106560e-02
   -8.299540e-04  -5.176520e-02  -3.197530e-02
   -6.850930e-04  -5.810350e-02  -3.296430e-02
   -7.749460e-04  -6.473750e-02  -3.377800e-02
   -5.343540e-04  -7.183070e-02  -3.468590e-02
   -7.570760e-04  -7.932510e-02  -3.542260e-02
   -3.411030e-04  -8.718400e-02  -3.621850e-02
   -8.042550e-04  -9.559750e-02  -3.690850e-02
   -7.150830e-05  -1.042170e-01  -3.756370e-02
   -9.516580e-04  -1.136300e-01  -3.820930e-02
    2.988070e-04  -1.229890e-01  -3.875500e-02
   -1.184660e-03  -1.335000e-01  -3.927840e-02
    6.690860e-04  -1.435720e-01  -3.978740e-02
   -1.245380e-03  -1.552770e-01  -4.026210e-02
    5.102390e-04  -1.660740e-01  -4.017620e-02
   -3.019680e-04  -1.789890e-01  -4.223810e-02
   -1.460310e-03  -1.906650e-01  -3.801220e-02
    3.106790e-03  -2.047070e-01  -4.601420e-02
    0.000000e+00   0.000000e+00   0.000000e+00
    0.000000e+00   0.000000e+00   0.000000e+00
   -4.877170e-03  -2.195330e-01  -6.100530e-02
    1.623050e-03  -2.170950e-01  -2.966930e-02
    2.774040e-04  -8.434060e-04  -2.168440e-03
    5.853970e-04  -9.951810e-04  -1.681000e-03
    5.404830e-04  -4.501650e-04  -2.414310e-03
    1.271380e-03  -1.161520e-04  -3.126340e-03
    6.839020e-04  -1.918360e-04  -6.296580e-03
    1.330570e-03  -3.775250e-04  -5.431380e-03
    6.680520e-04  -5.696120e-04  -3.048170e-03
    1.429590e-03  -3.183730e-04  -9.768000e-03
    7.214600e-04  -1.634660e-04  -9.659070e-03
    1.458870e-03  -1.800640e-04  -8.883420e-03
    6.910290e-04  -1.040780e-03  -1.067650e-02
    1.272970e-03  -7.110240e-04  -1.070970e-02
    5.489510e-04  -8.416260e-04  -9.823300e-03
    1.438140e-03  -1.219710e-03  -1.509590e-02
    7.211450e-04  -2.429050e-03  -1.446400e-02
    1.224900e-03  -1.236010e-03  -1.444160e-02
    5.673190e-04  -1.866790e-03  -1.688510e-02
    1.092570e-03  -3.722720e-03  -1.603640e-02
    5.236660e-05  -6.984450e-03  -1.377090e-02
    2.186930e-03  -1.609470e-03  -2.167000e-02
    5.588160e-04  -4.921010e-03  -2.064610e-02
    1.112950e-03  -6.344490e-03  -1.950640e-02
    5.683720e-04  -8.356490e-03  -2.124480e-02
    9.180530e-04  -7.550580e-03  -2.180230e-02
    4.920390e-04  -9.933680e-03  -2.364320e-02
    1.274780e-03  -1.016730e-02  -2.297480e-02
    5.782460e-04  -1.313030e-02  -2.480780e-02
    8.685940e-04  -1.262980e-02  -2.505930e-02
    4.477130e-04  -1.571450e-02  -2.670870e-02
    1.176400e-03  -1.582110e-02  -2.634480e-02
    5.489810e-04  -1.938200e-02  -2.811620e-02
    8.561600e-04  -1.896490e-02  -2.815970e-02
    4.297780e-04  -2.279260e-02  -2.974520e-02
    1.058730e-03  -2.282260e-02  -2.957210e-02
    4.898930e-04  -2.704050e-02  -3.123680e-02
    8.340510e-04  -2.670740e-02  -3.114320e-02
    4.265430e-04  -3.125500e-02  -3.267910e-02
    9.468270e-04  -3.120990e-02  -3.263710e-02
    4.201610e-04  -3.613550e-02  -3.420760e-02
    8.033190e-04  -3.588390e-02  -3.401700e-02
    4.306540e-04  -4.115770e-02  -3.548350e-02
    8.410800e-04  -4.104540e-02  -3.554330e-02
    3.436000e-04  -4.670950e-02  -3.703910e-02
    7.740060e-04  -4.653180e-02  -3.677070e-02
    4.468550e-04  -5.255540e-02  -3.815250e-02
    7.313080e-04  -5.238190e-02  -3.829840e-02
    2.510180e-04  -5.880740e-02  -3.972690e-02
    7.602330e-04  -5.870260e-02  -3.939830e-02
    4.895190e-04  -6.550900e-02  -4.069540e-02
    6.023780e-04  -6.526870e-02  -4.089820e-02
    1.237200e-04  -7.247260e-02  -4.224760e-02
    7.788100e-04  -7.245580e-02  -4.190990e-02
    5.820830e-04  -8.008880e-02  -4.314680e-02
    4.364030e-04  -7.975540e-02  -4.331810e-02
   -6.650920e-05  -8.774890e-02  -4.454620e-02
    8.488000e-04  -8.785890e-02  -4.434030e-02
    7.569300e-04  -9.636880e-02  -4.557480e-02
    2.132570e-04  -9.589120e-02  -4.550280e-02
   -3.533840e-04  -1.046920e-01  -4.653790e-02
    9.913080e-04  -1.049880e-01  -4.675970e-02
    1.041850e-03  -1.144080e-01  -4.806250e-02
   -8.872920e-05  -1.137330e-01  -4.735900e-02
   -7.445890e-04  -1.234000e-01  -4.815050e-02
    1.226250e-03  -1.239030e-01  -4.927060e-02
    1.398100e-03  -1.342150e-01  -5.063690e-02
   -4.845980e-04  -1.333970e-01  -4.878380e-02
   -1.118700e-03  -1.440470e-01  -4.941760e-02
    1.552630e-03  -1.445610e-01  -5.193060e-02
    1.576500e-03  -1.557300e-01  -5.317180e-02
   -9.428770e-04  -1.551950e-01  -4.982400e-02
   -1.057310e-03  -1.668550e-01  -5.052720e-02
    1.904360e-03  -1.666370e-01  -5.446630e-02
    1.041900e-03  -1.789350e-01  -5.550040e-02
   -1.306450e-03  -1.797950e-01  -5.112790e-02
    7.325550e-05  -1.918400e-01  -5.130670e-02
    2.178460e-03  -1.895070e-01  -5.566360e-02
   -4.806550e-04  -2.044370e-01  -6.065490e-02
   -1.126610e-03  -2.078060e-01  -5.296480e-02
    2.562390e-04   1.067730e-03  -2.123090e-03
    6.339900e-04   1.112250e-03  -1.981440e-03
    5.693620e-04   6.794720e-04  -2.920890e-03
    1.161220e-03   5.201120e-04  -2.870490e-03
    5.798530e-04   7.737120e-04  -5.600100e-03
    1.338590e-03   8.205850e-04  -6.175700e-03
    6.095990e-04   9.197660e-04  -3.835620e-03
    1.346940e-03   7.774380e-04  -8.869160e-03
    7.538910e-04   3.412930e-04  -8.664850e-03
    1.184220e-03   5.244280e-04  -9.016680e-03
    5.065470e-04   4.908590e-04  -9.925940e-03
    1.153200e-03   3.873780e-04  -9.843350e-03
    4.267130e-04  -3.436870e-04  -8.873100e-03
    1.235280e-03  -4.494530e-06  -1.385380e-02
    7.370670e-04  -8.958740e-04  -1.284710e-02
    8.109530e-04  -1.155290e-03  -1.253600e-02
    3.318650e-04  -1.853710e-03  -1.382690e-02
    9.774520e-04  -1.644310e-03  -1.436450e-02
   -6.646380e-05  -3.862280e-03  -1.197030e-02
    1.840580e-03  -2.772200e-03  -1.769400e-02
    5.259120e-04  -5.002980e-03  -1.587910e-02
    6.945500e-04  -4.885650e-03  -1.680750e-02
    3.085730e-04  -6.994990e-03  -1.759000e-02
    6.612100e-04  -6.979950e-03  -1.673670e-02
    3.549810e-04  -9.516170e-03  -1.811050e-02
    7.141950e-04  -9.159630e-03  -1.847040e-02
    3.009150e-04  -1.205210e-02  -1.946570e-02
    5.872690e-04  -1.205430e-02  -1.906220e-02
    2.941230e-04  -1.519500e-02  -2.014440e-02
    6.098050e-04  -1.485600e-02  -2.020150e-02
    2.759690e-04  -1.845630e-02  -2.119460e-02
    5.336290e-04  -1.842560e-02  -2.101740e-02
    2.566460e-04  -2.223870e-02  -2.196440e-02
    5.237790e-04  -2.194480e-02  -2.189120e-02
    2.324040e-04  -2.623050e-02  -2.279350e-02
    4.686120e-04  -2.615720e-02  -2.271160e-02
    2.333980e-04  -3.068930e-02  -2.356310e-02
    4.473990e-04  -3.044610e-02  -2.344410e-02
    1.808430e-04  -3.542820e-02  -2.424280e-02
    3.996160e-04  -3.531580e-02  -2.420450e-02
    2.166270e-04  -4.058930e-02  -2.495590e-02
    3.786250e-04  -4.039190e-02  -2.481890e-02
    1.271010e-04  -4.610120e-02  -2.551830e-02
    3.276780e-04  -4.595550e-02  -2.551190e-02
    2.046180e-04  -5.198500e-02  -2.615410e-02
    3.191720e-04  -5.183190e-02  -2.600160e-02
    6.969400e-05  -5.830580e-02  -2.660430e-02
    2.494600e-04  -5.812240e-02  -2.663170e-02
    2.018150e-04  -6.492170e-02  -2.716040e-02
    2.737360e-04  -6.482680e-02  -2.698830e-02
    7.662950e-07  -7.210710e-02  -2.748880e-02
    1.586220e-04  -7.186060e-02  -2.755410e-02
    2.197730e-04  -7.944310e-02  -2.797580e-02
    2.494630e-04  -7.944600e-02  -2.778000e-02
   -9.584610e-05  -8.757840e-02  -2.815860e-02
    4.754540e-05  -8.721290e-02  -2.826440e-02
    2.792290e-04  -9.559670e-02  -2.859900e-02
    2.531030e-04  -9.576930e-02  -2.838030e-02
   -2.437880e-04  -1.047900e-01  -2.861080e-02
   -8.821080e-05  -1.042220e-01  -2.874390e-02
    4.008770e-04  -1.134550e-01  -2.899680e-02
    2.847670e-04  -1.138790e-01  -2.879850e-02
   -4.482130e-04  -1.237790e-01  -2.890710e-02
   -2.435280e-04  -1.229550e-01  -2.895520e-02
    5.491200e-04  -1.331520e-01  -2.902140e-02
    3.334670e-04  -1.338100e-01  -2.909090e-02
   -5.939960e-04  -1.445180e-01  -2.927300e-02
   -4.079750e-04  -1.435950e-01  -2.874970e-02
    4.731850e-04  -1.549050e-01  -2.831960e-02
    4.017910e-04  -1.554060e-01  -2.953900e-02
   -2.218110e-04  -1.669280e-01  -3.012050e-02
   -6.027040e-04  -1.666310e-01  -2.756750e-02
   -4.818490e-04  -1.789460e-01  -2.649290e-02
    6.206610e-04  -1.781480e-01  -3.106020e-02
    1.567540e-03  -1.910030e-01  -3.157250e-02
   -9.082870e-04  -1.929430e-01  -2.402760e-02
   -3.230570e-03  -2.053200e-01  -2.574170e-02
    8.692720e-04  -2.014280e-01  -3.384310e-02
    1.419410e-03   6.088410e-05  -1.893140e-03
    1.676210e-03   1.691240e-04  -3.680430e-03
    2.038770e-03   3.617250e-04  -5.387470e-03
    1.942850e-03   2.468450e-04  -9.268460e-03
    2.027910e-03   4.231090e-04  -8.581250e-03
    1.766490e-03  -1.033130e-04  -1.023750e-02
    1.861400e-03  -1.683030e-04  -1.396530e-02
    1.793400e-03  -1.246640e-03  -1.319780e-02
    1.249620e-03  -2.062700e-03  -1.531240e-02
    3.187160e-03  -2.260820e-03  -1.881930e-02
    1.279370e-03  -4.989470e-03  -1.845560e-02
    1.282840e-03  -7.205640e-03  -1.869480e-02
    1.404030e-03  -9.081830e-03  -2.074630e-02
    1.209320e-03  -1.220100e-02  -2.175440e-02
    1.227060e-03  -1.482230e-02  -2.316620e-02
    1.153320e-03  -1.849380e-02  -2.438980e-02
    1.094950e-03  -2.192520e-02  -2.558170e-02
    1.052970e-03  -2.618960e-02  -2.678050e-02
    9.935440e-04  -3.041600e-02  -2.787610e-02
    9.364130e-04  -3.532880e-02  -2.900180e-02
    9.056520e-04  -4.034430e-02  -3.000910e-02
    8.150220e-04  -4.595200e-02  -3.106560e-02
    8.299540e-04  -5.176520e-02  -3.197530e-02
    6.850930e-04  -5.810350e-02  -3.296430e-02
    7.749460e-04  -6.473750e-02  -3.377800e-02
    5.343540e-04  -7.183070e-02  -3.468590e-02
    7.570760e-04  -7.932510e-02  -3.542260e-02
    3.411040e-04  -8.718400e-02  -3.621850e-02
    8.042560e-04  -9.559750e-02  -3.690850e-02
    7.150830e-05  -1.042170e-01  -3.756370e-02
    9.516580e-04  -1.136300e-01  -3.820930e-02
   -2.988070e-04  -1.229890e-01  -3.875500e-02
    1.184660e-03  -1.335000e-01  -3.927840e-02
   -6.690860e-04  -1.435720e-01  -3.978740e-02
    1.245380e-03  -1.552770e-01  -4.026210e-02
   -5.102390e-04  -1.660740e-01  -4.017620e-02
    3.019680e-04  -1.789890e-01  -4.223810e-02
    1.460310e-03  -1.906650e-01  -3.801220e-02
   -3.106790e-03  -2.047070e-01  -4.601420e-02
   -3.907380e-04   6.092450e-05  -1.347690e-03
   -5.264060e-04   4.818230e-05  -9.890010e-04
   -3.830110e-04   1.708950e-04  -3.775650e-03
   -1.264800e-03   2.169140e-04  -4.378810e-03
   -7.866260e-04   2.702000e-04  -5.000230e-03
   -1.171440e-03   1.866280e-04  -4.185240e-03
   -7.051460e-04   1.562150e-04  -1.011680e-02
   -1.343460e-03   3.776520e-04  -5.086280e-03
   -5.412210e-04   1.715760e-04  -8.762680e-03
   -1.333470e-03   3.745420e-05  -7.995130e-03
   -7.210230e-04  -2.841800e-04  -1.044780e-02
   -1.244690e-03   4.951970e-05  -1.049330e-02
   -7.143680e-04  -5.657110e-04  -1.491880e-02
   -1.024190e-03  -7.597300e-04  -9.267130e-03
   -3.250840e-04  -1.392970e-03  -1.355000e-02
   -1.285430e-03  -1.095000e-03  -1.363200e-02
   -7.012500e-04  -2.544810e-03  -1.537550e-02
   -1.035090e-03  -2.235760e-03  -1.453440e-02
   -1.046300e-03  -2.369700e-03  -2.007220e-02
    1.015030e-05  -4.719150e-03  -1.370870e-02
   -3.366700e-04  -5.562730e-03  -1.832090e-02
   -1.053730e-03  -5.226820e-03  -1.739220e-02
   -4.956040e-04  -7.494140e-03  -1.932580e-02
   -9.583380e-04  -7.091140e-03  -1.970010e-02
   -4.135760e-04  -9.694580e-03  -2.099260e-02
   -8.111600e-04  -9.805240e-03  -2.053560e-02
   -4.208500e-04  -1.254500e-02  -2.204690e-02
   -8.856400e-04  -1.211420e-02  -2.212530e-02
   -4.065560e-04  -1.539370e-02  -2.349890e-02
   -7.644440e-04  -1.543650e-02  -2.328550e-02
   -3.745240e-04  -1.887820e-02  -2.462470e-02
   -7.980460e-04  -1.852060e-02  -2.456590e-02
   -3.723300e-04  -2.245170e-02  -2.587480e-02
   -7.097220e-04  -2.243240e-02  -2.576730e-02
   -3.485830e-04  -2.659310e-02  -2.702020e-02
   -7.150230e-04  -2.629430e-02  -2.691030e-02
   -3.218940e-04  -3.090740e-02  -2.812350e-02
   -6.479000e-04  -3.084560e-02  -2.806230e-02
   -3.318200e-04  -3.573600e-02  -2.923310e-02
   -6.394430e-04  -3.548220e-02  -2.910620e-02
   -2.674970e-04  -4.080940e-02  -3.023020e-02
   -5.809720e-04  -4.071830e-02  -3.019550e-02
   -3.190290e-04  -4.635450e-02  -3.127190e-02
   -5.727670e-04  -4.613560e-02  -3.113910e-02
   -2.108080e-04  -5.220770e-02  -3.218240e-02
   -5.094500e-04  -5.209660e-02  -3.216650e-02
   -3.132530e-04  -5.849990e-02  -3.313990e-02
   -5.155690e-04  -5.830800e-02  -3.300770e-02
   -1.452520e-04  -6.515440e-02  -3.397190e-02
   -4.326590e-04  -6.503090e-02  -3.396800e-02
   -3.249000e-04  -7.222800e-02  -3.483940e-02
   -4.689040e-04  -7.205600e-02  -3.471310e-02
   -5.597960e-05  -7.970470e-02  -3.558610e-02
   -3.494990e-04  -7.957590e-02  -3.559200e-02
   -3.739470e-04  -8.759910e-02  -3.637990e-02
   -4.331670e-04  -8.743950e-02  -3.625380e-02
    8.227180e-05  -9.591700e-02  -3.700410e-02
   -2.612210e-04  -9.579090e-02  -3.703500e-02
   -4.890280e-04  -1.046790e-01  -3.777190e-02
   -4.042070e-04  -1.045230e-01  -3.762040e-02
    2.955390e-04  -1.138550e-01  -3.821980e-02
   -1.756290e-04  -1.137400e-01  -3.830120e-02
   -6.797060e-04  -1.235370e-01  -3.897810e-02
   -3.703130e-04  -1.233770e-01  -3.880160e-02
    5.525790e-04  -1.335870e-01  -3.932060e-02
   -1.040590e-04  -1.334920e-01  -3.937090e-02
   -8.319020e-04  -1.442470e-01  -3.980980e-02
   -3.272660e-04  -1.440740e-01  -3.986880e-02
    5.968620e-04  -1.551960e-01  -4.058750e-02
   -2.939740e-05  -1.551290e-01  -4.002350e-02
   -4.855240e-04  -1.668760e-01  -3.988650e-02
   -3.535700e-04  -1.666870e-01  -4.129640e-02
   -3.329170e-04  -1.787760e-01  -4.238480e-02
    1.549670e-04  -1.787400e-01  -3.933580e-02
    1.302030e-03  -1.915370e-01  -3.923500e-02
   -7.206260e-04  -1.913000e-01  -4.443460e-02
   -3.103290e-03  -2.041400e-01  -4.251480e-02
    7.863020e-04  -2.046010e-01  -3.699790e-02
    3.907380e-04   6.092450e-05  -1.347690e-03
    5.264060e-04   4.818240e-05  -9.890010e-04
    3.830110e-04   1.708950e-04  -3.775650e-03
    1.264800e-03   2.169140e-04  -4.378810e-03
    7.866260e-04   2.702000e-04  -5.000230e-03
    1.171440e-03   1.866280e-04  -4.185240e-03
    7.051460e-04   1.562150e-04  -1.011680e-02
    1.343460e-03   3.776520e-04  -5.086280e-03
    5.412210e-04   1.715760e-04  -8.762680e-03
    1.333470e-03   3.745420e-05  -7.995130e-03
    7.210230e-04  -2.841800e-04  -1.044780e-02
    1.244690e-03   4.951970e-05  -1.049330e-02
    7.143680e-04  -5.657110e-04  -1.491880e-02
    1.024190e-03  -7.597300e-04  -9.267130e-03
    3.250840e-04  -1.392970e-03  -1.355000e-02
    1.285430e-03  -1.095000e-03  -1.363200e-02
    7.012500e-04  -2.544810e-03  -1.537550e-02
    1.035090e-03  -2.235760e-03  -1.453440e-02
    1.046300e-03  -2.369700e-03  -2.007220e-02
   -1.015030e-05  -4.719150e-03  -1.370870e-02
    3.366700e-04  -5.562730e-03  -1.832090e-02
    1.053730e-03  -5.226820e-03  -1.739220e-02
    4.956040e-04  -7.494140e-03  -1.932580e-02
    9.583380e-04  -7.091140e-03  -1.970010e-02
    4.135760e-04  -9.694580e-03  -2.099260e-02
    8.111600e-04  -9.805240e-03  -2.053560e-02
    4.208500e-04  -1.254500e-02  -2.204690e-02
    8.856400e-04  -1.211420e-02  -2.212530e-02
    4.065560e-04  -1.539370e-02  -2.349890e-02
    7.644440e-04  -1.543650e-02  -2.328550e-02
    3.745240e-04  -1.887820e-02  -2.462470e-02
    7.980460e-04  -1.852060e-02  -2.456590e-02
    3.723300e-04  -2.245170e-02  -2.587480e-02
    7.097230e-04  -2.243240e-02  -2.576730e-02
    3.485830e-04  -2.659310e-02  -2.702020e-02
    7.150230e-04  -2.629430e-02  -2.691030e-02
    3.218940e-04  -3.090740e-02  -2.812350e-02
    6.479000e-04  -3.084560e-02  -2.806230e-02
    3.318200e-04  -3.573600e-02  -2.923310e-02
    6.394430e-04  -3.548220e-02  -2.910620e-02
    2.674970e-04  -4.080940e-02  -3.023020e-02
    5.809720e-04  -4.071830e-02  -3.019550e-02
    3.190290e-04  -4.635450e-02  -3.127190e-02
    5.727670e-04  -4.613560e-02  -3.113910e-02
    2.108080e-04  -5.220770e-02  -3.218240e-02
    5.094500e-04  -5.209660e-02  -3.216650e-02
    3.132530e-04  -5.849990e-02  -3.313990e-02
    5.155690e-04  -5.830800e-02  -3.300770e-02
    1.452520e-04  -6.515440e-02  -3.397190e-02
    4.326590e-04  -6.503090e-02  -3.396800e-02
    3.249000e-04  -7.222800e-02  -3.483940e-02
    4.689040e-04  -7.205600e-02  -3.471310e-02
    5.597970e-05  -7.970470e-02  -3.558610e-02
    3.494990e-04  -7.957590e-02  -3.559200e-02
    3.739470e-04  -8.759910e-02  -3.637990e-02
    4.331670e-04  -8.743950e-02  -3.625380e-02
   -8.227170e-05  -9.591700e-02  -3.700410e-02
    2.612210e-04  -9.579090e-02  -3.703500e-02
    4.890280e-04  -1.046790e-01  -3.777190e-02
    4.042070e-04  -1.045230e-01  -3.762040e-02
   -2.955390e-04  -1.138550e-01  -3.821980e-02
    1.756290e-04  -1.137400e-01  -3.830120e-02
    6.797060e-04  -1.235370e-01  -3.897810e-02
    3.703130e-04  -1.233770e-01  -3.880160e-02
   -5.525790e-04  -1.335870e-01  -3.932060e-02
    1.040590e-04  -1.334920e-01  -3.937090e-02
    8.319020e-04  -1.442470e-01  -3.980980e-02
    3.272660e-04  -1.440740e-01  -3.986880e-02
   -5.968620e-04  -1.551960e-01  -4.058750e-02
    2.939740e-05  -1.551290e-01  -4.002350e-02
    4.855240e-04  -1.668760e-01  -3.988650e-02
    3.535700e-04  -1.666870e-01  -4.129640e-02
    3.329170e-04  -1.787760e-01  -4.238480e-02
   -1.549670e-04  -1.787400e-01  -3.933580e-02
   -1.302030e-03  -1.915370e-01  -3.923500e-02
    7.206260e-04  -1.913000e-01  -4.443460e-02
    3.103290e-03  -2.041400e-01  -4.251480e-02
   -7.863020e-04  -2.046010e-01  -3.699790e-02
    1.698810e-04   1.111110e-04  -2.442370e-04
    1.698810e-04  -1.111110e-04  -2.442370e-04
    2.435610e-04  -7.531620e-06  -1.678310e-04
    2.435610e-04   7.531620e-06  -1.678310e-04
   -2.844630e-03  -1.138450e-03  -1.729400e-03
   -2.844630e-03   1.138450e-03  -1.729400e-03
    0.000000e+00   0.000000e+00   0.000000e+00
    0.000000e+00   0.000000e+00   0.000000e+00
    0.000000e+00   0.000000e+00   0.000000e+00
    0.000000e+00   0.000000e+00   0.000000e+00
   -1.364920e-04  -4.209410e-05   3.880160e-06
    1.735340e-04   5.583900e-14  -2.144110e-04
   -1.364920e-04   4.209410e-05   3.880160e-06
    6.916980e-05  -1.787140e-06  -1.799520e-04
    7.455010e-05  -1.196560e-05  -1.294470e-04
    1.417520e-04  -1.116220e-06  -1.431930e-04
    1.700930e-04  -1.359870e-05  -1.881370e-04
    2.063030e-04   7.725980e-06  -1.412080e-04
    2.376510e-04  -5.156980e-07  -2.241870e-04
    2.292650e-04   4.343800e-14  -1.742860e-04
    2.376510e-04   5.156970e-07  -2.241870e-04
    2.063030e-04  -7.725980e-06  -1.412080e-04
    1.700930e-04   1.359870e-05  -1.881370e-04
    1.417520e-04   1.116220e-06  -1.431930e-04
    7.455010e-05   1.196560e-05  -1.294470e-04
    6.916980e-05   1.787150e-06  -1.799520e-04
    2.396740e-03   3.085580e-04   7.908460e-04
   -1.990840e-03  -3.609040e-14  -1.338800e-03
    2.396740e-03  -3.085580e-04   7.908460e-04
    3.750450e-04  -4.177040e-04  -6.340680e-04
    3.143130e-05   3.231730e-04  -6.006420e-04
    5.303190e-04  -3.110160e-04  -2.222190e-04
   -4.132210e-04   1.342050e-04  -8.578380e-04
    1.206330e-03   8.872430e-05   2.837780e-04
    1.206330e-03  -8.872430e-05   2.837780e-04
   -4.132210e-04  -1.342050e-04  -8.578380e-04
    5.303190e-04   3.110160e-04  -2.222190e-04
    3.143130e-05  -3.231730e-04  -6.006420e-04
    3.750450e-04   4.177040e-04  -6.340680e-04
    2.482160e-04  -5.421060e-06  -2.218770e-04
    2.411660e-04   6.644370e-06  -2.296680e-04
    2.561290e-04  -9.794090e-06  -2.775520e-04
    2.502730e-04   2.261560e-06  -2.723750e-04
    2.824980e-04  -1.365120e-05  -3.283700e-04
    2.927170e-04  -1.398900e-05  -3.032770e-04
    3.054520e-04  -7.343150e-07  -4.051130e-04
    4.396570e-04  -8.330610e-05  -3.171170e-04
    2.958440e-04   1.087030e-04  -5.710900e-04
    1.363090e-03  -8.059230e-04   5.015950e-04
   -6.739800e-04   6.701990e-04  -7.548120e-04
    4.480150e-04  -4.547230e-04   1.399350e-04
   -1.450510e-04   3.821820e-04  -4.814690e-04
    1.268430e-04  -2.295940e-04   4.190190e-05
    3.562820e-05   2.083550e-04  -3.648590e-04
   -9.416730e-07  -1.203940e-04   9.812700e-06
    1.057840e-04   1.316230e-04  -2.998990e-04
   -8.317700e-05  -9.034830e-05   1.585030e-05
    2.958440e-04  -1.087030e-04  -5.710900e-04
    4.396570e-04   8.330610e-05  -3.171170e-04
    3.054520e-04   7.343160e-07  -4.051130e-04
    2.927170e-04   1.398900e-05  -3.032770e-04
    2.824980e-04   1.365120e-05  -3.283700e-04
    2.502730e-04  -2.261560e-06  -2.723750e-04
    2.561290e-04   9.794090e-06  -2.775520e-04
    2.411660e-04  -6.644370e-06  -2.296680e-04
    2.482160e-04   5.421060e-06  -2.218770e-04
   -8.317700e-05   9.034830e-05   1.585030e-05
    1.057840e-04  -1.316230e-04  -2.998990e-04
   -9.416730e-07   1.203940e-04   9.812700e-06
    3.562820e-05  -2.083550e-04  -3.648590e-04
    1.268430e-04   2.295940e-04   4.190190e-05
   -1.450510e-04  -3.821820e-04  -4.814690e-04
    4.480150e-04   4.547230e-04   1.399350e-04
   -6.739800e-04  -6.701990e-04  -7.548120e-04
    1.363090e-03   8.059230e-04   5.015950e-04
    3.827950e-05   3.053600e-05  -1.029460e-04
   -5.807100e-05  -4.810010e-07  -7.250960e-05
   -1.042450e-05   2.537430e-05  -4.204090e-05
    0.000000e+00   0.000000e+00   0.000000e+00
    0.000000e+00   0.000000e+00   0.000000e+00
    0.000000e+00   0.000000e+00   0.000000e+00
   -1.042450e-05  -2.537430e-05  -4.204090e-05
   -5.807100e-05   4.810010e-07  -7.250960e-05
    3.827950e-05  -3.053600e-05  -1.029460e-04
    2.623110e-04  -4.544490e-05  -1.241790e-05
   -4.534770e-04   2.396880e-04  -4.267060e-04
    1.157080e-03  -3.689920e-04   2.874610e-04
    0.000000e+00   0.000000e+00   0.000000e+00
    0.000000e+00   0.000000e+00   0.000000e+00
    0.000000e+00   0.000000e+00   0.000000e+00
    1.157080e-03   3.689920e-04   2.874610e-04
   -4.534770e-04  -2.396880e-04  -4.267060e-04
    2.623110e-04   4.544490e-05  -1.241790e-05
    0.000000e+00   0.000000e+00   0.000000e+00
    0.000000e+00   0.000000e+00   0.000000e+00
    0.000000e+00   0.000000e+00   0.000000e+00
    0.000000e+00   0.000000e+00   0.000000e+00
    0.000000e+00   0.000000e+00   0.000000e+00
    0.000000e+00   0.000000e+00   0.000000e+00
    0.000000e+00   0.000000e+00   0.000000e+00
    0.000000e+00   0.000000e+00   0.000000e+00
    0.000000e+00   0.000000e+00   0.000000e+00
    0.000000e+00   0.000000e+00   0.000000e+00
    0.000000e+00   0.000000e+00   0.000000e+00
    0.000000e+00   0.000000e+00   0.000000e+00
    0.000000e+00   0.000000e+00   0.000000e+00
    0.000000e+00   0.000000e+00   0.000000e+00
    0.000000e+00   0.000000e+00   0.000000e+00
    0.000000e+00   0.000000e+00   0.000000e+00
    0.000000e+00   0.000000e+00   0.000000e+00
    0.000000e+00   0.000000e+00   0.000000e+00
    4.674360e-05   1.726930e-06  -4.399010e-05
    8.012440e-05   9.018850e-14  -2.128600e-04
    4.674360e-05  -1.726930e-06  -4.399010e-05
    1.043530e-04   7.887570e-06  -1.808630e-04
    6.330110e-05   1.866360e-14  -1.074830e-04
    1.043530e-04  -7.887570e-06  -1.808630e-04
    1.309150e-04   1.483620e-06  -1.380620e-04
    1.557930e-04   2.146300e-13  -1.616780e-04
    1.309150e-04  -1.483620e-06  -1.380620e-04
    1.670280e-04   2.813140e-06  -1.775660e-04
    1.555160e-04  -1.861030e-13  -1.817900e-04
    1.670280e-04  -2.813140e-06  -1.775660e-04
    2.198090e-04   3.504320e-06  -1.798610e-04
    2.190180e-04  -1.133240e-13  -1.456010e-04
    2.198090e-04  -3.504320e-06  -1.798610e-04
   -7.978220e-04   1.307690e-04  -1.078080e-03
    8.756190e-04  -3.617350e-14   2.887320e-04
   -7.978220e-04  -1.307690e-04  -1.078080e-03
    6.604050e-04   5.511140e-05   1.902450e-05
   -2.010170e-04  -7.509440e-14  -9.038170e-04
    6.604050e-04  -5.511140e-05   1.902450e-05
   -1.794190e-04  -8.016950e-05  -7.333740e-04
    3.986950e-04   1.508170e-13  -2.013780e-04
   -1.794190e-04   8.016950e-05  -7.333740e-04
    5.725270e-04   1.314870e-04  -4.507230e-04
    1.446890e-04  -2.858690e-14  -6.337030e-04
    5.725270e-04  -1.314870e-04  -4.507230e-04
   -4.383410e-06  -1.205180e-04  -4.258130e-04
    3.183530e-04   6.194910e-14  -6.774940e-04
   -4.383410e-06   1.205180e-04  -4.258130e-04
    4.349560e-05   1.710150e-05  -1.063630e-04
    1.139190e-04   6.733960e-06  -1.810780e-04
    1.264120e-04   1.162820e-05  -2.042630e-04
    1.806090e-04  -1.711380e-06  -1.770590e-04
    2.108120e-04   1.192900e-05  -2.452220e-04
    7.281060e-05   4.560590e-06  -2.346650e-04
    8.874940e-05   1.525930e-05  -1.823000e-04
    1.503300e-04  -5.920350e-07  -2.078200e-04
    1.736920e-04   1.481720e-05  -2.496310e-04
    2.194020e-04  -1.167050e-05  -2.017050e-04
    7.021000e-05   2.690700e-05  -1.422800e-04
    1.142270e-04   7.640090e-06  -2.342570e-04
    1.385900e-04   1.502590e-05  -2.447270e-04
    1.945170e-04  -6.872830e-06  -2.280590e-04
    2.137010e-04   1.288020e-05  -3.006890e-04
    6.499830e-05  -3.200520e-06  -2.690320e-04
    1.136530e-04   1.946840e-05  -2.035940e-04
    1.606160e-04  -3.065820e-06  -2.596660e-04
    1.827150e-04   1.826500e-05  -2.883150e-04
    2.446400e-04  -1.863980e-05  -2.426780e-04
    9.910990e-05   5.243520e-05  -1.786960e-04
    1.061900e-04   9.434900e-06  -2.860370e-04
    1.574680e-04   1.598100e-05  -2.645840e-04
    2.189110e-04  -1.048670e-05  -2.730060e-04
    2.256920e-04   1.014230e-05  -3.442970e-04
    6.114370e-05  -3.415960e-05  -2.887060e-04
    1.498670e-04   2.296370e-05  -2.229460e-04
    1.628430e-04   2.599200e-06  -3.237320e-04
    2.038100e-04   1.238620e-05  -3.162070e-04
    2.805590e-04  -1.793700e-05  -2.851870e-04
    9.101530e-05   1.095140e-04  -2.692320e-04
    8.260400e-05   1.431860e-05  -3.448820e-04
    1.953430e-04   1.327540e-07  -2.872410e-04
    2.258180e-04   9.699960e-06  -3.407400e-04
    2.787040e-04  -1.807140e-05  -3.843980e-04
    1.619790e-04  -1.113380e-04  -2.371830e-04
    1.634690e-04   1.512590e-05  -3.137230e-04
    1.261110e-04   5.332600e-05  -4.089270e-04
    2.744810e-04  -4.234440e-05  -3.544890e-04
    2.716100e-04   3.794190e-05  -3.692870e-04
   -2.663870e-04   2.020450e-04  -5.765060e-04
    2.124150e-04   7.064220e-05  -2.834610e-04
    2.084070e-04  -9.385700e-05  -4.541740e-04
    1.448320e-04   1.575130e-04  -4.570560e-04
    4.311960e-04  -1.696170e-04  -4.097070e-04
    4.349560e-05  -1.710150e-05  -1.063630e-04
    1.139190e-04  -6.733960e-06  -1.810780e-04
    1.264120e-04  -1.162820e-05  -2.042630e-04
    1.806090e-04   1.711370e-06  -1.770590e-04
    2.108120e-04  -1.192900e-05  -2.452220e-04
    7.281060e-05  -4.560590e-06  -2.346650e-04
    8.874940e-05  -1.525930e-05  -1.823000e-04
    1.503300e-04   5.920350e-07  -2.078200e-04
    1.736920e-04  -1.481720e-05  -2.496310e-04
    2.194020e-04   1.167050e-05  -2.017050e-04
    7.021000e-05  -2.690700e-05  -1.422800e-04
    1.142270e-04  -7.640090e-06  -2.342570e-04
    1.385900e-04  -1.502590e-05  -2.447270e-04
    1.945170e-04   6.872830e-06  -2.280590e-04
    2.137010e-04  -1.288020e-05  -3.006890e-04
    6.499830e-05   3.200520e-06  -2.690320e-04
    1.136530e-04  -1.946840e-05  -2.035940e-04
    1.606160e-04   3.065820e-06  -2.596660e-04
    1.827150e-04  -1.826500e-05  -2.883150e-04
    2.446400e-04   1.863980e-05  -2.426780e-04
    9.910990e-05  -5.243520e-05  -1.786960e-04
    1.061900e-04  -9.434900e-06  -2.860370e-04
    1.574680e-04  -1.598100e-05  -2.645840e-04
    2.189110e-04   1.048670e-05  -2.730060e-04
    2.256920e-04  -1.014230e-05  -3.442970e-04
    6.114370e-05   3.415960e-05  -2.887060e-04
    1.498670e-04  -2.296370e-05  -2.229460e-04
    1.628430e-04  -2.599200e-06  -3.237320e-04
    2.038100e-04  -1.238620e-05  -3.162070e-04
    2.805590e-04   1.793700e-05  -2.851870e-04
    9.101530e-05  -1.095140e-04  -2.692320e-04
    8.260400e-05  -1.431860e-05  -3.448820e-04
    1.953430e-04  -1.327540e-07  -2.872410e-04
    2.258180e-04  -9.699960e-06  -3.407400e-04
    2.787040e-04   1.807140e-05  -3.843980e-04
    1.619790e-04   1.113380e-04  -2.371830e-04
    1.634690e-04  -1.512590e-05  -3.137230e-04
    1.261110e-04  -5.332600e-05  -4.089270e-04
    2.744810e-04   4.234440e-05  -3.544890e-04
    2.716100e-04  -3.794190e-05  -3.692870e-04
   -2.663870e-04  -2.020450e-04  -5.765060e-04
    2.124150e-04  -7.064220e-05  -2.834610e-04
    2.084070e-04   9.385700e-05  -4.541740e-04
    1.448320e-04  -1.575130e-04  -4.570560e-04
    4.311960e-04   1.696170e-04  -4.097070e-04
    1.424930e-04   5.682120e-05  -2.601000e-04
   -8.075720e-05  -4.582530e-14  -2.084000e-05
    1.424930e-04  -5.682120e-05  -2.601000e-04
   -4.709470e-05  -4.803270e-05  -2.815700e-05
    1.143610e-04   3.162120e-15  -2.662460e-04
   -4.709470e-05   4.803270e-05  -2.815700e-05
    8.847710e-05   7.991640e-05  -3.158750e-04
   -9.986530e-06  -7.797190e-14  -3.609180e-05
    8.847710e-05  -7.991640e-05  -3.158750e-04
    3.984070e-05  -7.943330e-05  -2.356940e-05
    5.927950e-05  -3.601830e-16  -3.202990e-04
    3.984070e-05   7.943330e-05  -2.356940e-05
   -1.212430e-05   1.355860e-04  -3.941170e-04
    9.624380e-05  -1.031560e-13  -2.320490e-05
   -1.212430e-05  -1.355860e-04  -3.941170e-04
    2.255340e-04  -1.497440e-04   1.625600e-05
   -9.364340e-05   1.412040e-13  -4.121270e-04
    2.255340e-04   1.497440e-04   1.625600e-05
   -3.027380e-04   2.307280e-04  -5.441450e-04
    3.720520e-04  -4.130960e-14   3.825620e-05
   -3.027380e-04  -2.307280e-04  -5.441450e-04
    7.252670e-04  -2.647720e-04   1.532740e-04
   -5.473920e-04   1.541080e-13  -6.291770e-04
    7.252670e-04   2.647720e-04   1.532740e-04
   -1.165950e-03   3.259890e-04  -9.428110e-04
    1.219420e-03  -8.790270e-14   3.074500e-04
   -1.165950e-03  -3.259890e-04  -9.428110e-04
    2.468460e-04  -8.672520e-07  -1.704590e-04
    2.549750e-04  -2.182330e-13  -2.203090e-04
    2.468460e-04   8.672520e-07  -1.704590e-04
    2.432910e-04  -2.196710e-06  -2.881330e-04
    2.380680e-04   1.222790e-13  -2.379040e-04
    2.432910e-04   2.196710e-06  -2.881330e-04
    2.490340e-04   7.837770e-07  -2.212780e-04
    2.494490e-04   2.635190e-14  -2.732750e-04
    2.490340e-04  -7.837770e-07  -2.212780e-04
    2.558730e-04  -1.037600e-05  -3.458580e-04
    2.631480e-04   5.624890e-14  -2.884300e-04
    2.558730e-04   1.037600e-05  -3.458580e-04
    2.759290e-04   5.713710e-06  -2.466790e-04
    2.515060e-04   6.400500e-14  -3.196370e-04
    2.759290e-04  -5.713710e-06  -2.466790e-04
    2.789800e-04  -2.532300e-05  -4.321150e-04
    3.374150e-04   1.106280e-13  -3.271100e-04
    2.789800e-04   2.532300e-05  -4.321150e-04
    3.569830e-04   1.165530e-05  -2.281660e-04
    2.335340e-04  -1.882650e-13  -4.063110e-04
    3.569830e-04  -1.165530e-05  -2.281660e-04
    2.983110e-04  -3.854670e-05  -6.377520e-04
    5.282930e-04  -2.675600e-14  -3.276950e-04
    2.983110e-04   3.854670e-05  -6.377520e-04
    4.907920e-04  -1.761590e-05  -7.943280e-05
    1.940930e-04  -2.754960e-14  -6.530610e-04
    4.907920e-04   1.761590e-05  -7.943280e-05
   -4.110240e-05   5.778180e-06  -5.688750e-05
    3.917220e-05   2.196620e-13  -1.354970e-04
   -4.110240e-05  -5.778180e-06  -5.688750e-05
    9.683720e-06  -1.950700e-05  -7.577890e-05
   -4.870300e-05  -2.042960e-13  -4.740490e-05
    9.683720e-06   1.950700e-05  -7.577890e-05
   -3.657460e-05  -3.439390e-06  -4.161200e-05
   -1.782400e-05   9.147330e-14  -4.916500e-05
   -3.657460e-05   3.439390e-06  -4.161200e-05
   -8.651490e-04  -1.845800e-04  -6.244000e-04
    8.949760e-04  -1.151730e-13   9.598480e-05
   -8.651490e-04   1.845800e-04  -6.244000e-04
    4.912350e-04   4.756330e-05   2.255830e-06
   -3.210240e-04  -9.439000e-14  -3.037790e-04
    4.912350e-04  -4.756330e-05   2.255830e-06
   -1.282360e-04  -4.477520e-05  -1.529770e-04
    2.208690e-04  -1.082690e-13  -4.425470e-05
   -1.282360e-04   4.477520e-05  -1.529770e-04
   -3.169460e-05  -2.408610e-06  -1.023920e-04
    8.589080e-06  -2.973050e-05  -6.251400e-05
   -2.497860e-05  -2.137740e-05  -5.266950e-05
    2.342810e-05  -3.371060e-05  -1.296120e-04
   -2.421590e-05  -1.176310e-05  -9.002800e-05
   -1.923870e-06  -3.176420e-05  -4.224100e-05
    1.088260e-05  -1.894000e-05  -1.319720e-04
    7.130660e-06  -3.837870e-05  -7.211540e-05
   -1.222580e-05  -2.902420e-05  -6.920030e-05
    7.207190e-06  -2.695680e-05  -1.452610e-04
    4.525780e-06  -1.701530e-05  -1.096750e-04
   -4.461280e-07  -4.257030e-05  -4.729990e-05
    4.581550e-05  -5.154130e-05  -1.638500e-04
   -7.497820e-06  -4.740620e-05  -8.087340e-05
    3.643410e-07  -3.049980e-05  -8.618180e-05
    3.750230e-06   1.206420e-05  -1.541320e-04
    3.546730e-05  -2.559810e-05  -1.344190e-04
   -7.694300e-06  -5.530590e-05  -5.045550e-05
    2.343980e-05  -1.340340e-04  -2.333350e-04
   -1.107750e-05  -3.646660e-05  -8.550320e-05
    1.411280e-05  -3.399170e-05  -1.066370e-04
    1.489040e-04   1.412120e-04  -9.977980e-05
    4.406340e-06  -6.917800e-05  -1.950680e-04
    1.101730e-05  -5.181510e-05  -5.894790e-05
   -4.061130e-04  -3.250290e-04  -5.213580e-04
    1.860060e-04   5.405780e-05  -4.821410e-05
   -2.185000e-05  -7.046940e-05  -1.255650e-04
   -3.169460e-05   2.408610e-06  -1.023920e-04
    8.589080e-06   2.973050e-05  -6.251400e-05
   -2.497860e-05   2.137740e-05  -5.266950e-05
    2.342810e-05   3.371060e-05  -1.296120e-04
   -2.421590e-05   1.176310e-05  -9.002800e-05
   -1.923870e-06   3.176420e-05  -4.224100e-05
    1.088260e-05   1.894000e-05  -1.319720e-04
    7.130660e-06   3.837870e-05  -7.211540e-05
   -1.222580e-05   2.902420e-05  -6.920030e-05
    7.207190e-06   2.695680e-05  -1.452610e-04
    4.525780e-06   1.701530e-05  -1.096750e-04
   -4.461280e-07   4.257030e-05  -4.729990e-05
    4.581550e-05   5.154130e-05  -1.638500e-04
   -7.497820e-06   4.740620e-05  -8.087340e-05
    3.643410e-07   3.049980e-05  -8.618180e-05
    3.750230e-06  -1.206420e-05  -1.541320e-04
    3.546730e-05   2.559810e-05  -1.344190e-04
   -7.694300e-06   5.530590e-05  -5.045550e-05
    2.343980e-05   1.340340e-04  -2.333350e-04
   -1.107750e-05   3.646660e-05  -8.550320e-05
    1.411280e-05   3.399170e-05  -1.066370e-04
    1.489040e-04  -1.412120e-04  -9.977980e-05
    4.406340e-06   6.917800e-05  -1.950680e-04
    1.101730e-05   5.181510e-05  -5.894790e-05
   -4.061130e-04   3.250290e-04  -5.213580e-04
    1.860060e-04  -5.405780e-05  -4.821410e-05
   -2.185000e-05   7.046940e-05  -1.255650e-04
    0.000000e+00   0.000000e+00   0.000000e+00
    0.000000e+00   0.000000e+00   0.000000e+00
    0.000000e+00   0.000000e+00   0.000000e+00
    0.000000e+00   0.000000e+00   0.000000e+00
    0.000000e+00   0.000000e+00   0.000000e+00
    0.000000e+00   0.000000e+00   0.000000e+00
    0.000000e+00   0.000000e+00   0.000000e+00
    0.000000e+00   0.000000e+00   0.000000e+00
    0.000000e+00   0.000000e+00   0.000000e+00
    0.000000e+00   0.000000e+00   0.000000e+00
    0.000000e+00   0.000000e+00   0.000000e+00
    0.000000e+00   0.000000e+00   0.000000e+00
    0.000000e+00   0.000000e+00   0.000000e+00
    0.000000e+00   0.000000e+00   0.000000e+00
    0.000000e+00   0.000000e+00   0.000000e+00
    0.000000e+00   0.000000e+00   0.000000e+00
    0.000000e+00   0.000000e+00   0.000000e+00
    0.000000e+00   0.000000e+00   0.000000e+00
    0.000000e+00   0.000000e+00   0.000000e+00
    0.000000e+00   0.000000e+00   0.000000e+00
    0.000000e+00   0.000000e+00   0.000000e+00
    0.000000e+00   0.000000e+00   0.000000e+00
    0.000000e+00   0.000000e+00   0.000000e+00
    0.000000e+00   0.000000e+00   0.000000e+00
    0.000000e+00   0.000000e+00   0.000000e+00
    0.000000e+00   0.000000e+00   0.000000e+00
    0.000000e+00   0.000000e+00   0.000000e+00
    7.024860e-05   8.441800e-06  -2.328660e-04
    4.163940e-05   4.769040e-14  -7.661950e-05
    7.024860e-05  -8.441800e-06  -2.328660e-04
    8.573700e-05  -2.463670e-07  -1.406400e-04
    1.218250e-04   7.562650e-14  -2.081520e-04
    8.573700e-05   2.463680e-07  -1.406400e-04
    1.408440e-04   6.362170e-06  -2.058830e-04
    1.189630e-04  -1.308040e-13  -1.896150e-04
    1.408440e-04  -6.362170e-06  -2.058830e-04
    1.768100e-04   1.786650e-06  -1.964440e-04
    1.880680e-04   1.511280e-13  -1.882090e-04
    1.768100e-04  -1.786650e-06  -1.964440e-04
    2.054430e-04  -1.230980e-07  -2.064460e-04
    2.020740e-04   3.187620e-14  -2.461980e-04
    2.054430e-04   1.230980e-07  -2.064460e-04
    6.078590e-05   4.411880e-06  -9.398620e-05
    7.735350e-05   2.115720e-16  -2.723530e-04
    6.078590e-05  -4.411880e-06  -9.398620e-05
    1.112870e-04   9.389310e-06  -2.459170e-04
    8.615150e-05  -5.320490e-14  -1.585540e-04
    1.112870e-04  -9.389310e-06  -2.459170e-04
    1.377560e-04   2.451940e-06  -1.959960e-04
    1.540900e-04   6.821740e-14  -2.284390e-04
    1.377560e-04  -2.451940e-06  -1.959960e-04
    1.790850e-04   5.839410e-07  -2.416230e-04
    1.704490e-04  -4.713250e-14  -2.439310e-04
    1.790850e-04  -5.839410e-07  -2.416230e-04
    2.173170e-04   4.559660e-06  -2.424830e-04
    2.204560e-04  -9.202910e-14  -2.056450e-04
    2.173170e-04  -4.559660e-06  -2.424830e-04
    6.882000e-05   9.061700e-06  -2.766740e-04
    7.241700e-05  -1.069430e-13  -1.092250e-04
    6.882000e-05  -9.061700e-06  -2.766740e-04
    1.042950e-04   6.617810e-07  -1.756810e-04
    1.165270e-04  -2.097610e-14  -2.663250e-04
    1.042950e-04  -6.617820e-07  -1.756810e-04
    1.494050e-04   4.884830e-06  -2.620370e-04
    1.397820e-04   2.021770e-14  -2.308580e-04
    1.494050e-04  -4.884830e-06  -2.620370e-04
    1.851030e-04   4.710560e-06  -2.446360e-04
    1.907770e-04  -2.154620e-14  -2.401020e-04
    1.851030e-04  -4.710560e-06  -2.446360e-04
    2.205850e-04  -5.309690e-06  -2.595070e-04
    2.166080e-04   9.646450e-14  -3.048830e-04
    2.205850e-04   5.309690e-06  -2.595070e-04
    8.883560e-05   1.042160e-05  -1.237270e-04
    6.295390e-05  -6.190680e-14  -3.158490e-04
    8.883560e-05  -1.042160e-05  -1.237270e-04
    1.102400e-04   1.075500e-05  -2.978940e-04
    1.181890e-04  -1.645300e-14  -1.790410e-04
    1.102400e-04  -1.075500e-05  -2.978940e-04
    1.541310e-04   5.307140e-06  -2.250690e-04
    1.535820e-04  -1.083060e-13  -2.817980e-04
    1.541310e-04  -5.307140e-06  -2.250690e-04
    1.946600e-04  -5.539860e-06  -2.911210e-04
    1.933480e-04   5.475590e-14  -2.863240e-04
    1.946600e-04   5.539860e-06  -2.911210e-04
    2.275570e-04   9.582970e-06  -2.858130e-04
    2.288660e-04   6.546840e-14  -2.452790e-04
    2.275570e-04  -9.582970e-06  -2.858130e-04
    6.070060e-05   4.098710e-06  -3.050880e-04
    1.122690e-04   5.337400e-15  -1.385970e-04
    6.070060e-05  -4.098710e-06  -3.050880e-04
    1.335710e-04   1.695010e-06  -1.987560e-04
    9.636590e-05  -7.730780e-14  -3.206170e-04
    1.335710e-04  -1.695010e-06  -1.987560e-04
    1.553780e-04   2.547260e-06  -3.136800e-04
    1.755040e-04   2.120210e-14  -2.559850e-04
    1.553780e-04  -2.547260e-06  -3.136800e-04
    2.048050e-04   1.072670e-05  -2.766080e-04
    1.938200e-04  -2.103520e-14  -2.836410e-04
    2.048050e-04  -1.072670e-05  -2.766080e-04
    2.447250e-04  -1.590420e-05  -3.086920e-04
    2.508060e-04   3.193840e-14  -3.544790e-04
    2.447250e-04   1.590420e-05  -3.086920e-04
    1.077050e-04   2.494010e-05  -1.767660e-04
    3.865650e-05  -5.837240e-14  -3.448700e-04
    1.077050e-04  -2.494010e-05  -1.767660e-04
    9.482420e-05   1.222400e-05  -3.457000e-04
    1.758120e-04  -1.894960e-14  -2.038840e-04
    9.482420e-05  -1.222400e-05  -3.457000e-04
    1.848660e-04   8.528540e-06  -2.531380e-04
    1.289640e-04  -5.523070e-15  -3.394190e-04
    1.848660e-04  -8.528540e-06  -2.531380e-04
    2.081210e-04  -1.400680e-05  -3.461590e-04
    2.459330e-04  -1.596050e-14  -3.230940e-04
    2.081210e-04   1.400680e-05  -3.461590e-04
    2.625200e-04   1.751540e-05  -3.137480e-04
    2.315230e-04  -5.251080e-14  -2.887660e-04
    2.625200e-04  -1.751540e-05  -3.137480e-04
    7.919110e-05  -1.321960e-05  -3.017890e-04
    1.380300e-04   9.170640e-14  -2.234340e-04
    7.919110e-05   1.321960e-05  -3.017890e-04
    1.703260e-04   3.021300e-06  -2.598810e-04
    3.529260e-05   5.623570e-14  -3.652370e-04
    1.703260e-04  -3.021300e-06  -2.598810e-04
    1.413020e-04   2.032870e-06  -3.677550e-04
    2.582400e-04  -1.024260e-13  -2.969290e-04
    1.413020e-04  -2.032870e-06  -3.677550e-04
    2.512060e-04   1.552740e-05  -3.139290e-04
    1.594610e-04  -3.179250e-15  -3.467640e-04
    2.512060e-04  -1.552740e-05  -3.139290e-04
    2.632090e-04  -2.666980e-05  -3.934250e-04
    3.450710e-04   1.562590e-14  -3.983870e-04
    2.632090e-04   2.666980e-05  -3.934250e-04
    3.569010e-05   4.538760e-05  -3.416450e-04
    8.099120e-05   5.854350e-15  -2.866620e-04
    3.569010e-05  -4.538760e-05  -3.416450e-04
    8.818950e-05   1.108570e-05  -3.522210e-04
    2.692680e-04  -4.237500e-14  -3.248090e-04
    8.818950e-05  -1.108570e-05  -3.522210e-04
    2.264370e-04   7.712040e-06  -3.497210e-04
    3.665730e-05   1.276990e-13  -4.036600e-04
    2.264370e-04  -7.712040e-06  -3.497210e-04
    1.941430e-04  -7.160880e-06  -4.242620e-04
    3.673440e-04  -7.702280e-14  -3.778800e-04
    1.941430e-04   7.160880e-06  -4.242620e-04
    3.502390e-04   1.272450e-05  -3.205400e-04
    1.784100e-04  -5.914150e-14  -3.893470e-04
    3.502390e-04  -1.272450e-05  -3.205400e-04
    3.538570e-04  -4.659540e-05  -1.001030e-04
   -2.213570e-05   3.560510e-14  -5.771010e-04
    3.538570e-04   4.659540e-05  -1.001030e-04
    1.155860e-04   8.618720e-06  -5.177910e-04
    5.157370e-05   8.681980e-14  -2.691000e-04
    1.155860e-04  -8.618720e-06  -5.177910e-04
    1.740060e-04   3.253490e-05  -3.756480e-04
    3.431030e-04  -1.144270e-13  -4.842920e-04
    1.740060e-04  -3.253490e-05  -3.756480e-04
    2.449160e-04  -1.519510e-05  -4.459560e-04
    5.147800e-05   5.911600e-14  -4.594360e-04
    2.449160e-04   1.519510e-05  -4.459560e-04
    3.018420e-04   1.090200e-05  -5.766720e-04
    5.201960e-04  -3.498960e-14  -4.331380e-04
    3.018420e-04  -1.090200e-05  -5.766720e-04
    3.027710e-05  -1.904310e-05  -1.305100e-04
   -2.704610e-05  -1.185370e-13  -7.422900e-05
    3.027710e-05   1.904310e-05  -1.305100e-04
   -3.661510e-05  -3.405720e-06  -8.039200e-05
    1.052390e-05   1.337420e-13  -8.667140e-05
   -3.661510e-05   3.405720e-06  -8.039200e-05
   -3.531930e-06  -9.819690e-06  -2.909370e-05
   -2.192080e-05  -8.978540e-14  -3.291380e-05
   -3.531930e-06   9.819690e-06  -2.909370e-05
   -5.570960e-06   4.561700e-07  -9.151570e-05
    2.652840e-05  -4.139630e-14  -1.679440e-04
   -5.570960e-06  -4.561700e-07  -9.151570e-05
    1.161150e-05  -2.461480e-05  -9.128830e-05
   -2.037770e-05  -4.454170e-14  -6.021260e-05
    1.161150e-05   2.461480e-05  -9.128830e-05
   -1.491880e-05  -5.545210e-06  -3.939010e-05
    3.062350e-07  -2.209970e-14  -5.071630e-05
   -1.491880e-05   5.545210e-06  -3.939010e-05
    1.715630e-05  -2.109340e-05  -1.521200e-04
    1.689320e-05  -7.962520e-15  -9.549660e-05
    1.715630e-05   2.109340e-05  -1.521200e-04
   -7.254260e-06  -6.243130e-06  -9.434990e-05
    9.558380e-06  -1.074220e-13  -1.039040e-04
   -7.254260e-06   6.243130e-06  -9.434990e-05
    1.572910e-06  -1.540860e-05  -3.771480e-05
   -8.328400e-06  -3.415310e-15  -3.961060e-05
    1.572910e-06   1.540860e-05  -3.771480e-05
    3.482570e-05  -7.809080e-06  -1.093790e-04
    3.757820e-06  -1.376240e-13  -1.999080e-04
    3.482570e-05   7.809080e-06  -1.093790e-04
    3.673520e-06  -3.297120e-05  -1.132460e-04
    1.131280e-05   4.111120e-14  -6.338430e-05
    3.673520e-06   3.297120e-05  -1.132460e-04
   -3.541200e-06  -4.637970e-06  -4.320770e-05
   -1.301650e-06   3.572590e-15  -6.397610e-05
   -3.541200e-06   4.637970e-06  -4.320770e-05
   -1.752780e-06  -1.519970e-05  -1.792440e-04
    6.312250e-05   1.070550e-13  -1.037540e-04
   -1.752780e-06   1.519970e-05  -1.792440e-04
    2.453000e-05  -6.589140e-06  -1.006890e-04
   -1.439030e-05   1.934150e-15  -1.352590e-04
    2.453000e-05   6.589140e-06  -1.006890e-04
   -4.032900e-06  -2.209760e-05  -4.869370e-05
    9.315410e-06  -5.319550e-14  -3.879000e-05
   -4.032900e-06   2.209760e-05  -4.869370e-05
    6.185850e-05  -2.876860e-05  -1.261150e-04
   -2.422140e-05  -4.062760e-14  -2.459810e-04
    6.185850e-05   2.876860e-05  -1.261150e-04
   -2.258840e-05  -3.828870e-05  -1.475460e-04
    5.989240e-05   2.783480e-14  -5.343240e-05
   -2.258840e-05   3.828870e-05  -1.475460e-04
    1.650760e-05  -2.911800e-06  -4.264000e-05
   -2.096860e-05   1.210660e-13  -8.642720e-05
    1.650760e-05   2.911800e-06  -4.264000e-05
    1.210650e-05   1.428250e-05  -2.094590e-04
    8.194670e-05   1.488210e-13  -1.191740e-04
    1.210650e-05  -1.428250e-05  -2.094590e-04
    6.571710e-05  -1.575920e-05  -1.043710e-04
   -5.989360e-05   1.316180e-13  -1.870290e-04
    6.571710e-05   1.575920e-05  -1.043710e-04
   -2.297150e-05  -2.434440e-05  -6.894860e-05
    4.584180e-05  -2.869940e-14  -3.313770e-05
   -2.297150e-05   2.434440e-05  -6.894860e-05
   -1.705380e-05  -7.427500e-05  -1.937300e-04
    4.011500e-05   3.667370e-14  -2.778550e-04
   -1.705380e-05   7.427500e-05  -1.937300e-04
   -2.554210e-05  -1.476820e-05  -1.865050e-04
    1.102530e-04  -3.960420e-14  -5.558680e-05
   -2.554210e-05   1.476820e-05  -1.865050e-04
    4.622260e-05  -1.203970e-05  -4.600190e-05
   -4.247000e-05   1.021450e-13  -1.113960e-04
    4.622260e-05   1.203970e-05  -4.600190e-05
    3.085990e-04   1.013810e-04  -1.394650e-04
   -1.215130e-04   1.326780e-14  -2.554980e-04
    3.085990e-04  -1.013810e-04  -1.394650e-04
    8.445050e-08  -6.017950e-05  -1.795210e-04
    3.460710e-05   5.987740e-14  -1.770640e-04
    8.445020e-08   6.017950e-05  -1.795210e-04
    2.186120e-05  -2.493820e-06  -6.428420e-05
    4.870110e-05  -2.338160e-14  -5.534200e-05
    2.186120e-05   2.493820e-06  -6.428420e-05
    2.844630e-03   1.138450e-03  -1.729400e-03
    2.844630e-03  -1.138450e-03  -1.729400e-03
   -1.698810e-04  -1.111110e-04  -2.442370e-04
   -2.435610e-04  -7.531620e-06  -1.678310e-04
   -2.435610e-04   7.531620e-06  -1.678310e-04
   -1.698810e-04   1.111110e-04  -2.442370e-04
    0.000000e+00   0.000000e+00   0.000000e+00
    0.000000e+00   0.000000e+00   0.000000e+00
    0.000000e+00   0.000000e+00   0.000000e+00
    0.000000e+00   0.000000e+00   0.000000e+00
   -2.396740e-03  -3.085580e-04   7.908460e-04
    1.990840e-03  -1.067200e-13  -1.338800e-03
   -2.396740e-03   3.085580e-04   7.908460e-04
   -1.206330e-03   8.872430e-05   2.837780e-04
    4.132210e-04   1.342050e-04  -8.578380e-04
   -5.303190e-04  -3.110160e-04  -2.222190e-04
   -3.143130e-05   3.231730e-04  -6.006420e-04
   -3.750450e-04  -4.177040e-04  -6.340680e-04
   -3.750450e-04   4.177040e-04  -6.340680e-04
   -3.143130e-05  -3.231730e-04  -6.006420e-04
   -5.303190e-04   3.110160e-04  -2.222190e-04
    4.132210e-04  -1.342050e-04  -8.578380e-04
   -1.206330e-03  -8.872430e-05   2.837780e-04
    1.364920e-04   4.209410e-05   3.880160e-06
   -1.735340e-04   1.294100e-13  -2.144110e-04
    1.364920e-04  -4.209410e-05   3.880160e-06
   -2.063030e-04   7.725980e-06  -1.412080e-04
   -1.700930e-04  -1.359870e-05  -1.881370e-04
   -1.417520e-04  -1.116220e-06  -1.431930e-04
   -7.455010e-05  -1.196560e-05  -1.294470e-04
   -6.916980e-05  -1.787140e-06  -1.799520e-04
   -2.376510e-04   5.156970e-07  -2.241870e-04
   -2.292650e-04  -1.040740e-14  -1.742860e-04
   -2.376510e-04  -5.156980e-07  -2.241870e-04
   -6.916980e-05   1.787150e-06  -1.799520e-04
   -7.455010e-05   1.196560e-05  -1.294470e-04
   -1.417520e-04   1.116220e-06  -1.431930e-04
   -1.700930e-04   1.359870e-05  -1.881370e-04
   -2.063030e-04  -7.725980e-06  -1.412080e-04
   -2.958440e-04   1.087030e-04  -5.710900e-04
   -4.396570e-04  -8.330610e-05  -3.171170e-04
   -3.054520e-04  -7.343160e-07  -4.051130e-04
   -2.927170e-04  -1.398900e-05  -3.032770e-04
   -2.824980e-04  -1.365120e-05  -3.283700e-04
   -2.502730e-04   2.261560e-06  -2.723750e-04
   -2.561290e-04  -9.794090e-06  -2.775520e-04
   -2.411660e-04   6.644370e-06  -2.296680e-04
   -2.482160e-04  -5.421060e-06  -2.218770e-04
    8.317700e-05  -9.034830e-05   1.585030e-05
   -1.057840e-04   1.316230e-04  -2.998990e-04
    9.416730e-07  -1.203940e-04   9.812700e-06
   -3.562820e-05   2.083550e-04  -3.648590e-04
   -1.268430e-04  -2.295940e-04   4.190190e-05
    1.450510e-04   3.821820e-04  -4.814690e-04
   -4.480150e-04  -4.547230e-04   1.399350e-04
    6.739800e-04   6.701990e-04  -7.548120e-04
   -1.363090e-03  -8.059230e-04   5.015950e-04
   -2.482160e-04   5.421060e-06  -2.218770e-04
   -2.411660e-04  -6.644370e-06  -2.296680e-04
   -2.561290e-04   9.794090e-06  -2.775520e-04
   -2.502730e-04  -2.261560e-06  -2.723750e-04
   -2.824980e-04   1.365120e-05  -3.283700e-04
   -2.927170e-04   1.398900e-05  -3.032770e-04
   -3.054520e-04   7.343160e-07  -4.051130e-04
   -4.396570e-04   8.330610e-05  -3.171170e-04
   -2.958440e-04  -1.087030e-04  -5.710900e-04
   -1.363090e-03   8.059230e-04   5.015950e-04
    6.739800e-04  -6.701990e-04  -7.548120e-04
   -4.480150e-04   4.547230e-04   1.399350e-04
    1.450510e-04  -3.821820e-04  -4.814690e-04
   -1.268430e-04   2.295940e-04   4.190190e-05
   -3.562820e-05  -2.083550e-04  -3.648590e-04
    9.416730e-07   1.203940e-04   9.812700e-06
   -1.057840e-04  -1.316230e-04  -2.998990e-04
    8.317700e-05   9.034830e-05   1.585030e-05
   -1.157080e-03  -3.689920e-04   2.874610e-04
    4.534770e-04   2.396880e-04  -4.267060e-04
   -2.623110e-04  -4.544490e-05  -1.241790e-05
    0.000000e+00   0.000000e+00   0.000000e+00
    0.000000e+00   0.000000e+00   0.000000e+00
    0.000000e+00   0.000000e+00   0.000000e+00
   -2.623110e-04   4.544490e-05  -1.241790e-05
    4.534770e-04  -2.396880e-04  -4.267060e-04
   -1.157080e-03   3.689920e-04   2.874610e-04
    1.042450e-05   2.537430e-05  -4.204090e-05
    5.807100e-05  -4.810010e-07  -7.250960e-05
   -3.827950e-05   3.053600e-05  -1.029460e-04
    0.000000e+00   0.000000e+00   0.000000e+00
    0.000000e+00   0.000000e+00   0.000000e+00
    0.000000e+00   0.000000e+00   0.000000e+00
   -3.827950e-05  -3.053600e-05  -1.029460e-04
    5.807100e-05   4.810010e-07  -7.250960e-05
    1.042450e-05  -2.537430e-05  -4.204090e-05
    0.000000e+00   0.000000e+00   0.000000e+00
    0.000000e+00   0.000000e+00   0.000000e+00
    0.000000e+00   0.000000e+00   0.000000e+00
    0.000000e+00   0.000000e+00   0.000000e+00
    0.000000e+00   0.000000e+00   0.000000e+00
    0.000000e+00   0.000000e+00   0.000000e+00
    0.000000e+00   0.000000e+00   0.000000e+00
    0.000000e+00   0.000000e+00   0.000000e+00
    0.000000e+00   0.000000e+00   0.000000e+00
    0.000000e+00   0.000000e+00   0.000000e+00
    0.000000e+00   0.000000e+00   0.000000e+00
    0.000000e+00   0.000000e+00   0.000000e+00
    0.000000e+00   0.000000e+00   0.000000e+00
    0.000000e+00   0.000000e+00   0.000000e+00
    0.000000e+00   0.000000e+00   0.000000e+00
    0.000000e+00   0.000000e+00   0.000000e+00
    0.000000e+00   0.000000e+00   0.000000e+00
    0.000000e+00   0.000000e+00   0.000000e+00
    7.978220e-04   1.307690e-04  -1.078080e-03
   -8.756190e-04  -1.197420e-13   2.887320e-04
    7.978220e-04  -1.307690e-04  -1.078080e-03
   -6.604050e-04   5.511140e-05   1.902450e-05
    2.010170e-04  -1.804110e-13  -9.038170e-04
   -6.604050e-04  -5.511140e-05   1.902450e-05
    1.794190e-04  -8.016950e-05  -7.333740e-04
   -3.986950e-04   7.879170e-14  -2.013780e-04
    1.794190e-04   8.016950e-05  -7.333740e-04
   -5.725270e-04   1.314870e-04  -4.507230e-04
   -1.446890e-04   3.042080e-15  -6.337030e-04
   -5.725270e-04  -1.314870e-04  -4.507230e-04
    4.383410e-06  -1.205180e-04  -4.258130e-04
   -3.183530e-04  -3.607490e-15  -6.774940e-04
    4.383410e-06   1.205180e-04  -4.258130e-04
   -4.674360e-05   1.726930e-06  -4.399010e-05
   -8.012440e-05   1.184570e-13  -2.128600e-04
   -4.674360e-05  -1.726930e-06  -4.399010e-05
   -1.043530e-04   7.887570e-06  -1.808630e-04
   -6.330110e-05   1.023340e-13  -1.074830e-04
   -1.043530e-04  -7.887570e-06  -1.808630e-04
   -1.309150e-04   1.483620e-06  -1.380620e-04
   -1.557930e-04   2.080780e-13  -1.616780e-04
   -1.309150e-04  -1.483620e-06  -1.380620e-04
   -1.670280e-04   2.813140e-06  -1.775660e-04
   -1.555160e-04  -1.914000e-13  -1.817900e-04
   -1.670280e-04  -2.813140e-06  -1.775660e-04
   -2.198090e-04   3.504320e-06  -1.798610e-04
   -2.190180e-04  -1.647190e-13  -1.456010e-04
   -2.198090e-04  -3.504320e-06  -1.798610e-04
    2.663870e-04   2.020450e-04  -5.765060e-04
   -2.124150e-04   7.064220e-05  -2.834610e-04
   -2.084070e-04  -9.385700e-05  -4.541740e-04
   -1.448320e-04   1.575130e-04  -4.570560e-04
   -4.311960e-04  -1.696170e-04  -4.097070e-04
   -1.619790e-04  -1.113380e-04  -2.371830e-04
   -1.634690e-04   1.512590e-05  -3.137230e-04
   -1.261110e-04   5.332600e-05  -4.089270e-04
   -2.744810e-04  -4.234440e-05  -3.544890e-04
   -2.716100e-04   3.794190e-05  -3.692870e-04
   -9.101530e-05   1.095140e-04  -2.692320e-04
   -8.260400e-05   1.431860e-05  -3.448820e-04
   -1.953430e-04   1.327540e-07  -2.872410e-04
   -2.258180e-04   9.699960e-06  -3.407400e-04
   -2.787040e-04  -1.807140e-05  -3.843980e-04
   -6.114370e-05  -3.415960e-05  -2.887060e-04
   -1.498670e-04   2.296370e-05  -2.229460e-04
   -1.628430e-04   2.599200e-06  -3.237320e-04
   -2.038100e-04   1.238620e-05  -3.162070e-04
   -2.805590e-04  -1.793700e-05  -2.851870e-04
   -9.910990e-05   5.243520e-05  -1.786960e-04
   -1.061900e-04   9.434900e-06  -2.860370e-04
   -1.574680e-04   1.598100e-05  -2.645840e-04
   -2.189110e-04  -1.048670e-05  -2.730060e-04
   -2.256920e-04   1.014230e-05  -3.442970e-04
   -6.499830e-05  -3.200520e-06  -2.690320e-04
   -1.136530e-04   1.946840e-05  -2.035940e-04
   -1.606160e-04  -3.065820e-06  -2.596660e-04
   -1.827150e-04   1.826500e-05  -2.883150e-04
   -2.446400e-04  -1.863980e-05  -2.426780e-04
   -7.021000e-05   2.690700e-05  -1.422800e-04
   -1.142270e-04   7.640090e-06  -2.342570e-04
   -1.385900e-04   1.502590e-05  -2.447270e-04
   -1.945170e-04  -6.872830e-06  -2.280590e-04
   -2.137010e-04   1.288020e-05  -3.006890e-04
   -7.281060e-05   4.560590e-06  -2.346650e-04
   -8.874940e-05   1.525930e-05  -1.823000e-04
   -1.503300e-04  -5.920350e-07  -2.078200e-04
   -1.736920e-04   1.481720e-05  -2.496310e-04
   -2.194020e-04  -1.167050e-05  -2.017050e-04
   -4.349560e-05   1.710150e-05  -1.063630e-04
   -1.139190e-04   6.733960e-06  -1.810780e-04
   -1.264120e-04   1.162820e-05  -2.042630e-04
   -1.806090e-04  -1.711380e-06  -1.770590e-04
   -2.108120e-04   1.192900e-05  -2.452220e-04
    2.663870e-04  -2.020450e-04  -5.765060e-04
   -2.124150e-04  -7.064220e-05  -2.834610e-04
   -2.084070e-04   9.385700e-05  -4.541740e-04
   -1.448320e-04  -1.575130e-04  -4.570560e-04
   -4.311960e-04   1.696170e-04  -4.097070e-04
   -1.619790e-04   1.113380e-04  -2.371830e-04
   -1.634690e-04  -1.512590e-05  -3.137230e-04
   -1.261110e-04  -5.332600e-05  -4.089270e-04
   -2.744810e-04   4.234440e-05  -3.544890e-04
   -2.716100e-04  -3.794190e-05  -3.692870e-04
   -9.101530e-05  -1.095140e-04  -2.692320e-04
   -8.260400e-05  -1.431860e-05  -3.448820e-04
   -1.953430e-04  -1.327540e-07  -2.872410e-04
   -2.258180e-04  -9.699960e-06  -3.407400e-04
   -2.787040e-04   1.807140e-05  -3.843980e-04
   -6.114370e-05   3.415960e-05  -2.887060e-04
   -1.498670e-04  -2.296370e-05  -2.229460e-04
   -1.628430e-04  -2.599200e-06  -3.237320e-04
   -2.038100e-04  -1.238620e-05  -3.162070e-04
   -2.805590e-04   1.793700e-05  -2.851870e-04
   -9.910990e-05  -5.243520e-05  -1.786960e-04
   -1.061900e-04  -9.434900e-06  -2.860370e-04
   -1.574680e-04  -1.598100e-05  -2.645840e-04
   -2.189110e-04   1.048670e-05  -2.730060e-04
   -2.256920e-04  -1.014230e-05  -3.442970e-04
   -6.499830e-05   3.200520e-06  -2.690320e-04
   -1.136530e-04  -1.946840e-05  -2.035940e-04
   -1.606160e-04   3.065820e-06  -2.596660e-04
   -1.827150e-04  -1.826500e-05  -2.883150e-04
   -2.446400e-04   1.863980e-05  -2.426780e-04
   -7.021000e-05  -2.690700e-05  -1.422800e-04
   -1.142270e-04  -7.640090e-06  -2.342570e-04
   -1.385900e-04  -1.502590e-05  -2.447270e-04
   -1.945170e-04   6.872830e-06  -2.280590e-04
   -2.137010e-04  -1.288020e-05  -3.006890e-04
   -7.281060e-05  -4.560590e-06  -2.346650e-04
   -8.874940e-05  -1.525930e-05  -1.823000e-04
   -1.503300e-04   5.920350e-07  -2.078200e-04
   -1.736920e-04  -1.481720e-05  -2.496310e-04
   -2.194020e-04   1.167050e-05  -2.017050e-04
   -4.349560e-05  -1.710150e-05  -1.063630e-04
   -1.139190e-04  -6.733960e-06  -1.810780e-04
   -1.264120e-04  -1.162820e-05  -2.042630e-04
   -1.806090e-04   1.711370e-06  -1.770590e-04
   -2.108120e-04  -1.192900e-05  -2.452220e-04
    1.165950e-03   3.259890e-04  -9.428110e-04
   -1.219420e-03  -1.219780e-13   3.074500e-04
    1.165950e-03  -3.259890e-04  -9.428110e-04
   -7.252670e-04  -2.647720e-04   1.532740e-04
    5.473920e-04   2.637520e-13  -6.291770e-04
   -7.252670e-04   2.647720e-04   1.532740e-04
    3.027380e-04   2.307280e-04  -5.441450e-04
   -3.720520e-04   2.103490e-14   3.825620e-05
    3.027380e-04  -2.307280e-04  -5.441450e-04
   -2.255340e-04  -1.497440e-04   1.625600e-05
    9.364340e-05   1.443930e-13  -4.121270e-04
   -2.255340e-04   1.497440e-04   1.625600e-05
    1.212430e-05   1.355860e-04  -3.941170e-04
   -9.624380e-05  -9.395960e-14  -2.320490e-05
    1.212430e-05  -1.355860e-04  -3.941170e-04
   -3.984070e-05  -7.943330e-05  -2.356940e-05
   -5.927950e-05  -7.363630e-14  -3.202990e-04
   -3.984070e-05   7.943330e-05  -2.356940e-05
   -8.847710e-05   7.991640e-05  -3.158750e-04
    9.986530e-06  -1.156010e-13  -3.609180e-05
   -8.847710e-05  -7.991640e-05  -3.158750e-04
    4.709470e-05  -4.803270e-05  -2.815700e-05
   -1.143610e-04  -1.312110e-14  -2.662460e-04
    4.709470e-05   4.803270e-05  -2.815700e-05
   -1.424930e-04   5.682120e-05  -2.601000e-04
    8.075720e-05  -8.148350e-14  -2.084000e-05
   -1.424930e-04  -5.682120e-05  -2.601000e-04
   -4.907920e-04  -1.761590e-05  -7.943280e-05
   -1.940930e-04  -2.026070e-14  -6.530610e-04
   -4.907920e-04   1.761590e-05  -7.943280e-05
   -2.983110e-04  -3.854670e-05  -6.377520e-04
   -5.282930e-04   1.355460e-16  -3.276950e-04
   -2.983110e-04   3.854670e-05  -6.377520e-04
   -3.569830e-04   1.165530e-05  -2.281660e-04
   -2.335340e-04  -2.500560e-13  -4.063110e-04
   -3.569830e-04  -1.165530e-05  -2.281660e-04
   -2.789800e-04  -2.532300e-05  -4.321150e-04
   -3.374150e-04  -3.568130e-15  -3.271100e-04
   -2.789800e-04   2.532300e-05  -4.321150e-04
   -2.759290e-04   5.713710e-06  -2.466790e-04
   -2.515060e-04   1.122290e-13  -3.196370e-04
   -2.759290e-04  -5.713710e-06  -2.466790e-04
   -2.558730e-04  -1.037600e-05  -3.458580e-04
   -2.631480e-04  -2.783580e-14  -2.884300e-04
   -2.558730e-04   1.037600e-05  -3.458580e-04
   -2.490340e-04   7.837770e-07  -2.212780e-04
   -2.494490e-04   2.277500e-14  -2.732750e-04
   -2.490340e-04  -7.837770e-07  -2.212780e-04
   -2.432910e-04  -2.196710e-06  -2.881330e-04
   -2.380680e-04   2.100930e-13  -2.379040e-04
   -2.432910e-04   2.196710e-06  -2.881330e-04
   -2.468460e-04  -8.672520e-07  -1.704590e-04
   -2.549750e-04  -2.753990e-13  -2.203090e-04
   -2.468460e-04   8.672520e-07  -1.704590e-04
    8.651490e-04  -1.845800e-04  -6.244000e-04
   -8.949760e-04  -8.419060e-14   9.598480e-05
    8.651490e-04   1.845800e-04  -6.244000e-04
   -4.912350e-04   4.756330e-05   2.255830e-06
    3.210240e-04  -1.103290e-13  -3.037790e-04
   -4.912350e-04  -4.756330e-05   2.255830e-06
    1.282360e-04  -4.477520e-05  -1.529770e-04
   -2.208690e-04  -7.237920e-14  -4.425470e-05
    1.282360e-04   4.477520e-05  -1.529770e-04
    4.110240e-05   5.778180e-06  -5.688750e-05
   -3.917220e-05   2.555760e-13  -1.354970e-04
    4.110240e-05  -5.778180e-06  -5.688750e-05
   -9.683720e-06  -1.950700e-05  -7.577890e-05
    4.870300e-05  -2.071650e-13  -4.740490e-05
   -9.683720e-06   1.950700e-05  -7.577890e-05
    3.657460e-05  -3.439390e-06  -4.161200e-05
    1.782400e-05   1.293710e-13  -4.916500e-05
    3.657460e-05   3.439390e-06  -4.161200e-05
    4.061130e-04  -3.250290e-04  -5.213580e-04
   -1.860060e-04   5.405780e-05  -4.821410e-05
    2.185000e-05  -7.046940e-05  -1.255650e-04
   -1.489040e-04   1.412120e-04  -9.977980e-05
   -4.406340e-06  -6.917800e-05  -1.950680e-04
   -1.101730e-05  -5.181510e-05  -5.894790e-05
   -2.343980e-05  -1.340340e-04  -2.333350e-04
    1.107750e-05  -3.646660e-05  -8.550320e-05
   -1.411280e-05  -3.399170e-05  -1.066370e-04
   -3.750230e-06   1.206420e-05  -1.541320e-04
   -3.546730e-05  -2.559810e-05  -1.344190e-04
    7.694300e-06  -5.530590e-05  -5.045550e-05
   -4.581550e-05  -5.154130e-05  -1.638500e-04
    7.497820e-06  -4.740620e-05  -8.087340e-05
   -3.643410e-07  -3.049980e-05  -8.618180e-05
   -7.207190e-06  -2.695680e-05  -1.452610e-04
   -4.525780e-06  -1.701530e-05  -1.096750e-04
    4.461280e-07  -4.257030e-05  -4.729990e-05
   -1.088260e-05  -1.894000e-05  -1.319720e-04
   -7.130660e-06  -3.837870e-05  -7.211540e-05
    1.222580e-05  -2.902420e-05  -6.920030e-05
   -2.342810e-05  -3.371060e-05  -1.296120e-04
    2.421590e-05  -1.176310e-05  -9.002800e-05
    1.923870e-06  -3.176420e-05  -4.224100e-05
    3.169460e-05  -2.408610e-06  -1.023920e-04
   -8.589080e-06  -2.973050e-05  -6.251400e-05
    2.497860e-05  -2.137740e-05  -5.266950e-05
    4.061130e-04   3.250290e-04  -5.213580e-04
   -1.860060e-04  -5.405780e-05  -4.821410e-05
    2.185000e-05   7.046940e-05  -1.255650e-04
   -1.489040e-04  -1.412120e-04  -9.977980e-05
   -4.406340e-06   6.917800e-05  -1.950680e-04
   -1.101730e-05   5.181510e-05  -5.894790e-05
   -2.343980e-05   1.340340e-04  -2.333350e-04
    1.107750e-05   3.646660e-05  -8.550320e-05
   -1.411280e-05   3.399170e-05  -1.066370e-04
   -3.750230e-06  -1.206420e-05  -1.541320e-04
   -3.546730e-05   2.559810e-05  -1.344190e-04
    7.694300e-06   5.530590e-05  -5.045550e-05
   -4.581550e-05   5.154130e-05  -1.638500e-04
    7.497820e-06   4.740620e-05  -8.087340e-05
   -3.643410e-07   3.049980e-05  -8.618180e-05
   -7.207190e-06   2.695680e-05  -1.452610e-04
   -4.525780e-06   1.701530e-05  -1.096750e-04
    4.461280e-07   4.257030e-05  -4.729990e-05
   -1.088260e-05   1.894000e-05  -1.319720e-04
   -7.130660e-06   3.837870e-05  -7.211540e-05
    1.222580e-05   2.902420e-05  -6.920030e-05
   -2.342810e-05   3.371060e-05  -1.296120e-04
    2.421590e-05   1.176310e-05  -9.002800e-05
    1.923870e-06   3.176420e-05  -4.224100e-05
    3.169460e-05   2.408610e-06  -1.023920e-04
   -8.589080e-06   2.973050e-05  -6.251400e-05
    2.497860e-05   2.137740e-05  -5.266950e-05
    0.000000e+00   0.000000e+00   0.000000e+00
    0.000000e+00   0.000000e+00   0.000000e+00
    0.000000e+00   0.000000e+00   0.000000e+00
    0.000000e+00   0.000000e+00   0.000000e+00
    0.000000e+00   0.000000e+00   0.000000e+00
    0.000000e+00   0.000000e+00   0.000000e+00
    0.000000e+00   0.000000e+00   0.000000e+00
    0.000000e+00   0.000000e+00   0.000000e+00
    0.000000e+00   0.000000e+00   0.000000e+00
    0.000000e+00   0.000000e+00   0.000000e+00
    0.000000e+00   0.000000e+00   0.000000e+00
    0.000000e+00   0.000000e+00   0.000000e+00
    0.000000e+00   0.000000e+00   0.000000e+00
    0.000000e+00   0.000000e+00   0.000000e+00
    0.000000e+00   0.000000e+00   0.000000e+00
    0.000000e+00   0.000000e+00   0.000000e+00
    0.000000e+00   0.000000e+00   0.000000e+00
    0.000000e+00   0.000000e+00   0.000000e+00
    0.000000e+00   0.000000e+00   0.000000e+00
    0.000000e+00   0.000000e+00   0.000000e+00
    0.000000e+00   0.000000e+00   0.000000e+00
    0.000000e+00   0.000000e+00   0.000000e+00
    0.000000e+00   0.000000e+00   0.000000e+00
    0.000000e+00   0.000000e+00   0.000000e+00
    0.000000e+00   0.000000e+00   0.000000e+00
    0.000000e+00   0.000000e+00   0.000000e+00
    0.000000e+00   0.000000e+00   0.000000e+00
   -3.538570e-04  -4.659540e-05  -1.001030e-04
    2.213570e-05   6.585950e-14  -5.771010e-04
   -3.538570e-04   4.659540e-05  -1.001030e-04
   -1.155860e-04   8.618720e-06  -5.177910e-04
   -5.157370e-05   3.954120e-14  -2.691000e-04
   -1.155860e-04  -8.618720e-06  -5.177910e-04
   -1.740060e-04   3.253490e-05  -3.756480e-04
   -3.431030e-04  -1.625670e-13  -4.842920e-04
   -1.740060e-04  -3.253490e-05  -3.756480e-04
   -2.449160e-04  -1.519510e-05  -4.459560e-04
   -5.147800e-05   4.491750e-14  -4.594360e-04
   -2.449160e-04   1.519510e-05  -4.459560e-04
   -3.018420e-04   1.090200e-05  -5.766720e-04
   -5.201960e-04   8.014520e-14  -4.331380e-04
   -3.018420e-04  -1.090200e-05  -5.766720e-04
   -3.569010e-05   4.538760e-05  -3.416450e-04
   -8.099120e-05  -5.916210e-14  -2.866620e-04
   -3.569010e-05  -4.538760e-05  -3.416450e-04
   -8.818950e-05   1.108570e-05  -3.522210e-04
   -2.692680e-04  -4.252990e-14  -3.248090e-04
   -8.818950e-05  -1.108570e-05  -3.522210e-04
   -2.264370e-04   7.712040e-06  -3.497210e-04
   -3.665730e-05   1.233050e-13  -4.036600e-04
   -2.264370e-04  -7.712040e-06  -3.497210e-04
   -1.941430e-04  -7.160880e-06  -4.242620e-04
   -3.673440e-04  -1.229290e-13  -3.778800e-04
   -1.941430e-04   7.160880e-06  -4.242620e-04
   -3.502390e-04   1.272450e-05  -3.205400e-04
   -1.784100e-04  -1.101450e-13  -3.893470e-04
   -3.502390e-04  -1.272450e-05  -3.205400e-04
   -7.919110e-05  -1.321960e-05  -3.017890e-04
   -1.380300e-04   1.729410e-13  -2.234340e-04
   -7.919110e-05   1.321960e-05  -3.017890e-04
   -1.703260e-04   3.021300e-06  -2.598810e-04
   -3.529260e-05   8.688120e-14  -3.652370e-04
   -1.703260e-04  -3.021300e-06  -2.598810e-04
   -1.413020e-04   2.032870e-06  -3.677550e-04
   -2.582400e-04  -1.208960e-13  -2.969290e-04
   -1.413020e-04  -2.032870e-06  -3.677550e-04
   -2.512060e-04   1.552740e-05  -3.139290e-04
   -1.594610e-04   6.882260e-18  -3.467640e-04
   -2.512060e-04  -1.552740e-05  -3.139290e-04
   -2.632090e-04  -2.666980e-05  -3.934250e-04
   -3.450710e-04  -9.091480e-15  -3.983870e-04
   -2.632090e-04   2.666980e-05  -3.934250e-04
   -1.077050e-04   2.494010e-05  -1.767660e-04
   -3.865650e-05  -5.066330e-15  -3.448700e-04
   -1.077050e-04  -2.494010e-05  -1.767660e-04
   -9.482420e-05   1.222400e-05  -3.457000e-04
   -1.758120e-04  -4.894160e-15  -2.038840e-04
   -9.482420e-05  -1.222400e-05  -3.457000e-04
   -1.848660e-04   8.528540e-06  -2.531380e-04
   -1.289640e-04   4.405020e-14  -3.394190e-04
   -1.848660e-04  -8.528540e-06  -2.531380e-04
   -2.081210e-04  -1.400680e-05  -3.461590e-04
   -2.459330e-04  -7.842010e-14  -3.230940e-04
   -2.081210e-04   1.400680e-05  -3.461590e-04
   -2.625200e-04   1.751540e-05  -3.137480e-04
   -2.315230e-04  -4.937270e-14  -2.887660e-04
   -2.625200e-04  -1.751540e-05  -3.137480e-04
   -6.070060e-05   4.098710e-06  -3.050880e-04
   -1.122690e-04   2.472150e-14  -1.385970e-04
   -6.070060e-05  -4.098710e-06  -3.050880e-04
   -1.335710e-04   1.695010e-06  -1.987560e-04
   -9.636590e-05  -4.495400e-14  -3.206170e-04
   -1.335710e-04  -1.695010e-06  -1.987560e-04
   -1.553780e-04   2.547260e-06  -3.136800e-04
   -1.755040e-04  -8.451860e-16  -2.559850e-04
   -1.553780e-04  -2.547260e-06  -3.136800e-04
   -2.048050e-04   1.072670e-05  -2.766080e-04
   -1.938200e-04   5.929610e-14  -2.836410e-04
   -2.048050e-04  -1.072670e-05  -2.766080e-04
   -2.447250e-04  -1.590420e-05  -3.086920e-04
   -2.508060e-04  -9.498610e-14  -3.544790e-04
   -2.447250e-04   1.590420e-05  -3.086920e-04
   -8.883560e-05   1.042160e-05  -1.237270e-04
   -6.295390e-05  -7.184050e-14  -3.158490e-04
   -8.883560e-05  -1.042160e-05  -1.237270e-04
   -1.102400e-04   1.075500e-05  -2.978940e-04
   -1.181890e-04  -2.123260e-14  -1.790410e-04
   -1.102400e-04  -1.075500e-05  -2.978940e-04
   -1.541310e-04   5.307140e-06  -2.250690e-04
   -1.535820e-04  -4.350860e-14  -2.817980e-04
   -1.541310e-04  -5.307140e-06  -2.250690e-04
   -1.946600e-04  -5.539860e-06  -2.911210e-04
   -1.933480e-04   2.309420e-14  -2.863240e-04
   -1.946600e-04   5.539860e-06  -2.911210e-04
   -2.275570e-04   9.582970e-06  -2.858130e-04
   -2.288660e-04   1.693280e-13  -2.452790e-04
   -2.275570e-04  -9.582970e-06  -2.858130e-04
   -6.882000e-05   9.061700e-06  -2.766740e-04
   -7.241700e-05  -1.612790e-13  -1.092250e-04
   -6.882000e-05  -9.061700e-06  -2.766740e-04
   -1.042950e-04   6.617810e-07  -1.756810e-04
   -1.165270e-04  -9.747780e-15  -2.663250e-04
   -1.042950e-04  -6.617820e-07  -1.756810e-04
   -1.494050e-04   4.884830e-06  -2.620370e-04
   -1.397820e-04   2.166110e-14  -2.308580e-04
   -1.494050e-04  -4.884830e-06  -2.620370e-04
   -1.851030e-04   4.710560e-06  -2.446360e-04
   -1.907770e-04  -1.605120e-14  -2.401020e-04
   -1.851030e-04  -4.710560e-06  -2.446360e-04
   -2.205850e-04  -5.309690e-06  -2.595070e-04
   -2.166080e-04   1.362180e-13  -3.048830e-04
   -2.205850e-04   5.309690e-06  -2.595070e-04
   -6.078590e-05   4.411880e-06  -9.398620e-05
   -7.735350e-05  -4.777320e-14  -2.723530e-04
   -6.078590e-05  -4.411880e-06  -9.398620e-05
   -1.112870e-04   9.389310e-06  -2.459170e-04
   -8.615150e-05  -2.853320e-14  -1.585540e-04
   -1.112870e-04  -9.389310e-06  -2.459170e-04
   -1.377560e-04   2.451940e-06  -1.959960e-04
   -1.540900e-04   8.792860e-14  -2.284390e-04
   -1.377560e-04  -2.451940e-06  -1.959960e-04
   -1.790850e-04   5.839420e-07  -2.416230e-04
   -1.704490e-04   2.842620e-14  -2.439310e-04
   -1.790850e-04  -5.839410e-07  -2.416230e-04
   -2.173170e-04   4.559660e-06  -2.424830e-04
   -2.204560e-04  -1.040380e-13  -2.056450e-04
   -2.173170e-04  -4.559660e-06  -2.424830e-04
   -7.024860e-05   8.441800e-06  -2.328660e-04
   -4.163940e-05   1.011590e-13  -7.661950e-05
   -7.024860e-05  -8.441800e-06  -2.328660e-04
   -8.573700e-05  -2.463670e-07  -1.406400e-04
   -1.218250e-04   5.007440e-14  -2.081520e-04
   -8.573700e-05   2.463680e-07  -1.406400e-04
   -1.408440e-04   6.362170e-06  -2.058830e-04
   -1.189630e-04  -1.031450e-13  -1.896150e-04
   -1.408440e-04  -6.362170e-06  -2.058830e-04
   -1.768100e-04   1.786650e-06  -1.964440e-04
   -1.880680e-04   9.070330e-14  -1.882090e-04
   -1.768100e-04  -1.786650e-06  -1.964440e-04
   -2.054430e-04  -1.230980e-07  -2.064460e-04
   -2.020740e-04   2.140260e-14  -2.461980e-04
   -2.054430e-04   1.230980e-07  -2.064460e-04
   -3.085990e-04   1.013810e-04  -1.394650e-04
    1.215130e-04   8.096010e-14  -2.554980e-04
   -3.085990e-04  -1.013810e-04  -1.394650e-04
   -8.445020e-08  -6.017950e-05  -1.795210e-04
   -3.460710e-05   9.732140e-14  -1.770640e-04
   -8.445000e-08   6.017950e-05  -1.795210e-04
   -2.186120e-05  -2.493820e-06  -6.428420e-05
   -4.870110e-05  -1.289830e-14  -5.534200e-05
   -2.186120e-05   2.493820e-06  -6.428420e-05
    1.705380e-05  -7.427500e-05  -1.937300e-04
   -4.011500e-05   5.368700e-14  -2.778550e-04
    1.705380e-05   7.427500e-05  -1.937300e-04
    2.554210e-05  -1.476820e-05  -1.865050e-04
   -1.102530e-04   1.205080e-14  -5.558680e-05
    2.554210e-05   1.476820e-05  -1.865050e-04
   -4.622260e-05  -1.203970e-05  -4.600190e-05
    4.247000e-05   1.732190e-13  -1.113960e-04
   -4.622260e-05   1.203970e-05  -4.600190e-05
   -1.210650e-05   1.428250e-05  -2.094590e-04
   -8.194670e-05   1.994450e-13  -1.191740e-04
   -1.210650e-05  -1.428250e-05  -2.094590e-04
   -6.571710e-05  -1.575920e-05  -1.043710e-04
    5.989360e-05   2.469670e-13  -1.870290e-04
   -6.571710e-05   1.575920e-05  -1.043710e-04
    2.297150e-05  -2.434440e-05  -6.894860e-05
   -4.584180e-05  -6.637360e-14  -3.313770e-05
    2.297150e-05   2.434440e-05  -6.894860e-05
   -6.185850e-05  -2.876860e-05  -1.261150e-04
    2.422140e-05   4.533370e-14  -2.459810e-04
   -6.185850e-05   2.876860e-05  -1.261150e-04
    2.258840e-05  -3.828870e-05  -1.475460e-04
   -5.989240e-05  -1.634730e-14  -5.343240e-05
    2.258840e-05   3.828870e-05  -1.475460e-04
   -1.650760e-05  -2.911800e-06  -4.264000e-05
    2.096860e-05   1.909930e-13  -8.642720e-05
   -1.650760e-05   2.911800e-06  -4.264000e-05
    1.752780e-06  -1.519970e-05  -1.792440e-04
   -6.312250e-05   9.013420e-14  -1.037540e-04
    1.752780e-06   1.519970e-05  -1.792440e-04
   -2.453000e-05  -6.589140e-06  -1.006890e-04
    1.439030e-05  -2.263830e-14  -1.352590e-04
   -2.453000e-05   6.589140e-06  -1.006890e-04
    4.032900e-06  -2.209760e-05  -4.869370e-05
   -9.315410e-06  -7.493480e-14  -3.879000e-05
    4.032900e-06   2.209760e-05  -4.869370e-05
   -3.482570e-05  -7.809080e-06  -1.093790e-04
   -3.757820e-06  -2.043460e-13  -1.999080e-04
   -3.482570e-05   7.809080e-06  -1.093790e-04
   -3.673520e-06  -3.297120e-05  -1.132460e-04
   -1.131280e-05  -1.150460e-14  -6.338430e-05
   -3.673520e-06   3.297120e-05  -1.132460e-04
    3.541200e-06  -4.637970e-06  -4.320770e-05
    1.301650e-06  -3.908690e-14  -6.397610e-05
    3.541200e-06   4.637970e-06  -4.320770e-05
   -1.715630e-05  -2.109340e-05  -1.521200e-04
   -1.689320e-05  -1.280680e-13  -9.549660e-05
   -1.715630e-05   2.109340e-05  -1.521200e-04
    7.254260e-06  -6.243130e-06  -9.434990e-05
   -9.558380e-06  -1.699340e-13  -1.039040e-04
    7.254260e-06   6.243130e-06  -9.434990e-05
   -1.572910e-06  -1.540860e-05  -3.771480e-05
    8.328400e-06  -7.419370e-14  -3.961060e-05
   -1.572910e-06   1.540860e-05  -3.771480e-05
    5.570960e-06   4.561700e-07  -9.151570e-05
   -2.652840e-05  -1.391230e-13  -1.679440e-04
    5.570960e-06  -4.561700e-07  -9.151570e-05
   -1.161150e-05  -2.461480e-05  -9.128830e-05
    2.037770e-05  -1.124110e-13  -6.021260e-05
   -1.161150e-05   2.461480e-05  -9.128830e-05
    1.491880e-05  -5.545210e-06  -3.939010e-05
   -3.062350e-07  -5.738160e-14  -5.071630e-05
    1.491880e-05   5.545210e-06  -3.939010e-05
   -3.027710e-05  -1.904310e-05  -1.305100e-04
    2.704610e-05  -1.003850e-13  -7.422900e-05
   -3.027710e-05   1.904310e-05  -1.305100e-04
    3.661510e-05  -3.405720e-06  -8.039200e-05
   -1.052390e-05   1.245150e-13  -8.667140e-05
    3.661510e-05   3.405720e-06  -8.039200e-05
    3.531930e-06  -9.819690e-06  -2.909370e-05
    2.192080e-05  -1.171910e-13  -3.291380e-05
    3.531930e-06   9.819690e-06  -2.909370e-05
   -2.265220e-03  -6.057840e-04  -1.444350e-01
   -2.844630e-03  -1.138450e-03  -1.729400e-03
    1.303710e-02   2.242460e-04  -1.436180e-01
   -1.558800e-03  -3.862900e-04  -2.071700e-01
    8.409630e-03  -1.854550e-04  -2.116860e-01
    4.270360e-03  -1.749010e-04  -2.128690e-01
    2.649690e-02   3.704750e-04  -1.451040e-01
    2.421520e-03  -1.385530e-04  -1.500360e-01
    1.248820e-02  -1.293760e-04  -2.136200e-01
    2.086020e-12   6.342350e-04  -2.483090e-02
   -2.649690e-02   3.704750e-04  -1.451040e-01
   -1.248820e-02  -1.293760e-04  -2.136200e-01
   -4.270360e-03  -1.749010e-04  -2.128690e-01
    1.558800e-03  -3.862900e-04  -2.071700e-01
   -2.421520e-03  -1.385530e-04  -1.500360e-01
    2.265220e-03  -6.057840e-04  -1.444350e-01
   -1.303710e-02   2.242460e-04  -1.436180e-01
    2.844630e-03  -1.138450e-03  -1.729400e-03
   -8.409630e-03  -1.854550e-04  -2.116860e-01
   -2.309790e-03  -6.366350e-04  -1.409620e-01
   -2.354360e-03  -6.699450e-04  -1.378850e-01
   -2.398930e-03  -7.055050e-04  -1.344040e-01
   -2.443500e-03  -7.431030e-04  -1.298600e-01
   -2.488070e-03  -7.825300e-04  -1.237320e-01
   -2.532640e-03  -8.235760e-04  -1.156420e-01
   -2.577210e-03  -8.660280e-04  -1.053510e-01
   -2.621780e-03  -9.096770e-04  -9.276160e-02
   -2.666350e-03  -9.543100e-04  -7.791570e-02
   -2.710920e-03  -9.997160e-04  -6.099630e-02
   -2.755490e-03  -1.045680e-03  -4.232630e-02
   -2.800060e-03  -1.092000e-03  -2.236940e-02
    1.577870e-02   1.486660e-04  -1.405340e-01
    1.916500e-02   6.983490e-05  -1.385180e-01
    2.272800e-02  -1.199980e-05  -1.367910e-01
    2.606440e-02  -9.659190e-05  -1.346810e-01
    2.883540e-02  -1.836950e-04  -1.316220e-01
    3.076700e-02  -2.730610e-04  -1.271580e-01
    3.164970e-02  -3.644440e-04  -1.209410e-01
    3.133890e-02  -4.575970e-04  -1.127280e-01
    2.975430e-02  -5.522730e-04  -1.023870e-01
    2.688040e-02  -6.482240e-04  -8.989060e-02
    2.276650e-02  -7.452040e-04  -7.532180e-02
    1.752630e-02  -8.429640e-04  -5.887010e-02
    1.133820e-02  -9.412570e-04  -4.083280e-02
    4.445300e-03  -1.039840e-03  -2.161480e-02
   -1.686280e-03  -3.675500e-04  -2.048090e-01
   -2.312350e-03  -3.428800e-04  -2.032720e-01
   -3.091740e-03  -3.129220e-04  -2.019850e-01
   -3.743840e-03  -2.783200e-04  -2.004810e-01
   -4.052640e-03  -2.397170e-04  -1.983980e-01
   -3.866810e-03  -1.977590e-04  -1.954850e-01
   -3.099670e-03  -1.530910e-04  -1.915970e-01
   -1.729130e-03  -1.063590e-04  -1.866980e-01
    2.021990e-04  -5.820940e-05  -1.808580e-01
    2.587090e-03  -9.288330e-06  -1.742560e-01
    5.253690e-03   3.975720e-05  -1.671800e-01
    7.965460e-03   8.828040e-05  -1.600210e-01
    1.042130e-02   1.356340e-04  -1.532840e-01
    1.225530e-02   1.811720e-04  -1.475770e-01
    8.790340e-04  -3.528720e-04  -2.077540e-01
    2.840160e-03  -3.227820e-04  -2.083320e-01
    4.392670e-03  -2.955430e-04  -2.089040e-01
    5.604670e-03  -2.706790e-04  -2.094720e-01
    6.544270e-03  -2.477120e-04  -2.100330e-01
    7.279560e-03  -2.261690e-04  -2.105890e-01
    7.878650e-03  -2.055750e-04  -2.111400e-01
    1.111340e-02   1.163900e-04  -1.437400e-01
    9.636970e-03   9.341050e-06  -1.438550e-01
    8.385640e-03  -9.671890e-05  -1.439660e-01
    7.137410e-03  -2.016070e-04  -1.440700e-01
    5.670240e-03  -3.051400e-04  -1.441700e-01
    3.762110e-03  -4.071360e-04  -1.442640e-01
    1.190960e-03  -5.074120e-04  -1.443520e-01
    5.312560e-03  -1.884630e-04  -2.149150e-01
    7.021510e-03  -2.011870e-04  -2.180660e-01
    9.002270e-03  -2.132820e-04  -2.216640e-01
    1.092450e-02  -2.249570e-04  -2.251590e-01
    1.252250e-02  -2.364220e-04  -2.281080e-01
    1.359530e-02  -2.478870e-04  -2.301750e-01
    1.400640e-02  -2.595620e-04  -2.311340e-01
    1.368420e-02  -2.716620e-04  -2.308650e-01
    1.262140e-02  -2.843970e-04  -2.293550e-01
    1.087570e-02  -2.979840e-04  -2.267020e-01
    8.569180e-03  -3.126380e-04  -2.231080e-01
    5.888690e-03  -3.285760e-04  -2.188850e-01
    3.085690e-03  -3.460170e-04  -2.144520e-01
    4.762740e-04  -3.651810e-04  -2.103350e-01
    2.262900e-02   3.175460e-04  -1.536400e-01
    1.828610e-02   2.673120e-04  -1.629610e-01
    1.385020e-02   2.197080e-04  -1.724310e-01
    9.639030e-03   1.746630e-04  -1.815220e-01
    5.905500e-03   1.321030e-04  -1.898100e-01
    2.837930e-03   9.195090e-05  -1.969820e-01
    5.599650e-04   5.412800e-05  -2.028330e-01
   -8.693520e-04   1.855220e-05  -2.072630e-01
   -1.455650e-03  -1.486130e-05  -2.102820e-01
   -1.269190e-03  -4.619890e-05  -2.120080e-01
   -4.448660e-04  -7.554920e-05  -2.126640e-01
    8.177590e-04  -1.030030e-04  -2.125850e-01
    2.254500e-03  -1.286510e-04  -2.122090e-01
    3.536530e-03  -1.525860e-04  -2.120850e-01
    1.929610e-02   3.284150e-04  -1.457400e-01
    1.377180e-02   2.777200e-04  -1.463700e-01
    9.684610e-03   2.196290e-04  -1.469950e-01
    6.794950e-03   1.553790e-04  -1.476140e-01
    4.863320e-03   8.620300e-05  -1.482270e-01
    3.650210e-03   1.333490e-05  -1.488360e-01
    2.916110e-03  -6.199410e-05  -1.494390e-01
   -1.613140e-03  -3.911930e-04  -2.049820e-01
   -1.667480e-03  -3.981470e-04  -2.032840e-01
   -1.721820e-03  -4.071340e-04  -2.014730e-01
   -1.776160e-03  -4.181400e-04  -1.990820e-01
   -1.830500e-03  -4.311490e-04  -1.957900e-01
   -1.884840e-03  -4.461470e-04  -1.914120e-01
   -1.939180e-03  -4.631210e-04  -1.859040e-01
   -1.993520e-03  -4.820590e-04  -1.793660e-01
   -2.047860e-03  -5.029480e-04  -1.720330e-01
   -2.102200e-03  -5.257770e-04  -1.642850e-01
   -2.156540e-03  -5.505340e-04  -1.566400e-01
   -2.210880e-03  -5.772060e-04  -1.497570e-01
    1.140770e-02  -1.602400e-04  -2.160580e-01
    1.032710e-02  -1.898270e-04  -2.193130e-01
    9.246580e-03  -2.179720e-04  -2.226780e-01
    8.166040e-03  -2.445130e-04  -2.255870e-01
    7.085500e-03  -2.692940e-04  -2.276120e-01
    6.004960e-03  -2.921610e-04  -2.284670e-01
    4.924420e-03  -3.129620e-04  -2.280070e-01
    3.843890e-03  -3.315500e-04  -2.262270e-01
    2.763350e-03  -3.477790e-04  -2.232620e-01
    1.682810e-03  -3.615080e-04  -2.193880e-01
    6.022740e-04  -3.725940e-04  -2.150200e-01
   -4.782610e-04  -3.809010e-04  -2.107150e-01
    5.354350e-03  -1.680760e-04  -2.129820e-01
    6.288170e-03  -1.615960e-04  -2.130900e-01
    7.138780e-03  -1.554500e-04  -2.131920e-01
    7.973170e-03  -1.496260e-04  -2.132880e-01
    8.858330e-03  -1.441130e-04  -2.133790e-01
    9.861230e-03  -1.389040e-04  -2.134650e-01
    1.104890e-02  -1.339920e-04  -2.135450e-01
   -1.165380e-03   7.622480e-04  -2.800360e-02
   -6.512570e-04   8.498470e-04  -3.396970e-02
    1.057510e-03   9.015590e-04  -4.192110e-02
    3.540710e-03   9.219130e-04  -5.115730e-02
    6.442780e-03   9.154350e-04  -6.108570e-02
    9.472810e-03   8.866520e-04  -7.122160e-02
    1.240450e-02   8.400920e-04  -8.118770e-02
    1.507620e-02   7.802800e-04  -9.071480e-02
    1.739100e-02   7.117410e-04  -9.964100e-02
    1.931650e-02   6.390000e-04  -1.079130e-01
    2.088490e-02   5.665780e-04  -1.155830e-01
    2.219330e-02   4.989970e-04  -1.228150e-01
    2.340320e-02   4.407750e-04  -1.298760e-01
    2.474070e-02   3.964300e-04  -1.371440e-01
    1.165380e-03   7.622480e-04  -2.800360e-02
    6.512570e-04   8.498470e-04  -3.396970e-02
   -1.057510e-03   9.015590e-04  -4.192110e-02
   -3.540710e-03   9.219130e-04  -5.115730e-02
   -6.442780e-03   9.154350e-04  -6.108570e-02
   -9.472810e-03   8.866520e-04  -7.122160e-02
   -1.240450e-02   8.400920e-04  -8.118770e-02
   -1.507620e-02   7.802800e-04  -9.071480e-02
   -1.739100e-02   7.117410e-04  -9.964100e-02
   -1.931650e-02   6.390000e-04  -1.079130e-01
   -2.088490e-02   5.665780e-04  -1.155830e-01
   -2.219330e-02   4.989970e-04  -1.228150e-01
   -2.340320e-02   4.407750e-04  -1.298760e-01
   -2.474070e-02   3.964300e-04  -1.371440e-01
   -2.038220e-03   1.103320e-04  -1.463560e-02
   -4.076440e-03   1.305510e-04  -2.139680e-02
   -6.114660e-03   1.605230e-04  -3.114540e-02
   -8.152880e-03   1.974040e-04  -4.289340e-02
   -1.019110e-02   2.383490e-04  -5.579340e-02
   -1.222930e-02   2.805110e-04  -6.913830e-02
   -1.426750e-02   3.210450e-04  -8.236150e-02
   -1.630580e-02   3.571030e-04  -9.503670e-02
   -1.834400e-02   3.858370e-04  -1.068780e-01
   -2.038220e-02   4.043950e-04  -1.177400e-01
   -2.242040e-02   4.099250e-04  -1.276180e-01
   -2.445860e-02   3.995710e-04  -1.366480e-01
    2.353010e-12   3.443120e-04  -1.307090e-02
    1.932160e-12   8.344940e-04  -1.414620e-02
    6.209650e-13   1.324680e-03  -1.521600e-02
    3.335730e-13   1.470240e-03  -1.842620e-02
    2.371350e-12   1.241180e-03  -2.056650e-02
    4.188340e-12   9.416520e-04  -2.270140e-02
    2.541930e-02   3.303320e-04  -1.542220e-01
    2.434170e-02   2.897010e-04  -1.640550e-01
    2.326410e-02   2.488020e-04  -1.738830e-01
    2.218650e-02   2.078520e-04  -1.831250e-01
    2.110890e-02   1.670620e-04  -1.913410e-01
    2.003130e-02   1.266410e-04  -1.982300e-01
    1.895370e-02   8.679160e-05  -2.036340e-01
    1.787610e-02   4.771510e-05  -2.075330e-01
    1.679850e-02   9.606890e-06  -2.100490e-01
    1.572100e-02  -2.734150e-05  -2.114430e-01
    1.464340e-02  -6.294280e-05  -2.121180e-01
    1.356580e-02  -9.701380e-05  -2.126160e-01
    2.038220e-03   1.103320e-04  -1.463560e-02
    4.076440e-03   1.305510e-04  -2.139680e-02
    6.114660e-03   1.605230e-04  -3.114540e-02
    8.152880e-03   1.974040e-04  -4.289340e-02
    1.019110e-02   2.383490e-04  -5.579340e-02
    1.222930e-02   2.805110e-04  -6.913830e-02
    1.426750e-02   3.210450e-04  -8.236150e-02
    1.630580e-02   3.571030e-04  -9.503670e-02
    1.834400e-02   3.858370e-04  -1.068780e-01
    2.038220e-02   4.043950e-04  -1.177400e-01
    2.242040e-02   4.099250e-04  -1.276180e-01
    2.445860e-02   3.995710e-04  -1.366480e-01
   -2.541930e-02   3.303320e-04  -1.542220e-01
   -2.434170e-02   2.897010e-04  -1.640550e-01
   -2.326410e-02   2.488020e-04  -1.738830e-01
   -2.218650e-02   2.078520e-04  -1.831250e-01
   -2.110890e-02   1.670620e-04  -1.913410e-01
   -2.003130e-02   1.266410e-04  -1.982300e-01
   -1.895370e-02   8.679160e-05  -2.036340e-01
   -1.787610e-02   4.771510e-05  -2.075330e-01
   -1.679850e-02   9.606890e-06  -2.100490e-01
   -1.572100e-02  -2.734150e-05  -2.114430e-01
   -1.464340e-02  -6.294280e-05  -2.121180e-01
   -1.356580e-02  -9.701380e-05  -2.126160e-01
   -2.262900e-02   3.175460e-04  -1.536400e-01
   -1.828610e-02   2.673120e-04  -1.629610e-01
   -1.385020e-02   2.197080e-04  -1.724310e-01
   -9.639030e-03   1.746630e-04  -1.815220e-01
   -5.905500e-03   1.321030e-04  -1.898100e-01
   -2.837930e-03   9.195090e-05  -1.969820e-01
   -5.599650e-04   5.412800e-05  -2.028330e-01
    8.693520e-04   1.855220e-05  -2.072630e-01
    1.455650e-03  -1.486130e-05  -2.102820e-01
    1.269190e-03  -4.619890e-05  -2.120080e-01
    4.448660e-04  -7.554920e-05  -2.126640e-01
   -8.177590e-04  -1.030030e-04  -2.125850e-01
   -2.254500e-03  -1.286510e-04  -2.122090e-01
   -3.536530e-03  -1.525860e-04  -2.120850e-01
   -5.354350e-03  -1.680750e-04  -2.129820e-01
   -6.288170e-03  -1.615960e-04  -2.130900e-01
   -7.138780e-03  -1.554500e-04  -2.131920e-01
   -7.973170e-03  -1.496260e-04  -2.132880e-01
   -8.858330e-03  -1.441130e-04  -2.133790e-01
   -9.861230e-03  -1.389040e-04  -2.134650e-01
   -1.104890e-02  -1.339920e-04  -2.135450e-01
   -1.140770e-02  -1.602400e-04  -2.160580e-01
   -1.032710e-02  -1.898270e-04  -2.193130e-01
   -9.246580e-03  -2.179720e-04  -2.226780e-01
   -8.166040e-03  -2.445130e-04  -2.255870e-01
   -7.085500e-03  -2.692940e-04  -2.276120e-01
   -6.004960e-03  -2.921610e-04  -2.284670e-01
   -4.924420e-03  -3.129620e-04  -2.280070e-01
   -3.843890e-03  -3.315500e-04  -2.262270e-01
   -2.763350e-03  -3.477790e-04  -2.232620e-01
   -1.682810e-03  -3.615080e-04  -2.193880e-01
   -6.022740e-04  -3.725940e-04  -2.150200e-01
    4.782610e-04  -3.809010e-04  -2.107150e-01
   -1.929610e-02   3.284150e-04  -1.457400e-01
   -1.377180e-02   2.777200e-04  -1.463700e-01
   -9.684610e-03   2.196290e-04  -1.469950e-01
   -6.794950e-03   1.553790e-04  -1.476140e-01
   -4.863320e-03   8.620300e-05  -1.482270e-01
   -3.650210e-03   1.333490e-05  -1.488360e-01
   -2.916110e-03  -6.199410e-05  -1.494390e-01
   -5.312560e-03  -1.884630e-04  -2.149150e-01
   -7.021510e-03  -2.011870e-04  -2.180660e-01
   -9.002270e-03  -2.132820e-04  -2.216640e-01
   -1.092450e-02  -2.249570e-04  -2.251590e-01
   -1.252250e-02  -2.364220e-04  -2.281080e-01
   -1.359530e-02  -2.478870e-04  -2.301750e-01
   -1.400640e-02  -2.595620e-04  -2.311340e-01
   -1.368420e-02  -2.716620e-04  -2.308650e-01
   -1.262140e-02  -2.843970e-04  -2.293550e-01
   -1.087570e-02  -2.979840e-04  -2.267020e-01
   -8.569180e-03  -3.126380e-04  -2.231080e-01
   -5.888690e-03  -3.285760e-04  -2.188850e-01
   -3.085690e-03  -3.460170e-04  -2.144520e-01
   -4.762730e-04  -3.651810e-04  -2.103350e-01
    1.613140e-03  -3.911930e-04  -2.049820e-01
    1.667480e-03  -3.981470e-04  -2.032840e-01
    1.721820e-03  -4.071340e-04  -2.014730e-01
    1.776160e-03  -4.181400e-04  -1.990820e-01
    1.830500e-03  -4.311490e-04  -1.957900e-01
    1.884840e-03  -4.461470e-04  -1.914120e-01
    1.939180e-03  -4.631210e-04  -1.859040e-01
    1.993520e-03  -4.820590e-04  -1.793660e-01
    2.047860e-03  -5.029480e-04  -1.720330e-01
    2.102200e-03  -5.257770e-04  -1.642850e-01
    2.156540e-03  -5.505340e-04  -1.566400e-01
    2.210880e-03  -5.772060e-04  -1.497570e-01
    1.686280e-03  -3.675500e-04  -2.048090e-01
    2.312350e-03  -3.428800e-04  -2.032720e-01
    3.091740e-03  -3.129220e-04  -2.019850e-01
    3.743840e-03  -2.783200e-04  -2.004810e-01
    4.052640e-03  -2.397170e-04  -1.983980e-01
    3.866810e-03  -1.977590e-04  -1.954850e-01
    3.099670e-03  -1.530910e-04  -1.915970e-01
    1.729130e-03  -1.063590e-04  -1.866980e-01
   -2.021990e-04  -5.820940e-05  -1.808580e-01
   -2.587090e-03  -9.288330e-06  -1.742560e-01
   -5.253690e-03   3.975720e-05  -1.671800e-01
   -7.965460e-03   8.828040e-05  -1.600210e-01
   -1.042130e-02   1.356340e-04  -1.532840e-01
   -1.225530e-02   1.811720e-04  -1.475770e-01
   -1.111340e-02   1.163900e-04  -1.437400e-01
   -9.636970e-03   9.341050e-06  -1.438550e-01
   -8.385640e-03  -9.671890e-05  -1.439660e-01
   -7.137410e-03  -2.016070e-04  -1.440700e-01
   -5.670240e-03  -3.051400e-04  -1.441700e-01
   -3.762110e-03  -4.071360e-04  -1.442640e-01
   -1.190960e-03  -5.074120e-04  -1.443520e-01
    2.309790e-03  -6.366350e-04  -1.409620e-01
    2.354360e-03  -6.699450e-04  -1.378850e-01
    2.398930e-03  -7.055050e-04  -1.344040e-01
    2.443500e-03  -7.431030e-04  -1.298600e-01
    2.488070e-03  -7.825300e-04  -1.237320e-01
    2.532640e-03  -8.235760e-04  -1.156420e-01
    2.577210e-03  -8.660280e-04  -1.053510e-01
    2.621780e-03  -9.096770e-04  -9.276160e-02
    2.666350e-03  -9.543100e-04  -7.791570e-02
    2.710920e-03  -9.997160e-04  -6.099630e-02
    2.755490e-03  -1.045680e-03  -4.232630e-02
    2.800060e-03  -1.092000e-03  -2.236940e-02
   -8.790340e-04  -3.528720e-04  -2.077540e-01
   -2.840160e-03  -3.227820e-04  -2.083320e-01
   -4.392670e-03  -2.955430e-04  -2.089040e-01
   -5.604670e-03  -2.706780e-04  -2.094720e-01
   -6.544270e-03  -2.477120e-04  -2.100330e-01
   -7.279560e-03  -2.261690e-04  -2.105890e-01
   -7.878650e-03  -2.055750e-04  -2.111400e-01
   -1.577870e-02   1.486660e-04  -1.405340e-01
   -1.916500e-02   6.983490e-05  -1.385180e-01
   -2.272800e-02  -1.199980e-05  -1.367910e-01
   -2.606440e-02  -9.659190e-05  -1.346810e-01
   -2.883540e-02  -1.836950e-04  -1.316220e-01
   -3.076700e-02  -2.730610e-04  -1.271580e-01
   -3.164970e-02  -3.644440e-04  -1.209410e-01
   -3.133890e-02  -4.575970e-04  -1.127280e-01
   -2.975430e-02  -5.522730e-04  -1.023870e-01
   -2.688040e-02  -6.482240e-04  -8.989060e-02
   -2.276650e-02  -7.452040e-04  -7.532180e-02
   -1.752630e-02  -8.429640e-04  -5.887010e-02
   -1.133820e-02  -9.412570e-04  -4.083280e-02
   -4.445300e-03  -1.039840e-03  -2.161480e-02
   -2.265220e-03   6.057840e-04  -1.444350e-01
   -2.844630e-03   1.138450e-03  -1.729400e-03
    1.303710e-02  -2.242460e-04  -1.436180e-01
   -1.558800e-03   3.862900e-04  -2.071700e-01
    8.409630e-03   1.854550e-04  -2.116860e-01
    4.270360e-03   1.749010e-04  -2.128690e-01
    2.649690e-02  -3.704750e-04  -1.451040e-01
    2.421520e-03   1.385530e-04  -1.500360e-01
    1.248820e-02   1.293760e-04  -2.136200e-01
    1.153950e-12  -6.342350e-04  -2.483090e-02
   -2.649690e-02  -3.704750e-04  -1.451040e-01
   -1.248820e-02   1.293760e-04  -2.136200e-01
   -4.270360e-03   1.749010e-04  -2.128690e-01
    1.558800e-03   3.862900e-04  -2.071700e-01
   -2.421520e-03   1.385530e-04  -1.500360e-01
    2.265220e-03   6.057840e-04  -1.444350e-01
   -1.303710e-02  -2.242460e-04  -1.436180e-01
    2.844630e-03   1.138450e-03  -1.729400e-03
   -8.409630e-03   1.854550e-04  -2.116860e-01
   -2.309790e-03   6.366350e-04  -1.409620e-01
   -2.354360e-03   6.699450e-04  -1.378850e-01
   -2.398930e-03   7.055050e-04  -1.344040e-01
   -2.443500e-03   7.431030e-04  -1.298600e-01
   -2.488070e-03   7.825300e-04  -1.237320e-01
   -2.532640e-03   8.235760e-04  -1.156420e-01
   -2.577210e-03   8.660280e-04  -1.053510e-01
   -2.621780e-03   9.096770e-04  -9.276160e-02
   -2.666350e-03   9.543100e-04  -7.791570e-02
   -2.710920e-03   9.997160e-04  -6.099630e-02
   -2.755490e-03   1.045680e-03  -4.232630e-02
   -2.800060e-03   1.092000e-03  -2.236940e-02
    1.577870e-02  -1.486660e-04  -1.405340e-01
    1.916500e-02  -6.983490e-05  -1.385180e-01
    2.272800e-02   1.199980e-05  -1.367910e-01
    2.606440e-02   9.659190e-05  -1.346810e-01
    2.883540e-02   1.836950e-04  -1.316220e-01
    3.076700e-02   2.730610e-04  -1.271580e-01
    3.164970e-02   3.644440e-04  -1.209410e-01
    3.133890e-02   4.575970e-04  -1.127280e-01
    2.975430e-02   5.522730e-04  -1.023870e-01
    2.688040e-02   6.482240e-04  -8.989060e-02
    2.276650e-02   7.452040e-04  -7.532180e-02
    1.752630e-02   8.429640e-04  -5.887010e-02
    1.133820e-02   9.412570e-04  -4.083280e-02
    4.445300e-03   1.039840e-03  -2.161480e-02
   -1.686280e-03   3.675500e-04  -2.048090e-01
   -2.312350e-03   3.428800e-04  -2.032720e-01
   -3.091740e-03   3.129220e-04  -2.019850e-01
   -3.743840e-03   2.783200e-04  -2.004810e-01
   -4.052640e-03   2.397170e-04  -1.983980e-01
   -3.866810e-03   1.977590e-04  -1.954850e-01
   -3.099670e-03   1.530910e-04  -1.915970e-01
   -1.729130e-03   1.063590e-04  -1.866980e-01
    2.021990e-04   5.820940e-05  -1.808580e-01
    2.587090e-03   9.288330e-06  -1.742560e-01
    5.253690e-03  -3.975720e-05  -1.671800e-01
    7.965460e-03  -8.828040e-05  -1.600210e-01
    1.042130e-02  -1.356340e-04  -1.532840e-01
    1.225530e-02  -1.811720e-04  -1.475770e-01
    8.790340e-04   3.528720e-04  -2.077540e-01
    2.840160e-03   3.227820e-04  -2.083320e-01
    4.392670e-03   2.955430e-04  -2.089040e-01
    5.604670e-03   2.706780e-04  -2.094720e-01
    6.544270e-03   2.477120e-04  -2.100330e-01
    7.279560e-03   2.261690e-04  -2.105890e-01
    7.878650e-03   2.055750e-04  -2.111400e-01
    1.111340e-02  -1.163900e-04  -1.437400e-01
    9.636970e-03  -9.341050e-06  -1.438550e-01
    8.385640e-03   9.671890e-05  -1.439660e-01
    7.137410e-03   2.016070e-04  -1.440700e-01
    5.670240e-03   3.051400e-04  -1.441700e-01
    3.762110e-03   4.071360e-04  -1.442640e-01
    1.190960e-03   5.074120e-04  -1.443520e-01
    5.312560e-03   1.884630e-04  -2.149150e-01
    7.021510e-03   2.011870e-04  -2.180660e-01
    9.002270e-03   2.132820e-04  -2.216640e-01
    1.092450e-02   2.249570e-04  -2.251590e-01
    1.252250e-02   2.364220e-04  -2.281080e-01
    1.359530e-02   2.478870e-04  -2.301750e-01
    1.400640e-02   2.595620e-04  -2.311340e-01
    1.368420e-02   2.716620e-04  -2.308650e-01
    1.262140e-02   2.843970e-04  -2.293550e-01
    1.087570e-02   2.979840e-04  -2.267020e-01
    8.569180e-03   3.126380e-04  -2.231080e-01
    5.888690e-03   3.285760e-04  -2.188850e-01
    3.085690e-03   3.460170e-04  -2.144520e-01
    4.762730e-04   3.651810e-04  -2.103350e-01
    2.262900e-02  -3.175460e-04  -1.536400e-01
    1.828610e-02  -2.673120e-04  -1.629610e-01
    1.385020e-02  -2.197080e-04  -1.724310e-01
    9.639030e-03  -1.746630e-04  -1.815220e-01
    5.905500e-03  -1.321030e-04  -1.898100e-01
    2.837930e-03  -9.195090e-05  -1.969820e-01
    5.599650e-04  -5.412800e-05  -2.028330e-01
   -8.693520e-04  -1.855220e-05  -2.072630e-01
   -1.455650e-03   1.486130e-05  -2.102820e-01
   -1.269190e-03   4.619890e-05  -2.120080e-01
   -4.448660e-04   7.554920e-05  -2.126640e-01
    8.177590e-04   1.030030e-04  -2.125850e-01
    2.254500e-03   1.286500e-04  -2.122090e-01
    3.536530e-03   1.525860e-04  -2.120850e-01
    1.929610e-02  -3.284150e-04  -1.457400e-01
    1.377180e-02  -2.777200e-04  -1.463700e-01
    9.684610e-03  -2.196290e-04  -1.469950e-01
    6.794950e-03  -1.553790e-04  -1.476140e-01
    4.863320e-03  -8.620300e-05  -1.482270e-01
    3.650210e-03  -1.333500e-05  -1.488360e-01
    2.916110e-03   6.199410e-05  -1.494390e-01
   -1.613140e-03   3.911930e-04  -2.049820e-01
   -1.667480e-03   3.981470e-04  -2.032840e-01
   -1.721820e-03   4.071340e-04  -2.014730e-01
   -1.776160e-03   4.181400e-04  -1.990820e-01
   -1.830500e-03   4.311490e-04  -1.957900e-01
   -1.884840e-03   4.461470e-04  -1.914120e-01
   -1.939180e-03   4.631210e-04  -1.859040e-01
   -1.993520e-03   4.820590e-04  -1.793660e-01
   -2.047860e-03   5.029480e-04  -1.720330e-01
   -2.102200e-03   5.257770e-04  -1.642850e-01
   -2.156540e-03   5.505340e-04  -1.566400e-01
   -2.210880e-03   5.772060e-04  -1.497570e-01
    1.140770e-02   1.602400e-04  -2.160580e-01
    1.032710e-02   1.898270e-04  -2.193130e-01
    9.246580e-03   2.179720e-04  -2.226780e-01
    8.166040e-03   2.445130e-04  -2.255870e-01
    7.085500e-03   2.692940e-04  -2.276120e-01
    6.004960e-03   2.921610e-04  -2.284670e-01
    4.924420e-03   3.129620e-04  -2.280070e-01
    3.843890e-03   3.315500e-04  -2.262270e-01
    2.763350e-03   3.477790e-04  -2.232620e-01
    1.682810e-03   3.615080e-04  -2.193880e-01
    6.022740e-04   3.725940e-04  -2.150200e-01
   -4.782610e-04   3.809010e-04  -2.107150e-01
    5.354350e-03   1.680750e-04  -2.129820e-01
    6.288170e-03   1.615960e-04  -2.130900e-01
    7.138780e-03   1.554500e-04  -2.131920e-01
    7.973170e-03   1.496260e-04  -2.132880e-01
    8.858330e-03   1.441130e-04  -2.133790e-01
    9.861230e-03   1.389040e-04  -2.134650e-01
    1.104890e-02   1.339920e-04  -2.135450e-01
   -1.165380e-03  -7.622480e-04  -2.800360e-02
   -6.512570e-04  -8.498470e-04  -3.396970e-02
    1.057510e-03  -9.015590e-04  -4.192110e-02
    3.540710e-03  -9.219130e-04  -5.115730e-02
    6.442780e-03  -9.154350e-04  -6.108570e-02
    9.472810e-03  -8.866520e-04  -7.122160e-02
    1.240450e-02  -8.400920e-04  -8.118770e-02
    1.507620e-02  -7.802800e-04  -9.071480e-02
    1.739100e-02  -7.117420e-04  -9.964100e-02
    1.931650e-02  -6.390000e-04  -1.079130e-01
    2.088490e-02  -5.665780e-04  -1.155830e-01
    2.219330e-02  -4.989970e-04  -1.228150e-01
    2.340320e-02  -4.407750e-04  -1.298760e-01
    2.474070e-02  -3.964300e-04  -1.371440e-01
    1.165380e-03  -7.622480e-04  -2.800360e-02
    6.512570e-04  -8.498470e-04  -3.396970e-02
   -1.057510e-03  -9.015590e-04  -4.192110e-02
   -3.540710e-03  -9.219130e-04  -5.115730e-02
   -6.442780e-03  -9.154350e-04  -6.108570e-02
   -9.472810e-03  -8.866520e-04  -7.122160e-02
   -1.240450e-02  -8.400920e-04  -8.118770e-02
   -1.507620e-02  -7.802800e-04  -9.071480e-02
   -1.739100e-02  -7.117420e-04  -9.964100e-02
   -1.931650e-02  -6.390000e-04  -1.079130e-01
   -2.088490e-02  -5.665780e-04  -1.155830e-01
   -2.219330e-02  -4.989970e-04  -1.228150e-01
   -2.340320e-02  -4.407750e-04  -1.298760e-01
   -2.474070e-02  -3.964300e-04  -1.371440e-01
   -2.038220e-03  -1.103320e-04  -1.463560e-02
   -4.076440e-03  -1.305510e-04  -2.139680e-02
   -6.114660e-03  -1.605230e-04  -3.114540e-02
   -8.152880e-03  -1.974040e-04  -4.289340e-02
   -1.019110e-02  -2.383490e-04  -5.579340e-02
   -1.222930e-02  -2.805110e-04  -6.913830e-02
   -1.426750e-02  -3.210450e-04  -8.236150e-02
   -1.630580e-02  -3.571030e-04  -9.503670e-02
   -1.834400e-02  -3.858370e-04  -1.068780e-01
   -2.038220e-02  -4.043950e-04  -1.177400e-01
   -2.242040e-02  -4.099250e-04  -1.276180e-01
   -2.445860e-02  -3.995710e-04  -1.366480e-01
    2.631230e-12  -3.443120e-04  -1.307090e-02
    2.876930e-12  -8.344940e-04  -1.414620e-02
   -1.748610e-12  -1.324680e-03  -1.521600e-02
   -1.434890e-12  -1.470240e-03  -1.842620e-02
    2.771560e-12  -1.241180e-03  -2.056650e-02
    2.654650e-12  -9.416520e-04  -2.270140e-02
    2.541930e-02  -3.303320e-04  -1.542220e-01
    2.434170e-02  -2.897010e-04  -1.640550e-01
    2.326410e-02  -2.488020e-04  -1.738830e-01
    2.218650e-02  -2.078520e-04  -1.831250e-01
    2.110890e-02  -1.670620e-04  -1.913410e-01
    2.003130e-02  -1.266410e-04  -1.982300e-01
    1.895370e-02  -8.679160e-05  -2.036340e-01
    1.787610e-02  -4.771510e-05  -2.075330e-01
    1.679850e-02  -9.606890e-06  -2.100490e-01
    1.572100e-02   2.734150e-05  -2.114430e-01
    1.464340e-02   6.294280e-05  -2.121180e-01
    1.356580e-02   9.701380e-05  -2.126160e-01
    2.038220e-03  -1.103320e-04  -1.463560e-02
    4.076440e-03  -1.305510e-04  -2.139680e-02
    6.114660e-03  -1.605230e-04  -3.114540e-02
    8.152880e-03  -1.974040e-04  -4.289340e-02
    1.019110e-02  -2.383490e-04  -5.579340e-02
    1.222930e-02  -2.805110e-04  -6.913830e-02
    1.426750e-02  -3.210450e-04  -8.236150e-02
    1.630580e-02  -3.571030e-04  -9.503670e-02
    1.834400e-02  -3.858370e-04  -1.068780e-01
    2.038220e-02  -4.043950e-04  -1.177400e-01
    2.242040e-02  -4.099250e-04  -1.276180e-01
    2.445860e-02  -3.995710e-04  -1.366480e-01
   -2.541930e-02  -3.303320e-04  -1.542220e-01
   -2.434170e-02  -2.897010e-04  -1.640550e-01
   -2.326410e-02  -2.488020e-04  -1.738830e-01
   -2.218650e-02  -2.078520e-04  -1.831250e-01
   -2.110890e-02  -1.670620e-04  -1.913410e-01
   -2.003130e-02  -1.266410e-04  -1.982300e-01
   -1.895370e-02  -8.679160e-05  -2.036340e-01
   -1.787610e-02  -4.771510e-05  -2.075330e-01
   -1.679850e-02  -9.606890e-06  -2.100490e-01
   -1.572100e-02   2.734150e-05  -2.114430e-01
   -1.464340e-02   6.294280e-05  -2.121180e-01
   -1.356580e-02   9.701380e-05  -2.126160e-01
   -2.262900e-02  -3.175460e-04  -1.536400e-01
   -1.828610e-02  -2.673120e-04  -1.629610e-01
   -1.385020e-02  -2.197080e-04  -1.724310e-01
   -9.639030e-03  -1.746630e-04  -1.815220e-01
   -5.905500e-03  -1.321030e-04  -1.898100e-01
   -2.837930e-03  -9.195090e-05  -1.969820e-01
   -5.599650e-04  -5.412800e-05  -2.028330e-01
    8.693520e-04  -1.855220e-05  -2.072630e-01
    1.455650e-03   1.486130e-05  -2.102820e-01
    1.269190e-03   4.619890e-05  -2.120080e-01
    4.448660e-04   7.554920e-05  -2.126640e-01
   -8.177590e-04   1.030030e-04  -2.125850e-01
   -2.254500e-03   1.286510e-04  -2.122090e-01
   -3.536530e-03   1.525860e-04  -2.120850e-01
   -5.354350e-03   1.680750e-04  -2.129820e-01
   -6.288170e-03   1.615960e-04  -2.130900e-01
   -7.138780e-03   1.554500e-04  -2.131920e-01
   -7.973170e-03   1.496260e-04  -2.132880e-01
   -8.858330e-03   1.441130e-04  -2.133790e-01
   -9.861230e-03   1.389040e-04  -2.134650e-01
   -1.104890e-02   1.339920e-04  -2.135450e-01
   -1.140770e-02   1.602400e-04  -2.160580e-01
   -1.032710e-02   1.898270e-04  -2.193130e-01
   -9.246580e-03   2.179720e-04  -2.226780e-01
   -8.166040e-03   2.445130e-04  -2.255870e-01
   -7.085500e-03   2.692940e-04  -2.276120e-01
   -6.004960e-03   2.921610e-04  -2.284670e-01
   -4.924420e-03   3.129620e-04  -2.280070e-01
   -3.843890e-03   3.315500e-04  -2.262270e-01
   -2.763350e-03   3.477790e-04  -2.232620e-01
   -1.682810e-03   3.615080e-04  -2.193880e-01
   -6.022740e-04   3.725940e-04  -2.150200e-01
    4.782610e-04   3.809010e-04  -2.107150e-01
   -1.929610e-02  -3.284150e-04  -1.457400e-01
   -1.377180e-02  -2.777200e-04  -1.463700e-01
   -9.684610e-03  -2.196290e-04  -1.469950e-01
   -6.794950e-03  -1.553790e-04  -1.476140e-01
   -4.863320e-03  -8.620300e-05  -1.482270e-01
   -3.650210e-03  -1.333500e-05  -1.488360e-01
   -2.916110e-03   6.199410e-05  -1.494390e-01
   -5.312560e-03   1.884630e-04  -2.149150e-01
   -7.021510e-03   2.011870e-04  -2.180660e-01
   -9.002270e-03   2.132820e-04  -2.216640e-01
   -1.092450e-02   2.249570e-04  -2.251590e-01
   -1.252250e-02   2.364220e-04  -2.281080e-01
   -1.359530e-02   2.478870e-04  -2.301750e-01
   -1.400640e-02   2.595620e-04  -2.311340e-01
   -1.368420e-02   2.716620e-04  -2.308650e-01
   -1.262140e-02   2.843970e-04  -2.293550e-01
   -1.087570e-02   2.979840e-04  -2.267020e-01
   -8.569180e-03   3.126380e-04  -2.231080e-01
   -5.888690e-03   3.285760e-04  -2.188850e-01
   -3.085690e-03   3.460170e-04  -2.144520e-01
   -4.762730e-04   3.651810e-04  -2.103350e-01
    1.613140e-03   3.911930e-04  -2.049820e-01
    1.667480e-03   3.981470e-04  -2.032840e-01
    1.721820e-03   4.071340e-04  -2.014730e-01
    1.776160e-03   4.181400e-04  -1.990820e-01
    1.830500e-03   4.311490e-04  -1.957900e-01
    1.884840e-03   4.461470e-04  -1.914120e-01
    1.939180e-03   4.631210e-04  -1.859040e-01
    1.993520e-03   4.820590e-04  -1.793660e-01
    2.047860e-03   5.029480e-04  -1.720330e-01
    2.102200e-03   5.257770e-04  -1.642850e-01
    2.156540e-03   5.505340e-04  -1.566400e-01
    2.210880e-03   5.772060e-04  -1.497570e-01
    1.686280e-03   3.675500e-04  -2.048090e-01
    2.312350e-03   3.428800e-04  -2.032720e-01
    3.091740e-03   3.129220e-04  -2.019850e-01
    3.743840e-03   2.783200e-04  -2.004810e-01
    4.052640e-03   2.397170e-04  -1.983980e-01
    3.866810e-03   1.977590e-04  -1.954850e-01
    3.099670e-03   1.530910e-04  -1.915970e-01
    1.729130e-03   1.063590e-04  -1.866980e-01
   -2.021990e-04   5.820940e-05  -1.808580e-01
   -2.587090e-03   9.288330e-06  -1.742560e-01
   -5.253690e-03  -3.975720e-05  -1.671800e-01
   -7.965460e-03  -8.828040e-05  -1.600210e-01
   -1.042130e-02  -1.356340e-04  -1.532840e-01
   -1.225530e-02  -1.811720e-04  -1.475770e-01
   -1.111340e-02  -1.163900e-04  -1.437400e-01
   -9.636970e-03  -9.341050e-06  -1.438550e-01
   -8.385640e-03   9.671890e-05  -1.439660e-01
   -7.137410e-03   2.016070e-04  -1.440700e-01
   -5.670240e-03   3.051400e-04  -1.441700e-01
   -3.762110e-03   4.071360e-04  -1.442640e-01
   -1.190960e-03   5.074120e-04  -1.443520e-01
    2.309790e-03   6.366350e-04  -1.409620e-01
    2.354360e-03   6.699450e-04  -1.378850e-01
    2.398930e-03   7.055050e-04  -1.344040e-01
    2.443500e-03   7.431030e-04  -1.298600e-01
    2.488070e-03   7.825300e-04  -1.237320e-01
    2.532640e-03   8.235760e-04  -1.156420e-01
    2.577210e-03   8.660280e-04  -1.053510e-01
    2.621780e-03   9.096770e-04  -9.276160e-02
    2.666350e-03   9.543100e-04  -7.791570e-02
    2.710920e-03   9.997160e-04  -6.099630e-02
    2.755490e-03   1.045680e-03  -4.232630e-02
    2.800060e-03   1.092000e-03  -2.236940e-02
   -8.790340e-04   3.528720e-04  -2.077540e-01
   -2.840160e-03   3.227820e-04  -2.083320e-01
   -4.392670e-03   2.955430e-04  -2.089040e-01
   -5.604670e-03   2.706790e-04  -2.094720e-01
   -6.544270e-03   2.477120e-04  -2.100330e-01
   -7.279560e-03   2.261690e-04  -2.105890e-01
   -7.878650e-03   2.055750e-04  -2.111400e-01
   -1.577870e-02  -1.486660e-04  -1.405340e-01
   -1.916500e-02  -6.983490e-05  -1.385180e-01
   -2.272800e-02   1.199980e-05  -1.367910e-01
   -2.606440e-02   9.659190e-05  -1.346810e-01
   -2.883540e-02   1.836950e-04  -1.316220e-01
   -3.076700e-02   2.730610e-04  -1.271580e-01
   -3.164970e-02   3.644440e-04  -1.209410e-01
   -3.133890e-02   4.575970e-04  -1.127280e-01
   -2.975430e-02   5.522730e-04  -1.023870e-01
   -2.688040e-02   6.482240e-04  -8.989060e-02
   -2.276650e-02   7.452040e-04  -7.532180e-02
   -1.752630e-02   8.429640e-04  -5.887010e-02
   -1.133820e-02   9.412570e-04  -4.083280e-02
   -4.445300e-03   1.039840e-03  -2.161480e-02
VECTORS Rotation float
   -1.619000e-02   6.435090e-03   0.000000e+00
    1.619000e-02   6.435090e-03   0.000000e+00
    1.301950e-02  -2.819860e-03   0.000000e+00
   -1.301950e-02  -2.819860e-03   0.000000e+00
    1.381450e-02   9.531280e-04   0.000000e+00
   -1.381450e-02   9.531280e-04   0.000000e+00
    1.331700e-02   2.563290e-03   0.000000e+00
   -1.331700e-02   2.563290e-03   0.000000e+00
    1.434330e-02  -4.348610e-13   0.000000e+00
   -1.434330e-02   2.776960e-13   0.000000e+00
    1.331700e-02  -2.563290e-03   0.000000e+00
   -1.331700e-02  -2.563290e-03   0.000000e+00
    1.381450e-02  -9.531280e-04   0.000000e+00
   -1.381450e-02  -9.531280e-04   0.000000e+00
    1.301950e-02   2.819860e-03   0.000000e+00
   -1.301950e-02   2.819860e-03   0.000000e+00
    1.619000e-02  -6.435090e-03   0.000000e+00
   -1.619000e-02  -6.435090e-03   0.000000e+00
    4.205280e-03   3.890690e-02   0.000000e+00
   -4.205280e-03   3.890690e-02   0.000000e+00
   -4.205280e-03  -3.890690e-02   0.000000e+00
    4.205280e-03  -3.890690e-02   0.000000e+00
   -7.449690e-03   6.365880e-03   0.000000e+00
    1.188300e-12   6.128840e-03   0.000000e+00
    7.449690e-03   6.365880e-03   0.000000e+00
    1.007580e-02  -8.021940e-03   0.000000e+00
    4.456830e-03  -1.177990e-02   0.000000e+00
    1.308450e-03  -1.138640e-02   0.000000e+00
   -8.581490e-04  -7.978730e-03   0.000000e+00
   -1.339480e-03  -2.822080e-03   0.000000e+00
   -1.356290e-03   2.673080e-03   0.000000e+00
    3.933540e-04   7.137340e-03   0.000000e+00
    2.829530e-03   9.256880e-03   0.000000e+00
    7.890880e-03   7.888170e-03   0.000000e+00
    6.067200e-03  -2.799970e-03   0.000000e+00
    1.363800e-13  -2.744700e-03   0.000000e+00
   -6.067200e-03  -2.799970e-03   0.000000e+00
   -7.890880e-03   7.888170e-03   0.000000e+00
   -2.829530e-03   9.256880e-03   0.000000e+00
   -3.933540e-04   7.137340e-03   0.000000e+00
    1.356290e-03   2.673080e-03   0.000000e+00
    1.339480e-03  -2.822080e-03   0.000000e+00
    8.581490e-04  -7.978730e-03   0.000000e+00
   -1.308450e-03  -1.138640e-02   0.000000e+00
   -4.456830e-03  -1.177990e-02   0.000000e+00
   -1.007580e-02  -8.021940e-03   0.000000e+00
    7.752730e-03  -1.339730e-02   0.000000e+00
    2.493020e-03  -1.438970e-02   0.000000e+00
   -2.252000e-05  -1.163230e-02   0.000000e+00
   -2.037030e-03  -6.285800e-03   0.000000e+00
   -2.043360e-03   3.542200e-04   0.000000e+00
   -1.914650e-03   6.896580e-03   0.000000e+00
    2.632990e-04   1.195310e-02   0.000000e+00
    2.895900e-03   1.422700e-02   0.000000e+00
    8.423140e-03   1.257420e-02   0.000000e+00
    6.440160e-03   9.507690e-04   0.000000e+00
   -1.447990e-12   9.409980e-04   0.000000e+00
   -6.440160e-03   9.507690e-04   0.000000e+00
   -8.423140e-03   1.257420e-02   0.000000e+00
   -2.895900e-03   1.422700e-02   0.000000e+00
   -2.632990e-04   1.195310e-02   0.000000e+00
    1.914650e-03   6.896580e-03   0.000000e+00
    2.043360e-03   3.542200e-04   0.000000e+00
    2.037030e-03  -6.285800e-03   0.000000e+00
    2.252000e-05  -1.163230e-02   0.000000e+00
   -2.493020e-03  -1.438970e-02   0.000000e+00
   -7.752730e-03  -1.339730e-02   0.000000e+00
    8.453990e-03  -1.068800e-02   0.000000e+00
    2.935900e-03  -1.240490e-02   0.000000e+00
    3.564020e-04  -1.023530e-02   0.000000e+00
   -1.834050e-03  -5.327170e-03   0.000000e+00
   -1.885400e-03   1.026860e-03   0.000000e+00
   -1.912080e-03   7.434630e-03   0.000000e+00
    2.104740e-04   1.250940e-02   0.000000e+00
    2.680860e-03   1.495190e-02   0.000000e+00
    8.105850e-03   1.361200e-02   0.000000e+00
    6.222670e-03   2.557660e-03   0.000000e+00
    4.092710e-12   2.539200e-03   0.000000e+00
   -6.222670e-03   2.557660e-03   0.000000e+00
   -8.105850e-03   1.361200e-02   0.000000e+00
   -2.680860e-03   1.495190e-02   0.000000e+00
   -2.104740e-04   1.250940e-02   0.000000e+00
    1.912080e-03   7.434630e-03   0.000000e+00
    1.885400e-03   1.026860e-03   0.000000e+00
    1.834050e-03  -5.327170e-03   0.000000e+00
   -3.564020e-04  -1.023530e-02   0.000000e+00
   -2.935900e-03  -1.240490e-02   0.000000e+00
   -8.453990e-03  -1.068800e-02   0.000000e+00
    8.157560e-03  -8.526520e-03   0.000000e+00
    2.776770e-03  -9.991170e-03   0.000000e+00
    3.658250e-04  -7.755610e-03   0.000000e+00
   -1.719890e-03  -2.971370e-03   0.000000e+00
   -1.625260e-03   3.063620e-03   0.000000e+00
   -1.543600e-03   8.961540e-03   0.000000e+00
    7.260990e-04   1.333140e-02   0.000000e+00
    3.333910e-03   1.487990e-02   0.000000e+00
    8.954880e-03   1.246290e-02   0.000000e+00
    6.704940e-03   7.000500e-14   0.000000e+00
   -8.059470e-13   1.231500e-13   0.000000e+00
   -6.704940e-03  -4.328730e-14   0.000000e+00
   -8.954880e-03   1.246290e-02   0.000000e+00
   -3.333910e-03   1.487990e-02   0.000000e+00
   -7.260990e-04   1.333140e-02   0.000000e+00
    1.543600e-03   8.961540e-03   0.000000e+00
    1.625260e-03   3.063620e-03   0.000000e+00
    1.719890e-03  -2.971370e-03   0.000000e+00
   -3.658250e-04  -7.755610e-03   0.000000e+00
   -2.776770e-03  -9.991170e-03   0.000000e+00
   -8.157560e-03  -8.526520e-03   0.000000e+00
    8.954880e-03  -1.246290e-02   0.000000e+00
    3.333910e-03  -1.487990e-02   0.000000e+00
    7.260990e-04  -1.333140e-02   0.000000e+00
   -1.543600e-03  -8.961540e-03   0.000000e+00
   -1.625260e-03  -3.063620e-03   0.000000e+00
   -1.719890e-03   2.971370e-03   0.000000e+00
    3.658250e-04   7.755610e-03   0.000000e+00
    2.776770e-03   9.991170e-03   0.000000e+00
    8.157560e-03   8.526520e-03   0.000000e+00
    6.222670e-03  -2.557660e-03   0.000000e+00
    4.230850e-13  -2.539200e-03   0.000000e+00
   -6.222670e-03  -2.557660e-03   0.000000e+00
   -8.157560e-03   8.526520e-03   0.000000e+00
   -2.776770e-03   9.991170e-03   0.000000e+00
   -3.658250e-04   7.755610e-03   0.000000e+00
    1.719890e-03   2.971370e-03   0.000000e+00
    1.625260e-03  -3.063620e-03   0.000000e+00
    1.543600e-03  -8.961540e-03   0.000000e+00
   -7.260990e-04  -1.333140e-02   0.000000e+00
   -3.333910e-03  -1.487990e-02   0.000000e+00
   -8.954880e-03  -1.246290e-02   0.000000e+00
    8.105850e-03  -1.361200e-02   0.000000e+00
    2.680860e-03  -1.495190e-02   0.000000e+00
    2.104740e-04  -1.250940e-02   0.000000e+00
   -1.912080e-03  -7.434630e-03   0.000000e+00
   -1.885400e-03  -1.026860e-03   0.000000e+00
   -1.834050e-03   5.327170e-03   0.000000e+00
    3.564020e-04   1.023530e-02   0.000000e+00
    2.935900e-03   1.240490e-02   0.000000e+00
    8.453990e-03   1.068800e-02   0.000000e+00
    6.440160e-03  -9.507690e-04   0.000000e+00
   -9.275850e-13  -9.409980e-04   0.000000e+00
   -6.440160e-03  -9.507690e-04   0.000000e+00
   -8.453990e-03   1.068800e-02   0.000000e+00
   -2.935900e-03   1.240490e-02   0.000000e+00
   -3.564020e-04   1.023530e-02   0.000000e+00
    1.834050e-03   5.327170e-03   0.000000e+00
    1.885400e-03  -1.026860e-03   0.000000e+00
    1.912080e-03  -7.434630e-03   0.000000e+00
   -2.104740e-04  -1.250940e-02   0.000000e+00
   -2.680860e-03  -1.495190e-02   0.000000e+00
   -8.105850e-03  -1.361200e-02   0.000000e+00
    8.423140e-03  -1.257420e-02   0.000000e+00
    2.895900e-03  -1.422700e-02   0.000000e+00
    2.632990e-04  -1.195310e-02   0.000000e+00
   -1.914650e-03  -6.896580e-03   0.000000e+00
   -2.043360e-03  -3.542200e-04   0.000000e+00
   -2.037030e-03   6.285800e-03   0.000000e+00
   -2.252000e-05   1.163230e-02   0.000000e+00
    2.493020e-03   1.438970e-02   0.000000e+00
    7.752730e-03   1.339730e-02   0.000000e+00
    6.067200e-03   2.799970e-03   0.000000e+00
    3.768210e-13   2.744700e-03   0.000000e+00
   -6.067200e-03   2.799970e-03   0.000000e+00
   -7.752730e-03   1.339730e-02   0.000000e+00
   -2.493020e-03   1.438970e-02   0.000000e+00
    2.252000e-05   1.163230e-02   0.000000e+00
    2.037030e-03   6.285800e-03   0.000000e+00
    2.043360e-03  -3.542200e-04   0.000000e+00
    1.914650e-03  -6.896580e-03   0.000000e+00
   -2.632990e-04  -1.195310e-02   0.000000e+00
   -2.895900e-03  -1.422700e-02   0.000000e+00
   -8.423140e-03  -1.257420e-02   0.000000e+00
    7.890880e-03  -7.888170e-03   0.000000e+00
    2.829530e-03  -9.256880e-03   0.000000e+00
    3.933540e-04  -7.137340e-03   0.000000e+00
   -1.356290e-03  -2.673080e-03   0.000000e+00
   -1.339480e-03   2.822080e-03   0.000000e+00
   -8.581490e-04   7.978730e-03   0.000000e+00
    1.308450e-03   1.138640e-02   0.000000e+00
    4.456830e-03   1.177990e-02   0.000000e+00
    1.007580e-02   8.021940e-03   0.000000e+00
    7.449690e-03  -6.365880e-03   0.000000e+00
   -4.373650e-13  -6.128840e-03   0.000000e+00
   -7.449690e-03  -6.365880e-03   0.000000e+00
   -1.007580e-02   8.021940e-03   0.000000e+00
   -4.456830e-03   1.177990e-02   0.000000e+00
   -1.308450e-03   1.138640e-02   0.000000e+00
    8.581490e-04   7.978730e-03   0.000000e+00
    1.339480e-03   2.822080e-03   0.000000e+00
    1.356290e-03  -2.673080e-03   0.000000e+00
   -3.933540e-04  -7.137340e-03   0.000000e+00
   -2.829530e-03  -9.256880e-03   0.000000e+00
   -7.890880e-03  -7.888170e-03   0.000000e+00
    9.395150e-03  -2.037970e-02   0.000000e+00
    3.264320e-03  -2.255580e-02   0.000000e+00
   -7.588630e-04  -1.955800e-02   0.000000e+00
   -3.297130e-03  -1.247640e-02   0.000000e+00
   -4.931000e-03  -2.633700e-03   0.000000e+00
   -5.305010e-03   8.611130e-03   0.000000e+00
   -5.323310e-03   1.980190e-02   0.000000e+00
   -3.776060e-03   2.966660e-02   0.000000e+00
   -3.121280e-03   3.661520e-02   0.000000e+00
   -1.533920e-03   3.892170e-02   0.000000e+00
   -8.948030e-13   3.720290e-02   0.000000e+00
    1.533920e-03   3.892170e-02   0.000000e+00
    3.121280e-03   3.661520e-02   0.000000e+00
    3.776060e-03   2.966660e-02   0.000000e+00
    5.323310e-03   1.980190e-02   0.000000e+00
    5.305010e-03   8.611130e-03   0.000000e+00
    4.931000e-03  -2.633700e-03   0.000000e+00
    3.297130e-03  -1.247640e-02   0.000000e+00
    7.588630e-04  -1.955800e-02   0.000000e+00
   -3.264320e-03  -2.255580e-02   0.000000e+00
   -9.395150e-03  -2.037970e-02   0.000000e+00
   -9.395150e-03   2.037970e-02   0.000000e+00
   -3.264320e-03   2.255580e-02   0.000000e+00
    7.588630e-04   1.955800e-02   0.000000e+00
    3.297130e-03   1.247640e-02   0.000000e+00
    4.931000e-03   2.633700e-03   0.000000e+00
    5.305010e-03  -8.611130e-03   0.000000e+00
    5.323310e-03  -1.980190e-02   0.000000e+00
    3.776060e-03  -2.966660e-02   0.000000e+00
    3.121280e-03  -3.661520e-02   0.000000e+00
    1.533920e-03  -3.892170e-02   0.000000e+00
   -6.186960e-13  -3.720290e-02   0.000000e+00
   -1.533920e-03  -3.892170e-02   0.000000e+00
   -3.121280e-03  -3.661520e-02   0.000000e+00
   -3.776060e-03  -2.966660e-02   0.000000e+00
   -5.323310e-03  -1.980190e-02   0.000000e+00
   -5.305010e-03  -8.611130e-03   0.000000e+00
   -4.931000e-03   2.633700e-03   0.000000e+00
   -3.297130e-03   1.247640e-02   0.000000e+00
   -7.588630e-04   1.955800e-02   0.000000e+00
    3.264320e-03   2.255580e-02   0.000000e+00
    9.395150e-03   2.037970e-02   0.000000e+00
   -6.283890e-03  -5.698830e-03   0.000000e+00
    2.087260e-12  -6.839570e-04   0.000000e+00
    6.283890e-03  -5.698830e-03   0.000000e+00
   -3.333010e-03  -1.065170e-02   0.000000e+00
    1.071240e-12  -7.353610e-03   0.000000e+00
    3.333010e-03  -1.065170e-02   0.000000e+00
   -1.121850e-03  -1.075040e-02   0.000000e+00
    4.475980e-13  -8.774090e-03   0.000000e+00
    1.121850e-03  -1.075040e-02   0.000000e+00
   -2.434120e-04  -7.637400e-03   0.000000e+00
   -1.195830e-12  -6.625340e-03   0.000000e+00
    2.434120e-04  -7.637400e-03   0.000000e+00
    3.606950e-04  -2.770110e-03   0.000000e+00
   -1.064850e-12  -2.594600e-03   0.000000e+00
   -3.606950e-04  -2.770110e-03   0.000000e+00
    1.327060e-05   2.457590e-03   0.000000e+00
    1.556690e-12   1.804590e-03   0.000000e+00
   -1.327060e-05   2.457590e-03   0.000000e+00
   -6.171750e-04   6.623250e-03   0.000000e+00
    2.221760e-12   5.050360e-03   0.000000e+00
    6.171750e-04   6.623250e-03   0.000000e+00
   -2.459890e-03   8.304260e-03   0.000000e+00
    2.170720e-12   5.498980e-03   0.000000e+00
    2.459890e-03   8.304260e-03   0.000000e+00
   -5.017310e-03   5.866410e-03   0.000000e+00
    1.219450e-13   1.502030e-03   0.000000e+00
    5.017310e-03   5.866410e-03   0.000000e+00
   -4.942850e-03  -1.134350e-02   0.000000e+00
    6.135020e-13  -6.864660e-03   0.000000e+00
    4.942850e-03  -1.134350e-02   0.000000e+00
   -2.301320e-03  -1.339680e-02   0.000000e+00
    1.688290e-12  -1.048010e-02   0.000000e+00
    2.301320e-03  -1.339680e-02   0.000000e+00
   -3.923900e-04  -1.108570e-02   0.000000e+00
    6.415350e-13  -9.396000e-03   0.000000e+00
    3.923900e-04  -1.108570e-02   0.000000e+00
    3.358390e-04  -6.027580e-03   0.000000e+00
    2.172250e-13  -5.257810e-03   0.000000e+00
   -3.358390e-04  -6.027580e-03   0.000000e+00
    7.446150e-04   3.378440e-04   0.000000e+00
    4.065580e-13   2.902660e-04   0.000000e+00
   -7.446150e-04   3.378440e-04   0.000000e+00
    2.665680e-04   6.607400e-03   0.000000e+00
    6.210560e-13   5.735750e-03   0.000000e+00
   -2.665680e-04   6.607400e-03   0.000000e+00
   -5.362070e-04   1.136870e-02   0.000000e+00
    4.580570e-13   9.569440e-03   0.000000e+00
    5.362070e-04   1.136870e-02   0.000000e+00
   -2.537220e-03   1.318970e-02   0.000000e+00
   -2.262430e-12   1.013430e-02   0.000000e+00
    2.537220e-03   1.318970e-02   0.000000e+00
   -5.301470e-03   1.043310e-02   0.000000e+00
   -2.102440e-12   5.776930e-03   0.000000e+00
    5.301470e-03   1.043310e-02   0.000000e+00
   -5.314680e-03  -8.554070e-03   0.000000e+00
   -8.323410e-14  -3.915750e-03   0.000000e+00
    5.314680e-03  -8.554070e-03   0.000000e+00
   -2.561850e-03  -1.137240e-02   0.000000e+00
   -1.530350e-12  -8.336720e-03   0.000000e+00
    2.561850e-03  -1.137240e-02   0.000000e+00
   -5.761130e-04  -9.658290e-03   0.000000e+00
   -1.520730e-12  -7.877220e-03   0.000000e+00
    5.761130e-04  -9.658290e-03   0.000000e+00
    2.165390e-04  -5.043010e-03   0.000000e+00
   -5.757240e-13  -4.191980e-03   0.000000e+00
   -2.165390e-04  -5.043010e-03   0.000000e+00
    6.764380e-04   1.035180e-03   0.000000e+00
    1.169350e-12   1.062890e-03   0.000000e+00
   -6.764380e-04   1.035180e-03   0.000000e+00
    2.568950e-04   7.170120e-03   0.000000e+00
    1.179860e-12   6.375850e-03   0.000000e+00
   -2.568950e-04   7.170120e-03   0.000000e+00
   -4.959610e-04   1.195190e-02   0.000000e+00
   -6.023160e-13   1.023450e-02   0.000000e+00
    4.959610e-04   1.195190e-02   0.000000e+00
   -2.424520e-03   1.394680e-02   0.000000e+00
    8.137040e-13   1.098910e-02   0.000000e+00
    2.424520e-03   1.394680e-02   0.000000e+00
   -5.113550e-03   1.152600e-02   0.000000e+00
    1.475770e-12   6.990540e-03   0.000000e+00
    5.113550e-03   1.152600e-02   0.000000e+00
   -5.138610e-03  -6.452650e-03   0.000000e+00
    2.568730e-12  -1.953490e-03   0.000000e+00
    5.138610e-03  -6.452650e-03   0.000000e+00
   -2.474160e-03  -8.997400e-03   0.000000e+00
    4.868570e-13  -6.076640e-03   0.000000e+00
    2.474160e-03  -8.997400e-03   0.000000e+00
   -5.712620e-04  -7.210270e-03   0.000000e+00
   -1.776650e-12  -5.529350e-03   0.000000e+00
    5.712620e-04  -7.210270e-03   0.000000e+00
    1.572200e-04  -2.718290e-03   0.000000e+00
   -6.871950e-13  -1.961450e-03   0.000000e+00
   -1.572200e-04  -2.718290e-03   0.000000e+00
    5.501670e-04   3.042840e-03   0.000000e+00
    1.329570e-12   2.977850e-03   0.000000e+00
   -5.501670e-04   3.042840e-03   0.000000e+00
    6.505920e-05   8.665280e-03   0.000000e+00
    7.206840e-13   7.774950e-03   0.000000e+00
   -6.505920e-05   8.665280e-03   0.000000e+00
   -7.567480e-04   1.274060e-02   0.000000e+00
    1.830830e-13   1.091840e-02   0.000000e+00
    7.567480e-04   1.274060e-02   0.000000e+00
   -2.772720e-03   1.383240e-02   0.000000e+00
   -1.041960e-12   1.074930e-02   0.000000e+00
    2.772720e-03   1.383240e-02   0.000000e+00
   -5.565010e-03   1.030490e-02   0.000000e+00
    5.231060e-13   5.611390e-03   0.000000e+00
    5.565010e-03   1.030490e-02   0.000000e+00
   -5.565010e-03  -1.030490e-02   0.000000e+00
   -1.340870e-13  -5.611390e-03   0.000000e+00
    5.565010e-03  -1.030490e-02   0.000000e+00
   -2.772720e-03  -1.383240e-02   0.000000e+00
    2.510630e-13  -1.074930e-02   0.000000e+00
    2.772720e-03  -1.383240e-02   0.000000e+00
   -7.567480e-04  -1.274060e-02   0.000000e+00
    1.027200e-12  -1.091840e-02   0.000000e+00
    7.567480e-04  -1.274060e-02   0.000000e+00
    6.505920e-05  -8.665280e-03   0.000000e+00
    1.636710e-12  -7.774950e-03   0.000000e+00
   -6.505920e-05  -8.665280e-03   0.000000e+00
    5.501670e-04  -3.042840e-03   0.000000e+00
   -7.653040e-14  -2.977850e-03   0.000000e+00
   -5.501670e-04  -3.042840e-03   0.000000e+00
    1.572200e-04   2.718290e-03   0.000000e+00
   -8.935240e-13   1.961450e-03   0.000000e+00
   -1.572200e-04   2.718290e-03   0.000000e+00
   -5.712620e-04   7.210270e-03   0.000000e+00
   -1.766010e-12   5.529350e-03   0.000000e+00
    5.712620e-04   7.210270e-03   0.000000e+00
   -2.474160e-03   8.997400e-03   0.000000e+00
    1.867130e-13   6.076640e-03   0.000000e+00
    2.474160e-03   8.997400e-03   0.000000e+00
   -5.138610e-03   6.452650e-03   0.000000e+00
    1.333670e-12   1.953490e-03   0.000000e+00
    5.138610e-03   6.452650e-03   0.000000e+00
   -5.113550e-03  -1.152600e-02   0.000000e+00
   -1.966200e-12  -6.990540e-03   0.000000e+00
    5.113550e-03  -1.152600e-02   0.000000e+00
   -2.424520e-03  -1.394680e-02   0.000000e+00
   -2.316250e-12  -1.098910e-02   0.000000e+00
    2.424520e-03  -1.394680e-02   0.000000e+00
   -4.959610e-04  -1.195190e-02   0.000000e+00
   -9.979070e-13  -1.023450e-02   0.000000e+00
    4.959610e-04  -1.195190e-02   0.000000e+00
    2.568950e-04  -7.170120e-03   0.000000e+00
   -1.399890e-13  -6.375850e-03   0.000000e+00
   -2.568950e-04  -7.170120e-03   0.000000e+00
    6.764380e-04  -1.035180e-03   0.000000e+00
   -9.210810e-13  -1.062890e-03   0.000000e+00
   -6.764380e-04  -1.035180e-03   0.000000e+00
    2.165390e-04   5.043010e-03   0.000000e+00
   -1.843740e-12   4.191980e-03   0.000000e+00
   -2.165390e-04   5.043010e-03   0.000000e+00
   -5.761130e-04   9.658290e-03   0.000000e+00
   -2.274260e-12   7.877220e-03   0.000000e+00
    5.761130e-04   9.658290e-03   0.000000e+00
   -2.561850e-03   1.137240e-02   0.000000e+00
   -1.178560e-12   8.336720e-03   0.000000e+00
    2.561850e-03   1.137240e-02   0.000000e+00
   -5.314680e-03   8.554070e-03   0.000000e+00
   -4.528610e-13   3.915750e-03   0.000000e+00
    5.314680e-03   8.554070e-03   0.000000e+00
   -5.301470e-03  -1.043310e-02   0.000000e+00
   -9.736510e-13  -5.776930e-03   0.000000e+00
    5.301470e-03  -1.043310e-02   0.000000e+00
   -2.537220e-03  -1.318970e-02   0.000000e+00
   -1.549670e-12  -1.013430e-02   0.000000e+00
    2.537220e-03  -1.318970e-02   0.000000e+00
   -5.362070e-04  -1.136870e-02   0.000000e+00
    1.957400e-13  -9.569440e-03   0.000000e+00
    5.362070e-04  -1.136870e-02   0.000000e+00
    2.665680e-04  -6.607400e-03   0.000000e+00
   -8.906580e-13  -5.735750e-03   0.000000e+00
   -2.665680e-04  -6.607400e-03   0.000000e+00
    7.446150e-04  -3.378440e-04   0.000000e+00
   -5.185930e-13  -2.902660e-04   0.000000e+00
   -7.446150e-04  -3.378440e-04   0.000000e+00
    3.358390e-04   6.027580e-03   0.000000e+00
   -6.961310e-14   5.257810e-03   0.000000e+00
   -3.358390e-04   6.027580e-03   0.000000e+00
   -3.923900e-04   1.108570e-02   0.000000e+00
    1.279540e-12   9.396000e-03   0.000000e+00
    3.923900e-04   1.108570e-02   0.000000e+00
   -2.301320e-03   1.339680e-02   0.000000e+00
    2.620970e-12   1.048010e-02   0.000000e+00
    2.301320e-03   1.339680e-02   0.000000e+00
   -4.942850e-03   1.134350e-02   0.000000e+00
    1.123820e-12   6.864660e-03   0.000000e+00
    4.942850e-03   1.134350e-02   0.000000e+00
   -5.017310e-03  -5.866410e-03   0.000000e+00
   -1.599140e-12  -1.502030e-03   0.000000e+00
    5.017310e-03  -5.866410e-03   0.000000e+00
   -2.459890e-03  -8.304260e-03   0.000000e+00
   -6.422350e-13  -5.498980e-03   0.000000e+00
    2.459890e-03  -8.304260e-03   0.000000e+00
   -6.171750e-04  -6.623250e-03   0.000000e+00
   -1.168750e-12  -5.050360e-03   0.000000e+00
    6.171750e-04  -6.623250e-03   0.000000e+00
    1.327050e-05  -2.457590e-03   0.000000e+00
   -3.947840e-13  -1.804590e-03   0.000000e+00
   -1.327060e-05  -2.457590e-03   0.000000e+00
    3.606950e-04   2.770110e-03   0.000000e+00
   -2.315830e-13   2.594600e-03   0.000000e+00
   -3.606950e-04   2.770110e-03   0.000000e+00
   -2.434120e-04   7.637400e-03   0.000000e+00
   -6.007230e-13   6.625340e-03   0.000000e+00
    2.434120e-04   7.637400e-03   0.000000e+00
   -1.121850e-03   1.075040e-02   0.000000e+00
    1.671140e-13   8.774090e-03   0.000000e+00
    1.121850e-03   1.075040e-02   0.000000e+00
   -3.333010e-03   1.065170e-02   0.000000e+00
   -1.755260e-12   7.353610e-03   0.000000e+00
    3.333010e-03   1.065170e-02   0.000000e+00
   -6.283890e-03   5.698830e-03   0.000000e+00
   -4.199880e-13   6.839570e-04   0.000000e+00
    6.283890e-03   5.698830e-03   0.000000e+00
   -5.956240e-03  -1.789470e-02   0.000000e+00
    5.790560e-13  -1.241470e-02   0.000000e+00
    5.956240e-03  -1.789470e-02   0.000000e+00
   -2.700430e-03  -2.128640e-02   0.000000e+00
    9.742640e-13  -1.750500e-02   0.000000e+00
    2.700430e-03  -2.128640e-02   0.000000e+00
   -1.200040e-04  -1.875060e-02   0.000000e+00
   -4.645030e-13  -1.628530e-02   0.000000e+00
    1.200040e-04  -1.875060e-02   0.000000e+00
    1.065330e-03  -1.197710e-02   0.000000e+00
    9.901870e-14  -1.042970e-02   0.000000e+00
   -1.065330e-03  -1.197710e-02   0.000000e+00
    2.141020e-03  -2.368940e-03   0.000000e+00
   -4.406500e-13  -1.593530e-03   0.000000e+00
   -2.141020e-03  -2.368940e-03   0.000000e+00
    2.206940e-03   8.632570e-03   0.000000e+00
    1.013660e-12   8.748780e-03   0.000000e+00
   -2.206940e-03   8.632570e-03   0.000000e+00
    2.394880e-03   1.968150e-02   0.000000e+00
    1.081840e-12   1.919370e-02   0.000000e+00
   -2.394880e-03   1.968150e-02   0.000000e+00
    1.584990e-03   2.930380e-02   0.000000e+00
    1.689670e-13   2.831800e-02   0.000000e+00
   -1.584990e-03   2.930380e-02   0.000000e+00
    8.585920e-04   3.648760e-02   0.000000e+00
    2.819040e-14   3.446690e-02   0.000000e+00
   -8.585920e-04   3.648760e-02   0.000000e+00
    5.956240e-03   1.789470e-02   0.000000e+00
    1.807030e-12   1.241470e-02   0.000000e+00
   -5.956240e-03   1.789470e-02   0.000000e+00
    2.700430e-03   2.128640e-02   0.000000e+00
    8.894250e-13   1.750500e-02   0.000000e+00
   -2.700430e-03   2.128640e-02   0.000000e+00
    1.200040e-04   1.875060e-02   0.000000e+00
    3.464640e-13   1.628530e-02   0.000000e+00
   -1.200040e-04   1.875060e-02   0.000000e+00
   -1.065330e-03   1.197710e-02   0.000000e+00
    5.033230e-13   1.042970e-02   0.000000e+00
    1.065330e-03   1.197710e-02   0.000000e+00
   -2.141020e-03   2.368940e-03   0.000000e+00
    5.758640e-13   1.593530e-03   0.000000e+00
    2.141020e-03   2.368940e-03   0.000000e+00
   -2.206940e-03  -8.632570e-03   0.000000e+00
    2.516170e-13  -8.748780e-03   0.000000e+00
    2.206940e-03  -8.632570e-03   0.000000e+00
   -2.394880e-03  -1.968150e-02   0.000000e+00
   -4.497450e-13  -1.919370e-02   0.000000e+00
    2.394880e-03  -1.968150e-02   0.000000e+00
   -1.584990e-03  -2.930380e-02   0.000000e+00
   -7.132010e-13  -2.831800e-02   0.000000e+00
    1.584990e-03  -2.930380e-02   0.000000e+00
   -8.585920e-04  -3.648760e-02   0.000000e+00
   -1.097050e-12  -3.446690e-02   0.000000e+00
    8.585920e-04  -3.648760e-02   0.000000e+00
    0.000000e+00   0.000000e+00   0.000000e+00
    0.000000e+00   0.000000e+00   0.000000e+00
    0.000000e+00   0.000000e+00   0.000000e+00
    0.000000e+00   0.000000e+00   0.000000e+00
    0.000000e+00   0.000000e+00   0.000000e+00
    0.000000e+00   0.000000e+00   0.000000e+00
    0.000000e+00   0.000000e+00   0.000000e+00
    0.000000e+00   0.000000e+00   0.000000e+00
    0.000000e+00   0.000000e+00   0.000000e+00
    0.000000e+00   0.000000e+00   0.000000e+00
    0.000000e+00   0.000000e+00   0.000000e+00
    0.000000e+00   0.000000e+00   0.000000e+00
    0.000000e+00   0.000000e+00   0.000000e+00
    0.000000e+00   0.000000e+00   0.000000e+00
    0.000000e+00   0.000000e+00   0.000000e+00
    0.000000e+00   0.000000e+00   0.000000e+00
    0.000000e+00   0.000000e+00   0.000000e+00
    0.000000e+00   0.000000e+00   0.000000e+00
    0.000000e+00   0.000000e+00   0.000000e+00
    0.000000e+00   0.000000e+00   0.000000e+00
    0.000000e+00   0.000000e+00   0.000000e+00
    0.000000e+00   0.000000e+00   0.000000e+00
    0.000000e+00   0.000000e+00   0.000000e+00
    0.000000e+00   0.000000e+00   0.000000e+00
    0.000000e+00   0.000000e+00   0.000000e+00
    0.000000e+00   0.000000e+00   0.000000e+00
    0.000000e+00   0.000000e+00   0.000000e+00
    0.000000e+00   0.000000e+00   0.000000e+00
    0.000000e+00   0.000000e+00   0.000000e+00
    0.000000e+00   0.000000e+00   0.000000e+00
    0.000000e+00   0.000000e+00   0.000000e+00
    0.000000e+00   0.000000e+00   0.000000e+00
    0.000000e+00   0.000000e+00   0.000000e+00
    0.000000e+00   0.000000e+00   0.000000e+00
    0.000000e+00   0.000000e+00   0.000000e+00
    0.000000e+00   0.000000e+00   0.000000e+00
    0.000000e+00   0.000000e+00   0.000000e+00
    0.000000e+00   0.000000e+00   0.000000e+00
    0.000000e+00   0.000000e+00   0.000000e+00
    0.000000e+00   0.000000e+00   0.000000e+00
    0.000000e+00   0.000000e+00   0.000000e+00
    0.000000e+00   0.000000e+00   0.000000e+00
    0.000000e+00   0.000000e+00   0.000000e+00
    0.000000e+00   0.000000e+00   0.000000e+00
    0.000000e+00   0.000000e+00   0.000000e+00
    0.000000e+00   0.000000e+00   0.000000e+00
    0.000000e+00   0.000000e+00   0.000000e+00
    0.000000e+00   0.000000e+00   0.000000e+00
    0.000000e+00   0.000000e+00   0.000000e+00
    0.000000e+00   0.000000e+00   0.000000e+00
    0.000000e+00   0.000000e+00   0.000000e+00
    0.000000e+00   0.000000e+00   0.000000e+00
    0.000000e+00   0.000000e+00   0.000000e+00
    0.000000e+00   0.000000e+00   0.000000e+00
    0.000000e+00   0.000000e+00   0.000000e+00
    0.000000e+00   0.000000e+00   0.000000e+00
    0.000000e+00   0.000000e+00   0.000000e+00
    0.000000e+00   0.000000e+00   0.000000e+00
    0.000000e+00   0.000000e+00   0.000000e+00
    0.000000e+00   0.000000e+00   0.000000e+00
    0.000000e+00   0.000000e+00   0.000000e+00
    0.000000e+00   0.000000e+00   0.000000e+00
    0.000000e+00   0.000000e+00   0.000000e+00
    0.000000e+00   0.000000e+00   0.000000e+00
    0.000000e+00   0.000000e+00   0.000000e+00
    0.000000e+00   0.000000e+00   0.000000e+00
    0.000000e+00   0.000000e+00   0.000000e+00
    0.000000e+00   0.000000e+00   0.000000e+00
    0.000000e+00   0.000000e+00   0.000000e+00
    0.000000e+00   0.000000e+00   0.000000e+00
    0.000000e+00   0.000000e+00   0.000000e+00
    0.000000e+00   0.000000e+00   0.000000e+00
    0.000000e+00   0.000000e+00   0.000000e+00
    0.000000e+00   0.000000e+00   0.000000e+00
    0.000000e+00   0.000000e+00   0.000000e+00
    0.000000e+00   0.000000e+00   0.000000e+00
    0.000000e+00   0.000000e+00   0.000000e+00
    0.000000e+00   0.000000e+00   0.000000e+00
    0.000000e+00   0.000000e+00   0.000000e+00
    0.000000e+00   0.000000e+00   0.000000e+00
    0.000000e+00   0.000000e+00   0.000000e+00
    0.000000e+00   0.000000e+00   0.000000e+00
    0.000000e+00   0.000000e+00   0.000000e+00
    0.000000e+00   0.000000e+00   0.000000e+00
    0.000000e+00   0.000000e+00   0.000000e+00
    0.000000e+00   0.000000e+00   0.000000e+00
    0.000000e+00   0.000000e+00   0.000000e+00
    0.000000e+00   0.000000e+00   0.000000e+00
    0.000000e+00   0.000000e+00   0.000000e+00
    0.000000e+00   0.000000e+00   0.000000e+00
    0.000000e+00   0.000000e+00   0.000000e+00
    0.000000e+00   0.000000e+00   0.000000e+00
    0.000000e+00   0.000000e+00   0.000000e+00
    0.000000e+00   0.000000e+00   0.000000e+00
    0.000000e+00   0.000000e+00   0.000000e+00
    0.000000e+00   0.000000e+00   0.000000e+00
    0.000000e+00   0.000000e+00   0.000000e+00
    0.000000e+00   0.000000e+00   0.000000e+00
    0.000000e+00   0.000000e+00   0.000000e+00
    0.000000e+00   0.000000e+00   0.000000e+00
    0.000000e+00   0.000000e+00   0.000000e+00
    0.000000e+00   0.000000e+00   0.000000e+00
    0.000000e+00   0.000000e+00   0.000000e+00
    0.000000e+00   0.000000e+00   0.000000e+00
    0.000000e+00   0.000000e+00   0.000000e+00
    0.000000e+00   0.000000e+00   0.000000e+00
    0.000000e+00   0.000000e+00   0.000000e+00
    0.000000e+00   0.000000e+00   0.000000e+00
    0.000000e+00   0.000000e+00   0.000000e+00
    0.000000e+00   0.000000e+00   0.000000e+00
    0.000000e+00   0.000000e+00   0.000000e+00
    0.000000e+00   0.000000e+00   0.000000e+00
    0.000000e+00   0.000000e+00   0.000000e+00
    0.000000e+00   0.000000e+00   0.000000e+00
    0.000000e+00   0.000000e+00   0.000000e+00
    0.000000e+00   0.000000e+00   0.000000e+00
    0.000000e+00   0.000000e+00   0.000000e+00
    0.000000e+00   0.000000e+00   0.000000e+00
    0.000000e+00   0.000000e+00   0.000000e+00
    0.000000e+00   0.000000e+00   0.000000e+00
    0.000000e+00   0.000000e+00   0.000000e+00
    0.000000e+00   0.000000e+00   0.000000e+00
    0.000000e+00   0.000000e+00   0.000000e+00
    0.000000e+00   0.000000e+00   0.000000e+00
    0.000000e+00   0.000000e+00   0.000000e+00
    0.000000e+00   0.000000e+00   0.000000e+00
    0.000000e+00   0.000000e+00   0.000000e+00
    0.000000e+00   0.000000e+00   0.000000e+00
    0.000000e+00   0.000000e+00   0.000000e+00
    0.000000e+00   0.000000e+00   0.000000e+00
    0.000000e+00   0.000000e+00   0.000000e+00
    0.000000e+00   0.000000e+00   0.000000e+00
    0.000000e+00   0.000000e+00   0.000000e+00
    0.000000e+00   0.000000e+00   0.000000e+00
    0.000000e+00   0.000000e+00   0.000000e+00
    0.000000e+00   0.000000e+00   0.000000e+00
    0.000000e+00   0.000000e+00   0.000000e+00
    0.000000e+00   0.000000e+00   0.000000e+00
    0.000000e+00   0.000000e+00   0.000000e+00
    0.000000e+00   0.000000e+00   0.000000e+00
    0.000000e+00   0.000000e+00   0.000000e+00
    0.000000e+00   0.000000e+00   0.000000e+00
    0.000000e+00   0.000000e+00   0.000000e+00
    0.000000e+00   0.000000e+00   0.000000e+00
    0.000000e+00   0.000000e+00   0.000000e+00
    0.000000e+00   0.000000e+00   0.000000e+00
    0.000000e+00   0.000000e+00   0.000000e+00
    0.000000e+00   0.000000e+00   0.000000e+00
    0.000000e+00   0.000000e+00   0.000000e+00
    0.000000e+00   0.000000e+00   0.000000e+00
    0.000000e+00   0.000000e+00   0.000000e+00
    0.000000e+00   0.000000e+00   0.000000e+00
    0.000000e+00   0.000000e+00   0.000000e+00
    0.000000e+00   0.000000e+00   0.000000e+00
    0.000000e+00   0.000000e+00   0.000000e+00
    0.000000e+00   0.000000e+00   0.000000e+00
    0.000000e+00   0.000000e+00   0.000000e+00
    0.000000e+00   0.000000e+00   0.000000e+00
    0.000000e+00   0.000000e+00   0.000000e+00
    0.000000e+00   0.000000e+00   0.000000e+00
    0.000000e+00   0.000000e+00   0.000000e+00
    0.000000e+00   0.000000e+00   0.000000e+00
    0.000000e+00   0.000000e+00   0.000000e+00
    0.000000e+00   0.000000e+00   0.000000e+00
    0.000000e+00   0.000000e+00   0.000000e+00
    0.000000e+00   0.000000e+00   0.000000e+00
    0.000000e+00   0.000000e+00   0.000000e+00
    0.000000e+00   0.000000e+00   0.000000e+00
    0.000000e+00   0.000000e+00   0.000000e+00
    0.000000e+00   0.000000e+00   0.000000e+00
    0.000000e+00   0.000000e+00   0.000000e+00
    0.000000e+00   0.000000e+00   0.000000e+00
    0.000000e+00   0.000000e+00   0.000000e+00
    0.000000e+00   0.000000e+00   0.000000e+00
    0.000000e+00   0.000000e+00   0.000000e+00
    0.000000e+00   0.000000e+00   0.000000e+00
    0.000000e+00   0.000000e+00   0.000000e+00
    0.000000e+00   0.000000e+00   0.000000e+00
    0.000000e+00   0.000000e+00   0.000000e+00
    0.000000e+00   0.000000e+00   0.000000e+00
    0.000000e+00   0.000000e+00   0.000000e+00
    0.000000e+00   0.000000e+00   0.000000e+00
    0.000000e+00   0.000000e+00   0.000000e+00
    0.000000e+00   0.000000e+00   0.000000e+00
    0.000000e+00   0.000000e+00   0.000000e+00
    0.000000e+00   0.000000e+00   0.000000e+00
    0.000000e+00   0.000000e+00   0.000000e+00
    0.000000e+00   0.000000e+00   0.000000e+00
    0.000000e+00   0.000000e+00   0.000000e+00
    0.000000e+00   0.000000e+00   0.000000e+00
    0.000000e+00   0.000000e+00   0.000000e+00
    0.000000e+00   0.000000e+00   0.000000e+00
    0.000000e+00   0.000000e+00   0.000000e+00
    0.000000e+00   0.000000e+00   0.000000e+00
    0.000000e+00   0.000000e+00   0.000000e+00
    0.000000e+00   0.000000e+00   0.000000e+00
    0.000000e+00   0.000000e+00   0.000000e+00
    0.000000e+00   0.000000e+00   0.000000e+00
    0.000000e+00   0.000000e+00   0.000000e+00
    0.000000e+00   0.000000e+00   0.000000e+00
    0.000000e+00   0.000000e+00   0.000000e+00
    0.000000e+00   0.000000e+00   0.000000e+00
    0.000000e+00   0.000000e+00   0.000000e+00
    0.000000e+00   0.000000e+00   0.000000e+00
    0.000000e+00   0.000000e+00   0.000000e+00
    0.000000e+00   0.000000e+00   0.000000e+00
    0.000000e+00   0.000000e+00   0.000000e+00
    0.000000e+00   0.000000e+00   0.000000e+00
    0.000000e+00   0.000000e+00   0.000000e+00
    0.000000e+00   0.000000e+00   0.000000e+00
    0.000000e+00   0.000000e+00   0.000000e+00
    0.000000e+00   0.000000e+00   0.000000e+00
    0.000000e+00   0.000000e+00   0.000000e+00
    0.000000e+00   0.000000e+00   0.000000e+00
    0.000000e+00   0.000000e+00   0.000000e+00
    0.000000e+00   0.000000e+00   0.000000e+00
    0.000000e+00   0.000000e+00   0.000000e+00
    0.000000e+00   0.000000e+00   0.000000e+00
    0.000000e+00   0.000000e+00   0.000000e+00
    0.000000e+00   0.000000e+00   0.000000e+00
    0.000000e+00   0.000000e+00   0.000000e+00
    0.000000e+00   0.000000e+00   0.000000e+00
    0.000000e+00   0.000000e+00   0.000000e+00
    0.000000e+00   0.000000e+00   0.000000e+00
    0.000000e+00   0.000000e+00   0.000000e+00
    0.000000e+00   0.000000e+00   0.000000e+00
    0.000000e+00   0.000000e+00   0.000000e+00
    0.000000e+00   0.000000e+00   0.000000e+00
    0.000000e+00   0.000000e+00   0.000000e+00
    0.000000e+00   0.000000e+00   0.000000e+00
    0.000000e+00   0.000000e+00   0.000000e+00
    0.000000e+00   0.000000e+00   0.000000e+00
    0.000000e+00   0.000000e+00   0.000000e+00
    0.000000e+00   0.000000e+00   0.000000e+00
    0.000000e+00   0.000000e+00   0.000000e+00
    0.000000e+00   0.000000e+00   0.000000e+00
    0.000000e+00   0.000000e+00   0.000000e+00
    0.000000e+00   0.000000e+00   0.000000e+00
    0.000000e+00   0.000000e+00   0.000000e+00
    0.000000e+00   0.000000e+00   0.000000e+00
    0.000000e+00   0.000000e+00   0.000000e+00
    0.000000e+00   0.000000e+00   0.000000e+00
    0.000000e+00   0.000000e+00   0.000000e+00
    0.000000e+00   0.000000e+00   0.000000e+00
    0.000000e+00   0.000000e+00   0.000000e+00
    0.000000e+00   0.000000e+00   0.000000e+00
    0.000000e+00   0.000000e+00   0.000000e+00
    0.000000e+00   0.000000e+00   0.000000e+00
    0.000000e+00   0.000000e+00   0.000000e+00
    0.000000e+00   0.000000e+00   0.000000e+00
    0.000000e+00   0.000000e+00   0.000000e+00
    0.000000e+00   0.000000e+00   0.000000e+00
    0.000000e+00   0.000000e+00   0.000000e+00
    0.000000e+00   0.000000e+00   0.000000e+00
    0.000000e+00   0.000000e+00   0.000000e+00
    0.000000e+00   0.000000e+00   0.000000e+00
    0.000000e+00   0.000000e+00   0.000000e+00
    0.000000e+00   0.000000e+00   0.000000e+00
    0.000000e+00   0.000000e+00   0.000000e+00
    0.000000e+00   0.000000e+00   0.000000e+00
    0.000000e+00   0.000000e+00   0.000000e+00
    0.000000e+00   0.000000e+00   0.000000e+00
    0.000000e+00   0.000000e+00   0.000000e+00
    0.000000e+00   0.000000e+00   0.000000e+00
    0.000000e+00   0.000000e+00   0.000000e+00
    0.000000e+00   0.000000e+00   0.000000e+00
    0.000000e+00   0.000000e+00   0.000000e+00
    0.000000e+00   0.000000e+00   0.000000e+00
    0.000000e+00   0.000000e+00   0.000000e+00
    0.000000e+00   0.000000e+00   0.000000e+00
    0.000000e+00   0.000000e+00   0.000000e+00
    0.000000e+00   0.000000e+00   0.000000e+00
    0.000000e+00   0.000000e+00   0.000000e+00
    0.000000e+00   0.000000e+00   0.000000e+00
    0.000000e+00   0.000000e+00   0.000000e+00
    0.000000e+00   0.000000e+00   0.000000e+00
    0.000000e+00   0.000000e+00   0.000000e+00
    0.000000e+00   0.000000e+00   0.000000e+00
    0.000000e+00   0.000000e+00   0.000000e+00
    0.000000e+00   0.000000e+00   0.000000e+00
    0.000000e+00   0.000000e+00   0.000000e+00
    0.000000e+00   0.000000e+00   0.000000e+00
    0.000000e+00   0.000000e+00   0.000000e+00
    0.000000e+00   0.000000e+00   0.000000e+00
    0.000000e+00   0.000000e+00   0.000000e+00
    0.000000e+00   0.000000e+00   0.000000e+00
    0.000000e+00   0.000000e+00   0.000000e+00
    0.000000e+00   0.000000e+00   0.000000e+00
    0.000000e+00   0.000000e+00   0.000000e+00
    0.000000e+00   0.000000e+00   0.000000e+00
    0.000000e+00   0.000000e+00   0.000000e+00
    0.000000e+00   0.000000e+00   0.000000e+00
    0.000000e+00   0.000000e+00   0.000000e+00
    0.000000e+00   0.000000e+00   0.000000e+00
    0.000000e+00   0.000000e+00   0.000000e+00
    0.000000e+00   0.000000e+00   0.000000e+00
    0.000000e+00   0.000000e+00   0.000000e+00
    0.000000e+00   0.000000e+00   0.000000e+00
    0.000000e+00   0.000000e+00   0.000000e+00
    0.000000e+00   0.000000e+00   0.000000e+00
    0.000000e+00   0.000000e+00   0.000000e+00
    0.000000e+00   0.000000e+00   0.000000e+00
    0.000000e+00   0.000000e+00   0.000000e+00
    0.000000e+00   0.000000e+00   0.000000e+00
    0.000000e+00   0.000000e+00   0.000000e+00
    0.000000e+00   0.000000e+00   0.000000e+00
    0.000000e+00   0.000000e+00   0.000000e+00
    0.000000e+00   0.000000e+00   0.000000e+00
    0.000000e+00   0.000000e+00   0.000000e+00
    0.000000e+00   0.000000e+00   0.000000e+00
    0.000000e+00   0.000000e+00   0.000000e+00
    0.000000e+00   0.000000e+00   0.000000e+00
    0.000000e+00   0.000000e+00   0.000000e+00
    0.000000e+00   0.000000e+00   0.000000e+00
    0.000000e+00   0.000000e+00   0.000000e+00
    0.000000e+00   0.000000e+00   0.000000e+00
    0.000000e+00   0.000000e+00   0.000000e+00
    0.000000e+00   0.000000e+00   0.000000e+00
    0.000000e+00   0.000000e+00   0.000000e+00
    0.000000e+00   0.000000e+00   0.000000e+00
    0.000000e+00   0.000000e+00   0.000000e+00
    0.000000e+00   0.000000e+00   0.000000e+00
    0.000000e+00   0.000000e+00   0.000000e+00
    0.000000e+00   0.000000e+00   0.000000e+00
    0.000000e+00   0.000000e+00   0.000000e+00
    0.000000e+00   0.000000e+00   0.000000e+00
    0.000000e+00   0.000000e+00   0.000000e+00
    0.000000e+00   0.000000e+00   0.000000e+00
    0.000000e+00   0.000000e+00   0.000000e+00
    0.000000e+00   0.000000e+00   0.000000e+00
    0.000000e+00   0.000000e+00   0.000000e+00
    0.000000e+00   0.000000e+00   0.000000e+00
    0.000000e+00   0.000000e+00   0.000000e+00
    0.000000e+00   0.000000e+00   0.000000e+00
    0.000000e+00   0.000000e+00   0.000000e+00
    0.000000e+00   0.000000e+00   0.000000e+00
    0.000000e+00   0.000000e+00   0.000000e+00
    0.000000e+00   0.000000e+00   0.000000e+00
    0.000000e+00   0.000000e+00   0.000000e+00
    0.000000e+00   0.000000e+00   0.000000e+00
    0.000000e+00   0.000000e+00   0.000000e+00
    0.000000e+00   0.000000e+00   0.000000e+00
    0.000000e+00   0.000000e+00   0.000000e+00
    0.000000e+00   0.000000e+00   0.000000e+00
    0.000000e+00   0.000000e+00   0.000000e+00
    0.000000e+00   0.000000e+00   0.000000e+00
    0.000000e+00   0.000000e+00   0.000000e+00
    0.000000e+00   0.000000e+00   0.000000e+00
    0.000000e+00   0.000000e+00   0.000000e+00
    0.000000e+00   0.000000e+00   0.000000e+00
    0.000000e+00   0.000000e+00   0.000000e+00
    0.000000e+00   0.000000e+00   0.000000e+00
    0.000000e+00   0.000000e+00   0.000000e+00
    0.000000e+00   0.000000e+00   0.000000e+00
    0.000000e+00   0.000000e+00   0.000000e+00
    0.000000e+00   0.000000e+00   0.000000e+00
    0.000000e+00   0.000000e+00   0.000000e+00
    0.000000e+00   0.000000e+00   0.000000e+00
    0.000000e+00   0.000000e+00   0.000000e+00
    0.000000e+00   0.000000e+00   0.000000e+00
    0.000000e+00   0.000000e+00   0.000000e+00
    0.000000e+00   0.000000e+00   0.000000e+00
    0.000000e+00   0.000000e+00   0.000000e+00
    0.000000e+00   0.000000e+00   0.000000e+00
    0.000000e+00   0.000000e+00   0.000000e+00
    0.000000e+00   0.000000e+00   0.000000e+00
    0.000000e+00   0.000000e+00   0.000000e+00
    0.000000e+00   0.000000e+00   0.000000e+00
    0.000000e+00   0.000000e+00   0.000000e+00
    0.000000e+00   0.000000e+00   0.000000e+00
    0.000000e+00   0.000000e+00   0.000000e+00
    0.000000e+00   0.000000e+00   0.000000e+00
    0.000000e+00   0.000000e+00   0.000000e+00
    0.000000e+00   0.000000e+00   0.000000e+00
    0.000000e+00   0.000000e+00   0.000000e+00
    0.000000e+00   0.000000e+00   0.000000e+00
    0.000000e+00   0.000000e+00   0.000000e+00
    0.000000e+00   0.000000e+00   0.000000e+00
    0.000000e+00   0.000000e+00   0.000000e+00
    0.000000e+00   0.000000e+00   0.000000e+00
    0.000000e+00   0.000000e+00   0.000000e+00
    0.000000e+00   0.000000e+00   0.000000e+00
    0.000000e+00   0.000000e+00   0.000000e+00
    0.000000e+00   0.000000e+00   0.000000e+00
    0.000000e+00   0.000000e+00   0.000000e+00
    0.000000e+00   0.000000e+00   0.000000e+00
    0.000000e+00   0.000000e+00   0.000000e+00
    0.000000e+00   0.000000e+00   0.000000e+00
    0.000000e+00   0.000000e+00   0.000000e+00
    0.000000e+00   0.000000e+00   0.000000e+00
    0.000000e+00   0.000000e+00   0.000000e+00
    0.000000e+00   0.000000e+00   0.000000e+00
    0.000000e+00   0.000000e+00   0.000000e+00
    0.000000e+00   0.000000e+00   0.000000e+00
    0.000000e+00   0.000000e+00   0.000000e+00
    0.000000e+00   0.000000e+00   0.000000e+00
    0.000000e+00   0.000000e+00   0.000000e+00
    0.000000e+00   0.000000e+00   0.000000e+00
    0.000000e+00   0.000000e+00   0.000000e+00
    0.000000e+00   0.000000e+00   0.000000e+00
    0.000000e+00   0.000000e+00   0.000000e+00
    0.000000e+00   0.000000e+00   0.000000e+00
    0.000000e+00   0.000000e+00   0.000000e+00
    0.000000e+00   0.000000e+00   0.000000e+00
    0.000000e+00   0.000000e+00   0.000000e+00
    0.000000e+00   0.000000e+00   0.000000e+00
    0.000000e+00   0.000000e+00   0.000000e+00
    0.000000e+00   0.000000e+00   0.000000e+00
    0.000000e+00   0.000000e+00   0.000000e+00
    0.000000e+00   0.000000e+00   0.000000e+00
    0.000000e+00   0.000000e+00   0.000000e+00
    0.000000e+00   0.000000e+00   0.000000e+00
    0.000000e+00   0.000000e+00   0.000000e+00
    0.000000e+00   0.000000e+00   0.000000e+00
    0.000000e+00   0.000000e+00   0.000000e+00
    0.000000e+00   0.000000e+00   0.000000e+00
    0.000000e+00   0.000000e+00   0.000000e+00
    0.000000e+00   0.000000e+00   0.000000e+00
    0.000000e+00   0.000000e+00   0.000000e+00
    0.000000e+00   0.000000e+00   0.000000e+00
    0.000000e+00   0.000000e+00   0.000000e+00
    0.000000e+00   0.000000e+00   0.000000e+00
    0.000000e+00   0.000000e+00   0.000000e+00
    0.000000e+00   0.000000e+00   0.000000e+00
    0.000000e+00   0.000000e+00   0.000000e+00
    0.000000e+00   0.000000e+00   0.000000e+00
    0.000000e+00   0.000000e+00   0.000000e+00
    0.000000e+00   0.000000e+00   0.000000e+00
    0.000000e+00   0.000000e+00   0.000000e+00
    0.000000e+00   0.000000e+00   0.000000e+00
    0.000000e+00   0.000000e+00   0.000000e+00
    0.000000e+00   0.000000e+00   0.000000e+00
    0.000000e+00   0.000000e+00   0.000000e+00
    0.000000e+00   0.000000e+00   0.000000e+00
    0.000000e+00   0.000000e+00   0.000000e+00
    0.000000e+00   0.000000e+00   0.000000e+00
    0.000000e+00   0.000000e+00   0.000000e+00
    0.000000e+00   0.000000e+00   0.000000e+00
    0.000000e+00   0.000000e+00   0.000000e+00
    0.000000e+00   0.000000e+00   0.000000e+00
    0.000000e+00   0.000000e+00   0.000000e+00
    0.000000e+00   0.000000e+00   0.000000e+00
    0.000000e+00   0.000000e+00   0.000000e+00
    0.000000e+00   0.000000e+00   0.000000e+00
    0.000000e+00   0.000000e+00   0.000000e+00
    0.000000e+00   0.000000e+00   0.000000e+00
    0.000000e+00   0.000000e+00   0.000000e+00
    0.000000e+00   0.000000e+00   0.000000e+00
    0.000000e+00   0.000000e+00   0.000000e+00
    0.000000e+00   0.000000e+00   0.000000e+00
    0.000000e+00   0.000000e+00   0.000000e+00
    0.000000e+00   0.000000e+00   0.000000e+00
    0.000000e+00   0.000000e+00   0.000000e+00
    0.000000e+00   0.000000e+00   0.000000e+00
    0.000000e+00   0.000000e+00   0.000000e+00
    0.000000e+00   0.000000e+00   0.000000e+00
    0.000000e+00   0.000000e+00   0.000000e+00
    0.000000e+00   0.000000e+00   0.000000e+00
    0.000000e+00   0.000000e+00   0.000000e+00
    0.000000e+00   0.000000e+00   0.000000e+00
    0.000000e+00   0.000000e+00   0.000000e+00
    0.000000e+00   0.000000e+00   0.000000e+00
    0.000000e+00   0.000000e+00   0.000000e+00
    0.000000e+00   0.000000e+00   0.000000e+00
    0.000000e+00   0.000000e+00   0.000000e+00
    0.000000e+00   0.000000e+00   0.000000e+00
    0.000000e+00   0.000000e+00   0.000000e+00
    0.000000e+00   0.000000e+00   0.000000e+00
    0.000000e+00   0.000000e+00   0.000000e+00
    0.000000e+00   0.000000e+00   0.000000e+00
    0.000000e+00   0.000000e+00   0.000000e+00
    0.000000e+00   0.000000e+00   0.000000e+00
    0.000000e+00   0.000000e+00   0.000000e+00
    0.000000e+00   0.000000e+00   0.000000e+00
    0.000000e+00   0.000000e+00   0.000000e+00
    0.000000e+00   0.000000e+00   0.000000e+00
    0.000000e+00   0.000000e+00   0.000000e+00
    0.000000e+00   0.000000e+00   0.000000e+00
    0.000000e+00   0.000000e+00   0.000000e+00
    0.000000e+00   0.000000e+00   0.000000e+00
    0.000000e+00   0.000000e+00   0.000000e+00
    0.000000e+00   0.000000e+00   0.000000e+00
    0.000000e+00   0.000000e+00   0.000000e+00
    0.000000e+00   0.000000e+00   0.000000e+00
    0.000000e+00   0.000000e+00   0.000000e+00
    0.000000e+00   0.000000e+00   0.000000e+00
    0.000000e+00   0.000000e+00   0.000000e+00
    0.000000e+00   0.000000e+00   0.000000e+00
    0.000000e+00   0.000000e+00   0.000000e+00
    0.000000e+00   0.000000e+00   0.000000e+00
    0.000000e+00   0.000000e+00   0.000000e+00
    0.000000e+00   0.000000e+00   0.000000e+00
    0.000000e+00   0.000000e+00   0.000000e+00
    0.000000e+00   0.000000e+00   0.000000e+00
    0.000000e+00   0.000000e+00   0.000000e+00
    0.000000e+00   0.000000e+00   0.000000e+00
    0.000000e+00   0.000000e+00   0.000000e+00
    0.000000e+00   0.000000e+00   0.000000e+00
    0.000000e+00   0.000000e+00   0.000000e+00
    0.000000e+00   0.000000e+00   0.000000e+00
    0.000000e+00   0.000000e+00   0.000000e+00
    0.000000e+00   0.000000e+00   0.000000e+00
    0.000000e+00   0.000000e+00   0.000000e+00
    0.000000e+00   0.000000e+00   0.000000e+00
    0.000000e+00   0.000000e+00   0.000000e+00
    0.000000e+00   0.000000e+00   0.000000e+00
    0.000000e+00   0.000000e+00   0.000000e+00
    0.000000e+00   0.000000e+00   0.000000e+00
    0.000000e+00   0.000000e+00   0.000000e+00
    0.000000e+00   0.000000e+00   0.000000e+00
    0.000000e+00   0.000000e+00   0.000000e+00
    0.000000e+00   0.000000e+00   0.000000e+00
    0.000000e+00   0.000000e+00   0.000000e+00
    0.000000e+00   0.000000e+00   0.000000e+00
    0.000000e+00   0.000000e+00   0.000000e+00
    0.000000e+00   0.000000e+00   0.000000e+00
    0.000000e+00   0.000000e+00   0.000000e+00
    0.000000e+00   0.000000e+00   0.000000e+00
    0.000000e+00   0.000000e+00   0.000000e+00
    0.000000e+00   0.000000e+00   0.000000e+00
    0.000000e+00   0.000000e+00   0.000000e+00
    0.000000e+00   0.000000e+00   0.000000e+00
    0.000000e+00   0.000000e+00   0.000000e+00
    0.000000e+00   0.000000e+00   0.000000e+00
    0.000000e+00   0.000000e+00   0.000000e+00
    0.000000e+00   0.000000e+00   0.000000e+00
    0.000000e+00   0.000000e+00   0.000000e+00
    0.000000e+00   0.000000e+00   0.000000e+00
    0.000000e+00   0.000000e+00   0.000000e+00
    0.000000e+00   0.000000e+00   0.000000e+00
    0.000000e+00   0.000000e+00   0.000000e+00
    0.000000e+00   0.000000e+00   0.000000e+00
    0.000000e+00   0.000000e+00   0.000000e+00
    0.000000e+00   0.000000e+00   0.000000e+00
    0.000000e+00   0.000000e+00   0.000000e+00
    0.000000e+00   0.000000e+00   0.000000e+00
    0.000000e+00   0.000000e+00   0.000000e+00
    0.000000e+00   0.000000e+00   0.000000e+00
    0.000000e+00   0.000000e+00   0.000000e+00
    0.000000e+00   0.000000e+00   0.000000e+00
    0.000000e+00   0.000000e+00   0.000000e+00
    0.000000e+00   0.000000e+00   0.000000e+00
    0.000000e+00   0.000000e+00   0.000000e+00
    0.000000e+00   0.000000e+00   0.000000e+00
    0.000000e+00   0.000000e+00   0.000000e+00
    0.000000e+00   0.000000e+00   0.000000e+00
    0.000000e+00   0.000000e+00   0.000000e+00
    0.000000e+00   0.000000e+00   0.000000e+00
    0.000000e+00   0.000000e+00   0.000000e+00
    0.000000e+00   0.000000e+00   0.000000e+00
    0.000000e+00   0.000000e+00   0.000000e+00
    0.000000e+00   0.000000e+00   0.000000e+00
    0.000000e+00   0.000000e+00   0.000000e+00
    0.000000e+00   0.000000e+00   0.000000e+00
    0.000000e+00   0.000000e+00   0.000000e+00
    0.000000e+00   0.000000e+00   0.000000e+00
    0.000000e+00   0.000000e+00   0.000000e+00
    0.000000e+00   0.000000e+00   0.000000e+00
    0.000000e+00   0.000000e+00   0.000000e+00
    0.000000e+00   0.000000e+00   0.000000e+00
    0.000000e+00   0.000000e+00   0.000000e+00
    0.000000e+00   0.000000e+00   0.000000e+00
    0.000000e+00   0.000000e+00   0.000000e+00
    0.000000e+00   0.000000e+00   0.000000e+00
    0.000000e+00   0.000000e+00   0.000000e+00
    0.000000e+00   0.000000e+00   0.000000e+00
    0.000000e+00   0.000000e+00   0.000000e+00
    0.000000e+00   0.000000e+00   0.000000e+00
    0.000000e+00   0.000000e+00   0.000000e+00
    0.000000e+00   0.000000e+00   0.000000e+00
    0.000000e+00   0.000000e+00   0.000000e+00
    0.000000e+00   0.000000e+00   0.000000e+00
    0.000000e+00   0.000000e+00   0.000000e+00
    0.000000e+00   0.000000e+00   0.000000e+00
    0.000000e+00   0.000000e+00   0.000000e+00
    0.000000e+00   0.000000e+00   0.000000e+00
    0.000000e+00   0.000000e+00   0.000000e+00
    0.000000e+00   0.000000e+00   0.000000e+00
    0.000000e+00   0.000000e+00   0.000000e+00
    0.000000e+00   0.000000e+00   0.000000e+00
    0.000000e+00   0.000000e+00   0.000000e+00
    0.000000e+00   0.000000e+00   0.000000e+00
    0.000000e+00   0.000000e+00   0.000000e+00
    0.000000e+00   0.000000e+00   0.000000e+00
    0.000000e+00   0.000000e+00   0.000000e+00
    0.000000e+00   0.000000e+00   0.000000e+00
    0.000000e+00   0.000000e+00   0.000000e+00
    0.000000e+00   0.000000e+00   0.000000e+00
    0.000000e+00   0.000000e+00   0.000000e+00
    0.000000e+00   0.000000e+00   0.000000e+00
    0.000000e+00   0.000000e+00   0.000000e+00
    0.000000e+00   0.000000e+00   0.000000e+00
    0.000000e+00   0.000000e+00   0.000000e+00
    0.000000e+00   0.000000e+00   0.000000e+00
    0.000000e+00   0.000000e+00   0.000000e+00
    0.000000e+00   0.000000e+00   0.000000e+00
    0.000000e+00   0.000000e+00   0.000000e+00
    0.000000e+00   0.000000e+00   0.000000e+00
    0.000000e+00   0.000000e+00   0.000000e+00
    0.000000e+00   0.000000e+00   0.000000e+00
    0.000000e+00   0.000000e+00   0.000000e+00
    0.000000e+00   0.000000e+00   0.000000e+00
    0.000000e+00   0.000000e+00   0.000000e+00
    0.000000e+00   0.000000e+00   0.000000e+00
    0.000000e+00   0.000000e+00   0.000000e+00
    0.000000e+00   0.000000e+00   0.000000e+00
    0.000000e+00   0.000000e+00   0.000000e+00
    0.000000e+00   0.000000e+00   0.000000e+00
    0.000000e+00   0.000000e+00   0.000000e+00
    0.000000e+00   0.000000e+00   0.000000e+00
    0.000000e+00   0.000000e+00   0.000000e+00
    0.000000e+00   0.000000e+00   0.000000e+00
    0.000000e+00   0.000000e+00   0.000000e+00
    0.000000e+00   0.000000e+00   0.000000e+00
    0.000000e+00   0.000000e+00   0.000000e+00
    0.000000e+00   0.000000e+00   0.000000e+00
    0.000000e+00   0.000000e+00   0.000000e+00
    0.000000e+00   0.000000e+00   0.000000e+00
    0.000000e+00   0.000000e+00   0.000000e+00
    0.000000e+00   0.000000e+00   0.000000e+00
    0.000000e+00   0.000000e+00   0.000000e+00
    0.000000e+00   0.000000e+00   0.000000e+00
    0.000000e+00   0.000000e+00   0.000000e+00
    0.000000e+00   0.000000e+00   0.000000e+00
    0.000000e+00   0.000000e+00   0.000000e+00
    0.000000e+00   0.000000e+00   0.000000e+00
    0.000000e+00   0.000000e+00   0.000000e+00
    0.000000e+00   0.000000e+00   0.000000e+00
    0.000000e+00   0.000000e+00   0.000000e+00
    0.000000e+00   0.000000e+00   0.000000e+00
    0.000000e+00   0.000000e+00   0.000000e+00
    0.000000e+00   0.000000e+00   0.000000e+00
    0.000000e+00   0.000000e+00   0.000000e+00
    0.000000e+00   0.000000e+00   0.000000e+00
    0.000000e+00   0.000000e+00   0.000000e+00
    0.000000e+00   0.000000e+00   0.000000e+00
    0.000000e+00   0.000000e+00   0.000000e+00
    0.000000e+00   0.000000e+00   0.000000e+00
    0.000000e+00   0.000000e+00   0.000000e+00
    0.000000e+00   0.000000e+00   0.000000e+00
    0.000000e+00   0.000000e+00   0.000000e+00
    0.000000e+00   0.000000e+00   0.000000e+00
    0.000000e+00   0.000000e+00   0.000000e+00
    0.000000e+00   0.000000e+00   0.000000e+00
    0.000000e+00   0.000000e+00   0.000000e+00
    0.000000e+00   0.000000e+00   0.000000e+00
    0.000000e+00   0.000000e+00   0.000000e+00
    0.000000e+00   0.000000e+00   0.000000e+00
    0.000000e+00   0.000000e+00   0.000000e+00
    0.000000e+00   0.000000e+00   0.000000e+00
    0.000000e+00   0.000000e+00   0.000000e+00
    0.000000e+00   0.000000e+00   0.000000e+00
    0.000000e+00   0.000000e+00   0.000000e+00
    0.000000e+00   0.000000e+00   0.000000e+00
    0.000000e+00   0.000000e+00   0.000000e+00
    0.000000e+00   0.000000e+00   0.000000e+00
    0.000000e+00   0.000000e+00   0.000000e+00
    0.000000e+00   0.000000e+00   0.000000e+00
    0.000000e+00   0.000000e+00   0.000000e+00
    0.000000e+00   0.000000e+00   0.000000e+00
    0.000000e+00   0.000000e+00   0.000000e+00
    0.000000e+00   0.000000e+00   0.000000e+00
    0.000000e+00   0.000000e+00   0.000000e+00
    0.000000e+00   0.000000e+00   0.000000e+00
    0.000000e+00   0.000000e+00   0.000000e+00
    0.000000e+00   0.000000e+00   0.000000e+00
    0.000000e+00   0.000000e+00   0.000000e+00
    0.000000e+00   0.000000e+00   0.000000e+00
    0.000000e+00   0.000000e+00   0.000000e+00
    0.000000e+00   0.000000e+00   0.000000e+00
    0.000000e+00   0.000000e+00   0.000000e+00
    0.000000e+00   0.000000e+00   0.000000e+00
    0.000000e+00   0.000000e+00   0.000000e+00
    0.000000e+00   0.000000e+00   0.000000e+00
    0.000000e+00   0.000000e+00   0.000000e+00
    0.000000e+00   0.000000e+00   0.000000e+00
    0.000000e+00   0.000000e+00   0.000000e+00
    0.000000e+00   0.000000e+00   0.000000e+00
    0.000000e+00   0.000000e+00   0.000000e+00
    0.000000e+00   0.000000e+00   0.000000e+00
    0.000000e+00   0.000000e+00   0.000000e+00
    0.000000e+00   0.000000e+00   0.000000e+00
    0.000000e+00   0.000000e+00   0.000000e+00
    0.000000e+00   0.000000e+00   0.000000e+00
    0.000000e+00   0.000000e+00   0.000000e+00
    0.000000e+00   0.000000e+00   0.000000e+00
    0.000000e+00   0.000000e+00   0.000000e+00
    0.000000e+00   0.000000e+00   0.000000e+00
    0.000000e+00   0.000000e+00   0.000000e+00
    0.000000e+00   0.000000e+00   0.000000e+00
    0.000000e+00   0.000000e+00   0.000000e+00
    0.000000e+00   0.000000e+00   0.000000e+00
    0.000000e+00   0.000000e+00   0.000000e+00
    0.000000e+00   0.000000e+00   0.000000e+00
    0.000000e+00   0.000000e+00   0.000000e+00
    0.000000e+00   0.000000e+00   0.000000e+00
    0.000000e+00   0.000000e+00   0.000000e+00
    0.000000e+00   0.000000e+00   0.000000e+00
    0.000000e+00   0.000000e+00   0.000000e+00
    0.000000e+00   0.000000e+00   0.000000e+00
    0.000000e+00   0.000000e+00   0.000000e+00
    0.000000e+00   0.000000e+00   0.000000e+00
    0.000000e+00   0.000000e+00   0.000000e+00
    0.000000e+00   0.000000e+00   0.000000e+00
    0.000000e+00   0.000000e+00   0.000000e+00
    0.000000e+00   0.000000e+00   0.000000e+00
    0.000000e+00   0.000000e+00   0.000000e+00
    0.000000e+00   0.000000e+00   0.000000e+00
    0.000000e+00   0.000000e+00   0.000000e+00
    0.000000e+00   0.000000e+00   0.000000e+00
    0.000000e+00   0.000000e+00   0.000000e+00
    0.000000e+00   0.000000e+00   0.000000e+00
    0.000000e+00   0.000000e+00   0.000000e+00
    0.000000e+00   0.000000e+00   0.000000e+00
    0.000000e+00   0.000000e+00   0.000000e+00
    0.000000e+00   0.000000e+00   0.000000e+00
    0.000000e+00   0.000000e+00   0.000000e+00
    0.000000e+00   0.000000e+00   0.000000e+00
    0.000000e+00   0.000000e+00   0.000000e+00
    0.000000e+00   0.000000e+00   0.000000e+00
    0.000000e+00   0.000000e+00   0.000000e+00
    0.000000e+00   0.000000e+00   0.000000e+00
    0.000000e+00   0.000000e+00   0.000000e+00
    0.000000e+00   0.000000e+00   0.000000e+00
    0.000000e+00   0.000000e+00   0.000000e+00
    0.000000e+00   0.000000e+00   0.000000e+00
    0.000000e+00   0.000000e+00   0.000000e+00
    0.000000e+00   0.000000e+00   0.000000e+00
    0.000000e+00   0.000000e+00   0.000000e+00
    0.000000e+00   0.000000e+00   0.000000e+00
    0.000000e+00   0.000000e+00   0.000000e+00
    0.000000e+00   0.000000e+00   0.000000e+00
    0.000000e+00   0.000000e+00   0.000000e+00
    0.000000e+00   0.000000e+00   0.000000e+00
    0.000000e+00   0.000000e+00   0.000000e+00
    0.000000e+00   0.000000e+00   0.000000e+00
    0.000000e+00   0.000000e+00   0.000000e+00
    0.000000e+00   0.000000e+00   0.000000e+00
    0.000000e+00   0.000000e+00   0.000000e+00
    0.000000e+00   0.000000e+00   0.000000e+00
    0.000000e+00   0.000000e+00   0.000000e+00
    0.000000e+00   0.000000e+00   0.000000e+00
    0.000000e+00   0.000000e+00   0.000000e+00
    0.000000e+00   0.000000e+00   0.000000e+00
    0.000000e+00   0.000000e+00   0.000000e+00
    0.000000e+00   0.000000e+00   0.000000e+00
    0.000000e+00   0.000000e+00   0.000000e+00
    0.000000e+00   0.000000e+00   0.000000e+00
    0.000000e+00   0.000000e+00   0.000000e+00
    0.000000e+00   0.000000e+00   0.000000e+00
    0.000000e+00   0.000000e+00   0.000000e+00
    0.000000e+00   0.000000e+00   0.000000e+00
    0.000000e+00   0.000000e+00   0.000000e+00
    0.000000e+00   0.000000e+00   0.000000e+00
    0.000000e+00   0.000000e+00   0.000000e+00
    0.000000e+00   0.000000e+00   0.000000e+00
    0.000000e+00   0.000000e+00   0.000000e+00
    0.000000e+00   0.000000e+00   0.000000e+00
    0.000000e+00   0.000000e+00   0.000000e+00
    0.000000e+00   0.000000e+00   0.000000e+00
    0.000000e+00   0.000000e+00   0.000000e+00
    0.000000e+00   0.000000e+00   0.000000e+00
    0.000000e+00   0.000000e+00   0.000000e+00
    0.000000e+00   0.000000e+00   0.000000e+00
    0.000000e+00   0.000000e+00   0.000000e+00
    0.000000e+00   0.000000e+00   0.000000e+00
    0.000000e+00   0.000000e+00   0.000000e+00
    0.000000e+00   0.000000e+00   0.000000e+00
    0.000000e+00   0.000000e+00   0.000000e+00
    0.000000e+00   0.000000e+00   0.000000e+00
    0.000000e+00   0.000000e+00   0.000000e+00
    0.000000e+00   0.000000e+00   0.000000e+00
    0.000000e+00   0.000000e+00   0.000000e+00
    0.000000e+00   0.000000e+00   0.000000e+00
    0.000000e+00   0.000000e+00   0.000000e+00
    0.000000e+00   0.000000e+00   0.000000e+00
    0.000000e+00   0.000000e+00   0.000000e+00
    0.000000e+00   0.000000e+00   0.000000e+00
    0.000000e+00   0.000000e+00   0.000000e+00
    0.000000e+00   0.000000e+00   0.000000e+00
    0.000000e+00   0.000000e+00   0.000000e+00
    0.000000e+00   0.000000e+00   0.000000e+00
    0.000000e+00   0.000000e+00   0.000000e+00
    0.000000e+00   0.000000e+00   0.000000e+00
    0.000000e+00   0.000000e+00   0.000000e+00
    0.000000e+00   0.000000e+00   0.000000e+00
    0.000000e+00   0.000000e+00   0.000000e+00
    0.000000e+00   0.000000e+00   0.000000e+00
    0.000000e+00   0.000000e+00   0.000000e+00
    0.000000e+00   0.000000e+00   0.000000e+00
    0.000000e+00   0.000000e+00   0.000000e+00
    0.000000e+00   0.000000e+00   0.000000e+00
    0.000000e+00   0.000000e+00   0.000000e+00
    0.000000e+00   0.000000e+00   0.000000e+00
    0.000000e+00   0.000000e+00   0.000000e+00
    0.000000e+00   0.000000e+00   0.000000e+00
    0.000000e+00   0.000000e+00   0.000000e+00
    0.000000e+00   0.000000e+00   0.000000e+00
    0.000000e+00   0.000000e+00   0.000000e+00
    0.000000e+00   0.000000e+00   0.000000e+00
    0.000000e+00   0.000000e+00   0.000000e+00
    0.000000e+00   0.000000e+00   0.000000e+00
    0.000000e+00   0.000000e+00   0.000000e+00
    0.000000e+00   0.000000e+00   0.000000e+00
    0.000000e+00   0.000000e+00   0.000000e+00
    0.000000e+00   0.000000e+00   0.000000e+00
    0.000000e+00   0.000000e+00   0.000000e+00
    0.000000e+00   0.000000e+00   0.000000e+00
    0.000000e+00   0.000000e+00   0.000000e+00
    0.000000e+00   0.000000e+00   0.000000e+00
    0.000000e+00   0.000000e+00   0.000000e+00
    0.000000e+00   0.000000e+00   0.000000e+00
    0.000000e+00   0.000000e+00   0.000000e+00
    0.000000e+00   0.000000e+00   0.000000e+00
    0.000000e+00   0.000000e+00   0.000000e+00
    0.000000e+00   0.000000e+00   0.000000e+00
    0.000000e+00   0.000000e+00   0.000000e+00
    0.000000e+00   0.000000e+00   0.000000e+00
    0.000000e+00   0.000000e+00   0.000000e+00
    0.000000e+00   0.000000e+00   0.000000e+00
    0.000000e+00   0.000000e+00   0.000000e+00
    0.000000e+00   0.000000e+00   0.000000e+00
    0.000000e+00   0.000000e+00   0.000000e+00
    0.000000e+00   0.000000e+00   0.000000e+00
    0.000000e+00   0.000000e+00   0.000000e+00
    0.000000e+00   0.000000e+00   0.000000e+00
    0.000000e+00   0.000000e+00   0.000000e+00
    0.000000e+00   0.000000e+00   0.000000e+00
    0.000000e+00   0.000000e+00   0.000000e+00
    0.000000e+00   0.000000e+00   0.000000e+00
    0.000000e+00   0.000000e+00   0.000000e+00
    0.000000e+00   0.000000e+00   0.000000e+00
    0.000000e+00   0.000000e+00   0.000000e+00
    0.000000e+00   0.000000e+00   0.000000e+00
    0.000000e+00   0.000000e+00   0.000000e+00
    0.000000e+00   0.000000e+00   0.000000e+00
    0.000000e+00   0.000000e+00   0.000000e+00
    0.000000e+00   0.000000e+00   0.000000e+00
    0.000000e+00   0.000000e+00   0.000000e+00
    0.000000e+00   0.000000e+00   0.000000e+00
    0.000000e+00   0.000000e+00   0.000000e+00
    0.000000e+00   0.000000e+00   0.000000e+00
    0.000000e+00   0.000000e+00   0.000000e+00
    0.000000e+00   0.000000e+00   0.000000e+00
    0.000000e+00   0.000000e+00   0.000000e+00
    0.000000e+00   0.000000e+00   0.000000e+00
    0.000000e+00   0.000000e+00   0.000000e+00
    0.000000e+00   0.000000e+00   0.000000e+00
    0.000000e+00   0.000000e+00   0.000000e+00
    0.000000e+00   0.000000e+00   0.000000e+00
    0.000000e+00   0.000000e+00   0.000000e+00
    0.000000e+00   0.000000e+00   0.000000e+00
    0.000000e+00   0.000000e+00   0.000000e+00
    0.000000e+00   0.000000e+00   0.000000e+00
    0.000000e+00   0.000000e+00   0.000000e+00
    0.000000e+00   0.000000e+00   0.000000e+00
    0.000000e+00   0.000000e+00   0.000000e+00
    0.000000e+00   0.000000e+00   0.000000e+00
    0.000000e+00   0.000000e+00   0.000000e+00
    0.000000e+00   0.000000e+00   0.000000e+00
    0.000000e+00   0.000000e+00   0.000000e+00
    0.000000e+00   0.000000e+00   0.000000e+00
    0.000000e+00   0.000000e+00   0.000000e+00
    0.000000e+00   0.000000e+00   0.000000e+00
    0.000000e+00   0.000000e+00   0.000000e+00
    0.000000e+00   0.000000e+00   0.000000e+00
    0.000000e+00   0.000000e+00   0.000000e+00
    0.000000e+00   0.000000e+00   0.000000e+00
    0.000000e+00   0.000000e+00   0.000000e+00
    0.000000e+00   0.000000e+00   0.000000e+00
    0.000000e+00   0.000000e+00   0.000000e+00
    0.000000e+00   0.000000e+00   0.000000e+00
    0.000000e+00   0.000000e+00   0.000000e+00
    0.000000e+00   0.000000e+00   0.000000e+00
    0.000000e+00   0.000000e+00   0.000000e+00
    0.000000e+00   0.000000e+00   0.000000e+00
    0.000000e+00   0.000000e+00   0.000000e+00
    0.000000e+00   0.000000e+00   0.000000e+00
    0.000000e+00   0.000000e+00   0.000000e+00
    0.000000e+00   0.000000e+00   0.000000e+00
    0.000000e+00   0.000000e+00   0.000000e+00
    0.000000e+00   0.000000e+00   0.000000e+00
    0.000000e+00   0.000000e+00   0.000000e+00
    0.000000e+00   0.000000e+00   0.000000e+00
    0.000000e+00   0.000000e+00   0.000000e+00
    0.000000e+00   0.000000e+00   0.000000e+00
    0.000000e+00   0.000000e+00   0.000000e+00
    0.000000e+00   0.000000e+00   0.000000e+00
    0.000000e+00   0.000000e+00   0.000000e+00
    0.000000e+00   0.000000e+00   0.000000e+00
    0.000000e+00   0.000000e+00   0.000000e+00
    0.000000e+00   0.000000e+00   0.000000e+00
    0.000000e+00   0.000000e+00   0.000000e+00
    0.000000e+00   0.000000e+00   0.000000e+00
    0.000000e+00   0.000000e+00   0.000000e+00
    0.000000e+00   0.000000e+00   0.000000e+00
    0.000000e+00   0.000000e+00   0.000000e+00
    0.000000e+00   0.000000e+00   0.000000e+00
    0.000000e+00   0.000000e+00   0.000000e+00
    0.000000e+00   0.000000e+00   0.000000e+00
    0.000000e+00   0.000000e+00   0.000000e+00
    0.000000e+00   0.000000e+00   0.000000e+00
    0.000000e+00   0.000000e+00   0.000000e+00
    0.000000e+00   0.000000e+00   0.000000e+00
    0.000000e+00   0.000000e+00   0.000000e+00
    0.000000e+00   0.000000e+00   0.000000e+00
    0.000000e+00   0.000000e+00   0.000000e+00
    0.000000e+00   0.000000e+00   0.000000e+00
    0.000000e+00   0.000000e+00   0.000000e+00
    0.000000e+00   0.000000e+00   0.000000e+00
    0.000000e+00   0.000000e+00   0.000000e+00
    0.000000e+00   0.000000e+00   0.000000e+00
    0.000000e+00   0.000000e+00   0.000000e+00
    0.000000e+00   0.000000e+00   0.000000e+00
    0.000000e+00   0.000000e+00   0.000000e+00
    0.000000e+00   0.000000e+00   0.000000e+00
    0.000000e+00   0.000000e+00   0.000000e+00
    0.000000e+00   0.000000e+00   0.000000e+00
    0.000000e+00   0.000000e+00   0.000000e+00
    0.000000e+00   0.000000e+00   0.000000e+00
    0.000000e+00   0.000000e+00   0.000000e+00
    0.000000e+00   0.000000e+00   0.000000e+00
    0.000000e+00   0.000000e+00   0.000000e+00
    0.000000e+00   0.000000e+00   0.000000e+00
    0.000000e+00   0.000000e+00   0.000000e+00
    0.000000e+00   0.000000e+00   0.000000e+00
    0.000000e+00   0.000000e+00   0.000000e+00
    0.000000e+00   0.000000e+00   0.000000e+00
    0.000000e+00   0.000000e+00   0.000000e+00
    0.000000e+00   0.000000e+00   0.000000e+00
    0.000000e+00   0.000000e+00   0.000000e+00
    0.000000e+00   0.000000e+00   0.000000e+00
    0.000000e+00   0.000000e+00   0.000000e+00
    0.000000e+00   0.000000e+00   0.000000e+00
    0.000000e+00   0.000000e+00   0.000000e+00
    0.000000e+00   0.000000e+00   0.000000e+00
    0.000000e+00   0.000000e+00   0.000000e+00
    0.000000e+00   0.000000e+00   0.000000e+00
    0.000000e+00   0.000000e+00   0.000000e+00
    0.000000e+00   0.000000e+00   0.000000e+00
    0.000000e+00   0.000000e+00   0.000000e+00
    0.000000e+00   0.000000e+00   0.000000e+00
    0.000000e+00   0.000000e+00   0.000000e+00
    0.000000e+00   0.000000e+00   0.000000e+00
    0.000000e+00   0.000000e+00   0.000000e+00
    0.000000e+00   0.000000e+00   0.000000e+00
    0.000000e+00   0.000000e+00   0.000000e+00
    0.000000e+00   0.000000e+00   0.000000e+00
    0.000000e+00   0.000000e+00   0.000000e+00
    0.000000e+00   0.000000e+00   0.000000e+00
    0.000000e+00   0.000000e+00   0.000000e+00
    0.000000e+00   0.000000e+00   0.000000e+00
    0.000000e+00   0.000000e+00   0.000000e+00
    0.000000e+00   0.000000e+00   0.000000e+00
    0.000000e+00   0.000000e+00   0.000000e+00
    0.000000e+00   0.000000e+00   0.000000e+00
    0.000000e+00   0.000000e+00   0.000000e+00
    0.000000e+00   0.000000e+00   0.000000e+00
    0.000000e+00   0.000000e+00   0.000000e+00
    0.000000e+00   0.000000e+00   0.000000e+00
    0.000000e+00   0.000000e+00   0.000000e+00
    0.000000e+00   0.000000e+00   0.000000e+00
    0.000000e+00   0.000000e+00   0.000000e+00
    0.000000e+00   0.000000e+00   0.000000e+00
    0.000000e+00   0.000000e+00   0.000000e+00
    0.000000e+00   0.000000e+00   0.000000e+00
    0.000000e+00   0.000000e+00   0.000000e+00
    0.000000e+00   0.000000e+00   0.000000e+00
    0.000000e+00   0.000000e+00   0.000000e+00
    0.000000e+00   0.000000e+00   0.000000e+00
    0.000000e+00   0.000000e+00   0.000000e+00
    0.000000e+00   0.000000e+00   0.000000e+00
    0.000000e+00   0.000000e+00   0.000000e+00
    0.000000e+00   0.000000e+00   0.000000e+00
    0.000000e+00   0.000000e+00   0.000000e+00
    0.000000e+00   0.000000e+00   0.000000e+00
    0.000000e+00   0.000000e+00   0.000000e+00
    0.000000e+00   0.000000e+00   0.000000e+00
    0.000000e+00   0.000000e+00   0.000000e+00
    0.000000e+00   0.000000e+00   0.000000e+00
    0.000000e+00   0.000000e+00   0.000000e+00
    0.000000e+00   0.000000e+00   0.000000e+00
    0.000000e+00   0.000000e+00   0.000000e+00
    0.000000e+00   0.000000e+00   0.000000e+00
    0.000000e+00   0.000000e+00   0.000000e+00
    0.000000e+00   0.000000e+00   0.000000e+00
    0.000000e+00   0.000000e+00   0.000000e+00
    0.000000e+00   0.000000e+00   0.000000e+00
    0.000000e+00   0.000000e+00   0.000000e+00
    0.000000e+00   0.000000e+00   0.000000e+00
    0.000000e+00   0.000000e+00   0.000000e+00
    0.000000e+00   0.000000e+00   0.000000e+00
    0.000000e+00   0.000000e+00   0.000000e+00
    0.000000e+00   0.000000e+00   0.000000e+00
    0.000000e+00   0.000000e+00   0.000000e+00
    0.000000e+00   0.000000e+00   0.000000e+00
    0.000000e+00   0.000000e+00   0.000000e+00
    0.000000e+00   0.000000e+00   0.000000e+00
    0.000000e+00   0.000000e+00   0.000000e+00
    0.000000e+00   0.000000e+00   0.000000e+00
    0.000000e+00   0.000000e+00   0.000000e+00
    0.000000e+00   0.000000e+00   0.000000e+00
    0.000000e+00   0.000000e+00   0.000000e+00
    0.000000e+00   0.000000e+00   0.000000e+00
    0.000000e+00   0.000000e+00   0.000000e+00
    0.000000e+00   0.000000e+00   0.000000e+00
    0.000000e+00   0.000000e+00   0.000000e+00
    0.000000e+00   0.000000e+00   0.000000e+00
    0.000000e+00   0.000000e+00   0.000000e+00
    0.000000e+00   0.000000e+00   0.000000e+00
    0.000000e+00   0.000000e+00   0.000000e+00
    0.000000e+00   0.000000e+00   0.000000e+00
    0.000000e+00   0.000000e+00   0.000000e+00
    0.000000e+00   0.000000e+00   0.000000e+00
    0.000000e+00   0.000000e+00   0.000000e+00
    0.000000e+00   0.000000e+00   0.000000e+00
    0.000000e+00   0.000000e+00   0.000000e+00
    0.000000e+00   0.000000e+00   0.000000e+00
    0.000000e+00   0.000000e+00   0.000000e+00
    0.000000e+00   0.000000e+00   0.000000e+00
    0.000000e+00   0.000000e+00   0.000000e+00
    0.000000e+00   0.000000e+00   0.000000e+00
    0.000000e+00   0.000000e+00   0.000000e+00
    0.000000e+00   0.000000e+00   0.000000e+00
    0.000000e+00   0.000000e+00   0.000000e+00
    0.000000e+00   0.000000e+00   0.000000e+00
    0.000000e+00   0.000000e+00   0.000000e+00
    0.000000e+00   0.000000e+00   0.000000e+00
    0.000000e+00   0.000000e+00   0.000000e+00
    0.000000e+00   0.000000e+00   0.000000e+00
    0.000000e+00   0.000000e+00   0.000000e+00
    0.000000e+00   0.000000e+00   0.000000e+00
    0.000000e+00   0.000000e+00   0.000000e+00
    0.000000e+00   0.000000e+00   0.000000e+00
    0.000000e+00   0.000000e+00   0.000000e+00
    0.000000e+00   0.000000e+00   0.000000e+00
    0.000000e+00   0.000000e+00   0.000000e+00
    0.000000e+00   0.000000e+00   0.000000e+00
    0.000000e+00   0.000000e+00   0.000000e+00
    0.000000e+00   0.000000e+00   0.000000e+00
    0.000000e+00   0.000000e+00   0.000000e+00
    0.000000e+00   0.000000e+00   0.000000e+00
    0.000000e+00   0.000000e+00   0.000000e+00
    0.000000e+00   0.000000e+00   0.000000e+00
    0.000000e+00   0.000000e+00   0.000000e+00
    0.000000e+00   0.000000e+00   0.000000e+00
    0.000000e+00   0.000000e+00   0.000000e+00
    0.000000e+00   0.000000e+00   0.000000e+00
    0.000000e+00   0.000000e+00   0.000000e+00
    0.000000e+00   0.000000e+00   0.000000e+00
    0.000000e+00   0.000000e+00   0.000000e+00
    0.000000e+00   0.000000e+00   0.000000e+00
    0.000000e+00   0.000000e+00   0.000000e+00
    0.000000e+00   0.000000e+00   0.000000e+00
    0.000000e+00   0.000000e+00   0.000000e+00
    0.000000e+00   0.000000e+00   0.000000e+00
    0.000000e+00   0.000000e+00   0.000000e+00
    0.000000e+00   0.000000e+00   0.000000e+00
    0.000000e+00   0.000000e+00   0.000000e+00
    0.000000e+00   0.000000e+00   0.000000e+00
    0.000000e+00   0.000000e+00   0.000000e+00
    0.000000e+00   0.000000e+00   0.000000e+00
    0.000000e+00   0.000000e+00   0.000000e+00
    0.000000e+00   0.000000e+00   0.000000e+00
    0.000000e+00   0.000000e+00   0.000000e+00
    0.000000e+00   0.000000e+00   0.000000e+00
    0.000000e+00   0.000000e+00   0.000000e+00
    0.000000e+00   0.000000e+00   0.000000e+00
    0.000000e+00   0.000000e+00   0.000000e+00
    0.000000e+00   0.000000e+00   0.000000e+00
    0.000000e+00   0.000000e+00   0.000000e+00
    0.000000e+00   0.000000e+00   0.000000e+00
    0.000000e+00   0.000000e+00   0.000000e+00
    0.000000e+00   0.000000e+00   0.000000e+00
    0.000000e+00   0.000000e+00   0.000000e+00
    0.000000e+00   0.000000e+00   0.000000e+00
    0.000000e+00   0.000000e+00   0.000000e+00
    0.000000e+00   0.000000e+00   0.000000e+00
    0.000000e+00   0.000000e+00   0.000000e+00
    0.000000e+00   0.000000e+00   0.000000e+00
    0.000000e+00   0.000000e+00   0.000000e+00
    0.000000e+00   0.000000e+00   0.000000e+00
    0.000000e+00   0.000000e+00   0.000000e+00
    0.000000e+00   0.000000e+00   0.000000e+00
    0.000000e+00   0.000000e+00   0.000000e+00
    0.000000e+00   0.000000e+00   0.000000e+00
    0.000000e+00   0.000000e+00   0.000000e+00
    0.000000e+00   0.000000e+00   0.000000e+00
    0.000000e+00   0.000000e+00   0.000000e+00
    0.000000e+00   0.000000e+00   0.000000e+00
    0.000000e+00   0.000000e+00   0.000000e+00
    0.000000e+00   0.000000e+00   0.000000e+00
    0.000000e+00   0.000000e+00   0.000000e+00
    0.000000e+00   0.000000e+00   0.000000e+00
    0.000000e+00   0.000000e+00   0.000000e+00
    0.000000e+00   0.000000e+00   0.000000e+00
    0.000000e+00   0.000000e+00   0.000000e+00
    0.000000e+00   0.000000e+00   0.000000e+00
    0.000000e+00   0.000000e+00   0.000000e+00
    0.000000e+00   0.000000e+00   0.000000e+00
    0.000000e+00   0.000000e+00   0.000000e+00
    0.000000e+00   0.000000e+00   0.000000e+00
    0.000000e+00   0.000000e+00   0.000000e+00
    0.000000e+00   0.000000e+00   0.000000e+00
    0.000000e+00   0.000000e+00   0.000000e+00
    0.000000e+00   0.000000e+00   0.000000e+00
    0.000000e+00   0.000000e+00   0.000000e+00
    0.000000e+00   0.000000e+00   0.000000e+00
    0.000000e+00   0.000000e+00   0.000000e+00
    0.000000e+00   0.000000e+00   0.000000e+00
    0.000000e+00   0.000000e+00   0.000000e+00
    0.000000e+00   0.000000e+00   0.000000e+00
    0.000000e+00   0.000000e+00   0.000000e+00
    0.000000e+00   0.000000e+00   0.000000e+00
    0.000000e+00   0.000000e+00   0.000000e+00
    0.000000e+00   0.000000e+00   0.000000e+00
    0.000000e+00   0.000000e+00   0.000000e+00
    0.000000e+00   0.000000e+00   0.000000e+00
    0.000000e+00   0.000000e+00   0.000000e+00
    0.000000e+00   0.000000e+00   0.000000e+00
    0.000000e+00   0.000000e+00   0.000000e+00
    0.000000e+00   0.000000e+00   0.000000e+00
    0.000000e+00   0.000000e+00   0.000000e+00
    0.000000e+00   0.000000e+00   0.000000e+00
    0.000000e+00   0.000000e+00   0.000000e+00
    0.000000e+00   0.000000e+00   0.000000e+00
    0.000000e+00   0.000000e+00   0.000000e+00
    0.000000e+00   0.000000e+00   0.000000e+00
    0.000000e+00   0.000000e+00   0.000000e+00
    0.000000e+00   0.000000e+00   0.000000e+00
    0.000000e+00   0.000000e+00   0.000000e+00
    0.000000e+00   0.000000e+00   0.000000e+00
    0.000000e+00   0.000000e+00   0.000000e+00
    0.000000e+00   0.000000e+00   0.000000e+00
    0.000000e+00   0.000000e+00   0.000000e+00
    0.000000e+00   0.000000e+00   0.000000e+00
    0.000000e+00   0.000000e+00   0.000000e+00
    0.000000e+00   0.000000e+00   0.000000e+00
    0.000000e+00   0.000000e+00   0.000000e+00
    0.000000e+00   0.000000e+00   0.000000e+00
    0.000000e+00   0.000000e+00   0.000000e+00
    0.000000e+00   0.000000e+00   0.000000e+00
    0.000000e+00   0.000000e+00   0.000000e+00
    0.000000e+00   0.000000e+00   0.000000e+00
    0.000000e+00   0.000000e+00   0.000000e+00
    0.000000e+00   0.000000e+00   0.000000e+00
    0.000000e+00   0.000000e+00   0.000000e+00
    0.000000e+00   0.000000e+00   0.000000e+00
    0.000000e+00   0.000000e+00   0.000000e+00
    0.000000e+00   0.000000e+00   0.000000e+00
    0.000000e+00   0.000000e+00   0.000000e+00
    0.000000e+00   0.000000e+00   0.000000e+00
    0.000000e+00   0.000000e+00   0.000000e+00
    0.000000e+00   0.000000e+00   0.000000e+00
    0.000000e+00   0.000000e+00   0.000000e+00
    0.000000e+00   0.000000e+00   0.000000e+00
    0.000000e+00   0.000000e+00   0.000000e+00
    0.000000e+00   0.000000e+00   0.000000e+00
    0.000000e+00   0.000000e+00   0.000000e+00
    0.000000e+00   0.000000e+00   0.000000e+00
    0.000000e+00   0.000000e+00   0.000000e+00
    0.000000e+00   0.000000e+00   0.000000e+00
    0.000000e+00   0.000000e+00   0.000000e+00
    0.000000e+00   0.000000e+00   0.000000e+00
    0.000000e+00   0.000000e+00   0.000000e+00
    0.000000e+00   0.000000e+00   0.000000e+00
    0.000000e+00   0.000000e+00   0.000000e+00
    0.000000e+00   0.000000e+00   0.000000e+00
    0.000000e+00   0.000000e+00   0.000000e+00
    0.000000e+00   0.000000e+00   0.000000e+00
    0.000000e+00   0.000000e+00   0.000000e+00
    0.000000e+00   0.000000e+00   0.000000e+00
    0.000000e+00   0.000000e+00   0.000000e+00
    0.000000e+00   0.000000e+00   0.000000e+00
    0.000000e+00   0.000000e+00   0.000000e+00
    0.000000e+00   0.000000e+00   0.000000e+00
    0.000000e+00   0.000000e+00   0.000000e+00
    0.000000e+00   0.000000e+00   0.000000e+00
    0.000000e+00   0.000000e+00   0.000000e+00
    0.000000e+00   0.000000e+00   0.000000e+00
    0.000000e+00   0.000000e+00   0.000000e+00
    0.000000e+00   0.000000e+00   0.000000e+00
    0.000000e+00   0.000000e+00   0.000000e+00
    0.000000e+00   0.000000e+00   0.000000e+00
    0.000000e+00   0.000000e+00   0.000000e+00
    0.000000e+00   0.000000e+00   0.000000e+00
    0.000000e+00   0.000000e+00   0.000000e+00
    0.000000e+00   0.000000e+00   0.000000e+00
    0.000000e+00   0.000000e+00   0.000000e+00
    0.000000e+00   0.000000e+00   0.000000e+00
    0.000000e+00   0.000000e+00   0.000000e+00
    0.000000e+00   0.000000e+00   0.000000e+00
    0.000000e+00   0.000000e+00   0.000000e+00
    0.000000e+00   0.000000e+00   0.000000e+00
    0.000000e+00   0.000000e+00   0.000000e+00
    0.000000e+00   0.000000e+00   0.000000e+00
    0.000000e+00   0.000000e+00   0.000000e+00
    0.000000e+00   0.000000e+00   0.000000e+00
    0.000000e+00   0.000000e+00   0.000000e+00
    0.000000e+00   0.000000e+00   0.000000e+00
    0.000000e+00   0.000000e+00   0.000000e+00
    0.000000e+00   0.000000e+00   0.000000e+00
    0.000000e+00   0.000000e+00   0.000000e+00
    0.000000e+00   0.000000e+00   0.000000e+00
    0.000000e+00   0.000000e+00   0.000000e+00
    0.000000e+00   0.000000e+00   0.000000e+00
    0.000000e+00   0.000000e+00   0.000000e+00
    0.000000e+00   0.000000e+00   0.000000e+00
    0.000000e+00   0.000000e+00   0.000000e+00
    0.000000e+00   0.000000e+00   0.000000e+00
    0.000000e+00   0.000000e+00   0.000000e+00
    0.000000e+00   0.000000e+00   0.000000e+00
    0.000000e+00   0.000000e+00   0.000000e+00
    0.000000e+00   0.000000e+00   0.000000e+00
    0.000000e+00   0.000000e+00   0.000000e+00
    0.000000e+00   0.000000e+00   0.000000e+00
    0.000000e+00   0.000000e+00   0.000000e+00
    0.000000e+00   0.000000e+00   0.000000e+00
    0.000000e+00   0.000000e+00   0.000000e+00
    0.000000e+00   0.000000e+00   0.000000e+00
    0.000000e+00   0.000000e+00   0.000000e+00
    0.000000e+00   0.000000e+00   0.000000e+00
    0.000000e+00   0.000000e+00   0.000000e+00
    0.000000e+00   0.000000e+00   0.000000e+00
    0.000000e+00   0.000000e+00   0.000000e+00
    0.000000e+00   0.000000e+00   0.000000e+00
    0.000000e+00   0.000000e+00   0.000000e+00
    0.000000e+00   0.000000e+00   0.000000e+00
    0.000000e+00   0.000000e+00   0.000000e+00
    0.000000e+00   0.000000e+00   0.000000e+00
    0.000000e+00   0.000000e+00   0.000000e+00
    0.000000e+00   0.000000e+00   0.000000e+00
    0.000000e+00   0.000000e+00   0.000000e+00
    0.000000e+00   0.000000e+00   0.000000e+00
    0.000000e+00   0.000000e+00   0.000000e+00
    0.000000e+00   0.000000e+00   0.000000e+00
    0.000000e+00   0.000000e+00   0.000000e+00
    0.000000e+00   0.000000e+00   0.000000e+00
    0.000000e+00   0.000000e+00   0.000000e+00
    0.000000e+00   0.000000e+00   0.000000e+00
    0.000000e+00   0.000000e+00   0.000000e+00
    0.000000e+00   0.000000e+00   0.000000e+00
    0.000000e+00   0.000000e+00   0.000000e+00
    0.000000e+00   0.000000e+00   0.000000e+00
    0.000000e+00   0.000000e+00   0.000000e+00
    0.000000e+00   0.000000e+00   0.000000e+00
    0.000000e+00   0.000000e+00   0.000000e+00
    0.000000e+00   0.000000e+00   0.000000e+00
    0.000000e+00   0.000000e+00   0.000000e+00
    0.000000e+00   0.000000e+00   0.000000e+00
    0.000000e+00   0.000000e+00   0.000000e+00
    0.000000e+00   0.000000e+00   0.000000e+00
    0.000000e+00   0.000000e+00   0.000000e+00
    0.000000e+00   0.000000e+00   0.000000e+00
    0.000000e+00   0.000000e+00   0.000000e+00
    0.000000e+00   0.000000e+00   0.000000e+00
    0.000000e+00   0.000000e+00   0.000000e+00
    0.000000e+00   0.000000e+00   0.000000e+00
    0.000000e+00   0.000000e+00   0.000000e+00
    0.000000e+00   0.000000e+00   0.000000e+00
    0.000000e+00   0.000000e+00   0.000000e+00
    0.000000e+00   0.000000e+00   0.000000e+00
    0.000000e+00   0.000000e+00   0.000000e+00
    0.000000e+00   0.000000e+00   0.000000e+00
    0.000000e+00   0.000000e+00   0.000000e+00
    0.000000e+00   0.000000e+00   0.000000e+00
    0.000000e+00   0.000000e+00   0.000000e+00
    0.000000e+00   0.000000e+00   0.000000e+00
    0.000000e+00   0.000000e+00   0.000000e+00
    0.000000e+00   0.000000e+00   0.000000e+00
    0.000000e+00   0.000000e+00   0.000000e+00
    0.000000e+00   0.000000e+00   0.000000e+00
    0.000000e+00   0.000000e+00   0.000000e+00
    0.000000e+00   0.000000e+00   0.000000e+00
    0.000000e+00   0.000000e+00   0.000000e+00
    0.000000e+00   0.000000e+00   0.000000e+00
    0.000000e+00   0.000000e+00   0.000000e+00
    0.000000e+00   0.000000e+00   0.000000e+00
    0.000000e+00   0.000000e+00   0.000000e+00
    0.000000e+00   0.000000e+00   0.000000e+00
    0.000000e+00   0.000000e+00   0.000000e+00
    0.000000e+00   0.000000e+00   0.000000e+00
    0.000000e+00   0.000000e+00   0.000000e+00
    0.000000e+00   0.000000e+00   0.000000e+00
    0.000000e+00   0.000000e+00   0.000000e+00
    0.000000e+00   0.000000e+00   0.000000e+00
    0.000000e+00   0.000000e+00   0.000000e+00
    0.000000e+00   0.000000e+00   0.000000e+00
    0.000000e+00   0.000000e+00   0.000000e+00
    0.000000e+00   0.000000e+00   0.000000e+00
    0.000000e+00   0.000000e+00   0.000000e+00
    0.000000e+00   0.000000e+00   0.000000e+00
    0.000000e+00   0.000000e+00   0.000000e+00
    0.000000e+00   0.000000e+00   0.000000e+00
    0.000000e+00   0.000000e+00   0.000000e+00
    0.000000e+00   0.000000e+00   0.000000e+00
    0.000000e+00   0.000000e+00   0.000000e+00
    0.000000e+00   0.000000e+00   0.000000e+00
    0.000000e+00   0.000000e+00   0.000000e+00
    0.000000e+00   0.000000e+00   0.000000e+00
    0.000000e+00   0.000000e+00   0.000000e+00
    0.000000e+00   0.000000e+00   0.000000e+00
    0.000000e+00   0.000000e+00   0.000000e+00
    0.000000e+00   0.000000e+00   0.000000e+00
    0.000000e+00   0.000000e+00   0.000000e+00
    0.000000e+00   0.000000e+00   0.000000e+00
    0.000000e+00   0.000000e+00   0.000000e+00
    0.000000e+00   0.000000e+00   0.000000e+00
    0.000000e+00   0.000000e+00   0.000000e+00
    0.000000e+00   0.000000e+00   0.000000e+00
    0.000000e+00   0.000000e+00   0.000000e+00
    0.000000e+00   0.000000e+00   0.000000e+00
    0.000000e+00   0.000000e+00   0.000000e+00
    0.000000e+00   0.000000e+00   0.000000e+00
    0.000000e+00   0.000000e+00   0.000000e+00
    0.000000e+00   0.000000e+00   0.000000e+00
    0.000000e+00   0.000000e+00   0.000000e+00
    0.000000e+00   0.000000e+00   0.000000e+00
    0.000000e+00   0.000000e+00   0.000000e+00
    0.000000e+00   0.000000e+00   0.000000e+00
    0.000000e+00   0.000000e+00   0.000000e+00
    0.000000e+00   0.000000e+00   0.000000e+00
    0.000000e+00   0.000000e+00   0.000000e+00
    0.000000e+00   0.000000e+00   0.000000e+00
    0.000000e+00   0.000000e+00   0.000000e+00
    0.000000e+00   0.000000e+00   0.000000e+00
    0.000000e+00   0.000000e+00   0.000000e+00
    0.000000e+00   0.000000e+00   0.000000e+00
    0.000000e+00   0.000000e+00   0.000000e+00
    0.000000e+00   0.000000e+00   0.000000e+00
    0.000000e+00   0.000000e+00   0.000000e+00
    0.000000e+00   0.000000e+00   0.000000e+00
    0.000000e+00   0.000000e+00   0.000000e+00
    0.000000e+00   0.000000e+00   0.000000e+00
    0.000000e+00   0.000000e+00   0.000000e+00
    0.000000e+00   0.000000e+00   0.000000e+00
    0.000000e+00   0.000000e+00   0.000000e+00
    0.000000e+00   0.000000e+00   0.000000e+00
    0.000000e+00   0.000000e+00   0.000000e+00
    0.000000e+00   0.000000e+00   0.000000e+00
    0.000000e+00   0.000000e+00   0.000000e+00
    0.000000e+00   0.000000e+00   0.000000e+00
    0.000000e+00   0.000000e+00   0.000000e+00
    0.000000e+00   0.000000e+00   0.000000e+00
    0.000000e+00   0.000000e+00   0.000000e+00
    0.000000e+00   0.000000e+00   0.000000e+00
    0.000000e+00   0.000000e+00   0.000000e+00
    0.000000e+00   0.000000e+00   0.000000e+00
    0.000000e+00   0.000000e+00   0.000000e+00
    0.000000e+00   0.000000e+00   0.000000e+00
    0.000000e+00   0.000000e+00   0.000000e+00
    0.000000e+00   0.000000e+00   0.000000e+00
    0.000000e+00   0.000000e+00   0.000000e+00
    0.000000e+00   0.000000e+00   0.000000e+00
    0.000000e+00   0.000000e+00   0.000000e+00
    0.000000e+00   0.000000e+00   0.000000e+00
    0.000000e+00   0.000000e+00   0.000000e+00
    0.000000e+00   0.000000e+00   0.000000e+00
    0.000000e+00   0.000000e+00   0.000000e+00
    0.000000e+00   0.000000e+00   0.000000e+00
    0.000000e+00   0.000000e+00   0.000000e+00
    0.000000e+00   0.000000e+00   0.000000e+00
    0.000000e+00   0.000000e+00   0.000000e+00
    0.000000e+00   0.000000e+00   0.000000e+00
    0.000000e+00   0.000000e+00   0.000000e+00
    0.000000e+00   0.000000e+00   0.000000e+00
    0.000000e+00   0.000000e+00   0.000000e+00
    0.000000e+00   0.000000e+00   0.000000e+00
    0.000000e+00   0.000000e+00   0.000000e+00
    0.000000e+00   0.000000e+00   0.000000e+00
    0.000000e+00   0.000000e+00   0.000000e+00
    0.000000e+00   0.000000e+00   0.000000e+00
    0.000000e+00   0.000000e+00   0.000000e+00
    0.000000e+00   0.000000e+00   0.000000e+00
    0.000000e+00   0.000000e+00   0.000000e+00
    0.000000e+00   0.000000e+00   0.000000e+00
    0.000000e+00   0.000000e+00   0.000000e+00
    0.000000e+00   0.000000e+00   0.000000e+00
    0.000000e+00   0.000000e+00   0.000000e+00
    0.000000e+00   0.000000e+00   0.000000e+00
    0.000000e+00   0.000000e+00   0.000000e+00
    0.000000e+00   0.000000e+00   0.000000e+00
    0.000000e+00   0.000000e+00   0.000000e+00
    0.000000e+00   0.000000e+00   0.000000e+00
    0.000000e+00   0.000000e+00   0.000000e+00
    0.000000e+00   0.000000e+00   0.000000e+00
    0.000000e+00   0.000000e+00   0.000000e+00
    0.000000e+00   0.000000e+00   0.000000e+00
    0.000000e+00   0.000000e+00   0.000000e+00
    0.000000e+00   0.000000e+00   0.000000e+00
    0.000000e+00   0.000000e+00   0.000000e+00
    0.000000e+00   0.000000e+00   0.000000e+00
    0.000000e+00   0.000000e+00   0.000000e+00
    0.000000e+00   0.000000e+00   0.000000e+00
    0.000000e+00   0.000000e+00   0.000000e+00
    0.000000e+00   0.000000e+00   0.000000e+00
    0.000000e+00   0.000000e+00   0.000000e+00
    0.000000e+00   0.000000e+00   0.000000e+00
    0.000000e+00   0.000000e+00   0.000000e+00
    0.000000e+00   0.000000e+00   0.000000e+00
    0.000000e+00   0.000000e+00   0.000000e+00
    0.000000e+00   0.000000e+00   0.000000e+00
    0.000000e+00   0.000000e+00   0.000000e+00
    0.000000e+00   0.000000e+00   0.000000e+00
    0.000000e+00   0.000000e+00   0.000000e+00
    0.000000e+00   0.000000e+00   0.000000e+00
    0.000000e+00   0.000000e+00   0.000000e+00
    0.000000e+00   0.000000e+00   0.000000e+00
    0.000000e+00   0.000000e+00   0.000000e+00
    0.000000e+00   0.000000e+00   0.000000e+00
    0.000000e+00   0.000000e+00   0.000000e+00
    0.000000e+00   0.000000e+00   0.000000e+00
    0.000000e+00   0.000000e+00   0.000000e+00
    0.000000e+00   0.000000e+00   0.000000e+00
    0.000000e+00   0.000000e+00   0.000000e+00
    0.000000e+00   0.000000e+00   0.000000e+00
    0.000000e+00   0.000000e+00   0.000000e+00
    0.000000e+00   0.000000e+00   0.000000e+00
    0.000000e+00   0.000000e+00   0.000000e+00
    0.000000e+00   0.000000e+00   0.000000e+00
    0.000000e+00   0.000000e+00   0.000000e+00
    0.000000e+00   0.000000e+00   0.000000e+00
    0.000000e+00   0.000000e+00   0.000000e+00
    0.000000e+00   0.000000e+00   0.000000e+00
    0.000000e+00   0.000000e+00   0.000000e+00
    0.000000e+00   0.000000e+00   0.000000e+00
    0.000000e+00   0.000000e+00   0.000000e+00
    0.000000e+00   0.000000e+00   0.000000e+00
    0.000000e+00   0.000000e+00   0.000000e+00
    0.000000e+00   0.000000e+00   0.000000e+00
    0.000000e+00   0.000000e+00   0.000000e+00
    0.000000e+00   0.000000e+00   0.000000e+00
    0.000000e+00   0.000000e+00   0.000000e+00
    0.000000e+00   0.000000e+00   0.000000e+00
    0.000000e+00   0.000000e+00   0.000000e+00
    0.000000e+00   0.000000e+00   0.000000e+00
    0.000000e+00   0.000000e+00   0.000000e+00
    0.000000e+00   0.000000e+00   0.000000e+00
    0.000000e+00   0.000000e+00   0.000000e+00
    0.000000e+00   0.000000e+00   0.000000e+00
    0.000000e+00   0.000000e+00   0.000000e+00
    0.000000e+00   0.000000e+00   0.000000e+00
    0.000000e+00   0.000000e+00   0.000000e+00
    0.000000e+00   0.000000e+00   0.000000e+00
    0.000000e+00   0.000000e+00   0.000000e+00
    0.000000e+00   0.000000e+00   0.000000e+00
    0.000000e+00   0.000000e+00   0.000000e+00
    0.000000e+00   0.000000e+00   0.000000e+00
    0.000000e+00   0.000000e+00   0.000000e+00
    0.000000e+00   0.000000e+00   0.000000e+00
    0.000000e+00   0.000000e+00   0.000000e+00
    0.000000e+00   0.000000e+00   0.000000e+00
    0.000000e+00   0.000000e+00   0.000000e+00
    0.000000e+00   0.000000e+00   0.000000e+00
    0.000000e+00   0.000000e+00   0.000000e+00
    0.000000e+00   0.000000e+00   0.000000e+00
    0.000000e+00   0.000000e+00   0.000000e+00
    0.000000e+00   0.000000e+00   0.000000e+00
    0.000000e+00   0.000000e+00   0.000000e+00
    0.000000e+00   0.000000e+00   0.000000e+00
    0.000000e+00   0.000000e+00   0.000000e+00
    0.000000e+00   0.000000e+00   0.000000e+00
    0.000000e+00   0.000000e+00   0.000000e+00
    0.000000e+00   0.000000e+00   0.000000e+00
    0.000000e+00   0.000000e+00   0.000000e+00
    0.000000e+00   0.000000e+00   0.000000e+00
    0.000000e+00   0.000000e+00   0.000000e+00
    0.000000e+00   0.000000e+00   0.000000e+00
    0.000000e+00   0.000000e+00   0.000000e+00
    0.000000e+00   0.000000e+00   0.000000e+00
    0.000000e+00   0.000000e+00   0.000000e+00
    0.000000e+00   0.000000e+00   0.000000e+00
    0.000000e+00   0.000000e+00   0.000000e+00
    0.000000e+00   0.000000e+00   0.000000e+00
    0.000000e+00   0.000000e+00   0.000000e+00
    0.000000e+00   0.000000e+00   0.000000e+00
    0.000000e+00   0.000000e+00   0.000000e+00
    0.000000e+00   0.000000e+00   0.000000e+00
    0.000000e+00   0.000000e+00   0.000000e+00
    0.000000e+00   0.000000e+00   0.000000e+00
    0.000000e+00   0.000000e+00   0.000000e+00
    0.000000e+00   0.000000e+00   0.000000e+00
    0.000000e+00   0.000000e+00   0.000000e+00
    0.000000e+00   0.000000e+00   0.000000e+00
    0.000000e+00   0.000000e+00   0.000000e+00
    0.000000e+00   0.000000e+00   0.000000e+00
    0.000000e+00   0.000000e+00   0.000000e+00
    0.000000e+00   0.000000e+00   0.000000e+00
    0.000000e+00   0.000000e+00   0.000000e+00
    0.000000e+00   0.000000e+00   0.000000e+00
    0.000000e+00   0.000000e+00   0.000000e+00
    0.000000e+00   0.000000e+00   0.000000e+00
    0.000000e+00   0.000000e+00   0.000000e+00
    0.000000e+00   0.000000e+00   0.000000e+00
    0.000000e+00   0.000000e+00   0.000000e+00
    0.000000e+00   0.000000e+00   0.000000e+00
    0.000000e+00   0.000000e+00   0.000000e+00
    0.000000e+00   0.000000e+00   0.000000e+00
    0.000000e+00   0.000000e+00   0.000000e+00
    0.000000e+00   0.000000e+00   0.000000e+00
    0.000000e+00   0.000000e+00   0.000000e+00
    0.000000e+00   0.000000e+00   0.000000e+00
    0.000000e+00   0.000000e+00   0.000000e+00
    0.000000e+00   0.000000e+00   0.000000e+00
    0.000000e+00   0.000000e+00   0.000000e+00
    0.000000e+00   0.000000e+00   0.000000e+00
    0.000000e+00   0.000000e+00   0.000000e+00
    0.000000e+00   0.000000e+00   0.000000e+00
    0.000000e+00   0.000000e+00   0.000000e+00
    0.000000e+00   0.000000e+00   0.000000e+00
    0.000000e+00   0.000000e+00   0.000000e+00
    0.000000e+00   0.000000e+00   0.000000e+00
    0.000000e+00   0.000000e+00   0.000000e+00
    0.000000e+00   0.000000e+00   0.000000e+00
    0.000000e+00   0.000000e+00   0.000000e+00
    0.000000e+00   0.000000e+00   0.000000e+00
    0.000000e+00   0.000000e+00   0.000000e+00
    0.000000e+00   0.000000e+00   0.000000e+00
    0.000000e+00   0.000000e+00   0.000000e+00
    0.000000e+00   0.000000e+00   0.000000e+00
    0.000000e+00   0.000000e+00   0.000000e+00
    0.000000e+00   0.000000e+00   0.000000e+00
    0.000000e+00   0.000000e+00   0.000000e+00
    0.000000e+00   0.000000e+00   0.000000e+00
    0.000000e+00   0.000000e+00   0.000000e+00
    0.000000e+00   0.000000e+00   0.000000e+00
    0.000000e+00   0.000000e+00   0.000000e+00
    0.000000e+00   0.000000e+00   0.000000e+00
    0.000000e+00   0.000000e+00   0.000000e+00
    0.000000e+00   0.000000e+00   0.000000e+00
    0.000000e+00   0.000000e+00   0.000000e+00
    0.000000e+00   0.000000e+00   0.000000e+00
    0.000000e+00   0.000000e+00   0.000000e+00
    0.000000e+00   0.000000e+00   0.000000e+00
    0.000000e+00   0.000000e+00   0.000000e+00
    0.000000e+00   0.000000e+00   0.000000e+00
    0.000000e+00   0.000000e+00   0.000000e+00
    0.000000e+00   0.000000e+00   0.000000e+00
    0.000000e+00   0.000000e+00   0.000000e+00
    0.000000e+00   0.000000e+00   0.000000e+00
    0.000000e+00   0.000000e+00   0.000000e+00
    0.000000e+00   0.000000e+00   0.000000e+00
    0.000000e+00   0.000000e+00   0.000000e+00
    0.000000e+00   0.000000e+00   0.000000e+00
    0.000000e+00   0.000000e+00   0.000000e+00
    0.000000e+00   0.000000e+00   0.000000e+00
    0.000000e+00   0.000000e+00   0.000000e+00
    0.000000e+00   0.000000e+00   0.000000e+00
    0.000000e+00   0.000000e+00   0.000000e+00
    0.000000e+00   0.000000e+00   0.000000e+00
    0.000000e+00   0.000000e+00   0.000000e+00
    0.000000e+00   0.000000e+00   0.000000e+00
    0.000000e+00   0.000000e+00   0.000000e+00
    0.000000e+00   0.000000e+00   0.000000e+00
    0.000000e+00   0.000000e+00   0.000000e+00
    0.000000e+00   0.000000e+00   0.000000e+00
    0.000000e+00   0.000000e+00   0.000000e+00
    0.000000e+00   0.000000e+00   0.000000e+00
    0.000000e+00   0.000000e+00   0.000000e+00
    0.000000e+00   0.000000e+00   0.000000e+00
    0.000000e+00   0.000000e+00   0.000000e+00
    0.000000e+00   0.000000e+00   0.000000e+00
    0.000000e+00   0.000000e+00   0.000000e+00
    0.000000e+00   0.000000e+00   0.000000e+00
    0.000000e+00   0.000000e+00   0.000000e+00
    0.000000e+00   0.000000e+00   0.000000e+00
    0.000000e+00   0.000000e+00   0.000000e+00
    0.000000e+00   0.000000e+00   0.000000e+00
    0.000000e+00   0.000000e+00   0.000000e+00
    0.000000e+00   0.000000e+00   0.000000e+00
    0.000000e+00   0.000000e+00   0.000000e+00
    0.000000e+00   0.000000e+00   0.000000e+00
    0.000000e+00   0.000000e+00   0.000000e+00
    0.000000e+00   0.000000e+00   0.000000e+00
    0.000000e+00   0.000000e+00   0.000000e+00
    0.000000e+00   0.000000e+00   0.000000e+00
    0.000000e+00   0.000000e+00   0.000000e+00
    0.000000e+00   0.000000e+00   0.000000e+00
    0.000000e+00   0.000000e+00   0.000000e+00
    0.000000e+00   0.000000e+00   0.000000e+00
    0.000000e+00   0.000000e+00   0.000000e+00
    0.000000e+00   0.000000e+00   0.000000e+00
    0.000000e+00   0.000000e+00   0.000000e+00
    0.000000e+00   0.000000e+00   0.000000e+00
    0.000000e+00   0.000000e+00   0.000000e+00
    0.000000e+00   0.000000e+00   0.000000e+00
    0.000000e+00   0.000000e+00   0.000000e+00
    0.000000e+00   0.000000e+00   0.000000e+00
    0.000000e+00   0.000000e+00   0.000000e+00
    0.000000e+00   0.000000e+00   0.000000e+00
    0.000000e+00   0.000000e+00   0.000000e+00
    0.000000e+00   0.000000e+00   0.000000e+00
    0.000000e+00   0.000000e+00   0.000000e+00
    0.000000e+00   0.000000e+00   0.000000e+00
    0.000000e+00   0.000000e+00   0.000000e+00
    0.000000e+00   0.000000e+00   0.000000e+00
    0.000000e+00   0.000000e+00   0.000000e+00
    0.000000e+00   0.000000e+00   0.000000e+00
    0.000000e+00   0.000000e+00   0.000000e+00
    0.000000e+00   0.000000e+00   0.000000e+00
    0.000000e+00   0.000000e+00   0.000000e+00
    0.000000e+00   0.000000e+00   0.000000e+00
    0.000000e+00   0.000000e+00   0.000000e+00
    0.000000e+00   0.000000e+00   0.000000e+00
    0.000000e+00   0.000000e+00   0.000000e+00
    0.000000e+00   0.000000e+00   0.000000e+00
    0.000000e+00   0.000000e+00   0.000000e+00
    0.000000e+00   0.000000e+00   0.000000e+00
    0.000000e+00   0.000000e+00   0.000000e+00
    0.000000e+00   0.000000e+00   0.000000e+00
    0.000000e+00   0.000000e+00   0.000000e+00
    0.000000e+00   0.000000e+00   0.000000e+00
    0.000000e+00   0.000000e+00   0.000000e+00
    0.000000e+00   0.000000e+00   0.000000e+00
    0.000000e+00   0.000000e+00   0.000000e+00
    0.000000e+00   0.000000e+00   0.000000e+00
    0.000000e+00   0.000000e+00   0.000000e+00
    0.000000e+00   0.000000e+00   0.000000e+00
    0.000000e+00   0.000000e+00   0.000000e+00
    0.000000e+00   0.000000e+00   0.000000e+00
    0.000000e+00   0.000000e+00   0.000000e+00
    0.000000e+00   0.000000e+00   0.000000e+00
    0.000000e+00   0.000000e+00   0.000000e+00
    0.000000e+00   0.000000e+00   0.000000e+00
    0.000000e+00   0.000000e+00   0.000000e+00
    0.000000e+00   0.000000e+00   0.000000e+00
    0.000000e+00   0.000000e+00   0.000000e+00
    0.000000e+00   0.000000e+00   0.000000e+00
    0.000000e+00   0.000000e+00   0.000000e+00
    0.000000e+00   0.000000e+00   0.000000e+00
    0.000000e+00   0.000000e+00   0.000000e+00
    0.000000e+00   0.000000e+00   0.000000e+00
    0.000000e+00   0.000000e+00   0.000000e+00
    0.000000e+00   0.000000e+00   0.000000e+00
    0.000000e+00   0.000000e+00   0.000000e+00
    0.000000e+00   0.000000e+00   0.000000e+00
    0.000000e+00   0.000000e+00   0.000000e+00
    0.000000e+00   0.000000e+00   0.000000e+00
    0.000000e+00   0.000000e+00   0.000000e+00
    0.000000e+00   0.000000e+00   0.000000e+00
    0.000000e+00   0.000000e+00   0.000000e+00
    0.000000e+00   0.000000e+00   0.000000e+00
    0.000000e+00   0.000000e+00   0.000000e+00
    0.000000e+00   0.000000e+00   0.000000e+00
    0.000000e+00   0.000000e+00   0.000000e+00
    0.000000e+00   0.000000e+00   0.000000e+00
    0.000000e+00   0.000000e+00   0.000000e+00
    0.000000e+00   0.000000e+00   0.000000e+00
    0.000000e+00   0.000000e+00   0.000000e+00
    0.000000e+00   0.000000e+00   0.000000e+00
    0.000000e+00   0.000000e+00   0.000000e+00
    0.000000e+00   0.000000e+00   0.000000e+00
    0.000000e+00   0.000000e+00   0.000000e+00
    0.000000e+00   0.000000e+00   0.000000e+00
    0.000000e+00   0.000000e+00   0.000000e+00
    0.000000e+00   0.000000e+00   0.000000e+00
    0.000000e+00   0.000000e+00   0.000000e+00
    0.000000e+00   0.000000e+00   0.000000e+00
    0.000000e+00   0.000000e+00   0.000000e+00
    0.000000e+00   0.000000e+00   0.000000e+00
    0.000000e+00   0.000000e+00   0.000000e+00
    0.000000e+00   0.000000e+00   0.000000e+00
    0.000000e+00   0.000000e+00   0.000000e+00
    0.000000e+00   0.000000e+00   0.000000e+00
    0.000000e+00   0.000000e+00   0.000000e+00
    0.000000e+00   0.000000e+00   0.000000e+00
    0.000000e+00   0.000000e+00   0.000000e+00
    0.000000e+00   0.000000e+00   0.000000e+00
    0.000000e+00   0.000000e+00   0.000000e+00
    0.000000e+00   0.000000e+00   0.000000e+00
    0.000000e+00   0.000000e+00   0.000000e+00
    0.000000e+00   0.000000e+00   0.000000e+00
    0.000000e+00   0.000000e+00   0.000000e+00
    0.000000e+00   0.000000e+00   0.000000e+00
    0.000000e+00   0.000000e+00   0.000000e+00
    0.000000e+00   0.000000e+00   0.000000e+00
    0.000000e+00   0.000000e+00   0.000000e+00
    0.000000e+00   0.000000e+00   0.000000e+00
    0.000000e+00   0.000000e+00   0.000000e+00
    0.000000e+00   0.000000e+00   0.000000e+00
    0.000000e+00   0.000000e+00   0.000000e+00
    0.000000e+00   0.000000e+00   0.000000e+00
    0.000000e+00   0.000000e+00   0.000000e+00
    0.000000e+00   0.000000e+00   0.000000e+00
    0.000000e+00   0.000000e+00   0.000000e+00
    0.000000e+00   0.000000e+00   0.000000e+00
    0.000000e+00   0.000000e+00   0.000000e+00
    0.000000e+00   0.000000e+00   0.000000e+00
    0.000000e+00   0.000000e+00   0.000000e+00
    0.000000e+00   0.000000e+00   0.000000e+00
    0.000000e+00   0.000000e+00   0.000000e+00
    0.000000e+00   0.000000e+00   0.000000e+00
    0.000000e+00   0.000000e+00   0.000000e+00
    0.000000e+00   0.000000e+00   0.000000e+00
    0.000000e+00   0.000000e+00   0.000000e+00
    0.000000e+00   0.000000e+00   0.000000e+00
    0.000000e+00   0.000000e+00   0.000000e+00
    0.000000e+00   0.000000e+00   0.000000e+00
    0.000000e+00   0.000000e+00   0.000000e+00
    0.000000e+00   0.000000e+00   0.000000e+00
    0.000000e+00   0.000000e+00   0.000000e+00
    0.000000e+00   0.000000e+00   0.000000e+00
    0.000000e+00   0.000000e+00   0.000000e+00
    0.000000e+00   0.000000e+00   0.000000e+00
    0.000000e+00   0.000000e+00   0.000000e+00
    0.000000e+00   0.000000e+00   0.000000e+00
    0.000000e+00   0.000000e+00   0.000000e+00
    0.000000e+00   0.000000e+00   0.000000e+00
    0.000000e+00   0.000000e+00   0.000000e+00
    0.000000e+00   0.000000e+00   0.000000e+00
    0.000000e+00   0.000000e+00   0.000000e+00
    0.000000e+00   0.000000e+00   0.000000e+00
    0.000000e+00   0.000000e+00   0.000000e+00
    0.000000e+00   0.000000e+00   0.000000e+00
    0.000000e+00   0.000000e+00   0.000000e+00
    0.000000e+00   0.000000e+00   0.000000e+00
    0.000000e+00   0.000000e+00   0.000000e+00
    0.000000e+00   0.000000e+00   0.000000e+00
    0.000000e+00   0.000000e+00   0.000000e+00
    0.000000e+00   0.000000e+00   0.000000e+00
    0.000000e+00   0.000000e+00   0.000000e+00
    0.000000e+00   0.000000e+00   0.000000e+00
    0.000000e+00   0.000000e+00   0.000000e+00
    0.000000e+00   0.000000e+00   0.000000e+00
    0.000000e+00   0.000000e+00   0.000000e+00
    0.000000e+00   0.000000e+00   0.000000e+00
    0.000000e+00   0.000000e+00   0.000000e+00
    0.000000e+00   0.000000e+00   0.000000e+00
    0.000000e+00   0.000000e+00   0.000000e+00
    0.000000e+00   0.000000e+00   0.000000e+00
    0.000000e+00   0.000000e+00   0.000000e+00
    0.000000e+00   0.000000e+00   0.000000e+00
    0.000000e+00   0.000000e+00   0.000000e+00
    0.000000e+00   0.000000e+00   0.000000e+00
    0.000000e+00   0.000000e+00   0.000000e+00
    0.000000e+00   0.000000e+00   0.000000e+00
    0.000000e+00   0.000000e+00   0.000000e+00
    0.000000e+00   0.000000e+00   0.000000e+00
    0.000000e+00   0.000000e+00   0.000000e+00
    0.000000e+00   0.000000e+00   0.000000e+00
    0.000000e+00   0.000000e+00   0.000000e+00
    0.000000e+00   0.000000e+00   0.000000e+00
    0.000000e+00   0.000000e+00   0.000000e+00
    0.000000e+00   0.000000e+00   0.000000e+00
    0.000000e+00   0.000000e+00   0.000000e+00
    0.000000e+00   0.000000e+00   0.000000e+00
    0.000000e+00   0.000000e+00   0.000000e+00
    0.000000e+00   0.000000e+00   0.000000e+00
    0.000000e+00   0.000000e+00   0.000000e+00
    0.000000e+00   0.000000e+00   0.000000e+00
    0.000000e+00   0.000000e+00   0.000000e+00
    0.000000e+00   0.000000e+00   0.000000e+00
    0.000000e+00   0.000000e+00   0.000000e+00
    0.000000e+00   0.000000e+00   0.000000e+00
    0.000000e+00   0.000000e+00   0.000000e+00
    0.000000e+00   0.000000e+00   0.000000e+00
    0.000000e+00   0.000000e+00   0.000000e+00
    0.000000e+00   0.000000e+00   0.000000e+00
    0.000000e+00   0.000000e+00   0.000000e+00
    0.000000e+00   0.000000e+00   0.000000e+00
    0.000000e+00   0.000000e+00   0.000000e+00
    0.000000e+00   0.000000e+00   0.000000e+00
    0.000000e+00   0.000000e+00   0.000000e+00
    0.000000e+00   0.000000e+00   0.000000e+00
    0.000000e+00   0.000000e+00   0.000000e+00
    0.000000e+00   0.000000e+00   0.000000e+00
    0.000000e+00   0.000000e+00   0.000000e+00
    0.000000e+00   0.000000e+00   0.000000e+00
    0.000000e+00   0.000000e+00   0.000000e+00
    0.000000e+00   0.000000e+00   0.000000e+00
    0.000000e+00   0.000000e+00   0.000000e+00
    0.000000e+00   0.000000e+00   0.000000e+00
    0.000000e+00   0.000000e+00   0.000000e+00
    0.000000e+00   0.000000e+00   0.000000e+00
    0.000000e+00   0.000000e+00   0.000000e+00
    0.000000e+00   0.000000e+00   0.000000e+00
    0.000000e+00   0.000000e+00   0.000000e+00
    0.000000e+00   0.000000e+00   0.000000e+00
    0.000000e+00   0.000000e+00   0.000000e+00
    0.000000e+00   0.000000e+00   0.000000e+00
    0.000000e+00   0.000000e+00   0.000000e+00
    0.000000e+00   0.000000e+00   0.000000e+00
    0.000000e+00   0.000000e+00   0.000000e+00
    0.000000e+00   0.000000e+00   0.000000e+00
    0.000000e+00   0.000000e+00   0.000000e+00
    0.000000e+00   0.000000e+00   0.000000e+00
    0.000000e+00   0.000000e+00   0.000000e+00
    0.000000e+00   0.000000e+00   0.000000e+00
    0.000000e+00   0.000000e+00   0.000000e+00
    0.000000e+00   0.000000e+00   0.000000e+00
    0.000000e+00   0.000000e+00   0.000000e+00
    0.000000e+00   0.000000e+00   0.000000e+00
    0.000000e+00   0.000000e+00   0.000000e+00
    0.000000e+00   0.000000e+00   0.000000e+00
    0.000000e+00   0.000000e+00   0.000000e+00
    0.000000e+00   0.000000e+00   0.000000e+00
    0.000000e+00   0.000000e+00   0.000000e+00
    0.000000e+00   0.000000e+00   0.000000e+00
    0.000000e+00   0.000000e+00   0.000000e+00
    0.000000e+00   0.000000e+00   0.000000e+00
    0.000000e+00   0.000000e+00   0.000000e+00
    0.000000e+00   0.000000e+00   0.000000e+00
    0.000000e+00   0.000000e+00   0.000000e+00
    0.000000e+00   0.000000e+00   0.000000e+00
    0.000000e+00   0.000000e+00   0.000000e+00
    0.000000e+00   0.000000e+00   0.000000e+00
    0.000000e+00   0.000000e+00   0.000000e+00
    0.000000e+00   0.000000e+00   0.000000e+00
    0.000000e+00   0.000000e+00   0.000000e+00
    0.000000e+00   0.000000e+00   0.000000e+00
    0.000000e+00   0.000000e+00   0.000000e+00
    0.000000e+00   0.000000e+00   0.000000e+00
    0.000000e+00   0.000000e+00   0.000000e+00
    0.000000e+00   0.000000e+00   0.000000e+00
    0.000000e+00   0.000000e+00   0.000000e+00
    0.000000e+00   0.000000e+00   0.000000e+00
    0.000000e+00   0.000000e+00   0.000000e+00
    0.000000e+00   0.000000e+00   0.000000e+00
    0.000000e+00   0.000000e+00   0.000000e+00
    0.000000e+00   0.000000e+00   0.000000e+00
    0.000000e+00   0.000000e+00   0.000000e+00
    0.000000e+00   0.000000e+00   0.000000e+00
    0.000000e+00   0.000000e+00   0.000000e+00
    0.000000e+00   0.000000e+00   0.000000e+00
    0.000000e+00   0.000000e+00   0.000000e+00
    0.000000e+00   0.000000e+00   0.000000e+00
    0.000000e+00   0.000000e+00   0.000000e+00
    0.000000e+00   0.000000e+00   0.000000e+00
    0.000000e+00   0.000000e+00   0.000000e+00
    0.000000e+00   0.000000e+00   0.000000e+00
    0.000000e+00   0.000000e+00   0.000000e+00
    0.000000e+00   0.000000e+00   0.000000e+00
    0.000000e+00   0.000000e+00   0.000000e+00
    0.000000e+00   0.000000e+00   0.000000e+00
    0.000000e+00   0.000000e+00   0.000000e+00
    0.000000e+00   0.000000e+00   0.000000e+00
    0.000000e+00   0.000000e+00   0.000000e+00
    0.000000e+00   0.000000e+00   0.000000e+00
    0.000000e+00   0.000000e+00   0.000000e+00
    0.000000e+00   0.000000e+00   0.000000e+00
    0.000000e+00   0.000000e+00   0.000000e+00
    0.000000e+00   0.000000e+00   0.000000e+00
    0.000000e+00   0.000000e+00   0.000000e+00
    0.000000e+00   0.000000e+00   0.000000e+00
    0.000000e+00   0.000000e+00   0.000000e+00
    0.000000e+00   0.000000e+00   0.000000e+00
    0.000000e+00   0.000000e+00   0.000000e+00
    0.000000e+00   0.000000e+00   0.000000e+00
    0.000000e+00   0.000000e+00   0.000000e+00
    0.000000e+00   0.000000e+00   0.000000e+00
    0.000000e+00   0.000000e+00   0.000000e+00
    0.000000e+00   0.000000e+00   0.000000e+00
    0.000000e+00   0.000000e+00   0.000000e+00
    0.000000e+00   0.000000e+00   0.000000e+00
    0.000000e+00   0.000000e+00   0.000000e+00
    0.000000e+00   0.000000e+00   0.000000e+00
    0.000000e+00   0.000000e+00   0.000000e+00
    0.000000e+00   0.000000e+00   0.000000e+00
    0.000000e+00   0.000000e+00   0.000000e+00
    0.000000e+00   0.000000e+00   0.000000e+00
    0.000000e+00   0.000000e+00   0.000000e+00
    0.000000e+00   0.000000e+00   0.000000e+00
    0.000000e+00   0.000000e+00   0.000000e+00
    0.000000e+00   0.000000e+00   0.000000e+00
    0.000000e+00   0.000000e+00   0.000000e+00
    0.000000e+00   0.000000e+00   0.000000e+00
    0.000000e+00   0.000000e+00   0.000000e+00
    0.000000e+00   0.000000e+00   0.000000e+00
    0.000000e+00   0.000000e+00   0.000000e+00
    0.000000e+00   0.000000e+00   0.000000e+00
    0.000000e+00   0.000000e+00   0.000000e+00
    0.000000e+00   0.000000e+00   0.000000e+00
    0.000000e+00   0.000000e+00   0.000000e+00
    0.000000e+00   0.000000e+00   0.000000e+00
    0.000000e+00   0.000000e+00   0.000000e+00
    0.000000e+00   0.000000e+00   0.000000e+00
    0.000000e+00   0.000000e+00   0.000000e+00
    0.000000e+00   0.000000e+00   0.000000e+00
    0.000000e+00   0.000000e+00   0.000000e+00
    0.000000e+00   0.000000e+00   0.000000e+00
    0.000000e+00   0.000000e+00   0.000000e+00
    0.000000e+00   0.000000e+00   0.000000e+00
    0.000000e+00   0.000000e+00   0.000000e+00
    0.000000e+00   0.000000e+00   0.000000e+00
    0.000000e+00   0.000000e+00   0.000000e+00
    0.000000e+00   0.000000e+00   0.000000e+00
    0.000000e+00   0.000000e+00   0.000000e+00
    0.000000e+00   0.000000e+00   0.000000e+00
    0.000000e+00   0.000000e+00   0.000000e+00
    0.000000e+00   0.000000e+00   0.000000e+00
    0.000000e+00   0.000000e+00   0.000000e+00
    0.000000e+00   0.000000e+00   0.000000e+00
    0.000000e+00   0.000000e+00   0.000000e+00
    0.000000e+00   0.000000e+00   0.000000e+00
    0.000000e+00   0.000000e+00   0.000000e+00
    0.000000e+00   0.000000e+00   0.000000e+00
    0.000000e+00   0.000000e+00   0.000000e+00
    0.000000e+00   0.000000e+00   0.000000e+00
    0.000000e+00   0.000000e+00   0.000000e+00
    0.000000e+00   0.000000e+00   0.000000e+00
    0.000000e+00   0.000000e+00   0.000000e+00
    0.000000e+00   0.000000e+00   0.000000e+00
    0.000000e+00   0.000000e+00   0.000000e+00
    0.000000e+00   0.000000e+00   0.000000e+00
    0.000000e+00   0.000000e+00   0.000000e+00
    0.000000e+00   0.000000e+00   0.000000e+00
    0.000000e+00   0.000000e+00   0.000000e+00
    0.000000e+00   0.000000e+00   0.000000e+00
    0.000000e+00   0.000000e+00   0.000000e+00
    0.000000e+00   0.000000e+00   0.000000e+00
    0.000000e+00   0.000000e+00   0.000000e+00
    0.000000e+00   0.000000e+00   0.000000e+00
    0.000000e+00   0.000000e+00   0.000000e+00
    0.000000e+00   0.000000e+00   0.000000e+00
    0.000000e+00   0.000000e+00   0.000000e+00
    0.000000e+00   0.000000e+00   0.000000e+00
    0.000000e+00   0.000000e+00   0.000000e+00
    0.000000e+00   0.000000e+00   0.000000e+00
    0.000000e+00   0.000000e+00   0.000000e+00
    0.000000e+00   0.000000e+00   0.000000e+00
    0.000000e+00   0.000000e+00   0.000000e+00
    0.000000e+00   0.000000e+00   0.000000e+00
    0.000000e+00   0.000000e+00   0.000000e+00
    0.000000e+00   0.000000e+00   0.000000e+00
    0.000000e+00   0.000000e+00   0.000000e+00
    0.000000e+00   0.000000e+00   0.000000e+00
    0.000000e+00   0.000000e+00   0.000000e+00
    0.000000e+00   0.000000e+00   0.000000e+00
    0.000000e+00   0.000000e+00   0.000000e+00
    0.000000e+00   0.000000e+00   0.000000e+00
    0.000000e+00   0.000000e+00   0.000000e+00
    0.000000e+00   0.000000e+00   0.000000e+00
    0.000000e+00   0.000000e+00   0.000000e+00
    0.000000e+00   0.000000e+00   0.000000e+00
    0.000000e+00   0.000000e+00   0.000000e+00
    0.000000e+00   0.000000e+00   0.000000e+00
    0.000000e+00   0.000000e+00   0.000000e+00
    0.000000e+00   0.000000e+00   0.000000e+00
    0.000000e+00   0.000000e+00   0.000000e+00
    0.000000e+00   0.000000e+00   0.000000e+00
    0.000000e+00   0.000000e+00   0.000000e+00
    0.000000e+00   0.000000e+00   0.000000e+00
    0.000000e+00   0.000000e+00   0.000000e+00
    0.000000e+00   0.000000e+00   0.000000e+00
    0.000000e+00   0.000000e+00   0.000000e+00
    0.000000e+00   0.000000e+00   0.000000e+00
    0.000000e+00   0.000000e+00   0.000000e+00
    0.000000e+00   0.000000e+00   0.000000e+00
    0.000000e+00   0.000000e+00   0.000000e+00
    0.000000e+00   0.000000e+00   0.000000e+00
    0.000000e+00   0.000000e+00   0.000000e+00
    0.000000e+00   0.000000e+00   0.000000e+00
    0.000000e+00   0.000000e+00   0.000000e+00
    0.000000e+00   0.000000e+00   0.000000e+00
    0.000000e+00   0.000000e+00   0.000000e+00
    0.000000e+00   0.000000e+00   0.000000e+00
    0.000000e+00   0.000000e+00   0.000000e+00
    0.000000e+00   0.000000e+00   0.000000e+00
    0.000000e+00   0.000000e+00   0.000000e+00
    0.000000e+00   0.000000e+00   0.000000e+00
    0.000000e+00   0.000000e+00   0.000000e+00
    0.000000e+00   0.000000e+00   0.000000e+00
    0.000000e+00   0.000000e+00   0.000000e+00
    0.000000e+00   0.000000e+00   0.000000e+00
    0.000000e+00   0.000000e+00   0.000000e+00
    0.000000e+00   0.000000e+00   0.000000e+00
    0.000000e+00   0.000000e+00   0.000000e+00
    0.000000e+00   0.000000e+00   0.000000e+00
    0.000000e+00   0.000000e+00   0.000000e+00
    0.000000e+00   0.000000e+00   0.000000e+00
    0.000000e+00   0.000000e+00   0.000000e+00
    0.000000e+00   0.000000e+00   0.000000e+00
    0.000000e+00   0.000000e+00   0.000000e+00
    0.000000e+00   0.000000e+00   0.000000e+00
    0.000000e+00   0.000000e+00   0.000000e+00
    0.000000e+00   0.000000e+00   0.000000e+00
    0.000000e+00   0.000000e+00   0.000000e+00
    0.000000e+00   0.000000e+00   0.000000e+00
    0.000000e+00   0.000000e+00   0.000000e+00
    0.000000e+00   0.000000e+00   0.000000e+00
    0.000000e+00   0.000000e+00   0.000000e+00
    0.000000e+00   0.000000e+00   0.000000e+00
    0.000000e+00   0.000000e+00   0.000000e+00
    0.000000e+00   0.000000e+00   0.000000e+00
    0.000000e+00   0.000000e+00   0.000000e+00
    0.000000e+00   0.000000e+00   0.000000e+00
    0.000000e+00   0.000000e+00   0.000000e+00
    0.000000e+00   0.000000e+00   0.000000e+00
    0.000000e+00   0.000000e+00   0.000000e+00
    0.000000e+00   0.000000e+00   0.000000e+00
    0.000000e+00   0.000000e+00   0.000000e+00
    0.000000e+00   0.000000e+00   0.000000e+00
    0.000000e+00   0.000000e+00   0.000000e+00
    0.000000e+00   0.000000e+00   0.000000e+00
    0.000000e+00   0.000000e+00   0.000000e+00
    0.000000e+00   0.000000e+00   0.000000e+00
    0.000000e+00   0.000000e+00   0.000000e+00
    0.000000e+00   0.000000e+00   0.000000e+00
    0.000000e+00   0.000000e+00   0.000000e+00
    0.000000e+00   0.000000e+00   0.000000e+00
    0.000000e+00   0.000000e+00   0.000000e+00
    0.000000e+00   0.000000e+00   0.000000e+00
    0.000000e+00   0.000000e+00   0.000000e+00
    0.000000e+00   0.000000e+00   0.000000e+00
    0.000000e+00   0.000000e+00   0.000000e+00
    0.000000e+00   0.000000e+00   0.000000e+00
    0.000000e+00   0.000000e+00   0.000000e+00
    0.000000e+00   0.000000e+00   0.000000e+00
    0.000000e+00   0.000000e+00   0.000000e+00
    0.000000e+00   0.000000e+00   0.000000e+00
    0.000000e+00   0.000000e+00   0.000000e+00
    0.000000e+00   0.000000e+00   0.000000e+00
    0.000000e+00   0.000000e+00   0.000000e+00
    0.000000e+00   0.000000e+00   0.000000e+00
    0.000000e+00   0.000000e+00   0.000000e+00
    0.000000e+00   0.000000e+00   0.000000e+00
    0.000000e+00   0.000000e+00   0.000000e+00
    0.000000e+00   0.000000e+00   0.000000e+00
    0.000000e+00   0.000000e+00   0.000000e+00
    0.000000e+00   0.000000e+00   0.000000e+00
    0.000000e+00   0.000000e+00   0.000000e+00
    0.000000e+00   0.000000e+00   0.000000e+00
    0.000000e+00   0.000000e+00   0.000000e+00
    0.000000e+00   0.000000e+00   0.000000e+00
    0.000000e+00   0.000000e+00   0.000000e+00
    0.000000e+00   0.000000e+00   0.000000e+00
    0.000000e+00   0.000000e+00   0.000000e+00
    0.000000e+00   0.000000e+00   0.000000e+00
    0.000000e+00   0.000000e+00   0.000000e+00
    0.000000e+00   0.000000e+00   0.000000e+00
    0.000000e+00   0.000000e+00   0.000000e+00
    0.000000e+00   0.000000e+00   0.000000e+00
    0.000000e+00   0.000000e+00   0.000000e+00
    0.000000e+00   0.000000e+00   0.000000e+00
    0.000000e+00   0.000000e+00   0.000000e+00
    0.000000e+00   0.000000e+00   0.000000e+00
    0.000000e+00   0.000000e+00   0.000000e+00
    0.000000e+00   0.000000e+00   0.000000e+00
    0.000000e+00   0.000000e+00   0.000000e+00
    0.000000e+00   0.000000e+00   0.000000e+00
    0.000000e+00   0.000000e+00   0.000000e+00
    0.000000e+00   0.000000e+00   0.000000e+00
    0.000000e+00   0.000000e+00   0.000000e+00
    0.000000e+00   0.000000e+00   0.000000e+00
    0.000000e+00   0.000000e+00   0.000000e+00
    0.000000e+00   0.000000e+00   0.000000e+00
    0.000000e+00   0.000000e+00   0.000000e+00
    0.000000e+00   0.000000e+00   0.000000e+00
    0.000000e+00   0.000000e+00   0.000000e+00
    0.000000e+00   0.000000e+00   0.000000e+00
    0.000000e+00   0.000000e+00   0.000000e+00
    0.000000e+00   0.000000e+00   0.000000e+00
    0.000000e+00   0.000000e+00   0.000000e+00
    0.000000e+00   0.000000e+00   0.000000e+00
    0.000000e+00   0.000000e+00   0.000000e+00
    0.000000e+00   0.000000e+00   0.000000e+00
    0.000000e+00   0.000000e+00   0.000000e+00
    0.000000e+00   0.000000e+00   0.000000e+00
    0.000000e+00   0.000000e+00   0.000000e+00
    0.000000e+00   0.000000e+00   0.000000e+00
    0.000000e+00   0.000000e+00   0.000000e+00
    0.000000e+00   0.000000e+00   0.000000e+00
    0.000000e+00   0.000000e+00   0.000000e+00
    0.000000e+00   0.000000e+00   0.000000e+00
    0.000000e+00   0.000000e+00   0.000000e+00
    0.000000e+00   0.000000e+00   0.000000e+00
    0.000000e+00   0.000000e+00   0.000000e+00
    0.000000e+00   0.000000e+00   0.000000e+00
    0.000000e+00   0.000000e+00   0.000000e+00
    0.000000e+00   0.000000e+00   0.000000e+00
    0.000000e+00   0.000000e+00   0.000000e+00
    0.000000e+00   0.000000e+00   0.000000e+00
    0.000000e+00   0.000000e+00   0.000000e+00
    0.000000e+00   0.000000e+00   0.000000e+00
    0.000000e+00   0.000000e+00   0.000000e+00
    0.000000e+00   0.000000e+00   0.000000e+00
    0.000000e+00   0.000000e+00   0.000000e+00
    0.000000e+00   0.000000e+00   0.000000e+00
    0.000000e+00   0.000000e+00   0.000000e+00
    0.000000e+00   0.000000e+00   0.000000e+00
    0.000000e+00   0.000000e+00   0.000000e+00
    0.000000e+00   0.000000e+00   0.000000e+00
    0.000000e+00   0.000000e+00   0.000000e+00
    0.000000e+00   0.000000e+00   0.000000e+00
    0.000000e+00   0.000000e+00   0.000000e+00
    0.000000e+00   0.000000e+00   0.000000e+00
    0.000000e+00   0.000000e+00   0.000000e+00
    0.000000e+00   0.000000e+00   0.000000e+00
    0.000000e+00   0.000000e+00   0.000000e+00
    0.000000e+00   0.000000e+00   0.000000e+00
    0.000000e+00   0.000000e+00   0.000000e+00
    0.000000e+00   0.000000e+00   0.000000e+00
    0.000000e+00   0.000000e+00   0.000000e+00
    0.000000e+00   0.000000e+00   0.000000e+00
    0.000000e+00   0.000000e+00   0.000000e+00
    0.000000e+00   0.000000e+00   0.000000e+00
    0.000000e+00   0.000000e+00   0.000000e+00
    0.000000e+00   0.000000e+00   0.000000e+00
    0.000000e+00   0.000000e+00   0.000000e+00
    0.000000e+00   0.000000e+00   0.000000e+00
    0.000000e+00   0.000000e+00   0.000000e+00
    0.000000e+00   0.000000e+00   0.000000e+00
    0.000000e+00   0.000000e+00   0.000000e+00
    0.000000e+00   0.000000e+00   0.000000e+00
    0.000000e+00   0.000000e+00   0.000000e+00
    0.000000e+00   0.000000e+00   0.000000e+00
    0.000000e+00   0.000000e+00   0.000000e+00
    0.000000e+00   0.000000e+00   0.000000e+00
    0.000000e+00   0.000000e+00   0.000000e+00
    0.000000e+00   0.000000e+00   0.000000e+00
    0.000000e+00   0.000000e+00   0.000000e+00
    0.000000e+00   0.000000e+00   0.000000e+00
    0.000000e+00   0.000000e+00   0.000000e+00
    0.000000e+00   0.000000e+00   0.000000e+00
    0.000000e+00   0.000000e+00   0.000000e+00
    0.000000e+00   0.000000e+00   0.000000e+00
    0.000000e+00   0.000000e+00   0.000000e+00
    0.000000e+00   0.000000e+00   0.000000e+00
    0.000000e+00   0.000000e+00   0.000000e+00
    0.000000e+00   0.000000e+00   0.000000e+00
    0.000000e+00   0.000000e+00   0.000000e+00
    0.000000e+00   0.000000e+00   0.000000e+00
    0.000000e+00   0.000000e+00   0.000000e+00
    0.000000e+00   0.000000e+00   0.000000e+00
    0.000000e+00   0.000000e+00   0.000000e+00
    0.000000e+00   0.000000e+00   0.000000e+00
    0.000000e+00   0.000000e+00   0.000000e+00
    0.000000e+00   0.000000e+00   0.000000e+00
    0.000000e+00   0.000000e+00   0.000000e+00
    0.000000e+00   0.000000e+00   0.000000e+00
    0.000000e+00   0.000000e+00   0.000000e+00
    0.000000e+00   0.000000e+00   0.000000e+00
    0.000000e+00   0.000000e+00   0.000000e+00
    0.000000e+00   0.000000e+00   0.000000e+00
    0.000000e+00   0.000000e+00   0.000000e+00
    0.000000e+00   0.000000e+00   0.000000e+00
    0.000000e+00   0.000000e+00   0.000000e+00
    0.000000e+00   0.000000e+00   0.000000e+00
    0.000000e+00   0.000000e+00   0.000000e+00
    0.000000e+00   0.000000e+00   0.000000e+00
    0.000000e+00   0.000000e+00   0.000000e+00
    0.000000e+00   0.000000e+00   0.000000e+00
    0.000000e+00   0.000000e+00   0.000000e+00
    0.000000e+00   0.000000e+00   0.000000e+00
    0.000000e+00   0.000000e+00   0.000000e+00
    0.000000e+00   0.000000e+00   0.000000e+00
    0.000000e+00   0.000000e+00   0.000000e+00
    0.000000e+00   0.000000e+00   0.000000e+00
    0.000000e+00   0.000000e+00   0.000000e+00
    0.000000e+00   0.000000e+00   0.000000e+00
    0.000000e+00   0.000000e+00   0.000000e+00
    0.000000e+00   0.000000e+00   0.000000e+00
    0.000000e+00   0.000000e+00   0.000000e+00
    0.000000e+00   0.000000e+00   0.000000e+00
    0.000000e+00   0.000000e+00   0.000000e+00
    0.000000e+00   0.000000e+00   0.000000e+00
    0.000000e+00   0.000000e+00   0.000000e+00
    0.000000e+00   0.000000e+00   0.000000e+00
    0.000000e+00   0.000000e+00   0.000000e+00
    0.000000e+00   0.000000e+00   0.000000e+00
    0.000000e+00   0.000000e+00   0.000000e+00
    0.000000e+00   0.000000e+00   0.000000e+00
    0.000000e+00   0.000000e+00   0.000000e+00
    0.000000e+00   0.000000e+00   0.000000e+00
    0.000000e+00   0.000000e+00   0.000000e+00
    0.000000e+00   0.000000e+00   0.000000e+00
    0.000000e+00   0.000000e+00   0.000000e+00
    0.000000e+00   0.000000e+00   0.000000e+00
    0.000000e+00   0.000000e+00   0.000000e+00
    0.000000e+00   0.000000e+00   0.000000e+00
    0.000000e+00   0.000000e+00   0.000000e+00
    0.000000e+00   0.000000e+00   0.000000e+00
    0.000000e+00   0.000000e+00   0.000000e+00
    0.000000e+00   0.000000e+00   0.000000e+00
    0.000000e+00   0.000000e+00   0.000000e+00
    0.000000e+00   0.000000e+00   0.000000e+00
    0.000000e+00   0.000000e+00   0.000000e+00
    0.000000e+00   0.000000e+00   0.000000e+00
    0.000000e+00   0.000000e+00   0.000000e+00
    0.000000e+00   0.000000e+00   0.000000e+00
    0.000000e+00   0.000000e+00   0.000000e+00
    0.000000e+00   0.000000e+00   0.000000e+00
    0.000000e+00   0.000000e+00   0.000000e+00
    0.000000e+00   0.000000e+00   0.000000e+00
    0.000000e+00   0.000000e+00   0.000000e+00
    0.000000e+00   0.000000e+00   0.000000e+00
    0.000000e+00   0.000000e+00   0.000000e+00
    0.000000e+00   0.000000e+00   0.000000e+00
    0.000000e+00   0.000000e+00   0.000000e+00
    0.000000e+00   0.000000e+00   0.000000e+00
    0.000000e+00   0.000000e+00   0.000000e+00
    0.000000e+00   0.000000e+00   0.000000e+00
    0.000000e+00   0.000000e+00   0.000000e+00
    0.000000e+00   0.000000e+00   0.000000e+00
    0.000000e+00   0.000000e+00   0.000000e+00
    0.000000e+00   0.000000e+00   0.000000e+00
    0.000000e+00   0.000000e+00   0.000000e+00
    0.000000e+00   0.000000e+00   0.000000e+00
    0.000000e+00   0.000000e+00   0.000000e+00
    0.000000e+00   0.000000e+00   0.000000e+00
    0.000000e+00   0.000000e+00   0.000000e+00
    0.000000e+00   0.000000e+00   0.000000e+00
    0.000000e+00   0.000000e+00   0.000000e+00
    0.000000e+00   0.000000e+00   0.000000e+00
    0.000000e+00   0.000000e+00   0.000000e+00
    0.000000e+00   0.000000e+00   0.000000e+00
    0.000000e+00   0.000000e+00   0.000000e+00
    0.000000e+00   0.000000e+00   0.000000e+00
    0.000000e+00   0.000000e+00   0.000000e+00
    0.000000e+00   0.000000e+00   0.000000e+00
    0.000000e+00   0.000000e+00   0.000000e+00
    0.000000e+00   0.000000e+00   0.000000e+00
    0.000000e+00   0.000000e+00   0.000000e+00
    0.000000e+00   0.000000e+00   0.000000e+00
    0.000000e+00   0.000000e+00   0.000000e+00
    0.000000e+00   0.000000e+00   0.000000e+00
    0.000000e+00   0.000000e+00   0.000000e+00
    0.000000e+00   0.000000e+00   0.000000e+00
    0.000000e+00   0.000000e+00   0.000000e+00
    0.000000e+00   0.000000e+00   0.000000e+00
    0.000000e+00   0.000000e+00   0.000000e+00
    0.000000e+00   0.000000e+00   0.000000e+00
    0.000000e+00   0.000000e+00   0.000000e+00
    0.000000e+00   0.000000e+00   0.000000e+00
    0.000000e+00   0.000000e+00   0.000000e+00
    0.000000e+00   0.000000e+00   0.000000e+00
    0.000000e+00   0.000000e+00   0.000000e+00
    0.000000e+00   0.000000e+00   0.000000e+00
    0.000000e+00   0.000000e+00   0.000000e+00
    0.000000e+00   0.000000e+00   0.000000e+00
    0.000000e+00   0.000000e+00   0.000000e+00
    0.000000e+00   0.000000e+00   0.000000e+00
    0.000000e+00   0.000000e+00   0.000000e+00
    0.000000e+00   0.000000e+00   0.000000e+00
    0.000000e+00   0.000000e+00   0.000000e+00
    0.000000e+00   0.000000e+00   0.000000e+00
    0.000000e+00   0.000000e+00   0.000000e+00
    0.000000e+00   0.000000e+00   0.000000e+00
    0.000000e+00   0.000000e+00   0.000000e+00
    0.000000e+00   0.000000e+00   0.000000e+00
    0.000000e+00   0.000000e+00   0.000000e+00
    0.000000e+00   0.000000e+00   0.000000e+00
    0.000000e+00   0.000000e+00   0.000000e+00
    0.000000e+00   0.000000e+00   0.000000e+00
    0.000000e+00   0.000000e+00   0.000000e+00
    0.000000e+00   0.000000e+00   0.000000e+00
    0.000000e+00   0.000000e+00   0.000000e+00
    0.000000e+00   0.000000e+00   0.000000e+00
    0.000000e+00   0.000000e+00   0.000000e+00
    0.000000e+00   0.000000e+00   0.000000e+00
    0.000000e+00   0.000000e+00   0.000000e+00
    0.000000e+00   0.000000e+00   0.000000e+00
    0.000000e+00   0.000000e+00   0.000000e+00
    0.000000e+00   0.000000e+00   0.000000e+00
    0.000000e+00   0.000000e+00   0.000000e+00
    0.000000e+00   0.000000e+00   0.000000e+00
    0.000000e+00   0.000000e+00   0.000000e+00
    0.000000e+00   0.000000e+00   0.000000e+00
    0.000000e+00   0.000000e+00   0.000000e+00
    0.000000e+00   0.000000e+00   0.000000e+00
    0.000000e+00   0.000000e+00   0.000000e+00
    0.000000e+00   0.000000e+00   0.000000e+00
    0.000000e+00   0.000000e+00   0.000000e+00
    0.000000e+00   0.000000e+00   0.000000e+00
    0.000000e+00   0.000000e+00   0.000000e+00
    0.000000e+00   0.000000e+00   0.000000e+00
    0.000000e+00   0.000000e+00   0.000000e+00
    0.000000e+00   0.000000e+00   0.000000e+00
    0.000000e+00   0.000000e+00   0.000000e+00
    0.000000e+00   0.000000e+00   0.000000e+00
    0.000000e+00   0.000000e+00   0.000000e+00
    0.000000e+00   0.000000e+00   0.000000e+00
    0.000000e+00   0.000000e+00   0.000000e+00
    0.000000e+00   0.000000e+00   0.000000e+00
    0.000000e+00   0.000000e+00   0.000000e+00
    0.000000e+00   0.000000e+00   0.000000e+00
    0.000000e+00   0.000000e+00   0.000000e+00
    0.000000e+00   0.000000e+00   0.000000e+00
    0.000000e+00   0.000000e+00   0.000000e+00
    0.000000e+00   0.000000e+00   0.000000e+00
    0.000000e+00   0.000000e+00   0.000000e+00
    0.000000e+00   0.000000e+00   0.000000e+00
    0.000000e+00   0.000000e+00   0.000000e+00
    0.000000e+00   0.000000e+00   0.000000e+00
    0.000000e+00   0.000000e+00   0.000000e+00
    0.000000e+00   0.000000e+00   0.000000e+00
    0.000000e+00   0.000000e+00   0.000000e+00
    0.000000e+00   0.000000e+00   0.000000e+00
    0.000000e+00   0.000000e+00   0.000000e+00
    0.000000e+00   0.000000e+00   0.000000e+00
    0.000000e+00   0.000000e+00   0.000000e+00
    0.000000e+00   0.000000e+00   0.000000e+00
    0.000000e+00   0.000000e+00   0.000000e+00
    0.000000e+00   0.000000e+00   0.000000e+00
    0.000000e+00   0.000000e+00   0.000000e+00
    0.000000e+00   0.000000e+00   0.000000e+00
    0.000000e+00   0.000000e+00   0.000000e+00
    0.000000e+00   0.000000e+00   0.000000e+00
    0.000000e+00   0.000000e+00   0.000000e+00
    0.000000e+00   0.000000e+00   0.000000e+00
    0.000000e+00   0.000000e+00   0.000000e+00
    0.000000e+00   0.000000e+00   0.000000e+00
    0.000000e+00   0.000000e+00   0.000000e+00
    0.000000e+00   0.000000e+00   0.000000e+00
    0.000000e+00   0.000000e+00   0.000000e+00
    0.000000e+00   0.000000e+00   0.000000e+00
    0.000000e+00   0.000000e+00   0.000000e+00
    0.000000e+00   0.000000e+00   0.000000e+00
    0.000000e+00   0.000000e+00   0.000000e+00
    0.000000e+00   0.000000e+00   0.000000e+00
    0.000000e+00   0.000000e+00   0.000000e+00
    0.000000e+00   0.000000e+00   0.000000e+00
    0.000000e+00   0.000000e+00   0.000000e+00
    0.000000e+00   0.000000e+00   0.000000e+00
    0.000000e+00   0.000000e+00   0.000000e+00
    0.000000e+00   0.000000e+00   0.000000e+00
    0.000000e+00   0.000000e+00   0.000000e+00
    0.000000e+00   0.000000e+00   0.000000e+00
    0.000000e+00   0.000000e+00   0.000000e+00
    0.000000e+00   0.000000e+00   0.000000e+00
    0.000000e+00   0.000000e+00   0.000000e+00
    0.000000e+00   0.000000e+00   0.000000e+00
    0.000000e+00   0.000000e+00   0.000000e+00
    0.000000e+00   0.000000e+00   0.000000e+00
    0.000000e+00   0.000000e+00   0.000000e+00
    0.000000e+00   0.000000e+00   0.000000e+00
    0.000000e+00   0.000000e+00   0.000000e+00
    0.000000e+00   0.000000e+00   0.000000e+00
    0.000000e+00   0.000000e+00   0.000000e+00
    0.000000e+00   0.000000e+00   0.000000e+00
    0.000000e+00   0.000000e+00   0.000000e+00
    0.000000e+00   0.000000e+00   0.000000e+00
    0.000000e+00   0.000000e+00   0.000000e+00
    0.000000e+00   0.000000e+00   0.000000e+00
    0.000000e+00   0.000000e+00   0.000000e+00
    0.000000e+00   0.000000e+00   0.000000e+00
    0.000000e+00   0.000000e+00   0.000000e+00
    0.000000e+00   0.000000e+00   0.000000e+00
    0.000000e+00   0.000000e+00   0.000000e+00
    0.000000e+00   0.000000e+00   0.000000e+00
    0.000000e+00   0.000000e+00   0.000000e+00
    0.000000e+00   0.000000e+00   0.000000e+00
    0.000000e+00   0.000000e+00   0.000000e+00
    0.000000e+00   0.000000e+00   0.000000e+00
    0.000000e+00   0.000000e+00   0.000000e+00
    0.000000e+00   0.000000e+00   0.000000e+00
    0.000000e+00   0.000000e+00   0.000000e+00
    0.000000e+00   0.000000e+00   0.000000e+00
    0.000000e+00   0.000000e+00   0.000000e+00
    0.000000e+00   0.000000e+00   0.000000e+00
    0.000000e+00   0.000000e+00   0.000000e+00
    0.000000e+00   0.000000e+00   0.000000e+00
    0.000000e+00   0.000000e+00   0.000000e+00
    0.000000e+00   0.000000e+00   0.000000e+00
    0.000000e+00   0.000000e+00   0.000000e+00
    0.000000e+00   0.000000e+00   0.000000e+00
    0.000000e+00   0.000000e+00   0.000000e+00
    0.000000e+00   0.000000e+00   0.000000e+00
    0.000000e+00   0.000000e+00   0.000000e+00
    0.000000e+00   0.000000e+00   0.000000e+00
    0.000000e+00   0.000000e+00   0.000000e+00
    0.000000e+00   0.000000e+00   0.000000e+00
    0.000000e+00   0.000000e+00   0.000000e+00
    0.000000e+00   0.000000e+00   0.000000e+00
    0.000000e+00   0.000000e+00   0.000000e+00
    0.000000e+00   0.000000e+00   0.000000e+00
    0.000000e+00   0.000000e+00   0.000000e+00
    0.000000e+00   0.000000e+00   0.000000e+00
    0.000000e+00   0.000000e+00   0.000000e+00
    0.000000e+00   0.000000e+00   0.000000e+00
    0.000000e+00   0.000000e+00   0.000000e+00
    0.000000e+00   0.000000e+00   0.000000e+00
    0.000000e+00   0.000000e+00   0.000000e+00
    0.000000e+00   0.000000e+00   0.000000e+00
    0.000000e+00   0.000000e+00   0.000000e+00
    0.000000e+00   0.000000e+00   0.000000e+00
    0.000000e+00   0.000000e+00   0.000000e+00
    0.000000e+00   0.000000e+00   0.000000e+00
    0.000000e+00   0.000000e+00   0.000000e+00
    0.000000e+00   0.000000e+00   0.000000e+00
    0.000000e+00   0.000000e+00   0.000000e+00
    0.000000e+00   0.000000e+00   0.000000e+00
    0.000000e+00   0.000000e+00   0.000000e+00
    0.000000e+00   0.000000e+00   0.000000e+00
    0.000000e+00   0.000000e+00   0.000000e+00
    0.000000e+00   0.000000e+00   0.000000e+00
    0.000000e+00   0.000000e+00   0.000000e+00
    0.000000e+00   0.000000e+00   0.000000e+00
    0.000000e+00   0.000000e+00   0.000000e+00
    0.000000e+00   0.000000e+00   0.000000e+00
    0.000000e+00   0.000000e+00   0.000000e+00
    0.000000e+00   0.000000e+00   0.000000e+00
    0.000000e+00   0.000000e+00   0.000000e+00
    0.000000e+00   0.000000e+00   0.000000e+00
    0.000000e+00   0.000000e+00   0.000000e+00
    0.000000e+00   0.000000e+00   0.000000e+00
    0.000000e+00   0.000000e+00   0.000000e+00
    0.000000e+00   0.000000e+00   0.000000e+00
    0.000000e+00   0.000000e+00   0.000000e+00
    0.000000e+00   0.000000e+00   0.000000e+00
    0.000000e+00   0.000000e+00   0.000000e+00
    0.000000e+00   0.000000e+00   0.000000e+00
    0.000000e+00   0.000000e+00   0.000000e+00
    0.000000e+00   0.000000e+00   0.000000e+00
    0.000000e+00   0.000000e+00   0.000000e+00
    0.000000e+00   0.000000e+00   0.000000e+00
    0.000000e+00   0.000000e+00   0.000000e+00
    0.000000e+00   0.000000e+00   0.000000e+00
    0.000000e+00   0.000000e+00   0.000000e+00
    0.000000e+00   0.000000e+00   0.000000e+00
    0.000000e+00   0.000000e+00   0.000000e+00
    0.000000e+00   0.000000e+00   0.000000e+00
    0.000000e+00   0.000000e+00   0.000000e+00
    0.000000e+00   0.000000e+00   0.000000e+00
    0.000000e+00   0.000000e+00   0.000000e+00
    0.000000e+00   0.000000e+00   0.000000e+00
    0.000000e+00   0.000000e+00   0.000000e+00
    0.000000e+00   0.000000e+00   0.000000e+00
    0.000000e+00   0.000000e+00   0.000000e+00
    0.000000e+00   0.000000e+00   0.000000e+00
    0.000000e+00   0.000000e+00   0.000000e+00
    0.000000e+00   0.000000e+00   0.000000e+00
    0.000000e+00   0.000000e+00   0.000000e+00
    0.000000e+00   0.000000e+00   0.000000e+00
    0.000000e+00   0.000000e+00   0.000000e+00
    0.000000e+00   0.000000e+00   0.000000e+00
    0.000000e+00   0.000000e+00   0.000000e+00
    0.000000e+00   0.000000e+00   0.000000e+00
    0.000000e+00   0.000000e+00   0.000000e+00
    0.000000e+00   0.000000e+00   0.000000e+00
    0.000000e+00   0.000000e+00   0.000000e+00
    0.000000e+00   0.000000e+00   0.000000e+00
    0.000000e+00   0.000000e+00   0.000000e+00
    0.000000e+00   0.000000e+00   0.000000e+00
    0.000000e+00   0.000000e+00   0.000000e+00
    0.000000e+00   0.000000e+00   0.000000e+00
    0.000000e+00   0.000000e+00   0.000000e+00
    0.000000e+00   0.000000e+00   0.000000e+00
    0.000000e+00   0.000000e+00   0.000000e+00
    0.000000e+00   0.000000e+00   0.000000e+00
    0.000000e+00   0.000000e+00   0.000000e+00
    0.000000e+00   0.000000e+00   0.000000e+00
    0.000000e+00   0.000000e+00   0.000000e+00
    0.000000e+00   0.000000e+00   0.000000e+00
    0.000000e+00   0.000000e+00   0.000000e+00
    0.000000e+00   0.000000e+00   0.000000e+00
    0.000000e+00   0.000000e+00   0.000000e+00
    0.000000e+00   0.000000e+00   0.000000e+00
    0.000000e+00   0.000000e+00   0.000000e+00
    0.000000e+00   0.000000e+00   0.000000e+00
    0.000000e+00   0.000000e+00   0.000000e+00
    0.000000e+00   0.000000e+00   0.000000e+00
    0.000000e+00   0.000000e+00   0.000000e+00
    0.000000e+00   0.000000e+00   0.000000e+00
    0.000000e+00   0.000000e+00   0.000000e+00
    0.000000e+00   0.000000e+00   0.000000e+00
    0.000000e+00   0.000000e+00   0.000000e+00
    0.000000e+00   0.000000e+00   0.000000e+00
    0.000000e+00   0.000000e+00   0.000000e+00
    0.000000e+00   0.000000e+00   0.000000e+00
    0.000000e+00   0.000000e+00   0.000000e+00
    0.000000e+00   0.000000e+00   0.000000e+00
    0.000000e+00   0.000000e+00   0.000000e+00
    0.000000e+00   0.000000e+00   0.000000e+00
    0.000000e+00   0.000000e+00   0.000000e+00
    0.000000e+00   0.000000e+00   0.000000e+00
    0.000000e+00   0.000000e+00   0.000000e+00
    0.000000e+00   0.000000e+00   0.000000e+00
    0.000000e+00   0.000000e+00   0.000000e+00
    0.000000e+00   0.000000e+00   0.000000e+00
    0.000000e+00   0.000000e+00   0.000000e+00
    0.000000e+00   0.000000e+00   0.000000e+00
    0.000000e+00   0.000000e+00   0.000000e+00
    0.000000e+00   0.000000e+00   0.000000e+00
    0.000000e+00   0.000000e+00   0.000000e+00
    0.000000e+00   0.000000e+00   0.000000e+00
    0.000000e+00   0.000000e+00   0.000000e+00
    0.000000e+00   0.000000e+00   0.000000e+00
    0.000000e+00   0.000000e+00   0.000000e+00
    0.000000e+00   0.000000e+00   0.000000e+00
    0.000000e+00   0.000000e+00   0.000000e+00
    0.000000e+00   0.000000e+00   0.000000e+00
    0.000000e+00   0.000000e+00   0.000000e+00
    0.000000e+00   0.000000e+00   0.000000e+00
    0.000000e+00   0.000000e+00   0.000000e+00
    0.000000e+00   0.000000e+00   0.000000e+00
    0.000000e+00   0.000000e+00   0.000000e+00
    0.000000e+00   0.000000e+00   0.000000e+00
    0.000000e+00   0.000000e+00   0.000000e+00
    0.000000e+00   0.000000e+00   0.000000e+00
    0.000000e+00   0.000000e+00   0.000000e+00
    0.000000e+00   0.000000e+00   0.000000e+00
    0.000000e+00   0.000000e+00   0.000000e+00
    0.000000e+00   0.000000e+00   0.000000e+00
    0.000000e+00   0.000000e+00   0.000000e+00
    0.000000e+00   0.000000e+00   0.000000e+00
    0.000000e+00   0.000000e+00   0.000000e+00
    0.000000e+00   0.000000e+00   0.000000e+00
    0.000000e+00   0.000000e+00   0.000000e+00
    0.000000e+00   0.000000e+00   0.000000e+00
    0.000000e+00   0.000000e+00   0.000000e+00
    0.000000e+00   0.000000e+00   0.000000e+00
    0.000000e+00   0.000000e+00   0.000000e+00
    0.000000e+00   0.000000e+00   0.000000e+00
    0.000000e+00   0.000000e+00   0.000000e+00
    0.000000e+00   0.000000e+00   0.000000e+00
    0.000000e+00   0.000000e+00   0.000000e+00
    0.000000e+00   0.000000e+00   0.000000e+00
    0.000000e+00   0.000000e+00   0.000000e+00
    0.000000e+00   0.000000e+00   0.000000e+00
    0.000000e+00   0.000000e+00   0.000000e+00
    0.000000e+00   0.000000e+00   0.000000e+00
    0.000000e+00   0.000000e+00   0.000000e+00
    0.000000e+00   0.000000e+00   0.000000e+00
    0.000000e+00   0.000000e+00   0.000000e+00
    0.000000e+00   0.000000e+00   0.000000e+00
    0.000000e+00   0.000000e+00   0.000000e+00
    0.000000e+00   0.000000e+00   0.000000e+00
    0.000000e+00   0.000000e+00   0.000000e+00
    0.000000e+00   0.000000e+00   0.000000e+00
    0.000000e+00   0.000000e+00   0.000000e+00
    0.000000e+00   0.000000e+00   0.000000e+00
    0.000000e+00   0.000000e+00   0.000000e+00
    0.000000e+00   0.000000e+00   0.000000e+00
    0.000000e+00   0.000000e+00   0.000000e+00
    0.000000e+00   0.000000e+00   0.000000e+00
    0.000000e+00   0.000000e+00   0.000000e+00
    0.000000e+00   0.000000e+00   0.000000e+00
    0.000000e+00   0.000000e+00   0.000000e+00
    0.000000e+00   0.000000e+00   0.000000e+00
    0.000000e+00   0.000000e+00   0.000000e+00
    0.000000e+00   0.000000e+00   0.000000e+00
    0.000000e+00   0.000000e+00   0.000000e+00
    0.000000e+00   0.000000e+00   0.000000e+00
    0.000000e+00   0.000000e+00   0.000000e+00
    0.000000e+00   0.000000e+00   0.000000e+00
    0.000000e+00   0.000000e+00   0.000000e+00
    0.000000e+00   0.000000e+00   0.000000e+00
    0.000000e+00   0.000000e+00   0.000000e+00
    0.000000e+00   0.000000e+00   0.000000e+00
    0.000000e+00   0.000000e+00   0.000000e+00
    0.000000e+00   0.000000e+00   0.000000e+00
    0.000000e+00   0.000000e+00   0.000000e+00
    0.000000e+00   0.000000e+00   0.000000e+00
    0.000000e+00   0.000000e+00   0.000000e+00
    0.000000e+00   0.000000e+00   0.000000e+00
    0.000000e+00   0.000000e+00   0.000000e+00
    0.000000e+00   0.000000e+00   0.000000e+00
    0.000000e+00   0.000000e+00   0.000000e+00
    0.000000e+00   0.000000e+00   0.000000e+00
    0.000000e+00   0.000000e+00   0.000000e+00
    0.000000e+00   0.000000e+00   0.000000e+00
    0.000000e+00   0.000000e+00   0.000000e+00
    0.000000e+00   0.000000e+00   0.000000e+00
    0.000000e+00   0.000000e+00   0.000000e+00
    0.000000e+00   0.000000e+00   0.000000e+00
    0.000000e+00   0.000000e+00   0.000000e+00
    0.000000e+00   0.000000e+00   0.000000e+00
    0.000000e+00   0.000000e+00   0.000000e+00
    0.000000e+00   0.000000e+00   0.000000e+00
    0.000000e+00   0.000000e+00   0.000000e+00
    0.000000e+00   0.000000e+00   0.000000e+00
    0.000000e+00   0.000000e+00   0.000000e+00
    0.000000e+00   0.000000e+00   0.000000e+00
    0.000000e+00   0.000000e+00   0.000000e+00
    0.000000e+00   0.000000e+00   0.000000e+00
    0.000000e+00   0.000000e+00   0.000000e+00
    0.000000e+00   0.000000e+00   0.000000e+00
    0.000000e+00   0.000000e+00   0.000000e+00
    0.000000e+00   0.000000e+00   0.000000e+00
    0.000000e+00   0.000000e+00   0.000000e+00
    0.000000e+00   0.000000e+00   0.000000e+00
    0.000000e+00   0.000000e+00   0.000000e+00
    0.000000e+00   0.000000e+00   0.000000e+00
    0.000000e+00   0.000000e+00   0.000000e+00
    0.000000e+00   0.000000e+00   0.000000e+00
    0.000000e+00   0.000000e+00   0.000000e+00
    0.000000e+00   0.000000e+00   0.000000e+00
    0.000000e+00   0.000000e+00   0.000000e+00
    0.000000e+00   0.000000e+00   0.000000e+00
    0.000000e+00   0.000000e+00   0.000000e+00
    0.000000e+00   0.000000e+00   0.000000e+00
    0.000000e+00   0.000000e+00   0.000000e+00
    0.000000e+00   0.000000e+00   0.000000e+00
    0.000000e+00   0.000000e+00   0.000000e+00
    0.000000e+00   0.000000e+00   0.000000e+00
    0.000000e+00   0.000000e+00   0.000000e+00
    0.000000e+00   0.000000e+00   0.000000e+00
    0.000000e+00   0.000000e+00   0.000000e+00
    0.000000e+00   0.000000e+00   0.000000e+00
    0.000000e+00   0.000000e+00   0.000000e+00
    0.000000e+00   0.000000e+00   0.000000e+00
    0.000000e+00   0.000000e+00   0.000000e+00
    0.000000e+00   0.000000e+00   0.000000e+00
    0.000000e+00   0.000000e+00   0.000000e+00
    0.000000e+00   0.000000e+00   0.000000e+00
    0.000000e+00   0.000000e+00   0.000000e+00
    0.000000e+00   0.000000e+00   0.000000e+00
    0.000000e+00   0.000000e+00   0.000000e+00
    0.000000e+00   0.000000e+00   0.000000e+00
    0.000000e+00   0.000000e+00   0.000000e+00
    0.000000e+00   0.000000e+00   0.000000e+00
    0.000000e+00   0.000000e+00   0.000000e+00
    0.000000e+00   0.000000e+00   0.000000e+00
    0.000000e+00   0.000000e+00   0.000000e+00
    0.000000e+00   0.000000e+00   0.000000e+00
    0.000000e+00   0.000000e+00   0.000000e+00
    0.000000e+00   0.000000e+00   0.000000e+00
    0.000000e+00   0.000000e+00   0.000000e+00
    0.000000e+00   0.000000e+00   0.000000e+00
    0.000000e+00   0.000000e+00   0.000000e+00
    0.000000e+00   0.000000e+00   0.000000e+00
    0.000000e+00   0.000000e+00   0.000000e+00
    0.000000e+00   0.000000e+00   0.000000e+00
    0.000000e+00   0.000000e+00   0.000000e+00
    0.000000e+00   0.000000e+00   0.000000e+00
    0.000000e+00   0.000000e+00   0.000000e+00
    0.000000e+00   0.000000e+00   0.000000e+00
    0.000000e+00   0.000000e+00   0.000000e+00
    0.000000e+00   0.000000e+00   0.000000e+00
    0.000000e+00   0.000000e+00   0.000000e+00
    0.000000e+00   0.000000e+00   0.000000e+00
    0.000000e+00   0.000000e+00   0.000000e+00
    0.000000e+00   0.000000e+00   0.000000e+00
    0.000000e+00   0.000000e+00   0.000000e+00
    0.000000e+00   0.000000e+00   0.000000e+00
    0.000000e+00   0.000000e+00   0.000000e+00
    0.000000e+00   0.000000e+00   0.000000e+00
    0.000000e+00   0.000000e+00   0.000000e+00
    0.000000e+00   0.000000e+00   0.000000e+00
    0.000000e+00   0.000000e+00   0.000000e+00
    0.000000e+00   0.000000e+00   0.000000e+00
    0.000000e+00   0.000000e+00   0.000000e+00
    0.000000e+00   0.000000e+00   0.000000e+00
    0.000000e+00   0.000000e+00   0.000000e+00
    0.000000e+00   0.000000e+00   0.000000e+00
    0.000000e+00   0.000000e+00   0.000000e+00
    0.000000e+00   0.000000e+00   0.000000e+00
    0.000000e+00   0.000000e+00   0.000000e+00
    0.000000e+00   0.000000e+00   0.000000e+00
    0.000000e+00   0.000000e+00   0.000000e+00
    0.000000e+00   0.000000e+00   0.000000e+00
    0.000000e+00   0.000000e+00   0.000000e+00
    0.000000e+00   0.000000e+00   0.000000e+00
    0.000000e+00   0.000000e+00   0.000000e+00
    0.000000e+00   0.000000e+00   0.000000e+00
    0.000000e+00   0.000000e+00   0.000000e+00
    0.000000e+00   0.000000e+00   0.000000e+00
    0.000000e+00   0.000000e+00   0.000000e+00
    0.000000e+00   0.000000e+00   0.000000e+00
    0.000000e+00   0.000000e+00   0.000000e+00
    0.000000e+00   0.000000e+00   0.000000e+00
    0.000000e+00   0.000000e+00   0.000000e+00
    0.000000e+00   0.000000e+00   0.000000e+00
    0.000000e+00   0.000000e+00   0.000000e+00
    0.000000e+00   0.000000e+00   0.000000e+00
    0.000000e+00   0.000000e+00   0.000000e+00
    0.000000e+00   0.000000e+00   0.000000e+00
    0.000000e+00   0.000000e+00   0.000000e+00
    0.000000e+00   0.000000e+00   0.000000e+00
    0.000000e+00   0.000000e+00   0.000000e+00
    0.000000e+00   0.000000e+00   0.000000e+00
    0.000000e+00   0.000000e+00   0.000000e+00
    0.000000e+00   0.000000e+00   0.000000e+00
    0.000000e+00   0.000000e+00   0.000000e+00
    0.000000e+00   0.000000e+00   0.000000e+00
    0.000000e+00   0.000000e+00   0.000000e+00
    0.000000e+00   0.000000e+00   0.000000e+00
    0.000000e+00   0.000000e+00   0.000000e+00
    0.000000e+00   0.000000e+00   0.000000e+00
    0.000000e+00   0.000000e+00   0.000000e+00
    0.000000e+00   0.000000e+00   0.000000e+00
    0.000000e+00   0.000000e+00   0.000000e+00
    0.000000e+00   0.000000e+00   0.000000e+00
    0.000000e+00   0.000000e+00   0.000000e+00
    0.000000e+00   0.000000e+00   0.000000e+00
    0.000000e+00   0.000000e+00   0.000000e+00
    0.000000e+00   0.000000e+00   0.000000e+00
    0.000000e+00   0.000000e+00   0.000000e+00
    0.000000e+00   0.000000e+00   0.000000e+00
    0.000000e+00   0.000000e+00   0.000000e+00
    0.000000e+00   0.000000e+00   0.000000e+00
    0.000000e+00   0.000000e+00   0.000000e+00
    0.000000e+00   0.000000e+00   0.000000e+00
    0.000000e+00   0.000000e+00   0.000000e+00
    0.000000e+00   0.000000e+00   0.000000e+00
    0.000000e+00   0.000000e+00   0.000000e+00
    0.000000e+00   0.000000e+00   0.000000e+00
    0.000000e+00   0.000000e+00   0.000000e+00
    0.000000e+00   0.000000e+00   0.000000e+00
    0.000000e+00   0.000000e+00   0.000000e+00
    0.000000e+00   0.000000e+00   0.000000e+00
    0.000000e+00   0.000000e+00   0.000000e+00
    0.000000e+00   0.000000e+00   0.000000e+00
    0.000000e+00   0.000000e+00   0.000000e+00
    0.000000e+00   0.000000e+00   0.000000e+00
    0.000000e+00   0.000000e+00   0.000000e+00
    0.000000e+00   0.000000e+00   0.000000e+00
    0.000000e+00   0.000000e+00   0.000000e+00
    0.000000e+00   0.000000e+00   0.000000e+00
    0.000000e+00   0.000000e+00   0.000000e+00
    0.000000e+00   0.000000e+00   0.000000e+00
    0.000000e+00   0.000000e+00   0.000000e+00
    0.000000e+00   0.000000e+00   0.000000e+00
    0.000000e+00   0.000000e+00   0.000000e+00
    0.000000e+00   0.000000e+00   0.000000e+00
    0.000000e+00   0.000000e+00   0.000000e+00
    0.000000e+00   0.000000e+00   0.000000e+00
    0.000000e+00   0.000000e+00   0.000000e+00
    0.000000e+00   0.000000e+00   0.000000e+00
    0.000000e+00   0.000000e+00   0.000000e+00
    0.000000e+00   0.000000e+00   0.000000e+00
    0.000000e+00   0.000000e+00   0.000000e+00
    0.000000e+00   0.000000e+00   0.000000e+00
    0.000000e+00   0.000000e+00   0.000000e+00
    0.000000e+00   0.000000e+00   0.000000e+00
    0.000000e+00   0.000000e+00   0.000000e+00
    0.000000e+00   0.000000e+00   0.000000e+00
    0.000000e+00   0.000000e+00   0.000000e+00
    0.000000e+00   0.000000e+00   0.000000e+00
    0.000000e+00   0.000000e+00   0.000000e+00
    0.000000e+00   0.000000e+00   0.000000e+00
    0.000000e+00   0.000000e+00   0.000000e+00
    0.000000e+00   0.000000e+00   0.000000e+00
    0.000000e+00   0.000000e+00   0.000000e+00
    0.000000e+00   0.000000e+00   0.000000e+00
    0.000000e+00   0.000000e+00   0.000000e+00
    0.000000e+00   0.000000e+00   0.000000e+00
    0.000000e+00   0.000000e+00   0.000000e+00
    0.000000e+00   0.000000e+00   0.000000e+00
    0.000000e+00   0.000000e+00   0.000000e+00
    0.000000e+00   0.000000e+00   0.000000e+00
    0.000000e+00   0.000000e+00   0.000000e+00
    0.000000e+00   0.000000e+00   0.000000e+00
    0.000000e+00   0.000000e+00   0.000000e+00
    0.000000e+00   0.000000e+00   0.000000e+00
    0.000000e+00   0.000000e+00   0.000000e+00
    0.000000e+00   0.000000e+00   0.000000e+00
    0.000000e+00   0.000000e+00   0.000000e+00
    0.000000e+00   0.000000e+00   0.000000e+00
    0.000000e+00   0.000000e+00   0.000000e+00
    0.000000e+00   0.000000e+00   0.000000e+00
    0.000000e+00   0.000000e+00   0.000000e+00
    0.000000e+00   0.000000e+00   0.000000e+00
    0.000000e+00   0.000000e+00   0.000000e+00
    0.000000e+00   0.000000e+00   0.000000e+00
    0.000000e+00   0.000000e+00   0.000000e+00
    0.000000e+00   0.000000e+00   0.000000e+00
    0.000000e+00   0.000000e+00   0.000000e+00
    0.000000e+00   0.000000e+00   0.000000e+00
    0.000000e+00   0.000000e+00   0.000000e+00
    0.000000e+00   0.000000e+00   0.000000e+00
    0.000000e+00   0.000000e+00   0.000000e+00
    0.000000e+00   0.000000e+00   0.000000e+00
    0.000000e+00   0.000000e+00   0.000000e+00
    0.000000e+00   0.000000e+00   0.000000e+00
    0.000000e+00   0.000000e+00   0.000000e+00
    0.000000e+00   0.000000e+00   0.000000e+00
    0.000000e+00   0.000000e+00   0.000000e+00
    0.000000e+00   0.000000e+00   0.000000e+00
    0.000000e+00   0.000000e+00   0.000000e+00
    0.000000e+00   0.000000e+00   0.000000e+00
    0.000000e+00   0.000000e+00   0.000000e+00
    0.000000e+00   0.000000e+00   0.000000e+00
    0.000000e+00   0.000000e+00   0.000000e+00
    0.000000e+00   0.000000e+00   0.000000e+00
    0.000000e+00   0.000000e+00   0.000000e+00
    0.000000e+00   0.000000e+00   0.000000e+00
    0.000000e+00   0.000000e+00   0.000000e+00
    0.000000e+00   0.000000e+00   0.000000e+00
    0.000000e+00   0.000000e+00   0.000000e+00
    0.000000e+00   0.000000e+00   0.000000e+00
    0.000000e+00   0.000000e+00   0.000000e+00
    0.000000e+00   0.000000e+00   0.000000e+00
    0.000000e+00   0.000000e+00   0.000000e+00
    0.000000e+00   0.000000e+00   0.000000e+00
    0.000000e+00   0.000000e+00   0.000000e+00
    0.000000e+00   0.000000e+00   0.000000e+00
    0.000000e+00   0.000000e+00   0.000000e+00
    0.000000e+00   0.000000e+00   0.000000e+00
    0.000000e+00   0.000000e+00   0.000000e+00
    0.000000e+00   0.000000e+00   0.000000e+00
    0.000000e+00   0.000000e+00   0.000000e+00
    0.000000e+00   0.000000e+00   0.000000e+00
    0.000000e+00   0.000000e+00   0.000000e+00
    0.000000e+00   0.000000e+00   0.000000e+00
    0.000000e+00   0.000000e+00   0.000000e+00
    0.000000e+00   0.000000e+00   0.000000e+00
    0.000000e+00   0.000000e+00   0.000000e+00
    0.000000e+00   0.000000e+00   0.000000e+00
    0.000000e+00   0.000000e+00   0.000000e+00
    0.000000e+00   0.000000e+00   0.000000e+00
    0.000000e+00   0.000000e+00   0.000000e+00
    0.000000e+00   0.000000e+00   0.000000e+00
    0.000000e+00   0.000000e+00   0.000000e+00
    0.000000e+00   0.000000e+00   0.000000e+00
    0.000000e+00   0.000000e+00   0.000000e+00
    0.000000e+00   0.000000e+00   0.000000e+00
    0.000000e+00   0.000000e+00   0.000000e+00
    0.000000e+00   0.000000e+00   0.000000e+00
    0.000000e+00   0.000000e+00   0.000000e+00
    0.000000e+00   0.000000e+00   0.000000e+00
    0.000000e+00   0.000000e+00   0.000000e+00
    0.000000e+00   0.000000e+00   0.000000e+00
    0.000000e+00   0.000000e+00   0.000000e+00
    0.000000e+00   0.000000e+00   0.000000e+00
    0.000000e+00   0.000000e+00   0.000000e+00
    0.000000e+00   0.000000e+00   0.000000e+00
    0.000000e+00   0.000000e+00   0.000000e+00
    0.000000e+00   0.000000e+00   0.000000e+00
    0.000000e+00   0.000000e+00   0.000000e+00
    0.000000e+00   0.000000e+00   0.000000e+00
    0.000000e+00   0.000000e+00   0.000000e+00
    0.000000e+00   0.000000e+00   0.000000e+00
    0.000000e+00   0.000000e+00   0.000000e+00
    0.000000e+00   0.000000e+00   0.000000e+00
    0.000000e+00   0.000000e+00   0.000000e+00
    0.000000e+00   0.000000e+00   0.000000e+00
    0.000000e+00   0.000000e+00   0.000000e+00
    0.000000e+00   0.000000e+00   0.000000e+00
    0.000000e+00   0.000000e+00   0.000000e+00
    0.000000e+00   0.000000e+00   0.000000e+00
    0.000000e+00   0.000000e+00   0.000000e+00
    0.000000e+00   0.000000e+00   0.000000e+00
    0.000000e+00   0.000000e+00   0.000000e+00
    0.000000e+00   0.000000e+00   0.000000e+00
    0.000000e+00   0.000000e+00   0.000000e+00
    0.000000e+00   0.000000e+00   0.000000e+00
    0.000000e+00   0.000000e+00   0.000000e+00
    0.000000e+00   0.000000e+00   0.000000e+00
    0.000000e+00   0.000000e+00   0.000000e+00
    0.000000e+00   0.000000e+00   0.000000e+00
    0.000000e+00   0.000000e+00   0.000000e+00
    0.000000e+00   0.000000e+00   0.000000e+00
    0.000000e+00   0.000000e+00   0.000000e+00
    0.000000e+00   0.000000e+00   0.000000e+00
    0.000000e+00   0.000000e+00   0.000000e+00
    0.000000e+00   0.000000e+00   0.000000e+00
    0.000000e+00   0.000000e+00   0.000000e+00
    0.000000e+00   0.000000e+00   0.000000e+00
    0.000000e+00   0.000000e+00   0.000000e+00
    0.000000e+00   0.000000e+00   0.000000e+00
    0.000000e+00   0.000000e+00   0.000000e+00
    0.000000e+00   0.000000e+00   0.000000e+00
    0.000000e+00   0.000000e+00   0.000000e+00
    0.000000e+00   0.000000e+00   0.000000e+00
    0.000000e+00   0.000000e+00   0.000000e+00
    0.000000e+00   0.000000e+00   0.000000e+00
    0.000000e+00   0.000000e+00   0.000000e+00
    0.000000e+00   0.000000e+00   0.000000e+00
    0.000000e+00   0.000000e+00   0.000000e+00
    0.000000e+00   0.000000e+00   0.000000e+00
    0.000000e+00   0.000000e+00   0.000000e+00
    0.000000e+00   0.000000e+00   0.000000e+00
    0.000000e+00   0.000000e+00   0.000000e+00
    0.000000e+00   0.000000e+00   0.000000e+00
    0.000000e+00   0.000000e+00   0.000000e+00
    0.000000e+00   0.000000e+00   0.000000e+00
    0.000000e+00   0.000000e+00   0.000000e+00
    0.000000e+00   0.000000e+00   0.000000e+00
    0.000000e+00   0.000000e+00   0.000000e+00
    0.000000e+00   0.000000e+00   0.000000e+00
    0.000000e+00   0.000000e+00   0.000000e+00
    0.000000e+00   0.000000e+00   0.000000e+00
    0.000000e+00   0.000000e+00   0.000000e+00
    0.000000e+00   0.000000e+00   0.000000e+00
    0.000000e+00   0.000000e+00   0.000000e+00
    0.000000e+00   0.000000e+00   0.000000e+00
    0.000000e+00   0.000000e+00   0.000000e+00
    0.000000e+00   0.000000e+00   0.000000e+00
    0.000000e+00   0.000000e+00   0.000000e+00
    0.000000e+00   0.000000e+00   0.000000e+00
    0.000000e+00   0.000000e+00   0.000000e+00
    0.000000e+00   0.000000e+00   0.000000e+00
    0.000000e+00   0.000000e+00   0.000000e+00
    0.000000e+00   0.000000e+00   0.000000e+00
    0.000000e+00   0.000000e+00   0.000000e+00
    0.000000e+00   0.000000e+00   0.000000e+00
    0.000000e+00   0.000000e+00   0.000000e+00
    0.000000e+00   0.000000e+00   0.000000e+00
    0.000000e+00   0.000000e+00   0.000000e+00
    0.000000e+00   0.000000e+00   0.000000e+00
    0.000000e+00   0.000000e+00   0.000000e+00
    0.000000e+00   0.000000e+00   0.000000e+00
    0.000000e+00   0.000000e+00   0.000000e+00
    0.000000e+00   0.000000e+00   0.000000e+00
    0.000000e+00   0.000000e+00   0.000000e+00
    0.000000e+00   0.000000e+00   0.000000e+00
    0.000000e+00   0.000000e+00   0.000000e+00
    0.000000e+00   0.000000e+00   0.000000e+00
    0.000000e+00   0.000000e+00   0.000000e+00
    0.000000e+00   0.000000e+00   0.000000e+00
    0.000000e+00   0.000000e+00   0.000000e+00
    0.000000e+00   0.000000e+00   0.000000e+00
    0.000000e+00   0.000000e+00   0.000000e+00
    0.000000e+00   0.000000e+00   0.000000e+00
    0.000000e+00   0.000000e+00   0.000000e+00
    0.000000e+00   0.000000e+00   0.000000e+00
    0.000000e+00   0.000000e+00   0.000000e+00
    0.000000e+00   0.000000e+00   0.000000e+00
    0.000000e+00   0.000000e+00   0.000000e+00
    0.000000e+00   0.000000e+00   0.000000e+00
    0.000000e+00   0.000000e+00   0.000000e+00
    0.000000e+00   0.000000e+00   0.000000e+00
    0.000000e+00   0.000000e+00   0.000000e+00
    0.000000e+00   0.000000e+00   0.000000e+00
    0.000000e+00   0.000000e+00   0.000000e+00
    0.000000e+00   0.000000e+00   0.000000e+00
    0.000000e+00   0.000000e+00   0.000000e+00
    0.000000e+00   0.000000e+00   0.000000e+00
    0.000000e+00   0.000000e+00   0.000000e+00
    0.000000e+00   0.000000e+00   0.000000e+00
    0.000000e+00   0.000000e+00   0.000000e+00
    0.000000e+00   0.000000e+00   0.000000e+00
    0.000000e+00   0.000000e+00   0.000000e+00
    0.000000e+00   0.000000e+00   0.000000e+00
    0.000000e+00   0.000000e+00   0.000000e+00
    0.000000e+00   0.000000e+00   0.000000e+00
    0.000000e+00   0.000000e+00   0.000000e+00
    0.000000e+00   0.000000e+00   0.000000e+00
   -2.595580e-05   1.067600e-03   7.676270e-06
   -2.914390e-05   5.365790e-03   1.207000e-05
   -2.884620e-05   6.005370e-04   4.844630e-06
   -9.415870e-06   7.222210e-04   1.005870e-06
   -5.361870e-06   1.410870e-04   1.005600e-06
    1.867950e-06  -3.175180e-04   5.343940e-06
    9.908540e-06  -2.173900e-03   1.034720e-05
    2.042500e-05  -1.300970e-04   1.034760e-05
    1.191760e-06  -4.258120e-04   8.170680e-06
    7.515690e-05  -5.321830e-13   5.914930e-14
    9.908540e-06   2.173900e-03  -1.034720e-05
    1.191760e-06   4.258120e-04  -8.170680e-06
    1.867950e-06   3.175180e-04  -5.343940e-06
   -9.415870e-06  -7.222210e-04  -1.005870e-06
    2.042500e-05   1.300970e-04  -1.034760e-05
   -2.595580e-05  -1.067600e-03  -7.676270e-06
   -2.884620e-05  -6.005370e-04  -4.844630e-06
   -2.914390e-05  -5.365790e-03  -1.207000e-05
   -5.361870e-06  -1.410870e-04  -1.005600e-06
   -2.620100e-05   8.435970e-04   8.342870e-06
   -2.644620e-05   8.459000e-04   8.954950e-06
   -2.669150e-05   1.038000e-03   9.512430e-06
   -2.693670e-05   1.383380e-03   1.001530e-05
   -2.718190e-05   1.845540e-03   1.046330e-05
   -2.742720e-05   2.387970e-03   1.085660e-05
   -2.767240e-05   2.974160e-03   1.119510e-05
   -2.791770e-05   3.567600e-03   1.147850e-05
   -2.816290e-05   4.131790e-03   1.170700e-05
   -2.840810e-05   4.630200e-03   1.188040e-05
   -2.865340e-05   5.026350e-03   1.199880e-05
   -2.889860e-05   5.283710e-03   1.206200e-05
   -2.909480e-05   1.475500e-04   5.707600e-06
   -2.931080e-05  -5.529010e-05   6.516190e-06
   -2.949410e-05  -4.030380e-05   7.270370e-06
   -2.964480e-05   1.602140e-04   7.970130e-06
   -2.976280e-05   5.139150e-04   8.615470e-06
   -2.984810e-05   9.884770e-04   9.206340e-06
   -2.990080e-05   1.551610e-03   9.742750e-06
   -2.992080e-05   2.170960e-03   1.022460e-05
   -2.990800e-05   2.814200e-03   1.065200e-05
   -2.986260e-05   3.449050e-03   1.102490e-05
   -2.978440e-05   4.043160e-03   1.134310e-05
   -2.967340e-05   4.564200e-03   1.160680e-05
   -2.952970e-05   4.979880e-03   1.181580e-05
   -2.935320e-05   5.257850e-03   1.197030e-05
   -1.130850e-05   3.729580e-04   2.663310e-07
   -1.311630e-05   2.124870e-04  -3.316960e-07
   -1.483890e-05   2.084870e-04  -7.879460e-07
   -1.647640e-05   3.286460e-04  -1.102200e-06
   -1.802860e-05   5.406340e-04  -1.274280e-06
   -1.949530e-05   8.121280e-04  -1.304040e-06
   -2.087660e-05   1.110820e-03  -1.191370e-06
   -2.217240e-05   1.404370e-03  -9.361670e-07
   -2.338260e-05   1.660470e-03  -5.383790e-07
   -2.450720e-05   1.846790e-03   2.048690e-09
   -2.554630e-05   1.931020e-03   6.851500e-07
   -2.649970e-05   1.880830e-03   1.510950e-06
   -2.736750e-05   1.663900e-03   2.479450e-06
   -2.814960e-05   1.247910e-03   3.590680e-06
   -8.464250e-06   5.860180e-04   1.005810e-06
   -7.640240e-06   4.679750e-04   1.005750e-06
   -6.943530e-06   3.680920e-04   1.005700e-06
   -6.373850e-06   2.863700e-04   1.005660e-06
   -5.930980e-06   2.228090e-04   1.005630e-06
   -5.614770e-06   1.774070e-04   1.005610e-06
   -5.425090e-06   1.501670e-04   1.005600e-06
   -2.865540e-05   4.516860e-04   5.198580e-06
   -2.841590e-05   3.620450e-04   5.552530e-06
   -2.812770e-05   3.316130e-04   5.906480e-06
   -2.779090e-05   3.603910e-04   6.260430e-06
   -2.740530e-05   4.483780e-04   6.614390e-06
   -2.697090e-05   5.955750e-04   6.968340e-06
   -2.648770e-05   8.019820e-04   7.322310e-06
    1.311780e-06  -7.632930e-04   4.727610e-06
    7.280290e-07  -9.954240e-04   4.157320e-06
    1.166430e-07  -1.046230e-03   3.633130e-06
   -5.224300e-07  -9.480410e-04   3.155130e-06
   -1.189270e-06  -7.331700e-04   2.723460e-06
   -1.883990e-06  -4.339410e-04   2.338300e-06
   -2.606710e-06  -8.267400e-05   1.999840e-06
   -3.357560e-06   2.883070e-04   1.708310e-06
   -4.136700e-06   6.466830e-04   1.463970e-06
   -4.944300e-06   9.601320e-04   1.267100e-06
   -5.780550e-06   1.196330e-03   1.118000e-06
   -6.645620e-06   1.322960e-03   1.017000e-06
   -7.539730e-06   1.307700e-03   9.644150e-07
   -8.463080e-06   1.118230e-03   9.605910e-07
    9.300260e-06  -2.520680e-03   9.893550e-06
    8.700690e-06  -2.660180e-03   9.454390e-06
    8.110270e-06  -2.624720e-03   9.030420e-06
    7.529420e-06  -2.446630e-03   8.622350e-06
    6.958520e-06  -2.158220e-03   8.230830e-06
    6.397970e-06  -1.791820e-03   7.856520e-06
    5.848120e-06  -1.379740e-03   7.500000e-06
    5.309310e-06  -9.543210e-04   7.161830e-06
    4.781860e-06  -5.478670e-04   6.842540e-06
    4.266010e-06  -1.927040e-04   6.542560e-06
    3.762030e-06   7.884500e-05   6.262300e-06
    3.270100e-06   2.344590e-04   6.002090e-06
    2.790370e-06   2.418180e-04   5.762170e-06
    2.322970e-06   6.860010e-05   5.542750e-06
    1.237670e-05  -1.694880e-03   1.034730e-05
    1.451400e-05  -1.279730e-03   1.034730e-05
    1.632140e-05  -9.284560e-04   1.034740e-05
    1.779940e-05  -6.410470e-04   1.034750e-05
    1.894840e-05  -4.175060e-04   1.034750e-05
    1.976880e-05  -2.578350e-04   1.034750e-05
    2.026100e-05  -1.620320e-04   1.034750e-05
   -1.068820e-05   4.990570e-04   1.541490e-06
   -1.196050e-05   4.513800e-04   2.072500e-06
   -1.323290e-05   5.426810e-04   2.599230e-06
   -1.450520e-05   7.364510e-04   3.121990e-06
   -1.577750e-05   9.961820e-04   3.641030e-06
   -1.704980e-05   1.285360e-03   4.156540e-06
   -1.832210e-05   1.567490e-03   4.668700e-06
   -1.959440e-05   1.806050e-03   5.177640e-06
   -2.086660e-05   1.964540e-03   5.683460e-06
   -2.213890e-05   2.006450e-03   6.186200e-06
   -2.341120e-05   1.895270e-03   6.685920e-06
   -2.468350e-05   1.594490e-03   7.182620e-06
    3.756650e-07  -7.472070e-04   7.860260e-06
   -4.404070e-07  -8.664530e-04   7.506580e-06
   -1.256460e-06  -8.200590e-04   7.110620e-06
   -2.072480e-06  -6.445330e-04   6.673310e-06
   -2.888490e-06  -3.763850e-04   6.195530e-06
   -3.704470e-06  -5.212080e-05   5.678140e-06
   -4.520440e-06   2.917500e-04   5.121900e-06
   -5.336380e-06   6.187160e-04   4.527560e-06
   -6.152310e-06   8.922740e-04   3.895780e-06
   -6.968220e-06   1.075910e-03   3.227180e-06
   -7.784120e-06   1.133120e-03   2.522330e-06
   -8.600000e-06   1.027390e-03   1.781750e-06
    1.773920e-06  -2.685390e-04   5.697260e-06
    1.683320e-06  -2.374220e-04   6.050590e-06
    1.595960e-06  -2.241660e-04   6.403920e-06
    1.511500e-06  -2.287720e-04   6.757260e-06
    1.429500e-06  -2.512400e-04   7.110610e-06
    1.349370e-06  -2.915690e-04   7.463960e-06
    1.270410e-06  -3.497600e-04   7.817310e-06
    6.661410e-05  -9.746120e-04   7.677830e-06
    5.867060e-05  -1.690640e-03   1.435690e-05
    5.132640e-05  -2.180400e-03   2.003720e-05
    4.458150e-05  -2.476220e-03   2.471880e-05
    3.843570e-05  -2.610420e-03   2.840170e-05
    3.288910e-05  -2.615320e-03   3.108600e-05
    2.794150e-05  -2.523230e-03   3.277190e-05
    2.359290e-05  -2.366490e-03   3.345950e-05
    1.984320e-05  -2.177420e-03   3.314910e-05
    1.669210e-05  -1.988330e-03   3.184090e-05
    1.413950e-05  -1.831540e-03   2.953530e-05
    1.218510e-05  -1.739390e-03   2.623260e-05
    1.082870e-05  -1.744180e-03   2.193330e-05
    1.007000e-05  -1.878240e-03   1.663800e-05
    6.661410e-05   9.746120e-04  -7.677830e-06
    5.867060e-05   1.690640e-03  -1.435690e-05
    5.132640e-05   2.180400e-03  -2.003720e-05
    4.458150e-05   2.476220e-03  -2.471880e-05
    3.843570e-05   2.610420e-03  -2.840170e-05
    3.288910e-05   2.615320e-03  -3.108600e-05
    2.794150e-05   2.523230e-03  -3.277190e-05
    2.359290e-05   2.366490e-03  -3.345950e-05
    1.984320e-05   2.177420e-03  -3.314910e-05
    1.669210e-05   1.988330e-03  -3.184090e-05
    1.413950e-05   1.831540e-03  -2.953530e-05
    1.218510e-05   1.739390e-03  -2.623260e-05
    1.082870e-05   1.744180e-03  -2.193330e-05
    1.007000e-05   1.878240e-03  -1.663800e-05
    7.621510e-07   1.233740e-03   3.645150e-06
    1.524300e-06   2.155870e-03   6.550740e-06
    2.286460e-06   2.802890e-03   8.716740e-06
    3.048620e-06   3.211300e-03   1.014310e-05
    3.810790e-06   3.417620e-03   1.082970e-05
    4.572960e-06   3.458360e-03   1.077640e-05
    5.335150e-06   3.370030e-03   9.982850e-06
    6.097340e-06   3.189120e-03   8.448800e-06
    6.859550e-06   2.952160e-03   6.173800e-06
    7.621770e-06   2.695650e-03   3.157330e-06
    8.384010e-06   2.456090e-03  -6.011970e-07
    9.146270e-06   2.270010e-03  -5.102450e-06
   -9.943200e-05   2.854750e-13   0.000000e+00
   -1.325760e-04  -5.780830e-13   0.000000e+00
   -9.943200e-05   1.510090e-15   0.000000e+00
    4.381540e-05   2.870190e-15  -1.494150e-14
    7.094670e-05   8.962200e-13   1.757130e-15
    8.139380e-05  -1.517830e-13   3.742770e-14
    9.237880e-06  -2.470760e-03   1.050270e-05
    8.567250e-06  -2.561870e-03   1.060080e-05
    7.896630e-06  -2.483740e-03   1.064230e-05
    7.226040e-06  -2.272870e-03   1.062810e-05
    6.555470e-06  -1.965770e-03   1.055940e-05
    5.884920e-06  -1.598950e-03   1.043700e-05
    5.214400e-06  -1.208930e-03   1.026210e-05
    4.543900e-06  -8.321960e-04   1.003580e-05
    3.873420e-06  -5.052730e-04   9.759080e-06
    3.202970e-06  -2.646640e-04   9.433140e-06
    2.532540e-06  -1.468790e-04   9.059040e-06
    1.862140e-06  -1.884250e-04   8.637860e-06
    7.621510e-07  -1.233740e-03  -3.645150e-06
    1.524300e-06  -2.155870e-03  -6.550740e-06
    2.286460e-06  -2.802890e-03  -8.716740e-06
    3.048620e-06  -3.211300e-03  -1.014310e-05
    3.810790e-06  -3.417620e-03  -1.082970e-05
    4.572960e-06  -3.458360e-03  -1.077640e-05
    5.335150e-06  -3.370030e-03  -9.982850e-06
    6.097340e-06  -3.189120e-03  -8.448800e-06
    6.859550e-06  -2.952160e-03  -6.173800e-06
    7.621770e-06  -2.695650e-03  -3.157330e-06
    8.384010e-06  -2.456090e-03   6.011970e-07
    9.146270e-06  -2.270010e-03   5.102450e-06
    9.237880e-06   2.470760e-03  -1.050270e-05
    8.567250e-06   2.561870e-03  -1.060080e-05
    7.896630e-06   2.483740e-03  -1.064230e-05
    7.226040e-06   2.272870e-03  -1.062810e-05
    6.555470e-06   1.965770e-03  -1.055940e-05
    5.884920e-06   1.598950e-03  -1.043700e-05
    5.214400e-06   1.208930e-03  -1.026210e-05
    4.543900e-06   8.321960e-04  -1.003580e-05
    3.873420e-06   5.052730e-04  -9.759080e-06
    3.202970e-06   2.646640e-04  -9.433140e-06
    2.532540e-06   1.468790e-04  -9.059040e-06
    1.862140e-06   1.884250e-04  -8.637860e-06
    9.300260e-06   2.520680e-03  -9.893550e-06
    8.700690e-06   2.660180e-03  -9.454390e-06
    8.110270e-06   2.624720e-03  -9.030420e-06
    7.529420e-06   2.446630e-03  -8.622350e-06
    6.958520e-06   2.158220e-03  -8.230830e-06
    6.397970e-06   1.791820e-03  -7.856520e-06
    5.848120e-06   1.379740e-03  -7.500000e-06
    5.309310e-06   9.543210e-04  -7.161830e-06
    4.781860e-06   5.478670e-04  -6.842540e-06
    4.266010e-06   1.927040e-04  -6.542560e-06
    3.762030e-06  -7.884500e-05  -6.262300e-06
    3.270100e-06  -2.344590e-04  -6.002090e-06
    2.790370e-06  -2.418180e-04  -5.762170e-06
    2.322970e-06  -6.860010e-05  -5.542750e-06
    1.773920e-06   2.685390e-04  -5.697260e-06
    1.683320e-06   2.374220e-04  -6.050590e-06
    1.595950e-06   2.241660e-04  -6.403920e-06
    1.511500e-06   2.287720e-04  -6.757260e-06
    1.429500e-06   2.512400e-04  -7.110610e-06
    1.349370e-06   2.915690e-04  -7.463960e-06
    1.270410e-06   3.497600e-04  -7.817310e-06
    3.756650e-07   7.472070e-04  -7.860260e-06
   -4.404080e-07   8.664530e-04  -7.506580e-06
   -1.256460e-06   8.200590e-04  -7.110620e-06
   -2.072480e-06   6.445330e-04  -6.673310e-06
   -2.888490e-06   3.763850e-04  -6.195530e-06
   -3.704470e-06   5.212080e-05  -5.678140e-06
   -4.520440e-06  -2.917500e-04  -5.121900e-06
   -5.336380e-06  -6.187160e-04  -4.527560e-06
   -6.152310e-06  -8.922740e-04  -3.895780e-06
   -6.968220e-06  -1.075910e-03  -3.227180e-06
   -7.784120e-06  -1.133120e-03  -2.522330e-06
   -8.600000e-06  -1.027390e-03  -1.781750e-06
    1.237670e-05   1.694880e-03  -1.034730e-05
    1.451400e-05   1.279730e-03  -1.034730e-05
    1.632140e-05   9.284560e-04  -1.034740e-05
    1.779940e-05   6.410470e-04  -1.034750e-05
    1.894840e-05   4.175060e-04  -1.034750e-05
    1.976880e-05   2.578350e-04  -1.034750e-05
    2.026100e-05   1.620320e-04  -1.034750e-05
    1.311780e-06   7.632930e-04  -4.727610e-06
    7.280280e-07   9.954240e-04  -4.157320e-06
    1.166430e-07   1.046230e-03  -3.633130e-06
   -5.224310e-07   9.480410e-04  -3.155130e-06
   -1.189270e-06   7.331700e-04  -2.723460e-06
   -1.883990e-06   4.339410e-04  -2.338300e-06
   -2.606710e-06   8.267400e-05  -1.999840e-06
   -3.357560e-06  -2.883070e-04  -1.708310e-06
   -4.136700e-06  -6.466830e-04  -1.463970e-06
   -4.944300e-06  -9.601320e-04  -1.267100e-06
   -5.780550e-06  -1.196330e-03  -1.118000e-06
   -6.645620e-06  -1.322960e-03  -1.017000e-06
   -7.539730e-06  -1.307700e-03  -9.644150e-07
   -8.463080e-06  -1.118230e-03  -9.605910e-07
   -1.068820e-05  -4.990570e-04  -1.541490e-06
   -1.196050e-05  -4.513800e-04  -2.072500e-06
   -1.323290e-05  -5.426810e-04  -2.599230e-06
   -1.450520e-05  -7.364510e-04  -3.121990e-06
   -1.577750e-05  -9.961820e-04  -3.641030e-06
   -1.704980e-05  -1.285360e-03  -4.156540e-06
   -1.832210e-05  -1.567490e-03  -4.668700e-06
   -1.959440e-05  -1.806050e-03  -5.177640e-06
   -2.086660e-05  -1.964540e-03  -5.683460e-06
   -2.213890e-05  -2.006450e-03  -6.186200e-06
   -2.341120e-05  -1.895270e-03  -6.685920e-06
   -2.468350e-05  -1.594490e-03  -7.182620e-06
   -1.130850e-05  -3.729580e-04  -2.663310e-07
   -1.311630e-05  -2.124870e-04   3.316960e-07
   -1.483890e-05  -2.084870e-04   7.879460e-07
   -1.647640e-05  -3.286460e-04   1.102200e-06
   -1.802860e-05  -5.406340e-04   1.274280e-06
   -1.949530e-05  -8.121280e-04   1.304040e-06
   -2.087660e-05  -1.110820e-03   1.191370e-06
   -2.217240e-05  -1.404370e-03   9.361670e-07
   -2.338260e-05  -1.660470e-03   5.383790e-07
   -2.450720e-05  -1.846790e-03  -2.048740e-09
   -2.554630e-05  -1.931020e-03  -6.851500e-07
   -2.649970e-05  -1.880830e-03  -1.510950e-06
   -2.736750e-05  -1.663900e-03  -2.479450e-06
   -2.814960e-05  -1.247910e-03  -3.590680e-06
   -2.865540e-05  -4.516860e-04  -5.198580e-06
   -2.841590e-05  -3.620450e-04  -5.552530e-06
   -2.812770e-05  -3.316130e-04  -5.906480e-06
   -2.779090e-05  -3.603910e-04  -6.260430e-06
   -2.740530e-05  -4.483780e-04  -6.614390e-06
   -2.697090e-05  -5.955750e-04  -6.968340e-06
   -2.648770e-05  -8.019820e-04  -7.322310e-06
   -2.620100e-05  -8.435970e-04  -8.342870e-06
   -2.644620e-05  -8.459000e-04  -8.954950e-06
   -2.669150e-05  -1.038000e-03  -9.512430e-06
   -2.693670e-05  -1.383380e-03  -1.001530e-05
   -2.718190e-05  -1.845540e-03  -1.046330e-05
   -2.742720e-05  -2.387970e-03  -1.085660e-05
   -2.767240e-05  -2.974160e-03  -1.119510e-05
   -2.791770e-05  -3.567600e-03  -1.147850e-05
   -2.816290e-05  -4.131790e-03  -1.170700e-05
   -2.840810e-05  -4.630200e-03  -1.188040e-05
   -2.865340e-05  -5.026350e-03  -1.199880e-05
   -2.889860e-05  -5.283710e-03  -1.206200e-05
   -8.464250e-06  -5.860180e-04  -1.005810e-06
   -7.640240e-06  -4.679750e-04  -1.005750e-06
   -6.943530e-06  -3.680920e-04  -1.005700e-06
   -6.373850e-06  -2.863700e-04  -1.005670e-06
   -5.930980e-06  -2.228090e-04  -1.005630e-06
   -5.614770e-06  -1.774070e-04  -1.005610e-06
   -5.425090e-06  -1.501670e-04  -1.005600e-06
   -2.909480e-05  -1.475500e-04  -5.707600e-06
   -2.931080e-05   5.529010e-05  -6.516190e-06
   -2.949410e-05   4.030380e-05  -7.270370e-06
   -2.964480e-05  -1.602140e-04  -7.970130e-06
   -2.976280e-05  -5.139150e-04  -8.615470e-06
   -2.984810e-05  -9.884770e-04  -9.206340e-06
   -2.990080e-05  -1.551610e-03  -9.742750e-06
   -2.992080e-05  -2.170960e-03  -1.022460e-05
   -2.990800e-05  -2.814200e-03  -1.065200e-05
   -2.986260e-05  -3.449050e-03  -1.102490e-05
   -2.978440e-05  -4.043160e-03  -1.134310e-05
   -2.967340e-05  -4.564200e-03  -1.160680e-05
   -2.952970e-05  -4.979880e-03  -1.181580e-05
   -2.935320e-05  -5.257850e-03  -1.197030e-05
    2.595580e-05   1.067600e-03  -7.676270e-06
    2.914390e-05   5.365790e-03  -1.207000e-05
    2.884620e-05   6.005370e-04  -4.844630e-06
    9.415870e-06   7.222210e-04  -1.005870e-06
    5.361870e-06   1.410870e-04  -1.005600e-06
   -1.867950e-06  -3.175180e-04  -5.343940e-06
   -9.908540e-06  -2.173900e-03  -1.034720e-05
   -2.042500e-05  -1.300970e-04  -1.034750e-05
   -1.191760e-06  -4.258120e-04  -8.170680e-06
   -7.515690e-05   3.289220e-14   2.142750e-14
   -9.908540e-06   2.173900e-03   1.034720e-05
   -1.191760e-06   4.258120e-04   8.170680e-06
   -1.867950e-06   3.175180e-04   5.343940e-06
    9.415870e-06  -7.222210e-04   1.005870e-06
   -2.042500e-05   1.300970e-04   1.034750e-05
    2.595580e-05  -1.067600e-03   7.676270e-06
    2.884620e-05  -6.005370e-04   4.844630e-06
    2.914390e-05  -5.365790e-03   1.207000e-05
    5.361870e-06  -1.410870e-04   1.005600e-06
    2.620100e-05   8.435970e-04  -8.342870e-06
    2.644620e-05   8.459000e-04  -8.954950e-06
    2.669150e-05   1.038000e-03  -9.512430e-06
    2.693670e-05   1.383380e-03  -1.001530e-05
    2.718190e-05   1.845540e-03  -1.046330e-05
    2.742720e-05   2.387970e-03  -1.085660e-05
    2.767240e-05   2.974160e-03  -1.119510e-05
    2.791770e-05   3.567600e-03  -1.147850e-05
    2.816290e-05   4.131790e-03  -1.170700e-05
    2.840810e-05   4.630200e-03  -1.188040e-05
    2.865340e-05   5.026350e-03  -1.199880e-05
    2.889860e-05   5.283710e-03  -1.206200e-05
    2.909480e-05   1.475500e-04  -5.707600e-06
    2.931080e-05  -5.529010e-05  -6.516190e-06
    2.949410e-05  -4.030380e-05  -7.270370e-06
    2.964480e-05   1.602140e-04  -7.970130e-06
    2.976280e-05   5.139150e-04  -8.615470e-06
    2.984810e-05   9.884770e-04  -9.206340e-06
    2.990080e-05   1.551610e-03  -9.742750e-06
    2.992080e-05   2.170960e-03  -1.022460e-05
    2.990800e-05   2.814200e-03  -1.065200e-05
    2.986260e-05   3.449050e-03  -1.102480e-05
    2.978440e-05   4.043160e-03  -1.134310e-05
    2.967340e-05   4.564200e-03  -1.160680e-05
    2.952970e-05   4.979880e-03  -1.181580e-05
    2.935320e-05   5.257850e-03  -1.197020e-05
    1.130850e-05   3.729580e-04  -2.663310e-07
    1.311630e-05   2.124870e-04   3.316960e-07
    1.483890e-05   2.084870e-04   7.879440e-07
    1.647640e-05   3.286460e-04   1.102200e-06
    1.802860e-05   5.406340e-04   1.274280e-06
    1.949530e-05   8.121280e-04   1.304040e-06
    2.087660e-05   1.110820e-03   1.191370e-06
    2.217240e-05   1.404370e-03   9.361660e-07
    2.338260e-05   1.660470e-03   5.383790e-07
    2.450720e-05   1.846790e-03  -2.047570e-09
    2.554630e-05   1.931020e-03  -6.851500e-07
    2.649970e-05   1.880830e-03  -1.510950e-06
    2.736750e-05   1.663900e-03  -2.479450e-06
    2.814960e-05   1.247910e-03  -3.590680e-06
    8.464250e-06   5.860180e-04  -1.005800e-06
    7.640240e-06   4.679750e-04  -1.005750e-06
    6.943530e-06   3.680920e-04  -1.005700e-06
    6.373850e-06   2.863700e-04  -1.005660e-06
    5.930990e-06   2.228090e-04  -1.005630e-06
    5.614770e-06   1.774070e-04  -1.005610e-06
    5.425090e-06   1.501670e-04  -1.005600e-06
    2.865540e-05   4.516860e-04  -5.198570e-06
    2.841590e-05   3.620450e-04  -5.552530e-06
    2.812770e-05   3.316130e-04  -5.906480e-06
    2.779090e-05   3.603910e-04  -6.260430e-06
    2.740530e-05   4.483780e-04  -6.614390e-06
    2.697090e-05   5.955750e-04  -6.968350e-06
    2.648770e-05   8.019820e-04  -7.322310e-06
   -1.311780e-06  -7.632930e-04  -4.727610e-06
   -7.280290e-07  -9.954240e-04  -4.157320e-06
   -1.166430e-07  -1.046230e-03  -3.633130e-06
    5.224320e-07  -9.480410e-04  -3.155130e-06
    1.189280e-06  -7.331700e-04  -2.723470e-06
    1.883990e-06  -4.339410e-04  -2.338300e-06
    2.606710e-06  -8.267400e-05  -1.999840e-06
    3.357560e-06   2.883070e-04  -1.708310e-06
    4.136700e-06   6.466830e-04  -1.463970e-06
    4.944300e-06   9.601320e-04  -1.267100e-06
    5.780550e-06   1.196330e-03  -1.118000e-06
    6.645620e-06   1.322960e-03  -1.017000e-06
    7.539730e-06   1.307700e-03  -9.644160e-07
    8.463080e-06   1.118230e-03  -9.605920e-07
   -9.300260e-06  -2.520680e-03  -9.893550e-06
   -8.700690e-06  -2.660180e-03  -9.454390e-06
   -8.110270e-06  -2.624720e-03  -9.030420e-06
   -7.529410e-06  -2.446630e-03  -8.622350e-06
   -6.958520e-06  -2.158220e-03  -8.230830e-06
   -6.397970e-06  -1.791820e-03  -7.856510e-06
   -5.848120e-06  -1.379740e-03  -7.499990e-06
   -5.309310e-06  -9.543210e-04  -7.161830e-06
   -4.781860e-06  -5.478670e-04  -6.842540e-06
   -4.266010e-06  -1.927040e-04  -6.542560e-06
   -3.762030e-06   7.884500e-05  -6.262300e-06
   -3.270090e-06   2.344590e-04  -6.002080e-06
   -2.790370e-06   2.418180e-04  -5.762170e-06
   -2.322960e-06   6.860010e-05  -5.542750e-06
   -1.237670e-05  -1.694880e-03  -1.034730e-05
   -1.451400e-05  -1.279730e-03  -1.034740e-05
   -1.632140e-05  -9.284560e-04  -1.034740e-05
   -1.779940e-05  -6.410470e-04  -1.034750e-05
   -1.894840e-05  -4.175060e-04  -1.034750e-05
   -1.976880e-05  -2.578350e-04  -1.034750e-05
   -2.026100e-05  -1.620320e-04  -1.034750e-05
    1.068820e-05   4.990570e-04  -1.541490e-06
    1.196050e-05   4.513800e-04  -2.072490e-06
    1.323290e-05   5.426810e-04  -2.599230e-06
    1.450520e-05   7.364510e-04  -3.121990e-06
    1.577750e-05   9.961820e-04  -3.641030e-06
    1.704980e-05   1.285360e-03  -4.156540e-06
    1.832210e-05   1.567490e-03  -4.668700e-06
    1.959440e-05   1.806050e-03  -5.177640e-06
    2.086670e-05   1.964540e-03  -5.683460e-06
    2.213890e-05   2.006450e-03  -6.186200e-06
    2.341120e-05   1.895270e-03  -6.685920e-06
    2.468350e-05   1.594490e-03  -7.182620e-06
   -3.756650e-07  -7.472070e-04  -7.860260e-06
    4.404100e-07  -8.664530e-04  -7.506580e-06
    1.256460e-06  -8.200590e-04  -7.110620e-06
    2.072490e-06  -6.445330e-04  -6.673310e-06
    2.888490e-06  -3.763850e-04  -6.195530e-06
    3.704470e-06  -5.212080e-05  -5.678140e-06
    4.520440e-06   2.917500e-04  -5.121900e-06
    5.336380e-06   6.187160e-04  -4.527560e-06
    6.152310e-06   8.922740e-04  -3.895780e-06
    6.968220e-06   1.075910e-03  -3.227180e-06
    7.784120e-06   1.133120e-03  -2.522340e-06
    8.600000e-06   1.027390e-03  -1.781750e-06
   -1.773920e-06  -2.685390e-04  -5.697260e-06
   -1.683320e-06  -2.374220e-04  -6.050590e-06
   -1.595960e-06  -2.241660e-04  -6.403920e-06
   -1.511500e-06  -2.287720e-04  -6.757260e-06
   -1.429500e-06  -2.512400e-04  -7.110610e-06
   -1.349370e-06  -2.915690e-04  -7.463960e-06
   -1.270410e-06  -3.497600e-04  -7.817310e-06
   -6.661410e-05  -9.746120e-04  -7.677830e-06
   -5.867060e-05  -1.690640e-03  -1.435690e-05
   -5.132640e-05  -2.180400e-03  -2.003720e-05
   -4.458150e-05  -2.476220e-03  -2.471880e-05
   -3.843570e-05  -2.610420e-03  -2.840170e-05
   -3.288900e-05  -2.615320e-03  -3.108600e-05
   -2.794150e-05  -2.523230e-03  -3.277190e-05
   -2.359290e-05  -2.366490e-03  -3.345950e-05
   -1.984320e-05  -2.177420e-03  -3.314910e-05
   -1.669210e-05  -1.988330e-03  -3.184090e-05
   -1.413950e-05  -1.831540e-03  -2.953530e-05
   -1.218510e-05  -1.739390e-03  -2.623260e-05
   -1.082870e-05  -1.744180e-03  -2.193330e-05
   -1.007000e-05  -1.878240e-03  -1.663800e-05
   -6.661410e-05   9.746120e-04   7.677830e-06
   -5.867060e-05   1.690640e-03   1.435690e-05
   -5.132640e-05   2.180400e-03   2.003720e-05
   -4.458150e-05   2.476220e-03   2.471880e-05
   -3.843570e-05   2.610420e-03   2.840170e-05
   -3.288900e-05   2.615320e-03   3.108600e-05
   -2.794150e-05   2.523230e-03   3.277190e-05
   -2.359290e-05   2.366490e-03   3.345950e-05
   -1.984320e-05   2.177420e-03   3.314910e-05
   -1.669210e-05   1.988330e-03   3.184090e-05
   -1.413950e-05   1.831540e-03   2.953530e-05
   -1.218510e-05   1.739390e-03   2.623260e-05
   -1.082870e-05   1.744180e-03   2.193330e-05
   -1.007000e-05   1.878240e-03   1.663800e-05
   -7.621510e-07   1.233740e-03  -3.645150e-06
   -1.524300e-06   2.155870e-03  -6.550740e-06
   -2.286460e-06   2.802890e-03  -8.716740e-06
   -3.048620e-06   3.211300e-03  -1.014310e-05
   -3.810790e-06   3.417620e-03  -1.082970e-05
   -4.572960e-06   3.458360e-03  -1.077640e-05
   -5.335150e-06   3.370030e-03  -9.982850e-06
   -6.097340e-06   3.189120e-03  -8.448800e-06
   -6.859550e-06   2.952160e-03  -6.173800e-06
   -7.621770e-06   2.695650e-03  -3.157330e-06
   -8.384010e-06   2.456090e-03   6.011970e-07
   -9.146270e-06   2.270010e-03   5.102450e-06
    9.943200e-05   4.224200e-13   0.000000e+00
    1.325760e-04  -5.883550e-13   0.000000e+00
    9.943200e-05  -1.427310e-12   0.000000e+00
   -4.381540e-05   1.430130e-12   9.254790e-14
   -7.094670e-05   4.341330e-13   1.149150e-13
   -8.139380e-05  -1.744920e-13   6.738470e-14
   -9.237880e-06  -2.470760e-03  -1.050270e-05
   -8.567250e-06  -2.561870e-03  -1.060080e-05
   -7.896630e-06  -2.483740e-03  -1.064230e-05
   -7.226040e-06  -2.272870e-03  -1.062810e-05
   -6.555470e-06  -1.965770e-03  -1.055940e-05
   -5.884920e-06  -1.598950e-03  -1.043700e-05
   -5.214390e-06  -1.208930e-03  -1.026210e-05
   -4.543890e-06  -8.321960e-04  -1.003580e-05
   -3.873420e-06  -5.052730e-04  -9.759080e-06
   -3.202970e-06  -2.646640e-04  -9.433140e-06
   -2.532540e-06  -1.468790e-04  -9.059040e-06
   -1.862140e-06  -1.884250e-04  -8.637860e-06
   -7.621510e-07  -1.233740e-03   3.645150e-06
   -1.524300e-06  -2.155870e-03   6.550740e-06
   -2.286460e-06  -2.802890e-03   8.716740e-06
   -3.048620e-06  -3.211300e-03   1.014310e-05
   -3.810790e-06  -3.417620e-03   1.082970e-05
   -4.572960e-06  -3.458360e-03   1.077640e-05
   -5.335150e-06  -3.370030e-03   9.982850e-06
   -6.097340e-06  -3.189120e-03   8.448800e-06
   -6.859550e-06  -2.952160e-03   6.173800e-06
   -7.621770e-06  -2.695650e-03   3.157330e-06
   -8.384010e-06  -2.456090e-03  -6.011970e-07
   -9.146270e-06  -2.270010e-03  -5.102450e-06
   -9.237880e-06   2.470760e-03   1.050270e-05
   -8.567250e-06   2.561870e-03   1.060080e-05
   -7.896630e-06   2.483740e-03   1.064230e-05
   -7.226040e-06   2.272870e-03   1.062810e-05
   -6.555470e-06   1.965770e-03   1.055940e-05
   -5.884920e-06   1.598950e-03   1.043700e-05
   -5.214390e-06   1.208930e-03   1.026210e-05
   -4.543890e-06   8.321960e-04   1.003580e-05
   -3.873420e-06   5.052730e-04   9.759080e-06
   -3.202970e-06   2.646640e-04   9.433140e-06
   -2.532540e-06   1.468790e-04   9.059040e-06
   -1.862140e-06   1.884250e-04   8.637860e-06
   -9.300260e-06   2.520680e-03   9.893550e-06
   -8.700690e-06   2.660180e-03   9.454390e-06
   -8.110270e-06   2.624720e-03   9.030420e-06
   -7.529410e-06   2.446630e-03   8.622350e-06
   -6.958520e-06   2.158220e-03   8.230830e-06
   -6.397970e-06   1.791820e-03   7.856520e-06
   -5.848120e-06   1.379740e-03   7.499990e-06
   -5.309310e-06   9.543210e-04   7.161830e-06
   -4.781860e-06   5.478670e-04   6.842540e-06
   -4.266020e-06   1.927040e-04   6.542560e-06
   -3.762030e-06  -7.884500e-05   6.262300e-06
   -3.270090e-06  -2.344590e-04   6.002080e-06
   -2.790370e-06  -2.418180e-04   5.762170e-06
   -2.322960e-06  -6.860010e-05   5.542750e-06
   -1.773920e-06   2.685390e-04   5.697260e-06
   -1.683320e-06   2.374220e-04   6.050590e-06
   -1.595960e-06   2.241660e-04   6.403920e-06
   -1.511500e-06   2.287720e-04   6.757260e-06
   -1.429500e-06   2.512400e-04   7.110610e-06
   -1.349370e-06   2.915690e-04   7.463960e-06
   -1.270410e-06   3.497600e-04   7.817310e-06
   -3.756650e-07   7.472070e-04   7.860260e-06
    4.404090e-07   8.664530e-04   7.506580e-06
    1.256460e-06   8.200590e-04   7.110620e-06
    2.072490e-06   6.445330e-04   6.673310e-06
    2.888490e-06   3.763850e-04   6.195530e-06
    3.704470e-06   5.212080e-05   5.678140e-06
    4.520440e-06  -2.917500e-04   5.121900e-06
    5.336380e-06  -6.187160e-04   4.527560e-06
    6.152310e-06  -8.922740e-04   3.895780e-06
    6.968220e-06  -1.075910e-03   3.227180e-06
    7.784120e-06  -1.133120e-03   2.522340e-06
    8.600000e-06  -1.027390e-03   1.781750e-06
   -1.237670e-05   1.694880e-03   1.034730e-05
   -1.451400e-05   1.279730e-03   1.034740e-05
   -1.632140e-05   9.284560e-04   1.034740e-05
   -1.779940e-05   6.410470e-04   1.034750e-05
   -1.894840e-05   4.175060e-04   1.034750e-05
   -1.976880e-05   2.578350e-04   1.034750e-05
   -2.026100e-05   1.620320e-04   1.034750e-05
   -1.311780e-06   7.632930e-04   4.727610e-06
   -7.280290e-07   9.954240e-04   4.157320e-06
   -1.166430e-07   1.046230e-03   3.633130e-06
    5.224320e-07   9.480410e-04   3.155130e-06
    1.189280e-06   7.331700e-04   2.723470e-06
    1.883990e-06   4.339410e-04   2.338300e-06
    2.606710e-06   8.267400e-05   1.999840e-06
    3.357560e-06  -2.883070e-04   1.708310e-06
    4.136700e-06  -6.466830e-04   1.463970e-06
    4.944300e-06  -9.601320e-04   1.267100e-06
    5.780550e-06  -1.196330e-03   1.118000e-06
    6.645620e-06  -1.322960e-03   1.017000e-06
    7.539730e-06  -1.307700e-03   9.644150e-07
    8.463080e-06  -1.118230e-03   9.605920e-07
    1.068820e-05  -4.990570e-04   1.541490e-06
    1.196050e-05  -4.513800e-04   2.072490e-06
    1.323290e-05  -5.426810e-04   2.599230e-06
    1.450520e-05  -7.364510e-04   3.121990e-06
    1.577750e-05  -9.961820e-04   3.641030e-06
    1.704980e-05  -1.285360e-03   4.156540e-06
    1.832210e-05  -1.567490e-03   4.668700e-06
    1.959440e-05  -1.806050e-03   5.177640e-06
    2.086670e-05  -1.964540e-03   5.683460e-06
    2.213890e-05  -2.006450e-03   6.186200e-06
    2.341120e-05  -1.895270e-03   6.685920e-06
    2.468350e-05  -1.594490e-03   7.182620e-06
    1.130850e-05  -3.729580e-04   2.663310e-07
    1.311630e-05  -2.124870e-04  -3.316950e-07
    1.483890e-05  -2.084870e-04  -7.879440e-07
    1.647640e-05  -3.286460e-04  -1.102200e-06
    1.802860e-05  -5.406340e-04  -1.274280e-06
    1.949530e-05  -8.121280e-04  -1.304040e-06
    2.087660e-05  -1.110820e-03  -1.191370e-06
    2.217240e-05  -1.404370e-03  -9.361670e-07
    2.338260e-05  -1.660470e-03  -5.383790e-07
    2.450720e-05  -1.846790e-03   2.047440e-09
    2.554630e-05  -1.931020e-03   6.851500e-07
    2.649970e-05  -1.880830e-03   1.510950e-06
    2.736750e-05  -1.663900e-03   2.479450e-06
    2.814960e-05  -1.247910e-03   3.590680e-06
    2.865540e-05  -4.516860e-04   5.198580e-06
    2.841590e-05  -3.620450e-04   5.552530e-06
    2.812770e-05  -3.316130e-04   5.906480e-06
    2.779090e-05  -3.603910e-04   6.260430e-06
    2.740530e-05  -4.483780e-04   6.614390e-06
    2.697090e-05  -5.955750e-04   6.968350e-06
    2.648770e-05  -8.019820e-04   7.322310e-06
    2.620100e-05  -8.435970e-04   8.342870e-06
    2.644620e-05  -8.459000e-04   8.954950e-06
    2.669150e-05  -1.038000e-03   9.512430e-06
    2.693670e-05  -1.383380e-03   1.001530e-05
    2.718190e-05  -1.845540e-03   1.046330e-05
    2.742720e-05  -2.387970e-03   1.085660e-05
    2.767240e-05  -2.974160e-03   1.119510e-05
    2.791770e-05  -3.567600e-03   1.147850e-05
    2.816290e-05  -4.131790e-03   1.170700e-05
    2.840810e-05  -4.630200e-03   1.188040e-05
    2.865340e-05  -5.026350e-03   1.199880e-05
    2.889860e-05  -5.283710e-03   1.206200e-05
    8.464250e-06  -5.860180e-04   1.005800e-06
    7.640240e-06  -4.679750e-04   1.005750e-06
    6.943530e-06  -3.680920e-04   1.005700e-06
    6.373850e-06  -2.863700e-04   1.005660e-06
    5.930980e-06  -2.228090e-04   1.005630e-06
    5.614770e-06  -1.774070e-04   1.005620e-06
    5.425090e-06  -1.501670e-04   1.005600e-06
    2.909480e-05  -1.475500e-04   5.707600e-06
    2.931080e-05   5.529010e-05   6.516190e-06
    2.949410e-05   4.030380e-05   7.270370e-06
    2.964480e-05  -1.602140e-04   7.970130e-06
    2.976280e-05  -5.139150e-04   8.615470e-06
    2.984810e-05  -9.884770e-04   9.206340e-06
    2.990080e-05  -1.551610e-03   9.742750e-06
    2.992080e-05  -2.170960e-03   1.022460e-05
    2.990800e-05  -2.814200e-03   1.065200e-05
    2.986260e-05  -3.449050e-03   1.102490e-05
    2.978440e-05  -4.043160e-03   1.134310e-05
    2.967340e-05  -4.564200e-03   1.160680e-05
    2.952970e-05  -4.979880e-03   1.181580e-05
    2.935320e-05  -5.257850e-03   1.197020e-05
SCALARS DisplacementMagnitude float 1
LOOKUP_TABLE default
    1.442087e-01
    1.442087e-01
    2.118531e-01
    2.118531e-01
    2.129119e-01
    2.129119e-01
    1.500556e-01
    1.500556e-01
    2.483900e-02
    2.483900e-02
    1.500556e-01
    1.500556e-01
    2.129119e-01
    2.129119e-01
    2.118531e-01
    2.118531e-01
    1.442087e-01
    1.442087e-01
    8.592600e-04
    8.592600e-04
    8.592600e-04
    8.592600e-04
    2.119399e-01
    2.213238e-01
    2.119399e-01
    1.639476e-01
    2.114418e-01
    2.831855e-01
    3.249623e-01
    3.626702e-01
    3.525912e-01
    3.365532e-01
    2.805322e-01
    2.433316e-01
    2.729638e-01
    2.749282e-01
    2.729638e-01
    2.433316e-01
    2.805322e-01
    3.365532e-01
    3.525912e-01
    3.626702e-01
    3.249623e-01
    2.831855e-01
    2.114418e-01
    1.639476e-01
    2.716374e-01
    3.348864e-01
    4.164576e-01
    4.511853e-01
    4.790184e-01
    4.475214e-01
    4.107699e-01
    3.276955e-01
    2.678300e-01
    2.788798e-01
    2.800172e-01
    2.788798e-01
    2.678300e-01
    3.276955e-01
    4.107699e-01
    4.475214e-01
    4.790184e-01
    4.511853e-01
    4.164576e-01
    3.348864e-01
    2.716374e-01
    2.584033e-01
    3.086564e-01
    3.833449e-01
    4.111245e-01
    4.361277e-01
    4.007711e-01
    3.623036e-01
    2.754223e-01
    2.120140e-01
    2.148269e-01
    2.148838e-01
    2.148269e-01
    2.120140e-01
    2.754223e-01
    3.623036e-01
    4.007711e-01
    4.361277e-01
    4.111245e-01
    3.833449e-01
    3.086564e-01
    2.584033e-01
    1.864443e-01
    2.245579e-01
    2.872587e-01
    3.023602e-01
    3.165861e-01
    2.717876e-01
    2.275911e-01
    1.383089e-01
    7.799945e-02
    9.366233e-02
    9.464620e-02
    9.366233e-02
    7.799945e-02
    1.383089e-01
    2.275911e-01
    2.717876e-01
    3.165861e-01
    3.023602e-01
    2.872587e-01
    2.245579e-01
    1.864443e-01
    7.799945e-02
    1.383089e-01
    2.275911e-01
    2.717876e-01
    3.165861e-01
    3.023602e-01
    2.872587e-01
    2.245579e-01
    1.864443e-01
    2.148269e-01
    2.148838e-01
    2.148269e-01
    1.864443e-01
    2.245579e-01
    2.872587e-01
    3.023602e-01
    3.165861e-01
    2.717876e-01
    2.275911e-01
    1.383089e-01
    7.799945e-02
    2.120140e-01
    2.754223e-01
    3.623036e-01
    4.007711e-01
    4.361277e-01
    4.111245e-01
    3.833449e-01
    3.086564e-01
    2.584033e-01
    2.788798e-01
    2.800172e-01
    2.788798e-01
    2.584033e-01
    3.086564e-01
    3.833449e-01
    4.111245e-01
    4.361277e-01
    4.007711e-01
    3.623036e-01
    2.754223e-01
    2.120140e-01
    2.678300e-01
    3.276955e-01
    4.107699e-01
    4.475214e-01
    4.790184e-01
    4.511853e-01
    4.164576e-01
    3.348864e-01
    2.716374e-01
    2.729638e-01
    2.749282e-01
    2.729638e-01
    2.716374e-01
    3.348864e-01
    4.164576e-01
    4.511853e-01
    4.790184e-01
    4.475214e-01
    4.107699e-01
    3.276955e-01
    2.678300e-01
    2.433316e-01
    2.805322e-01
    3.365532e-01
    3.525912e-01
    3.626702e-01
    3.249623e-01
    2.831855e-01
    2.114418e-01
    1.639476e-01
    2.119399e-01
    2.213238e-01
    2.119399e-01
    1.639476e-01
    2.114418e-01
    2.831855e-01
    3.249623e-01
    3.626702e-01
    3.525912e-01
    3.365532e-01
    2.805322e-01
    2.433316e-01
    2.270486e-01
    3.354969e-01
    4.518643e-01
    5.315144e-01
    5.742627e-01
    5.585363e-01
    4.874707e-01
    3.631070e-01
    1.927290e-01
    1.558063e-03
    7.065475e-04
    1.558063e-03
    1.927290e-01
    3.631070e-01
    4.874707e-01
    5.585363e-01
    5.742627e-01
    5.315144e-01
    4.518643e-01
    3.354969e-01
    2.270486e-01
    2.270486e-01
    3.354969e-01
    4.518643e-01
    5.315144e-01
    5.742627e-01
    5.585363e-01
    4.874707e-01
    3.631070e-01
    1.927290e-01
    1.558063e-03
    7.065475e-04
    1.558063e-03
    1.927290e-01
    3.631070e-01
    4.874707e-01
    5.585363e-01
    5.742627e-01
    5.315144e-01
    4.518643e-01
    3.354969e-01
    2.270486e-01
    1.961526e-01
    2.214367e-01
    1.961526e-01
    2.398555e-01
    2.387370e-01
    2.398555e-01
    2.800629e-01
    2.924262e-01
    2.800629e-01
    3.330310e-01
    3.239454e-01
    3.330310e-01
    3.484616e-01
    3.576146e-01
    3.484616e-01
    3.596390e-01
    3.491507e-01
    3.596390e-01
    3.281374e-01
    3.407638e-01
    3.281374e-01
    3.053461e-01
    2.997501e-01
    3.053461e-01
    2.634243e-01
    2.886671e-01
    2.634243e-01
    2.906573e-01
    3.162137e-01
    2.906573e-01
    3.595646e-01
    3.525729e-01
    3.595646e-01
    4.047824e-01
    4.183553e-01
    4.047824e-01
    4.579616e-01
    4.446351e-01
    4.579616e-01
    4.592512e-01
    4.700162e-01
    4.592512e-01
    4.551386e-01
    4.416428e-01
    4.551386e-01
    3.994408e-01
    4.140634e-01
    3.994408e-01
    3.550732e-01
    3.476313e-01
    3.550732e-01
    2.879522e-01
    3.158183e-01
    2.879522e-01
    2.784219e-01
    3.065206e-01
    2.784219e-01
    3.366271e-01
    3.288479e-01
    3.366271e-01
    3.716964e-01
    3.870216e-01
    3.716964e-01
    4.199451e-01
    4.057616e-01
    4.199451e-01
    4.158144e-01
    4.277790e-01
    4.158144e-01
    4.094118e-01
    3.950253e-01
    4.094118e-01
    3.498561e-01
    3.651855e-01
    3.498561e-01
    3.027650e-01
    2.943333e-01
    3.027650e-01
    2.301805e-01
    2.581908e-01
    2.301805e-01
    2.047280e-01
    2.328716e-01
    2.047280e-01
    2.524180e-01
    2.439682e-01
    2.524180e-01
    2.751589e-01
    2.908906e-01
    2.751589e-01
    3.120391e-01
    2.976153e-01
    3.120391e-01
    2.968462e-01
    3.094921e-01
    2.968462e-01
    2.821905e-01
    2.679405e-01
    2.821905e-01
    2.167500e-01
    2.330579e-01
    2.167500e-01
    1.684655e-01
    1.605924e-01
    1.684655e-01
    9.913391e-02
    1.285771e-01
    9.913391e-02
    9.913391e-02
    1.285771e-01
    9.913391e-02
    1.684655e-01
    1.605924e-01
    1.684655e-01
    2.167500e-01
    2.330579e-01
    2.167500e-01
    2.821905e-01
    2.679405e-01
    2.821905e-01
    2.968462e-01
    3.094921e-01
    2.968462e-01
    3.120391e-01
    2.976153e-01
    3.120391e-01
    2.751589e-01
    2.908906e-01
    2.751589e-01
    2.524180e-01
    2.439682e-01
    2.524180e-01
    2.047280e-01
    2.328716e-01
    2.047280e-01
    2.301805e-01
    2.581908e-01
    2.301805e-01
    3.027650e-01
    2.943333e-01
    3.027650e-01
    3.498561e-01
    3.651855e-01
    3.498561e-01
    4.094118e-01
    3.950253e-01
    4.094118e-01
    4.158144e-01
    4.277790e-01
    4.158144e-01
    4.199451e-01
    4.057616e-01
    4.199451e-01
    3.716964e-01
    3.870216e-01
    3.716964e-01
    3.366271e-01
    3.288479e-01
    3.366271e-01
    2.784219e-01
    3.065206e-01
    2.784219e-01
    2.879522e-01
    3.158183e-01
    2.879522e-01
    3.550732e-01
    3.476313e-01
    3.550732e-01
    3.994408e-01
    4.140634e-01
    3.994408e-01
    4.551386e-01
    4.416428e-01
    4.551386e-01
    4.592512e-01
    4.700162e-01
    4.592512e-01
    4.579616e-01
    4.446351e-01
    4.579616e-01
    4.047824e-01
    4.183553e-01
    4.047824e-01
    3.595646e-01
    3.525729e-01
    3.595646e-01
    2.906573e-01
    3.162137e-01
    2.906573e-01
    2.634243e-01
    2.886671e-01
    2.634243e-01
    3.053461e-01
    2.997501e-01
    3.053461e-01
    3.281374e-01
    3.407638e-01
    3.281374e-01
    3.596390e-01
    3.491507e-01
    3.596390e-01
    3.484616e-01
    3.576146e-01
    3.484616e-01
    3.330310e-01
    3.239454e-01
    3.330310e-01
    2.800629e-01
    2.924262e-01
    2.800629e-01
    2.398555e-01
    2.387370e-01
    2.398555e-01
    1.961526e-01
    2.214367e-01
    1.961526e-01
    2.583657e-01
    2.814059e-01
    2.583657e-01
    3.561756e-01
    3.563855e-01
    3.561756e-01
    4.458982e-01
    4.513673e-01
    4.458982e-01
    5.237004e-01
    5.172570e-01
    5.237004e-01
    5.548817e-01
    5.520908e-01
    5.548817e-01
    5.401298e-01
    5.332819e-01
    5.401298e-01
    4.692469e-01
    4.634879e-01
    4.692469e-01
    3.471997e-01
    3.441196e-01
    3.471997e-01
    1.868562e-01
    1.828276e-01
    1.868562e-01
    2.583657e-01
    2.814059e-01
    2.583657e-01
    3.561756e-01
    3.563855e-01
    3.561756e-01
    4.458982e-01
    4.513673e-01
    4.458982e-01
    5.237004e-01
    5.172570e-01
    5.237004e-01
    5.548817e-01
    5.520908e-01
    5.548817e-01
    5.401298e-01
    5.332819e-01
    5.401298e-01
    4.692469e-01
    4.634879e-01
    4.692469e-01
    3.471997e-01
    3.441196e-01
    3.471997e-01
    1.868562e-01
    1.828276e-01
    1.868562e-01
    0.000000e+00
    0.000000e+00
    0.000000e+00
    0.000000e+00
    2.222579e-01
    2.135356e-01
    2.260234e-01
    2.632154e-01
    0.000000e+00
    0.000000e+00
    2.260234e-01
    2.135356e-01
    0.000000e+00
    0.000000e+00
    0.000000e+00
    0.000000e+00
    0.000000e+00
    0.000000e+00
    2.174753e-01
    2.257049e-01
    2.171221e-01
    2.236672e-01
    2.195953e-01
    2.262340e-01
    2.977881e-03
    3.295601e-03
    6.074305e-03
    4.143229e-03
    9.187226e-03
    1.017337e-02
    1.022010e-02
    1.407053e-02
    1.618437e-02
    1.567950e-02
    2.027496e-02
    2.249385e-02
    2.519615e-02
    2.752209e-02
    3.061086e-02
    3.359046e-02
    3.705019e-02
    4.078526e-02
    4.477063e-02
    4.924465e-02
    5.389954e-02
    5.910475e-02
    6.452200e-02
    7.047078e-02
    7.671378e-02
    8.342171e-02
    9.055168e-02
    9.801628e-02
    1.061245e-01
    1.142905e-01
    1.235418e-01
    1.322766e-01
    1.428809e-01
    1.521477e-01
    1.639358e-01
    1.745897e-01
    1.857903e-01
    2.010026e-01
    2.074120e-01
    1.957976e-01
    2.106065e-01
    1.801371e-01
    1.787664e-01
    1.620529e-01
    1.537582e-01
    1.427026e-01
    1.329415e-01
    1.239127e-01
    1.147256e-01
    1.066282e-01
    9.842452e-02
    9.110735e-02
    8.382132e-02
    7.732586e-02
    7.085097e-02
    6.519429e-02
    5.946233e-02
    5.462489e-02
    4.958266e-02
    4.552996e-02
    4.112060e-02
    3.778643e-02
    3.400247e-02
    3.116167e-02
    2.825378e-02
    2.523522e-02
    2.400404e-02
    1.970835e-02
    1.539434e-02
    1.520186e-02
    1.635557e-02
    1.102211e-02
    8.363361e-03
    1.199054e-02
    4.301088e-03
    3.832680e-03
    1.725572e-03
    2.085983e-01
    1.925737e-01
    1.806486e-01
    1.695803e-01
    1.567518e-01
    1.474710e-01
    1.356559e-01
    1.269280e-01
    1.166268e-01
    1.082932e-01
    9.937374e-02
    9.158915e-02
    8.382510e-02
    7.672940e-02
    6.996079e-02
    6.362653e-02
    5.776157e-02
    5.220970e-02
    4.720259e-02
    4.242029e-02
    3.825039e-02
    3.420810e-02
    3.084288e-02
    2.753705e-02
    2.483619e-02
    2.239562e-02
    1.993352e-02
    1.875260e-02
    1.581127e-02
    1.275067e-02
    1.328652e-02
    1.241757e-02
    8.935301e-03
    9.542550e-03
    8.351042e-03
    4.654314e-03
    5.494146e-03
    3.902311e-03
    2.914857e-03
    1.963752e-03
    3.711940e-03
    4.896327e-03
    1.030248e-02
    8.296115e-03
    1.015913e-02
    1.419710e-02
    1.325906e-02
    1.344369e-02
    1.997817e-02
    1.623033e-02
    1.927938e-02
    2.043140e-02
    2.291195e-02
    2.540373e-02
    2.804326e-02
    3.143599e-02
    3.471499e-02
    3.883492e-02
    4.292321e-02
    4.776571e-02
    5.269775e-02
    5.830660e-02
    6.408273e-02
    7.050531e-02
    7.712519e-02
    8.440736e-02
    9.186844e-02
    1.000765e-01
    1.083322e-01
    1.176400e-01
    1.264464e-01
    1.373832e-01
    1.459312e-01
    1.598561e-01
    1.662443e-01
    1.857623e-01
    1.874966e-01
    2.146682e-01
    0.000000e+00
    0.000000e+00
    0.000000e+00
    0.000000e+00
    0.000000e+00
    2.262340e-01
    2.195953e-01
    2.236672e-01
    2.171221e-01
    2.257049e-01
    2.914857e-03
    3.902311e-03
    5.494146e-03
    4.654314e-03
    8.351042e-03
    9.542550e-03
    8.935301e-03
    1.241757e-02
    1.328652e-02
    1.275067e-02
    1.581127e-02
    1.875260e-02
    1.993352e-02
    2.239562e-02
    2.483619e-02
    2.753705e-02
    3.084288e-02
    3.420810e-02
    3.825039e-02
    4.242029e-02
    4.720259e-02
    5.220970e-02
    5.776157e-02
    6.362653e-02
    6.996079e-02
    7.672940e-02
    8.382510e-02
    9.158915e-02
    9.937374e-02
    1.082932e-01
    1.166268e-01
    1.269280e-01
    1.356559e-01
    1.474710e-01
    1.567518e-01
    1.695803e-01
    1.806486e-01
    1.925737e-01
    2.085983e-01
    2.074120e-01
    2.010026e-01
    1.857903e-01
    1.745897e-01
    1.639358e-01
    1.521477e-01
    1.428809e-01
    1.322766e-01
    1.235418e-01
    1.142905e-01
    1.061245e-01
    9.801628e-02
    9.055168e-02
    8.342171e-02
    7.671378e-02
    7.047078e-02
    6.452200e-02
    5.910475e-02
    5.389954e-02
    4.924465e-02
    4.477063e-02
    4.078526e-02
    3.705019e-02
    3.359046e-02
    3.061086e-02
    2.752209e-02
    2.519615e-02
    2.249385e-02
    2.027496e-02
    1.567950e-02
    1.618437e-02
    1.407053e-02
    1.022010e-02
    1.017337e-02
    9.187226e-03
    4.143229e-03
    6.074305e-03
    3.295601e-03
    2.977881e-03
    0.000000e+00
    0.000000e+00
    2.279039e-01
    2.191190e-01
    2.343164e-03
    2.039322e-03
    2.514689e-03
    3.376966e-03
    6.336517e-03
    5.604715e-03
    3.172080e-03
    9.877192e-03
    9.687356e-03
    9.004214e-03
    1.074934e-02
    1.080850e-02
    9.874558e-03
    1.521322e-02
    1.468426e-02
    1.454606e-02
    1.699745e-02
    1.649904e-02
    1.544095e-02
    2.183946e-02
    2.123182e-02
    2.054242e-02
    2.283628e-02
    2.309100e-02
    2.564997e-02
    2.515632e-02
    2.807430e-02
    2.807552e-02
    3.099194e-02
    3.075288e-02
    3.415383e-02
    3.396129e-02
    3.747618e-02
    3.736979e-02
    4.131787e-02
    4.103510e-02
    4.522146e-02
    4.516785e-02
    4.976053e-02
    4.945155e-02
    5.434354e-02
    5.430247e-02
    5.961368e-02
    5.931182e-02
    6.494523e-02
    6.489350e-02
    7.096901e-02
    7.070219e-02
    7.712188e-02
    7.702616e-02
    8.388774e-02
    8.370716e-02
    9.097363e-02
    9.076107e-02
    9.840853e-02
    9.841732e-02
    1.066048e-01
    1.061399e-01
    1.145701e-01
    1.149345e-01
    1.240979e-01
    1.231993e-01
    1.324635e-01
    1.333456e-01
    1.434563e-01
    1.420382e-01
    1.522921e-01
    1.536134e-01
    1.645648e-01
    1.629994e-01
    1.743408e-01
    1.753228e-01
    1.873476e-01
    1.869278e-01
    1.985824e-01
    1.975249e-01
    2.132457e-01
    2.144525e-01
    2.390234e-03
    2.359057e-03
    3.052450e-03
    3.139851e-03
    5.682955e-03
    6.372162e-03
    3.991185e-03
    9.004480e-03
    8.704278e-03
    9.109222e-03
    9.950971e-03
    9.918239e-03
    8.890000e-03
    1.390876e-02
    1.289937e-02
    1.261521e-02
    1.395455e-02
    1.449131e-02
    1.257814e-02
    1.800418e-02
    1.665690e-02
    1.751696e-02
    1.893233e-02
    1.814591e-02
    2.046152e-02
    2.062922e-02
    2.289666e-02
    2.256144e-02
    2.523433e-02
    2.508333e-02
    2.810556e-02
    2.795565e-02
    3.125797e-02
    3.100118e-02
    3.475107e-02
    3.464441e-02
    3.869247e-02
    3.842904e-02
    4.292905e-02
    4.281616e-02
    4.764803e-02
    4.740914e-02
    5.269270e-02
    5.256303e-02
    5.819381e-02
    5.798906e-02
    6.408869e-02
    6.393374e-02
    7.037439e-02
    7.022078e-02
    7.716909e-02
    7.696232e-02
    8.422529e-02
    8.416328e-02
    9.199398e-02
    9.167862e-02
    9.978331e-02
    9.988626e-02
    1.086259e-01
    1.081131e-01
    1.171026e-01
    1.174643e-01
    1.271104e-01
    1.263186e-01
    1.362791e-01
    1.369361e-01
    1.474541e-01
    1.464453e-01
    1.574731e-01
    1.581889e-01
    1.696239e-01
    1.688971e-01
    1.808971e-01
    1.808365e-01
    1.936012e-01
    1.944355e-01
    2.069526e-01
    2.042532e-01
    1.294162e-03
    3.630747e-03
    5.488771e-03
    3.618677e-03
    9.069700e-03
    1.072907e-02
    9.122744e-03
    1.363681e-02
    1.645127e-02
    1.289050e-02
    1.988485e-02
    2.044121e-02
    2.328492e-02
    2.548283e-02
    2.804364e-02
    3.120531e-02
    3.422769e-02
    3.803932e-02
    4.180790e-02
    4.625459e-02
    5.083400e-02
    5.598219e-02
    6.138318e-02
    6.729682e-02
    7.352466e-02
    8.026328e-02
    8.730967e-02
    9.495624e-02
    1.027750e-01
    1.114616e-01
    1.199618e-01
    1.298475e-01
    1.389772e-01
    1.500637e-01
    1.601275e-01
    1.717451e-01
    1.841927e-01
    1.941399e-01
    2.138010e-01
    2.366941e-03
    4.047697e-03
    5.771677e-03
    9.473117e-03
    8.827757e-03
    1.038930e-02
    1.408981e-02
    1.337731e-02
    1.550116e-02
    1.922070e-02
    1.916092e-02
    2.007642e-02
    2.269052e-02
    2.497160e-02
    2.752960e-02
    3.063026e-02
    3.370959e-02
    3.747264e-02
    4.126981e-02
    4.571767e-02
    5.028945e-02
    5.547362e-02
    6.085018e-02
    6.680667e-02
    7.302395e-02
    7.976871e-02
    8.687811e-02
    9.440840e-02
    1.024781e-01
    1.107801e-01
    1.198859e-01
    1.289509e-01
    1.391634e-01
    1.489846e-01
    1.604168e-01
    1.708653e-01
    1.839054e-01
    1.944227e-01
    2.098378e-01
    0.000000e+00
    0.000000e+00
    2.279039e-01
    2.191190e-01
    2.390234e-03
    2.359057e-03
    3.052450e-03
    3.139851e-03
    5.682955e-03
    6.372162e-03
    3.991185e-03
    9.004480e-03
    8.704278e-03
    9.109222e-03
    9.950971e-03
    9.918239e-03
    8.890000e-03
    1.390876e-02
    1.289937e-02
    1.261521e-02
    1.395455e-02
    1.449131e-02
    1.257814e-02
    1.800418e-02
    1.665690e-02
    1.751696e-02
    1.893233e-02
    1.814591e-02
    2.046152e-02
    2.062922e-02
    2.289666e-02
    2.256144e-02
    2.523433e-02
    2.508333e-02
    2.810556e-02
    2.795565e-02
    3.125797e-02
    3.100118e-02
    3.475107e-02
    3.464441e-02
    3.869247e-02
    3.842904e-02
    4.292905e-02
    4.281616e-02
    4.764803e-02
    4.740914e-02
    5.269270e-02
    5.256303e-02
    5.819381e-02
    5.798906e-02
    6.408869e-02
    6.393374e-02
    7.037439e-02
    7.022078e-02
    7.716909e-02
    7.696232e-02
    8.422529e-02
    8.416328e-02
    9.199398e-02
    9.167862e-02
    9.978331e-02
    9.988626e-02
    1.086259e-01
    1.081131e-01
    1.171026e-01
    1.174643e-01
    1.271104e-01
    1.263186e-01
    1.362791e-01
    1.369361e-01
    1.474541e-01
    1.464453e-01
    1.574731e-01
    1.581889e-01
    1.696239e-01
    1.688971e-01
    1.808971e-01
    1.808365e-01
    1.936012e-01
    1.944355e-01
    2.069526e-01
    2.042532e-01
    2.343164e-03
    2.039322e-03
    2.514689e-03
    3.376966e-03
    6.336517e-03
    5.604715e-03
    3.172080e-03
    9.877192e-03
    9.687356e-03
    9.004214e-03
    1.074934e-02
    1.080850e-02
    9.874558e-03
    1.521322e-02
    1.468426e-02
    1.454606e-02
    1.699745e-02
    1.649904e-02
    1.544095e-02
    2.183946e-02
    2.123182e-02
    2.054242e-02
    2.283628e-02
    2.309100e-02
    2.564997e-02
    2.515632e-02
    2.807430e-02
    2.807552e-02
    3.099194e-02
    3.075288e-02
    3.415383e-02
    3.396129e-02
    3.747618e-02
    3.736979e-02
    4.131787e-02
    4.103510e-02
    4.522146e-02
    4.516785e-02
    4.976053e-02
    4.945155e-02
    5.434354e-02
    5.430247e-02
    5.961368e-02
    5.931182e-02
    6.494523e-02
    6.489350e-02
    7.096901e-02
    7.070219e-02
    7.712188e-02
    7.702616e-02
    8.388774e-02
    8.370716e-02
    9.097363e-02
    9.076107e-02
    9.840853e-02
    9.841732e-02
    1.066048e-01
    1.061399e-01
    1.145701e-01
    1.149345e-01
    1.240979e-01
    1.231993e-01
    1.324635e-01
    1.333456e-01
    1.434563e-01
    1.420382e-01
    1.522921e-01
    1.536134e-01
    1.645648e-01
    1.629994e-01
    1.743408e-01
    1.753228e-01
    1.873476e-01
    1.869278e-01
    1.985824e-01
    1.975249e-01
    2.132457e-01
    2.144525e-01
    2.366941e-03
    4.047697e-03
    5.771677e-03
    9.473117e-03
    8.827757e-03
    1.038930e-02
    1.408981e-02
    1.337731e-02
    1.550116e-02
    1.922070e-02
    1.916092e-02
    2.007642e-02
    2.269052e-02
    2.497160e-02
    2.752960e-02
    3.063026e-02
    3.370959e-02
    3.747264e-02
    4.126981e-02
    4.571767e-02
    5.028945e-02
    5.547362e-02
    6.085018e-02
    6.680667e-02
    7.302395e-02
    7.976871e-02
    8.687811e-02
    9.440840e-02
    1.024781e-01
    1.107801e-01
    1.198859e-01
    1.289509e-01
    1.391634e-01
    1.489846e-01
    1.604168e-01
    1.708653e-01
    1.839054e-01
    1.944227e-01
    2.098378e-01
    1.404513e-03
    1.121404e-03
    3.798873e-03
    4.562976e-03
    5.068934e-03
    4.350096e-03
    1.014255e-02
    5.274254e-03
    8.781055e-03
    8.105655e-03
    1.047651e-02
    1.056698e-02
    1.494660e-02
    9.354456e-03
    1.362529e-02
    1.373619e-02
    1.560044e-02
    1.474174e-02
    2.023866e-02
    1.449824e-02
    1.914974e-02
    1.819117e-02
    2.073389e-02
    2.095940e-02
    2.312672e-02
    2.277085e-02
    2.536967e-02
    2.524019e-02
    2.809501e-02
    2.794789e-02
    3.103067e-02
    3.077553e-02
    3.425964e-02
    3.417119e-02
    3.791313e-02
    3.763065e-02
    4.178878e-02
    4.170568e-02
    4.617083e-02
    4.589735e-02
    5.078724e-02
    5.069601e-02
    5.591756e-02
    5.566386e-02
    6.133021e-02
    6.122907e-02
    6.723533e-02
    6.700445e-02
    7.347930e-02
    7.336914e-02
    8.019210e-02
    7.998304e-02
    8.728810e-02
    8.717360e-02
    9.485378e-02
    9.465829e-02
    1.028075e-01
    1.027013e-01
    1.112863e-01
    1.110879e-01
    1.200991e-01
    1.200158e-01
    1.295421e-01
    1.293352e-01
    1.392548e-01
    1.391768e-01
    1.496419e-01
    1.494889e-01
    1.604166e-01
    1.602089e-01
    1.715773e-01
    1.717267e-01
    1.837320e-01
    1.830173e-01
    1.955185e-01
    1.963941e-01
    2.085432e-01
    2.079207e-01
    1.404513e-03
    1.121404e-03
    3.798873e-03
    4.562976e-03
    5.068934e-03
    4.350096e-03
    1.014255e-02
    5.274254e-03
    8.781055e-03
    8.105655e-03
    1.047651e-02
    1.056698e-02
    1.494660e-02
    9.354456e-03
    1.362529e-02
    1.373619e-02
    1.560044e-02
    1.474174e-02
    2.023866e-02
    1.449824e-02
    1.914974e-02
    1.819117e-02
    2.073389e-02
    2.095940e-02
    2.312672e-02
    2.277085e-02
    2.536967e-02
    2.524019e-02
    2.809501e-02
    2.794789e-02
    3.103067e-02
    3.077553e-02
    3.425964e-02
    3.417119e-02
    3.791313e-02
    3.763065e-02
    4.178878e-02
    4.170568e-02
    4.617083e-02
    4.589735e-02
    5.078724e-02
    5.069601e-02
    5.591756e-02
    5.566386e-02
    6.133021e-02
    6.122907e-02
    6.723533e-02
    6.700445e-02
    7.347930e-02
    7.336914e-02
    8.019210e-02
    7.998304e-02
    8.728810e-02
    8.717360e-02
    9.485378e-02
    9.465829e-02
    1.028075e-01
    1.027013e-01
    1.112863e-01
    1.110879e-01
    1.200991e-01
    1.200158e-01
    1.295421e-01
    1.293352e-01
    1.392548e-01
    1.391768e-01
    1.496419e-01
    1.494889e-01
    1.604166e-01
    1.602089e-01
    1.715773e-01
    1.717267e-01
    1.837320e-01
    1.830173e-01
    1.955185e-01
    1.963941e-01
    2.085432e-01
    2.079207e-01
    0.000000e+00
    0.000000e+00
    0.000000e+00
    0.000000e+00
    2.632154e-01
    2.260234e-01
    2.135356e-01
    2.222579e-01
    0.000000e+00
    0.000000e+00
    2.135356e-01
    2.260234e-01
    0.000000e+00
    0.000000e+00
    0.000000e+00
    0.000000e+00
    0.000000e+00
    0.000000e+00
    2.174753e-01
    2.262340e-01
    2.195953e-01
    2.236672e-01
    2.171221e-01
    2.257049e-01
    2.914857e-03
    3.902311e-03
    5.494146e-03
    4.654314e-03
    8.351042e-03
    9.542550e-03
    8.935301e-03
    1.241757e-02
    1.328652e-02
    1.275067e-02
    1.581127e-02
    1.875260e-02
    1.993352e-02
    2.239562e-02
    2.483619e-02
    2.753705e-02
    3.084288e-02
    3.420810e-02
    3.825039e-02
    4.242029e-02
    4.720259e-02
    5.220970e-02
    5.776157e-02
    6.362653e-02
    6.996079e-02
    7.672940e-02
    8.382510e-02
    9.158915e-02
    9.937374e-02
    1.082932e-01
    1.166268e-01
    1.269280e-01
    1.356559e-01
    1.474710e-01
    1.567518e-01
    1.695803e-01
    1.806486e-01
    1.925737e-01
    2.085983e-01
    2.146682e-01
    1.874966e-01
    1.857623e-01
    1.662443e-01
    1.598561e-01
    1.459312e-01
    1.373832e-01
    1.264464e-01
    1.176400e-01
    1.083322e-01
    1.000765e-01
    9.186844e-02
    8.440736e-02
    7.712519e-02
    7.050531e-02
    6.408273e-02
    5.830660e-02
    5.269775e-02
    4.776571e-02
    4.292321e-02
    3.883492e-02
    3.471499e-02
    3.143599e-02
    2.804326e-02
    2.540373e-02
    2.291195e-02
    2.043140e-02
    1.927938e-02
    1.623033e-02
    1.997817e-02
    1.344369e-02
    1.325906e-02
    1.419710e-02
    1.015913e-02
    8.296115e-03
    1.030248e-02
    4.896327e-03
    3.711940e-03
    1.963752e-03
    2.074120e-01
    2.010026e-01
    1.857903e-01
    1.745897e-01
    1.639358e-01
    1.521477e-01
    1.428809e-01
    1.322766e-01
    1.235418e-01
    1.142905e-01
    1.061245e-01
    9.801628e-02
    9.055168e-02
    8.342171e-02
    7.671378e-02
    7.047078e-02
    6.452200e-02
    5.910475e-02
    5.389954e-02
    4.924465e-02
    4.477063e-02
    4.078526e-02
    3.705019e-02
    3.359046e-02
    3.061086e-02
    2.752209e-02
    2.519615e-02
    2.249385e-02
    2.027496e-02
    1.567950e-02
    1.618437e-02
    1.407053e-02
    1.022010e-02
    1.017337e-02
    9.187226e-03
    4.143229e-03
    6.074305e-03
    3.295601e-03
    2.977881e-03
    1.725572e-03
    3.832680e-03
    4.301088e-03
    1.199054e-02
    8.363361e-03
    1.102211e-02
    1.635557e-02
    1.520186e-02
    1.539434e-02
    1.970835e-02
    2.400404e-02
    2.523522e-02
    2.825378e-02
    3.116167e-02
    3.400247e-02
    3.778643e-02
    4.112060e-02
    4.552996e-02
    4.958266e-02
    5.462489e-02
    5.946233e-02
    6.519429e-02
    7.085097e-02
    7.732586e-02
    8.382132e-02
    9.110735e-02
    9.842452e-02
    1.066282e-01
    1.147256e-01
    1.239127e-01
    1.329415e-01
    1.427026e-01
    1.537582e-01
    1.620529e-01
    1.787664e-01
    1.801371e-01
    2.106065e-01
    1.957976e-01
    0.000000e+00
    0.000000e+00
    0.000000e+00
    0.000000e+00
    0.000000e+00
    2.257049e-01
    2.171221e-01
    2.236672e-01
    2.195953e-01
    2.262340e-01
    2.977881e-03
    3.295601e-03
    6.074305e-03
    4.143229e-03
    9.187226e-03
    1.017337e-02
    1.022010e-02
    1.407053e-02
    1.618437e-02
    1.567950e-02
    2.027496e-02
    2.249385e-02
    2.519615e-02
    2.752209e-02
    3.061086e-02
    3.359046e-02
    3.705019e-02
    4.078526e-02
    4.477063e-02
    4.924465e-02
    5.389954e-02
    5.910475e-02
    6.452200e-02
    7.047078e-02
    7.671378e-02
    8.342171e-02
    9.055168e-02
    9.801628e-02
    1.061245e-01
    1.142905e-01
    1.235418e-01
    1.322766e-01
    1.428809e-01
    1.521477e-01
    1.639358e-01
    1.745897e-01
    1.857903e-01
    2.010026e-01
    2.074120e-01
    2.085983e-01
    1.925737e-01
    1.806486e-01
    1.695803e-01
    1.567518e-01
    1.474710e-01
    1.356559e-01
    1.269280e-01
    1.166268e-01
    1.082932e-01
    9.937374e-02
    9.158915e-02
    8.382510e-02
    7.672940e-02
    6.996079e-02
    6.362653e-02
    5.776157e-02
    5.220970e-02
    4.720259e-02
    4.242029e-02
    3.825039e-02
    3.420810e-02
    3.084288e-02
    2.753705e-02
    2.483619e-02
    2.239562e-02
    1.993352e-02
    1.875260e-02
    1.581127e-02
    1.275067e-02
    1.328652e-02
    1.241757e-02
    8.935301e-03
    9.542550e-03
    8.351042e-03
    4.654314e-03
    5.494146e-03
    3.902311e-03
    2.914857e-03
    0.000000e+00
    0.000000e+00
    2.279039e-01
    2.191190e-01
    2.390234e-03
    2.359057e-03
    3.052450e-03
    3.139851e-03
    5.682955e-03
    6.372162e-03
    3.991185e-03
    9.004480e-03
    8.704278e-03
    9.109222e-03
    9.950971e-03
    9.918239e-03
    8.890000e-03
    1.390876e-02
    1.289937e-02
    1.261521e-02
    1.395455e-02
    1.449131e-02
    1.257814e-02
    1.800418e-02
    1.665690e-02
    1.751696e-02
    1.893233e-02
    1.814591e-02
    2.046152e-02
    2.062922e-02
    2.289666e-02
    2.256144e-02
    2.523433e-02
    2.508333e-02
    2.810556e-02
    2.795565e-02
    3.125797e-02
    3.100118e-02
    3.475107e-02
    3.464441e-02
    3.869247e-02
    3.842904e-02
    4.292905e-02
    4.281616e-02
    4.764803e-02
    4.740914e-02
    5.269270e-02
    5.256303e-02
    5.819381e-02
    5.798906e-02
    6.408869e-02
    6.393374e-02
    7.037439e-02
    7.022078e-02
    7.716909e-02
    7.696232e-02
    8.422529e-02
    8.416328e-02
    9.199398e-02
    9.167862e-02
    9.978331e-02
    9.988626e-02
    1.086259e-01
    1.081131e-01
    1.171026e-01
    1.174643e-01
    1.271104e-01
    1.263186e-01
    1.362791e-01
    1.369361e-01
    1.474541e-01
    1.464453e-01
    1.574731e-01
    1.581889e-01
    1.696239e-01
    1.688971e-01
    1.808971e-01
    1.808365e-01
    1.936012e-01
    1.944355e-01
    2.069526e-01
    2.042532e-01
    2.343164e-03
    2.039322e-03
    2.514689e-03
    3.376966e-03
    6.336517e-03
    5.604715e-03
    3.172080e-03
    9.877192e-03
    9.687356e-03
    9.004214e-03
    1.074934e-02
    1.080850e-02
    9.874558e-03
    1.521322e-02
    1.468426e-02
    1.454606e-02
    1.699745e-02
    1.649904e-02
    1.544095e-02
    2.183946e-02
    2.123182e-02
    2.054242e-02
    2.283628e-02
    2.309100e-02
    2.564997e-02
    2.515632e-02
    2.807430e-02
    2.807552e-02
    3.099194e-02
    3.075288e-02
    3.415383e-02
    3.396129e-02
    3.747618e-02
    3.736979e-02
    4.131787e-02
    4.103510e-02
    4.522146e-02
    4.516785e-02
    4.976053e-02
    4.945155e-02
    5.434354e-02
    5.430247e-02
    5.961368e-02
    5.931182e-02
    6.494523e-02
    6.489350e-02
    7.096901e-02
    7.070219e-02
    7.712188e-02
    7.702616e-02
    8.388774e-02
    8.370716e-02
    9.097363e-02
    9.076107e-02
    9.840853e-02
    9.841732e-02
    1.066048e-01
    1.061399e-01
    1.145701e-01
    1.149345e-01
    1.240979e-01
    1.231993e-01
    1.324635e-01
    1.333456e-01
    1.434563e-01
    1.420382e-01
    1.522921e-01
    1.536134e-01
    1.645648e-01
    1.629994e-01
    1.743408e-01
    1.753228e-01
    1.873476e-01
    1.869278e-01
    1.985824e-01
    1.975249e-01
    2.132457e-01
    2.144525e-01
    1.294162e-03
    3.630747e-03
    5.488771e-03
    3.618677e-03
    9.069700e-03
    1.072907e-02
    9.122744e-03
    1.363681e-02
    1.645127e-02
    1.289050e-02
    1.988485e-02
    2.044121e-02
    2.328492e-02
    2.548283e-02
    2.804364e-02
    3.120531e-02
    3.422769e-02
    3.803932e-02
    4.180790e-02
    4.625459e-02
    5.083400e-02
    5.598219e-02
    6.138318e-02
    6.729682e-02
    7.352466e-02
    8.026328e-02
    8.730967e-02
    9.495624e-02
    1.027750e-01
    1.114616e-01
    1.199618e-01
    1.298475e-01
    1.389772e-01
    1.500637e-01
    1.601275e-01
    1.717451e-01
    1.841927e-01
    1.941399e-01
    2.138010e-01
    2.366941e-03
    4.047697e-03
    5.771677e-03
    9.473117e-03
    8.827757e-03
    1.038930e-02
    1.408981e-02
    1.337731e-02
    1.550116e-02
    1.922070e-02
    1.916092e-02
    2.007642e-02
    2.269052e-02
    2.497160e-02
    2.752960e-02
    3.063026e-02
    3.370959e-02
    3.747264e-02
    4.126981e-02
    4.571767e-02
    5.028945e-02
    5.547362e-02
    6.085018e-02
    6.680667e-02
    7.302395e-02
    7.976871e-02
    8.687811e-02
    9.440840e-02
    1.024781e-01
    1.107801e-01
    1.198859e-01
    1.289509e-01
    1.391634e-01
    1.489846e-01
    1.604168e-01
    1.708653e-01
    1.839054e-01
    1.944227e-01
    2.098378e-01
    0.000000e+00
    0.000000e+00
    2.279039e-01
    2.191190e-01
    2.343164e-03
    2.039322e-03
    2.514689e-03
    3.376966e-03
    6.336517e-03
    5.604715e-03
    3.172080e-03
    9.877192e-03
    9.687356e-03
    9.004214e-03
    1.074934e-02
    1.080850e-02
    9.874558e-03
    1.521322e-02
    1.468426e-02
    1.454606e-02
    1.699745e-02
    1.649904e-02
    1.544095e-02
    2.183946e-02
    2.123182e-02
    2.054242e-02
    2.283628e-02
    2.309100e-02
    2.564997e-02
    2.515632e-02
    2.807430e-02
    2.807552e-02
    3.099194e-02
    3.075288e-02
    3.415383e-02
    3.396129e-02
    3.747618e-02
    3.736979e-02
    4.131787e-02
    4.103510e-02
    4.522146e-02
    4.516785e-02
    4.976053e-02
    4.945155e-02
    5.434354e-02
    5.430247e-02
    5.961368e-02
    5.931182e-02
    6.494523e-02
    6.489350e-02
    7.096901e-02
    7.070219e-02
    7.712188e-02
    7.702616e-02
    8.388774e-02
    8.370716e-02
    9.097363e-02
    9.076107e-02
    9.840853e-02
    9.841732e-02
    1.066048e-01
    1.061399e-01
    1.145701e-01
    1.149345e-01
    1.240979e-01
    1.231993e-01
    1.324635e-01
    1.333456e-01
    1.434563e-01
    1.420382e-01
    1.522921e-01
    1.536134e-01
    1.645648e-01
    1.629994e-01
    1.743408e-01
    1.753228e-01
    1.873476e-01
    1.869278e-01
    1.985824e-01
    1.975249e-01
    2.132457e-01
    2.144525e-01
    2.390234e-03
    2.359057e-03
    3.052450e-03
    3.139851e-03
    5.682955e-03
    6.372162e-03
    3.991185e-03
    9.004480e-03
    8.704278e-03
    9.109222e-03
    9.950971e-03
    9.918239e-03
    8.890000e-03
    1.390876e-02
    1.289937e-02
    1.261521e-02
    1.395455e-02
    1.449131e-02
    1.257814e-02
    1.800418e-02
    1.665690e-02
    1.751696e-02
    1.893233e-02
    1.814591e-02
    2.046152e-02
    2.062922e-02
    2.289666e-02
    2.256144e-02
    2.523433e-02
    2.508333e-02
    2.810556e-02
    2.795565e-02
    3.125797e-02
    3.100118e-02
    3.475107e-02
    3.464441e-02
    3.869247e-02
    3.842904e-02
    4.292905e-02
    4.281616e-02
    4.764803e-02
    4.740914e-02
    5.269270e-02
    5.256303e-02
    5.819381e-02
    5.798906e-02
    6.408869e-02
    6.393374e-02
    7.037439e-02
    7.022078e-02
    7.716909e-02
    7.696232e-02
    8.422529e-02
    8.416328e-02
    9.199398e-02
    9.167862e-02
    9.978331e-02
    9.988626e-02
    1.086259e-01
    1.081131e-01
    1.171026e-01
    1.174643e-01
    1.271104e-01
    1.263186e-01
    1.362791e-01
    1.369361e-01
    1.474541e-01
    1.464453e-01
    1.574731e-01
    1.581889e-01
    1.696239e-01
    1.688971e-01
    1.808971e-01
    1.808365e-01
    1.936012e-01
    1.944355e-01
    2.069526e-01
    2.042532e-01
    2.366941e-03
    4.047697e-03
    5.771677e-03
    9.473117e-03
    8.827757e-03
    1.038930e-02
    1.408981e-02
    1.337731e-02
    1.550116e-02
    1.922070e-02
    1.916092e-02
    2.007642e-02
    2.269052e-02
    2.497160e-02
    2.752960e-02
    3.063026e-02
    3.370959e-02
    3.747264e-02
    4.126981e-02
    4.571767e-02
    5.028945e-02
    5.547362e-02
    6.085018e-02
    6.680667e-02
    7.302395e-02
    7.976871e-02
    8.687811e-02
    9.440840e-02
    1.024781e-01
    1.107801e-01
    1.198859e-01
    1.289509e-01
    1.391634e-01
    1.489846e-01
    1.604168e-01
    1.708653e-01
    1.839054e-01
    1.944227e-01
    2.098378e-01
    1.404513e-03
    1.121404e-03
    3.798873e-03
    4.562976e-03
    5.068934e-03
    4.350096e-03
    1.014255e-02
    5.274254e-03
    8.781055e-03
    8.105655e-03
    1.047651e-02
    1.056698e-02
    1.494660e-02
    9.354456e-03
    1.362529e-02
    1.373619e-02
    1.560044e-02
    1.474174e-02
    2.023866e-02
    1.449824e-02
    1.914974e-02
    1.819117e-02
    2.073389e-02
    2.095940e-02
    2.312672e-02
    2.277085e-02
    2.536967e-02
    2.524019e-02
    2.809501e-02
    2.794789e-02
    3.103067e-02
    3.077553e-02
    3.425964e-02
    3.417119e-02
    3.791313e-02
    3.763065e-02
    4.178878e-02
    4.170568e-02
    4.617083e-02
    4.589735e-02
    5.078724e-02
    5.069601e-02
    5.591756e-02
    5.566386e-02
    6.133021e-02
    6.122907e-02
    6.723533e-02
    6.700445e-02
    7.347930e-02
    7.336914e-02
    8.019210e-02
    7.998304e-02
    8.728810e-02
    8.717360e-02
    9.485378e-02
    9.465829e-02
    1.028075e-01
    1.027013e-01
    1.112863e-01
    1.110879e-01
    1.200991e-01
    1.200158e-01
    1.295421e-01
    1.293352e-01
    1.392548e-01
    1.391768e-01
    1.496419e-01
    1.494889e-01
    1.604166e-01
    1.602089e-01
    1.715773e-01
    1.717267e-01
    1.837320e-01
    1.830173e-01
    1.955185e-01
    1.963941e-01
    2.085432e-01
    2.079207e-01
    1.404513e-03
    1.121404e-03
    3.798873e-03
    4.562976e-03
    5.068934e-03
    4.350096e-03
    1.014255e-02
    5.274254e-03
    8.781055e-03
    8.105655e-03
    1.047651e-02
    1.056698e-02
    1.494660e-02
    9.354456e-03
    1.362529e-02
    1.373619e-02
    1.560044e-02
    1.474174e-02
    2.023866e-02
    1.449824e-02
    1.914974e-02
    1.819117e-02
    2.073389e-02
    2.095940e-02
    2.312672e-02
    2.277085e-02
    2.536967e-02
    2.524019e-02
    2.809501e-02
    2.794789e-02
    3.103067e-02
    3.077553e-02
    3.425964e-02
    3.417119e-02
    3.791313e-02
    3.763065e-02
    4.178878e-02
    4.170568e-02
    4.617083e-02
    4.589735e-02
    5.078724e-02
    5.069601e-02
    5.591756e-02
    5.566386e-02
    6.133021e-02
    6.122907e-02
    6.723533e-02
    6.700445e-02
    7.347930e-02
    7.336914e-02
    8.019210e-02
    7.998304e-02
    8.728810e-02
    8.717360e-02
    9.485378e-02
    9.465829e-02
    1.028075e-01
    1.027013e-01
    1.112863e-01
    1.110879e-01
    1.200991e-01
    1.200158e-01
    1.295421e-01
    1.293352e-01
    1.392548e-01
    1.391768e-01
    1.496419e-01
    1.494889e-01
    1.604166e-01
    1.602089e-01
    1.715773e-01
    1.717267e-01
    1.837320e-01
    1.830173e-01
    1.955185e-01
    1.963941e-01
    2.085432e-01
    2.079207e-01
    3.175798e-04
    3.175798e-04
    2.958816e-04
    2.958816e-04
    3.518354e-03
    3.518354e-03
    0.000000e+00
    0.000000e+00
    0.000000e+00
    0.000000e+00
    1.428882e-04
    2.758371e-04
    1.428882e-04
    1.927962e-04
    1.498580e-04
    2.014922e-04
    2.539923e-04
    2.501206e-04
    3.267079e-04
    2.879897e-04
    3.267079e-04
    2.501206e-04
    2.539923e-04
    2.014922e-04
    1.498580e-04
    1.927962e-04
    2.542638e-03
    2.399131e-03
    2.542638e-03
    8.468634e-04
    6.827881e-04
    6.537205e-04
    9.615865e-04
    1.242431e-03
    1.242431e-03
    9.615865e-04
    6.537205e-04
    6.827881e-04
    8.468634e-04
    3.329714e-04
    3.330954e-04
    3.778003e-04
    3.699052e-04
    4.333801e-04
    4.217296e-04
    5.073638e-04
    5.484536e-04
    6.522912e-04
    1.661061e-03
    1.213737e-03
    6.535077e-04
    6.315974e-04
    2.656282e-04
    4.216672e-04
    1.207969e-04
    3.441719e-04
    1.238243e-04
    6.522912e-04
    5.484536e-04
    5.073638e-04
    4.217296e-04
    4.333801e-04
    3.699052e-04
    3.778003e-04
    3.330954e-04
    3.329714e-04
    1.238243e-04
    3.441719e-04
    1.207969e-04
    4.216672e-04
    2.656282e-04
    6.315974e-04
    6.535077e-04
    1.213737e-03
    1.661061e-03
    1.139984e-04
    9.289841e-05
    5.019923e-05
    0.000000e+00
    0.000000e+00
    0.000000e+00
    5.019923e-05
    9.289841e-05
    1.139984e-04
    2.665080e-04
    6.672104e-04
    1.248048e-03
    0.000000e+00
    0.000000e+00
    0.000000e+00
    1.248048e-03
    6.672104e-04
    2.665080e-04
    0.000000e+00
    0.000000e+00
    0.000000e+00
    0.000000e+00
    0.000000e+00
    0.000000e+00
    0.000000e+00
    0.000000e+00
    0.000000e+00
    0.000000e+00
    0.000000e+00
    0.000000e+00
    0.000000e+00
    0.000000e+00
    0.000000e+00
    0.000000e+00
    0.000000e+00
    0.000000e+00
    6.421118e-05
    2.274408e-04
    6.421118e-05
    2.089574e-04
    1.247382e-04
    2.089574e-04
    1.902684e-04
    2.245245e-04
    1.902684e-04
    2.437949e-04
    2.392338e-04
    2.437949e-04
    2.840392e-04
    2.629991e-04
    2.840392e-04
    1.347545e-03
    9.219950e-04
    1.347545e-03
    6.629736e-04
    9.259012e-04
    6.629736e-04
    7.592468e-04
    4.466663e-04
    7.592468e-04
    7.404237e-04
    6.500111e-04
    7.404237e-04
    4.425613e-04
    7.485631e-04
    4.425613e-04
    1.161784e-04
    2.140377e-04
    2.404965e-04
    2.529277e-04
    3.236013e-04
    2.457435e-04
    2.033288e-04
    2.564929e-04
    3.044735e-04
    2.982589e-04
    1.609255e-04
    2.607346e-04
    2.816456e-04
    2.998250e-04
    3.691177e-04
    2.767910e-04
    2.339798e-04
    3.053413e-04
    3.418244e-04
    3.450924e-04
    2.109609e-04
    3.052581e-04
    3.083119e-04
    3.500918e-04
    4.118011e-04
    2.970801e-04
    2.696152e-04
    3.623907e-04
    3.764024e-04
    4.004581e-04
    3.045701e-04
    3.549254e-04
    3.473705e-04
    4.088907e-04
    4.751466e-04
    3.080408e-04
    3.540805e-04
    4.312412e-04
    4.503280e-04
    4.599831e-04
    6.664408e-04
    3.611933e-04
    5.084453e-04
    5.046651e-04
    6.185141e-04
    1.161784e-04
    2.140377e-04
    2.404965e-04
    2.529277e-04
    3.236013e-04
    2.457435e-04
    2.033288e-04
    2.564929e-04
    3.044735e-04
    2.982589e-04
    1.609255e-04
    2.607346e-04
    2.816456e-04
    2.998250e-04
    3.691177e-04
    2.767910e-04
    2.339798e-04
    3.053413e-04
    3.418244e-04
    3.450924e-04
    2.109609e-04
    3.052581e-04
    3.083119e-04
    3.500918e-04
    4.118011e-04
    2.970801e-04
    2.696152e-04
    3.623907e-04
    3.764024e-04
    4.004581e-04
    3.045701e-04
    3.549254e-04
    3.473705e-04
    4.088907e-04
    4.751466e-04
    3.080408e-04
    3.540805e-04
    4.312412e-04
    4.503280e-04
    4.599831e-04
    6.664408e-04
    3.611933e-04
    5.084453e-04
    5.046651e-04
    6.185141e-04
    3.019684e-04
    8.340282e-05
    3.019684e-04
    7.292371e-05
    2.897678e-04
    7.292371e-05
    3.376268e-04
    3.744795e-05
    3.376268e-04
    9.193719e-05
    3.257384e-04
    9.193719e-05
    4.169638e-04
    9.900170e-05
    4.169638e-04
    2.712068e-04
    4.226319e-04
    2.712068e-04
    6.640629e-04
    3.740137e-04
    6.640629e-04
    7.871527e-04
    8.339674e-04
    7.871527e-04
    1.534471e-03
    1.257581e-03
    1.534471e-03
    2.999833e-04
    3.369693e-04
    2.999833e-04
    3.771153e-04
    3.365630e-04
    3.771153e-04
    3.331404e-04
    3.700054e-04
    3.331404e-04
    4.303445e-04
    3.904340e-04
    4.303445e-04
    3.701621e-04
    4.067224e-04
    3.701621e-04
    5.149704e-04
    4.699466e-04
    5.149704e-04
    4.238307e-04
    4.686435e-04
    4.238307e-04
    7.051262e-04
    6.216732e-04
    7.051262e-04
    4.974904e-04
    6.812934e-04
    4.974904e-04
    7.042004e-05
    1.410457e-04
    7.042004e-05
    7.884630e-05
    6.796475e-05
    7.884630e-05
    5.550756e-05
    5.229620e-05
    5.550756e-05
    1.082787e-03
    9.001084e-04
    1.082787e-03
    4.935374e-04
    4.419707e-04
    4.935374e-04
    2.045758e-04
    2.252589e-04
    2.045758e-04
    1.072123e-04
    6.975439e-05
    6.208865e-05
    1.359579e-04
    9.396713e-05
    5.288637e-05
    1.337676e-04
    8.200245e-05
    7.602997e-05
    1.479168e-04
    1.110793e-04
    6.363733e-05
    1.777706e-04
    9.404293e-05
    9.142031e-05
    1.546489e-04
    1.413565e-04
    7.525757e-05
    2.701106e-04
    9.361261e-05
    1.128098e-04
    2.281869e-04
    2.070182e-04
    7.925302e-05
    7.364685e-04
    1.996123e-04
    1.456363e-04
    1.072123e-04
    6.975439e-05
    6.208865e-05
    1.359579e-04
    9.396713e-05
    5.288637e-05
    1.337676e-04
    8.200245e-05
    7.602997e-05
    1.479168e-04
    1.110793e-04
    6.363733e-05
    1.777706e-04
    9.404293e-05
    9.142031e-05
    1.546489e-04
    1.413565e-04
    7.525757e-05
    2.701106e-04
    9.361261e-05
    1.128098e-04
    2.281869e-04
    2.070182e-04
    7.925302e-05
    7.364685e-04
    1.996123e-04
    1.456363e-04
    0.000000e+00
    0.000000e+00
    0.000000e+00
    0.000000e+00
    0.000000e+00
    0.000000e+00
    0.000000e+00
    0.000000e+00
    0.000000e+00
    0.000000e+00
    0.000000e+00
    0.000000e+00
    0.000000e+00
    0.000000e+00
    0.000000e+00
    0.000000e+00
    0.000000e+00
    0.000000e+00
    0.000000e+00
    0.000000e+00
    0.000000e+00
    0.000000e+00
    0.000000e+00
    0.000000e+00
    0.000000e+00
    0.000000e+00
    0.000000e+00
    2.433777e-04
    8.720314e-05
    2.433777e-04
    1.647134e-04
    2.411816e-04
    1.647134e-04
    2.495302e-04
    2.238438e-04
    2.495302e-04
    2.643014e-04
    2.660680e-04
    2.643014e-04
    2.912504e-04
    3.185080e-04
    2.912504e-04
    1.120169e-04
    2.831249e-04
    1.120169e-04
    2.700891e-04
    1.804479e-04
    2.700891e-04
    2.395770e-04
    2.755505e-04
    2.395770e-04
    3.007548e-04
    2.975822e-04
    3.007548e-04
    3.256462e-04
    3.014809e-04
    3.256462e-04
    2.852487e-04
    1.310508e-04
    2.852487e-04
    2.043079e-04
    2.907018e-04
    2.043079e-04
    3.016772e-04
    2.698785e-04
    3.016772e-04
    3.068095e-04
    3.066673e-04
    3.068095e-04
    3.406315e-04
    3.739955e-04
    3.406315e-04
    1.526720e-04
    3.220618e-04
    1.526720e-04
    3.178197e-04
    2.145328e-04
    3.178197e-04
    2.728380e-04
    3.209323e-04
    2.728380e-04
    3.502494e-04
    3.454922e-04
    3.502494e-04
    3.654628e-04
    3.354720e-04
    3.654628e-04
    3.110949e-04
    1.783633e-04
    3.110949e-04
    2.394745e-04
    3.347860e-04
    2.394745e-04
    3.500628e-04
    3.103707e-04
    3.500628e-04
    3.443430e-04
    3.435381e-04
    3.443430e-04
    3.942512e-04
    4.342338e-04
    3.942512e-04
    2.084912e-04
    3.470297e-04
    2.084912e-04
    3.586775e-04
    2.692184e-04
    3.586775e-04
    3.135714e-04
    3.630936e-04
    3.135714e-04
    4.041492e-04
    4.060453e-04
    4.041492e-04
    4.094647e-04
    3.701198e-04
    4.094647e-04
    3.122861e-04
    2.626310e-04
    3.122861e-04
    3.107382e-04
    3.669382e-04
    3.107382e-04
    3.939722e-04
    3.935159e-04
    3.939722e-04
    4.023642e-04
    3.816714e-04
    4.023642e-04
    4.741028e-04
    5.270543e-04
    4.741028e-04
    3.464897e-04
    2.978837e-04
    3.464897e-04
    3.632629e-04
    4.219077e-04
    3.632629e-04
    4.166989e-04
    4.053210e-04
    4.166989e-04
    4.666273e-04
    5.270056e-04
    4.666273e-04
    4.749475e-04
    4.282770e-04
    4.749475e-04
    3.706839e-04
    5.775254e-04
    3.706839e-04
    5.306052e-04
    2.739975e-04
    5.306052e-04
    4.152686e-04
    5.935136e-04
    4.152686e-04
    5.090103e-04
    4.623110e-04
    5.090103e-04
    6.509824e-04
    6.769139e-04
    6.509824e-04
    1.353226e-04
    7.900276e-05
    1.353226e-04
    8.840327e-05
    8.730798e-05
    8.840327e-05
    3.090864e-05
    3.954541e-05
    3.090864e-05
    9.168624e-05
    1.700263e-04
    9.168624e-05
    9.525896e-05
    6.356735e-05
    9.525896e-05
    4.248411e-05
    5.071722e-05
    4.248411e-05
    1.545308e-04
    9.697928e-05
    1.545308e-04
    9.483409e-05
    1.043427e-04
    9.483409e-05
    4.077138e-05
    4.047668e-05
    4.077138e-05
    1.150547e-04
    1.999433e-04
    1.150547e-04
    1.180053e-04
    6.438594e-05
    1.180053e-04
    4.359996e-05
    6.398934e-05
    4.359996e-05
    1.798958e-04
    1.214469e-04
    1.798958e-04
    1.038432e-04
    1.360223e-04
    1.038432e-04
    5.362504e-05
    3.989287e-05
    5.362504e-05
    1.433844e-04
    2.471706e-04
    1.433844e-04
    1.540976e-04
    8.026282e-05
    1.540976e-04
    4.581647e-05
    8.893449e-05
    4.581647e-05
    2.102942e-04
    1.446295e-04
    2.102942e-04
    1.243398e-04
    1.963851e-04
    1.243398e-04
    7.664365e-05
    5.656481e-05
    7.664365e-05
    2.081800e-04
    2.807358e-04
    2.081800e-04
    1.888243e-04
    1.234731e-04
    1.888243e-04
    6.631484e-05
    1.192173e-04
    6.631484e-05
    3.534996e-04
    2.829216e-04
    3.534996e-04
    1.893393e-04
    1.804143e-04
    1.893393e-04
    6.794549e-05
    7.371929e-05
    6.794549e-05
    3.518354e-03
    3.518354e-03
    3.175798e-04
    2.958816e-04
    2.958816e-04
    3.175798e-04
    0.000000e+00
    0.000000e+00
    0.000000e+00
    0.000000e+00
    2.542638e-03
    2.399131e-03
    2.542638e-03
    1.242431e-03
    9.615865e-04
    6.537205e-04
    6.827881e-04
    8.468634e-04
    8.468634e-04
    6.827881e-04
    6.537205e-04
    9.615865e-04
    1.242431e-03
    1.428882e-04
    2.758371e-04
    1.428882e-04
    2.501206e-04
    2.539923e-04
    2.014922e-04
    1.498580e-04
    1.927962e-04
    3.267079e-04
    2.879897e-04
    3.267079e-04
    1.927962e-04
    1.498580e-04
    2.014922e-04
    2.539923e-04
    2.501206e-04
    6.522912e-04
    5.484536e-04
    5.073638e-04
    4.217296e-04
    4.333801e-04
    3.699052e-04
    3.778003e-04
    3.330954e-04
    3.329714e-04
    1.238243e-04
    3.441719e-04
    1.207969e-04
    4.216672e-04
    2.656282e-04
    6.315974e-04
    6.535077e-04
    1.213737e-03
    1.661061e-03
    3.329714e-04
    3.330954e-04
    3.778003e-04
    3.699052e-04
    4.333801e-04
    4.217296e-04
    5.073638e-04
    5.484536e-04
    6.522912e-04
    1.661061e-03
    1.213737e-03
    6.535077e-04
    6.315974e-04
    2.656282e-04
    4.216672e-04
    1.207969e-04
    3.441719e-04
    1.238243e-04
    1.248048e-03
    6.672104e-04
    2.665080e-04
    0.000000e+00
    0.000000e+00
    0.000000e+00
    2.665080e-04
    6.672104e-04
    1.248048e-03
    5.019923e-05
    9.289841e-05
    1.139984e-04
    0.000000e+00
    0.000000e+00
    0.000000e+00
    1.139984e-04
    9.289841e-05
    5.019923e-05
    0.000000e+00
    0.000000e+00
    0.000000e+00
    0.000000e+00
    0.000000e+00
    0.000000e+00
    0.000000e+00
    0.000000e+00
    0.000000e+00
    0.000000e+00
    0.000000e+00
    0.000000e+00
    0.000000e+00
    0.000000e+00
    0.000000e+00
    0.000000e+00
    0.000000e+00
    0.000000e+00
    1.347545e-03
    9.219950e-04
    1.347545e-03
    6.629736e-04
    9.259012e-04
    6.629736e-04
    7.592468e-04
    4.466663e-04
    7.592468e-04
    7.404237e-04
    6.500111e-04
    7.404237e-04
    4.425613e-04
    7.485631e-04
    4.425613e-04
    6.421118e-05
    2.274408e-04
    6.421118e-05
    2.089574e-04
    1.247382e-04
    2.089574e-04
    1.902684e-04
    2.245245e-04
    1.902684e-04
    2.437949e-04
    2.392338e-04
    2.437949e-04
    2.840392e-04
    2.629991e-04
    2.840392e-04
    6.664408e-04
    3.611933e-04
    5.084453e-04
    5.046651e-04
    6.185141e-04
    3.080408e-04
    3.540805e-04
    4.312412e-04
    4.503280e-04
    4.599831e-04
    3.045701e-04
    3.549254e-04
    3.473705e-04
    4.088907e-04
    4.751466e-04
    2.970801e-04
    2.696152e-04
    3.623907e-04
    3.764024e-04
    4.004581e-04
    2.109609e-04
    3.052581e-04
    3.083119e-04
    3.500918e-04
    4.118011e-04
    2.767910e-04
    2.339798e-04
    3.053413e-04
    3.418244e-04
    3.450924e-04
    1.609255e-04
    2.607346e-04
    2.816456e-04
    2.998250e-04
    3.691177e-04
    2.457435e-04
    2.033288e-04
    2.564929e-04
    3.044735e-04
    2.982589e-04
    1.161784e-04
    2.140377e-04
    2.404965e-04
    2.529277e-04
    3.236013e-04
    6.664408e-04
    3.611933e-04
    5.084453e-04
    5.046651e-04
    6.185141e-04
    3.080408e-04
    3.540805e-04
    4.312412e-04
    4.503280e-04
    4.599831e-04
    3.045701e-04
    3.549254e-04
    3.473705e-04
    4.088907e-04
    4.751466e-04
    2.970801e-04
    2.696152e-04
    3.623907e-04
    3.764024e-04
    4.004581e-04
    2.109609e-04
    3.052581e-04
    3.083119e-04
    3.500918e-04
    4.118011e-04
    2.767910e-04
    2.339798e-04
    3.053413e-04
    3.418244e-04
    3.450924e-04
    1.609255e-04
    2.607346e-04
    2.816456e-04
    2.998250e-04
    3.691177e-04
    2.457435e-04
    2.033288e-04
    2.564929e-04
    3.044735e-04
    2.982589e-04
    1.161784e-04
    2.140377e-04
    2.404965e-04
    2.529277e-04
    3.236013e-04
    1.534471e-03
    1.257581e-03
    1.534471e-03
    7.871527e-04
    8.339674e-04
    7.871527e-04
    6.640629e-04
    3.740137e-04
    6.640629e-04
    2.712068e-04
    4.226319e-04
    2.712068e-04
    4.169638e-04
    9.900170e-05
    4.169638e-04
    9.193719e-05
    3.257384e-04
    9.193719e-05
    3.376268e-04
    3.744795e-05
    3.376268e-04
    7.292371e-05
    2.897678e-04
    7.292371e-05
    3.019684e-04
    8.340282e-05
    3.019684e-04
    4.974904e-04
    6.812934e-04
    4.974904e-04
    7.051262e-04
    6.216732e-04
    7.051262e-04
    4.238307e-04
    4.686435e-04
    4.238307e-04
    5.149704e-04
    4.699466e-04
    5.149704e-04
    3.701621e-04
    4.067224e-04
    3.701621e-04
    4.303445e-04
    3.904340e-04
    4.303445e-04
    3.331404e-04
    3.700054e-04
    3.331404e-04
    3.771153e-04
    3.365630e-04
    3.771153e-04
    2.999833e-04
    3.369693e-04
    2.999833e-04
    1.082787e-03
    9.001084e-04
    1.082787e-03
    4.935374e-04
    4.419707e-04
    4.935374e-04
    2.045758e-04
    2.252589e-04
    2.045758e-04
    7.042004e-05
    1.410457e-04
    7.042004e-05
    7.884630e-05
    6.796475e-05
    7.884630e-05
    5.550756e-05
    5.229620e-05
    5.550756e-05
    7.364685e-04
    1.996123e-04
    1.456363e-04
    2.281869e-04
    2.070182e-04
    7.925302e-05
    2.701106e-04
    9.361261e-05
    1.128098e-04
    1.546489e-04
    1.413565e-04
    7.525757e-05
    1.777706e-04
    9.404293e-05
    9.142031e-05
    1.479168e-04
    1.110793e-04
    6.363733e-05
    1.337676e-04
    8.200245e-05
    7.602997e-05
    1.359579e-04
    9.396713e-05
    5.288637e-05
    1.072123e-04
    6.975439e-05
    6.208865e-05
    7.364685e-04
    1.996123e-04
    1.456363e-04
    2.281869e-04
    2.070182e-04
    7.925302e-05
    2.701106e-04
    9.361261e-05
    1.128098e-04
    1.546489e-04
    1.413565e-04
    7.525757e-05
    1.777706e-04
    9.404293e-05
    9.142031e-05
    1.479168e-04
    1.110793e-04
    6.363733e-05
    1.337676e-04
    8.200245e-05
    7.602997e-05
    1.359579e-04
    9.396713e-05
    5.288637e-05
    1.072123e-04
    6.975439e-05
    6.208865e-05
    0.000000e+00
    0.000000e+00
    0.000000e+00
    0.000000e+00
    0.000000e+00
    0.000000e+00
    0.000000e+00
    0.000000e+00
    0.000000e+00
    0.000000e+00
    0.000000e+00
    0.000000e+00
    0.000000e+00
    0.000000e+00
    0.000000e+00
    0.000000e+00
    0.000000e+00
    0.000000e+00
    0.000000e+00
    0.000000e+00
    0.000000e+00
    0.000000e+00
    0.000000e+00
    0.000000e+00
    0.000000e+00
    0.000000e+00
    0.000000e+00
    3.706839e-04
    5.775254e-04
    3.706839e-04
    5.306052e-04
    2.739975e-04
    5.306052e-04
    4.152686e-04
    5.935136e-04
    4.152686e-04
    5.090103e-04
    4.623110e-04
    5.090103e-04
    6.509824e-04
    6.769139e-04
    6.509824e-04
    3.464897e-04
    2.978837e-04
    3.464897e-04
    3.632629e-04
    4.219077e-04
    3.632629e-04
    4.166989e-04
    4.053210e-04
    4.166989e-04
    4.666273e-04
    5.270056e-04
    4.666273e-04
    4.749475e-04
    4.282770e-04
    4.749475e-04
    3.122861e-04
    2.626310e-04
    3.122861e-04
    3.107382e-04
    3.669382e-04
    3.107382e-04
    3.939722e-04
    3.935159e-04
    3.939722e-04
    4.023642e-04
    3.816714e-04
    4.023642e-04
    4.741028e-04
    5.270543e-04
    4.741028e-04
    2.084912e-04
    3.470297e-04
    2.084912e-04
    3.586775e-04
    2.692184e-04
    3.586775e-04
    3.135714e-04
    3.630936e-04
    3.135714e-04
    4.041492e-04
    4.060453e-04
    4.041492e-04
    4.094647e-04
    3.701198e-04
    4.094647e-04
    3.110949e-04
    1.783633e-04
    3.110949e-04
    2.394745e-04
    3.347860e-04
    2.394745e-04
    3.500628e-04
    3.103707e-04
    3.500628e-04
    3.443430e-04
    3.435381e-04
    3.443430e-04
    3.942512e-04
    4.342338e-04
    3.942512e-04
    1.526720e-04
    3.220618e-04
    1.526720e-04
    3.178197e-04
    2.145328e-04
    3.178197e-04
    2.728380e-04
    3.209323e-04
    2.728380e-04
    3.502494e-04
    3.454922e-04
    3.502494e-04
    3.654628e-04
    3.354720e-04
    3.654628e-04
    2.852487e-04
    1.310508e-04
    2.852487e-04
    2.043079e-04
    2.907018e-04
    2.043079e-04
    3.016772e-04
    2.698785e-04
    3.016772e-04
    3.068095e-04
    3.066673e-04
    3.068095e-04
    3.406315e-04
    3.739955e-04
    3.406315e-04
    1.120169e-04
    2.831249e-04
    1.120169e-04
    2.700891e-04
    1.804479e-04
    2.700891e-04
    2.395770e-04
    2.755505e-04
    2.395770e-04
    3.007548e-04
    2.975822e-04
    3.007548e-04
    3.256462e-04
    3.014809e-04
    3.256462e-04
    2.433777e-04
    8.720314e-05
    2.433777e-04
    1.647134e-04
    2.411816e-04
    1.647134e-04
    2.495302e-04
    2.238438e-04
    2.495302e-04
    2.643014e-04
    2.660680e-04
    2.643014e-04
    2.912504e-04
    3.185080e-04
    2.912504e-04
    3.534996e-04
    2.829216e-04
    3.534996e-04
    1.893393e-04
    1.804143e-04
    1.893393e-04
    6.794549e-05
    7.371929e-05
    6.794549e-05
    2.081800e-04
    2.807358e-04
    2.081800e-04
    1.888243e-04
    1.234731e-04
    1.888243e-04
    6.631484e-05
    1.192173e-04
    6.631484e-05
    2.102942e-04
    1.446295e-04
    2.102942e-04
    1.243398e-04
    1.963851e-04
    1.243398e-04
    7.664365e-05
    5.656481e-05
    7.664365e-05
    1.433844e-04
    2.471706e-04
    1.433844e-04
    1.540976e-04
    8.026282e-05
    1.540976e-04
    4.581647e-05
    8.893449e-05
    4.581647e-05
    1.798958e-04
    1.214469e-04
    1.798958e-04
    1.038432e-04
    1.360223e-04
    1.038432e-04
    5.362504e-05
    3.989287e-05
    5.362504e-05
    1.150547e-04
    1.999433e-04
    1.150547e-04
    1.180053e-04
    6.438594e-05
    1.180053e-04
    4.359996e-05
    6.398934e-05
    4.359996e-05
    1.545308e-04
    9.697928e-05
    1.545308e-04
    9.483409e-05
    1.043427e-04
    9.483409e-05
    4.077138e-05
    4.047668e-05
    4.077138e-05
    9.168624e-05
    1.700263e-04
    9.168624e-05
    9.525896e-05
    6.356735e-05
    9.525896e-05
    4.248411e-05
    5.071722e-05
    4.248411e-05
    1.353226e-04
    7.900276e-05
    1.353226e-04
    8.840327e-05
    8.730798e-05
    8.840327e-05
    3.090864e-05
    3.954541e-05
    3.090864e-05
    1.444540e-01
    3.518354e-03
    1.442087e-01
    2.071762e-01
    2.118531e-01
    2.129119e-01
    1.475039e-01
    1.500556e-01
    2.139848e-01
    2.483900e-02
    1.475039e-01
    2.139848e-01
    2.129119e-01
    2.071762e-01
    1.500556e-01
    1.444540e-01
    1.442087e-01
    3.518354e-03
    2.118531e-01
    1.409824e-01
    1.379067e-01
    1.344273e-01
    1.298851e-01
    1.237595e-01
    1.156727e-01
    1.053861e-01
    9.280310e-02
    7.796715e-02
    6.106470e-02
    4.242879e-02
    2.257040e-02
    1.414171e-01
    1.398375e-01
    1.386663e-01
    1.371799e-01
    1.347437e-01
    1.308275e-01
    1.250142e-01
    1.170040e-01
    1.066242e-01
    9.382588e-02
    7.869080e-02
    6.142939e-02
    4.238819e-02
    2.209166e-02
    2.048163e-01
    2.032854e-01
    2.020089e-01
    2.005161e-01
    1.984395e-01
    1.955233e-01
    1.916221e-01
    1.867060e-01
    1.808581e-01
    1.742752e-01
    1.672625e-01
    1.602192e-01
    1.536379e-01
    1.480851e-01
    2.077562e-01
    2.083516e-01
    2.089504e-01
    2.095471e-01
    2.101351e-01
    2.107149e-01
    2.112870e-01
    1.441690e-01
    1.441774e-01
    1.442100e-01
    1.442468e-01
    1.442818e-01
    1.443136e-01
    1.443578e-01
    2.149807e-01
    2.181791e-01
    2.218468e-01
    2.254240e-01
    2.284516e-01
    2.305763e-01
    2.315581e-01
    2.312704e-01
    2.297022e-01
    2.269629e-01
    2.232727e-01
    2.189644e-01
    2.144745e-01
    2.103359e-01
    1.552978e-01
    1.639840e-01
    1.729865e-01
    1.817778e-01
    1.899019e-01
    1.970025e-01
    2.028338e-01
    2.072648e-01
    2.102870e-01
    2.120118e-01
    2.126645e-01
    2.125866e-01
    2.122210e-01
    2.121145e-01
    1.470122e-01
    1.470167e-01
    1.473138e-01
    1.477704e-01
    1.483068e-01
    1.488808e-01
    1.494675e-01
    2.049887e-01
    2.032912e-01
    2.014808e-01
    1.990904e-01
    1.957990e-01
    1.914218e-01
    1.859147e-01
    1.793777e-01
    1.720459e-01
    1.642993e-01
    1.566558e-01
    1.497744e-01
    2.163590e-01
    2.195561e-01
    2.228700e-01
    2.257349e-01
    2.277224e-01
    2.285461e-01
    2.280604e-01
    2.262599e-01
    2.232794e-01
    2.193948e-01
    2.150212e-01
    2.107159e-01
    2.130494e-01
    2.131828e-01
    2.133115e-01
    2.134370e-01
    2.135628e-01
    2.136927e-01
    2.138307e-01
    2.803820e-02
    3.398657e-02
    4.194413e-02
    5.128797e-02
    6.143135e-02
    7.185427e-02
    8.213416e-02
    9.196236e-02
    1.011498e-01
    1.096301e-01
    1.174561e-01
    1.248051e-01
    1.319685e-01
    1.393583e-01
    2.803820e-02
    3.398657e-02
    4.194413e-02
    5.128797e-02
    6.143135e-02
    7.185427e-02
    8.213416e-02
    9.196236e-02
    1.011498e-01
    1.096301e-01
    1.174561e-01
    1.248051e-01
    1.319685e-01
    1.393583e-01
    1.477726e-02
    2.178204e-02
    3.174037e-02
    4.366179e-02
    5.671701e-02
    7.021210e-02
    8.358876e-02
    9.642604e-02
    1.084415e-01
    1.194919e-01
    1.295731e-01
    1.388202e-01
    1.307543e-02
    1.417079e-02
    1.527355e-02
    1.848476e-02
    2.060392e-02
    2.272092e-02
    1.563032e-01
    1.658513e-01
    1.754325e-01
    1.844642e-01
    1.925019e-01
    1.992396e-01
    2.045142e-01
    2.083015e-01
    2.107197e-01
    2.120266e-01
    2.126229e-01
    2.130484e-01
    1.477726e-02
    2.178204e-02
    3.174037e-02
    4.366179e-02
    5.671701e-02
    7.021210e-02
    8.358876e-02
    9.642604e-02
    1.084415e-01
    1.194919e-01
    1.295731e-01
    1.388202e-01
    1.563032e-01
    1.658513e-01
    1.754325e-01
    1.844642e-01
    1.925019e-01
    1.992396e-01
    2.045142e-01
    2.083015e-01
    2.107197e-01
    2.120266e-01
    2.126229e-01
    2.130484e-01
    1.552978e-01
    1.639840e-01
    1.729865e-01
    1.817778e-01
    1.899019e-01
    1.970025e-01
    2.028338e-01
    2.072648e-01
    2.102870e-01
    2.120118e-01
    2.126645e-01
    2.125866e-01
    2.122210e-01
    2.121145e-01
    2.130494e-01
    2.131828e-01
    2.133115e-01
    2.134370e-01
    2.135628e-01
    2.136927e-01
    2.138307e-01
    2.163590e-01
    2.195561e-01
    2.228700e-01
    2.257349e-01
    2.277224e-01
    2.285461e-01
    2.280604e-01
    2.262599e-01
    2.232794e-01
    2.193948e-01
    2.150212e-01
    2.107159e-01
    1.470122e-01
    1.470167e-01
    1.473138e-01
    1.477704e-01
    1.483068e-01
    1.488808e-01
    1.494675e-01
    2.149807e-01
    2.181791e-01
    2.218468e-01
    2.254240e-01
    2.284516e-01
    2.305763e-01
    2.315581e-01
    2.312704e-01
    2.297022e-01
    2.269629e-01
    2.232727e-01
    2.189644e-01
    2.144745e-01
    2.103359e-01
    2.049887e-01
    2.032912e-01
    2.014808e-01
    1.990904e-01
    1.957990e-01
    1.914218e-01
    1.859147e-01
    1.793777e-01
    1.720459e-01
    1.642993e-01
    1.566558e-01
    1.497744e-01
    2.048163e-01
    2.032854e-01
    2.020089e-01
    2.005161e-01
    1.984395e-01
    1.955233e-01
    1.916221e-01
    1.867060e-01
    1.808581e-01
    1.742752e-01
    1.672625e-01
    1.602192e-01
    1.536379e-01
    1.480851e-01
    1.441690e-01
    1.441774e-01
    1.442100e-01
    1.442468e-01
    1.442818e-01
    1.443136e-01
    1.443578e-01
    1.409824e-01
    1.379067e-01
    1.344273e-01
    1.298851e-01
    1.237595e-01
    1.156727e-01
    1.053861e-01
    9.280310e-02
    7.796715e-02
    6.106470e-02
    4.242879e-02
    2.257040e-02
    2.077562e-01
    2.083516e-01
    2.089504e-01
    2.095471e-01
    2.101351e-01
    2.107149e-01
    2.112870e-01
    1.414171e-01
    1.398375e-01
    1.386663e-01
    1.371799e-01
    1.347437e-01
    1.308275e-01
    1.250142e-01
    1.170040e-01
    1.066242e-01
    9.382588e-02
    7.869080e-02
    6.142939e-02
    4.238819e-02
    2.209166e-02
    1.444540e-01
    3.518354e-03
    1.442087e-01
    2.071762e-01
    2.118531e-01
    2.129119e-01
    1.475039e-01
    1.500556e-01
    2.139848e-01
    2.483900e-02
    1.475039e-01
    2.139848e-01
    2.129119e-01
    2.071762e-01
    1.500556e-01
    1.444540e-01
    1.442087e-01
    3.518354e-03
    2.118531e-01
    1.409824e-01
    1.379067e-01
    1.344273e-01
    1.298851e-01
    1.237595e-01
    1.156727e-01
    1.053861e-01
    9.280310e-02
    7.796715e-02
    6.106470e-02
    4.242879e-02
    2.257040e-02
    1.414171e-01
    1.398375e-01
    1.386663e-01
    1.371799e-01
    1.347437e-01
    1.308275e-01
    1.250142e-01
    1.170040e-01
    1.066242e-01
    9.382588e-02
    7.869080e-02
    6.142939e-02
    4.238819e-02
    2.209166e-02
    2.048163e-01
    2.032854e-01
    2.020089e-01
    2.005161e-01
    1.984395e-01
    1.955233e-01
    1.916221e-01
    1.867060e-01
    1.808581e-01
    1.742752e-01
    1.672625e-01
    1.602192e-01
    1.536379e-01
    1.480851e-01
    2.077562e-01
    2.083516e-01
    2.089504e-01
    2.095471e-01
    2.101351e-01
    2.107149e-01
    2.112870e-01
    1.441690e-01
    1.441774e-01
    1.442100e-01
    1.442468e-01
    1.442818e-01
    1.443136e-01
    1.443578e-01
    2.149807e-01
    2.181791e-01
    2.218468e-01
    2.254240e-01
    2.284516e-01
    2.305763e-01
    2.315581e-01
    2.312704e-01
    2.297022e-01
    2.269629e-01
    2.232727e-01
    2.189644e-01
    2.144745e-01
    2.103359e-01
    1.552978e-01
    1.639840e-01
    1.729865e-01
    1.817778e-01
    1.899019e-01
    1.970025e-01
    2.028338e-01
    2.072648e-01
    2.102870e-01
    2.120118e-01
    2.126645e-01
    2.125866e-01
    2.122210e-01
    2.121145e-01
    1.470122e-01
    1.470167e-01
    1.473138e-01
    1.477704e-01
    1.483068e-01
    1.488808e-01
    1.494675e-01
    2.049887e-01
    2.032912e-01
    2.014808e-01
    1.990904e-01
    1.957990e-01
    1.914218e-01
    1.859147e-01
    1.793777e-01
    1.720459e-01
    1.642993e-01
    1.566558e-01
    1.497744e-01
    2.163590e-01
    2.195561e-01
    2.228700e-01
    2.257349e-01
    2.277224e-01
    2.285461e-01
    2.280604e-01
    2.262599e-01
    2.232794e-01
    2.193948e-01
    2.150212e-01
    2.107159e-01
    2.130494e-01
    2.131828e-01
    2.133115e-01
    2.134370e-01
    2.135628e-01
    2.136927e-01
    2.138307e-01
    2.803820e-02
    3.398657e-02
    4.194413e-02
    5.128797e-02
    6.143135e-02
    7.185427e-02
    8.213416e-02
    9.196236e-02
    1.011498e-01
    1.096301e-01
    1.174561e-01
    1.248051e-01
    1.319685e-01
    1.393583e-01
    2.803820e-02
    3.398657e-02
    4.194413e-02
    5.128797e-02
    6.143135e-02
    7.185427e-02
    8.213416e-02
    9.196236e-02
    1.011498e-01
    1.096301e-01
    1.174561e-01
    1.248051e-01
    1.319685e-01
    1.393583e-01
    1.477726e-02
    2.178204e-02
    3.174037e-02
    4.366179e-02
    5.671701e-02
    7.021210e-02
    8.358876e-02
    9.642604e-02
    1.084415e-01
    1.194919e-01
    1.295731e-01
    1.388202e-01
    1.307543e-02
    1.417079e-02
    1.527355e-02
    1.848476e-02
    2.060392e-02
    2.272092e-02
    1.563032e-01
    1.658513e-01
    1.754325e-01
    1.844642e-01
    1.925019e-01
    1.992396e-01
    2.045142e-01
    2.083015e-01
    2.107197e-01
    2.120266e-01
    2.126229e-01
    2.130484e-01
    1.477726e-02
    2.178204e-02
    3.174037e-02
    4.366179e-02
    5.671701e-02
    7.021210e-02
    8.358876e-02
    9.642604e-02
    1.084415e-01
    1.194919e-01
    1.295731e-01
    1.388202e-01
    1.563032e-01
    1.658513e-01
    1.754325e-01
    1.844642e-01
    1.925019e-01
    1.992396e-01
    2.045142e-01
    2.083015e-01
    2.107197e-01
    2.120266e-01
    2.126229e-01
    2.130484e-01
    1.552978e-01
    1.639840e-01
    1.729865e-01
    1.817778e-01
    1.899019e-01
    1.970025e-01
    2.028338e-01
    2.072648e-01
    2.102870e-01
    2.120118e-01
    2.126645e-01
    2.125866e-01
    2.122210e-01
    2.121145e-01
    2.130494e-01
    2.131828e-01
    2.133115e-01
    2.134370e-01
    2.135628e-01
    2.136927e-01
    2.138307e-01
    2.163590e-01
    2.195561e-01
    2.228700e-01
    2.257349e-01
    2.277224e-01
    2.285461e-01
    2.280604e-01
    2.262599e-01
    2.232794e-01
    2.193948e-01
    2.150212e-01
    2.107159e-01
    1.470122e-01
    1.470167e-01
    1.473138e-01
    1.477704e-01
    1.483068e-01
    1.488808e-01
    1.494675e-01
    2.149807e-01
    2.181791e-01
    2.218468e-01
    2.254240e-01
    2.284516e-01
    2.305763e-01
    2.315581e-01
    2.312704e-01
    2.297022e-01
    2.269629e-01
    2.232727e-01
    2.189644e-01
    2.144745e-01
    2.103359e-01
    2.049887e-01
    2.032912e-01
    2.014808e-01
    1.990904e-01
    1.957990e-01
    1.914218e-01
    1.859147e-01
    1.793777e-01
    1.720459e-01
    1.642993e-01
    1.566558e-01
    1.497744e-01
    2.048163e-01
    2.032854e-01
    2.020089e-01
    2.005161e-01
    1.984395e-01
    1.955233e-01
    1.916221e-01
    1.867060e-01
    1.808581e-01
    1.742752e-01
    1.672625e-01
    1.602192e-01
    1.536379e-01
    1.480851e-01
    1.441690e-01
    1.441774e-01
    1.442100e-01
    1.442468e-01
    1.442818e-01
    1.443136e-01
    1.443578e-01
    1.409824e-01
    1.379067e-01
    1.344273e-01
    1.298851e-01
    1.237595e-01
    1.156727e-01
    1.053861e-01
    9.280310e-02
    7.796715e-02
    6.106470e-02
    4.242879e-02
    2.257040e-02
    2.077562e-01
    2.083516e-01
    2.089504e-01
    2.095471e-01
    2.101351e-01
    2.107149e-01
    2.112870e-01
    1.414171e-01
    1.398375e-01
    1.386663e-01
    1.371799e-01
    1.347437e-01
    1.308275e-01
    1.250142e-01
    1.170040e-01
    1.066242e-01
    9.382588e-02
    7.869080e-02
    6.142939e-02
    4.238819e-02
    2.209166e-02
SCALARS RotationMagnitude float 1
LOOKUP_TABLE default
    1.742201e-02
    1.742201e-02
    1.332137e-02
    1.332137e-02
    1.384734e-02
    1.384734e-02
    1.356145e-02
    1.356145e-02
    1.434330e-02
    1.434330e-02
    1.356145e-02
    1.356145e-02
    1.384734e-02
    1.384734e-02
    1.332137e-02
    1.332137e-02
    1.742201e-02
    1.742201e-02
    3.913351e-02
    3.913351e-02
    3.913351e-02
    3.913351e-02
    9.799097e-03
    6.128840e-03
    9.799097e-03
    1.287918e-02
    1.259482e-02
    1.146133e-02
    8.024746e-03
    3.123835e-03
    2.997479e-03
    7.148171e-03
    9.679673e-03
    1.115747e-02
    6.682122e-03
    2.744700e-03
    6.682122e-03
    1.115747e-02
    9.679673e-03
    7.148171e-03
    2.997479e-03
    3.123835e-03
    8.024746e-03
    1.146133e-02
    1.259482e-02
    1.287918e-02
    1.547877e-02
    1.460406e-02
    1.163232e-02
    6.607630e-03
    2.073835e-03
    7.157423e-03
    1.195600e-02
    1.451874e-02
    1.513472e-02
    6.509963e-03
    9.409980e-04
    6.509963e-03
    1.513472e-02
    1.451874e-02
    1.195600e-02
    7.157423e-03
    2.073835e-03
    6.607630e-03
    1.163232e-02
    1.460406e-02
    1.547877e-02
    1.362730e-02
    1.274759e-02
    1.024150e-02
    5.634046e-03
    2.146899e-03
    7.676573e-03
    1.251117e-02
    1.519034e-02
    1.584271e-02
    6.727797e-03
    2.539200e-03
    6.727797e-03
    1.584271e-02
    1.519034e-02
    1.251117e-02
    7.676573e-03
    2.146899e-03
    5.634046e-03
    1.024150e-02
    1.274759e-02
    1.362730e-02
    1.180031e-02
    1.036986e-02
    7.764233e-03
    3.433229e-03
    3.468031e-03
    9.093509e-03
    1.335116e-02
    1.524882e-02
    1.534646e-02
    6.704940e-03
    8.153015e-13
    6.704940e-03
    1.534646e-02
    1.524882e-02
    1.335116e-02
    9.093509e-03
    3.468031e-03
    3.433229e-03
    7.764233e-03
    1.036986e-02
    1.180031e-02
    1.534646e-02
    1.524882e-02
    1.335116e-02
    9.093509e-03
    3.468031e-03
    3.433229e-03
    7.764233e-03
    1.036986e-02
    1.180031e-02
    6.727797e-03
    2.539200e-03
    6.727797e-03
    1.180031e-02
    1.036986e-02
    7.764233e-03
    3.433229e-03
    3.468031e-03
    9.093509e-03
    1.335116e-02
    1.524882e-02
    1.534646e-02
    1.584271e-02
    1.519034e-02
    1.251117e-02
    7.676573e-03
    2.146899e-03
    5.634046e-03
    1.024150e-02
    1.274759e-02
    1.362730e-02
    6.509963e-03
    9.409980e-04
    6.509963e-03
    1.362730e-02
    1.274759e-02
    1.024150e-02
    5.634046e-03
    2.146899e-03
    7.676573e-03
    1.251117e-02
    1.519034e-02
    1.584271e-02
    1.513472e-02
    1.451874e-02
    1.195600e-02
    7.157423e-03
    2.073835e-03
    6.607630e-03
    1.163232e-02
    1.460406e-02
    1.547877e-02
    6.682122e-03
    2.744700e-03
    6.682122e-03
    1.547877e-02
    1.460406e-02
    1.163232e-02
    6.607630e-03
    2.073835e-03
    7.157423e-03
    1.195600e-02
    1.451874e-02
    1.513472e-02
    1.115747e-02
    9.679673e-03
    7.148171e-03
    2.997479e-03
    3.123835e-03
    8.024746e-03
    1.146133e-02
    1.259482e-02
    1.287918e-02
    9.799097e-03
    6.128840e-03
    9.799097e-03
    1.287918e-02
    1.259482e-02
    1.146133e-02
    8.024746e-03
    3.123835e-03
    2.997479e-03
    7.148171e-03
    9.679673e-03
    1.115747e-02
    2.244106e-02
    2.279079e-02
    1.957272e-02
    1.290471e-02
    5.590272e-03
    1.011408e-02
    2.050495e-02
    2.990595e-02
    3.674800e-02
    3.895191e-02
    3.720290e-02
    3.895191e-02
    3.674800e-02
    2.990595e-02
    2.050495e-02
    1.011408e-02
    5.590272e-03
    1.290471e-02
    1.957272e-02
    2.279079e-02
    2.244106e-02
    2.244106e-02
    2.279079e-02
    1.957272e-02
    1.290471e-02
    5.590272e-03
    1.011408e-02
    2.050495e-02
    2.990595e-02
    3.674800e-02
    3.895191e-02
    3.720290e-02
    3.895191e-02
    3.674800e-02
    2.990595e-02
    2.050495e-02
    1.011408e-02
    5.590272e-03
    1.290471e-02
    1.957272e-02
    2.279079e-02
    2.244106e-02
    8.483156e-03
    6.839570e-04
    8.483156e-03
    1.116099e-02
    7.353610e-03
    1.116099e-02
    1.080878e-02
    8.774090e-03
    1.080878e-02
    7.641278e-03
    6.625340e-03
    7.641278e-03
    2.793494e-03
    2.594600e-03
    2.793494e-03
    2.457626e-03
    1.804590e-03
    2.457626e-03
    6.651943e-03
    5.050360e-03
    6.651943e-03
    8.660935e-03
    5.498980e-03
    8.660935e-03
    7.719337e-03
    1.502030e-03
    7.719337e-03
    1.237363e-02
    6.864660e-03
    1.237363e-02
    1.359302e-02
    1.048010e-02
    1.359302e-02
    1.109264e-02
    9.396000e-03
    1.109264e-02
    6.036929e-03
    5.257810e-03
    6.036929e-03
    8.176736e-04
    2.902660e-04
    8.176736e-04
    6.612775e-03
    5.735750e-03
    6.612775e-03
    1.138134e-02
    9.569440e-03
    1.138134e-02
    1.343152e-02
    1.013430e-02
    1.343152e-02
    1.170278e-02
    5.776930e-03
    1.170278e-02
    1.007065e-02
    3.915750e-03
    1.007065e-02
    1.165738e-02
    8.336720e-03
    1.165738e-02
    9.675457e-03
    7.877220e-03
    9.675457e-03
    5.047657e-03
    4.191980e-03
    5.047657e-03
    1.236595e-03
    1.062890e-03
    1.236595e-03
    7.174721e-03
    6.375850e-03
    7.174721e-03
    1.196219e-02
    1.023450e-02
    1.196219e-02
    1.415597e-02
    1.098910e-02
    1.415597e-02
    1.260940e-02
    6.990540e-03
    1.260940e-02
    8.248758e-03
    1.953490e-03
    8.248758e-03
    9.331381e-03
    6.076640e-03
    9.331381e-03
    7.232865e-03
    5.529350e-03
    7.232865e-03
    2.722833e-03
    1.961450e-03
    2.722833e-03
    3.092177e-03
    2.977850e-03
    3.092177e-03
    8.665524e-03
    7.774950e-03
    8.665524e-03
    1.276305e-02
    1.091840e-02
    1.276305e-02
    1.410756e-02
    1.074930e-02
    1.410756e-02
    1.171155e-02
    5.611390e-03
    1.171155e-02
    1.171155e-02
    5.611390e-03
    1.171155e-02
    1.410756e-02
    1.074930e-02
    1.410756e-02
    1.276305e-02
    1.091840e-02
    1.276305e-02
    8.665524e-03
    7.774950e-03
    8.665524e-03
    3.092177e-03
    2.977850e-03
    3.092177e-03
    2.722833e-03
    1.961450e-03
    2.722833e-03
    7.232865e-03
    5.529350e-03
    7.232865e-03
    9.331381e-03
    6.076640e-03
    9.331381e-03
    8.248758e-03
    1.953490e-03
    8.248758e-03
    1.260940e-02
    6.990540e-03
    1.260940e-02
    1.415597e-02
    1.098910e-02
    1.415597e-02
    1.196219e-02
    1.023450e-02
    1.196219e-02
    7.174721e-03
    6.375850e-03
    7.174721e-03
    1.236595e-03
    1.062890e-03
    1.236595e-03
    5.047657e-03
    4.191980e-03
    5.047657e-03
    9.675457e-03
    7.877220e-03
    9.675457e-03
    1.165738e-02
    8.336720e-03
    1.165738e-02
    1.007065e-02
    3.915750e-03
    1.007065e-02
    1.170278e-02
    5.776930e-03
    1.170278e-02
    1.343152e-02
    1.013430e-02
    1.343152e-02
    1.138134e-02
    9.569440e-03
    1.138134e-02
    6.612775e-03
    5.735750e-03
    6.612775e-03
    8.176736e-04
    2.902660e-04
    8.176736e-04
    6.036929e-03
    5.257810e-03
    6.036929e-03
    1.109264e-02
    9.396000e-03
    1.109264e-02
    1.359302e-02
    1.048010e-02
    1.359302e-02
    1.237363e-02
    6.864660e-03
    1.237363e-02
    7.719337e-03
    1.502030e-03
    7.719337e-03
    8.660935e-03
    5.498980e-03
    8.660935e-03
    6.651943e-03
    5.050360e-03
    6.651943e-03
    2.457626e-03
    1.804590e-03
    2.457626e-03
    2.793494e-03
    2.594600e-03
    2.793494e-03
    7.641278e-03
    6.625340e-03
    7.641278e-03
    1.080878e-02
    8.774090e-03
    1.080878e-02
    1.116099e-02
    7.353610e-03
    1.116099e-02
    8.483156e-03
    6.839570e-04
    8.483156e-03
    1.885993e-02
    1.241470e-02
    1.885993e-02
    2.145701e-02
    1.750500e-02
    2.145701e-02
    1.875098e-02
    1.628530e-02
    1.875098e-02
    1.202439e-02
    1.042970e-02
    1.202439e-02
    3.193093e-03
    1.593530e-03
    3.193093e-03
    8.910210e-03
    8.748780e-03
    8.910210e-03
    1.982667e-02
    1.919370e-02
    1.982667e-02
    2.934663e-02
    2.831800e-02
    2.934663e-02
    3.649770e-02
    3.446690e-02
    3.649770e-02
    1.885993e-02
    1.241470e-02
    1.885993e-02
    2.145701e-02
    1.750500e-02
    2.145701e-02
    1.875098e-02
    1.628530e-02
    1.875098e-02
    1.202439e-02
    1.042970e-02
    1.202439e-02
    3.193093e-03
    1.593530e-03
    3.193093e-03
    8.910210e-03
    8.748780e-03
    8.910210e-03
    1.982667e-02
    1.919370e-02
    1.982667e-02
    2.934663e-02
    2.831800e-02
    2.934663e-02
    3.649770e-02
    3.446690e-02
    3.649770e-02
    0.000000e+00
    0.000000e+00
    0.000000e+00
    0.000000e+00
    0.000000e+00
    0.000000e+00
    0.000000e+00
    0.000000e+00
    0.000000e+00
    0.000000e+00
    0.000000e+00
    0.000000e+00
    0.000000e+00
    0.000000e+00
    0.000000e+00
    0.000000e+00
    0.000000e+00
    0.000000e+00
    0.000000e+00
    0.000000e+00
    0.000000e+00
    0.000000e+00
    0.000000e+00
    0.000000e+00
    0.000000e+00
    0.000000e+00
    0.000000e+00
    0.000000e+00
    0.000000e+00
    0.000000e+00
    0.000000e+00
    0.000000e+00
    0.000000e+00
    0.000000e+00
    0.000000e+00
    0.000000e+00
    0.000000e+00
    0.000000e+00
    0.000000e+00
    0.000000e+00
    0.000000e+00
    0.000000e+00
    0.000000e+00
    0.000000e+00
    0.000000e+00
    0.000000e+00
    0.000000e+00
    0.000000e+00
    0.000000e+00
    0.000000e+00
    0.000000e+00
    0.000000e+00
    0.000000e+00
    0.000000e+00
    0.000000e+00
    0.000000e+00
    0.000000e+00
    0.000000e+00
    0.000000e+00
    0.000000e+00
    0.000000e+00
    0.000000e+00
    0.000000e+00
    0.000000e+00
    0.000000e+00
    0.000000e+00
    0.000000e+00
    0.000000e+00
    0.000000e+00
    0.000000e+00
    0.000000e+00
    0.000000e+00
    0.000000e+00
    0.000000e+00
    0.000000e+00
    0.000000e+00
    0.000000e+00
    0.000000e+00
    0.000000e+00
    0.000000e+00
    0.000000e+00
    0.000000e+00
    0.000000e+00
    0.000000e+00
    0.000000e+00
    0.000000e+00
    0.000000e+00
    0.000000e+00
    0.000000e+00
    0.000000e+00
    0.000000e+00
    0.000000e+00
    0.000000e+00
    0.000000e+00
    0.000000e+00
    0.000000e+00
    0.000000e+00
    0.000000e+00
    0.000000e+00
    0.000000e+00
    0.000000e+00
    0.000000e+00
    0.000000e+00
    0.000000e+00
    0.000000e+00
    0.000000e+00
    0.000000e+00
    0.000000e+00
    0.000000e+00
    0.000000e+00
    0.000000e+00
    0.000000e+00
    0.000000e+00
    0.000000e+00
    0.000000e+00
    0.000000e+00
    0.000000e+00
    0.000000e+00
    0.000000e+00
    0.000000e+00
    0.000000e+00
    0.000000e+00
    0.000000e+00
    0.000000e+00
    0.000000e+00
    0.000000e+00
    0.000000e+00
    0.000000e+00
    0.000000e+00
    0.000000e+00
    0.000000e+00
    0.000000e+00
    0.000000e+00
    0.000000e+00
    0.000000e+00
    0.000000e+00
    0.000000e+00
    0.000000e+00
    0.000000e+00
    0.000000e+00
    0.000000e+00
    0.000000e+00
    0.000000e+00
    0.000000e+00
    0.000000e+00
    0.000000e+00
    0.000000e+00
    0.000000e+00
    0.000000e+00
    0.000000e+00
    0.000000e+00
    0.000000e+00
    0.000000e+00
    0.000000e+00
    0.000000e+00
    0.000000e+00
    0.000000e+00
    0.000000e+00
    0.000000e+00
    0.000000e+00
    0.000000e+00
    0.000000e+00
    0.000000e+00
    0.000000e+00
    0.000000e+00
    0.000000e+00
    0.000000e+00
    0.000000e+00
    0.000000e+00
    0.000000e+00
    0.000000e+00
    0.000000e+00
    0.000000e+00
    0.000000e+00
    0.000000e+00
    0.000000e+00
    0.000000e+00
    0.000000e+00
    0.000000e+00
    0.000000e+00
    0.000000e+00
    0.000000e+00
    0.000000e+00
    0.000000e+00
    0.000000e+00
    0.000000e+00
    0.000000e+00
    0.000000e+00
    0.000000e+00
    0.000000e+00
    0.000000e+00
    0.000000e+00
    0.000000e+00
    0.000000e+00
    0.000000e+00
    0.000000e+00
    0.000000e+00
    0.000000e+00
    0.000000e+00
    0.000000e+00
    0.000000e+00
    0.000000e+00
    0.000000e+00
    0.000000e+00
    0.000000e+00
    0.000000e+00
    0.000000e+00
    0.000000e+00
    0.000000e+00
    0.000000e+00
    0.000000e+00
    0.000000e+00
    0.000000e+00
    0.000000e+00
    0.000000e+00
    0.000000e+00
    0.000000e+00
    0.000000e+00
    0.000000e+00
    0.000000e+00
    0.000000e+00
    0.000000e+00
    0.000000e+00
    0.000000e+00
    0.000000e+00
    0.000000e+00
    0.000000e+00
    0.000000e+00
    0.000000e+00
    0.000000e+00
    0.000000e+00
    0.000000e+00
    0.000000e+00
    0.000000e+00
    0.000000e+00
    0.000000e+00
    0.000000e+00
    0.000000e+00
    0.000000e+00
    0.000000e+00
    0.000000e+00
    0.000000e+00
    0.000000e+00
    0.000000e+00
    0.000000e+00
    0.000000e+00
    0.000000e+00
    0.000000e+00
    0.000000e+00
    0.000000e+00
    0.000000e+00
    0.000000e+00
    0.000000e+00
    0.000000e+00
    0.000000e+00
    0.000000e+00
    0.000000e+00
    0.000000e+00
    0.000000e+00
    0.000000e+00
    0.000000e+00
    0.000000e+00
    0.000000e+00
    0.000000e+00
    0.000000e+00
    0.000000e+00
    0.000000e+00
    0.000000e+00
    0.000000e+00
    0.000000e+00
    0.000000e+00
    0.000000e+00
    0.000000e+00
    0.000000e+00
    0.000000e+00
    0.000000e+00
    0.000000e+00
    0.000000e+00
    0.000000e+00
    0.000000e+00
    0.000000e+00
    0.000000e+00
    0.000000e+00
    0.000000e+00
    0.000000e+00
    0.000000e+00
    0.000000e+00
    0.000000e+00
    0.000000e+00
    0.000000e+00
    0.000000e+00
    0.000000e+00
    0.000000e+00
    0.000000e+00
    0.000000e+00
    0.000000e+00
    0.000000e+00
    0.000000e+00
    0.000000e+00
    0.000000e+00
    0.000000e+00
    0.000000e+00
    0.000000e+00
    0.000000e+00
    0.000000e+00
    0.000000e+00
    0.000000e+00
    0.000000e+00
    0.000000e+00
    0.000000e+00
    0.000000e+00
    0.000000e+00
    0.000000e+00
    0.000000e+00
    0.000000e+00
    0.000000e+00
    0.000000e+00
    0.000000e+00
    0.000000e+00
    0.000000e+00
    0.000000e+00
    0.000000e+00
    0.000000e+00
    0.000000e+00
    0.000000e+00
    0.000000e+00
    0.000000e+00
    0.000000e+00
    0.000000e+00
    0.000000e+00
    0.000000e+00
    0.000000e+00
    0.000000e+00
    0.000000e+00
    0.000000e+00
    0.000000e+00
    0.000000e+00
    0.000000e+00
    0.000000e+00
    0.000000e+00
    0.000000e+00
    0.000000e+00
    0.000000e+00
    0.000000e+00
    0.000000e+00
    0.000000e+00
    0.000000e+00
    0.000000e+00
    0.000000e+00
    0.000000e+00
    0.000000e+00
    0.000000e+00
    0.000000e+00
    0.000000e+00
    0.000000e+00
    0.000000e+00
    0.000000e+00
    0.000000e+00
    0.000000e+00
    0.000000e+00
    0.000000e+00
    0.000000e+00
    0.000000e+00
    0.000000e+00
    0.000000e+00
    0.000000e+00
    0.000000e+00
    0.000000e+00
    0.000000e+00
    0.000000e+00
    0.000000e+00
    0.000000e+00
    0.000000e+00
    0.000000e+00
    0.000000e+00
    0.000000e+00
    0.000000e+00
    0.000000e+00
    0.000000e+00
    0.000000e+00
    0.000000e+00
    0.000000e+00
    0.000000e+00
    0.000000e+00
    0.000000e+00
    0.000000e+00
    0.000000e+00
    0.000000e+00
    0.000000e+00
    0.000000e+00
    0.000000e+00
    0.000000e+00
    0.000000e+00
    0.000000e+00
    0.000000e+00
    0.000000e+00
    0.000000e+00
    0.000000e+00
    0.000000e+00
    0.000000e+00
    0.000000e+00
    0.000000e+00
    0.000000e+00
    0.000000e+00
    0.000000e+00
    0.000000e+00
    0.000000e+00
    0.000000e+00
    0.000000e+00
    0.000000e+00
    0.000000e+00
    0.000000e+00
    0.000000e+00
    0.000000e+00
    0.000000e+00
    0.000000e+00
    0.000000e+00
    0.000000e+00
    0.000000e+00
    0.000000e+00
    0.000000e+00
    0.000000e+00
    0.000000e+00
    0.000000e+00
    0.000000e+00
    0.000000e+00
    0.000000e+00
    0.000000e+00
    0.000000e+00
    0.000000e+00
    0.000000e+00
    0.000000e+00
    0.000000e+00
    0.000000e+00
    0.000000e+00
    0.000000e+00
    0.000000e+00
    0.000000e+00
    0.000000e+00
    0.000000e+00
    0.000000e+00
    0.000000e+00
    0.000000e+00
    0.000000e+00
    0.000000e+00
    0.000000e+00
    0.000000e+00
    0.000000e+00
    0.000000e+00
    0.000000e+00
    0.000000e+00
    0.000000e+00
    0.000000e+00
    0.000000e+00
    0.000000e+00
    0.000000e+00
    0.000000e+00
    0.000000e+00
    0.000000e+00
    0.000000e+00
    0.000000e+00
    0.000000e+00
    0.000000e+00
    0.000000e+00
    0.000000e+00
    0.000000e+00
    0.000000e+00
    0.000000e+00
    0.000000e+00
    0.000000e+00
    0.000000e+00
    0.000000e+00
    0.000000e+00
    0.000000e+00
    0.000000e+00
    0.000000e+00
    0.000000e+00
    0.000000e+00
    0.000000e+00
    0.000000e+00
    0.000000e+00
    0.000000e+00
    0.000000e+00
    0.000000e+00
    0.000000e+00
    0.000000e+00
    0.000000e+00
    0.000000e+00
    0.000000e+00
    0.000000e+00
    0.000000e+00
    0.000000e+00
    0.000000e+00
    0.000000e+00
    0.000000e+00
    0.000000e+00
    0.000000e+00
    0.000000e+00
    0.000000e+00
    0.000000e+00
    0.000000e+00
    0.000000e+00
    0.000000e+00
    0.000000e+00
    0.000000e+00
    0.000000e+00
    0.000000e+00
    0.000000e+00
    0.000000e+00
    0.000000e+00
    0.000000e+00
    0.000000e+00
    0.000000e+00
    0.000000e+00
    0.000000e+00
    0.000000e+00
    0.000000e+00
    0.000000e+00
    0.000000e+00
    0.000000e+00
    0.000000e+00
    0.000000e+00
    0.000000e+00
    0.000000e+00
    0.000000e+00
    0.000000e+00
    0.000000e+00
    0.000000e+00
    0.000000e+00
    0.000000e+00
    0.000000e+00
    0.000000e+00
    0.000000e+00
    0.000000e+00
    0.000000e+00
    0.000000e+00
    0.000000e+00
    0.000000e+00
    0.000000e+00
    0.000000e+00
    0.000000e+00
    0.000000e+00
    0.000000e+00
    0.000000e+00
    0.000000e+00
    0.000000e+00
    0.000000e+00
    0.000000e+00
    0.000000e+00
    0.000000e+00
    0.000000e+00
    0.000000e+00
    0.000000e+00
    0.000000e+00
    0.000000e+00
    0.000000e+00
    0.000000e+00
    0.000000e+00
    0.000000e+00
    0.000000e+00
    0.000000e+00
    0.000000e+00
    0.000000e+00
    0.000000e+00
    0.000000e+00
    0.000000e+00
    0.000000e+00
    0.000000e+00
    0.000000e+00
    0.000000e+00
    0.000000e+00
    0.000000e+00
    0.000000e+00
    0.000000e+00
    0.000000e+00
    0.000000e+00
    0.000000e+00
    0.000000e+00
    0.000000e+00
    0.000000e+00
    0.000000e+00
    0.000000e+00
    0.000000e+00
    0.000000e+00
    0.000000e+00
    0.000000e+00
    0.000000e+00
    0.000000e+00
    0.000000e+00
    0.000000e+00
    0.000000e+00
    0.000000e+00
    0.000000e+00
    0.000000e+00
    0.000000e+00
    0.000000e+00
    0.000000e+00
    0.000000e+00
    0.000000e+00
    0.000000e+00
    0.000000e+00
    0.000000e+00
    0.000000e+00
    0.000000e+00
    0.000000e+00
    0.000000e+00
    0.000000e+00
    0.000000e+00
    0.000000e+00
    0.000000e+00
    0.000000e+00
    0.000000e+00
    0.000000e+00
    0.000000e+00
    0.000000e+00
    0.000000e+00
    0.000000e+00
    0.000000e+00
    0.000000e+00
    0.000000e+00
    0.000000e+00
    0.000000e+00
    0.000000e+00
    0.000000e+00
    0.000000e+00
    0.000000e+00
    0.000000e+00
    0.000000e+00
    0.000000e+00
    0.000000e+00
    0.000000e+00
    0.000000e+00
    0.000000e+00
    0.000000e+00
    0.000000e+00
    0.000000e+00
    0.000000e+00
    0.000000e+00
    0.000000e+00
    0.000000e+00
    0.000000e+00
    0.000000e+00
    0.000000e+00
    0.000000e+00
    0.000000e+00
    0.000000e+00
    0.000000e+00
    0.000000e+00
    0.000000e+00
    0.000000e+00
    0.000000e+00
    0.000000e+00
    0.000000e+00
    0.000000e+00
    0.000000e+00
    0.000000e+00
    0.000000e+00
    0.000000e+00
    0.000000e+00
    0.000000e+00
    0.000000e+00
    0.000000e+00
    0.000000e+00
    0.000000e+00
    0.000000e+00
    0.000000e+00
    0.000000e+00
    0.000000e+00
    0.000000e+00
    0.000000e+00
    0.000000e+00
    0.000000e+00
    0.000000e+00
    0.000000e+00
    0.000000e+00
    0.000000e+00
    0.000000e+00
    0.000000e+00
    0.000000e+00
    0.000000e+00
    0.000000e+00
    0.000000e+00
    0.000000e+00
    0.000000e+00
    0.000000e+00
    0.000000e+00
    0.000000e+00
    0.000000e+00
    0.000000e+00
    0.000000e+00
    0.000000e+00
    0.000000e+00
    0.000000e+00
    0.000000e+00
    0.000000e+00
    0.000000e+00
    0.000000e+00
    0.000000e+00
    0.000000e+00
    0.000000e+00
    0.000000e+00
    0.000000e+00
    0.000000e+00
    0.000000e+00
    0.000000e+00
    0.000000e+00
    0.000000e+00
    0.000000e+00
    0.000000e+00
    0.000000e+00
    0.000000e+00
    0.000000e+00
    0.000000e+00
    0.000000e+00
    0.000000e+00
    0.000000e+00
    0.000000e+00
    0.000000e+00
    0.000000e+00
    0.000000e+00
    0.000000e+00
    0.000000e+00
    0.000000e+00
    0.000000e+00
    0.000000e+00
    0.000000e+00
    0.000000e+00
    0.000000e+00
    0.000000e+00
    0.000000e+00
    0.000000e+00
    0.000000e+00
    0.000000e+00
    0.000000e+00
    0.000000e+00
    0.000000e+00
    0.000000e+00
    0.000000e+00
    0.000000e+00
    0.000000e+00
    0.000000e+00
    0.000000e+00
    0.000000e+00
    0.000000e+00
    0.000000e+00
    0.000000e+00
    0.000000e+00
    0.000000e+00
    0.000000e+00
    0.000000e+00
    0.000000e+00
    0.000000e+00
    0.000000e+00
    0.000000e+00
    0.000000e+00
    0.000000e+00
    0.000000e+00
    0.000000e+00
    0.000000e+00
    0.000000e+00
    0.000000e+00
    0.000000e+00
    0.000000e+00
    0.000000e+00
    0.000000e+00
    0.000000e+00
    0.000000e+00
    0.000000e+00
    0.000000e+00
    0.000000e+00
    0.000000e+00
    0.000000e+00
    0.000000e+00
    0.000000e+00
    0.000000e+00
    0.000000e+00
    0.000000e+00
    0.000000e+00
    0.000000e+00
    0.000000e+00
    0.000000e+00
    0.000000e+00
    0.000000e+00
    0.000000e+00
    0.000000e+00
    0.000000e+00
    0.000000e+00
    0.000000e+00
    0.000000e+00
    0.000000e+00
    0.000000e+00
    0.000000e+00
    0.000000e+00
    0.000000e+00
    0.000000e+00
    0.000000e+00
    0.000000e+00
    0.000000e+00
    0.000000e+00
    0.000000e+00
    0.000000e+00
    0.000000e+00
    0.000000e+00
    0.000000e+00
    0.000000e+00
    0.000000e+00
    0.000000e+00
    0.000000e+00
    0.000000e+00
    0.000000e+00
    0.000000e+00
    0.000000e+00
    0.000000e+00
    0.000000e+00
    0.000000e+00
    0.000000e+00
    0.000000e+00
    0.000000e+00
    0.000000e+00
    0.000000e+00
    0.000000e+00
    0.000000e+00
    0.000000e+00
    0.000000e+00
    0.000000e+00
    0.000000e+00
    0.000000e+00
    0.000000e+00
    0.000000e+00
    0.000000e+00
    0.000000e+00
    0.000000e+00
    0.000000e+00
    0.000000e+00
    0.000000e+00
    0.000000e+00
    0.000000e+00
    0.000000e+00
    0.000000e+00
    0.000000e+00
    0.000000e+00
    0.000000e+00
    0.000000e+00
    0.000000e+00
    0.000000e+00
    0.000000e+00
    0.000000e+00
    0.000000e+00
    0.000000e+00
    0.000000e+00
    0.000000e+00
    0.000000e+00
    0.000000e+00
    0.000000e+00
    0.000000e+00
    0.000000e+00
    0.000000e+00
    0.000000e+00
    0.000000e+00
    0.000000e+00
    0.000000e+00
    0.000000e+00
    0.000000e+00
    0.000000e+00
    0.000000e+00
    0.000000e+00
    0.000000e+00
    0.000000e+00
    0.000000e+00
    0.000000e+00
    0.000000e+00
    0.000000e+00
    0.000000e+00
    0.000000e+00
    0.000000e+00
    0.000000e+00
    0.000000e+00
    0.000000e+00
    0.000000e+00
    0.000000e+00
    0.000000e+00
    0.000000e+00
    0.000000e+00
    0.000000e+00
    0.000000e+00
    0.000000e+00
    0.000000e+00
    0.000000e+00
    0.000000e+00
    0.000000e+00
    0.000000e+00
    0.000000e+00
    0.000000e+00
    0.000000e+00
    0.000000e+00
    0.000000e+00
    0.000000e+00
    0.000000e+00
    0.000000e+00
    0.000000e+00
    0.000000e+00
    0.000000e+00
    0.000000e+00
    0.000000e+00
    0.000000e+00
    0.000000e+00
    0.000000e+00
    0.000000e+00
    0.000000e+00
    0.000000e+00
    0.000000e+00
    0.000000e+00
    0.000000e+00
    0.000000e+00
    0.000000e+00
    0.000000e+00
    0.000000e+00
    0.000000e+00
    0.000000e+00
    0.000000e+00
    0.000000e+00
    0.000000e+00
    0.000000e+00
    0.000000e+00
    0.000000e+00
    0.000000e+00
    0.000000e+00
    0.000000e+00
    0.000000e+00
    0.000000e+00
    0.000000e+00
    0.000000e+00
    0.000000e+00
    0.000000e+00
    0.000000e+00
    0.000000e+00
    0.000000e+00
    0.000000e+00
    0.000000e+00
    0.000000e+00
    0.000000e+00
    0.000000e+00
    0.000000e+00
    0.000000e+00
    0.000000e+00
    0.000000e+00
    0.000000e+00
    0.000000e+00
    0.000000e+00
    0.000000e+00
    0.000000e+00
    0.000000e+00
    0.000000e+00
    0.000000e+00
    0.000000e+00
    0.000000e+00
    0.000000e+00
    0.000000e+00
    0.000000e+00
    0.000000e+00
    0.000000e+00
    0.000000e+00
    0.000000e+00
    0.000000e+00
    0.000000e+00
    0.000000e+00
    0.000000e+00
    0.000000e+00
    0.000000e+00
    0.000000e+00
    0.000000e+00
    0.000000e+00
    0.000000e+00
    0.000000e+00
    0.000000e+00
    0.000000e+00
    0.000000e+00
    0.000000e+00
    0.000000e+00
    0.000000e+00
    0.000000e+00
    0.000000e+00
    0.000000e+00
    0.000000e+00
    0.000000e+00
    0.000000e+00
    0.000000e+00
    0.000000e+00
    0.000000e+00
    0.000000e+00
    0.000000e+00
    0.000000e+00
    0.000000e+00
    0.000000e+00
    0.000000e+00
    0.000000e+00
    0.000000e+00
    0.000000e+00
    0.000000e+00
    0.000000e+00
    0.000000e+00
    0.000000e+00
    0.000000e+00
    0.000000e+00
    0.000000e+00
    0.000000e+00
    0.000000e+00
    0.000000e+00
    0.000000e+00
    0.000000e+00
    0.000000e+00
    0.000000e+00
    0.000000e+00
    0.000000e+00
    0.000000e+00
    0.000000e+00
    0.000000e+00
    0.000000e+00
    0.000000e+00
    0.000000e+00
    0.000000e+00
    0.000000e+00
    0.000000e+00
    0.000000e+00
    0.000000e+00
    0.000000e+00
    0.000000e+00
    0.000000e+00
    0.000000e+00
    0.000000e+00
    0.000000e+00
    0.000000e+00
    0.000000e+00
    0.000000e+00
    0.000000e+00
    0.000000e+00
    0.000000e+00
    0.000000e+00
    0.000000e+00
    0.000000e+00
    0.000000e+00
    0.000000e+00
    0.000000e+00
    0.000000e+00
    0.000000e+00
    0.000000e+00
    0.000000e+00
    0.000000e+00
    0.000000e+00
    0.000000e+00
    0.000000e+00
    0.000000e+00
    0.000000e+00
    0.000000e+00
    0.000000e+00
    0.000000e+00
    0.000000e+00
    0.000000e+00
    0.000000e+00
    0.000000e+00
    0.000000e+00
    0.000000e+00
    0.000000e+00
    0.000000e+00
    0.000000e+00
    0.000000e+00
    0.000000e+00
    0.000000e+00
    0.000000e+00
    0.000000e+00
    0.000000e+00
    0.000000e+00
    0.000000e+00
    0.000000e+00
    0.000000e+00
    0.000000e+00
    0.000000e+00
    0.000000e+00
    0.000000e+00
    0.000000e+00
    0.000000e+00
    0.000000e+00
    0.000000e+00
    0.000000e+00
    0.000000e+00
    0.000000e+00
    0.000000e+00
    0.000000e+00
    0.000000e+00
    0.000000e+00
    0.000000e+00
    0.000000e+00
    0.000000e+00
    0.000000e+00
    0.000000e+00
    0.000000e+00
    0.000000e+00
    0.000000e+00
    0.000000e+00
    0.000000e+00
    0.000000e+00
    0.000000e+00
    0.000000e+00
    0.000000e+00
    0.000000e+00
    0.000000e+00
    0.000000e+00
    0.000000e+00
    0.000000e+00
    0.000000e+00
    0.000000e+00
    0.000000e+00
    0.000000e+00
    0.000000e+00
    0.000000e+00
    0.000000e+00
    0.000000e+00
    0.000000e+00
    0.000000e+00
    0.000000e+00
    0.000000e+00
    0.000000e+00
    0.000000e+00
    0.000000e+00
    0.000000e+00
    0.000000e+00
    0.000000e+00
    0.000000e+00
    0.000000e+00
    0.000000e+00
    0.000000e+00
    0.000000e+00
    0.000000e+00
    0.000000e+00
    0.000000e+00
    0.000000e+00
    0.000000e+00
    0.000000e+00
    0.000000e+00
    0.000000e+00
    0.000000e+00
    0.000000e+00
    0.000000e+00
    0.000000e+00
    0.000000e+00
    0.000000e+00
    0.000000e+00
    0.000000e+00
    0.000000e+00
    0.000000e+00
    0.000000e+00
    0.000000e+00
    0.000000e+00
    0.000000e+00
    0.000000e+00
    0.000000e+00
    0.000000e+00
    0.000000e+00
    0.000000e+00
    0.000000e+00
    0.000000e+00
    0.000000e+00
    0.000000e+00
    0.000000e+00
    0.000000e+00
    0.000000e+00
    0.000000e+00
    0.000000e+00
    0.000000e+00
    0.000000e+00
    0.000000e+00
    0.000000e+00
    0.000000e+00
    0.000000e+00
    0.000000e+00
    0.000000e+00
    0.000000e+00
    0.000000e+00
    0.000000e+00
    0.000000e+00
    0.000000e+00
    0.000000e+00
    0.000000e+00
    0.000000e+00
    0.000000e+00
    0.000000e+00
    0.000000e+00
    0.000000e+00
    0.000000e+00
    0.000000e+00
    0.000000e+00
    0.000000e+00
    0.000000e+00
    0.000000e+00
    0.000000e+00
    0.000000e+00
    0.000000e+00
    0.000000e+00
    0.000000e+00
    0.000000e+00
    0.000000e+00
    0.000000e+00
    0.000000e+00
    0.000000e+00
    0.000000e+00
    0.000000e+00
    0.000000e+00
    0.000000e+00
    0.000000e+00
    0.000000e+00
    0.000000e+00
    0.000000e+00
    0.000000e+00
    0.000000e+00
    0.000000e+00
    0.000000e+00
    0.000000e+00
    0.000000e+00
    0.000000e+00
    0.000000e+00
    0.000000e+00
    0.000000e+00
    0.000000e+00
    0.000000e+00
    0.000000e+00
    0.000000e+00
    0.000000e+00
    0.000000e+00
    0.000000e+00
    0.000000e+00
    0.000000e+00
    0.000000e+00
    0.000000e+00
    0.000000e+00
    0.000000e+00
    0.000000e+00
    0.000000e+00
    0.000000e+00
    0.000000e+00
    0.000000e+00
    0.000000e+00
    0.000000e+00
    0.000000e+00
    0.000000e+00
    0.000000e+00
    0.000000e+00
    0.000000e+00
    0.000000e+00
    0.000000e+00
    0.000000e+00
    0.000000e+00
    0.000000e+00
    0.000000e+00
    0.000000e+00
    0.000000e+00
    0.000000e+00
    0.000000e+00
    0.000000e+00
    0.000000e+00
    0.000000e+00
    0.000000e+00
    0.000000e+00
    0.000000e+00
    0.000000e+00
    0.000000e+00
    0.000000e+00
    0.000000e+00
    0.000000e+00
    0.000000e+00
    0.000000e+00
    0.000000e+00
    0.000000e+00
    0.000000e+00
    0.000000e+00
    0.000000e+00
    0.000000e+00
    0.000000e+00
    0.000000e+00
    0.000000e+00
    0.000000e+00
    0.000000e+00
    0.000000e+00
    0.000000e+00
    0.000000e+00
    0.000000e+00
    0.000000e+00
    0.000000e+00
    0.000000e+00
    0.000000e+00
    0.000000e+00
    0.000000e+00
    0.000000e+00
    0.000000e+00
    0.000000e+00
    0.000000e+00
    0.000000e+00
    0.000000e+00
    0.000000e+00
    0.000000e+00
    0.000000e+00
    0.000000e+00
    0.000000e+00
    0.000000e+00
    0.000000e+00
    0.000000e+00
    0.000000e+00
    0.000000e+00
    0.000000e+00
    0.000000e+00
    0.000000e+00
    0.000000e+00
    0.000000e+00
    0.000000e+00
    0.000000e+00
    0.000000e+00
    0.000000e+00
    0.000000e+00
    0.000000e+00
    0.000000e+00
    0.000000e+00
    0.000000e+00
    0.000000e+00
    0.000000e+00
    0.000000e+00
    0.000000e+00
    0.000000e+00
    0.000000e+00
    0.000000e+00
    0.000000e+00
    0.000000e+00
    0.000000e+00
    0.000000e+00
    0.000000e+00
    0.000000e+00
    0.000000e+00
    0.000000e+00
    0.000000e+00
    0.000000e+00
    0.000000e+00
    0.000000e+00
    0.000000e+00
    0.000000e+00
    0.000000e+00
    0.000000e+00
    0.000000e+00
    0.000000e+00
    0.000000e+00
    0.000000e+00
    0.000000e+00
    0.000000e+00
    0.000000e+00
    0.000000e+00
    0.000000e+00
    0.000000e+00
    0.000000e+00
    0.000000e+00
    0.000000e+00
    0.000000e+00
    0.000000e+00
    0.000000e+00
    0.000000e+00
    0.000000e+00
    0.000000e+00
    0.000000e+00
    0.000000e+00
    0.000000e+00
    0.000000e+00
    0.000000e+00
    0.000000e+00
    0.000000e+00
    0.000000e+00
    0.000000e+00
    0.000000e+00
    0.000000e+00
    0.000000e+00
    0.000000e+00
    0.000000e+00
    0.000000e+00
    0.000000e+00
    0.000000e+00
    0.000000e+00
    0.000000e+00
    0.000000e+00
    0.000000e+00
    0.000000e+00
    0.000000e+00
    0.000000e+00
    0.000000e+00
    0.000000e+00
    0.000000e+00
    0.000000e+00
    0.000000e+00
    0.000000e+00
    0.000000e+00
    0.000000e+00
    0.000000e+00
    0.000000e+00
    0.000000e+00
    0.000000e+00
    0.000000e+00
    0.000000e+00
    0.000000e+00
    0.000000e+00
    0.000000e+00
    0.000000e+00
    0.000000e+00
    0.000000e+00
    0.000000e+00
    0.000000e+00
    0.000000e+00
    0.000000e+00
    0.000000e+00
    0.000000e+00
    0.000000e+00
    0.000000e+00
    0.000000e+00
    0.000000e+00
    0.000000e+00
    0.000000e+00
    0.000000e+00
    0.000000e+00
    0.000000e+00
    0.000000e+00
    0.000000e+00
    0.000000e+00
    0.000000e+00
    0.000000e+00
    0.000000e+00
    0.000000e+00
    0.000000e+00
    0.000000e+00
    0.000000e+00
    0.000000e+00
    0.000000e+00
    0.000000e+00
    0.000000e+00
    0.000000e+00
    0.000000e+00
    0.000000e+00
    0.000000e+00
    0.000000e+00
    0.000000e+00
    0.000000e+00
    0.000000e+00
    0.000000e+00
    0.000000e+00
    0.000000e+00
    0.000000e+00
    0.000000e+00
    0.000000e+00
    0.000000e+00
    0.000000e+00
    0.000000e+00
    0.000000e+00
    0.000000e+00
    0.000000e+00
    0.000000e+00
    0.000000e+00
    0.000000e+00
    0.000000e+00
    0.000000e+00
    0.000000e+00
    0.000000e+00
    0.000000e+00
    0.000000e+00
    0.000000e+00
    0.000000e+00
    0.000000e+00
    0.000000e+00
    0.000000e+00
    0.000000e+00
    0.000000e+00
    0.000000e+00
    0.000000e+00
    0.000000e+00
    0.000000e+00
    0.000000e+00
    0.000000e+00
    0.000000e+00
    0.000000e+00
    0.000000e+00
    0.000000e+00
    0.000000e+00
    0.000000e+00
    0.000000e+00
    0.000000e+00
    0.000000e+00
    0.000000e+00
    0.000000e+00
    0.000000e+00
    0.000000e+00
    0.000000e+00
    0.000000e+00
    0.000000e+00
    0.000000e+00
    0.000000e+00
    0.000000e+00
    0.000000e+00
    0.000000e+00
    0.000000e+00
    0.000000e+00
    0.000000e+00
    0.000000e+00
    0.000000e+00
    0.000000e+00
    0.000000e+00
    0.000000e+00
    0.000000e+00
    0.000000e+00
    0.000000e+00
    0.000000e+00
    0.000000e+00
    0.000000e+00
    0.000000e+00
    0.000000e+00
    0.000000e+00
    0.000000e+00
    0.000000e+00
    0.000000e+00
    0.000000e+00
    0.000000e+00
    0.000000e+00
    0.000000e+00
    0.000000e+00
    0.000000e+00
    0.000000e+00
    0.000000e+00
    0.000000e+00
    0.000000e+00
    0.000000e+00
    0.000000e+00
    0.000000e+00
    0.000000e+00
    0.000000e+00
    0.000000e+00
    0.000000e+00
    0.000000e+00
    0.000000e+00
    0.000000e+00
    0.000000e+00
    0.000000e+00
    0.000000e+00
    0.000000e+00
    0.000000e+00
    0.000000e+00
    0.000000e+00
    0.000000e+00
    0.000000e+00
    0.000000e+00
    0.000000e+00
    0.000000e+00
    0.000000e+00
    0.000000e+00
    0.000000e+00
    0.000000e+00
    0.000000e+00
    0.000000e+00
    0.000000e+00
    0.000000e+00
    0.000000e+00
    0.000000e+00
    0.000000e+00
    0.000000e+00
    0.000000e+00
    0.000000e+00
    0.000000e+00
    0.000000e+00
    0.000000e+00
    0.000000e+00
    0.000000e+00
    0.000000e+00
    0.000000e+00
    0.000000e+00
    0.000000e+00
    0.000000e+00
    0.000000e+00
    0.000000e+00
    0.000000e+00
    0.000000e+00
    0.000000e+00
    0.000000e+00
    0.000000e+00
    0.000000e+00
    0.000000e+00
    0.000000e+00
    0.000000e+00
    0.000000e+00
    0.000000e+00
    0.000000e+00
    0.000000e+00
    0.000000e+00
    0.000000e+00
    0.000000e+00
    0.000000e+00
    0.000000e+00
    0.000000e+00
    0.000000e+00
    0.000000e+00
    0.000000e+00
    0.000000e+00
    0.000000e+00
    0.000000e+00
    0.000000e+00
    0.000000e+00
    0.000000e+00
    0.000000e+00
    0.000000e+00
    0.000000e+00
    0.000000e+00
    0.000000e+00
    0.000000e+00
    0.000000e+00
    0.000000e+00
    0.000000e+00
    0.000000e+00
    0.000000e+00
    0.000000e+00
    0.000000e+00
    0.000000e+00
    0.000000e+00
    0.000000e+00
    0.000000e+00
    0.000000e+00
    0.000000e+00
    0.000000e+00
    0.000000e+00
    0.000000e+00
    0.000000e+00
    0.000000e+00
    0.000000e+00
    0.000000e+00
    0.000000e+00
    0.000000e+00
    0.000000e+00
    0.000000e+00
    0.000000e+00
    0.000000e+00
    0.000000e+00
    0.000000e+00
    0.000000e+00
    0.000000e+00
    0.000000e+00
    0.000000e+00
    0.000000e+00
    0.000000e+00
    0.000000e+00
    0.000000e+00
    0.000000e+00
    0.000000e+00
    0.000000e+00
    0.000000e+00
    0.000000e+00
    0.000000e+00
    0.000000e+00
    0.000000e+00
    0.000000e+00
    0.000000e+00
    0.000000e+00
    0.000000e+00
    0.000000e+00
    0.000000e+00
    0.000000e+00
    0.000000e+00
    0.000000e+00
    0.000000e+00
    0.000000e+00
    0.000000e+00
    0.000000e+00
    0.000000e+00
    0.000000e+00
    0.000000e+00
    0.000000e+00
    0.000000e+00
    0.000000e+00
    0.000000e+00
    0.000000e+00
    0.000000e+00
    0.000000e+00
    0.000000e+00
    0.000000e+00
    0.000000e+00
    0.000000e+00
    0.000000e+00
    0.000000e+00
    0.000000e+00
    0.000000e+00
    0.000000e+00
    0.000000e+00
    0.000000e+00
    0.000000e+00
    0.000000e+00
    0.000000e+00
    0.000000e+00
    0.000000e+00
    0.000000e+00
    0.000000e+00
    0.000000e+00
    0.000000e+00
    0.000000e+00
    0.000000e+00
    0.000000e+00
    0.000000e+00
    0.000000e+00
    0.000000e+00
    0.000000e+00
    0.000000e+00
    0.000000e+00
    0.000000e+00
    0.000000e+00
    0.000000e+00
    0.000000e+00
    0.000000e+00
    0.000000e+00
    0.000000e+00
    0.000000e+00
    0.000000e+00
    0.000000e+00
    0.000000e+00
    0.000000e+00
    0.000000e+00
    0.000000e+00
    0.000000e+00
    0.000000e+00
    0.000000e+00
    0.000000e+00
    0.000000e+00
    0.000000e+00
    0.000000e+00
    0.000000e+00
    0.000000e+00
    0.000000e+00
    0.000000e+00
    0.000000e+00
    0.000000e+00
    0.000000e+00
    0.000000e+00
    0.000000e+00
    0.000000e+00
    0.000000e+00
    0.000000e+00
    0.000000e+00
    0.000000e+00
    0.000000e+00
    0.000000e+00
    0.000000e+00
    0.000000e+00
    0.000000e+00
    0.000000e+00
    0.000000e+00
    0.000000e+00
    0.000000e+00
    0.000000e+00
    0.000000e+00
    0.000000e+00
    0.000000e+00
    0.000000e+00
    0.000000e+00
    0.000000e+00
    0.000000e+00
    0.000000e+00
    0.000000e+00
    0.000000e+00
    0.000000e+00
    0.000000e+00
    0.000000e+00
    0.000000e+00
    0.000000e+00
    0.000000e+00
    0.000000e+00
    0.000000e+00
    0.000000e+00
    0.000000e+00
    0.000000e+00
    0.000000e+00
    0.000000e+00
    0.000000e+00
    0.000000e+00
    0.000000e+00
    0.000000e+00
    0.000000e+00
    0.000000e+00
    0.000000e+00
    0.000000e+00
    0.000000e+00
    0.000000e+00
    0.000000e+00
    0.000000e+00
    0.000000e+00
    0.000000e+00
    0.000000e+00
    0.000000e+00
    0.000000e+00
    0.000000e+00
    0.000000e+00
    0.000000e+00
    0.000000e+00
    0.000000e+00
    0.000000e+00
    0.000000e+00
    0.000000e+00
    0.000000e+00
    0.000000e+00
    0.000000e+00
    0.000000e+00
    0.000000e+00
    0.000000e+00
    0.000000e+00
    0.000000e+00
    0.000000e+00
    0.000000e+00
    0.000000e+00
    0.000000e+00
    0.000000e+00
    0.000000e+00
    0.000000e+00
    0.000000e+00
    0.000000e+00
    0.000000e+00
    0.000000e+00
    0.000000e+00
    0.000000e+00
    0.000000e+00
    0.000000e+00
    0.000000e+00
    0.000000e+00
    0.000000e+00
    0.000000e+00
    0.000000e+00
    0.000000e+00
    0.000000e+00
    0.000000e+00
    0.000000e+00
    0.000000e+00
    0.000000e+00
    0.000000e+00
    0.000000e+00
    0.000000e+00
    0.000000e+00
    0.000000e+00
    0.000000e+00
    0.000000e+00
    0.000000e+00
    0.000000e+00
    0.000000e+00
    0.000000e+00
    0.000000e+00
    0.000000e+00
    0.000000e+00
    0.000000e+00
    0.000000e+00
    0.000000e+00
    0.000000e+00
    0.000000e+00
    0.000000e+00
    0.000000e+00
    0.000000e+00
    0.000000e+00
    0.000000e+00
    0.000000e+00
    0.000000e+00
    0.000000e+00
    0.000000e+00
    0.000000e+00
    0.000000e+00
    0.000000e+00
    0.000000e+00
    0.000000e+00
    0.000000e+00
    0.000000e+00
    0.000000e+00
    0.000000e+00
    0.000000e+00
    0.000000e+00
    0.000000e+00
    0.000000e+00
    0.000000e+00
    0.000000e+00
    0.000000e+00
    0.000000e+00
    0.000000e+00
    0.000000e+00
    0.000000e+00
    0.000000e+00
    0.000000e+00
    0.000000e+00
    0.000000e+00
    0.000000e+00
    0.000000e+00
    0.000000e+00
    0.000000e+00
    0.000000e+00
    0.000000e+00
    0.000000e+00
    0.000000e+00
    0.000000e+00
    0.000000e+00
    0.000000e+00
    0.000000e+00
    0.000000e+00
    0.000000e+00
    0.000000e+00
    0.000000e+00
    0.000000e+00
    0.000000e+00
    0.000000e+00
    0.000000e+00
    0.000000e+00
    0.000000e+00
    0.000000e+00
    0.000000e+00
    0.000000e+00
    0.000000e+00
    0.000000e+00
    0.000000e+00
    0.000000e+00
    0.000000e+00
    0.000000e+00
    0.000000e+00
    0.000000e+00
    0.000000e+00
    0.000000e+00
    0.000000e+00
    0.000000e+00
    0.000000e+00
    0.000000e+00
    0.000000e+00
    0.000000e+00
    0.000000e+00
    0.000000e+00
    0.000000e+00
    0.000000e+00
    0.000000e+00
    0.000000e+00
    0.000000e+00
    0.000000e+00
    0.000000e+00
    0.000000e+00
    0.000000e+00
    0.000000e+00
    0.000000e+00
    0.000000e+00
    0.000000e+00
    0.000000e+00
    0.000000e+00
    0.000000e+00
    0.000000e+00
    0.000000e+00
    0.000000e+00
    0.000000e+00
    0.000000e+00
    0.000000e+00
    0.000000e+00
    0.000000e+00
    0.000000e+00
    0.000000e+00
    0.000000e+00
    0.000000e+00
    0.000000e+00
    0.000000e+00
    0.000000e+00
    0.000000e+00
    0.000000e+00
    0.000000e+00
    0.000000e+00
    0.000000e+00
    0.000000e+00
    0.000000e+00
    0.000000e+00
    0.000000e+00
    0.000000e+00
    0.000000e+00
    0.000000e+00
    0.000000e+00
    0.000000e+00
    0.000000e+00
    0.000000e+00
    0.000000e+00
    0.000000e+00
    0.000000e+00
    0.000000e+00
    0.000000e+00
    0.000000e+00
    0.000000e+00
    0.000000e+00
    0.000000e+00
    0.000000e+00
    0.000000e+00
    0.000000e+00
    0.000000e+00
    0.000000e+00
    0.000000e+00
    0.000000e+00
    0.000000e+00
    0.000000e+00
    0.000000e+00
    0.000000e+00
    0.000000e+00
    0.000000e+00
    0.000000e+00
    0.000000e+00
    0.000000e+00
    0.000000e+00
    0.000000e+00
    0.000000e+00
    0.000000e+00
    0.000000e+00
    0.000000e+00
    0.000000e+00
    0.000000e+00
    0.000000e+00
    0.000000e+00
    0.000000e+00
    0.000000e+00
    0.000000e+00
    0.000000e+00
    0.000000e+00
    0.000000e+00
    0.000000e+00
    0.000000e+00
    0.000000e+00
    0.000000e+00
    0.000000e+00
    0.000000e+00
    0.000000e+00
    0.000000e+00
    0.000000e+00
    0.000000e+00
    0.000000e+00
    0.000000e+00
    0.000000e+00
    0.000000e+00
    0.000000e+00
    0.000000e+00
    0.000000e+00
    0.000000e+00
    0.000000e+00
    0.000000e+00
    0.000000e+00
    0.000000e+00
    0.000000e+00
    0.000000e+00
    0.000000e+00
    0.000000e+00
    0.000000e+00
    0.000000e+00
    0.000000e+00
    0.000000e+00
    0.000000e+00
    0.000000e+00
    0.000000e+00
    0.000000e+00
    0.000000e+00
    0.000000e+00
    0.000000e+00
    0.000000e+00
    0.000000e+00
    0.000000e+00
    0.000000e+00
    0.000000e+00
    0.000000e+00
    0.000000e+00
    0.000000e+00
    0.000000e+00
    0.000000e+00
    0.000000e+00
    0.000000e+00
    0.000000e+00
    0.000000e+00
    0.000000e+00
    0.000000e+00
    0.000000e+00
    0.000000e+00
    0.000000e+00
    0.000000e+00
    0.000000e+00
    0.000000e+00
    0.000000e+00
    0.000000e+00
    0.000000e+00
    0.000000e+00
    0.000000e+00
    0.000000e+00
    0.000000e+00
    0.000000e+00
    0.000000e+00
    0.000000e+00
    0.000000e+00
    0.000000e+00
    0.000000e+00
    0.000000e+00
    0.000000e+00
    0.000000e+00
    0.000000e+00
    0.000000e+00
    0.000000e+00
    0.000000e+00
    0.000000e+00
    0.000000e+00
    0.000000e+00
    0.000000e+00
    0.000000e+00
    0.000000e+00
    0.000000e+00
    0.000000e+00
    0.000000e+00
    0.000000e+00
    0.000000e+00
    0.000000e+00
    0.000000e+00
    0.000000e+00
    0.000000e+00
    0.000000e+00
    0.000000e+00
    0.000000e+00
    0.000000e+00
    0.000000e+00
    0.000000e+00
    0.000000e+00
    0.000000e+00
    0.000000e+00
    0.000000e+00
    0.000000e+00
    0.000000e+00
    0.000000e+00
    0.000000e+00
    0.000000e+00
    0.000000e+00
    0.000000e+00
    0.000000e+00
    0.000000e+00
    0.000000e+00
    0.000000e+00
    0.000000e+00
    0.000000e+00
    0.000000e+00
    0.000000e+00
    0.000000e+00
    0.000000e+00
    0.000000e+00
    0.000000e+00
    0.000000e+00
    0.000000e+00
    0.000000e+00
    0.000000e+00
    0.000000e+00
    0.000000e+00
    0.000000e+00
    0.000000e+00
    0.000000e+00
    0.000000e+00
    0.000000e+00
    0.000000e+00
    0.000000e+00
    0.000000e+00
    0.000000e+00
    0.000000e+00
    0.000000e+00
    0.000000e+00
    0.000000e+00
    0.000000e+00
    0.000000e+00
    0.000000e+00
    0.000000e+00
    0.000000e+00
    0.000000e+00
    0.000000e+00
    0.000000e+00
    0.000000e+00
    0.000000e+00
    0.000000e+00
    0.000000e+00
    0.000000e+00
    0.000000e+00
    0.000000e+00
    0.000000e+00
    0.000000e+00
    0.000000e+00
    0.000000e+00
    0.000000e+00
    0.000000e+00
    0.000000e+00
    0.000000e+00
    0.000000e+00
    0.000000e+00
    0.000000e+00
    0.000000e+00
    0.000000e+00
    0.000000e+00
    0.000000e+00
    0.000000e+00
    0.000000e+00
    0.000000e+00
    0.000000e+00
    0.000000e+00
    0.000000e+00
    0.000000e+00
    0.000000e+00
    0.000000e+00
    0.000000e+00
    0.000000e+00
    0.000000e+00
    0.000000e+00
    0.000000e+00
    0.000000e+00
    0.000000e+00
    0.000000e+00
    0.000000e+00
    0.000000e+00
    0.000000e+00
    0.000000e+00
    0.000000e+00
    0.000000e+00
    0.000000e+00
    0.000000e+00
    0.000000e+00
    0.000000e+00
    0.000000e+00
    0.000000e+00
    0.000000e+00
    0.000000e+00
    0.000000e+00
    0.000000e+00
    0.000000e+00
    0.000000e+00
    0.000000e+00
    0.000000e+00
    0.000000e+00
    0.000000e+00
    0.000000e+00
    0.000000e+00
    0.000000e+00
    0.000000e+00
    0.000000e+00
    0.000000e+00
    0.000000e+00
    0.000000e+00
    0.000000e+00
    0.000000e+00
    0.000000e+00
    0.000000e+00
    0.000000e+00
    0.000000e+00
    0.000000e+00
    0.000000e+00
    0.000000e+00
    0.000000e+00
    0.000000e+00
    0.000000e+00
    0.000000e+00
    0.000000e+00
    0.000000e+00
    0.000000e+00
    0.000000e+00
    0.000000e+00
    0.000000e+00
    0.000000e+00
    0.000000e+00
    0.000000e+00
    0.000000e+00
    0.000000e+00
    0.000000e+00
    0.000000e+00
    0.000000e+00
    0.000000e+00
    0.000000e+00
    0.000000e+00
    0.000000e+00
    0.000000e+00
    0.000000e+00
    0.000000e+00
    0.000000e+00
    0.000000e+00
    0.000000e+00
    0.000000e+00
    0.000000e+00
    0.000000e+00
    0.000000e+00
    0.000000e+00
    0.000000e+00
    0.000000e+00
    0.000000e+00
    0.000000e+00
    0.000000e+00
    0.000000e+00
    0.000000e+00
    0.000000e+00
    0.000000e+00
    0.000000e+00
    0.000000e+00
    0.000000e+00
    0.000000e+00
    0.000000e+00
    0.000000e+00
    0.000000e+00
    0.000000e+00
    0.000000e+00
    0.000000e+00
    0.000000e+00
    0.000000e+00
    0.000000e+00
    0.000000e+00
    0.000000e+00
    0.000000e+00
    0.000000e+00
    0.000000e+00
    0.000000e+00
    0.000000e+00
    0.000000e+00
    0.000000e+00
    0.000000e+00
    0.000000e+00
    0.000000e+00
    0.000000e+00
    0.000000e+00
    0.000000e+00
    0.000000e+00
    0.000000e+00
    0.000000e+00
    0.000000e+00
    0.000000e+00
    0.000000e+00
    0.000000e+00
    0.000000e+00
    0.000000e+00
    0.000000e+00
    0.000000e+00
    0.000000e+00
    0.000000e+00
    0.000000e+00
    0.000000e+00
    0.000000e+00
    0.000000e+00
    0.000000e+00
    0.000000e+00
    0.000000e+00
    0.000000e+00
    0.000000e+00
    0.000000e+00
    0.000000e+00
    0.000000e+00
    0.000000e+00
    0.000000e+00
    0.000000e+00
    0.000000e+00
    0.000000e+00
    0.000000e+00
    0.000000e+00
    0.000000e+00
    0.000000e+00
    0.000000e+00
    0.000000e+00
    0.000000e+00
    0.000000e+00
    0.000000e+00
    0.000000e+00
    0.000000e+00
    0.000000e+00
    0.000000e+00
    0.000000e+00
    0.000000e+00
    0.000000e+00
    0.000000e+00
    0.000000e+00
    0.000000e+00
    0.000000e+00
    0.000000e+00
    0.000000e+00
    0.000000e+00
    0.000000e+00
    0.000000e+00
    0.000000e+00
    0.000000e+00
    0.000000e+00
    0.000000e+00
    0.000000e+00
    0.000000e+00
    0.000000e+00
    0.000000e+00
    0.000000e+00
    0.000000e+00
    0.000000e+00
    0.000000e+00
    0.000000e+00
    0.000000e+00
    0.000000e+00
    0.000000e+00
    0.000000e+00
    0.000000e+00
    0.000000e+00
    0.000000e+00
    0.000000e+00
    0.000000e+00
    0.000000e+00
    0.000000e+00
    0.000000e+00
    0.000000e+00
    0.000000e+00
    0.000000e+00
    0.000000e+00
    0.000000e+00
    0.000000e+00
    0.000000e+00
    0.000000e+00
    0.000000e+00
    0.000000e+00
    0.000000e+00
    0.000000e+00
    0.000000e+00
    0.000000e+00
    0.000000e+00
    0.000000e+00
    0.000000e+00
    0.000000e+00
    0.000000e+00
    0.000000e+00
    0.000000e+00
    0.000000e+00
    0.000000e+00
    0.000000e+00
    0.000000e+00
    0.000000e+00
    0.000000e+00
    0.000000e+00
    0.000000e+00
    0.000000e+00
    0.000000e+00
    0.000000e+00
    0.000000e+00
    0.000000e+00
    0.000000e+00
    0.000000e+00
    0.000000e+00
    0.000000e+00
    0.000000e+00
    0.000000e+00
    0.000000e+00
    0.000000e+00
    0.000000e+00
    0.000000e+00
    0.000000e+00
    0.000000e+00
    0.000000e+00
    0.000000e+00
    0.000000e+00
    0.000000e+00
    0.000000e+00
    0.000000e+00
    0.000000e+00
    0.000000e+00
    0.000000e+00
    0.000000e+00
    0.000000e+00
    0.000000e+00
    0.000000e+00
    0.000000e+00
    0.000000e+00
    0.000000e+00
    0.000000e+00
    0.000000e+00
    0.000000e+00
    0.000000e+00
    0.000000e+00
    0.000000e+00
    0.000000e+00
    0.000000e+00
    0.000000e+00
    0.000000e+00
    0.000000e+00
    0.000000e+00
    0.000000e+00
    0.000000e+00
    0.000000e+00
    0.000000e+00
    0.000000e+00
    0.000000e+00
    0.000000e+00
    0.000000e+00
    0.000000e+00
    0.000000e+00
    0.000000e+00
    0.000000e+00
    0.000000e+00
    0.000000e+00
    0.000000e+00
    0.000000e+00
    0.000000e+00
    0.000000e+00
    0.000000e+00
    0.000000e+00
    0.000000e+00
    0.000000e+00
    0.000000e+00
    0.000000e+00
    0.000000e+00
    0.000000e+00
    0.000000e+00
    0.000000e+00
    0.000000e+00
    0.000000e+00
    0.000000e+00
    0.000000e+00
    0.000000e+00
    0.000000e+00
    0.000000e+00
    0.000000e+00
    0.000000e+00
    0.000000e+00
    0.000000e+00
    0.000000e+00
    0.000000e+00
    0.000000e+00
    0.000000e+00
    0.000000e+00
    0.000000e+00
    0.000000e+00
    0.000000e+00
    0.000000e+00
    0.000000e+00
    0.000000e+00
    0.000000e+00
    0.000000e+00
    0.000000e+00
    0.000000e+00
    0.000000e+00
    0.000000e+00
    0.000000e+00
    0.000000e+00
    0.000000e+00
    0.000000e+00
    0.000000e+00
    0.000000e+00
    0.000000e+00
    0.000000e+00
    0.000000e+00
    0.000000e+00
    0.000000e+00
    0.000000e+00
    0.000000e+00
    0.000000e+00
    0.000000e+00
    0.000000e+00
    0.000000e+00
    0.000000e+00
    0.000000e+00
    0.000000e+00
    0.000000e+00
    0.000000e+00
    0.000000e+00
    0.000000e+00
    0.000000e+00
    0.000000e+00
    0.000000e+00
    0.000000e+00
    0.000000e+00
    0.000000e+00
    0.000000e+00
    0.000000e+00
    0.000000e+00
    0.000000e+00
    0.000000e+00
    0.000000e+00
    0.000000e+00
    0.000000e+00
    0.000000e+00
    0.000000e+00
    0.000000e+00
    0.000000e+00
    0.000000e+00
    0.000000e+00
    0.000000e+00
    0.000000e+00
    0.000000e+00
    0.000000e+00
    0.000000e+00
    0.000000e+00
    0.000000e+00
    0.000000e+00
    0.000000e+00
    0.000000e+00
    0.000000e+00
    0.000000e+00
    0.000000e+00
    0.000000e+00
    0.000000e+00
    0.000000e+00
    0.000000e+00
    0.000000e+00
    0.000000e+00
    0.000000e+00
    0.000000e+00
    0.000000e+00
    0.000000e+00
    0.000000e+00
    0.000000e+00
    0.000000e+00
    0.000000e+00
    0.000000e+00
    0.000000e+00
    0.000000e+00
    0.000000e+00
    0.000000e+00
    0.000000e+00
    0.000000e+00
    0.000000e+00
    0.000000e+00
    0.000000e+00
    0.000000e+00
    0.000000e+00
    0.000000e+00
    0.000000e+00
    0.000000e+00
    0.000000e+00
    0.000000e+00
    0.000000e+00
    0.000000e+00
    0.000000e+00
    0.000000e+00
    0.000000e+00
    0.000000e+00
    0.000000e+00
    0.000000e+00
    0.000000e+00
    0.000000e+00
    0.000000e+00
    0.000000e+00
    0.000000e+00
    0.000000e+00
    0.000000e+00
    0.000000e+00
    0.000000e+00
    0.000000e+00
    0.000000e+00
    0.000000e+00
    0.000000e+00
    0.000000e+00
    0.000000e+00
    0.000000e+00
    0.000000e+00
    0.000000e+00
    0.000000e+00
    0.000000e+00
    0.000000e+00
    0.000000e+00
    0.000000e+00
    0.000000e+00
    0.000000e+00
    0.000000e+00
    0.000000e+00
    0.000000e+00
    0.000000e+00
    0.000000e+00
    0.000000e+00
    0.000000e+00
    0.000000e+00
    0.000000e+00
    0.000000e+00
    0.000000e+00
    0.000000e+00
    0.000000e+00
    0.000000e+00
    0.000000e+00
    0.000000e+00
    0.000000e+00
    0.000000e+00
    0.000000e+00
    0.000000e+00
    0.000000e+00
    0.000000e+00
    0.000000e+00
    0.000000e+00
    0.000000e+00
    0.000000e+00
    0.000000e+00
    0.000000e+00
    0.000000e+00
    0.000000e+00
    0.000000e+00
    0.000000e+00
    0.000000e+00
    0.000000e+00
    0.000000e+00
    0.000000e+00
    0.000000e+00
    0.000000e+00
    0.000000e+00
    0.000000e+00
    0.000000e+00
    0.000000e+00
    0.000000e+00
    0.000000e+00
    0.000000e+00
    0.000000e+00
    0.000000e+00
    0.000000e+00
    0.000000e+00
    0.000000e+00
    0.000000e+00
    0.000000e+00
    0.000000e+00
    0.000000e+00
    0.000000e+00
    0.000000e+00
    0.000000e+00
    0.000000e+00
    0.000000e+00
    0.000000e+00
    0.000000e+00
    0.000000e+00
    0.000000e+00
    0.000000e+00
    0.000000e+00
    0.000000e+00
    0.000000e+00
    0.000000e+00
    0.000000e+00
    0.000000e+00
    0.000000e+00
    0.000000e+00
    0.000000e+00
    0.000000e+00
    0.000000e+00
    0.000000e+00
    0.000000e+00
    0.000000e+00
    0.000000e+00
    0.000000e+00
    0.000000e+00
    0.000000e+00
    0.000000e+00
    0.000000e+00
    0.000000e+00
    0.000000e+00
    0.000000e+00
    0.000000e+00
    0.000000e+00
    0.000000e+00
    0.000000e+00
    0.000000e+00
    0.000000e+00
    0.000000e+00
    0.000000e+00
    0.000000e+00
    0.000000e+00
    0.000000e+00
    0.000000e+00
    0.000000e+00
    0.000000e+00
    0.000000e+00
    0.000000e+00
    0.000000e+00
    0.000000e+00
    0.000000e+00
    0.000000e+00
    0.000000e+00
    0.000000e+00
    0.000000e+00
    0.000000e+00
    0.000000e+00
    0.000000e+00
    0.000000e+00
    0.000000e+00
    0.000000e+00
    0.000000e+00
    0.000000e+00
    0.000000e+00
    0.000000e+00
    0.000000e+00
    0.000000e+00
    0.000000e+00
    0.000000e+00
    0.000000e+00
    0.000000e+00
    0.000000e+00
    0.000000e+00
    0.000000e+00
    0.000000e+00
    0.000000e+00
    0.000000e+00
    0.000000e+00
    0.000000e+00
    0.000000e+00
    0.000000e+00
    0.000000e+00
    0.000000e+00
    0.000000e+00
    0.000000e+00
    0.000000e+00
    0.000000e+00
    0.000000e+00
    0.000000e+00
    0.000000e+00
    0.000000e+00
    0.000000e+00
    0.000000e+00
    0.000000e+00
    0.000000e+00
    0.000000e+00
    0.000000e+00
    0.000000e+00
    0.000000e+00
    0.000000e+00
    0.000000e+00
    0.000000e+00
    0.000000e+00
    0.000000e+00
    0.000000e+00
    0.000000e+00
    0.000000e+00
    0.000000e+00
    0.000000e+00
    0.000000e+00
    0.000000e+00
    0.000000e+00
    0.000000e+00
    0.000000e+00
    0.000000e+00
    0.000000e+00
    0.000000e+00
    0.000000e+00
    0.000000e+00
    0.000000e+00
    0.000000e+00
    0.000000e+00
    0.000000e+00
    0.000000e+00
    0.000000e+00
    0.000000e+00
    0.000000e+00
    0.000000e+00
    0.000000e+00
    0.000000e+00
    0.000000e+00
    0.000000e+00
    0.000000e+00
    0.000000e+00
    0.000000e+00
    0.000000e+00
    0.000000e+00
    0.000000e+00
    0.000000e+00
    0.000000e+00
    0.000000e+00
    0.000000e+00
    0.000000e+00
    0.000000e+00
    0.000000e+00
    0.000000e+00
    0.000000e+00
    0.000000e+00
    0.000000e+00
    0.000000e+00
    0.000000e+00
    0.000000e+00
    0.000000e+00
    0.000000e+00
    0.000000e+00
    0.000000e+00
    0.000000e+00
    0.000000e+00
    0.000000e+00
    0.000000e+00
    0.000000e+00
    0.000000e+00
    0.000000e+00
    0.000000e+00
    0.000000e+00
    0.000000e+00
    0.000000e+00
    0.000000e+00
    0.000000e+00
    0.000000e+00
    0.000000e+00
    0.000000e+00
    0.000000e+00
    0.000000e+00
    0.000000e+00
    0.000000e+00
    0.000000e+00
    0.000000e+00
    0.000000e+00
    0.000000e+00
    0.000000e+00
    0.000000e+00
    0.000000e+00
    0.000000e+00
    0.000000e+00
    0.000000e+00
    0.000000e+00
    0.000000e+00
    0.000000e+00
    0.000000e+00
    0.000000e+00
    0.000000e+00
    0.000000e+00
    0.000000e+00
    0.000000e+00
    0.000000e+00
    0.000000e+00
    0.000000e+00
    0.000000e+00
    0.000000e+00
    0.000000e+00
    0.000000e+00
    0.000000e+00
    0.000000e+00
    0.000000e+00
    0.000000e+00
    0.000000e+00
    0.000000e+00
    0.000000e+00
    0.000000e+00
    0.000000e+00
    0.000000e+00
    0.000000e+00
    0.000000e+00
    0.000000e+00
    0.000000e+00
    0.000000e+00
    0.000000e+00
    0.000000e+00
    1.067943e-03
    5.365883e-03
    6.012489e-04
    7.222831e-04
    1.411924e-04
    3.175685e-04
    2.173947e-03
    1.320965e-04
    4.258921e-04
    7.515690e-05
    2.173947e-03
    4.258921e-04
    3.175685e-04
    7.222831e-04
    1.320965e-04
    1.067943e-03
    6.012489e-04
    5.365883e-03
    1.411924e-04
    8.440450e-04
    8.463607e-04
    1.038387e-03
    1.383678e-03
    1.845770e-03
    2.388152e-03
    2.974310e-03
    3.567728e-03
    4.131903e-03
    4.630302e-03
    5.026446e-03
    5.283803e-03
    1.504995e-04
    6.291724e-05
    5.046936e-05
    1.631284e-04
    5.148482e-04
    9.889704e-04
    1.551929e-03
    2.171190e-03
    2.814379e-03
    3.449197e-03
    4.043286e-03
    4.564311e-03
    4.979982e-03
    5.257946e-03
    3.731295e-04
    2.128917e-04
    2.090159e-04
    3.290606e-04
    5.409360e-04
    8.123630e-04
    1.111017e-03
    1.404545e-03
    1.660635e-03
    1.846953e-03
    1.931189e-03
    1.881017e-03
    1.664127e-03
    1.248233e-03
    5.860800e-04
    4.680384e-04
    3.681589e-04
    2.864427e-04
    2.228902e-04
    1.774987e-04
    1.502683e-04
    4.526239e-04
    3.632009e-04
    3.328562e-04
    3.615151e-04
    4.492634e-04
    5.962261e-04
    8.024527e-04
    7.633088e-04
    9.954329e-04
    1.046236e-03
    9.480464e-04
    7.331760e-04
    4.339514e-04
    8.273926e-05
    2.883316e-04
    6.466979e-04
    9.601456e-04
    1.196344e-03
    1.322977e-03
    1.307722e-03
    1.118262e-03
    2.520717e-03
    2.660211e-03
    2.624748e-03
    2.446657e-03
    2.158247e-03
    1.791849e-03
    1.379773e-03
    9.543626e-04
    5.479306e-04
    1.928622e-04
    7.918272e-05
    2.345586e-04
    2.419027e-04
    6.886285e-05
    1.694957e-03
    1.279854e-03
    9.286571e-04
    6.413775e-04
    4.180638e-04
    2.587987e-04
    1.636214e-04
    4.991738e-04
    4.515432e-04
    5.428485e-04
    7.366005e-04
    9.963136e-04
    1.285480e-03
    1.567604e-03
    1.806164e-03
    1.964659e-03
    2.006582e-03
    1.895426e-03
    1.594697e-03
    7.472484e-04
    8.664856e-04
    8.200908e-04
    6.445709e-04
    3.764471e-04
    5.255989e-05
    2.918300e-04
    6.187556e-04
    8.923037e-04
    1.075937e-03
    1.133150e-03
    1.027428e-03
    2.686053e-04
    2.375051e-04
    2.242631e-04
    2.288768e-04
    2.513447e-04
    2.916676e-04
    3.498497e-04
    9.769160e-04
    1.691719e-03
    2.181096e-03
    2.476745e-03
    2.610857e-03
    2.615712e-03
    2.523598e-03
    2.366844e-03
    2.177763e-03
    1.988655e-03
    1.831833e-03
    1.739630e-03
    1.744352e-03
    1.878341e-03
    9.769160e-04
    1.691719e-03
    2.181096e-03
    2.476745e-03
    2.610857e-03
    2.615712e-03
    2.523598e-03
    2.366844e-03
    2.177763e-03
    1.988655e-03
    1.831833e-03
    1.739630e-03
    1.744352e-03
    1.878341e-03
    1.233746e-03
    2.155880e-03
    2.802904e-03
    3.211317e-03
    3.417639e-03
    3.458380e-03
    3.370049e-03
    3.189137e-03
    2.952174e-03
    2.695663e-03
    2.456104e-03
    2.270034e-03
    9.943200e-05
    1.325760e-04
    9.943200e-05
    4.381540e-05
    7.094670e-05
    8.139380e-05
    2.470800e-03
    2.561906e-03
    2.483775e-03
    2.272906e-03
    1.965809e-03
    1.598995e-03
    1.208985e-03
    8.322689e-04
    5.053821e-04
    2.648514e-04
    1.471799e-04
    1.886321e-04
    1.233746e-03
    2.155880e-03
    2.802904e-03
    3.211317e-03
    3.417639e-03
    3.458380e-03
    3.370049e-03
    3.189137e-03
    2.952174e-03
    2.695663e-03
    2.456104e-03
    2.270034e-03
    2.470800e-03
    2.561906e-03
    2.483775e-03
    2.272906e-03
    1.965809e-03
    1.598995e-03
    1.208985e-03
    8.322689e-04
    5.053821e-04
    2.648514e-04
    1.471799e-04
    1.886321e-04
    2.520717e-03
    2.660211e-03
    2.624748e-03
    2.446657e-03
    2.158247e-03
    1.791849e-03
    1.379773e-03
    9.543626e-04
    5.479306e-04
    1.928622e-04
    7.918272e-05
    2.345586e-04
    2.419027e-04
    6.886285e-05
    2.686053e-04
    2.375051e-04
    2.242631e-04
    2.288768e-04
    2.513447e-04
    2.916676e-04
    3.498497e-04
    7.472484e-04
    8.664856e-04
    8.200908e-04
    6.445709e-04
    3.764471e-04
    5.255989e-05
    2.918300e-04
    6.187556e-04
    8.923037e-04
    1.075937e-03
    1.133150e-03
    1.027428e-03
    1.694957e-03
    1.279854e-03
    9.286571e-04
    6.413775e-04
    4.180638e-04
    2.587987e-04
    1.636214e-04
    7.633088e-04
    9.954329e-04
    1.046236e-03
    9.480464e-04
    7.331760e-04
    4.339514e-04
    8.273926e-05
    2.883316e-04
    6.466979e-04
    9.601456e-04
    1.196344e-03
    1.322977e-03
    1.307722e-03
    1.118262e-03
    4.991738e-04
    4.515432e-04
    5.428485e-04
    7.366005e-04
    9.963136e-04
    1.285480e-03
    1.567604e-03
    1.806164e-03
    1.964659e-03
    2.006582e-03
    1.895426e-03
    1.594697e-03
    3.731295e-04
    2.128917e-04
    2.090159e-04
    3.290606e-04
    5.409360e-04
    8.123630e-04
    1.111017e-03
    1.404545e-03
    1.660635e-03
    1.846953e-03
    1.931189e-03
    1.881017e-03
    1.664127e-03
    1.248233e-03
    4.526239e-04
    3.632009e-04
    3.328562e-04
    3.615151e-04
    4.492634e-04
    5.962261e-04
    8.024527e-04
    8.440450e-04
    8.463607e-04
    1.038387e-03
    1.383678e-03
    1.845770e-03
    2.388152e-03
    2.974310e-03
    3.567728e-03
    4.131903e-03
    4.630302e-03
    5.026446e-03
    5.283803e-03
    5.860800e-04
    4.680384e-04
    3.681589e-04
    2.864427e-04
    2.228902e-04
    1.774987e-04
    1.502683e-04
    1.504995e-04
    6.291724e-05
    5.046936e-05
    1.631284e-04
    5.148482e-04
    9.889704e-04
    1.551929e-03
    2.171190e-03
    2.814379e-03
    3.449197e-03
    4.043286e-03
    4.564311e-03
    4.979982e-03
    5.257946e-03
    1.067943e-03
    5.365883e-03
    6.012489e-04
    7.222831e-04
    1.411924e-04
    3.175685e-04
    2.173947e-03
    1.320965e-04
    4.258921e-04
    7.515690e-05
    2.173947e-03
    4.258921e-04
    3.175685e-04
    7.222831e-04
    1.320965e-04
    1.067943e-03
    6.012489e-04
    5.365883e-03
    1.411924e-04
    8.440450e-04
    8.463607e-04
    1.038387e-03
    1.383678e-03
    1.845770e-03
    2.388152e-03
    2.974310e-03
    3.567728e-03
    4.131903e-03
    4.630302e-03
    5.026446e-03
    5.283803e-03
    1.504995e-04
    6.291724e-05
    5.046936e-05
    1.631284e-04
    5.148482e-04
    9.889704e-04
    1.551929e-03
    2.171190e-03
    2.814379e-03
    3.449197e-03
    4.043286e-03
    4.564311e-03
    4.979982e-03
    5.257946e-03
    3.731295e-04
    2.128917e-04
    2.090159e-04
    3.290606e-04
    5.409360e-04
    8.123630e-04
    1.111017e-03
    1.404545e-03
    1.660635e-03
    1.846953e-03
    1.931189e-03
    1.881017e-03
    1.664127e-03
    1.248233e-03
    5.860800e-04
    4.680384e-04
    3.681589e-04
    2.864427e-04
    2.228902e-04
    1.774987e-04
    1.502683e-04
    4.526239e-04
    3.632009e-04
    3.328562e-04
    3.615151e-04
    4.492634e-04
    5.962261e-04
    8.024527e-04
    7.633088e-04
    9.954329e-04
    1.046236e-03
    9.480464e-04
    7.331760e-04
    4.339514e-04
    8.273926e-05
    2.883316e-04
    6.466979e-04
    9.601456e-04
    1.196344e-03
    1.322977e-03
    1.307722e-03
    1.118262e-03
    2.520717e-03
    2.660211e-03
    2.624748e-03
    2.446657e-03
    2.158247e-03
    1.791849e-03
    1.379773e-03
    9.543626e-04
    5.479306e-04
    1.928622e-04
    7.918272e-05
    2.345586e-04
    2.419027e-04
    6.886285e-05
    1.694957e-03
    1.279854e-03
    9.286571e-04
    6.413775e-04
    4.180638e-04
    2.587987e-04
    1.636214e-04
    4.991738e-04
    4.515432e-04
    5.428485e-04
    7.366005e-04
    9.963136e-04
    1.285480e-03
    1.567604e-03
    1.806164e-03
    1.964659e-03
    2.006582e-03
    1.895426e-03
    1.594697e-03
    7.472484e-04
    8.664856e-04
    8.200908e-04
    6.445709e-04
    3.764471e-04
    5.255989e-05
    2.918300e-04
    6.187556e-04
    8.923037e-04
    1.075937e-03
    1.133150e-03
    1.027428e-03
    2.686053e-04
    2.375051e-04
    2.242631e-04
    2.288768e-04
    2.513447e-04
    2.916676e-04
    3.498497e-04
    9.769160e-04
    1.691719e-03
    2.181096e-03
    2.476745e-03
    2.610857e-03
    2.615712e-03
    2.523598e-03
    2.366844e-03
    2.177763e-03
    1.988655e-03
    1.831833e-03
    1.739630e-03
    1.744352e-03
    1.878341e-03
    9.769160e-04
    1.691719e-03
    2.181096e-03
    2.476745e-03
    2.610857e-03
    2.615712e-03
    2.523598e-03
    2.366844e-03
    2.177763e-03
    1.988655e-03
    1.831833e-03
    1.739630e-03
    1.744352e-03
    1.878341e-03
    1.233746e-03
    2.155880e-03
    2.802904e-03
    3.211317e-03
    3.417639e-03
    3.458380e-03
    3.370049e-03
    3.189137e-03
    2.952174e-03
    2.695663e-03
    2.456104e-03
    2.270034e-03
    9.943200e-05
    1.325760e-04
    9.943200e-05
    4.381540e-05
    7.094670e-05
    8.139380e-05
    2.470800e-03
    2.561906e-03
    2.483775e-03
    2.272906e-03
    1.965809e-03
    1.598995e-03
    1.208985e-03
    8.322689e-04
    5.053821e-04
    2.648514e-04
    1.471799e-04
    1.886321e-04
    1.233746e-03
    2.155880e-03
    2.802904e-03
    3.211317e-03
    3.417639e-03
    3.458380e-03
    3.370049e-03
    3.189137e-03
    2.952174e-03
    2.695663e-03
    2.456104e-03
    2.270034e-03
    2.470800e-03
    2.561906e-03
    2.483775e-03
    2.272906e-03
    1.965809e-03
    1.598995e-03
    1.208985e-03
    8.322689e-04
    5.053821e-04
    2.648514e-04
    1.471799e-04
    1.886321e-04
    2.520717e-03
    2.660211e-03
    2.624748e-03
    2.446657e-03
    2.158247e-03
    1.791849e-03
    1.379773e-03
    9.543626e-04
    5.479306e-04
    1.928622e-04
    7.918272e-05
    2.345586e-04
    2.419027e-04
    6.886285e-05
    2.686053e-04
    2.375051e-04
    2.242631e-04
    2.288768e-04
    2.513447e-04
    2.916676e-04
    3.498497e-04
    7.472484e-04
    8.664856e-04
    8.200908e-04
    6.445709e-04
    3.764471e-04
    5.255989e-05
    2.918300e-04
    6.187556e-04
    8.923037e-04
    1.075937e-03
    1.133150e-03
    1.027428e-03
    1.694957e-03
    1.279854e-03
    9.286571e-04
    6.413775e-04
    4.180638e-04
    2.587987e-04
    1.636214e-04
    7.633088e-04
    9.954329e-04
    1.046236e-03
    9.480464e-04
    7.331760e-04
    4.339514e-04
    8.273926e-05
    2.883316e-04
    6.466979e-04
    9.601456e-04
    1.196344e-03
    1.322977e-03
    1.307722e-03
    1.118262e-03
    4.991738e-04
    4.515432e-04
    5.428485e-04
    7.366005e-04
    9.963136e-04
    1.285480e-03
    1.567604e-03
    1.806164e-03
    1.964659e-03
    2.006582e-03
    1.895426e-03
    1.594697e-03
    3.731295e-04
    2.128917e-04
    2.090159e-04
    3.290606e-04
    5.409360e-04
    8.123630e-04
    1.111017e-03
    1.404545e-03
    1.660635e-03
    1.846953e-03
    1.931189e-03
    1.881017e-03
    1.664127e-03
    1.248233e-03
    4.526239e-04
    3.632009e-04
    3.328562e-04
    3.615151e-04
    4.492634e-04
    5.962261e-04
    8.024527e-04
    8.440450e-04
    8.463607e-04
    1.038387e-03
    1.383678e-03
    1.845770e-03
    2.388152e-03
    2.974310e-03
    3.567728e-03
    4.131903e-03
    4.630302e-03
    5.026446e-03
    5.283803e-03
    5.860800e-04
    4.680384e-04
    3.681589e-04
    2.864427e-04
    2.228902e-04
    1.774987e-04
    1.502683e-04
    1.504995e-04
    6.291724e-05
    5.046936e-05
    1.631284e-04
    5.148482e-04
    9.889704e-04
    1.551929e-03
    2.171190e-03
    2.814379e-03
    3.449197e-03
    4.043286e-03
    4.564311e-03
    4.979982e-03
    5.257946e-03

CELL_DATA 2884
SCALARS ElementType int 1
LOOKUP_TABLE default
  1
  1
  1
  1
  1
  1
  1
  1
  1
  1
  1
  1
  1
  1
  1
  1
  1
  1
  1
  1
  5
  5
  5
  5
  5
  5
  5
  5
  5
  5
  5
  5
  5
  5
  5
  5
  5
  5
  5
  5
  5
  5
  5
  5
  5
  5
  5
  5
  5
  5
  5
  5
  5
  5
  5
  5
  5
  5
  5
  5
  5
  5
  5
  5
  5
  5
  5
  5
  5
  5
  5
  5
  5
  5
  5
  5
  5
  5
  5
  5
  5
  5
  5
  5
  5
  5
  5
  5
  5
  5
  5
  5
  5
  5
  5
  5
  5
  5
  5
  5
  5
  5
  5
  5
  5
  5
  5
  5
  5
  5
  5
  5
  5
  5
  5
  5
  5
  5
  5
  5
  5
  5
  5
  5
  5
  5
  5
  5
  5
  5
  5
  5
  5
  5
  5
  5
  5
  5
  5
  5
  5
  5
  5
  5
  5
  5
  5
  5
  5
  5
  5
  5
  5
  5
  5
  5
  5
  5
  5
  5
  5
  5
  5
  5
  5
  5
  5
  5
  5
  5
  5
  5
  5
  5
  5
  5
  5
  5
  5
  5
  5
  5
  5
  5
  5
  5
  5
  5
  5
  5
  5
  5
  5
  5
  5
  5
  5
  5
  5
  5
  5
  5
  5
  5
  5
  5
  5
  5
  5
  5
  5
  5
  5
  5
  5
  5
  5
  5
  5
  5
  5
  5
  5
  5
  5
  5
  5
  5
  5
  5
  5
  5
  5
  5
  5
  5
  5
  5
  5
  5
  5
  5
  5
  5
  5
  5
  5
  5
  5
  5
  5
  5
  5
  5
  5
  5
  5
  5
  5
  5
  5
  5
  5
  5
  5
  5
  5
  5
  5
  5
  5
  5
  5
  5
  5
  5
  5
  5
  5
  5
  5
  5
  5
  5
  5
  5
  5
  5
  5
  5
  5
  5
  5
  5
  5
  5
  5
  5
  5
  5
  5
  5
  5
  5
  5
  5
  5
  5
  5
  5
  5
  5
  5
  5
  5
  5
  5
  5
  5
  5
  5
  5
  5
  5
  5
  5
  5
  5
  5
  5
  5
  5
  5
  5
  5
  5
  5
  5
  5
  5
  5
  5
  5
  5
  5
  5
  5
  5
  5
  5
  5
  5
  5
  5
  5
  5
  5
  5
  5
  5
  5
  5
  5
  5
  5
  5
  5
  5
  5
  5
  5
  5
  5
  5
  5
  5
  5
  5
  5
  5
  5
  5
  5
  5
  5
  5
  5
  5
  5
  5
  5
  5
  5
  5
  5
  5
  5
  5
  5
  5
  5
  5
  5
  5
  5
  5
  5
  5
  5
  5
  5
  5
  5
  5
  5
  5
  5
  5
  5
  5
  5
  5
  5
  5
  5
  5
  5
  5
  5
  5
  5
  5
  5
  5
  5
  5
  5
  5
  5
  5
  5
  5
  5
  5
  5
  5
  5
  5
  5
  5
  5
  5
  5
  5
  5
  5
  5
  5
  5
  5
  5
  5
  5
  5
  5
  5
  5
  5
  5
  5
  5
  5
  5
  5
  5
  5
  5
  5
  5
  5
  5
  5
  5
  5
  5
  5
  5
  5
  5
  5
  5
  5
  5
  5
  5
  5
  5
  5
  5
  5
  5
  5
  5
  5
  5
  5
  5
  5
  5
  5
  5
  5
  5
  5
  5
  5
  5
  5
  5
  5
  5
  5
  5
  5
  5
  5
  5
  5
  5
  5
  5
  5
  5
  5
  5
  5
  5
  5
  5
  5
  5
  5
  5
  5
  5
  5
  5
  5
  5
  5
  5
  5
  5
  5
  5
  5
  5
  5
  5
  5
  5
  5
  5
  5
  5
  5
  5
  5
  5
  5
  5
  5
  5
  5
  5
  5
  5
  5
  5
  5
  5
  5
  5
  5
  5
  5
  5
  5
  5
  5
  5
  5
  5
  5
  5
  5
  5
  5
  5
  5
  5
  5
  5
  5
  5
  5
  5
  5
  5
  5
  5
  5
  5
  5
  5
  5
  5
  5
  5
  5
  5
  5
  5
  5
  5
  5
  5
  5
  5
  5
  5
  5
  5
  5
  5
  5
  5
  5
  5
  5
  5
  5
  5
  5
  5
  5
  5
  5
  5
  5
  5
  5
  5
  5
  5
  5
  5
  5
  5
  5
  5
  5
  5
  5
  5
  5
  5
  5
  5
  5
  5
  5
  5
  5
  5
  5
  5
  5
  5
  5
  5
  5
  5
  5
  5
  5
  5
  5
  5
  5
  5
  5
  5
  5
  5
  5
  5
  5
  5
  5
  5
  5
  5
  5
  5
  5
  5
  5
  5
  5
  5
  5
  5
  5
  5
  5
  5
  5
  5
  5
  5
  5
  5
  5
  5
  5
  5
  5
  5
  5
  5
  5
  5
  5
  5
  5
  5
  5
  5
  5
  5
  5
  5
  5
  5
  5
  5
  5
  5
  5
  5
  5
  5
  5
  5
  5
  5
  5
  5
  5
  5
  5
  5
  5
  5
  5
  5
  5
  5
  5
  5
  5
  5
  5
  5
  5
  5
  5
  5
  5
  5
  5
  5
  5
  5
  5
  5
  5
  5
  5
  5
  5
  5
  5
  5
  5
  5
  5
  5
  5
  5
  5
  5
  5
  5
  5
  5
  5
  5
  5
  5
  5
  5
  5
  5
  5
  5
  5
  5
  5
  5
  5
  5
  5
  5
  5
  5
  5
  5
  5
  5
  5
  5
  5
  5
  5
  5
  5
  5
  5
  5
  5
  5
  5
  5
  5
  5
  5
  5
  5
  5
  5
  5
  5
  5
  5
  5
  5
  5
  5
  5
  5
  5
  5
  5
  5
  5
  5
  5
  5
  5
  5
  5
  5
  5
  5
  5
  5
  5
  5
  5
  5
  5
  5
  5
  5
  5
  5
  5
  5
  5
  5
  5
  5
  5
  5
  5
  5
  5
  5
  5
  5
  5
  5
  5
  5
  5
  5
  5
  5
  5
  5
  5
  5
  5
  5
  5
  5
  5
  5
  5
  5
  5
  5
  5
  5
  5
  5
  5
  5
  5
  5
  5
  5
  5
  5
  5
  5
  5
  5
  5
  5
  5
  5
  5
  5
  5
  5
  5
  5
  5
  5
  5
  5
  5
  5
  5
  5
  5
  5
  5
  5
  5
  5
  5
  5
  5
  5
  5
  5
  5
  5
  5
  5
  5
  5
  5
  5
  5
  5
  5
  5
  5
  5
  5
  5
  5
  5
  5
  5
  5
  5
  5
  5
  5
  5
  5
  5
  5
  5
  5
  5
  5
  5
  5
  5
  5
  5
  5
  5
  5
  5
  5
  5
  5
  5
  5
  5
  5
  5
  5
  5
  5
  5
  5
  5
  5
  5
  5
  5
  5
  5
  5
  5
  5
  5
  5
  5
  5
  5
  5
  5
  5
  5
  5
  5
  5
  5
  5
  5
  5
  5
  5
  5
  5
  5
  5
  5
  5
  5
  5
  5
  5
  5
  5
  5
  5
  5
  5
  5
  5
  5
  5
  5
  5
  5
  5
  5
  5
  5
  5
  5
  5
  5
  5
  5
  5
  5
  5
  5
  5
  5
  5
  5
  5
  5
  5
  5
  5
  5
  5
  5
  5
  5
  5
  5
  5
  5
  5
  5
  5
  5
  5
  5
  5
  5
  5
  5
  5
  5
  5
  5
  5
  5
  5
  5
  5
  5
  5
  5
  5
  5
  5
  5
  5
  5
  5
  5
  5
  5
  5
  5
  5
  5
  5
  5
  5
  5
  5
  5
  5
  5
  5
  5
  5
  5
  5
  5
  5
  5
  5
  5
  5
  5
  5
  5
  5
  5
  5
  5
  5
  5
  5
  5
  5
  5
  5
  5
  5
  5
  5
  5
  5
  5
  5
  5
  5
  5
  5
  5
  5
  5
  5
  5
  5
  5
  5
  5
  5
  5
  5
  5
  5
  5
  5
  5
  5
  5
  5
  5
  5
  5
  5
  5
  5
  5
  5
  5
  5
  5
  5
  5
  5
  5
  5
  5
  5
  5
  5
  5
  5
  5
  5
  5
  5
  5
  5
  5
  5
  5
  5
  5
  5
  5
  5
  5
  5
  5
  5
  5
  5
  5
  5
  5
  5
  5
  5
  5
  5
  5
  5
  5
  5
  5
  5
  5
  5
  5
  5
  5
  5
  5
  5
  5
  5
  5
  5
  5
  5
  5
  5
  5
  5
  5
  5
  5
  5
  5
  5
  5
  5
  5
  5
  5
  5
  5
  5
  5
  5
  5
  5
  5
  5
  5
  5
  5
  5
  5
  5
  5
  5
  5
  5
  5
  5
  5
  5
  5
  5
  5
  5
  5
  5
  5
  5
  5
  5
  5
  5
  5
  5
  5
  5
  5
  5
  5
  5
  5
  5
  5
  5
  5
  5
  5
  5
  5
  5
  5
  5
  5
  5
  5
  5
  5
  5
  5
  5
  5
  5
  5
  5
  5
  5
  5
  5
  5
  5
  5
  5
  5
  5
  5
  5
  5
  5
  5
  5
  5
  5
  5
  5
  5
  5
  5
  5
  5
  5
  5
  5
  5
  5
  5
  5
  5
  5
  5
  5
  5
  5
  5
  5
  5
  5
  5
  5
  5
  5
  5
  5
  5
  5
  5
  5
  5
  5
  5
  5
  5
  5
  5
  5
  5
  5
  5
  5
  5
  5
  5
  5
  5
  5
  5
  5
  5
  5
  5
  5
  5
  5
  5
  5
  5
  5
  5
  5
  5
  5
  5
  5
  5
  5
  5
  5
  5
  5
  5
  5
  5
  5
  5
  5
  5
  5
  5
  5
  5
  5
  5
  5
  5
  5
  5
  5
  5
  5
  5
  5
  5
  5
  5
  5
  5
  5
  5
  5
  5
  5
  5
  5
  5
  5
  5
  5
  5
  5
  5
  5
  5
  5
  5
  5
  5
  5
  5
  5
  5
  5
  5
  5
  5
  5
  5
  5
  5
  5
  5
  5
  5
  5
  5
  5
  5
  5
  5
  5
  5
  5
  5
  5
  5
  5
  5
  5
  5
  5
  5
  5
  5
  5
  5
  5
  5
  5
  5
  5
  5
  5
  5
  5
  5
  5
  5
  5
  5
  5
  5
  5
  5
  5
  5
  5
  5
  5
  5
  5
  5
  5
  5
  5
  5
  5
  5
  5
  5
  5
  5
  5
  5
  5
  5
  5
  5
  5
  5
  5
  5
  5
  5
  5
  5
  5
  5
  5
  5
  5
  5
  5
  5
  5
  5
  5
  5
  5
  5
  5
  5
  5
  5
  5
  5
  5
  5
  5
  5
  5
  5
  5
  5
  5
  5
  5
  5
  5
  5
  5
  5
  5
  5
  5
  5
  5
  5
  5
  5
  5
  5
  5
  5
  5
  5
  5
  5
  5
  5
  5
  5
  5
  5
  5
  5
  5
  5
  5
  5
  5
  5
  5
  5
  5
  5
  5
  5
  5
  5
  5
  5
  5
  5
  5
  5
  5
  5
  5
  5
  5
  5
  5
  5
  5
  5
  5
  5
  5
  5
  5
  5
  5
  5
  5
  5
  5
  5
  5
  5
  5
  5
  5
  5
  5
  5
  5
  5
  5
  5
  5
  5
  5
  5
  5
  5
  5
  5
  5
  5
  5
  5
  5
  5
  5
  5
  5
  5
  5
  5
  5
  5
  5
  5
  5
  5
  5
  5
  5
  5
  5
  5
  5
  5
  5
  5
  5
  5
  5
  5
  5
  5
  5
  5
  5
  5
  5
  5
  5
  5
  5
  5
  5
  5
  5
  5
  5
  5
  5
  5
  5
  5
  5
  5
  5
  5
  5
  5
  5
  5
  5
  5
  5
  5
  5
  5
  10
  10
  10
  10
  10
  10
  10
  10
  10
  10
  10
  10
  10
  10
  10
  10
  10
  10
  10
  10
  10
  10
  10
  10
  10
  10
  10
  10
  10
  10
  10
  10
  10
  10
  10
  10
  10
  10
  10
  10
  10
  10
  10
  10
  10
  10
  10
  10
  10
  10
  10
  10
  10
  10
  10
  10
  10
  10
  10
  10
  10
  10
  10
  10
  10
  10
  10
  10
  10
  10
  10
  10
  10
  10
  10
  10
  10
  10
  10
  10
  10
  10
  10
  10
  10
  10
  10
  10
  10
  10
  10
  10
  10
  10
  10
  10
  10
  10
  10
  10
  10
  10
  10
  10
  10
  10
  10
  10
  10
  10
  10
  10
  10
  10
  10
  10
  10
  10
  10
  10
  10
  10
  10
  10
  10
  10
  10
  10
  10
  10
  10
  10
  10
  10
  10
  10
  10
  10
  10
  10
  10
  10
  10
  10
  10
  10
  10
  10
  10
  10
  10
  10
  10
  10
  10
  10
  10
  10
  10
  10
  10
  10
  10
  10
  10
  10
  10
  10
  10
  10
  10
  10
  10
  10
  10
  10
  10
  10
  10
  10
  10
  10
  10
  10
  10
  10
  10
  10
  10
  10
  10
  10
  10
  10
  10
  10
  10
  10
  10
  10
  10
  10
  10
  10
  10
  10
  10
  10
  10
  10
  10
  10
  10
  10
  10
  10
  10
  10
  10
  10
  10
  10
  10
  10
  10
  10
  10
  10
  10
  10
  10
  10
  10
  10
  10
  10
  10
  10
  10
  10
  10
  10
  10
  10
  10
  10
  10
  10
  10
  10
  10
  10
  10
  10
  10
  10
  10
  10
  10
  10
  10
  10
  10
  10
  10
  10
  10
  10
  10
  10
  10
  10
  10
  10
  10
  10
  10
  10
  10
  10
  10
  10
  10
  10
  10
  10
  10
  10
  10
  10
  10
  10
  10
  10
  10
  10
  10
  10
  10
  10
  10
  10
  10
  10
  10
  10
  10
  10
  10
  10
  10
  10
  10
  10
  10
  10
  10
  10
  10
  10
  10
  10
  10
  10
  10
  10
  10
  10
  10
  10
  10
  10
  10
  10
  10
  10
  10
  10
  10
  10
  10
  10
  10
  10
  10
  10
  10
  10
  10
  10
  10
  10
  10
  10
  10
  10
  10
  10
  10
  10
  10
  10
  10
  10
  10
  10
  10
  10
  10
  10
  10
  10
  10
  10
  10
  10
  10
  10
  10
  10
  10
  10
  10
  10
  10
  10
  10
  10
  10
  10
  10
  10
  10
  10
  10
  10
  10
  10
  10
  10
  11
  11
  11
  11
  11
  11
  11
  11
  11
  11
  11
  11
  11
  11
  11
  11
  11
  11
  11
  11
  11
  11
  11
  11
  11
  11
  11
  11
  11
  11
  11
  11
  11
  11
  11
  11
  11
  11
  11
  11
  11
  11
  11
  11
  11
  11
  11
  11
  11
  11
  11
  11
  11
  11
  11
  11
  11
  11
  11
  11
  11
  11
  11
  11
  11
  11
  11
  11
  11
  11
  11
  11
  11
  11
  11
  11
  11
  11
  11
  11
  11
  11
  11
  11
  11
  11
  11
  11
  11
  11
  11
  11
  11
  11
  11
  11
  11
  11
  11
  11
  11
  11
  11
  11
  11
  11
  11
  11
  11
  11
  11
  11
  11
  11
  11
  11
  11
  11
  11
  11
  11
  11
  11
  11
  11
  11
  11
  11
  11
  11
  11
  11
  11
  11
  11
  11
  11
  11
  11
  11
  11
  11
  11
  11
  11
  11
  11
  11
  11
  11
  11
  11
  11
  11
  11
  11
  11
  11
  11
  11
  11
  11
  11
  11
  11
  11
  11
  11
  11
  11
  11
  11
  11
  11
  11
  11
  11
  11
  11
  11
  11
  11
  11
  11
  11
  11
  11
  11
  11
  11
  11
  11
  11
  11
  11
  11
  11
  11
  11
  11
  11
  11
  11
  11
  11
  11
  11
  11
  11
  11
  11
  11
  11
  11
  11
  11
  11
  11
  11
  11
  11
  11
  11
  11
  11
  11
  11
  11
  11
  11
  11
  11
  11
  11
  11
  11
  11
  11
  11
  11
  11
  11
  11
  11
  11
  11
  11
  11
  11
  11
  11
  11
  11
  11
  11
  11
  11
  11
  11
  11
  11
  11
  11
  11
  11
  11
  11
  11
  11
  11
  11
  11
  11
  11
  11
  11
  11
  11
  11
  11
  11
  11
  11
  11
  11
  11
  11
  11
  11
  11
  11
  11
  11
  11
  11
  11
  11
  11
  11
  11
  11
  11
  11
  11
  11
  11
  11
  11
  11
  11
  11
  11
  11
  11
  11
  11
  11
  11
  11
  11
  11
  11
  11
  11
  11
  11
  11
  11
  11
  11
  11
  11
  11
  11
  11
  11
  11
  11
  11
  11
  11
  11
  11
  11
  11
  11
  11
  11
  11
  11
  11
  11
  11
  11
  11
  11
  11
  11
  11
  11
  11
  11
  11
  11
  11
  11
  11
  11
  11
  11
  11
  11
  11
  11
  11
  11
  11
  11
  11
  11
  11
  11
  11
  11
  11
  11
  11
  11
  11
  11
  11
  11
  11
  11
  11
  11
  11
  11
  11
  11
  11
  11
  11
  11
  11
  11
  11
  11
  11
  11
  11
  11
  11
  11
  11
  11
  11
  11
  11
  11
  11
  11
  11
  11
  11
  11
  11
  11
  11
  11
  11
  11
  11
  11
  11
  11
  11
  11
  11
  11
  11
  11
  11
  11
  11
  11
  11
  11
  11
  11
  11
  11
  11
  11
  11
  11
  11
  11
  11
  11
  11
  11
  11
  11
  11
  11
  11
  11
  11
  11
  11
  11
  11
  11
  11
  11
  11
  11
  11
  11
  11
  11
  11
  11
  11
  11
  11
  11
  11
  11
  11
  11
  11
  11
  11
  11
  11
  11
  11
  11
  11
  11
  11
  11
  11
  11
  11
  11
  11
  11
  11
  11
  11
  11
  11
  11
  11
  11
  11
  11
  11
  11
  11
  11
  11
  11
  11
  11
  11
  11
  11
  11
  11
  11
  11
  11
  11
  11
  11
  11
  11
  11
  11
  11
  11
  11
  11
  11
  11
  11
  11
  11
  11
  11
  11
  11
  11
  11
  11
  11
  11
  11
  11
  11
  11
  11
  11
  11
  11
  11
  11
  11
  11
  11
  11
  11
  11
  11
  11
  11
  11
  11
  11
  11
  11
  11
  11
  11
  11
  11
  11
  11
  11
  11
  11
  11
  11
  11
  11
  11
  11
  11
  11
  11
  11
  11
  11
  11
  11
  11
  11
  11
  11
  11
  11
  11
  11
  11
  11
  11
  11
  11
  11
  11
  11
  11
  11
  11
  11
  11
  11
  11
  11
  11
  11
  11
  11
  11
  11
  11
  11
  11
  11
  11
  11
  11
  11
  11
  11
  11
  11
  11
  11
  11
  11
  11
  11
  11
  11
  11
  11
  11
  11
  11
  11
  11
  11
  11
  11
  11
  11
  11
  11
  11
  11
  11
  11
  11
  11
  11
  11
  11
  11
  11
  11
  11
  11
  11
  11
  11
  11
  11
  11
  11
  11
  11
  11
  11
  11
  11
  11
  11
  11
  11
