instance,node,component,x,y,z,aba_U1,aba_U2,aba_U3,stap_U1,stap_U2,stap_U3,abs_vec,rel_vec_percent,rel_mag_percent
PART-SUPPORTBEAM-2,12,SupportBeam/B31,0.0,10.0,-30.0,1.9346434e-15,0.0027437578,-0.2950892,9.07387e-15,-0.000179489,-0.0171723,0.2779322735442283,94.18177966177483,94.1805746512228
PART-SUPPORTBEAM-1,12,SupportBeam/B31,0.0,-10.0,-30.0,2.793473e-16,-0.0027437578,-0.2950892,2.79232e-15,0.000179489,-0.0171723,0.2779322735442283,94.18177966177483,94.1805746512228
PART-SUPPORTBEAM-2,181,SupportBeam/B31,0.0,10.0,-26.25,2.9544297e-15,0.002447373,-0.29502523,7.3075e-15,-0.000488831,-0.018455,0.27658581564531204,93.74666008534544,93.74262408095207
PART-SUPPORTBEAM-1,181,SupportBeam/B31,0.0,-10.0,-26.25,5.2185048e-17,-0.002447373,-0.29502523,2.15665e-15,0.000488831,-0.018455,0.27658581564531204,93.74666008534544,93.74262408095207
PART-SUPPORTBEAM-2,169,SupportBeam/B31,3.84615,10.0,-30.0,0.0006438184,0.002743332,-0.29559714,-0.00216833,-0.000190901,-0.0199751,0.2756520031410682,93.24835794150115,93.20276333601423
PART-SUPPORTBEAM-2,200,SupportBeam/B31,-3.84615,10.0,-30.0,-0.0006438184,0.002743332,-0.29559714,0.00216833,-0.000190901,-0.0199751,0.2756520031410682,93.24835794150115,93.20276333601423
PART-SUPPORTBEAM-1,169,SupportBeam/B31,3.84615,-10.0,-30.0,0.0006438184,-0.002743332,-0.29559714,-0.00216833,0.000190901,-0.0199751,0.2756520031410682,93.24835794150115,93.20276333601423
PART-SUPPORTBEAM-1,200,SupportBeam/B31,-3.84615,-10.0,-30.0,-0.0006438184,-0.002743332,-0.29559714,0.00216833,0.000190901,-0.0199751,0.2756520031410682,93.24835794150115,93.20276333601423
PART-SUPPORTBEAM-2,182,SupportBeam/B31,0.0,10.0,-22.5,3.2918726e-15,0.0021516122,-0.29495582,3.7219e-15,-0.00111645,-0.0197322,0.2752430221394313,93.31421202009032,93.29959538547764
PART-SUPPORTBEAM-1,182,SupportBeam/B31,0.0,-10.0,-22.5,-2.555939e-16,-0.0021516122,-0.29495582,8.67877e-16,0.00111645,-0.0197322,0.2752430221394313,93.31421202009032,93.29959538547764
PART-SUPPORTBEAM-2,183,SupportBeam/B31,0.0,10.0,-18.75,3.0926096e-15,0.001856417,-0.29488096,1.32407e-16,-0.00174407,-0.021004,0.27390062563907874,92.88331062147279,92.85275403538121
PART-SUPPORTBEAM-1,183,SupportBeam/B31,0.0,-10.0,-18.75,-5.7697174e-16,-0.001856417,-0.29488096,-4.16389e-16,0.00174407,-0.021004,0.27390062563907874,92.88331062147279,92.85275403538121
PART-SUPPORTBEAM-2,184,SupportBeam/B31,0.0,10.0,-15.0,2.5022793e-15,0.0015617297,-0.29480067,-1.64119e-15,-0.00205341,-0.0222703,0.27255434652081295,92.45247715095776,92.41370377421237
PART-SUPPORTBEAM-1,184,SupportBeam/B31,0.0,-10.0,-15.0,-8.449305e-16,-0.0015617297,-0.29480067,-1.04725e-15,0.00205341,-0.0222703,0.27255434652081295,92.45247715095776,92.41370377421237
PART-SUPPORTBEAM-2,185,SupportBeam/B31,0.0,10.0,-11.25,1.6665194e-15,0.0012674922,-0.29471493,-1.62832e-15,-0.00190521,-0.0247366,0.2699969716660518,91.61207907581391,91.58182057669113
PART-SUPPORTBEAM-1,185,SupportBeam/B31,0.0,-10.0,-11.25,-9.924525e-16,-0.0012674922,-0.29471493,-4.96452e-16,0.00190521,-0.0247366,0.2699969716660518,91.61207907581391,91.58182057669113
PART-SUPPORTBEAM-2,170,SupportBeam/B31,7.69231,10.0,-30.0,0.0012876368,0.002742094,-0.29622424,-0.00433665,-0.000221327,-0.02717,0.2691293342019957,90.8484943853599,90.71198057760918
PART-SUPPORTBEAM-2,201,SupportBeam/B31,-7.69231,10.0,-30.0,-0.0012876368,0.002742094,-0.29622424,0.00433665,-0.000221327,-0.02717,0.2691293342019957,90.8484943853599,90.71198057760918
PART-SUPPORTBEAM-1,170,SupportBeam/B31,7.69231,-10.0,-30.0,0.0012876368,-0.002742094,-0.29622424,-0.00433665,0.000221327,-0.02717,0.2691293342019957,90.8484943853599,90.71198057760918
PART-SUPPORTBEAM-1,201,SupportBeam/B31,-7.69231,-10.0,-30.0,-0.0012876368,-0.002742094,-0.29622424,0.00433665,0.000221327,-0.02717,0.2691293342019957,90.8484943853599,90.71198057760918
PART-SUPPORTBEAM-2,186,SupportBeam/B31,0.0,10.0,-7.5,7.309683e-16,0.00097364635,-0.29462373,-2.25949e-15,-0.00155014,-0.0271975,0.26743813862191257,90.77228038364805,90.75380280125715
PART-SUPPORTBEAM-1,186,SupportBeam/B31,0.0,-10.0,-7.5,-9.525197e-16,-0.00097364635,-0.29462373,4.1613e-16,0.00155014,-0.0271975,0.26743813862191257,90.77228038364805,90.75380280125715
PART-SUPPORTBEAM-2,187,SupportBeam/B31,0.0,10.0,-3.75,-1.5873603e-16,0.0006801343,-0.2945271,-4.22913e-15,-0.00108308,-0.0296529,0.264880068616549,89.93378278940473,89.92534331038325
PART-SUPPORTBEAM-1,187,SupportBeam/B31,0.0,-10.0,-3.75,-6.581144e-16,-0.0006801343,-0.2945271,9.0257e-16,0.00108308,-0.0296529,0.264880068616549,89.93378278940473,89.92534331038325
PART-SUPPORTBEAM-2,10,SupportBeam/B31,0.0,10.0,0.0,-8.569555e-16,0.00038689788,-0.29442504,-8.2673e-15,-0.000598924,-0.032103,0.262323892382186,89.09692799614396,89.09448780180622
PART-FLOOR-1,9,Floor/S4R,0.0,10.0,0.0,-8.569555e-16,0.00038689788,-0.29442504,-8.2673e-15,-0.000598924,-0.032103,0.262323892382186,89.09692799614396,89.09448780180622
PART-FLOOR-1,10,Floor/S4R,0.0,-10.0,0.0,-4.22187e-17,-0.00038689788,-0.29442504,1.48544e-16,0.000598924,-0.032103,0.262323892382186,89.09692799614396,89.09448780180622
PART-SUPPORTBEAM-1,10,SupportBeam/B31,0.0,-10.0,0.0,-4.22187e-17,-0.00038689788,-0.29442504,1.48544e-16,0.000598924,-0.032103,0.262323892382186,89.09692799614396,89.09448780180622
PART-SUPPORTBEAM-2,141,SupportBeam/B31,-3.33333,10.0,-2.0,0.001307067,0.0005426483,-0.29469514,-0.00133119,-0.000807181,-0.035466,0.2592460789757037,87.96992361709039,87.95374017832029
PART-SUPPORTBEAM-2,155,SupportBeam/B31,3.33333,10.0,-2.0,-0.001307067,0.0005426483,-0.29469514,0.00133119,-0.000807181,-0.035466,0.2592460789757037,87.96992361709039,87.95374017832029
PART-SUPPORTBEAM-1,141,SupportBeam/B31,-3.33333,-10.0,-2.0,0.001307067,-0.0005426483,-0.29469514,-0.00133119,0.000807181,-0.035466,0.2592460789757037,87.96992361709039,87.95374017832029
PART-SUPPORTBEAM-1,155,SupportBeam/B31,3.33333,-10.0,-2.0,-0.001307067,-0.0005426483,-0.29469514,0.00133119,0.000807181,-0.035466,0.2592460789757037,87.96992361709039,87.95374017832029
PART-SUPPORTBEAM-2,171,SupportBeam/B31,11.53846,10.0,-30.0,0.0019314553,0.0027400749,-0.29640955,-0.00650498,-0.000266666,-0.037588,0.25897646355569326,87.36557291024053,87.13090861036169
PART-SUPPORTBEAM-2,202,SupportBeam/B31,-11.53846,10.0,-30.0,-0.0019314553,0.0027400749,-0.29640955,0.00650498,-0.000266666,-0.037588,0.25897646355569326,87.36557291024053,87.13090861036169
PART-SUPPORTBEAM-1,171,SupportBeam/B31,11.53846,-10.0,-30.0,0.0019314553,-0.0027400749,-0.29640955,-0.00650498,0.000266666,-0.037588,0.25897646355569326,87.36557291024053,87.13090861036169
PART-SUPPORTBEAM-1,202,SupportBeam/B31,-11.53846,-10.0,-30.0,-0.0019314553,-0.0027400749,-0.29640955,0.00650498,0.000266666,-0.037588,0.25897646355569326,87.36557291024053,87.13090861036169
PART-FLOOR-1,99,Floor/S4R,0.0,0.0,0.0,-4.2136686e-16,7.151421e-15,-0.3599833,-2.78272e-15,6.9405e-13,-0.102201,0.2577823,71.60951633034088,71.60951633034088
PART-FLOOR-1,341,Floor/S4R,5.0,-5.0,0.0,-0.000497431,-0.0002010983,-0.3619919,-0.000140047,5.2362e-05,-0.106803,0.25518927612393344,70.49577512958189,70.49575215989225
PART-FLOOR-1,343,Floor/S4R,5.0,5.0,0.0,-0.000497431,0.0002010983,-0.3619919,-0.000140047,-5.2362e-05,-0.106803,0.25518927612393344,70.49577512958189,70.49575215989225
PART-FLOOR-1,344,Floor/S4R,-5.0,-5.0,0.0,0.000497431,-0.0002010983,-0.3619919,0.000140047,5.2362e-05,-0.106803,0.25518927612393344,70.49577512958189,70.49575215989225
PART-FLOOR-1,346,Floor/S4R,-5.0,5.0,0.0,0.000497431,0.0002010983,-0.3619919,0.000140047,-5.2362e-05,-0.106803,0.25518927612393344,70.49577512958189,70.49575215989225
PART-SUPPORTBEAM-2,142,SupportBeam/B31,-6.66667,10.0,-4.0,0.003023396,0.0006974005,-0.29564145,-0.000909865,-0.000959764,-0.0417441,0.2539332216810094,85.8875634049596,85.87385366020908
PART-SUPPORTBEAM-2,156,SupportBeam/B31,6.66667,10.0,-4.0,-0.003023396,0.0006974005,-0.29564145,0.000909865,-0.000959764,-0.0417441,0.2539332216810094,85.8875634049596,85.87385366020908
PART-SUPPORTBEAM-1,142,SupportBeam/B31,-6.66667,-10.0,-4.0,0.003023396,-0.0006974005,-0.29564145,-0.000909865,0.000959764,-0.0417441,0.2539332216810094,85.8875634049596,85.87385366020908
PART-SUPPORTBEAM-1,156,SupportBeam/B31,6.66667,-10.0,-4.0,-0.003023396,-0.0006974005,-0.29564145,0.000909865,0.000959764,-0.0417441,0.2539332216810094,85.8875634049596,85.87385366020908
PART-FLOOR-1,96,Floor/S4R,10.0,10.0,0.0,-0.0010079407,0.00041078145,-0.39489084,-0.000477464,0.000128088,-0.146367,0.24852456693345534,62.93476518805673,62.93474955571443
PART-FLOOR-1,102,Floor/S4R,10.0,-10.0,0.0,-0.0010079407,-0.00041078145,-0.39489084,-0.000477464,-0.000128088,-0.146367,0.24852456693345534,62.93476518805673,62.93474955571443
PART-FLOOR-1,111,Floor/S4R,-10.0,10.0,0.0,0.0010079407,0.00041078145,-0.39489084,0.000477464,0.000128088,-0.146367,0.24852456693345534,62.93476518805673,62.93474955571443
PART-FLOOR-1,129,Floor/S4R,-10.0,-10.0,0.0,0.0010079407,-0.00041078145,-0.39489084,0.000477464,-0.000128088,-0.146367,0.24852456693345534,62.93476518805673,62.93474955571443
PART-SUPPORTBEAM-2,143,SupportBeam/B31,-10.0,10.0,-6.0,0.0047985916,0.0008512983,-0.29668006,0.000771466,-0.00106274,-0.0501164,0.24660397343880663,83.109969771534,83.10407512381576
PART-SUPPORTBEAM-2,157,SupportBeam/B31,10.0,10.0,-6.0,-0.0047985916,0.0008512983,-0.29668006,-0.000771466,-0.00106274,-0.0501164,0.24660397343880663,83.109969771534,83.10407512381576
PART-SUPPORTBEAM-1,143,SupportBeam/B31,-10.0,-10.0,-6.0,0.0047985916,-0.0008512983,-0.29668006,0.000771466,0.00106274,-0.0501164,0.24660397343880663,83.109969771534,83.10407512381576
PART-SUPPORTBEAM-1,157,SupportBeam/B31,10.0,-10.0,-6.0,-0.0047985916,-0.0008512983,-0.29668006,-0.000771466,0.00106274,-0.0501164,0.24660397343880663,83.109969771534,83.10407512381576
PART-SUPPORTBEAM-2,172,SupportBeam/B31,15.38462,10.0,-30.0,0.0025752736,0.002737306,-0.29573292,-0.00867331,-0.000322821,-0.0502,0.24580949903123908,83.1120362694884,82.77477336397848
PART-SUPPORTBEAM-2,203,SupportBeam/B31,-15.38462,10.0,-30.0,-0.0025752736,0.002737306,-0.29573292,0.00867331,-0.000322821,-0.0502,0.24580949903123908,83.1120362694884,82.77477336397848
PART-SUPPORTBEAM-1,172,SupportBeam/B31,15.38462,-10.0,-30.0,0.0025752736,-0.002737306,-0.29573292,-0.00867331,0.000322821,-0.0502,0.24580949903123908,83.1120362694884,82.77477336397848
PART-SUPPORTBEAM-1,203,SupportBeam/B31,-15.38462,-10.0,-30.0,-0.0025752736,-0.002737306,-0.29573292,0.00867331,0.000322821,-0.0502,0.24580949903123908,83.1120362694884,82.77477336397848
PART-FLOOR-1,339,Floor/S4R,10.0,0.0,0.0,-0.0010014938,7.487289e-15,-0.4133748,-0.000372517,6.95526e-13,-0.168841,0.2445346089089537,59.15549067139454,59.15548905462399
PART-FLOOR-1,348,Floor/S4R,-10.0,0.0,0.0,0.0010014938,6.7888247e-15,-0.4133748,0.000372517,6.87434e-13,-0.168841,0.2445346089089537,59.15549067139454,59.15548905462399
PART-FLOOR-1,97,Floor/S4R,5.0,10.0,0.0,-0.0004046246,0.00014975635,-0.3296361,-0.000289575,2.95299e-05,-0.0854948,0.244141356710615,74.06383815019659,74.0637562849889
PART-FLOOR-1,101,Floor/S4R,5.0,-10.0,0.0,-0.0004046246,-0.00014975635,-0.3296361,-0.000289575,-2.95299e-05,-0.0854948,0.244141356710615,74.06383815019659,74.0637562849889
PART-FLOOR-1,110,Floor/S4R,-5.0,10.0,0.0,0.0004046246,0.00014975635,-0.3296361,0.000289575,2.95299e-05,-0.0854948,0.244141356710615,74.06383815019659,74.0637562849889
PART-FLOOR-1,130,Floor/S4R,-5.0,-10.0,0.0,0.0004046246,-0.00014975635,-0.3296361,0.000289575,-2.95299e-05,-0.0854948,0.244141356710615,74.06383815019659,74.0637562849889
PART-FLOOR-1,98,Floor/S4R,0.0,5.0,0.0,-4.511597e-16,7.297172e-05,-0.34479007,-4.85906e-15,-0.00019465,-0.101159,0.24363121698733503,70.6607390204075,70.66064431412063
PART-FLOOR-1,100,Floor/S4R,0.0,-5.0,0.0,-1.5886998e-16,-7.297172e-05,-0.34479007,-8.98143e-16,0.00019465,-0.101159,0.24363121698733503,70.6607390204075,70.66064431412063
PART-FLOOR-1,342,Floor/S4R,5.0,0.0,0.0,-0.00040798704,7.317275e-15,-0.37569892,-0.000151965,6.95443e-13,-0.136319,0.23938005691053582,63.715891374916254,63.71589135124452
PART-FLOOR-1,345,Floor/S4R,-5.0,0.0,0.0,0.00040798704,6.9765975e-15,-0.37569892,0.000151965,6.91325e-13,-0.136319,0.23938005691053582,63.715891374916254,63.71589135124452
PART-SUPPORTBEAM-2,144,SupportBeam/B31,-13.33333,10.0,-8.0,0.006347081,0.0010044856,-0.29733494,0.00328493,-0.00112219,-0.0598697,0.23749450462297447,79.8557540932741,79.83545069086921
PART-SUPPORTBEAM-2,158,SupportBeam/B31,13.33333,10.0,-8.0,-0.006347081,0.0010044856,-0.29733494,-0.00328493,-0.00112219,-0.0598697,0.23749450462297447,79.8557540932741,79.83545069086921
PART-SUPPORTBEAM-1,144,SupportBeam/B31,-13.33333,-10.0,-8.0,0.006347081,-0.0010044856,-0.29733494,0.00328493,0.00112219,-0.0598697,0.23749450462297447,79.8557540932741,79.83545069086921
PART-SUPPORTBEAM-1,158,SupportBeam/B31,13.33333,-10.0,-8.0,-0.006347081,-0.0010044856,-0.29733494,-0.00328493,0.00112219,-0.0598697,0.23749450462297447,79.8557540932741,79.83545069086921
PART-FLOOR-1,338,Floor/S4R,10.0,-5.0,0.0,-0.00080633897,-6.241057e-05,-0.407936,-0.000405694,-6.966e-05,-0.176674,0.2312623471578247,56.69072910298139,56.69072297601365
PART-FLOOR-1,340,Floor/S4R,10.0,5.0,0.0,-0.00080633897,6.241057e-05,-0.407936,-0.000405694,6.966e-05,-0.176674,0.2312623471578247,56.69072910298139,56.69072297601365
PART-FLOOR-1,347,Floor/S4R,-10.0,-5.0,0.0,0.00080633897,-6.241057e-05,-0.407936,0.000405694,-6.966e-05,-0.176674,0.2312623471578247,56.69072910298139,56.69072297601365
PART-FLOOR-1,349,Floor/S4R,-10.0,5.0,0.0,0.00080633897,6.241057e-05,-0.407936,0.000405694,6.966e-05,-0.176674,0.2312623471578247,56.69072910298139,56.69072297601365
PART-FLOOR-1,335,Floor/S4R,15.0,-5.0,0.0,-0.001524602,-0.00022083079,-0.45685697,-0.000657819,-8.38173e-05,-0.225768,0.23109063620390682,50.58242242355892,50.582413050305384
PART-FLOOR-1,337,Floor/S4R,15.0,5.0,0.0,-0.001524602,0.00022083079,-0.45685697,-0.000657819,8.38173e-05,-0.225768,0.23109063620390682,50.58242242355892,50.582413050305384
PART-FLOOR-1,350,Floor/S4R,-15.0,-5.0,0.0,0.001524602,-0.00022083079,-0.45685697,0.000657819,-8.38173e-05,-0.225768,0.23109063620390682,50.58242242355892,50.582413050305384
PART-FLOOR-1,352,Floor/S4R,-15.0,5.0,0.0,0.001524602,0.00022083079,-0.45685697,0.000657819,8.38173e-05,-0.225768,0.23109063620390682,50.58242242355892,50.582413050305384
PART-SUPPORTBEAM-2,173,SupportBeam/B31,19.23077,10.0,-30.0,0.0032190923,0.002733819,-0.29391506,-0.0108416,-0.000385694,-0.0641178,0.23024815989019337,78.33024740099714,77.87715664592953
PART-SUPPORTBEAM-2,204,SupportBeam/B31,-19.23077,10.0,-30.0,-0.0032190923,0.002733819,-0.29391506,0.0108416,-0.000385694,-0.0641178,0.23024815989019337,78.33024740099714,77.87715664592953
PART-SUPPORTBEAM-1,173,SupportBeam/B31,19.23077,-10.0,-30.0,0.0032190923,-0.002733819,-0.29391506,-0.0108416,0.000385694,-0.0641178,0.23024815989019337,78.33024740099714,77.87715664592953
PART-SUPPORTBEAM-1,204,SupportBeam/B31,-19.23077,-10.0,-30.0,-0.0032190923,-0.002733819,-0.29391506,0.0108416,0.000385694,-0.0641178,0.23024815989019337,78.33024740099714,77.87715664592953
PART-SUPPORTBEAM-2,145,SupportBeam/B31,-16.66667,10.0,-10.0,0.007448112,0.0011571064,-0.29723823,0.00626728,-0.00114417,-0.0703986,0.2268543761442973,76.29619940632092,76.2266219267975
PART-SUPPORTBEAM-2,159,SupportBeam/B31,16.66667,10.0,-10.0,-0.007448112,0.0011571064,-0.29723823,-0.00626728,-0.00114417,-0.0703986,0.2268543761442973,76.29619940632092,76.2266219267975
PART-SUPPORTBEAM-1,145,SupportBeam/B31,-16.66667,-10.0,-10.0,0.007448112,-0.0011571064,-0.29723823,0.00626728,0.00114417,-0.0703986,0.2268543761442973,76.29619940632092,76.2266219267975
PART-SUPPORTBEAM-1,159,SupportBeam/B31,16.66667,-10.0,-10.0,-0.007448112,-0.0011571064,-0.29723823,-0.00626728,0.00114417,-0.0703986,0.2268543761442973,76.29619940632092,76.2266219267975
PART-FLOOR-1,95,Floor/S4R,15.0,10.0,0.0,-0.0011827515,0.000103795464,-0.45507059,-0.000681475,0.00015748,-0.236508,0.21856317143486675,48.028247123009685,48.0282324408926
PART-FLOOR-1,103,Floor/S4R,15.0,-10.0,0.0,-0.0011827515,-0.000103795464,-0.45507059,-0.000681475,-0.00015748,-0.236508,0.21856317143486675,48.028247123009685,48.0282324408926
PART-FLOOR-1,112,Floor/S4R,-15.0,10.0,0.0,0.0011827515,0.000103795464,-0.45507059,0.000681475,0.00015748,-0.236508,0.21856317143486675,48.028247123009685,48.0282324408926
PART-FLOOR-1,128,Floor/S4R,-15.0,-10.0,0.0,0.0011827515,-0.000103795464,-0.45507059,0.000681475,-0.00015748,-0.236508,0.21856317143486675,48.028247123009685,48.0282324408926
PART-FLOOR-1,336,Floor/S4R,15.0,0.0,0.0,-0.0011910077,7.600829e-15,-0.45834816,-0.000642376,6.94432e-13,-0.242119,0.21622985601217942,47.17573776542858,47.17573759813753
PART-FLOOR-1,351,Floor/S4R,-15.0,0.0,0.0,0.0011910077,6.640321e-15,-0.45834816,0.000642376,6.82543e-13,-0.242119,0.21622985601217942,47.17573776542858,47.17573759813753
PART-SUPPORTBEAM-2,146,SupportBeam/B31,-20.0,10.0,-12.0,0.007945754,0.0013093045,-0.29613003,0.00941994,-0.00113476,-0.0812055,0.21494348157449125,72.5573322935227,72.40141479238882
PART-SUPPORTBEAM-2,160,SupportBeam/B31,20.0,10.0,-12.0,-0.007945754,0.0013093045,-0.29613003,-0.00941994,-0.00113476,-0.0812055,0.21494348157449125,72.5573322935227,72.40141479238882
PART-SUPPORTBEAM-1,146,SupportBeam/B31,-20.0,-10.0,-12.0,0.007945754,-0.0013093045,-0.29613003,0.00941994,0.00113476,-0.0812055,0.21494348157449125,72.5573322935227,72.40141479238882
PART-SUPPORTBEAM-1,160,SupportBeam/B31,20.0,-10.0,-12.0,-0.007945754,-0.0013093045,-0.29613003,-0.00941994,0.00113476,-0.0812055,0.21494348157449125,72.5573322935227,72.40141479238882
PART-FLOOR-1,94,Floor/S4R,20.0,10.0,0.0,-0.0020783583,0.0004748796,-0.49524748,-0.000910626,0.000154934,-0.281771,0.21347991352139392,43.10530475745113,43.10523228670028
PART-FLOOR-1,104,Floor/S4R,20.0,-10.0,0.0,-0.0020783583,-0.0004748796,-0.49524748,-0.000910626,-0.000154934,-0.281771,0.21347991352139392,43.10530475745113,43.10523228670028
PART-FLOOR-1,113,Floor/S4R,-20.0,10.0,0.0,0.0020783583,0.0004748796,-0.49524748,0.000910626,0.000154934,-0.281771,0.21347991352139392,43.10530475745113,43.10523228670028
PART-FLOOR-1,127,Floor/S4R,-20.0,-10.0,0.0,0.0020783583,-0.0004748796,-0.49524748,0.000910626,-0.000154934,-0.281771,0.21347991352139392,43.10530475745113,43.10523228670028
PART-SUPPORTBEAM-2,174,SupportBeam/B31,23.07692,10.0,-30.0,0.0038629107,0.0027296448,-0.29081747,-0.01301,-0.000451186,-0.0785934,0.21291751615927076,73.20377266929935,72.61042327926847
PART-SUPPORTBEAM-2,205,SupportBeam/B31,-23.07692,10.0,-30.0,-0.0038629107,0.0027296448,-0.29081747,0.01301,-0.000451186,-0.0785934,0.21291751615927076,73.20377266929935,72.61042327926847
PART-SUPPORTBEAM-1,174,SupportBeam/B31,23.07692,-10.0,-30.0,0.0038629107,-0.0027296448,-0.29081747,-0.01301,0.000451186,-0.0785934,0.21291751615927076,73.20377266929935,72.61042327926847
PART-SUPPORTBEAM-1,205,SupportBeam/B31,-23.07692,-10.0,-30.0,-0.0038629107,-0.0027296448,-0.29081747,0.01301,0.000451186,-0.0785934,0.21291751615927076,73.20377266929935,72.61042327926847
PART-FLOOR-1,333,Floor/S4R,20.0,0.0,0.0,-0.002067787,7.719011e-15,-0.49015358,-0.00090163,6.92258e-13,-0.278028,0.21212878544055505,43.277639191338444,43.27757680551275
PART-FLOOR-1,354,Floor/S4R,-20.0,0.0,0.0,0.002067787,6.4788385e-15,-0.49015358,0.00090163,6.7672e-13,-0.278028,0.21212878544055505,43.277639191338444,43.27757680551275
PART-SUPPORTBEAM-2,147,SupportBeam/B31,-23.33333,10.0,-14.0,0.007748899,0.0014612238,-0.29385847,0.012509,-0.00110002,-0.0919005,0.20203029519815618,68.72614420037577,68.44703245876718
PART-SUPPORTBEAM-2,161,SupportBeam/B31,23.33333,10.0,-14.0,-0.007748899,0.0014612238,-0.29385847,-0.012509,-0.00110002,-0.0919005,0.20203029519815618,68.72614420037577,68.44703245876718
PART-SUPPORTBEAM-1,147,SupportBeam/B31,-23.33333,-10.0,-14.0,0.007748899,-0.0014612238,-0.29385847,0.012509,0.00110002,-0.0919005,0.20203029519815618,68.72614420037577,68.44703245876718
PART-SUPPORTBEAM-1,161,SupportBeam/B31,23.33333,-10.0,-14.0,-0.007748899,-0.0014612238,-0.29385847,-0.012509,0.00110002,-0.0919005,0.20203029519815618,68.72614420037577,68.44703245876718
PART-FLOOR-1,332,Floor/S4R,20.0,-5.0,0.0,-0.0015484488,-3.640435e-05,-0.49082989,-0.000906705,-8.04892e-05,-0.292258,0.19857293188335345,40.45636731640835,40.45636413473301
PART-FLOOR-1,334,Floor/S4R,20.0,5.0,0.0,-0.0015484488,3.640435e-05,-0.49082989,-0.000906705,8.04892e-05,-0.292258,0.19857293188335345,40.45636731640835,40.45636413473301
PART-FLOOR-1,353,Floor/S4R,-20.0,-5.0,0.0,0.0015484488,-3.640435e-05,-0.49082989,0.000906705,-8.04892e-05,-0.292258,0.19857293188335345,40.45636731640835,40.45636413473301
PART-FLOOR-1,355,Floor/S4R,-20.0,5.0,0.0,0.0015484488,3.640435e-05,-0.49082989,0.000906705,8.04892e-05,-0.292258,0.19857293188335345,40.45636731640835,40.45636413473301
PART-SUPPORTBEAM-2,175,SupportBeam/B31,26.92308,10.0,-30.0,0.004506729,0.0027248147,-0.28644243,-0.0151783,-0.000515199,-0.0930191,0.1944494346708057,67.87282805873535,67.10166182106002
PART-SUPPORTBEAM-2,206,SupportBeam/B31,-26.92308,10.0,-30.0,-0.004506729,0.0027248147,-0.28644243,0.0151783,-0.000515199,-0.0930191,0.1944494346708057,67.87282805873535,67.10166182106002
PART-SUPPORTBEAM-1,175,SupportBeam/B31,26.92308,-10.0,-30.0,0.004506729,-0.0027248147,-0.28644243,-0.0151783,0.000515199,-0.0930191,0.1944494346708057,67.87282805873535,67.10166182106002
PART-SUPPORTBEAM-1,206,SupportBeam/B31,-26.92308,-10.0,-30.0,-0.004506729,-0.0027248147,-0.28644243,0.0151783,0.000515199,-0.0930191,0.1944494346708057,67.87282805873535,67.10166182106002
PART-FLOOR-1,329,Floor/S4R,25.0,-5.0,0.0,-0.0026460653,-0.000250792,-0.49927437,-0.00115286,-7.6179e-05,-0.308117,0.19116328166539892,38.28767995801654,38.28747905175189
PART-FLOOR-1,331,Floor/S4R,25.0,5.0,0.0,-0.0026460653,0.000250792,-0.49927437,-0.00115286,7.6179e-05,-0.308117,0.19116328166539892,38.28767995801654,38.28747905175189
PART-FLOOR-1,356,Floor/S4R,-25.0,-5.0,0.0,0.0026460653,-0.000250792,-0.49927437,0.00115286,-7.6179e-05,-0.308117,0.19116328166539892,38.28767995801654,38.28747905175189
PART-FLOOR-1,358,Floor/S4R,-25.0,5.0,0.0,0.0026460653,0.000250792,-0.49927437,0.00115286,7.6179e-05,-0.308117,0.19116328166539892,38.28767995801654,38.28747905175189
PART-SUPPORTBEAM-2,148,SupportBeam/B31,-26.66667,10.0,-16.0,0.0068312627,0.0016130084,-0.29037976,0.015365,-0.00104602,-0.102201,0.18839092552316583,64.85848453845206,64.41740541828139
PART-SUPPORTBEAM-2,162,SupportBeam/B31,26.66667,10.0,-16.0,-0.0068312627,0.0016130084,-0.29037976,-0.015365,-0.00104602,-0.102201,0.18839092552316583,64.85848453845206,64.41740541828139
PART-SUPPORTBEAM-1,148,SupportBeam/B31,-26.66667,-10.0,-16.0,0.0068312627,-0.0016130084,-0.29037976,0.015365,0.00104602,-0.102201,0.18839092552316583,64.85848453845206,64.41740541828139
PART-SUPPORTBEAM-1,162,SupportBeam/B31,26.66667,-10.0,-16.0,-0.0068312627,-0.0016130084,-0.29037976,-0.015365,0.00104602,-0.102201,0.18839092552316583,64.85848453845206,64.41740541828139
PART-FLOOR-1,93,Floor/S4R,25.0,10.0,0.0,-0.001870357,3.2440857e-05,-0.505564,-0.00115184,0.000150354,-0.327813,0.17775249132203066,35.15900549716775,35.15898796282688
PART-FLOOR-1,105,Floor/S4R,25.0,-10.0,0.0,-0.001870357,-3.2440857e-05,-0.505564,-0.00115184,-0.000150354,-0.327813,0.17775249132203066,35.15900549716775,35.15898796282688
PART-FLOOR-1,114,Floor/S4R,-25.0,10.0,0.0,0.001870357,3.2440857e-05,-0.505564,0.00115184,0.000150354,-0.327813,0.17775249132203066,35.15900549716775,35.15898796282688
PART-FLOOR-1,126,Floor/S4R,-25.0,-10.0,0.0,0.001870357,-3.2440857e-05,-0.505564,0.00115184,-0.000150354,-0.327813,0.17775249132203066,35.15900549716775,35.15898796282688
PART-FLOOR-1,330,Floor/S4R,25.0,0.0,0.0,-0.0018792292,7.801363e-15,-0.49788436,-0.00115215,6.89054e-13,-0.320784,0.17710185249254926,35.57062748097955,35.57062445606937
PART-FLOOR-1,357,Floor/S4R,-25.0,0.0,0.0,0.0018792292,6.3358518e-15,-0.49788436,0.00115215,6.70019e-13,-0.320784,0.17710185249254926,35.57062748097955,35.57062445606937
PART-SUPPORTBEAM-2,176,SupportBeam/B31,30.76923,10.0,-30.0,0.0051505473,0.00271936,-0.28093305,-0.0173466,-0.000573634,-0.106928,0.17548425248900382,62.451374478155216,61.448412486815705
PART-SUPPORTBEAM-2,207,SupportBeam/B31,-30.76923,10.0,-30.0,-0.0051505473,0.00271936,-0.28093305,0.0173466,-0.000573634,-0.106928,0.17548425248900382,62.451374478155216,61.448412486815705
PART-SUPPORTBEAM-1,176,SupportBeam/B31,30.76923,-10.0,-30.0,0.0051505473,-0.00271936,-0.28093305,-0.0173466,0.000573634,-0.106928,0.17548425248900382,62.451374478155216,61.448412486815705
PART-SUPPORTBEAM-1,207,SupportBeam/B31,-30.76923,-10.0,-30.0,-0.0051505473,-0.00271936,-0.28093305,0.0173466,0.000573634,-0.106928,0.17548425248900382,62.451374478155216,61.448412486815705
PART-SUPPORTBEAM-2,149,SupportBeam/B31,-30.0,10.0,-18.0,0.0052313777,0.0017648021,-0.2857581,0.0178835,-0.000978839,-0.111934,0.17430554066348483,60.98620360459881,60.338244037596034
PART-SUPPORTBEAM-2,163,SupportBeam/B31,30.0,10.0,-18.0,-0.0052313777,0.0017648021,-0.2857581,-0.0178835,-0.000978839,-0.111934,0.17430554066348483,60.98620360459881,60.338244037596034
PART-SUPPORTBEAM-1,149,SupportBeam/B31,-30.0,-10.0,-18.0,0.0052313777,-0.0017648021,-0.2857581,0.0178835,0.000978839,-0.111934,0.17430554066348483,60.98620360459881,60.338244037596034
PART-SUPPORTBEAM-1,163,SupportBeam/B31,30.0,-10.0,-18.0,-0.0052313777,-0.0017648021,-0.2857581,-0.0178835,0.000978839,-0.111934,0.17430554066348483,60.98620360459881,60.338244037596034
PART-FLOOR-1,92,Floor/S4R,30.0,10.0,0.0,-0.0032585135,0.0005479046,-0.4829595,-0.00139659,0.000147683,-0.314926,0.16804429195512402,34.79388212278231,34.79333963405604
PART-FLOOR-1,106,Floor/S4R,30.0,-10.0,0.0,-0.0032585135,-0.0005479046,-0.4829595,-0.00139659,-0.000147683,-0.314926,0.16804429195512402,34.79388212278231,34.79333963405604
PART-FLOOR-1,115,Floor/S4R,-30.0,10.0,0.0,0.0032585135,0.0005479046,-0.4829595,0.00139659,0.000147683,-0.314926,0.16804429195512402,34.79388212278231,34.79333963405604
PART-FLOOR-1,125,Floor/S4R,-30.0,-10.0,0.0,0.0032585135,-0.0005479046,-0.4829595,0.00139659,-0.000147683,-0.314926,0.16804429195512402,34.79388212278231,34.79333963405604
PART-FLOOR-1,327,Floor/S4R,30.0,0.0,0.0,-0.0032624532,7.879147e-15,-0.47822887,-0.00139859,6.84875e-13,-0.310207,0.16803220758034812,35.1355403724974,35.13504640109459
PART-FLOOR-1,360,Floor/S4R,-30.0,0.0,0.0,0.0032624532,6.1896433e-15,-0.47822887,0.00139859,6.62498e-13,-0.310207,0.16803220758034812,35.1355403724974,35.13504640109459
PART-SUPPORTBEAM-2,150,SupportBeam/B31,-33.33333,10.0,-20.0,0.0030526014,0.0019167488,-0.2801658,0.0200243,-0.000904538,-0.121031,0.16006212163912206,57.12648595172406,56.21539573254246
PART-SUPPORTBEAM-2,164,SupportBeam/B31,33.33333,10.0,-20.0,-0.0030526014,0.0019167488,-0.2801658,-0.0200243,-0.000904538,-0.121031,0.16006212163912206,57.12648595172406,56.21539573254246
PART-SUPPORTBEAM-1,150,SupportBeam/B31,-33.33333,-10.0,-20.0,0.0030526014,-0.0019167488,-0.2801658,0.0200243,0.000904538,-0.121031,0.16006212163912206,57.12648595172406,56.21539573254246
PART-SUPPORTBEAM-1,164,SupportBeam/B31,33.33333,-10.0,-20.0,-0.0030526014,-0.0019167488,-0.2801658,-0.0200243,0.000904538,-0.121031,0.16006212163912206,57.12648595172406,56.21539573254246
PART-SUPPORTBEAM-2,177,SupportBeam/B31,34.61538,10.0,-30.0,0.005794366,0.0027133122,-0.2745732,-0.0195149,-0.000622393,-0.119993,0.15667394201551216,57.045415443156664,55.73561681603738
PART-SUPPORTBEAM-2,208,SupportBeam/B31,-34.61538,10.0,-30.0,-0.005794366,0.0027133122,-0.2745732,0.0195149,-0.000622393,-0.119993,0.15667394201551216,57.045415443156664,55.73561681603738
PART-SUPPORTBEAM-1,177,SupportBeam/B31,34.61538,-10.0,-30.0,0.005794366,-0.0027133122,-0.2745732,-0.0195149,0.000622393,-0.119993,0.15667394201551216,57.045415443156664,55.73561681603738
PART-SUPPORTBEAM-1,208,SupportBeam/B31,-34.61538,-10.0,-30.0,-0.005794366,-0.0027133122,-0.2745732,0.0195149,0.000622393,-0.119993,0.15667394201551216,57.045415443156664,55.73561681603738
PART-FLOOR-1,326,Floor/S4R,30.0,-5.0,0.0,-0.0021706654,-1.6752054e-05,-0.47881278,-0.00139819,-7.39966e-05,-0.32463,0.15418472571467662,32.20113323661315,32.20112392106771
PART-FLOOR-1,328,Floor/S4R,30.0,5.0,0.0,-0.0021706654,1.6752054e-05,-0.47881278,-0.00139819,7.39966e-05,-0.32463,0.15418472571467662,32.20113323661315,32.20112392106771
PART-FLOOR-1,359,Floor/S4R,-30.0,-5.0,0.0,0.0021706654,-1.6752054e-05,-0.47881278,0.00139819,-7.39966e-05,-0.32463,0.15418472571467662,32.20113323661315,32.20112392106771
PART-FLOOR-1,361,Floor/S4R,-30.0,5.0,0.0,0.0021706654,1.6752054e-05,-0.47881278,0.00139819,7.39966e-05,-0.32463,0.15418472571467662,32.20113323661315,32.20112392106771
PART-SUPPORTBEAM-2,151,SupportBeam/B31,-36.66667,10.0,-22.0,0.00046311063,0.0020689925,-0.2738831,0.0218121,-0.000829189,-0.129534,0.14594807800699983,53.28686038936827,52.03928124780886
PART-SUPPORTBEAM-2,165,SupportBeam/B31,36.66667,10.0,-22.0,-0.00046311063,0.0020689925,-0.2738831,-0.0218121,-0.000829189,-0.129534,0.14594807800699983,53.28686038936827,52.03928124780886
PART-SUPPORTBEAM-1,151,SupportBeam/B31,-36.66667,-10.0,-22.0,0.00046311063,-0.0020689925,-0.2738831,0.0218121,0.000829189,-0.129534,0.14594807800699983,53.28686038936827,52.03928124780886
PART-SUPPORTBEAM-1,165,SupportBeam/B31,36.66667,-10.0,-22.0,-0.00046311063,-0.0020689925,-0.2738831,-0.0218121,0.000829189,-0.129534,0.14594807800699983,53.28686038936827,52.03928124780886
PART-FLOOR-1,323,Floor/S4R,35.0,-5.0,0.0,-0.003909308,-0.00025365577,-0.4333933,-0.00164334,-7.2458e-05,-0.289107,0.1443042057990649,33.295002672848945,33.29387670420172
PART-FLOOR-1,325,Floor/S4R,35.0,5.0,0.0,-0.003909308,0.00025365577,-0.4333933,-0.00164334,7.2458e-05,-0.289107,0.1443042057990649,33.295002672848945,33.29387670420172
PART-FLOOR-1,362,Floor/S4R,-35.0,-5.0,0.0,0.003909308,-0.00025365577,-0.4333933,0.00164334,-7.2458e-05,-0.289107,0.1443042057990649,33.295002672848945,33.29387670420172
PART-FLOOR-1,364,Floor/S4R,-35.0,5.0,0.0,0.003909308,0.00025365577,-0.4333933,0.00164334,7.2458e-05,-0.289107,0.1443042057990649,33.295002672848945,33.29387670420172
PART-SUPPORTBEAM-2,178,SupportBeam/B31,38.46154,10.0,-30.0,0.0064381845,0.0027067023,-0.26778767,-0.0216833,-0.000657377,-0.132028,0.13868245353515102,51.77061083419415,50.05265210570232
PART-SUPPORTBEAM-2,209,SupportBeam/B31,-38.46154,10.0,-30.0,-0.0064381845,0.0027067023,-0.26778767,0.0216833,-0.000657377,-0.132028,0.13868245353515102,51.77061083419415,50.05265210570232
PART-SUPPORTBEAM-1,178,SupportBeam/B31,38.46154,-10.0,-30.0,0.0064381845,-0.0027067023,-0.26778767,-0.0216833,0.000657377,-0.132028,0.13868245353515102,51.77061083419415,50.05265210570232
PART-SUPPORTBEAM-1,209,SupportBeam/B31,-38.46154,-10.0,-30.0,-0.0064381845,-0.0027067023,-0.26778767,0.0216833,0.000657377,-0.132028,0.13868245353515102,51.77061083419415,50.05265210570232
PART-SUPPORTBEAM-2,152,SupportBeam/B31,-40.0,10.0,-24.0,-0.0023040902,0.002221677,-0.2672984,0.0233362,-0.000758861,-0.137591,0.1322509648474054,49.47335428178402,47.793176840574986
PART-SUPPORTBEAM-2,166,SupportBeam/B31,40.0,10.0,-24.0,0.0023040902,0.002221677,-0.2672984,-0.0233362,-0.000758861,-0.137591,0.1322509648474054,49.47335428178402,47.793176840574986
PART-SUPPORTBEAM-1,152,SupportBeam/B31,-40.0,-10.0,-24.0,-0.0023040902,-0.002221677,-0.2672984,0.0233362,0.000758861,-0.137591,0.1322509648474054,49.47335428178402,47.793176840574986
PART-SUPPORTBEAM-1,166,SupportBeam/B31,40.0,-10.0,-24.0,0.0023040902,-0.002221677,-0.2672984,-0.0233362,0.000758861,-0.137591,0.1322509648474054,49.47335428178402,47.793176840574986
PART-FLOOR-1,324,Floor/S4R,35.0,0.0,0.0,-0.0024356132,7.925886e-15,-0.43507156,-0.0016435,6.79775e-13,-0.304839,0.13023496891186795,29.933679920485922,29.933674914664522
PART-FLOOR-1,363,Floor/S4R,-35.0,0.0,0.0,0.0024356132,6.0567493e-15,-0.43507156,0.0016435,6.54217e-13,-0.304839,0.13023496891186795,29.933679920485922,29.933674914664522
PART-FLOOR-1,91,Floor/S4R,35.0,10.0,0.0,-0.0024125548,-2.1208252e-05,-0.43105483,-0.00164187,0.000145721,-0.30122,0.1298372246374861,30.12034245404988,30.120307027246994
PART-FLOOR-1,107,Floor/S4R,35.0,-10.0,0.0,-0.0024125548,2.1208252e-05,-0.43105483,-0.00164187,-0.000145721,-0.30122,0.1298372246374861,30.12034245404988,30.120307027246994
PART-FLOOR-1,116,Floor/S4R,-35.0,10.0,0.0,0.0024125548,-2.1208252e-05,-0.43105483,0.00164187,0.000145721,-0.30122,0.1298372246374861,30.12034245404988,30.120307027246994
PART-FLOOR-1,124,Floor/S4R,-35.0,-10.0,0.0,0.0024125548,2.1208252e-05,-0.43105483,0.00164187,-0.000145721,-0.30122,0.1298372246374861,30.12034245404988,30.120307027246994
PART-SUPPORTBEAM-2,179,SupportBeam/B31,42.30769,10.0,-30.0,0.007082003,0.0026995619,-0.2611419,-0.0238516,-0.000674488,-0.142987,0.12218368304032783,46.7685409227172,44.51168407943298
PART-SUPPORTBEAM-2,210,SupportBeam/B31,-42.30769,10.0,-30.0,-0.007082003,0.0026995619,-0.2611419,0.0238516,-0.000674488,-0.142987,0.12218368304032783,46.7685409227172,44.51168407943298
PART-SUPPORTBEAM-1,179,SupportBeam/B31,42.30769,-10.0,-30.0,0.007082003,-0.0026995619,-0.2611419,-0.0238516,0.000674488,-0.142987,0.12218368304032783,46.7685409227172,44.51168407943298
PART-SUPPORTBEAM-1,210,SupportBeam/B31,-42.30769,-10.0,-30.0,-0.007082003,-0.0026995619,-0.2611419,0.0238516,0.000674488,-0.142987,0.12218368304032783,46.7685409227172,44.51168407943298
PART-FLOOR-1,321,Floor/S4R,40.0,0.0,0.0,-0.0045991857,7.96837e-15,-0.3798975,-0.00188637,6.7381e-13,-0.259252,0.12067599611883123,31.763081799074172,31.76057601868075
PART-FLOOR-1,366,Floor/S4R,-40.0,0.0,0.0,0.0045991857,5.9223968e-15,-0.3798975,0.00188637,6.45236e-13,-0.259252,0.12067599611883123,31.763081799074172,31.76057601868075
PART-FLOOR-1,90,Floor/S4R,40.0,10.0,0.0,-0.004550467,0.0004948663,-0.3602688,-0.00188832,0.000142501,-0.239895,0.12040374958610821,33.41783490816917,33.41551819259615
PART-FLOOR-1,108,Floor/S4R,40.0,-10.0,0.0,-0.004550467,-0.0004948663,-0.3602688,-0.00188832,-0.000142501,-0.239895,0.12040374958610821,33.41783490816917,33.41551819259615
PART-FLOOR-1,117,Floor/S4R,-40.0,10.0,0.0,0.004550467,0.0004948663,-0.3602688,0.00188832,0.000142501,-0.239895,0.12040374958610821,33.41783490816917,33.41551819259615
PART-FLOOR-1,123,Floor/S4R,-40.0,-10.0,0.0,0.004550467,-0.0004948663,-0.3602688,0.00188832,-0.000142501,-0.239895,0.12040374958610821,33.41783490816917,33.41551819259615
PART-SUPPORTBEAM-2,153,SupportBeam/B31,-43.33333,10.0,-26.0,-0.0049511814,0.0023749461,-0.260908,0.0247504,-0.000699623,-0.14546,0.11924712833779895,45.694545746815855,43.45913610407161
PART-SUPPORTBEAM-2,167,SupportBeam/B31,43.33333,10.0,-26.0,0.0049511814,0.0023749461,-0.260908,-0.0247504,-0.000699623,-0.14546,0.11924712833779895,45.694545746815855,43.45913610407161
PART-SUPPORTBEAM-1,153,SupportBeam/B31,-43.33333,-10.0,-26.0,-0.0049511814,-0.0023749461,-0.260908,0.0247504,0.000699623,-0.14546,0.11924712833779895,45.694545746815855,43.45913610407161
PART-SUPPORTBEAM-1,167,SupportBeam/B31,43.33333,-10.0,-26.0,0.0049511814,-0.0023749461,-0.260908,-0.0247504,0.000699623,-0.14546,0.11924712833779895,45.694545746815855,43.45913610407161
PART-SUPPORTBEAM-2,180,SupportBeam/B31,46.15385,10.0,-30.0,0.0077258213,0.0026919222,-0.25534227,-0.0260199,-0.000669628,-0.152964,0.10784889380052673,42.215328042448526,39.26460636486429
PART-SUPPORTBEAM-2,211,SupportBeam/B31,-46.15385,10.0,-30.0,-0.0077258213,0.0026919222,-0.25534227,0.0260199,-0.000669628,-0.152964,0.10784889380052673,42.215328042448526,39.26460636486429
PART-SUPPORTBEAM-1,180,SupportBeam/B31,46.15385,-10.0,-30.0,0.0077258213,-0.0026919222,-0.25534227,-0.0260199,0.000669628,-0.152964,0.10784889380052673,42.215328042448526,39.26460636486429
PART-SUPPORTBEAM-1,211,SupportBeam/B31,-46.15385,-10.0,-30.0,-0.0077258213,-0.0026919222,-0.25534227,0.0260199,0.000669628,-0.152964,0.10784889380052673,42.215328042448526,39.26460636486429
PART-SUPPORTBEAM-2,154,SupportBeam/B31,-46.66667,10.0,-28.0,-0.007115521,0.002528944,-0.25531635,0.0262734,-0.000657546,-0.153504,0.10719481506391457,41.96674356671346,39.02876578652485
PART-SUPPORTBEAM-2,168,SupportBeam/B31,46.66667,10.0,-28.0,0.007115521,0.002528944,-0.25531635,-0.0262734,-0.000657546,-0.153504,0.10719481506391457,41.96674356671346,39.02876578652485
PART-SUPPORTBEAM-1,154,SupportBeam/B31,-46.66667,-10.0,-28.0,-0.007115521,-0.002528944,-0.25531635,0.0262734,0.000657546,-0.153504,0.10719481506391457,41.96674356671346,39.02876578652485
PART-SUPPORTBEAM-1,168,SupportBeam/B31,46.66667,-10.0,-28.0,0.007115521,-0.002528944,-0.25531635,-0.0262734,0.000657546,-0.153504,0.10719481506391457,41.96674356671346,39.02876578652485
PART-FLOOR-1,320,Floor/S4R,40.0,-5.0,0.0,-0.0026528533,-6.6818893e-06,-0.3741673,-0.00188813,-6.97275e-05,-0.267718,0.10645206548942386,28.44967745374185,28.449669878315557
PART-FLOOR-1,322,Floor/S4R,40.0,5.0,0.0,-0.0026528533,6.6818893e-06,-0.3741673,-0.00188813,6.97275e-05,-0.267718,0.10645206548942386,28.44967745374185,28.449669878315557
PART-FLOOR-1,365,Floor/S4R,-40.0,-5.0,0.0,0.0026528533,-6.6818893e-06,-0.3741673,0.00188813,-6.97275e-05,-0.267718,0.10645206548942386,28.44967745374185,28.449669878315557
PART-FLOOR-1,367,Floor/S4R,-40.0,5.0,0.0,0.0026528533,6.6818893e-06,-0.3741673,0.00188813,6.97275e-05,-0.267718,0.10645206548942386,28.44967745374185,28.449669878315557
PART-FLOOR-1,317,Floor/S4R,45.0,-5.0,0.0,-0.005286362,-6.69096e-05,-0.31963763,-0.0021313,-6.54974e-05,-0.2213,0.09838823045585816,30.776969285655724,30.771603180001666
PART-FLOOR-1,319,Floor/S4R,45.0,5.0,0.0,-0.005286362,6.69096e-05,-0.31963763,-0.0021313,6.54974e-05,-0.2213,0.09838823045585816,30.776969285655724,30.771603180001666
PART-FLOOR-1,368,Floor/S4R,-45.0,-5.0,0.0,0.005286362,-6.69096e-05,-0.31963763,0.0021313,-6.54974e-05,-0.2213,0.09838823045585816,30.776969285655724,30.771603180001666
PART-FLOOR-1,370,Floor/S4R,-45.0,5.0,0.0,0.005286362,6.69096e-05,-0.31963763,0.0021313,6.54974e-05,-0.2213,0.09838823045585816,30.776969285655724,30.771603180001666
PART-SUPPORTBEAM-2,7,SupportBeam/B31,-50.0,10.0,-30.0,-0.0083696395,0.0026838144,-0.2512359,0.0281882,-0.000638698,-0.162195,0.09631093702361075,38.31142453071862,34.51301894040497
PART-SUPPORTBEAM-2,11,SupportBeam/B31,50.0,10.0,-30.0,0.0083696395,0.0026838144,-0.2512359,-0.0281882,-0.000638698,-0.162195,0.09631093702361075,38.31142453071862,34.51301894040497
PART-SUPPORTBEAM-1,7,SupportBeam/B31,-50.0,-10.0,-30.0,-0.0083696395,-0.0026838144,-0.2512359,0.0281882,0.000638698,-0.162195,0.09631093702361075,38.31142453071862,34.51301894040497
PART-SUPPORTBEAM-1,11,SupportBeam/B31,50.0,-10.0,-30.0,0.0083696395,-0.0026838144,-0.2512359,-0.0281882,0.000638698,-0.162195,0.09631093702361075,38.31142453071862,34.51301894040497
PART-SUPPORTBEAM-2,103,SupportBeam/B31,-50.0,10.0,-26.25,-0.0059440937,0.0023785594,-0.25038382,0.0204168,-0.00056667,-0.162924,0.09139360594327,36.4894755409569,34.442406790878664
PART-SUPPORTBEAM-2,257,SupportBeam/B31,50.0,10.0,-26.25,0.0059440937,0.0023785594,-0.25038382,-0.0204168,-0.00056667,-0.162924,0.09139360594327,36.4894755409569,34.442406790878664
PART-SUPPORTBEAM-1,103,SupportBeam/B31,-50.0,-10.0,-26.25,-0.0059440937,-0.0023785594,-0.25038382,0.0204168,0.00056667,-0.162924,0.09139360594327,36.4894755409569,34.442406790878664
PART-SUPPORTBEAM-1,257,SupportBeam/B31,50.0,-10.0,-26.25,0.0059440937,-0.0023785594,-0.25038382,-0.0204168,0.00056667,-0.162924,0.09139360594327,36.4894755409569,34.442406790878664
PART-SUPPORTBEAM-2,104,SupportBeam/B31,-50.0,10.0,-22.5,-0.0037565825,0.0020726894,-0.24952634,0.0144651,-0.000484442,-0.163647,0.08782841039756598,35.192849859229625,34.17068086021908
PART-SUPPORTBEAM-2,258,SupportBeam/B31,50.0,10.0,-22.5,0.0037565825,0.0020726894,-0.24952634,-0.0144651,-0.000484442,-0.163647,0.08782841039756598,35.192849859229625,34.17068086021908
PART-SUPPORTBEAM-1,104,SupportBeam/B31,-50.0,-10.0,-22.5,-0.0037565825,-0.0020726894,-0.24952634,0.0144651,0.000484442,-0.163647,0.08782841039756598,35.192849859229625,34.17068086021908
PART-SUPPORTBEAM-1,258,SupportBeam/B31,50.0,-10.0,-22.5,0.0037565825,-0.0020726894,-0.24952634,-0.0144651,0.000484442,-0.163647,0.08782841039756598,35.192849859229625,34.17068086021908
PART-SUPPORTBEAM-2,188,SupportBeam/B31,-53.84615,10.0,-30.0,-0.008473874,0.0026757026,-0.249942,0.0269881,-0.000591963,-0.171955,0.08573331562146713,34.27962555837182,30.40341796771578
PART-SUPPORTBEAM-2,212,SupportBeam/B31,53.84615,10.0,-30.0,0.008473874,0.0026757026,-0.249942,-0.0269881,-0.000591963,-0.171955,0.08573331562146713,34.27962555837182,30.40341796771578
PART-SUPPORTBEAM-1,188,SupportBeam/B31,-53.84615,-10.0,-30.0,-0.008473874,-0.0026757026,-0.249942,0.0269881,0.000591963,-0.171955,0.08573331562146713,34.27962555837182,30.40341796771578
PART-SUPPORTBEAM-1,212,SupportBeam/B31,53.84615,-10.0,-30.0,0.008473874,-0.0026757026,-0.249942,-0.0269881,0.000591963,-0.171955,0.08573331562146713,34.27962555837182,30.40341796771578
PART-SUPPORTBEAM-2,89,SupportBeam/B31,-53.33333,10.0,-28.0,-0.0074194544,0.002513717,-0.2504081,0.0240363,-0.000565146,-0.171315,0.08517430569048329,33.997565277498644,30.94899166248294
PART-SUPPORTBEAM-2,224,SupportBeam/B31,53.33333,10.0,-28.0,0.0074194544,0.002513717,-0.2504081,-0.0240363,-0.000565146,-0.171315,0.08517430569048329,33.997565277498644,30.94899166248294
PART-SUPPORTBEAM-1,89,SupportBeam/B31,-53.33333,-10.0,-28.0,-0.0074194544,-0.002513717,-0.2504081,0.0240363,0.000565146,-0.171315,0.08517430569048329,33.997565277498644,30.94899166248294
PART-SUPPORTBEAM-1,224,SupportBeam/B31,53.33333,-10.0,-28.0,0.0074194544,-0.002513717,-0.2504081,-0.0240363,0.000565146,-0.171315,0.08517430569048329,33.997565277498644,30.94899166248294
PART-SUPPORTBEAM-2,105,SupportBeam/B31,-50.0,10.0,-18.75,-0.0017731007,0.001766292,-0.24866338,0.0100732,-0.00039347,-0.164365,0.08515407378860897,34.24298386924555,33.77975012518735
PART-SUPPORTBEAM-2,259,SupportBeam/B31,50.0,10.0,-18.75,0.0017731007,0.001766292,-0.24866338,-0.0100732,-0.00039347,-0.164365,0.08515407378860897,34.24298386924555,33.77975012518735
PART-SUPPORTBEAM-1,105,SupportBeam/B31,-50.0,-10.0,-18.75,-0.0017731007,-0.001766292,-0.24866338,0.0100732,0.00039347,-0.164365,0.08515407378860897,34.24298386924555,33.77975012518735
PART-SUPPORTBEAM-1,259,SupportBeam/B31,50.0,-10.0,-18.75,0.0017731007,-0.001766292,-0.24866338,-0.0100732,0.00039347,-0.164365,0.08515407378860897,34.24298386924555,33.77975012518735
PART-FLOOR-1,318,Floor/S4R,45.0,0.0,0.0,-0.0027491904,7.981604e-15,-0.33377948,-0.00212422,6.67042e-13,-0.24942,0.08436179498962358,25.27385253080125,25.273840934745305
PART-FLOOR-1,369,Floor/S4R,-45.0,0.0,0.0,0.0027491904,5.7971075e-15,-0.33377948,0.00212422,6.35623e-13,-0.24942,0.08436179498962358,25.27385253080125,25.273840934745305
PART-SUPPORTBEAM-2,106,SupportBeam/B31,-50.0,10.0,-15.0,4.0356335e-05,0.0014594554,-0.247795,0.00698122,-0.000295211,-0.165077,0.08302723629382953,33.50583956433331,33.323129927983
PART-SUPPORTBEAM-2,260,SupportBeam/B31,50.0,10.0,-15.0,-4.0356335e-05,0.0014594554,-0.247795,-0.00698122,-0.000295211,-0.165077,0.08302723629382953,33.50583956433331,33.323129927983
PART-SUPPORTBEAM-1,106,SupportBeam/B31,-50.0,-10.0,-15.0,4.0356335e-05,-0.0014594554,-0.247795,0.00698122,0.000295211,-0.165077,0.08302723629382953,33.50583956433331,33.323129927983
PART-SUPPORTBEAM-1,260,SupportBeam/B31,50.0,-10.0,-15.0,-4.0356335e-05,-0.0014594554,-0.247795,-0.00698122,0.000295211,-0.165077,0.08302723629382953,33.50583956433331,33.323129927983
PART-FLOOR-1,89,Floor/S4R,45.0,10.0,0.0,-0.0029188916,-3.163458e-05,-0.2860643,-0.00214079,0.000138219,-0.203094,0.08297412231791645,29.003899741847363,29.003809224707854
PART-FLOOR-1,109,Floor/S4R,45.0,-10.0,0.0,-0.0029188916,3.163458e-05,-0.2860643,-0.00214079,-0.000138219,-0.203094,0.08297412231791645,29.003899741847363,29.003809224707854
PART-FLOOR-1,118,Floor/S4R,-45.0,10.0,0.0,0.0029188916,-3.163458e-05,-0.2860643,0.00214079,0.000138219,-0.203094,0.08297412231791645,29.003899741847363,29.003809224707854
PART-FLOOR-1,122,Floor/S4R,-45.0,-10.0,0.0,0.0029188916,3.163458e-05,-0.2860643,0.00214079,-0.000138219,-0.203094,0.08297412231791645,29.003899741847363,29.003809224707854
PART-SUPPORTBEAM-2,107,SupportBeam/B31,-50.0,10.0,-11.25,0.0017177936,0.0011522672,-0.24692115,0.00492911,-0.000191123,-0.165784,0.08121178707781813,32.88861150014139,32.832180953751774
PART-SUPPORTBEAM-2,261,SupportBeam/B31,50.0,10.0,-11.25,-0.0017177936,0.0011522672,-0.24692115,-0.00492911,-0.000191123,-0.165784,0.08121178707781813,32.88861150014139,32.832180953751774
PART-SUPPORTBEAM-1,107,SupportBeam/B31,-50.0,-10.0,-11.25,0.0017177936,-0.0011522672,-0.24692115,0.00492911,0.000191123,-0.165784,0.08121178707781813,32.88861150014139,32.832180953751774
PART-SUPPORTBEAM-1,261,SupportBeam/B31,50.0,-10.0,-11.25,-0.0017177936,-0.0011522672,-0.24692115,-0.00492911,0.000191123,-0.165784,0.08121178707781813,32.88861150014139,32.832180953751774
PART-SUPPORTBEAM-2,108,SupportBeam/B31,-50.0,10.0,-7.5,0.003293216,0.0008448155,-0.24604188,0.00365692,-8.26635e-05,-0.166485,0.07956311741774234,32.33413861586897,32.32482104729624
PART-SUPPORTBEAM-2,262,SupportBeam/B31,50.0,10.0,-7.5,-0.003293216,0.0008448155,-0.24604188,-0.00365692,-8.26635e-05,-0.166485,0.07956311741774234,32.33413861586897,32.32482104729624
PART-SUPPORTBEAM-1,108,SupportBeam/B31,-50.0,-10.0,-7.5,0.003293216,-0.0008448155,-0.24604188,0.00365692,8.26635e-05,-0.166485,0.07956311741774234,32.33413861586897,32.32482104729624
PART-SUPPORTBEAM-1,262,SupportBeam/B31,50.0,-10.0,-7.5,-0.003293216,-0.0008448155,-0.24604188,-0.00365692,8.26635e-05,-0.166485,0.07956311741774234,32.33413861586897,32.32482104729624
PART-FLOOR-1,78,Floor/S4R,50.0,0.0,0.0,-0.00566232,7.9903405e-15,-0.31182855,-0.00236132,6.59519e-13,-0.232567,0.07933025847305994,25.436151681886127,25.426760076473492
PART-FLOOR-1,120,Floor/S4R,-50.0,0.0,0.0,0.00566232,5.6709466e-15,-0.31182855,0.00236132,6.2543e-13,-0.232567,0.07933025847305994,25.436151681886127,25.426760076473492
PART-SUPPORTBEAM-2,109,SupportBeam/B31,-50.0,10.0,-3.75,0.0048006284,0.000537188,-0.24515715,0.00290468,2.87107e-05,-0.167181,0.07800085344611671,31.81050030302674,31.809541456264807
PART-SUPPORTBEAM-2,263,SupportBeam/B31,50.0,10.0,-3.75,-0.0048006284,0.000537188,-0.24515715,-0.00290468,2.87107e-05,-0.167181,0.07800085344611671,31.81050030302674,31.809541456264807
PART-SUPPORTBEAM-1,109,SupportBeam/B31,-50.0,-10.0,-3.75,0.0048006284,-0.000537188,-0.24515715,0.00290468,-2.87107e-05,-0.167181,0.07800085344611671,31.81050030302674,31.809541456264807
PART-SUPPORTBEAM-1,263,SupportBeam/B31,50.0,-10.0,-3.75,-0.0048006284,-0.000537188,-0.24515715,-0.00290468,-2.87107e-05,-0.167181,0.07800085344611671,31.81050030302674,31.809541456264807
PART-CABLE50-2,1,Cable/T3D2,-50.0,10.0,0.0,0.006274036,0.00022947267,-0.24426699,0.0024124,0.000141542,-0.167871,0.07649357654391198,31.30522173753813,31.291180344602417
PART-CABLE50-4,1,Cable/T3D2,50.0,10.0,0.0,-0.006274036,0.00022947267,-0.24426699,-0.0024124,0.000141542,-0.167871,0.07649357654391198,31.30522173753813,31.291180344602417
PART-SUPPORTBEAM-2,8,SupportBeam/B31,-50.0,10.0,0.0,0.006274036,0.00022947267,-0.24426699,0.0024124,0.000141542,-0.167871,0.07649357654391198,31.30522173753813,31.291180344602417
PART-SUPPORTBEAM-2,16,SupportBeam/B31,50.0,10.0,0.0,-0.006274036,0.00022947267,-0.24426699,-0.0024124,0.000141542,-0.167871,0.07649357654391198,31.30522173753813,31.291180344602417
PART-CABLE50-1,1,Cable/T3D2,-50.0,-10.0,0.0,0.006274036,-0.00022947267,-0.24426699,0.0024124,-0.000141542,-0.167871,0.07649357654391198,31.30522173753813,31.291180344602417
PART-CABLE50-3,1,Cable/T3D2,50.0,-10.0,0.0,-0.006274036,-0.00022947267,-0.24426699,-0.0024124,-0.000141542,-0.167871,0.07649357654391198,31.30522173753813,31.291180344602417
PART-FLOOR-1,7,Floor/S4R,50.0,10.0,0.0,-0.006274036,0.00022947267,-0.24426699,-0.0024124,0.000141542,-0.167871,0.07649357654391198,31.30522173753813,31.291180344602417
PART-FLOOR-1,8,Floor/S4R,50.0,-10.0,0.0,-0.006274036,-0.00022947267,-0.24426699,-0.0024124,-0.000141542,-0.167871,0.07649357654391198,31.30522173753813,31.291180344602417
PART-FLOOR-1,11,Floor/S4R,-50.0,10.0,0.0,0.006274036,0.00022947267,-0.24426699,0.0024124,0.000141542,-0.167871,0.07649357654391198,31.30522173753813,31.291180344602417
PART-FLOOR-1,12,Floor/S4R,-50.0,-10.0,0.0,0.006274036,-0.00022947267,-0.24426699,0.0024124,-0.000141542,-0.167871,0.07649357654391198,31.30522173753813,31.291180344602417
PART-SUPPORTBEAM-1,8,SupportBeam/B31,-50.0,-10.0,0.0,0.006274036,-0.00022947267,-0.24426699,0.0024124,-0.000141542,-0.167871,0.07649357654391198,31.30522173753813,31.291180344602417
PART-SUPPORTBEAM-1,16,SupportBeam/B31,50.0,-10.0,0.0,-0.006274036,-0.00022947267,-0.24426699,-0.0024124,-0.000141542,-0.167871,0.07649357654391198,31.30522173753813,31.291180344602417
PART-SUPPORTBEAM-2,189,SupportBeam/B31,-57.69231,10.0,-30.0,-0.008578108,0.002667988,-0.25017408,0.0257879,-0.000543764,-0.18238,0.07607479963701497,30.389159492389034,26.420714461984424
PART-SUPPORTBEAM-2,213,SupportBeam/B31,57.69231,10.0,-30.0,0.008578108,0.002667988,-0.25017408,-0.0257879,-0.000543764,-0.18238,0.07607479963701497,30.389159492389034,26.420714461984424
PART-SUPPORTBEAM-1,189,SupportBeam/B31,-57.69231,-10.0,-30.0,-0.008578108,-0.002667988,-0.25017408,0.0257879,0.000543764,-0.18238,0.07607479963701497,30.389159492389034,26.420714461984424
PART-SUPPORTBEAM-1,213,SupportBeam/B31,57.69231,-10.0,-30.0,0.008578108,-0.002667988,-0.25017408,-0.0257879,0.000543764,-0.18238,0.07607479963701497,30.389159492389034,26.420714461984424
PART-SUPPORTBEAM-2,90,SupportBeam/B31,-56.66667,10.0,-26.0,-0.0073796916,0.0023431873,-0.25109184,0.0194377,-0.000494586,-0.181173,0.07493910618946255,29.831117749061605,27.466048141220178
PART-SUPPORTBEAM-2,225,SupportBeam/B31,56.66667,10.0,-26.0,0.0073796916,0.0023431873,-0.25109184,-0.0194377,-0.000494586,-0.181173,0.07493910618946255,29.831117749061605,27.466048141220178
PART-SUPPORTBEAM-1,90,SupportBeam/B31,-56.66667,-10.0,-26.0,-0.0073796916,-0.0023431873,-0.25109184,0.0194377,0.000494586,-0.181173,0.07493910618946255,29.831117749061605,27.466048141220178
PART-SUPPORTBEAM-1,225,SupportBeam/B31,56.66667,-10.0,-26.0,0.0073796916,-0.0023431873,-0.25109184,-0.0194377,0.000494586,-0.181173,0.07493910618946255,29.831117749061605,27.466048141220178
PART-SUPPORTBEAM-2,190,SupportBeam/B31,-61.53846,10.0,-30.0,-0.008682342,0.0026606522,-0.25116864,0.0245877,-0.000494383,-0.192747,0.06730481381063766,26.7791665058311,22.688322164586616
PART-SUPPORTBEAM-2,214,SupportBeam/B31,61.53846,10.0,-30.0,0.008682342,0.0026606522,-0.25116864,-0.0245877,-0.000494383,-0.192747,0.06730481381063766,26.7791665058311,22.688322164586616
PART-SUPPORTBEAM-1,190,SupportBeam/B31,-61.53846,-10.0,-30.0,-0.008682342,-0.0026606522,-0.25116864,0.0245877,0.000494383,-0.192747,0.06730481381063766,26.7791665058311,22.688322164586616
PART-SUPPORTBEAM-1,214,SupportBeam/B31,61.53846,-10.0,-30.0,0.008682342,-0.0026606522,-0.25116864,-0.0245877,0.000494383,-0.192747,0.06730481381063766,26.7791665058311,22.688322164586616
PART-CABLE100-1,2,Cable/T3D2,0.0,-10.0,150.0,-2.3898852e-15,0.2428416,-0.08677984,-3.61669e-14,0.271084,-0.147711,0.06715831606514268,26.0423329487844,19.71211445055565
PART-CABLE100-2,2,Cable/T3D2,0.0,10.0,150.0,-2.4337921e-14,-0.2428416,-0.08677984,-1.44865e-13,-0.271084,-0.147711,0.06715831606514268,26.0423329487844,19.71211445055565
PART-CABLE100-4,2,Cable/T3D2,0.0,10.0,150.0,-2.4337921e-14,-0.2428416,-0.08677984,-1.44865e-13,-0.271084,-0.147711,0.06715831606514268,26.0423329487844,19.71211445055565
PART-CABLE150-2,2,Cable/T3D2,0.0,10.0,150.0,-2.4337921e-14,-0.2428416,-0.08677984,-1.44865e-13,-0.271084,-0.147711,0.06715831606514268,26.0423329487844,19.71211445055565
PART-CABLE150-4,2,Cable/T3D2,0.0,10.0,150.0,-2.4337921e-14,-0.2428416,-0.08677984,-1.44865e-13,-0.271084,-0.147711,0.06715831606514268,26.0423329487844,19.71211445055565
PART-CABLE200-2,2,Cable/T3D2,0.0,10.0,150.0,-2.4337921e-14,-0.2428416,-0.08677984,-1.44865e-13,-0.271084,-0.147711,0.06715831606514268,26.0423329487844,19.71211445055565
PART-CABLE200-4,2,Cable/T3D2,0.0,10.0,150.0,-2.4337921e-14,-0.2428416,-0.08677984,-1.44865e-13,-0.271084,-0.147711,0.06715831606514268,26.0423329487844,19.71211445055565
PART-CABLE250-2,2,Cable/T3D2,0.0,10.0,150.0,-2.4337921e-14,-0.2428416,-0.08677984,-1.44865e-13,-0.271084,-0.147711,0.06715831606514268,26.0423329487844,19.71211445055565
PART-CABLE250-4,2,Cable/T3D2,0.0,10.0,150.0,-2.4337921e-14,-0.2428416,-0.08677984,-1.44865e-13,-0.271084,-0.147711,0.06715831606514268,26.0423329487844,19.71211445055565
PART-CABLE50-2,2,Cable/T3D2,0.0,10.0,150.0,-2.4337921e-14,-0.2428416,-0.08677984,-1.44865e-13,-0.271084,-0.147711,0.06715831606514268,26.0423329487844,19.71211445055565
PART-CABLE50-4,2,Cable/T3D2,0.0,10.0,150.0,-2.4337921e-14,-0.2428416,-0.08677984,-1.44865e-13,-0.271084,-0.147711,0.06715831606514268,26.0423329487844,19.71211445055565
PART-PIER-2,8,Pier/C3D8R,0.0,-10.0,150.0,-2.3898852e-15,0.2428416,-0.08677984,-3.61669e-14,0.271084,-0.147711,0.06715831606514268,26.0423329487844,19.71211445055565
PART-CABLE100-3,2,Cable/T3D2,0.0,-10.0,150.0,-2.3898852e-15,0.2428416,-0.08677984,-3.61669e-14,0.271084,-0.147711,0.06715831606514268,26.0423329487844,19.71211445055565
PART-CABLE150-1,2,Cable/T3D2,0.0,-10.0,150.0,-2.3898852e-15,0.2428416,-0.08677984,-3.61669e-14,0.271084,-0.147711,0.06715831606514268,26.0423329487844,19.71211445055565
PART-CABLE150-3,2,Cable/T3D2,0.0,-10.0,150.0,-2.3898852e-15,0.2428416,-0.08677984,-3.61669e-14,0.271084,-0.147711,0.06715831606514268,26.0423329487844,19.71211445055565
PART-CABLE200-1,2,Cable/T3D2,0.0,-10.0,150.0,-2.3898852e-15,0.2428416,-0.08677984,-3.61669e-14,0.271084,-0.147711,0.06715831606514268,26.0423329487844,19.71211445055565
PART-CABLE200-3,2,Cable/T3D2,0.0,-10.0,150.0,-2.3898852e-15,0.2428416,-0.08677984,-3.61669e-14,0.271084,-0.147711,0.06715831606514268,26.0423329487844,19.71211445055565
PART-CABLE250-1,2,Cable/T3D2,0.0,-10.0,150.0,-2.3898852e-15,0.2428416,-0.08677984,-3.61669e-14,0.271084,-0.147711,0.06715831606514268,26.0423329487844,19.71211445055565
PART-CABLE250-3,2,Cable/T3D2,0.0,-10.0,150.0,-2.3898852e-15,0.2428416,-0.08677984,-3.61669e-14,0.271084,-0.147711,0.06715831606514268,26.0423329487844,19.71211445055565
PART-CABLE50-1,2,Cable/T3D2,0.0,-10.0,150.0,-2.3898852e-15,0.2428416,-0.08677984,-3.61669e-14,0.271084,-0.147711,0.06715831606514268,26.0423329487844,19.71211445055565
PART-CABLE50-3,2,Cable/T3D2,0.0,-10.0,150.0,-2.3898852e-15,0.2428416,-0.08677984,-3.61669e-14,0.271084,-0.147711,0.06715831606514268,26.0423329487844,19.71211445055565
PART-PIER-1,5,Pier/C3D8R,0.0,10.0,150.0,-2.4337921e-14,-0.2428416,-0.08677984,-1.44865e-13,-0.271084,-0.147711,0.06715831606514268,26.0423329487844,19.71211445055565
PART-SUPPORTBEAM-2,91,SupportBeam/B31,-60.0,10.0,-24.0,-0.00784158,0.0021723232,-0.25260583,0.0147741,-0.00042694,-0.191134,0.0655515906335931,25.936696986755702,24.14852705924991
PART-SUPPORTBEAM-2,226,SupportBeam/B31,60.0,10.0,-24.0,0.00784158,0.0021723232,-0.25260583,-0.0147741,-0.00042694,-0.191134,0.0655515906335931,25.936696986755702,24.14852705924991
PART-SUPPORTBEAM-1,91,SupportBeam/B31,-60.0,-10.0,-24.0,-0.00784158,-0.0021723232,-0.25260583,0.0147741,0.00042694,-0.191134,0.0655515906335931,25.936696986755702,24.14852705924991
PART-SUPPORTBEAM-1,226,SupportBeam/B31,60.0,-10.0,-24.0,0.00784158,-0.0021723232,-0.25260583,-0.0147741,0.00042694,-0.191134,0.0655515906335931,25.936696986755702,24.14852705924991
PART-FLOOR-1,77,Floor/S4R,50.0,5.0,0.0,-0.003005139,0.0001039606,-0.29615474,-0.00236514,7.07758e-05,-0.232546,0.0636119682476384,21.478194022019114,21.478193523276037
PART-FLOOR-1,79,Floor/S4R,50.0,-5.0,0.0,-0.003005139,-0.0001039606,-0.29615474,-0.00236514,-7.07758e-05,-0.232546,0.0636119682476384,21.478194022019114,21.478193523276037
PART-FLOOR-1,119,Floor/S4R,-50.0,5.0,0.0,0.003005139,0.0001039606,-0.29615474,0.00236514,7.07758e-05,-0.232546,0.0636119682476384,21.478194022019114,21.478193523276037
PART-FLOOR-1,121,Floor/S4R,-50.0,-5.0,0.0,0.003005139,-0.0001039606,-0.29615474,0.00236514,-7.07758e-05,-0.232546,0.0636119682476384,21.478194022019114,21.478193523276037
PART-FLOOR-1,314,Floor/S4R,55.0,-5.0,0.0,-0.0060236575,-0.00016507134,-0.30962527,-0.00260333,-7.60474e-05,-0.248875,0.06084654362034091,19.64795170568307,19.63139669409403
PART-FLOOR-1,316,Floor/S4R,55.0,5.0,0.0,-0.0060236575,0.00016507134,-0.30962527,-0.00260333,7.60474e-05,-0.248875,0.06084654362034091,19.64795170568307,19.63139669409403
PART-FLOOR-1,371,Floor/S4R,-55.0,-5.0,0.0,0.0060236575,-0.00016507134,-0.30962527,0.00260333,-7.60474e-05,-0.248875,0.06084654362034091,19.64795170568307,19.63139669409403
PART-FLOOR-1,373,Floor/S4R,-55.0,5.0,0.0,0.0060236575,0.00016507134,-0.30962527,0.00260333,7.60474e-05,-0.248875,0.06084654362034091,19.64795170568307,19.63139669409403
PART-SUPPORTBEAM-2,191,SupportBeam/B31,-65.38461,10.0,-30.0,-0.008786576,0.002653677,-0.25230306,0.0233876,-0.000444104,-0.202478,0.0593911647672155,23.524052165342223,19.267732397501526
PART-SUPPORTBEAM-2,215,SupportBeam/B31,65.38461,10.0,-30.0,0.008786576,0.002653677,-0.25230306,-0.0233876,-0.000444104,-0.202478,0.0593911647672155,23.524052165342223,19.267732397501526
PART-SUPPORTBEAM-1,191,SupportBeam/B31,-65.38461,-10.0,-30.0,-0.008786576,-0.002653677,-0.25230306,0.0233876,0.000444104,-0.202478,0.0593911647672155,23.524052165342223,19.267732397501526
PART-SUPPORTBEAM-1,215,SupportBeam/B31,65.38461,-10.0,-30.0,0.008786576,-0.002653677,-0.25230306,-0.0233876,0.000444104,-0.202478,0.0593911647672155,23.524052165342223,19.267732397501526
PART-SUPPORTBEAM-2,92,SupportBeam/B31,-63.33333,10.0,-22.0,-0.008461172,0.0020012218,-0.25437677,0.0103623,-0.000362131,-0.200669,0.05695992532443271,22.37888387744375,21.05433829317364
PART-SUPPORTBEAM-2,227,SupportBeam/B31,63.33333,10.0,-22.0,0.008461172,0.0020012218,-0.25437677,-0.0103623,-0.000362131,-0.200669,0.05695992532443271,22.37888387744375,21.05433829317364
PART-SUPPORTBEAM-1,92,SupportBeam/B31,-63.33333,-10.0,-22.0,-0.008461172,-0.0020012218,-0.25437677,0.0103623,0.000362131,-0.200669,0.05695992532443271,22.37888387744375,21.05433829317364
PART-SUPPORTBEAM-1,227,SupportBeam/B31,63.33333,-10.0,-22.0,0.008461172,-0.0020012218,-0.25437677,-0.0103623,0.000362131,-0.200669,0.05695992532443271,22.37888387744375,21.05433829317364
PART-PIER-2,271,Pier/C3D8R,-3.33333,-15.0,150.0,0.0025977965,0.23194312,-0.02783482,0.00564307,0.255156,-0.0772622,0.054691657336824254,23.410341727643523,14.140406548445023
PART-PIER-2,509,Pier/C3D8R,3.33333,-15.0,150.0,-0.0025977965,0.23194312,-0.02783482,-0.00564307,0.255156,-0.0772622,0.054691657336824254,23.410341727643523,14.140406548445023
PART-PIER-1,271,Pier/C3D8R,-3.33333,15.0,150.0,0.0025977965,-0.23194312,-0.02783482,0.00564307,-0.255156,-0.0772622,0.054691657336824254,23.410341727643523,14.140406548445023
PART-PIER-1,509,Pier/C3D8R,3.33333,15.0,150.0,-0.0025977965,-0.23194312,-0.02783482,-0.00564307,-0.255156,-0.0772622,0.054691657336824254,23.410341727643523,14.140406548445023
PART-PIER-2,5,Pier/C3D8R,0.0,-20.0,150.0,-5.3215984e-15,0.22275291,-0.046946015,-6.23784e-14,0.241534,-0.0979948,0.05439400510685278,23.894098738558363,14.500576656860495
PART-PIER-1,8,Pier/C3D8R,0.0,20.0,150.0,-2.4602761e-14,-0.22275291,-0.046946015,-3.20561e-13,-0.241534,-0.0979948,0.05439400510685278,23.894098738558363,14.500576656860495
PART-SUPPORTBEAM-2,192,SupportBeam/B31,-69.23077,10.0,-30.0,-0.00889081,0.002647044,-0.25309554,0.0221874,-0.000393208,-0.211131,0.05230794286185611,20.653403654765484,16.177294514231523
PART-SUPPORTBEAM-2,216,SupportBeam/B31,69.23077,10.0,-30.0,0.00889081,0.002647044,-0.25309554,-0.0221874,-0.000393208,-0.211131,0.05230794286185611,20.653403654765484,16.177294514231523
PART-SUPPORTBEAM-1,192,SupportBeam/B31,-69.23077,-10.0,-30.0,-0.00889081,-0.002647044,-0.25309554,0.0221874,0.000393208,-0.211131,0.05230794286185611,20.653403654765484,16.177294514231523
PART-SUPPORTBEAM-1,216,SupportBeam/B31,69.23077,-10.0,-30.0,0.00889081,-0.002647044,-0.25309554,-0.0221874,0.000393208,-0.211131,0.05230794286185611,20.653403654765484,16.177294514231523
PART-PIER-2,24,Pier/C3D8R,-6.66667,-10.0,150.0,-0.0013506705,0.2281314,-0.04573216,-0.00085278,0.248942,-0.0910617,0.04988081959953735,21.438071948853846,13.9257549604025
PART-PIER-2,186,Pier/C3D8R,6.66667,-10.0,150.0,0.0013506705,0.2281314,-0.04573216,0.00085278,0.248942,-0.0910617,0.04988081959953735,21.438071948853846,13.9257549604025
PART-PIER-1,20,Pier/C3D8R,-6.66667,10.0,150.0,-0.0013506705,-0.2281314,-0.04573216,-0.00085278,-0.248942,-0.0910617,0.04988081959953735,21.438071948853846,13.9257549604025
PART-PIER-1,190,Pier/C3D8R,6.66667,10.0,150.0,0.0013506705,-0.2281314,-0.04573216,0.00085278,-0.248942,-0.0910617,0.04988081959953735,21.438071948853846,13.9257549604025
PART-SUPPORTBEAM-2,93,SupportBeam/B31,-66.66666,10.0,-20.0,-0.008959344,0.0018299806,-0.2559395,0.00645427,-0.00030008,-0.209359,0.049110687583770074,19.17616159321008,18.213047140009273
PART-SUPPORTBEAM-2,228,SupportBeam/B31,66.66666,10.0,-20.0,0.008959344,0.0018299806,-0.2559395,-0.00645427,-0.00030008,-0.209359,0.049110687583770074,19.17616159321008,18.213047140009273
PART-SUPPORTBEAM-1,93,SupportBeam/B31,-66.66666,-10.0,-20.0,-0.008959344,-0.0018299806,-0.2559395,0.00645427,0.00030008,-0.209359,0.049110687583770074,19.17616159321008,18.213047140009273
PART-SUPPORTBEAM-1,228,SupportBeam/B31,66.66666,-10.0,-20.0,0.008959344,-0.0018299806,-0.2559395,-0.00645427,0.00030008,-0.209359,0.049110687583770074,19.17616159321008,18.213047140009273
PART-PIER-2,349,Pier/C3D8R,-3.41667,-10.0,145.0,-0.00035093862,0.21737517,-0.03268443,0.000554301,0.23766,-0.0768842,0.048640656399265604,22.12760182789119,13.633271610196573
PART-PIER-2,665,Pier/C3D8R,3.41667,-10.0,145.0,0.00035093862,0.21737517,-0.03268443,-0.000554301,0.23766,-0.0768842,0.048640656399265604,22.12760182789119,13.633271610196573
PART-PIER-1,427,Pier/C3D8R,-3.41667,10.0,145.0,-0.00035093862,-0.21737517,-0.03268443,0.000554301,-0.23766,-0.0768842,0.048640656399265604,22.12760182789119,13.633271610196573
PART-PIER-1,587,Pier/C3D8R,3.41667,10.0,145.0,0.00035093862,-0.21737517,-0.03268443,-0.000554301,-0.23766,-0.0768842,0.048640656399265604,22.12760182789119,13.633271610196573
PART-PIER-2,467,Pier/C3D8R,0.0,-15.0,145.0,-3.8548232e-15,0.21874021,-0.034044404,-5.37257e-14,0.238086,-0.0776643,0.047717448776887855,21.555160192720002,13.126823523740136
PART-PIER-1,467,Pier/C3D8R,0.0,15.0,145.0,-2.4905516e-14,-0.21874021,-0.034044404,-2.40283e-13,-0.238086,-0.0776643,0.047717448776887855,21.555160192720002,13.126823523740136
PART-FLOOR-1,315,Floor/S4R,55.0,0.0,0.0,-0.00347567,7.972867e-15,-0.32380554,-0.00259623,6.51272e-13,-0.276856,0.04695777593674131,14.501009171593568,14.500466984163296
PART-FLOOR-1,372,Floor/S4R,-55.0,0.0,0.0,0.00347567,5.5545422e-15,-0.32380554,0.00259623,6.14677e-13,-0.276856,0.04695777593674131,14.501009171593568,14.500466984163296
PART-FLOOR-1,312,Floor/S4R,60.0,0.0,0.0,-0.0060753063,7.950735e-15,-0.36020395,-0.00283032,6.42332e-13,-0.313804,0.046513280857080855,12.911203890722305,12.890423020458378
PART-FLOOR-1,375,Floor/S4R,-60.0,0.0,0.0,0.0060753063,5.435939e-15,-0.36020395,0.00283032,6.03377e-13,-0.313804,0.046513280857080855,12.911203890722305,12.890423020458378
PART-PIER-2,22,Pier/C3D8R,-10.0,-15.0,150.0,-0.0011506098,0.23074827,-0.02538402,-0.00449183,0.253018,-0.0659491,0.046396447515991875,19.98613783382443,12.650398221485734
PART-PIER-2,188,Pier/C3D8R,10.0,-15.0,150.0,0.0011506098,0.23074827,-0.02538402,0.00449183,0.253018,-0.0659491,0.046396447515991875,19.98613783382443,12.650398221485734
PART-PIER-1,22,Pier/C3D8R,-10.0,15.0,150.0,-0.0011506098,-0.23074827,-0.02538402,-0.00449183,-0.253018,-0.0659491,0.046396447515991875,19.98613783382443,12.650398221485734
PART-PIER-1,188,Pier/C3D8R,10.0,15.0,150.0,0.0011506098,-0.23074827,-0.02538402,0.00449183,-0.253018,-0.0659491,0.046396447515991875,19.98613783382443,12.650398221485734
PART-SUPPORTBEAM-2,193,SupportBeam/B31,-73.07692,10.0,-30.0,-0.008995045,0.0026407347,-0.25320497,0.0209872,-0.00034198,-0.218406,0.04603042380081374,18.166668477147233,13.405302248583226
PART-SUPPORTBEAM-2,217,SupportBeam/B31,73.07692,10.0,-30.0,0.008995045,0.0026407347,-0.25320497,-0.0209872,-0.00034198,-0.218406,0.04603042380081374,18.166668477147233,13.405302248583226
PART-SUPPORTBEAM-1,193,SupportBeam/B31,-73.07692,-10.0,-30.0,-0.008995045,-0.0026407347,-0.25320497,0.0209872,0.00034198,-0.218406,0.04603042380081374,18.166668477147233,13.405302248583226
PART-SUPPORTBEAM-1,217,SupportBeam/B31,73.07692,-10.0,-30.0,0.008995045,-0.0026407347,-0.25320497,-0.0209872,0.00034198,-0.218406,0.04603042380081374,18.166668477147233,13.405302248583226
PART-PIER-2,65,Pier/C3D8R,0.0,-10.0,140.0,-2.1942638e-15,0.21287036,-0.043640763,-3.99872e-14,0.231794,-0.0851356,0.04560620186450708,20.98788628150368,13.63867102774387
PART-PIER-1,179,Pier/C3D8R,0.0,10.0,140.0,-2.443152e-14,-0.21287036,-0.043640763,-1.5408e-13,-0.231794,-0.0851356,0.04560620186450708,20.98788628150368,13.63867102774387
PART-FLOOR-1,75,Floor/S4R,60.0,10.0,0.0,-0.0060286354,-2.8867395e-05,-0.3402683,-0.00283245,0.000140566,-0.294999,0.04538230746972344,13.335120012192087,13.31360037160132
PART-FLOOR-1,81,Floor/S4R,60.0,-10.0,0.0,-0.0060286354,2.8867395e-05,-0.3402683,-0.00283245,-0.000140566,-0.294999,0.04538230746972344,13.335120012192087,13.31360037160132
PART-FLOOR-1,132,Floor/S4R,-60.0,10.0,0.0,0.0060286354,-2.8867395e-05,-0.3402683,0.00283245,0.000140566,-0.294999,0.04538230746972344,13.335120012192087,13.31360037160132
PART-FLOOR-1,150,Floor/S4R,-60.0,-10.0,0.0,0.0060286354,2.8867395e-05,-0.3402683,0.00283245,-0.000140566,-0.294999,0.04538230746972344,13.335120012192087,13.31360037160132
PART-PIER-2,20,Pier/C3D8R,-6.66667,-20.0,150.0,0.0011171544,0.23394822,-0.012922091,0.00264963,0.258517,-0.0508274,0.04519718887871762,19.289690484434182,12.450342659470692
PART-PIER-2,190,Pier/C3D8R,6.66667,-20.0,150.0,-0.0011171544,0.23394822,-0.012922091,-0.00264963,0.258517,-0.0508274,0.04519718887871762,19.289690484434182,12.450342659470692
PART-PIER-1,24,Pier/C3D8R,-6.66667,20.0,150.0,0.0011171544,-0.23394822,-0.012922091,0.00264963,-0.258517,-0.0508274,0.04519718887871762,19.289690484434182,12.450342659470692
PART-PIER-1,186,Pier/C3D8R,6.66667,20.0,150.0,-0.0011171544,-0.23394822,-0.012922091,-0.00264963,-0.258517,-0.0508274,0.04519718887871762,19.289690484434182,12.450342659470692
PART-FLOOR-1,76,Floor/S4R,55.0,10.0,0.0,-0.0036443365,0.00044902856,-0.27593714,-0.00261283,0.000144925,-0.230805,0.04514495038887902,16.35914392345274,16.357978970711137
PART-FLOOR-1,80,Floor/S4R,55.0,-10.0,0.0,-0.0036443365,-0.00044902856,-0.27593714,-0.00261283,-0.000144925,-0.230805,0.04514495038887902,16.35914392345274,16.357978970711137
PART-FLOOR-1,131,Floor/S4R,-55.0,10.0,0.0,0.0036443365,0.00044902856,-0.27593714,0.00261283,0.000144925,-0.230805,0.04514495038887902,16.35914392345274,16.357978970711137
PART-FLOOR-1,151,Floor/S4R,-55.0,-10.0,0.0,0.0036443365,-0.00044902856,-0.27593714,0.00261283,-0.000144925,-0.230805,0.04514495038887902,16.35914392345274,16.357978970711137
PART-PIER-2,350,Pier/C3D8R,-6.83333,-10.0,145.0,0.0010168793,0.22105315,-0.028969446,0.00129985,0.241558,-0.0679846,0.04407619751729129,19.769930331779918,12.55924857079048
PART-PIER-2,666,Pier/C3D8R,6.83333,-10.0,145.0,-0.0010168793,0.22105315,-0.028969446,-0.00129985,0.241558,-0.0679846,0.04407619751729129,19.769930331779918,12.55924857079048
PART-PIER-1,428,Pier/C3D8R,-6.83333,10.0,145.0,0.0010168793,-0.22105315,-0.028969446,0.00129985,-0.241558,-0.0679846,0.04407619751729129,19.769930331779918,12.55924857079048
PART-PIER-1,588,Pier/C3D8R,6.83333,10.0,145.0,-0.0010168793,-0.22105315,-0.028969446,-0.00129985,-0.241558,-0.0679846,0.04407619751729129,19.769930331779918,12.55924857079048
PART-PIER-2,62,Pier/C3D8R,-10.5,-10.0,140.0,0.0020878792,0.20772097,-0.027269647,0.00450227,0.225622,-0.0671182,0.04375138094037528,20.8823475782454,12.372903048233036
PART-PIER-2,231,Pier/C3D8R,10.5,-10.0,140.0,-0.0020878792,0.20772097,-0.027269647,-0.00450227,0.225622,-0.0671182,0.04375138094037528,20.8823475782454,12.372903048233036
PART-PIER-1,104,Pier/C3D8R,-10.5,10.0,140.0,0.0020878792,-0.20772097,-0.027269647,0.00450227,-0.225622,-0.0671182,0.04375138094037528,20.8823475782454,12.372903048233036
PART-PIER-1,228,Pier/C3D8R,10.5,10.0,140.0,-0.0020878792,-0.20772097,-0.027269647,-0.00450227,-0.225622,-0.0671182,0.04375138094037528,20.8823475782454,12.372903048233036
PART-PIER-2,7,Pier/C3D8R,-10.0,-10.0,150.0,0.004063223,0.23465252,-0.015989803,0.00817364,0.25879,-0.0508092,0.04256646421900578,18.09554169672015,12.169049505416503
PART-PIER-2,11,Pier/C3D8R,10.0,-10.0,150.0,-0.004063223,0.23465252,-0.015989803,-0.00817364,0.25879,-0.0508092,0.04256646421900578,18.09554169672015,12.169049505416503
PART-PIER-1,6,Pier/C3D8R,-10.0,10.0,150.0,0.004063223,-0.23465252,-0.015989803,0.00817364,-0.25879,-0.0508092,0.04256646421900578,18.09554169672015,12.169049505416503
PART-PIER-1,12,Pier/C3D8R,10.0,10.0,150.0,-0.004063223,-0.23465252,-0.015989803,-0.00817364,-0.25879,-0.0508092,0.04256646421900578,18.09554169672015,12.169049505416503
PART-PIER-2,63,Pier/C3D8R,-10.25,-10.0,145.0,-0.0036424438,0.21592966,-0.031630542,-0.00792155,0.232353,-0.0704135,0.04233384789806194,19.395666587952554,11.294856388389068
PART-PIER-2,230,Pier/C3D8R,10.25,-10.0,145.0,0.0036424438,0.21592966,-0.031630542,0.00792155,0.232353,-0.0704135,0.04233384789806194,19.395666587952554,11.294856388389068
PART-PIER-1,103,Pier/C3D8R,-10.25,10.0,145.0,-0.0036424438,-0.21592966,-0.031630542,-0.00792155,-0.232353,-0.0704135,0.04233384789806194,19.395666587952554,11.294856388389068
PART-PIER-1,229,Pier/C3D8R,10.25,10.0,145.0,0.0036424438,-0.21592966,-0.031630542,0.00792155,-0.232353,-0.0704135,0.04233384789806194,19.395666587952554,11.294856388389068
PART-PIER-2,345,Pier/C3D8R,-3.58333,-10.0,135.0,-0.0010266986,0.19354811,-0.031499512,-0.00121135,0.208095,-0.0708814,0.041983082393461366,21.409313700120837,12.107092545601116
PART-PIER-2,661,Pier/C3D8R,3.58333,-10.0,135.0,0.0010266986,0.19354811,-0.031499512,0.00121135,0.208095,-0.0708814,0.041983082393461366,21.409313700120837,12.107092545601116
PART-PIER-1,423,Pier/C3D8R,-3.58333,10.0,135.0,-0.0010266986,-0.19354811,-0.031499512,-0.00121135,-0.208095,-0.0708814,0.041983082393461366,21.409313700120837,12.107092545601116
PART-PIER-1,583,Pier/C3D8R,3.58333,10.0,135.0,0.0010266986,-0.19354811,-0.031499512,0.00121135,-0.208095,-0.0708814,0.041983082393461366,21.409313700120837,12.107092545601116
PART-SUPPORTBEAM-2,94,SupportBeam/B31,-70.0,10.0,-18.0,-0.00912179,0.0016586969,-0.25693688,0.00323766,-0.000240712,-0.21689,0.04195374067000817,16.31780300060942,15.631723917358824
PART-SUPPORTBEAM-2,229,SupportBeam/B31,70.0,10.0,-18.0,0.00912179,0.0016586969,-0.25693688,-0.00323766,-0.000240712,-0.21689,0.04195374067000817,16.31780300060942,15.631723917358824
PART-SUPPORTBEAM-1,94,SupportBeam/B31,-70.0,-10.0,-18.0,-0.00912179,-0.0016586969,-0.25693688,0.00323766,0.000240712,-0.21689,0.04195374067000817,16.31780300060942,15.631723917358824
PART-SUPPORTBEAM-1,229,SupportBeam/B31,70.0,-10.0,-18.0,0.00912179,-0.0016586969,-0.25693688,-0.00323766,0.000240712,-0.21689,0.04195374067000817,16.31780300060942,15.631723917358824
PART-PIER-2,506,Pier/C3D8R,-10.25,-15.0,145.0,0.0002654065,0.21868919,-0.022812828,0.00358852,0.237968,-0.0599069,0.04193668770767627,19.07288054922372,11.61699777360191
PART-PIER-2,705,Pier/C3D8R,10.25,-15.0,145.0,-0.0002654065,0.21868919,-0.022812828,-0.00358852,0.237968,-0.0599069,0.04193668770767627,19.07288054922372,11.61699777360191
PART-PIER-1,506,Pier/C3D8R,-10.25,15.0,145.0,0.0002654065,-0.21868919,-0.022812828,0.00358852,-0.237968,-0.0599069,0.04193668770767627,19.07288054922372,11.61699777360191
PART-PIER-1,705,Pier/C3D8R,10.25,15.0,145.0,-0.0002654065,-0.21868919,-0.022812828,-0.00358852,-0.237968,-0.0599069,0.04193668770767627,19.07288054922372,11.61699777360191
PART-PIER-2,346,Pier/C3D8R,-7.16667,-10.0,135.0,0.0012184127,0.1950517,-0.026674658,0.0014995,0.209091,-0.0658194,0.041587158845090455,21.124066259798848,11.347566283064593
PART-PIER-2,662,Pier/C3D8R,7.16667,-10.0,135.0,-0.0012184127,0.1950517,-0.026674658,-0.0014995,0.209091,-0.0658194,0.041587158845090455,21.124066259798848,11.347566283064593
PART-PIER-1,424,Pier/C3D8R,-7.16667,10.0,135.0,0.0012184127,-0.1950517,-0.026674658,0.0014995,-0.209091,-0.0658194,0.041587158845090455,21.124066259798848,11.347566283064593
PART-PIER-1,584,Pier/C3D8R,7.16667,10.0,135.0,-0.0012184127,-0.1950517,-0.026674658,-0.0014995,-0.209091,-0.0658194,0.041587158845090455,21.124066259798848,11.347566283064593
PART-PIER-2,348,Pier/C3D8R,-7.0,-10.0,140.0,-0.0019072506,0.20490746,-0.032801796,-0.00252811,0.220355,-0.0710917,0.0412932041233831,19.89793345490864,11.578269724983748
PART-PIER-2,664,Pier/C3D8R,7.0,-10.0,140.0,0.0019072506,0.20490746,-0.032801796,0.00252811,0.220355,-0.0710917,0.0412932041233831,19.89793345490864,11.578269724983748
PART-PIER-1,426,Pier/C3D8R,-7.0,10.0,140.0,-0.0019072506,-0.20490746,-0.032801796,-0.00252811,-0.220355,-0.0710917,0.0412932041233831,19.89793345490864,11.578269724983748
PART-PIER-1,586,Pier/C3D8R,7.0,10.0,140.0,0.0019072506,-0.20490746,-0.032801796,0.00252811,-0.220355,-0.0710917,0.0412932041233831,19.89793345490864,11.578269724983748
PART-PIER-2,783,Pier/C3D8R,-6.83333,-15.0,145.0,0.0006925068,0.21871072,-0.013063706,0.000906039,0.237847,-0.0494803,0.041138924716133174,18.77618480692314,10.880501600456004
PART-PIER-2,861,Pier/C3D8R,6.83333,-15.0,145.0,-0.0006925068,0.21871072,-0.013063706,-0.000906039,0.237847,-0.0494803,0.041138924716133174,18.77618480692314,10.880501600456004
PART-PIER-1,783,Pier/C3D8R,-6.83333,15.0,145.0,0.0006925068,-0.21871072,-0.013063706,0.000906039,-0.237847,-0.0494803,0.041138924716133174,18.77618480692314,10.880501600456004
PART-PIER-1,861,Pier/C3D8R,6.83333,15.0,145.0,-0.0006925068,-0.21871072,-0.013063706,-0.000906039,-0.237847,-0.0494803,0.041138924716133174,18.77618480692314,10.880501600456004
PART-PIER-2,780,Pier/C3D8R,-3.5,-15.0,140.0,0.000717886,0.20633988,-0.014329005,0.00150247,0.2227,-0.0520563,0.0411292825914151,19.88477516575489,10.573521568589973
PART-PIER-2,858,Pier/C3D8R,3.5,-15.0,140.0,-0.000717886,0.20633988,-0.014329005,-0.00150247,0.2227,-0.0520563,0.0411292825914151,19.88477516575489,10.573521568589973
PART-PIER-1,780,Pier/C3D8R,-3.5,15.0,140.0,0.000717886,-0.20633988,-0.014329005,0.00150247,-0.2227,-0.0520563,0.0411292825914151,19.88477516575489,10.573521568589973
PART-PIER-1,858,Pier/C3D8R,3.5,15.0,140.0,-0.000717886,-0.20633988,-0.014329005,-0.00150247,-0.2227,-0.0520563,0.0411292825914151,19.88477516575489,10.573521568589973
PART-PIER-2,427,Pier/C3D8R,-3.41667,-20.0,145.0,0.0019269456,0.2203626,0.00030683845,0.00373571,0.238675,-0.0364255,0.04108382054312933,18.643004789118535,9.573031931664529
PART-PIER-2,587,Pier/C3D8R,3.41667,-20.0,145.0,-0.0019269456,0.2203626,0.00030683845,-0.00373571,0.238675,-0.0364255,0.04108382054312933,18.643004789118535,9.573031931664529
PART-PIER-1,349,Pier/C3D8R,-3.41667,20.0,145.0,0.0019269456,-0.2203626,0.00030683845,0.00373571,-0.238675,-0.0364255,0.04108382054312933,18.643004789118535,9.573031931664529
PART-PIER-1,665,Pier/C3D8R,3.41667,20.0,145.0,-0.0019269456,-0.2203626,0.00030683845,-0.00373571,-0.238675,-0.0364255,0.04108382054312933,18.643004789118535,9.573031931664529
PART-PIER-2,781,Pier/C3D8R,-7.0,-15.0,140.0,-0.00063524314,0.2061251,-0.020733684,-0.000841448,0.222424,-0.0580686,0.04073809782477998,19.66444927448911,10.964338484698251
PART-PIER-2,859,Pier/C3D8R,7.0,-15.0,140.0,0.00063524314,0.2061251,-0.020733684,0.000841448,0.222424,-0.0580686,0.04073809782477998,19.66444927448911,10.964338484698251
PART-PIER-1,781,Pier/C3D8R,-7.0,15.0,140.0,-0.00063524314,-0.2061251,-0.020733684,-0.000841448,-0.222424,-0.0580686,0.04073809782477998,19.66444927448911,10.964338484698251
PART-PIER-1,859,Pier/C3D8R,7.0,15.0,140.0,0.00063524314,-0.2061251,-0.020733684,0.000841448,-0.222424,-0.0580686,0.04073809782477998,19.66444927448911,10.964338484698251
PART-PIER-2,347,Pier/C3D8R,-3.5,-10.0,140.0,0.00036375888,0.20762113,-0.028414344,-8.85916e-05,0.223056,-0.0660543,0.040684224467913754,19.4144164316051,11.010941963159917
PART-PIER-2,663,Pier/C3D8R,3.5,-10.0,140.0,-0.00036375888,0.20762113,-0.028414344,8.85916e-05,0.223056,-0.0660543,0.040684224467913754,19.4144164316051,11.010941963159917
PART-PIER-1,425,Pier/C3D8R,-3.5,10.0,140.0,0.00036375888,-0.20762113,-0.028414344,-8.85916e-05,-0.223056,-0.0660543,0.040684224467913754,19.4144164316051,11.010941963159917
PART-PIER-1,585,Pier/C3D8R,3.5,10.0,140.0,-0.00036375888,-0.20762113,-0.028414344,8.85916e-05,-0.223056,-0.0660543,0.040684224467913754,19.4144164316051,11.010941963159917
PART-PIER-2,61,Pier/C3D8R,-10.75,-10.0,135.0,-0.0024419618,0.19329219,-0.03248358,-0.00414166,0.206113,-0.071053,0.04067999879748749,20.75320617875109,11.242705399912163
PART-PIER-2,232,Pier/C3D8R,10.75,-10.0,135.0,0.0024419618,0.19329219,-0.03248358,0.00414166,0.206113,-0.071053,0.04067999879748749,20.75320617875109,11.242705399912163
PART-PIER-1,105,Pier/C3D8R,-10.75,10.0,135.0,-0.0024419618,-0.19329219,-0.03248358,-0.00414166,-0.206113,-0.071053,0.04067999879748749,20.75320617875109,11.242705399912163
PART-PIER-1,227,Pier/C3D8R,10.75,10.0,135.0,0.0024419618,-0.19329219,-0.03248358,0.00414166,-0.206113,-0.071053,0.04067999879748749,20.75320617875109,11.242705399912163
PART-SUPPORTBEAM-2,194,SupportBeam/B31,-76.92308,10.0,-30.0,-0.009099279,0.0026347307,-0.25243118,0.0197871,-0.000290702,-0.224144,0.040535732392128654,16.04683675200713,10.92320549744487
PART-SUPPORTBEAM-2,218,SupportBeam/B31,76.92308,10.0,-30.0,0.009099279,0.0026347307,-0.25243118,-0.0197871,-0.000290702,-0.224144,0.040535732392128654,16.04683675200713,10.92320549744487
PART-SUPPORTBEAM-1,194,SupportBeam/B31,-76.92308,-10.0,-30.0,-0.009099279,-0.0026347307,-0.25243118,0.0197871,0.000290702,-0.224144,0.040535732392128654,16.04683675200713,10.92320549744487
PART-SUPPORTBEAM-1,218,SupportBeam/B31,76.92308,-10.0,-30.0,0.009099279,-0.0026347307,-0.25243118,-0.0197871,0.000290702,-0.224144,0.040535732392128654,16.04683675200713,10.92320549744487
PART-PIER-2,66,Pier/C3D8R,0.0,-10.0,135.0,-1.5370622e-15,0.19020012,-0.022323916,-4.54838e-14,0.202374,-0.0606556,0.04021842056235247,21.001158305546202,10.31962701439964
PART-PIER-1,178,Pier/C3D8R,0.0,10.0,135.0,-2.4182384e-14,-0.19020012,-0.022323916,-1.61714e-13,-0.202374,-0.0606556,0.04021842056235247,21.001158305546202,10.31962701439964
PART-PIER-2,67,Pier/C3D8R,0.0,-10.0,130.0,-1.2023685e-15,0.18548979,-0.032369267,-3.94816e-14,0.197777,-0.0704532,0.0400170149103177,21.252530600556426,11.502286747356802
PART-PIER-1,177,Pier/C3D8R,0.0,10.0,130.0,-2.2845805e-14,-0.18548979,-0.032369267,-1.43464e-13,-0.197777,-0.0704532,0.0400170149103177,21.252530600556426,11.502286747356802
PART-PIER-2,60,Pier/C3D8R,-11.0,-10.0,130.0,0.001190811,0.18305235,-0.026200471,0.00163036,0.194597,-0.0643868,0.039895712419283115,21.574377880077144,10.846252095509225
PART-PIER-2,233,Pier/C3D8R,11.0,-10.0,130.0,-0.001190811,0.18305235,-0.026200471,-0.00163036,0.194597,-0.0643868,0.039895712419283115,21.574377880077144,10.846252095509225
PART-PIER-1,106,Pier/C3D8R,-11.0,10.0,130.0,0.001190811,-0.18305235,-0.026200471,0.00163036,-0.194597,-0.0643868,0.039895712419283115,21.574377880077144,10.846252095509225
PART-PIER-1,226,Pier/C3D8R,11.0,10.0,130.0,-0.001190811,-0.18305235,-0.026200471,-0.00163036,-0.194597,-0.0643868,0.039895712419283115,21.574377880077144,10.846252095509225
PART-PIER-2,344,Pier/C3D8R,-7.33333,-10.0,130.0,-0.0016508006,0.18249689,-0.0314068,-0.00221963,0.193835,-0.0696469,0.039889617111077975,21.54018148055838,11.227928602564443
PART-PIER-2,660,Pier/C3D8R,7.33333,-10.0,130.0,0.0016508006,0.18249689,-0.0314068,0.00221963,0.193835,-0.0696469,0.039889617111077975,21.54018148055838,11.227928602564443
PART-PIER-1,422,Pier/C3D8R,-7.33333,10.0,130.0,-0.0016508006,-0.18249689,-0.0314068,-0.00221963,-0.193835,-0.0696469,0.039889617111077975,21.54018148055838,11.227928602564443
PART-PIER-1,582,Pier/C3D8R,7.33333,10.0,130.0,0.0016508006,-0.18249689,-0.0314068,0.00221963,-0.193835,-0.0696469,0.039889617111077975,21.54018148055838,11.227928602564443
PART-PIER-2,343,Pier/C3D8R,-3.66667,-10.0,130.0,0.0009014463,0.18345101,-0.026856536,0.00121508,0.194089,-0.0650939,0.03969082013521983,21.407213160234974,10.41419555004274
PART-PIER-2,659,Pier/C3D8R,3.66667,-10.0,130.0,-0.0009014463,0.18345101,-0.026856536,-0.00121508,0.194089,-0.0650939,0.03969082013521983,21.407213160234974,10.41419555004274
PART-PIER-1,421,Pier/C3D8R,-3.66667,10.0,130.0,0.0009014463,-0.18345101,-0.026856536,0.00121508,-0.194089,-0.0650939,0.03969082013521983,21.407213160234974,10.41419555004274
PART-PIER-1,581,Pier/C3D8R,3.66667,10.0,130.0,-0.0009014463,-0.18345101,-0.026856536,-0.00121508,-0.194089,-0.0650939,0.03969082013521983,21.407213160234974,10.41419555004274
PART-PIER-2,68,Pier/C3D8R,0.0,-10.0,125.0,-7.508777e-16,0.17050633,-0.026919156,-3.97686e-14,0.179017,-0.0654787,0.03948759219472411,22.87568046066305,10.426482951581722
PART-PIER-1,176,Pier/C3D8R,0.0,10.0,125.0,-2.2347507e-14,-0.17050633,-0.026919156,-1.47218e-13,-0.179017,-0.0654787,0.03948759219472411,22.87568046066305,10.426482951581722
PART-PIER-2,465,Pier/C3D8R,0.0,-15.0,135.0,-3.0025948e-15,0.19436423,-0.0203642,-5.12819e-14,0.208123,-0.0570355,0.03916743539731572,20.04186148400303,10.4225552007183
PART-PIER-1,465,Pier/C3D8R,0.0,15.0,135.0,-2.317682e-14,-0.19436423,-0.0203642,-2.32232e-13,-0.208123,-0.0570355,0.03916743539731572,20.04186148400303,10.4225552007183
PART-PIER-2,59,Pier/C3D8R,-11.25,-10.0,125.0,-0.0017367677,0.1713624,-0.030328812,-0.00227409,0.180298,-0.0684276,0.039136317017356426,22.48770784117586,10.817104609057807
PART-PIER-2,234,Pier/C3D8R,11.25,-10.0,125.0,0.0017367677,0.1713624,-0.030328812,0.00227409,0.180298,-0.0684276,0.039136317017356426,22.48770784117586,10.817104609057807
PART-PIER-1,107,Pier/C3D8R,-11.25,10.0,125.0,-0.0017367677,-0.1713624,-0.030328812,-0.00227409,-0.180298,-0.0684276,0.039136317017356426,22.48770784117586,10.817104609057807
PART-PIER-1,225,Pier/C3D8R,11.25,10.0,125.0,0.0017367677,-0.1713624,-0.030328812,0.00227409,-0.180298,-0.0684276,0.039136317017356426,22.48770784117586,10.817104609057807
PART-PIER-2,428,Pier/C3D8R,-6.83333,-20.0,145.0,-0.00057321996,0.21664025,-0.010819974,-0.00100922,0.234172,-0.0457952,0.039125679391525656,18.03766179002419,10.003634787357102
PART-PIER-2,588,Pier/C3D8R,6.83333,-20.0,145.0,0.00057321996,0.21664025,-0.010819974,0.00100922,0.234172,-0.0457952,0.039125679391525656,18.03766179002419,10.003634787357102
PART-PIER-1,350,Pier/C3D8R,-6.83333,20.0,145.0,-0.00057321996,-0.21664025,-0.010819974,-0.00100922,-0.234172,-0.0457952,0.039125679391525656,18.03766179002419,10.003634787357102
PART-PIER-1,666,Pier/C3D8R,6.83333,20.0,145.0,0.00057321996,-0.21664025,-0.010819974,0.00100922,-0.234172,-0.0457952,0.039125679391525656,18.03766179002419,10.003634787357102
PART-PIER-2,341,Pier/C3D8R,-3.75,-10.0,125.0,-0.0012046604,0.17153896,-0.03020619,-0.00183426,0.181186,-0.06811,0.039117267145520544,22.457656773080288,11.132697456121798
PART-PIER-2,657,Pier/C3D8R,3.75,-10.0,125.0,0.0012046604,0.17153896,-0.03020619,0.00183426,0.181186,-0.06811,0.039117267145520544,22.457656773080288,11.132697456121798
PART-PIER-1,419,Pier/C3D8R,-3.75,10.0,125.0,-0.0012046604,-0.17153896,-0.03020619,-0.00183426,-0.181186,-0.06811,0.039117267145520544,22.457656773080288,11.132697456121798
PART-PIER-1,579,Pier/C3D8R,3.75,10.0,125.0,0.0012046604,-0.17153896,-0.03020619,0.00183426,-0.181186,-0.06811,0.039117267145520544,22.457656773080288,11.132697456121798
PART-PIER-2,342,Pier/C3D8R,-7.5,-10.0,125.0,0.0009193642,0.17178912,-0.026220039,0.00106998,0.180569,-0.0642324,0.039013440847071285,22.449772933032058,10.286063265608288
PART-PIER-2,658,Pier/C3D8R,7.5,-10.0,125.0,-0.0009193642,0.17178912,-0.026220039,-0.00106998,0.180569,-0.0642324,0.039013440847071285,22.449772933032058,10.286063265608288
PART-PIER-1,420,Pier/C3D8R,-7.5,10.0,125.0,0.0009193642,-0.17178912,-0.026220039,0.00106998,-0.180569,-0.0642324,0.039013440847071285,22.449772933032058,10.286063265608288
PART-PIER-1,580,Pier/C3D8R,7.5,10.0,125.0,-0.0009193642,-0.17178912,-0.026220039,-0.00106998,-0.180569,-0.0642324,0.039013440847071285,22.449772933032058,10.286063265608288
PART-PIER-2,104,Pier/C3D8R,-10.5,-20.0,140.0,-0.00048103952,0.20502795,-0.008561309,0.000883013,0.220699,-0.0441997,0.03895558189077273,18.98353724407412,9.685823867239694
PART-PIER-2,228,Pier/C3D8R,10.5,-20.0,140.0,0.00048103952,0.20502795,-0.008561309,-0.000883013,0.220699,-0.0441997,0.03895558189077273,18.98353724407412,9.685823867239694
PART-PIER-1,62,Pier/C3D8R,-10.5,20.0,140.0,-0.00048103952,-0.20502795,-0.008561309,0.000883013,-0.220699,-0.0441997,0.03895558189077273,18.98353724407412,9.685823867239694
PART-PIER-1,231,Pier/C3D8R,10.5,20.0,140.0,0.00048103952,-0.20502795,-0.008561309,-0.000883013,-0.220699,-0.0441997,0.03895558189077273,18.98353724407412,9.685823867239694
PART-PIER-2,504,Pier/C3D8R,-10.75,-15.0,135.0,-0.001063316,0.19410202,-0.019201174,-0.000367926,0.208148,-0.0554964,0.038924498093149205,19.95592612723098,10.441920130933074
PART-PIER-2,703,Pier/C3D8R,10.75,-15.0,135.0,0.001063316,0.19410202,-0.019201174,0.000367926,0.208148,-0.0554964,0.038924498093149205,19.95592612723098,10.441920130933074
PART-PIER-1,504,Pier/C3D8R,-10.75,15.0,135.0,-0.001063316,-0.19410202,-0.019201174,-0.000367926,-0.208148,-0.0554964,0.038924498093149205,19.95592612723098,10.441920130933074
PART-PIER-1,703,Pier/C3D8R,10.75,15.0,135.0,0.001063316,-0.19410202,-0.019201174,0.000367926,-0.208148,-0.0554964,0.038924498093149205,19.95592612723098,10.441920130933074
PART-PIER-2,505,Pier/C3D8R,-10.5,-15.0,140.0,0.0003057182,0.20596176,-0.015199115,-0.00170122,0.221691,-0.0506333,0.038820333055377625,18.797186485790608,10.112256535971998
PART-PIER-2,704,Pier/C3D8R,10.5,-15.0,140.0,-0.0003057182,0.20596176,-0.015199115,0.00170122,0.221691,-0.0506333,0.038820333055377625,18.797186485790608,10.112256535971998
PART-PIER-1,505,Pier/C3D8R,-10.5,15.0,140.0,0.0003057182,-0.20596176,-0.015199115,-0.00170122,-0.221691,-0.0506333,0.038820333055377625,18.797186485790608,10.112256535971998
PART-PIER-1,704,Pier/C3D8R,10.5,15.0,140.0,-0.0003057182,-0.20596176,-0.015199115,0.00170122,-0.221691,-0.0506333,0.038820333055377625,18.797186485790608,10.112256535971998
PART-PIER-2,779,Pier/C3D8R,-7.16667,-15.0,135.0,0.00023411764,0.19429275,-0.016214218,0.000167169,0.20786,-0.0521447,0.03840669591926936,19.698946332361242,9.915781556860576
PART-PIER-2,857,Pier/C3D8R,7.16667,-15.0,135.0,-0.00023411764,0.19429275,-0.016214218,-0.000167169,0.20786,-0.0521447,0.03840669591926936,19.698946332361242,9.915781556860576
PART-PIER-1,779,Pier/C3D8R,-7.16667,15.0,135.0,0.00023411764,-0.19429275,-0.016214218,0.000167169,-0.20786,-0.0521447,0.03840669591926936,19.698946332361242,9.915781556860576
PART-PIER-1,857,Pier/C3D8R,7.16667,15.0,135.0,-0.00023411764,-0.19429275,-0.016214218,-0.000167169,-0.20786,-0.0521447,0.03840669591926936,19.698946332361242,9.915781556860576
PART-PIER-2,339,Pier/C3D8R,-3.83333,-10.0,120.0,0.0008368608,0.16122437,-0.025950799,0.00128155,0.16764,-0.0637143,0.038307180326389176,23.457920397914663,9.82381760409663
PART-PIER-2,655,Pier/C3D8R,3.83333,-10.0,120.0,-0.0008368608,0.16122437,-0.025950799,-0.00128155,0.16764,-0.0637143,0.038307180326389176,23.457920397914663,9.82381760409663
PART-PIER-1,417,Pier/C3D8R,-3.83333,10.0,120.0,0.0008368608,-0.16122437,-0.025950799,0.00128155,-0.16764,-0.0637143,0.038307180326389176,23.457920397914663,9.82381760409663
PART-PIER-1,577,Pier/C3D8R,3.83333,10.0,120.0,-0.0008368608,-0.16122437,-0.025950799,-0.00128155,-0.16764,-0.0637143,0.038307180326389176,23.457920397914663,9.82381760409663
PART-PIER-2,340,Pier/C3D8R,-7.66667,-10.0,120.0,-0.0013204907,0.1610491,-0.029145844,-0.00182184,0.168233,-0.0666162,0.03815609190021098,23.31274669587242,10.558289152587536
PART-PIER-2,656,Pier/C3D8R,7.66667,-10.0,120.0,0.0013204907,0.1610491,-0.029145844,0.00182184,0.168233,-0.0666162,0.03815609190021098,23.31274669587242,10.558289152587536
PART-PIER-1,418,Pier/C3D8R,-7.66667,10.0,120.0,-0.0013204907,-0.1610491,-0.029145844,-0.00182184,-0.168233,-0.0666162,0.03815609190021098,23.31274669587242,10.558289152587536
PART-PIER-1,578,Pier/C3D8R,7.66667,10.0,120.0,0.0013204907,-0.1610491,-0.029145844,0.00182184,-0.168233,-0.0666162,0.03815609190021098,23.31274669587242,10.558289152587536
PART-PIER-2,778,Pier/C3D8R,-3.58333,-15.0,135.0,-0.00016542907,0.1942659,-0.020068934,-0.000391125,0.207901,-0.0556757,0.03812884309340601,19.52323266368347,10.203484510571263
PART-PIER-2,856,Pier/C3D8R,3.58333,-15.0,135.0,0.00016542907,0.1942659,-0.020068934,0.000391125,0.207901,-0.0556757,0.03812884309340601,19.52323266368347,10.203484510571263
PART-PIER-1,778,Pier/C3D8R,-3.58333,15.0,135.0,-0.00016542907,-0.1942659,-0.020068934,-0.000391125,-0.207901,-0.0556757,0.03812884309340601,19.52323266368347,10.203484510571263
PART-PIER-1,856,Pier/C3D8R,3.58333,15.0,135.0,0.00016542907,-0.1942659,-0.020068934,0.000391125,-0.207901,-0.0556757,0.03812884309340601,19.52323266368347,10.203484510571263
PART-PIER-2,776,Pier/C3D8R,-3.66667,-15.0,130.0,-0.000302844,0.18282741,-0.016334211,-0.000569871,0.194102,-0.0527513,0.03812337936648258,20.769359158009827,9.581486910483719
PART-PIER-2,854,Pier/C3D8R,3.66667,-15.0,130.0,0.000302844,0.18282741,-0.016334211,0.000569871,0.194102,-0.0527513,0.03812337936648258,20.769359158009827,9.581486910483719
PART-PIER-1,776,Pier/C3D8R,-3.66667,15.0,130.0,-0.000302844,-0.18282741,-0.016334211,-0.000569871,-0.194102,-0.0527513,0.03812337936648258,20.769359158009827,9.581486910483719
PART-PIER-1,854,Pier/C3D8R,3.66667,15.0,130.0,0.000302844,-0.18282741,-0.016334211,0.000569871,-0.194102,-0.0527513,0.03812337936648258,20.769359158009827,9.581486910483719
PART-PIER-2,103,Pier/C3D8R,-10.25,-20.0,145.0,5.2322503e-05,0.2204622,-0.00017445594,-0.00273606,0.241114,-0.0320188,0.03805698580858308,17.26235736621437,10.334554856888975
PART-PIER-2,229,Pier/C3D8R,10.25,-20.0,145.0,-5.2322503e-05,0.2204622,-0.00017445594,0.00273606,0.241114,-0.0320188,0.03805698580858308,17.26235736621437,10.334554856888975
PART-PIER-1,63,Pier/C3D8R,-10.25,20.0,145.0,5.2322503e-05,-0.2204622,-0.00017445594,-0.00273606,-0.241114,-0.0320188,0.03805698580858308,17.26235736621437,10.334554856888975
PART-PIER-1,230,Pier/C3D8R,10.25,20.0,145.0,-5.2322503e-05,-0.2204622,-0.00017445594,0.00273606,-0.241114,-0.0320188,0.03805698580858308,17.26235736621437,10.334554856888975
PART-PIER-2,466,Pier/C3D8R,0.0,-15.0,140.0,-3.0046935e-15,0.20628075,-0.010387057,-5.82862e-14,0.222448,-0.0448079,0.038028599834771054,18.41203317285901,9.86427356420585
PART-PIER-1,466,Pier/C3D8R,0.0,15.0,140.0,-2.4212388e-14,-0.20628075,-0.010387057,-2.48841e-13,-0.222448,-0.0448079,0.038028599834771054,18.41203317285901,9.86427356420585
PART-PIER-2,58,Pier/C3D8R,-11.5,-10.0,120.0,0.0006533752,0.16089329,-0.025970293,0.000339945,0.167601,-0.0633124,0.03794106702682229,23.279999450027336,9.93018258218198
PART-PIER-2,235,Pier/C3D8R,11.5,-10.0,120.0,-0.0006533752,0.16089329,-0.025970293,-0.000339945,0.167601,-0.0633124,0.03794106702682229,23.279999450027336,9.93018258218198
PART-PIER-1,108,Pier/C3D8R,-11.5,10.0,120.0,0.0006533752,-0.16089329,-0.025970293,0.000339945,-0.167601,-0.0633124,0.03794106702682229,23.279999450027336,9.93018258218198
PART-PIER-1,224,Pier/C3D8R,11.5,10.0,120.0,-0.0006533752,-0.16089329,-0.025970293,-0.000339945,-0.167601,-0.0633124,0.03794106702682229,23.279999450027336,9.93018258218198
PART-PIER-2,464,Pier/C3D8R,0.0,-15.0,130.0,-2.8174406e-15,0.1828064,-0.017758053,-5.2961e-14,0.193999,-0.054005,0.03793567531467983,20.654606977470618,9.641777857854851
PART-PIER-1,464,Pier/C3D8R,0.0,15.0,130.0,-2.27411e-14,-0.1828064,-0.017758053,-2.31658e-13,-0.193999,-0.054005,0.03793567531467983,20.654606977470618,9.641777857854851
PART-PIER-2,503,Pier/C3D8R,-11.0,-15.0,130.0,0.0009266014,0.18245801,-0.016736424,0.00056557,0.193173,-0.0530755,0.03788759426125737,20.6780281350847,9.336116241015011
PART-PIER-2,702,Pier/C3D8R,11.0,-15.0,130.0,-0.0009266014,0.18245801,-0.016736424,-0.00056557,0.193173,-0.0530755,0.03788759426125737,20.6780281350847,9.336116241015011
PART-PIER-1,503,Pier/C3D8R,-11.0,15.0,130.0,0.0009266014,-0.18245801,-0.016736424,0.00056557,-0.193173,-0.0530755,0.03788759426125737,20.6780281350847,9.336116241015011
PART-PIER-1,702,Pier/C3D8R,11.0,15.0,130.0,-0.0009266014,-0.18245801,-0.016736424,-0.00056557,-0.193173,-0.0530755,0.03788759426125737,20.6780281350847,9.336116241015011
PART-PIER-2,70,Pier/C3D8R,0.0,-10.0,115.0,-3.8549494e-16,0.15078959,-0.027165372,-3.70141e-14,0.155481,-0.0646193,0.037746603163957476,24.63603652969896,9.892855801077888
PART-PIER-1,174,Pier/C3D8R,0.0,10.0,115.0,-2.0594808e-14,-0.15078959,-0.027165372,-1.34873e-13,-0.155481,-0.0646193,0.037746603163957476,24.63603652969896,9.892855801077888
PART-PIER-2,69,Pier/C3D8R,0.0,-10.0,120.0,-6.6589733e-16,0.16174524,-0.02792355,-3.62773e-14,0.169015,-0.0649365,0.0377201256381802,22.980754399022736,10.309851615224412
PART-PIER-1,175,Pier/C3D8R,0.0,10.0,120.0,-2.1261669e-14,-0.16174524,-0.02792355,-1.33982e-13,-0.169015,-0.0649365,0.0377201256381802,22.980754399022736,10.309851615224412
PART-PIER-2,179,Pier/C3D8R,0.0,-20.0,140.0,-5.113641e-15,0.20002824,-0.013648805,-6.54107e-14,0.213898,-0.0487038,0.037699110293316275,18.80317165366636,9.416480066122249
PART-PIER-1,65,Pier/C3D8R,0.0,20.0,140.0,-2.420501e-14,-0.20002824,-0.013648805,-3.22112e-13,-0.213898,-0.0487038,0.037699110293316275,18.80317165366636,9.416480066122249
PART-PIER-2,777,Pier/C3D8R,-7.33333,-15.0,130.0,-0.00036414366,0.18261334,-0.018446641,-0.000425435,0.193881,-0.0543783,0.03765697859622091,20.51670336698117,9.708832355302267
PART-PIER-2,855,Pier/C3D8R,7.33333,-15.0,130.0,0.00036414366,0.18261334,-0.018446641,0.000425435,0.193881,-0.0543783,0.03765697859622091,20.51670336698117,9.708832355302267
PART-PIER-1,777,Pier/C3D8R,-7.33333,15.0,130.0,-0.00036414366,-0.18261334,-0.018446641,-0.000425435,-0.193881,-0.0543783,0.03765697859622091,20.51670336698117,9.708832355302267
PART-PIER-1,855,Pier/C3D8R,7.33333,15.0,130.0,0.00036414366,-0.18261334,-0.018446641,0.000425435,-0.193881,-0.0543783,0.03765697859622091,20.51670336698117,9.708832355302267
PART-PIER-2,425,Pier/C3D8R,-3.5,-20.0,140.0,-0.0008490232,0.20498818,-0.009729556,-0.00181735,0.222074,-0.0431563,0.0375527644296067,18.29872081339274,10.240232182714633
PART-PIER-2,585,Pier/C3D8R,3.5,-20.0,140.0,0.0008490232,0.20498818,-0.009729556,0.00181735,0.222074,-0.0431563,0.0375527644296067,18.29872081339274,10.240232182714633
PART-PIER-1,347,Pier/C3D8R,-3.5,20.0,140.0,-0.0008490232,-0.20498818,-0.009729556,-0.00181735,-0.222074,-0.0431563,0.0375527644296067,18.29872081339274,10.240232182714633
PART-PIER-1,663,Pier/C3D8R,3.5,20.0,140.0,0.0008490232,-0.20498818,-0.009729556,0.00181735,-0.222074,-0.0431563,0.0375527644296067,18.29872081339274,10.240232182714633
PART-PIER-2,782,Pier/C3D8R,-3.41667,-15.0,145.0,-0.0018399628,0.21858588,-0.023425482,-0.00359198,0.237313,-0.0558656,0.037498477884007765,17.056762026993784,10.90821848263022
PART-PIER-2,860,Pier/C3D8R,3.41667,-15.0,145.0,0.0018399628,0.21858588,-0.023425482,0.00359198,0.237313,-0.0558656,0.037498477884007765,17.056762026993784,10.90821848263022
PART-PIER-1,782,Pier/C3D8R,-3.41667,15.0,145.0,-0.0018399628,-0.21858588,-0.023425482,-0.00359198,-0.237313,-0.0558656,0.037498477884007765,17.056762026993784,10.90821848263022
PART-PIER-1,860,Pier/C3D8R,3.41667,15.0,145.0,0.0018399628,-0.21858588,-0.023425482,0.00359198,-0.237313,-0.0558656,0.037498477884007765,17.056762026993784,10.90821848263022
PART-PIER-2,424,Pier/C3D8R,-7.16667,-20.0,135.0,-0.00034618165,0.19356133,-0.007664534,-0.000730016,0.207166,-0.0425354,0.037432761990094925,19.323792741395973,9.176213360713028
PART-PIER-2,584,Pier/C3D8R,7.16667,-20.0,135.0,0.00034618165,0.19356133,-0.007664534,0.000730016,0.207166,-0.0425354,0.037432761990094925,19.323792741395973,9.176213360713028
PART-PIER-1,346,Pier/C3D8R,-7.16667,20.0,135.0,-0.00034618165,-0.19356133,-0.007664534,-0.000730016,-0.207166,-0.0425354,0.037432761990094925,19.323792741395973,9.176213360713028
PART-PIER-1,662,Pier/C3D8R,7.16667,20.0,135.0,0.00034618165,-0.19356133,-0.007664534,0.000730016,-0.207166,-0.0425354,0.037432761990094925,19.323792741395973,9.176213360713028
PART-PIER-2,272,Pier/C3D8R,-6.66667,-15.0,150.0,-0.00070248405,0.2314409,-0.010022953,-0.00187662,0.252334,-0.0410069,0.03738857037301495,16.139492723385406,10.356737655613356
PART-PIER-2,510,Pier/C3D8R,6.66667,-15.0,150.0,0.00070248405,0.2314409,-0.010022953,0.00187662,0.252334,-0.0410069,0.03738857037301495,16.139492723385406,10.356737655613356
PART-PIER-1,272,Pier/C3D8R,-6.66667,15.0,150.0,-0.00070248405,-0.2314409,-0.010022953,-0.00187662,-0.252334,-0.0410069,0.03738857037301495,16.139492723385406,10.356737655613356
PART-PIER-1,510,Pier/C3D8R,6.66667,15.0,150.0,0.00070248405,-0.2314409,-0.010022953,0.00187662,-0.252334,-0.0410069,0.03738857037301495,16.139492723385406,10.356737655613356
PART-PIER-2,338,Pier/C3D8R,-7.83333,-10.0,115.0,0.0005512946,0.15071787,-0.0258671,0.000530444,0.155288,-0.0629137,0.03732743085887938,24.40937988595912,9.564873605842308
PART-PIER-2,654,Pier/C3D8R,7.83333,-10.0,115.0,-0.0005512946,0.15071787,-0.0258671,-0.000530444,0.155288,-0.0629137,0.03732743085887938,24.40937988595912,9.564873605842308
PART-PIER-1,416,Pier/C3D8R,-7.83333,10.0,115.0,0.0005512946,-0.15071787,-0.0258671,0.000530444,-0.155288,-0.0629137,0.03732743085887938,24.40937988595912,9.564873605842308
PART-PIER-1,576,Pier/C3D8R,7.83333,10.0,115.0,-0.0005512946,-0.15071787,-0.0258671,-0.000530444,-0.155288,-0.0629137,0.03732743085887938,24.40937988595912,9.564873605842308
PART-PIER-2,57,Pier/C3D8R,-11.75,-10.0,115.0,-0.0013864476,0.15059398,-0.028050305,-0.00166869,0.155542,-0.0649918,0.037272464575444746,24.330814796983088,10.047663537587418
PART-PIER-2,236,Pier/C3D8R,11.75,-10.0,115.0,0.0013864476,0.15059398,-0.028050305,0.00166869,0.155542,-0.0649918,0.037272464575444746,24.330814796983088,10.047663537587418
PART-PIER-1,109,Pier/C3D8R,-11.75,10.0,115.0,-0.0013864476,-0.15059398,-0.028050305,-0.00166869,-0.155542,-0.0649918,0.037272464575444746,24.330814796983088,10.047663537587418
PART-PIER-1,223,Pier/C3D8R,11.75,10.0,115.0,0.0013864476,-0.15059398,-0.028050305,0.00166869,-0.155542,-0.0649918,0.037272464575444746,24.330814796983088,10.047663537587418
PART-PIER-2,178,Pier/C3D8R,0.0,-20.0,135.0,-4.6623412e-15,0.19860217,-0.0031026497,-6.73689e-14,0.213804,-0.0370825,0.03722533897440438,18.74138494467018,9.248313166178205
PART-PIER-1,66,Pier/C3D8R,0.0,20.0,135.0,-2.3429905e-14,-0.19860217,-0.0031026497,-3.19173e-13,-0.213804,-0.0370825,0.03722533897440438,18.74138494467018,9.248313166178205
PART-PIER-2,337,Pier/C3D8R,-3.91667,-10.0,115.0,-0.0010034326,0.15090562,-0.028327823,-0.00163254,0.156233,-0.0650631,0.03712488828335869,24.17855216366292,10.226669938325086
PART-PIER-2,653,Pier/C3D8R,3.91667,-10.0,115.0,0.0010034326,0.15090562,-0.028327823,0.00163254,0.156233,-0.0650631,0.03712488828335869,24.17855216366292,10.226669938325086
PART-PIER-1,415,Pier/C3D8R,-3.91667,10.0,115.0,-0.0010034326,-0.15090562,-0.028327823,-0.00163254,-0.156233,-0.0650631,0.03712488828335869,24.17855216366292,10.226669938325086
PART-PIER-1,575,Pier/C3D8R,3.91667,10.0,115.0,0.0010034326,-0.15090562,-0.028327823,0.00163254,-0.156233,-0.0650631,0.03712488828335869,24.17855216366292,10.226669938325086
PART-PIER-2,775,Pier/C3D8R,-7.5,-15.0,125.0,0.00015505933,0.1716288,-0.016843995,-5.50037e-05,0.180478,-0.0528617,0.03708945322572979,21.506937223585563,9.049888698312815
PART-PIER-2,853,Pier/C3D8R,7.5,-15.0,125.0,-0.00015505933,0.1716288,-0.016843995,5.50037e-05,0.180478,-0.0528617,0.03708945322572979,21.506937223585563,9.049888698312815
PART-PIER-1,775,Pier/C3D8R,-7.5,15.0,125.0,0.00015505933,-0.1716288,-0.016843995,-5.50037e-05,-0.180478,-0.0528617,0.03708945322572979,21.506937223585563,9.049888698312815
PART-PIER-1,853,Pier/C3D8R,7.5,15.0,125.0,-0.00015505933,-0.1716288,-0.016843995,5.50037e-05,-0.180478,-0.0528617,0.03708945322572979,21.506937223585563,9.049888698312815
PART-PIER-2,335,Pier/C3D8R,-4.0,-10.0,110.0,0.000543556,0.14094481,-0.025320878,0.000843951,0.143692,-0.0621165,0.03689925593313514,25.76723361069711,9.317926762320923
PART-PIER-2,651,Pier/C3D8R,4.0,-10.0,110.0,-0.000543556,0.14094481,-0.025320878,-0.000843951,0.143692,-0.0621165,0.03689925593313514,25.76723361069711,9.317926762320923
PART-PIER-1,413,Pier/C3D8R,-4.0,10.0,110.0,0.000543556,-0.14094481,-0.025320878,0.000843951,-0.143692,-0.0621165,0.03689925593313514,25.76723361069711,9.317926762320923
PART-PIER-1,573,Pier/C3D8R,4.0,10.0,110.0,-0.000543556,-0.14094481,-0.025320878,-0.000843951,-0.143692,-0.0621165,0.03689925593313514,25.76723361069711,9.317926762320923
PART-PIER-2,774,Pier/C3D8R,-3.75,-15.0,125.0,0.000341514,0.1716532,-0.017947903,0.000680109,0.180554,-0.0535188,0.0366691641655306,21.246488119366962,9.114606204106508
PART-PIER-2,852,Pier/C3D8R,3.75,-15.0,125.0,-0.000341514,0.1716532,-0.017947903,-0.000680109,0.180554,-0.0535188,0.0366691641655306,21.246488119366962,9.114606204106508
PART-PIER-1,774,Pier/C3D8R,-3.75,15.0,125.0,0.000341514,-0.1716532,-0.017947903,0.000680109,-0.180554,-0.0535188,0.0366691641655306,21.246488119366962,9.114606204106508
PART-PIER-1,852,Pier/C3D8R,3.75,15.0,125.0,-0.000341514,-0.1716532,-0.017947903,-0.000680109,-0.180554,-0.0535188,0.0366691641655306,21.246488119366962,9.114606204106508
PART-PIER-2,463,Pier/C3D8R,0.0,-15.0,125.0,-2.5627568e-15,0.17172614,-0.016005524,-5.0274e-14,0.180729,-0.0514925,0.03661115886999722,21.227500917705495,8.958623868855835
PART-PIER-1,463,Pier/C3D8R,0.0,15.0,125.0,-2.1785867e-14,-0.17172614,-0.016005524,-2.17051e-13,-0.180729,-0.0514925,0.03661115886999722,21.227500917705495,8.958623868855835
PART-PIER-2,56,Pier/C3D8R,-12.0,-10.0,110.0,0.00031049468,0.1406829,-0.025456402,-0.000207917,0.143536,-0.061911,0.03656975041781889,25.579004703520454,9.338505965033841
PART-PIER-2,237,Pier/C3D8R,12.0,-10.0,110.0,-0.00031049468,0.1406829,-0.025456402,0.000207917,0.143536,-0.061911,0.03656975041781889,25.579004703520454,9.338505965033841
PART-PIER-1,110,Pier/C3D8R,-12.0,10.0,110.0,0.00031049468,-0.1406829,-0.025456402,-0.000207917,-0.143536,-0.061911,0.03656975041781889,25.579004703520454,9.338505965033841
PART-PIER-1,222,Pier/C3D8R,12.0,10.0,110.0,-0.00031049468,-0.1406829,-0.025456402,0.000207917,-0.143536,-0.061911,0.03656975041781889,25.579004703520454,9.338505965033841
PART-PIER-2,336,Pier/C3D8R,-8.0,-10.0,110.0,-0.0010199073,0.14095847,-0.027027862,-0.00145376,0.144272,-0.0634057,0.036531011576199764,25.45184548937039,9.80078725476052
PART-PIER-2,652,Pier/C3D8R,8.0,-10.0,110.0,0.0010199073,0.14095847,-0.027027862,0.00145376,0.144272,-0.0634057,0.036531011576199764,25.45184548937039,9.80078725476052
PART-PIER-1,414,Pier/C3D8R,-8.0,10.0,110.0,-0.0010199073,-0.14095847,-0.027027862,-0.00145376,-0.144272,-0.0634057,0.036531011576199764,25.45184548937039,9.80078725476052
PART-PIER-1,574,Pier/C3D8R,8.0,10.0,110.0,0.0010199073,-0.14095847,-0.027027862,0.00145376,-0.144272,-0.0634057,0.036531011576199764,25.45184548937039,9.80078725476052
PART-PIER-2,502,Pier/C3D8R,-11.25,-15.0,125.0,-0.0011698721,0.17143452,-0.017884264,-0.00147277,0.180648,-0.05313,0.036431330843518746,21.135684991992253,9.245230844272772
PART-PIER-2,701,Pier/C3D8R,11.25,-15.0,125.0,0.0011698721,0.17143452,-0.017884264,0.00147277,0.180648,-0.05313,0.036431330843518746,21.135684991992253,9.245230844272772
PART-PIER-1,502,Pier/C3D8R,-11.25,15.0,125.0,-0.0011698721,-0.17143452,-0.017884264,-0.00147277,-0.180648,-0.05313,0.036431330843518746,21.135684991992253,9.245230844272772
PART-PIER-1,701,Pier/C3D8R,11.25,15.0,125.0,0.0011698721,-0.17143452,-0.017884264,0.00147277,-0.180648,-0.05313,0.036431330843518746,21.135684991992253,9.245230844272772
PART-PIER-2,501,Pier/C3D8R,-11.5,-15.0,120.0,0.000743262,0.1607027,-0.01672571,0.000735714,0.167073,-0.0525267,0.036363328561098536,22.50589532468344,8.395354552612016
PART-PIER-2,700,Pier/C3D8R,11.5,-15.0,120.0,-0.000743262,0.1607027,-0.01672571,-0.000735714,0.167073,-0.0525267,0.036363328561098536,22.50589532468344,8.395354552612016
PART-PIER-1,501,Pier/C3D8R,-11.5,15.0,120.0,0.000743262,-0.1607027,-0.01672571,0.000735714,-0.167073,-0.0525267,0.036363328561098536,22.50589532468344,8.395354552612016
PART-PIER-1,700,Pier/C3D8R,11.5,15.0,120.0,-0.000743262,-0.1607027,-0.01672571,-0.000735714,-0.167073,-0.0525267,0.036363328561098536,22.50589532468344,8.395354552612016
PART-PIER-2,71,Pier/C3D8R,0.0,-10.0,110.0,-1.4167382e-16,0.1409671,-0.026003487,-3.2944e-14,0.144248,-0.0622114,0.036356254876232355,25.362693232309795,9.58950239548492
PART-PIER-1,173,Pier/C3D8R,0.0,10.0,110.0,-1.956021e-14,-0.1409671,-0.026003487,-1.23972e-13,-0.144248,-0.0622114,0.036356254876232355,25.362693232309795,9.58950239548492
PART-PIER-2,462,Pier/C3D8R,0.0,-15.0,120.0,-2.2589282e-15,0.16104813,-0.018867403,-4.98685e-14,0.167808,-0.0545405,0.036307928775796465,22.391629853199625,8.81857244893781
PART-PIER-1,462,Pier/C3D8R,0.0,15.0,120.0,-2.109722e-14,-0.16104813,-0.018867403,-2.13579e-13,-0.167808,-0.0545405,0.036307928775796465,22.391629853199625,8.81857244893781
PART-PIER-2,6,Pier/C3D8R,-10.0,-20.0,150.0,0.0014542649,0.22852807,0.0016458009,0.00443808,0.247133,-0.0293256,0.036252920524619925,15.862929428000236,8.912191179752055
PART-PIER-2,12,Pier/C3D8R,10.0,-20.0,150.0,-0.0014542649,0.22852807,0.0016458009,-0.00443808,0.247133,-0.0293256,0.036252920524619925,15.862929428000236,8.912191179752055
PART-PIER-1,7,Pier/C3D8R,-10.0,20.0,150.0,0.0014542649,-0.22852807,0.0016458009,0.00443808,-0.247133,-0.0293256,0.036252920524619925,15.862929428000236,8.912191179752055
PART-PIER-1,11,Pier/C3D8R,10.0,20.0,150.0,-0.0014542649,-0.22852807,0.0016458009,-0.00443808,-0.247133,-0.0293256,0.036252920524619925,15.862929428000236,8.912191179752055
PART-PIER-2,772,Pier/C3D8R,-3.83333,-15.0,120.0,-0.00044184446,0.16102336,-0.016999235,-0.00097516,0.167854,-0.0525666,0.03622125786493382,22.3700163823063,8.631820860831176
PART-PIER-2,850,Pier/C3D8R,3.83333,-15.0,120.0,0.00044184446,0.16102336,-0.016999235,0.00097516,0.167854,-0.0525666,0.03622125786493382,22.3700163823063,8.631820860831176
PART-PIER-1,772,Pier/C3D8R,-3.83333,15.0,120.0,-0.00044184446,-0.16102336,-0.016999235,-0.00097516,-0.167854,-0.0525666,0.03622125786493382,22.3700163823063,8.631820860831176
PART-PIER-1,850,Pier/C3D8R,3.83333,15.0,120.0,0.00044184446,-0.16102336,-0.016999235,0.00097516,-0.167854,-0.0525666,0.03622125786493382,22.3700163823063,8.631820860831176
PART-PIER-2,72,Pier/C3D8R,0.0,-10.0,105.0,7.976161e-17,0.13177995,-0.025981268,-3.4578e-14,0.132969,-0.0620886,0.03612690498867464,26.896803875978435,9.257161123755186
PART-PIER-1,172,Pier/C3D8R,0.0,10.0,105.0,-1.8745898e-14,-0.13177995,-0.025981268,-1.21894e-13,-0.132969,-0.0620886,0.03612690498867464,26.896803875978435,9.257161123755186
PART-PIER-2,423,Pier/C3D8R,-3.58333,-20.0,135.0,0.00022432118,0.19524746,-0.0036289229,0.0005515,0.20809,-0.0372551,0.03599663409254288,18.433220307331716,8.253766105635544
PART-PIER-2,583,Pier/C3D8R,3.58333,-20.0,135.0,-0.00022432118,0.19524746,-0.0036289229,-0.0005515,0.20809,-0.0372551,0.03599663409254288,18.433220307331716,8.253766105635544
PART-PIER-1,345,Pier/C3D8R,-3.58333,20.0,135.0,0.00022432118,-0.19524746,-0.0036289229,0.0005515,-0.20809,-0.0372551,0.03599663409254288,18.433220307331716,8.253766105635544
PART-PIER-1,661,Pier/C3D8R,3.58333,20.0,135.0,-0.00022432118,-0.19524746,-0.0036289229,-0.0005515,-0.20809,-0.0372551,0.03599663409254288,18.433220307331716,8.253766105635544
PART-PIER-2,334,Pier/C3D8R,-8.16667,-10.0,105.0,0.00024140804,0.13140993,-0.025170572,6.26817e-05,0.132477,-0.0611148,0.035960507616070905,26.876504520906728,9.03994330588655
PART-PIER-2,650,Pier/C3D8R,8.16667,-10.0,105.0,-0.00024140804,0.13140993,-0.025170572,-6.26817e-05,0.132477,-0.0611148,0.035960507616070905,26.876504520906728,9.03994330588655
PART-PIER-1,412,Pier/C3D8R,-8.16667,10.0,105.0,0.00024140804,-0.13140993,-0.025170572,6.26817e-05,-0.132477,-0.0611148,0.035960507616070905,26.876504520906728,9.03994330588655
PART-PIER-1,572,Pier/C3D8R,8.16667,10.0,105.0,-0.00024140804,-0.13140993,-0.025170572,-6.26817e-05,-0.132477,-0.0611148,0.035960507616070905,26.876504520906728,9.03994330588655
PART-PIER-2,426,Pier/C3D8R,-7.0,-20.0,140.0,0.0006301326,0.20751642,-0.0026383842,0.00104299,0.224319,-0.0344245,0.03595628322755486,17.32547801083292,9.354271514406449
PART-PIER-2,586,Pier/C3D8R,7.0,-20.0,140.0,-0.0006301326,0.20751642,-0.0026383842,-0.00104299,0.224319,-0.0344245,0.03595628322755486,17.32547801083292,9.354271514406449
PART-PIER-1,348,Pier/C3D8R,-7.0,20.0,140.0,0.0006301326,-0.20751642,-0.0026383842,0.00104299,-0.224319,-0.0344245,0.03595628322755486,17.32547801083292,9.354271514406449
PART-PIER-1,664,Pier/C3D8R,7.0,20.0,140.0,-0.0006301326,-0.20751642,-0.0026383842,-0.00104299,-0.224319,-0.0344245,0.03595628322755486,17.32547801083292,9.354271514406449
PART-PIER-2,421,Pier/C3D8R,-3.66667,-20.0,130.0,0.00022676318,0.18224472,-0.0075048585,0.00024848,0.194149,-0.0414178,0.035941618704798096,19.704908172656094,8.83693653464135
PART-PIER-2,581,Pier/C3D8R,3.66667,-20.0,130.0,-0.00022676318,0.18224472,-0.0075048585,-0.00024848,0.194149,-0.0414178,0.035941618704798096,19.704908172656094,8.83693653464135
PART-PIER-1,343,Pier/C3D8R,-3.66667,20.0,130.0,0.00022676318,-0.18224472,-0.0075048585,0.00024848,-0.194149,-0.0414178,0.035941618704798096,19.704908172656094,8.83693653464135
PART-PIER-1,659,Pier/C3D8R,3.66667,20.0,130.0,-0.00022676318,-0.18224472,-0.0075048585,-0.00024848,-0.194149,-0.0414178,0.035941618704798096,19.704908172656094,8.83693653464135
PART-PIER-2,106,Pier/C3D8R,-11.0,-20.0,130.0,-0.0010312764,0.1823929,-0.0070764446,-0.0014155,0.19416,-0.0410301,0.03593693065923614,19.687904866072355,8.721668085455022
PART-PIER-2,226,Pier/C3D8R,11.0,-20.0,130.0,0.0010312764,0.1823929,-0.0070764446,0.0014155,0.19416,-0.0410301,0.03593693065923614,19.687904866072355,8.721668085455022
PART-PIER-1,60,Pier/C3D8R,-11.0,20.0,130.0,-0.0010312764,-0.1823929,-0.0070764446,-0.0014155,-0.19416,-0.0410301,0.03593693065923614,19.687904866072355,8.721668085455022
PART-PIER-1,233,Pier/C3D8R,11.0,20.0,130.0,0.0010312764,-0.1823929,-0.0070764446,0.0014155,-0.19416,-0.0410301,0.03593693065923614,19.687904866072355,8.721668085455022
PART-SUPPORTBEAM-2,195,SupportBeam/B31,-80.76923,10.0,-30.0,-0.009203513,0.0026290137,-0.25071472,0.0185869,-0.000239657,-0.228327,0.035801485068276254,14.269374742815124,8.694773224287127
PART-SUPPORTBEAM-2,219,SupportBeam/B31,80.76923,10.0,-30.0,0.009203513,0.0026290137,-0.25071472,-0.0185869,-0.000239657,-0.228327,0.035801485068276254,14.269374742815124,8.694773224287127
PART-SUPPORTBEAM-1,195,SupportBeam/B31,-80.76923,-10.0,-30.0,-0.009203513,-0.0026290137,-0.25071472,0.0185869,0.000239657,-0.228327,0.035801485068276254,14.269374742815124,8.694773224287127
PART-SUPPORTBEAM-1,219,SupportBeam/B31,80.76923,-10.0,-30.0,0.009203513,-0.0026290137,-0.25071472,-0.0185869,0.000239657,-0.228327,0.035801485068276254,14.269374742815124,8.694773224287127
PART-PIER-2,773,Pier/C3D8R,-7.66667,-15.0,120.0,-0.00034938072,0.16086152,-0.017505253,-0.000404131,0.167653,-0.0526295,0.035774850460911355,22.108956857092114,8.595513729518583
PART-PIER-2,851,Pier/C3D8R,7.66667,-15.0,120.0,0.00034938072,0.16086152,-0.017505253,0.000404131,0.167653,-0.0526295,0.035774850460911355,22.108956857092114,8.595513729518583
PART-PIER-1,773,Pier/C3D8R,-7.66667,15.0,120.0,-0.00034938072,-0.16086152,-0.017505253,-0.000404131,-0.167653,-0.0526295,0.035774850460911355,22.108956857092114,8.595513729518583
PART-PIER-1,851,Pier/C3D8R,7.66667,15.0,120.0,0.00034938072,-0.16086152,-0.017505253,0.000404131,-0.167653,-0.0526295,0.035774850460911355,22.108956857092114,8.595513729518583
PART-PIER-2,55,Pier/C3D8R,-12.25,-10.0,105.0,-0.0011473286,0.13130341,-0.02608863,-0.00147509,0.132624,-0.061757,0.035694313327760345,26.662416813327418,9.28496414727328
PART-PIER-2,238,Pier/C3D8R,12.25,-10.0,105.0,0.0011473286,0.13130341,-0.02608863,0.00147509,0.132624,-0.061757,0.035694313327760345,26.662416813327418,9.28496414727328
PART-PIER-1,111,Pier/C3D8R,-12.25,10.0,105.0,-0.0011473286,-0.13130341,-0.02608863,-0.00147509,-0.132624,-0.061757,0.035694313327760345,26.662416813327418,9.28496414727328
PART-PIER-1,221,Pier/C3D8R,12.25,10.0,105.0,0.0011473286,-0.13130341,-0.02608863,0.00147509,-0.132624,-0.061757,0.035694313327760345,26.662416813327418,9.28496414727328
PART-PIER-2,771,Pier/C3D8R,-7.83333,-15.0,115.0,0.00012224179,0.15065649,-0.016632123,-0.000150706,0.155379,-0.0519914,0.0356742914598019,23.536227574679636,8.098425049852096
PART-PIER-2,849,Pier/C3D8R,7.83333,-15.0,115.0,-0.00012224179,0.15065649,-0.016632123,0.000150706,0.155379,-0.0519914,0.0356742914598019,23.536227574679636,8.098425049852096
PART-PIER-1,771,Pier/C3D8R,-7.83333,15.0,115.0,0.00012224179,-0.15065649,-0.016632123,-0.000150706,-0.155379,-0.0519914,0.0356742914598019,23.536227574679636,8.098425049852096
PART-PIER-1,849,Pier/C3D8R,7.83333,15.0,115.0,-0.00012224179,-0.15065649,-0.016632123,0.000150706,-0.155379,-0.0519914,0.0356742914598019,23.536227574679636,8.098425049852096
PART-PIER-2,333,Pier/C3D8R,-4.08333,-10.0,105.0,-0.0007228512,0.13165367,-0.026329806,-0.00122526,0.133256,-0.0619353,0.03564507089367692,26.54875363995646,9.450482624311856
PART-PIER-2,649,Pier/C3D8R,4.08333,-10.0,105.0,0.0007228512,0.13165367,-0.026329806,0.00122526,0.133256,-0.0619353,0.03564507089367692,26.54875363995646,9.450482624311856
PART-PIER-1,411,Pier/C3D8R,-4.08333,10.0,105.0,-0.0007228512,-0.13165367,-0.026329806,-0.00122526,-0.133256,-0.0619353,0.03564507089367692,26.54875363995646,9.450482624311856
PART-PIER-1,571,Pier/C3D8R,4.08333,10.0,105.0,0.0007228512,-0.13165367,-0.026329806,0.00122526,-0.133256,-0.0619353,0.03564507089367692,26.54875363995646,9.450482624311856
PART-PIER-2,176,Pier/C3D8R,0.0,-20.0,125.0,-4.0365935e-15,0.17310762,-0.007506178,-6.22756e-14,0.182537,-0.0418061,0.035572431128480436,20.530024311015076,8.075775048308385
PART-PIER-1,68,Pier/C3D8R,0.0,20.0,125.0,-2.1684403e-14,-0.17310762,-0.007506178,-2.97991e-13,-0.182537,-0.0418061,0.035572431128480436,20.530024311015076,8.075775048308385
PART-PIER-2,331,Pier/C3D8R,-4.16667,-10.0,100.0,0.00026396065,0.12241078,-0.024560116,0.000386366,0.121987,-0.0600843,0.035526922487375184,28.455551973931303,8.915780010442266
PART-PIER-2,647,Pier/C3D8R,4.16667,-10.0,100.0,-0.00026396065,0.12241078,-0.024560116,-0.000386366,0.121987,-0.0600843,0.035526922487375184,28.455551973931303,8.915780010442266
PART-PIER-1,409,Pier/C3D8R,-4.16667,10.0,100.0,0.00026396065,-0.12241078,-0.024560116,0.000386366,-0.121987,-0.0600843,0.035526922487375184,28.455551973931303,8.915780010442266
PART-PIER-1,569,Pier/C3D8R,4.16667,10.0,100.0,-0.00026396065,-0.12241078,-0.024560116,-0.000386366,-0.121987,-0.0600843,0.035526922487375184,28.455551973931303,8.915780010442266
PART-PIER-2,180,Pier/C3D8R,0.0,-20.0,145.0,-4.9229995e-15,0.22702451,0.01012533,-7.085e-14,0.24925,-0.0175813,0.03551942780644136,15.63009793677489,9.953391544908003
PART-PIER-1,64,Pier/C3D8R,0.0,20.0,145.0,-2.4703032e-14,-0.22702451,0.01012533,-3.4416e-13,-0.24925,-0.0175813,0.03551942780644136,15.63009793677489,9.953391544908003
PART-SUPPORTBEAM-2,95,SupportBeam/B31,-73.33334,10.0,-16.0,-0.008799028,0.0014874679,-0.2571197,0.000835322,-0.000183948,-0.223059,0.03543650117496468,13.773809389955694,13.298586633456175
PART-SUPPORTBEAM-2,230,SupportBeam/B31,73.33334,10.0,-16.0,0.008799028,0.0014874679,-0.2571197,-0.000835322,-0.000183948,-0.223059,0.03543650117496468,13.773809389955694,13.298586633456175
PART-SUPPORTBEAM-1,95,SupportBeam/B31,-73.33334,-10.0,-16.0,-0.008799028,-0.0014874679,-0.2571197,0.000835322,0.000183948,-0.223059,0.03543650117496468,13.773809389955694,13.298586633456175
PART-SUPPORTBEAM-1,230,SupportBeam/B31,73.33334,-10.0,-16.0,0.008799028,-0.0014874679,-0.2571197,-0.000835322,0.000183948,-0.223059,0.03543650117496468,13.773809389955694,13.298586633456175
PART-PIER-2,461,Pier/C3D8R,0.0,-15.0,115.0,-1.8803623e-15,0.15076253,-0.015359969,-4.64357e-14,0.155597,-0.05041,0.035381870686579886,23.347749310414816,7.929227124324367
PART-PIER-1,461,Pier/C3D8R,0.0,15.0,115.0,-2.0219097e-14,-0.15076253,-0.015359969,-2.00625e-13,-0.155597,-0.05041,0.035381870686579886,23.347749310414816,7.929227124324367
PART-PIER-2,770,Pier/C3D8R,-3.91667,-15.0,115.0,0.00027147104,0.15074077,-0.01688152,0.000624211,0.155487,-0.0519389,0.03537896291804892,23.324222825785498,8.076240477163877
PART-PIER-2,848,Pier/C3D8R,3.91667,-15.0,115.0,-0.00027147104,0.15074077,-0.01688152,-0.000624211,0.155487,-0.0519389,0.03537896291804892,23.324222825785498,8.076240477163877
PART-PIER-1,770,Pier/C3D8R,-3.91667,15.0,115.0,0.00027147104,-0.15074077,-0.01688152,0.000624211,-0.155487,-0.0519389,0.03537896291804892,23.324222825785498,8.076240477163877
PART-PIER-1,848,Pier/C3D8R,3.91667,15.0,115.0,-0.00027147104,-0.15074077,-0.01688152,-0.000624211,-0.155487,-0.0519389,0.03537896291804892,23.324222825785498,8.076240477163877
PART-PIER-2,105,Pier/C3D8R,-10.75,-20.0,135.0,0.0011915782,0.19451317,-0.0044756774,0.000862974,0.2078,-0.037228,0.0353463218434907,18.166536455355075,8.501835756184963
PART-PIER-2,227,Pier/C3D8R,10.75,-20.0,135.0,-0.0011915782,0.19451317,-0.0044756774,-0.000862974,0.2078,-0.037228,0.0353463218434907,18.166536455355075,8.501835756184963
PART-PIER-1,61,Pier/C3D8R,-10.75,20.0,135.0,0.0011915782,-0.19451317,-0.0044756774,0.000862974,-0.2078,-0.037228,0.0353463218434907,18.166536455355075,8.501835756184963
PART-PIER-1,232,Pier/C3D8R,10.75,20.0,135.0,-0.0011915782,-0.19451317,-0.0044756774,-0.000862974,-0.2078,-0.037228,0.0353463218434907,18.166536455355075,8.501835756184963
PART-PIER-2,54,Pier/C3D8R,-12.5,-10.0,100.0,2.5987065e-05,0.12211512,-0.024568506,-0.000564697,0.121728,-0.0598497,0.035288261782421095,28.32985645440741,8.898815051853111
PART-PIER-2,239,Pier/C3D8R,12.5,-10.0,100.0,-2.5987065e-05,0.12211512,-0.024568506,0.000564697,0.121728,-0.0598497,0.035288261782421095,28.32985645440741,8.898815051853111
PART-PIER-1,112,Pier/C3D8R,-12.5,10.0,100.0,2.5987065e-05,-0.12211512,-0.024568506,-0.000564697,-0.121728,-0.0598497,0.035288261782421095,28.32985645440741,8.898815051853111
PART-PIER-1,220,Pier/C3D8R,12.5,10.0,100.0,-2.5987065e-05,-0.12211512,-0.024568506,0.000564697,-0.121728,-0.0598497,0.035288261782421095,28.32985645440741,8.898815051853111
PART-PIER-2,64,Pier/C3D8R,0.0,-10.0,145.0,-1.8367679e-15,0.21005748,-0.007991151,-5.0539e-14,0.225248,-0.0397265,0.03518357960785402,16.737393765311072,8.807875084534908
PART-PIER-1,180,Pier/C3D8R,0.0,10.0,145.0,-2.558189e-14,-0.21005748,-0.007991151,-1.84079e-13,-0.225248,-0.0397265,0.03518357960785402,16.737393765311072,8.807875084534908
PART-PIER-2,73,Pier/C3D8R,0.0,-10.0,100.0,1.4149668e-16,0.12234319,-0.02470967,-3.03988e-14,0.122282,-0.0598558,0.035146183266366204,28.158946993819285,9.079117582657437
PART-PIER-1,171,Pier/C3D8R,0.0,10.0,100.0,-1.7709682e-14,-0.12234319,-0.02470967,-1.12128e-13,-0.122282,-0.0598558,0.035146183266366204,28.158946993819285,9.079117582657437
PART-PIER-2,332,Pier/C3D8R,-8.33333,-10.0,100.0,-0.00079505495,0.12239662,-0.025200956,-0.00119186,0.122326,-0.0603329,0.03513425580044697,28.114915355089217,9.149656056407785
PART-PIER-2,648,Pier/C3D8R,8.33333,-10.0,100.0,0.00079505495,0.12239662,-0.025200956,0.00119186,0.122326,-0.0603329,0.03513425580044697,28.114915355089217,9.149656056407785
PART-PIER-1,410,Pier/C3D8R,-8.33333,10.0,100.0,-0.00079505495,-0.12239662,-0.025200956,-0.00119186,-0.122326,-0.0603329,0.03513425580044697,28.114915355089217,9.149656056407785
PART-PIER-1,570,Pier/C3D8R,8.33333,10.0,100.0,0.00079505495,-0.12239662,-0.025200956,0.00119186,-0.122326,-0.0603329,0.03513425580044697,28.114915355089217,9.149656056407785
PART-PIER-2,500,Pier/C3D8R,-11.75,-15.0,115.0,-0.0009242125,0.15043914,-0.017176187,-0.0014166,0.155387,-0.0518746,0.03505286905159584,23.149535406018618,8.191862630448568
PART-PIER-2,699,Pier/C3D8R,11.75,-15.0,115.0,0.0009242125,0.15043914,-0.017176187,0.0014166,0.155387,-0.0518746,0.03505286905159584,23.149535406018618,8.191862630448568
PART-PIER-1,500,Pier/C3D8R,-11.75,15.0,115.0,-0.0009242125,-0.15043914,-0.017176187,-0.0014166,-0.155387,-0.0518746,0.03505286905159584,23.149535406018618,8.191862630448568
PART-PIER-1,699,Pier/C3D8R,11.75,15.0,115.0,0.0009242125,-0.15043914,-0.017176187,0.0014166,-0.155387,-0.0518746,0.03505286905159584,23.149535406018618,8.191862630448568
PART-PIER-2,420,Pier/C3D8R,-7.5,-20.0,125.0,-0.00019415174,0.17149848,-0.0069056465,-0.000485699,0.180783,-0.040697,0.03504486956456216,20.4179482647277,7.964583496910257
PART-PIER-2,580,Pier/C3D8R,7.5,-20.0,125.0,0.00019415174,0.17149848,-0.0069056465,0.000485699,0.180783,-0.040697,0.03504486956456216,20.4179482647277,7.964583496910257
PART-PIER-1,342,Pier/C3D8R,-7.5,20.0,125.0,-0.00019415174,-0.17149848,-0.0069056465,-0.000485699,-0.180783,-0.040697,0.03504486956456216,20.4179482647277,7.964583496910257
PART-PIER-1,658,Pier/C3D8R,7.5,20.0,125.0,0.00019415174,-0.17149848,-0.0069056465,0.000485699,-0.180783,-0.040697,0.03504486956456216,20.4179482647277,7.964583496910257
PART-PIER-2,499,Pier/C3D8R,-12.0,-15.0,110.0,0.0004126011,0.1406022,-0.016375503,0.000293102,0.143194,-0.0511972,0.0349182228819668,24.667916383601145,7.430686219498675
PART-PIER-2,698,Pier/C3D8R,12.0,-15.0,110.0,-0.0004126011,0.1406022,-0.016375503,-0.000293102,0.143194,-0.0511972,0.0349182228819668,24.667916383601145,7.430686219498675
PART-PIER-1,499,Pier/C3D8R,-12.0,15.0,110.0,0.0004126011,-0.1406022,-0.016375503,0.000293102,-0.143194,-0.0511972,0.0349182228819668,24.667916383601145,7.430686219498675
PART-PIER-1,698,Pier/C3D8R,12.0,15.0,110.0,-0.0004126011,-0.1406022,-0.016375503,-0.000293102,-0.143194,-0.0511972,0.0349182228819668,24.667916383601145,7.430686219498675
PART-PIER-2,768,Pier/C3D8R,-4.0,-15.0,110.0,-0.00031311394,0.14087228,-0.016767016,-0.000803853,0.143828,-0.0514723,0.03483437731701352,24.55425911209998,7.680482207506584
PART-PIER-2,846,Pier/C3D8R,4.0,-15.0,110.0,0.00031311394,0.14087228,-0.016767016,0.000803853,0.143828,-0.0514723,0.03483437731701352,24.55425911209998,7.680482207506584
PART-PIER-1,768,Pier/C3D8R,-4.0,15.0,110.0,-0.00031311394,-0.14087228,-0.016767016,-0.000803853,-0.143828,-0.0514723,0.03483437731701352,24.55425911209998,7.680482207506584
PART-PIER-1,846,Pier/C3D8R,4.0,15.0,110.0,0.00031311394,-0.14087228,-0.016767016,0.000803853,-0.143828,-0.0514723,0.03483437731701352,24.55425911209998,7.680482207506584
PART-PIER-2,422,Pier/C3D8R,-7.33333,-20.0,130.0,0.0004343025,0.18296927,-0.005406455,0.000680837,0.193806,-0.0384602,0.034785709061015496,19.00342896953022,7.941470654072753
PART-PIER-2,582,Pier/C3D8R,7.33333,-20.0,130.0,-0.0004343025,0.18296927,-0.005406455,-0.000680837,0.193806,-0.0384602,0.034785709061015496,19.00342896953022,7.941470654072753
PART-PIER-1,344,Pier/C3D8R,-7.33333,20.0,130.0,0.0004343025,-0.18296927,-0.005406455,0.000680837,-0.193806,-0.0384602,0.034785709061015496,19.00342896953022,7.941470654072753
PART-PIER-1,660,Pier/C3D8R,7.33333,20.0,130.0,-0.0004343025,-0.18296927,-0.005406455,-0.000680837,-0.193806,-0.0384602,0.034785709061015496,19.00342896953022,7.941470654072753
PART-PIER-2,460,Pier/C3D8R,0.0,-15.0,110.0,-1.79332e-15,0.14094877,-0.017906584,-4.70042e-14,0.143852,-0.0525668,0.03478159452353437,24.480000859179988,7.794123674240855
PART-PIER-1,460,Pier/C3D8R,0.0,15.0,110.0,-1.938106e-14,-0.14094877,-0.017906584,-1.94981e-13,-0.143852,-0.0525668,0.03478159452353437,24.480000859179988,7.794123674240855
PART-PIER-2,74,Pier/C3D8R,0.0,-10.0,95.0,5.4247415e-16,0.11400062,-0.024503564,-3.12462e-14,0.1122,-0.059218,0.034761103250364425,29.81116401425858,8.802562286023626
PART-PIER-1,170,Pier/C3D8R,0.0,10.0,95.0,-1.7045635e-14,-0.11400062,-0.024503564,-1.09349e-13,-0.1122,-0.059218,0.034761103250364425,29.81116401425858,8.802562286023626
PART-PIER-2,330,Pier/C3D8R,-8.5,-10.0,95.0,8.186454e-06,0.11366303,-0.024140175,-0.000296919,0.111774,-0.0587826,0.03469523214448327,29.85865378356821,8.68407651437923
PART-PIER-2,646,Pier/C3D8R,8.5,-10.0,95.0,-8.186454e-06,0.11366303,-0.024140175,0.000296919,0.111774,-0.0587826,0.03469523214448327,29.85865378356821,8.68407651437923
PART-PIER-1,408,Pier/C3D8R,-8.5,10.0,95.0,8.186454e-06,-0.11366303,-0.024140175,-0.000296919,-0.111774,-0.0587826,0.03469523214448327,29.85865378356821,8.68407651437923
PART-PIER-1,568,Pier/C3D8R,8.5,10.0,95.0,-8.186454e-06,-0.11366303,-0.024140175,0.000296919,-0.111774,-0.0587826,0.03469523214448327,29.85865378356821,8.68407651437923
PART-PIER-2,769,Pier/C3D8R,-8.0,-15.0,110.0,-0.00035031993,0.14075269,-0.016847068,-0.000463485,0.143641,-0.0512617,0.03453580803578501,24.36254981916953,7.588198466171464
PART-PIER-2,847,Pier/C3D8R,8.0,-15.0,110.0,0.00035031993,0.14075269,-0.016847068,0.000463485,0.143641,-0.0512617,0.03453580803578501,24.36254981916953,7.588198466171464
PART-PIER-1,769,Pier/C3D8R,-8.0,15.0,110.0,-0.00035031993,-0.14075269,-0.016847068,-0.000463485,-0.143641,-0.0512617,0.03453580803578501,24.36254981916953,7.588198466171464
PART-PIER-1,847,Pier/C3D8R,8.0,15.0,110.0,0.00035031993,-0.14075269,-0.016847068,0.000463485,-0.143641,-0.0512617,0.03453580803578501,24.36254981916953,7.588198466171464
PART-FLOOR-1,308,Floor/S4R,65.0,-5.0,0.0,-0.0061293743,1.51023005e-05,-0.40437356,-0.00305935,-6.89386e-05,-0.369996,0.03451447151021075,8.534313474032407,8.508816526050241
PART-FLOOR-1,310,Floor/S4R,65.0,5.0,0.0,-0.0061293743,-1.51023005e-05,-0.40437356,-0.00305935,6.89386e-05,-0.369996,0.03451447151021075,8.534313474032407,8.508816526050241
PART-FLOOR-1,377,Floor/S4R,-65.0,-5.0,0.0,0.0061293743,1.51023005e-05,-0.40437356,0.00305935,-6.89386e-05,-0.369996,0.03451447151021075,8.534313474032407,8.508816526050241
PART-FLOOR-1,379,Floor/S4R,-65.0,5.0,0.0,0.0061293743,-1.51023005e-05,-0.40437356,0.00305935,6.89386e-05,-0.369996,0.03451447151021075,8.534313474032407,8.508816526050241
PART-PIER-2,177,Pier/C3D8R,0.0,-20.0,130.0,-4.2172856e-15,0.18025509,-0.006498381,-6.37206e-14,0.190527,-0.0394456,0.034511322415724105,19.133394499626764,7.86998414111499
PART-PIER-1,67,Pier/C3D8R,0.0,20.0,130.0,-2.2511705e-14,-0.18025509,-0.006498381,-3.02883e-13,-0.190527,-0.0394456,0.034511322415724105,19.133394499626764,7.86998414111499
PART-PIER-2,329,Pier/C3D8R,-4.25,-10.0,95.0,-0.00050547766,0.11385876,-0.024488186,-0.000900666,0.112324,-0.0588736,0.034421916826828054,29.555972844176253,8.89344677669156
PART-PIER-2,645,Pier/C3D8R,4.25,-10.0,95.0,0.00050547766,0.11385876,-0.024488186,0.000900666,0.112324,-0.0588736,0.034421916826828054,29.555972844176253,8.89344677669156
PART-PIER-1,407,Pier/C3D8R,-4.25,10.0,95.0,-0.00050547766,-0.11385876,-0.024488186,-0.000900666,-0.112324,-0.0588736,0.034421916826828054,29.555972844176253,8.89344677669156
PART-PIER-1,567,Pier/C3D8R,4.25,10.0,95.0,0.00050547766,-0.11385876,-0.024488186,0.000900666,-0.112324,-0.0588736,0.034421916826828054,29.555972844176253,8.89344677669156
PART-PIER-2,767,Pier/C3D8R,-8.16667,-15.0,105.0,6.3231586e-05,0.13131101,-0.016206518,-0.000243231,0.13246,-0.0506032,0.03441723158456882,26.01308990496743,7.172437613093326
PART-PIER-2,845,Pier/C3D8R,8.16667,-15.0,105.0,-6.3231586e-05,0.13131101,-0.016206518,0.000243231,0.13246,-0.0506032,0.03441723158456882,26.01308990496743,7.172437613093326
PART-PIER-1,767,Pier/C3D8R,-8.16667,15.0,105.0,6.3231586e-05,-0.13131101,-0.016206518,-0.000243231,-0.13246,-0.0506032,0.03441723158456882,26.01308990496743,7.172437613093326
PART-PIER-1,845,Pier/C3D8R,8.16667,15.0,105.0,-6.3231586e-05,-0.13131101,-0.016206518,0.000243231,-0.13246,-0.0506032,0.03441723158456882,26.01308990496743,7.172437613093326
PART-PIER-2,417,Pier/C3D8R,-3.83333,-20.0,120.0,0.00040449228,0.1609354,-0.0066929893,0.000674503,0.16815,-0.0403413,0.03441412750474213,21.365278793869003,7.355446619039386
PART-PIER-2,577,Pier/C3D8R,3.83333,-20.0,120.0,-0.00040449228,0.1609354,-0.0066929893,-0.000674503,0.16815,-0.0403413,0.03441412750474213,21.365278793869003,7.355446619039386
PART-PIER-1,339,Pier/C3D8R,-3.83333,20.0,120.0,0.00040449228,-0.1609354,-0.0066929893,0.000674503,-0.16815,-0.0403413,0.03441412750474213,21.365278793869003,7.355446619039386
PART-PIER-1,655,Pier/C3D8R,3.83333,20.0,120.0,-0.00040449228,-0.1609354,-0.0066929893,-0.000674503,-0.16815,-0.0403413,0.03441412750474213,21.365278793869003,7.355446619039386
PART-PIER-2,53,Pier/C3D8R,-12.75,-10.0,95.0,-0.00095241435,0.11354308,-0.024373377,-0.00137846,0.11177,-0.0587132,0.03438820686301647,29.610917072261987,8.719957617218872
PART-PIER-2,240,Pier/C3D8R,12.75,-10.0,95.0,0.00095241435,0.11354308,-0.024373377,0.00137846,0.11177,-0.0587132,0.03438820686301647,29.610917072261987,8.719957617218872
PART-PIER-1,113,Pier/C3D8R,-12.75,10.0,95.0,-0.00095241435,-0.11354308,-0.024373377,-0.00137846,-0.11177,-0.0587132,0.03438820686301647,29.610917072261987,8.719957617218872
PART-PIER-1,219,Pier/C3D8R,12.75,10.0,95.0,0.00095241435,-0.11354308,-0.024373377,0.00137846,-0.11177,-0.0587132,0.03438820686301647,29.610917072261987,8.719957617218872
PART-PIER-2,459,Pier/C3D8R,0.0,-15.0,105.0,-1.5429786e-15,0.13142076,-0.015501575,-4.2168e-14,0.132643,-0.0498608,0.0343809571306301,25.980865984790114,7.082962579229782
PART-PIER-1,459,Pier/C3D8R,0.0,15.0,105.0,-1.8577198e-14,-0.13142076,-0.015501575,-1.8426e-13,-0.132643,-0.0498608,0.0343809571306301,25.980865984790114,7.082962579229782
PART-PIER-2,107,Pier/C3D8R,-11.25,-20.0,125.0,0.0012398094,0.17137581,-0.006053075,0.00174547,0.179311,-0.0394717,0.034351527329496104,20.031545150570988,7.070614972315142
PART-PIER-2,225,Pier/C3D8R,11.25,-20.0,125.0,-0.0012398094,0.17137581,-0.006053075,-0.00174547,0.179311,-0.0394717,0.034351527329496104,20.031545150570988,7.070614972315142
PART-PIER-1,59,Pier/C3D8R,-11.25,20.0,125.0,0.0012398094,-0.17137581,-0.006053075,0.00174547,-0.179311,-0.0394717,0.034351527329496104,20.031545150570988,7.070614972315142
PART-PIER-1,234,Pier/C3D8R,11.25,20.0,125.0,-0.0012398094,-0.17137581,-0.006053075,-0.00174547,-0.179311,-0.0394717,0.034351527329496104,20.031545150570988,7.070614972315142
PART-PIER-2,419,Pier/C3D8R,-3.75,-20.0,125.0,-0.0002882327,0.1719437,-0.006025589,-0.000557825,0.180204,-0.039291,0.034276709367982515,19.922587103382458,7.200865230671296
PART-PIER-2,579,Pier/C3D8R,3.75,-20.0,125.0,0.0002882327,0.1719437,-0.006025589,0.000557825,0.180204,-0.039291,0.034276709367982515,19.922587103382458,7.200865230671296
PART-PIER-1,341,Pier/C3D8R,-3.75,20.0,125.0,-0.0002882327,-0.1719437,-0.006025589,-0.000557825,-0.180204,-0.039291,0.034276709367982515,19.922587103382458,7.200865230671296
PART-PIER-1,657,Pier/C3D8R,3.75,20.0,125.0,0.0002882327,-0.1719437,-0.006025589,0.000557825,-0.180204,-0.039291,0.034276709367982515,19.922587103382458,7.200865230671296
PART-PIER-2,766,Pier/C3D8R,-4.08333,-15.0,105.0,0.00010584861,0.1314382,-0.016269378,0.000321966,0.13259,-0.0505159,0.03426656707437651,25.873017618827525,7.132361957324471
PART-PIER-2,844,Pier/C3D8R,4.08333,-15.0,105.0,-0.00010584861,0.1314382,-0.016269378,-0.000321966,0.13259,-0.0505159,0.03426656707437651,25.873017618827525,7.132361957324471
PART-PIER-1,766,Pier/C3D8R,-4.08333,15.0,105.0,0.00010584861,-0.1314382,-0.016269378,0.000321966,-0.13259,-0.0505159,0.03426656707437651,25.873017618827525,7.132361957324471
PART-PIER-1,844,Pier/C3D8R,4.08333,15.0,105.0,-0.00010584861,-0.1314382,-0.016269378,-0.000321966,-0.13259,-0.0505159,0.03426656707437651,25.873017618827525,7.132361957324471
PART-PIER-2,327,Pier/C3D8R,-4.33333,-10.0,90.0,6.5621505e-05,0.10544087,-0.023526458,4.92441e-05,0.102323,-0.0575799,0.034195881237418915,31.652982520373623,8.68039577876763
PART-PIER-2,643,Pier/C3D8R,4.33333,-10.0,90.0,-6.5621505e-05,0.10544087,-0.023526458,-4.92441e-05,0.102323,-0.0575799,0.034195881237418915,31.652982520373623,8.68039577876763
PART-PIER-1,405,Pier/C3D8R,-4.33333,10.0,90.0,6.5621505e-05,-0.10544087,-0.023526458,4.92441e-05,-0.102323,-0.0575799,0.034195881237418915,31.652982520373623,8.68039577876763
PART-PIER-1,565,Pier/C3D8R,4.33333,10.0,90.0,-6.5621505e-05,-0.10544087,-0.023526458,-4.92441e-05,-0.102323,-0.0575799,0.034195881237418915,31.652982520373623,8.68039577876763
PART-PIER-2,108,Pier/C3D8R,-11.5,-20.0,120.0,-0.00080030685,0.16075553,-0.0069049327,-0.00158515,0.16819,-0.0402031,0.03412704599712362,21.20933956716156,7.476257522541127
PART-PIER-2,224,Pier/C3D8R,11.5,-20.0,120.0,0.00080030685,0.16075553,-0.0069049327,0.00158515,0.16819,-0.0402031,0.03412704599712362,21.20933956716156,7.476257522541127
PART-PIER-1,58,Pier/C3D8R,-11.5,20.0,120.0,-0.00080030685,-0.16075553,-0.0069049327,-0.00158515,-0.16819,-0.0402031,0.03412704599712362,21.20933956716156,7.476257522541127
PART-PIER-1,235,Pier/C3D8R,11.5,20.0,120.0,0.00080030685,-0.16075553,-0.0069049327,0.00158515,-0.16819,-0.0402031,0.03412704599712362,21.20933956716156,7.476257522541127
PART-PIER-2,498,Pier/C3D8R,-12.25,-15.0,105.0,-0.0006839019,0.13107292,-0.016493812,-0.00116173,0.132331,-0.0504852,0.0340180179191277,25.750083430015323,7.2142231645146575
PART-PIER-2,697,Pier/C3D8R,12.25,-15.0,105.0,0.0006839019,0.13107292,-0.016493812,0.00116173,0.132331,-0.0504852,0.0340180179191277,25.750083430015323,7.2142231645146575
PART-PIER-1,498,Pier/C3D8R,-12.25,15.0,105.0,-0.0006839019,-0.13107292,-0.016493812,-0.00116173,-0.132331,-0.0504852,0.0340180179191277,25.750083430015323,7.2142231645146575
PART-PIER-1,697,Pier/C3D8R,12.25,15.0,105.0,0.0006839019,-0.13107292,-0.016493812,0.00116173,-0.132331,-0.0504852,0.0340180179191277,25.750083430015323,7.2142231645146575
PART-PIER-2,52,Pier/C3D8R,-13.0,-10.0,90.0,-0.00021505787,0.10507873,-0.023418298,-0.000869877,0.101952,-0.057279,0.034011062443250986,31.5920956196522,8.626406821959144
PART-PIER-2,241,Pier/C3D8R,13.0,-10.0,90.0,0.00021505787,0.10507873,-0.023418298,0.000869877,0.101952,-0.057279,0.034011062443250986,31.5920956196522,8.626406821959144
PART-PIER-1,114,Pier/C3D8R,-13.0,10.0,90.0,-0.00021505787,-0.10507873,-0.023418298,-0.000869877,-0.101952,-0.057279,0.034011062443250986,31.5920956196522,8.626406821959144
PART-PIER-1,218,Pier/C3D8R,13.0,10.0,90.0,0.00021505787,-0.10507873,-0.023418298,0.000869877,-0.101952,-0.057279,0.034011062443250986,31.5920956196522,8.626406821959144
PART-PIER-2,75,Pier/C3D8R,0.0,-10.0,90.0,3.9590693e-16,0.1053956,-0.023427844,-2.71785e-14,0.102507,-0.0572477,0.03394299146835375,31.43800085928475,8.744660793294035
PART-PIER-1,169,Pier/C3D8R,0.0,10.0,90.0,-1.5901636e-14,-0.1053956,-0.023427844,-1.00271e-13,-0.102507,-0.0572477,0.03394299146835375,31.43800085928475,8.744660793294035
PART-PIER-2,328,Pier/C3D8R,-8.66667,-10.0,90.0,-0.0006422773,0.10536505,-0.023579638,-0.00103723,0.102447,-0.0573322,0.033880768069829544,31.378876643903702,8.733415609870866
PART-PIER-2,644,Pier/C3D8R,8.66667,-10.0,90.0,0.0006422773,0.10536505,-0.023579638,0.00103723,0.102447,-0.0573322,0.033880768069829544,31.378876643903702,8.733415609870866
PART-PIER-1,406,Pier/C3D8R,-8.66667,10.0,90.0,-0.0006422773,-0.10536505,-0.023579638,-0.00103723,-0.102447,-0.0573322,0.033880768069829544,31.378876643903702,8.733415609870866
PART-PIER-1,566,Pier/C3D8R,8.66667,10.0,90.0,0.0006422773,-0.10536505,-0.023579638,0.00103723,-0.102447,-0.0573322,0.033880768069829544,31.378876643903702,8.733415609870866
PART-PIER-2,174,Pier/C3D8R,0.0,-20.0,115.0,-3.6908592e-15,0.15095524,-0.008155007,-5.8899e-14,0.155902,-0.0416698,0.03387789521694713,22.409667716908928,6.746721349046883
PART-PIER-1,70,Pier/C3D8R,0.0,20.0,115.0,-1.9892227e-14,-0.15095524,-0.008155007,-2.7573e-13,-0.155902,-0.0416698,0.03387789521694713,22.409667716908928,6.746721349046883
PART-PIER-2,418,Pier/C3D8R,-7.66667,-20.0,120.0,0.0003417259,0.160881,-0.006472846,0.000446433,0.167082,-0.0397308,0.0338312705768333,21.01170764610497,6.664082462510811
PART-PIER-2,578,Pier/C3D8R,7.66667,-20.0,120.0,-0.0003417259,0.160881,-0.006472846,-0.000446433,0.167082,-0.0397308,0.0338312705768333,21.01170764610497,6.664082462510811
PART-PIER-1,340,Pier/C3D8R,-7.66667,20.0,120.0,0.0003417259,-0.160881,-0.006472846,0.000446433,-0.167082,-0.0397308,0.0338312705768333,21.01170764610497,6.664082462510811
PART-PIER-1,656,Pier/C3D8R,7.66667,20.0,120.0,-0.0003417259,-0.160881,-0.006472846,-0.000446433,-0.167082,-0.0397308,0.0338312705768333,21.01170764610497,6.664082462510811
PART-PIER-2,764,Pier/C3D8R,-4.16667,-15.0,100.0,-0.00018869017,0.122316174,-0.016174972,-0.000588225,0.121944,-0.0499102,0.033739646556812705,27.345864907845176,6.79414035601605
PART-PIER-2,842,Pier/C3D8R,4.16667,-15.0,100.0,0.00018869017,0.122316174,-0.016174972,0.000588225,0.121944,-0.0499102,0.033739646556812705,27.345864907845176,6.79414035601605
PART-PIER-1,764,Pier/C3D8R,-4.16667,15.0,100.0,-0.00018869017,-0.122316174,-0.016174972,-0.000588225,-0.121944,-0.0499102,0.033739646556812705,27.345864907845176,6.79414035601605
PART-PIER-1,842,Pier/C3D8R,4.16667,15.0,100.0,0.00018869017,-0.122316174,-0.016174972,0.000588225,-0.121944,-0.0499102,0.033739646556812705,27.345864907845176,6.79414035601605
PART-PIER-2,497,Pier/C3D8R,-12.5,-15.0,100.0,0.0001453565,0.12207009,-0.015919063,-0.000150137,0.121409,-0.049649,0.03373770896816515,27.405904682509043,6.551190084362267
PART-PIER-2,696,Pier/C3D8R,12.5,-15.0,100.0,-0.0001453565,0.12207009,-0.015919063,0.000150137,0.121409,-0.049649,0.03373770896816515,27.405904682509043,6.551190084362267
PART-PIER-1,497,Pier/C3D8R,-12.5,15.0,100.0,0.0001453565,-0.12207009,-0.015919063,-0.000150137,-0.121409,-0.049649,0.03373770896816515,27.405904682509043,6.551190084362267
PART-PIER-1,696,Pier/C3D8R,12.5,15.0,100.0,-0.0001453565,-0.12207009,-0.015919063,0.000150137,-0.121409,-0.049649,0.03373770896816515,27.405904682509043,6.551190084362267
PART-PIER-2,458,Pier/C3D8R,0.0,-15.0,100.0,-1.2903061e-15,0.12242369,-0.016667891,-4.26903e-14,0.122018,-0.050307,0.03364155523589807,27.228409711049263,6.821862887757797
PART-PIER-1,458,Pier/C3D8R,0.0,15.0,100.0,-1.7655602e-14,-0.12242369,-0.016667891,-1.77407e-13,-0.122018,-0.050307,0.03364155523589807,27.228409711049263,6.821862887757797
PART-PIER-2,765,Pier/C3D8R,-8.33333,-15.0,100.0,-0.0003245999,0.122221075,-0.016169867,-0.000512667,0.121761,-0.0497272,0.03356101363654883,27.221969619501486,6.682318129374537
PART-PIER-2,843,Pier/C3D8R,8.33333,-15.0,100.0,0.0003245999,0.122221075,-0.016169867,0.000512667,0.121761,-0.0497272,0.03356101363654883,27.221969619501486,6.682318129374537
PART-PIER-1,765,Pier/C3D8R,-8.33333,15.0,100.0,-0.0003245999,-0.122221075,-0.016169867,-0.000512667,-0.121761,-0.0497272,0.03356101363654883,27.221969619501486,6.682318129374537
PART-PIER-1,843,Pier/C3D8R,8.33333,15.0,100.0,0.0003245999,-0.122221075,-0.016169867,0.000512667,-0.121761,-0.0497272,0.03356101363654883,27.221969619501486,6.682318129374537
PART-PIER-2,416,Pier/C3D8R,-7.83333,-20.0,115.0,-0.00015056347,0.15064484,-0.0069288267,-0.000416004,0.155725,-0.0400633,0.03352270581514833,22.22929561913383,6.626031629424507
PART-PIER-2,576,Pier/C3D8R,7.83333,-20.0,115.0,0.00015056347,0.15064484,-0.0069288267,0.000416004,0.155725,-0.0400633,0.03352270581514833,22.22929561913383,6.626031629424507
PART-PIER-1,338,Pier/C3D8R,-7.83333,20.0,115.0,-0.00015056347,-0.15064484,-0.0069288267,-0.000416004,-0.155725,-0.0400633,0.03352270581514833,22.22929561913383,6.626031629424507
PART-PIER-1,654,Pier/C3D8R,7.83333,20.0,115.0,0.00015056347,-0.15064484,-0.0069288267,0.000416004,-0.155725,-0.0400633,0.03352270581514833,22.22929561913383,6.626031629424507
PART-PIER-2,76,Pier/C3D8R,0.0,-10.0,85.0,4.901856e-16,0.097656496,-0.023021836,-2.67451e-14,0.0933989,-0.0562455,0.03349535748852536,33.38404677784028,8.664794912338742
PART-PIER-1,168,Pier/C3D8R,0.0,10.0,85.0,-1.5311135e-14,-0.097656496,-0.023021836,-9.54428e-14,-0.0933989,-0.0562455,0.03349535748852536,33.38404677784028,8.664794912338742
PART-PIER-2,326,Pier/C3D8R,-8.83333,-10.0,85.0,-0.00016217983,0.097393416,-0.022882538,-0.000565801,0.0930445,-0.0560372,0.03344110633274821,33.42587708208489,8.568060750001258
PART-PIER-2,642,Pier/C3D8R,8.83333,-10.0,85.0,0.00016217983,0.097393416,-0.022882538,0.000565801,0.0930445,-0.0560372,0.03344110633274821,33.42587708208489,8.568060750001258
PART-PIER-1,404,Pier/C3D8R,-8.83333,10.0,85.0,-0.00016217983,-0.097393416,-0.022882538,-0.000565801,-0.0930445,-0.0560372,0.03344110633274821,33.42587708208489,8.568060750001258
PART-PIER-1,564,Pier/C3D8R,8.83333,10.0,85.0,0.00016217983,-0.097393416,-0.022882538,0.000565801,-0.0930445,-0.0560372,0.03344110633274821,33.42587708208489,8.568060750001258
PART-PIER-2,175,Pier/C3D8R,0.0,-20.0,120.0,-3.700203e-15,0.16040647,-0.0053041168,-5.99588e-14,0.166791,-0.0381267,0.03343776594274537,20.834259586653523,6.604015924355268
PART-PIER-1,69,Pier/C3D8R,0.0,20.0,120.0,-2.0811393e-14,-0.16040647,-0.0053041168,-2.82801e-13,-0.166791,-0.0381267,0.03343776594274537,20.834259586653523,6.604015924355268
PART-PIER-2,457,Pier/C3D8R,0.0,-15.0,95.0,-1.3540104e-15,0.11364193,-0.015449809,-3.8281e-14,0.11179,-0.0487754,0.03337700795793686,29.10261006898277,6.347739129794309
PART-PIER-1,457,Pier/C3D8R,0.0,15.0,95.0,-1.6622796e-14,-0.11364193,-0.015449809,-1.66549e-13,-0.11179,-0.0487754,0.03337700795793686,29.10261006898277,6.347739129794309
PART-PIER-2,109,Pier/C3D8R,-11.75,-20.0,115.0,0.00084069365,0.1504053,-0.006703099,0.0012751,0.154259,-0.0398052,0.033328498363729524,22.136806233261364,5.818461515345113
PART-PIER-2,223,Pier/C3D8R,11.75,-20.0,115.0,-0.00084069365,0.1504053,-0.006703099,-0.0012751,0.154259,-0.0398052,0.033328498363729524,22.136806233261364,5.818461515345113
PART-PIER-1,57,Pier/C3D8R,-11.75,20.0,115.0,0.00084069365,-0.1504053,-0.006703099,0.0012751,-0.154259,-0.0398052,0.033328498363729524,22.136806233261364,5.818461515345113
PART-PIER-1,236,Pier/C3D8R,11.75,20.0,115.0,-0.00084069365,-0.1504053,-0.006703099,-0.0012751,-0.154259,-0.0398052,0.033328498363729524,22.136806233261364,5.818461515345113
PART-PIER-2,763,Pier/C3D8R,-8.5,-15.0,95.0,-1.4852489e-05,0.11352307,-0.015689535,-0.000352368,0.111628,-0.0489535,0.03331961246092592,29.07416402718846,6.360018972787341
PART-PIER-2,841,Pier/C3D8R,8.5,-15.0,95.0,1.4852489e-05,0.11352307,-0.015689535,0.000352368,0.111628,-0.0489535,0.03331961246092592,29.07416402718846,6.360018972787341
PART-PIER-1,763,Pier/C3D8R,-8.5,15.0,95.0,-1.4852489e-05,-0.11352307,-0.015689535,-0.000352368,-0.111628,-0.0489535,0.03331961246092592,29.07416402718846,6.360018972787341
PART-PIER-1,841,Pier/C3D8R,8.5,15.0,95.0,1.4852489e-05,-0.11352307,-0.015689535,0.000352368,-0.111628,-0.0489535,0.03331961246092592,29.07416402718846,6.360018972787341
PART-PIER-2,762,Pier/C3D8R,-4.25,-15.0,95.0,-1.157e-05,0.11367621,-0.015712442,7.01512e-05,0.11177,-0.0489258,0.033268114833197165,28.99006085174922,6.31974006139978
PART-PIER-2,840,Pier/C3D8R,4.25,-15.0,95.0,1.157e-05,0.11367621,-0.015712442,-7.01512e-05,0.11177,-0.0489258,0.033268114833197165,28.99006085174922,6.31974006139978
PART-PIER-1,762,Pier/C3D8R,-4.25,15.0,95.0,-1.157e-05,-0.11367621,-0.015712442,7.01512e-05,-0.11177,-0.0489258,0.033268114833197165,28.99006085174922,6.31974006139978
PART-PIER-1,840,Pier/C3D8R,4.25,15.0,95.0,1.157e-05,-0.11367621,-0.015712442,-7.01512e-05,-0.11177,-0.0489258,0.033268114833197165,28.99006085174922,6.31974006139978
PART-PIER-2,325,Pier/C3D8R,-4.41667,-10.0,85.0,-0.00037000823,0.09754524,-0.022839367,-0.000703573,0.0934263,-0.0558478,0.033266102586489966,33.204982910336525,8.648280896614688
PART-PIER-2,641,Pier/C3D8R,4.41667,-10.0,85.0,0.00037000823,0.09754524,-0.022839367,0.000703573,0.0934263,-0.0558478,0.033266102586489966,33.204982910336525,8.648280896614688
PART-PIER-1,403,Pier/C3D8R,-4.41667,10.0,85.0,-0.00037000823,-0.09754524,-0.022839367,-0.000703573,-0.0934263,-0.0558478,0.033266102586489966,33.204982910336525,8.648280896614688
PART-PIER-1,563,Pier/C3D8R,4.41667,10.0,85.0,0.00037000823,-0.09754524,-0.022839367,0.000703573,-0.0934263,-0.0558478,0.033266102586489966,33.204982910336525,8.648280896614688
PART-PIER-2,413,Pier/C3D8R,-4.0,-20.0,110.0,0.0002887684,0.14096688,-0.0067089074,0.000501074,0.144084,-0.0397861,0.0332244214556053,23.542259726682385,5.916883378676475
PART-PIER-2,573,Pier/C3D8R,4.0,-20.0,110.0,-0.0002887684,0.14096688,-0.0067089074,-0.000501074,0.144084,-0.0397861,0.0332244214556053,23.542259726682385,5.916883378676475
PART-PIER-1,335,Pier/C3D8R,-4.0,20.0,110.0,0.0002887684,-0.14096688,-0.0067089074,0.000501074,-0.144084,-0.0397861,0.0332244214556053,23.542259726682385,5.916883378676475
PART-PIER-1,651,Pier/C3D8R,4.0,20.0,110.0,-0.0002887684,-0.14096688,-0.0067089074,-0.000501074,-0.144084,-0.0397861,0.0332244214556053,23.542259726682385,5.916883378676475
PART-PIER-2,415,Pier/C3D8R,-3.91667,-20.0,115.0,-0.00028358932,0.15067504,-0.0070644743,-0.000650346,0.154964,-0.0399888,0.033204531485079035,22.012960472863426,6.0997705745649204
PART-PIER-2,575,Pier/C3D8R,3.91667,-20.0,115.0,0.00028358932,0.15067504,-0.0070644743,0.000650346,0.154964,-0.0399888,0.033204531485079035,22.012960472863426,6.0997705745649204
PART-PIER-1,337,Pier/C3D8R,-3.91667,20.0,115.0,-0.00028358932,-0.15067504,-0.0070644743,-0.000650346,-0.154964,-0.0399888,0.033204531485079035,22.012960472863426,6.0997705745649204
PART-PIER-1,653,Pier/C3D8R,3.91667,20.0,115.0,0.00028358932,-0.15067504,-0.0070644743,0.000650346,-0.154964,-0.0399888,0.033204531485079035,22.012960472863426,6.0997705745649204
PART-PIER-2,51,Pier/C3D8R,-13.25,-10.0,85.0,-0.0008093537,0.09726391,-0.022790536,-0.00133467,0.0929384,-0.055687,0.03318378124443388,33.216462768415845,8.459698683850418
PART-PIER-2,242,Pier/C3D8R,13.25,-10.0,85.0,0.0008093537,0.09726391,-0.022790536,0.00133467,0.0929384,-0.055687,0.03318378124443388,33.216462768415845,8.459698683850418
PART-PIER-1,115,Pier/C3D8R,-13.25,10.0,85.0,-0.0008093537,-0.09726391,-0.022790536,-0.00133467,-0.0929384,-0.055687,0.03318378124443388,33.216462768415845,8.459698683850418
PART-PIER-1,217,Pier/C3D8R,13.25,10.0,85.0,0.0008093537,-0.09726391,-0.022790536,0.00133467,-0.0929384,-0.055687,0.03318378124443388,33.216462768415845,8.459698683850418
PART-PIER-2,496,Pier/C3D8R,-12.75,-15.0,95.0,-0.0005282535,0.113274805,-0.015772825,-0.00100654,0.111401,-0.0487933,0.03307705658579269,28.921376440414637,6.342113533674437
PART-PIER-2,695,Pier/C3D8R,12.75,-15.0,95.0,0.0005282535,0.113274805,-0.015772825,0.00100654,0.111401,-0.0487933,0.03307705658579269,28.921376440414637,6.342113533674437
PART-PIER-1,496,Pier/C3D8R,-12.75,15.0,95.0,-0.0005282535,-0.113274805,-0.015772825,-0.00100654,-0.111401,-0.0487933,0.03307705658579269,28.921376440414637,6.342113533674437
PART-PIER-1,695,Pier/C3D8R,12.75,15.0,95.0,0.0005282535,-0.113274805,-0.015772825,0.00100654,-0.111401,-0.0487933,0.03307705658579269,28.921376440414637,6.342113533674437
PART-PIER-2,414,Pier/C3D8R,-8.0,-20.0,110.0,0.00025375834,0.14072683,-0.0069457763,0.000246652,0.14313,-0.0398354,0.032977304675739796,23.405030277059126,5.444973391197644
PART-PIER-2,574,Pier/C3D8R,8.0,-20.0,110.0,-0.00025375834,0.14072683,-0.0069457763,-0.000246652,0.14313,-0.0398354,0.032977304675739796,23.405030277059126,5.444973391197644
PART-PIER-1,336,Pier/C3D8R,-8.0,20.0,110.0,0.00025375834,-0.14072683,-0.0069457763,0.000246652,-0.14313,-0.0398354,0.032977304675739796,23.405030277059126,5.444973391197644
PART-PIER-1,652,Pier/C3D8R,8.0,20.0,110.0,-0.00025375834,-0.14072683,-0.0069457763,-0.000246652,-0.14313,-0.0398354,0.032977304675739796,23.405030277059126,5.444973391197644
PART-PIER-2,110,Pier/C3D8R,-12.0,-20.0,110.0,-0.0004571677,0.14054495,-0.0070276284,-0.00116274,0.143851,-0.0398224,0.03296854323698871,23.428256548717233,6.071959372766724
PART-PIER-2,222,Pier/C3D8R,12.0,-20.0,110.0,0.0004571677,0.14054495,-0.0070276284,0.00116274,0.143851,-0.0398224,0.03296854323698871,23.428256548717233,6.071959372766724
PART-PIER-1,56,Pier/C3D8R,-12.0,20.0,110.0,-0.0004571677,-0.14054495,-0.0070276284,-0.00116274,-0.143851,-0.0398224,0.03296854323698871,23.428256548717233,6.071959372766724
PART-PIER-1,237,Pier/C3D8R,12.0,20.0,110.0,0.0004571677,-0.14054495,-0.0070276284,0.00116274,-0.143851,-0.0398224,0.03296854323698871,23.428256548717233,6.071959372766724
PART-PIER-2,323,Pier/C3D8R,-4.5,-10.0,80.0,-6.0546736e-05,0.089923516,-0.022252504,-0.000176347,0.084588,-0.0546878,0.03287140957268207,35.484512364365024,8.73419702118464
PART-PIER-2,639,Pier/C3D8R,4.5,-10.0,80.0,6.0546736e-05,0.089923516,-0.022252504,0.000176347,0.084588,-0.0546878,0.03287140957268207,35.484512364365024,8.73419702118464
PART-PIER-1,401,Pier/C3D8R,-4.5,10.0,80.0,-6.0546736e-05,-0.089923516,-0.022252504,-0.000176347,-0.084588,-0.0546878,0.03287140957268207,35.484512364365024,8.73419702118464
PART-PIER-1,561,Pier/C3D8R,4.5,10.0,80.0,6.0546736e-05,-0.089923516,-0.022252504,0.000176347,-0.084588,-0.0546878,0.03287140957268207,35.484512364365024,8.73419702118464
PART-PIER-2,173,Pier/C3D8R,0.0,-20.0,110.0,-3.2447859e-15,0.14092831,-0.0059722397,-5.50659e-14,0.143544,-0.0387097,0.03284178955340552,23.283000564805242,5.400069780123738
PART-PIER-1,71,Pier/C3D8R,0.0,20.0,110.0,-1.9153302e-14,-0.14092831,-0.0059722397,-2.6194e-13,-0.143544,-0.0387097,0.03284178955340552,23.283000564805242,5.400069780123738
PART-PIER-2,760,Pier/C3D8R,-4.33333,-15.0,90.0,-0.00012500976,0.10529097,-0.01548586,-0.000460245,0.102117,-0.0480995,0.03276943670978551,30.791467927186638,6.065549279376283
PART-PIER-2,838,Pier/C3D8R,4.33333,-15.0,90.0,0.00012500976,0.10529097,-0.01548586,0.000460245,0.102117,-0.0480995,0.03276943670978551,30.791467927186638,6.065549279376283
PART-PIER-1,760,Pier/C3D8R,-4.33333,15.0,90.0,-0.00012500976,-0.10529097,-0.01548586,-0.000460245,-0.102117,-0.0480995,0.03276943670978551,30.791467927186638,6.065549279376283
PART-PIER-1,838,Pier/C3D8R,4.33333,15.0,90.0,0.00012500976,-0.10529097,-0.01548586,0.000460245,-0.102117,-0.0480995,0.03276943670978551,30.791467927186638,6.065549279376283
PART-PIER-2,77,Pier/C3D8R,0.0,-10.0,80.0,6.1198956e-16,0.089912124,-0.022052448,-2.40709e-14,0.0846867,-0.0543524,0.03271990151547037,35.34344634721434,8.69668758562339
PART-PIER-1,167,Pier/C3D8R,0.0,10.0,80.0,-1.4273478e-14,-0.089912124,-0.022052448,-8.83157e-14,-0.0846867,-0.0543524,0.03271990151547037,35.34344634721434,8.69668758562339
PART-PIER-2,495,Pier/C3D8R,-13.0,-15.0,90.0,-4.1865023e-05,0.10504442,-0.01535571,-0.000477436,0.101637,-0.0478891,0.03271424304526248,30.815726984388895,5.834782233114439
PART-PIER-2,694,Pier/C3D8R,13.0,-15.0,90.0,4.1865023e-05,0.10504442,-0.01535571,0.000477436,0.101637,-0.0478891,0.03271424304526248,30.815726984388895,5.834782233114439
PART-PIER-1,495,Pier/C3D8R,-13.0,15.0,90.0,-4.1865023e-05,-0.10504442,-0.01535571,-0.000477436,-0.101637,-0.0478891,0.03271424304526248,30.815726984388895,5.834782233114439
PART-PIER-1,694,Pier/C3D8R,13.0,15.0,90.0,4.1865023e-05,-0.10504442,-0.01535571,0.000477436,-0.101637,-0.0478891,0.03271424304526248,30.815726984388895,5.834782233114439
PART-PIER-2,456,Pier/C3D8R,0.0,-15.0,90.0,-9.514288e-16,0.10540893,-0.0156135345,-3.83827e-14,0.102218,-0.0481707,0.03271316340036974,30.69957198808503,6.044251356020212
PART-PIER-1,456,Pier/C3D8R,0.0,15.0,90.0,-1.5850096e-14,-0.10540893,-0.0156135345,-1.59094e-13,-0.102218,-0.0481707,0.03271316340036974,30.69957198808503,6.044251356020212
PART-PIER-2,50,Pier/C3D8R,-13.5,-10.0,80.0,-0.00040235266,0.08951529,-0.02209954,-0.00112945,0.0841346,-0.0543578,0.032712013598149764,35.47794940429839,8.643295517844745
PART-PIER-2,243,Pier/C3D8R,13.5,-10.0,80.0,0.00040235266,0.08951529,-0.02209954,0.00112945,0.0841346,-0.0543578,0.032712013598149764,35.47794940429839,8.643295517844745
PART-PIER-1,116,Pier/C3D8R,-13.5,10.0,80.0,-0.00040235266,-0.08951529,-0.02209954,-0.00112945,-0.0841346,-0.0543578,0.032712013598149764,35.47794940429839,8.643295517844745
PART-PIER-1,216,Pier/C3D8R,13.5,10.0,80.0,0.00040235266,-0.08951529,-0.02209954,0.00112945,-0.0841346,-0.0543578,0.032712013598149764,35.47794940429839,8.643295517844745
PART-PIER-2,761,Pier/C3D8R,-8.66667,-15.0,90.0,-0.0002922517,0.10520529,-0.015444151,-0.000556569,0.101929,-0.0479447,0.03266633779750311,30.720717658105684,5.934270248366843
PART-PIER-2,839,Pier/C3D8R,8.66667,-15.0,90.0,0.0002922517,0.10520529,-0.015444151,0.000556569,0.101929,-0.0479447,0.03266633779750311,30.720717658105684,5.934270248366843
PART-PIER-1,761,Pier/C3D8R,-8.66667,15.0,90.0,-0.0002922517,-0.10520529,-0.015444151,-0.000556569,-0.101929,-0.0479447,0.03266633779750311,30.720717658105684,5.934270248366843
PART-PIER-1,839,Pier/C3D8R,8.66667,15.0,90.0,0.0002922517,-0.10520529,-0.015444151,0.000556569,-0.101929,-0.0479447,0.03266633779750311,30.720717658105684,5.934270248366843
PART-PIER-2,324,Pier/C3D8R,-9.0,-10.0,80.0,-0.0005463165,0.08980679,-0.022059383,-0.000966779,0.0845639,-0.0542862,0.03265321451584048,35.309182927307376,8.66769837849817
PART-PIER-2,640,Pier/C3D8R,9.0,-10.0,80.0,0.0005463165,0.08980679,-0.022059383,0.000966779,0.0845639,-0.0542862,0.03265321451584048,35.309182927307376,8.66769837849817
PART-PIER-1,402,Pier/C3D8R,-9.0,10.0,80.0,-0.0005463165,-0.08980679,-0.022059383,-0.000966779,-0.0845639,-0.0542862,0.03265321451584048,35.309182927307376,8.66769837849817
PART-PIER-1,562,Pier/C3D8R,9.0,10.0,80.0,0.0005463165,-0.08980679,-0.022059383,0.000966779,-0.0845639,-0.0542862,0.03265321451584048,35.309182927307376,8.66769837849817
PART-PIER-2,172,Pier/C3D8R,0.0,-20.0,105.0,-3.1422131e-15,0.1313135,-0.007829287,-5.52608e-14,0.132584,-0.0404543,0.032649741859625304,24.81988757741119,5.37583151944462
PART-PIER-1,72,Pier/C3D8R,0.0,20.0,105.0,-1.8047445e-14,-0.1313135,-0.007829287,-2.51888e-13,-0.132584,-0.0404543,0.032649741859625304,24.81988757741119,5.37583151944462
PART-PIER-2,412,Pier/C3D8R,-8.16667,-20.0,105.0,-0.00010339843,0.13127704,-0.007089643,-0.000369428,0.132595,-0.0395743,0.03251247038755073,24.73025861300345,5.253597105094074
PART-PIER-2,572,Pier/C3D8R,8.16667,-20.0,105.0,0.00010339843,0.13127704,-0.007089643,0.000369428,0.132595,-0.0395743,0.03251247038755073,24.73025861300345,5.253597105094074
PART-PIER-1,334,Pier/C3D8R,-8.16667,20.0,105.0,-0.00010339843,-0.13127704,-0.007089643,-0.000369428,-0.132595,-0.0395743,0.03251247038755073,24.73025861300345,5.253597105094074
PART-PIER-1,650,Pier/C3D8R,8.16667,20.0,105.0,0.00010339843,-0.13127704,-0.007089643,0.000369428,-0.132595,-0.0395743,0.03251247038755073,24.73025861300345,5.253597105094074
PART-PIER-2,111,Pier/C3D8R,-12.25,-20.0,105.0,0.00047597283,0.1311244,-0.007062771,0.000627175,0.131598,-0.0395435,0.03248453348022184,24.737806248769413,4.642925506428212
PART-PIER-2,221,Pier/C3D8R,12.25,-20.0,105.0,-0.00047597283,0.1311244,-0.007062771,-0.000627175,0.131598,-0.0395435,0.03248453348022184,24.737806248769413,4.642925506428212
PART-PIER-1,55,Pier/C3D8R,-12.25,20.0,105.0,0.00047597283,-0.1311244,-0.007062771,0.000627175,-0.131598,-0.0395435,0.03248453348022184,24.737806248769413,4.642925506428212
PART-PIER-1,238,Pier/C3D8R,12.25,20.0,105.0,-0.00047597283,-0.1311244,-0.007062771,-0.000627175,-0.131598,-0.0395435,0.03248453348022184,24.737806248769413,4.642925506428212
PART-PIER-2,23,Pier/C3D8R,-3.33333,-10.0,150.0,-0.00075164787,0.23351127,-0.013516481,-0.00301712,0.253109,-0.0393193,0.032480591950755255,13.88633084836443,9.516433143708989
PART-PIER-2,187,Pier/C3D8R,3.33333,-10.0,150.0,0.00075164787,0.23351127,-0.013516481,0.00301712,0.253109,-0.0393193,0.032480591950755255,13.88633084836443,9.516433143708989
PART-PIER-1,21,Pier/C3D8R,-3.33333,10.0,150.0,-0.00075164787,-0.23351127,-0.013516481,-0.00301712,-0.253109,-0.0393193,0.032480591950755255,13.88633084836443,9.516433143708989
PART-PIER-1,189,Pier/C3D8R,3.33333,10.0,150.0,0.00075164787,-0.23351127,-0.013516481,0.00301712,-0.253109,-0.0393193,0.032480591950755255,13.88633084836443,9.516433143708989
PART-PIER-2,411,Pier/C3D8R,-4.08333,-20.0,105.0,-0.00016681832,0.13127263,-0.0073769977,-0.000483714,0.132104,-0.0398109,0.03244610326918856,24.67762393742796,4.93867720788351
PART-PIER-2,571,Pier/C3D8R,4.08333,-20.0,105.0,0.00016681832,0.13127263,-0.0073769977,0.000483714,0.132104,-0.0398109,0.03244610326918856,24.67762393742796,4.93867720788351
PART-PIER-1,333,Pier/C3D8R,-4.08333,20.0,105.0,-0.00016681832,-0.13127263,-0.0073769977,-0.000483714,-0.132104,-0.0398109,0.03244610326918856,24.67762393742796,4.93867720788351
PART-PIER-1,649,Pier/C3D8R,4.08333,20.0,105.0,0.00016681832,-0.13127263,-0.0073769977,0.000483714,-0.132104,-0.0398109,0.03244610326918856,24.67762393742796,4.93867720788351
PART-PIER-2,455,Pier/C3D8R,0.0,-15.0,85.0,-7.635834e-16,0.09736276,-0.015059264,-3.50236e-14,0.0929529,-0.04712,0.03236259659052865,32.848592268688876,5.778896725043308
PART-PIER-1,455,Pier/C3D8R,0.0,15.0,85.0,-1.4741734e-14,-0.09736276,-0.015059264,-1.49401e-13,-0.0929529,-0.04712,0.03236259659052865,32.848592268688876,5.778896725043308
PART-PIER-2,758,Pier/C3D8R,-4.41667,-15.0,85.0,-7.320606e-05,0.09739655,-0.015070083,-9.51017e-05,0.0929465,-0.0470687,0.032306576951671,32.78006143657872,5.711977885856031
PART-PIER-2,836,Pier/C3D8R,4.41667,-15.0,85.0,7.320606e-05,0.09739655,-0.015070083,9.51017e-05,0.0929465,-0.0470687,0.032306576951671,32.78006143657872,5.711977885856031
PART-PIER-1,758,Pier/C3D8R,-4.41667,15.0,85.0,-7.320606e-05,-0.09739655,-0.015070083,-9.51017e-05,-0.0929465,-0.0470687,0.032306576951671,32.78006143657872,5.711977885856031
PART-PIER-1,836,Pier/C3D8R,4.41667,15.0,85.0,7.320606e-05,-0.09739655,-0.015070083,9.51017e-05,-0.0929465,-0.0470687,0.032306576951671,32.78006143657872,5.711977885856031
PART-PIER-2,409,Pier/C3D8R,-4.16667,-20.0,100.0,0.00015854696,0.12241332,-0.006975619,0.000259594,0.122042,-0.0392767,0.03230337324205095,26.346010398076245,4.562979093215596
PART-PIER-2,569,Pier/C3D8R,4.16667,-20.0,100.0,-0.00015854696,0.12241332,-0.006975619,-0.000259594,0.122042,-0.0392767,0.03230337324205095,26.346010398076245,4.562979093215596
PART-PIER-1,331,Pier/C3D8R,-4.16667,20.0,100.0,0.00015854696,-0.12241332,-0.006975619,0.000259594,-0.122042,-0.0392767,0.03230337324205095,26.346010398076245,4.562979093215596
PART-PIER-1,647,Pier/C3D8R,4.16667,20.0,100.0,-0.00015854696,-0.12241332,-0.006975619,-0.000259594,-0.122042,-0.0392767,0.03230337324205095,26.346010398076245,4.562979093215596
PART-PIER-2,759,Pier/C3D8R,-8.83333,-15.0,85.0,-9.128729e-05,0.09723043,-0.015078816,-0.000464989,0.0928016,-0.0470661,0.032294589730071085,32.822119423730385,5.755355318027366
PART-PIER-2,837,Pier/C3D8R,8.83333,-15.0,85.0,9.128729e-05,0.09723043,-0.015078816,0.000464989,0.0928016,-0.0470661,0.032294589730071085,32.822119423730385,5.755355318027366
PART-PIER-1,759,Pier/C3D8R,-8.83333,15.0,85.0,-9.128729e-05,-0.09723043,-0.015078816,-0.000464989,-0.0928016,-0.0470661,0.032294589730071085,32.822119423730385,5.755355318027366
PART-PIER-1,837,Pier/C3D8R,8.83333,15.0,85.0,9.128729e-05,-0.09723043,-0.015078816,0.000464989,-0.0928016,-0.0470661,0.032294589730071085,32.822119423730385,5.755355318027366
PART-PIER-2,171,Pier/C3D8R,0.0,-20.0,100.0,-2.9373097e-15,0.12247607,-0.0067550265,-5.10121e-14,0.121763,-0.0390067,0.03225955536543401,26.299505770448622,4.2361145698090175
PART-PIER-1,73,Pier/C3D8R,0.0,20.0,100.0,-1.7260394e-14,-0.12247607,-0.0067550265,-2.38656e-13,-0.121763,-0.0390067,0.03225955536543401,26.299505770448622,4.2361145698090175
PART-PIER-2,410,Pier/C3D8R,-8.33333,-20.0,100.0,0.00016043884,0.12220144,-0.0071982695,5.70425e-05,0.121386,-0.0394231,0.03223531191023992,26.333163062299647,4.259338398898578
PART-PIER-2,570,Pier/C3D8R,8.33333,-20.0,100.0,-0.00016043884,0.12220144,-0.0071982695,-5.70425e-05,0.121386,-0.0394231,0.03223531191023992,26.333163062299647,4.259338398898578
PART-PIER-1,332,Pier/C3D8R,-8.33333,20.0,100.0,0.00016043884,-0.12220144,-0.0071982695,5.70425e-05,-0.121386,-0.0394231,0.03223531191023992,26.333163062299647,4.259338398898578
PART-PIER-1,648,Pier/C3D8R,8.33333,20.0,100.0,-0.00016043884,-0.12220144,-0.0071982695,-5.70425e-05,-0.121386,-0.0394231,0.03223531191023992,26.333163062299647,4.259338398898578
PART-PIER-2,78,Pier/C3D8R,0.0,-10.0,75.0,8.1293934e-16,0.082768954,-0.021548375,-2.27877e-14,0.0765557,-0.0531365,0.03219338699615405,37.64077431851245,8.957808147279
PART-PIER-1,166,Pier/C3D8R,0.0,10.0,75.0,-1.3562766e-14,-0.082768954,-0.021548375,-8.2776e-14,-0.0765557,-0.0531365,0.03219338699615405,37.64077431851245,8.957808147279
PART-FLOOR-1,311,Floor/S4R,60.0,-5.0,0.0,-0.0041032825,-0.00019786149,-0.354397,-0.00283218,-7.17508e-05,-0.322268,0.03215438145061478,9.072374041096303,9.068416761627104
PART-FLOOR-1,313,Floor/S4R,60.0,5.0,0.0,-0.0041032825,0.00019786149,-0.354397,-0.00283218,7.17508e-05,-0.322268,0.03215438145061478,9.072374041096303,9.068416761627104
PART-FLOOR-1,374,Floor/S4R,-60.0,-5.0,0.0,0.0041032825,-0.00019786149,-0.354397,0.00283218,-7.17508e-05,-0.322268,0.03215438145061478,9.072374041096303,9.068416761627104
PART-FLOOR-1,376,Floor/S4R,-60.0,5.0,0.0,0.0041032825,0.00019786149,-0.354397,0.00283218,7.17508e-05,-0.322268,0.03215438145061478,9.072374041096303,9.068416761627104
PART-PIER-2,494,Pier/C3D8R,-13.25,-15.0,85.0,-0.00044382655,0.09697932,-0.0150266625,-0.000967924,0.0925078,-0.0468542,0.032144382286200535,32.75440441629765,5.669231298017761
PART-PIER-2,693,Pier/C3D8R,13.25,-15.0,85.0,0.00044382655,0.09697932,-0.0150266625,0.000967924,0.0925078,-0.0468542,0.032144382286200535,32.75440441629765,5.669231298017761
PART-PIER-1,494,Pier/C3D8R,-13.25,15.0,85.0,-0.00044382655,-0.09697932,-0.0150266625,-0.000967924,-0.0925078,-0.0468542,0.032144382286200535,32.75440441629765,5.669231298017761
PART-PIER-1,693,Pier/C3D8R,13.25,15.0,85.0,0.00044382655,-0.09697932,-0.0150266625,0.000967924,-0.0925078,-0.0468542,0.032144382286200535,32.75440441629765,5.669231298017761
PART-PIER-2,322,Pier/C3D8R,-9.16667,-10.0,75.0,-0.0002846379,0.08255135,-0.02148551,-0.000769111,0.0762229,-0.0529876,0.03213511580740334,37.672165525955116,8.830142116725744
PART-PIER-2,638,Pier/C3D8R,9.16667,-10.0,75.0,0.0002846379,0.08255135,-0.02148551,0.000769111,0.0762229,-0.0529876,0.03213511580740334,37.672165525955116,8.830142116725744
PART-PIER-1,400,Pier/C3D8R,-9.16667,10.0,75.0,-0.0002846379,-0.08255135,-0.02148551,-0.000769111,-0.0762229,-0.0529876,0.03213511580740334,37.672165525955116,8.830142116725744
PART-PIER-1,560,Pier/C3D8R,9.16667,10.0,75.0,0.0002846379,-0.08255135,-0.02148551,0.000769111,-0.0762229,-0.0529876,0.03213511580740334,37.672165525955116,8.830142116725744
PART-PIER-2,112,Pier/C3D8R,-12.5,-20.0,100.0,-0.00022306421,0.12192523,-0.0071470705,-0.000807951,0.121645,-0.0392497,0.03210918003039453,26.289967015869998,4.657304626862384
PART-PIER-2,220,Pier/C3D8R,12.5,-20.0,100.0,0.00022306421,0.12192523,-0.0071470705,0.000807951,0.121645,-0.0392497,0.03210918003039453,26.289967015869998,4.657304626862384
PART-PIER-1,54,Pier/C3D8R,-12.5,20.0,100.0,-0.00022306421,-0.12192523,-0.0071470705,-0.000807951,-0.121645,-0.0392497,0.03210918003039453,26.289967015869998,4.657304626862384
PART-PIER-1,239,Pier/C3D8R,12.5,20.0,100.0,0.00022306421,-0.12192523,-0.0071470705,0.000807951,-0.121645,-0.0392497,0.03210918003039453,26.289967015869998,4.657304626862384
PART-PIER-2,321,Pier/C3D8R,-4.58333,-10.0,75.0,-0.00029566235,0.082683966,-0.02131237,-0.000601769,0.0764953,-0.0527628,0.03205499704142289,37.54083227655325,8.832748489680323
PART-PIER-2,637,Pier/C3D8R,4.58333,-10.0,75.0,0.00029566235,0.082683966,-0.02131237,0.000601769,0.0764953,-0.0527628,0.03205499704142289,37.54083227655325,8.832748489680323
PART-PIER-1,399,Pier/C3D8R,-4.58333,10.0,75.0,-0.00029566235,-0.082683966,-0.02131237,-0.000601769,-0.0764953,-0.0527628,0.03205499704142289,37.54083227655325,8.832748489680323
PART-PIER-1,559,Pier/C3D8R,4.58333,10.0,75.0,0.00029566235,-0.082683966,-0.02131237,0.000601769,-0.0764953,-0.0527628,0.03205499704142289,37.54083227655325,8.832748489680323
PART-PIER-2,49,Pier/C3D8R,-13.75,-10.0,75.0,-0.0007237063,0.082408376,-0.021266017,-0.00134693,0.0760375,-0.0525629,0.03194481733088024,37.533058534332945,8.618673888772582
PART-PIER-2,244,Pier/C3D8R,13.75,-10.0,75.0,0.0007237063,0.082408376,-0.021266017,0.00134693,0.0760375,-0.0525629,0.03194481733088024,37.533058534332945,8.618673888772582
PART-PIER-1,117,Pier/C3D8R,-13.75,10.0,75.0,-0.0007237063,-0.082408376,-0.021266017,-0.00134693,-0.0760375,-0.0525629,0.03194481733088024,37.533058534332945,8.618673888772582
PART-PIER-1,215,Pier/C3D8R,13.75,10.0,75.0,0.0007237063,-0.082408376,-0.021266017,0.00134693,-0.0760375,-0.0525629,0.03194481733088024,37.533058534332945,8.618673888772582
PART-PIER-2,407,Pier/C3D8R,-4.25,-20.0,95.0,-8.210453e-05,0.11352281,-0.0074211312,-0.000348044,0.111372,-0.0391671,0.03181985610445744,27.969775785022712,3.774231853488915
PART-PIER-2,567,Pier/C3D8R,4.25,-20.0,95.0,8.210453e-05,0.11352281,-0.0074211312,0.000348044,0.111372,-0.0391671,0.03181985610445744,27.969775785022712,3.774231853488915
PART-PIER-1,329,Pier/C3D8R,-4.25,20.0,95.0,-8.210453e-05,-0.11352281,-0.0074211312,-0.000348044,-0.111372,-0.0391671,0.03181985610445744,27.969775785022712,3.774231853488915
PART-PIER-1,645,Pier/C3D8R,4.25,20.0,95.0,8.210453e-05,-0.11352281,-0.0074211312,0.000348044,-0.111372,-0.0391671,0.03181985610445744,27.969775785022712,3.774231853488915
PART-PIER-2,170,Pier/C3D8R,0.0,-20.0,95.0,-2.534664e-15,0.113537565,-0.0075096763,-5.07944e-14,0.1117,-0.0392629,0.03180634937353651,27.95286547150151,4.054950038131818
PART-PIER-1,74,Pier/C3D8R,0.0,20.0,95.0,-1.6308776e-14,-0.113537565,-0.0075096763,-2.28149e-13,-0.1117,-0.0392629,0.03180634937353651,27.95286547150151,4.054950038131818
PART-SUPPORTBEAM-2,196,SupportBeam/B31,-84.61539,10.0,-30.0,-0.009307747,0.0026235653,-0.24813698,0.0173867,-0.000189127,-0.231076,0.03180537340090018,12.807944799685716,6.683202263733653
PART-SUPPORTBEAM-2,220,SupportBeam/B31,84.61539,10.0,-30.0,0.009307747,0.0026235653,-0.24813698,-0.0173867,-0.000189127,-0.231076,0.03180537340090018,12.807944799685716,6.683202263733653
PART-SUPPORTBEAM-1,196,SupportBeam/B31,-84.61539,-10.0,-30.0,-0.009307747,-0.0026235653,-0.24813698,0.0173867,0.000189127,-0.231076,0.03180537340090018,12.807944799685716,6.683202263733653
PART-SUPPORTBEAM-1,220,SupportBeam/B31,84.61539,-10.0,-30.0,0.009307747,-0.0026235653,-0.24813698,-0.0173867,0.000189127,-0.231076,0.03180537340090018,12.807944799685716,6.683202263733653
PART-PIER-2,756,Pier/C3D8R,-4.5,-15.0,80.0,-0.00010704878,0.08973487,-0.0147620365,-0.000408828,0.0842675,-0.0460844,0.031797384493707274,34.96482788613909,5.61412892133857
PART-PIER-2,834,Pier/C3D8R,4.5,-15.0,80.0,0.00010704878,0.08973487,-0.0147620365,0.000408828,0.0842675,-0.0460844,0.031797384493707274,34.96482788613909,5.61412892133857
PART-PIER-1,756,Pier/C3D8R,-4.5,15.0,80.0,-0.00010704878,-0.08973487,-0.0147620365,-0.000408828,-0.0842675,-0.0460844,0.031797384493707274,34.96482788613909,5.61412892133857
PART-PIER-1,834,Pier/C3D8R,4.5,15.0,80.0,0.00010704878,-0.08973487,-0.0147620365,0.000408828,-0.0842675,-0.0460844,0.031797384493707274,34.96482788613909,5.61412892133857
PART-PIER-2,454,Pier/C3D8R,0.0,-15.0,80.0,-7.1338867e-16,0.08984958,-0.014728701,-3.38647e-14,0.0843773,-0.0460504,0.0317961424805746,34.922093354173626,5.576137789962887
PART-PIER-1,454,Pier/C3D8R,0.0,15.0,80.0,-1.3977704e-14,-0.08984958,-0.014728701,-1.39826e-13,-0.0843773,-0.0460504,0.0317961424805746,34.922093354173626,5.576137789962887
PART-PIER-2,113,Pier/C3D8R,-12.75,-20.0,95.0,0.00023557807,0.1133605,-0.0072557423,0.000135951,0.110934,-0.0389531,0.03179025499999687,27.98617481551753,3.505139323745748
PART-PIER-2,219,Pier/C3D8R,12.75,-20.0,95.0,-0.00023557807,0.1133605,-0.0072557423,-0.000135951,0.110934,-0.0389531,0.03179025499999687,27.98617481551753,3.505139323745748
PART-PIER-1,53,Pier/C3D8R,-12.75,20.0,95.0,0.00023557807,-0.1133605,-0.0072557423,0.000135951,-0.110934,-0.0389531,0.03179025499999687,27.98617481551753,3.505139323745748
PART-PIER-1,240,Pier/C3D8R,12.75,20.0,95.0,-0.00023557807,-0.1133605,-0.0072557423,-0.000135951,-0.110934,-0.0389531,0.03179025499999687,27.98617481551753,3.505139323745748
PART-PIER-2,408,Pier/C3D8R,-8.5,-20.0,95.0,-6.0228173e-05,0.11346208,-0.007208579,-0.000342983,0.111571,-0.0389057,0.031754741591567597,27.93077876950583,3.9312351275019135
PART-PIER-2,568,Pier/C3D8R,8.5,-20.0,95.0,6.0228173e-05,0.11346208,-0.007208579,0.000342983,0.111571,-0.0389057,0.031754741591567597,27.93077876950583,3.9312351275019135
PART-PIER-1,330,Pier/C3D8R,-8.5,20.0,95.0,-6.0228173e-05,-0.11346208,-0.007208579,-0.000342983,-0.111571,-0.0389057,0.031754741591567597,27.93077876950583,3.9312351275019135
PART-PIER-1,646,Pier/C3D8R,8.5,20.0,95.0,6.0228173e-05,-0.11346208,-0.007208579,0.000342983,-0.111571,-0.0389057,0.031754741591567597,27.93077876950583,3.9312351275019135
PART-PIER-2,757,Pier/C3D8R,-9.0,-15.0,80.0,-0.00026989775,0.08964788,-0.014682399,-0.000608757,0.0840638,-0.0459281,0.03174256772882609,34.942359978920926,5.450421709881189
PART-PIER-2,835,Pier/C3D8R,9.0,-15.0,80.0,0.00026989775,0.08964788,-0.014682399,0.000608757,0.0840638,-0.0459281,0.03174256772882609,34.942359978920926,5.450421709881189
PART-PIER-1,757,Pier/C3D8R,-9.0,15.0,80.0,-0.00026989775,-0.08964788,-0.014682399,-0.000608757,-0.0840638,-0.0459281,0.03174256772882609,34.942359978920926,5.450421709881189
PART-PIER-1,835,Pier/C3D8R,9.0,15.0,80.0,0.00026989775,-0.08964788,-0.014682399,0.000608757,-0.0840638,-0.0459281,0.03174256772882609,34.942359978920926,5.450421709881189
PART-PIER-2,493,Pier/C3D8R,-13.5,-15.0,80.0,-0.00017338256,0.08947202,-0.014683436,-0.000717004,0.0838075,-0.0458797,0.03171102645229454,34.97447939383537,5.379545472205854
PART-PIER-2,692,Pier/C3D8R,13.5,-15.0,80.0,0.00017338256,0.08947202,-0.014683436,0.000717004,0.0838075,-0.0458797,0.03171102645229454,34.97447939383537,5.379545472205854
PART-PIER-1,493,Pier/C3D8R,-13.5,15.0,80.0,-0.00017338256,-0.08947202,-0.014683436,-0.000717004,-0.0838075,-0.0458797,0.03171102645229454,34.97447939383537,5.379545472205854
PART-PIER-1,692,Pier/C3D8R,13.5,15.0,80.0,0.00017338256,-0.08947202,-0.014683436,0.000717004,-0.0838075,-0.0458797,0.03171102645229454,34.97447939383537,5.379545472205854
PART-PIER-2,169,Pier/C3D8R,0.0,-20.0,90.0,-2.541541e-15,0.1053944,-0.0072028916,-4.67284e-14,0.101881,-0.038626,0.031618913976892864,29.930746762745773,3.1400103308026157
PART-PIER-1,75,Pier/C3D8R,0.0,20.0,90.0,-1.5346143e-14,-0.1053944,-0.0072028916,-2.14873e-13,-0.101881,-0.038626,0.031618913976892864,29.930746762745773,3.1400103308026157
PART-PIER-2,406,Pier/C3D8R,-8.66667,-20.0,90.0,7.902571e-05,0.10517929,-0.0073168743,-0.000110321,0.101636,-0.0386669,0.03155019599925408,29.924257202381828,3.138834472862294
PART-PIER-2,566,Pier/C3D8R,8.66667,-20.0,90.0,-7.902571e-05,0.10517929,-0.0073168743,0.000110321,0.101636,-0.0386669,0.03155019599925408,29.924257202381828,3.138834472862294
PART-PIER-1,328,Pier/C3D8R,-8.66667,20.0,90.0,7.902571e-05,-0.10517929,-0.0073168743,-0.000110321,-0.101636,-0.0386669,0.03155019599925408,29.924257202381828,3.138834472862294
PART-PIER-1,644,Pier/C3D8R,8.66667,20.0,90.0,-7.902571e-05,-0.10517929,-0.0073168743,0.000110321,-0.101636,-0.0386669,0.03155019599925408,29.924257202381828,3.138834472862294
PART-PIER-2,405,Pier/C3D8R,-4.33333,-20.0,90.0,7.495601e-05,0.10533374,-0.0071923626,8.3245e-05,0.102058,-0.0385532,0.03153145514695118,29.865261943791115,3.332225243739605
PART-PIER-2,565,Pier/C3D8R,4.33333,-20.0,90.0,-7.495601e-05,0.10533374,-0.0071923626,-8.3245e-05,0.102058,-0.0385532,0.03153145514695118,29.865261943791115,3.332225243739605
PART-PIER-1,327,Pier/C3D8R,-4.33333,20.0,90.0,7.495601e-05,-0.10533374,-0.0071923626,8.3245e-05,-0.102058,-0.0385532,0.03153145514695118,29.865261943791115,3.332225243739605
PART-PIER-1,643,Pier/C3D8R,4.33333,20.0,90.0,-7.495601e-05,-0.10533374,-0.0071923626,-8.3245e-05,-0.102058,-0.0385532,0.03153145514695118,29.865261943791115,3.332225243739605
PART-PIER-2,319,Pier/C3D8R,-4.66667,-10.0,70.0,-0.00013845762,0.07579528,-0.020820541,-0.000329484,0.0687171,-0.0515071,0.031492888505990316,40.06573638330326,9.256042653734484
PART-PIER-2,635,Pier/C3D8R,4.66667,-10.0,70.0,0.00013845762,0.07579528,-0.020820541,0.000329484,0.0687171,-0.0515071,0.031492888505990316,40.06573638330326,9.256042653734484
PART-PIER-1,397,Pier/C3D8R,-4.66667,10.0,70.0,-0.00013845762,-0.07579528,-0.020820541,-0.000329484,-0.0687171,-0.0515071,0.031492888505990316,40.06573638330326,9.256042653734484
PART-PIER-1,557,Pier/C3D8R,4.66667,10.0,70.0,0.00013845762,-0.07579528,-0.020820541,0.000329484,-0.0687171,-0.0515071,0.031492888505990316,40.06573638330326,9.256042653734484
PART-PIER-2,21,Pier/C3D8R,-3.33333,-20.0,150.0,-0.0022069712,0.22988835,0.0037585278,-0.00509018,0.252042,-0.0183449,0.03142703647843224,13.668108687294856,9.929266963858463
PART-PIER-2,189,Pier/C3D8R,3.33333,-20.0,150.0,0.0022069712,0.22988835,0.0037585278,0.00509018,0.252042,-0.0183449,0.03142703647843224,13.668108687294856,9.929266963858463
PART-PIER-1,23,Pier/C3D8R,-3.33333,20.0,150.0,-0.0022069712,-0.22988835,0.0037585278,-0.00509018,-0.252042,-0.0183449,0.03142703647843224,13.668108687294856,9.929266963858463
PART-PIER-1,187,Pier/C3D8R,3.33333,20.0,150.0,0.0022069712,-0.22988835,0.0037585278,0.00509018,-0.252042,-0.0183449,0.03142703647843224,13.668108687294856,9.929266963858463
PART-PIER-2,79,Pier/C3D8R,0.0,-10.0,70.0,9.309464e-16,0.07580782,-0.020607106,-2.03051e-14,0.0687312,-0.051227,0.03142700207139771,40.00445404655864,9.117746087311597
PART-PIER-1,165,Pier/C3D8R,0.0,10.0,70.0,-1.2611977e-14,-0.07580782,-0.020607106,-7.54697e-14,-0.0687312,-0.051227,0.03142700207139771,40.00445404655864,9.117746087311597
PART-PIER-2,114,Pier/C3D8R,-13.0,-20.0,90.0,-0.00010613991,0.10486444,-0.0072193835,-0.000637731,0.101601,-0.0384194,0.03137472962944605,29.848654842207516,3.3407061980306763
PART-PIER-2,218,Pier/C3D8R,13.0,-20.0,90.0,0.00010613991,0.10486444,-0.0072193835,0.000637731,0.101601,-0.0384194,0.03137472962944605,29.848654842207516,3.3407061980306763
PART-PIER-1,52,Pier/C3D8R,-13.0,20.0,90.0,-0.00010613991,-0.10486444,-0.0072193835,-0.000637731,-0.101601,-0.0384194,0.03137472962944605,29.848654842207516,3.3407061980306763
PART-PIER-1,241,Pier/C3D8R,13.0,20.0,90.0,0.00010613991,-0.10486444,-0.0072193835,0.000637731,-0.101601,-0.0384194,0.03137472962944605,29.848654842207516,3.3407061980306763
PART-PIER-2,320,Pier/C3D8R,-9.33333,-10.0,70.0,-0.0004937288,0.07565979,-0.020569578,-0.000956001,0.0685892,-0.0511145,0.031356007375319274,39.991019651474566,9.103938090604172
PART-PIER-2,636,Pier/C3D8R,9.33333,-10.0,70.0,0.0004937288,0.07565979,-0.020569578,0.000956001,0.0685892,-0.0511145,0.031356007375319274,39.991019651474566,9.103938090604172
PART-PIER-1,398,Pier/C3D8R,-9.33333,10.0,70.0,-0.0004937288,-0.07565979,-0.020569578,-0.000956001,-0.0685892,-0.0511145,0.031356007375319274,39.991019651474566,9.103938090604172
PART-PIER-1,558,Pier/C3D8R,9.33333,10.0,70.0,0.0004937288,-0.07565979,-0.020569578,0.000956001,-0.0685892,-0.0511145,0.031356007375319274,39.991019651474566,9.103938090604172
PART-PIER-2,48,Pier/C3D8R,-14.0,-10.0,70.0,-0.00053756573,0.075369336,-0.020667912,-0.00134446,0.0682157,-0.0511734,0.03134342649586351,40.10489387315652,9.127635762316645
PART-PIER-2,245,Pier/C3D8R,14.0,-10.0,70.0,0.00053756573,0.075369336,-0.020667912,0.00134446,0.0682157,-0.0511734,0.03134342649586351,40.10489387315652,9.127635762316645
PART-PIER-1,118,Pier/C3D8R,-14.0,10.0,70.0,-0.00053756573,-0.075369336,-0.020667912,-0.00134446,-0.0682157,-0.0511734,0.03134342649586351,40.10489387315652,9.127635762316645
PART-PIER-1,214,Pier/C3D8R,14.0,10.0,70.0,0.00053756573,-0.075369336,-0.020667912,0.00134446,-0.0682157,-0.0511734,0.03134342649586351,40.10489387315652,9.127635762316645
PART-PIER-2,453,Pier/C3D8R,0.0,-15.0,75.0,-6.7224574e-16,0.08252314,-0.014419683,-3.11301e-14,0.0760521,-0.0450572,0.031313444502431995,37.378708192490144,5.519368242967373
PART-PIER-1,453,Pier/C3D8R,0.0,15.0,75.0,-1.29063655e-14,-0.08252314,-0.014419683,-1.30728e-13,-0.0760521,-0.0450572,0.031313444502431995,37.378708192490144,5.519368242967373
PART-PIER-2,754,Pier/C3D8R,-4.58333,-15.0,75.0,-0.000102159094,0.08254629,-0.0143323,-0.000203947,0.0760453,-0.0449523,0.03130267770907,37.36234409152072,5.4389804865420635
PART-PIER-2,832,Pier/C3D8R,4.58333,-15.0,75.0,0.000102159094,0.08254629,-0.0143323,0.000203947,0.0760453,-0.0449523,0.03130267770907,37.36234409152072,5.4389804865420635
PART-PIER-1,754,Pier/C3D8R,-4.58333,15.0,75.0,-0.000102159094,-0.08254629,-0.0143323,-0.000203947,-0.0760453,-0.0449523,0.03130267770907,37.36234409152072,5.4389804865420635
PART-PIER-1,832,Pier/C3D8R,4.58333,15.0,75.0,0.000102159094,-0.08254629,-0.0143323,0.000203947,-0.0760453,-0.0449523,0.03130267770907,37.36234409152072,5.4389804865420635
PART-PIER-2,755,Pier/C3D8R,-9.16667,-15.0,75.0,-0.00015605753,0.08237572,-0.014369661,-0.000572037,0.0759078,-0.044937,0.031246907712392635,37.367834112016695,5.493785352949493
PART-PIER-2,833,Pier/C3D8R,9.16667,-15.0,75.0,0.00015605753,0.08237572,-0.014369661,0.000572037,0.0759078,-0.044937,0.031246907712392635,37.367834112016695,5.493785352949493
PART-PIER-1,755,Pier/C3D8R,-9.16667,15.0,75.0,-0.00015605753,-0.08237572,-0.014369661,-0.000572037,-0.0759078,-0.044937,0.031246907712392635,37.367834112016695,5.493785352949493
PART-PIER-1,833,Pier/C3D8R,9.16667,15.0,75.0,0.00015605753,-0.08237572,-0.014369661,0.000572037,-0.0759078,-0.044937,0.031246907712392635,37.367834112016695,5.493785352949493
PART-PIER-2,403,Pier/C3D8R,-4.41667,-20.0,85.0,-4.3423886e-05,0.097276,-0.007382614,-0.000284508,0.0926114,-0.0382294,0.031198410556305897,31.980082589042407,2.7023101185535636
PART-PIER-2,563,Pier/C3D8R,4.41667,-20.0,85.0,4.3423886e-05,0.097276,-0.007382614,0.000284508,0.0926114,-0.0382294,0.031198410556305897,31.980082589042407,2.7023101185535636
PART-PIER-1,325,Pier/C3D8R,-4.41667,20.0,85.0,-4.3423886e-05,-0.097276,-0.007382614,-0.000284508,-0.0926114,-0.0382294,0.031198410556305897,31.980082589042407,2.7023101185535636
PART-PIER-1,641,Pier/C3D8R,4.41667,20.0,85.0,4.3423886e-05,-0.097276,-0.007382614,0.000284508,-0.0926114,-0.0382294,0.031198410556305897,31.980082589042407,2.7023101185535636
PART-PIER-2,492,Pier/C3D8R,-13.75,-15.0,75.0,-0.0004063132,0.08212492,-0.01425031,-0.00100518,0.0755631,-0.0446991,0.03115357019060002,37.3754197721496,5.33475777583082
PART-PIER-2,691,Pier/C3D8R,13.75,-15.0,75.0,0.0004063132,0.08212492,-0.01425031,0.00100518,0.0755631,-0.0446991,0.03115357019060002,37.3754197721496,5.33475777583082
PART-PIER-1,492,Pier/C3D8R,-13.75,15.0,75.0,-0.0004063132,-0.08212492,-0.01425031,-0.00100518,-0.0755631,-0.0446991,0.03115357019060002,37.3754197721496,5.33475777583082
PART-PIER-1,691,Pier/C3D8R,13.75,15.0,75.0,0.0004063132,-0.08212492,-0.01425031,0.00100518,-0.0755631,-0.0446991,0.03115357019060002,37.3754197721496,5.33475777583082
PART-PIER-2,115,Pier/C3D8R,-13.25,-20.0,85.0,9.05317e-05,0.09705803,-0.0073090033,-0.000196732,0.0921745,-0.0380507,0.031128496617874573,31.981478761077963,2.452290223455495
PART-PIER-2,217,Pier/C3D8R,13.25,-20.0,85.0,-9.05317e-05,0.09705803,-0.0073090033,0.000196732,0.0921745,-0.0380507,0.031128496617874573,31.981478761077963,2.452290223455495
PART-PIER-1,51,Pier/C3D8R,-13.25,20.0,85.0,9.05317e-05,-0.09705803,-0.0073090033,-0.000196732,-0.0921745,-0.0380507,0.031128496617874573,31.981478761077963,2.452290223455495
PART-PIER-1,242,Pier/C3D8R,13.25,20.0,85.0,-9.05317e-05,-0.09705803,-0.0073090033,0.000196732,-0.0921745,-0.0380507,0.031128496617874573,31.981478761077963,2.452290223455495
PART-PIER-2,168,Pier/C3D8R,0.0,-20.0,85.0,-2.4466972e-15,0.09730579,-0.0073459307,-4.51593e-14,0.0928687,-0.0381442,0.03111625233770003,31.887064681642013,2.8841271978374374
PART-PIER-1,76,Pier/C3D8R,0.0,20.0,85.0,-1.4502502e-14,-0.09730579,-0.0073459307,-2.03278e-13,-0.0928687,-0.0381442,0.03111625233770003,31.887064681642013,2.8841271978374374
PART-PIER-2,404,Pier/C3D8R,-8.83333,-20.0,85.0,-3.663979e-05,0.097158834,-0.0072555053,-0.000349392,0.0926138,-0.0379932,0.031073477814310132,31.893336533291766,2.745761997535251
PART-PIER-2,564,Pier/C3D8R,8.83333,-20.0,85.0,3.663979e-05,0.097158834,-0.0072555053,0.000349392,0.0926138,-0.0379932,0.031073477814310132,31.893336533291766,2.745761997535251
PART-PIER-1,326,Pier/C3D8R,-8.83333,20.0,85.0,-3.663979e-05,-0.097158834,-0.0072555053,-0.000349392,-0.0926138,-0.0379932,0.031073477814310132,31.893336533291766,2.745761997535251
PART-PIER-1,642,Pier/C3D8R,8.83333,20.0,85.0,3.663979e-05,-0.097158834,-0.0072555053,0.000349392,-0.0926138,-0.0379932,0.031073477814310132,31.893336533291766,2.745761997535251
PART-PIER-2,167,Pier/C3D8R,0.0,-20.0,80.0,-2.1774926e-15,0.089774325,-0.0073391437,-4.22495e-14,0.083971,-0.0377021,0.03091258152162861,34.31916470900607,2.1901887595308973
PART-PIER-1,77,Pier/C3D8R,0.0,20.0,80.0,-1.3531155e-14,-0.089774325,-0.0073391437,-1.9168e-13,-0.083971,-0.0377021,0.03091258152162861,34.31916470900607,2.1901887595308973
PART-PIER-2,402,Pier/C3D8R,-9.0,-20.0,80.0,1.795506e-05,0.0896034,-0.00732059,-0.000249504,0.0838031,-0.037611,0.03084191875365208,34.30617320422711,2.1740454288925144
PART-PIER-2,562,Pier/C3D8R,9.0,-20.0,80.0,-1.795506e-05,0.0896034,-0.00732059,0.000249504,0.0838031,-0.037611,0.03084191875365208,34.30617320422711,2.1740454288925144
PART-PIER-1,324,Pier/C3D8R,-9.0,20.0,80.0,1.795506e-05,-0.0896034,-0.00732059,-0.000249504,-0.0838031,-0.037611,0.03084191875365208,34.30617320422711,2.1740454288925144
PART-PIER-1,640,Pier/C3D8R,9.0,20.0,80.0,-1.795506e-05,-0.0896034,-0.00732059,0.000249504,-0.0838031,-0.037611,0.03084191875365208,34.30617320422711,2.1740454288925144
PART-PIER-2,401,Pier/C3D8R,-4.5,-20.0,80.0,2.8464889e-05,0.08972537,-0.007273408,-3.39547e-05,0.0840871,-0.0375453,0.030792554782896053,34.20646464956532,2.298166050193421
PART-PIER-2,561,Pier/C3D8R,4.5,-20.0,80.0,-2.8464889e-05,0.08972537,-0.007273408,3.39547e-05,0.0840871,-0.0375453,0.030792554782896053,34.20646464956532,2.298166050193421
PART-PIER-1,323,Pier/C3D8R,-4.5,20.0,80.0,2.8464889e-05,-0.08972537,-0.007273408,-3.39547e-05,-0.0840871,-0.0375453,0.030792554782896053,34.20646464956532,2.298166050193421
PART-PIER-1,639,Pier/C3D8R,4.5,20.0,80.0,-2.8464889e-05,-0.08972537,-0.007273408,3.39547e-05,-0.0840871,-0.0375453,0.030792554782896053,34.20646464956532,2.298166050193421
PART-PIER-2,80,Pier/C3D8R,0.0,-10.0,65.0,8.424427e-16,0.06929056,-0.02005072,-1.91689e-14,0.0615969,-0.0498504,0.030776831095777227,42.666605817527525,9.854474768596667
PART-PIER-1,164,Pier/C3D8R,0.0,10.0,65.0,-1.1702875e-14,-0.06929056,-0.02005072,-6.99418e-14,-0.0615969,-0.0498504,0.030776831095777227,42.666605817527525,9.854474768596667
PART-PIER-2,452,Pier/C3D8R,0.0,-15.0,70.0,-6.045188e-16,0.07569498,-0.01390844,-2.96517e-14,0.0684285,-0.0438089,0.03077075299374391,39.98166288607915,5.57228987398356
PART-PIER-1,452,Pier/C3D8R,0.0,15.0,70.0,-1.2155732e-14,-0.07569498,-0.01390844,-1.21501e-13,-0.0684285,-0.0438089,0.03077075299374391,39.98166288607915,5.57228987398356
PART-PIER-2,752,Pier/C3D8R,-4.66667,-15.0,70.0,-0.00011197833,0.07559053,-0.013992628,-0.000400804,0.0683187,-0.0438537,0.030735102941193075,39.98072732315988,5.604765670021534
PART-PIER-2,830,Pier/C3D8R,4.66667,-15.0,70.0,0.00011197833,0.07559053,-0.013992628,0.000400804,0.0683187,-0.0438537,0.030735102941193075,39.98072732315988,5.604765670021534
PART-PIER-1,752,Pier/C3D8R,-4.66667,15.0,70.0,-0.00011197833,-0.07559053,-0.013992628,-0.000400804,-0.0683187,-0.0438537,0.030735102941193075,39.98072732315988,5.604765670021534
PART-PIER-1,830,Pier/C3D8R,4.66667,15.0,70.0,0.00011197833,-0.07559053,-0.013992628,0.000400804,-0.0683187,-0.0438537,0.030735102941193075,39.98072732315988,5.604765670021534
PART-PIER-2,318,Pier/C3D8R,-9.5,-10.0,65.0,-0.0003713976,0.06909085,-0.020001585,-0.000930255,0.0612524,-0.0496983,0.030718862312710406,42.7073415316578,9.669244130816564
PART-PIER-2,634,Pier/C3D8R,9.5,-10.0,65.0,0.0003713976,0.06909085,-0.020001585,0.000930255,0.0612524,-0.0496983,0.030718862312710406,42.7073415316578,9.669244130816564
PART-PIER-1,396,Pier/C3D8R,-9.5,10.0,65.0,-0.0003713976,-0.06909085,-0.020001585,-0.000930255,-0.0612524,-0.0496983,0.030718862312710406,42.7073415316578,9.669244130816564
PART-PIER-1,556,Pier/C3D8R,9.5,10.0,65.0,0.0003713976,-0.06909085,-0.020001585,0.000930255,-0.0612524,-0.0496983,0.030718862312710406,42.7073415316578,9.669244130816564
PART-PIER-2,317,Pier/C3D8R,-4.75,-10.0,65.0,-0.00025994208,0.069221295,-0.019827235,-0.000557699,0.0614449,-0.0495408,0.030715743900948552,42.65756897747609,9.617979514996772
PART-PIER-2,633,Pier/C3D8R,4.75,-10.0,65.0,0.00025994208,0.069221295,-0.019827235,0.000557699,0.0614449,-0.0495408,0.030715743900948552,42.65756897747609,9.617979514996772
PART-PIER-1,395,Pier/C3D8R,-4.75,10.0,65.0,-0.00025994208,-0.069221295,-0.019827235,-0.000557699,-0.0614449,-0.0495408,0.030715743900948552,42.65756897747609,9.617979514996772
PART-PIER-1,555,Pier/C3D8R,4.75,10.0,65.0,0.00025994208,-0.069221295,-0.019827235,0.000557699,-0.0614449,-0.0495408,0.030715743900948552,42.65756897747609,9.617979514996772
PART-PIER-2,753,Pier/C3D8R,-9.33333,-15.0,70.0,-0.00026217254,0.07549572,-0.013885234,-0.000674076,0.0680904,-0.0436892,0.030712942192045293,40.01037771703578,5.395664668391332
PART-PIER-2,831,Pier/C3D8R,9.33333,-15.0,70.0,0.00026217254,0.07549572,-0.013885234,0.000674076,0.0680904,-0.0436892,0.030712942192045293,40.01037771703578,5.395664668391332
PART-PIER-1,753,Pier/C3D8R,-9.33333,15.0,70.0,-0.00026217254,-0.07549572,-0.013885234,-0.000674076,-0.0680904,-0.0436892,0.030712942192045293,40.01037771703578,5.395664668391332
PART-PIER-1,831,Pier/C3D8R,9.33333,15.0,70.0,0.00026217254,-0.07549572,-0.013885234,0.000674076,-0.0680904,-0.0436892,0.030712942192045293,40.01037771703578,5.395664668391332
PART-PIER-2,116,Pier/C3D8R,-13.5,-20.0,80.0,-6.642364e-05,0.089286596,-0.0072283163,-0.000605294,0.0836069,-0.0373462,0.03065348669375196,34.21960332777879,2.2238630498501304
PART-PIER-2,216,Pier/C3D8R,13.5,-20.0,80.0,6.642364e-05,0.089286596,-0.0072283163,0.000605294,0.0836069,-0.0373462,0.03065348669375196,34.21960332777879,2.2238630498501304
PART-PIER-1,50,Pier/C3D8R,-13.5,20.0,80.0,-6.642364e-05,-0.089286596,-0.0072283163,-0.000605294,-0.0836069,-0.0373462,0.03065348669375196,34.21960332777879,2.2238630498501304
PART-PIER-1,243,Pier/C3D8R,13.5,20.0,80.0,6.642364e-05,-0.089286596,-0.0072283163,0.000605294,-0.0836069,-0.0373462,0.03065348669375196,34.21960332777879,2.2238630498501304
PART-PIER-2,491,Pier/C3D8R,-14.0,-15.0,70.0,-0.0002700793,0.075303316,-0.013916809,-0.000908013,0.06786,-0.0436198,0.030628052285895237,39.995378587211746,5.349041328600486
PART-PIER-2,690,Pier/C3D8R,14.0,-15.0,70.0,0.0002700793,0.075303316,-0.013916809,0.000908013,0.06786,-0.0436198,0.030628052285895237,39.995378587211746,5.349041328600486
PART-PIER-1,491,Pier/C3D8R,-14.0,15.0,70.0,-0.0002700793,-0.075303316,-0.013916809,-0.000908013,-0.06786,-0.0436198,0.030628052285895237,39.995378587211746,5.349041328600486
PART-PIER-1,690,Pier/C3D8R,14.0,15.0,70.0,0.0002700793,-0.075303316,-0.013916809,0.000908013,-0.06786,-0.0436198,0.030628052285895237,39.995378587211746,5.349041328600486
PART-PIER-2,47,Pier/C3D8R,-14.25,-10.0,65.0,-0.00068780675,0.06892809,-0.019755894,-0.0014071,0.060989,-0.0492875,0.03058859731577817,42.65793812723989,9.372837523254823
PART-PIER-2,246,Pier/C3D8R,14.25,-10.0,65.0,0.00068780675,0.06892809,-0.019755894,0.0014071,0.060989,-0.0492875,0.03058859731577817,42.65793812723989,9.372837523254823
PART-PIER-1,119,Pier/C3D8R,-14.25,10.0,65.0,-0.00068780675,-0.06892809,-0.019755894,-0.0014071,-0.060989,-0.0492875,0.03058859731577817,42.65793812723989,9.372837523254823
PART-PIER-1,213,Pier/C3D8R,14.25,10.0,65.0,0.00068780675,-0.06892809,-0.019755894,0.0014071,-0.060989,-0.0492875,0.03058859731577817,42.65793812723989,9.372837523254823
PART-PIER-2,399,Pier/C3D8R,-4.58333,-20.0,75.0,-3.319722e-05,0.08244653,-0.007296426,-0.000269137,0.0757397,-0.0370373,0.03048863431694773,36.835915786242495,1.8632385506044618
PART-PIER-2,559,Pier/C3D8R,4.58333,-20.0,75.0,3.319722e-05,0.08244653,-0.007296426,0.000269137,0.0757397,-0.0370373,0.03048863431694773,36.835915786242495,1.8632385506044618
PART-PIER-1,321,Pier/C3D8R,-4.58333,20.0,75.0,-3.319722e-05,-0.08244653,-0.007296426,-0.000269137,-0.0757397,-0.0370373,0.03048863431694773,36.835915786242495,1.8632385506044618
PART-PIER-1,637,Pier/C3D8R,4.58333,20.0,75.0,3.319722e-05,-0.08244653,-0.007296426,0.000269137,-0.0757397,-0.0370373,0.03048863431694773,36.835915786242495,1.8632385506044618
PART-PIER-2,166,Pier/C3D8R,0.0,-20.0,75.0,-1.9608256e-15,0.08248749,-0.0072516883,-4.02438e-14,0.0759504,-0.0369384,0.03039793409472126,36.70998300264478,1.9937231750646118
PART-PIER-1,78,Pier/C3D8R,0.0,20.0,75.0,-1.2683952e-14,-0.08248749,-0.0072516883,-1.79416e-13,-0.0759504,-0.0369384,0.03039793409472126,36.70998300264478,1.9937231750646118
PART-PIER-2,117,Pier/C3D8R,-13.75,-20.0,75.0,1.3970481e-06,0.082178175,-0.0072480002,-0.000431366,0.0752874,-0.0368482,0.030394767512786566,36.84339843823998,1.6061832639788491
PART-PIER-2,215,Pier/C3D8R,13.75,-20.0,75.0,-1.3970481e-06,0.082178175,-0.0072480002,0.000431366,0.0752874,-0.0368482,0.030394767512786566,36.84339843823998,1.6061832639788491
PART-PIER-1,49,Pier/C3D8R,-13.75,20.0,75.0,1.3970481e-06,-0.082178175,-0.0072480002,-0.000431366,-0.0752874,-0.0368482,0.030394767512786566,36.84339843823998,1.6061832639788491
PART-PIER-1,244,Pier/C3D8R,13.75,20.0,75.0,-1.3970481e-06,-0.082178175,-0.0072480002,0.000431366,-0.0752874,-0.0368482,0.030394767512786566,36.84339843823998,1.6061832639788491
PART-PIER-2,400,Pier/C3D8R,-9.16667,-20.0,75.0,-3.480348e-05,0.08230128,-0.007224393,-0.000388547,0.0756281,-0.0368271,0.03034759838139076,36.73253731426157,1.8170202260413468
PART-PIER-2,560,Pier/C3D8R,9.16667,-20.0,75.0,3.480348e-05,0.08230128,-0.007224393,0.000388547,0.0756281,-0.0368271,0.03034759838139076,36.73253731426157,1.8170202260413468
PART-PIER-1,322,Pier/C3D8R,-9.16667,20.0,75.0,-3.480348e-05,-0.08230128,-0.007224393,-0.000388547,-0.0756281,-0.0368271,0.03034759838139076,36.73253731426157,1.8170202260413468
PART-PIER-1,638,Pier/C3D8R,9.16667,20.0,75.0,3.480348e-05,-0.08230128,-0.007224393,0.000388547,-0.0756281,-0.0368271,0.03034759838139076,36.73253731426157,1.8170202260413468
PART-PIER-2,750,Pier/C3D8R,-4.75,-15.0,65.0,-0.00011753879,0.069075964,-0.013520419,-0.000285672,0.0609991,-0.0426018,0.03018262284358273,42.88107218510321,5.706622229117183
PART-PIER-2,828,Pier/C3D8R,4.75,-15.0,65.0,0.00011753879,0.069075964,-0.013520419,0.000285672,0.0609991,-0.0426018,0.03018262284358273,42.88107218510321,5.706622229117183
PART-PIER-1,750,Pier/C3D8R,-4.75,15.0,65.0,-0.00011753879,-0.069075964,-0.013520419,-0.000285672,-0.0609991,-0.0426018,0.03018262284358273,42.88107218510321,5.706622229117183
PART-PIER-1,828,Pier/C3D8R,4.75,15.0,65.0,0.00011753879,-0.069075964,-0.013520419,0.000285672,-0.0609991,-0.0426018,0.03018262284358273,42.88107218510321,5.706622229117183
PART-PIER-2,451,Pier/C3D8R,0.0,-15.0,65.0,-3.8541577e-16,0.06906776,-0.013630194,-2.67814e-14,0.0610123,-0.0427021,0.030167302734656877,42.8513788708739,5.7832927731318335
PART-PIER-1,451,Pier/C3D8R,0.0,15.0,65.0,-1.1296434e-14,-0.06906776,-0.013630194,-1.12523e-13,-0.0610123,-0.0427021,0.030167302734656877,42.8513788708739,5.7832927731318335
PART-PIER-2,165,Pier/C3D8R,0.0,-20.0,70.0,-1.788196e-15,0.07558983,-0.007274393,-3.75473e-14,0.0679733,-0.0363991,0.03010415398374033,39.64252160392057,1.5360856338877125
PART-PIER-1,79,Pier/C3D8R,0.0,20.0,70.0,-1.1719589e-14,-0.07558983,-0.007274393,-1.67999e-13,-0.0679733,-0.0363991,0.03010415398374033,39.64252160392057,1.5360856338877125
PART-PIER-2,751,Pier/C3D8R,-9.5,-15.0,65.0,-0.0002084749,0.068905674,-0.013570174,-0.000672011,0.0608778,-0.0425713,0.030095297571942285,42.85277623179379,5.780483926510685
PART-PIER-2,829,Pier/C3D8R,9.5,-15.0,65.0,0.0002084749,0.068905674,-0.013570174,0.000672011,0.0608778,-0.0425713,0.030095297571942285,42.85277623179379,5.780483926510685
PART-PIER-1,751,Pier/C3D8R,-9.5,15.0,65.0,-0.0002084749,-0.068905674,-0.013570174,-0.000672011,-0.0608778,-0.0425713,0.030095297571942285,42.85277623179379,5.780483926510685
PART-PIER-1,829,Pier/C3D8R,9.5,15.0,65.0,0.0002084749,-0.068905674,-0.013570174,0.000672011,-0.0608778,-0.0425713,0.030095297571942285,42.85277623179379,5.780483926510685
PART-PIER-2,490,Pier/C3D8R,-14.25,-15.0,65.0,-0.00039914224,0.068655506,-0.013430172,-0.00108598,0.0604868,-0.0423296,0.030039581264561296,42.93951447359707,5.542247042350899
PART-PIER-2,689,Pier/C3D8R,14.25,-15.0,65.0,0.00039914224,0.068655506,-0.013430172,0.00108598,0.0604868,-0.0423296,0.030039581264561296,42.93951447359707,5.542247042350899
PART-PIER-1,490,Pier/C3D8R,-14.25,15.0,65.0,-0.00039914224,-0.068655506,-0.013430172,-0.00108598,-0.0604868,-0.0423296,0.030039581264561296,42.93951447359707,5.542247042350899
PART-PIER-1,689,Pier/C3D8R,14.25,15.0,65.0,0.00039914224,-0.068655506,-0.013430172,0.00108598,-0.0604868,-0.0423296,0.030039581264561296,42.93951447359707,5.542247042350899
PART-PIER-2,398,Pier/C3D8R,-9.33333,-20.0,70.0,-2.5575677e-05,0.07543023,-0.0072223027,-0.000365616,0.0678378,-0.036278,0.030033217714980076,39.63462342526879,1.523708402648215
PART-PIER-2,558,Pier/C3D8R,9.33333,-20.0,70.0,2.5575677e-05,0.07543023,-0.0072223027,0.000365616,0.0678378,-0.036278,0.030033217714980076,39.63462342526879,1.523708402648215
PART-PIER-1,320,Pier/C3D8R,-9.33333,20.0,70.0,-2.5575677e-05,-0.07543023,-0.0072223027,-0.000365616,-0.0678378,-0.036278,0.030033217714980076,39.63462342526879,1.523708402648215
PART-PIER-1,636,Pier/C3D8R,9.33333,20.0,70.0,2.5575677e-05,-0.07543023,-0.0072223027,0.000365616,-0.0678378,-0.036278,0.030033217714980076,39.63462342526879,1.523708402648215
PART-PIER-2,81,Pier/C3D8R,0.0,-10.0,60.0,8.7603435e-16,0.06303977,-0.01911779,-1.70467e-14,0.0545821,-0.0479009,0.029999993385015942,45.540855812415025,10.2396474831994
PART-PIER-1,163,Pier/C3D8R,0.0,10.0,60.0,-1.0879872e-14,-0.06303977,-0.01911779,-6.2445e-14,-0.0545821,-0.0479009,0.029999993385015942,45.540855812415025,10.2396474831994
PART-PIER-2,315,Pier/C3D8R,-4.83333,-10.0,60.0,-0.00018740821,0.06301246,-0.019297656,-0.000442921,0.05466,-0.0481019,0.02999188802408061,45.51019046443322,10.487363056915093
PART-PIER-2,631,Pier/C3D8R,4.83333,-10.0,60.0,0.00018740821,0.06301246,-0.019297656,0.000442921,0.05466,-0.0481019,0.02999188802408061,45.51019046443322,10.487363056915093
PART-PIER-1,393,Pier/C3D8R,-4.83333,10.0,60.0,-0.00018740821,-0.06301246,-0.019297656,-0.000442921,-0.05466,-0.0481019,0.02999188802408061,45.51019046443322,10.487363056915093
PART-PIER-1,553,Pier/C3D8R,4.83333,10.0,60.0,0.00018740821,-0.06301246,-0.019297656,0.000442921,-0.05466,-0.0481019,0.02999188802408061,45.51019046443322,10.487363056915093
PART-PIER-2,397,Pier/C3D8R,-4.66667,-20.0,70.0,9.1217566e-07,0.07554481,-0.0072232727,-0.000119399,0.0680479,-0.0362575,0.029986738556154354,39.51376199733064,1.6014928797939618
PART-PIER-2,557,Pier/C3D8R,4.66667,-20.0,70.0,-9.1217566e-07,0.07554481,-0.0072232727,0.000119399,0.0680479,-0.0362575,0.029986738556154354,39.51376199733064,1.6014928797939618
PART-PIER-1,635,Pier/C3D8R,4.66667,20.0,70.0,-9.1217566e-07,-0.07554481,-0.0072232727,0.000119399,-0.0680479,-0.0362575,0.029986738556154354,39.51376199733064,1.6014928797939618
PART-PIER-1,319,Pier/C3D8R,-4.66667,20.0,70.0,9.121756e-07,-0.07554481,-0.0072232727,-0.000119399,-0.0680479,-0.0362575,0.029986738556154115,39.51376199733032,1.6014928797939618
PART-PIER-2,316,Pier/C3D8R,-9.66667,-10.0,60.0,-0.00047325564,0.06286988,-0.01907075,-0.000982686,0.0544446,-0.0477778,0.02992222555346761,45.543462286195734,10.261743804631365
PART-PIER-2,632,Pier/C3D8R,9.66667,-10.0,60.0,0.00047325564,0.06286988,-0.01907075,0.000982686,0.0544446,-0.0477778,0.02992222555346761,45.543462286195734,10.261743804631365
PART-PIER-1,394,Pier/C3D8R,-9.66667,10.0,60.0,-0.00047325564,-0.06286988,-0.01907075,-0.000982686,-0.0544446,-0.0477778,0.02992222555346761,45.543462286195734,10.261743804631365
PART-PIER-1,554,Pier/C3D8R,9.66667,10.0,60.0,0.00047325564,-0.06286988,-0.01907075,0.000982686,-0.0544446,-0.0477778,0.02992222555346761,45.543462286195734,10.261743804631365
PART-PIER-2,118,Pier/C3D8R,-14.0,-20.0,70.0,-7.026749e-05,0.07512407,-0.0071560717,-0.000653729,0.0675488,-0.0360273,0.02985419512325315,39.5607572669852,1.450399741333236
PART-PIER-2,214,Pier/C3D8R,14.0,-20.0,70.0,7.026749e-05,0.07512407,-0.0071560717,0.000653729,0.0675488,-0.0360273,0.02985419512325315,39.5607572669852,1.450399741333236
PART-PIER-1,48,Pier/C3D8R,-14.0,20.0,70.0,-7.026749e-05,-0.07512407,-0.0071560717,-0.000653729,-0.0675488,-0.0360273,0.02985419512325315,39.5607572669852,1.450399741333236
PART-PIER-1,245,Pier/C3D8R,14.0,20.0,70.0,7.026749e-05,-0.07512407,-0.0071560717,0.000653729,-0.0675488,-0.0360273,0.02985419512325315,39.5607572669852,1.450399741333236
PART-PIER-2,46,Pier/C3D8R,-14.5,-10.0,60.0,-0.0006322873,0.06258538,-0.019157173,-0.00152885,0.054131,-0.0477651,0.029844494519035838,45.59559942382286,10.317527672738661
PART-PIER-2,247,Pier/C3D8R,14.5,-10.0,60.0,0.0006322873,0.06258538,-0.019157173,0.00152885,0.054131,-0.0477651,0.029844494519035838,45.59559942382286,10.317527672738661
PART-PIER-1,120,Pier/C3D8R,-14.5,10.0,60.0,-0.0006322873,-0.06258538,-0.019157173,-0.00152885,-0.054131,-0.0477651,0.029844494519035838,45.59559942382286,10.317527672738661
PART-PIER-1,212,Pier/C3D8R,14.5,10.0,60.0,0.0006322873,-0.06258538,-0.019157173,0.00152885,-0.054131,-0.0477651,0.029844494519035838,45.59559942382286,10.317527672738661
PART-PIER-2,395,Pier/C3D8R,-4.75,-20.0,65.0,-3.6130637e-05,0.06898256,-0.0071507036,-0.000277887,0.0607014,-0.035593,0.02962431909074205,42.71576054688674,1.4641198104930557
PART-PIER-2,555,Pier/C3D8R,4.75,-20.0,65.0,3.6130637e-05,0.06898256,-0.0071507036,0.000277887,0.0607014,-0.035593,0.02962431909074205,42.71576054688674,1.4641198104930557
PART-PIER-1,317,Pier/C3D8R,-4.75,20.0,65.0,-3.6130637e-05,-0.06898256,-0.0071507036,-0.000277887,-0.0607014,-0.035593,0.02962431909074205,42.71576054688674,1.4641198104930557
PART-PIER-1,633,Pier/C3D8R,4.75,20.0,65.0,3.6130637e-05,-0.06898256,-0.0071507036,0.000277887,-0.0607014,-0.035593,0.02962431909074205,42.71576054688674,1.4641198104930557
PART-PIER-2,450,Pier/C3D8R,0.0,-15.0,60.0,-3.0585079e-16,0.0628974,-0.013075763,-2.49824e-14,0.054308,-0.0413788,0.029577689155567393,46.040913057405135,6.278523120789181
PART-PIER-1,450,Pier/C3D8R,0.0,15.0,60.0,-1.04941055e-14,-0.0628974,-0.013075763,-1.04212e-13,-0.054308,-0.0413788,0.029577689155567393,46.040913057405135,6.278523120789181
PART-PIER-2,164,Pier/C3D8R,0.0,-20.0,65.0,-1.7332576e-15,0.06902743,-0.0071334443,-3.55804e-14,0.0608839,-0.0355347,0.029545700299665984,42.576095687453204,1.5852601378358977
PART-PIER-1,80,Pier/C3D8R,0.0,20.0,65.0,-1.07929734e-14,-0.06902743,-0.0071334443,-1.56326e-13,-0.0608839,-0.0355347,0.029545700299665984,42.576095687453204,1.5852601378358977
PART-PIER-2,749,Pier/C3D8R,-9.66667,-15.0,60.0,-0.00026737934,0.06269951,-0.013043933,-0.000752143,0.0539393,-0.0412304,0.029520386125392154,46.09497972165054,6.018134563181847
PART-PIER-2,827,Pier/C3D8R,9.66667,-15.0,60.0,0.00026737934,0.06269951,-0.013043933,0.000752143,0.0539393,-0.0412304,0.029520386125392154,46.09497972165054,6.018134563181847
PART-PIER-1,749,Pier/C3D8R,-9.66667,15.0,60.0,-0.00026737934,-0.06269951,-0.013043933,-0.000752143,-0.0539393,-0.0412304,0.029520386125392154,46.09497972165054,6.018134563181847
PART-PIER-1,827,Pier/C3D8R,9.66667,15.0,60.0,0.00026737934,-0.06269951,-0.013043933,0.000752143,-0.0539393,-0.0412304,0.029520386125392154,46.09497972165054,6.018134563181847
PART-PIER-2,748,Pier/C3D8R,-4.83333,-15.0,60.0,-0.00012537737,0.062805295,-0.013160445,-0.000412987,0.054201,-0.041397,0.02951981791973519,46.00291671639929,6.28556892679239
PART-PIER-2,826,Pier/C3D8R,4.83333,-15.0,60.0,0.00012537737,0.062805295,-0.013160445,0.000412987,0.054201,-0.041397,0.02951981791973519,46.00291671639929,6.28556892679239
PART-PIER-1,748,Pier/C3D8R,-4.83333,15.0,60.0,-0.00012537737,-0.062805295,-0.013160445,-0.000412987,-0.054201,-0.041397,0.02951981791973519,46.00291671639929,6.28556892679239
PART-PIER-1,826,Pier/C3D8R,4.83333,15.0,60.0,0.00012537737,-0.062805295,-0.013160445,0.000412987,-0.054201,-0.041397,0.02951981791973519,46.00291671639929,6.28556892679239
PART-PIER-2,119,Pier/C3D8R,-14.25,-20.0,65.0,-5.8753507e-05,0.06867754,-0.007094429,-0.000615797,0.0602363,-0.03537,0.029513941545763325,42.74717520586948,1.177154978535724
PART-PIER-2,213,Pier/C3D8R,14.25,-20.0,65.0,5.8753507e-05,0.06867754,-0.007094429,0.000615797,0.0602363,-0.03537,0.029513941545763325,42.74717520586948,1.177154978535724
PART-PIER-1,47,Pier/C3D8R,-14.25,20.0,65.0,-5.8753507e-05,-0.06867754,-0.007094429,-0.000615797,-0.0602363,-0.03537,0.029513941545763325,42.74717520586948,1.177154978535724
PART-PIER-1,246,Pier/C3D8R,14.25,20.0,65.0,5.8753507e-05,-0.06867754,-0.007094429,0.000615797,-0.0602363,-0.03537,0.029513941545763325,42.74717520586948,1.177154978535724
PART-SUPPORTBEAM-2,96,SupportBeam/B31,-76.66666,10.0,-14.0,-0.007906394,0.001316391,-0.25634688,-0.000694522,-0.000129712,-0.227768,0.02951024726574471,11.506218732829655,11.191491773451606
PART-SUPPORTBEAM-2,231,SupportBeam/B31,76.66666,10.0,-14.0,0.007906394,0.001316391,-0.25634688,0.000694522,-0.000129712,-0.227768,0.02951024726574471,11.506218732829655,11.191491773451606
PART-SUPPORTBEAM-1,96,SupportBeam/B31,-76.66666,-10.0,-14.0,-0.007906394,-0.001316391,-0.25634688,-0.000694522,0.000129712,-0.227768,0.02951024726574471,11.506218732829655,11.191491773451606
PART-SUPPORTBEAM-1,231,SupportBeam/B31,76.66666,-10.0,-14.0,0.007906394,-0.001316391,-0.25634688,0.000694522,0.000129712,-0.227768,0.02951024726574471,11.506218732829655,11.191491773451606
PART-PIER-2,396,Pier/C3D8R,-9.5,-20.0,65.0,-4.907876e-05,0.06882849,-0.007108974,-0.000452678,0.0605215,-0.035404,0.029491989955703304,42.62177169073074,1.334060891119755
PART-PIER-2,556,Pier/C3D8R,9.5,-20.0,65.0,4.907876e-05,0.06882849,-0.007108974,0.000452678,0.0605215,-0.035404,0.029491989955703304,42.62177169073074,1.334060891119755
PART-PIER-1,318,Pier/C3D8R,-9.5,20.0,65.0,-4.907876e-05,-0.06882849,-0.007108974,-0.000452678,-0.0605215,-0.035404,0.029491989955703304,42.62177169073074,1.334060891119755
PART-PIER-1,634,Pier/C3D8R,9.5,20.0,65.0,4.907876e-05,-0.06882849,-0.007108974,0.000452678,-0.0605215,-0.035404,0.029491989955703304,42.62177169073074,1.334060891119755
PART-PIER-2,489,Pier/C3D8R,-14.5,-15.0,60.0,-0.00034481817,0.06249115,-0.013071094,-0.00107562,0.053736,-0.0411239,0.029396371328973027,46.04372434088118,5.999602073529649
PART-PIER-2,688,Pier/C3D8R,14.5,-15.0,60.0,0.00034481817,0.06249115,-0.013071094,0.00107562,0.053736,-0.0411239,0.029396371328973027,46.04372434088118,5.999602073529649
PART-PIER-1,489,Pier/C3D8R,-14.5,15.0,60.0,-0.00034481817,-0.06249115,-0.013071094,-0.00107562,-0.053736,-0.0411239,0.029396371328973027,46.04372434088118,5.999602073529649
PART-PIER-1,688,Pier/C3D8R,14.5,15.0,60.0,0.00034481817,-0.06249115,-0.013071094,0.00107562,-0.053736,-0.0411239,0.029396371328973027,46.04372434088118,5.999602073529649
PART-PIER-2,313,Pier/C3D8R,-4.91667,-10.0,55.0,-0.00024711227,0.05710059,-0.018330691,-0.000544129,0.0481939,-0.0461427,0.029204882987440322,48.698126987678776,11.260008382053314
PART-PIER-2,629,Pier/C3D8R,4.91667,-10.0,55.0,0.00024711227,0.05710059,-0.018330691,0.000544129,0.0481939,-0.0461427,0.029204882987440322,48.698126987678776,11.260008382053314
PART-PIER-1,391,Pier/C3D8R,-4.91667,10.0,55.0,-0.00024711227,-0.05710059,-0.018330691,-0.000544129,-0.0481939,-0.0461427,0.029204882987440322,48.698126987678776,11.260008382053314
PART-PIER-1,551,Pier/C3D8R,4.91667,10.0,55.0,0.00024711227,-0.05710059,-0.018330691,0.000544129,-0.0481939,-0.0461427,0.029204882987440322,48.698126987678776,11.260008382053314
PART-PIER-2,82,Pier/C3D8R,0.0,-10.0,55.0,1.0143254e-15,0.057161354,-0.018511295,-1.56963e-14,0.0484497,-0.0463779,0.029196585239403272,48.59293600354233,11.625770306672347
PART-PIER-1,162,Pier/C3D8R,0.0,10.0,55.0,-1.0127594e-14,-0.057161354,-0.018511295,-5.72919e-14,-0.0484497,-0.0463779,0.029196585239403272,48.59293600354233,11.625770306672347
PART-PIER-2,314,Pier/C3D8R,-9.83333,-10.0,55.0,-0.0004329366,0.05696521,-0.018458385,-0.00107012,0.0480761,-0.0461984,0.029136415556440032,48.65583640814066,11.35766449842991
PART-PIER-2,630,Pier/C3D8R,9.83333,-10.0,55.0,0.0004329366,0.05696521,-0.018458385,0.00107012,0.0480761,-0.0461984,0.029136415556440032,48.65583640814066,11.35766449842991
PART-PIER-1,392,Pier/C3D8R,-9.83333,10.0,55.0,-0.0004329366,-0.05696521,-0.018458385,-0.00107012,-0.0480761,-0.0461984,0.029136415556440032,48.65583640814066,11.35766449842991
PART-PIER-1,552,Pier/C3D8R,9.83333,10.0,55.0,0.0004329366,-0.05696521,-0.018458385,0.00107012,-0.0480761,-0.0461984,0.029136415556440032,48.65583640814066,11.35766449842991
PART-PIER-2,163,Pier/C3D8R,0.0,-20.0,60.0,-1.6216596e-15,0.062781975,-0.007087641,-3.28091e-14,0.0538049,-0.0348042,0.029134095461436693,46.11227524446744,1.4239053206894785
PART-PIER-1,81,Pier/C3D8R,0.0,20.0,60.0,-9.887902e-15,-0.062781975,-0.007087641,-1.44504e-13,-0.0538049,-0.0348042,0.029134095461436693,46.11227524446744,1.4239053206894785
PART-PIER-2,45,Pier/C3D8R,-14.75,-10.0,55.0,-0.0006881731,0.056779783,-0.018232256,-0.00149767,0.0477277,-0.0458422,0.02906724100345842,48.73849391029903,10.991265572378115
PART-PIER-2,248,Pier/C3D8R,14.75,-10.0,55.0,0.0006881731,0.056779783,-0.018232256,0.00149767,0.0477277,-0.0458422,0.02906724100345842,48.73849391029903,10.991265572378115
PART-PIER-1,121,Pier/C3D8R,-14.75,10.0,55.0,-0.0006881731,-0.056779783,-0.018232256,-0.00149767,-0.0477277,-0.0458422,0.02906724100345842,48.73849391029903,10.991265572378115
PART-PIER-1,211,Pier/C3D8R,14.75,10.0,55.0,0.0006881731,-0.056779783,-0.018232256,0.00149767,-0.0477277,-0.0458422,0.02906724100345842,48.73849391029903,10.991265572378115
PART-PIER-2,394,Pier/C3D8R,-9.66667,-20.0,60.0,-5.832956e-05,0.06261533,-0.007034267,-0.000467418,0.0536909,-0.0346856,0.029058716779196057,46.11818593893711,1.4486186314042282
PART-PIER-2,554,Pier/C3D8R,9.66667,-20.0,60.0,5.832956e-05,0.06261533,-0.007034267,0.000467418,0.0536909,-0.0346856,0.029058716779196057,46.11818593893711,1.4486186314042282
PART-PIER-1,316,Pier/C3D8R,-9.66667,20.0,60.0,-5.832956e-05,-0.06261533,-0.007034267,-0.000467418,-0.0536909,-0.0346856,0.029058716779196057,46.11818593893711,1.4486186314042282
PART-PIER-1,632,Pier/C3D8R,9.66667,20.0,60.0,5.832956e-05,-0.06261533,-0.007034267,0.000467418,-0.0536909,-0.0346856,0.029058716779196057,46.11818593893711,1.4486186314042282
PART-PIER-2,393,Pier/C3D8R,-4.83333,-20.0,60.0,-1.9186082e-05,0.0627357,-0.0070637558,-0.000191857,0.0538558,-0.0347057,0.029033765143567525,45.98889336882481,1.485634944307866
PART-PIER-2,553,Pier/C3D8R,4.83333,-20.0,60.0,1.9186082e-05,0.0627357,-0.0070637558,0.000191857,0.0538558,-0.0347057,0.029033765143567525,45.98889336882481,1.485634944307866
PART-PIER-1,315,Pier/C3D8R,-4.83333,20.0,60.0,-1.9186082e-05,-0.0627357,-0.0070637558,-0.000191857,-0.0538558,-0.0347057,0.029033765143567525,45.98889336882481,1.485634944307866
PART-PIER-1,631,Pier/C3D8R,4.83333,20.0,60.0,1.9186082e-05,-0.0627357,-0.0070637558,0.000191857,-0.0538558,-0.0347057,0.029033765143567525,45.98889336882481,1.485634944307866
PART-PIER-2,120,Pier/C3D8R,-14.5,-20.0,60.0,-9.689989e-05,0.062321085,-0.006992184,-0.000744917,0.0533327,-0.0344544,0.028903015391369358,46.088359342526644,1.2535768453742726
PART-PIER-2,212,Pier/C3D8R,14.5,-20.0,60.0,9.689989e-05,0.062321085,-0.006992184,0.000744917,0.0533327,-0.0344544,0.028903015391369358,46.088359342526644,1.2535768453742726
PART-PIER-1,46,Pier/C3D8R,-14.5,20.0,60.0,-9.689989e-05,-0.062321085,-0.006992184,-0.000744917,-0.0533327,-0.0344544,0.028903015391369358,46.088359342526644,1.2535768453742726
PART-PIER-1,247,Pier/C3D8R,14.5,20.0,60.0,9.689989e-05,-0.062321085,-0.006992184,0.000744917,-0.0533327,-0.0344544,0.028903015391369358,46.088359342526644,1.2535768453742726
PART-PIER-2,746,Pier/C3D8R,-4.91667,-15.0,55.0,-0.00012939436,0.05693892,-0.012649041,-0.000357541,0.047744,-0.0400327,0.02888707989610622,49.525964224427646,6.824329612632039
PART-PIER-2,824,Pier/C3D8R,4.91667,-15.0,55.0,0.00012939436,0.05693892,-0.012649041,0.000357541,0.047744,-0.0400327,0.02888707989610622,49.525964224427646,6.824329612632039
PART-PIER-1,746,Pier/C3D8R,-4.91667,15.0,55.0,-0.00012939436,-0.05693892,-0.012649041,-0.000357541,-0.047744,-0.0400327,0.02888707989610622,49.525964224427646,6.824329612632039
PART-PIER-1,824,Pier/C3D8R,4.91667,15.0,55.0,0.00012939436,-0.05693892,-0.012649041,0.000357541,-0.047744,-0.0400327,0.02888707989610622,49.525964224427646,6.824329612632039
PART-PIER-2,449,Pier/C3D8R,0.0,-15.0,55.0,-3.3805884e-16,0.056946024,-0.012749251,-2.27428e-14,0.0477638,-0.0401013,0.028852171878119972,49.44186995867394,6.871763998616902
PART-PIER-1,449,Pier/C3D8R,0.0,15.0,55.0,-9.5166345e-15,-0.056946024,-0.012749251,-9.5182e-14,-0.0477638,-0.0401013,0.028852171878119972,49.44186995867394,6.871763998616902
PART-PIER-2,747,Pier/C3D8R,-9.83333,-15.0,55.0,-0.00025142694,0.056770783,-0.012692757,-0.000766096,0.0476484,-0.0399788,0.02877517851270187,49.464885005219585,6.928385928377229
PART-PIER-2,825,Pier/C3D8R,9.83333,-15.0,55.0,0.00025142694,0.056770783,-0.012692757,0.000766096,0.0476484,-0.0399788,0.02877517851270187,49.464885005219585,6.928385928377229
PART-PIER-1,747,Pier/C3D8R,-9.83333,15.0,55.0,-0.00025142694,-0.056770783,-0.012692757,-0.000766096,-0.0476484,-0.0399788,0.02877517851270187,49.464885005219585,6.928385928377229
PART-PIER-1,825,Pier/C3D8R,9.83333,15.0,55.0,0.00025142694,-0.056770783,-0.012692757,0.000766096,-0.0476484,-0.0399788,0.02877517851270187,49.464885005219585,6.928385928377229
PART-PIER-2,488,Pier/C3D8R,-14.75,-15.0,55.0,-0.00041224976,0.0565201,-0.012556144,-0.00119125,0.0472048,-0.0397402,0.028746383356433838,49.64878659647127,6.59348663236583
PART-PIER-2,687,Pier/C3D8R,14.75,-15.0,55.0,0.00041224976,0.0565201,-0.012556144,0.00119125,0.0472048,-0.0397402,0.028746383356433838,49.64878659647127,6.59348663236583
PART-PIER-1,488,Pier/C3D8R,-14.75,15.0,55.0,-0.00041224976,-0.0565201,-0.012556144,-0.00119125,-0.0472048,-0.0397402,0.028746383356433838,49.64878659647127,6.59348663236583
PART-PIER-1,687,Pier/C3D8R,14.75,15.0,55.0,0.00041224976,-0.0565201,-0.012556144,0.00119125,-0.0472048,-0.0397402,0.028746383356433838,49.64878659647127,6.59348663236583
PART-PIER-2,391,Pier/C3D8R,-4.91667,-20.0,55.0,-4.4297987e-05,0.05684332,-0.006931739,-0.000297321,0.0474464,-0.033896,0.02855586625209659,49.866680545344494,1.8278540293340801
PART-PIER-2,551,Pier/C3D8R,4.91667,-20.0,55.0,4.4297987e-05,0.05684332,-0.006931739,0.000297321,0.0474464,-0.033896,0.02855586625209659,49.866680545344494,1.8278540293340801
PART-PIER-1,313,Pier/C3D8R,-4.91667,20.0,55.0,-4.4297987e-05,-0.05684332,-0.006931739,-0.000297321,-0.0474464,-0.033896,0.02855586625209659,49.866680545344494,1.8278540293340801
PART-PIER-1,629,Pier/C3D8R,4.91667,20.0,55.0,4.4297987e-05,-0.05684332,-0.006931739,0.000297321,-0.0474464,-0.033896,0.02855586625209659,49.866680545344494,1.8278540293340801
PART-SUPPORTBEAM-2,197,SupportBeam/B31,-88.46154,10.0,-30.0,-0.009411981,0.002618367,-0.24492016,0.0161865,-0.000139396,-0.232652,0.02852008478348425,11.635393026591045,4.855062781708639
PART-SUPPORTBEAM-2,221,SupportBeam/B31,88.46154,10.0,-30.0,0.009411981,0.002618367,-0.24492016,-0.0161865,-0.000139396,-0.232652,0.02852008478348425,11.635393026591045,4.855062781708639
PART-SUPPORTBEAM-1,197,SupportBeam/B31,-88.46154,-10.0,-30.0,-0.009411981,-0.002618367,-0.24492016,0.0161865,0.000139396,-0.232652,0.02852008478348425,11.635393026591045,4.855062781708639
PART-SUPPORTBEAM-1,221,SupportBeam/B31,88.46154,-10.0,-30.0,0.009411981,-0.002618367,-0.24492016,-0.0161865,0.000139396,-0.232652,0.02852008478348425,11.635393026591045,4.855062781708639
PART-PIER-2,162,Pier/C3D8R,0.0,-20.0,55.0,-1.3647428e-15,0.056889076,-0.0069407956,-3.05364e-14,0.047617,-0.0338947,0.02850411120793131,49.73591585275196,1.9849594015212308
PART-PIER-1,82,Pier/C3D8R,0.0,20.0,55.0,-9.162711e-15,-0.056889076,-0.0069407956,-1.34015e-13,-0.047617,-0.0338947,0.02850411120793131,49.73591585275196,1.9849594015212308
PART-PIER-2,392,Pier/C3D8R,-9.83333,-20.0,55.0,-7.277486e-05,0.056688424,-0.0069046076,-0.000533605,0.0472132,-0.0337237,0.028447424337325274,49.81389308072017,1.6031315727474693
PART-PIER-2,552,Pier/C3D8R,9.83333,-20.0,55.0,7.277486e-05,0.056688424,-0.0069046076,0.000533605,0.0472132,-0.0337237,0.028447424337325274,49.81389308072017,1.6031315727474693
PART-PIER-1,314,Pier/C3D8R,-9.83333,20.0,55.0,-7.277486e-05,-0.056688424,-0.0069046076,-0.000533605,-0.0472132,-0.0337237,0.028447424337325274,49.81389308072017,1.6031315727474693
PART-PIER-1,630,Pier/C3D8R,9.83333,20.0,55.0,7.277486e-05,-0.056688424,-0.0069046076,0.000533605,-0.0472132,-0.0337237,0.028447424337325274,49.81389308072017,1.6031315727474693
PART-PIER-2,121,Pier/C3D8R,-14.75,-20.0,55.0,-0.00010560425,0.056510784,-0.006859883,-0.000780085,0.0469761,-0.0336371,0.028432102868536927,49.94596772346506,1.5050754798365413
PART-PIER-2,211,Pier/C3D8R,14.75,-20.0,55.0,0.00010560425,0.056510784,-0.006859883,0.000780085,0.0469761,-0.0336371,0.028432102868536927,49.94596772346506,1.5050754798365413
PART-PIER-1,45,Pier/C3D8R,-14.75,20.0,55.0,-0.00010560425,-0.056510784,-0.006859883,-0.000780085,-0.0469761,-0.0336371,0.028432102868536927,49.94596772346506,1.5050754798365413
PART-PIER-1,248,Pier/C3D8R,14.75,20.0,55.0,0.00010560425,-0.056510784,-0.006859883,0.000780085,-0.0469761,-0.0336371,0.028432102868536927,49.94596772346506,1.5050754798365413
PART-PIER-2,83,Pier/C3D8R,0.0,-10.0,50.0,8.1227516e-16,0.05157229,-0.017592408,-1.38156e-14,0.042177,-0.0443806,0.028388002832410806,52.097341129691365,12.35997119159397
PART-PIER-1,161,Pier/C3D8R,0.0,10.0,50.0,-9.2517555e-15,-0.05157229,-0.017592408,-5.04748e-14,-0.042177,-0.0443806,0.028388002832410806,52.097341129691365,12.35997119159397
PART-PIER-2,312,Pier/C3D8R,-10.0,-10.0,50.0,-0.00047513552,0.05138972,-0.017542526,-0.00102717,0.0420609,-0.0442656,0.028309968362203886,52.1328685819347,12.461636463720223
PART-PIER-2,628,Pier/C3D8R,10.0,-10.0,50.0,0.00047513552,0.05138972,-0.017542526,0.00102717,0.0420609,-0.0442656,0.028309968362203886,52.1328685819347,12.461636463720223
PART-PIER-1,390,Pier/C3D8R,-10.0,10.0,50.0,-0.00047513552,-0.05138972,-0.017542526,-0.00102717,-0.0420609,-0.0442656,0.028309968362203886,52.1328685819347,12.461636463720223
PART-PIER-1,550,Pier/C3D8R,10.0,10.0,50.0,0.00047513552,-0.05138972,-0.017542526,0.00102717,-0.0420609,-0.0442656,0.028309968362203886,52.1328685819347,12.461636463720223
PART-PIER-2,311,Pier/C3D8R,-5.0,-10.0,50.0,-0.00021984086,0.05153564,-0.017721802,-0.000538404,0.0423667,-0.0445,0.02830623308257336,51.93994156571012,12.747079517165785
PART-PIER-2,627,Pier/C3D8R,5.0,-10.0,50.0,0.00021984086,0.05153564,-0.017721802,0.000538404,0.0423667,-0.0445,0.02830623308257336,51.93994156571012,12.747079517165785
PART-PIER-1,389,Pier/C3D8R,-5.0,10.0,50.0,-0.00021984086,-0.05153564,-0.017721802,-0.000538404,-0.0423667,-0.0445,0.02830623308257336,51.93994156571012,12.747079517165785
PART-PIER-1,549,Pier/C3D8R,5.0,10.0,50.0,0.00021984086,-0.05153564,-0.017721802,0.000538404,-0.0423667,-0.0445,0.02830623308257336,51.93994156571012,12.747079517165785
PART-PIER-2,448,Pier/C3D8R,0.0,-15.0,50.0,-8.1674537e-17,0.051411517,-0.012193137,-2.10045e-14,0.0419563,-0.0387451,0.02818524201901516,53.34310852964257,8.085184374708362
PART-PIER-1,448,Pier/C3D8R,0.0,15.0,50.0,-8.84752e-15,-0.051411517,-0.012193137,-8.72665e-14,-0.0419563,-0.0387451,0.02818524201901516,53.34310852964257,8.085184374708362
PART-PIER-2,44,Pier/C3D8R,-15.0,-10.0,50.0,-0.00070027483,0.051112093,-0.017588886,-0.00170157,0.0418159,-0.044145,0.028154022573900695,52.080801377458286,12.525899768374185
PART-PIER-2,249,Pier/C3D8R,15.0,-10.0,50.0,0.00070027483,0.051112093,-0.017588886,0.00170157,0.0418159,-0.044145,0.028154022573900695,52.080801377458286,12.525899768374185
PART-PIER-1,122,Pier/C3D8R,-15.0,10.0,50.0,-0.00070027483,-0.051112093,-0.017588886,-0.00170157,-0.0418159,-0.044145,0.028154022573900695,52.080801377458286,12.525899768374185
PART-PIER-1,210,Pier/C3D8R,15.0,10.0,50.0,0.00070027483,-0.051112093,-0.017588886,0.00170157,-0.0418159,-0.044145,0.028154022573900695,52.080801377458286,12.525899768374185
PART-PIER-2,745,Pier/C3D8R,-10.0,-15.0,50.0,-0.00028220957,0.051213257,-0.012149071,-0.000841856,0.0415451,-0.0385514,0.02812240104485216,53.42876089907534,7.689234322491697
PART-PIER-2,823,Pier/C3D8R,10.0,-15.0,50.0,0.00028220957,0.051213257,-0.012149071,0.000841856,0.0415451,-0.0385514,0.02812240104485216,53.42876089907534,7.689234322491697
PART-PIER-1,745,Pier/C3D8R,-10.0,15.0,50.0,-0.00028220957,-0.051213257,-0.012149071,-0.000841856,-0.0415451,-0.0385514,0.02812240104485216,53.42876089907534,7.689234322491697
PART-PIER-1,823,Pier/C3D8R,10.0,15.0,50.0,0.00028220957,-0.051213257,-0.012149071,0.000841856,-0.0415451,-0.0385514,0.02812240104485216,53.42876089907534,7.689234322491697
PART-PIER-2,744,Pier/C3D8R,-5.0,-15.0,50.0,-0.00014073319,0.05133085,-0.012259089,-0.000433268,0.0418501,-0.0387122,0.028102264655288596,53.24957536509527,8.027273396029033
PART-PIER-2,822,Pier/C3D8R,5.0,-15.0,50.0,0.00014073319,0.05133085,-0.012259089,0.000433268,0.0418501,-0.0387122,0.028102264655288596,53.24957536509527,8.027273396029033
PART-PIER-1,744,Pier/C3D8R,-5.0,15.0,50.0,-0.00014073319,-0.05133085,-0.012259089,-0.000433268,-0.0418501,-0.0387122,0.028102264655288596,53.24957536509527,8.027273396029033
PART-PIER-1,822,Pier/C3D8R,5.0,15.0,50.0,0.00014073319,-0.05133085,-0.012259089,0.000433268,-0.0418501,-0.0387122,0.028102264655288596,53.24957536509527,8.027273396029033
PART-PIER-2,487,Pier/C3D8R,-15.0,-15.0,50.0,-0.00040566424,0.050990447,-0.012155967,-0.00123402,0.0413807,-0.038407,0.027966947352834615,53.35068951818235,7.7261302616297876
PART-PIER-2,686,Pier/C3D8R,15.0,-15.0,50.0,0.00040566424,0.050990447,-0.012155967,0.00123402,0.0413807,-0.038407,0.027966947352834615,53.35068951818235,7.7261302616297876
PART-PIER-1,487,Pier/C3D8R,-15.0,15.0,50.0,-0.00040566424,-0.050990447,-0.012155967,-0.00123402,-0.0413807,-0.038407,0.027966947352834615,53.35068951818235,7.7261302616297876
PART-PIER-1,686,Pier/C3D8R,15.0,15.0,50.0,0.00040566424,-0.050990447,-0.012155967,0.00123402,-0.0413807,-0.038407,0.027966947352834615,53.35068951818235,7.7261302616297876
PART-PIER-2,161,Pier/C3D8R,0.0,-20.0,50.0,-1.444432e-15,0.051292554,-0.006815711,-2.7976e-14,0.0413954,-0.0329454,0.027941265263699794,53.99966429750131,2.2456345447551556
PART-PIER-1,83,Pier/C3D8R,0.0,20.0,50.0,-8.2224775e-15,-0.051292554,-0.006815711,-1.22869e-13,-0.0413954,-0.0329454,0.027941265263699794,53.99966429750131,2.2456345447551556
PART-PIER-2,389,Pier/C3D8R,-5.0,-20.0,50.0,-3.6915746e-05,0.0512437,-0.006810526,-0.00026049,0.0414356,-0.0329047,0.027877495005816568,53.92759166651066,2.3558629179358026
PART-PIER-2,549,Pier/C3D8R,5.0,-20.0,50.0,3.6915746e-05,0.0512437,-0.006810526,0.00026049,0.0414356,-0.0329047,0.027877495005816568,53.92759166651066,2.3558629179358026
PART-PIER-1,311,Pier/C3D8R,-5.0,20.0,50.0,-3.6915746e-05,-0.0512437,-0.006810526,-0.00026049,-0.0414356,-0.0329047,0.027877495005816568,53.92759166651066,2.3558629179358026
PART-PIER-1,627,Pier/C3D8R,5.0,20.0,50.0,3.6915746e-05,-0.0512437,-0.006810526,0.00026049,-0.0414356,-0.0329047,0.027877495005816568,53.92759166651066,2.3558629179358026
PART-PIER-2,390,Pier/C3D8R,-10.0,-20.0,50.0,-8.622953e-05,0.051113512,-0.00676498,-0.000562138,0.0413116,-0.0328458,0.02786598535131966,54.04645609419456,2.369040300930724
PART-PIER-2,550,Pier/C3D8R,10.0,-20.0,50.0,8.622953e-05,0.051113512,-0.00676498,0.000562138,0.0413116,-0.0328458,0.02786598535131966,54.04645609419456,2.369040300930724
PART-PIER-1,312,Pier/C3D8R,-10.0,20.0,50.0,-8.622953e-05,-0.051113512,-0.00676498,-0.000562138,-0.0413116,-0.0328458,0.02786598535131966,54.04645609419456,2.369040300930724
PART-PIER-1,628,Pier/C3D8R,10.0,20.0,50.0,8.622953e-05,-0.051113512,-0.00676498,0.000562138,-0.0413116,-0.0328458,0.02786598535131966,54.04645609419456,2.369040300930724
PART-PIER-2,122,Pier/C3D8R,-15.0,-20.0,50.0,-0.00013467221,0.050828762,-0.0067353146,-0.000855884,0.0408791,-0.0326247,0.027744840903310513,54.11173203551446,2.019564500745783
PART-PIER-2,210,Pier/C3D8R,15.0,-20.0,50.0,0.00013467221,0.050828762,-0.0067353146,0.000855884,0.0408791,-0.0326247,0.027744840903310513,54.11173203551446,2.019564500745783
PART-PIER-1,44,Pier/C3D8R,-15.0,20.0,50.0,-0.00013467221,-0.050828762,-0.0067353146,-0.000855884,-0.0408791,-0.0326247,0.027744840903310513,54.11173203551446,2.019564500745783
PART-PIER-1,249,Pier/C3D8R,15.0,20.0,50.0,0.00013467221,-0.050828762,-0.0067353146,0.000855884,-0.0408791,-0.0326247,0.027744840903310513,54.11173203551446,2.019564500745783
PART-PIER-2,309,Pier/C3D8R,-5.08333,-10.0,45.0,-0.00024747275,0.046270747,-0.016796183,-0.000544358,0.0366713,-0.0425584,0.027494169351201827,55.85344982225169,14.129627034318467
PART-PIER-2,625,Pier/C3D8R,5.08333,-10.0,45.0,0.00024747275,0.046270747,-0.016796183,0.000544358,0.0366713,-0.0425584,0.027494169351201827,55.85344982225169,14.129627034318467
PART-PIER-1,387,Pier/C3D8R,-5.08333,10.0,45.0,-0.00024747275,-0.046270747,-0.016796183,-0.000544358,-0.0366713,-0.0425584,0.027494169351201827,55.85344982225169,14.129627034318467
PART-PIER-1,547,Pier/C3D8R,5.08333,10.0,45.0,0.00024747275,-0.046270747,-0.016796183,0.000544358,-0.0366713,-0.0425584,0.027494169351201827,55.85344982225169,14.129627034318467
PART-FLOOR-1,23,Floor/S4R,200.0,-5.0,0.0,-0.0017048689,8.293409e-05,-0.19777885,-0.0105035,0.00010791,-0.223826,0.027493100155356564,13.900412682160637,13.290170090929312
PART-FLOOR-1,25,Floor/S4R,200.0,5.0,0.0,-0.0017048689,-8.293409e-05,-0.19777885,-0.0105035,-0.00010791,-0.223826,0.027493100155356564,13.900412682160637,13.290170090929312
PART-FLOOR-1,182,Floor/S4R,-200.0,5.0,0.0,0.0017048689,-8.293409e-05,-0.19777885,0.0105035,-0.00010791,-0.223826,0.027493100155356564,13.900412682160637,13.290170090929312
PART-FLOOR-1,184,Floor/S4R,-200.0,-5.0,0.0,0.0017048689,8.293409e-05,-0.19777885,0.0105035,0.00010791,-0.223826,0.027493100155356564,13.900412682160637,13.290170090929312
PART-PIER-2,84,Pier/C3D8R,0.0,-10.0,45.0,8.728056e-16,0.046327047,-0.016927626,-1.25166e-14,0.0370614,-0.042717,0.027403357926365245,55.559196019925,14.659766411656697
PART-PIER-1,160,Pier/C3D8R,0.0,10.0,45.0,-8.557869e-15,-0.046327047,-0.016927626,-4.55924e-14,-0.0370614,-0.042717,0.027403357926365245,55.559196019925,14.659766411656697
PART-PIER-2,19,Pier/C3D8R,0.0,-15.0,150.0,-3.939707e-15,0.23163965,0.02486423,-6.71513e-14,0.252402,0.00700787,0.027384754334704203,11.754612139971968,8.382602713107374
PART-PIER-1,19,Pier/C3D8R,0.0,15.0,150.0,-2.695506e-14,-0.23163965,0.02486423,-2.84355e-13,-0.252402,0.00700787,0.027384754334704203,11.754612139971968,8.382602713107374
PART-PIER-2,742,Pier/C3D8R,-5.08333,-15.0,45.0,-0.0001416113,0.04609096,-0.011722173,-0.000427187,0.0362198,-0.0372556,0.027376582102051367,57.564077857505794,9.258972831447467
PART-PIER-2,820,Pier/C3D8R,5.08333,-15.0,45.0,0.0001416113,0.04609096,-0.011722173,0.000427187,0.0362198,-0.0372556,0.027376582102051367,57.564077857505794,9.258972831447467
PART-PIER-1,742,Pier/C3D8R,-5.08333,15.0,45.0,-0.0001416113,-0.04609096,-0.011722173,-0.000427187,-0.0362198,-0.0372556,0.027376582102051367,57.564077857505794,9.258972831447467
PART-PIER-1,820,Pier/C3D8R,5.08333,15.0,45.0,0.0001416113,-0.04609096,-0.011722173,0.000427187,-0.0362198,-0.0372556,0.027376582102051367,57.564077857505794,9.258972831447467
PART-PIER-2,43,Pier/C3D8R,-15.25,-10.0,45.0,-0.00071178714,0.045921627,-0.016677275,-0.00159832,0.036196,-0.0422296,0.027354982616711966,55.98488091346111,13.877490688924418
PART-PIER-2,250,Pier/C3D8R,15.25,-10.0,45.0,0.00071178714,0.045921627,-0.016677275,0.00159832,0.036196,-0.0422296,0.027354982616711966,55.98488091346111,13.877490688924418
PART-PIER-1,123,Pier/C3D8R,-15.25,10.0,45.0,-0.00071178714,-0.045921627,-0.016677275,-0.00159832,-0.036196,-0.0422296,0.027354982616711966,55.98488091346111,13.877490688924418
PART-PIER-1,209,Pier/C3D8R,15.25,10.0,45.0,0.00071178714,-0.045921627,-0.016677275,0.00159832,-0.036196,-0.0422296,0.027354982616711966,55.98488091346111,13.877490688924418
PART-PIER-2,310,Pier/C3D8R,-10.16667,-10.0,45.0,-0.00047819546,0.046128925,-0.016869342,-0.00120646,0.0366369,-0.0424928,0.02733478567171527,55.65006970443126,14.25123944083923
PART-PIER-2,626,Pier/C3D8R,10.16667,-10.0,45.0,0.00047819546,0.046128925,-0.016869342,0.00120646,0.0366369,-0.0424928,0.02733478567171527,55.65006970443126,14.25123944083923
PART-PIER-1,388,Pier/C3D8R,-10.16667,10.0,45.0,-0.00047819546,-0.046128925,-0.016869342,-0.00120646,-0.0366369,-0.0424928,0.02733478567171527,55.65006970443126,14.25123944083923
PART-PIER-1,548,Pier/C3D8R,10.16667,10.0,45.0,0.00047819546,-0.046128925,-0.016869342,0.00120646,-0.0366369,-0.0424928,0.02733478567171527,55.65006970443126,14.25123944083923
PART-PIER-2,447,Pier/C3D8R,0.0,-15.0,45.0,-8.5317215e-17,0.04611157,-0.011802411,-1.90115e-14,0.0362418,-0.0372673,0.027310674316743284,57.37772399389808,9.214237690027792
PART-PIER-1,447,Pier/C3D8R,0.0,15.0,45.0,-7.905762e-15,-0.04611157,-0.011802411,-7.85449e-14,-0.0362418,-0.0372673,0.027310674316743284,57.37772399389808,9.214237690027792
PART-PIER-2,160,Pier/C3D8R,0.0,-20.0,45.0,-1.2549477e-15,0.046036005,-0.006657228,-2.57479e-14,0.036087,-0.032018,0.02724245688123611,58.56720920829643,3.7160580065220064
PART-PIER-1,84,Pier/C3D8R,0.0,20.0,45.0,-7.555301e-15,-0.046036005,-0.006657228,-1.13312e-13,-0.036087,-0.032018,0.02724245688123611,58.56720920829643,3.7160580065220064
PART-PIER-2,387,Pier/C3D8R,-5.08333,-20.0,45.0,-5.4669676e-05,0.045989584,-0.0066333055,-0.000322256,0.035922,-0.0319431,0.027239925617924845,58.62394135362274,3.4559557589600187
PART-PIER-2,547,Pier/C3D8R,5.08333,-20.0,45.0,5.4669676e-05,0.045989584,-0.0066333055,0.000322256,0.035922,-0.0319431,0.027239925617924845,58.62394135362274,3.4559557589600187
PART-PIER-1,309,Pier/C3D8R,-5.08333,20.0,45.0,-5.4669676e-05,-0.045989584,-0.0066333055,-0.000322256,-0.035922,-0.0319431,0.027239925617924845,58.62394135362274,3.4559557589600187
PART-PIER-1,625,Pier/C3D8R,5.08333,20.0,45.0,5.4669676e-05,-0.045989584,-0.0066333055,0.000322256,-0.035922,-0.0319431,0.027239925617924845,58.62394135362274,3.4559557589600187
PART-PIER-2,743,Pier/C3D8R,-10.16667,-15.0,45.0,-0.00028818488,0.045925062,-0.01174774,-0.000854934,0.0361615,-0.0371688,0.02723744920172344,57.45729898467636,9.407531386958068
PART-PIER-2,821,Pier/C3D8R,10.16667,-15.0,45.0,0.00028818488,0.045925062,-0.01174774,0.000854934,0.0361615,-0.0371688,0.02723744920172344,57.45729898467636,9.407531386958068
PART-PIER-1,743,Pier/C3D8R,-10.16667,15.0,45.0,-0.00028818488,-0.045925062,-0.01174774,-0.000854934,-0.0361615,-0.0371688,0.02723744920172344,57.45729898467636,9.407531386958068
PART-PIER-1,821,Pier/C3D8R,10.16667,15.0,45.0,0.00028818488,-0.045925062,-0.01174774,0.000854934,-0.0361615,-0.0371688,0.02723744920172344,57.45729898467636,9.407531386958068
PART-PIER-2,486,Pier/C3D8R,-15.25,-15.0,45.0,-0.00043897048,0.045672234,-0.011623468,-0.00131128,0.0356486,-0.0369275,0.027231015367071107,57.77833866052232,8.940394203874932
PART-PIER-2,685,Pier/C3D8R,15.25,-15.0,45.0,0.00043897048,0.045672234,-0.011623468,0.00131128,0.0356486,-0.0369275,0.027231015367071107,57.77833866052232,8.940394203874932
PART-PIER-1,486,Pier/C3D8R,-15.25,15.0,45.0,-0.00043897048,-0.045672234,-0.011623468,-0.00131128,-0.0356486,-0.0369275,0.027231015367071107,57.77833866052232,8.940394203874932
PART-PIER-1,685,Pier/C3D8R,15.25,15.0,45.0,0.00043897048,-0.045672234,-0.011623468,0.00131128,-0.0356486,-0.0369275,0.027231015367071107,57.77833866052232,8.940394203874932
PART-FLOOR-1,453,Floor/S4R,-205.0,0.0,0.0,0.0019276461,8.6034883e-16,-0.26641104,0.0097937,1.0166e-13,-0.292449,0.027200186854492502,10.209589986458626,9.832266387488255
PART-FLOOR-1,480,Floor/S4R,205.0,0.0,0.0,-0.0019276461,1.8464888e-15,-0.26641104,-0.0097937,1.18924e-13,-0.292449,0.027200186854492502,10.209589986458626,9.832266387488255
PART-PIER-2,388,Pier/C3D8R,-10.16667,-20.0,45.0,-0.0001010736,0.045835227,-0.0066103837,-0.000626049,0.0356329,-0.0317912,0.02717418968285678,58.679437260695835,3.1265870487609884
PART-PIER-2,548,Pier/C3D8R,10.16667,-20.0,45.0,0.0001010736,0.045835227,-0.0066103837,0.000626049,0.0356329,-0.0317912,0.02717418968285678,58.679437260695835,3.1265870487609884
PART-PIER-1,310,Pier/C3D8R,-10.16667,20.0,45.0,-0.0001010736,-0.045835227,-0.0066103837,-0.000626049,-0.0356329,-0.0317912,0.02717418968285678,58.679437260695835,3.1265870487609884
PART-PIER-1,626,Pier/C3D8R,10.16667,20.0,45.0,0.0001010736,-0.045835227,-0.0066103837,0.000626049,-0.0356329,-0.0317912,0.02717418968285678,58.679437260695835,3.1265870487609884
PART-FLOOR-1,237,Floor/S4R,195.0,0.0,0.0,-0.0027103072,2.683113e-15,-0.2081606,-0.0105133,1.67286e-13,-0.234189,0.027172859680145045,13.052689462095692,12.607763679328254
PART-FLOOR-1,450,Floor/S4R,-195.0,0.0,0.0,0.0027103072,1.2561332e-15,-0.2081606,0.0105133,1.42308e-13,-0.234189,0.027172859680145045,13.052689462095692,12.607763679328254
PART-FLOOR-1,30,Floor/S4R,175.0,10.0,0.0,-0.0074649323,-0.0010916009,-0.3515181,-0.0100001,0.000177113,-0.378535,0.027165227697134753,7.7261948674164875,7.6985589158635275
PART-FLOOR-1,42,Floor/S4R,175.0,-10.0,0.0,-0.0074649323,0.0010916009,-0.3515181,-0.0100001,-0.000177113,-0.378535,0.027165227697134753,7.7261948674164875,7.6985589158635275
PART-FLOOR-1,177,Floor/S4R,-175.0,10.0,0.0,0.0074649323,-0.0010916009,-0.3515181,0.0100001,0.000177113,-0.378535,0.027165227697134753,7.7261948674164875,7.6985589158635275
PART-FLOOR-1,189,Floor/S4R,-175.0,-10.0,0.0,0.0074649323,0.0010916009,-0.3515181,0.0100001,-0.000177113,-0.378535,0.027165227697134753,7.7261948674164875,7.6985589158635275
PART-FLOOR-1,32,Floor/S4R,165.0,10.0,0.0,-0.008237143,-0.0005725533,-0.32655925,-0.00943097,0.000183603,-0.35365,0.027127582472798024,8.304439375832928,8.29971613206915
PART-FLOOR-1,40,Floor/S4R,165.0,-10.0,0.0,-0.008237143,0.0005725533,-0.32655925,-0.00943097,-0.000183603,-0.35365,0.027127582472798024,8.304439375832928,8.29971613206915
PART-FLOOR-1,175,Floor/S4R,-165.0,10.0,0.0,0.008237143,-0.0005725533,-0.32655925,0.00943097,0.000183603,-0.35365,0.027127582472798024,8.304439375832928,8.29971613206915
PART-FLOOR-1,191,Floor/S4R,-165.0,-10.0,0.0,0.008237143,0.0005725533,-0.32655925,0.00943097,-0.000183603,-0.35365,0.027127582472798024,8.304439375832928,8.29971613206915
PART-PIER-2,123,Pier/C3D8R,-15.25,-20.0,45.0,-0.0001476793,0.04563398,-0.006547909,-0.000941191,0.0354588,-0.0316618,0.0271085128697669,58.80168122180951,3.134455496994882
PART-PIER-2,209,Pier/C3D8R,15.25,-20.0,45.0,0.0001476793,0.04563398,-0.006547909,0.000941191,0.0354588,-0.0316618,0.0271085128697669,58.80168122180951,3.134455496994882
PART-PIER-1,43,Pier/C3D8R,-15.25,20.0,45.0,-0.0001476793,-0.04563398,-0.006547909,-0.000941191,-0.0354588,-0.0316618,0.0271085128697669,58.80168122180951,3.134455496994882
PART-PIER-1,250,Pier/C3D8R,15.25,20.0,45.0,0.0001476793,-0.04563398,-0.006547909,0.000941191,-0.0354588,-0.0316618,0.0271085128697669,58.80168122180951,3.134455496994882
PART-FLOOR-1,255,Floor/S4R,165.0,0.0,0.0,-0.0083213,4.793213e-15,-0.33100718,-0.00943689,3.10342e-13,-0.357838,0.02685400236315806,8.110253289664609,8.109241912287638
PART-FLOOR-1,432,Floor/S4R,-165.0,0.0,0.0,0.0083213,2.4892644e-15,-0.33100718,0.00943689,2.67301e-13,-0.357838,0.02685400236315806,8.110253289664609,8.109241912287638
PART-FLOOR-1,28,Floor/S4R,185.0,10.0,0.0,-0.0057082004,-0.0014757216,-0.27124956,-0.0105316,7.17918e-05,-0.297598,0.026830957341437863,9.889277391706205,9.756484221579672
PART-FLOOR-1,44,Floor/S4R,185.0,-10.0,0.0,-0.0057082004,0.0014757216,-0.27124956,-0.0105316,-7.17918e-05,-0.297598,0.026830957341437863,9.889277391706205,9.756484221579672
PART-FLOOR-1,179,Floor/S4R,-185.0,10.0,0.0,0.0057082004,-0.0014757216,-0.27124956,0.0105316,7.17918e-05,-0.297598,0.026830957341437863,9.889277391706205,9.756484221579672
PART-FLOOR-1,187,Floor/S4R,-185.0,-10.0,0.0,0.0057082004,0.0014757216,-0.27124956,0.0105316,-7.17918e-05,-0.297598,0.026830957341437863,9.889277391706205,9.756484221579672
PART-FLOOR-1,251,Floor/S4R,170.0,-5.0,0.0,-0.008015968,0.00041124248,-0.34938383,-0.00972614,-9.14766e-05,-0.376125,0.02680051469117485,7.668770813861771,7.661392019448221
PART-FLOOR-1,253,Floor/S4R,170.0,5.0,0.0,-0.008015968,-0.00041124248,-0.34938383,-0.00972614,9.14766e-05,-0.376125,0.02680051469117485,7.668770813861771,7.661392019448221
PART-FLOOR-1,434,Floor/S4R,-170.0,-5.0,0.0,0.008015968,0.00041124248,-0.34938383,0.00972614,-9.14766e-05,-0.376125,0.02680051469117485,7.668770813861771,7.661392019448221
PART-FLOOR-1,436,Floor/S4R,-170.0,5.0,0.0,0.008015968,-0.00041124248,-0.34938383,0.00972614,9.14766e-05,-0.376125,0.02680051469117485,7.668770813861771,7.661392019448221
PART-FLOOR-1,257,Floor/S4R,160.0,-5.0,0.0,-0.008399302,0.0002003054,-0.29619923,-0.00914531,-0.000108244,-0.322973,0.026785938301302905,9.039580952874694,9.03896346891873
PART-FLOOR-1,259,Floor/S4R,160.0,5.0,0.0,-0.008399302,-0.0002003054,-0.29619923,-0.00914531,0.000108244,-0.322973,0.026785938301302905,9.039580952874694,9.03896346891873
PART-FLOOR-1,428,Floor/S4R,-160.0,-5.0,0.0,0.008399302,0.0002003054,-0.29619923,0.00914531,-0.000108244,-0.322973,0.026785938301302905,9.039580952874694,9.03896346891873
PART-FLOOR-1,430,Floor/S4R,-160.0,5.0,0.0,0.008399302,-0.0002003054,-0.29619923,0.00914531,0.000108244,-0.322973,0.026785938301302905,9.039580952874694,9.03896346891873
PART-FLOOR-1,239,Floor/S4R,190.0,-5.0,0.0,-0.004625305,0.0006420696,-0.22743055,-0.0108688,0.000178854,-0.253434,0.026746499030893885,11.757814865521162,11.512531479030045
PART-FLOOR-1,241,Floor/S4R,190.0,5.0,0.0,-0.004625305,-0.0006420696,-0.22743055,-0.0108688,-0.000178854,-0.253434,0.026746499030893885,11.757814865521162,11.512531479030045
PART-FLOOR-1,446,Floor/S4R,-190.0,-5.0,0.0,0.004625305,0.0006420696,-0.22743055,0.0108688,0.000178854,-0.253434,0.026746499030893885,11.757814865521162,11.512531479030045
PART-FLOOR-1,448,Floor/S4R,-190.0,5.0,0.0,0.004625305,-0.0006420696,-0.22743055,0.0108688,-0.000178854,-0.253434,0.026746499030893885,11.757814865521162,11.512531479030045
PART-FLOOR-1,194,Floor/S4R,-205.0,10.0,0.0,0.0028977906,0.0012206958,-0.2126215,0.0109721,2.04976e-05,-0.238039,0.026696146805413924,12.554340913753778,12.060955886241905
PART-FLOOR-1,214,Floor/S4R,-205.0,-10.0,0.0,0.0028977906,-0.0012206958,-0.2126215,0.0109721,-2.04976e-05,-0.238039,0.026696146805413924,12.554340913753778,12.060955886241905
PART-FLOOR-1,215,Floor/S4R,205.0,-10.0,0.0,-0.0028977906,-0.0012206958,-0.2126215,-0.0109721,-2.04976e-05,-0.238039,0.026696146805413924,12.554340913753778,12.060955886241905
PART-FLOOR-1,235,Floor/S4R,205.0,10.0,0.0,-0.0028977906,0.0012206958,-0.2126215,-0.0109721,2.04976e-05,-0.238039,0.026696146805413924,12.554340913753778,12.060955886241905
PART-FLOOR-1,243,Floor/S4R,185.0,0.0,0.0,-0.0058463146,3.4857142e-15,-0.28056282,-0.0105991,2.16042e-13,-0.306814,0.026677957576449748,9.506665026598201,9.398099309245705
PART-FLOOR-1,444,Floor/S4R,-185.0,0.0,0.0,0.0058463146,1.6717537e-15,-0.28056282,0.0105991,1.84047e-13,-0.306814,0.026677957576449748,9.506665026598201,9.398099309245705
PART-FLOOR-1,455,Floor/S4R,-210.0,-5.0,0.0,0.0030731375,-0.0004902679,-0.34041068,0.00942959,3.70362e-05,-0.366302,0.026665389352886502,7.832972559129938,7.63705837431547
PART-FLOOR-1,457,Floor/S4R,-210.0,5.0,0.0,0.0030731375,0.0004902679,-0.34041068,0.00942959,-3.70362e-05,-0.366302,0.026665389352886502,7.832972559129938,7.63705837431547
PART-FLOOR-1,482,Floor/S4R,210.0,5.0,0.0,-0.0030731375,0.0004902679,-0.34041068,-0.00942959,-3.70362e-05,-0.366302,0.026665389352886502,7.832972559129938,7.63705837431547
PART-FLOOR-1,484,Floor/S4R,210.0,-5.0,0.0,-0.0030731375,-0.0004902679,-0.34041068,-0.00942959,3.70362e-05,-0.366302,0.026665389352886502,7.832972559129938,7.63705837431547
PART-FLOOR-1,249,Floor/S4R,175.0,0.0,0.0,-0.0075292843,4.1896376e-15,-0.34693295,-0.0100275,2.63795e-13,-0.373451,0.026635466158605604,7.675602962430871,7.657013292142562
PART-FLOOR-1,438,Floor/S4R,-175.0,0.0,0.0,0.0075292843,2.0795605e-15,-0.34693295,0.0100275,2.25799e-13,-0.373451,0.026635466158605604,7.675602962430871,7.657013292142562
PART-FLOOR-1,245,Floor/S4R,180.0,-5.0,0.0,-0.006774672,0.0005616164,-0.32178786,-0.0103108,-7.7044e-05,-0.348179,0.026634645836551195,8.27523590001895,8.224699045248677
PART-FLOOR-1,247,Floor/S4R,180.0,5.0,0.0,-0.006774672,-0.0005616164,-0.32178786,-0.0103108,7.7044e-05,-0.348179,0.026634645836551195,8.27523590001895,8.224699045248677
PART-FLOOR-1,440,Floor/S4R,-180.0,-5.0,0.0,0.006774672,0.0005616164,-0.32178786,0.0103108,-7.7044e-05,-0.348179,0.026634645836551195,8.27523590001895,8.224699045248677
PART-FLOOR-1,442,Floor/S4R,-180.0,5.0,0.0,0.006774672,-0.0005616164,-0.32178786,0.0103108,7.7044e-05,-0.348179,0.026634645836551195,8.27523590001895,8.224699045248677
PART-FLOOR-1,261,Floor/S4R,155.0,0.0,0.0,-0.008265529,5.2952934e-15,-0.28017774,-0.00880492,3.5523e-13,-0.306805,0.026632722687672774,9.501518886692052,9.501148624408081
PART-FLOOR-1,426,Floor/S4R,-155.0,0.0,0.0,0.008265529,2.9027442e-15,-0.28017774,0.00880492,3.08092e-13,-0.306805,0.026632722687672774,9.501518886692052,9.501148624408081
PART-PIER-2,85,Pier/C3D8R,0.0,-10.0,40.0,8.826385e-16,0.041368093,-0.016028972,-1.08947e-14,0.0314371,-0.0406838,0.026579788668754177,59.911710319690926,15.890223089724012
PART-PIER-1,159,Pier/C3D8R,0.0,10.0,40.0,-7.684999e-15,-0.041368093,-0.016028972,-3.91709e-14,-0.0314371,-0.0406838,0.026579788668754177,59.911710319690926,15.890223089724012
PART-FLOOR-1,26,Floor/S4R,195.0,10.0,0.0,-0.0036759186,-0.0015573136,-0.15126546,-0.0116917,-0.000452224,-0.176581,0.026577256065444643,17.563827784849657,16.951098469562258
PART-FLOOR-1,46,Floor/S4R,195.0,-10.0,0.0,-0.0036759186,0.0015573136,-0.15126546,-0.0116917,0.000452224,-0.176581,0.026577256065444643,17.563827784849657,16.951098469562258
PART-FLOOR-1,181,Floor/S4R,-195.0,10.0,0.0,0.0036759186,-0.0015573136,-0.15126546,0.0116917,-0.000452224,-0.176581,0.026577256065444643,17.563827784849657,16.951098469562258
PART-FLOOR-1,185,Floor/S4R,-195.0,-10.0,0.0,0.0036759186,0.0015573136,-0.15126546,0.0116917,0.000452224,-0.176581,0.026577256065444643,17.563827784849657,16.951098469562258
PART-PIER-2,446,Pier/C3D8R,0.0,-15.0,40.0,-5.7572075e-17,0.041194305,-0.011247359,-1.71329e-14,0.0313176,-0.0359048,0.026561978433947763,62.20290249452606,11.572730946043528
PART-PIER-1,446,Pier/C3D8R,0.0,15.0,40.0,-7.332069e-15,-0.041194305,-0.011247359,-7.14024e-14,-0.0313176,-0.0359048,0.026561978433947763,62.20290249452606,11.572730946043528
PART-PIER-2,308,Pier/C3D8R,-10.33333,-10.0,40.0,-0.00049128296,0.041176163,-0.015975164,-0.00107284,0.0313789,-0.040586,0.026495618873708885,59.98655679050589,16.17323943969459
PART-PIER-2,624,Pier/C3D8R,10.33333,-10.0,40.0,0.00049128296,0.041176163,-0.015975164,0.00107284,0.0313789,-0.040586,0.026495618873708885,59.98655679050589,16.17323943969459
PART-PIER-1,386,Pier/C3D8R,-10.33333,10.0,40.0,-0.00049128296,-0.041176163,-0.015975164,-0.00107284,-0.0313789,-0.040586,0.026495618873708885,59.98655679050589,16.17323943969459
PART-PIER-1,546,Pier/C3D8R,10.33333,10.0,40.0,0.00049128296,-0.041176163,-0.015975164,0.00107284,-0.0313789,-0.040586,0.026495618873708885,59.98655679050589,16.17323943969459
PART-PIER-2,741,Pier/C3D8R,-10.33333,-15.0,40.0,-0.00030363468,0.04099385,-0.011194325,-0.00094268,0.0308455,-0.0356542,0.026489297303989374,62.33378334873859,10.962705153057511
PART-PIER-2,819,Pier/C3D8R,10.33333,-15.0,40.0,0.00030363468,0.04099385,-0.011194325,0.00094268,0.0308455,-0.0356542,0.026489297303989374,62.33378334873859,10.962705153057511
PART-PIER-1,741,Pier/C3D8R,-10.33333,15.0,40.0,-0.00030363468,-0.04099385,-0.011194325,-0.00094268,-0.0308455,-0.0356542,0.026489297303989374,62.33378334873859,10.962705153057511
PART-PIER-1,819,Pier/C3D8R,10.33333,15.0,40.0,0.00030363468,-0.04099385,-0.011194325,0.00094268,-0.0308455,-0.0356542,0.026489297303989374,62.33378334873859,10.962705153057511
PART-PIER-2,385,Pier/C3D8R,-5.16667,-20.0,40.0,-5.396977e-05,0.04102063,-0.0064719203,-0.000326989,0.030722,-0.0308743,0.02648796810628973,63.78328425334494,4.8845276043113275
PART-PIER-2,545,Pier/C3D8R,5.16667,-20.0,40.0,5.396977e-05,0.04102063,-0.0064719203,0.000326989,0.030722,-0.0308743,0.02648796810628973,63.78328425334494,4.8845276043113275
PART-PIER-1,307,Pier/C3D8R,-5.16667,20.0,40.0,-5.396977e-05,-0.04102063,-0.0064719203,-0.000326989,-0.030722,-0.0308743,0.02648796810628973,63.78328425334494,4.8845276043113275
PART-PIER-1,623,Pier/C3D8R,5.16667,20.0,40.0,5.396977e-05,-0.04102063,-0.0064719203,0.000326989,-0.030722,-0.0308743,0.02648796810628973,63.78328425334494,4.8845276043113275
PART-PIER-2,159,Pier/C3D8R,0.0,-20.0,40.0,-1.1338233e-15,0.041071646,-0.006470205,-2.34059e-14,0.0306969,-0.0308326,0.02647945703183019,63.68597112617033,4.641545273232292
PART-PIER-1,85,Pier/C3D8R,0.0,20.0,40.0,-6.6298954e-15,-0.041071646,-0.006470205,-1.02655e-13,-0.0306969,-0.0308326,0.02647945703183019,63.68597112617033,4.641545273232292
PART-FLOOR-1,196,Floor/S4R,-215.0,10.0,0.0,0.0034163385,0.0012008131,-0.43510333,0.00837257,-0.000503779,-0.46104,0.02646092809403847,6.081316753870374,5.974901025411784
PART-FLOOR-1,212,Floor/S4R,-215.0,-10.0,0.0,0.0034163385,-0.0012008131,-0.43510333,0.00837257,0.000503779,-0.46104,0.02646092809403847,6.081316753870374,5.974901025411784
PART-FLOOR-1,217,Floor/S4R,215.0,-10.0,0.0,-0.0034163385,-0.0012008131,-0.43510333,-0.00837257,0.000503779,-0.46104,0.02646092809403847,6.081316753870374,5.974901025411784
PART-FLOOR-1,233,Floor/S4R,215.0,10.0,0.0,-0.0034163385,0.0012008131,-0.43510333,-0.00837257,-0.000503779,-0.46104,0.02646092809403847,6.081316753870374,5.974901025411784
PART-PIER-2,740,Pier/C3D8R,-5.16667,-15.0,40.0,-0.000155967,0.041122727,-0.01128991,-0.000458172,0.0312066,-0.0357956,0.026437657704839395,61.99526958486194,11.364326051508861
PART-PIER-2,818,Pier/C3D8R,5.16667,-15.0,40.0,0.000155967,0.041122727,-0.01128991,0.000458172,0.0312066,-0.0357956,0.026437657704839395,61.99526958486194,11.364326051508861
PART-PIER-1,740,Pier/C3D8R,-5.16667,15.0,40.0,-0.000155967,-0.041122727,-0.01128991,-0.000458172,-0.0312066,-0.0357956,0.026437657704839395,61.99526958486194,11.364326051508861
PART-PIER-1,818,Pier/C3D8R,5.16667,15.0,40.0,0.000155967,-0.041122727,-0.01128991,0.000458172,-0.0312066,-0.0357956,0.026437657704839395,61.99526958486194,11.364326051508861
PART-PIER-2,386,Pier/C3D8R,-10.33333,-20.0,40.0,-0.000112970134,0.04088095,-0.0064188396,-0.000653417,0.0306468,-0.0307616,0.026412116403826433,63.82519952158422,4.942567858855952
PART-PIER-2,546,Pier/C3D8R,10.33333,-20.0,40.0,0.000112970134,0.04088095,-0.0064188396,0.000653417,0.0306468,-0.0307616,0.026412116403826433,63.82519952158422,4.942567858855952
PART-PIER-1,308,Pier/C3D8R,-10.33333,20.0,40.0,-0.000112970134,-0.04088095,-0.0064188396,-0.000653417,-0.0306468,-0.0307616,0.026412116403826433,63.82519952158422,4.942567858855952
PART-PIER-1,624,Pier/C3D8R,10.33333,20.0,40.0,0.000112970134,-0.04088095,-0.0064188396,0.000653417,-0.0306468,-0.0307616,0.026412116403826433,63.82519952158422,4.942567858855952
PART-PIER-2,307,Pier/C3D8R,-5.16667,-10.0,40.0,-0.00024322202,0.041325163,-0.016109137,-0.000626526,0.0317856,-0.0407066,0.026385324902460875,59.48720412181808,16.44831330907802
PART-PIER-2,623,Pier/C3D8R,5.16667,-10.0,40.0,0.00024322202,0.041325163,-0.016109137,0.000626526,0.0317856,-0.0407066,0.026385324902460875,59.48720412181808,16.44831330907802
PART-PIER-1,385,Pier/C3D8R,-5.16667,10.0,40.0,-0.00024322202,-0.041325163,-0.016109137,-0.000626526,-0.0317856,-0.0407066,0.026385324902460875,59.48720412181808,16.44831330907802
PART-PIER-1,545,Pier/C3D8R,5.16667,10.0,40.0,0.00024322202,-0.041325163,-0.016109137,0.000626526,-0.0317856,-0.0407066,0.026385324902460875,59.48720412181808,16.44831330907802
PART-FLOOR-1,35,Floor/S4R,150.0,5.0,0.0,-0.008164453,-0.00012889302,-0.26521045,-0.00849215,0.000102142,-0.291585,0.026377597506345708,9.941201106267844,9.939292266551194
PART-FLOOR-1,37,Floor/S4R,150.0,-5.0,0.0,-0.008164453,0.00012889302,-0.26521045,-0.00849215,-0.000102142,-0.291585,0.026377597506345708,9.941201106267844,9.939292266551194
PART-FLOOR-1,161,Floor/S4R,-150.0,5.0,0.0,0.008164453,-0.00012889302,-0.26521045,0.00849215,0.000102142,-0.291585,0.026377597506345708,9.941201106267844,9.939292266551194
PART-FLOOR-1,163,Floor/S4R,-150.0,-5.0,0.0,0.008164453,0.00012889302,-0.26521045,0.00849215,-0.000102142,-0.291585,0.026377597506345708,9.941201106267844,9.939292266551194
PART-FLOOR-1,34,Floor/S4R,155.0,10.0,0.0,-0.008376225,-0.0001552652,-0.23512654,-0.00889869,0.00022318,-0.261465,0.02634635962741776,11.198077342842168,11.195687791225188
PART-FLOOR-1,38,Floor/S4R,155.0,-10.0,0.0,-0.008376225,0.0001552652,-0.23512654,-0.00889869,-0.00022318,-0.261465,0.02634635962741776,11.198077342842168,11.195687791225188
PART-FLOOR-1,173,Floor/S4R,-155.0,10.0,0.0,0.008376225,-0.0001552652,-0.23512654,0.00889869,0.00022318,-0.261465,0.02634635962741776,11.198077342842168,11.195687791225188
PART-FLOOR-1,193,Floor/S4R,-155.0,-10.0,0.0,0.008376225,0.0001552652,-0.23512654,0.00889869,-0.00022318,-0.261465,0.02634635962741776,11.198077342842168,11.195687791225188
PART-PIER-2,124,Pier/C3D8R,-15.5,-20.0,40.0,-0.00017752698,0.040602405,-0.006389363,-0.00097709,0.0301221,-0.0305456,0.02634387746547849,64.09321675089326,4.399423915209353
PART-PIER-2,208,Pier/C3D8R,15.5,-20.0,40.0,0.00017752698,0.040602405,-0.006389363,0.00097709,0.0301221,-0.0305456,0.02634387746547849,64.09321675089326,4.399423915209353
PART-PIER-1,42,Pier/C3D8R,-15.5,20.0,40.0,-0.00017752698,-0.040602405,-0.006389363,-0.00097709,-0.0301221,-0.0305456,0.02634387746547849,64.09321675089326,4.399423915209353
PART-PIER-1,251,Pier/C3D8R,15.5,20.0,40.0,0.00017752698,-0.040602405,-0.006389363,0.00097709,-0.0301221,-0.0305456,0.02634387746547849,64.09321675089326,4.399423915209353
PART-PIER-2,485,Pier/C3D8R,-15.5,-15.0,40.0,-0.00045824243,0.040758308,-0.011176341,-0.00138714,0.0307435,-0.0354782,0.026300942584407443,62.228135602567804,11.121353093666853
PART-PIER-2,684,Pier/C3D8R,15.5,-15.0,40.0,0.00045824243,0.040758308,-0.011176341,0.00138714,0.0307435,-0.0354782,0.026300942584407443,62.228135602567804,11.121353093666853
PART-PIER-1,485,Pier/C3D8R,-15.5,15.0,40.0,-0.00045824243,-0.040758308,-0.011176341,-0.00138714,-0.0307435,-0.0354782,0.026300942584407443,62.228135602567804,11.121353093666853
PART-PIER-1,684,Pier/C3D8R,15.5,15.0,40.0,0.00045824243,-0.040758308,-0.011176341,0.00138714,-0.0307435,-0.0354782,0.026300942584407443,62.228135602567804,11.121353093666853
PART-PIER-2,42,Pier/C3D8R,-15.5,-10.0,40.0,-0.00075312756,0.04090348,-0.015976006,-0.00188361,0.0312058,-0.0403092,0.026218835179526653,59.697911763470024,16.14875060870886
PART-PIER-2,251,Pier/C3D8R,15.5,-10.0,40.0,0.00075312756,0.04090348,-0.015976006,0.00188361,0.0312058,-0.0403092,0.026218835179526653,59.697911763470024,16.14875060870886
PART-PIER-1,124,Pier/C3D8R,-15.5,10.0,40.0,-0.00075312756,-0.04090348,-0.015976006,-0.00188361,-0.0312058,-0.0403092,0.026218835179526653,59.697911763470024,16.14875060870886
PART-PIER-1,208,Pier/C3D8R,15.5,10.0,40.0,0.00075312756,-0.04090348,-0.015976006,0.00188361,-0.0312058,-0.0403092,0.026218835179526653,59.697911763470024,16.14875060870886
PART-FLOOR-1,459,Floor/S4R,-215.0,0.0,0.0,0.003543455,5.33493e-16,-0.4349439,0.00844032,6.69193e-14,-0.460512,0.026032806695364678,5.98512654362332,5.892750000268275
PART-FLOOR-1,486,Floor/S4R,215.0,0.0,0.0,-0.003543455,1.116753e-15,-0.4349439,-0.00844032,7.76852e-14,-0.460512,0.026032806695364678,5.98512654362332,5.892750000268275
PART-SUPPORTBEAM-2,198,SupportBeam/B31,-92.30769,10.0,-30.0,-0.009516216,0.0026134008,-0.24142727,0.0149864,-9.07463e-05,-0.233457,0.02590783291313255,10.722159152835737,3.1831217562451815
PART-SUPPORTBEAM-2,222,SupportBeam/B31,92.30769,10.0,-30.0,0.009516216,0.0026134008,-0.24142727,-0.0149864,-9.07463e-05,-0.233457,0.02590783291313255,10.722159152835737,3.1831217562451815
PART-SUPPORTBEAM-1,198,SupportBeam/B31,-92.30769,-10.0,-30.0,-0.009516216,-0.0026134008,-0.24142727,0.0149864,9.07463e-05,-0.233457,0.02590783291313255,10.722159152835737,3.1831217562451815
PART-SUPPORTBEAM-1,222,SupportBeam/B31,92.30769,-10.0,-30.0,0.009516216,-0.0026134008,-0.24142727,-0.0149864,9.07463e-05,-0.233457,0.02590783291313255,10.722159152835737,3.1831217562451815
PART-PIER-2,158,Pier/C3D8R,0.0,-20.0,35.0,-9.589343e-16,0.03642965,-0.0062824204,-2.1466e-14,0.0262127,-0.0298959,0.025729020310188967,69.59922693353701,7.554679538647951
PART-PIER-1,86,Pier/C3D8R,0.0,20.0,35.0,-6.0550154e-15,-0.03642965,-0.0062824204,-9.27631e-14,-0.0262127,-0.0298959,0.025729020310188967,69.59922693353701,7.554679538647951
PART-FLOOR-1,264,Floor/S4R,145.0,0.0,0.0,-0.008217439,5.7147026e-15,-0.30958372,-0.00812379,3.98019e-13,-0.335295,0.025711450549776478,8.302244617100872,8.298753785214394
PART-FLOOR-1,423,Floor/S4R,-145.0,0.0,0.0,0.008217439,3.3087851e-15,-0.30958372,0.00812379,3.47745e-13,-0.335295,0.025711450549776478,8.302244617100872,8.298753785214394
PART-PIER-2,93,Pier/C3D8R,0.0,-10.0,0.0,5.780247e-16,0.012439534,-0.009340425,1.48544e-16,0.000598924,-0.032103,0.025658037060592245,164.94103511314978,106.40797501754153
PART-PIER-1,151,Pier/C3D8R,0.0,10.0,0.0,-2.7048627e-15,-0.012439534,-0.009340425,-8.2673e-15,-0.000598924,-0.032103,0.025658037060592245,164.94103511314978,106.40797501754153
PART-PIER-2,384,Pier/C3D8R,-10.5,-20.0,35.0,-0.0001313642,0.036227006,-0.006228235,-0.000728263,0.025723,-0.0296241,0.025652620320811333,69.78647321985676,6.750599125279062
PART-PIER-2,544,Pier/C3D8R,10.5,-20.0,35.0,0.0001313642,0.036227006,-0.006228235,0.000728263,0.025723,-0.0296241,0.025652620320811333,69.78647321985676,6.750599125279062
PART-PIER-1,306,Pier/C3D8R,-10.5,20.0,35.0,-0.0001313642,-0.036227006,-0.006228235,-0.000728263,-0.025723,-0.0296241,0.025652620320811333,69.78647321985676,6.750599125279062
PART-PIER-1,622,Pier/C3D8R,10.5,20.0,35.0,0.0001313642,-0.036227006,-0.006228235,0.000728263,-0.025723,-0.0296241,0.025652620320811333,69.78647321985676,6.750599125279062
PART-PIER-2,738,Pier/C3D8R,-5.25,-15.0,35.0,-0.00015508242,0.036490206,-0.01073893,-0.000492458,0.0263684,-0.0342858,0.0256323987519802,67.38642601449214,13.717158357029865
PART-PIER-2,816,Pier/C3D8R,5.25,-15.0,35.0,0.00015508242,0.036490206,-0.01073893,0.000492458,0.0263684,-0.0342858,0.0256323987519802,67.38642601449214,13.717158357029865
PART-PIER-1,738,Pier/C3D8R,-5.25,15.0,35.0,-0.00015508242,-0.036490206,-0.01073893,-0.000492458,-0.0263684,-0.0342858,0.0256323987519802,67.38642601449214,13.717158357029865
PART-PIER-1,816,Pier/C3D8R,5.25,15.0,35.0,0.00015508242,-0.036490206,-0.01073893,0.000492458,-0.0263684,-0.0342858,0.0256323987519802,67.38642601449214,13.717158357029865
PART-PIER-2,383,Pier/C3D8R,-5.25,-20.0,35.0,-6.638721e-05,0.036381934,-0.006254254,-0.000354741,0.0260751,-0.0297212,0.025632236140818446,69.43460585100436,7.1081813991491
PART-PIER-2,543,Pier/C3D8R,5.25,-20.0,35.0,6.638721e-05,0.036381934,-0.006254254,0.000354741,0.0260751,-0.0297212,0.025632236140818446,69.43460585100436,7.1081813991491
PART-PIER-1,305,Pier/C3D8R,-5.25,20.0,35.0,-6.638721e-05,-0.036381934,-0.006254254,-0.000354741,-0.0260751,-0.0297212,0.025632236140818446,69.43460585100436,7.1081813991491
PART-PIER-1,621,Pier/C3D8R,5.25,20.0,35.0,6.638721e-05,-0.036381934,-0.006254254,0.000354741,-0.0260751,-0.0297212,0.025632236140818446,69.43460585100436,7.1081813991491
PART-PIER-2,305,Pier/C3D8R,-5.25,-10.0,35.0,-0.00025523303,0.03668692,-0.015213788,-0.000553035,0.0268131,-0.0387958,0.02556740693488254,64.37366727653328,18.747459709485977
PART-PIER-2,621,Pier/C3D8R,5.25,-10.0,35.0,0.00025523303,0.03668692,-0.015213788,0.000553035,0.0268131,-0.0387958,0.02556740693488254,64.37366727653328,18.747459709485977
PART-PIER-1,383,Pier/C3D8R,-5.25,10.0,35.0,-0.00025523303,-0.03668692,-0.015213788,-0.000553035,-0.0268131,-0.0387958,0.02556740693488254,64.37366727653328,18.747459709485977
PART-PIER-1,543,Pier/C3D8R,5.25,10.0,35.0,0.00025523303,-0.03668692,-0.015213788,0.000553035,-0.0268131,-0.0387958,0.02556740693488254,64.37366727653328,18.747459709485977
PART-PIER-2,445,Pier/C3D8R,0.0,-15.0,35.0,-8.700146e-17,0.036521655,-0.010798302,-1.52998e-14,0.0263853,-0.0342237,0.025524399388515084,67.0203134099219,13.468395540242788
PART-PIER-1,445,Pier/C3D8R,0.0,15.0,35.0,-6.4224317e-15,-0.036521655,-0.010798302,-6.43407e-14,-0.0263853,-0.0342237,0.025524399388515084,67.0203134099219,13.468395540242788
PART-PIER-2,125,Pier/C3D8R,-15.75,-20.0,35.0,-0.00018918312,0.036005612,-0.006158441,-0.00109896,0.0256274,-0.0294392,0.02550546447145018,69.82255024157523,6.892151296075514
PART-PIER-2,207,Pier/C3D8R,15.75,-20.0,35.0,0.00018918312,0.036005612,-0.006158441,0.00109896,0.0256274,-0.0294392,0.02550546447145018,69.82255024157523,6.892151296075514
PART-PIER-1,41,Pier/C3D8R,-15.75,20.0,35.0,-0.00018918312,-0.036005612,-0.006158441,-0.00109896,-0.0256274,-0.0294392,0.02550546447145018,69.82255024157523,6.892151296075514
PART-PIER-1,252,Pier/C3D8R,15.75,20.0,35.0,0.00018918312,-0.036005612,-0.006158441,0.00109896,-0.0256274,-0.0294392,0.02550546447145018,69.82255024157523,6.892151296075514
PART-PIER-2,484,Pier/C3D8R,-15.75,-15.0,35.0,-0.00047446793,0.03606922,-0.0106308665,-0.00144815,0.0257544,-0.0338996,0.025471111618848945,67.73108276319171,13.273124318086282
PART-PIER-2,683,Pier/C3D8R,15.75,-15.0,35.0,0.00047446793,0.03606922,-0.0106308665,0.00144815,0.0257544,-0.0338996,0.025471111618848945,67.73108276319171,13.273124318086282
PART-PIER-1,484,Pier/C3D8R,-15.75,15.0,35.0,-0.00047446793,-0.03606922,-0.0106308665,-0.00144815,-0.0257544,-0.0338996,0.025471111618848945,67.73108276319171,13.273124318086282
PART-PIER-1,683,Pier/C3D8R,15.75,15.0,35.0,0.00047446793,-0.03606922,-0.0106308665,0.00144815,-0.0257544,-0.0338996,0.025471111618848945,67.73108276319171,13.273124318086282
PART-FLOOR-1,47,Floor/S4R,145.0,10.0,0.0,-0.008346048,-0.00034065545,-0.26528496,-0.00821714,0.000185636,-0.290721,0.02544181068329074,9.585620022573078,9.57767797141803
PART-FLOOR-1,67,Floor/S4R,145.0,-10.0,0.0,-0.008346048,0.00034065545,-0.26528496,-0.00821714,-0.000185636,-0.290721,0.02544181068329074,9.585620022573078,9.57767797141803
PART-FLOOR-1,160,Floor/S4R,-145.0,10.0,0.0,0.008346048,-0.00034065545,-0.26528496,0.00821714,0.000185636,-0.290721,0.02544181068329074,9.585620022573078,9.57767797141803
PART-FLOOR-1,164,Floor/S4R,-145.0,-10.0,0.0,0.008346048,0.00034065545,-0.26528496,0.00821714,-0.000185636,-0.290721,0.02544181068329074,9.585620022573078,9.57767797141803
PART-PIER-2,739,Pier/C3D8R,-10.5,-15.0,35.0,-0.000321417,0.03632573,-0.010741727,-0.000937721,0.0263641,-0.034142,0.02543986398060817,67.15552871329288,13.897096210738805
PART-PIER-2,817,Pier/C3D8R,10.5,-15.0,35.0,0.000321417,0.03632573,-0.010741727,0.000937721,0.0263641,-0.034142,0.02543986398060817,67.15552871329288,13.897096210738805
PART-PIER-1,739,Pier/C3D8R,-10.5,15.0,35.0,-0.000321417,-0.03632573,-0.010741727,-0.000937721,-0.0263641,-0.034142,0.02543986398060817,67.15552871329288,13.897096210738805
PART-PIER-1,817,Pier/C3D8R,10.5,15.0,35.0,0.000321417,-0.03632573,-0.010741727,0.000937721,-0.0263641,-0.034142,0.02543986398060817,67.15552871329288,13.897096210738805
PART-PIER-2,41,Pier/C3D8R,-15.75,-10.0,35.0,-0.00074861484,0.036312673,-0.015080765,-0.00168263,0.0263505,-0.0384614,0.02543170006516009,64.66754493878517,18.62774202216443
PART-PIER-2,252,Pier/C3D8R,15.75,-10.0,35.0,0.00074861484,0.036312673,-0.015080765,0.00168263,0.0263505,-0.0384614,0.02543170006516009,64.66754493878517,18.62774202216443
PART-PIER-1,125,Pier/C3D8R,-15.75,10.0,35.0,-0.00074861484,-0.036312673,-0.015080765,-0.00168263,-0.0263505,-0.0384614,0.02543170006516009,64.66754493878517,18.62774202216443
PART-PIER-1,207,Pier/C3D8R,15.75,10.0,35.0,0.00074861484,-0.036312673,-0.015080765,0.00168263,-0.0263505,-0.0384614,0.02543170006516009,64.66754493878517,18.62774202216443
PART-FLOOR-1,306,Floor/S4R,70.0,0.0,0.0,-0.0062313657,7.854299e-15,-0.44087812,-0.00328587,6.22556e-13,-0.415642,0.02540743390374394,5.762340047072099,5.73052782179957
PART-FLOOR-1,381,Floor/S4R,-70.0,0.0,0.0,0.0062313657,5.2155846e-15,-0.44087812,0.00328587,5.79331e-13,-0.415642,0.02540743390374394,5.762340047072099,5.73052782179957
PART-PIER-2,86,Pier/C3D8R,0.0,-10.0,35.0,9.427192e-16,0.036741085,-0.015302422,-9.91163e-15,0.0274076,-0.0388305,0.025311744242926225,63.59671609256373,19.41784245003535
PART-PIER-1,158,Pier/C3D8R,0.0,10.0,35.0,-7.0539396e-15,-0.036741085,-0.015302422,-3.39127e-14,-0.0274076,-0.0388305,0.025311744242926225,63.59671609256373,19.41784245003535
PART-PIER-2,306,Pier/C3D8R,-10.5,-10.0,35.0,-0.0005142001,0.036539104,-0.015240015,-0.0013512,0.0268735,-0.0385728,0.025269414820562046,63.822468620812565,18.784117136350204
PART-PIER-2,622,Pier/C3D8R,10.5,-10.0,35.0,0.0005142001,0.036539104,-0.015240015,0.0013512,0.0268735,-0.0385728,0.025269414820562046,63.822468620812565,18.784117136350204
PART-PIER-1,384,Pier/C3D8R,-10.5,10.0,35.0,-0.0005142001,-0.036539104,-0.015240015,-0.0013512,-0.0268735,-0.0385728,0.025269414820562046,63.822468620812565,18.784117136350204
PART-PIER-1,544,Pier/C3D8R,10.5,10.0,35.0,0.0005142001,-0.036539104,-0.015240015,0.0013512,-0.0268735,-0.0385728,0.025269414820562046,63.822468620812565,18.784117136350204
PART-FLOOR-1,461,Floor/S4R,-220.0,-5.0,0.0,0.0037579704,-0.00044426988,-0.5070701,0.00743237,0.000293568,-0.531812,0.025024133007312006,4.9349066737295155,4.886721655961933
PART-FLOOR-1,463,Floor/S4R,-220.0,5.0,0.0,0.0037579704,0.00044426988,-0.5070701,0.00743237,-0.000293568,-0.531812,0.025024133007312006,4.9349066737295155,4.886721655961933
PART-FLOOR-1,488,Floor/S4R,220.0,5.0,0.0,-0.0037579704,0.00044426988,-0.5070701,-0.00743237,-0.000293568,-0.531812,0.025024133007312006,4.9349066737295155,4.886721655961933
PART-FLOOR-1,490,Floor/S4R,220.0,-5.0,0.0,-0.0037579704,-0.00044426988,-0.5070701,-0.00743237,0.000293568,-0.531812,0.025024133007312006,4.9349066737295155,4.886721655961933
PART-FLOOR-1,266,Floor/S4R,140.0,-5.0,0.0,-0.008355196,0.000113518756,-0.35414308,-0.00778281,-9.6623e-05,-0.379072,0.02493637579234424,7.03936878112499,7.031994729906266
PART-FLOOR-1,268,Floor/S4R,140.0,5.0,0.0,-0.008355196,-0.000113518756,-0.35414308,-0.00778281,9.6623e-05,-0.379072,0.02493637579234424,7.03936878112499,7.031994729906266
PART-FLOOR-1,419,Floor/S4R,-140.0,-5.0,0.0,0.008355196,0.000113518756,-0.35414308,0.00778281,-9.6623e-05,-0.379072,0.02493637579234424,7.03936878112499,7.031994729906266
PART-FLOOR-1,421,Floor/S4R,-140.0,5.0,0.0,0.008355196,-0.000113518756,-0.35414308,0.00778281,9.6623e-05,-0.379072,0.02493637579234424,7.03936878112499,7.031994729906266
PART-PIER-2,381,Pier/C3D8R,-5.33333,-20.0,30.0,-7.078967e-05,0.032023672,-0.006052378,-0.000384368,0.0216544,-0.0286434,0.024859091057066296,76.27670749908137,10.183923335046373
PART-PIER-2,541,Pier/C3D8R,5.33333,-20.0,30.0,7.078967e-05,0.032023672,-0.006052378,0.000384368,0.0216544,-0.0286434,0.024859091057066296,76.27670749908137,10.183923335046373
PART-PIER-1,303,Pier/C3D8R,-5.33333,20.0,30.0,-7.078967e-05,-0.032023672,-0.006052378,-0.000384368,-0.0216544,-0.0286434,0.024859091057066296,76.27670749908137,10.183923335046373
PART-PIER-1,619,Pier/C3D8R,5.33333,20.0,30.0,7.078967e-05,-0.032023672,-0.006052378,0.000384368,-0.0216544,-0.0286434,0.024859091057066296,76.27670749908137,10.183923335046373
PART-PIER-2,157,Pier/C3D8R,0.0,-20.0,30.0,-8.44577e-16,0.032076158,-0.006052724,-1.88344e-14,0.021689,-0.0285131,0.024745939896846512,75.80958031586175,9.749557811825499
PART-PIER-1,87,Pier/C3D8R,0.0,20.0,30.0,-5.2497264e-15,-0.032076158,-0.006052724,-8.43088e-14,-0.021689,-0.0285131,0.024745939896846512,75.80958031586175,9.749557811825499
PART-PIER-2,126,Pier/C3D8R,-16.0,-20.0,30.0,-0.00022276667,0.031600516,-0.0059594833,-0.00112059,0.0210202,-0.0282528,0.02469293710513691,76.7855271171685,9.559341268691615
PART-PIER-2,206,Pier/C3D8R,16.0,-20.0,30.0,0.00022276667,0.031600516,-0.0059594833,0.00112059,0.0210202,-0.0282528,0.02469293710513691,76.7855271171685,9.559341268691615
PART-PIER-1,40,Pier/C3D8R,-16.0,20.0,30.0,-0.00022276667,-0.031600516,-0.0059594833,-0.00112059,-0.0210202,-0.0282528,0.02469293710513691,76.7855271171685,9.559341268691615
PART-PIER-1,253,Pier/C3D8R,16.0,20.0,30.0,0.00022276667,-0.031600516,-0.0059594833,0.00112059,-0.0210202,-0.0282528,0.02469293710513691,76.7855271171685,9.559341268691615
PART-PIER-2,382,Pier/C3D8R,-10.66667,-20.0,30.0,-0.0001403314,0.03187608,-0.0059977695,-0.000739499,0.0216336,-0.0284138,0.024652501328267278,76.00412148651064,10.124784985830432
PART-PIER-2,542,Pier/C3D8R,10.66667,-20.0,30.0,0.0001403314,0.03187608,-0.0059977695,0.000739499,0.0216336,-0.0284138,0.024652501328267278,76.00412148651064,10.124784985830432
PART-PIER-1,304,Pier/C3D8R,-10.66667,20.0,30.0,-0.0001403314,-0.03187608,-0.0059977695,-0.000739499,-0.0216336,-0.0284138,0.024652501328267278,76.00412148651064,10.124784985830432
PART-PIER-1,620,Pier/C3D8R,10.66667,20.0,30.0,0.0001403314,-0.03187608,-0.0059977695,0.000739499,-0.0216336,-0.0284138,0.024652501328267278,76.00412148651064,10.124784985830432
PART-PIER-2,87,Pier/C3D8R,0.0,-10.0,30.0,9.483159e-16,0.032388814,-0.01442407,-7.95231e-15,0.0222588,-0.0368953,0.024649003252730037,69.52105233160442,21.531783650901215
PART-PIER-1,157,Pier/C3D8R,0.0,10.0,30.0,-6.2677694e-15,-0.032388814,-0.01442407,-2.94695e-14,-0.0222588,-0.0368953,0.024649003252730037,69.52105233160442,21.531783650901215
PART-PIER-2,444,Pier/C3D8R,0.0,-15.0,30.0,-8.758835e-17,0.032204945,-0.01023599,-1.39338e-14,0.0223386,-0.032814,0.02463962863395317,72.91445952692631,17.46977688532855
PART-PIER-1,444,Pier/C3D8R,0.0,15.0,30.0,-5.86891e-15,-0.032204945,-0.01023599,-5.64432e-14,-0.0223386,-0.032814,0.02463962863395317,72.91445952692631,17.46977688532855
PART-PIER-2,737,Pier/C3D8R,-10.66667,-15.0,30.0,-0.00032930827,0.032000784,-0.010176772,-0.00105294,0.0217808,-0.032557,0.024613945664458247,73.29588178303099,16.686074492910976
PART-PIER-2,815,Pier/C3D8R,10.66667,-15.0,30.0,0.00032930827,0.032000784,-0.010176772,0.00105294,0.0217808,-0.032557,0.024613945664458247,73.29588178303099,16.686074492910976
PART-PIER-1,737,Pier/C3D8R,-10.66667,15.0,30.0,-0.00032930827,-0.032000784,-0.010176772,-0.00105294,-0.0217808,-0.032557,0.024613945664458247,73.29588178303099,16.686074492910976
PART-PIER-1,815,Pier/C3D8R,10.66667,15.0,30.0,0.00032930827,-0.032000784,-0.010176772,0.00105294,-0.0217808,-0.032557,0.024613945664458247,73.29588178303099,16.686074492910976
PART-PIER-2,736,Pier/C3D8R,-5.33333,-15.0,30.0,-0.00017086422,0.032139763,-0.010256324,-0.000493938,0.0222156,-0.0326376,0.024484993430794886,72.57606563893378,17.03481291298227
PART-PIER-2,814,Pier/C3D8R,5.33333,-15.0,30.0,0.00017086422,0.032139763,-0.010256324,0.000493938,0.0222156,-0.0326376,0.024484993430794886,72.57606563893378,17.03481291298227
PART-PIER-1,736,Pier/C3D8R,-5.33333,15.0,30.0,-0.00017086422,-0.032139763,-0.010256324,-0.000493938,-0.0222156,-0.0326376,0.024484993430794886,72.57606563893378,17.03481291298227
PART-PIER-1,814,Pier/C3D8R,5.33333,15.0,30.0,0.00017086422,-0.032139763,-0.010256324,0.000493938,-0.0222156,-0.0326376,0.024484993430794886,72.57606563893378,17.03481291298227
PART-PIER-2,304,Pier/C3D8R,-10.66667,-10.0,30.0,-0.0005155799,0.032188915,-0.014364849,-0.0011078,0.0223555,-0.0367521,0.024458858978825448,69.38185180934727,22.06649314789806
PART-PIER-2,620,Pier/C3D8R,10.66667,-10.0,30.0,0.0005155799,0.032188915,-0.014364849,0.0011078,0.0223555,-0.0367521,0.024458858978825448,69.38185180934727,22.06649314789806
PART-PIER-1,382,Pier/C3D8R,-10.66667,10.0,30.0,-0.0005155799,-0.032188915,-0.014364849,-0.0011078,-0.0223555,-0.0367521,0.024458858978825448,69.38185180934727,22.06649314789806
PART-PIER-1,542,Pier/C3D8R,10.66667,10.0,30.0,0.0005155799,-0.032188915,-0.014364849,0.0011078,-0.0223555,-0.0367521,0.024458858978825448,69.38185180934727,22.06649314789806
PART-PIER-2,483,Pier/C3D8R,-16.0,-15.0,30.0,-0.00050666183,0.031754076,-0.010134427,-0.0015207,0.0217776,-0.0323221,0.024348535478416804,73.0399024790456,17.0021907276839
PART-PIER-2,682,Pier/C3D8R,16.0,-15.0,30.0,0.00050666183,0.031754076,-0.010134427,0.0015207,0.0217776,-0.0323221,0.024348535478416804,73.0399024790456,17.0021907276839
PART-PIER-1,483,Pier/C3D8R,-16.0,15.0,30.0,-0.00050666183,-0.031754076,-0.010134427,-0.0015207,-0.0217776,-0.0323221,0.024348535478416804,73.0399024790456,17.0021907276839
PART-PIER-1,682,Pier/C3D8R,16.0,15.0,30.0,0.00050666183,-0.031754076,-0.010134427,0.0015207,-0.0217776,-0.0323221,0.024348535478416804,73.0399024790456,17.0021907276839
PART-FLOOR-1,49,Floor/S4R,135.0,10.0,0.0,-0.008315028,-0.00016834715,-0.4120647,-0.0073869,0.000227451,-0.436366,0.02432223796137859,5.901327040189625,5.891068679179166
PART-FLOOR-1,65,Floor/S4R,135.0,-10.0,0.0,-0.008315028,0.00016834715,-0.4120647,-0.0073869,-0.000227451,-0.436366,0.02432223796137859,5.901327040189625,5.891068679179166
PART-FLOOR-1,158,Floor/S4R,-135.0,10.0,0.0,0.008315028,-0.00016834715,-0.4120647,0.0073869,0.000227451,-0.436366,0.02432223796137859,5.901327040189625,5.891068679179166
PART-FLOOR-1,166,Floor/S4R,-135.0,-10.0,0.0,0.008315028,0.00016834715,-0.4120647,0.0073869,-0.000227451,-0.436366,0.02432223796137859,5.901327040189625,5.891068679179166
PART-PIER-2,303,Pier/C3D8R,-5.33333,-10.0,30.0,-0.00026192985,0.032341503,-0.0144640105,-0.000702403,0.0228686,-0.0367094,0.0241823750250051,68.25492691218554,22.08922006102
PART-PIER-2,619,Pier/C3D8R,5.33333,-10.0,30.0,0.00026192985,0.032341503,-0.0144640105,0.000702403,0.0228686,-0.0367094,0.0241823750250051,68.25492691218554,22.08922006102
PART-PIER-1,381,Pier/C3D8R,-5.33333,10.0,30.0,-0.00026192985,-0.032341503,-0.0144640105,-0.000702403,-0.0228686,-0.0367094,0.0241823750250051,68.25492691218554,22.08922006102
PART-PIER-1,541,Pier/C3D8R,5.33333,10.0,30.0,0.00026192985,-0.032341503,-0.0144640105,0.000702403,-0.0228686,-0.0367094,0.0241823750250051,68.25492691218554,22.08922006102
PART-FLOOR-1,198,Floor/S4R,-225.0,10.0,0.0,0.0037802223,0.0009099811,-0.5573568,0.00640309,-0.000610619,-0.5813,0.024134383892609024,4.330044352842826,4.299694504228061
PART-FLOOR-1,210,Floor/S4R,-225.0,-10.0,0.0,0.0037802223,-0.0009099811,-0.5573568,0.00640309,0.000610619,-0.5813,0.024134383892609024,4.330044352842826,4.299694504228061
PART-FLOOR-1,219,Floor/S4R,225.0,-10.0,0.0,-0.0037802223,-0.0009099811,-0.5573568,-0.00640309,0.000610619,-0.5813,0.024134383892609024,4.330044352842826,4.299694504228061
PART-FLOOR-1,231,Floor/S4R,225.0,10.0,0.0,-0.0037802223,0.0009099811,-0.5573568,-0.00640309,-0.000610619,-0.5813,0.024134383892609024,4.330044352842826,4.299694504228061
PART-SUPPORTBEAM-2,97,SupportBeam/B31,-80.0,10.0,-12.0,-0.006424054,0.0011455638,-0.25458536,-0.00135829,-7.79261e-05,-0.231027,0.02412789295252896,9.474217677408683,9.28184049109561
PART-SUPPORTBEAM-2,232,SupportBeam/B31,80.0,10.0,-12.0,0.006424054,0.0011455638,-0.25458536,0.00135829,-7.79261e-05,-0.231027,0.02412789295252896,9.474217677408683,9.28184049109561
PART-SUPPORTBEAM-1,97,SupportBeam/B31,-80.0,-10.0,-12.0,-0.006424054,-0.0011455638,-0.25458536,-0.00135829,7.79261e-05,-0.231027,0.02412789295252896,9.474217677408683,9.28184049109561
PART-SUPPORTBEAM-1,232,SupportBeam/B31,80.0,-10.0,-12.0,0.006424054,-0.0011455638,-0.25458536,0.00135829,7.79261e-05,-0.231027,0.02412789295252896,9.474217677408683,9.28184049109561
PART-FLOOR-1,270,Floor/S4R,135.0,0.0,0.0,-0.008355736,6.0943127e-15,-0.4142407,-0.00739217,4.38286e-13,-0.438242,0.024020634070031462,5.797534822290981,5.787576978381029
PART-FLOOR-1,417,Floor/S4R,-135.0,0.0,0.0,0.008355736,3.6806563e-15,-0.4142407,0.00739217,3.85824e-13,-0.438242,0.024020634070031462,5.797534822290981,5.787576978381029
PART-PIER-2,40,Pier/C3D8R,-16.0,-10.0,30.0,-0.0007990494,0.031918276,-0.014324843,-0.00210243,0.0222243,-0.036256,0.02401348827296195,68.6207239935311,21.668864093810605
PART-PIER-2,253,Pier/C3D8R,16.0,-10.0,30.0,0.0007990494,0.031918276,-0.014324843,0.00210243,0.0222243,-0.036256,0.02401348827296195,68.6207239935311,21.668864093810605
PART-PIER-1,126,Pier/C3D8R,-16.0,10.0,30.0,-0.0007990494,-0.031918276,-0.014324843,-0.00210243,-0.0222243,-0.036256,0.02401348827296195,68.6207239935311,21.668864093810605
PART-PIER-1,206,Pier/C3D8R,16.0,10.0,30.0,0.0007990494,-0.031918276,-0.014324843,0.00210243,-0.0222243,-0.036256,0.02401348827296195,68.6207239935311,21.668864093810605
PART-SUPPORTBEAM-2,199,SupportBeam/B31,-96.15385,10.0,-30.0,-0.0096204495,0.0026086476,-0.2381621,0.0137862,-4.34609e-05,-0.234036,0.023915050104936483,10.032717914737253,1.648232854444116
PART-SUPPORTBEAM-2,223,SupportBeam/B31,96.15385,10.0,-30.0,0.0096204495,0.0026086476,-0.2381621,-0.0137862,-4.34609e-05,-0.234036,0.023915050104936483,10.032717914737253,1.648232854444116
PART-SUPPORTBEAM-1,199,SupportBeam/B31,-96.15385,-10.0,-30.0,-0.0096204495,-0.0026086476,-0.2381621,0.0137862,4.34609e-05,-0.234036,0.023915050104936483,10.032717914737253,1.648232854444116
PART-SUPPORTBEAM-1,223,SupportBeam/B31,96.15385,-10.0,-30.0,0.0096204495,-0.0026086476,-0.2381621,-0.0137862,4.34609e-05,-0.234036,0.023915050104936483,10.032717914737253,1.648232854444116
PART-PIER-2,380,Pier/C3D8R,-10.83333,-20.0,25.0,-0.00016263236,0.027824963,-0.0057613216,-0.000842952,0.0174472,-0.0272728,0.023893607987292443,84.08615521260934,13.976192844275207
PART-PIER-2,540,Pier/C3D8R,10.83333,-20.0,25.0,0.00016263236,0.027824963,-0.0057613216,0.000842952,0.0174472,-0.0272728,0.023893607987292443,84.08615521260934,13.976192844275207
PART-PIER-1,302,Pier/C3D8R,-10.83333,20.0,25.0,-0.00016263236,-0.027824963,-0.0057613216,-0.000842952,-0.0174472,-0.0272728,0.023893607987292443,84.08615521260934,13.976192844275207
PART-PIER-1,618,Pier/C3D8R,10.83333,20.0,25.0,0.00016263236,-0.027824963,-0.0057613216,0.000842952,-0.0174472,-0.0272728,0.023893607987292443,84.08615521260934,13.976192844275207
PART-PIER-2,156,Pier/C3D8R,0.0,-20.0,25.0,-8.5010964e-16,0.028031396,-0.005820901,-1.73974e-14,0.0178934,-0.0274485,0.023885811717436298,83.43108454370353,14.447920320984068
PART-PIER-1,88,Pier/C3D8R,0.0,20.0,25.0,-4.6547226e-15,-0.028031396,-0.005820901,-7.54476e-14,-0.0178934,-0.0274485,0.023885811717436298,83.43108454370353,14.447920320984068
PART-PIER-2,151,Pier/C3D8R,0.0,-20.0,0.0,-4.4034122e-16,0.012055557,-0.00435045,-6.80858e-15,0.00270346,-0.0261416,0.023713201737005255,185.0207738380881,105.05600552320809
PART-PIER-1,93,Pier/C3D8R,0.0,20.0,0.0,-2.0402464e-15,-0.012055557,-0.00435045,-3.83371e-14,-0.00270346,-0.0261416,0.023713201737005255,185.0207738380881,105.05600552320809
PART-FLOOR-1,73,Floor/S4R,70.0,10.0,0.0,-0.0062314016,-6.112492e-05,-0.44499007,-0.0032859,0.000135789,-0.421468,0.023706592582072875,5.326920734435816,5.292379402108565
PART-FLOOR-1,83,Floor/S4R,70.0,-10.0,0.0,-0.0062314016,6.112492e-05,-0.44499007,-0.0032859,-0.000135789,-0.421468,0.023706592582072875,5.326920734435816,5.292379402108565
PART-FLOOR-1,134,Floor/S4R,-70.0,10.0,0.0,0.0062314016,-6.112492e-05,-0.44499007,0.0032859,0.000135789,-0.421468,0.023706592582072875,5.326920734435816,5.292379402108565
PART-FLOOR-1,148,Floor/S4R,-70.0,-10.0,0.0,0.0062314016,6.112492e-05,-0.44499007,0.0032859,-0.000135789,-0.421468,0.023706592582072875,5.326920734435816,5.292379402108565
PART-PIER-2,379,Pier/C3D8R,-5.41667,-20.0,25.0,-7.927202e-05,0.027981889,-0.0057956656,-0.000403696,0.0178571,-0.0272133,0.02369243901554636,82.91055724417208,13.912553764802624
PART-PIER-2,539,Pier/C3D8R,5.41667,-20.0,25.0,7.927202e-05,0.027981889,-0.0057956656,0.000403696,0.0178571,-0.0272133,0.02369243901554636,82.91055724417208,13.912553764802624
PART-PIER-1,301,Pier/C3D8R,-5.41667,20.0,25.0,-7.927202e-05,-0.027981889,-0.0057956656,-0.000403696,-0.0178571,-0.0272133,0.02369243901554636,82.91055724417208,13.912553764802624
PART-PIER-1,617,Pier/C3D8R,5.41667,20.0,25.0,7.927202e-05,-0.027981889,-0.0057956656,0.000403696,-0.0178571,-0.0272133,0.02369243901554636,82.91055724417208,13.912553764802624
PART-PIER-2,734,Pier/C3D8R,-5.41667,-15.0,25.0,-0.00016961414,0.028097002,-0.009697976,-0.000538648,0.0181336,-0.0311411,0.023647687673064494,79.55733659383147,21.24868086977056
PART-PIER-2,812,Pier/C3D8R,5.41667,-15.0,25.0,0.00016961414,0.028097002,-0.009697976,0.000538648,0.0181336,-0.0311411,0.023647687673064494,79.55733659383147,21.24868086977056
PART-PIER-1,734,Pier/C3D8R,-5.41667,15.0,25.0,-0.00016961414,-0.028097002,-0.009697976,-0.000538648,-0.0181336,-0.0311411,0.023647687673064494,79.55733659383147,21.24868086977056
PART-PIER-1,812,Pier/C3D8R,5.41667,15.0,25.0,0.00016961414,-0.028097002,-0.009697976,0.000538648,-0.0181336,-0.0311411,0.023647687673064494,79.55733659383147,21.24868086977056
PART-PIER-2,443,Pier/C3D8R,0.0,-15.0,25.0,4.6572108e-17,0.028136572,-0.00973879,-1.1897e-14,0.0181362,-0.0310737,0.023562381561431433,79.13656403307581,20.839371996484836
PART-PIER-1,443,Pier/C3D8R,0.0,15.0,25.0,-5.1248284e-15,-0.028136572,-0.00973879,-4.99421e-14,-0.0181362,-0.0310737,0.023562381561431433,79.13656403307581,20.839371996484836
PART-PIER-2,127,Pier/C3D8R,-16.25,-20.0,25.0,-0.00023184206,0.027586771,-0.005691104,-0.00122397,0.0174022,-0.0269137,0.023560738215993693,83.64172772707906,13.86091083905514
PART-PIER-2,205,Pier/C3D8R,16.25,-20.0,25.0,0.00023184206,0.027586771,-0.005691104,0.00122397,0.0174022,-0.0269137,0.023560738215993693,83.64172772707906,13.86091083905514
PART-PIER-1,39,Pier/C3D8R,-16.25,20.0,25.0,-0.00023184206,-0.027586771,-0.005691104,-0.00122397,-0.0174022,-0.0269137,0.023560738215993693,83.64172772707906,13.86091083905514
PART-PIER-1,254,Pier/C3D8R,16.25,20.0,25.0,0.00023184206,-0.027586771,-0.005691104,0.00122397,-0.0174022,-0.0269137,0.023560738215993693,83.64172772707906,13.86091083905514
PART-PIER-2,482,Pier/C3D8R,-16.25,-15.0,25.0,-0.0005152236,0.027671577,-0.009578619,-0.00162276,0.0174641,-0.0307073,0.02349128315743129,80.21046645298907,20.74737058115988
PART-PIER-2,681,Pier/C3D8R,16.25,-15.0,25.0,0.0005152236,0.027671577,-0.009578619,0.00162276,0.0174641,-0.0307073,0.02349128315743129,80.21046645298907,20.74737058115988
PART-PIER-1,482,Pier/C3D8R,-16.25,15.0,25.0,-0.0005152236,-0.027671577,-0.009578619,-0.00162276,-0.0174641,-0.0307073,0.02349128315743129,80.21046645298907,20.74737058115988
PART-PIER-1,681,Pier/C3D8R,16.25,15.0,25.0,0.0005152236,-0.027671577,-0.009578619,0.00162276,-0.0174641,-0.0307073,0.02349128315743129,80.21046645298907,20.74737058115988
PART-PIER-2,301,Pier/C3D8R,-5.41667,-10.0,25.0,-0.00026693058,0.02830863,-0.01358185,-0.000578988,0.0185534,-0.0348888,0.02343604084500573,74.63872178663703,25.861115923111793
PART-PIER-2,617,Pier/C3D8R,5.41667,-10.0,25.0,0.00026693058,0.02830863,-0.01358185,0.000578988,0.0185534,-0.0348888,0.02343604084500573,74.63872178663703,25.861115923111793
PART-PIER-1,379,Pier/C3D8R,-5.41667,10.0,25.0,-0.00026693058,-0.02830863,-0.01358185,-0.000578988,-0.0185534,-0.0348888,0.02343604084500573,74.63872178663703,25.861115923111793
PART-PIER-1,539,Pier/C3D8R,5.41667,10.0,25.0,0.00026693058,-0.02830863,-0.01358185,0.000578988,-0.0185534,-0.0348888,0.02343604084500573,74.63872178663703,25.861115923111793
PART-PIER-2,735,Pier/C3D8R,-10.83333,-15.0,25.0,-0.00035306855,0.027932886,-0.009677967,-0.00101164,0.0182078,-0.030868,0.02332441880526158,78.89449694462486,21.26955617501872
PART-PIER-2,813,Pier/C3D8R,10.83333,-15.0,25.0,0.00035306855,0.027932886,-0.009677967,0.00101164,0.0182078,-0.030868,0.02332441880526158,78.89449694462486,21.26955617501872
PART-PIER-1,735,Pier/C3D8R,-10.83333,15.0,25.0,-0.00035306855,-0.027932886,-0.009677967,-0.00101164,-0.0182078,-0.030868,0.02332441880526158,78.89449694462486,21.26955617501872
PART-PIER-1,813,Pier/C3D8R,10.83333,15.0,25.0,0.00035306855,-0.027932886,-0.009677967,0.00101164,-0.0182078,-0.030868,0.02332441880526158,78.89449694462486,21.26955617501872
PART-PIER-2,39,Pier/C3D8R,-16.25,-10.0,25.0,-0.00079187384,0.027913177,-0.013438364,-0.00171145,0.0181737,-0.0345254,0.023245776386536656,75.01127373780945,26.02250695298708
PART-PIER-2,254,Pier/C3D8R,16.25,-10.0,25.0,0.00079187384,0.027913177,-0.013438364,0.00171145,0.0181737,-0.0345254,0.023245776386536656,75.01127373780945,26.02250695298708
PART-PIER-1,127,Pier/C3D8R,-16.25,10.0,25.0,-0.00079187384,-0.027913177,-0.013438364,-0.00171145,-0.0181737,-0.0345254,0.023245776386536656,75.01127373780945,26.02250695298708
PART-PIER-1,205,Pier/C3D8R,16.25,10.0,25.0,0.00079187384,-0.027913177,-0.013438364,0.00171145,-0.0181737,-0.0345254,0.023245776386536656,75.01127373780945,26.02250695298708
PART-FLOOR-1,465,Floor/S4R,-225.0,0.0,0.0,0.0038366083,2.9238233e-16,-0.5360862,0.00642789,3.91725e-14,-0.559097,0.02315624445994546,4.319389581431402,4.296590886999849
PART-FLOOR-1,492,Floor/S4R,225.0,0.0,0.0,-0.0038366083,5.642355e-16,-0.5360862,-0.00642789,4.49826e-14,-0.559097,0.02315624445994546,4.319389581431402,4.296590886999849
PART-PIER-2,377,Pier/C3D8R,-5.5,-20.0,20.0,-8.756832e-05,0.024213294,-0.0055541988,-0.000420166,0.0141702,-0.0262345,0.02299237299698095,92.55327861041214,20.036312782028556
PART-PIER-2,537,Pier/C3D8R,5.5,-20.0,20.0,8.756832e-05,0.024213294,-0.0055541988,0.000420166,0.0141702,-0.0262345,0.02299237299698095,92.55327861041214,20.036312782028556
PART-PIER-1,299,Pier/C3D8R,-5.5,20.0,20.0,-8.756832e-05,-0.024213294,-0.0055541988,-0.000420166,-0.0141702,-0.0262345,0.02299237299698095,92.55327861041214,20.036312782028556
PART-PIER-1,615,Pier/C3D8R,5.5,20.0,20.0,8.756832e-05,-0.024213294,-0.0055541988,0.000420166,-0.0141702,-0.0262345,0.02299237299698095,92.55327861041214,20.036312782028556
PART-PIER-2,302,Pier/C3D8R,-10.83333,-10.0,25.0,-0.000545843,0.028155524,-0.013571721,-0.00150354,0.0187135,-0.0344348,0.022920232680333462,73.31995044837683,25.461686274173466
PART-PIER-2,618,Pier/C3D8R,10.83333,-10.0,25.0,0.000545843,0.028155524,-0.013571721,0.00150354,0.0187135,-0.0344348,0.022920232680333462,73.31995044837683,25.461686274173466
PART-PIER-1,380,Pier/C3D8R,-10.83333,10.0,25.0,-0.000545843,-0.028155524,-0.013571721,-0.00150354,-0.0187135,-0.0344348,0.022920232680333462,73.31995044837683,25.461686274173466
PART-PIER-1,540,Pier/C3D8R,10.83333,10.0,25.0,0.000545843,-0.028155524,-0.013571721,0.00150354,-0.0187135,-0.0344348,0.022920232680333462,73.31995044837683,25.461686274173466
PART-FLOOR-1,272,Floor/S4R,130.0,-5.0,0.0,-0.00827525,3.8672883e-05,-0.45530856,-0.00700018,-0.000117382,-0.478192,0.022919467333797475,5.033000625399264,5.019830346996272
PART-FLOOR-1,274,Floor/S4R,130.0,5.0,0.0,-0.00827525,-3.8672883e-05,-0.45530856,-0.00700018,0.000117382,-0.478192,0.022919467333797475,5.033000625399264,5.019830346996272
PART-FLOOR-1,413,Floor/S4R,-130.0,-5.0,0.0,0.00827525,3.8672883e-05,-0.45530856,0.00700018,-0.000117382,-0.478192,0.022919467333797475,5.033000625399264,5.019830346996272
PART-FLOOR-1,415,Floor/S4R,-130.0,5.0,0.0,0.00827525,-3.8672883e-05,-0.45530856,0.00700018,0.000117382,-0.478192,0.022919467333797475,5.033000625399264,5.019830346996272
PART-PIER-2,128,Pier/C3D8R,-16.5,-20.0,20.0,-0.0002696308,0.023784135,-0.005449381,-0.0013272,0.0135629,-0.0258527,0.02284485770920394,93.61911247430311,19.7634433180255
PART-PIER-2,204,Pier/C3D8R,16.5,-20.0,20.0,0.0002696308,0.023784135,-0.005449381,0.0013272,0.0135629,-0.0258527,0.02284485770920394,93.61911247430311,19.7634433180255
PART-PIER-1,38,Pier/C3D8R,-16.5,20.0,20.0,-0.0002696308,-0.023784135,-0.005449381,-0.0013272,-0.0135629,-0.0258527,0.02284485770920394,93.61911247430311,19.7634433180255
PART-PIER-1,255,Pier/C3D8R,16.5,20.0,20.0,0.0002696308,-0.023784135,-0.005449381,0.0013272,-0.0135629,-0.0258527,0.02284485770920394,93.61911247430311,19.7634433180255
PART-PIER-2,155,Pier/C3D8R,0.0,-20.0,20.0,-7.0180687e-16,0.024266805,-0.0055624167,-1.48656e-14,0.0143589,-0.026145,0.02284314594775562,91.75372732743232,19.811670442076007
PART-PIER-1,89,Pier/C3D8R,0.0,20.0,20.0,-4.0146943e-15,-0.024266805,-0.0055624167,-6.6827e-14,-0.0143589,-0.026145,0.02284314594775562,91.75372732743232,19.811670442076007
PART-PIER-2,89,Pier/C3D8R,0.0,-10.0,20.0,8.241043e-16,0.024597123,-0.012775933,-5.4294e-15,0.0145217,-0.0332406,0.02281045251742758,82.29711607856636,30.872532034493826
PART-PIER-1,155,Pier/C3D8R,0.0,10.0,20.0,-4.954139e-15,-0.024597123,-0.012775933,-2.04958e-14,-0.0145217,-0.0332406,0.02281045251742758,82.29711607856636,30.872532034493826
PART-PIER-2,88,Pier/C3D8R,0.0,-10.0,25.0,8.066258e-16,0.028362138,-0.013637816,-7.48553e-15,0.0194931,-0.0345819,0.022744548569811184,72.27228883923345,26.141289336195918
PART-PIER-1,156,Pier/C3D8R,0.0,10.0,25.0,-5.6038446e-15,-0.028362138,-0.013637816,-2.50052e-14,-0.0194931,-0.0345819,0.022744548569811184,72.27228883923345,26.141289336195918
PART-PIER-2,733,Pier/C3D8R,-11.0,-15.0,20.0,-0.00035759096,0.024195923,-0.009096483,-0.00116926,0.0142965,-0.0293241,0.022534725910516695,87.16882010896343,26.275240363038638
PART-PIER-2,811,Pier/C3D8R,11.0,-15.0,20.0,0.00035759096,0.024195923,-0.009096483,0.00116926,0.0142965,-0.0293241,0.022534725910516695,87.16882010896343,26.275240363038638
PART-PIER-1,733,Pier/C3D8R,-11.0,15.0,20.0,-0.00035759096,-0.024195923,-0.009096483,-0.00116926,-0.0142965,-0.0293241,0.022534725910516695,87.16882010896343,26.275240363038638
PART-PIER-1,811,Pier/C3D8R,11.0,15.0,20.0,0.00035759096,-0.024195923,-0.009096483,0.00116926,-0.0142965,-0.0293241,0.022534725910516695,87.16882010896343,26.275240363038638
PART-PIER-2,378,Pier/C3D8R,-11.0,-20.0,20.0,-0.00016901683,0.02405944,-0.005502424,-0.00081058,0.014194,-0.0257307,0.022514920822132075,91.22293926870293,19.10765173120364
PART-PIER-2,538,Pier/C3D8R,11.0,-20.0,20.0,0.00016901683,0.02405944,-0.005502424,0.00081058,0.014194,-0.0257307,0.022514920822132075,91.22293926870293,19.10765173120364
PART-PIER-1,300,Pier/C3D8R,-11.0,20.0,20.0,-0.00016901683,-0.02405944,-0.005502424,-0.00081058,-0.014194,-0.0257307,0.022514920822132075,91.22293926870293,19.10765173120364
PART-PIER-1,616,Pier/C3D8R,11.0,20.0,20.0,0.00016901683,-0.02405944,-0.005502424,0.00081058,-0.014194,-0.0257307,0.022514920822132075,91.22293926870293,19.10765173120364
PART-SUPPORTBEAM-2,9,SupportBeam/B31,-100.0,10.0,-30.0,-0.009724684,0.0026040894,-0.23576926,0.012586,2.17735e-06,-0.23507,0.022472773113512076,9.523003143466028,0.24467874037936488
PART-SUPPORTBEAM-2,13,SupportBeam/B31,100.0,10.0,-30.0,0.009724684,0.0026040894,-0.23576926,-0.012586,2.17735e-06,-0.23507,0.022472773113512076,9.523003143466028,0.24467874037936488
PART-SUPPORTBEAM-1,9,SupportBeam/B31,-100.0,-10.0,-30.0,-0.009724684,-0.0026040894,-0.23576926,0.012586,-2.17735e-06,-0.23507,0.022472773113512076,9.523003143466028,0.24467874037936488
PART-SUPPORTBEAM-1,13,SupportBeam/B31,100.0,-10.0,-30.0,0.009724684,-0.0026040894,-0.23576926,-0.012586,-2.17735e-06,-0.23507,0.022472773113512076,9.523003143466028,0.24467874037936488
PART-PIER-2,442,Pier/C3D8R,0.0,-15.0,20.0,-5.2428494e-18,0.024404764,-0.009160777,-1.08636e-14,0.0149689,-0.029318,0.022256441056427354,85.38017582339945,26.28112645036626
PART-PIER-1,442,Pier/C3D8R,0.0,15.0,20.0,-4.5545372e-15,-0.024404764,-0.009160777,-4.37183e-14,-0.0149689,-0.029318,0.022256441056427354,85.38017582339945,26.28112645036626
PART-PIER-2,732,Pier/C3D8R,-5.5,-15.0,20.0,-0.00018574978,0.024343563,-0.009161227,-0.000553343,0.0148234,-0.0292403,0.022224711491069755,85.44354060799762,26.053326034308682
PART-PIER-2,810,Pier/C3D8R,5.5,-15.0,20.0,0.00018574978,0.024343563,-0.009161227,0.000553343,0.0148234,-0.0292403,0.022224711491069755,85.44354060799762,26.053326034308682
PART-PIER-1,732,Pier/C3D8R,-5.5,15.0,20.0,-0.00018574978,-0.024343563,-0.009161227,-0.000553343,-0.0148234,-0.0292403,0.022224711491069755,85.44354060799762,26.053326034308682
PART-PIER-1,810,Pier/C3D8R,5.5,15.0,20.0,0.00018574978,-0.024343563,-0.009161227,0.000553343,-0.0148234,-0.0292403,0.022224711491069755,85.44354060799762,26.053326034308682
PART-PIER-2,300,Pier/C3D8R,-11.0,-10.0,20.0,-0.00054386345,0.024390437,-0.01271057,-0.00113067,0.0149597,-0.032755,0.02215992590951495,80.55504083611194,30.965000963082456
PART-PIER-2,616,Pier/C3D8R,11.0,-10.0,20.0,0.00054386345,0.024390437,-0.01271057,0.00113067,0.0149597,-0.032755,0.02215992590951495,80.55504083611194,30.965000963082456
PART-PIER-1,378,Pier/C3D8R,-11.0,10.0,20.0,-0.00054386345,-0.024390437,-0.01271057,-0.00113067,-0.0149597,-0.032755,0.02215992590951495,80.55504083611194,30.965000963082456
PART-PIER-1,538,Pier/C3D8R,11.0,10.0,20.0,0.00054386345,-0.024390437,-0.01271057,0.00113067,-0.0149597,-0.032755,0.02215992590951495,80.55504083611194,30.965000963082456
PART-FLOOR-1,51,Floor/S4R,125.0,10.0,0.0,-0.008138044,-2.2662793e-05,-0.47747365,-0.00660822,0.000236049,-0.499565,0.02214576794977567,4.6374395715659915,4.6206860495376985
PART-FLOOR-1,63,Floor/S4R,125.0,-10.0,0.0,-0.008138044,2.2662793e-05,-0.47747365,-0.00660822,-0.000236049,-0.499565,0.02214576794977567,4.6374395715659915,4.6206860495376985
PART-FLOOR-1,156,Floor/S4R,-125.0,10.0,0.0,0.008138044,-2.2662793e-05,-0.47747365,0.00660822,0.000236049,-0.499565,0.02214576794977567,4.6374395715659915,4.6206860495376985
PART-FLOOR-1,168,Floor/S4R,-125.0,-10.0,0.0,0.008138044,2.2662793e-05,-0.47747365,0.00660822,-0.000236049,-0.499565,0.02214576794977567,4.6374395715659915,4.6206860495376985
PART-PIER-2,481,Pier/C3D8R,-16.5,-15.0,20.0,-0.00055381155,0.023939446,-0.009031435,-0.00160068,0.0144365,-0.0288461,0.022000519659606824,85.96507294858168,26.196200965779177
PART-PIER-2,680,Pier/C3D8R,16.5,-15.0,20.0,0.00055381155,0.023939446,-0.009031435,0.00160068,0.0144365,-0.0288461,0.022000519659606824,85.96507294858168,26.196200965779177
PART-PIER-1,481,Pier/C3D8R,-16.5,15.0,20.0,-0.00055381155,-0.023939446,-0.009031435,-0.00160068,-0.0144365,-0.0288461,0.022000519659606824,85.96507294858168,26.196200965779177
PART-PIER-1,680,Pier/C3D8R,16.5,15.0,20.0,0.00055381155,-0.023939446,-0.009031435,0.00160068,-0.0144365,-0.0288461,0.022000519659606824,85.96507294858168,26.196200965779177
PART-PIER-2,376,Pier/C3D8R,-11.16667,-20.0,15.0,-0.00019484093,0.020593435,-0.005213673,-0.000980514,0.0107821,-0.0248523,0.02196714016662791,103.40370121989808,27.603467087752374
PART-PIER-2,536,Pier/C3D8R,11.16667,-20.0,15.0,0.00019484093,0.020593435,-0.005213673,0.000980514,0.0107821,-0.0248523,0.02196714016662791,103.40370121989808,27.603467087752374
PART-PIER-1,298,Pier/C3D8R,-11.16667,20.0,15.0,-0.00019484093,-0.020593435,-0.005213673,-0.000980514,-0.0107821,-0.0248523,0.02196714016662791,103.40370121989808,27.603467087752374
PART-PIER-1,614,Pier/C3D8R,11.16667,20.0,15.0,0.00019484093,-0.020593435,-0.005213673,0.000980514,-0.0107821,-0.0248523,0.02196714016662791,103.40370121989808,27.603467087752374
PART-FLOOR-1,197,Floor/S4R,-220.0,10.0,0.0,0.009543483,-0.0022181403,-0.51777947,0.00738821,-0.000589278,-0.539523,0.02191071634971774,4.230912161801365,4.19055982341295
PART-FLOOR-1,211,Floor/S4R,-220.0,-10.0,0.0,0.009543483,0.0022181403,-0.51777947,0.00738821,0.000589278,-0.539523,0.02191071634971774,4.230912161801365,4.19055982341295
PART-FLOOR-1,218,Floor/S4R,220.0,-10.0,0.0,-0.009543483,0.0022181403,-0.51777947,-0.00738821,0.000589278,-0.539523,0.02191071634971774,4.230912161801365,4.19055982341295
PART-FLOOR-1,232,Floor/S4R,220.0,10.0,0.0,-0.009543483,-0.0022181403,-0.51777947,-0.00738821,-0.000589278,-0.539523,0.02191071634971774,4.230912161801365,4.19055982341295
PART-PIER-2,292,Pier/C3D8R,-11.66667,-10.0,0.0,-0.0006051582,0.012225178,-0.009260981,-0.00281146,0.00180111,-0.028257,0.021780213478055453,141.90134296153033,85.379338182609
PART-PIER-2,608,Pier/C3D8R,11.66667,-10.0,0.0,0.0006051582,0.012225178,-0.009260981,0.00281146,0.00180111,-0.028257,0.021780213478055453,141.90134296153033,85.379338182609
PART-PIER-1,370,Pier/C3D8R,-11.66667,10.0,0.0,-0.0006051582,-0.012225178,-0.009260981,-0.00281146,-0.00180111,-0.028257,0.021780213478055453,141.90134296153033,85.379338182609
PART-PIER-1,530,Pier/C3D8R,11.66667,10.0,0.0,0.0006051582,-0.012225178,-0.009260981,0.00281146,-0.00180111,-0.028257,0.021780213478055453,141.90134296153033,85.379338182609
PART-PIER-2,724,Pier/C3D8R,-5.83333,-15.0,0.0,-0.00021746369,0.012168562,-0.0068027806,-0.00134128,0.00275395,-0.0264105,0.021779819610784255,156.20943005888267,90.69147550575588
PART-PIER-2,802,Pier/C3D8R,5.83333,-15.0,0.0,0.00021746369,0.012168562,-0.0068027806,0.00134128,0.00275395,-0.0264105,0.021779819610784255,156.20943005888267,90.69147550575588
PART-PIER-1,724,Pier/C3D8R,-5.83333,15.0,0.0,-0.00021746369,-0.012168562,-0.0068027806,-0.00134128,-0.00275395,-0.0264105,0.021779819610784255,156.20943005888267,90.69147550575588
PART-PIER-1,802,Pier/C3D8R,5.83333,15.0,0.0,0.00021746369,-0.012168562,-0.0068027806,0.00134128,-0.00275395,-0.0264105,0.021779819610784255,156.20943005888267,90.69147550575588
PART-PIER-2,441,Pier/C3D8R,0.0,-15.0,15.0,4.7872065e-17,0.020919057,-0.008622583,-9.05277e-15,0.0114257,-0.0280628,0.02163436766204499,95.61541995812297,33.912465338985335
PART-PIER-1,441,Pier/C3D8R,0.0,15.0,15.0,-3.890248e-15,-0.020919057,-0.008622583,-3.79549e-14,-0.0114257,-0.0280628,0.02163436766204499,95.61541995812297,33.912465338985335
PART-PIER-2,299,Pier/C3D8R,-5.5,-10.0,20.0,-0.00027844447,0.024546817,-0.012785182,-0.000743036,0.0155835,-0.0324618,0.021626978356907852,78.13713256136886,30.124600191494388
PART-PIER-2,615,Pier/C3D8R,5.5,-10.0,20.0,0.00027844447,0.024546817,-0.012785182,0.000743036,0.0155835,-0.0324618,0.021626978356907852,78.13713256136886,30.124600191494388
PART-PIER-1,377,Pier/C3D8R,-5.5,10.0,20.0,-0.00027844447,-0.024546817,-0.012785182,-0.000743036,-0.0155835,-0.0324618,0.021626978356907852,78.13713256136886,30.124600191494388
PART-PIER-1,537,Pier/C3D8R,5.5,10.0,20.0,0.00027844447,-0.024546817,-0.012785182,0.000743036,-0.0155835,-0.0324618,0.021626978356907852,78.13713256136886,30.124600191494388
PART-FLOOR-1,276,Floor/S4R,125.0,0.0,0.0,-0.008157784,6.4586758e-15,-0.46901724,-0.006607,4.75564e-13,-0.490539,0.02157755974414753,4.599894146195872,4.582360630951252
PART-FLOOR-1,411,Floor/S4R,-125.0,0.0,0.0,0.008157784,4.0004e-15,-0.46901724,0.006607,4.21894e-13,-0.490539,0.02157755974414753,4.599894146195872,4.582360630951252
PART-PIER-2,38,Pier/C3D8R,-16.5,-10.0,20.0,-0.00084306864,0.024119247,-0.012636483,-0.00238295,0.0147889,-0.0320253,0.02157203825332167,79.18653165746655,29.78271584503685
PART-PIER-2,255,Pier/C3D8R,16.5,-10.0,20.0,0.00084306864,0.024119247,-0.012636483,0.00238295,0.0147889,-0.0320253,0.02157203825332167,79.18653165746655,29.78271584503685
PART-PIER-1,128,Pier/C3D8R,-16.5,10.0,20.0,-0.00084306864,-0.024119247,-0.012636483,-0.00238295,-0.0147889,-0.0320253,0.02157203825332167,79.18653165746655,29.78271584503685
PART-PIER-1,204,Pier/C3D8R,16.5,10.0,20.0,0.00084306864,-0.024119247,-0.012636483,0.00238295,-0.0147889,-0.0320253,0.02157203825332167,79.18653165746655,29.78271584503685
PART-PIER-2,154,Pier/C3D8R,0.0,-20.0,15.0,-6.675282e-16,0.020804655,-0.0052780006,-1.3442e-14,0.0110722,-0.0244711,0.02151965949789414,100.26065790948041,25.138733900887473
PART-PIER-1,90,Pier/C3D8R,0.0,20.0,15.0,-3.4956349e-15,-0.020804655,-0.0052780006,-5.88351e-14,-0.0110722,-0.0244711,0.02151965949789414,100.26065790948041,25.138733900887473
PART-SUPPORTBEAM-2,122,SupportBeam/B31,-103.84615,10.0,-30.0,-0.009833789,0.002599608,-0.23551787,0.011383,4.64711e-05,-0.237486,0.02146029308275082,9.10347352154759,0.8574093028723316
PART-SUPPORTBEAM-2,245,SupportBeam/B31,103.84615,10.0,-30.0,0.009833789,0.002599608,-0.23551787,-0.011383,4.64711e-05,-0.237486,0.02146029308275082,9.10347352154759,0.8574093028723316
PART-SUPPORTBEAM-1,122,SupportBeam/B31,-103.84615,-10.0,-30.0,-0.009833789,-0.002599608,-0.23551787,0.011383,-4.64711e-05,-0.237486,0.02146029308275082,9.10347352154759,0.8574093028723316
PART-SUPPORTBEAM-1,245,SupportBeam/B31,103.84615,-10.0,-30.0,0.009833789,-0.002599608,-0.23551787,-0.011383,-4.64711e-05,-0.237486,0.02146029308275082,9.10347352154759,0.8574093028723316
PART-PIER-2,375,Pier/C3D8R,-5.58333,-20.0,15.0,-9.339573e-05,0.020753298,-0.00526048,-0.000479026,0.0112194,-0.0244308,0.021413665979508136,100.01792456215468,25.58751561047642
PART-PIER-2,535,Pier/C3D8R,5.58333,-20.0,15.0,9.339573e-05,0.020753298,-0.00526048,0.000479026,0.0112194,-0.0244308,0.021413665979508136,100.01792456215468,25.58751561047642
PART-PIER-1,297,Pier/C3D8R,-5.58333,20.0,15.0,-9.339573e-05,-0.020753298,-0.00526048,-0.000479026,-0.0112194,-0.0244308,0.021413665979508136,100.01792456215468,25.58751561047642
PART-PIER-1,613,Pier/C3D8R,5.58333,20.0,15.0,9.339573e-05,-0.020753298,-0.00526048,0.000479026,-0.0112194,-0.0244308,0.021413665979508136,100.01792456215468,25.58751561047642
PART-PIER-2,730,Pier/C3D8R,-5.58333,-15.0,15.0,-0.00018488978,0.020873774,-0.00859833,-0.000553388,0.0114714,-0.027817,0.021398544444492462,94.78409721954039,33.3029533131684
PART-PIER-2,808,Pier/C3D8R,5.58333,-15.0,15.0,0.00018488978,0.020873774,-0.00859833,0.000553388,0.0114714,-0.027817,0.021398544444492462,94.78409721954039,33.3029533131684
PART-PIER-1,730,Pier/C3D8R,-5.58333,15.0,15.0,-0.00018488978,-0.020873774,-0.00859833,-0.000553388,-0.0114714,-0.027817,0.021398544444492462,94.78409721954039,33.3029533131684
PART-PIER-1,808,Pier/C3D8R,5.58333,15.0,15.0,0.00018488978,-0.020873774,-0.00859833,0.000553388,-0.0114714,-0.027817,0.021398544444492462,94.78409721954039,33.3029533131684
PART-PIER-2,480,Pier/C3D8R,-16.75,-15.0,15.0,-0.00055903016,0.020442609,-0.0084666535,-0.00185004,0.0107499,-0.0274934,0.021392344344202206,96.65091973104926,33.63474308353759
PART-PIER-2,679,Pier/C3D8R,16.75,-15.0,15.0,0.00055903016,0.020442609,-0.0084666535,0.00185004,0.0107499,-0.0274934,0.021392344344202206,96.65091973104926,33.63474308353759
PART-PIER-1,480,Pier/C3D8R,-16.75,15.0,15.0,-0.00055903016,-0.020442609,-0.0084666535,-0.00185004,-0.0107499,-0.0274934,0.021392344344202206,96.65091973104926,33.63474308353759
PART-PIER-1,679,Pier/C3D8R,16.75,15.0,15.0,0.00055903016,-0.020442609,-0.0084666535,0.00185004,-0.0107499,-0.0274934,0.021392344344202206,96.65091973104926,33.63474308353759
PART-PIER-2,91,Pier/C3D8R,0.0,-10.0,10.0,7.44497e-16,0.017958155,-0.011083102,-3.42779e-15,0.0080791,-0.0300433,0.021379542462181666,101.3111385124234,47.42383076057188
PART-PIER-1,153,Pier/C3D8R,0.0,10.0,10.0,-3.778531e-15,-0.017958155,-0.011083102,-1.30709e-14,-0.0080791,-0.0300433,0.021379542462181666,101.3111385124234,47.42383076057188
PART-PIER-2,370,Pier/C3D8R,-11.66667,-20.0,0.0,-0.00023471436,0.011839741,-0.0042801066,-0.00240642,0.00326698,-0.023569,0.021219565149797306,168.5186828172668,89.93066088624664
PART-PIER-2,530,Pier/C3D8R,11.66667,-20.0,0.0,0.00023471436,0.011839741,-0.0042801066,0.00240642,0.00326698,-0.023569,0.021219565149797306,168.5186828172668,89.93066088624664
PART-PIER-1,292,Pier/C3D8R,-11.66667,20.0,0.0,-0.00023471436,-0.011839741,-0.0042801066,-0.00240642,-0.00326698,-0.023569,0.021219565149797306,168.5186828172668,89.93066088624664
PART-PIER-1,608,Pier/C3D8R,11.66667,20.0,0.0,0.00023471436,-0.011839741,-0.0042801066,0.00240642,-0.00326698,-0.023569,0.021219565149797306,168.5186828172668,89.93066088624664
PART-PIER-2,297,Pier/C3D8R,-5.58333,-10.0,15.0,-0.00028054958,0.021097632,-0.011903182,-0.00063518,0.0117869,-0.0309282,0.02118411676258742,87.44555372790043,36.65025939411576
PART-PIER-2,613,Pier/C3D8R,5.58333,-10.0,15.0,0.00028054958,0.021097632,-0.011903182,0.00063518,0.0117869,-0.0309282,0.02118411676258742,87.44555372790043,36.65025939411576
PART-PIER-1,375,Pier/C3D8R,-5.58333,10.0,15.0,-0.00028054958,-0.021097632,-0.011903182,-0.00063518,-0.0117869,-0.0309282,0.02118411676258742,87.44555372790043,36.65025939411576
PART-PIER-1,535,Pier/C3D8R,5.58333,10.0,15.0,0.00028054958,-0.021097632,-0.011903182,0.00063518,-0.0117869,-0.0309282,0.02118411676258742,87.44555372790043,36.65025939411576
PART-PIER-2,129,Pier/C3D8R,-16.75,-20.0,15.0,-0.0002763849,0.02034156,-0.0051474455,-0.001281,0.0106989,-0.0239212,0.02112922150485006,100.68938389367943,25.025593576006617
PART-PIER-2,203,Pier/C3D8R,16.75,-20.0,15.0,0.0002763849,0.02034156,-0.0051474455,0.001281,0.0106989,-0.0239212,0.02112922150485006,100.68938389367943,25.025593576006617
PART-PIER-1,37,Pier/C3D8R,-16.75,20.0,15.0,-0.0002763849,-0.02034156,-0.0051474455,-0.001281,-0.0106989,-0.0239212,0.02112922150485006,100.68938389367943,25.025593576006617
PART-PIER-1,256,Pier/C3D8R,16.75,20.0,15.0,0.0002763849,-0.02034156,-0.0051474455,0.001281,-0.0106989,-0.0239212,0.02112922150485006,100.68938389367943,25.025593576006617
PART-FLOOR-1,462,Floor/S4R,-220.0,0.0,0.0,0.009568019,3.9789254e-16,-0.50427526,0.00744802,5.21675e-14,-0.525234,0.021065687222295883,4.17666660222165,4.14793654138552
PART-FLOOR-1,489,Floor/S4R,220.0,0.0,0.0,-0.009568019,8.0119534e-16,-0.50427526,-0.00744802,6.02733e-14,-0.525234,0.021065687222295883,4.17666660222165,4.14793654138552
PART-PIER-2,153,Pier/C3D8R,0.0,-20.0,10.0,-5.3151566e-16,0.017605785,-0.004997148,-1.14436e-14,0.00853046,-0.0239733,0.02103463497621789,114.93561233718661,39.03862021865386
PART-PIER-1,91,Pier/C3D8R,0.0,20.0,10.0,-2.955384e-15,-0.017605785,-0.004997148,-5.12123e-14,-0.00853046,-0.0239733,0.02103463497621789,114.93561233718661,39.03862021865386
PART-PIER-2,130,Pier/C3D8R,-17.0,-20.0,10.0,-0.00031850167,0.017116124,-0.004859057,-0.00157684,0.00772242,-0.0235342,0.020942446281722014,117.68510384573703,39.46899135121325
PART-PIER-2,202,Pier/C3D8R,17.0,-20.0,10.0,0.00031850167,0.017116124,-0.004859057,0.00157684,0.00772242,-0.0235342,0.020942446281722014,117.68510384573703,39.46899135121325
PART-PIER-1,36,Pier/C3D8R,-17.0,20.0,10.0,-0.00031850167,-0.017116124,-0.004859057,-0.00157684,-0.00772242,-0.0235342,0.020942446281722014,117.68510384573703,39.46899135121325
PART-PIER-1,257,Pier/C3D8R,17.0,20.0,10.0,0.00031850167,-0.017116124,-0.004859057,0.00157684,-0.00772242,-0.0235342,0.020942446281722014,117.68510384573703,39.46899135121325
PART-FLOOR-1,309,Floor/S4R,65.0,0.0,0.0,-0.0046067503,7.904894e-15,-0.40616748,-0.00305921,6.3274e-13,-0.385308,0.02091680632530994,5.14946717959034,5.1387957594806535
PART-FLOOR-1,378,Floor/S4R,-65.0,0.0,0.0,0.0046067503,5.32733e-15,-0.40616748,0.00305921,5.91573e-13,-0.385308,0.02091680632530994,5.14946717959034,5.1387957594806535
PART-FLOOR-1,458,Floor/S4R,-215.0,-5.0,0.0,0.011650243,0.0009830744,-0.43431193,0.00844406,0.000225389,-0.454935,0.02088455680209089,4.806912298062768,4.728560802675144
PART-FLOOR-1,460,Floor/S4R,-215.0,5.0,0.0,0.011650243,-0.0009830744,-0.43431193,0.00844406,-0.000225389,-0.454935,0.02088455680209089,4.806912298062768,4.728560802675144
PART-FLOOR-1,485,Floor/S4R,215.0,5.0,0.0,-0.011650243,-0.0009830744,-0.43431193,-0.00844406,-0.000225389,-0.454935,0.02088455680209089,4.806912298062768,4.728560802675144
PART-FLOOR-1,487,Floor/S4R,215.0,-5.0,0.0,-0.011650243,0.0009830744,-0.43431193,-0.00844406,0.000225389,-0.454935,0.02088455680209089,4.806912298062768,4.728560802675144
PART-FLOOR-1,464,Floor/S4R,-225.0,-5.0,0.0,0.0076452624,0.0009682494,-0.5409238,0.00641895,0.000308587,-0.561755,0.020877688809453253,3.8592442044431317,3.847298514561552
PART-FLOOR-1,466,Floor/S4R,-225.0,5.0,0.0,0.0076452624,-0.0009682494,-0.5409238,0.00641895,-0.000308587,-0.561755,0.020877688809453253,3.8592442044431317,3.847298514561552
PART-FLOOR-1,491,Floor/S4R,225.0,5.0,0.0,-0.0076452624,-0.0009682494,-0.5409238,-0.00641895,-0.000308587,-0.561755,0.020877688809453253,3.8592442044431317,3.847298514561552
PART-FLOOR-1,493,Floor/S4R,225.0,-5.0,0.0,-0.0076452624,0.0009682494,-0.5409238,-0.00641895,0.000308587,-0.561755,0.020877688809453253,3.8592442044431317,3.847298514561552
PART-PIER-2,373,Pier/C3D8R,-5.66667,-20.0,10.0,-0.00010469969,0.017551476,-0.004976682,-0.000436281,0.00824628,-0.0236262,0.020844690940282164,114.25691885285201,37.18576215981466
PART-PIER-2,533,Pier/C3D8R,5.66667,-20.0,10.0,0.00010469969,0.017551476,-0.004976682,0.000436281,0.00824628,-0.0236262,0.020844690940282164,114.25691885285201,37.18576215981466
PART-PIER-1,295,Pier/C3D8R,-5.66667,20.0,10.0,-0.00010469969,-0.017551476,-0.004976682,-0.000436281,-0.00824628,-0.0236262,0.020844690940282164,114.25691885285201,37.18576215981466
PART-PIER-1,611,Pier/C3D8R,5.66667,20.0,10.0,0.00010469969,-0.017551476,-0.004976682,0.000436281,-0.00824628,-0.0236262,0.020844690940282164,114.25691885285201,37.18576215981466
PART-FLOOR-1,467,Floor/S4R,-230.0,-5.0,0.0,0.0036971152,-0.00031402733,-0.5252624,0.00540737,0.000309293,-0.545992,0.02080936846410085,3.9616102915467404,3.9490435780038102
PART-FLOOR-1,469,Floor/S4R,-230.0,5.0,0.0,0.0036971152,0.00031402733,-0.5252624,0.00540737,-0.000309293,-0.545992,0.02080936846410085,3.9616102915467404,3.9490435780038102
PART-FLOOR-1,494,Floor/S4R,230.0,5.0,0.0,-0.0036971152,0.00031402733,-0.5252624,-0.00540737,-0.000309293,-0.545992,0.02080936846410085,3.9616102915467404,3.9490435780038102
PART-FLOOR-1,496,Floor/S4R,230.0,-5.0,0.0,-0.0036971152,-0.00031402733,-0.5252624,-0.00540737,0.000309293,-0.545992,0.02080936846410085,3.9616102915467404,3.9490435780038102
PART-PIER-2,731,Pier/C3D8R,-11.16667,-15.0,15.0,-0.00038448247,0.020709202,-0.008556364,-0.00107486,0.0116306,-0.0272487,0.020791850820579418,92.77729828553643,32.28868790157866
PART-PIER-2,809,Pier/C3D8R,11.16667,-15.0,15.0,0.00038448247,0.020709202,-0.008556364,0.00107486,0.0116306,-0.0272487,0.020791850820579418,92.77729828553643,32.28868790157866
PART-PIER-1,731,Pier/C3D8R,-11.16667,15.0,15.0,-0.00038448247,-0.020709202,-0.008556364,-0.00107486,-0.0116306,-0.0272487,0.020791850820579418,92.77729828553643,32.28868790157866
PART-PIER-1,809,Pier/C3D8R,11.16667,15.0,15.0,0.00038448247,-0.020709202,-0.008556364,0.00107486,-0.0116306,-0.0272487,0.020791850820579418,92.77729828553643,32.28868790157866
PART-SUPPORTBEAM-2,123,SupportBeam/B31,-107.69231,10.0,-30.0,-0.009942895,0.0025949108,-0.23652573,0.0101799,8.9776e-05,-0.240671,0.0206974839618514,8.742380115781037,1.7475777082357271
PART-SUPPORTBEAM-2,246,SupportBeam/B31,107.69231,10.0,-30.0,0.009942895,0.0025949108,-0.23652573,-0.0101799,8.9776e-05,-0.240671,0.0206974839618514,8.742380115781037,1.7475777082357271
PART-SUPPORTBEAM-1,123,SupportBeam/B31,-107.69231,-10.0,-30.0,-0.009942895,-0.0025949108,-0.23652573,0.0101799,-8.9776e-05,-0.240671,0.0206974839618514,8.742380115781037,1.7475777082357271
PART-SUPPORTBEAM-1,246,SupportBeam/B31,107.69231,-10.0,-30.0,0.009942895,-0.0025949108,-0.23652573,-0.0101799,-8.9776e-05,-0.240671,0.0206974839618514,8.742380115781037,1.7475777082357271
PART-PIER-2,37,Pier/C3D8R,-16.75,-10.0,15.0,-0.00083754264,0.020684734,-0.011750421,-0.00168041,0.0116222,-0.030333,0.020691838733639657,86.92576093151898,36.6438967373436
PART-PIER-2,256,Pier/C3D8R,16.75,-10.0,15.0,0.00083754264,0.020684734,-0.011750421,0.00168041,0.0116222,-0.030333,0.020691838733639657,86.92576093151898,36.6438967373436
PART-PIER-1,129,Pier/C3D8R,-16.75,10.0,15.0,-0.00083754264,-0.020684734,-0.011750421,-0.00168041,-0.0116222,-0.030333,0.020691838733639657,86.92576093151898,36.6438967373436
PART-PIER-1,203,Pier/C3D8R,16.75,10.0,15.0,0.00083754264,-0.020684734,-0.011750421,0.00168041,-0.0116222,-0.030333,0.020691838733639657,86.92576093151898,36.6438967373436
PART-PIER-2,477,Pier/C3D8R,-17.5,-15.0,0.0,-0.0006516807,0.011738338,-0.006655657,-0.00414427,0.00265764,-0.0248364,0.020620297578302006,152.6336754619738,87.4188074615935
PART-PIER-2,676,Pier/C3D8R,17.5,-15.0,0.0,0.0006516807,0.011738338,-0.006655657,0.00414427,0.00265764,-0.0248364,0.020620297578302006,152.6336754619738,87.4188074615935
PART-PIER-1,477,Pier/C3D8R,-17.5,15.0,0.0,-0.0006516807,-0.011738338,-0.006655657,-0.00414427,-0.00265764,-0.0248364,0.020620297578302006,152.6336754619738,87.4188074615935
PART-PIER-1,676,Pier/C3D8R,17.5,15.0,0.0,0.0006516807,-0.011738338,-0.006655657,0.00414427,-0.00265764,-0.0248364,0.020620297578302006,152.6336754619738,87.4188074615935
PART-FLOOR-1,456,Floor/S4R,-210.0,0.0,0.0,0.013964759,6.707024e-16,-0.34632266,0.00929767,8.33814e-14,-0.366404,0.020616545198687417,5.94815394281113,5.746571270747877
PART-FLOOR-1,483,Floor/S4R,210.0,0.0,0.0,-0.013964759,1.4249871e-15,-0.34632266,-0.00929767,9.71794e-14,-0.366404,0.020616545198687417,5.94815394281113,5.746571270747877
PART-FLOOR-1,199,Floor/S4R,-230.0,10.0,0.0,0.0059932237,-0.0017968247,-0.54388905,0.00540664,-0.000612781,-0.564267,0.020420746463415938,3.754331032651869,3.744669948175652
PART-FLOOR-1,209,Floor/S4R,-230.0,-10.0,0.0,0.0059932237,0.0017968247,-0.54388905,0.00540664,0.000612781,-0.564267,0.020420746463415938,3.754331032651869,3.744669948175652
PART-FLOOR-1,220,Floor/S4R,230.0,-10.0,0.0,-0.0059932237,0.0017968247,-0.54388905,-0.00540664,0.000612781,-0.564267,0.020420746463415938,3.754331032651869,3.744669948175652
PART-FLOOR-1,230,Floor/S4R,230.0,10.0,0.0,-0.0059932237,-0.0017968247,-0.54388905,-0.00540664,-0.000612781,-0.564267,0.020420746463415938,3.754331032651869,3.744669948175652
PART-PIER-2,729,Pier/C3D8R,-11.33333,-15.0,10.0,-0.00038778066,0.01754334,-0.007957157,-0.0012668,0.00841804,-0.02609,0.020318557290141027,105.45522877019569,42.43535459484481
PART-PIER-2,807,Pier/C3D8R,11.33333,-15.0,10.0,0.00038778066,0.01754334,-0.007957157,0.0012668,0.00841804,-0.02609,0.020318557290141027,105.45522877019569,42.43535459484481
PART-PIER-1,729,Pier/C3D8R,-11.33333,15.0,10.0,-0.00038778066,-0.01754334,-0.007957157,-0.0012668,-0.00841804,-0.02609,0.020318557290141027,105.45522877019569,42.43535459484481
PART-PIER-1,807,Pier/C3D8R,11.33333,15.0,10.0,0.00038778066,-0.01754334,-0.007957157,0.0012668,-0.00841804,-0.02609,0.020318557290141027,105.45522877019569,42.43535459484481
PART-PIER-2,298,Pier/C3D8R,-11.16667,-10.0,15.0,-0.0005760376,0.020939887,-0.01186449,-0.0016326,0.0121162,-0.0301032,0.02028852677853083,84.27427256650346,34.96111542505416
PART-PIER-2,614,Pier/C3D8R,11.16667,-10.0,15.0,0.0005760376,0.020939887,-0.01186449,0.0016326,0.0121162,-0.0301032,0.02028852677853083,84.27427256650346,34.96111542505416
PART-PIER-1,376,Pier/C3D8R,-11.16667,10.0,15.0,-0.0005760376,-0.020939887,-0.01186449,-0.0016326,-0.0121162,-0.0301032,0.02028852677853083,84.27427256650346,34.96111542505416
PART-PIER-1,536,Pier/C3D8R,11.16667,10.0,15.0,0.0005760376,-0.020939887,-0.01186449,0.0016326,-0.0121162,-0.0301032,0.02028852677853083,84.27427256650346,34.96111542505416
PART-FLOOR-1,278,Floor/S4R,120.0,-5.0,0.0,-0.007980545,-1.75161e-05,-0.45573455,-0.00621463,-0.00011674,-0.475923,0.02026577939710326,4.446156838155988,4.422767089938974
PART-FLOOR-1,280,Floor/S4R,120.0,5.0,0.0,-0.007980545,1.75161e-05,-0.45573455,-0.00621463,0.00011674,-0.475923,0.02026577939710326,4.446156838155988,4.422767089938974
PART-FLOOR-1,407,Floor/S4R,-120.0,-5.0,0.0,0.007980545,-1.75161e-05,-0.45573455,0.00621463,-0.00011674,-0.475923,0.02026577939710326,4.446156838155988,4.422767089938974
PART-FLOOR-1,409,Floor/S4R,-120.0,5.0,0.0,0.007980545,1.75161e-05,-0.45573455,0.00621463,0.00011674,-0.475923,0.02026577939710326,4.446156838155988,4.422767089938974
PART-PIER-2,439,Pier/C3D8R,0.0,-15.0,5.0,4.895291e-17,0.014833648,-0.0074443147,-5.7829e-15,0.00583881,-0.0254212,0.020101629678600692,121.11724671497572,57.1571879541826
PART-PIER-1,439,Pier/C3D8R,0.0,15.0,5.0,-2.8361384e-15,-0.014833648,-0.0074443147,-2.73764e-14,-0.00583881,-0.0254212,0.020101629678600692,121.11724671497572,57.1571879541826
PART-SUPPORTBEAM-2,124,SupportBeam/B31,-111.53846,10.0,-30.0,-0.010052,0.0025898407,-0.23802994,0.0089768,0.000131866,-0.243921,0.02007091071649316,8.424088558448478,2.44694299838356
PART-SUPPORTBEAM-2,247,SupportBeam/B31,111.53846,10.0,-30.0,0.010052,0.0025898407,-0.23802994,-0.0089768,0.000131866,-0.243921,0.02007091071649316,8.424088558448478,2.44694299838356
PART-SUPPORTBEAM-1,124,SupportBeam/B31,-111.53846,-10.0,-30.0,-0.010052,-0.0025898407,-0.23802994,0.0089768,-0.000131866,-0.243921,0.02007091071649316,8.424088558448478,2.44694299838356
PART-SUPPORTBEAM-1,247,SupportBeam/B31,111.53846,-10.0,-30.0,0.010052,-0.0025898407,-0.23802994,-0.0089768,-0.000131866,-0.243921,0.02007091071649316,8.424088558448478,2.44694299838356
PART-PIER-2,372,Pier/C3D8R,-11.5,-20.0,5.0,-0.00022886453,0.01450012,-0.004591897,-0.000956822,0.00577024,-0.0224914,0.01992819446260844,131.00695943745896,52.77530206374479
PART-PIER-2,532,Pier/C3D8R,11.5,-20.0,5.0,0.00022886453,0.01450012,-0.004591897,0.000956822,0.00577024,-0.0224914,0.01992819446260844,131.00695943745896,52.77530206374479
PART-PIER-1,294,Pier/C3D8R,-11.5,20.0,5.0,-0.00022886453,-0.01450012,-0.004591897,-0.000956822,-0.00577024,-0.0224914,0.01992819446260844,131.00695943745896,52.77530206374479
PART-PIER-1,610,Pier/C3D8R,11.5,20.0,5.0,0.00022886453,-0.01450012,-0.004591897,0.000956822,-0.00577024,-0.0224914,0.01992819446260844,131.00695943745896,52.77530206374479
PART-PIER-2,374,Pier/C3D8R,-11.33333,-20.0,10.0,-0.00019972438,0.017392948,-0.004931618,-0.000906465,0.00825481,-0.0225817,0.019887947179579042,110.00156103547152,33.07897373435813
PART-PIER-2,534,Pier/C3D8R,11.33333,-20.0,10.0,0.00019972438,0.017392948,-0.004931618,0.000906465,0.00825481,-0.0225817,0.019887947179579042,110.00156103547152,33.07897373435813
PART-PIER-1,296,Pier/C3D8R,-11.33333,20.0,10.0,-0.00019972438,-0.017392948,-0.004931618,-0.000906465,-0.00825481,-0.0225817,0.019887947179579042,110.00156103547152,33.07897373435813
PART-PIER-1,612,Pier/C3D8R,11.33333,20.0,10.0,0.00019972438,-0.017392948,-0.004931618,0.000906465,-0.00825481,-0.0225817,0.019887947179579042,110.00156103547152,33.07897373435813
PART-FLOOR-1,195,Floor/S4R,-210.0,10.0,0.0,0.013682744,-0.0018870167,-0.3261798,0.00945279,-0.000284536,-0.345535,0.019876725642720607,6.088337987037126,5.87868902836721
PART-FLOOR-1,213,Floor/S4R,-210.0,-10.0,0.0,0.013682744,0.0018870167,-0.3261798,0.00945279,0.000284536,-0.345535,0.019876725642720607,6.088337987037126,5.87868902836721
PART-FLOOR-1,216,Floor/S4R,210.0,-10.0,0.0,-0.013682744,0.0018870167,-0.3261798,-0.00945279,0.000284536,-0.345535,0.019876725642720607,6.088337987037126,5.87868902836721
PART-FLOOR-1,234,Floor/S4R,210.0,10.0,0.0,-0.013682744,-0.0018870167,-0.3261798,-0.00945279,-0.000284536,-0.345535,0.019876725642720607,6.088337987037126,5.87868902836721
PART-PIER-2,728,Pier/C3D8R,-5.66667,-15.0,10.0,-0.00020104338,0.017697992,-0.008007879,-0.000644807,0.00890873,-0.0256528,0.019717791198593227,101.49991498539039,39.826887030353305
PART-PIER-2,806,Pier/C3D8R,5.66667,-15.0,10.0,0.00020104338,0.017697992,-0.008007879,0.000644807,0.00890873,-0.0256528,0.019717791198593227,101.49991498539039,39.826887030353305
PART-PIER-1,728,Pier/C3D8R,-5.66667,15.0,10.0,-0.00020104338,-0.017697992,-0.008007879,-0.000644807,-0.00890873,-0.0256528,0.019717791198593227,101.49991498539039,39.826887030353305
PART-PIER-1,806,Pier/C3D8R,5.66667,15.0,10.0,0.00020104338,-0.017697992,-0.008007879,0.000644807,-0.00890873,-0.0256528,0.019717791198593227,101.49991498539039,39.826887030353305
PART-FLOOR-1,452,Floor/S4R,-205.0,-5.0,0.0,0.016247937,-9.416555e-05,-0.25056362,0.0102976,-0.000264638,-0.269293,0.01965261423969286,7.82692380609323,7.328075551693152
PART-FLOOR-1,454,Floor/S4R,-205.0,5.0,0.0,0.016247937,9.416555e-05,-0.25056362,0.0102976,0.000264638,-0.269293,0.01965261423969286,7.82692380609323,7.328075551693152
PART-FLOOR-1,479,Floor/S4R,205.0,5.0,0.0,-0.016247937,9.416555e-05,-0.25056362,-0.0102976,0.000264638,-0.269293,0.01965261423969286,7.82692380609323,7.328075551693152
PART-FLOOR-1,481,Floor/S4R,205.0,-5.0,0.0,-0.016247937,-9.416555e-05,-0.25056362,-0.0102976,-0.000264638,-0.269293,0.01965261423969286,7.82692380609323,7.328075551693152
PART-PIER-2,296,Pier/C3D8R,-11.33333,-10.0,10.0,-0.0005738085,0.017746324,-0.011010989,-0.00119917,0.00900163,-0.0285471,0.019605507878237668,93.83922358890909,43.383895240164364
PART-PIER-2,612,Pier/C3D8R,11.33333,-10.0,10.0,0.0005738085,0.017746324,-0.011010989,0.00119917,0.00900163,-0.0285471,0.019605507878237668,93.83922358890909,43.383895240164364
PART-PIER-1,374,Pier/C3D8R,-11.33333,10.0,10.0,-0.0005738085,-0.017746324,-0.011010989,-0.00119917,-0.00900163,-0.0285471,0.019605507878237668,93.83922358890909,43.383895240164364
PART-PIER-1,534,Pier/C3D8R,11.33333,10.0,10.0,0.0005738085,-0.017746324,-0.011010989,0.00119917,-0.00900163,-0.0285471,0.019605507878237668,93.83922358890909,43.383895240164364
PART-SUPPORTBEAM-2,125,SupportBeam/B31,-115.38461,10.0,-30.0,-0.010161106,0.002584241,-0.23940845,0.00777372,0.000172516,-0.246673,0.019499950969897362,8.137256005545161,2.986840441479747
PART-SUPPORTBEAM-2,248,SupportBeam/B31,115.38461,10.0,-30.0,0.010161106,0.002584241,-0.23940845,-0.00777372,0.000172516,-0.246673,0.019499950969897362,8.137256005545161,2.986840441479747
PART-SUPPORTBEAM-1,125,SupportBeam/B31,-115.38461,-10.0,-30.0,-0.010161106,-0.002584241,-0.23940845,0.00777372,-0.000172516,-0.246673,0.019499950969897362,8.137256005545161,2.986840441479747
PART-SUPPORTBEAM-1,248,SupportBeam/B31,115.38461,-10.0,-30.0,0.010161106,-0.002584241,-0.23940845,-0.00777372,-0.000172516,-0.246673,0.019499950969897362,8.137256005545161,2.986840441479747
PART-PIER-2,90,Pier/C3D8R,0.0,-10.0,15.0,7.4802623e-16,0.021151464,-0.011934857,-5.22117e-15,0.0133235,-0.0296989,0.019412321965471956,79.93110352356332,34.02847181498644
PART-PIER-1,154,Pier/C3D8R,0.0,10.0,15.0,-4.3485172e-15,-0.021151464,-0.011934857,-1.66748e-14,-0.0133235,-0.0296989,0.019412321965471956,79.93110352356332,34.02847181498644
PART-FLOOR-1,468,Floor/S4R,-230.0,0.0,0.0,0.0059262104,2.0029035e-16,-0.51961195,0.00540836,2.79859e-14,-0.538981,0.019375971380534193,3.728688559377611,3.726075141227315
PART-FLOOR-1,495,Floor/S4R,230.0,0.0,0.0,-0.0059262104,3.3523126e-16,-0.51961195,-0.00540836,3.18738e-14,-0.538981,0.019375971380534193,3.728688559377611,3.726075141227315
PART-SUPPORTBEAM-2,140,SupportBeam/B31,-100.0,10.0,-26.25,-0.008049641,0.0022976054,-0.23569398,0.0111412,2.3051e-05,-0.234995,0.019337801039576354,8.199452407917128,0.24746772939026992
PART-SUPPORTBEAM-2,244,SupportBeam/B31,100.0,10.0,-26.25,0.008049641,0.0022976054,-0.23569398,-0.0111412,2.3051e-05,-0.234995,0.019337801039576354,8.199452407917128,0.24746772939026992
PART-SUPPORTBEAM-1,140,SupportBeam/B31,-100.0,-10.0,-26.25,-0.008049641,-0.0022976054,-0.23569398,0.0111412,-2.3051e-05,-0.234995,0.019337801039576354,8.199452407917128,0.24746772939026992
PART-SUPPORTBEAM-1,244,SupportBeam/B31,100.0,-10.0,-26.25,0.008049641,-0.0022976054,-0.23569398,-0.0111412,-2.3051e-05,-0.234995,0.019337801039576354,8.199452407917128,0.24746772939026992
PART-SUPPORTBEAM-2,98,SupportBeam/B31,-83.33334,10.0,-10.0,-0.004396987,0.0009750832,-0.25191012,-0.00122703,-2.85129e-05,-0.232955,0.019244542258214013,7.638227190326545,7.538049615699897
PART-SUPPORTBEAM-2,233,SupportBeam/B31,83.33334,10.0,-10.0,0.004396987,0.0009750832,-0.25191012,0.00122703,-2.85129e-05,-0.232955,0.019244542258214013,7.638227190326545,7.538049615699897
PART-SUPPORTBEAM-1,98,SupportBeam/B31,-83.33334,-10.0,-10.0,-0.004396987,-0.0009750832,-0.25191012,-0.00122703,2.85129e-05,-0.232955,0.019244542258214013,7.638227190326545,7.538049615699897
PART-SUPPORTBEAM-1,233,SupportBeam/B31,83.33334,-10.0,-10.0,0.004396987,-0.0009750832,-0.25191012,0.00122703,2.85129e-05,-0.232955,0.019244542258214013,7.638227190326545,7.538049615699897
PART-FLOOR-1,74,Floor/S4R,65.0,10.0,0.0,-0.0045808507,0.00042455658,-0.40168914,-0.00305833,0.000137293,-0.382517,0.01923464431243591,4.7881262000977465,4.776075030249352
PART-FLOOR-1,82,Floor/S4R,65.0,-10.0,0.0,-0.0045808507,-0.00042455658,-0.40168914,-0.00305833,-0.000137293,-0.382517,0.01923464431243591,4.7881262000977465,4.776075030249352
PART-FLOOR-1,133,Floor/S4R,-65.0,10.0,0.0,0.0045808507,0.00042455658,-0.40168914,0.00305833,0.000137293,-0.382517,0.01923464431243591,4.7881262000977465,4.776075030249352
PART-FLOOR-1,149,Floor/S4R,-65.0,-10.0,0.0,0.0045808507,-0.00042455658,-0.40168914,0.00305833,-0.000137293,-0.382517,0.01923464431243591,4.7881262000977465,4.776075030249352
PART-PIER-2,293,Pier/C3D8R,-5.75,-10.0,5.0,-0.000295248,0.01501642,-0.010185014,-0.000716341,0.00584847,-0.0270294,0.01918233474408538,105.70511546519454,52.44463971644491
PART-PIER-2,609,Pier/C3D8R,5.75,-10.0,5.0,0.000295248,0.01501642,-0.010185014,0.000716341,0.00584847,-0.0270294,0.01918233474408538,105.70511546519454,52.44463971644491
PART-PIER-1,371,Pier/C3D8R,-5.75,10.0,5.0,-0.000295248,-0.01501642,-0.010185014,-0.000716341,-0.00584847,-0.0270294,0.01918233474408538,105.70511546519454,52.44463971644491
PART-PIER-1,531,Pier/C3D8R,5.75,10.0,5.0,0.000295248,-0.01501642,-0.010185014,0.000716341,-0.00584847,-0.0270294,0.01918233474408538,105.70511546519454,52.44463971644491
PART-PIER-2,440,Pier/C3D8R,0.0,-15.0,10.0,-9.771175e-18,0.017757028,-0.008026514,-7.91924e-15,0.00921681,-0.0251573,0.019141555643816418,98.22811038759627,37.49033940764806
PART-PIER-1,440,Pier/C3D8R,0.0,15.0,10.0,-3.3801957e-15,-0.017757028,-0.008026514,-3.24082e-14,-0.00921681,-0.0251573,0.019141555643816418,98.22811038759627,37.49033940764806
PART-PIER-2,479,Pier/C3D8R,-17.0,-15.0,10.0,-0.00060163054,0.017278578,-0.00786963,-0.00170836,0.00859057,-0.0248328,0.01909071684234502,100.49941157652478,38.62076720218561
PART-PIER-2,678,Pier/C3D8R,17.0,-15.0,10.0,0.00060163054,0.017278578,-0.00786963,0.00170836,0.00859057,-0.0248328,0.01909071684234502,100.49941157652478,38.62076720218561
PART-PIER-1,479,Pier/C3D8R,-17.0,15.0,10.0,-0.00060163054,-0.017278578,-0.00786963,-0.00170836,-0.00859057,-0.0248328,0.01909071684234502,100.49941157652478,38.62076720218561
PART-PIER-1,678,Pier/C3D8R,17.0,15.0,10.0,0.00060163054,-0.017278578,-0.00786963,0.00170836,-0.00859057,-0.0248328,0.01909071684234502,100.49941157652478,38.62076720218561
PART-PIER-2,478,Pier/C3D8R,-17.25,-15.0,5.0,-0.0006054731,0.014348258,-0.0072918884,-0.00168726,0.0059776,-0.0244116,0.019087239284850756,118.50840152330227,56.39521642209942
PART-PIER-2,677,Pier/C3D8R,17.25,-15.0,5.0,0.0006054731,0.014348258,-0.0072918884,0.00168726,0.0059776,-0.0244116,0.019087239284850756,118.50840152330227,56.39521642209942
PART-PIER-1,478,Pier/C3D8R,-17.25,15.0,5.0,-0.0006054731,-0.014348258,-0.0072918884,-0.00168726,-0.0059776,-0.0244116,0.019087239284850756,118.50840152330227,56.39521642209942
PART-PIER-1,677,Pier/C3D8R,17.25,15.0,5.0,0.0006054731,-0.014348258,-0.0072918884,0.00168726,-0.0059776,-0.0244116,0.019087239284850756,118.50840152330227,56.39521642209942
PART-FLOOR-1,53,Floor/S4R,115.0,10.0,0.0,-0.00774918,0.000104206214,-0.4128974,-0.00583122,0.000222477,-0.431787,0.018987088947503755,4.597690687436298,4.5660218439305735
PART-FLOOR-1,61,Floor/S4R,115.0,-10.0,0.0,-0.00774918,-0.000104206214,-0.4128974,-0.00583122,-0.000222477,-0.431787,0.018987088947503755,4.597690687436298,4.5660218439305735
PART-FLOOR-1,154,Floor/S4R,-115.0,10.0,0.0,0.00774918,0.000104206214,-0.4128974,0.00583122,0.000222477,-0.431787,0.018987088947503755,4.597690687436298,4.5660218439305735
PART-FLOOR-1,170,Floor/S4R,-115.0,-10.0,0.0,0.00774918,-0.000104206214,-0.4128974,0.00583122,-0.000222477,-0.431787,0.018987088947503755,4.597690687436298,4.5660218439305735
PART-SUPPORTBEAM-2,126,SupportBeam/B31,-119.23077,10.0,-30.0,-0.010270211,0.002577955,-0.24018,0.00657064,0.000211499,-0.248504,0.018934184756786782,7.875681023968159,3.4014922566889316
PART-SUPPORTBEAM-2,249,SupportBeam/B31,119.23077,10.0,-30.0,0.010270211,0.002577955,-0.24018,-0.00657064,0.000211499,-0.248504,0.018934184756786782,7.875681023968159,3.4014922566889316
PART-SUPPORTBEAM-1,126,SupportBeam/B31,-119.23077,-10.0,-30.0,-0.010270211,-0.002577955,-0.24018,0.00657064,-0.000211499,-0.248504,0.018934184756786782,7.875681023968159,3.4014922566889316
PART-SUPPORTBEAM-1,249,SupportBeam/B31,119.23077,-10.0,-30.0,0.010270211,-0.002577955,-0.24018,-0.00657064,-0.000211499,-0.248504,0.018934184756786782,7.875681023968159,3.4014922566889316
PART-PIER-2,371,Pier/C3D8R,-5.75,-20.0,5.0,-0.000109435176,0.01466302,-0.004655151,-0.000690599,0.00591283,-0.021394,0.018896895043134132,122.82977318173364,44.34411178440275
PART-PIER-2,531,Pier/C3D8R,5.75,-20.0,5.0,0.000109435176,0.01466302,-0.004655151,0.000690599,0.00591283,-0.021394,0.018896895043134132,122.82977318173364,44.34411178440275
PART-PIER-1,293,Pier/C3D8R,-5.75,20.0,5.0,-0.000109435176,-0.01466302,-0.004655151,-0.000690599,-0.00591283,-0.021394,0.018896895043134132,122.82977318173364,44.34411178440275
PART-PIER-1,609,Pier/C3D8R,5.75,20.0,5.0,0.000109435176,-0.01466302,-0.004655151,0.000690599,-0.00591283,-0.021394,0.018896895043134132,122.82977318173364,44.34411178440275
PART-PIER-2,36,Pier/C3D8R,-17.0,-10.0,10.0,-0.00088774954,0.017473012,-0.010906989,-0.00256565,0.00903118,-0.0276911,0.01886229730256135,91.48948330107766,41.82241044509517
PART-PIER-2,257,Pier/C3D8R,17.0,-10.0,10.0,0.00088774954,0.017473012,-0.010906989,0.00256565,0.00903118,-0.0276911,0.01886229730256135,91.48948330107766,41.82241044509517
PART-PIER-1,130,Pier/C3D8R,-17.0,10.0,10.0,-0.00088774954,-0.017473012,-0.010906989,-0.00256565,-0.00903118,-0.0276911,0.01886229730256135,91.48948330107766,41.82241044509517
PART-PIER-1,202,Pier/C3D8R,17.0,10.0,10.0,0.00088774954,-0.017473012,-0.010906989,0.00256565,-0.00903118,-0.0276911,0.01886229730256135,91.48948330107766,41.82241044509517
PART-FLOOR-1,282,Floor/S4R,115.0,0.0,0.0,-0.007770455,6.796739e-15,-0.41639856,-0.00582268,5.09376e-13,-0.435058,0.018760824303964526,4.504712637259824,4.472317134525807
PART-FLOOR-1,405,Floor/S4R,-115.0,0.0,0.0,0.007770455,4.276868e-15,-0.41639856,0.00582268,4.55504e-13,-0.435058,0.018760824303964526,4.504712637259824,4.472317134525807
PART-PIER-2,726,Pier/C3D8R,-5.75,-15.0,5.0,-0.0002011378,0.014784753,-0.007437041,-0.000464176,0.00665277,-0.0242723,0.018698242757115686,112.97280066406677,52.085328115214104
PART-PIER-2,804,Pier/C3D8R,5.75,-15.0,5.0,0.0002011378,0.014784753,-0.007437041,0.000464176,0.00665277,-0.0242723,0.018698242757115686,112.97280066406677,52.085328115214104
PART-PIER-1,726,Pier/C3D8R,-5.75,15.0,5.0,-0.0002011378,-0.014784753,-0.007437041,-0.000464176,-0.00665277,-0.0242723,0.018698242757115686,112.97280066406677,52.085328115214104
PART-PIER-1,804,Pier/C3D8R,5.75,15.0,5.0,0.0002011378,-0.014784753,-0.007437041,0.000464176,-0.00665277,-0.0242723,0.018698242757115686,112.97280066406677,52.085328115214104
PART-CABLE200-2,1,Cable/T3D2,-200.0,10.0,0.0,0.020220181,-0.00033548445,-0.13811508,0.0138527,-0.000215814,-0.155671,0.018675370474193122,13.378945307475828,11.962743393433543
PART-CABLE200-4,1,Cable/T3D2,200.0,10.0,0.0,-0.020220181,-0.00033548445,-0.13811508,-0.0138527,-0.000215814,-0.155671,0.018675370474193122,13.378945307475828,11.962743393433543
PART-SUPPORTBEAM-2,3,SupportBeam/B31,-200.0,10.0,0.0,0.020220181,-0.00033548445,-0.13811508,0.0138527,-0.000215814,-0.155671,0.018675370474193122,13.378945307475828,11.962743393433543
PART-SUPPORTBEAM-2,18,SupportBeam/B31,200.0,10.0,0.0,-0.020220181,-0.00033548445,-0.13811508,-0.0138527,-0.000215814,-0.155671,0.018675370474193122,13.378945307475828,11.962743393433543
PART-CABLE200-1,1,Cable/T3D2,-200.0,-10.0,0.0,0.020220181,0.00033548445,-0.13811508,0.0138527,0.000215814,-0.155671,0.018675370474193122,13.378945307475828,11.962743393433543
PART-CABLE200-3,1,Cable/T3D2,200.0,-10.0,0.0,-0.020220181,0.00033548445,-0.13811508,-0.0138527,0.000215814,-0.155671,0.018675370474193122,13.378945307475828,11.962743393433543
PART-FLOOR-1,1,Floor/S4R,200.0,-10.0,0.0,-0.020220181,0.00033548445,-0.13811508,-0.0138527,0.000215814,-0.155671,0.018675370474193122,13.378945307475828,11.962743393433543
PART-FLOOR-1,2,Floor/S4R,200.0,10.0,0.0,-0.020220181,-0.00033548445,-0.13811508,-0.0138527,-0.000215814,-0.155671,0.018675370474193122,13.378945307475828,11.962743393433543
PART-FLOOR-1,17,Floor/S4R,-200.0,10.0,0.0,0.020220181,-0.00033548445,-0.13811508,0.0138527,-0.000215814,-0.155671,0.018675370474193122,13.378945307475828,11.962743393433543
PART-FLOOR-1,18,Floor/S4R,-200.0,-10.0,0.0,0.020220181,0.00033548445,-0.13811508,0.0138527,0.000215814,-0.155671,0.018675370474193122,13.378945307475828,11.962743393433543
PART-SUPPORTBEAM-1,3,SupportBeam/B31,-200.0,-10.0,0.0,0.020220181,0.00033548445,-0.13811508,0.0138527,0.000215814,-0.155671,0.018675370474193122,13.378945307475828,11.962743393433543
PART-SUPPORTBEAM-1,18,SupportBeam/B31,200.0,-10.0,0.0,-0.020220181,0.00033548445,-0.13811508,-0.0138527,0.000215814,-0.155671,0.018675370474193122,13.378945307475828,11.962743393433543
PART-PIER-2,295,Pier/C3D8R,-5.66667,-10.0,10.0,-0.00029408414,0.017906053,-0.01106759,-0.000738571,0.0100251,-0.0278845,0.018577283189557658,88.24294415580994,40.79647131926416
PART-PIER-2,611,Pier/C3D8R,5.66667,-10.0,10.0,0.00029408414,0.017906053,-0.01106759,0.000738571,0.0100251,-0.0278845,0.018577283189557658,88.24294415580994,40.79647131926416
PART-PIER-1,373,Pier/C3D8R,-5.66667,10.0,10.0,-0.00029408414,-0.017906053,-0.01106759,-0.000738571,-0.0100251,-0.0278845,0.018577283189557658,88.24294415580994,40.79647131926416
PART-PIER-1,533,Pier/C3D8R,5.66667,10.0,10.0,0.00029408414,-0.017906053,-0.01106759,0.000738571,-0.0100251,-0.0278845,0.018577283189557658,88.24294415580994,40.79647131926416
PART-FLOOR-1,24,Floor/S4R,200.0,0.0,0.0,-0.016753469,2.259741e-15,-0.21580528,-0.010232,1.42634e-13,-0.233139,0.018519919194109943,8.556029049639397,7.8117136732950785
PART-FLOOR-1,183,Floor/S4R,-200.0,0.0,0.0,0.016753469,1.0506365e-15,-0.21580528,0.010232,1.21549e-13,-0.233139,0.018519919194109943,8.556029049639397,7.8117136732950785
PART-SUPPORTBEAM-2,33,SupportBeam/B31,-203.33333,10.0,-2.0,0.021797493,-0.0002078868,-0.13442108,0.0165157,-8.5063e-05,-0.152114,0.018464881291443372,13.55946208019011,12.359564449121963
PART-SUPPORTBEAM-2,330,SupportBeam/B31,203.33333,10.0,-2.0,-0.021797493,-0.0002078868,-0.13442108,-0.0165157,-8.5063e-05,-0.152114,0.018464881291443372,13.55946208019011,12.359564449121963
PART-SUPPORTBEAM-1,33,SupportBeam/B31,-203.33333,-10.0,-2.0,0.021797493,0.0002078868,-0.13442108,0.0165157,8.5063e-05,-0.152114,0.018464881291443372,13.55946208019011,12.359564449121963
PART-SUPPORTBEAM-1,330,SupportBeam/B31,203.33333,-10.0,-2.0,-0.021797493,0.0002078868,-0.13442108,-0.0165157,8.5063e-05,-0.152114,0.018464881291443372,13.55946208019011,12.359564449121963
PART-SUPPORTBEAM-2,127,SupportBeam/B31,-123.07692,10.0,-30.0,-0.010379316,0.002570825,-0.24000414,0.00536756,0.00024859,-0.249131,0.01834820025545287,7.637375267221967,3.7240393211877976
PART-SUPPORTBEAM-2,250,SupportBeam/B31,123.07692,10.0,-30.0,0.010379316,0.002570825,-0.24000414,-0.00536756,0.00024859,-0.249131,0.01834820025545287,7.637375267221967,3.7240393211877976
PART-SUPPORTBEAM-1,127,SupportBeam/B31,-123.07692,-10.0,-30.0,-0.010379316,-0.002570825,-0.24000414,0.00536756,-0.00024859,-0.249131,0.01834820025545287,7.637375267221967,3.7240393211877976
PART-SUPPORTBEAM-1,250,SupportBeam/B31,123.07692,-10.0,-30.0,0.010379316,-0.002570825,-0.24000414,-0.00536756,-0.00024859,-0.249131,0.01834820025545287,7.637375267221967,3.7240393211877976
PART-SUPPORTBEAM-2,68,SupportBeam/B31,-200.0,10.0,-3.75,0.016817328,-3.065612e-05,-0.13823731,0.0115551,-5.81915e-05,-0.155792,0.018326454723083682,13.160213401645482,12.181424895850487
PART-SUPPORTBEAM-2,304,SupportBeam/B31,200.0,10.0,-3.75,-0.016817328,-3.065612e-05,-0.13823731,-0.0115551,-5.81915e-05,-0.155792,0.018326454723083682,13.160213401645482,12.181424895850487
PART-SUPPORTBEAM-1,68,SupportBeam/B31,-200.0,-10.0,-3.75,0.016817328,3.065612e-05,-0.13823731,0.0115551,5.81915e-05,-0.155792,0.018326454723083682,13.160213401645482,12.181424895850487
PART-SUPPORTBEAM-1,304,SupportBeam/B31,200.0,-10.0,-3.75,-0.016817328,3.065612e-05,-0.13823731,-0.0115551,5.81915e-05,-0.155792,0.018326454723083682,13.160213401645482,12.181424895850487
PART-FLOOR-1,236,Floor/S4R,195.0,-5.0,0.0,-0.017159373,0.00043980274,-0.19153023,-0.0110172,0.000480481,-0.208783,0.018313547350408813,9.523531599090184,8.72405588183536
PART-FLOOR-1,238,Floor/S4R,195.0,5.0,0.0,-0.017159373,-0.00043980274,-0.19153023,-0.0110172,-0.000480481,-0.208783,0.018313547350408813,9.523531599090184,8.72405588183536
PART-FLOOR-1,449,Floor/S4R,-195.0,-5.0,0.0,0.017159373,0.00043980274,-0.19153023,0.0110172,0.000480481,-0.208783,0.018313547350408813,9.523531599090184,8.72405588183536
PART-FLOOR-1,451,Floor/S4R,-195.0,5.0,0.0,0.017159373,-0.00043980274,-0.19153023,0.0110172,-0.000480481,-0.208783,0.018313547350408813,9.523531599090184,8.72405588183536
PART-PIER-2,152,Pier/C3D8R,0.0,-20.0,5.0,-5.1288417e-16,0.014715801,-0.004660497,-1.05768e-14,0.0061083,-0.0208153,0.018304828145432286,118.58407988942403,40.53392514614899
PART-PIER-1,92,Pier/C3D8R,0.0,20.0,5.0,-2.4883416e-15,-0.014715801,-0.004660497,-4.42372e-14,-0.0061083,-0.0208153,0.018304828145432286,118.58407988942403,40.53392514614899
PART-PIER-2,131,Pier/C3D8R,-17.25,-20.0,5.0,-0.00032420788,0.014237716,-0.0045332573,-0.00175184,0.00550165,-0.020349,0.01812442274333213,121.2700673083216,41.52937758783696
PART-PIER-2,201,Pier/C3D8R,17.25,-20.0,5.0,0.00032420788,0.014237716,-0.0045332573,0.00175184,0.00550165,-0.020349,0.01812442274333213,121.2700673083216,41.52937758783696
PART-PIER-1,35,Pier/C3D8R,-17.25,20.0,5.0,-0.00032420788,-0.014237716,-0.0045332573,-0.00175184,-0.00550165,-0.020349,0.01812442274333213,121.2700673083216,41.52937758783696
PART-PIER-1,258,Pier/C3D8R,17.25,20.0,5.0,0.00032420788,-0.014237716,-0.0045332573,0.00175184,-0.00550165,-0.020349,0.01812442274333213,121.2700673083216,41.52937758783696
PART-SUPPORTBEAM-2,34,SupportBeam/B31,-206.66667,10.0,-4.0,0.024140673,-7.9991216e-05,-0.13199764,0.0197983,5.11485e-05,-0.149584,0.01811500645723985,13.499820548671257,12.446444709975793
PART-SUPPORTBEAM-2,331,SupportBeam/B31,206.66667,10.0,-4.0,-0.024140673,-7.9991216e-05,-0.13199764,-0.0197983,5.11485e-05,-0.149584,0.01811500645723985,13.499820548671257,12.446444709975793
PART-SUPPORTBEAM-1,34,SupportBeam/B31,-206.66667,-10.0,-4.0,0.024140673,7.9991216e-05,-0.13199764,0.0197983,-5.11485e-05,-0.149584,0.01811500645723985,13.499820548671257,12.446444709975793
PART-SUPPORTBEAM-1,331,SupportBeam/B31,206.66667,-10.0,-4.0,-0.024140673,7.9991216e-05,-0.13199764,-0.0197983,-5.11485e-05,-0.149584,0.01811500645723985,13.499820548671257,12.446444709975793
PART-FLOOR-1,240,Floor/S4R,190.0,0.0,0.0,-0.01579683,3.129645e-15,-0.23490693,-0.0107368,1.91848e-13,-0.252244,0.018060395892277675,7.6709944901322045,7.23543525321362
PART-FLOOR-1,447,Floor/S4R,-190.0,0.0,0.0,0.01579683,1.4751417e-15,-0.23490693,0.0107368,1.63205e-13,-0.252244,0.018060395892277675,7.6709944901322045,7.23543525321362
PART-SUPPORTBEAM-2,69,SupportBeam/B31,-200.0,10.0,-7.5,0.013678399,0.0002740839,-0.13835412,0.00974921,9.80835e-05,-0.155907,0.01798813771997871,12.938415795828966,12.359047910747647
PART-SUPPORTBEAM-2,305,SupportBeam/B31,200.0,10.0,-7.5,-0.013678399,0.0002740839,-0.13835412,-0.00974921,9.80835e-05,-0.155907,0.01798813771997871,12.938415795828966,12.359047910747647
PART-SUPPORTBEAM-1,69,SupportBeam/B31,-200.0,-10.0,-7.5,0.013678399,-0.0002740839,-0.13835412,0.00974921,-9.80835e-05,-0.155907,0.01798813771997871,12.938415795828966,12.359047910747647
PART-SUPPORTBEAM-1,305,SupportBeam/B31,200.0,-10.0,-7.5,-0.013678399,-0.0002740839,-0.13835412,-0.00974921,-9.80835e-05,-0.155907,0.01798813771997871,12.938415795828966,12.359047910747647
PART-FLOOR-1,200,Floor/S4R,-235.0,10.0,0.0,0.003354697,0.00043898946,-0.47426626,0.00440799,-0.000608763,-0.492156,0.017951323311357428,3.7849765137529587,3.773688876902164
PART-FLOOR-1,208,Floor/S4R,-235.0,-10.0,0.0,0.003354697,-0.00043898946,-0.47426626,0.00440799,0.000608763,-0.492156,0.017951323311357428,3.7849765137529587,3.773688876902164
PART-FLOOR-1,221,Floor/S4R,235.0,-10.0,0.0,-0.003354697,-0.00043898946,-0.47426626,-0.00440799,0.000608763,-0.492156,0.017951323311357428,3.7849765137529587,3.773688876902164
PART-FLOOR-1,229,Floor/S4R,235.0,10.0,0.0,-0.003354697,0.00043898946,-0.47426626,-0.00440799,-0.000608763,-0.492156,0.017951323311357428,3.7849765137529587,3.773688876902164
PART-PIER-2,35,Pier/C3D8R,-17.25,-10.0,5.0,-0.0008840752,0.014590223,-0.01002245,-0.00231571,0.00593408,-0.0256743,0.017943210366584906,101.24235529069234,49.25612006115932
PART-PIER-2,258,Pier/C3D8R,17.25,-10.0,5.0,0.0008840752,0.014590223,-0.01002245,0.00231571,0.00593408,-0.0256743,0.017943210366584906,101.24235529069234,49.25612006115932
PART-PIER-1,131,Pier/C3D8R,-17.25,10.0,5.0,-0.0008840752,-0.014590223,-0.01002245,-0.00231571,-0.00593408,-0.0256743,0.017943210366584906,101.24235529069234,49.25612006115932
PART-PIER-1,201,Pier/C3D8R,17.25,10.0,5.0,0.0008840752,-0.014590223,-0.01002245,0.00231571,-0.00593408,-0.0256743,0.017943210366584906,101.24235529069234,49.25612006115932
PART-SUPPORTBEAM-2,21,SupportBeam/B31,-203.84616,10.0,-30.0,-0.007331977,0.0020574871,-0.13484098,-0.00432188,0.00106204,-0.152465,0.01790691709476277,13.25889835664814,12.938423123449796
PART-SUPPORTBEAM-2,311,SupportBeam/B31,203.84616,10.0,-30.0,0.007331977,0.0020574871,-0.13484098,0.00432188,0.00106204,-0.152465,0.01790691709476277,13.25889835664814,12.938423123449796
PART-SUPPORTBEAM-1,21,SupportBeam/B31,-203.84616,-10.0,-30.0,-0.007331977,-0.0020574871,-0.13484098,-0.00432188,-0.00106204,-0.152465,0.01790691709476277,13.25889835664814,12.938423123449796
PART-SUPPORTBEAM-1,311,SupportBeam/B31,203.84616,-10.0,-30.0,0.007331977,-0.0020574871,-0.13484098,0.00432188,-0.00106204,-0.152465,0.01790691709476277,13.25889835664814,12.938423123449796
PART-SUPPORTBEAM-2,1,SupportBeam/B31,-200.0,10.0,-30.0,-0.0076100165,0.0020949636,-0.13894057,-0.00424115,0.000992146,-0.156487,0.017900912655465114,12.863123159869966,12.490975868710255
PART-SUPPORTBEAM-2,17,SupportBeam/B31,200.0,10.0,-30.0,0.0076100165,0.0020949636,-0.13894057,0.00424115,0.000992146,-0.156487,0.017900912655465114,12.863123159869966,12.490975868710255
PART-SUPPORTBEAM-1,1,SupportBeam/B31,-200.0,-10.0,-30.0,-0.0076100165,-0.0020949636,-0.13894057,-0.00424115,-0.000992146,-0.156487,0.017900912655465114,12.863123159869966,12.490975868710255
PART-SUPPORTBEAM-1,17,SupportBeam/B31,200.0,-10.0,-30.0,0.0076100165,-0.0020949636,-0.13894057,0.00424115,-0.000992146,-0.156487,0.017900912655465114,12.863123159869966,12.490975868710255
PART-PIER-2,727,Pier/C3D8R,-11.5,-15.0,5.0,-0.00041679133,0.014619641,-0.0073721986,-0.00138569,0.00624063,-0.0231342,0.017877004170286773,109.148875621476,46.54033568651143
PART-PIER-2,805,Pier/C3D8R,11.5,-15.0,5.0,0.00041679133,0.014619641,-0.0073721986,0.00138569,0.00624063,-0.0231342,0.017877004170286773,109.148875621476,46.54033568651143
PART-PIER-1,727,Pier/C3D8R,-11.5,15.0,5.0,-0.00041679133,-0.014619641,-0.0073721986,-0.00138569,-0.00624063,-0.0231342,0.017877004170286773,109.148875621476,46.54033568651143
PART-PIER-1,805,Pier/C3D8R,11.5,15.0,5.0,0.00041679133,-0.014619641,-0.0073721986,0.00138569,-0.00624063,-0.0231342,0.017877004170286773,109.148875621476,46.54033568651143
PART-SUPPORTBEAM-2,74,SupportBeam/B31,-200.0,10.0,-26.25,-0.0030556691,0.0017928932,-0.13885644,-0.000330163,0.00084969,-0.156404,0.0177829940598097,12.802581367493646,12.602463875945672
PART-SUPPORTBEAM-2,310,SupportBeam/B31,200.0,10.0,-26.25,0.0030556691,0.0017928932,-0.13885644,0.000330163,0.00084969,-0.156404,0.0177829940598097,12.802581367493646,12.602463875945672
PART-SUPPORTBEAM-1,74,SupportBeam/B31,-200.0,-10.0,-26.25,-0.0030556691,-0.0017928932,-0.13885644,-0.000330163,-0.00084969,-0.156404,0.0177829940598097,12.802581367493646,12.602463875945672
PART-SUPPORTBEAM-1,310,SupportBeam/B31,200.0,-10.0,-26.25,0.0030556691,-0.0017928932,-0.13885644,0.000330163,-0.00084969,-0.156404,0.0177829940598097,12.802581367493646,12.602463875945672
PART-SUPPORTBEAM-2,128,SupportBeam/B31,-126.92308,10.0,-30.0,-0.010488422,0.0025626945,-0.23868121,0.00416448,0.000283563,-0.248413,0.017737240879573013,7.423760309250717,3.9856711285575503
PART-SUPPORTBEAM-2,251,SupportBeam/B31,126.92308,10.0,-30.0,0.010488422,0.0025626945,-0.23868121,-0.00416448,0.000283563,-0.248413,0.017737240879573013,7.423760309250717,3.9856711285575503
PART-SUPPORTBEAM-1,128,SupportBeam/B31,-126.92308,-10.0,-30.0,-0.010488422,-0.0025626945,-0.23868121,0.00416448,-0.000283563,-0.248413,0.017737240879573013,7.423760309250717,3.9856711285575503
PART-SUPPORTBEAM-1,251,SupportBeam/B31,126.92308,-10.0,-30.0,0.010488422,-0.0025626945,-0.23868121,-0.00416448,-0.000283563,-0.248413,0.017737240879573013,7.423760309250717,3.9856711285575503
PART-SUPPORTBEAM-2,70,SupportBeam/B31,-200.0,10.0,-11.25,0.010660584,0.0005786337,-0.13846546,0.0081943,0.000252738,-0.156017,0.017726965931809474,12.764559288028929,12.497297934407069
PART-SUPPORTBEAM-2,306,SupportBeam/B31,200.0,10.0,-11.25,-0.010660584,0.0005786337,-0.13846546,-0.0081943,0.000252738,-0.156017,0.017726965931809474,12.764559288028929,12.497297934407069
PART-SUPPORTBEAM-1,70,SupportBeam/B31,-200.0,-10.0,-11.25,0.010660584,-0.0005786337,-0.13846546,0.0081943,-0.000252738,-0.156017,0.017726965931809474,12.764559288028929,12.497297934407069
PART-SUPPORTBEAM-1,306,SupportBeam/B31,200.0,-10.0,-11.25,-0.010660584,-0.0005786337,-0.13846546,-0.0081943,-0.000252738,-0.156017,0.017726965931809474,12.764559288028929,12.497297934407069
PART-FLOOR-1,302,Floor/S4R,75.0,-5.0,0.0,-0.0063743084,-3.266629e-08,-0.45430067,-0.0035126,-6.73882e-05,-0.436817,0.017716450784608418,3.8993354607732567,3.854833652339945
PART-FLOOR-1,383,Floor/S4R,-75.0,-5.0,0.0,0.0063743084,-3.2666293e-08,-0.45430067,0.0035126,-6.73882e-05,-0.436817,0.017716450784608404,3.899335460773253,3.854833652339945
PART-FLOOR-1,385,Floor/S4R,-75.0,5.0,0.0,0.0063743084,3.2666303e-08,-0.45430067,0.0035126,6.73882e-05,-0.436817,0.017716450784608366,3.8993354607732447,3.854833652339945
PART-FLOOR-1,304,Floor/S4R,75.0,5.0,0.0,-0.0063743084,3.2666307e-08,-0.45430067,-0.0035126,6.73882e-05,-0.436817,0.017716450784608352,3.899335460773242,3.854833652339945
PART-SUPPORTBEAM-2,60,SupportBeam/B31,-196.66667,10.0,-2.0,0.018146923,-0.0001375466,-0.14313342,0.0129251,-0.00017238,-0.160041,0.017695618391722956,12.264838381285514,11.285686090987358
PART-SUPPORTBEAM-2,303,SupportBeam/B31,196.66667,10.0,-2.0,-0.018146923,-0.0001375466,-0.14313342,-0.0129251,-0.00017238,-0.160041,0.017695618391722956,12.264838381285514,11.285686090987358
PART-SUPPORTBEAM-1,60,SupportBeam/B31,-196.66667,-10.0,-2.0,0.018146923,0.0001375466,-0.14313342,0.0129251,0.00017238,-0.160041,0.017695618391722956,12.264838381285514,11.285686090987358
PART-SUPPORTBEAM-1,303,SupportBeam/B31,196.66667,-10.0,-2.0,-0.018146923,0.0001375466,-0.14313342,-0.0129251,0.00017238,-0.160041,0.017695618391722956,12.264838381285514,11.285686090987358
PART-SUPPORTBEAM-2,73,SupportBeam/B31,-200.0,10.0,-22.5,0.0009057573,0.001490123,-0.13876686,0.00262814,0.000704249,-0.156315,0.01764996933619818,12.718148913653291,12.653940233649621
PART-SUPPORTBEAM-2,309,SupportBeam/B31,200.0,10.0,-22.5,-0.0009057573,0.001490123,-0.13876686,-0.00262814,0.000704249,-0.156315,0.01764996933619818,12.718148913653291,12.653940233649621
PART-SUPPORTBEAM-1,73,SupportBeam/B31,-200.0,-10.0,-22.5,0.0009057573,-0.001490123,-0.13876686,0.00262814,-0.000704249,-0.156315,0.01764996933619818,12.718148913653291,12.653940233649621
PART-SUPPORTBEAM-1,309,SupportBeam/B31,200.0,-10.0,-22.5,-0.0009057573,-0.001490123,-0.13876686,-0.00262814,-0.000704249,-0.156315,0.01764996933619818,12.718148913653291,12.653940233649621
PART-SUPPORTBEAM-2,35,SupportBeam/B31,-210.0,10.0,-6.0,0.026773347,4.8170892e-05,-0.13005088,0.0232337,0.000192409,-0.147303,0.017612085339641294,13.264291597215665,12.31074167280065
PART-SUPPORTBEAM-2,332,SupportBeam/B31,210.0,10.0,-6.0,-0.026773347,4.8170892e-05,-0.13005088,-0.0232337,0.000192409,-0.147303,0.017612085339641294,13.264291597215665,12.31074167280065
PART-SUPPORTBEAM-1,35,SupportBeam/B31,-210.0,-10.0,-6.0,0.026773347,-4.8170892e-05,-0.13005088,0.0232337,-0.000192409,-0.147303,0.017612085339641294,13.264291597215665,12.31074167280065
PART-SUPPORTBEAM-1,332,SupportBeam/B31,210.0,-10.0,-6.0,-0.026773347,-4.8170892e-05,-0.13005088,-0.0232337,-0.000192409,-0.147303,0.017612085339641294,13.264291597215665,12.31074167280065
PART-SUPPORTBEAM-2,71,SupportBeam/B31,-200.0,10.0,-15.0,0.007621077,0.0008828914,-0.13857138,0.00664964,0.0004055,-0.156122,0.01758396584329495,12.670060314003434,12.595490026434081
PART-SUPPORTBEAM-2,307,SupportBeam/B31,200.0,10.0,-15.0,-0.007621077,0.0008828914,-0.13857138,-0.00664964,0.0004055,-0.156122,0.01758396584329495,12.670060314003434,12.595490026434081
PART-SUPPORTBEAM-1,71,SupportBeam/B31,-200.0,-10.0,-15.0,0.007621077,-0.0008828914,-0.13857138,0.00664964,-0.0004055,-0.156122,0.01758396584329495,12.670060314003434,12.595490026434081
PART-SUPPORTBEAM-1,307,SupportBeam/B31,200.0,-10.0,-15.0,-0.007621077,-0.0008828914,-0.13857138,-0.00664964,-0.0004055,-0.156122,0.01758396584329495,12.670060314003434,12.595490026434081
PART-SUPPORTBEAM-2,72,SupportBeam/B31,-200.0,10.0,-18.75,0.00441707,0.0011867551,-0.13867185,0.0048745,0.000556094,-0.156221,0.01756643507802459,12.66074419202382,12.649449422865427
PART-SUPPORTBEAM-2,308,SupportBeam/B31,200.0,10.0,-18.75,-0.00441707,0.0011867551,-0.13867185,-0.0048745,0.000556094,-0.156221,0.01756643507802459,12.66074419202382,12.649449422865427
PART-SUPPORTBEAM-1,72,SupportBeam/B31,-200.0,-10.0,-18.75,0.00441707,-0.0011867551,-0.13867185,0.0048745,-0.000556094,-0.156221,0.01756643507802459,12.66074419202382,12.649449422865427
PART-SUPPORTBEAM-1,308,SupportBeam/B31,200.0,-10.0,-18.75,-0.00441707,-0.0011867551,-0.13867185,-0.0048745,-0.000556094,-0.156221,0.01756643507802459,12.66074419202382,12.649449422865427
PART-SUPPORTBEAM-2,22,SupportBeam/B31,-207.69231,10.0,-30.0,-0.007053939,0.0020197383,-0.13144079,-0.0044026,0.00113627,-0.14877,0.017553108954089194,13.333625968364638,13.060870623101813
PART-SUPPORTBEAM-2,312,SupportBeam/B31,207.69231,10.0,-30.0,0.007053939,0.0020197383,-0.13144079,0.0044026,0.00113627,-0.14877,0.017553108954089194,13.333625968364638,13.060870623101813
PART-SUPPORTBEAM-1,22,SupportBeam/B31,-207.69231,-10.0,-30.0,-0.007053939,-0.0020197383,-0.13144079,-0.0044026,-0.00113627,-0.14877,0.017553108954089194,13.333625968364638,13.060870623101813
PART-SUPPORTBEAM-1,312,SupportBeam/B31,207.69231,-10.0,-30.0,0.007053939,-0.0020197383,-0.13144079,0.0044026,-0.00113627,-0.14877,0.017553108954089194,13.333625968364638,13.060870623101813
PART-FLOOR-1,29,Floor/S4R,180.0,10.0,0.0,-0.013309859,0.0014304875,-0.32286304,-0.0102667,0.000156727,-0.34007,0.017520352592120998,5.4219004036356715,5.28703274531842
PART-FLOOR-1,43,Floor/S4R,180.0,-10.0,0.0,-0.013309859,-0.0014304875,-0.32286304,-0.0102667,-0.000156727,-0.34007,0.017520352592120998,5.4219004036356715,5.28703274531842
PART-FLOOR-1,178,Floor/S4R,-180.0,10.0,0.0,0.013309859,0.0014304875,-0.32286304,0.0102667,0.000156727,-0.34007,0.017520352592120998,5.4219004036356715,5.28703274531842
PART-FLOOR-1,188,Floor/S4R,-180.0,-10.0,0.0,0.013309859,-0.0014304875,-0.32286304,0.0102667,-0.000156727,-0.34007,0.017520352592120998,5.4219004036356715,5.28703274531842
PART-SUPPORTBEAM-2,121,SupportBeam/B31,-196.15384,10.0,-30.0,-0.0078817895,0.002132036,-0.14536081,-0.00414983,0.000926326,-0.162325,0.0174116340608755,11.959365446158653,11.532890617778524
PART-SUPPORTBEAM-2,289,SupportBeam/B31,196.15384,10.0,-30.0,0.0078817895,0.002132036,-0.14536081,0.00414983,0.000926326,-0.162325,0.0174116340608755,11.959365446158653,11.532890617778524
PART-SUPPORTBEAM-1,121,SupportBeam/B31,-196.15384,-10.0,-30.0,-0.0078817895,-0.002132036,-0.14536081,-0.00414983,-0.000926326,-0.162325,0.0174116340608755,11.959365446158653,11.532890617778524
PART-SUPPORTBEAM-1,289,SupportBeam/B31,196.15384,-10.0,-30.0,0.0078817895,-0.002132036,-0.14536081,0.00414983,-0.000926326,-0.162325,0.0174116340608755,11.959365446158653,11.532890617778524
PART-FLOOR-1,242,Floor/S4R,185.0,-5.0,0.0,-0.014428736,-0.00061149517,-0.27754265,-0.0106028,-9.34232e-06,-0.294388,0.01728485438044991,6.219405193710516,5.994840862373937
PART-FLOOR-1,244,Floor/S4R,185.0,5.0,0.0,-0.014428736,0.00061149517,-0.27754265,-0.0106028,9.34232e-06,-0.294388,0.01728485438044991,6.219405193710516,5.994840862373937
PART-FLOOR-1,443,Floor/S4R,-185.0,-5.0,0.0,0.014428736,-0.00061149517,-0.27754265,0.0106028,-9.34232e-06,-0.294388,0.01728485438044991,6.219405193710516,5.994840862373937
PART-FLOOR-1,445,Floor/S4R,-185.0,5.0,0.0,0.014428736,0.00061149517,-0.27754265,0.0106028,9.34232e-06,-0.294388,0.01728485438044991,6.219405193710516,5.994840862373937
PART-PIER-2,437,Pier/C3D8R,0.0,-15.0,-5.0,4.5841737e-17,0.009845819,-0.00619115,-3.40163e-15,0.00201383,-0.0214935,0.017190170657053437,147.80143697648026,85.61093851270698
PART-PIER-1,437,Pier/C3D8R,0.0,15.0,-5.0,-1.9062574e-15,-0.009845819,-0.00619115,-1.85371e-14,-0.00201383,-0.0214935,0.017190170657053437,147.80143697648026,85.61093851270698
PART-FLOOR-1,470,Floor/S4R,-235.0,-5.0,0.0,0.004408536,0.0007707814,-0.45657054,0.00439662,0.000307734,-0.473734,0.017169709201302785,3.7604012724677,3.758718887925213
PART-FLOOR-1,472,Floor/S4R,-235.0,5.0,0.0,0.004408536,-0.0007707814,-0.45657054,0.00439662,-0.000307734,-0.473734,0.017169709201302785,3.7604012724677,3.758718887925213
PART-FLOOR-1,497,Floor/S4R,235.0,5.0,0.0,-0.004408536,-0.0007707814,-0.45657054,-0.00439662,-0.000307734,-0.473734,0.017169709201302785,3.7604012724677,3.758718887925213
PART-FLOOR-1,499,Floor/S4R,235.0,-5.0,0.0,-0.004408536,0.0007707814,-0.45657054,-0.00439662,0.000307734,-0.473734,0.017169709201302785,3.7604012724677,3.758718887925213
PART-FLOOR-1,27,Floor/S4R,190.0,10.0,0.0,-0.015523277,0.0011839775,-0.20851658,-0.0108921,-0.000147248,-0.224943,0.017118622484113,8.186930409926955,7.704388329144537
PART-FLOOR-1,45,Floor/S4R,190.0,-10.0,0.0,-0.015523277,-0.0011839775,-0.20851658,-0.0108921,0.000147248,-0.224943,0.017118622484113,8.186930409926955,7.704388329144537
PART-FLOOR-1,180,Floor/S4R,-190.0,10.0,0.0,0.015523277,0.0011839775,-0.20851658,0.0108921,-0.000147248,-0.224943,0.017118622484113,8.186930409926955,7.704388329144537
PART-FLOOR-1,186,Floor/S4R,-190.0,-10.0,0.0,0.015523277,-0.0011839775,-0.20851658,0.0108921,0.000147248,-0.224943,0.017118622484113,8.186930409926955,7.704388329144537
PART-SUPPORTBEAM-2,129,SupportBeam/B31,-130.76923,10.0,-30.0,-0.010597526,0.0025534062,-0.23615238,0.00296141,0.000316192,-0.246349,0.017112011344467312,7.238466000059537,4.214468562181116
PART-SUPPORTBEAM-2,252,SupportBeam/B31,130.76923,10.0,-30.0,0.010597526,0.0025534062,-0.23615238,-0.00296141,0.000316192,-0.246349,0.017112011344467312,7.238466000059537,4.214468562181116
PART-SUPPORTBEAM-1,129,SupportBeam/B31,-130.76923,-10.0,-30.0,-0.010597526,-0.0025534062,-0.23615238,0.00296141,-0.000316192,-0.246349,0.017112011344467312,7.238466000059537,4.214468562181116
PART-SUPPORTBEAM-1,252,SupportBeam/B31,130.76923,-10.0,-30.0,0.010597526,-0.0025534062,-0.23615238,-0.00296141,-0.000316192,-0.246349,0.017112011344467312,7.238466000059537,4.214468562181116
PART-PIER-2,294,Pier/C3D8R,-11.5,-10.0,5.0,-0.00060626643,0.014854996,-0.010120541,-0.00143551,0.00769981,-0.0256303,0.017100788164031017,95.08308734460363,49.01431839238781
PART-PIER-2,610,Pier/C3D8R,11.5,-10.0,5.0,0.00060626643,0.014854996,-0.010120541,0.00143551,0.00769981,-0.0256303,0.017100788164031017,95.08308734460363,49.01431839238781
PART-PIER-1,372,Pier/C3D8R,-11.5,10.0,5.0,-0.00060626643,-0.014854996,-0.010120541,-0.00143551,-0.00769981,-0.0256303,0.017100788164031017,95.08308734460363,49.01431839238781
PART-PIER-1,532,Pier/C3D8R,11.5,10.0,5.0,0.00060626643,-0.014854996,-0.010120541,0.00143551,-0.00769981,-0.0256303,0.017100788164031017,95.08308734460363,49.01431839238781
PART-FLOOR-1,284,Floor/S4R,110.0,-5.0,0.0,-0.007512103,-7.0317255e-05,-0.35929307,-0.00543302,-8.38532e-05,-0.376249,0.017082925144939212,4.753554580158357,4.707281748749705
PART-FLOOR-1,286,Floor/S4R,110.0,5.0,0.0,-0.007512103,7.0317255e-05,-0.35929307,-0.00543302,8.38532e-05,-0.376249,0.017082925144939212,4.753554580158357,4.707281748749705
PART-FLOOR-1,401,Floor/S4R,-110.0,-5.0,0.0,0.007512103,-7.0317255e-05,-0.35929307,0.00543302,-8.38532e-05,-0.376249,0.017082925144939212,4.753554580158357,4.707281748749705
PART-FLOOR-1,403,Floor/S4R,-110.0,5.0,0.0,0.007512103,7.0317255e-05,-0.35929307,0.00543302,8.38532e-05,-0.376249,0.017082925144939212,4.753554580158357,4.707281748749705
PART-FLOOR-1,246,Floor/S4R,180.0,0.0,0.0,-0.0133201005,3.864512e-15,-0.32225585,-0.0103267,2.4004e-13,-0.339024,0.01703324105905566,5.281117188306923,5.162362717002149
PART-FLOOR-1,441,Floor/S4R,-180.0,0.0,0.0,0.0133201005,1.8774875e-15,-0.32225585,0.0103267,2.04928e-13,-0.339024,0.01703324105905566,5.281117188306923,5.162362717002149
PART-PIER-2,368,Pier/C3D8R,-11.83333,-20.0,-5.0,-0.00026729755,0.009515329,-0.0039082724,-0.00130938,0.00193208,-0.019115,0.01702457534064215,165.44509070259917,87.13947161374801
PART-PIER-2,528,Pier/C3D8R,11.83333,-20.0,-5.0,0.00026729755,0.009515329,-0.0039082724,0.00130938,0.00193208,-0.019115,0.01702457534064215,165.44509070259917,87.13947161374801
PART-PIER-1,290,Pier/C3D8R,-11.83333,20.0,-5.0,-0.00026729755,-0.009515329,-0.0039082724,-0.00130938,-0.00193208,-0.019115,0.01702457534064215,165.44509070259917,87.13947161374801
PART-PIER-1,606,Pier/C3D8R,11.83333,20.0,-5.0,0.00026729755,-0.009515329,-0.0039082724,0.00130938,-0.00193208,-0.019115,0.01702457534064215,165.44509070259917,87.13947161374801
PART-SUPPORTBEAM-2,120,SupportBeam/B31,-192.30769,10.0,-30.0,-0.008153561,0.0021684344,-0.15329225,-0.00405851,0.000864056,-0.169735,0.01699514263739754,11.070005026255233,10.592110688294689
PART-SUPPORTBEAM-2,288,SupportBeam/B31,192.30769,10.0,-30.0,0.008153561,0.0021684344,-0.15329225,0.00405851,0.000864056,-0.169735,0.01699514263739754,11.070005026255233,10.592110688294689
PART-SUPPORTBEAM-1,120,SupportBeam/B31,-192.30769,-10.0,-30.0,-0.008153561,-0.0021684344,-0.15329225,-0.00405851,-0.000864056,-0.169735,0.01699514263739754,11.070005026255233,10.592110688294689
PART-SUPPORTBEAM-1,288,SupportBeam/B31,192.30769,-10.0,-30.0,0.008153561,-0.0021684344,-0.15329225,0.00405851,-0.000864056,-0.169735,0.01699514263739754,11.070005026255233,10.592110688294689
PART-PIER-2,148,Pier/C3D8R,0.0,-20.0,-15.0,-2.8145293e-16,0.005820413,-0.0032415069,-4.736e-15,0.000675566,-0.0194389,0.016994851981977855,255.09465336304623,191.9562426431101
PART-PIER-1,96,Pier/C3D8R,0.0,20.0,-15.0,-9.700468e-16,-0.005820413,-0.0032415069,-2.07608e-14,-0.000675566,-0.0194389,0.016994851981977855,255.09465336304623,191.9562426431101
PART-FLOOR-1,31,Floor/S4R,170.0,10.0,0.0,-0.011836611,0.0009123671,-0.35220483,-0.00971931,0.000179236,-0.369047,0.016990560174499483,4.821318450951254,4.758774961891626
PART-FLOOR-1,41,Floor/S4R,170.0,-10.0,0.0,-0.011836611,-0.0009123671,-0.35220483,-0.00971931,-0.000179236,-0.369047,0.016990560174499483,4.821318450951254,4.758774961891626
PART-FLOOR-1,176,Floor/S4R,-170.0,10.0,0.0,0.011836611,0.0009123671,-0.35220483,0.00971931,0.000179236,-0.369047,0.016990560174499483,4.821318450951254,4.758774961891626
PART-FLOOR-1,190,Floor/S4R,-170.0,-10.0,0.0,0.011836611,-0.0009123671,-0.35220483,0.00971931,-0.000179236,-0.369047,0.016990560174499483,4.821318450951254,4.758774961891626
PART-FLOOR-1,471,Floor/S4R,-235.0,0.0,0.0,0.0034069058,1.2911917e-16,-0.4512045,0.0043899,1.86626e-14,-0.46814,0.016964004180830463,3.759608030874026,3.7550018381187606
PART-FLOOR-1,498,Floor/S4R,235.0,0.0,0.0,-0.0034069058,1.877422e-16,-0.4512045,-0.0043899,2.10015e-14,-0.46814,0.016964004180830463,3.759608030874026,3.7550018381187606
PART-SUPPORTBEAM-2,36,SupportBeam/B31,-213.33333,10.0,-8.0,0.029283877,0.00017656757,-0.12789468,0.0264198,0.000338307,-0.144601,0.01695081781648147,12.919385664734728,12.03511537919805
PART-SUPPORTBEAM-2,333,SupportBeam/B31,213.33333,10.0,-8.0,-0.029283877,0.00017656757,-0.12789468,-0.0264198,0.000338307,-0.144601,0.01695081781648147,12.919385664734728,12.03511537919805
PART-SUPPORTBEAM-1,36,SupportBeam/B31,-213.33333,-10.0,-8.0,0.029283877,-0.00017656757,-0.12789468,0.0264198,-0.000338307,-0.144601,0.01695081781648147,12.919385664734728,12.03511537919805
PART-SUPPORTBEAM-1,333,SupportBeam/B31,213.33333,-10.0,-8.0,-0.029283877,-0.00017656757,-0.12789468,-0.0264198,-0.000338307,-0.144601,0.01695081781648147,12.919385664734728,12.03511537919805
PART-FLOOR-1,248,Floor/S4R,175.0,-5.0,0.0,-0.012418583,-0.0005585944,-0.3475478,-0.0100172,-9.11284e-05,-0.364249,0.016879432638979428,4.853618855326261,4.778064832467927
PART-FLOOR-1,250,Floor/S4R,175.0,5.0,0.0,-0.012418583,0.0005585944,-0.3475478,-0.0100172,9.11284e-05,-0.364249,0.016879432638979428,4.853618855326261,4.778064832467927
PART-FLOOR-1,437,Floor/S4R,-175.0,-5.0,0.0,0.012418583,-0.0005585944,-0.3475478,0.0100172,-9.11284e-05,-0.364249,0.016879432638979428,4.853618855326261,4.778064832467927
PART-FLOOR-1,439,Floor/S4R,-175.0,5.0,0.0,0.012418583,0.0005585944,-0.3475478,0.0100172,9.11284e-05,-0.364249,0.016879432638979428,4.853618855326261,4.778064832467927
PART-SUPPORTBEAM-2,23,SupportBeam/B31,-211.53847,10.0,-30.0,-0.0067759,0.0019817476,-0.12790582,-0.00448333,0.00121446,-0.144607,0.01687524876434164,13.173444549803643,12.943803020313185
PART-SUPPORTBEAM-2,313,SupportBeam/B31,211.53847,10.0,-30.0,0.0067759,0.0019817476,-0.12790582,0.00448333,0.00121446,-0.144607,0.01687524876434164,13.173444549803643,12.943803020313185
PART-SUPPORTBEAM-1,23,SupportBeam/B31,-211.53847,-10.0,-30.0,-0.0067759,-0.0019817476,-0.12790582,-0.00448333,-0.00121446,-0.144607,0.01687524876434164,13.173444549803643,12.943803020313185
PART-SUPPORTBEAM-1,313,SupportBeam/B31,211.53847,-10.0,-30.0,0.0067759,-0.0019817476,-0.12790582,0.00448333,-0.00121446,-0.144607,0.01687524876434164,13.173444549803643,12.943803020313185
PART-SUPPORTBEAM-2,59,SupportBeam/B31,-193.33333,10.0,-4.0,0.015039096,6.0445527e-05,-0.14987023,0.010938,-0.000124737,-0.166172,0.016810740200907927,11.160811547092772,10.561955689761204
PART-SUPPORTBEAM-2,302,SupportBeam/B31,193.33333,10.0,-4.0,-0.015039096,6.0445527e-05,-0.14987023,-0.010938,-0.000124737,-0.166172,0.016810740200907927,11.160811547092772,10.561955689761204
PART-SUPPORTBEAM-1,59,SupportBeam/B31,-193.33333,-10.0,-4.0,0.015039096,-6.0445527e-05,-0.14987023,0.010938,0.000124737,-0.166172,0.016810740200907927,11.160811547092772,10.561955689761204
PART-SUPPORTBEAM-1,302,SupportBeam/B31,193.33333,-10.0,-4.0,-0.015039096,-6.0445527e-05,-0.14987023,-0.010938,0.000124737,-0.166172,0.016810740200907927,11.160811547092772,10.561955689761204
PART-SUPPORTBEAM-2,119,SupportBeam/B31,-188.46153,10.0,-30.0,-0.008425334,0.0022040184,-0.16193867,-0.00396719,0.000805415,-0.177913,0.016643628160474114,10.262905309733537,9.734298539245891
PART-SUPPORTBEAM-2,287,SupportBeam/B31,188.46153,10.0,-30.0,0.008425334,0.0022040184,-0.16193867,0.00396719,0.000805415,-0.177913,0.016643628160474114,10.262905309733537,9.734298539245891
PART-SUPPORTBEAM-1,119,SupportBeam/B31,-188.46153,-10.0,-30.0,-0.008425334,-0.0022040184,-0.16193867,-0.00396719,-0.000805415,-0.177913,0.016643628160474114,10.262905309733537,9.734298539245891
PART-SUPPORTBEAM-1,287,SupportBeam/B31,188.46153,-10.0,-30.0,0.008425334,-0.0022040184,-0.16193867,0.00396719,-0.000805415,-0.177913,0.016643628160474114,10.262905309733537,9.734298539245891
PART-PIER-2,364,Pier/C3D8R,-12.16667,-20.0,-15.0,-0.00031476672,0.005608167,-0.0031816596,-0.00164341,3.46723e-05,-0.0187843,0.016621417616681476,257.4765567417246,192.09299947490837
PART-PIER-2,524,Pier/C3D8R,12.16667,-20.0,-15.0,0.00031476672,0.005608167,-0.0031816596,0.00164341,3.46723e-05,-0.0187843,0.016621417616681476,257.4765567417246,192.09299947490837
PART-PIER-1,286,Pier/C3D8R,-12.16667,20.0,-15.0,-0.00031476672,-0.005608167,-0.0031816596,-0.00164341,-3.46723e-05,-0.0187843,0.016621417616681476,257.4765567417246,192.09299947490837
PART-PIER-1,602,Pier/C3D8R,12.16667,20.0,-15.0,0.00031476672,-0.005608167,-0.0031816596,0.00164341,-3.46723e-05,-0.0187843,0.016621417616681476,257.4765567417246,192.09299947490837
PART-SUPPORTBEAM-2,130,SupportBeam/B31,-134.61539,10.0,-30.0,-0.010706632,0.0025428033,-0.23249961,0.00175832,0.000346252,-0.243077,0.016494879362636623,7.0866502606003055,4.435350024388371
PART-SUPPORTBEAM-2,253,SupportBeam/B31,134.61539,10.0,-30.0,0.010706632,0.0025428033,-0.23249961,-0.00175832,0.000346252,-0.243077,0.016494879362636623,7.0866502606003055,4.435350024388371
PART-SUPPORTBEAM-1,130,SupportBeam/B31,-134.61539,-10.0,-30.0,-0.010706632,-0.0025428033,-0.23249961,0.00175832,-0.000346252,-0.243077,0.016494879362636623,7.0866502606003055,4.435350024388371
PART-SUPPORTBEAM-1,253,SupportBeam/B31,134.61539,-10.0,-30.0,0.010706632,-0.0025428033,-0.23249961,-0.00175832,-0.000346252,-0.243077,0.016494879362636623,7.0866502606003055,4.435350024388371
PART-FLOOR-1,252,Floor/S4R,170.0,0.0,0.0,-0.01177035,4.516595e-15,-0.3492412,-0.00973081,2.87246e-13,-0.365579,0.016464611512319396,4.711720340910568,4.655739543067417
PART-FLOOR-1,435,Floor/S4R,-170.0,0.0,0.0,0.01177035,2.2828262e-15,-0.3492412,0.00973081,2.46611e-13,-0.365579,0.016464611512319396,4.711720340910568,4.655739543067417
PART-PIER-2,367,Pier/C3D8R,-5.91667,-20.0,-5.0,-0.00012966926,0.009679868,-0.00399111,-0.000444366,0.00219641,-0.018572,0.016392178954246158,156.54566559782268,78.64945246493595
PART-PIER-2,527,Pier/C3D8R,5.91667,-20.0,-5.0,0.00012966926,0.009679868,-0.00399111,0.000444366,0.00219641,-0.018572,0.016392178954246158,156.54566559782268,78.64945246493595
PART-PIER-1,289,Pier/C3D8R,-5.91667,20.0,-5.0,-0.00012966926,-0.009679868,-0.00399111,-0.000444366,-0.00219641,-0.018572,0.016392178954246158,156.54566559782268,78.64945246493595
PART-PIER-1,605,Pier/C3D8R,5.91667,20.0,-5.0,0.00012966926,-0.009679868,-0.00399111,0.000444366,-0.00219641,-0.018572,0.016392178954246158,156.54566559782268,78.64945246493595
PART-SUPPORTBEAM-2,118,SupportBeam/B31,-184.61539,10.0,-30.0,-0.008697105,0.002238647,-0.1706445,-0.00387587,0.000750484,-0.186196,0.016349559268977066,9.567823662731746,8.98709006367127
PART-SUPPORTBEAM-2,286,SupportBeam/B31,184.61539,10.0,-30.0,0.008697105,0.002238647,-0.1706445,0.00387587,0.000750484,-0.186196,0.016349559268977066,9.567823662731746,8.98709006367127
PART-SUPPORTBEAM-1,118,SupportBeam/B31,-184.61539,-10.0,-30.0,-0.008697105,-0.002238647,-0.1706445,-0.00387587,-0.000750484,-0.186196,0.016349559268977066,9.567823662731746,8.98709006367127
PART-SUPPORTBEAM-1,286,SupportBeam/B31,184.61539,-10.0,-30.0,0.008697105,-0.002238647,-0.1706445,0.00387587,-0.000750484,-0.186196,0.016349559268977066,9.567823662731746,8.98709006367127
PART-PIER-2,718,Pier/C3D8R,-6.08333,-15.0,-15.0,-0.0002440315,0.005871365,-0.0048845573,-0.000925965,0.000721614,-0.0202137,0.016185412709516758,211.8114407668891,164.97361560796045
PART-PIER-2,796,Pier/C3D8R,6.08333,-15.0,-15.0,0.0002440315,0.005871365,-0.0048845573,0.000925965,0.000721614,-0.0202137,0.016185412709516758,211.8114407668891,164.97361560796045
PART-PIER-1,718,Pier/C3D8R,-6.08333,15.0,-15.0,-0.0002440315,-0.005871365,-0.0048845573,-0.000925965,-0.000721614,-0.0202137,0.016185412709516758,211.8114407668891,164.97361560796045
PART-PIER-1,796,Pier/C3D8R,6.08333,15.0,-15.0,0.0002440315,-0.005871365,-0.0048845573,0.000925965,-0.000721614,-0.0202137,0.016185412709516758,211.8114407668891,164.97361560796045
PART-PIER-2,96,Pier/C3D8R,0.0,-10.0,-15.0,3.6360877e-16,0.006154668,-0.0066413637,-1.04725e-15,0.00205341,-0.0222703,0.016158092927447278,178.4497246998334,146.99612383507372
PART-PIER-1,148,Pier/C3D8R,0.0,10.0,-15.0,-1.3804729e-15,-0.006154668,-0.0066413637,-1.64119e-15,-0.00205341,-0.0222703,0.016158092927447278,178.4497246998334,146.99612383507372
PART-SUPPORTBEAM-2,37,SupportBeam/B31,-216.66667,10.0,-10.0,0.03132545,0.00030516688,-0.12495102,0.029019,0.000488431,-0.140915,0.016130776632902084,12.522123322800235,11.686671550614323
PART-SUPPORTBEAM-2,334,SupportBeam/B31,216.66667,10.0,-10.0,-0.03132545,0.00030516688,-0.12495102,-0.029019,0.000488431,-0.140915,0.016130776632902084,12.522123322800235,11.686671550614323
PART-SUPPORTBEAM-1,37,SupportBeam/B31,-216.66667,-10.0,-10.0,0.03132545,-0.00030516688,-0.12495102,0.029019,-0.000488431,-0.140915,0.016130776632902084,12.522123322800235,11.686671550614323
PART-SUPPORTBEAM-1,334,SupportBeam/B31,216.66667,-10.0,-10.0,-0.03132545,-0.00030516688,-0.12495102,-0.029019,-0.000488431,-0.140915,0.016130776632902084,12.522123322800235,11.686671550614323
PART-SUPPORTBEAM-2,117,SupportBeam/B31,-180.76923,10.0,-30.0,-0.008968878,0.0022721798,-0.17889515,-0.00378455,0.000699342,-0.194062,0.01610541568787323,8.990696085781433,8.354579230406086
PART-SUPPORTBEAM-2,285,SupportBeam/B31,180.76923,10.0,-30.0,0.008968878,0.0022721798,-0.17889515,0.00378455,0.000699342,-0.194062,0.01610541568787323,8.990696085781433,8.354579230406086
PART-SUPPORTBEAM-1,117,SupportBeam/B31,-180.76923,-10.0,-30.0,-0.008968878,-0.0022721798,-0.17889515,-0.00378455,-0.000699342,-0.194062,0.01610541568787323,8.990696085781433,8.354579230406086
PART-SUPPORTBEAM-1,285,SupportBeam/B31,180.76923,-10.0,-30.0,0.008968878,-0.0022721798,-0.17889515,0.00378455,-0.000699342,-0.194062,0.01610541568787323,8.990696085781433,8.354579230406086
PART-SUPPORTBEAM-2,139,SupportBeam/B31,-100.0,10.0,-22.5,-0.0060053817,0.0019901171,-0.23561324,0.00994699,4.46196e-05,-0.234915,0.016085728534171746,6.82471527560581,0.24296358493162787
PART-SUPPORTBEAM-2,243,SupportBeam/B31,100.0,10.0,-22.5,0.0060053817,0.0019901171,-0.23561324,-0.00994699,4.46196e-05,-0.234915,0.016085728534171746,6.82471527560581,0.24296358493162787
PART-SUPPORTBEAM-1,139,SupportBeam/B31,-100.0,-10.0,-22.5,-0.0060053817,-0.0019901171,-0.23561324,0.00994699,-4.46196e-05,-0.234915,0.016085728534171746,6.82471527560581,0.24296358493162787
PART-SUPPORTBEAM-1,243,SupportBeam/B31,100.0,-10.0,-22.5,0.0060053817,-0.0019901171,-0.23561324,-0.00994699,-4.46196e-05,-0.234915,0.016085728534171746,6.82471527560581,0.24296358493162787
PART-FLOOR-1,254,Floor/S4R,165.0,-5.0,0.0,-0.011366127,-0.00035063442,-0.3292263,-0.00943647,-9.45502e-05,-0.345171,0.016063082311791262,4.876132027667122,4.819750755012016
PART-FLOOR-1,256,Floor/S4R,165.0,5.0,0.0,-0.011366127,0.00035063442,-0.3292263,-0.00943647,9.45502e-05,-0.345171,0.016063082311791262,4.876132027667122,4.819750755012016
PART-FLOOR-1,431,Floor/S4R,-165.0,-5.0,0.0,0.011366127,-0.00035063442,-0.3292263,0.00943647,-9.45502e-05,-0.345171,0.016063082311791262,4.876132027667122,4.819750755012016
PART-FLOOR-1,433,Floor/S4R,-165.0,5.0,0.0,0.011366127,0.00035063442,-0.3292263,0.00943647,9.45502e-05,-0.345171,0.016063082311791262,4.876132027667122,4.819750755012016
PART-SUPPORTBEAM-2,58,SupportBeam/B31,-190.0,10.0,-6.0,0.011329344,0.00025815057,-0.15760435,0.00832334,-7.38556e-05,-0.173343,0.01602658391446642,10.14268602833686,9.82935796017963
PART-SUPPORTBEAM-2,301,SupportBeam/B31,190.0,10.0,-6.0,-0.011329344,0.00025815057,-0.15760435,-0.00832334,-7.38556e-05,-0.173343,0.01602658391446642,10.14268602833686,9.82935796017963
PART-SUPPORTBEAM-1,58,SupportBeam/B31,-190.0,-10.0,-6.0,0.011329344,-0.00025815057,-0.15760435,0.00832334,7.38556e-05,-0.173343,0.01602658391446642,10.14268602833686,9.82935796017963
PART-SUPPORTBEAM-1,301,SupportBeam/B31,190.0,-10.0,-6.0,-0.011329344,-0.00025815057,-0.15760435,-0.00832334,7.38556e-05,-0.173343,0.01602658391446642,10.14268602833686,9.82935796017963
PART-SUPPORTBEAM-2,131,SupportBeam/B31,-138.46153,10.0,-30.0,-0.010815737,0.0025307287,-0.2279457,0.000555248,0.000373515,-0.238877,0.015919993420466377,6.975838917797021,4.671777670709008
PART-SUPPORTBEAM-2,254,SupportBeam/B31,138.46153,10.0,-30.0,0.010815737,0.0025307287,-0.2279457,-0.000555248,0.000373515,-0.238877,0.015919993420466377,6.975838917797021,4.671777670709008
PART-SUPPORTBEAM-1,131,SupportBeam/B31,-138.46153,-10.0,-30.0,-0.010815737,-0.0025307287,-0.2279457,0.000555248,-0.000373515,-0.238877,0.015919993420466377,6.975838917797021,4.671777670709008
PART-SUPPORTBEAM-1,254,SupportBeam/B31,138.46153,-10.0,-30.0,0.010815737,-0.0025307287,-0.2279457,-0.000555248,-0.000373515,-0.238877,0.015919993420466377,6.975838917797021,4.671777670709008
PART-SUPPORTBEAM-2,24,SupportBeam/B31,-215.38461,10.0,-30.0,-0.0064978614,0.0019435465,-0.12354267,-0.00456406,0.00129623,-0.139326,0.01591452520167393,12.862436416566316,12.67132271850181
PART-SUPPORTBEAM-2,314,SupportBeam/B31,215.38461,10.0,-30.0,0.0064978614,0.0019435465,-0.12354267,0.00456406,0.00129623,-0.139326,0.01591452520167393,12.862436416566316,12.67132271850181
PART-SUPPORTBEAM-1,24,SupportBeam/B31,-215.38461,-10.0,-30.0,-0.0064978614,-0.0019435465,-0.12354267,-0.00456406,-0.00129623,-0.139326,0.01591452520167393,12.862436416566316,12.67132271850181
PART-SUPPORTBEAM-1,314,SupportBeam/B31,215.38461,-10.0,-30.0,0.0064978614,-0.0019435465,-0.12354267,0.00456406,-0.00129623,-0.139326,0.01591452520167393,12.862436416566316,12.67132271850181
PART-SUPPORTBEAM-2,116,SupportBeam/B31,-176.92308,10.0,-30.0,-0.009240649,0.002304476,-0.18631665,-0.00369323,0.000652071,-0.201128,0.015902213326077788,8.523918477073385,7.827549460233109
PART-SUPPORTBEAM-2,284,SupportBeam/B31,176.92308,10.0,-30.0,0.009240649,0.002304476,-0.18631665,0.00369323,0.000652071,-0.201128,0.015902213326077788,8.523918477073385,7.827549460233109
PART-SUPPORTBEAM-1,116,SupportBeam/B31,-176.92308,-10.0,-30.0,-0.009240649,-0.002304476,-0.18631665,-0.00369323,-0.000652071,-0.201128,0.015902213326077788,8.523918477073385,7.827549460233109
PART-SUPPORTBEAM-1,284,SupportBeam/B31,176.92308,-10.0,-30.0,0.009240649,-0.002304476,-0.18631665,0.00369323,-0.000652071,-0.201128,0.015902213326077788,8.523918477073385,7.827549460233109
PART-FLOOR-1,258,Floor/S4R,160.0,0.0,0.0,-0.011127579,5.0760787e-15,-0.30167073,-0.00913481,3.3302e-13,-0.31733,0.01578555875540239,5.229155202904343,5.162904296713601
PART-FLOOR-1,429,Floor/S4R,-160.0,0.0,0.0,0.011127579,2.6886685e-15,-0.30167073,0.00913481,2.87812e-13,-0.31733,0.01578555875540239,5.229155202904343,5.162904296713601
PART-PIER-2,149,Pier/C3D8R,0.0,-20.0,-10.0,-3.1889517e-16,0.007579347,-0.0036066575,-5.26707e-15,0.000184306,-0.0175443,0.015777975467387673,187.97364883347578,109.0285957948635
PART-PIER-1,95,Pier/C3D8R,0.0,20.0,-10.0,-1.3009334e-15,-0.007579347,-0.0036066575,-2.56799e-14,-0.000184306,-0.0175443,0.015777975467387673,187.97364883347578,109.0285957948635
PART-PIER-2,289,Pier/C3D8R,-5.91667,-10.0,-5.0,-0.00031156937,0.010028085,-0.008440034,-0.000725473,0.00226094,-0.0221387,0.015752882524970094,120.15172386904338,69.82663340678722
PART-PIER-2,605,Pier/C3D8R,5.91667,-10.0,-5.0,0.00031156937,0.010028085,-0.008440034,0.000725473,0.00226094,-0.0221387,0.015752882524970094,120.15172386904338,69.82663340678722
PART-PIER-1,367,Pier/C3D8R,-5.91667,10.0,-5.0,-0.00031156937,-0.010028085,-0.008440034,-0.000725473,-0.00226094,-0.0221387,0.015752882524970094,120.15172386904338,69.82663340678722
PART-PIER-1,527,Pier/C3D8R,5.91667,10.0,-5.0,0.00031156937,-0.010028085,-0.008440034,0.000725473,-0.00226094,-0.0221387,0.015752882524970094,120.15172386904338,69.82663340678722
PART-PIER-2,476,Pier/C3D8R,-17.75,-15.0,-5.0,-0.0006568945,0.009357339,-0.006045944,-0.00164949,0.00253078,-0.0202029,0.01574822392503476,141.1136034530737,83.04276175052813
PART-PIER-2,675,Pier/C3D8R,17.75,-15.0,-5.0,0.0006568945,0.009357339,-0.006045944,0.00164949,0.00253078,-0.0202029,0.01574822392503476,141.1136034530737,83.04276175052813
PART-PIER-1,476,Pier/C3D8R,-17.75,15.0,-5.0,-0.0006568945,-0.009357339,-0.006045944,-0.00164949,-0.00253078,-0.0202029,0.01574822392503476,141.1136034530737,83.04276175052813
PART-PIER-1,675,Pier/C3D8R,17.75,15.0,-5.0,0.0006568945,-0.009357339,-0.006045944,0.00164949,-0.00253078,-0.0202029,0.01574822392503476,141.1136034530737,83.04276175052813
PART-SUPPORTBEAM-2,115,SupportBeam/B31,-173.07692,10.0,-30.0,-0.009512422,0.002335395,-0.19267604,-0.00360191,0.00060875,-0.207154,0.015732983849854082,8.154980597668049,7.3921837052916635
PART-SUPPORTBEAM-2,283,SupportBeam/B31,173.07692,10.0,-30.0,0.009512422,0.002335395,-0.19267604,0.00360191,0.00060875,-0.207154,0.015732983849854082,8.154980597668049,7.3921837052916635
PART-SUPPORTBEAM-1,115,SupportBeam/B31,-173.07692,-10.0,-30.0,-0.009512422,-0.002335395,-0.19267604,-0.00360191,-0.00060875,-0.207154,0.015732983849854082,8.154980597668049,7.3921837052916635
PART-SUPPORTBEAM-1,283,SupportBeam/B31,173.07692,-10.0,-30.0,0.009512422,-0.002335395,-0.19267604,0.00360191,-0.00060875,-0.207154,0.015732983849854082,8.154980597668049,7.3921837052916635
PART-PIER-2,722,Pier/C3D8R,-5.91667,-15.0,-5.0,-0.00021991548,0.009795414,-0.0062050363,-0.000927654,0.00310773,-0.0203805,0.01568979866685884,135.28656080391372,77.9436911727918
PART-PIER-2,800,Pier/C3D8R,5.91667,-15.0,-5.0,0.00021991548,0.009795414,-0.0062050363,0.000927654,0.00310773,-0.0203805,0.01568979866685884,135.28656080391372,77.9436911727918
PART-PIER-1,722,Pier/C3D8R,-5.91667,15.0,-5.0,-0.00021991548,-0.009795414,-0.0062050363,-0.000927654,-0.00310773,-0.0203805,0.01568979866685884,135.28656080391372,77.9436911727918
PART-PIER-1,800,Pier/C3D8R,5.91667,15.0,-5.0,0.00021991548,-0.009795414,-0.0062050363,0.000927654,-0.00310773,-0.0203805,0.01568979866685884,135.28656080391372,77.9436911727918
PART-SUPPORTBEAM-2,114,SupportBeam/B31,-169.23077,10.0,-30.0,-0.009784193,0.0023647957,-0.19788097,-0.00351059,0.000569459,-0.212037,0.015587639777364508,7.867108935973559,7.030495375214302
PART-SUPPORTBEAM-2,282,SupportBeam/B31,169.23077,10.0,-30.0,0.009784193,0.0023647957,-0.19788097,0.00351059,0.000569459,-0.212037,0.015587639777364508,7.867108935973559,7.030495375214302
PART-SUPPORTBEAM-1,114,SupportBeam/B31,-169.23077,-10.0,-30.0,-0.009784193,-0.0023647957,-0.19788097,-0.00351059,-0.000569459,-0.212037,0.015587639777364508,7.867108935973559,7.030495375214302
PART-SUPPORTBEAM-1,282,SupportBeam/B31,169.23077,-10.0,-30.0,0.009784193,-0.0023647957,-0.19788097,0.00351059,-0.000569459,-0.212037,0.015587639777364508,7.867108935973559,7.030495375214302
PART-SUPPORTBEAM-2,113,SupportBeam/B31,-165.38461,10.0,-30.0,-0.010055966,0.0023925377,-0.20198005,-0.00341927,0.00053428,-0.215817,0.015458332406133776,7.643392995894553,6.724721399523094
PART-SUPPORTBEAM-2,281,SupportBeam/B31,165.38461,10.0,-30.0,0.010055966,0.0023925377,-0.20198005,0.00341927,0.00053428,-0.215817,0.015458332406133776,7.643392995894553,6.724721399523094
PART-SUPPORTBEAM-1,113,SupportBeam/B31,-165.38461,-10.0,-30.0,-0.010055966,-0.0023925377,-0.20198005,-0.00341927,-0.00053428,-0.215817,0.015458332406133776,7.643392995894553,6.724721399523094
PART-SUPPORTBEAM-1,281,SupportBeam/B31,165.38461,-10.0,-30.0,0.010055966,-0.0023925377,-0.20198005,0.00341927,-0.00053428,-0.215817,0.015458332406133776,7.643392995894553,6.724721399523094
PART-PIER-2,133,Pier/C3D8R,-17.75,-20.0,-5.0,-0.00037948397,0.009246661,-0.0038616024,-0.00217459,0.00245685,-0.0176029,0.01543201862383626,153.8924052619758,78.56425367712846
PART-PIER-2,199,Pier/C3D8R,17.75,-20.0,-5.0,0.00037948397,0.009246661,-0.0038616024,0.00217459,0.00245685,-0.0176029,0.01543201862383626,153.8924052619758,78.56425367712846
PART-PIER-1,33,Pier/C3D8R,-17.75,20.0,-5.0,-0.00037948397,-0.009246661,-0.0038616024,-0.00217459,-0.00245685,-0.0176029,0.01543201862383626,153.8924052619758,78.56425367712846
PART-PIER-1,260,Pier/C3D8R,17.75,20.0,-5.0,0.00037948397,-0.009246661,-0.0038616024,0.00217459,-0.00245685,-0.0176029,0.01543201862383626,153.8924052619758,78.56425367712846
PART-SUPPORTBEAM-2,132,SupportBeam/B31,-142.30769,10.0,-30.0,-0.010924843,0.0025170255,-0.22285417,-0.000647833,0.000397758,-0.234168,0.01543084503666459,6.915444363559946,4.944629092356987
PART-SUPPORTBEAM-2,255,SupportBeam/B31,142.30769,10.0,-30.0,0.010924843,0.0025170255,-0.22285417,0.000647833,0.000397758,-0.234168,0.01543084503666459,6.915444363559946,4.944629092356987
PART-SUPPORTBEAM-1,132,SupportBeam/B31,-142.30769,-10.0,-30.0,-0.010924843,-0.0025170255,-0.22285417,-0.000647833,-0.000397758,-0.234168,0.01543084503666459,6.915444363559946,4.944629092356987
PART-SUPPORTBEAM-1,255,SupportBeam/B31,142.30769,-10.0,-30.0,0.010924843,-0.0025170255,-0.22285417,0.000647833,-0.000397758,-0.234168,0.01543084503666459,6.915444363559946,4.944629092356987
PART-FLOOR-1,288,Floor/S4R,105.0,0.0,0.0,-0.0072034667,7.1047616e-15,-0.32184964,-0.005123,5.39112e-13,-0.337126,0.01541737709662083,4.789042806866449,4.732292464217865
PART-FLOOR-1,399,Floor/S4R,-105.0,0.0,0.0,0.0072034667,4.5115554e-15,-0.32184964,0.005123,4.86107e-13,-0.337126,0.01541737709662083,4.789042806866449,4.732292464217865
PART-SUPPORTBEAM-2,57,SupportBeam/B31,-186.66667,10.0,-8.0,0.0073854662,0.0004552277,-0.16572285,0.00544824,-2.07054e-05,-0.180942,0.015349328467009286,9.252828501855005,9.124258766589504
PART-SUPPORTBEAM-2,300,SupportBeam/B31,186.66667,10.0,-8.0,-0.0073854662,0.0004552277,-0.16572285,-0.00544824,-2.07054e-05,-0.180942,0.015349328467009286,9.252828501855005,9.124258766589504
PART-SUPPORTBEAM-1,57,SupportBeam/B31,-186.66667,-10.0,-8.0,0.0073854662,-0.0004552277,-0.16572285,0.00544824,2.07054e-05,-0.180942,0.015349328467009286,9.252828501855005,9.124258766589504
PART-SUPPORTBEAM-1,300,SupportBeam/B31,186.66667,-10.0,-8.0,-0.0073854662,-0.0004552277,-0.16572285,-0.00544824,2.07054e-05,-0.180942,0.015349328467009286,9.252828501855005,9.124258766589504
PART-SUPPORTBEAM-2,112,SupportBeam/B31,-161.53847,10.0,-30.0,-0.010327737,0.0024184803,-0.20516258,-0.00332795,0.000503291,-0.218674,0.015336995746123273,7.465561619559649,6.45615454163184
PART-SUPPORTBEAM-2,280,SupportBeam/B31,161.53847,10.0,-30.0,0.010327737,0.0024184803,-0.20516258,0.00332795,0.000503291,-0.218674,0.015336995746123273,7.465561619559649,6.45615454163184
PART-SUPPORTBEAM-1,112,SupportBeam/B31,-161.53847,-10.0,-30.0,-0.010327737,-0.0024184803,-0.20516258,-0.00332795,-0.000503291,-0.218674,0.015336995746123273,7.465561619559649,6.45615454163184
PART-SUPPORTBEAM-1,280,SupportBeam/B31,161.53847,-10.0,-30.0,0.010327737,-0.0024184803,-0.20516258,0.00332795,-0.000503291,-0.218674,0.015336995746123273,7.465561619559649,6.45615454163184
PART-FLOOR-1,33,Floor/S4R,160.0,10.0,0.0,-0.011140481,0.00049848255,-0.283016,-0.00914768,0.00019953,-0.298127,0.015244767936992417,5.382362595502966,5.307157073670229
PART-FLOOR-1,39,Floor/S4R,160.0,-10.0,0.0,-0.011140481,-0.00049848255,-0.283016,-0.00914768,-0.00019953,-0.298127,0.015244767936992417,5.382362595502966,5.307157073670229
PART-FLOOR-1,174,Floor/S4R,-160.0,10.0,0.0,0.011140481,0.00049848255,-0.283016,0.00914768,0.00019953,-0.298127,0.015244767936992417,5.382362595502966,5.307157073670229
PART-FLOOR-1,192,Floor/S4R,-160.0,-10.0,0.0,0.011140481,-0.00049848255,-0.283016,0.00914768,-0.00019953,-0.298127,0.015244767936992417,5.382362595502966,5.307157073670229
PART-SUPPORTBEAM-2,111,SupportBeam/B31,-157.69231,10.0,-30.0,-0.01059951,0.0024424829,-0.20775877,-0.00323663,0.000476574,-0.220927,0.015214436599177745,7.3131099817372025,6.204431032029522
PART-SUPPORTBEAM-2,279,SupportBeam/B31,157.69231,10.0,-30.0,0.01059951,0.0024424829,-0.20775877,0.00323663,0.000476574,-0.220927,0.015214436599177745,7.3131099817372025,6.204431032029522
PART-SUPPORTBEAM-1,111,SupportBeam/B31,-157.69231,-10.0,-30.0,-0.01059951,-0.0024424829,-0.20775877,-0.00323663,-0.000476574,-0.220927,0.015214436599177745,7.3131099817372025,6.204431032029522
PART-SUPPORTBEAM-1,279,SupportBeam/B31,157.69231,-10.0,-30.0,0.01059951,-0.0024424829,-0.20775877,0.00323663,-0.000476574,-0.220927,0.015214436599177745,7.3131099817372025,6.204431032029522
PART-PIER-2,150,Pier/C3D8R,0.0,-20.0,-5.0,-3.84665e-16,0.009732961,-0.003978311,-7.75802e-15,0.00349957,-0.0177984,0.015160805497294726,144.18769339939547,72.51373925199077
PART-PIER-1,94,Pier/C3D8R,0.0,20.0,-5.0,-1.6732276e-15,-0.009732961,-0.003978311,-3.13703e-14,-0.00349957,-0.0177984,0.015160805497294726,144.18769339939547,72.51373925199077
PART-PIER-2,474,Pier/C3D8R,-18.25,-15.0,-15.0,-0.0007178295,0.0054424065,-0.004718986,-0.0024952,0.000242152,-0.0188445,0.01515690728754506,209.37691845630195,162.610561395788
PART-PIER-2,673,Pier/C3D8R,18.25,-15.0,-15.0,0.0007178295,0.0054424065,-0.004718986,0.0024952,0.000242152,-0.0188445,0.01515690728754506,209.37691845630195,162.610561395788
PART-PIER-1,474,Pier/C3D8R,-18.25,15.0,-15.0,-0.0007178295,-0.0054424065,-0.004718986,-0.0024952,-0.000242152,-0.0188445,0.01515690728754506,209.37691845630195,162.610561395788
PART-PIER-1,673,Pier/C3D8R,18.25,15.0,-15.0,0.0007178295,-0.0054424065,-0.004718986,0.0024952,-0.000242152,-0.0188445,0.01515690728754506,209.37691845630195,162.610561395788
PART-SUPPORTBEAM-2,38,SupportBeam/B31,-220.0,10.0,-12.0,0.03261615,0.00043393738,-0.120750085,0.0307587,0.000642369,-0.13579,0.01515561306743943,12.116899095717619,11.315528003623559
PART-SUPPORTBEAM-2,335,SupportBeam/B31,220.0,10.0,-12.0,-0.03261615,0.00043393738,-0.120750085,-0.0307587,0.000642369,-0.13579,0.01515561306743943,12.116899095717619,11.315528003623559
PART-SUPPORTBEAM-1,38,SupportBeam/B31,-220.0,-10.0,-12.0,0.03261615,-0.00043393738,-0.120750085,0.0307587,-0.000642369,-0.13579,0.01515561306743943,12.116899095717619,11.315528003623559
PART-SUPPORTBEAM-1,335,SupportBeam/B31,220.0,-10.0,-12.0,-0.03261615,-0.00043393738,-0.120750085,-0.0307587,-0.000642369,-0.13579,0.01515561306743943,12.116899095717619,11.315528003623559
PART-PIER-2,33,Pier/C3D8R,-17.75,-10.0,-5.0,-0.00093259744,0.00959469,-0.008267298,-0.00320176,0.00175201,-0.0209753,0.01510463647818476,118.93929637523979,67.64873852782117
PART-PIER-2,260,Pier/C3D8R,17.75,-10.0,-5.0,0.00093259744,0.00959469,-0.008267298,0.00320176,0.00175201,-0.0209753,0.01510463647818476,118.93929637523979,67.64873852782117
PART-PIER-1,133,Pier/C3D8R,-17.75,10.0,-5.0,-0.00093259744,-0.00959469,-0.008267298,-0.00320176,-0.00175201,-0.0209753,0.01510463647818476,118.93929637523979,67.64873852782117
PART-PIER-1,199,Pier/C3D8R,17.75,10.0,-5.0,0.00093259744,-0.00959469,-0.008267298,0.00320176,-0.00175201,-0.0209753,0.01510463647818476,118.93929637523979,67.64873852782117
PART-SUPPORTBEAM-2,110,SupportBeam/B31,-153.84616,10.0,-30.0,-0.010871281,0.0024644046,-0.21023954,-0.00314531,0.000454209,-0.223038,0.015084166951300292,7.164688931545206,5.9495096632918045
PART-SUPPORTBEAM-2,278,SupportBeam/B31,153.84616,10.0,-30.0,0.010871281,0.0024644046,-0.21023954,0.00314531,0.000454209,-0.223038,0.015084166951300292,7.164688931545206,5.9495096632918045
PART-SUPPORTBEAM-1,110,SupportBeam/B31,-153.84616,-10.0,-30.0,-0.010871281,-0.0024644046,-0.21023954,-0.00314531,-0.000454209,-0.223038,0.015084166951300292,7.164688931545206,5.9495096632918045
PART-SUPPORTBEAM-1,278,SupportBeam/B31,153.84616,-10.0,-30.0,0.010871281,-0.0024644046,-0.21023954,0.00314531,-0.000454209,-0.223038,0.015084166951300292,7.164688931545206,5.9495096632918045
PART-SUPPORTBEAM-2,133,SupportBeam/B31,-146.15384,10.0,-30.0,-0.011033948,0.0025015364,-0.21772945,-0.00185091,0.000418753,-0.229511,0.015082144874097304,6.91767864261014,5.272666944123934
PART-SUPPORTBEAM-2,256,SupportBeam/B31,146.15384,10.0,-30.0,0.011033948,0.0025015364,-0.21772945,0.00185091,0.000418753,-0.229511,0.015082144874097304,6.91767864261014,5.272666944123934
PART-SUPPORTBEAM-1,133,SupportBeam/B31,-146.15384,-10.0,-30.0,-0.011033948,-0.0025015364,-0.21772945,-0.00185091,-0.000418753,-0.229511,0.015082144874097304,6.91767864261014,5.272666944123934
PART-SUPPORTBEAM-1,256,SupportBeam/B31,146.15384,-10.0,-30.0,0.011033948,-0.0025015364,-0.21772945,0.00185091,-0.000418753,-0.229511,0.015082144874097304,6.91767864261014,5.272666944123934
PART-PIER-2,92,Pier/C3D8R,0.0,-10.0,5.0,6.352447e-16,0.0150711145,-0.010196153,-4.12086e-15,0.00919511,-0.02407,0.015066886190033735,82.80258570435475,41.60435641192819
PART-PIER-1,152,Pier/C3D8R,0.0,10.0,5.0,-3.2049355e-15,-0.0150711145,-0.010196153,-9.99813e-15,-0.00919511,-0.02407,0.015066886190033735,82.80258570435475,41.60435641192819
PART-PIER-2,365,Pier/C3D8R,-6.0,-20.0,-10.0,-0.00014617003,0.0075252103,-0.0035493332,-0.000973663,0.00107313,-0.0171333,0.015061149983867426,180.99007537998094,106.62614483772381
PART-PIER-2,525,Pier/C3D8R,6.0,-20.0,-10.0,0.00014617003,0.0075252103,-0.0035493332,0.000973663,0.00107313,-0.0171333,0.015061149983867426,180.99007537998094,106.62614483772381
PART-PIER-1,287,Pier/C3D8R,-6.0,20.0,-10.0,-0.00014617003,-0.0075252103,-0.0035493332,-0.000973663,-0.00107313,-0.0171333,0.015061149983867426,180.99007537998094,106.62614483772381
PART-PIER-1,603,Pier/C3D8R,6.0,20.0,-10.0,0.00014617003,-0.0075252103,-0.0035493332,0.000973663,-0.00107313,-0.0171333,0.015061149983867426,180.99007537998094,106.62614483772381
PART-PIER-2,723,Pier/C3D8R,-11.83333,-15.0,-5.0,-0.0004516994,0.009631179,-0.006114523,-0.0013677,0.00272148,-0.0193864,0.0149908544277146,131.30133706337136,71.8837865631319
PART-PIER-2,801,Pier/C3D8R,11.83333,-15.0,-5.0,0.0004516994,0.009631179,-0.006114523,0.0013677,0.00272148,-0.0193864,0.0149908544277146,131.30133706337136,71.8837865631319
PART-PIER-1,723,Pier/C3D8R,-11.83333,15.0,-5.0,-0.0004516994,-0.009631179,-0.006114523,-0.0013677,-0.00272148,-0.0193864,0.0149908544277146,131.30133706337136,71.8837865631319
PART-PIER-1,801,Pier/C3D8R,11.83333,15.0,-5.0,0.0004516994,-0.009631179,-0.006114523,0.0013677,-0.00272148,-0.0193864,0.0149908544277146,131.30133706337136,71.8837865631319
PART-FLOOR-1,55,Floor/S4R,105.0,10.0,0.0,-0.0072379345,0.00020065247,-0.27437693,-0.00497304,0.000155602,-0.289152,0.014947724580881117,5.445983520718075,5.363871690893984
PART-FLOOR-1,59,Floor/S4R,105.0,-10.0,0.0,-0.0072379345,-0.00020065247,-0.27437693,-0.00497304,-0.000155602,-0.289152,0.014947724580881117,5.445983520718075,5.363871690893984
PART-FLOOR-1,152,Floor/S4R,-105.0,10.0,0.0,0.0072379345,0.00020065247,-0.27437693,0.00497304,0.000155602,-0.289152,0.014947724580881117,5.445983520718075,5.363871690893984
PART-FLOOR-1,172,Floor/S4R,-105.0,-10.0,0.0,0.0072379345,-0.00020065247,-0.27437693,0.00497304,-0.000155602,-0.289152,0.014947724580881117,5.445983520718075,5.363871690893984
PART-SUPPORTBEAM-2,4,SupportBeam/B31,-150.0,10.0,-30.0,-0.011143054,0.0024841048,-0.2132167,-0.00305399,0.000436275,-0.225606,0.01493724599033784,6.99564305479138,5.669184049756343
PART-SUPPORTBEAM-2,15,SupportBeam/B31,150.0,10.0,-30.0,0.011143054,0.0024841048,-0.2132167,0.00305399,0.000436275,-0.225606,0.01493724599033784,6.99564305479138,5.669184049756343
PART-SUPPORTBEAM-1,4,SupportBeam/B31,-150.0,-10.0,-30.0,-0.011143054,-0.0024841048,-0.2132167,-0.00305399,-0.000436275,-0.225606,0.01493724599033784,6.99564305479138,5.669184049756343
PART-SUPPORTBEAM-1,15,SupportBeam/B31,150.0,-10.0,-30.0,0.011143054,-0.0024841048,-0.2132167,0.00305399,-0.000436275,-0.225606,0.01493724599033784,6.99564305479138,5.669184049756343
PART-FLOOR-1,260,Floor/S4R,155.0,-5.0,0.0,-0.011037846,-0.00033854786,-0.26676255,-0.00884496,-0.000131739,-0.28152,0.014920919858241672,5.588547379208289,5.49378802536126
PART-FLOOR-1,262,Floor/S4R,155.0,5.0,0.0,-0.011037846,0.00033854786,-0.26676255,-0.00884496,0.000131739,-0.28152,0.014920919858241672,5.588547379208289,5.49378802536126
PART-FLOOR-1,425,Floor/S4R,-155.0,-5.0,0.0,0.011037846,-0.00033854786,-0.26676255,0.00884496,-0.000131739,-0.28152,0.014920919858241672,5.588547379208289,5.49378802536126
PART-FLOOR-1,427,Floor/S4R,-155.0,5.0,0.0,0.011037846,0.00033854786,-0.26676255,0.00884496,0.000131739,-0.28152,0.014920919858241672,5.588547379208289,5.49378802536126
PART-SUPPORTBEAM-2,99,SupportBeam/B31,-86.66666,10.0,-8.0,-0.0019349965,0.0008050469,-0.24850416,-0.000436438,1.86048e-05,-0.233779,0.014822095188608629,5.964313877735194,5.9286996547116075
PART-SUPPORTBEAM-2,234,SupportBeam/B31,86.66666,10.0,-8.0,0.0019349965,0.0008050469,-0.24850416,0.000436438,1.86048e-05,-0.233779,0.014822095188608629,5.964313877735194,5.9286996547116075
PART-SUPPORTBEAM-1,99,SupportBeam/B31,-86.66666,-10.0,-8.0,-0.0019349965,-0.0008050469,-0.24850416,-0.000436438,-1.86048e-05,-0.233779,0.014822095188608629,5.964313877735194,5.9286996547116075
PART-SUPPORTBEAM-1,234,SupportBeam/B31,86.66666,-10.0,-8.0,0.0019349965,-0.0008050469,-0.24850416,0.000436438,-1.86048e-05,-0.233779,0.014822095188608629,5.964313877735194,5.9286996547116075
PART-SUPPORTBEAM-2,56,SupportBeam/B31,-183.33333,10.0,-10.0,0.003510443,0.0006513361,-0.17372076,0.00261527,3.37435e-05,-0.188465,0.014784294656732986,8.50858195176351,8.474861109895775
PART-SUPPORTBEAM-2,299,SupportBeam/B31,183.33333,10.0,-10.0,-0.003510443,0.0006513361,-0.17372076,-0.00261527,3.37435e-05,-0.188465,0.014784294656732986,8.50858195176351,8.474861109895775
PART-SUPPORTBEAM-1,56,SupportBeam/B31,-183.33333,-10.0,-10.0,0.003510443,-0.0006513361,-0.17372076,0.00261527,-3.37435e-05,-0.188465,0.014784294656732986,8.50858195176351,8.474861109895775
PART-SUPPORTBEAM-1,299,SupportBeam/B31,183.33333,-10.0,-10.0,-0.003510443,-0.0006513361,-0.17372076,-0.00261527,-3.37435e-05,-0.188465,0.014784294656732986,8.50858195176351,8.474861109895775
PART-PIER-2,134,Pier/C3D8R,-18.0,-20.0,-10.0,-0.00043004664,0.0070886677,-0.0034104986,-0.00187357,0.000169048,-0.0163552,0.014748904732849004,187.21218600190213,108.97010226706595
PART-PIER-2,198,Pier/C3D8R,18.0,-20.0,-10.0,0.00043004664,0.0070886677,-0.0034104986,0.00187357,0.000169048,-0.0163552,0.014748904732849004,187.21218600190213,108.97010226706595
PART-PIER-1,32,Pier/C3D8R,-18.0,20.0,-10.0,-0.00043004664,-0.0070886677,-0.0034104986,-0.00187357,-0.000169048,-0.0163552,0.014748904732849004,187.21218600190213,108.97010226706595
PART-PIER-1,261,Pier/C3D8R,18.0,20.0,-10.0,0.00043004664,-0.0070886677,-0.0034104986,0.00187357,-0.000169048,-0.0163552,0.014748904732849004,187.21218600190213,108.97010226706595
PART-SUPPORTBEAM-2,61,SupportBeam/B31,-150.0,10.0,-26.25,-0.007683589,0.0022082496,-0.21362199,-0.000285871,0.000395719,-0.226226,0.014726593864962811,6.888940555655665,5.826310481324963
PART-SUPPORTBEAM-2,323,SupportBeam/B31,150.0,10.0,-26.25,0.007683589,0.0022082496,-0.21362199,0.000285871,0.000395719,-0.226226,0.014726593864962811,6.888940555655665,5.826310481324963
PART-SUPPORTBEAM-1,61,SupportBeam/B31,-150.0,-10.0,-26.25,-0.007683589,-0.0022082496,-0.21362199,-0.000285871,-0.000395719,-0.226226,0.014726593864962811,6.888940555655665,5.826310481324963
PART-SUPPORTBEAM-1,323,SupportBeam/B31,150.0,-10.0,-26.25,0.007683589,-0.0022082496,-0.21362199,0.000285871,-0.000395719,-0.226226,0.014726593864962811,6.888940555655665,5.826310481324963
PART-SUPPORTBEAM-2,25,SupportBeam/B31,-219.23077,10.0,-30.0,-0.006219822,0.001905165,-0.11779877,-0.00464478,0.00138121,-0.132412,0.014707201541309249,12.466028519330505,12.309384359901095
PART-SUPPORTBEAM-2,315,SupportBeam/B31,219.23077,10.0,-30.0,0.006219822,0.001905165,-0.11779877,0.00464478,0.00138121,-0.132412,0.014707201541309249,12.466028519330505,12.309384359901095
PART-SUPPORTBEAM-1,25,SupportBeam/B31,-219.23077,-10.0,-30.0,-0.006219822,-0.001905165,-0.11779877,-0.00464478,-0.00138121,-0.132412,0.014707201541309249,12.466028519330505,12.309384359901095
PART-SUPPORTBEAM-1,315,SupportBeam/B31,219.23077,-10.0,-30.0,0.006219822,-0.001905165,-0.11779877,0.00464478,-0.00138121,-0.132412,0.014707201541309249,12.466028519330505,12.309384359901095
PART-PIER-2,132,Pier/C3D8R,-17.5,-20.0,0.0,-0.00037091784,0.011561177,-0.004182777,0.000371368,0.00395242,-0.0166627,0.014635321979349906,118.98477790499288,39.25889957292858
PART-PIER-2,200,Pier/C3D8R,17.5,-20.0,0.0,0.00037091784,0.011561177,-0.004182777,-0.000371368,0.00395242,-0.0166627,0.014635321979349906,118.98477790499288,39.25889957292858
PART-PIER-1,34,Pier/C3D8R,-17.5,20.0,0.0,-0.00037091784,-0.011561177,-0.004182777,0.000371368,-0.00395242,-0.0166627,0.014635321979349906,118.98477790499288,39.25889957292858
PART-PIER-1,259,Pier/C3D8R,17.5,20.0,0.0,0.00037091784,-0.011561177,-0.004182777,-0.000371368,-0.00395242,-0.0166627,0.014635321979349906,118.98477790499288,39.25889957292858
PART-PIER-2,366,Pier/C3D8R,-12.0,-20.0,-10.0,-0.00027968132,0.0073659406,-0.0035372057,-0.00110249,0.00140117,-0.0168757,0.014634580029014846,178.99417233248266,107.55382995238891
PART-PIER-2,526,Pier/C3D8R,12.0,-20.0,-10.0,0.00027968132,0.0073659406,-0.0035372057,0.00110249,0.00140117,-0.0168757,0.014634580029014846,178.99417233248266,107.55382995238891
PART-PIER-1,288,Pier/C3D8R,-12.0,20.0,-10.0,-0.00027968132,-0.0073659406,-0.0035372057,-0.00110249,-0.00140117,-0.0168757,0.014634580029014846,178.99417233248266,107.55382995238891
PART-PIER-1,604,Pier/C3D8R,12.0,20.0,-10.0,0.00027968132,-0.0073659406,-0.0035372057,0.00110249,-0.00140117,-0.0168757,0.014634580029014846,178.99417233248266,107.55382995238891
PART-PIER-2,286,Pier/C3D8R,-12.16667,-10.0,-15.0,-0.0006688295,0.0059388787,-0.0065620346,-0.00192705,0.00152401,-0.0203767,0.01455744361413834,164.01474231257097,131.24144808409886
PART-PIER-2,602,Pier/C3D8R,12.16667,-10.0,-15.0,0.0006688295,0.0059388787,-0.0065620346,0.00192705,0.00152401,-0.0203767,0.01455744361413834,164.01474231257097,131.24144808409886
PART-PIER-1,364,Pier/C3D8R,-12.16667,10.0,-15.0,-0.0006688295,-0.0059388787,-0.0065620346,-0.00192705,-0.00152401,-0.0203767,0.01455744361413834,164.01474231257097,131.24144808409886
PART-PIER-1,524,Pier/C3D8R,12.16667,10.0,-15.0,0.0006688295,-0.0059388787,-0.0065620346,0.00192705,-0.00152401,-0.0203767,0.01455744361413834,164.01474231257097,131.24144808409886
PART-SUPPORTBEAM-2,47,SupportBeam/B31,-153.33333,10.0,-28.0,-0.010360085,0.0023164416,-0.21043074,-0.00306159,0.000422186,-0.222876,0.01455131368676918,6.90623057365209,5.789831631217842
PART-SUPPORTBEAM-2,290,SupportBeam/B31,153.33333,10.0,-28.0,0.010360085,0.0023164416,-0.21043074,0.00306159,0.000422186,-0.222876,0.01455131368676918,6.90623057365209,5.789831631217842
PART-SUPPORTBEAM-1,47,SupportBeam/B31,-153.33333,-10.0,-28.0,-0.010360085,-0.0023164416,-0.21043074,-0.00306159,-0.000422186,-0.222876,0.01455131368676918,6.90623057365209,5.789831631217842
PART-SUPPORTBEAM-1,290,SupportBeam/B31,153.33333,-10.0,-28.0,0.010360085,-0.0023164416,-0.21043074,0.00306159,-0.000422186,-0.222876,0.01455131368676918,6.90623057365209,5.789831631217842
PART-SUPPORTBEAM-2,62,SupportBeam/B31,-150.0,10.0,-22.5,-0.0044836677,0.0019390685,-0.21402182,0.00196558,0.000359787,-0.22684,0.014435811874106627,6.743262449412684,5.96570635287149
PART-SUPPORTBEAM-2,324,SupportBeam/B31,150.0,10.0,-22.5,0.0044836677,0.0019390685,-0.21402182,-0.00196558,0.000359787,-0.22684,0.014435811874106627,6.743262449412684,5.96570635287149
PART-SUPPORTBEAM-1,62,SupportBeam/B31,-150.0,-10.0,-22.5,-0.0044836677,-0.0019390685,-0.21402182,0.00196558,-0.000359787,-0.22684,0.014435811874106627,6.743262449412684,5.96570635287149
PART-SUPPORTBEAM-1,324,SupportBeam/B31,150.0,-10.0,-22.5,0.0044836677,-0.0019390685,-0.21402182,-0.00196558,-0.000359787,-0.22684,0.014435811874106627,6.743262449412684,5.96570635287149
PART-CABLE150-2,1,Cable/T3D2,-150.0,10.0,0.0,0.011341809,0.0004107428,-0.21630648,0.00875762,0.000204324,-0.230412,0.014341768927824584,6.621192609116061,6.451611364104956
PART-CABLE150-4,1,Cable/T3D2,150.0,10.0,0.0,-0.011341809,0.0004107428,-0.21630648,-0.00875762,0.000204324,-0.230412,0.014341768927824584,6.621192609116061,6.451611364104956
PART-SUPPORTBEAM-2,5,SupportBeam/B31,-150.0,10.0,0.0,0.011341809,0.0004107428,-0.21630648,0.00875762,0.000204324,-0.230412,0.014341768927824584,6.621192609116061,6.451611364104956
PART-SUPPORTBEAM-2,20,SupportBeam/B31,150.0,10.0,0.0,-0.011341809,0.0004107428,-0.21630648,-0.00875762,0.000204324,-0.230412,0.014341768927824584,6.621192609116061,6.451611364104956
PART-CABLE150-1,1,Cable/T3D2,-150.0,-10.0,0.0,0.011341809,-0.0004107428,-0.21630648,0.00875762,-0.000204324,-0.230412,0.014341768927824584,6.621192609116061,6.451611364104956
PART-CABLE150-3,1,Cable/T3D2,150.0,-10.0,0.0,-0.011341809,-0.0004107428,-0.21630648,-0.00875762,-0.000204324,-0.230412,0.014341768927824584,6.621192609116061,6.451611364104956
PART-FLOOR-1,3,Floor/S4R,150.0,10.0,0.0,-0.011341809,0.0004107428,-0.21630648,-0.00875762,0.000204324,-0.230412,0.014341768927824584,6.621192609116061,6.451611364104956
PART-FLOOR-1,4,Floor/S4R,150.0,-10.0,0.0,-0.011341809,-0.0004107428,-0.21630648,-0.00875762,-0.000204324,-0.230412,0.014341768927824584,6.621192609116061,6.451611364104956
PART-FLOOR-1,15,Floor/S4R,-150.0,10.0,0.0,0.011341809,0.0004107428,-0.21630648,0.00875762,0.000204324,-0.230412,0.014341768927824584,6.621192609116061,6.451611364104956
PART-FLOOR-1,16,Floor/S4R,-150.0,-10.0,0.0,0.011341809,-0.0004107428,-0.21630648,0.00875762,-0.000204324,-0.230412,0.014341768927824584,6.621192609116061,6.451611364104956
PART-SUPPORTBEAM-1,5,SupportBeam/B31,-150.0,-10.0,0.0,0.011341809,-0.0004107428,-0.21630648,0.00875762,-0.000204324,-0.230412,0.014341768927824584,6.621192609116061,6.451611364104956
PART-SUPPORTBEAM-1,20,SupportBeam/B31,150.0,-10.0,0.0,-0.011341809,-0.0004107428,-0.21630648,-0.00875762,-0.000204324,-0.230412,0.014341768927824584,6.621192609116061,6.451611364104956
PART-SUPPORTBEAM-2,55,SupportBeam/B31,-180.0,10.0,-12.0,-5.75484e-05,0.0008461344,-0.18120109,6.23551e-05,8.85214e-05,-0.195516,0.014335445672011069,7.911259617176859,7.898847925799925
PART-SUPPORTBEAM-2,298,SupportBeam/B31,180.0,10.0,-12.0,5.75484e-05,0.0008461344,-0.18120109,-6.23551e-05,8.85214e-05,-0.195516,0.014335445672011069,7.911259617176859,7.898847925799925
PART-SUPPORTBEAM-1,55,SupportBeam/B31,-180.0,-10.0,-12.0,-5.75484e-05,-0.0008461344,-0.18120109,6.23551e-05,-8.85214e-05,-0.195516,0.014335445672011069,7.911259617176859,7.898847925799925
PART-SUPPORTBEAM-1,298,SupportBeam/B31,180.0,-10.0,-12.0,5.75484e-05,-0.0008461344,-0.18120109,-6.23551e-05,-8.85214e-05,-0.195516,0.014335445672011069,7.911259617176859,7.898847925799925
PART-SUPPORTBEAM-2,88,SupportBeam/B31,-146.66667,10.0,-28.0,-0.008411042,0.002348258,-0.2171597,-0.000844685,0.000401926,-0.229089,0.01425994968419147,6.5612697644869975,5.4090156805632805
PART-SUPPORTBEAM-2,277,SupportBeam/B31,146.66667,10.0,-28.0,0.008411042,0.002348258,-0.2171597,0.000844685,0.000401926,-0.229089,0.01425994968419147,6.5612697644869975,5.4090156805632805
PART-SUPPORTBEAM-1,88,SupportBeam/B31,-146.66667,-10.0,-28.0,-0.008411042,-0.002348258,-0.2171597,-0.000844685,-0.000401926,-0.229089,0.01425994968419147,6.5612697644869975,5.4090156805632805
PART-SUPPORTBEAM-1,277,SupportBeam/B31,146.66667,-10.0,-28.0,0.008411042,-0.002348258,-0.2171597,0.000844685,-0.000401926,-0.229089,0.01425994968419147,6.5612697644869975,5.4090156805632805
PART-SUPPORTBEAM-2,48,SupportBeam/B31,-156.66667,10.0,-26.0,-0.010043587,0.002144399,-0.20841637,-0.00355684,0.000399696,-0.220953,0.014222832592599778,6.81596961617093,5.90060081141371
PART-SUPPORTBEAM-2,291,SupportBeam/B31,156.66667,10.0,-26.0,0.010043587,0.002144399,-0.20841637,0.00355684,0.000399696,-0.220953,0.014222832592599778,6.81596961617093,5.90060081141371
PART-SUPPORTBEAM-1,48,SupportBeam/B31,-156.66667,-10.0,-26.0,-0.010043587,-0.002144399,-0.20841637,-0.00355684,-0.000399696,-0.220953,0.014222832592599778,6.81596961617093,5.90060081141371
PART-SUPPORTBEAM-1,291,SupportBeam/B31,156.66667,-10.0,-26.0,0.010043587,-0.002144399,-0.20841637,0.00355684,-0.000399696,-0.220953,0.014222832592599778,6.81596961617093,5.90060081141371
PART-SUPPORTBEAM-2,63,SupportBeam/B31,-150.0,10.0,-18.75,-0.0015062111,0.0016756079,-0.2144162,0.00377418,0.00032782,-0.227449,0.014126320760634949,6.587907506043779,6.087128552653566
PART-SUPPORTBEAM-2,325,SupportBeam/B31,150.0,10.0,-18.75,0.0015062111,0.0016756079,-0.2144162,-0.00377418,0.00032782,-0.227449,0.014126320760634949,6.587907506043779,6.087128552653566
PART-SUPPORTBEAM-1,63,SupportBeam/B31,-150.0,-10.0,-18.75,-0.0015062111,-0.0016756079,-0.2144162,0.00377418,-0.00032782,-0.227449,0.014126320760634949,6.587907506043779,6.087128552653566
PART-SUPPORTBEAM-1,325,SupportBeam/B31,150.0,-10.0,-18.75,0.0015062111,-0.0016756079,-0.2144162,-0.00377418,-0.00032782,-0.227449,0.014126320760634949,6.587907506043779,6.087128552653566
PART-PIER-2,369,Pier/C3D8R,-5.83333,-20.0,0.0,-0.00012333762,0.012000789,-0.0043133595,3.79838e-05,0.004625,-0.0163016,0.014076441249794356,110.37741835997024,32.87089020511066
PART-PIER-2,529,Pier/C3D8R,5.83333,-20.0,0.0,0.00012333762,0.012000789,-0.0043133595,-3.79838e-05,0.004625,-0.0163016,0.014076441249794356,110.37741835997024,32.87089020511066
PART-PIER-1,291,Pier/C3D8R,-5.83333,20.0,0.0,-0.00012333762,-0.012000789,-0.0043133595,3.79838e-05,-0.004625,-0.0163016,0.014076441249794356,110.37741835997024,32.87089020511066
PART-PIER-1,607,Pier/C3D8R,5.83333,20.0,0.0,0.00012333762,-0.012000789,-0.0043133595,-3.79838e-05,-0.004625,-0.0163016,0.014076441249794356,110.37741835997024,32.87089020511066
PART-FLOOR-1,201,Floor/S4R,-240.0,10.0,0.0,0.0031107222,-0.0013138491,-0.35233212,0.00341477,-0.000598456,-0.36635,0.014039415659015583,3.984527695725633,3.9784785420980024
PART-FLOOR-1,207,Floor/S4R,-240.0,-10.0,0.0,0.0031107222,0.0013138491,-0.35233212,0.00341477,0.000598456,-0.36635,0.014039415659015583,3.984527695725633,3.9784785420980024
PART-FLOOR-1,222,Floor/S4R,240.0,-10.0,0.0,-0.0031107222,0.0013138491,-0.35233212,-0.00341477,0.000598456,-0.36635,0.014039415659015583,3.984527695725633,3.9784785420980024
PART-FLOOR-1,228,Floor/S4R,240.0,10.0,0.0,-0.0031107222,-0.0013138491,-0.35233212,-0.00341477,-0.000598456,-0.36635,0.014039415659015583,3.984527695725633,3.9784785420980024
PART-SUPPORTBEAM-2,39,SupportBeam/B31,-223.33333,10.0,-14.0,0.032938812,0.0005628472,-0.1149299,0.0314304,0.000799709,-0.128879,0.014032419644667239,11.73689401704149,10.95734445348802
PART-SUPPORTBEAM-2,336,SupportBeam/B31,223.33333,10.0,-14.0,-0.032938812,0.0005628472,-0.1149299,-0.0314304,0.000799709,-0.128879,0.014032419644667239,11.73689401704149,10.95734445348802
PART-SUPPORTBEAM-1,39,SupportBeam/B31,-223.33333,-10.0,-14.0,0.032938812,-0.0005628472,-0.1149299,0.0314304,-0.000799709,-0.128879,0.014032419644667239,11.73689401704149,10.95734445348802
PART-SUPPORTBEAM-1,336,SupportBeam/B31,223.33333,-10.0,-14.0,-0.032938812,-0.0005628472,-0.1149299,-0.0314304,-0.000799709,-0.128879,0.014032419644667239,11.73689401704149,10.95734445348802
PART-SUPPORTBEAM-2,54,SupportBeam/B31,-176.66667,10.0,-14.0,-0.0031451732,0.0010392817,-0.18787493,-0.00203723,0.000142658,-0.201805,0.014002796949135855,7.452096478009677,7.403352245672361
PART-SUPPORTBEAM-2,297,SupportBeam/B31,176.66667,10.0,-14.0,0.0031451732,0.0010392817,-0.18787493,0.00203723,0.000142658,-0.201805,0.014002796949135855,7.452096478009677,7.403352245672361
PART-SUPPORTBEAM-1,54,SupportBeam/B31,-176.66667,-10.0,-14.0,-0.0031451732,-0.0010392817,-0.18787493,-0.00203723,-0.000142658,-0.201805,0.014002796949135855,7.452096478009677,7.403352245672361
PART-SUPPORTBEAM-1,297,SupportBeam/B31,176.66667,-10.0,-14.0,0.0031451732,-0.0010392817,-0.18787493,0.00203723,-0.000142658,-0.201805,0.014002796949135855,7.452096478009677,7.403352245672361
PART-PIER-2,721,Pier/C3D8R,-12.0,-15.0,-10.0,-0.00046060962,0.0075612483,-0.0055462806,-0.0016912,0.00136122,-0.0179982,0.013964419083808886,148.73798733369688,93.09219027353787
PART-PIER-2,799,Pier/C3D8R,12.0,-15.0,-10.0,0.00046060962,0.0075612483,-0.0055462806,0.0016912,0.00136122,-0.0179982,0.013964419083808886,148.73798733369688,93.09219027353787
PART-PIER-1,721,Pier/C3D8R,-12.0,15.0,-10.0,-0.00046060962,-0.0075612483,-0.0055462806,-0.0016912,-0.00136122,-0.0179982,0.013964419083808886,148.73798733369688,93.09219027353787
PART-PIER-1,799,Pier/C3D8R,12.0,15.0,-10.0,0.00046060962,-0.0075612483,-0.0055462806,0.0016912,-0.00136122,-0.0179982,0.013964419083808886,148.73798733369688,93.09219027353787
PART-SUPPORTBEAM-2,49,SupportBeam/B31,-160.0,10.0,-24.0,-0.009848339,0.0019683188,-0.20659824,-0.00419587,0.000369776,-0.219263,0.013960726726678432,6.749457577940331,6.024520996739642
PART-SUPPORTBEAM-2,292,SupportBeam/B31,160.0,10.0,-24.0,0.009848339,0.0019683188,-0.20659824,0.00419587,0.000369776,-0.219263,0.013960726726678432,6.749457577940331,6.024520996739642
PART-SUPPORTBEAM-1,49,SupportBeam/B31,-160.0,-10.0,-24.0,-0.009848339,-0.0019683188,-0.20659824,-0.00419587,-0.000369776,-0.219263,0.013960726726678432,6.749457577940331,6.024520996739642
PART-SUPPORTBEAM-1,292,SupportBeam/B31,160.0,-10.0,-24.0,0.009848339,-0.0019683188,-0.20659824,0.00419587,-0.000369776,-0.219263,0.013960726726678432,6.749457577940331,6.024520996739642
PART-SUPPORTBEAM-2,67,SupportBeam/B31,-150.0,10.0,-3.75,0.008920515,0.0006599021,-0.21593931,0.00805617,0.00022638,-0.22983,0.013924306171810275,6.442724723419345,6.406849042685685
PART-SUPPORTBEAM-2,329,SupportBeam/B31,150.0,10.0,-3.75,-0.008920515,0.0006599021,-0.21593931,-0.00805617,0.00022638,-0.22983,0.013924306171810275,6.442724723419345,6.406849042685685
PART-SUPPORTBEAM-1,67,SupportBeam/B31,-150.0,-10.0,-3.75,0.008920515,-0.0006599021,-0.21593931,0.00805617,-0.00022638,-0.22983,0.013924306171810275,6.442724723419345,6.406849042685685
PART-SUPPORTBEAM-1,329,SupportBeam/B31,150.0,-10.0,-3.75,-0.008920515,-0.0006599021,-0.21593931,-0.00805617,-0.00022638,-0.22983,0.013924306171810275,6.442724723419345,6.406849042685685
PART-SUPPORTBEAM-2,64,SupportBeam/B31,-150.0,10.0,-15.0,0.001285858,0.0014169143,-0.21480516,0.00521372,0.000299156,-0.228053,0.013862999248858927,6.453499209195495,6.190995053682328
PART-SUPPORTBEAM-2,326,SupportBeam/B31,150.0,10.0,-15.0,-0.001285858,0.0014169143,-0.21480516,-0.00521372,0.000299156,-0.228053,0.013862999248858927,6.453499209195495,6.190995053682328
PART-SUPPORTBEAM-1,64,SupportBeam/B31,-150.0,-10.0,-15.0,0.001285858,-0.0014169143,-0.21480516,0.00521372,-0.000299156,-0.228053,0.013862999248858927,6.453499209195495,6.190995053682328
PART-SUPPORTBEAM-1,326,SupportBeam/B31,150.0,-10.0,-15.0,-0.001285858,-0.0014169143,-0.21480516,-0.00521372,-0.000299156,-0.228053,0.013862999248858927,6.453499209195495,6.190995053682328
PART-PIER-2,290,Pier/C3D8R,-11.83333,-10.0,-5.0,-0.0006373936,0.009865024,-0.008348038,-0.00142875,0.00464831,-0.0211367,0.01383438562639704,106.92101502292893,67.62571263094573
PART-PIER-2,606,Pier/C3D8R,11.83333,-10.0,-5.0,0.0006373936,0.009865024,-0.008348038,0.00142875,0.00464831,-0.0211367,0.01383438562639704,106.92101502292893,67.62571263094573
PART-PIER-1,368,Pier/C3D8R,-11.83333,10.0,-5.0,-0.0006373936,-0.009865024,-0.008348038,-0.00142875,-0.00464831,-0.0211367,0.01383438562639704,106.92101502292893,67.62571263094573
PART-PIER-1,528,Pier/C3D8R,11.83333,10.0,-5.0,0.0006373936,-0.009865024,-0.008348038,0.00142875,-0.00464831,-0.0211367,0.01383438562639704,106.92101502292893,67.62571263094573
PART-PIER-2,720,Pier/C3D8R,-6.0,-15.0,-10.0,-0.00023643595,0.007721562,-0.0055573606,-0.000432252,0.00173029,-0.018011,0.013821245183001927,145.23541893484358,90.1875056204972
PART-PIER-2,798,Pier/C3D8R,6.0,-15.0,-10.0,0.00023643595,0.007721562,-0.0055573606,0.000432252,0.00173029,-0.018011,0.013821245183001927,145.23541893484358,90.1875056204972
PART-PIER-1,720,Pier/C3D8R,-6.0,15.0,-10.0,-0.00023643595,-0.007721562,-0.0055573606,-0.000432252,-0.00173029,-0.018011,0.013821245183001927,145.23541893484358,90.1875056204972
PART-PIER-1,798,Pier/C3D8R,6.0,15.0,-10.0,0.00023643595,-0.007721562,-0.0055573606,0.000432252,-0.00173029,-0.018011,0.013821245183001927,145.23541893484358,90.1875056204972
PART-SUPPORTBEAM-2,53,SupportBeam/B31,-173.33333,10.0,-16.0,-0.0056439163,0.0012304372,-0.1935615,-0.00357488,0.000195184,-0.207151,0.013785034299878547,7.11861595905654,6.98911623914662
PART-SUPPORTBEAM-2,296,SupportBeam/B31,173.33333,10.0,-16.0,0.0056439163,0.0012304372,-0.1935615,0.00357488,0.000195184,-0.207151,0.013785034299878547,7.11861595905654,6.98911623914662
PART-SUPPORTBEAM-1,53,SupportBeam/B31,-173.33333,-10.0,-16.0,-0.0056439163,-0.0012304372,-0.1935615,-0.00357488,-0.000195184,-0.207151,0.013785034299878547,7.11861595905654,6.98911623914662
PART-SUPPORTBEAM-1,296,SupportBeam/B31,173.33333,-10.0,-16.0,0.0056439163,-0.0012304372,-0.1935615,0.00357488,-0.000195184,-0.207151,0.013785034299878547,7.11861595905654,6.98911623914662
PART-SUPPORTBEAM-2,50,SupportBeam/B31,-163.33333,10.0,-22.0,-0.009493926,0.0017885414,-0.20450899,-0.00469946,0.000333394,-0.217342,0.013776447431793978,6.728849170473889,6.181589668361608
PART-SUPPORTBEAM-2,293,SupportBeam/B31,163.33333,10.0,-22.0,0.009493926,0.0017885414,-0.20450899,0.00469946,0.000333394,-0.217342,0.013776447431793978,6.728849170473889,6.181589668361608
PART-SUPPORTBEAM-1,50,SupportBeam/B31,-163.33333,-10.0,-22.0,-0.009493926,-0.0017885414,-0.20450899,-0.00469946,-0.000333394,-0.217342,0.013776447431793978,6.728849170473889,6.181589668361608
PART-SUPPORTBEAM-1,293,SupportBeam/B31,163.33333,-10.0,-22.0,0.009493926,-0.0017885414,-0.20450899,0.00469946,-0.000333394,-0.217342,0.013776447431793978,6.728849170473889,6.181589668361608
PART-PIER-2,436,Pier/C3D8R,0.0,-15.0,-10.0,3.7115763e-17,0.007778175,-0.0056218104,-3.77006e-15,0.00219303,-0.0181699,0.013734933464733388,143.1151222373386,90.70056041797395
PART-PIER-1,436,Pier/C3D8R,0.0,15.0,-10.0,-1.562201e-15,-0.007778175,-0.0056218104,-1.47073e-14,-0.00219303,-0.0181699,0.013734933464733388,143.1151222373386,90.70056041797395
PART-FLOOR-1,36,Floor/S4R,150.0,0.0,0.0,-0.01072383,5.5199583e-15,-0.27996537,-0.00847059,3.76915e-13,-0.293514,0.013734717520739194,4.902268006220363,4.806185935381772
PART-FLOOR-1,162,Floor/S4R,-150.0,0.0,0.0,0.01072383,3.1073982e-15,-0.27996537,0.00847059,3.28089e-13,-0.293514,0.013734717520739194,4.902268006220363,4.806185935381772
PART-SUPPORTBEAM-2,66,SupportBeam/B31,-150.0,10.0,-7.5,0.0064621437,0.0009100149,-0.21556671,0.00728091,0.000249097,-0.229243,0.013716708748408137,6.3601785232343815,6.34930664184232
PART-SUPPORTBEAM-2,328,SupportBeam/B31,150.0,10.0,-7.5,-0.0064621437,0.0009100149,-0.21556671,-0.00728091,0.000249097,-0.229243,0.013716708748408137,6.3601785232343815,6.34930664184232
PART-SUPPORTBEAM-1,66,SupportBeam/B31,-150.0,-10.0,-7.5,0.0064621437,-0.0009100149,-0.21556671,0.00728091,-0.000249097,-0.229243,0.013716708748408137,6.3601785232343815,6.34930664184232
PART-SUPPORTBEAM-1,328,SupportBeam/B31,150.0,-10.0,-7.5,-0.0064621437,-0.0009100149,-0.21556671,-0.00728091,-0.000249097,-0.229243,0.013716708748408137,6.3601785232343815,6.34930664184232
PART-SUPPORTBEAM-2,65,SupportBeam/B31,-150.0,10.0,-11.25,0.003929617,0.0011620345,-0.21518865,0.00635803,0.000273136,-0.228651,0.013708471751598382,6.369288921297674,6.277947630526872
PART-SUPPORTBEAM-2,327,SupportBeam/B31,150.0,10.0,-11.25,-0.003929617,0.0011620345,-0.21518865,-0.00635803,0.000273136,-0.228651,0.013708471751598382,6.369288921297674,6.277947630526872
PART-SUPPORTBEAM-1,65,SupportBeam/B31,-150.0,-10.0,-11.25,0.003929617,-0.0011620345,-0.21518865,0.00635803,-0.000273136,-0.228651,0.013708471751598382,6.369288921297674,6.277947630526872
PART-SUPPORTBEAM-1,327,SupportBeam/B31,150.0,-10.0,-11.25,-0.003929617,-0.0011620345,-0.21518865,-0.00635803,-0.000273136,-0.228651,0.013708471751598382,6.369288921297674,6.277947630526872
PART-SUPPORTBEAM-2,51,SupportBeam/B31,-166.66667,10.0,-20.0,-0.008764752,0.0016054079,-0.20178926,-0.004853,0.000291522,-0.214832,0.013679954918614417,6.772727671238703,6.387131539457583
PART-SUPPORTBEAM-2,294,SupportBeam/B31,166.66667,10.0,-20.0,0.008764752,0.0016054079,-0.20178926,0.004853,0.000291522,-0.214832,0.013679954918614417,6.772727671238703,6.387131539457583
PART-SUPPORTBEAM-1,51,SupportBeam/B31,-166.66667,-10.0,-20.0,-0.008764752,-0.0016054079,-0.20178926,-0.004853,-0.000291522,-0.214832,0.013679954918614417,6.772727671238703,6.387131539457583
PART-SUPPORTBEAM-1,294,SupportBeam/B31,166.66667,-10.0,-20.0,0.008764752,-0.0016054079,-0.20178926,0.004853,-0.000291522,-0.214832,0.013679954918614417,6.772727671238703,6.387131539457583
PART-SUPPORTBEAM-2,52,SupportBeam/B31,-170.0,10.0,-18.0,-0.007510066,0.0014192596,-0.19818786,-0.00450658,0.000245128,-0.211482,0.013679680972373398,6.897253951284349,6.652866196584519
PART-SUPPORTBEAM-2,295,SupportBeam/B31,170.0,10.0,-18.0,0.007510066,0.0014192596,-0.19818786,0.00450658,0.000245128,-0.211482,0.013679680972373398,6.897253951284349,6.652866196584519
PART-SUPPORTBEAM-1,52,SupportBeam/B31,-170.0,-10.0,-18.0,-0.007510066,-0.0014192596,-0.19818786,-0.00450658,-0.000245128,-0.211482,0.013679680972373398,6.897253951284349,6.652866196584519
PART-SUPPORTBEAM-1,295,SupportBeam/B31,170.0,-10.0,-18.0,0.007510066,-0.0014192596,-0.19818786,0.00450658,-0.000245128,-0.211482,0.013679680972373398,6.897253951284349,6.652866196584519
PART-PIER-2,99,Pier/C3D8R,0.0,-10.0,-30.0,1.7459567e-16,0.002230479,-0.0036682945,2.79232e-15,0.000179489,-0.0171723,0.013658869811376427,318.15251065139114,300.01177717431005
PART-PIER-1,145,Pier/C3D8R,0.0,10.0,-30.0,-5.1346666e-16,-0.002230479,-0.0036682945,9.07387e-15,-0.000179489,-0.0171723,0.013658869811376427,318.15251065139114,300.01177717431005
PART-SUPPORTBEAM-2,87,SupportBeam/B31,-143.33333,10.0,-26.0,-0.0051472806,0.0022076177,-0.22198312,0.00193362,0.000371763,-0.233513,0.013654583428321505,6.14922406500732,5.164307247396576
PART-SUPPORTBEAM-2,276,SupportBeam/B31,143.33333,10.0,-26.0,0.0051472806,0.0022076177,-0.22198312,-0.00193362,0.000371763,-0.233513,0.013654583428321505,6.14922406500732,5.164307247396576
PART-SUPPORTBEAM-1,87,SupportBeam/B31,-143.33333,-10.0,-26.0,-0.0051472806,-0.0022076177,-0.22198312,0.00193362,-0.000371763,-0.233513,0.013654583428321505,6.14922406500732,5.164307247396576
PART-SUPPORTBEAM-1,276,SupportBeam/B31,143.33333,-10.0,-26.0,0.0051472806,-0.0022076177,-0.22198312,-0.00193362,-0.000371763,-0.233513,0.013654583428321505,6.14922406500732,5.164307247396576
PART-FLOOR-1,56,Floor/S4R,100.0,5.0,0.0,-0.0069122603,8.698169e-05,-0.28681225,-0.00476899,9.28333e-05,-0.30029,0.013647101775934038,4.756818995838599,4.681960449025114
PART-FLOOR-1,58,Floor/S4R,100.0,-5.0,0.0,-0.0069122603,-8.698169e-05,-0.28681225,-0.00476899,-9.28333e-05,-0.30029,0.013647101775934038,4.756818995838599,4.681960449025114
PART-FLOOR-1,140,Floor/S4R,-100.0,5.0,0.0,0.0069122603,8.698169e-05,-0.28681225,0.00476899,9.28333e-05,-0.30029,0.013647101775934038,4.756818995838599,4.681960449025114
PART-FLOOR-1,142,Floor/S4R,-100.0,-5.0,0.0,0.0069122603,-8.698169e-05,-0.28681225,0.00476899,-9.28333e-05,-0.30029,0.013647101775934038,4.756818995838599,4.681960449025114
PART-PIER-2,475,Pier/C3D8R,-18.0,-15.0,-10.0,-0.0007054154,0.007288873,-0.005405088,-0.00237016,0.00157917,-0.0176386,0.013602606323259606,149.45188979408488,96.30540188229601
PART-PIER-2,674,Pier/C3D8R,18.0,-15.0,-10.0,0.0007054154,0.007288873,-0.005405088,0.00237016,0.00157917,-0.0176386,0.013602606323259606,149.45188979408488,96.30540188229601
PART-PIER-1,475,Pier/C3D8R,-18.0,15.0,-10.0,-0.0007054154,-0.007288873,-0.005405088,-0.00237016,-0.00157917,-0.0176386,0.013602606323259606,149.45188979408488,96.30540188229601
PART-PIER-1,674,Pier/C3D8R,18.0,15.0,-10.0,0.0007054154,-0.007288873,-0.005405088,0.00237016,-0.00157917,-0.0176386,0.013602606323259606,149.45188979408488,96.30540188229601
PART-PIER-2,95,Pier/C3D8R,0.0,-10.0,-10.0,4.4366323e-16,0.008008828,-0.0075344574,-2.12782e-16,0.00192459,-0.0196548,0.013561735021081144,123.33469603247738,79.60184145292068
PART-PIER-1,149,Pier/C3D8R,0.0,10.0,-10.0,-1.8060273e-15,-0.008008828,-0.0075344574,-2.54987e-15,-0.00192459,-0.0196548,0.013561735021081144,123.33469603247738,79.60184145292068
PART-FLOOR-1,263,Floor/S4R,145.0,-5.0,0.0,-0.010484483,-0.000112669135,-0.29635718,-0.00816372,-7.26475e-05,-0.309706,0.013549115765459996,4.5690284101269345,4.475236653290615
PART-FLOOR-1,265,Floor/S4R,145.0,5.0,0.0,-0.010484483,0.000112669135,-0.29635718,-0.00816372,7.26475e-05,-0.309706,0.013549115765459996,4.5690284101269345,4.475236653290615
PART-FLOOR-1,422,Floor/S4R,-145.0,-5.0,0.0,0.010484483,-0.000112669135,-0.29635718,0.00816372,-7.26475e-05,-0.309706,0.013549115765459996,4.5690284101269345,4.475236653290615
PART-FLOOR-1,424,Floor/S4R,-145.0,5.0,0.0,0.010484483,0.000112669135,-0.29635718,0.00816372,7.26475e-05,-0.309706,0.013549115765459996,4.5690284101269345,4.475236653290615
PART-SUPPORTBEAM-2,26,SupportBeam/B31,-223.07692,10.0,-30.0,-0.005941784,0.0018666345,-0.11026239,-0.00472551,0.00146903,-0.123495,0.013294336357772659,12.03781212809748,11.912517597815366
PART-SUPPORTBEAM-2,316,SupportBeam/B31,223.07692,10.0,-30.0,0.005941784,0.0018666345,-0.11026239,0.00472551,0.00146903,-0.123495,0.013294336357772659,12.03781212809748,11.912517597815366
PART-SUPPORTBEAM-1,26,SupportBeam/B31,-223.07692,-10.0,-30.0,-0.005941784,-0.0018666345,-0.11026239,-0.00472551,-0.00146903,-0.123495,0.013294336357772659,12.03781212809748,11.912517597815366
PART-SUPPORTBEAM-1,316,SupportBeam/B31,223.07692,-10.0,-30.0,0.005941784,-0.0018666345,-0.11026239,0.00472551,-0.00146903,-0.123495,0.013294336357772659,12.03781212809748,11.912517597815366
PART-FLOOR-1,474,Floor/S4R,-240.0,0.0,0.0,0.0029653166,7.684516e-17,-0.33412308,0.00337557,1.12658e-14,-0.347325,0.01320829283210404,3.952966281808169,3.9520300609912087
PART-FLOOR-1,501,Floor/S4R,240.0,0.0,0.0,-0.0029653166,3.995828e-17,-0.33412308,-0.00337557,1.24369e-14,-0.347325,0.01320829283210404,3.952966281808169,3.9520300609912087
PART-PIER-2,288,Pier/C3D8R,-12.0,-10.0,-10.0,-0.0006399892,0.007796438,-0.007449839,-0.00157586,0.00156913,-0.0190341,0.013185231207577579,122.05715398033877,77.39931450922288
PART-PIER-2,604,Pier/C3D8R,12.0,-10.0,-10.0,0.0006399892,0.007796438,-0.007449839,0.00157586,0.00156913,-0.0190341,0.013185231207577579,122.05715398033877,77.39931450922288
PART-PIER-1,366,Pier/C3D8R,-12.0,10.0,-10.0,-0.0006399892,-0.007796438,-0.007449839,-0.00157586,-0.00156913,-0.0190341,0.013185231207577579,122.05715398033877,77.39931450922288
PART-PIER-1,526,Pier/C3D8R,12.0,10.0,-10.0,0.0006399892,-0.007796438,-0.007449839,0.00157586,-0.00156913,-0.0190341,0.013185231207577579,122.05715398033877,77.39931450922288
PART-PIER-2,725,Pier/C3D8R,-11.66667,-15.0,0.0,-0.00042090565,0.0120091345,-0.0067681684,-3.92842e-05,0.00576105,-0.0183428,0.013158886409037769,95.4132428987953,39.40700952672421
PART-PIER-2,803,Pier/C3D8R,11.66667,-15.0,0.0,0.00042090565,0.0120091345,-0.0067681684,3.92842e-05,0.00576105,-0.0183428,0.013158886409037769,95.4132428987953,39.40700952672421
PART-PIER-1,725,Pier/C3D8R,-11.66667,15.0,0.0,-0.00042090565,-0.0120091345,-0.0067681684,-3.92842e-05,-0.00576105,-0.0183428,0.013158886409037769,95.4132428987953,39.40700952672421
PART-PIER-1,803,Pier/C3D8R,11.66667,15.0,0.0,0.00042090565,-0.0120091345,-0.0067681684,3.92842e-05,-0.00576105,-0.0183428,0.013158886409037769,95.4132428987953,39.40700952672421
PART-SUPPORTBEAM-2,86,SupportBeam/B31,-140.0,10.0,-24.0,-0.0017173795,0.0020625975,-0.22707757,0.00489912,0.0003454,-0.238244,0.01309259301408268,5.76528917830353,4.932412686055466
PART-SUPPORTBEAM-2,275,SupportBeam/B31,140.0,10.0,-24.0,0.0017173795,0.0020625975,-0.22707757,-0.00489912,0.0003454,-0.238244,0.01309259301408268,5.76528917830353,4.932412686055466
PART-SUPPORTBEAM-1,86,SupportBeam/B31,-140.0,-10.0,-24.0,-0.0017173795,-0.0020625975,-0.22707757,0.00489912,-0.0003454,-0.238244,0.01309259301408268,5.76528917830353,4.932412686055466
PART-SUPPORTBEAM-1,275,SupportBeam/B31,140.0,-10.0,-24.0,0.0017173795,-0.0020625975,-0.22707757,-0.00489912,-0.0003454,-0.238244,0.01309259301408268,5.76528917830353,4.932412686055466
PART-PIER-2,145,Pier/C3D8R,0.0,-20.0,-30.0,-1.2285845e-16,0.0017288917,-0.0017417934,1.14674e-16,-0.000873392,-0.0145132,0.013033829329779074,531.0908458054507,492.44078758216335
PART-PIER-1,99,Pier/C3D8R,0.0,20.0,-30.0,-3.134136e-16,-0.0017288917,-0.0017417934,-2.46257e-15,0.000873392,-0.0145132,0.013033829329779074,531.0908458054507,492.44078758216335
PART-FLOOR-1,267,Floor/S4R,140.0,0.0,0.0,-0.009984652,5.9018414e-15,-0.35923696,-0.00777236,4.18494e-13,-0.372048,0.013000653128780258,3.6175660968057364,3.5487893282848257
PART-FLOOR-1,420,Floor/S4R,-140.0,0.0,0.0,0.009984652,3.5070772e-15,-0.35923696,0.00777236,3.67006e-13,-0.372048,0.013000653128780258,3.6175660968057364,3.5487893282848257
PART-SUPPORTBEAM-2,40,SupportBeam/B31,-226.66667,10.0,-16.0,0.032141086,0.0006918643,-0.107236505,0.0308907,0.000960042,-0.119944,0.012771680140169432,11.408199731040018,10.638457208115142
PART-SUPPORTBEAM-2,337,SupportBeam/B31,226.66667,10.0,-16.0,-0.032141086,0.0006918643,-0.107236505,-0.0308907,0.000960042,-0.119944,0.012771680140169432,11.408199731040018,10.638457208115142
PART-SUPPORTBEAM-1,40,SupportBeam/B31,-226.66667,-10.0,-16.0,0.032141086,-0.0006918643,-0.107236505,0.0308907,-0.000960042,-0.119944,0.012771680140169432,11.408199731040018,10.638457208115142
PART-SUPPORTBEAM-1,337,SupportBeam/B31,226.66667,-10.0,-16.0,-0.032141086,-0.0006918643,-0.107236505,-0.0308907,-0.000960042,-0.119944,0.012771680140169432,11.408199731040018,10.638457208115142
PART-SUPPORTBEAM-2,138,SupportBeam/B31,-100.0,10.0,-18.75,-0.0037029132,0.0016817527,-0.23552707,0.00893729,6.68304e-05,-0.23483,0.012761998964003544,5.417677393632382,0.23864683807168263
PART-SUPPORTBEAM-2,242,SupportBeam/B31,100.0,10.0,-18.75,0.0037029132,0.0016817527,-0.23552707,-0.00893729,6.68304e-05,-0.23483,0.012761998964003544,5.417677393632382,0.23864683807168263
PART-SUPPORTBEAM-1,138,SupportBeam/B31,-100.0,-10.0,-18.75,-0.0037029132,-0.0016817527,-0.23552707,0.00893729,-6.68304e-05,-0.23483,0.012761998964003544,5.417677393632382,0.23864683807168263
PART-SUPPORTBEAM-1,242,SupportBeam/B31,100.0,-10.0,-18.75,0.0037029132,-0.0016817527,-0.23552707,-0.00893729,-6.68304e-05,-0.23483,0.012761998964003544,5.417677393632382,0.23864683807168263
PART-PIER-2,287,Pier/C3D8R,-6.0,-10.0,-10.0,-0.00032592975,0.007957358,-0.007467845,-0.000941516,0.00305279,-0.0191747,0.012707642884848394,116.3956955693281,78.05167166825309
PART-PIER-2,603,Pier/C3D8R,6.0,-10.0,-10.0,0.00032592975,0.007957358,-0.007467845,0.000941516,0.00305279,-0.0191747,0.012707642884848394,116.3956955693281,78.05167166825309
PART-PIER-1,365,Pier/C3D8R,-6.0,10.0,-10.0,-0.00032592975,-0.007957358,-0.007467845,-0.000941516,-0.00305279,-0.0191747,0.012707642884848394,116.3956955693281,78.05167166825309
PART-PIER-1,525,Pier/C3D8R,6.0,10.0,-10.0,0.00032592975,-0.007957358,-0.007467845,0.000941516,-0.00305279,-0.0191747,0.012707642884848394,116.3956955693281,78.05167166825309
PART-PIER-2,94,Pier/C3D8R,0.0,-10.0,-5.0,5.0550815e-16,0.010083608,-0.008428623,-2.79211e-15,0.00480012,-0.0199224,0.01264998637042242,96.25375742624,55.92756518157284
PART-PIER-1,150,Pier/C3D8R,0.0,10.0,-5.0,-2.242622e-15,-0.010083608,-0.008428623,-4.8082e-15,-0.00480012,-0.0199224,0.01264998637042242,96.25375742624,55.92756518157284
PART-FLOOR-1,300,Floor/S4R,80.0,0.0,0.0,-0.0065658106,7.705265e-15,-0.43922576,-0.00373691,6.00623e-13,-0.427,0.012548780266714413,2.856703673808474,2.7906175469107937
PART-FLOOR-1,387,Floor/S4R,-80.0,0.0,0.0,0.0065658106,5.0076706e-15,-0.43922576,0.00373691,5.53766e-13,-0.427,0.012548780266714413,2.856703673808474,2.7906175469107937
PART-SUPPORTBEAM-2,85,SupportBeam/B31,-136.66667,10.0,-22.0,0.0015778639,0.001913611,-0.23194173,0.00773464,0.000322455,-0.242752,0.012541914002047967,5.407046413671146,4.707988345873132
PART-SUPPORTBEAM-2,274,SupportBeam/B31,136.66667,10.0,-22.0,-0.0015778639,0.001913611,-0.23194173,-0.00773464,0.000322455,-0.242752,0.012541914002047967,5.407046413671146,4.707988345873132
PART-SUPPORTBEAM-1,85,SupportBeam/B31,-136.66667,-10.0,-22.0,0.0015778639,-0.001913611,-0.23194173,0.00773464,-0.000322455,-0.242752,0.012541914002047967,5.407046413671146,4.707988345873132
PART-SUPPORTBEAM-1,274,SupportBeam/B31,136.66667,-10.0,-22.0,-0.0015778639,-0.001913611,-0.23194173,-0.00773464,-0.000322455,-0.242752,0.012541914002047967,5.407046413671146,4.707988345873132
PART-FLOOR-1,48,Floor/S4R,140.0,10.0,0.0,-0.009963324,0.00045071528,-0.34209055,-0.00778458,0.000209892,-0.354378,0.012481440172200754,3.647028249427806,3.5728709568032646
PART-FLOOR-1,66,Floor/S4R,140.0,-10.0,0.0,-0.009963324,-0.00045071528,-0.34209055,-0.00778458,-0.000209892,-0.354378,0.012481440172200754,3.647028249427806,3.5728709568032646
PART-FLOOR-1,159,Floor/S4R,-140.0,10.0,0.0,0.009963324,0.00045071528,-0.34209055,0.00778458,0.000209892,-0.354378,0.012481440172200754,3.647028249427806,3.5728709568032646
PART-FLOOR-1,165,Floor/S4R,-140.0,-10.0,0.0,0.009963324,-0.00045071528,-0.34209055,0.00778458,-0.000209892,-0.354378,0.012481440172200754,3.647028249427806,3.5728709568032646
PART-FLOOR-1,473,Floor/S4R,-240.0,-5.0,0.0,0.0029562702,-8.701585e-05,-0.3383207,0.00338325,0.000291484,-0.35061,0.012302539102805491,3.6362152979510434,3.6333418639088295
PART-FLOOR-1,475,Floor/S4R,-240.0,5.0,0.0,0.0029562702,8.701585e-05,-0.3383207,0.00338325,-0.000291484,-0.35061,0.012302539102805491,3.6362152979510434,3.6333418639088295
PART-FLOOR-1,500,Floor/S4R,240.0,5.0,0.0,-0.0029562702,8.701585e-05,-0.3383207,-0.00338325,-0.000291484,-0.35061,0.012302539102805491,3.6362152979510434,3.6333418639088295
PART-FLOOR-1,502,Floor/S4R,240.0,-5.0,0.0,-0.0029562702,-8.701585e-05,-0.3383207,-0.00338325,0.000291484,-0.35061,0.012302539102805491,3.6362152979510434,3.6333418639088295
PART-SUPPORTBEAM-2,84,SupportBeam/B31,-133.33333,10.0,-20.0,0.0045024734,0.0017610717,-0.23618235,0.0101876,0.000302542,-0.246617,0.011972046356672256,5.0679226877594274,4.485293393609033
PART-SUPPORTBEAM-2,273,SupportBeam/B31,133.33333,10.0,-20.0,-0.0045024734,0.0017610717,-0.23618235,-0.0101876,0.000302542,-0.246617,0.011972046356672256,5.0679226877594274,4.485293393609033
PART-SUPPORTBEAM-1,84,SupportBeam/B31,-133.33333,-10.0,-20.0,0.0045024734,-0.0017610717,-0.23618235,0.0101876,-0.000302542,-0.246617,0.011972046356672256,5.0679226877594274,4.485293393609033
PART-SUPPORTBEAM-1,273,SupportBeam/B31,133.33333,-10.0,-20.0,-0.0045024734,-0.0017610717,-0.23618235,-0.0101876,-0.000302542,-0.246617,0.011972046356672256,5.0679226877594274,4.485293393609033
PART-PIER-2,32,Pier/C3D8R,-18.0,-10.0,-10.0,-0.0009814478,0.0075217816,-0.0072812354,-0.00203353,0.00291869,-0.0181827,0.011880120355392052,112.98689063325142,76.20641276374425
PART-PIER-2,261,Pier/C3D8R,18.0,-10.0,-10.0,0.0009814478,0.0075217816,-0.0072812354,0.00203353,0.00291869,-0.0181827,0.011880120355392052,112.98689063325142,76.20641276374425
PART-PIER-1,134,Pier/C3D8R,-18.0,10.0,-10.0,-0.0009814478,-0.0075217816,-0.0072812354,-0.00203353,-0.00291869,-0.0181827,0.011880120355392052,112.98689063325142,76.20641276374425
PART-PIER-1,198,Pier/C3D8R,18.0,10.0,-10.0,0.0009814478,-0.0075217816,-0.0072812354,0.00203353,-0.00291869,-0.0181827,0.011880120355392052,112.98689063325142,76.20641276374425
PART-FLOOR-1,269,Floor/S4R,135.0,-5.0,0.0,-0.009530912,-0.00020482008,-0.41302896,-0.00739257,-0.000111707,-0.424647,0.011813552810066538,2.859462285772771,2.801090290067856
PART-FLOOR-1,271,Floor/S4R,135.0,5.0,0.0,-0.009530912,0.00020482008,-0.41302896,-0.00739257,0.000111707,-0.424647,0.011813552810066538,2.859462285772771,2.801090290067856
PART-FLOOR-1,416,Floor/S4R,-135.0,-5.0,0.0,0.009530912,-0.00020482008,-0.41302896,0.00739257,-0.000111707,-0.424647,0.011813552810066538,2.859462285772771,2.801090290067856
PART-FLOOR-1,418,Floor/S4R,-135.0,5.0,0.0,0.009530912,0.00020482008,-0.41302896,0.00739257,0.000111707,-0.424647,0.011813552810066538,2.859462285772771,2.801090290067856
PART-SUPPORTBEAM-2,27,SupportBeam/B31,-226.92308,10.0,-30.0,-0.0056637446,0.0018279853,-0.10066251,-0.00480624,0.0015593,-0.112343,0.011715005444708819,11.61761628895891,11.521700152363435
PART-SUPPORTBEAM-2,317,SupportBeam/B31,226.92308,10.0,-30.0,0.0056637446,0.0018279853,-0.10066251,0.00480624,0.0015593,-0.112343,0.011715005444708819,11.61761628895891,11.521700152363435
PART-SUPPORTBEAM-1,27,SupportBeam/B31,-226.92308,-10.0,-30.0,-0.0056637446,-0.0018279853,-0.10066251,-0.00480624,-0.0015593,-0.112343,0.011715005444708819,11.61761628895891,11.521700152363435
PART-SUPPORTBEAM-1,317,SupportBeam/B31,226.92308,-10.0,-30.0,0.0056637446,-0.0018279853,-0.10066251,0.00480624,-0.0015593,-0.112343,0.011715005444708819,11.61761628895891,11.521700152363435
PART-PIER-2,361,Pier/C3D8R,-6.16667,-20.0,-20.0,-0.0001759527,0.004093892,-0.002664458,-0.000632619,-0.000634197,-0.0132261,0.011580658506218058,236.93156918553703,171.2159751945307
PART-PIER-2,521,Pier/C3D8R,6.16667,-20.0,-20.0,0.0001759527,0.004093892,-0.002664458,0.000632619,-0.000634197,-0.0132261,0.011580658506218058,236.93156918553703,171.2159751945307
PART-PIER-1,283,Pier/C3D8R,-6.16667,20.0,-20.0,-0.0001759527,-0.004093892,-0.002664458,-0.000632619,0.000634197,-0.0132261,0.011580658506218058,236.93156918553703,171.2159751945307
PART-PIER-1,599,Pier/C3D8R,6.16667,20.0,-20.0,0.0001759527,-0.004093892,-0.002664458,0.000632619,0.000634197,-0.0132261,0.011580658506218058,236.93156918553703,171.2159751945307
PART-PIER-2,147,Pier/C3D8R,0.0,-20.0,-20.0,-2.2314564e-16,0.004144483,-0.0027406951,-2.90314e-15,1.60485e-05,-0.0135358,0.011557606206425026,232.60745432447075,172.42061522045373
PART-PIER-1,97,Pier/C3D8R,0.0,20.0,-20.0,-7.218776e-16,-0.004144483,-0.0027406951,-1.51112e-14,-1.60485e-05,-0.0135358,0.011557606206425026,232.60745432447075,172.42061522045373
PART-FLOOR-1,291,Floor/S4R,95.0,0.0,0.0,-0.006667615,7.3775265e-15,-0.3166456,-0.00450407,5.64758e-13,-0.327985,0.011543955965223748,3.644894333044698,3.5679093693016037
PART-FLOOR-1,396,Floor/S4R,-95.0,0.0,0.0,0.006667615,4.7148674e-15,-0.3166456,0.00450407,5.13676e-13,-0.327985,0.011543955965223748,3.644894333044698,3.5679093693016037
PART-PIER-2,362,Pier/C3D8R,-12.33333,-20.0,-20.0,-0.00034212472,0.003946264,-0.00269237,-0.00157474,-0.000526632,-0.0131201,0.011413312052520315,238.30071707141357,176.12220047315208
PART-PIER-2,522,Pier/C3D8R,12.33333,-20.0,-20.0,0.00034212472,0.003946264,-0.00269237,0.00157474,-0.000526632,-0.0131201,0.011413312052520315,238.30071707141357,176.12220047315208
PART-PIER-1,284,Pier/C3D8R,-12.33333,20.0,-20.0,-0.00034212472,-0.003946264,-0.00269237,-0.00157474,0.000526632,-0.0131201,0.011413312052520315,238.30071707141357,176.12220047315208
PART-PIER-1,600,Pier/C3D8R,12.33333,20.0,-20.0,0.00034212472,-0.003946264,-0.00269237,0.00157474,0.000526632,-0.0131201,0.011413312052520315,238.30071707141357,176.12220047315208
PART-FLOOR-1,305,Floor/S4R,70.0,-5.0,0.0,-0.0050548743,-0.00017838518,-0.4413069,-0.00328609,-6.76866e-05,-0.430054,0.011391602630250967,2.581163918984939,2.553457750520451
PART-FLOOR-1,307,Floor/S4R,70.0,5.0,0.0,-0.0050548743,0.00017838518,-0.4413069,-0.00328609,6.76866e-05,-0.430054,0.011391602630250967,2.581163918984939,2.553457750520451
PART-FLOOR-1,380,Floor/S4R,-70.0,-5.0,0.0,0.0050548743,-0.00017838518,-0.4413069,0.00328609,-6.76866e-05,-0.430054,0.011391602630250967,2.581163918984939,2.553457750520451
PART-FLOOR-1,382,Floor/S4R,-70.0,5.0,0.0,0.0050548743,0.00017838518,-0.4413069,0.00328609,6.76866e-05,-0.430054,0.011391602630250967,2.581163918984939,2.553457750520451
PART-SUPPORTBEAM-2,41,SupportBeam/B31,-230.0,10.0,-18.0,0.03013552,0.00082095724,-0.097524256,0.0290607,0.00112295,-0.108852,0.0113826280703987,11.150973136835095,10.377045041842385
PART-SUPPORTBEAM-2,338,SupportBeam/B31,230.0,10.0,-18.0,-0.03013552,0.00082095724,-0.097524256,-0.0290607,0.00112295,-0.108852,0.0113826280703987,11.150973136835095,10.377045041842385
PART-SUPPORTBEAM-1,41,SupportBeam/B31,-230.0,-10.0,-18.0,0.03013552,-0.00082095724,-0.097524256,0.0290607,-0.00112295,-0.108852,0.0113826280703987,11.150973136835095,10.377045041842385
PART-SUPPORTBEAM-1,338,SupportBeam/B31,230.0,-10.0,-18.0,-0.03013552,-0.00082095724,-0.097524256,-0.0290607,-0.00112295,-0.108852,0.0113826280703987,11.150973136835095,10.377045041842385
PART-PIER-2,712,Pier/C3D8R,-6.33333,-15.0,-30.0,-0.00026821744,0.0019331578,-0.0029680307,-0.000948218,-0.000154465,-0.0141167,0.01136280761420533,319.879317085272,298.3245681313275
PART-PIER-2,790,Pier/C3D8R,6.33333,-15.0,-30.0,0.00026821744,0.0019331578,-0.0029680307,0.000948218,-0.000154465,-0.0141167,0.01136280761420533,319.879317085272,298.3245681313275
PART-PIER-1,712,Pier/C3D8R,-6.33333,15.0,-30.0,-0.00026821744,-0.0019331578,-0.0029680307,-0.000948218,0.000154465,-0.0141167,0.01136280761420533,319.879317085272,298.3245681313275
PART-PIER-1,790,Pier/C3D8R,6.33333,15.0,-30.0,0.00026821744,-0.0019331578,-0.0029680307,0.000948218,0.000154465,-0.0141167,0.01136280761420533,319.879317085272,298.3245681313275
PART-SUPPORTBEAM-2,83,SupportBeam/B31,-130.0,10.0,-18.0,0.006885303,0.0016053936,-0.23951413,0.0120702,0.000285278,-0.249526,0.011351801751038136,4.737448888145577,4.256546958631821
PART-SUPPORTBEAM-2,272,SupportBeam/B31,130.0,10.0,-18.0,-0.006885303,0.0016053936,-0.23951413,-0.0120702,0.000285278,-0.249526,0.011351801751038136,4.737448888145577,4.256546958631821
PART-SUPPORTBEAM-1,83,SupportBeam/B31,-130.0,-10.0,-18.0,0.006885303,-0.0016053936,-0.23951413,0.0120702,-0.000285278,-0.249526,0.011351801751038136,4.737448888145577,4.256546958631821
PART-SUPPORTBEAM-1,272,SupportBeam/B31,130.0,-10.0,-18.0,-0.006885303,-0.0016053936,-0.23951413,-0.0120702,-0.000285278,-0.249526,0.011351801751038136,4.737448888145577,4.256546958631821
PART-FLOOR-1,71,Floor/S4R,80.0,10.0,0.0,-0.0065781977,4.3077154e-05,-0.44336817,-0.00374438,0.000138148,-0.432422,0.011307439979566248,2.5500692939373817,2.4759395538076543
PART-FLOOR-1,85,Floor/S4R,80.0,-10.0,0.0,-0.0065781977,-4.3077154e-05,-0.44336817,-0.00374438,-0.000138148,-0.432422,0.011307439979566248,2.5500692939373817,2.4759395538076543
PART-FLOOR-1,136,Floor/S4R,-80.0,10.0,0.0,0.0065781977,4.3077154e-05,-0.44336817,0.00374438,0.000138148,-0.432422,0.011307439979566248,2.5500692939373817,2.4759395538076543
PART-FLOOR-1,146,Floor/S4R,-80.0,-10.0,0.0,0.0065781977,-4.3077154e-05,-0.44336817,0.00374438,-0.000138148,-0.432422,0.011307439979566248,2.5500692939373817,2.4759395538076543
PART-FLOOR-1,68,Floor/S4R,95.0,10.0,0.0,-0.0067024697,0.00014908709,-0.26886836,-0.00435409,0.000215758,-0.279892,0.011271200959756344,4.190786429480668,4.0802899321699195
PART-FLOOR-1,88,Floor/S4R,95.0,-10.0,0.0,-0.0067024697,-0.00014908709,-0.26886836,-0.00435409,-0.000215758,-0.279892,0.011271200959756344,4.190786429480668,4.0802899321699195
PART-FLOOR-1,139,Floor/S4R,-95.0,10.0,0.0,0.0067024697,0.00014908709,-0.26886836,0.00435409,0.000215758,-0.279892,0.011271200959756344,4.190786429480668,4.0802899321699195
PART-FLOOR-1,143,Floor/S4R,-95.0,-10.0,0.0,0.0067024697,-0.00014908709,-0.26886836,0.00435409,-0.000215758,-0.279892,0.011271200959756344,4.190786429480668,4.0802899321699195
PART-FLOOR-1,50,Floor/S4R,130.0,10.0,0.0,-0.009144885,0.0003764407,-0.46041536,-0.00699713,0.000234501,-0.471411,0.011204333868109328,2.433046689388784,2.379263870090135
PART-FLOOR-1,64,Floor/S4R,130.0,-10.0,0.0,-0.009144885,-0.0003764407,-0.46041536,-0.00699713,-0.000234501,-0.471411,0.011204333868109328,2.433046689388784,2.379263870090135
PART-FLOOR-1,157,Floor/S4R,-130.0,10.0,0.0,0.009144885,0.0003764407,-0.46041536,0.00699713,0.000234501,-0.471411,0.011204333868109328,2.433046689388784,2.379263870090135
PART-FLOOR-1,167,Floor/S4R,-130.0,-10.0,0.0,0.009144885,-0.0003764407,-0.46041536,0.00699713,-0.000234501,-0.471411,0.011204333868109328,2.433046689388784,2.379263870090135
PART-PIER-2,136,Pier/C3D8R,-18.5,-20.0,-20.0,-0.0004978236,0.0036813626,-0.0025416582,-0.00234316,-0.000649064,-0.012458,0.010976870941282846,243.8685406402554,181.99610891338406
PART-PIER-2,196,Pier/C3D8R,18.5,-20.0,-20.0,0.0004978236,0.0036813626,-0.0025416582,0.00234316,-0.000649064,-0.012458,0.010976870941282846,243.8685406402554,181.99610891338406
PART-PIER-1,30,Pier/C3D8R,-18.5,20.0,-20.0,-0.0004978236,-0.0036813626,-0.0025416582,-0.00234316,0.000649064,-0.012458,0.010976870941282846,243.8685406402554,181.99610891338406
PART-PIER-1,263,Pier/C3D8R,18.5,20.0,-20.0,0.0004978236,-0.0036813626,-0.0025416582,0.00234316,0.000649064,-0.012458,0.010976870941282846,243.8685406402554,181.99610891338406
PART-PIER-2,358,Pier/C3D8R,-12.66667,-20.0,-30.0,-0.00041236015,0.0015733141,-0.0017564136,-0.00181982,-0.000980052,-0.0122881,0.010927810398150958,456.50201084370946,420.5384666133619
PART-PIER-2,518,Pier/C3D8R,12.66667,-20.0,-30.0,0.00041236015,0.0015733141,-0.0017564136,0.00181982,-0.000980052,-0.0122881,0.010927810398150958,456.50201084370946,420.5384666133619
PART-PIER-1,280,Pier/C3D8R,-12.66667,20.0,-30.0,-0.00041236015,-0.0015733141,-0.0017564136,-0.00181982,0.000980052,-0.0122881,0.010927810398150958,456.50201084370946,420.5384666133619
PART-PIER-1,596,Pier/C3D8R,12.66667,20.0,-30.0,0.00041236015,-0.0015733141,-0.0017564136,0.00181982,0.000980052,-0.0122881,0.010927810398150958,456.50201084370946,420.5384666133619
PART-SUPPORTBEAM-2,100,SupportBeam/B31,-90.0,10.0,-6.0,0.0007872887,0.000635552,-0.24465851,0.000813134,6.35042e-05,-0.233832,0.010841643115557558,4.431299121474982,4.425387524231781
PART-SUPPORTBEAM-2,235,SupportBeam/B31,90.0,10.0,-6.0,-0.0007872887,0.000635552,-0.24465851,-0.000813134,6.35042e-05,-0.233832,0.010841643115557558,4.431299121474982,4.425387524231781
PART-SUPPORTBEAM-1,100,SupportBeam/B31,-90.0,-10.0,-6.0,0.0007872887,-0.000635552,-0.24465851,0.000813134,-6.35042e-05,-0.233832,0.010841643115557558,4.431299121474982,4.425387524231781
PART-SUPPORTBEAM-1,235,SupportBeam/B31,90.0,-10.0,-6.0,-0.0007872887,-0.000635552,-0.24465851,-0.000813134,-6.35042e-05,-0.233832,0.010841643115557558,4.431299121474982,4.425387524231781
PART-PIER-2,34,Pier/C3D8R,-17.5,-10.0,0.0,-0.0009340433,0.011949857,-0.009126556,-2.73432e-05,0.00785064,-0.0190745,0.010797558747770953,71.67135420316909,36.91607099279553
PART-PIER-2,259,Pier/C3D8R,17.5,-10.0,0.0,0.0009340433,0.011949857,-0.009126556,2.73432e-05,0.00785064,-0.0190745,0.010797558747770953,71.67135420316909,36.91607099279553
PART-PIER-1,132,Pier/C3D8R,-17.5,10.0,0.0,-0.0009340433,-0.011949857,-0.009126556,-2.73432e-05,-0.00785064,-0.0190745,0.010797558747770953,71.67135420316909,36.91607099279553
PART-PIER-1,200,Pier/C3D8R,17.5,10.0,0.0,0.0009340433,-0.011949857,-0.009126556,2.73432e-05,-0.00785064,-0.0190745,0.010797558747770953,71.67135420316909,36.91607099279553
PART-PIER-2,438,Pier/C3D8R,0.0,-15.0,0.0,4.3398233e-17,0.012226447,-0.0068424335,-7.0211e-15,0.00655089,-0.0159996,0.010773376702268014,76.89290571962579,23.395230246998032
PART-PIER-1,438,Pier/C3D8R,0.0,15.0,0.0,-2.3976303e-15,-0.012226447,-0.0068424335,-2.18408e-14,-0.00655089,-0.0159996,0.010773376702268014,76.89290571962579,23.395230246998032
PART-PIER-2,434,Pier/C3D8R,0.0,-15.0,-20.0,4.00646e-17,0.0043757414,-0.004373119,-2.35482e-15,0.000320295,-0.0142722,0.010697590857189947,172.92169155352974,130.76171105931277
PART-PIER-1,434,Pier/C3D8R,0.0,15.0,-20.0,-9.073574e-16,-0.0043757414,-0.004373119,-9.07509e-15,-0.000320295,-0.0142722,0.010697590857189947,172.92169155352974,130.76171105931277
PART-FLOOR-1,273,Floor/S4R,130.0,0.0,0.0,-0.009133708,6.2807946e-15,-0.45439717,-0.00700098,4.57329e-13,-0.464837,0.010655448331763599,2.3444900365189167,2.2884517829251423
PART-FLOOR-1,414,Floor/S4R,-130.0,0.0,0.0,0.009133708,3.848223e-15,-0.45439717,0.00700098,4.04139e-13,-0.464837,0.010655448331763599,2.3444900365189167,2.2884517829251423
PART-SUPPORTBEAM-2,82,SupportBeam/B31,-126.66666,10.0,-16.0,0.008620021,0.0014469902,-0.24175987,0.0132592,0.000270278,-0.251272,0.010648344966827943,4.401637223988174,4.011242842653693
PART-SUPPORTBEAM-2,271,SupportBeam/B31,126.66666,10.0,-16.0,-0.008620021,0.0014469902,-0.24175987,-0.0132592,0.000270278,-0.251272,0.010648344966827943,4.401637223988174,4.011242842653693
PART-SUPPORTBEAM-1,82,SupportBeam/B31,-126.66666,-10.0,-16.0,0.008620021,-0.0014469902,-0.24175987,0.0132592,-0.000270278,-0.251272,0.010648344966827943,4.401637223988174,4.011242842653693
PART-SUPPORTBEAM-1,271,SupportBeam/B31,126.66666,-10.0,-16.0,-0.008620021,-0.0014469902,-0.24175987,-0.0132592,-0.000270278,-0.251272,0.010648344966827943,4.401637223988174,4.011242842653693
PART-PIER-2,717,Pier/C3D8R,-12.33333,-15.0,-20.0,-0.00050981424,0.004169219,-0.0043110545,-0.0016228,-1.31037e-05,-0.0139277,0.010545635644263853,175.20788551395043,132.963903367046
PART-PIER-2,795,Pier/C3D8R,12.33333,-15.0,-20.0,0.00050981424,0.004169219,-0.0043110545,0.0016228,-1.31037e-05,-0.0139277,0.010545635644263853,175.20788551395043,132.963903367046
PART-PIER-1,717,Pier/C3D8R,-12.33333,15.0,-20.0,-0.00050981424,-0.004169219,-0.0043110545,-0.0016228,1.31037e-05,-0.0139277,0.010545635644263853,175.20788551395043,132.963903367046
PART-PIER-1,795,Pier/C3D8R,12.33333,15.0,-20.0,0.00050981424,-0.004169219,-0.0043110545,0.0016228,1.31037e-05,-0.0139277,0.010545635644263853,175.20788551395043,132.963903367046
PART-PIER-2,716,Pier/C3D8R,-6.16667,-15.0,-20.0,-0.00025804792,0.004322494,-0.004282329,-0.000998268,0.000408722,-0.0138867,0.010397570838443958,170.730062978957,128.70912265723922
PART-PIER-2,794,Pier/C3D8R,6.16667,-15.0,-20.0,0.00025804792,0.004322494,-0.004282329,0.000998268,0.000408722,-0.0138867,0.010397570838443958,170.730062978957,128.70912265723922
PART-PIER-1,716,Pier/C3D8R,-6.16667,15.0,-20.0,-0.00025804792,-0.004322494,-0.004282329,-0.000998268,-0.000408722,-0.0138867,0.010397570838443958,170.730062978957,128.70912265723922
PART-PIER-1,794,Pier/C3D8R,6.16667,15.0,-20.0,0.00025804792,-0.004322494,-0.004282329,0.000998268,-0.000408722,-0.0138867,0.010397570838443958,170.730062978957,128.70912265723922
PART-PIER-2,360,Pier/C3D8R,-12.5,-20.0,-25.0,-0.00037005817,0.0027367906,-0.0024268106,-0.00155337,-0.000595793,-0.0120885,0.010288565614315693,279.84961060861224,231.90735324364292
PART-PIER-2,520,Pier/C3D8R,12.5,-20.0,-25.0,0.00037005817,0.0027367906,-0.0024268106,0.00155337,-0.000595793,-0.0120885,0.010288565614315693,279.84961060861224,231.90735324364292
PART-PIER-1,282,Pier/C3D8R,-12.5,20.0,-25.0,-0.00037005817,-0.0027367906,-0.0024268106,-0.00155337,0.000595793,-0.0120885,0.010288565614315693,279.84961060861224,231.90735324364292
PART-PIER-1,598,Pier/C3D8R,12.5,20.0,-25.0,0.00037005817,-0.0027367906,-0.0024268106,0.00155337,0.000595793,-0.0120885,0.010288565614315693,279.84961060861224,231.90735324364292
PART-PIER-2,473,Pier/C3D8R,-18.5,-15.0,-20.0,-0.00075969833,0.003905012,-0.0041449787,-0.00232174,0.000203875,-0.013602,0.010274903461358606,178.8438491825589,140.2053600256687
PART-PIER-2,672,Pier/C3D8R,18.5,-15.0,-20.0,0.00075969833,0.003905012,-0.0041449787,0.00232174,0.000203875,-0.013602,0.010274903461358606,178.8438491825589,140.2053600256687
PART-PIER-1,473,Pier/C3D8R,-18.5,15.0,-20.0,-0.00075969833,-0.003905012,-0.0041449787,-0.00232174,-0.000203875,-0.013602,0.010274903461358606,178.8438491825589,140.2053600256687
PART-PIER-1,672,Pier/C3D8R,18.5,15.0,-20.0,0.00075969833,-0.003905012,-0.0041449787,0.00232174,-0.000203875,-0.013602,0.010274903461358606,178.8438491825589,140.2053600256687
PART-PIER-2,280,Pier/C3D8R,-12.66667,-10.0,-30.0,-0.0006980286,0.0020576513,-0.0036227456,-0.00187891,0.000502781,-0.0136807,0.01024570882092437,242.53708530630647,227.10703566549526
PART-PIER-2,596,Pier/C3D8R,12.66667,-10.0,-30.0,0.0006980286,0.0020576513,-0.0036227456,0.00187891,0.000502781,-0.0136807,0.01024570882092437,242.53708530630647,227.10703566549526
PART-PIER-1,358,Pier/C3D8R,-12.66667,10.0,-30.0,-0.0006980286,-0.0020576513,-0.0036227456,-0.00187891,-0.000502781,-0.0136807,0.01024570882092437,242.53708530630647,227.10703566549526
PART-PIER-1,518,Pier/C3D8R,12.66667,10.0,-30.0,0.0006980286,-0.0020576513,-0.0036227456,0.00187891,-0.000502781,-0.0136807,0.01024570882092437,242.53708530630647,227.10703566549526
PART-PIER-2,471,Pier/C3D8R,-19.0,-15.0,-30.0,-0.00078396377,0.00156905,-0.002901238,-0.00259093,-0.000249015,-0.0128075,0.010232522372965005,301.82332044501277,285.498684654911
PART-PIER-2,670,Pier/C3D8R,19.0,-15.0,-30.0,0.00078396377,0.00156905,-0.002901238,0.00259093,-0.000249015,-0.0128075,0.010232522372965005,301.82332044501277,285.498684654911
PART-PIER-1,471,Pier/C3D8R,-19.0,15.0,-30.0,-0.00078396377,-0.00156905,-0.002901238,-0.00259093,0.000249015,-0.0128075,0.010232522372965005,301.82332044501277,285.498684654911
PART-PIER-1,670,Pier/C3D8R,19.0,15.0,-30.0,0.00078396377,-0.00156905,-0.002901238,0.00259093,0.000249015,-0.0128075,0.010232522372965005,301.82332044501277,285.498684654911
PART-SUPPORTBEAM-2,28,SupportBeam/B31,-230.76923,10.0,-30.0,-0.0053857067,0.0017892485,-0.08886904,-0.00488696,0.00165165,-0.0988644,0.010008741336829687,11.239454670451202,11.172172568355368
PART-SUPPORTBEAM-2,318,SupportBeam/B31,230.76923,10.0,-30.0,0.0053857067,0.0017892485,-0.08886904,0.00488696,0.00165165,-0.0988644,0.010008741336829687,11.239454670451202,11.172172568355368
PART-SUPPORTBEAM-1,28,SupportBeam/B31,-230.76923,-10.0,-30.0,-0.0053857067,-0.0017892485,-0.08886904,-0.00488696,-0.00165165,-0.0988644,0.010008741336829687,11.239454670451202,11.172172568355368
PART-SUPPORTBEAM-1,318,SupportBeam/B31,230.76923,-10.0,-30.0,0.0053857067,-0.0017892485,-0.08886904,0.00488696,-0.00165165,-0.0988644,0.010008741336829687,11.239454670451202,11.172172568355368
PART-PIER-2,97,Pier/C3D8R,0.0,-10.0,-20.0,2.9817704e-16,0.004626261,-0.005644551,6.86276e-16,0.00015425,-0.0145968,0.010007079720983638,137.11770675771845,100.01754227293591
PART-PIER-1,147,Pier/C3D8R,0.0,10.0,-20.0,-1.0710116e-15,-0.004626261,-0.005644551,1.34105e-15,-0.00015425,-0.0145968,0.010007079720983638,137.11770675771845,100.01754227293591
PART-PIER-2,135,Pier/C3D8R,-18.25,-20.0,-15.0,-0.00044993038,0.0053412495,-0.0031551572,-0.00190416,0.000221426,-0.0114837,0.00988392642780537,158.90967597845838,87.1849605499812
PART-PIER-2,197,Pier/C3D8R,18.25,-20.0,-15.0,0.00044993038,0.0053412495,-0.0031551572,0.00190416,0.000221426,-0.0114837,0.00988392642780537,158.90967597845838,87.1849605499812
PART-PIER-1,31,Pier/C3D8R,-18.25,20.0,-15.0,-0.00044993038,-0.0053412495,-0.0031551572,-0.00190416,-0.000221426,-0.0114837,0.00988392642780537,158.90967597845838,87.1849605499812
PART-PIER-1,262,Pier/C3D8R,18.25,20.0,-15.0,0.00044993038,-0.0053412495,-0.0031551572,0.00190416,-0.000221426,-0.0114837,0.00988392642780537,158.90967597845838,87.1849605499812
PART-SUPPORTBEAM-2,42,SupportBeam/B31,-233.33333,10.0,-20.0,0.026899418,0.00095009414,-0.08575525,0.0259261,0.00128803,-0.0955804,0.009879024298841348,10.991328476746533,10.194043673289693
PART-SUPPORTBEAM-2,339,SupportBeam/B31,233.33333,10.0,-20.0,-0.026899418,0.00095009414,-0.08575525,-0.0259261,0.00128803,-0.0955804,0.009879024298841348,10.991328476746533,10.194043673289693
PART-SUPPORTBEAM-1,42,SupportBeam/B31,-233.33333,-10.0,-20.0,0.026899418,-0.00095009414,-0.08575525,0.0259261,-0.00128803,-0.0955804,0.009879024298841348,10.991328476746533,10.194043673289693
PART-SUPPORTBEAM-1,339,SupportBeam/B31,233.33333,-10.0,-20.0,-0.026899418,-0.00095009414,-0.08575525,-0.0259261,-0.00128803,-0.0955804,0.009879024298841348,10.991328476746533,10.194043673289693
PART-PIER-2,291,Pier/C3D8R,-5.83333,-10.0,0.0,-0.00030966874,0.012386905,-0.009300951,-9.45952e-05,0.00864179,-0.0183919,0.009834505412649592,63.47630226699754,31.162173003904602
PART-PIER-2,607,Pier/C3D8R,5.83333,-10.0,0.0,0.00030966874,0.012386905,-0.009300951,9.45952e-05,0.00864179,-0.0183919,0.009834505412649592,63.47630226699754,31.162173003904602
PART-PIER-1,369,Pier/C3D8R,-5.83333,10.0,0.0,-0.00030966874,-0.012386905,-0.009300951,-9.45952e-05,-0.00864179,-0.0183919,0.009834505412649592,63.47630226699754,31.162173003904602
PART-PIER-1,529,Pier/C3D8R,5.83333,10.0,0.0,0.00030966874,-0.012386905,-0.009300951,9.45952e-05,-0.00864179,-0.0183919,0.009834505412649592,63.47630226699754,31.162173003904602
PART-SUPPORTBEAM-2,81,SupportBeam/B31,-123.33334,10.0,-14.0,0.00966512,0.001286275,-0.2428504,0.0136959,0.000257158,-0.251759,0.009832060982728357,4.045348895464837,3.738111710190154
PART-SUPPORTBEAM-2,270,SupportBeam/B31,123.33334,10.0,-14.0,-0.00966512,0.001286275,-0.2428504,-0.0136959,0.000257158,-0.251759,0.009832060982728357,4.045348895464837,3.738111710190154
PART-SUPPORTBEAM-1,81,SupportBeam/B31,-123.33334,-10.0,-14.0,0.00966512,-0.001286275,-0.2428504,0.0136959,-0.000257158,-0.251759,0.009832060982728357,4.045348895464837,3.738111710190154
PART-SUPPORTBEAM-1,270,SupportBeam/B31,123.33334,-10.0,-14.0,-0.00966512,-0.001286275,-0.2428504,-0.0136959,-0.000257158,-0.251759,0.009832060982728357,4.045348895464837,3.738111710190154
PART-PIER-2,363,Pier/C3D8R,-6.08333,-20.0,-15.0,-0.00015853668,0.005769509,-0.0032810608,-0.000592221,0.000422307,-0.0114895,0.009806075943939783,147.70175385729308,73.40438703512663
PART-PIER-2,523,Pier/C3D8R,6.08333,-20.0,-15.0,0.00015853668,0.005769509,-0.0032810608,0.000592221,0.000422307,-0.0114895,0.009806075943939783,147.70175385729308,73.40438703512663
PART-PIER-1,285,Pier/C3D8R,-6.08333,20.0,-15.0,-0.00015853668,-0.005769509,-0.0032810608,-0.000592221,-0.000422307,-0.0114895,0.009806075943939783,147.70175385729308,73.40438703512663
PART-PIER-1,601,Pier/C3D8R,6.08333,20.0,-15.0,0.00015853668,-0.005769509,-0.0032810608,0.000592221,-0.000422307,-0.0114895,0.009806075943939783,147.70175385729308,73.40438703512663
PART-PIER-2,359,Pier/C3D8R,-6.25,-20.0,-25.0,-0.00019752045,0.002882038,-0.0025226078,-0.00104692,-0.000390837,-0.0114934,0.009586881821361212,249.97128249335648,201.09561603202587
PART-PIER-2,519,Pier/C3D8R,6.25,-20.0,-25.0,0.00019752045,0.002882038,-0.0025226078,0.00104692,-0.000390837,-0.0114934,0.009586881821361212,249.97128249335648,201.09561603202587
PART-PIER-1,281,Pier/C3D8R,-6.25,20.0,-25.0,-0.00019752045,-0.002882038,-0.0025226078,-0.00104692,0.000390837,-0.0114934,0.009586881821361212,249.97128249335648,201.09561603202587
PART-PIER-1,597,Pier/C3D8R,6.25,20.0,-25.0,0.00019752045,-0.002882038,-0.0025226078,0.00104692,0.000390837,-0.0114934,0.009586881821361212,249.97128249335648,201.09561603202587
PART-FLOOR-1,275,Floor/S4R,125.0,-5.0,0.0,-0.008793032,-0.00015122454,-0.47060207,-0.00660746,-0.000118602,-0.479759,0.009414199712253836,2.000109420078778,1.9376639053692541
PART-FLOOR-1,277,Floor/S4R,125.0,5.0,0.0,-0.008793032,0.00015122454,-0.47060207,-0.00660746,0.000118602,-0.479759,0.009414199712253836,2.000109420078778,1.9376639053692541
PART-FLOOR-1,410,Floor/S4R,-125.0,-5.0,0.0,0.008793032,-0.00015122454,-0.47060207,0.00660746,-0.000118602,-0.479759,0.009414199712253836,2.000109420078778,1.9376639053692541
PART-FLOOR-1,412,Floor/S4R,-125.0,5.0,0.0,0.008793032,0.00015122454,-0.47060207,0.00660746,0.000118602,-0.479759,0.009414199712253836,2.000109420078778,1.9376639053692541
PART-SUPPORTBEAM-2,137,SupportBeam/B31,-100.0,10.0,-15.0,-0.001253242,0.0013726411,-0.23543544,0.008046,8.96304e-05,-0.234739,0.009413131620479895,3.9980549612677114,0.24035835943683387
PART-SUPPORTBEAM-2,241,SupportBeam/B31,100.0,10.0,-15.0,0.001253242,0.0013726411,-0.23543544,-0.008046,8.96304e-05,-0.234739,0.009413131620479895,3.9980549612677114,0.24035835943683387
PART-SUPPORTBEAM-1,137,SupportBeam/B31,-100.0,-10.0,-15.0,-0.001253242,-0.0013726411,-0.23543544,0.008046,-8.96304e-05,-0.234739,0.009413131620479895,3.9980549612677114,0.24035835943683387
PART-SUPPORTBEAM-1,241,SupportBeam/B31,100.0,-10.0,-15.0,0.001253242,-0.0013726411,-0.23543544,-0.008046,-8.96304e-05,-0.234739,0.009413131620479895,3.9980549612677114,0.24035835943683387
PART-PIER-2,146,Pier/C3D8R,0.0,-20.0,-25.0,-1.6974769e-16,0.0029251445,-0.0024457213,-3.22842e-15,-0.00112632,-0.0108833,0.009359866393995907,245.48048540078997,186.959940994442
PART-PIER-1,98,Pier/C3D8R,0.0,20.0,-25.0,-4.904825e-16,-0.0029251445,-0.0024457213,-1.38094e-14,0.00112632,-0.0108833,0.009359866393995907,245.48048540078997,186.959940994442
PART-PIER-2,433,Pier/C3D8R,0.0,-15.0,-25.0,2.6286784e-17,0.0030191916,-0.0033722313,-3.67627e-16,1.14362e-05,-0.0122143,0.009339634438335843,206.3411272895105,169.851411466727
PART-PIER-1,433,Pier/C3D8R,0.0,15.0,-25.0,-6.167528e-16,-0.0030191916,-0.0033722313,-3.13554e-15,-1.14362e-05,-0.0122143,0.009339634438335843,206.3411272895105,169.851411466727
PART-PIER-2,284,Pier/C3D8R,-12.33333,-10.0,-20.0,-0.0006787622,0.0044242996,-0.005566838,-0.00163399,0.00106212,-0.0141916,0.00930608571684105,130.27955412221593,100.53833226213243
PART-PIER-2,600,Pier/C3D8R,12.33333,-10.0,-20.0,0.0006787622,0.0044242996,-0.005566838,0.00163399,0.00106212,-0.0141916,0.00930608571684105,130.27955412221593,100.53833226213243
PART-PIER-1,362,Pier/C3D8R,-12.33333,10.0,-20.0,-0.0006787622,-0.0044242996,-0.005566838,-0.00163399,-0.00106212,-0.0141916,0.00930608571684105,130.27955412221593,100.53833226213243
PART-PIER-1,522,Pier/C3D8R,12.33333,10.0,-20.0,0.0006787622,-0.0044242996,-0.005566838,0.00163399,-0.00106212,-0.0141916,0.00930608571684105,130.27955412221593,100.53833226213243
PART-PIER-2,283,Pier/C3D8R,-6.16667,-10.0,-20.0,-0.00034080402,0.004578878,-0.0055476865,-0.000901838,0.00137013,-0.0141519,0.009200180042140528,127.75674925807013,97.83360878433585
PART-PIER-2,599,Pier/C3D8R,6.16667,-10.0,-20.0,0.00034080402,0.004578878,-0.0055476865,0.000901838,0.00137013,-0.0141519,0.009200180042140528,127.75674925807013,97.83360878433585
PART-PIER-1,361,Pier/C3D8R,-6.16667,10.0,-20.0,-0.00034080402,-0.004578878,-0.0055476865,-0.000901838,-0.00137013,-0.0141519,0.009200180042140528,127.75674925807013,97.83360878433585
PART-PIER-1,521,Pier/C3D8R,6.16667,10.0,-20.0,0.00034080402,-0.004578878,-0.0055476865,0.000901838,-0.00137013,-0.0141519,0.009200180042140528,127.75674925807013,97.83360878433585
PART-FLOOR-1,293,Floor/S4R,90.0,-5.0,0.0,-0.0064399224,-0.000101968835,-0.34923726,-0.00419516,-0.000101855,-0.358104,0.009146476724565141,2.6185412412110867,2.528492880215993
PART-FLOOR-1,295,Floor/S4R,90.0,5.0,0.0,-0.0064399224,0.000101968835,-0.34923726,-0.00419516,0.000101855,-0.358104,0.009146476724565141,2.6185412412110867,2.528492880215993
PART-FLOOR-1,392,Floor/S4R,-90.0,-5.0,0.0,0.0064399224,-0.000101968835,-0.34923726,0.00419516,-0.000101855,-0.358104,0.009146476724565141,2.6185412412110867,2.528492880215993
PART-FLOOR-1,394,Floor/S4R,-90.0,5.0,0.0,0.0064399224,0.000101968835,-0.34923726,0.00419516,0.000101855,-0.358104,0.009146476724565141,2.6185412412110867,2.528492880215993
PART-PIER-2,137,Pier/C3D8R,-18.75,-20.0,-25.0,-0.0005377828,0.0024885803,-0.002440706,-0.00231758,-0.000965519,-0.0106918,0.009120253957222043,258.5884778005854,211.39259720823725
PART-PIER-2,195,Pier/C3D8R,18.75,-20.0,-25.0,0.0005377828,0.0024885803,-0.002440706,0.00231758,-0.000965519,-0.0106918,0.009120253957222043,258.5884778005854,211.39259720823725
PART-PIER-1,29,Pier/C3D8R,-18.75,20.0,-25.0,-0.0005377828,-0.0024885803,-0.002440706,-0.00231758,0.000965519,-0.0106918,0.009120253957222043,258.5884778005854,211.39259720823725
PART-PIER-1,264,Pier/C3D8R,18.75,20.0,-25.0,0.0005377828,-0.0024885803,-0.002440706,0.00231758,0.000965519,-0.0106918,0.009120253957222043,258.5884778005854,211.39259720823725
PART-PIER-2,472,Pier/C3D8R,-18.75,-15.0,-25.0,-0.000784325,0.0025818546,-0.0033212337,-0.00270278,-0.000475847,-0.0114992,0.008939191320561566,208.8976327307886,176.268565122497
PART-PIER-2,671,Pier/C3D8R,18.75,-15.0,-25.0,0.000784325,0.0025818546,-0.0033212337,0.00270278,-0.000475847,-0.0114992,0.008939191320561566,208.8976327307886,176.268565122497
PART-PIER-1,472,Pier/C3D8R,-18.75,15.0,-25.0,-0.000784325,-0.0025818546,-0.0033212337,-0.00270278,0.000475847,-0.0114992,0.008939191320561566,208.8976327307886,176.268565122497
PART-PIER-1,671,Pier/C3D8R,18.75,15.0,-25.0,0.000784325,-0.0025818546,-0.0033212337,0.00270278,0.000475847,-0.0114992,0.008939191320561566,208.8976327307886,176.268565122497
PART-SUPPORTBEAM-2,80,SupportBeam/B31,-120.0,10.0,-12.0,0.010043912,0.0011236619,-0.24282457,0.0133865,0.000245533,-0.250997,0.008873140199932591,3.650975151375728,3.4229823800939854
PART-SUPPORTBEAM-2,269,SupportBeam/B31,120.0,10.0,-12.0,-0.010043912,0.0011236619,-0.24282457,-0.0133865,0.000245533,-0.250997,0.008873140199932591,3.650975151375728,3.4229823800939854
PART-SUPPORTBEAM-1,80,SupportBeam/B31,-120.0,-10.0,-12.0,0.010043912,-0.0011236619,-0.24282457,0.0133865,-0.000245533,-0.250997,0.008873140199932591,3.650975151375728,3.4229823800939854
PART-SUPPORTBEAM-1,269,SupportBeam/B31,120.0,-10.0,-12.0,-0.010043912,-0.0011236619,-0.24282457,-0.0133865,-0.000245533,-0.250997,0.008873140199932591,3.650975151375728,3.4229823800939854
PART-PIER-2,30,Pier/C3D8R,-18.5,-10.0,-20.0,-0.0010229741,0.004156609,-0.0053665494,-0.00314366,0.000490135,-0.0130935,0.008811702778349662,128.36304915578717,96.28781880947321
PART-PIER-2,263,Pier/C3D8R,18.5,-10.0,-20.0,0.0010229741,0.004156609,-0.0053665494,0.00314366,0.000490135,-0.0130935,0.008811702778349662,128.36304915578717,96.28781880947321
PART-PIER-1,136,Pier/C3D8R,-18.5,10.0,-20.0,-0.0010229741,-0.004156609,-0.0053665494,-0.00314366,-0.000490135,-0.0130935,0.008811702778349662,128.36304915578717,96.28781880947321
PART-PIER-1,196,Pier/C3D8R,18.5,10.0,-20.0,0.0010229741,-0.004156609,-0.0053665494,0.00314366,-0.000490135,-0.0130935,0.008811702778349662,128.36304915578717,96.28781880947321
PART-PIER-2,714,Pier/C3D8R,-6.25,-15.0,-25.0,-0.00027127896,0.002976118,-0.0034577153,-0.000676485,-0.000177218,-0.0116659,0.008802386945201997,192.60426408355616,155.7187605710941
PART-PIER-2,792,Pier/C3D8R,6.25,-15.0,-25.0,0.00027127896,0.002976118,-0.0034577153,0.000676485,-0.000177218,-0.0116659,0.008802386945201997,192.60426408355616,155.7187605710941
PART-PIER-1,714,Pier/C3D8R,-6.25,15.0,-25.0,-0.00027127896,-0.002976118,-0.0034577153,-0.000676485,0.000177218,-0.0116659,0.008802386945201997,192.60426408355616,155.7187605710941
PART-PIER-1,792,Pier/C3D8R,6.25,15.0,-25.0,0.00027127896,-0.002976118,-0.0034577153,0.000676485,0.000177218,-0.0116659,0.008802386945201997,192.60426408355616,155.7187605710941
PART-PIER-2,719,Pier/C3D8R,-12.16667,-15.0,-15.0,-0.00049105095,0.005712543,-0.0047685066,-0.00135515,0.000995897,-0.0119753,0.008656286026224553,116.07633713047349,62.158352920389895
PART-PIER-2,797,Pier/C3D8R,12.16667,-15.0,-15.0,0.00049105095,0.005712543,-0.0047685066,0.00135515,0.000995897,-0.0119753,0.008656286026224553,116.07633713047349,62.158352920389895
PART-PIER-1,719,Pier/C3D8R,-12.16667,15.0,-15.0,-0.00049105095,-0.005712543,-0.0047685066,-0.00135515,-0.000995897,-0.0119753,0.008656286026224553,116.07633713047349,62.158352920389895
PART-PIER-1,797,Pier/C3D8R,12.16667,15.0,-15.0,0.00049105095,-0.005712543,-0.0047685066,0.00135515,-0.000995897,-0.0119753,0.008656286026224553,116.07633713047349,62.158352920389895
PART-PIER-2,281,Pier/C3D8R,-6.25,-10.0,-25.0,-0.0003485406,0.0032083741,-0.004917038,-0.000950348,0.000289629,-0.0129105,0.008530924911808378,145.04598929924794,120.1581516110092
PART-PIER-2,597,Pier/C3D8R,6.25,-10.0,-25.0,0.0003485406,0.0032083741,-0.004917038,0.000950348,0.000289629,-0.0129105,0.008530924911808378,145.04598929924794,120.1581516110092
PART-PIER-1,359,Pier/C3D8R,-6.25,10.0,-25.0,-0.0003485406,-0.0032083741,-0.004917038,-0.000950348,-0.000289629,-0.0129105,0.008530924911808378,145.04598929924794,120.1581516110092
PART-PIER-1,519,Pier/C3D8R,6.25,10.0,-25.0,0.0003485406,-0.0032083741,-0.004917038,0.000950348,-0.000289629,-0.0129105,0.008530924911808378,145.04598929924794,120.1581516110092
PART-PIER-2,435,Pier/C3D8R,0.0,-15.0,-15.0,4.81074e-17,0.005920497,-0.0048407246,-2.24699e-15,0.000707876,-0.0115299,0.008480358790853496,110.88999233122425,51.04996408572159
PART-PIER-1,435,Pier/C3D8R,0.0,15.0,-15.0,-1.2055491e-15,-0.005920497,-0.0048407246,-1.09171e-14,-0.000707876,-0.0115299,0.008480358790853496,110.88999233122425,51.04996408572159
PART-FLOOR-1,296,Floor/S4R,85.0,-5.0,0.0,-0.0068049645,-4.1286687e-05,-0.4010274,-0.00396534,-7.7872e-05,-0.393099,0.008421658527043683,2.099718441549876,1.9861436561427845
PART-FLOOR-1,298,Floor/S4R,85.0,5.0,0.0,-0.0068049645,4.1286687e-05,-0.4010274,-0.00396534,7.7872e-05,-0.393099,0.008421658527043683,2.099718441549876,1.9861436561427845
PART-FLOOR-1,389,Floor/S4R,-85.0,-5.0,0.0,0.0068049645,-4.1286687e-05,-0.4010274,0.00396534,-7.7872e-05,-0.393099,0.008421658527043683,2.099718441549876,1.9861436561427845
PART-FLOOR-1,391,Floor/S4R,-85.0,5.0,0.0,0.0068049645,4.1286687e-05,-0.4010274,0.00396534,7.7872e-05,-0.393099,0.008421658527043683,2.099718441549876,1.9861436561427845
PART-SUPPORTBEAM-2,43,SupportBeam/B31,-236.66667,10.0,-22.0,0.022474887,0.001079243,-0.07199962,0.0215373,0.00145487,-0.0802122,0.00827445679679929,10.969190015154167,10.118081310071199
PART-SUPPORTBEAM-2,340,SupportBeam/B31,236.66667,10.0,-22.0,-0.022474887,0.001079243,-0.07199962,-0.0215373,0.00145487,-0.0802122,0.00827445679679929,10.969190015154167,10.118081310071199
PART-SUPPORTBEAM-1,43,SupportBeam/B31,-236.66667,-10.0,-22.0,0.022474887,-0.001079243,-0.07199962,0.0215373,-0.00145487,-0.0802122,0.00827445679679929,10.969190015154167,10.118081310071199
PART-SUPPORTBEAM-1,340,SupportBeam/B31,236.66667,-10.0,-22.0,-0.022474887,-0.001079243,-0.07199962,-0.0215373,-0.00145487,-0.0802122,0.00827445679679929,10.969190015154167,10.118081310071199
PART-FLOOR-1,52,Floor/S4R,120.0,10.0,0.0,-0.008516502,0.00023233502,-0.46036372,-0.00621994,0.0002335,-0.468304,0.008265727122003408,1.795170139738525,1.7163520482931707
PART-FLOOR-1,62,Floor/S4R,120.0,-10.0,0.0,-0.008516502,-0.00023233502,-0.46036372,-0.00621994,-0.0002335,-0.468304,0.008265727122003408,1.795170139738525,1.7163520482931707
PART-FLOOR-1,155,Floor/S4R,-120.0,10.0,0.0,0.008516502,0.00023233502,-0.46036372,0.00621994,0.0002335,-0.468304,0.008265727122003408,1.795170139738525,1.7163520482931707
PART-FLOOR-1,169,Floor/S4R,-120.0,-10.0,0.0,0.008516502,-0.00023233502,-0.46036372,0.00621994,-0.0002335,-0.468304,0.008265727122003408,1.795170139738525,1.7163520482931707
PART-SUPPORTBEAM-2,29,SupportBeam/B31,-234.61539,10.0,-30.0,-0.0051076673,0.0017504547,-0.074892566,-0.00496769,0.00174571,-0.0831095,0.008218127555413674,10.944815942964537,10.906279954884603
PART-SUPPORTBEAM-2,319,SupportBeam/B31,234.61539,10.0,-30.0,0.0051076673,0.0017504547,-0.074892566,0.00496769,0.00174571,-0.0831095,0.008218127555413674,10.944815942964537,10.906279954884603
PART-SUPPORTBEAM-1,29,SupportBeam/B31,-234.61539,-10.0,-30.0,-0.0051076673,-0.0017504547,-0.074892566,-0.00496769,-0.00174571,-0.0831095,0.008218127555413674,10.944815942964537,10.906279954884603
PART-SUPPORTBEAM-1,319,SupportBeam/B31,234.61539,-10.0,-30.0,0.0051076673,-0.0017504547,-0.074892566,0.00496769,-0.00174571,-0.0831095,0.008218127555413674,10.944815942964537,10.906279954884603
PART-PIER-2,31,Pier/C3D8R,-18.25,-10.0,-15.0,-0.0009854463,0.0056694974,-0.006507165,-0.00234495,0.000954988,-0.0128607,0.00802759342450943,92.4132317347713,50.893656438028614
PART-PIER-2,262,Pier/C3D8R,18.25,-10.0,-15.0,0.0009854463,0.0056694974,-0.006507165,0.00234495,0.000954988,-0.0128607,0.00802759342450943,92.4132317347713,50.893656438028614
PART-PIER-1,135,Pier/C3D8R,-18.25,10.0,-15.0,-0.0009854463,-0.0056694974,-0.006507165,-0.00234495,-0.000954988,-0.0128607,0.00802759342450943,92.4132317347713,50.893656438028614
PART-PIER-1,197,Pier/C3D8R,18.25,10.0,-15.0,0.0009854463,-0.0056694974,-0.006507165,0.00234495,-0.000954988,-0.0128607,0.00802759342450943,92.4132317347713,50.893656438028614
PART-PIER-2,715,Pier/C3D8R,-12.5,-15.0,-25.0,-0.0005272212,0.0028339215,-0.00333003,-0.00179375,4.80769e-06,-0.0105371,0.007845370490681888,178.12834906182417,142.6855741939321
PART-PIER-2,793,Pier/C3D8R,12.5,-15.0,-25.0,0.0005272212,0.0028339215,-0.00333003,0.00179375,4.80769e-06,-0.0105371,0.007845370490681888,178.12834906182417,142.6855741939321
PART-PIER-1,715,Pier/C3D8R,-12.5,15.0,-25.0,-0.0005272212,-0.0028339215,-0.00333003,-0.00179375,-4.80769e-06,-0.0105371,0.007845370490681888,178.12834906182417,142.6855741939321
PART-PIER-1,793,Pier/C3D8R,12.5,15.0,-25.0,0.0005272212,-0.0028339215,-0.00333003,0.00179375,-4.80769e-06,-0.0105371,0.007845370490681888,178.12834906182417,142.6855741939321
PART-FLOOR-1,279,Floor/S4R,120.0,0.0,0.0,-0.008500329,6.6318957e-15,-0.45498917,-0.00621291,4.92933e-13,-0.462403,0.007758682939163137,1.7049481125891732,1.6208920363503914
PART-FLOOR-1,408,Floor/S4R,-120.0,0.0,0.0,0.008500329,4.145847e-15,-0.45498917,0.00621291,4.39032e-13,-0.462403,0.007758682939163137,1.7049481125891732,1.6208920363503914
PART-FLOOR-1,476,Floor/S4R,-245.0,-5.0,0.0,0.0017342891,0.0004649441,-0.18101642,0.00241055,0.000291551,-0.18874,0.007755068148533327,4.283968640550376,4.270282743540192
PART-FLOOR-1,478,Floor/S4R,-245.0,5.0,0.0,0.0017342891,-0.0004649441,-0.18101642,0.00241055,-0.000291551,-0.18874,0.007755068148533327,4.283968640550376,4.270282743540192
PART-FLOOR-1,503,Floor/S4R,245.0,5.0,0.0,-0.0017342891,-0.0004649441,-0.18101642,-0.00241055,-0.000291551,-0.18874,0.007755068148533327,4.283968640550376,4.270282743540192
PART-FLOOR-1,505,Floor/S4R,245.0,-5.0,0.0,-0.0017342891,0.0004649441,-0.18101642,-0.00241055,0.000291551,-0.18874,0.007755068148533327,4.283968640550376,4.270282743540192
PART-SUPPORTBEAM-2,79,SupportBeam/B31,-116.66666,10.0,-10.0,0.009844533,0.00095956447,-0.24182926,0.0124015,0.000235019,-0.249102,0.007743112648333776,3.1992174559901674,3.048845456473057
PART-SUPPORTBEAM-2,268,SupportBeam/B31,116.66666,10.0,-10.0,-0.009844533,0.00095956447,-0.24182926,-0.0124015,0.000235019,-0.249102,0.007743112648333776,3.1992174559901674,3.048845456473057
PART-SUPPORTBEAM-1,79,SupportBeam/B31,-116.66666,-10.0,-10.0,0.009844533,-0.00095956447,-0.24182926,0.0124015,-0.000235019,-0.249102,0.007743112648333776,3.1992174559901674,3.048845456473057
PART-SUPPORTBEAM-1,268,SupportBeam/B31,116.66666,-10.0,-10.0,-0.009844533,-0.00095956447,-0.24182926,-0.0124015,-0.000235019,-0.249102,0.007743112648333776,3.1992174559901674,3.048845456473057
PART-PIER-2,282,Pier/C3D8R,-12.5,-10.0,-25.0,-0.0006875949,0.0030595174,-0.0047736885,-0.00195043,0.000231131,-0.0117763,0.007657094092240818,134.06388020843542,109.0327874306424
PART-PIER-2,598,Pier/C3D8R,12.5,-10.0,-25.0,0.0006875949,0.0030595174,-0.0047736885,0.00195043,0.000231131,-0.0117763,0.007657094092240818,134.06388020843542,109.0327874306424
PART-PIER-1,360,Pier/C3D8R,-12.5,10.0,-25.0,-0.0006875949,-0.0030595174,-0.0047736885,-0.00195043,-0.000231131,-0.0117763,0.007657094092240818,134.06388020843542,109.0327874306424
PART-PIER-1,520,Pier/C3D8R,12.5,10.0,-25.0,0.0006875949,-0.0030595174,-0.0047736885,0.00195043,-0.000231131,-0.0117763,0.007657094092240818,134.06388020843542,109.0327874306424
PART-PIER-2,285,Pier/C3D8R,-6.08333,-10.0,-15.0,-0.00033088986,0.0060992576,-0.0066832625,-0.00071383,0.00114128,-0.0124733,0.007632346905397528,84.29728817204149,38.56430339835072
PART-PIER-2,601,Pier/C3D8R,6.08333,-10.0,-15.0,0.00033088986,0.0060992576,-0.0066832625,0.00071383,0.00114128,-0.0124733,0.007632346905397528,84.29728817204149,38.56430339835072
PART-PIER-1,363,Pier/C3D8R,-6.08333,10.0,-15.0,-0.00033088986,-0.0060992576,-0.0066832625,-0.00071383,-0.00114128,-0.0124733,0.007632346905397528,84.29728817204149,38.56430339835072
PART-PIER-1,523,Pier/C3D8R,6.08333,10.0,-15.0,0.00033088986,-0.0060992576,-0.0066832625,0.00071383,-0.00114128,-0.0124733,0.007632346905397528,84.29728817204149,38.56430339835072
PART-PIER-2,29,Pier/C3D8R,-18.75,-10.0,-25.0,-0.0010339548,0.0028034844,-0.00476791,-0.00219518,0.000631434,-0.01194,0.007583213162858814,134.76811594044597,116.04458015033153
PART-PIER-2,264,Pier/C3D8R,18.75,-10.0,-25.0,0.0010339548,0.0028034844,-0.00476791,0.00219518,0.000631434,-0.01194,0.007583213162858814,134.76811594044597,116.04458015033153
PART-PIER-1,137,Pier/C3D8R,-18.75,10.0,-25.0,-0.0010339548,-0.0028034844,-0.00476791,-0.00219518,-0.000631434,-0.01194,0.007583213162858814,134.76811594044597,116.04458015033153
PART-PIER-1,195,Pier/C3D8R,18.75,10.0,-25.0,0.0010339548,-0.0028034844,-0.00476791,0.00219518,-0.000631434,-0.01194,0.007583213162858814,134.76811594044597,116.04458015033153
PART-SUPPORTBEAM-2,101,SupportBeam/B31,-93.33334,10.0,-4.0,0.0035304225,0.000466696,-0.24077228,0.00225671,0.000106263,-0.233555,0.007337668981259999,3.04722226567442,3.003625023151017
PART-SUPPORTBEAM-2,236,SupportBeam/B31,93.33334,10.0,-4.0,-0.0035304225,0.000466696,-0.24077228,-0.00225671,0.000106263,-0.233555,0.007337668981259999,3.04722226567442,3.003625023151017
PART-SUPPORTBEAM-1,101,SupportBeam/B31,-93.33334,-10.0,-4.0,0.0035304225,-0.000466696,-0.24077228,0.00225671,-0.000106263,-0.233555,0.007337668981259999,3.04722226567442,3.003625023151017
PART-SUPPORTBEAM-1,236,SupportBeam/B31,93.33334,-10.0,-4.0,-0.0035304225,-0.000466696,-0.24077228,-0.00225671,-0.000106263,-0.233555,0.007337668981259999,3.04722226567442,3.003625023151017
PART-PIER-2,356,Pier/C3D8R,-12.83333,-20.0,-35.0,-0.00038968088,0.00083184044,-0.0016151466,-0.0018027,-0.00105294,-0.00833225,0.007118180836898127,383.09074034046614,362.29169340921914
PART-PIER-2,516,Pier/C3D8R,12.83333,-20.0,-35.0,0.00038968088,0.00083184044,-0.0016151466,0.0018027,-0.00105294,-0.00833225,0.007118180836898127,383.09074034046614,362.29169340921914
PART-PIER-1,278,Pier/C3D8R,-12.83333,20.0,-35.0,-0.00038968088,-0.00083184044,-0.0016151466,-0.0018027,0.00105294,-0.00833225,0.007118180836898127,383.09074034046614,362.29169340921914
PART-PIER-1,594,Pier/C3D8R,12.83333,20.0,-35.0,0.00038968088,-0.00083184044,-0.0016151466,0.0018027,0.00105294,-0.00833225,0.007118180836898127,383.09074034046614,362.29169340921914
PART-FLOOR-1,70,Floor/S4R,85.0,10.0,0.0,-0.00614077,0.00024061117,-0.3983875,-0.00397441,0.000149016,-0.404794,0.006763486347644024,1.6975135459889596,1.600924300515845
PART-FLOOR-1,86,Floor/S4R,85.0,-10.0,0.0,-0.00614077,-0.00024061117,-0.3983875,-0.00397441,-0.000149016,-0.404794,0.006763486347644024,1.6975135459889596,1.600924300515845
PART-FLOOR-1,137,Floor/S4R,-85.0,10.0,0.0,0.00614077,0.00024061117,-0.3983875,0.00397441,0.000149016,-0.404794,0.006763486347644024,1.6975135459889596,1.600924300515845
PART-FLOOR-1,145,Floor/S4R,-85.0,-10.0,0.0,0.00614077,-0.00024061117,-0.3983875,0.00397441,-0.000149016,-0.404794,0.006763486347644024,1.6975135459889596,1.600924300515845
PART-FLOOR-1,477,Floor/S4R,-245.0,0.0,0.0,0.0023724427,3.5784958e-17,-0.17832264,0.00232774,5.70548e-15,-0.184943,0.006620510921446107,3.7123301208122945,3.711610264306907
PART-FLOOR-1,504,Floor/S4R,245.0,0.0,0.0,-0.0023724427,-1.14227646e-17,-0.17832264,-0.00232774,6.11785e-15,-0.184943,0.006620510921446107,3.7123301208122945,3.711610264306907
PART-SUPPORTBEAM-2,44,SupportBeam/B31,-240.0,10.0,-24.0,0.01696895,0.0012083725,-0.05643587,0.0160092,0.00162305,-0.0629395,0.006587129926485904,11.17520550639364,10.212647776469225
PART-SUPPORTBEAM-2,341,SupportBeam/B31,240.0,10.0,-24.0,-0.01696895,0.0012083725,-0.05643587,-0.0160092,0.00162305,-0.0629395,0.006587129926485904,11.17520550639364,10.212647776469225
PART-SUPPORTBEAM-1,44,SupportBeam/B31,-240.0,-10.0,-24.0,0.01696895,-0.0012083725,-0.05643587,0.0160092,-0.00162305,-0.0629395,0.006587129926485904,11.17520550639364,10.212647776469225
PART-SUPPORTBEAM-1,341,SupportBeam/B31,240.0,-10.0,-24.0,-0.01696895,-0.0012083725,-0.05643587,-0.0160092,-0.00162305,-0.0629395,0.006587129926485904,11.17520550639364,10.212647776469225
PART-SUPPORTBEAM-2,78,SupportBeam/B31,-113.33334,10.0,-8.0,0.009219942,0.00079439627,-0.24011943,0.0108763,0.000225232,-0.246302,0.0064258572654011395,2.674123628771913,2.598625690374212
PART-SUPPORTBEAM-2,267,SupportBeam/B31,113.33334,10.0,-8.0,-0.009219942,0.00079439627,-0.24011943,-0.0108763,0.000225232,-0.246302,0.0064258572654011395,2.674123628771913,2.598625690374212
PART-SUPPORTBEAM-1,78,SupportBeam/B31,-113.33334,-10.0,-8.0,0.009219942,-0.00079439627,-0.24011943,0.0108763,-0.000225232,-0.246302,0.0064258572654011395,2.674123628771913,2.598625690374212
PART-SUPPORTBEAM-1,267,SupportBeam/B31,113.33334,-10.0,-8.0,-0.009219942,-0.00079439627,-0.24011943,-0.0108763,-0.000225232,-0.246302,0.0064258572654011395,2.674123628771913,2.598625690374212
PART-SUPPORTBEAM-2,30,SupportBeam/B31,-238.46153,10.0,-30.0,-0.004829629,0.0017116347,-0.058884636,-0.00504842,0.00184111,-0.0652678,0.006388224792999001,10.807871168779409,10.796474025960613
PART-SUPPORTBEAM-2,320,SupportBeam/B31,238.46153,10.0,-30.0,0.004829629,0.0017116347,-0.058884636,0.00504842,0.00184111,-0.0652678,0.006388224792999001,10.807871168779409,10.796474025960613
PART-SUPPORTBEAM-1,30,SupportBeam/B31,-238.46153,-10.0,-30.0,-0.004829629,-0.0017116347,-0.058884636,-0.00504842,-0.00184111,-0.0652678,0.006388224792999001,10.807871168779409,10.796474025960613
PART-SUPPORTBEAM-1,320,SupportBeam/B31,238.46153,-10.0,-30.0,0.004829629,-0.0017116347,-0.058884636,0.00504842,-0.00184111,-0.0652678,0.006388224792999001,10.807871168779409,10.796474025960613
PART-PIER-2,98,Pier/C3D8R,0.0,-10.0,-25.0,2.4274193e-16,0.003261017,-0.0048324647,-1.06821e-15,0.00144894,-0.0108057,0.006242047981479724,107.07079464051634,87.01071851420934
PART-PIER-1,146,Pier/C3D8R,0.0,10.0,-25.0,-7.532615e-16,-0.003261017,-0.0048324647,-2.3005e-15,-0.00144894,-0.0108057,0.006242047981479724,107.07079464051634,87.01071851420934
PART-SUPPORTBEAM-2,136,SupportBeam/B31,-100.0,10.0,-11.25,0.0012326252,0.0010629105,-0.23533837,0.007207,0.000112967,-0.234642,0.006089374194526666,2.587435514991189,0.25125610298898193
PART-SUPPORTBEAM-2,240,SupportBeam/B31,100.0,10.0,-11.25,-0.0012326252,0.0010629105,-0.23533837,-0.007207,0.000112967,-0.234642,0.006089374194526666,2.587435514991189,0.25125610298898193
PART-SUPPORTBEAM-1,136,SupportBeam/B31,-100.0,-10.0,-11.25,0.0012326252,-0.0010629105,-0.23533837,0.007207,-0.000112967,-0.234642,0.006089374194526666,2.587435514991189,0.25125610298898193
PART-SUPPORTBEAM-1,240,SupportBeam/B31,100.0,-10.0,-11.25,-0.0012326252,-0.0010629105,-0.23533837,-0.007207,-0.000112967,-0.234642,0.006089374194526666,2.587435514991189,0.25125610298898193
PART-FLOOR-1,281,Floor/S4R,115.0,-5.0,0.0,-0.008258129,-9.55317e-05,-0.41484925,-0.00582214,-0.000107917,-0.420423,0.006082835265423268,1.465985599175658,1.333202843322293
PART-FLOOR-1,283,Floor/S4R,115.0,5.0,0.0,-0.008258129,9.55317e-05,-0.41484925,-0.00582214,0.000107917,-0.420423,0.006082835265423268,1.465985599175658,1.333202843322293
PART-FLOOR-1,404,Floor/S4R,-115.0,-5.0,0.0,0.008258129,-9.55317e-05,-0.41484925,0.00582214,-0.000107917,-0.420423,0.006082835265423268,1.465985599175658,1.333202843322293
PART-FLOOR-1,406,Floor/S4R,-115.0,5.0,0.0,0.008258129,9.55317e-05,-0.41484925,0.00582214,0.000107917,-0.420423,0.006082835265423268,1.465985599175658,1.333202843322293
PART-PIER-2,355,Pier/C3D8R,-6.41667,-20.0,-35.0,-0.0002206972,0.0009319637,-0.0016683528,-0.000756652,-0.00100817,-0.00737892,0.00605491073982388,314.7515511103495,289.1339128051988
PART-PIER-2,515,Pier/C3D8R,6.41667,-20.0,-35.0,0.0002206972,0.0009319637,-0.0016683528,0.000756652,-0.00100817,-0.00737892,0.00605491073982388,314.7515511103495,289.1339128051988
PART-PIER-1,277,Pier/C3D8R,-6.41667,20.0,-35.0,-0.0002206972,-0.0009319637,-0.0016683528,-0.000756652,0.00100817,-0.00737892,0.00605491073982388,314.7515511103495,289.1339128051988
PART-PIER-1,593,Pier/C3D8R,6.41667,20.0,-35.0,0.0002206972,-0.0009319637,-0.0016683528,0.000756652,0.00100817,-0.00737892,0.00605491073982388,314.7515511103495,289.1339128051988
PART-FLOOR-1,202,Floor/S4R,-245.0,10.0,0.0,0.0024458377,6.690919e-05,-0.18883553,0.00241291,-0.000478123,-0.194864,0.006053147516991766,3.205243983290683,3.192004317852805
PART-FLOOR-1,206,Floor/S4R,-245.0,-10.0,0.0,0.0024458377,-6.690919e-05,-0.18883553,0.00241291,0.000478123,-0.194864,0.006053147516991766,3.205243983290683,3.192004317852805
PART-FLOOR-1,223,Floor/S4R,245.0,-10.0,0.0,-0.0024458377,-6.690919e-05,-0.18883553,-0.00241291,0.000478123,-0.194864,0.006053147516991766,3.205243983290683,3.192004317852805
PART-FLOOR-1,227,Floor/S4R,245.0,10.0,0.0,-0.0024458377,6.690919e-05,-0.18883553,-0.00241291,-0.000478123,-0.194864,0.006053147516991766,3.205243983290683,3.192004317852805
PART-FLOOR-1,297,Floor/S4R,85.0,0.0,0.0,-0.006159974,7.605693e-15,-0.40280682,-0.00396583,5.88984e-13,-0.408421,0.006027709761189207,1.4962519878410692,1.3866901530797087
PART-FLOOR-1,390,Floor/S4R,-85.0,0.0,0.0,0.006159974,4.9106015e-15,-0.40280682,0.00396583,5.40555e-13,-0.408421,0.006027709761189207,1.4962519878410692,1.3866901530797087
PART-PIER-2,431,Pier/C3D8R,0.0,-15.0,-35.0,1.3504987e-17,0.0010945881,-0.0018206072,3.33241e-16,-0.000439713,-0.00750534,0.00588814630192364,277.177989250922,253.9114215420505
PART-PIER-1,431,Pier/C3D8R,0.0,15.0,-35.0,-2.2758796e-16,-0.0010945881,-0.0018206072,3.79538e-16,0.000439713,-0.00750534,0.00588814630192364,277.177989250922,253.9114215420505
PART-PIER-2,470,Pier/C3D8R,-19.25,-15.0,-35.0,-0.00080585893,0.00076335383,-0.0019251901,-0.00270925,-0.000419369,-0.00730414,0.0058270775595206355,262.2131007437865,251.06883484505835
PART-PIER-2,669,Pier/C3D8R,19.25,-15.0,-35.0,0.00080585893,0.00076335383,-0.0019251901,0.00270925,-0.000419369,-0.00730414,0.0058270775595206355,262.2131007437865,251.06883484505835
PART-PIER-1,470,Pier/C3D8R,-19.25,15.0,-35.0,-0.00080585893,-0.00076335383,-0.0019251901,-0.00270925,0.000419369,-0.00730414,0.0058270775595206355,262.2131007437865,251.06883484505835
PART-PIER-1,669,Pier/C3D8R,19.25,15.0,-35.0,0.00080585893,-0.00076335383,-0.0019251901,0.00270925,0.000419369,-0.00730414,0.0058270775595206355,262.2131007437865,251.06883484505835
PART-FLOOR-1,69,Floor/S4R,90.0,10.0,0.0,-0.0070779175,0.00012090525,-0.3351718,-0.0041922,0.000176929,-0.330151,0.0057912811009629625,1.7274692785381056,1.5119870639177857
PART-FLOOR-1,87,Floor/S4R,90.0,-10.0,0.0,-0.0070779175,-0.00012090525,-0.3351718,-0.0041922,-0.000176929,-0.330151,0.0057912811009629625,1.7274692785381056,1.5119870639177857
PART-FLOOR-1,138,Floor/S4R,-90.0,10.0,0.0,0.0070779175,0.00012090525,-0.3351718,0.0041922,0.000176929,-0.330151,0.0057912811009629625,1.7274692785381056,1.5119870639177857
PART-FLOOR-1,144,Floor/S4R,-90.0,-10.0,0.0,0.0070779175,-0.00012090525,-0.3351718,0.0041922,-0.000176929,-0.330151,0.0057912811009629625,1.7274692785381056,1.5119870639177857
PART-PIER-2,277,Pier/C3D8R,-6.41667,-10.0,-35.0,-0.00032784283,0.0013583401,-0.0031015393,-0.000896166,0.000299036,-0.00850559,0.005536143095152631,162.74248408030164,151.57105883111515
PART-PIER-2,593,Pier/C3D8R,6.41667,-10.0,-35.0,0.00032784283,0.0013583401,-0.0031015393,0.000896166,0.000299036,-0.00850559,0.005536143095152631,162.74248408030164,151.57105883111515
PART-PIER-1,355,Pier/C3D8R,-6.41667,10.0,-35.0,-0.00032784283,-0.0013583401,-0.0031015393,-0.000896166,-0.000299036,-0.00850559,0.005536143095152631,162.74248408030164,151.57105883111515
PART-PIER-1,515,Pier/C3D8R,6.41667,10.0,-35.0,0.00032784283,-0.0013583401,-0.0031015393,0.000896166,-0.000299036,-0.00850559,0.005536143095152631,162.74248408030164,151.57105883111515
PART-FLOOR-1,294,Floor/S4R,90.0,0.0,0.0,-0.007078502,7.502991e-15,-0.35502446,-0.00421195,5.76974e-13,-0.350304,0.005522668103399283,1.5552648758052048,1.342090952981668
PART-FLOOR-1,393,Floor/S4R,-90.0,0.0,0.0,0.007078502,4.804807e-15,-0.35502446,0.00421195,5.27139e-13,-0.350304,0.005522668103399283,1.5552648758052048,1.342090952981668
PART-PIER-2,139,Pier/C3D8R,-19.25,-20.0,-35.0,-0.00060231984,0.0006343464,-0.0017090177,-0.00254581,-0.000813596,-0.00660017,0.005458668520576229,284.3239303022987,270.89715553088183
PART-PIER-2,193,Pier/C3D8R,19.25,-20.0,-35.0,0.00060231984,0.0006343464,-0.0017090177,0.00254581,-0.000813596,-0.00660017,0.005458668520576229,284.3239303022987,270.89715553088183
PART-PIER-1,27,Pier/C3D8R,-19.25,20.0,-35.0,-0.00060231984,-0.0006343464,-0.0017090177,-0.00254581,0.000813596,-0.00660017,0.005458668520576229,284.3239303022987,270.89715553088183
PART-PIER-1,266,Pier/C3D8R,19.25,20.0,-35.0,0.00060231984,-0.0006343464,-0.0017090177,0.00254581,0.000813596,-0.00660017,0.005458668520576229,284.3239303022987,270.89715553088183
PART-PIER-2,710,Pier/C3D8R,-6.41667,-15.0,-35.0,-0.00026863485,0.001067029,-0.0019485232,-0.00107385,-0.000324103,-0.00667496,0.004992276485092524,223.09506422579977,202.47331171811788
PART-PIER-2,788,Pier/C3D8R,6.41667,-15.0,-35.0,0.00026863485,0.001067029,-0.0019485232,0.00107385,-0.000324103,-0.00667496,0.004992276485092524,223.09506422579977,202.47331171811788
PART-PIER-1,710,Pier/C3D8R,-6.41667,15.0,-35.0,-0.00026863485,-0.001067029,-0.0019485232,-0.00107385,0.000324103,-0.00667496,0.004992276485092524,223.09506422579977,202.47331171811788
PART-PIER-1,788,Pier/C3D8R,6.41667,15.0,-35.0,0.00026863485,-0.001067029,-0.0019485232,0.00107385,0.000324103,-0.00667496,0.004992276485092524,223.09506422579977,202.47331171811788
PART-PIER-2,144,Pier/C3D8R,0.0,-20.0,-35.0,-8.3889825e-17,0.0009549415,-0.0015490698,-1.62185e-15,-0.000557719,-0.00630239,0.004988205560318087,274.113207535107,247.68404547599232
PART-PIER-1,100,Pier/C3D8R,0.0,20.0,-35.0,-1.4987466e-16,-0.0009549415,-0.0015490698,-6.8277e-15,0.000557719,-0.00630239,0.004988205560318087,274.113207535107,247.68404547599232
PART-PIER-2,27,Pier/C3D8R,-19.25,-10.0,-35.0,-0.0010173994,0.0010243377,-0.003040803,-0.00287832,3.77117e-06,-0.00753689,0.004971858790556063,147.70238195491666,139.67570765164245
PART-PIER-2,266,Pier/C3D8R,19.25,-10.0,-35.0,0.0010173994,0.0010243377,-0.003040803,0.00287832,3.77117e-06,-0.00753689,0.004971858790556063,147.70238195491666,139.67570765164245
PART-PIER-1,139,Pier/C3D8R,-19.25,10.0,-35.0,-0.0010173994,-0.0010243377,-0.003040803,-0.00287832,-3.77117e-06,-0.00753689,0.004971858790556063,147.70238195491666,139.67570765164245
PART-PIER-1,193,Pier/C3D8R,19.25,10.0,-35.0,0.0010173994,-0.0010243377,-0.003040803,0.00287832,-3.77117e-06,-0.00753689,0.004971858790556063,147.70238195491666,139.67570765164245
PART-SUPPORTBEAM-2,77,SupportBeam/B31,-110.0,10.0,-6.0,0.008387914,0.0006285711,-0.23805802,0.00901088,0.000215787,-0.242929,0.004927973570421089,2.0687814932605915,2.052663952543149
PART-SUPPORTBEAM-2,266,SupportBeam/B31,110.0,10.0,-6.0,-0.008387914,0.0006285711,-0.23805802,-0.00901088,0.000215787,-0.242929,0.004927973570421089,2.0687814932605915,2.052663952543149
PART-SUPPORTBEAM-1,77,SupportBeam/B31,-110.0,-10.0,-6.0,0.008387914,-0.0006285711,-0.23805802,0.00901088,-0.000215787,-0.242929,0.004927973570421089,2.0687814932605915,2.052663952543149
PART-SUPPORTBEAM-1,266,SupportBeam/B31,110.0,-10.0,-6.0,-0.008387914,-0.0006285711,-0.23805802,-0.00901088,-0.000215787,-0.242929,0.004927973570421089,2.0687814932605915,2.052663952543149
PART-SUPPORTBEAM-2,45,SupportBeam/B31,-243.33333,10.0,-26.0,0.010553368,0.0013374506,-0.039350197,0.00952158,0.00179216,-0.0440617,0.004844544110068702,11.884738393831242,10.675511956412825
PART-SUPPORTBEAM-2,342,SupportBeam/B31,243.33333,10.0,-26.0,-0.010553368,0.0013374506,-0.039350197,-0.00952158,0.00179216,-0.0440617,0.004844544110068702,11.884738393831242,10.675511956412825
PART-SUPPORTBEAM-1,45,SupportBeam/B31,-243.33333,-10.0,-26.0,0.010553368,-0.0013374506,-0.039350197,0.00952158,-0.00179216,-0.0440617,0.004844544110068702,11.884738393831242,10.675511956412825
PART-SUPPORTBEAM-1,342,SupportBeam/B31,243.33333,-10.0,-26.0,-0.010553368,-0.0013374506,-0.039350197,-0.00952158,-0.00179216,-0.0440617,0.004844544110068702,11.884738393831242,10.675511956412825
PART-FLOOR-1,303,Floor/S4R,75.0,0.0,0.0,-0.0054696826,7.782579e-15,-0.4531062,-0.00351152,6.11832e-13,-0.448771,0.004756927559679577,1.0497717761883705,0.9609572978276592
PART-FLOOR-1,384,Floor/S4R,-75.0,0.0,0.0,0.0054696826,5.1141118e-15,-0.4531062,0.00351152,5.66711e-13,-0.448771,0.004756927559679577,1.0497717761883705,0.9609572978276592
PART-PIER-2,138,Pier/C3D8R,-19.0,-20.0,-30.0,-0.0005554981,0.0013504245,-0.0016210374,-0.00246023,-0.00115866,-0.00505119,0.004657193951115265,213.4624325054515,162.94165275184292
PART-PIER-2,194,Pier/C3D8R,19.0,-20.0,-30.0,0.0005554981,0.0013504245,-0.0016210374,0.00246023,-0.00115866,-0.00505119,0.004657193951115265,213.4624325054515,162.94165275184292
PART-PIER-1,28,Pier/C3D8R,-19.0,20.0,-30.0,-0.0005554981,-0.0013504245,-0.0016210374,-0.00246023,0.00115866,-0.00505119,0.004657193951115265,213.4624325054515,162.94165275184292
PART-PIER-1,265,Pier/C3D8R,19.0,20.0,-30.0,0.0005554981,-0.0013504245,-0.0016210374,0.00246023,0.00115866,-0.00505119,0.004657193951115265,213.4624325054515,162.94165275184292
PART-FLOOR-1,285,Floor/S4R,110.0,0.0,0.0,-0.008047986,6.9548274e-15,-0.36492765,-0.00544981,5.24827e-13,-0.368785,0.004650770640385941,1.2741265482254354,1.0434827004822198
PART-FLOOR-1,402,Floor/S4R,-110.0,0.0,0.0,0.008047986,4.4033283e-15,-0.36492765,0.00544981,4.71247e-13,-0.368785,0.004650770640385941,1.2741265482254354,1.0434827004822198
PART-SUPPORTBEAM-2,31,SupportBeam/B31,-242.30769,10.0,-30.0,-0.00455159,0.0016728193,-0.041137397,-0.00512914,0.00193746,-0.0456696,0.004576512070977796,11.048445769741294,11.045569022748161
PART-SUPPORTBEAM-2,321,SupportBeam/B31,242.30769,10.0,-30.0,0.00455159,0.0016728193,-0.041137397,0.00512914,0.00193746,-0.0456696,0.004576512070977796,11.048445769741294,11.045569022748161
PART-SUPPORTBEAM-1,31,SupportBeam/B31,-242.30769,-10.0,-30.0,-0.00455159,-0.0016728193,-0.041137397,-0.00512914,-0.00193746,-0.0456696,0.004576512070977796,11.048445769741294,11.045569022748161
PART-SUPPORTBEAM-1,321,SupportBeam/B31,242.30769,-10.0,-30.0,0.00455159,-0.0016728193,-0.041137397,0.00512914,-0.00193746,-0.0456696,0.004576512070977796,11.048445769741294,11.045569022748161
PART-SUPPORTBEAM-2,102,SupportBeam/B31,-96.66666,10.0,-2.0,0.005990137,0.00029857614,-0.23735256,0.00356466,0.000146957,-0.233499,0.0045558590534325325,1.918835542972659,1.6434723921660934
PART-SUPPORTBEAM-2,237,SupportBeam/B31,96.66666,10.0,-2.0,-0.005990137,0.00029857614,-0.23735256,-0.00356466,0.000146957,-0.233499,0.0045558590534325325,1.918835542972659,1.6434723921660934
PART-SUPPORTBEAM-1,102,SupportBeam/B31,-96.66666,-10.0,-2.0,0.005990137,-0.00029857614,-0.23735256,0.00356466,-0.000146957,-0.233499,0.0045558590534325325,1.918835542972659,1.6434723921660934
PART-SUPPORTBEAM-1,237,SupportBeam/B31,96.66666,-10.0,-2.0,-0.005990137,-0.00029857614,-0.23735256,-0.00356466,-0.000146957,-0.233499,0.0045558590534325325,1.918835542972659,1.6434723921660934
PART-PIER-2,143,Pier/C3D8R,0.0,-20.0,-40.0,-4.7384648e-17,0.00032887072,-0.00072146446,-2.38807e-16,-0.00141744,-0.00483997,0.0044734426355769455,564.1980348377589,536.0640287414699
PART-PIER-1,101,Pier/C3D8R,0.0,20.0,-40.0,-6.0656e-17,-0.00032887072,-0.00072146446,-1.81037e-15,0.00141744,-0.00483997,0.0044734426355769455,564.1980348377589,536.0640287414699
PART-PIER-2,278,Pier/C3D8R,-12.83333,-10.0,-35.0,-0.000627804,0.0012398297,-0.0029530493,-0.00177174,0.000562367,-0.00721067,0.004460367620169416,136.66548039994802,128.15781794378253
PART-PIER-2,594,Pier/C3D8R,12.83333,-10.0,-35.0,0.000627804,0.0012398297,-0.0029530493,0.00177174,0.000562367,-0.00721067,0.004460367620169416,136.66548039994802,128.15781794378253
PART-PIER-1,356,Pier/C3D8R,-12.83333,10.0,-35.0,-0.000627804,-0.0012398297,-0.0029530493,-0.00177174,-0.000562367,-0.00721067,0.004460367620169416,136.66548039994802,128.15781794378253
PART-PIER-1,516,Pier/C3D8R,12.83333,10.0,-35.0,0.000627804,-0.0012398297,-0.0029530493,0.00177174,-0.000562367,-0.00721067,0.004460367620169416,136.66548039994802,128.15781794378253
PART-PIER-2,709,Pier/C3D8R,-13.0,-15.0,-40.0,-0.00047723964,0.0004364778,-0.0017046762,-0.00169322,-0.000257852,-0.00588063,0.004404462764833891,241.57385295995653,235.93955454189302
PART-PIER-2,787,Pier/C3D8R,13.0,-15.0,-40.0,0.00047723964,0.0004364778,-0.0017046762,0.00169322,-0.000257852,-0.00588063,0.004404462764833891,241.57385295995653,235.93955454189302
PART-PIER-1,709,Pier/C3D8R,-13.0,15.0,-40.0,-0.00047723964,-0.0004364778,-0.0017046762,-0.00169322,0.000257852,-0.00588063,0.004404462764833891,241.57385295995653,235.93955454189302
PART-PIER-1,787,Pier/C3D8R,13.0,15.0,-40.0,0.00047723964,-0.0004364778,-0.0017046762,0.00169322,0.000257852,-0.00588063,0.004404462764833891,241.57385295995653,235.93955454189302
PART-PIER-2,140,Pier/C3D8R,-19.5,-20.0,-40.0,-0.0005129592,0.00014644144,-0.00078307535,-0.00223709,-0.000883688,-0.0046699,0.004375065661051384,461.74244255183476,454.3935395862388
PART-PIER-2,192,Pier/C3D8R,19.5,-20.0,-40.0,0.0005129592,0.00014644144,-0.00078307535,0.00223709,-0.000883688,-0.0046699,0.004375065661051384,461.74244255183476,454.3935395862388
PART-PIER-1,26,Pier/C3D8R,-19.5,20.0,-40.0,-0.0005129592,-0.00014644144,-0.00078307535,-0.00223709,0.000883688,-0.0046699,0.004375065661051384,461.74244255183476,454.3935395862388
PART-PIER-1,267,Pier/C3D8R,19.5,20.0,-40.0,0.0005129592,-0.00014644144,-0.00078307535,0.00223709,0.000883688,-0.0046699,0.004375065661051384,461.74244255183476,454.3935395862388
PART-FLOOR-1,54,Floor/S4R,110.0,10.0,0.0,-0.00804837,0.00014333299,-0.3456851,-0.0054301,0.000194468,-0.348869,0.004122520077834364,1.192241966083568,0.9059263745215121
PART-FLOOR-1,60,Floor/S4R,110.0,-10.0,0.0,-0.00804837,-0.00014333299,-0.3456851,-0.0054301,-0.000194468,-0.348869,0.004122520077834364,1.192241966083568,0.9059263745215121
PART-FLOOR-1,153,Floor/S4R,-110.0,10.0,0.0,0.00804837,0.00014333299,-0.3456851,0.0054301,0.000194468,-0.348869,0.004122520077834364,1.192241966083568,0.9059263745215121
PART-FLOOR-1,171,Floor/S4R,-110.0,-10.0,0.0,0.00804837,-0.00014333299,-0.3456851,0.0054301,-0.000194468,-0.348869,0.004122520077834364,1.192241966083568,0.9059263745215121
PART-PIER-2,357,Pier/C3D8R,-6.33333,-20.0,-30.0,-0.00020324046,0.0016879748,-0.0016574013,-0.000803024,-0.00118635,-0.00447892,0.004072155587057015,171.50601835277453,98.05181064720371
PART-PIER-2,517,Pier/C3D8R,6.33333,-20.0,-30.0,0.00020324046,0.0016879748,-0.0016574013,0.000803024,-0.00118635,-0.00447892,0.004072155587057015,171.50601835277453,98.05181064720371
PART-PIER-1,279,Pier/C3D8R,-6.33333,20.0,-30.0,-0.00020324046,-0.0016879748,-0.0016574013,-0.000803024,0.00118635,-0.00447892,0.004072155587057015,171.50601835277453,98.05181064720371
PART-PIER-1,595,Pier/C3D8R,6.33333,20.0,-30.0,0.00020324046,-0.0016879748,-0.0016574013,0.000803024,0.00118635,-0.00447892,0.004072155587057015,171.50601835277453,98.05181064720371
PART-PIER-2,713,Pier/C3D8R,-12.66667,-15.0,-30.0,-0.00054936507,0.0018038484,-0.0030608939,-0.00177133,-0.000440077,-0.00621577,0.004059758945709249,112.92479161282178,80.19527457899957
PART-PIER-2,791,Pier/C3D8R,12.66667,-15.0,-30.0,0.00054936507,0.0018038484,-0.0030608939,0.00177133,-0.000440077,-0.00621577,0.004059758945709249,112.92479161282178,80.19527457899957
PART-PIER-1,713,Pier/C3D8R,-12.66667,15.0,-30.0,-0.00054936507,-0.0018038484,-0.0030608939,-0.00177133,0.000440077,-0.00621577,0.004059758945709249,112.92479161282178,80.19527457899957
PART-PIER-1,791,Pier/C3D8R,12.66667,15.0,-30.0,0.00054936507,-0.0018038484,-0.0030608939,0.00177133,0.000440077,-0.00621577,0.004059758945709249,112.92479161282178,80.19527457899957
PART-FLOOR-1,290,Floor/S4R,95.0,-5.0,0.0,-0.007382157,-3.1662585e-05,-0.30248502,-0.00443994,-0.000140254,-0.29988,0.003931229091632892,1.2992573522126496,0.8798443704731284
PART-FLOOR-1,292,Floor/S4R,95.0,5.0,0.0,-0.007382157,3.1662585e-05,-0.30248502,-0.00443994,0.000140254,-0.29988,0.003931229091632892,1.2992573522126496,0.8798443704731284
PART-FLOOR-1,395,Floor/S4R,-95.0,-5.0,0.0,0.007382157,-3.1662585e-05,-0.30248502,0.00443994,-0.000140254,-0.29988,0.003931229091632892,1.2992573522126496,0.8798443704731284
PART-FLOOR-1,397,Floor/S4R,-95.0,5.0,0.0,0.007382157,3.1662585e-05,-0.30248502,0.00443994,0.000140254,-0.29988,0.003931229091632892,1.2992573522126496,0.8798443704731284
PART-PIER-2,711,Pier/C3D8R,-12.83333,-15.0,-35.0,-0.0005054261,0.0009666691,-0.0018413502,-0.00154452,-0.000209653,-0.00544495,0.00393057010299087,183.65395105990447,164.63144323779602
PART-PIER-2,789,Pier/C3D8R,12.83333,-15.0,-35.0,0.0005054261,0.0009666691,-0.0018413502,0.00154452,-0.000209653,-0.00544495,0.00393057010299087,183.65395105990447,164.63144323779602
PART-PIER-1,711,Pier/C3D8R,-12.83333,15.0,-35.0,-0.0005054261,-0.0009666691,-0.0018413502,-0.00154452,0.000209653,-0.00544495,0.00393057010299087,183.65395105990447,164.63144323779602
PART-PIER-1,789,Pier/C3D8R,12.83333,15.0,-35.0,0.0005054261,-0.0009666691,-0.0018413502,0.00154452,0.000209653,-0.00544495,0.00393057010299087,183.65395105990447,164.63144323779602
PART-PIER-2,469,Pier/C3D8R,-19.5,-15.0,-40.0,-0.00066562137,0.0002728379,-0.0016336119,-0.00224655,-0.000199212,-0.00481209,0.0035811854843645413,200.6280492694233,197.7277699888634
PART-PIER-2,668,Pier/C3D8R,19.5,-15.0,-40.0,0.00066562137,0.0002728379,-0.0016336119,0.00224655,-0.000199212,-0.00481209,0.0035811854843645413,200.6280492694233,197.7277699888634
PART-PIER-1,469,Pier/C3D8R,-19.5,15.0,-40.0,-0.00066562137,-0.0002728379,-0.0016336119,-0.00224655,0.000199212,-0.00481209,0.0035811854843645413,200.6280492694233,197.7277699888634
PART-PIER-1,668,Pier/C3D8R,19.5,15.0,-40.0,0.00066562137,-0.0002728379,-0.0016336119,0.00224655,0.000199212,-0.00481209,0.0035811854843645413,200.6280492694233,197.7277699888634
PART-PIER-2,101,Pier/C3D8R,0.0,-10.0,-40.0,7.199443e-17,0.00072079676,-0.0017196669,7.31929e-16,0.000704589,-0.0052779,0.003558270013000676,190.8309919381212,185.56634291661126
PART-PIER-1,143,Pier/C3D8R,0.0,10.0,-40.0,-1.4172815e-16,-0.00072079676,-0.0017196669,2.4507e-15,-0.000704589,-0.0052779,0.003558270013000676,190.8309919381212,185.56634291661126
PART-PIER-2,353,Pier/C3D8R,-6.5,-20.0,-40.0,-0.00015455141,0.00030690513,-0.00061825785,-0.000785316,-0.000884202,-0.00390254,0.0035500858305037254,501.8975388450043,476.50201378014356
PART-PIER-2,513,Pier/C3D8R,6.5,-20.0,-40.0,0.00015455141,0.00030690513,-0.00061825785,0.000785316,-0.000884202,-0.00390254,0.0035500858305037254,501.8975388450043,476.50201378014356
PART-PIER-1,275,Pier/C3D8R,-6.5,20.0,-40.0,-0.00015455141,-0.00030690513,-0.00061825785,-0.000785316,0.000884202,-0.00390254,0.0035500858305037254,501.8975388450043,476.50201378014356
PART-PIER-1,591,Pier/C3D8R,6.5,20.0,-40.0,0.00015455141,-0.00030690513,-0.00061825785,0.000785316,0.000884202,-0.00390254,0.0035500858305037254,501.8975388450043,476.50201378014356
PART-PIER-2,708,Pier/C3D8R,-6.5,-15.0,-40.0,-0.00019004439,0.000507505,-0.0015543931,-0.000488591,-0.000215791,-0.00500985,0.0035429464531257174,215.22597250620095,206.06179924115992
PART-PIER-2,786,Pier/C3D8R,6.5,-15.0,-40.0,0.00019004439,0.000507505,-0.0015543931,0.000488591,-0.000215791,-0.00500985,0.0035429464531257174,215.22597250620095,206.06179924115992
PART-PIER-1,708,Pier/C3D8R,-6.5,15.0,-40.0,-0.00019004439,-0.000507505,-0.0015543931,-0.000488591,0.000215791,-0.00500985,0.0035429464531257174,215.22597250620095,206.06179924115992
PART-PIER-1,786,Pier/C3D8R,6.5,15.0,-40.0,0.00019004439,-0.000507505,-0.0015543931,0.000488591,0.000215791,-0.00500985,0.0035429464531257174,215.22597250620095,206.06179924115992
PART-CABLE100-1,1,Cable/T3D2,-100.0,-10.0,0.0,0.0077973385,-0.00013128981,-0.23501451,0.00434271,-0.000185666,-0.23432,0.003524167842647563,1.498728403573758,0.33322121326842674
PART-CABLE100-2,1,Cable/T3D2,-100.0,10.0,0.0,0.0077973385,0.00013128981,-0.23501451,0.00434271,0.000185666,-0.23432,0.003524167842647563,1.498728403573758,0.33322121326842674
PART-CABLE100-4,1,Cable/T3D2,100.0,10.0,0.0,-0.0077973385,0.00013128981,-0.23501451,-0.00434271,0.000185666,-0.23432,0.003524167842647563,1.498728403573758,0.33322121326842674
PART-SUPPORTBEAM-2,6,SupportBeam/B31,-100.0,10.0,0.0,0.0077973385,0.00013128981,-0.23501451,0.00434271,0.000185666,-0.23432,0.003524167842647563,1.498728403573758,0.33322121326842674
PART-SUPPORTBEAM-2,14,SupportBeam/B31,100.0,10.0,0.0,-0.0077973385,0.00013128981,-0.23501451,-0.00434271,0.000185666,-0.23432,0.003524167842647563,1.498728403573758,0.33322121326842674
PART-CABLE100-3,1,Cable/T3D2,100.0,-10.0,0.0,-0.0077973385,-0.00013128981,-0.23501451,-0.00434271,-0.000185666,-0.23432,0.003524167842647563,1.498728403573758,0.33322121326842674
PART-FLOOR-1,5,Floor/S4R,100.0,10.0,0.0,-0.0077973385,0.00013128981,-0.23501451,-0.00434271,0.000185666,-0.23432,0.003524167842647563,1.498728403573758,0.33322121326842674
PART-FLOOR-1,6,Floor/S4R,100.0,-10.0,0.0,-0.0077973385,-0.00013128981,-0.23501451,-0.00434271,-0.000185666,-0.23432,0.003524167842647563,1.498728403573758,0.33322121326842674
PART-FLOOR-1,13,Floor/S4R,-100.0,10.0,0.0,0.0077973385,0.00013128981,-0.23501451,0.00434271,0.000185666,-0.23432,0.003524167842647563,1.498728403573758,0.33322121326842674
PART-FLOOR-1,14,Floor/S4R,-100.0,-10.0,0.0,0.0077973385,-0.00013128981,-0.23501451,0.00434271,-0.000185666,-0.23432,0.003524167842647563,1.498728403573758,0.33322121326842674
PART-SUPPORTBEAM-1,6,SupportBeam/B31,-100.0,-10.0,0.0,0.0077973385,-0.00013128981,-0.23501451,0.00434271,-0.000185666,-0.23432,0.003524167842647563,1.498728403573758,0.33322121326842674
PART-SUPPORTBEAM-1,14,SupportBeam/B31,100.0,-10.0,0.0,-0.0077973385,-0.00013128981,-0.23501451,-0.00434271,-0.000185666,-0.23432,0.003524167842647563,1.498728403573758,0.33322121326842674
PART-FLOOR-1,72,Floor/S4R,75.0,10.0,0.0,-0.005456543,0.00034509005,-0.46000576,-0.00351439,0.000135566,-0.45719,0.0034270049577637624,0.7449391332012629,0.6161929867852081
PART-FLOOR-1,84,Floor/S4R,75.0,-10.0,0.0,-0.005456543,-0.00034509005,-0.46000576,-0.00351439,-0.000135566,-0.45719,0.0034270049577637624,0.7449391332012629,0.6161929867852081
PART-FLOOR-1,135,Floor/S4R,-75.0,10.0,0.0,0.005456543,0.00034509005,-0.46000576,0.00351439,0.000135566,-0.45719,0.0034270049577637624,0.7449391332012629,0.6161929867852081
PART-FLOOR-1,147,Floor/S4R,-75.0,-10.0,0.0,0.005456543,-0.00034509005,-0.46000576,0.00351439,-0.000135566,-0.45719,0.0034270049577637624,0.7449391332012629,0.6161929867852081
PART-SUPPORTBEAM-2,76,SupportBeam/B31,-106.66666,10.0,-4.0,0.0076310523,0.0004625025,-0.23611602,0.00706987,0.000206301,-0.239424,0.0033650106185323493,1.4244048893315273,1.3920997978849887
PART-SUPPORTBEAM-2,265,SupportBeam/B31,106.66666,10.0,-4.0,-0.0076310523,0.0004625025,-0.23611602,-0.00706987,0.000206301,-0.239424,0.0033650106185323493,1.4244048893315273,1.3920997978849887
PART-SUPPORTBEAM-1,76,SupportBeam/B31,-106.66666,-10.0,-4.0,0.0076310523,-0.0004625025,-0.23611602,0.00706987,-0.000206301,-0.239424,0.0033650106185323493,1.4244048893315273,1.3920997978849887
PART-SUPPORTBEAM-1,265,SupportBeam/B31,106.66666,-10.0,-4.0,-0.0076310523,-0.0004625025,-0.23611602,-0.00706987,-0.000206301,-0.239424,0.0033650106185323493,1.4244048893315273,1.3920997978849887
PART-PIER-2,354,Pier/C3D8R,-13.0,-20.0,-40.0,-0.00040132419,0.00026280285,-0.0007922873,-0.00154482,-0.000645305,-0.00371931,0.003271040265884,353.1679820623956,340.3742361701773
PART-PIER-2,514,Pier/C3D8R,13.0,-20.0,-40.0,0.00040132419,0.00026280285,-0.0007922873,0.00154482,-0.000645305,-0.00371931,0.003271040265884,353.1679820623956,340.3742361701773
PART-PIER-1,276,Pier/C3D8R,-13.0,20.0,-40.0,-0.00040132419,-0.00026280285,-0.0007922873,-0.00154482,0.000645305,-0.00371931,0.003271040265884,353.1679820623956,340.3742361701773
PART-PIER-1,592,Pier/C3D8R,13.0,20.0,-40.0,0.00040132419,-0.00026280285,-0.0007922873,0.00154482,0.000645305,-0.00371931,0.003271040265884,353.1679820623956,340.3742361701773
PART-FLOOR-1,287,Floor/S4R,105.0,-5.0,0.0,-0.007867448,-0.000101065954,-0.30776536,-0.00505886,-4.54228e-05,-0.309248,0.0031763948249440236,1.0317461707074853,0.46236361002760396
PART-FLOOR-1,289,Floor/S4R,105.0,5.0,0.0,-0.007867448,0.000101065954,-0.30776536,-0.00505886,4.54228e-05,-0.309248,0.0031763948249440236,1.0317461707074853,0.46236361002760396
PART-FLOOR-1,398,Floor/S4R,-105.0,-5.0,0.0,0.007867448,-0.000101065954,-0.30776536,0.00505886,-4.54228e-05,-0.309248,0.0031763948249440236,1.0317461707074853,0.46236361002760396
PART-FLOOR-1,400,Floor/S4R,-105.0,5.0,0.0,0.007867448,0.000101065954,-0.30776536,0.00505886,4.54228e-05,-0.309248,0.0031763948249440236,1.0317461707074853,0.46236361002760396
PART-SUPPORTBEAM-2,46,SupportBeam/B31,-246.66667,10.0,-28.0,0.0034647186,0.0014664454,-0.021136794,0.00231865,0.0019618,-0.0239857,0.003110484658776364,14.48824740606501,12.614519448712144
PART-SUPPORTBEAM-2,343,SupportBeam/B31,246.66667,10.0,-28.0,-0.0034647186,0.0014664454,-0.021136794,-0.00231865,0.0019618,-0.0239857,0.003110484658776364,14.48824740606501,12.614519448712144
PART-SUPPORTBEAM-1,46,SupportBeam/B31,-246.66667,-10.0,-28.0,0.0034647186,-0.0014664454,-0.021136794,0.00231865,-0.0019618,-0.0239857,0.003110484658776364,14.48824740606501,12.614519448712144
PART-SUPPORTBEAM-1,343,SupportBeam/B31,246.66667,-10.0,-28.0,-0.0034647186,-0.0014664454,-0.021136794,-0.00231865,-0.0019618,-0.0239857,0.003110484658776364,14.48824740606501,12.614519448712144
PART-PIER-2,430,Pier/C3D8R,0.0,-15.0,-40.0,9.493525e-18,0.00052676507,-0.0016799361,-4.44354e-16,-0.000155457,-0.00470598,0.003101994300046713,176.19090807472463,167.4418736566736
PART-PIER-1,430,Pier/C3D8R,0.0,15.0,-40.0,-1.1082891e-16,-0.00052676507,-0.0016799361,-1.64008e-15,0.000155457,-0.00470598,0.003101994300046713,176.19090807472463,167.4418736566736
PART-FLOOR-1,57,Floor/S4R,100.0,0.0,0.0,-0.0076137884,7.248984e-15,-0.30245218,-0.00480354,5.52279e-13,-0.30141,0.0029972712960462163,0.9906762953453443,0.3634872674264688
PART-FLOOR-1,141,Floor/S4R,-100.0,0.0,0.0,0.0076137884,4.6139375e-15,-0.30245218,0.00480354,5.00125e-13,-0.30141,0.0029972712960462163,0.9906762953453443,0.3634872674264688
PART-SUPPORTBEAM-2,32,SupportBeam/B31,-246.15384,10.0,-30.0,-0.0042735515,0.0016340393,-0.022084057,-0.00520987,0.0020344,-0.0247857,0.0028871882382338256,12.80177865725518,12.662961637760775
PART-SUPPORTBEAM-2,322,SupportBeam/B31,246.15384,10.0,-30.0,0.0042735515,0.0016340393,-0.022084057,0.00520987,0.0020344,-0.0247857,0.0028871882382338256,12.80177865725518,12.662961637760775
PART-SUPPORTBEAM-1,32,SupportBeam/B31,-246.15384,-10.0,-30.0,-0.0042735515,-0.0016340393,-0.022084057,-0.00520987,-0.0020344,-0.0247857,0.0028871882382338256,12.80177865725518,12.662961637760775
PART-SUPPORTBEAM-1,322,SupportBeam/B31,246.15384,-10.0,-30.0,0.0042735515,-0.0016340393,-0.022084057,0.00520987,-0.0020344,-0.0247857,0.0028871882382338256,12.80177865725518,12.662961637760775
PART-SUPPORTBEAM-2,135,SupportBeam/B31,-100.0,10.0,-7.5,0.0036436822,0.00075268943,-0.23523587,0.00635419,0.000136787,-0.23454,0.002865383638195899,1.217937255870834,0.27169046128030283
PART-SUPPORTBEAM-2,239,SupportBeam/B31,100.0,10.0,-7.5,-0.0036436822,0.00075268943,-0.23523587,-0.00635419,0.000136787,-0.23454,0.002865383638195899,1.217937255870834,0.27169046128030283
PART-SUPPORTBEAM-1,135,SupportBeam/B31,-100.0,-10.0,-7.5,0.0036436822,-0.00075268943,-0.23523587,0.00635419,-0.000136787,-0.23454,0.002865383638195899,1.217937255870834,0.27169046128030283
PART-SUPPORTBEAM-1,239,SupportBeam/B31,100.0,-10.0,-7.5,-0.0036436822,-0.00075268943,-0.23523587,-0.00635419,-0.000136787,-0.23454,0.002865383638195899,1.217937255870834,0.27169046128030283
PART-PIER-2,141,Pier/C3D8R,-19.75,-20.0,-45.0,-0.00045940414,-0.00031364217,-0.0007947161,-0.00198195,-0.00110303,-0.00308777,0.002863455121048776,295.18630359363533,294.9625332145118
PART-PIER-2,191,Pier/C3D8R,19.75,-20.0,-45.0,0.00045940414,-0.00031364217,-0.0007947161,0.00198195,-0.00110303,-0.00308777,0.002863455121048776,295.18630359363533,294.9625332145118
PART-PIER-1,25,Pier/C3D8R,-19.75,20.0,-45.0,-0.00045940414,0.00031364217,-0.0007947161,-0.00198195,0.00110303,-0.00308777,0.002863455121048776,295.18630359363533,294.9625332145118
PART-PIER-1,268,Pier/C3D8R,19.75,20.0,-45.0,0.00045940414,0.00031364217,-0.0007947161,0.00198195,0.00110303,-0.00308777,0.002863455121048776,295.18630359363533,294.9625332145118
PART-PIER-2,276,Pier/C3D8R,-13.0,-10.0,-40.0,-0.0005907005,0.00062190363,-0.0016867768,-0.00169526,0.000141057,-0.0041943,0.0027818946366030555,147.00907512558226,139.1837035646597
PART-PIER-2,592,Pier/C3D8R,13.0,-10.0,-40.0,0.0005907005,0.00062190363,-0.0016867768,0.00169526,0.000141057,-0.0041943,0.0027818946366030555,147.00907512558226,139.1837035646597
PART-PIER-1,354,Pier/C3D8R,-13.0,10.0,-40.0,-0.0005907005,-0.00062190363,-0.0016867768,-0.00169526,-0.000141057,-0.0041943,0.0027818946366030555,147.00907512558226,139.1837035646597
PART-PIER-1,514,Pier/C3D8R,13.0,10.0,-40.0,0.0005907005,-0.00062190363,-0.0016867768,0.00169526,-0.000141057,-0.0041943,0.0027818946366030555,147.00907512558226,139.1837035646597
PART-PIER-2,100,Pier/C3D8R,0.0,-10.0,-35.0,1.2554595e-16,0.001402039,-0.0029662952,-6.70005e-16,0.000347003,-0.00539701,0.0026498066722376256,80.7634432095359,64.83509177739163
PART-PIER-1,144,Pier/C3D8R,0.0,10.0,-35.0,-2.8216806e-16,-0.001402039,-0.0029662952,-1.45918e-15,-0.000347003,-0.00539701,0.0026498066722376256,80.7634432095359,64.83509177739163
PART-FLOOR-1,299,Floor/S4R,80.0,-5.0,0.0,-0.00583221,-0.00014664809,-0.43966186,-0.00373885,-6.91993e-05,-0.441206,0.0026024071057911703,0.5918589398944484,0.3459812308251123
PART-FLOOR-1,301,Floor/S4R,80.0,5.0,0.0,-0.00583221,0.00014664809,-0.43966186,-0.00373885,6.91993e-05,-0.441206,0.0026024071057911703,0.5918589398944484,0.3459812308251123
PART-FLOOR-1,386,Floor/S4R,-80.0,-5.0,0.0,0.00583221,-0.00014664809,-0.43966186,0.00373885,-6.91993e-05,-0.441206,0.0026024071057911703,0.5918589398944484,0.3459812308251123
PART-FLOOR-1,388,Floor/S4R,-80.0,5.0,0.0,0.00583221,0.00014664809,-0.43966186,0.00373885,6.91993e-05,-0.441206,0.0026024071057911703,0.5918589398944484,0.3459812308251123
PART-PIER-2,25,Pier/C3D8R,-19.75,-10.0,-45.0,-0.0007252486,0.00040474843,-0.001211226,-0.00219154,0.000795112,-0.00324126,0.002534449097467358,172.57228916165798,171.858411937427
PART-PIER-2,268,Pier/C3D8R,19.75,-10.0,-45.0,0.0007252486,0.00040474843,-0.001211226,0.00219154,0.000795112,-0.00324126,0.002534449097467358,172.57228916165798,171.858411937427
PART-PIER-1,141,Pier/C3D8R,-19.75,10.0,-45.0,-0.0007252486,-0.00040474843,-0.001211226,-0.00219154,-0.000795112,-0.00324126,0.002534449097467358,172.57228916165798,171.858411937427
PART-PIER-1,191,Pier/C3D8R,19.75,10.0,-45.0,0.0007252486,-0.00040474843,-0.001211226,0.00219154,-0.000795112,-0.00324126,0.002534449097467358,172.57228916165798,171.858411937427
PART-PIER-2,352,Pier/C3D8R,-13.16667,-20.0,-45.0,-0.0001870392,-0.00024084796,-0.000547988,-0.000852209,-0.00148328,-0.00265397,0.002534018236156678,404.07088876169314,403.49367937846796
PART-PIER-2,512,Pier/C3D8R,13.16667,-20.0,-45.0,0.0001870392,-0.00024084796,-0.000547988,0.000852209,-0.00148328,-0.00265397,0.002534018236156678,404.07088876169314,403.49367937846796
PART-PIER-1,274,Pier/C3D8R,-13.16667,20.0,-45.0,-0.0001870392,0.00024084796,-0.000547988,-0.000852209,0.00148328,-0.00265397,0.002534018236156678,404.07088876169314,403.49367937846796
PART-PIER-1,590,Pier/C3D8R,13.16667,20.0,-45.0,0.0001870392,0.00024084796,-0.000547988,0.000852209,0.00148328,-0.00265397,0.002534018236156678,404.07088876169314,403.49367937846796
PART-PIER-2,26,Pier/C3D8R,-19.5,-10.0,-40.0,-0.00085226196,0.00041211312,-0.0015944524,-0.00194856,0.000637938,-0.00386485,0.0025313181410128232,136.50996531664492,135.93859503884573
PART-PIER-2,267,Pier/C3D8R,19.5,-10.0,-40.0,0.00085226196,0.00041211312,-0.0015944524,0.00194856,0.000637938,-0.00386485,0.0025313181410128232,136.50996531664492,135.93859503884573
PART-PIER-1,140,Pier/C3D8R,-19.5,10.0,-40.0,-0.00085226196,-0.00041211312,-0.0015944524,-0.00194856,-0.000637938,-0.00386485,0.0025313181410128232,136.50996531664492,135.93859503884573
PART-PIER-1,192,Pier/C3D8R,19.5,10.0,-40.0,0.00085226196,-0.00041211312,-0.0015944524,0.00194856,-0.000637938,-0.00386485,0.0025313181410128232,136.50996531664492,135.93859503884573
PART-PIER-2,351,Pier/C3D8R,-6.58333,-20.0,-45.0,-0.00010190747,-0.0002186158,-0.0006123896,-0.000332443,-0.00141451,-0.00280132,0.002504940291549917,380.58673238956055,379.466970391014
PART-PIER-2,511,Pier/C3D8R,6.58333,-20.0,-45.0,0.00010190747,-0.0002186158,-0.0006123896,0.000332443,-0.00141451,-0.00280132,0.002504940291549917,380.58673238956055,379.466970391014
PART-PIER-1,273,Pier/C3D8R,-6.58333,20.0,-45.0,-0.00010190747,0.0002186158,-0.0006123896,-0.000332443,0.00141451,-0.00280132,0.002504940291549917,380.58673238956055,379.466970391014
PART-PIER-1,589,Pier/C3D8R,6.58333,20.0,-45.0,0.00010190747,0.0002186158,-0.0006123896,0.000332443,0.00141451,-0.00280132,0.002504940291549917,380.58673238956055,379.466970391014
PART-PIER-2,28,Pier/C3D8R,-19.0,-10.0,-30.0,-0.0010208886,0.0018088622,-0.0034237353,-0.00280311,0.000323228,-0.00410174,0.002417253083160655,60.36315634453323,24.32388027708984
PART-PIER-2,265,Pier/C3D8R,19.0,-10.0,-30.0,0.0010208886,0.0018088622,-0.0034237353,0.00280311,0.000323228,-0.00410174,0.002417253083160655,60.36315634453323,24.32388027708984
PART-PIER-1,138,Pier/C3D8R,-19.0,10.0,-30.0,-0.0010208886,-0.0018088622,-0.0034237353,-0.00280311,-0.000323228,-0.00410174,0.002417253083160655,60.36315634453323,24.32388027708984
PART-PIER-1,194,Pier/C3D8R,19.0,10.0,-30.0,0.0010208886,-0.0018088622,-0.0034237353,0.00280311,-0.000323228,-0.00410174,0.002417253083160655,60.36315634453323,24.32388027708984
PART-SUPPORTBEAM-2,75,SupportBeam/B31,-103.33334,10.0,-2.0,0.00729678,0.00029660418,-0.2348725,0.00538252,0.000196389,-0.236335,0.0024110870328344367,1.0260555898891415,0.6001900606696328
PART-SUPPORTBEAM-2,264,SupportBeam/B31,103.33334,10.0,-2.0,-0.00729678,0.00029660418,-0.2348725,-0.00538252,0.000196389,-0.236335,0.0024110870328344367,1.0260555898891415,0.6001900606696328
PART-SUPPORTBEAM-1,75,SupportBeam/B31,-103.33334,-10.0,-2.0,0.00729678,-0.00029660418,-0.2348725,0.00538252,-0.000196389,-0.236335,0.0024110870328344367,1.0260555898891415,0.6001900606696328
PART-SUPPORTBEAM-1,264,SupportBeam/B31,103.33334,-10.0,-2.0,-0.00729678,-0.00029660418,-0.2348725,-0.00538252,-0.000196389,-0.236335,0.0024110870328344367,1.0260555898891415,0.6001900606696328
PART-PIER-2,432,Pier/C3D8R,0.0,-15.0,-30.0,2.387029e-17,0.0019768523,-0.003077783,-2.70035e-15,-0.000207836,-0.00386891,0.002323519937139746,63.51950376948706,5.9192894516112
PART-PIER-1,432,Pier/C3D8R,0.0,15.0,-30.0,-4.2207834e-16,-0.0019768523,-0.003077783,-9.66951e-15,0.000207836,-0.00386891,0.002323519937139746,63.51950376948706,5.9192894516112
PART-PIER-2,468,Pier/C3D8R,-19.75,-15.0,-45.0,-0.0005785523,-1.5444868e-05,-0.0007180131,-0.00187663,-6.60958e-05,-0.00254273,0.0022399024526294376,242.87951922012843,242.7511934108886
PART-PIER-2,667,Pier/C3D8R,19.75,-15.0,-45.0,0.0005785523,-1.5444868e-05,-0.0007180131,0.00187663,-6.60958e-05,-0.00254273,0.0022399024526294376,242.87951922012843,242.7511934108886
PART-PIER-1,468,Pier/C3D8R,-19.75,15.0,-45.0,-0.0005785523,1.5444868e-05,-0.0007180131,-0.00187663,6.60958e-05,-0.00254273,0.0022399024526294376,242.87951922012843,242.7511934108886
PART-PIER-1,667,Pier/C3D8R,19.75,15.0,-45.0,0.0005785523,1.5444868e-05,-0.0007180131,0.00187663,6.60958e-05,-0.00254273,0.0022399024526294376,242.87951922012843,242.7511934108886
PART-PIER-2,142,Pier/C3D8R,0.0,-20.0,-45.0,-2.8773574e-17,-0.00020619809,-0.00053472794,-2.62851e-16,-0.00104397,-0.0023262,0.001977683977521609,345.08111252869685,344.89450631225316
PART-PIER-1,102,Pier/C3D8R,0.0,20.0,-45.0,5.34351e-18,0.00020619809,-0.00053472794,-1.29572e-15,0.00104397,-0.0023262,0.001977683977521609,345.08111252869685,344.89450631225316
PART-PIER-2,273,Pier/C3D8R,-6.58333,-10.0,-45.0,-0.00014519421,0.00058892695,-0.0011178519,-0.000358741,0.00112134,-0.00291966,0.0018909199656662406,148.67904751363696,147.5282040879688
PART-PIER-2,589,Pier/C3D8R,6.58333,-10.0,-45.0,0.00014519421,0.00058892695,-0.0011178519,0.000358741,0.00112134,-0.00291966,0.0018909199656662406,148.67904751363696,147.5282040879688
PART-PIER-1,351,Pier/C3D8R,-6.58333,10.0,-45.0,-0.00014519421,-0.00058892695,-0.0011178519,-0.000358741,-0.00112134,-0.00291966,0.0018909199656662406,148.67904751363696,147.5282040879688
PART-PIER-1,511,Pier/C3D8R,6.58333,10.0,-45.0,0.00014519421,-0.00058892695,-0.0011178519,0.000358741,-0.00112134,-0.00291966,0.0018909199656662406,148.67904751363696,147.5282040879688
PART-PIER-2,275,Pier/C3D8R,-6.5,-10.0,-40.0,-0.00021999345,0.0007114851,-0.0015457,-0.000733144,0.000619475,-0.00315401,0.0016906952420727142,98.53974332457983,92.1504737646242
PART-PIER-2,591,Pier/C3D8R,6.5,-10.0,-40.0,0.00021999345,0.0007114851,-0.0015457,0.000733144,0.000619475,-0.00315401,0.0016906952420727142,98.53974332457983,92.1504737646242
PART-PIER-1,353,Pier/C3D8R,-6.5,10.0,-40.0,-0.00021999345,-0.0007114851,-0.0015457,-0.000733144,-0.000619475,-0.00315401,0.0016906952420727142,98.53974332457983,92.1504737646242
PART-PIER-1,513,Pier/C3D8R,6.5,10.0,-40.0,0.00021999345,-0.0007114851,-0.0015457,0.000733144,-0.000619475,-0.00315401,0.0016906952420727142,98.53974332457983,92.1504737646242
PART-RIVERBANK-2,1,RiverBank/C3D8R,250.0,10.0,-30.0,0.003995512,0.0015953254,-0.002298343,0.0052906,0.00213154,-0.00322689,0.001681362113349222,34.470675892520575,34.354925947815204
PART-RIVERBANK-2,2,RiverBank/C3D8R,250.0,-10.0,-30.0,0.003995512,-0.0015953254,-0.002298343,0.0052906,-0.00213154,-0.00322689,0.001681362113349222,34.470675892520575,34.354925947815204
PART-SUPPORTBEAM-2,2,SupportBeam/B31,-250.0,10.0,-30.0,-0.003995512,0.0015953254,-0.002298343,-0.0052906,0.00213154,-0.00322689,0.001681362113349222,34.470675892520575,34.354925947815204
PART-SUPPORTBEAM-2,19,SupportBeam/B31,250.0,10.0,-30.0,0.003995512,0.0015953254,-0.002298343,0.0052906,0.00213154,-0.00322689,0.001681362113349222,34.470675892520575,34.354925947815204
PART-RIVERBANK-1,5,RiverBank/C3D8R,-250.0,-10.0,-30.0,-0.003995512,-0.0015953254,-0.002298343,-0.0052906,-0.00213154,-0.00322689,0.001681362113349222,34.470675892520575,34.354925947815204
PART-RIVERBANK-1,8,RiverBank/C3D8R,-250.0,10.0,-30.0,-0.003995512,0.0015953254,-0.002298343,-0.0052906,0.00213154,-0.00322689,0.001681362113349222,34.470675892520575,34.354925947815204
PART-SUPPORTBEAM-1,2,SupportBeam/B31,-250.0,-10.0,-30.0,-0.003995512,-0.0015953254,-0.002298343,-0.0052906,-0.00213154,-0.00322689,0.001681362113349222,34.470675892520575,34.354925947815204
PART-SUPPORTBEAM-1,19,SupportBeam/B31,250.0,-10.0,-30.0,0.003995512,-0.0015953254,-0.002298343,0.0052906,-0.00213154,-0.00322689,0.001681362113349222,34.470675892520575,34.354925947815204
PART-PIER-2,274,Pier/C3D8R,-13.16667,-10.0,-45.0,-0.0002868197,0.0005459844,-0.00091994967,-0.000770975,0.00136169,-0.00223424,0.001620845782892672,146.34486450413658,146.28322006944944
PART-PIER-2,590,Pier/C3D8R,13.16667,-10.0,-45.0,0.0002868197,0.0005459844,-0.00091994967,0.000770975,0.00136169,-0.00223424,0.001620845782892672,146.34486450413658,146.28322006944944
PART-PIER-1,352,Pier/C3D8R,-13.16667,10.0,-45.0,-0.0002868197,-0.0005459844,-0.00091994967,-0.000770975,-0.00136169,-0.00223424,0.001620845782892672,146.34486450413658,146.28322006944944
PART-PIER-1,512,Pier/C3D8R,13.16667,10.0,-45.0,0.0002868197,-0.0005459844,-0.00091994967,0.000770975,-0.00136169,-0.00223424,0.001620845782892672,146.34486450413658,146.28322006944944
PART-PIER-2,279,Pier/C3D8R,-6.33333,-10.0,-30.0,-0.00033466393,0.002193849,-0.003542151,-0.00088271,0.00078639,-0.0032093,0.001546636712264533,37.00150609788546,18.177657514925574
PART-PIER-2,595,Pier/C3D8R,6.33333,-10.0,-30.0,0.00033466393,0.002193849,-0.003542151,0.00088271,0.00078639,-0.0032093,0.001546636712264533,37.00150609788546,18.177657514925574
PART-PIER-1,357,Pier/C3D8R,-6.33333,10.0,-30.0,-0.00033466393,-0.002193849,-0.003542151,-0.00088271,-0.00078639,-0.0032093,0.001546636712264533,37.00150609788546,18.177657514925574
PART-PIER-1,517,Pier/C3D8R,6.33333,10.0,-30.0,0.00033466393,-0.002193849,-0.003542151,0.00088271,-0.00078639,-0.0032093,0.001546636712264533,37.00150609788546,18.177657514925574
PART-RIVERBANK-2,13,RiverBank/C3D8R,250.0,5.0,-30.0,-0.0032911624,-0.0003883058,0.0007450924,-0.00444432,-0.000585008,0.0014989,0.0013916501369742181,40.9704333913345,39.15248855917356
PART-RIVERBANK-2,15,RiverBank/C3D8R,250.0,-5.0,-30.0,-0.0032911624,0.0003883058,0.0007450924,-0.00444432,0.000585008,0.0014989,0.0013916501369742181,40.9704333913345,39.15248855917356
PART-RIVERBANK-1,29,RiverBank/C3D8R,-250.0,-5.0,-30.0,0.0032911624,0.0003883058,0.0007450924,0.00444432,0.000585008,0.0014989,0.0013916501369742181,40.9704333913345,39.15248855917356
PART-RIVERBANK-1,31,RiverBank/C3D8R,-250.0,5.0,-30.0,0.0032911624,-0.0003883058,0.0007450924,0.00444432,-0.000585008,0.0014989,0.0013916501369742181,40.9704333913345,39.15248855917356
PART-PIER-2,706,Pier/C3D8R,-6.58333,-15.0,-45.0,-0.0001272879,9.025273e-05,-0.00053220155,-0.000537047,-7.50606e-05,-0.00179817,0.001340860594358676,241.76875043454888,238.64770459441874
PART-PIER-2,784,Pier/C3D8R,6.58333,-15.0,-45.0,0.0001272879,9.025273e-05,-0.00053220155,0.000537047,-7.50606e-05,-0.00179817,0.001340860594358676,241.76875043454888,238.64770459441874
PART-PIER-1,706,Pier/C3D8R,-6.58333,15.0,-45.0,-0.0001272879,-9.025273e-05,-0.00053220155,-0.000537047,7.50606e-05,-0.00179817,0.001340860594358676,241.76875043454888,238.64770459441874
PART-PIER-1,784,Pier/C3D8R,6.58333,15.0,-45.0,0.0001272879,-9.025273e-05,-0.00053220155,0.000537047,7.50606e-05,-0.00179817,0.001340860594358676,241.76875043454888,238.64770459441874
PART-RIVERBANK-2,21,RiverBank/C3D8R,250.0,-5.0,0.0,-0.0017316663,-0.00014069946,-0.0008287429,-0.00153831,8.72772e-06,-0.00213465,0.0013285738574512341,69.02004323533734,36.69200161842095
PART-RIVERBANK-2,23,RiverBank/C3D8R,250.0,5.0,0.0,-0.0017316663,0.00014069946,-0.0008287429,-0.00153831,-8.72772e-06,-0.00213465,0.0013285738574512341,69.02004323533734,36.69200161842095
PART-FLOOR-1,203,Floor/S4R,-250.0,5.0,0.0,0.0017316663,0.00014069946,-0.0008287429,0.00153831,-8.72772e-06,-0.00213465,0.0013285738574512341,69.02004323533734,36.69200161842095
PART-FLOOR-1,205,Floor/S4R,-250.0,-5.0,0.0,0.0017316663,-0.00014069946,-0.0008287429,0.00153831,8.72772e-06,-0.00213465,0.0013285738574512341,69.02004323533734,36.69200161842095
PART-FLOOR-1,224,Floor/S4R,250.0,-5.0,0.0,-0.0017316663,-0.00014069946,-0.0008287429,-0.00153831,8.72772e-06,-0.00213465,0.0013285738574512341,69.02004323533734,36.69200161842095
PART-FLOOR-1,226,Floor/S4R,250.0,5.0,0.0,-0.0017316663,0.00014069946,-0.0008287429,-0.00153831,-8.72772e-06,-0.00213465,0.0013285738574512341,69.02004323533734,36.69200161842095
PART-RIVERBANK-1,37,RiverBank/C3D8R,-250.0,5.0,0.0,0.0017316663,0.00014069946,-0.0008287429,0.00153831,-8.72772e-06,-0.00213465,0.0013285738574512341,69.02004323533734,36.69200161842095
PART-RIVERBANK-1,39,RiverBank/C3D8R,-250.0,-5.0,0.0,0.0017316663,-0.00014069946,-0.0008287429,0.00153831,8.72772e-06,-0.00213465,0.0013285738574512341,69.02004323533734,36.69200161842095
PART-RIVERBANK-2,14,RiverBank/C3D8R,250.0,0.0,-30.0,0.002631751,-1.5500164e-17,-0.0017041839,0.0037012,4.77039e-16,-0.00248859,0.001326278286528966,42.300941593374844,42.25062443431382
PART-RIVERBANK-1,30,RiverBank/C3D8R,-250.0,0.0,-30.0,-0.002631751,1.5445259e-18,-0.0017041839,-0.0037012,4.90812e-16,-0.00248859,0.001326278286528966,42.300941593374844,42.25062443431382
PART-PIER-2,429,Pier/C3D8R,0.0,-15.0,-45.0,8.176724e-18,9.4908675e-05,-0.00045063978,9.2237e-17,-0.00011517,-0.00175314,0.00131933311668805,286.4841809771521,281.50294499475274
PART-PIER-1,429,Pier/C3D8R,0.0,15.0,-45.0,-2.0458628e-17,-9.4908675e-05,-0.00045063978,2.98156e-16,0.00011517,-0.00175314,0.00131933311668805,286.4841809771521,281.50294499475274
PART-CABLE250-2,1,Cable/T3D2,-250.0,10.0,0.0,0.0006753377,-0.0004848805,-0.0020286278,0.00117342,-0.000789056,-0.000856563,0.0013093298315445885,59.721904291999905,24.591170397359555
PART-CABLE250-4,1,Cable/T3D2,250.0,10.0,0.0,-0.0006753377,-0.0004848805,-0.0020286278,-0.00117342,-0.000789056,-0.000856563,0.0013093298315445885,59.721904291999905,24.591170397359555
PART-RIVERBANK-2,3,RiverBank/C3D8R,250.0,-10.0,0.0,-0.0006753377,0.0004848805,-0.0020286278,-0.00117342,0.000789056,-0.000856563,0.0013093298315445885,59.721904291999905,24.591170397359555
PART-RIVERBANK-2,4,RiverBank/C3D8R,250.0,10.0,0.0,-0.0006753377,-0.0004848805,-0.0020286278,-0.00117342,-0.000789056,-0.000856563,0.0013093298315445885,59.721904291999905,24.591170397359555
PART-CABLE250-1,1,Cable/T3D2,-250.0,-10.0,0.0,0.0006753377,0.0004848805,-0.0020286278,0.00117342,0.000789056,-0.000856563,0.0013093298315445885,59.721904291999905,24.591170397359555
PART-CABLE250-3,1,Cable/T3D2,250.0,-10.0,0.0,-0.0006753377,0.0004848805,-0.0020286278,-0.00117342,0.000789056,-0.000856563,0.0013093298315445885,59.721904291999905,24.591170397359555
PART-FLOOR-1,19,Floor/S4R,-250.0,10.0,0.0,0.0006753377,-0.0004848805,-0.0020286278,0.00117342,-0.000789056,-0.000856563,0.0013093298315445885,59.721904291999905,24.591170397359555
PART-FLOOR-1,20,Floor/S4R,-250.0,-10.0,0.0,0.0006753377,0.0004848805,-0.0020286278,0.00117342,0.000789056,-0.000856563,0.0013093298315445885,59.721904291999905,24.591170397359555
PART-FLOOR-1,21,Floor/S4R,250.0,-10.0,0.0,-0.0006753377,0.0004848805,-0.0020286278,-0.00117342,0.000789056,-0.000856563,0.0013093298315445885,59.721904291999905,24.591170397359555
PART-FLOOR-1,22,Floor/S4R,250.0,10.0,0.0,-0.0006753377,-0.0004848805,-0.0020286278,-0.00117342,-0.000789056,-0.000856563,0.0013093298315445885,59.721904291999905,24.591170397359555
PART-RIVERBANK-1,6,RiverBank/C3D8R,-250.0,-10.0,0.0,0.0006753377,0.0004848805,-0.0020286278,0.00117342,0.000789056,-0.000856563,0.0013093298315445885,59.721904291999905,24.591170397359555
PART-RIVERBANK-1,7,RiverBank/C3D8R,-250.0,10.0,0.0,0.0006753377,-0.0004848805,-0.0020286278,0.00117342,-0.000789056,-0.000856563,0.0013093298315445885,59.721904291999905,24.591170397359555
PART-RIVERBANK-2,81,RiverBank/C3D8R,250.0,10.0,-35.0,-0.001081429,-0.00023581412,0.00026750966,-0.00214098,-0.000697816,0.000552533,0.001190517687003973,104.54976550979723,103.61898341742346
PART-RIVERBANK-2,89,RiverBank/C3D8R,250.0,-10.0,-35.0,-0.001081429,0.00023581412,0.00026750966,-0.00214098,0.000697816,0.000552533,0.001190517687003973,104.54976550979723,103.61898341742346
PART-RIVERBANK-1,92,RiverBank/C3D8R,-250.0,10.0,-35.0,0.001081429,-0.00023581412,0.00026750966,0.00214098,-0.000697816,0.000552533,0.001190517687003973,104.54976550979723,103.61898341742346
PART-RIVERBANK-1,96,RiverBank/C3D8R,-250.0,-10.0,-35.0,0.001081429,0.00023581412,0.00026750966,0.00214098,0.000697816,0.000552533,0.001190517687003973,104.54976550979723,103.61898341742346
PART-RIVERBANK-2,22,RiverBank/C3D8R,250.0,0.0,0.0,-0.00069515884,-4.7200845e-17,-0.0017301426,-0.00125942,2.41176e-15,-0.000724397,0.001153219349735299,61.84891817568494,22.079279004201727
PART-FLOOR-1,204,Floor/S4R,-250.0,0.0,0.0,0.00069515884,1.3577416e-17,-0.0017301426,0.00125942,2.32789e-15,-0.000724397,0.001153219349735299,61.84891817568494,22.079279004201727
PART-FLOOR-1,225,Floor/S4R,250.0,0.0,0.0,-0.00069515884,-4.7200845e-17,-0.0017301426,-0.00125942,2.41176e-15,-0.000724397,0.001153219349735299,61.84891817568494,22.079279004201727
PART-RIVERBANK-1,38,RiverBank/C3D8R,-250.0,0.0,0.0,0.00069515884,1.3577416e-17,-0.0017301426,0.00125942,2.32789e-15,-0.000724397,0.001153219349735299,61.84891817568494,22.079279004201727
PART-RIVERBANK-2,16,RiverBank/C3D8R,250.0,-10.0,-25.0,-0.0012132392,-5.697489e-05,0.00020149337,-0.00222801,0.000188164,0.00055807,0.0011031771140597637,89.6035049848099,87.18146870963466
PART-RIVERBANK-2,28,RiverBank/C3D8R,250.0,10.0,-25.0,-0.0012132392,5.697489e-05,0.00020149337,-0.00222801,-0.000188164,0.00055807,0.0011031771140597637,89.6035049848099,87.18146870963466
PART-RIVERBANK-1,36,RiverBank/C3D8R,-250.0,-10.0,-25.0,0.0012132392,-5.697489e-05,0.00020149337,0.00222801,0.000188164,0.00055807,0.0011031771140597637,89.6035049848099,87.18146870963466
PART-RIVERBANK-1,40,RiverBank/C3D8R,-250.0,10.0,-25.0,0.0012132392,5.697489e-05,0.00020149337,0.00222801,-0.000188164,0.00055807,0.0011031771140597637,89.6035049848099,87.18146870963466
PART-RIVERBANK-2,62,RiverBank/C3D8R,255.0,10.0,-30.0,-0.0018690889,-0.0010143006,0.00028533884,-0.00253395,-0.00150271,0.000958478,0.0010647536583769392,49.62434854148808,44.38753960507363
PART-RIVERBANK-2,72,RiverBank/C3D8R,255.0,-10.0,-30.0,-0.0018690889,0.0010143006,0.00028533884,-0.00253395,0.00150271,0.000958478,0.0010647536583769392,49.62434854148808,44.38753960507363
PART-RIVERBANK-1,54,RiverBank/C3D8R,-255.0,10.0,-30.0,0.0018690889,-0.0010143006,0.00028533884,0.00253395,-0.00150271,0.000958478,0.0010647536583769392,49.62434854148808,44.38753960507363
PART-RIVERBANK-1,80,RiverBank/C3D8R,-255.0,-10.0,-30.0,0.0018690889,0.0010143006,0.00028533884,0.00253395,0.00150271,0.000958478,0.0010647536583769392,49.62434854148808,44.38753960507363
PART-RIVERBANK-2,291,RiverBank/C3D8R,250.0,-5.0,-35.0,0.00062190025,-0.00015174276,-0.00086315395,0.00160806,-0.000348978,-0.0011537,0.0010468188953150028,97.41241394820702,87.00866830463656
PART-RIVERBANK-2,293,RiverBank/C3D8R,250.0,5.0,-35.0,0.00062190025,0.00015174276,-0.00086315395,0.00160806,0.000348978,-0.0011537,0.0010468188953150028,97.41241394820702,87.00866830463656
PART-RIVERBANK-1,300,RiverBank/C3D8R,-250.0,-5.0,-35.0,-0.00062190025,-0.00015174276,-0.00086315395,-0.00160806,-0.000348978,-0.0011537,0.0010468188953150028,97.41241394820702,87.00866830463656
PART-RIVERBANK-1,302,RiverBank/C3D8R,-250.0,5.0,-35.0,-0.00062190025,0.00015174276,-0.00086315395,-0.00160806,0.000348978,-0.0011537,0.0010468188953150028,97.41241394820702,87.00866830463656
PART-PIER-2,102,Pier/C3D8R,0.0,-10.0,-45.0,3.18478e-17,0.00059325807,-0.0010094001,4.00515e-17,0.00100532,-0.00196686,0.00104236485659453,89.0278305485522,88.66034836897335
PART-PIER-1,142,Pier/C3D8R,0.0,10.0,-45.0,-3.2841433e-17,-0.00059325807,-0.0010094001,3.56409e-16,-0.00100532,-0.00196686,0.00104236485659453,89.0278305485522,88.66034836897335
PART-RIVERBANK-2,117,RiverBank/C3D8R,250.0,5.0,-25.0,0.0005755127,0.00011422907,-0.0015329559,0.00147716,0.000258315,-0.00199821,0.001024787776267879,62.43349615724495,52.205621950578895
PART-RIVERBANK-2,119,RiverBank/C3D8R,250.0,-5.0,-25.0,0.0005755127,-0.00011422907,-0.0015329559,0.00147716,-0.000258315,-0.00199821,0.001024787776267879,62.43349615724495,52.205621950578895
PART-RIVERBANK-1,132,RiverBank/C3D8R,-250.0,5.0,-25.0,-0.0005755127,0.00011422907,-0.0015329559,-0.00147716,0.000258315,-0.00199821,0.001024787776267879,62.43349615724495,52.205621950578895
PART-RIVERBANK-1,134,RiverBank/C3D8R,-250.0,-5.0,-25.0,-0.0005755127,-0.00011422907,-0.0015329559,-0.00147716,-0.000258315,-0.00199821,0.001024787776267879,62.43349615724495,52.205621950578895
PART-PIER-2,707,Pier/C3D8R,-13.16667,-15.0,-45.0,-0.00022476375,7.647704e-05,-0.0004192941,-0.000697016,-6.05527e-05,-0.00129433,0.0010037366006893143,208.3109079644539,205.35142097171587
PART-PIER-2,785,Pier/C3D8R,13.16667,-15.0,-45.0,0.00022476375,7.647704e-05,-0.0004192941,0.000697016,-6.05527e-05,-0.00129433,0.0010037366006893143,208.3109079644539,205.35142097171587
PART-PIER-1,707,Pier/C3D8R,-13.16667,15.0,-45.0,-0.00022476375,-7.647704e-05,-0.0004192941,-0.000697016,6.05527e-05,-0.00129433,0.0010037366006893143,208.3109079644539,205.35142097171587
PART-PIER-1,785,Pier/C3D8R,13.16667,15.0,-45.0,0.00022476375,-7.647704e-05,-0.0004192941,0.000697016,6.05527e-05,-0.00129433,0.0010037366006893143,208.3109079644539,205.35142097171587
PART-RIVERBANK-2,292,RiverBank/C3D8R,250.0,0.0,-35.0,-0.0006867815,-1.250964e-17,-2.6327154e-05,-0.00165391,2.9679e-16,0.000191813,0.0009914245620819538,144.25212574433317,142.2566184834371
PART-RIVERBANK-1,301,RiverBank/C3D8R,-250.0,0.0,-35.0,0.0006867815,3.2676726e-18,-2.6327154e-05,0.00165391,2.96826e-16,0.000191813,0.0009914245620819538,144.25212574433317,142.2566184834371
PART-RIVERBANK-2,118,RiverBank/C3D8R,250.0,0.0,-25.0,-0.00070443813,-1.5973213e-17,0.00019358855,-0.00161047,8.39201e-16,0.000559618,0.0009771751673691874,133.75804490601223,133.37483010834612
PART-RIVERBANK-1,133,RiverBank/C3D8R,-250.0,0.0,-25.0,0.00070443813,5.0055693e-18,0.00019358855,0.00161047,7.90527e-16,0.000559618,0.0009771751673691874,133.75804490601223,133.37483010834612
PART-RIVERBANK-2,237,RiverBank/C3D8R,255.0,5.0,-30.0,0.0015651911,0.00039755445,-0.0010684653,0.00217517,0.000608726,-0.00174862,0.0009376982979118083,48.425819676413376,47.518964668764255
PART-RIVERBANK-2,239,RiverBank/C3D8R,255.0,-5.0,-30.0,0.0015651911,-0.00039755445,-0.0010684653,0.00217517,-0.000608726,-0.00174862,0.0009376982979118083,48.425819676413376,47.518964668764255
PART-RIVERBANK-1,261,RiverBank/C3D8R,-255.0,5.0,-30.0,-0.0015651911,0.00039755445,-0.0010684653,-0.00217517,0.000608726,-0.00174862,0.0009376982979118083,48.425819676413376,47.518964668764255
PART-RIVERBANK-1,263,RiverBank/C3D8R,-255.0,-5.0,-30.0,-0.0015651911,-0.00039755445,-0.0010684653,-0.00217517,-0.000608726,-0.00174862,0.0009376982979118083,48.425819676413376,47.518964668764255
PART-SUPPORTBEAM-2,134,SupportBeam/B31,-100.0,10.0,-3.75,0.005868922,0.0004421064,-0.23512791,0.00542146,0.000161037,-0.234433,0.0008729960808390553,0.3711693414482048,0.3000936920308605
PART-SUPPORTBEAM-2,238,SupportBeam/B31,100.0,10.0,-3.75,-0.005868922,0.0004421064,-0.23512791,-0.00542146,0.000161037,-0.234433,0.0008729960808390553,0.3711693414482048,0.3000936920308605
PART-SUPPORTBEAM-1,134,SupportBeam/B31,-100.0,-10.0,-3.75,0.005868922,-0.0004421064,-0.23512791,0.00542146,-0.000161037,-0.234433,0.0008729960808390553,0.3711693414482048,0.3000936920308605
PART-SUPPORTBEAM-1,238,SupportBeam/B31,100.0,-10.0,-3.75,-0.005868922,-0.0004421064,-0.23512791,-0.00542146,-0.000161037,-0.234433,0.0008729960808390553,0.3711693414482048,0.3000936920308605
PART-RIVERBANK-2,238,RiverBank/C3D8R,255.0,0.0,-30.0,-0.0016555516,-2.2374001e-17,-9.541583e-06,-0.00226503,3.482e-16,0.000591947,0.0008563016031433713,51.72218019515073,41.406881140464904
PART-RIVERBANK-1,262,RiverBank/C3D8R,-255.0,0.0,-30.0,0.0016555516,4.0489747e-18,-9.541583e-06,0.00226503,3.56241e-16,0.000591947,0.0008563016031433713,51.72218019515073,41.406881140464904
PART-RIVERBANK-2,309,RiverBank/C3D8R,255.0,-10.0,-35.0,0.0001535412,-0.00017019612,-0.0006892344,0.000762242,-0.000604308,-0.000963532,0.0007963723762433843,109.64016707881122,88.49820619898463
PART-RIVERBANK-2,336,RiverBank/C3D8R,255.0,10.0,-35.0,0.0001535412,0.00017019612,-0.0006892344,0.000762242,0.000604308,-0.000963532,0.0007963723762433843,109.64016707881122,88.49820619898463
PART-RIVERBANK-1,333,RiverBank/C3D8R,-255.0,-10.0,-35.0,-0.0001535412,-0.00017019612,-0.0006892344,-0.000762242,-0.000604308,-0.000963532,0.0007963723762433843,109.64016707881122,88.49820619898463
PART-RIVERBANK-1,360,RiverBank/C3D8R,-255.0,10.0,-35.0,-0.0001535412,0.00017019612,-0.0006892344,-0.000762242,0.000604308,-0.000963532,0.0007963723762433843,109.64016707881122,88.49820619898463
PART-RIVERBANK-2,147,RiverBank/C3D8R,255.0,10.0,-25.0,-2.2473778e-05,5.009513e-05,-0.0007150191,0.000503777,0.000377611,-0.0010605,0.0007096221379806806,98.9538889254251,71.97933081922358
PART-RIVERBANK-2,192,RiverBank/C3D8R,255.0,-10.0,-25.0,-2.2473778e-05,-5.009513e-05,-0.0007150191,0.000503777,-0.000377611,-0.0010605,0.0007096221379806806,98.9538889254251,71.97933081922358
PART-RIVERBANK-1,187,RiverBank/C3D8R,-255.0,10.0,-25.0,2.2473778e-05,5.009513e-05,-0.0007150191,-0.000503777,0.000377611,-0.0010605,0.0007096221379806806,98.9538889254251,71.97933081922358
PART-RIVERBANK-1,232,RiverBank/C3D8R,-255.0,-10.0,-25.0,2.2473778e-05,-5.009513e-05,-0.0007150191,-0.000503777,-0.000377611,-0.0010605,0.0007096221379806806,98.9538889254251,71.97933081922358
PART-RIVERBANK-2,61,RiverBank/C3D8R,260.0,10.0,-30.0,0.00095342495,0.0008708192,-0.0009105276,0.001263,0.00124571,-0.00140265,0.0006917834054737816,43.783709637841596,43.1328477001062
PART-RIVERBANK-2,73,RiverBank/C3D8R,260.0,-10.0,-30.0,0.00095342495,-0.0008708192,-0.0009105276,0.001263,-0.00124571,-0.00140265,0.0006917834054737816,43.783709637841596,43.1328477001062
PART-RIVERBANK-1,55,RiverBank/C3D8R,-260.0,10.0,-30.0,-0.00095342495,0.0008708192,-0.0009105276,-0.001263,0.00124571,-0.00140265,0.0006917834054737816,43.783709637841596,43.1328477001062
PART-RIVERBANK-1,79,RiverBank/C3D8R,-260.0,-10.0,-30.0,-0.00095342495,-0.0008708192,-0.0009105276,-0.001263,-0.00124571,-0.00140265,0.0006917834054737816,43.783709637841596,43.1328477001062
PART-RIVERBANK-2,264,RiverBank/C3D8R,255.0,5.0,0.0,-0.0005337855,-8.2121725e-05,-0.00072683615,-0.000952363,5.1128e-07,-0.000223021,0.0006602007591567148,72.90867886785848,8.018661952114698
PART-RIVERBANK-2,266,RiverBank/C3D8R,255.0,-5.0,0.0,-0.0005337855,8.2121725e-05,-0.00072683615,-0.000952363,-5.1128e-07,-0.000223021,0.0006602007591567148,72.90867886785848,8.018661952114698
PART-RIVERBANK-1,288,RiverBank/C3D8R,-255.0,5.0,0.0,0.0005337855,-8.2121725e-05,-0.00072683615,0.000952363,5.1128e-07,-0.000223021,0.0006602007591567148,72.90867886785848,8.018661952114698
PART-RIVERBANK-1,290,RiverBank/C3D8R,-255.0,-5.0,0.0,0.0005337855,8.2121725e-05,-0.00072683615,0.000952363,-5.1128e-07,-0.000223021,0.0006602007591567148,72.90867886785848,8.018661952114698
PART-RIVERBANK-2,20,RiverBank/C3D8R,250.0,-10.0,-5.0,-0.0006765762,-0.00038644212,-0.00046892322,-0.000684958,-0.000663898,-0.00103683,0.0006321155991492244,69.51019679576198,54.92667152390946
PART-RIVERBANK-2,24,RiverBank/C3D8R,250.0,10.0,-5.0,-0.0006765762,0.00038644212,-0.00046892322,-0.000684958,0.000663898,-0.00103683,0.0006321155991492244,69.51019679576198,54.92667152390946
PART-RIVERBANK-1,32,RiverBank/C3D8R,-250.0,-10.0,-5.0,0.0006765762,-0.00038644212,-0.00046892322,0.000684958,-0.000663898,-0.00103683,0.0006321155991492244,69.51019679576198,54.92667152390946
PART-RIVERBANK-1,44,RiverBank/C3D8R,-250.0,10.0,-5.0,0.0006765762,0.00038644212,-0.00046892322,0.000684958,0.000663898,-0.00103683,0.0006321155991492244,69.51019679576198,54.92667152390946
PART-RIVERBANK-2,390,RiverBank/C3D8R,255.0,5.0,-25.0,-0.00012515242,6.222396e-05,-0.00045853123,-0.000652185,-9.13424e-05,-0.000172582,0.0006189611695758458,129.12245499537784,42.020392695078336
PART-RIVERBANK-2,392,RiverBank/C3D8R,255.0,-5.0,-25.0,-0.00012515242,-6.222396e-05,-0.00045853123,-0.000652185,9.13424e-05,-0.000172582,0.0006189611695758458,129.12245499537784,42.020392695078336
PART-RIVERBANK-1,510,RiverBank/C3D8R,-255.0,5.0,-25.0,0.00012515242,6.222396e-05,-0.00045853123,0.000652185,-9.13424e-05,-0.000172582,0.0006189611695758458,129.12245499537784,42.020392695078336
PART-RIVERBANK-1,512,RiverBank/C3D8R,-255.0,-5.0,-25.0,0.00012515242,-6.222396e-05,-0.00045853123,0.000652185,9.13424e-05,-0.000172582,0.0006189611695758458,129.12245499537784,42.020392695078336
PART-RIVERBANK-2,525,RiverBank/C3D8R,255.0,-5.0,-35.0,-2.1018155e-05,-5.627866e-08,-0.00041201612,-0.000570434,0.000191554,-0.000248592,0.0006043837461605013,146.49884863689522,57.81413636672262
PART-RIVERBANK-2,527,RiverBank/C3D8R,255.0,5.0,-35.0,-2.1018155e-05,5.627866e-08,-0.00041201612,-0.000570434,-0.000191554,-0.000248592,0.0006043837461605013,146.49884863689522,57.81413636672262
PART-RIVERBANK-1,597,RiverBank/C3D8R,-255.0,-5.0,-35.0,2.1018155e-05,-5.627866e-08,-0.00041201612,0.000570434,0.000191554,-0.000248592,0.0006043837461605013,146.49884863689522,57.81413636672262
PART-RIVERBANK-1,599,RiverBank/C3D8R,-255.0,5.0,-35.0,2.1018155e-05,5.627866e-08,-0.00041201612,0.000570434,-0.000191554,-0.000248592,0.0006043837461605013,146.49884863689522,57.81413636672262
PART-RIVERBANK-2,45,RiverBank/C3D8R,255.0,10.0,0.0,-0.0007005666,0.0001230108,-0.00037791178,-0.000506057,0.00016348,-0.00094794,0.0006036587713577667,74.94718576163805,34.94725963943972
PART-RIVERBANK-2,71,RiverBank/C3D8R,255.0,-10.0,0.0,-0.0007005666,-0.0001230108,-0.00037791178,-0.000506057,-0.00016348,-0.00094794,0.0006036587713577667,74.94718576163805,34.94725963943972
PART-RIVERBANK-1,53,RiverBank/C3D8R,-255.0,10.0,0.0,0.0007005666,0.0001230108,-0.00037791178,0.000506057,0.00016348,-0.00094794,0.0006036587713577667,74.94718576163805,34.94725963943972
PART-RIVERBANK-1,63,RiverBank/C3D8R,-255.0,-10.0,0.0,0.0007005666,-0.0001230108,-0.00037791178,0.000506057,-0.00016348,-0.00094794,0.0006036587713577667,74.94718576163805,34.94725963943972
PART-RIVERBANK-2,265,RiverBank/C3D8R,255.0,0.0,0.0,-0.0005506408,-3.5320036e-17,-0.00056623627,-0.000294591,1.78106e-15,-0.00110454,0.0005960976478832582,75.47179797516978,44.73401161363768
PART-RIVERBANK-1,289,RiverBank/C3D8R,-255.0,0.0,0.0,0.0005506408,1.1098394e-17,-0.00056623627,0.000294591,1.71528e-15,-0.00110454,0.0005960976478832582,75.47179797516978,44.73401161363768
PART-RIVERBANK-2,130,RiverBank/C3D8R,250.0,0.0,-5.0,-0.00060580415,-2.7385603e-17,-0.00053644716,-0.000556561,2.21466e-15,-0.00112985,0.0005954425399163114,73.58580942501177,55.65023215928967
PART-RIVERBANK-1,145,RiverBank/C3D8R,-250.0,0.0,-5.0,0.00060580415,1.6093734e-17,-0.00053644716,0.000556561,2.09429e-15,-0.00112985,0.0005954425399163114,73.58580942501177,55.65023215928967
PART-RIVERBANK-2,391,RiverBank/C3D8R,255.0,0.0,-25.0,-0.00041173818,-1.711175e-17,-0.000716336,4.67938e-05,6.20275e-16,-0.00105548,0.00057032467018245,69.0268651658161,27.871096234667046
PART-RIVERBANK-1,511,RiverBank/C3D8R,-255.0,0.0,-25.0,0.00041173818,3.119275e-18,-0.000716336,-4.67938e-05,6.22547e-16,-0.00105548,0.00057032467018245,69.0268651658161,27.871096234667046
PART-RIVERBANK-2,240,RiverBank/C3D8R,260.0,5.0,-30.0,-0.0010492023,-0.00032510798,-0.00012180941,-0.00134731,-0.000495036,0.000304908,0.0005475686995962411,49.54696866085185,32.77860417061335
PART-RIVERBANK-2,242,RiverBank/C3D8R,260.0,-5.0,-30.0,-0.0010492023,0.00032510798,-0.00012180941,-0.00134731,0.000495036,0.000304908,0.0005475686995962411,49.54696866085185,32.77860417061335
PART-RIVERBANK-1,258,RiverBank/C3D8R,-260.0,5.0,-30.0,0.0010492023,-0.00032510798,-0.00012180941,0.00134731,-0.000495036,0.000304908,0.0005475686995962411,49.54696866085185,32.77860417061335
PART-RIVERBANK-1,260,RiverBank/C3D8R,-260.0,-5.0,-30.0,0.0010492023,0.00032510798,-0.00012180941,0.00134731,0.000495036,0.000304908,0.0005475686995962411,49.54696866085185,32.77860417061335
PART-RIVERBANK-2,526,RiverBank/C3D8R,255.0,0.0,-35.0,-0.0002863603,-8.185485e-18,-0.00028733525,0.000231291,3.05581e-16,-0.000464831,0.0005472363380293312,134.89871649353853,27.986257648482
PART-RIVERBANK-1,598,RiverBank/C3D8R,-255.0,0.0,-35.0,0.0002863603,9.131901e-19,-0.00028733525,-0.000231291,2.9987e-16,-0.000464831,0.0005472363380293312,134.89871649353853,27.986257648482
PART-RIVERBANK-2,241,RiverBank/C3D8R,260.0,0.0,-30.0,0.0007613499,-1.3627888e-18,-0.0007222065,0.00102534,5.05094e-16,-0.00116448,0.0005150695309375813,49.08238747996925,47.85232413652588
PART-RIVERBANK-1,259,RiverBank/C3D8R,-260.0,0.0,-30.0,-0.0007613499,1.3437766e-18,-0.0007222065,-0.00102534,4.73236e-16,-0.00116448,0.0005150695309375813,49.08238747996925,47.85232413652588
PART-RIVERBANK-2,82,RiverBank/C3D8R,250.0,10.0,-40.0,0.00041012975,0.00022068698,-0.0006343794,0.000843032,0.000449479,-0.000788175,0.0005132282465434876,65.21443702584655,57.37632114942447
PART-RIVERBANK-2,88,RiverBank/C3D8R,250.0,-10.0,-40.0,0.00041012975,-0.00022068698,-0.0006343794,0.000843032,-0.000449479,-0.000788175,0.0005132282465434876,65.21443702584655,57.37632114942447
PART-RIVERBANK-1,91,RiverBank/C3D8R,-250.0,10.0,-40.0,-0.00041012975,0.00022068698,-0.0006343794,-0.000843032,0.000449479,-0.000788175,0.0005132282465434876,65.21443702584655,57.37632114942447
PART-RIVERBANK-1,97,RiverBank/C3D8R,-250.0,-10.0,-40.0,-0.00041012975,-0.00022068698,-0.0006343794,-0.000843032,-0.000449479,-0.000788175,0.0005132282465434876,65.21443702584655,57.37632114942447
PART-RIVERBANK-2,46,RiverBank/C3D8R,260.0,10.0,0.0,-0.0005051981,-0.0001256833,-0.0009892554,-0.000834863,-0.000148814,-0.000617904,0.0004971074711332148,44.46891164072084,6.1380757272643205
PART-RIVERBANK-2,70,RiverBank/C3D8R,260.0,-10.0,0.0,-0.0005051981,0.0001256833,-0.0009892554,-0.000834863,0.000148814,-0.000617904,0.0004971074711332148,44.46891164072084,6.1380757272643205
PART-RIVERBANK-1,52,RiverBank/C3D8R,-260.0,10.0,0.0,0.0005051981,-0.0001256833,-0.0009892554,0.000834863,-0.000148814,-0.000617904,0.0004971074711332148,44.46891164072084,6.1380757272643205
PART-RIVERBANK-1,64,RiverBank/C3D8R,-260.0,-10.0,0.0,0.0005051981,0.0001256833,-0.0009892554,0.000834863,0.000148814,-0.000617904,0.0004971074711332148,44.46891164072084,6.1380757272643205
PART-RIVERBANK-2,268,RiverBank/C3D8R,260.0,0.0,0.0,-0.0006514502,-3.369351e-17,-0.00096715277,-0.00101153,1.46477e-15,-0.000636139,0.0004891089636243166,41.9442660968554,2.4732874128992126
PART-RIVERBANK-1,286,RiverBank/C3D8R,-260.0,0.0,0.0,0.0006514502,7.01567e-18,-0.00096715277,0.00101153,1.40355e-15,-0.000636139,0.0004891089636243166,41.9442660968554,2.4732874128992126
PART-RIVERBANK-2,312,RiverBank/C3D8R,260.0,-10.0,-35.0,3.438e-05,-5.3229756e-05,-0.00026839293,-0.000276639,0.000264801,-0.000172194,0.000455116044823819,165.03349283917424,52.25636597845236
PART-RIVERBANK-2,339,RiverBank/C3D8R,260.0,10.0,-35.0,3.438e-05,5.3229756e-05,-0.00026839293,-0.000276639,-0.000264801,-0.000172194,0.000455116044823819,165.03349283917424,52.25636597845236
PART-RIVERBANK-1,330,RiverBank/C3D8R,-260.0,-10.0,-35.0,-3.438e-05,-5.3229756e-05,-0.00026839293,0.000276639,0.000264801,-0.000172194,0.000455116044823819,165.03349283917424,52.25636597845236
PART-RIVERBANK-1,357,RiverBank/C3D8R,-260.0,10.0,-35.0,-3.438e-05,5.3229756e-05,-0.00026839293,0.000276639,-0.000264801,-0.000172194,0.000455116044823819,165.03349283917424,52.25636597845236
PART-RIVERBANK-2,129,RiverBank/C3D8R,250.0,5.0,-5.0,0.0001160039,-0.00017100759,-0.0013193822,-8.9075e-06,-0.000161108,-0.000883228,0.00045379659089703195,33.98038836203543,32.76911976366014
PART-RIVERBANK-2,131,RiverBank/C3D8R,250.0,-5.0,-5.0,0.0001160039,0.00017100759,-0.0013193822,-8.9075e-06,0.000161108,-0.000883228,0.00045379659089703195,33.98038836203543,32.76911976366014
PART-RIVERBANK-1,144,RiverBank/C3D8R,-250.0,5.0,-5.0,-0.0001160039,-0.00017100759,-0.0013193822,8.9075e-06,-0.000161108,-0.000883228,0.00045379659089703195,33.98038836203543,32.76911976366014
PART-RIVERBANK-1,146,RiverBank/C3D8R,-250.0,-5.0,-5.0,-0.0001160039,0.00017100759,-0.0013193822,8.9075e-06,0.000161108,-0.000883228,0.00045379659089703195,33.98038836203543,32.76911976366014
PART-RIVERBANK-2,60,RiverBank/C3D8R,265.0,10.0,-30.0,-0.0006840569,-0.00057645346,-5.0457787e-05,-0.000833414,-0.000847461,0.00028072,0.0004532453603286844,50.58660360765198,36.308951265047035
PART-RIVERBANK-2,74,RiverBank/C3D8R,265.0,-10.0,-30.0,-0.0006840569,0.00057645346,-5.0457787e-05,-0.000833414,0.000847461,0.00028072,0.0004532453603286844,50.58660360765198,36.308951265047035
PART-RIVERBANK-1,56,RiverBank/C3D8R,-265.0,10.0,-30.0,0.0006840569,-0.00057645346,-5.0457787e-05,0.000833414,-0.000847461,0.00028072,0.0004532453603286844,50.58660360765198,36.308951265047035
PART-RIVERBANK-1,78,RiverBank/C3D8R,-265.0,-10.0,-30.0,0.0006840569,0.00057645346,-5.0457787e-05,0.000833414,0.000847461,0.00028072,0.0004532453603286844,50.58660360765198,36.308951265047035
PART-RIVERBANK-2,267,RiverBank/C3D8R,260.0,5.0,0.0,-0.0006709003,-1.5727815e-05,-0.00070150493,-0.000507004,-8.43115e-05,-0.00111717,0.0004520433269278224,46.56372724288588,26.67083721364973
PART-RIVERBANK-2,269,RiverBank/C3D8R,260.0,-5.0,0.0,-0.0006709003,1.5727815e-05,-0.00070150493,-0.000507004,8.43115e-05,-0.00111717,0.0004520433269278224,46.56372724288588,26.67083721364973
PART-RIVERBANK-1,285,RiverBank/C3D8R,-260.0,5.0,0.0,0.0006709003,-1.5727815e-05,-0.00070150493,0.000507004,-8.43115e-05,-0.00111717,0.0004520433269278224,46.56372724288588,26.67083721364973
PART-RIVERBANK-1,287,RiverBank/C3D8R,-260.0,-5.0,0.0,0.0006709003,1.5727815e-05,-0.00070150493,0.000507004,8.43115e-05,-0.00111717,0.0004520433269278224,46.56372724288588,26.67083721364973
PART-RIVERBANK-2,17,RiverBank/C3D8R,250.0,-10.0,-20.0,0.0004105204,0.00014928315,-0.0013587953,0.000765196,0.000214806,-0.00159897,0.0004333265646456174,30.360238722692976,25.104904029213316
PART-RIVERBANK-2,27,RiverBank/C3D8R,250.0,10.0,-20.0,0.0004105204,-0.00014928315,-0.0013587953,0.000765196,-0.000214806,-0.00159897,0.0004333265646456174,30.360238722692976,25.104904029213316
PART-RIVERBANK-1,35,RiverBank/C3D8R,-250.0,-10.0,-20.0,-0.0004105204,0.00014928315,-0.0013587953,-0.000765196,0.000214806,-0.00159897,0.0004333265646456174,30.360238722692976,25.104904029213316
PART-RIVERBANK-1,41,RiverBank/C3D8R,-250.0,10.0,-20.0,-0.0004105204,-0.00014928315,-0.0013587953,-0.000765196,-0.000214806,-0.00159897,0.0004333265646456174,30.360238722692976,25.104904029213316
PART-RIVERBANK-2,294,RiverBank/C3D8R,250.0,-5.0,-40.0,-0.00049709034,5.5936985e-06,-7.400452e-05,-0.000905287,9.35036e-05,1.24341e-05,0.00042640860573445237,84.84054951886348,81.09588733498623
PART-RIVERBANK-2,296,RiverBank/C3D8R,250.0,5.0,-40.0,-0.00049709034,-5.5936985e-06,-7.400452e-05,-0.000905287,-9.35036e-05,1.24341e-05,0.00042640860573445237,84.84054951886348,81.09588733498623
PART-RIVERBANK-1,303,RiverBank/C3D8R,-250.0,-5.0,-40.0,0.00049709034,5.5936985e-06,-7.400452e-05,0.000905287,9.35036e-05,1.24341e-05,0.00042640860573445237,84.84054951886348,81.09588733498623
PART-RIVERBANK-1,305,RiverBank/C3D8R,-250.0,5.0,-40.0,0.00049709034,-5.5936985e-06,-7.400452e-05,0.000905287,-9.35036e-05,1.24341e-05,0.00042640860573445237,84.84054951886348,81.09588733498623
PART-RIVERBANK-2,120,RiverBank/C3D8R,250.0,5.0,-20.0,-0.00081896054,8.087376e-05,-0.000104474275,-0.00120629,7.90392e-05,6.69161e-05,0.0004235588941775699,51.058926427127936,45.95003311366141
PART-RIVERBANK-2,122,RiverBank/C3D8R,250.0,-5.0,-20.0,-0.00081896054,-8.087376e-05,-0.000104474275,-0.00120629,-7.90392e-05,6.69161e-05,0.0004235588941775699,51.058926427127936,45.95003311366141
PART-RIVERBANK-1,135,RiverBank/C3D8R,-250.0,5.0,-20.0,0.00081896054,8.087376e-05,-0.000104474275,0.00120629,7.90392e-05,6.69161e-05,0.0004235588941775699,51.058926427127936,45.95003311366141
PART-RIVERBANK-1,137,RiverBank/C3D8R,-250.0,-5.0,-20.0,0.00081896054,-8.087376e-05,-0.000104474275,0.00120629,-7.90392e-05,6.69161e-05,0.0004235588941775699,51.058926427127936,45.95003311366141
PART-RIVERBANK-2,152,RiverBank/C3D8R,260.0,10.0,-25.0,-1.3476952e-05,6.238665e-05,-0.00052093767,-0.000301574,-0.000207783,-0.000423422,0.0004068179626601875,77.51377837662243,6.66772276461994
PART-RIVERBANK-2,197,RiverBank/C3D8R,260.0,-10.0,-25.0,-1.3476952e-05,-6.238665e-05,-0.00052093767,-0.000301574,0.000207783,-0.000423422,0.0004068179626601875,77.51377837662243,6.66772276461994
PART-RIVERBANK-1,182,RiverBank/C3D8R,-260.0,10.0,-25.0,1.3476952e-05,6.238665e-05,-0.00052093767,0.000301574,-0.000207783,-0.000423422,0.0004068179626601875,77.51377837662243,6.66772276461994
PART-RIVERBANK-1,227,RiverBank/C3D8R,-260.0,-10.0,-25.0,1.3476952e-05,-6.238665e-05,-0.00052093767,0.000301574,0.000207783,-0.000423422,0.0004068179626601875,77.51377837662243,6.66772276461994
PART-RIVERBANK-2,295,RiverBank/C3D8R,250.0,0.0,-40.0,0.00021056968,-7.7571385e-18,-0.00045209654,0.00059742,1.4924e-16,-0.000556919,0.00040080034706141914,80.36431421956848,63.76484295522461
PART-RIVERBANK-1,304,RiverBank/C3D8R,-250.0,0.0,-40.0,-0.00021056968,-7.7768406e-20,-0.00045209654,-0.00059742,1.60005e-16,-0.000556919,0.00040080034706141914,80.36431421956848,63.76484295522461
PART-RIVERBANK-2,121,RiverBank/C3D8R,250.0,0.0,-20.0,7.4406766e-05,-3.203383e-17,-0.0014095407,0.000366081,9.21003e-16,-0.00167516,0.00039449647819971316,27.948677087687972,21.48000847682043
PART-RIVERBANK-1,136,RiverBank/C3D8R,-250.0,0.0,-20.0,-7.4406766e-05,5.9646555e-18,-0.0014095407,-0.000366081,9.27291e-16,-0.00167516,0.00039449647819971316,27.948677087687972,21.48000847682043
PART-RIVERBANK-2,243,RiverBank/C3D8R,265.0,5.0,-30.0,0.0004618316,0.0003016928,-0.0006739675,0.000568552,0.000430084,-0.0010053,0.00037101855690767,42.59970853734412,41.503989262777516
PART-RIVERBANK-2,245,RiverBank/C3D8R,265.0,-5.0,-30.0,0.0004618316,-0.0003016928,-0.0006739675,0.000568552,-0.000430084,-0.0010053,0.00037101855690767,42.59970853734412,41.503989262777516
PART-RIVERBANK-1,255,RiverBank/C3D8R,-265.0,5.0,-30.0,-0.0004618316,0.0003016928,-0.0006739675,-0.000568552,0.000430084,-0.0010053,0.00037101855690767,42.59970853734412,41.503989262777516
PART-RIVERBANK-1,257,RiverBank/C3D8R,-265.0,-5.0,-30.0,-0.0004618316,-0.0003016928,-0.0006739675,-0.000568552,-0.000430084,-0.0010053,0.00037101855690767,42.59970853734412,41.503989262777516
PART-RIVERBANK-2,270,RiverBank/C3D8R,265.0,5.0,0.0,-0.00043481193,-1.9420644e-05,-0.0006924039,-0.000681352,2.64457e-05,-0.000437746,0.00035740225749138926,43.70077262304336,0.923758109378218
PART-RIVERBANK-2,272,RiverBank/C3D8R,265.0,-5.0,0.0,-0.00043481193,1.9420644e-05,-0.0006924039,-0.000681352,-2.64457e-05,-0.000437746,0.00035740225749138926,43.70077262304336,0.923758109378218
PART-RIVERBANK-1,282,RiverBank/C3D8R,-265.0,5.0,0.0,0.00043481193,-1.9420644e-05,-0.0006924039,0.000681352,2.64457e-05,-0.000437746,0.00035740225749138926,43.70077262304336,0.923758109378218
PART-RIVERBANK-1,284,RiverBank/C3D8R,-265.0,-5.0,0.0,0.00043481193,1.9420644e-05,-0.0006924039,0.000681352,-2.64457e-05,-0.000437746,0.00035740225749138926,43.70077262304336,0.923758109378218
PART-RIVERBANK-2,59,RiverBank/C3D8R,270.0,10.0,-30.0,0.00024093542,0.0005156619,-0.00061596493,0.000275367,0.000709623,-0.000891781,0.0003389409188704594,40.41402661895857,39.799809714075984
PART-RIVERBANK-2,75,RiverBank/C3D8R,270.0,-10.0,-30.0,0.00024093542,-0.0005156619,-0.00061596493,0.000275367,-0.000709623,-0.000891781,0.0003389409188704594,40.41402661895857,39.799809714075984
PART-RIVERBANK-1,57,RiverBank/C3D8R,-270.0,10.0,-30.0,-0.00024093542,0.0005156619,-0.00061596493,-0.000275367,0.000709623,-0.000891781,0.0003389409188704594,40.41402661895857,39.799809714075984
PART-RIVERBANK-1,77,RiverBank/C3D8R,-270.0,-10.0,-30.0,-0.00024093542,-0.0005156619,-0.00061596493,-0.000275367,-0.000709623,-0.000891781,0.0003389409188704594,40.41402661895857,39.799809714075984
PART-RIVERBANK-2,534,RiverBank/C3D8R,260.0,-5.0,-35.0,-0.00023562,6.7731717e-06,-0.00026994117,3.68862e-05,-0.000138706,-0.000351347,0.00031945379571222347,89.14013702453649,5.904356798831456
PART-RIVERBANK-2,536,RiverBank/C3D8R,260.0,5.0,-35.0,-0.00023562,-6.7731717e-06,-0.00026994117,3.68862e-05,0.000138706,-0.000351347,0.00031945379571222347,89.14013702453649,5.904356798831456
PART-RIVERBANK-1,588,RiverBank/C3D8R,-260.0,-5.0,-35.0,0.00023562,6.7731717e-06,-0.00026994117,-3.68862e-05,-0.000138706,-0.000351347,0.00031945379571222347,89.14013702453649,5.904356798831456
PART-RIVERBANK-1,590,RiverBank/C3D8R,-260.0,5.0,-35.0,0.00023562,-6.7731717e-06,-0.00026994117,-3.68862e-05,0.000138706,-0.000351347,0.00031945379571222347,89.14013702453649,5.904356798831456
PART-RIVERBANK-2,244,RiverBank/C3D8R,265.0,0.0,-30.0,-0.0005703869,-1.02991125e-17,-0.00020523233,-0.000689987,2.95944e-16,8.8279e-05,0.000316943346291382,52.28483025300422,14.75213230044632
PART-RIVERBANK-1,256,RiverBank/C3D8R,-265.0,0.0,-30.0,0.0005703869,2.5846751e-18,-0.00020523233,0.000689987,2.82832e-16,8.8279e-05,0.000316943346291382,52.28483025300422,14.75213230044632
PART-RIVERBANK-2,19,RiverBank/C3D8R,250.0,-10.0,-10.0,-4.5411747e-05,0.00026152018,-0.001334378,-5.48303e-05,0.000520219,-0.00116348,0.0003101933510151471,22.79958629143855,6.2371181516369045
PART-RIVERBANK-2,25,RiverBank/C3D8R,250.0,10.0,-10.0,-4.5411747e-05,-0.00026152018,-0.001334378,-5.48303e-05,-0.000520219,-0.00116348,0.0003101933510151471,22.79958629143855,6.2371181516369045
PART-RIVERBANK-1,33,RiverBank/C3D8R,-250.0,-10.0,-10.0,4.5411747e-05,0.00026152018,-0.001334378,5.48303e-05,0.000520219,-0.00116348,0.0003101933510151471,22.79958629143855,6.2371181516369045
PART-RIVERBANK-1,43,RiverBank/C3D8R,-250.0,10.0,-10.0,4.5411747e-05,-0.00026152018,-0.001334378,5.48303e-05,-0.000520219,-0.00116348,0.0003101933510151471,22.79958629143855,6.2371181516369045
PART-RIVERBANK-2,47,RiverBank/C3D8R,265.0,10.0,0.0,-0.0006119155,1.705923e-05,-0.00040502517,-0.000538652,6.43947e-06,-0.000704464,0.00030845410136108825,42.022901133477916,20.81836811596313
PART-RIVERBANK-2,69,RiverBank/C3D8R,265.0,-10.0,0.0,-0.0006119155,-1.705923e-05,-0.00040502517,-0.000538652,-6.43947e-06,-0.000704464,0.00030845410136108825,42.022901133477916,20.81836811596313
PART-RIVERBANK-1,51,RiverBank/C3D8R,-265.0,10.0,0.0,0.0006119155,1.705923e-05,-0.00040502517,0.000538652,6.43947e-06,-0.000704464,0.00030845410136108825,42.022901133477916,20.81836811596313
PART-RIVERBANK-1,65,RiverBank/C3D8R,-265.0,-10.0,0.0,0.0006119155,-1.705923e-05,-0.00040502517,0.000538652,-6.43947e-06,-0.000704464,0.00030845410136108825,42.022901133477916,20.81836811596313
PART-RIVERBANK-2,18,RiverBank/C3D8R,250.0,-10.0,-15.0,-0.00076255156,-0.00030869112,-0.00029648043,-0.000971163,-0.000522129,-0.000357286,0.0003045846004984377,34.83126821883864,32.54666168077331
PART-RIVERBANK-2,26,RiverBank/C3D8R,250.0,10.0,-15.0,-0.00076255156,0.00030869112,-0.00029648043,-0.000971163,0.000522129,-0.000357286,0.0003045846004984377,34.83126821883864,32.54666168077331
PART-RIVERBANK-1,34,RiverBank/C3D8R,-250.0,-10.0,-15.0,0.00076255156,-0.00030869112,-0.00029648043,0.000971163,-0.000522129,-0.000357286,0.0003045846004984377,34.83126821883864,32.54666168077331
PART-RIVERBANK-1,42,RiverBank/C3D8R,-250.0,10.0,-15.0,0.00076255156,0.00030869112,-0.00029648043,0.000971163,0.000522129,-0.000357286,0.0003045846004984377,34.83126821883864,32.54666168077331
PART-RIVERBANK-2,405,RiverBank/C3D8R,260.0,5.0,-25.0,-0.00029345023,-4.2953958e-05,-0.00048658502,-5.91875e-05,8.59041e-05,-0.000619801,0.00029871378124543346,52.420202319908746,10.296503667707084
PART-RIVERBANK-2,407,RiverBank/C3D8R,260.0,-5.0,-25.0,-0.00029345023,4.2953958e-05,-0.00048658502,-5.91875e-05,-8.59041e-05,-0.000619801,0.00029871378124543346,52.420202319908746,10.296503667707084
PART-RIVERBANK-1,495,RiverBank/C3D8R,-260.0,5.0,-25.0,0.00029345023,-4.2953958e-05,-0.00048658502,5.91875e-05,8.59041e-05,-0.000619801,0.00029871378124543346,52.420202319908746,10.296503667707084
PART-RIVERBANK-1,497,RiverBank/C3D8R,-260.0,-5.0,-25.0,0.00029345023,4.2953958e-05,-0.00048658502,5.91875e-05,-8.59041e-05,-0.000619801,0.00029871378124543346,52.420202319908746,10.296503667707084
PART-RIVERBANK-2,126,RiverBank/C3D8R,250.0,5.0,-10.0,-0.0009285644,0.00015230001,-0.00048574797,-0.00103797,0.000196359,-0.000759426,0.00029801081191101273,28.14206492815869,22.859750831774843
PART-RIVERBANK-2,128,RiverBank/C3D8R,250.0,-5.0,-10.0,-0.0009285644,-0.00015230001,-0.00048574797,-0.00103797,-0.000196359,-0.000759426,0.00029801081191101273,28.14206492815869,22.859750831774843
PART-RIVERBANK-1,141,RiverBank/C3D8R,-250.0,5.0,-10.0,0.0009285644,0.00015230001,-0.00048574797,0.00103797,0.000196359,-0.000759426,0.00029801081191101273,28.14206492815869,22.859750831774843
PART-RIVERBANK-1,143,RiverBank/C3D8R,-250.0,-5.0,-10.0,0.0009285644,-0.00015230001,-0.00048574797,0.00103797,-0.000196359,-0.000759426,0.00029801081191101273,28.14206492815869,22.859750831774843
PART-RIVERBANK-2,271,RiverBank/C3D8R,265.0,0.0,0.0,-0.0004947803,-2.677408e-17,-0.00043396084,-0.000397693,1.18624e-15,-0.000706142,0.0002889784207864587,43.90929895537381,23.142061846260585
PART-RIVERBANK-1,283,RiverBank/C3D8R,-265.0,0.0,0.0,0.0004947803,5.8099268e-18,-0.00043396084,0.000397693,1.13982e-15,-0.000706142,0.0002889784207864587,43.90929895537381,23.142061846260585
PART-RIVERBANK-2,310,RiverBank/C3D8R,255.0,-10.0,-40.0,-0.00015281218,-8.934265e-05,-0.00017161676,-0.000343778,0.000103152,-8.10924e-05,0.00028586149520406644,115.94551022380566,49.24748002906737
PART-RIVERBANK-2,337,RiverBank/C3D8R,255.0,10.0,-40.0,-0.00015281218,8.934265e-05,-0.00017161676,-0.000343778,-0.000103152,-8.10924e-05,0.00028586149520406644,115.94551022380566,49.24748002906737
PART-RIVERBANK-1,334,RiverBank/C3D8R,-255.0,-10.0,-40.0,0.00015281218,-8.934265e-05,-0.00017161676,0.000343778,0.000103152,-8.10924e-05,0.00028586149520406644,115.94551022380566,49.24748002906737
PART-RIVERBANK-1,361,RiverBank/C3D8R,-255.0,10.0,-40.0,0.00015281218,8.934265e-05,-0.00017161676,0.000343778,-0.000103152,-8.10924e-05,0.00028586149520406644,115.94551022380566,49.24748002906737
PART-RIVERBANK-2,315,RiverBank/C3D8R,265.0,-10.0,-35.0,-0.0001878979,-1.4290165e-05,-0.00038110517,-3.82732e-05,-0.000247672,-0.000426933,0.0002809890064763498,66.09201581658846,16.442594102923984
PART-RIVERBANK-2,342,RiverBank/C3D8R,265.0,10.0,-35.0,-0.0001878979,1.4290165e-05,-0.00038110517,-3.82732e-05,0.000247672,-0.000426933,0.0002809890064763498,66.09201581658846,16.442594102923984
PART-RIVERBANK-1,327,RiverBank/C3D8R,-265.0,-10.0,-35.0,0.0001878979,-1.4290165e-05,-0.00038110517,3.82732e-05,-0.000247672,-0.000426933,0.0002809890064763498,66.09201581658846,16.442594102923984
PART-RIVERBANK-1,354,RiverBank/C3D8R,-265.0,10.0,-35.0,0.0001878979,1.4290165e-05,-0.00038110517,3.82732e-05,0.000247672,-0.000426933,0.0002809890064763498,66.09201581658846,16.442594102923984
PART-RIVERBANK-2,393,RiverBank/C3D8R,255.0,5.0,-20.0,-0.00028658588,-3.5002256e-05,-0.00068455323,-0.000210719,2.27707e-05,-0.000941805,0.0002743573784210026,36.928273696731786,29.936490451215953
PART-RIVERBANK-2,395,RiverBank/C3D8R,255.0,-5.0,-20.0,-0.00028658588,3.5002256e-05,-0.00068455323,-0.000210719,-2.27707e-05,-0.000941805,0.0002743573784210026,36.928273696731786,29.936490451215953
PART-RIVERBANK-1,513,RiverBank/C3D8R,-255.0,5.0,-20.0,0.00028658588,-3.5002256e-05,-0.00068455323,0.000210719,2.27707e-05,-0.000941805,0.0002743573784210026,36.928273696731786,29.936490451215953
PART-RIVERBANK-1,515,RiverBank/C3D8R,-255.0,-5.0,-20.0,0.00028658588,3.5002256e-05,-0.00068455323,0.000210719,-2.27707e-05,-0.000941805,0.0002743573784210026,36.928273696731786,29.936490451215953
PART-RIVERBANK-2,406,RiverBank/C3D8R,260.0,0.0,-25.0,0.00011227693,-1.4304878e-17,-0.0006004787,-0.000148082,5.75933e-16,-0.000519932,0.00027253356364241615,44.61289046966152,11.504080397815274
PART-RIVERBANK-1,496,RiverBank/C3D8R,-260.0,0.0,-25.0,-0.00011227693,3.5728677e-18,-0.0006004787,0.000148082,5.41696e-16,-0.000519932,0.00027253356364241615,44.61289046966152,11.504080397815274
PART-RIVERBANK-2,246,RiverBank/C3D8R,270.0,5.0,-30.0,-0.00037312048,-0.00018964653,-0.00020355395,-0.000417012,-0.000280679,4.66494e-05,0.00026984271802928795,57.97790524016935,8.467378187907377
PART-RIVERBANK-2,248,RiverBank/C3D8R,270.0,-5.0,-30.0,-0.00037312048,0.00018964653,-0.00020355395,-0.000417012,0.000280679,4.66494e-05,0.00026984271802928795,57.97790524016935,8.467378187907377
PART-RIVERBANK-1,252,RiverBank/C3D8R,-270.0,5.0,-30.0,0.00037312048,-0.00018964653,-0.00020355395,0.000417012,-0.000280679,4.66494e-05,0.00026984271802928795,57.97790524016935,8.467378187907377
PART-RIVERBANK-1,254,RiverBank/C3D8R,-270.0,-5.0,-30.0,0.00037312048,0.00018964653,-0.00020355395,0.000417012,0.000280679,4.66494e-05,0.00026984271802928795,57.97790524016935,8.467378187907377
PART-RIVERBANK-2,535,RiverBank/C3D8R,260.0,0.0,-35.0,0.00019232585,-6.253326e-18,-0.0005350758,-7.25072e-05,2.6452e-16,-0.000506235,0.00026639882904574204,46.8524802541859,10.058111432485326
PART-RIVERBANK-1,589,RiverBank/C3D8R,-260.0,0.0,-35.0,-0.00019232585,1.7122636e-18,-0.0005350758,7.25072e-05,2.56956e-16,-0.000506235,0.00026639882904574204,46.8524802541859,10.058111432485326
PART-RIVERBANK-2,48,RiverBank/C3D8R,270.0,10.0,0.0,-0.00038121227,-5.12123e-05,-0.000763795,-0.000550475,-3.68705e-05,-0.000568899,0.0002585343493818431,30.231664811176245,7.331230831805706
PART-RIVERBANK-2,68,RiverBank/C3D8R,270.0,-10.0,0.0,-0.00038121227,5.12123e-05,-0.000763795,-0.000550475,3.68705e-05,-0.000568899,0.0002585343493818431,30.231664811176245,7.331230831805706
PART-RIVERBANK-1,50,RiverBank/C3D8R,-270.0,10.0,0.0,0.00038121227,-5.12123e-05,-0.000763795,0.000550475,-3.68705e-05,-0.000568899,0.0002585343493818431,30.231664811176245,7.331230831805706
PART-RIVERBANK-1,66,RiverBank/C3D8R,-270.0,-10.0,0.0,0.00038121227,5.12123e-05,-0.000763795,0.000550475,3.68705e-05,-0.000568899,0.0002585343493818431,30.231664811176245,7.331230831805706
PART-RIVERBANK-2,58,RiverBank/C3D8R,275.0,10.0,-30.0,-0.00021954942,-0.00029803393,-0.00012694883,-0.000234652,-0.000428237,9.48834e-05,0.00025766347359851803,65.84236916766388,27.115205801225883
PART-RIVERBANK-2,76,RiverBank/C3D8R,275.0,-10.0,-30.0,-0.00021954942,0.00029803393,-0.00012694883,-0.000234652,0.000428237,9.48834e-05,0.00025766347359851803,65.84236916766388,27.115205801225883
PART-RIVERBANK-1,58,RiverBank/C3D8R,-275.0,10.0,-30.0,0.00021954942,-0.00029803393,-0.00012694883,0.000234652,-0.000428237,9.48834e-05,0.00025766347359851803,65.84236916766388,27.115205801225883
PART-RIVERBANK-1,76,RiverBank/C3D8R,-275.0,-10.0,-30.0,0.00021954942,0.00029803393,-0.00012694883,0.000234652,0.000428237,9.48834e-05,0.00025766347359851803,65.84236916766388,27.115205801225883
PART-RIVERBANK-2,274,RiverBank/C3D8R,270.0,0.0,0.0,-0.00045513705,-2.2968096e-17,-0.00078455295,-0.000637695,9.60716e-16,-0.000612953,0.00025054729682877244,27.623333205600336,2.4805088812094986
PART-RIVERBANK-1,280,RiverBank/C3D8R,-270.0,0.0,0.0,0.00045513705,2.6263758e-18,-0.00078455295,0.000637695,9.09253e-16,-0.000612953,0.00025054729682877244,27.623333205600336,2.4805088812094986
PART-RIVERBANK-2,157,RiverBank/C3D8R,265.0,10.0,-25.0,-0.00027741469,-1.6211743e-05,-0.0004666729,-0.000160295,0.000202134,-0.000489359,0.0002488102578374295,45.80926805010111,1.8505629260821173
PART-RIVERBANK-2,202,RiverBank/C3D8R,265.0,-10.0,-25.0,-0.00027741469,1.6211743e-05,-0.0004666729,-0.000160295,-0.000202134,-0.000489359,0.0002488102578374295,45.80926805010111,1.8505629260821173
PART-RIVERBANK-1,177,RiverBank/C3D8R,-265.0,10.0,-25.0,0.00027741469,-1.6211743e-05,-0.0004666729,0.000160295,0.000202134,-0.000489359,0.0002488102578374295,45.80926805010111,1.8505629260821173
PART-RIVERBANK-1,222,RiverBank/C3D8R,-265.0,-10.0,-25.0,0.00027741469,1.6211743e-05,-0.0004666729,0.000160295,-0.000202134,-0.000489359,0.0002488102578374295,45.80926805010111,1.8505629260821173
PART-RIVERBANK-2,247,RiverBank/C3D8R,270.0,0.0,-30.0,0.00016470012,-2.0974252e-18,-0.0005114052,0.000177987,3.06e-16,-0.000759347,0.0002482975581180257,46.21448157809295,45.16435533903876
PART-RIVERBANK-1,253,RiverBank/C3D8R,-270.0,0.0,-30.0,-0.00016470012,2.8340275e-19,-0.0005114052,-0.000177987,2.86127e-16,-0.000759347,0.0002482975581180257,46.21448157809295,45.16435533903876
PART-RIVERBANK-2,148,RiverBank/C3D8R,255.0,10.0,-20.0,-0.00023139297,0.00018842914,-0.0006736814,-0.000392541,0.000124066,-0.000509676,0.00023876572742481382,32.4051560123076,11.080400056441661
PART-RIVERBANK-2,193,RiverBank/C3D8R,255.0,-10.0,-20.0,-0.00023139297,-0.00018842914,-0.0006736814,-0.000392541,-0.000124066,-0.000509676,0.00023876572742481382,32.4051560123076,11.080400056441661
PART-RIVERBANK-1,188,RiverBank/C3D8R,-255.0,10.0,-20.0,0.00023139297,0.00018842914,-0.0006736814,0.000392541,0.000124066,-0.000509676,0.00023876572742481382,32.4051560123076,11.080400056441661
PART-RIVERBANK-1,233,RiverBank/C3D8R,-255.0,-10.0,-20.0,0.00023139297,-0.00018842914,-0.0006736814,0.000392541,-0.000124066,-0.000509676,0.00023876572742481382,32.4051560123076,11.080400056441661
PART-RIVERBANK-2,249,RiverBank/C3D8R,275.0,5.0,-30.0,4.7330024e-05,0.00018945344,-0.0005124192,2.52633e-05,0.000252767,-0.000724781,0.00022269504100272587,40.61059700721121,40.053766454718335
PART-RIVERBANK-2,251,RiverBank/C3D8R,275.0,-5.0,-30.0,4.7330024e-05,-0.00018945344,-0.0005124192,2.52633e-05,-0.000252767,-0.000724781,0.00022269504100272587,40.61059700721121,40.053766454718335
PART-RIVERBANK-1,249,RiverBank/C3D8R,-275.0,5.0,-30.0,-4.7330024e-05,0.00018945344,-0.0005124192,-2.52633e-05,0.000252767,-0.000724781,0.00022269504100272587,40.61059700721121,40.053766454718335
PART-RIVERBANK-1,251,RiverBank/C3D8R,-275.0,-5.0,-30.0,-4.7330024e-05,-0.00018945344,-0.0005124192,-2.52633e-05,-0.000252767,-0.000724781,0.00022269504100272587,40.61059700721121,40.053766454718335
PART-RIVERBANK-2,57,RiverBank/C3D8R,280.0,10.0,-30.0,-3.239899e-05,0.00029745145,-0.00047965557,-6.35426e-05,0.000385901,-0.000673215,0.0002150778935199048,38.04475132427821,37.72038546107531
PART-RIVERBANK-2,77,RiverBank/C3D8R,280.0,-10.0,-30.0,-3.239899e-05,-0.00029745145,-0.00047965557,-6.35426e-05,-0.000385901,-0.000673215,0.0002150778935199048,38.04475132427821,37.72038546107531
PART-RIVERBANK-1,59,RiverBank/C3D8R,-280.0,10.0,-30.0,3.239899e-05,0.00029745145,-0.00047965557,6.35426e-05,0.000385901,-0.000673215,0.0002150778935199048,38.04475132427821,37.72038546107531
PART-RIVERBANK-1,75,RiverBank/C3D8R,-280.0,-10.0,-30.0,3.239899e-05,-0.00029745145,-0.00047965557,6.35426e-05,-0.000385901,-0.000673215,0.0002150778935199048,38.04475132427821,37.72038546107531
PART-RIVERBANK-2,394,RiverBank/C3D8R,255.0,0.0,-20.0,2.7111682e-05,-1.816429e-17,-0.0006659463,-8.84145e-05,9.43905e-16,-0.000488874,0.00021142586917117576,31.72190838227812,25.460430671283017
PART-RIVERBANK-1,514,RiverBank/C3D8R,-255.0,0.0,-20.0,-2.7111682e-05,5.978441e-18,-0.0006659463,8.84145e-05,8.97126e-16,-0.000488874,0.00021142586917117576,31.72190838227812,25.460430671283017
PART-RIVERBANK-2,151,RiverBank/C3D8R,255.0,10.0,-5.0,-0.00061378564,-0.0002001859,-0.00081580534,-0.000793245,-0.000280944,-0.000764669,0.0002033284482698258,19.5440775163951,9.294201080155148
PART-RIVERBANK-2,196,RiverBank/C3D8R,255.0,-10.0,-5.0,-0.00061378564,0.0002001859,-0.00081580534,-0.000793245,0.000280944,-0.000764669,0.0002033284482698258,19.5440775163951,9.294201080155148
PART-RIVERBANK-1,191,RiverBank/C3D8R,-255.0,10.0,-5.0,0.00061378564,-0.0002001859,-0.00081580534,0.000793245,-0.000280944,-0.000764669,0.0002033284482698258,19.5440775163951,9.294201080155148
PART-RIVERBANK-1,236,RiverBank/C3D8R,-255.0,-10.0,-5.0,0.00061378564,0.0002001859,-0.00081580534,0.000793245,0.000280944,-0.000764669,0.0002033284482698258,19.5440775163951,9.294201080155148
PART-RIVERBANK-2,273,RiverBank/C3D8R,270.0,5.0,0.0,-0.00052049296,-1.3293107e-05,-0.0005637169,-0.000492878,-4.72399e-05,-0.00076017,0.00020126795887670857,26.22806585628497,18.22150683382017
PART-RIVERBANK-2,275,RiverBank/C3D8R,270.0,-5.0,0.0,-0.00052049296,1.3293107e-05,-0.0005637169,-0.000492878,4.72399e-05,-0.00076017,0.00020126795887670857,26.22806585628497,18.22150683382017
PART-RIVERBANK-1,279,RiverBank/C3D8R,-270.0,5.0,0.0,0.00052049296,-1.3293107e-05,-0.0005637169,0.000492878,-4.72399e-05,-0.00076017,0.00020126795887670857,26.22806585628497,18.22150683382017
PART-RIVERBANK-1,281,RiverBank/C3D8R,-270.0,-5.0,0.0,0.00052049296,1.3293107e-05,-0.0005637169,0.000492878,4.72399e-05,-0.00076017,0.00020126795887670857,26.22806585628497,18.22150683382017
PART-RIVERBANK-2,250,RiverBank/C3D8R,275.0,0.0,-30.0,-0.00017445133,-5.1927334e-18,-0.00022875013,-0.000176329,1.71676e-16,-2.87608e-05,0.00019999814438758626,69.52100117139686,37.89660115663786
PART-RIVERBANK-1,250,RiverBank/C3D8R,-275.0,0.0,-30.0,0.00017445133,1.0542548e-18,-0.00022875013,0.000176329,1.56604e-16,-2.87608e-05,0.00019999814438758626,69.52100117139686,37.89660115663786
PART-RIVERBANK-2,83,RiverBank/C3D8R,250.0,10.0,-45.0,-0.00030875925,1.9017831e-06,-5.6779118e-05,-0.000482196,-8.89053e-05,-1.69965e-05,0.00019977209336297883,63.63338158728268,56.27649230007425
PART-RIVERBANK-2,87,RiverBank/C3D8R,250.0,-10.0,-45.0,-0.00030875925,-1.9017831e-06,-5.6779118e-05,-0.000482196,8.89053e-05,-1.69965e-05,0.00019977209336297883,63.63338158728268,56.27649230007425
PART-RIVERBANK-1,90,RiverBank/C3D8R,-250.0,10.0,-45.0,0.00030875925,1.9017831e-06,-5.6779118e-05,0.000482196,-8.89053e-05,-1.69965e-05,0.00019977209336297883,63.63338158728268,56.27649230007425
PART-RIVERBANK-1,98,RiverBank/C3D8R,-250.0,-10.0,-45.0,0.00030875925,-1.9017831e-06,-5.6779118e-05,0.000482196,8.89053e-05,-1.69965e-05,0.00019977209336297883,63.63338158728268,56.27649230007425
PART-RIVERBANK-2,252,RiverBank/C3D8R,280.0,5.0,-30.0,-8.0631755e-05,-0.00010710603,-0.00022111321,-7.17771e-05,-0.000149448,-2.96571e-05,0.0001962821677967258,75.90736424193615,34.86661504635813
PART-RIVERBANK-2,254,RiverBank/C3D8R,280.0,-5.0,-30.0,-8.0631755e-05,0.00010710603,-0.00022111321,-7.17771e-05,0.000149448,-2.96571e-05,0.0001962821677967258,75.90736424193615,34.86661504635813
PART-RIVERBANK-1,246,RiverBank/C3D8R,-280.0,5.0,-30.0,8.0631755e-05,-0.00010710603,-0.00022111321,7.17771e-05,-0.000149448,-2.96571e-05,0.0001962821677967258,75.90736424193615,34.86661504635813
PART-RIVERBANK-1,248,RiverBank/C3D8R,-280.0,-5.0,-30.0,8.0631755e-05,0.00010710603,-0.00022111321,7.17771e-05,0.000149448,-2.96571e-05,0.0001962821677967258,75.90736424193615,34.86661504635813
PART-RIVERBANK-2,162,RiverBank/C3D8R,270.0,10.0,-25.0,-2.6210753e-05,0.00010444324,-0.00047966145,-0.000112667,-6.40736e-05,-0.000520608,0.00019377623168441766,39.41746450574552,9.133401926056814
PART-RIVERBANK-2,207,RiverBank/C3D8R,270.0,-10.0,-25.0,-2.6210753e-05,-0.00010444324,-0.00047966145,-0.000112667,6.40736e-05,-0.000520608,0.00019377623168441766,39.41746450574552,9.133401926056814
PART-RIVERBANK-1,172,RiverBank/C3D8R,-270.0,10.0,-25.0,2.6210753e-05,0.00010444324,-0.00047966145,0.000112667,-6.40736e-05,-0.000520608,0.00019377623168441766,39.41746450574552,9.133401926056814
PART-RIVERBANK-1,217,RiverBank/C3D8R,-270.0,-10.0,-25.0,2.6210753e-05,-0.00010444324,-0.00047966145,0.000112667,6.40736e-05,-0.000520608,0.00019377623168441766,39.41746450574552,9.133401926056814
PART-RIVERBANK-2,276,RiverBank/C3D8R,275.0,5.0,0.0,-0.00038578673,-1.0919008e-05,-0.00060076086,-0.000516614,9.45517e-06,-0.000461054,0.00019248087810452282,26.95630217390822,3.018304977127029
PART-RIVERBANK-2,278,RiverBank/C3D8R,275.0,-5.0,0.0,-0.00038578673,1.0919008e-05,-0.00060076086,-0.000516614,-9.45517e-06,-0.000461054,0.00019248087810452282,26.95630217390822,3.018304977127029
PART-RIVERBANK-1,276,RiverBank/C3D8R,-275.0,5.0,0.0,0.00038578673,-1.0919008e-05,-0.00060076086,0.000516614,9.45517e-06,-0.000461054,0.00019248087810452282,26.95630217390822,3.018304977127029
PART-RIVERBANK-1,278,RiverBank/C3D8R,-275.0,-5.0,0.0,0.00038578673,1.0919008e-05,-0.00060076086,0.000516614,-9.45517e-06,-0.000461054,0.00019248087810452282,26.95630217390822,3.018304977127029
PART-RIVERBANK-2,56,RiverBank/C3D8R,285.0,10.0,-30.0,-4.789921e-06,-0.00016385912,-0.00014735808,2.99336e-06,-0.000224626,3.30163e-05,0.0001904943834564257,86.42142553581176,3.0097507208329146
PART-RIVERBANK-2,78,RiverBank/C3D8R,285.0,-10.0,-30.0,-4.789921e-06,0.00016385912,-0.00014735808,2.99336e-06,0.000224626,3.30163e-05,0.0001904943834564257,86.42142553581176,3.0097507208329146
PART-RIVERBANK-1,60,RiverBank/C3D8R,-285.0,10.0,-30.0,4.789921e-06,-0.00016385912,-0.00014735808,-2.99336e-06,-0.000224626,3.30163e-05,0.0001904943834564257,86.42142553581176,3.0097507208329146
PART-RIVERBANK-1,74,RiverBank/C3D8R,-285.0,-10.0,-30.0,4.789921e-06,0.00016385912,-0.00014735808,-2.99336e-06,0.000224626,3.30163e-05,0.0001904943834564257,86.42142553581176,3.0097507208329146
PART-RIVERBANK-2,528,RiverBank/C3D8R,255.0,-5.0,-40.0,-0.00014514224,-2.8182036e-05,-0.0002459632,3.93376e-06,-0.000111941,-0.000326212,0.00018888908842967426,65.81925154053391,20.18423835356048
PART-RIVERBANK-2,530,RiverBank/C3D8R,255.0,5.0,-40.0,-0.00014514224,2.8182036e-05,-0.0002459632,3.93376e-06,0.000111941,-0.000326212,0.00018888908842967426,65.81925154053391,20.18423835356048
PART-RIVERBANK-1,600,RiverBank/C3D8R,-255.0,-5.0,-40.0,0.00014514224,-2.8182036e-05,-0.0002459632,-3.93376e-06,-0.000111941,-0.000326212,0.00018888908842967426,65.81925154053391,20.18423835356048
PART-RIVERBANK-1,602,RiverBank/C3D8R,-255.0,5.0,-40.0,0.00014514224,2.8182036e-05,-0.0002459632,-3.93376e-06,0.000111941,-0.000326212,0.00018888908842967426,65.81925154053391,20.18423835356048
PART-RIVERBANK-2,397,RiverBank/C3D8R,255.0,0.0,-15.0,-0.0005710475,-2.6372649e-17,-0.00069841044,-0.00063448,1.12086e-15,-0.000876286,0.0001888475493660524,20.93308301067695,19.92142913538082
PART-RIVERBANK-1,517,RiverBank/C3D8R,-255.0,0.0,-15.0,0.0005710475,6.061703e-18,-0.00069841044,0.00063448,1.09142e-15,-0.000876286,0.0001888475493660524,20.93308301067695,19.92142913538082
PART-RIVERBANK-2,403,RiverBank/C3D8R,255.0,0.0,-5.0,-0.0007880339,-3.6237985e-17,-0.00079064246,-0.000974013,1.70395e-15,-0.000799795,0.00018620417456453975,16.680563301009332,12.900950291294567
PART-RIVERBANK-1,523,RiverBank/C3D8R,-255.0,0.0,-5.0,0.0007880339,8.653904e-18,-0.00079064246,0.000974013,1.65163e-15,-0.000799795,0.00018620417456453975,16.680563301009332,12.900950291294567
PART-RIVERBANK-2,318,RiverBank/C3D8R,270.0,-10.0,-35.0,7.155562e-05,-0.00014057985,-0.0002788788,-6.11618e-06,2.40609e-05,-0.000275548,0.00018207300542486384,56.82674582574387,13.650452761889273
PART-RIVERBANK-2,345,RiverBank/C3D8R,270.0,10.0,-35.0,7.155562e-05,0.00014057985,-0.0002788788,-6.11618e-06,-2.40609e-05,-0.000275548,0.00018207300542486384,56.82674582574387,13.650452761889273
PART-RIVERBANK-1,324,RiverBank/C3D8R,-270.0,-10.0,-35.0,-7.155562e-05,-0.00014057985,-0.0002788788,6.11618e-06,2.40609e-05,-0.000275548,0.00018207300542486384,56.82674582574387,13.650452761889273
PART-RIVERBANK-1,351,RiverBank/C3D8R,-270.0,10.0,-35.0,-7.155562e-05,0.00014057985,-0.0002788788,6.11618e-06,-2.40609e-05,-0.000275548,0.00018207300542486384,56.82674582574387,13.650452761889273
PART-RIVERBANK-2,253,RiverBank/C3D8R,280.0,0.0,-30.0,-6.806571e-05,-1.1392781e-18,-0.00041068223,-0.000108478,1.50037e-16,-0.000587581,0.00018145613246886146,43.58944575262912,43.534171042967714
PART-RIVERBANK-1,247,RiverBank/C3D8R,-280.0,0.0,-30.0,6.806571e-05,-5.638094e-19,-0.00041068223,0.000108478,1.37281e-16,-0.000587581,0.00018145613246886146,43.58944575262912,43.534171042967714
PART-RIVERBANK-2,420,RiverBank/C3D8R,265.0,5.0,-25.0,1.4544427e-06,7.6460296e-05,-0.00054012873,-0.000144573,-2.68499e-05,-0.000548191,0.00017905867981366638,32.823746843816615,4.042832187629045
PART-RIVERBANK-2,422,RiverBank/C3D8R,265.0,-5.0,-25.0,1.4544427e-06,-7.6460296e-05,-0.00054012873,-0.000144573,2.68499e-05,-0.000548191,0.00017905867981366638,32.823746843816615,4.042832187629045
PART-RIVERBANK-1,480,RiverBank/C3D8R,-265.0,5.0,-25.0,-1.4544427e-06,7.6460296e-05,-0.00054012873,0.000144573,-2.68499e-05,-0.000548191,0.00017905867981366638,32.823746843816615,4.042832187629045
PART-RIVERBANK-1,482,RiverBank/C3D8R,-265.0,-5.0,-25.0,-1.4544427e-06,-7.6460296e-05,-0.00054012873,0.000144573,2.68499e-05,-0.000548191,0.00017905867981366638,32.823746843816615,4.042832187629045
PART-RIVERBANK-2,124,RiverBank/C3D8R,250.0,0.0,-15.0,-0.0005479487,-2.0070552e-17,-0.0002869573,-0.000718156,1.37142e-15,-0.000329145,0.0001753577115629079,28.350242217271326,27.71843631488525
PART-RIVERBANK-1,139,RiverBank/C3D8R,-250.0,0.0,-15.0,0.0005479487,8.1525225e-18,-0.0002869573,0.000718156,1.30022e-15,-0.000329145,0.0001753577115629079,28.350242217271326,27.71843631488525
PART-RIVERBANK-2,543,RiverBank/C3D8R,265.0,-5.0,-35.0,0.000116999974,-7.757707e-05,-0.00037875888,-2.03605e-05,2.85596e-05,-0.000380666,0.0001735987604877638,42.97664133850336,5.361977923587136
PART-RIVERBANK-2,545,RiverBank/C3D8R,265.0,5.0,-35.0,0.000116999974,7.757707e-05,-0.00037875888,-2.03605e-05,-2.85596e-05,-0.000380666,0.0001735987604877638,42.97664133850336,5.361977923587136
PART-RIVERBANK-1,579,RiverBank/C3D8R,-265.0,-5.0,-35.0,-0.000116999974,-7.757707e-05,-0.00037875888,2.03605e-05,2.85596e-05,-0.000380666,0.0001735987604877638,42.97664133850336,5.361977923587136
PART-RIVERBANK-1,581,RiverBank/C3D8R,-265.0,5.0,-35.0,-0.000116999974,7.757707e-05,-0.00037875888,2.03605e-05,-2.85596e-05,-0.000380666,0.0001735987604877638,42.97664133850336,5.361977923587136
PART-RIVERBANK-2,54,RiverBank/C3D8R,295.0,10.0,-30.0,0.00014406483,-0.00012879596,-0.00012513345,0.000155165,-0.000168442,4.26707e-05,0.00017278094518474252,75.05021659944498,1.1893270822121766
PART-RIVERBANK-2,80,RiverBank/C3D8R,295.0,-10.0,-30.0,0.00014406483,0.00012879596,-0.00012513345,0.000155165,0.000168442,4.26707e-05,0.00017278094518474252,75.05021659944498,1.1893270822121766
PART-RIVERBANK-1,62,RiverBank/C3D8R,-295.0,10.0,-30.0,-0.00014406483,-0.00012879596,-0.00012513345,-0.000155165,-0.000168442,4.26707e-05,0.00017278094518474252,75.05021659944498,1.1893270822121766
PART-RIVERBANK-1,72,RiverBank/C3D8R,-295.0,-10.0,-30.0,-0.00014406483,0.00012879596,-0.00012513345,-0.000155165,0.000168442,4.26707e-05,0.00017278094518474252,75.05021659944498,1.1893270822121766
PART-RIVERBANK-2,29,RiverBank/C3D8R,300.0,-5.0,-30.0,0.00023499083,6.362484e-05,-0.00015198688,0.000254098,7.94625e-05,1.82638e-05,0.00017205002022710402,59.947806961864316,7.017719902607221
PART-RIVERBANK-2,31,RiverBank/C3D8R,300.0,5.0,-30.0,0.00023499083,-6.362484e-05,-0.00015198688,0.000254098,-7.94625e-05,1.82638e-05,0.00017205002022710402,59.947806961864316,7.017719902607221
PART-RIVERBANK-1,13,RiverBank/C3D8R,-300.0,5.0,-30.0,-0.00023499083,-6.362484e-05,-0.00015198688,-0.000254098,-7.94625e-05,1.82638e-05,0.00017205002022710402,59.947806961864316,7.017719902607221
PART-RIVERBANK-1,15,RiverBank/C3D8R,-300.0,-5.0,-30.0,-0.00023499083,6.362484e-05,-0.00015198688,-0.000254098,7.94625e-05,1.82638e-05,0.00017205002022710402,59.947806961864316,7.017719902607221
PART-RIVERBANK-2,258,RiverBank/C3D8R,290.0,5.0,-30.0,7.97307e-05,-7.012596e-05,-0.00020925952,8.90163e-05,-9.06807e-05,-3.96251e-05,0.00017112730978006987,72.92639224349958,43.276766009847144
PART-RIVERBANK-2,260,RiverBank/C3D8R,290.0,-5.0,-30.0,7.97307e-05,7.012596e-05,-0.00020925952,8.90163e-05,9.06807e-05,-3.96251e-05,0.00017112730978006987,72.92639224349958,43.276766009847144
PART-RIVERBANK-1,240,RiverBank/C3D8R,-290.0,5.0,-30.0,-7.97307e-05,-7.012596e-05,-0.00020925952,-8.90163e-05,-9.06807e-05,-3.96251e-05,0.00017112730978006987,72.92639224349958,43.276766009847144
PART-RIVERBANK-1,242,RiverBank/C3D8R,-290.0,-5.0,-30.0,-7.97307e-05,7.012596e-05,-0.00020925952,-8.90163e-05,9.06807e-05,-3.96251e-05,0.00017112730978006987,72.92639224349958,43.276766009847144
PART-RIVERBANK-2,255,RiverBank/C3D8R,285.0,5.0,-30.0,-0.00012104407,0.000121042794,-0.00041759823,-0.000163327,0.000148905,-0.000578721,0.00016889255668928768,37.42176465009727,37.26102234283009
PART-RIVERBANK-2,257,RiverBank/C3D8R,285.0,-5.0,-30.0,-0.00012104407,-0.000121042794,-0.00041759823,-0.000163327,-0.000148905,-0.000578721,0.00016889255668928768,37.42176465009727,37.26102234283009
PART-RIVERBANK-1,243,RiverBank/C3D8R,-285.0,5.0,-30.0,0.00012104407,0.000121042794,-0.00041759823,0.000163327,0.000148905,-0.000578721,0.00016889255668928768,37.42176465009727,37.26102234283009
PART-RIVERBANK-1,245,RiverBank/C3D8R,-285.0,-5.0,-30.0,0.00012104407,-0.000121042794,-0.00041759823,0.000163327,-0.000148905,-0.000578721,0.00016889255668928768,37.42176465009727,37.26102234283009
PART-RIVERBANK-2,256,RiverBank/C3D8R,285.0,0.0,-30.0,8.650096e-06,-2.5721173e-18,-0.00022122859,2.06113e-05,4.60359e-17,-5.43621e-05,0.00016729463794769309,75.56297394369076,73.74031832778859
PART-RIVERBANK-1,244,RiverBank/C3D8R,-285.0,0.0,-30.0,-8.650096e-06,-2.4510587e-19,-0.00022122859,-2.06113e-05,3.48553e-17,-5.43621e-05,0.00016729463794769309,75.56297394369076,73.74031832778859
PART-RIVERBANK-2,297,RiverBank/C3D8R,250.0,-5.0,-45.0,8.225965e-05,-4.5477114e-05,-0.0002379918,0.000239583,-8.42893e-05,-0.000279185,0.0001671942043360388,65.34069475570148,47.5000531881387
PART-RIVERBANK-2,299,RiverBank/C3D8R,250.0,5.0,-45.0,8.225965e-05,4.5477114e-05,-0.0002379918,0.000239583,8.42893e-05,-0.000279185,0.0001671942043360388,65.34069475570148,47.5000531881387
PART-RIVERBANK-1,306,RiverBank/C3D8R,-250.0,-5.0,-45.0,-8.225965e-05,-4.5477114e-05,-0.0002379918,-0.000239583,-8.42893e-05,-0.000279185,0.0001671942043360388,65.34069475570148,47.5000531881387
PART-RIVERBANK-1,308,RiverBank/C3D8R,-250.0,5.0,-45.0,-8.225965e-05,4.5477114e-05,-0.0002379918,-0.000239583,8.42893e-05,-0.000279185,0.0001671942043360388,65.34069475570148,47.5000531881387
PART-RIVERBANK-2,149,RiverBank/C3D8R,255.0,10.0,-15.0,-0.00034808717,-0.00013738984,-0.00066485425,-0.000376097,-0.000162026,-0.000827516,0.0001668841989801222,21.873935718494135,21.019361953900496
PART-RIVERBANK-2,194,RiverBank/C3D8R,255.0,-10.0,-15.0,-0.00034808717,0.00013738984,-0.00066485425,-0.000376097,0.000162026,-0.000827516,0.0001668841989801222,21.873935718494135,21.019361953900496
PART-RIVERBANK-1,189,RiverBank/C3D8R,-255.0,10.0,-15.0,0.00034808717,-0.00013738984,-0.00066485425,0.000376097,-0.000162026,-0.000827516,0.0001668841989801222,21.873935718494135,21.019361953900496
PART-RIVERBANK-1,234,RiverBank/C3D8R,-255.0,-10.0,-15.0,0.00034808717,0.00013738984,-0.00066485425,0.000376097,0.000162026,-0.000827516,0.0001668841989801222,21.873935718494135,21.019361953900496
PART-RIVERBANK-2,55,RiverBank/C3D8R,290.0,10.0,-30.0,-0.00015473572,0.00019911543,-0.00039814477,-0.000195717,0.000243083,-0.000551828,0.00016501862835866806,35.01463044843497,34.517950027609714
PART-RIVERBANK-2,79,RiverBank/C3D8R,290.0,-10.0,-30.0,-0.00015473572,-0.00019911543,-0.00039814477,-0.000195717,-0.000243083,-0.000551828,0.00016501862835866806,35.01463044843497,34.517950027609714
PART-RIVERBANK-1,61,RiverBank/C3D8R,-290.0,10.0,-30.0,0.00015473572,0.00019911543,-0.00039814477,0.000195717,0.000243083,-0.000551828,0.00016501862835866806,35.01463044843497,34.517950027609714
PART-RIVERBANK-1,73,RiverBank/C3D8R,-290.0,-10.0,-30.0,0.00015473572,-0.00019911543,-0.00039814477,0.000195717,-0.000243083,-0.000551828,0.00016501862835866806,35.01463044843497,34.517950027609714
PART-RIVERBANK-2,50,RiverBank/C3D8R,280.0,10.0,0.0,-0.00036024503,-2.4940333e-05,-0.0006318848,-0.000463741,-6.45804e-06,-0.000506683,0.00016348853685815027,22.46372581458631,5.618908544271675
PART-RIVERBANK-2,66,RiverBank/C3D8R,280.0,-10.0,0.0,-0.00036024503,2.4940333e-05,-0.0006318848,-0.000463741,6.45804e-06,-0.000506683,0.00016348853685815027,22.46372581458631,5.618908544271675
PART-RIVERBANK-1,48,RiverBank/C3D8R,-280.0,10.0,0.0,0.00036024503,-2.4940333e-05,-0.0006318848,0.000463741,-6.45804e-06,-0.000506683,0.00016348853685815027,22.46372581458631,5.618908544271675
PART-RIVERBANK-1,68,RiverBank/C3D8R,-280.0,-10.0,0.0,0.00036024503,2.4940333e-05,-0.0006318848,0.000463741,6.45804e-06,-0.000506683,0.00016348853685815027,22.46372581458631,5.618908544271675
PART-RIVERBANK-2,127,RiverBank/C3D8R,250.0,0.0,-10.0,-0.00022676484,-3.2703618e-17,-0.0013668074,-0.000278797,1.80364e-15,-0.00121314,0.0001622375280168729,11.709751362330433,10.157209175848811
PART-RIVERBANK-1,142,RiverBank/C3D8R,-250.0,0.0,-10.0,0.00022676484,8.9616375e-18,-0.0013668074,0.000278797,1.73886e-15,-0.00121314,0.0001622375280168729,11.709751362330433,10.157209175848811
PART-RIVERBANK-2,298,RiverBank/C3D8R,250.0,0.0,-45.0,-0.00024495498,-1.759432e-18,-9.7094686e-05,-0.000405477,6.78359e-17,-7.83206e-05,0.00016161616630156711,61.335260811979786,56.72772167431373
PART-RIVERBANK-1,307,RiverBank/C3D8R,-250.0,0.0,-45.0,0.00024495498,8.47281e-19,-9.7094686e-05,0.000405477,6.48387e-17,-7.83206e-05,0.00016161616630156711,61.335260811979786,56.72772167431373
PART-RIVERBANK-2,262,RiverBank/C3D8R,295.0,0.0,-30.0,0.00014097118,-1.523229e-19,-0.00018497264,0.000151325,-8.08891e-17,-2.73631e-05,0.0001579492598513966,67.91537965413437,33.87773849137937
PART-RIVERBANK-1,238,RiverBank/C3D8R,-295.0,0.0,-30.0,-0.00014097118,-1.2049283e-18,-0.00018497264,-0.000151325,-8.88545e-17,-2.73631e-05,0.0001579492598513966,67.91537965413437,33.87773849137937
PART-RIVERBANK-2,49,RiverBank/C3D8R,275.0,10.0,0.0,-0.000496084,9.130646e-06,-0.00041761884,-0.000507916,-1.37078e-05,-0.000572785,0.00015728359116208064,24.252408512666396,18.062669416972323
PART-RIVERBANK-2,67,RiverBank/C3D8R,275.0,-10.0,0.0,-0.000496084,-9.130646e-06,-0.00041761884,-0.000507916,1.37078e-05,-0.000572785,0.00015728359116208064,24.252408512666396,18.062669416972323
PART-RIVERBANK-1,49,RiverBank/C3D8R,-275.0,10.0,0.0,0.000496084,9.130646e-06,-0.00041761884,0.000507916,-1.37078e-05,-0.000572785,0.00015728359116208064,24.252408512666396,18.062669416972323
PART-RIVERBANK-1,67,RiverBank/C3D8R,-275.0,-10.0,0.0,0.000496084,-9.130646e-06,-0.00041761884,0.000507916,1.37078e-05,-0.000572785,0.00015728359116208064,24.252408512666396,18.062669416972323
PART-RIVERBANK-2,417,RiverBank/C3D8R,260.0,5.0,-5.0,-0.0005063928,-2.0661677e-05,-0.00057620375,-0.000650403,3.64927e-05,-0.000572964,0.000154971147296394,20.19485044762016,13.053616051883674
PART-RIVERBANK-2,419,RiverBank/C3D8R,260.0,-5.0,-5.0,-0.0005063928,2.0661677e-05,-0.00057620375,-0.000650403,-3.64927e-05,-0.000572964,0.000154971147296394,20.19485044762016,13.053616051883674
PART-RIVERBANK-1,507,RiverBank/C3D8R,-260.0,5.0,-5.0,0.0005063928,-2.0661677e-05,-0.00057620375,0.000650403,3.64927e-05,-0.000572964,0.000154971147296394,20.19485044762016,13.053616051883674
PART-RIVERBANK-1,509,RiverBank/C3D8R,-260.0,-5.0,-5.0,0.0005063928,2.0661677e-05,-0.00057620375,0.000650403,-3.64927e-05,-0.000572964,0.000154971147296394,20.19485044762016,13.053616051883674
PART-RIVERBANK-2,280,RiverBank/C3D8R,280.0,0.0,0.0,-0.0003832608,-1.5700052e-17,-0.00064841675,-0.000488756,6.0658e-16,-0.000535435,0.00015457720742755867,20.5223167924539,3.7507218812017795
PART-RIVERBANK-1,274,RiverBank/C3D8R,-280.0,0.0,0.0,0.0003832608,-3.9974671e-19,-0.00064841675,0.000488756,5.60093e-16,-0.000535435,0.00015457720742755867,20.5223167924539,3.7507218812017795
PART-RIVERBANK-2,5,RiverBank/C3D8R,300.0,-10.0,-30.0,-0.0002572243,-0.00016928493,-0.00031718044,-0.000315742,-0.000205131,-0.000449209,0.00014879785819496363,33.65940560001281,32.59017759796215
PART-RIVERBANK-2,8,RiverBank/C3D8R,300.0,10.0,-30.0,-0.0002572243,0.00016928493,-0.00031718044,-0.000315742,0.000205131,-0.000449209,0.00014879785819496363,33.65940560001281,32.59017759796215
PART-RIVERBANK-1,1,RiverBank/C3D8R,-300.0,10.0,-30.0,0.0002572243,0.00016928493,-0.00031718044,0.000315742,0.000205131,-0.000449209,0.00014879785819496363,33.65940560001281,32.59017759796215
PART-RIVERBANK-1,2,RiverBank/C3D8R,-300.0,-10.0,-30.0,0.0002572243,-0.00016928493,-0.00031718044,0.000315742,-0.000205131,-0.000449209,0.00014879785819496363,33.65940560001281,32.59017759796215
PART-RIVERBANK-2,259,RiverBank/C3D8R,290.0,0.0,-30.0,-0.00016888267,4.749121e-19,-0.00034490987,-0.000212155,1.34733e-17,-0.00048697,0.0001485044614792626,38.66934271395677,38.31425778920238
PART-RIVERBANK-1,241,RiverBank/C3D8R,-290.0,0.0,-30.0,0.00016888267,-1.2444733e-18,-0.00034490987,0.000212155,6.09885e-18,-0.00048697,0.0001485044614792626,38.66934271395677,38.31425778920238
PART-RIVERBANK-2,399,RiverBank/C3D8R,255.0,5.0,-10.0,-0.0003637632,-4.996119e-05,-0.0007015017,-0.000454802,-9.90385e-06,-0.000810378,0.00014746763134669793,18.624692482505175,17.37150265186005
PART-RIVERBANK-2,401,RiverBank/C3D8R,255.0,-5.0,-10.0,-0.0003637632,4.996119e-05,-0.0007015017,-0.000454802,9.90385e-06,-0.000810378,0.00014746763134669793,18.624692482505175,17.37150265186005
PART-RIVERBANK-1,519,RiverBank/C3D8R,-255.0,5.0,-10.0,0.0003637632,-4.996119e-05,-0.0007015017,0.000454802,-9.90385e-06,-0.000810378,0.00014746763134669793,18.624692482505175,17.37150265186005
PART-RIVERBANK-1,521,RiverBank/C3D8R,-255.0,-5.0,-10.0,0.0003637632,4.996119e-05,-0.0007015017,0.000454802,9.90385e-06,-0.000810378,0.00014746763134669793,18.624692482505175,17.37150265186005
PART-RIVERBANK-2,167,RiverBank/C3D8R,275.0,10.0,-25.0,-0.00018344629,-3.4739656e-05,-0.00038209846,-0.000179107,9.60438e-05,-0.000320842,0.00014448354817327695,33.97416519836868,10.694491499742599
PART-RIVERBANK-2,212,RiverBank/C3D8R,275.0,-10.0,-25.0,-0.00018344629,3.4739656e-05,-0.00038209846,-0.000179107,-9.60438e-05,-0.000320842,0.00014448354817327695,33.97416519836868,10.694491499742599
PART-RIVERBANK-1,167,RiverBank/C3D8R,-275.0,10.0,-25.0,0.00018344629,-3.4739656e-05,-0.00038209846,0.000179107,9.60438e-05,-0.000320842,0.00014448354817327695,33.97416519836868,10.694491499742599
PART-RIVERBANK-1,212,RiverBank/C3D8R,-275.0,-10.0,-25.0,0.00018344629,3.4739656e-05,-0.00038209846,0.000179107,-9.60438e-05,-0.000320842,0.00014448354817327695,33.97416519836868,10.694491499742599
PART-RIVERBANK-2,261,RiverBank/C3D8R,295.0,5.0,-30.0,-0.00022040105,9.1000555e-05,-0.0003417675,-0.000264927,0.000105852,-0.000475458,0.00014169077398419605,34.000729748486684,33.0561068368428
PART-RIVERBANK-2,263,RiverBank/C3D8R,295.0,-5.0,-30.0,-0.00022040105,-9.1000555e-05,-0.0003417675,-0.000264927,-0.000105852,-0.000475458,0.00014169077398419605,34.000729748486684,33.0561068368428
PART-RIVERBANK-1,237,RiverBank/C3D8R,-295.0,5.0,-30.0,0.00022040105,9.1000555e-05,-0.0003417675,0.000264927,0.000105852,-0.000475458,0.00014169077398419605,34.000729748486684,33.0561068368428
PART-RIVERBANK-1,239,RiverBank/C3D8R,-295.0,-5.0,-30.0,0.00022040105,-9.1000555e-05,-0.0003417675,0.000264927,-0.000105852,-0.000475458,0.00014169077398419605,34.000729748486684,33.0561068368428
PART-RIVERBANK-2,529,RiverBank/C3D8R,255.0,0.0,-40.0,7.5318894e-05,-3.740739e-18,-0.0003551479,-6.14365e-05,1.72405e-16,-0.000322612,0.00014057248157767308,38.72021131954159,9.540660261208442
PART-RIVERBANK-1,601,RiverBank/C3D8R,-255.0,0.0,-40.0,-7.5318894e-05,1.4782869e-18,-0.0003551479,6.14365e-05,1.68259e-16,-0.000322612,0.00014057248157767308,38.72021131954159,9.540660261208442
PART-RIVERBANK-2,132,RiverBank/C3D8R,300.0,5.0,-25.0,1.401148e-05,-2.3691935e-05,-0.00016500504,-8.59605e-05,3.72231e-06,-7.04166e-05,0.00014033143124643897,83.88760361024859,33.53706946501595
PART-RIVERBANK-2,134,RiverBank/C3D8R,300.0,-5.0,-25.0,1.401148e-05,2.3691935e-05,-0.00016500504,-8.59605e-05,-3.72231e-06,-7.04166e-05,0.00014033143124643897,83.88760361024859,33.53706946501595
PART-RIVERBANK-1,117,RiverBank/C3D8R,-300.0,5.0,-25.0,-1.401148e-05,-2.3691935e-05,-0.00016500504,8.59605e-05,3.72231e-06,-7.04166e-05,0.00014033143124643897,83.88760361024859,33.53706946501595
PART-RIVERBANK-1,119,RiverBank/C3D8R,-300.0,-5.0,-25.0,-1.401148e-05,2.3691935e-05,-0.00016500504,8.59605e-05,-3.72231e-06,-7.04166e-05,0.00014033143124643897,83.88760361024859,33.53706946501595
PART-RIVERBANK-2,123,RiverBank/C3D8R,250.0,5.0,-15.0,0.00020837717,-7.8071076e-05,-0.0013054821,0.000324071,-0.000115729,-0.00137362,0.00013944875387205397,10.529909727787437,6.928619723037137
PART-RIVERBANK-2,125,RiverBank/C3D8R,250.0,-5.0,-15.0,0.00020837717,7.8071076e-05,-0.0013054821,0.000324071,0.000115729,-0.00137362,0.00013944875387205397,10.529909727787437,6.928619723037137
PART-RIVERBANK-1,138,RiverBank/C3D8R,-250.0,5.0,-15.0,-0.00020837717,-7.8071076e-05,-0.0013054821,-0.000324071,-0.000115729,-0.00137362,0.00013944875387205397,10.529909727787437,6.928619723037137
PART-RIVERBANK-1,140,RiverBank/C3D8R,-250.0,-5.0,-15.0,-0.00020837717,7.8071076e-05,-0.0013054821,-0.000324071,0.000115729,-0.00137362,0.00013944875387205397,10.529909727787437,6.928619723037137
PART-RIVERBANK-2,277,RiverBank/C3D8R,275.0,0.0,0.0,-0.00044373103,-2.1380251e-17,-0.00041748077,-0.000448311,7.11225e-16,-0.000556734,0.00013932852611950582,22.868802207181453,17.323879297254845
PART-RIVERBANK-1,277,RiverBank/C3D8R,-275.0,0.0,0.0,0.00044373103,2.9533402e-18,-0.00041748077,0.000448311,6.79995e-16,-0.000556734,0.00013932852611950582,22.868802207181453,17.323879297254845
PART-RIVERBANK-2,313,RiverBank/C3D8R,260.0,-10.0,-40.0,-4.84934e-05,-7.40552e-06,-0.00030755543,-3.5116e-06,-0.000127064,-0.000358296,0.000137535884812202,44.160841006743794,22.069099970618282
PART-RIVERBANK-2,340,RiverBank/C3D8R,260.0,10.0,-40.0,-4.84934e-05,7.40552e-06,-0.00030755543,-3.5116e-06,0.000127064,-0.000358296,0.000137535884812202,44.160841006743794,22.069099970618282
PART-RIVERBANK-1,331,RiverBank/C3D8R,-260.0,-10.0,-40.0,4.84934e-05,-7.40552e-06,-0.00030755543,3.5116e-06,-0.000127064,-0.000358296,0.000137535884812202,44.160841006743794,22.069099970618282
PART-RIVERBANK-1,358,RiverBank/C3D8R,-260.0,10.0,-40.0,4.84934e-05,7.40552e-06,-0.00030755543,3.5116e-06,0.000127064,-0.000358296,0.000137535884812202,44.160841006743794,22.069099970618282
PART-RIVERBANK-2,187,RiverBank/C3D8R,295.0,10.0,-25.0,-3.2839112e-06,-3.5564648e-05,-0.00027805756,-7.95142e-05,3.032e-05,-0.000186938,0.0001358477750543192,48.457875312793114,26.733679205969015
PART-RIVERBANK-2,232,RiverBank/C3D8R,295.0,-10.0,-25.0,-3.2839112e-06,3.5564648e-05,-0.00027805756,-7.95142e-05,-3.032e-05,-0.000186938,0.0001358477750543192,48.457875312793114,26.733679205969015
PART-RIVERBANK-1,147,RiverBank/C3D8R,-295.0,10.0,-25.0,3.2839112e-06,-3.5564648e-05,-0.00027805756,7.95142e-05,3.032e-05,-0.000186938,0.0001358477750543192,48.457875312793114,26.733679205969015
PART-RIVERBANK-1,192,RiverBank/C3D8R,-295.0,-10.0,-25.0,3.2839112e-06,3.5564648e-05,-0.00027805756,7.95142e-05,-3.032e-05,-0.000186938,0.0001358477750543192,48.457875312793114,26.733679205969015
PART-RIVERBANK-2,6,RiverBank/C3D8R,300.0,-10.0,0.0,-0.00036321368,1.0008037e-05,-0.0004238546,-0.000438739,-5.20473e-06,-0.000312683,0.00013525763153130656,24.227542214275914,3.4919895918554893
PART-RIVERBANK-2,7,RiverBank/C3D8R,300.0,10.0,0.0,-0.00036321368,-1.0008037e-05,-0.0004238546,-0.000438739,5.20473e-06,-0.000312683,0.00013525763153130656,24.227542214275914,3.4919895918554893
PART-RIVERBANK-1,3,RiverBank/C3D8R,-300.0,-10.0,0.0,0.00036321368,1.0008037e-05,-0.0004238546,0.000438739,-5.20473e-06,-0.000312683,0.00013525763153130656,24.227542214275914,3.4919895918554893
PART-RIVERBANK-1,4,RiverBank/C3D8R,-300.0,10.0,0.0,0.00036321368,-1.0008037e-05,-0.0004238546,0.000438739,5.20473e-06,-0.000312683,0.00013525763153130656,24.227542214275914,3.4919895918554893
PART-RIVERBANK-2,30,RiverBank/C3D8R,300.0,0.0,-30.0,-0.00026609233,2.8139084e-18,-0.00026945767,-0.000323147,-1.24312e-16,-0.00039164,0.00013484716212452453,35.608051622614425,34.07654288253868
PART-RIVERBANK-1,14,RiverBank/C3D8R,-300.0,0.0,-30.0,0.00026609233,-2.4092535e-18,-0.00026945767,0.000323147,-1.27833e-16,-0.00039164,0.00013484716212452453,35.608051622614425,34.07654288253868
PART-RIVERBANK-2,282,RiverBank/C3D8R,285.0,5.0,0.0,-0.00037229955,-8.027763e-06,-0.00051327544,-0.000458837,-6.59222e-07,-0.00041038,0.00013464953479965972,21.23368442851045,2.9249163699604006
PART-RIVERBANK-2,284,RiverBank/C3D8R,285.0,-5.0,0.0,-0.00037229955,8.027763e-06,-0.00051327544,-0.000458837,6.59222e-07,-0.00041038,0.00013464953479965972,21.23368442851045,2.9249163699604006
PART-RIVERBANK-1,270,RiverBank/C3D8R,-285.0,5.0,0.0,0.00037229955,-8.027763e-06,-0.00051327544,0.000458837,-6.59222e-07,-0.00041038,0.00013464953479965972,21.23368442851045,2.9249163699604006
PART-RIVERBANK-1,272,RiverBank/C3D8R,-285.0,-5.0,0.0,0.00037229955,8.027763e-06,-0.00051327544,0.000458837,6.59222e-07,-0.00041038,0.00013464953479965972,21.23368442851045,2.9249163699604006
PART-RIVERBANK-2,52,RiverBank/C3D8R,290.0,10.0,0.0,-0.00036155002,-1.2845184e-05,-0.00053264666,-0.000441269,3.16518e-06,-0.000426128,0.00013400624036159095,20.811938403188545,4.728640462397164
PART-RIVERBANK-2,64,RiverBank/C3D8R,290.0,-10.0,0.0,-0.00036155002,1.2845184e-05,-0.00053264666,-0.000441269,-3.16518e-06,-0.000426128,0.00013400624036159095,20.811938403188545,4.728640462397164
PART-RIVERBANK-1,46,RiverBank/C3D8R,-290.0,10.0,0.0,0.00036155002,-1.2845184e-05,-0.00053264666,0.000441269,3.16518e-06,-0.000426128,0.00013400624036159095,20.811938403188545,4.728640462397164
PART-RIVERBANK-1,70,RiverBank/C3D8R,-290.0,-10.0,0.0,0.00036155002,1.2845184e-05,-0.00053264666,0.000441269,-3.16518e-06,-0.000426128,0.00013400624036159095,20.811938403188545,4.728640462397164
PART-RIVERBANK-2,415,RiverBank/C3D8R,260.0,0.0,-10.0,-0.000556448,-2.6386792e-17,-0.0006321695,-0.00067688,1.10059e-15,-0.000674662,0.00012770857128732596,15.163988225810291,13.477177571164056
PART-RIVERBANK-1,505,RiverBank/C3D8R,-260.0,0.0,-10.0,0.000556448,5.929488e-18,-0.0006321695,0.00067688,1.0713e-15,-0.000674662,0.00012770857128732596,15.163988225810291,13.477177571164056
PART-RIVERBANK-2,38,RiverBank/C3D8R,300.0,0.0,0.0,-0.00034407838,-5.2413435e-18,-0.0004286536,-0.000412651,6.40031e-17,-0.000322913,0.00012602888042835423,22.928222774575865,4.6734384861189815
PART-RIVERBANK-1,22,RiverBank/C3D8R,-300.0,0.0,0.0,0.00034407838,-3.9824387e-18,-0.0004286536,0.000412651,2.98725e-17,-0.000322913,0.00012602888042835423,22.928222774575865,4.6734384861189815
PART-RIVERBANK-2,286,RiverBank/C3D8R,290.0,0.0,0.0,-0.0003591363,-1.0024135e-17,-0.000539688,-0.000435874,3.20011e-16,-0.000439801,0.00012596065802578988,19.430554006037777,4.48258008875465
PART-RIVERBANK-1,268,RiverBank/C3D8R,-290.0,0.0,0.0,0.0003591363,-2.0307288e-18,-0.000539688,0.000435874,2.78602e-16,-0.000439801,0.00012596065802578988,19.430554006037777,4.48258008875465
PART-RIVERBANK-2,511,RiverBank/C3D8R,295.0,0.0,-25.0,-2.1448525e-06,1.6988947e-19,-0.00022878543,-7.6525e-05,-4.43473e-17,-0.000129327,0.00012419495013963597,54.28208114868909,34.320564282889684
PART-RIVERBANK-1,391,RiverBank/C3D8R,-295.0,0.0,-25.0,2.1448525e-06,-1.3799492e-18,-0.00022878543,7.6525e-05,-5.20167e-17,-0.000129327,0.00012419495013963597,54.28208114868909,34.320564282889684
PART-RIVERBANK-2,177,RiverBank/C3D8R,285.0,10.0,-25.0,-8.738071e-05,-3.3755685e-05,-0.0003351761,-0.000127727,4.84708e-05,-0.00025298,0.00012306590432540333,35.361743201189995,17.38666622079334
PART-RIVERBANK-2,222,RiverBank/C3D8R,285.0,-10.0,-25.0,-8.738071e-05,3.3755685e-05,-0.0003351761,-0.000127727,-4.84708e-05,-0.00025298,0.00012306590432540333,35.361743201189995,17.38666622079334
PART-RIVERBANK-1,157,RiverBank/C3D8R,-285.0,10.0,-25.0,8.738071e-05,-3.3755685e-05,-0.0003351761,0.000127727,4.84708e-05,-0.00025298,0.00012306590432540333,35.361743201189995,17.38666622079334
PART-RIVERBANK-1,202,RiverBank/C3D8R,-285.0,-10.0,-25.0,8.738071e-05,3.3755685e-05,-0.0003351761,0.000127727,-4.84708e-05,-0.00025298,0.00012306590432540333,35.361743201189995,17.38666622079334
PART-RIVERBANK-2,172,RiverBank/C3D8R,280.0,10.0,-25.0,-9.5773845e-05,9.584027e-05,-0.0004221329,-0.000118754,-6.31222e-06,-0.000485684,0.00012248249282339953,27.626946299554977,12.786224805040408
PART-RIVERBANK-2,217,RiverBank/C3D8R,280.0,-10.0,-25.0,-9.5773845e-05,-9.584027e-05,-0.0004221329,-0.000118754,6.31222e-06,-0.000485684,0.00012248249282339953,27.626946299554977,12.786224805040408
PART-RIVERBANK-1,162,RiverBank/C3D8R,-280.0,10.0,-25.0,9.5773845e-05,9.584027e-05,-0.0004221329,0.000118754,-6.31222e-06,-0.000485684,0.00012248249282339953,27.626946299554977,12.786224805040408
PART-RIVERBANK-1,207,RiverBank/C3D8R,-280.0,-10.0,-25.0,9.5773845e-05,-9.584027e-05,-0.0004221329,0.000118754,6.31222e-06,-0.000485684,0.00012248249282339953,27.626946299554977,12.786224805040408
PART-RIVERBANK-2,402,RiverBank/C3D8R,255.0,5.0,-5.0,-0.0005438981,5.328886e-05,-0.00093052554,-0.000535208,-7.65247e-06,-0.0010354,0.00012160598628550522,11.268789321302776,8.009413719474432
PART-RIVERBANK-2,404,RiverBank/C3D8R,255.0,-5.0,-5.0,-0.0005438981,-5.328886e-05,-0.00093052554,-0.000535208,7.65247e-06,-0.0010354,0.00012160598628550522,11.268789321302776,8.009413719474432
PART-RIVERBANK-1,522,RiverBank/C3D8R,-255.0,5.0,-5.0,0.0005438981,5.328886e-05,-0.00093052554,0.000535208,-7.65247e-06,-0.0010354,0.00012160598628550522,11.268789321302776,8.009413719474432
PART-RIVERBANK-1,524,RiverBank/C3D8R,-255.0,-5.0,-5.0,0.0005438981,-5.328886e-05,-0.00093052554,0.000535208,7.65247e-06,-0.0010354,0.00012160598628550522,11.268789321302776,8.009413719474432
PART-RIVERBANK-2,321,RiverBank/C3D8R,275.0,-10.0,-35.0,-0.00010444106,2.5324482e-05,-0.00030483585,-8.26289e-05,-9.37805e-05,-0.000296994,0.00012133944813006371,37.540285545051574,0.30984192177267417
PART-RIVERBANK-2,348,RiverBank/C3D8R,275.0,10.0,-35.0,-0.00010444106,-2.5324482e-05,-0.00030483585,-8.26289e-05,9.37805e-05,-0.000296994,0.00012133944813006371,37.540285545051574,0.30984192177267417
PART-RIVERBANK-1,321,RiverBank/C3D8R,-275.0,-10.0,-35.0,0.00010444106,2.5324482e-05,-0.00030483585,8.26289e-05,-9.37805e-05,-0.000296994,0.00012133944813006371,37.540285545051574,0.30984192177267417
PART-RIVERBANK-1,348,RiverBank/C3D8R,-275.0,10.0,-35.0,0.00010444106,-2.5324482e-05,-0.00030483585,8.26289e-05,9.37805e-05,-0.000296994,0.00012133944813006371,37.540285545051574,0.30984192177267417
PART-RIVERBANK-2,288,RiverBank/C3D8R,295.0,5.0,0.0,-0.00037990444,-6.106833e-06,-0.00041503707,-0.000448896,-3.88264e-06,-0.000315564,0.00012107714086878557,21.517542948254945,2.481210414793399
PART-RIVERBANK-2,290,RiverBank/C3D8R,295.0,-5.0,0.0,-0.00037990444,6.106833e-06,-0.00041503707,-0.000448896,3.88264e-06,-0.000315564,0.00012107714086878557,21.517542948254945,2.481210414793399
PART-RIVERBANK-1,264,RiverBank/C3D8R,-295.0,5.0,0.0,0.00037990444,-6.106833e-06,-0.00041503707,0.000448896,-3.88264e-06,-0.000315564,0.00012107714086878557,21.517542948254945,2.481210414793399
PART-RIVERBANK-1,266,RiverBank/C3D8R,-295.0,-5.0,0.0,0.00037990444,6.106833e-06,-0.00041503707,0.000448896,3.88264e-06,-0.000315564,0.00012107714086878557,21.517542948254945,2.481210414793399
PART-RIVERBANK-2,544,RiverBank/C3D8R,265.0,0.0,-35.0,-0.00026796546,-2.3715276e-18,-0.00021312026,-0.0001488,2.74056e-16,-0.000211579,0.00011917542674309665,34.80769279061221,24.45170496242635
PART-RIVERBANK-1,580,RiverBank/C3D8R,-265.0,0.0,-35.0,0.00026796546,1.3260055e-18,-0.00021312026,0.0001488,2.48409e-16,-0.000211579,0.00011917542674309665,34.80769279061221,24.45170496242635
PART-RIVERBANK-2,396,RiverBank/C3D8R,255.0,5.0,-15.0,-0.00026465137,7.675869e-05,-0.0007894442,-0.000312924,4.84283e-05,-0.000684542,0.00011890050197332642,14.219919700485567,9.79764747108511
PART-RIVERBANK-2,398,RiverBank/C3D8R,255.0,-5.0,-15.0,-0.00026465137,-7.675869e-05,-0.0007894442,-0.000312924,-4.84283e-05,-0.000684542,0.00011890050197332642,14.219919700485567,9.79764747108511
PART-RIVERBANK-1,516,RiverBank/C3D8R,-255.0,5.0,-15.0,0.00026465137,7.675869e-05,-0.0007894442,0.000312924,4.84283e-05,-0.000684542,0.00011890050197332642,14.219919700485567,9.79764747108511
PART-RIVERBANK-1,518,RiverBank/C3D8R,-255.0,-5.0,-15.0,0.00026465137,-7.675869e-05,-0.0007894442,0.000312924,-4.84283e-05,-0.000684542,0.00011890050197332642,14.219919700485567,9.79764747108511
PART-RIVERBANK-2,411,RiverBank/C3D8R,260.0,5.0,-15.0,-0.0003215146,-1.745723e-05,-0.000570829,-0.000413493,1.93678e-05,-0.000626488,0.00011363992776335659,17.339563941054767,14.573636234637712
PART-RIVERBANK-2,413,RiverBank/C3D8R,260.0,-5.0,-15.0,-0.0003215146,1.745723e-05,-0.000570829,-0.000413493,-1.93678e-05,-0.000626488,0.00011363992776335659,17.339563941054767,14.573636234637712
PART-RIVERBANK-1,501,RiverBank/C3D8R,-260.0,5.0,-15.0,0.0003215146,-1.745723e-05,-0.000570829,0.000413493,1.93678e-05,-0.000626488,0.00011363992776335659,17.339563941054767,14.573636234637712
PART-RIVERBANK-1,503,RiverBank/C3D8R,-260.0,-5.0,-15.0,0.0003215146,1.745723e-05,-0.000570829,0.000413493,-1.93678e-05,-0.000626488,0.00011363992776335659,17.339563941054767,14.573636234637712
PART-RIVERBANK-2,311,RiverBank/C3D8R,255.0,-10.0,-45.0,-1.754392e-05,-4.6183355e-05,-0.0001822415,4.30469e-05,-0.000129159,-0.000229899,0.00011325829964152041,59.98243533101323,41.503958894283485
PART-RIVERBANK-2,338,RiverBank/C3D8R,255.0,10.0,-45.0,-1.754392e-05,4.6183355e-05,-0.0001822415,4.30469e-05,0.000129159,-0.000229899,0.00011325829964152041,59.98243533101323,41.503958894283485
PART-RIVERBANK-1,335,RiverBank/C3D8R,-255.0,-10.0,-45.0,1.754392e-05,-4.6183355e-05,-0.0001822415,-4.30469e-05,-0.000129159,-0.000229899,0.00011325829964152041,59.98243533101323,41.503958894283485
PART-RIVERBANK-1,362,RiverBank/C3D8R,-255.0,10.0,-45.0,1.754392e-05,4.6183355e-05,-0.0001822415,-4.30469e-05,0.000129159,-0.000229899,0.00011325829964152041,59.98243533101323,41.503958894283485
PART-RIVERBANK-2,279,RiverBank/C3D8R,280.0,5.0,0.0,-0.00043230926,-3.4354919e-06,-0.0005037754,-0.000461916,-1.72206e-05,-0.000607353,0.00010860436216154626,16.3598499152056,14.972810488758782
PART-RIVERBANK-2,281,RiverBank/C3D8R,280.0,-5.0,0.0,-0.00043230926,3.4354919e-06,-0.0005037754,-0.000461916,1.72206e-05,-0.000607353,0.00010860436216154626,16.3598499152056,14.972810488758782
PART-RIVERBANK-1,273,RiverBank/C3D8R,-280.0,5.0,0.0,0.00043230926,-3.4354919e-06,-0.0005037754,0.000461916,-1.72206e-05,-0.000607353,0.00010860436216154626,16.3598499152056,14.972810488758782
PART-RIVERBANK-1,275,RiverBank/C3D8R,-280.0,-5.0,0.0,0.00043230926,3.4354919e-06,-0.0005037754,0.000461916,1.72206e-05,-0.000607353,0.00010860436216154626,16.3598499152056,14.972810488758782
PART-RIVERBANK-2,155,RiverBank/C3D8R,260.0,10.0,-10.0,-0.00038937645,-7.51214e-05,-0.0006205553,-0.000496069,-7.43068e-05,-0.000637257,0.00010799495627830266,14.664430521340972,10.122599584659808
PART-RIVERBANK-2,200,RiverBank/C3D8R,260.0,-10.0,-10.0,-0.00038937645,7.51214e-05,-0.0006205553,-0.000496069,7.43068e-05,-0.000637257,0.00010799495627830266,14.664430521340972,10.122599584659808
PART-RIVERBANK-1,185,RiverBank/C3D8R,-260.0,10.0,-10.0,0.00038937645,-7.51214e-05,-0.0006205553,0.000496069,-7.43068e-05,-0.000637257,0.00010799495627830266,14.664430521340972,10.122599584659808
PART-RIVERBANK-1,230,RiverBank/C3D8R,-260.0,-10.0,-10.0,0.00038937645,7.51214e-05,-0.0006205553,0.000496069,7.43068e-05,-0.000637257,0.00010799495627830266,14.664430521340972,10.122599584659808
PART-RIVERBANK-2,495,RiverBank/C3D8R,290.0,5.0,-25.0,-5.47713e-05,-2.2541699e-05,-0.00024775314,-0.000111355,8.7026e-06,-0.000161719,0.00010760945391196352,42.243776752317146,22.84441068432371
PART-RIVERBANK-2,497,RiverBank/C3D8R,290.0,-5.0,-25.0,-5.47713e-05,2.2541699e-05,-0.00024775314,-0.000111355,-8.7026e-06,-0.000161719,0.00010760945391196352,42.243776752317146,22.84441068432371
PART-RIVERBANK-1,405,RiverBank/C3D8R,-290.0,5.0,-25.0,5.47713e-05,-2.2541699e-05,-0.00024775314,0.000111355,8.7026e-06,-0.000161719,0.00010760945391196352,42.243776752317146,22.84441068432371
PART-RIVERBANK-1,407,RiverBank/C3D8R,-290.0,-5.0,-25.0,5.47713e-05,2.2541699e-05,-0.00024775314,0.000111355,-8.7026e-06,-0.000161719,0.00010760945391196352,42.243776752317146,22.84441068432371
PART-RIVERBANK-2,433,RiverBank/C3D8R,265.0,0.0,-5.0,-0.00053822686,-2.719164e-17,-0.00067891565,-0.000638012,1.01183e-15,-0.000711549,0.00010498575949642934,12.117747171009453,10.309468912800474
PART-RIVERBANK-1,493,RiverBank/C3D8R,-265.0,0.0,-5.0,0.00053822686,4.5820165e-18,-0.00067891565,0.000638012,9.82353e-16,-0.000711549,0.00010498575949642934,12.117747171009453,10.309468912800474
PART-RIVERBANK-2,153,RiverBank/C3D8R,260.0,10.0,-20.0,-0.00026313856,-4.871467e-05,-0.00050268794,-0.000291869,2.74032e-05,-0.000567908,0.00010427379604835581,18.31027595429114,12.225973009282852
PART-RIVERBANK-2,198,RiverBank/C3D8R,260.0,-10.0,-20.0,-0.00026313856,4.871467e-05,-0.00050268794,-0.000291869,-2.74032e-05,-0.000567908,0.00010427379604835581,18.31027595429114,12.225973009282852
PART-RIVERBANK-1,183,RiverBank/C3D8R,-260.0,10.0,-20.0,0.00026313856,-4.871467e-05,-0.00050268794,0.000291869,2.74032e-05,-0.000567908,0.00010427379604835581,18.31027595429114,12.225973009282852
PART-RIVERBANK-1,228,RiverBank/C3D8R,-260.0,-10.0,-20.0,0.00026313856,4.871467e-05,-0.00050268794,0.000291869,-2.74032e-05,-0.000567908,0.00010427379604835581,18.31027595429114,12.225973009282852
PART-RIVERBANK-2,51,RiverBank/C3D8R,285.0,10.0,0.0,-0.00042508342,1.086018e-05,-0.00038944397,-0.000466337,-8.43591e-06,-0.000482609,0.00010370110783885293,17.984581260947245,16.396945664294023
PART-RIVERBANK-2,65,RiverBank/C3D8R,285.0,-10.0,0.0,-0.00042508342,-1.086018e-05,-0.00038944397,-0.000466337,8.43591e-06,-0.000482609,0.00010370110783885293,17.984581260947245,16.396945664294023
PART-RIVERBANK-1,47,RiverBank/C3D8R,-285.0,10.0,0.0,0.00042508342,1.086018e-05,-0.00038944397,0.000466337,-8.43591e-06,-0.000482609,0.00010370110783885293,17.984581260947245,16.396945664294023
PART-RIVERBANK-1,69,RiverBank/C3D8R,-285.0,-10.0,0.0,0.00042508342,-1.086018e-05,-0.00038944397,0.000466337,8.43591e-06,-0.000482609,0.00010370110783885293,17.984581260947245,16.396945664294023
PART-RIVERBANK-2,176,RiverBank/C3D8R,280.0,10.0,-5.0,-0.00037295456,2.2127295e-05,-0.00048590425,-0.000449505,-3.08767e-05,-0.000440992,0.00010337554619065442,16.86569923722583,2.859711050731305
PART-RIVERBANK-2,221,RiverBank/C3D8R,280.0,-10.0,-5.0,-0.00037295456,-2.2127295e-05,-0.00048590425,-0.000449505,3.08767e-05,-0.000440992,0.00010337554619065442,16.86569923722583,2.859711050731305
PART-RIVERBANK-1,166,RiverBank/C3D8R,-280.0,10.0,-5.0,0.00037295456,2.2127295e-05,-0.00048590425,0.000449505,-3.08767e-05,-0.000440992,0.00010337554619065442,16.86569923722583,2.859711050731305
PART-RIVERBANK-1,211,RiverBank/C3D8R,-280.0,-10.0,-5.0,0.00037295456,-2.2127295e-05,-0.00048590425,0.000449505,3.08767e-05,-0.000440992,0.00010337554619065442,16.86569923722583,2.859711050731305
PART-RIVERBANK-2,481,RiverBank/C3D8R,285.0,0.0,-25.0,-9.065052e-05,-2.4685288e-18,-0.00028124117,-0.000132529,1.24484e-16,-0.000188793,0.00010149123717572518,34.34680343338944,21.937748468120986
PART-RIVERBANK-1,421,RiverBank/C3D8R,-285.0,0.0,-25.0,9.065052e-05,-3.0154792e-19,-0.00028124117,0.000132529,1.11603e-16,-0.000188793,0.00010149123717572518,34.34680343338944,21.937748468120986
PART-RIVERBANK-2,450,RiverBank/C3D8R,275.0,5.0,-25.0,-6.7098474e-05,6.7199195e-05,-0.00048795374,-0.000109716,5.66564e-06,-0.000555187,0.00010061283796577003,20.239616199462585,13.848917506657212
PART-RIVERBANK-2,452,RiverBank/C3D8R,275.0,-5.0,-25.0,-6.7098474e-05,-6.7199195e-05,-0.00048795374,-0.000109716,-5.66564e-06,-0.000555187,0.00010061283796577003,20.239616199462585,13.848917506657212
PART-RIVERBANK-1,450,RiverBank/C3D8R,-275.0,5.0,-25.0,6.7098474e-05,6.7199195e-05,-0.00048795374,0.000109716,5.66564e-06,-0.000555187,0.00010061283796577003,20.239616199462585,13.848917506657212
PART-RIVERBANK-1,452,RiverBank/C3D8R,-275.0,-5.0,-25.0,6.7098474e-05,-6.7199195e-05,-0.00048795374,0.000109716,-5.66564e-06,-0.000555187,0.00010061283796577003,20.239616199462585,13.848917506657212
PART-RIVERBANK-2,421,RiverBank/C3D8R,265.0,0.0,-25.0,-0.00034926092,-7.380935e-18,-0.00039477792,-0.000250299,5.16954e-16,-0.000399714,9.90849458588579e-05,18.798185088037332,10.52617295782313
PART-RIVERBANK-1,481,RiverBank/C3D8R,-265.0,0.0,-25.0,0.00034926092,2.2833944e-18,-0.00039477792,0.000250299,4.93359e-16,-0.000399714,9.90849458588579e-05,18.798185088037332,10.52617295782313
PART-RIVERBANK-2,36,RiverBank/C3D8R,300.0,-10.0,-25.0,-0.00018186243,-7.1913026e-05,-0.000278395,-0.00012749,-3.13908e-06,-0.000323273,9.848985570359933e-05,28.948928719852713,2.1453748455049206
PART-RIVERBANK-2,40,RiverBank/C3D8R,300.0,10.0,-25.0,-0.00018186243,7.1913026e-05,-0.000278395,-0.00012749,3.13908e-06,-0.000323273,9.848985570359933e-05,28.948928719852713,2.1453748455049206
PART-RIVERBANK-1,16,RiverBank/C3D8R,-300.0,-10.0,-25.0,0.00018186243,-7.1913026e-05,-0.000278395,0.00012749,-3.13908e-06,-0.000323273,9.848985570359933e-05,28.948928719852713,2.1453748455049206
PART-RIVERBANK-1,28,RiverBank/C3D8R,-300.0,10.0,-25.0,0.00018186243,7.1913026e-05,-0.000278395,0.00012749,3.13908e-06,-0.000323273,9.848985570359933e-05,28.948928719852713,2.1453748455049206
PART-RIVERBANK-2,435,RiverBank/C3D8R,270.0,5.0,-25.0,-0.00023325614,-3.3967874e-05,-0.00035006856,-0.000195302,4.74442e-05,-0.000314449,9.662916532142186e-05,22.89621970017574,11.572477608877158
PART-RIVERBANK-2,437,RiverBank/C3D8R,270.0,-5.0,-25.0,-0.00023325614,3.3967874e-05,-0.00035006856,-0.000195302,-4.74442e-05,-0.000314449,9.662916532142186e-05,22.89621970017574,11.572477608877158
PART-RIVERBANK-1,465,RiverBank/C3D8R,-270.0,5.0,-25.0,0.00023325614,-3.3967874e-05,-0.00035006856,0.000195302,4.74442e-05,-0.000314449,9.662916532142186e-05,22.89621970017574,11.572477608877158
PART-RIVERBANK-1,467,RiverBank/C3D8R,-270.0,-5.0,-25.0,0.00023325614,3.3967874e-05,-0.00035006856,0.000195302,-4.74442e-05,-0.000314449,9.662916532142186e-05,22.89621970017574,11.572477608877158
PART-RIVERBANK-2,436,RiverBank/C3D8R,270.0,0.0,-25.0,7.32629e-06,-9.431058e-18,-0.00057089154,-6.8776e-05,3.50633e-16,-0.000628435,9.540863866556159e-05,16.710842014616322,10.727718031648958
PART-RIVERBANK-1,466,RiverBank/C3D8R,-270.0,0.0,-25.0,-7.32629e-06,1.4136932e-18,-0.00057089154,6.8776e-05,3.2729e-16,-0.000628435,9.540863866556159e-05,16.710842014616322,10.727718031648958
PART-RIVERBANK-2,462,RiverBank/C3D8R,275.0,5.0,-5.0,-0.00037078006,4.747072e-06,-0.00060655846,-0.000448096,-3.15264e-05,-0.0005644,9.524103684121665e-05,13.396787631151739,1.4650639511954469
PART-RIVERBANK-2,464,RiverBank/C3D8R,275.0,-5.0,-5.0,-0.00037078006,-4.747072e-06,-0.00060655846,-0.000448096,3.15264e-05,-0.0005644,9.524103684121665e-05,13.396787631151739,1.4650639511954469
PART-RIVERBANK-1,462,RiverBank/C3D8R,-275.0,5.0,-5.0,0.00037078006,4.747072e-06,-0.00060655846,0.000448096,-3.15264e-05,-0.0005644,9.524103684121665e-05,13.396787631151739,1.4650639511954469
PART-RIVERBANK-1,464,RiverBank/C3D8R,-275.0,-5.0,-5.0,0.00037078006,-4.747072e-06,-0.00060655846,0.000448096,3.15264e-05,-0.0005644,9.524103684121665e-05,13.396787631151739,1.4650639511954469
PART-RIVERBANK-2,552,RiverBank/C3D8R,270.0,-5.0,-35.0,-0.00016509237,2.5222287e-05,-0.00023331422,-0.00011264,-5.36778e-05,-0.000225188,9.509211480828928e-05,33.14155542424959,10.274598892516455
PART-RIVERBANK-2,554,RiverBank/C3D8R,270.0,5.0,-35.0,-0.00016509237,-2.5222287e-05,-0.00023331422,-0.00011264,5.36778e-05,-0.000225188,9.509211480828928e-05,33.14155542424959,10.274598892516455
PART-RIVERBANK-1,570,RiverBank/C3D8R,-270.0,-5.0,-35.0,0.00016509237,2.5222287e-05,-0.00023331422,0.00011264,-5.36778e-05,-0.000225188,9.509211480828928e-05,33.14155542424959,10.274598892516455
PART-RIVERBANK-1,572,RiverBank/C3D8R,-270.0,5.0,-35.0,0.00016509237,-2.5222287e-05,-0.00023331422,0.00011264,5.36778e-05,-0.000225188,9.509211480828928e-05,33.14155542424959,10.274598892516455
PART-RIVERBANK-2,163,RiverBank/C3D8R,270.0,10.0,-20.0,-0.00020799453,-1.1830296e-05,-0.00045059662,-0.000270031,4.09626e-05,-0.000401562,9.507895369992308e-05,19.152685614460875,2.172669620350862
PART-RIVERBANK-2,208,RiverBank/C3D8R,270.0,-10.0,-20.0,-0.00020799453,1.1830296e-05,-0.00045059662,-0.000270031,-4.09626e-05,-0.000401562,9.507895369992308e-05,19.152685614460875,2.172669620350862
PART-RIVERBANK-1,173,RiverBank/C3D8R,-270.0,10.0,-20.0,0.00020799453,-1.1830296e-05,-0.00045059662,0.000270031,4.09626e-05,-0.000401562,9.507895369992308e-05,19.152685614460875,2.172669620350862
PART-RIVERBANK-1,218,RiverBank/C3D8R,-270.0,-10.0,-20.0,0.00020799453,1.1830296e-05,-0.00045059662,0.000270031,-4.09626e-05,-0.000401562,9.507895369992308e-05,19.152685614460875,2.172669620350862
PART-RIVERBANK-2,429,RiverBank/C3D8R,265.0,5.0,-10.0,-0.00037440608,-8.073825e-06,-0.0005464228,-0.000458465,3.357e-05,-0.00055844,9.45754898905474e-05,14.276900095441874,9.188702730450043
PART-RIVERBANK-2,431,RiverBank/C3D8R,265.0,-5.0,-10.0,-0.00037440608,8.073825e-06,-0.0005464228,-0.000458465,-3.357e-05,-0.00055844,9.45754898905474e-05,14.276900095441874,9.188702730450043
PART-RIVERBANK-1,489,RiverBank/C3D8R,-265.0,5.0,-10.0,0.00037440608,-8.073825e-06,-0.0005464228,0.000458465,3.357e-05,-0.00055844,9.45754898905474e-05,14.276900095441874,9.188702730450043
PART-RIVERBANK-1,491,RiverBank/C3D8R,-265.0,-5.0,-10.0,0.00037440608,8.073825e-06,-0.0005464228,0.000458465,-3.357e-05,-0.00055844,9.45754898905474e-05,14.276900095441874,9.188702730450043
PART-RIVERBANK-2,492,RiverBank/C3D8R,285.0,5.0,-5.0,-0.00033359628,1.0806109e-05,-0.0005311809,-0.000404526,-1.08325e-05,-0.00047277,9.439855834462347e-05,15.047414106458893,0.8018676981688178
PART-RIVERBANK-2,494,RiverBank/C3D8R,285.0,-5.0,-5.0,-0.00033359628,-1.0806109e-05,-0.0005311809,-0.000404526,1.08325e-05,-0.00047277,9.439855834462347e-05,15.047414106458893,0.8018676981688178
PART-RIVERBANK-1,432,RiverBank/C3D8R,-285.0,5.0,-5.0,0.00033359628,1.0806109e-05,-0.0005311809,0.000404526,-1.08325e-05,-0.00047277,9.439855834462347e-05,15.047414106458893,0.8018676981688178
PART-RIVERBANK-1,434,RiverBank/C3D8R,-285.0,-5.0,-5.0,0.00033359628,-1.0806109e-05,-0.0005311809,0.000404526,1.08325e-05,-0.00047277,9.439855834462347e-05,15.047414106458893,0.8018676981688178
PART-RIVERBANK-2,161,RiverBank/C3D8R,265.0,10.0,-5.0,-0.00042108435,-6.948177e-05,-0.00068301935,-0.000508208,-3.40527e-05,-0.000688732,9.422517583114344e-05,11.69930361403412,6.359914759650411
PART-RIVERBANK-2,206,RiverBank/C3D8R,265.0,-10.0,-5.0,-0.00042108435,6.948177e-05,-0.00068301935,-0.000508208,3.40527e-05,-0.000688732,9.422517583114344e-05,11.69930361403412,6.359914759650411
PART-RIVERBANK-1,181,RiverBank/C3D8R,-265.0,10.0,-5.0,0.00042108435,-6.948177e-05,-0.00068301935,0.000508208,-3.40527e-05,-0.000688732,9.422517583114344e-05,11.69930361403412,6.359914759650411
PART-RIVERBANK-1,226,RiverBank/C3D8R,-265.0,-10.0,-5.0,0.00042108435,6.948177e-05,-0.00068301935,0.000508208,3.40527e-05,-0.000688732,9.422517583114344e-05,11.69930361403412,6.359914759650411
PART-RIVERBANK-2,283,RiverBank/C3D8R,285.0,0.0,0.0,-0.00041193582,-1.5366154e-17,-0.00039127163,-0.000453434,3.6126e-16,-0.000475709,9.408383705945087e-05,16.55993441115097,15.674044232663231
PART-RIVERBANK-1,271,RiverBank/C3D8R,-285.0,0.0,0.0,0.00041193582,4.7213913e-19,-0.00039127163,0.000453434,3.41107e-16,-0.000475709,9.408383705945087e-05,16.55993441115097,15.674044232663231
PART-RIVERBANK-2,182,RiverBank/C3D8R,290.0,10.0,-25.0,-0.00014306148,8.1119324e-05,-0.0003644746,-0.000133431,8.30715e-06,-0.000423145,9.400305667262463e-05,23.50894480659901,10.979067458733601
PART-RIVERBANK-2,227,RiverBank/C3D8R,290.0,-10.0,-25.0,-0.00014306148,-8.1119324e-05,-0.0003644746,-0.000133431,-8.30715e-06,-0.000423145,9.400305667262463e-05,23.50894480659901,10.979067458733601
PART-RIVERBANK-1,152,RiverBank/C3D8R,-290.0,10.0,-25.0,0.00014306148,8.1119324e-05,-0.0003644746,0.000133431,8.30715e-06,-0.000423145,9.400305667262463e-05,23.50894480659901,10.979067458733601
PART-RIVERBANK-1,197,RiverBank/C3D8R,-290.0,-10.0,-25.0,0.00014306148,-8.1119324e-05,-0.0003644746,0.000133431,-8.30715e-06,-0.000423145,9.400305667262463e-05,23.50894480659901,10.979067458733601
PART-RIVERBANK-2,186,RiverBank/C3D8R,290.0,10.0,-5.0,-0.0003405021,2.3250914e-05,-0.00042147693,-0.000402654,-1.85318e-05,-0.000364948,9.383055893343438e-05,17.301281348811774,0.26071003583343827
PART-RIVERBANK-2,231,RiverBank/C3D8R,290.0,-10.0,-5.0,-0.0003405021,-2.3250914e-05,-0.00042147693,-0.000402654,1.85318e-05,-0.000364948,9.383055893343438e-05,17.301281348811774,0.26071003583343827
PART-RIVERBANK-1,156,RiverBank/C3D8R,-290.0,10.0,-5.0,0.0003405021,2.3250914e-05,-0.00042147693,0.000402654,-1.85318e-05,-0.000364948,9.383055893343438e-05,17.301281348811774,0.26071003583343827
PART-RIVERBANK-1,201,RiverBank/C3D8R,-290.0,-10.0,-5.0,0.0003405021,-2.3250914e-05,-0.00042147693,0.000402654,1.85318e-05,-0.000364948,9.383055893343438e-05,17.301281348811774,0.26071003583343827
PART-RIVERBANK-2,166,RiverBank/C3D8R,270.0,10.0,-5.0,-0.0004412306,2.5115583e-05,-0.0005349149,-0.00051575,-2.96288e-05,-0.000520607,9.356711200427582e-05,13.484908283372437,5.7008799578328775
PART-RIVERBANK-2,211,RiverBank/C3D8R,270.0,-10.0,-5.0,-0.0004412306,-2.5115583e-05,-0.0005349149,-0.00051575,2.96288e-05,-0.000520607,9.356711200427582e-05,13.484908283372437,5.7008799578328775
PART-RIVERBANK-1,176,RiverBank/C3D8R,-270.0,10.0,-5.0,0.0004412306,2.5115583e-05,-0.0005349149,0.00051575,-2.96288e-05,-0.000520607,9.356711200427582e-05,13.484908283372437,5.7008799578328775
PART-RIVERBANK-1,221,RiverBank/C3D8R,-270.0,-10.0,-5.0,0.0004412306,-2.5115583e-05,-0.0005349149,0.00051575,2.96288e-05,-0.000520607,9.356711200427582e-05,13.484908283372437,5.7008799578328775
PART-RIVERBANK-2,465,RiverBank/C3D8R,280.0,5.0,-25.0,-0.00013740544,-2.7372358e-05,-0.00029200132,-0.000162207,2.01225e-05,-0.000216286,9.275607040822805e-05,28.639567512293173,16.294314006385857
PART-RIVERBANK-2,467,RiverBank/C3D8R,280.0,-5.0,-25.0,-0.00013740544,2.7372358e-05,-0.00029200132,-0.000162207,-2.01225e-05,-0.000216286,9.275607040822805e-05,28.639567512293173,16.294314006385857
PART-RIVERBANK-1,435,RiverBank/C3D8R,-280.0,5.0,-25.0,0.00013740544,-2.7372358e-05,-0.00029200132,0.000162207,2.01225e-05,-0.000216286,9.275607040822805e-05,28.639567512293173,16.294314006385857
PART-RIVERBANK-1,437,RiverBank/C3D8R,-280.0,-5.0,-25.0,0.00013740544,2.7372358e-05,-0.00029200132,0.000162207,-2.01225e-05,-0.000216286,9.275607040822805e-05,28.639567512293173,16.294314006385857
PART-RIVERBANK-2,478,RiverBank/C3D8R,280.0,0.0,-5.0,-0.00034437625,-1.35017805e-17,-0.0005014534,-0.000419192,4.99248e-16,-0.000447081,9.248650890709682e-05,15.20365060641403,0.74748759474455
PART-RIVERBANK-1,448,RiverBank/C3D8R,-280.0,0.0,-5.0,0.00034437625,1.0676949e-18,-0.0005014534,0.000419192,4.62184e-16,-0.000447081,9.248650890709682e-05,15.20365060641403,0.74748759474455
PART-RIVERBANK-2,522,RiverBank/C3D8R,295.0,5.0,-5.0,-0.00031791712,1.3374404e-05,-0.00044333964,-0.000377089,-8.35792e-07,-0.000375019,9.149290083444955e-05,16.76582390094781,2.5448275240553335
PART-RIVERBANK-2,524,RiverBank/C3D8R,295.0,-5.0,-5.0,-0.00031791712,-1.3374404e-05,-0.00044333964,-0.000377089,8.35792e-07,-0.000375019,9.149290083444955e-05,16.76582390094781,2.5448275240553335
PART-RIVERBANK-1,402,RiverBank/C3D8R,-295.0,5.0,-5.0,0.00031791712,1.3374404e-05,-0.00044333964,0.000377089,-8.35792e-07,-0.000375019,9.149290083444955e-05,16.76582390094781,2.5448275240553335
PART-RIVERBANK-1,404,RiverBank/C3D8R,-295.0,-5.0,-5.0,0.00031791712,-1.3374404e-05,-0.00044333964,0.000377089,8.35792e-07,-0.000375019,9.149290083444955e-05,16.76582390094781,2.5448275240553335
PART-RIVERBANK-2,427,RiverBank/C3D8R,265.0,0.0,-15.0,-0.00038205914,-1.88072e-17,-0.0005400119,-0.000471938,7.4698e-16,-0.000529538,9.04870822610034e-05,13.679078475989282,7.2291687960513995
PART-RIVERBANK-1,487,RiverBank/C3D8R,-265.0,0.0,-15.0,0.00038205914,3.6726228e-18,-0.0005400119,0.000471938,7.19648e-16,-0.000529538,9.04870822610034e-05,13.679078475989282,7.2291687960513995
PART-RIVERBANK-2,159,RiverBank/C3D8R,265.0,10.0,-15.0,-0.0002702257,-3.67672e-05,-0.00053587666,-0.000350712,-1.17044e-06,-0.000516415,9.01328465108209e-05,14.99016389147568,3.8197521636380127
PART-RIVERBANK-2,204,RiverBank/C3D8R,265.0,-10.0,-15.0,-0.0002702257,3.67672e-05,-0.00053587666,-0.000350712,1.17044e-06,-0.000516415,9.01328465108209e-05,14.99016389147568,3.8197521636380127
PART-RIVERBANK-1,179,RiverBank/C3D8R,-265.0,10.0,-15.0,0.0002702257,-3.67672e-05,-0.00053587666,0.000350712,-1.17044e-06,-0.000516415,9.01328465108209e-05,14.99016389147568,3.8197521636380127
PART-RIVERBANK-1,224,RiverBank/C3D8R,-265.0,-10.0,-15.0,0.0002702257,3.67672e-05,-0.00053587666,0.000350712,1.17044e-06,-0.000516415,9.01328465108209e-05,14.99016389147568,3.8197521636380127
PART-RIVERBANK-2,32,RiverBank/C3D8R,300.0,-10.0,-5.0,-0.00033792178,-2.5683468e-05,-0.0003231798,-0.000379973,1.14698e-05,-0.000253589,8.93954689635231e-05,19.089748133049913,2.418139979741666
PART-RIVERBANK-2,44,RiverBank/C3D8R,300.0,10.0,-5.0,-0.00033792178,2.5683468e-05,-0.0003231798,-0.000379973,-1.14698e-05,-0.000253589,8.93954689635231e-05,19.089748133049913,2.418139979741666
PART-RIVERBANK-1,20,RiverBank/C3D8R,-300.0,-10.0,-5.0,0.00033792178,-2.5683468e-05,-0.0003231798,0.000379973,1.14698e-05,-0.000253589,8.93954689635231e-05,19.089748133049913,2.418139979741666
PART-RIVERBANK-1,24,RiverBank/C3D8R,-300.0,10.0,-5.0,0.00033792178,2.5683468e-05,-0.0003231798,0.000379973,-1.14698e-05,-0.000253589,8.93954689635231e-05,19.089748133049913,2.418139979741666
PART-RIVERBANK-2,508,RiverBank/C3D8R,290.0,0.0,-5.0,-0.00033977037,-8.713975e-18,-0.00043548198,-0.000404231,2.12791e-16,-0.0003736,8.935632192921383e-05,16.177536721298072,0.34620361845834985
PART-RIVERBANK-1,418,RiverBank/C3D8R,-290.0,0.0,-5.0,0.00033977037,-1.3041322e-18,-0.00043548198,0.000404231,1.81953e-16,-0.0003736,8.935632192921383e-05,16.177536721298072,0.34620361845834985
PART-RIVERBANK-2,145,RiverBank/C3D8R,300.0,0.0,-5.0,-0.0003550472,-3.841105e-18,-0.00033685673,-0.000403233,-5.56772e-17,-0.000263102,8.810012212825196e-05,18.000960260704915,1.6228676639852229
PART-RIVERBANK-1,130,RiverBank/C3D8R,-300.0,0.0,-5.0,0.0003550472,-3.015855e-18,-0.00033685673,0.000403233,-7.96753e-17,-0.000263102,8.810012212825196e-05,18.000960260704915,1.6228676639852229
PART-RIVERBANK-2,409,RiverBank/C3D8R,260.0,0.0,-20.0,-0.00043800403,-1.7015886e-17,-0.00051428104,-0.000492907,7.38577e-16,-0.000583153,8.807770994447179e-05,13.03843016923577,13.032356038118834
PART-RIVERBANK-1,499,RiverBank/C3D8R,-260.0,0.0,-20.0,0.00043800403,3.7971763e-18,-0.00051428104,0.000492907,7.16373e-16,-0.000583153,8.807770994447179e-05,13.03843016923577,13.032356038118834
PART-RIVERBANK-2,324,RiverBank/C3D8R,280.0,-10.0,-35.0,-8.096031e-07,-0.00013552824,-0.00024960854,-1.25998e-05,-4.90604e-05,-0.000260386,8.79309373386749e-05,30.958338607300973,6.6059814259094285
PART-RIVERBANK-2,351,RiverBank/C3D8R,280.0,10.0,-35.0,-8.096031e-07,0.00013552824,-0.00024960854,-1.25998e-05,4.90604e-05,-0.000260386,8.79309373386749e-05,30.958338607300973,6.6059814259094285
PART-RIVERBANK-1,318,RiverBank/C3D8R,-280.0,-10.0,-35.0,8.096031e-07,-0.00013552824,-0.00024960854,1.25998e-05,-4.90604e-05,-0.000260386,8.79309373386749e-05,30.958338607300973,6.6059814259094285
PART-RIVERBANK-1,345,RiverBank/C3D8R,-280.0,10.0,-35.0,8.096031e-07,0.00013552824,-0.00024960854,1.25998e-05,4.90604e-05,-0.000260386,8.79309373386749e-05,30.958338607300973,6.6059814259094285
PART-RIVERBANK-2,439,RiverBank/C3D8R,270.0,0.0,-20.0,-0.0002547941,-1.0795794e-17,-0.00041619837,-0.000320666,4.95805e-16,-0.000361959,8.532887241495047e-05,17.48553053170484,0.9069631641765182
PART-RIVERBANK-1,469,RiverBank/C3D8R,-270.0,0.0,-20.0,0.0002547941,1.697711e-18,-0.00041619837,0.000320666,4.68963e-16,-0.000361959,8.532887241495047e-05,17.48553053170484,0.9069631641765182
PART-RIVERBANK-2,53,RiverBank/C3D8R,295.0,10.0,0.0,-0.0004036614,1.436023e-05,-0.00031797102,-0.000457318,-1.23688e-06,-0.000382197,8.513094073762194e-05,16.560612357958856,15.940485507188761
PART-RIVERBANK-2,63,RiverBank/C3D8R,295.0,-10.0,0.0,-0.0004036614,-1.436023e-05,-0.00031797102,-0.000457318,1.23688e-06,-0.000382197,8.513094073762194e-05,16.560612357958856,15.940485507188761
PART-RIVERBANK-1,45,RiverBank/C3D8R,-295.0,10.0,0.0,0.0004036614,1.436023e-05,-0.00031797102,0.000457318,-1.23688e-06,-0.000382197,8.513094073762194e-05,16.560612357958856,15.940485507188761
PART-RIVERBANK-1,71,RiverBank/C3D8R,-295.0,-10.0,0.0,0.0004036614,-1.436023e-05,-0.00031797102,0.000457318,1.23688e-06,-0.000382197,8.513094073762194e-05,16.560612357958856,15.940485507188761
PART-RIVERBANK-2,447,RiverBank/C3D8R,270.0,5.0,-5.0,-0.00042021,-7.344266e-06,-0.0005162653,-0.00048159,3.58481e-05,-0.000556441,8.513032216060239e-05,12.788036916333798,10.676588936741984
PART-RIVERBANK-2,449,RiverBank/C3D8R,270.0,-5.0,-5.0,-0.00042021,7.344266e-06,-0.0005162653,-0.00048159,-3.58481e-05,-0.000556441,8.513032216060239e-05,12.788036916333798,10.676588936741984
PART-RIVERBANK-1,477,RiverBank/C3D8R,-270.0,5.0,-5.0,0.00042021,-7.344266e-06,-0.0005162653,0.00048159,3.58481e-05,-0.000556441,8.513032216060239e-05,12.788036916333798,10.676588936741984
PART-RIVERBANK-1,479,RiverBank/C3D8R,-270.0,-5.0,-5.0,0.00042021,7.344266e-06,-0.0005162653,0.00048159,-3.58481e-05,-0.000556441,8.513032216060239e-05,12.788036916333798,10.676588936741984
PART-RIVERBANK-2,453,RiverBank/C3D8R,275.0,5.0,-20.0,-0.00018994231,-1.2302773e-05,-0.00041691525,-0.000243068,4.51265e-06,-0.000353466,8.444468434547868e-05,18.425245544169968,6.395263957899602
PART-RIVERBANK-2,455,RiverBank/C3D8R,275.0,-5.0,-20.0,-0.00018994231,1.2302773e-05,-0.00041691525,-0.000243068,-4.51265e-06,-0.000353466,8.444468434547868e-05,18.425245544169968,6.395263957899602
PART-RIVERBANK-1,453,RiverBank/C3D8R,-275.0,5.0,-20.0,0.00018994231,-1.2302773e-05,-0.00041691525,0.000243068,4.51265e-06,-0.000353466,8.444468434547868e-05,18.425245544169968,6.395263957899602
PART-RIVERBANK-1,455,RiverBank/C3D8R,-275.0,-5.0,-20.0,0.00018994231,1.2302773e-05,-0.00041691525,0.000243068,-4.51265e-06,-0.000353466,8.444468434547868e-05,18.425245544169968,6.395263957899602
PART-RIVERBANK-2,285,RiverBank/C3D8R,290.0,5.0,0.0,-0.0003932828,2.3539e-06,-0.000440481,-0.000445241,-1.7734e-06,-0.000504231,8.234531955448343e-05,13.944812795217251,13.91450495372863
PART-RIVERBANK-2,287,RiverBank/C3D8R,290.0,-5.0,0.0,-0.0003932828,-2.3539e-06,-0.000440481,-0.000445241,1.7734e-06,-0.000504231,8.234531955448343e-05,13.944812795217251,13.91450495372863
PART-RIVERBANK-1,267,RiverBank/C3D8R,-290.0,5.0,0.0,0.0003932828,2.3539e-06,-0.000440481,0.000445241,-1.7734e-06,-0.000504231,8.234531955448343e-05,13.944812795217251,13.91450495372863
PART-RIVERBANK-1,269,RiverBank/C3D8R,-290.0,-5.0,0.0,0.0003932828,-2.3539e-06,-0.000440481,0.000445241,1.7734e-06,-0.000504231,8.234531955448343e-05,13.944812795217251,13.91450495372863
PART-RIVERBANK-2,289,RiverBank/C3D8R,295.0,0.0,0.0,-0.00041168547,-1.0044906e-17,-0.00032234794,-0.000469598,8.32566e-17,-0.000380657,8.218155272982195e-05,15.717394408755736,15.612175571459181
PART-RIVERBANK-1,265,RiverBank/C3D8R,-295.0,0.0,0.0,0.00041168547,-1.836536e-18,-0.00032234794,0.000469598,6.65726e-17,-0.000380657,8.218155272982195e-05,15.717394408755736,15.612175571459181
PART-RIVERBANK-2,158,RiverBank/C3D8R,265.0,10.0,-20.0,-0.00015606047,9.2201335e-05,-0.0005786471,-0.000153806,2.66113e-05,-0.000624388,7.999603277095764e-05,13.192541583948422,6.139755254065823
PART-RIVERBANK-2,203,RiverBank/C3D8R,265.0,-10.0,-20.0,-0.00015606047,-9.2201335e-05,-0.0005786471,-0.000153806,-2.66113e-05,-0.000624388,7.999603277095764e-05,13.192541583948422,6.139755254065823
PART-RIVERBANK-1,178,RiverBank/C3D8R,-265.0,10.0,-20.0,0.00015606047,9.2201335e-05,-0.0005786471,0.000153806,2.66113e-05,-0.000624388,7.999603277095764e-05,13.192541583948422,6.139755254065823
PART-RIVERBANK-1,223,RiverBank/C3D8R,-265.0,-10.0,-20.0,0.00015606047,-9.2201335e-05,-0.0005786471,0.000153806,-2.66113e-05,-0.000624388,7.999603277095764e-05,13.192541583948422,6.139755254065823
PART-RIVERBANK-2,469,RiverBank/C3D8R,280.0,0.0,-20.0,-0.00017558917,-6.805664e-18,-0.0003861991,-0.000215643,2.70233e-16,-0.000317319,7.967921607093596e-05,18.781546880537505,9.5663093303958
PART-RIVERBANK-1,439,RiverBank/C3D8R,-280.0,0.0,-20.0,0.00017558917,2.198607e-19,-0.0003861991,0.000215643,2.48268e-16,-0.000317319,7.967921607093596e-05,18.781546880537505,9.5663093303958
PART-RIVERBANK-2,300,RiverBank/C3D8R,300.0,-5.0,-35.0,0.00013758591,2.9644561e-05,-0.00014415296,7.58037e-05,1.09187e-05,-9.76172e-05,7.958188425422598e-05,39.50129501789676,38.41422265560936
PART-RIVERBANK-2,302,RiverBank/C3D8R,300.0,5.0,-35.0,0.00013758591,-2.9644561e-05,-0.00014415296,7.58037e-05,-1.09187e-05,-9.76172e-05,7.958188425422598e-05,39.50129501789676,38.41422265560936
PART-RIVERBANK-1,291,RiverBank/C3D8R,-300.0,-5.0,-35.0,-0.00013758591,2.9644561e-05,-0.00014415296,-7.58037e-05,1.09187e-05,-9.76172e-05,7.958188425422598e-05,39.50129501789676,38.41422265560936
PART-RIVERBANK-1,293,RiverBank/C3D8R,-300.0,5.0,-35.0,-0.00013758591,-2.9644561e-05,-0.00014415296,-7.58037e-05,-1.09187e-05,-9.76172e-05,7.958188425422598e-05,39.50129501789676,38.41422265560936
PART-RIVERBANK-2,173,RiverBank/C3D8R,280.0,10.0,-20.0,-0.00016492115,8.039512e-06,-0.0004284996,-0.00020615,3.45286e-05,-0.000366051,7.938083835129382e-05,17.286321704103873,8.206841227187294
PART-RIVERBANK-2,218,RiverBank/C3D8R,280.0,-10.0,-20.0,-0.00016492115,-8.039512e-06,-0.0004284996,-0.00020615,-3.45286e-05,-0.000366051,7.938083835129382e-05,17.286321704103873,8.206841227187294
PART-RIVERBANK-1,163,RiverBank/C3D8R,-280.0,10.0,-20.0,0.00016492115,8.039512e-06,-0.0004284996,0.00020615,3.45286e-05,-0.000366051,7.938083835129382e-05,17.286321704103873,8.206841227187294
PART-RIVERBANK-1,208,RiverBank/C3D8R,-280.0,-10.0,-20.0,0.00016492115,-8.039512e-06,-0.0004284996,0.00020615,-3.45286e-05,-0.000366051,7.938083835129382e-05,17.286321704103873,8.206841227187294
PART-RIVERBANK-2,480,RiverBank/C3D8R,285.0,5.0,-25.0,-0.00012011613,5.3162767e-05,-0.0004338293,-0.000125243,1.52851e-05,-0.000503137,7.914897177253654e-05,17.461417410376516,14.436313118347519
PART-RIVERBANK-2,482,RiverBank/C3D8R,285.0,-5.0,-25.0,-0.00012011613,-5.3162767e-05,-0.0004338293,-0.000125243,-1.52851e-05,-0.000503137,7.914897177253654e-05,17.461417410376516,14.436313118347519
PART-RIVERBANK-1,420,RiverBank/C3D8R,-285.0,5.0,-25.0,0.00012011613,5.3162767e-05,-0.0004338293,0.000125243,1.52851e-05,-0.000503137,7.914897177253654e-05,17.461417410376516,14.436313118347519
PART-RIVERBANK-1,422,RiverBank/C3D8R,-285.0,-5.0,-25.0,0.00012011613,-5.3162767e-05,-0.0004338293,0.000125243,-1.52851e-05,-0.000503137,7.914897177253654e-05,17.461417410376516,14.436313118347519
PART-RIVERBANK-2,466,RiverBank/C3D8R,280.0,0.0,-25.0,-9.3781826e-05,-5.2847664e-18,-0.00049967394,-0.000113865,1.70801e-16,-0.000575268,7.821633963052653e-05,15.38484736186182,15.348207753668063
PART-RIVERBANK-1,436,RiverBank/C3D8R,-280.0,0.0,-25.0,9.3781826e-05,-2.403024e-19,-0.00049967394,0.000113865,1.52129e-16,-0.000575268,7.821633963052653e-05,15.38484736186182,15.348207753668063
PART-RIVERBANK-2,423,RiverBank/C3D8R,265.0,5.0,-20.0,-0.00024305956,-3.0152027e-05,-0.00047888662,-0.000309276,7.54618e-06,-0.000464887,7.747103392515713e-05,14.402918632588287,3.817141329257713
PART-RIVERBANK-2,425,RiverBank/C3D8R,265.0,-5.0,-20.0,-0.00024305956,3.0152027e-05,-0.00047888662,-0.000309276,-7.54618e-06,-0.000464887,7.747103392515713e-05,14.402918632588287,3.817141329257713
PART-RIVERBANK-1,483,RiverBank/C3D8R,-265.0,5.0,-20.0,0.00024305956,-3.0152027e-05,-0.00047888662,0.000309276,7.54618e-06,-0.000464887,7.747103392515713e-05,14.402918632588287,3.817141329257713
PART-RIVERBANK-1,485,RiverBank/C3D8R,-265.0,-5.0,-20.0,0.00024305956,3.0152027e-05,-0.00047888662,0.000309276,-7.54618e-06,-0.000464887,7.747103392515713e-05,14.402918632588287,3.817141329257713
PART-RIVERBANK-2,171,RiverBank/C3D8R,275.0,10.0,-5.0,-0.0003661575,-3.936641e-05,-0.00058340095,-0.000410771,1.48856e-05,-0.000614549,7.683648866321653e-05,11.13715356510843,7.1646108417275425
PART-RIVERBANK-2,216,RiverBank/C3D8R,275.0,-10.0,-5.0,-0.0003661575,3.936641e-05,-0.00058340095,-0.000410771,-1.48856e-05,-0.000614549,7.683648866321653e-05,11.13715356510843,7.1646108417275425
PART-RIVERBANK-1,171,RiverBank/C3D8R,-275.0,10.0,-5.0,0.0003661575,-3.936641e-05,-0.00058340095,0.000410771,1.48856e-05,-0.000614549,7.683648866321653e-05,11.13715356510843,7.1646108417275425
PART-RIVERBANK-1,216,RiverBank/C3D8R,-275.0,-10.0,-5.0,0.0003661575,3.936641e-05,-0.00058340095,0.000410771,-1.48856e-05,-0.000614549,7.683648866321653e-05,11.13715356510843,7.1646108417275425
PART-RIVERBANK-2,170,RiverBank/C3D8R,275.0,10.0,-10.0,-0.00034530976,2.9415478e-05,-0.00048719195,-0.000403915,-1.75926e-05,-0.000493178,7.536687831742923e-05,12.605693488321098,6.662891509082776
PART-RIVERBANK-2,215,RiverBank/C3D8R,275.0,-10.0,-10.0,-0.00034530976,-2.9415478e-05,-0.00048719195,-0.000403915,1.75926e-05,-0.000493178,7.536687831742923e-05,12.605693488321098,6.662891509082776
PART-RIVERBANK-1,170,RiverBank/C3D8R,-275.0,10.0,-10.0,0.00034530976,2.9415478e-05,-0.00048719195,0.000403915,-1.75926e-05,-0.000493178,7.536687831742923e-05,12.605693488321098,6.662891509082776
PART-RIVERBANK-1,215,RiverBank/C3D8R,-275.0,-10.0,-10.0,0.00034530976,-2.9415478e-05,-0.00048719195,0.000403915,1.75926e-05,-0.000493178,7.536687831742923e-05,12.605693488321098,6.662891509082776
PART-RIVERBANK-2,451,RiverBank/C3D8R,275.0,0.0,-25.0,-0.00020253606,-4.8516997e-18,-0.00031775996,-0.000205053,3.08232e-16,-0.000242775,7.502718982585711e-05,19.91069239753302,15.666679559889623
PART-RIVERBANK-1,451,RiverBank/C3D8R,-275.0,0.0,-25.0,0.00020253606,8.06205e-19,-0.00031775996,0.000205053,2.89214e-16,-0.000242775,7.502718982585711e-05,19.91069239753302,15.666679559889623
PART-RIVERBANK-2,441,RiverBank/C3D8R,270.0,5.0,-15.0,-0.00026951646,-7.1243085e-06,-0.00047595316,-0.000335823,1.80245e-05,-0.000451543,7.499917150853653e-05,13.71071872945729,2.9268368933805204
PART-RIVERBANK-2,443,RiverBank/C3D8R,270.0,-5.0,-15.0,-0.00026951646,7.1243085e-06,-0.00047595316,-0.000335823,-1.80245e-05,-0.000451543,7.499917150853653e-05,13.71071872945729,2.9268368933805204
PART-RIVERBANK-1,471,RiverBank/C3D8R,-270.0,5.0,-15.0,0.00026951646,-7.1243085e-06,-0.00047595316,0.000335823,1.80245e-05,-0.000451543,7.499917150853653e-05,13.71071872945729,2.9268368933805204
PART-RIVERBANK-1,473,RiverBank/C3D8R,-270.0,-5.0,-15.0,0.00026951646,7.1243085e-06,-0.00047595316,0.000335823,-1.80245e-05,-0.000451543,7.499917150853653e-05,13.71071872945729,2.9268368933805204
PART-RIVERBANK-2,168,RiverBank/C3D8R,275.0,10.0,-20.0,-0.00018556611,5.5959412e-05,-0.00045202862,-0.000195272,1.75729e-05,-0.000515337,7.467047329729903e-05,15.18219138032383,12.106566729915256
PART-RIVERBANK-2,213,RiverBank/C3D8R,275.0,-10.0,-20.0,-0.00018556611,-5.5959412e-05,-0.00045202862,-0.000195272,-1.75729e-05,-0.000515337,7.467047329729903e-05,15.18219138032383,12.106566729915256
PART-RIVERBANK-1,168,RiverBank/C3D8R,-275.0,10.0,-20.0,0.00018556611,5.5959412e-05,-0.00045202862,0.000195272,1.75729e-05,-0.000515337,7.467047329729903e-05,15.18219138032383,12.106566729915256
PART-RIVERBANK-1,213,RiverBank/C3D8R,-275.0,-10.0,-20.0,0.00018556611,-5.5959412e-05,-0.00045202862,0.000195272,-1.75729e-05,-0.000515337,7.467047329729903e-05,15.18219138032383,12.106566729915256
PART-RIVERBANK-2,448,RiverBank/C3D8R,270.0,0.0,-5.0,-0.00035523952,-1.9065997e-17,-0.00056095235,-0.000421111,8.58456e-16,-0.000528833,7.328509071982442e-05,11.037328631140442,1.8136205309539812
PART-RIVERBANK-1,478,RiverBank/C3D8R,-270.0,0.0,-5.0,0.00035523952,3.5074274e-18,-0.00056095235,0.000421111,8.07185e-16,-0.000528833,7.328509071982442e-05,11.037328631140442,1.8136205309539812
PART-RIVERBANK-2,136,RiverBank/C3D8R,300.0,0.0,-20.0,-0.000108965636,7.25732e-20,-0.00026005527,-0.000115842,-1.22533e-16,-0.000187529,7.285152175468535e-05,25.837405966255922,21.824968399405016
PART-RIVERBANK-1,121,RiverBank/C3D8R,-300.0,0.0,-20.0,0.000108965636,-2.5905957e-18,-0.00026005527,0.000115842,-1.33353e-16,-0.000187529,7.285152175468535e-05,25.837405966255922,21.824968399405016
PART-RIVERBANK-2,333,RiverBank/C3D8R,295.0,-10.0,-35.0,0.00010361184,4.1539563e-05,-0.00021992662,5.89058e-05,-2.3613e-06,-0.000182899,7.278022002914505e-05,29.50932088656882,22.085034651619022
PART-RIVERBANK-2,360,RiverBank/C3D8R,295.0,10.0,-35.0,0.00010361184,-4.1539563e-05,-0.00021992662,5.89058e-05,2.3613e-06,-0.000182899,7.278022002914505e-05,29.50932088656882,22.085034651619022
PART-RIVERBANK-1,309,RiverBank/C3D8R,-295.0,-10.0,-35.0,-0.00010361184,4.1539563e-05,-0.00021992662,-5.89058e-05,-2.3613e-06,-0.000182899,7.278022002914505e-05,29.50932088656882,22.085034651619022
PART-RIVERBANK-1,336,RiverBank/C3D8R,-295.0,10.0,-35.0,-0.00010361184,-4.1539563e-05,-0.00021992662,-5.89058e-05,2.3613e-06,-0.000182899,7.278022002914505e-05,29.50932088656882,22.085034651619022
PART-RIVERBANK-2,169,RiverBank/C3D8R,275.0,10.0,-15.0,-0.00023339698,-6.4601854e-06,-0.00051528506,-0.000284464,2.78734e-05,-0.000476451,7.27648255284316e-05,12.862430490032448,1.7864418458401925
PART-RIVERBANK-2,214,RiverBank/C3D8R,275.0,-10.0,-15.0,-0.00023339698,6.4601854e-06,-0.00051528506,-0.000284464,-2.78734e-05,-0.000476451,7.27648255284316e-05,12.862430490032448,1.7864418458401925
PART-RIVERBANK-1,169,RiverBank/C3D8R,-275.0,10.0,-15.0,0.00023339698,-6.4601854e-06,-0.00051528506,0.000284464,2.78734e-05,-0.000476451,7.27648255284316e-05,12.862430490032448,1.7864418458401925
PART-RIVERBANK-1,214,RiverBank/C3D8R,-275.0,-10.0,-15.0,0.00023339698,6.4601854e-06,-0.00051528506,0.000284464,-2.78734e-05,-0.000476451,7.27648255284316e-05,12.862430490032448,1.7864418458401925
PART-RIVERBANK-2,37,RiverBank/C3D8R,300.0,5.0,0.0,-0.00038289526,4.769249e-06,-0.00034538138,-0.000441973,3.21388e-06,-0.000387659,7.266357883491674e-05,14.090987415413322,14.006689491868535
PART-RIVERBANK-2,39,RiverBank/C3D8R,300.0,-5.0,0.0,-0.00038289526,-4.769249e-06,-0.00034538138,-0.000441973,-3.21388e-06,-0.000387659,7.266357883491674e-05,14.090987415413322,14.006689491868535
PART-RIVERBANK-1,21,RiverBank/C3D8R,-300.0,-5.0,0.0,0.00038289526,-4.769249e-06,-0.00034538138,0.000441973,-3.21388e-06,-0.000387659,7.266357883491674e-05,14.090987415413322,14.006689491868535
PART-RIVERBANK-1,23,RiverBank/C3D8R,-300.0,5.0,0.0,0.00038289526,4.769249e-06,-0.00034538138,0.000441973,3.21388e-06,-0.000387659,7.266357883491674e-05,14.090987415413322,14.006689491868535
PART-RIVERBANK-2,165,RiverBank/C3D8R,270.0,10.0,-10.0,-0.00031060894,-2.4332106e-05,-0.00057034084,-0.000367484,2.06e-05,-0.000567208,7.254985379767788e-05,11.16338366325605,4.042183740423705
PART-RIVERBANK-2,210,RiverBank/C3D8R,270.0,-10.0,-10.0,-0.00031060894,2.4332106e-05,-0.00057034084,-0.000367484,-2.06e-05,-0.000567208,7.254985379767788e-05,11.16338366325605,4.042183740423705
PART-RIVERBANK-1,175,RiverBank/C3D8R,-270.0,10.0,-10.0,0.00031060894,-2.4332106e-05,-0.00057034084,0.000367484,2.06e-05,-0.000567208,7.254985379767788e-05,11.16338366325605,4.042183740423705
PART-RIVERBANK-1,220,RiverBank/C3D8R,-270.0,-10.0,-10.0,0.00031060894,2.4332106e-05,-0.00057034084,0.000367484,-2.06e-05,-0.000567208,7.254985379767788e-05,11.16338366325605,4.042183740423705
PART-RIVERBANK-2,150,RiverBank/C3D8R,255.0,10.0,-10.0,-0.00025328225,0.00019814212,-0.0008295474,-0.000266833,0.000269139,-0.000824104,7.248317321183516e-05,8.146948666511783,1.9531036718350678
PART-RIVERBANK-2,195,RiverBank/C3D8R,255.0,-10.0,-10.0,-0.00025328225,-0.00019814212,-0.0008295474,-0.000266833,-0.000269139,-0.000824104,7.248317321183516e-05,8.146948666511783,1.9531036718350678
PART-RIVERBANK-1,190,RiverBank/C3D8R,-255.0,10.0,-10.0,0.00025328225,0.00019814212,-0.0008295474,0.000266833,0.000269139,-0.000824104,7.248317321183516e-05,8.146948666511783,1.9531036718350678
PART-RIVERBANK-1,235,RiverBank/C3D8R,-255.0,-10.0,-10.0,0.00025328225,-0.00019814212,-0.0008295474,0.000266833,-0.000269139,-0.000824104,7.248317321183516e-05,8.146948666511783,1.9531036718350678
PART-RIVERBANK-2,191,RiverBank/C3D8R,295.0,10.0,-5.0,-0.00032518271,-1.9351097e-05,-0.00042002354,-0.000384694,1.88594e-05,-0.000434698,7.222863348245422e-05,13.588481860021378,9.263357256093272
PART-RIVERBANK-2,236,RiverBank/C3D8R,295.0,-10.0,-5.0,-0.00032518271,1.9351097e-05,-0.00042002354,-0.000384694,-1.88594e-05,-0.000434698,7.222863348245422e-05,13.588481860021378,9.263357256093272
PART-RIVERBANK-1,151,RiverBank/C3D8R,-295.0,10.0,-5.0,0.00032518271,-1.9351097e-05,-0.00042002354,0.000384694,1.88594e-05,-0.000434698,7.222863348245422e-05,13.588481860021378,9.263357256093272
PART-RIVERBANK-1,196,RiverBank/C3D8R,-295.0,-10.0,-5.0,0.00032518271,1.9351097e-05,-0.00042002354,0.000384694,-1.88594e-05,-0.000434698,7.222863348245422e-05,13.588481860021378,9.263357256093272
PART-RIVERBANK-2,181,RiverBank/C3D8R,285.0,10.0,-5.0,-0.00034270654,-2.5702839e-05,-0.0005079303,-0.0003897,2.04474e-05,-0.000535619,7.144854057444927e-05,11.650398290661515,8.059930142679036
PART-RIVERBANK-2,226,RiverBank/C3D8R,285.0,-10.0,-5.0,-0.00034270654,2.5702839e-05,-0.0005079303,-0.0003897,-2.04474e-05,-0.000535619,7.144854057444927e-05,11.650398290661515,8.059930142679036
PART-RIVERBANK-1,161,RiverBank/C3D8R,-285.0,10.0,-5.0,0.00034270654,-2.5702839e-05,-0.0005079303,0.0003897,2.04474e-05,-0.000535619,7.144854057444927e-05,11.650398290661515,8.059930142679036
PART-RIVERBANK-1,206,RiverBank/C3D8R,-285.0,-10.0,-5.0,0.00034270654,2.5702839e-05,-0.0005079303,0.0003897,-2.04474e-05,-0.000535619,7.144854057444927e-05,11.650398290661515,8.059930142679036
PART-RIVERBANK-2,483,RiverBank/C3D8R,285.0,5.0,-20.0,-0.00016139107,-1.6995315e-06,-0.00037689696,-0.000190377,2.16311e-06,-0.000311751,7.140798443902493e-05,17.41651503661665,10.905224055510764
PART-RIVERBANK-2,485,RiverBank/C3D8R,285.0,-5.0,-20.0,-0.00016139107,1.6995315e-06,-0.00037689696,-0.000190377,-2.16311e-06,-0.000311751,7.140798443902493e-05,17.41651503661665,10.905224055510764
PART-RIVERBANK-1,423,RiverBank/C3D8R,-285.0,5.0,-20.0,0.00016139107,-1.6995315e-06,-0.00037689696,0.000190377,2.16311e-06,-0.000311751,7.140798443902493e-05,17.41651503661665,10.905224055510764
PART-RIVERBANK-1,425,RiverBank/C3D8R,-285.0,-5.0,-20.0,0.00016139107,1.6995315e-06,-0.00037689696,0.000190377,-2.16311e-06,-0.000311751,7.140798443902493e-05,17.41651503661665,10.905224055510764
PART-RIVERBANK-2,133,RiverBank/C3D8R,300.0,0.0,-25.0,-0.00019632085,8.886303e-19,-0.00033454443,-0.000147239,-1.65564e-16,-0.000386347,7.136199449305912e-05,18.397286783562762,6.589119709913789
PART-RIVERBANK-1,118,RiverBank/C3D8R,-300.0,0.0,-25.0,0.00019632085,-2.8320363e-18,-0.00033454443,0.000147239,-1.74833e-16,-0.000386347,7.136199449305912e-05,18.397286783562762,6.589119709913789
PART-RIVERBANK-2,454,RiverBank/C3D8R,275.0,0.0,-20.0,-0.00016553438,-8.237304e-18,-0.0005122527,-0.000175368,3.50462e-16,-0.000582709,7.11392317360429e-05,13.214679624562061,13.038530190202804
PART-RIVERBANK-1,454,RiverBank/C3D8R,-275.0,0.0,-20.0,0.00016553438,7.565224e-19,-0.0005122527,0.000175368,3.27665e-16,-0.000582709,7.11392317360429e-05,13.214679624562061,13.038530190202804
PART-RIVERBANK-2,327,RiverBank/C3D8R,285.0,-10.0,-35.0,4.548412e-07,3.095651e-05,-0.00026169748,-1.92314e-05,-3.29709e-05,-0.00023757,7.110834784357656e-05,26.983790919585644,8.692116802559518
PART-RIVERBANK-2,354,RiverBank/C3D8R,285.0,10.0,-35.0,4.548412e-07,-3.095651e-05,-0.00026169748,-1.92314e-05,3.29709e-05,-0.00023757,7.110834784357656e-05,26.983790919585644,8.692116802559518
PART-RIVERBANK-1,315,RiverBank/C3D8R,-285.0,-10.0,-35.0,-4.548412e-07,3.095651e-05,-0.00026169748,1.92314e-05,-3.29709e-05,-0.00023757,7.110834784357656e-05,26.983790919585644,8.692116802559518
PART-RIVERBANK-1,342,RiverBank/C3D8R,-285.0,10.0,-35.0,-4.548412e-07,-3.095651e-05,-0.00026169748,1.92314e-05,3.29709e-05,-0.00023757,7.110834784357656e-05,26.983790919585644,8.692116802559518
PART-RIVERBANK-2,141,RiverBank/C3D8R,300.0,5.0,-10.0,-0.0002501858,1.0109294e-05,-0.00035962195,-0.000306515,3.96614e-06,-0.000317483,7.06145043231928e-05,16.114513554078314,0.7108128517438698
PART-RIVERBANK-2,143,RiverBank/C3D8R,300.0,-5.0,-10.0,-0.0002501858,-1.0109294e-05,-0.00035962195,-0.000306515,-3.96614e-06,-0.000317483,7.06145043231928e-05,16.114513554078314,0.7108128517438698
PART-RIVERBANK-1,126,RiverBank/C3D8R,-300.0,5.0,-10.0,0.0002501858,1.0109294e-05,-0.00035962195,0.000306515,3.96614e-06,-0.000317483,7.06145043231928e-05,16.114513554078314,0.7108128517438698
PART-RIVERBANK-1,128,RiverBank/C3D8R,-300.0,-5.0,-10.0,0.0002501858,-1.0109294e-05,-0.00035962195,0.000306515,-3.96614e-06,-0.000317483,7.06145043231928e-05,16.114513554078314,0.7108128517438698
PART-RIVERBANK-2,432,RiverBank/C3D8R,265.0,5.0,-5.0,-0.00043254893,-2.2969796e-06,-0.0007123333,-0.00047748,-5.56567e-05,-0.000721634,7.037445440641849e-05,8.444459457361411,4.044626965169857
PART-RIVERBANK-2,434,RiverBank/C3D8R,265.0,-5.0,-5.0,-0.00043254893,2.2969796e-06,-0.0007123333,-0.00047748,5.56567e-05,-0.000721634,7.037445440641849e-05,8.444459457361411,4.044626965169857
PART-RIVERBANK-1,492,RiverBank/C3D8R,-265.0,5.0,-5.0,0.00043254893,-2.2969796e-06,-0.0007123333,0.00047748,-5.56567e-05,-0.000721634,7.037445440641849e-05,8.444459457361411,4.044626965169857
PART-RIVERBANK-1,494,RiverBank/C3D8R,-265.0,-5.0,-5.0,0.00043254893,2.2969796e-06,-0.0007123333,0.00047748,5.56567e-05,-0.000721634,7.037445440641849e-05,8.444459457361411,4.044626965169857
PART-RIVERBANK-2,35,RiverBank/C3D8R,300.0,-10.0,-20.0,-0.00012318637,-1.3231634e-05,-0.00029833458,-0.000136379,-2.0865e-05,-0.000230559,6.946828778042004e-05,21.504687082032323,16.825314607236646
PART-RIVERBANK-2,41,RiverBank/C3D8R,300.0,10.0,-20.0,-0.00012318637,1.3231634e-05,-0.00029833458,-0.000136379,2.0865e-05,-0.000230559,6.946828778042004e-05,21.504687082032323,16.825314607236646
PART-RIVERBANK-1,17,RiverBank/C3D8R,-300.0,-10.0,-20.0,0.00012318637,-1.3231634e-05,-0.00029833458,0.000136379,-2.0865e-05,-0.000230559,6.946828778042004e-05,21.504687082032323,16.825314607236646
PART-RIVERBANK-1,27,RiverBank/C3D8R,-300.0,10.0,-20.0,0.00012318637,1.3231634e-05,-0.00029833458,0.000136379,2.0865e-05,-0.000230559,6.946828778042004e-05,21.504687082032323,16.825314607236646
PART-RIVERBANK-2,499,RiverBank/C3D8R,290.0,0.0,-20.0,-0.00013916501,-3.3426931e-18,-0.00034749878,-0.000157551,7.20859e-17,-0.000280508,6.946804469170337e-05,18.558011652876363,14.052876628590013
PART-RIVERBANK-1,409,RiverBank/C3D8R,-290.0,0.0,-20.0,0.00013916501,-9.886915e-19,-0.00034749878,0.000157551,5.61007e-17,-0.000280508,6.946804469170337e-05,18.558011652876363,14.052876628590013
PART-RIVERBANK-2,144,RiverBank/C3D8R,300.0,5.0,-5.0,-0.00033510997,-6.346008e-06,-0.00029478653,-0.000400103,6.89242e-06,-0.000313913,6.903022366437025e-05,15.46511401419384,13.94308087574184
PART-RIVERBANK-2,146,RiverBank/C3D8R,300.0,-5.0,-5.0,-0.00033510997,6.346008e-06,-0.00029478653,-0.000400103,-6.89242e-06,-0.000313913,6.903022366437025e-05,15.46511401419384,13.94308087574184
PART-RIVERBANK-1,129,RiverBank/C3D8R,-300.0,5.0,-5.0,0.00033510997,-6.346008e-06,-0.00029478653,0.000400103,6.89242e-06,-0.000313913,6.903022366437025e-05,15.46511401419384,13.94308087574184
PART-RIVERBANK-1,131,RiverBank/C3D8R,-300.0,-5.0,-5.0,0.00033510997,6.346008e-06,-0.00029478653,0.000400103,-6.89242e-06,-0.000313913,6.903022366437025e-05,15.46511401419384,13.94308087574184
PART-RIVERBANK-2,510,RiverBank/C3D8R,295.0,5.0,-25.0,-0.00015308765,4.3669832e-05,-0.00036537403,-0.000128594,1.43745e-05,-0.000422799,6.896218200444085e-05,17.303326385362993,10.941555134019563
PART-RIVERBANK-2,512,RiverBank/C3D8R,295.0,-5.0,-25.0,-0.00015308765,-4.3669832e-05,-0.00036537403,-0.000128594,-1.43745e-05,-0.000422799,6.896218200444085e-05,17.303326385362993,10.941555134019563
PART-RIVERBANK-1,390,RiverBank/C3D8R,-295.0,5.0,-25.0,0.00015308765,4.3669832e-05,-0.00036537403,0.000128594,1.43745e-05,-0.000422799,6.896218200444085e-05,17.303326385362993,10.941555134019563
PART-RIVERBANK-1,392,RiverBank/C3D8R,-295.0,-5.0,-25.0,0.00015308765,-4.3669832e-05,-0.00036537403,0.000128594,-1.43745e-05,-0.000422799,6.896218200444085e-05,17.303326385362993,10.941555134019563
PART-RIVERBANK-2,180,RiverBank/C3D8R,285.0,10.0,-10.0,-0.00029942603,2.3236287e-05,-0.0004201146,-0.000357303,-1.13421e-05,-0.000409141,6.830686935340158e-05,13.22693639712263,5.207336171634549
PART-RIVERBANK-2,225,RiverBank/C3D8R,285.0,-10.0,-10.0,-0.00029942603,-2.3236287e-05,-0.0004201146,-0.000357303,1.13421e-05,-0.000409141,6.830686935340158e-05,13.22693639712263,5.207336171634549
PART-RIVERBANK-1,160,RiverBank/C3D8R,-285.0,10.0,-10.0,0.00029942603,2.3236287e-05,-0.0004201146,0.000357303,-1.13421e-05,-0.000409141,6.830686935340158e-05,13.22693639712263,5.207336171634549
PART-RIVERBANK-1,205,RiverBank/C3D8R,-285.0,-10.0,-10.0,0.00029942603,-2.3236287e-05,-0.0004201146,0.000357303,1.13421e-05,-0.000409141,6.830686935340158e-05,13.22693639712263,5.207336171634549
PART-RIVERBANK-2,496,RiverBank/C3D8R,290.0,0.0,-25.0,-0.00014993957,-2.350628e-18,-0.0004278879,-0.000141254,8.72952e-18,-0.000495258,6.792767845462488e-05,14.981902916278244,13.588439140157382
PART-RIVERBANK-1,406,RiverBank/C3D8R,-290.0,0.0,-25.0,0.00014993957,-1.7086526e-18,-0.0004278879,0.000141254,-5.87841e-18,-0.000495258,6.792767845462488e-05,14.981902916278244,13.588439140157382
PART-RIVERBANK-2,477,RiverBank/C3D8R,280.0,5.0,-5.0,-0.00037233526,-7.850138e-06,-0.00046177322,-0.000415643,1.89715e-05,-0.00050636,6.769742653660508e-05,11.411538874226341,10.474865724650371
PART-RIVERBANK-2,479,RiverBank/C3D8R,280.0,-5.0,-5.0,-0.00037233526,7.850138e-06,-0.00046177322,-0.000415643,-1.89715e-05,-0.00050636,6.769742653660508e-05,11.411538874226341,10.474865724650371
PART-RIVERBANK-1,447,RiverBank/C3D8R,-280.0,5.0,-5.0,0.00037233526,-7.850138e-06,-0.00046177322,0.000415643,1.89715e-05,-0.00050636,6.769742653660508e-05,11.411538874226341,10.474865724650371
PART-RIVERBANK-1,449,RiverBank/C3D8R,-280.0,-5.0,-5.0,0.00037233526,7.850138e-06,-0.00046177322,0.000415643,-1.89715e-05,-0.00050636,6.769742653660508e-05,11.411538874226341,10.474865724650371
PART-RIVERBANK-2,553,RiverBank/C3D8R,270.0,0.0,-35.0,0.0001063242,-3.7629517e-18,-0.00041743362,4.73875e-05,1.47289e-16,-0.000448592,6.666617771489827e-05,15.47634667746825,4.718675364324952
PART-RIVERBANK-1,571,RiverBank/C3D8R,-270.0,0.0,-35.0,-0.0001063242,4.7149455e-19,-0.00041743362,-4.73875e-05,1.44965e-16,-0.000448592,6.666617771489827e-05,15.47634667746825,4.718675364324952
PART-RIVERBANK-2,156,RiverBank/C3D8R,260.0,10.0,-5.0,-0.00048218793,6.28307e-05,-0.0006054423,-0.000497259,6.25957e-05,-0.00067021,6.649847621739088e-05,8.563439959829406,7.770313487093179
PART-RIVERBANK-2,201,RiverBank/C3D8R,260.0,-10.0,-5.0,-0.00048218793,-6.28307e-05,-0.0006054423,-0.000497259,-6.25957e-05,-0.00067021,6.649847621739088e-05,8.563439959829406,7.770313487093179
PART-RIVERBANK-1,186,RiverBank/C3D8R,-260.0,10.0,-5.0,0.00048218793,6.28307e-05,-0.0006054423,0.000497259,6.25957e-05,-0.00067021,6.649847621739088e-05,8.563439959829406,7.770313487093179
PART-RIVERBANK-1,231,RiverBank/C3D8R,-260.0,-10.0,-5.0,0.00048218793,-6.28307e-05,-0.0006054423,0.000497259,-6.25957e-05,-0.00067021,6.649847621739088e-05,8.563439959829406,7.770313487093179
PART-RIVERBANK-2,463,RiverBank/C3D8R,275.0,0.0,-5.0,-0.00041102796,-1.873821e-17,-0.0005863554,-0.000459494,6.28558e-16,-0.000631691,6.636470191782373e-05,9.267903475004491,9.086035517071666
PART-RIVERBANK-1,463,RiverBank/C3D8R,-275.0,0.0,-5.0,0.00041102796,9.359238e-19,-0.0005863554,0.000459494,6.02615e-16,-0.000631691,6.636470191782373e-05,9.267903475004491,9.086035517071666
PART-RIVERBANK-2,598,RiverBank/C3D8R,295.0,0.0,-35.0,9.564838e-05,9.476218e-19,-0.00017639312,4.98518e-05,-5.25669e-17,-0.000128675,6.613883666977218e-05,32.961176298497854,31.228634299391857
PART-RIVERBANK-1,526,RiverBank/C3D8R,-295.0,0.0,-35.0,-9.564838e-05,-7.3756195e-19,-0.00017639312,-4.98518e-05,-6.24996e-17,-0.000128675,6.613883666977218e-05,32.961176298497854,31.228634299391857
PART-RIVERBANK-2,513,RiverBank/C3D8R,295.0,5.0,-20.0,-0.00014707974,1.6620518e-06,-0.0003134471,-0.000157085,2.60634e-07,-0.000248093,6.613038323136918e-05,19.099407258650277,15.191824068050696
PART-RIVERBANK-2,515,RiverBank/C3D8R,295.0,-5.0,-20.0,-0.00014707974,-1.6620518e-06,-0.0003134471,-0.000157085,-2.60634e-07,-0.000248093,6.613038323136918e-05,19.099407258650277,15.191824068050696
PART-RIVERBANK-1,393,RiverBank/C3D8R,-295.0,5.0,-20.0,0.00014707974,1.6620518e-06,-0.0003134471,0.000157085,2.60634e-07,-0.000248093,6.613038323136918e-05,19.099407258650277,15.191824068050696
PART-RIVERBANK-1,395,RiverBank/C3D8R,-295.0,-5.0,-20.0,0.00014707974,-1.6620518e-06,-0.0003134471,0.000157085,-2.60634e-07,-0.000248093,6.613038323136918e-05,19.099407258650277,15.191824068050696
PART-RIVERBANK-2,561,RiverBank/C3D8R,275.0,-5.0,-35.0,3.1912758e-05,-8.1900434e-05,-0.00030174907,5.31141e-06,-2.66762e-05,-0.000325781,6.583981618920848e-05,20.94870409342851,4.016619922409185
PART-RIVERBANK-2,563,RiverBank/C3D8R,275.0,5.0,-35.0,3.1912758e-05,8.1900434e-05,-0.00030174907,5.31141e-06,2.66762e-05,-0.000325781,6.583981618920848e-05,20.94870409342851,4.016619922409185
PART-RIVERBANK-1,561,RiverBank/C3D8R,-275.0,-5.0,-35.0,-3.1912758e-05,-8.1900434e-05,-0.00030174907,-5.31141e-06,-2.66762e-05,-0.000325781,6.583981618920848e-05,20.94870409342851,4.016619922409185
PART-RIVERBANK-1,563,RiverBank/C3D8R,-275.0,5.0,-35.0,-3.1912758e-05,8.1900434e-05,-0.00030174907,-5.31141e-06,2.66762e-05,-0.000325781,6.583981618920848e-05,20.94870409342851,4.016619922409185
PART-RIVERBANK-2,183,RiverBank/C3D8R,290.0,10.0,-20.0,-0.00014075646,1.4953135e-05,-0.0003883172,-0.000161867,2.67386e-05,-0.000327082,6.583541450767834e-05,15.928772232803471,11.465894199508053
PART-RIVERBANK-2,228,RiverBank/C3D8R,290.0,-10.0,-20.0,-0.00014075646,-1.4953135e-05,-0.0003883172,-0.000161867,-2.67386e-05,-0.000327082,6.583541450767834e-05,15.928772232803471,11.465894199508053
PART-RIVERBANK-1,153,RiverBank/C3D8R,-290.0,10.0,-20.0,0.00014075646,1.4953135e-05,-0.0003883172,0.000161867,2.67386e-05,-0.000327082,6.583541450767834e-05,15.928772232803471,11.465894199508053
PART-RIVERBANK-1,198,RiverBank/C3D8R,-290.0,-10.0,-20.0,0.00014075646,-1.4953135e-05,-0.0003883172,0.000161867,-2.67386e-05,-0.000327082,6.583541450767834e-05,15.928772232803471,11.465894199508053
PART-RIVERBANK-2,504,RiverBank/C3D8R,290.0,5.0,-10.0,-0.00026892003,9.29193e-06,-0.0004624445,-0.000328124,-2.52279e-07,-0.000435366,6.579853456914204e-05,12.298055986867034,1.8946087137700967
PART-RIVERBANK-2,506,RiverBank/C3D8R,290.0,-5.0,-10.0,-0.00026892003,-9.29193e-06,-0.0004624445,-0.000328124,2.52279e-07,-0.000435366,6.579853456914204e-05,12.298055986867034,1.8946087137700967
PART-RIVERBANK-1,414,RiverBank/C3D8R,-290.0,5.0,-10.0,0.00026892003,9.29193e-06,-0.0004624445,0.000328124,-2.52279e-07,-0.000435366,6.579853456914204e-05,12.298055986867034,1.8946087137700967
PART-RIVERBANK-1,416,RiverBank/C3D8R,-290.0,-5.0,-10.0,0.00026892003,-9.29193e-06,-0.0004624445,0.000328124,2.52279e-07,-0.000435366,6.579853456914204e-05,12.298055986867034,1.8946087137700967
PART-RIVERBANK-2,520,RiverBank/C3D8R,295.0,0.0,-10.0,-0.00028502598,-4.780464e-18,-0.00036404523,-0.000344427,3.86095e-17,-0.000337374,6.511402066186133e-05,14.0832346544636,4.278259722551858
PART-RIVERBANK-1,400,RiverBank/C3D8R,-295.0,0.0,-10.0,0.00028502598,-3.0408915e-18,-0.00036404523,0.000344427,1.6252e-17,-0.000337374,6.511402066186133e-05,14.0832346544636,4.278259722551858
PART-RIVERBANK-2,190,RiverBank/C3D8R,295.0,10.0,-10.0,-0.00027593147,2.2044582e-05,-0.00033964866,-0.000330913,-1.97473e-06,-0.000315134,6.481407675042392e-05,14.79228589262392,4.29142944468105
PART-RIVERBANK-2,235,RiverBank/C3D8R,295.0,-10.0,-10.0,-0.00027593147,-2.2044582e-05,-0.00033964866,-0.000330913,1.97473e-06,-0.000315134,6.481407675042392e-05,14.79228589262392,4.29142944468105
PART-RIVERBANK-1,150,RiverBank/C3D8R,-295.0,10.0,-10.0,0.00027593147,2.2044582e-05,-0.00033964866,0.000330913,-1.97473e-06,-0.000315134,6.481407675042392e-05,14.79228589262392,4.29142944468105
PART-RIVERBANK-1,195,RiverBank/C3D8R,-295.0,-10.0,-10.0,0.00027593147,-2.2044582e-05,-0.00033964866,0.000330913,1.97473e-06,-0.000315134,6.481407675042392e-05,14.79228589262392,4.29142944468105
PART-RIVERBANK-2,438,RiverBank/C3D8R,270.0,5.0,-20.0,-0.0001751562,4.6674897e-05,-0.0005698332,-0.000172942,2.04059e-05,-0.000628605,6.441340978605311e-05,10.772013680724688,9.082445342512901
PART-RIVERBANK-2,440,RiverBank/C3D8R,270.0,-5.0,-20.0,-0.0001751562,-4.6674897e-05,-0.0005698332,-0.000172942,-2.04059e-05,-0.000628605,6.441340978605311e-05,10.772013680724688,9.082445342512901
PART-RIVERBANK-1,468,RiverBank/C3D8R,-270.0,5.0,-20.0,0.0001751562,4.6674897e-05,-0.0005698332,0.000172942,2.04059e-05,-0.000628605,6.441340978605311e-05,10.772013680724688,9.082445342512901
PART-RIVERBANK-1,470,RiverBank/C3D8R,-270.0,-5.0,-20.0,0.0001751562,-4.6674897e-05,-0.0005698332,0.000172942,-2.04059e-05,-0.000628605,6.441340978605311e-05,10.772013680724688,9.082445342512901
PART-RIVERBANK-2,474,RiverBank/C3D8R,280.0,5.0,-10.0,-0.0002979473,8.095508e-06,-0.00054082123,-0.000357431,-1.21202e-05,-0.000527375,6.424785223526281e-05,10.404244673443673,3.1882023913573447
PART-RIVERBANK-2,476,RiverBank/C3D8R,280.0,-5.0,-10.0,-0.0002979473,-8.095508e-06,-0.00054082123,-0.000357431,1.21202e-05,-0.000527375,6.424785223526281e-05,10.404244673443673,3.1882023913573447
PART-RIVERBANK-1,444,RiverBank/C3D8R,-280.0,5.0,-10.0,0.0002979473,8.095508e-06,-0.00054082123,0.000357431,-1.21202e-05,-0.000527375,6.424785223526281e-05,10.404244673443673,3.1882023913573447
PART-RIVERBANK-1,446,RiverBank/C3D8R,-280.0,-5.0,-10.0,0.0002979473,-8.095508e-06,-0.00054082123,0.000357431,1.21202e-05,-0.000527375,6.424785223526281e-05,10.404244673443673,3.1882023913573447
PART-RIVERBANK-2,514,RiverBank/C3D8R,295.0,0.0,-20.0,-0.00016749118,-1.2446919e-18,-0.0003434811,-0.000223046,-4.9443e-17,-0.000374883,6.381549458276099e-05,16.699416170737557,14.150931340550313
PART-RIVERBANK-1,394,RiverBank/C3D8R,-295.0,0.0,-20.0,0.00016749118,-2.3891937e-18,-0.0003434811,0.000223046,-6.10728e-17,-0.000374883,6.381549458276099e-05,16.699416170737557,14.150931340550313
PART-RIVERBANK-2,484,RiverBank/C3D8R,285.0,0.0,-20.0,-0.00017727759,-4.7330555e-18,-0.00042945726,-0.000212912,1.42684e-16,-0.000481994,6.348165267126954e-05,13.663477654556077,13.412691853707829
PART-RIVERBANK-1,424,RiverBank/C3D8R,-285.0,0.0,-20.0,0.00017727759,-9.823519e-19,-0.00042945726,0.000212912,1.26818e-16,-0.000481994,6.348165267126954e-05,13.663477654556077,13.412691853707829
PART-RIVERBANK-2,139,RiverBank/C3D8R,300.0,0.0,-15.0,-0.0002239153,-5.1967074e-19,-0.00030258077,-0.000285662,-1.31453e-16,-0.000287874,6.347396351830332e-05,16.862467989458654,7.739370966751112
PART-RIVERBANK-1,124,RiverBank/C3D8R,-300.0,0.0,-15.0,0.0002239153,-3.4378218e-18,-0.00030258077,0.000285662,-1.44009e-16,-0.000287874,6.347396351830332e-05,16.862467989458654,7.739370966751112
PART-RIVERBANK-2,457,RiverBank/C3D8R,275.0,0.0,-15.0,-0.00026871712,-1.2674346e-17,-0.00049440505,-0.000319734,4.54548e-16,-0.000457089,6.320767067798736e-05,11.232677791443574,0.8699042662751628
PART-RIVERBANK-1,457,RiverBank/C3D8R,-275.0,0.0,-15.0,0.00026871712,1.3364127e-18,-0.00049440505,0.000319734,4.30376e-16,-0.000457089,6.320767067798736e-05,11.232677791443574,0.8699042662751628
PART-RIVERBANK-2,445,RiverBank/C3D8R,270.0,0.0,-10.0,-0.00038688068,-1.8330619e-17,-0.00056662323,-0.000449031,6.85954e-16,-0.000576553,6.29385621726085e-05,9.173328304905185,6.511845095361049
PART-RIVERBANK-1,475,RiverBank/C3D8R,-270.0,0.0,-10.0,0.00038688068,2.8250154e-18,-0.00056662323,0.000449031,6.59581e-16,-0.000576553,6.29385621726085e-05,9.173328304905185,6.511845095361049
PART-RIVERBANK-2,316,RiverBank/C3D8R,265.0,-10.0,-40.0,7.3939914e-06,-0.00012605457,-0.00015198161,2.10784e-05,-6.59726e-05,-0.000151539,6.16222529726458e-05,31.186518638742772,15.677216703591002
PART-RIVERBANK-2,343,RiverBank/C3D8R,265.0,10.0,-40.0,7.3939914e-06,0.00012605457,-0.00015198161,2.10784e-05,6.59726e-05,-0.000151539,6.16222529726458e-05,31.186518638742772,15.677216703591002
PART-RIVERBANK-1,328,RiverBank/C3D8R,-265.0,-10.0,-40.0,-7.3939914e-06,-0.00012605457,-0.00015198161,-2.10784e-05,-6.59726e-05,-0.000151539,6.16222529726458e-05,31.186518638742772,15.677216703591002
PART-RIVERBANK-1,355,RiverBank/C3D8R,-265.0,10.0,-40.0,-7.3939914e-06,0.00012605457,-0.00015198161,-2.10784e-05,6.59726e-05,-0.000151539,6.16222529726458e-05,31.186518638742772,15.677216703591002
PART-RIVERBANK-2,507,RiverBank/C3D8R,290.0,5.0,-5.0,-0.0003476158,-7.3328465e-06,-0.00039488357,-0.000396924,8.99703e-06,-0.000427765,6.147480697481e-05,11.68411055862174,10.924831378696997
PART-RIVERBANK-2,509,RiverBank/C3D8R,290.0,-5.0,-5.0,-0.0003476158,7.3328465e-06,-0.00039488357,-0.000396924,-8.99703e-06,-0.000427765,6.147480697481e-05,11.68411055862174,10.924831378696997
PART-RIVERBANK-1,417,RiverBank/C3D8R,-290.0,5.0,-5.0,0.0003476158,-7.3328465e-06,-0.00039488357,0.000396924,8.99703e-06,-0.000427765,6.147480697481e-05,11.68411055862174,10.924831378696997
PART-RIVERBANK-1,419,RiverBank/C3D8R,-290.0,-5.0,-5.0,0.0003476158,7.3328465e-06,-0.00039488357,0.000396924,-8.99703e-06,-0.000427765,6.147480697481e-05,11.68411055862174,10.924831378696997
PART-RIVERBANK-2,92,RiverBank/C3D8R,300.0,10.0,-35.0,-0.00011114174,0.000103880724,-0.00017474304,-7.31208e-05,5.64922e-05,-0.000183705,6.141319737990992e-05,26.50697837156551,11.244660048487349
PART-RIVERBANK-2,96,RiverBank/C3D8R,300.0,-10.0,-35.0,-0.00011114174,-0.000103880724,-0.00017474304,-7.31208e-05,-5.64922e-05,-0.000183705,6.141319737990992e-05,26.50697837156551,11.244660048487349
PART-RIVERBANK-1,81,RiverBank/C3D8R,-300.0,10.0,-35.0,0.00011114174,0.000103880724,-0.00017474304,7.31208e-05,5.64922e-05,-0.000183705,6.141319737990992e-05,26.50697837156551,11.244660048487349
PART-RIVERBANK-1,89,RiverBank/C3D8R,-300.0,-10.0,-35.0,0.00011114174,-0.000103880724,-0.00017474304,7.31208e-05,-5.64922e-05,-0.000183705,6.141319737990992e-05,26.50697837156551,11.244660048487349
PART-RIVERBANK-2,164,RiverBank/C3D8R,270.0,10.0,-15.0,-0.00028166085,4.468454e-05,-0.00054197724,-0.000301446,5.88365e-06,-0.000585108,6.12961963215679e-05,10.0087079037734,7.47726882447533
PART-RIVERBANK-2,209,RiverBank/C3D8R,270.0,-10.0,-15.0,-0.00028166085,-4.468454e-05,-0.00054197724,-0.000301446,-5.88365e-06,-0.000585108,6.12961963215679e-05,10.0087079037734,7.47726882447533
PART-RIVERBANK-1,174,RiverBank/C3D8R,-270.0,10.0,-15.0,0.00028166085,4.468454e-05,-0.00054197724,0.000301446,5.88365e-06,-0.000585108,6.12961963215679e-05,10.0087079037734,7.47726882447533
PART-RIVERBANK-1,219,RiverBank/C3D8R,-270.0,-10.0,-15.0,0.00028166085,-4.468454e-05,-0.00054197724,0.000301446,-5.88365e-06,-0.000585108,6.12961963215679e-05,10.0087079037734,7.47726882447533
PART-RIVERBANK-2,490,RiverBank/C3D8R,285.0,0.0,-10.0,-0.00029043836,-9.185639e-18,-0.00044753466,-0.000349765,2.84468e-16,-0.000433247,6.10228436076622e-05,11.437817676042055,4.365883566708009
PART-RIVERBANK-1,430,RiverBank/C3D8R,-285.0,0.0,-10.0,0.00029043836,-9.575349e-19,-0.00044753466,0.000349765,2.56666e-16,-0.000433247,6.10228436076622e-05,11.437817676042055,4.365883566708009
PART-RIVERBANK-2,135,RiverBank/C3D8R,300.0,5.0,-20.0,-0.00013213677,1.28447755e-05,-0.0003119928,-0.000191524,1.32757e-05,-0.000324418,6.06746600982453e-05,17.894733920108933,11.17884375827468
PART-RIVERBANK-2,137,RiverBank/C3D8R,300.0,-5.0,-20.0,-0.00013213677,-1.28447755e-05,-0.0003119928,-0.000191524,-1.32757e-05,-0.000324418,6.06746600982453e-05,17.894733920108933,11.17884375827468
PART-RIVERBANK-1,120,RiverBank/C3D8R,-300.0,5.0,-20.0,0.00013213677,1.28447755e-05,-0.0003119928,0.000191524,1.32757e-05,-0.000324418,6.06746600982453e-05,17.894733920108933,11.17884375827468
PART-RIVERBANK-1,122,RiverBank/C3D8R,-300.0,-5.0,-20.0,0.00013213677,-1.28447755e-05,-0.0003119928,0.000191524,-1.32757e-05,-0.000324418,6.06746600982453e-05,17.894733920108933,11.17884375827468
PART-RIVERBANK-2,516,RiverBank/C3D8R,295.0,5.0,-15.0,-0.00019780919,1.2111626e-05,-0.00037648625,-0.000257694,1.03981e-05,-0.000368991,6.037636468562244e-05,14.190810558515812,5.811667269577351
PART-RIVERBANK-2,518,RiverBank/C3D8R,295.0,-5.0,-15.0,-0.00019780919,-1.2111626e-05,-0.00037648625,-0.000257694,-1.03981e-05,-0.000368991,6.037636468562244e-05,14.190810558515812,5.811667269577351
PART-RIVERBANK-1,396,RiverBank/C3D8R,-295.0,5.0,-15.0,0.00019780919,1.2111626e-05,-0.00037648625,0.000257694,1.03981e-05,-0.000368991,6.037636468562244e-05,14.190810558515812,5.811667269577351
PART-RIVERBANK-1,398,RiverBank/C3D8R,-295.0,-5.0,-15.0,0.00019780919,-1.2111626e-05,-0.00037648625,0.000257694,-1.03981e-05,-0.000368991,6.037636468562244e-05,14.190810558515812,5.811667269577351
PART-RIVERBANK-2,408,RiverBank/C3D8R,260.0,5.0,-20.0,-0.00013818995,6.4316664e-05,-0.00067245465,-0.000160179,1.70124e-05,-0.00064228,6.0263763698483815e-05,8.740045891393015,3.9654361774183404
PART-RIVERBANK-2,410,RiverBank/C3D8R,260.0,-5.0,-20.0,-0.00013818995,-6.4316664e-05,-0.00067245465,-0.000160179,-1.70124e-05,-0.00064228,6.0263763698483815e-05,8.740045891393015,3.9654361774183404
PART-RIVERBANK-1,498,RiverBank/C3D8R,-260.0,5.0,-20.0,0.00013818995,6.4316664e-05,-0.00067245465,0.000160179,1.70124e-05,-0.00064228,6.0263763698483815e-05,8.740045891393015,3.9654361774183404
PART-RIVERBANK-1,500,RiverBank/C3D8R,-260.0,-5.0,-20.0,0.00013818995,-6.4316664e-05,-0.00067245465,0.000160179,-1.70124e-05,-0.00064228,6.0263763698483815e-05,8.740045891393015,3.9654361774183404
PART-RIVERBANK-2,444,RiverBank/C3D8R,270.0,5.0,-10.0,-0.00033420275,6.552843e-06,-0.00062726176,-0.000382166,-2.91137e-05,-0.000631409,5.9914733077524014e-05,8.429571740851596,3.9200686884366642
PART-RIVERBANK-2,446,RiverBank/C3D8R,270.0,-5.0,-10.0,-0.00033420275,-6.552843e-06,-0.00062726176,-0.000382166,2.91137e-05,-0.000631409,5.9914733077524014e-05,8.429571740851596,3.9200686884366642
PART-RIVERBANK-1,474,RiverBank/C3D8R,-270.0,5.0,-10.0,0.00033420275,6.552843e-06,-0.00062726176,0.000382166,-2.91137e-05,-0.000631409,5.9914733077524014e-05,8.429571740851596,3.9200686884366642
PART-RIVERBANK-1,476,RiverBank/C3D8R,-270.0,-5.0,-10.0,0.00033420275,-6.552843e-06,-0.00062726176,0.000382166,2.91137e-05,-0.000631409,5.9914733077524014e-05,8.429571740851596,3.9200686884366642
PART-RIVERBANK-2,178,RiverBank/C3D8R,285.0,10.0,-20.0,-0.0001762605,3.324722e-05,-0.00037391673,-0.000209379,1.42806e-05,-0.000420088,5.9902870464505255e-05,14.444416304308225,13.233211072594294
PART-RIVERBANK-2,223,RiverBank/C3D8R,285.0,-10.0,-20.0,-0.0001762605,-3.324722e-05,-0.00037391673,-0.000209379,-1.42806e-05,-0.000420088,5.9902870464505255e-05,14.444416304308225,13.233211072594294
PART-RIVERBANK-1,158,RiverBank/C3D8R,-285.0,10.0,-20.0,0.0001762605,3.324722e-05,-0.00037391673,0.000209379,1.42806e-05,-0.000420088,5.9902870464505255e-05,14.444416304308225,13.233211072594294
PART-RIVERBANK-1,203,RiverBank/C3D8R,-285.0,-10.0,-20.0,0.0001762605,-3.324722e-05,-0.00037391673,0.000209379,-1.42806e-05,-0.000420088,5.9902870464505255e-05,14.444416304308225,13.233211072594294
PART-RIVERBANK-2,188,RiverBank/C3D8R,295.0,10.0,-20.0,-0.00015747103,2.306712e-05,-0.00029595202,-0.000208827,1.25961e-05,-0.000322601,5.879835073810913e-05,17.497896115424194,14.423407944645328
PART-RIVERBANK-2,233,RiverBank/C3D8R,295.0,-10.0,-20.0,-0.00015747103,-2.306712e-05,-0.00029595202,-0.000208827,-1.25961e-05,-0.000322601,5.879835073810913e-05,17.497896115424194,14.423407944645328
PART-RIVERBANK-1,148,RiverBank/C3D8R,-295.0,10.0,-20.0,0.00015747103,2.306712e-05,-0.00029595202,0.000208827,1.25961e-05,-0.000322601,5.879835073810913e-05,17.497896115424194,14.423407944645328
PART-RIVERBANK-1,193,RiverBank/C3D8R,-295.0,-10.0,-20.0,0.00015747103,-2.306712e-05,-0.00029595202,0.000208827,-1.25961e-05,-0.000322601,5.879835073810913e-05,17.497896115424194,14.423407944645328
PART-RIVERBANK-2,468,RiverBank/C3D8R,280.0,5.0,-20.0,-0.00017869052,2.771812e-05,-0.000486492,-0.000201349,1.8174e-05,-0.000539669,5.8585751437399876e-05,11.28794599721228,11.036748217159872
PART-RIVERBANK-2,470,RiverBank/C3D8R,280.0,-5.0,-20.0,-0.00017869052,-2.771812e-05,-0.000486492,-0.000201349,-1.8174e-05,-0.000539669,5.8585751437399876e-05,11.28794599721228,11.036748217159872
PART-RIVERBANK-1,438,RiverBank/C3D8R,-280.0,5.0,-20.0,0.00017869052,2.771812e-05,-0.000486492,0.000201349,1.8174e-05,-0.000539669,5.8585751437399876e-05,11.28794599721228,11.036748217159872
PART-RIVERBANK-1,440,RiverBank/C3D8R,-280.0,-5.0,-20.0,0.00017869052,-2.771812e-05,-0.000486492,0.000201349,-1.8174e-05,-0.000539669,5.8585751437399876e-05,11.28794599721228,11.036748217159872
PART-RIVERBANK-2,34,RiverBank/C3D8R,300.0,-10.0,-15.0,-0.00020507236,-1.5450118e-05,-0.0002673223,-0.000259838,-2.45999e-06,-0.000251798,5.838683619238143e-05,17.311331624365085,7.281610148685941
PART-RIVERBANK-2,42,RiverBank/C3D8R,300.0,10.0,-15.0,-0.00020507236,1.5450118e-05,-0.0002673223,-0.000259838,2.45999e-06,-0.000251798,5.838683619238143e-05,17.311331624365085,7.281610148685941
PART-RIVERBANK-1,18,RiverBank/C3D8R,-300.0,-10.0,-15.0,0.00020507236,-1.5450118e-05,-0.0002673223,0.000259838,-2.45999e-06,-0.000251798,5.838683619238143e-05,17.311331624365085,7.281610148685941
PART-RIVERBANK-1,26,RiverBank/C3D8R,-300.0,10.0,-15.0,0.00020507236,1.5450118e-05,-0.0002673223,0.000259838,2.45999e-06,-0.000251798,5.838683619238143e-05,17.311331624365085,7.281610148685941
PART-RIVERBANK-2,33,RiverBank/C3D8R,300.0,-10.0,-10.0,-0.00026182845,-1.6870747e-06,-0.00035890308,-0.000310841,-2.34182e-05,-0.000335852,5.835943928340299e-05,13.136276937184302,3.1423009140480316
PART-RIVERBANK-2,43,RiverBank/C3D8R,300.0,10.0,-10.0,-0.00026182845,1.6870747e-06,-0.00035890308,-0.000310841,2.34182e-05,-0.000335852,5.835943928340299e-05,13.136276937184302,3.1423009140480316
PART-RIVERBANK-1,19,RiverBank/C3D8R,-300.0,-10.0,-10.0,0.00026182845,-1.6870747e-06,-0.00035890308,0.000310841,-2.34182e-05,-0.000335852,5.835943928340299e-05,13.136276937184302,3.1423009140480316
PART-RIVERBANK-1,25,RiverBank/C3D8R,-300.0,10.0,-10.0,0.00026182845,1.6870747e-06,-0.00035890308,0.000310841,2.34182e-05,-0.000335852,5.835943928340299e-05,13.136276937184302,3.1423009140480316
PART-RIVERBANK-2,175,RiverBank/C3D8R,280.0,10.0,-10.0,-0.00028895683,-7.793752e-06,-0.00052282173,-0.000331658,3.15541e-05,-0.000517694,5.829182611083397e-05,9.757415075396985,3.0496666664110728
PART-RIVERBANK-2,220,RiverBank/C3D8R,280.0,-10.0,-10.0,-0.00028895683,7.793752e-06,-0.00052282173,-0.000331658,-3.15541e-05,-0.000517694,5.829182611083397e-05,9.757415075396985,3.0496666664110728
PART-RIVERBANK-1,165,RiverBank/C3D8R,-280.0,10.0,-10.0,0.00028895683,-7.793752e-06,-0.00052282173,0.000331658,3.15541e-05,-0.000517694,5.829182611083397e-05,9.757415075396985,3.0496666664110728
PART-RIVERBANK-1,210,RiverBank/C3D8R,-280.0,-10.0,-10.0,0.00028895683,7.793752e-06,-0.00052282173,0.000331658,-3.15541e-05,-0.000517694,5.829182611083397e-05,9.757415075396985,3.0496666664110728
PART-RIVERBANK-2,523,RiverBank/C3D8R,295.0,0.0,-5.0,-0.00031395306,-7.912552e-18,-0.00041604514,-0.000368828,8.5015e-17,-0.00043482,5.799788278914329e-05,11.127541583263815,9.394945914946677
PART-RIVERBANK-1,403,RiverBank/C3D8R,-295.0,0.0,-5.0,0.00031395306,-2.4960615e-18,-0.00041604514,0.000368828,6.70122e-17,-0.00043482,5.799788278914329e-05,11.127541583263815,9.394945914946677
PART-RIVERBANK-2,493,RiverBank/C3D8R,285.0,0.0,-5.0,-0.0003498651,-1.2816973e-17,-0.0005069961,-0.00039574,3.41207e-16,-0.00054173,5.754085730348478e-05,9.34111431628296,8.91005051208567
PART-RIVERBANK-1,433,RiverBank/C3D8R,-285.0,0.0,-5.0,0.0003498651,-1.1540559e-18,-0.0005069961,0.00039574,3.17304e-16,-0.00054173,5.754085730348478e-05,9.34111431628296,8.91005051208567
PART-RIVERBANK-2,160,RiverBank/C3D8R,265.0,10.0,-10.0,-0.00038496347,5.424002e-05,-0.0005910206,-0.000418621,1.86056e-05,-0.000620566,5.7232611993489316e-05,8.090320665239256,5.848400165930518
PART-RIVERBANK-2,205,RiverBank/C3D8R,265.0,-10.0,-10.0,-0.00038496347,-5.424002e-05,-0.0005910206,-0.000418621,-1.86056e-05,-0.000620566,5.7232611993489316e-05,8.090320665239256,5.848400165930518
PART-RIVERBANK-1,180,RiverBank/C3D8R,-265.0,10.0,-10.0,0.00038496347,5.424002e-05,-0.0005910206,0.000418621,1.86056e-05,-0.000620566,5.7232611993489316e-05,8.090320665239256,5.848400165930518
PART-RIVERBANK-1,225,RiverBank/C3D8R,-265.0,-10.0,-10.0,0.00038496347,-5.424002e-05,-0.0005910206,0.000418621,-1.86056e-05,-0.000620566,5.7232611993489316e-05,8.090320665239256,5.848400165930518
PART-RIVERBANK-2,330,RiverBank/C3D8R,290.0,-10.0,-35.0,-5.6353078e-05,-0.00011616244,-0.00022032052,-4.37674e-05,-6.20307e-05,-0.000232126,5.68156133838022e-05,22.248917723063506,4.361800869700217
PART-RIVERBANK-2,357,RiverBank/C3D8R,290.0,10.0,-35.0,-5.6353078e-05,0.00011616244,-0.00022032052,-4.37674e-05,6.20307e-05,-0.000232126,5.68156133838022e-05,22.248917723063506,4.361800869700217
PART-RIVERBANK-1,312,RiverBank/C3D8R,-290.0,-10.0,-35.0,5.6353078e-05,-0.00011616244,-0.00022032052,4.37674e-05,-6.20307e-05,-0.000232126,5.68156133838022e-05,22.248917723063506,4.361800869700217
PART-RIVERBANK-1,339,RiverBank/C3D8R,-290.0,10.0,-35.0,5.6353078e-05,0.00011616244,-0.00022032052,4.37674e-05,6.20307e-05,-0.000232126,5.68156133838022e-05,22.248917723063506,4.361800869700217
PART-RIVERBANK-2,460,RiverBank/C3D8R,275.0,0.0,-10.0,-0.00029897862,-1.3659136e-17,-0.00051677885,-0.000355517,5.66136e-16,-0.000515219,5.655989343206812e-05,9.473492789222378,4.847376500214862
PART-RIVERBANK-1,460,RiverBank/C3D8R,-275.0,0.0,-10.0,0.00029897862,1.1872477e-18,-0.00051677885,0.000355517,5.28052e-16,-0.000515219,5.655989343206812e-05,9.473492789222378,4.847376500214862
PART-RIVERBANK-2,498,RiverBank/C3D8R,290.0,5.0,-20.0,-0.00015754593,1.7136674e-05,-0.00041116527,-0.000203557,1.60031e-05,-0.000443716,5.637245405418564e-05,12.793060726588912,10.846092190060439
PART-RIVERBANK-2,500,RiverBank/C3D8R,290.0,-5.0,-20.0,-0.00015754593,-1.7136674e-05,-0.00041116527,-0.000203557,-1.60031e-05,-0.000443716,5.637245405418564e-05,12.793060726588912,10.846092190060439
PART-RIVERBANK-1,408,RiverBank/C3D8R,-290.0,5.0,-20.0,0.00015754593,1.7136674e-05,-0.00041116527,0.000203557,1.60031e-05,-0.000443716,5.637245405418564e-05,12.793060726588912,10.846092190060439
PART-RIVERBANK-1,410,RiverBank/C3D8R,-290.0,-5.0,-20.0,0.00015754593,-1.7136674e-05,-0.00041116527,0.000203557,-1.60031e-05,-0.000443716,5.637245405418564e-05,12.793060726588912,10.846092190060439
PART-RIVERBANK-2,179,RiverBank/C3D8R,285.0,10.0,-15.0,-0.00021677214,4.418285e-06,-0.0004769521,-0.00025229,2.62874e-05,-0.00044067,5.528261345371459e-05,10.55171223803597,2.95102451077336
PART-RIVERBANK-2,224,RiverBank/C3D8R,285.0,-10.0,-15.0,-0.00021677214,-4.418285e-06,-0.0004769521,-0.00025229,-2.62874e-05,-0.00044067,5.528261345371459e-05,10.55171223803597,2.95102451077336
PART-RIVERBANK-1,159,RiverBank/C3D8R,-285.0,10.0,-15.0,0.00021677214,4.418285e-06,-0.0004769521,0.00025229,2.62874e-05,-0.00044067,5.528261345371459e-05,10.55171223803597,2.95102451077336
PART-RIVERBANK-1,204,RiverBank/C3D8R,-285.0,-10.0,-15.0,0.00021677214,-4.418285e-06,-0.0004769521,0.00025229,-2.62874e-05,-0.00044067,5.528261345371459e-05,10.55171223803597,2.95102451077336
PART-RIVERBANK-2,174,RiverBank/C3D8R,280.0,10.0,-15.0,-0.00025465834,2.4129846e-05,-0.00044231702,-0.000295332,-4.85455e-06,-0.000465897,5.523094500441592e-05,10.809305214296462,7.9616576515377915
PART-RIVERBANK-2,219,RiverBank/C3D8R,280.0,-10.0,-15.0,-0.00025465834,-2.4129846e-05,-0.00044231702,-0.000295332,4.85455e-06,-0.000465897,5.523094500441592e-05,10.809305214296462,7.9616576515377915
PART-RIVERBANK-1,164,RiverBank/C3D8R,-280.0,10.0,-15.0,0.00025465834,2.4129846e-05,-0.00044231702,0.000295332,-4.85455e-06,-0.000465897,5.523094500441592e-05,10.809305214296462,7.9616576515377915
PART-RIVERBANK-1,209,RiverBank/C3D8R,-280.0,-10.0,-15.0,0.00025465834,-2.4129846e-05,-0.00044231702,0.000295332,4.85455e-06,-0.000465897,5.523094500441592e-05,10.809305214296462,7.9616576515377915
PART-RIVERBANK-2,459,RiverBank/C3D8R,275.0,5.0,-10.0,-0.0003249228,-4.810458e-06,-0.0004908104,-0.0003726,2.20244e-05,-0.000492908,5.475057012927047e-05,9.301254531374044,5.036523215300534
PART-RIVERBANK-2,461,RiverBank/C3D8R,275.0,-5.0,-10.0,-0.0003249228,4.810458e-06,-0.0004908104,-0.0003726,-2.20244e-05,-0.000492908,5.475057012927047e-05,9.301254531374044,5.036523215300534
PART-RIVERBANK-1,459,RiverBank/C3D8R,-275.0,5.0,-10.0,0.0003249228,-4.810458e-06,-0.0004908104,0.0003726,2.20244e-05,-0.000492908,5.475057012927047e-05,9.301254531374044,5.036523215300534
PART-RIVERBANK-1,461,RiverBank/C3D8R,-275.0,-5.0,-10.0,0.0003249228,4.810458e-06,-0.0004908104,0.0003726,-2.20244e-05,-0.000492908,5.475057012927047e-05,9.301254531374044,5.036523215300534
PART-RIVERBANK-2,502,RiverBank/C3D8R,290.0,0.0,-15.0,-0.00022740505,-4.69746e-18,-0.0004064382,-0.000281985,9.99109e-17,-0.000410527,5.473288981446621e-05,11.75204727805136,6.93822694115494
PART-RIVERBANK-1,412,RiverBank/C3D8R,-290.0,0.0,-15.0,0.00022740505,-2.0120585e-18,-0.0004064382,0.000281985,8.12372e-17,-0.000410527,5.473288981446621e-05,11.75204727805136,6.93822694115494
PART-RIVERBANK-2,184,RiverBank/C3D8R,290.0,10.0,-15.0,-0.00022428528,1.7128696e-05,-0.0003675829,-0.000275475,-4.25928e-07,-0.000370319,5.4185224006824744e-05,12.573552645146929,7.100178574954668
PART-RIVERBANK-2,229,RiverBank/C3D8R,290.0,-10.0,-15.0,-0.00022428528,-1.7128696e-05,-0.0003675829,-0.000275475,4.25928e-07,-0.000370319,5.4185224006824744e-05,12.573552645146929,7.100178574954668
PART-RIVERBANK-1,154,RiverBank/C3D8R,-290.0,10.0,-15.0,0.00022428528,1.7128696e-05,-0.0003675829,0.000275475,-4.25928e-07,-0.000370319,5.4185224006824744e-05,12.573552645146929,7.100178574954668
PART-RIVERBANK-1,199,RiverBank/C3D8R,-290.0,-10.0,-15.0,0.00022428528,-1.7128696e-05,-0.0003675829,0.000275475,4.25928e-07,-0.000370319,5.4185224006824744e-05,12.573552645146929,7.100178574954668
PART-RIVERBANK-2,531,RiverBank/C3D8R,255.0,-5.0,-45.0,3.4220234e-06,-3.402642e-05,-0.00013021138,-3.91828e-05,-3.41651e-06,-0.000116799,5.414821792467123e-05,40.22082914371954,8.455759871229066
PART-RIVERBANK-2,533,RiverBank/C3D8R,255.0,5.0,-45.0,3.4220234e-06,3.402642e-05,-0.00013021138,-3.91828e-05,3.41651e-06,-0.000116799,5.414821792467123e-05,40.22082914371954,8.455759871229066
PART-RIVERBANK-1,603,RiverBank/C3D8R,-255.0,-5.0,-45.0,-3.4220234e-06,-3.402642e-05,-0.00013021138,3.91828e-05,-3.41651e-06,-0.000116799,5.414821792467123e-05,40.22082914371954,8.455759871229066
PART-RIVERBANK-1,605,RiverBank/C3D8R,-255.0,5.0,-45.0,-3.4220234e-06,3.402642e-05,-0.00013021138,3.91828e-05,3.41651e-06,-0.000116799,5.414821792467123e-05,40.22082914371954,8.455759871229066
PART-RIVERBANK-2,547,RiverBank/C3D8R,265.0,0.0,-40.0,7.690217e-05,-1.6312713e-18,-0.00030291989,0.000113078,1.04173e-16,-0.000342243,5.3432178097668834e-05,17.096707995114027,15.330041765694178
PART-RIVERBANK-1,583,RiverBank/C3D8R,-265.0,0.0,-40.0,-7.690217e-05,5.810553e-19,-0.00030291989,-0.000113078,1.03006e-16,-0.000342243,5.3432178097668834e-05,17.096707995114027,15.330041765694178
PART-RIVERBANK-2,588,RiverBank/C3D8R,290.0,-5.0,-35.0,4.4247136e-05,2.441201e-05,-0.000194497,1.04022e-05,1.08757e-06,-0.000161133,5.294020863349233e-05,26.344334287877892,19.64756969524845
PART-RIVERBANK-2,590,RiverBank/C3D8R,290.0,5.0,-35.0,4.4247136e-05,-2.441201e-05,-0.000194497,1.04022e-05,-1.08757e-06,-0.000161133,5.294020863349233e-05,26.344334287877892,19.64756969524845
PART-RIVERBANK-1,534,RiverBank/C3D8R,-290.0,-5.0,-35.0,-4.4247136e-05,2.441201e-05,-0.000194497,-1.04022e-05,1.08757e-06,-0.000161133,5.294020863349233e-05,26.344334287877892,19.64756969524845
PART-RIVERBANK-1,536,RiverBank/C3D8R,-290.0,5.0,-35.0,-4.4247136e-05,-2.441201e-05,-0.000194497,-1.04022e-05,-1.08757e-06,-0.000161133,5.294020863349233e-05,26.344334287877892,19.64756969524845
PART-RIVERBANK-2,471,RiverBank/C3D8R,280.0,5.0,-15.0,-0.00023983013,-2.222622e-07,-0.00043236776,-0.00028069,1.12364e-05,-0.000401736,5.233674270078537e-05,10.585281514941348,0.85357069715997
PART-RIVERBANK-2,473,RiverBank/C3D8R,280.0,-5.0,-15.0,-0.00023983013,2.222622e-07,-0.00043236776,-0.00028069,-1.12364e-05,-0.000401736,5.233674270078537e-05,10.585281514941348,0.85357069715997
PART-RIVERBANK-1,441,RiverBank/C3D8R,-280.0,5.0,-15.0,0.00023983013,-2.222622e-07,-0.00043236776,0.00028069,1.12364e-05,-0.000401736,5.233674270078537e-05,10.585281514941348,0.85357069715997
PART-RIVERBANK-1,443,RiverBank/C3D8R,-280.0,-5.0,-15.0,0.00023983013,2.222622e-07,-0.00043236776,0.00028069,-1.12364e-05,-0.000401736,5.233674270078537e-05,10.585281514941348,0.85357069715997
PART-RIVERBANK-2,537,RiverBank/C3D8R,260.0,-5.0,-40.0,6.5469285e-05,-7.414465e-05,-0.00033325757,4.9179e-05,-2.53957e-05,-0.000339906,5.182697302514035e-05,14.908804617976596,0.9330940954924573
PART-RIVERBANK-2,539,RiverBank/C3D8R,260.0,5.0,-40.0,6.5469285e-05,7.414465e-05,-0.00033325757,4.9179e-05,2.53957e-05,-0.000339906,5.182697302514035e-05,14.908804617976596,0.9330940954924573
PART-RIVERBANK-1,591,RiverBank/C3D8R,-260.0,-5.0,-40.0,-6.5469285e-05,-7.414465e-05,-0.00033325757,-4.9179e-05,-2.53957e-05,-0.000339906,5.182697302514035e-05,14.908804617976596,0.9330940954924573
PART-RIVERBANK-1,593,RiverBank/C3D8R,-260.0,5.0,-40.0,-6.5469285e-05,7.414465e-05,-0.00033325757,-4.9179e-05,2.53957e-05,-0.000339906,5.182697302514035e-05,14.908804617976596,0.9330940954924573
PART-RIVERBANK-2,185,RiverBank/C3D8R,290.0,10.0,-10.0,-0.00027431588,-1.396848e-06,-0.00045933438,-0.000317094,2.54381e-05,-0.000447732,5.181406379122857e-05,9.684631068601417,2.6582919041092232
PART-RIVERBANK-2,230,RiverBank/C3D8R,290.0,-10.0,-10.0,-0.00027431588,1.396848e-06,-0.00045933438,-0.000317094,-2.54381e-05,-0.000447732,5.181406379122857e-05,9.684631068601417,2.6582919041092232
PART-RIVERBANK-1,155,RiverBank/C3D8R,-290.0,10.0,-10.0,0.00027431588,-1.396848e-06,-0.00045933438,0.000317094,2.54381e-05,-0.000447732,5.181406379122857e-05,9.684631068601417,2.6582919041092232
PART-RIVERBANK-1,200,RiverBank/C3D8R,-290.0,-10.0,-10.0,0.00027431588,1.396848e-06,-0.00045933438,0.000317094,-2.54381e-05,-0.000447732,5.181406379122857e-05,9.684631068601417,2.6582919041092232
PART-RIVERBANK-2,303,RiverBank/C3D8R,300.0,-5.0,-40.0,3.103296e-05,-2.6634085e-05,-0.00014268898,-1.96221e-05,-3.52583e-05,-0.00013604,5.181236457652e-05,34.90606488053679,4.403079789416385
PART-RIVERBANK-2,305,RiverBank/C3D8R,300.0,5.0,-40.0,3.103296e-05,2.6634085e-05,-0.00014268898,-1.96221e-05,3.52583e-05,-0.00013604,5.181236457652e-05,34.90606488053679,4.403079789416385
PART-RIVERBANK-1,294,RiverBank/C3D8R,-300.0,-5.0,-40.0,-3.103296e-05,-2.6634085e-05,-0.00014268898,1.96221e-05,-3.52583e-05,-0.00013604,5.181236457652e-05,34.90606488053679,4.403079789416385
PART-RIVERBANK-1,296,RiverBank/C3D8R,-300.0,5.0,-40.0,-3.103296e-05,2.6634085e-05,-0.00014268898,1.96221e-05,3.52583e-05,-0.00013604,5.181236457652e-05,34.90606488053679,4.403079789416385
PART-RIVERBANK-2,486,RiverBank/C3D8R,285.0,5.0,-15.0,-0.00022502305,1.4599413e-05,-0.00046008563,-0.00027362,7.37308e-06,-0.000472458,5.066516532437541e-05,9.888313475086969,6.566826260049043
PART-RIVERBANK-2,488,RiverBank/C3D8R,285.0,-5.0,-15.0,-0.00022502305,-1.4599413e-05,-0.00046008563,-0.00027362,-7.37308e-06,-0.000472458,5.066516532437541e-05,9.888313475086969,6.566826260049043
PART-RIVERBANK-1,426,RiverBank/C3D8R,-285.0,5.0,-15.0,0.00022502305,1.4599413e-05,-0.00046008563,0.00027362,7.37308e-06,-0.000472458,5.066516532437541e-05,9.888313475086969,6.566826260049043
PART-RIVERBANK-1,428,RiverBank/C3D8R,-285.0,-5.0,-15.0,0.00022502305,-1.4599413e-05,-0.00046008563,0.00027362,-7.37308e-06,-0.000472458,5.066516532437541e-05,9.888313475086969,6.566826260049043
PART-RIVERBANK-2,424,RiverBank/C3D8R,265.0,0.0,-20.0,-7.388753e-05,-1.26059794e-17,-0.0006173192,-6.24495e-05,6.19264e-16,-0.000666474,5.046803833438445e-05,8.117417367126603,7.667066980654785
PART-RIVERBANK-1,484,RiverBank/C3D8R,-265.0,0.0,-20.0,7.388753e-05,2.843202e-18,-0.0006173192,6.24495e-05,5.86345e-16,-0.000666474,5.046803833438445e-05,8.117417367126603,7.667066980654785
PART-RIVERBANK-2,456,RiverBank/C3D8R,275.0,5.0,-15.0,-0.0002526777,2.0860725e-05,-0.0005352782,-0.000284992,2.4651e-06,-0.000568707,5.0000976721166425e-05,8.442017651927971,7.401359148369732
PART-RIVERBANK-2,458,RiverBank/C3D8R,275.0,-5.0,-15.0,-0.0002526777,-2.0860725e-05,-0.0005352782,-0.000284992,-2.4651e-06,-0.000568707,5.0000976721166425e-05,8.442017651927971,7.401359148369732
PART-RIVERBANK-1,456,RiverBank/C3D8R,-275.0,5.0,-15.0,0.0002526777,2.0860725e-05,-0.0005352782,0.000284992,2.4651e-06,-0.000568707,5.0000976721166425e-05,8.442017651927971,7.401359148369732
PART-RIVERBANK-1,458,RiverBank/C3D8R,-275.0,-5.0,-15.0,0.0002526777,-2.0860725e-05,-0.0005352782,0.000284992,-2.4651e-06,-0.000568707,5.0000976721166425e-05,8.442017651927971,7.401359148369732
PART-RIVERBANK-2,487,RiverBank/C3D8R,285.0,0.0,-15.0,-0.00022223243,-7.8653254e-18,-0.00044991303,-0.000255174,2.17543e-16,-0.000412388,4.993270381789673e-05,9.950604615564016,3.358782205703122
PART-RIVERBANK-1,427,RiverBank/C3D8R,-285.0,0.0,-15.0,0.00022223243,-2.9741367e-19,-0.00044991303,0.000255174,1.96127e-16,-0.000412388,4.993270381789673e-05,9.950604615564016,3.358782205703122
PART-RIVERBANK-2,556,RiverBank/C3D8R,270.0,0.0,-40.0,-6.809148e-05,-5.87064e-19,-0.00012016094,-0.000109981,1.15834e-16,-9.31619e-05,4.9836533253748696e-05,36.083977169370954,4.360625407672462
PART-RIVERBANK-1,574,RiverBank/C3D8R,-270.0,0.0,-40.0,6.809148e-05,4.548831e-19,-0.00012016094,0.000109981,1.00195e-16,-9.31619e-05,4.9836533253748696e-05,36.083977169370954,4.360625407672462
PART-RIVERBANK-2,189,RiverBank/C3D8R,295.0,10.0,-15.0,-0.00020451036,7.169837e-06,-0.00040586983,-0.00023134,2.00896e-05,-0.000366956,4.900036758815865e-05,10.780220635750672,4.462385613167933
PART-RIVERBANK-2,234,RiverBank/C3D8R,295.0,-10.0,-15.0,-0.00020451036,-7.169837e-06,-0.00040586983,-0.00023134,-2.00896e-05,-0.000366956,4.900036758815865e-05,10.780220635750672,4.462385613167933
PART-RIVERBANK-1,149,RiverBank/C3D8R,-295.0,10.0,-15.0,0.00020451036,7.169837e-06,-0.00040586983,0.00023134,2.00896e-05,-0.000366956,4.900036758815865e-05,10.780220635750672,4.462385613167933
PART-RIVERBANK-1,194,RiverBank/C3D8R,-295.0,-10.0,-15.0,0.00020451036,-7.169837e-06,-0.00040586983,0.00023134,-2.00896e-05,-0.000366956,4.900036758815865e-05,10.780220635750672,4.462385613167933
PART-RIVERBANK-2,472,RiverBank/C3D8R,280.0,0.0,-15.0,-0.00023871982,-8.387448e-18,-0.00048508754,-0.000281219,3.30585e-16,-0.000509445,4.8984346053856805e-05,9.060352209374585,7.6323940707001405
PART-RIVERBANK-1,442,RiverBank/C3D8R,-280.0,0.0,-15.0,0.00023871982,-6.7112976e-20,-0.00048508754,0.000281219,3.05299e-16,-0.000509445,4.8984346053856805e-05,9.060352209374585,7.6323940707001405
PART-RIVERBANK-2,570,RiverBank/C3D8R,280.0,-5.0,-35.0,-5.3883035e-05,2.6154063e-05,-0.00021867183,-6.37609e-05,-1.43874e-05,-0.000194032,4.845929902059556e-05,21.3734855110035,9.694677106702995
PART-RIVERBANK-2,572,RiverBank/C3D8R,280.0,5.0,-35.0,-5.3883035e-05,-2.6154063e-05,-0.00021867183,-6.37609e-05,1.43874e-05,-0.000194032,4.845929902059556e-05,21.3734855110035,9.694677106702995
PART-RIVERBANK-1,552,RiverBank/C3D8R,-280.0,-5.0,-35.0,5.3883035e-05,2.6154063e-05,-0.00021867183,6.37609e-05,-1.43874e-05,-0.000194032,4.845929902059556e-05,21.3734855110035,9.694677106702995
PART-RIVERBANK-1,554,RiverBank/C3D8R,-280.0,5.0,-35.0,5.3883035e-05,-2.6154063e-05,-0.00021867183,6.37609e-05,1.43874e-05,-0.000194032,4.845929902059556e-05,21.3734855110035,9.694677106702995
PART-RIVERBANK-2,142,RiverBank/C3D8R,300.0,0.0,-10.0,-0.00024169114,-2.882784e-18,-0.00034366103,-0.000284036,-8.12474e-17,-0.000322218,4.7464625817554894e-05,11.297339091617213,2.236349557830944
PART-RIVERBANK-1,127,RiverBank/C3D8R,-300.0,0.0,-10.0,0.00024169114,-2.7717102e-18,-0.00034366103,0.000284036,-9.53929e-17,-0.000322218,4.7464625817554894e-05,11.297339091617213,2.236349557830944
PART-RIVERBANK-2,426,RiverBank/C3D8R,265.0,5.0,-15.0,-0.00025784987,3.2246804e-05,-0.0006370147,-0.000258749,2.31918e-07,-0.000671341,4.6947377264762036e-05,6.823961938270628,4.5787150562711725
PART-RIVERBANK-2,428,RiverBank/C3D8R,265.0,-5.0,-15.0,-0.00025784987,-3.2246804e-05,-0.0006370147,-0.000258749,-2.31918e-07,-0.000671341,4.6947377264762036e-05,6.823961938270628,4.5787150562711725
PART-RIVERBANK-1,486,RiverBank/C3D8R,-265.0,5.0,-15.0,0.00025784987,3.2246804e-05,-0.0006370147,0.000258749,2.31918e-07,-0.000671341,4.6947377264762036e-05,6.823961938270628,4.5787150562711725
PART-RIVERBANK-1,488,RiverBank/C3D8R,-265.0,-5.0,-15.0,0.00025784987,-3.2246804e-05,-0.0006370147,0.000258749,-2.31918e-07,-0.000671341,4.6947377264762036e-05,6.823961938270628,4.5787150562711725
PART-RIVERBANK-2,517,RiverBank/C3D8R,295.0,0.0,-15.0,-0.00019556032,-3.8238595e-18,-0.00037816362,-0.000217888,-2.65121e-19,-0.000337626,4.627984366273077e-05,10.870537133728128,5.6155755975933905
PART-RIVERBANK-1,397,RiverBank/C3D8R,-295.0,0.0,-15.0,0.00019556032,-1.791994e-18,-0.00037816362,0.000217888,-1.6136e-17,-0.000337626,4.627984366273077e-05,10.870537133728128,5.6155755975933905
PART-RIVERBANK-2,580,RiverBank/C3D8R,285.0,0.0,-35.0,-6.3809134e-06,-4.425705e-19,-0.00020603777,-3.09295e-05,5.14721e-17,-0.000167645,4.5570142553327594e-05,22.10677425309079,17.30031544175851
PART-RIVERBANK-1,544,RiverBank/C3D8R,-285.0,0.0,-35.0,6.3809134e-06,-9.224207e-20,-0.00020603777,3.09295e-05,3.65745e-17,-0.000167645,4.5570142553327594e-05,22.10677425309079,17.30031544175851
PART-RIVERBANK-2,414,RiverBank/C3D8R,260.0,5.0,-10.0,-0.0003482554,2.052783e-05,-0.000767115,-0.000352139,-2.19687e-05,-0.000778498,4.4165711813587926e-05,5.2408833017950975,1.4243739729117013
PART-RIVERBANK-2,416,RiverBank/C3D8R,260.0,-5.0,-10.0,-0.0003482554,-2.052783e-05,-0.000767115,-0.000352139,2.19687e-05,-0.000778498,4.4165711813587926e-05,5.2408833017950975,1.4243739729117013
PART-RIVERBANK-1,504,RiverBank/C3D8R,-260.0,5.0,-10.0,0.0003482554,2.052783e-05,-0.000767115,0.000352139,-2.19687e-05,-0.000778498,4.4165711813587926e-05,5.2408833017950975,1.4243739729117013
PART-RIVERBANK-1,506,RiverBank/C3D8R,-260.0,-5.0,-10.0,0.0003482554,-2.052783e-05,-0.000767115,0.000352139,2.19687e-05,-0.000778498,4.4165711813587926e-05,5.2408833017950975,1.4243739729117013
PART-RIVERBANK-2,91,RiverBank/C3D8R,300.0,10.0,-40.0,7.027671e-05,1.6900327e-05,-0.00014399597,0.0001073,-2.67027e-06,-0.000130611,4.3964641375330356e-05,27.287091277848617,4.925775928845346
PART-RIVERBANK-2,97,RiverBank/C3D8R,300.0,-10.0,-40.0,7.027671e-05,-1.6900327e-05,-0.00014399597,0.0001073,2.67027e-06,-0.000130611,4.3964641375330356e-05,27.287091277848617,4.925775928845346
PART-RIVERBANK-1,82,RiverBank/C3D8R,-300.0,10.0,-40.0,-7.027671e-05,1.6900327e-05,-0.00014399597,-0.0001073,-2.67027e-06,-0.000130611,4.3964641375330356e-05,27.287091277848617,4.925775928845346
PART-RIVERBANK-1,88,RiverBank/C3D8R,-300.0,-10.0,-40.0,-7.027671e-05,-1.6900327e-05,-0.00014399597,-0.0001073,2.67027e-06,-0.000130611,4.3964641375330356e-05,27.287091277848617,4.925775928845346
PART-RIVERBANK-2,442,RiverBank/C3D8R,270.0,0.0,-15.0,-0.00021844041,-1.2639555e-17,-0.00057789177,-0.000235673,6.09696e-16,-0.000617752,4.3425799863226385e-05,7.02911917263716,7.021969550716308
PART-RIVERBANK-1,472,RiverBank/C3D8R,-270.0,0.0,-15.0,0.00021844041,1.9713883e-18,-0.00057789177,0.000235673,5.74073e-16,-0.000617752,4.3425799863226385e-05,7.02911917263716,7.021969550716308
PART-RIVERBANK-2,138,RiverBank/C3D8R,300.0,5.0,-15.0,-0.00021840737,3.0690198e-06,-0.00028136955,-0.000239656,3.64686e-06,-0.000243906,4.307384072469199e-05,12.092524486780263,3.99761644146375
PART-RIVERBANK-2,140,RiverBank/C3D8R,300.0,-5.0,-15.0,-0.00021840737,-3.0690198e-06,-0.00028136955,-0.000239656,-3.64686e-06,-0.000243906,4.307384072469199e-05,12.092524486780263,3.99761644146375
PART-RIVERBANK-1,123,RiverBank/C3D8R,-300.0,5.0,-15.0,0.00021840737,3.0690198e-06,-0.00028136955,0.000239656,3.64686e-06,-0.000243906,4.307384072469199e-05,12.092524486780263,3.99761644146375
PART-RIVERBANK-1,125,RiverBank/C3D8R,-300.0,-5.0,-15.0,0.00021840737,-3.0690198e-06,-0.00028136955,0.000239656,-3.64686e-06,-0.000243906,4.307384072469199e-05,12.092524486780263,3.99761644146375
PART-RIVERBANK-2,319,RiverBank/C3D8R,270.0,-10.0,-40.0,-3.4915087e-05,-1.3661637e-05,-0.00024314804,-6.3571e-05,-4.56295e-05,-0.0002453,4.2985306169573095e-05,17.472161012887785,4.65701411648621
PART-RIVERBANK-2,346,RiverBank/C3D8R,270.0,10.0,-40.0,-3.4915087e-05,1.3661637e-05,-0.00024314804,-6.3571e-05,4.56295e-05,-0.0002453,4.2985306169573095e-05,17.472161012887785,4.65701411648621
PART-RIVERBANK-1,325,RiverBank/C3D8R,-270.0,-10.0,-40.0,3.4915087e-05,-1.3661637e-05,-0.00024314804,6.3571e-05,-4.56295e-05,-0.0002453,4.2985306169573095e-05,17.472161012887785,4.65701411648621
PART-RIVERBANK-1,352,RiverBank/C3D8R,-270.0,10.0,-40.0,3.4915087e-05,1.3661637e-05,-0.00024314804,6.3571e-05,4.56295e-05,-0.0002453,4.2985306169573095e-05,17.472161012887785,4.65701411648621
PART-RIVERBANK-2,489,RiverBank/C3D8R,285.0,5.0,-10.0,-0.00029720066,-3.5121407e-06,-0.0004394892,-0.000337691,1.00374e-05,-0.000435941,4.284445599767323e-05,8.075364340636087,3.9520813391654968
PART-RIVERBANK-2,491,RiverBank/C3D8R,285.0,-5.0,-10.0,-0.00029720066,3.5121407e-06,-0.0004394892,-0.000337691,-1.00374e-05,-0.000435941,4.284445599767323e-05,8.075364340636087,3.9520813391654968
PART-RIVERBANK-1,429,RiverBank/C3D8R,-285.0,5.0,-10.0,0.00029720066,-3.5121407e-06,-0.0004394892,0.000337691,1.00374e-05,-0.000435941,4.284445599767323e-05,8.075364340636087,3.9520813391654968
PART-RIVERBANK-1,431,RiverBank/C3D8R,-285.0,-5.0,-10.0,0.00029720066,3.5121407e-06,-0.0004394892,0.000337691,-1.00374e-05,-0.000435941,4.284445599767323e-05,8.075364340636087,3.9520813391654968
PART-RIVERBANK-2,301,RiverBank/C3D8R,300.0,0.0,-35.0,-0.000112526475,2.1808255e-18,-0.00022742993,-7.38371e-05,-1.37968e-16,-0.000245695,4.278411527653137e-05,16.861060040668242,1.10543359972905
PART-RIVERBANK-1,292,RiverBank/C3D8R,-300.0,0.0,-35.0,0.000112526475,-1.7923304e-18,-0.00022742993,7.38371e-05,-1.34612e-16,-0.000245695,4.278411527653137e-05,16.861060040668242,1.10543359972905
PART-RIVERBANK-2,546,RiverBank/C3D8R,265.0,-5.0,-40.0,-8.928027e-05,-1.5188999e-06,-0.00019899938,-0.000119875,-2.88547e-05,-0.000186902,4.277417531343486e-05,19.61086220546013,2.6562532943929433
PART-RIVERBANK-2,548,RiverBank/C3D8R,265.0,5.0,-40.0,-8.928027e-05,1.5188999e-06,-0.00019899938,-0.000119875,2.88547e-05,-0.000186902,4.277417531343486e-05,19.61086220546013,2.6562532943929433
PART-RIVERBANK-1,582,RiverBank/C3D8R,-265.0,-5.0,-40.0,8.928027e-05,-1.5188999e-06,-0.00019899938,0.000119875,-2.88547e-05,-0.000186902,4.277417531343486e-05,19.61086220546013,2.6562532943929433
PART-RIVERBANK-1,584,RiverBank/C3D8R,-265.0,5.0,-40.0,8.928027e-05,1.5188999e-06,-0.00019899938,0.000119875,2.88547e-05,-0.000186902,4.277417531343486e-05,19.61086220546013,2.6562532943929433
PART-RIVERBANK-2,475,RiverBank/C3D8R,280.0,0.0,-10.0,-0.0003100709,-1.2302895e-17,-0.00051120727,-0.000352473,3.94931e-16,-0.00051163,4.240420716229583e-05,7.092265660039568,3.9132889094915164
PART-RIVERBANK-1,445,RiverBank/C3D8R,-280.0,0.0,-10.0,0.0003100709,4.6637115e-19,-0.00051120727,0.000352473,3.71742e-16,-0.00051163,4.240420716229583e-05,7.092265660039568,3.9132889094915164
PART-RIVERBANK-2,555,RiverBank/C3D8R,270.0,-5.0,-40.0,9.113645e-06,-7.912276e-05,-0.0002457296,4.35745e-05,-6.94283e-05,-0.0002683,4.23196885407091e-05,16.382993937947727,8.604789539273774
PART-RIVERBANK-2,557,RiverBank/C3D8R,270.0,5.0,-40.0,9.113645e-06,7.912276e-05,-0.0002457296,4.35745e-05,6.94283e-05,-0.0002683,4.23196885407091e-05,16.382993937947727,8.604789539273774
PART-RIVERBANK-1,573,RiverBank/C3D8R,-270.0,-5.0,-40.0,-9.113645e-06,-7.912276e-05,-0.0002457296,-4.35745e-05,-6.94283e-05,-0.0002683,4.23196885407091e-05,16.382993937947727,8.604789539273774
PART-RIVERBANK-1,575,RiverBank/C3D8R,-270.0,5.0,-40.0,-9.113645e-06,7.912276e-05,-0.0002457296,-4.35745e-05,6.94283e-05,-0.0002683,4.23196885407091e-05,16.382993937947727,8.604789539273774
PART-RIVERBANK-2,519,RiverBank/C3D8R,295.0,5.0,-10.0,-0.00028460164,-2.3722525e-06,-0.00036181964,-0.000323492,4.24149e-06,-0.000348553,4.1619772076208036e-05,9.041003173473369,3.3045163444423062
PART-RIVERBANK-2,521,RiverBank/C3D8R,295.0,-5.0,-10.0,-0.00028460164,2.3722525e-06,-0.00036181964,-0.000323492,-4.24149e-06,-0.000348553,4.1619772076208036e-05,9.041003173473369,3.3045163444423062
PART-RIVERBANK-1,399,RiverBank/C3D8R,-295.0,5.0,-10.0,0.00028460164,-2.3722525e-06,-0.00036181964,0.000323492,4.24149e-06,-0.000348553,4.1619772076208036e-05,9.041003173473369,3.3045163444423062
PART-RIVERBANK-1,401,RiverBank/C3D8R,-295.0,-5.0,-10.0,0.00028460164,2.3722525e-06,-0.00036181964,0.000323492,-4.24149e-06,-0.000348553,4.1619772076208036e-05,9.041003173473369,3.3045163444423062
PART-RIVERBANK-2,505,RiverBank/C3D8R,290.0,0.0,-10.0,-0.00027177,-7.1866486e-18,-0.00044447777,-0.000311512,1.51399e-16,-0.000435174,4.081650034254407e-05,7.834572525683075,2.72550412616983
PART-RIVERBANK-1,415,RiverBank/C3D8R,-290.0,0.0,-10.0,0.00027177,-8.744808e-19,-0.00044447777,0.000311512,1.3265e-16,-0.000435174,4.081650034254407e-05,7.834572525683075,2.72550412616983
PART-RIVERBANK-2,501,RiverBank/C3D8R,290.0,5.0,-15.0,-0.00022436077,2.542826e-06,-0.00037922218,-0.000251908,5.5071e-06,-0.000349351,4.074216729154667e-05,9.24637091818333,2.244985944755261
PART-RIVERBANK-2,503,RiverBank/C3D8R,290.0,-5.0,-15.0,-0.00022436077,-2.542826e-06,-0.00037922218,-0.000251908,-5.5071e-06,-0.000349351,4.074216729154667e-05,9.24637091818333,2.244985944755261
PART-RIVERBANK-1,411,RiverBank/C3D8R,-290.0,5.0,-15.0,0.00022436077,2.542826e-06,-0.00037922218,0.000251908,5.5071e-06,-0.000349351,4.074216729154667e-05,9.24637091818333,2.244985944755261
PART-RIVERBANK-1,413,RiverBank/C3D8R,-290.0,-5.0,-15.0,0.00022436077,-2.542826e-06,-0.00037922218,0.000251908,-5.5071e-06,-0.000349351,4.074216729154667e-05,9.24637091818333,2.244985944755261
PART-RIVERBANK-2,334,RiverBank/C3D8R,295.0,-10.0,-40.0,2.0030533e-05,-4.053173e-05,-0.00011547153,-1.74341e-05,-5.45864e-05,-0.000110327,4.034350831985846e-05,32.533270284372286,0.2531379183483291
PART-RIVERBANK-2,361,RiverBank/C3D8R,295.0,10.0,-40.0,2.0030533e-05,4.053173e-05,-0.00011547153,-1.74341e-05,5.45864e-05,-0.000110327,4.034350831985846e-05,32.533270284372286,0.2531379183483291
PART-RIVERBANK-1,310,RiverBank/C3D8R,-295.0,-10.0,-40.0,-2.0030533e-05,-4.053173e-05,-0.00011547153,1.74341e-05,-5.45864e-05,-0.000110327,4.034350831985846e-05,32.533270284372286,0.2531379183483291
PART-RIVERBANK-1,337,RiverBank/C3D8R,-295.0,10.0,-40.0,-2.0030533e-05,4.053173e-05,-0.00011547153,1.74341e-05,5.45864e-05,-0.000110327,4.034350831985846e-05,32.533270284372286,0.2531379183483291
PART-RIVERBANK-2,304,RiverBank/C3D8R,300.0,0.0,-40.0,5.5151548e-05,1.487017e-18,-0.00010295691,8.91782e-05,-7.7753e-17,-8.28438e-05,3.9526576378447006e-05,33.8417696238342,4.214248505206357
PART-RIVERBANK-1,295,RiverBank/C3D8R,-300.0,0.0,-40.0,-5.5151548e-05,-8.3583323e-19,-0.00010295691,-8.91782e-05,-8.25036e-17,-8.28438e-05,3.9526576378447006e-05,33.8417696238342,4.214248505206357
PART-RIVERBANK-2,532,RiverBank/C3D8R,255.0,0.0,-45.0,-0.0001222762,-2.005329e-18,-8.239167e-05,-8.84981e-05,5.771e-17,-9.95125e-05,3.786928649313188e-05,25.68377089535487,9.680194775980544
PART-RIVERBANK-1,604,RiverBank/C3D8R,-255.0,0.0,-45.0,0.0001222762,1.3641061e-20,-8.239167e-05,8.84981e-05,5.81319e-17,-9.95125e-05,3.786928649313188e-05,25.68377089535487,9.680194775980544
PART-RIVERBANK-2,601,RiverBank/C3D8R,295.0,0.0,-40.0,1.7240673e-05,1.3065754e-18,-0.00015420961,-2.04931e-05,-5.80192e-17,-0.000156523,3.7804621385587624e-05,24.363298664722517,1.7325972404719718
PART-RIVERBANK-1,529,RiverBank/C3D8R,-295.0,0.0,-40.0,-1.7240673e-05,-8.5258483e-19,-0.00015420961,2.04931e-05,-5.56653e-17,-0.000156523,3.7804621385587624e-05,24.363298664722517,1.7325972404719718
PART-RIVERBANK-2,579,RiverBank/C3D8R,285.0,-5.0,-35.0,-3.5724413e-05,-6.820618e-05,-0.0002541104,-3.0894e-05,-3.79939e-05,-0.000275987,3.761250297585855e-05,14.165646745596739,5.565912073550903
PART-RIVERBANK-2,581,RiverBank/C3D8R,285.0,5.0,-35.0,-3.5724413e-05,6.820618e-05,-0.0002541104,-3.0894e-05,3.79939e-05,-0.000275987,3.761250297585855e-05,14.165646745596739,5.565912073550903
PART-RIVERBANK-1,543,RiverBank/C3D8R,-285.0,-5.0,-35.0,3.5724413e-05,-6.820618e-05,-0.0002541104,3.0894e-05,-3.79939e-05,-0.000275987,3.761250297585855e-05,14.165646745596739,5.565912073550903
PART-RIVERBANK-1,545,RiverBank/C3D8R,-285.0,5.0,-35.0,3.5724413e-05,6.820618e-05,-0.0002541104,3.0894e-05,3.79939e-05,-0.000275987,3.761250297585855e-05,14.165646745596739,5.565912073550903
PART-RIVERBANK-2,418,RiverBank/C3D8R,260.0,0.0,-5.0,-0.00032082046,-2.3667914e-17,-0.0006753493,-0.000312773,1.30839e-15,-0.000711939,3.74642197108334e-05,5.010742316726842,4.003905543243701
PART-RIVERBANK-1,508,RiverBank/C3D8R,-260.0,0.0,-5.0,0.00032082046,6.4995944e-18,-0.0006753493,0.000312773,1.23414e-15,-0.000711939,3.74642197108334e-05,5.010742316726842,4.003905543243701
PART-RIVERBANK-2,565,RiverBank/C3D8R,275.0,0.0,-40.0,2.5632703e-06,-5.5377917e-19,-0.00022052515,2.81375e-05,4.49664e-17,-0.000246572,3.650314533942059e-05,16.551708367085407,12.529340033840683
PART-RIVERBANK-1,565,RiverBank/C3D8R,-275.0,0.0,-40.0,-2.5632703e-06,-9.197204e-21,-0.00022052515,-2.81375e-05,4.52731e-17,-0.000246572,3.650314533942059e-05,16.551708367085407,12.529340033840683
PART-RIVERBANK-2,597,RiverBank/C3D8R,295.0,-5.0,-35.0,-7.9225305e-05,-5.5916356e-05,-0.00021772237,-5.66217e-05,-3.44534e-05,-0.000236415,3.634550667649112e-05,15.249387711601853,3.016476840957351
PART-RIVERBANK-2,599,RiverBank/C3D8R,295.0,5.0,-35.0,-7.9225305e-05,5.5916356e-05,-0.00021772237,-5.66217e-05,3.44534e-05,-0.000236415,3.634550667649112e-05,15.249387711601853,3.016476840957351
PART-RIVERBANK-1,525,RiverBank/C3D8R,-295.0,-5.0,-35.0,7.9225305e-05,-5.5916356e-05,-0.00021772237,5.66217e-05,-3.44534e-05,-0.000236415,3.634550667649112e-05,15.249387711601853,3.016476840957351
PART-RIVERBANK-1,527,RiverBank/C3D8R,-295.0,5.0,-35.0,7.9225305e-05,5.5916356e-05,-0.00021772237,5.66217e-05,3.44534e-05,-0.000236415,3.634550667649112e-05,15.249387711601853,3.016476840957351
PART-RIVERBANK-2,314,RiverBank/C3D8R,260.0,-10.0,-45.0,-2.0878857e-05,-0.00012777247,-0.00011467959,-2.0137e-05,-9.39768e-05,-0.000104924,3.51833653706613e-05,20.34259641186568,17.730172106760126
PART-RIVERBANK-2,341,RiverBank/C3D8R,260.0,10.0,-45.0,-2.0878857e-05,0.00012777247,-0.00011467959,-2.0137e-05,9.39768e-05,-0.000104924,3.51833653706613e-05,20.34259641186568,17.730172106760126
PART-RIVERBANK-1,332,RiverBank/C3D8R,-260.0,-10.0,-45.0,2.0878857e-05,-0.00012777247,-0.00011467959,2.0137e-05,-9.39768e-05,-0.000104924,3.51833653706613e-05,20.34259641186568,17.730172106760126
PART-RIVERBANK-1,359,RiverBank/C3D8R,-260.0,10.0,-45.0,2.0878857e-05,0.00012777247,-0.00011467959,2.0137e-05,9.39768e-05,-0.000104924,3.51833653706613e-05,20.34259641186568,17.730172106760126
PART-RIVERBANK-2,562,RiverBank/C3D8R,275.0,0.0,-35.0,-0.00012471034,-1.2388767e-18,-0.00021538806,-0.000115901,1.60728e-16,-0.000182699,3.385526716656066e-05,13.602671806812417,13.068651433661808
PART-RIVERBANK-1,562,RiverBank/C3D8R,-275.0,0.0,-35.0,0.00012471034,6.025407e-19,-0.00021538806,0.000115901,1.40159e-16,-0.000182699,3.385526716656066e-05,13.602671806812417,13.068651433661808
PART-RIVERBANK-2,550,RiverBank/C3D8R,265.0,0.0,-45.0,-5.2717423e-05,-4.516362e-20,-7.047556e-05,-8.41409e-05,5.78384e-17,-5.81991e-05,3.373642507588984e-05,38.33206723492166,16.24403846256929
PART-RIVERBANK-1,586,RiverBank/C3D8R,-265.0,0.0,-45.0,5.2717423e-05,2.298626e-19,-7.047556e-05,8.41409e-05,5.07009e-17,-5.81991e-05,3.373642507588984e-05,38.33206723492166,16.24403846256929
PART-RIVERBANK-2,564,RiverBank/C3D8R,275.0,-5.0,-40.0,-1.5724523e-05,-1.0279023e-05,-0.00019579599,-4.47426e-05,-1.15837e-05,-0.000180138,3.2998842793230764e-05,16.776641405180587,5.451398900152567
PART-RIVERBANK-2,566,RiverBank/C3D8R,275.0,5.0,-40.0,-1.5724523e-05,1.0279023e-05,-0.00019579599,-4.47426e-05,1.15837e-05,-0.000180138,3.2998842793230764e-05,16.776641405180587,5.451398900152567
PART-RIVERBANK-1,564,RiverBank/C3D8R,-275.0,-5.0,-40.0,1.5724523e-05,-1.0279023e-05,-0.00019579599,4.47426e-05,-1.15837e-05,-0.000180138,3.2998842793230764e-05,16.776641405180587,5.451398900152567
PART-RIVERBANK-1,566,RiverBank/C3D8R,-275.0,5.0,-40.0,1.5724523e-05,1.0279023e-05,-0.00019579599,4.47426e-05,1.15837e-05,-0.000180138,3.2998842793230764e-05,16.776641405180587,5.451398900152567
PART-RIVERBANK-2,600,RiverBank/C3D8R,295.0,-5.0,-40.0,4.1801326e-05,-1.7338296e-05,-0.00015787502,6.70657e-05,-5.70404e-06,-0.000143036,3.152524418376188e-05,19.19543438097326,3.745842287309408
PART-RIVERBANK-2,602,RiverBank/C3D8R,295.0,5.0,-40.0,4.1801326e-05,1.7338296e-05,-0.00015787502,6.70657e-05,5.70404e-06,-0.000143036,3.152524418376188e-05,19.19543438097326,3.745842287309408
PART-RIVERBANK-1,528,RiverBank/C3D8R,-295.0,-5.0,-40.0,-4.1801326e-05,-1.7338296e-05,-0.00015787502,-6.70657e-05,-5.70404e-06,-0.000143036,3.152524418376188e-05,19.19543438097326,3.745842287309408
PART-RIVERBANK-1,530,RiverBank/C3D8R,-295.0,5.0,-40.0,-4.1801326e-05,1.7338296e-05,-0.00015787502,-6.70657e-05,5.70404e-06,-0.000143036,3.152524418376188e-05,19.19543438097326,3.745842287309408
PART-RIVERBANK-2,90,RiverBank/C3D8R,300.0,10.0,-45.0,4.4517874e-05,4.067266e-05,-8.777665e-05,1.70493e-05,4.60398e-05,-7.39964e-05,3.1196538901544446e-05,29.294337090338367,16.612608514759753
PART-RIVERBANK-2,98,RiverBank/C3D8R,300.0,-10.0,-45.0,4.4517874e-05,-4.067266e-05,-8.777665e-05,1.70493e-05,-4.60398e-05,-7.39964e-05,3.1196538901544446e-05,29.294337090338367,16.612608514759753
PART-RIVERBANK-1,83,RiverBank/C3D8R,-300.0,10.0,-45.0,-4.4517874e-05,4.067266e-05,-8.777665e-05,-1.70493e-05,4.60398e-05,-7.39964e-05,3.1196538901544446e-05,29.294337090338367,16.612608514759753
PART-RIVERBANK-1,87,RiverBank/C3D8R,-300.0,-10.0,-45.0,-4.4517874e-05,-4.067266e-05,-8.777665e-05,-1.70493e-05,-4.60398e-05,-7.39964e-05,3.1196538901544446e-05,29.294337090338367,16.612608514759753
PART-RIVERBANK-2,549,RiverBank/C3D8R,265.0,-5.0,-45.0,1.471565e-05,-4.7393292e-05,-0.00011466039,4.3577e-05,-4.42132e-05,-0.000125711,3.106777253558845e-05,24.866411912794725,12.21781774218411
PART-RIVERBANK-2,551,RiverBank/C3D8R,265.0,5.0,-45.0,1.471565e-05,4.7393292e-05,-0.00011466039,4.3577e-05,4.42132e-05,-0.000125711,3.106777253558845e-05,24.866411912794725,12.21781774218411
PART-RIVERBANK-1,585,RiverBank/C3D8R,-265.0,-5.0,-45.0,-1.471565e-05,-4.7393292e-05,-0.00011466039,-4.3577e-05,-4.42132e-05,-0.000125711,3.106777253558845e-05,24.866411912794725,12.21781774218411
PART-RIVERBANK-1,587,RiverBank/C3D8R,-265.0,5.0,-45.0,-1.471565e-05,4.7393292e-05,-0.00011466039,-4.3577e-05,4.42132e-05,-0.000125711,3.106777253558845e-05,24.866411912794725,12.21781774218411
PART-RIVERBANK-2,571,RiverBank/C3D8R,280.0,0.0,-35.0,-3.1258492e-07,-1.4460977e-18,-0.00033463145,-5.2828e-06,5.71036e-17,-0.000363791,2.9580101320718262e-05,8.839602020463149,8.7253443749723
PART-RIVERBANK-1,553,RiverBank/C3D8R,-280.0,0.0,-35.0,3.1258492e-07,-4.260167e-19,-0.00033463145,5.2828e-06,5.57788e-17,-0.000363791,2.9580101320718262e-05,8.839602020463149,8.7253443749723
PART-RIVERBANK-2,559,RiverBank/C3D8R,270.0,0.0,-45.0,1.4099723e-05,-1.1200355e-19,-0.00014439049,3.98001e-05,2.32464e-17,-0.000157718,2.8950507780386663e-05,19.9552326389208,12.121125821840728
PART-RIVERBANK-1,577,RiverBank/C3D8R,-270.0,0.0,-45.0,-1.4099723e-05,6.5928486e-20,-0.00014439049,-3.98001e-05,2.31744e-17,-0.000157718,2.8950507780386663e-05,19.9552326389208,12.121125821840728
PART-RIVERBANK-2,307,RiverBank/C3D8R,300.0,0.0,-45.0,5.7570876e-05,1.0990918e-18,-9.773196e-05,3.1328e-05,-5.37506e-17,-8.83549e-05,2.786786312215158e-05,24.56873963965089,17.353394149836912
PART-RIVERBANK-1,298,RiverBank/C3D8R,-300.0,0.0,-45.0,-5.7570876e-05,-4.6152734e-19,-9.773196e-05,-3.1328e-05,-5.17092e-17,-8.83549e-05,2.786786312215158e-05,24.56873963965089,17.353394149836912
PART-RIVERBANK-2,430,RiverBank/C3D8R,265.0,0.0,-10.0,-0.00026575133,-1.8458621e-17,-0.0006219172,-0.000289834,9.26793e-16,-0.000635624,2.7710131009594677e-05,4.097210084464771,3.292593907133041
PART-RIVERBANK-1,490,RiverBank/C3D8R,-265.0,0.0,-10.0,0.00026575133,3.410306e-18,-0.0006219172,0.000289834,8.73969e-16,-0.000635624,2.7710131009594677e-05,4.097210084464771,3.292593907133041
PART-RIVERBANK-2,541,RiverBank/C3D8R,260.0,0.0,-45.0,5.7852038e-05,-7.972108e-19,-0.000187997,7.98852e-05,5.10769e-17,-0.000203691,2.7051097273830584e-05,13.752670405226391,11.23499298076517
PART-RIVERBANK-1,595,RiverBank/C3D8R,-260.0,0.0,-45.0,-5.7852038e-05,3.2072768e-19,-0.000187997,-7.98852e-05,4.98919e-17,-0.000203691,2.7051097273830584e-05,13.752670405226391,11.23499298076517
PART-RIVERBANK-2,589,RiverBank/C3D8R,290.0,0.0,-35.0,-6.277088e-05,2.5111172e-19,-0.00028167886,-4.89218e-05,-3.18442e-17,-0.0003049,2.7037351196927566e-05,9.368833813976735,7.003623748581979
PART-RIVERBANK-1,535,RiverBank/C3D8R,-290.0,0.0,-35.0,6.277088e-05,-1.2476217e-18,-0.00028167886,4.89218e-05,-3.18561e-17,-0.0003049,2.7037351196927566e-05,9.368833813976735,7.003623748581979
PART-RIVERBANK-2,317,RiverBank/C3D8R,265.0,-10.0,-45.0,-6.8428335e-06,-4.5948556e-05,-0.00018474662,-2.45592e-05,-6.09651e-05,-0.000195058,2.5410446536231076e-05,13.338971866754177,8.050451700603634
PART-RIVERBANK-2,344,RiverBank/C3D8R,265.0,10.0,-45.0,-6.8428335e-06,4.5948556e-05,-0.00018474662,-2.45592e-05,6.09651e-05,-0.000195058,2.5410446536231076e-05,13.338971866754177,8.050451700603634
PART-RIVERBANK-1,329,RiverBank/C3D8R,-265.0,-10.0,-45.0,6.8428335e-06,-4.5948556e-05,-0.00018474662,2.45592e-05,-6.09651e-05,-0.000195058,2.5410446536231076e-05,13.338971866754177,8.050451700603634
PART-RIVERBANK-1,356,RiverBank/C3D8R,-265.0,10.0,-45.0,6.8428335e-06,4.5948556e-05,-0.00018474662,2.45592e-05,6.09651e-05,-0.000195058,2.5410446536231076e-05,13.338971866754177,8.050451700603634
PART-RIVERBANK-2,591,RiverBank/C3D8R,290.0,-5.0,-40.0,1.4467712e-06,-3.6191093e-05,-0.0001650832,-2.17658e-05,-4.45206e-05,-0.00016443,2.467044423633507e-05,14.597039631517617,1.6126377879662006
PART-RIVERBANK-2,593,RiverBank/C3D8R,290.0,5.0,-40.0,1.4467712e-06,3.6191093e-05,-0.0001650832,-2.17658e-05,4.45206e-05,-0.00016443,2.467044423633507e-05,14.597039631517617,1.6126377879662006
PART-RIVERBANK-1,537,RiverBank/C3D8R,-290.0,-5.0,-40.0,-1.4467712e-06,-3.6191093e-05,-0.0001650832,2.17658e-05,-4.45206e-05,-0.00016443,2.467044423633507e-05,14.597039631517617,1.6126377879662006
PART-RIVERBANK-1,539,RiverBank/C3D8R,-290.0,5.0,-40.0,-1.4467712e-06,3.6191093e-05,-0.0001650832,2.17658e-05,4.45206e-05,-0.00016443,2.467044423633507e-05,14.597039631517617,1.6126377879662006
PART-RIVERBANK-2,574,RiverBank/C3D8R,280.0,0.0,-40.0,-4.2987745e-06,-2.0986703e-19,-0.00012928568,-2.06162e-05,5.22679e-17,-0.000111877,2.3860438266939906e-05,18.445398928443982,12.056895967385236
PART-RIVERBANK-1,556,RiverBank/C3D8R,-280.0,0.0,-40.0,4.2987745e-06,7.037208e-20,-0.00012928568,2.06162e-05,4.055e-17,-0.000111877,2.3860438266939906e-05,18.445398928443982,12.056895967385236
PART-RIVERBANK-2,558,RiverBank/C3D8R,270.0,-5.0,-45.0,-7.2405924e-06,-6.3728958e-06,-7.9998244e-05,-3.0031e-05,-4.99804e-06,-7.63488e-05,2.3121664052443703e-05,28.694882093972655,2.006901418120434
PART-RIVERBANK-2,560,RiverBank/C3D8R,270.0,5.0,-45.0,-7.2405924e-06,6.3728958e-06,-7.9998244e-05,-3.0031e-05,4.99804e-06,-7.63488e-05,2.3121664052443703e-05,28.694882093972655,2.006901418120434
PART-RIVERBANK-1,576,RiverBank/C3D8R,-270.0,-5.0,-45.0,7.2405924e-06,-6.3728958e-06,-7.9998244e-05,3.0031e-05,-4.99804e-06,-7.63488e-05,2.3121664052443703e-05,28.694882093972655,2.006901418120434
PART-RIVERBANK-1,578,RiverBank/C3D8R,-270.0,5.0,-45.0,7.2405924e-06,6.3728958e-06,-7.9998244e-05,3.0031e-05,4.99804e-06,-7.63488e-05,2.3121664052443703e-05,28.694882093972655,2.006901418120434
PART-RIVERBANK-2,540,RiverBank/C3D8R,260.0,-5.0,-45.0,-6.9299655e-05,-5.568906e-06,-7.9270976e-05,-8.42099e-05,-2.20687e-05,-8.25909e-05,2.2485117375015793e-05,21.325276240738166,13.808472161985735
PART-RIVERBANK-2,542,RiverBank/C3D8R,260.0,5.0,-45.0,-6.9299655e-05,5.568906e-06,-7.9270976e-05,-8.42099e-05,2.20687e-05,-8.25909e-05,2.2485117375015793e-05,21.325276240738166,13.808472161985735
PART-RIVERBANK-1,594,RiverBank/C3D8R,-260.0,-5.0,-45.0,6.9299655e-05,-5.568906e-06,-7.9270976e-05,8.42099e-05,-2.20687e-05,-8.25909e-05,2.2485117375015793e-05,21.325276240738166,13.808472161985735
PART-RIVERBANK-1,596,RiverBank/C3D8R,-260.0,5.0,-45.0,6.9299655e-05,5.568906e-06,-7.9270976e-05,8.42099e-05,2.20687e-05,-8.25909e-05,2.2485117375015793e-05,21.325276240738166,13.808472161985735
PART-RIVERBANK-2,322,RiverBank/C3D8R,275.0,-10.0,-40.0,-5.2335913e-06,-9.51619e-05,-0.00013816837,1.4476e-05,-8.67442e-05,-0.000143705,2.2135490377670332e-05,13.187649269389166,0.3747576197775335
PART-RIVERBANK-2,349,RiverBank/C3D8R,275.0,10.0,-40.0,-5.2335913e-06,9.51619e-05,-0.00013816837,1.4476e-05,8.67442e-05,-0.000143705,2.2135490377670332e-05,13.187649269389166,0.3747576197775335
PART-RIVERBANK-1,322,RiverBank/C3D8R,-275.0,-10.0,-40.0,5.2335913e-06,-9.51619e-05,-0.00013816837,-1.4476e-05,-8.67442e-05,-0.000143705,2.2135490377670332e-05,13.187649269389166,0.3747576197775335
PART-RIVERBANK-1,349,RiverBank/C3D8R,-275.0,10.0,-40.0,5.2335913e-06,9.51619e-05,-0.00013816837,-1.4476e-05,8.67442e-05,-0.000143705,2.2135490377670332e-05,13.187649269389166,0.3747576197775335
PART-RIVERBANK-2,603,RiverBank/C3D8R,295.0,-5.0,-45.0,2.5548252e-05,-1.2861375e-05,-5.8924496e-05,5.85186e-06,-1.76238e-05,-5.20817e-05,2.138813705762858e-05,32.65374187700727,15.582536833283992
PART-RIVERBANK-2,605,RiverBank/C3D8R,295.0,5.0,-45.0,2.5548252e-05,1.2861375e-05,-5.8924496e-05,5.85186e-06,1.76238e-05,-5.20817e-05,2.138813705762858e-05,32.65374187700727,15.582536833283992
PART-RIVERBANK-1,531,RiverBank/C3D8R,-295.0,-5.0,-45.0,-2.5548252e-05,-1.2861375e-05,-5.8924496e-05,-5.85186e-06,-1.76238e-05,-5.20817e-05,2.138813705762858e-05,32.65374187700727,15.582536833283992
PART-RIVERBANK-1,533,RiverBank/C3D8R,-295.0,5.0,-45.0,-2.5548252e-05,1.2861375e-05,-5.8924496e-05,-5.85186e-06,1.76238e-05,-5.20817e-05,2.138813705762858e-05,32.65374187700727,15.582536833283992
PART-RIVERBANK-2,412,RiverBank/C3D8R,260.0,0.0,-15.0,-8.332305e-05,-1.725858e-17,-0.00073752296,-6.26944e-05,1.00455e-15,-0.000740294,2.0813934359080228e-05,2.8043005399582848,0.09824369573361669
PART-RIVERBANK-1,502,RiverBank/C3D8R,-260.0,0.0,-15.0,8.332305e-05,4.926629e-18,-0.00073752296,6.26944e-05,9.4844e-16,-0.000740294,2.0813934359080228e-05,2.8043005399582848,0.09824369573361669
PART-RIVERBANK-2,331,RiverBank/C3D8R,290.0,-10.0,-40.0,3.1374075e-05,-3.3709344e-05,-0.00016802047,4.49044e-05,-1.98397e-05,-0.000162931,2.003345761902476e-05,11.4991466258343,2.3251044244742594
PART-RIVERBANK-2,358,RiverBank/C3D8R,290.0,10.0,-40.0,3.1374075e-05,3.3709344e-05,-0.00016802047,4.49044e-05,1.98397e-05,-0.000162931,2.003345761902476e-05,11.4991466258343,2.3251044244742594
PART-RIVERBANK-1,313,RiverBank/C3D8R,-290.0,-10.0,-40.0,-3.1374075e-05,-3.3709344e-05,-0.00016802047,-4.49044e-05,-1.98397e-05,-0.000162931,2.003345761902476e-05,11.4991466258343,2.3251044244742594
PART-RIVERBANK-1,340,RiverBank/C3D8R,-290.0,10.0,-40.0,-3.1374075e-05,3.3709344e-05,-0.00016802047,-4.49044e-05,1.98397e-05,-0.000162931,2.003345761902476e-05,11.4991466258343,2.3251044244742594
PART-RIVERBANK-2,306,RiverBank/C3D8R,300.0,-5.0,-45.0,4.7609872e-05,-1.2570203e-05,-7.5828575e-05,6.62902e-05,-6.01588e-06,-7.42906e-05,1.985646421890207e-05,21.961725814621243,10.323743056716303
PART-RIVERBANK-2,308,RiverBank/C3D8R,300.0,5.0,-45.0,4.7609872e-05,1.2570203e-05,-7.5828575e-05,6.62902e-05,6.01588e-06,-7.42906e-05,1.985646421890207e-05,21.961725814621243,10.323743056716303
PART-RIVERBANK-1,297,RiverBank/C3D8R,-300.0,-5.0,-45.0,-4.7609872e-05,-1.2570203e-05,-7.5828575e-05,-6.62902e-05,-6.01588e-06,-7.42906e-05,1.985646421890207e-05,21.961725814621243,10.323743056716303
PART-RIVERBANK-1,299,RiverBank/C3D8R,-300.0,5.0,-45.0,-4.7609872e-05,1.2570203e-05,-7.5828575e-05,-6.62902e-05,6.01588e-06,-7.42906e-05,1.985646421890207e-05,21.961725814621243,10.323743056716303
PART-RIVERBANK-2,154,RiverBank/C3D8R,260.0,10.0,-15.0,-0.00023882385,0.00011100154,-0.0007312318,-0.000235395,9.69256e-05,-0.000744683,1.9769266062403534e-05,2.543613864557154,1.2585175746561215
PART-RIVERBANK-2,199,RiverBank/C3D8R,260.0,-10.0,-15.0,-0.00023882385,-0.00011100154,-0.0007312318,-0.000235395,-9.69256e-05,-0.000744683,1.9769266062403534e-05,2.543613864557154,1.2585175746561215
PART-RIVERBANK-1,184,RiverBank/C3D8R,-260.0,10.0,-15.0,0.00023882385,0.00011100154,-0.0007312318,0.000235395,9.69256e-05,-0.000744683,1.9769266062403534e-05,2.543613864557154,1.2585175746561215
PART-RIVERBANK-1,229,RiverBank/C3D8R,-260.0,-10.0,-15.0,0.00023882385,-0.00011100154,-0.0007312318,0.000235395,-9.69256e-05,-0.000744683,1.9769266062403534e-05,2.543613864557154,1.2585175746561215
PART-RIVERBANK-2,320,RiverBank/C3D8R,270.0,-10.0,-45.0,-4.85191e-06,-0.00010057893,-9.227023e-05,1.45755e-05,-0.000100779,-8.93677e-05,1.9644056803875823e-05,14.383067211280162,0.802048717685197
PART-RIVERBANK-2,347,RiverBank/C3D8R,270.0,10.0,-45.0,-4.85191e-06,0.00010057893,-9.227023e-05,1.45755e-05,0.000100779,-8.93677e-05,1.9644056803875823e-05,14.383067211280162,0.802048717685197
PART-RIVERBANK-1,326,RiverBank/C3D8R,-270.0,-10.0,-45.0,4.85191e-06,-0.00010057893,-9.227023e-05,-1.45755e-05,-0.000100779,-8.93677e-05,1.9644056803875823e-05,14.383067211280162,0.802048717685197
PART-RIVERBANK-1,353,RiverBank/C3D8R,-270.0,10.0,-45.0,4.85191e-06,0.00010057893,-9.227023e-05,-1.45755e-05,0.000100779,-8.93677e-05,1.9644056803875823e-05,14.383067211280162,0.802048717685197
PART-RIVERBANK-2,335,RiverBank/C3D8R,295.0,-10.0,-45.0,3.0265968e-05,-4.8635913e-05,-9.396084e-05,4.58011e-05,-3.77435e-05,-9.52832e-05,1.901929607502846e-05,17.28304299701371,2.0074136783855843
PART-RIVERBANK-2,362,RiverBank/C3D8R,295.0,10.0,-45.0,3.0265968e-05,4.8635913e-05,-9.396084e-05,4.58011e-05,3.77435e-05,-9.52832e-05,1.901929607502846e-05,17.28304299701371,2.0074136783855843
PART-RIVERBANK-1,311,RiverBank/C3D8R,-295.0,-10.0,-45.0,-3.0265968e-05,-4.8635913e-05,-9.396084e-05,-4.58011e-05,-3.77435e-05,-9.52832e-05,1.901929607502846e-05,17.28304299701371,2.0074136783855843
PART-RIVERBANK-1,338,RiverBank/C3D8R,-295.0,10.0,-45.0,-3.0265968e-05,4.8635913e-05,-9.396084e-05,-4.58011e-05,3.77435e-05,-9.52832e-05,1.901929607502846e-05,17.28304299701371,2.0074136783855843
PART-RIVERBANK-2,592,RiverBank/C3D8R,290.0,0.0,-40.0,2.5002215e-05,3.2354392e-19,-0.000120016564,3.75294e-05,-1.03643e-17,-0.000106392,1.8508352390591686e-05,15.097375929460966,7.974347498049653
PART-RIVERBANK-1,538,RiverBank/C3D8R,-290.0,0.0,-40.0,-2.5002215e-05,-2.7217652e-19,-0.000120016564,-3.75294e-05,-1.78305e-17,-0.000106392,1.8508352390591686e-05,15.097375929460966,7.974347498049653
PART-RIVERBANK-2,332,RiverBank/C3D8R,290.0,-10.0,-45.0,1.5594724e-05,-5.2229814e-05,-8.465657e-05,3.03182e-06,-5.74555e-05,-7.46345e-05,1.6899001099731073e-05,16.78368736417331,6.405924812936051
PART-RIVERBANK-2,359,RiverBank/C3D8R,290.0,10.0,-45.0,1.5594724e-05,5.2229814e-05,-8.465657e-05,3.03182e-06,5.74555e-05,-7.46345e-05,1.6899001099731073e-05,16.78368736417331,6.405924812936051
PART-RIVERBANK-1,314,RiverBank/C3D8R,-290.0,-10.0,-45.0,-1.5594724e-05,-5.2229814e-05,-8.465657e-05,-3.03182e-06,-5.74555e-05,-7.46345e-05,1.6899001099731073e-05,16.78368736417331,6.405924812936051
PART-RIVERBANK-1,341,RiverBank/C3D8R,-290.0,10.0,-45.0,-1.5594724e-05,5.2229814e-05,-8.465657e-05,-3.03182e-06,5.74555e-05,-7.46345e-05,1.6899001099731073e-05,16.78368736417331,6.405924812936051
PART-RIVERBANK-2,400,RiverBank/C3D8R,255.0,0.0,-10.0,-8.9556204e-05,-2.2476401e-17,-0.00085103785,-8.08137e-05,1.50265e-15,-0.000836876,1.6642997675073948e-05,1.9448730806531842,1.749145492042009
PART-RIVERBANK-1,520,RiverBank/C3D8R,-255.0,0.0,-10.0,8.9556204e-05,8.700403e-18,-0.00085103785,8.08137e-05,1.41986e-15,-0.000836876,1.6642997675073948e-05,1.9448730806531842,1.749145492042009
PART-RIVERBANK-2,568,RiverBank/C3D8R,275.0,0.0,-45.0,-2.311105e-06,2.2075088e-19,-7.543249e-05,-1.69824e-05,3.15007e-17,-6.87418e-05,1.6124894717582653e-05,21.36656485556642,6.174060425042144
PART-RIVERBANK-1,568,RiverBank/C3D8R,-275.0,0.0,-45.0,2.311105e-06,7.602315e-20,-7.543249e-05,1.69824e-05,2.55611e-17,-6.87418e-05,1.6124894717582653e-05,21.36656485556642,6.174060425042144
PART-RIVERBANK-2,604,RiverBank/C3D8R,295.0,0.0,-45.0,2.5151774e-05,6.5566626e-19,-5.998427e-05,3.99714e-05,-2.86302e-17,-5.84192e-05,1.4902038749271055e-05,22.91069805067049,8.826296279435539
PART-RIVERBANK-1,532,RiverBank/C3D8R,-295.0,0.0,-45.0,-2.5151774e-05,-2.4088533e-19,-5.998427e-05,-3.99714e-05,-3.04587e-17,-5.84192e-05,1.4902038749271055e-05,22.91069805067049,8.826296279435539
PART-RIVERBANK-2,567,RiverBank/C3D8R,275.0,-5.0,-45.0,-4.8143565e-06,-3.512689e-05,-8.522637e-05,8.10067e-06,-4.01886e-05,-8.82402e-05,1.4195139622022118e-05,15.378157700362744,5.407764707389291
PART-RIVERBANK-2,569,RiverBank/C3D8R,275.0,5.0,-45.0,-4.8143565e-06,3.512689e-05,-8.522637e-05,8.10067e-06,4.01886e-05,-8.82402e-05,1.4195139622022118e-05,15.378157700362744,5.407764707389291
PART-RIVERBANK-1,567,RiverBank/C3D8R,-275.0,-5.0,-45.0,4.8143565e-06,-3.512689e-05,-8.522637e-05,-8.10067e-06,-4.01886e-05,-8.82402e-05,1.4195139622022118e-05,15.378157700362744,5.407764707389291
PART-RIVERBANK-1,569,RiverBank/C3D8R,-275.0,5.0,-45.0,4.8143565e-06,3.512689e-05,-8.522637e-05,-8.10067e-06,4.01886e-05,-8.82402e-05,1.4195139622022118e-05,15.378157700362744,5.407764707389291
PART-RIVERBANK-2,582,RiverBank/C3D8R,285.0,-5.0,-40.0,1.434732e-05,-1.9191903e-05,-0.00018009692,1.35718e-05,-1.08637e-05,-0.000168681,1.4152159761888238e-05,7.789436535757287,6.6651716182969025
PART-RIVERBANK-2,584,RiverBank/C3D8R,285.0,5.0,-40.0,1.434732e-05,1.9191903e-05,-0.00018009692,1.35718e-05,1.08637e-05,-0.000168681,1.4152159761888238e-05,7.789436535757287,6.6651716182969025
PART-RIVERBANK-1,546,RiverBank/C3D8R,-285.0,-5.0,-40.0,-1.434732e-05,-1.9191903e-05,-0.00018009692,-1.35718e-05,-1.08637e-05,-0.000168681,1.4152159761888238e-05,7.789436535757287,6.6651716182969025
PART-RIVERBANK-1,548,RiverBank/C3D8R,-285.0,5.0,-40.0,-1.434732e-05,1.9191903e-05,-0.00018009692,-1.35718e-05,1.08637e-05,-0.000168681,1.4152159761888238e-05,7.789436535757287,6.6651716182969025
PART-RIVERBANK-2,595,RiverBank/C3D8R,290.0,0.0,-45.0,1.2182304e-05,4.7205657e-19,-9.626932e-05,-8.16013e-07,-1.83692e-17,-9.15304e-05,1.3835230666631079e-05,14.257677469707412,5.671049938443385
PART-RIVERBANK-1,541,RiverBank/C3D8R,-290.0,0.0,-45.0,-1.2182304e-05,-3.0865236e-19,-9.626932e-05,8.16013e-07,-1.77674e-17,-9.15304e-05,1.3835230666631079e-05,14.257677469707412,5.671049938443385
PART-RIVERBANK-2,583,RiverBank/C3D8R,285.0,0.0,-40.0,-9.552221e-06,3.0940763e-19,-0.00017807397,-1.73145e-05,-3.3839e-18,-0.000188456,1.296300590892179e-05,7.269111739556767,6.1233295799158105
PART-RIVERBANK-1,547,RiverBank/C3D8R,-285.0,0.0,-40.0,9.552221e-06,-4.4522257e-19,-0.00017807397,1.73145e-05,-1.87533e-18,-0.000188456,1.296300590892179e-05,7.269111739556767,6.1233295799158105
PART-RIVERBANK-2,323,RiverBank/C3D8R,275.0,-10.0,-45.0,1.1023791e-05,-5.822659e-05,-0.00015155376,4.25074e-08,-5.43689e-05,-0.000157102,1.2893926040478481e-05,7.923606297486223,2.1605683728324667
PART-RIVERBANK-2,350,RiverBank/C3D8R,275.0,10.0,-45.0,1.1023791e-05,5.822659e-05,-0.00015155376,4.25074e-08,5.43689e-05,-0.000157102,1.2893926040478481e-05,7.923606297486223,2.1605683728324667
PART-RIVERBANK-1,323,RiverBank/C3D8R,-275.0,-10.0,-45.0,-1.1023791e-05,-5.822659e-05,-0.00015155376,-4.25074e-08,-5.43689e-05,-0.000157102,1.2893926040478481e-05,7.923606297486223,2.1605683728324667
PART-RIVERBANK-1,350,RiverBank/C3D8R,-275.0,10.0,-45.0,-1.1023791e-05,5.822659e-05,-0.00015155376,-4.25074e-08,5.43689e-05,-0.000157102,1.2893926040478481e-05,7.923606297486223,2.1605683728324667
PART-RIVERBANK-2,325,RiverBank/C3D8R,280.0,-10.0,-40.0,4.930651e-06,-3.085593e-05,-0.00020170448,-7.46401e-06,-2.94969e-05,-0.000199264,1.2705531333880574e-05,6.224829793350821,1.2429012100198766
PART-RIVERBANK-2,352,RiverBank/C3D8R,280.0,10.0,-40.0,4.930651e-06,3.085593e-05,-0.00020170448,-7.46401e-06,2.94969e-05,-0.000199264,1.2705531333880574e-05,6.224829793350821,1.2429012100198766
PART-RIVERBANK-1,319,RiverBank/C3D8R,-280.0,-10.0,-40.0,-4.930651e-06,-3.085593e-05,-0.00020170448,7.46401e-06,-2.94969e-05,-0.000199264,1.2705531333880574e-05,6.224829793350821,1.2429012100198766
PART-RIVERBANK-1,346,RiverBank/C3D8R,-280.0,10.0,-40.0,-4.930651e-06,3.085593e-05,-0.00020170448,7.46401e-06,2.94969e-05,-0.000199264,1.2705531333880574e-05,6.224829793350821,1.2429012100198766
PART-RIVERBANK-2,573,RiverBank/C3D8R,280.0,-5.0,-40.0,-1.39629965e-05,-5.538831e-05,-0.00019624262,-5.93984e-06,-5.98216e-05,-0.000204918,1.2620907993959564e-05,6.1750089306217015,4.485159699298003
PART-RIVERBANK-2,575,RiverBank/C3D8R,280.0,5.0,-40.0,-1.39629965e-05,5.538831e-05,-0.00019624262,-5.93984e-06,5.98216e-05,-0.000204918,1.2620907993959564e-05,6.1750089306217015,4.485159699298003
PART-RIVERBANK-1,555,RiverBank/C3D8R,-280.0,-5.0,-40.0,1.39629965e-05,-5.538831e-05,-0.00019624262,5.93984e-06,-5.98216e-05,-0.000204918,1.2620907993959564e-05,6.1750089306217015,4.485159699298003
PART-RIVERBANK-1,557,RiverBank/C3D8R,-280.0,5.0,-40.0,1.39629965e-05,5.538831e-05,-0.00019624262,5.93984e-06,5.98216e-05,-0.000204918,1.2620907993959564e-05,6.1750089306217015,4.485159699298003
PART-RIVERBANK-2,328,RiverBank/C3D8R,285.0,-10.0,-40.0,-4.8956176e-06,-6.185389e-05,-0.0001285658,-1.33384e-05,-7.02619e-05,-0.000127891,1.1934427588026577e-05,8.36006739595077,2.643593226028336
PART-RIVERBANK-2,355,RiverBank/C3D8R,285.0,10.0,-40.0,-4.8956176e-06,6.185389e-05,-0.0001285658,-1.33384e-05,7.02619e-05,-0.000127891,1.1934427588026577e-05,8.36006739595077,2.643593226028336
PART-RIVERBANK-1,316,RiverBank/C3D8R,-285.0,-10.0,-40.0,4.8956176e-06,-6.185389e-05,-0.0001285658,1.33384e-05,-7.02619e-05,-0.000127891,1.1934427588026577e-05,8.36006739595077,2.643593226028336
PART-RIVERBANK-1,343,RiverBank/C3D8R,-285.0,10.0,-40.0,4.8956176e-06,6.185389e-05,-0.0001285658,1.33384e-05,7.02619e-05,-0.000127891,1.1934427588026577e-05,8.36006739595077,2.643593226028336
PART-RIVERBANK-2,594,RiverBank/C3D8R,290.0,-5.0,-45.0,1.7778493e-05,-1.5932312e-05,-6.845435e-05,2.73655e-05,-9.85717e-06,-7.05864e-05,1.1548319823277887e-05,15.929230055227414,5.306074274354681
PART-RIVERBANK-2,596,RiverBank/C3D8R,290.0,5.0,-45.0,1.7778493e-05,1.5932312e-05,-6.845435e-05,2.73655e-05,9.85717e-06,-7.05864e-05,1.1548319823277887e-05,15.929230055227414,5.306074274354681
PART-RIVERBANK-1,540,RiverBank/C3D8R,-290.0,-5.0,-45.0,-1.7778493e-05,-1.5932312e-05,-6.845435e-05,-2.73655e-05,-9.85717e-06,-7.05864e-05,1.1548319823277887e-05,15.929230055227414,5.306074274354681
PART-RIVERBANK-1,542,RiverBank/C3D8R,-290.0,5.0,-45.0,-1.7778493e-05,1.5932312e-05,-6.845435e-05,-2.73655e-05,9.85717e-06,-7.05864e-05,1.1548319823277887e-05,15.929230055227414,5.306074274354681
PART-RIVERBANK-2,329,RiverBank/C3D8R,285.0,-10.0,-45.0,1.8834178e-05,-5.970829e-05,-0.00012128704,2.28008e-05,-5.17159e-05,-0.000125675,9.943167551871189e-06,7.284742833041186,0.9569281985389555
PART-RIVERBANK-2,356,RiverBank/C3D8R,285.0,10.0,-45.0,1.8834178e-05,5.970829e-05,-0.00012128704,2.28008e-05,5.17159e-05,-0.000125675,9.943167551871189e-06,7.284742833041186,0.9569281985389555
PART-RIVERBANK-1,317,RiverBank/C3D8R,-285.0,-10.0,-45.0,-1.8834178e-05,-5.970829e-05,-0.00012128704,-2.28008e-05,-5.17159e-05,-0.000125675,9.943167551871189e-06,7.284742833041186,0.9569281985389555
PART-RIVERBANK-1,344,RiverBank/C3D8R,-285.0,10.0,-45.0,-1.8834178e-05,5.970829e-05,-0.00012128704,-2.28008e-05,5.17159e-05,-0.000125675,9.943167551871189e-06,7.284742833041186,0.9569281985389555
PART-RIVERBANK-2,326,RiverBank/C3D8R,280.0,-10.0,-45.0,-1.4856206e-06,-7.173223e-05,-9.075589e-05,8.56552e-07,-7.7317e-05,-8.3756e-05,9.256019039154512e-06,8.00065554820887,1.4700911626189708
PART-RIVERBANK-2,353,RiverBank/C3D8R,280.0,10.0,-45.0,-1.4856206e-06,7.173223e-05,-9.075589e-05,8.56552e-07,7.7317e-05,-8.3756e-05,9.256019039154512e-06,8.00065554820887,1.4700911626189708
PART-RIVERBANK-1,320,RiverBank/C3D8R,-280.0,-10.0,-45.0,1.4856206e-06,-7.173223e-05,-9.075589e-05,-8.56552e-07,-7.7317e-05,-8.3756e-05,9.256019039154512e-06,8.00065554820887,1.4700911626189708
PART-RIVERBANK-1,347,RiverBank/C3D8R,-280.0,10.0,-45.0,1.4856206e-06,7.173223e-05,-9.075589e-05,-8.56552e-07,7.7317e-05,-8.3756e-05,9.256019039154512e-06,8.00065554820887,1.4700911626189708
PART-RIVERBANK-2,585,RiverBank/C3D8R,285.0,-5.0,-45.0,3.0533756e-06,-2.2386965e-05,-7.1624716e-05,-2.8631e-06,-2.78653e-05,-6.79157e-05,8.875451401809172e-06,11.817560321740096,2.181224858651575
PART-RIVERBANK-2,587,RiverBank/C3D8R,285.0,5.0,-45.0,3.0533756e-06,2.2386965e-05,-7.1624716e-05,-2.8631e-06,2.78653e-05,-6.79157e-05,8.875451401809172e-06,11.817560321740096,2.181224858651575
PART-RIVERBANK-1,549,RiverBank/C3D8R,-285.0,-5.0,-45.0,-3.0533756e-06,-2.2386965e-05,-7.1624716e-05,2.8631e-06,-2.78653e-05,-6.79157e-05,8.875451401809172e-06,11.817560321740096,2.181224858651575
PART-RIVERBANK-1,551,RiverBank/C3D8R,-285.0,5.0,-45.0,-3.0533756e-06,2.2386965e-05,-7.1624716e-05,2.8631e-06,2.78653e-05,-6.79157e-05,8.875451401809172e-06,11.817560321740096,2.181224858651575
PART-RIVERBANK-2,576,RiverBank/C3D8R,280.0,-5.0,-45.0,1.1028424e-05,-1.3705676e-05,-7.643559e-05,6.72756e-06,-8.14113e-06,-7.75331e-05,7.118014578006426e-06,9.075180240448796,0.23558356866909733
PART-RIVERBANK-2,578,RiverBank/C3D8R,280.0,5.0,-45.0,1.1028424e-05,1.3705676e-05,-7.643559e-05,6.72756e-06,8.14113e-06,-7.75331e-05,7.118014578006426e-06,9.075180240448796,0.23558356866909733
PART-RIVERBANK-1,558,RiverBank/C3D8R,-280.0,-5.0,-45.0,-1.1028424e-05,-1.3705676e-05,-7.643559e-05,-6.72756e-06,-8.14113e-06,-7.75331e-05,7.118014578006426e-06,9.075180240448796,0.23558356866909733
PART-RIVERBANK-1,560,RiverBank/C3D8R,-280.0,5.0,-45.0,-1.1028424e-05,1.3705676e-05,-7.643559e-05,-6.72756e-06,8.14113e-06,-7.75331e-05,7.118014578006426e-06,9.075180240448796,0.23558356866909733
PART-RIVERBANK-2,538,RiverBank/C3D8R,260.0,0.0,-40.0,-0.00020554331,-2.6083474e-18,-9.993313e-05,-0.000201623,1.59744e-16,-9.73075e-05,4.71834328901574e-06,2.064477027605168,2.0445555911856608
PART-RIVERBANK-1,592,RiverBank/C3D8R,-260.0,0.0,-40.0,0.00020554331,6.3959476e-19,-9.993313e-05,0.000201623,1.47931e-16,-9.73075e-05,4.71834328901574e-06,2.064477027605168,2.0445555911856608
PART-RIVERBANK-2,577,RiverBank/C3D8R,280.0,0.0,-45.0,-2.643193e-07,1.2873995e-19,-0.00011433884,2.81384e-06,1.66569e-18,-0.000116112,3.5523458533448674e-06,3.1068500969863764,1.5803376442444215
PART-RIVERBANK-1,559,RiverBank/C3D8R,-280.0,0.0,-45.0,2.643193e-07,-1.290096e-19,-0.00011433884,-2.81384e-06,2.20186e-18,-0.000116112,3.5523458533448674e-06,3.1068500969863764,1.5803376442444215
PART-RIVERBANK-2,586,RiverBank/C3D8R,285.0,0.0,-45.0,1.2298156e-05,3.0366563e-19,-7.2131406e-05,1.53841e-05,3.98e-18,-7.04986e-05,3.491289991503424e-06,4.771327886304638,1.3866797748002508
PART-RIVERBANK-1,550,RiverBank/C3D8R,-285.0,0.0,-45.0,-1.2298156e-05,-3.294804e-20,-7.2131406e-05,-1.53841e-05,7.11508e-20,-7.04986e-05,3.491289991503424e-06,4.771327886304638,1.3866797748002508
PART-PIER-2,270,Pier/C3D8R,-13.33333,-15.0,-50.0,-2.148152e-29,-1.04808045e-30,-1.2262604e-28,0.0,0.0,0.0,1.244977905836954e-28,,
PART-PIER-2,508,Pier/C3D8R,13.33333,-15.0,-50.0,2.148152e-29,-1.04808045e-30,-1.2262604e-28,0.0,0.0,0.0,1.244977905836954e-28,,
PART-PIER-1,270,Pier/C3D8R,-13.33333,15.0,-50.0,-2.148152e-29,1.04808045e-30,-1.2262604e-28,0.0,0.0,0.0,1.244977905836954e-28,,
PART-PIER-1,508,Pier/C3D8R,13.33333,15.0,-50.0,2.148152e-29,1.04808045e-30,-1.2262604e-28,0.0,0.0,0.0,1.244977905836954e-28,,
PART-PIER-2,13,Pier/C3D8R,0.0,-15.0,-50.0,2.69e-43,7.559669e-31,-1.2065998e-28,0.0,0.0,0.0,1.2066234814371174e-28,,
PART-PIER-1,13,Pier/C3D8R,0.0,15.0,-50.0,3.78e-43,-7.559669e-31,-1.2065998e-28,0.0,0.0,0.0,1.2066234814371174e-28,,
PART-PIER-2,269,Pier/C3D8R,-6.66667,-15.0,-50.0,-8.248632e-30,7.5496553e-31,-1.1578856e-28,0.0,0.0,0.0,1.1608445429813809e-28,,
PART-PIER-2,507,Pier/C3D8R,6.66667,-15.0,-50.0,8.248632e-30,7.5496553e-31,-1.1578856e-28,0.0,0.0,0.0,1.1608445429813809e-28,,
PART-PIER-1,269,Pier/C3D8R,-6.66667,15.0,-50.0,-8.248632e-30,-7.5496553e-31,-1.1578856e-28,0.0,0.0,0.0,1.1608445429813809e-28,,
PART-PIER-1,507,Pier/C3D8R,6.66667,15.0,-50.0,8.248632e-30,-7.5496553e-31,-1.1578856e-28,0.0,0.0,0.0,1.1608445429813809e-28,,
PART-PIER-2,1,Pier/C3D8R,0.0,-10.0,-50.0,7.57e-43,8.938806e-30,-7.4390206e-29,0.0,0.0,0.0,7.492532950496829e-29,,
PART-PIER-1,2,Pier/C3D8R,0.0,10.0,-50.0,-2.02e-43,-8.938806e-30,-7.4390206e-29,0.0,0.0,0.0,7.492532950496829e-29,,
PART-PIER-2,17,Pier/C3D8R,-13.33333,-10.0,-50.0,-1.2111955e-29,7.939104e-30,-7.248601e-29,0.0,0.0,0.0,7.391853943338532e-29,,
PART-PIER-2,182,Pier/C3D8R,13.33333,-10.0,-50.0,1.2111955e-29,7.939104e-30,-7.248601e-29,0.0,0.0,0.0,7.391853943338532e-29,,
PART-PIER-1,15,Pier/C3D8R,-13.33333,10.0,-50.0,-1.2111955e-29,-7.939104e-30,-7.248601e-29,0.0,0.0,0.0,7.391853943338532e-29,,
PART-PIER-1,184,Pier/C3D8R,13.33333,10.0,-50.0,1.2111955e-29,-7.939104e-30,-7.248601e-29,0.0,0.0,0.0,7.391853943338532e-29,,
PART-PIER-2,16,Pier/C3D8R,-20.0,-15.0,-50.0,-1.7530672e-29,-1.4593326e-30,-6.981381e-29,0.0,0.0,0.0,7.199598724321451e-29,,
PART-PIER-2,183,Pier/C3D8R,20.0,-15.0,-50.0,1.7530672e-29,-1.4593326e-30,-6.981381e-29,0.0,0.0,0.0,7.199598724321451e-29,,
PART-PIER-1,16,Pier/C3D8R,-20.0,15.0,-50.0,-1.7530672e-29,1.4593326e-30,-6.981381e-29,0.0,0.0,0.0,7.199598724321451e-29,,
PART-PIER-1,183,Pier/C3D8R,20.0,15.0,-50.0,1.7530672e-29,1.4593326e-30,-6.981381e-29,0.0,0.0,0.0,7.199598724321451e-29,,
PART-PIER-2,18,Pier/C3D8R,-6.66667,-10.0,-50.0,-4.660444e-30,8.702126e-30,-7.1004036e-29,0.0,0.0,0.0,7.168695741546232e-29,,
PART-PIER-2,181,Pier/C3D8R,6.66667,-10.0,-50.0,4.660444e-30,8.702126e-30,-7.1004036e-29,0.0,0.0,0.0,7.168695741546232e-29,,
PART-PIER-1,14,Pier/C3D8R,-6.66667,10.0,-50.0,-4.660444e-30,-8.702126e-30,-7.1004036e-29,0.0,0.0,0.0,7.168695741546232e-29,,
PART-PIER-1,185,Pier/C3D8R,6.66667,10.0,-50.0,4.660444e-30,-8.702126e-30,-7.1004036e-29,0.0,0.0,0.0,7.168695741546232e-29,,
PART-PIER-2,15,Pier/C3D8R,-13.33333,-20.0,-50.0,-9.3620666e-30,-8.197619e-30,-5.4696254e-29,0.0,0.0,0.0,5.609393416337023e-29,,
PART-PIER-2,184,Pier/C3D8R,13.33333,-20.0,-50.0,9.3620666e-30,-8.197619e-30,-5.4696254e-29,0.0,0.0,0.0,5.609393416337023e-29,,
PART-PIER-1,17,Pier/C3D8R,-13.33333,20.0,-50.0,-9.3620666e-30,8.197619e-30,-5.4696254e-29,0.0,0.0,0.0,5.609393416337023e-29,,
PART-PIER-1,182,Pier/C3D8R,13.33333,20.0,-50.0,9.3620666e-30,8.197619e-30,-5.4696254e-29,0.0,0.0,0.0,5.609393416337023e-29,,
PART-PIER-2,2,Pier/C3D8R,0.0,-20.0,-50.0,-4.65e-43,-7.013041e-30,-5.0790275e-29,0.0,0.0,0.0,5.127216377961152e-29,,
PART-PIER-1,1,Pier/C3D8R,0.0,20.0,-50.0,6.11e-43,7.013041e-30,-5.0790275e-29,0.0,0.0,0.0,5.127216377961152e-29,,
PART-PIER-2,14,Pier/C3D8R,-6.66667,-20.0,-50.0,-3.5898977e-30,-6.906068e-30,-4.930727e-29,0.0,0.0,0.0,4.9917812608025895e-29,,
PART-PIER-2,185,Pier/C3D8R,6.66667,-20.0,-50.0,3.5898977e-30,-6.906068e-30,-4.930727e-29,0.0,0.0,0.0,4.9917812608025895e-29,,
PART-PIER-1,18,Pier/C3D8R,-6.66667,20.0,-50.0,-3.5898977e-30,6.906068e-30,-4.930727e-29,0.0,0.0,0.0,4.9917812608025895e-29,,
PART-PIER-1,181,Pier/C3D8R,6.66667,20.0,-50.0,3.5898977e-30,6.906068e-30,-4.930727e-29,0.0,0.0,0.0,4.9917812608025895e-29,,
PART-RIVERBANK-2,364,RiverBank/C3D8R,255.0,0.0,-50.0,4.3874715e-30,-9.1e-44,-4.5231927e-29,0.0,0.0,0.0,4.5444219943757874e-29,,
PART-RIVERBANK-1,388,RiverBank/C3D8R,-255.0,0.0,-50.0,-4.3874715e-30,3.2e-44,-4.5231927e-29,0.0,0.0,0.0,4.5444219943757874e-29,,
PART-RIVERBANK-2,363,RiverBank/C3D8R,255.0,-5.0,-50.0,-1.2226159e-29,-1.4233985e-30,-4.234705e-29,0.0,0.0,0.0,4.4099633455229345e-29,,
PART-RIVERBANK-2,365,RiverBank/C3D8R,255.0,5.0,-50.0,-1.2226159e-29,1.4233985e-30,-4.234705e-29,0.0,0.0,0.0,4.4099633455229345e-29,,
PART-RIVERBANK-1,387,RiverBank/C3D8R,-255.0,-5.0,-50.0,1.2226159e-29,-1.4233985e-30,-4.234705e-29,0.0,0.0,0.0,4.4099633455229345e-29,,
PART-RIVERBANK-1,389,RiverBank/C3D8R,-255.0,5.0,-50.0,1.2226159e-29,1.4233985e-30,-4.234705e-29,0.0,0.0,0.0,4.4099633455229345e-29,,
PART-RIVERBANK-2,366,RiverBank/C3D8R,260.0,-5.0,-50.0,-2.7571573e-31,-5.5358426e-30,-4.2300653e-29,0.0,0.0,0.0,4.2662241111809317e-29,,
PART-RIVERBANK-2,368,RiverBank/C3D8R,260.0,5.0,-50.0,-2.7571573e-31,5.5358426e-30,-4.2300653e-29,0.0,0.0,0.0,4.2662241111809317e-29,,
PART-RIVERBANK-1,384,RiverBank/C3D8R,-260.0,-5.0,-50.0,2.7571573e-31,-5.5358426e-30,-4.2300653e-29,0.0,0.0,0.0,4.2662241111809317e-29,,
PART-RIVERBANK-1,386,RiverBank/C3D8R,-260.0,5.0,-50.0,2.7571573e-31,5.5358426e-30,-4.2300653e-29,0.0,0.0,0.0,4.2662241111809317e-29,,
PART-PIER-2,4,Pier/C3D8R,-20.0,-10.0,-50.0,-9.797466e-30,3.6718193e-30,-4.0071657e-29,0.0,0.0,0.0,4.141509738873805e-29,,
PART-PIER-2,9,Pier/C3D8R,20.0,-10.0,-50.0,9.797466e-30,3.6718193e-30,-4.0071657e-29,0.0,0.0,0.0,4.141509738873805e-29,,
PART-PIER-1,3,Pier/C3D8R,-20.0,10.0,-50.0,-9.797466e-30,-3.6718193e-30,-4.0071657e-29,0.0,0.0,0.0,4.141509738873805e-29,,
PART-PIER-1,10,Pier/C3D8R,20.0,10.0,-50.0,9.797466e-30,-3.6718193e-30,-4.0071657e-29,0.0,0.0,0.0,4.141509738873805e-29,,
PART-RIVERBANK-2,369,RiverBank/C3D8R,265.0,-5.0,-50.0,-1.56670075e-30,-5.5253546e-30,-3.859725e-29,0.0,0.0,0.0,3.9022196276712714e-29,,
PART-RIVERBANK-2,371,RiverBank/C3D8R,265.0,5.0,-50.0,-1.56670075e-30,5.5253546e-30,-3.859725e-29,0.0,0.0,0.0,3.9022196276712714e-29,,
PART-RIVERBANK-1,381,RiverBank/C3D8R,-265.0,-5.0,-50.0,1.56670075e-30,-5.5253546e-30,-3.859725e-29,0.0,0.0,0.0,3.9022196276712714e-29,,
PART-RIVERBANK-1,383,RiverBank/C3D8R,-265.0,5.0,-50.0,1.56670075e-30,5.5253546e-30,-3.859725e-29,0.0,0.0,0.0,3.9022196276712714e-29,,
PART-RIVERBANK-2,370,RiverBank/C3D8R,265.0,0.0,-50.0,3.3493994e-30,9.1e-44,-3.8210276e-29,0.0,0.0,0.0,3.8356794291714424e-29,,
PART-RIVERBANK-1,382,RiverBank/C3D8R,-265.0,0.0,-50.0,-3.3493994e-30,7e-45,-3.8210276e-29,0.0,0.0,0.0,3.8356794291714424e-29,,
PART-RIVERBANK-2,372,RiverBank/C3D8R,270.0,-5.0,-50.0,6.3811292e-31,-4.748703e-30,-3.7553434e-29,0.0,0.0,0.0,3.785786276948602e-29,,
PART-RIVERBANK-2,374,RiverBank/C3D8R,270.0,5.0,-50.0,6.3811292e-31,4.748703e-30,-3.7553434e-29,0.0,0.0,0.0,3.785786276948602e-29,,
PART-RIVERBANK-1,378,RiverBank/C3D8R,-270.0,-5.0,-50.0,-6.3811292e-31,-4.748703e-30,-3.7553434e-29,0.0,0.0,0.0,3.785786276948602e-29,,
PART-RIVERBANK-1,380,RiverBank/C3D8R,-270.0,5.0,-50.0,-6.3811292e-31,4.748703e-30,-3.7553434e-29,0.0,0.0,0.0,3.785786276948602e-29,,
PART-RIVERBANK-2,367,RiverBank/C3D8R,260.0,0.0,-50.0,-8.496463e-30,-7.8e-44,-3.5583027e-29,0.0,0.0,0.0,3.6583352689346256e-29,,
PART-RIVERBANK-1,385,RiverBank/C3D8R,-260.0,0.0,-50.0,8.496463e-30,2.4e-44,-3.5583027e-29,0.0,0.0,0.0,3.6583352689346256e-29,,
PART-RIVERBANK-2,375,RiverBank/C3D8R,275.0,-5.0,-50.0,9.183085e-31,-4.7213834e-30,-3.4033496e-29,0.0,0.0,0.0,3.437169768418464e-29,,
PART-RIVERBANK-2,377,RiverBank/C3D8R,275.0,5.0,-50.0,9.183085e-31,4.7213834e-30,-3.4033496e-29,0.0,0.0,0.0,3.437169768418464e-29,,
PART-RIVERBANK-1,375,RiverBank/C3D8R,-275.0,-5.0,-50.0,-9.183085e-31,-4.7213834e-30,-3.4033496e-29,0.0,0.0,0.0,3.437169768418464e-29,,
PART-RIVERBANK-1,377,RiverBank/C3D8R,-275.0,5.0,-50.0,-9.183085e-31,4.7213834e-30,-3.4033496e-29,0.0,0.0,0.0,3.437169768418464e-29,,
PART-PIER-2,3,Pier/C3D8R,-20.0,-20.0,-50.0,-7.734494e-30,-4.7977804e-30,-3.1795214e-29,0.0,0.0,0.0,3.3072295467784757e-29,,
PART-PIER-2,10,Pier/C3D8R,20.0,-20.0,-50.0,7.734494e-30,-4.7977804e-30,-3.1795214e-29,0.0,0.0,0.0,3.3072295467784757e-29,,
PART-PIER-1,4,Pier/C3D8R,-20.0,20.0,-50.0,-7.734494e-30,4.7977804e-30,-3.1795214e-29,0.0,0.0,0.0,3.3072295467784757e-29,,
PART-PIER-1,9,Pier/C3D8R,20.0,20.0,-50.0,7.734494e-30,4.7977804e-30,-3.1795214e-29,0.0,0.0,0.0,3.3072295467784757e-29,,
PART-RIVERBANK-2,376,RiverBank/C3D8R,275.0,0.0,-50.0,2.6329855e-30,9.7e-44,-3.2947482e-29,0.0,0.0,0.0,3.3052521579805895e-29,,
PART-RIVERBANK-1,376,RiverBank/C3D8R,-275.0,0.0,-50.0,-2.6329855e-30,1e-45,-3.2947482e-29,0.0,0.0,0.0,3.3052521579805895e-29,,
PART-RIVERBANK-2,378,RiverBank/C3D8R,280.0,-5.0,-50.0,1.4356629e-30,-4.2129684e-30,-3.2141848e-29,0.0,0.0,0.0,3.244855348943831e-29,,
PART-RIVERBANK-2,380,RiverBank/C3D8R,280.0,5.0,-50.0,1.4356629e-30,4.2129684e-30,-3.2141848e-29,0.0,0.0,0.0,3.244855348943831e-29,,
PART-RIVERBANK-1,372,RiverBank/C3D8R,-280.0,-5.0,-50.0,-1.4356629e-30,-4.2129684e-30,-3.2141848e-29,0.0,0.0,0.0,3.244855348943831e-29,,
PART-RIVERBANK-1,374,RiverBank/C3D8R,-280.0,5.0,-50.0,-1.4356629e-30,4.2129684e-30,-3.2141848e-29,0.0,0.0,0.0,3.244855348943831e-29,,
PART-RIVERBANK-2,373,RiverBank/C3D8R,270.0,0.0,-50.0,-2.4956732e-30,2.8e-44,-3.188262e-29,0.0,0.0,0.0,3.1980147635456567e-29,,
PART-RIVERBANK-1,379,RiverBank/C3D8R,-270.0,0.0,-50.0,2.4956732e-30,1e-45,-3.188262e-29,0.0,0.0,0.0,3.1980147635456567e-29,,
PART-RIVERBANK-2,381,RiverBank/C3D8R,285.0,-5.0,-50.0,1.8473197e-30,-3.9773726e-30,-2.976734e-29,0.0,0.0,0.0,3.0088645924149507e-29,,
PART-RIVERBANK-2,383,RiverBank/C3D8R,285.0,5.0,-50.0,1.8473197e-30,3.9773726e-30,-2.976734e-29,0.0,0.0,0.0,3.0088645924149507e-29,,
PART-RIVERBANK-1,369,RiverBank/C3D8R,-285.0,-5.0,-50.0,-1.8473197e-30,-3.9773726e-30,-2.976734e-29,0.0,0.0,0.0,3.0088645924149507e-29,,
PART-RIVERBANK-1,371,RiverBank/C3D8R,-285.0,5.0,-50.0,-1.8473197e-30,3.9773726e-30,-2.976734e-29,0.0,0.0,0.0,3.0088645924149507e-29,,
PART-RIVERBANK-2,382,RiverBank/C3D8R,285.0,0.0,-50.0,2.4069238e-30,8e-44,-2.8443187e-29,0.0,0.0,0.0,2.8544844874267145e-29,,
PART-RIVERBANK-1,370,RiverBank/C3D8R,-285.0,0.0,-50.0,-2.4069238e-30,-1.1e-44,-2.8443187e-29,0.0,0.0,0.0,2.8544844874267145e-29,,
PART-RIVERBANK-2,99,RiverBank/C3D8R,255.0,-10.0,-50.0,-4.052223e-30,-1.2283068e-29,-2.5272507e-29,0.0,0.0,0.0,2.839003136312819e-29,,
PART-RIVERBANK-2,116,RiverBank/C3D8R,255.0,10.0,-50.0,-4.052223e-30,1.2283068e-29,-2.5272507e-29,0.0,0.0,0.0,2.839003136312819e-29,,
PART-RIVERBANK-1,107,RiverBank/C3D8R,-255.0,-10.0,-50.0,4.052223e-30,-1.2283068e-29,-2.5272507e-29,0.0,0.0,0.0,2.839003136312819e-29,,
PART-RIVERBANK-1,108,RiverBank/C3D8R,-255.0,10.0,-50.0,4.052223e-30,1.2283068e-29,-2.5272507e-29,0.0,0.0,0.0,2.839003136312819e-29,,
PART-RIVERBANK-2,84,RiverBank/C3D8R,250.0,5.0,-50.0,-1.2684676e-29,-9.882145e-32,-2.5263558e-29,0.0,0.0,0.0,2.8269385096307275e-29,,
PART-RIVERBANK-2,86,RiverBank/C3D8R,250.0,-5.0,-50.0,-1.2684676e-29,9.882145e-32,-2.5263558e-29,0.0,0.0,0.0,2.8269385096307275e-29,,
PART-RIVERBANK-1,93,RiverBank/C3D8R,-250.0,-5.0,-50.0,1.2684676e-29,9.882145e-32,-2.5263558e-29,0.0,0.0,0.0,2.8269385096307275e-29,,
PART-RIVERBANK-1,95,RiverBank/C3D8R,-250.0,5.0,-50.0,1.2684676e-29,-9.882145e-32,-2.5263558e-29,0.0,0.0,0.0,2.8269385096307275e-29,,
PART-RIVERBANK-2,85,RiverBank/C3D8R,250.0,0.0,-50.0,-1.9598767e-30,-2.8e-44,-2.7910833e-29,0.0,0.0,0.0,2.797955888560597e-29,,
PART-RIVERBANK-1,94,RiverBank/C3D8R,-250.0,0.0,-50.0,1.9598767e-30,1.3e-44,-2.7910833e-29,0.0,0.0,0.0,2.797955888560597e-29,,
PART-RIVERBANK-2,379,RiverBank/C3D8R,280.0,0.0,-50.0,1.0991214e-31,4.6e-44,-2.7894023e-29,0.0,0.0,0.0,2.7894239545165027e-29,,
PART-RIVERBANK-1,373,RiverBank/C3D8R,-280.0,0.0,-50.0,-1.0991214e-31,-6e-45,-2.7894023e-29,0.0,0.0,0.0,2.7894239545165027e-29,,
PART-RIVERBANK-2,384,RiverBank/C3D8R,290.0,-5.0,-50.0,3.359528e-30,-3.491022e-30,-2.6996675e-29,0.0,0.0,0.0,2.742798067745588e-29,,
PART-RIVERBANK-2,386,RiverBank/C3D8R,290.0,5.0,-50.0,3.359528e-30,3.491022e-30,-2.6996675e-29,0.0,0.0,0.0,2.742798067745588e-29,,
PART-RIVERBANK-1,366,RiverBank/C3D8R,-290.0,-5.0,-50.0,-3.359528e-30,-3.491022e-30,-2.6996675e-29,0.0,0.0,0.0,2.742798067745588e-29,,
PART-RIVERBANK-1,368,RiverBank/C3D8R,-290.0,5.0,-50.0,-3.359528e-30,3.491022e-30,-2.6996675e-29,0.0,0.0,0.0,2.742798067745588e-29,,
PART-RIVERBANK-2,387,RiverBank/C3D8R,295.0,-5.0,-50.0,4.169697e-30,-3.1135772e-30,-2.60909e-29,0.0,0.0,0.0,2.6604807814794844e-29,,
PART-RIVERBANK-2,389,RiverBank/C3D8R,295.0,5.0,-50.0,4.169697e-30,3.1135772e-30,-2.60909e-29,0.0,0.0,0.0,2.6604807814794844e-29,,
PART-RIVERBANK-1,363,RiverBank/C3D8R,-295.0,-5.0,-50.0,-4.169697e-30,-3.1135772e-30,-2.60909e-29,0.0,0.0,0.0,2.6604807814794844e-29,,
PART-RIVERBANK-1,365,RiverBank/C3D8R,-295.0,5.0,-50.0,-4.169697e-30,3.1135772e-30,-2.60909e-29,0.0,0.0,0.0,2.6604807814794844e-29,,
PART-RIVERBANK-2,388,RiverBank/C3D8R,295.0,0.0,-50.0,4.6248778e-30,1.15e-43,-2.485057e-29,0.0,0.0,0.0,2.527726891873077e-29,,
PART-RIVERBANK-1,364,RiverBank/C3D8R,-295.0,0.0,-50.0,-4.6248778e-30,-3.5e-44,-2.485057e-29,0.0,0.0,0.0,2.527726891873077e-29,,
PART-RIVERBANK-2,100,RiverBank/C3D8R,260.0,-10.0,-50.0,2.2869993e-30,-3.6536403e-30,-2.4769567e-29,0.0,0.0,0.0,2.514181581762689e-29,,
PART-RIVERBANK-2,115,RiverBank/C3D8R,260.0,10.0,-50.0,2.2869993e-30,3.6536403e-30,-2.4769567e-29,0.0,0.0,0.0,2.514181581762689e-29,,
PART-RIVERBANK-1,106,RiverBank/C3D8R,-260.0,-10.0,-50.0,-2.2869993e-30,-3.6536403e-30,-2.4769567e-29,0.0,0.0,0.0,2.514181581762689e-29,,
PART-RIVERBANK-1,109,RiverBank/C3D8R,-260.0,10.0,-50.0,-2.2869993e-30,3.6536403e-30,-2.4769567e-29,0.0,0.0,0.0,2.514181581762689e-29,,
PART-RIVERBANK-2,385,RiverBank/C3D8R,290.0,0.0,-50.0,2.6722662e-30,6.4e-44,-2.394254e-29,0.0,0.0,0.0,2.4091206451634223e-29,,
PART-RIVERBANK-1,367,RiverBank/C3D8R,-290.0,0.0,-50.0,-2.6722662e-30,-1.5e-44,-2.394254e-29,0.0,0.0,0.0,2.4091206451634223e-29,,
PART-RIVERBANK-2,102,RiverBank/C3D8R,270.0,-10.0,-50.0,2.0438552e-30,-4.5854703e-30,-2.2455643e-29,0.0,0.0,0.0,2.3009993144158e-29,,
PART-RIVERBANK-2,113,RiverBank/C3D8R,270.0,10.0,-50.0,2.0438552e-30,4.5854703e-30,-2.2455643e-29,0.0,0.0,0.0,2.3009993144158e-29,,
PART-RIVERBANK-1,104,RiverBank/C3D8R,-270.0,-10.0,-50.0,-2.0438552e-30,-4.5854703e-30,-2.2455643e-29,0.0,0.0,0.0,2.3009993144158e-29,,
PART-RIVERBANK-1,111,RiverBank/C3D8R,-270.0,10.0,-50.0,-2.0438552e-30,4.5854703e-30,-2.2455643e-29,0.0,0.0,0.0,2.3009993144158e-29,,
PART-RIVERBANK-2,101,RiverBank/C3D8R,265.0,-10.0,-50.0,-3.1516935e-30,-4.5156e-30,-2.0017096e-29,0.0,0.0,0.0,2.076073090117875e-29,,
PART-RIVERBANK-2,114,RiverBank/C3D8R,265.0,10.0,-50.0,-3.1516935e-30,4.5156e-30,-2.0017096e-29,0.0,0.0,0.0,2.076073090117875e-29,,
PART-RIVERBANK-1,105,RiverBank/C3D8R,-265.0,-10.0,-50.0,3.1516935e-30,-4.5156e-30,-2.0017096e-29,0.0,0.0,0.0,2.076073090117875e-29,,
PART-RIVERBANK-1,110,RiverBank/C3D8R,-265.0,10.0,-50.0,3.1516935e-30,4.5156e-30,-2.0017096e-29,0.0,0.0,0.0,2.076073090117875e-29,,
PART-RIVERBANK-2,104,RiverBank/C3D8R,280.0,-10.0,-50.0,1.4209361e-30,-3.8848644e-30,-1.8749695e-29,0.0,0.0,0.0,1.9200580548506744e-29,,
PART-RIVERBANK-2,111,RiverBank/C3D8R,280.0,10.0,-50.0,1.4209361e-30,3.8848644e-30,-1.8749695e-29,0.0,0.0,0.0,1.9200580548506744e-29,,
PART-RIVERBANK-1,102,RiverBank/C3D8R,-280.0,-10.0,-50.0,-1.4209361e-30,-3.8848644e-30,-1.8749695e-29,0.0,0.0,0.0,1.9200580548506744e-29,,
PART-RIVERBANK-1,113,RiverBank/C3D8R,-280.0,10.0,-50.0,-1.4209361e-30,3.8848644e-30,-1.8749695e-29,0.0,0.0,0.0,1.9200580548506744e-29,,
PART-RIVERBANK-2,103,RiverBank/C3D8R,275.0,-10.0,-50.0,-5.07631e-31,-3.7770037e-30,-1.8068112e-29,0.0,0.0,0.0,1.846564695391198e-29,,
PART-RIVERBANK-2,112,RiverBank/C3D8R,275.0,10.0,-50.0,-5.07631e-31,3.7770037e-30,-1.8068112e-29,0.0,0.0,0.0,1.846564695391198e-29,,
PART-RIVERBANK-1,103,RiverBank/C3D8R,-275.0,-10.0,-50.0,5.07631e-31,-3.7770037e-30,-1.8068112e-29,0.0,0.0,0.0,1.846564695391198e-29,,
PART-RIVERBANK-1,112,RiverBank/C3D8R,-275.0,10.0,-50.0,5.07631e-31,3.7770037e-30,-1.8068112e-29,0.0,0.0,0.0,1.846564695391198e-29,,
PART-RIVERBANK-2,9,RiverBank/C3D8R,250.0,10.0,-50.0,2.902703e-31,3.2498458e-30,-1.64508e-29,0.0,0.0,0.0,1.6771242506470404e-29,,
PART-RIVERBANK-2,10,RiverBank/C3D8R,250.0,-10.0,-50.0,2.902703e-31,-3.2498458e-30,-1.64508e-29,0.0,0.0,0.0,1.6771242506470404e-29,,
PART-RIVERBANK-1,11,RiverBank/C3D8R,-250.0,10.0,-50.0,-2.902703e-31,3.2498458e-30,-1.64508e-29,0.0,0.0,0.0,1.6771242506470404e-29,,
PART-RIVERBANK-1,12,RiverBank/C3D8R,-250.0,-10.0,-50.0,-2.902703e-31,-3.2498458e-30,-1.64508e-29,0.0,0.0,0.0,1.6771242506470404e-29,,
PART-RIVERBANK-2,105,RiverBank/C3D8R,285.0,-10.0,-50.0,6.617527e-31,-3.3517173e-30,-1.6047643e-29,0.0,0.0,0.0,1.6407277999428351e-29,,
PART-RIVERBANK-2,110,RiverBank/C3D8R,285.0,10.0,-50.0,6.617527e-31,3.3517173e-30,-1.6047643e-29,0.0,0.0,0.0,1.6407277999428351e-29,,
PART-RIVERBANK-1,101,RiverBank/C3D8R,-285.0,-10.0,-50.0,-6.617527e-31,-3.3517173e-30,-1.6047643e-29,0.0,0.0,0.0,1.6407277999428351e-29,,
PART-RIVERBANK-1,114,RiverBank/C3D8R,-285.0,10.0,-50.0,-6.617527e-31,3.3517173e-30,-1.6047643e-29,0.0,0.0,0.0,1.6407277999428351e-29,,
PART-RIVERBANK-2,106,RiverBank/C3D8R,290.0,-10.0,-50.0,1.9852371e-30,-3.126233e-30,-1.540173e-29,0.0,0.0,0.0,1.5840700303534734e-29,,
PART-RIVERBANK-2,109,RiverBank/C3D8R,290.0,10.0,-50.0,1.9852371e-30,3.126233e-30,-1.540173e-29,0.0,0.0,0.0,1.5840700303534734e-29,,
PART-RIVERBANK-1,100,RiverBank/C3D8R,-290.0,-10.0,-50.0,-1.9852371e-30,-3.126233e-30,-1.540173e-29,0.0,0.0,0.0,1.5840700303534734e-29,,
PART-RIVERBANK-1,115,RiverBank/C3D8R,-290.0,10.0,-50.0,-1.9852371e-30,3.126233e-30,-1.540173e-29,0.0,0.0,0.0,1.5840700303534734e-29,,
PART-RIVERBANK-2,93,RiverBank/C3D8R,300.0,-5.0,-50.0,4.16546e-30,-1.5109892e-30,-1.4756687e-29,0.0,0.0,0.0,1.5407594120760242e-29,,
PART-RIVERBANK-2,95,RiverBank/C3D8R,300.0,5.0,-50.0,4.16546e-30,1.5109892e-30,-1.4756687e-29,0.0,0.0,0.0,1.5407594120760242e-29,,
PART-RIVERBANK-1,84,RiverBank/C3D8R,-300.0,5.0,-50.0,-4.16546e-30,1.5109892e-30,-1.4756687e-29,0.0,0.0,0.0,1.5407594120760242e-29,,
PART-RIVERBANK-1,86,RiverBank/C3D8R,-300.0,-5.0,-50.0,-4.16546e-30,-1.5109892e-30,-1.4756687e-29,0.0,0.0,0.0,1.5407594120760242e-29,,
PART-RIVERBANK-2,107,RiverBank/C3D8R,295.0,-10.0,-50.0,1.9148152e-30,-2.7701113e-30,-1.4062323e-29,0.0,0.0,0.0,1.44599087832831e-29,,
PART-RIVERBANK-2,108,RiverBank/C3D8R,295.0,10.0,-50.0,1.9148152e-30,2.7701113e-30,-1.4062323e-29,0.0,0.0,0.0,1.44599087832831e-29,,
PART-RIVERBANK-1,99,RiverBank/C3D8R,-295.0,-10.0,-50.0,-1.9148152e-30,-2.7701113e-30,-1.4062323e-29,0.0,0.0,0.0,1.44599087832831e-29,,
PART-RIVERBANK-1,116,RiverBank/C3D8R,-295.0,10.0,-50.0,-1.9148152e-30,2.7701113e-30,-1.4062323e-29,0.0,0.0,0.0,1.44599087832831e-29,,
PART-RIVERBANK-2,94,RiverBank/C3D8R,300.0,0.0,-50.0,3.4331563e-30,6.4e-44,-1.3543463e-29,0.0,0.0,0.0,1.3971827089274998e-29,,
PART-RIVERBANK-1,85,RiverBank/C3D8R,-300.0,0.0,-50.0,-3.4331563e-30,-2e-44,-1.3543463e-29,0.0,0.0,0.0,1.3971827089274998e-29,,
PART-RIVERBANK-2,11,RiverBank/C3D8R,300.0,10.0,-50.0,2.4027968e-30,1.4842934e-30,-8.064127e-30,0.0,0.0,0.0,8.544396036672387e-30,,
PART-RIVERBANK-2,12,RiverBank/C3D8R,300.0,-10.0,-50.0,2.4027968e-30,-1.4842934e-30,-8.064127e-30,0.0,0.0,0.0,8.544396036672387e-30,,
PART-RIVERBANK-1,9,RiverBank/C3D8R,-300.0,10.0,-50.0,-2.4027968e-30,1.4842934e-30,-8.064127e-30,0.0,0.0,0.0,8.544396036672387e-30,,
PART-RIVERBANK-1,10,RiverBank/C3D8R,-300.0,-10.0,-50.0,-2.4027968e-30,-1.4842934e-30,-8.064127e-30,0.0,0.0,0.0,8.544396036672387e-30,,
