node,U1,U2,U3,R1,R2,R3
1,0,0,0,0,0,0
2,0,0,0,0,0,0
3,0,0,0,0,0,0
4,0,0,0,0,0,0
5,0,0,0,0,0,0
6,0,0,0,0,0,0
7,0,0,0,0,0,0
8,0,0,0,0,0,0
9,0,0,0,0,0,0
10,0,0,0,0,0,0
11,0,0,0,0,0,0
12,0,0,0,0,0,0
13,0,0,0,0,0,0
14,0,0,0,0,0,0
15,0,0,0,0,0,0
16,0,0,0,0,0,0
17,0,0,0,0,0,0
18,0,0,0,0,0,0
19,0,0,0,0,0,0
20,0,0,0,0,0,0
21,0,0,0,0,0,0
22,0.000533815,0.000332949,-0.000919101,0,0,0
23,0.00052717,-2.47881e-008,-0.000652039,0,0,0
24,0.000546331,-0.000339076,-0.000940438,0,0,0
25,-0.000542032,0.000340888,-0.000936691,0,0,0
26,-0.000535656,1.31341e-006,-0.000663135,0,0,0
27,-0.00055457,-0.000343471,-0.000955169,0,0,0
28,0.000216388,0.000358486,-0.000670271,0,0,0
29,-0.000218042,0.000364733,-0.000681169,0,0,0
30,0.000112401,0.000368565,-0.000798152,0,0,0
31,-0.000112534,0.000371613,-0.000803972,0,0,0
32,2.30741e-007,0.000367086,-0.000708582,0,0,0
33,0.000207791,-4.15548e-006,-0.000374463,0,0,0
34,0.000220533,-0.000374322,-0.00068936,0,0,0
35,-0.000210804,-3.2374e-006,-0.000379849,0,0,0
36,-0.000223417,-0.000377733,-0.00069739,0,0,0
37,0.000114872,-4.56486e-006,-0.00048703,0,0,0
38,-0.000116735,-4.18486e-006,-0.000490129,0,0,0
39,-5.0047e-007,-4.59371e-006,-0.000405391,0,0,0
40,0.000113709,-0.000386731,-0.000822956,0,0,0
41,-0.000115301,-0.000388457,-0.000827451,0,0,0
42,-4.63566e-007,-0.000385372,-0.000731068,0,0,0
43,0.000615799,9.60958e-005,-0.00103856,0,0,0
44,0.00060627,-1.53447e-005,-0.00150645,0,0,0
45,0.000630804,-0.00012775,-0.00107969,0,0,0
46,-0.000628237,0.000103541,-0.00106319,0,0,0
47,-0.000620057,-1.06635e-005,-0.00153599,0,0,0
48,-0.000645367,-0.000126095,-0.00109952,0,0,0
49,0.000443475,0.000133021,-0.00110021,0,0,0
50,-0.000452324,0.00013825,-0.00111715,0,0,0
51,0.000170241,0.000151506,-0.000947928,0,0,0
52,-0.000175226,0.000154209,-0.000955821,0,0,0
53,-2.37397e-006,0.000147157,-0.00108869,0,0,0
54,0.000432382,-2.23655e-005,-0.00158825,0,0,0
55,0.000451167,-0.00017867,-0.00114554,0,0,0
56,-0.000442822,-1.9101e-005,-0.00160885,0,0,0
57,-0.000462476,-0.000177649,-0.00115769,0,0,0
58,0.000171603,-2.48865e-005,-0.00144458,0,0,0
59,-0.00017845,-2.32714e-005,-0.00145436,0,0,0
60,-3.30811e-006,-2.49808e-005,-0.00157762,0,0,0
61,0.000171966,-0.000201951,-0.000993259,0,0,0
62,-0.000179768,-0.000201542,-0.000998978,0,0,0
63,-3.77116e-006,-0.000197561,-0.00113655,0,0,0
64,0.000720096,0.000140293,-0.00216866,0,0,0
65,0.000724545,-4.09598e-005,-0.00173221,0,0,0
66,0.00073767,-0.00022815,-0.00223548,0,0,0
67,-0.000741702,0.00015301,-0.00221424,0,0,0
68,-0.000748733,-3.25865e-005,-0.00176708,0,0,0
69,-0.000763369,-0.000223576,-0.00227505,0,0,0
70,0.000455391,0.000140689,-0.00207914,0,0,0
71,-0.000471698,0.000149273,-0.00211109,0,0,0
72,0.000239907,0.000146465,-0.00219159,0,0,0
73,-0.000254192,0.000150789,-0.00220743,0,0,0
74,-6.26375e-006,0.000155922,-0.00207078,0,0,0
75,0.000455126,-4.9218e-005,-0.00164973,0,0,0
76,0.00046442,-0.000245384,-0.00214586,0,0,0
77,-0.00047421,-4.35679e-005,-0.0016727,0,0,0
78,-0.000485259,-0.000242155,-0.00217208,0,0,0
79,0.000237151,-5.25641e-005,-0.00176797,0,0,0
80,-0.000254275,-4.97349e-005,-0.00177953,0,0,0
81,-7.71975e-006,-5.24936e-005,-0.00164232,0,0,0
82,0.000242632,-0.000258519,-0.00226159,0,0,0
83,-0.000261579,-0.000256889,-0.00227472,0,0,0
84,-8.64621e-006,-0.000268125,-0.00213839,0,0,0
85,0.000695088,0.000120735,-0.00220806,0,0,0
86,0.000700388,-8.14411e-005,-0.00266968,0,0,0
87,0.000713843,-0.000285335,-0.00229755,0,0,0
88,-0.000727601,0.00013797,-0.0022598,0,0,0
89,-0.000736675,-6.85195e-005,-0.00272474,0,0,0
90,-0.000752909,-0.000277034,-0.00234261,0,0,0
91,0.000484553,0.000124818,-0.00238514,0,0,0
92,-0.000513311,0.000136549,-0.00242045,0,0,0
93,0.000231593,0.000131189,-0.00229805,0,0,0
94,-0.000256983,0.000137034,-0.00231575,0,0,0
95,-1.25842e-005,0.000131329,-0.00241556,0,0,0
96,0.000485256,-9.04621e-005,-0.00284044,0,0,0
97,0.000494696,-0.000307494,-0.00247778,0,0,0
98,-0.000517972,-8.17247e-005,-0.00287782,0,0,0
99,-0.000530184,-0.000302001,-0.0025067,0,0,0
100,0.000230736,-9.44151e-005,-0.00275112,0,0,0
101,-0.000260246,-9.0022e-005,-0.00276987,0,0,0
102,-1.46067e-005,-9.42289e-005,-0.00287588,0,0,0
103,0.000234326,-0.000321515,-0.00238961,0,0,0
104,-0.000266708,-0.000318716,-0.00240429,0,0,0
105,-1.6072e-005,-0.000321037,-0.00250785,0,0,0
106,0,0,0,0,0,0
107,0,0,0,0,0,0
108,0,0,0,0,0,0
109,0,0,0,0,0,0
110,0,0,0,0,0,0
111,0,0,0,0,0,0
112,0,0,0,0,0,0
113,0,0,0,0,0,0
114,0,0,0,0,0,0
115,0,0,0,0,0,0
116,0,0,0,0,0,0
117,0,0,0,0,0,0
118,0,0,0,0,0,0
119,0,0,0,0,0,0
120,0,0,0,0,0,0
121,0,0,0,0,0,0
122,0,0,0,0,0,0
123,0,0,0,0,0,0
124,0,0,0,0,0,0
125,0,0,0,0,0,0
126,0,0,0,0,0,0
127,0.000679831,7.41824e-006,-0.00326322,0,0,0
128,0.000687225,-0.000132562,-0.00298921,0,0,0
129,0.000698785,-0.000277885,-0.00337818,0,0,0
130,-0.000728133,2.83295e-005,-0.00333368,0,0,0
131,-0.000740522,-0.000115216,-0.00305095,0,0,0
132,-0.000756137,-0.000263773,-0.0034416,0,0,0
133,0.000453886,1.73095e-006,-0.00325645,0,0,0
134,-0.000497333,1.57344e-005,-0.00330515,0,0,0
135,0.000223911,5.52659e-007,-0.00339137,0,0,0
136,-0.000265276,7.59036e-006,-0.00341566,0,0,0
137,-1.99905e-005,5.3195e-006,-0.00331721,0,0,0
138,0.00045686,-0.000141638,-0.00299593,0,0,0
139,0.000464275,-0.000290478,-0.00337198,0,0,0
140,-0.000505432,-0.000129982,-0.00303714,0,0,0
141,-0.000517006,-0.000280885,-0.00341396,0,0,0
142,0.000223987,-0.000145444,-0.00313822,0,0,0
143,-0.00027054,-0.000139596,-0.0031589,0,0,0
144,-2.26005e-005,-0.000144632,-0.00305621,0,0,0
145,0.000226349,-0.000297286,-0.00350762,0,0,0
146,-0.000277136,-0.000292454,-0.00352873,0,0,0
147,-2.4751e-005,-0.000300619,-0.00343128,0,0,0
148,0.000533815,-0.000332949,-0.000919101,0,0,0
149,0.00052717,2.47881e-008,-0.000652039,0,0,0
150,0.000546331,0.000339076,-0.000940438,0,0,0
151,-0.000542032,-0.000340888,-0.000936691,0,0,0
152,-0.000535656,-1.31341e-006,-0.000663135,0,0,0
153,-0.00055457,0.000343471,-0.000955169,0,0,0
154,0.000216388,-0.000358486,-0.000670271,0,0,0
155,-0.000218042,-0.000364733,-0.000681169,0,0,0
156,0.000112401,-0.000368565,-0.000798152,0,0,0
157,-0.000112534,-0.000371613,-0.000803972,0,0,0
158,2.30741e-007,-0.000367086,-0.000708582,0,0,0
159,0.000207791,4.15548e-006,-0.000374463,0,0,0
160,0.000220533,0.000374322,-0.00068936,0,0,0
161,-0.000210804,3.2374e-006,-0.000379849,0,0,0
162,-0.000223417,0.000377733,-0.00069739,0,0,0
163,0.000114872,4.56486e-006,-0.00048703,0,0,0
164,-0.000116735,4.18486e-006,-0.000490129,0,0,0
165,-5.0047e-007,4.59371e-006,-0.000405391,0,0,0
166,0.000113709,0.000386731,-0.000822956,0,0,0
167,-0.000115301,0.000388457,-0.000827451,0,0,0
168,-4.63566e-007,0.000385372,-0.000731068,0,0,0
169,0.000645206,1.69718e-005,-0.00347788,0,0,0
170,0.000654269,-0.000197814,-0.00379035,0,0,0
171,0.000664181,-0.000414937,-0.00361661,0,0,0
172,-0.000711658,4.36881e-005,-0.00355669,0,0,0
173,-0.000727147,-0.000175631,-0.00386917,0,0,0
174,-0.000742405,-0.000397532,-0.00368814,0,0,0
175,0.000424267,1.079e-005,-0.00366635,0,0,0
176,-0.000486936,2.88269e-005,-0.00371993,0,0,0
177,0.000201371,1.06168e-005,-0.00364605,0,0,0
178,-0.000261048,1.96277e-005,-0.00367289,0,0,0
179,-2.96291e-005,1.2227e-005,-0.00375076,0,0,0
180,0.000428563,-0.000206699,-0.00396967,0,0,0
181,0.000434269,-0.00042654,-0.00380746,0,0,0
182,-0.00049778,-0.000191793,-0.00402269,0,0,0
183,-0.00050882,-0.000414965,-0.00385411,0,0,0
184,0.000201074,-0.000210283,-0.00394371,0,0,0
185,-0.000267429,-0.000202796,-0.00397033,0,0,0
186,-3.29495e-005,-0.000208975,-0.00405408,0,0,0
187,0.000203123,-0.000433365,-0.00378557,0,0,0
188,-0.000274898,-0.000427518,-0.0038091,0,0,0
189,-3.56878e-005,-0.000432212,-0.00388979,0,0,0
190,0.000615799,-9.60958e-005,-0.00103856,0,0,0
191,0.00060627,1.53447e-005,-0.00150645,0,0,0
192,0.000630804,0.00012775,-0.00107969,0,0,0
193,-0.000628237,-0.000103541,-0.00106319,0,0,0
194,-0.000620057,1.06635e-005,-0.00153599,0,0,0
195,-0.000645367,0.000126095,-0.00109952,0,0,0
196,0.000443475,-0.000133021,-0.00110021,0,0,0
197,-0.000452324,-0.00013825,-0.00111715,0,0,0
198,0.000170241,-0.000151506,-0.000947928,0,0,0
199,-0.000175226,-0.000154209,-0.000955821,0,0,0
200,-2.37397e-006,-0.000147157,-0.00108869,0,0,0
201,0.000432382,2.23655e-005,-0.00158825,0,0,0
202,0.000451167,0.00017867,-0.00114554,0,0,0
203,-0.000442822,1.9101e-005,-0.00160885,0,0,0
204,-0.000462476,0.000177649,-0.00115769,0,0,0
205,0.000171603,2.48865e-005,-0.00144458,0,0,0
206,-0.00017845,2.32714e-005,-0.00145436,0,0,0
207,-3.30811e-006,2.49808e-005,-0.00157762,0,0,0
208,0.000171966,0.000201951,-0.000993259,0,0,0
209,-0.000179768,0.000201542,-0.000998978,0,0,0
210,-3.77116e-006,0.000197561,-0.00113655,0,0,0
211,0.000593163,-0.000134178,-0.0043331,0,0,0
212,0.000601446,-0.000274241,-0.00425445,0,0,0
213,0.000611277,-0.00041923,-0.00449722,0,0,0
214,-0.000682398,-0.000103791,-0.00442726,0,0,0
215,-0.000698417,-0.000247435,-0.00434253,0,0,0
216,-0.000715012,-0.000395806,-0.00458402,0,0,0
217,0.000393895,-0.000141507,-0.00437201,0,0,0
218,-0.000478634,-0.000121176,-0.00443634,0,0,0
219,0.000176134,-0.000143807,-0.00450144,0,0,0
220,-0.000258694,-0.000133613,-0.00453359,0,0,0
221,-4.07059e-005,-0.000140023,-0.00446876,0,0,0
222,0.000397785,-0.00028259,-0.00430377,0,0,0
223,0.000403321,-0.000428668,-0.00453721,0,0,0
224,-0.000490377,-0.000264622,-0.00436265,0,0,0
225,-0.000502719,-0.000412892,-0.0045945,0,0,0
226,0.000176142,-0.000285576,-0.00443862,0,0,0
227,-0.00026663,-0.000276564,-0.00446812,0,0,0
228,-4.46723e-005,-0.000283496,-0.00440053,0,0,0
229,0.0001769,-0.000432552,-0.00466599,0,0,0
230,-0.000274269,-0.000424618,-0.00469477,0,0,0
231,-4.81505e-005,-0.000432286,-0.00463137,0,0,0
232,0.000720096,-0.000140293,-0.00216866,0,0,0
233,0.000724545,4.09598e-005,-0.00173221,0,0,0
234,0.00073767,0.00022815,-0.00223548,0,0,0
235,-0.000741702,-0.00015301,-0.00221424,0,0,0
236,-0.000748733,3.25865e-005,-0.00176708,0,0,0
237,-0.000763369,0.000223576,-0.00227505,0,0,0
238,0.000455391,-0.000140689,-0.00207914,0,0,0
239,-0.000471698,-0.000149273,-0.00211109,0,0,0
240,0.000239907,-0.000146465,-0.00219159,0,0,0
241,-0.000254192,-0.000150789,-0.00220743,0,0,0
242,-6.26375e-006,-0.000155922,-0.00207078,0,0,0
243,0.000455126,4.9218e-005,-0.00164973,0,0,0
244,0.00046442,0.000245384,-0.00214586,0,0,0
245,-0.00047421,4.35679e-005,-0.0016727,0,0,0
246,-0.000485259,0.000242155,-0.00217208,0,0,0
247,0.000237151,5.25641e-005,-0.00176797,0,0,0
248,-0.000254275,4.97349e-005,-0.00177953,0,0,0
249,-7.71975e-006,5.24936e-005,-0.00164232,0,0,0
250,0.000242632,0.000258519,-0.00226159,0,0,0
251,-0.000261579,0.000256889,-0.00227472,0,0,0
252,-8.64621e-006,0.000268125,-0.00213839,0,0,0
253,0.000564427,-0.000167295,-0.00471359,0,0,0
254,0.000573386,-0.00036443,-0.00490863,0,0,0
255,0.000581853,-0.000564384,-0.00490249,0,0,0
256,-0.000679323,-0.000131351,-0.00481807,0,0,0
257,-0.000697494,-0.000332801,-0.00501075,0,0,0
258,-0.000714112,-0.000537248,-0.00499954,0,0,0
259,0.000351524,-0.000174934,-0.0048791,0,0,0
260,-0.000462619,-0.000150766,-0.00494996,0,0,0
261,0.000154109,-0.000176447,-0.00489952,0,0,0
262,-0.000262458,-0.000164358,-0.00493497,0,0,0
263,-5.39009e-005,-0.000173314,-0.00498543,0,0,0
264,0.000355818,-0.000372151,-0.00506752,0,0,0
265,0.000359879,-0.000572191,-0.00506994,0,0,0
266,-0.000476228,-0.000350951,-0.00513591,0,0,0
267,-0.000488435,-0.000554109,-0.00513368,0,0,0
268,0.000153457,-0.000374543,-0.00508272,0,0,0
269,-0.000271234,-0.000363907,-0.00511701,0,0,0
270,-5.86062e-005,-0.000371792,-0.00517145,0,0,0
271,0.000153787,-0.000575366,-0.00508868,0,0,0
272,-0.000279787,-0.00056627,-0.00512071,0,0,0
273,-6.27467e-005,-0.000572923,-0.00517342,0,0,0
274,0.000695088,-0.000120735,-0.00220806,0,0,0
275,0.000700388,8.14411e-005,-0.00266968,0,0,0
276,0.000713843,0.000285335,-0.00229755,0,0,0
277,-0.000727601,-0.00013797,-0.0022598,0,0,0
278,-0.000736675,6.85195e-005,-0.00272474,0,0,0
279,-0.000752909,0.000277034,-0.00234261,0,0,0
280,0.000484553,-0.000124818,-0.00238514,0,0,0
281,-0.000513311,-0.000136549,-0.00242045,0,0,0
282,0.000231593,-0.000131189,-0.00229805,0,0,0
283,-0.000256983,-0.000137034,-0.00231575,0,0,0
284,-1.25842e-005,-0.000131329,-0.00241556,0,0,0
285,0.000485256,9.04621e-005,-0.00284044,0,0,0
286,0.000494696,0.000307494,-0.00247778,0,0,0
287,-0.000517972,8.17247e-005,-0.00287782,0,0,0
288,-0.000530184,0.000302001,-0.0025067,0,0,0
289,0.000230736,9.44151e-005,-0.00275112,0,0,0
290,-0.000260246,9.0022e-005,-0.00276987,0,0,0
291,-1.46067e-005,9.42289e-005,-0.00287588,0,0,0
292,0.000234326,0.000321515,-0.00238961,0,0,0
293,-0.000266708,0.000318716,-0.00240429,0,0,0
294,-1.6072e-005,0.000321037,-0.00250785,0,0,0
295,0.000505578,-0.000319385,-0.00539573,0,0,0
296,0.000513235,-0.000466364,-0.00545288,0,0,0
297,0.000521687,-0.000618036,-0.00561028,0,0,0
298,-0.000650448,-0.000279363,-0.00551309,0,0,0
299,-0.000668741,-0.000430108,-0.00556584,0,0,0
300,-0.000686798,-0.000585429,-0.00572021,0,0,0
301,0.000325406,-0.000325634,-0.00545989,0,0,0
302,-0.000466063,-0.000298856,-0.00553955,0,0,0
303,0.000124878,-0.00032671,-0.00557156,0,0,0
304,-0.000263312,-0.000313299,-0.00561138,0,0,0
305,-6.87173e-005,-0.000322269,-0.00556904,0,0,0
306,0.000328643,-0.0004733,-0.00552374,0,0,0
307,0.000332733,-0.000625689,-0.00567588,0,0,0
308,-0.000480046,-0.00044903,-0.00559927,0,0,0
309,-0.000493756,-0.000603825,-0.00574839,0,0,0
310,0.000123831,-0.000474921,-0.00563845,0,0,0
311,-0.000273099,-0.000462756,-0.00567627,0,0,0
312,-7.41308e-005,-0.000471363,-0.00563269,0,0,0
313,0.00012325,-0.000627964,-0.00578622,0,0,0
314,-0.000282211,-0.000616981,-0.0058226,0,0,0
315,-7.90146e-005,-0.000625347,-0.00578197,0,0,0
316,0.000679831,-7.41824e-006,-0.00326322,0,0,0
317,0.000687225,0.000132562,-0.00298921,0,0,0
318,0.000698785,0.000277885,-0.00337818,0,0,0
319,-0.000728133,-2.83295e-005,-0.00333368,0,0,0
320,-0.000740522,0.000115216,-0.00305095,0,0,0
321,-0.000756137,0.000263773,-0.0034416,0,0,0
322,0.000453886,-1.73095e-006,-0.00325645,0,0,0
323,-0.000497333,-1.57344e-005,-0.00330515,0,0,0
324,0.000223911,-5.52659e-007,-0.00339137,0,0,0
325,-0.000265276,-7.59036e-006,-0.00341566,0,0,0
326,-1.99905e-005,-5.3195e-006,-0.00331721,0,0,0
327,0.00045686,0.000141638,-0.00299593,0,0,0
328,0.000464275,0.000290478,-0.00337198,0,0,0
329,-0.000505432,0.000129982,-0.00303714,0,0,0
330,-0.000517006,0.000280885,-0.00341396,0,0,0
331,0.000223987,0.000145444,-0.00313822,0,0,0
332,-0.00027054,0.000139596,-0.0031589,0,0,0
333,-2.26005e-005,0.000144632,-0.00305621,0,0,0
334,0.000226349,0.000297286,-0.00350762,0,0,0
335,-0.000277136,0.000292454,-0.00352873,0,0,0
336,-2.4751e-005,0.000300619,-0.00343128,0,0,0
337,0.000478199,-0.000407181,-0.00586528,0,0,0
338,0.00048583,-0.000581988,-0.00600894,0,0,0
339,0.000493244,-0.000759966,-0.00610557,0,0,0
340,-0.000656337,-0.000362128,-0.00599387,0,0,0
341,-0.0006761,-0.000541014,-0.006134,0,0,0
342,-0.00069459,-0.000723199,-0.00622671,0,0,0
343,0.000281266,-0.000413415,-0.00600515,0,0,0
344,-0.000455649,-0.000383207,-0.00609215,0,0,0
345,0.000102613,-0.000413962,-0.00604882,0,0,0
346,-0.000274438,-0.000398847,-0.00609234,0,0,0
347,-8.5606e-005,-0.00040913,-0.00611764,0,0,0
348,0.000284297,-0.000588109,-0.00614515,0,0,0
349,0.000287208,-0.000765995,-0.00624711,0,0,0
350,-0.000470909,-0.000560683,-0.00622874,0,0,0
351,-0.000484899,-0.000741462,-0.00632694,0,0,0
352,0.000100862,-0.000588968,-0.0061852,0,0,0
353,-0.000285015,-0.00057522,-0.00622707,0,0,0
354,-9.17654e-005,-0.000584673,-0.00625494,0,0,0
355,9.96806e-005,-0.000767137,-0.00628918,0,0,0
356,-0.000294989,-0.000754818,-0.00632924,0,0,0
357,-9.73745e-005,-0.000763343,-0.00635644,0,0,0
358,0.000645206,-1.69718e-005,-0.00347788,0,0,0
359,0.000654269,0.000197814,-0.00379035,0,0,0
360,0.000664181,0.000414937,-0.00361661,0,0,0
361,-0.000711658,-4.36881e-005,-0.00355669,0,0,0
362,-0.000727147,0.000175631,-0.00386917,0,0,0
363,-0.000742405,0.000397532,-0.00368814,0,0,0
364,0.000424267,-1.079e-005,-0.00366635,0,0,0
365,-0.000486936,-2.88269e-005,-0.00371993,0,0,0
366,0.000201371,-1.06168e-005,-0.00364605,0,0,0
367,-0.000261048,-1.96277e-005,-0.00367289,0,0,0
368,-2.96291e-005,-1.2227e-005,-0.00375076,0,0,0
369,0.000428563,0.000206699,-0.00396967,0,0,0
370,0.000434269,0.00042654,-0.00380746,0,0,0
371,-0.00049778,0.000191793,-0.00402269,0,0,0
372,-0.00050882,0.000414965,-0.00385411,0,0,0
373,0.000201074,0.000210283,-0.00394371,0,0,0
374,-0.000267429,0.000202796,-0.00397033,0,0,0
375,-3.29495e-005,0.000208975,-0.00405408,0,0,0
376,0.000203123,0.000433365,-0.00378557,0,0,0
377,-0.000274898,0.000427518,-0.0038091,0,0,0
378,-3.56878e-005,0.000432212,-0.00388979,0,0,0
379,0.00041983,-0.000560481,-0.00643469,0,0,0
380,0.000426264,-0.0007099,-0.00656779,0,0,0
381,0.000433333,-0.00086393,-0.00670107,0,0,0
382,-0.000635376,-0.000511066,-0.00657473,0,0,0
383,-0.000655449,-0.00066437,-0.00670414,0,0,0
384,-0.000675091,-0.00082222,-0.00683369,0,0,0
385,0.000254297,-0.000564942,-0.00651422,0,0,0
386,-0.000465856,-0.000531879,-0.00660891,0,0,0
387,7.13634e-005,-0.000564273,-0.00660923,0,0,0
388,-0.000280712,-0.000547723,-0.00665657,0,0,0
389,-0.000104226,-0.00055855,-0.0066273,0,0,0
390,0.000256292,-0.000715148,-0.00665138,0,0,0
391,0.000258975,-0.000869947,-0.00678235,0,0,0
392,-0.000481597,-0.000684696,-0.0067425,0,0,0
393,-0.000496851,-0.000842045,-0.00686986,0,0,0
394,6.89142e-005,-0.000715197,-0.00674757,0,0,0
395,-0.000292107,-0.00069994,-0.00679318,0,0,0
396,-0.000111141,-0.000710089,-0.00676371,0,0,0
397,6.69598e-005,-0.000870741,-0.00687563,0,0,0
398,-0.000302796,-0.000856738,-0.0069195,0,0,0
399,-0.000117499,-0.000866284,-0.00689218,0,0,0
400,0.000593163,0.000134178,-0.0043331,0,0,0
401,0.000601446,0.000274241,-0.00425445,0,0,0
402,0.000611277,0.00041923,-0.00449722,0,0,0
403,-0.000682398,0.000103791,-0.00442726,0,0,0
404,-0.000698417,0.000247435,-0.00434253,0,0,0
405,-0.000715012,0.000395806,-0.00458402,0,0,0
406,0.000393895,0.000141507,-0.00437201,0,0,0
407,-0.000478634,0.000121176,-0.00443634,0,0,0
408,0.000176134,0.000143807,-0.00450144,0,0,0
409,-0.000258694,0.000133613,-0.00453359,0,0,0
410,-4.07059e-005,0.000140023,-0.00446876,0,0,0
411,0.000397785,0.00028259,-0.00430377,0,0,0
412,0.000403321,0.000428668,-0.00453721,0,0,0
413,-0.000490377,0.000264622,-0.00436265,0,0,0
414,-0.000502719,0.000412892,-0.0045945,0,0,0
415,0.000176142,0.000285576,-0.00443862,0,0,0
416,-0.00026663,0.000276564,-0.00446812,0,0,0
417,-4.46723e-005,0.000283496,-0.00440053,0,0,0
418,0.0001769,0.000432552,-0.00466599,0,0,0
419,-0.000274269,0.000424618,-0.00469477,0,0,0
420,-4.81505e-005,0.000432286,-0.00463137,0,0,0
421,0.000388171,-0.000694897,-0.00692918,0,0,0
422,0.000394234,-0.000851634,-0.0070706,0,0,0
423,0.000400426,-0.00101178,-0.00722228,0,0,0
424,-0.000644677,-0.000640858,-0.00708044,0,0,0
425,-0.000665909,-0.000801519,-0.00721799,0,0,0
426,-0.000686206,-0.00096568,-0.00736613,0,0,0
427,0.000209679,-0.000699195,-0.00704989,0,0,0
428,-0.000462526,-0.000663019,-0.00715204,0,0,0
429,4.62036e-005,-0.000698102,-0.00710725,0,0,0
430,-0.000296644,-0.000680003,-0.00715834,0,0,0
431,-0.000124901,-0.000691582,-0.00716433,0,0,0
432,0.000211147,-0.000855992,-0.0071898,0,0,0
433,0.000212805,-0.00101627,-0.00734444,0,0,0
434,-0.000479263,-0.000822475,-0.00728821,0,0,0
435,-0.000495034,-0.000985491,-0.00743941,0,0,0
436,4.30189e-005,-0.000855192,-0.007245,0,0,0
437,-0.000308818,-0.000838399,-0.00729427,0,0,0
438,-0.000132578,-0.000849342,-0.00730194,0,0,0
439,4.03708e-005,-0.0010158,-0.0074004,0,0,0
440,-0.000320356,-0.00100036,-0.007448,0,0,0
441,-0.000139706,-0.00101059,-0.00745561,0,0,0
442,0.000564427,0.000167295,-0.00471359,0,0,0
443,0.000573386,0.00036443,-0.00490863,0,0,0
444,0.000581853,0.000564384,-0.00490249,0,0,0
445,-0.000679323,0.000131351,-0.00481807,0,0,0
446,-0.000697494,0.000332801,-0.00501075,0,0,0
447,-0.000714112,0.000537248,-0.00499954,0,0,0
448,0.000351524,0.000174934,-0.0048791,0,0,0
449,-0.000462619,0.000150766,-0.00494996,0,0,0
450,0.000154109,0.000176447,-0.00489952,0,0,0
451,-0.000262458,0.000164358,-0.00493497,0,0,0
452,-5.39009e-005,0.000173314,-0.00498543,0,0,0
453,0.000355818,0.000372151,-0.00506752,0,0,0
454,0.000359879,0.000572191,-0.00506994,0,0,0
455,-0.000476228,0.000350951,-0.00513591,0,0,0
456,-0.000488435,0.000554109,-0.00513368,0,0,0
457,0.000153457,0.000374543,-0.00508272,0,0,0
458,-0.000271234,0.000363907,-0.00511701,0,0,0
459,-5.86062e-005,0.000371792,-0.00517145,0,0,0
460,0.000153787,0.000575366,-0.00508868,0,0,0
461,-0.000279787,0.00056627,-0.00512071,0,0,0
462,-6.27467e-005,0.000572923,-0.00517342,0,0,0
463,0.000331158,-0.000860139,-0.00743227,0,0,0
464,0.000336152,-0.00100615,-0.00760597,0,0,0
465,0.000341722,-0.00115682,-0.007752,0,0,0
466,-0.000632703,-0.000801662,-0.00759419,0,0,0
467,-0.000654442,-0.000951578,-0.00776437,0,0,0
468,-0.00067567,-0.00110612,-0.00790653,0,0,0
469,0.000178342,-0.00086277,-0.0075209,0,0,0
470,-0.000476099,-0.000823653,-0.00763013,0,0,0
471,1.26499e-005,-0.000860397,-0.00760446,0,0,0
472,-0.000308248,-0.00084082,-0.00765907,0,0,0
473,-0.000147387,-0.000853206,-0.0076361,0,0,0
474,0.000178898,-0.00100962,-0.00769705,0,0,0
475,0.000180074,-0.00116103,-0.00784268,0,0,0
476,-0.0004935,-0.00097314,-0.00780284,0,0,0
477,-0.00051032,-0.00112716,-0.00794472,0,0,0
478,8.67961e-006,-0.00100804,-0.00778051,0,0,0
479,-0.000321229,-0.000989768,-0.00783345,0,0,0
480,-0.000155854,-0.00100137,-0.00781101,0,0,0
481,5.24479e-006,-0.00116019,-0.00792421,0,0,0
482,-0.000333515,-0.00114321,-0.00797531,0,0,0
483,-0.000163746,-0.00115408,-0.00795458,0,0,0
484,0.000505578,0.000319385,-0.00539573,0,0,0
485,0.000513235,0.000466364,-0.00545288,0,0,0
486,0.000521687,0.000618036,-0.00561028,0,0,0
487,-0.000650448,0.000279363,-0.00551309,0,0,0
488,-0.000668741,0.000430108,-0.00556584,0,0,0
489,-0.000686798,0.000585429,-0.00572021,0,0,0
490,0.000325406,0.000325634,-0.00545989,0,0,0
491,-0.000466063,0.000298856,-0.00553955,0,0,0
492,0.000124878,0.00032671,-0.00557156,0,0,0
493,-0.000263312,0.000313299,-0.00561138,0,0,0
494,-6.87173e-005,0.000322269,-0.00556904,0,0,0
495,0.000328643,0.0004733,-0.00552374,0,0,0
496,0.000332733,0.000625689,-0.00567588,0,0,0
497,-0.000480046,0.00044903,-0.00559927,0,0,0
498,-0.000493756,0.000603825,-0.00574839,0,0,0
499,0.000123831,0.000474921,-0.00563845,0,0,0
500,-0.000273099,0.000462756,-0.00567627,0,0,0
501,-7.41308e-005,0.000471363,-0.00563269,0,0,0
502,0.00012325,0.000627964,-0.00578622,0,0,0
503,-0.000282211,0.000616981,-0.0058226,0,0,0
504,-7.90146e-005,0.000625347,-0.00578197,0,0,0
505,0.000292925,-0.00103138,-0.00791481,0,0,0
506,0.000297378,-0.00117477,-0.0080791,0,0,0
507,0.000302147,-0.00132171,-0.0082623,0,0,0
508,-0.000643217,-0.000968532,-0.00808747,0,0,0
509,-0.000665991,-0.00111575,-0.00824789,0,0,0
510,-0.000687999,-0.00126658,-0.0084276,0,0,0
511,0.000132847,-0.00103377,-0.00802286,0,0,0
512,-0.000479612,-0.00099173,-0.00813925,0,0,0
513,-1.67707e-005,-0.00103092,-0.00808821,0,0,0
514,-0.000327715,-0.0010099,-0.00814642,0,0,0
515,-0.000171926,-0.00102281,-0.00813885,0,0,0
516,0.000132696,-0.00117732,-0.00818689,0,0,0
517,0.000132927,-0.00132458,-0.00837154,0,0,0
518,-0.00049789,-0.00113787,-0.00829953,0,0,0
519,-0.000515372,-0.00128777,-0.00848076,0,0,0
520,-2.15181e-005,-0.00117482,-0.00825114,0,0,0
521,-0.000341477,-0.00115507,-0.0083075,0,0,0
522,-0.000181181,-0.00116745,-0.00830096,0,0,0
523,-2.56945e-005,-0.00132254,-0.00843581,0,0,0
524,-0.00035462,-0.00130409,-0.0084905,0,0,0
525,-0.00018988,-0.00131586,-0.00848422,0,0,0
526,0.000478199,0.000407181,-0.00586528,0,0,0
527,0.00048583,0.000581988,-0.00600894,0,0,0
528,0.000493244,0.000759966,-0.00610557,0,0,0
529,-0.000656337,0.000362128,-0.00599387,0,0,0
530,-0.0006761,0.000541014,-0.006134,0,0,0
531,-0.00069459,0.000723199,-0.00622671,0,0,0
532,0.000281266,0.000413415,-0.00600515,0,0,0
533,-0.000455649,0.000383207,-0.00609215,0,0,0
534,0.000102613,0.000413962,-0.00604882,0,0,0
535,-0.000274438,0.000398847,-0.00609234,0,0,0
536,-8.5606e-005,0.00040913,-0.00611764,0,0,0
537,0.000284297,0.000588109,-0.00614515,0,0,0
538,0.000287208,0.000765995,-0.00624711,0,0,0
539,-0.000470909,0.000560683,-0.00622874,0,0,0
540,-0.000484899,0.000741462,-0.00632694,0,0,0
541,0.000100862,0.000588968,-0.0061852,0,0,0
542,-0.000285015,0.00057522,-0.00622707,0,0,0
543,-9.17654e-005,0.000584673,-0.00625494,0,0,0
544,9.96806e-005,0.000767137,-0.00628918,0,0,0
545,-0.000294989,0.000754818,-0.00632924,0,0,0
546,-9.73745e-005,0.000763343,-0.00635644,0,0,0
547,0.000236597,-0.00121805,-0.00837601,0,0,0
548,0.000240055,-0.00135661,-0.00857609,0,0,0
549,0.00024403,-0.00149998,-0.00875063,0,0,0
550,-0.000639713,-0.00115084,-0.00855874,0,0,0
551,-0.000663133,-0.00129325,-0.0087553,0,0,0
552,-0.000685967,-0.00144047,-0.00892604,0,0,0
553,9.60659e-005,-0.00121891,-0.00846907,0,0,0
554,-0.000495581,-0.00117396,-0.00859215,0,0,0
555,-5.29787e-005,-0.00121493,-0.00854585,0,0,0
556,-0.000344458,-0.00119244,-0.00860739,0,0,0
557,-0.000198334,-0.00120623,-0.00858614,0,0,0
558,9.50747e-005,-0.00135829,-0.0086708,0,0,0
559,9.46427e-005,-0.00150228,-0.00884617,0,0,0
560,-0.00051464,-0.00131595,-0.00879041,0,0,0
561,-0.000533045,-0.00146254,-0.00896206,0,0,0
562,-5.85337e-005,-0.00135509,-0.00874664,0,0,0
563,-0.000359068,-0.00133389,-0.00880648,0,0,0
564,-0.000208403,-0.00134687,-0.00878635,0,0,0
565,-6.35392e-005,-0.00149972,-0.00892053,0,0,0
566,-0.000372983,-0.0014798,-0.00897854,0,0,0
567,-0.000217891,-0.00149205,-0.00895992,0,0,0
568,0.00041983,0.000560481,-0.00643469,0,0,0
569,0.000426264,0.0007099,-0.00656779,0,0,0
570,0.000433333,0.00086393,-0.00670107,0,0,0
571,-0.000635376,0.000511066,-0.00657473,0,0,0
572,-0.000655449,0.00066437,-0.00670414,0,0,0
573,-0.000675091,0.00082222,-0.00683369,0,0,0
574,0.000254297,0.000564942,-0.00651422,0,0,0
575,-0.000465856,0.000531879,-0.00660891,0,0,0
576,7.13634e-005,0.000564273,-0.00660923,0,0,0
577,-0.000280712,0.000547723,-0.00665657,0,0,0
578,-0.000104226,0.00055855,-0.0066273,0,0,0
579,0.000256292,0.000715148,-0.00665138,0,0,0
580,0.000258975,0.000869947,-0.00678235,0,0,0
581,-0.000481597,0.000684696,-0.0067425,0,0,0
582,-0.000496851,0.000842045,-0.00686986,0,0,0
583,6.89142e-005,0.000715197,-0.00674757,0,0,0
584,-0.000292107,0.00069994,-0.00679318,0,0,0
585,-0.000111141,0.000710089,-0.00676371,0,0,0
586,6.69598e-005,0.000870741,-0.00687563,0,0,0
587,-0.000302796,0.000856738,-0.0069195,0,0,0
588,-0.000117499,0.000866284,-0.00689218,0,0,0
589,0.000191771,-0.00142014,-0.00883024,0,0,0
590,0.000194562,-0.00155296,-0.0090263,0,0,0
591,0.000197756,-0.00168935,-0.00923385,0,0,0
592,-0.000651513,-0.00134871,-0.00902304,0,0,0
593,-0.00067589,-0.0014853,-0.00921531,0,0,0
594,-0.000699572,-0.00162549,-0.00941933,0,0,0
595,4.91425e-005,-0.0014207,-0.00893013,0,0,0
596,-0.000505515,-0.00137296,-0.00905992,0,0,0
597,-8.69808e-005,-0.00141614,-0.00899977,0,0,0
598,-0.00036723,-0.00139226,-0.00906468,0,0,0
599,-0.000226799,-0.00140654,-0.0090478,0,0,0
600,4.73533e-005,-0.00155371,-0.00912649,0,0,0
601,4.60366e-005,-0.00169059,-0.00933456,0,0,0
602,-0.000525433,-0.00150849,-0.00925259,0,0,0
603,-0.000544627,-0.00164796,-0.00945717,0,0,0
604,-9.33697e-005,-0.00154952,-0.00919574,0,0,0
605,-0.000382618,-0.00152688,-0.00925881,0,0,0
606,-0.000237692,-0.00154067,-0.0092424,0,0,0
607,-9.91606e-005,-0.00168699,-0.00940359,0,0,0
608,-0.000397391,-0.00166562,-0.00946495,0,0,0
609,-0.000248021,-0.0016788,-0.00944889,0,0,0
610,0.000388171,0.000694897,-0.00692918,0,0,0
611,0.000394234,0.000851634,-0.0070706,0,0,0
612,0.000400426,0.00101178,-0.00722228,0,0,0
613,-0.000644677,0.000640858,-0.00708044,0,0,0
614,-0.000665909,0.000801519,-0.00721799,0,0,0
615,-0.000686206,0.00096568,-0.00736613,0,0,0
616,0.000209679,0.000699195,-0.00704989,0,0,0
617,-0.000462526,0.000663019,-0.00715204,0,0,0
618,4.62036e-005,0.000698102,-0.00710725,0,0,0
619,-0.000296644,0.000680003,-0.00715834,0,0,0
620,-0.000124901,0.000691582,-0.00716433,0,0,0
621,0.000211147,0.000855992,-0.0071898,0,0,0
622,0.000212805,0.00101627,-0.00734444,0,0,0
623,-0.000479263,0.000822475,-0.00728821,0,0,0
624,-0.000495034,0.000985491,-0.00743941,0,0,0
625,4.30189e-005,0.000855192,-0.007245,0,0,0
626,-0.000308818,0.000838399,-0.00729427,0,0,0
627,-0.000132578,0.000849342,-0.00730194,0,0,0
628,4.03708e-005,0.0010158,-0.0074004,0,0,0
629,-0.000320356,0.00100036,-0.007448,0,0,0
630,-0.000139706,0.00101059,-0.00745561,0,0,0
631,0.000135145,-0.00163387,-0.00925859,0,0,0
632,0.000137018,-0.00176291,-0.00948256,0,0,0
633,0.000139355,-0.00189706,-0.00968978,0,0,0
634,-0.000655615,-0.00155822,-0.00946087,0,0,0
635,-0.000680786,-0.00169102,-0.00968128,0,0,0
636,-0.00070531,-0.00182896,-0.0098848,0,0,0
637,7.04076e-006,-0.00163297,-0.00935278,0,0,0
638,-0.000524094,-0.0015824,-0.00948888,0,0,0
639,-0.000126111,-0.00162745,-0.00942583,0,0,0
640,-0.000388963,-0.00160215,-0.00949387,0,0,0
641,-0.000257174,-0.00161724,-0.00947148,0,0,0
642,4.39489e-006,-0.00176283,-0.00957815,0,0,0
643,2.25658e-006,-0.00189739,-0.00978698,0,0,0
644,-0.000544818,-0.00171481,-0.00971071,0,0,0
645,-0.000564827,-0.00185192,-0.00991588,0,0,0
646,-0.000133296,-0.00175806,-0.00964972,0,0,0
647,-0.000405276,-0.00173402,-0.00971603,0,0,0
648,-0.000268903,-0.00174829,-0.00969529,0,0,0
649,-0.000139939,-0.00189312,-0.0098571,0,0,0
650,-0.000420881,-0.00187034,-0.0099216,0,0,0
651,-0.000280048,-0.00188396,-0.0099024,0,0,0
652,0.000331158,0.000860139,-0.00743227,0,0,0
653,0.000336152,0.00100615,-0.00760597,0,0,0
654,0.000341722,0.00115682,-0.007752,0,0,0
655,-0.000632703,0.000801662,-0.00759419,0,0,0
656,-0.000654442,0.000951578,-0.00776437,0,0,0
657,-0.00067567,0.00110612,-0.00790653,0,0,0
658,0.000178342,0.00086277,-0.0075209,0,0,0
659,-0.000476099,0.000823653,-0.00763013,0,0,0
660,1.26499e-005,0.000860397,-0.00760446,0,0,0
661,-0.000308248,0.00084082,-0.00765907,0,0,0
662,-0.000147387,0.000853206,-0.0076361,0,0,0
663,0.000178898,0.00100962,-0.00769705,0,0,0
664,0.000180074,0.00116103,-0.00784268,0,0,0
665,-0.0004935,0.00097314,-0.00780284,0,0,0
666,-0.00051032,0.00112716,-0.00794472,0,0,0
667,8.67961e-006,0.00100804,-0.00778051,0,0,0
668,-0.000321229,0.000989768,-0.00783345,0,0,0
669,-0.000155854,0.00100137,-0.00781101,0,0,0
670,5.24479e-006,0.00116019,-0.00792421,0,0,0
671,-0.000333515,0.00114321,-0.00797531,0,0,0
672,-0.000163746,0.00115408,-0.00795458,0,0,0
673,8.44944e-005,-0.00186461,-0.00967917,0,0,0
674,8.55158e-005,-0.00198791,-0.00990837,0,0,0
675,8.69827e-005,-0.00211468,-0.0101407,0,0,0
676,-0.000669547,-0.00178487,-0.00989077,0,0,0
677,-0.000695536,-0.00191187,-0.0101163,0,0,0
678,-0.000720862,-0.00204234,-0.010345,0,0,0
679,-4.18534e-005,-0.00186344,-0.00977365,0,0,0
680,-0.000540007,-0.00181016,-0.00991594,0,0,0
681,-0.000164596,-0.0018572,-0.00984518,0,0,0
682,-0.000415217,-0.00183055,-0.00991633,0,0,0
683,-0.000289617,-0.00184618,-0.00989291,0,0,0
684,-4.52871e-005,-0.00198687,-0.0100033,0,0,0
685,-4.82034e-005,-0.00211434,-0.0102355,0,0,0
686,-0.000561683,-0.00193608,-0.0101419,0,0,0
687,-0.000582667,-0.00206606,-0.0103707,0,0,0
688,-0.000172716,-0.001981,-0.0100749,0,0,0
689,-0.000432257,-0.00195557,-0.0101442,0,0,0
690,-0.000302211,-0.00197075,-0.0101207,0,0,0
691,-0.000180214,-0.00210917,-0.0103071,0,0,0
692,-0.000448693,-0.00208498,-0.0103747,0,0,0
693,-0.000314234,-0.00209947,-0.0103514,0,0,0
694,0.000292925,0.00103138,-0.00791481,0,0,0
695,0.000297378,0.00117477,-0.0080791,0,0,0
696,0.000302147,0.00132171,-0.0082623,0,0,0
697,-0.000643217,0.000968532,-0.00808747,0,0,0
698,-0.000665991,0.00111575,-0.00824789,0,0,0
699,-0.000687999,0.00126658,-0.0084276,0,0,0
700,0.000132847,0.00103377,-0.00802286,0,0,0
701,-0.000479612,0.00099173,-0.00813925,0,0,0
702,-1.67707e-005,0.00103092,-0.00808821,0,0,0
703,-0.000327715,0.0010099,-0.00814642,0,0,0
704,-0.000171926,0.00102281,-0.00813885,0,0,0
705,0.000132696,0.00117732,-0.00818689,0,0,0
706,0.000132927,0.00132458,-0.00837154,0,0,0
707,-0.00049789,0.00113787,-0.00829953,0,0,0
708,-0.000515372,0.00128777,-0.00848076,0,0,0
709,-2.15181e-005,0.00117482,-0.00825114,0,0,0
710,-0.000341477,0.00115507,-0.0083075,0,0,0
711,-0.000181181,0.00116745,-0.00830096,0,0,0
712,-2.56945e-005,0.00132254,-0.00843581,0,0,0
713,-0.00035462,0.00130409,-0.0084905,0,0,0
714,-0.00018988,0.00131586,-0.00848422,0,0,0
715,2.66423e-005,-0.00210811,-0.0100762,0,0,0
716,2.69448e-005,-0.00222681,-0.010326,0,0,0
717,2.7665e-005,-0.00235108,-0.0105658,0,0,0
718,-0.000680402,-0.00202432,-0.0102967,0,0,0
719,-0.000707474,-0.00214666,-0.0105429,0,0,0
720,-0.000733844,-0.00227464,-0.010779,0,0,0
721,-8.88313e-005,-0.00210543,-0.0101694,0,0,0
722,-0.000561702,-0.00204944,-0.0103176,0,0,0
723,-0.000206891,-0.00209842,-0.0102405,0,0,0
724,-0.000441777,-0.0020704,-0.0103145,0,0,0
725,-0.000323991,-0.00208673,-0.0102894,0,0,0
726,-9.32746e-005,-0.00222501,-0.0104207,0,0,0
727,-9.72505e-005,-0.00234944,-0.0106626,0,0,0
728,-0.000584072,-0.00217149,-0.0105653,0,0,0
729,-0.000605679,-0.00229841,-0.0108035,0,0,0
730,-0.000215733,-0.00221874,-0.01049,0,0,0
731,-0.000459901,-0.00219195,-0.0105623,0,0,0
732,-0.000337441,-0.00220744,-0.0105393,0,0,0
733,-0.000224055,-0.0023435,-0.0107301,0,0,0
734,-0.000477287,-0.00231794,-0.0108006,0,0,0
735,-0.000350304,-0.00233292,-0.0107793,0,0,0
736,0.000236597,0.00121805,-0.00837601,0,0,0
737,0.000240055,0.00135661,-0.00857609,0,0,0
738,0.00024403,0.00149998,-0.00875063,0,0,0
739,-0.000639713,0.00115084,-0.00855874,0,0,0
740,-0.000663133,0.00129325,-0.0087553,0,0,0
741,-0.000685967,0.00144047,-0.00892604,0,0,0
742,9.60659e-005,0.00121891,-0.00846907,0,0,0
743,-0.000495581,0.00117396,-0.00859215,0,0,0
744,-5.29787e-005,0.00121493,-0.00854585,0,0,0
745,-0.000344458,0.00119244,-0.00860739,0,0,0
746,-0.000198334,0.00120623,-0.00858614,0,0,0
747,9.50747e-005,0.00135829,-0.0086708,0,0,0
748,9.46427e-005,0.00150228,-0.00884617,0,0,0
749,-0.00051464,0.00131595,-0.00879041,0,0,0
750,-0.000533045,0.00146254,-0.00896206,0,0,0
751,-5.85337e-005,0.00135509,-0.00874664,0,0,0
752,-0.000359068,0.00133389,-0.00880648,0,0,0
753,-0.000208403,0.00134687,-0.00878635,0,0,0
754,-6.35392e-005,0.00149972,-0.00892053,0,0,0
755,-0.000372983,0.0014798,-0.00897854,0,0,0
756,-0.000217891,0.00149205,-0.00895992,0,0,0
757,0.00563055,-0.252836,-1.79579,-0.000732182,-0.000910962,0.000851349
758,-0.0473194,-0.274819,-1.75795,-0.00064219,0.00350591,0.000558237
759,-0.0407028,-0.272582,-1.76993,-0.000651639,0.00280545,0.000600609
760,-0.000990312,-0.256051,-1.79785,-0.000719133,-0.000275966,0.000819091
761,-2.90241e-005,-0.00236753,-0.0104621,0,0,0
762,-2.9975e-005,-0.00248144,-0.0107237,0,0,0
763,-3.04478e-005,-0.00259856,-0.0109834,0,0,0
764,-0.000697326,-0.00227978,-0.010691,0,0,0
765,-0.000724848,-0.00239729,-0.0109491,0,0,0
766,-0.000751734,-0.002518,-0.0112051,0,0,0
767,-0.000140184,-0.00236476,-0.0105528,0,0,0
768,-0.00058317,-0.00230614,-0.0107066,0,0,0
769,-0.000249669,-0.0023569,-0.0106247,0,0,0
770,-0.000471755,-0.00232758,-0.0107016,0,0,0
771,-0.000360442,-0.00234454,-0.0106734,0,0,0
772,-0.000145225,-0.00247865,-0.0108147,0,0,0
773,-0.000149726,-0.00259671,-0.011074,0,0,0
774,-0.000606775,-0.00242245,-0.0109649,0,0,0
775,-0.00062971,-0.00254295,-0.0112207,0,0,0
776,-0.000259637,-0.0024711,-0.0108869,0,0,0
777,-0.00049045,-0.00244297,-0.010962,0,0,0
778,-0.000374804,-0.00245955,-0.0109333,0,0,0
779,-0.00026896,-0.00258999,-0.0111466,0,0,0
780,-0.000508563,-0.00256306,-0.0112199,0,0,0
781,-0.000388595,-0.00257879,-0.0111912,0,0,0
782,0.000191771,0.00142014,-0.00883024,0,0,0
783,0.000194562,0.00155296,-0.0090263,0,0,0
784,0.000197756,0.00168935,-0.00923385,0,0,0
785,-0.000651513,0.00134871,-0.00902304,0,0,0
786,-0.00067589,0.0014853,-0.00921531,0,0,0
787,-0.000699572,0.00162549,-0.00941933,0,0,0
788,4.91425e-005,0.0014207,-0.00893013,0,0,0
789,-0.000505515,0.00137296,-0.00905992,0,0,0
790,-8.69808e-005,0.00141614,-0.00899977,0,0,0
791,-0.00036723,0.00139226,-0.00906468,0,0,0
792,-0.000226799,0.00140654,-0.0090478,0,0,0
793,4.73533e-005,0.00155371,-0.00912649,0,0,0
794,4.60366e-005,0.00169059,-0.00933456,0,0,0
795,-0.000525433,0.00150849,-0.00925259,0,0,0
796,-0.000544627,0.00164796,-0.00945717,0,0,0
797,-9.33697e-005,0.00154952,-0.00919574,0,0,0
798,-0.000382618,0.00152688,-0.00925881,0,0,0
799,-0.000237692,0.00154067,-0.0092424,0,0,0
800,-9.91606e-005,0.00168699,-0.00940359,0,0,0
801,-0.000397391,0.00166562,-0.00946495,0,0,0
802,-0.000248021,0.0016788,-0.00944889,0,0,0
803,0.0122514,-0.249497,-1.79106,-0.000745231,-0.00157137,0.000882937
804,-0.053936,-0.27689,-1.74308,-0.000632741,0.00421983,0.000514296
805,-0.0340862,-0.270186,-1.77913,-0.000661088,0.00215304,0.00064141
806,-0.00761118,-0.259142,-1.7974,-0.000706084,0.000299032,0.000786163
807,-8.88569e-005,-0.00264209,-0.010827,0,0,0
808,-8.99948e-005,-0.00275019,-0.0111054,0,0,0
809,-9.07688e-005,-0.0028645,-0.011377,0,0,0
810,-0.000714216,-0.00255046,-0.011064,0,0,0
811,-0.000743464,-0.00266207,-0.0113389,0,0,0
812,-0.000771954,-0.00277998,-0.011607,0,0,0
813,-0.000191599,-0.00263761,-0.0109178,0,0,0
814,-0.000608449,-0.00257639,-0.011077,0,0,0
815,-0.000295334,-0.00262912,-0.0109878,0,0,0
816,-0.000502969,-0.00259849,-0.0110674,0,0,0
817,-0.000398828,-0.00261597,-0.0110386,0,0,0
818,-0.000198055,-0.00274673,-0.0111979,0,0,0
819,-0.000204071,-0.00286089,-0.0114718,0,0,0
820,-0.000632375,-0.0026879,-0.0113535,0,0,0
821,-0.000655508,-0.00280446,-0.0116238,0,0,0
822,-0.000305839,-0.00273903,-0.011266,0,0,0
823,-0.000523045,-0.00270959,-0.0113438,0,0,0
824,-0.000414065,-0.00272619,-0.0113176,0,0,0
825,-0.000315842,-0.00285336,-0.0115378,0,0,0
826,-0.000542358,-0.00282511,-0.0116138,0,0,0
827,-0.00042871,-0.00284145,-0.0115895,0,0,0
828,0.000135145,0.00163387,-0.00925859,0,0,0
829,0.000137018,0.00176291,-0.00948256,0,0,0
830,0.000139355,0.00189706,-0.00968978,0,0,0
831,-0.000655615,0.00155822,-0.00946087,0,0,0
832,-0.000680786,0.00169102,-0.00968128,0,0,0
833,-0.00070531,0.00182896,-0.0098848,0,0,0
834,7.04076e-006,0.00163297,-0.00935278,0,0,0
835,-0.000524094,0.0015824,-0.00948888,0,0,0
836,-0.000126111,0.00162745,-0.00942583,0,0,0
837,-0.000388963,0.00160215,-0.00949387,0,0,0
838,-0.000257174,0.00161724,-0.00947148,0,0,0
839,4.39489e-006,0.00176283,-0.00957815,0,0,0
840,2.25658e-006,0.00189739,-0.00978698,0,0,0
841,-0.000544818,0.00171481,-0.00971071,0,0,0
842,-0.000564827,0.00185192,-0.00991588,0,0,0
843,-0.000133296,0.00175806,-0.00964972,0,0,0
844,-0.000405276,0.00173402,-0.00971603,0,0,0
845,-0.000268903,0.00174829,-0.00969529,0,0,0
846,-0.000139939,0.00189312,-0.0098571,0,0,0
847,-0.000420881,0.00187034,-0.0099216,0,0,0
848,-0.000280048,0.00188396,-0.0099024,0,0,0
849,0.0188723,-0.246038,-1.78362,-0.000758281,-0.00222262,0.000913856
850,-0.0395982,-0.22436,-1.25641,0.000538621,0.00243948,0.000655219
851,-0.0605527,-0.278788,-1.72531,-0.000623292,0.00491263,0.000468784
852,-0.0274695,-0.267635,-1.7858,-0.000670536,0.00158326,0.00068064
853,-0.014232,-0.262105,-1.79475,-0.000693034,0.000779448,0.000752567
854,-0.05642,-0.231321,-1.22195,0.000635348,0.00344959,0.000544695
855,-0.0452088,-0.226814,-1.2457,0.000567715,0.00279389,0.000621046
856,-0.0620205,-0.233341,-1.2081,0.000673887,0.00400201,0.000500855
857,-0.000148858,-0.00293121,-0.011178,0,0,0
858,-0.000152145,-0.0030355,-0.0114715,0,0,0
859,-0.000154905,-0.00314258,-0.0117608,0,0,0
860,-0.000734823,-0.00283576,-0.0114227,0,0,0
861,-0.00076364,-0.00294354,-0.0117126,0,0,0
862,-0.000791876,-0.00305406,-0.0119983,0,0,0
863,-0.000245825,-0.00292697,-0.0112657,0,0,0
864,-0.000635066,-0.00286323,-0.01143,0,0,0
865,-0.00034223,-0.00291759,-0.011337,0,0,0
866,-0.000536861,-0.00288571,-0.0114191,0,0,0
867,-0.000439297,-0.00290401,-0.0113872,0,0,0
868,-0.000252344,-0.00303099,-0.0115594,0,0,0
869,-0.000258329,-0.0031393,-0.0118485,0,0,0
870,-0.000660882,-0.00296958,-0.0117202,0,0,0
871,-0.000686031,-0.00308025,-0.0120057,0,0,0
872,-0.000354185,-0.00302178,-0.011631,0,0,0
873,-0.000557194,-0.00299104,-0.0117113,0,0,0
874,-0.000455499,-0.00300901,-0.0116788,0,0,0
875,-0.000365526,-0.003131,-0.0119207,0,0,0
876,-0.000576935,-0.00310142,-0.0119992,0,0,0
877,-0.000471142,-0.00311826,-0.0119666,0,0,0
878,8.44944e-005,0.00186461,-0.00967917,0,0,0
879,8.55158e-005,0.00198791,-0.00990837,0,0,0
880,8.69827e-005,0.00211468,-0.0101407,0,0,0
881,-0.000669547,0.00178487,-0.00989077,0,0,0
882,-0.000695536,0.00191187,-0.0101163,0,0,0
883,-0.000720862,0.00204234,-0.010345,0,0,0
884,-4.18534e-005,0.00186344,-0.00977365,0,0,0
885,-0.000540007,0.00181016,-0.00991594,0,0,0
886,-0.000164596,0.0018572,-0.00984518,0,0,0
887,-0.000415217,0.00183055,-0.00991633,0,0,0
888,-0.000289617,0.00184618,-0.00989291,0,0,0
889,-4.52871e-005,0.00198687,-0.0100033,0,0,0
890,-4.82034e-005,0.00211434,-0.0102355,0,0,0
891,-0.000561683,0.00193608,-0.0101419,0,0,0
892,-0.000582667,0.00206606,-0.0103707,0,0,0
893,-0.000172716,0.001981,-0.0100749,0,0,0
894,-0.000432257,0.00195557,-0.0101442,0,0,0
895,-0.000302211,0.00197075,-0.0101207,0,0,0
896,-0.000180214,0.00210917,-0.0103071,0,0,0
897,-0.000448693,0.00208498,-0.0103747,0,0,0
898,-0.000314234,0.00209947,-0.0103514,0,0,0
899,0.127693,-0.073264,-0.627166,-0.000980832,-0.0120742,0.00107072
900,0.133741,-0.0773868,-0.674488,-0.000990684,-0.012114,0.00107435
901,0.145918,-0.128695,-1.20538,-0.00101966,-0.0105561,0.00115915
902,0.141899,-0.13317,-1.24532,-0.00101464,-0.00998977,0.0011656
903,0.0935248,-0.187774,-1.5774,-0.000922253,-0.00522335,0.00117374
904,0.089481,-0.192282,-1.59659,-0.000911877,-0.00476426,0.00116775
905,0.0254932,-0.242462,-1.77359,-0.00077133,-0.00283012,0.000944106
906,0.0168581,-0.230491,-1.76644,-0.000741907,-0.00326892,0.00100806
907,-0.0339876,-0.221774,-1.26538,0.000509526,0.00197677,0.000689412
908,-0.119103,-0.28279,-1.36606,-0.000462299,0.00806555,-0.000399257
909,-0.0671693,-0.280509,-1.70482,-0.000613844,0.00554974,0.000421701
910,-0.117355,-0.284188,-1.39656,-0.000475849,0.00769496,-0.000327466
911,-0.0342921,-0.274336,-1.69088,-0.000617318,0.00579086,0.000411452
912,-0.0208529,-0.264937,-1.79032,-0.000679985,0.0011307,0.000718301
913,0.0109992,-0.232353,-1.77695,-0.000726996,-0.00273014,0.000985737
914,-0.024586,-0.271638,-1.71045,-0.00062379,0.00521494,0.000456398
915,-0.0508194,-0.229137,-1.23372,0.00059681,0.00300543,0.000586893
916,-0.0676211,-0.235188,-1.19179,0.000712425,0.00462813,0.000455373
917,-0.000211302,-0.0032377,-0.0115095,0,0,0
918,-0.000213543,-0.00333507,-0.0118188,0,0,0
919,-0.000215524,-0.00343947,-0.0121226,0,0,0
920,-0.000757092,-0.00313856,-0.0117614,0,0,0
921,-0.000789017,-0.00323926,-0.0120673,0,0,0
922,-0.000820086,-0.00334713,-0.0123675,0,0,0
923,-0.000301254,-0.00323137,-0.0115971,0,0,0
924,-0.000664338,-0.00316514,-0.0117662,0,0,0
925,-0.000391398,-0.00322137,-0.0116666,0,0,0
926,-0.000572569,-0.00318824,-0.0117512,0,0,0
927,-0.000481683,-0.00320671,-0.0117187,0,0,0
928,-0.000310076,-0.00333001,-0.0119081,0,0,0
929,-0.000318441,-0.00343389,-0.0122136,0,0,0
930,-0.000689601,-0.00326607,-0.0120736,0,0,0
931,-0.000714087,-0.00337224,-0.0123755,0,0,0
932,-0.000403579,-0.00332097,-0.0119759,0,0,0
933,-0.000594754,-0.00328897,-0.0120586,0,0,0
934,-0.000498778,-0.00330659,-0.0120284,0,0,0
935,-0.000415155,-0.00342492,-0.0122795,0,0,0
936,-0.000616264,-0.00339407,-0.0123605,0,0,0
937,-0.000515269,-0.00341185,-0.0123322,0,0,0
938,2.66423e-005,0.00210811,-0.0100762,0,0,0
939,2.69448e-005,0.00222681,-0.010326,0,0,0
940,2.7665e-005,0.00235108,-0.0105658,0,0,0
941,-0.000680402,0.00202432,-0.0102967,0,0,0
942,-0.000707474,0.00214666,-0.0105429,0,0,0
943,-0.000733844,0.00227464,-0.010779,0,0,0
944,-8.88313e-005,0.00210543,-0.0101694,0,0,0
945,-0.000561702,0.00204944,-0.0103176,0,0,0
946,-0.000206891,0.00209842,-0.0102405,0,0,0
947,-0.000441777,0.0020704,-0.0103145,0,0,0
948,-0.000323991,0.00208673,-0.0102894,0,0,0
949,-9.32746e-005,0.00222501,-0.0104207,0,0,0
950,-9.72505e-005,0.00234944,-0.0106626,0,0,0
951,-0.000584072,0.00217149,-0.0105653,0,0,0
952,-0.000605679,0.00229841,-0.0108035,0,0,0
953,-0.000215733,0.00221874,-0.01049,0,0,0
954,-0.000459901,0.00219195,-0.0105623,0,0,0
955,-0.000337441,0.00220744,-0.0105393,0,0,0
956,-0.000224055,0.0023435,-0.0107301,0,0,0
957,-0.000477287,0.00231794,-0.0108006,0,0,0
958,-0.000350304,0.00233292,-0.0107793,0,0,0
959,0.121645,-0.0691543,-0.580151,-0.00097098,-0.0118614,0.00106754
960,0.139789,-0.0815244,-0.721517,-0.00100054,-0.0120154,0.00107842
961,0.149937,-0.124247,-1.16328,-0.00102468,-0.0110231,0.00115198
962,0.137881,-0.137667,-1.28277,-0.00100962,-0.0093586,0.00117134
963,0.0975686,-0.183245,-1.55628,-0.000932628,-0.00566689,0.00117876
964,0.0854373,-0.196765,-1.61388,-0.000901502,-0.00432421,0.0011608
965,0.032114,-0.23877,-1.76119,-0.000784379,-0.00335929,0.000973687
966,0.0237862,-0.228587,-1.75415,-0.000757686,-0.00372149,0.00102893
967,-0.028377,-0.219057,-1.27224,0.000480432,0.00144035,0.000723625
968,-0.120851,-0.281116,-1.33406,-0.000448749,0.00838175,-0.000470908
969,-0.0737859,-0.282045,-1.68186,-0.000604395,0.00609657,0.000373049
970,-0.115608,-0.28531,-1.42542,-0.000489399,0.00730459,-0.000255534
971,-0.0451371,-0.276867,-1.6694,-0.000609829,0.00627589,0.000364814
972,-0.0169063,-0.262386,-1.79026,-0.000677861,0.00103728,0.00072289
973,0.00635148,-0.234168,-1.78543,-0.000712955,-0.00213577,0.000961968
974,-0.01617,-0.268782,-1.72787,-0.000629248,0.00457875,0.00049965
975,-0.0402364,-0.23136,-1.23366,0.00059315,0.00278823,0.000601494
976,-0.0732217,-0.236857,-1.17282,0.000750964,0.00529335,0.000408251
977,-0.000274948,-0.00355779,-0.0118253,0,0,0
978,-0.000281214,-0.00365218,-0.0121507,0,0,0
979,-0.000286823,-0.00374878,-0.0124709,0,0,0
980,-0.000782035,-0.00345497,-0.012084,0,0,0
981,-0.000811633,-0.0035527,-0.0124058,0,0,0
982,-0.000840796,-0.00365256,-0.0127225,0,0,0
983,-0.000358764,-0.00355226,-0.0119105,0,0,0
984,-0.000695639,-0.00348361,-0.012084,0,0,0
985,-0.00044229,-0.00354154,-0.0119803,0,0,0
986,-0.000610467,-0.00350721,-0.0120671,0,0,0
987,-0.000526149,-0.00352693,-0.0120319,0,0,0
988,-0.000366457,-0.00364598,-0.0122366,0,0,0
989,-0.000373716,-0.00374413,-0.0125578,0,0,0
990,-0.000724138,-0.00357955,-0.0124066,0,0,0
991,-0.000751897,-0.00367996,-0.0127243,0,0,0
992,-0.000456339,-0.00363512,-0.0123064,0,0,0
993,-0.000632452,-0.00360187,-0.0123914,0,0,0
994,-0.000544268,-0.00362124,-0.0123567,0,0,0
995,-0.000470066,-0.00373414,-0.0126274,0,0,0
996,-0.000653604,-0.00370199,-0.0127105,0,0,0
997,-0.00056186,-0.00371972,-0.0126756,0,0,0
998,-2.90241e-005,0.00236753,-0.0104621,0,0,0
999,-2.9975e-005,0.00248144,-0.0107237,0,0,0
1000,-3.04478e-005,0.00259856,-0.0109834,0,0,0
1001,-0.000697326,0.00227978,-0.010691,0,0,0
1002,-0.000724848,0.00239729,-0.0109491,0,0,0
1003,-0.000751734,0.002518,-0.0112051,0,0,0
1004,-0.000140184,0.00236476,-0.0105528,0,0,0
1005,-0.00058317,0.00230614,-0.0107066,0,0,0
1006,-0.000249669,0.0023569,-0.0106247,0,0,0
1007,-0.000471755,0.00232758,-0.0107016,0,0,0
1008,-0.000360442,0.00234454,-0.0106734,0,0,0
1009,-0.000145225,0.00247865,-0.0108147,0,0,0
1010,-0.000149726,0.00259671,-0.011074,0,0,0
1011,-0.000606775,0.00242245,-0.0109649,0,0,0
1012,-0.00062971,0.00254295,-0.0112207,0,0,0
1013,-0.000259637,0.0024711,-0.0108869,0,0,0
1014,-0.00049045,0.00244297,-0.010962,0,0,0
1015,-0.000374804,0.00245955,-0.0109333,0,0,0
1016,-0.00026896,0.00258999,-0.0111466,0,0,0
1017,-0.000508563,0.00256306,-0.0112199,0,0,0
1018,-0.000388595,0.00257879,-0.0111912,0,0,0
1019,0.0670164,-0.0324456,-0.283352,-0.000916259,-0.00653578,0.00106011
1020,0.115597,-0.0650559,-0.534175,-0.000961128,-0.011441,0.00106481
1021,0.145837,-0.0856786,-0.767789,-0.00101039,-0.011813,0.00108294
1022,0.153955,-0.119828,-1.11946,-0.00102971,-0.0113561,0.00114411
1023,0.133862,-0.142186,-1.31756,-0.00100459,-0.0086972,0.00117638
1024,0.101612,-0.178699,-1.53338,-0.000943004,-0.0060603,0.00118282
1025,0.0813935,-0.20122,-1.62941,-0.000891127,-0.00393777,0.00115288
1026,0.0387349,-0.234966,-1.7468,-0.000797428,-0.00377555,0.0010026
1027,0.0315807,-0.226648,-1.7404,-0.000774335,-0.00405726,0.00104835
1028,-0.0227664,-0.216208,-1.27679,0.000451337,0.000864801,0.000757859
1029,-0.000713669,-0.220367,-1.28058,0.000458218,0.000250267,0.00090702
1030,-0.0574793,-0.0711892,-0.179838,-0.00108483,0.00390718,-0.00213162
1031,-0.122598,-0.279166,-1.30084,-0.000435198,0.00860899,-0.000542418
1032,-0.0804025,-0.283392,-1.65687,-0.000594946,0.00651853,0.000322826
1033,-0.11386,-0.286155,-1.45263,-0.00050295,0.00692899,-0.000183462
1034,-0.0569087,-0.279224,-1.64637,-0.000601325,0.00663941,0.000316483
1035,-0.0132681,-0.259845,-1.7902,-0.00067488,0.000966214,0.00072748
1036,0.00299543,-0.235929,-1.79175,-0.000699783,-0.00151644,0.00093675
1037,-0.00913407,-0.265774,-1.74298,-0.000633689,0.00391289,0.00054121
1038,-0.0303687,-0.233572,-1.23359,0.00059107,0.00262394,0.000616094
1039,4.40954e-005,-0.224303,-1.27865,0.000483361,0.00080247,0.000883321
1040,-0.00725024,-0.251533,-1.15037,0.000732634,0.00550119,0.000508911
1041,-0.0788222,-0.238342,-1.15111,0.000789503,0.0059631,0.000359487
1042,-0.0167795,-0.251681,-1.12962,0.000762313,0.00612656,0.000460557
1043,-0.000340719,-0.00389717,-0.0121224,0,0,0
1044,-0.000343372,-0.00398361,-0.0124648,0,0,0
1045,-0.000346036,-0.00407806,-0.0128021,0,0,0
1046,-0.000808864,-0.00379084,-0.0123873,0,0,0
1047,-0.000844345,-0.00388042,-0.0127263,0,0,0
1048,-0.000878713,-0.00397818,-0.0130602,0,0,0
1049,-0.000417661,-0.00388889,-0.0122066,0,0,0
1050,-0.000729378,-0.00381786,-0.0123843,0,0,0
1051,-0.000494949,-0.00387725,-0.0122759,0,0,0
1052,-0.000650573,-0.00384171,-0.0123648,0,0,0
1053,-0.000572491,-0.00386093,-0.0123292,0,0,0
1054,-0.000429431,-0.00397703,-0.0125495,0,0,0
1055,-0.000440595,-0.00407056,-0.0128866,0,0,0
1056,-0.000755528,-0.00390817,-0.0127236,0,0,0
1057,-0.000781057,-0.00400388,-0.0130572,0,0,0
1058,-0.00050892,-0.00396671,-0.0126176,0,0,0
1059,-0.000674948,-0.00393225,-0.0127046,0,0,0
1060,-0.000591521,-0.00395078,-0.0126689,0,0,0
1061,-0.000521711,-0.00406043,-0.012955,0,0,0
1062,-0.000699192,-0.00402707,-0.0130403,0,0,0
1063,-0.000609918,-0.00404649,-0.0130066,0,0,0
1064,-0.136425,-0.253713,-1.03046,-0.000438208,0.00989198,-0.00111441
1065,-0.101899,-0.13615,-0.349522,-0.000912402,0.0079399,-0.00206236
1066,-8.88569e-005,0.00264209,-0.010827,0,0,0
1067,-8.99948e-005,0.00275019,-0.0111054,0,0,0
1068,-9.07688e-005,0.0028645,-0.011377,0,0,0
1069,-0.000714216,0.00255046,-0.011064,0,0,0
1070,-0.000743464,0.00266207,-0.0113389,0,0,0
1071,-0.000771954,0.00277998,-0.011607,0,0,0
1072,-0.000191599,0.00263761,-0.0109178,0,0,0
1073,-0.000608449,0.00257639,-0.011077,0,0,0
1074,-0.000295334,0.00262912,-0.0109878,0,0,0
1075,-0.000502969,0.00259849,-0.0110674,0,0,0
1076,-0.000398828,0.00261597,-0.0110386,0,0,0
1077,-0.000198055,0.00274673,-0.0111979,0,0,0
1078,-0.000204071,0.00286089,-0.0114718,0,0,0
1079,-0.000632375,0.0026879,-0.0113535,0,0,0
1080,-0.000655508,0.00280446,-0.0116238,0,0,0
1081,-0.000305839,0.00273903,-0.011266,0,0,0
1082,-0.000523045,0.00270959,-0.0113438,0,0,0
1083,-0.000414065,0.00272619,-0.0113176,0,0,0
1084,-0.000315842,0.00285336,-0.0115378,0,0,0
1085,-0.000542358,0.00282511,-0.0116138,0,0,0
1086,-0.00042871,0.00284145,-0.0115895,0,0,0
1087,0.0609193,-0.0283675,-0.258221,-0.000914894,-0.00680241,0.00106052
1088,0.0731135,-0.0365222,-0.307504,-0.000917624,-0.00638685,0.00105968
1089,0.109549,-0.0609672,-0.490102,-0.000951276,-0.0107784,0.00106252
1090,0.109547,-0.0799692,-0.785631,-0.000992651,-0.0107763,0.0010575
1091,0.124955,-0.0855009,-0.82487,-0.0010057,-0.0106641,0.00106743
1092,0.151886,-0.089851,-0.81297,-0.00102024,-0.0115413,0.00108791
1093,0.114147,-0.107485,-1.0622,-0.00103245,-0.0112555,0.00113856
1094,0.157974,-0.11544,-1.0745,-0.00103473,-0.0115205,0.00113552
1095,0.0955765,-0.109241,-1.10261,-0.00102742,-0.0110554,0.00114832
1096,0.129843,-0.146722,-1.34964,-0.000999572,-0.00804015,0.0011807
1097,0.105656,-0.174139,-1.50895,-0.000953379,-0.00636899,0.00118591
1098,0.0500816,-0.196323,-1.63554,-0.000910166,-0.00331201,0.00117439
1099,0.0539399,-0.202032,-1.6471,-0.00089648,-0.00314519,0.00116109
1100,0.0773497,-0.205642,-1.64343,-0.000880751,-0.00363953,0.00114399
1101,0.0453558,-0.231052,-1.73091,-0.000810477,-0.00404431,0.00103084
1102,0.0399773,-0.224681,-1.72565,-0.000791854,-0.00424558,0.00106632
1103,-0.0171557,-0.213227,-1.27893,0.000422243,0.000284706,0.000792112
1104,-0.000305642,-0.216407,-1.28055,0.000432007,-0.000285344,0.000928937
1105,-0.0519193,-0.0629838,-0.165185,-0.00108955,0.00404976,-0.00213388
1106,-0.0963544,-0.128171,-0.31895,-0.000950788,0.00753066,-0.00207994
1107,-0.0630393,-0.0793849,-0.194037,-0.00108011,0.00390731,-0.00212887
1108,-0.124346,-0.276942,-1.2668,-0.000421648,0.00871268,-0.000613789
1109,-0.134716,-0.257857,-1.06752,-0.000423905,0.00935519,-0.00104176
1110,-0.073831,-0.282817,-1.4635,-0.000452889,0.00614984,-0.000103444
1111,-0.0870192,-0.284542,-1.63038,-0.000585497,0.00678105,0.000271032
1112,-0.112112,-0.286723,-1.4783,-0.0005165,0.00660277,-0.000111249
1113,-0.0693331,-0.281399,-1.62224,-0.000591805,0.00685081,0.000266459
1114,-0.0822827,-0.28399,-1.4853,-0.000477331,0.00597348,-4.83198e-005
1115,-0.00985452,-0.257317,-1.79013,-0.000671042,0.000917512,0.00073207
1116,0.000950374,-0.237628,-1.79588,-0.00068748,-0.000902753,0.000910084
1117,-0.00350683,-0.262623,-1.75574,-0.000637115,0.003248,0.000581077
1118,-0.0210179,-0.235779,-1.23352,0.00059057,0.00251258,0.000630694
1119,0.00197022,-0.228207,-1.27478,0.000507434,0.00134065,0.000857839
1120,0.000946958,-0.251174,-1.16889,0.000705678,0.00487243,0.000552725
1121,-0.0844228,-0.239636,-1.1267,0.000828041,0.00660279,0.000309081
1122,-0.0276036,-0.251598,-1.1067,0.000794717,0.00671795,0.000407663
1123,-0.000406998,-0.00424947,-0.0124025,0,0,0
1124,-0.000417361,-0.0043337,-0.0127599,0,0,0
1125,-0.000426656,-0.00441948,-0.0131114,0,0,0
1126,-0.000839059,-0.00413961,-0.0126731,0,0,0
1127,-0.000868446,-0.004227,-0.0130271,0,0,0
1128,-0.000897837,-0.00431584,-0.013375,0,0,0
1129,-0.000479011,-0.00424283,-0.0124848,0,0,0
1130,-0.000764661,-0.00416951,-0.0126663,0,0,0
1131,-0.000549849,-0.00423112,-0.0125524,0,0,0
1132,-0.000692377,-0.00419446,-0.0126431,0,0,0
1133,-0.000620895,-0.00421577,-0.0126042,0,0,0
1134,-0.000487307,-0.00432583,-0.0128451,0,0,0
1135,-0.000495486,-0.00441347,-0.0132006,0,0,0
1136,-0.000796611,-0.00425458,-0.0130232,0,0,0
1137,-0.000827547,-0.00434435,-0.0133751,0,0,0
1138,-0.000565911,-0.00431337,-0.0129122,0,0,0
1139,-0.000716207,-0.00427772,-0.0130012,0,0,0
1140,-0.000641011,-0.00429848,-0.012967,0,0,0
1141,-0.000582783,-0.00440154,-0.0132634,0,0,0
1142,-0.000738177,-0.0043669,-0.0133504,0,0,0
1143,-0.000660676,-0.00438516,-0.0133162,0,0,0
1144,-0.138134,-0.249289,-0.991209,-0.00045251,0.0104031,-0.00118758
1145,-0.107445,-0.144056,-0.381217,-0.000874017,0.00820793,-0.00204229
1146,-0.000148858,0.00293121,-0.011178,0,0,0
1147,-0.000152145,0.0030355,-0.0114715,0,0,0
1148,-0.000154905,0.00314258,-0.0117608,0,0,0
1149,-0.000734823,0.00283576,-0.0114227,0,0,0
1150,-0.00076364,0.00294354,-0.0117126,0,0,0
1151,-0.000791876,0.00305406,-0.0119983,0,0,0
1152,-0.000245825,0.00292697,-0.0112657,0,0,0
1153,-0.000635066,0.00286323,-0.01143,0,0,0
1154,-0.00034223,0.00291759,-0.011337,0,0,0
1155,-0.000536861,0.00288571,-0.0114191,0,0,0
1156,-0.000439297,0.00290401,-0.0113872,0,0,0
1157,-0.000252344,0.00303099,-0.0115594,0,0,0
1158,-0.000258329,0.0031393,-0.0118485,0,0,0
1159,-0.000660882,0.00296958,-0.0117202,0,0,0
1160,-0.000686031,0.00308025,-0.0120057,0,0,0
1161,-0.000354185,0.00302178,-0.011631,0,0,0
1162,-0.000557194,0.00299104,-0.0117113,0,0,0
1163,-0.000455499,0.00300901,-0.0116788,0,0,0
1164,-0.000365526,0.003131,-0.0119207,0,0,0
1165,-0.000576935,0.00310142,-0.0119992,0,0,0
1166,-0.000471142,0.00311826,-0.0119666,0,0,0
1167,0.0548223,-0.0242877,-0.231726,-0.000913528,-0.00715215,0.00106092
1168,0.0792105,-0.0405971,-0.331197,-0.00091899,-0.00639019,0.00105925
1169,0.103501,-0.0568864,-0.448931,-0.000941424,-0.00983914,0.00106068
1170,0.0938329,-0.0744936,-0.745874,-0.00098043,-0.0108922,0.00104895
1171,0.0437628,-0.0222674,-0.207051,-0.000643944,-0.00609913,0.00070284
1172,0.0995982,-0.0579692,-0.528921,-0.000532817,-0.00976336,0.000867836
1173,0.140094,-0.0910949,-0.863656,-0.00101957,-0.0105864,0.00107874
1174,0.157934,-0.0940433,-0.856861,-0.00103009,-0.011235,0.00109332
1175,0.133015,-0.105774,-1.02128,-0.00103785,-0.0112761,0.00112816
1176,0.161993,-0.111087,-1.02913,-0.00103975,-0.0114818,0.00112622
1177,0.104229,-0.0613396,-0.567107,-0.000517767,-0.00972676,0.00088755
1178,0.106713,-0.107305,-0.980967,-0.000287833,-0.00790875,0.00104938
1179,0.0776332,-0.111037,-1.14197,-0.00102277,-0.0107066,0.00115746
1180,0.125825,-0.151274,-1.37908,-0.00099455,-0.00742204,0.00118431
1181,0.1097,-0.169568,-1.48338,-0.000963754,-0.00655838,0.00118804
1182,0.0457002,-0.190546,-1.6231,-0.000922886,-0.00359032,0.00118607
1183,0.102496,-0.111348,-1.01067,-0.000264561,-0.00733525,0.0010529
1184,0.051775,-0.1605,-1.21899,3.36157e-005,-0.00238758,0.0010582
1185,0.0575288,-0.207665,-1.65821,-0.000881828,-0.00312047,0.00114619
1186,0.0733059,-0.210028,-1.65637,-0.000870376,-0.00346406,0.00113414
1187,0.0519766,-0.227031,-1.71415,-0.000823527,-0.00413099,0.00105841
1188,0.0486504,-0.222692,-1.71042,-0.000810242,-0.00425586,0.00108285
1189,0.0475383,-0.164565,-1.2272,6.00394e-005,-0.00192147,0.00105505
1190,-0.0115451,-0.210115,-1.27872,0.000393148,-0.000265353,0.000826386
1191,0.00120438,-0.212429,-1.27868,0.000404725,-0.00077375,0.000949072
1192,-0.0463594,-0.0547707,-0.149597,-0.00109427,0.00430049,-0.00213566
1193,-0.0908093,-0.12013,-0.290112,-0.000989174,0.00694562,-0.00209504
1194,-0.0685992,-0.0875692,-0.208399,-0.00107539,0.00408475,-0.00212565
1195,-0.0318236,-0.0196654,-0.00195681,0.00103094,-0.0011272,-0.000680067
1196,-0.126094,-0.274444,-1.23248,-0.000408098,0.00865825,-0.000685018
1197,-0.133007,-0.261723,-1.10235,-0.000409602,0.00882732,-0.00096966
1198,-0.0648626,-0.281506,-1.44083,-0.000429529,0.00641213,-0.000160373
1199,-0.119459,-0.226836,-0.704129,0.00146255,0.00869327,-0.00106753
1200,-0.0936358,-0.28549,-1.60307,-0.000576048,0.00684954,0.000217669
1201,-0.110364,-0.287012,-1.50271,-0.00053005,0.00636049,-3.88964e-005
1202,-0.0820756,-0.283384,-1.59758,-0.000581269,0.00687947,0.000214743
1203,-0.0904203,-0.285031,-1.50658,-0.000502855,0.00591366,5.00089e-006
1204,-0.00658161,-0.254805,-1.79005,-0.000666348,0.000891172,0.000736659
1205,0.000174408,-0.23926,-1.79789,-0.000676047,-0.000325328,0.000881968
1206,0.000744216,-0.259335,-1.7662,-0.000639525,0.00261467,0.000619251
1207,-0.0119854,-0.237987,-1.23344,0.000591649,0.00245414,0.000645295
1208,0.00500602,-0.232069,-1.26904,0.000530438,0.00183418,0.000830575
1209,0.00783591,-0.250626,-1.18523,0.000681447,0.00427092,0.000591999
1210,-0.0900234,-0.240734,-1.09978,0.00086658,0.00717784,0.000257035
1211,-0.120054,-0.230705,-0.737323,0.00141044,0.00842885,-0.000936417
1212,-0.0396237,-0.251263,-1.08179,0.000829844,0.00724472,0.000350229
1213,-0.00047727,-0.00462288,-0.012664,0,0,0
1214,-0.000479039,-0.00469815,-0.0130417,0,0,0
1215,-0.000481597,-0.00478241,-0.0134153,0,0,0
1216,-0.000869063,-0.0045097,-0.0129398,0,0,0
1217,-0.000909614,-0.00458789,-0.0133142,0,0,0
1218,-0.000948305,-0.00467527,-0.0136844,0,0,0
1219,-0.000540511,-0.00461259,-0.012745,0,0,0
1220,-0.000803596,-0.00453699,-0.01293,0,0,0
1221,-0.000605678,-0.00459901,-0.0128144,0,0,0
1222,-0.000736976,-0.00456118,-0.012907,0,0,0
1223,-0.000671101,-0.00458085,-0.0128705,0,0,0
1224,-0.000556138,-0.00469013,-0.0131198,0,0,0
1225,-0.000570723,-0.00477316,-0.0134885,0,0,0
1226,-0.000829852,-0.00461656,-0.0133011,0,0,0
1227,-0.000855939,-0.00470163,-0.0136663,0,0,0
1228,-0.000621893,-0.00467856,-0.0131888,0,0,0
1229,-0.000763328,-0.00464174,-0.0132793,0,0,0
1230,-0.00069216,-0.00466111,-0.0132355,0,0,0
1231,-0.000635009,-0.00476224,-0.0135646,0,0,0
1232,-0.000791394,-0.00472647,-0.0136535,0,0,0
1233,-0.000712509,-0.00474783,-0.0136117,0,0,0
1234,-0.139843,-0.244583,-0.949928,-0.000466813,0.010854,-0.00126129
1235,-0.11299,-0.151881,-0.413559,-0.000835631,0.00836934,-0.00201974
1236,-0.000211302,0.0032377,-0.0115095,0,0,0
1237,-0.000213543,0.00333507,-0.0118188,0,0,0
1238,-0.000215524,0.00343947,-0.0121226,0,0,0
1239,-0.000757092,0.00313856,-0.0117614,0,0,0
1240,-0.000789017,0.00323926,-0.0120673,0,0,0
1241,-0.000820086,0.00334713,-0.0123675,0,0,0
1242,-0.000301254,0.00323137,-0.0115971,0,0,0
1243,-0.000664338,0.00316514,-0.0117662,0,0,0
1244,-0.000391398,0.00322137,-0.0116666,0,0,0
1245,-0.000572569,0.00318824,-0.0117512,0,0,0
1246,-0.000481683,0.00320671,-0.0117187,0,0,0
1247,-0.000310076,0.00333001,-0.0119081,0,0,0
1248,-0.000318441,0.00343389,-0.0122136,0,0,0
1249,-0.000689601,0.00326607,-0.0120736,0,0,0
1250,-0.000714087,0.00337224,-0.0123755,0,0,0
1251,-0.000403579,0.00332097,-0.0119759,0,0,0
1252,-0.000594754,0.00328897,-0.0120586,0,0,0
1253,-0.000498778,0.00330659,-0.0120284,0,0,0
1254,-0.000415155,0.00342492,-0.0122795,0,0,0
1255,-0.000616264,0.00339407,-0.0123605,0,0,0
1256,-0.000515269,0.00341185,-0.0123322,0,0,0
1257,0.0487252,-0.0202065,-0.203614,-0.000912163,-0.00755043,0.00106131
1258,0.0390878,-0.0195842,-0.182871,-0.000647415,-0.00654552,0.000695722
1259,-0.0343107,-0.00612324,-0.193332,-0.000900173,-0.00634487,0.00105984
1260,0.0853076,-0.0446703,-0.355084,-0.000920355,-0.00658039,0.0010588
1261,0.0974528,-0.0528119,-0.411792,-0.000931572,-0.00858855,0.00105929
1262,0.0778361,-0.0690679,-0.705641,-0.000969036,-0.0109813,0.00104178
1263,0.0484378,-0.0249803,-0.229419,-0.000640472,-0.0056964,0.000711192
1264,0.0949673,-0.0546727,-0.49071,-0.000547866,-0.0096464,0.000849165
1265,0.155066,-0.0967575,-0.902156,-0.00103427,-0.0105737,0.00109143
1266,0.163982,-0.0982574,-0.899394,-0.00103994,-0.0109286,0.00109918
1267,0.151793,-0.10411,-0.98051,-0.00104364,-0.0110867,0.00111714
1268,0.166011,-0.106771,-0.984178,-0.00104477,-0.0112054,0.00111621
1269,0.10886,-0.0647878,-0.604745,-0.000502717,-0.00957121,0.000908306
1270,0.11093,-0.103276,-0.949059,-0.000311106,-0.00839082,0.00104583
1271,0.060584,-0.112872,-1.17983,-0.00101849,-0.0102395,0.00116598
1272,0.121806,-0.155838,-1.40611,-0.000989527,-0.00687745,0.00118721
1273,0.113744,-0.164992,-1.45721,-0.00097413,-0.0065939,0.0011892
1274,0.0406033,-0.184709,-1.60946,-0.00093464,-0.0039495,0.00119614
1275,0.0982793,-0.115405,-1.03787,-0.000241288,-0.0067049,0.0010564
1276,0.0560116,-0.156424,-1.20881,7.19214e-006,-0.00285069,0.00106119
1277,0.0611629,-0.213216,-1.66938,-0.00086621,-0.00326847,0.00112967
1278,0.0692621,-0.214374,-1.66875,-0.000860001,-0.00344596,0.00112333
1279,0.0585975,-0.222905,-1.6973,-0.000836576,-0.00400102,0.00108532
1280,0.0572134,-0.220689,-1.69538,-0.000829499,-0.00405747,0.00109792
1281,0.0433017,-0.168617,-1.2335,8.6463e-005,-0.00148693,0.00105171
1282,-0.00593453,-0.206871,-1.27635,0.000364054,-0.000750794,0.00086068
1283,0.00369136,-0.208443,-1.27518,0.000376375,-0.00118433,0.000967425
1284,-0.0407994,-0.0465516,-0.132725,-0.00109899,0.00462476,-0.00213697
1285,-0.0278621,-0.0170582,-0.00613782,0.0010509,-0.000837102,-0.000678868
1286,-0.0852642,-0.112035,-0.263749,-0.00102756,0.00615021,-0.00210765
1287,-0.0741592,-0.0957401,-0.223672,-0.00107067,0.00447406,-0.00212195
1288,0.0322142,-0.0262748,-0.126023,-0.00113975,0.00410955,-0.00213901
1289,-0.0357852,-0.0222795,0.00333585,0.00101099,-0.00132207,-0.000682444
1290,-0.127841,-0.271672,-1.19857,-0.000394547,0.00841111,-0.000756108
1291,-0.131298,-0.265312,-1.13505,-0.0003953,0.00834295,-0.000898091
1292,-0.0552364,-0.280047,-1.41706,-0.000407252,0.00672973,-0.000219106
1293,-0.118863,-0.222469,-0.669871,0.00151465,0.00888889,-0.00119579
1294,-0.100252,-0.286229,-1.57576,-0.0005666,0.00668942,0.000162735
1295,-0.108617,-0.287023,-1.52623,-0.0005436,0.00623674,3.35969e-005
1296,-0.09474,-0.285172,-1.57305,-0.000569718,0.00669478,0.000161333
1297,-0.0985074,-0.28595,-1.52776,-0.000529462,0.006001,5.65177e-005
1298,-0.00336554,-0.252312,-1.78997,-0.000660798,0.000887192,0.000741249
1299,0.000564389,-0.240818,-1.79795,-0.000665483,0.000185217,0.000852404
1300,0.00371282,-0.25592,-1.77451,-0.000640919,0.00204354,0.000655732
1301,-0.0030729,-0.240203,-1.23336,0.000594307,0.00244862,0.000659895
1302,0.00903162,-0.235883,-1.26165,0.000552373,0.00225246,0.000801528
1303,0.0135017,-0.249909,-1.19952,0.000659939,0.00372726,0.000626733
1304,-0.0956239,-0.241627,-1.07065,0.000905119,0.00765367,0.000203347
1305,-0.12065,-0.234063,-0.769255,0.00135834,0.00813022,-0.000802445
1306,-0.0526802,-0.250657,-1.05514,0.000867695,0.00767627,0.000288255
1307,-0.000544363,-0.00500864,-0.012908,0,0,0
1308,-0.000560736,-0.00508242,-0.0132973,0,0,0
1309,-0.000574798,-0.00515726,-0.0136791,0,0,0
1310,-0.000906162,-0.00489209,-0.0131885,0,0,0
1311,-0.000933541,-0.00496882,-0.0135743,0,0,0
1312,-0.000962205,-0.00504646,-0.0139525,0,0,0
1313,-0.000606572,-0.00500107,-0.0129864,0,0,0
1314,-0.00084172,-0.00492331,-0.0131743,0,0,0
1315,-0.000664951,-0.00498876,-0.013051,0,0,0
1316,-0.000782184,-0.00494988,-0.0131449,0,0,0
1317,-0.000723347,-0.00497289,-0.0130997,0,0,0
1318,-0.000614561,-0.00507291,-0.0133839,0,0,0
1319,-0.000623122,-0.00514974,-0.0137767,0,0,0
1320,-0.000878263,-0.00499706,-0.0135685,0,0,0
1321,-0.00091317,-0.00507586,-0.0139577,0,0,0
1322,-0.000682434,-0.00505896,-0.0134472,0,0,0
1323,-0.00080853,-0.00502102,-0.0135394,0,0,0
1324,-0.000745532,-0.0050431,-0.0135104,0,0,0
1325,-0.000703955,-0.00513558,-0.013825,0,0,0
1326,-0.000830001,-0.00509855,-0.0139152,0,0,0
1327,-0.000767432,-0.00511702,-0.013886,0,0,0
1328,-0.141552,-0.239592,-0.906917,-0.000481115,0.0112101,-0.00133554
1329,-0.118535,-0.159614,-0.446204,-0.000797245,0.0084587,-0.0019947
1330,-0.0531217,-0.230273,-0.881078,-0.000416069,0.010535,-0.0014507
1331,-0.064428,-0.15513,-0.471429,-0.000887914,0.00809969,-0.00210968
1332,-0.000274948,0.00355779,-0.0118253,0,0,0
1333,-0.000281214,0.00365218,-0.0121507,0,0,0
1334,-0.000286823,0.00374878,-0.0124709,0,0,0
1335,-0.000782035,0.00345497,-0.012084,0,0,0
1336,-0.000811633,0.0035527,-0.0124058,0,0,0
1337,-0.000840796,0.00365256,-0.0127225,0,0,0
1338,-0.000358764,0.00355226,-0.0119105,0,0,0
1339,-0.000695639,0.00348361,-0.012084,0,0,0
1340,-0.00044229,0.00354154,-0.0119803,0,0,0
1341,-0.000610467,0.00350721,-0.0120671,0,0,0
1342,-0.000526149,0.00352693,-0.0120319,0,0,0
1343,-0.000366457,0.00364598,-0.0122366,0,0,0
1344,-0.000373716,0.00374413,-0.0125578,0,0,0
1345,-0.000724138,0.00357955,-0.0124066,0,0,0
1346,-0.000751897,0.00367996,-0.0127243,0,0,0
1347,-0.000456339,0.00363512,-0.0123064,0,0,0
1348,-0.000632452,0.00360187,-0.0123914,0,0,0
1349,-0.000544268,0.00362124,-0.0123567,0,0,0
1350,-0.000470066,0.00373414,-0.0126274,0,0,0
1351,-0.000653604,0.00370199,-0.0127105,0,0,0
1352,-0.00056186,0.00371972,-0.0126756,0,0,0
1353,-0.0292963,-0.00438778,-0.166264,-0.000900465,-0.0069279,0.001061
1354,0.0426281,-0.0161237,-0.173764,-0.000910798,-0.00796265,0.00106168
1355,0.0344128,-0.0169261,-0.156777,-0.000650886,-0.00700098,0.000689836
1356,-0.0380978,-0.0078549,-0.218348,-0.000900018,-0.00577862,0.00105846
1357,0.0914047,-0.0487418,-0.379949,-0.00092172,-0.00699204,0.00105834
1358,0.0616405,-0.0636857,-0.665069,-0.000958469,-0.0110131,0.00103598
1359,0.0531128,-0.0277277,-0.25021,-0.000637001,-0.00537192,0.000720776
1360,0.0903364,-0.051446,-0.453132,-0.000562916,-0.00934132,0.000831535
1361,0.17003,-0.102495,-0.940636,-0.0010498,-0.0106567,0.00110549
1362,0.113491,-0.0683178,-0.641443,-0.000487667,-0.00933127,0.000930105
1363,0.115147,-0.0992603,-0.91536,-0.000334378,-0.00874688,0.00104226
1364,0.0446343,-0.114742,-1.21585,-0.00101459,-0.00968489,0.00117386
1365,0.117788,-0.160412,-1.43107,-0.000984505,-0.00644096,0.00118939
1366,0.0346598,-0.178818,-1.5944,-0.000945427,-0.00435892,0.00120461
1367,0.0940624,-0.119475,-1.06243,-0.000218016,-0.00605228,0.00105987
1368,0.0602483,-0.152336,-1.19674,-1.92315e-005,-0.00327621,0.001064
1369,0.0652184,-0.218677,-1.68126,-0.000849625,-0.0036198,0.00111155
1370,0.0390651,-0.172657,-1.23808,0.000112887,-0.00111857,0.00104821
1371,-0.000323923,-0.203494,-1.27211,0.000334959,-0.00113704,0.000894995
1372,0.00696905,-0.204457,-1.27035,0.000346955,-0.00148648,0.000983996
1373,0.0278125,-0.0214311,-0.108997,-0.00113867,0.00458122,-0.00213665
1374,-0.0352395,-0.0383284,-0.114351,-0.00110371,0.00498801,-0.0021378
1375,-0.0239005,-0.0144533,-0.00890738,0.00107085,-0.000486348,-0.000678848
1376,-0.0797191,-0.103896,-0.240737,-0.00106594,0.00510985,-0.00211777
1377,-0.0503592,-0.146191,-0.443142,-0.000929091,0.00808001,-0.00214205
1378,0.0356153,-0.0311257,-0.141374,-0.00114044,0.0036586,-0.00214202
1379,-0.0397468,-0.0249051,0.00930739,0.000991034,-0.00138712,-0.000686001
1380,-0.129589,-0.268626,-1.16587,-0.000380997,0.00793668,-0.000827057
1381,-0.0448722,-0.278434,-1.39205,-0.000386057,0.00707202,-0.000279642
1382,-0.0373618,-0.234203,-0.919097,-0.000394331,0.0101665,-0.0013881
1383,-0.118268,-0.217614,-0.634881,0.00156676,0.00898112,-0.00132118
1384,-0.106869,-0.286755,-1.54939,-0.000557151,0.00626611,0.000106231
1385,-0.000122465,-0.249841,-1.78988,-0.000654391,0.000905574,0.000745839
1386,0.00195594,-0.242295,-1.79634,-0.000655789,0.000598268,0.000821391
1387,0.00555398,-0.252384,-1.78094,-0.000641297,0.00156521,0.00069052
1388,0.00591815,-0.242431,-1.23327,0.000598545,0.00249602,0.000674495
1389,0.0138659,-0.23964,-1.25291,0.000573238,0.00256486,0.0007707
1390,0.0180907,-0.249044,-1.21201,0.000641155,0.00327208,0.000656927
1391,-0.101224,-0.242312,-1.03977,0.000943657,0.00799569,0.000148018
1392,-0.121245,-0.236901,-0.79986,0.00130623,0.00783194,-0.000665614
1393,-0.0665519,-0.249758,-1.02713,0.000908271,0.00798198,0.000221742
1394,-0.000621311,-0.00541737,-0.0131318,0,0,0
1395,-0.000619903,-0.00548123,-0.0135482,0,0,0
1396,-0.000621432,-0.00555479,-0.0139622,0,0,0
1397,-0.0009368,-0.00529772,-0.0134161,0,0,0
1398,-0.000984985,-0.00536422,-0.0138293,0,0,0
1399,-0.00102921,-0.00544064,-0.01424,0,0,0
1400,-0.000669333,-0.00540506,-0.0132111,0,0,0
1401,-0.000886978,-0.00532512,-0.0134018,0,0,0
1402,-0.000723004,-0.00538937,-0.0132806,0,0,0
1403,-0.000831824,-0.00534938,-0.013376,0,0,0
1404,-0.000777255,-0.0053696,-0.0133432,0,0,0
1405,-0.000690055,-0.00547183,-0.0136168,0,0,0
1406,-0.000708947,-0.00554408,-0.0140159,0,0,0
1407,-0.000912215,-0.00539378,-0.0138037,0,0,0
1408,-0.000938105,-0.00546787,-0.0141993,0,0,0
1409,-0.000742662,-0.00545896,-0.0136872,0,0,0
1410,-0.000859267,-0.00541989,-0.0137805,0,0,0
1411,-0.000800464,-0.0054401,-0.0137237,0,0,0
1412,-0.000754265,-0.00553262,-0.0141091,0,0,0
1413,-0.000893201,-0.00549454,-0.014201,0,0,0
1414,-0.000822774,-0.00551778,-0.014146,0,0,0
1415,-0.143261,-0.234314,-0.862606,-0.000495418,0.0114367,-0.00141032
1416,-0.12408,-0.167246,-0.478941,-0.00075886,0.00851061,-0.00196718
1417,-0.0695891,-0.226181,-0.841874,-0.00043878,0.0107961,-0.00151168
1418,-0.0784644,-0.163864,-0.499656,-0.000843217,0.00812553,-0.00207145
1419,-0.000340719,0.00389717,-0.0121224,0,0,0
1420,-0.000343372,0.00398361,-0.0124648,0,0,0
1421,-0.000346036,0.00407806,-0.0128021,0,0,0
1422,-0.000808864,0.00379084,-0.0123873,0,0,0
1423,-0.000844345,0.00388042,-0.0127263,0,0,0
1424,-0.000878713,0.00397818,-0.0130602,0,0,0
1425,-0.000417661,0.00388889,-0.0122066,0,0,0
1426,-0.000729378,0.00381786,-0.0123843,0,0,0
1427,-0.000494949,0.00387725,-0.0122759,0,0,0
1428,-0.000650573,0.00384171,-0.0123648,0,0,0
1429,-0.000572491,0.00386093,-0.0123292,0,0,0
1430,-0.000429431,0.00397703,-0.0125495,0,0,0
1431,-0.000440595,0.00407056,-0.0128866,0,0,0
1432,-0.000755528,0.00390817,-0.0127236,0,0,0
1433,-0.000781057,0.00400388,-0.0130572,0,0,0
1434,-0.00050892,0.00396671,-0.0126176,0,0,0
1435,-0.000674948,0.00393225,-0.0127046,0,0,0
1436,-0.000591521,0.00395078,-0.0126689,0,0,0
1437,-0.000521711,0.00406043,-0.012955,0,0,0
1438,-0.000699192,0.00402707,-0.0130403,0,0,0
1439,-0.000609918,0.00404649,-0.0130066,0,0,0
1440,-0.0230515,-0.00264954,-0.13714,-0.000900894,-0.00749704,0.00106193
1441,0.036531,-0.0120396,-0.142188,-0.000909432,-0.00835424,0.00106205
1442,0.0297378,-0.0142882,-0.128802,-0.000654358,-0.00743094,0.000685184
1443,-0.0407221,-0.00958175,-0.241419,-0.000899998,-0.00525972,0.00105684
1444,0.0685888,-0.0452948,-0.379834,-0.00091794,-0.0059052,0.00105595
1445,0.0453913,-0.0583408,-0.624402,-0.000948728,-0.0109567,0.00103156
1446,-0.0205489,-0.00757023,-0.124712,-0.000677861,-0.00669248,0.000693751
1447,0.0577878,-0.0305143,-0.26979,-0.000633529,-0.00516026,0.000731593
1448,0.0857055,-0.0482851,-0.416976,-0.000577966,-0.00881353,0.000814948
1449,0.0887369,-0.0661244,-0.654959,-0.000502223,-0.00835879,0.00098964
1450,0.133263,-0.0984946,-0.941544,-0.00107437,-0.00941845,0.00110549
1451,0.0998709,-0.0704337,-0.685672,-0.000484386,-0.0082225,0.00100058
1452,0.118122,-0.0719336,-0.676944,-0.000472618,-0.00904153,0.000952946
1453,0.0891534,-0.0916173,-0.871378,-0.00034974,-0.00875654,0.00108545
1454,0.119364,-0.0952584,-0.880422,-0.000357651,-0.00894234,0.00103866
1455,0.0299288,-0.116646,-1.2498,-0.00101107,-0.00907334,0.00118112
1456,0.095362,-0.156715,-1.43101,-0.000986906,-0.00589333,0.00119251
1457,0.0277999,-0.172881,-1.57781,-0.000955248,-0.00478798,0.00121146
1458,0.0749935,-0.0945965,-0.903054,-0.000325908,-0.00854359,0.00110123
1459,0.0898455,-0.123558,-1.08432,-0.000194743,-0.00541199,0.00106332
1460,0.0644849,-0.148237,-1.183,-4.56551e-005,-0.00362957,0.00106664
1461,0.026124,-0.175481,-1.23921,9.45486e-005,-0.000585456,0.0011174
1462,0.0524467,-0.2155,-1.68219,-0.000846201,-0.00330882,0.00111155
1463,0.0251254,-0.178972,-1.24132,0.000123479,-0.000433754,0.00109963
1464,0.0348284,-0.176682,-1.24126,0.00013931,-0.00085094,0.00104453
1465,0.00528669,-0.199986,-1.26647,0.000305864,-0.00138949,0.00092933
1466,0.01079,-0.200478,-1.26461,0.000316465,-0.00164957,0.000998784
1467,0.0223993,-0.0165915,-0.090279,-0.00113719,0.00504296,-0.00213495
1468,-0.0296795,-0.0301029,-0.0943924,-0.00110843,0.00535565,-0.00213814
1469,-0.0199389,-0.0118462,-0.0100987,0.00109081,-0.000109524,-0.000680006
1470,-0.0616371,-0.0998606,-0.240636,-0.00108085,0.00475534,-0.00212677
1471,-0.0362761,-0.137076,-0.414824,-0.000966748,0.00803587,-0.00216855
1472,0.038088,-0.0359868,-0.155172,-0.00114074,0.00325897,-0.00214569
1473,-0.0437083,-0.0275465,0.015392,0.000971079,-0.00128778,-0.000690735
1474,0.00507041,-0.0202086,-0.0107602,0.0012136,0.000252366,-0.000687645
1475,-0.102463,-0.267219,-1.1658,-0.000367554,0.00710744,-0.000827284
1476,-0.0337515,-0.276656,-1.36577,-0.000365944,0.00740839,-0.000341982
1477,-0.0224938,-0.237965,-0.955622,-0.000373567,0.00972123,-0.00132387
1478,-0.117672,-0.212282,-0.599623,0.00161886,0.00893538,-0.00144372
1479,-0.0854214,-0.251429,-0.811651,0.00162613,0.00700949,-0.000341818
1480,-0.0848893,-0.284695,-1.55032,-0.000545858,0.00567786,0.000106231
1481,0.00323147,-0.247397,-1.78979,-0.000647127,0.000946317,0.000750428
1482,0.00412346,-0.243685,-1.79342,-0.000646963,0.000883208,0.000788929
1483,0.00648393,-0.248735,-1.78584,-0.00064066,0.0012103,0.000723615
1484,0.0151862,-0.244678,-1.23318,0.000604363,0.00259634,0.000689095
1485,0.0192664,-0.243331,-1.24322,0.000593033,0.00274078,0.000738089
1486,0.0218104,-0.24805,-1.22305,0.000625096,0.00293598,0.000682581
1487,-0.106825,-0.24278,-1.00772,0.000982196,0.00816933,9.1047e-005
1488,-0.12184,-0.239208,-0.829206,0.00125413,0.00756861,-0.000525926
1489,-0.0809566,-0.248546,-0.998219,0.00095157,0.00813124,0.000150688
1490,-0.0949991,-0.249226,-0.836883,0.00150535,0.00689951,-0.000259966
1491,-0.000685934,-0.00583791,-0.0133408,0,0,0
1492,-0.000711498,-0.00590086,-0.0137607,0,0,0
1493,-0.000731411,-0.00596491,-0.0141702,0,0,0
1494,-0.000983851,-0.00571506,-0.0136287,0,0,0
1495,-0.00100612,-0.00578068,-0.0140449,0,0,0
1496,-0.00103308,-0.00584728,-0.0144509,0,0,0
1497,-0.000741332,-0.00582951,-0.0134123,0,0,0
1498,-0.000926275,-0.00574756,-0.013605,0,0,0
1499,-0.000787703,-0.00581656,-0.0134745,0,0,0
1500,-0.000879197,-0.00577556,-0.0135707,0,0,0
1501,-0.000833199,-0.00579935,-0.0135143,0,0,0
1502,-0.000747884,-0.00588976,-0.0138515,0,0,0
1503,-0.00075595,-0.00595555,-0.0142863,0,0,0
1504,-0.000968824,-0.00580951,-0.0140409,0,0,0
1505,-0.00100889,-0.00587711,-0.0144722,0,0,0
1506,-0.000805067,-0.00587454,-0.0139094,0,0,0
1507,-0.000909615,-0.00583442,-0.0140042,0,0,0
1508,-0.000857502,-0.00585766,-0.013987,0,0,0
1509,-0.000833904,-0.00593937,-0.0143078,0,0,0
1510,-0.000928143,-0.00590005,-0.0144002,0,0,0
1511,-0.000881876,-0.00591937,-0.0143839,0,0,0
1512,-0.144969,-0.228748,-0.81756,-0.000509721,0.0114994,-0.00148564
1513,-0.129625,-0.174767,-0.511694,-0.000720474,0.00855963,-0.00193717
1514,-0.0865187,-0.221934,-0.801893,-0.000462464,0.0109191,-0.00157104
1515,-0.0925114,-0.172369,-0.527894,-0.000795,0.00818813,-0.00202734
1516,-0.000406998,0.00424947,-0.0124025,0,0,0
1517,-0.000417361,0.0043337,-0.0127599,0,0,0
1518,-0.000426656,0.00441948,-0.0131114,0,0,0
1519,-0.000839059,0.00413961,-0.0126731,0,0,0
1520,-0.000868446,0.004227,-0.0130271,0,0,0
1521,-0.000897837,0.00431584,-0.013375,0,0,0
1522,-0.000479011,0.00424283,-0.0124848,0,0,0
1523,-0.000764661,0.00416951,-0.0126663,0,0,0
1524,-0.000549849,0.00423112,-0.0125524,0,0,0
1525,-0.000692377,0.00419446,-0.0126431,0,0,0
1526,-0.000620895,0.00421577,-0.0126042,0,0,0
1527,-0.000487307,0.00432583,-0.0128451,0,0,0
1528,-0.000495486,0.00441347,-0.0132006,0,0,0
1529,-0.000796611,0.00425458,-0.0130232,0,0,0
1530,-0.000827547,0.00434435,-0.0133751,0,0,0
1531,-0.000565911,0.00431337,-0.0129122,0,0,0
1532,-0.000716207,0.00427772,-0.0130012,0,0,0
1533,-0.000641011,0.00429848,-0.012967,0,0,0
1534,-0.000582783,0.00440154,-0.0132634,0,0,0
1535,-0.000738177,0.0043669,-0.0133504,0,0,0
1536,-0.000660676,0.00438516,-0.0133162,0,0,0
1537,0,0,0,0,0,0
1538,0,0,0,0,0,0
1539,0,0,0,0,0,0
1540,0,0,0,0,0,0
1541,0,0,0,0,0,0
1542,0.000141162,7.77036e-005,-0.000197001,0,0,0
1543,0.000137603,2.2035e-005,-0.000170202,0,0,0
1544,0.000163306,-4.4574e-006,-0.000213609,0,0,0
1545,0.000136947,-2.95217e-005,-0.000170396,0,0,0
1546,0.000140872,-8.71886e-005,-0.000206766,0,0,0
1547,0.000206153,4.63693e-005,-0.000308536,0,0,0
1548,0.000213821,3.41073e-005,-0.000319641,0,0,0
1549,0.000206331,-9.25678e-006,-0.00025503,0,0,0
1550,0.00021049,-5.40316e-005,-0.000321465,0,0,0
1551,0.000200131,-6.51036e-005,-0.000312821,0,0,0
1552,0.000129658,0.000129346,-0.000354182,0,0,0
1553,0.000460608,-5.18246e-005,-0.000356912,0,0,0
1554,9.98951e-005,-1.55183e-005,-0.000428898,0,0,0
1555,0.000454592,1.99707e-005,-0.000360771,0,0,0
1556,0.000115517,-0.000162142,-0.000369825,0,0,0
1557,3.94624e-006,0.000187924,-0.00052355,0,0,0
1558,0.000613838,-8.49824e-005,-0.000415173,0,0,0
1559,1.61649e-005,-2.20779e-005,-0.000484636,0,0,0
1560,0.000606647,4.35663e-005,-0.000418553,0,0,0
1561,-6.85283e-006,-0.000229997,-0.000532064,0,0,0
1562,0.000255537,6.9866e-005,-0.000548173,0,0,0
1563,0.000527308,-6.52979e-005,-0.000424633,0,0,0
1564,0.000187815,-2.64448e-005,-0.000601051,0,0,0
1565,0.000515741,1.05219e-005,-0.000428782,0,0,0
1566,0.000229778,-0.000124599,-0.000559394,0,0,0
1567,0.000333311,5.99173e-008,-0.000534916,0,0,0
1568,0.000456471,-2.8749e-005,-0.000591104,0,0,0
1569,0.000355856,-2.2605e-005,-0.000547377,0,0,0
1570,0.00046486,-4.35671e-005,-0.000681098,0,0,0
1571,0.000366303,-2.59052e-005,-0.000532328,0,0,0
1572,0.000360645,-1.35852e-005,-0.00054758,0,0,0
1573,0.000378887,-3.14375e-005,-0.000538817,0,0,0
1574,0.000351395,-4.91242e-005,-0.000552656,0,0,0
1575,0.000316256,-6.12102e-005,-0.000548696,0,0,0
1576,0.000410022,-3.52049e-005,-0.000592297,0,0,0
1577,0.000377776,-2.78255e-005,-0.000580526,0,0,0
1578,0.000431531,-4.29529e-005,-0.00064547,0,0,0
1579,0.000403307,-4.74198e-005,-0.000577593,0,0,0
1580,0.000379794,-3.59253e-005,-0.000579732,0,0,0
1581,0.000393599,-3.60596e-005,-0.000594125,0,0,0
1582,0.000424465,-4.38617e-005,-0.000594928,0,0,0
1583,0.000400466,-3.86741e-005,-0.000610178,0,0,0
1584,0.000394837,-4.24611e-005,-0.000613195,0,0,0
1585,0.000405504,-4.37162e-005,-0.000644837,0,0,0
1586,0.000367412,-5.02449e-005,-0.000589016,0,0,0
1587,0.000333108,-5.42491e-005,-0.000566157,0,0,0
1588,0.000412919,-4.08266e-005,-0.000644068,0,0,0
1589,0.000392146,-4.27174e-005,-0.000589844,0,0,0
1590,0.000430574,-4.15332e-005,-0.000678919,0,0,0
1591,0.000341667,-6.08769e-005,-0.000556098,0,0,0
1592,0,0,0,0,0,0
1593,0,0,0,0,0,0
1594,0,0,0,0,0,0
1595,0,0,0,0,0,0
1596,0,0,0,0,0,0
1597,0,0,0,0,0,0
1598,0,0,0,0,0,0
1599,0,0,0,0,0,0
1600,0,0,0,0,0,0
1601,0,0,0,0,0,0
1602,-0.0156352,-0.000909584,-0.106056,-0.000901458,-0.00802169,0.00106264
1603,0.030434,-0.00795404,-0.109035,-0.000908067,-0.00869061,0.0010624
1604,0,0,0,0,0,0
1605,0,0,0,0,0,0
1606,0,0,0,0,0,0
1607,0,0,0,0,0,0
1608,0,0,0,0,0,0
1609,0,0,0,0,0,0
1610,0,0,0,0,0,0
1611,0,0,0,0,0,0
1612,0,0,0,0,0,0
1613,0,0,0,0,0,0
1614,0,0,0,0,0,0
1615,0,0,0,0,0,0
1616,0,0,0,0,0,0
1617,0,0,0,0,0,0
1618,0,0,0,0,0,0
1619,0,0,0,0,0,0
1620,0,0,0,0,0,0
1621,0,0,0,0,0,0
1622,0,0,0,0,0,0
1623,0,0,0,0,0,0
1624,0,0,0,0,0,0
1625,0,0,0,0,0,0
1626,0,0,0,0,0,0
1627,0,0,0,0,0,0
1628,0,0,0,0,0,0
1629,0,0,0,0,0,0
1630,0,0,0,0,0,0
1631,0,0,0,0,0,0
1632,0,0,0,0,0,0
1633,0,0,0,0,0,0
1634,0,0,0,0,0,0
1635,0,0,0,0,0,0
1636,0,0,0,0,0,0
1637,0,0,0,0,0,0
1638,0,0,0,0,0,0
1639,0,0,0,0,0,0
1640,0,0,0,0,0,0
1641,0,0,0,0,0,0
1642,0,0,0,0,0,0
1643,0,0,0,0,0,0
1644,-0.0140306,-0.00662545,-0.0966835,-0.000676245,-0.00722349,0.000688725
1645,0.0250628,-0.0116658,-0.0991096,-0.000657829,-0.00780081,0.000681764
1646,-0.0423083,-0.0113027,-0.262754,-0.000900115,-0.00481878,0.001055
1647,0.0493646,-0.0418611,-0.379713,-0.000914596,-0.0050765,0.00105355
1648,0.0292958,-0.0530271,-0.583985,-0.000939814,-0.0107817,0.00102851
1649,-0.0258764,-0.00853052,-0.15075,-0.000678952,-0.00611039,0.000699653
1650,0.0624628,-0.0333449,-0.288661,-0.000630058,-0.00509601,0.000743643
1651,0.0810746,-0.0451859,-0.383166,-0.000593016,-0.00802844,0.000799404
1652,0.0772355,-0.0618181,-0.623627,-0.000519492,-0.00851165,0.000977754
1653,0.10083,-0.0944085,-0.942445,-0.00109567,-0.0083453,0.00110549
1654,0.110702,-0.0747417,-0.715873,-0.000465981,-0.00813344,0.00101057
1655,0.122753,-0.0756393,-0.711122,-0.000457568,-0.00873658,0.000976829
1656,0.103642,-0.0887424,-0.839148,-0.000374611,-0.0087939,0.00106794
1657,0.123581,-0.0912704,-0.844927,-0.000380923,-0.00894263,0.00103504
1658,0.0165507,-0.118578,-1.28152,-0.00100792,-0.00843545,0.00118775
1659,0.0747417,-0.153009,-1.43093,-0.000989065,-0.00547818,0.00119563
1660,0.0200148,-0.166905,-1.55967,-0.000964104,-0.00520607,0.0012167
1661,0.0614824,-0.097672,-0.933643,-0.000303113,-0.00818564,0.00111528
1662,0.0856286,-0.127654,-1.10367,-0.000171471,-0.00481859,0.00106675
1663,0.0687215,-0.144129,-1.16792,-7.20786e-005,-0.00387617,0.00106911
1664,0.0266223,-0.171879,-1.23626,6.70027e-005,-0.000856083,0.00113287
1665,0.0407635,-0.212334,-1.68313,-0.000843233,-0.00303929,0.00111155
1666,0.0238949,-0.182341,-1.24303,0.000153795,-0.000431594,0.00107955
1667,0.0305918,-0.180693,-1.24349,0.000165734,-0.000718642,0.00104068
1668,0.0108973,-0.196346,-1.26,0.00027677,-0.00147359,0.000963684
1669,0.0148453,-0.196515,-1.25848,0.000284907,-0.00164299,0.00101179
1670,0,0,0,0,0,0
1671,0,0,0,0,0,0
1672,0,0,0,0,0,0
1673,0,0,0,0,0,0
1674,0,0,0,0,0,0
1675,-0.000115259,5.9115e-005,-0.000169992,0,0,0
1676,-0.000114681,1.05554e-005,-0.000150025,0,0,0
1677,-0.000124436,-1.47563e-005,-0.000176336,0,0,0
1678,-0.000110261,-3.4472e-005,-0.000147267,0,0,0
1679,-0.000112085,-8.63812e-005,-0.000197054,0,0,0
1680,-0.000162216,2.37244e-005,-0.000256373,0,0,0
1681,-0.000160296,8.86051e-006,-0.000274557,0,0,0
1682,-0.000152335,-2.73559e-005,-0.000230389,0,0,0
1683,-0.000144932,-6.82671e-005,-0.000270421,0,0,0
1684,-0.000131065,-7.87185e-005,-0.000247145,0,0,0
1685,-0.000149799,4.82881e-005,-0.000316657,0,0,0
1686,-0.000295982,-5.05807e-005,-0.0003378,0,0,0
1687,-0.000108894,-4.36855e-005,-0.00036256,0,0,0
1688,-0.000272438,-3.78939e-005,-0.000343078,0,0,0
1689,-9.78214e-005,-0.000139019,-0.000357805,0,0,0
1690,-7.94686e-005,6.76431e-005,-0.000424054,0,0,0
1691,-0.000375898,-7.66831e-005,-0.000413577,0,0,0
1692,-6.46758e-005,-5.86084e-005,-0.000413166,0,0,0
1693,-0.000346874,-3.10305e-005,-0.000407537,0,0,0
1694,-3.2697e-005,-0.000177146,-0.000411386,0,0,0
1695,-0.000225389,-1.83775e-006,-0.000488489,0,0,0
1696,-0.000343789,-8.10485e-005,-0.000440402,0,0,0
1697,-0.000151076,-6.4825e-005,-0.000512158,0,0,0
1698,-0.00030128,-5.65229e-005,-0.000443651,0,0,0
1699,-0.000130466,-0.000133087,-0.000509564,0,0,0
1700,-0.000253761,-4.22751e-005,-0.000498784,0,0,0
1701,-0.000335064,-6.79139e-005,-0.000575161,0,0,0
1702,-0.000271192,-6.24832e-005,-0.000535643,0,0,0
1703,-0.000338998,-7.96616e-005,-0.000649951,0,0,0
1704,-0.000276483,-6.50961e-005,-0.000534234,0,0,0
1705,-0.000253673,-5.81774e-005,-0.000518784,0,0,0
1706,-0.000245278,-7.37138e-005,-0.000512164,0,0,0
1707,-0.000217407,-8.65191e-005,-0.000513099,0,0,0
1708,-0.000188575,-9.80901e-005,-0.000494636,0,0,0
1709,-0.000286691,-7.24046e-005,-0.000564692,0,0,0
1710,-0.000261845,-7.14802e-005,-0.000564625,0,0,0
1711,-0.000298058,-7.75948e-005,-0.000619828,0,0,0
1712,-0.000272457,-8.19226e-005,-0.000568893,0,0,0
1713,-0.000248776,-7.83989e-005,-0.00055438,0,0,0
1714,-0.000227511,-8.39517e-005,-0.000559256,0,0,0
1715,-0.000216158,-9.19624e-005,-0.000566951,0,0,0
1716,-0.000253332,-7.8643e-005,-0.000582518,0,0,0
1717,-0.000253114,-8.08134e-005,-0.000592825,0,0,0
1718,-0.000253331,-7.59906e-005,-0.00061208,0,0,0
1719,-0.000221847,-8.68293e-005,-0.000567015,0,0,0
1720,-0.000187793,-9.19125e-005,-0.000544953,0,0,0
1721,-0.000231266,-8.15023e-005,-0.000604404,0,0,0
1722,-0.000230242,-7.76104e-005,-0.000581803,0,0,0
1723,-0.000212029,-8.34487e-005,-0.00062067,0,0,0
1724,-0.000186593,-8.43675e-005,-0.000558302,0,0,0
1725,0,0,0,0,0,0
1726,0,0,0,0,0,0
1727,0,0,0,0,0,0
1728,0,0,0,0,0,0
1729,0,0,0,0,0,0
1730,0,0,0,0,0,0
1731,0,0,0,0,0,0
1732,0,0,0,0,0,0
1733,0,0,0,0,0,0
1734,0,0,0,0,0,0
1735,0.0160252,-0.0117531,-0.0699534,-0.00113531,0.00546417,-0.00213391
1736,-0.0241196,-0.0218771,-0.072899,-0.00111316,0.0056931,-0.00213801
1737,0,0,0,0,0,0
1738,0,0,0,0,0,0
1739,0,0,0,0,0,0
1740,0,0,0,0,0,0
1741,0,0,0,0,0,0
1742,0,0,0,0,0,0
1743,0,0,0,0,0,0
1744,0,0,0,0,0,0
1745,0,0,0,0,0,0
1746,0,0,0,0,0,0
1747,0,0,0,0,0,0
1748,0,0,0,0,0,0
1749,0,0,0,0,0,0
1750,0,0,0,0,0,0
1751,0,0,0,0,0,0
1752,0,0,0,0,0,0
1753,0,0,0,0,0,0
1754,0,0,0,0,0,0
1755,0,0,0,0,0,0
1756,0,0,0,0,0,0
1757,0,0,0,0,0,0
1758,0,0,0,0,0,0
1759,0,0,0,0,0,0
1760,0,0,0,0,0,0
1761,0,0,0,0,0,0
1762,0,0,0,0,0,0
1763,0,0,0,0,0,0
1764,0,0,0,0,0,0
1765,0,0,0,0,0,0
1766,0,0,0,0,0,0
1767,0,0,0,0,0,0
1768,0,0,0,0,0,0
1769,0,0,0,0,0,0
1770,0,0,0,0,0,0
1771,0,0,0,0,0,0
1772,0,0,0,0,0,0
1773,0,0,0,0,0,0
1774,0,0,0,0,0,0
1775,0,0,0,0,0,0
1776,0,0,0,0,0,0
1777,0.00355082,-0.0154683,-0.00946545,0.00120555,0.000570277,-0.000694322
1778,-0.0159774,-0.00923244,-0.00967811,0.00111076,0.000258786,-0.000682342
1779,-0.0447374,-0.0957729,-0.240528,-0.00109385,0.00447928,-0.00213578
1780,-0.0222585,-0.127811,-0.38661,-0.00100088,0.00793664,-0.00218918
1781,0.0397652,-0.040861,-0.167638,-0.00114065,0.00294125,-0.00215002
1782,-0.0635733,-0.0412565,0.021518,0.000600796,0.00067549,-0.000784229
1783,-0.0476699,-0.0302085,0.0208909,0.000951124,-0.000989447,-0.000696648
1784,0.00583435,-0.024936,-0.0107891,0.00121986,-0.000107383,-0.00067798
1785,-0.0780638,-0.265864,-1.16572,-0.000353469,0.00648258,-0.000827511
1786,-0.0219166,-0.274708,-1.3383,-0.000346914,0.00770822,-0.000406127
1787,-0.00864043,-0.241551,-0.990451,-0.000353775,0.00922975,-0.00125802
1788,-0.117077,-0.206484,-0.564693,0.00167097,0.00871709,-0.00156341
1789,-0.11459,-0.178934,-0.436552,0.00133184,0.00862216,-0.00195635
1790,-0.0754693,-0.253573,-0.785789,0.00173938,0.00719586,-0.000436221
1791,-0.0649684,-0.282674,-1.55124,-0.000536071,0.00516804,0.000106231
1792,0.00678011,-0.244981,-1.78969,-0.000639008,0.00100942,0.000755018
1793,0.0249297,-0.24695,-1.23308,0.00061176,0.00274959,0.000703696
1794,-0.112426,-0.243026,-0.975221,0.00102073,0.00814,3.24351e-005
1795,-0.122436,-0.240971,-0.857494,0.00120202,0.00737481,-0.00038338
1796,-0.0955506,-0.247001,-0.96899,0.000997593,0.00809342,7.50945e-005
1797,-0.104386,-0.247019,-0.86179,0.00137703,0.00689655,-0.000190664
1798,-0.113943,-0.171221,-0.40226,0.00111017,0.00910673,-0.00201593
1799,-0.0675634,-0.0443217,0.0185707,0.000445587,0.000725329,-0.000833798
1800,-0.000773431,-0.00628334,-0.0135228,0,0,0
1801,-0.000765039,-0.00633563,-0.0139827,0,0,0
1802,-0.000764841,-0.0063975,-0.0144434,0,0,0
1803,-0.00101066,-0.00615758,-0.0138129,0,0,0
1804,-0.00107064,-0.00621221,-0.01427,0,0,0
1805,-0.00112147,-0.00627659,-0.0147275,0,0,0
1806,-0.000803621,-0.00626901,-0.0136039,0,0,0
1807,-0.000979283,-0.00618501,-0.0137986,0,0,0
1808,-0.000846063,-0.00625214,-0.0136706,0,0,0
1809,-0.000935131,-0.00621019,-0.0137681,0,0,0
1810,-0.00089055,-0.00623305,-0.0137458,0,0,0
1811,-0.000830714,-0.00632491,-0.014038,0,0,0
1812,-0.000855304,-0.006386,-0.0144645,0,0,0
1813,-0.00100231,-0.0062426,-0.0142289,0,0,0
1814,-0.00102672,-0.00630529,-0.0146516,0,0,0
1815,-0.000871466,-0.00631056,-0.0141118,0,0,0
1816,-0.000961811,-0.00626931,-0.0142069,0,0,0
1817,-0.000916084,-0.0062905,-0.0141307,0,0,0
1818,-0.000878503,-0.00637313,-0.0145888,0,0,0
1819,-0.00100487,-0.00633278,-0.0146828,0,0,0
1820,-0.000940276,-0.00635586,-0.0146046,0,0,0
1821,-0.146678,-0.22289,-0.772475,-0.000524023,0.0113635,-0.00156149
1822,-0.13517,-0.182168,-0.544517,-0.000682088,0.00864035,-0.00190467
1823,-0.103604,-0.217541,-0.761647,-0.000487121,0.0108735,-0.00162878
1824,-0.106673,-0.180617,-0.556317,-0.000743263,0.00831812,-0.00197737
1825,-0.00047727,0.00462288,-0.012664,0,0,0
1826,-0.000479039,0.00469815,-0.0130417,0,0,0
1827,-0.000481597,0.00478241,-0.0134153,0,0,0
1828,-0.000869063,0.0045097,-0.0129398,0,0,0
1829,-0.000909614,0.00458789,-0.0133142,0,0,0
1830,-0.000948305,0.00467527,-0.0136844,0,0,0
1831,-0.000540511,0.00461259,-0.012745,0,0,0
1832,-0.000803596,0.00453699,-0.01293,0,0,0
1833,-0.000605678,0.00459901,-0.0128144,0,0,0
1834,-0.000736976,0.00456118,-0.012907,0,0,0
1835,-0.000671101,0.00458085,-0.0128705,0,0,0
1836,-0.000556138,0.00469013,-0.0131198,0,0,0
1837,-0.000570723,0.00477316,-0.0134885,0,0,0
1838,-0.000829852,0.00461656,-0.0133011,0,0,0
1839,-0.000855939,0.00470163,-0.0136663,0,0,0
1840,-0.000621893,0.00467856,-0.0131888,0,0,0
1841,-0.000763328,0.00464174,-0.0132793,0,0,0
1842,-0.00069216,0.00466111,-0.0132355,0,0,0
1843,-0.000635009,0.00476224,-0.0135646,0,0,0
1844,-0.000791394,0.00472647,-0.0136535,0,0,0
1845,-0.000712509,0.00474783,-0.0136117,0,0,0
1846,8.32788e-005,8.08111e-005,-0.000149926,0,0,0
1847,9.7356e-005,1.87297e-005,-0.000101694,0,0,0
1848,8.58215e-005,-3.45602e-006,-9.68973e-005,0,0,0
1849,9.59183e-005,-2.58167e-005,-0.000103022,0,0,0
1850,8.04639e-005,-8.8404e-005,-0.000154208,0,0,0
1851,0.000207322,4.30824e-005,-0.000184953,0,0,0
1852,0.000200237,2.58436e-005,-0.000252029,0,0,0
1853,0.000195968,-7.87237e-006,-0.000250682,0,0,0
1854,0.000196333,-4.25879e-005,-0.0002561,0,0,0
1855,0.00019924,-6.08983e-005,-0.000201599,0,0,0
1856,0.000374004,-5.52359e-005,-0.00037904,0,0,0
1857,0.00011952,7.18809e-005,-0.00033892,0,0,0
1858,0.000381831,-1.36315e-005,-0.000332642,0,0,0
1859,0.000113634,-9.65002e-005,-0.000343167,0,0,0
1860,0.000364637,2.95731e-005,-0.000385746,0,0,0
1861,0.000564917,-0.000159396,-0.000291791,0,0,0
1862,8.70894e-005,8.91016e-005,-0.00048267,0,0,0
1863,0.000535127,-1.66552e-005,-0.000367646,0,0,0
1864,7.85847e-005,-0.000127095,-0.000488389,0,0,0
1865,0.000545835,0.000124055,-0.000308131,0,0,0
1866,0.000439519,-7.07532e-005,-0.000436891,0,0,0
1867,0.000214582,4.90632e-005,-0.000543538,0,0,0
1868,0.000459649,-2.29119e-005,-0.000408788,0,0,0
1869,0.000205234,-9.11402e-005,-0.000548455,0,0,0
1870,0.000423614,2.69726e-005,-0.000448914,0,0,0
1871,0.0004079,-5.08924e-006,-0.000508361,0,0,0
1872,0.000355305,-1.28683e-005,-0.000544992,0,0,0
1873,0.000436007,-1.8701e-005,-0.000626849,0,0,0
1874,0.000381089,-2.95919e-005,-0.000527376,0,0,0
1875,0.000457298,-4.9518e-005,-0.00069191,0,0,0
1876,0.000382796,-2.72581e-005,-0.00053811,0,0,0
1877,0.000355178,-2.56855e-005,-0.000530337,0,0,0
1878,0.000369597,-2.5743e-005,-0.000542521,0,0,0
1879,0.000380948,-4.74515e-005,-0.000516646,0,0,0
1880,0.00037269,-9.35643e-006,-0.000540794,0,0,0
1881,0.000409002,-3.65848e-005,-0.000616505,0,0,0
1882,0.000390343,-2.48987e-005,-0.000575406,0,0,0
1883,0.000426471,-3.84708e-005,-0.000655461,0,0,0
1884,0.00037859,-2.92782e-005,-0.000579939,0,0,0
1885,0.000361306,-4.84274e-005,-0.00054787,0,0,0
1886,0.000332613,-4.46624e-005,-0.00056219,0,0,0
1887,0.000384842,-3.23088e-005,-0.000583484,0,0,0
1888,0.000400259,-3.45645e-005,-0.000620113,0,0,0
1889,0.000411638,-3.77385e-005,-0.000597174,0,0,0
1890,0.000392514,-2.83385e-005,-0.000617209,0,0,0
1891,0.000404849,-4.60638e-005,-0.000627408,0,0,0
1892,0.000377833,-4.4337e-005,-0.000586081,0,0,0
1893,0.0004092,-3.5361e-005,-0.000652506,0,0,0
1894,0.000354257,-3.91702e-005,-0.000549127,0,0,0
1895,0.000425162,-2.66354e-005,-0.000686823,0,0,0
1896,8.93812e-005,6.55949e-005,-0.000102605,0,0,0
1897,8.55968e-005,2.05692e-005,-8.45605e-005,0,0,0
1898,8.54147e-005,-3.08285e-006,-0.000132581,0,0,0
1899,8.31113e-005,-2.5805e-005,-8.56218e-005,0,0,0
1900,8.51667e-005,-7.37781e-005,-0.000113845,0,0,0
1901,8.97189e-005,7.63792e-005,-0.00016565,0,0,0
1902,7.71026e-005,2.74552e-005,-9.86773e-005,0,0,0
1903,8.34604e-005,-2.48523e-006,-8.20408e-005,0,0,0
1904,7.41126e-005,-3.21376e-005,-9.9812e-005,0,0,0
1905,8.37718e-005,-8.06738e-005,-0.0001635,0,0,0
1906,-0.00716667,0.00083108,-0.073213,-0.00090216,-0.00847127,0.00106312
1907,0.0243369,-0.00386716,-0.0745806,-0.000906702,-0.00893719,0.00106274
1908,6.65481e-005,7.63389e-005,-6.16049e-005,0,0,0
1909,9.05752e-005,1.01111e-005,-7.22918e-005,0,0,0
1910,7.15516e-005,-2.16555e-006,-0.000133432,0,0,0
1911,8.63035e-005,-1.43815e-005,-7.12023e-005,0,0,0
1912,6.2057e-005,-8.20545e-005,-7.48709e-005,0,0,0
1913,0.000117168,6.08901e-005,-0.000221851,0,0,0
1914,7.65191e-005,4.76192e-005,-0.000104114,0,0,0
1915,8.92486e-005,-2.08415e-006,-6.44734e-005,0,0,0
1916,7.23772e-005,-5.00835e-005,-0.000105316,0,0,0
1917,0.000103937,-6.14448e-005,-0.000206491,0,0,0
1918,4.75526e-005,0.00011574,6.4177e-006,0,0,0
1919,8.65315e-005,-1.33315e-005,-6.42222e-005,0,0,0
1920,0.000100877,-1.15753e-006,-0.0001635,0,0,0
1921,7.70092e-005,1.01078e-005,-5.90855e-005,0,0,0
1922,4.53407e-005,-0.000116573,-1.37218e-005,0,0,0
1923,0.000153783,7.20425e-006,-0.00031375,0,0,0
1924,-1.49722e-005,0.000184014,3.37228e-005,0,0,0
1925,0.000169353,-8.27903e-005,-0.000218761,0,0,0
1926,-0.000553446,4.57389e-005,0.000136316,0,0,0
1927,0.000132585,7.36023e-005,-0.000136949,0,0,0
1928,1.96026e-005,5.4357e-008,-3.33276e-005,0,0,0
1929,0.00012862,-7.14716e-005,-0.000137663,0,0,0
1930,0.000118447,-2.15817e-006,-0.000273082,0,0,0
1931,-3.96782e-005,-2.86415e-005,-4.11838e-005,0,0,0
1932,0.000198985,5.65449e-005,-0.00013979,0,0,0
1933,0.000388301,2.26065e-005,-0.000149092,0,0,0
1934,0.000228958,2.94172e-006,-0.00021686,0,0,0
1935,-5.62206e-005,3.49442e-005,-2.90448e-005,0,0,0
1936,4.5379e-006,-0.000169295,1.09749e-005,0,0,0
1937,-0.000170251,1.02308e-005,2.27201e-005,0,0,0
1938,-0.000290643,7.69294e-006,4.88117e-005,0,0,0
1939,0.000207383,-4.24901e-005,-0.000147249,0,0,0
1940,0.000100248,9.40145e-005,-0.000165917,0,0,0
1941,0.000359666,6.07085e-006,-0.0001431,0,0,0
1942,-0.000506363,-3.28358e-006,0.000133967,0,0,0
1943,-0.00645387,-0.00569221,-0.0668847,-0.000674103,-0.00767287,0.000684574
1944,0.0203878,-0.00905422,-0.0679976,-0.000661301,-0.00807602,0.000679577
1945,-0.0430433,-0.0130168,-0.282663,-0.000900369,-0.00448648,0.00105293
1946,0.0327639,-0.0384391,-0.379586,-0.000911687,-0.00450595,0.00105115
1947,0.0136215,-0.0477382,-0.544263,-0.000931726,-0.0104574,0.00102685
1948,-0.029941,-0.00951028,-0.174676,-0.000679517,-0.00550785,0.000706431
1949,0.0671378,-0.0362242,-0.307456,-0.000626586,-0.00521375,0.000756926
1950,0.0764437,-0.0421446,-0.352758,-0.000608065,-0.00695148,0.000784901
1951,0.0653647,-0.0575189,-0.591673,-0.000536193,-0.00865048,0.000964921
1952,0.0721113,-0.0902486,-0.943341,-0.00111369,-0.00743726,0.00110549
1953,0.121354,-0.079044,-0.74577,-0.000447009,-0.00812218,0.00101962
1954,0.127384,-0.0794389,-0.743985,-0.000442518,-0.00845099,0.00100175
1955,0.118076,-0.0859794,-0.807,-0.000400521,-0.00862504,0.0010487
1956,0.127798,-0.0872963,-0.809695,-0.000404196,-0.00871316,0.00103139
1957,0.00452211,-0.120538,-1.31099,-0.00100515,-0.00780183,0.00119375
1958,0.0554298,-0.149295,-1.43085,-0.000990983,-0.00519553,0.00119875
1959,0.0113571,-0.160897,-1.54007,-0.000971993,-0.00558256,0.00122034
1960,0.0488796,-0.100836,-0.962711,-0.000281358,-0.00771333,0.0011276
1961,0.0814117,-0.131764,-1.1207,-0.000148198,-0.00430667,0.00107014
1962,0.0729582,-0.140012,-1.15199,-9.85022e-005,-0.00398145,0.0010714
1963,0.0264131,-0.168174,-1.23213,4.08418e-005,-0.00121502,0.00114603
1964,0.0300132,-0.209179,-1.68405,-0.000840722,-0.00281123,0.00111155
1965,0.0227623,-0.185576,-1.2449,0.000185496,-0.000609588,0.00105715
1966,0.0263552,-0.184689,-1.24535,0.000192157,-0.000756252,0.00103665
1967,0.0165079,-0.192573,-1.25343,0.000247675,-0.00135473,0.000998059
1968,0.0187653,-0.192576,-1.25256,0.000252278,-0.00143612,0.00102301
1969,-6.83184e-005,6.40644e-005,-0.000127495,0,0,0
1970,-7.14361e-005,1.04506e-005,-9.08862e-005,0,0,0
1971,-6.41681e-005,-1.01292e-005,-9.70933e-005,0,0,0
1972,-6.52533e-005,-3.19416e-005,-9.13747e-005,0,0,0
1973,-5.49448e-005,-8.40458e-005,-0.000130155,0,0,0
1974,-0.000159141,2.6756e-005,-0.000180821,0,0,0
1975,-0.000148317,1.09947e-005,-0.000237279,0,0,0
1976,-0.000138929,-2.20124e-005,-0.000222898,0,0,0
1977,-0.000132236,-5.54453e-005,-0.000245426,0,0,0
1978,-0.000128204,-7.49361e-005,-0.000229083,0,0,0
1979,-0.000246464,-2.61397e-005,-0.000344364,0,0,0
1980,-0.00011447,2.07322e-005,-0.000298856,0,0,0
1981,-0.000232622,-3.44459e-005,-0.00033026,0,0,0
1982,-9.16948e-005,-8.36968e-005,-0.000299349,0,0,0
1983,-0.000207264,-3.66678e-005,-0.000332896,0,0,0
1984,-0.000363524,-9.30207e-005,-0.000336658,0,0,0
1985,-0.000107782,1.82048e-005,-0.000417089,0,0,0
1986,-0.000317798,-3.88829e-005,-0.000380388,0,0,0
1987,-7.55256e-005,-0.000109681,-0.000426808,0,0,0
1988,-0.00029274,1.0234e-005,-0.000378501,0,0,0
1989,-0.000298769,-5.96116e-005,-0.000439305,0,0,0
1990,-0.000171075,-1.14507e-006,-0.00047422,0,0,0
1991,-0.000280356,-5.15057e-005,-0.00043716,0,0,0
1992,-0.000135834,-8.83961e-005,-0.000470517,0,0,0
1993,-0.000238369,-3.55645e-005,-0.000431858,0,0,0
1994,-0.000298385,-2.93963e-005,-0.000502779,0,0,0
1995,-0.000266797,-3.55617e-005,-0.000524492,0,0,0
1996,-0.000318796,-4.10592e-005,-0.0006093,0,0,0
1997,-0.000286631,-4.66906e-005,-0.000533304,0,0,0
1998,-0.000330541,-5.92191e-005,-0.000661843,0,0,0
1999,-0.000264172,-4.86273e-005,-0.000519041,0,0,0
2000,-0.000230856,-5.13548e-005,-0.000504871,0,0,0
2001,-0.000215676,-6.05829e-005,-0.000522482,0,0,0
2002,-0.000197498,-7.70248e-005,-0.000512237,0,0,0
2003,-0.000257076,-3.85856e-005,-0.000529423,0,0,0
2004,-0.000282171,-5.38834e-005,-0.000596519,0,0,0
2005,-0.000267773,-4.6004e-005,-0.00056655,0,0,0
2006,-0.000292425,-5.11548e-005,-0.000631679,0,0,0
2007,-0.000239145,-5.44672e-005,-0.000556731,0,0,0
2008,-0.000214618,-6.6584e-005,-0.000528488,0,0,0
2009,-0.000184534,-6.86657e-005,-0.000529007,0,0,0
2010,-0.000246524,-5.4312e-005,-0.000567795,0,0,0
2011,-0.000250451,-5.23958e-005,-0.000598623,0,0,0
2012,-0.000259872,-5.2886e-005,-0.000587101,0,0,0
2013,-0.00022191,-5.65778e-005,-0.000587516,0,0,0
2014,-0.000201599,-6.87831e-005,-0.000589323,0,0,0
2015,-0.000221655,-5.83082e-005,-0.000574923,0,0,0
2016,-0.000229441,-5.00819e-005,-0.000611692,0,0,0
2017,-0.000190571,-5.59266e-005,-0.000551135,0,0,0
2018,-0.000209644,-4.9257e-005,-0.000623946,0,0,0
2019,-6.6377e-005,5.76733e-005,-0.000102774,0,0,0
2020,-6.17397e-005,1.50516e-005,-8.64409e-005,0,0,0
2021,-5.67554e-005,-8.9026e-006,-0.00011701,0,0,0
2022,-5.19151e-005,-2.83779e-005,-8.78995e-005,0,0,0
2023,-5.10372e-005,-7.84193e-005,-0.000135797,0,0,0
2024,-6.27068e-005,6.83052e-005,-0.000144969,0,0,0
2025,-5.17117e-005,1.95683e-005,-8.86535e-005,0,0,0
2026,-5.04004e-005,-5.85985e-006,-9.06065e-005,0,0,0
2027,-4.16233e-005,-3.19753e-005,-8.80877e-005,0,0,0
2028,-4.01099e-005,-7.52749e-005,-0.000122429,0,0,0
2029,0.00880196,-0.00691302,-0.048206,-0.00113304,0.00581425,-0.00213353
2030,-0.0185596,-0.0136527,-0.0500532,-0.00111788,0.00596578,-0.0021374
2031,-4.47937e-005,6.65474e-005,-7.80271e-005,0,0,0
2032,-5.6196e-005,1.21214e-005,-8.20546e-005,0,0,0
2033,-4.0517e-005,-5.75689e-006,-0.000112879,0,0,0
2034,-4.05905e-005,-2.07152e-005,-7.62719e-005,0,0,0
2035,-3.11023e-005,-7.77262e-005,-0.000119508,0,0,0
2036,-7.63514e-005,6.61228e-005,-0.000190288,0,0,0
2037,-4.46183e-005,3.18726e-005,-8.8329e-005,0,0,0
2038,-4.5101e-005,-3.80056e-006,-8.34579e-005,0,0,0
2039,-3.21467e-005,-3.75251e-005,-8.77492e-005,0,0,0
2040,-2.96118e-005,-6.0502e-005,-0.000119565,0,0,0
2041,-2.34024e-005,8.95136e-005,-3.1603e-005,0,0,0
2042,-5.27361e-005,2.08176e-006,-8.59117e-005,0,0,0
2043,-4.63192e-005,-3.30521e-006,-0.000121611,0,0,0
2044,-2.0237e-005,-6.38467e-006,-6.60968e-005,0,0,0
2045,-2.07786e-005,-8.41843e-005,-9.95811e-005,0,0,0
2046,-0.00011355,4.66831e-005,-0.000270105,0,0,0
2047,4.74052e-005,0.000136145,-4.12477e-006,0,0,0
2048,-0.000155423,5.10302e-006,-0.00023721,0,0,0
2049,0.000360427,0.000150844,-5.01257e-005,0,0,0
2050,-6.229e-005,4.82864e-005,-9.74906e-005,0,0,0
2051,-2.77372e-006,2.34832e-006,-7.09194e-005,0,0,0
2052,-5.04884e-005,-4.19135e-005,-9.60265e-005,0,0,0
2053,5.15832e-006,-2.49907e-005,-0.000112842,0,0,0
2054,8.66838e-006,4.7328e-006,-8.96976e-005,0,0,0
2055,-6.40538e-005,5.48733e-005,-8.40059e-005,0,0,0
2056,-0.000186443,4.24973e-005,-9.33891e-005,0,0,0
2057,-9.63808e-005,8.06397e-006,-0.000137768,0,0,0
2058,6.33316e-005,1.67331e-005,-4.21967e-005,0,0,0
2059,-1.93766e-005,-8.29833e-005,-8.12397e-005,0,0,0
2060,9.83577e-005,2.94699e-005,-3.69422e-005,0,0,0
2061,0.000175503,2.88691e-005,-6.93195e-005,0,0,0
2062,-9.2633e-005,-9.07378e-006,-0.000103786,0,0,0
2063,5.7496e-005,3.17748e-005,-4.17075e-005,0,0,0
2064,-0.000105465,3.30346e-005,-6.80189e-005,0,0,0
2065,0.000236192,-9.02349e-006,-5.68609e-005,0,0,0
2066,0.00138989,-0.0107287,-0.00709546,0.0011957,0.000815733,-0.000698011
2067,-0.0120158,-0.00660738,-0.00774475,0.00113072,0.000584003,-0.000685858
2068,-0.0287259,-0.0916401,-0.240415,-0.00110494,0.00428165,-0.00214478
2069,-0.00844704,-0.118421,-0.358732,-0.0010315,0.00775172,-0.00220395
2070,0.0408416,-0.0457513,-0.179096,-0.00114015,0.00273611,-0.002155
2071,-0.0595832,-0.0383648,0.0243252,0.000756005,0.000559401,-0.000743633
2072,-0.0516315,-0.0328954,0.0249722,0.000931169,-0.000457557,-0.00070374
2073,0.00578961,-0.0296369,-0.00946384,0.00122432,-0.000478352,-0.000665326
2074,-0.0556244,-0.264563,-1.16564,-0.000338741,0.0060621,-0.000827739
2075,-0.00947119,-0.272579,-1.3098,-0.000328966,0.0079409,-0.000472075
2076,0.00413644,-0.244953,-1.02348,-0.000334957,0.00872269,-0.00119055
2077,-0.116482,-0.200231,-0.530822,0.00172307,0.00829168,-0.00168023
2078,-0.115238,-0.18639,-0.468761,0.00155351,0.00811657,-0.00188244
2079,-0.0650206,-0.2556,-0.759092,0.00184511,0.007428,-0.000543174
2080,-0.0468122,-0.280687,-1.55216,-0.00052779,0.00473666,0.000106231
2081,0.00678011,-0.244981,-1.78969,-0.0147683,0.00127443,0
2082,0.0103542,-0.245587,-1.71455,-0.0217095,0.00174079,0
2083,0.014585,-0.246117,-1.57514,-0.0277996,0.00226809,0
2084,0.0190063,-0.246571,-1.43645,-0.0339349,0.0027916,0
2085,0.0249297,-0.24695,-1.23308,-0.0409755,0.00325673,0
2086,-0.118026,-0.243043,-0.943107,0.00105927,0.00787312,-2.7818e-005
2087,-0.123031,-0.242181,-0.885058,0.00114992,0.00728511,-0.000237975
2088,-0.109929,-0.245101,-0.940112,0.00104634,0.00783792,-5.03908e-006
2089,-0.113827,-0.244867,-0.886781,0.00124119,0.00703121,-0.000133913
2090,-0.113295,-0.163306,-0.366032,0.000888506,0.00953569,-0.00206116
2091,-0.0715535,-0.0475947,0.0156716,0.000290378,0.000743502,-0.000892341
2092,-0.000830142,-0.0067401,-0.0137002,0,0,0
2093,-0.00086979,-0.00679173,-0.0141472,0,0,0
2094,-0.00089625,-0.00684567,-0.0145802,0,0,0
2095,-0.0010728,-0.00661136,-0.0139928,0,0,0
2096,-0.00108509,-0.00666529,-0.0144359,0,0,0
2097,-0.00110972,-0.00672152,-0.0148652,0,0,0
2098,-0.000882796,-0.00673116,-0.0137591,0,0,0
2099,-0.00101784,-0.00664529,-0.0139546,0,0,0
2100,-0.000918055,-0.00671544,-0.013824,0,0,0
2101,-0.000982636,-0.00667234,-0.0139217,0,0,0
2102,-0.000950002,-0.00669234,-0.013848,0,0,0
2103,-0.000887092,-0.0067791,-0.0142463,0,0,0
2104,-0.000893094,-0.00683344,-0.0147303,0,0,0
2105,-0.00106756,-0.00669463,-0.0144387,0,0,0
2106,-0.00111473,-0.00675064,-0.0149195,0,0,0
2107,-0.00093278,-0.00676298,-0.0142943,0,0,0
2108,-0.0010195,-0.00672083,-0.0143906,0,0,0
2109,-0.000976414,-0.0067449,-0.014392,0,0,0
2110,-0.000972618,-0.0068176,-0.0147087,0,0,0
2111,-0.00103167,-0.00677615,-0.0148022,0,0,0
2112,-0.00100367,-0.00680057,-0.014815,0,0,0
2113,-0.148387,-0.216741,-0.728183,-0.000538326,0.0109945,-0.00163788
2114,-0.140715,-0.189439,-0.5776,-0.000643702,0.00878736,-0.00186969
2115,-0.120476,-0.213009,-0.721749,-0.000512751,0.0106286,-0.0016849
2116,-0.121114,-0.188582,-0.5852,-0.000688006,0.00854611,-0.00192154
2117,-0.000544363,0.00500864,-0.012908,0,0,0
2118,-0.000560736,0.00508242,-0.0132973,0,0,0
2119,-0.000574798,0.00515726,-0.0136791,0,0,0
2120,-0.000906162,0.00489209,-0.0131885,0,0,0
2121,-0.000933541,0.00496882,-0.0135743,0,0,0
2122,-0.000962205,0.00504646,-0.0139525,0,0,0
2123,-0.000606572,0.00500107,-0.0129864,0,0,0
2124,-0.00084172,0.00492331,-0.0131743,0,0,0
2125,-0.000664951,0.00498876,-0.013051,0,0,0
2126,-0.000782184,0.00494988,-0.0131449,0,0,0
2127,-0.000723347,0.00497289,-0.0130997,0,0,0
2128,-0.000614561,0.00507291,-0.0133839,0,0,0
2129,-0.000623122,0.00514974,-0.0137767,0,0,0
2130,-0.000878263,0.00499706,-0.0135685,0,0,0
2131,-0.00091317,0.00507586,-0.0139577,0,0,0
2132,-0.000682434,0.00505896,-0.0134472,0,0,0
2133,-0.00080853,0.00502102,-0.0135394,0,0,0
2134,-0.000745532,0.0050431,-0.0135104,0,0,0
2135,-0.000703955,0.00513558,-0.013825,0,0,0
2136,-0.000830001,0.00509855,-0.0139152,0,0,0
2137,-0.000767432,0.00511702,-0.013886,0,0,0
2138,0.000170151,5.96515e-005,-0.000244735,0,0,0
2139,0.000154257,4.23354e-005,-0.000230296,0,0,0
2140,0.000173376,-6.58273e-006,-0.000170714,0,0,0
2141,0.000149737,-5.60692e-005,-0.000233733,0,0,0
2142,0.000162947,-7.1684e-005,-0.000246388,0,0,0
2143,0.000173124,0.000147997,-0.000259616,0,0,0
2144,0.000337391,-5.22988e-005,-0.000285351,0,0,0
2145,0.000143947,-1.02243e-005,-0.000352646,0,0,0
2146,0.000331135,2.97897e-005,-0.000290016,0,0,0
2147,0.00015893,-0.000170528,-0.000277166,0,0,0
2148,0.000115334,0.000238859,-0.000490208,0,0,0
2149,0.000465239,-9.60052e-005,-0.000336045,0,0,0
2150,0.000103338,-1.55076e-005,-0.000435488,0,0,0
2151,0.000456102,6.96713e-005,-0.000340198,0,0,0
2152,0.000101977,-0.00026688,-0.000496463,0,0,0
2153,0.000280666,9.93017e-005,-0.000497925,0,0,0
2154,0.000423747,-6.39153e-005,-0.000364568,0,0,0
2155,0.000236241,-1.69871e-005,-0.000560435,0,0,0
2156,0.000413366,2.64796e-005,-0.000369895,0,0,0
2157,0.000257504,-0.000134993,-0.000508465,0,0,0
2158,0.000350104,1.01951e-005,-0.000492957,0,0,0
2159,0.000405468,-7.61967e-006,-0.000560321,0,0,0
2160,0.000378663,-1.13555e-005,-0.000513234,0,0,0
2161,0.00042168,-2.66272e-005,-0.000662895,0,0,0
2162,0.000411292,-1.71268e-005,-0.000495239,0,0,0
2163,0.000342762,7.5494e-006,-0.000512392,0,0,0
2164,0.000362983,-2.08576e-005,-0.000494519,0,0,0
2165,0.000330809,-4.78682e-005,-0.000517391,0,0,0
2166,0.000328678,-4.9578e-005,-0.000506435,0,0,0
2167,0.000383697,-2.40092e-005,-0.000560192,0,0,0
2168,0.000382147,-1.213e-005,-0.000550405,0,0,0
2169,0.000407437,-2.95242e-005,-0.000621483,0,0,0
2170,0.000409427,-3.23967e-005,-0.000549349,0,0,0
2171,0.000367695,-2.3443e-005,-0.000545799,0,0,0
2172,0.00036921,-2.26515e-005,-0.00056273,0,0,0
2173,0.000377473,-3.95585e-005,-0.000562139,0,0,0
2174,0.000381249,-2.51283e-005,-0.0005853,0,0,0
2175,0.000394416,-2.81845e-005,-0.000583307,0,0,0
2176,0.000404136,-2.9013e-005,-0.000623831,0,0,0
2177,0.000368503,-3.87244e-005,-0.000558819,0,0,0
2178,0.000350422,-3.81716e-005,-0.000532475,0,0,0
2179,0.000391043,-2.54398e-005,-0.000619844,0,0,0
2180,0.000395208,-2.82754e-005,-0.000561739,0,0,0
2181,0.000391449,-2.92888e-005,-0.000658475,0,0,0
2182,0.000380335,-4.02937e-005,-0.00052032,0,0,0
2183,0.000150875,6.48301e-005,-0.000118976,0,0,0
2184,0.000179448,1.53139e-005,-0.000204567,0,0,0
2185,0.000136424,-5.04621e-006,-0.000214333,0,0,0
2186,0.000174288,-2.7297e-005,-0.000206226,0,0,0
2187,0.000141296,-7.7661e-005,-0.000135859,0,0,0
2188,0.000185186,3.66903e-005,-0.000285988,0,0,0
2189,0.000136777,7.45501e-005,-0.000223548,0,0,0
2190,0.000179345,-4.96242e-006,-0.000143631,0,0,0
2191,0.000129671,-8.20091e-005,-0.000226327,0,0,0
2192,0.000172337,-4.20374e-005,-0.000273856,0,0,0
2193,0.00217351,0.00257144,-0.0389103,-0.000902997,-0.00881511,0.00106337
2194,0.0182398,0.000220998,-0.0392385,-0.000905336,-0.00905938,0.00106307
2195,0.000139843,0.000122979,-4.40277e-005,0,0,0
2196,0.000173566,-2.10722e-005,-0.000187751,0,0,0
2197,0.000148439,-1.94865e-006,-0.000233929,0,0,0
2198,0.000164038,1.27971e-005,-0.000182845,0,0,0
2199,0.000129599,-0.000130798,-6.76639e-005,0,0,0
2200,0.000203294,-2.94985e-005,-0.000389513,0,0,0
2201,0.000205046,0.000134945,-0.000252226,0,0,0
2202,0.000131025,-2.72882e-006,-9.28215e-005,0,0,0
2203,0.000196256,-0.00013278,-0.000256509,0,0,0
2204,0.000169309,3.39964e-005,-0.000348228,0,0,0
2205,0.000148047,0.000212316,5.87256e-005,0,0,0
2206,0.000329048,-0.000128696,-0.000546523,0,0,0
2207,-0.000173335,0.000246226,6.8078e-005,0,0,0
2208,0.00153259,9.92869e-005,-0.00070102,0,0,0
2209,6.91757e-005,-7.57135e-005,-0.000152477,0,0,0
2210,0.000334439,3.29893e-006,-0.000347103,0,0,0
2211,4.40812e-005,7.71179e-005,-0.000133734,0,0,0
2212,0.00015117,-0.000207715,1.82518e-005,0,0,0
2213,0.000449698,0.000139553,-0.000378472,0,0,0
2214,-0.000129792,-2.26785e-005,-4.55167e-005,0,0,0
2215,-0.000688057,2.95069e-005,0.000169267,0,0,0
2216,-0.000176325,7.36294e-006,4.20125e-005,0,0,0
2217,0.000447049,-0.000118611,-0.000382529,0,0,0
2218,0.000220182,0.000151046,-0.000449769,0,0,0
2219,0.000586962,1.46064e-005,-0.000440816,0,0,0
2220,0.000799522,3.76693e-005,-0.000231165,0,0,0
2221,-0.000183798,6.53034e-005,-1.1852e-005,0,0,0
2222,-8.51178e-005,-0.000198298,1.9497e-005,0,0,0
2223,-0.000641435,1.61198e-005,0.000154431,0,0,0
2224,0.00133493,-5.7435e-005,-0.000636112,0,0,0
2225,0.0019875,-0.00476652,-0.0356381,-0.000671436,-0.00800994,0.0006813
2226,0.0157128,-0.00644869,-0.0358968,-0.000664772,-0.00822197,0.000678622
2227,-0.0431751,-0.014723,-0.301561,-0.000900759,-0.00429337,0.00105064
2228,0.0178188,-0.0350272,-0.379454,-0.000909214,-0.00419354,0.00104876
2229,-0.00130255,-0.0424679,-0.505785,-0.000924464,-0.00995327,0.00102656
2230,-0.0327328,-0.0105135,-0.196475,-0.000679557,-0.00491552,0.000714084
2231,0.0718128,-0.039157,-0.326941,-0.000623115,-0.00554806,0.000771441
2232,0.0531829,-0.0532313,-0.559195,-0.000552327,-0.00874468,0.000951142
2233,0.0464886,-0.0860273,-0.944231,-0.00112844,-0.00669432,0.00110549
2234,0.132014,-0.0833364,-0.775675,-0.000427468,-0.00821934,0.00102772
2235,-0.00619614,-0.122522,-1.33827,-0.00100275,-0.00720311,0.00119912
2236,0.0369294,-0.145574,-1.43077,-0.000992659,-0.00504535,0.00120187
2237,0.0019408,-0.154866,-1.5192,-0.000978915,-0.00588684,0.00122236
2238,0.0373831,-0.104081,-0.989929,-0.000260641,-0.00715726,0.00113819
2239,0.0771948,-0.135886,-1.13582,-0.000124926,-0.00391081,0.00107352
2240,0.0253503,-0.164379,-1.22657,1.60657e-005,-0.00163164,0.00115688
2241,0.0200404,-0.206033,-1.68497,-0.000838668,-0.00262464,0.00111155
2242,0.00409929,-0.240506,-1.84383,-0.0193968,0.0117942,0
2243,0.0085105,-0.241121,-1.72463,-0.0222601,0.0102574,0
2244,0.0129169,-0.241538,-1.61622,-0.0272637,0.00631246,0
2245,0.0176768,-0.241844,-1.45194,-0.0322846,0.0114472,0
2246,0.0225612,-0.242309,-1.29831,-0.035194,0.0140907,0
2247,0.0221185,-0.188669,-1.24758,0.000218581,-0.000998352,0.00103245
2248,-0.000123175,4.63511e-005,-0.000214732,0,0,0
2249,-0.000109334,2.47132e-005,-0.000213177,0,0,0
2250,-0.000111575,-1.5834e-005,-0.00017581,0,0,0
2251,-9.3085e-005,-5.92306e-005,-0.000215204,0,0,0
2252,-9.42454e-005,-7.27491e-005,-0.000195249,0,0,0
2253,-0.000146184,7.68488e-005,-0.000257374,0,0,0
2254,-0.000214517,-3.27144e-005,-0.000294163,0,0,0
2255,-0.000109123,-2.31227e-005,-0.000314074,0,0,0
2256,-0.00019008,-1.7485e-005,-0.000301853,0,0,0
2257,-9.43481e-005,-0.000127663,-0.000306976,0,0,0
2258,-0.000119432,0.00011904,-0.000401384,0,0,0
2259,-0.000285433,-5.6663e-005,-0.000370021,0,0,0
2260,-8.95283e-005,-3.27705e-005,-0.000380428,0,0,0
2261,-0.000252656,6.34645e-006,-0.00036708,0,0,0
2262,-6.92389e-005,-0.000173766,-0.000377295,0,0,0
2263,-0.000219216,4.46339e-005,-0.00046049,0,0,0
2264,-0.00027272,-5.08098e-005,-0.00040783,0,0,0
2265,-0.000161804,-2.90503e-005,-0.000486845,0,0,0
2266,-0.000233955,-2.04975e-005,-0.000414394,0,0,0
2267,-0.000132343,-0.000107489,-0.000481917,0,0,0
2268,-0.000255313,-1.04499e-006,-0.000477066,0,0,0
2269,-0.000293935,-1.64578e-005,-0.000561976,0,0,0
2270,-0.000283764,-1.23912e-005,-0.00051793,0,0,0
2271,-0.00030867,-2.48606e-005,-0.000643591,0,0,0
2272,-0.000307626,-1.32577e-005,-0.000514499,0,0,0
2273,-0.000235228,-1.10987e-005,-0.000498467,0,0,0
2274,-0.000225036,-3.39896e-005,-0.000489479,0,0,0
2275,-0.00019194,-4.94463e-005,-0.000492507,0,0,0
2276,-0.000179514,-5.79903e-005,-0.000468402,0,0,0
2277,-0.000261622,-2.6742e-005,-0.000547526,0,0,0
2278,-0.000262065,-2.00064e-005,-0.000548864,0,0,0
2279,-0.000279698,-2.44633e-005,-0.00060861,0,0,0
2280,-0.000279516,-2.72338e-005,-0.000553738,0,0,0
2281,-0.000233166,-3.16479e-005,-0.000535897,0,0,0
2282,-0.000208168,-3.81967e-005,-0.000544138,0,0,0
2283,-0.000186707,-4.83552e-005,-0.000548497,0,0,0
2284,-0.000237376,-2.85341e-005,-0.000570097,0,0,0
2285,-0.000249955,-2.7641e-005,-0.000576905,0,0,0
2286,-0.000252362,-2.15262e-005,-0.000602184,0,0,0
2287,-0.000212892,-3.67653e-005,-0.000550588,0,0,0
2288,-0.000185212,-4.08637e-005,-0.000526466,0,0,0
2289,-0.000218991,-2.82e-005,-0.000591982,0,0,0
2290,-0.000228836,-2.25987e-005,-0.000566565,0,0,0
2291,-0.00019217,-3.01156e-005,-0.000607217,0,0,0
2292,-0.000200419,-2.67911e-005,-0.000540243,0,0,0
2293,-0.00010812,4.83011e-005,-0.000138937,0,0,0
2294,-0.000115711,1.59897e-005,-0.000209527,0,0,0
2295,-8.63288e-005,-1.14836e-005,-0.000192573,0,0,0
2296,-9.58092e-005,-4.03541e-005,-0.000209262,0,0,0
2297,-7.53007e-005,-7.66472e-005,-0.000190016,0,0,0
2298,-0.00012103,4.69112e-005,-0.00025404,0,0,0
2299,-8.83534e-005,5.02241e-005,-0.000204747,0,0,0
2300,-9.90649e-005,-8.58214e-006,-0.000164113,0,0,0
2301,-6.60184e-005,-6.26386e-005,-0.000204154,0,0,0
2302,-7.39477e-005,-4.8831e-005,-0.000181393,0,0,0
2303,0.000902176,-0.00206813,-0.0253246,-0.00113038,0.00606255,-0.0021338
2304,-0.0129996,-0.00543157,-0.0261708,-0.0011226,0.00613909,-0.00213631
2305,-8.71084e-005,8.29824e-005,-8.73891e-005,0,0,0
2306,-0.000103707,4.52891e-006,-0.000212319,0,0,0
2307,-7.73882e-005,-1.64194e-006,-0.00019174,0,0,0
2308,-6.92482e-005,-1.33794e-005,-0.000189071,0,0,0
2309,-5.7459e-005,-9.26149e-005,-0.0001674,0,0,0
2310,-0.000142677,2.81389e-005,-0.000347404,0,0,0
2311,-0.000109176,9.14884e-005,-0.000204589,0,0,0
2312,-6.27897e-005,6.75299e-008,-0.00014592,0,0,0
2313,-8.40449e-005,-7.47023e-005,-0.000209647,0,0,0
2314,-2.56394e-005,8.7693e-007,-0.000166224,0,0,0
2315,-5.70184e-005,0.00013868,-2.90727e-006,0,0,0
2316,-0.000285324,-6.82888e-007,-0.000505079,0,0,0
2317,0.000234395,0.000213884,1.56749e-005,0,0,0
2318,-0.000957944,5.96152e-005,-0.000412541,0,0,0
2319,-5.91692e-005,-1.15042e-005,-0.000222602,0,0,0
2320,-0.000150966,1.32001e-005,-0.000229974,0,0,0
2321,2.49086e-005,3.41795e-005,-0.00015048,0,0,0
2322,-7.7908e-005,-0.000107079,-0.000151499,0,0,0
2323,-0.000201784,0.000116025,-0.000244651,0,0,0
2324,1.99652e-005,5.96693e-005,-0.000188187,0,0,0
2325,0.000425406,0.000113639,-9.1251e-005,0,0,0
2326,0.000100956,2.90091e-005,-8.7211e-005,0,0,0
2327,-0.0001943,-4.46252e-005,-0.000252007,0,0,0
2328,7.0538e-005,7.77998e-005,-0.000122398,0,0,0
2329,-0.000248612,4.82042e-005,-0.000272578,0,0,0
2330,-0.000349053,0.000101749,-8.23746e-005,0,0,0
2331,0.00019231,7.3942e-005,-4.83024e-005,0,0,0
2332,-3.93957e-005,-4.63551e-005,-0.000166706,0,0,0
2333,0.000290285,5.48108e-005,-0.000133175,0,0,0
2334,-0.000399919,7.1946e-005,-0.00011207,0,0,0
2335,-0.00123685,-0.00600316,-0.00394275,0.00118406,0.00095812,-0.000698711
2336,-0.00805424,-0.00396654,-0.00453093,0.00115067,0.000831542,-0.000690552
2337,-0.0133084,-0.0874692,-0.240295,-0.00111412,0.00416247,-0.00215378
2338,0.00495632,-0.108935,-0.331529,-0.0010586,0.0074505,-0.00221285
2339,0.041573,-0.0506607,-0.189973,-0.00113927,0.00267412,-0.00216065
2340,-0.055593,-0.0356119,0.0266711,0.000911214,0.000342481,-0.000712011
2341,0.00494434,-0.0342978,-0.00679802,0.001227,-0.000829929,-0.000649685
2342,-0.0343785,-0.263318,-1.16556,-0.00032337,0.005846,-0.000827966
2343,0.00341973,-0.270262,-1.28056,-0.000312101,0.0080758,-0.000539827
2344,0.0158362,-0.248164,-1.0547,-0.000317112,0.00823068,-0.00112146
2345,-0.115886,-0.193535,-0.498873,0.00177518,0.00762455,-0.00179419
2346,-0.0540146,-0.257454,-0.731461,0.0019433,0.00767529,-0.000662678
2347,-0.0301267,-0.278729,-1.55307,-0.000521014,0.00438371,0.000106231
2348,0.00839684,-0.249201,-1.83139,-0.0204234,-0.00924105,0
2349,0.0122997,-0.249799,-1.70706,-0.0232841,-0.00677154,0
2350,0.0161981,-0.250443,-1.59353,-0.0282852,-0.00177206,0
2351,0.0204499,-0.251045,-1.42416,-0.0333035,-0.00585982,0
2352,0.0248258,-0.251336,-1.26544,-0.0362104,-0.00757292,0
2353,-0.123627,-0.242826,-0.912364,0.00109781,0.0073341,-8.97125e-005
2354,-0.112647,-0.155245,-0.328148,0.000666839,0.00987446,-0.00209205
2355,-0.0755436,-0.0511102,0.012876,0.000135169,0.000764591,-0.000959857
2356,-0.000934152,-0.00722396,-0.0138321,0,0,0
2357,-0.000913375,-0.00726434,-0.0143444,0,0,0
2358,-0.00091117,-0.00731267,-0.0148595,0,0,0
2359,-0.00108896,-0.00709245,-0.0141249,0,0,0
2360,-0.00116655,-0.00713485,-0.0146348,0,0,0
2361,-0.00122468,-0.00718523,-0.0151471,0,0,0
2362,-0.000943091,-0.00720684,-0.0139234,0,0,0
2363,-0.0010797,-0.00711903,-0.0141201,0,0,0
2364,-0.000974228,-0.00719325,-0.0139755,0,0,0
2365,-0.00104622,-0.00714962,-0.0140738,0,0,0
2366,-0.00101039,-0.00718335,-0.0140669,0,0,0
2367,-0.000977086,-0.00725235,-0.0143802,0,0,0
2368,-0.00100973,-0.00730243,-0.014829,0,0,0
2369,-0.00110005,-0.00716608,-0.014573,0,0,0
2370,-0.00112071,-0.00721738,-0.0150177,0,0,0
2371,-0.00100803,-0.00723618,-0.0144653,0,0,0
2372,-0.00107023,-0.00719284,-0.0145614,0,0,0
2373,-0.00103853,-0.00721524,-0.0144634,0,0,0
2374,-0.00100724,-0.00728363,-0.0150002,0,0,0
2375,-0.00112586,-0.007241,-0.0150954,0,0,0
2376,-0.00106429,-0.00725582,-0.0149707,0,0,0
2377,-0.150096,-0.210296,-0.685645,-0.000552628,0.0103577,-0.00171481
2378,-0.14626,-0.196571,-0.611262,-0.000605317,0.00903523,-0.00183222
2379,-0.136707,-0.208344,-0.682914,-0.000539355,0.0101538,-0.00173939
2380,-0.136063,-0.196236,-0.614921,-0.000629228,0.00890272,-0.00185984
2381,-0.000621311,0.00541737,-0.0131318,0,0,0
2382,-0.000619903,0.00548123,-0.0135482,0,0,0
2383,-0.000621432,0.00555479,-0.0139622,0,0,0
2384,-0.0009368,0.00529772,-0.0134161,0,0,0
2385,-0.000984985,0.00536422,-0.0138293,0,0,0
2386,-0.00102921,0.00544064,-0.01424,0,0,0
2387,-0.000669333,0.00540506,-0.0132111,0,0,0
2388,-0.000886978,0.00532512,-0.0134018,0,0,0
2389,-0.000723004,0.00538937,-0.0132806,0,0,0
2390,-0.000831824,0.00534938,-0.013376,0,0,0
2391,-0.000777255,0.0053696,-0.0133432,0,0,0
2392,-0.000690055,0.00547183,-0.0136168,0,0,0
2393,-0.000708947,0.00554408,-0.0140159,0,0,0
2394,-0.000912215,0.00539378,-0.0138037,0,0,0
2395,-0.000938105,0.00546787,-0.0141993,0,0,0
2396,-0.000742662,0.00545896,-0.0136872,0,0,0
2397,-0.000859267,0.00541989,-0.0137805,0,0,0
2398,-0.000800464,0.0054401,-0.0137237,0,0,0
2399,-0.000754265,0.00553262,-0.0141091,0,0,0
2400,-0.000893201,0.00549454,-0.014201,0,0,0
2401,-0.000822774,0.00551778,-0.014146,0,0,0
2402,0.00026701,-6.60749e-005,-0.000357292,0,0,0
2403,0.000174964,0.000105387,-0.00029796,0,0,0
2404,0.000277375,-9.77502e-006,-0.000270653,0,0,0
2405,0.000166253,-0.000119907,-0.000301453,0,0,0
2406,0.00025533,5.06732e-005,-0.00035467,0,0,0
2407,0.000405773,-0.000237572,-0.000201618,0,0,0
2408,0.000158033,0.000150488,-0.000457308,0,0,0
2409,0.000412352,-9.39171e-006,-0.000301081,0,0,0
2410,0.000149901,-0.000176552,-0.000460954,0,0,0
2411,0.000385015,0.000215825,-0.00021513,0,0,0
2412,0.000356235,-7.68914e-005,-0.000379967,0,0,0
2413,0.00027228,8.45127e-005,-0.000523069,0,0,0
2414,0.000370141,-1.49447e-005,-0.000337469,0,0,0
2415,0.000259219,-0.000108062,-0.000525637,0,0,0
2416,0.000336959,5.13374e-005,-0.000387273,0,0,0
2417,0.000360206,2.12234e-005,-0.00048145,0,0,0
2418,0.000373879,1.67877e-006,-0.00049513,0,0,0
2419,0.000390544,-2.72601e-006,-0.000601923,0,0,0
2420,0.000408721,-1.75278e-005,-0.000477299,0,0,0
2421,0.000402301,-3.20905e-005,-0.000678261,0,0,0
2422,0.000368385,-2.5533e-005,-0.000481633,0,0,0
2423,0.000325726,-1.48154e-005,-0.000503159,0,0,0
2424,0.000355808,-6.64033e-006,-0.000485278,0,0,0
2425,0.000334103,-5.22953e-005,-0.000483448,0,0,0
2426,0.00036502,7.80569e-006,-0.00050426,0,0,0
2427,0.0003838,-2.13621e-005,-0.000585301,0,0,0
2428,0.000395858,-1.30196e-005,-0.000533616,0,0,0
2429,0.000410272,-2.40704e-005,-0.000634331,0,0,0
2430,0.000364605,-1.69987e-005,-0.000541284,0,0,0
2431,0.00035028,-4.10127e-005,-0.000509466,0,0,0
2432,0.000344489,-3.38062e-005,-0.000511013,0,0,0
2433,0.000378745,-1.89843e-005,-0.000541063,0,0,0
2434,0.000380489,-1.96572e-005,-0.00059622,0,0,0
2435,0.000407663,-2.29363e-005,-0.000551377,0,0,0
2436,0.000368083,-1.57408e-005,-0.000584968,0,0,0
2437,0.000362315,-3.4337e-005,-0.000596828,0,0,0
2438,0.00037972,-2.76071e-005,-0.000543719,0,0,0
2439,0.000394542,-1.8972e-005,-0.00063014,0,0,0
2440,0.000373403,-2.18354e-005,-0.000500001,0,0,0
2441,0.000374515,-1.27579e-005,-0.000667818,0,0,0
2442,0.000246494,0.000206115,-0.000200252,0,0,0
2443,0.000220256,-8.28073e-005,-0.000244305,0,0,0
2444,0.000219942,-4.62786e-006,-0.000346494,0,0,0
2445,0.000212948,6.70909e-005,-0.000243773,0,0,0
2446,0.0002288,-0.000219847,-0.000218997,0,0,0
2447,0.000158602,-0.000117584,-0.000398632,0,0,0
2448,0.00032291,0.000165672,-0.000313538,0,0,0
2449,0.000143909,-6.98547e-006,-0.000212624,0,0,0
2450,0.000308457,-0.000167447,-0.000317975,0,0,0
2451,0.000136476,0.000115917,-0.000374401,0,0,0
2452,0.0121427,0.00431042,-0.00355294,-0.000903971,-0.00902261,0.00106339
2453,0.000403238,0.000279452,-0.000132074,0,0,0
2454,3.55534e-005,-0.000130727,-0.000195932,0,0,0
2455,0.000454145,4.73535e-006,-0.000422156,0,0,0
2456,2.04224e-005,0.00012297,-0.000181795,0,0,0
2457,0.000384505,-0.000283929,-0.000163915,0,0,0
2458,7.98181e-005,-0.000130868,-0.000516466,0,0,0
2459,0.000417236,0.000148534,4.1351e-005,0,0,0
2460,0.00119234,0.000176013,-0.00105732,0,0,0
2461,-0.00246678,-0.000221684,0.0010036,0,0,0
2462,0.000642805,0.000212526,-0.000395669,0,0,0
2463,-0.000118532,-1.30438e-006,-8.7568e-005,0,0,0
2464,0.000627411,-0.000191532,-0.000410344,0,0,0
2465,5.57934e-006,0.000158652,-0.000442575,0,0,0
2466,-0.000164483,-0.000161091,-0.00011892,0,0,0
2467,0.000690606,5.2092e-005,-0.000511173,0,0,0
2468,0.00194792,0.000289355,-0.000676989,0,0,0
2469,0.00085459,1.76686e-005,-0.000645954,0,0,0
2470,-0.000227326,0.000177761,-7.31885e-005,0,0,0
2471,0.000446167,-0.000132297,-2.96136e-005,0,0,0
2472,-0.00038494,2.96691e-005,0.000187467,0,0,0
2473,-0.000992303,4.5108e-005,0.000207887,0,0,0
2474,0.000711571,2.93887e-006,-0.000527019,0,0,0
2475,0.000893499,-9.22519e-005,-0.000884148,0,0,0
2476,0.00174837,-0.000157833,-0.00066579,0,0,0
2477,-0.00217385,0.000285256,0.000922172,0,0,0
2478,0.0110378,-0.00384444,-0.00337048,-0.000668244,-0.00820409,0.000678901
2479,-0.0430123,-0.0164202,-0.319962,-0.000901285,-0.00427007,0.00104811
2480,0.00356123,-0.0316238,-0.379315,-0.000907178,-0.00413928,0.00104636
2481,-0.0150855,-0.03721,-0.469203,-0.000918029,-0.00923858,0.00102765
2482,-0.034303,-0.0115441,-0.216231,-0.000679071,-0.00436397,0.000722614
2483,0.0540747,-0.0368093,-0.326831,-0.000628479,-0.00456831,0.000775867
2484,0.0408098,-0.0489595,-0.526391,-0.000567893,-0.00876361,0.000936417
2485,0.0233422,-0.0817568,-0.945114,-0.0011399,-0.00611647,0.00110549
2486,0.104021,-0.0816972,-0.776574,-0.000441462,-0.007123,0.00102772
2487,-0.0157046,-0.124527,-1.36353,-0.00100074,-0.00666991,0.00120387
2488,0.0187438,-0.141848,-1.43068,-0.000994093,-0.00502767,0.00120499
2489,-0.00805929,-0.148817,-1.49735,-0.000984872,-0.0060883,0.00122277
2490,0.0271299,-0.107398,-1.01507,-0.000240962,-0.00654806,0.00114705
2491,0.0638899,-0.135415,-1.13575,-0.00012634,-0.00347882,0.0010844
2492,0.0233493,-0.160504,-1.21944,-7.32546e-006,-0.00207534,0.00116542
2493,0.0106896,-0.202893,-1.68588,-0.00083707,-0.00247951,0.00111155
2494,0.00179943,-0.23573,-1.89675,-0.0242132,0.0127199,0
2495,0.00653471,-0.236336,-1.79013,-0.0243539,0.0122701,0
2496,0.0112286,-0.236825,-1.64786,-0.0266747,0.0099413,0
2497,0.016015,-0.23727,-1.52339,-0.0289938,0.0135271,0
2498,0.0207667,-0.237747,-1.36326,-0.0291375,0.0150884,0
2499,0.0188211,-0.189503,-1.24853,0.000224241,-0.000825372,0.00103245
2500,-0.000176755,-1.22558e-005,-0.000341028,0,0,0
2501,-0.000124374,5.47979e-005,-0.000268174,0,0,0
2502,-0.000161986,-1.8615e-005,-0.000295085,0,0,0
2503,-9.51821e-005,-8.00521e-005,-0.000266447,0,0,0
2504,-0.000133056,-1.08108e-005,-0.000291967,0,0,0
2505,-0.000265103,-0.000108534,-0.000296783,0,0,0
2506,-0.000123119,6.98987e-005,-0.000395305,0,0,0
2507,-0.000237944,-1.16943e-005,-0.00034617,0,0,0
2508,-9.22017e-005,-0.000114611,-0.000396131,0,0,0
2509,-0.000189593,7.74166e-005,-0.000334347,0,0,0
2510,-0.000244104,-3.25411e-005,-0.000414896,0,0,0
2511,-0.000190429,4.70896e-005,-0.000458289,0,0,0
2512,-0.000218402,-2.1142e-005,-0.000399957,0,0,0
2513,-0.000144887,-6.70541e-005,-0.000447194,0,0,0
2514,-0.00017789,5.51382e-006,-0.000383464,0,0,0
2515,-0.00025903,1.95593e-005,-0.000493477,0,0,0
2516,-0.000275877,1.26442e-005,-0.000498189,0,0,0
2517,-0.000285177,1.13425e-005,-0.000602143,0,0,0
2518,-0.000309089,6.93565e-006,-0.000504418,0,0,0
2519,-0.000296739,-2.6472e-007,-0.000659871,0,0,0
2520,-0.00024286,-1.38855e-005,-0.000489981,0,0,0
2521,-0.000203401,-1.0383e-005,-0.000484648,0,0,0
2522,-0.000196638,-1.75148e-005,-0.000489506,0,0,0
2523,-0.000158132,-4.52601e-005,-0.000485874,0,0,0
2524,-0.00024819,9.95781e-006,-0.000509565,0,0,0
2525,-0.000261583,-1.51644e-006,-0.00057948,0,0,0
2526,-0.000272643,6.11699e-006,-0.000543295,0,0,0
2527,-0.00028123,5.78588e-006,-0.000620229,0,0,0
2528,-0.000222419,-8.99596e-006,-0.000534383,0,0,0
2529,-0.000196174,-2.28242e-005,-0.00050182,0,0,0
2530,-0.000177293,-2.27558e-005,-0.000492511,0,0,0
2531,-0.00023775,-4.2505e-006,-0.000542723,0,0,0
2532,-0.000236615,2.74886e-006,-0.000583534,0,0,0
2533,-0.00025846,2.79096e-006,-0.00056049,0,0,0
2534,-0.00020317,-6.1817e-006,-0.000566153,0,0,0
2535,-0.000173313,-1.83249e-005,-0.000564653,0,0,0
2536,-0.000216144,-3.24023e-006,-0.000549025,0,0,0
2537,-0.000222612,7.63614e-006,-0.000595106,0,0,0
2538,-0.000189875,6.35976e-008,-0.000521437,0,0,0
2539,-0.000185628,7.36786e-006,-0.000605497,0,0,0
2540,-0.000163794,0.000120527,-0.000217231,0,0,0
2541,-0.000138224,-3.52997e-005,-0.000280772,0,0,0
2542,-0.000125855,-3.29559e-006,-0.000297475,0,0,0
2543,-0.000110105,1.28962e-005,-0.000269028,0,0,0
2544,-0.000104428,-0.000138011,-0.000277697,0,0,0
2545,-0.000119816,-1.72138e-005,-0.000392883,0,0,0
2546,-0.000186723,0.000103374,-0.000261881,0,0,0
2547,-8.05266e-005,-6.61128e-006,-0.000270991,0,0,0
2548,-0.000142517,-8.55595e-005,-0.000264892,0,0,0
2549,-4.22865e-005,4.17307e-005,-0.000255667,0,0,0
2550,-0.00743967,0.00278447,-0.00170021,-0.00112732,0.00617847,-0.00213473
2551,-0.000222574,0.000169855,-0.000155428,0,0,0
2552,-4.12869e-005,-4.77748e-005,-0.000282819,0,0,0
2553,-0.000223174,2.63014e-005,-0.000316554,0,0,0
2554,1.31138e-005,5.5786e-005,-0.000220556,0,0,0
2555,-0.000167601,-0.00015303,-0.000278627,0,0,0
2556,-0.000130902,1.12552e-005,-0.000520718,0,0,0
2557,-0.0001486,0.000135367,-9.56654e-006,0,0,0
2558,-0.000943321,0.000218885,-0.000886564,0,0,0
2559,0.00162175,6.93784e-005,0.000281529,0,0,0
2560,-0.000326437,0.000157676,-0.000268372,0,0,0
2561,6.33405e-005,1.39577e-005,-0.000217332,0,0,0
2562,-0.000283593,-6.93573e-005,-0.000311488,0,0,0
2563,0.00011441,0.000102778,-0.000183467,0,0,0
2564,1.3181e-005,-3.71336e-005,-0.000294643,0,0,0
2565,-0.000284034,0.000128845,-0.00032952,0,0,0
2566,-0.00116735,0.000316944,-0.000291348,0,0,0
2567,-0.00039602,6.47063e-005,-0.000405437,0,0,0
2568,0.000216529,0.000121489,-0.00011318,0,0,0
2569,-0.000251032,-4.40909e-005,-0.000307414,0,0,0
2570,0.0002093,0.000101057,-5.05376e-005,0,0,0
2571,0.000514047,0.000165601,-0.0002163,0,0,0
2572,-0.000339958,6.35597e-005,-0.000392233,0,0,0
2573,-7.11637e-006,5.05245e-005,-0.000133761,0,0,0
2574,-0.000563274,7.46199e-005,-0.000136284,0,0,0
2575,0.000786548,0.000149054,-0.000118243,0,0,0
2576,-0.00409267,-0.00130538,-0.00040187,0.00117063,0.000966823,-0.000696424
2577,0.00180924,-0.0832675,-0.24017,-0.0011214,0.00412173,-0.00216278
2578,0.0176882,-0.0993775,-0.305438,-0.00108217,0.00700234,-0.00221589
2579,0.0422762,-0.0555922,-0.200796,-0.00113799,0.00278591,-0.00216695
2580,-0.0524345,-0.0391807,0.0267512,0.000971228,0.000917371,-0.000675132
2581,-0.0490797,-0.0627117,0.0045837,0.000501394,0.00147187,-0.000429178
2582,0.00336794,-0.0389051,-0.00290724,0.00122788,-0.0011315,-0.000631056
2583,-0.0135598,-0.262132,-1.16546,-0.000307357,0.00583429,-0.000828193
2584,0.0165301,-0.267749,-1.25094,-0.000296318,0.00808232,-0.000609383
2585,0.0265197,-0.251176,-1.08423,-0.00030024,0.00778434,-0.00105075
2586,-0.0908239,-0.200481,-0.498813,0.0018987,0.00652115,-0.00182874
2587,-0.0424516,-0.259077,-0.702895,0.00203396,0.00790713,-0.000794732
2588,-0.0221214,-0.167151,-0.296063,0.00140633,0.0087695,-0.00297485
2589,-0.0146176,-0.276793,-1.55397,-0.000515744,0.0041092,0.000106231
2590,0.0103944,-0.253214,-1.87182,-0.0262663,-0.0101541,0
2591,0.0141132,-0.253821,-1.75494,-0.026402,-0.00877155,0
2592,0.0177908,-0.254393,-1.60245,-0.0287176,-0.00538809,0
2593,0.021561,-0.254855,-1.46777,-0.0310314,-0.00792695,0
2594,0.0252962,-0.255134,-1.29747,-0.0311699,-0.00855796,0
2595,-0.0979996,-0.246857,-0.91331,0.00106469,0.0066073,-8.97125e-005
2596,-0.111999,-0.147092,-0.289023,0.000445171,0.0100885,-0.00210861
2597,-0.0795337,-0.0549026,0.0101062,-2.00396e-005,0.000823177,-0.00103635
2598,-0.03404,-0.154469,-0.26237,0.00116871,0.0089661,-0.00295835
2599,-0.0546265,-0.0633109,0.0015298,0.000348704,0.00148336,-0.000522914
2600,-0.000975683,-0.00771749,-0.013988,0,0,0
2601,-0.00103513,-0.00775802,-0.0144522,0,0,0
2602,-0.00106895,-0.00780397,-0.0149048,0,0,0
2603,-0.00117293,-0.00758335,-0.0142822,0,0,0
2604,-0.0011696,-0.00762572,-0.0147422,0,0,0
2605,-0.00119125,-0.00767358,-0.0151905,0,0,0
2606,-0.00102979,-0.00771041,-0.0140199,0,0,0
2607,-0.00111621,-0.00762094,-0.0142161,0,0,0
2608,-0.00105459,-0.00768431,-0.0141079,0,0,0
2609,-0.00109284,-0.00763903,-0.0142063,0,0,0
2610,-0.00107312,-0.00764122,-0.0141186,0,0,0
2611,-0.00103224,-0.00774379,-0.0145685,0,0,0
2612,-0.00103353,-0.00778502,-0.0151087,0,0,0
2613,-0.00117309,-0.00765527,-0.0147617,0,0,0
2614,-0.00123046,-0.00769804,-0.0152995,0,0,0
2615,-0.00106547,-0.00772731,-0.0145902,0,0,0
2616,-0.00113678,-0.00768331,-0.0146867,0,0,0
2617,-0.0011015,-0.00770794,-0.014702,0,0,0
2618,-0.00111851,-0.00777739,-0.0150299,0,0,0
2619,-0.00114077,-0.00773407,-0.0151235,0,0,0
2620,-0.00113246,-0.0077773,-0.0152032,0,0,0
2621,-0.151805,-0.203554,-0.64596,-0.000566931,0.00941856,-0.00179227
2622,-0.000685934,0.00583791,-0.0133408,0,0,0
2623,-0.000711498,0.00590086,-0.0137607,0,0,0
2624,-0.000731411,0.00596491,-0.0141702,0,0,0
2625,-0.000983851,0.00571506,-0.0136287,0,0,0
2626,-0.00100612,0.00578068,-0.0140449,0,0,0
2627,-0.00103308,0.00584728,-0.0144509,0,0,0
2628,-0.000741332,0.00582951,-0.0134123,0,0,0
2629,-0.000926275,0.00574756,-0.013605,0,0,0
2630,-0.000787703,0.00581656,-0.0134745,0,0,0
2631,-0.000879197,0.00577556,-0.0135707,0,0,0
2632,-0.000833199,0.00579935,-0.0135143,0,0,0
2633,-0.000747884,0.00588976,-0.0138515,0,0,0
2634,-0.00075595,0.00595555,-0.0142863,0,0,0
2635,-0.000968824,0.00580951,-0.0140409,0,0,0
2636,-0.00100889,0.00587711,-0.0144722,0,0,0
2637,-0.000805067,0.00587454,-0.0139094,0,0,0
2638,-0.000909615,0.00583442,-0.0140042,0,0,0
2639,-0.000857502,0.00585766,-0.013987,0,0,0
2640,-0.000833904,0.00593937,-0.0143078,0,0,0
2641,-0.000928143,0.00590005,-0.0144002,0,0,0
2642,-0.000881876,0.00591937,-0.0143839,0,0,0
2643,0.000273791,0.000444005,-0.000533384,0,0,0
2644,0.000331576,-0.000173958,-0.000263574,0,0,0
2645,0.000213624,-1.03759e-005,-0.000433556,0,0,0
2646,0.000317038,0.000163524,-0.000265538,0,0,0
2647,0.000255682,-0.000457265,-0.000528804,0,0,0
2648,0.000345405,0.000156817,-0.000476966,0,0,0
2649,0.000315205,-8.75445e-005,-0.000297665,0,0,0
2650,0.000309075,-6.80269e-006,-0.000554631,0,0,0
2651,0.00030482,6.6008e-005,-0.000301238,0,0,0
2652,0.000318708,-0.000174556,-0.000479701,0,0,0
2653,0.000371499,6.66639e-006,-0.000427231,0,0,0
2654,0.000352945,1.34772e-005,-0.000544925,0,0,0
2655,0.000414452,2.84849e-006,-0.000455061,0,0,0
2656,0.000359988,-9.13843e-006,-0.000648864,0,0,0
2657,0.000458237,-1.37437e-005,-0.000428266,0,0,0
2658,0.000333639,4.24755e-005,-0.00049673,0,0,0
2659,0.000358935,-1.04413e-005,-0.000434866,0,0,0
2660,0.000316965,-5.95787e-005,-0.000497886,0,0,0
2661,0.000341048,-2.26194e-005,-0.000438835,0,0,0
2662,0.000366477,-1.45084e-005,-0.000518486,0,0,0
2663,0.000383578,6.16241e-007,-0.000506252,0,0,0
2664,0.000378036,-9.43651e-006,-0.000598724,0,0,0
2665,0.000408886,-2.08502e-005,-0.000496036,0,0,0
2666,0.000354991,-1.05683e-005,-0.000507286,0,0,0
2667,0.000351249,-6.17431e-006,-0.000519745,0,0,0
2668,0.000326387,-3.43708e-005,-0.000537473,0,0,0
2669,0.00035985,-1.03418e-005,-0.000558505,0,0,0
2670,0.000393145,-1.31523e-005,-0.000531068,0,0,0
2671,0.000380699,-1.23962e-005,-0.000612168,0,0,0
2672,0.000365546,-2.32041e-005,-0.000512892,0,0,0
2673,0.000374184,-2.33781e-005,-0.000474974,0,0,0
2674,0.000361844,-1.34851e-005,-0.000595264,0,0,0
2675,0.00039029,-7.84012e-006,-0.000508234,0,0,0
2676,0.000333065,-1.45655e-005,-0.000636658,0,0,0
2677,0.000414588,-1.19894e-005,-0.00045713,0,0,0
2678,0.000126948,-0.00054578,-7.05309e-005,0,0,0
2679,0.000372576,0.000301274,-0.000497077,0,0,0
2680,0.000202682,3.48477e-008,-0.000227349,0,0,0
2681,0.00036308,-0.00031576,-0.000495234,0,0,0
2682,9.93212e-005,0.000538357,-8.2234e-005,0,0,0
2683,0.000801257,0.000958165,-0.000688243,0,0,0
2684,-3.86477e-005,-0.000359478,-0.000157647,0,0,0
2685,0.000630405,-5.37392e-006,-0.000494514,0,0,0
2686,-6.51509e-005,0.000372961,-0.000159572,0,0,0
2687,0.000763706,-0.000947699,-0.000664736,0,0,0
2688,-0.000738565,-0.00126383,0.000178805,0,0,0
2689,0.00255849,0.00193921,-0.00109786,0,0,0
2690,-0.00355462,-0.00265184,0.000948649,0,0,0
2691,0.0121427,0.00431042,-0.00355294,0,0,0
2692,0.00115136,0.000568905,-0.000638443,0,0,0
2693,-0.000461752,2.02974e-005,-0.00010361,0,0,0
2694,0.0011333,-0.000565265,-0.000624871,0,0,0
2695,-0.00076991,0.00126937,0.000160715,0,0,0
2696,-0.00127246,-0.000704479,9.07237e-005,0,0,0
2697,0.00383887,0.000797225,-0.00114185,0,0,0
2698,-0.00705311,-0.000662682,0.00175064,0,0,0
2699,0.00195489,-6.98347e-006,-0.000684034,0,0,0
2700,-0.00130707,0.000763935,7.96778e-005,0,0,0
2701,0.00241701,-0.00184399,-0.00103584,0,0,0
2702,-0.00290327,7.48879e-005,0.000299971,0,0,0
2703,0.006597,5.22122e-005,-0.00206973,0,0,0
2704,0.00368029,-0.00075095,-0.00109905,0,0,0
2705,-0.00341966,0.00258594,0.000890656,0,0,0
2706,-0.00675218,0.000789981,0.00170004,0,0,0
2707,0.0110378,-0.00384444,-0.00337048,0,0,0
2708,-0.0429254,-0.0181075,-0.338482,-0.000901948,-0.00444725,0.00104536
2709,-0.0109769,-0.0282272,-0.379171,-0.000905577,-0.00434316,0.00104397
2710,-0.027276,-0.0319582,-0.435268,-0.00091242,-0.0082828,0.00103011
2711,-0.0347633,-0.0126061,-0.234131,-0.00067806,-0.00388381,0.000732019
2712,0.039575,-0.0344419,-0.326714,-0.000633662,-0.00382095,0.000780292
2713,0.0284269,-0.0447078,-0.493565,-0.000582891,-0.00867665,0.000920745
2714,0.00205329,-0.0774494,-0.945992,-0.0011481,-0.00570373,0.00110549
2715,0.0798654,-0.0800091,-0.777467,-0.000453589,-0.00617284,0.00102772
2716,-0.0241647,-0.126551,-1.38703,-0.000999096,-0.00623283,0.00120799
2717,0.000376097,-0.138116,-1.43058,-0.000995285,-0.00514247,0.0012081
2718,-0.0184068,-0.142759,-1.47491,-0.000989862,-0.0061563,0.00122157
2719,0.0181956,-0.110781,-1.038,-0.000222321,-0.00591635,0.00115417
2720,0.0520099,-0.134938,-1.13568,-0.000127613,-0.00315085,0.00109529
2721,0.0203864,-0.156558,-1.2107,-2.93318e-005,-0.0025155,0.00117166
2722,0.00180533,-0.199759,-1.68679,-0.000835928,-0.00237585,0.00111155
2723,-0.00036089,-0.230843,-1.97156,-0.0260554,0.00989799,0
2724,0.00454094,-0.231454,-1.82778,-0.0256677,0.00990619,0
2725,0.0094135,-0.232007,-1.71279,-0.0260595,0.00882698,0
2726,0.0142888,-0.23252,-1.56718,-0.0264525,0.0111766,0
2727,0.0191406,-0.233013,-1.45035,-0.026069,0.0122974,0
2728,0.0161292,-0.190357,-1.24947,0.000229146,-0.000675455,0.00103245
2729,-0.000186481,0.000245568,-0.000421267,0,0,0
2730,-0.000207978,-7.03452e-005,-0.000339537,0,0,0
2731,-0.000127119,-1.25564e-005,-0.000364062,0,0,0
2732,-0.000159954,7.78883e-005,-0.000331326,0,0,0
2733,-0.000124678,-0.000245988,-0.000346508,0,0,0
2734,-0.000239857,0.000103636,-0.000451314,0,0,0
2735,-0.000199963,-3.64847e-005,-0.000377335,0,0,0
2736,-0.000183932,8.64535e-006,-0.000470826,0,0,0
2737,-0.000162327,2.49892e-005,-0.00037469,0,0,0
2738,-0.000139211,-9.90211e-005,-0.000456089,0,0,0
2739,-0.000265251,3.34005e-005,-0.000443867,0,0,0
2740,-0.000254943,3.68231e-005,-0.000561719,0,0,0
2741,-0.00031183,4.11615e-005,-0.000482993,0,0,0
2742,-0.000269827,3.5164e-005,-0.00064204,0,0,0
2743,-0.00034781,3.99386e-005,-0.000471512,0,0,0
2744,-0.000224604,4.42457e-005,-0.000486315,0,0,0
2745,-0.000210056,4.43696e-006,-0.000457402,0,0,0
2746,-0.000166896,-1.8052e-005,-0.000467595,0,0,0
2747,-0.000168037,-6.59704e-006,-0.000417173,0,0,0
2748,-0.000243471,1.92423e-005,-0.000524252,0,0,0
2749,-0.000262989,3.20883e-005,-0.0005232,0,0,0
2750,-0.000260515,3.67334e-005,-0.000594489,0,0,0
2751,-0.000285649,3.04593e-005,-0.000521373,0,0,0
2752,-0.000217804,1.67988e-005,-0.000508691,0,0,0
2753,-0.000188087,1.10719e-005,-0.000514951,0,0,0
2754,-0.000146721,-4.23142e-006,-0.000521638,0,0,0
2755,-0.000219459,2.55724e-005,-0.000551098,0,0,0
2756,-0.000247167,2.88319e-005,-0.00054422,0,0,0
2757,-0.000239124,4.00053e-005,-0.000590492,0,0,0
2758,-0.000200802,1.70378e-005,-0.000517958,0,0,0
2759,-0.000181443,1.28475e-005,-0.000487063,0,0,0
2760,-0.000199803,2.84844e-005,-0.000570257,0,0,0
2761,-0.000222434,3.96868e-005,-0.000532735,0,0,0
2762,-0.000158032,2.85534e-005,-0.000580339,0,0,0
2763,-0.00020598,3.94641e-005,-0.000503668,0,0,0
2764,-0.000115021,-0.000239815,-0.000245544,0,0,0
2765,-0.000213308,0.000164254,-0.000403855,0,0,0
2766,-0.000115554,2.13799e-005,-0.000316202,0,0,0
2767,-0.000178817,-0.000164814,-0.000379199,0,0,0
2768,-1.86969e-005,0.000261422,-0.000295716,0,0,0
2769,-0.000457464,0.000535448,-0.000497168,0,0,0
2770,-2.22389e-005,-0.000128562,-0.00029847,0,0,0
2771,-0.000319193,6.76009e-006,-0.000367654,0,0,0
2772,6.16872e-005,0.000217354,-0.000300758,0,0,0
2773,-0.000338785,-0.000455795,-0.000319603,0,0,0
2774,0.000330662,-0.000578836,-0.000139419,0,0,0
2775,-0.00144942,0.00113381,-0.000700399,0,0,0
2776,0.0019671,-0.00136541,0.00021682,0,0,0
2777,-0.00743967,0.00278447,-0.00170021,0,0,0
2778,-0.000595233,0.000323605,-0.000458005,0,0,0
2779,0.000233336,8.70823e-005,-0.000276868,0,0,0
2780,-0.000536087,-0.000261186,-0.00036868,0,0,0
2781,0.000437597,0.000649056,-0.000269533,0,0,0
2782,0.000600326,-0.000239185,-0.000190082,0,0,0
2783,-0.00210081,0.000494254,-0.00066001,0,0,0
2784,0.00392849,-0.000134043,0.000394583,0,0,0
2785,-0.000965991,5.31158e-006,-0.000402311,0,0,0
2786,0.000708315,0.000475938,-0.00026465,0,0,0
2787,-0.00101808,-0.000791507,-0.000275438,0,0,0
2788,0.00147215,0.000256316,-0.000156124,0,0,0
2789,-0.00327015,0.000191982,-0.000730515,0,0,0
2790,-0.0016169,-0.000296699,-0.000375858,0,0,0
2791,0.00156802,0.00122804,-0.000236394,0,0,0
2792,0.0030166,0.000573241,4.86657e-005,0,0,0
2793,-0.00409267,-0.00130538,-0.00040187,0,0,0
2794,0.0169212,-0.0790421,-0.240039,-0.00112677,0.00415943,-0.00217179
2795,0.0294242,-0.0897765,-0.281,-0.00110223,0.00637664,-0.00221306
2796,0.0433293,-0.0605487,-0.212196,-0.00113631,0.00310211,-0.0021739
2797,-0.0474023,-0.0429607,0.0268371,0.00102383,0.00134183,-0.000638254
2798,-0.0434403,-0.0626783,0.00779845,0.000640285,0.00149798,-0.00035844
2799,0.00119108,-0.0434453,0.00199066,0.00122697,-0.00135243,-0.000609438
2800,0.00759813,-0.261007,-1.16536,-0.000290701,0.00602695,-0.00082842
2801,0.0295725,-0.265032,-1.22143,-0.000281617,0.00792984,-0.000680743
2802,0.0363088,-0.253983,-1.11226,-0.000284341,0.00741426,-0.000978412
2803,-0.0693819,-0.20787,-0.498747,0.0020113,0.00569375,-0.00186328
2804,-0.0303929,-0.260414,-0.673496,0.0021171,0.0080929,-0.000939337
2805,-0.010766,-0.18028,-0.32881,0.0016221,0.00848069,-0.00295493
2806,9.00898e-006,-0.274874,-1.55487,-0.00051198,0.00391311,0.000106231
2807,0.0125312,-0.256831,-1.93405,-0.0291353,-0.0073109,0
2808,0.0159086,-0.257433,-1.7749,-0.0287398,-0.00638632,0
2809,0.0192569,-0.25794,-1.64457,-0.0291238,-0.00425249,0
2810,0.0226079,-0.258335,-1.48365,-0.0295092,-0.00555526,0
2811,0.0259352,-0.258598,-1.35156,-0.0291181,-0.0057457,0
2812,-0.0749162,-0.250772,-0.914251,0.00103598,0.0059774,-8.97125e-005
2813,-0.111351,-0.138904,-0.249201,0.000223503,0.0101431,-0.00211083
2814,-0.0835238,-0.0590064,0.00715153,-0.000175249,0.000953843,-0.00112181
2815,-0.046307,-0.1424,-0.228091,0.000909243,0.00903985,-0.00290543
2816,-0.0601866,-0.06458,-0.00153988,0.000182215,0.00156306,-0.000639649
2817,-0.00110197,-0.00824422,-0.0140502,0,0,0
2818,-0.00106473,-0.0082703,-0.014636,0,0,0
2819,-0.00105886,-0.00830088,-0.0152088,0,0,0
2820,-0.00117175,-0.0081074,-0.0143424,0,0,0
2821,-0.00127125,-0.00813501,-0.0149261,0,0,0
2822,-0.00133861,-0.00816725,-0.0154973,0,0,0
2823,-0.00108754,-0.00821913,-0.0141744,0,0,0
2824,-0.00118689,-0.00812767,-0.014371,0,0,0
2825,-0.0011091,-0.00822112,-0.0141764,0,0,0
2826,-0.0011615,-0.00817626,-0.0142739,0,0,0
2827,-0.00113591,-0.00824259,-0.0142653,0,0,0
2828,-0.00112749,-0.00825759,-0.0146356,0,0,0
2829,-0.00117159,-0.00829918,-0.0151071,0,0,0
2830,-0.0012055,-0.00816769,-0.0148282,0,0,0
2831,-0.00121918,-0.00821003,-0.0152943,0,0,0
2832,-0.00114926,-0.00823908,-0.0147592,0,0,0
2833,-0.00118631,-0.00819369,-0.0148556,0,0,0
2834,-0.00116718,-0.00821712,-0.0147579,0,0,0
2835,-0.00114197,-0.00826209,-0.0153316,0,0,0
2836,-0.00125331,-0.00821707,-0.0154268,0,0,0
2837,-0.00119355,-0.00820178,-0.0151972,0,0,0
2838,-0.118624,-0.201573,-0.64401,-0.000510839,0.00859003,-0.00179227
2839,-0.000773431,0.00628334,-0.0135228,0,0,0
2840,-0.000765039,0.00633563,-0.0139827,0,0,0
2841,-0.000764841,0.0063975,-0.0144434,0,0,0
2842,-0.00101066,0.00615758,-0.0138129,0,0,0
2843,-0.00107064,0.00621221,-0.01427,0,0,0
2844,-0.00112147,0.00627659,-0.0147275,0,0,0
2845,-0.000803621,0.00626901,-0.0136039,0,0,0
2846,-0.000979283,0.00618501,-0.0137986,0,0,0
2847,-0.000846063,0.00625214,-0.0136706,0,0,0
2848,-0.000935131,0.00621019,-0.0137681,0,0,0
2849,-0.00089055,0.00623305,-0.0137458,0,0,0
2850,-0.000830714,0.00632491,-0.014038,0,0,0
2851,-0.000855304,0.006386,-0.0144645,0,0,0
2852,-0.00100231,0.0062426,-0.0142289,0,0,0
2853,-0.00102672,0.00630529,-0.0146516,0,0,0
2854,-0.000871466,0.00631056,-0.0141118,0,0,0
2855,-0.000961811,0.00626931,-0.0142069,0,0,0
2856,-0.000916084,0.0062905,-0.0141307,0,0,0
2857,-0.000878503,0.00637313,-0.0145888,0,0,0
2858,-0.00100487,0.00633278,-0.0146828,0,0,0
2859,-0.000940276,0.00635586,-0.0146046,0,0,0
2860,0.000260793,-0.000115233,-0.000333946,0,0,0
2861,0.000412492,0.000148221,-0.000528461,0,0,0
2862,0.000243697,-7.14806e-006,-0.000272272,0,0,0
2863,0.000391529,-0.000148817,-0.000525686,0,0,0
2864,0.000229191,0.000113081,-0.000337653,0,0,0
2865,0.000324321,7.46188e-005,-0.000498557,0,0,0
2866,0.000430699,8.94018e-006,-0.000417183,0,0,0
2867,0.000307953,1.8167e-005,-0.000602021,0,0,0
2868,0.000471589,-5.30976e-006,-0.000415591,0,0,0
2869,0.000302451,-4.1636e-006,-0.000686971,0,0,0
2870,0.000345638,-4.20481e-005,-0.000415087,0,0,0
2871,0.000335841,-1.85898e-006,-0.000497311,0,0,0
2872,0.000330223,3.3552e-005,-0.000418492,0,0,0
2873,0.000297995,-8.13858e-005,-0.000487265,0,0,0
2874,0.000369968,3.20192e-005,-0.000479281,0,0,0
2875,0.000355709,3.43251e-007,-0.000559226,0,0,0
2876,0.000400665,-6.30924e-006,-0.000483918,0,0,0
2877,0.000370649,-1.01046e-007,-0.000631155,0,0,0
2878,0.000346901,-2.3177e-006,-0.000503458,0,0,0
2879,0.000349925,-3.6744e-005,-0.000481343,0,0,0
2880,0.000383265,-1.17033e-005,-0.000435509,0,0,0
2881,0.000381483,-3.77913e-006,-0.000494434,0,0,0
2882,0.000345117,-1.63585e-006,-0.000585458,0,0,0
2883,0.000402638,-5.68307e-006,-0.000488741,0,0,0
2884,0.000338896,-4.04813e-006,-0.000557312,0,0,0
2885,0.000284167,-2.2058e-005,-0.000586421,0,0,0
2886,0.000378828,-1.57422e-006,-0.000492891,0,0,0
2887,0.000355158,-5.6078e-006,-0.000624691,0,0,0
2888,0.000418475,-6.85369e-007,-0.000441418,0,0,0
2889,0.000280448,-2.11235e-006,-0.000665311,0,0,0
2890,0.00048114,0.000229213,-0.000480178,0,0,0
2891,0.000133856,-0.000131577,-0.000243028,0,0,0
2892,0.000523658,8.63206e-006,-0.000559626,0,0,0
2893,0.000117657,0.000129698,-0.000248089,0,0,0
2894,0.000452273,-0.000226433,-0.000467309,0,0,0
2895,0.000189501,-0.000125064,-0.000291266,0,0,0
2896,0.000517344,0.000144548,-0.000487468,0,0,0
2897,0.00116418,9.20031e-005,-0.000306352,0,0,0
2898,-0.00265386,0.000366186,0.000704848,0,0,0
2899,0.000717884,0.000214882,-0.000524029,0,0,0
2900,-3.7956e-006,4.72234e-006,-0.000247299,0,0,0
2901,0.00069211,-0.000179045,-0.00051073,0,0,0
2902,0.000104159,0.000165599,-0.000305484,0,0,0
2903,-7.71492e-005,-0.000188097,-0.000271264,0,0,0
2904,0.000777049,0.000166255,-0.00021258,0,0,0
2905,0.00199625,0.000311321,-0.00194267,0,0,0
2906,0.000891298,2.95391e-005,-0.00045362,0,0,0
2907,-0.000138946,0.000224783,-0.000287101,0,0,0
2908,0.000535037,-0.000109117,-0.000444282,0,0,0
2909,-0.000318412,4.63179e-005,-0.000651495,0,0,0
2910,-0.000845664,5.49464e-005,0.000956679,0,0,0
2911,0.000793466,-7.91167e-005,-0.000204602,0,0,0
2912,0.000851904,2.29066e-005,-0.000357871,0,0,0
2913,0.00178948,-0.00012309,-0.00188747,0,0,0
2914,-0.00233135,-0.000260244,0.000737395,0,0,0
2915,-0.0433462,-0.0197837,-0.357843,-0.000902747,-0.00485547,0.00104238
2916,-0.0267636,-0.0248358,-0.37902,-0.000904412,-0.00480518,0.00104157
2917,-0.0373613,-0.0267062,-0.404836,-0.000907638,-0.00705526,0.00103396
2918,-0.0342873,-0.0137035,-0.250464,-0.000676523,-0.00350571,0.0007423
2919,0.0274421,-0.0320553,-0.326591,-0.000638664,-0.00330598,0.000784717
2920,0.0162765,-0.0404805,-0.46112,-0.000597321,-0.00845322,0.000904127
2921,-0.0179974,-0.0731175,-0.946864,-0.00115301,-0.00545608,0.00110549
2922,0.0589985,-0.0782791,-0.778355,-0.000463851,-0.00536885,0.00102772
2923,-0.0317994,-0.12859,-1.40916,-0.000997832,-0.0059225,0.00121148
2924,-0.0186705,-0.134381,-1.43048,-0.000996236,-0.00538976,0.00121122
2925,-0.0288043,-0.136698,-1.45239,-0.000993887,-0.00606026,0.00121876
2926,0.0105945,-0.11422,-1.05871,-0.00020472,-0.00529272,0.00115957
2927,0.0411647,-0.134456,-1.1356,-0.000128744,-0.00292691,0.00110617
2928,0.0164994,-0.152553,-1.20041,-4.99532e-005,-0.0029215,0.00117558
2929,-0.00676799,-0.196628,-1.68769,-0.000835243,-0.00231365,0.00111155
2930,-0.00248375,-0.225866,-1.99563,-0.0275647,0.00446945,0
2931,0.00254062,-0.226482,-1.87658,-0.0258002,0.00477145,0
2932,0.00755115,-0.227059,-1.73446,-0.0254414,0.00461983,0
2933,0.0125507,-0.227597,-1.62217,-0.0250815,0.00604789,0
2934,0.0175444,-0.228096,-1.48681,-0.0233165,0.00687694,0
2935,0.0139561,-0.191228,-1.2504,0.000233297,-0.000548603,0.00103245
2936,-0.000195011,-1.71745e-005,-0.000397546,0,0,0
2937,-0.000258176,0.000114617,-0.000452469,0,0,0
2938,-0.000138204,7.88224e-006,-0.00036938,0,0,0
2939,-0.000187573,-5.14351e-005,-0.000426548,0,0,0
2940,-9.81861e-005,7.3194e-005,-0.000331648,0,0,0
2941,-0.000227924,8.68036e-005,-0.000510306,0,0,0
2942,-0.000318963,6.12216e-005,-0.000450297,0,0,0
2943,-0.000231121,7.43947e-005,-0.000609206,0,0,0
2944,-0.000361253,6.63375e-005,-0.000462577,0,0,0
2945,-0.000238891,7.46136e-005,-0.000671133,0,0,0
2946,-0.000220562,1.44577e-005,-0.000456043,0,0,0
2947,-0.000196926,3.77255e-005,-0.000467168,0,0,0
2948,-0.00016773,3.99148e-005,-0.000451051,0,0,0
2949,-0.000119392,-2.32377e-005,-0.000469846,0,0,0
2950,-0.000249255,6.80983e-005,-0.000491546,0,0,0
2951,-0.000241569,6.13116e-005,-0.000561339,0,0,0
2952,-0.00028044,6.22807e-005,-0.000511679,0,0,0
2953,-0.000259262,7.69609e-005,-0.000613999,0,0,0
2954,-0.00020355,4.37629e-005,-0.000509728,0,0,0
2955,-0.000180654,2.48275e-005,-0.00047241,0,0,0
2956,-0.000172774,3.5531e-005,-0.000440074,0,0,0
2957,-0.000233956,5.25973e-005,-0.000509783,0,0,0
2958,-0.00021473,6.80909e-005,-0.000569335,0,0,0
2959,-0.000257098,6.75082e-005,-0.000520052,0,0,0
2960,-0.000180102,5.16958e-005,-0.000540746,0,0,0
2961,-0.000126159,3.95487e-005,-0.000539255,0,0,0
2962,-0.000206644,6.2512e-005,-0.000512476,0,0,0
2963,-0.0002015,7.35546e-005,-0.000578556,0,0,0
2964,-0.000192824,6.38655e-005,-0.000483547,0,0,0
2965,-0.000140194,7.33865e-005,-0.00057931,0,0,0
2966,-0.000296887,0.000172983,-0.000459385,0,0,0
2967,-9.70055e-005,-2.79255e-005,-0.000354018,0,0,0
2968,-0.000279337,6.31815e-005,-0.000451667,0,0,0
2969,-4.59824e-005,8.68825e-005,-0.000346301,0,0,0
2970,-0.000181957,-9.3615e-005,-0.000439472,0,0,0
2971,-0.000209817,3.76999e-005,-0.00036603,0,0,0
2972,-0.000242156,0.000172455,-0.000484868,0,0,0
2973,-0.000979276,0.000262971,-0.00029563,0,0,0
2974,0.00176265,0.000315325,-8.29875e-005,0,0,0
2975,-0.000408683,0.000200179,-0.000438308,0,0,0
2976,2.72943e-006,4.85544e-005,-0.000362564,0,0,0
2977,-0.000319552,-1.08572e-005,-0.00038855,0,0,0
2978,3.59775e-005,0.0001624,-0.000280215,0,0,0
2979,-3.02526e-005,1.08847e-006,-0.000360911,0,0,0
2980,-0.000370255,0.00023573,-0.000264317,0,0,0
2981,-0.00126451,0.000468784,-0.00101806,0,0,0
2982,-0.000456449,0.000136055,-0.000366784,0,0,0
2983,0.0001514,0.000186699,-0.000361839,0,0,0
2984,-0.000258207,1.39722e-005,-0.000429118,0,0,0
2985,0.000172504,0.000188031,-0.000534652,0,0,0
2986,0.000452498,0.000191587,9.2944e-005,0,0,0
2987,-0.000422977,0.000123691,-0.000246924,0,0,0
2988,-6.13546e-005,0.000186769,-0.000205751,0,0,0
2989,-0.000630019,0.000248744,-0.00072426,0,0,0
2990,0.000750957,9.62343e-005,-0.000130949,0,0,0
2991,0.0323216,-0.0748002,-0.239902,-0.00113023,0.00427557,-0.00218079
2992,0.0397787,-0.080158,-0.258859,-0.00111877,0.00554279,-0.00220436
2993,0.045172,-0.0655332,-0.224906,-0.00113425,0.00365332,-0.00218152
2994,-0.0410603,-0.046924,0.026929,0.00106903,0.00161586,-0.000601376
2995,-0.0376636,-0.0631063,0.0112482,0.000765377,0.00153106,-0.000310701
2996,-0.0013944,-0.0479049,0.00757595,0.00122426,-0.00146213,-0.000584833
2997,0.0298618,-0.259946,-1.16526,-0.000273403,0.00642399,-0.000828648
2998,0.0421982,-0.262102,-1.1926,-0.000267998,0.00758774,-0.000753907
2999,0.0453865,-0.256577,-1.1391,-0.000269415,0.00715108,-0.000904455
3000,-0.0505252,-0.215661,-0.498675,0.002113,0.00514236,-0.00189782
3001,-0.0179613,-0.261405,-0.64347,0.0021927,0.00820197,-0.00109649
3002,-0.000127968,-0.193692,-0.360356,0.00181601,0.00813024,-0.00289859
3003,0.0140474,-0.272966,-1.55576,-0.000509721,0.00379546,0.000106231
3004,0.0147053,-0.260029,-1.94543,-0.0316713,-0.00185258,0
3005,0.0176973,-0.260625,-1.80587,-0.0298966,-0.00122183,0
3006,0.0206756,-0.261109,-1.64329,-0.0295272,-1.53709e-005,0
3007,0.023643,-0.26148,-1.5106,-0.0291565,-0.000396735,0
3008,0.0266042,-0.261736,-1.35489,-0.027381,-0.000295736,0
3009,-0.0540133,-0.254588,-0.915185,0.00101169,0.00544441,-8.97125e-005
3010,-0.110704,-0.130734,-0.209363,1.83604e-006,0.0100039,-0.00209871
3011,-0.0875139,-0.0634562,0.00366819,-0.000330457,0.00119117,-0.00121624
3012,-0.0586459,-0.131109,-0.193685,0.00062792,0.00896016,-0.00281609
3013,-0.065927,-0.0666234,-0.0049036,1.92678e-006,0.00174157,-0.000779382
3014,-0.00112443,-0.00876967,-0.0142144,0,0,0
3015,-0.00120326,-0.00880374,-0.0146629,0,0,0
3016,-0.00124931,-0.00884741,-0.0151452,0,0,0
3017,-0.00128013,-0.00863045,-0.0145063,0,0,0
3018,-0.00126225,-0.00866611,-0.014951,0,0,0
3019,-0.0012765,-0.00871105,-0.0154274,0,0,0
3020,-0.00118045,-0.00877522,-0.014179,0,0,0
3021,-0.00122127,-0.00868282,-0.0143733,0,0,0
3022,-0.00119066,-0.00872102,-0.0143446,0,0,0
3023,-0.00121519,-0.00867342,-0.0144433,0,0,0
3024,-0.00120182,-0.00862629,-0.0143871,0,0,0
3025,-0.00118238,-0.00878677,-0.0148258,0,0,0
3026,-0.00117606,-0.00880868,-0.015415,0,0,0
3027,-0.00128462,-0.00869438,-0.0150174,0,0,0
3028,-0.00135524,-0.00871756,-0.0156058,0,0,0
3029,-0.00120722,-0.00877044,-0.014775,0,0,0
3030,-0.00125509,-0.00872477,-0.0148698,0,0,0
3031,-0.00123153,-0.0087508,-0.0148486,0,0,0
3032,-0.00126657,-0.00882722,-0.0152831,0,0,0
3033,-0.00125836,-0.00878231,-0.0153759,0,0,0
3034,-0.0012681,-0.00887625,-0.0156157,0,0,0
3035,-0.0883422,-0.199788,-0.642055,-0.000462225,0.00787198,-0.00179227
3036,-0.000830142,0.0067401,-0.0137002,0,0,0
3037,-0.00086979,0.00679173,-0.0141472,0,0,0
3038,-0.00089625,0.00684567,-0.0145802,0,0,0
3039,-0.0010728,0.00661136,-0.0139928,0,0,0
3040,-0.00108509,0.00666529,-0.0144359,0,0,0
3041,-0.00110972,0.00672152,-0.0148652,0,0,0
3042,-0.000882796,0.00673116,-0.0137591,0,0,0
3043,-0.00101784,0.00664529,-0.0139546,0,0,0
3044,-0.000918055,0.00671544,-0.013824,0,0,0
3045,-0.000982636,0.00667234,-0.0139217,0,0,0
3046,-0.000950002,0.00669234,-0.013848,0,0,0
3047,-0.000887092,0.0067791,-0.0142463,0,0,0
3048,-0.000893094,0.00683344,-0.0147303,0,0,0
3049,-0.00106756,0.00669463,-0.0144387,0,0,0
3050,-0.00111473,0.00675064,-0.0149195,0,0,0
3051,-0.00093278,0.00676298,-0.0142943,0,0,0
3052,-0.0010195,0.00672083,-0.0143906,0,0,0
3053,-0.000976414,0.0067449,-0.014392,0,0,0
3054,-0.000972618,0.0068176,-0.0147087,0,0,0
3055,-0.00103167,0.00677615,-0.0148022,0,0,0
3056,-0.00100367,0.00680057,-0.014815,0,0,0
3057,0.000416424,-2.7957e-005,-0.000317615,0,0,0
3058,0.000257225,5.53552e-005,-0.000593054,0,0,0
3059,0.000513266,1.12513e-005,-0.000379139,0,0,0
3060,0.000232991,1.77057e-005,-0.000658561,0,0,0
3061,0.000545294,-1.15159e-005,-0.000367362,0,0,0
3062,0.000402157,0.000102573,-0.000513502,0,0,0
3063,0.000302313,3.36719e-006,-0.000371924,0,0,0
3064,0.000379529,-8.83483e-005,-0.000509079,0,0,0
3065,0.000356902,4.29673e-005,-0.000335988,0,0,0
3066,0.000287254,0.000157149,-0.000607573,0,0,0
3067,0.000560667,-0.000110264,-0.000128405,0,0,0
3068,-2.50231e-005,0.000359961,-0.000675277,0,0,0
3069,0.00225303,-0.000518532,-0.00112191,0,0,0
3070,0.000331591,-7.23418e-006,-0.00047219,0,0,0
3071,0.00039847,1.06509e-005,-0.000475704,0,0,0
3072,0.000333197,2.49076e-005,-0.000595745,0,0,0
3073,0.000409855,-1.36787e-005,-0.000441844,0,0,0
3074,0.000387393,5.63974e-006,-0.000485445,0,0,0
3075,0.000311986,2.04287e-005,-0.000473153,0,0,0
3076,0.000238371,-4.05514e-005,-0.000570447,0,0,0
3077,0.000313537,8.91329e-006,-0.000542652,0,0,0
3078,0.000402409,5.21775e-006,-0.000482536,0,0,0
3079,0.000325165,8.63696e-006,-0.000629695,0,0,0
3080,0.000374174,1.96089e-006,-0.000480863,0,0,0
3081,0.000446762,2.50363e-006,-0.000404459,0,0,0
3082,0.000317033,-7.23343e-006,-0.000590855,0,0,0
3083,0.000384757,2.40858e-005,-0.000452777,0,0,0
3084,0.000215404,5.2666e-007,-0.00063587,0,0,0
3085,0.000478377,2.21868e-005,-0.000403349,0,0,0
3086,0.00022962,-7.75956e-005,-0.000342041,0,0,0
3087,0.000505234,1.61401e-005,-0.000496721,0,0,0
3088,0.000200443,0.000104444,-0.000348928,0,0,0
3089,0.000277319,-0.000126277,-0.000573641,0,0,0
3090,0.000649225,0.00013745,-0.00051313,0,0,0
3091,-7.08376e-005,-1.48545e-005,-0.000477576,0,0,0
3092,-0.000613782,0.000221848,0.000362703,0,0,0
3093,-2.86798e-005,2.86491e-005,-0.000370238,0,0,0
3094,0.000630317,-7.62429e-005,-0.000507254,0,0,0
3095,0.000414417,0.000168118,-0.000175351,0,0,0
3096,0.00086674,4.20259e-005,-0.000433267,0,0,0
3097,0.00107411,8.26043e-005,-0.00142798,0,0,0
3098,-0.000131633,0.000114258,-0.000482117,0,0,0
3099,6.51329e-005,-0.000253381,-0.000617099,0,0,0
3100,-0.000577882,-0.000117494,0.00037307,0,0,0
3101,0.00196712,0.000621793,-0.00114213,0,0,0
3102,0.000550287,-2.08363e-005,-0.000284243,0,0,0
3103,0.000153897,6.72839e-005,-0.000658849,0,0,0
3104,0.000591596,-2.3765e-006,-0.0003739,0,0,0
3105,0.000150369,4.38549e-005,-0.000709901,0,0,0
3106,0.000114772,0.000171535,-0.000727867,0,0,0
3107,0.000598454,-0.000202919,-0.000233382,0,0,0
3108,-0.00101562,0.00073627,-0.000158407,0,0,0
3109,0.000604094,-3.81512e-005,-0.00030558,0,0,0
3110,0.000119278,9.56607e-005,-0.000705101,0,0,0
3111,0.000609606,-3.51859e-005,-0.00033497,0,0,0
3112,0.000160945,0.000261489,-0.000755253,0,0,0
3113,0.00143512,-0.000563568,-0.00062323,0,0,0
3114,0.000516293,-0.000130623,-0.0002915,0,0,0
3115,0.000218564,0.000219775,-0.00083826,0,0,0
3116,-0.000616013,0.000645879,-0.000639009,0,0,0
3117,0.00129171,-0.000520742,-0.000163801,0,0,0
3118,-0.0447669,-0.0214479,-0.378864,-0.000903682,-0.00552535,0.00103918
3119,-0.0190607,-0.00715368,-0.668258,-0.0060024,-0.00172734,0
3120,-0.0170524,-0.00605937,-0.644156,-0.00329641,-0.00177763,0
3121,-0.015027,-0.0050674,-0.634546,-0.00125169,-0.00233018,0
3122,-0.0129558,-0.00419782,-0.631538,0.000787122,-0.00126238,0
3123,-0.0108588,-0.0034709,-0.643023,0.00348756,-0.000757523,0
3124,-0.03311,-0.0148402,-0.265622,-0.000674461,-0.00326023,0.000753458
3125,0.0168047,-0.0296503,-0.326463,-0.000643485,-0.0030234,0.000789143
3126,0.00466186,-0.0362818,-0.429561,-0.000611184,-0.00806266,0.000886563
3127,-0.037429,-0.0687733,-0.94773,-0.00115465,-0.00537353,0.00110549
3128,-0.0378781,-0.0427201,-0.82829,-0.00652746,-0.0131802,0
3129,-0.0330801,-0.0427673,-0.788235,-0.0056324,-0.0125952,0
3130,-0.0282697,-0.0428739,-0.770522,-0.00536177,-0.0117928,0
3131,-0.023409,-0.0430254,-0.734615,-0.00509032,-0.0114218,0
3132,-0.0185272,-0.0432069,-0.72105,-0.00419388,-0.0109658,0
3133,0.0408725,-0.076514,-0.779236,-0.000472247,-0.00471104,0.00102772
3134,-0.0388929,-0.130642,-1.43037,-0.000996945,-0.00576954,0.00121434
3135,-0.036765,-0.0983069,-1.47583,-0.0137251,-0.00939824,0
3136,-0.0305476,-0.0983681,-1.39806,-0.0123241,-0.00881376,0
3137,-0.0243271,-0.0984621,-1.35104,-0.0114795,-0.00817212,0
3138,-0.0180849,-0.0985951,-1.28326,-0.0106345,-0.00747086,0
3139,-0.0118314,-0.0987735,-1.24625,-0.00923315,-0.00686475,0
3140,0.00428005,-0.117709,-1.07727,-0.000188156,-0.00470781,0.00116324
3141,0.0309643,-0.133971,-1.13551,-0.000129735,-0.002807,0.00111705
3142,0.0117872,-0.148499,-1.18874,-6.91896e-005,-0.00326273,0.0011772
3143,-0.0151858,-0.193498,-1.68859,-0.000835015,-0.00229292,0.00111155
3144,-0.00460314,-0.220781,-2.01542,-0.0268956,-0.00227722,0
3145,0.00054122,-0.221399,-1.86994,-0.025595,-0.00170053,0
3146,0.00567923,-0.22198,-1.75788,-0.0248201,-0.00102939,0
3147,0.0108106,-0.222523,-1.62174,-0.0240458,-0.000422693,0
3148,0.0159439,-0.223025,-1.51902,-0.0227464,0.000133754,0
3149,-0.0256482,-0.163223,-1.82145,-0.0201827,-0.00503502,0
3150,-0.0193322,-0.163832,-1.70978,-0.0189386,-0.00440357,0
3151,-0.0130132,-0.164413,-1.63049,-0.0182285,-0.00369833,0
3152,-0.00667257,-0.164962,-1.52749,-0.0175184,-0.00296984,0
3153,-0.000320693,-0.165472,-1.45688,-0.0162744,-0.00233,0
3154,0.0122156,-0.192113,-1.25133,0.000236693,-0.000444814,0.00103245
3155,-0.000312073,5.96905e-005,-0.000379541,0,0,0
3156,-0.000187679,0.000115371,-0.000594798,0,0,0
3157,-0.000389613,9.72091e-005,-0.000429396,0,0,0
3158,-0.000190929,0.000114464,-0.000650618,0,0,0
3159,-0.0004212,9.88498e-005,-0.000422997,0,0,0
3160,-0.000257474,0.000123804,-0.000483876,0,0,0
3161,-0.000168199,5.30082e-005,-0.000426489,0,0,0
3162,-0.000179769,1.58668e-005,-0.000447865,0,0,0
3163,-0.000137198,7.6941e-005,-0.000349864,0,0,0
3164,-0.000178388,0.000188515,-0.000574844,0,0,0
3165,-0.000480517,7.60285e-005,-0.000253694,0,0,0
3166,0.000114735,0.000382206,-0.000607629,0,0,0
3167,-0.00150857,1.44612e-005,-0.000600352,0,0,0
3168,-0.0002208,7.34873e-005,-0.000496035,0,0,0
3169,-0.000273777,9.37616e-005,-0.000498357,0,0,0
3170,-0.000233911,0.000115671,-0.000584362,0,0,0
3171,-0.000295637,9.70509e-005,-0.000485228,0,0,0
3172,-0.000226537,7.66152e-005,-0.000482109,0,0,0
3173,-0.000154329,7.68008e-005,-0.000482259,0,0,0
3174,-9.47237e-005,4.47344e-005,-0.000512805,0,0,0
3175,-0.000189923,9.38065e-005,-0.000532971,0,0,0
3176,-0.000249479,9.66189e-005,-0.000508228,0,0,0
3177,-0.000210413,0.000115771,-0.000586598,0,0,0
3178,-0.000191769,8.4379e-005,-0.000486598,0,0,0
3179,-0.000186228,8.06962e-005,-0.000441253,0,0,0
3180,-0.000174308,9.49123e-005,-0.000552497,0,0,0
3181,-0.000211825,0.000117313,-0.00049201,0,0,0
3182,-0.000102057,0.000100375,-0.000552949,0,0,0
3183,-0.000212713,0.000114826,-0.000473329,0,0,0
3184,-0.000164004,4.79117e-005,-0.000418768,0,0,0
3185,-0.000275074,0.000102596,-0.000438732,0,0,0
3186,-7.44877e-005,0.000128568,-0.000416637,0,0,0
3187,-0.000109261,5.46226e-006,-0.000482485,0,0,0
3188,-0.000371998,0.0002116,-0.000449446,0,0,0
3189,-4.11437e-005,0.000182512,-0.000487883,0,0,0
3190,0.000360803,0.000276106,-0.000163157,0,0,0
3191,1.07487e-005,0.000139071,-0.00042968,0,0,0
3192,-0.000306223,9.09904e-005,-0.000410432,0,0,0
3193,-5.80748e-005,0.000209459,-0.00027169,0,0,0
3194,-0.00044847,0.000187971,-0.000369004,0,0,0
3195,-0.000548415,0.000339315,-0.000754981,0,0,0
3196,0.000140272,0.000243263,-0.000454419,0,0,0
3197,-0.000130922,5.58432e-005,-0.000451573,0,0,0
3198,0.000247676,0.000127154,-0.000115173,0,0,0
3199,-0.0006006,0.000442688,-0.000520132,0,0,0
3200,-0.000424759,9.61389e-005,-0.000361861,0,0,0
3201,-0.00012592,0.00017514,-0.00063899,0,0,0
3202,-0.000456522,0.000123854,-0.000422934,0,0,0
3203,-0.000144617,0.000179041,-0.000686694,0,0,0
3204,-6.15223e-005,0.000268075,-0.000656139,0,0,0
3205,-0.000526091,5.91351e-005,-0.00033063,0,0,0
3206,0.000599863,0.000574179,-0.000454402,0,0,0
3207,-0.000481762,0.000119117,-0.000375341,0,0,0
3208,-0.000103596,0.000248856,-0.000667315,0,0,0
3209,-0.000492085,0.00013773,-0.000380319,0,0,0
3210,-8.13305e-005,0.000377347,-0.000657129,0,0,0
3211,-0.000948418,-1.23998e-005,-0.00045414,0,0,0
3212,-0.000456519,0.000104103,-0.000371719,0,0,0
3213,-0.000149083,0.00037243,-0.000736565,0,0,0
3214,0.000305551,0.000548783,-0.000643667,0,0,0
3215,-0.000872181,1.79716e-005,-0.000267922,0,0,0
3216,0.0483046,-0.0705488,-0.239759,-0.00113178,0.00447015,-0.00218979
3217,0.0230786,-0.0187288,-0.599159,-0.0115208,-0.00101653,0
3218,0.0161942,-0.0175342,-0.546589,-0.00882439,-0.00197777,0
3219,0.00929694,-0.0167541,-0.509644,-0.0067949,-0.00256739,0
3220,0.00239676,-0.0163931,-0.47807,-0.00480343,-0.00476812,0
3221,-0.00450043,-0.0164566,-0.462123,-0.00214624,-0.00627345,0
3222,-0.0339728,-0.051043,0.0270268,0.00110681,0.00173946,-0.000564497
3223,-0.0317666,-0.0638914,0.014905,0.00087667,0.0015405,-0.00028596
3224,-0.00413541,-0.0522702,0.0134269,0.00121977,-0.00142997,-0.000557239
3225,0.0539976,-0.258951,-1.16515,-0.000255462,0.00702541,-0.000828875
3226,-0.0332187,-0.223813,-0.498597,0.00220378,0.00486697,-0.00193236
3227,-0.00534105,-0.261996,-0.613122,0.00226077,0.00820374,-0.0012662
3228,0.00970016,-0.207221,-0.390545,0.00198806,0.00774881,-0.00280582
3229,0.0277917,-0.271064,-1.55664,-0.000508968,0.00375625,0.000106231
3230,0.0387264,-0.269601,-1.61175,-0.0347762,0.00789404,0
3231,0.0374766,-0.2702,-1.4269,-0.0336008,0.00807675,0
3232,0.0362114,-0.270691,-1.27416,-0.0329596,0.00826929,0
3233,0.0349114,-0.271063,-1.09729,-0.0323225,0.00849765,0
3234,0.0336036,-0.271305,-0.952525,-0.0311533,0.00869084,0
3235,0.0168826,-0.262827,-1.95235,-0.0320293,0.00493246,0
3236,0.0194868,-0.263422,-1.78124,-0.0307155,0.00528863,0
3237,0.0220848,-0.263901,-1.6436,-0.029927,0.00567241,0
3238,0.0246761,-0.264267,-1.48196,-0.0291397,0.00611189,0
3239,0.0272691,-0.26452,-1.3538,-0.0278276,0.00648555,0
3240,-0.0349273,-0.258322,-0.916114,0.00099182,0.00500833,-8.97125e-005
3241,-0.110056,-0.122639,-0.170322,-0.000219832,0.00963607,-0.00207225
3242,-0.0915041,-0.0682865,-0.000820569,-0.000485667,0.00156974,-0.00131965
3243,-0.0707196,-0.120761,-0.159714,0.000324741,0.00869637,-0.00269032
3244,-0.0720757,-0.0695452,-0.00894165,-0.000192162,0.00204954,-0.000942114
3245,-0.00126577,-0.00935441,-0.0141523,0,0,0
3246,-0.00122354,-0.00935559,-0.0148744,0,0,0
3247,-0.0012051,-0.0093586,-0.0154755,0,0,0
3248,-0.00126882,-0.00921348,-0.0144404,0,0,0
3249,-0.0013776,-0.00921488,-0.0151601,0,0,0
3250,-0.0014631,-0.00921907,-0.0157613,0,0,0
3251,-0.00123365,-0.00930235,-0.014375,0,0,0
3252,-0.00130227,-0.00920693,-0.0145688,0,0,0
3253,-0.00125808,-0.00934389,-0.0142454,0,0,0
3254,-0.00127058,-0.00929807,-0.0143398,0,0,0
3255,-0.00126566,-0.009438,-0.0142411,0,0,0
3256,-0.00128007,-0.00934404,-0.0147815,0,0,0
3257,-0.00133804,-0.00938688,-0.0153075,0,0,0
3258,-0.00131798,-0.00925077,-0.0149712,0,0,0
3259,-0.00132324,-0.00929442,-0.0154909,0,0,0
3260,-0.00128275,-0.00932341,-0.0150142,0,0,0
3261,-0.00132095,-0.00927611,-0.0151105,0,0,0
3262,-0.00130156,-0.00929862,-0.0151143,0,0,0
3263,-0.00128541,-0.00930787,-0.0155621,0,0,0
3264,-0.00138245,-0.00926056,-0.0156557,0,0,0
3265,-0.0013257,-0.00917202,-0.0151783,0,0,0
3266,-0.00128973,-0.00989229,-0.0144053,0,0,0
3267,-0.00135719,-0.00993349,-0.0147395,0,0,0
3268,-0.00143038,-0.00998722,-0.0153309,0,0,0
3269,-0.00140702,-0.010573,-0.0140849,0,0,0
3270,-0.00150968,-0.0110576,-0.0139238,0,0,0
3271,-0.00141636,-0.0105308,-0.0151001,0,0,0
3272,-0.00135243,-0.0104754,-0.0155567,0,0,0
3273,-0.00148719,-0.011124,-0.0153222,0,0,0
3274,-0.00165314,-0.0112288,-0.0148148,0,0,0
3275,-0.00137695,-0.009747,-0.0146901,0,0,0
3276,-0.00137874,-0.00979085,-0.0150214,0,0,0
3277,-0.00137029,-0.00984655,-0.015608,0,0,0
3278,-0.00139724,-0.0104329,-0.0143617,0,0,0
3279,-0.00143304,-0.0109263,-0.0141936,0,0,0
3280,-0.00145527,-0.0103872,-0.0153794,0,0,0
3281,-0.00159356,-0.0103277,-0.0158294,0,0,0
3282,-0.00151388,-0.0109785,-0.0155938,0,0,0
3283,-0.00143036,-0.011076,-0.0150811,0,0,0
3284,-0.0605463,-0.198171,-0.640093,-0.00042109,0.00726439,-0.00179227
3285,-0.000934152,0.00722396,-0.0138321,0,0,0
3286,-0.000913375,0.00726434,-0.0143444,0,0,0
3287,-0.00091117,0.00731267,-0.0148595,0,0,0
3288,-0.00108896,0.00709245,-0.0141249,0,0,0
3289,-0.00116655,0.00713485,-0.0146348,0,0,0
3290,-0.00122468,0.00718523,-0.0151471,0,0,0
3291,-0.000943091,0.00720684,-0.0139234,0,0,0
3292,-0.0010797,0.00711903,-0.0141201,0,0,0
3293,-0.000974228,0.00719325,-0.0139755,0,0,0
3294,-0.00104622,0.00714962,-0.0140738,0,0,0
3295,-0.00101039,0.00718335,-0.0140669,0,0,0
3296,-0.000977086,0.00725235,-0.0143802,0,0,0
3297,-0.00100973,0.00730243,-0.014829,0,0,0
3298,-0.00110005,0.00716608,-0.014573,0,0,0
3299,-0.00112071,0.00721738,-0.0150177,0,0,0
3300,-0.00100803,0.00723618,-0.0144653,0,0,0
3301,-0.00107023,0.00719284,-0.0145614,0,0,0
3302,-0.00103853,0.00721524,-0.0144634,0,0,0
3303,-0.00100724,0.00728363,-0.0150002,0,0,0
3304,-0.00112586,0.007241,-0.0150954,0,0,0
3305,-0.00106429,0.00725582,-0.0149707,0,0,0
3306,0.000442843,5.79844e-005,-0.000486571,0,0,0
3307,0.000282159,3.26953e-005,-0.00054166,0,0,0
3308,0.000427074,-1.2446e-006,-0.000459571,0,0,0
3309,0.000299662,3.77328e-005,-0.000649415,0,0,0
3310,0.000233381,1.90367e-005,-0.000466021,0,0,0
3311,0.000418085,-2.35235e-005,-0.000487109,0,0,0
3312,0.00045964,5.43702e-005,-0.000315671,0,0,0
3313,0.000129752,1.18497e-005,-0.000434746,0,0,0
3314,0.000704999,0.00010088,-0.000543399,0,0,0
3315,0.000984926,-0.000139793,-0.00103183,0,0,0
3316,0.000433215,1.60785e-005,-0.000480597,0,0,0
3317,0.00027178,2.16646e-005,-0.00059532,0,0,0
3318,0.000425361,1.56799e-005,-0.000440805,0,0,0
3319,0.000263525,8.13233e-006,-0.000539054,0,0,0
3320,0.000147703,-2.36027e-005,-0.000631119,0,0,0
3321,0.000398967,3.51801e-005,-0.000466531,0,0,0
3322,0.000284223,2.80794e-006,-0.000643206,0,0,0
3323,0.000508572,3.48951e-005,-0.000404908,0,0,0
3324,0.000142576,5.76703e-007,-0.000675481,0,0,0
3325,0.000588399,2.89614e-005,-0.000517606,0,0,0
3326,0.000102104,5.17921e-005,-0.000436257,0,0,0
3327,0.0001343,-9.72641e-005,-0.000688616,0,0,0
3328,-0.000136646,5.04367e-005,-0.000481047,0,0,0
3329,-0.000249569,5.02038e-005,2.6321e-005,0,0,0
3330,0.000689939,-1.16205e-005,-0.000537492,0,0,0
3331,0.000437055,0.000273002,-0.000272264,0,0,0
3332,0.000929668,0.000269943,-0.00102942,0,0,0
3333,-0.000934378,-0.000586954,-0.000119655,0,0,0
3334,-0.0152432,-0.00531651,-0.632334,-0.00611964,-0.012659,0
3335,0.000514347,2.86636e-005,-0.000510086,0,0,0
3336,0.000206784,5.42465e-005,-0.000587161,0,0,0
3337,0.000493281,9.53965e-006,-0.000446456,0,0,0
3338,-2.48578e-006,1.7916e-005,-0.00048437,0,0,0
3339,-0.000171423,0.000271292,-0.000230695,0,0,0
3340,-0.0114371,-0.00387741,-0.540713,-0.00599635,-0.0236083,0
3341,0.000668219,6.65455e-005,-0.000549611,0,0,0
3342,3.0193e-005,2.1249e-005,-0.000531876,0,0,0
3343,0.00076348,-0.000152109,-0.000640748,0,0,0
3344,-0.00769649,-0.00276885,-0.398713,-0.00416349,-0.0333155,0
3345,-3.67757e-005,0.000270161,-0.000616858,0,0,0
3346,-0.00401329,-0.00183729,-0.209146,-0.00341995,-0.0401838,0
3347,0.00129171,-0.000520742,-0.000163801,0.00453591,-0.042434,0
3348,-0.0135981,-0.00421713,-0.608634,-0.00313204,-0.0124606,0
3349,-0.0119536,-0.00321423,-0.597803,-0.0010258,-0.0123541,0
3350,-0.0103196,-0.00233447,-0.598513,0.00108942,-0.0119489,0
3351,-0.00867779,-0.00160394,-0.612091,0.0040862,-0.0116909,0
3352,-0.0228498,-0.00935333,-0.649036,-0.00452499,0.0077205,0
3353,-0.0379044,-0.0380051,-0.739686,-0.00540542,-0.0179919,0
3354,-0.0266333,-0.011793,-0.593659,-0.00222668,0.0143304,0
3355,-0.0379235,-0.0336122,-0.648327,-0.0026297,-0.0209639,0
3356,-0.0306651,-0.014281,-0.505382,0.00162915,0.0167631,0
3357,-0.0381915,-0.0297302,-0.530061,0.00116257,-0.0208202,0
3358,-0.0447669,-0.0214479,-0.378864,0.0141251,-0.000992078,0
3359,-0.0358701,-0.016937,-0.426902,0.00754568,0.0139212,0
3360,-0.0396332,-0.0262381,-0.438219,0.00740278,-0.0164116,0
3361,-0.0205086,-0.00827741,-0.633949,-0.00244298,0.00743996,0
3362,-0.0180949,-0.00732856,-0.620978,-0.00151937,0.00611358,0
3363,-0.0155975,-0.00650185,-0.618828,-0.000592487,0.00795495,0
3364,-0.0130193,-0.00579157,-0.618796,0.00149354,0.00869375,0
3365,-0.0333304,-0.0380351,-0.724374,-0.0044284,-0.0171179,0
3366,-0.0286864,-0.0381042,-0.691933,-0.00479251,-0.0154785,0
3367,-0.0239598,-0.0382185,-0.676452,-0.0051579,-0.0159464,0
3368,-0.0191546,-0.0383846,-0.643843,-0.0041814,-0.0157828,0
3369,-0.0315268,-0.0160202,-0.280097,-0.000671873,-0.00317799,0.00076549
3370,0.00679113,-0.0272276,-0.326329,-0.000648124,-0.00297322,0.000793568
3371,-0.00605173,-0.0321161,-0.399498,-0.000624479,-0.00747438,0.000868053
3372,-0.0369107,-0.0921338,-1.39837,-0.0130366,-0.0163465,0
3373,-0.0378131,-0.0476366,-0.871171,-0.00715475,-0.00794266,0
3374,-0.0370444,-0.0860898,-1.31229,-0.0103543,-0.0219615,0
3375,-0.0377247,-0.0527078,-0.908631,-0.00604338,-0.00364944,0
3376,-0.037172,-0.0801813,-1.17842,-0.00716095,-0.0249442,0
3377,-0.0376263,-0.0579211,-0.907236,-0.00422442,-0.00161892,0
3378,-0.037429,-0.0687733,-0.94773,0.00468736,-0.0136606,0
3379,-0.0372982,-0.0744099,-1.06153,-0.00124132,-0.0241293,0
3380,-0.0375254,-0.0632752,-0.924459,0.000195058,-0.00299831,0
3381,-0.0308103,-0.0921928,-1.35021,-0.0112515,-0.015488,0
3382,-0.0247139,-0.0922873,-1.28267,-0.0108268,-0.0140304,0
3383,-0.0186095,-0.0924214,-1.24194,-0.0104025,-0.0141457,0
3384,-0.0125009,-0.092599,-1.18184,-0.00861769,-0.0138144,0
3385,-0.032834,-0.0476881,-0.848769,-0.00588188,-0.00762438,0
3386,-0.0278592,-0.0477931,-0.809038,-0.00593291,-0.00765005,0
3387,-0.0228662,-0.0479423,-0.789441,-0.00598481,-0.00644945,0
3388,-0.0178688,-0.0481264,-0.752517,-0.00471254,-0.00572642,0
3389,0.0249392,-0.074721,-0.780112,-0.000478777,-0.00419942,0.00102772
3390,-0.027707,-0.156854,-1.76565,-0.0194843,-0.0115452,0
3391,-0.0366007,-0.104588,-1.49259,-0.0142684,-0.00250892,0
3392,-0.0297607,-0.150449,-1.70601,-0.0166533,-0.0166906,0
3393,-0.036431,-0.110923,-1.50202,-0.0127753,0.00293305,0
3394,-0.0319192,-0.144094,-1.59819,-0.0134329,-0.019175,0
3395,-0.0363662,-0.11723,-1.46334,-0.010824,0.00562794,0
3396,-0.0388929,-0.130642,-1.43037,-0.00130229,-0.006689,0
3397,-0.0345889,-0.137738,-1.51291,-0.00728791,-0.0178474,0
3398,-0.0368124,-0.123556,-1.44548,-0.00599492,0.00442799,0
3399,-0.0213134,-0.157455,-1.68632,-0.0178084,-0.0106385,0
3400,-0.0148919,-0.15802,-1.58437,-0.0175316,-0.0091101,0
3401,-0.00843486,-0.158553,-1.511,-0.0172549,-0.00920473,0
3402,-0.00194203,-0.159056,-1.41502,-0.0155789,-0.00884062,0
3403,-0.0302857,-0.104657,-1.43858,-0.0125123,-0.00219631,0
3404,-0.0239429,-0.104767,-1.36427,-0.0121322,-0.00237706,0
3405,-0.0175646,-0.104916,-1.31726,-0.0117524,-0.000852891,0
3406,-0.0111504,-0.1051,-1.24995,-0.00999654,2.54216e-005,0
3407,-0.000856008,-0.121239,-1.09385,-0.000172631,-0.00419223,0.00116517
3408,0.0210185,-0.133482,-1.13542,-0.000130585,-0.00279111,0.00112794
3409,0.00640988,-0.144406,-1.17596,-8.70412e-005,-0.00350857,0.00117651
3410,-0.00672348,-0.215574,-1.97255,-0.0262342,-0.00895531,0
3411,-0.0235708,-0.169504,-1.81637,-0.020849,0.0014496,0
3412,-0.00884283,-0.210242,-1.92604,-0.0233955,-0.0141757,0
3413,-0.0214815,-0.175677,-1.80795,-0.0193684,0.00652043,0
3414,-0.0109596,-0.204784,-1.83026,-0.0202124,-0.016647,0
3415,-0.0193858,-0.181734,-1.75132,-0.0175201,0.00888429,0
3416,-0.0151858,-0.193498,-1.68859,-0.00808007,-0.00392417,0
3417,-0.0130735,-0.199202,-1.75836,-0.0140459,-0.0152249,0
3418,-0.0172866,-0.187675,-1.71871,-0.0127036,0.00739833,0
3419,-0.00145564,-0.216192,-1.86002,-0.0245125,-0.0081033,0
3420,0.00380813,-0.216773,-1.72424,-0.0241992,-0.00660823,0
3421,0.00906952,-0.217316,-1.61803,-0.0238851,-0.00682432,0
3422,0.0143351,-0.217819,-1.48857,-0.0221629,-0.0065426,0
3423,-0.0173519,-0.170115,-1.73032,-0.0191856,0.00180654,0
3424,-0.0111372,-0.170697,-1.62132,-0.0189254,0.001687,0
3425,-0.00491462,-0.171244,-1.54107,-0.0186649,0.00324004,0
3426,0.00131199,-0.171754,-1.43786,-0.0170014,0.00415363,0
3427,0.0108209,-0.19301,-1.25225,0.000239334,-0.00036409,0.00103245
3428,-0.000285937,0.000143964,-0.000477348,0,0,0
3429,-0.000200266,0.000141527,-0.000542788,0,0,0
3430,-0.000299388,0.000132397,-0.000488677,0,0,0
3431,-0.000223174,0.000164377,-0.000607555,0,0,0
3432,-0.000137758,0.000117723,-0.000484675,0,0,0
3433,-0.00020181,8.96143e-005,-0.000451887,0,0,0
3434,-0.000157234,0.000129052,-0.000375026,0,0,0
3435,-0.000118814,0.000152011,-0.000475109,0,0,0
3436,-0.000399585,0.000245674,-0.000472091,0,0,0
3437,-0.000584116,0.000211468,-0.000647026,0,0,0
3438,-0.000254427,0.000124478,-0.000485499,0,0,0
3439,-0.000175839,0.00014976,-0.000559003,0,0,0
3440,-0.000267754,0.000145533,-0.000483858,0,0,0
3441,-0.000136173,0.000127313,-0.000515954,0,0,0
3442,-6.99116e-005,0.000106674,-0.000529619,0,0,0
3443,-0.000204243,0.000143203,-0.000481503,0,0,0
3444,-0.000167648,0.000150611,-0.000569264,0,0,0
3445,-0.000200537,0.000143532,-0.000455937,0,0,0
3446,-8.71231e-005,0.000151067,-0.000547247,0,0,0
3447,-0.000321524,0.000158106,-0.000465386,0,0,0
3448,-3.26269e-005,0.000172258,-0.000454438,0,0,0
3449,-8.31836e-005,9.48107e-005,-0.000523803,0,0,0
3450,5.58255e-005,0.000226926,-0.000490269,0,0,0
3451,0.000117644,0.000210245,-0.00027734,0,0,0
3452,-0.000341716,0.000166644,-0.000426975,0,0,0
3453,-3.3472e-005,0.00029469,-0.0003572,0,0,0
3454,-0.000403381,0.000369244,-0.000617284,0,0,0
3455,0.000349786,8.92933e-006,-0.000315828,0,0,0
3456,0.0184142,-0.0125511,-0.576123,-0.0106455,0.00986641,0
3457,-0.000330783,0.000181021,-0.000495338,0,0,0
3458,-0.000169762,0.0001956,-0.000563804,0,0,0
3459,-0.000342017,0.000190989,-0.000481562,0,0,0
3460,-6.05435e-005,0.000203847,-0.000511878,0,0,0
3461,3.67245e-005,0.000340398,-0.000399323,0,0,0
3462,0.0137758,-0.00776618,-0.498884,-0.00927119,0.0207864,0
3463,-0.000416791,0.000253208,-0.000506077,0,0,0
3464,-9.35353e-005,0.00021909,-0.000528985,0,0,0
3465,-0.000458606,0.00020034,-0.000538864,0,0,0
3466,0.0091975,-0.00431902,-0.370098,-0.0065099,0.0304272,0
3467,-6.71708e-005,0.000365941,-0.00055339,0,0,0
3468,0.00469081,-0.00212111,-0.195453,-0.00436639,0.0373075,0
3469,-0.000872181,1.79716e-005,-0.000267922,0.00383048,0.0396356,0
3470,0.012914,-0.0113576,-0.530726,-0.00767513,0.00866384,0
3471,0.00740317,-0.0105702,-0.496851,-0.00557364,0.00742353,0
3472,0.00190799,-0.0102014,-0.475751,-0.00341861,0.00588502,0
3473,-0.00358124,-0.0102619,-0.466163,-0.000394049,0.004612,0
3474,0.0277518,-0.0263019,-0.566028,-0.0112449,-0.0104473,0
3475,0.0324303,-0.03526,-0.497907,-0.00997622,-0.0170417,0
3476,0.0371426,-0.0455524,-0.395814,-0.0072677,-0.0195259,0
3477,0.0483046,-0.0705488,-0.239759,0.0031941,-0.00257055,0
3478,0.0421322,-0.057166,-0.30394,-0.00240584,-0.016817,0
3479,0.0194775,-0.0251085,-0.518073,-0.00916793,-0.0111679,0
3480,0.0111842,-0.0243346,-0.47112,-0.0082472,-0.0109753,0
3481,0.0028807,-0.023983,-0.436032,-0.00729861,-0.0139445,0
3482,-0.0054235,-0.0240506,-0.401941,-0.00519526,-0.0156886,0
3483,-0.0267039,-0.0552897,0.0271306,0.00113719,0.00171264,-0.000527619
3484,-0.0258268,-0.0649295,0.0186393,0.000974163,0.0014957,-0.000284219
3485,-0.00671758,-0.0565278,0.0190194,0.00121348,-0.00122534,-0.000526657
3486,0.0408867,-0.268164,-1.54247,-0.0349329,0.0141476,0
3487,0.0430484,-0.266447,-1.47082,-0.0329631,0.0189883,0
3488,0.0453887,-0.264571,-1.35239,-0.0305497,0.021184,0
3489,0.0539976,-0.258951,-1.16515,-0.0198097,0.00903022,0
3490,0.0485115,-0.262441,-1.25782,-0.0252466,0.0196468,0
3491,0.0392906,-0.268753,-1.3857,-0.0333478,0.0140476,0
3492,0.0376395,-0.269218,-1.20577,-0.0331658,0.0134123,0
3493,0.0359312,-0.269564,-1.05406,-0.0329772,0.0144601,0
3494,0.0341751,-0.269794,-0.879188,-0.0313891,0.0149221,0
3495,-0.0164274,-0.232285,-0.498514,0.00228364,0.00486758,-0.0019669
3496,0.0072229,-0.262129,-0.582863,0.00232131,0.00806759,-0.00144845
3497,0.0186872,-0.220702,-0.419326,0.00213827,0.00736701,-0.00267663
3498,0.0365453,-0.270677,-1.62122,-0.0345763,0.00161051,0
3499,0.0190587,-0.26524,-1.89639,-0.0323951,0.0116579,0
3500,0.0343539,-0.271364,-1.62826,-0.0322344,-0.00332408,0
3501,0.0212356,-0.267271,-1.83654,-0.0305848,0.0169354,0
3502,0.0321614,-0.271656,-1.58755,-0.0295209,-0.0056197,0
3503,0.0234154,-0.26892,-1.72711,-0.0284295,0.0194779,0
3504,0.0277917,-0.271064,-1.55664,-0.018347,0.00702755,0
3505,0.0299728,-0.271555,-1.57106,-0.023849,-0.00413931,0
3506,0.0255997,-0.270186,-1.64114,-0.0232991,0.0181444,0
3507,0.0356683,-0.271278,-1.46643,-0.0329647,0.00206772,0
3508,0.0347876,-0.271767,-1.28837,-0.0327562,0.00308735,0
3509,0.0338942,-0.272138,-1.13888,-0.0325441,0.00249456,0
3510,0.0330046,-0.272384,-0.966118,-0.0309297,0.00241451,0
3511,0.0212788,-0.265835,-1.7531,-0.0306578,0.0117385,0
3512,0.0234949,-0.266314,-1.58663,-0.0303275,0.0112989,0
3513,0.0257085,-0.26668,-1.44983,-0.0299959,0.0125601,0
3514,0.0279259,-0.266932,-1.28985,-0.0282577,0.0132075,0
3515,-0.017295,-0.261989,-0.917036,0.000976363,0.00466916,-8.97125e-005
3516,-0.109408,-0.114673,-0.133022,-0.000441499,0.00900519,-0.00203145
3517,-0.0954942,-0.0735318,-0.00692446,-0.000640875,0.00212414,-0.00143204
3518,-0.0821287,-0.111522,-0.126845,-2.89088e-007,0.00821788,-0.00252813
3519,-0.0789226,-0.0734498,-0.0141368,-0.000400048,0.00251756,-0.00112784
3520,-0.00133332,-0.00993987,-0.0141983,0,0,0
3521,-0.00133155,-0.00984628,-0.0143872,0,0,0
3522,-0.00130824,-0.00982764,-0.014559,0,0,0
3523,-0.00136659,-0.00977885,-0.0146568,0,0,0
3524,-0.00133575,-0.00963512,-0.0147913,0,0,0
3525,-0.00133095,-0.00991292,-0.0150471,0,0,0
3526,-0.00131768,-0.00989663,-0.0156164,0,0,0
3527,-0.0013863,-0.0104524,-0.0145729,0,0,0
3528,-0.00150971,-0.0111978,-0.0147744,0,0,0
3529,-0.00140716,-0.00981745,-0.0152353,0,0,0
3530,-0.00148799,-0.00980037,-0.0158029,0,0,0
3531,-0.00142017,-0.0103532,-0.0147614,0,0,0
3532,-0.00143792,-0.0110868,-0.0149601,0,0,0
3533,-0.00137221,-0.00989512,-0.0148254,0,0,0
3534,-0.0013567,-0.00984793,-0.0149164,0,0,0
3535,-0.00136399,-0.00987642,-0.0146858,0,0,0
3536,-0.00140895,-0.00996923,-0.0154832,0,0,0
3537,-0.00138973,-0.00992255,-0.0155743,0,0,0
3538,-0.00141141,-0.0101196,-0.0161996,0,0,0
3539,-0.00144531,-0.0105563,-0.0141628,0,0,0
3540,-0.00134618,-0.0105064,-0.0142536,0,0,0
3541,-0.00139641,-0.0107539,-0.0138205,0,0,0
3542,-0.00139805,-0.0110259,-0.0139845,0,0,0
3543,-0.00150585,-0.0109957,-0.0140662,0,0,0
3544,-0.00150096,-0.0107789,-0.0161897,0,0,0
3545,-0.00144278,-0.0105153,-0.014763,0,0,0
3546,-0.00149428,-0.0105845,-0.0154805,0,0,0
3547,-0.00148558,-0.0111225,-0.0145476,0,0,0
3548,-0.00150201,-0.0110215,-0.0163016,0,0,0
3549,-0.00142414,-0.0104185,-0.0149443,0,0,0
3550,-0.00144889,-0.0104922,-0.0156637,0,0,0
3551,-0.00151306,-0.0110284,-0.0147257,0,0,0
3552,-0.00159219,-0.0109362,-0.0164808,0,0,0
3553,0.00129171,-0.000520742,-0.000163801,0,0,0
3554,-0.0447669,-0.0214479,-0.378864,0,0,0
3555,-0.037429,-0.0687733,-0.94773,0,0,0
3556,-0.0388929,-0.130642,-1.43037,0,0,0
3557,-0.0151858,-0.193498,-1.68859,0,0,0
3558,-0.000872181,1.79716e-005,-0.000267922,0,0,0
3559,0.0483046,-0.0705488,-0.239759,0,0,0
3560,0.0539976,-0.258951,-1.16515,0,0,0
3561,0.0277917,-0.271064,-1.55664,0,0,0
3562,-0.0348217,-0.196695,-0.638126,-0.000387435,0.00676728,-0.00179227
3563,0.0476027,-0.0844543,-0.28001,-0.00382511,0.0122077,0
3564,0.0511678,-0.254911,-1.16709,-0.0241978,-0.00157224,0
3565,-0.000975683,0.00771749,-0.013988,0,0,0
3566,-0.00103513,0.00775802,-0.0144522,0,0,0
3567,-0.00106895,0.00780397,-0.0149048,0,0,0
3568,-0.00117293,0.00758335,-0.0142822,0,0,0
3569,-0.0011696,0.00762572,-0.0147422,0,0,0
3570,-0.00119125,0.00767358,-0.0151905,0,0,0
3571,-0.00102979,0.00771041,-0.0140199,0,0,0
3572,-0.00111621,0.00762094,-0.0142161,0,0,0
3573,-0.00105459,0.00768431,-0.0141079,0,0,0
3574,-0.00109284,0.00763903,-0.0142063,0,0,0
3575,-0.00107312,0.00764122,-0.0141186,0,0,0
3576,-0.00103224,0.00774379,-0.0145685,0,0,0
3577,-0.00103353,0.00778502,-0.0151087,0,0,0
3578,-0.00117309,0.00765527,-0.0147617,0,0,0
3579,-0.00123046,0.00769804,-0.0152995,0,0,0
3580,-0.00106547,0.00772731,-0.0145902,0,0,0
3581,-0.00113678,0.00768331,-0.0146867,0,0,0
3582,-0.0011015,0.00770794,-0.014702,0,0,0
3583,-0.00111851,0.00777739,-0.0150299,0,0,0
3584,-0.00114077,0.00773407,-0.0151235,0,0,0
3585,-0.00113246,0.0077773,-0.0152032,0,0,0
3586,0.000135098,3.42903e-005,-0.000522573,0,0,0
3587,0.000506047,2.86472e-005,-0.000487692,0,0,0
3588,0.000186645,3.33922e-005,-0.000632236,0,0,0
3589,0.000487374,3.21633e-005,-0.00051266,0,0,0
3590,0.000495112,8.91191e-005,-0.000337871,0,0,0
3591,0.000713292,4.20268e-005,-0.000559564,0,0,0
3592,0.000771749,6.34578e-005,-0.00081076,0,0,0
3593,0.000189034,1.10281e-005,-0.000582757,0,0,0
3594,0.000464224,5.12178e-005,-0.000452333,0,0,0
3595,0.000123806,-1.99975e-005,-0.000674124,0,0,0
3596,0.000511975,8.47331e-005,-0.000377222,0,0,0
3597,-2.91908e-005,7.28022e-005,-0.000482418,0,0,0
3598,0.000190959,-0.000149987,-0.000722204,0,0,0
3599,-0.000187877,-0.000155926,-0.000229084,0,0,0
3600,0.00128392,0.000652969,-0.000651246,0,0,0
3601,-0.0101381,-0.00277935,-0.520103,-0.00309659,-0.023274,0
3602,-1.72555e-005,4.65042e-005,-0.000517321,0,0,0
3603,0.000684277,4.29963e-005,-0.000552741,0,0,0
3604,-5.35253e-005,5.47703e-005,-0.000430644,0,0,0
3605,-0.0066638,-0.00170647,-0.379492,-0.00205487,-0.0327289,0
3606,0.000690809,5.73899e-005,-0.00045865,0,0,0
3607,-0.00315844,-0.000766159,-0.203306,-0.0010684,-0.0398483,0
3608,-3.67757e-005,0.000270161,-0.000616858,-0.00166416,-0.0422608,0
3609,-0.00886708,-0.00177107,-0.509731,-0.000744095,-0.0225604,0
3610,-0.00768179,-0.000886177,-0.512477,0.00159588,-0.0227579,0
3611,-0.00651585,-0.000160487,-0.525466,0.00448128,-0.0226378,0
3612,-0.0239584,-0.0107637,-0.580682,-0.0014872,0.0137395,0
3613,-0.0335749,-0.0335961,-0.625529,-0.00295484,-0.0197964,0
3614,-0.0273365,-0.0133385,-0.516795,0.00086857,0.0157219,0
3615,-0.0337476,-0.0296274,-0.541175,-0.000145709,-0.0191695,0
3616,-0.0303806,-0.0160145,-0.44899,0.00387774,0.0116559,0
3617,-0.0335861,-0.0261152,-0.457018,0.00338223,-0.0135599,0
3618,-0.0315741,-0.0209255,-0.435298,0.0050337,-0.00068608,0
3619,-0.0210878,-0.00999604,-0.577099,-0.00175969,0.0114969,0
3620,-0.018236,-0.00934961,-0.563034,-0.00203385,0.0142644,0
3621,-0.0151823,-0.00868481,-0.558371,-0.00129159,0.0153162,0
3622,-0.0290313,-0.0334857,-0.61681,-0.00422452,-0.0171938,0
3623,-0.0245078,-0.0334213,-0.58328,-0.00549291,-0.0186336,0
3624,-0.019783,-0.0335424,-0.563838,-0.00581229,-0.0187662,0
3625,-0.029895,-0.0172475,-0.294485,-0.000668759,-0.00328966,0.000778399
3626,-0.00346997,-0.0247878,-0.326188,-0.000652583,-0.00315543,0.000797993
3627,-0.0154384,-0.0279877,-0.37164,-0.000637205,-0.00665777,0.000848596
3628,-0.0310729,-0.0861479,-1.24931,-0.00986028,-0.0208156,0
3629,-0.03259,-0.05276,-0.868211,-0.00585162,-0.0036294,0
3630,-0.0313342,-0.0802386,-1.15481,-0.00729234,-0.0233559,0
3631,-0.0323455,-0.0579738,-0.896507,-0.00461064,-0.00203307,0
3632,-0.0315931,-0.0744665,-1.03591,-0.00399977,-0.0214844,0
3633,-0.0320987,-0.0633285,-0.906347,-0.0026641,-0.00447788,0
3634,-0.0318459,-0.068828,-0.967096,-0.00223406,-0.0130738,0
3635,-0.0251061,-0.0862444,-1.21166,-0.0101751,-0.0184403,0
3636,-0.0191377,-0.0863809,-1.14756,-0.0104894,-0.0194755,0
3637,-0.0131657,-0.0865594,-1.10879,-0.00999383,-0.0194324,0
3638,-0.0274615,-0.0528596,-0.848164,-0.00650427,-0.00457319,0
3639,-0.0223293,-0.0530028,-0.803168,-0.00715618,-0.00245226,0
3640,-0.0171946,-0.053186,-0.778547,-0.00696251,-0.00142945,0
3641,0.0106503,-0.0729069,-0.780981,-0.000483442,-0.00383397,0.00102772
3642,-0.0232913,-0.15103,-1.60958,-0.0163474,-0.0154915,0
3643,-0.0300206,-0.111012,-1.42593,-0.0123764,0.00295135,0
3644,-0.0252369,-0.144635,-1.54451,-0.0136978,-0.0175243,0
3645,-0.0297231,-0.117359,-1.42234,-0.0110488,0.00519736,0
3646,-0.0270272,-0.138265,-1.45465,-0.0102888,-0.0151033,0
3647,-0.0292703,-0.123699,-1.394,-0.00896492,0.00290175,0
3648,-0.0279715,-0.130977,-1.4211,-0.00849777,-0.00607887,0
3649,-0.0167397,-0.151518,-1.54046,-0.0168351,-0.0130351,0
3650,-0.0101968,-0.151975,-1.44123,-0.0173227,-0.0140589,0
3651,-0.00356586,-0.152459,-1.36931,-0.0170161,-0.0139875,0
3652,-0.023528,-0.1112,-1.37619,-0.0127856,0.00184618,0
3653,-0.0170441,-0.111425,-1.29808,-0.0131945,0.00429595,0
3654,-0.0104721,-0.111629,-1.24631,-0.0127947,0.00546917,0
3655,-0.00498286,-0.124803,-1.10875,-0.000158144,-0.00377658,0.00116537
3656,0.0109372,-0.13299,-1.13533,-0.000131293,-0.00287925,0.00113882
3657,0.000588933,-0.140285,-1.16243,-0.000103508,-0.00362841,0.00117351
3658,-0.00345016,-0.210859,-1.7954,-0.0230933,-0.0130299,0
3659,-0.0153716,-0.176288,-1.69758,-0.0190998,0.00658264,0
3660,-0.00544264,-0.2054,-1.74324,-0.0204856,-0.0150445,0
3661,-0.0133901,-0.182346,-1.67754,-0.0178224,0.00849065,0
3662,-0.00743308,-0.199817,-1.66553,-0.0171028,-0.0125231,0
3663,-0.0114068,-0.188288,-1.63264,-0.0157716,0.00590456,0
3664,-0.00942065,-0.194112,-1.64602,-0.0153268,-0.00331975,0
3665,0.00193878,-0.211438,-1.69302,-0.0235766,-0.0106051,0
3666,0.00732721,-0.21198,-1.55963,-0.0240605,-0.0117488,0
3667,0.0127202,-0.212485,-1.4545,-0.02376,-0.0117598,0
3668,-0.0092667,-0.176867,-1.61487,-0.0196214,0.00553362,0
3669,-0.00316017,-0.177412,-1.50136,-0.0201433,0.00801408,0
3670,0.00294955,-0.177922,-1.41552,-0.0198761,0.00922186,0
3671,0.00968581,-0.193915,-1.25316,0.000241221,-0.00030643,0.00103245
3672,-9.61628e-005,0.000181535,-0.000511602,0,0,0
3673,-0.000296378,0.000179327,-0.000492273,0,0,0
3674,-0.000143819,0.000202573,-0.000565375,0,0,0
3675,-0.000237265,0.000165075,-0.000473942,0,0,0
3676,-0.000149796,0.00018863,-0.000403211,0,0,0
3677,-0.000388152,0.000210585,-0.000485515,0,0,0
3678,-0.000413953,0.000296023,-0.000570877,0,0,0
3679,-0.000108751,0.00018137,-0.000531185,0,0,0
3680,-0.000243024,0.000201989,-0.000470168,0,0,0
3681,-8.42386e-005,0.000167831,-0.000537102,0,0,0
3682,-0.000188024,0.000212201,-0.00045336,0,0,0
3683,2.5788e-005,0.000241355,-0.000485371,0,0,0
3684,-0.000146367,0.000133598,-0.000524338,0,0,0
3685,9.28455e-005,0.000159945,-0.00036131,0,0,0
3686,-0.00046048,0.000480718,-0.000474223,0,0,0
3687,0.00963267,-0.00657301,-0.460773,-0.00637368,0.0194364,0
3688,-2.97852e-005,0.000237864,-0.000511877,0,0,0
3689,-0.000395125,0.000238678,-0.000513642,0,0,0
3690,-1.02117e-005,0.000254604,-0.000468058,0,0,0
3691,0.00633912,-0.00315215,-0.340361,-0.00443072,0.0288396,0
3692,-0.000399499,0.000299075,-0.000453399,0,0,0
3693,0.00300098,-0.000910145,-0.183186,-0.00209697,0.035867,0
3694,-6.71708e-005,0.000365941,-0.00055339,-0.00165073,0.038317,0
3695,0.0054947,-0.00578024,-0.434232,-0.00404139,0.0175768,0
3696,0.00141182,-0.00540406,-0.419347,-0.00178054,0.0166331,0
3697,-0.00264927,-0.00546785,-0.416054,0.00103525,0.0155143,0
3698,0.0227658,-0.0340681,-0.445523,-0.00923964,-0.0174538,0
3699,0.0260434,-0.0444011,-0.363338,-0.00801782,-0.0194476,0
3700,0.029125,-0.056091,-0.276001,-0.00598359,-0.0155121,0
3701,0.0335469,-0.0840454,-0.242478,-0.00776711,0.00914027,0
3702,0.0312577,-0.069806,-0.242505,-0.00566805,-0.00346159,0
3703,0.0130612,-0.0333165,-0.403504,-0.00951906,-0.0163383,0
3704,0.00335815,-0.0329856,-0.350004,-0.00981873,-0.020221,0
3705,-0.00635074,-0.0330626,-0.306853,-0.00911054,-0.0222671,0
3706,-0.0198176,-0.0596364,0.0272403,0.00116015,0.00153538,-0.00049074
3707,-0.0199836,-0.0661163,0.0222191,0.00105786,0.00136601,-0.000305475
3708,-0.00876537,-0.0606642,0.0237277,0.00120539,-0.000817612,-0.000493088
3709,0.041103,-0.267005,-1.29257,-0.0327547,0.0185887,0
3710,0.0428702,-0.265079,-1.21287,-0.0309333,0.0202708,0
3711,0.0460033,-0.255027,-1.02451,-0.0271805,-0.000517007,0
3712,0.0444516,-0.262955,-1.10975,-0.0282433,0.0176191,0
3713,0.0449502,-0.259267,-1.06372,-0.0268476,0.00854293,0
3714,0.039018,-0.267346,-1.14118,-0.0333512,0.0170035,0
3715,0.0369469,-0.267568,-0.959023,-0.0339549,0.0189609,0
3716,0.0347407,-0.267767,-0.803694,-0.0337743,0.0197091,0
3717,0.000883752,-0.241035,-0.498424,0.00235259,0.0051442,-0.00200144
3718,0.019424,-0.261747,-0.553201,0.00237432,0.0077629,-0.00164326
3719,0.0268628,-0.233971,-0.446749,0.00226662,0.00701542,-0.00251102
3720,0.0338645,-0.271965,-1.45346,-0.0319956,-0.0025704,0
3721,0.023073,-0.267866,-1.67,-0.0302626,0.0167221,0
3722,0.0320633,-0.272255,-1.45375,-0.0298337,-0.00440745,0
3723,0.024869,-0.269516,-1.59906,-0.0286796,0.0188045,0
3724,0.0302637,-0.272153,-1.42931,-0.0268932,-0.00182975,0
3725,0.0266665,-0.270783,-1.50215,-0.0263154,0.0163754,0
3726,0.0284638,-0.271662,-1.46292,-0.0255213,0.00729708,0
3727,0.0333726,-0.272449,-1.30622,-0.0325454,-0.000620903,0
3728,0.0328781,-0.272816,-1.128,-0.0330979,-0.00213836,0
3729,0.0323888,-0.273063,-0.977323,-0.0328648,-0.00251018,0
3730,0.0249065,-0.268347,-1.53182,-0.0307247,0.0153527,0
3731,0.0267396,-0.268712,-1.36275,-0.0311881,0.0175384,0
3732,0.0285767,-0.268964,-1.22203,-0.03087,0.0184777,0
3733,-0.000752861,-0.265606,-0.917953,0.000965322,0.00442689,-8.97125e-005
3734,-0.10876,-0.106891,-0.0985416,-0.000663167,0.00807662,-0.00197631
3735,-0.0994843,-0.0792265,-0.0153863,-0.000796085,0.00288895,-0.00155339
3736,-0.0924136,-0.103555,-0.095844,-0.000347173,0.0074941,-0.00232952
3737,-0.0868181,-0.0784414,-0.0210735,-0.000621733,0.00317625,-0.00133657
3738,-0.00138745,-0.0104892,-0.0152432,0,0,0
3739,-0.00149283,-0.0104407,-0.0153379,0,0,0
3740,-0.0014428,-0.0104625,-0.0157231,0,0,0
3741,-0.00143462,-0.0104372,-0.0157032,0,0,0
3742,-0.00159548,-0.0111214,-0.0154915,0,0,0
3743,-0.00151143,-0.0103896,-0.0157955,0,0,0
3744,-0.00144759,-0.0110695,-0.0155873,0,0,0
3745,-0.00145365,-0.0101723,-0.014725,0,0,0
3746,-0.00146488,-0.0110925,-0.013282,0,0,0
3747,-0.00151402,-0.011202,-0.0148586,0,0,0
3748,-0.00152512,-0.0111405,-0.0149435,0,0,0
3749,-0.0015985,-0.0114909,-0.0180438,0,0,0
3750,-0.0015985,-0.0114909,-0.0180438,0,0,0
3751,-0.0015985,-0.0114909,-0.0180438,0,0,0
3752,-0.0015985,-0.0114909,-0.0180438,0,0,0
3753,-0.0015985,-0.0114909,-0.0180438,0,0,0
3754,-0.0015985,-0.0114909,-0.0180438,0,0,0
3755,-0.0015985,-0.0114909,-0.0180438,0,0,0
3756,-0.0015985,-0.0114909,-0.0180438,0,0,0
3757,-0.0015985,-0.0114909,-0.0180438,0,0,0
3758,-0.0107541,-0.195331,-0.636153,-0.000361258,0.00638063,-0.00179227
3759,0.0480836,-0.0976419,-0.350333,-0.0102572,0.0165353,0
3760,0.0348863,-0.0973095,-0.30467,-0.0115782,0.0146775,0
3761,0.050703,-0.251125,-1.17119,-0.0284311,-0.00306397,0
3762,0.0459744,-0.251249,-1.04184,-0.0288067,-0.00312524,0
3763,-0.00110197,0.00824422,-0.0140502,0,0,0
3764,-0.00106473,0.0082703,-0.014636,0,0,0
3765,-0.00105886,0.00830088,-0.0152088,0,0,0
3766,-0.00117175,0.0081074,-0.0143424,0,0,0
3767,-0.00127125,0.00813501,-0.0149261,0,0,0
3768,-0.00133861,0.00816725,-0.0154973,0,0,0
3769,-0.00108754,0.00821913,-0.0141744,0,0,0
3770,-0.00118689,0.00812767,-0.014371,0,0,0
3771,-0.0011091,0.00822112,-0.0141764,0,0,0
3772,-0.0011615,0.00817626,-0.0142739,0,0,0
3773,-0.00113591,0.00824259,-0.0142653,0,0,0
3774,-0.00112749,0.00825759,-0.0146356,0,0,0
3775,-0.00117159,0.00829918,-0.0151071,0,0,0
3776,-0.0012055,0.00816769,-0.0148282,0,0,0
3777,-0.00121918,0.00821003,-0.0152943,0,0,0
3778,-0.00114926,0.00823908,-0.0147592,0,0,0
3779,-0.00118631,0.00819369,-0.0148556,0,0,0
3780,-0.00116718,0.00821712,-0.0147579,0,0,0
3781,-0.00114197,0.00826209,-0.0153316,0,0,0
3782,-0.00125331,0.00821707,-0.0154268,0,0,0
3783,-0.00119355,0.00820178,-0.0151972,0,0,0
3784,0.000641133,2.29857e-005,-0.00055309,0,0,0
3785,1.09015e-005,6.48728e-005,-0.00052921,0,0,0
3786,0.000398622,0.000199341,-0.000324673,0,0,0
3787,0.000737303,0.00026403,-0.00063617,0,0,0
3788,0.000235744,-0.000111398,-0.00079553,0,0,0
3789,-0.000581098,-0.000506934,-0.000605616,0,0,0
3790,-0.00575646,-0.000735281,-0.37501,-0.000535895,-0.0315175,0
3791,-6.00783e-005,-0.000152706,-0.000617152,0,0,0
3792,-0.00275039,-0.00012009,-0.196931,-0.000233123,-0.0375551,0
3793,0.000690809,5.73899e-005,-0.00045865,-1.6208e-005,-0.0402842,0
3794,-0.00503861,0.000100369,-0.374375,0.000998187,-0.032215,0
3795,-0.00442197,0.00079062,-0.388467,0.00312937,-0.0323437,0
3796,-0.0237245,-0.0130699,-0.507924,-0.00202813,0.012165,0
3797,-0.0290203,-0.0290182,-0.522568,-0.00366521,-0.0152479,0
3798,-0.0254079,-0.0165766,-0.460579,-0.0023167,0.0064383,0
3799,-0.0280558,-0.0246753,-0.466862,-0.00313814,-0.00795875,0
3800,-0.0269391,-0.0204866,-0.432365,-0.00269592,-0.000499108,0
3801,-0.0208083,-0.0129186,-0.496549,-0.00492496,0.0162654,0
3802,-0.0176017,-0.0123302,-0.464909,-0.00567902,0.0177929,0
3803,-0.0249896,-0.0284589,-0.504528,-0.00718661,-0.0180263,0
3804,-0.0206685,-0.0285038,-0.456787,-0.00849013,-0.0186678,0
3805,-0.0286333,-0.018526,-0.309483,-0.00066512,-0.0036258,0.000792184
3806,-0.0148501,-0.0223316,-0.326042,-0.00065686,-0.00357004,0.000802419
3807,-0.023011,-0.0239008,-0.346799,-0.000649365,-0.00558219,0.000828193
3808,-0.0255004,-0.0803351,-1.10019,-0.00952476,-0.0197585,0
3809,-0.0270697,-0.0580716,-0.855767,-0.00707776,-0.00420476,0
3810,-0.0258934,-0.0745612,-1.01673,-0.00888378,-0.0163406,0
3811,-0.026678,-0.0634273,-0.893036,-0.00766016,-0.00819293,0
3812,-0.0262862,-0.0689246,-0.927852,-0.00826292,-0.0123615,0
3813,-0.0196682,-0.0804722,-1.05956,-0.0117579,-0.0220208,0
3814,-0.0138317,-0.0806515,-0.987931,-0.0118882,-0.0224266,0
3815,-0.0217957,-0.0582124,-0.825729,-0.00954573,-0.000850741,0
3816,-0.016518,-0.0583943,-0.765685,-0.00993109,0.00061237,0
3817,-0.00254214,-0.0710789,-0.781845,-0.00048624,-0.0036147,0.00102772
3818,-0.0184348,-0.144908,-1.45581,-0.0161393,-0.01382,0
3819,-0.0229603,-0.117761,-1.34745,-0.0134396,0.00284275,0
3820,-0.0197205,-0.138165,-1.40503,-0.0154487,-0.00981111,0
3821,-0.0219833,-0.124476,-1.35084,-0.0140989,-0.00103846,0
3822,-0.0209409,-0.131315,-1.34807,-0.0147688,-0.00540381,0
3823,-0.0119316,-0.145153,-1.38312,-0.0185812,-0.0160944,0
3824,-0.00530208,-0.145607,-1.2754,-0.0188454,-0.0164781,0
3825,-0.0164965,-0.118198,-1.28794,-0.0158308,0.00654472,0
3826,-0.00990616,-0.118432,-1.19455,-0.0160551,0.00817023,0
3827,-0.00833096,-0.128393,-1.12234,-0.000144696,-0.00349151,0.00116385
3828,0.000330354,-0.132496,-1.13523,-0.00013186,-0.00307141,0.00114971
3829,-0.00539301,-0.136146,-1.14862,-0.00011859,-0.00359162,0.00116821
3830,7.04914e-005,-0.205979,-1.62,-0.0229533,-0.0113649,0
3831,-0.00739893,-0.182925,-1.56768,-0.0203163,0.00618614,0
3832,-0.00179706,-0.200395,-1.58229,-0.0223208,-0.00723395,0
3833,-0.00553165,-0.188866,-1.55596,-0.0210023,0.00199089,0
3834,-0.00366446,-0.194691,-1.538,-0.0216702,-0.00263225,0
3835,0.00558333,-0.20652,-1.51371,-0.0254202,-0.0137587,0
3836,0.0111006,-0.207025,-1.3712,-0.0256942,-0.0142206,0
3837,-0.00140813,-0.183468,-1.47438,-0.0228097,0.00991755,0
3838,0.00458632,-0.183976,-1.34499,-0.023113,0.0115751,0
3839,0.00872365,-0.194826,-1.25407,0.000242353,-0.000271833,0.00103245
3840,-0.000322874,0.000210389,-0.000485074,0,0,0
3841,-2.72282e-005,0.000257938,-0.000503752,0,0,0
3842,-8.6237e-005,0.000290511,-0.000413859,0,0,0
3843,-0.000368268,0.000365236,-0.000507699,0,0,0
3844,-0.000176816,0.000180192,-0.000558627,0,0,0
3845,0.000212313,5.82783e-005,-0.000499534,0,0,0
3846,0.00356791,-0.00236572,-0.323817,-0.00291214,0.0264888,0
3847,1.1931e-005,0.000195143,-0.000520431,0,0,0
3848,0.00170482,-0.000359285,-0.171702,-0.00126619,0.0325303,0
3849,-0.000399499,0.000299075,-0.000453399,-8.86932e-005,0.0351614,0
3850,0.000914068,-0.00203343,-0.312558,-0.00130869,0.0260471,0
3851,-0.00168782,-0.00211443,-0.314433,0.000895741,0.0251485,0
3852,0.0148972,-0.0437181,-0.309708,-0.0109116,-0.0169895,0
3853,0.0216432,-0.0968233,-0.228578,-0.0151203,0.0105438,0
3854,0.0166246,-0.0557535,-0.238687,-0.0121372,-0.0112599,0
3855,0.0199979,-0.083213,-0.196915,-0.0142573,0.00319096,0
3856,0.0183349,-0.0692206,-0.186031,-0.0132923,-0.00430417,0
3857,0.00383062,-0.0434324,-0.254473,-0.0137892,-0.0221741,0
3858,-0.00725436,-0.0434876,-0.178051,-0.0145356,-0.0246628,0
3859,0.00847948,-0.0962545,-0.153557,-0.018656,0.01306,0
3860,-0.00470389,-0.0956591,-0.0480734,-0.0199829,0.0134765,0
3861,-0.013878,-0.0640554,0.0273559,0.0011757,0.00120769,-0.000453862
3862,-0.0144373,-0.0673474,0.0253104,0.00112775,0.00112084,-0.00034973
3863,-0.009842,-0.0646656,0.0268237,0.00119552,-0.00017618,-0.00045653
3864,0.0410421,-0.25155,-0.877637,-0.0313722,-0.00133079,0
3865,0.0401503,-0.265078,-1.03758,-0.0335166,0.0173879,0
3866,0.0410678,-0.255835,-0.890037,-0.0324343,0.00310067,0
3867,0.0406223,-0.262446,-0.970139,-0.0335064,0.012911,0
3868,0.0409885,-0.259416,-0.898819,-0.0331393,0.00799854,0
3869,0.0365923,-0.251643,-0.72816,-0.0339273,-0.00561349,0
3870,0.0319499,-0.251142,-0.54373,-0.0343235,-0.00773821,0
3871,0.0379121,-0.264954,-0.877746,-0.0360892,0.0205529,0
3872,0.0354777,-0.26509,-0.682045,-0.036493,0.0216969,0
3873,0.0197497,-0.250024,-0.498328,0.00241063,0.00569682,-0.00203598
3874,0.0308944,-0.260793,-0.524751,0.00241981,0.00725905,-0.00185062
3875,0.0343181,-0.246862,-0.472964,0.00237311,0.0067247,-0.00230898
3876,0.0319619,-0.272738,-1.28382,-0.032334,-0.00120163,0
3877,0.0263187,-0.269997,-1.43492,-0.0311196,0.01618,0
3878,0.0305514,-0.272636,-1.29709,-0.0320982,0.00299789,0
3879,0.0277299,-0.271263,-1.37295,-0.0314912,0.0121284,0
3880,0.0291409,-0.272143,-1.30404,-0.031817,0.00758777,0
3881,0.0318614,-0.273104,-1.13042,-0.0348316,-0.00396268,0
3882,0.0317653,-0.273351,-0.940876,-0.0351456,-0.00477895,0
3883,0.0277692,-0.270362,-1.28787,-0.0335576,0.0196091,0
3884,0.0292235,-0.270613,-1.10472,-0.0338098,0.0209931,0
3885,0.0150625,-0.26919,-0.918863,0.000958698,0.00428153,-8.97125e-005
3886,-0.108112,-0.0993497,-0.0680928,-0.000884834,0.0068158,-0.00190684
3887,-0.103474,-0.0854053,-0.0270818,-0.000951293,0.00389875,-0.00168372
3888,-0.101053,-0.0970272,-0.0675781,-0.000715912,0.00649439,-0.00209448
3889,-0.0961743,-0.0846242,-0.0304382,-0.000857219,0.00405623,-0.0015683
3890,-0.0015985,-0.0114909,-0.0180438,0,0,0
3891,0.0120707,-0.194051,-0.634174,-0.000342561,0.00610446,-0.00179227
3892,0.0488408,-0.110558,-0.447612,-0.0142095,0.0167318,0
3893,0.0360294,-0.110266,-0.366493,-0.0145735,0.0153908,0
3894,0.0231796,-0.109848,-0.299832,-0.0158822,0.0126012,0
3895,0.0103314,-0.109324,-0.207602,-0.017195,0.0138086,0
3896,-0.00252311,-0.108707,-0.129812,-0.0175711,0.0137543,0
3897,0.0510228,-0.246488,-1.19803,-0.0298177,-0.000794621,0
3898,0.0457608,-0.246562,-1.03627,-0.0295671,-0.00136719,0
3899,0.040357,-0.246522,-0.900271,-0.0301349,-0.000871595,0
3900,0.0349668,-0.246269,-0.734891,-0.0307091,-0.003945,0
3901,0.0294448,-0.245706,-0.595228,-0.0304853,-0.00567694,0
3902,-0.00112443,0.00876967,-0.0142144,0,0,0
3903,-0.00120326,0.00880374,-0.0146629,0,0,0
3904,-0.00124931,0.00884741,-0.0151452,0,0,0
3905,-0.00128013,0.00863045,-0.0145063,0,0,0
3906,-0.00126225,0.00866611,-0.014951,0,0,0
3907,-0.0012765,0.00871105,-0.0154274,0,0,0
3908,-0.00118045,0.00877522,-0.014179,0,0,0
3909,-0.00122127,0.00868282,-0.0143733,0,0,0
3910,-0.00119066,0.00872102,-0.0143446,0,0,0
3911,-0.00121519,0.00867342,-0.0144433,0,0,0
3912,-0.00120182,0.00862629,-0.0143871,0,0,0
3913,-0.00118238,0.00878677,-0.0148258,0,0,0
3914,-0.00117606,0.00880868,-0.015415,0,0,0
3915,-0.00128462,0.00869438,-0.0150174,0,0,0
3916,-0.00135524,0.00871756,-0.0156058,0,0,0
3917,-0.00120722,0.00877044,-0.014775,0,0,0
3918,-0.00125509,0.00872477,-0.0148698,0,0,0
3919,-0.00123153,0.0087508,-0.0148486,0,0,0
3920,-0.00126657,0.00882722,-0.0152831,0,0,0
3921,-0.00125836,0.00878231,-0.0153759,0,0,0
3922,-0.0012681,0.00887625,-0.0156157,0,0,0
3923,0.00116269,0.00060943,-0.000207245,0,0,0
3924,-0.00238941,0.000416319,-0.200705,0.000603298,-0.0393239,0
3925,-6.00783e-005,-0.000152706,-0.000617152,0.00155307,-0.041717,0
3926,-0.00237442,0.00108392,-0.203974,0.00290421,-0.039187,0
3927,-0.0230946,-0.0171867,-0.425867,-0.00848764,0.0122976,0
3928,-0.0251852,-0.0233547,-0.425695,-0.00963418,-0.0125142,0
3929,-0.0237368,-0.0201313,-0.408524,-0.0103587,0.000157349,0
3930,-0.0211647,-0.0165959,-0.380855,-0.0120902,0.0150563,0
3931,-0.022698,-0.0234019,-0.375772,-0.0135885,-0.0143633,0
3932,-0.0282207,-0.0198598,-0.32589,-0.000660956,-0.00421703,0.000806844
3933,-0.0202,-0.0746974,-0.947095,-0.0137613,-0.0201742,0
3934,-0.0212638,-0.0635684,-0.829764,-0.0126497,-0.00327075,0
3935,-0.0207301,-0.0690632,-0.884509,-0.0142751,-0.0118151,0
3936,-0.0145034,-0.0748777,-0.883946,-0.0165026,-0.0216383,0
3937,-0.0158464,-0.0637492,-0.771343,-0.0154916,-0.000740104,0
3938,-0.0151864,-0.0692439,-0.782703,-0.000487173,-0.00354161,0.00102772
3939,-0.0135556,-0.1381,-1.30017,-0.0206052,-0.0136869,0
3940,-0.0158381,-0.125222,-1.25302,-0.0192293,0.00426251,0
3941,-0.0145253,-0.131656,-1.27343,-0.0210307,-0.00469022,0
3942,-0.00752204,-0.138561,-1.20398,-0.0235969,-0.0151648,0
3943,-0.00982404,-0.125449,-1.16355,-0.0221901,0.00698475,0
3944,-0.0111922,-0.132,-1.13512,-0.000132287,-0.00336761,0.00116059
3945,0.00383778,-0.200937,-1.4423,-0.0275448,-0.0112144,0
3946,0.000342068,-0.189409,-1.42259,-0.026239,0.00730844,0
3947,0.00209098,-0.195233,-1.42928,-0.0280291,-0.00196341,0
3948,0.00947679,-0.201443,-1.31186,-0.0306175,-0.0127737,0
3949,0.00621962,-0.189916,-1.29858,-0.0293228,0.0100646,0
3950,0.00784798,-0.195739,-1.25498,0.00024273,-0.000260301,0.00103245
3951,-0.0004557,0.000492169,-0.000351464,0,0,0
3952,0.000437597,-0.000177312,-0.169055,-0.000430979,0.0330184,0
3953,1.1931e-005,0.000195143,-0.000520431,0.00104846,0.0353615,0
3954,-0.000732343,-0.000310764,-0.167358,0.00156161,0.0318912,0
3955,0.00442811,-0.0553031,-0.154309,-0.0183453,-0.0180608,0
3956,0.00675326,-0.0828076,-0.0996614,-0.0207975,0.00734105,0
3957,0.00557605,-0.0687919,-0.109418,-0.0210332,-0.00563388,0
3958,-0.00817073,-0.0552842,-0.060185,-0.022055,-0.0217645,0
3959,-0.00689658,-0.082287,0.00599319,-0.0248669,0.00895288,0
3960,-0.0094494,-0.0685187,0.0274774,0.00118385,0.000729574,-0.000416984
3961,0.0379729,-0.25652,-0.699815,-0.0378032,-0.00255383,0
3962,0.038634,-0.261727,-0.774328,-0.0388851,0.0174501,0
3963,0.0380184,-0.259398,-0.731587,-0.0397357,0.00743986,0
3964,0.0352743,-0.256041,-0.516775,-0.0410947,-0.00576373,0
3965,0.0370361,-0.261844,-0.586064,-0.0421908,0.0196765,0
3966,0.0412055,-0.25921,-0.498227,0.00245776,0.00652545,-0.00207053
3967,0.0308429,-0.273002,-1.10828,-0.0373192,-0.00132674,0
3968,0.0287967,-0.271627,-1.18719,-0.0366826,0.0171212,0
3969,0.0298201,-0.272509,-1.14465,-0.0381516,0.00792175,0
3970,0.031139,-0.273249,-0.928879,-0.0404045,-0.0032351,0
3971,0.0298683,-0.271877,-1.01111,-0.0397397,0.0195969,0
3972,0.0305144,-0.272758,-0.919768,0.00095649,0.00423308,-8.97125e-005
3973,-0.107465,-0.0921026,-0.0430197,-0.0011065,0.00518813,-0.00182303
3974,-0.0015985,-0.0114909,-0.0180438,0,0,0
3975,0.034067,-0.192827,-0.632188,-0.000331342,0.00593875,-0.00179227
3976,0.04963,-0.123189,-0.517914,-0.0171684,0.0139036,0
3977,0.0371615,-0.122899,-0.44396,-0.0162408,0.0128611,0
3978,0.0246764,-0.122502,-0.352085,-0.0166591,0.0110462,0
3979,0.012179,-0.121996,-0.277419,-0.0170745,0.0112953,0
3980,-0.000318723,-0.121387,-0.18483,-0.0161454,0.0109482,0
3981,0.0515228,-0.240902,-1.17888,-0.0306978,0.00415042,0
3982,0.0455036,-0.240947,-1.04243,-0.0290966,0.00327698,0
3983,0.0394267,-0.240784,-0.884697,-0.0288771,0.0028258,0
3984,0.0332899,-0.240407,-0.753685,-0.0286522,0.00065888,0
3985,0.027108,-0.239812,-0.601375,-0.027049,-0.000784,0
3986,-0.00126577,0.00935441,-0.0141523,0,0,0
3987,-0.00122354,0.00935559,-0.0148744,0,0,0
3988,-0.0012051,0.0093586,-0.0154755,0,0,0
3989,-0.00126882,0.00921348,-0.0144404,0,0,0
3990,-0.0013776,0.00921488,-0.0151601,0,0,0
3991,-0.0014631,0.00921907,-0.0157613,0,0,0
3992,-0.00123365,0.00930235,-0.014375,0,0,0
3993,-0.00130227,0.00920693,-0.0145688,0,0,0
3994,-0.00125808,0.00934389,-0.0142454,0,0,0
3995,-0.00127058,0.00929807,-0.0143398,0,0,0
3996,-0.00126566,0.009438,-0.0142411,0,0,0
3997,-0.00128007,0.00934404,-0.0147815,0,0,0
3998,-0.00133804,0.00938688,-0.0153075,0,0,0
3999,-0.00131798,0.00925077,-0.0149712,0,0,0
4000,-0.00132324,0.00929442,-0.0154909,0,0,0
4001,-0.00128275,0.00932341,-0.0150142,0,0,0
4002,-0.00132095,0.00927611,-0.0151105,0,0,0
4003,-0.00130156,0.00929862,-0.0151143,0,0,0
4004,-0.00128541,0.00930787,-0.0155621,0,0,0
4005,-0.00138245,0.00926056,-0.0156557,0,0,0
4006,-0.0013257,0.00917202,-0.0151783,0,0,0
4007,-0.00128973,0.00989229,-0.0144053,0,0,0
4008,-0.00135719,0.00993349,-0.0147395,0,0,0
4009,-0.00143038,0.00998722,-0.0153309,0,0,0
4010,-0.00140702,0.010573,-0.0140849,0,0,0
4011,-0.00150968,0.0110576,-0.0139238,0,0,0
4012,-0.00141636,0.0105308,-0.0151001,0,0,0
4013,-0.00135243,0.0104754,-0.0155567,0,0,0
4014,-0.00148719,0.011124,-0.0153222,0,0,0
4015,-0.00165314,0.0112288,-0.0148148,0,0,0
4016,-0.00137695,0.009747,-0.0146901,0,0,0
4017,-0.00137874,0.00979085,-0.0150214,0,0,0
4018,-0.00137029,0.00984655,-0.015608,0,0,0
4019,-0.00139724,0.0104329,-0.0143617,0,0,0
4020,-0.00143304,0.0109263,-0.0141936,0,0,0
4021,-0.00145527,0.0103872,-0.0153794,0,0,0
4022,-0.00159356,0.0103277,-0.0158294,0,0,0
4023,-0.00151388,0.0109785,-0.0155938,0,0,0
4024,-0.00143036,0.011076,-0.0150811,0,0,0
4025,0.00116269,0.00060943,-0.000207245,-0.00448233,-0.0414214,0
4026,-0.0282207,-0.0198598,-0.32589,-0.0193046,0.000599012,0
4027,-0.0151864,-0.0692439,-0.782703,-0.0211598,-0.0112861,0
4028,-0.0111922,-0.132,-1.13512,-0.0282063,-0.00406937,0
4029,0.00784798,-0.195739,-1.25498,-0.0353097,-0.00136552,0
4030,-0.0004557,0.000492169,-0.000351464,-0.00353552,0.0341358,0
4031,-0.0094494,-0.0685187,0.0274774,-0.0301577,-0.00666839,0
4032,0.0412055,-0.25921,-0.498227,-0.0474415,0.00694951,0
4033,0.0305144,-0.272758,-0.919768,-0.0454118,0.00820563,0
4034,-0.0893807,-0.0862761,-0.037663,-0.00175636,0.00465662,-0.00182303
4035,0.055649,-0.191631,-0.630197,0,0,0
4036,0.055649,-0.191631,-0.630197,-0.000327603,0.00588352,-0.00179227
4037,0.0504197,-0.135485,-0.586849,-0.0184335,0.00929458,0
4038,0.0382989,-0.135196,-0.486808,-0.0176123,0.00854394,0
4039,0.026167,-0.134801,-0.409242,-0.0174114,0.00756721,0
4040,0.0140216,-0.134301,-0.312659,-0.0172116,0.0069794,0
4041,0.00187839,-0.133696,-0.238551,-0.0163916,0.00634488,0
4042,0.0520236,-0.234489,-1.15511,-0.0295389,0.0105361,0
4043,0.0452464,-0.234523,-0.99776,-0.0282919,0.00938288,0
4044,0.0384486,-0.234334,-0.870629,-0.0276001,0.00810517,0
4045,0.0316082,-0.233932,-0.721747,-0.0269106,0.00675879,0
4046,0.0247602,-0.233323,-0.603081,-0.0256673,0.00558128,0
4047,-0.00133332,0.00993987,-0.0141983,0,0,0
4048,-0.00133155,0.00984628,-0.0143872,0,0,0
4049,-0.00130824,0.00982764,-0.014559,0,0,0
4050,-0.00136659,0.00977885,-0.0146568,0,0,0
4051,-0.00133575,0.00963512,-0.0147913,0,0,0
4052,-0.00133095,0.00991292,-0.0150471,0,0,0
4053,-0.00131768,0.00989663,-0.0156164,0,0,0
4054,-0.0013863,0.0104524,-0.0145729,0,0,0
4055,-0.00150971,0.0111978,-0.0147744,0,0,0
4056,-0.00140716,0.00981745,-0.0152353,0,0,0
4057,-0.00148799,0.00980037,-0.0158029,0,0,0
4058,-0.00142017,0.0103532,-0.0147614,0,0,0
4059,-0.00143792,0.0110868,-0.0149601,0,0,0
4060,-0.00137221,0.00989512,-0.0148254,0,0,0
4061,-0.0013567,0.00984793,-0.0149164,0,0,0
4062,-0.00136399,0.00987642,-0.0146858,0,0,0
4063,-0.00140895,0.00996923,-0.0154832,0,0,0
4064,-0.00138973,0.00992255,-0.0155743,0,0,0
4065,-0.00141141,0.0101196,-0.0161996,0,0,0
4066,-0.00144531,0.0105563,-0.0141628,0,0,0
4067,-0.00134618,0.0105064,-0.0142536,0,0,0
4068,-0.00139641,0.0107539,-0.0138205,0,0,0
4069,-0.00139805,0.0110259,-0.0139845,0,0,0
4070,-0.00150585,0.0109957,-0.0140662,0,0,0
4071,-0.00150096,0.0107789,-0.0161897,0,0,0
4072,-0.00144278,0.0105153,-0.014763,0,0,0
4073,-0.00149428,0.0105845,-0.0154805,0,0,0
4074,-0.00148558,0.0111225,-0.0145476,0,0,0
4075,-0.00150201,0.0110215,-0.0163016,0,0,0
4076,-0.00142414,0.0104185,-0.0149443,0,0,0
4077,-0.00144889,0.0104922,-0.0156637,0,0,0
4078,-0.00151306,0.0110284,-0.0147257,0,0,0
4079,-0.00159219,0.0109362,-0.0164808,0,0,0
4080,0.00116269,0.00060943,-0.000207245,0,0,0
4081,-0.0282207,-0.0198598,-0.32589,0,0,0
4082,-0.0151864,-0.0692439,-0.782703,0,0,0
4083,-0.0111922,-0.132,-1.13512,0,0,0
4084,0.00784798,-0.195739,-1.25498,0,0,0
4085,-0.0004557,0.000492169,-0.000351464,0,0,0
4086,-0.0094494,-0.0685187,0.0274774,0,0,0
4087,0.0412055,-0.25921,-0.498227,0,0,0
4088,0.0305144,-0.272758,-0.919768,0,0,0
4089,-0.0731573,-0.078175,-0.0323004,-0.00231958,0.00419598,-0.00182303
4090,0.0512053,-0.147428,-0.610723,-0.0192384,0.00431182,0
4091,0.0525007,-0.227334,-1.07293,-0.0282351,0.0169782,0
4092,0.0519937,-0.158998,-0.631027,-0.018272,0.000326507,0
4093,0.052969,-0.219483,-0.984883,-0.0249281,0.0220915,0
4094,0.0528259,-0.170162,-0.613772,-0.0166381,-0.00132763,0
4095,0.0534769,-0.210976,-0.851346,-0.0211326,0.0245574,0
4096,0.055649,-0.191631,-0.630197,-0.00812494,0.0119382,0
4097,0.053873,-0.180935,-0.617623,-0.0123652,0.000515175,0
4098,0.0541987,-0.201798,-0.737727,-0.0145833,0.0231962,0
4099,0.0394415,-0.14714,-0.527956,-0.018044,0.00382682,0
4100,0.0276593,-0.14675,-0.427,-0.0181777,0.00367871,0
4101,0.0158622,-0.146256,-0.346201,-0.0183117,0.00226155,0
4102,0.00406074,-0.145656,-0.247216,-0.0171165,0.00135741,0
4103,0.0449973,-0.227364,-0.948526,-0.0265985,0.0155534,0
4104,0.0374756,-0.227172,-0.803755,-0.0263256,0.0134575,0
4105,0.0299288,-0.226765,-0.685275,-0.0260521,0.012927,0
4106,0.0223774,-0.22615,-0.546427,-0.0244138,0.0120269,0
4107,-0.00138745,0.0104892,-0.0152432,0,0,0
4108,-0.00149283,0.0104407,-0.0153379,0,0,0
4109,-0.0014428,0.0104625,-0.0157231,0,0,0
4110,-0.00143462,0.0104372,-0.0157032,0,0,0
4111,-0.00159548,0.0111214,-0.0154915,0,0,0
4112,-0.00151143,0.0103896,-0.0157955,0,0,0
4113,-0.00144759,0.0110695,-0.0155873,0,0,0
4114,-0.00145365,0.0101723,-0.014725,0,0,0
4115,-0.00146488,0.0110925,-0.013282,0,0,0
4116,-0.00151402,0.011202,-0.0148586,0,0,0
4117,-0.00152512,0.0111405,-0.0149435,0,0,0
4118,-0.0015985,0.0114909,-0.0180438,0,0,0
4119,-0.0015985,0.0114909,-0.0180438,0,0,0
4120,-0.0015985,0.0114909,-0.0180438,0,0,0
4121,-0.0015985,0.0114909,-0.0180438,0,0,0
4122,-0.0015985,0.0114909,-0.0180438,0,0,0
4123,-0.0015985,0.0114909,-0.0180438,0,0,0
4124,-0.0015985,0.0114909,-0.0180438,0,0,0
4125,-0.0015985,0.0114909,-0.0180438,0,0,0
4126,-0.0015985,0.0114909,-0.0180438,0,0,0
4127,-0.0585283,-0.0681244,-0.0269318,-0.00279614,0.0038062,-0.00182303
4128,0.0405874,-0.158715,-0.528968,-0.018186,0.000137923,0
4129,0.0447536,-0.219508,-0.848516,-0.0245881,0.0203791,0
4130,0.0417244,-0.169897,-0.540913,-0.0171352,-0.00109829,0
4131,0.0445017,-0.210983,-0.757664,-0.0214099,0.0224202,0
4132,0.0427804,-0.180687,-0.536066,-0.0154013,0.00180715,0
4133,0.0441689,-0.201788,-0.644742,-0.0175348,0.0200039,0
4134,0.0434039,-0.191503,-0.585099,-0.0152909,0.0109845,0
4135,0.029142,-0.158352,-0.447196,-0.0189385,0.000902636,0
4136,0.0176992,-0.157885,-0.339573,-0.0196898,-0.0014414,0
4137,0.0062349,-0.157293,-0.252248,-0.0195956,-0.00264635,0
4138,0.0365006,-0.219293,-0.736982,-0.0250522,0.0173707,0
4139,0.0282482,-0.218862,-0.597995,-0.0255158,0.0177669,0
4140,0.0199753,-0.218239,-0.483856,-0.0251684,0.0171557,0
4141,-0.0015985,0.0114909,-0.0180438,0,0,0
4142,-0.0452281,-0.0564491,-0.0215573,-0.00318606,0.0034873,-0.00182303
4143,0.0305705,-0.169613,-0.437083,-0.0197154,0.000882871,0
4144,0.0354753,-0.210691,-0.631951,-0.0237897,0.0182006,0
4145,0.0318522,-0.180581,-0.458877,-0.0205468,0.00526759,0
4146,0.0343044,-0.201318,-0.557628,-0.0225847,0.0143021,0
4147,0.0331103,-0.191215,-0.479934,-0.0215088,0.00986572,0
4148,0.0195241,-0.16922,-0.343762,-0.0222982,-0.00270885,0
4149,0.00844178,-0.168635,-0.219501,-0.0227872,-0.00437259,0
4150,0.0265565,-0.210188,-0.519764,-0.0261717,0.0198385,0
4151,0.0176023,-0.209559,-0.375575,-0.0264403,0.0196948,0
4152,-0.0015985,0.0114909,-0.0180438,0,0,0
4153,-0.0329909,-0.0434741,-0.0161769,-0.00348933,0.00323926,-0.00182303
4154,0.0213344,-0.180255,-0.330709,-0.0256528,3.84574e-005,0
4155,0.0248505,-0.200749,-0.41901,-0.0275953,0.0175807,0
4156,0.0230379,-0.190768,-0.370281,-0.027619,0.00888831,0
4157,0.0107909,-0.179656,-0.207232,-0.0285816,-0.00269956,0
4158,0.0153711,-0.200134,-0.286585,-0.0304397,0.018502,0
4159,0.0135199,-0.190161,-0.201493,0,0,0
4160,-0.021551,-0.0295243,-0.0107905,-0.00370595,0.00306209,-0.00182303
4161,0.0135199,-0.190161,-0.201493,-0.0345498,0.00798426,0
4162,-0.0106426,-0.0149246,-0.00539822,-0.00383592,0.00295579,-0.00182303
4163,0.0135199,-0.190161,-0.201493,-0.00387925,0.00292035,-0.00182303
