bridge1_generated_current: Abaqus .inp converted for STAP++
4163  5  1  1
  1  1  1  1  1  1  1  20.000000  20.000000  -50.000000
  2  1  1  1  1  1  1  20.000000  15.000000  -50.000000
  3  1  1  1  1  1  1  20.000000  10.000000  -50.000000
  4  1  1  1  1  1  1  -20.000000  20.000000  -50.000000
  5  1  1  1  1  1  1  -20.000000  15.000000  -50.000000
  6  1  1  1  1  1  1  -20.000000  10.000000  -50.000000
  7  1  1  1  1  1  1  13.333333  20.000000  -50.000000
  8  1  1  1  1  1  1  -13.333333  20.000000  -50.000000
  9  1  1  1  1  1  1  6.666667  20.000000  -50.000000
  10  1  1  1  1  1  1  -6.666667  20.000000  -50.000000
  11  1  1  1  1  1  1  0.000000  20.000000  -50.000000
  12  1  1  1  1  1  1  13.333333  15.000000  -50.000000
  13  1  1  1  1  1  1  13.333333  10.000000  -50.000000
  14  1  1  1  1  1  1  -13.333333  15.000000  -50.000000
  15  1  1  1  1  1  1  -13.333333  10.000000  -50.000000
  16  1  1  1  1  1  1  6.666667  15.000000  -50.000000
  17  1  1  1  1  1  1  -6.666667  15.000000  -50.000000
  18  1  1  1  1  1  1  0.000000  15.000000  -50.000000
  19  1  1  1  1  1  1  6.666667  10.000000  -50.000000
  20  1  1  1  1  1  1  -6.666667  10.000000  -50.000000
  21  1  1  1  1  1  1  0.000000  10.000000  -50.000000
  22  0  0  0  1  1  1  19.750000  20.000000  -45.000000
  23  0  0  0  1  1  1  19.750000  15.000000  -45.000000
  24  0  0  0  1  1  1  19.750000  10.000000  -45.000000
  25  0  0  0  1  1  1  -19.750000  20.000000  -45.000000
  26  0  0  0  1  1  1  -19.750000  15.000000  -45.000000
  27  0  0  0  1  1  1  -19.750000  10.000000  -45.000000
  28  0  0  0  1  1  1  13.166667  20.000000  -45.000000
  29  0  0  0  1  1  1  -13.166667  20.000000  -45.000000
  30  0  0  0  1  1  1  6.583333  20.000000  -45.000000
  31  0  0  0  1  1  1  -6.583333  20.000000  -45.000000
  32  0  0  0  1  1  1  0.000000  20.000000  -45.000000
  33  0  0  0  1  1  1  13.166667  15.000000  -45.000000
  34  0  0  0  1  1  1  13.166667  10.000000  -45.000000
  35  0  0  0  1  1  1  -13.166667  15.000000  -45.000000
  36  0  0  0  1  1  1  -13.166667  10.000000  -45.000000
  37  0  0  0  1  1  1  6.583333  15.000000  -45.000000
  38  0  0  0  1  1  1  -6.583333  15.000000  -45.000000
  39  0  0  0  1  1  1  0.000000  15.000000  -45.000000
  40  0  0  0  1  1  1  6.583333  10.000000  -45.000000
  41  0  0  0  1  1  1  -6.583333  10.000000  -45.000000
  42  0  0  0  1  1  1  0.000000  10.000000  -45.000000
  43  0  0  0  1  1  1  19.500000  20.000000  -40.000000
  44  0  0  0  1  1  1  19.500000  15.000000  -40.000000
  45  0  0  0  1  1  1  19.500000  10.000000  -40.000000
  46  0  0  0  1  1  1  -19.500000  20.000000  -40.000000
  47  0  0  0  1  1  1  -19.500000  15.000000  -40.000000
  48  0  0  0  1  1  1  -19.500000  10.000000  -40.000000
  49  0  0  0  1  1  1  13.000000  20.000000  -40.000000
  50  0  0  0  1  1  1  -13.000000  20.000000  -40.000000
  51  0  0  0  1  1  1  6.500000  20.000000  -40.000000
  52  0  0  0  1  1  1  -6.500000  20.000000  -40.000000
  53  0  0  0  1  1  1  0.000000  20.000000  -40.000000
  54  0  0  0  1  1  1  13.000000  15.000000  -40.000000
  55  0  0  0  1  1  1  13.000000  10.000000  -40.000000
  56  0  0  0  1  1  1  -13.000000  15.000000  -40.000000
  57  0  0  0  1  1  1  -13.000000  10.000000  -40.000000
  58  0  0  0  1  1  1  6.500000  15.000000  -40.000000
  59  0  0  0  1  1  1  -6.500000  15.000000  -40.000000
  60  0  0  0  1  1  1  0.000000  15.000000  -40.000000
  61  0  0  0  1  1  1  6.500000  10.000000  -40.000000
  62  0  0  0  1  1  1  -6.500000  10.000000  -40.000000
  63  0  0  0  1  1  1  0.000000  10.000000  -40.000000
  64  0  0  0  1  1  1  19.250000  20.000000  -35.000000
  65  0  0  0  1  1  1  19.250000  15.000000  -35.000000
  66  0  0  0  1  1  1  19.250000  10.000000  -35.000000
  67  0  0  0  1  1  1  -19.250000  20.000000  -35.000000
  68  0  0  0  1  1  1  -19.250000  15.000000  -35.000000
  69  0  0  0  1  1  1  -19.250000  10.000000  -35.000000
  70  0  0  0  1  1  1  12.833333  20.000000  -35.000000
  71  0  0  0  1  1  1  -12.833333  20.000000  -35.000000
  72  0  0  0  1  1  1  6.416667  20.000000  -35.000000
  73  0  0  0  1  1  1  -6.416667  20.000000  -35.000000
  74  0  0  0  1  1  1  0.000000  20.000000  -35.000000
  75  0  0  0  1  1  1  12.833333  15.000000  -35.000000
  76  0  0  0  1  1  1  12.833333  10.000000  -35.000000
  77  0  0  0  1  1  1  -12.833333  15.000000  -35.000000
  78  0  0  0  1  1  1  -12.833333  10.000000  -35.000000
  79  0  0  0  1  1  1  6.416667  15.000000  -35.000000
  80  0  0  0  1  1  1  -6.416667  15.000000  -35.000000
  81  0  0  0  1  1  1  0.000000  15.000000  -35.000000
  82  0  0  0  1  1  1  6.416667  10.000000  -35.000000
  83  0  0  0  1  1  1  -6.416667  10.000000  -35.000000
  84  0  0  0  1  1  1  0.000000  10.000000  -35.000000
  85  0  0  0  1  1  1  19.000000  20.000000  -30.000000
  86  0  0  0  1  1  1  19.000000  15.000000  -30.000000
  87  0  0  0  1  1  1  19.000000  10.000000  -30.000000
  88  0  0  0  1  1  1  -19.000000  20.000000  -30.000000
  89  0  0  0  1  1  1  -19.000000  15.000000  -30.000000
  90  0  0  0  1  1  1  -19.000000  10.000000  -30.000000
  91  0  0  0  1  1  1  12.666667  20.000000  -30.000000
  92  0  0  0  1  1  1  -12.666667  20.000000  -30.000000
  93  0  0  0  1  1  1  6.333333  20.000000  -30.000000
  94  0  0  0  1  1  1  -6.333333  20.000000  -30.000000
  95  0  0  0  1  1  1  0.000000  20.000000  -30.000000
  96  0  0  0  1  1  1  12.666667  15.000000  -30.000000
  97  0  0  0  1  1  1  12.666667  10.000000  -30.000000
  98  0  0  0  1  1  1  -12.666667  15.000000  -30.000000
  99  0  0  0  1  1  1  -12.666667  10.000000  -30.000000
  100  0  0  0  1  1  1  6.333333  15.000000  -30.000000
  101  0  0  0  1  1  1  -6.333333  15.000000  -30.000000
  102  0  0  0  1  1  1  0.000000  15.000000  -30.000000
  103  0  0  0  1  1  1  6.333333  10.000000  -30.000000
  104  0  0  0  1  1  1  -6.333333  10.000000  -30.000000
  105  0  0  0  1  1  1  0.000000  10.000000  -30.000000
  106  1  1  1  1  1  1  20.000000  -20.000000  -50.000000
  107  1  1  1  1  1  1  20.000000  -15.000000  -50.000000
  108  1  1  1  1  1  1  20.000000  -10.000000  -50.000000
  109  1  1  1  1  1  1  -20.000000  -20.000000  -50.000000
  110  1  1  1  1  1  1  -20.000000  -15.000000  -50.000000
  111  1  1  1  1  1  1  -20.000000  -10.000000  -50.000000
  112  1  1  1  1  1  1  13.333333  -20.000000  -50.000000
  113  1  1  1  1  1  1  -13.333333  -20.000000  -50.000000
  114  1  1  1  1  1  1  6.666667  -20.000000  -50.000000
  115  1  1  1  1  1  1  -6.666667  -20.000000  -50.000000
  116  1  1  1  1  1  1  0.000000  -20.000000  -50.000000
  117  1  1  1  1  1  1  13.333333  -15.000000  -50.000000
  118  1  1  1  1  1  1  13.333333  -10.000000  -50.000000
  119  1  1  1  1  1  1  -13.333333  -15.000000  -50.000000
  120  1  1  1  1  1  1  -13.333333  -10.000000  -50.000000
  121  1  1  1  1  1  1  6.666667  -15.000000  -50.000000
  122  1  1  1  1  1  1  -6.666667  -15.000000  -50.000000
  123  1  1  1  1  1  1  0.000000  -15.000000  -50.000000
  124  1  1  1  1  1  1  6.666667  -10.000000  -50.000000
  125  1  1  1  1  1  1  -6.666667  -10.000000  -50.000000
  126  1  1  1  1  1  1  0.000000  -10.000000  -50.000000
  127  0  0  0  1  1  1  18.750000  20.000000  -25.000000
  128  0  0  0  1  1  1  18.750000  15.000000  -25.000000
  129  0  0  0  1  1  1  18.750000  10.000000  -25.000000
  130  0  0  0  1  1  1  -18.750000  20.000000  -25.000000
  131  0  0  0  1  1  1  -18.750000  15.000000  -25.000000
  132  0  0  0  1  1  1  -18.750000  10.000000  -25.000000
  133  0  0  0  1  1  1  12.500000  20.000000  -25.000000
  134  0  0  0  1  1  1  -12.500000  20.000000  -25.000000
  135  0  0  0  1  1  1  6.250000  20.000000  -25.000000
  136  0  0  0  1  1  1  -6.250000  20.000000  -25.000000
  137  0  0  0  1  1  1  0.000000  20.000000  -25.000000
  138  0  0  0  1  1  1  12.500000  15.000000  -25.000000
  139  0  0  0  1  1  1  12.500000  10.000000  -25.000000
  140  0  0  0  1  1  1  -12.500000  15.000000  -25.000000
  141  0  0  0  1  1  1  -12.500000  10.000000  -25.000000
  142  0  0  0  1  1  1  6.250000  15.000000  -25.000000
  143  0  0  0  1  1  1  -6.250000  15.000000  -25.000000
  144  0  0  0  1  1  1  0.000000  15.000000  -25.000000
  145  0  0  0  1  1  1  6.250000  10.000000  -25.000000
  146  0  0  0  1  1  1  -6.250000  10.000000  -25.000000
  147  0  0  0  1  1  1  0.000000  10.000000  -25.000000
  148  0  0  0  1  1  1  19.750000  -20.000000  -45.000000
  149  0  0  0  1  1  1  19.750000  -15.000000  -45.000000
  150  0  0  0  1  1  1  19.750000  -10.000000  -45.000000
  151  0  0  0  1  1  1  -19.750000  -20.000000  -45.000000
  152  0  0  0  1  1  1  -19.750000  -15.000000  -45.000000
  153  0  0  0  1  1  1  -19.750000  -10.000000  -45.000000
  154  0  0  0  1  1  1  13.166667  -20.000000  -45.000000
  155  0  0  0  1  1  1  -13.166667  -20.000000  -45.000000
  156  0  0  0  1  1  1  6.583333  -20.000000  -45.000000
  157  0  0  0  1  1  1  -6.583333  -20.000000  -45.000000
  158  0  0  0  1  1  1  0.000000  -20.000000  -45.000000
  159  0  0  0  1  1  1  13.166667  -15.000000  -45.000000
  160  0  0  0  1  1  1  13.166667  -10.000000  -45.000000
  161  0  0  0  1  1  1  -13.166667  -15.000000  -45.000000
  162  0  0  0  1  1  1  -13.166667  -10.000000  -45.000000
  163  0  0  0  1  1  1  6.583333  -15.000000  -45.000000
  164  0  0  0  1  1  1  -6.583333  -15.000000  -45.000000
  165  0  0  0  1  1  1  0.000000  -15.000000  -45.000000
  166  0  0  0  1  1  1  6.583333  -10.000000  -45.000000
  167  0  0  0  1  1  1  -6.583333  -10.000000  -45.000000
  168  0  0  0  1  1  1  0.000000  -10.000000  -45.000000
  169  0  0  0  1  1  1  18.500000  20.000000  -20.000000
  170  0  0  0  1  1  1  18.500000  15.000000  -20.000000
  171  0  0  0  1  1  1  18.500000  10.000000  -20.000000
  172  0  0  0  1  1  1  -18.500000  20.000000  -20.000000
  173  0  0  0  1  1  1  -18.500000  15.000000  -20.000000
  174  0  0  0  1  1  1  -18.500000  10.000000  -20.000000
  175  0  0  0  1  1  1  12.333333  20.000000  -20.000000
  176  0  0  0  1  1  1  -12.333333  20.000000  -20.000000
  177  0  0  0  1  1  1  6.166667  20.000000  -20.000000
  178  0  0  0  1  1  1  -6.166667  20.000000  -20.000000
  179  0  0  0  1  1  1  0.000000  20.000000  -20.000000
  180  0  0  0  1  1  1  12.333333  15.000000  -20.000000
  181  0  0  0  1  1  1  12.333333  10.000000  -20.000000
  182  0  0  0  1  1  1  -12.333333  15.000000  -20.000000
  183  0  0  0  1  1  1  -12.333333  10.000000  -20.000000
  184  0  0  0  1  1  1  6.166667  15.000000  -20.000000
  185  0  0  0  1  1  1  -6.166667  15.000000  -20.000000
  186  0  0  0  1  1  1  0.000000  15.000000  -20.000000
  187  0  0  0  1  1  1  6.166667  10.000000  -20.000000
  188  0  0  0  1  1  1  -6.166667  10.000000  -20.000000
  189  0  0  0  1  1  1  0.000000  10.000000  -20.000000
  190  0  0  0  1  1  1  19.500000  -20.000000  -40.000000
  191  0  0  0  1  1  1  19.500000  -15.000000  -40.000000
  192  0  0  0  1  1  1  19.500000  -10.000000  -40.000000
  193  0  0  0  1  1  1  -19.500000  -20.000000  -40.000000
  194  0  0  0  1  1  1  -19.500000  -15.000000  -40.000000
  195  0  0  0  1  1  1  -19.500000  -10.000000  -40.000000
  196  0  0  0  1  1  1  13.000000  -20.000000  -40.000000
  197  0  0  0  1  1  1  -13.000000  -20.000000  -40.000000
  198  0  0  0  1  1  1  6.500000  -20.000000  -40.000000
  199  0  0  0  1  1  1  -6.500000  -20.000000  -40.000000
  200  0  0  0  1  1  1  0.000000  -20.000000  -40.000000
  201  0  0  0  1  1  1  13.000000  -15.000000  -40.000000
  202  0  0  0  1  1  1  13.000000  -10.000000  -40.000000
  203  0  0  0  1  1  1  -13.000000  -15.000000  -40.000000
  204  0  0  0  1  1  1  -13.000000  -10.000000  -40.000000
  205  0  0  0  1  1  1  6.500000  -15.000000  -40.000000
  206  0  0  0  1  1  1  -6.500000  -15.000000  -40.000000
  207  0  0  0  1  1  1  0.000000  -15.000000  -40.000000
  208  0  0  0  1  1  1  6.500000  -10.000000  -40.000000
  209  0  0  0  1  1  1  -6.500000  -10.000000  -40.000000
  210  0  0  0  1  1  1  0.000000  -10.000000  -40.000000
  211  0  0  0  1  1  1  18.250000  20.000000  -15.000000
  212  0  0  0  1  1  1  18.250000  15.000000  -15.000000
  213  0  0  0  1  1  1  18.250000  10.000000  -15.000000
  214  0  0  0  1  1  1  -18.250000  20.000000  -15.000000
  215  0  0  0  1  1  1  -18.250000  15.000000  -15.000000
  216  0  0  0  1  1  1  -18.250000  10.000000  -15.000000
  217  0  0  0  1  1  1  12.166667  20.000000  -15.000000
  218  0  0  0  1  1  1  -12.166667  20.000000  -15.000000
  219  0  0  0  1  1  1  6.083333  20.000000  -15.000000
  220  0  0  0  1  1  1  -6.083333  20.000000  -15.000000
  221  0  0  0  1  1  1  0.000000  20.000000  -15.000000
  222  0  0  0  1  1  1  12.166667  15.000000  -15.000000
  223  0  0  0  1  1  1  12.166667  10.000000  -15.000000
  224  0  0  0  1  1  1  -12.166667  15.000000  -15.000000
  225  0  0  0  1  1  1  -12.166667  10.000000  -15.000000
  226  0  0  0  1  1  1  6.083333  15.000000  -15.000000
  227  0  0  0  1  1  1  -6.083333  15.000000  -15.000000
  228  0  0  0  1  1  1  0.000000  15.000000  -15.000000
  229  0  0  0  1  1  1  6.083333  10.000000  -15.000000
  230  0  0  0  1  1  1  -6.083333  10.000000  -15.000000
  231  0  0  0  1  1  1  0.000000  10.000000  -15.000000
  232  0  0  0  1  1  1  19.250000  -20.000000  -35.000000
  233  0  0  0  1  1  1  19.250000  -15.000000  -35.000000
  234  0  0  0  1  1  1  19.250000  -10.000000  -35.000000
  235  0  0  0  1  1  1  -19.250000  -20.000000  -35.000000
  236  0  0  0  1  1  1  -19.250000  -15.000000  -35.000000
  237  0  0  0  1  1  1  -19.250000  -10.000000  -35.000000
  238  0  0  0  1  1  1  12.833333  -20.000000  -35.000000
  239  0  0  0  1  1  1  -12.833333  -20.000000  -35.000000
  240  0  0  0  1  1  1  6.416667  -20.000000  -35.000000
  241  0  0  0  1  1  1  -6.416667  -20.000000  -35.000000
  242  0  0  0  1  1  1  0.000000  -20.000000  -35.000000
  243  0  0  0  1  1  1  12.833333  -15.000000  -35.000000
  244  0  0  0  1  1  1  12.833333  -10.000000  -35.000000
  245  0  0  0  1  1  1  -12.833333  -15.000000  -35.000000
  246  0  0  0  1  1  1  -12.833333  -10.000000  -35.000000
  247  0  0  0  1  1  1  6.416667  -15.000000  -35.000000
  248  0  0  0  1  1  1  -6.416667  -15.000000  -35.000000
  249  0  0  0  1  1  1  0.000000  -15.000000  -35.000000
  250  0  0  0  1  1  1  6.416667  -10.000000  -35.000000
  251  0  0  0  1  1  1  -6.416667  -10.000000  -35.000000
  252  0  0  0  1  1  1  0.000000  -10.000000  -35.000000
  253  0  0  0  1  1  1  18.000000  20.000000  -10.000000
  254  0  0  0  1  1  1  18.000000  15.000000  -10.000000
  255  0  0  0  1  1  1  18.000000  10.000000  -10.000000
  256  0  0  0  1  1  1  -18.000000  20.000000  -10.000000
  257  0  0  0  1  1  1  -18.000000  15.000000  -10.000000
  258  0  0  0  1  1  1  -18.000000  10.000000  -10.000000
  259  0  0  0  1  1  1  12.000000  20.000000  -10.000000
  260  0  0  0  1  1  1  -12.000000  20.000000  -10.000000
  261  0  0  0  1  1  1  6.000000  20.000000  -10.000000
  262  0  0  0  1  1  1  -6.000000  20.000000  -10.000000
  263  0  0  0  1  1  1  0.000000  20.000000  -10.000000
  264  0  0  0  1  1  1  12.000000  15.000000  -10.000000
  265  0  0  0  1  1  1  12.000000  10.000000  -10.000000
  266  0  0  0  1  1  1  -12.000000  15.000000  -10.000000
  267  0  0  0  1  1  1  -12.000000  10.000000  -10.000000
  268  0  0  0  1  1  1  6.000000  15.000000  -10.000000
  269  0  0  0  1  1  1  -6.000000  15.000000  -10.000000
  270  0  0  0  1  1  1  0.000000  15.000000  -10.000000
  271  0  0  0  1  1  1  6.000000  10.000000  -10.000000
  272  0  0  0  1  1  1  -6.000000  10.000000  -10.000000
  273  0  0  0  1  1  1  0.000000  10.000000  -10.000000
  274  0  0  0  1  1  1  19.000000  -20.000000  -30.000000
  275  0  0  0  1  1  1  19.000000  -15.000000  -30.000000
  276  0  0  0  1  1  1  19.000000  -10.000000  -30.000000
  277  0  0  0  1  1  1  -19.000000  -20.000000  -30.000000
  278  0  0  0  1  1  1  -19.000000  -15.000000  -30.000000
  279  0  0  0  1  1  1  -19.000000  -10.000000  -30.000000
  280  0  0  0  1  1  1  12.666667  -20.000000  -30.000000
  281  0  0  0  1  1  1  -12.666667  -20.000000  -30.000000
  282  0  0  0  1  1  1  6.333333  -20.000000  -30.000000
  283  0  0  0  1  1  1  -6.333333  -20.000000  -30.000000
  284  0  0  0  1  1  1  0.000000  -20.000000  -30.000000
  285  0  0  0  1  1  1  12.666667  -15.000000  -30.000000
  286  0  0  0  1  1  1  12.666667  -10.000000  -30.000000
  287  0  0  0  1  1  1  -12.666667  -15.000000  -30.000000
  288  0  0  0  1  1  1  -12.666667  -10.000000  -30.000000
  289  0  0  0  1  1  1  6.333333  -15.000000  -30.000000
  290  0  0  0  1  1  1  -6.333333  -15.000000  -30.000000
  291  0  0  0  1  1  1  0.000000  -15.000000  -30.000000
  292  0  0  0  1  1  1  6.333333  -10.000000  -30.000000
  293  0  0  0  1  1  1  -6.333333  -10.000000  -30.000000
  294  0  0  0  1  1  1  0.000000  -10.000000  -30.000000
  295  0  0  0  1  1  1  17.750000  20.000000  -5.000000
  296  0  0  0  1  1  1  17.750000  15.000000  -5.000000
  297  0  0  0  1  1  1  17.750000  10.000000  -5.000000
  298  0  0  0  1  1  1  -17.750000  20.000000  -5.000000
  299  0  0  0  1  1  1  -17.750000  15.000000  -5.000000
  300  0  0  0  1  1  1  -17.750000  10.000000  -5.000000
  301  0  0  0  1  1  1  11.833333  20.000000  -5.000000
  302  0  0  0  1  1  1  -11.833333  20.000000  -5.000000
  303  0  0  0  1  1  1  5.916667  20.000000  -5.000000
  304  0  0  0  1  1  1  -5.916667  20.000000  -5.000000
  305  0  0  0  1  1  1  0.000000  20.000000  -5.000000
  306  0  0  0  1  1  1  11.833333  15.000000  -5.000000
  307  0  0  0  1  1  1  11.833333  10.000000  -5.000000
  308  0  0  0  1  1  1  -11.833333  15.000000  -5.000000
  309  0  0  0  1  1  1  -11.833333  10.000000  -5.000000
  310  0  0  0  1  1  1  5.916667  15.000000  -5.000000
  311  0  0  0  1  1  1  -5.916667  15.000000  -5.000000
  312  0  0  0  1  1  1  0.000000  15.000000  -5.000000
  313  0  0  0  1  1  1  5.916667  10.000000  -5.000000
  314  0  0  0  1  1  1  -5.916667  10.000000  -5.000000
  315  0  0  0  1  1  1  0.000000  10.000000  -5.000000
  316  0  0  0  1  1  1  18.750000  -20.000000  -25.000000
  317  0  0  0  1  1  1  18.750000  -15.000000  -25.000000
  318  0  0  0  1  1  1  18.750000  -10.000000  -25.000000
  319  0  0  0  1  1  1  -18.750000  -20.000000  -25.000000
  320  0  0  0  1  1  1  -18.750000  -15.000000  -25.000000
  321  0  0  0  1  1  1  -18.750000  -10.000000  -25.000000
  322  0  0  0  1  1  1  12.500000  -20.000000  -25.000000
  323  0  0  0  1  1  1  -12.500000  -20.000000  -25.000000
  324  0  0  0  1  1  1  6.250000  -20.000000  -25.000000
  325  0  0  0  1  1  1  -6.250000  -20.000000  -25.000000
  326  0  0  0  1  1  1  0.000000  -20.000000  -25.000000
  327  0  0  0  1  1  1  12.500000  -15.000000  -25.000000
  328  0  0  0  1  1  1  12.500000  -10.000000  -25.000000
  329  0  0  0  1  1  1  -12.500000  -15.000000  -25.000000
  330  0  0  0  1  1  1  -12.500000  -10.000000  -25.000000
  331  0  0  0  1  1  1  6.250000  -15.000000  -25.000000
  332  0  0  0  1  1  1  -6.250000  -15.000000  -25.000000
  333  0  0  0  1  1  1  0.000000  -15.000000  -25.000000
  334  0  0  0  1  1  1  6.250000  -10.000000  -25.000000
  335  0  0  0  1  1  1  -6.250000  -10.000000  -25.000000
  336  0  0  0  1  1  1  0.000000  -10.000000  -25.000000
  337  0  0  0  1  1  1  17.500000  20.000000  0.000000
  338  0  0  0  1  1  1  17.500000  15.000000  0.000000
  339  0  0  0  1  1  1  17.500000  10.000000  0.000000
  340  0  0  0  1  1  1  -17.500000  20.000000  0.000000
  341  0  0  0  1  1  1  -17.500000  15.000000  0.000000
  342  0  0  0  1  1  1  -17.500000  10.000000  0.000000
  343  0  0  0  1  1  1  11.666667  20.000000  0.000000
  344  0  0  0  1  1  1  -11.666667  20.000000  0.000000
  345  0  0  0  1  1  1  5.833333  20.000000  0.000000
  346  0  0  0  1  1  1  -5.833333  20.000000  0.000000
  347  0  0  0  1  1  1  0.000000  20.000000  0.000000
  348  0  0  0  1  1  1  11.666667  15.000000  0.000000
  349  0  0  0  1  1  1  11.666667  10.000000  0.000000
  350  0  0  0  1  1  1  -11.666667  15.000000  0.000000
  351  0  0  0  1  1  1  -11.666667  10.000000  0.000000
  352  0  0  0  1  1  1  5.833333  15.000000  0.000000
  353  0  0  0  1  1  1  -5.833333  15.000000  0.000000
  354  0  0  0  1  1  1  0.000000  15.000000  0.000000
  355  0  0  0  1  1  1  5.833333  10.000000  0.000000
  356  0  0  0  1  1  1  -5.833333  10.000000  0.000000
  357  0  0  0  1  1  1  0.000000  10.000000  0.000000
  358  0  0  0  1  1  1  18.500000  -20.000000  -20.000000
  359  0  0  0  1  1  1  18.500000  -15.000000  -20.000000
  360  0  0  0  1  1  1  18.500000  -10.000000  -20.000000
  361  0  0  0  1  1  1  -18.500000  -20.000000  -20.000000
  362  0  0  0  1  1  1  -18.500000  -15.000000  -20.000000
  363  0  0  0  1  1  1  -18.500000  -10.000000  -20.000000
  364  0  0  0  1  1  1  12.333333  -20.000000  -20.000000
  365  0  0  0  1  1  1  -12.333333  -20.000000  -20.000000
  366  0  0  0  1  1  1  6.166667  -20.000000  -20.000000
  367  0  0  0  1  1  1  -6.166667  -20.000000  -20.000000
  368  0  0  0  1  1  1  0.000000  -20.000000  -20.000000
  369  0  0  0  1  1  1  12.333333  -15.000000  -20.000000
  370  0  0  0  1  1  1  12.333333  -10.000000  -20.000000
  371  0  0  0  1  1  1  -12.333333  -15.000000  -20.000000
  372  0  0  0  1  1  1  -12.333333  -10.000000  -20.000000
  373  0  0  0  1  1  1  6.166667  -15.000000  -20.000000
  374  0  0  0  1  1  1  -6.166667  -15.000000  -20.000000
  375  0  0  0  1  1  1  0.000000  -15.000000  -20.000000
  376  0  0  0  1  1  1  6.166667  -10.000000  -20.000000
  377  0  0  0  1  1  1  -6.166667  -10.000000  -20.000000
  378  0  0  0  1  1  1  0.000000  -10.000000  -20.000000
  379  0  0  0  1  1  1  17.250000  20.000000  5.000000
  380  0  0  0  1  1  1  17.250000  15.000000  5.000000
  381  0  0  0  1  1  1  17.250000  10.000000  5.000000
  382  0  0  0  1  1  1  -17.250000  20.000000  5.000000
  383  0  0  0  1  1  1  -17.250000  15.000000  5.000000
  384  0  0  0  1  1  1  -17.250000  10.000000  5.000000
  385  0  0  0  1  1  1  11.500000  20.000000  5.000000
  386  0  0  0  1  1  1  -11.500000  20.000000  5.000000
  387  0  0  0  1  1  1  5.750000  20.000000  5.000000
  388  0  0  0  1  1  1  -5.750000  20.000000  5.000000
  389  0  0  0  1  1  1  0.000000  20.000000  5.000000
  390  0  0  0  1  1  1  11.500000  15.000000  5.000000
  391  0  0  0  1  1  1  11.500000  10.000000  5.000000
  392  0  0  0  1  1  1  -11.500000  15.000000  5.000000
  393  0  0  0  1  1  1  -11.500000  10.000000  5.000000
  394  0  0  0  1  1  1  5.750000  15.000000  5.000000
  395  0  0  0  1  1  1  -5.750000  15.000000  5.000000
  396  0  0  0  1  1  1  0.000000  15.000000  5.000000
  397  0  0  0  1  1  1  5.750000  10.000000  5.000000
  398  0  0  0  1  1  1  -5.750000  10.000000  5.000000
  399  0  0  0  1  1  1  0.000000  10.000000  5.000000
  400  0  0  0  1  1  1  18.250000  -20.000000  -15.000000
  401  0  0  0  1  1  1  18.250000  -15.000000  -15.000000
  402  0  0  0  1  1  1  18.250000  -10.000000  -15.000000
  403  0  0  0  1  1  1  -18.250000  -20.000000  -15.000000
  404  0  0  0  1  1  1  -18.250000  -15.000000  -15.000000
  405  0  0  0  1  1  1  -18.250000  -10.000000  -15.000000
  406  0  0  0  1  1  1  12.166667  -20.000000  -15.000000
  407  0  0  0  1  1  1  -12.166667  -20.000000  -15.000000
  408  0  0  0  1  1  1  6.083333  -20.000000  -15.000000
  409  0  0  0  1  1  1  -6.083333  -20.000000  -15.000000
  410  0  0  0  1  1  1  0.000000  -20.000000  -15.000000
  411  0  0  0  1  1  1  12.166667  -15.000000  -15.000000
  412  0  0  0  1  1  1  12.166667  -10.000000  -15.000000
  413  0  0  0  1  1  1  -12.166667  -15.000000  -15.000000
  414  0  0  0  1  1  1  -12.166667  -10.000000  -15.000000
  415  0  0  0  1  1  1  6.083333  -15.000000  -15.000000
  416  0  0  0  1  1  1  -6.083333  -15.000000  -15.000000
  417  0  0  0  1  1  1  0.000000  -15.000000  -15.000000
  418  0  0  0  1  1  1  6.083333  -10.000000  -15.000000
  419  0  0  0  1  1  1  -6.083333  -10.000000  -15.000000
  420  0  0  0  1  1  1  0.000000  -10.000000  -15.000000
  421  0  0  0  1  1  1  17.000000  20.000000  10.000000
  422  0  0  0  1  1  1  17.000000  15.000000  10.000000
  423  0  0  0  1  1  1  17.000000  10.000000  10.000000
  424  0  0  0  1  1  1  -17.000000  20.000000  10.000000
  425  0  0  0  1  1  1  -17.000000  15.000000  10.000000
  426  0  0  0  1  1  1  -17.000000  10.000000  10.000000
  427  0  0  0  1  1  1  11.333333  20.000000  10.000000
  428  0  0  0  1  1  1  -11.333333  20.000000  10.000000
  429  0  0  0  1  1  1  5.666667  20.000000  10.000000
  430  0  0  0  1  1  1  -5.666667  20.000000  10.000000
  431  0  0  0  1  1  1  0.000000  20.000000  10.000000
  432  0  0  0  1  1  1  11.333333  15.000000  10.000000
  433  0  0  0  1  1  1  11.333333  10.000000  10.000000
  434  0  0  0  1  1  1  -11.333333  15.000000  10.000000
  435  0  0  0  1  1  1  -11.333333  10.000000  10.000000
  436  0  0  0  1  1  1  5.666667  15.000000  10.000000
  437  0  0  0  1  1  1  -5.666667  15.000000  10.000000
  438  0  0  0  1  1  1  0.000000  15.000000  10.000000
  439  0  0  0  1  1  1  5.666667  10.000000  10.000000
  440  0  0  0  1  1  1  -5.666667  10.000000  10.000000
  441  0  0  0  1  1  1  0.000000  10.000000  10.000000
  442  0  0  0  1  1  1  18.000000  -20.000000  -10.000000
  443  0  0  0  1  1  1  18.000000  -15.000000  -10.000000
  444  0  0  0  1  1  1  18.000000  -10.000000  -10.000000
  445  0  0  0  1  1  1  -18.000000  -20.000000  -10.000000
  446  0  0  0  1  1  1  -18.000000  -15.000000  -10.000000
  447  0  0  0  1  1  1  -18.000000  -10.000000  -10.000000
  448  0  0  0  1  1  1  12.000000  -20.000000  -10.000000
  449  0  0  0  1  1  1  -12.000000  -20.000000  -10.000000
  450  0  0  0  1  1  1  6.000000  -20.000000  -10.000000
  451  0  0  0  1  1  1  -6.000000  -20.000000  -10.000000
  452  0  0  0  1  1  1  0.000000  -20.000000  -10.000000
  453  0  0  0  1  1  1  12.000000  -15.000000  -10.000000
  454  0  0  0  1  1  1  12.000000  -10.000000  -10.000000
  455  0  0  0  1  1  1  -12.000000  -15.000000  -10.000000
  456  0  0  0  1  1  1  -12.000000  -10.000000  -10.000000
  457  0  0  0  1  1  1  6.000000  -15.000000  -10.000000
  458  0  0  0  1  1  1  -6.000000  -15.000000  -10.000000
  459  0  0  0  1  1  1  0.000000  -15.000000  -10.000000
  460  0  0  0  1  1  1  6.000000  -10.000000  -10.000000
  461  0  0  0  1  1  1  -6.000000  -10.000000  -10.000000
  462  0  0  0  1  1  1  0.000000  -10.000000  -10.000000
  463  0  0  0  1  1  1  16.750000  20.000000  15.000000
  464  0  0  0  1  1  1  16.750000  15.000000  15.000000
  465  0  0  0  1  1  1  16.750000  10.000000  15.000000
  466  0  0  0  1  1  1  -16.750000  20.000000  15.000000
  467  0  0  0  1  1  1  -16.750000  15.000000  15.000000
  468  0  0  0  1  1  1  -16.750000  10.000000  15.000000
  469  0  0  0  1  1  1  11.166667  20.000000  15.000000
  470  0  0  0  1  1  1  -11.166667  20.000000  15.000000
  471  0  0  0  1  1  1  5.583333  20.000000  15.000000
  472  0  0  0  1  1  1  -5.583333  20.000000  15.000000
  473  0  0  0  1  1  1  0.000000  20.000000  15.000000
  474  0  0  0  1  1  1  11.166667  15.000000  15.000000
  475  0  0  0  1  1  1  11.166667  10.000000  15.000000
  476  0  0  0  1  1  1  -11.166667  15.000000  15.000000
  477  0  0  0  1  1  1  -11.166667  10.000000  15.000000
  478  0  0  0  1  1  1  5.583333  15.000000  15.000000
  479  0  0  0  1  1  1  -5.583333  15.000000  15.000000
  480  0  0  0  1  1  1  0.000000  15.000000  15.000000
  481  0  0  0  1  1  1  5.583333  10.000000  15.000000
  482  0  0  0  1  1  1  -5.583333  10.000000  15.000000
  483  0  0  0  1  1  1  0.000000  10.000000  15.000000
  484  0  0  0  1  1  1  17.750000  -20.000000  -5.000000
  485  0  0  0  1  1  1  17.750000  -15.000000  -5.000000
  486  0  0  0  1  1  1  17.750000  -10.000000  -5.000000
  487  0  0  0  1  1  1  -17.750000  -20.000000  -5.000000
  488  0  0  0  1  1  1  -17.750000  -15.000000  -5.000000
  489  0  0  0  1  1  1  -17.750000  -10.000000  -5.000000
  490  0  0  0  1  1  1  11.833333  -20.000000  -5.000000
  491  0  0  0  1  1  1  -11.833333  -20.000000  -5.000000
  492  0  0  0  1  1  1  5.916667  -20.000000  -5.000000
  493  0  0  0  1  1  1  -5.916667  -20.000000  -5.000000
  494  0  0  0  1  1  1  0.000000  -20.000000  -5.000000
  495  0  0  0  1  1  1  11.833333  -15.000000  -5.000000
  496  0  0  0  1  1  1  11.833333  -10.000000  -5.000000
  497  0  0  0  1  1  1  -11.833333  -15.000000  -5.000000
  498  0  0  0  1  1  1  -11.833333  -10.000000  -5.000000
  499  0  0  0  1  1  1  5.916667  -15.000000  -5.000000
  500  0  0  0  1  1  1  -5.916667  -15.000000  -5.000000
  501  0  0  0  1  1  1  0.000000  -15.000000  -5.000000
  502  0  0  0  1  1  1  5.916667  -10.000000  -5.000000
  503  0  0  0  1  1  1  -5.916667  -10.000000  -5.000000
  504  0  0  0  1  1  1  0.000000  -10.000000  -5.000000
  505  0  0  0  1  1  1  16.500000  20.000000  20.000000
  506  0  0  0  1  1  1  16.500000  15.000000  20.000000
  507  0  0  0  1  1  1  16.500000  10.000000  20.000000
  508  0  0  0  1  1  1  -16.500000  20.000000  20.000000
  509  0  0  0  1  1  1  -16.500000  15.000000  20.000000
  510  0  0  0  1  1  1  -16.500000  10.000000  20.000000
  511  0  0  0  1  1  1  11.000000  20.000000  20.000000
  512  0  0  0  1  1  1  -11.000000  20.000000  20.000000
  513  0  0  0  1  1  1  5.500000  20.000000  20.000000
  514  0  0  0  1  1  1  -5.500000  20.000000  20.000000
  515  0  0  0  1  1  1  0.000000  20.000000  20.000000
  516  0  0  0  1  1  1  11.000000  15.000000  20.000000
  517  0  0  0  1  1  1  11.000000  10.000000  20.000000
  518  0  0  0  1  1  1  -11.000000  15.000000  20.000000
  519  0  0  0  1  1  1  -11.000000  10.000000  20.000000
  520  0  0  0  1  1  1  5.500000  15.000000  20.000000
  521  0  0  0  1  1  1  -5.500000  15.000000  20.000000
  522  0  0  0  1  1  1  0.000000  15.000000  20.000000
  523  0  0  0  1  1  1  5.500000  10.000000  20.000000
  524  0  0  0  1  1  1  -5.500000  10.000000  20.000000
  525  0  0  0  1  1  1  0.000000  10.000000  20.000000
  526  0  0  0  1  1  1  17.500000  -20.000000  0.000000
  527  0  0  0  1  1  1  17.500000  -15.000000  0.000000
  528  0  0  0  1  1  1  17.500000  -10.000000  0.000000
  529  0  0  0  1  1  1  -17.500000  -20.000000  0.000000
  530  0  0  0  1  1  1  -17.500000  -15.000000  0.000000
  531  0  0  0  1  1  1  -17.500000  -10.000000  0.000000
  532  0  0  0  1  1  1  11.666667  -20.000000  0.000000
  533  0  0  0  1  1  1  -11.666667  -20.000000  0.000000
  534  0  0  0  1  1  1  5.833333  -20.000000  0.000000
  535  0  0  0  1  1  1  -5.833333  -20.000000  0.000000
  536  0  0  0  1  1  1  0.000000  -20.000000  0.000000
  537  0  0  0  1  1  1  11.666667  -15.000000  0.000000
  538  0  0  0  1  1  1  11.666667  -10.000000  0.000000
  539  0  0  0  1  1  1  -11.666667  -15.000000  0.000000
  540  0  0  0  1  1  1  -11.666667  -10.000000  0.000000
  541  0  0  0  1  1  1  5.833333  -15.000000  0.000000
  542  0  0  0  1  1  1  -5.833333  -15.000000  0.000000
  543  0  0  0  1  1  1  0.000000  -15.000000  0.000000
  544  0  0  0  1  1  1  5.833333  -10.000000  0.000000
  545  0  0  0  1  1  1  -5.833333  -10.000000  0.000000
  546  0  0  0  1  1  1  0.000000  -10.000000  0.000000
  547  0  0  0  1  1  1  16.250000  20.000000  25.000000
  548  0  0  0  1  1  1  16.250000  15.000000  25.000000
  549  0  0  0  1  1  1  16.250000  10.000000  25.000000
  550  0  0  0  1  1  1  -16.250000  20.000000  25.000000
  551  0  0  0  1  1  1  -16.250000  15.000000  25.000000
  552  0  0  0  1  1  1  -16.250000  10.000000  25.000000
  553  0  0  0  1  1  1  10.833333  20.000000  25.000000
  554  0  0  0  1  1  1  -10.833333  20.000000  25.000000
  555  0  0  0  1  1  1  5.416667  20.000000  25.000000
  556  0  0  0  1  1  1  -5.416667  20.000000  25.000000
  557  0  0  0  1  1  1  0.000000  20.000000  25.000000
  558  0  0  0  1  1  1  10.833333  15.000000  25.000000
  559  0  0  0  1  1  1  10.833333  10.000000  25.000000
  560  0  0  0  1  1  1  -10.833333  15.000000  25.000000
  561  0  0  0  1  1  1  -10.833333  10.000000  25.000000
  562  0  0  0  1  1  1  5.416667  15.000000  25.000000
  563  0  0  0  1  1  1  -5.416667  15.000000  25.000000
  564  0  0  0  1  1  1  0.000000  15.000000  25.000000
  565  0  0  0  1  1  1  5.416667  10.000000  25.000000
  566  0  0  0  1  1  1  -5.416667  10.000000  25.000000
  567  0  0  0  1  1  1  0.000000  10.000000  25.000000
  568  0  0  0  1  1  1  17.250000  -20.000000  5.000000
  569  0  0  0  1  1  1  17.250000  -15.000000  5.000000
  570  0  0  0  1  1  1  17.250000  -10.000000  5.000000
  571  0  0  0  1  1  1  -17.250000  -20.000000  5.000000
  572  0  0  0  1  1  1  -17.250000  -15.000000  5.000000
  573  0  0  0  1  1  1  -17.250000  -10.000000  5.000000
  574  0  0  0  1  1  1  11.500000  -20.000000  5.000000
  575  0  0  0  1  1  1  -11.500000  -20.000000  5.000000
  576  0  0  0  1  1  1  5.750000  -20.000000  5.000000
  577  0  0  0  1  1  1  -5.750000  -20.000000  5.000000
  578  0  0  0  1  1  1  0.000000  -20.000000  5.000000
  579  0  0  0  1  1  1  11.500000  -15.000000  5.000000
  580  0  0  0  1  1  1  11.500000  -10.000000  5.000000
  581  0  0  0  1  1  1  -11.500000  -15.000000  5.000000
  582  0  0  0  1  1  1  -11.500000  -10.000000  5.000000
  583  0  0  0  1  1  1  5.750000  -15.000000  5.000000
  584  0  0  0  1  1  1  -5.750000  -15.000000  5.000000
  585  0  0  0  1  1  1  0.000000  -15.000000  5.000000
  586  0  0  0  1  1  1  5.750000  -10.000000  5.000000
  587  0  0  0  1  1  1  -5.750000  -10.000000  5.000000
  588  0  0  0  1  1  1  0.000000  -10.000000  5.000000
  589  0  0  0  1  1  1  16.000000  20.000000  30.000000
  590  0  0  0  1  1  1  16.000000  15.000000  30.000000
  591  0  0  0  1  1  1  16.000000  10.000000  30.000000
  592  0  0  0  1  1  1  -16.000000  20.000000  30.000000
  593  0  0  0  1  1  1  -16.000000  15.000000  30.000000
  594  0  0  0  1  1  1  -16.000000  10.000000  30.000000
  595  0  0  0  1  1  1  10.666667  20.000000  30.000000
  596  0  0  0  1  1  1  -10.666667  20.000000  30.000000
  597  0  0  0  1  1  1  5.333333  20.000000  30.000000
  598  0  0  0  1  1  1  -5.333333  20.000000  30.000000
  599  0  0  0  1  1  1  0.000000  20.000000  30.000000
  600  0  0  0  1  1  1  10.666667  15.000000  30.000000
  601  0  0  0  1  1  1  10.666667  10.000000  30.000000
  602  0  0  0  1  1  1  -10.666667  15.000000  30.000000
  603  0  0  0  1  1  1  -10.666667  10.000000  30.000000
  604  0  0  0  1  1  1  5.333333  15.000000  30.000000
  605  0  0  0  1  1  1  -5.333333  15.000000  30.000000
  606  0  0  0  1  1  1  0.000000  15.000000  30.000000
  607  0  0  0  1  1  1  5.333333  10.000000  30.000000
  608  0  0  0  1  1  1  -5.333333  10.000000  30.000000
  609  0  0  0  1  1  1  0.000000  10.000000  30.000000
  610  0  0  0  1  1  1  17.000000  -20.000000  10.000000
  611  0  0  0  1  1  1  17.000000  -15.000000  10.000000
  612  0  0  0  1  1  1  17.000000  -10.000000  10.000000
  613  0  0  0  1  1  1  -17.000000  -20.000000  10.000000
  614  0  0  0  1  1  1  -17.000000  -15.000000  10.000000
  615  0  0  0  1  1  1  -17.000000  -10.000000  10.000000
  616  0  0  0  1  1  1  11.333333  -20.000000  10.000000
  617  0  0  0  1  1  1  -11.333333  -20.000000  10.000000
  618  0  0  0  1  1  1  5.666667  -20.000000  10.000000
  619  0  0  0  1  1  1  -5.666667  -20.000000  10.000000
  620  0  0  0  1  1  1  0.000000  -20.000000  10.000000
  621  0  0  0  1  1  1  11.333333  -15.000000  10.000000
  622  0  0  0  1  1  1  11.333333  -10.000000  10.000000
  623  0  0  0  1  1  1  -11.333333  -15.000000  10.000000
  624  0  0  0  1  1  1  -11.333333  -10.000000  10.000000
  625  0  0  0  1  1  1  5.666667  -15.000000  10.000000
  626  0  0  0  1  1  1  -5.666667  -15.000000  10.000000
  627  0  0  0  1  1  1  0.000000  -15.000000  10.000000
  628  0  0  0  1  1  1  5.666667  -10.000000  10.000000
  629  0  0  0  1  1  1  -5.666667  -10.000000  10.000000
  630  0  0  0  1  1  1  0.000000  -10.000000  10.000000
  631  0  0  0  1  1  1  15.750000  20.000000  35.000000
  632  0  0  0  1  1  1  15.750000  15.000000  35.000000
  633  0  0  0  1  1  1  15.750000  10.000000  35.000000
  634  0  0  0  1  1  1  -15.750000  20.000000  35.000000
  635  0  0  0  1  1  1  -15.750000  15.000000  35.000000
  636  0  0  0  1  1  1  -15.750000  10.000000  35.000000
  637  0  0  0  1  1  1  10.500000  20.000000  35.000000
  638  0  0  0  1  1  1  -10.500000  20.000000  35.000000
  639  0  0  0  1  1  1  5.250000  20.000000  35.000000
  640  0  0  0  1  1  1  -5.250000  20.000000  35.000000
  641  0  0  0  1  1  1  0.000000  20.000000  35.000000
  642  0  0  0  1  1  1  10.500000  15.000000  35.000000
  643  0  0  0  1  1  1  10.500000  10.000000  35.000000
  644  0  0  0  1  1  1  -10.500000  15.000000  35.000000
  645  0  0  0  1  1  1  -10.500000  10.000000  35.000000
  646  0  0  0  1  1  1  5.250000  15.000000  35.000000
  647  0  0  0  1  1  1  -5.250000  15.000000  35.000000
  648  0  0  0  1  1  1  0.000000  15.000000  35.000000
  649  0  0  0  1  1  1  5.250000  10.000000  35.000000
  650  0  0  0  1  1  1  -5.250000  10.000000  35.000000
  651  0  0  0  1  1  1  0.000000  10.000000  35.000000
  652  0  0  0  1  1  1  16.750000  -20.000000  15.000000
  653  0  0  0  1  1  1  16.750000  -15.000000  15.000000
  654  0  0  0  1  1  1  16.750000  -10.000000  15.000000
  655  0  0  0  1  1  1  -16.750000  -20.000000  15.000000
  656  0  0  0  1  1  1  -16.750000  -15.000000  15.000000
  657  0  0  0  1  1  1  -16.750000  -10.000000  15.000000
  658  0  0  0  1  1  1  11.166667  -20.000000  15.000000
  659  0  0  0  1  1  1  -11.166667  -20.000000  15.000000
  660  0  0  0  1  1  1  5.583333  -20.000000  15.000000
  661  0  0  0  1  1  1  -5.583333  -20.000000  15.000000
  662  0  0  0  1  1  1  0.000000  -20.000000  15.000000
  663  0  0  0  1  1  1  11.166667  -15.000000  15.000000
  664  0  0  0  1  1  1  11.166667  -10.000000  15.000000
  665  0  0  0  1  1  1  -11.166667  -15.000000  15.000000
  666  0  0  0  1  1  1  -11.166667  -10.000000  15.000000
  667  0  0  0  1  1  1  5.583333  -15.000000  15.000000
  668  0  0  0  1  1  1  -5.583333  -15.000000  15.000000
  669  0  0  0  1  1  1  0.000000  -15.000000  15.000000
  670  0  0  0  1  1  1  5.583333  -10.000000  15.000000
  671  0  0  0  1  1  1  -5.583333  -10.000000  15.000000
  672  0  0  0  1  1  1  0.000000  -10.000000  15.000000
  673  0  0  0  1  1  1  15.500000  20.000000  40.000000
  674  0  0  0  1  1  1  15.500000  15.000000  40.000000
  675  0  0  0  1  1  1  15.500000  10.000000  40.000000
  676  0  0  0  1  1  1  -15.500000  20.000000  40.000000
  677  0  0  0  1  1  1  -15.500000  15.000000  40.000000
  678  0  0  0  1  1  1  -15.500000  10.000000  40.000000
  679  0  0  0  1  1  1  10.333333  20.000000  40.000000
  680  0  0  0  1  1  1  -10.333333  20.000000  40.000000
  681  0  0  0  1  1  1  5.166667  20.000000  40.000000
  682  0  0  0  1  1  1  -5.166667  20.000000  40.000000
  683  0  0  0  1  1  1  0.000000  20.000000  40.000000
  684  0  0  0  1  1  1  10.333333  15.000000  40.000000
  685  0  0  0  1  1  1  10.333333  10.000000  40.000000
  686  0  0  0  1  1  1  -10.333333  15.000000  40.000000
  687  0  0  0  1  1  1  -10.333333  10.000000  40.000000
  688  0  0  0  1  1  1  5.166667  15.000000  40.000000
  689  0  0  0  1  1  1  -5.166667  15.000000  40.000000
  690  0  0  0  1  1  1  0.000000  15.000000  40.000000
  691  0  0  0  1  1  1  5.166667  10.000000  40.000000
  692  0  0  0  1  1  1  -5.166667  10.000000  40.000000
  693  0  0  0  1  1  1  0.000000  10.000000  40.000000
  694  0  0  0  1  1  1  16.500000  -20.000000  20.000000
  695  0  0  0  1  1  1  16.500000  -15.000000  20.000000
  696  0  0  0  1  1  1  16.500000  -10.000000  20.000000
  697  0  0  0  1  1  1  -16.500000  -20.000000  20.000000
  698  0  0  0  1  1  1  -16.500000  -15.000000  20.000000
  699  0  0  0  1  1  1  -16.500000  -10.000000  20.000000
  700  0  0  0  1  1  1  11.000000  -20.000000  20.000000
  701  0  0  0  1  1  1  -11.000000  -20.000000  20.000000
  702  0  0  0  1  1  1  5.500000  -20.000000  20.000000
  703  0  0  0  1  1  1  -5.500000  -20.000000  20.000000
  704  0  0  0  1  1  1  0.000000  -20.000000  20.000000
  705  0  0  0  1  1  1  11.000000  -15.000000  20.000000
  706  0  0  0  1  1  1  11.000000  -10.000000  20.000000
  707  0  0  0  1  1  1  -11.000000  -15.000000  20.000000
  708  0  0  0  1  1  1  -11.000000  -10.000000  20.000000
  709  0  0  0  1  1  1  5.500000  -15.000000  20.000000
  710  0  0  0  1  1  1  -5.500000  -15.000000  20.000000
  711  0  0  0  1  1  1  0.000000  -15.000000  20.000000
  712  0  0  0  1  1  1  5.500000  -10.000000  20.000000
  713  0  0  0  1  1  1  -5.500000  -10.000000  20.000000
  714  0  0  0  1  1  1  0.000000  -10.000000  20.000000
  715  0  0  0  1  1  1  15.250000  20.000000  45.000000
  716  0  0  0  1  1  1  15.250000  15.000000  45.000000
  717  0  0  0  1  1  1  15.250000  10.000000  45.000000
  718  0  0  0  1  1  1  -15.250000  20.000000  45.000000
  719  0  0  0  1  1  1  -15.250000  15.000000  45.000000
  720  0  0  0  1  1  1  -15.250000  10.000000  45.000000
  721  0  0  0  1  1  1  10.166667  20.000000  45.000000
  722  0  0  0  1  1  1  -10.166667  20.000000  45.000000
  723  0  0  0  1  1  1  5.083333  20.000000  45.000000
  724  0  0  0  1  1  1  -5.083333  20.000000  45.000000
  725  0  0  0  1  1  1  0.000000  20.000000  45.000000
  726  0  0  0  1  1  1  10.166667  15.000000  45.000000
  727  0  0  0  1  1  1  10.166667  10.000000  45.000000
  728  0  0  0  1  1  1  -10.166667  15.000000  45.000000
  729  0  0  0  1  1  1  -10.166667  10.000000  45.000000
  730  0  0  0  1  1  1  5.083333  15.000000  45.000000
  731  0  0  0  1  1  1  -5.083333  15.000000  45.000000
  732  0  0  0  1  1  1  0.000000  15.000000  45.000000
  733  0  0  0  1  1  1  5.083333  10.000000  45.000000
  734  0  0  0  1  1  1  -5.083333  10.000000  45.000000
  735  0  0  0  1  1  1  0.000000  10.000000  45.000000
  736  0  0  0  1  1  1  16.250000  -20.000000  25.000000
  737  0  0  0  1  1  1  16.250000  -15.000000  25.000000
  738  0  0  0  1  1  1  16.250000  -10.000000  25.000000
  739  0  0  0  1  1  1  -16.250000  -20.000000  25.000000
  740  0  0  0  1  1  1  -16.250000  -15.000000  25.000000
  741  0  0  0  1  1  1  -16.250000  -10.000000  25.000000
  742  0  0  0  1  1  1  10.833333  -20.000000  25.000000
  743  0  0  0  1  1  1  -10.833333  -20.000000  25.000000
  744  0  0  0  1  1  1  5.416667  -20.000000  25.000000
  745  0  0  0  1  1  1  -5.416667  -20.000000  25.000000
  746  0  0  0  1  1  1  0.000000  -20.000000  25.000000
  747  0  0  0  1  1  1  10.833333  -15.000000  25.000000
  748  0  0  0  1  1  1  10.833333  -10.000000  25.000000
  749  0  0  0  1  1  1  -10.833333  -15.000000  25.000000
  750  0  0  0  1  1  1  -10.833333  -10.000000  25.000000
  751  0  0  0  1  1  1  5.416667  -15.000000  25.000000
  752  0  0  0  1  1  1  -5.416667  -15.000000  25.000000
  753  0  0  0  1  1  1  0.000000  -15.000000  25.000000
  754  0  0  0  1  1  1  5.416667  -10.000000  25.000000
  755  0  0  0  1  1  1  -5.416667  -10.000000  25.000000
  756  0  0  0  1  1  1  0.000000  -10.000000  25.000000
  757  0  0  0  0  0  0  15.384615  10.000000  -30.000000
  758  0  0  0  0  0  0  -15.384615  10.000000  -30.000000
  759  0  0  0  0  0  0  -11.538462  10.000000  -30.000000
  760  0  0  0  0  0  0  11.538462  10.000000  -30.000000
  761  0  0  0  1  1  1  15.000000  20.000000  50.000000
  762  0  0  0  1  1  1  15.000000  15.000000  50.000000
  763  0  0  0  1  1  1  15.000000  10.000000  50.000000
  764  0  0  0  1  1  1  -15.000000  20.000000  50.000000
  765  0  0  0  1  1  1  -15.000000  15.000000  50.000000
  766  0  0  0  1  1  1  -15.000000  10.000000  50.000000
  767  0  0  0  1  1  1  10.000000  20.000000  50.000000
  768  0  0  0  1  1  1  -10.000000  20.000000  50.000000
  769  0  0  0  1  1  1  5.000000  20.000000  50.000000
  770  0  0  0  1  1  1  -5.000000  20.000000  50.000000
  771  0  0  0  1  1  1  0.000000  20.000000  50.000000
  772  0  0  0  1  1  1  10.000000  15.000000  50.000000
  773  0  0  0  1  1  1  10.000000  10.000000  50.000000
  774  0  0  0  1  1  1  -10.000000  15.000000  50.000000
  775  0  0  0  1  1  1  -10.000000  10.000000  50.000000
  776  0  0  0  1  1  1  5.000000  15.000000  50.000000
  777  0  0  0  1  1  1  -5.000000  15.000000  50.000000
  778  0  0  0  1  1  1  0.000000  15.000000  50.000000
  779  0  0  0  1  1  1  5.000000  10.000000  50.000000
  780  0  0  0  1  1  1  -5.000000  10.000000  50.000000
  781  0  0  0  1  1  1  0.000000  10.000000  50.000000
  782  0  0  0  1  1  1  16.000000  -20.000000  30.000000
  783  0  0  0  1  1  1  16.000000  -15.000000  30.000000
  784  0  0  0  1  1  1  16.000000  -10.000000  30.000000
  785  0  0  0  1  1  1  -16.000000  -20.000000  30.000000
  786  0  0  0  1  1  1  -16.000000  -15.000000  30.000000
  787  0  0  0  1  1  1  -16.000000  -10.000000  30.000000
  788  0  0  0  1  1  1  10.666667  -20.000000  30.000000
  789  0  0  0  1  1  1  -10.666667  -20.000000  30.000000
  790  0  0  0  1  1  1  5.333333  -20.000000  30.000000
  791  0  0  0  1  1  1  -5.333333  -20.000000  30.000000
  792  0  0  0  1  1  1  0.000000  -20.000000  30.000000
  793  0  0  0  1  1  1  10.666667  -15.000000  30.000000
  794  0  0  0  1  1  1  10.666667  -10.000000  30.000000
  795  0  0  0  1  1  1  -10.666667  -15.000000  30.000000
  796  0  0  0  1  1  1  -10.666667  -10.000000  30.000000
  797  0  0  0  1  1  1  5.333333  -15.000000  30.000000
  798  0  0  0  1  1  1  -5.333333  -15.000000  30.000000
  799  0  0  0  1  1  1  0.000000  -15.000000  30.000000
  800  0  0  0  1  1  1  5.333333  -10.000000  30.000000
  801  0  0  0  1  1  1  -5.333333  -10.000000  30.000000
  802  0  0  0  1  1  1  0.000000  -10.000000  30.000000
  803  0  0  0  0  0  0  19.230770  10.000000  -30.000000
  804  0  0  0  0  0  0  -19.230770  10.000000  -30.000000
  805  0  0  0  0  0  0  -7.692307  10.000000  -30.000000
  806  0  0  0  0  0  0  7.692307  10.000000  -30.000000
  807  0  0  0  1  1  1  14.750000  20.000000  55.000000
  808  0  0  0  1  1  1  14.750000  15.000000  55.000000
  809  0  0  0  1  1  1  14.750000  10.000000  55.000000
  810  0  0  0  1  1  1  -14.750000  20.000000  55.000000
  811  0  0  0  1  1  1  -14.750000  15.000000  55.000000
  812  0  0  0  1  1  1  -14.750000  10.000000  55.000000
  813  0  0  0  1  1  1  9.833333  20.000000  55.000000
  814  0  0  0  1  1  1  -9.833333  20.000000  55.000000
  815  0  0  0  1  1  1  4.916667  20.000000  55.000000
  816  0  0  0  1  1  1  -4.916667  20.000000  55.000000
  817  0  0  0  1  1  1  0.000000  20.000000  55.000000
  818  0  0  0  1  1  1  9.833333  15.000000  55.000000
  819  0  0  0  1  1  1  9.833333  10.000000  55.000000
  820  0  0  0  1  1  1  -9.833333  15.000000  55.000000
  821  0  0  0  1  1  1  -9.833333  10.000000  55.000000
  822  0  0  0  1  1  1  4.916667  15.000000  55.000000
  823  0  0  0  1  1  1  -4.916667  15.000000  55.000000
  824  0  0  0  1  1  1  0.000000  15.000000  55.000000
  825  0  0  0  1  1  1  4.916667  10.000000  55.000000
  826  0  0  0  1  1  1  -4.916667  10.000000  55.000000
  827  0  0  0  1  1  1  0.000000  10.000000  55.000000
  828  0  0  0  1  1  1  15.750000  -20.000000  35.000000
  829  0  0  0  1  1  1  15.750000  -15.000000  35.000000
  830  0  0  0  1  1  1  15.750000  -10.000000  35.000000
  831  0  0  0  1  1  1  -15.750000  -20.000000  35.000000
  832  0  0  0  1  1  1  -15.750000  -15.000000  35.000000
  833  0  0  0  1  1  1  -15.750000  -10.000000  35.000000
  834  0  0  0  1  1  1  10.500000  -20.000000  35.000000
  835  0  0  0  1  1  1  -10.500000  -20.000000  35.000000
  836  0  0  0  1  1  1  5.250000  -20.000000  35.000000
  837  0  0  0  1  1  1  -5.250000  -20.000000  35.000000
  838  0  0  0  1  1  1  0.000000  -20.000000  35.000000
  839  0  0  0  1  1  1  10.500000  -15.000000  35.000000
  840  0  0  0  1  1  1  10.500000  -10.000000  35.000000
  841  0  0  0  1  1  1  -10.500000  -15.000000  35.000000
  842  0  0  0  1  1  1  -10.500000  -10.000000  35.000000
  843  0  0  0  1  1  1  5.250000  -15.000000  35.000000
  844  0  0  0  1  1  1  -5.250000  -15.000000  35.000000
  845  0  0  0  1  1  1  0.000000  -15.000000  35.000000
  846  0  0  0  1  1  1  5.250000  -10.000000  35.000000
  847  0  0  0  1  1  1  -5.250000  -10.000000  35.000000
  848  0  0  0  1  1  1  0.000000  -10.000000  35.000000
  849  0  0  0  0  0  0  23.076923  10.000000  -30.000000
  850  0  0  0  0  0  0  7.692307  -10.000000  -30.000000
  851  0  0  0  0  0  0  -23.076923  10.000000  -30.000000
  852  0  0  0  0  0  0  -3.846154  10.000000  -30.000000
  853  0  0  0  0  0  0  3.846154  10.000000  -30.000000
  854  0  0  0  0  0  0  -3.846154  -10.000000  -30.000000
  855  0  0  0  0  0  0  3.846154  -10.000000  -30.000000
  856  0  0  0  0  0  0  -7.692307  -10.000000  -30.000000
  857  0  0  0  1  1  1  14.500000  20.000000  60.000000
  858  0  0  0  1  1  1  14.500000  15.000000  60.000000
  859  0  0  0  1  1  1  14.500000  10.000000  60.000000
  860  0  0  0  1  1  1  -14.500000  20.000000  60.000000
  861  0  0  0  1  1  1  -14.500000  15.000000  60.000000
  862  0  0  0  1  1  1  -14.500000  10.000000  60.000000
  863  0  0  0  1  1  1  9.666667  20.000000  60.000000
  864  0  0  0  1  1  1  -9.666667  20.000000  60.000000
  865  0  0  0  1  1  1  4.833333  20.000000  60.000000
  866  0  0  0  1  1  1  -4.833333  20.000000  60.000000
  867  0  0  0  1  1  1  0.000000  20.000000  60.000000
  868  0  0  0  1  1  1  9.666667  15.000000  60.000000
  869  0  0  0  1  1  1  9.666667  10.000000  60.000000
  870  0  0  0  1  1  1  -9.666667  15.000000  60.000000
  871  0  0  0  1  1  1  -9.666667  10.000000  60.000000
  872  0  0  0  1  1  1  4.833333  15.000000  60.000000
  873  0  0  0  1  1  1  -4.833333  15.000000  60.000000
  874  0  0  0  1  1  1  0.000000  15.000000  60.000000
  875  0  0  0  1  1  1  4.833333  10.000000  60.000000
  876  0  0  0  1  1  1  -4.833333  10.000000  60.000000
  877  0  0  0  1  1  1  0.000000  10.000000  60.000000
  878  0  0  0  1  1  1  15.500000  -20.000000  40.000000
  879  0  0  0  1  1  1  15.500000  -15.000000  40.000000
  880  0  0  0  1  1  1  15.500000  -10.000000  40.000000
  881  0  0  0  1  1  1  -15.500000  -20.000000  40.000000
  882  0  0  0  1  1  1  -15.500000  -15.000000  40.000000
  883  0  0  0  1  1  1  -15.500000  -10.000000  40.000000
  884  0  0  0  1  1  1  10.333333  -20.000000  40.000000
  885  0  0  0  1  1  1  -10.333333  -20.000000  40.000000
  886  0  0  0  1  1  1  5.166667  -20.000000  40.000000
  887  0  0  0  1  1  1  -5.166667  -20.000000  40.000000
  888  0  0  0  1  1  1  0.000000  -20.000000  40.000000
  889  0  0  0  1  1  1  10.333333  -15.000000  40.000000
  890  0  0  0  1  1  1  10.333333  -10.000000  40.000000
  891  0  0  0  1  1  1  -10.333333  -15.000000  40.000000
  892  0  0  0  1  1  1  -10.333333  -10.000000  40.000000
  893  0  0  0  1  1  1  5.166667  -15.000000  40.000000
  894  0  0  0  1  1  1  -5.166667  -15.000000  40.000000
  895  0  0  0  1  1  1  0.000000  -15.000000  40.000000
  896  0  0  0  1  1  1  5.166667  -10.000000  40.000000
  897  0  0  0  1  1  1  -5.166667  -10.000000  40.000000
  898  0  0  0  1  1  1  0.000000  -10.000000  40.000000
  899  0  0  0  0  0  0  176.923080  10.000000  -30.000000
  900  0  0  0  0  0  0  173.076920  10.000000  -30.000000
  901  0  0  0  0  0  0  126.923080  10.000000  -30.000000
  902  0  0  0  0  0  0  123.076920  10.000000  -30.000000
  903  0  0  0  0  0  0  76.923080  10.000000  -30.000000
  904  0  0  0  0  0  0  73.076920  10.000000  -30.000000
  905  0  0  0  0  0  0  26.923077  10.000000  -30.000000
  906  0  0  0  0  0  0  30.000000  10.000000  -18.000000
  907  0  0  0  0  0  0  11.538462  -10.000000  -30.000000
  908  0  0  0  0  0  0  -76.923080  10.000000  -30.000000
  909  0  0  0  0  0  0  -26.923077  10.000000  -30.000000
  910  0  0  0  0  0  0  -73.076920  10.000000  -30.000000
  911  0  0  0  0  0  0  -30.000000  10.000000  -18.000000
  912  0  0  0  0  0  0  0.000000  10.000000  -30.000000
  913  0  0  0  0  0  0  26.666666  10.000000  -16.000000
  914  0  0  0  0  0  0  -26.666666  10.000000  -16.000000
  915  0  0  0  0  0  0  0.000000  -10.000000  -30.000000
  916  0  0  0  0  0  0  -11.538462  -10.000000  -30.000000
  917  0  0  0  1  1  1  14.250000  20.000000  65.000000
  918  0  0  0  1  1  1  14.250000  15.000000  65.000000
  919  0  0  0  1  1  1  14.250000  10.000000  65.000000
  920  0  0  0  1  1  1  -14.250000  20.000000  65.000000
  921  0  0  0  1  1  1  -14.250000  15.000000  65.000000
  922  0  0  0  1  1  1  -14.250000  10.000000  65.000000
  923  0  0  0  1  1  1  9.500000  20.000000  65.000000
  924  0  0  0  1  1  1  -9.500000  20.000000  65.000000
  925  0  0  0  1  1  1  4.750000  20.000000  65.000000
  926  0  0  0  1  1  1  -4.750000  20.000000  65.000000
  927  0  0  0  1  1  1  0.000000  20.000000  65.000000
  928  0  0  0  1  1  1  9.500000  15.000000  65.000000
  929  0  0  0  1  1  1  9.500000  10.000000  65.000000
  930  0  0  0  1  1  1  -9.500000  15.000000  65.000000
  931  0  0  0  1  1  1  -9.500000  10.000000  65.000000
  932  0  0  0  1  1  1  4.750000  15.000000  65.000000
  933  0  0  0  1  1  1  -4.750000  15.000000  65.000000
  934  0  0  0  1  1  1  0.000000  15.000000  65.000000
  935  0  0  0  1  1  1  4.750000  10.000000  65.000000
  936  0  0  0  1  1  1  -4.750000  10.000000  65.000000
  937  0  0  0  1  1  1  0.000000  10.000000  65.000000
  938  0  0  0  1  1  1  15.250000  -20.000000  45.000000
  939  0  0  0  1  1  1  15.250000  -15.000000  45.000000
  940  0  0  0  1  1  1  15.250000  -10.000000  45.000000
  941  0  0  0  1  1  1  -15.250000  -20.000000  45.000000
  942  0  0  0  1  1  1  -15.250000  -15.000000  45.000000
  943  0  0  0  1  1  1  -15.250000  -10.000000  45.000000
  944  0  0  0  1  1  1  10.166667  -20.000000  45.000000
  945  0  0  0  1  1  1  -10.166667  -20.000000  45.000000
  946  0  0  0  1  1  1  5.083333  -20.000000  45.000000
  947  0  0  0  1  1  1  -5.083333  -20.000000  45.000000
  948  0  0  0  1  1  1  0.000000  -20.000000  45.000000
  949  0  0  0  1  1  1  10.166667  -15.000000  45.000000
  950  0  0  0  1  1  1  10.166667  -10.000000  45.000000
  951  0  0  0  1  1  1  -10.166667  -15.000000  45.000000
  952  0  0  0  1  1  1  -10.166667  -10.000000  45.000000
  953  0  0  0  1  1  1  5.083333  -15.000000  45.000000
  954  0  0  0  1  1  1  -5.083333  -15.000000  45.000000
  955  0  0  0  1  1  1  0.000000  -15.000000  45.000000
  956  0  0  0  1  1  1  5.083333  -10.000000  45.000000
  957  0  0  0  1  1  1  -5.083333  -10.000000  45.000000
  958  0  0  0  1  1  1  0.000000  -10.000000  45.000000
  959  0  0  0  0  0  0  180.769226  10.000000  -30.000000
  960  0  0  0  0  0  0  169.230774  10.000000  -30.000000
  961  0  0  0  0  0  0  130.769226  10.000000  -30.000000
  962  0  0  0  0  0  0  119.230766  10.000000  -30.000000
  963  0  0  0  0  0  0  80.769234  10.000000  -30.000000
  964  0  0  0  0  0  0  69.230766  10.000000  -30.000000
  965  0  0  0  0  0  0  30.769230  10.000000  -30.000000
  966  0  0  0  0  0  0  33.333332  10.000000  -20.000000
  967  0  0  0  0  0  0  15.384615  -10.000000  -30.000000
  968  0  0  0  0  0  0  -80.769234  10.000000  -30.000000
  969  0  0  0  0  0  0  -30.769230  10.000000  -30.000000
  970  0  0  0  0  0  0  -69.230766  10.000000  -30.000000
  971  0  0  0  0  0  0  -33.333332  10.000000  -20.000000
  972  0  0  0  0  0  0  0.000000  10.000000  -26.250000
  973  0  0  0  0  0  0  23.333334  10.000000  -14.000000
  974  0  0  0  0  0  0  -23.333334  10.000000  -14.000000
  975  0  0  0  0  0  0  0.000000  -10.000000  -26.250000
  976  0  0  0  0  0  0  -15.384615  -10.000000  -30.000000
  977  0  0  0  1  1  1  14.000000  20.000000  70.000000
  978  0  0  0  1  1  1  14.000000  15.000000  70.000000
  979  0  0  0  1  1  1  14.000000  10.000000  70.000000
  980  0  0  0  1  1  1  -14.000000  20.000000  70.000000
  981  0  0  0  1  1  1  -14.000000  15.000000  70.000000
  982  0  0  0  1  1  1  -14.000000  10.000000  70.000000
  983  0  0  0  1  1  1  9.333333  20.000000  70.000000
  984  0  0  0  1  1  1  -9.333333  20.000000  70.000000
  985  0  0  0  1  1  1  4.666667  20.000000  70.000000
  986  0  0  0  1  1  1  -4.666667  20.000000  70.000000
  987  0  0  0  1  1  1  0.000000  20.000000  70.000000
  988  0  0  0  1  1  1  9.333333  15.000000  70.000000
  989  0  0  0  1  1  1  9.333333  10.000000  70.000000
  990  0  0  0  1  1  1  -9.333333  15.000000  70.000000
  991  0  0  0  1  1  1  -9.333333  10.000000  70.000000
  992  0  0  0  1  1  1  4.666667  15.000000  70.000000
  993  0  0  0  1  1  1  -4.666667  15.000000  70.000000
  994  0  0  0  1  1  1  0.000000  15.000000  70.000000
  995  0  0  0  1  1  1  4.666667  10.000000  70.000000
  996  0  0  0  1  1  1  -4.666667  10.000000  70.000000
  997  0  0  0  1  1  1  0.000000  10.000000  70.000000
  998  0  0  0  1  1  1  15.000000  -20.000000  50.000000
  999  0  0  0  1  1  1  15.000000  -15.000000  50.000000
  1000  0  0  0  1  1  1  15.000000  -10.000000  50.000000
  1001  0  0  0  1  1  1  -15.000000  -20.000000  50.000000
  1002  0  0  0  1  1  1  -15.000000  -15.000000  50.000000
  1003  0  0  0  1  1  1  -15.000000  -10.000000  50.000000
  1004  0  0  0  1  1  1  10.000000  -20.000000  50.000000
  1005  0  0  0  1  1  1  -10.000000  -20.000000  50.000000
  1006  0  0  0  1  1  1  5.000000  -20.000000  50.000000
  1007  0  0  0  1  1  1  -5.000000  -20.000000  50.000000
  1008  0  0  0  1  1  1  0.000000  -20.000000  50.000000
  1009  0  0  0  1  1  1  10.000000  -15.000000  50.000000
  1010  0  0  0  1  1  1  10.000000  -10.000000  50.000000
  1011  0  0  0  1  1  1  -10.000000  -15.000000  50.000000
  1012  0  0  0  1  1  1  -10.000000  -10.000000  50.000000
  1013  0  0  0  1  1  1  5.000000  -15.000000  50.000000
  1014  0  0  0  1  1  1  -5.000000  -15.000000  50.000000
  1015  0  0  0  1  1  1  0.000000  -15.000000  50.000000
  1016  0  0  0  1  1  1  5.000000  -10.000000  50.000000
  1017  0  0  0  1  1  1  -5.000000  -10.000000  50.000000
  1018  0  0  0  1  1  1  0.000000  -10.000000  50.000000
  1019  0  0  0  0  0  0  215.384613  10.000000  -30.000000
  1020  0  0  0  0  0  0  184.615387  10.000000  -30.000000
  1021  0  0  0  0  0  0  165.384613  10.000000  -30.000000
  1022  0  0  0  0  0  0  134.615387  10.000000  -30.000000
  1023  0  0  0  0  0  0  115.384613  10.000000  -30.000000
  1024  0  0  0  0  0  0  84.615387  10.000000  -30.000000
  1025  0  0  0  0  0  0  65.384613  10.000000  -30.000000
  1026  0  0  0  0  0  0  34.615383  10.000000  -30.000000
  1027  0  0  0  0  0  0  36.666668  10.000000  -22.000000
  1028  0  0  0  0  0  0  19.230770  -10.000000  -30.000000
  1029  0  0  0  0  0  0  23.333334  -10.000000  -14.000000
  1030  0  0  0  0  0  0  -215.384613  10.000000  -30.000000
  1031  0  0  0  0  0  0  -84.615387  10.000000  -30.000000
  1032  0  0  0  0  0  0  -34.615383  10.000000  -30.000000
  1033  0  0  0  0  0  0  -65.384613  10.000000  -30.000000
  1034  0  0  0  0  0  0  -36.666668  10.000000  -22.000000
  1035  0  0  0  0  0  0  0.000000  10.000000  -22.500000
  1036  0  0  0  0  0  0  20.000000  10.000000  -12.000000
  1037  0  0  0  0  0  0  -20.000000  10.000000  -12.000000
  1038  0  0  0  0  0  0  0.000000  -10.000000  -22.500000
  1039  0  0  0  0  0  0  20.000000  -10.000000  -12.000000
  1040  0  0  0  0  0  0  -20.000000  -10.000000  -12.000000
  1041  0  0  0  0  0  0  -19.230770  -10.000000  -30.000000
  1042  0  0  0  0  0  0  -23.333334  -10.000000  -14.000000
  1043  0  0  0  1  1  1  13.750000  20.000000  75.000000
  1044  0  0  0  1  1  1  13.750000  15.000000  75.000000
  1045  0  0  0  1  1  1  13.750000  10.000000  75.000000
  1046  0  0  0  1  1  1  -13.750000  20.000000  75.000000
  1047  0  0  0  1  1  1  -13.750000  15.000000  75.000000
  1048  0  0  0  1  1  1  -13.750000  10.000000  75.000000
  1049  0  0  0  1  1  1  9.166667  20.000000  75.000000
  1050  0  0  0  1  1  1  -9.166667  20.000000  75.000000
  1051  0  0  0  1  1  1  4.583333  20.000000  75.000000
  1052  0  0  0  1  1  1  -4.583333  20.000000  75.000000
  1053  0  0  0  1  1  1  0.000000  20.000000  75.000000
  1054  0  0  0  1  1  1  9.166667  15.000000  75.000000
  1055  0  0  0  1  1  1  9.166667  10.000000  75.000000
  1056  0  0  0  1  1  1  -9.166667  15.000000  75.000000
  1057  0  0  0  1  1  1  -9.166667  10.000000  75.000000
  1058  0  0  0  1  1  1  4.583333  15.000000  75.000000
  1059  0  0  0  1  1  1  -4.583333  15.000000  75.000000
  1060  0  0  0  1  1  1  0.000000  15.000000  75.000000
  1061  0  0  0  1  1  1  4.583333  10.000000  75.000000
  1062  0  0  0  1  1  1  -4.583333  10.000000  75.000000
  1063  0  0  0  1  1  1  0.000000  10.000000  75.000000
  1064  0  0  0  0  0  0  -115.384613  10.000000  -30.000000
  1065  0  0  0  0  0  0  -184.615387  10.000000  -30.000000
  1066  0  0  0  1  1  1  14.750000  -20.000000  55.000000
  1067  0  0  0  1  1  1  14.750000  -15.000000  55.000000
  1068  0  0  0  1  1  1  14.750000  -10.000000  55.000000
  1069  0  0  0  1  1  1  -14.750000  -20.000000  55.000000
  1070  0  0  0  1  1  1  -14.750000  -15.000000  55.000000
  1071  0  0  0  1  1  1  -14.750000  -10.000000  55.000000
  1072  0  0  0  1  1  1  9.833333  -20.000000  55.000000
  1073  0  0  0  1  1  1  -9.833333  -20.000000  55.000000
  1074  0  0  0  1  1  1  4.916667  -20.000000  55.000000
  1075  0  0  0  1  1  1  -4.916667  -20.000000  55.000000
  1076  0  0  0  1  1  1  0.000000  -20.000000  55.000000
  1077  0  0  0  1  1  1  9.833333  -15.000000  55.000000
  1078  0  0  0  1  1  1  9.833333  -10.000000  55.000000
  1079  0  0  0  1  1  1  -9.833333  -15.000000  55.000000
  1080  0  0  0  1  1  1  -9.833333  -10.000000  55.000000
  1081  0  0  0  1  1  1  4.916667  -15.000000  55.000000
  1082  0  0  0  1  1  1  -4.916667  -15.000000  55.000000
  1083  0  0  0  1  1  1  0.000000  -15.000000  55.000000
  1084  0  0  0  1  1  1  4.916667  -10.000000  55.000000
  1085  0  0  0  1  1  1  -4.916667  -10.000000  55.000000
  1086  0  0  0  1  1  1  0.000000  -10.000000  55.000000
  1087  0  0  0  0  0  0  219.230774  10.000000  -30.000000
  1088  0  0  0  0  0  0  211.538467  10.000000  -30.000000
  1089  0  0  0  0  0  0  188.461533  10.000000  -30.000000
  1090  0  0  0  0  0  0  163.333328  10.000000  -22.000000
  1091  0  0  0  0  0  0  160.000000  10.000000  -24.000000
  1092  0  0  0  0  0  0  161.538467  10.000000  -30.000000
  1093  0  0  0  0  0  0  140.000000  10.000000  -24.000000
  1094  0  0  0  0  0  0  138.461533  10.000000  -30.000000
  1095  0  0  0  0  0  0  136.666672  10.000000  -22.000000
  1096  0  0  0  0  0  0  111.538460  10.000000  -30.000000
  1097  0  0  0  0  0  0  88.461540  10.000000  -30.000000
  1098  0  0  0  0  0  0  63.333332  10.000000  -22.000000
  1099  0  0  0  0  0  0  60.000000  10.000000  -24.000000
  1100  0  0  0  0  0  0  61.538460  10.000000  -30.000000
  1101  0  0  0  0  0  0  38.461540  10.000000  -30.000000
  1102  0  0  0  0  0  0  40.000000  10.000000  -24.000000
  1103  0  0  0  0  0  0  23.076923  -10.000000  -30.000000
  1104  0  0  0  0  0  0  26.666666  -10.000000  -16.000000
  1105  0  0  0  0  0  0  -219.230774  10.000000  -30.000000
  1106  0  0  0  0  0  0  -188.461533  10.000000  -30.000000
  1107  0  0  0  0  0  0  -211.538467  10.000000  -30.000000
  1108  0  0  0  0  0  0  -88.461540  10.000000  -30.000000
  1109  0  0  0  0  0  0  -111.538460  10.000000  -30.000000
  1110  0  0  0  0  0  0  -63.333332  10.000000  -22.000000
  1111  0  0  0  0  0  0  -38.461540  10.000000  -30.000000
  1112  0  0  0  0  0  0  -61.538460  10.000000  -30.000000
  1113  0  0  0  0  0  0  -40.000000  10.000000  -24.000000
  1114  0  0  0  0  0  0  -60.000000  10.000000  -24.000000
  1115  0  0  0  0  0  0  0.000000  10.000000  -18.750000
  1116  0  0  0  0  0  0  16.666666  10.000000  -10.000000
  1117  0  0  0  0  0  0  -16.666666  10.000000  -10.000000
  1118  0  0  0  0  0  0  0.000000  -10.000000  -18.750000
  1119  0  0  0  0  0  0  16.666666  -10.000000  -10.000000
  1120  0  0  0  0  0  0  -16.666666  -10.000000  -10.000000
  1121  0  0  0  0  0  0  -23.076923  -10.000000  -30.000000
  1122  0  0  0  0  0  0  -26.666666  -10.000000  -16.000000
  1123  0  0  0  1  1  1  13.500000  20.000000  80.000000
  1124  0  0  0  1  1  1  13.500000  15.000000  80.000000
  1125  0  0  0  1  1  1  13.500000  10.000000  80.000000
  1126  0  0  0  1  1  1  -13.500000  20.000000  80.000000
  1127  0  0  0  1  1  1  -13.500000  15.000000  80.000000
  1128  0  0  0  1  1  1  -13.500000  10.000000  80.000000
  1129  0  0  0  1  1  1  9.000000  20.000000  80.000000
  1130  0  0  0  1  1  1  -9.000000  20.000000  80.000000
  1131  0  0  0  1  1  1  4.500000  20.000000  80.000000
  1132  0  0  0  1  1  1  -4.500000  20.000000  80.000000
  1133  0  0  0  1  1  1  0.000000  20.000000  80.000000
  1134  0  0  0  1  1  1  9.000000  15.000000  80.000000
  1135  0  0  0  1  1  1  9.000000  10.000000  80.000000
  1136  0  0  0  1  1  1  -9.000000  15.000000  80.000000
  1137  0  0  0  1  1  1  -9.000000  10.000000  80.000000
  1138  0  0  0  1  1  1  4.500000  15.000000  80.000000
  1139  0  0  0  1  1  1  -4.500000  15.000000  80.000000
  1140  0  0  0  1  1  1  0.000000  15.000000  80.000000
  1141  0  0  0  1  1  1  4.500000  10.000000  80.000000
  1142  0  0  0  1  1  1  -4.500000  10.000000  80.000000
  1143  0  0  0  1  1  1  0.000000  10.000000  80.000000
  1144  0  0  0  0  0  0  -119.230766  10.000000  -30.000000
  1145  0  0  0  0  0  0  -180.769226  10.000000  -30.000000
  1146  0  0  0  1  1  1  14.500000  -20.000000  60.000000
  1147  0  0  0  1  1  1  14.500000  -15.000000  60.000000
  1148  0  0  0  1  1  1  14.500000  -10.000000  60.000000
  1149  0  0  0  1  1  1  -14.500000  -20.000000  60.000000
  1150  0  0  0  1  1  1  -14.500000  -15.000000  60.000000
  1151  0  0  0  1  1  1  -14.500000  -10.000000  60.000000
  1152  0  0  0  1  1  1  9.666667  -20.000000  60.000000
  1153  0  0  0  1  1  1  -9.666667  -20.000000  60.000000
  1154  0  0  0  1  1  1  4.833333  -20.000000  60.000000
  1155  0  0  0  1  1  1  -4.833333  -20.000000  60.000000
  1156  0  0  0  1  1  1  0.000000  -20.000000  60.000000
  1157  0  0  0  1  1  1  9.666667  -15.000000  60.000000
  1158  0  0  0  1  1  1  9.666667  -10.000000  60.000000
  1159  0  0  0  1  1  1  -9.666667  -15.000000  60.000000
  1160  0  0  0  1  1  1  -9.666667  -10.000000  60.000000
  1161  0  0  0  1  1  1  4.833333  -15.000000  60.000000
  1162  0  0  0  1  1  1  -4.833333  -15.000000  60.000000
  1163  0  0  0  1  1  1  0.000000  -15.000000  60.000000
  1164  0  0  0  1  1  1  4.833333  -10.000000  60.000000
  1165  0  0  0  1  1  1  -4.833333  -10.000000  60.000000
  1166  0  0  0  1  1  1  0.000000  -10.000000  60.000000
  1167  0  0  0  0  0  0  223.076920  10.000000  -30.000000
  1168  0  0  0  0  0  0  207.692307  10.000000  -30.000000
  1169  0  0  0  0  0  0  192.307693  10.000000  -30.000000
  1170  0  0  0  0  0  0  166.666672  10.000000  -20.000000
  1171  0  0  0  0  0  0  223.076920  -10.000000  -30.000000
  1172  0  0  0  0  0  0  176.923080  -10.000000  -30.000000
  1173  0  0  0  0  0  0  156.666672  10.000000  -26.000000
  1174  0  0  0  0  0  0  157.692307  10.000000  -30.000000
  1175  0  0  0  0  0  0  143.333328  10.000000  -26.000000
  1176  0  0  0  0  0  0  142.307693  10.000000  -30.000000
  1177  0  0  0  0  0  0  173.076920  -10.000000  -30.000000
  1178  0  0  0  0  0  0  126.923080  -10.000000  -30.000000
  1179  0  0  0  0  0  0  133.333328  10.000000  -20.000000
  1180  0  0  0  0  0  0  107.692307  10.000000  -30.000000
  1181  0  0  0  0  0  0  92.307693  10.000000  -30.000000
  1182  0  0  0  0  0  0  66.666664  10.000000  -20.000000
  1183  0  0  0  0  0  0  123.076920  -10.000000  -30.000000
  1184  0  0  0  0  0  0  76.923080  -10.000000  -30.000000
  1185  0  0  0  0  0  0  56.666668  10.000000  -26.000000
  1186  0  0  0  0  0  0  57.692306  10.000000  -30.000000
  1187  0  0  0  0  0  0  42.307693  10.000000  -30.000000
  1188  0  0  0  0  0  0  43.333332  10.000000  -26.000000
  1189  0  0  0  0  0  0  73.076920  -10.000000  -30.000000
  1190  0  0  0  0  0  0  26.923077  -10.000000  -30.000000
  1191  0  0  0  0  0  0  30.000000  -10.000000  -18.000000
  1192  0  0  0  0  0  0  -223.076920  10.000000  -30.000000
  1193  0  0  0  0  0  0  -192.307693  10.000000  -30.000000
  1194  0  0  0  0  0  0  -207.692307  10.000000  -30.000000
  1195  0  0  0  0  0  0  -223.076920  -10.000000  -30.000000
  1196  0  0  0  0  0  0  -92.307693  10.000000  -30.000000
  1197  0  0  0  0  0  0  -107.692307  10.000000  -30.000000
  1198  0  0  0  0  0  0  -66.666664  10.000000  -20.000000
  1199  0  0  0  0  0  0  -76.923080  -10.000000  -30.000000
  1200  0  0  0  0  0  0  -42.307693  10.000000  -30.000000
  1201  0  0  0  0  0  0  -57.692306  10.000000  -30.000000
  1202  0  0  0  0  0  0  -43.333332  10.000000  -26.000000
  1203  0  0  0  0  0  0  -56.666668  10.000000  -26.000000
  1204  0  0  0  0  0  0  0.000000  10.000000  -15.000000
  1205  0  0  0  0  0  0  13.333333  10.000000  -8.000000
  1206  0  0  0  0  0  0  -13.333333  10.000000  -8.000000
  1207  0  0  0  0  0  0  0.000000  -10.000000  -15.000000
  1208  0  0  0  0  0  0  13.333333  -10.000000  -8.000000
  1209  0  0  0  0  0  0  -13.333333  -10.000000  -8.000000
  1210  0  0  0  0  0  0  -26.923077  -10.000000  -30.000000
  1211  0  0  0  0  0  0  -73.076920  -10.000000  -30.000000
  1212  0  0  0  0  0  0  -30.000000  -10.000000  -18.000000
  1213  0  0  0  1  1  1  13.250000  20.000000  85.000000
  1214  0  0  0  1  1  1  13.250000  15.000000  85.000000
  1215  0  0  0  1  1  1  13.250000  10.000000  85.000000
  1216  0  0  0  1  1  1  -13.250000  20.000000  85.000000
  1217  0  0  0  1  1  1  -13.250000  15.000000  85.000000
  1218  0  0  0  1  1  1  -13.250000  10.000000  85.000000
  1219  0  0  0  1  1  1  8.833333  20.000000  85.000000
  1220  0  0  0  1  1  1  -8.833333  20.000000  85.000000
  1221  0  0  0  1  1  1  4.416667  20.000000  85.000000
  1222  0  0  0  1  1  1  -4.416667  20.000000  85.000000
  1223  0  0  0  1  1  1  0.000000  20.000000  85.000000
  1224  0  0  0  1  1  1  8.833333  15.000000  85.000000
  1225  0  0  0  1  1  1  8.833333  10.000000  85.000000
  1226  0  0  0  1  1  1  -8.833333  15.000000  85.000000
  1227  0  0  0  1  1  1  -8.833333  10.000000  85.000000
  1228  0  0  0  1  1  1  4.416667  15.000000  85.000000
  1229  0  0  0  1  1  1  -4.416667  15.000000  85.000000
  1230  0  0  0  1  1  1  0.000000  15.000000  85.000000
  1231  0  0  0  1  1  1  4.416667  10.000000  85.000000
  1232  0  0  0  1  1  1  -4.416667  10.000000  85.000000
  1233  0  0  0  1  1  1  0.000000  10.000000  85.000000
  1234  0  0  0  0  0  0  -123.076920  10.000000  -30.000000
  1235  0  0  0  0  0  0  -176.923080  10.000000  -30.000000
  1236  0  0  0  1  1  1  14.250000  -20.000000  65.000000
  1237  0  0  0  1  1  1  14.250000  -15.000000  65.000000
  1238  0  0  0  1  1  1  14.250000  -10.000000  65.000000
  1239  0  0  0  1  1  1  -14.250000  -20.000000  65.000000
  1240  0  0  0  1  1  1  -14.250000  -15.000000  65.000000
  1241  0  0  0  1  1  1  -14.250000  -10.000000  65.000000
  1242  0  0  0  1  1  1  9.500000  -20.000000  65.000000
  1243  0  0  0  1  1  1  -9.500000  -20.000000  65.000000
  1244  0  0  0  1  1  1  4.750000  -20.000000  65.000000
  1245  0  0  0  1  1  1  -4.750000  -20.000000  65.000000
  1246  0  0  0  1  1  1  0.000000  -20.000000  65.000000
  1247  0  0  0  1  1  1  9.500000  -15.000000  65.000000
  1248  0  0  0  1  1  1  9.500000  -10.000000  65.000000
  1249  0  0  0  1  1  1  -9.500000  -15.000000  65.000000
  1250  0  0  0  1  1  1  -9.500000  -10.000000  65.000000
  1251  0  0  0  1  1  1  4.750000  -15.000000  65.000000
  1252  0  0  0  1  1  1  -4.750000  -15.000000  65.000000
  1253  0  0  0  1  1  1  0.000000  -15.000000  65.000000
  1254  0  0  0  1  1  1  4.750000  -10.000000  65.000000
  1255  0  0  0  1  1  1  -4.750000  -10.000000  65.000000
  1256  0  0  0  1  1  1  0.000000  -10.000000  65.000000
  1257  0  0  0  0  0  0  226.923080  10.000000  -30.000000
  1258  0  0  0  0  0  0  226.923080  -10.000000  -30.000000
  1259  0  0  0  0  0  0  230.000000  10.000000  -18.000000
  1260  0  0  0  0  0  0  203.846161  10.000000  -30.000000
  1261  0  0  0  0  0  0  196.153839  10.000000  -30.000000
  1262  0  0  0  0  0  0  170.000000  10.000000  -18.000000
  1263  0  0  0  0  0  0  219.230774  -10.000000  -30.000000
  1264  0  0  0  0  0  0  180.769226  -10.000000  -30.000000
  1265  0  0  0  0  0  0  153.333328  10.000000  -28.000000
  1266  0  0  0  0  0  0  153.846161  10.000000  -30.000000
  1267  0  0  0  0  0  0  146.666672  10.000000  -28.000000
  1268  0  0  0  0  0  0  146.153839  10.000000  -30.000000
  1269  0  0  0  0  0  0  169.230774  -10.000000  -30.000000
  1270  0  0  0  0  0  0  130.769226  -10.000000  -30.000000
  1271  0  0  0  0  0  0  130.000000  10.000000  -18.000000
  1272  0  0  0  0  0  0  103.846153  10.000000  -30.000000
  1273  0  0  0  0  0  0  96.153847  10.000000  -30.000000
  1274  0  0  0  0  0  0  70.000000  10.000000  -18.000000
  1275  0  0  0  0  0  0  119.230766  -10.000000  -30.000000
  1276  0  0  0  0  0  0  80.769234  -10.000000  -30.000000
  1277  0  0  0  0  0  0  53.333332  10.000000  -28.000000
  1278  0  0  0  0  0  0  53.846153  10.000000  -30.000000
  1279  0  0  0  0  0  0  46.153847  10.000000  -30.000000
  1280  0  0  0  0  0  0  46.666668  10.000000  -28.000000
  1281  0  0  0  0  0  0  69.230766  -10.000000  -30.000000
  1282  0  0  0  0  0  0  30.769230  -10.000000  -30.000000
  1283  0  0  0  0  0  0  33.333332  -10.000000  -20.000000
  1284  0  0  0  0  0  0  -226.923080  10.000000  -30.000000
  1285  0  0  0  0  0  0  -226.923080  -10.000000  -30.000000
  1286  0  0  0  0  0  0  -196.153839  10.000000  -30.000000
  1287  0  0  0  0  0  0  -203.846161  10.000000  -30.000000
  1288  0  0  0  0  0  0  -230.000000  10.000000  -18.000000
  1289  0  0  0  0  0  0  -219.230774  -10.000000  -30.000000
  1290  0  0  0  0  0  0  -96.153847  10.000000  -30.000000
  1291  0  0  0  0  0  0  -103.846153  10.000000  -30.000000
  1292  0  0  0  0  0  0  -70.000000  10.000000  -18.000000
  1293  0  0  0  0  0  0  -80.769234  -10.000000  -30.000000
  1294  0  0  0  0  0  0  -46.153847  10.000000  -30.000000
  1295  0  0  0  0  0  0  -53.846153  10.000000  -30.000000
  1296  0  0  0  0  0  0  -46.666668  10.000000  -28.000000
  1297  0  0  0  0  0  0  -53.333332  10.000000  -28.000000
  1298  0  0  0  0  0  0  0.000000  10.000000  -11.250000
  1299  0  0  0  0  0  0  10.000000  10.000000  -6.000000
  1300  0  0  0  0  0  0  -10.000000  10.000000  -6.000000
  1301  0  0  0  0  0  0  0.000000  -10.000000  -11.250000
  1302  0  0  0  0  0  0  10.000000  -10.000000  -6.000000
  1303  0  0  0  0  0  0  -10.000000  -10.000000  -6.000000
  1304  0  0  0  0  0  0  -30.769230  -10.000000  -30.000000
  1305  0  0  0  0  0  0  -69.230766  -10.000000  -30.000000
  1306  0  0  0  0  0  0  -33.333332  -10.000000  -20.000000
  1307  0  0  0  1  1  1  13.000000  20.000000  90.000000
  1308  0  0  0  1  1  1  13.000000  15.000000  90.000000
  1309  0  0  0  1  1  1  13.000000  10.000000  90.000000
  1310  0  0  0  1  1  1  -13.000000  20.000000  90.000000
  1311  0  0  0  1  1  1  -13.000000  15.000000  90.000000
  1312  0  0  0  1  1  1  -13.000000  10.000000  90.000000
  1313  0  0  0  1  1  1  8.666667  20.000000  90.000000
  1314  0  0  0  1  1  1  -8.666667  20.000000  90.000000
  1315  0  0  0  1  1  1  4.333333  20.000000  90.000000
  1316  0  0  0  1  1  1  -4.333333  20.000000  90.000000
  1317  0  0  0  1  1  1  0.000000  20.000000  90.000000
  1318  0  0  0  1  1  1  8.666667  15.000000  90.000000
  1319  0  0  0  1  1  1  8.666667  10.000000  90.000000
  1320  0  0  0  1  1  1  -8.666667  15.000000  90.000000
  1321  0  0  0  1  1  1  -8.666667  10.000000  90.000000
  1322  0  0  0  1  1  1  4.333333  15.000000  90.000000
  1323  0  0  0  1  1  1  -4.333333  15.000000  90.000000
  1324  0  0  0  1  1  1  0.000000  15.000000  90.000000
  1325  0  0  0  1  1  1  4.333333  10.000000  90.000000
  1326  0  0  0  1  1  1  -4.333333  10.000000  90.000000
  1327  0  0  0  1  1  1  0.000000  10.000000  90.000000
  1328  0  0  0  0  0  0  -126.923080  10.000000  -30.000000
  1329  0  0  0  0  0  0  -173.076920  10.000000  -30.000000
  1330  0  0  0  0  0  0  -130.000000  10.000000  -18.000000
  1331  0  0  0  0  0  0  -170.000000  10.000000  -18.000000
  1332  0  0  0  1  1  1  14.000000  -20.000000  70.000000
  1333  0  0  0  1  1  1  14.000000  -15.000000  70.000000
  1334  0  0  0  1  1  1  14.000000  -10.000000  70.000000
  1335  0  0  0  1  1  1  -14.000000  -20.000000  70.000000
  1336  0  0  0  1  1  1  -14.000000  -15.000000  70.000000
  1337  0  0  0  1  1  1  -14.000000  -10.000000  70.000000
  1338  0  0  0  1  1  1  9.333333  -20.000000  70.000000
  1339  0  0  0  1  1  1  -9.333333  -20.000000  70.000000
  1340  0  0  0  1  1  1  4.666667  -20.000000  70.000000
  1341  0  0  0  1  1  1  -4.666667  -20.000000  70.000000
  1342  0  0  0  1  1  1  0.000000  -20.000000  70.000000
  1343  0  0  0  1  1  1  9.333333  -15.000000  70.000000
  1344  0  0  0  1  1  1  9.333333  -10.000000  70.000000
  1345  0  0  0  1  1  1  -9.333333  -15.000000  70.000000
  1346  0  0  0  1  1  1  -9.333333  -10.000000  70.000000
  1347  0  0  0  1  1  1  4.666667  -15.000000  70.000000
  1348  0  0  0  1  1  1  -4.666667  -15.000000  70.000000
  1349  0  0  0  1  1  1  0.000000  -15.000000  70.000000
  1350  0  0  0  1  1  1  4.666667  -10.000000  70.000000
  1351  0  0  0  1  1  1  -4.666667  -10.000000  70.000000
  1352  0  0  0  1  1  1  0.000000  -10.000000  70.000000
  1353  0  0  0  0  0  0  233.333328  10.000000  -20.000000
  1354  0  0  0  0  0  0  230.769226  10.000000  -30.000000
  1355  0  0  0  0  0  0  230.769226  -10.000000  -30.000000
  1356  0  0  0  0  0  0  226.666672  10.000000  -16.000000
  1357  0  0  0  0  0  0  200.000000  10.000000  -30.000000
  1358  0  0  0  0  0  0  173.333328  10.000000  -16.000000
  1359  0  0  0  0  0  0  215.384613  -10.000000  -30.000000
  1360  0  0  0  0  0  0  184.615387  -10.000000  -30.000000
  1361  0  0  0  0  0  0  150.000000  10.000000  -30.000000
  1362  0  0  0  0  0  0  165.384613  -10.000000  -30.000000
  1363  0  0  0  0  0  0  134.615387  -10.000000  -30.000000
  1364  0  0  0  0  0  0  126.666664  10.000000  -16.000000
  1365  0  0  0  0  0  0  100.000000  10.000000  -30.000000
  1366  0  0  0  0  0  0  73.333336  10.000000  -16.000000
  1367  0  0  0  0  0  0  115.384613  -10.000000  -30.000000
  1368  0  0  0  0  0  0  84.615387  -10.000000  -30.000000
  1369  0  0  0  0  0  0  50.000000  10.000000  -30.000000
  1370  0  0  0  0  0  0  65.384613  -10.000000  -30.000000
  1371  0  0  0  0  0  0  34.615383  -10.000000  -30.000000
  1372  0  0  0  0  0  0  36.666668  -10.000000  -22.000000
  1373  0  0  0  0  0  0  -233.333328  10.000000  -20.000000
  1374  0  0  0  0  0  0  -230.769226  10.000000  -30.000000
  1375  0  0  0  0  0  0  -230.769226  -10.000000  -30.000000
  1376  0  0  0  0  0  0  -200.000000  10.000000  -30.000000
  1377  0  0  0  0  0  0  -173.333328  10.000000  -16.000000
  1378  0  0  0  0  0  0  -226.666672  10.000000  -16.000000
  1379  0  0  0  0  0  0  -215.384613  -10.000000  -30.000000
  1380  0  0  0  0  0  0  -100.000000  10.000000  -30.000000
  1381  0  0  0  0  0  0  -73.333336  10.000000  -16.000000
  1382  0  0  0  0  0  0  -126.666664  10.000000  -16.000000
  1383  0  0  0  0  0  0  -84.615387  -10.000000  -30.000000
  1384  0  0  0  0  0  0  -50.000000  10.000000  -30.000000
  1385  0  0  0  0  0  0  0.000000  10.000000  -7.500000
  1386  0  0  0  0  0  0  6.666667  10.000000  -4.000000
  1387  0  0  0  0  0  0  -6.666667  10.000000  -4.000000
  1388  0  0  0  0  0  0  0.000000  -10.000000  -7.500000
  1389  0  0  0  0  0  0  6.666667  -10.000000  -4.000000
  1390  0  0  0  0  0  0  -6.666667  -10.000000  -4.000000
  1391  0  0  0  0  0  0  -34.615383  -10.000000  -30.000000
  1392  0  0  0  0  0  0  -65.384613  -10.000000  -30.000000
  1393  0  0  0  0  0  0  -36.666668  -10.000000  -22.000000
  1394  0  0  0  1  1  1  12.750000  20.000000  95.000000
  1395  0  0  0  1  1  1  12.750000  15.000000  95.000000
  1396  0  0  0  1  1  1  12.750000  10.000000  95.000000
  1397  0  0  0  1  1  1  -12.750000  20.000000  95.000000
  1398  0  0  0  1  1  1  -12.750000  15.000000  95.000000
  1399  0  0  0  1  1  1  -12.750000  10.000000  95.000000
  1400  0  0  0  1  1  1  8.500000  20.000000  95.000000
  1401  0  0  0  1  1  1  -8.500000  20.000000  95.000000
  1402  0  0  0  1  1  1  4.250000  20.000000  95.000000
  1403  0  0  0  1  1  1  -4.250000  20.000000  95.000000
  1404  0  0  0  1  1  1  0.000000  20.000000  95.000000
  1405  0  0  0  1  1  1  8.500000  15.000000  95.000000
  1406  0  0  0  1  1  1  8.500000  10.000000  95.000000
  1407  0  0  0  1  1  1  -8.500000  15.000000  95.000000
  1408  0  0  0  1  1  1  -8.500000  10.000000  95.000000
  1409  0  0  0  1  1  1  4.250000  15.000000  95.000000
  1410  0  0  0  1  1  1  -4.250000  15.000000  95.000000
  1411  0  0  0  1  1  1  0.000000  15.000000  95.000000
  1412  0  0  0  1  1  1  4.250000  10.000000  95.000000
  1413  0  0  0  1  1  1  -4.250000  10.000000  95.000000
  1414  0  0  0  1  1  1  0.000000  10.000000  95.000000
  1415  0  0  0  0  0  0  -130.769226  10.000000  -30.000000
  1416  0  0  0  0  0  0  -169.230774  10.000000  -30.000000
  1417  0  0  0  0  0  0  -133.333328  10.000000  -20.000000
  1418  0  0  0  0  0  0  -166.666672  10.000000  -20.000000
  1419  0  0  0  1  1  1  13.750000  -20.000000  75.000000
  1420  0  0  0  1  1  1  13.750000  -15.000000  75.000000
  1421  0  0  0  1  1  1  13.750000  -10.000000  75.000000
  1422  0  0  0  1  1  1  -13.750000  -20.000000  75.000000
  1423  0  0  0  1  1  1  -13.750000  -15.000000  75.000000
  1424  0  0  0  1  1  1  -13.750000  -10.000000  75.000000
  1425  0  0  0  1  1  1  9.166667  -20.000000  75.000000
  1426  0  0  0  1  1  1  -9.166667  -20.000000  75.000000
  1427  0  0  0  1  1  1  4.583333  -20.000000  75.000000
  1428  0  0  0  1  1  1  -4.583333  -20.000000  75.000000
  1429  0  0  0  1  1  1  0.000000  -20.000000  75.000000
  1430  0  0  0  1  1  1  9.166667  -15.000000  75.000000
  1431  0  0  0  1  1  1  9.166667  -10.000000  75.000000
  1432  0  0  0  1  1  1  -9.166667  -15.000000  75.000000
  1433  0  0  0  1  1  1  -9.166667  -10.000000  75.000000
  1434  0  0  0  1  1  1  4.583333  -15.000000  75.000000
  1435  0  0  0  1  1  1  -4.583333  -15.000000  75.000000
  1436  0  0  0  1  1  1  0.000000  -15.000000  75.000000
  1437  0  0  0  1  1  1  4.583333  -10.000000  75.000000
  1438  0  0  0  1  1  1  -4.583333  -10.000000  75.000000
  1439  0  0  0  1  1  1  0.000000  -10.000000  75.000000
  1440  0  0  0  0  0  0  236.666672  10.000000  -22.000000
  1441  0  0  0  0  0  0  234.615387  10.000000  -30.000000
  1442  0  0  0  0  0  0  234.615387  -10.000000  -30.000000
  1443  0  0  0  0  0  0  223.333328  10.000000  -14.000000
  1444  0  0  0  0  0  0  200.000000  10.000000  -26.250000
  1445  0  0  0  0  0  0  176.666672  10.000000  -14.000000
  1446  0  0  0  0  0  0  236.666672  -10.000000  -22.000000
  1447  0  0  0  0  0  0  211.538467  -10.000000  -30.000000
  1448  0  0  0  0  0  0  188.461533  -10.000000  -30.000000
  1449  0  0  0  0  0  0  163.333328  -10.000000  -22.000000
  1450  0  0  0  0  0  0  150.000000  10.000000  -26.250000
  1451  0  0  0  0  0  0  160.000000  -10.000000  -24.000000
  1452  0  0  0  0  0  0  161.538467  -10.000000  -30.000000
  1453  0  0  0  0  0  0  140.000000  -10.000000  -24.000000
  1454  0  0  0  0  0  0  138.461533  -10.000000  -30.000000
  1455  0  0  0  0  0  0  123.333336  10.000000  -14.000000
  1456  0  0  0  0  0  0  100.000000  10.000000  -26.250000
  1457  0  0  0  0  0  0  76.666664  10.000000  -14.000000
  1458  0  0  0  0  0  0  136.666672  -10.000000  -22.000000
  1459  0  0  0  0  0  0  111.538460  -10.000000  -30.000000
  1460  0  0  0  0  0  0  88.461540  -10.000000  -30.000000
  1461  0  0  0  0  0  0  63.333332  -10.000000  -22.000000
  1462  0  0  0  0  0  0  50.000000  10.000000  -26.250000
  1463  0  0  0  0  0  0  60.000000  -10.000000  -24.000000
  1464  0  0  0  0  0  0  61.538460  -10.000000  -30.000000
  1465  0  0  0  0  0  0  38.461540  -10.000000  -30.000000
  1466  0  0  0  0  0  0  40.000000  -10.000000  -24.000000
  1467  0  0  0  0  0  0  -236.666672  10.000000  -22.000000
  1468  0  0  0  0  0  0  -234.615387  10.000000  -30.000000
  1469  0  0  0  0  0  0  -234.615387  -10.000000  -30.000000
  1470  0  0  0  0  0  0  -200.000000  10.000000  -26.250000
  1471  0  0  0  0  0  0  -176.666672  10.000000  -14.000000
  1472  0  0  0  0  0  0  -223.333328  10.000000  -14.000000
  1473  0  0  0  0  0  0  -211.538467  -10.000000  -30.000000
  1474  0  0  0  0  0  0  -236.666672  -10.000000  -22.000000
  1475  0  0  0  0  0  0  -100.000000  10.000000  -26.250000
  1476  0  0  0  0  0  0  -76.666664  10.000000  -14.000000
  1477  0  0  0  0  0  0  -123.333336  10.000000  -14.000000
  1478  0  0  0  0  0  0  -88.461540  -10.000000  -30.000000
  1479  0  0  0  0  0  0  -63.333332  -10.000000  -22.000000
  1480  0  0  0  0  0  0  -50.000000  10.000000  -26.250000
  1481  0  0  0  0  0  0  0.000000  10.000000  -3.750000
  1482  0  0  0  0  0  0  3.333333  10.000000  -2.000000
  1483  0  0  0  0  0  0  -3.333333  10.000000  -2.000000
  1484  0  0  0  0  0  0  0.000000  -10.000000  -3.750000
  1485  0  0  0  0  0  0  3.333333  -10.000000  -2.000000
  1486  0  0  0  0  0  0  -3.333333  -10.000000  -2.000000
  1487  0  0  0  0  0  0  -38.461540  -10.000000  -30.000000
  1488  0  0  0  0  0  0  -61.538460  -10.000000  -30.000000
  1489  0  0  0  0  0  0  -40.000000  -10.000000  -24.000000
  1490  0  0  0  0  0  0  -60.000000  -10.000000  -24.000000
  1491  0  0  0  1  1  1  12.500000  20.000000  100.000000
  1492  0  0  0  1  1  1  12.500000  15.000000  100.000000
  1493  0  0  0  1  1  1  12.500000  10.000000  100.000000
  1494  0  0  0  1  1  1  -12.500000  20.000000  100.000000
  1495  0  0  0  1  1  1  -12.500000  15.000000  100.000000
  1496  0  0  0  1  1  1  -12.500000  10.000000  100.000000
  1497  0  0  0  1  1  1  8.333333  20.000000  100.000000
  1498  0  0  0  1  1  1  -8.333333  20.000000  100.000000
  1499  0  0  0  1  1  1  4.166667  20.000000  100.000000
  1500  0  0  0  1  1  1  -4.166667  20.000000  100.000000
  1501  0  0  0  1  1  1  0.000000  20.000000  100.000000
  1502  0  0  0  1  1  1  8.333333  15.000000  100.000000
  1503  0  0  0  1  1  1  8.333333  10.000000  100.000000
  1504  0  0  0  1  1  1  -8.333333  15.000000  100.000000
  1505  0  0  0  1  1  1  -8.333333  10.000000  100.000000
  1506  0  0  0  1  1  1  4.166667  15.000000  100.000000
  1507  0  0  0  1  1  1  -4.166667  15.000000  100.000000
  1508  0  0  0  1  1  1  0.000000  15.000000  100.000000
  1509  0  0  0  1  1  1  4.166667  10.000000  100.000000
  1510  0  0  0  1  1  1  -4.166667  10.000000  100.000000
  1511  0  0  0  1  1  1  0.000000  10.000000  100.000000
  1512  0  0  0  0  0  0  -134.615387  10.000000  -30.000000
  1513  0  0  0  0  0  0  -165.384613  10.000000  -30.000000
  1514  0  0  0  0  0  0  -136.666672  10.000000  -22.000000
  1515  0  0  0  0  0  0  -163.333328  10.000000  -22.000000
  1516  0  0  0  1  1  1  13.500000  -20.000000  80.000000
  1517  0  0  0  1  1  1  13.500000  -15.000000  80.000000
  1518  0  0  0  1  1  1  13.500000  -10.000000  80.000000
  1519  0  0  0  1  1  1  -13.500000  -20.000000  80.000000
  1520  0  0  0  1  1  1  -13.500000  -15.000000  80.000000
  1521  0  0  0  1  1  1  -13.500000  -10.000000  80.000000
  1522  0  0  0  1  1  1  9.000000  -20.000000  80.000000
  1523  0  0  0  1  1  1  -9.000000  -20.000000  80.000000
  1524  0  0  0  1  1  1  4.500000  -20.000000  80.000000
  1525  0  0  0  1  1  1  -4.500000  -20.000000  80.000000
  1526  0  0  0  1  1  1  0.000000  -20.000000  80.000000
  1527  0  0  0  1  1  1  9.000000  -15.000000  80.000000
  1528  0  0  0  1  1  1  9.000000  -10.000000  80.000000
  1529  0  0  0  1  1  1  -9.000000  -15.000000  80.000000
  1530  0  0  0  1  1  1  -9.000000  -10.000000  80.000000
  1531  0  0  0  1  1  1  4.500000  -15.000000  80.000000
  1532  0  0  0  1  1  1  -4.500000  -15.000000  80.000000
  1533  0  0  0  1  1  1  0.000000  -15.000000  80.000000
  1534  0  0  0  1  1  1  4.500000  -10.000000  80.000000
  1535  0  0  0  1  1  1  -4.500000  -10.000000  80.000000
  1536  0  0  0  1  1  1  0.000000  -10.000000  80.000000
  1537  1  1  1  1  1  1  300.000000  10.000000  -50.000000
  1538  1  1  1  1  1  1  300.000000  5.000000  -50.000000
  1539  1  1  1  1  1  1  300.000000  0.000000  -50.000000
  1540  1  1  1  1  1  1  300.000000  -5.000000  -50.000000
  1541  1  1  1  1  1  1  300.000000  -10.000000  -50.000000
  1542  0  0  0  1  1  1  300.000000  10.000000  -45.000000
  1543  0  0  0  1  1  1  300.000000  5.000000  -45.000000
  1544  0  0  0  1  1  1  300.000000  0.000000  -45.000000
  1545  0  0  0  1  1  1  300.000000  -5.000000  -45.000000
  1546  0  0  0  1  1  1  300.000000  -10.000000  -45.000000
  1547  0  0  0  1  1  1  300.000000  10.000000  -40.000000
  1548  0  0  0  1  1  1  300.000000  5.000000  -40.000000
  1549  0  0  0  1  1  1  300.000000  0.000000  -40.000000
  1550  0  0  0  1  1  1  300.000000  -5.000000  -40.000000
  1551  0  0  0  1  1  1  300.000000  -10.000000  -40.000000
  1552  0  0  0  1  1  1  300.000000  10.000000  -35.000000
  1553  0  0  0  1  1  1  300.000000  5.000000  -35.000000
  1554  0  0  0  1  1  1  300.000000  0.000000  -35.000000
  1555  0  0  0  1  1  1  300.000000  -5.000000  -35.000000
  1556  0  0  0  1  1  1  300.000000  -10.000000  -35.000000
  1557  0  0  0  1  1  1  300.000000  10.000000  -30.000000
  1558  0  0  0  1  1  1  300.000000  5.000000  -30.000000
  1559  0  0  0  1  1  1  300.000000  0.000000  -30.000000
  1560  0  0  0  1  1  1  300.000000  -5.000000  -30.000000
  1561  0  0  0  1  1  1  300.000000  -10.000000  -30.000000
  1562  0  0  0  1  1  1  300.000000  10.000000  -25.000000
  1563  0  0  0  1  1  1  300.000000  5.000000  -25.000000
  1564  0  0  0  1  1  1  300.000000  0.000000  -25.000000
  1565  0  0  0  1  1  1  300.000000  -5.000000  -25.000000
  1566  0  0  0  1  1  1  300.000000  -10.000000  -25.000000
  1567  0  0  0  1  1  1  300.000000  10.000000  -20.000000
  1568  0  0  0  1  1  1  300.000000  10.000000  -15.000000
  1569  0  0  0  1  1  1  300.000000  10.000000  -10.000000
  1570  0  0  0  1  1  1  300.000000  10.000000  -5.000000
  1571  0  0  0  1  1  1  300.000000  10.000000  0.000000
  1572  0  0  0  1  1  1  300.000000  5.000000  -20.000000
  1573  0  0  0  1  1  1  300.000000  0.000000  -20.000000
  1574  0  0  0  1  1  1  300.000000  -5.000000  -20.000000
  1575  0  0  0  1  1  1  300.000000  -10.000000  -20.000000
  1576  0  0  0  1  1  1  300.000000  5.000000  -15.000000
  1577  0  0  0  1  1  1  300.000000  5.000000  -10.000000
  1578  0  0  0  1  1  1  300.000000  5.000000  -5.000000
  1579  0  0  0  1  1  1  300.000000  5.000000  0.000000
  1580  0  0  0  1  1  1  300.000000  0.000000  -15.000000
  1581  0  0  0  1  1  1  300.000000  -5.000000  -15.000000
  1582  0  0  0  1  1  1  300.000000  -10.000000  -15.000000
  1583  0  0  0  1  1  1  300.000000  0.000000  -10.000000
  1584  0  0  0  1  1  1  300.000000  0.000000  -5.000000
  1585  0  0  0  1  1  1  300.000000  0.000000  0.000000
  1586  0  0  0  1  1  1  300.000000  -5.000000  -10.000000
  1587  0  0  0  1  1  1  300.000000  -10.000000  -10.000000
  1588  0  0  0  1  1  1  300.000000  -5.000000  -5.000000
  1589  0  0  0  1  1  1  300.000000  -5.000000  0.000000
  1590  0  0  0  1  1  1  300.000000  -10.000000  -5.000000
  1591  0  0  0  1  1  1  300.000000  -10.000000  0.000000
  1592  1  1  1  1  1  1  295.000000  10.000000  -50.000000
  1593  1  1  1  1  1  1  295.000000  5.000000  -50.000000
  1594  1  1  1  1  1  1  295.000000  0.000000  -50.000000
  1595  1  1  1  1  1  1  295.000000  -5.000000  -50.000000
  1596  1  1  1  1  1  1  295.000000  -10.000000  -50.000000
  1597  1  1  1  1  1  1  290.000000  10.000000  -50.000000
  1598  1  1  1  1  1  1  290.000000  5.000000  -50.000000
  1599  1  1  1  1  1  1  290.000000  0.000000  -50.000000
  1600  1  1  1  1  1  1  290.000000  -5.000000  -50.000000
  1601  1  1  1  1  1  1  290.000000  -10.000000  -50.000000
  1602  0  0  0  0  0  0  240.000000  10.000000  -24.000000
  1603  0  0  0  0  0  0  238.461533  10.000000  -30.000000
  1604  1  1  1  1  1  1  285.000000  10.000000  -50.000000
  1605  1  1  1  1  1  1  285.000000  5.000000  -50.000000
  1606  1  1  1  1  1  1  285.000000  0.000000  -50.000000
  1607  1  1  1  1  1  1  285.000000  -5.000000  -50.000000
  1608  1  1  1  1  1  1  285.000000  -10.000000  -50.000000
  1609  1  1  1  1  1  1  280.000000  10.000000  -50.000000
  1610  1  1  1  1  1  1  280.000000  5.000000  -50.000000
  1611  1  1  1  1  1  1  280.000000  0.000000  -50.000000
  1612  1  1  1  1  1  1  280.000000  -5.000000  -50.000000
  1613  1  1  1  1  1  1  280.000000  -10.000000  -50.000000
  1614  1  1  1  1  1  1  275.000000  10.000000  -50.000000
  1615  1  1  1  1  1  1  275.000000  5.000000  -50.000000
  1616  1  1  1  1  1  1  275.000000  0.000000  -50.000000
  1617  1  1  1  1  1  1  275.000000  -5.000000  -50.000000
  1618  1  1  1  1  1  1  275.000000  -10.000000  -50.000000
  1619  1  1  1  1  1  1  270.000000  10.000000  -50.000000
  1620  1  1  1  1  1  1  270.000000  5.000000  -50.000000
  1621  1  1  1  1  1  1  270.000000  0.000000  -50.000000
  1622  1  1  1  1  1  1  270.000000  -5.000000  -50.000000
  1623  1  1  1  1  1  1  270.000000  -10.000000  -50.000000
  1624  1  1  1  1  1  1  265.000000  10.000000  -50.000000
  1625  1  1  1  1  1  1  260.000000  10.000000  -50.000000
  1626  1  1  1  1  1  1  255.000000  10.000000  -50.000000
  1627  1  1  1  1  1  1  250.000000  10.000000  -50.000000
  1628  1  1  1  1  1  1  265.000000  5.000000  -50.000000
  1629  1  1  1  1  1  1  265.000000  0.000000  -50.000000
  1630  1  1  1  1  1  1  265.000000  -5.000000  -50.000000
  1631  1  1  1  1  1  1  265.000000  -10.000000  -50.000000
  1632  1  1  1  1  1  1  260.000000  5.000000  -50.000000
  1633  1  1  1  1  1  1  255.000000  5.000000  -50.000000
  1634  1  1  1  1  1  1  250.000000  5.000000  -50.000000
  1635  1  1  1  1  1  1  260.000000  0.000000  -50.000000
  1636  1  1  1  1  1  1  260.000000  -5.000000  -50.000000
  1637  1  1  1  1  1  1  260.000000  -10.000000  -50.000000
  1638  1  1  1  1  1  1  255.000000  0.000000  -50.000000
  1639  1  1  1  1  1  1  250.000000  0.000000  -50.000000
  1640  1  1  1  1  1  1  255.000000  -5.000000  -50.000000
  1641  1  1  1  1  1  1  255.000000  -10.000000  -50.000000
  1642  1  1  1  1  1  1  250.000000  -5.000000  -50.000000
  1643  1  1  1  1  1  1  250.000000  -10.000000  -50.000000
  1644  0  0  0  0  0  0  240.000000  -10.000000  -24.000000
  1645  0  0  0  0  0  0  238.461533  -10.000000  -30.000000
  1646  0  0  0  0  0  0  220.000000  10.000000  -12.000000
  1647  0  0  0  0  0  0  200.000000  10.000000  -22.500000
  1648  0  0  0  0  0  0  180.000000  10.000000  -12.000000
  1649  0  0  0  0  0  0  233.333328  -10.000000  -20.000000
  1650  0  0  0  0  0  0  207.692307  -10.000000  -30.000000
  1651  0  0  0  0  0  0  192.307693  -10.000000  -30.000000
  1652  0  0  0  0  0  0  166.666672  -10.000000  -20.000000
  1653  0  0  0  0  0  0  150.000000  10.000000  -22.500000
  1654  0  0  0  0  0  0  156.666672  -10.000000  -26.000000
  1655  0  0  0  0  0  0  157.692307  -10.000000  -30.000000
  1656  0  0  0  0  0  0  143.333328  -10.000000  -26.000000
  1657  0  0  0  0  0  0  142.307693  -10.000000  -30.000000
  1658  0  0  0  0  0  0  120.000000  10.000000  -12.000000
  1659  0  0  0  0  0  0  100.000000  10.000000  -22.500000
  1660  0  0  0  0  0  0  80.000000  10.000000  -12.000000
  1661  0  0  0  0  0  0  133.333328  -10.000000  -20.000000
  1662  0  0  0  0  0  0  107.692307  -10.000000  -30.000000
  1663  0  0  0  0  0  0  92.307693  -10.000000  -30.000000
  1664  0  0  0  0  0  0  66.666664  -10.000000  -20.000000
  1665  0  0  0  0  0  0  50.000000  10.000000  -22.500000
  1666  0  0  0  0  0  0  56.666668  -10.000000  -26.000000
  1667  0  0  0  0  0  0  57.692306  -10.000000  -30.000000
  1668  0  0  0  0  0  0  42.307693  -10.000000  -30.000000
  1669  0  0  0  0  0  0  43.333332  -10.000000  -26.000000
  1670  1  1  1  1  1  1  -300.000000  10.000000  -50.000000
  1671  1  1  1  1  1  1  -300.000000  5.000000  -50.000000
  1672  1  1  1  1  1  1  -300.000000  0.000000  -50.000000
  1673  1  1  1  1  1  1  -300.000000  -5.000000  -50.000000
  1674  1  1  1  1  1  1  -300.000000  -10.000000  -50.000000
  1675  0  0  0  1  1  1  -300.000000  10.000000  -45.000000
  1676  0  0  0  1  1  1  -300.000000  5.000000  -45.000000
  1677  0  0  0  1  1  1  -300.000000  0.000000  -45.000000
  1678  0  0  0  1  1  1  -300.000000  -5.000000  -45.000000
  1679  0  0  0  1  1  1  -300.000000  -10.000000  -45.000000
  1680  0  0  0  1  1  1  -300.000000  10.000000  -40.000000
  1681  0  0  0  1  1  1  -300.000000  5.000000  -40.000000
  1682  0  0  0  1  1  1  -300.000000  0.000000  -40.000000
  1683  0  0  0  1  1  1  -300.000000  -5.000000  -40.000000
  1684  0  0  0  1  1  1  -300.000000  -10.000000  -40.000000
  1685  0  0  0  1  1  1  -300.000000  10.000000  -35.000000
  1686  0  0  0  1  1  1  -300.000000  5.000000  -35.000000
  1687  0  0  0  1  1  1  -300.000000  0.000000  -35.000000
  1688  0  0  0  1  1  1  -300.000000  -5.000000  -35.000000
  1689  0  0  0  1  1  1  -300.000000  -10.000000  -35.000000
  1690  0  0  0  1  1  1  -300.000000  10.000000  -30.000000
  1691  0  0  0  1  1  1  -300.000000  5.000000  -30.000000
  1692  0  0  0  1  1  1  -300.000000  0.000000  -30.000000
  1693  0  0  0  1  1  1  -300.000000  -5.000000  -30.000000
  1694  0  0  0  1  1  1  -300.000000  -10.000000  -30.000000
  1695  0  0  0  1  1  1  -300.000000  10.000000  -25.000000
  1696  0  0  0  1  1  1  -300.000000  5.000000  -25.000000
  1697  0  0  0  1  1  1  -300.000000  0.000000  -25.000000
  1698  0  0  0  1  1  1  -300.000000  -5.000000  -25.000000
  1699  0  0  0  1  1  1  -300.000000  -10.000000  -25.000000
  1700  0  0  0  1  1  1  -300.000000  10.000000  -20.000000
  1701  0  0  0  1  1  1  -300.000000  10.000000  -15.000000
  1702  0  0  0  1  1  1  -300.000000  10.000000  -10.000000
  1703  0  0  0  1  1  1  -300.000000  10.000000  -5.000000
  1704  0  0  0  1  1  1  -300.000000  10.000000  0.000000
  1705  0  0  0  1  1  1  -300.000000  5.000000  -20.000000
  1706  0  0  0  1  1  1  -300.000000  0.000000  -20.000000
  1707  0  0  0  1  1  1  -300.000000  -5.000000  -20.000000
  1708  0  0  0  1  1  1  -300.000000  -10.000000  -20.000000
  1709  0  0  0  1  1  1  -300.000000  5.000000  -15.000000
  1710  0  0  0  1  1  1  -300.000000  5.000000  -10.000000
  1711  0  0  0  1  1  1  -300.000000  5.000000  -5.000000
  1712  0  0  0  1  1  1  -300.000000  5.000000  0.000000
  1713  0  0  0  1  1  1  -300.000000  0.000000  -15.000000
  1714  0  0  0  1  1  1  -300.000000  -5.000000  -15.000000
  1715  0  0  0  1  1  1  -300.000000  -10.000000  -15.000000
  1716  0  0  0  1  1  1  -300.000000  0.000000  -10.000000
  1717  0  0  0  1  1  1  -300.000000  0.000000  -5.000000
  1718  0  0  0  1  1  1  -300.000000  0.000000  0.000000
  1719  0  0  0  1  1  1  -300.000000  -5.000000  -10.000000
  1720  0  0  0  1  1  1  -300.000000  -10.000000  -10.000000
  1721  0  0  0  1  1  1  -300.000000  -5.000000  -5.000000
  1722  0  0  0  1  1  1  -300.000000  -5.000000  0.000000
  1723  0  0  0  1  1  1  -300.000000  -10.000000  -5.000000
  1724  0  0  0  1  1  1  -300.000000  -10.000000  0.000000
  1725  1  1  1  1  1  1  -295.000000  10.000000  -50.000000
  1726  1  1  1  1  1  1  -295.000000  5.000000  -50.000000
  1727  1  1  1  1  1  1  -295.000000  0.000000  -50.000000
  1728  1  1  1  1  1  1  -295.000000  -5.000000  -50.000000
  1729  1  1  1  1  1  1  -295.000000  -10.000000  -50.000000
  1730  1  1  1  1  1  1  -290.000000  10.000000  -50.000000
  1731  1  1  1  1  1  1  -290.000000  5.000000  -50.000000
  1732  1  1  1  1  1  1  -290.000000  0.000000  -50.000000
  1733  1  1  1  1  1  1  -290.000000  -5.000000  -50.000000
  1734  1  1  1  1  1  1  -290.000000  -10.000000  -50.000000
  1735  0  0  0  0  0  0  -240.000000  10.000000  -24.000000
  1736  0  0  0  0  0  0  -238.461533  10.000000  -30.000000
  1737  1  1  1  1  1  1  -285.000000  10.000000  -50.000000
  1738  1  1  1  1  1  1  -285.000000  5.000000  -50.000000
  1739  1  1  1  1  1  1  -285.000000  0.000000  -50.000000
  1740  1  1  1  1  1  1  -285.000000  -5.000000  -50.000000
  1741  1  1  1  1  1  1  -285.000000  -10.000000  -50.000000
  1742  1  1  1  1  1  1  -280.000000  10.000000  -50.000000
  1743  1  1  1  1  1  1  -280.000000  5.000000  -50.000000
  1744  1  1  1  1  1  1  -280.000000  0.000000  -50.000000
  1745  1  1  1  1  1  1  -280.000000  -5.000000  -50.000000
  1746  1  1  1  1  1  1  -280.000000  -10.000000  -50.000000
  1747  1  1  1  1  1  1  -275.000000  10.000000  -50.000000
  1748  1  1  1  1  1  1  -275.000000  5.000000  -50.000000
  1749  1  1  1  1  1  1  -275.000000  0.000000  -50.000000
  1750  1  1  1  1  1  1  -275.000000  -5.000000  -50.000000
  1751  1  1  1  1  1  1  -275.000000  -10.000000  -50.000000
  1752  1  1  1  1  1  1  -270.000000  10.000000  -50.000000
  1753  1  1  1  1  1  1  -270.000000  5.000000  -50.000000
  1754  1  1  1  1  1  1  -270.000000  0.000000  -50.000000
  1755  1  1  1  1  1  1  -270.000000  -5.000000  -50.000000
  1756  1  1  1  1  1  1  -270.000000  -10.000000  -50.000000
  1757  1  1  1  1  1  1  -265.000000  10.000000  -50.000000
  1758  1  1  1  1  1  1  -260.000000  10.000000  -50.000000
  1759  1  1  1  1  1  1  -255.000000  10.000000  -50.000000
  1760  1  1  1  1  1  1  -250.000000  10.000000  -50.000000
  1761  1  1  1  1  1  1  -265.000000  5.000000  -50.000000
  1762  1  1  1  1  1  1  -265.000000  0.000000  -50.000000
  1763  1  1  1  1  1  1  -265.000000  -5.000000  -50.000000
  1764  1  1  1  1  1  1  -265.000000  -10.000000  -50.000000
  1765  1  1  1  1  1  1  -260.000000  5.000000  -50.000000
  1766  1  1  1  1  1  1  -255.000000  5.000000  -50.000000
  1767  1  1  1  1  1  1  -250.000000  5.000000  -50.000000
  1768  1  1  1  1  1  1  -260.000000  0.000000  -50.000000
  1769  1  1  1  1  1  1  -260.000000  -5.000000  -50.000000
  1770  1  1  1  1  1  1  -260.000000  -10.000000  -50.000000
  1771  1  1  1  1  1  1  -255.000000  0.000000  -50.000000
  1772  1  1  1  1  1  1  -250.000000  0.000000  -50.000000
  1773  1  1  1  1  1  1  -255.000000  -5.000000  -50.000000
  1774  1  1  1  1  1  1  -255.000000  -10.000000  -50.000000
  1775  1  1  1  1  1  1  -250.000000  -5.000000  -50.000000
  1776  1  1  1  1  1  1  -250.000000  -10.000000  -50.000000
  1777  0  0  0  0  0  0  -240.000000  -10.000000  -24.000000
  1778  0  0  0  0  0  0  -238.461533  -10.000000  -30.000000
  1779  0  0  0  0  0  0  -200.000000  10.000000  -22.500000
  1780  0  0  0  0  0  0  -180.000000  10.000000  -12.000000
  1781  0  0  0  0  0  0  -220.000000  10.000000  -12.000000
  1782  0  0  0  0  0  0  -192.307693  -10.000000  -30.000000
  1783  0  0  0  0  0  0  -207.692307  -10.000000  -30.000000
  1784  0  0  0  0  0  0  -233.333328  -10.000000  -20.000000
  1785  0  0  0  0  0  0  -100.000000  10.000000  -22.500000
  1786  0  0  0  0  0  0  -80.000000  10.000000  -12.000000
  1787  0  0  0  0  0  0  -120.000000  10.000000  -12.000000
  1788  0  0  0  0  0  0  -92.307693  -10.000000  -30.000000
  1789  0  0  0  0  0  0  -107.692307  -10.000000  -30.000000
  1790  0  0  0  0  0  0  -66.666664  -10.000000  -20.000000
  1791  0  0  0  0  0  0  -50.000000  10.000000  -22.500000
  1792  0  0  0  0  0  0  0.000000  10.000000  0.000000
  1793  0  0  0  0  0  0  0.000000  -10.000000  0.000000
  1794  0  0  0  0  0  0  -42.307693  -10.000000  -30.000000
  1795  0  0  0  0  0  0  -57.692306  -10.000000  -30.000000
  1796  0  0  0  0  0  0  -43.333332  -10.000000  -26.000000
  1797  0  0  0  0  0  0  -56.666668  -10.000000  -26.000000
  1798  0  0  0  0  0  0  -111.538460  -10.000000  -30.000000
  1799  0  0  0  0  0  0  -188.461533  -10.000000  -30.000000
  1800  0  0  0  1  1  1  12.250000  20.000000  105.000000
  1801  0  0  0  1  1  1  12.250000  15.000000  105.000000
  1802  0  0  0  1  1  1  12.250000  10.000000  105.000000
  1803  0  0  0  1  1  1  -12.250000  20.000000  105.000000
  1804  0  0  0  1  1  1  -12.250000  15.000000  105.000000
  1805  0  0  0  1  1  1  -12.250000  10.000000  105.000000
  1806  0  0  0  1  1  1  8.166667  20.000000  105.000000
  1807  0  0  0  1  1  1  -8.166667  20.000000  105.000000
  1808  0  0  0  1  1  1  4.083333  20.000000  105.000000
  1809  0  0  0  1  1  1  -4.083333  20.000000  105.000000
  1810  0  0  0  1  1  1  0.000000  20.000000  105.000000
  1811  0  0  0  1  1  1  8.166667  15.000000  105.000000
  1812  0  0  0  1  1  1  8.166667  10.000000  105.000000
  1813  0  0  0  1  1  1  -8.166667  15.000000  105.000000
  1814  0  0  0  1  1  1  -8.166667  10.000000  105.000000
  1815  0  0  0  1  1  1  4.083333  15.000000  105.000000
  1816  0  0  0  1  1  1  -4.083333  15.000000  105.000000
  1817  0  0  0  1  1  1  0.000000  15.000000  105.000000
  1818  0  0  0  1  1  1  4.083333  10.000000  105.000000
  1819  0  0  0  1  1  1  -4.083333  10.000000  105.000000
  1820  0  0  0  1  1  1  0.000000  10.000000  105.000000
  1821  0  0  0  0  0  0  -138.461533  10.000000  -30.000000
  1822  0  0  0  0  0  0  -161.538467  10.000000  -30.000000
  1823  0  0  0  0  0  0  -140.000000  10.000000  -24.000000
  1824  0  0  0  0  0  0  -160.000000  10.000000  -24.000000
  1825  0  0  0  1  1  1  13.250000  -20.000000  85.000000
  1826  0  0  0  1  1  1  13.250000  -15.000000  85.000000
  1827  0  0  0  1  1  1  13.250000  -10.000000  85.000000
  1828  0  0  0  1  1  1  -13.250000  -20.000000  85.000000
  1829  0  0  0  1  1  1  -13.250000  -15.000000  85.000000
  1830  0  0  0  1  1  1  -13.250000  -10.000000  85.000000
  1831  0  0  0  1  1  1  8.833333  -20.000000  85.000000
  1832  0  0  0  1  1  1  -8.833333  -20.000000  85.000000
  1833  0  0  0  1  1  1  4.416667  -20.000000  85.000000
  1834  0  0  0  1  1  1  -4.416667  -20.000000  85.000000
  1835  0  0  0  1  1  1  0.000000  -20.000000  85.000000
  1836  0  0  0  1  1  1  8.833333  -15.000000  85.000000
  1837  0  0  0  1  1  1  8.833333  -10.000000  85.000000
  1838  0  0  0  1  1  1  -8.833333  -15.000000  85.000000
  1839  0  0  0  1  1  1  -8.833333  -10.000000  85.000000
  1840  0  0  0  1  1  1  4.416667  -15.000000  85.000000
  1841  0  0  0  1  1  1  -4.416667  -15.000000  85.000000
  1842  0  0  0  1  1  1  0.000000  -15.000000  85.000000
  1843  0  0  0  1  1  1  4.416667  -10.000000  85.000000
  1844  0  0  0  1  1  1  -4.416667  -10.000000  85.000000
  1845  0  0  0  1  1  1  0.000000  -10.000000  85.000000
  1846  0  0  0  1  1  1  295.000000  10.000000  -45.000000
  1847  0  0  0  1  1  1  295.000000  5.000000  -45.000000
  1848  0  0  0  1  1  1  295.000000  0.000000  -45.000000
  1849  0  0  0  1  1  1  295.000000  -5.000000  -45.000000
  1850  0  0  0  1  1  1  295.000000  -10.000000  -45.000000
  1851  0  0  0  1  1  1  295.000000  10.000000  -40.000000
  1852  0  0  0  1  1  1  295.000000  5.000000  -40.000000
  1853  0  0  0  1  1  1  295.000000  0.000000  -40.000000
  1854  0  0  0  1  1  1  295.000000  -5.000000  -40.000000
  1855  0  0  0  1  1  1  295.000000  -10.000000  -40.000000
  1856  0  0  0  1  1  1  295.000000  10.000000  -35.000000
  1857  0  0  0  1  1  1  295.000000  5.000000  -35.000000
  1858  0  0  0  1  1  1  295.000000  0.000000  -35.000000
  1859  0  0  0  1  1  1  295.000000  -5.000000  -35.000000
  1860  0  0  0  1  1  1  295.000000  -10.000000  -35.000000
  1861  0  0  0  1  1  1  295.000000  10.000000  -30.000000
  1862  0  0  0  1  1  1  295.000000  5.000000  -30.000000
  1863  0  0  0  1  1  1  295.000000  0.000000  -30.000000
  1864  0  0  0  1  1  1  295.000000  -5.000000  -30.000000
  1865  0  0  0  1  1  1  295.000000  -10.000000  -30.000000
  1866  0  0  0  1  1  1  295.000000  10.000000  -25.000000
  1867  0  0  0  1  1  1  295.000000  5.000000  -25.000000
  1868  0  0  0  1  1  1  295.000000  0.000000  -25.000000
  1869  0  0  0  1  1  1  295.000000  -5.000000  -25.000000
  1870  0  0  0  1  1  1  295.000000  -10.000000  -25.000000
  1871  0  0  0  1  1  1  295.000000  10.000000  -20.000000
  1872  0  0  0  1  1  1  295.000000  10.000000  -15.000000
  1873  0  0  0  1  1  1  295.000000  10.000000  -10.000000
  1874  0  0  0  1  1  1  295.000000  10.000000  -5.000000
  1875  0  0  0  1  1  1  295.000000  10.000000  0.000000
  1876  0  0  0  1  1  1  295.000000  5.000000  -20.000000
  1877  0  0  0  1  1  1  295.000000  0.000000  -20.000000
  1878  0  0  0  1  1  1  295.000000  -5.000000  -20.000000
  1879  0  0  0  1  1  1  295.000000  -10.000000  -20.000000
  1880  0  0  0  1  1  1  295.000000  5.000000  -15.000000
  1881  0  0  0  1  1  1  295.000000  5.000000  -10.000000
  1882  0  0  0  1  1  1  295.000000  5.000000  -5.000000
  1883  0  0  0  1  1  1  295.000000  5.000000  0.000000
  1884  0  0  0  1  1  1  295.000000  0.000000  -15.000000
  1885  0  0  0  1  1  1  295.000000  -5.000000  -15.000000
  1886  0  0  0  1  1  1  295.000000  -10.000000  -15.000000
  1887  0  0  0  1  1  1  295.000000  0.000000  -10.000000
  1888  0  0  0  1  1  1  295.000000  0.000000  -5.000000
  1889  0  0  0  1  1  1  295.000000  0.000000  0.000000
  1890  0  0  0  1  1  1  295.000000  -5.000000  -10.000000
  1891  0  0  0  1  1  1  295.000000  -10.000000  -10.000000
  1892  0  0  0  1  1  1  295.000000  -5.000000  -5.000000
  1893  0  0  0  1  1  1  295.000000  -5.000000  0.000000
  1894  0  0  0  1  1  1  295.000000  -10.000000  -5.000000
  1895  0  0  0  1  1  1  295.000000  -10.000000  0.000000
  1896  0  0  0  1  1  1  290.000000  10.000000  -45.000000
  1897  0  0  0  1  1  1  290.000000  5.000000  -45.000000
  1898  0  0  0  1  1  1  290.000000  0.000000  -45.000000
  1899  0  0  0  1  1  1  290.000000  -5.000000  -45.000000
  1900  0  0  0  1  1  1  290.000000  -10.000000  -45.000000
  1901  0  0  0  1  1  1  285.000000  10.000000  -45.000000
  1902  0  0  0  1  1  1  285.000000  5.000000  -45.000000
  1903  0  0  0  1  1  1  285.000000  0.000000  -45.000000
  1904  0  0  0  1  1  1  285.000000  -5.000000  -45.000000
  1905  0  0  0  1  1  1  285.000000  -10.000000  -45.000000
  1906  0  0  0  0  0  0  243.333328  10.000000  -26.000000
  1907  0  0  0  0  0  0  242.307693  10.000000  -30.000000
  1908  0  0  0  1  1  1  280.000000  10.000000  -45.000000
  1909  0  0  0  1  1  1  280.000000  5.000000  -45.000000
  1910  0  0  0  1  1  1  280.000000  0.000000  -45.000000
  1911  0  0  0  1  1  1  280.000000  -5.000000  -45.000000
  1912  0  0  0  1  1  1  280.000000  -10.000000  -45.000000
  1913  0  0  0  1  1  1  275.000000  10.000000  -45.000000
  1914  0  0  0  1  1  1  275.000000  5.000000  -45.000000
  1915  0  0  0  1  1  1  275.000000  0.000000  -45.000000
  1916  0  0  0  1  1  1  275.000000  -5.000000  -45.000000
  1917  0  0  0  1  1  1  275.000000  -10.000000  -45.000000
  1918  0  0  0  1  1  1  270.000000  10.000000  -45.000000
  1919  0  0  0  1  1  1  270.000000  5.000000  -45.000000
  1920  0  0  0  1  1  1  270.000000  0.000000  -45.000000
  1921  0  0  0  1  1  1  270.000000  -5.000000  -45.000000
  1922  0  0  0  1  1  1  270.000000  -10.000000  -45.000000
  1923  0  0  0  1  1  1  265.000000  10.000000  -45.000000
  1924  0  0  0  1  1  1  260.000000  10.000000  -45.000000
  1925  0  0  0  1  1  1  255.000000  10.000000  -45.000000
  1926  0  0  0  1  1  1  250.000000  10.000000  -45.000000
  1927  0  0  0  1  1  1  265.000000  5.000000  -45.000000
  1928  0  0  0  1  1  1  265.000000  0.000000  -45.000000
  1929  0  0  0  1  1  1  265.000000  -5.000000  -45.000000
  1930  0  0  0  1  1  1  265.000000  -10.000000  -45.000000
  1931  0  0  0  1  1  1  260.000000  5.000000  -45.000000
  1932  0  0  0  1  1  1  255.000000  5.000000  -45.000000
  1933  0  0  0  1  1  1  250.000000  5.000000  -45.000000
  1934  0  0  0  1  1  1  260.000000  0.000000  -45.000000
  1935  0  0  0  1  1  1  260.000000  -5.000000  -45.000000
  1936  0  0  0  1  1  1  260.000000  -10.000000  -45.000000
  1937  0  0  0  1  1  1  255.000000  0.000000  -45.000000
  1938  0  0  0  1  1  1  250.000000  0.000000  -45.000000
  1939  0  0  0  1  1  1  255.000000  -5.000000  -45.000000
  1940  0  0  0  1  1  1  255.000000  -10.000000  -45.000000
  1941  0  0  0  1  1  1  250.000000  -5.000000  -45.000000
  1942  0  0  0  1  1  1  250.000000  -10.000000  -45.000000
  1943  0  0  0  0  0  0  243.333328  -10.000000  -26.000000
  1944  0  0  0  0  0  0  242.307693  -10.000000  -30.000000
  1945  0  0  0  0  0  0  216.666672  10.000000  -10.000000
  1946  0  0  0  0  0  0  200.000000  10.000000  -18.750000
  1947  0  0  0  0  0  0  183.333328  10.000000  -10.000000
  1948  0  0  0  0  0  0  230.000000  -10.000000  -18.000000
  1949  0  0  0  0  0  0  203.846161  -10.000000  -30.000000
  1950  0  0  0  0  0  0  196.153839  -10.000000  -30.000000
  1951  0  0  0  0  0  0  170.000000  -10.000000  -18.000000
  1952  0  0  0  0  0  0  150.000000  10.000000  -18.750000
  1953  0  0  0  0  0  0  153.333328  -10.000000  -28.000000
  1954  0  0  0  0  0  0  153.846161  -10.000000  -30.000000
  1955  0  0  0  0  0  0  146.666672  -10.000000  -28.000000
  1956  0  0  0  0  0  0  146.153839  -10.000000  -30.000000
  1957  0  0  0  0  0  0  116.666664  10.000000  -10.000000
  1958  0  0  0  0  0  0  100.000000  10.000000  -18.750000
  1959  0  0  0  0  0  0  83.333336  10.000000  -10.000000
  1960  0  0  0  0  0  0  130.000000  -10.000000  -18.000000
  1961  0  0  0  0  0  0  103.846153  -10.000000  -30.000000
  1962  0  0  0  0  0  0  96.153847  -10.000000  -30.000000
  1963  0  0  0  0  0  0  70.000000  -10.000000  -18.000000
  1964  0  0  0  0  0  0  50.000000  10.000000  -18.750000
  1965  0  0  0  0  0  0  53.333332  -10.000000  -28.000000
  1966  0  0  0  0  0  0  53.846153  -10.000000  -30.000000
  1967  0  0  0  0  0  0  46.153847  -10.000000  -30.000000
  1968  0  0  0  0  0  0  46.666668  -10.000000  -28.000000
  1969  0  0  0  1  1  1  -295.000000  10.000000  -45.000000
  1970  0  0  0  1  1  1  -295.000000  5.000000  -45.000000
  1971  0  0  0  1  1  1  -295.000000  0.000000  -45.000000
  1972  0  0  0  1  1  1  -295.000000  -5.000000  -45.000000
  1973  0  0  0  1  1  1  -295.000000  -10.000000  -45.000000
  1974  0  0  0  1  1  1  -295.000000  10.000000  -40.000000
  1975  0  0  0  1  1  1  -295.000000  5.000000  -40.000000
  1976  0  0  0  1  1  1  -295.000000  0.000000  -40.000000
  1977  0  0  0  1  1  1  -295.000000  -5.000000  -40.000000
  1978  0  0  0  1  1  1  -295.000000  -10.000000  -40.000000
  1979  0  0  0  1  1  1  -295.000000  10.000000  -35.000000
  1980  0  0  0  1  1  1  -295.000000  5.000000  -35.000000
  1981  0  0  0  1  1  1  -295.000000  0.000000  -35.000000
  1982  0  0  0  1  1  1  -295.000000  -5.000000  -35.000000
  1983  0  0  0  1  1  1  -295.000000  -10.000000  -35.000000
  1984  0  0  0  1  1  1  -295.000000  10.000000  -30.000000
  1985  0  0  0  1  1  1  -295.000000  5.000000  -30.000000
  1986  0  0  0  1  1  1  -295.000000  0.000000  -30.000000
  1987  0  0  0  1  1  1  -295.000000  -5.000000  -30.000000
  1988  0  0  0  1  1  1  -295.000000  -10.000000  -30.000000
  1989  0  0  0  1  1  1  -295.000000  10.000000  -25.000000
  1990  0  0  0  1  1  1  -295.000000  5.000000  -25.000000
  1991  0  0  0  1  1  1  -295.000000  0.000000  -25.000000
  1992  0  0  0  1  1  1  -295.000000  -5.000000  -25.000000
  1993  0  0  0  1  1  1  -295.000000  -10.000000  -25.000000
  1994  0  0  0  1  1  1  -295.000000  10.000000  -20.000000
  1995  0  0  0  1  1  1  -295.000000  10.000000  -15.000000
  1996  0  0  0  1  1  1  -295.000000  10.000000  -10.000000
  1997  0  0  0  1  1  1  -295.000000  10.000000  -5.000000
  1998  0  0  0  1  1  1  -295.000000  10.000000  0.000000
  1999  0  0  0  1  1  1  -295.000000  5.000000  -20.000000
  2000  0  0  0  1  1  1  -295.000000  0.000000  -20.000000
  2001  0  0  0  1  1  1  -295.000000  -5.000000  -20.000000
  2002  0  0  0  1  1  1  -295.000000  -10.000000  -20.000000
  2003  0  0  0  1  1  1  -295.000000  5.000000  -15.000000
  2004  0  0  0  1  1  1  -295.000000  5.000000  -10.000000
  2005  0  0  0  1  1  1  -295.000000  5.000000  -5.000000
  2006  0  0  0  1  1  1  -295.000000  5.000000  0.000000
  2007  0  0  0  1  1  1  -295.000000  0.000000  -15.000000
  2008  0  0  0  1  1  1  -295.000000  -5.000000  -15.000000
  2009  0  0  0  1  1  1  -295.000000  -10.000000  -15.000000
  2010  0  0  0  1  1  1  -295.000000  0.000000  -10.000000
  2011  0  0  0  1  1  1  -295.000000  0.000000  -5.000000
  2012  0  0  0  1  1  1  -295.000000  0.000000  0.000000
  2013  0  0  0  1  1  1  -295.000000  -5.000000  -10.000000
  2014  0  0  0  1  1  1  -295.000000  -10.000000  -10.000000
  2015  0  0  0  1  1  1  -295.000000  -5.000000  -5.000000
  2016  0  0  0  1  1  1  -295.000000  -5.000000  0.000000
  2017  0  0  0  1  1  1  -295.000000  -10.000000  -5.000000
  2018  0  0  0  1  1  1  -295.000000  -10.000000  0.000000
  2019  0  0  0  1  1  1  -290.000000  10.000000  -45.000000
  2020  0  0  0  1  1  1  -290.000000  5.000000  -45.000000
  2021  0  0  0  1  1  1  -290.000000  0.000000  -45.000000
  2022  0  0  0  1  1  1  -290.000000  -5.000000  -45.000000
  2023  0  0  0  1  1  1  -290.000000  -10.000000  -45.000000
  2024  0  0  0  1  1  1  -285.000000  10.000000  -45.000000
  2025  0  0  0  1  1  1  -285.000000  5.000000  -45.000000
  2026  0  0  0  1  1  1  -285.000000  0.000000  -45.000000
  2027  0  0  0  1  1  1  -285.000000  -5.000000  -45.000000
  2028  0  0  0  1  1  1  -285.000000  -10.000000  -45.000000
  2029  0  0  0  0  0  0  -243.333328  10.000000  -26.000000
  2030  0  0  0  0  0  0  -242.307693  10.000000  -30.000000
  2031  0  0  0  1  1  1  -280.000000  10.000000  -45.000000
  2032  0  0  0  1  1  1  -280.000000  5.000000  -45.000000
  2033  0  0  0  1  1  1  -280.000000  0.000000  -45.000000
  2034  0  0  0  1  1  1  -280.000000  -5.000000  -45.000000
  2035  0  0  0  1  1  1  -280.000000  -10.000000  -45.000000
  2036  0  0  0  1  1  1  -275.000000  10.000000  -45.000000
  2037  0  0  0  1  1  1  -275.000000  5.000000  -45.000000
  2038  0  0  0  1  1  1  -275.000000  0.000000  -45.000000
  2039  0  0  0  1  1  1  -275.000000  -5.000000  -45.000000
  2040  0  0  0  1  1  1  -275.000000  -10.000000  -45.000000
  2041  0  0  0  1  1  1  -270.000000  10.000000  -45.000000
  2042  0  0  0  1  1  1  -270.000000  5.000000  -45.000000
  2043  0  0  0  1  1  1  -270.000000  0.000000  -45.000000
  2044  0  0  0  1  1  1  -270.000000  -5.000000  -45.000000
  2045  0  0  0  1  1  1  -270.000000  -10.000000  -45.000000
  2046  0  0  0  1  1  1  -265.000000  10.000000  -45.000000
  2047  0  0  0  1  1  1  -260.000000  10.000000  -45.000000
  2048  0  0  0  1  1  1  -255.000000  10.000000  -45.000000
  2049  0  0  0  1  1  1  -250.000000  10.000000  -45.000000
  2050  0  0  0  1  1  1  -265.000000  5.000000  -45.000000
  2051  0  0  0  1  1  1  -265.000000  0.000000  -45.000000
  2052  0  0  0  1  1  1  -265.000000  -5.000000  -45.000000
  2053  0  0  0  1  1  1  -265.000000  -10.000000  -45.000000
  2054  0  0  0  1  1  1  -260.000000  5.000000  -45.000000
  2055  0  0  0  1  1  1  -255.000000  5.000000  -45.000000
  2056  0  0  0  1  1  1  -250.000000  5.000000  -45.000000
  2057  0  0  0  1  1  1  -260.000000  0.000000  -45.000000
  2058  0  0  0  1  1  1  -260.000000  -5.000000  -45.000000
  2059  0  0  0  1  1  1  -260.000000  -10.000000  -45.000000
  2060  0  0  0  1  1  1  -255.000000  0.000000  -45.000000
  2061  0  0  0  1  1  1  -250.000000  0.000000  -45.000000
  2062  0  0  0  1  1  1  -255.000000  -5.000000  -45.000000
  2063  0  0  0  1  1  1  -255.000000  -10.000000  -45.000000
  2064  0  0  0  1  1  1  -250.000000  -5.000000  -45.000000
  2065  0  0  0  1  1  1  -250.000000  -10.000000  -45.000000
  2066  0  0  0  0  0  0  -243.333328  -10.000000  -26.000000
  2067  0  0  0  0  0  0  -242.307693  -10.000000  -30.000000
  2068  0  0  0  0  0  0  -200.000000  10.000000  -18.750000
  2069  0  0  0  0  0  0  -183.333328  10.000000  -10.000000
  2070  0  0  0  0  0  0  -216.666672  10.000000  -10.000000
  2071  0  0  0  0  0  0  -196.153839  -10.000000  -30.000000
  2072  0  0  0  0  0  0  -203.846161  -10.000000  -30.000000
  2073  0  0  0  0  0  0  -230.000000  -10.000000  -18.000000
  2074  0  0  0  0  0  0  -100.000000  10.000000  -18.750000
  2075  0  0  0  0  0  0  -83.333336  10.000000  -10.000000
  2076  0  0  0  0  0  0  -116.666664  10.000000  -10.000000
  2077  0  0  0  0  0  0  -96.153847  -10.000000  -30.000000
  2078  0  0  0  0  0  0  -103.846153  -10.000000  -30.000000
  2079  0  0  0  0  0  0  -70.000000  -10.000000  -18.000000
  2080  0  0  0  0  0  0  -50.000000  10.000000  -18.750000
  2081  0  0  0  0  0  0  0.000000  10.000000  0.000000
  2082  0  0  0  0  0  0  0.000000  5.000000  0.000000
  2083  0  0  0  0  0  0  0.000000  0.000000  0.000000
  2084  0  0  0  0  0  0  0.000000  -5.000000  0.000000
  2085  0  0  0  0  0  0  0.000000  -10.000000  0.000000
  2086  0  0  0  0  0  0  -46.153847  -10.000000  -30.000000
  2087  0  0  0  0  0  0  -53.846153  -10.000000  -30.000000
  2088  0  0  0  0  0  0  -46.666668  -10.000000  -28.000000
  2089  0  0  0  0  0  0  -53.333332  -10.000000  -28.000000
  2090  0  0  0  0  0  0  -115.384613  -10.000000  -30.000000
  2091  0  0  0  0  0  0  -184.615387  -10.000000  -30.000000
  2092  0  0  0  1  1  1  12.000000  20.000000  110.000000
  2093  0  0  0  1  1  1  12.000000  15.000000  110.000000
  2094  0  0  0  1  1  1  12.000000  10.000000  110.000000
  2095  0  0  0  1  1  1  -12.000000  20.000000  110.000000
  2096  0  0  0  1  1  1  -12.000000  15.000000  110.000000
  2097  0  0  0  1  1  1  -12.000000  10.000000  110.000000
  2098  0  0  0  1  1  1  8.000000  20.000000  110.000000
  2099  0  0  0  1  1  1  -8.000000  20.000000  110.000000
  2100  0  0  0  1  1  1  4.000000  20.000000  110.000000
  2101  0  0  0  1  1  1  -4.000000  20.000000  110.000000
  2102  0  0  0  1  1  1  0.000000  20.000000  110.000000
  2103  0  0  0  1  1  1  8.000000  15.000000  110.000000
  2104  0  0  0  1  1  1  8.000000  10.000000  110.000000
  2105  0  0  0  1  1  1  -8.000000  15.000000  110.000000
  2106  0  0  0  1  1  1  -8.000000  10.000000  110.000000
  2107  0  0  0  1  1  1  4.000000  15.000000  110.000000
  2108  0  0  0  1  1  1  -4.000000  15.000000  110.000000
  2109  0  0  0  1  1  1  0.000000  15.000000  110.000000
  2110  0  0  0  1  1  1  4.000000  10.000000  110.000000
  2111  0  0  0  1  1  1  -4.000000  10.000000  110.000000
  2112  0  0  0  1  1  1  0.000000  10.000000  110.000000
  2113  0  0  0  0  0  0  -142.307693  10.000000  -30.000000
  2114  0  0  0  0  0  0  -157.692307  10.000000  -30.000000
  2115  0  0  0  0  0  0  -143.333328  10.000000  -26.000000
  2116  0  0  0  0  0  0  -156.666672  10.000000  -26.000000
  2117  0  0  0  1  1  1  13.000000  -20.000000  90.000000
  2118  0  0  0  1  1  1  13.000000  -15.000000  90.000000
  2119  0  0  0  1  1  1  13.000000  -10.000000  90.000000
  2120  0  0  0  1  1  1  -13.000000  -20.000000  90.000000
  2121  0  0  0  1  1  1  -13.000000  -15.000000  90.000000
  2122  0  0  0  1  1  1  -13.000000  -10.000000  90.000000
  2123  0  0  0  1  1  1  8.666667  -20.000000  90.000000
  2124  0  0  0  1  1  1  -8.666667  -20.000000  90.000000
  2125  0  0  0  1  1  1  4.333333  -20.000000  90.000000
  2126  0  0  0  1  1  1  -4.333333  -20.000000  90.000000
  2127  0  0  0  1  1  1  0.000000  -20.000000  90.000000
  2128  0  0  0  1  1  1  8.666667  -15.000000  90.000000
  2129  0  0  0  1  1  1  8.666667  -10.000000  90.000000
  2130  0  0  0  1  1  1  -8.666667  -15.000000  90.000000
  2131  0  0  0  1  1  1  -8.666667  -10.000000  90.000000
  2132  0  0  0  1  1  1  4.333333  -15.000000  90.000000
  2133  0  0  0  1  1  1  -4.333333  -15.000000  90.000000
  2134  0  0  0  1  1  1  0.000000  -15.000000  90.000000
  2135  0  0  0  1  1  1  4.333333  -10.000000  90.000000
  2136  0  0  0  1  1  1  -4.333333  -10.000000  90.000000
  2137  0  0  0  1  1  1  0.000000  -10.000000  90.000000
  2138  0  0  0  1  1  1  290.000000  10.000000  -40.000000
  2139  0  0  0  1  1  1  290.000000  5.000000  -40.000000
  2140  0  0  0  1  1  1  290.000000  0.000000  -40.000000
  2141  0  0  0  1  1  1  290.000000  -5.000000  -40.000000
  2142  0  0  0  1  1  1  290.000000  -10.000000  -40.000000
  2143  0  0  0  1  1  1  290.000000  10.000000  -35.000000
  2144  0  0  0  1  1  1  290.000000  5.000000  -35.000000
  2145  0  0  0  1  1  1  290.000000  0.000000  -35.000000
  2146  0  0  0  1  1  1  290.000000  -5.000000  -35.000000
  2147  0  0  0  1  1  1  290.000000  -10.000000  -35.000000
  2148  0  0  0  1  1  1  290.000000  10.000000  -30.000000
  2149  0  0  0  1  1  1  290.000000  5.000000  -30.000000
  2150  0  0  0  1  1  1  290.000000  0.000000  -30.000000
  2151  0  0  0  1  1  1  290.000000  -5.000000  -30.000000
  2152  0  0  0  1  1  1  290.000000  -10.000000  -30.000000
  2153  0  0  0  1  1  1  290.000000  10.000000  -25.000000
  2154  0  0  0  1  1  1  290.000000  5.000000  -25.000000
  2155  0  0  0  1  1  1  290.000000  0.000000  -25.000000
  2156  0  0  0  1  1  1  290.000000  -5.000000  -25.000000
  2157  0  0  0  1  1  1  290.000000  -10.000000  -25.000000
  2158  0  0  0  1  1  1  290.000000  10.000000  -20.000000
  2159  0  0  0  1  1  1  290.000000  10.000000  -15.000000
  2160  0  0  0  1  1  1  290.000000  10.000000  -10.000000
  2161  0  0  0  1  1  1  290.000000  10.000000  -5.000000
  2162  0  0  0  1  1  1  290.000000  10.000000  0.000000
  2163  0  0  0  1  1  1  290.000000  5.000000  -20.000000
  2164  0  0  0  1  1  1  290.000000  0.000000  -20.000000
  2165  0  0  0  1  1  1  290.000000  -5.000000  -20.000000
  2166  0  0  0  1  1  1  290.000000  -10.000000  -20.000000
  2167  0  0  0  1  1  1  290.000000  5.000000  -15.000000
  2168  0  0  0  1  1  1  290.000000  5.000000  -10.000000
  2169  0  0  0  1  1  1  290.000000  5.000000  -5.000000
  2170  0  0  0  1  1  1  290.000000  5.000000  0.000000
  2171  0  0  0  1  1  1  290.000000  0.000000  -15.000000
  2172  0  0  0  1  1  1  290.000000  -5.000000  -15.000000
  2173  0  0  0  1  1  1  290.000000  -10.000000  -15.000000
  2174  0  0  0  1  1  1  290.000000  0.000000  -10.000000
  2175  0  0  0  1  1  1  290.000000  0.000000  -5.000000
  2176  0  0  0  1  1  1  290.000000  0.000000  0.000000
  2177  0  0  0  1  1  1  290.000000  -5.000000  -10.000000
  2178  0  0  0  1  1  1  290.000000  -10.000000  -10.000000
  2179  0  0  0  1  1  1  290.000000  -5.000000  -5.000000
  2180  0  0  0  1  1  1  290.000000  -5.000000  0.000000
  2181  0  0  0  1  1  1  290.000000  -10.000000  -5.000000
  2182  0  0  0  1  1  1  290.000000  -10.000000  0.000000
  2183  0  0  0  1  1  1  285.000000  10.000000  -40.000000
  2184  0  0  0  1  1  1  285.000000  5.000000  -40.000000
  2185  0  0  0  1  1  1  285.000000  0.000000  -40.000000
  2186  0  0  0  1  1  1  285.000000  -5.000000  -40.000000
  2187  0  0  0  1  1  1  285.000000  -10.000000  -40.000000
  2188  0  0  0  1  1  1  280.000000  10.000000  -40.000000
  2189  0  0  0  1  1  1  280.000000  5.000000  -40.000000
  2190  0  0  0  1  1  1  280.000000  0.000000  -40.000000
  2191  0  0  0  1  1  1  280.000000  -5.000000  -40.000000
  2192  0  0  0  1  1  1  280.000000  -10.000000  -40.000000
  2193  0  0  0  0  0  0  246.666672  10.000000  -28.000000
  2194  0  0  0  0  0  0  246.153839  10.000000  -30.000000
  2195  0  0  0  1  1  1  275.000000  10.000000  -40.000000
  2196  0  0  0  1  1  1  275.000000  5.000000  -40.000000
  2197  0  0  0  1  1  1  275.000000  0.000000  -40.000000
  2198  0  0  0  1  1  1  275.000000  -5.000000  -40.000000
  2199  0  0  0  1  1  1  275.000000  -10.000000  -40.000000
  2200  0  0  0  1  1  1  270.000000  10.000000  -40.000000
  2201  0  0  0  1  1  1  270.000000  5.000000  -40.000000
  2202  0  0  0  1  1  1  270.000000  0.000000  -40.000000
  2203  0  0  0  1  1  1  270.000000  -5.000000  -40.000000
  2204  0  0  0  1  1  1  270.000000  -10.000000  -40.000000
  2205  0  0  0  1  1  1  265.000000  10.000000  -40.000000
  2206  0  0  0  1  1  1  260.000000  10.000000  -40.000000
  2207  0  0  0  1  1  1  255.000000  10.000000  -40.000000
  2208  0  0  0  1  1  1  250.000000  10.000000  -40.000000
  2209  0  0  0  1  1  1  265.000000  5.000000  -40.000000
  2210  0  0  0  1  1  1  265.000000  0.000000  -40.000000
  2211  0  0  0  1  1  1  265.000000  -5.000000  -40.000000
  2212  0  0  0  1  1  1  265.000000  -10.000000  -40.000000
  2213  0  0  0  1  1  1  260.000000  5.000000  -40.000000
  2214  0  0  0  1  1  1  255.000000  5.000000  -40.000000
  2215  0  0  0  1  1  1  250.000000  5.000000  -40.000000
  2216  0  0  0  1  1  1  260.000000  0.000000  -40.000000
  2217  0  0  0  1  1  1  260.000000  -5.000000  -40.000000
  2218  0  0  0  1  1  1  260.000000  -10.000000  -40.000000
  2219  0  0  0  1  1  1  255.000000  0.000000  -40.000000
  2220  0  0  0  1  1  1  250.000000  0.000000  -40.000000
  2221  0  0  0  1  1  1  255.000000  -5.000000  -40.000000
  2222  0  0  0  1  1  1  255.000000  -10.000000  -40.000000
  2223  0  0  0  1  1  1  250.000000  -5.000000  -40.000000
  2224  0  0  0  1  1  1  250.000000  -10.000000  -40.000000
  2225  0  0  0  0  0  0  246.666672  -10.000000  -28.000000
  2226  0  0  0  0  0  0  246.153839  -10.000000  -30.000000
  2227  0  0  0  0  0  0  213.333328  10.000000  -8.000000
  2228  0  0  0  0  0  0  200.000000  10.000000  -15.000000
  2229  0  0  0  0  0  0  186.666672  10.000000  -8.000000
  2230  0  0  0  0  0  0  226.666672  -10.000000  -16.000000
  2231  0  0  0  0  0  0  200.000000  -10.000000  -30.000000
  2232  0  0  0  0  0  0  173.333328  -10.000000  -16.000000
  2233  0  0  0  0  0  0  150.000000  10.000000  -15.000000
  2234  0  0  0  0  0  0  150.000000  -10.000000  -30.000000
  2235  0  0  0  0  0  0  113.333336  10.000000  -8.000000
  2236  0  0  0  0  0  0  100.000000  10.000000  -15.000000
  2237  0  0  0  0  0  0  86.666664  10.000000  -8.000000
  2238  0  0  0  0  0  0  126.666664  -10.000000  -16.000000
  2239  0  0  0  0  0  0  100.000000  -10.000000  -30.000000
  2240  0  0  0  0  0  0  73.333336  -10.000000  -16.000000
  2241  0  0  0  0  0  0  50.000000  10.000000  -15.000000
  2242  0  0  0  0  0  0  5.000000  10.000000  0.000000
  2243  0  0  0  0  0  0  5.000000  5.000000  0.000000
  2244  0  0  0  0  0  0  5.000000  0.000000  0.000000
  2245  0  0  0  0  0  0  5.000000  -5.000000  0.000000
  2246  0  0  0  0  0  0  5.000000  -10.000000  0.000000
  2247  0  0  0  0  0  0  50.000000  -10.000000  -30.000000
  2248  0  0  0  1  1  1  -290.000000  10.000000  -40.000000
  2249  0  0  0  1  1  1  -290.000000  5.000000  -40.000000
  2250  0  0  0  1  1  1  -290.000000  0.000000  -40.000000
  2251  0  0  0  1  1  1  -290.000000  -5.000000  -40.000000
  2252  0  0  0  1  1  1  -290.000000  -10.000000  -40.000000
  2253  0  0  0  1  1  1  -290.000000  10.000000  -35.000000
  2254  0  0  0  1  1  1  -290.000000  5.000000  -35.000000
  2255  0  0  0  1  1  1  -290.000000  0.000000  -35.000000
  2256  0  0  0  1  1  1  -290.000000  -5.000000  -35.000000
  2257  0  0  0  1  1  1  -290.000000  -10.000000  -35.000000
  2258  0  0  0  1  1  1  -290.000000  10.000000  -30.000000
  2259  0  0  0  1  1  1  -290.000000  5.000000  -30.000000
  2260  0  0  0  1  1  1  -290.000000  0.000000  -30.000000
  2261  0  0  0  1  1  1  -290.000000  -5.000000  -30.000000
  2262  0  0  0  1  1  1  -290.000000  -10.000000  -30.000000
  2263  0  0  0  1  1  1  -290.000000  10.000000  -25.000000
  2264  0  0  0  1  1  1  -290.000000  5.000000  -25.000000
  2265  0  0  0  1  1  1  -290.000000  0.000000  -25.000000
  2266  0  0  0  1  1  1  -290.000000  -5.000000  -25.000000
  2267  0  0  0  1  1  1  -290.000000  -10.000000  -25.000000
  2268  0  0  0  1  1  1  -290.000000  10.000000  -20.000000
  2269  0  0  0  1  1  1  -290.000000  10.000000  -15.000000
  2270  0  0  0  1  1  1  -290.000000  10.000000  -10.000000
  2271  0  0  0  1  1  1  -290.000000  10.000000  -5.000000
  2272  0  0  0  1  1  1  -290.000000  10.000000  0.000000
  2273  0  0  0  1  1  1  -290.000000  5.000000  -20.000000
  2274  0  0  0  1  1  1  -290.000000  0.000000  -20.000000
  2275  0  0  0  1  1  1  -290.000000  -5.000000  -20.000000
  2276  0  0  0  1  1  1  -290.000000  -10.000000  -20.000000
  2277  0  0  0  1  1  1  -290.000000  5.000000  -15.000000
  2278  0  0  0  1  1  1  -290.000000  5.000000  -10.000000
  2279  0  0  0  1  1  1  -290.000000  5.000000  -5.000000
  2280  0  0  0  1  1  1  -290.000000  5.000000  0.000000
  2281  0  0  0  1  1  1  -290.000000  0.000000  -15.000000
  2282  0  0  0  1  1  1  -290.000000  -5.000000  -15.000000
  2283  0  0  0  1  1  1  -290.000000  -10.000000  -15.000000
  2284  0  0  0  1  1  1  -290.000000  0.000000  -10.000000
  2285  0  0  0  1  1  1  -290.000000  0.000000  -5.000000
  2286  0  0  0  1  1  1  -290.000000  0.000000  0.000000
  2287  0  0  0  1  1  1  -290.000000  -5.000000  -10.000000
  2288  0  0  0  1  1  1  -290.000000  -10.000000  -10.000000
  2289  0  0  0  1  1  1  -290.000000  -5.000000  -5.000000
  2290  0  0  0  1  1  1  -290.000000  -5.000000  0.000000
  2291  0  0  0  1  1  1  -290.000000  -10.000000  -5.000000
  2292  0  0  0  1  1  1  -290.000000  -10.000000  0.000000
  2293  0  0  0  1  1  1  -285.000000  10.000000  -40.000000
  2294  0  0  0  1  1  1  -285.000000  5.000000  -40.000000
  2295  0  0  0  1  1  1  -285.000000  0.000000  -40.000000
  2296  0  0  0  1  1  1  -285.000000  -5.000000  -40.000000
  2297  0  0  0  1  1  1  -285.000000  -10.000000  -40.000000
  2298  0  0  0  1  1  1  -280.000000  10.000000  -40.000000
  2299  0  0  0  1  1  1  -280.000000  5.000000  -40.000000
  2300  0  0  0  1  1  1  -280.000000  0.000000  -40.000000
  2301  0  0  0  1  1  1  -280.000000  -5.000000  -40.000000
  2302  0  0  0  1  1  1  -280.000000  -10.000000  -40.000000
  2303  0  0  0  0  0  0  -246.666672  10.000000  -28.000000
  2304  0  0  0  0  0  0  -246.153839  10.000000  -30.000000
  2305  0  0  0  1  1  1  -275.000000  10.000000  -40.000000
  2306  0  0  0  1  1  1  -275.000000  5.000000  -40.000000
  2307  0  0  0  1  1  1  -275.000000  0.000000  -40.000000
  2308  0  0  0  1  1  1  -275.000000  -5.000000  -40.000000
  2309  0  0  0  1  1  1  -275.000000  -10.000000  -40.000000
  2310  0  0  0  1  1  1  -270.000000  10.000000  -40.000000
  2311  0  0  0  1  1  1  -270.000000  5.000000  -40.000000
  2312  0  0  0  1  1  1  -270.000000  0.000000  -40.000000
  2313  0  0  0  1  1  1  -270.000000  -5.000000  -40.000000
  2314  0  0  0  1  1  1  -270.000000  -10.000000  -40.000000
  2315  0  0  0  1  1  1  -265.000000  10.000000  -40.000000
  2316  0  0  0  1  1  1  -260.000000  10.000000  -40.000000
  2317  0  0  0  1  1  1  -255.000000  10.000000  -40.000000
  2318  0  0  0  1  1  1  -250.000000  10.000000  -40.000000
  2319  0  0  0  1  1  1  -265.000000  5.000000  -40.000000
  2320  0  0  0  1  1  1  -265.000000  0.000000  -40.000000
  2321  0  0  0  1  1  1  -265.000000  -5.000000  -40.000000
  2322  0  0  0  1  1  1  -265.000000  -10.000000  -40.000000
  2323  0  0  0  1  1  1  -260.000000  5.000000  -40.000000
  2324  0  0  0  1  1  1  -255.000000  5.000000  -40.000000
  2325  0  0  0  1  1  1  -250.000000  5.000000  -40.000000
  2326  0  0  0  1  1  1  -260.000000  0.000000  -40.000000
  2327  0  0  0  1  1  1  -260.000000  -5.000000  -40.000000
  2328  0  0  0  1  1  1  -260.000000  -10.000000  -40.000000
  2329  0  0  0  1  1  1  -255.000000  0.000000  -40.000000
  2330  0  0  0  1  1  1  -250.000000  0.000000  -40.000000
  2331  0  0  0  1  1  1  -255.000000  -5.000000  -40.000000
  2332  0  0  0  1  1  1  -255.000000  -10.000000  -40.000000
  2333  0  0  0  1  1  1  -250.000000  -5.000000  -40.000000
  2334  0  0  0  1  1  1  -250.000000  -10.000000  -40.000000
  2335  0  0  0  0  0  0  -246.666672  -10.000000  -28.000000
  2336  0  0  0  0  0  0  -246.153839  -10.000000  -30.000000
  2337  0  0  0  0  0  0  -200.000000  10.000000  -15.000000
  2338  0  0  0  0  0  0  -186.666672  10.000000  -8.000000
  2339  0  0  0  0  0  0  -213.333328  10.000000  -8.000000
  2340  0  0  0  0  0  0  -200.000000  -10.000000  -30.000000
  2341  0  0  0  0  0  0  -226.666672  -10.000000  -16.000000
  2342  0  0  0  0  0  0  -100.000000  10.000000  -15.000000
  2343  0  0  0  0  0  0  -86.666664  10.000000  -8.000000
  2344  0  0  0  0  0  0  -113.333336  10.000000  -8.000000
  2345  0  0  0  0  0  0  -100.000000  -10.000000  -30.000000
  2346  0  0  0  0  0  0  -73.333336  -10.000000  -16.000000
  2347  0  0  0  0  0  0  -50.000000  10.000000  -15.000000
  2348  0  0  0  0  0  0  -5.000000  10.000000  0.000000
  2349  0  0  0  0  0  0  -5.000000  5.000000  0.000000
  2350  0  0  0  0  0  0  -5.000000  0.000000  0.000000
  2351  0  0  0  0  0  0  -5.000000  -5.000000  0.000000
  2352  0  0  0  0  0  0  -5.000000  -10.000000  0.000000
  2353  0  0  0  0  0  0  -50.000000  -10.000000  -30.000000
  2354  0  0  0  0  0  0  -119.230766  -10.000000  -30.000000
  2355  0  0  0  0  0  0  -180.769226  -10.000000  -30.000000
  2356  0  0  0  1  1  1  11.750000  20.000000  115.000000
  2357  0  0  0  1  1  1  11.750000  15.000000  115.000000
  2358  0  0  0  1  1  1  11.750000  10.000000  115.000000
  2359  0  0  0  1  1  1  -11.750000  20.000000  115.000000
  2360  0  0  0  1  1  1  -11.750000  15.000000  115.000000
  2361  0  0  0  1  1  1  -11.750000  10.000000  115.000000
  2362  0  0  0  1  1  1  7.833333  20.000000  115.000000
  2363  0  0  0  1  1  1  -7.833333  20.000000  115.000000
  2364  0  0  0  1  1  1  3.916667  20.000000  115.000000
  2365  0  0  0  1  1  1  -3.916667  20.000000  115.000000
  2366  0  0  0  1  1  1  0.000000  20.000000  115.000000
  2367  0  0  0  1  1  1  7.833333  15.000000  115.000000
  2368  0  0  0  1  1  1  7.833333  10.000000  115.000000
  2369  0  0  0  1  1  1  -7.833333  15.000000  115.000000
  2370  0  0  0  1  1  1  -7.833333  10.000000  115.000000
  2371  0  0  0  1  1  1  3.916667  15.000000  115.000000
  2372  0  0  0  1  1  1  -3.916667  15.000000  115.000000
  2373  0  0  0  1  1  1  0.000000  15.000000  115.000000
  2374  0  0  0  1  1  1  3.916667  10.000000  115.000000
  2375  0  0  0  1  1  1  -3.916667  10.000000  115.000000
  2376  0  0  0  1  1  1  0.000000  10.000000  115.000000
  2377  0  0  0  0  0  0  -146.153839  10.000000  -30.000000
  2378  0  0  0  0  0  0  -153.846161  10.000000  -30.000000
  2379  0  0  0  0  0  0  -146.666672  10.000000  -28.000000
  2380  0  0  0  0  0  0  -153.333328  10.000000  -28.000000
  2381  0  0  0  1  1  1  12.750000  -20.000000  95.000000
  2382  0  0  0  1  1  1  12.750000  -15.000000  95.000000
  2383  0  0  0  1  1  1  12.750000  -10.000000  95.000000
  2384  0  0  0  1  1  1  -12.750000  -20.000000  95.000000
  2385  0  0  0  1  1  1  -12.750000  -15.000000  95.000000
  2386  0  0  0  1  1  1  -12.750000  -10.000000  95.000000
  2387  0  0  0  1  1  1  8.500000  -20.000000  95.000000
  2388  0  0  0  1  1  1  -8.500000  -20.000000  95.000000
  2389  0  0  0  1  1  1  4.250000  -20.000000  95.000000
  2390  0  0  0  1  1  1  -4.250000  -20.000000  95.000000
  2391  0  0  0  1  1  1  0.000000  -20.000000  95.000000
  2392  0  0  0  1  1  1  8.500000  -15.000000  95.000000
  2393  0  0  0  1  1  1  8.500000  -10.000000  95.000000
  2394  0  0  0  1  1  1  -8.500000  -15.000000  95.000000
  2395  0  0  0  1  1  1  -8.500000  -10.000000  95.000000
  2396  0  0  0  1  1  1  4.250000  -15.000000  95.000000
  2397  0  0  0  1  1  1  -4.250000  -15.000000  95.000000
  2398  0  0  0  1  1  1  0.000000  -15.000000  95.000000
  2399  0  0  0  1  1  1  4.250000  -10.000000  95.000000
  2400  0  0  0  1  1  1  -4.250000  -10.000000  95.000000
  2401  0  0  0  1  1  1  0.000000  -10.000000  95.000000
  2402  0  0  0  1  1  1  285.000000  10.000000  -35.000000
  2403  0  0  0  1  1  1  285.000000  5.000000  -35.000000
  2404  0  0  0  1  1  1  285.000000  0.000000  -35.000000
  2405  0  0  0  1  1  1  285.000000  -5.000000  -35.000000
  2406  0  0  0  1  1  1  285.000000  -10.000000  -35.000000
  2407  0  0  0  1  1  1  285.000000  10.000000  -30.000000
  2408  0  0  0  1  1  1  285.000000  5.000000  -30.000000
  2409  0  0  0  1  1  1  285.000000  0.000000  -30.000000
  2410  0  0  0  1  1  1  285.000000  -5.000000  -30.000000
  2411  0  0  0  1  1  1  285.000000  -10.000000  -30.000000
  2412  0  0  0  1  1  1  285.000000  10.000000  -25.000000
  2413  0  0  0  1  1  1  285.000000  5.000000  -25.000000
  2414  0  0  0  1  1  1  285.000000  0.000000  -25.000000
  2415  0  0  0  1  1  1  285.000000  -5.000000  -25.000000
  2416  0  0  0  1  1  1  285.000000  -10.000000  -25.000000
  2417  0  0  0  1  1  1  285.000000  10.000000  -20.000000
  2418  0  0  0  1  1  1  285.000000  10.000000  -15.000000
  2419  0  0  0  1  1  1  285.000000  10.000000  -10.000000
  2420  0  0  0  1  1  1  285.000000  10.000000  -5.000000
  2421  0  0  0  1  1  1  285.000000  10.000000  0.000000
  2422  0  0  0  1  1  1  285.000000  5.000000  -20.000000
  2423  0  0  0  1  1  1  285.000000  0.000000  -20.000000
  2424  0  0  0  1  1  1  285.000000  -5.000000  -20.000000
  2425  0  0  0  1  1  1  285.000000  -10.000000  -20.000000
  2426  0  0  0  1  1  1  285.000000  5.000000  -15.000000
  2427  0  0  0  1  1  1  285.000000  5.000000  -10.000000
  2428  0  0  0  1  1  1  285.000000  5.000000  -5.000000
  2429  0  0  0  1  1  1  285.000000  5.000000  0.000000
  2430  0  0  0  1  1  1  285.000000  0.000000  -15.000000
  2431  0  0  0  1  1  1  285.000000  -5.000000  -15.000000
  2432  0  0  0  1  1  1  285.000000  -10.000000  -15.000000
  2433  0  0  0  1  1  1  285.000000  0.000000  -10.000000
  2434  0  0  0  1  1  1  285.000000  0.000000  -5.000000
  2435  0  0  0  1  1  1  285.000000  0.000000  0.000000
  2436  0  0  0  1  1  1  285.000000  -5.000000  -10.000000
  2437  0  0  0  1  1  1  285.000000  -10.000000  -10.000000
  2438  0  0  0  1  1  1  285.000000  -5.000000  -5.000000
  2439  0  0  0  1  1  1  285.000000  -5.000000  0.000000
  2440  0  0  0  1  1  1  285.000000  -10.000000  -5.000000
  2441  0  0  0  1  1  1  285.000000  -10.000000  0.000000
  2442  0  0  0  1  1  1  280.000000  10.000000  -35.000000
  2443  0  0  0  1  1  1  280.000000  5.000000  -35.000000
  2444  0  0  0  1  1  1  280.000000  0.000000  -35.000000
  2445  0  0  0  1  1  1  280.000000  -5.000000  -35.000000
  2446  0  0  0  1  1  1  280.000000  -10.000000  -35.000000
  2447  0  0  0  1  1  1  275.000000  10.000000  -35.000000
  2448  0  0  0  1  1  1  275.000000  5.000000  -35.000000
  2449  0  0  0  1  1  1  275.000000  0.000000  -35.000000
  2450  0  0  0  1  1  1  275.000000  -5.000000  -35.000000
  2451  0  0  0  1  1  1  275.000000  -10.000000  -35.000000
  2452  0  0  0  0  0  0  250.000000  10.000000  -30.000000
  2453  0  0  0  1  1  1  270.000000  10.000000  -35.000000
  2454  0  0  0  1  1  1  270.000000  5.000000  -35.000000
  2455  0  0  0  1  1  1  270.000000  0.000000  -35.000000
  2456  0  0  0  1  1  1  270.000000  -5.000000  -35.000000
  2457  0  0  0  1  1  1  270.000000  -10.000000  -35.000000
  2458  0  0  0  1  1  1  265.000000  10.000000  -35.000000
  2459  0  0  0  1  1  1  260.000000  10.000000  -35.000000
  2460  0  0  0  1  1  1  255.000000  10.000000  -35.000000
  2461  0  0  0  1  1  1  250.000000  10.000000  -35.000000
  2462  0  0  0  1  1  1  265.000000  5.000000  -35.000000
  2463  0  0  0  1  1  1  265.000000  0.000000  -35.000000
  2464  0  0  0  1  1  1  265.000000  -5.000000  -35.000000
  2465  0  0  0  1  1  1  265.000000  -10.000000  -35.000000
  2466  0  0  0  1  1  1  260.000000  5.000000  -35.000000
  2467  0  0  0  1  1  1  255.000000  5.000000  -35.000000
  2468  0  0  0  1  1  1  250.000000  5.000000  -35.000000
  2469  0  0  0  1  1  1  260.000000  0.000000  -35.000000
  2470  0  0  0  1  1  1  260.000000  -5.000000  -35.000000
  2471  0  0  0  1  1  1  260.000000  -10.000000  -35.000000
  2472  0  0  0  1  1  1  255.000000  0.000000  -35.000000
  2473  0  0  0  1  1  1  250.000000  0.000000  -35.000000
  2474  0  0  0  1  1  1  255.000000  -5.000000  -35.000000
  2475  0  0  0  1  1  1  255.000000  -10.000000  -35.000000
  2476  0  0  0  1  1  1  250.000000  -5.000000  -35.000000
  2477  0  0  0  1  1  1  250.000000  -10.000000  -35.000000
  2478  0  0  0  0  0  0  250.000000  -10.000000  -30.000000
  2479  0  0  0  0  0  0  210.000000  10.000000  -6.000000
  2480  0  0  0  0  0  0  200.000000  10.000000  -11.250000
  2481  0  0  0  0  0  0  190.000000  10.000000  -6.000000
  2482  0  0  0  0  0  0  223.333328  -10.000000  -14.000000
  2483  0  0  0  0  0  0  200.000000  -10.000000  -26.250000
  2484  0  0  0  0  0  0  176.666672  -10.000000  -14.000000
  2485  0  0  0  0  0  0  150.000000  10.000000  -11.250000
  2486  0  0  0  0  0  0  150.000000  -10.000000  -26.250000
  2487  0  0  0  0  0  0  110.000000  10.000000  -6.000000
  2488  0  0  0  0  0  0  100.000000  10.000000  -11.250000
  2489  0  0  0  0  0  0  90.000000  10.000000  -6.000000
  2490  0  0  0  0  0  0  123.333336  -10.000000  -14.000000
  2491  0  0  0  0  0  0  100.000000  -10.000000  -26.250000
  2492  0  0  0  0  0  0  76.666664  -10.000000  -14.000000
  2493  0  0  0  0  0  0  50.000000  10.000000  -11.250000
  2494  0  0  0  0  0  0  10.000000  10.000000  0.000000
  2495  0  0  0  0  0  0  10.000000  5.000000  0.000000
  2496  0  0  0  0  0  0  10.000000  0.000000  0.000000
  2497  0  0  0  0  0  0  10.000000  -5.000000  0.000000
  2498  0  0  0  0  0  0  10.000000  -10.000000  0.000000
  2499  0  0  0  0  0  0  50.000000  -10.000000  -26.250000
  2500  0  0  0  1  1  1  -285.000000  10.000000  -35.000000
  2501  0  0  0  1  1  1  -285.000000  5.000000  -35.000000
  2502  0  0  0  1  1  1  -285.000000  0.000000  -35.000000
  2503  0  0  0  1  1  1  -285.000000  -5.000000  -35.000000
  2504  0  0  0  1  1  1  -285.000000  -10.000000  -35.000000
  2505  0  0  0  1  1  1  -285.000000  10.000000  -30.000000
  2506  0  0  0  1  1  1  -285.000000  5.000000  -30.000000
  2507  0  0  0  1  1  1  -285.000000  0.000000  -30.000000
  2508  0  0  0  1  1  1  -285.000000  -5.000000  -30.000000
  2509  0  0  0  1  1  1  -285.000000  -10.000000  -30.000000
  2510  0  0  0  1  1  1  -285.000000  10.000000  -25.000000
  2511  0  0  0  1  1  1  -285.000000  5.000000  -25.000000
  2512  0  0  0  1  1  1  -285.000000  0.000000  -25.000000
  2513  0  0  0  1  1  1  -285.000000  -5.000000  -25.000000
  2514  0  0  0  1  1  1  -285.000000  -10.000000  -25.000000
  2515  0  0  0  1  1  1  -285.000000  10.000000  -20.000000
  2516  0  0  0  1  1  1  -285.000000  10.000000  -15.000000
  2517  0  0  0  1  1  1  -285.000000  10.000000  -10.000000
  2518  0  0  0  1  1  1  -285.000000  10.000000  -5.000000
  2519  0  0  0  1  1  1  -285.000000  10.000000  0.000000
  2520  0  0  0  1  1  1  -285.000000  5.000000  -20.000000
  2521  0  0  0  1  1  1  -285.000000  0.000000  -20.000000
  2522  0  0  0  1  1  1  -285.000000  -5.000000  -20.000000
  2523  0  0  0  1  1  1  -285.000000  -10.000000  -20.000000
  2524  0  0  0  1  1  1  -285.000000  5.000000  -15.000000
  2525  0  0  0  1  1  1  -285.000000  5.000000  -10.000000
  2526  0  0  0  1  1  1  -285.000000  5.000000  -5.000000
  2527  0  0  0  1  1  1  -285.000000  5.000000  0.000000
  2528  0  0  0  1  1  1  -285.000000  0.000000  -15.000000
  2529  0  0  0  1  1  1  -285.000000  -5.000000  -15.000000
  2530  0  0  0  1  1  1  -285.000000  -10.000000  -15.000000
  2531  0  0  0  1  1  1  -285.000000  0.000000  -10.000000
  2532  0  0  0  1  1  1  -285.000000  0.000000  -5.000000
  2533  0  0  0  1  1  1  -285.000000  0.000000  0.000000
  2534  0  0  0  1  1  1  -285.000000  -5.000000  -10.000000
  2535  0  0  0  1  1  1  -285.000000  -10.000000  -10.000000
  2536  0  0  0  1  1  1  -285.000000  -5.000000  -5.000000
  2537  0  0  0  1  1  1  -285.000000  -5.000000  0.000000
  2538  0  0  0  1  1  1  -285.000000  -10.000000  -5.000000
  2539  0  0  0  1  1  1  -285.000000  -10.000000  0.000000
  2540  0  0  0  1  1  1  -280.000000  10.000000  -35.000000
  2541  0  0  0  1  1  1  -280.000000  5.000000  -35.000000
  2542  0  0  0  1  1  1  -280.000000  0.000000  -35.000000
  2543  0  0  0  1  1  1  -280.000000  -5.000000  -35.000000
  2544  0  0  0  1  1  1  -280.000000  -10.000000  -35.000000
  2545  0  0  0  1  1  1  -275.000000  10.000000  -35.000000
  2546  0  0  0  1  1  1  -275.000000  5.000000  -35.000000
  2547  0  0  0  1  1  1  -275.000000  0.000000  -35.000000
  2548  0  0  0  1  1  1  -275.000000  -5.000000  -35.000000
  2549  0  0  0  1  1  1  -275.000000  -10.000000  -35.000000
  2550  0  0  0  0  0  0  -250.000000  10.000000  -30.000000
  2551  0  0  0  1  1  1  -270.000000  10.000000  -35.000000
  2552  0  0  0  1  1  1  -270.000000  5.000000  -35.000000
  2553  0  0  0  1  1  1  -270.000000  0.000000  -35.000000
  2554  0  0  0  1  1  1  -270.000000  -5.000000  -35.000000
  2555  0  0  0  1  1  1  -270.000000  -10.000000  -35.000000
  2556  0  0  0  1  1  1  -265.000000  10.000000  -35.000000
  2557  0  0  0  1  1  1  -260.000000  10.000000  -35.000000
  2558  0  0  0  1  1  1  -255.000000  10.000000  -35.000000
  2559  0  0  0  1  1  1  -250.000000  10.000000  -35.000000
  2560  0  0  0  1  1  1  -265.000000  5.000000  -35.000000
  2561  0  0  0  1  1  1  -265.000000  0.000000  -35.000000
  2562  0  0  0  1  1  1  -265.000000  -5.000000  -35.000000
  2563  0  0  0  1  1  1  -265.000000  -10.000000  -35.000000
  2564  0  0  0  1  1  1  -260.000000  5.000000  -35.000000
  2565  0  0  0  1  1  1  -255.000000  5.000000  -35.000000
  2566  0  0  0  1  1  1  -250.000000  5.000000  -35.000000
  2567  0  0  0  1  1  1  -260.000000  0.000000  -35.000000
  2568  0  0  0  1  1  1  -260.000000  -5.000000  -35.000000
  2569  0  0  0  1  1  1  -260.000000  -10.000000  -35.000000
  2570  0  0  0  1  1  1  -255.000000  0.000000  -35.000000
  2571  0  0  0  1  1  1  -250.000000  0.000000  -35.000000
  2572  0  0  0  1  1  1  -255.000000  -5.000000  -35.000000
  2573  0  0  0  1  1  1  -255.000000  -10.000000  -35.000000
  2574  0  0  0  1  1  1  -250.000000  -5.000000  -35.000000
  2575  0  0  0  1  1  1  -250.000000  -10.000000  -35.000000
  2576  0  0  0  0  0  0  -250.000000  -10.000000  -30.000000
  2577  0  0  0  0  0  0  -200.000000  10.000000  -11.250000
  2578  0  0  0  0  0  0  -190.000000  10.000000  -6.000000
  2579  0  0  0  0  0  0  -210.000000  10.000000  -6.000000
  2580  0  0  0  0  0  0  -200.000000  -10.000000  -26.250000
  2581  0  0  0  0  0  0  -176.666672  -10.000000  -14.000000
  2582  0  0  0  0  0  0  -223.333328  -10.000000  -14.000000
  2583  0  0  0  0  0  0  -100.000000  10.000000  -11.250000
  2584  0  0  0  0  0  0  -90.000000  10.000000  -6.000000
  2585  0  0  0  0  0  0  -110.000000  10.000000  -6.000000
  2586  0  0  0  0  0  0  -100.000000  -10.000000  -26.250000
  2587  0  0  0  0  0  0  -76.666664  -10.000000  -14.000000
  2588  0  0  0  0  0  0  -123.333336  -10.000000  -14.000000
  2589  0  0  0  0  0  0  -50.000000  10.000000  -11.250000
  2590  0  0  0  0  0  0  -10.000000  10.000000  0.000000
  2591  0  0  0  0  0  0  -10.000000  5.000000  0.000000
  2592  0  0  0  0  0  0  -10.000000  0.000000  0.000000
  2593  0  0  0  0  0  0  -10.000000  -5.000000  0.000000
  2594  0  0  0  0  0  0  -10.000000  -10.000000  0.000000
  2595  0  0  0  0  0  0  -50.000000  -10.000000  -26.250000
  2596  0  0  0  0  0  0  -123.076920  -10.000000  -30.000000
  2597  0  0  0  0  0  0  -176.923080  -10.000000  -30.000000
  2598  0  0  0  0  0  0  -126.666664  -10.000000  -16.000000
  2599  0  0  0  0  0  0  -173.333328  -10.000000  -16.000000
  2600  0  0  0  1  1  1  11.500000  20.000000  120.000000
  2601  0  0  0  1  1  1  11.500000  15.000000  120.000000
  2602  0  0  0  1  1  1  11.500000  10.000000  120.000000
  2603  0  0  0  1  1  1  -11.500000  20.000000  120.000000
  2604  0  0  0  1  1  1  -11.500000  15.000000  120.000000
  2605  0  0  0  1  1  1  -11.500000  10.000000  120.000000
  2606  0  0  0  1  1  1  7.666667  20.000000  120.000000
  2607  0  0  0  1  1  1  -7.666667  20.000000  120.000000
  2608  0  0  0  1  1  1  3.833333  20.000000  120.000000
  2609  0  0  0  1  1  1  -3.833333  20.000000  120.000000
  2610  0  0  0  1  1  1  0.000000  20.000000  120.000000
  2611  0  0  0  1  1  1  7.666667  15.000000  120.000000
  2612  0  0  0  1  1  1  7.666667  10.000000  120.000000
  2613  0  0  0  1  1  1  -7.666667  15.000000  120.000000
  2614  0  0  0  1  1  1  -7.666667  10.000000  120.000000
  2615  0  0  0  1  1  1  3.833333  15.000000  120.000000
  2616  0  0  0  1  1  1  -3.833333  15.000000  120.000000
  2617  0  0  0  1  1  1  0.000000  15.000000  120.000000
  2618  0  0  0  1  1  1  3.833333  10.000000  120.000000
  2619  0  0  0  1  1  1  -3.833333  10.000000  120.000000
  2620  0  0  0  1  1  1  0.000000  10.000000  120.000000
  2621  0  0  0  0  0  0  -150.000000  10.000000  -30.000000
  2622  0  0  0  1  1  1  12.500000  -20.000000  100.000000
  2623  0  0  0  1  1  1  12.500000  -15.000000  100.000000
  2624  0  0  0  1  1  1  12.500000  -10.000000  100.000000
  2625  0  0  0  1  1  1  -12.500000  -20.000000  100.000000
  2626  0  0  0  1  1  1  -12.500000  -15.000000  100.000000
  2627  0  0  0  1  1  1  -12.500000  -10.000000  100.000000
  2628  0  0  0  1  1  1  8.333333  -20.000000  100.000000
  2629  0  0  0  1  1  1  -8.333333  -20.000000  100.000000
  2630  0  0  0  1  1  1  4.166667  -20.000000  100.000000
  2631  0  0  0  1  1  1  -4.166667  -20.000000  100.000000
  2632  0  0  0  1  1  1  0.000000  -20.000000  100.000000
  2633  0  0  0  1  1  1  8.333333  -15.000000  100.000000
  2634  0  0  0  1  1  1  8.333333  -10.000000  100.000000
  2635  0  0  0  1  1  1  -8.333333  -15.000000  100.000000
  2636  0  0  0  1  1  1  -8.333333  -10.000000  100.000000
  2637  0  0  0  1  1  1  4.166667  -15.000000  100.000000
  2638  0  0  0  1  1  1  -4.166667  -15.000000  100.000000
  2639  0  0  0  1  1  1  0.000000  -15.000000  100.000000
  2640  0  0  0  1  1  1  4.166667  -10.000000  100.000000
  2641  0  0  0  1  1  1  -4.166667  -10.000000  100.000000
  2642  0  0  0  1  1  1  0.000000  -10.000000  100.000000
  2643  0  0  0  1  1  1  280.000000  10.000000  -30.000000
  2644  0  0  0  1  1  1  280.000000  5.000000  -30.000000
  2645  0  0  0  1  1  1  280.000000  0.000000  -30.000000
  2646  0  0  0  1  1  1  280.000000  -5.000000  -30.000000
  2647  0  0  0  1  1  1  280.000000  -10.000000  -30.000000
  2648  0  0  0  1  1  1  280.000000  10.000000  -25.000000
  2649  0  0  0  1  1  1  280.000000  5.000000  -25.000000
  2650  0  0  0  1  1  1  280.000000  0.000000  -25.000000
  2651  0  0  0  1  1  1  280.000000  -5.000000  -25.000000
  2652  0  0  0  1  1  1  280.000000  -10.000000  -25.000000
  2653  0  0  0  1  1  1  280.000000  10.000000  -20.000000
  2654  0  0  0  1  1  1  280.000000  10.000000  -15.000000
  2655  0  0  0  1  1  1  280.000000  10.000000  -10.000000
  2656  0  0  0  1  1  1  280.000000  10.000000  -5.000000
  2657  0  0  0  1  1  1  280.000000  10.000000  0.000000
  2658  0  0  0  1  1  1  280.000000  5.000000  -20.000000
  2659  0  0  0  1  1  1  280.000000  0.000000  -20.000000
  2660  0  0  0  1  1  1  280.000000  -5.000000  -20.000000
  2661  0  0  0  1  1  1  280.000000  -10.000000  -20.000000
  2662  0  0  0  1  1  1  280.000000  5.000000  -15.000000
  2663  0  0  0  1  1  1  280.000000  5.000000  -10.000000
  2664  0  0  0  1  1  1  280.000000  5.000000  -5.000000
  2665  0  0  0  1  1  1  280.000000  5.000000  0.000000
  2666  0  0  0  1  1  1  280.000000  0.000000  -15.000000
  2667  0  0  0  1  1  1  280.000000  -5.000000  -15.000000
  2668  0  0  0  1  1  1  280.000000  -10.000000  -15.000000
  2669  0  0  0  1  1  1  280.000000  0.000000  -10.000000
  2670  0  0  0  1  1  1  280.000000  0.000000  -5.000000
  2671  0  0  0  1  1  1  280.000000  0.000000  0.000000
  2672  0  0  0  1  1  1  280.000000  -5.000000  -10.000000
  2673  0  0  0  1  1  1  280.000000  -10.000000  -10.000000
  2674  0  0  0  1  1  1  280.000000  -5.000000  -5.000000
  2675  0  0  0  1  1  1  280.000000  -5.000000  0.000000
  2676  0  0  0  1  1  1  280.000000  -10.000000  -5.000000
  2677  0  0  0  1  1  1  280.000000  -10.000000  0.000000
  2678  0  0  0  1  1  1  275.000000  10.000000  -30.000000
  2679  0  0  0  1  1  1  275.000000  5.000000  -30.000000
  2680  0  0  0  1  1  1  275.000000  0.000000  -30.000000
  2681  0  0  0  1  1  1  275.000000  -5.000000  -30.000000
  2682  0  0  0  1  1  1  275.000000  -10.000000  -30.000000
  2683  0  0  0  1  1  1  270.000000  10.000000  -30.000000
  2684  0  0  0  1  1  1  270.000000  5.000000  -30.000000
  2685  0  0  0  1  1  1  270.000000  0.000000  -30.000000
  2686  0  0  0  1  1  1  270.000000  -5.000000  -30.000000
  2687  0  0  0  1  1  1  270.000000  -10.000000  -30.000000
  2688  0  0  0  1  1  1  265.000000  10.000000  -30.000000
  2689  0  0  0  1  1  1  260.000000  10.000000  -30.000000
  2690  0  0  0  1  1  1  255.000000  10.000000  -30.000000
  2691  0  0  0  1  1  1  250.000000  10.000000  -30.000000
  2692  0  0  0  1  1  1  265.000000  5.000000  -30.000000
  2693  0  0  0  1  1  1  265.000000  0.000000  -30.000000
  2694  0  0  0  1  1  1  265.000000  -5.000000  -30.000000
  2695  0  0  0  1  1  1  265.000000  -10.000000  -30.000000
  2696  0  0  0  1  1  1  260.000000  5.000000  -30.000000
  2697  0  0  0  1  1  1  255.000000  5.000000  -30.000000
  2698  0  0  0  1  1  1  250.000000  5.000000  -30.000000
  2699  0  0  0  1  1  1  260.000000  0.000000  -30.000000
  2700  0  0  0  1  1  1  260.000000  -5.000000  -30.000000
  2701  0  0  0  1  1  1  260.000000  -10.000000  -30.000000
  2702  0  0  0  1  1  1  255.000000  0.000000  -30.000000
  2703  0  0  0  1  1  1  250.000000  0.000000  -30.000000
  2704  0  0  0  1  1  1  255.000000  -5.000000  -30.000000
  2705  0  0  0  1  1  1  255.000000  -10.000000  -30.000000
  2706  0  0  0  1  1  1  250.000000  -5.000000  -30.000000
  2707  0  0  0  1  1  1  250.000000  -10.000000  -30.000000
  2708  0  0  0  0  0  0  206.666672  10.000000  -4.000000
  2709  0  0  0  0  0  0  200.000000  10.000000  -7.500000
  2710  0  0  0  0  0  0  193.333328  10.000000  -4.000000
  2711  0  0  0  0  0  0  220.000000  -10.000000  -12.000000
  2712  0  0  0  0  0  0  200.000000  -10.000000  -22.500000
  2713  0  0  0  0  0  0  180.000000  -10.000000  -12.000000
  2714  0  0  0  0  0  0  150.000000  10.000000  -7.500000
  2715  0  0  0  0  0  0  150.000000  -10.000000  -22.500000
  2716  0  0  0  0  0  0  106.666664  10.000000  -4.000000
  2717  0  0  0  0  0  0  100.000000  10.000000  -7.500000
  2718  0  0  0  0  0  0  93.333336  10.000000  -4.000000
  2719  0  0  0  0  0  0  120.000000  -10.000000  -12.000000
  2720  0  0  0  0  0  0  100.000000  -10.000000  -22.500000
  2721  0  0  0  0  0  0  80.000000  -10.000000  -12.000000
  2722  0  0  0  0  0  0  50.000000  10.000000  -7.500000
  2723  0  0  0  0  0  0  15.000000  10.000000  0.000000
  2724  0  0  0  0  0  0  15.000000  5.000000  0.000000
  2725  0  0  0  0  0  0  15.000000  0.000000  0.000000
  2726  0  0  0  0  0  0  15.000000  -5.000000  0.000000
  2727  0  0  0  0  0  0  15.000000  -10.000000  0.000000
  2728  0  0  0  0  0  0  50.000000  -10.000000  -22.500000
  2729  0  0  0  1  1  1  -280.000000  10.000000  -30.000000
  2730  0  0  0  1  1  1  -280.000000  5.000000  -30.000000
  2731  0  0  0  1  1  1  -280.000000  0.000000  -30.000000
  2732  0  0  0  1  1  1  -280.000000  -5.000000  -30.000000
  2733  0  0  0  1  1  1  -280.000000  -10.000000  -30.000000
  2734  0  0  0  1  1  1  -280.000000  10.000000  -25.000000
  2735  0  0  0  1  1  1  -280.000000  5.000000  -25.000000
  2736  0  0  0  1  1  1  -280.000000  0.000000  -25.000000
  2737  0  0  0  1  1  1  -280.000000  -5.000000  -25.000000
  2738  0  0  0  1  1  1  -280.000000  -10.000000  -25.000000
  2739  0  0  0  1  1  1  -280.000000  10.000000  -20.000000
  2740  0  0  0  1  1  1  -280.000000  10.000000  -15.000000
  2741  0  0  0  1  1  1  -280.000000  10.000000  -10.000000
  2742  0  0  0  1  1  1  -280.000000  10.000000  -5.000000
  2743  0  0  0  1  1  1  -280.000000  10.000000  0.000000
  2744  0  0  0  1  1  1  -280.000000  5.000000  -20.000000
  2745  0  0  0  1  1  1  -280.000000  0.000000  -20.000000
  2746  0  0  0  1  1  1  -280.000000  -5.000000  -20.000000
  2747  0  0  0  1  1  1  -280.000000  -10.000000  -20.000000
  2748  0  0  0  1  1  1  -280.000000  5.000000  -15.000000
  2749  0  0  0  1  1  1  -280.000000  5.000000  -10.000000
  2750  0  0  0  1  1  1  -280.000000  5.000000  -5.000000
  2751  0  0  0  1  1  1  -280.000000  5.000000  0.000000
  2752  0  0  0  1  1  1  -280.000000  0.000000  -15.000000
  2753  0  0  0  1  1  1  -280.000000  -5.000000  -15.000000
  2754  0  0  0  1  1  1  -280.000000  -10.000000  -15.000000
  2755  0  0  0  1  1  1  -280.000000  0.000000  -10.000000
  2756  0  0  0  1  1  1  -280.000000  0.000000  -5.000000
  2757  0  0  0  1  1  1  -280.000000  0.000000  0.000000
  2758  0  0  0  1  1  1  -280.000000  -5.000000  -10.000000
  2759  0  0  0  1  1  1  -280.000000  -10.000000  -10.000000
  2760  0  0  0  1  1  1  -280.000000  -5.000000  -5.000000
  2761  0  0  0  1  1  1  -280.000000  -5.000000  0.000000
  2762  0  0  0  1  1  1  -280.000000  -10.000000  -5.000000
  2763  0  0  0  1  1  1  -280.000000  -10.000000  0.000000
  2764  0  0  0  1  1  1  -275.000000  10.000000  -30.000000
  2765  0  0  0  1  1  1  -275.000000  5.000000  -30.000000
  2766  0  0  0  1  1  1  -275.000000  0.000000  -30.000000
  2767  0  0  0  1  1  1  -275.000000  -5.000000  -30.000000
  2768  0  0  0  1  1  1  -275.000000  -10.000000  -30.000000
  2769  0  0  0  1  1  1  -270.000000  10.000000  -30.000000
  2770  0  0  0  1  1  1  -270.000000  5.000000  -30.000000
  2771  0  0  0  1  1  1  -270.000000  0.000000  -30.000000
  2772  0  0  0  1  1  1  -270.000000  -5.000000  -30.000000
  2773  0  0  0  1  1  1  -270.000000  -10.000000  -30.000000
  2774  0  0  0  1  1  1  -265.000000  10.000000  -30.000000
  2775  0  0  0  1  1  1  -260.000000  10.000000  -30.000000
  2776  0  0  0  1  1  1  -255.000000  10.000000  -30.000000
  2777  0  0  0  1  1  1  -250.000000  10.000000  -30.000000
  2778  0  0  0  1  1  1  -265.000000  5.000000  -30.000000
  2779  0  0  0  1  1  1  -265.000000  0.000000  -30.000000
  2780  0  0  0  1  1  1  -265.000000  -5.000000  -30.000000
  2781  0  0  0  1  1  1  -265.000000  -10.000000  -30.000000
  2782  0  0  0  1  1  1  -260.000000  5.000000  -30.000000
  2783  0  0  0  1  1  1  -255.000000  5.000000  -30.000000
  2784  0  0  0  1  1  1  -250.000000  5.000000  -30.000000
  2785  0  0  0  1  1  1  -260.000000  0.000000  -30.000000
  2786  0  0  0  1  1  1  -260.000000  -5.000000  -30.000000
  2787  0  0  0  1  1  1  -260.000000  -10.000000  -30.000000
  2788  0  0  0  1  1  1  -255.000000  0.000000  -30.000000
  2789  0  0  0  1  1  1  -250.000000  0.000000  -30.000000
  2790  0  0  0  1  1  1  -255.000000  -5.000000  -30.000000
  2791  0  0  0  1  1  1  -255.000000  -10.000000  -30.000000
  2792  0  0  0  1  1  1  -250.000000  -5.000000  -30.000000
  2793  0  0  0  1  1  1  -250.000000  -10.000000  -30.000000
  2794  0  0  0  0  0  0  -200.000000  10.000000  -7.500000
  2795  0  0  0  0  0  0  -193.333328  10.000000  -4.000000
  2796  0  0  0  0  0  0  -206.666672  10.000000  -4.000000
  2797  0  0  0  0  0  0  -200.000000  -10.000000  -22.500000
  2798  0  0  0  0  0  0  -180.000000  -10.000000  -12.000000
  2799  0  0  0  0  0  0  -220.000000  -10.000000  -12.000000
  2800  0  0  0  0  0  0  -100.000000  10.000000  -7.500000
  2801  0  0  0  0  0  0  -93.333336  10.000000  -4.000000
  2802  0  0  0  0  0  0  -106.666664  10.000000  -4.000000
  2803  0  0  0  0  0  0  -100.000000  -10.000000  -22.500000
  2804  0  0  0  0  0  0  -80.000000  -10.000000  -12.000000
  2805  0  0  0  0  0  0  -120.000000  -10.000000  -12.000000
  2806  0  0  0  0  0  0  -50.000000  10.000000  -7.500000
  2807  0  0  0  0  0  0  -15.000000  10.000000  0.000000
  2808  0  0  0  0  0  0  -15.000000  5.000000  0.000000
  2809  0  0  0  0  0  0  -15.000000  0.000000  0.000000
  2810  0  0  0  0  0  0  -15.000000  -5.000000  0.000000
  2811  0  0  0  0  0  0  -15.000000  -10.000000  0.000000
  2812  0  0  0  0  0  0  -50.000000  -10.000000  -22.500000
  2813  0  0  0  0  0  0  -126.923080  -10.000000  -30.000000
  2814  0  0  0  0  0  0  -173.076920  -10.000000  -30.000000
  2815  0  0  0  0  0  0  -130.000000  -10.000000  -18.000000
  2816  0  0  0  0  0  0  -170.000000  -10.000000  -18.000000
  2817  0  0  0  1  1  1  11.250000  20.000000  125.000000
  2818  0  0  0  1  1  1  11.250000  15.000000  125.000000
  2819  0  0  0  1  1  1  11.250000  10.000000  125.000000
  2820  0  0  0  1  1  1  -11.250000  20.000000  125.000000
  2821  0  0  0  1  1  1  -11.250000  15.000000  125.000000
  2822  0  0  0  1  1  1  -11.250000  10.000000  125.000000
  2823  0  0  0  1  1  1  7.500000  20.000000  125.000000
  2824  0  0  0  1  1  1  -7.500000  20.000000  125.000000
  2825  0  0  0  1  1  1  3.750000  20.000000  125.000000
  2826  0  0  0  1  1  1  -3.750000  20.000000  125.000000
  2827  0  0  0  1  1  1  0.000000  20.000000  125.000000
  2828  0  0  0  1  1  1  7.500000  15.000000  125.000000
  2829  0  0  0  1  1  1  7.500000  10.000000  125.000000
  2830  0  0  0  1  1  1  -7.500000  15.000000  125.000000
  2831  0  0  0  1  1  1  -7.500000  10.000000  125.000000
  2832  0  0  0  1  1  1  3.750000  15.000000  125.000000
  2833  0  0  0  1  1  1  -3.750000  15.000000  125.000000
  2834  0  0  0  1  1  1  0.000000  15.000000  125.000000
  2835  0  0  0  1  1  1  3.750000  10.000000  125.000000
  2836  0  0  0  1  1  1  -3.750000  10.000000  125.000000
  2837  0  0  0  1  1  1  0.000000  10.000000  125.000000
  2838  0  0  0  0  0  0  -150.000000  10.000000  -26.250000
  2839  0  0  0  1  1  1  12.250000  -20.000000  105.000000
  2840  0  0  0  1  1  1  12.250000  -15.000000  105.000000
  2841  0  0  0  1  1  1  12.250000  -10.000000  105.000000
  2842  0  0  0  1  1  1  -12.250000  -20.000000  105.000000
  2843  0  0  0  1  1  1  -12.250000  -15.000000  105.000000
  2844  0  0  0  1  1  1  -12.250000  -10.000000  105.000000
  2845  0  0  0  1  1  1  8.166667  -20.000000  105.000000
  2846  0  0  0  1  1  1  -8.166667  -20.000000  105.000000
  2847  0  0  0  1  1  1  4.083333  -20.000000  105.000000
  2848  0  0  0  1  1  1  -4.083333  -20.000000  105.000000
  2849  0  0  0  1  1  1  0.000000  -20.000000  105.000000
  2850  0  0  0  1  1  1  8.166667  -15.000000  105.000000
  2851  0  0  0  1  1  1  8.166667  -10.000000  105.000000
  2852  0  0  0  1  1  1  -8.166667  -15.000000  105.000000
  2853  0  0  0  1  1  1  -8.166667  -10.000000  105.000000
  2854  0  0  0  1  1  1  4.083333  -15.000000  105.000000
  2855  0  0  0  1  1  1  -4.083333  -15.000000  105.000000
  2856  0  0  0  1  1  1  0.000000  -15.000000  105.000000
  2857  0  0  0  1  1  1  4.083333  -10.000000  105.000000
  2858  0  0  0  1  1  1  -4.083333  -10.000000  105.000000
  2859  0  0  0  1  1  1  0.000000  -10.000000  105.000000
  2860  0  0  0  1  1  1  275.000000  10.000000  -25.000000
  2861  0  0  0  1  1  1  275.000000  5.000000  -25.000000
  2862  0  0  0  1  1  1  275.000000  0.000000  -25.000000
  2863  0  0  0  1  1  1  275.000000  -5.000000  -25.000000
  2864  0  0  0  1  1  1  275.000000  -10.000000  -25.000000
  2865  0  0  0  1  1  1  275.000000  10.000000  -20.000000
  2866  0  0  0  1  1  1  275.000000  10.000000  -15.000000
  2867  0  0  0  1  1  1  275.000000  10.000000  -10.000000
  2868  0  0  0  1  1  1  275.000000  10.000000  -5.000000
  2869  0  0  0  1  1  1  275.000000  10.000000  0.000000
  2870  0  0  0  1  1  1  275.000000  5.000000  -20.000000
  2871  0  0  0  1  1  1  275.000000  0.000000  -20.000000
  2872  0  0  0  1  1  1  275.000000  -5.000000  -20.000000
  2873  0  0  0  1  1  1  275.000000  -10.000000  -20.000000
  2874  0  0  0  1  1  1  275.000000  5.000000  -15.000000
  2875  0  0  0  1  1  1  275.000000  5.000000  -10.000000
  2876  0  0  0  1  1  1  275.000000  5.000000  -5.000000
  2877  0  0  0  1  1  1  275.000000  5.000000  0.000000
  2878  0  0  0  1  1  1  275.000000  0.000000  -15.000000
  2879  0  0  0  1  1  1  275.000000  -5.000000  -15.000000
  2880  0  0  0  1  1  1  275.000000  -10.000000  -15.000000
  2881  0  0  0  1  1  1  275.000000  0.000000  -10.000000
  2882  0  0  0  1  1  1  275.000000  0.000000  -5.000000
  2883  0  0  0  1  1  1  275.000000  0.000000  0.000000
  2884  0  0  0  1  1  1  275.000000  -5.000000  -10.000000
  2885  0  0  0  1  1  1  275.000000  -10.000000  -10.000000
  2886  0  0  0  1  1  1  275.000000  -5.000000  -5.000000
  2887  0  0  0  1  1  1  275.000000  -5.000000  0.000000
  2888  0  0  0  1  1  1  275.000000  -10.000000  -5.000000
  2889  0  0  0  1  1  1  275.000000  -10.000000  0.000000
  2890  0  0  0  1  1  1  270.000000  10.000000  -25.000000
  2891  0  0  0  1  1  1  270.000000  5.000000  -25.000000
  2892  0  0  0  1  1  1  270.000000  0.000000  -25.000000
  2893  0  0  0  1  1  1  270.000000  -5.000000  -25.000000
  2894  0  0  0  1  1  1  270.000000  -10.000000  -25.000000
  2895  0  0  0  1  1  1  265.000000  10.000000  -25.000000
  2896  0  0  0  1  1  1  260.000000  10.000000  -25.000000
  2897  0  0  0  1  1  1  255.000000  10.000000  -25.000000
  2898  0  0  0  1  1  1  250.000000  10.000000  -25.000000
  2899  0  0  0  1  1  1  265.000000  5.000000  -25.000000
  2900  0  0  0  1  1  1  265.000000  0.000000  -25.000000
  2901  0  0  0  1  1  1  265.000000  -5.000000  -25.000000
  2902  0  0  0  1  1  1  265.000000  -10.000000  -25.000000
  2903  0  0  0  1  1  1  260.000000  5.000000  -25.000000
  2904  0  0  0  1  1  1  255.000000  5.000000  -25.000000
  2905  0  0  0  1  1  1  250.000000  5.000000  -25.000000
  2906  0  0  0  1  1  1  260.000000  0.000000  -25.000000
  2907  0  0  0  1  1  1  260.000000  -5.000000  -25.000000
  2908  0  0  0  1  1  1  260.000000  -10.000000  -25.000000
  2909  0  0  0  1  1  1  255.000000  0.000000  -25.000000
  2910  0  0  0  1  1  1  250.000000  0.000000  -25.000000
  2911  0  0  0  1  1  1  255.000000  -5.000000  -25.000000
  2912  0  0  0  1  1  1  255.000000  -10.000000  -25.000000
  2913  0  0  0  1  1  1  250.000000  -5.000000  -25.000000
  2914  0  0  0  1  1  1  250.000000  -10.000000  -25.000000
  2915  0  0  0  0  0  0  203.333328  10.000000  -2.000000
  2916  0  0  0  0  0  0  200.000000  10.000000  -3.750000
  2917  0  0  0  0  0  0  196.666672  10.000000  -2.000000
  2918  0  0  0  0  0  0  216.666672  -10.000000  -10.000000
  2919  0  0  0  0  0  0  200.000000  -10.000000  -18.750000
  2920  0  0  0  0  0  0  183.333328  -10.000000  -10.000000
  2921  0  0  0  0  0  0  150.000000  10.000000  -3.750000
  2922  0  0  0  0  0  0  150.000000  -10.000000  -18.750000
  2923  0  0  0  0  0  0  103.333336  10.000000  -2.000000
  2924  0  0  0  0  0  0  100.000000  10.000000  -3.750000
  2925  0  0  0  0  0  0  96.666664  10.000000  -2.000000
  2926  0  0  0  0  0  0  116.666664  -10.000000  -10.000000
  2927  0  0  0  0  0  0  100.000000  -10.000000  -18.750000
  2928  0  0  0  0  0  0  83.333336  -10.000000  -10.000000
  2929  0  0  0  0  0  0  50.000000  10.000000  -3.750000
  2930  0  0  0  0  0  0  20.000000  10.000000  0.000000
  2931  0  0  0  0  0  0  20.000000  5.000000  0.000000
  2932  0  0  0  0  0  0  20.000000  0.000000  0.000000
  2933  0  0  0  0  0  0  20.000000  -5.000000  0.000000
  2934  0  0  0  0  0  0  20.000000  -10.000000  0.000000
  2935  0  0  0  0  0  0  50.000000  -10.000000  -18.750000
  2936  0  0  0  1  1  1  -275.000000  10.000000  -25.000000
  2937  0  0  0  1  1  1  -275.000000  5.000000  -25.000000
  2938  0  0  0  1  1  1  -275.000000  0.000000  -25.000000
  2939  0  0  0  1  1  1  -275.000000  -5.000000  -25.000000
  2940  0  0  0  1  1  1  -275.000000  -10.000000  -25.000000
  2941  0  0  0  1  1  1  -275.000000  10.000000  -20.000000
  2942  0  0  0  1  1  1  -275.000000  10.000000  -15.000000
  2943  0  0  0  1  1  1  -275.000000  10.000000  -10.000000
  2944  0  0  0  1  1  1  -275.000000  10.000000  -5.000000
  2945  0  0  0  1  1  1  -275.000000  10.000000  0.000000
  2946  0  0  0  1  1  1  -275.000000  5.000000  -20.000000
  2947  0  0  0  1  1  1  -275.000000  0.000000  -20.000000
  2948  0  0  0  1  1  1  -275.000000  -5.000000  -20.000000
  2949  0  0  0  1  1  1  -275.000000  -10.000000  -20.000000
  2950  0  0  0  1  1  1  -275.000000  5.000000  -15.000000
  2951  0  0  0  1  1  1  -275.000000  5.000000  -10.000000
  2952  0  0  0  1  1  1  -275.000000  5.000000  -5.000000
  2953  0  0  0  1  1  1  -275.000000  5.000000  0.000000
  2954  0  0  0  1  1  1  -275.000000  0.000000  -15.000000
  2955  0  0  0  1  1  1  -275.000000  -5.000000  -15.000000
  2956  0  0  0  1  1  1  -275.000000  -10.000000  -15.000000
  2957  0  0  0  1  1  1  -275.000000  0.000000  -10.000000
  2958  0  0  0  1  1  1  -275.000000  0.000000  -5.000000
  2959  0  0  0  1  1  1  -275.000000  0.000000  0.000000
  2960  0  0  0  1  1  1  -275.000000  -5.000000  -10.000000
  2961  0  0  0  1  1  1  -275.000000  -10.000000  -10.000000
  2962  0  0  0  1  1  1  -275.000000  -5.000000  -5.000000
  2963  0  0  0  1  1  1  -275.000000  -5.000000  0.000000
  2964  0  0  0  1  1  1  -275.000000  -10.000000  -5.000000
  2965  0  0  0  1  1  1  -275.000000  -10.000000  0.000000
  2966  0  0  0  1  1  1  -270.000000  10.000000  -25.000000
  2967  0  0  0  1  1  1  -270.000000  5.000000  -25.000000
  2968  0  0  0  1  1  1  -270.000000  0.000000  -25.000000
  2969  0  0  0  1  1  1  -270.000000  -5.000000  -25.000000
  2970  0  0  0  1  1  1  -270.000000  -10.000000  -25.000000
  2971  0  0  0  1  1  1  -265.000000  10.000000  -25.000000
  2972  0  0  0  1  1  1  -260.000000  10.000000  -25.000000
  2973  0  0  0  1  1  1  -255.000000  10.000000  -25.000000
  2974  0  0  0  1  1  1  -250.000000  10.000000  -25.000000
  2975  0  0  0  1  1  1  -265.000000  5.000000  -25.000000
  2976  0  0  0  1  1  1  -265.000000  0.000000  -25.000000
  2977  0  0  0  1  1  1  -265.000000  -5.000000  -25.000000
  2978  0  0  0  1  1  1  -265.000000  -10.000000  -25.000000
  2979  0  0  0  1  1  1  -260.000000  5.000000  -25.000000
  2980  0  0  0  1  1  1  -255.000000  5.000000  -25.000000
  2981  0  0  0  1  1  1  -250.000000  5.000000  -25.000000
  2982  0  0  0  1  1  1  -260.000000  0.000000  -25.000000
  2983  0  0  0  1  1  1  -260.000000  -5.000000  -25.000000
  2984  0  0  0  1  1  1  -260.000000  -10.000000  -25.000000
  2985  0  0  0  1  1  1  -255.000000  0.000000  -25.000000
  2986  0  0  0  1  1  1  -250.000000  0.000000  -25.000000
  2987  0  0  0  1  1  1  -255.000000  -5.000000  -25.000000
  2988  0  0  0  1  1  1  -255.000000  -10.000000  -25.000000
  2989  0  0  0  1  1  1  -250.000000  -5.000000  -25.000000
  2990  0  0  0  1  1  1  -250.000000  -10.000000  -25.000000
  2991  0  0  0  0  0  0  -200.000000  10.000000  -3.750000
  2992  0  0  0  0  0  0  -196.666672  10.000000  -2.000000
  2993  0  0  0  0  0  0  -203.333328  10.000000  -2.000000
  2994  0  0  0  0  0  0  -200.000000  -10.000000  -18.750000
  2995  0  0  0  0  0  0  -183.333328  -10.000000  -10.000000
  2996  0  0  0  0  0  0  -216.666672  -10.000000  -10.000000
  2997  0  0  0  0  0  0  -100.000000  10.000000  -3.750000
  2998  0  0  0  0  0  0  -96.666664  10.000000  -2.000000
  2999  0  0  0  0  0  0  -103.333336  10.000000  -2.000000
  3000  0  0  0  0  0  0  -100.000000  -10.000000  -18.750000
  3001  0  0  0  0  0  0  -83.333336  -10.000000  -10.000000
  3002  0  0  0  0  0  0  -116.666664  -10.000000  -10.000000
  3003  0  0  0  0  0  0  -50.000000  10.000000  -3.750000
  3004  0  0  0  0  0  0  -20.000000  10.000000  0.000000
  3005  0  0  0  0  0  0  -20.000000  5.000000  0.000000
  3006  0  0  0  0  0  0  -20.000000  0.000000  0.000000
  3007  0  0  0  0  0  0  -20.000000  -5.000000  0.000000
  3008  0  0  0  0  0  0  -20.000000  -10.000000  0.000000
  3009  0  0  0  0  0  0  -50.000000  -10.000000  -18.750000
  3010  0  0  0  0  0  0  -130.769226  -10.000000  -30.000000
  3011  0  0  0  0  0  0  -169.230774  -10.000000  -30.000000
  3012  0  0  0  0  0  0  -133.333328  -10.000000  -20.000000
  3013  0  0  0  0  0  0  -166.666672  -10.000000  -20.000000
  3014  0  0  0  1  1  1  11.000000  20.000000  130.000000
  3015  0  0  0  1  1  1  11.000000  15.000000  130.000000
  3016  0  0  0  1  1  1  11.000000  10.000000  130.000000
  3017  0  0  0  1  1  1  -11.000000  20.000000  130.000000
  3018  0  0  0  1  1  1  -11.000000  15.000000  130.000000
  3019  0  0  0  1  1  1  -11.000000  10.000000  130.000000
  3020  0  0  0  1  1  1  7.333333  20.000000  130.000000
  3021  0  0  0  1  1  1  -7.333333  20.000000  130.000000
  3022  0  0  0  1  1  1  3.666667  20.000000  130.000000
  3023  0  0  0  1  1  1  -3.666667  20.000000  130.000000
  3024  0  0  0  1  1  1  0.000000  20.000000  130.000000
  3025  0  0  0  1  1  1  7.333333  15.000000  130.000000
  3026  0  0  0  1  1  1  7.333333  10.000000  130.000000
  3027  0  0  0  1  1  1  -7.333333  15.000000  130.000000
  3028  0  0  0  1  1  1  -7.333333  10.000000  130.000000
  3029  0  0  0  1  1  1  3.666667  15.000000  130.000000
  3030  0  0  0  1  1  1  -3.666667  15.000000  130.000000
  3031  0  0  0  1  1  1  0.000000  15.000000  130.000000
  3032  0  0  0  1  1  1  3.666667  10.000000  130.000000
  3033  0  0  0  1  1  1  -3.666667  10.000000  130.000000
  3034  0  0  0  1  1  1  0.000000  10.000000  130.000000
  3035  0  0  0  0  0  0  -150.000000  10.000000  -22.500000
  3036  0  0  0  1  1  1  12.000000  -20.000000  110.000000
  3037  0  0  0  1  1  1  12.000000  -15.000000  110.000000
  3038  0  0  0  1  1  1  12.000000  -10.000000  110.000000
  3039  0  0  0  1  1  1  -12.000000  -20.000000  110.000000
  3040  0  0  0  1  1  1  -12.000000  -15.000000  110.000000
  3041  0  0  0  1  1  1  -12.000000  -10.000000  110.000000
  3042  0  0  0  1  1  1  8.000000  -20.000000  110.000000
  3043  0  0  0  1  1  1  -8.000000  -20.000000  110.000000
  3044  0  0  0  1  1  1  4.000000  -20.000000  110.000000
  3045  0  0  0  1  1  1  -4.000000  -20.000000  110.000000
  3046  0  0  0  1  1  1  0.000000  -20.000000  110.000000
  3047  0  0  0  1  1  1  8.000000  -15.000000  110.000000
  3048  0  0  0  1  1  1  8.000000  -10.000000  110.000000
  3049  0  0  0  1  1  1  -8.000000  -15.000000  110.000000
  3050  0  0  0  1  1  1  -8.000000  -10.000000  110.000000
  3051  0  0  0  1  1  1  4.000000  -15.000000  110.000000
  3052  0  0  0  1  1  1  -4.000000  -15.000000  110.000000
  3053  0  0  0  1  1  1  0.000000  -15.000000  110.000000
  3054  0  0  0  1  1  1  4.000000  -10.000000  110.000000
  3055  0  0  0  1  1  1  -4.000000  -10.000000  110.000000
  3056  0  0  0  1  1  1  0.000000  -10.000000  110.000000
  3057  0  0  0  1  1  1  270.000000  10.000000  -20.000000
  3058  0  0  0  1  1  1  270.000000  10.000000  -15.000000
  3059  0  0  0  1  1  1  270.000000  10.000000  -10.000000
  3060  0  0  0  1  1  1  270.000000  10.000000  -5.000000
  3061  0  0  0  1  1  1  270.000000  10.000000  0.000000
  3062  0  0  0  1  1  1  270.000000  5.000000  -20.000000
  3063  0  0  0  1  1  1  270.000000  0.000000  -20.000000
  3064  0  0  0  1  1  1  270.000000  -5.000000  -20.000000
  3065  0  0  0  1  1  1  270.000000  -10.000000  -20.000000
  3066  0  0  0  1  1  1  265.000000  10.000000  -20.000000
  3067  0  0  0  1  1  1  260.000000  10.000000  -20.000000
  3068  0  0  0  1  1  1  255.000000  10.000000  -20.000000
  3069  0  0  0  1  1  1  250.000000  10.000000  -20.000000
  3070  0  0  0  1  1  1  270.000000  5.000000  -15.000000
  3071  0  0  0  1  1  1  270.000000  5.000000  -10.000000
  3072  0  0  0  1  1  1  270.000000  5.000000  -5.000000
  3073  0  0  0  1  1  1  270.000000  5.000000  0.000000
  3074  0  0  0  1  1  1  270.000000  0.000000  -15.000000
  3075  0  0  0  1  1  1  270.000000  -5.000000  -15.000000
  3076  0  0  0  1  1  1  270.000000  -10.000000  -15.000000
  3077  0  0  0  1  1  1  270.000000  0.000000  -10.000000
  3078  0  0  0  1  1  1  270.000000  0.000000  -5.000000
  3079  0  0  0  1  1  1  270.000000  0.000000  0.000000
  3080  0  0  0  1  1  1  270.000000  -5.000000  -10.000000
  3081  0  0  0  1  1  1  270.000000  -10.000000  -10.000000
  3082  0  0  0  1  1  1  270.000000  -5.000000  -5.000000
  3083  0  0  0  1  1  1  270.000000  -5.000000  0.000000
  3084  0  0  0  1  1  1  270.000000  -10.000000  -5.000000
  3085  0  0  0  1  1  1  270.000000  -10.000000  0.000000
  3086  0  0  0  1  1  1  265.000000  5.000000  -20.000000
  3087  0  0  0  1  1  1  265.000000  0.000000  -20.000000
  3088  0  0  0  1  1  1  265.000000  -5.000000  -20.000000
  3089  0  0  0  1  1  1  265.000000  -10.000000  -20.000000
  3090  0  0  0  1  1  1  260.000000  5.000000  -20.000000
  3091  0  0  0  1  1  1  255.000000  5.000000  -20.000000
  3092  0  0  0  1  1  1  250.000000  5.000000  -20.000000
  3093  0  0  0  1  1  1  260.000000  0.000000  -20.000000
  3094  0  0  0  1  1  1  260.000000  -5.000000  -20.000000
  3095  0  0  0  1  1  1  260.000000  -10.000000  -20.000000
  3096  0  0  0  1  1  1  255.000000  0.000000  -20.000000
  3097  0  0  0  1  1  1  250.000000  0.000000  -20.000000
  3098  0  0  0  1  1  1  255.000000  -5.000000  -20.000000
  3099  0  0  0  1  1  1  255.000000  -10.000000  -20.000000
  3100  0  0  0  1  1  1  250.000000  -5.000000  -20.000000
  3101  0  0  0  1  1  1  250.000000  -10.000000  -20.000000
  3102  0  0  0  1  1  1  265.000000  10.000000  -15.000000
  3103  0  0  0  1  1  1  265.000000  10.000000  -10.000000
  3104  0  0  0  1  1  1  265.000000  10.000000  -5.000000
  3105  0  0  0  1  1  1  265.000000  10.000000  0.000000
  3106  0  0  0  1  1  1  260.000000  10.000000  -15.000000
  3107  0  0  0  1  1  1  255.000000  10.000000  -15.000000
  3108  0  0  0  1  1  1  250.000000  10.000000  -15.000000
  3109  0  0  0  1  1  1  260.000000  10.000000  -10.000000
  3110  0  0  0  1  1  1  260.000000  10.000000  -5.000000
  3111  0  0  0  1  1  1  260.000000  10.000000  0.000000
  3112  0  0  0  1  1  1  255.000000  10.000000  -10.000000
  3113  0  0  0  1  1  1  250.000000  10.000000  -10.000000
  3114  0  0  0  1  1  1  255.000000  10.000000  -5.000000
  3115  0  0  0  1  1  1  255.000000  10.000000  0.000000
  3116  0  0  0  1  1  1  250.000000  10.000000  -5.000000
  3117  0  0  0  1  1  1  250.000000  10.000000  0.000000
  3118  0  0  0  0  0  0  200.000000  10.000000  0.000000
  3119  0  0  0  0  0  0  225.000000  10.000000  0.000000
  3120  0  0  0  0  0  0  225.000000  5.000000  0.000000
  3121  0  0  0  0  0  0  225.000000  0.000000  0.000000
  3122  0  0  0  0  0  0  225.000000  -5.000000  0.000000
  3123  0  0  0  0  0  0  225.000000  -10.000000  0.000000
  3124  0  0  0  0  0  0  213.333328  -10.000000  -8.000000
  3125  0  0  0  0  0  0  200.000000  -10.000000  -15.000000
  3126  0  0  0  0  0  0  186.666672  -10.000000  -8.000000
  3127  0  0  0  0  0  0  150.000000  10.000000  0.000000
  3128  0  0  0  0  0  0  175.000000  10.000000  0.000000
  3129  0  0  0  0  0  0  175.000000  5.000000  0.000000
  3130  0  0  0  0  0  0  175.000000  0.000000  0.000000
  3131  0  0  0  0  0  0  175.000000  -5.000000  0.000000
  3132  0  0  0  0  0  0  175.000000  -10.000000  0.000000
  3133  0  0  0  0  0  0  150.000000  -10.000000  -15.000000
  3134  0  0  0  0  0  0  100.000000  10.000000  0.000000
  3135  0  0  0  0  0  0  125.000000  10.000000  0.000000
  3136  0  0  0  0  0  0  125.000000  5.000000  0.000000
  3137  0  0  0  0  0  0  125.000000  0.000000  0.000000
  3138  0  0  0  0  0  0  125.000000  -5.000000  0.000000
  3139  0  0  0  0  0  0  125.000000  -10.000000  0.000000
  3140  0  0  0  0  0  0  113.333336  -10.000000  -8.000000
  3141  0  0  0  0  0  0  100.000000  -10.000000  -15.000000
  3142  0  0  0  0  0  0  86.666664  -10.000000  -8.000000
  3143  0  0  0  0  0  0  50.000000  10.000000  0.000000
  3144  0  0  0  0  0  0  25.000000  10.000000  0.000000
  3145  0  0  0  0  0  0  25.000000  5.000000  0.000000
  3146  0  0  0  0  0  0  25.000000  0.000000  0.000000
  3147  0  0  0  0  0  0  25.000000  -5.000000  0.000000
  3148  0  0  0  0  0  0  25.000000  -10.000000  0.000000
  3149  0  0  0  0  0  0  75.000000  10.000000  0.000000
  3150  0  0  0  0  0  0  75.000000  5.000000  0.000000
  3151  0  0  0  0  0  0  75.000000  0.000000  0.000000
  3152  0  0  0  0  0  0  75.000000  -5.000000  0.000000
  3153  0  0  0  0  0  0  75.000000  -10.000000  0.000000
  3154  0  0  0  0  0  0  50.000000  -10.000000  -15.000000
  3155  0  0  0  1  1  1  -270.000000  10.000000  -20.000000
  3156  0  0  0  1  1  1  -270.000000  10.000000  -15.000000
  3157  0  0  0  1  1  1  -270.000000  10.000000  -10.000000
  3158  0  0  0  1  1  1  -270.000000  10.000000  -5.000000
  3159  0  0  0  1  1  1  -270.000000  10.000000  0.000000
  3160  0  0  0  1  1  1  -270.000000  5.000000  -20.000000
  3161  0  0  0  1  1  1  -270.000000  0.000000  -20.000000
  3162  0  0  0  1  1  1  -270.000000  -5.000000  -20.000000
  3163  0  0  0  1  1  1  -270.000000  -10.000000  -20.000000
  3164  0  0  0  1  1  1  -265.000000  10.000000  -20.000000
  3165  0  0  0  1  1  1  -260.000000  10.000000  -20.000000
  3166  0  0  0  1  1  1  -255.000000  10.000000  -20.000000
  3167  0  0  0  1  1  1  -250.000000  10.000000  -20.000000
  3168  0  0  0  1  1  1  -270.000000  5.000000  -15.000000
  3169  0  0  0  1  1  1  -270.000000  5.000000  -10.000000
  3170  0  0  0  1  1  1  -270.000000  5.000000  -5.000000
  3171  0  0  0  1  1  1  -270.000000  5.000000  0.000000
  3172  0  0  0  1  1  1  -270.000000  0.000000  -15.000000
  3173  0  0  0  1  1  1  -270.000000  -5.000000  -15.000000
  3174  0  0  0  1  1  1  -270.000000  -10.000000  -15.000000
  3175  0  0  0  1  1  1  -270.000000  0.000000  -10.000000
  3176  0  0  0  1  1  1  -270.000000  0.000000  -5.000000
  3177  0  0  0  1  1  1  -270.000000  0.000000  0.000000
  3178  0  0  0  1  1  1  -270.000000  -5.000000  -10.000000
  3179  0  0  0  1  1  1  -270.000000  -10.000000  -10.000000
  3180  0  0  0  1  1  1  -270.000000  -5.000000  -5.000000
  3181  0  0  0  1  1  1  -270.000000  -5.000000  0.000000
  3182  0  0  0  1  1  1  -270.000000  -10.000000  -5.000000
  3183  0  0  0  1  1  1  -270.000000  -10.000000  0.000000
  3184  0  0  0  1  1  1  -265.000000  5.000000  -20.000000
  3185  0  0  0  1  1  1  -265.000000  0.000000  -20.000000
  3186  0  0  0  1  1  1  -265.000000  -5.000000  -20.000000
  3187  0  0  0  1  1  1  -265.000000  -10.000000  -20.000000
  3188  0  0  0  1  1  1  -260.000000  5.000000  -20.000000
  3189  0  0  0  1  1  1  -255.000000  5.000000  -20.000000
  3190  0  0  0  1  1  1  -250.000000  5.000000  -20.000000
  3191  0  0  0  1  1  1  -260.000000  0.000000  -20.000000
  3192  0  0  0  1  1  1  -260.000000  -5.000000  -20.000000
  3193  0  0  0  1  1  1  -260.000000  -10.000000  -20.000000
  3194  0  0  0  1  1  1  -255.000000  0.000000  -20.000000
  3195  0  0  0  1  1  1  -250.000000  0.000000  -20.000000
  3196  0  0  0  1  1  1  -255.000000  -5.000000  -20.000000
  3197  0  0  0  1  1  1  -255.000000  -10.000000  -20.000000
  3198  0  0  0  1  1  1  -250.000000  -5.000000  -20.000000
  3199  0  0  0  1  1  1  -250.000000  -10.000000  -20.000000
  3200  0  0  0  1  1  1  -265.000000  10.000000  -15.000000
  3201  0  0  0  1  1  1  -265.000000  10.000000  -10.000000
  3202  0  0  0  1  1  1  -265.000000  10.000000  -5.000000
  3203  0  0  0  1  1  1  -265.000000  10.000000  0.000000
  3204  0  0  0  1  1  1  -260.000000  10.000000  -15.000000
  3205  0  0  0  1  1  1  -255.000000  10.000000  -15.000000
  3206  0  0  0  1  1  1  -250.000000  10.000000  -15.000000
  3207  0  0  0  1  1  1  -260.000000  10.000000  -10.000000
  3208  0  0  0  1  1  1  -260.000000  10.000000  -5.000000
  3209  0  0  0  1  1  1  -260.000000  10.000000  0.000000
  3210  0  0  0  1  1  1  -255.000000  10.000000  -10.000000
  3211  0  0  0  1  1  1  -250.000000  10.000000  -10.000000
  3212  0  0  0  1  1  1  -255.000000  10.000000  -5.000000
  3213  0  0  0  1  1  1  -255.000000  10.000000  0.000000
  3214  0  0  0  1  1  1  -250.000000  10.000000  -5.000000
  3215  0  0  0  1  1  1  -250.000000  10.000000  0.000000
  3216  0  0  0  0  0  0  -200.000000  10.000000  0.000000
  3217  0  0  0  0  0  0  -225.000000  10.000000  0.000000
  3218  0  0  0  0  0  0  -225.000000  5.000000  0.000000
  3219  0  0  0  0  0  0  -225.000000  0.000000  0.000000
  3220  0  0  0  0  0  0  -225.000000  -5.000000  0.000000
  3221  0  0  0  0  0  0  -225.000000  -10.000000  0.000000
  3222  0  0  0  0  0  0  -200.000000  -10.000000  -15.000000
  3223  0  0  0  0  0  0  -186.666672  -10.000000  -8.000000
  3224  0  0  0  0  0  0  -213.333328  -10.000000  -8.000000
  3225  0  0  0  0  0  0  -100.000000  10.000000  0.000000
  3226  0  0  0  0  0  0  -100.000000  -10.000000  -15.000000
  3227  0  0  0  0  0  0  -86.666664  -10.000000  -8.000000
  3228  0  0  0  0  0  0  -113.333336  -10.000000  -8.000000
  3229  0  0  0  0  0  0  -50.000000  10.000000  0.000000
  3230  0  0  0  0  0  0  -75.000000  10.000000  0.000000
  3231  0  0  0  0  0  0  -75.000000  5.000000  0.000000
  3232  0  0  0  0  0  0  -75.000000  0.000000  0.000000
  3233  0  0  0  0  0  0  -75.000000  -5.000000  0.000000
  3234  0  0  0  0  0  0  -75.000000  -10.000000  0.000000
  3235  0  0  0  0  0  0  -25.000000  10.000000  0.000000
  3236  0  0  0  0  0  0  -25.000000  5.000000  0.000000
  3237  0  0  0  0  0  0  -25.000000  0.000000  0.000000
  3238  0  0  0  0  0  0  -25.000000  -5.000000  0.000000
  3239  0  0  0  0  0  0  -25.000000  -10.000000  0.000000
  3240  0  0  0  0  0  0  -50.000000  -10.000000  -15.000000
  3241  0  0  0  0  0  0  -134.615387  -10.000000  -30.000000
  3242  0  0  0  0  0  0  -165.384613  -10.000000  -30.000000
  3243  0  0  0  0  0  0  -136.666672  -10.000000  -22.000000
  3244  0  0  0  0  0  0  -163.333328  -10.000000  -22.000000
  3245  0  0  0  1  1  1  10.750000  20.000000  135.000000
  3246  0  0  0  1  1  1  10.750000  15.000000  135.000000
  3247  0  0  0  1  1  1  10.750000  10.000000  135.000000
  3248  0  0  0  1  1  1  -10.750000  20.000000  135.000000
  3249  0  0  0  1  1  1  -10.750000  15.000000  135.000000
  3250  0  0  0  1  1  1  -10.750000  10.000000  135.000000
  3251  0  0  0  1  1  1  7.166667  20.000000  135.000000
  3252  0  0  0  1  1  1  -7.166667  20.000000  135.000000
  3253  0  0  0  1  1  1  3.583333  20.000000  135.000000
  3254  0  0  0  1  1  1  -3.583333  20.000000  135.000000
  3255  0  0  0  1  1  1  0.000000  20.000000  135.000000
  3256  0  0  0  1  1  1  7.166667  15.000000  135.000000
  3257  0  0  0  1  1  1  7.166667  10.000000  135.000000
  3258  0  0  0  1  1  1  -7.166667  15.000000  135.000000
  3259  0  0  0  1  1  1  -7.166667  10.000000  135.000000
  3260  0  0  0  1  1  1  3.583333  15.000000  135.000000
  3261  0  0  0  1  1  1  -3.583333  15.000000  135.000000
  3262  0  0  0  1  1  1  0.000000  15.000000  135.000000
  3263  0  0  0  1  1  1  3.583333  10.000000  135.000000
  3264  0  0  0  1  1  1  -3.583333  10.000000  135.000000
  3265  0  0  0  1  1  1  0.000000  10.000000  135.000000
  3266  0  0  0  1  1  1  10.500000  20.000000  140.000000
  3267  0  0  0  1  1  1  10.500000  15.000000  140.000000
  3268  0  0  0  1  1  1  10.500000  10.000000  140.000000
  3269  0  0  0  1  1  1  10.250000  20.000000  145.000000
  3270  0  0  0  1  1  1  10.000000  20.000000  150.000000
  3271  0  0  0  1  1  1  10.250000  15.000000  145.000000
  3272  0  0  0  1  1  1  10.250000  10.000000  145.000000
  3273  0  0  0  1  1  1  10.000000  15.000000  150.000000
  3274  0  0  0  1  1  1  10.000000  10.000000  150.000000
  3275  0  0  0  1  1  1  -10.500000  20.000000  140.000000
  3276  0  0  0  1  1  1  -10.500000  15.000000  140.000000
  3277  0  0  0  1  1  1  -10.500000  10.000000  140.000000
  3278  0  0  0  1  1  1  -10.250000  20.000000  145.000000
  3279  0  0  0  1  1  1  -10.000000  20.000000  150.000000
  3280  0  0  0  1  1  1  -10.250000  15.000000  145.000000
  3281  0  0  0  1  1  1  -10.250000  10.000000  145.000000
  3282  0  0  0  1  1  1  -10.000000  15.000000  150.000000
  3283  0  0  0  1  1  1  -10.000000  10.000000  150.000000
  3284  0  0  0  0  0  0  -150.000000  10.000000  -18.750000
  3285  0  0  0  1  1  1  11.750000  -20.000000  115.000000
  3286  0  0  0  1  1  1  11.750000  -15.000000  115.000000
  3287  0  0  0  1  1  1  11.750000  -10.000000  115.000000
  3288  0  0  0  1  1  1  -11.750000  -20.000000  115.000000
  3289  0  0  0  1  1  1  -11.750000  -15.000000  115.000000
  3290  0  0  0  1  1  1  -11.750000  -10.000000  115.000000
  3291  0  0  0  1  1  1  7.833333  -20.000000  115.000000
  3292  0  0  0  1  1  1  -7.833333  -20.000000  115.000000
  3293  0  0  0  1  1  1  3.916667  -20.000000  115.000000
  3294  0  0  0  1  1  1  -3.916667  -20.000000  115.000000
  3295  0  0  0  1  1  1  0.000000  -20.000000  115.000000
  3296  0  0  0  1  1  1  7.833333  -15.000000  115.000000
  3297  0  0  0  1  1  1  7.833333  -10.000000  115.000000
  3298  0  0  0  1  1  1  -7.833333  -15.000000  115.000000
  3299  0  0  0  1  1  1  -7.833333  -10.000000  115.000000
  3300  0  0  0  1  1  1  3.916667  -15.000000  115.000000
  3301  0  0  0  1  1  1  -3.916667  -15.000000  115.000000
  3302  0  0  0  1  1  1  0.000000  -15.000000  115.000000
  3303  0  0  0  1  1  1  3.916667  -10.000000  115.000000
  3304  0  0  0  1  1  1  -3.916667  -10.000000  115.000000
  3305  0  0  0  1  1  1  0.000000  -10.000000  115.000000
  3306  0  0  0  1  1  1  265.000000  5.000000  -15.000000
  3307  0  0  0  1  1  1  265.000000  5.000000  -10.000000
  3308  0  0  0  1  1  1  265.000000  5.000000  -5.000000
  3309  0  0  0  1  1  1  265.000000  5.000000  0.000000
  3310  0  0  0  1  1  1  265.000000  0.000000  -15.000000
  3311  0  0  0  1  1  1  265.000000  -5.000000  -15.000000
  3312  0  0  0  1  1  1  265.000000  -10.000000  -15.000000
  3313  0  0  0  1  1  1  260.000000  5.000000  -15.000000
  3314  0  0  0  1  1  1  255.000000  5.000000  -15.000000
  3315  0  0  0  1  1  1  250.000000  5.000000  -15.000000
  3316  0  0  0  1  1  1  265.000000  0.000000  -10.000000
  3317  0  0  0  1  1  1  265.000000  0.000000  -5.000000
  3318  0  0  0  1  1  1  265.000000  0.000000  0.000000
  3319  0  0  0  1  1  1  265.000000  -5.000000  -10.000000
  3320  0  0  0  1  1  1  265.000000  -10.000000  -10.000000
  3321  0  0  0  1  1  1  265.000000  -5.000000  -5.000000
  3322  0  0  0  1  1  1  265.000000  -5.000000  0.000000
  3323  0  0  0  1  1  1  265.000000  -10.000000  -5.000000
  3324  0  0  0  1  1  1  265.000000  -10.000000  0.000000
  3325  0  0  0  1  1  1  260.000000  0.000000  -15.000000
  3326  0  0  0  1  1  1  260.000000  -5.000000  -15.000000
  3327  0  0  0  1  1  1  260.000000  -10.000000  -15.000000
  3328  0  0  0  1  1  1  255.000000  0.000000  -15.000000
  3329  0  0  0  1  1  1  250.000000  0.000000  -15.000000
  3330  0  0  0  1  1  1  255.000000  -5.000000  -15.000000
  3331  0  0  0  1  1  1  255.000000  -10.000000  -15.000000
  3332  0  0  0  1  1  1  250.000000  -5.000000  -15.000000
  3333  0  0  0  1  1  1  250.000000  -10.000000  -15.000000
  3334  0  0  0  0  0  0  230.000000  10.000000  0.000000
  3335  0  0  0  1  1  1  260.000000  5.000000  -10.000000
  3336  0  0  0  1  1  1  260.000000  5.000000  -5.000000
  3337  0  0  0  1  1  1  260.000000  5.000000  0.000000
  3338  0  0  0  1  1  1  255.000000  5.000000  -10.000000
  3339  0  0  0  1  1  1  250.000000  5.000000  -10.000000
  3340  0  0  0  0  0  0  235.000000  10.000000  0.000000
  3341  0  0  0  1  1  1  255.000000  5.000000  -5.000000
  3342  0  0  0  1  1  1  255.000000  5.000000  0.000000
  3343  0  0  0  1  1  1  250.000000  5.000000  -5.000000
  3344  0  0  0  0  0  0  240.000000  10.000000  0.000000
  3345  0  0  0  1  1  1  250.000000  5.000000  0.000000
  3346  0  0  0  0  0  0  245.000000  10.000000  0.000000
  3347  0  0  0  0  0  0  250.000000  10.000000  0.000000
  3348  0  0  0  0  0  0  230.000000  5.000000  0.000000
  3349  0  0  0  0  0  0  230.000000  0.000000  0.000000
  3350  0  0  0  0  0  0  230.000000  -5.000000  0.000000
  3351  0  0  0  0  0  0  230.000000  -10.000000  0.000000
  3352  0  0  0  0  0  0  220.000000  10.000000  0.000000
  3353  0  0  0  0  0  0  180.000000  10.000000  0.000000
  3354  0  0  0  0  0  0  215.000000  10.000000  0.000000
  3355  0  0  0  0  0  0  185.000000  10.000000  0.000000
  3356  0  0  0  0  0  0  210.000000  10.000000  0.000000
  3357  0  0  0  0  0  0  190.000000  10.000000  0.000000
  3358  0  0  0  0  0  0  200.000000  10.000000  0.000000
  3359  0  0  0  0  0  0  205.000000  10.000000  0.000000
  3360  0  0  0  0  0  0  195.000000  10.000000  0.000000
  3361  0  0  0  0  0  0  220.000000  5.000000  0.000000
  3362  0  0  0  0  0  0  220.000000  0.000000  0.000000
  3363  0  0  0  0  0  0  220.000000  -5.000000  0.000000
  3364  0  0  0  0  0  0  220.000000  -10.000000  0.000000
  3365  0  0  0  0  0  0  180.000000  5.000000  0.000000
  3366  0  0  0  0  0  0  180.000000  0.000000  0.000000
  3367  0  0  0  0  0  0  180.000000  -5.000000  0.000000
  3368  0  0  0  0  0  0  180.000000  -10.000000  0.000000
  3369  0  0  0  0  0  0  210.000000  -10.000000  -6.000000
  3370  0  0  0  0  0  0  200.000000  -10.000000  -11.250000
  3371  0  0  0  0  0  0  190.000000  -10.000000  -6.000000
  3372  0  0  0  0  0  0  130.000000  10.000000  0.000000
  3373  0  0  0  0  0  0  170.000000  10.000000  0.000000
  3374  0  0  0  0  0  0  135.000000  10.000000  0.000000
  3375  0  0  0  0  0  0  165.000000  10.000000  0.000000
  3376  0  0  0  0  0  0  140.000000  10.000000  0.000000
  3377  0  0  0  0  0  0  160.000000  10.000000  0.000000
  3378  0  0  0  0  0  0  150.000000  10.000000  0.000000
  3379  0  0  0  0  0  0  145.000000  10.000000  0.000000
  3380  0  0  0  0  0  0  155.000000  10.000000  0.000000
  3381  0  0  0  0  0  0  130.000000  5.000000  0.000000
  3382  0  0  0  0  0  0  130.000000  0.000000  0.000000
  3383  0  0  0  0  0  0  130.000000  -5.000000  0.000000
  3384  0  0  0  0  0  0  130.000000  -10.000000  0.000000
  3385  0  0  0  0  0  0  170.000000  5.000000  0.000000
  3386  0  0  0  0  0  0  170.000000  0.000000  0.000000
  3387  0  0  0  0  0  0  170.000000  -5.000000  0.000000
  3388  0  0  0  0  0  0  170.000000  -10.000000  0.000000
  3389  0  0  0  0  0  0  150.000000  -10.000000  -11.250000
  3390  0  0  0  0  0  0  80.000000  10.000000  0.000000
  3391  0  0  0  0  0  0  120.000000  10.000000  0.000000
  3392  0  0  0  0  0  0  85.000000  10.000000  0.000000
  3393  0  0  0  0  0  0  115.000000  10.000000  0.000000
  3394  0  0  0  0  0  0  90.000000  10.000000  0.000000
  3395  0  0  0  0  0  0  110.000000  10.000000  0.000000
  3396  0  0  0  0  0  0  100.000000  10.000000  0.000000
  3397  0  0  0  0  0  0  95.000000  10.000000  0.000000
  3398  0  0  0  0  0  0  105.000000  10.000000  0.000000
  3399  0  0  0  0  0  0  80.000000  5.000000  0.000000
  3400  0  0  0  0  0  0  80.000000  0.000000  0.000000
  3401  0  0  0  0  0  0  80.000000  -5.000000  0.000000
  3402  0  0  0  0  0  0  80.000000  -10.000000  0.000000
  3403  0  0  0  0  0  0  120.000000  5.000000  0.000000
  3404  0  0  0  0  0  0  120.000000  0.000000  0.000000
  3405  0  0  0  0  0  0  120.000000  -5.000000  0.000000
  3406  0  0  0  0  0  0  120.000000  -10.000000  0.000000
  3407  0  0  0  0  0  0  110.000000  -10.000000  -6.000000
  3408  0  0  0  0  0  0  100.000000  -10.000000  -11.250000
  3409  0  0  0  0  0  0  90.000000  -10.000000  -6.000000
  3410  0  0  0  0  0  0  30.000000  10.000000  0.000000
  3411  0  0  0  0  0  0  70.000000  10.000000  0.000000
  3412  0  0  0  0  0  0  35.000000  10.000000  0.000000
  3413  0  0  0  0  0  0  65.000000  10.000000  0.000000
  3414  0  0  0  0  0  0  40.000000  10.000000  0.000000
  3415  0  0  0  0  0  0  60.000000  10.000000  0.000000
  3416  0  0  0  0  0  0  50.000000  10.000000  0.000000
  3417  0  0  0  0  0  0  45.000000  10.000000  0.000000
  3418  0  0  0  0  0  0  55.000000  10.000000  0.000000
  3419  0  0  0  0  0  0  30.000000  5.000000  0.000000
  3420  0  0  0  0  0  0  30.000000  0.000000  0.000000
  3421  0  0  0  0  0  0  30.000000  -5.000000  0.000000
  3422  0  0  0  0  0  0  30.000000  -10.000000  0.000000
  3423  0  0  0  0  0  0  70.000000  5.000000  0.000000
  3424  0  0  0  0  0  0  70.000000  0.000000  0.000000
  3425  0  0  0  0  0  0  70.000000  -5.000000  0.000000
  3426  0  0  0  0  0  0  70.000000  -10.000000  0.000000
  3427  0  0  0  0  0  0  50.000000  -10.000000  -11.250000
  3428  0  0  0  1  1  1  -265.000000  5.000000  -15.000000
  3429  0  0  0  1  1  1  -265.000000  5.000000  -10.000000
  3430  0  0  0  1  1  1  -265.000000  5.000000  -5.000000
  3431  0  0  0  1  1  1  -265.000000  5.000000  0.000000
  3432  0  0  0  1  1  1  -265.000000  0.000000  -15.000000
  3433  0  0  0  1  1  1  -265.000000  -5.000000  -15.000000
  3434  0  0  0  1  1  1  -265.000000  -10.000000  -15.000000
  3435  0  0  0  1  1  1  -260.000000  5.000000  -15.000000
  3436  0  0  0  1  1  1  -255.000000  5.000000  -15.000000
  3437  0  0  0  1  1  1  -250.000000  5.000000  -15.000000
  3438  0  0  0  1  1  1  -265.000000  0.000000  -10.000000
  3439  0  0  0  1  1  1  -265.000000  0.000000  -5.000000
  3440  0  0  0  1  1  1  -265.000000  0.000000  0.000000
  3441  0  0  0  1  1  1  -265.000000  -5.000000  -10.000000
  3442  0  0  0  1  1  1  -265.000000  -10.000000  -10.000000
  3443  0  0  0  1  1  1  -265.000000  -5.000000  -5.000000
  3444  0  0  0  1  1  1  -265.000000  -5.000000  0.000000
  3445  0  0  0  1  1  1  -265.000000  -10.000000  -5.000000
  3446  0  0  0  1  1  1  -265.000000  -10.000000  0.000000
  3447  0  0  0  1  1  1  -260.000000  0.000000  -15.000000
  3448  0  0  0  1  1  1  -260.000000  -5.000000  -15.000000
  3449  0  0  0  1  1  1  -260.000000  -10.000000  -15.000000
  3450  0  0  0  1  1  1  -255.000000  0.000000  -15.000000
  3451  0  0  0  1  1  1  -250.000000  0.000000  -15.000000
  3452  0  0  0  1  1  1  -255.000000  -5.000000  -15.000000
  3453  0  0  0  1  1  1  -255.000000  -10.000000  -15.000000
  3454  0  0  0  1  1  1  -250.000000  -5.000000  -15.000000
  3455  0  0  0  1  1  1  -250.000000  -10.000000  -15.000000
  3456  0  0  0  0  0  0  -230.000000  10.000000  0.000000
  3457  0  0  0  1  1  1  -260.000000  5.000000  -10.000000
  3458  0  0  0  1  1  1  -260.000000  5.000000  -5.000000
  3459  0  0  0  1  1  1  -260.000000  5.000000  0.000000
  3460  0  0  0  1  1  1  -255.000000  5.000000  -10.000000
  3461  0  0  0  1  1  1  -250.000000  5.000000  -10.000000
  3462  0  0  0  0  0  0  -235.000000  10.000000  0.000000
  3463  0  0  0  1  1  1  -255.000000  5.000000  -5.000000
  3464  0  0  0  1  1  1  -255.000000  5.000000  0.000000
  3465  0  0  0  1  1  1  -250.000000  5.000000  -5.000000
  3466  0  0  0  0  0  0  -240.000000  10.000000  0.000000
  3467  0  0  0  1  1  1  -250.000000  5.000000  0.000000
  3468  0  0  0  0  0  0  -245.000000  10.000000  0.000000
  3469  0  0  0  0  0  0  -250.000000  10.000000  0.000000
  3470  0  0  0  0  0  0  -230.000000  5.000000  0.000000
  3471  0  0  0  0  0  0  -230.000000  0.000000  0.000000
  3472  0  0  0  0  0  0  -230.000000  -5.000000  0.000000
  3473  0  0  0  0  0  0  -230.000000  -10.000000  0.000000
  3474  0  0  0  0  0  0  -220.000000  10.000000  0.000000
  3475  0  0  0  0  0  0  -215.000000  10.000000  0.000000
  3476  0  0  0  0  0  0  -210.000000  10.000000  0.000000
  3477  0  0  0  0  0  0  -200.000000  10.000000  0.000000
  3478  0  0  0  0  0  0  -205.000000  10.000000  0.000000
  3479  0  0  0  0  0  0  -220.000000  5.000000  0.000000
  3480  0  0  0  0  0  0  -220.000000  0.000000  0.000000
  3481  0  0  0  0  0  0  -220.000000  -5.000000  0.000000
  3482  0  0  0  0  0  0  -220.000000  -10.000000  0.000000
  3483  0  0  0  0  0  0  -200.000000  -10.000000  -11.250000
  3484  0  0  0  0  0  0  -190.000000  -10.000000  -6.000000
  3485  0  0  0  0  0  0  -210.000000  -10.000000  -6.000000
  3486  0  0  0  0  0  0  -80.000000  10.000000  0.000000
  3487  0  0  0  0  0  0  -85.000000  10.000000  0.000000
  3488  0  0  0  0  0  0  -90.000000  10.000000  0.000000
  3489  0  0  0  0  0  0  -100.000000  10.000000  0.000000
  3490  0  0  0  0  0  0  -95.000000  10.000000  0.000000
  3491  0  0  0  0  0  0  -80.000000  5.000000  0.000000
  3492  0  0  0  0  0  0  -80.000000  0.000000  0.000000
  3493  0  0  0  0  0  0  -80.000000  -5.000000  0.000000
  3494  0  0  0  0  0  0  -80.000000  -10.000000  0.000000
  3495  0  0  0  0  0  0  -100.000000  -10.000000  -11.250000
  3496  0  0  0  0  0  0  -90.000000  -10.000000  -6.000000
  3497  0  0  0  0  0  0  -110.000000  -10.000000  -6.000000
  3498  0  0  0  0  0  0  -70.000000  10.000000  0.000000
  3499  0  0  0  0  0  0  -30.000000  10.000000  0.000000
  3500  0  0  0  0  0  0  -65.000000  10.000000  0.000000
  3501  0  0  0  0  0  0  -35.000000  10.000000  0.000000
  3502  0  0  0  0  0  0  -60.000000  10.000000  0.000000
  3503  0  0  0  0  0  0  -40.000000  10.000000  0.000000
  3504  0  0  0  0  0  0  -50.000000  10.000000  0.000000
  3505  0  0  0  0  0  0  -55.000000  10.000000  0.000000
  3506  0  0  0  0  0  0  -45.000000  10.000000  0.000000
  3507  0  0  0  0  0  0  -70.000000  5.000000  0.000000
  3508  0  0  0  0  0  0  -70.000000  0.000000  0.000000
  3509  0  0  0  0  0  0  -70.000000  -5.000000  0.000000
  3510  0  0  0  0  0  0  -70.000000  -10.000000  0.000000
  3511  0  0  0  0  0  0  -30.000000  5.000000  0.000000
  3512  0  0  0  0  0  0  -30.000000  0.000000  0.000000
  3513  0  0  0  0  0  0  -30.000000  -5.000000  0.000000
  3514  0  0  0  0  0  0  -30.000000  -10.000000  0.000000
  3515  0  0  0  0  0  0  -50.000000  -10.000000  -11.250000
  3516  0  0  0  0  0  0  -138.461533  -10.000000  -30.000000
  3517  0  0  0  0  0  0  -161.538467  -10.000000  -30.000000
  3518  0  0  0  0  0  0  -140.000000  -10.000000  -24.000000
  3519  0  0  0  0  0  0  -160.000000  -10.000000  -24.000000
  3520  0  0  0  1  1  1  7.000000  20.000000  140.000000
  3521  0  0  0  1  1  1  -7.000000  20.000000  140.000000
  3522  0  0  0  1  1  1  3.500000  20.000000  140.000000
  3523  0  0  0  1  1  1  -3.500000  20.000000  140.000000
  3524  0  0  0  1  1  1  0.000000  20.000000  140.000000
  3525  0  0  0  1  1  1  7.000000  15.000000  140.000000
  3526  0  0  0  1  1  1  7.000000  10.000000  140.000000
  3527  0  0  0  1  1  1  6.833333  20.000000  145.000000
  3528  0  0  0  1  1  1  6.666667  20.000000  150.000000
  3529  0  0  0  1  1  1  -7.000000  15.000000  140.000000
  3530  0  0  0  1  1  1  -7.000000  10.000000  140.000000
  3531  0  0  0  1  1  1  -6.833333  20.000000  145.000000
  3532  0  0  0  1  1  1  -6.666667  20.000000  150.000000
  3533  0  0  0  1  1  1  3.500000  15.000000  140.000000
  3534  0  0  0  1  1  1  -3.500000  15.000000  140.000000
  3535  0  0  0  1  1  1  0.000000  15.000000  140.000000
  3536  0  0  0  1  1  1  3.500000  10.000000  140.000000
  3537  0  0  0  1  1  1  -3.500000  10.000000  140.000000
  3538  0  0  0  1  1  1  0.000000  10.000000  140.000000
  3539  0  0  0  1  1  1  3.416667  20.000000  145.000000
  3540  0  0  0  1  1  1  -3.416667  20.000000  145.000000
  3541  0  0  0  1  1  1  0.000000  20.000000  145.000000
  3542  0  0  0  1  1  1  3.333333  20.000000  150.000000
  3543  0  0  0  1  1  1  -3.333333  20.000000  150.000000
  3544  0  0  0  1  1  1  0.000000  20.000000  150.000000
  3545  0  0  0  1  1  1  6.833333  15.000000  145.000000
  3546  0  0  0  1  1  1  6.833333  10.000000  145.000000
  3547  0  0  0  1  1  1  6.666667  15.000000  150.000000
  3548  0  0  0  1  1  1  6.666667  10.000000  150.000000
  3549  0  0  0  1  1  1  -6.833333  15.000000  145.000000
  3550  0  0  0  1  1  1  -6.833333  10.000000  145.000000
  3551  0  0  0  1  1  1  -6.666667  15.000000  150.000000
  3552  0  0  0  1  1  1  -6.666667  10.000000  150.000000
  3553  0  0  0  1  1  1  250.000000  10.000000  0.000000
  3554  0  0  0  1  1  1  200.000000  10.000000  0.000000
  3555  0  0  0  1  1  1  150.000000  10.000000  0.000000
  3556  0  0  0  1  1  1  100.000000  10.000000  0.000000
  3557  0  0  0  1  1  1  50.000000  10.000000  0.000000
  3558  0  0  0  1  1  1  -250.000000  10.000000  -0.000000
  3559  0  0  0  1  1  1  -200.000000  10.000000  -0.000000
  3560  0  0  0  1  1  1  -100.000000  10.000000  -0.000000
  3561  0  0  0  1  1  1  -50.000000  10.000000  -0.000000
  3562  0  0  0  0  0  0  -150.000000  10.000000  -15.000000
  3563  0  0  0  0  0  0  -195.000000  10.000000  0.000000
  3564  0  0  0  0  0  0  -105.000000  10.000000  0.000000
  3565  0  0  0  1  1  1  11.500000  -20.000000  120.000000
  3566  0  0  0  1  1  1  11.500000  -15.000000  120.000000
  3567  0  0  0  1  1  1  11.500000  -10.000000  120.000000
  3568  0  0  0  1  1  1  -11.500000  -20.000000  120.000000
  3569  0  0  0  1  1  1  -11.500000  -15.000000  120.000000
  3570  0  0  0  1  1  1  -11.500000  -10.000000  120.000000
  3571  0  0  0  1  1  1  7.666667  -20.000000  120.000000
  3572  0  0  0  1  1  1  -7.666667  -20.000000  120.000000
  3573  0  0  0  1  1  1  3.833333  -20.000000  120.000000
  3574  0  0  0  1  1  1  -3.833333  -20.000000  120.000000
  3575  0  0  0  1  1  1  0.000000  -20.000000  120.000000
  3576  0  0  0  1  1  1  7.666667  -15.000000  120.000000
  3577  0  0  0  1  1  1  7.666667  -10.000000  120.000000
  3578  0  0  0  1  1  1  -7.666667  -15.000000  120.000000
  3579  0  0  0  1  1  1  -7.666667  -10.000000  120.000000
  3580  0  0  0  1  1  1  3.833333  -15.000000  120.000000
  3581  0  0  0  1  1  1  -3.833333  -15.000000  120.000000
  3582  0  0  0  1  1  1  0.000000  -15.000000  120.000000
  3583  0  0  0  1  1  1  3.833333  -10.000000  120.000000
  3584  0  0  0  1  1  1  -3.833333  -10.000000  120.000000
  3585  0  0  0  1  1  1  0.000000  -10.000000  120.000000
  3586  0  0  0  1  1  1  260.000000  0.000000  -10.000000
  3587  0  0  0  1  1  1  260.000000  0.000000  -5.000000
  3588  0  0  0  1  1  1  260.000000  0.000000  0.000000
  3589  0  0  0  1  1  1  260.000000  -5.000000  -10.000000
  3590  0  0  0  1  1  1  260.000000  -10.000000  -10.000000
  3591  0  0  0  1  1  1  255.000000  0.000000  -10.000000
  3592  0  0  0  1  1  1  250.000000  0.000000  -10.000000
  3593  0  0  0  1  1  1  260.000000  -5.000000  -5.000000
  3594  0  0  0  1  1  1  260.000000  -5.000000  0.000000
  3595  0  0  0  1  1  1  260.000000  -10.000000  -5.000000
  3596  0  0  0  1  1  1  260.000000  -10.000000  0.000000
  3597  0  0  0  1  1  1  255.000000  -5.000000  -10.000000
  3598  0  0  0  1  1  1  255.000000  -10.000000  -10.000000
  3599  0  0  0  1  1  1  250.000000  -5.000000  -10.000000
  3600  0  0  0  1  1  1  250.000000  -10.000000  -10.000000
  3601  0  0  0  0  0  0  235.000000  5.000000  0.000000
  3602  0  0  0  1  1  1  255.000000  0.000000  -5.000000
  3603  0  0  0  1  1  1  255.000000  0.000000  0.000000
  3604  0  0  0  1  1  1  250.000000  0.000000  -5.000000
  3605  0  0  0  0  0  0  240.000000  5.000000  0.000000
  3606  0  0  0  1  1  1  250.000000  0.000000  0.000000
  3607  0  0  0  0  0  0  245.000000  5.000000  0.000000
  3608  0  0  0  0  0  0  250.000000  5.000000  0.000000
  3609  0  0  0  0  0  0  235.000000  0.000000  0.000000
  3610  0  0  0  0  0  0  235.000000  -5.000000  0.000000
  3611  0  0  0  0  0  0  235.000000  -10.000000  0.000000
  3612  0  0  0  0  0  0  215.000000  5.000000  0.000000
  3613  0  0  0  0  0  0  185.000000  5.000000  0.000000
  3614  0  0  0  0  0  0  210.000000  5.000000  0.000000
  3615  0  0  0  0  0  0  190.000000  5.000000  0.000000
  3616  0  0  0  0  0  0  205.000000  5.000000  0.000000
  3617  0  0  0  0  0  0  195.000000  5.000000  0.000000
  3618  0  0  0  0  0  0  200.000000  5.000000  0.000000
  3619  0  0  0  0  0  0  215.000000  0.000000  0.000000
  3620  0  0  0  0  0  0  215.000000  -5.000000  0.000000
  3621  0  0  0  0  0  0  215.000000  -10.000000  0.000000
  3622  0  0  0  0  0  0  185.000000  0.000000  0.000000
  3623  0  0  0  0  0  0  185.000000  -5.000000  0.000000
  3624  0  0  0  0  0  0  185.000000  -10.000000  0.000000
  3625  0  0  0  0  0  0  206.666672  -10.000000  -4.000000
  3626  0  0  0  0  0  0  200.000000  -10.000000  -7.500000
  3627  0  0  0  0  0  0  193.333328  -10.000000  -4.000000
  3628  0  0  0  0  0  0  135.000000  5.000000  0.000000
  3629  0  0  0  0  0  0  165.000000  5.000000  0.000000
  3630  0  0  0  0  0  0  140.000000  5.000000  0.000000
  3631  0  0  0  0  0  0  160.000000  5.000000  0.000000
  3632  0  0  0  0  0  0  145.000000  5.000000  0.000000
  3633  0  0  0  0  0  0  155.000000  5.000000  0.000000
  3634  0  0  0  0  0  0  150.000000  5.000000  0.000000
  3635  0  0  0  0  0  0  135.000000  0.000000  0.000000
  3636  0  0  0  0  0  0  135.000000  -5.000000  0.000000
  3637  0  0  0  0  0  0  135.000000  -10.000000  0.000000
  3638  0  0  0  0  0  0  165.000000  0.000000  0.000000
  3639  0  0  0  0  0  0  165.000000  -5.000000  0.000000
  3640  0  0  0  0  0  0  165.000000  -10.000000  0.000000
  3641  0  0  0  0  0  0  150.000000  -10.000000  -7.500000
  3642  0  0  0  0  0  0  85.000000  5.000000  0.000000
  3643  0  0  0  0  0  0  115.000000  5.000000  0.000000
  3644  0  0  0  0  0  0  90.000000  5.000000  0.000000
  3645  0  0  0  0  0  0  110.000000  5.000000  0.000000
  3646  0  0  0  0  0  0  95.000000  5.000000  0.000000
  3647  0  0  0  0  0  0  105.000000  5.000000  0.000000
  3648  0  0  0  0  0  0  100.000000  5.000000  0.000000
  3649  0  0  0  0  0  0  85.000000  0.000000  0.000000
  3650  0  0  0  0  0  0  85.000000  -5.000000  0.000000
  3651  0  0  0  0  0  0  85.000000  -10.000000  0.000000
  3652  0  0  0  0  0  0  115.000000  0.000000  0.000000
  3653  0  0  0  0  0  0  115.000000  -5.000000  0.000000
  3654  0  0  0  0  0  0  115.000000  -10.000000  0.000000
  3655  0  0  0  0  0  0  106.666664  -10.000000  -4.000000
  3656  0  0  0  0  0  0  100.000000  -10.000000  -7.500000
  3657  0  0  0  0  0  0  93.333336  -10.000000  -4.000000
  3658  0  0  0  0  0  0  35.000000  5.000000  0.000000
  3659  0  0  0  0  0  0  65.000000  5.000000  0.000000
  3660  0  0  0  0  0  0  40.000000  5.000000  0.000000
  3661  0  0  0  0  0  0  60.000000  5.000000  0.000000
  3662  0  0  0  0  0  0  45.000000  5.000000  0.000000
  3663  0  0  0  0  0  0  55.000000  5.000000  0.000000
  3664  0  0  0  0  0  0  50.000000  5.000000  0.000000
  3665  0  0  0  0  0  0  35.000000  0.000000  0.000000
  3666  0  0  0  0  0  0  35.000000  -5.000000  0.000000
  3667  0  0  0  0  0  0  35.000000  -10.000000  0.000000
  3668  0  0  0  0  0  0  65.000000  0.000000  0.000000
  3669  0  0  0  0  0  0  65.000000  -5.000000  0.000000
  3670  0  0  0  0  0  0  65.000000  -10.000000  0.000000
  3671  0  0  0  0  0  0  50.000000  -10.000000  -7.500000
  3672  0  0  0  1  1  1  -260.000000  0.000000  -10.000000
  3673  0  0  0  1  1  1  -260.000000  0.000000  -5.000000
  3674  0  0  0  1  1  1  -260.000000  0.000000  0.000000
  3675  0  0  0  1  1  1  -260.000000  -5.000000  -10.000000
  3676  0  0  0  1  1  1  -260.000000  -10.000000  -10.000000
  3677  0  0  0  1  1  1  -255.000000  0.000000  -10.000000
  3678  0  0  0  1  1  1  -250.000000  0.000000  -10.000000
  3679  0  0  0  1  1  1  -260.000000  -5.000000  -5.000000
  3680  0  0  0  1  1  1  -260.000000  -5.000000  0.000000
  3681  0  0  0  1  1  1  -260.000000  -10.000000  -5.000000
  3682  0  0  0  1  1  1  -260.000000  -10.000000  0.000000
  3683  0  0  0  1  1  1  -255.000000  -5.000000  -10.000000
  3684  0  0  0  1  1  1  -255.000000  -10.000000  -10.000000
  3685  0  0  0  1  1  1  -250.000000  -5.000000  -10.000000
  3686  0  0  0  1  1  1  -250.000000  -10.000000  -10.000000
  3687  0  0  0  0  0  0  -235.000000  5.000000  0.000000
  3688  0  0  0  1  1  1  -255.000000  0.000000  -5.000000
  3689  0  0  0  1  1  1  -255.000000  0.000000  0.000000
  3690  0  0  0  1  1  1  -250.000000  0.000000  -5.000000
  3691  0  0  0  0  0  0  -240.000000  5.000000  0.000000
  3692  0  0  0  1  1  1  -250.000000  0.000000  0.000000
  3693  0  0  0  0  0  0  -245.000000  5.000000  0.000000
  3694  0  0  0  0  0  0  -250.000000  5.000000  0.000000
  3695  0  0  0  0  0  0  -235.000000  0.000000  0.000000
  3696  0  0  0  0  0  0  -235.000000  -5.000000  0.000000
  3697  0  0  0  0  0  0  -235.000000  -10.000000  0.000000
  3698  0  0  0  0  0  0  -215.000000  5.000000  0.000000
  3699  0  0  0  0  0  0  -210.000000  5.000000  0.000000
  3700  0  0  0  0  0  0  -205.000000  5.000000  0.000000
  3701  0  0  0  0  0  0  -195.000000  5.000000  0.000000
  3702  0  0  0  0  0  0  -200.000000  5.000000  0.000000
  3703  0  0  0  0  0  0  -215.000000  0.000000  0.000000
  3704  0  0  0  0  0  0  -215.000000  -5.000000  0.000000
  3705  0  0  0  0  0  0  -215.000000  -10.000000  0.000000
  3706  0  0  0  0  0  0  -200.000000  -10.000000  -7.500000
  3707  0  0  0  0  0  0  -193.333328  -10.000000  -4.000000
  3708  0  0  0  0  0  0  -206.666672  -10.000000  -4.000000
  3709  0  0  0  0  0  0  -85.000000  5.000000  0.000000
  3710  0  0  0  0  0  0  -90.000000  5.000000  0.000000
  3711  0  0  0  0  0  0  -105.000000  5.000000  0.000000
  3712  0  0  0  0  0  0  -95.000000  5.000000  0.000000
  3713  0  0  0  0  0  0  -100.000000  5.000000  0.000000
  3714  0  0  0  0  0  0  -85.000000  0.000000  0.000000
  3715  0  0  0  0  0  0  -85.000000  -5.000000  0.000000
  3716  0  0  0  0  0  0  -85.000000  -10.000000  0.000000
  3717  0  0  0  0  0  0  -100.000000  -10.000000  -7.500000
  3718  0  0  0  0  0  0  -93.333336  -10.000000  -4.000000
  3719  0  0  0  0  0  0  -106.666664  -10.000000  -4.000000
  3720  0  0  0  0  0  0  -65.000000  5.000000  0.000000
  3721  0  0  0  0  0  0  -35.000000  5.000000  0.000000
  3722  0  0  0  0  0  0  -60.000000  5.000000  0.000000
  3723  0  0  0  0  0  0  -40.000000  5.000000  0.000000
  3724  0  0  0  0  0  0  -55.000000  5.000000  0.000000
  3725  0  0  0  0  0  0  -45.000000  5.000000  0.000000
  3726  0  0  0  0  0  0  -50.000000  5.000000  0.000000
  3727  0  0  0  0  0  0  -65.000000  0.000000  0.000000
  3728  0  0  0  0  0  0  -65.000000  -5.000000  0.000000
  3729  0  0  0  0  0  0  -65.000000  -10.000000  0.000000
  3730  0  0  0  0  0  0  -35.000000  0.000000  0.000000
  3731  0  0  0  0  0  0  -35.000000  -5.000000  0.000000
  3732  0  0  0  0  0  0  -35.000000  -10.000000  0.000000
  3733  0  0  0  0  0  0  -50.000000  -10.000000  -7.500000
  3734  0  0  0  0  0  0  -142.307693  -10.000000  -30.000000
  3735  0  0  0  0  0  0  -157.692307  -10.000000  -30.000000
  3736  0  0  0  0  0  0  -143.333328  -10.000000  -26.000000
  3737  0  0  0  0  0  0  -156.666672  -10.000000  -26.000000
  3738  0  0  0  1  1  1  3.416667  15.000000  145.000000
  3739  0  0  0  1  1  1  -3.416667  15.000000  145.000000
  3740  0  0  0  1  1  1  0.000000  15.000000  145.000000
  3741  0  0  0  1  1  1  3.416667  10.000000  145.000000
  3742  0  0  0  1  1  1  3.333333  15.000000  150.000000
  3743  0  0  0  1  1  1  -3.416667  10.000000  145.000000
  3744  0  0  0  1  1  1  -3.333333  15.000000  150.000000
  3745  0  0  0  1  1  1  0.000000  10.000000  145.000000
  3746  0  0  0  1  1  1  0.000000  15.000000  150.000000
  3747  0  0  0  1  1  1  3.333333  10.000000  150.000000
  3748  0  0  0  1  1  1  -3.333333  10.000000  150.000000
  3749  0  0  0  1  1  1  0.000000  10.000000  150.000000
  3750  0  0  0  1  1  1  0.000000  10.000000  150.000000
  3751  0  0  0  1  1  1  0.000000  10.000000  150.000000
  3752  0  0  0  1  1  1  0.000000  10.000000  150.000000
  3753  0  0  0  1  1  1  0.000000  10.000000  150.000000
  3754  0  0  0  1  1  1  -0.000000  10.000000  150.000000
  3755  0  0  0  1  1  1  -0.000000  10.000000  150.000000
  3756  0  0  0  1  1  1  -0.000000  10.000000  150.000000
  3757  0  0  0  1  1  1  -0.000000  10.000000  150.000000
  3758  0  0  0  0  0  0  -150.000000  10.000000  -11.250000
  3759  0  0  0  0  0  0  -190.000000  10.000000  0.000000
  3760  0  0  0  0  0  0  -190.000000  5.000000  0.000000
  3761  0  0  0  0  0  0  -110.000000  10.000000  0.000000
  3762  0  0  0  0  0  0  -110.000000  5.000000  0.000000
  3763  0  0  0  1  1  1  11.250000  -20.000000  125.000000
  3764  0  0  0  1  1  1  11.250000  -15.000000  125.000000
  3765  0  0  0  1  1  1  11.250000  -10.000000  125.000000
  3766  0  0  0  1  1  1  -11.250000  -20.000000  125.000000
  3767  0  0  0  1  1  1  -11.250000  -15.000000  125.000000
  3768  0  0  0  1  1  1  -11.250000  -10.000000  125.000000
  3769  0  0  0  1  1  1  7.500000  -20.000000  125.000000
  3770  0  0  0  1  1  1  -7.500000  -20.000000  125.000000
  3771  0  0  0  1  1  1  3.750000  -20.000000  125.000000
  3772  0  0  0  1  1  1  -3.750000  -20.000000  125.000000
  3773  0  0  0  1  1  1  0.000000  -20.000000  125.000000
  3774  0  0  0  1  1  1  7.500000  -15.000000  125.000000
  3775  0  0  0  1  1  1  7.500000  -10.000000  125.000000
  3776  0  0  0  1  1  1  -7.500000  -15.000000  125.000000
  3777  0  0  0  1  1  1  -7.500000  -10.000000  125.000000
  3778  0  0  0  1  1  1  3.750000  -15.000000  125.000000
  3779  0  0  0  1  1  1  -3.750000  -15.000000  125.000000
  3780  0  0  0  1  1  1  0.000000  -15.000000  125.000000
  3781  0  0  0  1  1  1  3.750000  -10.000000  125.000000
  3782  0  0  0  1  1  1  -3.750000  -10.000000  125.000000
  3783  0  0  0  1  1  1  0.000000  -10.000000  125.000000
  3784  0  0  0  1  1  1  255.000000  -5.000000  -5.000000
  3785  0  0  0  1  1  1  255.000000  -5.000000  0.000000
  3786  0  0  0  1  1  1  255.000000  -10.000000  -5.000000
  3787  0  0  0  1  1  1  250.000000  -5.000000  -5.000000
  3788  0  0  0  1  1  1  255.000000  -10.000000  0.000000
  3789  0  0  0  1  1  1  250.000000  -10.000000  -5.000000
  3790  0  0  0  0  0  0  240.000000  0.000000  0.000000
  3791  0  0  0  1  1  1  250.000000  -5.000000  0.000000
  3792  0  0  0  0  0  0  245.000000  0.000000  0.000000
  3793  0  0  0  0  0  0  250.000000  0.000000  0.000000
  3794  0  0  0  0  0  0  240.000000  -5.000000  0.000000
  3795  0  0  0  0  0  0  240.000000  -10.000000  0.000000
  3796  0  0  0  0  0  0  210.000000  0.000000  0.000000
  3797  0  0  0  0  0  0  190.000000  0.000000  0.000000
  3798  0  0  0  0  0  0  205.000000  0.000000  0.000000
  3799  0  0  0  0  0  0  195.000000  0.000000  0.000000
  3800  0  0  0  0  0  0  200.000000  0.000000  0.000000
  3801  0  0  0  0  0  0  210.000000  -5.000000  0.000000
  3802  0  0  0  0  0  0  210.000000  -10.000000  0.000000
  3803  0  0  0  0  0  0  190.000000  -5.000000  0.000000
  3804  0  0  0  0  0  0  190.000000  -10.000000  0.000000
  3805  0  0  0  0  0  0  203.333328  -10.000000  -2.000000
  3806  0  0  0  0  0  0  200.000000  -10.000000  -3.750000
  3807  0  0  0  0  0  0  196.666672  -10.000000  -2.000000
  3808  0  0  0  0  0  0  140.000000  0.000000  0.000000
  3809  0  0  0  0  0  0  160.000000  0.000000  0.000000
  3810  0  0  0  0  0  0  145.000000  0.000000  0.000000
  3811  0  0  0  0  0  0  155.000000  0.000000  0.000000
  3812  0  0  0  0  0  0  150.000000  0.000000  0.000000
  3813  0  0  0  0  0  0  140.000000  -5.000000  0.000000
  3814  0  0  0  0  0  0  140.000000  -10.000000  0.000000
  3815  0  0  0  0  0  0  160.000000  -5.000000  0.000000
  3816  0  0  0  0  0  0  160.000000  -10.000000  0.000000
  3817  0  0  0  0  0  0  150.000000  -10.000000  -3.750000
  3818  0  0  0  0  0  0  90.000000  0.000000  0.000000
  3819  0  0  0  0  0  0  110.000000  0.000000  0.000000
  3820  0  0  0  0  0  0  95.000000  0.000000  0.000000
  3821  0  0  0  0  0  0  105.000000  0.000000  0.000000
  3822  0  0  0  0  0  0  100.000000  0.000000  0.000000
  3823  0  0  0  0  0  0  90.000000  -5.000000  0.000000
  3824  0  0  0  0  0  0  90.000000  -10.000000  0.000000
  3825  0  0  0  0  0  0  110.000000  -5.000000  0.000000
  3826  0  0  0  0  0  0  110.000000  -10.000000  0.000000
  3827  0  0  0  0  0  0  103.333336  -10.000000  -2.000000
  3828  0  0  0  0  0  0  100.000000  -10.000000  -3.750000
  3829  0  0  0  0  0  0  96.666664  -10.000000  -2.000000
  3830  0  0  0  0  0  0  40.000000  0.000000  0.000000
  3831  0  0  0  0  0  0  60.000000  0.000000  0.000000
  3832  0  0  0  0  0  0  45.000000  0.000000  0.000000
  3833  0  0  0  0  0  0  55.000000  0.000000  0.000000
  3834  0  0  0  0  0  0  50.000000  0.000000  0.000000
  3835  0  0  0  0  0  0  40.000000  -5.000000  0.000000
  3836  0  0  0  0  0  0  40.000000  -10.000000  0.000000
  3837  0  0  0  0  0  0  60.000000  -5.000000  0.000000
  3838  0  0  0  0  0  0  60.000000  -10.000000  0.000000
  3839  0  0  0  0  0  0  50.000000  -10.000000  -3.750000
  3840  0  0  0  1  1  1  -255.000000  -5.000000  -5.000000
  3841  0  0  0  1  1  1  -255.000000  -5.000000  0.000000
  3842  0  0  0  1  1  1  -255.000000  -10.000000  -5.000000
  3843  0  0  0  1  1  1  -250.000000  -5.000000  -5.000000
  3844  0  0  0  1  1  1  -255.000000  -10.000000  0.000000
  3845  0  0  0  1  1  1  -250.000000  -10.000000  -5.000000
  3846  0  0  0  0  0  0  -240.000000  0.000000  0.000000
  3847  0  0  0  1  1  1  -250.000000  -5.000000  0.000000
  3848  0  0  0  0  0  0  -245.000000  0.000000  0.000000
  3849  0  0  0  0  0  0  -250.000000  0.000000  0.000000
  3850  0  0  0  0  0  0  -240.000000  -5.000000  0.000000
  3851  0  0  0  0  0  0  -240.000000  -10.000000  0.000000
  3852  0  0  0  0  0  0  -210.000000  0.000000  0.000000
  3853  0  0  0  0  0  0  -190.000000  0.000000  0.000000
  3854  0  0  0  0  0  0  -205.000000  0.000000  0.000000
  3855  0  0  0  0  0  0  -195.000000  0.000000  0.000000
  3856  0  0  0  0  0  0  -200.000000  0.000000  0.000000
  3857  0  0  0  0  0  0  -210.000000  -5.000000  0.000000
  3858  0  0  0  0  0  0  -210.000000  -10.000000  0.000000
  3859  0  0  0  0  0  0  -190.000000  -5.000000  0.000000
  3860  0  0  0  0  0  0  -190.000000  -10.000000  0.000000
  3861  0  0  0  0  0  0  -200.000000  -10.000000  -3.750000
  3862  0  0  0  0  0  0  -196.666672  -10.000000  -2.000000
  3863  0  0  0  0  0  0  -203.333328  -10.000000  -2.000000
  3864  0  0  0  0  0  0  -110.000000  0.000000  0.000000
  3865  0  0  0  0  0  0  -90.000000  0.000000  0.000000
  3866  0  0  0  0  0  0  -105.000000  0.000000  0.000000
  3867  0  0  0  0  0  0  -95.000000  0.000000  0.000000
  3868  0  0  0  0  0  0  -100.000000  0.000000  0.000000
  3869  0  0  0  0  0  0  -110.000000  -5.000000  0.000000
  3870  0  0  0  0  0  0  -110.000000  -10.000000  0.000000
  3871  0  0  0  0  0  0  -90.000000  -5.000000  0.000000
  3872  0  0  0  0  0  0  -90.000000  -10.000000  0.000000
  3873  0  0  0  0  0  0  -100.000000  -10.000000  -3.750000
  3874  0  0  0  0  0  0  -96.666664  -10.000000  -2.000000
  3875  0  0  0  0  0  0  -103.333336  -10.000000  -2.000000
  3876  0  0  0  0  0  0  -60.000000  0.000000  0.000000
  3877  0  0  0  0  0  0  -40.000000  0.000000  0.000000
  3878  0  0  0  0  0  0  -55.000000  0.000000  0.000000
  3879  0  0  0  0  0  0  -45.000000  0.000000  0.000000
  3880  0  0  0  0  0  0  -50.000000  0.000000  0.000000
  3881  0  0  0  0  0  0  -60.000000  -5.000000  0.000000
  3882  0  0  0  0  0  0  -60.000000  -10.000000  0.000000
  3883  0  0  0  0  0  0  -40.000000  -5.000000  0.000000
  3884  0  0  0  0  0  0  -40.000000  -10.000000  0.000000
  3885  0  0  0  0  0  0  -50.000000  -10.000000  -3.750000
  3886  0  0  0  0  0  0  -146.153839  -10.000000  -30.000000
  3887  0  0  0  0  0  0  -153.846161  -10.000000  -30.000000
  3888  0  0  0  0  0  0  -146.666672  -10.000000  -28.000000
  3889  0  0  0  0  0  0  -153.333328  -10.000000  -28.000000
  3890  0  0  0  1  1  1  0.000000  10.000000  150.000000
  3891  0  0  0  0  0  0  -150.000000  10.000000  -7.500000
  3892  0  0  0  0  0  0  -185.000000  10.000000  0.000000
  3893  0  0  0  0  0  0  -185.000000  5.000000  0.000000
  3894  0  0  0  0  0  0  -185.000000  0.000000  0.000000
  3895  0  0  0  0  0  0  -185.000000  -5.000000  0.000000
  3896  0  0  0  0  0  0  -185.000000  -10.000000  0.000000
  3897  0  0  0  0  0  0  -115.000000  10.000000  0.000000
  3898  0  0  0  0  0  0  -115.000000  5.000000  0.000000
  3899  0  0  0  0  0  0  -115.000000  0.000000  0.000000
  3900  0  0  0  0  0  0  -115.000000  -5.000000  0.000000
  3901  0  0  0  0  0  0  -115.000000  -10.000000  0.000000
  3902  0  0  0  1  1  1  11.000000  -20.000000  130.000000
  3903  0  0  0  1  1  1  11.000000  -15.000000  130.000000
  3904  0  0  0  1  1  1  11.000000  -10.000000  130.000000
  3905  0  0  0  1  1  1  -11.000000  -20.000000  130.000000
  3906  0  0  0  1  1  1  -11.000000  -15.000000  130.000000
  3907  0  0  0  1  1  1  -11.000000  -10.000000  130.000000
  3908  0  0  0  1  1  1  7.333333  -20.000000  130.000000
  3909  0  0  0  1  1  1  -7.333333  -20.000000  130.000000
  3910  0  0  0  1  1  1  3.666667  -20.000000  130.000000
  3911  0  0  0  1  1  1  -3.666667  -20.000000  130.000000
  3912  0  0  0  1  1  1  0.000000  -20.000000  130.000000
  3913  0  0  0  1  1  1  7.333333  -15.000000  130.000000
  3914  0  0  0  1  1  1  7.333333  -10.000000  130.000000
  3915  0  0  0  1  1  1  -7.333333  -15.000000  130.000000
  3916  0  0  0  1  1  1  -7.333333  -10.000000  130.000000
  3917  0  0  0  1  1  1  3.666667  -15.000000  130.000000
  3918  0  0  0  1  1  1  -3.666667  -15.000000  130.000000
  3919  0  0  0  1  1  1  0.000000  -15.000000  130.000000
  3920  0  0  0  1  1  1  3.666667  -10.000000  130.000000
  3921  0  0  0  1  1  1  -3.666667  -10.000000  130.000000
  3922  0  0  0  1  1  1  0.000000  -10.000000  130.000000
  3923  0  0  0  1  1  1  250.000000  -10.000000  0.000000
  3924  0  0  0  0  0  0  245.000000  -5.000000  0.000000
  3925  0  0  0  0  0  0  250.000000  -5.000000  0.000000
  3926  0  0  0  0  0  0  245.000000  -10.000000  0.000000
  3927  0  0  0  0  0  0  205.000000  -5.000000  0.000000
  3928  0  0  0  0  0  0  195.000000  -5.000000  0.000000
  3929  0  0  0  0  0  0  200.000000  -5.000000  0.000000
  3930  0  0  0  0  0  0  205.000000  -10.000000  0.000000
  3931  0  0  0  0  0  0  195.000000  -10.000000  0.000000
  3932  0  0  0  0  0  0  200.000000  -10.000000  0.000000
  3933  0  0  0  0  0  0  145.000000  -5.000000  0.000000
  3934  0  0  0  0  0  0  155.000000  -5.000000  0.000000
  3935  0  0  0  0  0  0  150.000000  -5.000000  0.000000
  3936  0  0  0  0  0  0  145.000000  -10.000000  0.000000
  3937  0  0  0  0  0  0  155.000000  -10.000000  0.000000
  3938  0  0  0  0  0  0  150.000000  -10.000000  0.000000
  3939  0  0  0  0  0  0  95.000000  -5.000000  0.000000
  3940  0  0  0  0  0  0  105.000000  -5.000000  0.000000
  3941  0  0  0  0  0  0  100.000000  -5.000000  0.000000
  3942  0  0  0  0  0  0  95.000000  -10.000000  0.000000
  3943  0  0  0  0  0  0  105.000000  -10.000000  0.000000
  3944  0  0  0  0  0  0  100.000000  -10.000000  0.000000
  3945  0  0  0  0  0  0  45.000000  -5.000000  0.000000
  3946  0  0  0  0  0  0  55.000000  -5.000000  0.000000
  3947  0  0  0  0  0  0  50.000000  -5.000000  0.000000
  3948  0  0  0  0  0  0  45.000000  -10.000000  0.000000
  3949  0  0  0  0  0  0  55.000000  -10.000000  0.000000
  3950  0  0  0  0  0  0  50.000000  -10.000000  0.000000
  3951  0  0  0  1  1  1  -250.000000  -10.000000  0.000000
  3952  0  0  0  0  0  0  -245.000000  -5.000000  0.000000
  3953  0  0  0  0  0  0  -250.000000  -5.000000  0.000000
  3954  0  0  0  0  0  0  -245.000000  -10.000000  0.000000
  3955  0  0  0  0  0  0  -205.000000  -5.000000  0.000000
  3956  0  0  0  0  0  0  -195.000000  -5.000000  0.000000
  3957  0  0  0  0  0  0  -200.000000  -5.000000  0.000000
  3958  0  0  0  0  0  0  -205.000000  -10.000000  0.000000
  3959  0  0  0  0  0  0  -195.000000  -10.000000  0.000000
  3960  0  0  0  0  0  0  -200.000000  -10.000000  0.000000
  3961  0  0  0  0  0  0  -105.000000  -5.000000  0.000000
  3962  0  0  0  0  0  0  -95.000000  -5.000000  0.000000
  3963  0  0  0  0  0  0  -100.000000  -5.000000  0.000000
  3964  0  0  0  0  0  0  -105.000000  -10.000000  0.000000
  3965  0  0  0  0  0  0  -95.000000  -10.000000  0.000000
  3966  0  0  0  0  0  0  -100.000000  -10.000000  0.000000
  3967  0  0  0  0  0  0  -55.000000  -5.000000  0.000000
  3968  0  0  0  0  0  0  -45.000000  -5.000000  0.000000
  3969  0  0  0  0  0  0  -50.000000  -5.000000  0.000000
  3970  0  0  0  0  0  0  -55.000000  -10.000000  0.000000
  3971  0  0  0  0  0  0  -45.000000  -10.000000  0.000000
  3972  0  0  0  0  0  0  -50.000000  -10.000000  0.000000
  3973  0  0  0  0  0  0  -150.000000  -10.000000  -30.000000
  3974  0  0  0  1  1  1  -0.000000  10.000000  150.000000
  3975  0  0  0  0  0  0  -150.000000  10.000000  -3.750000
  3976  0  0  0  0  0  0  -180.000000  10.000000  0.000000
  3977  0  0  0  0  0  0  -180.000000  5.000000  0.000000
  3978  0  0  0  0  0  0  -180.000000  0.000000  0.000000
  3979  0  0  0  0  0  0  -180.000000  -5.000000  0.000000
  3980  0  0  0  0  0  0  -180.000000  -10.000000  0.000000
  3981  0  0  0  0  0  0  -120.000000  10.000000  0.000000
  3982  0  0  0  0  0  0  -120.000000  5.000000  0.000000
  3983  0  0  0  0  0  0  -120.000000  0.000000  0.000000
  3984  0  0  0  0  0  0  -120.000000  -5.000000  0.000000
  3985  0  0  0  0  0  0  -120.000000  -10.000000  0.000000
  3986  0  0  0  1  1  1  10.750000  -20.000000  135.000000
  3987  0  0  0  1  1  1  10.750000  -15.000000  135.000000
  3988  0  0  0  1  1  1  10.750000  -10.000000  135.000000
  3989  0  0  0  1  1  1  -10.750000  -20.000000  135.000000
  3990  0  0  0  1  1  1  -10.750000  -15.000000  135.000000
  3991  0  0  0  1  1  1  -10.750000  -10.000000  135.000000
  3992  0  0  0  1  1  1  7.166667  -20.000000  135.000000
  3993  0  0  0  1  1  1  -7.166667  -20.000000  135.000000
  3994  0  0  0  1  1  1  3.583333  -20.000000  135.000000
  3995  0  0  0  1  1  1  -3.583333  -20.000000  135.000000
  3996  0  0  0  1  1  1  0.000000  -20.000000  135.000000
  3997  0  0  0  1  1  1  7.166667  -15.000000  135.000000
  3998  0  0  0  1  1  1  7.166667  -10.000000  135.000000
  3999  0  0  0  1  1  1  -7.166667  -15.000000  135.000000
  4000  0  0  0  1  1  1  -7.166667  -10.000000  135.000000
  4001  0  0  0  1  1  1  3.583333  -15.000000  135.000000
  4002  0  0  0  1  1  1  -3.583333  -15.000000  135.000000
  4003  0  0  0  1  1  1  0.000000  -15.000000  135.000000
  4004  0  0  0  1  1  1  3.583333  -10.000000  135.000000
  4005  0  0  0  1  1  1  -3.583333  -10.000000  135.000000
  4006  0  0  0  1  1  1  0.000000  -10.000000  135.000000
  4007  0  0  0  1  1  1  10.500000  -20.000000  140.000000
  4008  0  0  0  1  1  1  10.500000  -15.000000  140.000000
  4009  0  0  0  1  1  1  10.500000  -10.000000  140.000000
  4010  0  0  0  1  1  1  10.250000  -20.000000  145.000000
  4011  0  0  0  1  1  1  10.000000  -20.000000  150.000000
  4012  0  0  0  1  1  1  10.250000  -15.000000  145.000000
  4013  0  0  0  1  1  1  10.250000  -10.000000  145.000000
  4014  0  0  0  1  1  1  10.000000  -15.000000  150.000000
  4015  0  0  0  1  1  1  10.000000  -10.000000  150.000000
  4016  0  0  0  1  1  1  -10.500000  -20.000000  140.000000
  4017  0  0  0  1  1  1  -10.500000  -15.000000  140.000000
  4018  0  0  0  1  1  1  -10.500000  -10.000000  140.000000
  4019  0  0  0  1  1  1  -10.250000  -20.000000  145.000000
  4020  0  0  0  1  1  1  -10.000000  -20.000000  150.000000
  4021  0  0  0  1  1  1  -10.250000  -15.000000  145.000000
  4022  0  0  0  1  1  1  -10.250000  -10.000000  145.000000
  4023  0  0  0  1  1  1  -10.000000  -15.000000  150.000000
  4024  0  0  0  1  1  1  -10.000000  -10.000000  150.000000
  4025  0  0  0  0  0  0  250.000000  -10.000000  0.000000
  4026  0  0  0  0  0  0  200.000000  -10.000000  0.000000
  4027  0  0  0  0  0  0  150.000000  -10.000000  0.000000
  4028  0  0  0  0  0  0  100.000000  -10.000000  0.000000
  4029  0  0  0  0  0  0  50.000000  -10.000000  0.000000
  4030  0  0  0  0  0  0  -250.000000  -10.000000  0.000000
  4031  0  0  0  0  0  0  -200.000000  -10.000000  0.000000
  4032  0  0  0  0  0  0  -100.000000  -10.000000  0.000000
  4033  0  0  0  0  0  0  -50.000000  -10.000000  0.000000
  4034  0  0  0  0  0  0  -150.000000  -10.000000  -26.250000
  4035  0  0  0  1  1  1  -150.000000  10.000000  -0.000000
  4036  0  0  0  0  0  0  -150.000000  10.000000  0.000000
  4037  0  0  0  0  0  0  -175.000000  10.000000  0.000000
  4038  0  0  0  0  0  0  -175.000000  5.000000  0.000000
  4039  0  0  0  0  0  0  -175.000000  0.000000  0.000000
  4040  0  0  0  0  0  0  -175.000000  -5.000000  0.000000
  4041  0  0  0  0  0  0  -175.000000  -10.000000  0.000000
  4042  0  0  0  0  0  0  -125.000000  10.000000  0.000000
  4043  0  0  0  0  0  0  -125.000000  5.000000  0.000000
  4044  0  0  0  0  0  0  -125.000000  0.000000  0.000000
  4045  0  0  0  0  0  0  -125.000000  -5.000000  0.000000
  4046  0  0  0  0  0  0  -125.000000  -10.000000  0.000000
  4047  0  0  0  1  1  1  7.000000  -20.000000  140.000000
  4048  0  0  0  1  1  1  -7.000000  -20.000000  140.000000
  4049  0  0  0  1  1  1  3.500000  -20.000000  140.000000
  4050  0  0  0  1  1  1  -3.500000  -20.000000  140.000000
  4051  0  0  0  1  1  1  0.000000  -20.000000  140.000000
  4052  0  0  0  1  1  1  7.000000  -15.000000  140.000000
  4053  0  0  0  1  1  1  7.000000  -10.000000  140.000000
  4054  0  0  0  1  1  1  6.833333  -20.000000  145.000000
  4055  0  0  0  1  1  1  6.666667  -20.000000  150.000000
  4056  0  0  0  1  1  1  -7.000000  -15.000000  140.000000
  4057  0  0  0  1  1  1  -7.000000  -10.000000  140.000000
  4058  0  0  0  1  1  1  -6.833333  -20.000000  145.000000
  4059  0  0  0  1  1  1  -6.666667  -20.000000  150.000000
  4060  0  0  0  1  1  1  3.500000  -15.000000  140.000000
  4061  0  0  0  1  1  1  -3.500000  -15.000000  140.000000
  4062  0  0  0  1  1  1  0.000000  -15.000000  140.000000
  4063  0  0  0  1  1  1  3.500000  -10.000000  140.000000
  4064  0  0  0  1  1  1  -3.500000  -10.000000  140.000000
  4065  0  0  0  1  1  1  0.000000  -10.000000  140.000000
  4066  0  0  0  1  1  1  3.416667  -20.000000  145.000000
  4067  0  0  0  1  1  1  -3.416667  -20.000000  145.000000
  4068  0  0  0  1  1  1  0.000000  -20.000000  145.000000
  4069  0  0  0  1  1  1  3.333333  -20.000000  150.000000
  4070  0  0  0  1  1  1  -3.333333  -20.000000  150.000000
  4071  0  0  0  1  1  1  0.000000  -20.000000  150.000000
  4072  0  0  0  1  1  1  6.833333  -15.000000  145.000000
  4073  0  0  0  1  1  1  6.833333  -10.000000  145.000000
  4074  0  0  0  1  1  1  6.666667  -15.000000  150.000000
  4075  0  0  0  1  1  1  6.666667  -10.000000  150.000000
  4076  0  0  0  1  1  1  -6.833333  -15.000000  145.000000
  4077  0  0  0  1  1  1  -6.833333  -10.000000  145.000000
  4078  0  0  0  1  1  1  -6.666667  -15.000000  150.000000
  4079  0  0  0  1  1  1  -6.666667  -10.000000  150.000000
  4080  0  0  0  1  1  1  250.000000  -10.000000  0.000000
  4081  0  0  0  1  1  1  200.000000  -10.000000  0.000000
  4082  0  0  0  1  1  1  150.000000  -10.000000  0.000000
  4083  0  0  0  1  1  1  100.000000  -10.000000  0.000000
  4084  0  0  0  1  1  1  50.000000  -10.000000  0.000000
  4085  0  0  0  1  1  1  -250.000000  -10.000000  -0.000000
  4086  0  0  0  1  1  1  -200.000000  -10.000000  -0.000000
  4087  0  0  0  1  1  1  -100.000000  -10.000000  -0.000000
  4088  0  0  0  1  1  1  -50.000000  -10.000000  -0.000000
  4089  0  0  0  0  0  0  -150.000000  -10.000000  -22.500000
  4090  0  0  0  0  0  0  -170.000000  10.000000  0.000000
  4091  0  0  0  0  0  0  -130.000000  10.000000  0.000000
  4092  0  0  0  0  0  0  -165.000000  10.000000  0.000000
  4093  0  0  0  0  0  0  -135.000000  10.000000  0.000000
  4094  0  0  0  0  0  0  -160.000000  10.000000  0.000000
  4095  0  0  0  0  0  0  -140.000000  10.000000  0.000000
  4096  0  0  0  0  0  0  -150.000000  10.000000  0.000000
  4097  0  0  0  0  0  0  -155.000000  10.000000  0.000000
  4098  0  0  0  0  0  0  -145.000000  10.000000  0.000000
  4099  0  0  0  0  0  0  -170.000000  5.000000  0.000000
  4100  0  0  0  0  0  0  -170.000000  0.000000  0.000000
  4101  0  0  0  0  0  0  -170.000000  -5.000000  0.000000
  4102  0  0  0  0  0  0  -170.000000  -10.000000  0.000000
  4103  0  0  0  0  0  0  -130.000000  5.000000  0.000000
  4104  0  0  0  0  0  0  -130.000000  0.000000  0.000000
  4105  0  0  0  0  0  0  -130.000000  -5.000000  0.000000
  4106  0  0  0  0  0  0  -130.000000  -10.000000  0.000000
  4107  0  0  0  1  1  1  3.416667  -15.000000  145.000000
  4108  0  0  0  1  1  1  -3.416667  -15.000000  145.000000
  4109  0  0  0  1  1  1  0.000000  -15.000000  145.000000
  4110  0  0  0  1  1  1  3.416667  -10.000000  145.000000
  4111  0  0  0  1  1  1  3.333333  -15.000000  150.000000
  4112  0  0  0  1  1  1  -3.416667  -10.000000  145.000000
  4113  0  0  0  1  1  1  -3.333333  -15.000000  150.000000
  4114  0  0  0  1  1  1  0.000000  -10.000000  145.000000
  4115  0  0  0  1  1  1  0.000000  -15.000000  150.000000
  4116  0  0  0  1  1  1  3.333333  -10.000000  150.000000
  4117  0  0  0  1  1  1  -3.333333  -10.000000  150.000000
  4118  0  0  0  1  1  1  0.000000  -10.000000  150.000000
  4119  0  0  0  1  1  1  0.000000  -10.000000  150.000000
  4120  0  0  0  1  1  1  0.000000  -10.000000  150.000000
  4121  0  0  0  1  1  1  0.000000  -10.000000  150.000000
  4122  0  0  0  1  1  1  0.000000  -10.000000  150.000000
  4123  0  0  0  1  1  1  -0.000000  -10.000000  150.000000
  4124  0  0  0  1  1  1  -0.000000  -10.000000  150.000000
  4125  0  0  0  1  1  1  -0.000000  -10.000000  150.000000
  4126  0  0  0  1  1  1  -0.000000  -10.000000  150.000000
  4127  0  0  0  0  0  0  -150.000000  -10.000000  -18.750000
  4128  0  0  0  0  0  0  -165.000000  5.000000  0.000000
  4129  0  0  0  0  0  0  -135.000000  5.000000  0.000000
  4130  0  0  0  0  0  0  -160.000000  5.000000  0.000000
  4131  0  0  0  0  0  0  -140.000000  5.000000  0.000000
  4132  0  0  0  0  0  0  -155.000000  5.000000  0.000000
  4133  0  0  0  0  0  0  -145.000000  5.000000  0.000000
  4134  0  0  0  0  0  0  -150.000000  5.000000  0.000000
  4135  0  0  0  0  0  0  -165.000000  0.000000  0.000000
  4136  0  0  0  0  0  0  -165.000000  -5.000000  0.000000
  4137  0  0  0  0  0  0  -165.000000  -10.000000  0.000000
  4138  0  0  0  0  0  0  -135.000000  0.000000  0.000000
  4139  0  0  0  0  0  0  -135.000000  -5.000000  0.000000
  4140  0  0  0  0  0  0  -135.000000  -10.000000  0.000000
  4141  0  0  0  1  1  1  0.000000  -10.000000  150.000000
  4142  0  0  0  0  0  0  -150.000000  -10.000000  -15.000000
  4143  0  0  0  0  0  0  -160.000000  0.000000  0.000000
  4144  0  0  0  0  0  0  -140.000000  0.000000  0.000000
  4145  0  0  0  0  0  0  -155.000000  0.000000  0.000000
  4146  0  0  0  0  0  0  -145.000000  0.000000  0.000000
  4147  0  0  0  0  0  0  -150.000000  0.000000  0.000000
  4148  0  0  0  0  0  0  -160.000000  -5.000000  0.000000
  4149  0  0  0  0  0  0  -160.000000  -10.000000  0.000000
  4150  0  0  0  0  0  0  -140.000000  -5.000000  0.000000
  4151  0  0  0  0  0  0  -140.000000  -10.000000  0.000000
  4152  0  0  0  1  1  1  -0.000000  -10.000000  150.000000
  4153  0  0  0  0  0  0  -150.000000  -10.000000  -11.250000
  4154  0  0  0  0  0  0  -155.000000  -5.000000  0.000000
  4155  0  0  0  0  0  0  -145.000000  -5.000000  0.000000
  4156  0  0  0  0  0  0  -150.000000  -5.000000  0.000000
  4157  0  0  0  0  0  0  -155.000000  -10.000000  0.000000
  4158  0  0  0  0  0  0  -145.000000  -10.000000  0.000000
  4159  0  0  0  1  1  1  -150.000000  -10.000000  -0.000000
  4160  0  0  0  0  0  0  -150.000000  -10.000000  -7.500000
  4161  0  0  0  0  0  0  -150.000000  -10.000000  0.000000
  4162  0  0  0  0  0  0  -150.000000  -10.000000  -3.750000
  4163  0  0  0  0  0  0  -150.000000  -10.000000  0.000000
  1  4615
  1  3  -4.803125e+05
  2  3  -9.606250e+05
  3  3  -4.803125e+05
  4  3  -4.803125e+05
  5  3  -9.606250e+05
  6  3  -4.803125e+05
  7  3  -9.606250e+05
  8  3  -9.606250e+05
  9  3  -9.606250e+05
  10  3  -9.606250e+05
  11  3  -9.606250e+05
  12  3  -1.921250e+06
  13  3  -9.606250e+05
  14  3  -1.921250e+06
  15  3  -9.606250e+05
  16  3  -1.921250e+06
  17  3  -1.921250e+06
  18  3  -1.921250e+06
  19  3  -9.606250e+05
  20  3  -9.606250e+05
  21  3  -9.606250e+05
  22  3  -9.545833e+05
  23  3  -1.909167e+06
  24  3  -9.545833e+05
  25  3  -9.545833e+05
  26  3  -1.909167e+06
  27  3  -9.545833e+05
  28  3  -1.909167e+06
  29  3  -1.909167e+06
  30  3  -1.909167e+06
  31  3  -1.909167e+06
  32  3  -1.909167e+06
  33  3  -3.818333e+06
  34  3  -1.909167e+06
  35  3  -3.818333e+06
  36  3  -1.909167e+06
  37  3  -3.818333e+06
  38  3  -3.818333e+06
  39  3  -3.818333e+06
  40  3  -1.909167e+06
  41  3  -1.909167e+06
  42  3  -1.909167e+06
  43  3  -9.425000e+05
  44  3  -1.885000e+06
  45  3  -9.425000e+05
  46  3  -9.425000e+05
  47  3  -1.885000e+06
  48  3  -9.425000e+05
  49  3  -1.885000e+06
  50  3  -1.885000e+06
  51  3  -1.885000e+06
  52  3  -1.885000e+06
  53  3  -1.885000e+06
  54  3  -3.770000e+06
  55  3  -1.885000e+06
  56  3  -3.770000e+06
  57  3  -1.885000e+06
  58  3  -3.770000e+06
  59  3  -3.770000e+06
  60  3  -3.770000e+06
  61  3  -1.885000e+06
  62  3  -1.885000e+06
  63  3  -1.885000e+06
  64  3  -9.304167e+05
  65  3  -1.860833e+06
  66  3  -9.304167e+05
  67  3  -9.304167e+05
  68  3  -1.860833e+06
  69  3  -9.304167e+05
  70  3  -1.860833e+06
  71  3  -1.860833e+06
  72  3  -1.860833e+06
  73  3  -1.860833e+06
  74  3  -1.860833e+06
  75  3  -3.721667e+06
  76  3  -1.860833e+06
  77  3  -3.721667e+06
  78  3  -1.860833e+06
  79  3  -3.721667e+06
  80  3  -3.721667e+06
  81  3  -3.721667e+06
  82  3  -1.860833e+06
  83  3  -1.860833e+06
  84  3  -1.860833e+06
  85  3  -9.183333e+05
  86  3  -1.836667e+06
  87  3  -9.183333e+05
  88  3  -9.183333e+05
  89  3  -1.836667e+06
  90  3  -9.183333e+05
  91  3  -1.836667e+06
  92  3  -1.836667e+06
  93  3  -1.836667e+06
  94  3  -1.836667e+06
  95  3  -1.836667e+06
  96  3  -3.673333e+06
  97  3  -1.836667e+06
  98  3  -3.673333e+06
  99  3  -1.836667e+06
  100  3  -3.673333e+06
  101  3  -3.673333e+06
  102  3  -3.673333e+06
  103  3  -1.836667e+06
  104  3  -1.836667e+06
  105  3  -1.836667e+06
  106  3  -4.803125e+05
  107  3  -9.606250e+05
  108  3  -4.803125e+05
  109  3  -4.803125e+05
  110  3  -9.606250e+05
  111  3  -4.803125e+05
  112  3  -9.606250e+05
  113  3  -9.606250e+05
  114  3  -9.606250e+05
  115  3  -9.606250e+05
  116  3  -9.606250e+05
  117  3  -1.921250e+06
  118  3  -9.606250e+05
  119  3  -1.921250e+06
  120  3  -9.606250e+05
  121  3  -1.921250e+06
  122  3  -1.921250e+06
  123  3  -1.921250e+06
  124  3  -9.606250e+05
  125  3  -9.606250e+05
  126  3  -9.606250e+05
  127  3  -9.062500e+05
  128  3  -1.812500e+06
  129  3  -9.062500e+05
  130  3  -9.062500e+05
  131  3  -1.812500e+06
  132  3  -9.062500e+05
  133  3  -1.812500e+06
  134  3  -1.812500e+06
  135  3  -1.812500e+06
  136  3  -1.812500e+06
  137  3  -1.812500e+06
  138  3  -3.625000e+06
  139  3  -1.812500e+06
  140  3  -3.625000e+06
  141  3  -1.812500e+06
  142  3  -3.625000e+06
  143  3  -3.625000e+06
  144  3  -3.625000e+06
  145  3  -1.812500e+06
  146  3  -1.812500e+06
  147  3  -1.812500e+06
  148  3  -9.545833e+05
  149  3  -1.909167e+06
  150  3  -9.545833e+05
  151  3  -9.545833e+05
  152  3  -1.909167e+06
  153  3  -9.545833e+05
  154  3  -1.909167e+06
  155  3  -1.909167e+06
  156  3  -1.909167e+06
  157  3  -1.909167e+06
  158  3  -1.909167e+06
  159  3  -3.818333e+06
  160  3  -1.909167e+06
  161  3  -3.818333e+06
  162  3  -1.909167e+06
  163  3  -3.818333e+06
  164  3  -3.818333e+06
  165  3  -3.818333e+06
  166  3  -1.909167e+06
  167  3  -1.909167e+06
  168  3  -1.909167e+06
  169  3  -8.941667e+05
  170  3  -1.788333e+06
  171  3  -8.941667e+05
  172  3  -8.941667e+05
  173  3  -1.788333e+06
  174  3  -8.941667e+05
  175  3  -1.788333e+06
  176  3  -1.788333e+06
  177  3  -1.788333e+06
  178  3  -1.788333e+06
  179  3  -1.788333e+06
  180  3  -3.576667e+06
  181  3  -1.788333e+06
  182  3  -3.576667e+06
  183  3  -1.788333e+06
  184  3  -3.576667e+06
  185  3  -3.576667e+06
  186  3  -3.576667e+06
  187  3  -1.788333e+06
  188  3  -1.788333e+06
  189  3  -1.788333e+06
  190  3  -9.425000e+05
  191  3  -1.885000e+06
  192  3  -9.425000e+05
  193  3  -9.425000e+05
  194  3  -1.885000e+06
  195  3  -9.425000e+05
  196  3  -1.885000e+06
  197  3  -1.885000e+06
  198  3  -1.885000e+06
  199  3  -1.885000e+06
  200  3  -1.885000e+06
  201  3  -3.770000e+06
  202  3  -1.885000e+06
  203  3  -3.770000e+06
  204  3  -1.885000e+06
  205  3  -3.770000e+06
  206  3  -3.770000e+06
  207  3  -3.770000e+06
  208  3  -1.885000e+06
  209  3  -1.885000e+06
  210  3  -1.885000e+06
  211  3  -8.820833e+05
  212  3  -1.764167e+06
  213  3  -8.820833e+05
  214  3  -8.820833e+05
  215  3  -1.764167e+06
  216  3  -8.820833e+05
  217  3  -1.764167e+06
  218  3  -1.764167e+06
  219  3  -1.764167e+06
  220  3  -1.764167e+06
  221  3  -1.764167e+06
  222  3  -3.528333e+06
  223  3  -1.764167e+06
  224  3  -3.528333e+06
  225  3  -1.764167e+06
  226  3  -3.528333e+06
  227  3  -3.528333e+06
  228  3  -3.528333e+06
  229  3  -1.764167e+06
  230  3  -1.764167e+06
  231  3  -1.764167e+06
  232  3  -9.304167e+05
  233  3  -1.860833e+06
  234  3  -9.304167e+05
  235  3  -9.304167e+05
  236  3  -1.860833e+06
  237  3  -9.304167e+05
  238  3  -1.860833e+06
  239  3  -1.860833e+06
  240  3  -1.860833e+06
  241  3  -1.860833e+06
  242  3  -1.860833e+06
  243  3  -3.721667e+06
  244  3  -1.860833e+06
  245  3  -3.721667e+06
  246  3  -1.860833e+06
  247  3  -3.721667e+06
  248  3  -3.721667e+06
  249  3  -3.721667e+06
  250  3  -1.860833e+06
  251  3  -1.860833e+06
  252  3  -1.860833e+06
  253  3  -8.700000e+05
  254  3  -1.740000e+06
  255  3  -8.700000e+05
  256  3  -8.700000e+05
  257  3  -1.740000e+06
  258  3  -8.700000e+05
  259  3  -1.740000e+06
  260  3  -1.740000e+06
  261  3  -1.740000e+06
  262  3  -1.740000e+06
  263  3  -1.740000e+06
  264  3  -3.480000e+06
  265  3  -1.740000e+06
  266  3  -3.480000e+06
  267  3  -1.740000e+06
  268  3  -3.480000e+06
  269  3  -3.480000e+06
  270  3  -3.480000e+06
  271  3  -1.740000e+06
  272  3  -1.740000e+06
  273  3  -1.740000e+06
  274  3  -9.183333e+05
  275  3  -1.836667e+06
  276  3  -9.183333e+05
  277  3  -9.183333e+05
  278  3  -1.836667e+06
  279  3  -9.183333e+05
  280  3  -1.836667e+06
  281  3  -1.836667e+06
  282  3  -1.836667e+06
  283  3  -1.836667e+06
  284  3  -1.836667e+06
  285  3  -3.673333e+06
  286  3  -1.836667e+06
  287  3  -3.673333e+06
  288  3  -1.836667e+06
  289  3  -3.673333e+06
  290  3  -3.673333e+06
  291  3  -3.673333e+06
  292  3  -1.836667e+06
  293  3  -1.836667e+06
  294  3  -1.836667e+06
  295  3  -8.579167e+05
  296  3  -1.715833e+06
  297  3  -8.579167e+05
  298  3  -8.579167e+05
  299  3  -1.715833e+06
  300  3  -8.579167e+05
  301  3  -1.715833e+06
  302  3  -1.715833e+06
  303  3  -1.715833e+06
  304  3  -1.715833e+06
  305  3  -1.715833e+06
  306  3  -3.431667e+06
  307  3  -1.715833e+06
  308  3  -3.431667e+06
  309  3  -1.715833e+06
  310  3  -3.431667e+06
  311  3  -3.431667e+06
  312  3  -3.431667e+06
  313  3  -1.715833e+06
  314  3  -1.715833e+06
  315  3  -1.715833e+06
  316  3  -9.062500e+05
  317  3  -1.812500e+06
  318  3  -9.062500e+05
  319  3  -9.062500e+05
  320  3  -1.812500e+06
  321  3  -9.062500e+05
  322  3  -1.812500e+06
  323  3  -1.812500e+06
  324  3  -1.812500e+06
  325  3  -1.812500e+06
  326  3  -1.812500e+06
  327  3  -3.625000e+06
  328  3  -1.812500e+06
  329  3  -3.625000e+06
  330  3  -1.812500e+06
  331  3  -3.625000e+06
  332  3  -3.625000e+06
  333  3  -3.625000e+06
  334  3  -1.812500e+06
  335  3  -1.812500e+06
  336  3  -1.812500e+06
  337  3  -8.458333e+05
  338  3  -1.691667e+06
  339  3  -8.458333e+05
  340  3  -8.458333e+05
  341  3  -1.691667e+06
  342  3  -8.458333e+05
  343  3  -1.691667e+06
  344  3  -1.691667e+06
  345  3  -1.691667e+06
  346  3  -1.691667e+06
  347  3  -1.691667e+06
  348  3  -3.383333e+06
  349  3  -1.691667e+06
  350  3  -3.383333e+06
  351  3  -1.691667e+06
  352  3  -3.383333e+06
  353  3  -3.383333e+06
  354  3  -3.383333e+06
  355  3  -1.691667e+06
  356  3  -1.691667e+06
  357  3  -1.691667e+06
  358  3  -8.941667e+05
  359  3  -1.788333e+06
  360  3  -8.941667e+05
  361  3  -8.941667e+05
  362  3  -1.788333e+06
  363  3  -8.941667e+05
  364  3  -1.788333e+06
  365  3  -1.788333e+06
  366  3  -1.788333e+06
  367  3  -1.788333e+06
  368  3  -1.788333e+06
  369  3  -3.576667e+06
  370  3  -1.788333e+06
  371  3  -3.576667e+06
  372  3  -1.788333e+06
  373  3  -3.576667e+06
  374  3  -3.576667e+06
  375  3  -3.576667e+06
  376  3  -1.788333e+06
  377  3  -1.788333e+06
  378  3  -1.788333e+06
  379  3  -8.337500e+05
  380  3  -1.667500e+06
  381  3  -8.337500e+05
  382  3  -8.337500e+05
  383  3  -1.667500e+06
  384  3  -8.337500e+05
  385  3  -1.667500e+06
  386  3  -1.667500e+06
  387  3  -1.667500e+06
  388  3  -1.667500e+06
  389  3  -1.667500e+06
  390  3  -3.335000e+06
  391  3  -1.667500e+06
  392  3  -3.335000e+06
  393  3  -1.667500e+06
  394  3  -3.335000e+06
  395  3  -3.335000e+06
  396  3  -3.335000e+06
  397  3  -1.667500e+06
  398  3  -1.667500e+06
  399  3  -1.667500e+06
  400  3  -8.820833e+05
  401  3  -1.764167e+06
  402  3  -8.820833e+05
  403  3  -8.820833e+05
  404  3  -1.764167e+06
  405  3  -8.820833e+05
  406  3  -1.764167e+06
  407  3  -1.764167e+06
  408  3  -1.764167e+06
  409  3  -1.764167e+06
  410  3  -1.764167e+06
  411  3  -3.528333e+06
  412  3  -1.764167e+06
  413  3  -3.528333e+06
  414  3  -1.764167e+06
  415  3  -3.528333e+06
  416  3  -3.528333e+06
  417  3  -3.528333e+06
  418  3  -1.764167e+06
  419  3  -1.764167e+06
  420  3  -1.764167e+06
  421  3  -8.216667e+05
  422  3  -1.643333e+06
  423  3  -8.216667e+05
  424  3  -8.216667e+05
  425  3  -1.643333e+06
  426  3  -8.216667e+05
  427  3  -1.643333e+06
  428  3  -1.643333e+06
  429  3  -1.643333e+06
  430  3  -1.643333e+06
  431  3  -1.643333e+06
  432  3  -3.286667e+06
  433  3  -1.643333e+06
  434  3  -3.286667e+06
  435  3  -1.643333e+06
  436  3  -3.286667e+06
  437  3  -3.286667e+06
  438  3  -3.286667e+06
  439  3  -1.643333e+06
  440  3  -1.643333e+06
  441  3  -1.643333e+06
  442  3  -8.700000e+05
  443  3  -1.740000e+06
  444  3  -8.700000e+05
  445  3  -8.700000e+05
  446  3  -1.740000e+06
  447  3  -8.700000e+05
  448  3  -1.740000e+06
  449  3  -1.740000e+06
  450  3  -1.740000e+06
  451  3  -1.740000e+06
  452  3  -1.740000e+06
  453  3  -3.480000e+06
  454  3  -1.740000e+06
  455  3  -3.480000e+06
  456  3  -1.740000e+06
  457  3  -3.480000e+06
  458  3  -3.480000e+06
  459  3  -3.480000e+06
  460  3  -1.740000e+06
  461  3  -1.740000e+06
  462  3  -1.740000e+06
  463  3  -8.095833e+05
  464  3  -1.619167e+06
  465  3  -8.095833e+05
  466  3  -8.095833e+05
  467  3  -1.619167e+06
  468  3  -8.095833e+05
  469  3  -1.619167e+06
  470  3  -1.619167e+06
  471  3  -1.619167e+06
  472  3  -1.619167e+06
  473  3  -1.619167e+06
  474  3  -3.238333e+06
  475  3  -1.619167e+06
  476  3  -3.238333e+06
  477  3  -1.619167e+06
  478  3  -3.238333e+06
  479  3  -3.238333e+06
  480  3  -3.238333e+06
  481  3  -1.619167e+06
  482  3  -1.619167e+06
  483  3  -1.619167e+06
  484  3  -8.579167e+05
  485  3  -1.715833e+06
  486  3  -8.579167e+05
  487  3  -8.579167e+05
  488  3  -1.715833e+06
  489  3  -8.579167e+05
  490  3  -1.715833e+06
  491  3  -1.715833e+06
  492  3  -1.715833e+06
  493  3  -1.715833e+06
  494  3  -1.715833e+06
  495  3  -3.431667e+06
  496  3  -1.715833e+06
  497  3  -3.431667e+06
  498  3  -1.715833e+06
  499  3  -3.431667e+06
  500  3  -3.431667e+06
  501  3  -3.431667e+06
  502  3  -1.715833e+06
  503  3  -1.715833e+06
  504  3  -1.715833e+06
  505  3  -7.975000e+05
  506  3  -1.595000e+06
  507  3  -7.975000e+05
  508  3  -7.975000e+05
  509  3  -1.595000e+06
  510  3  -7.975000e+05
  511  3  -1.595000e+06
  512  3  -1.595000e+06
  513  3  -1.595000e+06
  514  3  -1.595000e+06
  515  3  -1.595000e+06
  516  3  -3.190000e+06
  517  3  -1.595000e+06
  518  3  -3.190000e+06
  519  3  -1.595000e+06
  520  3  -3.190000e+06
  521  3  -3.190000e+06
  522  3  -3.190000e+06
  523  3  -1.595000e+06
  524  3  -1.595000e+06
  525  3  -1.595000e+06
  526  3  -8.458333e+05
  527  3  -1.691667e+06
  528  3  -8.458333e+05
  529  3  -8.458333e+05
  530  3  -1.691667e+06
  531  3  -8.458333e+05
  532  3  -1.691667e+06
  533  3  -1.691667e+06
  534  3  -1.691667e+06
  535  3  -1.691667e+06
  536  3  -1.691667e+06
  537  3  -3.383333e+06
  538  3  -1.691667e+06
  539  3  -3.383333e+06
  540  3  -1.691667e+06
  541  3  -3.383333e+06
  542  3  -3.383333e+06
  543  3  -3.383333e+06
  544  3  -1.691667e+06
  545  3  -1.691667e+06
  546  3  -1.691667e+06
  547  3  -7.854167e+05
  548  3  -1.570833e+06
  549  3  -7.854167e+05
  550  3  -7.854167e+05
  551  3  -1.570833e+06
  552  3  -7.854167e+05
  553  3  -1.570833e+06
  554  3  -1.570833e+06
  555  3  -1.570833e+06
  556  3  -1.570833e+06
  557  3  -1.570833e+06
  558  3  -3.141667e+06
  559  3  -1.570833e+06
  560  3  -3.141667e+06
  561  3  -1.570833e+06
  562  3  -3.141667e+06
  563  3  -3.141667e+06
  564  3  -3.141667e+06
  565  3  -1.570833e+06
  566  3  -1.570833e+06
  567  3  -1.570833e+06
  568  3  -8.337500e+05
  569  3  -1.667500e+06
  570  3  -8.337500e+05
  571  3  -8.337500e+05
  572  3  -1.667500e+06
  573  3  -8.337500e+05
  574  3  -1.667500e+06
  575  3  -1.667500e+06
  576  3  -1.667500e+06
  577  3  -1.667500e+06
  578  3  -1.667500e+06
  579  3  -3.335000e+06
  580  3  -1.667500e+06
  581  3  -3.335000e+06
  582  3  -1.667500e+06
  583  3  -3.335000e+06
  584  3  -3.335000e+06
  585  3  -3.335000e+06
  586  3  -1.667500e+06
  587  3  -1.667500e+06
  588  3  -1.667500e+06
  589  3  -7.733333e+05
  590  3  -1.546667e+06
  591  3  -7.733333e+05
  592  3  -7.733333e+05
  593  3  -1.546667e+06
  594  3  -7.733333e+05
  595  3  -1.546667e+06
  596  3  -1.546667e+06
  597  3  -1.546667e+06
  598  3  -1.546667e+06
  599  3  -1.546667e+06
  600  3  -3.093333e+06
  601  3  -1.546667e+06
  602  3  -3.093333e+06
  603  3  -1.546667e+06
  604  3  -3.093333e+06
  605  3  -3.093333e+06
  606  3  -3.093333e+06
  607  3  -1.546667e+06
  608  3  -1.546667e+06
  609  3  -1.546667e+06
  610  3  -8.216667e+05
  611  3  -1.643333e+06
  612  3  -8.216667e+05
  613  3  -8.216667e+05
  614  3  -1.643333e+06
  615  3  -8.216667e+05
  616  3  -1.643333e+06
  617  3  -1.643333e+06
  618  3  -1.643333e+06
  619  3  -1.643333e+06
  620  3  -1.643333e+06
  621  3  -3.286667e+06
  622  3  -1.643333e+06
  623  3  -3.286667e+06
  624  3  -1.643333e+06
  625  3  -3.286667e+06
  626  3  -3.286667e+06
  627  3  -3.286667e+06
  628  3  -1.643333e+06
  629  3  -1.643333e+06
  630  3  -1.643333e+06
  631  3  -7.612500e+05
  632  3  -1.522500e+06
  633  3  -7.612500e+05
  634  3  -7.612500e+05
  635  3  -1.522500e+06
  636  3  -7.612500e+05
  637  3  -1.522500e+06
  638  3  -1.522500e+06
  639  3  -1.522500e+06
  640  3  -1.522500e+06
  641  3  -1.522500e+06
  642  3  -3.045000e+06
  643  3  -1.522500e+06
  644  3  -3.045000e+06
  645  3  -1.522500e+06
  646  3  -3.045000e+06
  647  3  -3.045000e+06
  648  3  -3.045000e+06
  649  3  -1.522500e+06
  650  3  -1.522500e+06
  651  3  -1.522500e+06
  652  3  -8.095833e+05
  653  3  -1.619167e+06
  654  3  -8.095833e+05
  655  3  -8.095833e+05
  656  3  -1.619167e+06
  657  3  -8.095833e+05
  658  3  -1.619167e+06
  659  3  -1.619167e+06
  660  3  -1.619167e+06
  661  3  -1.619167e+06
  662  3  -1.619167e+06
  663  3  -3.238333e+06
  664  3  -1.619167e+06
  665  3  -3.238333e+06
  666  3  -1.619167e+06
  667  3  -3.238333e+06
  668  3  -3.238333e+06
  669  3  -3.238333e+06
  670  3  -1.619167e+06
  671  3  -1.619167e+06
  672  3  -1.619167e+06
  673  3  -7.491667e+05
  674  3  -1.498333e+06
  675  3  -7.491667e+05
  676  3  -7.491667e+05
  677  3  -1.498333e+06
  678  3  -7.491667e+05
  679  3  -1.498333e+06
  680  3  -1.498333e+06
  681  3  -1.498333e+06
  682  3  -1.498333e+06
  683  3  -1.498333e+06
  684  3  -2.996667e+06
  685  3  -1.498333e+06
  686  3  -2.996667e+06
  687  3  -1.498333e+06
  688  3  -2.996667e+06
  689  3  -2.996667e+06
  690  3  -2.996667e+06
  691  3  -1.498333e+06
  692  3  -1.498333e+06
  693  3  -1.498333e+06
  694  3  -7.975000e+05
  695  3  -1.595000e+06
  696  3  -7.975000e+05
  697  3  -7.975000e+05
  698  3  -1.595000e+06
  699  3  -7.975000e+05
  700  3  -1.595000e+06
  701  3  -1.595000e+06
  702  3  -1.595000e+06
  703  3  -1.595000e+06
  704  3  -1.595000e+06
  705  3  -3.190000e+06
  706  3  -1.595000e+06
  707  3  -3.190000e+06
  708  3  -1.595000e+06
  709  3  -3.190000e+06
  710  3  -3.190000e+06
  711  3  -3.190000e+06
  712  3  -1.595000e+06
  713  3  -1.595000e+06
  714  3  -1.595000e+06
  715  3  -7.370833e+05
  716  3  -1.474167e+06
  717  3  -7.370833e+05
  718  3  -7.370833e+05
  719  3  -1.474167e+06
  720  3  -7.370833e+05
  721  3  -1.474167e+06
  722  3  -1.474167e+06
  723  3  -1.474167e+06
  724  3  -1.474167e+06
  725  3  -1.474167e+06
  726  3  -2.948333e+06
  727  3  -1.474167e+06
  728  3  -2.948333e+06
  729  3  -1.474167e+06
  730  3  -2.948333e+06
  731  3  -2.948333e+06
  732  3  -2.948333e+06
  733  3  -1.474167e+06
  734  3  -1.474167e+06
  735  3  -1.474167e+06
  736  3  -7.854167e+05
  737  3  -1.570833e+06
  738  3  -7.854167e+05
  739  3  -7.854167e+05
  740  3  -1.570833e+06
  741  3  -7.854167e+05
  742  3  -1.570833e+06
  743  3  -1.570833e+06
  744  3  -1.570833e+06
  745  3  -1.570833e+06
  746  3  -1.570833e+06
  747  3  -3.141667e+06
  748  3  -1.570833e+06
  749  3  -3.141667e+06
  750  3  -1.570833e+06
  751  3  -3.141667e+06
  752  3  -3.141667e+06
  753  3  -3.141667e+06
  754  3  -1.570833e+06
  755  3  -1.570833e+06
  756  3  -1.570833e+06
  757  3  -7.921539e+04
  757  5  2.640513e-02
  758  3  -7.921539e+04
  758  5  -2.640513e-02
  759  3  -7.921538e+04
  759  5  1.359864e-02
  760  3  -7.921538e+04
  760  5  -1.359864e-02
  761  3  -7.250000e+05
  762  3  -1.450000e+06
  763  3  -7.250000e+05
  764  3  -7.250000e+05
  765  3  -1.450000e+06
  766  3  -7.250000e+05
  767  3  -1.450000e+06
  768  3  -1.450000e+06
  769  3  -1.450000e+06
  770  3  -1.450000e+06
  771  3  -1.450000e+06
  772  3  -2.900000e+06
  773  3  -1.450000e+06
  774  3  -2.900000e+06
  775  3  -1.450000e+06
  776  3  -2.900000e+06
  777  3  -2.900000e+06
  778  3  -2.900000e+06
  779  3  -1.450000e+06
  780  3  -1.450000e+06
  781  3  -1.450000e+06
  782  3  -7.733333e+05
  783  3  -1.546667e+06
  784  3  -7.733333e+05
  785  3  -7.733333e+05
  786  3  -1.546667e+06
  787  3  -7.733333e+05
  788  3  -1.546667e+06
  789  3  -1.546667e+06
  790  3  -1.546667e+06
  791  3  -1.546667e+06
  792  3  -1.546667e+06
  793  3  -3.093333e+06
  794  3  -1.546667e+06
  795  3  -3.093333e+06
  796  3  -1.546667e+06
  797  3  -3.093333e+06
  798  3  -3.093333e+06
  799  3  -3.093333e+06
  800  3  -1.546667e+06
  801  3  -1.546667e+06
  802  3  -1.546667e+06
  803  3  -7.921539e+04
  803  5  -2.508487e-02
  804  3  -7.921539e+04
  804  5  2.508487e-02
  805  3  -7.921539e+04
  805  5  -6.601282e-03
  806  3  -7.921539e+04
  806  5  6.601282e-03
  807  3  -7.129167e+05
  808  3  -1.425833e+06
  809  3  -7.129167e+05
  810  3  -7.129167e+05
  811  3  -1.425833e+06
  812  3  -7.129167e+05
  813  3  -1.425833e+06
  814  3  -1.425833e+06
  815  3  -1.425833e+06
  816  3  -1.425833e+06
  817  3  -1.425833e+06
  818  3  -2.851667e+06
  819  3  -1.425833e+06
  820  3  -2.851667e+06
  821  3  -1.425833e+06
  822  3  -2.851667e+06
  823  3  -2.851667e+06
  824  3  -2.851667e+06
  825  3  -1.425833e+06
  826  3  -1.425833e+06
  827  3  -1.425833e+06
  828  3  -7.612500e+05
  829  3  -1.522500e+06
  830  3  -7.612500e+05
  831  3  -7.612500e+05
  832  3  -1.522500e+06
  833  3  -7.612500e+05
  834  3  -1.522500e+06
  835  3  -1.522500e+06
  836  3  -1.522500e+06
  837  3  -1.522500e+06
  838  3  -1.522500e+06
  839  3  -3.045000e+06
  840  3  -1.522500e+06
  841  3  -3.045000e+06
  842  3  -1.522500e+06
  843  3  -3.045000e+06
  844  3  -3.045000e+06
  845  3  -3.045000e+06
  846  3  -1.522500e+06
  847  3  -1.522500e+06
  848  3  -1.522500e+06
  849  3  -7.921537e+04
  849  5  -1.320256e-03
  850  3  -7.921539e+04
  850  5  6.601282e-03
  851  3  -7.921537e+04
  851  5  1.320256e-03
  852  3  -7.921538e+04
  852  5  1.320256e-04
  853  3  -7.921538e+04
  853  5  -1.320256e-04
  854  3  -7.921538e+04
  854  5  1.320256e-04
  855  3  -7.921538e+04
  855  5  -1.320256e-04
  856  3  -7.921539e+04
  856  5  -6.601282e-03
  857  3  -7.008333e+05
  858  3  -1.401667e+06
  859  3  -7.008333e+05
  860  3  -7.008333e+05
  861  3  -1.401667e+06
  862  3  -7.008333e+05
  863  3  -1.401667e+06
  864  3  -1.401667e+06
  865  3  -1.401667e+06
  866  3  -1.401667e+06
  867  3  -1.401667e+06
  868  3  -2.803333e+06
  869  3  -1.401667e+06
  870  3  -2.803333e+06
  871  3  -1.401667e+06
  872  3  -2.803333e+06
  873  3  -2.803333e+06
  874  3  -2.803333e+06
  875  3  -1.401667e+06
  876  3  -1.401667e+06
  877  3  -1.401667e+06
  878  3  -7.491667e+05
  879  3  -1.498333e+06
  880  3  -7.491667e+05
  881  3  -7.491667e+05
  882  3  -1.498333e+06
  883  3  -7.491667e+05
  884  3  -1.498333e+06
  885  3  -1.498333e+06
  886  3  -1.498333e+06
  887  3  -1.498333e+06
  888  3  -1.498333e+06
  889  3  -2.996667e+06
  890  3  -1.498333e+06
  891  3  -2.996667e+06
  892  3  -1.498333e+06
  893  3  -2.996667e+06
  894  3  -2.996667e+06
  895  3  -2.996667e+06
  896  3  -1.498333e+06
  897  3  -1.498333e+06
  898  3  -1.498333e+06
  899  3  -7.921537e+04
  899  5  -1.848359e-01
  900  3  -7.921537e+04
  900  5  1.848359e-01
  901  3  -7.921537e+04
  901  5  -1.848359e-01
  902  3  -7.921545e+04
  902  5  7.921545e-02
  903  3  -7.921545e+04
  903  5  -9.901931e-02
  904  3  -7.921545e+04
  904  5  9.901931e-02
  905  3  -7.921537e+04
  905  5  1.320256e-03
  906  3  -8.006285e+04
  906  5  -2.199766e-02
  907  3  -7.921538e+04
  907  5  -1.359864e-02
  908  3  -7.921545e+04
  908  5  9.901931e-02
  909  3  -7.921537e+04
  909  5  -1.320256e-03
  910  3  -7.921545e+04
  910  5  -9.901931e-02
  911  3  -8.006285e+04
  911  5  2.199766e-02
  912  3  -1.178329e+05
  913  3  -8.006285e+04
  913  5  2.315543e-02
  914  3  -8.006285e+04
  914  5  -2.315543e-02
  915  3  -1.178329e+05
  916  3  -7.921538e+04
  916  5  1.359864e-02
  917  3  -6.887500e+05
  918  3  -1.377500e+06
  919  3  -6.887500e+05
  920  3  -6.887500e+05
  921  3  -1.377500e+06
  922  3  -6.887500e+05
  923  3  -1.377500e+06
  924  3  -1.377500e+06
  925  3  -1.377500e+06
  926  3  -1.377500e+06
  927  3  -1.377500e+06
  928  3  -2.755000e+06
  929  3  -1.377500e+06
  930  3  -2.755000e+06
  931  3  -1.377500e+06
  932  3  -2.755000e+06
  933  3  -2.755000e+06
  934  3  -2.755000e+06
  935  3  -1.377500e+06
  936  3  -1.377500e+06
  937  3  -1.377500e+06
  938  3  -7.370833e+05
  939  3  -1.474167e+06
  940  3  -7.370833e+05
  941  3  -7.370833e+05
  942  3  -1.474167e+06
  943  3  -7.370833e+05
  944  3  -1.474167e+06
  945  3  -1.474167e+06
  946  3  -1.474167e+06
  947  3  -1.474167e+06
  948  3  -1.474167e+06
  949  3  -2.948333e+06
  950  3  -1.474167e+06
  951  3  -2.948333e+06
  952  3  -1.474167e+06
  953  3  -2.948333e+06
  954  3  -2.948333e+06
  955  3  -2.948333e+06
  956  3  -1.474167e+06
  957  3  -1.474167e+06
  958  3  -1.474167e+06
  959  3  -7.921538e+04
  959  5  1.980384e-01
  960  3  -7.921538e+04
  960  5  -1.980384e-01
  961  3  -7.921538e+04
  961  5  1.980384e-01
  962  3  -7.921538e+04
  962  5  1.320256e-02
  963  3  -7.921537e+04
  964  3  -7.921537e+04
  965  3  -7.921537e+04
  965  5  -1.320256e-03
  966  3  -8.006287e+04
  966  5  4.283756e-02
  967  3  -7.921539e+04
  967  5  2.640513e-02
  968  3  -7.921537e+04
  969  3  -7.921537e+04
  969  5  1.320256e-03
  970  3  -7.921537e+04
  971  3  -8.006287e+04
  971  5  -4.283756e-02
  972  3  -7.723500e+04
  973  3  -8.006285e+04
  973  5  -2.315543e-02
  974  3  -8.006285e+04
  974  5  2.315543e-02
  975  3  -7.723500e+04
  976  3  -7.921539e+04
  976  5  -2.640513e-02
  977  3  -6.766667e+05
  978  3  -1.353333e+06
  979  3  -6.766667e+05
  980  3  -6.766667e+05
  981  3  -1.353333e+06
  982  3  -6.766667e+05
  983  3  -1.353333e+06
  984  3  -1.353333e+06
  985  3  -1.353333e+06
  986  3  -1.353333e+06
  987  3  -1.353333e+06
  988  3  -2.706667e+06
  989  3  -1.353333e+06
  990  3  -2.706667e+06
  991  3  -1.353333e+06
  992  3  -2.706667e+06
  993  3  -2.706667e+06
  994  3  -2.706667e+06
  995  3  -1.353333e+06
  996  3  -1.353333e+06
  997  3  -1.353333e+06
  998  3  -7.250000e+05
  999  3  -1.450000e+06
  1000  3  -7.250000e+05
  1001  3  -7.250000e+05
  1002  3  -1.450000e+06
  1003  3  -7.250000e+05
  1004  3  -1.450000e+06
  1005  3  -1.450000e+06
  1006  3  -1.450000e+06
  1007  3  -1.450000e+06
  1008  3  -1.450000e+06
  1009  3  -2.900000e+06
  1010  3  -1.450000e+06
  1011  3  -2.900000e+06
  1012  3  -1.450000e+06
  1013  3  -2.900000e+06
  1014  3  -2.900000e+06
  1015  3  -2.900000e+06
  1016  3  -1.450000e+06
  1017  3  -1.450000e+06
  1018  3  -1.450000e+06
  1019  3  -7.921538e+04
  1019  5  1.980384e-01
  1020  3  -7.921538e+04
  1020  5  -1.980384e-01
  1021  3  -7.921538e+04
  1021  5  1.980384e-01
  1022  3  -7.921538e+04
  1022  5  -1.980384e-01
  1023  3  -7.921537e+04
  1023  5  1.818989e-10
  1024  3  -7.921537e+04
  1024  5  -1.320256e-03
  1025  3  -7.921537e+04
  1025  5  1.320256e-03
  1026  3  -7.921541e+04
  1026  5  5.149002e-02
  1027  3  -8.006287e+04
  1027  5  -4.283756e-02
  1028  3  -7.921539e+04
  1028  5  -2.508487e-02
  1029  3  -8.006285e+04
  1029  5  -2.315543e-02
  1030  3  -7.921538e+04
  1030  5  -1.980384e-01
  1031  3  -7.921537e+04
  1031  5  1.320256e-03
  1032  3  -7.921541e+04
  1032  5  -5.149002e-02
  1033  3  -7.921537e+04
  1033  5  -1.320256e-03
  1034  3  -8.006287e+04
  1034  5  4.283756e-02
  1035  3  -7.723500e+04
  1036  3  -8.006287e+04
  1037  3  -8.006287e+04
  1038  3  -7.723500e+04
  1039  3  -8.006287e+04
  1040  3  -8.006287e+04
  1041  3  -7.921539e+04
  1041  5  2.508487e-02
  1042  3  -8.006285e+04
  1042  5  2.315543e-02
  1043  3  -6.645833e+05
  1044  3  -1.329167e+06
  1045  3  -6.645833e+05
  1046  3  -6.645833e+05
  1047  3  -1.329167e+06
  1048  3  -6.645833e+05
  1049  3  -1.329167e+06
  1050  3  -1.329167e+06
  1051  3  -1.329167e+06
  1052  3  -1.329167e+06
  1053  3  -1.329167e+06
  1054  3  -2.658333e+06
  1055  3  -1.329167e+06
  1056  3  -2.658333e+06
  1057  3  -1.329167e+06
  1058  3  -2.658333e+06
  1059  3  -2.658333e+06
  1060  3  -2.658333e+06
  1061  3  -1.329167e+06
  1062  3  -1.329167e+06
  1063  3  -1.329167e+06
  1064  3  -7.921537e+04
  1064  5  -1.818989e-10
  1065  3  -7.921538e+04
  1065  5  1.980384e-01
  1066  3  -7.129167e+05
  1067  3  -1.425833e+06
  1068  3  -7.129167e+05
  1069  3  -7.129167e+05
  1070  3  -1.425833e+06
  1071  3  -7.129167e+05
  1072  3  -1.425833e+06
  1073  3  -1.425833e+06
  1074  3  -1.425833e+06
  1075  3  -1.425833e+06
  1076  3  -1.425833e+06
  1077  3  -2.851667e+06
  1078  3  -1.425833e+06
  1079  3  -2.851667e+06
  1080  3  -1.425833e+06
  1081  3  -2.851667e+06
  1082  3  -2.851667e+06
  1083  3  -2.851667e+06
  1084  3  -1.425833e+06
  1085  3  -1.425833e+06
  1086  3  -1.425833e+06
  1087  3  -7.921538e+04
  1087  5  -1.980384e-01
  1088  3  -7.921537e+04
  1088  5  -1.848359e-01
  1089  3  -7.921537e+04
  1089  5  1.848359e-01
  1090  3  -8.006290e+04
  1090  5  1.852436e-01
  1091  3  -8.006276e+04
  1092  3  -7.921537e+04
  1092  5  -1.848359e-01
  1093  3  -8.006276e+04
  1094  3  -7.921537e+04
  1094  5  1.848359e-01
  1095  3  -8.006290e+04
  1095  5  -1.852436e-01
  1096  3  -7.921537e+04
  1097  3  -7.921537e+04
  1097  5  1.320256e-03
  1098  3  -8.006283e+04
  1098  5  -1.157771e-03
  1099  3  -8.006284e+04
  1100  3  -7.921537e+04
  1100  5  -1.320256e-03
  1101  3  -7.921541e+04
  1101  5  -5.016976e-02
  1102  3  -8.006284e+04
  1103  3  -7.921537e+04
  1103  5  -1.320256e-03
  1104  3  -8.006285e+04
  1104  5  2.315543e-02
  1105  3  -7.921538e+04
  1105  5  1.980384e-01
  1106  3  -7.921537e+04
  1106  5  -1.848359e-01
  1107  3  -7.921537e+04
  1107  5  1.848359e-01
  1108  3  -7.921537e+04
  1108  5  -1.320256e-03
  1109  3  -7.921537e+04
  1110  3  -8.006283e+04
  1110  5  1.157771e-03
  1111  3  -7.921541e+04
  1111  5  5.016976e-02
  1112  3  -7.921537e+04
  1112  5  1.320256e-03
  1113  3  -8.006284e+04
  1114  3  -8.006284e+04
  1115  3  -7.723500e+04
  1116  3  -8.006286e+04
  1116  5  1.157772e-02
  1117  3  -8.006286e+04
  1117  5  -1.157772e-02
  1118  3  -7.723500e+04
  1119  3  -8.006286e+04
  1119  5  1.157772e-02
  1120  3  -8.006286e+04
  1120  5  -1.157772e-02
  1121  3  -7.921537e+04
  1121  5  1.320256e-03
  1122  3  -8.006285e+04
  1122  5  -2.315543e-02
  1123  3  -6.525000e+05
  1124  3  -1.305000e+06
  1125  3  -6.525000e+05
  1126  3  -6.525000e+05
  1127  3  -1.305000e+06
  1128  3  -6.525000e+05
  1129  3  -1.305000e+06
  1130  3  -1.305000e+06
  1131  3  -1.305000e+06
  1132  3  -1.305000e+06
  1133  3  -1.305000e+06
  1134  3  -2.610000e+06
  1135  3  -1.305000e+06
  1136  3  -2.610000e+06
  1137  3  -1.305000e+06
  1138  3  -2.610000e+06
  1139  3  -2.610000e+06
  1140  3  -2.610000e+06
  1141  3  -1.305000e+06
  1142  3  -1.305000e+06
  1143  3  -1.305000e+06
  1144  3  -7.921538e+04
  1144  5  -1.320256e-02
  1145  3  -7.921538e+04
  1145  5  -1.980384e-01
  1146  3  -7.008333e+05
  1147  3  -1.401667e+06
  1148  3  -7.008333e+05
  1149  3  -7.008333e+05
  1150  3  -1.401667e+06
  1151  3  -7.008333e+05
  1152  3  -1.401667e+06
  1153  3  -1.401667e+06
  1154  3  -1.401667e+06
  1155  3  -1.401667e+06
  1156  3  -1.401667e+06
  1157  3  -2.803333e+06
  1158  3  -1.401667e+06
  1159  3  -2.803333e+06
  1160  3  -1.401667e+06
  1161  3  -2.803333e+06
  1162  3  -2.803333e+06
  1163  3  -2.803333e+06
  1164  3  -1.401667e+06
  1165  3  -1.401667e+06
  1166  3  -1.401667e+06
  1167  3  -7.921537e+04
  1167  5  1.848359e-01
  1168  3  -7.921537e+04
  1168  5  1.848359e-01
  1169  3  -7.921537e+04
  1169  5  -1.848359e-01
  1170  3  -8.006290e+04
  1170  5  -1.852436e-01
  1171  3  -7.921537e+04
  1171  5  1.848359e-01
  1172  3  -7.921537e+04
  1172  5  -1.848359e-01
  1173  3  -8.006290e+04
  1173  5  -1.852436e-01
  1174  3  -7.921537e+04
  1174  5  1.848359e-01
  1175  3  -8.006290e+04
  1175  5  1.852436e-01
  1176  3  -7.921537e+04
  1176  5  -1.848359e-01
  1177  3  -7.921537e+04
  1177  5  1.848359e-01
  1178  3  -7.921537e+04
  1178  5  -1.848359e-01
  1179  3  -8.006290e+04
  1179  5  1.852436e-01
  1180  3  -7.921538e+04
  1180  5  -1.320256e-02
  1181  3  -7.921537e+04
  1181  5  -1.320256e-03
  1182  3  -8.006287e+04
  1182  5  4.515310e-02
  1183  3  -7.921545e+04
  1183  5  7.921545e-02
  1184  3  -7.921545e+04
  1184  5  -9.901931e-02
  1185  3  -8.006287e+04
  1185  5  -4.283756e-02
  1186  3  -7.921537e+04
  1186  5  1.320256e-03
  1187  3  -7.921537e+04
  1187  5  -1.320256e-03
  1188  3  -8.006287e+04
  1188  5  4.283756e-02
  1189  3  -7.921545e+04
  1189  5  9.901931e-02
  1190  3  -7.921537e+04
  1190  5  1.320256e-03
  1191  3  -8.006285e+04
  1191  5  -2.199766e-02
  1192  3  -7.921537e+04
  1192  5  -1.848359e-01
  1193  3  -7.921537e+04
  1193  5  1.848359e-01
  1194  3  -7.921537e+04
  1194  5  -1.848359e-01
  1195  3  -7.921537e+04
  1195  5  -1.848359e-01
  1196  3  -7.921537e+04
  1196  5  1.320256e-03
  1197  3  -7.921538e+04
  1197  5  1.320256e-02
  1198  3  -8.006287e+04
  1198  5  -4.515310e-02
  1199  3  -7.921545e+04
  1199  5  9.901931e-02
  1200  3  -7.921537e+04
  1200  5  1.320256e-03
  1201  3  -7.921537e+04
  1201  5  -1.320256e-03
  1202  3  -8.006287e+04
  1202  5  -4.283756e-02
  1203  3  -8.006287e+04
  1203  5  4.283756e-02
  1204  3  -7.723500e+04
  1205  3  -8.006285e+04
  1206  3  -8.006285e+04
  1207  3  -7.723500e+04
  1208  3  -8.006285e+04
  1209  3  -8.006285e+04
  1210  3  -7.921537e+04
  1210  5  -1.320256e-03
  1211  3  -7.921545e+04
  1211  5  -9.901931e-02
  1212  3  -8.006285e+04
  1212  5  2.199766e-02
  1213  3  -6.404167e+05
  1214  3  -1.280833e+06
  1215  3  -6.404167e+05
  1216  3  -6.404167e+05
  1217  3  -1.280833e+06
  1218  3  -6.404167e+05
  1219  3  -1.280833e+06
  1220  3  -1.280833e+06
  1221  3  -1.280833e+06
  1222  3  -1.280833e+06
  1223  3  -1.280833e+06
  1224  3  -2.561667e+06
  1225  3  -1.280833e+06
  1226  3  -2.561667e+06
  1227  3  -1.280833e+06
  1228  3  -2.561667e+06
  1229  3  -2.561667e+06
  1230  3  -2.561667e+06
  1231  3  -1.280833e+06
  1232  3  -1.280833e+06
  1233  3  -1.280833e+06
  1234  3  -7.921545e+04
  1234  5  -7.921545e-02
  1235  3  -7.921537e+04
  1235  5  1.848359e-01
  1236  3  -6.887500e+05
  1237  3  -1.377500e+06
  1238  3  -6.887500e+05
  1239  3  -6.887500e+05
  1240  3  -1.377500e+06
  1241  3  -6.887500e+05
  1242  3  -1.377500e+06
  1243  3  -1.377500e+06
  1244  3  -1.377500e+06
  1245  3  -1.377500e+06
  1246  3  -1.377500e+06
  1247  3  -2.755000e+06
  1248  3  -1.377500e+06
  1249  3  -2.755000e+06
  1250  3  -1.377500e+06
  1251  3  -2.755000e+06
  1252  3  -2.755000e+06
  1253  3  -2.755000e+06
  1254  3  -1.377500e+06
  1255  3  -1.377500e+06
  1256  3  -1.377500e+06
  1257  3  -7.921537e+04
  1257  5  -1.848359e-01
  1258  3  -7.921537e+04
  1258  5  -1.848359e-01
  1259  3  -8.006276e+04
  1259  5  3.310561e-10
  1260  3  -7.921538e+04
  1260  5  -1.980384e-01
  1261  3  -7.921538e+04
  1261  5  1.980384e-01
  1262  3  -8.006276e+04
  1263  3  -7.921538e+04
  1263  5  -1.980384e-01
  1264  3  -7.921538e+04
  1264  5  1.980384e-01
  1265  3  -8.006290e+04
  1265  5  1.852436e-01
  1266  3  -7.921538e+04
  1266  5  -1.980384e-01
  1267  3  -8.006290e+04
  1267  5  -1.852436e-01
  1268  3  -7.921538e+04
  1268  5  1.980384e-01
  1269  3  -7.921538e+04
  1269  5  -1.980384e-01
  1270  3  -7.921538e+04
  1270  5  1.980384e-01
  1271  3  -8.006283e+04
  1271  5  -9.262170e-02
  1272  3  -7.921538e+04
  1272  5  1.320256e-02
  1273  3  -7.921537e+04
  1273  5  1.320256e-03
  1274  3  -8.006290e+04
  1275  3  -7.921538e+04
  1275  5  1.320256e-02
  1276  3  -7.921537e+04
  1277  3  -8.006287e+04
  1277  5  4.283756e-02
  1278  3  -7.921537e+04
  1278  5  -1.320256e-03
  1279  3  -7.921537e+04
  1279  5  1.320256e-03
  1280  3  -8.006287e+04
  1280  5  -4.283756e-02
  1281  3  -7.921537e+04
  1282  3  -7.921537e+04
  1282  5  -1.320256e-03
  1283  3  -8.006287e+04
  1283  5  4.283756e-02
  1284  3  -7.921537e+04
  1284  5  1.848359e-01
  1285  3  -7.921537e+04
  1285  5  1.848359e-01
  1286  3  -7.921538e+04
  1286  5  -1.980384e-01
  1287  3  -7.921538e+04
  1287  5  1.980384e-01
  1288  3  -8.006276e+04
  1288  5  -3.310561e-10
  1289  3  -7.921538e+04
  1289  5  1.980384e-01
  1290  3  -7.921537e+04
  1290  5  -1.320256e-03
  1291  3  -7.921538e+04
  1291  5  -1.320256e-02
  1292  3  -8.006290e+04
  1293  3  -7.921537e+04
  1294  3  -7.921537e+04
  1294  5  -1.320256e-03
  1295  3  -7.921537e+04
  1295  5  1.320256e-03
  1296  3  -8.006287e+04
  1296  5  4.283756e-02
  1297  3  -8.006287e+04
  1297  5  -4.283756e-02
  1298  3  -7.723500e+04
  1299  3  -8.006286e+04
  1299  5  -5.673081e-03
  1300  3  -8.006286e+04
  1300  5  5.673081e-03
  1301  3  -7.723500e+04
  1302  3  -8.006286e+04
  1302  5  -5.673081e-03
  1303  3  -8.006286e+04
  1303  5  5.673081e-03
  1304  3  -7.921537e+04
  1304  5  1.320256e-03
  1305  3  -7.921537e+04
  1306  3  -8.006287e+04
  1306  5  -4.283756e-02
  1307  3  -6.283333e+05
  1308  3  -1.256667e+06
  1309  3  -6.283333e+05
  1310  3  -6.283333e+05
  1311  3  -1.256667e+06
  1312  3  -6.283333e+05
  1313  3  -1.256667e+06
  1314  3  -1.256667e+06
  1315  3  -1.256667e+06
  1316  3  -1.256667e+06
  1317  3  -1.256667e+06
  1318  3  -2.513333e+06
  1319  3  -1.256667e+06
  1320  3  -2.513333e+06
  1321  3  -1.256667e+06
  1322  3  -2.513333e+06
  1323  3  -2.513333e+06
  1324  3  -2.513333e+06
  1325  3  -1.256667e+06
  1326  3  -1.256667e+06
  1327  3  -1.256667e+06
  1328  3  -7.921537e+04
  1328  5  1.848359e-01
  1329  3  -7.921537e+04
  1329  5  -1.848359e-01
  1330  3  -8.006283e+04
  1330  5  9.262170e-02
  1331  3  -8.006276e+04
  1332  3  -6.766667e+05
  1333  3  -1.353333e+06
  1334  3  -6.766667e+05
  1335  3  -6.766667e+05
  1336  3  -1.353333e+06
  1337  3  -6.766667e+05
  1338  3  -1.353333e+06
  1339  3  -1.353333e+06
  1340  3  -1.353333e+06
  1341  3  -1.353333e+06
  1342  3  -1.353333e+06
  1343  3  -2.706667e+06
  1344  3  -1.353333e+06
  1345  3  -2.706667e+06
  1346  3  -1.353333e+06
  1347  3  -2.706667e+06
  1348  3  -2.706667e+06
  1349  3  -2.706667e+06
  1350  3  -1.353333e+06
  1351  3  -1.353333e+06
  1352  3  -1.353333e+06
  1353  3  -8.006290e+04
  1353  5  1.852436e-01
  1354  3  -7.921538e+04
  1354  5  1.980384e-01
  1355  3  -7.921538e+04
  1355  5  1.980384e-01
  1356  3  -8.006290e+04
  1356  5  -1.852436e-01
  1357  3  -1.178330e+05
  1358  3  -8.006290e+04
  1358  5  1.852436e-01
  1359  3  -7.921538e+04
  1359  5  1.980384e-01
  1360  3  -7.921538e+04
  1360  5  -1.980384e-01
  1361  3  -1.978958e+05
  1362  3  -7.921538e+04
  1362  5  1.980384e-01
  1363  3  -7.921538e+04
  1363  5  -1.980384e-01
  1364  3  -8.006283e+04
  1364  5  9.262170e-02
  1365  3  -1.178329e+05
  1365  5  -3.960768e-03
  1366  3  -8.006283e+04
  1366  5  -8.914839e-02
  1367  3  -7.921537e+04
  1367  5  1.818989e-10
  1368  3  -7.921537e+04
  1368  5  -1.320256e-03
  1369  3  -1.978957e+05
  1370  3  -7.921537e+04
  1370  5  1.320256e-03
  1371  3  -7.921541e+04
  1371  5  5.149002e-02
  1372  3  -8.006287e+04
  1372  5  -4.283756e-02
  1373  3  -8.006290e+04
  1373  5  -1.852436e-01
  1374  3  -7.921538e+04
  1374  5  -1.980384e-01
  1375  3  -7.921538e+04
  1375  5  -1.980384e-01
  1376  3  -1.178330e+05
  1377  3  -8.006290e+04
  1377  5  -1.852436e-01
  1378  3  -8.006290e+04
  1378  5  1.852436e-01
  1379  3  -7.921538e+04
  1379  5  -1.980384e-01
  1380  3  -1.178329e+05
  1380  5  3.960768e-03
  1381  3  -8.006283e+04
  1381  5  8.914839e-02
  1382  3  -8.006283e+04
  1382  5  -9.262170e-02
  1383  3  -7.921537e+04
  1383  5  1.320256e-03
  1384  3  -1.978957e+05
  1385  3  -7.723500e+04
  1386  3  -8.006286e+04
  1386  5  2.662875e-03
  1387  3  -8.006286e+04
  1387  5  -2.662875e-03
  1388  3  -7.723500e+04
  1389  3  -8.006286e+04
  1389  5  2.662875e-03
  1390  3  -8.006286e+04
  1390  5  -2.662875e-03
  1391  3  -7.921541e+04
  1391  5  -5.149002e-02
  1392  3  -7.921537e+04
  1392  5  -1.320256e-03
  1393  3  -8.006287e+04
  1393  5  4.283756e-02
  1394  3  -6.162500e+05
  1395  3  -1.232500e+06
  1396  3  -6.162500e+05
  1397  3  -6.162500e+05
  1398  3  -1.232500e+06
  1399  3  -6.162500e+05
  1400  3  -1.232500e+06
  1401  3  -1.232500e+06
  1402  3  -1.232500e+06
  1403  3  -1.232500e+06
  1404  3  -1.232500e+06
  1405  3  -2.465000e+06
  1406  3  -1.232500e+06
  1407  3  -2.465000e+06
  1408  3  -1.232500e+06
  1409  3  -2.465000e+06
  1410  3  -2.465000e+06
  1411  3  -2.465000e+06
  1412  3  -1.232500e+06
  1413  3  -1.232500e+06
  1414  3  -1.232500e+06
  1415  3  -7.921538e+04
  1415  5  -1.980384e-01
  1416  3  -7.921538e+04
  1416  5  1.980384e-01
  1417  3  -8.006290e+04
  1417  5  -1.852436e-01
  1418  3  -8.006290e+04
  1418  5  1.852436e-01
  1419  3  -6.645833e+05
  1420  3  -1.329167e+06
  1421  3  -6.645833e+05
  1422  3  -6.645833e+05
  1423  3  -1.329167e+06
  1424  3  -6.645833e+05
  1425  3  -1.329167e+06
  1426  3  -1.329167e+06
  1427  3  -1.329167e+06
  1428  3  -1.329167e+06
  1429  3  -1.329167e+06
  1430  3  -2.658333e+06
  1431  3  -1.329167e+06
  1432  3  -2.658333e+06
  1433  3  -1.329167e+06
  1434  3  -2.658333e+06
  1435  3  -2.658333e+06
  1436  3  -2.658333e+06
  1437  3  -1.329167e+06
  1438  3  -1.329167e+06
  1439  3  -1.329167e+06
  1440  3  -8.006290e+04
  1440  5  -1.852436e-01
  1441  3  -7.921538e+04
  1441  5  -1.980384e-01
  1442  3  -7.921538e+04
  1442  5  -1.980384e-01
  1443  3  -8.006290e+04
  1443  5  1.852436e-01
  1444  3  -7.723500e+04
  1445  3  -8.006290e+04
  1445  5  -1.852436e-01
  1446  3  -8.006290e+04
  1446  5  -1.852436e-01
  1447  3  -7.921537e+04
  1447  5  -1.848359e-01
  1448  3  -7.921537e+04
  1448  5  1.848359e-01
  1449  3  -8.006290e+04
  1449  5  1.852436e-01
  1450  3  -7.723500e+04
  1451  3  -8.006276e+04
  1452  3  -7.921537e+04
  1452  5  -1.848359e-01
  1453  3  -8.006276e+04
  1454  3  -7.921537e+04
  1454  5  1.848359e-01
  1455  3  -8.006283e+04
  1455  5  -9.262170e-02
  1456  3  -7.723500e+04
  1457  3  -8.006283e+04
  1457  5  8.914839e-02
  1458  3  -8.006290e+04
  1458  5  -1.852436e-01
  1459  3  -7.921537e+04
  1460  3  -7.921537e+04
  1460  5  1.320256e-03
  1461  3  -8.006283e+04
  1461  5  -1.157771e-03
  1462  3  -7.723500e+04
  1463  3  -8.006284e+04
  1464  3  -7.921537e+04
  1464  5  -1.320256e-03
  1465  3  -7.921541e+04
  1465  5  -5.016976e-02
  1466  3  -8.006284e+04
  1467  3  -8.006290e+04
  1467  5  1.852436e-01
  1468  3  -7.921538e+04
  1468  5  1.980384e-01
  1469  3  -7.921538e+04
  1469  5  1.980384e-01
  1470  3  -7.723500e+04
  1471  3  -8.006290e+04
  1471  5  1.852436e-01
  1472  3  -8.006290e+04
  1472  5  -1.852436e-01
  1473  3  -7.921537e+04
  1473  5  1.848359e-01
  1474  3  -8.006290e+04
  1474  5  1.852436e-01
  1475  3  -7.723500e+04
  1476  3  -8.006283e+04
  1476  5  -8.914839e-02
  1477  3  -8.006283e+04
  1477  5  9.262170e-02
  1478  3  -7.921537e+04
  1478  5  -1.320256e-03
  1479  3  -8.006283e+04
  1479  5  1.157771e-03
  1480  3  -7.723500e+04
  1481  3  -7.723500e+04
  1482  3  -8.006286e+04
  1482  5  1.157772e-04
  1483  3  -8.006286e+04
  1483  5  -1.157772e-04
  1484  3  -7.723500e+04
  1485  3  -8.006286e+04
  1485  5  1.157772e-04
  1486  3  -8.006286e+04
  1486  5  -1.157772e-04
  1487  3  -7.921541e+04
  1487  5  5.016976e-02
  1488  3  -7.921537e+04
  1488  5  1.320256e-03
  1489  3  -8.006284e+04
  1490  3  -8.006284e+04
  1491  3  -6.041667e+05
  1492  3  -1.208333e+06
  1493  3  -6.041667e+05
  1494  3  -6.041667e+05
  1495  3  -1.208333e+06
  1496  3  -6.041667e+05
  1497  3  -1.208333e+06
  1498  3  -1.208333e+06
  1499  3  -1.208333e+06
  1500  3  -1.208333e+06
  1501  3  -1.208333e+06
  1502  3  -2.416667e+06
  1503  3  -1.208333e+06
  1504  3  -2.416667e+06
  1505  3  -1.208333e+06
  1506  3  -2.416667e+06
  1507  3  -2.416667e+06
  1508  3  -2.416667e+06
  1509  3  -1.208333e+06
  1510  3  -1.208333e+06
  1511  3  -1.208333e+06
  1512  3  -7.921538e+04
  1512  5  1.980384e-01
  1513  3  -7.921538e+04
  1513  5  -1.980384e-01
  1514  3  -8.006290e+04
  1514  5  1.852436e-01
  1515  3  -8.006290e+04
  1515  5  -1.852436e-01
  1516  3  -6.525000e+05
  1517  3  -1.305000e+06
  1518  3  -6.525000e+05
  1519  3  -6.525000e+05
  1520  3  -1.305000e+06
  1521  3  -6.525000e+05
  1522  3  -1.305000e+06
  1523  3  -1.305000e+06
  1524  3  -1.305000e+06
  1525  3  -1.305000e+06
  1526  3  -1.305000e+06
  1527  3  -2.610000e+06
  1528  3  -1.305000e+06
  1529  3  -2.610000e+06
  1530  3  -1.305000e+06
  1531  3  -2.610000e+06
  1532  3  -2.610000e+06
  1533  3  -2.610000e+06
  1534  3  -1.305000e+06
  1535  3  -1.305000e+06
  1536  3  -1.305000e+06
  1537  3  -4.328125e+05
  1538  3  -8.656250e+05
  1539  3  -8.656250e+05
  1540  3  -8.656250e+05
  1541  3  -4.328125e+05
  1542  3  -8.656250e+05
  1543  3  -1.731250e+06
  1544  3  -1.731250e+06
  1545  3  -1.731250e+06
  1546  3  -8.656250e+05
  1547  3  -8.656250e+05
  1548  3  -1.731250e+06
  1549  3  -1.731250e+06
  1550  3  -1.731250e+06
  1551  3  -8.656250e+05
  1552  3  -8.656250e+05
  1553  3  -1.731250e+06
  1554  3  -1.731250e+06
  1555  3  -1.731250e+06
  1556  3  -8.656250e+05
  1557  3  -8.656250e+05
  1558  3  -1.731250e+06
  1559  3  -1.731250e+06
  1560  3  -1.731250e+06
  1561  3  -8.656250e+05
  1562  3  -8.656250e+05
  1563  3  -1.731250e+06
  1564  3  -1.731250e+06
  1565  3  -1.731250e+06
  1566  3  -8.656250e+05
  1567  3  -8.656250e+05
  1568  3  -8.656250e+05
  1569  3  -8.656250e+05
  1570  3  -8.656250e+05
  1571  3  -4.328125e+05
  1572  3  -1.731250e+06
  1573  3  -1.731250e+06
  1574  3  -1.731250e+06
  1575  3  -8.656250e+05
  1576  3  -1.731250e+06
  1577  3  -1.731250e+06
  1578  3  -1.731250e+06
  1579  3  -8.656250e+05
  1580  3  -1.731250e+06
  1581  3  -1.731250e+06
  1582  3  -8.656250e+05
  1583  3  -1.731250e+06
  1584  3  -1.731250e+06
  1585  3  -8.656250e+05
  1586  3  -1.731250e+06
  1587  3  -8.656250e+05
  1588  3  -1.731250e+06
  1589  3  -8.656250e+05
  1590  3  -8.656250e+05
  1591  3  -4.328125e+05
  1592  3  -8.656250e+05
  1593  3  -1.731250e+06
  1594  3  -1.731250e+06
  1595  3  -1.731250e+06
  1596  3  -8.656250e+05
  1597  3  -8.656250e+05
  1598  3  -1.731250e+06
  1599  3  -1.731250e+06
  1600  3  -1.731250e+06
  1601  3  -8.656250e+05
  1602  3  -8.006276e+04
  1603  3  -7.921537e+04
  1603  5  1.848359e-01
  1604  3  -8.656250e+05
  1605  3  -1.731250e+06
  1606  3  -1.731250e+06
  1607  3  -1.731250e+06
  1608  3  -8.656250e+05
  1609  3  -8.656250e+05
  1610  3  -1.731250e+06
  1611  3  -1.731250e+06
  1612  3  -1.731250e+06
  1613  3  -8.656250e+05
  1614  3  -8.656250e+05
  1615  3  -1.731250e+06
  1616  3  -1.731250e+06
  1617  3  -1.731250e+06
  1618  3  -8.656250e+05
  1619  3  -8.656250e+05
  1620  3  -1.731250e+06
  1621  3  -1.731250e+06
  1622  3  -1.731250e+06
  1623  3  -8.656250e+05
  1624  3  -8.656250e+05
  1625  3  -8.656250e+05
  1626  3  -8.656250e+05
  1627  3  -4.328125e+05
  1628  3  -1.731250e+06
  1629  3  -1.731250e+06
  1630  3  -1.731250e+06
  1631  3  -8.656250e+05
  1632  3  -1.731250e+06
  1633  3  -1.731250e+06
  1634  3  -8.656250e+05
  1635  3  -1.731250e+06
  1636  3  -1.731250e+06
  1637  3  -8.656250e+05
  1638  3  -1.731250e+06
  1639  3  -8.656250e+05
  1640  3  -1.731250e+06
  1641  3  -8.656250e+05
  1642  3  -8.656250e+05
  1643  3  -4.328125e+05
  1644  3  -8.006276e+04
  1645  3  -7.921537e+04
  1645  5  1.848359e-01
  1646  3  -8.006276e+04
  1647  3  -7.723500e+04
  1648  3  -8.006276e+04
  1649  3  -8.006290e+04
  1649  5  1.852436e-01
  1650  3  -7.921537e+04
  1650  5  1.848359e-01
  1651  3  -7.921537e+04
  1651  5  -1.848359e-01
  1652  3  -8.006290e+04
  1652  5  -1.852436e-01
  1653  3  -7.723500e+04
  1654  3  -8.006290e+04
  1654  5  -1.852436e-01
  1655  3  -7.921537e+04
  1655  5  1.848359e-01
  1656  3  -8.006290e+04
  1656  5  1.852436e-01
  1657  3  -7.921537e+04
  1657  5  -1.848359e-01
  1658  3  -8.006290e+04
  1659  3  -7.723500e+04
  1660  3  -8.006290e+04
  1661  3  -8.006290e+04
  1661  5  1.852436e-01
  1662  3  -7.921538e+04
  1662  5  -1.320256e-02
  1663  3  -7.921537e+04
  1663  5  -1.320256e-03
  1664  3  -8.006287e+04
  1664  5  4.515310e-02
  1665  3  -7.723500e+04
  1666  3  -8.006287e+04
  1666  5  -4.283756e-02
  1667  3  -7.921537e+04
  1667  5  1.320256e-03
  1668  3  -7.921537e+04
  1668  5  -1.320256e-03
  1669  3  -8.006287e+04
  1669  5  4.283756e-02
  1670  3  -4.328125e+05
  1671  3  -8.656250e+05
  1672  3  -8.656250e+05
  1673  3  -8.656250e+05
  1674  3  -4.328125e+05
  1675  3  -8.656250e+05
  1676  3  -1.731250e+06
  1677  3  -1.731250e+06
  1678  3  -1.731250e+06
  1679  3  -8.656250e+05
  1680  3  -8.656250e+05
  1681  3  -1.731250e+06
  1682  3  -1.731250e+06
  1683  3  -1.731250e+06
  1684  3  -8.656250e+05
  1685  3  -8.656250e+05
  1686  3  -1.731250e+06
  1687  3  -1.731250e+06
  1688  3  -1.731250e+06
  1689  3  -8.656250e+05
  1690  3  -8.656250e+05
  1691  3  -1.731250e+06
  1692  3  -1.731250e+06
  1693  3  -1.731250e+06
  1694  3  -8.656250e+05
  1695  3  -8.656250e+05
  1696  3  -1.731250e+06
  1697  3  -1.731250e+06
  1698  3  -1.731250e+06
  1699  3  -8.656250e+05
  1700  3  -8.656250e+05
  1701  3  -8.656250e+05
  1702  3  -8.656250e+05
  1703  3  -8.656250e+05
  1704  3  -4.328125e+05
  1705  3  -1.731250e+06
  1706  3  -1.731250e+06
  1707  3  -1.731250e+06
  1708  3  -8.656250e+05
  1709  3  -1.731250e+06
  1710  3  -1.731250e+06
  1711  3  -1.731250e+06
  1712  3  -8.656250e+05
  1713  3  -1.731250e+06
  1714  3  -1.731250e+06
  1715  3  -8.656250e+05
  1716  3  -1.731250e+06
  1717  3  -1.731250e+06
  1718  3  -8.656250e+05
  1719  3  -1.731250e+06
  1720  3  -8.656250e+05
  1721  3  -1.731250e+06
  1722  3  -8.656250e+05
  1723  3  -8.656250e+05
  1724  3  -4.328125e+05
  1725  3  -8.656250e+05
  1726  3  -1.731250e+06
  1727  3  -1.731250e+06
  1728  3  -1.731250e+06
  1729  3  -8.656250e+05
  1730  3  -8.656250e+05
  1731  3  -1.731250e+06
  1732  3  -1.731250e+06
  1733  3  -1.731250e+06
  1734  3  -8.656250e+05
  1735  3  -8.006276e+04
  1736  3  -7.921537e+04
  1736  5  -1.848359e-01
  1737  3  -8.656250e+05
  1738  3  -1.731250e+06
  1739  3  -1.731250e+06
  1740  3  -1.731250e+06
  1741  3  -8.656250e+05
  1742  3  -8.656250e+05
  1743  3  -1.731250e+06
  1744  3  -1.731250e+06
  1745  3  -1.731250e+06
  1746  3  -8.656250e+05
  1747  3  -8.656250e+05
  1748  3  -1.731250e+06
  1749  3  -1.731250e+06
  1750  3  -1.731250e+06
  1751  3  -8.656250e+05
  1752  3  -8.656250e+05
  1753  3  -1.731250e+06
  1754  3  -1.731250e+06
  1755  3  -1.731250e+06
  1756  3  -8.656250e+05
  1757  3  -8.656250e+05
  1758  3  -8.656250e+05
  1759  3  -8.656250e+05
  1760  3  -4.328125e+05
  1761  3  -1.731250e+06
  1762  3  -1.731250e+06
  1763  3  -1.731250e+06
  1764  3  -8.656250e+05
  1765  3  -1.731250e+06
  1766  3  -1.731250e+06
  1767  3  -8.656250e+05
  1768  3  -1.731250e+06
  1769  3  -1.731250e+06
  1770  3  -8.656250e+05
  1771  3  -1.731250e+06
  1772  3  -8.656250e+05
  1773  3  -1.731250e+06
  1774  3  -8.656250e+05
  1775  3  -8.656250e+05
  1776  3  -4.328125e+05
  1777  3  -8.006276e+04
  1778  3  -7.921537e+04
  1778  5  -1.848359e-01
  1779  3  -7.723500e+04
  1780  3  -8.006276e+04
  1781  3  -8.006276e+04
  1782  3  -7.921537e+04
  1782  5  1.848359e-01
  1783  3  -7.921537e+04
  1783  5  -1.848359e-01
  1784  3  -8.006290e+04
  1784  5  -1.852436e-01
  1785  3  -7.723500e+04
  1786  3  -8.006290e+04
  1787  3  -8.006290e+04
  1788  3  -7.921537e+04
  1788  5  1.320256e-03
  1789  3  -7.921538e+04
  1789  5  1.320256e-02
  1790  3  -8.006287e+04
  1790  5  -4.515310e-02
  1791  3  -7.723500e+04
  1792  3  -1.186804e+05
  1793  3  -1.186804e+05
  1794  3  -7.921537e+04
  1794  5  1.320256e-03
  1795  3  -7.921537e+04
  1795  5  -1.320256e-03
  1796  3  -8.006287e+04
  1796  5  -4.283756e-02
  1797  3  -8.006287e+04
  1797  5  4.283756e-02
  1798  3  -7.921537e+04
  1799  3  -7.921537e+04
  1799  5  -1.848359e-01
  1800  3  -5.920833e+05
  1801  3  -1.184167e+06
  1802  3  -5.920833e+05
  1803  3  -5.920833e+05
  1804  3  -1.184167e+06
  1805  3  -5.920833e+05
  1806  3  -1.184167e+06
  1807  3  -1.184167e+06
  1808  3  -1.184167e+06
  1809  3  -1.184167e+06
  1810  3  -1.184167e+06
  1811  3  -2.368333e+06
  1812  3  -1.184167e+06
  1813  3  -2.368333e+06
  1814  3  -1.184167e+06
  1815  3  -2.368333e+06
  1816  3  -2.368333e+06
  1817  3  -2.368333e+06
  1818  3  -1.184167e+06
  1819  3  -1.184167e+06
  1820  3  -1.184167e+06
  1821  3  -7.921537e+04
  1821  5  -1.848359e-01
  1822  3  -7.921537e+04
  1822  5  1.848359e-01
  1823  3  -8.006276e+04
  1824  3  -8.006276e+04
  1825  3  -6.404167e+05
  1826  3  -1.280833e+06
  1827  3  -6.404167e+05
  1828  3  -6.404167e+05
  1829  3  -1.280833e+06
  1830  3  -6.404167e+05
  1831  3  -1.280833e+06
  1832  3  -1.280833e+06
  1833  3  -1.280833e+06
  1834  3  -1.280833e+06
  1835  3  -1.280833e+06
  1836  3  -2.561667e+06
  1837  3  -1.280833e+06
  1838  3  -2.561667e+06
  1839  3  -1.280833e+06
  1840  3  -2.561667e+06
  1841  3  -2.561667e+06
  1842  3  -2.561667e+06
  1843  3  -1.280833e+06
  1844  3  -1.280833e+06
  1845  3  -1.280833e+06
  1846  3  -1.731250e+06
  1847  3  -3.462500e+06
  1848  3  -3.462500e+06
  1849  3  -3.462500e+06
  1850  3  -1.731250e+06
  1851  3  -1.731250e+06
  1852  3  -3.462500e+06
  1853  3  -3.462500e+06
  1854  3  -3.462500e+06
  1855  3  -1.731250e+06
  1856  3  -1.731250e+06
  1857  3  -3.462500e+06
  1858  3  -3.462500e+06
  1859  3  -3.462500e+06
  1860  3  -1.731250e+06
  1861  3  -1.731250e+06
  1862  3  -3.462500e+06
  1863  3  -3.462500e+06
  1864  3  -3.462500e+06
  1865  3  -1.731250e+06
  1866  3  -1.731250e+06
  1867  3  -3.462500e+06
  1868  3  -3.462500e+06
  1869  3  -3.462500e+06
  1870  3  -1.731250e+06
  1871  3  -1.731250e+06
  1872  3  -1.731250e+06
  1873  3  -1.731250e+06
  1874  3  -1.731250e+06
  1875  3  -8.656250e+05
  1876  3  -3.462500e+06
  1877  3  -3.462500e+06
  1878  3  -3.462500e+06
  1879  3  -1.731250e+06
  1880  3  -3.462500e+06
  1881  3  -3.462500e+06
  1882  3  -3.462500e+06
  1883  3  -1.731250e+06
  1884  3  -3.462500e+06
  1885  3  -3.462500e+06
  1886  3  -1.731250e+06
  1887  3  -3.462500e+06
  1888  3  -3.462500e+06
  1889  3  -1.731250e+06
  1890  3  -3.462500e+06
  1891  3  -1.731250e+06
  1892  3  -3.462500e+06
  1893  3  -1.731250e+06
  1894  3  -1.731250e+06
  1895  3  -8.656250e+05
  1896  3  -1.731250e+06
  1897  3  -3.462500e+06
  1898  3  -3.462500e+06
  1899  3  -3.462500e+06
  1900  3  -1.731250e+06
  1901  3  -1.731250e+06
  1902  3  -3.462500e+06
  1903  3  -3.462500e+06
  1904  3  -3.462500e+06
  1905  3  -1.731250e+06
  1906  3  -8.006290e+04
  1906  5  1.852436e-01
  1907  3  -7.921537e+04
  1907  5  -1.848359e-01
  1908  3  -1.731250e+06
  1909  3  -3.462500e+06
  1910  3  -3.462500e+06
  1911  3  -3.462500e+06
  1912  3  -1.731250e+06
  1913  3  -1.731250e+06
  1914  3  -3.462500e+06
  1915  3  -3.462500e+06
  1916  3  -3.462500e+06
  1917  3  -1.731250e+06
  1918  3  -1.731250e+06
  1919  3  -3.462500e+06
  1920  3  -3.462500e+06
  1921  3  -3.462500e+06
  1922  3  -1.731250e+06
  1923  3  -1.731250e+06
  1924  3  -1.731250e+06
  1925  3  -1.731250e+06
  1926  3  -8.656250e+05
  1927  3  -3.462500e+06
  1928  3  -3.462500e+06
  1929  3  -3.462500e+06
  1930  3  -1.731250e+06
  1931  3  -3.462500e+06
  1932  3  -3.462500e+06
  1933  3  -1.731250e+06
  1934  3  -3.462500e+06
  1935  3  -3.462500e+06
  1936  3  -1.731250e+06
  1937  3  -3.462500e+06
  1938  3  -1.731250e+06
  1939  3  -3.462500e+06
  1940  3  -1.731250e+06
  1941  3  -1.731250e+06
  1942  3  -8.656250e+05
  1943  3  -8.006290e+04
  1943  5  1.852436e-01
  1944  3  -7.921537e+04
  1944  5  -1.848359e-01
  1945  3  -8.006290e+04
  1945  5  -1.852436e-01
  1946  3  -7.723500e+04
  1947  3  -8.006290e+04
  1947  5  1.852436e-01
  1948  3  -8.006276e+04
  1948  5  3.310561e-10
  1949  3  -7.921538e+04
  1949  5  -1.980384e-01
  1950  3  -7.921538e+04
  1950  5  1.980384e-01
  1951  3  -8.006276e+04
  1952  3  -7.723500e+04
  1953  3  -8.006290e+04
  1953  5  1.852436e-01
  1954  3  -7.921538e+04
  1954  5  -1.980384e-01
  1955  3  -8.006290e+04
  1955  5  -1.852436e-01
  1956  3  -7.921538e+04
  1956  5  1.980384e-01
  1957  3  -8.006283e+04
  1957  5  9.262170e-02
  1958  3  -7.723500e+04
  1959  3  -8.006283e+04
  1959  5  -8.914839e-02
  1960  3  -8.006283e+04
  1960  5  -9.262170e-02
  1961  3  -7.921538e+04
  1961  5  1.320256e-02
  1962  3  -7.921537e+04
  1962  5  1.320256e-03
  1963  3  -8.006290e+04
  1964  3  -7.723500e+04
  1965  3  -8.006287e+04
  1965  5  4.283756e-02
  1966  3  -7.921537e+04
  1966  5  -1.320256e-03
  1967  3  -7.921537e+04
  1967  5  1.320256e-03
  1968  3  -8.006287e+04
  1968  5  -4.283756e-02
  1969  3  -1.731250e+06
  1970  3  -3.462500e+06
  1971  3  -3.462500e+06
  1972  3  -3.462500e+06
  1973  3  -1.731250e+06
  1974  3  -1.731250e+06
  1975  3  -3.462500e+06
  1976  3  -3.462500e+06
  1977  3  -3.462500e+06
  1978  3  -1.731250e+06
  1979  3  -1.731250e+06
  1980  3  -3.462500e+06
  1981  3  -3.462500e+06
  1982  3  -3.462500e+06
  1983  3  -1.731250e+06
  1984  3  -1.731250e+06
  1985  3  -3.462500e+06
  1986  3  -3.462500e+06
  1987  3  -3.462500e+06
  1988  3  -1.731250e+06
  1989  3  -1.731250e+06
  1990  3  -3.462500e+06
  1991  3  -3.462500e+06
  1992  3  -3.462500e+06
  1993  3  -1.731250e+06
  1994  3  -1.731250e+06
  1995  3  -1.731250e+06
  1996  3  -1.731250e+06
  1997  3  -1.731250e+06
  1998  3  -8.656250e+05
  1999  3  -3.462500e+06
  2000  3  -3.462500e+06
  2001  3  -3.462500e+06
  2002  3  -1.731250e+06
  2003  3  -3.462500e+06
  2004  3  -3.462500e+06
  2005  3  -3.462500e+06
  2006  3  -1.731250e+06
  2007  3  -3.462500e+06
  2008  3  -3.462500e+06
  2009  3  -1.731250e+06
  2010  3  -3.462500e+06
  2011  3  -3.462500e+06
  2012  3  -1.731250e+06
  2013  3  -3.462500e+06
  2014  3  -1.731250e+06
  2015  3  -3.462500e+06
  2016  3  -1.731250e+06
  2017  3  -1.731250e+06
  2018  3  -8.656250e+05
  2019  3  -1.731250e+06
  2020  3  -3.462500e+06
  2021  3  -3.462500e+06
  2022  3  -3.462500e+06
  2023  3  -1.731250e+06
  2024  3  -1.731250e+06
  2025  3  -3.462500e+06
  2026  3  -3.462500e+06
  2027  3  -3.462500e+06
  2028  3  -1.731250e+06
  2029  3  -8.006290e+04
  2029  5  -1.852436e-01
  2030  3  -7.921537e+04
  2030  5  1.848359e-01
  2031  3  -1.731250e+06
  2032  3  -3.462500e+06
  2033  3  -3.462500e+06
  2034  3  -3.462500e+06
  2035  3  -1.731250e+06
  2036  3  -1.731250e+06
  2037  3  -3.462500e+06
  2038  3  -3.462500e+06
  2039  3  -3.462500e+06
  2040  3  -1.731250e+06
  2041  3  -1.731250e+06
  2042  3  -3.462500e+06
  2043  3  -3.462500e+06
  2044  3  -3.462500e+06
  2045  3  -1.731250e+06
  2046  3  -1.731250e+06
  2047  3  -1.731250e+06
  2048  3  -1.731250e+06
  2049  3  -8.656250e+05
  2050  3  -3.462500e+06
  2051  3  -3.462500e+06
  2052  3  -3.462500e+06
  2053  3  -1.731250e+06
  2054  3  -3.462500e+06
  2055  3  -3.462500e+06
  2056  3  -1.731250e+06
  2057  3  -3.462500e+06
  2058  3  -3.462500e+06
  2059  3  -1.731250e+06
  2060  3  -3.462500e+06
  2061  3  -1.731250e+06
  2062  3  -3.462500e+06
  2063  3  -1.731250e+06
  2064  3  -1.731250e+06
  2065  3  -8.656250e+05
  2066  3  -8.006290e+04
  2066  5  -1.852436e-01
  2067  3  -7.921537e+04
  2067  5  1.848359e-01
  2068  3  -7.723500e+04
  2069  3  -8.006290e+04
  2069  5  -1.852436e-01
  2070  3  -8.006290e+04
  2070  5  1.852436e-01
  2071  3  -7.921538e+04
  2071  5  -1.980384e-01
  2072  3  -7.921538e+04
  2072  5  1.980384e-01
  2073  3  -8.006276e+04
  2073  5  -3.310561e-10
  2074  3  -7.723500e+04
  2075  3  -8.006283e+04
  2075  5  8.914839e-02
  2076  3  -8.006283e+04
  2076  5  -9.262170e-02
  2077  3  -7.921537e+04
  2077  5  -1.320256e-03
  2078  3  -7.921538e+04
  2078  5  -1.320256e-02
  2079  3  -8.006290e+04
  2080  3  -7.723500e+04
  2081  3  -2.900000e+05
  2082  3  -5.800000e+05
  2083  3  -5.800000e+05
  2084  3  -5.800000e+05
  2085  3  -2.900000e+05
  2086  3  -7.921537e+04
  2086  5  -1.320256e-03
  2087  3  -7.921537e+04
  2087  5  1.320256e-03
  2088  3  -8.006287e+04
  2088  5  4.283756e-02
  2089  3  -8.006287e+04
  2089  5  -4.283756e-02
  2090  3  -7.921537e+04
  2090  5  -1.818989e-10
  2091  3  -7.921538e+04
  2091  5  1.980384e-01
  2092  3  -5.800000e+05
  2093  3  -1.160000e+06
  2094  3  -5.800000e+05
  2095  3  -5.800000e+05
  2096  3  -1.160000e+06
  2097  3  -5.800000e+05
  2098  3  -1.160000e+06
  2099  3  -1.160000e+06
  2100  3  -1.160000e+06
  2101  3  -1.160000e+06
  2102  3  -1.160000e+06
  2103  3  -2.320000e+06
  2104  3  -1.160000e+06
  2105  3  -2.320000e+06
  2106  3  -1.160000e+06
  2107  3  -2.320000e+06
  2108  3  -2.320000e+06
  2109  3  -2.320000e+06
  2110  3  -1.160000e+06
  2111  3  -1.160000e+06
  2112  3  -1.160000e+06
  2113  3  -7.921537e+04
  2113  5  1.848359e-01
  2114  3  -7.921537e+04
  2114  5  -1.848359e-01
  2115  3  -8.006290e+04
  2115  5  -1.852436e-01
  2116  3  -8.006290e+04
  2116  5  1.852436e-01
  2117  3  -6.283333e+05
  2118  3  -1.256667e+06
  2119  3  -6.283333e+05
  2120  3  -6.283333e+05
  2121  3  -1.256667e+06
  2122  3  -6.283333e+05
  2123  3  -1.256667e+06
  2124  3  -1.256667e+06
  2125  3  -1.256667e+06
  2126  3  -1.256667e+06
  2127  3  -1.256667e+06
  2128  3  -2.513333e+06
  2129  3  -1.256667e+06
  2130  3  -2.513333e+06
  2131  3  -1.256667e+06
  2132  3  -2.513333e+06
  2133  3  -2.513333e+06
  2134  3  -2.513333e+06
  2135  3  -1.256667e+06
  2136  3  -1.256667e+06
  2137  3  -1.256667e+06
  2138  3  -1.731250e+06
  2139  3  -3.462500e+06
  2140  3  -3.462500e+06
  2141  3  -3.462500e+06
  2142  3  -1.731250e+06
  2143  3  -1.731250e+06
  2144  3  -3.462500e+06
  2145  3  -3.462500e+06
  2146  3  -3.462500e+06
  2147  3  -1.731250e+06
  2148  3  -1.731250e+06
  2149  3  -3.462500e+06
  2150  3  -3.462500e+06
  2151  3  -3.462500e+06
  2152  3  -1.731250e+06
  2153  3  -1.731250e+06
  2154  3  -3.462500e+06
  2155  3  -3.462500e+06
  2156  3  -3.462500e+06
  2157  3  -1.731250e+06
  2158  3  -1.731250e+06
  2159  3  -1.731250e+06
  2160  3  -1.731250e+06
  2161  3  -1.731250e+06
  2162  3  -8.656250e+05
  2163  3  -3.462500e+06
  2164  3  -3.462500e+06
  2165  3  -3.462500e+06
  2166  3  -1.731250e+06
  2167  3  -3.462500e+06
  2168  3  -3.462500e+06
  2169  3  -3.462500e+06
  2170  3  -1.731250e+06
  2171  3  -3.462500e+06
  2172  3  -3.462500e+06
  2173  3  -1.731250e+06
  2174  3  -3.462500e+06
  2175  3  -3.462500e+06
  2176  3  -1.731250e+06
  2177  3  -3.462500e+06
  2178  3  -1.731250e+06
  2179  3  -3.462500e+06
  2180  3  -1.731250e+06
  2181  3  -1.731250e+06
  2182  3  -8.656250e+05
  2183  3  -1.731250e+06
  2184  3  -3.462500e+06
  2185  3  -3.462500e+06
  2186  3  -3.462500e+06
  2187  3  -1.731250e+06
  2188  3  -1.731250e+06
  2189  3  -3.462500e+06
  2190  3  -3.462500e+06
  2191  3  -3.462500e+06
  2192  3  -1.731250e+06
  2193  3  -8.006290e+04
  2193  5  -1.852436e-01
  2194  3  -7.921538e+04
  2194  5  1.980384e-01
  2195  3  -1.731250e+06
  2196  3  -3.462500e+06
  2197  3  -3.462500e+06
  2198  3  -3.462500e+06
  2199  3  -1.731250e+06
  2200  3  -1.731250e+06
  2201  3  -3.462500e+06
  2202  3  -3.462500e+06
  2203  3  -3.462500e+06
  2204  3  -1.731250e+06
  2205  3  -1.731250e+06
  2206  3  -1.731250e+06
  2207  3  -1.731250e+06
  2208  3  -8.656250e+05
  2209  3  -3.462500e+06
  2210  3  -3.462500e+06
  2211  3  -3.462500e+06
  2212  3  -1.731250e+06
  2213  3  -3.462500e+06
  2214  3  -3.462500e+06
  2215  3  -1.731250e+06
  2216  3  -3.462500e+06
  2217  3  -3.462500e+06
  2218  3  -1.731250e+06
  2219  3  -3.462500e+06
  2220  3  -1.731250e+06
  2221  3  -3.462500e+06
  2222  3  -1.731250e+06
  2223  3  -1.731250e+06
  2224  3  -8.656250e+05
  2225  3  -8.006290e+04
  2225  5  -1.852436e-01
  2226  3  -7.921538e+04
  2226  5  1.980384e-01
  2227  3  -8.006290e+04
  2227  5  1.852436e-01
  2228  3  -7.723500e+04
  2229  3  -8.006290e+04
  2229  5  -1.852436e-01
  2230  3  -8.006290e+04
  2230  5  -1.852436e-01
  2231  3  -1.178330e+05
  2232  3  -8.006290e+04
  2232  5  1.852436e-01
  2233  3  -7.723500e+04
  2234  3  -1.978958e+05
  2235  3  -8.006283e+04
  2235  5  -9.262170e-02
  2236  3  -7.723500e+04
  2237  3  -8.006283e+04
  2237  5  8.914839e-02
  2238  3  -8.006283e+04
  2238  5  9.262170e-02
  2239  3  -1.178329e+05
  2239  5  -3.960768e-03
  2240  3  -8.006283e+04
  2240  5  -8.914839e-02
  2241  3  -7.723500e+04
  2242  3  -2.900000e+05
  2243  3  -5.800000e+05
  2244  3  -5.800000e+05
  2245  3  -5.800000e+05
  2246  3  -2.900000e+05
  2247  3  -1.978957e+05
  2248  3  -1.731250e+06
  2249  3  -3.462500e+06
  2250  3  -3.462500e+06
  2251  3  -3.462500e+06
  2252  3  -1.731250e+06
  2253  3  -1.731250e+06
  2254  3  -3.462500e+06
  2255  3  -3.462500e+06
  2256  3  -3.462500e+06
  2257  3  -1.731250e+06
  2258  3  -1.731250e+06
  2259  3  -3.462500e+06
  2260  3  -3.462500e+06
  2261  3  -3.462500e+06
  2262  3  -1.731250e+06
  2263  3  -1.731250e+06
  2264  3  -3.462500e+06
  2265  3  -3.462500e+06
  2266  3  -3.462500e+06
  2267  3  -1.731250e+06
  2268  3  -1.731250e+06
  2269  3  -1.731250e+06
  2270  3  -1.731250e+06
  2271  3  -1.731250e+06
  2272  3  -8.656250e+05
  2273  3  -3.462500e+06
  2274  3  -3.462500e+06
  2275  3  -3.462500e+06
  2276  3  -1.731250e+06
  2277  3  -3.462500e+06
  2278  3  -3.462500e+06
  2279  3  -3.462500e+06
  2280  3  -1.731250e+06
  2281  3  -3.462500e+06
  2282  3  -3.462500e+06
  2283  3  -1.731250e+06
  2284  3  -3.462500e+06
  2285  3  -3.462500e+06
  2286  3  -1.731250e+06
  2287  3  -3.462500e+06
  2288  3  -1.731250e+06
  2289  3  -3.462500e+06
  2290  3  -1.731250e+06
  2291  3  -1.731250e+06
  2292  3  -8.656250e+05
  2293  3  -1.731250e+06
  2294  3  -3.462500e+06
  2295  3  -3.462500e+06
  2296  3  -3.462500e+06
  2297  3  -1.731250e+06
  2298  3  -1.731250e+06
  2299  3  -3.462500e+06
  2300  3  -3.462500e+06
  2301  3  -3.462500e+06
  2302  3  -1.731250e+06
  2303  3  -8.006290e+04
  2303  5  1.852436e-01
  2304  3  -7.921538e+04
  2304  5  -1.980384e-01
  2305  3  -1.731250e+06
  2306  3  -3.462500e+06
  2307  3  -3.462500e+06
  2308  3  -3.462500e+06
  2309  3  -1.731250e+06
  2310  3  -1.731250e+06
  2311  3  -3.462500e+06
  2312  3  -3.462500e+06
  2313  3  -3.462500e+06
  2314  3  -1.731250e+06
  2315  3  -1.731250e+06
  2316  3  -1.731250e+06
  2317  3  -1.731250e+06
  2318  3  -8.656250e+05
  2319  3  -3.462500e+06
  2320  3  -3.462500e+06
  2321  3  -3.462500e+06
  2322  3  -1.731250e+06
  2323  3  -3.462500e+06
  2324  3  -3.462500e+06
  2325  3  -1.731250e+06
  2326  3  -3.462500e+06
  2327  3  -3.462500e+06
  2328  3  -1.731250e+06
  2329  3  -3.462500e+06
  2330  3  -1.731250e+06
  2331  3  -3.462500e+06
  2332  3  -1.731250e+06
  2333  3  -1.731250e+06
  2334  3  -8.656250e+05
  2335  3  -8.006290e+04
  2335  5  1.852436e-01
  2336  3  -7.921538e+04
  2336  5  -1.980384e-01
  2337  3  -7.723500e+04
  2338  3  -8.006290e+04
  2338  5  1.852436e-01
  2339  3  -8.006290e+04
  2339  5  -1.852436e-01
  2340  3  -1.178330e+05
  2341  3  -8.006290e+04
  2341  5  1.852436e-01
  2342  3  -7.723500e+04
  2343  3  -8.006283e+04
  2343  5  -8.914839e-02
  2344  3  -8.006283e+04
  2344  5  9.262170e-02
  2345  3  -1.178329e+05
  2345  5  3.960768e-03
  2346  3  -8.006283e+04
  2346  5  8.914839e-02
  2347  3  -7.723500e+04
  2348  3  -2.900000e+05
  2349  3  -5.800000e+05
  2350  3  -5.800000e+05
  2351  3  -5.800000e+05
  2352  3  -2.900000e+05
  2353  3  -1.978957e+05
  2354  3  -7.921538e+04
  2354  5  -1.320256e-02
  2355  3  -7.921538e+04
  2355  5  -1.980384e-01
  2356  3  -5.679167e+05
  2357  3  -1.135833e+06
  2358  3  -5.679167e+05
  2359  3  -5.679167e+05
  2360  3  -1.135833e+06
  2361  3  -5.679167e+05
  2362  3  -1.135833e+06
  2363  3  -1.135833e+06
  2364  3  -1.135833e+06
  2365  3  -1.135833e+06
  2366  3  -1.135833e+06
  2367  3  -2.271667e+06
  2368  3  -1.135833e+06
  2369  3  -2.271667e+06
  2370  3  -1.135833e+06
  2371  3  -2.271667e+06
  2372  3  -2.271667e+06
  2373  3  -2.271667e+06
  2374  3  -1.135833e+06
  2375  3  -1.135833e+06
  2376  3  -1.135833e+06
  2377  3  -7.921538e+04
  2377  5  -1.980384e-01
  2378  3  -7.921538e+04
  2378  5  1.980384e-01
  2379  3  -8.006290e+04
  2379  5  1.852436e-01
  2380  3  -8.006290e+04
  2380  5  -1.852436e-01
  2381  3  -6.162500e+05
  2382  3  -1.232500e+06
  2383  3  -6.162500e+05
  2384  3  -6.162500e+05
  2385  3  -1.232500e+06
  2386  3  -6.162500e+05
  2387  3  -1.232500e+06
  2388  3  -1.232500e+06
  2389  3  -1.232500e+06
  2390  3  -1.232500e+06
  2391  3  -1.232500e+06
  2392  3  -2.465000e+06
  2393  3  -1.232500e+06
  2394  3  -2.465000e+06
  2395  3  -1.232500e+06
  2396  3  -2.465000e+06
  2397  3  -2.465000e+06
  2398  3  -2.465000e+06
  2399  3  -1.232500e+06
  2400  3  -1.232500e+06
  2401  3  -1.232500e+06
  2402  3  -1.731250e+06
  2403  3  -3.462500e+06
  2404  3  -3.462500e+06
  2405  3  -3.462500e+06
  2406  3  -1.731250e+06
  2407  3  -1.731250e+06
  2408  3  -3.462500e+06
  2409  3  -3.462500e+06
  2410  3  -3.462500e+06
  2411  3  -1.731250e+06
  2412  3  -1.731250e+06
  2413  3  -3.462500e+06
  2414  3  -3.462500e+06
  2415  3  -3.462500e+06
  2416  3  -1.731250e+06
  2417  3  -1.731250e+06
  2418  3  -1.731250e+06
  2419  3  -1.731250e+06
  2420  3  -1.731250e+06
  2421  3  -8.656250e+05
  2422  3  -3.462500e+06
  2423  3  -3.462500e+06
  2424  3  -3.462500e+06
  2425  3  -1.731250e+06
  2426  3  -3.462500e+06
  2427  3  -3.462500e+06
  2428  3  -3.462500e+06
  2429  3  -1.731250e+06
  2430  3  -3.462500e+06
  2431  3  -3.462500e+06
  2432  3  -1.731250e+06
  2433  3  -3.462500e+06
  2434  3  -3.462500e+06
  2435  3  -1.731250e+06
  2436  3  -3.462500e+06
  2437  3  -1.731250e+06
  2438  3  -3.462500e+06
  2439  3  -1.731250e+06
  2440  3  -1.731250e+06
  2441  3  -8.656250e+05
  2442  3  -1.731250e+06
  2443  3  -3.462500e+06
  2444  3  -3.462500e+06
  2445  3  -3.462500e+06
  2446  3  -1.731250e+06
  2447  3  -1.731250e+06
  2448  3  -3.462500e+06
  2449  3  -3.462500e+06
  2450  3  -3.462500e+06
  2451  3  -1.731250e+06
  2452  3  -7.963915e+04
  2452  5  -4.762926e+04
  2453  3  -1.731250e+06
  2454  3  -3.462500e+06
  2455  3  -3.462500e+06
  2456  3  -3.462500e+06
  2457  3  -1.731250e+06
  2458  3  -1.731250e+06
  2459  3  -1.731250e+06
  2460  3  -1.731250e+06
  2461  3  -8.656250e+05
  2462  3  -3.462500e+06
  2463  3  -3.462500e+06
  2464  3  -3.462500e+06
  2465  3  -1.731250e+06
  2466  3  -3.462500e+06
  2467  3  -3.462500e+06
  2468  3  -1.731250e+06
  2469  3  -3.462500e+06
  2470  3  -3.462500e+06
  2471  3  -1.731250e+06
  2472  3  -3.462500e+06
  2473  3  -1.731250e+06
  2474  3  -3.462500e+06
  2475  3  -1.731250e+06
  2476  3  -1.731250e+06
  2477  3  -8.656250e+05
  2478  3  -7.963915e+04
  2478  5  -4.762926e+04
  2479  3  -8.006276e+04
  2480  3  -7.723500e+04
  2481  3  -8.006276e+04
  2482  3  -8.006290e+04
  2482  5  1.852436e-01
  2483  3  -7.723500e+04
  2484  3  -8.006290e+04
  2484  5  -1.852436e-01
  2485  3  -7.723500e+04
  2486  3  -7.723500e+04
  2487  3  -8.006290e+04
  2488  3  -7.723500e+04
  2489  3  -8.006290e+04
  2490  3  -8.006283e+04
  2490  5  -9.262170e-02
  2491  3  -7.723500e+04
  2492  3  -8.006283e+04
  2492  5  8.914839e-02
  2493  3  -7.723500e+04
  2494  3  -2.900000e+05
  2495  3  -5.800000e+05
  2496  3  -5.800000e+05
  2497  3  -5.800000e+05
  2498  3  -2.900000e+05
  2499  3  -7.723500e+04
  2500  3  -1.731250e+06
  2501  3  -3.462500e+06
  2502  3  -3.462500e+06
  2503  3  -3.462500e+06
  2504  3  -1.731250e+06
  2505  3  -1.731250e+06
  2506  3  -3.462500e+06
  2507  3  -3.462500e+06
  2508  3  -3.462500e+06
  2509  3  -1.731250e+06
  2510  3  -1.731250e+06
  2511  3  -3.462500e+06
  2512  3  -3.462500e+06
  2513  3  -3.462500e+06
  2514  3  -1.731250e+06
  2515  3  -1.731250e+06
  2516  3  -1.731250e+06
  2517  3  -1.731250e+06
  2518  3  -1.731250e+06
  2519  3  -8.656250e+05
  2520  3  -3.462500e+06
  2521  3  -3.462500e+06
  2522  3  -3.462500e+06
  2523  3  -1.731250e+06
  2524  3  -3.462500e+06
  2525  3  -3.462500e+06
  2526  3  -3.462500e+06
  2527  3  -1.731250e+06
  2528  3  -3.462500e+06
  2529  3  -3.462500e+06
  2530  3  -1.731250e+06
  2531  3  -3.462500e+06
  2532  3  -3.462500e+06
  2533  3  -1.731250e+06
  2534  3  -3.462500e+06
  2535  3  -1.731250e+06
  2536  3  -3.462500e+06
  2537  3  -1.731250e+06
  2538  3  -1.731250e+06
  2539  3  -8.656250e+05
  2540  3  -1.731250e+06
  2541  3  -3.462500e+06
  2542  3  -3.462500e+06
  2543  3  -3.462500e+06
  2544  3  -1.731250e+06
  2545  3  -1.731250e+06
  2546  3  -3.462500e+06
  2547  3  -3.462500e+06
  2548  3  -3.462500e+06
  2549  3  -1.731250e+06
  2550  3  -7.963915e+04
  2550  5  4.762926e+04
  2551  3  -1.731250e+06
  2552  3  -3.462500e+06
  2553  3  -3.462500e+06
  2554  3  -3.462500e+06
  2555  3  -1.731250e+06
  2556  3  -1.731250e+06
  2557  3  -1.731250e+06
  2558  3  -1.731250e+06
  2559  3  -8.656250e+05
  2560  3  -3.462500e+06
  2561  3  -3.462500e+06
  2562  3  -3.462500e+06
  2563  3  -1.731250e+06
  2564  3  -3.462500e+06
  2565  3  -3.462500e+06
  2566  3  -1.731250e+06
  2567  3  -3.462500e+06
  2568  3  -3.462500e+06
  2569  3  -1.731250e+06
  2570  3  -3.462500e+06
  2571  3  -1.731250e+06
  2572  3  -3.462500e+06
  2573  3  -1.731250e+06
  2574  3  -1.731250e+06
  2575  3  -8.656250e+05
  2576  3  -7.963915e+04
  2576  5  4.762926e+04
  2577  3  -7.723500e+04
  2578  3  -8.006276e+04
  2579  3  -8.006276e+04
  2580  3  -7.723500e+04
  2581  3  -8.006290e+04
  2581  5  1.852436e-01
  2582  3  -8.006290e+04
  2582  5  -1.852436e-01
  2583  3  -7.723500e+04
  2584  3  -8.006290e+04
  2585  3  -8.006290e+04
  2586  3  -7.723500e+04
  2587  3  -8.006283e+04
  2587  5  -8.914839e-02
  2588  3  -8.006283e+04
  2588  5  9.262170e-02
  2589  3  -7.723500e+04
  2590  3  -2.900000e+05
  2591  3  -5.800000e+05
  2592  3  -5.800000e+05
  2593  3  -5.800000e+05
  2594  3  -2.900000e+05
  2595  3  -7.723500e+04
  2596  3  -7.921545e+04
  2596  5  -7.921545e-02
  2597  3  -7.921537e+04
  2597  5  1.848359e-01
  2598  3  -8.006283e+04
  2598  5  -9.262170e-02
  2599  3  -8.006290e+04
  2599  5  -1.852436e-01
  2600  3  -5.558333e+05
  2601  3  -1.111667e+06
  2602  3  -5.558333e+05
  2603  3  -5.558333e+05
  2604  3  -1.111667e+06
  2605  3  -5.558333e+05
  2606  3  -1.111667e+06
  2607  3  -1.111667e+06
  2608  3  -1.111667e+06
  2609  3  -1.111667e+06
  2610  3  -1.111667e+06
  2611  3  -2.223333e+06
  2612  3  -1.111667e+06
  2613  3  -2.223333e+06
  2614  3  -1.111667e+06
  2615  3  -2.223333e+06
  2616  3  -2.223333e+06
  2617  3  -2.223333e+06
  2618  3  -1.111667e+06
  2619  3  -1.111667e+06
  2620  3  -1.111667e+06
  2621  3  -1.978958e+05
  2622  3  -6.041667e+05
  2623  3  -1.208333e+06
  2624  3  -6.041667e+05
  2625  3  -6.041667e+05
  2626  3  -1.208333e+06
  2627  3  -6.041667e+05
  2628  3  -1.208333e+06
  2629  3  -1.208333e+06
  2630  3  -1.208333e+06
  2631  3  -1.208333e+06
  2632  3  -1.208333e+06
  2633  3  -2.416667e+06
  2634  3  -1.208333e+06
  2635  3  -2.416667e+06
  2636  3  -1.208333e+06
  2637  3  -2.416667e+06
  2638  3  -2.416667e+06
  2639  3  -2.416667e+06
  2640  3  -1.208333e+06
  2641  3  -1.208333e+06
  2642  3  -1.208333e+06
  2643  3  -1.731250e+06
  2644  3  -3.462500e+06
  2645  3  -3.462500e+06
  2646  3  -3.462500e+06
  2647  3  -1.731250e+06
  2648  3  -1.731250e+06
  2649  3  -3.462500e+06
  2650  3  -3.462500e+06
  2651  3  -3.462500e+06
  2652  3  -1.731250e+06
  2653  3  -1.731250e+06
  2654  3  -1.731250e+06
  2655  3  -1.731250e+06
  2656  3  -1.731250e+06
  2657  3  -8.656250e+05
  2658  3  -3.462500e+06
  2659  3  -3.462500e+06
  2660  3  -3.462500e+06
  2661  3  -1.731250e+06
  2662  3  -3.462500e+06
  2663  3  -3.462500e+06
  2664  3  -3.462500e+06
  2665  3  -1.731250e+06
  2666  3  -3.462500e+06
  2667  3  -3.462500e+06
  2668  3  -1.731250e+06
  2669  3  -3.462500e+06
  2670  3  -3.462500e+06
  2671  3  -1.731250e+06
  2672  3  -3.462500e+06
  2673  3  -1.731250e+06
  2674  3  -3.462500e+06
  2675  3  -1.731250e+06
  2676  3  -1.731250e+06
  2677  3  -8.656250e+05
  2678  3  -1.731250e+06
  2679  3  -3.462500e+06
  2680  3  -3.462500e+06
  2681  3  -3.462500e+06
  2682  3  -1.731250e+06
  2683  3  -1.731250e+06
  2684  3  -3.462500e+06
  2685  3  -3.462500e+06
  2686  3  -3.462500e+06
  2687  3  -1.731250e+06
  2688  3  -1.731250e+06
  2689  3  -1.731250e+06
  2690  3  -1.731250e+06
  2691  3  -8.656250e+05
  2692  3  -3.462500e+06
  2693  3  -3.462500e+06
  2694  3  -3.462500e+06
  2695  3  -1.731250e+06
  2696  3  -3.462500e+06
  2697  3  -3.462500e+06
  2698  3  -1.731250e+06
  2699  3  -3.462500e+06
  2700  3  -3.462500e+06
  2701  3  -1.731250e+06
  2702  3  -3.462500e+06
  2703  3  -1.731250e+06
  2704  3  -3.462500e+06
  2705  3  -1.731250e+06
  2706  3  -1.731250e+06
  2707  3  -8.656250e+05
  2708  3  -8.006290e+04
  2708  5  -1.852436e-01
  2709  3  -7.723500e+04
  2710  3  -8.006290e+04
  2710  5  1.852436e-01
  2711  3  -8.006276e+04
  2712  3  -7.723500e+04
  2713  3  -8.006276e+04
  2714  3  -7.723500e+04
  2715  3  -7.723500e+04
  2716  3  -8.006283e+04
  2716  5  9.262170e-02
  2717  3  -7.723500e+04
  2718  3  -8.006283e+04
  2718  5  -8.914839e-02
  2719  3  -8.006290e+04
  2720  3  -7.723500e+04
  2721  3  -8.006290e+04
  2722  3  -7.723500e+04
  2723  3  -2.900000e+05
  2724  3  -5.800000e+05
  2725  3  -5.800000e+05
  2726  3  -5.800000e+05
  2727  3  -2.900000e+05
  2728  3  -7.723500e+04
  2729  3  -1.731250e+06
  2730  3  -3.462500e+06
  2731  3  -3.462500e+06
  2732  3  -3.462500e+06
  2733  3  -1.731250e+06
  2734  3  -1.731250e+06
  2735  3  -3.462500e+06
  2736  3  -3.462500e+06
  2737  3  -3.462500e+06
  2738  3  -1.731250e+06
  2739  3  -1.731250e+06
  2740  3  -1.731250e+06
  2741  3  -1.731250e+06
  2742  3  -1.731250e+06
  2743  3  -8.656250e+05
  2744  3  -3.462500e+06
  2745  3  -3.462500e+06
  2746  3  -3.462500e+06
  2747  3  -1.731250e+06
  2748  3  -3.462500e+06
  2749  3  -3.462500e+06
  2750  3  -3.462500e+06
  2751  3  -1.731250e+06
  2752  3  -3.462500e+06
  2753  3  -3.462500e+06
  2754  3  -1.731250e+06
  2755  3  -3.462500e+06
  2756  3  -3.462500e+06
  2757  3  -1.731250e+06
  2758  3  -3.462500e+06
  2759  3  -1.731250e+06
  2760  3  -3.462500e+06
  2761  3  -1.731250e+06
  2762  3  -1.731250e+06
  2763  3  -8.656250e+05
  2764  3  -1.731250e+06
  2765  3  -3.462500e+06
  2766  3  -3.462500e+06
  2767  3  -3.462500e+06
  2768  3  -1.731250e+06
  2769  3  -1.731250e+06
  2770  3  -3.462500e+06
  2771  3  -3.462500e+06
  2772  3  -3.462500e+06
  2773  3  -1.731250e+06
  2774  3  -1.731250e+06
  2775  3  -1.731250e+06
  2776  3  -1.731250e+06
  2777  3  -8.656250e+05
  2778  3  -3.462500e+06
  2779  3  -3.462500e+06
  2780  3  -3.462500e+06
  2781  3  -1.731250e+06
  2782  3  -3.462500e+06
  2783  3  -3.462500e+06
  2784  3  -1.731250e+06
  2785  3  -3.462500e+06
  2786  3  -3.462500e+06
  2787  3  -1.731250e+06
  2788  3  -3.462500e+06
  2789  3  -1.731250e+06
  2790  3  -3.462500e+06
  2791  3  -1.731250e+06
  2792  3  -1.731250e+06
  2793  3  -8.656250e+05
  2794  3  -7.723500e+04
  2795  3  -8.006290e+04
  2795  5  -1.852436e-01
  2796  3  -8.006290e+04
  2796  5  1.852436e-01
  2797  3  -7.723500e+04
  2798  3  -8.006276e+04
  2799  3  -8.006276e+04
  2800  3  -7.723500e+04
  2801  3  -8.006283e+04
  2801  5  8.914839e-02
  2802  3  -8.006283e+04
  2802  5  -9.262170e-02
  2803  3  -7.723500e+04
  2804  3  -8.006290e+04
  2805  3  -8.006290e+04
  2806  3  -7.723500e+04
  2807  3  -2.900000e+05
  2808  3  -5.800000e+05
  2809  3  -5.800000e+05
  2810  3  -5.800000e+05
  2811  3  -2.900000e+05
  2812  3  -7.723500e+04
  2813  3  -7.921537e+04
  2813  5  1.848359e-01
  2814  3  -7.921537e+04
  2814  5  -1.848359e-01
  2815  3  -8.006283e+04
  2815  5  9.262170e-02
  2816  3  -8.006276e+04
  2817  3  -5.437500e+05
  2818  3  -1.087500e+06
  2819  3  -5.437500e+05
  2820  3  -5.437500e+05
  2821  3  -1.087500e+06
  2822  3  -5.437500e+05
  2823  3  -1.087500e+06
  2824  3  -1.087500e+06
  2825  3  -1.087500e+06
  2826  3  -1.087500e+06
  2827  3  -1.087500e+06
  2828  3  -2.175000e+06
  2829  3  -1.087500e+06
  2830  3  -2.175000e+06
  2831  3  -1.087500e+06
  2832  3  -2.175000e+06
  2833  3  -2.175000e+06
  2834  3  -2.175000e+06
  2835  3  -1.087500e+06
  2836  3  -1.087500e+06
  2837  3  -1.087500e+06
  2838  3  -7.723500e+04
  2839  3  -5.920833e+05
  2840  3  -1.184167e+06
  2841  3  -5.920833e+05
  2842  3  -5.920833e+05
  2843  3  -1.184167e+06
  2844  3  -5.920833e+05
  2845  3  -1.184167e+06
  2846  3  -1.184167e+06
  2847  3  -1.184167e+06
  2848  3  -1.184167e+06
  2849  3  -1.184167e+06
  2850  3  -2.368333e+06
  2851  3  -1.184167e+06
  2852  3  -2.368333e+06
  2853  3  -1.184167e+06
  2854  3  -2.368333e+06
  2855  3  -2.368333e+06
  2856  3  -2.368333e+06
  2857  3  -1.184167e+06
  2858  3  -1.184167e+06
  2859  3  -1.184167e+06
  2860  3  -1.731250e+06
  2861  3  -3.462500e+06
  2862  3  -3.462500e+06
  2863  3  -3.462500e+06
  2864  3  -1.731250e+06
  2865  3  -1.731250e+06
  2866  3  -1.731250e+06
  2867  3  -1.731250e+06
  2868  3  -1.731250e+06
  2869  3  -8.656250e+05
  2870  3  -3.462500e+06
  2871  3  -3.462500e+06
  2872  3  -3.462500e+06
  2873  3  -1.731250e+06
  2874  3  -3.462500e+06
  2875  3  -3.462500e+06
  2876  3  -3.462500e+06
  2877  3  -1.731250e+06
  2878  3  -3.462500e+06
  2879  3  -3.462500e+06
  2880  3  -1.731250e+06
  2881  3  -3.462500e+06
  2882  3  -3.462500e+06
  2883  3  -1.731250e+06
  2884  3  -3.462500e+06
  2885  3  -1.731250e+06
  2886  3  -3.462500e+06
  2887  3  -1.731250e+06
  2888  3  -1.731250e+06
  2889  3  -8.656250e+05
  2890  3  -1.731250e+06
  2891  3  -3.462500e+06
  2892  3  -3.462500e+06
  2893  3  -3.462500e+06
  2894  3  -1.731250e+06
  2895  3  -1.731250e+06
  2896  3  -1.731250e+06
  2897  3  -1.731250e+06
  2898  3  -8.656250e+05
  2899  3  -3.462500e+06
  2900  3  -3.462500e+06
  2901  3  -3.462500e+06
  2902  3  -1.731250e+06
  2903  3  -3.462500e+06
  2904  3  -3.462500e+06
  2905  3  -1.731250e+06
  2906  3  -3.462500e+06
  2907  3  -3.462500e+06
  2908  3  -1.731250e+06
  2909  3  -3.462500e+06
  2910  3  -1.731250e+06
  2911  3  -3.462500e+06
  2912  3  -1.731250e+06
  2913  3  -1.731250e+06
  2914  3  -8.656250e+05
  2915  3  -8.006290e+04
  2915  5  1.852436e-01
  2916  3  -7.723500e+04
  2917  3  -8.006290e+04
  2917  5  -1.852436e-01
  2918  3  -8.006290e+04
  2918  5  -1.852436e-01
  2919  3  -7.723500e+04
  2920  3  -8.006290e+04
  2920  5  1.852436e-01
  2921  3  -7.723500e+04
  2922  3  -7.723500e+04
  2923  3  -8.006283e+04
  2923  5  -9.262170e-02
  2924  3  -7.723500e+04
  2925  3  -8.006283e+04
  2925  5  8.914839e-02
  2926  3  -8.006283e+04
  2926  5  9.262170e-02
  2927  3  -7.723500e+04
  2928  3  -8.006283e+04
  2928  5  -8.914839e-02
  2929  3  -7.723500e+04
  2930  3  -2.900000e+05
  2931  3  -5.800000e+05
  2932  3  -5.800000e+05
  2933  3  -5.800000e+05
  2934  3  -2.900000e+05
  2935  3  -7.723500e+04
  2936  3  -1.731250e+06
  2937  3  -3.462500e+06
  2938  3  -3.462500e+06
  2939  3  -3.462500e+06
  2940  3  -1.731250e+06
  2941  3  -1.731250e+06
  2942  3  -1.731250e+06
  2943  3  -1.731250e+06
  2944  3  -1.731250e+06
  2945  3  -8.656250e+05
  2946  3  -3.462500e+06
  2947  3  -3.462500e+06
  2948  3  -3.462500e+06
  2949  3  -1.731250e+06
  2950  3  -3.462500e+06
  2951  3  -3.462500e+06
  2952  3  -3.462500e+06
  2953  3  -1.731250e+06
  2954  3  -3.462500e+06
  2955  3  -3.462500e+06
  2956  3  -1.731250e+06
  2957  3  -3.462500e+06
  2958  3  -3.462500e+06
  2959  3  -1.731250e+06
  2960  3  -3.462500e+06
  2961  3  -1.731250e+06
  2962  3  -3.462500e+06
  2963  3  -1.731250e+06
  2964  3  -1.731250e+06
  2965  3  -8.656250e+05
  2966  3  -1.731250e+06
  2967  3  -3.462500e+06
  2968  3  -3.462500e+06
  2969  3  -3.462500e+06
  2970  3  -1.731250e+06
  2971  3  -1.731250e+06
  2972  3  -1.731250e+06
  2973  3  -1.731250e+06
  2974  3  -8.656250e+05
  2975  3  -3.462500e+06
  2976  3  -3.462500e+06
  2977  3  -3.462500e+06
  2978  3  -1.731250e+06
  2979  3  -3.462500e+06
  2980  3  -3.462500e+06
  2981  3  -1.731250e+06
  2982  3  -3.462500e+06
  2983  3  -3.462500e+06
  2984  3  -1.731250e+06
  2985  3  -3.462500e+06
  2986  3  -1.731250e+06
  2987  3  -3.462500e+06
  2988  3  -1.731250e+06
  2989  3  -1.731250e+06
  2990  3  -8.656250e+05
  2991  3  -7.723500e+04
  2992  3  -8.006290e+04
  2992  5  1.852436e-01
  2993  3  -8.006290e+04
  2993  5  -1.852436e-01
  2994  3  -7.723500e+04
  2995  3  -8.006290e+04
  2995  5  -1.852436e-01
  2996  3  -8.006290e+04
  2996  5  1.852436e-01
  2997  3  -7.723500e+04
  2998  3  -8.006283e+04
  2998  5  -8.914839e-02
  2999  3  -8.006283e+04
  2999  5  9.262170e-02
  3000  3  -7.723500e+04
  3001  3  -8.006283e+04
  3001  5  8.914839e-02
  3002  3  -8.006283e+04
  3002  5  -9.262170e-02
  3003  3  -7.723500e+04
  3004  3  -2.900000e+05
  3005  3  -5.800000e+05
  3006  3  -5.800000e+05
  3007  3  -5.800000e+05
  3008  3  -2.900000e+05
  3009  3  -7.723500e+04
  3010  3  -7.921538e+04
  3010  5  -1.980384e-01
  3011  3  -7.921538e+04
  3011  5  1.980384e-01
  3012  3  -8.006290e+04
  3012  5  -1.852436e-01
  3013  3  -8.006290e+04
  3013  5  1.852436e-01
  3014  3  -5.316667e+05
  3015  3  -1.063333e+06
  3016  3  -5.316667e+05
  3017  3  -5.316667e+05
  3018  3  -1.063333e+06
  3019  3  -5.316667e+05
  3020  3  -1.063333e+06
  3021  3  -1.063333e+06
  3022  3  -1.063333e+06
  3023  3  -1.063333e+06
  3024  3  -1.063333e+06
  3025  3  -2.126667e+06
  3026  3  -1.063333e+06
  3027  3  -2.126667e+06
  3028  3  -1.063333e+06
  3029  3  -2.126667e+06
  3030  3  -2.126667e+06
  3031  3  -2.126667e+06
  3032  3  -1.063333e+06
  3033  3  -1.063333e+06
  3034  3  -1.063333e+06
  3035  3  -7.723500e+04
  3036  3  -5.800000e+05
  3037  3  -1.160000e+06
  3038  3  -5.800000e+05
  3039  3  -5.800000e+05
  3040  3  -1.160000e+06
  3041  3  -5.800000e+05
  3042  3  -1.160000e+06
  3043  3  -1.160000e+06
  3044  3  -1.160000e+06
  3045  3  -1.160000e+06
  3046  3  -1.160000e+06
  3047  3  -2.320000e+06
  3048  3  -1.160000e+06
  3049  3  -2.320000e+06
  3050  3  -1.160000e+06
  3051  3  -2.320000e+06
  3052  3  -2.320000e+06
  3053  3  -2.320000e+06
  3054  3  -1.160000e+06
  3055  3  -1.160000e+06
  3056  3  -1.160000e+06
  3057  3  -1.731250e+06
  3058  3  -1.731250e+06
  3059  3  -1.731250e+06
  3060  3  -1.731250e+06
  3061  3  -8.656250e+05
  3062  3  -3.462500e+06
  3063  3  -3.462500e+06
  3064  3  -3.462500e+06
  3065  3  -1.731250e+06
  3066  3  -1.731250e+06
  3067  3  -1.731250e+06
  3068  3  -1.731250e+06
  3069  3  -8.656250e+05
  3070  3  -3.462500e+06
  3071  3  -3.462500e+06
  3072  3  -3.462500e+06
  3073  3  -1.731250e+06
  3074  3  -3.462500e+06
  3075  3  -3.462500e+06
  3076  3  -1.731250e+06
  3077  3  -3.462500e+06
  3078  3  -3.462500e+06
  3079  3  -1.731250e+06
  3080  3  -3.462500e+06
  3081  3  -1.731250e+06
  3082  3  -3.462500e+06
  3083  3  -1.731250e+06
  3084  3  -1.731250e+06
  3085  3  -8.656250e+05
  3086  3  -3.462500e+06
  3087  3  -3.462500e+06
  3088  3  -3.462500e+06
  3089  3  -1.731250e+06
  3090  3  -3.462500e+06
  3091  3  -3.462500e+06
  3092  3  -1.731250e+06
  3093  3  -3.462500e+06
  3094  3  -3.462500e+06
  3095  3  -1.731250e+06
  3096  3  -3.462500e+06
  3097  3  -1.731250e+06
  3098  3  -3.462500e+06
  3099  3  -1.731250e+06
  3100  3  -1.731250e+06
  3101  3  -8.656250e+05
  3102  3  -1.731250e+06
  3103  3  -1.731250e+06
  3104  3  -1.731250e+06
  3105  3  -8.656250e+05
  3106  3  -1.731250e+06
  3107  3  -1.731250e+06
  3108  3  -8.656250e+05
  3109  3  -1.731250e+06
  3110  3  -1.731250e+06
  3111  3  -8.656250e+05
  3112  3  -1.731250e+06
  3113  3  -8.656250e+05
  3114  3  -1.731250e+06
  3115  3  -8.656250e+05
  3116  3  -8.656250e+05
  3117  3  -4.328125e+05
  3118  3  -1.186803e+05
  3119  3  -2.900000e+05
  3120  3  -5.800000e+05
  3121  3  -5.800000e+05
  3122  3  -5.800000e+05
  3123  3  -2.900000e+05
  3124  3  -8.006290e+04
  3124  5  1.852436e-01
  3125  3  -7.723500e+04
  3126  3  -8.006290e+04
  3126  5  -1.852436e-01
  3127  3  -3.861750e+04
  3128  3  -2.900000e+05
  3129  3  -5.800000e+05
  3130  3  -5.800000e+05
  3131  3  -5.800000e+05
  3132  3  -2.900000e+05
  3133  3  -7.723500e+04
  3134  3  -1.186804e+05
  3134  5  1.157773e-03
  3135  3  -2.900000e+05
  3136  3  -5.800000e+05
  3137  3  -5.800000e+05
  3138  3  -5.800000e+05
  3139  3  -2.900000e+05
  3140  3  -8.006283e+04
  3140  5  -9.262170e-02
  3141  3  -7.723500e+04
  3142  3  -8.006283e+04
  3142  5  8.914839e-02
  3143  3  -3.861750e+04
  3144  3  -2.900000e+05
  3145  3  -5.800000e+05
  3146  3  -5.800000e+05
  3147  3  -5.800000e+05
  3148  3  -2.900000e+05
  3149  3  -2.900000e+05
  3150  3  -5.800000e+05
  3151  3  -5.800000e+05
  3152  3  -5.800000e+05
  3153  3  -2.900000e+05
  3154  3  -7.723500e+04
  3155  3  -1.731250e+06
  3156  3  -1.731250e+06
  3157  3  -1.731250e+06
  3158  3  -1.731250e+06
  3159  3  -8.656250e+05
  3160  3  -3.462500e+06
  3161  3  -3.462500e+06
  3162  3  -3.462500e+06
  3163  3  -1.731250e+06
  3164  3  -1.731250e+06
  3165  3  -1.731250e+06
  3166  3  -1.731250e+06
  3167  3  -8.656250e+05
  3168  3  -3.462500e+06
  3169  3  -3.462500e+06
  3170  3  -3.462500e+06
  3171  3  -1.731250e+06
  3172  3  -3.462500e+06
  3173  3  -3.462500e+06
  3174  3  -1.731250e+06
  3175  3  -3.462500e+06
  3176  3  -3.462500e+06
  3177  3  -1.731250e+06
  3178  3  -3.462500e+06
  3179  3  -1.731250e+06
  3180  3  -3.462500e+06
  3181  3  -1.731250e+06
  3182  3  -1.731250e+06
  3183  3  -8.656250e+05
  3184  3  -3.462500e+06
  3185  3  -3.462500e+06
  3186  3  -3.462500e+06
  3187  3  -1.731250e+06
  3188  3  -3.462500e+06
  3189  3  -3.462500e+06
  3190  3  -1.731250e+06
  3191  3  -3.462500e+06
  3192  3  -3.462500e+06
  3193  3  -1.731250e+06
  3194  3  -3.462500e+06
  3195  3  -1.731250e+06
  3196  3  -3.462500e+06
  3197  3  -1.731250e+06
  3198  3  -1.731250e+06
  3199  3  -8.656250e+05
  3200  3  -1.731250e+06
  3201  3  -1.731250e+06
  3202  3  -1.731250e+06
  3203  3  -8.656250e+05
  3204  3  -1.731250e+06
  3205  3  -1.731250e+06
  3206  3  -8.656250e+05
  3207  3  -1.731250e+06
  3208  3  -1.731250e+06
  3209  3  -8.656250e+05
  3210  3  -1.731250e+06
  3211  3  -8.656250e+05
  3212  3  -1.731250e+06
  3213  3  -8.656250e+05
  3214  3  -8.656250e+05
  3215  3  -4.328125e+05
  3216  3  -1.186803e+05
  3217  3  -2.900000e+05
  3218  3  -5.800000e+05
  3219  3  -5.800000e+05
  3220  3  -5.800000e+05
  3221  3  -2.900000e+05
  3222  3  -7.723500e+04
  3223  3  -8.006290e+04
  3223  5  1.852436e-01
  3224  3  -8.006290e+04
  3224  5  -1.852436e-01
  3225  3  -1.186804e+05
  3225  5  -1.157773e-03
  3226  3  -7.723500e+04
  3227  3  -8.006283e+04
  3227  5  -8.914839e-02
  3228  3  -8.006283e+04
  3228  5  9.262170e-02
  3229  3  -3.861750e+04
  3230  3  -2.900000e+05
  3231  3  -5.800000e+05
  3232  3  -5.800000e+05
  3233  3  -5.800000e+05
  3234  3  -2.900000e+05
  3235  3  -2.900000e+05
  3236  3  -5.800000e+05
  3237  3  -5.800000e+05
  3238  3  -5.800000e+05
  3239  3  -2.900000e+05
  3240  3  -7.723500e+04
  3241  3  -7.921538e+04
  3241  5  1.980384e-01
  3242  3  -7.921538e+04
  3242  5  -1.980384e-01
  3243  3  -8.006290e+04
  3243  5  1.852436e-01
  3244  3  -8.006290e+04
  3244  5  -1.852436e-01
  3245  3  -5.195833e+05
  3246  3  -1.039167e+06
  3247  3  -5.195833e+05
  3248  3  -5.195833e+05
  3249  3  -1.039167e+06
  3250  3  -5.195833e+05
  3251  3  -1.039167e+06
  3252  3  -1.039167e+06
  3253  3  -1.039167e+06
  3254  3  -1.039167e+06
  3255  3  -1.039167e+06
  3256  3  -2.078333e+06
  3257  3  -1.039167e+06
  3258  3  -2.078333e+06
  3259  3  -1.039167e+06
  3260  3  -2.078333e+06
  3261  3  -2.078333e+06
  3262  3  -2.078333e+06
  3263  3  -1.039167e+06
  3264  3  -1.039167e+06
  3265  3  -1.039167e+06
  3266  3  -5.075000e+05
  3267  3  -1.015000e+06
  3268  3  -5.075000e+05
  3269  3  -4.954167e+05
  3270  3  -2.446875e+05
  3271  3  -9.908333e+05
  3272  3  -4.954167e+05
  3273  3  -4.893750e+05
  3274  3  -2.446875e+05
  3275  3  -5.075000e+05
  3276  3  -1.015000e+06
  3277  3  -5.075000e+05
  3278  3  -4.954167e+05
  3279  3  -2.446875e+05
  3280  3  -9.908333e+05
  3281  3  -4.954167e+05
  3282  3  -4.893750e+05
  3283  3  -2.446875e+05
  3284  3  -7.723500e+04
  3285  3  -5.679167e+05
  3286  3  -1.135833e+06
  3287  3  -5.679167e+05
  3288  3  -5.679167e+05
  3289  3  -1.135833e+06
  3290  3  -5.679167e+05
  3291  3  -1.135833e+06
  3292  3  -1.135833e+06
  3293  3  -1.135833e+06
  3294  3  -1.135833e+06
  3295  3  -1.135833e+06
  3296  3  -2.271667e+06
  3297  3  -1.135833e+06
  3298  3  -2.271667e+06
  3299  3  -1.135833e+06
  3300  3  -2.271667e+06
  3301  3  -2.271667e+06
  3302  3  -2.271667e+06
  3303  3  -1.135833e+06
  3304  3  -1.135833e+06
  3305  3  -1.135833e+06
  3306  3  -3.462500e+06
  3307  3  -3.462500e+06
  3308  3  -3.462500e+06
  3309  3  -1.731250e+06
  3310  3  -3.462500e+06
  3311  3  -3.462500e+06
  3312  3  -1.731250e+06
  3313  3  -3.462500e+06
  3314  3  -3.462500e+06
  3315  3  -1.731250e+06
  3316  3  -3.462500e+06
  3317  3  -3.462500e+06
  3318  3  -1.731250e+06
  3319  3  -3.462500e+06
  3320  3  -1.731250e+06
  3321  3  -3.462500e+06
  3322  3  -1.731250e+06
  3323  3  -1.731250e+06
  3324  3  -8.656250e+05
  3325  3  -3.462500e+06
  3326  3  -3.462500e+06
  3327  3  -1.731250e+06
  3328  3  -3.462500e+06
  3329  3  -1.731250e+06
  3330  3  -3.462500e+06
  3331  3  -1.731250e+06
  3332  3  -1.731250e+06
  3333  3  -8.656250e+05
  3334  3  -2.900000e+05
  3335  3  -3.462500e+06
  3336  3  -3.462500e+06
  3337  3  -1.731250e+06
  3338  3  -3.462500e+06
  3339  3  -1.731250e+06
  3340  3  -2.900000e+05
  3341  3  -3.462500e+06
  3342  3  -1.731250e+06
  3343  3  -1.731250e+06
  3344  3  -2.900000e+05
  3345  3  -8.656250e+05
  3346  3  -2.900000e+05
  3347  3  -1.450000e+05
  3348  3  -5.800000e+05
  3349  3  -5.800000e+05
  3350  3  -5.800000e+05
  3351  3  -2.900000e+05
  3352  3  -2.900000e+05
  3353  3  -2.900000e+05
  3354  3  -2.900000e+05
  3355  3  -2.900000e+05
  3356  3  -2.900000e+05
  3357  3  -2.900000e+05
  3358  3  -2.900000e+05
  3359  3  -2.900000e+05
  3360  3  -2.900000e+05
  3361  3  -5.800000e+05
  3362  3  -5.800000e+05
  3363  3  -5.800000e+05
  3364  3  -2.900000e+05
  3365  3  -5.800000e+05
  3366  3  -5.800000e+05
  3367  3  -5.800000e+05
  3368  3  -2.900000e+05
  3369  3  -8.006276e+04
  3370  3  -7.723500e+04
  3371  3  -8.006276e+04
  3372  3  -2.900000e+05
  3373  3  -2.900000e+05
  3374  3  -2.900000e+05
  3375  3  -2.900000e+05
  3376  3  -2.900000e+05
  3377  3  -2.900000e+05
  3378  3  -2.900000e+05
  3379  3  -2.900000e+05
  3380  3  -2.900000e+05
  3381  3  -5.800000e+05
  3382  3  -5.800000e+05
  3383  3  -5.800000e+05
  3384  3  -2.900000e+05
  3385  3  -5.800000e+05
  3386  3  -5.800000e+05
  3387  3  -5.800000e+05
  3388  3  -2.900000e+05
  3389  3  -7.723500e+04
  3390  3  -2.900000e+05
  3391  3  -2.900000e+05
  3392  3  -2.900000e+05
  3393  3  -2.900000e+05
  3394  3  -2.900000e+05
  3395  3  -2.900000e+05
  3396  3  -2.900000e+05
  3397  3  -2.900000e+05
  3398  3  -2.900000e+05
  3399  3  -5.800000e+05
  3400  3  -5.800000e+05
  3401  3  -5.800000e+05
  3402  3  -2.900000e+05
  3403  3  -5.800000e+05
  3404  3  -5.800000e+05
  3405  3  -5.800000e+05
  3406  3  -2.900000e+05
  3407  3  -8.006290e+04
  3408  3  -7.723500e+04
  3409  3  -8.006290e+04
  3410  3  -2.900000e+05
  3411  3  -2.900000e+05
  3412  3  -2.900000e+05
  3413  3  -2.900000e+05
  3414  3  -2.900000e+05
  3415  3  -2.900000e+05
  3416  3  -2.900000e+05
  3417  3  -2.900000e+05
  3418  3  -2.900000e+05
  3419  3  -5.800000e+05
  3420  3  -5.800000e+05
  3421  3  -5.800000e+05
  3422  3  -2.900000e+05
  3423  3  -5.800000e+05
  3424  3  -5.800000e+05
  3425  3  -5.800000e+05
  3426  3  -2.900000e+05
  3427  3  -7.723500e+04
  3428  3  -3.462500e+06
  3429  3  -3.462500e+06
  3430  3  -3.462500e+06
  3431  3  -1.731250e+06
  3432  3  -3.462500e+06
  3433  3  -3.462500e+06
  3434  3  -1.731250e+06
  3435  3  -3.462500e+06
  3436  3  -3.462500e+06
  3437  3  -1.731250e+06
  3438  3  -3.462500e+06
  3439  3  -3.462500e+06
  3440  3  -1.731250e+06
  3441  3  -3.462500e+06
  3442  3  -1.731250e+06
  3443  3  -3.462500e+06
  3444  3  -1.731250e+06
  3445  3  -1.731250e+06
  3446  3  -8.656250e+05
  3447  3  -3.462500e+06
  3448  3  -3.462500e+06
  3449  3  -1.731250e+06
  3450  3  -3.462500e+06
  3451  3  -1.731250e+06
  3452  3  -3.462500e+06
  3453  3  -1.731250e+06
  3454  3  -1.731250e+06
  3455  3  -8.656250e+05
  3456  3  -2.900000e+05
  3457  3  -3.462500e+06
  3458  3  -3.462500e+06
  3459  3  -1.731250e+06
  3460  3  -3.462500e+06
  3461  3  -1.731250e+06
  3462  3  -2.900000e+05
  3463  3  -3.462500e+06
  3464  3  -1.731250e+06
  3465  3  -1.731250e+06
  3466  3  -2.900000e+05
  3467  3  -8.656250e+05
  3468  3  -2.900000e+05
  3469  3  -1.450000e+05
  3470  3  -5.800000e+05
  3471  3  -5.800000e+05
  3472  3  -5.800000e+05
  3473  3  -2.900000e+05
  3474  3  -2.900000e+05
  3475  3  -2.900000e+05
  3476  3  -2.900000e+05
  3477  3  -2.900000e+05
  3478  3  -2.900000e+05
  3479  3  -5.800000e+05
  3480  3  -5.800000e+05
  3481  3  -5.800000e+05
  3482  3  -2.900000e+05
  3483  3  -7.723500e+04
  3484  3  -8.006276e+04
  3485  3  -8.006276e+04
  3486  3  -2.900000e+05
  3487  3  -2.900000e+05
  3488  3  -2.900000e+05
  3489  3  -2.900000e+05
  3490  3  -2.900000e+05
  3491  3  -5.800000e+05
  3492  3  -5.800000e+05
  3493  3  -5.800000e+05
  3494  3  -2.900000e+05
  3495  3  -7.723500e+04
  3496  3  -8.006290e+04
  3497  3  -8.006290e+04
  3498  3  -2.900000e+05
  3499  3  -2.900000e+05
  3500  3  -2.900000e+05
  3501  3  -2.900000e+05
  3502  3  -2.900000e+05
  3503  3  -2.900000e+05
  3504  3  -2.900000e+05
  3505  3  -2.900000e+05
  3506  3  -2.900000e+05
  3507  3  -5.800000e+05
  3508  3  -5.800000e+05
  3509  3  -5.800000e+05
  3510  3  -2.900000e+05
  3511  3  -5.800000e+05
  3512  3  -5.800000e+05
  3513  3  -5.800000e+05
  3514  3  -2.900000e+05
  3515  3  -7.723500e+04
  3516  3  -7.921537e+04
  3516  5  -1.848359e-01
  3517  3  -7.921537e+04
  3517  5  1.848359e-01
  3518  3  -8.006276e+04
  3519  3  -8.006276e+04
  3520  3  -1.015000e+06
  3521  3  -1.015000e+06
  3522  3  -1.015000e+06
  3523  3  -1.015000e+06
  3524  3  -1.015000e+06
  3525  3  -2.030000e+06
  3526  3  -1.015000e+06
  3527  3  -9.908333e+05
  3528  3  -4.893750e+05
  3529  3  -2.030000e+06
  3530  3  -1.015000e+06
  3531  3  -9.908333e+05
  3532  3  -4.893750e+05
  3533  3  -2.030000e+06
  3534  3  -2.030000e+06
  3535  3  -2.030000e+06
  3536  3  -1.015000e+06
  3537  3  -1.015000e+06
  3538  3  -1.015000e+06
  3539  3  -9.908333e+05
  3540  3  -9.908333e+05
  3541  3  -9.908333e+05
  3542  3  -4.893750e+05
  3543  3  -4.893750e+05
  3544  3  -4.893750e+05
  3545  3  -1.981667e+06
  3546  3  -9.908333e+05
  3547  3  -9.787500e+05
  3548  3  -4.893750e+05
  3549  3  -1.981667e+06
  3550  3  -9.908333e+05
  3551  3  -9.787500e+05
  3552  3  -4.893750e+05
  3553  3  -2.864455e+06
  3554  3  -2.456250e+06
  3555  3  -2.084197e+06
  3556  3  -1.771227e+06
  3557  3  -1.553469e+06
  3558  3  -2.864455e+06
  3559  3  -2.456250e+06
  3560  3  -1.771227e+06
  3561  3  -1.553469e+06
  3562  3  -7.723500e+04
  3563  3  -2.900000e+05
  3564  3  -2.900000e+05
  3565  3  -5.558333e+05
  3566  3  -1.111667e+06
  3567  3  -5.558333e+05
  3568  3  -5.558333e+05
  3569  3  -1.111667e+06
  3570  3  -5.558333e+05
  3571  3  -1.111667e+06
  3572  3  -1.111667e+06
  3573  3  -1.111667e+06
  3574  3  -1.111667e+06
  3575  3  -1.111667e+06
  3576  3  -2.223333e+06
  3577  3  -1.111667e+06
  3578  3  -2.223333e+06
  3579  3  -1.111667e+06
  3580  3  -2.223333e+06
  3581  3  -2.223333e+06
  3582  3  -2.223333e+06
  3583  3  -1.111667e+06
  3584  3  -1.111667e+06
  3585  3  -1.111667e+06
  3586  3  -3.462500e+06
  3587  3  -3.462500e+06
  3588  3  -1.731250e+06
  3589  3  -3.462500e+06
  3590  3  -1.731250e+06
  3591  3  -3.462500e+06
  3592  3  -1.731250e+06
  3593  3  -3.462500e+06
  3594  3  -1.731250e+06
  3595  3  -1.731250e+06
  3596  3  -8.656250e+05
  3597  3  -3.462500e+06
  3598  3  -1.731250e+06
  3599  3  -1.731250e+06
  3600  3  -8.656250e+05
  3601  3  -5.800000e+05
  3602  3  -3.462500e+06
  3603  3  -1.731250e+06
  3604  3  -1.731250e+06
  3605  3  -5.800000e+05
  3606  3  -8.656250e+05
  3607  3  -5.800000e+05
  3608  3  -2.900000e+05
  3609  3  -5.800000e+05
  3610  3  -5.800000e+05
  3611  3  -2.900000e+05
  3612  3  -5.800000e+05
  3613  3  -5.800000e+05
  3614  3  -5.800000e+05
  3615  3  -5.800000e+05
  3616  3  -5.800000e+05
  3617  3  -5.800000e+05
  3618  3  -5.800000e+05
  3619  3  -5.800000e+05
  3620  3  -5.800000e+05
  3621  3  -2.900000e+05
  3622  3  -5.800000e+05
  3623  3  -5.800000e+05
  3624  3  -2.900000e+05
  3625  3  -8.006290e+04
  3625  5  -1.852436e-01
  3626  3  -7.723500e+04
  3627  3  -8.006290e+04
  3627  5  1.852436e-01
  3628  3  -5.800000e+05
  3629  3  -5.800000e+05
  3630  3  -5.800000e+05
  3631  3  -5.800000e+05
  3632  3  -5.800000e+05
  3633  3  -5.800000e+05
  3634  3  -5.800000e+05
  3635  3  -5.800000e+05
  3636  3  -5.800000e+05
  3637  3  -2.900000e+05
  3638  3  -5.800000e+05
  3639  3  -5.800000e+05
  3640  3  -2.900000e+05
  3641  3  -7.723500e+04
  3642  3  -5.800000e+05
  3643  3  -5.800000e+05
  3644  3  -5.800000e+05
  3645  3  -5.800000e+05
  3646  3  -5.800000e+05
  3647  3  -5.800000e+05
  3648  3  -5.800000e+05
  3649  3  -5.800000e+05
  3650  3  -5.800000e+05
  3651  3  -2.900000e+05
  3652  3  -5.800000e+05
  3653  3  -5.800000e+05
  3654  3  -2.900000e+05
  3655  3  -8.006283e+04
  3655  5  9.262170e-02
  3656  3  -7.723500e+04
  3657  3  -8.006283e+04
  3657  5  -8.914839e-02
  3658  3  -5.800000e+05
  3659  3  -5.800000e+05
  3660  3  -5.800000e+05
  3661  3  -5.800000e+05
  3662  3  -5.800000e+05
  3663  3  -5.800000e+05
  3664  3  -5.800000e+05
  3665  3  -5.800000e+05
  3666  3  -5.800000e+05
  3667  3  -2.900000e+05
  3668  3  -5.800000e+05
  3669  3  -5.800000e+05
  3670  3  -2.900000e+05
  3671  3  -7.723500e+04
  3672  3  -3.462500e+06
  3673  3  -3.462500e+06
  3674  3  -1.731250e+06
  3675  3  -3.462500e+06
  3676  3  -1.731250e+06
  3677  3  -3.462500e+06
  3678  3  -1.731250e+06
  3679  3  -3.462500e+06
  3680  3  -1.731250e+06
  3681  3  -1.731250e+06
  3682  3  -8.656250e+05
  3683  3  -3.462500e+06
  3684  3  -1.731250e+06
  3685  3  -1.731250e+06
  3686  3  -8.656250e+05
  3687  3  -5.800000e+05
  3688  3  -3.462500e+06
  3689  3  -1.731250e+06
  3690  3  -1.731250e+06
  3691  3  -5.800000e+05
  3692  3  -8.656250e+05
  3693  3  -5.800000e+05
  3694  3  -2.900000e+05
  3695  3  -5.800000e+05
  3696  3  -5.800000e+05
  3697  3  -2.900000e+05
  3698  3  -5.800000e+05
  3699  3  -5.800000e+05
  3700  3  -5.800000e+05
  3701  3  -5.800000e+05
  3702  3  -5.800000e+05
  3703  3  -5.800000e+05
  3704  3  -5.800000e+05
  3705  3  -2.900000e+05
  3706  3  -7.723500e+04
  3707  3  -8.006290e+04
  3707  5  -1.852436e-01
  3708  3  -8.006290e+04
  3708  5  1.852436e-01
  3709  3  -5.800000e+05
  3710  3  -5.800000e+05
  3711  3  -5.800000e+05
  3712  3  -5.800000e+05
  3713  3  -5.800000e+05
  3714  3  -5.800000e+05
  3715  3  -5.800000e+05
  3716  3  -2.900000e+05
  3717  3  -7.723500e+04
  3718  3  -8.006283e+04
  3718  5  8.914839e-02
  3719  3  -8.006283e+04
  3719  5  -9.262170e-02
  3720  3  -5.800000e+05
  3721  3  -5.800000e+05
  3722  3  -5.800000e+05
  3723  3  -5.800000e+05
  3724  3  -5.800000e+05
  3725  3  -5.800000e+05
  3726  3  -5.800000e+05
  3727  3  -5.800000e+05
  3728  3  -5.800000e+05
  3729  3  -2.900000e+05
  3730  3  -5.800000e+05
  3731  3  -5.800000e+05
  3732  3  -2.900000e+05
  3733  3  -7.723500e+04
  3734  3  -7.921537e+04
  3734  5  1.848359e-01
  3735  3  -7.921537e+04
  3735  5  -1.848359e-01
  3736  3  -8.006290e+04
  3736  5  -1.852436e-01
  3737  3  -8.006290e+04
  3737  5  1.852436e-01
  3738  3  -1.981667e+06
  3739  3  -1.981667e+06
  3740  3  -1.981667e+06
  3741  3  -9.908333e+05
  3742  3  -9.787500e+05
  3743  3  -9.908333e+05
  3744  3  -9.787500e+05
  3745  3  -9.908333e+05
  3746  3  -9.787500e+05
  3747  3  -4.893750e+05
  3748  3  -4.893750e+05
  3749  3  -2.864455e+06
  3750  3  -2.456250e+06
  3751  3  -2.084197e+06
  3752  3  -1.771227e+06
  3753  3  -1.553469e+06
  3754  3  -2.864455e+06
  3755  3  -2.456250e+06
  3756  3  -1.771227e+06
  3757  3  -1.553469e+06
  3758  3  -7.723500e+04
  3759  3  -2.900000e+05
  3760  3  -5.800000e+05
  3761  3  -2.900000e+05
  3762  3  -5.800000e+05
  3763  3  -5.437500e+05
  3764  3  -1.087500e+06
  3765  3  -5.437500e+05
  3766  3  -5.437500e+05
  3767  3  -1.087500e+06
  3768  3  -5.437500e+05
  3769  3  -1.087500e+06
  3770  3  -1.087500e+06
  3771  3  -1.087500e+06
  3772  3  -1.087500e+06
  3773  3  -1.087500e+06
  3774  3  -2.175000e+06
  3775  3  -1.087500e+06
  3776  3  -2.175000e+06
  3777  3  -1.087500e+06
  3778  3  -2.175000e+06
  3779  3  -2.175000e+06
  3780  3  -2.175000e+06
  3781  3  -1.087500e+06
  3782  3  -1.087500e+06
  3783  3  -1.087500e+06
  3784  3  -3.462500e+06
  3785  3  -1.731250e+06
  3786  3  -1.731250e+06
  3787  3  -1.731250e+06
  3788  3  -8.656250e+05
  3789  3  -8.656250e+05
  3790  3  -5.800000e+05
  3791  3  -8.656250e+05
  3792  3  -5.800000e+05
  3793  3  -2.900000e+05
  3794  3  -5.800000e+05
  3795  3  -2.900000e+05
  3796  3  -5.800000e+05
  3797  3  -5.800000e+05
  3798  3  -5.800000e+05
  3799  3  -5.800000e+05
  3800  3  -5.800000e+05
  3801  3  -5.800000e+05
  3802  3  -2.900000e+05
  3803  3  -5.800000e+05
  3804  3  -2.900000e+05
  3805  3  -8.006290e+04
  3805  5  1.852436e-01
  3806  3  -7.723500e+04
  3807  3  -8.006290e+04
  3807  5  -1.852436e-01
  3808  3  -5.800000e+05
  3809  3  -5.800000e+05
  3810  3  -5.800000e+05
  3811  3  -5.800000e+05
  3812  3  -5.800000e+05
  3813  3  -5.800000e+05
  3814  3  -2.900000e+05
  3815  3  -5.800000e+05
  3816  3  -2.900000e+05
  3817  3  -7.723500e+04
  3818  3  -5.800000e+05
  3819  3  -5.800000e+05
  3820  3  -5.800000e+05
  3821  3  -5.800000e+05
  3822  3  -5.800000e+05
  3823  3  -5.800000e+05
  3824  3  -2.900000e+05
  3825  3  -5.800000e+05
  3826  3  -2.900000e+05
  3827  3  -8.006283e+04
  3827  5  -9.262170e-02
  3828  3  -7.723500e+04
  3829  3  -8.006283e+04
  3829  5  8.914839e-02
  3830  3  -5.800000e+05
  3831  3  -5.800000e+05
  3832  3  -5.800000e+05
  3833  3  -5.800000e+05
  3834  3  -5.800000e+05
  3835  3  -5.800000e+05
  3836  3  -2.900000e+05
  3837  3  -5.800000e+05
  3838  3  -2.900000e+05
  3839  3  -7.723500e+04
  3840  3  -3.462500e+06
  3841  3  -1.731250e+06
  3842  3  -1.731250e+06
  3843  3  -1.731250e+06
  3844  3  -8.656250e+05
  3845  3  -8.656250e+05
  3846  3  -5.800000e+05
  3847  3  -8.656250e+05
  3848  3  -5.800000e+05
  3849  3  -2.900000e+05
  3850  3  -5.800000e+05
  3851  3  -2.900000e+05
  3852  3  -5.800000e+05
  3853  3  -5.800000e+05
  3854  3  -5.800000e+05
  3855  3  -5.800000e+05
  3856  3  -5.800000e+05
  3857  3  -5.800000e+05
  3858  3  -2.900000e+05
  3859  3  -5.800000e+05
  3860  3  -2.900000e+05
  3861  3  -7.723500e+04
  3862  3  -8.006290e+04
  3862  5  1.852436e-01
  3863  3  -8.006290e+04
  3863  5  -1.852436e-01
  3864  3  -5.800000e+05
  3865  3  -5.800000e+05
  3866  3  -5.800000e+05
  3867  3  -5.800000e+05
  3868  3  -5.800000e+05
  3869  3  -5.800000e+05
  3870  3  -2.900000e+05
  3871  3  -5.800000e+05
  3872  3  -2.900000e+05
  3873  3  -7.723500e+04
  3874  3  -8.006283e+04
  3874  5  -8.914839e-02
  3875  3  -8.006283e+04
  3875  5  9.262170e-02
  3876  3  -5.800000e+05
  3877  3  -5.800000e+05
  3878  3  -5.800000e+05
  3879  3  -5.800000e+05
  3880  3  -5.800000e+05
  3881  3  -5.800000e+05
  3882  3  -2.900000e+05
  3883  3  -5.800000e+05
  3884  3  -2.900000e+05
  3885  3  -7.723500e+04
  3886  3  -7.921538e+04
  3886  5  -1.980384e-01
  3887  3  -7.921538e+04
  3887  5  1.980384e-01
  3888  3  -8.006290e+04
  3888  5  1.852436e-01
  3889  3  -8.006290e+04
  3889  5  -1.852436e-01
  3890  3  -4.893750e+05
  3891  3  -7.723500e+04
  3892  3  -2.900000e+05
  3893  3  -5.800000e+05
  3894  3  -5.800000e+05
  3895  3  -5.800000e+05
  3896  3  -2.900000e+05
  3897  3  -2.900000e+05
  3898  3  -5.800000e+05
  3899  3  -5.800000e+05
  3900  3  -5.800000e+05
  3901  3  -2.900000e+05
  3902  3  -5.316667e+05
  3903  3  -1.063333e+06
  3904  3  -5.316667e+05
  3905  3  -5.316667e+05
  3906  3  -1.063333e+06
  3907  3  -5.316667e+05
  3908  3  -1.063333e+06
  3909  3  -1.063333e+06
  3910  3  -1.063333e+06
  3911  3  -1.063333e+06
  3912  3  -1.063333e+06
  3913  3  -2.126667e+06
  3914  3  -1.063333e+06
  3915  3  -2.126667e+06
  3916  3  -1.063333e+06
  3917  3  -2.126667e+06
  3918  3  -2.126667e+06
  3919  3  -2.126667e+06
  3920  3  -1.063333e+06
  3921  3  -1.063333e+06
  3922  3  -1.063333e+06
  3923  3  -4.328125e+05
  3924  3  -5.800000e+05
  3925  3  -2.900000e+05
  3926  3  -2.900000e+05
  3927  3  -5.800000e+05
  3928  3  -5.800000e+05
  3929  3  -5.800000e+05
  3930  3  -2.900000e+05
  3931  3  -2.900000e+05
  3932  3  -1.186803e+05
  3933  3  -5.800000e+05
  3934  3  -5.800000e+05
  3935  3  -5.800000e+05
  3936  3  -2.900000e+05
  3937  3  -2.900000e+05
  3938  3  -3.861750e+04
  3939  3  -5.800000e+05
  3940  3  -5.800000e+05
  3941  3  -5.800000e+05
  3942  3  -2.900000e+05
  3943  3  -2.900000e+05
  3944  3  -1.186804e+05
  3944  5  1.157773e-03
  3945  3  -5.800000e+05
  3946  3  -5.800000e+05
  3947  3  -5.800000e+05
  3948  3  -2.900000e+05
  3949  3  -2.900000e+05
  3950  3  -3.861750e+04
  3951  3  -4.328125e+05
  3952  3  -5.800000e+05
  3953  3  -2.900000e+05
  3954  3  -2.900000e+05
  3955  3  -5.800000e+05
  3956  3  -5.800000e+05
  3957  3  -5.800000e+05
  3958  3  -2.900000e+05
  3959  3  -2.900000e+05
  3960  3  -1.186803e+05
  3961  3  -5.800000e+05
  3962  3  -5.800000e+05
  3963  3  -5.800000e+05
  3964  3  -2.900000e+05
  3965  3  -2.900000e+05
  3966  3  -1.186804e+05
  3966  5  -1.157773e-03
  3967  3  -5.800000e+05
  3968  3  -5.800000e+05
  3969  3  -5.800000e+05
  3970  3  -2.900000e+05
  3971  3  -2.900000e+05
  3972  3  -3.861750e+04
  3973  3  -1.978958e+05
  3974  3  -2.084197e+06
  3975  3  -7.723500e+04
  3976  3  -2.900000e+05
  3977  3  -5.800000e+05
  3978  3  -5.800000e+05
  3979  3  -5.800000e+05
  3980  3  -2.900000e+05
  3981  3  -2.900000e+05
  3982  3  -5.800000e+05
  3983  3  -5.800000e+05
  3984  3  -5.800000e+05
  3985  3  -2.900000e+05
  3986  3  -5.195833e+05
  3987  3  -1.039167e+06
  3988  3  -5.195833e+05
  3989  3  -5.195833e+05
  3990  3  -1.039167e+06
  3991  3  -5.195833e+05
  3992  3  -1.039167e+06
  3993  3  -1.039167e+06
  3994  3  -1.039167e+06
  3995  3  -1.039167e+06
  3996  3  -1.039167e+06
  3997  3  -2.078333e+06
  3998  3  -1.039167e+06
  3999  3  -2.078333e+06
  4000  3  -1.039167e+06
  4001  3  -2.078333e+06
  4002  3  -2.078333e+06
  4003  3  -2.078333e+06
  4004  3  -1.039167e+06
  4005  3  -1.039167e+06
  4006  3  -1.039167e+06
  4007  3  -5.075000e+05
  4008  3  -1.015000e+06
  4009  3  -5.075000e+05
  4010  3  -4.954167e+05
  4011  3  -2.446875e+05
  4012  3  -9.908333e+05
  4013  3  -4.954167e+05
  4014  3  -4.893750e+05
  4015  3  -2.446875e+05
  4016  3  -5.075000e+05
  4017  3  -1.015000e+06
  4018  3  -5.075000e+05
  4019  3  -4.954167e+05
  4020  3  -2.446875e+05
  4021  3  -9.908333e+05
  4022  3  -4.954167e+05
  4023  3  -4.893750e+05
  4024  3  -2.446875e+05
  4025  3  -1.450000e+05
  4026  3  -2.900000e+05
  4027  3  -2.900000e+05
  4028  3  -2.900000e+05
  4029  3  -2.900000e+05
  4030  3  -1.450000e+05
  4031  3  -2.900000e+05
  4032  3  -2.900000e+05
  4033  3  -2.900000e+05
  4034  3  -7.723500e+04
  4035  3  -2.084197e+06
  4036  3  -3.861750e+04
  4037  3  -2.900000e+05
  4038  3  -5.800000e+05
  4039  3  -5.800000e+05
  4040  3  -5.800000e+05
  4041  3  -2.900000e+05
  4042  3  -2.900000e+05
  4043  3  -5.800000e+05
  4044  3  -5.800000e+05
  4045  3  -5.800000e+05
  4046  3  -2.900000e+05
  4047  3  -1.015000e+06
  4048  3  -1.015000e+06
  4049  3  -1.015000e+06
  4050  3  -1.015000e+06
  4051  3  -1.015000e+06
  4052  3  -2.030000e+06
  4053  3  -1.015000e+06
  4054  3  -9.908333e+05
  4055  3  -4.893750e+05
  4056  3  -2.030000e+06
  4057  3  -1.015000e+06
  4058  3  -9.908333e+05
  4059  3  -4.893750e+05
  4060  3  -2.030000e+06
  4061  3  -2.030000e+06
  4062  3  -2.030000e+06
  4063  3  -1.015000e+06
  4064  3  -1.015000e+06
  4065  3  -1.015000e+06
  4066  3  -9.908333e+05
  4067  3  -9.908333e+05
  4068  3  -9.908333e+05
  4069  3  -4.893750e+05
  4070  3  -4.893750e+05
  4071  3  -4.893750e+05
  4072  3  -1.981667e+06
  4073  3  -9.908333e+05
  4074  3  -9.787500e+05
  4075  3  -4.893750e+05
  4076  3  -1.981667e+06
  4077  3  -9.908333e+05
  4078  3  -9.787500e+05
  4079  3  -4.893750e+05
  4080  3  -2.864455e+06
  4081  3  -2.456250e+06
  4082  3  -2.084197e+06
  4083  3  -1.771227e+06
  4084  3  -1.553469e+06
  4085  3  -2.864455e+06
  4086  3  -2.456250e+06
  4087  3  -1.771227e+06
  4088  3  -1.553469e+06
  4089  3  -7.723500e+04
  4090  3  -2.900000e+05
  4091  3  -2.900000e+05
  4092  3  -2.900000e+05
  4093  3  -2.900000e+05
  4094  3  -2.900000e+05
  4095  3  -2.900000e+05
  4096  3  -2.900000e+05
  4097  3  -2.900000e+05
  4098  3  -2.900000e+05
  4099  3  -5.800000e+05
  4100  3  -5.800000e+05
  4101  3  -5.800000e+05
  4102  3  -2.900000e+05
  4103  3  -5.800000e+05
  4104  3  -5.800000e+05
  4105  3  -5.800000e+05
  4106  3  -2.900000e+05
  4107  3  -1.981667e+06
  4108  3  -1.981667e+06
  4109  3  -1.981667e+06
  4110  3  -9.908333e+05
  4111  3  -9.787500e+05
  4112  3  -9.908333e+05
  4113  3  -9.787500e+05
  4114  3  -9.908333e+05
  4115  3  -9.787500e+05
  4116  3  -4.893750e+05
  4117  3  -4.893750e+05
  4118  3  -2.864455e+06
  4119  3  -2.456250e+06
  4120  3  -2.084197e+06
  4121  3  -1.771227e+06
  4122  3  -1.553469e+06
  4123  3  -2.864455e+06
  4124  3  -2.456250e+06
  4125  3  -1.771227e+06
  4126  3  -1.553469e+06
  4127  3  -7.723500e+04
  4128  3  -5.800000e+05
  4129  3  -5.800000e+05
  4130  3  -5.800000e+05
  4131  3  -5.800000e+05
  4132  3  -5.800000e+05
  4133  3  -5.800000e+05
  4134  3  -5.800000e+05
  4135  3  -5.800000e+05
  4136  3  -5.800000e+05
  4137  3  -2.900000e+05
  4138  3  -5.800000e+05
  4139  3  -5.800000e+05
  4140  3  -2.900000e+05
  4141  3  -4.893750e+05
  4142  3  -7.723500e+04
  4143  3  -5.800000e+05
  4144  3  -5.800000e+05
  4145  3  -5.800000e+05
  4146  3  -5.800000e+05
  4147  3  -5.800000e+05
  4148  3  -5.800000e+05
  4149  3  -2.900000e+05
  4150  3  -5.800000e+05
  4151  3  -2.900000e+05
  4152  3  -2.084197e+06
  4153  3  -7.723500e+04
  4154  3  -5.800000e+05
  4155  3  -5.800000e+05
  4156  3  -5.800000e+05
  4157  3  -2.900000e+05
  4158  3  -2.900000e+05
  4159  3  -2.084197e+06
  4160  3  -7.723500e+04
  4161  3  -2.900000e+05
  4162  3  -7.723500e+04
  4163  3  -3.861750e+04
MPC 216
  4  0.000000000000e+00  3554  1  1.000000000000e+00  3358  1  -1.000000000000e+00  3358  5  -0.000000000000e+00  3358  6  0.000000000000e+00
  4  0.000000000000e+00  3554  2  1.000000000000e+00  3358  2  -1.000000000000e+00  3358  4  0.000000000000e+00  3358  6  2.842170943040e-14
  4  0.000000000000e+00  3554  3  1.000000000000e+00  3358  3  -1.000000000000e+00  3358  4  -0.000000000000e+00  3358  5  -2.842170943040e-14
  4  0.000000000000e+00  3555  1  1.000000000000e+00  3378  1  -1.000000000000e+00  3378  5  -0.000000000000e+00  3378  6  0.000000000000e+00
  4  0.000000000000e+00  3555  2  1.000000000000e+00  3378  2  -1.000000000000e+00  3378  4  0.000000000000e+00  3378  6  2.842170943040e-14
  4  0.000000000000e+00  3555  3  1.000000000000e+00  3378  3  -1.000000000000e+00  3378  4  -0.000000000000e+00  3378  5  -2.842170943040e-14
  4  0.000000000000e+00  3556  1  1.000000000000e+00  3396  1  -1.000000000000e+00  3396  5  -0.000000000000e+00  3396  6  0.000000000000e+00
  4  0.000000000000e+00  3556  2  1.000000000000e+00  3396  2  -1.000000000000e+00  3396  4  0.000000000000e+00  3396  6  1.421085471520e-14
  4  0.000000000000e+00  3556  3  1.000000000000e+00  3396  3  -1.000000000000e+00  3396  4  -0.000000000000e+00  3396  5  -1.421085471520e-14
  4  0.000000000000e+00  3553  1  1.000000000000e+00  3347  1  -1.000000000000e+00  3347  5  -0.000000000000e+00  3347  6  0.000000000000e+00
  4  0.000000000000e+00  3553  2  1.000000000000e+00  3347  2  -1.000000000000e+00  3347  4  0.000000000000e+00  3347  6  -0.000000000000e+00
  4  0.000000000000e+00  3553  3  1.000000000000e+00  3347  3  -1.000000000000e+00  3347  4  -0.000000000000e+00  3347  5  0.000000000000e+00
  4  0.000000000000e+00  3557  1  1.000000000000e+00  3416  1  -1.000000000000e+00  3416  5  -0.000000000000e+00  3416  6  0.000000000000e+00
  4  0.000000000000e+00  3557  2  1.000000000000e+00  3416  2  -1.000000000000e+00  3416  4  0.000000000000e+00  3416  6  7.105427357601e-15
  4  0.000000000000e+00  3557  3  1.000000000000e+00  3416  3  -1.000000000000e+00  3416  4  -0.000000000000e+00  3416  5  -7.105427357601e-15
  4  0.000000000000e+00  4080  1  1.000000000000e+00  4025  1  -1.000000000000e+00  4025  5  -0.000000000000e+00  4025  6  0.000000000000e+00
  4  0.000000000000e+00  4080  2  1.000000000000e+00  4025  2  -1.000000000000e+00  4025  4  0.000000000000e+00  4025  6  -0.000000000000e+00
  4  0.000000000000e+00  4080  3  1.000000000000e+00  4025  3  -1.000000000000e+00  4025  4  -0.000000000000e+00  4025  5  0.000000000000e+00
  4  0.000000000000e+00  4081  1  1.000000000000e+00  4026  1  -1.000000000000e+00  4026  5  -0.000000000000e+00  4026  6  0.000000000000e+00
  4  0.000000000000e+00  4081  2  1.000000000000e+00  4026  2  -1.000000000000e+00  4026  4  0.000000000000e+00  4026  6  2.842170943040e-14
  4  0.000000000000e+00  4081  3  1.000000000000e+00  4026  3  -1.000000000000e+00  4026  4  -0.000000000000e+00  4026  5  -2.842170943040e-14
  4  0.000000000000e+00  4082  1  1.000000000000e+00  4027  1  -1.000000000000e+00  4027  5  -0.000000000000e+00  4027  6  0.000000000000e+00
  4  0.000000000000e+00  4082  2  1.000000000000e+00  4027  2  -1.000000000000e+00  4027  4  0.000000000000e+00  4027  6  2.842170943040e-14
  4  0.000000000000e+00  4082  3  1.000000000000e+00  4027  3  -1.000000000000e+00  4027  4  -0.000000000000e+00  4027  5  -2.842170943040e-14
  4  0.000000000000e+00  4083  1  1.000000000000e+00  4028  1  -1.000000000000e+00  4028  5  -0.000000000000e+00  4028  6  0.000000000000e+00
  4  0.000000000000e+00  4083  2  1.000000000000e+00  4028  2  -1.000000000000e+00  4028  4  0.000000000000e+00  4028  6  1.421085471520e-14
  4  0.000000000000e+00  4083  3  1.000000000000e+00  4028  3  -1.000000000000e+00  4028  4  -0.000000000000e+00  4028  5  -1.421085471520e-14
  4  0.000000000000e+00  4084  1  1.000000000000e+00  4029  1  -1.000000000000e+00  4029  5  -0.000000000000e+00  4029  6  0.000000000000e+00
  4  0.000000000000e+00  4084  2  1.000000000000e+00  4029  2  -1.000000000000e+00  4029  4  0.000000000000e+00  4029  6  7.105427357601e-15
  4  0.000000000000e+00  4084  3  1.000000000000e+00  4029  3  -1.000000000000e+00  4029  4  -0.000000000000e+00  4029  5  -7.105427357601e-15
  4  0.000000000000e+00  3558  1  1.000000000000e+00  3469  1  -1.000000000000e+00  3469  5  6.340816081954e-15  3469  6  3.730349362741e-14
  4  0.000000000000e+00  3558  2  1.000000000000e+00  3469  2  -1.000000000000e+00  3469  4  -6.340816081954e-15  3469  6  -0.000000000000e+00
  4  0.000000000000e+00  3558  3  1.000000000000e+00  3469  3  -1.000000000000e+00  3469  4  -3.730349362741e-14  3469  5  0.000000000000e+00
  4  0.000000000000e+00  3559  1  1.000000000000e+00  3477  1  -1.000000000000e+00  3477  5  5.072652865563e-15  3477  6  3.019806626980e-14
  4  0.000000000000e+00  3559  2  1.000000000000e+00  3477  2  -1.000000000000e+00  3477  4  -5.072652865563e-15  3477  6  -0.000000000000e+00
  4  0.000000000000e+00  3559  3  1.000000000000e+00  3477  3  -1.000000000000e+00  3477  4  -3.019806626980e-14  3477  5  0.000000000000e+00
  4  0.000000000000e+00  4035  1  1.000000000000e+00  4096  1  -1.000000000000e+00  4096  5  3.804489649173e-15  4096  6  2.131628207280e-14
  4  0.000000000000e+00  4035  2  1.000000000000e+00  4096  2  -1.000000000000e+00  4096  4  -3.804489649173e-15  4096  6  -0.000000000000e+00
  4  0.000000000000e+00  4035  3  1.000000000000e+00  4096  3  -1.000000000000e+00  4096  4  -2.131628207280e-14  4096  5  0.000000000000e+00
  4  0.000000000000e+00  3560  1  1.000000000000e+00  3489  1  -1.000000000000e+00  3489  5  2.536326432782e-15  3489  6  1.421085471520e-14
  4  0.000000000000e+00  3560  2  1.000000000000e+00  3489  2  -1.000000000000e+00  3489  4  -2.536326432782e-15  3489  6  -0.000000000000e+00
  4  0.000000000000e+00  3560  3  1.000000000000e+00  3489  3  -1.000000000000e+00  3489  4  -1.421085471520e-14  3489  5  0.000000000000e+00
  4  0.000000000000e+00  3561  1  1.000000000000e+00  3504  1  -1.000000000000e+00  3504  5  1.268163216391e-15  3504  6  7.105427357601e-15
  4  0.000000000000e+00  3561  2  1.000000000000e+00  3504  2  -1.000000000000e+00  3504  4  -1.268163216391e-15  3504  6  -0.000000000000e+00
  4  0.000000000000e+00  3561  3  1.000000000000e+00  3504  3  -1.000000000000e+00  3504  4  -7.105427357601e-15  3504  5  0.000000000000e+00
  4  0.000000000000e+00  4085  1  1.000000000000e+00  4030  1  -1.000000000000e+00  4030  5  6.340816081954e-15  4030  6  3.730349362741e-14
  4  0.000000000000e+00  4085  2  1.000000000000e+00  4030  2  -1.000000000000e+00  4030  4  -6.340816081954e-15  4030  6  -0.000000000000e+00
  4  0.000000000000e+00  4085  3  1.000000000000e+00  4030  3  -1.000000000000e+00  4030  4  -3.730349362741e-14  4030  5  0.000000000000e+00
  4  0.000000000000e+00  4086  1  1.000000000000e+00  4031  1  -1.000000000000e+00  4031  5  5.072652865563e-15  4031  6  3.019806626980e-14
  4  0.000000000000e+00  4086  2  1.000000000000e+00  4031  2  -1.000000000000e+00  4031  4  -5.072652865563e-15  4031  6  -0.000000000000e+00
  4  0.000000000000e+00  4086  3  1.000000000000e+00  4031  3  -1.000000000000e+00  4031  4  -3.019806626980e-14  4031  5  0.000000000000e+00
  4  0.000000000000e+00  4159  1  1.000000000000e+00  4161  1  -1.000000000000e+00  4161  5  3.804489649172e-15  4161  6  2.131628207280e-14
  4  0.000000000000e+00  4159  2  1.000000000000e+00  4161  2  -1.000000000000e+00  4161  4  -3.804489649172e-15  4161  6  -0.000000000000e+00
  4  0.000000000000e+00  4159  3  1.000000000000e+00  4161  3  -1.000000000000e+00  4161  4  -2.131628207280e-14  4161  5  0.000000000000e+00
  4  0.000000000000e+00  4087  1  1.000000000000e+00  4032  1  -1.000000000000e+00  4032  5  2.536326432781e-15  4032  6  1.421085471520e-14
  4  0.000000000000e+00  4087  2  1.000000000000e+00  4032  2  -1.000000000000e+00  4032  4  -2.536326432781e-15  4032  6  -0.000000000000e+00
  4  0.000000000000e+00  4087  3  1.000000000000e+00  4032  3  -1.000000000000e+00  4032  4  -1.421085471520e-14  4032  5  0.000000000000e+00
  4  0.000000000000e+00  4088  1  1.000000000000e+00  4033  1  -1.000000000000e+00  4033  5  1.268163216391e-15  4033  6  7.105427357601e-15
  4  0.000000000000e+00  4088  2  1.000000000000e+00  4033  2  -1.000000000000e+00  4033  4  -1.268163216391e-15  4033  6  -0.000000000000e+00
  4  0.000000000000e+00  4088  3  1.000000000000e+00  4033  3  -1.000000000000e+00  4033  4  -7.105427357601e-15  4033  5  0.000000000000e+00
  4  0.000000000000e+00  3118  1  1.000000000000e+00  3358  1  -1.000000000000e+00  3358  5  -0.000000000000e+00  3358  6  1.776356839400e-15
  4  0.000000000000e+00  3118  2  1.000000000000e+00  3358  2  -1.000000000000e+00  3358  4  0.000000000000e+00  3358  6  2.842170943040e-14
  4  0.000000000000e+00  3118  3  1.000000000000e+00  3358  3  -1.000000000000e+00  3358  4  -1.776356839400e-15  3358  5  -2.842170943040e-14
  4  0.000000000000e+00  3127  1  1.000000000000e+00  3378  1  -1.000000000000e+00  3378  5  -0.000000000000e+00  3378  6  1.776356839400e-15
  4  0.000000000000e+00  3127  2  1.000000000000e+00  3378  2  -1.000000000000e+00  3378  4  0.000000000000e+00  3378  6  2.842170943040e-14
  4  0.000000000000e+00  3127  3  1.000000000000e+00  3378  3  -1.000000000000e+00  3378  4  -1.776356839400e-15  3378  5  -2.842170943040e-14
  4  0.000000000000e+00  3134  1  1.000000000000e+00  3396  1  -1.000000000000e+00  3396  5  -0.000000000000e+00  3396  6  1.776356839400e-15
  4  0.000000000000e+00  3134  2  1.000000000000e+00  3396  2  -1.000000000000e+00  3396  4  0.000000000000e+00  3396  6  1.421085471520e-14
  4  0.000000000000e+00  3134  3  1.000000000000e+00  3396  3  -1.000000000000e+00  3396  4  -1.776356839400e-15  3396  5  -1.421085471520e-14
  4  0.000000000000e+00  3143  1  1.000000000000e+00  3416  1  -1.000000000000e+00  3416  5  -0.000000000000e+00  3416  6  1.776356839400e-15
  4  0.000000000000e+00  3143  2  1.000000000000e+00  3416  2  -1.000000000000e+00  3416  4  0.000000000000e+00  3416  6  7.105427357601e-15
  4  0.000000000000e+00  3143  3  1.000000000000e+00  3416  3  -1.000000000000e+00  3416  4  -1.776356839400e-15  3416  5  -7.105427357601e-15
  4  0.000000000000e+00  1792  1  1.000000000000e+00  2081  1  -1.000000000000e+00  2081  5  -0.000000000000e+00  2081  6  1.776356839400e-15
  4  0.000000000000e+00  1792  2  1.000000000000e+00  2081  2  -1.000000000000e+00  2081  4  0.000000000000e+00  2081  6  -0.000000000000e+00
  4  0.000000000000e+00  1792  3  1.000000000000e+00  2081  3  -1.000000000000e+00  2081  4  -1.776356839400e-15  2081  5  0.000000000000e+00
  4  0.000000000000e+00  3229  1  1.000000000000e+00  3504  1  -1.000000000000e+00  3504  5  -0.000000000000e+00  3504  6  1.776356839400e-15
  4  0.000000000000e+00  3229  2  1.000000000000e+00  3504  2  -1.000000000000e+00  3504  4  0.000000000000e+00  3504  6  -7.105427357601e-15
  4  0.000000000000e+00  3229  3  1.000000000000e+00  3504  3  -1.000000000000e+00  3504  4  -1.776356839400e-15  3504  5  7.105427357601e-15
  4  0.000000000000e+00  3225  1  1.000000000000e+00  3489  1  -1.000000000000e+00  3489  5  -0.000000000000e+00  3489  6  1.776356839400e-15
  4  0.000000000000e+00  3225  2  1.000000000000e+00  3489  2  -1.000000000000e+00  3489  4  0.000000000000e+00  3489  6  -1.421085471520e-14
  4  0.000000000000e+00  3225  3  1.000000000000e+00  3489  3  -1.000000000000e+00  3489  4  -1.776356839400e-15  3489  5  1.421085471520e-14
  4  0.000000000000e+00  4036  1  1.000000000000e+00  4096  1  -1.000000000000e+00  4096  5  -0.000000000000e+00  4096  6  1.776356839400e-15
  4  0.000000000000e+00  4036  2  1.000000000000e+00  4096  2  -1.000000000000e+00  4096  4  0.000000000000e+00  4096  6  -2.842170943040e-14
  4  0.000000000000e+00  4036  3  1.000000000000e+00  4096  3  -1.000000000000e+00  4096  4  -1.776356839400e-15  4096  5  2.842170943040e-14
  4  0.000000000000e+00  3216  1  1.000000000000e+00  3477  1  -1.000000000000e+00  3477  5  -0.000000000000e+00  3477  6  1.776356839400e-15
  4  0.000000000000e+00  3216  2  1.000000000000e+00  3477  2  -1.000000000000e+00  3477  4  0.000000000000e+00  3477  6  -2.842170943040e-14
  4  0.000000000000e+00  3216  3  1.000000000000e+00  3477  3  -1.000000000000e+00  3477  4  -1.776356839400e-15  3477  5  2.842170943040e-14
  4  0.000000000000e+00  3932  1  1.000000000000e+00  4026  1  -1.000000000000e+00  4026  5  -0.000000000000e+00  4026  6  1.776356839400e-15
  4  0.000000000000e+00  3932  2  1.000000000000e+00  4026  2  -1.000000000000e+00  4026  4  0.000000000000e+00  4026  6  2.842170943040e-14
  4  0.000000000000e+00  3932  3  1.000000000000e+00  4026  3  -1.000000000000e+00  4026  4  -1.776356839400e-15  4026  5  -2.842170943040e-14
  4  0.000000000000e+00  3938  1  1.000000000000e+00  4027  1  -1.000000000000e+00  4027  5  -0.000000000000e+00  4027  6  1.776356839400e-15
  4  0.000000000000e+00  3938  2  1.000000000000e+00  4027  2  -1.000000000000e+00  4027  4  0.000000000000e+00  4027  6  2.842170943040e-14
  4  0.000000000000e+00  3938  3  1.000000000000e+00  4027  3  -1.000000000000e+00  4027  4  -1.776356839400e-15  4027  5  -2.842170943040e-14
  4  0.000000000000e+00  3944  1  1.000000000000e+00  4028  1  -1.000000000000e+00  4028  5  -0.000000000000e+00  4028  6  1.776356839400e-15
  4  0.000000000000e+00  3944  2  1.000000000000e+00  4028  2  -1.000000000000e+00  4028  4  0.000000000000e+00  4028  6  1.421085471520e-14
  4  0.000000000000e+00  3944  3  1.000000000000e+00  4028  3  -1.000000000000e+00  4028  4  -1.776356839400e-15  4028  5  -1.421085471520e-14
  4  0.000000000000e+00  3950  1  1.000000000000e+00  4029  1  -1.000000000000e+00  4029  5  -0.000000000000e+00  4029  6  1.776356839400e-15
  4  0.000000000000e+00  3950  2  1.000000000000e+00  4029  2  -1.000000000000e+00  4029  4  0.000000000000e+00  4029  6  7.105427357601e-15
  4  0.000000000000e+00  3950  3  1.000000000000e+00  4029  3  -1.000000000000e+00  4029  4  -1.776356839400e-15  4029  5  -7.105427357601e-15
  4  0.000000000000e+00  1793  1  1.000000000000e+00  2085  1  -1.000000000000e+00  2085  5  -0.000000000000e+00  2085  6  1.776356839400e-15
  4  0.000000000000e+00  1793  2  1.000000000000e+00  2085  2  -1.000000000000e+00  2085  4  0.000000000000e+00  2085  6  -0.000000000000e+00
  4  0.000000000000e+00  1793  3  1.000000000000e+00  2085  3  -1.000000000000e+00  2085  4  -1.776356839400e-15  2085  5  0.000000000000e+00
  4  0.000000000000e+00  3972  1  1.000000000000e+00  4033  1  -1.000000000000e+00  4033  5  -0.000000000000e+00  4033  6  1.776356839400e-15
  4  0.000000000000e+00  3972  2  1.000000000000e+00  4033  2  -1.000000000000e+00  4033  4  0.000000000000e+00  4033  6  -7.105427357601e-15
  4  0.000000000000e+00  3972  3  1.000000000000e+00  4033  3  -1.000000000000e+00  4033  4  -1.776356839400e-15  4033  5  7.105427357601e-15
  4  0.000000000000e+00  3966  1  1.000000000000e+00  4032  1  -1.000000000000e+00  4032  5  -0.000000000000e+00  4032  6  1.776356839400e-15
  4  0.000000000000e+00  3966  2  1.000000000000e+00  4032  2  -1.000000000000e+00  4032  4  0.000000000000e+00  4032  6  -1.421085471520e-14
  4  0.000000000000e+00  3966  3  1.000000000000e+00  4032  3  -1.000000000000e+00  4032  4  -1.776356839400e-15  4032  5  1.421085471520e-14
  4  0.000000000000e+00  4163  1  1.000000000000e+00  4161  1  -1.000000000000e+00  4161  5  -0.000000000000e+00  4161  6  1.776356839400e-15
  4  0.000000000000e+00  4163  2  1.000000000000e+00  4161  2  -1.000000000000e+00  4161  4  0.000000000000e+00  4161  6  -2.842170943040e-14
  4  0.000000000000e+00  4163  3  1.000000000000e+00  4161  3  -1.000000000000e+00  4161  4  -1.776356839400e-15  4161  5  2.842170943040e-14
  4  0.000000000000e+00  3960  1  1.000000000000e+00  4031  1  -1.000000000000e+00  4031  5  -0.000000000000e+00  4031  6  1.776356839400e-15
  4  0.000000000000e+00  3960  2  1.000000000000e+00  4031  2  -1.000000000000e+00  4031  4  0.000000000000e+00  4031  6  -2.842170943040e-14
  4  0.000000000000e+00  3960  3  1.000000000000e+00  4031  3  -1.000000000000e+00  4031  4  -1.776356839400e-15  4031  5  2.842170943040e-14
  2  0.000000000000e+00  2452  1  1.000000000000e+00  2691  1  -1.000000000000e+00
  2  0.000000000000e+00  2452  2  1.000000000000e+00  2691  2  -1.000000000000e+00
  2  0.000000000000e+00  2452  3  1.000000000000e+00  2691  3  -1.000000000000e+00
  2  0.000000000000e+00  2478  1  1.000000000000e+00  2707  1  -1.000000000000e+00
  2  0.000000000000e+00  2478  2  1.000000000000e+00  2707  2  -1.000000000000e+00
  2  0.000000000000e+00  2478  3  1.000000000000e+00  2707  3  -1.000000000000e+00
  2  0.000000000000e+00  2550  1  1.000000000000e+00  2777  1  -1.000000000000e+00
  2  0.000000000000e+00  2550  2  1.000000000000e+00  2777  2  -1.000000000000e+00
  2  0.000000000000e+00  2550  3  1.000000000000e+00  2777  3  -1.000000000000e+00
  2  0.000000000000e+00  2576  1  1.000000000000e+00  2793  1  -1.000000000000e+00
  2  0.000000000000e+00  2576  2  1.000000000000e+00  2793  2  -1.000000000000e+00
  2  0.000000000000e+00  2576  3  1.000000000000e+00  2793  3  -1.000000000000e+00
  2  0.000000000000e+00  4025  1  1.000000000000e+00  3923  1  -1.000000000000e+00
  2  0.000000000000e+00  4025  2  1.000000000000e+00  3923  2  -1.000000000000e+00
  2  0.000000000000e+00  4025  3  1.000000000000e+00  3923  3  -1.000000000000e+00
  2  0.000000000000e+00  3347  1  1.000000000000e+00  3117  1  -1.000000000000e+00
  2  0.000000000000e+00  3347  2  1.000000000000e+00  3117  2  -1.000000000000e+00
  2  0.000000000000e+00  3347  3  1.000000000000e+00  3117  3  -1.000000000000e+00
  2  0.000000000000e+00  3925  1  1.000000000000e+00  3791  1  -1.000000000000e+00
  2  0.000000000000e+00  3925  2  1.000000000000e+00  3791  2  -1.000000000000e+00
  2  0.000000000000e+00  3925  3  1.000000000000e+00  3791  3  -1.000000000000e+00
  2  0.000000000000e+00  3793  1  1.000000000000e+00  3606  1  -1.000000000000e+00
  2  0.000000000000e+00  3793  2  1.000000000000e+00  3606  2  -1.000000000000e+00
  2  0.000000000000e+00  3793  3  1.000000000000e+00  3606  3  -1.000000000000e+00
  2  0.000000000000e+00  3608  1  1.000000000000e+00  3345  1  -1.000000000000e+00
  2  0.000000000000e+00  3608  2  1.000000000000e+00  3345  2  -1.000000000000e+00
  2  0.000000000000e+00  3608  3  1.000000000000e+00  3345  3  -1.000000000000e+00
  2  0.000000000000e+00  3469  1  1.000000000000e+00  3215  1  -1.000000000000e+00
  2  0.000000000000e+00  3469  2  1.000000000000e+00  3215  2  -1.000000000000e+00
  2  0.000000000000e+00  3469  3  1.000000000000e+00  3215  3  -1.000000000000e+00
  2  0.000000000000e+00  4030  1  1.000000000000e+00  3951  1  -1.000000000000e+00
  2  0.000000000000e+00  4030  2  1.000000000000e+00  3951  2  -1.000000000000e+00
  2  0.000000000000e+00  4030  3  1.000000000000e+00  3951  3  -1.000000000000e+00
  2  0.000000000000e+00  3694  1  1.000000000000e+00  3467  1  -1.000000000000e+00
  2  0.000000000000e+00  3694  2  1.000000000000e+00  3467  2  -1.000000000000e+00
  2  0.000000000000e+00  3694  3  1.000000000000e+00  3467  3  -1.000000000000e+00
  2  0.000000000000e+00  3849  1  1.000000000000e+00  3692  1  -1.000000000000e+00
  2  0.000000000000e+00  3849  2  1.000000000000e+00  3692  2  -1.000000000000e+00
  2  0.000000000000e+00  3849  3  1.000000000000e+00  3692  3  -1.000000000000e+00
  2  0.000000000000e+00  3953  1  1.000000000000e+00  3847  1  -1.000000000000e+00
  2  0.000000000000e+00  3953  2  1.000000000000e+00  3847  2  -1.000000000000e+00
  2  0.000000000000e+00  3953  3  1.000000000000e+00  3847  3  -1.000000000000e+00
  2  0.000000000000e+00  4122  1  1.000000000000e+00  4141  1  -1.000000000000e+00
  2  0.000000000000e+00  4122  2  1.000000000000e+00  4141  2  -1.000000000000e+00
  2  0.000000000000e+00  4122  3  1.000000000000e+00  4141  3  -1.000000000000e+00
  2  0.000000000000e+00  4121  1  1.000000000000e+00  4141  1  -1.000000000000e+00
  2  0.000000000000e+00  4121  2  1.000000000000e+00  4141  2  -1.000000000000e+00
  2  0.000000000000e+00  4121  3  1.000000000000e+00  4141  3  -1.000000000000e+00
  2  0.000000000000e+00  4120  1  1.000000000000e+00  4141  1  -1.000000000000e+00
  2  0.000000000000e+00  4120  2  1.000000000000e+00  4141  2  -1.000000000000e+00
  2  0.000000000000e+00  4120  3  1.000000000000e+00  4141  3  -1.000000000000e+00
  2  0.000000000000e+00  4118  1  1.000000000000e+00  4141  1  -1.000000000000e+00
  2  0.000000000000e+00  4118  2  1.000000000000e+00  4141  2  -1.000000000000e+00
  2  0.000000000000e+00  4118  3  1.000000000000e+00  4141  3  -1.000000000000e+00
  2  0.000000000000e+00  4119  1  1.000000000000e+00  4141  1  -1.000000000000e+00
  2  0.000000000000e+00  4119  2  1.000000000000e+00  4141  2  -1.000000000000e+00
  2  0.000000000000e+00  4119  3  1.000000000000e+00  4141  3  -1.000000000000e+00
  2  0.000000000000e+00  4126  1  1.000000000000e+00  4141  1  -1.000000000000e+00
  2  0.000000000000e+00  4126  2  1.000000000000e+00  4141  2  -1.000000000000e+00
  2  0.000000000000e+00  4126  3  1.000000000000e+00  4141  3  -1.000000000000e+00
  2  0.000000000000e+00  4125  1  1.000000000000e+00  4141  1  -1.000000000000e+00
  2  0.000000000000e+00  4125  2  1.000000000000e+00  4141  2  -1.000000000000e+00
  2  0.000000000000e+00  4125  3  1.000000000000e+00  4141  3  -1.000000000000e+00
  2  0.000000000000e+00  4124  1  1.000000000000e+00  4141  1  -1.000000000000e+00
  2  0.000000000000e+00  4124  2  1.000000000000e+00  4141  2  -1.000000000000e+00
  2  0.000000000000e+00  4124  3  1.000000000000e+00  4141  3  -1.000000000000e+00
  2  0.000000000000e+00  4152  1  1.000000000000e+00  4141  1  -1.000000000000e+00
  2  0.000000000000e+00  4152  2  1.000000000000e+00  4141  2  -1.000000000000e+00
  2  0.000000000000e+00  4152  3  1.000000000000e+00  4141  3  -1.000000000000e+00
  2  0.000000000000e+00  4123  1  1.000000000000e+00  4141  1  -1.000000000000e+00
  2  0.000000000000e+00  4123  2  1.000000000000e+00  4141  2  -1.000000000000e+00
  2  0.000000000000e+00  4123  3  1.000000000000e+00  4141  3  -1.000000000000e+00
  2  0.000000000000e+00  3753  1  1.000000000000e+00  3890  1  -1.000000000000e+00
  2  0.000000000000e+00  3753  2  1.000000000000e+00  3890  2  -1.000000000000e+00
  2  0.000000000000e+00  3753  3  1.000000000000e+00  3890  3  -1.000000000000e+00
  2  0.000000000000e+00  3752  1  1.000000000000e+00  3890  1  -1.000000000000e+00
  2  0.000000000000e+00  3752  2  1.000000000000e+00  3890  2  -1.000000000000e+00
  2  0.000000000000e+00  3752  3  1.000000000000e+00  3890  3  -1.000000000000e+00
  2  0.000000000000e+00  3750  1  1.000000000000e+00  3890  1  -1.000000000000e+00
  2  0.000000000000e+00  3750  2  1.000000000000e+00  3890  2  -1.000000000000e+00
  2  0.000000000000e+00  3750  3  1.000000000000e+00  3890  3  -1.000000000000e+00
  2  0.000000000000e+00  3751  1  1.000000000000e+00  3890  1  -1.000000000000e+00
  2  0.000000000000e+00  3751  2  1.000000000000e+00  3890  2  -1.000000000000e+00
  2  0.000000000000e+00  3751  3  1.000000000000e+00  3890  3  -1.000000000000e+00
  2  0.000000000000e+00  3749  1  1.000000000000e+00  3890  1  -1.000000000000e+00
  2  0.000000000000e+00  3749  2  1.000000000000e+00  3890  2  -1.000000000000e+00
  2  0.000000000000e+00  3749  3  1.000000000000e+00  3890  3  -1.000000000000e+00
  2  0.000000000000e+00  3757  1  1.000000000000e+00  3890  1  -1.000000000000e+00
  2  0.000000000000e+00  3757  2  1.000000000000e+00  3890  2  -1.000000000000e+00
  2  0.000000000000e+00  3757  3  1.000000000000e+00  3890  3  -1.000000000000e+00
  2  0.000000000000e+00  3756  1  1.000000000000e+00  3890  1  -1.000000000000e+00
  2  0.000000000000e+00  3756  2  1.000000000000e+00  3890  2  -1.000000000000e+00
  2  0.000000000000e+00  3756  3  1.000000000000e+00  3890  3  -1.000000000000e+00
  2  0.000000000000e+00  3974  1  1.000000000000e+00  3890  1  -1.000000000000e+00
  2  0.000000000000e+00  3974  2  1.000000000000e+00  3890  2  -1.000000000000e+00
  2  0.000000000000e+00  3974  3  1.000000000000e+00  3890  3  -1.000000000000e+00
  2  0.000000000000e+00  3754  1  1.000000000000e+00  3890  1  -1.000000000000e+00
  2  0.000000000000e+00  3754  2  1.000000000000e+00  3890  2  -1.000000000000e+00
  2  0.000000000000e+00  3754  3  1.000000000000e+00  3890  3  -1.000000000000e+00
  2  0.000000000000e+00  3755  1  1.000000000000e+00  3890  1  -1.000000000000e+00
  2  0.000000000000e+00  3755  2  1.000000000000e+00  3890  2  -1.000000000000e+00
  2  0.000000000000e+00  3755  3  1.000000000000e+00  3890  3  -1.000000000000e+00
  1  20  1
    1  1.170000e+11  0.250000
    1  4088  4126  1
    2  4087  4125  1
    3  4159  4152  1
    4  4086  4124  1
    5  4085  4123  1
    6  3561  3757  1
    7  3560  3756  1
    8  4035  3974  1
    9  3559  3755  1
    10  3558  3754  1
    11  4084  4122  1
    12  4083  4121  1
    13  4082  4120  1
    14  4081  4119  1
    15  4080  4118  1
    16  3557  3753  1
    17  3556  3752  1
    18  3555  3751  1
    19  3554  3750  1
    20  3553  3749  1
  10  400  1
    1  2.500000e+10  0.300000  1.000000
    1  4026  3929  3928  3931  1
    2  3929  3800  3799  3928  1
    3  3800  3618  3617  3799  1
    4  3618  3358  3360  3617  1
    5  3931  3928  3803  3804  1
    6  3928  3799  3797  3803  1
    7  3799  3617  3615  3797  1
    8  3617  3360  3357  3615  1
    9  3804  3803  3623  3624  1
    10  3803  3797  3622  3623  1
    11  3797  3615  3613  3622  1
    12  3615  3357  3355  3613  1
    13  3624  3623  3367  3368  1
    14  3623  3622  3366  3367  1
    15  3622  3613  3365  3366  1
    16  3613  3355  3353  3365  1
    17  3368  3367  3131  3132  1
    18  3367  3366  3130  3131  1
    19  3366  3365  3129  3130  1
    20  3365  3353  3128  3129  1
    21  3132  3131  3387  3388  1
    22  3131  3130  3386  3387  1
    23  3130  3129  3385  3386  1
    24  3129  3128  3373  3385  1
    25  3388  3387  3639  3640  1
    26  3387  3386  3638  3639  1
    27  3386  3385  3629  3638  1
    28  3385  3373  3375  3629  1
    29  3640  3639  3815  3816  1
    30  3639  3638  3809  3815  1
    31  3638  3629  3631  3809  1
    32  3629  3375  3377  3631  1
    33  3816  3815  3934  3937  1
    34  3815  3809  3811  3934  1
    35  3809  3631  3633  3811  1
    36  3631  3377  3380  3633  1
    37  3937  3934  3935  4027  1
    38  3934  3811  3812  3935  1
    39  3811  3633  3634  3812  1
    40  3633  3380  3378  3634  1
    41  4027  3935  3933  3936  1
    42  3935  3812  3810  3933  1
    43  3812  3634  3632  3810  1
    44  3634  3378  3379  3632  1
    45  3936  3933  3813  3814  1
    46  3933  3810  3808  3813  1
    47  3810  3632  3630  3808  1
    48  3632  3379  3376  3630  1
    49  3814  3813  3636  3637  1
    50  3813  3808  3635  3636  1
    51  3808  3630  3628  3635  1
    52  3630  3376  3374  3628  1
    53  3637  3636  3383  3384  1
    54  3636  3635  3382  3383  1
    55  3635  3628  3381  3382  1
    56  3628  3374  3372  3381  1
    57  3384  3383  3138  3139  1
    58  3383  3382  3137  3138  1
    59  3382  3381  3136  3137  1
    60  3381  3372  3135  3136  1
    61  3139  3138  3405  3406  1
    62  3138  3137  3404  3405  1
    63  3137  3136  3403  3404  1
    64  3136  3135  3391  3403  1
    65  3406  3405  3653  3654  1
    66  3405  3404  3652  3653  1
    67  3404  3403  3643  3652  1
    68  3403  3391  3393  3643  1
    69  3654  3653  3825  3826  1
    70  3653  3652  3819  3825  1
    71  3652  3643  3645  3819  1
    72  3643  3393  3395  3645  1
    73  3826  3825  3940  3943  1
    74  3825  3819  3821  3940  1
    75  3819  3645  3647  3821  1
    76  3645  3395  3398  3647  1
    77  3943  3940  3941  4028  1
    78  3940  3821  3822  3941  1
    79  3821  3647  3648  3822  1
    80  3647  3398  3396  3648  1
    81  4028  3941  3939  3942  1
    82  3941  3822  3820  3939  1
    83  3822  3648  3646  3820  1
    84  3648  3396  3397  3646  1
    85  3942  3939  3823  3824  1
    86  3939  3820  3818  3823  1
    87  3820  3646  3644  3818  1
    88  3646  3397  3394  3644  1
    89  3824  3823  3650  3651  1
    90  3823  3818  3649  3650  1
    91  3818  3644  3642  3649  1
    92  3644  3394  3392  3642  1
    93  3651  3650  3401  3402  1
    94  3650  3649  3400  3401  1
    95  3649  3642  3399  3400  1
    96  3642  3392  3390  3399  1
    97  3402  3401  3152  3153  1
    98  3401  3400  3151  3152  1
    99  3400  3399  3150  3151  1
    100  3399  3390  3149  3150  1
    101  3153  3152  3425  3426  1
    102  3152  3151  3424  3425  1
    103  3151  3150  3423  3424  1
    104  3150  3149  3411  3423  1
    105  3426  3425  3669  3670  1
    106  3425  3424  3668  3669  1
    107  3424  3423  3659  3668  1
    108  3423  3411  3413  3659  1
    109  3670  3669  3837  3838  1
    110  3669  3668  3831  3837  1
    111  3668  3659  3661  3831  1
    112  3659  3413  3415  3661  1
    113  3838  3837  3946  3949  1
    114  3837  3831  3833  3946  1
    115  3831  3661  3663  3833  1
    116  3661  3415  3418  3663  1
    117  3949  3946  3947  4029  1
    118  3946  3833  3834  3947  1
    119  3833  3663  3664  3834  1
    120  3663  3418  3416  3664  1
    121  4029  3947  3945  3948  1
    122  3947  3834  3832  3945  1
    123  3834  3664  3662  3832  1
    124  3664  3416  3417  3662  1
    125  3948  3945  3835  3836  1
    126  3945  3832  3830  3835  1
    127  3832  3662  3660  3830  1
    128  3662  3417  3414  3660  1
    129  3836  3835  3666  3667  1
    130  3835  3830  3665  3666  1
    131  3830  3660  3658  3665  1
    132  3660  3414  3412  3658  1
    133  3667  3666  3421  3422  1
    134  3666  3665  3420  3421  1
    135  3665  3658  3419  3420  1
    136  3658  3412  3410  3419  1
    137  3422  3421  3147  3148  1
    138  3421  3420  3146  3147  1
    139  3420  3419  3145  3146  1
    140  3419  3410  3144  3145  1
    141  3148  3147  2933  2934  1
    142  3147  3146  2932  2933  1
    143  3146  3145  2931  2932  1
    144  3145  3144  2930  2931  1
    145  2934  2933  2726  2727  1
    146  2933  2932  2725  2726  1
    147  2932  2931  2724  2725  1
    148  2931  2930  2723  2724  1
    149  2727  2726  2497  2498  1
    150  2726  2725  2496  2497  1
    151  2725  2724  2495  2496  1
    152  2724  2723  2494  2495  1
    153  2498  2497  2245  2246  1
    154  2497  2496  2244  2245  1
    155  2496  2495  2243  2244  1
    156  2495  2494  2242  2243  1
    157  2246  2245  2084  2085  1
    158  2245  2244  2083  2084  1
    159  2244  2243  2082  2083  1
    160  2243  2242  2081  2082  1
    161  2085  2084  2351  2352  1
    162  2084  2083  2350  2351  1
    163  2083  2082  2349  2350  1
    164  2082  2081  2348  2349  1
    165  2352  2351  2593  2594  1
    166  2351  2350  2592  2593  1
    167  2350  2349  2591  2592  1
    168  2349  2348  2590  2591  1
    169  2594  2593  2810  2811  1
    170  2593  2592  2809  2810  1
    171  2592  2591  2808  2809  1
    172  2591  2590  2807  2808  1
    173  2811  2810  3007  3008  1
    174  2810  2809  3006  3007  1
    175  2809  2808  3005  3006  1
    176  2808  2807  3004  3005  1
    177  3008  3007  3238  3239  1
    178  3007  3006  3237  3238  1
    179  3006  3005  3236  3237  1
    180  3005  3004  3235  3236  1
    181  3239  3238  3513  3514  1
    182  3238  3237  3512  3513  1
    183  3237  3236  3511  3512  1
    184  3236  3235  3499  3511  1
    185  3514  3513  3731  3732  1
    186  3513  3512  3730  3731  1
    187  3512  3511  3721  3730  1
    188  3511  3499  3501  3721  1
    189  3732  3731  3883  3884  1
    190  3731  3730  3877  3883  1
    191  3730  3721  3723  3877  1
    192  3721  3501  3503  3723  1
    193  3884  3883  3968  3971  1
    194  3883  3877  3879  3968  1
    195  3877  3723  3725  3879  1
    196  3723  3503  3506  3725  1
    197  3971  3968  3969  4033  1
    198  3968  3879  3880  3969  1
    199  3879  3725  3726  3880  1
    200  3725  3506  3504  3726  1
    201  4033  3969  3967  3970  1
    202  3969  3880  3878  3967  1
    203  3880  3726  3724  3878  1
    204  3726  3504  3505  3724  1
    205  3970  3967  3881  3882  1
    206  3967  3878  3876  3881  1
    207  3878  3724  3722  3876  1
    208  3724  3505  3502  3722  1
    209  3882  3881  3728  3729  1
    210  3881  3876  3727  3728  1
    211  3876  3722  3720  3727  1
    212  3722  3502  3500  3720  1
    213  3729  3728  3509  3510  1
    214  3728  3727  3508  3509  1
    215  3727  3720  3507  3508  1
    216  3720  3500  3498  3507  1
    217  3510  3509  3233  3234  1
    218  3509  3508  3232  3233  1
    219  3508  3507  3231  3232  1
    220  3507  3498  3230  3231  1
    221  3234  3233  3493  3494  1
    222  3233  3232  3492  3493  1
    223  3232  3231  3491  3492  1
    224  3231  3230  3486  3491  1
    225  3494  3493  3715  3716  1
    226  3493  3492  3714  3715  1
    227  3492  3491  3709  3714  1
    228  3491  3486  3487  3709  1
    229  3716  3715  3871  3872  1
    230  3715  3714  3865  3871  1
    231  3714  3709  3710  3865  1
    232  3709  3487  3488  3710  1
    233  3872  3871  3962  3965  1
    234  3871  3865  3867  3962  1
    235  3865  3710  3712  3867  1
    236  3710  3488  3490  3712  1
    237  3965  3962  3963  4032  1
    238  3962  3867  3868  3963  1
    239  3867  3712  3713  3868  1
    240  3712  3490  3489  3713  1
    241  4032  3963  3961  3964  1
    242  3963  3868  3866  3961  1
    243  3868  3713  3711  3866  1
    244  3713  3489  3564  3711  1
    245  3964  3961  3869  3870  1
    246  3961  3866  3864  3869  1
    247  3866  3711  3762  3864  1
    248  3711  3564  3761  3762  1
    249  3870  3869  3900  3901  1
    250  3869  3864  3899  3900  1
    251  3864  3762  3898  3899  1
    252  3762  3761  3897  3898  1
    253  3901  3900  3984  3985  1
    254  3900  3899  3983  3984  1
    255  3899  3898  3982  3983  1
    256  3898  3897  3981  3982  1
    257  3985  3984  4045  4046  1
    258  3984  3983  4044  4045  1
    259  3983  3982  4043  4044  1
    260  3982  3981  4042  4043  1
    261  4046  4045  4105  4106  1
    262  4045  4044  4104  4105  1
    263  4044  4043  4103  4104  1
    264  4043  4042  4091  4103  1
    265  4106  4105  4139  4140  1
    266  4105  4104  4138  4139  1
    267  4104  4103  4129  4138  1
    268  4103  4091  4093  4129  1
    269  4140  4139  4150  4151  1
    270  4139  4138  4144  4150  1
    271  4138  4129  4131  4144  1
    272  4129  4093  4095  4131  1
    273  4151  4150  4155  4158  1
    274  4150  4144  4146  4155  1
    275  4144  4131  4133  4146  1
    276  4131  4095  4098  4133  1
    277  4158  4155  4156  4161  1
    278  4155  4146  4147  4156  1
    279  4146  4133  4134  4147  1
    280  4133  4098  4096  4134  1
    281  4161  4156  4154  4157  1
    282  4156  4147  4145  4154  1
    283  4147  4134  4132  4145  1
    284  4134  4096  4097  4132  1
    285  4157  4154  4148  4149  1
    286  4154  4145  4143  4148  1
    287  4145  4132  4130  4143  1
    288  4132  4097  4094  4130  1
    289  4149  4148  4136  4137  1
    290  4148  4143  4135  4136  1
    291  4143  4130  4128  4135  1
    292  4130  4094  4092  4128  1
    293  4137  4136  4101  4102  1
    294  4136  4135  4100  4101  1
    295  4135  4128  4099  4100  1
    296  4128  4092  4090  4099  1
    297  4102  4101  4040  4041  1
    298  4101  4100  4039  4040  1
    299  4100  4099  4038  4039  1
    300  4099  4090  4037  4038  1
    301  4041  4040  3979  3980  1
    302  4040  4039  3978  3979  1
    303  4039  4038  3977  3978  1
    304  4038  4037  3976  3977  1
    305  3980  3979  3895  3896  1
    306  3979  3978  3894  3895  1
    307  3978  3977  3893  3894  1
    308  3977  3976  3892  3893  1
    309  3896  3895  3859  3860  1
    310  3895  3894  3853  3859  1
    311  3894  3893  3760  3853  1
    312  3893  3892  3759  3760  1
    313  3860  3859  3956  3959  1
    314  3859  3853  3855  3956  1
    315  3853  3760  3701  3855  1
    316  3760  3759  3563  3701  1
    317  3959  3956  3957  4031  1
    318  3956  3855  3856  3957  1
    319  3855  3701  3702  3856  1
    320  3701  3563  3477  3702  1
    321  4031  3957  3955  3958  1
    322  3957  3856  3854  3955  1
    323  3856  3702  3700  3854  1
    324  3702  3477  3478  3700  1
    325  3958  3955  3857  3858  1
    326  3955  3854  3852  3857  1
    327  3854  3700  3699  3852  1
    328  3700  3478  3476  3699  1
    329  3858  3857  3704  3705  1
    330  3857  3852  3703  3704  1
    331  3852  3699  3698  3703  1
    332  3699  3476  3475  3698  1
    333  3705  3704  3481  3482  1
    334  3704  3703  3480  3481  1
    335  3703  3698  3479  3480  1
    336  3698  3475  3474  3479  1
    337  3482  3481  3220  3221  1
    338  3481  3480  3219  3220  1
    339  3480  3479  3218  3219  1
    340  3479  3474  3217  3218  1
    341  3221  3220  3472  3473  1
    342  3220  3219  3471  3472  1
    343  3219  3218  3470  3471  1
    344  3218  3217  3456  3470  1
    345  3473  3472  3696  3697  1
    346  3472  3471  3695  3696  1
    347  3471  3470  3687  3695  1
    348  3470  3456  3462  3687  1
    349  3697  3696  3850  3851  1
    350  3696  3695  3846  3850  1
    351  3695  3687  3691  3846  1
    352  3687  3462  3466  3691  1
    353  3851  3850  3952  3954  1
    354  3850  3846  3848  3952  1
    355  3846  3691  3693  3848  1
    356  3691  3466  3468  3693  1
    357  3954  3952  3953  4030  1
    358  3952  3848  3849  3953  1
    359  3848  3693  3694  3849  1
    360  3693  3468  3469  3694  1
    361  3358  3618  3616  3359  1
    362  3618  3800  3798  3616  1
    363  3800  3929  3927  3798  1
    364  3929  4026  3930  3927  1
    365  3359  3616  3614  3356  1
    366  3616  3798  3796  3614  1
    367  3798  3927  3801  3796  1
    368  3927  3930  3802  3801  1
    369  3356  3614  3612  3354  1
    370  3614  3796  3619  3612  1
    371  3796  3801  3620  3619  1
    372  3801  3802  3621  3620  1
    373  3354  3612  3361  3352  1
    374  3612  3619  3362  3361  1
    375  3619  3620  3363  3362  1
    376  3620  3621  3364  3363  1
    377  3352  3361  3120  3119  1
    378  3361  3362  3121  3120  1
    379  3362  3363  3122  3121  1
    380  3363  3364  3123  3122  1
    381  3119  3120  3348  3334  1
    382  3120  3121  3349  3348  1
    383  3121  3122  3350  3349  1
    384  3122  3123  3351  3350  1
    385  3334  3348  3601  3340  1
    386  3348  3349  3609  3601  1
    387  3349  3350  3610  3609  1
    388  3350  3351  3611  3610  1
    389  3340  3601  3605  3344  1
    390  3601  3609  3790  3605  1
    391  3609  3610  3794  3790  1
    392  3610  3611  3795  3794  1
    393  3344  3605  3607  3346  1
    394  3605  3790  3792  3607  1
    395  3790  3794  3924  3792  1
    396  3794  3795  3926  3924  1
    397  3346  3607  3608  3347  1
    398  3607  3792  3793  3608  1
    399  3792  3924  3925  3793  1
    400  3924  3926  4025  3925  1
  11  704  1
    1  7.000000e+10  0.346000  0.697680  0.484074  0.484074  0.629656  0.069768  0.069768  0.000000  1.000000  -0.000000
    1  2340  2072  1
    2  2072  1783  1
    3  1783  1473  1
    4  1473  1379  1
    5  1379  1289  1
    6  1289  1195  1
    7  1195  1285  1
    8  1285  1375  1
    9  1375  1469  1
    10  1469  1778  1
    11  1778  2067  1
    12  2067  2336  1
    13  2336  2576  1
    14  3960  3863  1
    15  3863  3708  1
    16  3708  3485  1
    17  3485  3224  1
    18  3224  2996  1
    19  2996  2799  1
    20  2799  2582  1
    21  2582  2341  1
    22  2341  2073  1
    23  2073  1784  1
    24  1784  1474  1
    25  1474  1777  1
    26  1777  2066  1
    27  2066  2335  1
    28  2335  2576  1
    29  3973  3889  1
    30  3889  3737  1
    31  3737  3519  1
    32  3519  3244  1
    33  3244  3013  1
    34  3013  2816  1
    35  2816  2599  1
    36  2599  2581  1
    37  2581  2798  1
    38  2798  2995  1
    39  2995  3223  1
    40  3223  3484  1
    41  3484  3707  1
    42  3707  3862  1
    43  3862  3960  1
    44  3973  4034  1
    45  4034  4089  1
    46  4089  4127  1
    47  4127  4142  1
    48  4142  4153  1
    49  4153  4160  1
    50  4160  4162  1
    51  4162  4163  1
    52  3960  3861  1
    53  3861  3706  1
    54  3706  3483  1
    55  3483  3222  1
    56  3222  2994  1
    57  2994  2797  1
    58  2797  2580  1
    59  2580  2340  1
    60  3966  3875  1
    61  3875  3719  1
    62  3719  3497  1
    63  3497  3228  1
    64  3228  3002  1
    65  3002  2805  1
    66  2805  2588  1
    67  2588  2598  1
    68  2598  2815  1
    69  2815  3012  1
    70  3012  3243  1
    71  3243  3518  1
    72  3518  3736  1
    73  3736  3888  1
    74  3888  3973  1
    75  2353  2089  1
    76  2089  1797  1
    77  1797  1490  1
    78  1490  1479  1
    79  1479  1790  1
    80  1790  2079  1
    81  2079  2346  1
    82  2346  2587  1
    83  2587  2804  1
    84  2804  3001  1
    85  3001  3227  1
    86  3227  3496  1
    87  3496  3718  1
    88  3718  3874  1
    89  3874  3966  1
    90  2353  2595  1
    91  2595  2812  1
    92  2812  3009  1
    93  3009  3240  1
    94  3240  3515  1
    95  3515  3733  1
    96  3733  3885  1
    97  3885  3972  1
    98  3973  3887  1
    99  3887  3735  1
    100  3735  3517  1
    101  3517  3242  1
    102  3242  3011  1
    103  3011  2814  1
    104  2814  2597  1
    105  2597  2355  1
    106  2355  2091  1
    107  2091  1799  1
    108  1799  1782  1
    109  1782  2071  1
    110  2071  2340  1
    111  2345  2078  1
    112  2078  1789  1
    113  1789  1798  1
    114  1798  2090  1
    115  2090  2354  1
    116  2354  2596  1
    117  2596  2813  1
    118  2813  3010  1
    119  3010  3241  1
    120  3241  3516  1
    121  3516  3734  1
    122  3734  3886  1
    123  3886  3973  1
    124  3966  3873  1
    125  3873  3717  1
    126  3717  3495  1
    127  3495  3226  1
    128  3226  3000  1
    129  3000  2803  1
    130  2803  2586  1
    131  2586  2345  1
    132  1793  1486  1
    133  1486  1390  1
    134  1390  1303  1
    135  1303  1209  1
    136  1209  1120  1
    137  1120  1040  1
    138  1040  1042  1
    139  1042  1122  1
    140  1122  1212  1
    141  1212  1306  1
    142  1306  1393  1
    143  1393  1489  1
    144  1489  1796  1
    145  1796  2088  1
    146  2088  2353  1
    147  1793  1485  1
    148  1485  1389  1
    149  1389  1302  1
    150  1302  1208  1
    151  1208  1119  1
    152  1119  1039  1
    153  1039  1029  1
    154  1029  1104  1
    155  1104  1191  1
    156  1191  1283  1
    157  1283  1372  1
    158  1372  1466  1
    159  1466  1669  1
    160  1669  1968  1
    161  1968  2247  1
    162  915  855  1
    163  855  850  1
    164  850  907  1
    165  907  967  1
    166  967  1028  1
    167  1028  1103  1
    168  1103  1190  1
    169  1190  1282  1
    170  1282  1371  1
    171  1371  1465  1
    172  1465  1668  1
    173  1668  1967  1
    174  1967  2247  1
    175  915  975  1
    176  975  1038  1
    177  1038  1118  1
    178  1118  1207  1
    179  1207  1301  1
    180  1301  1388  1
    181  1388  1484  1
    182  1484  1793  1
    183  2353  2087  1
    184  2087  1795  1
    185  1795  1488  1
    186  1488  1392  1
    187  1392  1305  1
    188  1305  1211  1
    189  1211  1199  1
    190  1199  1293  1
    191  1293  1383  1
    192  1383  1478  1
    193  1478  1788  1
    194  1788  2077  1
    195  2077  2345  1
    196  915  854  1
    197  854  856  1
    198  856  916  1
    199  916  976  1
    200  976  1041  1
    201  1041  1121  1
    202  1121  1210  1
    203  1210  1304  1
    204  1304  1391  1
    205  1391  1487  1
    206  1487  1794  1
    207  1794  2086  1
    208  2086  2353  1
    209  2247  1966  1
    210  1966  1667  1
    211  1667  1464  1
    212  1464  1370  1
    213  1370  1281  1
    214  1281  1189  1
    215  1189  1184  1
    216  1184  1276  1
    217  1276  1368  1
    218  1368  1460  1
    219  1460  1663  1
    220  1663  1962  1
    221  1962  2239  1
    222  2247  1965  1
    223  1965  1666  1
    224  1666  1463  1
    225  1463  1461  1
    226  1461  1664  1
    227  1664  1963  1
    228  1963  2240  1
    229  2240  2492  1
    230  2492  2721  1
    231  2721  2928  1
    232  2928  3142  1
    233  3142  3409  1
    234  3409  3657  1
    235  3657  3829  1
    236  3829  3944  1
    237  3944  3828  1
    238  3828  3656  1
    239  3656  3408  1
    240  3408  3141  1
    241  3141  2927  1
    242  2927  2720  1
    243  2720  2491  1
    244  2491  2239  1
    245  2239  1961  1
    246  1961  1662  1
    247  1662  1459  1
    248  1459  1367  1
    249  1367  1275  1
    250  1275  1183  1
    251  1183  1178  1
    252  1178  1270  1
    253  1270  1363  1
    254  1363  1454  1
    255  1454  1657  1
    256  1657  1956  1
    257  1956  2234  1
    258  2247  2499  1
    259  2499  2728  1
    260  2728  2935  1
    261  2935  3154  1
    262  3154  3427  1
    263  3427  3671  1
    264  3671  3839  1
    265  3839  3950  1
    266  3944  3827  1
    267  3827  3655  1
    268  3655  3407  1
    269  3407  3140  1
    270  3140  2926  1
    271  2926  2719  1
    272  2719  2490  1
    273  2490  2238  1
    274  2238  1960  1
    275  1960  1661  1
    276  1661  1458  1
    277  1458  1453  1
    278  1453  1656  1
    279  1656  1955  1
    280  1955  2234  1
    281  2234  1954  1
    282  1954  1655  1
    283  1655  1452  1
    284  1452  1362  1
    285  1362  1269  1
    286  1269  1177  1
    287  1177  1172  1
    288  1172  1264  1
    289  1264  1360  1
    290  1360  1448  1
    291  1448  1651  1
    292  1651  1950  1
    293  1950  2231  1
    294  2234  1953  1
    295  1953  1654  1
    296  1654  1451  1
    297  1451  1449  1
    298  1449  1652  1
    299  1652  1951  1
    300  1951  2232  1
    301  2232  2484  1
    302  2484  2713  1
    303  2713  2920  1
    304  2920  3126  1
    305  3126  3371  1
    306  3371  3627  1
    307  3627  3807  1
    308  3807  3932  1
    309  3932  3806  1
    310  3806  3626  1
    311  3626  3370  1
    312  3370  3125  1
    313  3125  2919  1
    314  2919  2712  1
    315  2712  2483  1
    316  2483  2231  1
    317  2231  1949  1
    318  1949  1650  1
    319  1650  1447  1
    320  1447  1359  1
    321  1359  1263  1
    322  1263  1171  1
    323  1171  1258  1
    324  1258  1355  1
    325  1355  1442  1
    326  1442  1645  1
    327  1645  1944  1
    328  1944  2226  1
    329  2226  2478  1
    330  2234  2486  1
    331  2486  2715  1
    332  2715  2922  1
    333  2922  3133  1
    334  3133  3389  1
    335  3389  3641  1
    336  3641  3817  1
    337  3817  3938  1
    338  3932  3805  1
    339  3805  3625  1
    340  3625  3369  1
    341  3369  3124  1
    342  3124  2918  1
    343  2918  2711  1
    344  2711  2482  1
    345  2482  2230  1
    346  2230  1948  1
    347  1948  1649  1
    348  1649  1446  1
    349  1446  1644  1
    350  1644  1943  1
    351  1943  2225  1
    352  2225  2478  1
    353  1376  1287  1
    354  1287  1194  1
    355  1194  1107  1
    356  1107  1030  1
    357  1030  1105  1
    358  1105  1192  1
    359  1192  1284  1
    360  1284  1374  1
    361  1374  1468  1
    362  1468  1736  1
    363  1736  2030  1
    364  2030  2304  1
    365  2304  2550  1
    366  3216  2993  1
    367  2993  2796  1
    368  2796  2579  1
    369  2579  2339  1
    370  2339  2070  1
    371  2070  1781  1
    372  1781  1472  1
    373  1472  1378  1
    374  1378  1288  1
    375  1288  1373  1
    376  1373  1467  1
    377  1467  1735  1
    378  1735  2029  1
    379  2029  2303  1
    380  2303  2550  1
    381  2621  2380  1
    382  2380  2116  1
    383  2116  1824  1
    384  1824  1515  1
    385  1515  1418  1
    386  1418  1331  1
    387  1331  1377  1
    388  1377  1471  1
    389  1471  1780  1
    390  1780  2069  1
    391  2069  2338  1
    392  2338  2578  1
    393  2578  2795  1
    394  2795  2992  1
    395  2992  3216  1
    396  2621  2838  1
    397  2838  3035  1
    398  3035  3284  1
    399  3284  3562  1
    400  3562  3758  1
    401  3758  3891  1
    402  3891  3975  1
    403  3975  4036  1
    404  3216  2991  1
    405  2991  2794  1
    406  2794  2577  1
    407  2577  2337  1
    408  2337  2068  1
    409  2068  1779  1
    410  1779  1470  1
    411  1470  1376  1
    412  3225  2999  1
    413  2999  2802  1
    414  2802  2585  1
    415  2585  2344  1
    416  2344  2076  1
    417  2076  1787  1
    418  1787  1477  1
    419  1477  1382  1
    420  1382  1330  1
    421  1330  1417  1
    422  1417  1514  1
    423  1514  1823  1
    424  1823  2115  1
    425  2115  2379  1
    426  2379  2621  1
    427  1384  1297  1
    428  1297  1203  1
    429  1203  1114  1
    430  1114  1110  1
    431  1110  1198  1
    432  1198  1292  1
    433  1292  1381  1
    434  1381  1476  1
    435  1476  1786  1
    436  1786  2075  1
    437  2075  2343  1
    438  2343  2584  1
    439  2584  2801  1
    440  2801  2998  1
    441  2998  3225  1
    442  1384  1480  1
    443  1480  1791  1
    444  1791  2080  1
    445  2080  2347  1
    446  2347  2589  1
    447  2589  2806  1
    448  2806  3003  1
    449  3003  3229  1
    450  2621  2378  1
    451  2378  2114  1
    452  2114  1822  1
    453  1822  1513  1
    454  1513  1416  1
    455  1416  1329  1
    456  1329  1235  1
    457  1235  1145  1
    458  1145  1065  1
    459  1065  1106  1
    460  1106  1193  1
    461  1193  1286  1
    462  1286  1376  1
    463  1380  1291  1
    464  1291  1197  1
    465  1197  1109  1
    466  1109  1064  1
    467  1064  1144  1
    468  1144  1234  1
    469  1234  1328  1
    470  1328  1415  1
    471  1415  1512  1
    472  1512  1821  1
    473  1821  2113  1
    474  2113  2377  1
    475  2377  2621  1
    476  3225  2997  1
    477  2997  2800  1
    478  2800  2583  1
    479  2583  2342  1
    480  2342  2074  1
    481  2074  1785  1
    482  1785  1475  1
    483  1475  1380  1
    484  1792  1483  1
    485  1483  1387  1
    486  1387  1300  1
    487  1300  1206  1
    488  1206  1117  1
    489  1117  1037  1
    490  1037  974  1
    491  974  914  1
    492  914  911  1
    493  911  971  1
    494  971  1034  1
    495  1034  1113  1
    496  1113  1202  1
    497  1202  1296  1
    498  1296  1384  1
    499  1792  1482  1
    500  1482  1386  1
    501  1386  1299  1
    502  1299  1205  1
    503  1205  1116  1
    504  1116  1036  1
    505  1036  973  1
    506  973  913  1
    507  913  906  1
    508  906  966  1
    509  966  1027  1
    510  1027  1102  1
    511  1102  1188  1
    512  1188  1280  1
    513  1280  1369  1
    514  912  853  1
    515  853  806  1
    516  806  760  1
    517  760  757  1
    518  757  803  1
    519  803  849  1
    520  849  905  1
    521  905  965  1
    522  965  1026  1
    523  1026  1101  1
    524  1101  1187  1
    525  1187  1279  1
    526  1279  1369  1
    527  912  972  1
    528  972  1035  1
    529  1035  1115  1
    530  1115  1204  1
    531  1204  1298  1
    532  1298  1385  1
    533  1385  1481  1
    534  1481  1792  1
    535  1384  1295  1
    536  1295  1201  1
    537  1201  1112  1
    538  1112  1033  1
    539  1033  970  1
    540  970  910  1
    541  910  908  1
    542  908  968  1
    543  968  1031  1
    544  1031  1108  1
    545  1108  1196  1
    546  1196  1290  1
    547  1290  1380  1
    548  912  852  1
    549  852  805  1
    550  805  759  1
    551  759  758  1
    552  758  804  1
    553  804  851  1
    554  851  909  1
    555  909  969  1
    556  969  1032  1
    557  1032  1111  1
    558  1111  1200  1
    559  1200  1294  1
    560  1294  1384  1
    561  1369  1278  1
    562  1278  1186  1
    563  1186  1100  1
    564  1100  1025  1
    565  1025  964  1
    566  964  904  1
    567  904  903  1
    568  903  963  1
    569  963  1024  1
    570  1024  1097  1
    571  1097  1181  1
    572  1181  1273  1
    573  1273  1365  1
    574  1369  1277  1
    575  1277  1185  1
    576  1185  1099  1
    577  1099  1098  1
    578  1098  1182  1
    579  1182  1274  1
    580  1274  1366  1
    581  1366  1457  1
    582  1457  1660  1
    583  1660  1959  1
    584  1959  2237  1
    585  2237  2489  1
    586  2489  2718  1
    587  2718  2925  1
    588  2925  3134  1
    589  3134  2924  1
    590  2924  2717  1
    591  2717  2488  1
    592  2488  2236  1
    593  2236  1958  1
    594  1958  1659  1
    595  1659  1456  1
    596  1456  1365  1
    597  1365  1272  1
    598  1272  1180  1
    599  1180  1096  1
    600  1096  1023  1
    601  1023  962  1
    602  962  902  1
    603  902  901  1
    604  901  961  1
    605  961  1022  1
    606  1022  1094  1
    607  1094  1176  1
    608  1176  1268  1
    609  1268  1361  1
    610  1369  1462  1
    611  1462  1665  1
    612  1665  1964  1
    613  1964  2241  1
    614  2241  2493  1
    615  2493  2722  1
    616  2722  2929  1
    617  2929  3143  1
    618  3134  2923  1
    619  2923  2716  1
    620  2716  2487  1
    621  2487  2235  1
    622  2235  1957  1
    623  1957  1658  1
    624  1658  1455  1
    625  1455  1364  1
    626  1364  1271  1
    627  1271  1179  1
    628  1179  1095  1
    629  1095  1093  1
    630  1093  1175  1
    631  1175  1267  1
    632  1267  1361  1
    633  1361  1266  1
    634  1266  1174  1
    635  1174  1092  1
    636  1092  1021  1
    637  1021  960  1
    638  960  900  1
    639  900  899  1
    640  899  959  1
    641  959  1020  1
    642  1020  1089  1
    643  1089  1169  1
    644  1169  1261  1
    645  1261  1357  1
    646  1361  1265  1
    647  1265  1173  1
    648  1173  1091  1
    649  1091  1090  1
    650  1090  1170  1
    651  1170  1262  1
    652  1262  1358  1
    653  1358  1445  1
    654  1445  1648  1
    655  1648  1947  1
    656  1947  2229  1
    657  2229  2481  1
    658  2481  2710  1
    659  2710  2917  1
    660  2917  3118  1
    661  3118  2916  1
    662  2916  2709  1
    663  2709  2480  1
    664  2480  2228  1
    665  2228  1946  1
    666  1946  1647  1
    667  1647  1444  1
    668  1444  1357  1
    669  1357  1260  1
    670  1260  1168  1
    671  1168  1088  1
    672  1088  1019  1
    673  1019  1087  1
    674  1087  1167  1
    675  1167  1257  1
    676  1257  1354  1
    677  1354  1441  1
    678  1441  1603  1
    679  1603  1907  1
    680  1907  2194  1
    681  2194  2452  1
    682  1361  1450  1
    683  1450  1653  1
    684  1653  1952  1
    685  1952  2233  1
    686  2233  2485  1
    687  2485  2714  1
    688  2714  2921  1
    689  2921  3127  1
    690  3118  2915  1
    691  2915  2708  1
    692  2708  2479  1
    693  2479  2227  1
    694  2227  1945  1
    695  1945  1646  1
    696  1646  1443  1
    697  1443  1356  1
    698  1356  1259  1
    699  1259  1353  1
    700  1353  1440  1
    701  1440  1602  1
    702  1602  1906  1
    703  1906  2193  1
    704  2193  2452  1
  12  800  1
    1  6.000000e+10  0.270000
    1  1984  1985  1990  1989  1690  1691  1696  1695  1
    2  1985  1986  1991  1990  1691  1692  1697  1696  1
    3  1986  1987  1992  1991  1692  1693  1698  1697  1
    4  1987  1988  1993  1992  1693  1694  1699  1698  1
    5  1989  1990  1999  1994  1695  1696  1705  1700  1
    6  1990  1991  2000  1999  1696  1697  1706  1705  1
    7  1991  1992  2001  2000  1697  1698  1707  1706  1
    8  1992  1993  2002  2001  1698  1699  1708  1707  1
    9  1994  1999  2003  1995  1700  1705  1709  1701  1
    10  1999  2000  2007  2003  1705  1706  1713  1709  1
    11  2000  2001  2008  2007  1706  1707  1714  1713  1
    12  2001  2002  2009  2008  1707  1708  1715  1714  1
    13  1995  2003  2004  1996  1701  1709  1710  1702  1
    14  2003  2007  2010  2004  1709  1713  1716  1710  1
    15  2007  2008  2013  2010  1713  1714  1719  1716  1
    16  2008  2009  2014  2013  1714  1715  1720  1719  1
    17  1996  2004  2005  1997  1702  1710  1711  1703  1
    18  2004  2010  2011  2005  1710  1716  1717  1711  1
    19  2010  2013  2015  2011  1716  1719  1721  1717  1
    20  2013  2014  2017  2015  1719  1720  1723  1721  1
    21  1997  2005  2006  1998  1703  1711  1712  1704  1
    22  2005  2011  2012  2006  1711  1717  1718  1712  1
    23  2011  2015  2016  2012  1717  1721  1722  1718  1
    24  2015  2017  2018  2016  1721  1723  1724  1722  1
    25  2258  2259  2264  2263  1984  1985  1990  1989  1
    26  2259  2260  2265  2264  1985  1986  1991  1990  1
    27  2260  2261  2266  2265  1986  1987  1992  1991  1
    28  2261  2262  2267  2266  1987  1988  1993  1992  1
    29  2263  2264  2273  2268  1989  1990  1999  1994  1
    30  2264  2265  2274  2273  1990  1991  2000  1999  1
    31  2265  2266  2275  2274  1991  1992  2001  2000  1
    32  2266  2267  2276  2275  1992  1993  2002  2001  1
    33  2268  2273  2277  2269  1994  1999  2003  1995  1
    34  2273  2274  2281  2277  1999  2000  2007  2003  1
    35  2274  2275  2282  2281  2000  2001  2008  2007  1
    36  2275  2276  2283  2282  2001  2002  2009  2008  1
    37  2269  2277  2278  2270  1995  2003  2004  1996  1
    38  2277  2281  2284  2278  2003  2007  2010  2004  1
    39  2281  2282  2287  2284  2007  2008  2013  2010  1
    40  2282  2283  2288  2287  2008  2009  2014  2013  1
    41  2270  2278  2279  2271  1996  2004  2005  1997  1
    42  2278  2284  2285  2279  2004  2010  2011  2005  1
    43  2284  2287  2289  2285  2010  2013  2015  2011  1
    44  2287  2288  2291  2289  2013  2014  2017  2015  1
    45  2271  2279  2280  2272  1997  2005  2006  1998  1
    46  2279  2285  2286  2280  2005  2011  2012  2006  1
    47  2285  2289  2290  2286  2011  2015  2016  2012  1
    48  2289  2291  2292  2290  2015  2017  2018  2016  1
    49  2505  2506  2511  2510  2258  2259  2264  2263  1
    50  2506  2507  2512  2511  2259  2260  2265  2264  1
    51  2507  2508  2513  2512  2260  2261  2266  2265  1
    52  2508  2509  2514  2513  2261  2262  2267  2266  1
    53  2510  2511  2520  2515  2263  2264  2273  2268  1
    54  2511  2512  2521  2520  2264  2265  2274  2273  1
    55  2512  2513  2522  2521  2265  2266  2275  2274  1
    56  2513  2514  2523  2522  2266  2267  2276  2275  1
    57  2515  2520  2524  2516  2268  2273  2277  2269  1
    58  2520  2521  2528  2524  2273  2274  2281  2277  1
    59  2521  2522  2529  2528  2274  2275  2282  2281  1
    60  2522  2523  2530  2529  2275  2276  2283  2282  1
    61  2516  2524  2525  2517  2269  2277  2278  2270  1
    62  2524  2528  2531  2525  2277  2281  2284  2278  1
    63  2528  2529  2534  2531  2281  2282  2287  2284  1
    64  2529  2530  2535  2534  2282  2283  2288  2287  1
    65  2517  2525  2526  2518  2270  2278  2279  2271  1
    66  2525  2531  2532  2526  2278  2284  2285  2279  1
    67  2531  2534  2536  2532  2284  2287  2289  2285  1
    68  2534  2535  2538  2536  2287  2288  2291  2289  1
    69  2518  2526  2527  2519  2271  2279  2280  2272  1
    70  2526  2532  2533  2527  2279  2285  2286  2280  1
    71  2532  2536  2537  2533  2285  2289  2290  2286  1
    72  2536  2538  2539  2537  2289  2291  2292  2290  1
    73  2729  2730  2735  2734  2505  2506  2511  2510  1
    74  2730  2731  2736  2735  2506  2507  2512  2511  1
    75  2731  2732  2737  2736  2507  2508  2513  2512  1
    76  2732  2733  2738  2737  2508  2509  2514  2513  1
    77  2734  2735  2744  2739  2510  2511  2520  2515  1
    78  2735  2736  2745  2744  2511  2512  2521  2520  1
    79  2736  2737  2746  2745  2512  2513  2522  2521  1
    80  2737  2738  2747  2746  2513  2514  2523  2522  1
    81  2739  2744  2748  2740  2515  2520  2524  2516  1
    82  2744  2745  2752  2748  2520  2521  2528  2524  1
    83  2745  2746  2753  2752  2521  2522  2529  2528  1
    84  2746  2747  2754  2753  2522  2523  2530  2529  1
    85  2740  2748  2749  2741  2516  2524  2525  2517  1
    86  2748  2752  2755  2749  2524  2528  2531  2525  1
    87  2752  2753  2758  2755  2528  2529  2534  2531  1
    88  2753  2754  2759  2758  2529  2530  2535  2534  1
    89  2741  2749  2750  2742  2517  2525  2526  2518  1
    90  2749  2755  2756  2750  2525  2531  2532  2526  1
    91  2755  2758  2760  2756  2531  2534  2536  2532  1
    92  2758  2759  2762  2760  2534  2535  2538  2536  1
    93  2742  2750  2751  2743  2518  2526  2527  2519  1
    94  2750  2756  2757  2751  2526  2532  2533  2527  1
    95  2756  2760  2761  2757  2532  2536  2537  2533  1
    96  2760  2762  2763  2761  2536  2538  2539  2537  1
    97  2764  2765  2937  2936  2729  2730  2735  2734  1
    98  2765  2766  2938  2937  2730  2731  2736  2735  1
    99  2766  2767  2939  2938  2731  2732  2737  2736  1
    100  2767  2768  2940  2939  2732  2733  2738  2737  1
    101  2936  2937  2946  2941  2734  2735  2744  2739  1
    102  2937  2938  2947  2946  2735  2736  2745  2744  1
    103  2938  2939  2948  2947  2736  2737  2746  2745  1
    104  2939  2940  2949  2948  2737  2738  2747  2746  1
    105  2941  2946  2950  2942  2739  2744  2748  2740  1
    106  2946  2947  2954  2950  2744  2745  2752  2748  1
    107  2947  2948  2955  2954  2745  2746  2753  2752  1
    108  2948  2949  2956  2955  2746  2747  2754  2753  1
    109  2942  2950  2951  2943  2740  2748  2749  2741  1
    110  2950  2954  2957  2951  2748  2752  2755  2749  1
    111  2954  2955  2960  2957  2752  2753  2758  2755  1
    112  2955  2956  2961  2960  2753  2754  2759  2758  1
    113  2943  2951  2952  2944  2741  2749  2750  2742  1
    114  2951  2957  2958  2952  2749  2755  2756  2750  1
    115  2957  2960  2962  2958  2755  2758  2760  2756  1
    116  2960  2961  2964  2962  2758  2759  2762  2760  1
    117  2944  2952  2953  2945  2742  2750  2751  2743  1
    118  2952  2958  2959  2953  2750  2756  2757  2751  1
    119  2958  2962  2963  2959  2756  2760  2761  2757  1
    120  2962  2964  2965  2963  2760  2762  2763  2761  1
    121  2769  2770  2967  2966  2764  2765  2937  2936  1
    122  2770  2771  2968  2967  2765  2766  2938  2937  1
    123  2771  2772  2969  2968  2766  2767  2939  2938  1
    124  2772  2773  2970  2969  2767  2768  2940  2939  1
    125  2966  2967  3160  3155  2936  2937  2946  2941  1
    126  2967  2968  3161  3160  2937  2938  2947  2946  1
    127  2968  2969  3162  3161  2938  2939  2948  2947  1
    128  2969  2970  3163  3162  2939  2940  2949  2948  1
    129  3155  3160  3168  3156  2941  2946  2950  2942  1
    130  3160  3161  3172  3168  2946  2947  2954  2950  1
    131  3161  3162  3173  3172  2947  2948  2955  2954  1
    132  3162  3163  3174  3173  2948  2949  2956  2955  1
    133  3156  3168  3169  3157  2942  2950  2951  2943  1
    134  3168  3172  3175  3169  2950  2954  2957  2951  1
    135  3172  3173  3178  3175  2954  2955  2960  2957  1
    136  3173  3174  3179  3178  2955  2956  2961  2960  1
    137  3157  3169  3170  3158  2943  2951  2952  2944  1
    138  3169  3175  3176  3170  2951  2957  2958  2952  1
    139  3175  3178  3180  3176  2957  2960  2962  2958  1
    140  3178  3179  3182  3180  2960  2961  2964  2962  1
    141  3158  3170  3171  3159  2944  2952  2953  2945  1
    142  3170  3176  3177  3171  2952  2958  2959  2953  1
    143  3176  3180  3181  3177  2958  2962  2963  2959  1
    144  3180  3182  3183  3181  2962  2964  2965  2963  1
    145  2774  2778  2975  2971  2769  2770  2967  2966  1
    146  2778  2779  2976  2975  2770  2771  2968  2967  1
    147  2779  2780  2977  2976  2771  2772  2969  2968  1
    148  2780  2781  2978  2977  2772  2773  2970  2969  1
    149  2971  2975  3184  3164  2966  2967  3160  3155  1
    150  2975  2976  3185  3184  2967  2968  3161  3160  1
    151  2976  2977  3186  3185  2968  2969  3162  3161  1
    152  2977  2978  3187  3186  2969  2970  3163  3162  1
    153  3164  3184  3428  3200  3155  3160  3168  3156  1
    154  3184  3185  3432  3428  3160  3161  3172  3168  1
    155  3185  3186  3433  3432  3161  3162  3173  3172  1
    156  3186  3187  3434  3433  3162  3163  3174  3173  1
    157  3200  3428  3429  3201  3156  3168  3169  3157  1
    158  3428  3432  3438  3429  3168  3172  3175  3169  1
    159  3432  3433  3441  3438  3172  3173  3178  3175  1
    160  3433  3434  3442  3441  3173  3174  3179  3178  1
    161  3201  3429  3430  3202  3157  3169  3170  3158  1
    162  3429  3438  3439  3430  3169  3175  3176  3170  1
    163  3438  3441  3443  3439  3175  3178  3180  3176  1
    164  3441  3442  3445  3443  3178  3179  3182  3180  1
    165  3202  3430  3431  3203  3158  3170  3171  3159  1
    166  3430  3439  3440  3431  3170  3176  3177  3171  1
    167  3439  3443  3444  3440  3176  3180  3181  3177  1
    168  3443  3445  3446  3444  3180  3182  3183  3181  1
    169  2775  2782  2979  2972  2774  2778  2975  2971  1
    170  2782  2785  2982  2979  2778  2779  2976  2975  1
    171  2785  2786  2983  2982  2779  2780  2977  2976  1
    172  2786  2787  2984  2983  2780  2781  2978  2977  1
    173  2972  2979  3188  3165  2971  2975  3184  3164  1
    174  2979  2982  3191  3188  2975  2976  3185  3184  1
    175  2982  2983  3192  3191  2976  2977  3186  3185  1
    176  2983  2984  3193  3192  2977  2978  3187  3186  1
    177  3165  3188  3435  3204  3164  3184  3428  3200  1
    178  3188  3191  3447  3435  3184  3185  3432  3428  1
    179  3191  3192  3448  3447  3185  3186  3433  3432  1
    180  3192  3193  3449  3448  3186  3187  3434  3433  1
    181  3204  3435  3457  3207  3200  3428  3429  3201  1
    182  3435  3447  3672  3457  3428  3432  3438  3429  1
    183  3447  3448  3675  3672  3432  3433  3441  3438  1
    184  3448  3449  3676  3675  3433  3434  3442  3441  1
    185  3207  3457  3458  3208  3201  3429  3430  3202  1
    186  3457  3672  3673  3458  3429  3438  3439  3430  1
    187  3672  3675  3679  3673  3438  3441  3443  3439  1
    188  3675  3676  3681  3679  3441  3442  3445  3443  1
    189  3208  3458  3459  3209  3202  3430  3431  3203  1
    190  3458  3673  3674  3459  3430  3439  3440  3431  1
    191  3673  3679  3680  3674  3439  3443  3444  3440  1
    192  3679  3681  3682  3680  3443  3445  3446  3444  1
    193  2776  2783  2980  2973  2775  2782  2979  2972  1
    194  2783  2788  2985  2980  2782  2785  2982  2979  1
    195  2788  2790  2987  2985  2785  2786  2983  2982  1
    196  2790  2791  2988  2987  2786  2787  2984  2983  1
    197  2973  2980  3189  3166  2972  2979  3188  3165  1
    198  2980  2985  3194  3189  2979  2982  3191  3188  1
    199  2985  2987  3196  3194  2982  2983  3192  3191  1
    200  2987  2988  3197  3196  2983  2984  3193  3192  1
    201  3166  3189  3436  3205  3165  3188  3435  3204  1
    202  3189  3194  3450  3436  3188  3191  3447  3435  1
    203  3194  3196  3452  3450  3191  3192  3448  3447  1
    204  3196  3197  3453  3452  3192  3193  3449  3448  1
    205  3205  3436  3460  3210  3204  3435  3457  3207  1
    206  3436  3450  3677  3460  3435  3447  3672  3457  1
    207  3450  3452  3683  3677  3447  3448  3675  3672  1
    208  3452  3453  3684  3683  3448  3449  3676  3675  1
    209  3210  3460  3463  3212  3207  3457  3458  3208  1
    210  3460  3677  3688  3463  3457  3672  3673  3458  1
    211  3677  3683  3840  3688  3672  3675  3679  3673  1
    212  3683  3684  3842  3840  3675  3676  3681  3679  1
    213  3212  3463  3464  3213  3208  3458  3459  3209  1
    214  3463  3688  3689  3464  3458  3673  3674  3459  1
    215  3688  3840  3841  3689  3673  3679  3680  3674  1
    216  3840  3842  3844  3841  3679  3681  3682  3680  1
    217  2777  2784  2981  2974  2776  2783  2980  2973  1
    218  2784  2789  2986  2981  2783  2788  2985  2980  1
    219  2789  2792  2989  2986  2788  2790  2987  2985  1
    220  2792  2793  2990  2989  2790  2791  2988  2987  1
    221  2974  2981  3190  3167  2973  2980  3189  3166  1
    222  2981  2986  3195  3190  2980  2985  3194  3189  1
    223  2986  2989  3198  3195  2985  2987  3196  3194  1
    224  2989  2990  3199  3198  2987  2988  3197  3196  1
    225  3167  3190  3437  3206  3166  3189  3436  3205  1
    226  3190  3195  3451  3437  3189  3194  3450  3436  1
    227  3195  3198  3454  3451  3194  3196  3452  3450  1
    228  3198  3199  3455  3454  3196  3197  3453  3452  1
    229  3206  3437  3461  3211  3205  3436  3460  3210  1
    230  3437  3451  3678  3461  3436  3450  3677  3460  1
    231  3451  3454  3685  3678  3450  3452  3683  3677  1
    232  3454  3455  3686  3685  3452  3453  3684  3683  1
    233  3211  3461  3465  3214  3210  3460  3463  3212  1
    234  3461  3678  3690  3465  3460  3677  3688  3463  1
    235  3678  3685  3843  3690  3677  3683  3840  3688  1
    236  3685  3686  3845  3843  3683  3684  3842  3840  1
    237  3214  3465  3467  3215  3212  3463  3464  3213  1
    238  3465  3690  3692  3467  3463  3688  3689  3464  1
    239  3690  3843  3847  3692  3688  3840  3841  3689  1
    240  3843  3845  3951  3847  3840  3842  3844  3841  1
    241  1988  1987  1982  1983  1694  1693  1688  1689  1
    242  1987  1986  1981  1982  1693  1692  1687  1688  1
    243  1986  1985  1980  1981  1692  1691  1686  1687  1
    244  1985  1984  1979  1980  1691  1690  1685  1686  1
    245  1983  1982  1977  1978  1689  1688  1683  1684  1
    246  1982  1981  1976  1977  1688  1687  1682  1683  1
    247  1981  1980  1975  1976  1687  1686  1681  1682  1
    248  1980  1979  1974  1975  1686  1685  1680  1681  1
    249  1978  1977  1972  1973  1684  1683  1678  1679  1
    250  1977  1976  1971  1972  1683  1682  1677  1678  1
    251  1976  1975  1970  1971  1682  1681  1676  1677  1
    252  1975  1974  1969  1970  1681  1680  1675  1676  1
    253  1973  1972  1728  1729  1679  1678  1673  1674  1
    254  1972  1971  1727  1728  1678  1677  1672  1673  1
    255  1971  1970  1726  1727  1677  1676  1671  1672  1
    256  1970  1969  1725  1726  1676  1675  1670  1671  1
    257  2262  2261  2256  2257  1988  1987  1982  1983  1
    258  2261  2260  2255  2256  1987  1986  1981  1982  1
    259  2260  2259  2254  2255  1986  1985  1980  1981  1
    260  2259  2258  2253  2254  1985  1984  1979  1980  1
    261  2257  2256  2251  2252  1983  1982  1977  1978  1
    262  2256  2255  2250  2251  1982  1981  1976  1977  1
    263  2255  2254  2249  2250  1981  1980  1975  1976  1
    264  2254  2253  2248  2249  1980  1979  1974  1975  1
    265  2252  2251  2022  2023  1978  1977  1972  1973  1
    266  2251  2250  2021  2022  1977  1976  1971  1972  1
    267  2250  2249  2020  2021  1976  1975  1970  1971  1
    268  2249  2248  2019  2020  1975  1974  1969  1970  1
    269  2023  2022  1733  1734  1973  1972  1728  1729  1
    270  2022  2021  1732  1733  1972  1971  1727  1728  1
    271  2021  2020  1731  1732  1971  1970  1726  1727  1
    272  2020  2019  1730  1731  1970  1969  1725  1726  1
    273  2509  2508  2503  2504  2262  2261  2256  2257  1
    274  2508  2507  2502  2503  2261  2260  2255  2256  1
    275  2507  2506  2501  2502  2260  2259  2254  2255  1
    276  2506  2505  2500  2501  2259  2258  2253  2254  1
    277  2504  2503  2296  2297  2257  2256  2251  2252  1
    278  2503  2502  2295  2296  2256  2255  2250  2251  1
    279  2502  2501  2294  2295  2255  2254  2249  2250  1
    280  2501  2500  2293  2294  2254  2253  2248  2249  1
    281  2297  2296  2027  2028  2252  2251  2022  2023  1
    282  2296  2295  2026  2027  2251  2250  2021  2022  1
    283  2295  2294  2025  2026  2250  2249  2020  2021  1
    284  2294  2293  2024  2025  2249  2248  2019  2020  1
    285  2028  2027  1740  1741  2023  2022  1733  1734  1
    286  2027  2026  1739  1740  2022  2021  1732  1733  1
    287  2026  2025  1738  1739  2021  2020  1731  1732  1
    288  2025  2024  1737  1738  2020  2019  1730  1731  1
    289  2733  2732  2543  2544  2509  2508  2503  2504  1
    290  2732  2731  2542  2543  2508  2507  2502  2503  1
    291  2731  2730  2541  2542  2507  2506  2501  2502  1
    292  2730  2729  2540  2541  2506  2505  2500  2501  1
    293  2544  2543  2301  2302  2504  2503  2296  2297  1
    294  2543  2542  2300  2301  2503  2502  2295  2296  1
    295  2542  2541  2299  2300  2502  2501  2294  2295  1
    296  2541  2540  2298  2299  2501  2500  2293  2294  1
    297  2302  2301  2034  2035  2297  2296  2027  2028  1
    298  2301  2300  2033  2034  2296  2295  2026  2027  1
    299  2300  2299  2032  2033  2295  2294  2025  2026  1
    300  2299  2298  2031  2032  2294  2293  2024  2025  1
    301  2035  2034  1745  1746  2028  2027  1740  1741  1
    302  2034  2033  1744  1745  2027  2026  1739  1740  1
    303  2033  2032  1743  1744  2026  2025  1738  1739  1
    304  2032  2031  1742  1743  2025  2024  1737  1738  1
    305  2768  2767  2548  2549  2733  2732  2543  2544  1
    306  2767  2766  2547  2548  2732  2731  2542  2543  1
    307  2766  2765  2546  2547  2731  2730  2541  2542  1
    308  2765  2764  2545  2546  2730  2729  2540  2541  1
    309  2549  2548  2308  2309  2544  2543  2301  2302  1
    310  2548  2547  2307  2308  2543  2542  2300  2301  1
    311  2547  2546  2306  2307  2542  2541  2299  2300  1
    312  2546  2545  2305  2306  2541  2540  2298  2299  1
    313  2309  2308  2039  2040  2302  2301  2034  2035  1
    314  2308  2307  2038  2039  2301  2300  2033  2034  1
    315  2307  2306  2037  2038  2300  2299  2032  2033  1
    316  2306  2305  2036  2037  2299  2298  2031  2032  1
    317  2040  2039  1750  1751  2035  2034  1745  1746  1
    318  2039  2038  1749  1750  2034  2033  1744  1745  1
    319  2038  2037  1748  1749  2033  2032  1743  1744  1
    320  2037  2036  1747  1748  2032  2031  1742  1743  1
    321  2773  2772  2554  2555  2768  2767  2548  2549  1
    322  2772  2771  2553  2554  2767  2766  2547  2548  1
    323  2771  2770  2552  2553  2766  2765  2546  2547  1
    324  2770  2769  2551  2552  2765  2764  2545  2546  1
    325  2555  2554  2313  2314  2549  2548  2308  2309  1
    326  2554  2553  2312  2313  2548  2547  2307  2308  1
    327  2553  2552  2311  2312  2547  2546  2306  2307  1
    328  2552  2551  2310  2311  2546  2545  2305  2306  1
    329  2314  2313  2044  2045  2309  2308  2039  2040  1
    330  2313  2312  2043  2044  2308  2307  2038  2039  1
    331  2312  2311  2042  2043  2307  2306  2037  2038  1
    332  2311  2310  2041  2042  2306  2305  2036  2037  1
    333  2045  2044  1755  1756  2040  2039  1750  1751  1
    334  2044  2043  1754  1755  2039  2038  1749  1750  1
    335  2043  2042  1753  1754  2038  2037  1748  1749  1
    336  2042  2041  1752  1753  2037  2036  1747  1748  1
    337  2781  2780  2562  2563  2773  2772  2554  2555  1
    338  2780  2779  2561  2562  2772  2771  2553  2554  1
    339  2779  2778  2560  2561  2771  2770  2552  2553  1
    340  2778  2774  2556  2560  2770  2769  2551  2552  1
    341  2563  2562  2321  2322  2555  2554  2313  2314  1
    342  2562  2561  2320  2321  2554  2553  2312  2313  1
    343  2561  2560  2319  2320  2553  2552  2311  2312  1
    344  2560  2556  2315  2319  2552  2551  2310  2311  1
    345  2322  2321  2052  2053  2314  2313  2044  2045  1
    346  2321  2320  2051  2052  2313  2312  2043  2044  1
    347  2320  2319  2050  2051  2312  2311  2042  2043  1
    348  2319  2315  2046  2050  2311  2310  2041  2042  1
    349  2053  2052  1763  1764  2045  2044  1755  1756  1
    350  2052  2051  1762  1763  2044  2043  1754  1755  1
    351  2051  2050  1761  1762  2043  2042  1753  1754  1
    352  2050  2046  1757  1761  2042  2041  1752  1753  1
    353  2787  2786  2568  2569  2781  2780  2562  2563  1
    354  2786  2785  2567  2568  2780  2779  2561  2562  1
    355  2785  2782  2564  2567  2779  2778  2560  2561  1
    356  2782  2775  2557  2564  2778  2774  2556  2560  1
    357  2569  2568  2327  2328  2563  2562  2321  2322  1
    358  2568  2567  2326  2327  2562  2561  2320  2321  1
    359  2567  2564  2323  2326  2561  2560  2319  2320  1
    360  2564  2557  2316  2323  2560  2556  2315  2319  1
    361  2328  2327  2058  2059  2322  2321  2052  2053  1
    362  2327  2326  2057  2058  2321  2320  2051  2052  1
    363  2326  2323  2054  2057  2320  2319  2050  2051  1
    364  2323  2316  2047  2054  2319  2315  2046  2050  1
    365  2059  2058  1769  1770  2053  2052  1763  1764  1
    366  2058  2057  1768  1769  2052  2051  1762  1763  1
    367  2057  2054  1765  1768  2051  2050  1761  1762  1
    368  2054  2047  1758  1765  2050  2046  1757  1761  1
    369  2791  2790  2572  2573  2787  2786  2568  2569  1
    370  2790  2788  2570  2572  2786  2785  2567  2568  1
    371  2788  2783  2565  2570  2785  2782  2564  2567  1
    372  2783  2776  2558  2565  2782  2775  2557  2564  1
    373  2573  2572  2331  2332  2569  2568  2327  2328  1
    374  2572  2570  2329  2331  2568  2567  2326  2327  1
    375  2570  2565  2324  2329  2567  2564  2323  2326  1
    376  2565  2558  2317  2324  2564  2557  2316  2323  1
    377  2332  2331  2062  2063  2328  2327  2058  2059  1
    378  2331  2329  2060  2062  2327  2326  2057  2058  1
    379  2329  2324  2055  2060  2326  2323  2054  2057  1
    380  2324  2317  2048  2055  2323  2316  2047  2054  1
    381  2063  2062  1773  1774  2059  2058  1769  1770  1
    382  2062  2060  1771  1773  2058  2057  1768  1769  1
    383  2060  2055  1766  1771  2057  2054  1765  1768  1
    384  2055  2048  1759  1766  2054  2047  1758  1765  1
    385  2793  2792  2574  2575  2791  2790  2572  2573  1
    386  2792  2789  2571  2574  2790  2788  2570  2572  1
    387  2789  2784  2566  2571  2788  2783  2565  2570  1
    388  2784  2777  2559  2566  2783  2776  2558  2565  1
    389  2575  2574  2333  2334  2573  2572  2331  2332  1
    390  2574  2571  2330  2333  2572  2570  2329  2331  1
    391  2571  2566  2325  2330  2570  2565  2324  2329  1
    392  2566  2559  2318  2325  2565  2558  2317  2324  1
    393  2334  2333  2064  2065  2332  2331  2062  2063  1
    394  2333  2330  2061  2064  2331  2329  2060  2062  1
    395  2330  2325  2056  2061  2329  2324  2055  2060  1
    396  2325  2318  2049  2056  2324  2317  2048  2055  1
    397  2065  2064  1775  1776  2063  2062  1773  1774  1
    398  2064  2061  1772  1775  2062  2060  1771  1773  1
    399  2061  2056  1767  1772  2060  2055  1766  1771  1
    400  2056  2049  1760  1767  2055  2048  1759  1766  1
    401  2690  2697  2904  2897  2691  2698  2905  2898  1
    402  2697  2702  2909  2904  2698  2703  2910  2905  1
    403  2702  2704  2911  2909  2703  2706  2913  2910  1
    404  2704  2705  2912  2911  2706  2707  2914  2913  1
    405  2897  2904  3091  3068  2898  2905  3092  3069  1
    406  2904  2909  3096  3091  2905  2910  3097  3092  1
    407  2909  2911  3098  3096  2910  2913  3100  3097  1
    408  2911  2912  3099  3098  2913  2914  3101  3100  1
    409  3068  3091  3314  3107  3069  3092  3315  3108  1
    410  3091  3096  3328  3314  3092  3097  3329  3315  1
    411  3096  3098  3330  3328  3097  3100  3332  3329  1
    412  3098  3099  3331  3330  3100  3101  3333  3332  1
    413  3107  3314  3338  3112  3108  3315  3339  3113  1
    414  3314  3328  3591  3338  3315  3329  3592  3339  1
    415  3328  3330  3597  3591  3329  3332  3599  3592  1
    416  3330  3331  3598  3597  3332  3333  3600  3599  1
    417  3112  3338  3341  3114  3113  3339  3343  3116  1
    418  3338  3591  3602  3341  3339  3592  3604  3343  1
    419  3591  3597  3784  3602  3592  3599  3787  3604  1
    420  3597  3598  3786  3784  3599  3600  3789  3787  1
    421  3114  3341  3342  3115  3116  3343  3345  3117  1
    422  3341  3602  3603  3342  3343  3604  3606  3345  1
    423  3602  3784  3785  3603  3604  3787  3791  3606  1
    424  3784  3786  3788  3785  3787  3789  3923  3791  1
    425  2689  2696  2903  2896  2690  2697  2904  2897  1
    426  2696  2699  2906  2903  2697  2702  2909  2904  1
    427  2699  2700  2907  2906  2702  2704  2911  2909  1
    428  2700  2701  2908  2907  2704  2705  2912  2911  1
    429  2896  2903  3090  3067  2897  2904  3091  3068  1
    430  2903  2906  3093  3090  2904  2909  3096  3091  1
    431  2906  2907  3094  3093  2909  2911  3098  3096  1
    432  2907  2908  3095  3094  2911  2912  3099  3098  1
    433  3067  3090  3313  3106  3068  3091  3314  3107  1
    434  3090  3093  3325  3313  3091  3096  3328  3314  1
    435  3093  3094  3326  3325  3096  3098  3330  3328  1
    436  3094  3095  3327  3326  3098  3099  3331  3330  1
    437  3106  3313  3335  3109  3107  3314  3338  3112  1
    438  3313  3325  3586  3335  3314  3328  3591  3338  1
    439  3325  3326  3589  3586  3328  3330  3597  3591  1
    440  3326  3327  3590  3589  3330  3331  3598  3597  1
    441  3109  3335  3336  3110  3112  3338  3341  3114  1
    442  3335  3586  3587  3336  3338  3591  3602  3341  1
    443  3586  3589  3593  3587  3591  3597  3784  3602  1
    444  3589  3590  3595  3593  3597  3598  3786  3784  1
    445  3110  3336  3337  3111  3114  3341  3342  3115  1
    446  3336  3587  3588  3337  3341  3602  3603  3342  1
    447  3587  3593  3594  3588  3602  3784  3785  3603  1
    448  3593  3595  3596  3594  3784  3786  3788  3785  1
    449  2688  2692  2899  2895  2689  2696  2903  2896  1
    450  2692  2693  2900  2899  2696  2699  2906  2903  1
    451  2693  2694  2901  2900  2699  2700  2907  2906  1
    452  2694  2695  2902  2901  2700  2701  2908  2907  1
    453  2895  2899  3086  3066  2896  2903  3090  3067  1
    454  2899  2900  3087  3086  2903  2906  3093  3090  1
    455  2900  2901  3088  3087  2906  2907  3094  3093  1
    456  2901  2902  3089  3088  2907  2908  3095  3094  1
    457  3066  3086  3306  3102  3067  3090  3313  3106  1
    458  3086  3087  3310  3306  3090  3093  3325  3313  1
    459  3087  3088  3311  3310  3093  3094  3326  3325  1
    460  3088  3089  3312  3311  3094  3095  3327  3326  1
    461  3102  3306  3307  3103  3106  3313  3335  3109  1
    462  3306  3310  3316  3307  3313  3325  3586  3335  1
    463  3310  3311  3319  3316  3325  3326  3589  3586  1
    464  3311  3312  3320  3319  3326  3327  3590  3589  1
    465  3103  3307  3308  3104  3109  3335  3336  3110  1
    466  3307  3316  3317  3308  3335  3586  3587  3336  1
    467  3316  3319  3321  3317  3586  3589  3593  3587  1
    468  3319  3320  3323  3321  3589  3590  3595  3593  1
    469  3104  3308  3309  3105  3110  3336  3337  3111  1
    470  3308  3317  3318  3309  3336  3587  3588  3337  1
    471  3317  3321  3322  3318  3587  3593  3594  3588  1
    472  3321  3323  3324  3322  3593  3595  3596  3594  1
    473  2683  2684  2891  2890  2688  2692  2899  2895  1
    474  2684  2685  2892  2891  2692  2693  2900  2899  1
    475  2685  2686  2893  2892  2693  2694  2901  2900  1
    476  2686  2687  2894  2893  2694  2695  2902  2901  1
    477  2890  2891  3062  3057  2895  2899  3086  3066  1
    478  2891  2892  3063  3062  2899  2900  3087  3086  1
    479  2892  2893  3064  3063  2900  2901  3088  3087  1
    480  2893  2894  3065  3064  2901  2902  3089  3088  1
    481  3057  3062  3070  3058  3066  3086  3306  3102  1
    482  3062  3063  3074  3070  3086  3087  3310  3306  1
    483  3063  3064  3075  3074  3087  3088  3311  3310  1
    484  3064  3065  3076  3075  3088  3089  3312  3311  1
    485  3058  3070  3071  3059  3102  3306  3307  3103  1
    486  3070  3074  3077  3071  3306  3310  3316  3307  1
    487  3074  3075  3080  3077  3310  3311  3319  3316  1
    488  3075  3076  3081  3080  3311  3312  3320  3319  1
    489  3059  3071  3072  3060  3103  3307  3308  3104  1
    490  3071  3077  3078  3072  3307  3316  3317  3308  1
    491  3077  3080  3082  3078  3316  3319  3321  3317  1
    492  3080  3081  3084  3082  3319  3320  3323  3321  1
    493  3060  3072  3073  3061  3104  3308  3309  3105  1
    494  3072  3078  3079  3073  3308  3317  3318  3309  1
    495  3078  3082  3083  3079  3317  3321  3322  3318  1
    496  3082  3084  3085  3083  3321  3323  3324  3322  1
    497  2678  2679  2861  2860  2683  2684  2891  2890  1
    498  2679  2680  2862  2861  2684  2685  2892  2891  1
    499  2680  2681  2863  2862  2685  2686  2893  2892  1
    500  2681  2682  2864  2863  2686  2687  2894  2893  1
    501  2860  2861  2870  2865  2890  2891  3062  3057  1
    502  2861  2862  2871  2870  2891  2892  3063  3062  1
    503  2862  2863  2872  2871  2892  2893  3064  3063  1
    504  2863  2864  2873  2872  2893  2894  3065  3064  1
    505  2865  2870  2874  2866  3057  3062  3070  3058  1
    506  2870  2871  2878  2874  3062  3063  3074  3070  1
    507  2871  2872  2879  2878  3063  3064  3075  3074  1
    508  2872  2873  2880  2879  3064  3065  3076  3075  1
    509  2866  2874  2875  2867  3058  3070  3071  3059  1
    510  2874  2878  2881  2875  3070  3074  3077  3071  1
    511  2878  2879  2884  2881  3074  3075  3080  3077  1
    512  2879  2880  2885  2884  3075  3076  3081  3080  1
    513  2867  2875  2876  2868  3059  3071  3072  3060  1
    514  2875  2881  2882  2876  3071  3077  3078  3072  1
    515  2881  2884  2886  2882  3077  3080  3082  3078  1
    516  2884  2885  2888  2886  3080  3081  3084  3082  1
    517  2868  2876  2877  2869  3060  3072  3073  3061  1
    518  2876  2882  2883  2877  3072  3078  3079  3073  1
    519  2882  2886  2887  2883  3078  3082  3083  3079  1
    520  2886  2888  2889  2887  3082  3084  3085  3083  1
    521  2643  2644  2649  2648  2678  2679  2861  2860  1
    522  2644  2645  2650  2649  2679  2680  2862  2861  1
    523  2645  2646  2651  2650  2680  2681  2863  2862  1
    524  2646  2647  2652  2651  2681  2682  2864  2863  1
    525  2648  2649  2658  2653  2860  2861  2870  2865  1
    526  2649  2650  2659  2658  2861  2862  2871  2870  1
    527  2650  2651  2660  2659  2862  2863  2872  2871  1
    528  2651  2652  2661  2660  2863  2864  2873  2872  1
    529  2653  2658  2662  2654  2865  2870  2874  2866  1
    530  2658  2659  2666  2662  2870  2871  2878  2874  1
    531  2659  2660  2667  2666  2871  2872  2879  2878  1
    532  2660  2661  2668  2667  2872  2873  2880  2879  1
    533  2654  2662  2663  2655  2866  2874  2875  2867  1
    534  2662  2666  2669  2663  2874  2878  2881  2875  1
    535  2666  2667  2672  2669  2878  2879  2884  2881  1
    536  2667  2668  2673  2672  2879  2880  2885  2884  1
    537  2655  2663  2664  2656  2867  2875  2876  2868  1
    538  2663  2669  2670  2664  2875  2881  2882  2876  1
    539  2669  2672  2674  2670  2881  2884  2886  2882  1
    540  2672  2673  2676  2674  2884  2885  2888  2886  1
    541  2656  2664  2665  2657  2868  2876  2877  2869  1
    542  2664  2670  2671  2665  2876  2882  2883  2877  1
    543  2670  2674  2675  2671  2882  2886  2887  2883  1
    544  2674  2676  2677  2675  2886  2888  2889  2887  1
    545  2407  2408  2413  2412  2643  2644  2649  2648  1
    546  2408  2409  2414  2413  2644  2645  2650  2649  1
    547  2409  2410  2415  2414  2645  2646  2651  2650  1
    548  2410  2411  2416  2415  2646  2647  2652  2651  1
    549  2412  2413  2422  2417  2648  2649  2658  2653  1
    550  2413  2414  2423  2422  2649  2650  2659  2658  1
    551  2414  2415  2424  2423  2650  2651  2660  2659  1
    552  2415  2416  2425  2424  2651  2652  2661  2660  1
    553  2417  2422  2426  2418  2653  2658  2662  2654  1
    554  2422  2423  2430  2426  2658  2659  2666  2662  1
    555  2423  2424  2431  2430  2659  2660  2667  2666  1
    556  2424  2425  2432  2431  2660  2661  2668  2667  1
    557  2418  2426  2427  2419  2654  2662  2663  2655  1
    558  2426  2430  2433  2427  2662  2666  2669  2663  1
    559  2430  2431  2436  2433  2666  2667  2672  2669  1
    560  2431  2432  2437  2436  2667  2668  2673  2672  1
    561  2419  2427  2428  2420  2655  2663  2664  2656  1
    562  2427  2433  2434  2428  2663  2669  2670  2664  1
    563  2433  2436  2438  2434  2669  2672  2674  2670  1
    564  2436  2437  2440  2438  2672  2673  2676  2674  1
    565  2420  2428  2429  2421  2656  2664  2665  2657  1
    566  2428  2434  2435  2429  2664  2670  2671  2665  1
    567  2434  2438  2439  2435  2670  2674  2675  2671  1
    568  2438  2440  2441  2439  2674  2676  2677  2675  1
    569  2148  2149  2154  2153  2407  2408  2413  2412  1
    570  2149  2150  2155  2154  2408  2409  2414  2413  1
    571  2150  2151  2156  2155  2409  2410  2415  2414  1
    572  2151  2152  2157  2156  2410  2411  2416  2415  1
    573  2153  2154  2163  2158  2412  2413  2422  2417  1
    574  2154  2155  2164  2163  2413  2414  2423  2422  1
    575  2155  2156  2165  2164  2414  2415  2424  2423  1
    576  2156  2157  2166  2165  2415  2416  2425  2424  1
    577  2158  2163  2167  2159  2417  2422  2426  2418  1
    578  2163  2164  2171  2167  2422  2423  2430  2426  1
    579  2164  2165  2172  2171  2423  2424  2431  2430  1
    580  2165  2166  2173  2172  2424  2425  2432  2431  1
    581  2159  2167  2168  2160  2418  2426  2427  2419  1
    582  2167  2171  2174  2168  2426  2430  2433  2427  1
    583  2171  2172  2177  2174  2430  2431  2436  2433  1
    584  2172  2173  2178  2177  2431  2432  2437  2436  1
    585  2160  2168  2169  2161  2419  2427  2428  2420  1
    586  2168  2174  2175  2169  2427  2433  2434  2428  1
    587  2174  2177  2179  2175  2433  2436  2438  2434  1
    588  2177  2178  2181  2179  2436  2437  2440  2438  1
    589  2161  2169  2170  2162  2420  2428  2429  2421  1
    590  2169  2175  2176  2170  2428  2434  2435  2429  1
    591  2175  2179  2180  2176  2434  2438  2439  2435  1
    592  2179  2181  2182  2180  2438  2440  2441  2439  1
    593  1861  1862  1867  1866  2148  2149  2154  2153  1
    594  1862  1863  1868  1867  2149  2150  2155  2154  1
    595  1863  1864  1869  1868  2150  2151  2156  2155  1
    596  1864  1865  1870  1869  2151  2152  2157  2156  1
    597  1866  1867  1876  1871  2153  2154  2163  2158  1
    598  1867  1868  1877  1876  2154  2155  2164  2163  1
    599  1868  1869  1878  1877  2155  2156  2165  2164  1
    600  1869  1870  1879  1878  2156  2157  2166  2165  1
    601  1871  1876  1880  1872  2158  2163  2167  2159  1
    602  1876  1877  1884  1880  2163  2164  2171  2167  1
    603  1877  1878  1885  1884  2164  2165  2172  2171  1
    604  1878  1879  1886  1885  2165  2166  2173  2172  1
    605  1872  1880  1881  1873  2159  2167  2168  2160  1
    606  1880  1884  1887  1881  2167  2171  2174  2168  1
    607  1884  1885  1890  1887  2171  2172  2177  2174  1
    608  1885  1886  1891  1890  2172  2173  2178  2177  1
    609  1873  1881  1882  1874  2160  2168  2169  2161  1
    610  1881  1887  1888  1882  2168  2174  2175  2169  1
    611  1887  1890  1892  1888  2174  2177  2179  2175  1
    612  1890  1891  1894  1892  2177  2178  2181  2179  1
    613  1874  1882  1883  1875  2161  2169  2170  2162  1
    614  1882  1888  1889  1883  2169  2175  2176  2170  1
    615  1888  1892  1893  1889  2175  2179  2180  2176  1
    616  1892  1894  1895  1893  2179  2181  2182  2180  1
    617  1557  1558  1563  1562  1861  1862  1867  1866  1
    618  1558  1559  1564  1563  1862  1863  1868  1867  1
    619  1559  1560  1565  1564  1863  1864  1869  1868  1
    620  1560  1561  1566  1565  1864  1865  1870  1869  1
    621  1562  1563  1572  1567  1866  1867  1876  1871  1
    622  1563  1564  1573  1572  1867  1868  1877  1876  1
    623  1564  1565  1574  1573  1868  1869  1878  1877  1
    624  1565  1566  1575  1574  1869  1870  1879  1878  1
    625  1567  1572  1576  1568  1871  1876  1880  1872  1
    626  1572  1573  1580  1576  1876  1877  1884  1880  1
    627  1573  1574  1581  1580  1877  1878  1885  1884  1
    628  1574  1575  1582  1581  1878  1879  1886  1885  1
    629  1568  1576  1577  1569  1872  1880  1881  1873  1
    630  1576  1580  1583  1577  1880  1884  1887  1881  1
    631  1580  1581  1586  1583  1884  1885  1890  1887  1
    632  1581  1582  1587  1586  1885  1886  1891  1890  1
    633  1569  1577  1578  1570  1873  1881  1882  1874  1
    634  1577  1583  1584  1578  1881  1887  1888  1882  1
    635  1583  1586  1588  1584  1887  1890  1892  1888  1
    636  1586  1587  1590  1588  1890  1891  1894  1892  1
    637  1570  1578  1579  1571  1874  1882  1883  1875  1
    638  1578  1584  1585  1579  1882  1888  1889  1883  1
    639  1584  1588  1589  1585  1888  1892  1893  1889  1
    640  1588  1590  1591  1589  1892  1894  1895  1893  1
    641  2705  2704  2474  2475  2707  2706  2476  2477  1
    642  2704  2702  2472  2474  2706  2703  2473  2476  1
    643  2702  2697  2467  2472  2703  2698  2468  2473  1
    644  2697  2690  2460  2467  2698  2691  2461  2468  1
    645  2475  2474  2221  2222  2477  2476  2223  2224  1
    646  2474  2472  2219  2221  2476  2473  2220  2223  1
    647  2472  2467  2214  2219  2473  2468  2215  2220  1
    648  2467  2460  2207  2214  2468  2461  2208  2215  1
    649  2222  2221  1939  1940  2224  2223  1941  1942  1
    650  2221  2219  1937  1939  2223  2220  1938  1941  1
    651  2219  2214  1932  1937  2220  2215  1933  1938  1
    652  2214  2207  1925  1932  2215  2208  1926  1933  1
    653  1940  1939  1640  1641  1942  1941  1642  1643  1
    654  1939  1937  1638  1640  1941  1938  1639  1642  1
    655  1937  1932  1633  1638  1938  1933  1634  1639  1
    656  1932  1925  1626  1633  1933  1926  1627  1634  1
    657  2701  2700  2470  2471  2705  2704  2474  2475  1
    658  2700  2699  2469  2470  2704  2702  2472  2474  1
    659  2699  2696  2466  2469  2702  2697  2467  2472  1
    660  2696  2689  2459  2466  2697  2690  2460  2467  1
    661  2471  2470  2217  2218  2475  2474  2221  2222  1
    662  2470  2469  2216  2217  2474  2472  2219  2221  1
    663  2469  2466  2213  2216  2472  2467  2214  2219  1
    664  2466  2459  2206  2213  2467  2460  2207  2214  1
    665  2218  2217  1935  1936  2222  2221  1939  1940  1
    666  2217  2216  1934  1935  2221  2219  1937  1939  1
    667  2216  2213  1931  1934  2219  2214  1932  1937  1
    668  2213  2206  1924  1931  2214  2207  1925  1932  1
    669  1936  1935  1636  1637  1940  1939  1640  1641  1
    670  1935  1934  1635  1636  1939  1937  1638  1640  1
    671  1934  1931  1632  1635  1937  1932  1633  1638  1
    672  1931  1924  1625  1632  1932  1925  1626  1633  1
    673  2695  2694  2464  2465  2701  2700  2470  2471  1
    674  2694  2693  2463  2464  2700  2699  2469  2470  1
    675  2693  2692  2462  2463  2699  2696  2466  2469  1
    676  2692  2688  2458  2462  2696  2689  2459  2466  1
    677  2465  2464  2211  2212  2471  2470  2217  2218  1
    678  2464  2463  2210  2211  2470  2469  2216  2217  1
    679  2463  2462  2209  2210  2469  2466  2213  2216  1
    680  2462  2458  2205  2209  2466  2459  2206  2213  1
    681  2212  2211  1929  1930  2218  2217  1935  1936  1
    682  2211  2210  1928  1929  2217  2216  1934  1935  1
    683  2210  2209  1927  1928  2216  2213  1931  1934  1
    684  2209  2205  1923  1927  2213  2206  1924  1931  1
    685  1930  1929  1630  1631  1936  1935  1636  1637  1
    686  1929  1928  1629  1630  1935  1934  1635  1636  1
    687  1928  1927  1628  1629  1934  1931  1632  1635  1
    688  1927  1923  1624  1628  1931  1924  1625  1632  1
    689  2687  2686  2456  2457  2695  2694  2464  2465  1
    690  2686  2685  2455  2456  2694  2693  2463  2464  1
    691  2685  2684  2454  2455  2693  2692  2462  2463  1
    692  2684  2683  2453  2454  2692  2688  2458  2462  1
    693  2457  2456  2203  2204  2465  2464  2211  2212  1
    694  2456  2455  2202  2203  2464  2463  2210  2211  1
    695  2455  2454  2201  2202  2463  2462  2209  2210  1
    696  2454  2453  2200  2201  2462  2458  2205  2209  1
    697  2204  2203  1921  1922  2212  2211  1929  1930  1
    698  2203  2202  1920  1921  2211  2210  1928  1929  1
    699  2202  2201  1919  1920  2210  2209  1927  1928  1
    700  2201  2200  1918  1919  2209  2205  1923  1927  1
    701  1922  1921  1622  1623  1930  1929  1630  1631  1
    702  1921  1920  1621  1622  1929  1928  1629  1630  1
    703  1920  1919  1620  1621  1928  1927  1628  1629  1
    704  1919  1918  1619  1620  1927  1923  1624  1628  1
    705  2682  2681  2450  2451  2687  2686  2456  2457  1
    706  2681  2680  2449  2450  2686  2685  2455  2456  1
    707  2680  2679  2448  2449  2685  2684  2454  2455  1
    708  2679  2678  2447  2448  2684  2683  2453  2454  1
    709  2451  2450  2198  2199  2457  2456  2203  2204  1
    710  2450  2449  2197  2198  2456  2455  2202  2203  1
    711  2449  2448  2196  2197  2455  2454  2201  2202  1
    712  2448  2447  2195  2196  2454  2453  2200  2201  1
    713  2199  2198  1916  1917  2204  2203  1921  1922  1
    714  2198  2197  1915  1916  2203  2202  1920  1921  1
    715  2197  2196  1914  1915  2202  2201  1919  1920  1
    716  2196  2195  1913  1914  2201  2200  1918  1919  1
    717  1917  1916  1617  1618  1922  1921  1622  1623  1
    718  1916  1915  1616  1617  1921  1920  1621  1622  1
    719  1915  1914  1615  1616  1920  1919  1620  1621  1
    720  1914  1913  1614  1615  1919  1918  1619  1620  1
    721  2647  2646  2445  2446  2682  2681  2450  2451  1
    722  2646  2645  2444  2445  2681  2680  2449  2450  1
    723  2645  2644  2443  2444  2680  2679  2448  2449  1
    724  2644  2643  2442  2443  2679  2678  2447  2448  1
    725  2446  2445  2191  2192  2451  2450  2198  2199  1
    726  2445  2444  2190  2191  2450  2449  2197  2198  1
    727  2444  2443  2189  2190  2449  2448  2196  2197  1
    728  2443  2442  2188  2189  2448  2447  2195  2196  1
    729  2192  2191  1911  1912  2199  2198  1916  1917  1
    730  2191  2190  1910  1911  2198  2197  1915  1916  1
    731  2190  2189  1909  1910  2197  2196  1914  1915  1
    732  2189  2188  1908  1909  2196  2195  1913  1914  1
    733  1912  1911  1612  1613  1917  1916  1617  1618  1
    734  1911  1910  1611  1612  1916  1915  1616  1617  1
    735  1910  1909  1610  1611  1915  1914  1615  1616  1
    736  1909  1908  1609  1610  1914  1913  1614  1615  1
    737  2411  2410  2405  2406  2647  2646  2445  2446  1
    738  2410  2409  2404  2405  2646  2645  2444  2445  1
    739  2409  2408  2403  2404  2645  2644  2443  2444  1
    740  2408  2407  2402  2403  2644  2643  2442  2443  1
    741  2406  2405  2186  2187  2446  2445  2191  2192  1
    742  2405  2404  2185  2186  2445  2444  2190  2191  1
    743  2404  2403  2184  2185  2444  2443  2189  2190  1
    744  2403  2402  2183  2184  2443  2442  2188  2189  1
    745  2187  2186  1904  1905  2192  2191  1911  1912  1
    746  2186  2185  1903  1904  2191  2190  1910  1911  1
    747  2185  2184  1902  1903  2190  2189  1909  1910  1
    748  2184  2183  1901  1902  2189  2188  1908  1909  1
    749  1905  1904  1607  1608  1912  1911  1612  1613  1
    750  1904  1903  1606  1607  1911  1910  1611  1612  1
    751  1903  1902  1605  1606  1910  1909  1610  1611  1
    752  1902  1901  1604  1605  1909  1908  1609  1610  1
    753  2152  2151  2146  2147  2411  2410  2405  2406  1
    754  2151  2150  2145  2146  2410  2409  2404  2405  1
    755  2150  2149  2144  2145  2409  2408  2403  2404  1
    756  2149  2148  2143  2144  2408  2407  2402  2403  1
    757  2147  2146  2141  2142  2406  2405  2186  2187  1
    758  2146  2145  2140  2141  2405  2404  2185  2186  1
    759  2145  2144  2139  2140  2404  2403  2184  2185  1
    760  2144  2143  2138  2139  2403  2402  2183  2184  1
    761  2142  2141  1899  1900  2187  2186  1904  1905  1
    762  2141  2140  1898  1899  2186  2185  1903  1904  1
    763  2140  2139  1897  1898  2185  2184  1902  1903  1
    764  2139  2138  1896  1897  2184  2183  1901  1902  1
    765  1900  1899  1600  1601  1905  1904  1607  1608  1
    766  1899  1898  1599  1600  1904  1903  1606  1607  1
    767  1898  1897  1598  1599  1903  1902  1605  1606  1
    768  1897  1896  1597  1598  1902  1901  1604  1605  1
    769  1865  1864  1859  1860  2152  2151  2146  2147  1
    770  1864  1863  1858  1859  2151  2150  2145  2146  1
    771  1863  1862  1857  1858  2150  2149  2144  2145  1
    772  1862  1861  1856  1857  2149  2148  2143  2144  1
    773  1860  1859  1854  1855  2147  2146  2141  2142  1
    774  1859  1858  1853  1854  2146  2145  2140  2141  1
    775  1858  1857  1852  1853  2145  2144  2139  2140  1
    776  1857  1856  1851  1852  2144  2143  2138  2139  1
    777  1855  1854  1849  1850  2142  2141  1899  1900  1
    778  1854  1853  1848  1849  2141  2140  1898  1899  1
    779  1853  1852  1847  1848  2140  2139  1897  1898  1
    780  1852  1851  1846  1847  2139  2138  1896  1897  1
    781  1850  1849  1595  1596  1900  1899  1600  1601  1
    782  1849  1848  1594  1595  1899  1898  1599  1600  1
    783  1848  1847  1593  1594  1898  1897  1598  1599  1
    784  1847  1846  1592  1593  1897  1896  1597  1598  1
    785  1561  1560  1555  1556  1865  1864  1859  1860  1
    786  1560  1559  1554  1555  1864  1863  1858  1859  1
    787  1559  1558  1553  1554  1863  1862  1857  1858  1
    788  1558  1557  1552  1553  1862  1861  1856  1857  1
    789  1556  1555  1550  1551  1860  1859  1854  1855  1
    790  1555  1554  1549  1550  1859  1858  1853  1854  1
    791  1554  1553  1548  1549  1858  1857  1852  1853  1
    792  1553  1552  1547  1548  1857  1856  1851  1852  1
    793  1551  1550  1545  1546  1855  1854  1849  1850  1
    794  1550  1549  1544  1545  1854  1853  1848  1849  1
    795  1549  1548  1543  1544  1853  1852  1847  1848  1
    796  1548  1547  1542  1543  1852  1851  1846  1847  1
    797  1546  1545  1540  1541  1850  1849  1595  1596  1
    798  1545  1544  1539  1540  1849  1848  1594  1595  1
    799  1544  1543  1538  1539  1848  1847  1593  1594  1
    800  1543  1542  1537  1538  1847  1846  1592  1593  1
  14  960  1
    1  2.500000e+10  0.300000
    1  168  165  164  167  126  123  122  125  1
    2  165  158  157  164  123  116  115  122  1
    3  167  164  161  162  125  122  119  120  1
    4  164  157  155  161  122  115  113  119  1
    5  162  161  152  153  120  119  110  111  1
    6  161  155  151  152  119  113  109  110  1
    7  210  207  206  209  168  165  164  167  1
    8  207  200  199  206  165  158  157  164  1
    9  209  206  203  204  167  164  161  162  1
    10  206  199  197  203  164  157  155  161  1
    11  204  203  194  195  162  161  152  153  1
    12  203  197  193  194  161  155  151  152  1
    13  252  249  248  251  210  207  206  209  1
    14  249  242  241  248  207  200  199  206  1
    15  251  248  245  246  209  206  203  204  1
    16  248  241  239  245  206  199  197  203  1
    17  246  245  236  237  204  203  194  195  1
    18  245  239  235  236  203  197  193  194  1
    19  294  291  290  293  252  249  248  251  1
    20  291  284  283  290  249  242  241  248  1
    21  293  290  287  288  251  248  245  246  1
    22  290  283  281  287  248  241  239  245  1
    23  288  287  278  279  246  245  236  237  1
    24  287  281  277  278  245  239  235  236  1
    25  336  333  332  335  294  291  290  293  1
    26  333  326  325  332  291  284  283  290  1
    27  335  332  329  330  293  290  287  288  1
    28  332  325  323  329  290  283  281  287  1
    29  330  329  320  321  288  287  278  279  1
    30  329  323  319  320  287  281  277  278  1
    31  378  375  374  377  336  333  332  335  1
    32  375  368  367  374  333  326  325  332  1
    33  377  374  371  372  335  332  329  330  1
    34  374  367  365  371  332  325  323  329  1
    35  372  371  362  363  330  329  320  321  1
    36  371  365  361  362  329  323  319  320  1
    37  420  417  416  419  378  375  374  377  1
    38  417  410  409  416  375  368  367  374  1
    39  419  416  413  414  377  374  371  372  1
    40  416  409  407  413  374  367  365  371  1
    41  414  413  404  405  372  371  362  363  1
    42  413  407  403  404  371  365  361  362  1
    43  462  459  458  461  420  417  416  419  1
    44  459  452  451  458  417  410  409  416  1
    45  461  458  455  456  419  416  413  414  1
    46  458  451  449  455  416  409  407  413  1
    47  456  455  446  447  414  413  404  405  1
    48  455  449  445  446  413  407  403  404  1
    49  504  501  500  503  462  459  458  461  1
    50  501  494  493  500  459  452  451  458  1
    51  503  500  497  498  461  458  455  456  1
    52  500  493  491  497  458  451  449  455  1
    53  498  497  488  489  456  455  446  447  1
    54  497  491  487  488  455  449  445  446  1
    55  546  543  542  545  504  501  500  503  1
    56  543  536  535  542  501  494  493  500  1
    57  545  542  539  540  503  500  497  498  1
    58  542  535  533  539  500  493  491  497  1
    59  540  539  530  531  498  497  488  489  1
    60  539  533  529  530  497  491  487  488  1
    61  588  585  584  587  546  543  542  545  1
    62  585  578  577  584  543  536  535  542  1
    63  587  584  581  582  545  542  539  540  1
    64  584  577  575  581  542  535  533  539  1
    65  582  581  572  573  540  539  530  531  1
    66  581  575  571  572  539  533  529  530  1
    67  630  627  626  629  588  585  584  587  1
    68  627  620  619  626  585  578  577  584  1
    69  629  626  623  624  587  584  581  582  1
    70  626  619  617  623  584  577  575  581  1
    71  624  623  614  615  582  581  572  573  1
    72  623  617  613  614  581  575  571  572  1
    73  672  669  668  671  630  627  626  629  1
    74  669  662  661  668  627  620  619  626  1
    75  671  668  665  666  629  626  623  624  1
    76  668  661  659  665  626  619  617  623  1
    77  666  665  656  657  624  623  614  615  1
    78  665  659  655  656  623  617  613  614  1
    79  714  711  710  713  672  669  668  671  1
    80  711  704  703  710  669  662  661  668  1
    81  713  710  707  708  671  668  665  666  1
    82  710  703  701  707  668  661  659  665  1
    83  708  707  698  699  666  665  656  657  1
    84  707  701  697  698  665  659  655  656  1
    85  756  753  752  755  714  711  710  713  1
    86  753  746  745  752  711  704  703  710  1
    87  755  752  749  750  713  710  707  708  1
    88  752  745  743  749  710  703  701  707  1
    89  750  749  740  741  708  707  698  699  1
    90  749  743  739  740  707  701  697  698  1
    91  802  799  798  801  756  753  752  755  1
    92  799  792  791  798  753  746  745  752  1
    93  801  798  795  796  755  752  749  750  1
    94  798  791  789  795  752  745  743  749  1
    95  796  795  786  787  750  749  740  741  1
    96  795  789  785  786  749  743  739  740  1
    97  848  845  844  847  802  799  798  801  1
    98  845  838  837  844  799  792  791  798  1
    99  847  844  841  842  801  798  795  796  1
    100  844  837  835  841  798  791  789  795  1
    101  842  841  832  833  796  795  786  787  1
    102  841  835  831  832  795  789  785  786  1
    103  898  895  894  897  848  845  844  847  1
    104  895  888  887  894  845  838  837  844  1
    105  897  894  891  892  847  844  841  842  1
    106  894  887  885  891  844  837  835  841  1
    107  892  891  882  883  842  841  832  833  1
    108  891  885  881  882  841  835  831  832  1
    109  958  955  954  957  898  895  894  897  1
    110  955  948  947  954  895  888  887  894  1
    111  957  954  951  952  897  894  891  892  1
    112  954  947  945  951  894  887  885  891  1
    113  952  951  942  943  892  891  882  883  1
    114  951  945  941  942  891  885  881  882  1
    115  1018  1015  1014  1017  958  955  954  957  1
    116  1015  1008  1007  1014  955  948  947  954  1
    117  1017  1014  1011  1012  957  954  951  952  1
    118  1014  1007  1005  1011  954  947  945  951  1
    119  1012  1011  1002  1003  952  951  942  943  1
    120  1011  1005  1001  1002  951  945  941  942  1
    121  1086  1083  1082  1085  1018  1015  1014  1017  1
    122  1083  1076  1075  1082  1015  1008  1007  1014  1
    123  1085  1082  1079  1080  1017  1014  1011  1012  1
    124  1082  1075  1073  1079  1014  1007  1005  1011  1
    125  1080  1079  1070  1071  1012  1011  1002  1003  1
    126  1079  1073  1069  1070  1011  1005  1001  1002  1
    127  1166  1163  1162  1165  1086  1083  1082  1085  1
    128  1163  1156  1155  1162  1083  1076  1075  1082  1
    129  1165  1162  1159  1160  1085  1082  1079  1080  1
    130  1162  1155  1153  1159  1082  1075  1073  1079  1
    131  1160  1159  1150  1151  1080  1079  1070  1071  1
    132  1159  1153  1149  1150  1079  1073  1069  1070  1
    133  1256  1253  1252  1255  1166  1163  1162  1165  1
    134  1253  1246  1245  1252  1163  1156  1155  1162  1
    135  1255  1252  1249  1250  1165  1162  1159  1160  1
    136  1252  1245  1243  1249  1162  1155  1153  1159  1
    137  1250  1249  1240  1241  1160  1159  1150  1151  1
    138  1249  1243  1239  1240  1159  1153  1149  1150  1
    139  1352  1349  1348  1351  1256  1253  1252  1255  1
    140  1349  1342  1341  1348  1253  1246  1245  1252  1
    141  1351  1348  1345  1346  1255  1252  1249  1250  1
    142  1348  1341  1339  1345  1252  1245  1243  1249  1
    143  1346  1345  1336  1337  1250  1249  1240  1241  1
    144  1345  1339  1335  1336  1249  1243  1239  1240  1
    145  1439  1436  1435  1438  1352  1349  1348  1351  1
    146  1436  1429  1428  1435  1349  1342  1341  1348  1
    147  1438  1435  1432  1433  1351  1348  1345  1346  1
    148  1435  1428  1426  1432  1348  1341  1339  1345  1
    149  1433  1432  1423  1424  1346  1345  1336  1337  1
    150  1432  1426  1422  1423  1345  1339  1335  1336  1
    151  1536  1533  1532  1535  1439  1436  1435  1438  1
    152  1533  1526  1525  1532  1436  1429  1428  1435  1
    153  1535  1532  1529  1530  1438  1435  1432  1433  1
    154  1532  1525  1523  1529  1435  1428  1426  1432  1
    155  1530  1529  1520  1521  1433  1432  1423  1424  1
    156  1529  1523  1519  1520  1432  1426  1422  1423  1
    157  1845  1842  1841  1844  1536  1533  1532  1535  1
    158  1842  1835  1834  1841  1533  1526  1525  1532  1
    159  1844  1841  1838  1839  1535  1532  1529  1530  1
    160  1841  1834  1832  1838  1532  1525  1523  1529  1
    161  1839  1838  1829  1830  1530  1529  1520  1521  1
    162  1838  1832  1828  1829  1529  1523  1519  1520  1
    163  2137  2134  2133  2136  1845  1842  1841  1844  1
    164  2134  2127  2126  2133  1842  1835  1834  1841  1
    165  2136  2133  2130  2131  1844  1841  1838  1839  1
    166  2133  2126  2124  2130  1841  1834  1832  1838  1
    167  2131  2130  2121  2122  1839  1838  1829  1830  1
    168  2130  2124  2120  2121  1838  1832  1828  1829  1
    169  2401  2398  2397  2400  2137  2134  2133  2136  1
    170  2398  2391  2390  2397  2134  2127  2126  2133  1
    171  2400  2397  2394  2395  2136  2133  2130  2131  1
    172  2397  2390  2388  2394  2133  2126  2124  2130  1
    173  2395  2394  2385  2386  2131  2130  2121  2122  1
    174  2394  2388  2384  2385  2130  2124  2120  2121  1
    175  2642  2639  2638  2641  2401  2398  2397  2400  1
    176  2639  2632  2631  2638  2398  2391  2390  2397  1
    177  2641  2638  2635  2636  2400  2397  2394  2395  1
    178  2638  2631  2629  2635  2397  2390  2388  2394  1
    179  2636  2635  2626  2627  2395  2394  2385  2386  1
    180  2635  2629  2625  2626  2394  2388  2384  2385  1
    181  2859  2856  2855  2858  2642  2639  2638  2641  1
    182  2856  2849  2848  2855  2639  2632  2631  2638  1
    183  2858  2855  2852  2853  2641  2638  2635  2636  1
    184  2855  2848  2846  2852  2638  2631  2629  2635  1
    185  2853  2852  2843  2844  2636  2635  2626  2627  1
    186  2852  2846  2842  2843  2635  2629  2625  2626  1
    187  3056  3053  3052  3055  2859  2856  2855  2858  1
    188  3053  3046  3045  3052  2856  2849  2848  2855  1
    189  3055  3052  3049  3050  2858  2855  2852  2853  1
    190  3052  3045  3043  3049  2855  2848  2846  2852  1
    191  3050  3049  3040  3041  2853  2852  2843  2844  1
    192  3049  3043  3039  3040  2852  2846  2842  2843  1
    193  3305  3302  3301  3304  3056  3053  3052  3055  1
    194  3302  3295  3294  3301  3053  3046  3045  3052  1
    195  3304  3301  3298  3299  3055  3052  3049  3050  1
    196  3301  3294  3292  3298  3052  3045  3043  3049  1
    197  3299  3298  3289  3290  3050  3049  3040  3041  1
    198  3298  3292  3288  3289  3049  3043  3039  3040  1
    199  3585  3582  3581  3584  3305  3302  3301  3304  1
    200  3582  3575  3574  3581  3302  3295  3294  3301  1
    201  3584  3581  3578  3579  3304  3301  3298  3299  1
    202  3581  3574  3572  3578  3301  3294  3292  3298  1
    203  3579  3578  3569  3570  3299  3298  3289  3290  1
    204  3578  3572  3568  3569  3298  3292  3288  3289  1
    205  3783  3780  3779  3782  3585  3582  3581  3584  1
    206  3780  3773  3772  3779  3582  3575  3574  3581  1
    207  3782  3779  3776  3777  3584  3581  3578  3579  1
    208  3779  3772  3770  3776  3581  3574  3572  3578  1
    209  3777  3776  3767  3768  3579  3578  3569  3570  1
    210  3776  3770  3766  3767  3578  3572  3568  3569  1
    211  3922  3919  3918  3921  3783  3780  3779  3782  1
    212  3919  3912  3911  3918  3780  3773  3772  3779  1
    213  3921  3918  3915  3916  3782  3779  3776  3777  1
    214  3918  3911  3909  3915  3779  3772  3770  3776  1
    215  3916  3915  3906  3907  3777  3776  3767  3768  1
    216  3915  3909  3905  3906  3776  3770  3766  3767  1
    217  4006  4003  4002  4005  3922  3919  3918  3921  1
    218  4003  3996  3995  4002  3919  3912  3911  3918  1
    219  4005  4002  3999  4000  3921  3918  3915  3916  1
    220  4002  3995  3993  3999  3918  3911  3909  3915  1
    221  4000  3999  3990  3991  3916  3915  3906  3907  1
    222  3999  3993  3989  3990  3915  3909  3905  3906  1
    223  4065  4062  4061  4064  4006  4003  4002  4005  1
    224  4062  4051  4050  4061  4003  3996  3995  4002  1
    225  4064  4061  4056  4057  4005  4002  3999  4000  1
    226  4061  4050  4048  4056  4002  3995  3993  3999  1
    227  4057  4056  4017  4018  4000  3999  3990  3991  1
    228  4056  4048  4016  4017  3999  3993  3989  3990  1
    229  4114  4109  4108  4112  4065  4062  4061  4064  1
    230  4109  4068  4067  4108  4062  4051  4050  4061  1
    231  4112  4108  4076  4077  4064  4061  4056  4057  1
    232  4108  4067  4058  4076  4061  4050  4048  4056  1
    233  4077  4076  4021  4022  4057  4056  4017  4018  1
    234  4076  4058  4019  4021  4056  4048  4016  4017  1
    235  4141  4115  4113  4117  4114  4109  4108  4112  1
    236  4115  4071  4070  4113  4109  4068  4067  4108  1
    237  4117  4113  4078  4079  4112  4108  4076  4077  1
    238  4113  4070  4059  4078  4108  4067  4058  4076  1
    239  4079  4078  4023  4024  4077  4076  4021  4022  1
    240  4078  4059  4020  4023  4076  4058  4019  4021  1
    241  158  165  163  156  116  123  121  114  1
    242  165  168  166  163  123  126  124  121  1
    243  156  163  159  154  114  121  117  112  1
    244  163  166  160  159  121  124  118  117  1
    245  154  159  149  148  112  117  107  106  1
    246  159  160  150  149  117  118  108  107  1
    247  200  207  205  198  158  165  163  156  1
    248  207  210  208  205  165  168  166  163  1
    249  198  205  201  196  156  163  159  154  1
    250  205  208  202  201  163  166  160  159  1
    251  196  201  191  190  154  159  149  148  1
    252  201  202  192  191  159  160  150  149  1
    253  242  249  247  240  200  207  205  198  1
    254  249  252  250  247  207  210  208  205  1
    255  240  247  243  238  198  205  201  196  1
    256  247  250  244  243  205  208  202  201  1
    257  238  243  233  232  196  201  191  190  1
    258  243  244  234  233  201  202  192  191  1
    259  284  291  289  282  242  249  247  240  1
    260  291  294  292  289  249  252  250  247  1
    261  282  289  285  280  240  247  243  238  1
    262  289  292  286  285  247  250  244  243  1
    263  280  285  275  274  238  243  233  232  1
    264  285  286  276  275  243  244  234  233  1
    265  326  333  331  324  284  291  289  282  1
    266  333  336  334  331  291  294  292  289  1
    267  324  331  327  322  282  289  285  280  1
    268  331  334  328  327  289  292  286  285  1
    269  322  327  317  316  280  285  275  274  1
    270  327  328  318  317  285  286  276  275  1
    271  368  375  373  366  326  333  331  324  1
    272  375  378  376  373  333  336  334  331  1
    273  366  373  369  364  324  331  327  322  1
    274  373  376  370  369  331  334  328  327  1
    275  364  369  359  358  322  327  317  316  1
    276  369  370  360  359  327  328  318  317  1
    277  410  417  415  408  368  375  373  366  1
    278  417  420  418  415  375  378  376  373  1
    279  408  415  411  406  366  373  369  364  1
    280  415  418  412  411  373  376  370  369  1
    281  406  411  401  400  364  369  359  358  1
    282  411  412  402  401  369  370  360  359  1
    283  452  459  457  450  410  417  415  408  1
    284  459  462  460  457  417  420  418  415  1
    285  450  457  453  448  408  415  411  406  1
    286  457  460  454  453  415  418  412  411  1
    287  448  453  443  442  406  411  401  400  1
    288  453  454  444  443  411  412  402  401  1
    289  494  501  499  492  452  459  457  450  1
    290  501  504  502  499  459  462  460  457  1
    291  492  499  495  490  450  457  453  448  1
    292  499  502  496  495  457  460  454  453  1
    293  490  495  485  484  448  453  443  442  1
    294  495  496  486  485  453  454  444  443  1
    295  536  543  541  534  494  501  499  492  1
    296  543  546  544  541  501  504  502  499  1
    297  534  541  537  532  492  499  495  490  1
    298  541  544  538  537  499  502  496  495  1
    299  532  537  527  526  490  495  485  484  1
    300  537  538  528  527  495  496  486  485  1
    301  578  585  583  576  536  543  541  534  1
    302  585  588  586  583  543  546  544  541  1
    303  576  583  579  574  534  541  537  532  1
    304  583  586  580  579  541  544  538  537  1
    305  574  579  569  568  532  537  527  526  1
    306  579  580  570  569  537  538  528  527  1
    307  620  627  625  618  578  585  583  576  1
    308  627  630  628  625  585  588  586  583  1
    309  618  625  621  616  576  583  579  574  1
    310  625  628  622  621  583  586  580  579  1
    311  616  621  611  610  574  579  569  568  1
    312  621  622  612  611  579  580  570  569  1
    313  662  669  667  660  620  627  625  618  1
    314  669  672  670  667  627  630  628  625  1
    315  660  667  663  658  618  625  621  616  1
    316  667  670  664  663  625  628  622  621  1
    317  658  663  653  652  616  621  611  610  1
    318  663  664  654  653  621  622  612  611  1
    319  704  711  709  702  662  669  667  660  1
    320  711  714  712  709  669  672  670  667  1
    321  702  709  705  700  660  667  663  658  1
    322  709  712  706  705  667  670  664  663  1
    323  700  705  695  694  658  663  653  652  1
    324  705  706  696  695  663  664  654  653  1
    325  746  753  751  744  704  711  709  702  1
    326  753  756  754  751  711  714  712  709  1
    327  744  751  747  742  702  709  705  700  1
    328  751  754  748  747  709  712  706  705  1
    329  742  747  737  736  700  705  695  694  1
    330  747  748  738  737  705  706  696  695  1
    331  792  799  797  790  746  753  751  744  1
    332  799  802  800  797  753  756  754  751  1
    333  790  797  793  788  744  751  747  742  1
    334  797  800  794  793  751  754  748  747  1
    335  788  793  783  782  742  747  737  736  1
    336  793  794  784  783  747  748  738  737  1
    337  838  845  843  836  792  799  797  790  1
    338  845  848  846  843  799  802  800  797  1
    339  836  843  839  834  790  797  793  788  1
    340  843  846  840  839  797  800  794  793  1
    341  834  839  829  828  788  793  783  782  1
    342  839  840  830  829  793  794  784  783  1
    343  888  895  893  886  838  845  843  836  1
    344  895  898  896  893  845  848  846  843  1
    345  886  893  889  884  836  843  839  834  1
    346  893  896  890  889  843  846  840  839  1
    347  884  889  879  878  834  839  829  828  1
    348  889  890  880  879  839  840  830  829  1
    349  948  955  953  946  888  895  893  886  1
    350  955  958  956  953  895  898  896  893  1
    351  946  953  949  944  886  893  889  884  1
    352  953  956  950  949  893  896  890  889  1
    353  944  949  939  938  884  889  879  878  1
    354  949  950  940  939  889  890  880  879  1
    355  1008  1015  1013  1006  948  955  953  946  1
    356  1015  1018  1016  1013  955  958  956  953  1
    357  1006  1013  1009  1004  946  953  949  944  1
    358  1013  1016  1010  1009  953  956  950  949  1
    359  1004  1009  999  998  944  949  939  938  1
    360  1009  1010  1000  999  949  950  940  939  1
    361  1076  1083  1081  1074  1008  1015  1013  1006  1
    362  1083  1086  1084  1081  1015  1018  1016  1013  1
    363  1074  1081  1077  1072  1006  1013  1009  1004  1
    364  1081  1084  1078  1077  1013  1016  1010  1009  1
    365  1072  1077  1067  1066  1004  1009  999  998  1
    366  1077  1078  1068  1067  1009  1010  1000  999  1
    367  1156  1163  1161  1154  1076  1083  1081  1074  1
    368  1163  1166  1164  1161  1083  1086  1084  1081  1
    369  1154  1161  1157  1152  1074  1081  1077  1072  1
    370  1161  1164  1158  1157  1081  1084  1078  1077  1
    371  1152  1157  1147  1146  1072  1077  1067  1066  1
    372  1157  1158  1148  1147  1077  1078  1068  1067  1
    373  1246  1253  1251  1244  1156  1163  1161  1154  1
    374  1253  1256  1254  1251  1163  1166  1164  1161  1
    375  1244  1251  1247  1242  1154  1161  1157  1152  1
    376  1251  1254  1248  1247  1161  1164  1158  1157  1
    377  1242  1247  1237  1236  1152  1157  1147  1146  1
    378  1247  1248  1238  1237  1157  1158  1148  1147  1
    379  1342  1349  1347  1340  1246  1253  1251  1244  1
    380  1349  1352  1350  1347  1253  1256  1254  1251  1
    381  1340  1347  1343  1338  1244  1251  1247  1242  1
    382  1347  1350  1344  1343  1251  1254  1248  1247  1
    383  1338  1343  1333  1332  1242  1247  1237  1236  1
    384  1343  1344  1334  1333  1247  1248  1238  1237  1
    385  1429  1436  1434  1427  1342  1349  1347  1340  1
    386  1436  1439  1437  1434  1349  1352  1350  1347  1
    387  1427  1434  1430  1425  1340  1347  1343  1338  1
    388  1434  1437  1431  1430  1347  1350  1344  1343  1
    389  1425  1430  1420  1419  1338  1343  1333  1332  1
    390  1430  1431  1421  1420  1343  1344  1334  1333  1
    391  1526  1533  1531  1524  1429  1436  1434  1427  1
    392  1533  1536  1534  1531  1436  1439  1437  1434  1
    393  1524  1531  1527  1522  1427  1434  1430  1425  1
    394  1531  1534  1528  1527  1434  1437  1431  1430  1
    395  1522  1527  1517  1516  1425  1430  1420  1419  1
    396  1527  1528  1518  1517  1430  1431  1421  1420  1
    397  1835  1842  1840  1833  1526  1533  1531  1524  1
    398  1842  1845  1843  1840  1533  1536  1534  1531  1
    399  1833  1840  1836  1831  1524  1531  1527  1522  1
    400  1840  1843  1837  1836  1531  1534  1528  1527  1
    401  1831  1836  1826  1825  1522  1527  1517  1516  1
    402  1836  1837  1827  1826  1527  1528  1518  1517  1
    403  2127  2134  2132  2125  1835  1842  1840  1833  1
    404  2134  2137  2135  2132  1842  1845  1843  1840  1
    405  2125  2132  2128  2123  1833  1840  1836  1831  1
    406  2132  2135  2129  2128  1840  1843  1837  1836  1
    407  2123  2128  2118  2117  1831  1836  1826  1825  1
    408  2128  2129  2119  2118  1836  1837  1827  1826  1
    409  2391  2398  2396  2389  2127  2134  2132  2125  1
    410  2398  2401  2399  2396  2134  2137  2135  2132  1
    411  2389  2396  2392  2387  2125  2132  2128  2123  1
    412  2396  2399  2393  2392  2132  2135  2129  2128  1
    413  2387  2392  2382  2381  2123  2128  2118  2117  1
    414  2392  2393  2383  2382  2128  2129  2119  2118  1
    415  2632  2639  2637  2630  2391  2398  2396  2389  1
    416  2639  2642  2640  2637  2398  2401  2399  2396  1
    417  2630  2637  2633  2628  2389  2396  2392  2387  1
    418  2637  2640  2634  2633  2396  2399  2393  2392  1
    419  2628  2633  2623  2622  2387  2392  2382  2381  1
    420  2633  2634  2624  2623  2392  2393  2383  2382  1
    421  2849  2856  2854  2847  2632  2639  2637  2630  1
    422  2856  2859  2857  2854  2639  2642  2640  2637  1
    423  2847  2854  2850  2845  2630  2637  2633  2628  1
    424  2854  2857  2851  2850  2637  2640  2634  2633  1
    425  2845  2850  2840  2839  2628  2633  2623  2622  1
    426  2850  2851  2841  2840  2633  2634  2624  2623  1
    427  3046  3053  3051  3044  2849  2856  2854  2847  1
    428  3053  3056  3054  3051  2856  2859  2857  2854  1
    429  3044  3051  3047  3042  2847  2854  2850  2845  1
    430  3051  3054  3048  3047  2854  2857  2851  2850  1
    431  3042  3047  3037  3036  2845  2850  2840  2839  1
    432  3047  3048  3038  3037  2850  2851  2841  2840  1
    433  3295  3302  3300  3293  3046  3053  3051  3044  1
    434  3302  3305  3303  3300  3053  3056  3054  3051  1
    435  3293  3300  3296  3291  3044  3051  3047  3042  1
    436  3300  3303  3297  3296  3051  3054  3048  3047  1
    437  3291  3296  3286  3285  3042  3047  3037  3036  1
    438  3296  3297  3287  3286  3047  3048  3038  3037  1
    439  3575  3582  3580  3573  3295  3302  3300  3293  1
    440  3582  3585  3583  3580  3302  3305  3303  3300  1
    441  3573  3580  3576  3571  3293  3300  3296  3291  1
    442  3580  3583  3577  3576  3300  3303  3297  3296  1
    443  3571  3576  3566  3565  3291  3296  3286  3285  1
    444  3576  3577  3567  3566  3296  3297  3287  3286  1
    445  3773  3780  3778  3771  3575  3582  3580  3573  1
    446  3780  3783  3781  3778  3582  3585  3583  3580  1
    447  3771  3778  3774  3769  3573  3580  3576  3571  1
    448  3778  3781  3775  3774  3580  3583  3577  3576  1
    449  3769  3774  3764  3763  3571  3576  3566  3565  1
    450  3774  3775  3765  3764  3576  3577  3567  3566  1
    451  3912  3919  3917  3910  3773  3780  3778  3771  1
    452  3919  3922  3920  3917  3780  3783  3781  3778  1
    453  3910  3917  3913  3908  3771  3778  3774  3769  1
    454  3917  3920  3914  3913  3778  3781  3775  3774  1
    455  3908  3913  3903  3902  3769  3774  3764  3763  1
    456  3913  3914  3904  3903  3774  3775  3765  3764  1
    457  3996  4003  4001  3994  3912  3919  3917  3910  1
    458  4003  4006  4004  4001  3919  3922  3920  3917  1
    459  3994  4001  3997  3992  3910  3917  3913  3908  1
    460  4001  4004  3998  3997  3917  3920  3914  3913  1
    461  3992  3997  3987  3986  3908  3913  3903  3902  1
    462  3997  3998  3988  3987  3913  3914  3904  3903  1
    463  4051  4062  4060  4049  3996  4003  4001  3994  1
    464  4062  4065  4063  4060  4003  4006  4004  4001  1
    465  4049  4060  4052  4047  3994  4001  3997  3992  1
    466  4060  4063  4053  4052  4001  4004  3998  3997  1
    467  4047  4052  4008  4007  3992  3997  3987  3986  1
    468  4052  4053  4009  4008  3997  3998  3988  3987  1
    469  4068  4109  4107  4066  4051  4062  4060  4049  1
    470  4109  4114  4110  4107  4062  4065  4063  4060  1
    471  4066  4107  4072  4054  4049  4060  4052  4047  1
    472  4107  4110  4073  4072  4060  4063  4053  4052  1
    473  4054  4072  4012  4010  4047  4052  4008  4007  1
    474  4072  4073  4013  4012  4052  4053  4009  4008  1
    475  4071  4115  4111  4069  4068  4109  4107  4066  1
    476  4115  4141  4116  4111  4109  4114  4110  4107  1
    477  4069  4111  4074  4055  4066  4107  4072  4054  1
    478  4111  4116  4075  4074  4107  4110  4073  4072  1
    479  4055  4074  4014  4011  4054  4072  4012  4010  1
    480  4074  4075  4015  4014  4072  4073  4013  4012  1
    481  32  39  38  31  11  18  17  10  1
    482  39  42  41  38  18  21  20  17  1
    483  31  38  35  29  10  17  14  8  1
    484  38  41  36  35  17  20  15  14  1
    485  29  35  26  25  8  14  5  4  1
    486  35  36  27  26  14  15  6  5  1
    487  53  60  59  52  32  39  38  31  1
    488  60  63  62  59  39  42  41  38  1
    489  52  59  56  50  31  38  35  29  1
    490  59  62  57  56  38  41  36  35  1
    491  50  56  47  46  29  35  26  25  1
    492  56  57  48  47  35  36  27  26  1
    493  74  81  80  73  53  60  59  52  1
    494  81  84  83  80  60  63  62  59  1
    495  73  80  77  71  52  59  56  50  1
    496  80  83  78  77  59  62  57  56  1
    497  71  77  68  67  50  56  47  46  1
    498  77  78  69  68  56  57  48  47  1
    499  95  102  101  94  74  81  80  73  1
    500  102  105  104  101  81  84  83  80  1
    501  94  101  98  92  73  80  77  71  1
    502  101  104  99  98  80  83  78  77  1
    503  92  98  89  88  71  77  68  67  1
    504  98  99  90  89  77  78  69  68  1
    505  137  144  143  136  95  102  101  94  1
    506  144  147  146  143  102  105  104  101  1
    507  136  143  140  134  94  101  98  92  1
    508  143  146  141  140  101  104  99  98  1
    509  134  140  131  130  92  98  89  88  1
    510  140  141  132  131  98  99  90  89  1
    511  179  186  185  178  137  144  143  136  1
    512  186  189  188  185  144  147  146  143  1
    513  178  185  182  176  136  143  140  134  1
    514  185  188  183  182  143  146  141  140  1
    515  176  182  173  172  134  140  131  130  1
    516  182  183  174  173  140  141  132  131  1
    517  221  228  227  220  179  186  185  178  1
    518  228  231  230  227  186  189  188  185  1
    519  220  227  224  218  178  185  182  176  1
    520  227  230  225  224  185  188  183  182  1
    521  218  224  215  214  176  182  173  172  1
    522  224  225  216  215  182  183  174  173  1
    523  263  270  269  262  221  228  227  220  1
    524  270  273  272  269  228  231  230  227  1
    525  262  269  266  260  220  227  224  218  1
    526  269  272  267  266  227  230  225  224  1
    527  260  266  257  256  218  224  215  214  1
    528  266  267  258  257  224  225  216  215  1
    529  305  312  311  304  263  270  269  262  1
    530  312  315  314  311  270  273  272  269  1
    531  304  311  308  302  262  269  266  260  1
    532  311  314  309  308  269  272  267  266  1
    533  302  308  299  298  260  266  257  256  1
    534  308  309  300  299  266  267  258  257  1
    535  347  354  353  346  305  312  311  304  1
    536  354  357  356  353  312  315  314  311  1
    537  346  353  350  344  304  311  308  302  1
    538  353  356  351  350  311  314  309  308  1
    539  344  350  341  340  302  308  299  298  1
    540  350  351  342  341  308  309  300  299  1
    541  389  396  395  388  347  354  353  346  1
    542  396  399  398  395  354  357  356  353  1
    543  388  395  392  386  346  353  350  344  1
    544  395  398  393  392  353  356  351  350  1
    545  386  392  383  382  344  350  341  340  1
    546  392  393  384  383  350  351  342  341  1
    547  431  438  437  430  389  396  395  388  1
    548  438  441  440  437  396  399  398  395  1
    549  430  437  434  428  388  395  392  386  1
    550  437  440  435  434  395  398  393  392  1
    551  428  434  425  424  386  392  383  382  1
    552  434  435  426  425  392  393  384  383  1
    553  473  480  479  472  431  438  437  430  1
    554  480  483  482  479  438  441  440  437  1
    555  472  479  476  470  430  437  434  428  1
    556  479  482  477  476  437  440  435  434  1
    557  470  476  467  466  428  434  425  424  1
    558  476  477  468  467  434  435  426  425  1
    559  515  522  521  514  473  480  479  472  1
    560  522  525  524  521  480  483  482  479  1
    561  514  521  518  512  472  479  476  470  1
    562  521  524  519  518  479  482  477  476  1
    563  512  518  509  508  470  476  467  466  1
    564  518  519  510  509  476  477  468  467  1
    565  557  564  563  556  515  522  521  514  1
    566  564  567  566  563  522  525  524  521  1
    567  556  563  560  554  514  521  518  512  1
    568  563  566  561  560  521  524  519  518  1
    569  554  560  551  550  512  518  509  508  1
    570  560  561  552  551  518  519  510  509  1
    571  599  606  605  598  557  564  563  556  1
    572  606  609  608  605  564  567  566  563  1
    573  598  605  602  596  556  563  560  554  1
    574  605  608  603  602  563  566  561  560  1
    575  596  602  593  592  554  560  551  550  1
    576  602  603  594  593  560  561  552  551  1
    577  641  648  647  640  599  606  605  598  1
    578  648  651  650  647  606  609  608  605  1
    579  640  647  644  638  598  605  602  596  1
    580  647  650  645  644  605  608  603  602  1
    581  638  644  635  634  596  602  593  592  1
    582  644  645  636  635  602  603  594  593  1
    583  683  690  689  682  641  648  647  640  1
    584  690  693  692  689  648  651  650  647  1
    585  682  689  686  680  640  647  644  638  1
    586  689  692  687  686  647  650  645  644  1
    587  680  686  677  676  638  644  635  634  1
    588  686  687  678  677  644  645  636  635  1
    589  725  732  731  724  683  690  689  682  1
    590  732  735  734  731  690  693  692  689  1
    591  724  731  728  722  682  689  686  680  1
    592  731  734  729  728  689  692  687  686  1
    593  722  728  719  718  680  686  677  676  1
    594  728  729  720  719  686  687  678  677  1
    595  771  778  777  770  725  732  731  724  1
    596  778  781  780  777  732  735  734  731  1
    597  770  777  774  768  724  731  728  722  1
    598  777  780  775  774  731  734  729  728  1
    599  768  774  765  764  722  728  719  718  1
    600  774  775  766  765  728  729  720  719  1
    601  817  824  823  816  771  778  777  770  1
    602  824  827  826  823  778  781  780  777  1
    603  816  823  820  814  770  777  774  768  1
    604  823  826  821  820  777  780  775  774  1
    605  814  820  811  810  768  774  765  764  1
    606  820  821  812  811  774  775  766  765  1
    607  867  874  873  866  817  824  823  816  1
    608  874  877  876  873  824  827  826  823  1
    609  866  873  870  864  816  823  820  814  1
    610  873  876  871  870  823  826  821  820  1
    611  864  870  861  860  814  820  811  810  1
    612  870  871  862  861  820  821  812  811  1
    613  927  934  933  926  867  874  873  866  1
    614  934  937  936  933  874  877  876  873  1
    615  926  933  930  924  866  873  870  864  1
    616  933  936  931  930  873  876  871  870  1
    617  924  930  921  920  864  870  861  860  1
    618  930  931  922  921  870  871  862  861  1
    619  987  994  993  986  927  934  933  926  1
    620  994  997  996  993  934  937  936  933  1
    621  986  993  990  984  926  933  930  924  1
    622  993  996  991  990  933  936  931  930  1
    623  984  990  981  980  924  930  921  920  1
    624  990  991  982  981  930  931  922  921  1
    625  1053  1060  1059  1052  987  994  993  986  1
    626  1060  1063  1062  1059  994  997  996  993  1
    627  1052  1059  1056  1050  986  993  990  984  1
    628  1059  1062  1057  1056  993  996  991  990  1
    629  1050  1056  1047  1046  984  990  981  980  1
    630  1056  1057  1048  1047  990  991  982  981  1
    631  1133  1140  1139  1132  1053  1060  1059  1052  1
    632  1140  1143  1142  1139  1060  1063  1062  1059  1
    633  1132  1139  1136  1130  1052  1059  1056  1050  1
    634  1139  1142  1137  1136  1059  1062  1057  1056  1
    635  1130  1136  1127  1126  1050  1056  1047  1046  1
    636  1136  1137  1128  1127  1056  1057  1048  1047  1
    637  1223  1230  1229  1222  1133  1140  1139  1132  1
    638  1230  1233  1232  1229  1140  1143  1142  1139  1
    639  1222  1229  1226  1220  1132  1139  1136  1130  1
    640  1229  1232  1227  1226  1139  1142  1137  1136  1
    641  1220  1226  1217  1216  1130  1136  1127  1126  1
    642  1226  1227  1218  1217  1136  1137  1128  1127  1
    643  1317  1324  1323  1316  1223  1230  1229  1222  1
    644  1324  1327  1326  1323  1230  1233  1232  1229  1
    645  1316  1323  1320  1314  1222  1229  1226  1220  1
    646  1323  1326  1321  1320  1229  1232  1227  1226  1
    647  1314  1320  1311  1310  1220  1226  1217  1216  1
    648  1320  1321  1312  1311  1226  1227  1218  1217  1
    649  1404  1411  1410  1403  1317  1324  1323  1316  1
    650  1411  1414  1413  1410  1324  1327  1326  1323  1
    651  1403  1410  1407  1401  1316  1323  1320  1314  1
    652  1410  1413  1408  1407  1323  1326  1321  1320  1
    653  1401  1407  1398  1397  1314  1320  1311  1310  1
    654  1407  1408  1399  1398  1320  1321  1312  1311  1
    655  1501  1508  1507  1500  1404  1411  1410  1403  1
    656  1508  1511  1510  1507  1411  1414  1413  1410  1
    657  1500  1507  1504  1498  1403  1410  1407  1401  1
    658  1507  1510  1505  1504  1410  1413  1408  1407  1
    659  1498  1504  1495  1494  1401  1407  1398  1397  1
    660  1504  1505  1496  1495  1407  1408  1399  1398  1
    661  1810  1817  1816  1809  1501  1508  1507  1500  1
    662  1817  1820  1819  1816  1508  1511  1510  1507  1
    663  1809  1816  1813  1807  1500  1507  1504  1498  1
    664  1816  1819  1814  1813  1507  1510  1505  1504  1
    665  1807  1813  1804  1803  1498  1504  1495  1494  1
    666  1813  1814  1805  1804  1504  1505  1496  1495  1
    667  2102  2109  2108  2101  1810  1817  1816  1809  1
    668  2109  2112  2111  2108  1817  1820  1819  1816  1
    669  2101  2108  2105  2099  1809  1816  1813  1807  1
    670  2108  2111  2106  2105  1816  1819  1814  1813  1
    671  2099  2105  2096  2095  1807  1813  1804  1803  1
    672  2105  2106  2097  2096  1813  1814  1805  1804  1
    673  2366  2373  2372  2365  2102  2109  2108  2101  1
    674  2373  2376  2375  2372  2109  2112  2111  2108  1
    675  2365  2372  2369  2363  2101  2108  2105  2099  1
    676  2372  2375  2370  2369  2108  2111  2106  2105  1
    677  2363  2369  2360  2359  2099  2105  2096  2095  1
    678  2369  2370  2361  2360  2105  2106  2097  2096  1
    679  2610  2617  2616  2609  2366  2373  2372  2365  1
    680  2617  2620  2619  2616  2373  2376  2375  2372  1
    681  2609  2616  2613  2607  2365  2372  2369  2363  1
    682  2616  2619  2614  2613  2372  2375  2370  2369  1
    683  2607  2613  2604  2603  2363  2369  2360  2359  1
    684  2613  2614  2605  2604  2369  2370  2361  2360  1
    685  2827  2834  2833  2826  2610  2617  2616  2609  1
    686  2834  2837  2836  2833  2617  2620  2619  2616  1
    687  2826  2833  2830  2824  2609  2616  2613  2607  1
    688  2833  2836  2831  2830  2616  2619  2614  2613  1
    689  2824  2830  2821  2820  2607  2613  2604  2603  1
    690  2830  2831  2822  2821  2613  2614  2605  2604  1
    691  3024  3031  3030  3023  2827  2834  2833  2826  1
    692  3031  3034  3033  3030  2834  2837  2836  2833  1
    693  3023  3030  3027  3021  2826  2833  2830  2824  1
    694  3030  3033  3028  3027  2833  2836  2831  2830  1
    695  3021  3027  3018  3017  2824  2830  2821  2820  1
    696  3027  3028  3019  3018  2830  2831  2822  2821  1
    697  3255  3262  3261  3254  3024  3031  3030  3023  1
    698  3262  3265  3264  3261  3031  3034  3033  3030  1
    699  3254  3261  3258  3252  3023  3030  3027  3021  1
    700  3261  3264  3259  3258  3030  3033  3028  3027  1
    701  3252  3258  3249  3248  3021  3027  3018  3017  1
    702  3258  3259  3250  3249  3027  3028  3019  3018  1
    703  3524  3535  3534  3523  3255  3262  3261  3254  1
    704  3535  3538  3537  3534  3262  3265  3264  3261  1
    705  3523  3534  3529  3521  3254  3261  3258  3252  1
    706  3534  3537  3530  3529  3261  3264  3259  3258  1
    707  3521  3529  3276  3275  3252  3258  3249  3248  1
    708  3529  3530  3277  3276  3258  3259  3250  3249  1
    709  3541  3740  3739  3540  3524  3535  3534  3523  1
    710  3740  3745  3743  3739  3535  3538  3537  3534  1
    711  3540  3739  3549  3531  3523  3534  3529  3521  1
    712  3739  3743  3550  3549  3534  3537  3530  3529  1
    713  3531  3549  3280  3278  3521  3529  3276  3275  1
    714  3549  3550  3281  3280  3529  3530  3277  3276  1
    715  3544  3746  3744  3543  3541  3740  3739  3540  1
    716  3746  3890  3748  3744  3740  3745  3743  3739  1
    717  3543  3744  3551  3532  3540  3739  3549  3531  1
    718  3744  3748  3552  3551  3739  3743  3550  3549  1
    719  3532  3551  3282  3279  3531  3549  3280  3278  1
    720  3551  3552  3283  3282  3549  3550  3281  3280  1
    721  42  39  37  40  21  18  16  19  1
    722  39  32  30  37  18  11  9  16  1
    723  40  37  33  34  19  16  12  13  1
    724  37  30  28  33  16  9  7  12  1
    725  34  33  23  24  13  12  2  3  1
    726  33  28  22  23  12  7  1  2  1
    727  63  60  58  61  42  39  37  40  1
    728  60  53  51  58  39  32  30  37  1
    729  61  58  54  55  40  37  33  34  1
    730  58  51  49  54  37  30  28  33  1
    731  55  54  44  45  34  33  23  24  1
    732  54  49  43  44  33  28  22  23  1
    733  84  81  79  82  63  60  58  61  1
    734  81  74  72  79  60  53  51  58  1
    735  82  79  75  76  61  58  54  55  1
    736  79  72  70  75  58  51  49  54  1
    737  76  75  65  66  55  54  44  45  1
    738  75  70  64  65  54  49  43  44  1
    739  105  102  100  103  84  81  79  82  1
    740  102  95  93  100  81  74  72  79  1
    741  103  100  96  97  82  79  75  76  1
    742  100  93  91  96  79  72  70  75  1
    743  97  96  86  87  76  75  65  66  1
    744  96  91  85  86  75  70  64  65  1
    745  147  144  142  145  105  102  100  103  1
    746  144  137  135  142  102  95  93  100  1
    747  145  142  138  139  103  100  96  97  1
    748  142  135  133  138  100  93  91  96  1
    749  139  138  128  129  97  96  86  87  1
    750  138  133  127  128  96  91  85  86  1
    751  189  186  184  187  147  144  142  145  1
    752  186  179  177  184  144  137  135  142  1
    753  187  184  180  181  145  142  138  139  1
    754  184  177  175  180  142  135  133  138  1
    755  181  180  170  171  139  138  128  129  1
    756  180  175  169  170  138  133  127  128  1
    757  231  228  226  229  189  186  184  187  1
    758  228  221  219  226  186  179  177  184  1
    759  229  226  222  223  187  184  180  181  1
    760  226  219  217  222  184  177  175  180  1
    761  223  222  212  213  181  180  170  171  1
    762  222  217  211  212  180  175  169  170  1
    763  273  270  268  271  231  228  226  229  1
    764  270  263  261  268  228  221  219  226  1
    765  271  268  264  265  229  226  222  223  1
    766  268  261  259  264  226  219  217  222  1
    767  265  264  254  255  223  222  212  213  1
    768  264  259  253  254  222  217  211  212  1
    769  315  312  310  313  273  270  268  271  1
    770  312  305  303  310  270  263  261  268  1
    771  313  310  306  307  271  268  264  265  1
    772  310  303  301  306  268  261  259  264  1
    773  307  306  296  297  265  264  254  255  1
    774  306  301  295  296  264  259  253  254  1
    775  357  354  352  355  315  312  310  313  1
    776  354  347  345  352  312  305  303  310  1
    777  355  352  348  349  313  310  306  307  1
    778  352  345  343  348  310  303  301  306  1
    779  349  348  338  339  307  306  296  297  1
    780  348  343  337  338  306  301  295  296  1
    781  399  396  394  397  357  354  352  355  1
    782  396  389  387  394  354  347  345  352  1
    783  397  394  390  391  355  352  348  349  1
    784  394  387  385  390  352  345  343  348  1
    785  391  390  380  381  349  348  338  339  1
    786  390  385  379  380  348  343  337  338  1
    787  441  438  436  439  399  396  394  397  1
    788  438  431  429  436  396  389  387  394  1
    789  439  436  432  433  397  394  390  391  1
    790  436  429  427  432  394  387  385  390  1
    791  433  432  422  423  391  390  380  381  1
    792  432  427  421  422  390  385  379  380  1
    793  483  480  478  481  441  438  436  439  1
    794  480  473  471  478  438  431  429  436  1
    795  481  478  474  475  439  436  432  433  1
    796  478  471  469  474  436  429  427  432  1
    797  475  474  464  465  433  432  422  423  1
    798  474  469  463  464  432  427  421  422  1
    799  525  522  520  523  483  480  478  481  1
    800  522  515  513  520  480  473  471  478  1
    801  523  520  516  517  481  478  474  475  1
    802  520  513  511  516  478  471  469  474  1
    803  517  516  506  507  475  474  464  465  1
    804  516  511  505  506  474  469  463  464  1
    805  567  564  562  565  525  522  520  523  1
    806  564  557  555  562  522  515  513  520  1
    807  565  562  558  559  523  520  516  517  1
    808  562  555  553  558  520  513  511  516  1
    809  559  558  548  549  517  516  506  507  1
    810  558  553  547  548  516  511  505  506  1
    811  609  606  604  607  567  564  562  565  1
    812  606  599  597  604  564  557  555  562  1
    813  607  604  600  601  565  562  558  559  1
    814  604  597  595  600  562  555  553  558  1
    815  601  600  590  591  559  558  548  549  1
    816  600  595  589  590  558  553  547  548  1
    817  651  648  646  649  609  606  604  607  1
    818  648  641  639  646  606  599  597  604  1
    819  649  646  642  643  607  604  600  601  1
    820  646  639  637  642  604  597  595  600  1
    821  643  642  632  633  601  600  590  591  1
    822  642  637  631  632  600  595  589  590  1
    823  693  690  688  691  651  648  646  649  1
    824  690  683  681  688  648  641  639  646  1
    825  691  688  684  685  649  646  642  643  1
    826  688  681  679  684  646  639  637  642  1
    827  685  684  674  675  643  642  632  633  1
    828  684  679  673  674  642  637  631  632  1
    829  735  732  730  733  693  690  688  691  1
    830  732  725  723  730  690  683  681  688  1
    831  733  730  726  727  691  688  684  685  1
    832  730  723  721  726  688  681  679  684  1
    833  727  726  716  717  685  684  674  675  1
    834  726  721  715  716  684  679  673  674  1
    835  781  778  776  779  735  732  730  733  1
    836  778  771  769  776  732  725  723  730  1
    837  779  776  772  773  733  730  726  727  1
    838  776  769  767  772  730  723  721  726  1
    839  773  772  762  763  727  726  716  717  1
    840  772  767  761  762  726  721  715  716  1
    841  827  824  822  825  781  778  776  779  1
    842  824  817  815  822  778  771  769  776  1
    843  825  822  818  819  779  776  772  773  1
    844  822  815  813  818  776  769  767  772  1
    845  819  818  808  809  773  772  762  763  1
    846  818  813  807  808  772  767  761  762  1
    847  877  874  872  875  827  824  822  825  1
    848  874  867  865  872  824  817  815  822  1
    849  875  872  868  869  825  822  818  819  1
    850  872  865  863  868  822  815  813  818  1
    851  869  868  858  859  819  818  808  809  1
    852  868  863  857  858  818  813  807  808  1
    853  937  934  932  935  877  874  872  875  1
    854  934  927  925  932  874  867  865  872  1
    855  935  932  928  929  875  872  868  869  1
    856  932  925  923  928  872  865  863  868  1
    857  929  928  918  919  869  868  858  859  1
    858  928  923  917  918  868  863  857  858  1
    859  997  994  992  995  937  934  932  935  1
    860  994  987  985  992  934  927  925  932  1
    861  995  992  988  989  935  932  928  929  1
    862  992  985  983  988  932  925  923  928  1
    863  989  988  978  979  929  928  918  919  1
    864  988  983  977  978  928  923  917  918  1
    865  1063  1060  1058  1061  997  994  992  995  1
    866  1060  1053  1051  1058  994  987  985  992  1
    867  1061  1058  1054  1055  995  992  988  989  1
    868  1058  1051  1049  1054  992  985  983  988  1
    869  1055  1054  1044  1045  989  988  978  979  1
    870  1054  1049  1043  1044  988  983  977  978  1
    871  1143  1140  1138  1141  1063  1060  1058  1061  1
    872  1140  1133  1131  1138  1060  1053  1051  1058  1
    873  1141  1138  1134  1135  1061  1058  1054  1055  1
    874  1138  1131  1129  1134  1058  1051  1049  1054  1
    875  1135  1134  1124  1125  1055  1054  1044  1045  1
    876  1134  1129  1123  1124  1054  1049  1043  1044  1
    877  1233  1230  1228  1231  1143  1140  1138  1141  1
    878  1230  1223  1221  1228  1140  1133  1131  1138  1
    879  1231  1228  1224  1225  1141  1138  1134  1135  1
    880  1228  1221  1219  1224  1138  1131  1129  1134  1
    881  1225  1224  1214  1215  1135  1134  1124  1125  1
    882  1224  1219  1213  1214  1134  1129  1123  1124  1
    883  1327  1324  1322  1325  1233  1230  1228  1231  1
    884  1324  1317  1315  1322  1230  1223  1221  1228  1
    885  1325  1322  1318  1319  1231  1228  1224  1225  1
    886  1322  1315  1313  1318  1228  1221  1219  1224  1
    887  1319  1318  1308  1309  1225  1224  1214  1215  1
    888  1318  1313  1307  1308  1224  1219  1213  1214  1
    889  1414  1411  1409  1412  1327  1324  1322  1325  1
    890  1411  1404  1402  1409  1324  1317  1315  1322  1
    891  1412  1409  1405  1406  1325  1322  1318  1319  1
    892  1409  1402  1400  1405  1322  1315  1313  1318  1
    893  1406  1405  1395  1396  1319  1318  1308  1309  1
    894  1405  1400  1394  1395  1318  1313  1307  1308  1
    895  1511  1508  1506  1509  1414  1411  1409  1412  1
    896  1508  1501  1499  1506  1411  1404  1402  1409  1
    897  1509  1506  1502  1503  1412  1409  1405  1406  1
    898  1506  1499  1497  1502  1409  1402  1400  1405  1
    899  1503  1502  1492  1493  1406  1405  1395  1396  1
    900  1502  1497  1491  1492  1405  1400  1394  1395  1
    901  1820  1817  1815  1818  1511  1508  1506  1509  1
    902  1817  1810  1808  1815  1508  1501  1499  1506  1
    903  1818  1815  1811  1812  1509  1506  1502  1503  1
    904  1815  1808  1806  1811  1506  1499  1497  1502  1
    905  1812  1811  1801  1802  1503  1502  1492  1493  1
    906  1811  1806  1800  1801  1502  1497  1491  1492  1
    907  2112  2109  2107  2110  1820  1817  1815  1818  1
    908  2109  2102  2100  2107  1817  1810  1808  1815  1
    909  2110  2107  2103  2104  1818  1815  1811  1812  1
    910  2107  2100  2098  2103  1815  1808  1806  1811  1
    911  2104  2103  2093  2094  1812  1811  1801  1802  1
    912  2103  2098  2092  2093  1811  1806  1800  1801  1
    913  2376  2373  2371  2374  2112  2109  2107  2110  1
    914  2373  2366  2364  2371  2109  2102  2100  2107  1
    915  2374  2371  2367  2368  2110  2107  2103  2104  1
    916  2371  2364  2362  2367  2107  2100  2098  2103  1
    917  2368  2367  2357  2358  2104  2103  2093  2094  1
    918  2367  2362  2356  2357  2103  2098  2092  2093  1
    919  2620  2617  2615  2618  2376  2373  2371  2374  1
    920  2617  2610  2608  2615  2373  2366  2364  2371  1
    921  2618  2615  2611  2612  2374  2371  2367  2368  1
    922  2615  2608  2606  2611  2371  2364  2362  2367  1
    923  2612  2611  2601  2602  2368  2367  2357  2358  1
    924  2611  2606  2600  2601  2367  2362  2356  2357  1
    925  2837  2834  2832  2835  2620  2617  2615  2618  1
    926  2834  2827  2825  2832  2617  2610  2608  2615  1
    927  2835  2832  2828  2829  2618  2615  2611  2612  1
    928  2832  2825  2823  2828  2615  2608  2606  2611  1
    929  2829  2828  2818  2819  2612  2611  2601  2602  1
    930  2828  2823  2817  2818  2611  2606  2600  2601  1
    931  3034  3031  3029  3032  2837  2834  2832  2835  1
    932  3031  3024  3022  3029  2834  2827  2825  2832  1
    933  3032  3029  3025  3026  2835  2832  2828  2829  1
    934  3029  3022  3020  3025  2832  2825  2823  2828  1
    935  3026  3025  3015  3016  2829  2828  2818  2819  1
    936  3025  3020  3014  3015  2828  2823  2817  2818  1
    937  3265  3262  3260  3263  3034  3031  3029  3032  1
    938  3262  3255  3253  3260  3031  3024  3022  3029  1
    939  3263  3260  3256  3257  3032  3029  3025  3026  1
    940  3260  3253  3251  3256  3029  3022  3020  3025  1
    941  3257  3256  3246  3247  3026  3025  3015  3016  1
    942  3256  3251  3245  3246  3025  3020  3014  3015  1
    943  3538  3535  3533  3536  3265  3262  3260  3263  1
    944  3535  3524  3522  3533  3262  3255  3253  3260  1
    945  3536  3533  3525  3526  3263  3260  3256  3257  1
    946  3533  3522  3520  3525  3260  3253  3251  3256  1
    947  3526  3525  3267  3268  3257  3256  3246  3247  1
    948  3525  3520  3266  3267  3256  3251  3245  3246  1
    949  3745  3740  3738  3741  3538  3535  3533  3536  1
    950  3740  3541  3539  3738  3535  3524  3522  3533  1
    951  3741  3738  3545  3546  3536  3533  3525  3526  1
    952  3738  3539  3527  3545  3533  3522  3520  3525  1
    953  3546  3545  3271  3272  3526  3525  3267  3268  1
    954  3545  3527  3269  3271  3525  3520  3266  3267  1
    955  3890  3746  3742  3747  3745  3740  3738  3741  1
    956  3746  3544  3542  3742  3740  3541  3539  3738  1
    957  3747  3742  3547  3548  3741  3738  3545  3546  1
    958  3742  3542  3528  3547  3738  3539  3527  3545  1
    959  3548  3547  3273  3274  3546  3545  3271  3272  1
    960  3547  3528  3270  3273  3545  3527  3269  3271  1
  0
