node,U1,U2,U3,R1,R2,R3
1,-0.0132843,0.000210951,-0.147035,-0.0161806,0.00642705,0
2,-0.0132843,-0.000210951,-0.147035,0.0161806,0.00642705,0
3,-0.00859307,0.000192589,-0.214194,0.0130204,-0.00279538,0
4,-0.00859307,-0.000192589,-0.214194,-0.0130204,-0.00279538,0
5,-0.004302,0.000179528,-0.214626,0.0138133,0.000966072,0
6,-0.004302,-0.000179528,-0.214626,-0.0138133,0.000966072,0
7,-0.00244692,0.000140091,-0.150939,0.0133158,0.00258547,0
8,-0.00244692,-0.000140091,-0.150939,-0.0133158,0.00258547,0
9,-7.76316e-016,-0.000638493,-0.0248915,0.014347,1.5243e-014,0
10,-1.03745e-015,0.000638493,-0.0248915,-0.014347,1.27446e-014,0
11,0.00244692,0.000140091,-0.150939,0.0133158,-0.00258547,0
12,0.00244692,-0.000140091,-0.150939,-0.0133158,-0.00258547,0
13,0.004302,0.000179528,-0.214626,0.0138133,-0.000966072,0
14,0.004302,-0.000179528,-0.214626,-0.0138133,-0.000966072,0
15,0.00859307,0.000192589,-0.214194,0.0130204,0.00279538,0
16,0.00859307,-0.000192589,-0.214194,-0.0130204,0.00279538,0
17,0.0132843,-0.000210951,-0.147035,0.0161806,-0.00642705,0
18,0.0132843,0.000210951,-0.147035,-0.0161806,-0.00642705,0
19,0.00118957,-0.00078108,-0.000729632,0.00432046,0.0389917,0
20,0.00118957,0.00078108,-0.000729632,-0.00432046,0.0389917,0
21,-0.00118957,0.00078108,-0.000729632,-0.00432046,-0.0389917,0
22,-0.00118957,-0.00078108,-0.000729632,0.00432046,-0.0389917,0
23,-0.0101094,0.000105478,-0.215254,-0.00744712,0.00635783,0
24,-0.0098521,3.12396e-014,-0.224504,6.27633e-015,0.00612063,0
25,-0.0101094,-0.000105478,-0.215254,0.00744712,0.00635783,0
26,-0.0112464,-0.000435048,-0.167152,0.0100736,-0.00802064,0
27,-0.010499,-0.000145959,-0.214613,0.00444961,-0.0117712,0
28,-0.0101679,6.16556e-005,-0.286485,0.00130763,-0.0113712,0
29,-0.00992743,0.000142136,-0.328097,-0.000863376,-0.00795847,0
30,-0.00968521,0.000161467,-0.365809,-0.00133911,-0.00279793,0
31,-0.00942931,0.000163755,-0.355518,-0.00135959,0.00269985,0
32,-0.00916627,0.000169047,-0.339422,0.000394957,0.0071655,0
33,-0.00890931,0.000187114,-0.28317,0.00282823,0.0092852,0
34,-0.00869082,0.000213664,-0.245881,0.00789401,0.00791543,0
35,-0.00829605,9.62755e-005,-0.275416,0.00606821,-0.00277557,0
36,-0.00827194,7.9079e-014,-0.277329,1.5405e-014,-0.00272047,0
37,-0.00829605,-9.62755e-005,-0.275416,-0.00606821,-0.00277557,0
38,-0.00869082,-0.000213664,-0.245881,-0.00789401,0.00791543,0
39,-0.00890931,-0.000187114,-0.28317,-0.00282823,0.0092852,0
40,-0.00916627,-0.000169047,-0.339422,-0.000394957,0.0071655,0
41,-0.00942931,-0.000163755,-0.355518,0.00135959,0.00269985,0
42,-0.00968521,-0.000161467,-0.365809,0.00133911,-0.00279793,0
43,-0.00992743,-0.000142136,-0.328097,0.000863376,-0.00795847,0
44,-0.0101679,-6.16556e-005,-0.286485,-0.00130763,-0.0113712,0
45,-0.010499,0.000145959,-0.214613,-0.00444961,-0.0117712,0
46,-0.0112464,0.000435048,-0.167152,-0.0100736,-0.00802064,0
47,-0.00804841,0.000171673,-0.273971,0.00775612,-0.0133761,0
48,-0.0076245,0.000198798,-0.337102,0.00249331,-0.0143708,0
49,-0.00723959,0.000218413,-0.418653,-2.01561e-005,-0.0116155,0
50,-0.00686349,0.000226253,-0.45327,-0.00203714,-0.00627061,0
51,-0.0064882,0.000227995,-0.481076,-0.00204171,0.000368091,0
52,-0.00611336,0.000225552,-0.44948,-0.00191507,0.00690952,0
53,-0.005738,0.000214928,-0.412698,0.000264311,0.0119655,0
54,-0.00535068,0.000187993,-0.329532,0.00289515,0.0142391,0
55,-0.0049096,0.000150634,-0.269628,0.0084235,0.0125865,0
56,-0.00471168,8.97639e-005,-0.280617,0.00643984,0.00096373,0
57,-0.00474488,1.01907e-013,-0.281732,1.82899e-014,0.000954057,0
58,-0.00471168,-8.97639e-005,-0.280617,-0.00643984,0.00096373,0
59,-0.0049096,-0.000150634,-0.269628,-0.0084235,0.0125865,0
60,-0.00535068,-0.000187993,-0.329532,-0.00289515,0.0142391,0
61,-0.005738,-0.000214928,-0.412698,-0.000264311,0.0119655,0
62,-0.00611336,-0.000225552,-0.44948,0.00191507,0.00690952,0
63,-0.0064882,-0.000227995,-0.481076,0.00204171,0.000368091,0
64,-0.00686349,-0.000226253,-0.45327,0.00203714,-0.00627061,0
65,-0.00723959,-0.000218413,-0.418653,2.01561e-005,-0.0116155,0
66,-0.0076245,-0.000198798,-0.337102,-0.00249331,-0.0143708,0
67,-0.00804841,-0.000171673,-0.273971,-0.00775612,-0.0133761,0
68,-0.00431112,0.000208445,-0.260079,0.008454,-0.0106742,0
69,-0.00415372,0.000171125,-0.31025,0.00293488,-0.0123904,0
70,-0.00394259,0.000144288,-0.384889,0.000356343,-0.01022,0
71,-0.00371968,0.000133825,-0.412577,-0.001835,-0.005311,0
72,-0.00349675,0.000131347,-0.437515,-0.00188557,0.00104391,0
73,-0.00327516,0.000131716,-0.402058,-0.00191302,0.0074526,0
74,-0.00305445,0.000133811,-0.363511,0.000210172,0.0125283,0
75,-0.00283609,0.000138627,-0.27652,0.00267986,0.0149718,0
76,-0.00262709,0.00014514,-0.213018,0.0081053,0.0136329,0
77,-0.00237598,7.00487e-005,-0.215723,0.00622221,0.00257979,0
78,-0.00237024,1.05951e-013,-0.215769,1.07362e-014,0.0025612,0
79,-0.00237598,-7.00487e-005,-0.215723,-0.00622221,0.00257979,0
80,-0.00262709,-0.00014514,-0.213018,-0.0081053,0.0136329,0
81,-0.00283609,-0.000138627,-0.27652,-0.00267986,0.0149718,0
82,-0.00305445,-0.000133811,-0.363511,-0.000210172,0.0125283,0
83,-0.00327516,-0.000131716,-0.402058,0.00191302,0.0074526,0
84,-0.00349675,-0.000131347,-0.437515,0.00188557,0.00104391,0
85,-0.00371968,-0.000133825,-0.412577,0.001835,-0.005311,0
86,-0.00394259,-0.000144288,-0.384889,-0.000356343,-0.01022,0
87,-0.00415372,-0.000171125,-0.31025,-0.00293488,-0.0123904,0
88,-0.00431112,-0.000208445,-0.260079,-0.008454,-0.0106742,0
89,-0.00215991,0.000135089,-0.18723,0.00815735,-0.00850339,0
90,-0.00190167,0.000141526,-0.225224,0.00277659,-0.00996795,0
91,-0.00165253,0.000146302,-0.28782,0.000366533,-0.00773297,0
92,-0.00140525,0.000148907,-0.302804,-0.00171918,-0.00294993,0
93,-0.0011585,0.000151853,-0.316936,-0.00162373,0.00308318,0
94,-0.000915413,0.000156687,-0.272039,-0.00154203,0.00897857,0
95,-0.000684998,0.000159357,-0.227771,0.00072847,0.0133452,0
96,-0.000481082,0.000128346,-0.138422,0.00333642,0.0148899,0
97,-0.000294169,2.4386e-005,-0.0780807,0.00895833,0.0124684,0
98,-3.29296e-016,-0.000208694,-0.0937436,0.00670676,1.46446e-014,0
99,-3.55626e-016,1.05444e-013,-0.0947257,2.4098e-015,1.35486e-014,0
100,-4.65089e-016,0.000208694,-0.0937436,-0.00670676,1.32972e-014,0
101,-0.000294169,-2.4386e-005,-0.0780807,-0.00895833,0.0124684,0
102,-0.000481082,-0.000128346,-0.138422,-0.00333642,0.0148899,0
103,-0.000684998,-0.000159357,-0.227771,-0.00072847,0.0133452,0
104,-0.000915413,-0.000156687,-0.272039,0.00154203,0.00897857,0
105,-0.0011585,-0.000151853,-0.316936,0.00162373,0.00308318,0
106,-0.00140525,-0.000148907,-0.302804,0.00171918,-0.00294993,0
107,-0.00165253,-0.000146302,-0.28782,-0.000366533,-0.00773297,0
108,-0.00190167,-0.000141526,-0.225224,-0.00277659,-0.00996795,0
109,-0.00215991,-0.000135089,-0.18723,-0.00815735,-0.00850339,0
110,0.000294169,2.4386e-005,-0.0780807,0.00895833,-0.0124684,0
111,0.000481082,0.000128346,-0.138422,0.00333642,-0.0148899,0
112,0.000684998,0.000159357,-0.227771,0.00072847,-0.0133452,0
113,0.000915413,0.000156687,-0.272039,-0.00154203,-0.00897857,0
114,0.0011585,0.000151853,-0.316936,-0.00162373,-0.00308318,0
115,0.00140525,0.000148907,-0.302804,-0.00171918,0.00294993,0
116,0.00165253,0.000146302,-0.28782,0.000366533,0.00773297,0
117,0.00190167,0.000141526,-0.225224,0.00277659,0.00996795,0
118,0.00215991,0.000135089,-0.18723,0.00815735,0.00850339,0
119,0.00237598,7.00487e-005,-0.215723,0.00622221,-0.00257979,0
120,0.00237024,1.08117e-013,-0.215769,6.97913e-015,-0.0025612,0
121,0.00237598,-7.00487e-005,-0.215723,-0.00622221,-0.00257979,0
122,0.00215991,-0.000135089,-0.18723,-0.00815735,0.00850339,0
123,0.00190167,-0.000141526,-0.225224,-0.00277659,0.00996795,0
124,0.00165253,-0.000146302,-0.28782,-0.000366533,0.00773297,0
125,0.00140525,-0.000148907,-0.302804,0.00171918,0.00294993,0
126,0.0011585,-0.000151853,-0.316936,0.00162373,-0.00308318,0
127,0.000915413,-0.000156687,-0.272039,0.00154203,-0.00897857,0
128,0.000684998,-0.000159357,-0.227771,-0.00072847,-0.0133452,0
129,0.000481082,-0.000128346,-0.138422,-0.00333642,-0.0148899,0
130,0.000294169,-2.4386e-005,-0.0780807,-0.00895833,-0.0124684,0
131,0.00262709,0.00014514,-0.213018,0.0081053,-0.0136329,0
132,0.00283609,0.000138627,-0.27652,0.00267986,-0.0149718,0
133,0.00305445,0.000133811,-0.363511,0.000210172,-0.0125283,0
134,0.00327516,0.000131716,-0.402058,-0.00191302,-0.0074526,0
135,0.00349675,0.000131347,-0.437515,-0.00188557,-0.00104391,0
136,0.00371968,0.000133825,-0.412577,-0.001835,0.005311,0
137,0.00394259,0.000144288,-0.384889,0.000356343,0.01022,0
138,0.00415372,0.000171125,-0.31025,0.00293488,0.0123904,0
139,0.00431112,0.000208445,-0.260079,0.008454,0.0106742,0
140,0.00471168,8.97639e-005,-0.280617,0.00643984,-0.00096373,0
141,0.00474488,1.11393e-013,-0.281732,1.31692e-014,-0.000954057,0
142,0.00471168,-8.97639e-005,-0.280617,-0.00643984,-0.00096373,0
143,0.00431112,-0.000208445,-0.260079,-0.008454,0.0106742,0
144,0.00415372,-0.000171125,-0.31025,-0.00293488,0.0123904,0
145,0.00394259,-0.000144288,-0.384889,-0.000356343,0.01022,0
146,0.00371968,-0.000133825,-0.412577,0.001835,0.005311,0
147,0.00349675,-0.000131347,-0.437515,0.00188557,-0.00104391,0
148,0.00327516,-0.000131716,-0.402058,0.00191302,-0.0074526,0
149,0.00305445,-0.000133811,-0.363511,-0.000210172,-0.0125283,0
150,0.00283609,-0.000138627,-0.27652,-0.00267986,-0.0149718,0
151,0.00262709,-0.00014514,-0.213018,-0.0081053,-0.0136329,0
152,0.0049096,0.000150634,-0.269628,0.0084235,-0.0125865,0
153,0.00535068,0.000187993,-0.329532,0.00289515,-0.0142391,0
154,0.005738,0.000214928,-0.412698,0.000264311,-0.0119655,0
155,0.00611336,0.000225552,-0.44948,-0.00191507,-0.00690952,0
156,0.0064882,0.000227995,-0.481076,-0.00204171,-0.000368091,0
157,0.00686349,0.000226253,-0.45327,-0.00203714,0.00627061,0
158,0.00723959,0.000218413,-0.418653,-2.01561e-005,0.0116155,0
159,0.0076245,0.000198798,-0.337102,0.00249331,0.0143708,0
160,0.00804841,0.000171673,-0.273971,0.00775612,0.0133761,0
161,0.00829605,9.62755e-005,-0.275416,0.00606821,0.00277557,0
162,0.00827194,9.35874e-014,-0.277329,1.41525e-014,0.00272047,0
163,0.00829605,-9.62755e-005,-0.275416,-0.00606821,0.00277557,0
164,0.00804841,-0.000171673,-0.273971,-0.00775612,0.0133761,0
165,0.0076245,-0.000198798,-0.337102,-0.00249331,0.0143708,0
166,0.00723959,-0.000218413,-0.418653,2.01561e-005,0.0116155,0
167,0.00686349,-0.000226253,-0.45327,0.00203714,0.00627061,0
168,0.0064882,-0.000227995,-0.481076,0.00204171,-0.000368091,0
169,0.00611336,-0.000225552,-0.44948,0.00191507,-0.00690952,0
170,0.005738,-0.000214928,-0.412698,-0.000264311,-0.0119655,0
171,0.00535068,-0.000187993,-0.329532,-0.00289515,-0.0142391,0
172,0.0049096,-0.000150634,-0.269628,-0.0084235,-0.0125865,0
173,0.00869082,0.000213664,-0.245881,0.00789401,-0.00791543,0
174,0.00890931,0.000187114,-0.28317,0.00282823,-0.0092852,0
175,0.00916627,0.000169047,-0.339422,0.000394957,-0.0071655,0
176,0.00942931,0.000163755,-0.355518,-0.00135959,-0.00269985,0
177,0.00968521,0.000161467,-0.365809,-0.00133911,0.00279793,0
178,0.00992743,0.000142136,-0.328097,-0.000863376,0.00795847,0
179,0.0101679,6.16556e-005,-0.286485,0.00130763,0.0113712,0
180,0.010499,-0.000145959,-0.214613,0.00444961,0.0117712,0
181,0.0112464,-0.000435048,-0.167152,0.0100736,0.00802064,0
182,0.0101094,-0.000105478,-0.215254,0.00744712,-0.00635783,0
183,0.0098521,3.84021e-014,-0.224504,1.05542e-014,-0.00612063,0
184,0.0101094,0.000105478,-0.215254,-0.00744712,-0.00635783,0
185,0.0112464,0.000435048,-0.167152,-0.0100736,0.00802064,0
186,0.010499,0.000145959,-0.214613,-0.00444961,0.0117712,0
187,0.0101679,-6.16556e-005,-0.286485,-0.00130763,0.0113712,0
188,0.00992743,-0.000142136,-0.328097,0.000863376,0.00795847,0
189,0.00968521,-0.000161467,-0.365809,0.00133911,0.00279793,0
190,0.00942931,-0.000163755,-0.355518,0.00135959,-0.00269985,0
191,0.00916627,-0.000169047,-0.339422,-0.000394957,-0.0071655,0
192,0.00890931,-0.000187114,-0.28317,-0.00282823,-0.0092852,0
193,0.00869082,-0.000213664,-0.245881,-0.00789401,-0.00791543,0
194,0.010543,1.30597e-005,-0.230326,0.00939239,-0.020362,0
195,0.00909222,-0.000276084,-0.338606,0.00325505,-0.0225283,0
196,0.00805764,-0.00048389,-0.455051,-0.000761504,-0.0195213,0
197,0.00711389,-0.000564896,-0.534305,-0.00330613,-0.0124292,0
198,0.00616932,-0.000585093,-0.57704,-0.00493436,-0.0025777,0
199,0.00521378,-0.000587327,-0.560759,-0.00531298,0.00867843,0
200,0.00425595,-0.000584529,-0.489625,-0.00532896,0.0198773,0
201,0.00330408,-0.000578132,-0.364544,-0.00378011,0.0297545,0
202,0.00234942,-0.0004682,-0.194054,-0.00314558,0.0367097,0
203,0.00148462,-9.20633e-006,-0.00219844,-0.00158247,0.0390265,0
204,0.00123419,1.6959e-016,-0.000612763,2.32019e-016,0.03731,0
205,0.00148462,9.20633e-006,-0.00219844,0.00158247,0.0390265,0
206,0.00234942,0.0004682,-0.194054,0.00314558,0.0367097,0
207,0.00330408,0.000578132,-0.364544,0.00378011,0.0297545,0
208,0.00425595,0.000584529,-0.489625,0.00532896,0.0198773,0
209,0.00521378,0.000587327,-0.560759,0.00531298,0.00867843,0
210,0.00616932,0.000585093,-0.57704,0.00493436,-0.0025777,0
211,0.00711389,0.000564896,-0.534305,0.00330613,-0.0124292,0
212,0.00805764,0.00048389,-0.455051,0.000761504,-0.0195213,0
213,0.00909222,0.000276084,-0.338606,-0.00325505,-0.0225283,0
214,0.010543,-1.30597e-005,-0.230326,-0.00939239,-0.020362,0
215,-0.010543,-1.30597e-005,-0.230326,-0.00939239,0.020362,0
216,-0.00909222,0.000276084,-0.338606,-0.00325505,0.0225283,0
217,-0.00805764,0.00048389,-0.455051,0.000761504,0.0195213,0
218,-0.00711389,0.000564896,-0.534305,0.00330613,0.0124292,0
219,-0.00616932,0.000585093,-0.57704,0.00493436,0.0025777,0
220,-0.00521378,0.000587327,-0.560759,0.00531298,-0.00867843,0
221,-0.00425595,0.000584529,-0.489625,0.00532896,-0.0198773,0
222,-0.00330408,0.000578132,-0.364544,0.00378011,-0.0297545,0
223,-0.00234942,0.0004682,-0.194054,0.00314558,-0.0367097,0
224,-0.00148462,9.20633e-006,-0.00219844,0.00158247,-0.0390265,0
225,-0.00123419,2.70575e-016,-0.000612763,-1.46801e-016,-0.03731,0
226,-0.00148462,-9.20633e-006,-0.00219844,-0.00158247,-0.0390265,0
227,-0.00234942,-0.0004682,-0.194054,-0.00314558,-0.0367097,0
228,-0.00330408,-0.000578132,-0.364544,-0.00378011,-0.0297545,0
229,-0.00425595,-0.000584529,-0.489625,-0.00532896,-0.0198773,0
230,-0.00521378,-0.000587327,-0.560759,-0.00531298,-0.00867843,0
231,-0.00616932,-0.000585093,-0.57704,-0.00493436,0.0025777,0
232,-0.00711389,-0.000564896,-0.534305,-0.00330613,0.0124292,0
233,-0.00805764,-0.00048389,-0.455051,-0.000761504,0.0195213,0
234,-0.00909222,-0.000276084,-0.338606,0.00325505,0.0225283,0
235,-0.010543,1.30597e-005,-0.230326,0.00939239,0.020362,0
236,-0.010607,0.000458648,-0.199299,-0.00628093,-0.00569786,0
237,-0.0101293,3.72172e-014,-0.224764,6.73791e-015,-0.000683828,0
238,-0.010607,-0.000458648,-0.199299,0.00628093,-0.00569786,0
239,-0.0104769,0.000172732,-0.243162,-0.00333092,-0.0106431,0
240,-0.0103518,4.29185e-014,-0.241921,6.94366e-015,-0.00734561,0
241,-0.0104769,-0.000172732,-0.243162,0.00333092,-0.0106431,0
242,-0.0102355,-5.6482e-006,-0.283235,-0.00112004,-0.0107354,0
243,-0.0102319,4.82493e-014,-0.295712,8.67752e-015,-0.00875977,0
244,-0.0102355,5.6482e-006,-0.283235,0.00112004,-0.0107354,0
245,-0.00996925,-6.97933e-005,-0.336258,-0.000242021,-0.00761733,0
246,-0.00998438,5.33251e-014,-0.327064,1.07371e-014,-0.0066058,0
247,-0.00996925,6.97933e-005,-0.336258,0.000242021,-0.00761733,0
248,-0.00970162,-8.31338e-005,-0.351497,0.000361604,-0.00274613,0
249,-0.00971149,5.81567e-014,-0.360742,1.24239e-014,-0.00257124,0
250,-0.00970162,8.31338e-005,-0.351497,-0.000361604,-0.00274613,0
251,-0.00943638,-8.36554e-005,-0.362646,1.39261e-005,0.00248415,0
252,-0.00944101,6.27542e-014,-0.35207,1.3055e-014,0.00183061,0
253,-0.00943638,8.36554e-005,-0.362646,-1.39261e-005,0.00248415,0
254,-0.00917245,-8.74884e-005,-0.330927,-0.000617117,0.00665123,0
255,-0.00917279,6.71304e-014,-0.343632,1.31214e-014,0.0050777,0
256,-0.00917245,8.74884e-005,-0.330927,0.000617117,0.00665123,0
257,-0.00890674,-0.000103019,-0.308066,-0.00246009,0.00833234,0
258,-0.00889501,7.12965e-014,-0.3024,1.34888e-014,0.0055264,0
259,-0.00890674,0.000103019,-0.308066,0.00246009,0.00833234,0
260,-0.00863075,-0.000129377,-0.265931,-0.00501827,0.00589337,0
261,-0.00858597,7.52789e-014,-0.291251,1.41207e-014,0.00152816,0
262,-0.00863075,0.000129377,-0.265931,0.00501827,0.00589337,0
263,-0.00798864,-6.32707e-005,-0.292957,-0.00494407,-0.0113221,0
264,-0.00794396,8.2638e-014,-0.318577,1.84917e-014,-0.00684279,0
265,-0.00798864,6.32707e-005,-0.292957,0.00494407,-0.0113221,0
266,-0.0076225,-9.00843e-005,-0.361839,-0.00230206,-0.0133778,0
267,-0.00761081,8.59043e-014,-0.354802,2.02516e-014,-0.0104608,0
268,-0.0076225,9.00843e-005,-0.361839,0.00230206,-0.0133778,0
269,-0.00724593,-0.000106936,-0.406937,-0.000393115,-0.0110688,0
270,-0.00724551,8.88708e-014,-0.420557,2.24699e-014,-0.00937884,0
271,-0.00724593,0.000106936,-0.406937,0.000393115,-0.0110688,0
272,-0.00686697,-0.000113238,-0.460089,0.000335443,-0.00601234,0
273,-0.00686794,9.15485e-014,-0.446724,2.39953e-014,-0.00524236,0
274,-0.00686697,0.000113238,-0.460089,-0.000335443,-0.00601234,0
275,-0.00648767,-0.000114587,-0.461274,0.00074418,0.000351791,0
276,-0.00648735,9.39469e-014,-0.472076,2.44782e-014,0.000304378,0
277,-0.00648767,0.000114587,-0.461274,-0.00074418,0.000351791,0
278,-0.0061083,-0.000112788,-0.457132,0.000266419,0.00662038,0
279,-0.00610669,9.60709e-014,-0.443604,2.26381e-014,0.00574893,0
280,-0.0061083,0.000112788,-0.457132,-0.000266419,0.00662038,0
281,-0.00572926,-0.00010428,-0.401339,-0.000536385,0.0113811,0
282,-0.00572979,9.79279e-014,-0.415993,2.03765e-014,0.00958204,0
283,-0.00572926,0.00010428,-0.401339,0.000536385,0.0113811,0
284,-0.00535348,-8.11383e-005,-0.356939,-0.00253712,0.0132019,0
285,-0.00536962,9.95206e-014,-0.349469,1.85854e-014,0.0101467,0
286,-0.00535348,8.11383e-005,-0.356939,0.00253712,0.0132019,0
287,-0.00499208,-4.42e-005,-0.289727,-0.00530137,0.0104455,0
288,-0.00505371,1.00841e-013,-0.31762,1.84499e-014,0.00578954,0
289,-0.00499208,4.42e-005,-0.289727,0.00530137,0.0104455,0
290,-0.00439362,-0.000135337,-0.280077,-0.00531445,-0.00854033,0
291,-0.00445526,1.02779e-013,-0.308197,1.984e-014,-0.00390205,0
292,-0.00439362,0.000135337,-0.280077,0.00531445,-0.00854033,0
293,-0.00415655,-9.84298e-005,-0.338239,-0.00256153,-0.0113579,0
294,-0.0041727,1.03517e-013,-0.33044,2.18809e-014,-0.00832221,0
295,-0.00415655,9.84298e-005,-0.338239,0.00256153,-0.0113579,0
296,-0.00393387,-7.53718e-005,-0.373221,-0.000575895,-0.00964296,0
297,-0.00393435,1.04139e-013,-0.388563,2.37553e-014,-0.00786188,0
298,-0.00393387,7.53718e-005,-0.373221,0.000575895,-0.00964296,0
299,-0.00371439,-6.70194e-005,-0.421411,0.000216853,-0.00502684,0
300,-0.00371255,1.04647e-013,-0.407212,2.45364e-014,-0.00417579,0
301,-0.00371439,6.70194e-005,-0.421411,-0.000216853,-0.00502684,0
302,-0.00349515,-6.52729e-005,-0.417185,0.000676678,0.00105224,0
303,-0.00349419,1.05055e-013,-0.429163,2.49018e-014,0.00107997,0
304,-0.00349515,6.52729e-005,-0.417185,-0.000676678,0.00105224,0
305,-0.00327568,-6.56675e-005,-0.41071,0.000257232,0.00718809,0
306,-0.00327559,1.05371e-013,-0.39631,2.40801e-014,0.00639386,0
307,-0.00327568,6.56675e-005,-0.41071,-0.000257232,0.00718809,0
308,-0.00305598,-6.73881e-005,-0.351049,-0.00049567,0.0119708,0
309,-0.00305581,1.05604e-013,-0.36639,2.16216e-014,0.0102535,0
310,-0.00305598,6.73881e-005,-0.351049,0.00049567,0.0119708,0
311,-0.00283565,-7.15256e-005,-0.303872,-0.00242411,0.0139668,0
312,-0.00283286,1.05769e-013,-0.295428,1.79986e-014,0.0110091,0
313,-0.00283565,7.15256e-005,-0.303872,0.00242411,0.0139668,0
314,-0.00261282,-7.79543e-005,-0.231173,-0.00511312,0.011547,0
315,-0.00260216,1.0588e-013,-0.259194,1.49462e-014,0.00701165,0
316,-0.00261282,7.79543e-005,-0.231173,0.00511312,0.011547,0
317,-0.00214566,-6.21332e-005,-0.205505,-0.00513836,-0.00642968,0
318,-0.00213501,1.05979e-013,-0.233658,8.00347e-015,-0.00193091,0
319,-0.00214566,6.21332e-005,-0.205505,0.00513836,-0.00642968,0
320,-0.00190132,-6.84935e-005,-0.253092,-0.00247414,-0.00897431,0
321,-0.00189863,1.05961e-013,-0.244635,6.5269e-015,-0.00605389,0
322,-0.00190132,6.84935e-005,-0.253092,0.00247414,-0.00897431,0
323,-0.00165453,-7.25593e-005,-0.275714,-0.000571521,-0.00718772,0
324,-0.00165468,1.05904e-013,-0.291454,5.14627e-015,-0.00550713,0
325,-0.00165453,7.25593e-005,-0.275714,0.000571521,-0.00718772,0
326,-0.00140721,-7.46098e-005,-0.312495,0.000156786,-0.00269696,0
327,-0.00140773,1.05823e-013,-0.298064,3.25163e-015,-0.00194043,0
328,-0.00140721,7.46098e-005,-0.312495,-0.000156786,-0.00269696,0
329,-0.00115968,-7.70008e-005,-0.297194,0.000549482,0.0030623,0
330,-0.00115899,1.05728e-013,-0.309848,1.77592e-015,0.002997,0
331,-0.00115968,7.70008e-005,-0.297194,-0.000549482,0.0030623,0
332,-0.000911298,-8.15423e-005,-0.282455,6.41882e-005,0.00868221,0
333,-0.000905967,1.0563e-013,-0.268201,6.77843e-016,0.00779155,0
334,-0.000911298,8.15423e-005,-0.282455,-6.41882e-005,0.00868221,0
335,-0.000660045,-8.50381e-005,-0.216933,-0.000757878,0.0127543,0
336,-0.00064376,1.05541e-013,-0.23325,3.02709e-016,0.0109318,0
337,-0.000660045,8.50381e-005,-0.216933,0.000757878,0.0127543,0
338,-0.000405378,-7.00976e-005,-0.168597,-0.0027741,0.0138422,0
339,-0.000370383,1.0547e-013,-0.160721,9.15067e-016,0.0107588,0
340,-0.000405378,7.00976e-005,-0.168597,0.0027741,0.0138422,0
341,-0.000136448,5.8611e-005,-0.0992215,-0.00556675,0.0103102,0
342,-0.000149019,1.05431e-013,-0.128675,1.47462e-015,0.00561621,0
343,-0.000136448,-5.8611e-005,-0.0992215,0.00556675,0.0103102,0
344,0.000136448,5.8611e-005,-0.0992215,-0.00556675,-0.0103102,0
345,0.000149019,1.05531e-013,-0.128675,2.94404e-015,-0.00561621,0
346,0.000136448,-5.8611e-005,-0.0992215,0.00556675,-0.0103102,0
347,0.000405378,-7.00976e-005,-0.168597,-0.0027741,-0.0138422,0
348,0.000370383,1.05677e-013,-0.160721,3.2422e-015,-0.0107588,0
349,0.000405378,7.00976e-005,-0.168597,0.0027741,-0.0138422,0
350,0.000660045,-8.50381e-005,-0.216933,-0.000757878,-0.0127543,0
351,0.00064376,1.05867e-013,-0.23325,3.43128e-015,-0.0109318,0
352,0.000660045,8.50381e-005,-0.216933,0.000757878,-0.0127543,0
353,0.000911298,-8.15423e-005,-0.282455,6.41882e-005,-0.00868221,0
354,0.000905967,1.06096e-013,-0.268201,3.53537e-015,-0.00779155,0
355,0.000911298,8.15423e-005,-0.282455,-6.41882e-005,-0.00868221,0
356,0.00115968,-7.70008e-005,-0.297194,0.000549482,-0.0030623,0
357,0.00115899,1.0636e-013,-0.309848,4.67681e-015,-0.002997,0
358,0.00115968,7.70008e-005,-0.297194,-0.000549482,-0.0030623,0
359,0.00140721,-7.46098e-005,-0.312495,0.000156786,0.00269696,0
360,0.00140773,1.06657e-013,-0.298064,6.06676e-015,0.00194043,0
361,0.00140721,7.46098e-005,-0.312495,-0.000156786,0.00269696,0
362,0.00165453,-7.25593e-005,-0.275714,-0.000571521,0.00718772,0
363,0.00165468,1.06985e-013,-0.291454,6.20034e-015,0.00550713,0
364,0.00165453,7.25593e-005,-0.275714,0.000571521,0.00718772,0
365,0.00190132,-6.84935e-005,-0.253092,-0.00247414,0.00897431,0
366,0.00189863,1.07339e-013,-0.244635,7.31186e-015,0.00605389,0
367,0.00190132,6.84935e-005,-0.253092,0.00247414,0.00897431,0
368,0.00214566,-6.21332e-005,-0.205505,-0.00513836,0.00642968,0
369,0.00213501,1.07718e-013,-0.233658,8.01426e-015,0.00193091,0
370,0.00214566,6.21332e-005,-0.205505,0.00513836,0.00642968,0
371,0.00261282,-7.79543e-005,-0.231173,-0.00511312,-0.011547,0
372,0.00260216,1.08521e-013,-0.259194,6.35646e-015,-0.00701165,0
373,0.00261282,7.79543e-005,-0.231173,0.00511312,-0.011547,0
374,0.00283565,-7.15256e-005,-0.303872,-0.00242411,-0.0139668,0
375,0.00283286,1.08917e-013,-0.295428,4.89279e-015,-0.0110091,0
376,0.00283565,7.15256e-005,-0.303872,0.00242411,-0.0139668,0
377,0.00305598,-6.73881e-005,-0.351049,-0.00049567,-0.0119708,0
378,0.00305581,1.09297e-013,-0.36639,3.77042e-015,-0.0102535,0
379,0.00305598,6.73881e-005,-0.351049,0.00049567,-0.0119708,0
380,0.00327568,-6.56675e-005,-0.41071,0.000257232,-0.00718809,0
381,0.00327559,1.0966e-013,-0.39631,4.01025e-015,-0.00639386,0
382,0.00327568,6.56675e-005,-0.41071,-0.000257232,-0.00718809,0
383,0.00349515,-6.52729e-005,-0.417185,0.000676678,-0.00105224,0
384,0.00349419,1.10002e-013,-0.429163,4.87522e-015,-0.00107997,0
385,0.00349515,6.52729e-005,-0.417185,-0.000676678,-0.00105224,0
386,0.00371439,-6.70194e-005,-0.421411,0.000216853,0.00502684,0
387,0.00371255,1.10321e-013,-0.407212,4.84638e-015,0.00417579,0
388,0.00371439,6.70194e-005,-0.421411,-0.000216853,0.00502684,0
389,0.00393387,-7.53718e-005,-0.373221,-0.000575895,0.00964296,0
390,0.00393435,1.10612e-013,-0.388563,7.38081e-015,0.00786188,0
391,0.00393387,7.53718e-005,-0.373221,0.000575895,0.00964296,0
392,0.00415655,-9.84298e-005,-0.338239,-0.00256153,0.0113579,0
393,0.0041727,1.10874e-013,-0.33044,1.0502e-014,0.00832221,0
394,0.00415655,9.84298e-005,-0.338239,0.00256153,0.0113579,0
395,0.00439362,-0.000135337,-0.280077,-0.00531445,0.00854033,0
396,0.00445526,1.11147e-013,-0.308197,1.27726e-014,0.00390205,0
397,0.00439362,0.000135337,-0.280077,0.00531445,0.00854033,0
398,0.00499208,-4.42e-005,-0.289727,-0.00530137,-0.0104455,0
399,0.00505371,1.11419e-013,-0.31762,1.21333e-014,-0.00578954,0
400,0.00499208,4.42e-005,-0.289727,0.00530137,-0.0104455,0
401,0.00535348,-8.11383e-005,-0.356939,-0.00253712,-0.0132019,0
402,0.00536962,1.11054e-013,-0.349469,1.00367e-014,-0.0101467,0
403,0.00535348,8.11383e-005,-0.356939,0.00253712,-0.0132019,0
404,0.00572926,-0.00010428,-0.401339,-0.000536385,-0.0113811,0
405,0.00572979,1.10261e-013,-0.415993,8.01486e-015,-0.00958204,0
406,0.00572926,0.00010428,-0.401339,0.000536385,-0.0113811,0
407,0.0061083,-0.000112788,-0.457132,0.000266419,-0.00662038,0
408,0.00610669,1.09082e-013,-0.443604,5.95444e-015,-0.00574893,0
409,0.0061083,0.000112788,-0.457132,-0.000266419,-0.00662038,0
410,0.00648767,-0.000114587,-0.461274,0.00074418,-0.000351791,0
411,0.00648735,1.07509e-013,-0.472076,3.87722e-015,-0.000304378,0
412,0.00648767,0.000114587,-0.461274,-0.00074418,-0.000351791,0
413,0.00686697,-0.000113238,-0.460089,0.000335443,0.00601234,0
414,0.00686794,1.05536e-013,-0.446724,4.84465e-015,0.00524236,0
415,0.00686697,0.000113238,-0.460089,-0.000335443,0.00601234,0
416,0.00724593,-0.000106936,-0.406937,-0.000393115,0.0110688,0
417,0.00724551,1.03163e-013,-0.420557,8.32537e-015,0.00937884,0
418,0.00724593,0.000106936,-0.406937,0.000393115,0.0110688,0
419,0.0076225,-9.00843e-005,-0.361839,-0.00230206,0.0133778,0
420,0.00761081,1.00385e-013,-0.354802,1.02149e-014,0.0104608,0
421,0.0076225,9.00843e-005,-0.361839,0.00230206,0.0133778,0
422,0.00798864,-6.32707e-005,-0.292957,-0.00494407,0.0113221,0
423,0.00794396,9.71921e-014,-0.318577,1.31766e-014,0.00684279,0
424,0.00798864,6.32707e-005,-0.292957,0.00494407,0.0113221,0
425,0.00863075,-0.000129377,-0.265931,-0.00501827,-0.00589337,0
426,0.00858597,8.96047e-014,-0.291251,1.42173e-014,-0.00152816,0
427,0.00863075,0.000129377,-0.265931,0.00501827,-0.00589337,0
428,0.00890674,-0.000103019,-0.308066,-0.00246009,-0.00833234,0
429,0.00889501,8.52903e-014,-0.3024,1.34875e-014,-0.0055264,0
430,0.00890674,0.000103019,-0.308066,0.00246009,-0.00833234,0
431,0.00917245,-8.74884e-005,-0.330927,-0.000617117,-0.00665123,0
432,0.00917279,8.06492e-014,-0.343632,1.26431e-014,-0.0050777,0
433,0.00917245,8.74884e-005,-0.330927,0.000617117,-0.00665123,0
434,0.00943638,-8.36554e-005,-0.362646,1.39261e-005,-0.00248415,0
435,0.00944101,7.56709e-014,-0.35207,1.25263e-014,-0.00183061,0
436,0.00943638,8.36554e-005,-0.362646,-1.39261e-005,-0.00248415,0
437,0.00970162,-8.31338e-005,-0.351497,0.000361604,0.00274613,0
438,0.00971149,7.03543e-014,-0.360742,1.15324e-014,0.00257124,0
439,0.00970162,8.31338e-005,-0.351497,-0.000361604,0.00274613,0
440,0.00996925,-6.97933e-005,-0.336258,-0.000242021,0.00761733,0
441,0.00998438,6.46996e-014,-0.327064,1.24662e-014,0.0066058,0
442,0.00996925,6.97933e-005,-0.336258,0.000242021,0.00761733,0
443,0.0102355,-5.6482e-006,-0.283235,-0.00112004,0.0107354,0
444,0.0102319,5.8705e-014,-0.295712,1.28608e-014,0.00875977,0
445,0.0102355,5.6482e-006,-0.283235,0.00112004,0.0107354,0
446,0.0104769,0.000172732,-0.243162,-0.00333092,0.0106431,0
447,0.0103518,5.23638e-014,-0.241921,1.21001e-014,0.00734561,0
448,0.0104769,-0.000172732,-0.243162,0.00333092,0.0106431,0
449,0.010607,0.000458648,-0.199299,-0.00628093,0.00569786,0
450,0.0101293,4.55605e-014,-0.224764,1.1652e-014,0.000683828,0
451,0.010607,-0.000458648,-0.199299,0.00628093,0.00569786,0
452,0.00990366,-0.000247672,-0.26151,-0.00595244,-0.017877,0
453,0.00942599,3.14174e-014,-0.284735,9.58868e-015,-0.012397,0
454,0.00990366,0.000247672,-0.26151,0.00595244,-0.017877,0
455,0.00907023,3.82885e-005,-0.359449,-0.00269848,-0.0212591,0
456,0.00894517,2.51266e-014,-0.359475,9.45424e-015,-0.017478,0
457,0.00907023,-3.82885e-005,-0.359449,0.00269848,-0.0212591,0
458,0.0081254,0.000216817,-0.448862,-0.000115468,-0.0187136,0
459,0.00812185,1.96436e-014,-0.454523,9.24521e-015,-0.0162481,0
460,0.0081254,-0.000216817,-0.448862,0.000115468,-0.0187136,0
461,0.00715578,0.000281408,-0.526688,0.00106607,-0.0119304,0
462,0.00717065,1.48445e-014,-0.520016,8.24557e-015,-0.0103833,0
463,0.00715578,-0.000281408,-0.526688,-0.00106607,-0.0119304,0
464,0.00618454,0.000295603,-0.557393,0.00214722,-0.00231226,0
465,0.00619315,1.07207e-014,-0.554837,5.7041e-015,-0.00153635,0
466,0.00618454,-0.000295603,-0.557393,-0.00214722,-0.00231226,0
467,0.00521509,0.00029638,-0.542598,0.00220553,0.00869897,0
468,0.00521631,7.26946e-015,-0.535473,4.53457e-015,0.00881473,0
469,0.00521509,-0.00029638,-0.542598,-0.00220553,0.00869897,0
470,0.00424646,0.000295713,-0.471079,0.00240419,0.0197583,0
471,0.00424027,4.48849e-015,-0.46561,3.53884e-015,0.0192712,0
472,0.00424646,-0.000295713,-0.471079,-0.00240419,0.0197583,0
473,0.00327499,0.000282788,-0.348943,0.00158077,0.0293898,0
474,0.00326673,2.37881e-015,-0.345521,1.34441e-015,0.0284044,0
475,0.00327499,-0.000282788,-0.348943,-0.00158077,0.0293898,0
476,0.00234113,0.000289341,-0.187782,0.000862602,0.0365923,0
477,0.00225566,9.27711e-016,-0.184142,1.31839e-016,0.0345547,0
478,0.00234113,-0.000289341,-0.187782,-0.000862602,0.0365923,0
479,-0.00990366,0.000247672,-0.26151,0.00595244,0.017877,0
480,-0.00942599,2.54341e-014,-0.284735,4.34115e-015,0.012397,0
481,-0.00990366,-0.000247672,-0.26151,-0.00595244,0.017877,0
482,-0.00907023,-3.82885e-005,-0.359449,0.00269848,0.0212591,0
483,-0.00894517,2.02471e-014,-0.359475,8.4481e-016,0.017478,0
484,-0.00907023,3.82885e-005,-0.359449,-0.00269848,0.0212591,0
485,-0.0081254,-0.000216817,-0.448862,0.000115468,0.0187136,0
486,-0.00812185,1.57795e-014,-0.454523,-2.27596e-015,0.0162481,0
487,-0.0081254,0.000216817,-0.448862,-0.000115468,0.0187136,0
488,-0.00715578,-0.000281408,-0.526688,-0.00106607,0.0119304,0
489,-0.00717065,1.19049e-014,-0.520016,-6.21421e-015,0.0103833,0
490,-0.00715578,0.000281408,-0.526688,0.00106607,0.0119304,0
491,-0.00618454,-0.000295603,-0.557393,-0.00214722,0.00231226,0
492,-0.00619315,8.59825e-015,-0.554837,-8.93252e-015,0.00153635,0
493,-0.00618454,0.000295603,-0.557393,0.00214722,0.00231226,0
494,-0.00521509,-0.00029638,-0.542598,-0.00220553,-0.00869897,0
495,-0.00521631,5.85286e-015,-0.535473,-1.10415e-014,-0.00881473,0
496,-0.00521509,0.00029638,-0.542598,0.00220553,-0.00869897,0
497,-0.00424646,-0.000295713,-0.471079,-0.00240419,-0.0197583,0
498,-0.00424027,3.65587e-015,-0.46561,-9.41174e-015,-0.0192712,0
499,-0.00424646,0.000295713,-0.471079,0.00240419,-0.0197583,0
500,-0.00327499,-0.000282788,-0.348943,-0.00158077,-0.0293898,0
501,-0.00326673,1.99903e-015,-0.345521,-6.7741e-015,-0.0284044,0
502,-0.00327499,0.000282788,-0.348943,0.00158077,-0.0293898,0
503,-0.00234113,-0.000289341,-0.187782,-0.000862602,-0.0365923,0
504,-0.00225566,8.63188e-016,-0.184142,-3.80685e-015,-0.0345547,0
505,-0.00234113,0.000289341,-0.187782,0.000862602,-0.0365923,0
506,0,0,0,0,0,0
507,0,0,0,0,0,0
508,0,0,0,0,0,0
509,0,0,0,0,0,0
510,-2.27141e-013,0.209752,-0.0793658,0,0,0
511,0.00387317,0.214639,-0.0194313,0,0,0
512,0.00713393,0.224813,-0.038122,0,0,0
513,-1.19939e-013,0.235546,-0.122701,0,0,0
514,0,0,0,0,0,0
515,0,0,0,0,0,0
516,-0.00713393,0.224813,-0.038122,0,0,0
517,-0.00387317,0.214639,-0.0194313,0,0,0
518,0,0,0,0,0,0
519,0,0,0,0,0,0
520,0,0,0,0,0,0
521,0,0,0,0,0,0
522,0,0,0,0,0,0
523,0,0,0,0,0,0
524,-1.96157e-013,0.219237,0.0123235,0,0,0
525,0.00231201,0.224576,-0.0381965,0,0,0
526,-0.00444374,0.218924,-0.00984006,0,0,0
527,-0.00392219,0.219776,-0.0513676,0,0,0
528,-0.00263417,0.219854,-0.0280864,0,0,0
529,-0.000745231,0.216218,-0.0732549,0,0,0
530,-0.00161452,0.000618782,-0.00242577,0,0,0
531,-0.00151176,0.000414326,-0.00290002,0,0,0
532,-0.00215913,-1.9345e-005,-0.00568057,0,0,0
533,-0.00210418,0.000206724,-0.00356054,0,0,0
534,-0.00175084,0.000340308,-0.00901889,0,0,0
535,-0.00230089,0.000404742,-0.00990937,0,0,0
536,-0.00188811,0.000635157,-0.0100248,0,0,0
537,-0.00153099,0.00230179,-0.0138123,0,0,0
538,-0.00247162,0.00146687,-0.0159469,0,0,0
539,3.38598e-007,0.00634866,-0.01436,0,0,0
540,-0.00177086,0.00500568,-0.0196041,0,0,0
541,-0.00201665,0.00758245,-0.0211327,0,0,0
542,-0.0012837,0.00984948,-0.0232259,0,0,0
543,-0.00187021,0.0125663,-0.0245067,0,0,0
544,-0.00132234,0.0155082,-0.0264805,0,0,0
545,-0.00164983,0.018998,-0.0278127,0,0,0
546,-0.0013092,0.0225876,-0.0295438,0,0,0
547,-0.00148072,0.0267806,-0.0309875,0,0,0
548,-0.00125004,0.0311221,-0.0324884,0,0,0
549,-0.00134122,0.0359858,-0.034,0,0,0
550,-0.00117758,0.0411282,-0.0353234,0,0,0
551,-0.00120833,0.0466791,-0.0368527,0,0,0
552,-0.00111401,0.0526446,-0.0380393,0,0,0
553,-0.00106424,0.0589169,-0.0395496,0,0,0
554,-0.00107674,0.0657215,-0.040635,0,0,0
555,-0.000892594,0.0727555,-0.0420801,0,0,0
556,-0.00108093,0.0804158,-0.0431275,0,0,0
557,-0.000681303,0.0882513,-0.0444106,0,0,0
558,-0.00113362,0.0967957,-0.0455646,0,0,0
559,-0.000429523,0.105456,-0.0464655,0,0,0
560,-0.00123196,0.114941,-0.0480479,0,0,0
561,-0.000132063,0.124435,-0.0481071,0,0,0
562,-0.00141444,0.134889,-0.0507297,0,0,0
563,0.000332803,0.145385,-0.0492049,0,0,0
564,-0.00195586,0.156441,-0.05362,0,0,0
565,0.00144645,0.168892,-0.050051,0,0,0
566,-0.00359844,0.178918,-0.055837,0,0,0
567,0.00394124,0.195918,-0.0523782,0,0,0
568,-0.00690971,0.201766,-0.0552401,0,0,0
569,-1.33441e-013,0.195562,-0.0284457,0,0,0
570,-1.1641e-013,0.201307,-0.068097,0,0,0
571,-1.15129e-013,0.175652,-0.0467511,0,0,0
572,-1.05237e-013,0.17167,-0.055335,0,0,0
573,-1.02061e-013,0.155321,-0.0510328,0,0,0
574,-9.22479e-014,0.146622,-0.0506082,0,0,0
575,-9.00407e-014,0.134833,-0.0503883,0,0,0
576,-8.10875e-014,0.125061,-0.0483516,0,0,0
577,-7.83003e-014,0.115239,-0.0483176,0,0,0
578,-6.96693e-014,0.105944,-0.0464499,0,0,0
579,-6.72017e-014,0.0971664,-0.0459819,0,0,0
580,-6.04599e-014,0.0887414,-0.044359,0,0,0
581,-5.63397e-014,0.0808109,-0.0435881,0,0,0
582,-5.11058e-014,0.0732457,-0.0420476,0,0,0
583,-4.69817e-014,0.0661644,-0.0411048,0,0,0
584,-4.16628e-014,0.0593782,-0.039565,0,0,0
585,-3.85783e-014,0.0531621,-0.0384959,0,0,0
586,-3.39463e-014,0.0470886,-0.0369359,0,0,0
587,-3.03411e-014,0.04174,-0.0357526,0,0,0
588,-2.66677e-014,0.0363232,-0.0341652,0,0,0
589,-2.35777e-014,0.0318512,-0.0328732,0,0,0
590,-1.98652e-014,0.0270143,-0.0312667,0,0,0
591,-1.69152e-014,0.0234724,-0.029827,0,0,0
592,-1.39221e-014,0.0190739,-0.0283094,0,0,0
593,-1.17886e-014,0.0166055,-0.0265005,0,0,0
594,-8.90035e-015,0.0123991,-0.0254807,0,0,0
595,-7.4175e-015,0.0112532,-0.0226642,0,0,0
596,-4.81107e-015,0.00686808,-0.0230556,0,0,0
597,-4.14275e-015,0.0076426,-0.0182078,0,0,0
598,-1.72092e-015,0.00391782,-0.0149044,0,0,0
599,9.87641e-016,0.0015351,-0.0151441,0,0,0
600,-1.00518e-016,0.00157384,-0.016309,0,0,0
601,2.7632e-015,0.000154162,-0.0110292,0,0,0
602,-8.79641e-016,0.00100967,-0.00830816,0,0,0
603,7.70063e-015,9.88274e-005,-0.0120068,0,0,0
604,-7.80971e-016,0.000287925,-0.00429153,0,0,0
605,2.10536e-015,0.000466729,-0.00380668,0,0,0
606,2.86297e-016,0.000786097,-0.00153596,0,0,0
607,-0.0023833,0.209418,-0.0217876,0,0,0
608,0.000782007,0.191632,-0.0324349,0,0,0
609,0.000770089,0.180406,-0.0263733,0,0,0
610,-0.00121225,0.168534,-0.0297252,0,0,0
611,0.00155279,0.155606,-0.0284064,0,0,0
612,-0.00134758,0.145932,-0.0290952,0,0,0
613,0.00115515,0.133805,-0.0288064,0,0,0
614,-0.000965485,0.124754,-0.0288883,0,0,0
615,0.000603073,0.114091,-0.0287197,0,0,0
616,-0.000641837,0.105437,-0.0285462,0,0,0
617,0.00018832,0.0961212,-0.0283779,0,0,0
618,-0.00047871,0.0880072,-0.0280107,0,0,0
619,-8.7494e-005,0.0798123,-0.0277946,0,0,0
620,-0.000435285,0.0723675,-0.0272934,0,0,0
621,-0.000277143,0.0651378,-0.0269793,0,0,0
622,-0.000461926,0.0584176,-0.0263913,0,0,0
623,-0.000422325,0.0520654,-0.0259524,0,0,0
624,-0.000525437,0.0460759,-0.0252965,0,0,0
625,-0.000549203,0.0405556,-0.0247317,0,0,0
626,-0.000605786,0.0352734,-0.0240057,0,0,0
627,-0.000672676,0.0305662,-0.0233272,0,0,0
628,-0.00069433,0.0259525,-0.0225246,0,0,0
629,-0.000793386,0.022048,-0.0217352,0,0,0
630,-0.000800502,0.018076,-0.0208814,0,0,0
631,-0.000887568,0.0149327,-0.0199102,0,0,0
632,-0.000958548,0.0116339,-0.0191632,0,0,0
633,-0.000925024,0.00914612,-0.0177167,0,0,0
634,-0.001157,0.00660525,-0.0175291,0,0,0
635,-0.00128605,0.00467058,-0.0150527,0,0,0
636,0.000378752,0.00334513,-0.0122893,0,0,0
637,-0.00160966,0.00202983,-0.0130288,0,0,0
638,-0.00139391,0.000171542,-0.0123386,0,0,0
639,-0.00142931,0.000194377,-0.00880867,0,0,0
640,-0.00174646,-0.000587094,-0.0093646,0,0,0
641,-0.00172851,-0.000753927,-0.00813866,0,0,0
642,-0.00185315,-0.00093734,-0.00416385,0,0,0
643,-0.00190555,-0.000670267,-0.00511193,0,0,0
644,-0.00168879,-0.000668503,-0.00345803,0,0,0
645,-0.00148526,-0.000855437,-0.00236011,0,0,0
646,-9.46355e-016,-0.0008256,-0.00178305,0,0,0
647,-1.12584e-015,-0.00102583,-0.00357152,0,0,0
648,-4.76543e-015,-0.000476953,-0.00487494,0,0,0
649,-1.10143e-015,-0.000738063,-0.0102886,0,0,0
650,-9.4405e-015,-0.000773453,-0.00826292,0,0,0
651,-9.7826e-015,-0.000130108,-0.0101611,0,0,0
652,-1.43075e-014,0.000631008,-0.0141972,0,0,0
653,-1.66644e-014,0.000195063,-0.0132613,0,0,0
654,-2.14749e-014,0.00288931,-0.0131273,0,0,0
655,-2.42204e-014,0.00240663,-0.0198582,0,0,0
656,-2.96818e-014,0.00518064,-0.0153861,0,0,0
657,-3.36801e-014,0.00730952,-0.0178601,0,0,0
658,-3.90037e-014,0.00947735,-0.0181333,0,0,0
659,-4.38393e-014,0.0123243,-0.0193714,0,0,0
660,-4.96498e-014,0.0153642,-0.0203206,0,0,0
661,-5.50746e-014,0.018659,-0.0210653,0,0,0
662,-6.11975e-014,0.0225581,-0.0220833,0,0,0
663,-6.74635e-014,0.0264563,-0.0227341,0,0,0
664,-7.42495e-014,0.0311115,-0.0235936,0,0,0
665,-8.10278e-014,0.0357275,-0.0242472,0,0,0
666,-8.78249e-014,0.0411112,-0.0249174,0,0,0
667,-9.51791e-014,0.0464918,-0.0255664,0,0,0
668,-1.03177e-013,0.052627,-0.0260618,0,0,0
669,-1.10481e-013,0.0587914,-0.0266839,0,0,0
670,-1.18701e-013,0.0657132,-0.0270278,0,0,0
671,-1.27262e-013,0.0726881,-0.0275757,0,0,0
672,-1.3521e-013,0.0804155,-0.0278498,0,0,0
673,-1.4372e-013,0.0882542,-0.0281662,0,0,0
674,-1.5243e-013,0.0967876,-0.0286255,0,0,0
675,-1.59716e-013,0.105542,-0.0283129,0,0,0
676,-1.69918e-013,0.11495,-0.0294953,0,0,0
677,-1.78144e-013,0.124487,-0.0278993,0,0,0
678,-1.86821e-013,0.135238,-0.0304178,0,0,0
679,-1.93777e-013,0.144712,-0.0272682,0,0,0
680,-2.02217e-013,0.158421,-0.0304312,0,0,0
681,-2.09514e-013,0.165364,-0.0283306,0,0,0
682,-2.16466e-013,0.185647,-0.0262363,0,0,0
683,-2.21385e-013,0.185697,-0.0363579,0,0,0
684,-2.34164e-013,0.21652,-0.00917735,0,0,0
685,0,0,0,0,0,0
686,0,0,0,0,0,0
687,0,0,0,0,0,0
688,0,0,0,0,0,0
689,0,0,0,0,0,0
690,0.000745231,0.216218,-0.0732549,0,0,0
691,0.00263417,0.219854,-0.0280864,0,0,0
692,0.00392219,0.219776,-0.0513676,0,0,0
693,0.00444374,0.218924,-0.00984006,0,0,0
694,-0.00231201,0.224576,-0.0381965,0,0,0
695,0.00148526,-0.000855437,-0.00236011,0,0,0
696,0.00168879,-0.000668503,-0.00345803,0,0,0
697,0.00190555,-0.000670267,-0.00511193,0,0,0
698,0.00185315,-0.00093734,-0.00416385,0,0,0
699,0.00172851,-0.000753927,-0.00813866,0,0,0
700,0.00174646,-0.000587094,-0.0093646,0,0,0
701,0.00142931,0.000194377,-0.00880867,0,0,0
702,0.00139391,0.000171542,-0.0123386,0,0,0
703,0.00160966,0.00202983,-0.0130288,0,0,0
704,-0.000378752,0.00334513,-0.0122893,0,0,0
705,0.00128605,0.00467058,-0.0150527,0,0,0
706,0.001157,0.00660525,-0.0175291,0,0,0
707,0.000925024,0.00914612,-0.0177167,0,0,0
708,0.000958548,0.0116339,-0.0191632,0,0,0
709,0.000887568,0.0149327,-0.0199102,0,0,0
710,0.000800502,0.018076,-0.0208814,0,0,0
711,0.000793386,0.022048,-0.0217352,0,0,0
712,0.00069433,0.0259525,-0.0225246,0,0,0
713,0.000672676,0.0305662,-0.0233272,0,0,0
714,0.000605786,0.0352734,-0.0240057,0,0,0
715,0.000549203,0.0405556,-0.0247317,0,0,0
716,0.000525437,0.0460759,-0.0252965,0,0,0
717,0.000422325,0.0520654,-0.0259524,0,0,0
718,0.000461926,0.0584176,-0.0263913,0,0,0
719,0.000277143,0.0651378,-0.0269793,0,0,0
720,0.000435285,0.0723675,-0.0272934,0,0,0
721,8.7494e-005,0.0798123,-0.0277946,0,0,0
722,0.00047871,0.0880072,-0.0280107,0,0,0
723,-0.00018832,0.0961212,-0.0283779,0,0,0
724,0.000641837,0.105437,-0.0285462,0,0,0
725,-0.000603073,0.114091,-0.0287197,0,0,0
726,0.000965485,0.124754,-0.0288883,0,0,0
727,-0.00115515,0.133805,-0.0288064,0,0,0
728,0.00134758,0.145932,-0.0290952,0,0,0
729,-0.00155279,0.155606,-0.0284064,0,0,0
730,0.00121225,0.168534,-0.0297252,0,0,0
731,-0.000770089,0.180406,-0.0263733,0,0,0
732,-0.000782007,0.191632,-0.0324349,0,0,0
733,0.0023833,0.209418,-0.0217876,0,0,0
734,0.00690971,0.201766,-0.0552401,0,0,0
735,-0.00394124,0.195918,-0.0523782,0,0,0
736,0.00359844,0.178918,-0.055837,0,0,0
737,-0.00144645,0.168892,-0.050051,0,0,0
738,0.00195586,0.156441,-0.05362,0,0,0
739,-0.000332803,0.145385,-0.0492049,0,0,0
740,0.00141444,0.134889,-0.0507297,0,0,0
741,0.000132063,0.124435,-0.0481071,0,0,0
742,0.00123196,0.114941,-0.0480479,0,0,0
743,0.000429523,0.105456,-0.0464655,0,0,0
744,0.00113362,0.0967957,-0.0455646,0,0,0
745,0.000681303,0.0882513,-0.0444106,0,0,0
746,0.00108093,0.0804158,-0.0431275,0,0,0
747,0.000892594,0.0727555,-0.0420801,0,0,0
748,0.00107674,0.0657215,-0.040635,0,0,0
749,0.00106424,0.0589169,-0.0395496,0,0,0
750,0.00111401,0.0526446,-0.0380393,0,0,0
751,0.00120833,0.0466791,-0.0368527,0,0,0
752,0.00117758,0.0411282,-0.0353234,0,0,0
753,0.00134122,0.0359858,-0.034,0,0,0
754,0.00125004,0.0311221,-0.0324884,0,0,0
755,0.00148072,0.0267806,-0.0309875,0,0,0
756,0.0013092,0.0225876,-0.0295438,0,0,0
757,0.00164983,0.018998,-0.0278127,0,0,0
758,0.00132234,0.0155082,-0.0264805,0,0,0
759,0.00187021,0.0125663,-0.0245067,0,0,0
760,0.0012837,0.00984948,-0.0232259,0,0,0
761,0.00201665,0.00758245,-0.0211327,0,0,0
762,0.00177086,0.00500568,-0.0196041,0,0,0
763,-3.38598e-007,0.00634866,-0.01436,0,0,0
764,0.00247162,0.00146687,-0.0159469,0,0,0
765,0.00153099,0.00230179,-0.0138123,0,0,0
766,0.00188811,0.000635157,-0.0100248,0,0,0
767,0.00230089,0.000404742,-0.00990937,0,0,0
768,0.00175084,0.000340308,-0.00901889,0,0,0
769,0.00210418,0.000206724,-0.00356054,0,0,0
770,0.00215913,-1.9345e-005,-0.00568057,0,0,0
771,0.00151176,0.000414326,-0.00290002,0,0,0
772,0.00161452,0.000618782,-0.00242577,0,0,0
773,0,0,0,0,0,0
774,0,0,0,0,0,0
775,0.00492526,0.221641,-0.0612368,0,0,0
776,-0.00163913,0.219179,-0.0295917,0,0,0
777,-0.000277551,0.000842986,-0.00216928,0,0,0
778,-0.000585803,0.000995313,-0.00168119,0,0,0
779,-0.00054102,0.00044955,-0.0024145,0,0,0
780,-0.00127222,0.000114272,-0.00312734,0,0,0
781,-0.000684443,0.000189285,-0.00630047,0,0,0
782,-0.00133189,0.000375779,-0.00543357,0,0,0
783,-0.000668681,0.000568494,-0.00304302,0,0,0
784,-0.00143074,0.000315682,-0.00977964,0,0,0
785,-0.000722224,0.000160737,-0.00966602,0,0,0
786,-0.00146077,0.000178232,-0.00888934,0,0,0
787,-0.000692089,0.00104351,-0.0106863,0,0,0
788,-0.00127443,0.000710177,-0.0107184,0,0,0
789,-0.000549169,0.000843979,-0.00982109,0,0,0
790,-0.00144057,0.00122532,-0.0151197,0,0,0
791,-0.000722645,0.00244357,-0.0144791,0,0,0
792,-0.00122684,0.0012417,-0.0144566,0,0,0
793,-0.000568323,0.00187885,-0.016907,0,0,0
794,-0.00109366,0.00374773,-0.0160545,0,0,0
795,-4.9299e-005,0.00703612,-0.0137689,0,0,0
796,-0.00219666,0.00162131,-0.021713,0,0,0
797,-0.000560066,0.00496006,-0.0206771,0,0,0
798,-0.00111488,0.00639389,-0.0195316,0,0,0
799,-0.000569627,0.00842443,-0.0212733,0,0,0
800,-0.000919273,0.00761188,-0.0218347,0,0,0
801,-0.000492974,0.0100173,-0.02368,0,0,0
802,-0.00127852,0.0102526,-0.0230083,0,0,0
803,-0.00057987,0.0132427,-0.0248458,0,0,0
804,-0.000870026,0.0127379,-0.0250994,0,0,0
805,-0.000448665,0.0158517,-0.0267526,0,0,0
806,-0.00118005,0.0159587,-0.0263872,0,0,0
807,-0.000550633,0.019553,-0.0281633,0,0,0
808,-0.000858003,0.0191323,-0.0282076,0,0,0
809,-0.000430901,0.0229962,-0.029797,0,0,0
810,-0.00106214,0.023026,-0.0296236,0,0,0
811,-0.000491367,0.0272839,-0.0312931,0,0,0
812,-0.000836218,0.026948,-0.0311992,0,0,0
813,-0.000427919,0.0315389,-0.0327394,0,0,0
814,-0.000949977,0.0314929,-0.0326978,0,0,0
815,-0.000421366,0.0364655,-0.0342733,0,0,0
816,-0.000805756,0.0362117,-0.0340815,0,0,0
817,-0.000432348,0.041536,-0.0355524,0,0,0
818,-0.000843966,0.0414223,-0.0356135,0,0,0
819,-0.000344441,0.0471406,-0.0371144,0,0,0
820,-0.00077675,0.0469615,-0.0368442,0,0,0
821,-0.000448993,0.0530428,-0.0382304,0,0,0
822,-0.000733827,0.0528674,-0.0383783,0,0,0
823,-0.000251303,0.0593547,-0.0398122,0,0,0
824,-0.000763447,0.0592491,-0.0394811,0,0,0
825,-0.000492372,0.066121,-0.0407827,0,0,0
826,-0.000604291,0.0658782,-0.0409881,0,0,0
827,-0.000123079,0.0731516,-0.0423429,0,0,0
828,-0.000782811,0.0731347,-0.0420026,0,0,0
829,-0.000586144,0.0808414,-0.0432444,0,0,0
830,-0.000437306,0.0805047,-0.0434178,0,0,0
831,6.87172e-005,0.0885755,-0.0446512,0,0,0
832,-0.000854083,0.0886866,-0.0444439,0,0,0
833,-0.000763005,0.0972788,-0.0456842,0,0,0
834,-0.000212556,0.0967965,-0.0456119,0,0,0
835,0.000358129,0.105683,-0.0466514,0,0,0
836,-0.000998571,0.105981,-0.0468759,0,0,0
837,-0.00105102,0.115493,-0.0481862,0,0,0
838,9.18392e-005,0.114811,-0.0474762,0,0,0
839,0.000752914,0.124572,-0.0482707,0,0,0
840,-0.00123638,0.12508,-0.0494021,0,0,0
841,-0.00141105,0.135492,-0.0507776,0,0,0
842,0.000491068,0.134666,-0.0489065,0,0,0
843,0.00113045,0.14542,-0.0495429,0,0,0
844,-0.00156652,0.145938,-0.0520809,0,0,0
845,-0.00159147,0.157216,-0.0533312,0,0,0
846,0.000953346,0.156676,-0.0499506,0,0,0
847,0.00106819,0.16845,-0.050658,0,0,0
848,-0.00192223,0.168229,-0.0546362,0,0,0
849,-0.00105185,0.180648,-0.0556784,0,0,0
850,0.00132001,0.181516,-0.0512629,0,0,0
851,-7.37632e-005,0.193678,-0.0514419,0,0,0
852,-0.00219951,0.191321,-0.055842,0,0,0
853,0.000485497,0.206398,-0.0608815,0,0,0
854,0.00113792,0.2098,-0.0531157,0,0,0
855,-0.000256257,-0.00106888,-0.00212467,0,0,0
856,-0.00063437,-0.00111377,-0.00198328,0,0,0
857,-0.000569782,-0.000681215,-0.00292319,0,0,0
858,-0.00116159,-0.00052149,-0.00287228,0,0,0
859,-0.000579864,-0.000776182,-0.00560317,0,0,0
860,-0.00133938,-0.000823758,-0.00618051,0,0,0
861,-0.000609722,-0.000922914,-0.00383171,0,0,0
862,-0.00134706,-0.00078011,-0.00887894,0,0,0
863,-0.000754187,-0.000342542,-0.00866801,0,0,0
864,-0.00118447,-0.000527364,-0.00902074,0,0,0
865,-0.000506556,-0.000491492,-0.00992869,0,0,0
866,-0.00115268,-0.000387066,-0.00984678,0,0,0
867,-0.000425623,0.000348291,-0.00886243,0,0,0
868,-0.00123616,5.97927e-006,-0.0138672,0,0,0
869,-0.000738294,0.000905721,-0.012848,0,0,0
870,-0.000809202,0.0011668,-0.0125354,0,0,0
871,-0.000330973,0.00187168,-0.0138242,0,0,0
872,-0.000976948,0.00166065,-0.0143661,0,0,0
873,7.07298e-005,0.00389704,-0.0119486,0,0,0
874,-0.00184697,0.00279822,-0.0177049,0,0,0
875,-0.000526318,0.00504836,-0.0158706,0,0,0
876,-0.000692767,0.00492986,-0.0168055,0,0,0
877,-0.000307632,0.00705838,-0.017583,0,0,0
878,-0.000659396,0.00704311,-0.0167254,0,0,0
879,-0.000354327,0.00960224,-0.0180982,0,0,0
880,-0.000713094,0.00924246,-0.0184608,0,0,0
881,-0.000300106,0.0121617,-0.0194531,0,0,0
882,-0.000585386,0.0121636,-0.019048,0,0,0
883,-0.000293335,0.0153335,-0.0201279,0,0,0
884,-0.000608424,0.0149914,-0.0201859,0,0,0
885,-0.000275152,0.0186253,-0.0211765,0,0,0
886,-0.000531871,0.018594,-0.0209988,0,0,0
887,-0.000255894,0.022443,-0.0219432,0,0,0
888,-0.000522267,0.0221465,-0.0218701,0,0,0
889,-0.000231481,0.0264725,-0.0227698,0,0,0
890,-0.000466905,0.0263982,-0.0226881,0,0,0
891,-0.000232765,0.0309733,-0.0235369,0,0,0
892,-0.000445833,0.0307279,-0.0234176,0,0,0
893,-0.000179768,0.0357572,-0.0242136,0,0,0
894,-0.000397918,0.0356435,-0.0241756,0,0,0
895,-0.00021615,0.0409672,-0.0249244,0,0,0
896,-0.000377059,0.040768,-0.0247869,0,0,0
897,-0.000125848,0.0465318,-0.0254835,0,0,0
898,-0.000325942,0.0463846,-0.0254777,0,0,0
899,-0.000204337,0.0524716,-0.026117,0,0,0
900,-0.000317676,0.0523171,-0.0259637,0,0,0
901,-6.821e-005,0.0588531,-0.0265636,0,0,0
902,-0.0002476,0.0586678,-0.0265919,0,0,0
903,-0.000201816,0.0655323,-0.0271176,0,0,0
904,-0.000272428,0.0654365,-0.0269444,0,0,0
905,1.0796e-006,0.0727868,-0.027442,0,0,0
906,-0.00015649,0.0725378,-0.0275085,0,0,0
907,-0.000220253,0.0801932,-0.0279271,0,0,0
908,-0.000248528,0.0801962,-0.0277299,0,0,0
909,9.83414e-005,0.0884069,-0.0281055,0,0,0
910,-4.49187e-005,0.0880378,-0.0282127,0,0,0
911,-0.000280589,0.0965025,-0.0285444,0,0,0
912,-0.000252795,0.0966768,-0.028324,0,0,0
913,0.000247452,0.105784,-0.0285509,0,0,0
914,9.15986e-005,0.105211,-0.0286857,0,0,0
915,-0.00040372,0.114533,-0.0289358,0,0,0
916,-0.00028534,0.114962,-0.0287359,0,0,0
917,0.000453615,0.124957,-0.0288409,0,0,0
918,0.000247892,0.124125,-0.0288897,0,0,0
919,-0.000553698,0.13442,-0.0289523,0,0,0
920,-0.000335066,0.135085,-0.0290228,0,0,0
921,0.000600568,0.145897,-0.0292029,0,0,0
922,0.000413429,0.144965,-0.0286748,0,0,0
923,-0.000477274,0.156385,-0.0282372,0,0,0
924,-0.000404587,0.156891,-0.0294689,0,0,0
925,0.000224456,0.168524,-0.0300534,0,0,0
926,0.000609569,0.168225,-0.0274755,0,0,0
927,0.000486936,0.180659,-0.0263881,0,0,0
928,-0.000626114,0.179853,-0.0310007,0,0,0
929,-0.00158279,0.192833,-0.0315165,0,0,0
930,0.000917685,0.194793,-0.0238974,0,0,0
931,0.00326254,0.207289,-0.0256273,0,0,0
932,-0.000877649,0.203359,-0.0338088,0,0,0
933,2.91392e-016,-8.74882e-005,-0.00129221,0,0,0
934,-1.08273e-015,-0.000128013,-0.00362962,0,0,0
935,6.89354e-016,-0.000349057,-0.00548228,0,0,0
936,-6.69449e-015,-0.000178126,-0.00360878,0,0,0
937,-1.30273e-015,-5.75306e-005,-0.0090751,0,0,0
938,-5.67009e-015,0.000249136,-0.0107332,0,0,0
939,-5.87702e-015,0.000534263,-0.0091009,0,0,0
940,-9.17184e-015,0.00177013,-0.0135284,0,0,0
941,-1.03523e-014,0.0017012,-0.0163808,0,0,0
942,-1.43687e-014,0.00540276,-0.0117043,0,0,0
943,-1.60472e-014,0.00496869,-0.0192813,0,0,0
944,-1.97975e-014,0.00780887,-0.0189263,0,0,0
945,-2.28725e-014,0.00974646,-0.0211989,0,0,0
946,-2.68235e-014,0.0127782,-0.0221245,0,0,0
947,-3.04618e-014,0.0155364,-0.0234508,0,0,0
948,-3.48324e-014,0.0191528,-0.0247828,0,0,0
949,-3.93397e-014,0.0226715,-0.0258359,0,0,0
950,-4.38441e-014,0.026931,-0.0271227,0,0,0
951,-4.8609e-014,0.0312106,-0.0281491,0,0,0
952,-5.3755e-014,0.0361573,-0.0292736,0,0,0
953,-5.95319e-014,0.0412043,-0.0303058,0,0,0
954,-6.50099e-014,0.0468782,-0.0312715,0,0,0
955,-7.05606e-014,0.0527055,-0.032287,0,0,0
956,-7.71291e-014,0.0591428,-0.0331192,0,0,0
957,-8.31032e-014,0.0657707,-0.0340827,0,0,0
958,-8.91426e-014,0.073003,-0.0348306,0,0,0
959,-9.59957e-014,0.0804606,-0.0356525,0,0,0
960,-1.02555e-013,0.0885141,-0.0364656,0,0,0
961,-1.09058e-013,0.0968406,-0.0368966,0,0,0
962,-1.17382e-013,0.105736,-0.0381447,0,0,0
963,-1.22408e-013,0.114981,-0.0376739,0,0,0
964,-1.30232e-013,0.124733,-0.0399627,0,0,0
965,-1.36076e-013,0.134955,-0.0380149,0,0,0
966,-1.44956e-013,0.145582,-0.0415634,0,0,0
967,-1.50701e-013,0.156831,-0.0388541,0,0,0
968,-1.58335e-013,0.168382,-0.0410071,0,0,0
969,-1.64784e-013,0.180681,-0.0436209,0,0,0
970,-1.74021e-013,0.193153,-0.0329247,0,0,0
971,-1.74175e-013,0.206773,-0.0615913,0,0,0
972,-0.00142017,-6.15304e-005,-0.00189434,0,0,0
973,-0.00167713,-0.000170694,-0.00368182,0,0,0
974,-0.00204025,-0.000365241,-0.00539139,0,0,0
975,-0.00194364,-0.000249873,-0.00927851,0,0,0
976,-0.00202965,-0.000427705,-0.00858599,0,0,0
977,-0.0017672,0.000102372,-0.0102442,0,0,0
978,-0.00186309,0.000168152,-0.0139826,0,0,0
979,-0.00179493,0.00125501,-0.0132046,0,0,0
980,-0.0012485,0.00207829,-0.015324,0,0,0
981,-0.00319997,0.00227959,-0.0188428,0,0,0
982,-0.00127908,0.00503093,-0.0184696,0,0,0
983,-0.00128297,0.00726668,-0.0187034,0,0,0
984,-0.00140543,0.00916079,-0.0207592,0,0,0
985,-0.00120971,0.0123078,-0.0217667,0,0,0
986,-0.00122804,0.0149543,-0.0231798,0,0,0
987,-0.00115405,0.0186594,-0.0244042,0,0,0
988,-0.00109579,0.0221236,-0.0255968,0,0,0
989,-0.00105376,0.0264277,-0.0267968,0,0,0
990,-0.000994416,0.0306945,-0.027893,0,0,0
991,-0.00093713,0.0356537,-0.0290199,0,0,0
992,-0.000906642,0.0407173,-0.0300278,0,0,0
993,-0.000815577,0.0463783,-0.0310856,0,0,0
994,-0.000831162,0.0522473,-0.0319957,0,0,0
995,-0.000685352,0.0586462,-0.0329863,0,0,0
996,-0.000776555,0.0653441,-0.0338003,0,0,0
997,-0.000534068,0.0725054,-0.0347099,0,0,0
998,-0.000759425,0.0800722,-0.0354471,0,0,0
999,-0.000339815,0.0880068,-0.0362443,0,0,0
1000,-0.000807956,0.0965017,-0.0369353,0,0,0
1001,-6.84269e-005,0.105205,-0.0375915,0,0,0
1002,-0.000957665,0.114709,-0.0382385,0,0,0
1003,0.000304709,0.124158,-0.038785,0,0,0
1004,-0.00119379,0.134771,-0.0393095,0,0,0
1005,0.000677843,0.14494,-0.0398201,0,0,0
1006,-0.00125589,0.15676,-0.0402965,0,0,0
1007,0.000516664,0.167661,-0.0402071,0,0,0
1008,-0.000303915,0.180702,-0.0422874,0,0,0
1009,-0.00147406,0.192492,-0.0380183,0,0,0
1010,0.00313777,0.20667,-0.0460985,0,0,0
1011,0,0,0,0,0,0
1012,0,0,0,0,0,0
1013,-0.00492526,0.221641,-0.0612368,0,0,0
1014,0.00163913,0.219179,-0.0295917,0,0,0
1015,0.000256257,-0.00106888,-0.00212467,0,0,0
1016,0.00063437,-0.00111377,-0.00198328,0,0,0
1017,0.000569782,-0.000681215,-0.00292319,0,0,0
1018,0.00116159,-0.00052149,-0.00287228,0,0,0
1019,0.000579864,-0.000776182,-0.00560317,0,0,0
1020,0.00133938,-0.000823758,-0.00618051,0,0,0
1021,0.000609722,-0.000922914,-0.00383171,0,0,0
1022,0.00134706,-0.00078011,-0.00887894,0,0,0
1023,0.000754187,-0.000342542,-0.00866801,0,0,0
1024,0.00118447,-0.000527364,-0.00902074,0,0,0
1025,0.000506556,-0.000491492,-0.00992869,0,0,0
1026,0.00115268,-0.000387066,-0.00984678,0,0,0
1027,0.000425623,0.000348291,-0.00886243,0,0,0
1028,0.00123616,5.97927e-006,-0.0138672,0,0,0
1029,0.000738294,0.000905721,-0.012848,0,0,0
1030,0.000809202,0.0011668,-0.0125354,0,0,0
1031,0.000330973,0.00187168,-0.0138242,0,0,0
1032,0.000976948,0.00166065,-0.0143661,0,0,0
1033,-7.07298e-005,0.00389704,-0.0119486,0,0,0
1034,0.00184697,0.00279822,-0.0177049,0,0,0
1035,0.000526318,0.00504836,-0.0158706,0,0,0
1036,0.000692767,0.00492986,-0.0168055,0,0,0
1037,0.000307632,0.00705838,-0.017583,0,0,0
1038,0.000659396,0.00704311,-0.0167254,0,0,0
1039,0.000354327,0.00960224,-0.0180982,0,0,0
1040,0.000713094,0.00924246,-0.0184608,0,0,0
1041,0.000300106,0.0121617,-0.0194531,0,0,0
1042,0.000585386,0.0121636,-0.019048,0,0,0
1043,0.000293335,0.0153335,-0.0201279,0,0,0
1044,0.000608424,0.0149914,-0.0201859,0,0,0
1045,0.000275152,0.0186253,-0.0211765,0,0,0
1046,0.000531871,0.018594,-0.0209988,0,0,0
1047,0.000255894,0.022443,-0.0219432,0,0,0
1048,0.000522267,0.0221465,-0.0218701,0,0,0
1049,0.000231481,0.0264725,-0.0227698,0,0,0
1050,0.000466905,0.0263982,-0.0226881,0,0,0
1051,0.000232765,0.0309733,-0.0235369,0,0,0
1052,0.000445833,0.0307279,-0.0234176,0,0,0
1053,0.000179768,0.0357572,-0.0242136,0,0,0
1054,0.000397918,0.0356435,-0.0241756,0,0,0
1055,0.00021615,0.0409672,-0.0249244,0,0,0
1056,0.000377059,0.040768,-0.0247869,0,0,0
1057,0.000125848,0.0465318,-0.0254835,0,0,0
1058,0.000325942,0.0463846,-0.0254777,0,0,0
1059,0.000204337,0.0524716,-0.026117,0,0,0
1060,0.000317676,0.0523171,-0.0259637,0,0,0
1061,6.821e-005,0.0588531,-0.0265636,0,0,0
1062,0.0002476,0.0586678,-0.0265919,0,0,0
1063,0.000201816,0.0655323,-0.0271176,0,0,0
1064,0.000272428,0.0654365,-0.0269444,0,0,0
1065,-1.0796e-006,0.0727868,-0.027442,0,0,0
1066,0.00015649,0.0725378,-0.0275085,0,0,0
1067,0.000220253,0.0801932,-0.0279271,0,0,0
1068,0.000248528,0.0801962,-0.0277299,0,0,0
1069,-9.83414e-005,0.0884069,-0.0281055,0,0,0
1070,4.49187e-005,0.0880378,-0.0282127,0,0,0
1071,0.000280589,0.0965025,-0.0285444,0,0,0
1072,0.000252795,0.0966768,-0.028324,0,0,0
1073,-0.000247452,0.105784,-0.0285509,0,0,0
1074,-9.15986e-005,0.105211,-0.0286857,0,0,0
1075,0.00040372,0.114533,-0.0289358,0,0,0
1076,0.00028534,0.114962,-0.0287359,0,0,0
1077,-0.000453615,0.124957,-0.0288409,0,0,0
1078,-0.000247892,0.124125,-0.0288897,0,0,0
1079,0.000553698,0.13442,-0.0289523,0,0,0
1080,0.000335066,0.135085,-0.0290228,0,0,0
1081,-0.000600568,0.145897,-0.0292029,0,0,0
1082,-0.000413429,0.144965,-0.0286748,0,0,0
1083,0.000477274,0.156385,-0.0282372,0,0,0
1084,0.000404587,0.156891,-0.0294689,0,0,0
1085,-0.000224456,0.168524,-0.0300534,0,0,0
1086,-0.000609569,0.168225,-0.0274755,0,0,0
1087,-0.000486936,0.180659,-0.0263881,0,0,0
1088,0.000626114,0.179853,-0.0310007,0,0,0
1089,0.00158279,0.192833,-0.0315165,0,0,0
1090,-0.000917685,0.194793,-0.0238974,0,0,0
1091,-0.00326254,0.207289,-0.0256273,0,0,0
1092,0.000877649,0.203359,-0.0338088,0,0,0
1093,0.000277551,0.000842986,-0.00216928,0,0,0
1094,0.000585803,0.000995313,-0.00168119,0,0,0
1095,0.00054102,0.00044955,-0.0024145,0,0,0
1096,0.00127222,0.000114272,-0.00312734,0,0,0
1097,0.000684443,0.000189285,-0.00630047,0,0,0
1098,0.00133189,0.000375779,-0.00543357,0,0,0
1099,0.000668681,0.000568494,-0.00304302,0,0,0
1100,0.00143074,0.000315682,-0.00977964,0,0,0
1101,0.000722224,0.000160737,-0.00966602,0,0,0
1102,0.00146077,0.000178232,-0.00888934,0,0,0
1103,0.000692089,0.00104351,-0.0106863,0,0,0
1104,0.00127443,0.000710177,-0.0107184,0,0,0
1105,0.000549169,0.000843979,-0.00982109,0,0,0
1106,0.00144057,0.00122532,-0.0151197,0,0,0
1107,0.000722645,0.00244357,-0.0144791,0,0,0
1108,0.00122684,0.0012417,-0.0144566,0,0,0
1109,0.000568323,0.00187885,-0.016907,0,0,0
1110,0.00109366,0.00374773,-0.0160545,0,0,0
1111,4.9299e-005,0.00703612,-0.0137689,0,0,0
1112,0.00219666,0.00162131,-0.021713,0,0,0
1113,0.000560066,0.00496006,-0.0206771,0,0,0
1114,0.00111488,0.00639389,-0.0195316,0,0,0
1115,0.000569627,0.00842443,-0.0212733,0,0,0
1116,0.000919273,0.00761188,-0.0218347,0,0,0
1117,0.000492974,0.0100173,-0.02368,0,0,0
1118,0.00127852,0.0102526,-0.0230083,0,0,0
1119,0.00057987,0.0132427,-0.0248458,0,0,0
1120,0.000870026,0.0127379,-0.0250994,0,0,0
1121,0.000448665,0.0158517,-0.0267526,0,0,0
1122,0.00118005,0.0159587,-0.0263872,0,0,0
1123,0.000550633,0.019553,-0.0281633,0,0,0
1124,0.000858003,0.0191323,-0.0282076,0,0,0
1125,0.000430901,0.0229962,-0.029797,0,0,0
1126,0.00106214,0.023026,-0.0296236,0,0,0
1127,0.000491367,0.0272839,-0.0312931,0,0,0
1128,0.000836218,0.026948,-0.0311992,0,0,0
1129,0.000427919,0.0315389,-0.0327394,0,0,0
1130,0.000949977,0.0314929,-0.0326978,0,0,0
1131,0.000421366,0.0364655,-0.0342733,0,0,0
1132,0.000805756,0.0362117,-0.0340815,0,0,0
1133,0.000432348,0.041536,-0.0355524,0,0,0
1134,0.000843966,0.0414223,-0.0356135,0,0,0
1135,0.000344441,0.0471406,-0.0371144,0,0,0
1136,0.00077675,0.0469615,-0.0368442,0,0,0
1137,0.000448993,0.0530428,-0.0382304,0,0,0
1138,0.000733827,0.0528674,-0.0383783,0,0,0
1139,0.000251303,0.0593547,-0.0398122,0,0,0
1140,0.000763447,0.0592491,-0.0394811,0,0,0
1141,0.000492372,0.066121,-0.0407827,0,0,0
1142,0.000604291,0.0658782,-0.0409881,0,0,0
1143,0.000123079,0.0731516,-0.0423429,0,0,0
1144,0.000782811,0.0731347,-0.0420026,0,0,0
1145,0.000586144,0.0808414,-0.0432444,0,0,0
1146,0.000437306,0.0805047,-0.0434178,0,0,0
1147,-6.87172e-005,0.0885755,-0.0446512,0,0,0
1148,0.000854083,0.0886866,-0.0444439,0,0,0
1149,0.000763005,0.0972788,-0.0456842,0,0,0
1150,0.000212556,0.0967965,-0.0456119,0,0,0
1151,-0.000358129,0.105683,-0.0466514,0,0,0
1152,0.000998571,0.105981,-0.0468759,0,0,0
1153,0.00105102,0.115493,-0.0481862,0,0,0
1154,-9.18392e-005,0.114811,-0.0474762,0,0,0
1155,-0.000752914,0.124572,-0.0482707,0,0,0
1156,0.00123638,0.12508,-0.0494021,0,0,0
1157,0.00141105,0.135492,-0.0507776,0,0,0
1158,-0.000491068,0.134666,-0.0489065,0,0,0
1159,-0.00113045,0.14542,-0.0495429,0,0,0
1160,0.00156652,0.145938,-0.0520809,0,0,0
1161,0.00159147,0.157216,-0.0533312,0,0,0
1162,-0.000953346,0.156676,-0.0499506,0,0,0
1163,-0.00106819,0.16845,-0.050658,0,0,0
1164,0.00192223,0.168229,-0.0546362,0,0,0
1165,0.00105185,0.180648,-0.0556784,0,0,0
1166,-0.00132001,0.181516,-0.0512629,0,0,0
1167,7.37632e-005,0.193678,-0.0514419,0,0,0
1168,0.00219951,0.191321,-0.055842,0,0,0
1169,-0.000485497,0.206398,-0.0608815,0,0,0
1170,-0.00113792,0.2098,-0.0531157,0,0,0
1171,0.00142017,-6.15304e-005,-0.00189434,0,0,0
1172,0.00167713,-0.000170694,-0.00368182,0,0,0
1173,0.00204025,-0.000365241,-0.00539139,0,0,0
1174,0.00194364,-0.000249873,-0.00927851,0,0,0
1175,0.00202965,-0.000427705,-0.00858599,0,0,0
1176,0.0017672,0.000102372,-0.0102442,0,0,0
1177,0.00186309,0.000168152,-0.0139826,0,0,0
1178,0.00179493,0.00125501,-0.0132046,0,0,0
1179,0.0012485,0.00207829,-0.015324,0,0,0
1180,0.00319997,0.00227959,-0.0188428,0,0,0
1181,0.00127908,0.00503093,-0.0184696,0,0,0
1182,0.00128297,0.00726668,-0.0187034,0,0,0
1183,0.00140543,0.00916079,-0.0207592,0,0,0
1184,0.00120971,0.0123078,-0.0217667,0,0,0
1185,0.00122804,0.0149543,-0.0231798,0,0,0
1186,0.00115405,0.0186594,-0.0244042,0,0,0
1187,0.00109579,0.0221236,-0.0255968,0,0,0
1188,0.00105376,0.0264277,-0.0267968,0,0,0
1189,0.000994416,0.0306945,-0.027893,0,0,0
1190,0.00093713,0.0356537,-0.0290199,0,0,0
1191,0.000906642,0.0407173,-0.0300278,0,0,0
1192,0.000815577,0.0463783,-0.0310856,0,0,0
1193,0.000831162,0.0522473,-0.0319957,0,0,0
1194,0.000685352,0.0586462,-0.0329863,0,0,0
1195,0.000776555,0.0653441,-0.0338003,0,0,0
1196,0.000534068,0.0725054,-0.0347099,0,0,0
1197,0.000759425,0.0800722,-0.0354471,0,0,0
1198,0.000339815,0.0880068,-0.0362443,0,0,0
1199,0.000807956,0.0965017,-0.0369353,0,0,0
1200,6.84269e-005,0.105205,-0.0375915,0,0,0
1201,0.000957665,0.114709,-0.0382385,0,0,0
1202,-0.000304709,0.124158,-0.038785,0,0,0
1203,0.00119379,0.134771,-0.0393095,0,0,0
1204,-0.000677843,0.14494,-0.0398201,0,0,0
1205,0.00125589,0.15676,-0.0402965,0,0,0
1206,-0.000516664,0.167661,-0.0402071,0,0,0
1207,0.000303915,0.180702,-0.0422874,0,0,0
1208,0.00147406,0.192492,-0.0380183,0,0,0
1209,-0.00313777,0.20667,-0.0460985,0,0,0
1210,-0.00039109,-6.1426e-005,-0.00134838,0,0,0
1211,-0.000526621,-4.85749e-005,-0.000989386,0,0,0
1212,-0.000383074,-0.000172272,-0.00377766,0,0,0
1213,-0.00126572,-0.000218881,-0.00438152,0,0,0
1214,-0.000787327,-0.000272692,-0.00500306,0,0,0
1215,-0.00117183,-0.000188621,-0.0041867,0,0,0
1216,-0.000705611,-0.000158266,-0.0101284,0,0,0
1217,-0.00134448,-0.000381476,-0.00508374,0,0,0
1218,-0.000541387,-0.000173948,-0.00876784,0,0,0
1219,-0.00133411,-3.90004e-005,-0.0079993,0,0,0
1220,-0.000721472,0.000284976,-0.0104535,0,0,0
1221,-0.0012458,-5.12704e-005,-0.0104985,0,0,0
1222,-0.000715726,0.000569017,-0.0149388,0,0,0
1223,-0.00102376,0.000764268,-0.00926196,0,0,0
1224,-0.000323977,0.00140314,-0.0135574,0,0,0
1225,-0.00128729,0.0011027,-0.0136405,0,0,0
1226,-0.000702421,0.00256471,-0.015385,0,0,0
1227,-0.00103563,0.00225312,-0.01454,0,0,0
1228,-0.00105075,0.0023901,-0.0201012,0,0,0
1229,1.69977e-005,0.00475674,-0.0137024,0,0,0
1230,-0.000336004,0.00560935,-0.0183324,0,0,0
1231,-0.00105488,0.00527063,-0.0173992,0,0,0
1232,-0.000496033,0.00755826,-0.0193361,0,0,0
1233,-0.000959293,0.00715196,-0.0197131,0,0,0
1234,-0.000413772,0.00977911,-0.0210054,0,0,0
1235,-0.000811112,0.0098902,-0.0205466,0,0,0
1236,-0.000421063,0.0126554,-0.0220592,0,0,0
1237,-0.000886583,0.0122211,-0.0221385,0,0,0
1238,-0.000406875,0.015531,-0.0235129,0,0,0
1239,-0.000764629,0.0155736,-0.0232989,0,0,0
1240,-0.000374748,0.0190477,-0.024639,0,0,0
1241,-0.000798847,0.0186871,-0.0245803,0,0,0
1242,-0.000372599,0.0226551,-0.0258902,0,0,0
1243,-0.000710066,0.0226352,-0.0257826,0,0,0
1244,-0.000348927,0.0268353,-0.0270364,0,0,0
1245,-0.000715726,0.0265339,-0.0269264,0,0,0
1246,-0.00032202,0.0311907,-0.0281406,0,0,0
1247,-0.000648322,0.031128,-0.0280795,0,0,0
1248,-0.000332325,0.036065,-0.0292512,0,0,0
1249,-0.000640102,0.0358089,-0.029124,0,0,0
1250,-0.000267451,0.0411869,-0.0302489,0,0,0
1251,-0.000581407,0.0410947,-0.0302146,0,0,0
1252,-0.000319722,0.0467848,-0.031292,0,0,0
1253,-0.000573444,0.0465639,-0.0311587,0,0,0
1254,-0.00021055,0.0526942,-0.032203,0,0,0
1255,-0.000509833,0.0525818,-0.0321876,0,0,0
1256,-0.000314199,0.0590466,-0.0331619,0,0,0
1257,-0.000516331,0.0588529,-0.0330291,0,0,0
1258,-0.000144674,0.0657652,-0.0339945,0,0,0
1259,-0.00043292,0.0656403,-0.0339911,0,0,0
1260,-0.000326266,0.0729067,-0.0348634,0,0,0
1261,-0.00046983,0.072733,-0.0347365,0,0,0
1262,-5.48318e-005,0.0804555,-0.0356107,0,0,0
1263,-0.000349552,0.0803254,-0.0356172,0,0,0
1264,-0.000376095,0.088426,-0.0364061,0,0,0
1265,-0.000434342,0.0882649,-0.0362793,0,0,0
1266,8.44866e-005,0.0968243,-0.0370306,0,0,0
1267,-0.000260993,0.0966968,-0.0370623,0,0,0
1268,-0.000492599,0.105671,-0.0378006,0,0,0
1269,-0.000405675,0.105514,-0.037648,0,0,0
1270,0.000299574,0.114935,-0.038248,0,0,0
1271,-0.000175123,0.114819,-0.0383306,0,0,0
1272,-0.000685436,0.124712,-0.0390094,0,0,0
1273,-0.000372004,0.12455,-0.0388315,0,0,0
1274,0.000558876,0.134859,-0.0393513,0,0,0
1275,-0.000103392,0.134763,-0.0394025,0,0,0
1276,-0.0008394,0.145622,-0.0398419,0,0,0
1277,-0.000329066,0.145448,-0.0399018,0,0,0
1278,0.000603334,0.156678,-0.0406243,0,0,0
1279,-2.85155e-005,0.15661,-0.040055,0,0,0
1280,-0.000489859,0.168472,-0.039914,0,0,0
1281,-0.00035614,0.16828,-0.041338,0,0,0
1282,-0.000335867,0.180487,-0.042435,0,0,0
1283,0.000157171,0.18045,-0.0393561,0,0,0
1284,0.00131509,0.193372,-0.0392528,0,0,0
1285,-0.000727301,0.193133,-0.0445039,0,0,0
1286,-0.00313381,0.206098,-0.0425641,0,0,0
1287,0.000794262,0.206563,-0.036993,0,0,0
1288,0.00039109,-6.1426e-005,-0.00134838,0,0,0
1289,0.000526621,-4.85749e-005,-0.000989386,0,0,0
1290,0.000383074,-0.000172272,-0.00377766,0,0,0
1291,0.00126572,-0.000218881,-0.00438152,0,0,0
1292,0.000787327,-0.000272692,-0.00500306,0,0,0
1293,0.00117183,-0.000188621,-0.0041867,0,0,0
1294,0.000705611,-0.000158266,-0.0101284,0,0,0
1295,0.00134448,-0.000381476,-0.00508374,0,0,0
1296,0.000541387,-0.000173948,-0.00876784,0,0,0
1297,0.00133411,-3.90004e-005,-0.0079993,0,0,0
1298,0.000721472,0.000284976,-0.0104535,0,0,0
1299,0.0012458,-5.12704e-005,-0.0104985,0,0,0
1300,0.000715726,0.000569017,-0.0149388,0,0,0
1301,0.00102376,0.000764268,-0.00926196,0,0,0
1302,0.000323977,0.00140314,-0.0135574,0,0,0
1303,0.00128729,0.0011027,-0.0136405,0,0,0
1304,0.000702421,0.00256471,-0.015385,0,0,0
1305,0.00103563,0.00225312,-0.01454,0,0,0
1306,0.00105075,0.0023901,-0.0201012,0,0,0
1307,-1.69977e-005,0.00475674,-0.0137024,0,0,0
1308,0.000336004,0.00560935,-0.0183324,0,0,0
1309,0.00105488,0.00527063,-0.0173992,0,0,0
1310,0.000496033,0.00755826,-0.0193361,0,0,0
1311,0.000959293,0.00715196,-0.0197131,0,0,0
1312,0.000413772,0.00977911,-0.0210054,0,0,0
1313,0.000811112,0.0098902,-0.0205466,0,0,0
1314,0.000421063,0.0126554,-0.0220592,0,0,0
1315,0.000886583,0.0122211,-0.0221385,0,0,0
1316,0.000406875,0.015531,-0.0235129,0,0,0
1317,0.000764629,0.0155736,-0.0232989,0,0,0
1318,0.000374748,0.0190477,-0.024639,0,0,0
1319,0.000798847,0.0186871,-0.0245803,0,0,0
1320,0.000372599,0.0226551,-0.0258902,0,0,0
1321,0.000710066,0.0226352,-0.0257826,0,0,0
1322,0.000348927,0.0268353,-0.0270364,0,0,0
1323,0.000715726,0.0265339,-0.0269264,0,0,0
1324,0.00032202,0.0311907,-0.0281406,0,0,0
1325,0.000648322,0.031128,-0.0280795,0,0,0
1326,0.000332325,0.036065,-0.0292512,0,0,0
1327,0.000640102,0.0358089,-0.029124,0,0,0
1328,0.000267451,0.0411869,-0.0302489,0,0,0
1329,0.000581407,0.0410947,-0.0302146,0,0,0
1330,0.000319722,0.0467848,-0.031292,0,0,0
1331,0.000573444,0.0465639,-0.0311587,0,0,0
1332,0.00021055,0.0526942,-0.032203,0,0,0
1333,0.000509833,0.0525818,-0.0321876,0,0,0
1334,0.000314199,0.0590466,-0.0331619,0,0,0
1335,0.000516331,0.0588529,-0.0330291,0,0,0
1336,0.000144674,0.0657652,-0.0339945,0,0,0
1337,0.00043292,0.0656403,-0.0339911,0,0,0
1338,0.000326266,0.0729067,-0.0348634,0,0,0
1339,0.00046983,0.072733,-0.0347365,0,0,0
1340,5.48318e-005,0.0804555,-0.0356107,0,0,0
1341,0.000349552,0.0803254,-0.0356172,0,0,0
1342,0.000376095,0.088426,-0.0364061,0,0,0
1343,0.000434342,0.0882649,-0.0362793,0,0,0
1344,-8.44866e-005,0.0968243,-0.0370306,0,0,0
1345,0.000260993,0.0966968,-0.0370623,0,0,0
1346,0.000492599,0.105671,-0.0378006,0,0,0
1347,0.000405675,0.105514,-0.037648,0,0,0
1348,-0.000299574,0.114935,-0.038248,0,0,0
1349,0.000175123,0.114819,-0.0383306,0,0,0
1350,0.000685436,0.124712,-0.0390094,0,0,0
1351,0.000372004,0.12455,-0.0388315,0,0,0
1352,-0.000558876,0.134859,-0.0393513,0,0,0
1353,0.000103392,0.134763,-0.0394025,0,0,0
1354,0.0008394,0.145622,-0.0398419,0,0,0
1355,0.000329066,0.145448,-0.0399018,0,0,0
1356,-0.000603334,0.156678,-0.0406243,0,0,0
1357,2.85155e-005,0.15661,-0.040055,0,0,0
1358,0.000489859,0.168472,-0.039914,0,0,0
1359,0.00035614,0.16828,-0.041338,0,0,0
1360,0.000335867,0.180487,-0.042435,0,0,0
1361,-0.000157171,0.18045,-0.0393561,0,0,0
1362,-0.00131509,0.193372,-0.0392528,0,0,0
1363,0.000727301,0.193133,-0.0445039,0,0,0
1364,0.00313381,0.206098,-0.0425641,0,0,0
1365,-0.000794262,0.206563,-0.036993,0,0,0
1366,0,0,0,0,0,0
1367,0,0,0,0,0,0
1368,0,0,0,0,0,0
1369,0,0,0,0,0,0
1370,-9.20568e-014,-0.235546,-0.122701,0,0,0
1371,0.00713393,-0.224813,-0.038122,0,0,0
1372,0.00387317,-0.214639,-0.0194313,0,0,0
1373,-2.25478e-013,-0.209752,-0.0793658,0,0,0
1374,0,0,0,0,0,0
1375,0,0,0,0,0,0
1376,-0.00387317,-0.214639,-0.0194313,0,0,0
1377,-0.00713393,-0.224813,-0.038122,0,0,0
1378,0,0,0,0,0,0
1379,0,0,0,0,0,0
1380,0,0,0,0,0,0
1381,0,0,0,0,0,0
1382,0,0,0,0,0,0
1383,0,0,0,0,0,0
1384,-1.63519e-013,-0.219237,0.0123235,0,0,0
1385,-0.000745231,-0.216218,-0.0732549,0,0,0
1386,-0.00263417,-0.219854,-0.0280864,0,0,0
1387,-0.00392219,-0.219776,-0.0513676,0,0,0
1388,-0.00444374,-0.218924,-0.00984006,0,0,0
1389,0.00231201,-0.224576,-0.0381965,0,0,0
1390,-0.00148526,0.000855437,-0.00236011,0,0,0
1391,-0.00168879,0.000668503,-0.00345803,0,0,0
1392,-0.00190555,0.000670267,-0.00511193,0,0,0
1393,-0.00185315,0.00093734,-0.00416385,0,0,0
1394,-0.00172851,0.000753927,-0.00813866,0,0,0
1395,-0.00174646,0.000587094,-0.0093646,0,0,0
1396,-0.00142931,-0.000194377,-0.00880867,0,0,0
1397,-0.00139391,-0.000171542,-0.0123386,0,0,0
1398,-0.00160966,-0.00202983,-0.0130288,0,0,0
1399,0.000378752,-0.00334513,-0.0122893,0,0,0
1400,-0.00128605,-0.00467058,-0.0150527,0,0,0
1401,-0.001157,-0.00660525,-0.0175291,0,0,0
1402,-0.000925024,-0.00914612,-0.0177167,0,0,0
1403,-0.000958548,-0.0116339,-0.0191632,0,0,0
1404,-0.000887568,-0.0149327,-0.0199102,0,0,0
1405,-0.000800502,-0.018076,-0.0208814,0,0,0
1406,-0.000793386,-0.022048,-0.0217352,0,0,0
1407,-0.00069433,-0.0259525,-0.0225246,0,0,0
1408,-0.000672676,-0.0305662,-0.0233272,0,0,0
1409,-0.000605786,-0.0352734,-0.0240057,0,0,0
1410,-0.000549203,-0.0405556,-0.0247317,0,0,0
1411,-0.000525437,-0.0460759,-0.0252965,0,0,0
1412,-0.000422325,-0.0520654,-0.0259524,0,0,0
1413,-0.000461926,-0.0584176,-0.0263913,0,0,0
1414,-0.000277143,-0.0651378,-0.0269793,0,0,0
1415,-0.000435285,-0.0723675,-0.0272934,0,0,0
1416,-8.7494e-005,-0.0798123,-0.0277946,0,0,0
1417,-0.00047871,-0.0880072,-0.0280107,0,0,0
1418,0.00018832,-0.0961212,-0.0283779,0,0,0
1419,-0.000641837,-0.105437,-0.0285462,0,0,0
1420,0.000603073,-0.114091,-0.0287197,0,0,0
1421,-0.000965485,-0.124754,-0.0288883,0,0,0
1422,0.00115515,-0.133805,-0.0288064,0,0,0
1423,-0.00134758,-0.145932,-0.0290952,0,0,0
1424,0.00155279,-0.155606,-0.0284064,0,0,0
1425,-0.00121225,-0.168534,-0.0297252,0,0,0
1426,0.000770089,-0.180406,-0.0263733,0,0,0
1427,0.000782007,-0.191632,-0.0324349,0,0,0
1428,-0.0023833,-0.209418,-0.0217876,0,0,0
1429,-2.23518e-013,-0.21652,-0.00917735,0,0,0
1430,-2.14112e-013,-0.185697,-0.0363579,0,0,0
1431,-2.06615e-013,-0.185647,-0.0262363,0,0,0
1432,-2.01489e-013,-0.165364,-0.0283306,0,0,0
1433,-1.93022e-013,-0.158421,-0.0304312,0,0,0
1434,-1.85163e-013,-0.144712,-0.0272682,0,0,0
1435,-1.77033e-013,-0.135238,-0.0304178,0,0,0
1436,-1.68976e-013,-0.124487,-0.0278993,0,0,0
1437,-1.60194e-013,-0.11495,-0.0294953,0,0,0
1438,-1.52627e-013,-0.105542,-0.0283129,0,0,0
1439,-1.44496e-013,-0.0967876,-0.0286255,0,0,0
1440,-1.35981e-013,-0.0882542,-0.0281662,0,0,0
1441,-1.27945e-013,-0.0804155,-0.0278498,0,0,0
1442,-1.20421e-013,-0.0726881,-0.0275757,0,0,0
1443,-1.13072e-013,-0.0657132,-0.0270278,0,0,0
1444,-1.05148e-013,-0.0587914,-0.0266839,0,0,0
1445,-9.85737e-014,-0.052627,-0.0260618,0,0,0
1446,-9.09948e-014,-0.0464918,-0.0255664,0,0,0
1447,-8.50072e-014,-0.0411112,-0.0249174,0,0,0
1448,-7.75582e-014,-0.0357275,-0.0242472,0,0,0
1449,-7.17432e-014,-0.0311115,-0.0235936,0,0,0
1450,-6.53498e-014,-0.0264563,-0.0227341,0,0,0
1451,-5.93078e-014,-0.0225581,-0.0220833,0,0,0
1452,-5.41026e-014,-0.018659,-0.0210653,0,0,0
1453,-4.82957e-014,-0.0153642,-0.0203206,0,0,0
1454,-4.35041e-014,-0.0123243,-0.0193714,0,0,0
1455,-3.84857e-014,-0.00947735,-0.0181333,0,0,0
1456,-3.41581e-014,-0.00730952,-0.0178601,0,0,0
1457,-2.89043e-014,-0.00518064,-0.0153861,0,0,0
1458,-2.75324e-014,-0.00240663,-0.0198582,0,0,0
1459,-2.07765e-014,-0.00288931,-0.0131273,0,0,0
1460,-1.76841e-014,-0.000195063,-0.0132613,0,0,0
1461,-1.47177e-014,-0.000631008,-0.0141972,0,0,0
1462,-1.04188e-014,0.000130108,-0.0101611,0,0,0
1463,-1.00504e-014,0.000773453,-0.00826292,0,0,0
1464,-9.46683e-016,0.000738063,-0.0102886,0,0,0
1465,-5.23164e-015,0.000476953,-0.00487494,0,0,0
1466,-1.29874e-015,0.00102583,-0.00357152,0,0,0
1467,-1.11655e-015,0.0008256,-0.00178305,0,0,0
1468,-0.00690971,-0.201766,-0.0552401,0,0,0
1469,0.00394124,-0.195918,-0.0523782,0,0,0
1470,-0.00359844,-0.178918,-0.055837,0,0,0
1471,0.00144645,-0.168892,-0.050051,0,0,0
1472,-0.00195586,-0.156441,-0.05362,0,0,0
1473,0.000332803,-0.145385,-0.0492049,0,0,0
1474,-0.00141444,-0.134889,-0.0507297,0,0,0
1475,-0.000132063,-0.124435,-0.0481071,0,0,0
1476,-0.00123196,-0.114941,-0.0480479,0,0,0
1477,-0.000429523,-0.105456,-0.0464655,0,0,0
1478,-0.00113362,-0.0967957,-0.0455646,0,0,0
1479,-0.000681303,-0.0882513,-0.0444106,0,0,0
1480,-0.00108093,-0.0804158,-0.0431275,0,0,0
1481,-0.000892594,-0.0727555,-0.0420801,0,0,0
1482,-0.00107674,-0.0657215,-0.040635,0,0,0
1483,-0.00106424,-0.0589169,-0.0395496,0,0,0
1484,-0.00111401,-0.0526446,-0.0380393,0,0,0
1485,-0.00120833,-0.0466791,-0.0368527,0,0,0
1486,-0.00117758,-0.0411282,-0.0353234,0,0,0
1487,-0.00134122,-0.0359858,-0.034,0,0,0
1488,-0.00125004,-0.0311221,-0.0324884,0,0,0
1489,-0.00148072,-0.0267806,-0.0309875,0,0,0
1490,-0.0013092,-0.0225876,-0.0295438,0,0,0
1491,-0.00164983,-0.018998,-0.0278127,0,0,0
1492,-0.00132234,-0.0155082,-0.0264805,0,0,0
1493,-0.00187021,-0.0125663,-0.0245067,0,0,0
1494,-0.0012837,-0.00984948,-0.0232259,0,0,0
1495,-0.00201665,-0.00758245,-0.0211327,0,0,0
1496,-0.00177086,-0.00500568,-0.0196041,0,0,0
1497,3.38598e-007,-0.00634866,-0.01436,0,0,0
1498,-0.00247162,-0.00146687,-0.0159469,0,0,0
1499,-0.00153099,-0.00230179,-0.0138123,0,0,0
1500,-0.00188811,-0.000635157,-0.0100248,0,0,0
1501,-0.00230089,-0.000404742,-0.00990937,0,0,0
1502,-0.00175084,-0.000340308,-0.00901889,0,0,0
1503,-0.00210418,-0.000206724,-0.00356054,0,0,0
1504,-0.00215913,1.9345e-005,-0.00568057,0,0,0
1505,-0.00151176,-0.000414326,-0.00290002,0,0,0
1506,-0.00161452,-0.000618782,-0.00242577,0,0,0
1507,3.97867e-016,-0.000786097,-0.00153596,0,0,0
1508,2.52744e-015,-0.000466729,-0.00380668,0,0,0
1509,-3.0904e-016,-0.000287925,-0.00429153,0,0,0
1510,9.4614e-015,-9.88274e-005,-0.0120068,0,0,0
1511,4.90669e-016,-0.00100967,-0.00830816,0,0,0
1512,4.43707e-015,-0.000154162,-0.0110292,0,0,0
1513,2.73324e-015,-0.00157384,-0.016309,0,0,0
1514,3.13719e-015,-0.0015351,-0.0151441,0,0,0
1515,3.74933e-015,-0.00391782,-0.0149044,0,0,0
1516,2.66035e-015,-0.0076426,-0.0182078,0,0,0
1517,3.53913e-016,-0.00686808,-0.0230556,0,0,0
1518,1.33123e-016,-0.0112532,-0.0226642,0,0,0
1519,-1.53162e-015,-0.0123991,-0.0254807,0,0,0
1520,-2.32235e-015,-0.0166055,-0.0265005,0,0,0
1521,-4.62331e-015,-0.0190739,-0.0283094,0,0,0
1522,-5.72823e-015,-0.0234724,-0.029827,0,0,0
1523,-8.09261e-015,-0.0270143,-0.0312667,0,0,0
1524,-1.01974e-014,-0.0318512,-0.0328732,0,0,0
1525,-1.2334e-014,-0.0363232,-0.0341652,0,0,0
1526,-1.52459e-014,-0.04174,-0.0357526,0,0,0
1527,-1.75262e-014,-0.0470886,-0.0369359,0,0,0
1528,-2.0497e-014,-0.0531621,-0.0384959,0,0,0
1529,-2.34333e-014,-0.0593782,-0.039565,0,0,0
1530,-2.6649e-014,-0.0661644,-0.0411048,0,0,0
1531,-3.04081e-014,-0.0732457,-0.0420476,0,0,0
1532,-3.36231e-014,-0.0808109,-0.0435881,0,0,0
1533,-3.75744e-014,-0.0887414,-0.044359,0,0,0
1534,-4.15557e-014,-0.0971664,-0.0459819,0,0,0
1535,-4.57948e-014,-0.105944,-0.0464499,0,0,0
1536,-4.85612e-014,-0.115239,-0.0483176,0,0,0
1537,-5.36847e-014,-0.125061,-0.0483516,0,0,0
1538,-5.68473e-014,-0.134833,-0.0503883,0,0,0
1539,-6.18693e-014,-0.146622,-0.0506082,0,0,0
1540,-6.55667e-014,-0.155321,-0.0510328,0,0,0
1541,-7.29455e-014,-0.17167,-0.055335,0,0,0
1542,-7.53624e-014,-0.175652,-0.0467511,0,0,0
1543,-8.1792e-014,-0.201307,-0.068097,0,0,0
1544,-8.9785e-014,-0.195562,-0.0284457,0,0,0
1545,0,0,0,0,0,0
1546,0,0,0,0,0,0
1547,0,0,0,0,0,0
1548,0,0,0,0,0,0
1549,0,0,0,0,0,0
1550,-0.00231201,-0.224576,-0.0381965,0,0,0
1551,0.00444374,-0.218924,-0.00984006,0,0,0
1552,0.00392219,-0.219776,-0.0513676,0,0,0
1553,0.00263417,-0.219854,-0.0280864,0,0,0
1554,0.000745231,-0.216218,-0.0732549,0,0,0
1555,0.00161452,-0.000618782,-0.00242577,0,0,0
1556,0.00151176,-0.000414326,-0.00290002,0,0,0
1557,0.00215913,1.9345e-005,-0.00568057,0,0,0
1558,0.00210418,-0.000206724,-0.00356054,0,0,0
1559,0.00175084,-0.000340308,-0.00901889,0,0,0
1560,0.00230089,-0.000404742,-0.00990937,0,0,0
1561,0.00188811,-0.000635157,-0.0100248,0,0,0
1562,0.00153099,-0.00230179,-0.0138123,0,0,0
1563,0.00247162,-0.00146687,-0.0159469,0,0,0
1564,-3.38598e-007,-0.00634866,-0.01436,0,0,0
1565,0.00177086,-0.00500568,-0.0196041,0,0,0
1566,0.00201665,-0.00758245,-0.0211327,0,0,0
1567,0.0012837,-0.00984948,-0.0232259,0,0,0
1568,0.00187021,-0.0125663,-0.0245067,0,0,0
1569,0.00132234,-0.0155082,-0.0264805,0,0,0
1570,0.00164983,-0.018998,-0.0278127,0,0,0
1571,0.0013092,-0.0225876,-0.0295438,0,0,0
1572,0.00148072,-0.0267806,-0.0309875,0,0,0
1573,0.00125004,-0.0311221,-0.0324884,0,0,0
1574,0.00134122,-0.0359858,-0.034,0,0,0
1575,0.00117758,-0.0411282,-0.0353234,0,0,0
1576,0.00120833,-0.0466791,-0.0368527,0,0,0
1577,0.00111401,-0.0526446,-0.0380393,0,0,0
1578,0.00106424,-0.0589169,-0.0395496,0,0,0
1579,0.00107674,-0.0657215,-0.040635,0,0,0
1580,0.000892594,-0.0727555,-0.0420801,0,0,0
1581,0.00108093,-0.0804158,-0.0431275,0,0,0
1582,0.000681303,-0.0882513,-0.0444106,0,0,0
1583,0.00113362,-0.0967957,-0.0455646,0,0,0
1584,0.000429523,-0.105456,-0.0464655,0,0,0
1585,0.00123196,-0.114941,-0.0480479,0,0,0
1586,0.000132063,-0.124435,-0.0481071,0,0,0
1587,0.00141444,-0.134889,-0.0507297,0,0,0
1588,-0.000332803,-0.145385,-0.0492049,0,0,0
1589,0.00195586,-0.156441,-0.05362,0,0,0
1590,-0.00144645,-0.168892,-0.050051,0,0,0
1591,0.00359844,-0.178918,-0.055837,0,0,0
1592,-0.00394124,-0.195918,-0.0523782,0,0,0
1593,0.00690971,-0.201766,-0.0552401,0,0,0
1594,0.0023833,-0.209418,-0.0217876,0,0,0
1595,-0.000782007,-0.191632,-0.0324349,0,0,0
1596,-0.000770089,-0.180406,-0.0263733,0,0,0
1597,0.00121225,-0.168534,-0.0297252,0,0,0
1598,-0.00155279,-0.155606,-0.0284064,0,0,0
1599,0.00134758,-0.145932,-0.0290952,0,0,0
1600,-0.00115515,-0.133805,-0.0288064,0,0,0
1601,0.000965485,-0.124754,-0.0288883,0,0,0
1602,-0.000603073,-0.114091,-0.0287197,0,0,0
1603,0.000641837,-0.105437,-0.0285462,0,0,0
1604,-0.00018832,-0.0961212,-0.0283779,0,0,0
1605,0.00047871,-0.0880072,-0.0280107,0,0,0
1606,8.7494e-005,-0.0798123,-0.0277946,0,0,0
1607,0.000435285,-0.0723675,-0.0272934,0,0,0
1608,0.000277143,-0.0651378,-0.0269793,0,0,0
1609,0.000461926,-0.0584176,-0.0263913,0,0,0
1610,0.000422325,-0.0520654,-0.0259524,0,0,0
1611,0.000525437,-0.0460759,-0.0252965,0,0,0
1612,0.000549203,-0.0405556,-0.0247317,0,0,0
1613,0.000605786,-0.0352734,-0.0240057,0,0,0
1614,0.000672676,-0.0305662,-0.0233272,0,0,0
1615,0.00069433,-0.0259525,-0.0225246,0,0,0
1616,0.000793386,-0.022048,-0.0217352,0,0,0
1617,0.000800502,-0.018076,-0.0208814,0,0,0
1618,0.000887568,-0.0149327,-0.0199102,0,0,0
1619,0.000958548,-0.0116339,-0.0191632,0,0,0
1620,0.000925024,-0.00914612,-0.0177167,0,0,0
1621,0.001157,-0.00660525,-0.0175291,0,0,0
1622,0.00128605,-0.00467058,-0.0150527,0,0,0
1623,-0.000378752,-0.00334513,-0.0122893,0,0,0
1624,0.00160966,-0.00202983,-0.0130288,0,0,0
1625,0.00139391,-0.000171542,-0.0123386,0,0,0
1626,0.00142931,-0.000194377,-0.00880867,0,0,0
1627,0.00174646,0.000587094,-0.0093646,0,0,0
1628,0.00172851,0.000753927,-0.00813866,0,0,0
1629,0.00185315,0.00093734,-0.00416385,0,0,0
1630,0.00190555,0.000670267,-0.00511193,0,0,0
1631,0.00168879,0.000668503,-0.00345803,0,0,0
1632,0.00148526,0.000855437,-0.00236011,0,0,0
1633,0,0,0,0,0,0
1634,0,0,0,0,0,0
1635,0.00492526,-0.221641,-0.0612368,0,0,0
1636,-0.00163913,-0.219179,-0.0295917,0,0,0
1637,-0.000256257,0.00106888,-0.00212467,0,0,0
1638,-0.00063437,0.00111377,-0.00198328,0,0,0
1639,-0.000569782,0.000681215,-0.00292319,0,0,0
1640,-0.00116159,0.00052149,-0.00287228,0,0,0
1641,-0.000579864,0.000776182,-0.00560317,0,0,0
1642,-0.00133938,0.000823758,-0.00618051,0,0,0
1643,-0.000609722,0.000922914,-0.00383171,0,0,0
1644,-0.00134706,0.00078011,-0.00887894,0,0,0
1645,-0.000754187,0.000342542,-0.00866801,0,0,0
1646,-0.00118447,0.000527364,-0.00902074,0,0,0
1647,-0.000506556,0.000491492,-0.00992869,0,0,0
1648,-0.00115268,0.000387066,-0.00984678,0,0,0
1649,-0.000425623,-0.000348291,-0.00886243,0,0,0
1650,-0.00123616,-5.97927e-006,-0.0138672,0,0,0
1651,-0.000738294,-0.000905721,-0.012848,0,0,0
1652,-0.000809202,-0.0011668,-0.0125354,0,0,0
1653,-0.000330973,-0.00187168,-0.0138242,0,0,0
1654,-0.000976948,-0.00166065,-0.0143661,0,0,0
1655,7.07298e-005,-0.00389704,-0.0119486,0,0,0
1656,-0.00184697,-0.00279822,-0.0177049,0,0,0
1657,-0.000526318,-0.00504836,-0.0158706,0,0,0
1658,-0.000692767,-0.00492986,-0.0168055,0,0,0
1659,-0.000307632,-0.00705838,-0.017583,0,0,0
1660,-0.000659396,-0.00704311,-0.0167254,0,0,0
1661,-0.000354327,-0.00960224,-0.0180982,0,0,0
1662,-0.000713094,-0.00924246,-0.0184608,0,0,0
1663,-0.000300106,-0.0121617,-0.0194531,0,0,0
1664,-0.000585386,-0.0121636,-0.019048,0,0,0
1665,-0.000293335,-0.0153335,-0.0201279,0,0,0
1666,-0.000608424,-0.0149914,-0.0201859,0,0,0
1667,-0.000275152,-0.0186253,-0.0211765,0,0,0
1668,-0.000531871,-0.018594,-0.0209988,0,0,0
1669,-0.000255894,-0.022443,-0.0219432,0,0,0
1670,-0.000522267,-0.0221465,-0.0218701,0,0,0
1671,-0.000231481,-0.0264725,-0.0227698,0,0,0
1672,-0.000466905,-0.0263982,-0.0226881,0,0,0
1673,-0.000232765,-0.0309733,-0.0235369,0,0,0
1674,-0.000445833,-0.0307279,-0.0234176,0,0,0
1675,-0.000179768,-0.0357572,-0.0242136,0,0,0
1676,-0.000397918,-0.0356435,-0.0241756,0,0,0
1677,-0.00021615,-0.0409672,-0.0249244,0,0,0
1678,-0.000377059,-0.040768,-0.0247869,0,0,0
1679,-0.000125848,-0.0465318,-0.0254835,0,0,0
1680,-0.000325942,-0.0463846,-0.0254777,0,0,0
1681,-0.000204337,-0.0524716,-0.026117,0,0,0
1682,-0.000317676,-0.0523171,-0.0259637,0,0,0
1683,-6.821e-005,-0.0588531,-0.0265636,0,0,0
1684,-0.0002476,-0.0586678,-0.0265919,0,0,0
1685,-0.000201816,-0.0655323,-0.0271176,0,0,0
1686,-0.000272428,-0.0654365,-0.0269444,0,0,0
1687,1.0796e-006,-0.0727868,-0.027442,0,0,0
1688,-0.00015649,-0.0725378,-0.0275085,0,0,0
1689,-0.000220253,-0.0801932,-0.0279271,0,0,0
1690,-0.000248528,-0.0801962,-0.0277299,0,0,0
1691,9.83414e-005,-0.0884069,-0.0281055,0,0,0
1692,-4.49187e-005,-0.0880378,-0.0282127,0,0,0
1693,-0.000280589,-0.0965025,-0.0285444,0,0,0
1694,-0.000252795,-0.0966768,-0.028324,0,0,0
1695,0.000247452,-0.105784,-0.0285509,0,0,0
1696,9.15986e-005,-0.105211,-0.0286857,0,0,0
1697,-0.00040372,-0.114533,-0.0289358,0,0,0
1698,-0.00028534,-0.114962,-0.0287359,0,0,0
1699,0.000453615,-0.124957,-0.0288409,0,0,0
1700,0.000247892,-0.124125,-0.0288897,0,0,0
1701,-0.000553698,-0.13442,-0.0289523,0,0,0
1702,-0.000335066,-0.135085,-0.0290228,0,0,0
1703,0.000600568,-0.145897,-0.0292029,0,0,0
1704,0.000413429,-0.144965,-0.0286748,0,0,0
1705,-0.000477274,-0.156385,-0.0282372,0,0,0
1706,-0.000404587,-0.156891,-0.0294689,0,0,0
1707,0.000224456,-0.168524,-0.0300534,0,0,0
1708,0.000609569,-0.168225,-0.0274755,0,0,0
1709,0.000486936,-0.180659,-0.0263881,0,0,0
1710,-0.000626114,-0.179853,-0.0310007,0,0,0
1711,-0.00158279,-0.192833,-0.0315165,0,0,0
1712,0.000917685,-0.194793,-0.0238974,0,0,0
1713,0.00326254,-0.207289,-0.0256273,0,0,0
1714,-0.000877649,-0.203359,-0.0338088,0,0,0
1715,-0.000277551,-0.000842986,-0.00216928,0,0,0
1716,-0.000585803,-0.000995313,-0.00168119,0,0,0
1717,-0.00054102,-0.00044955,-0.0024145,0,0,0
1718,-0.00127222,-0.000114272,-0.00312734,0,0,0
1719,-0.000684443,-0.000189285,-0.00630047,0,0,0
1720,-0.00133189,-0.000375779,-0.00543357,0,0,0
1721,-0.000668681,-0.000568494,-0.00304302,0,0,0
1722,-0.00143074,-0.000315682,-0.00977964,0,0,0
1723,-0.000722224,-0.000160737,-0.00966602,0,0,0
1724,-0.00146077,-0.000178232,-0.00888934,0,0,0
1725,-0.000692089,-0.00104351,-0.0106863,0,0,0
1726,-0.00127443,-0.000710177,-0.0107184,0,0,0
1727,-0.000549169,-0.000843979,-0.00982109,0,0,0
1728,-0.00144057,-0.00122532,-0.0151197,0,0,0
1729,-0.000722645,-0.00244357,-0.0144791,0,0,0
1730,-0.00122684,-0.0012417,-0.0144566,0,0,0
1731,-0.000568323,-0.00187885,-0.016907,0,0,0
1732,-0.00109366,-0.00374773,-0.0160545,0,0,0
1733,-4.9299e-005,-0.00703612,-0.0137689,0,0,0
1734,-0.00219666,-0.00162131,-0.021713,0,0,0
1735,-0.000560066,-0.00496006,-0.0206771,0,0,0
1736,-0.00111488,-0.00639389,-0.0195316,0,0,0
1737,-0.000569627,-0.00842443,-0.0212733,0,0,0
1738,-0.000919273,-0.00761188,-0.0218347,0,0,0
1739,-0.000492974,-0.0100173,-0.02368,0,0,0
1740,-0.00127852,-0.0102526,-0.0230083,0,0,0
1741,-0.00057987,-0.0132427,-0.0248458,0,0,0
1742,-0.000870026,-0.0127379,-0.0250994,0,0,0
1743,-0.000448665,-0.0158517,-0.0267526,0,0,0
1744,-0.00118005,-0.0159587,-0.0263872,0,0,0
1745,-0.000550633,-0.019553,-0.0281633,0,0,0
1746,-0.000858003,-0.0191323,-0.0282076,0,0,0
1747,-0.000430901,-0.0229962,-0.029797,0,0,0
1748,-0.00106214,-0.023026,-0.0296236,0,0,0
1749,-0.000491367,-0.0272839,-0.0312931,0,0,0
1750,-0.000836218,-0.026948,-0.0311992,0,0,0
1751,-0.000427919,-0.0315389,-0.0327394,0,0,0
1752,-0.000949977,-0.0314929,-0.0326978,0,0,0
1753,-0.000421366,-0.0364655,-0.0342733,0,0,0
1754,-0.000805756,-0.0362117,-0.0340815,0,0,0
1755,-0.000432348,-0.041536,-0.0355524,0,0,0
1756,-0.000843966,-0.0414223,-0.0356135,0,0,0
1757,-0.000344441,-0.0471406,-0.0371144,0,0,0
1758,-0.00077675,-0.0469615,-0.0368442,0,0,0
1759,-0.000448993,-0.0530428,-0.0382304,0,0,0
1760,-0.000733827,-0.0528674,-0.0383783,0,0,0
1761,-0.000251303,-0.0593547,-0.0398122,0,0,0
1762,-0.000763447,-0.0592491,-0.0394811,0,0,0
1763,-0.000492372,-0.066121,-0.0407827,0,0,0
1764,-0.000604291,-0.0658782,-0.0409881,0,0,0
1765,-0.000123079,-0.0731516,-0.0423429,0,0,0
1766,-0.000782811,-0.0731347,-0.0420026,0,0,0
1767,-0.000586144,-0.0808414,-0.0432444,0,0,0
1768,-0.000437306,-0.0805047,-0.0434178,0,0,0
1769,6.87172e-005,-0.0885755,-0.0446512,0,0,0
1770,-0.000854083,-0.0886866,-0.0444439,0,0,0
1771,-0.000763005,-0.0972788,-0.0456842,0,0,0
1772,-0.000212556,-0.0967965,-0.0456119,0,0,0
1773,0.000358129,-0.105683,-0.0466514,0,0,0
1774,-0.000998571,-0.105981,-0.0468759,0,0,0
1775,-0.00105102,-0.115493,-0.0481862,0,0,0
1776,9.18392e-005,-0.114811,-0.0474762,0,0,0
1777,0.000752914,-0.124572,-0.0482707,0,0,0
1778,-0.00123638,-0.12508,-0.0494021,0,0,0
1779,-0.00141105,-0.135492,-0.0507776,0,0,0
1780,0.000491068,-0.134666,-0.0489065,0,0,0
1781,0.00113045,-0.14542,-0.0495429,0,0,0
1782,-0.00156652,-0.145938,-0.0520809,0,0,0
1783,-0.00159147,-0.157216,-0.0533312,0,0,0
1784,0.000953346,-0.156676,-0.0499506,0,0,0
1785,0.00106819,-0.16845,-0.050658,0,0,0
1786,-0.00192223,-0.168229,-0.0546362,0,0,0
1787,-0.00105185,-0.180648,-0.0556784,0,0,0
1788,0.00132001,-0.181516,-0.0512629,0,0,0
1789,-7.37632e-005,-0.193678,-0.0514419,0,0,0
1790,-0.00219951,-0.191321,-0.055842,0,0,0
1791,0.000485497,-0.206398,-0.0608815,0,0,0
1792,0.00113792,-0.2098,-0.0531157,0,0,0
1793,3.22106e-016,8.74882e-005,-0.00129221,0,0,0
1794,-1.09378e-015,0.000128013,-0.00362962,0,0,0
1795,9.86199e-016,0.000349057,-0.00548228,0,0,0
1796,-7.00869e-015,0.000178126,-0.00360878,0,0,0
1797,-7.06437e-016,5.75306e-005,-0.0090751,0,0,0
1798,-4.85583e-015,-0.000249136,-0.0107332,0,0,0
1799,-5.09961e-015,-0.000534263,-0.0091009,0,0,0
1800,-7.32483e-015,-0.00177013,-0.0135284,0,0,0
1801,-9.99669e-015,-0.0017012,-0.0163808,0,0,0
1802,-9.01473e-015,-0.00540276,-0.0117043,0,0,0
1803,-1.45627e-014,-0.00496869,-0.0192813,0,0,0
1804,-1.61678e-014,-0.00780887,-0.0189263,0,0,0
1805,-1.94474e-014,-0.00974646,-0.0211989,0,0,0
1806,-2.23056e-014,-0.0127782,-0.0221245,0,0,0
1807,-2.59616e-014,-0.0155364,-0.0234508,0,0,0
1808,-2.89753e-014,-0.0191528,-0.0247828,0,0,0
1809,-3.31575e-014,-0.0226715,-0.0258359,0,0,0
1810,-3.67677e-014,-0.026931,-0.0271227,0,0,0
1811,-4.0797e-014,-0.0312106,-0.0281491,0,0,0
1812,-4.54737e-014,-0.0361573,-0.0292736,0,0,0
1813,-4.93528e-014,-0.0412043,-0.0303058,0,0,0
1814,-5.48189e-014,-0.0468782,-0.0312715,0,0,0
1815,-5.93492e-014,-0.0527055,-0.032287,0,0,0
1816,-6.48862e-014,-0.0591428,-0.0331192,0,0,0
1817,-6.98974e-014,-0.0657707,-0.0340827,0,0,0
1818,-7.5357e-014,-0.073003,-0.0348306,0,0,0
1819,-8.13364e-014,-0.0804606,-0.0356525,0,0,0
1820,-8.68631e-014,-0.0885141,-0.0364656,0,0,0
1821,-9.25477e-014,-0.0968406,-0.0368966,0,0,0
1822,-9.81608e-014,-0.105736,-0.0381447,0,0,0
1823,-1.05445e-013,-0.114981,-0.0376739,0,0,0
1824,-1.106e-013,-0.124733,-0.0399627,0,0,0
1825,-1.17587e-013,-0.134955,-0.0380149,0,0,0
1826,-1.23432e-013,-0.145582,-0.0415634,0,0,0
1827,-1.30454e-013,-0.156831,-0.0388541,0,0,0
1828,-1.34813e-013,-0.168382,-0.0410071,0,0,0
1829,-1.4419e-013,-0.180681,-0.0436209,0,0,0
1830,-1.49516e-013,-0.193153,-0.0329247,0,0,0
1831,-1.53651e-013,-0.206773,-0.0615913,0,0,0
1832,-0.00142017,6.15304e-005,-0.00189434,0,0,0
1833,-0.00167713,0.000170694,-0.00368182,0,0,0
1834,-0.00204025,0.000365241,-0.00539139,0,0,0
1835,-0.00194364,0.000249873,-0.00927851,0,0,0
1836,-0.00202965,0.000427705,-0.00858599,0,0,0
1837,-0.0017672,-0.000102372,-0.0102442,0,0,0
1838,-0.00186309,-0.000168152,-0.0139826,0,0,0
1839,-0.00179493,-0.00125501,-0.0132046,0,0,0
1840,-0.0012485,-0.00207829,-0.015324,0,0,0
1841,-0.00319997,-0.00227959,-0.0188428,0,0,0
1842,-0.00127908,-0.00503093,-0.0184696,0,0,0
1843,-0.00128297,-0.00726668,-0.0187034,0,0,0
1844,-0.00140543,-0.00916079,-0.0207592,0,0,0
1845,-0.00120971,-0.0123078,-0.0217667,0,0,0
1846,-0.00122804,-0.0149543,-0.0231798,0,0,0
1847,-0.00115405,-0.0186594,-0.0244042,0,0,0
1848,-0.00109579,-0.0221236,-0.0255968,0,0,0
1849,-0.00105376,-0.0264277,-0.0267968,0,0,0
1850,-0.000994416,-0.0306945,-0.027893,0,0,0
1851,-0.00093713,-0.0356537,-0.0290199,0,0,0
1852,-0.000906642,-0.0407173,-0.0300278,0,0,0
1853,-0.000815577,-0.0463783,-0.0310856,0,0,0
1854,-0.000831162,-0.0522473,-0.0319957,0,0,0
1855,-0.000685352,-0.0586462,-0.0329863,0,0,0
1856,-0.000776555,-0.0653441,-0.0338003,0,0,0
1857,-0.000534068,-0.0725054,-0.0347099,0,0,0
1858,-0.000759425,-0.0800722,-0.0354471,0,0,0
1859,-0.000339815,-0.0880068,-0.0362443,0,0,0
1860,-0.000807956,-0.0965017,-0.0369353,0,0,0
1861,-6.84269e-005,-0.105205,-0.0375915,0,0,0
1862,-0.000957665,-0.114709,-0.0382385,0,0,0
1863,0.000304709,-0.124158,-0.038785,0,0,0
1864,-0.00119379,-0.134771,-0.0393095,0,0,0
1865,0.000677843,-0.14494,-0.0398201,0,0,0
1866,-0.00125589,-0.15676,-0.0402965,0,0,0
1867,0.000516664,-0.167661,-0.0402071,0,0,0
1868,-0.000303915,-0.180702,-0.0422874,0,0,0
1869,-0.00147406,-0.192492,-0.0380183,0,0,0
1870,0.00313777,-0.20667,-0.0460985,0,0,0
1871,0,0,0,0,0,0
1872,0,0,0,0,0,0
1873,-0.00492526,-0.221641,-0.0612368,0,0,0
1874,0.00163913,-0.219179,-0.0295917,0,0,0
1875,0.000277551,-0.000842986,-0.00216928,0,0,0
1876,0.000585803,-0.000995313,-0.00168119,0,0,0
1877,0.00054102,-0.00044955,-0.0024145,0,0,0
1878,0.00127222,-0.000114272,-0.00312734,0,0,0
1879,0.000684443,-0.000189285,-0.00630047,0,0,0
1880,0.00133189,-0.000375779,-0.00543357,0,0,0
1881,0.000668681,-0.000568494,-0.00304302,0,0,0
1882,0.00143074,-0.000315682,-0.00977964,0,0,0
1883,0.000722224,-0.000160737,-0.00966602,0,0,0
1884,0.00146077,-0.000178232,-0.00888934,0,0,0
1885,0.000692089,-0.00104351,-0.0106863,0,0,0
1886,0.00127443,-0.000710177,-0.0107184,0,0,0
1887,0.000549169,-0.000843979,-0.00982109,0,0,0
1888,0.00144057,-0.00122532,-0.0151197,0,0,0
1889,0.000722645,-0.00244357,-0.0144791,0,0,0
1890,0.00122684,-0.0012417,-0.0144566,0,0,0
1891,0.000568323,-0.00187885,-0.016907,0,0,0
1892,0.00109366,-0.00374773,-0.0160545,0,0,0
1893,4.9299e-005,-0.00703612,-0.0137689,0,0,0
1894,0.00219666,-0.00162131,-0.021713,0,0,0
1895,0.000560066,-0.00496006,-0.0206771,0,0,0
1896,0.00111488,-0.00639389,-0.0195316,0,0,0
1897,0.000569627,-0.00842443,-0.0212733,0,0,0
1898,0.000919273,-0.00761188,-0.0218347,0,0,0
1899,0.000492974,-0.0100173,-0.02368,0,0,0
1900,0.00127852,-0.0102526,-0.0230083,0,0,0
1901,0.00057987,-0.0132427,-0.0248458,0,0,0
1902,0.000870026,-0.0127379,-0.0250994,0,0,0
1903,0.000448665,-0.0158517,-0.0267526,0,0,0
1904,0.00118005,-0.0159587,-0.0263872,0,0,0
1905,0.000550633,-0.019553,-0.0281633,0,0,0
1906,0.000858003,-0.0191323,-0.0282076,0,0,0
1907,0.000430901,-0.0229962,-0.029797,0,0,0
1908,0.00106214,-0.023026,-0.0296236,0,0,0
1909,0.000491367,-0.0272839,-0.0312931,0,0,0
1910,0.000836218,-0.026948,-0.0311992,0,0,0
1911,0.000427919,-0.0315389,-0.0327394,0,0,0
1912,0.000949977,-0.0314929,-0.0326978,0,0,0
1913,0.000421366,-0.0364655,-0.0342733,0,0,0
1914,0.000805756,-0.0362117,-0.0340815,0,0,0
1915,0.000432348,-0.041536,-0.0355524,0,0,0
1916,0.000843966,-0.0414223,-0.0356135,0,0,0
1917,0.000344441,-0.0471406,-0.0371144,0,0,0
1918,0.00077675,-0.0469615,-0.0368442,0,0,0
1919,0.000448993,-0.0530428,-0.0382304,0,0,0
1920,0.000733827,-0.0528674,-0.0383783,0,0,0
1921,0.000251303,-0.0593547,-0.0398122,0,0,0
1922,0.000763447,-0.0592491,-0.0394811,0,0,0
1923,0.000492372,-0.066121,-0.0407827,0,0,0
1924,0.000604291,-0.0658782,-0.0409881,0,0,0
1925,0.000123079,-0.0731516,-0.0423429,0,0,0
1926,0.000782811,-0.0731347,-0.0420026,0,0,0
1927,0.000586144,-0.0808414,-0.0432444,0,0,0
1928,0.000437306,-0.0805047,-0.0434178,0,0,0
1929,-6.87172e-005,-0.0885755,-0.0446512,0,0,0
1930,0.000854083,-0.0886866,-0.0444439,0,0,0
1931,0.000763005,-0.0972788,-0.0456842,0,0,0
1932,0.000212556,-0.0967965,-0.0456119,0,0,0
1933,-0.000358129,-0.105683,-0.0466514,0,0,0
1934,0.000998571,-0.105981,-0.0468759,0,0,0
1935,0.00105102,-0.115493,-0.0481862,0,0,0
1936,-9.18392e-005,-0.114811,-0.0474762,0,0,0
1937,-0.000752914,-0.124572,-0.0482707,0,0,0
1938,0.00123638,-0.12508,-0.0494021,0,0,0
1939,0.00141105,-0.135492,-0.0507776,0,0,0
1940,-0.000491068,-0.134666,-0.0489065,0,0,0
1941,-0.00113045,-0.14542,-0.0495429,0,0,0
1942,0.00156652,-0.145938,-0.0520809,0,0,0
1943,0.00159147,-0.157216,-0.0533312,0,0,0
1944,-0.000953346,-0.156676,-0.0499506,0,0,0
1945,-0.00106819,-0.16845,-0.050658,0,0,0
1946,0.00192223,-0.168229,-0.0546362,0,0,0
1947,0.00105185,-0.180648,-0.0556784,0,0,0
1948,-0.00132001,-0.181516,-0.0512629,0,0,0
1949,7.37632e-005,-0.193678,-0.0514419,0,0,0
1950,0.00219951,-0.191321,-0.055842,0,0,0
1951,-0.000485497,-0.206398,-0.0608815,0,0,0
1952,-0.00113792,-0.2098,-0.0531157,0,0,0
1953,0.000256257,0.00106888,-0.00212467,0,0,0
1954,0.00063437,0.00111377,-0.00198328,0,0,0
1955,0.000569782,0.000681215,-0.00292319,0,0,0
1956,0.00116159,0.00052149,-0.00287228,0,0,0
1957,0.000579864,0.000776182,-0.00560317,0,0,0
1958,0.00133938,0.000823758,-0.00618051,0,0,0
1959,0.000609722,0.000922914,-0.00383171,0,0,0
1960,0.00134706,0.00078011,-0.00887894,0,0,0
1961,0.000754187,0.000342542,-0.00866801,0,0,0
1962,0.00118447,0.000527364,-0.00902074,0,0,0
1963,0.000506556,0.000491492,-0.00992869,0,0,0
1964,0.00115268,0.000387066,-0.00984678,0,0,0
1965,0.000425623,-0.000348291,-0.00886243,0,0,0
1966,0.00123616,-5.97927e-006,-0.0138672,0,0,0
1967,0.000738294,-0.000905721,-0.012848,0,0,0
1968,0.000809202,-0.0011668,-0.0125354,0,0,0
1969,0.000330973,-0.00187168,-0.0138242,0,0,0
1970,0.000976948,-0.00166065,-0.0143661,0,0,0
1971,-7.07298e-005,-0.00389704,-0.0119486,0,0,0
1972,0.00184697,-0.00279822,-0.0177049,0,0,0
1973,0.000526318,-0.00504836,-0.0158706,0,0,0
1974,0.000692767,-0.00492986,-0.0168055,0,0,0
1975,0.000307632,-0.00705838,-0.017583,0,0,0
1976,0.000659396,-0.00704311,-0.0167254,0,0,0
1977,0.000354327,-0.00960224,-0.0180982,0,0,0
1978,0.000713094,-0.00924246,-0.0184608,0,0,0
1979,0.000300106,-0.0121617,-0.0194531,0,0,0
1980,0.000585386,-0.0121636,-0.019048,0,0,0
1981,0.000293335,-0.0153335,-0.0201279,0,0,0
1982,0.000608424,-0.0149914,-0.0201859,0,0,0
1983,0.000275152,-0.0186253,-0.0211765,0,0,0
1984,0.000531871,-0.018594,-0.0209988,0,0,0
1985,0.000255894,-0.022443,-0.0219432,0,0,0
1986,0.000522267,-0.0221465,-0.0218701,0,0,0
1987,0.000231481,-0.0264725,-0.0227698,0,0,0
1988,0.000466905,-0.0263982,-0.0226881,0,0,0
1989,0.000232765,-0.0309733,-0.0235369,0,0,0
1990,0.000445833,-0.0307279,-0.0234176,0,0,0
1991,0.000179768,-0.0357572,-0.0242136,0,0,0
1992,0.000397918,-0.0356435,-0.0241756,0,0,0
1993,0.00021615,-0.0409672,-0.0249244,0,0,0
1994,0.000377059,-0.040768,-0.0247869,0,0,0
1995,0.000125848,-0.0465318,-0.0254835,0,0,0
1996,0.000325942,-0.0463846,-0.0254777,0,0,0
1997,0.000204337,-0.0524716,-0.026117,0,0,0
1998,0.000317676,-0.0523171,-0.0259637,0,0,0
1999,6.821e-005,-0.0588531,-0.0265636,0,0,0
2000,0.0002476,-0.0586678,-0.0265919,0,0,0
2001,0.000201816,-0.0655323,-0.0271176,0,0,0
2002,0.000272428,-0.0654365,-0.0269444,0,0,0
2003,-1.0796e-006,-0.0727868,-0.027442,0,0,0
2004,0.00015649,-0.0725378,-0.0275085,0,0,0
2005,0.000220253,-0.0801932,-0.0279271,0,0,0
2006,0.000248528,-0.0801962,-0.0277299,0,0,0
2007,-9.83414e-005,-0.0884069,-0.0281055,0,0,0
2008,4.49187e-005,-0.0880378,-0.0282127,0,0,0
2009,0.000280589,-0.0965025,-0.0285444,0,0,0
2010,0.000252795,-0.0966768,-0.028324,0,0,0
2011,-0.000247452,-0.105784,-0.0285509,0,0,0
2012,-9.15986e-005,-0.105211,-0.0286857,0,0,0
2013,0.00040372,-0.114533,-0.0289358,0,0,0
2014,0.00028534,-0.114962,-0.0287359,0,0,0
2015,-0.000453615,-0.124957,-0.0288409,0,0,0
2016,-0.000247892,-0.124125,-0.0288897,0,0,0
2017,0.000553698,-0.13442,-0.0289523,0,0,0
2018,0.000335066,-0.135085,-0.0290228,0,0,0
2019,-0.000600568,-0.145897,-0.0292029,0,0,0
2020,-0.000413429,-0.144965,-0.0286748,0,0,0
2021,0.000477274,-0.156385,-0.0282372,0,0,0
2022,0.000404587,-0.156891,-0.0294689,0,0,0
2023,-0.000224456,-0.168524,-0.0300534,0,0,0
2024,-0.000609569,-0.168225,-0.0274755,0,0,0
2025,-0.000486936,-0.180659,-0.0263881,0,0,0
2026,0.000626114,-0.179853,-0.0310007,0,0,0
2027,0.00158279,-0.192833,-0.0315165,0,0,0
2028,-0.000917685,-0.194793,-0.0238974,0,0,0
2029,-0.00326254,-0.207289,-0.0256273,0,0,0
2030,0.000877649,-0.203359,-0.0338088,0,0,0
2031,0.00142017,6.15304e-005,-0.00189434,0,0,0
2032,0.00167713,0.000170694,-0.00368182,0,0,0
2033,0.00204025,0.000365241,-0.00539139,0,0,0
2034,0.00194364,0.000249873,-0.00927851,0,0,0
2035,0.00202965,0.000427705,-0.00858599,0,0,0
2036,0.0017672,-0.000102372,-0.0102442,0,0,0
2037,0.00186309,-0.000168152,-0.0139826,0,0,0
2038,0.00179493,-0.00125501,-0.0132046,0,0,0
2039,0.0012485,-0.00207829,-0.015324,0,0,0
2040,0.00319997,-0.00227959,-0.0188428,0,0,0
2041,0.00127908,-0.00503093,-0.0184696,0,0,0
2042,0.00128297,-0.00726668,-0.0187034,0,0,0
2043,0.00140543,-0.00916079,-0.0207592,0,0,0
2044,0.00120971,-0.0123078,-0.0217667,0,0,0
2045,0.00122804,-0.0149543,-0.0231798,0,0,0
2046,0.00115405,-0.0186594,-0.0244042,0,0,0
2047,0.00109579,-0.0221236,-0.0255968,0,0,0
2048,0.00105376,-0.0264277,-0.0267968,0,0,0
2049,0.000994416,-0.0306945,-0.027893,0,0,0
2050,0.00093713,-0.0356537,-0.0290199,0,0,0
2051,0.000906642,-0.0407173,-0.0300278,0,0,0
2052,0.000815577,-0.0463783,-0.0310856,0,0,0
2053,0.000831162,-0.0522473,-0.0319957,0,0,0
2054,0.000685352,-0.0586462,-0.0329863,0,0,0
2055,0.000776555,-0.0653441,-0.0338003,0,0,0
2056,0.000534068,-0.0725054,-0.0347099,0,0,0
2057,0.000759425,-0.0800722,-0.0354471,0,0,0
2058,0.000339815,-0.0880068,-0.0362443,0,0,0
2059,0.000807956,-0.0965017,-0.0369353,0,0,0
2060,6.84269e-005,-0.105205,-0.0375915,0,0,0
2061,0.000957665,-0.114709,-0.0382385,0,0,0
2062,-0.000304709,-0.124158,-0.038785,0,0,0
2063,0.00119379,-0.134771,-0.0393095,0,0,0
2064,-0.000677843,-0.14494,-0.0398201,0,0,0
2065,0.00125589,-0.15676,-0.0402965,0,0,0
2066,-0.000516664,-0.167661,-0.0402071,0,0,0
2067,0.000303915,-0.180702,-0.0422874,0,0,0
2068,0.00147406,-0.192492,-0.0380183,0,0,0
2069,-0.00313777,-0.20667,-0.0460985,0,0,0
2070,-0.00039109,6.1426e-005,-0.00134838,0,0,0
2071,-0.000526621,4.85749e-005,-0.000989386,0,0,0
2072,-0.000383074,0.000172272,-0.00377766,0,0,0
2073,-0.00126572,0.000218881,-0.00438152,0,0,0
2074,-0.000787327,0.000272692,-0.00500306,0,0,0
2075,-0.00117183,0.000188621,-0.0041867,0,0,0
2076,-0.000705611,0.000158266,-0.0101284,0,0,0
2077,-0.00134448,0.000381476,-0.00508374,0,0,0
2078,-0.000541387,0.000173948,-0.00876784,0,0,0
2079,-0.00133411,3.90004e-005,-0.0079993,0,0,0
2080,-0.000721472,-0.000284976,-0.0104535,0,0,0
2081,-0.0012458,5.12704e-005,-0.0104985,0,0,0
2082,-0.000715726,-0.000569017,-0.0149388,0,0,0
2083,-0.00102376,-0.000764268,-0.00926196,0,0,0
2084,-0.000323977,-0.00140314,-0.0135574,0,0,0
2085,-0.00128729,-0.0011027,-0.0136405,0,0,0
2086,-0.000702421,-0.00256471,-0.015385,0,0,0
2087,-0.00103563,-0.00225312,-0.01454,0,0,0
2088,-0.00105075,-0.0023901,-0.0201012,0,0,0
2089,1.69977e-005,-0.00475674,-0.0137024,0,0,0
2090,-0.000336004,-0.00560935,-0.0183324,0,0,0
2091,-0.00105488,-0.00527063,-0.0173992,0,0,0
2092,-0.000496033,-0.00755826,-0.0193361,0,0,0
2093,-0.000959293,-0.00715196,-0.0197131,0,0,0
2094,-0.000413772,-0.00977911,-0.0210054,0,0,0
2095,-0.000811112,-0.0098902,-0.0205466,0,0,0
2096,-0.000421063,-0.0126554,-0.0220592,0,0,0
2097,-0.000886583,-0.0122211,-0.0221385,0,0,0
2098,-0.000406875,-0.015531,-0.0235129,0,0,0
2099,-0.000764629,-0.0155736,-0.0232989,0,0,0
2100,-0.000374748,-0.0190477,-0.024639,0,0,0
2101,-0.000798847,-0.0186871,-0.0245803,0,0,0
2102,-0.000372599,-0.0226551,-0.0258902,0,0,0
2103,-0.000710066,-0.0226352,-0.0257826,0,0,0
2104,-0.000348927,-0.0268353,-0.0270364,0,0,0
2105,-0.000715726,-0.0265339,-0.0269264,0,0,0
2106,-0.00032202,-0.0311907,-0.0281406,0,0,0
2107,-0.000648322,-0.031128,-0.0280795,0,0,0
2108,-0.000332325,-0.036065,-0.0292512,0,0,0
2109,-0.000640102,-0.0358089,-0.029124,0,0,0
2110,-0.000267451,-0.0411869,-0.0302489,0,0,0
2111,-0.000581407,-0.0410947,-0.0302146,0,0,0
2112,-0.000319722,-0.0467848,-0.031292,0,0,0
2113,-0.000573444,-0.0465639,-0.0311587,0,0,0
2114,-0.00021055,-0.0526942,-0.032203,0,0,0
2115,-0.000509833,-0.0525818,-0.0321876,0,0,0
2116,-0.000314199,-0.0590466,-0.0331619,0,0,0
2117,-0.000516331,-0.0588529,-0.0330291,0,0,0
2118,-0.000144674,-0.0657652,-0.0339945,0,0,0
2119,-0.00043292,-0.0656403,-0.0339911,0,0,0
2120,-0.000326266,-0.0729067,-0.0348634,0,0,0
2121,-0.00046983,-0.072733,-0.0347365,0,0,0
2122,-5.48318e-005,-0.0804555,-0.0356107,0,0,0
2123,-0.000349552,-0.0803254,-0.0356172,0,0,0
2124,-0.000376095,-0.088426,-0.0364061,0,0,0
2125,-0.000434342,-0.0882649,-0.0362793,0,0,0
2126,8.44866e-005,-0.0968243,-0.0370306,0,0,0
2127,-0.000260993,-0.0966968,-0.0370623,0,0,0
2128,-0.000492599,-0.105671,-0.0378006,0,0,0
2129,-0.000405675,-0.105514,-0.037648,0,0,0
2130,0.000299574,-0.114935,-0.038248,0,0,0
2131,-0.000175123,-0.114819,-0.0383306,0,0,0
2132,-0.000685436,-0.124712,-0.0390094,0,0,0
2133,-0.000372004,-0.12455,-0.0388315,0,0,0
2134,0.000558876,-0.134859,-0.0393513,0,0,0
2135,-0.000103392,-0.134763,-0.0394025,0,0,0
2136,-0.0008394,-0.145622,-0.0398419,0,0,0
2137,-0.000329066,-0.145448,-0.0399018,0,0,0
2138,0.000603334,-0.156678,-0.0406243,0,0,0
2139,-2.85155e-005,-0.15661,-0.040055,0,0,0
2140,-0.000489859,-0.168472,-0.039914,0,0,0
2141,-0.00035614,-0.16828,-0.041338,0,0,0
2142,-0.000335867,-0.180487,-0.042435,0,0,0
2143,0.000157171,-0.18045,-0.0393561,0,0,0
2144,0.00131509,-0.193372,-0.0392528,0,0,0
2145,-0.000727301,-0.193133,-0.0445039,0,0,0
2146,-0.00313381,-0.206098,-0.0425641,0,0,0
2147,0.000794262,-0.206563,-0.036993,0,0,0
2148,0.00039109,6.1426e-005,-0.00134838,0,0,0
2149,0.000526621,4.85749e-005,-0.000989386,0,0,0
2150,0.000383074,0.000172272,-0.00377766,0,0,0
2151,0.00126572,0.000218881,-0.00438152,0,0,0
2152,0.000787327,0.000272692,-0.00500306,0,0,0
2153,0.00117183,0.000188621,-0.0041867,0,0,0
2154,0.000705611,0.000158266,-0.0101284,0,0,0
2155,0.00134448,0.000381476,-0.00508374,0,0,0
2156,0.000541387,0.000173948,-0.00876784,0,0,0
2157,0.00133411,3.90004e-005,-0.0079993,0,0,0
2158,0.000721472,-0.000284976,-0.0104535,0,0,0
2159,0.0012458,5.12704e-005,-0.0104985,0,0,0
2160,0.000715726,-0.000569017,-0.0149388,0,0,0
2161,0.00102376,-0.000764268,-0.00926196,0,0,0
2162,0.000323977,-0.00140314,-0.0135574,0,0,0
2163,0.00128729,-0.0011027,-0.0136405,0,0,0
2164,0.000702421,-0.00256471,-0.015385,0,0,0
2165,0.00103563,-0.00225312,-0.01454,0,0,0
2166,0.00105075,-0.0023901,-0.0201012,0,0,0
2167,-1.69977e-005,-0.00475674,-0.0137024,0,0,0
2168,0.000336004,-0.00560935,-0.0183324,0,0,0
2169,0.00105488,-0.00527063,-0.0173992,0,0,0
2170,0.000496033,-0.00755826,-0.0193361,0,0,0
2171,0.000959293,-0.00715196,-0.0197131,0,0,0
2172,0.000413772,-0.00977911,-0.0210054,0,0,0
2173,0.000811112,-0.0098902,-0.0205466,0,0,0
2174,0.000421063,-0.0126554,-0.0220592,0,0,0
2175,0.000886583,-0.0122211,-0.0221385,0,0,0
2176,0.000406875,-0.015531,-0.0235129,0,0,0
2177,0.000764629,-0.0155736,-0.0232989,0,0,0
2178,0.000374748,-0.0190477,-0.024639,0,0,0
2179,0.000798847,-0.0186871,-0.0245803,0,0,0
2180,0.000372599,-0.0226551,-0.0258902,0,0,0
2181,0.000710066,-0.0226352,-0.0257826,0,0,0
2182,0.000348927,-0.0268353,-0.0270364,0,0,0
2183,0.000715726,-0.0265339,-0.0269264,0,0,0
2184,0.00032202,-0.0311907,-0.0281406,0,0,0
2185,0.000648322,-0.031128,-0.0280795,0,0,0
2186,0.000332325,-0.036065,-0.0292512,0,0,0
2187,0.000640102,-0.0358089,-0.029124,0,0,0
2188,0.000267451,-0.0411869,-0.0302489,0,0,0
2189,0.000581407,-0.0410947,-0.0302146,0,0,0
2190,0.000319722,-0.0467848,-0.031292,0,0,0
2191,0.000573444,-0.0465639,-0.0311587,0,0,0
2192,0.00021055,-0.0526942,-0.032203,0,0,0
2193,0.000509833,-0.0525818,-0.0321876,0,0,0
2194,0.000314199,-0.0590466,-0.0331619,0,0,0
2195,0.000516331,-0.0588529,-0.0330291,0,0,0
2196,0.000144674,-0.0657652,-0.0339945,0,0,0
2197,0.00043292,-0.0656403,-0.0339911,0,0,0
2198,0.000326266,-0.0729067,-0.0348634,0,0,0
2199,0.00046983,-0.072733,-0.0347365,0,0,0
2200,5.48318e-005,-0.0804555,-0.0356107,0,0,0
2201,0.000349552,-0.0803254,-0.0356172,0,0,0
2202,0.000376095,-0.088426,-0.0364061,0,0,0
2203,0.000434342,-0.0882649,-0.0362793,0,0,0
2204,-8.44866e-005,-0.0968243,-0.0370306,0,0,0
2205,0.000260993,-0.0966968,-0.0370623,0,0,0
2206,0.000492599,-0.105671,-0.0378006,0,0,0
2207,0.000405675,-0.105514,-0.037648,0,0,0
2208,-0.000299574,-0.114935,-0.038248,0,0,0
2209,0.000175123,-0.114819,-0.0383306,0,0,0
2210,0.000685436,-0.124712,-0.0390094,0,0,0
2211,0.000372004,-0.12455,-0.0388315,0,0,0
2212,-0.000558876,-0.134859,-0.0393513,0,0,0
2213,0.000103392,-0.134763,-0.0394025,0,0,0
2214,0.0008394,-0.145622,-0.0398419,0,0,0
2215,0.000329066,-0.145448,-0.0399018,0,0,0
2216,-0.000603334,-0.156678,-0.0406243,0,0,0
2217,2.85155e-005,-0.15661,-0.040055,0,0,0
2218,0.000489859,-0.168472,-0.039914,0,0,0
2219,0.00035614,-0.16828,-0.041338,0,0,0
2220,0.000335867,-0.180487,-0.042435,0,0,0
2221,-0.000157171,-0.18045,-0.0393561,0,0,0
2222,-0.00131509,-0.193372,-0.0392528,0,0,0
2223,0.000727301,-0.193133,-0.0445039,0,0,0
2224,0.00313381,-0.206098,-0.0425641,0,0,0
2225,-0.000794262,-0.206563,-0.036993,0,0,0
2226,0.000295591,0.000192347,-0.000436398,0,0,0
2227,0.000295591,-0.000192347,-0.000436398,0,0,0
2228,0.000435281,-7.5765e-006,-0.000308159,0,0,0
2229,0.000435281,7.5765e-006,-0.000308159,0,0,0
2230,-0.00489973,-0.00197897,-0.00307023,0,0,0
2231,-0.00489973,0.00197897,-0.00307023,0,0,0
2232,0,0,0,0,0,0
2233,0,0,0,0,0,0
2234,0,0,0,0,0,0
2235,0,0,0,0,0,0
2236,-0.000233601,-7.32941e-005,3.80771e-006,0,0,0
2237,0.000302724,-3.86413e-018,-0.000383209,0,0,0
2238,-0.000233601,7.32941e-005,3.80771e-006,0,0,0
2239,0.000124957,-3.98723e-006,-0.000321123,0,0,0
2240,0.000136073,-2.10888e-005,-0.000235297,0,0,0
2241,0.00025627,-2.67597e-006,-0.000257094,0,0,0
2242,0.000306547,-2.38937e-005,-0.000339825,0,0,0
2243,0.00037367,1.25786e-005,-0.000256376,0,0,0
2244,0.000431468,-1.25889e-006,-0.000400823,0,0,0
2245,0.000411258,-2.54783e-017,-0.000316787,0,0,0
2246,0.000431468,1.25889e-006,-0.000400823,0,0,0
2247,0.00037367,-1.25786e-005,-0.000256376,0,0,0
2248,0.000306547,2.38937e-005,-0.000339825,0,0,0
2249,0.00025627,2.67597e-006,-0.000257094,0,0,0
2250,0.000136073,2.10888e-005,-0.000235297,0,0,0
2251,0.000124957,3.98723e-006,-0.000321123,0,0,0
2252,0.00414737,0.000539732,0.00138751,0,0,0
2253,-0.00342418,-5.08317e-017,-0.00237409,0,0,0
2254,0.00414737,-0.000539732,0.00138751,0,0,0
2255,0.000630583,-0.000658677,-0.00108038,0,0,0
2256,0.000100691,0.000514285,-0.00110196,0,0,0
2257,0.000907198,-0.00051379,-0.000396369,0,0,0
2258,-0.000680885,0.000216141,-0.00153005,0,0,0
2259,0.00208065,0.00015868,0.000489579,0,0,0
2260,0.00208065,-0.00015868,0.000489579,0,0,0
2261,-0.000680885,-0.000216141,-0.00153005,0,0,0
2262,0.000907198,0.00051379,-0.000396369,0,0,0
2263,0.000100691,-0.000514285,-0.00110196,0,0,0
2264,0.000630583,0.000658677,-0.00108038,0,0,0
2265,0.000448401,-3.73182e-006,-0.000394611,0,0,0
2266,0.000436667,5.69606e-006,-0.000419302,0,0,0
2267,0.000457001,-1.0862e-005,-0.000494766,0,0,0
2268,0.000459211,-2.85242e-006,-0.000496497,0,0,0
2269,0.000496362,-1.77465e-005,-0.000585306,0,0,0
2270,0.000543948,-2.94927e-005,-0.000554355,0,0,0
2271,0.000527121,-2.11822e-006,-0.000717334,0,0,0
2272,0.000816947,-0.000134151,-0.000593033,0,0,0
2273,0.000497938,0.000151179,-0.000977846,0,0,0
2274,0.0023655,-0.00139372,0.000882257,0,0,0
2275,-0.00115963,0.00116223,-0.00134625,0,0,0
2276,0.000782257,-0.000785233,0.000243782,0,0,0
2277,-0.000245527,0.000663207,-0.00086055,0,0,0
2278,0.000224746,-0.000395486,7.00319e-005,0,0,0
2279,6.61674e-005,0.000361727,-0.000652519,0,0,0
2280,2.53085e-006,-0.000206507,1.33597e-005,0,0,0
2281,0.000186293,0.000228387,-0.00053636,0,0,0
2282,-0.000140474,-0.000154703,2.48456e-005,0,0,0
2283,0.000497938,-0.000151179,-0.000977846,0,0,0
2284,0.000816947,0.000134151,-0.000593033,0,0,0
2285,0.000527121,2.11822e-006,-0.000717334,0,0,0
2286,0.000543948,2.94927e-005,-0.000554355,0,0,0
2287,0.000496362,1.77465e-005,-0.000585306,0,0,0
2288,0.000459211,2.85242e-006,-0.000496497,0,0,0
2289,0.000457001,1.0862e-005,-0.000494766,0,0,0
2290,0.000436667,-5.69606e-006,-0.000419302,0,0,0
2291,0.000448401,3.73182e-006,-0.000394611,0,0,0
2292,-0.000140474,0.000154703,2.48456e-005,0,0,0
2293,0.000186293,-0.000228387,-0.00053636,0,0,0
2294,2.53085e-006,0.000206507,1.33597e-005,0,0,0
2295,6.61674e-005,-0.000361727,-0.000652519,0,0,0
2296,0.000224746,0.000395486,7.00319e-005,0,0,0
2297,-0.000245527,-0.000663207,-0.00086055,0,0,0
2298,0.000782257,0.000785233,0.000243782,0,0,0
2299,-0.00115963,-0.00116223,-0.00134625,0,0,0
2300,0.0023655,0.00139372,0.000882257,0,0,0
2301,6.81343e-005,5.48987e-005,-0.000185731,0,0,0
2302,-0.000102238,-5.93331e-007,-0.000129592,0,0,0
2303,-1.90667e-005,4.56088e-005,-7.58333e-005,0,0,0
2304,0,0,0,0,0,0
2305,0,0,0,0,0,0
2306,0,0,0,0,0,0
2307,-1.90667e-005,-4.56088e-005,-7.58333e-005,0,0,0
2308,-0.000102238,5.93331e-007,-0.000129592,0,0,0
2309,6.81343e-005,-5.48987e-005,-0.000185731,0,0,0
2310,0.000455937,-7.91231e-005,-2.58356e-005,0,0,0
2311,-0.000774207,0.000424229,-0.000760413,0,0,0
2312,0.00200157,-0.000644654,0.000500634,0,0,0
2313,0,0,0,0,0,0
2314,0,0,0,0,0,0
2315,0,0,0,0,0,0
2316,0.00200157,0.000644654,0.000500634,0,0,0
2317,-0.000774207,-0.000424229,-0.000760413,0,0,0
2318,0.000455937,7.91231e-005,-2.58356e-005,0,0,0
2319,0,0,0,0,0,0
2320,0,0,0,0,0,0
2321,0,0,0,0,0,0
2322,0,0,0,0,0,0
2323,0,0,0,0,0,0
2324,0,0,0,0,0,0
2325,0,0,0,0,0,0
2326,0,0,0,0,0,0
2327,0,0,0,0,0,0
2328,0,0,0,0,0,0
2329,0,0,0,0,0,0
2330,0,0,0,0,0,0
2331,0,0,0,0,0,0
2332,0,0,0,0,0,0
2333,0,0,0,0,0,0
2334,0,0,0,0,0,0
2335,0,0,0,0,0,0
2336,0,0,0,0,0,0
2337,8.68183e-005,4.70472e-006,-8.25135e-005,0,0,0
2338,0.000143519,-2.97868e-017,-0.000380168,0,0,0
2339,8.68183e-005,-4.70472e-006,-8.25135e-005,0,0,0
2340,0.00018744,1.23462e-005,-0.000324527,0,0,0
2341,0.00011717,-1.81062e-017,-0.000195409,0,0,0
2342,0.00018744,-1.23462e-005,-0.000324527,0,0,0
2343,0.000237572,4.72118e-006,-0.00024952,0,0,0
2344,0.000280053,-3.46284e-017,-0.000291334,0,0,0
2345,0.000237572,-4.72118e-006,-0.00024952,0,0,0
2346,0.000301244,2.90601e-006,-0.000320844,0,0,0
2347,0.000281863,-3.51857e-017,-0.000326857,0,0,0
2348,0.000301244,-2.90601e-006,-0.000320844,0,0,0
2349,0.000396009,8.24473e-006,-0.00032127,0,0,0
2350,0.000394923,-4.35782e-017,-0.000266489,0,0,0
2351,0.000396009,-8.24473e-006,-0.00032127,0,0,0
2352,-0.00135621,0.00023736,-0.00190784,0,0,0
2353,0.00150944,7.82387e-017,0.000489212,0,0,0
2354,-0.00135621,-0.00023736,-0.00190784,0,0,0
2355,0.00114034,8.16368e-005,1.5547e-005,0,0,0
2356,-0.000314524,-8.99481e-017,-0.00160168,0,0,0
2357,0.00114034,-8.16368e-005,1.5547e-005,0,0,0
2358,-0.000278812,-0.00011517,-0.00131171,0,0,0
2359,0.000680402,1.42708e-016,-0.000369591,0,0,0
2360,-0.000278812,0.00011517,-0.00131171,0,0,0
2361,0.000989174,0.000194926,-0.000794542,0,0,0
2362,0.000298141,9.10052e-017,-0.00115094,0,0,0
2363,0.000989174,-0.000194926,-0.000794542,0,0,0
2364,3.93855e-005,-0.000160386,-0.000813911,0,0,0
2365,0.000529898,2.40856e-016,-0.00117131,0,0,0
2366,3.93855e-005,0.000160386,-0.000813911,0,0,0
2367,8.05001e-005,3.02016e-005,-0.000194829,0,0,0
2368,0.000205363,1.26545e-005,-0.000324448,0,0,0
2369,0.000228878,2.03757e-005,-0.000369385,0,0,0
2370,0.000326327,-2.4499e-006,-0.00031876,0,0,0
2371,0.000379528,2.01662e-005,-0.00044029,0,0,0
2372,0.000131873,8.9224e-006,-0.000419459,0,0,0
2373,0.000161653,2.70561e-005,-0.000330767,0,0,0
2374,0.00027157,-4.49719e-007,-0.000373165,0,0,0
2375,0.000313242,2.60623e-005,-0.000450404,0,0,0
2376,0.000396249,-1.95633e-005,-0.000365492,0,0,0
2377,0.000127665,4.75524e-005,-0.000260008,0,0,0
2378,0.000206759,1.40828e-005,-0.000419493,0,0,0
2379,0.0002505,2.65555e-005,-0.000442842,0,0,0
2380,0.000351569,-1.16729e-005,-0.000410537,0,0,0
2381,0.000385165,2.16869e-005,-0.000539735,0,0,0
2382,0.000119527,-4.5474e-006,-0.00048089,0,0,0
2383,0.000205449,3.489e-005,-0.000370259,0,0,0
2384,0.000290806,-5.18817e-006,-0.000465703,0,0,0
2385,0.000329045,3.2323e-005,-0.000520267,0,0,0
2386,0.000440805,-3.18798e-005,-0.000439836,0,0,0
2387,0.000178426,9.22589e-005,-0.000325948,0,0,0
2388,0.000194376,1.67849e-005,-0.000511413,0,0,0
2389,0.000283419,2.88269e-005,-0.000479796,0,0,0
2390,0.000395867,-1.8551e-005,-0.000491273,0,0,0
2391,0.000407476,1.71077e-005,-0.000617682,0,0,0
2392,0.00011439,-5.82249e-005,-0.000516131,0,0,0
2393,0.000268452,4.16802e-005,-0.000406405,0,0,0
2394,0.00029669,3.89199e-006,-0.000579728,0,0,0
2395,0.000366003,2.30539e-005,-0.000570667,0,0,0
2396,0.000503693,-3.22327e-005,-0.000516654,0,0,0
2397,0.000165147,0.000191375,-0.000487728,0,0,0
2398,0.000154971,2.49494e-005,-0.000616348,0,0,0
2399,0.0003494,2.61656e-006,-0.000521115,0,0,0
2400,0.000409353,1.45129e-005,-0.000612891,0,0,0
2401,0.000503472,-2.81835e-005,-0.000690101,0,0,0
2402,0.000289877,-0.000191337,-0.000426529,0,0,0
2403,0.000293693,2.90458e-005,-0.000567866,0,0,0
2404,0.000232178,9.0021e-005,-0.000733225,0,0,0
2405,0.000492102,-6.67408e-005,-0.000638655,0,0,0
2406,0.000486226,5.55739e-005,-0.000663948,0,0,0
2407,-0.000447448,0.000352163,-0.00103161,0,0,0
2408,0.000375739,0.000120672,-0.000512363,0,0,0
2409,0.000379547,-0.000153067,-0.000816246,0,0,0
2410,0.000258963,0.000258813,-0.000817799,0,0,0
2411,0.000784975,-0.000270197,-0.000747245,0,0,0
2412,8.05001e-005,-3.02016e-005,-0.000194829,0,0,0
2413,0.000205363,-1.26545e-005,-0.000324448,0,0,0
2414,0.000228878,-2.03757e-005,-0.000369385,0,0,0
2415,0.000326327,2.4499e-006,-0.00031876,0,0,0
2416,0.000379528,-2.01662e-005,-0.00044029,0,0,0
2417,0.000131873,-8.9224e-006,-0.000419459,0,0,0
2418,0.000161653,-2.70561e-005,-0.000330767,0,0,0
2419,0.00027157,4.49719e-007,-0.000373165,0,0,0
2420,0.000313242,-2.60623e-005,-0.000450404,0,0,0
2421,0.000396249,1.95633e-005,-0.000365492,0,0,0
2422,0.000127665,-4.75524e-005,-0.000260008,0,0,0
2423,0.000206759,-1.40828e-005,-0.000419493,0,0,0
2424,0.0002505,-2.65555e-005,-0.000442842,0,0,0
2425,0.000351569,1.16729e-005,-0.000410537,0,0,0
2426,0.000385165,-2.16869e-005,-0.000539735,0,0,0
2427,0.000119527,4.5474e-006,-0.00048089,0,0,0
2428,0.000205449,-3.489e-005,-0.000370259,0,0,0
2429,0.000290806,5.18817e-006,-0.000465703,0,0,0
2430,0.000329045,-3.2323e-005,-0.000520267,0,0,0
2431,0.000440805,3.18798e-005,-0.000439836,0,0,0
2432,0.000178426,-9.22589e-005,-0.000325948,0,0,0
2433,0.000194376,-1.67849e-005,-0.000511413,0,0,0
2434,0.000283419,-2.88269e-005,-0.000479796,0,0,0
2435,0.000395867,1.8551e-005,-0.000491273,0,0,0
2436,0.000407476,-1.71077e-005,-0.000617682,0,0,0
2437,0.00011439,5.82249e-005,-0.000516131,0,0,0
2438,0.000268452,-4.16802e-005,-0.000406405,0,0,0
2439,0.00029669,-3.89199e-006,-0.000579728,0,0,0
2440,0.000366003,-2.30539e-005,-0.000570667,0,0,0
2441,0.000503693,3.22327e-005,-0.000516654,0,0,0
2442,0.000165147,-0.000191375,-0.000487728,0,0,0
2443,0.000154971,-2.49494e-005,-0.000616348,0,0,0
2444,0.0003494,-2.61656e-006,-0.000521115,0,0,0
2445,0.000409353,-1.45129e-005,-0.000612891,0,0,0
2446,0.000503472,2.81835e-005,-0.000690101,0,0,0
2447,0.000289877,0.000191337,-0.000426529,0,0,0
2448,0.000293693,-2.90458e-005,-0.000567866,0,0,0
2449,0.000232178,-9.0021e-005,-0.000733225,0,0,0
2450,0.000492102,6.67408e-005,-0.000638655,0,0,0
2451,0.000486226,-5.55739e-005,-0.000663948,0,0,0
2452,-0.000447448,-0.000352163,-0.00103161,0,0,0
2453,0.000375739,-0.000120672,-0.000512363,0,0,0
2454,0.000379547,0.000153067,-0.000816246,0,0,0
2455,0.000258963,-0.000258813,-0.000817799,0,0,0
2456,0.000784975,0.000270197,-0.000747245,0,0,0
2457,0.000249874,9.97683e-005,-0.000465131,0,0,0
2458,-0.000136496,-2.14943e-017,-4.05855e-005,0,0,0
2459,0.000249874,-9.97683e-005,-0.000465131,0,0,0
2460,-7.80113e-005,-8.35601e-005,-5.43024e-005,0,0,0
2461,0.000201572,8.27657e-018,-0.000476455,0,0,0
2462,-7.80113e-005,8.35601e-005,-5.43024e-005,0,0,0
2463,0.000157327,0.000140211,-0.00056519,0,0,0
2464,-1.31362e-005,-1.58234e-017,-6.8466e-005,0,0,0
2465,0.000157327,-0.000140211,-0.00056519,0,0,0
2466,7.37377e-005,-0.000138147,-4.66967e-005,0,0,0
2467,0.000107369,2.53735e-017,-0.00057324,0,0,0
2468,7.37377e-005,0.000138147,-4.66967e-005,0,0,0
2469,-1.61669e-005,0.000237243,-0.000705026,0,0,0
2470,0.000171864,-1.41848e-017,-4.60034e-005,0,0,0
2471,-1.61669e-005,-0.000237243,-0.000705026,0,0,0
2472,0.000397167,-0.000260322,2.37447e-005,0,0,0
2473,-0.000156456,4.91588e-017,-0.000737118,0,0,0
2474,0.000397167,0.000260322,2.37447e-005,0,0,0
2475,-0.000519312,0.000402703,-0.000972304,0,0,0
2476,0.000651117,-2.52671e-017,6.25316e-005,0,0,0
2477,-0.000519312,-0.000402703,-0.000972304,0,0,0
2478,0.00126518,-0.00045996,0.000265556,0,0,0
2479,-0.000940977,8.73727e-017,-0.00112244,0,0,0
2480,0.00126518,0.00045996,0.000265556,0,0,0
2481,-0.00201098,0.000568709,-0.00167776,0,0,0
2482,0.00211798,-8.67366e-017,0.000536041,0,0,0
2483,-0.00201098,-0.000568709,-0.00167776,0,0,0
2484,0.000444754,-1.83782e-006,-0.000310716,0,0,0
2485,0.0004597,-5.12506e-017,-0.000394774,0,0,0
2486,0.000444754,1.83782e-006,-0.000310716,0,0,0
2487,0.000436826,-3.76957e-006,-0.000515926,0,0,0
2488,0.000431361,-8.32252e-018,-0.000431155,0,0,0
2489,0.000436826,3.76957e-006,-0.000515926,0,0,0
2490,0.000453339,1.51899e-006,-0.000402175,0,0,0
2491,0.000445293,-3.14735e-017,-0.000490096,0,0,0
2492,0.000453339,-1.51899e-006,-0.000402175,0,0,0
2493,0.000453641,-1.92636e-005,-0.000619581,0,0,0
2494,0.000481621,6.25709e-018,-0.000522208,0,0,0
2495,0.000453641,1.92636e-005,-0.000619581,0,0,0
2496,0.00050838,1.22017e-005,-0.000448741,0,0,0
2497,0.000441884,-5.18517e-018,-0.000572858,0,0,0
2498,0.00050838,-1.22017e-005,-0.000448741,0,0,0
2499,0.00048603,-4.97674e-005,-0.000772218,0,0,0
2500,0.000623045,2.92825e-017,-0.000593677,0,0,0
2501,0.00048603,4.97674e-005,-0.000772218,0,0,0
2502,0.00066339,3.05535e-005,-0.00042109,0,0,0
2503,0.000399036,3.85428e-017,-0.000723115,0,0,0
2504,0.00066339,-3.05535e-005,-0.00042109,0,0,0
2505,0.000508682,-8.75134e-005,-0.00112724,0,0,0
2506,0.000975306,7.71056e-017,-0.000607079,0,0,0
2507,0.000508682,8.75134e-005,-0.00112724,0,0,0
2508,0.000917702,5.71828e-006,-0.000187812,0,0,0
2509,0.000310581,1.04456e-016,-0.00113284,0,0,0
2510,0.000917702,-5.71828e-006,-0.000187812,0,0,0
2511,-7.09242e-005,9.11089e-006,-0.00010212,0,0,0
2512,6.92488e-005,-1.75692e-017,-0.000243669,0,0,0
2513,-7.09242e-005,-9.11089e-006,-0.00010212,0,0,0
2514,1.6421e-005,-3.41789e-005,-0.000136556,0,0,0
2515,-8.52014e-005,-2.51569e-018,-8.50131e-005,0,0,0
2516,1.6421e-005,3.41789e-005,-0.000136556,0,0,0
2517,-6.48317e-005,-6.5725e-006,-7.4465e-005,0,0,0
2518,-3.23085e-005,-3.43938e-018,-8.82676e-005,0,0,0
2519,-6.48317e-005,6.5725e-006,-7.4465e-005,0,0,0
2520,-0.00148487,-0.000325509,-0.00111373,0,0,0
2521,0.00155046,-2.47418e-017,0.00016253,0,0,0
2522,-0.00148487,0.000325509,-0.00111373,0,0,0
2523,0.000853311,8.43436e-005,-1.50207e-006,0,0,0
2524,-0.000546349,-3.13775e-017,-0.000543751,0,0,0
2525,0.000853311,-8.43436e-005,-1.50207e-006,0,0,0
2526,-0.000216183,-8.05052e-005,-0.000273914,0,0,0
2527,0.000385529,3.54737e-018,-8.20966e-005,0,0,0
2528,-0.000216183,8.05052e-005,-0.000273914,0,0,0
2529,-5.45492e-005,-4.46723e-006,-0.000183678,0,0,0
2530,1.49185e-005,-5.33359e-005,-0.000113436,0,0,0
2531,-4.41135e-005,-3.84018e-005,-9.43259e-005,0,0,0
2532,4.2481e-005,-6.07035e-005,-0.000234316,0,0,0
2533,-4.18888e-005,-2.13503e-005,-0.000161087,0,0,0
2534,-3.47591e-006,-5.72165e-005,-7.66624e-005,0,0,0
2535,2.0823e-005,-3.3778e-005,-0.000236748,0,0,0
2536,1.33106e-005,-6.87843e-005,-0.000131125,0,0,0
2537,-2.12007e-005,-5.22299e-005,-0.00012377,0,0,0
2538,1.5216e-005,-4.92227e-005,-0.000262597,0,0,0
2539,9.00592e-006,-3.09531e-005,-0.000196006,0,0,0
2540,-3.27148e-007,-7.64132e-005,-8.61325e-005,0,0,0
2541,8.25129e-005,-9.09229e-005,-0.000294021,0,0,0
2542,-1.11976e-005,-8.46902e-005,-0.000147186,0,0,0
2543,1.11184e-006,-5.51722e-005,-0.000153741,0,0,0
2544,1.04424e-005,1.84924e-005,-0.000278269,0,0,0
2545,6.33193e-005,-4.63918e-005,-0.000240016,0,0,0
2546,-1.23565e-005,-9.88164e-005,-9.22594e-005,0,0,0
2547,4.44441e-005,-0.000234815,-0.000418549,0,0,0
2548,-1.60109e-005,-6.56036e-005,-0.000155637,0,0,0
2549,2.52443e-005,-6.17732e-005,-0.000189886,0,0,0
2550,0.000264237,0.00024298,-0.000181926,0,0,0
2551,1.00537e-005,-0.000123008,-0.000348046,0,0,0
2552,2.10605e-005,-9.26519e-005,-0.000107502,0,0,0
2553,-0.000697219,-0.000567622,-0.000928856,0,0,0
2554,0.000327061,9.31917e-005,-8.97008e-005,0,0,0
2555,-3.58405e-005,-0.000126446,-0.000224526,0,0,0
2556,-5.45492e-005,4.46723e-006,-0.000183678,0,0,0
2557,1.49185e-005,5.33359e-005,-0.000113436,0,0,0
2558,-4.41135e-005,3.84018e-005,-9.43259e-005,0,0,0
2559,4.2481e-005,6.07035e-005,-0.000234316,0,0,0
2560,-4.18888e-005,2.13503e-005,-0.000161087,0,0,0
2561,-3.47591e-006,5.72165e-005,-7.66624e-005,0,0,0
2562,2.0823e-005,3.3778e-005,-0.000236748,0,0,0
2563,1.33106e-005,6.87843e-005,-0.000131125,0,0,0
2564,-2.12007e-005,5.22299e-005,-0.00012377,0,0,0
2565,1.5216e-005,4.92227e-005,-0.000262597,0,0,0
2566,9.00592e-006,3.09531e-005,-0.000196006,0,0,0
2567,-3.27148e-007,7.64132e-005,-8.61325e-005,0,0,0
2568,8.25129e-005,9.09229e-005,-0.000294021,0,0,0
2569,-1.11976e-005,8.46902e-005,-0.000147186,0,0,0
2570,1.11184e-006,5.51722e-005,-0.000153741,0,0,0
2571,1.04424e-005,-1.84924e-005,-0.000278269,0,0,0
2572,6.33193e-005,4.63918e-005,-0.000240016,0,0,0
2573,-1.23565e-005,9.88164e-005,-9.22594e-005,0,0,0
2574,4.44441e-005,0.000234815,-0.000418549,0,0,0
2575,-1.60109e-005,6.56036e-005,-0.000155637,0,0,0
2576,2.52443e-005,6.17732e-005,-0.000189886,0,0,0
2577,0.000264237,-0.00024298,-0.000181926,0,0,0
2578,1.00537e-005,0.000123008,-0.000348046,0,0,0
2579,2.10605e-005,9.26519e-005,-0.000107502,0,0,0
2580,-0.000697219,0.000567622,-0.000928856,0,0,0
2581,0.000327061,-9.31917e-005,-8.97008e-005,0,0,0
2582,-3.58405e-005,0.000126446,-0.000224526,0,0,0
2583,0,0,0,0,0,0
2584,0,0,0,0,0,0
2585,0,0,0,0,0,0
2586,0,0,0,0,0,0
2587,0,0,0,0,0,0
2588,0,0,0,0,0,0
2589,0,0,0,0,0,0
2590,0,0,0,0,0,0
2591,0,0,0,0,0,0
2592,0,0,0,0,0,0
2593,0,0,0,0,0,0
2594,0,0,0,0,0,0
2595,0,0,0,0,0,0
2596,0,0,0,0,0,0
2597,0,0,0,0,0,0
2598,0,0,0,0,0,0
2599,0,0,0,0,0,0
2600,0,0,0,0,0,0
2601,0,0,0,0,0,0
2602,0,0,0,0,0,0
2603,0,0,0,0,0,0
2604,0,0,0,0,0,0
2605,0,0,0,0,0,0
2606,0,0,0,0,0,0
2607,0,0,0,0,0,0
2608,0,0,0,0,0,0
2609,0,0,0,0,0,0
2610,0.000126334,1.36083e-005,-0.000416346,0,0,0
2611,7.77966e-005,-3.48851e-018,-0.000141559,0,0,0
2612,0.000126334,-1.36083e-005,-0.000416346,0,0,0
2613,0.00015694,1.56579e-006,-0.000255103,0,0,0
2614,0.000218737,-2.66527e-017,-0.000373507,0,0,0
2615,0.00015694,-1.56579e-006,-0.000255103,0,0,0
2616,0.000253833,9.36084e-006,-0.000370645,0,0,0
2617,0.000216363,-1.84967e-017,-0.000342083,0,0,0
2618,0.000253833,-9.36084e-006,-0.000370645,0,0,0
2619,0.000319471,5.4811e-006,-0.000353491,0,0,0
2620,0.000338827,-2.80029e-017,-0.000340401,0,0,0
2621,0.000319471,-5.4811e-006,-0.000353491,0,0,0
2622,0.00037091,-2.22823e-006,-0.00037545,0,0,0
2623,0.000364732,-2.66866e-017,-0.00043985,0,0,0
2624,0.00037091,2.22823e-006,-0.00037545,0,0,0
2625,0.00011148,9.68652e-006,-0.000172833,0,0,0
2626,0.000139616,-2.05948e-017,-0.00048701,0,0,0
2627,0.00011148,-9.68652e-006,-0.000172833,0,0,0
2628,0.000200622,1.47289e-005,-0.000441285,0,0,0
2629,0.000157447,-3.42455e-018,-0.000287681,0,0,0
2630,0.000200622,-1.47289e-005,-0.000441285,0,0,0
2631,0.000249446,6.73585e-006,-0.000353895,0,0,0
2632,0.000277875,-2.07083e-017,-0.000411286,0,0,0
2633,0.000249446,-6.73585e-006,-0.000353895,0,0,0
2634,0.000323488,-1.36867e-006,-0.000436191,0,0,0
2635,0.000307797,-1.8279e-017,-0.000438501,0,0,0
2636,0.000323488,1.36867e-006,-0.000436191,0,0,0
2637,0.000391603,1.04101e-005,-0.000433572,0,0,0
2638,0.00039783,-2.65799e-017,-0.000374855,0,0,0
2639,0.000391603,-1.04101e-005,-0.000433572,0,0,0
2640,0.00012534,1.44291e-005,-0.000494859,0,0,0
2641,0.000131717,1.14836e-017,-0.00020076,0,0,0
2642,0.00012534,-1.44291e-005,-0.000494859,0,0,0
2643,0.000189312,3.70861e-006,-0.000318842,0,0,0
2644,0.000210694,-1.44114e-017,-0.000477664,0,0,0
2645,0.000189312,-3.70861e-006,-0.000318842,0,0,0
2646,0.000270205,6.16417e-006,-0.000471407,0,0,0
2647,0.000252666,-4.38594e-018,-0.000416678,0,0,0
2648,0.000270205,-6.16417e-006,-0.000471407,0,0,0
2649,0.000333418,1.12432e-005,-0.000440141,0,0,0
2650,0.000344969,-1.05049e-017,-0.000434006,0,0,0
2651,0.000333418,-1.12432e-005,-0.000440141,0,0,0
2652,0.000398327,-1.2026e-005,-0.000471473,0,0,0
2653,0.000390203,-1.18923e-017,-0.000544889,0,0,0
2654,0.000398327,1.2026e-005,-0.000471473,0,0,0
2655,0.000160359,2.07345e-005,-0.000226765,0,0,0
2656,0.000116083,-1.26208e-017,-0.000564957,0,0,0
2657,0.000160359,-2.07345e-005,-0.000226765,0,0,0
2658,0.000200548,1.63699e-005,-0.000534172,0,0,0
2659,0.000213355,1.19042e-017,-0.00032531,0,0,0
2660,0.000200548,-1.63699e-005,-0.000534172,0,0,0
2661,0.0002777,1.26842e-005,-0.00040675,0,0,0
2662,0.000278629,-4.27752e-018,-0.00050701,0,0,0
2663,0.0002777,-1.26842e-005,-0.00040675,0,0,0
2664,0.000352592,-1.31856e-005,-0.000525526,0,0,0
2665,0.000347477,-6.28837e-018,-0.000514563,0,0,0
2666,0.000352592,1.31856e-005,-0.000525526,0,0,0
2667,0.000409746,2.03027e-005,-0.0005109,0,0,0
2668,0.000413248,-4.01832e-018,-0.000447047,0,0,0
2669,0.000409746,-2.03027e-005,-0.0005109,0,0,0
2670,0.000113348,5.27164e-006,-0.000545895,0,0,0
2671,0.00020118,3.32503e-017,-0.000253692,0,0,0
2672,0.000113348,-5.27164e-006,-0.000545895,0,0,0
2673,0.000239804,6.56689e-006,-0.000361065,0,0,0
2674,0.000177594,-3.54229e-018,-0.000574814,0,0,0
2675,0.000239804,-6.56689e-006,-0.000361065,0,0,0
2676,0.000282987,7.6579e-007,-0.00056398,0,0,0
2677,0.000314632,1.06591e-017,-0.000462224,0,0,0
2678,0.000282987,-7.6579e-007,-0.00056398,0,0,0
2679,0.000367333,2.33229e-005,-0.000497385,0,0,0
2680,0.000352243,9.61044e-018,-0.000512872,0,0,0
2681,0.000367333,-2.33229e-005,-0.000497385,0,0,0
2682,0.000441354,-3.25471e-005,-0.000560824,0,0,0
2683,0.000451287,3.39321e-018,-0.000633127,0,0,0
2684,0.000441354,3.25471e-005,-0.000560824,0,0,0
2685,0.000192542,4.67247e-005,-0.000321598,0,0,0
2686,7.5964e-005,-8.97516e-018,-0.00061771,0,0,0
2687,0.000192542,-4.67247e-005,-0.000321598,0,0,0
2688,0.000176767,1.77674e-005,-0.000619918,0,0,0
2689,0.000313075,2.91794e-017,-0.000369984,0,0,0
2690,0.000176767,-1.77674e-005,-0.000619918,0,0,0
2691,0.000330151,2.00845e-005,-0.000457256,0,0,0
2692,0.000238244,1.5416e-017,-0.000610761,0,0,0
2693,0.000330151,-2.00845e-005,-0.000457256,0,0,0
2694,0.000378638,-3.0384e-005,-0.000625143,0,0,0
2695,0.000439346,9.95433e-018,-0.000579829,0,0,0
2696,0.000378638,3.0384e-005,-0.000625143,0,0,0
2697,0.000472695,3.73481e-005,-0.000560327,0,0,0
2698,0.000417705,2.37965e-017,-0.000526208,0,0,0
2699,0.000472695,-3.73481e-005,-0.000560327,0,0,0
2700,0.000148714,-2.53146e-005,-0.000541788,0,0,0
2701,0.000245869,5.16106e-017,-0.000403826,0,0,0
2702,0.000148714,2.53146e-005,-0.000541788,0,0,0
2703,0.000301856,1.03221e-005,-0.000469688,0,0,0
2704,7.40805e-005,1.60597e-017,-0.000656503,0,0,0
2705,0.000301856,-1.03221e-005,-0.000469688,0,0,0
2706,0.00026196,-2.33525e-006,-0.000662094,0,0,0
2707,0.000458077,2.46504e-017,-0.000534371,0,0,0
2708,0.00026196,2.33525e-006,-0.000662094,0,0,0
2709,0.000447987,3.54317e-005,-0.000563015,0,0,0
2710,0.000293828,4.03255e-017,-0.000627501,0,0,0
2711,0.000447987,-3.54317e-005,-0.000563015,0,0,0
2712,0.000473502,-5.68841e-005,-0.000713031,0,0,0
2713,0.000620293,2.9902e-017,-0.000711319,0,0,0
2714,0.000473502,5.68841e-005,-0.000713031,0,0,0
2715,6.71535e-005,8.28914e-005,-0.000612536,0,0,0
2716,0.000151364,2.13961e-018,-0.000519004,0,0,0
2717,6.71535e-005,-8.28914e-005,-0.000612536,0,0,0
2718,0.000168795,1.43749e-005,-0.000635713,0,0,0
2719,0.000475695,2.44437e-017,-0.000581845,0,0,0
2720,0.000168795,-1.43749e-005,-0.000635713,0,0,0
2721,0.00040089,2.21996e-005,-0.000626949,0,0,0
2722,7.82801e-005,5.62701e-017,-0.000729399,0,0,0
2723,0.00040089,-2.21996e-005,-0.000626949,0,0,0
2724,0.000355658,-2.40875e-005,-0.000766737,0,0,0
2725,0.000653226,3.916e-017,-0.000675879,0,0,0
2726,0.000355658,2.40875e-005,-0.000766737,0,0,0
2727,0.000631027,3.90242e-005,-0.000574422,0,0,0
2728,0.000320892,6.30747e-017,-0.000704484,0,0,0
2729,0.000631027,-3.90242e-005,-0.000574422,0,0,0
2730,0.000624568,-8.39861e-005,-0.000191764,0,0,0
2731,-2.70719e-005,-2.01399e-017,-0.00102428,0,0,0
2732,0.000624568,8.39861e-005,-0.000191764,0,0,0
2733,0.000210133,2.32528e-005,-0.000921779,0,0,0
2734,9.91767e-005,5.652e-017,-0.000494098,0,0,0
2735,0.000210133,-2.32528e-005,-0.000921779,0,0,0
2736,0.00031674,4.51415e-005,-0.000681581,0,0,0
2737,0.000612448,2.50247e-017,-0.000862663,0,0,0
2738,0.00031674,-4.51415e-005,-0.000681581,0,0,0
2739,0.000441269,-7.10367e-006,-0.000799195,0,0,0
2740,9.73707e-005,1.24873e-016,-0.000829898,0,0,0
2741,0.000441269,7.10367e-006,-0.000799195,0,0,0
2742,0.000534875,-9.09642e-006,-0.00102944,0,0,0
2743,0.000938169,1.08813e-016,-0.000785428,0,0,0
2744,0.000534875,9.09642e-006,-0.00102944,0,0,0
2745,5.38352e-005,-3.30189e-005,-0.000235314,0,0,0
2746,-4.58801e-005,1.78512e-018,-0.000133685,0,0,0
2747,5.38352e-005,3.30189e-005,-0.000235314,0,0,0
2748,-6.37246e-005,-7.09553e-006,-0.000144212,0,0,0
2749,1.81739e-005,-6.41712e-018,-0.000156172,0,0,0
2750,-6.37246e-005,7.09553e-006,-0.000144212,0,0,0
2751,-6.5894e-006,-1.72671e-005,-5.26169e-005,0,0,0
2752,-3.85097e-005,-7.49201e-019,-5.92151e-005,0,0,0
2753,-6.5894e-006,1.72671e-005,-5.26169e-005,0,0,0
2754,-7.99217e-006,-5.12868e-007,-0.00016448,0,0,0
2755,4.78073e-005,-1.25429e-017,-0.000302435,0,0,0
2756,-7.99217e-006,5.12868e-007,-0.00016448,0,0,0
2757,2.06394e-005,-4.32262e-005,-0.000164942,0,0,0
2758,-3.48097e-005,3.70196e-018,-0.000108283,0,0,0
2759,2.06394e-005,4.32262e-005,-0.000164942,0,0,0
2760,-2.59684e-005,-1.04509e-005,-7.06536e-005,0,0,0
2761,4.57281e-007,-1.6983e-018,-9.13352e-005,0,0,0
2762,-2.59684e-005,1.04509e-005,-7.06536e-005,0,0,0
2763,3.20123e-005,-3.65729e-005,-0.000274334,0,0,0
2764,3.16503e-005,1.41844e-017,-0.000172169,0,0,0
2765,3.20123e-005,3.65729e-005,-0.000274334,0,0,0
2766,-1.16348e-005,-1.24778e-005,-0.00016935,0,0,0
2767,1.75319e-005,-4.72221e-018,-0.000187211,0,0,0
2768,-1.16348e-005,1.24778e-005,-0.00016935,0,0,0
2769,2.97285e-006,-2.7133e-005,-6.8202e-005,0,0,0
2770,-1.4183e-005,4.30822e-018,-7.13108e-005,0,0,0
2771,2.97285e-006,2.7133e-005,-6.8202e-005,0,0,0
2772,6.31009e-005,-1.53771e-005,-0.000196887,0,0,0
2773,9.19256e-006,-9.81034e-018,-0.000359522,0,0,0
2774,6.31009e-005,1.53771e-005,-0.000196887,0,0,0
2775,7.82623e-006,-5.7798e-005,-0.00020431,0,0,0
2776,2.11548e-005,1.44224e-017,-0.00011427,0,0,0
2777,7.82623e-006,5.7798e-005,-0.00020431,0,0,0
2778,-5.73306e-006,-9.09443e-006,-7.74959e-005,0,0,0
2779,-1.81748e-006,-1.75971e-018,-0.000115063,0,0,0
2780,-5.73306e-006,9.09443e-006,-7.74959e-005,0,0,0
2781,4.74435e-007,-2.60834e-005,-0.000322397,0,0,0
2782,0.000112905,3.32943e-017,-0.000187851,0,0,0
2783,4.74435e-007,2.60834e-005,-0.000322397,0,0,0
2784,4.41402e-005,-1.35717e-005,-0.000181092,0,0,0
2785,-2.326e-005,-4.97801e-018,-0.000242865,0,0,0
2786,4.41402e-005,1.35717e-005,-0.000181092,0,0,0
2787,-6.18592e-006,-3.87533e-005,-8.78043e-005,0,0,0
2788,1.69228e-005,1.11567e-017,-7.00714e-005,0,0,0
2789,-6.18592e-006,3.87533e-005,-8.78043e-005,0,0,0
2790,0.00011045,-5.24465e-005,-0.000227993,0,0,0
2791,-3.81688e-005,-1.14299e-017,-0.000440706,0,0,0
2792,0.00011045,5.24465e-005,-0.000227993,0,0,0
2793,-3.65435e-005,-6.68496e-005,-0.000264929,0,0,0
2794,0.000106155,2.59289e-017,-9.75017e-005,0,0,0
2795,-3.65435e-005,6.68496e-005,-0.000264929,0,0,0
2796,2.93214e-005,-6.3864e-006,-7.67463e-005,0,0,0
2797,-3.54889e-005,-7.25907e-019,-0.000154768,0,0,0
2798,2.93214e-005,6.3864e-006,-7.67463e-005,0,0,0
2799,2.66754e-005,2.55843e-005,-0.000374969,0,0,0
2800,0.000146245,4.65157e-017,-0.000217325,0,0,0
2801,2.66754e-005,-2.55843e-005,-0.000374969,0,0,0
2802,0.000115836,-3.01826e-005,-0.000188919,0,0,0
2803,-0.000100964,-1.51958e-018,-0.000333707,0,0,0
2804,0.000115836,3.01826e-005,-0.000188919,0,0,0
2805,-3.82718e-005,-4.25346e-005,-0.000123399,0,0,0
2806,8.05961e-005,1.45488e-017,-6.06597e-005,0,0,0
2807,-3.82718e-005,4.25346e-005,-0.000123399,0,0,0
2808,-2.60987e-005,-0.000132272,-0.00035023,0,0,0
2809,7.54964e-005,-5.14827e-018,-0.00049572,0,0,0
2810,-2.60987e-005,0.000132272,-0.00035023,0,0,0
2811,-3.96744e-005,-2.56007e-005,-0.000332835,0,0,0
2812,0.000193943,1.93094e-017,-0.000103394,0,0,0
2813,-3.96744e-005,2.56007e-005,-0.000332835,0,0,0
2814,8.10803e-005,-2.26265e-005,-8.35522e-005,0,0,0
2815,-7.18243e-005,8.51268e-019,-0.000198564,0,0,0
2816,8.10803e-005,2.26265e-005,-8.35522e-005,0,0,0
2817,0.000542029,0.000177758,-0.000250511,0,0,0
2818,-0.000204154,-1.4569e-019,-0.000462147,0,0,0
2819,0.000542029,-0.000177758,-0.000250511,0,0,0
2820,3.67169e-006,-0.000107904,-0.000324481,0,0,0
2821,6.50568e-005,4.47149e-018,-0.000315682,0,0,0
2822,3.67169e-006,0.000107904,-0.000324481,0,0,0
2823,4.06775e-005,-4.22662e-006,-0.000114888,0,0,0
2824,8.64252e-005,-3.39279e-018,-0.000100973,0,0,0
2825,4.06775e-005,4.22662e-006,-0.000114888,0,0,0
2826,0.00489973,0.00197897,-0.00307023,0,0,0
2827,0.00489973,-0.00197897,-0.00307023,0,0,0
2828,-0.000295591,-0.000192347,-0.000436398,0,0,0
2829,-0.000435281,-7.5765e-006,-0.000308159,0,0,0
2830,-0.000435281,7.5765e-006,-0.000308159,0,0,0
2831,-0.000295591,0.000192347,-0.000436398,0,0,0
2832,0,0,0,0,0,0
2833,0,0,0,0,0,0
2834,0,0,0,0,0,0
2835,0,0,0,0,0,0
2836,-0.00414737,-0.000539732,0.00138751,0,0,0
2837,0.00342418,-1.20359e-017,-0.00237409,0,0,0
2838,-0.00414737,0.000539732,0.00138751,0,0,0
2839,-0.00208065,0.00015868,0.000489579,0,0,0
2840,0.000680885,0.000216141,-0.00153005,0,0,0
2841,-0.000907198,-0.00051379,-0.000396369,0,0,0
2842,-0.000100691,0.000514285,-0.00110196,0,0,0
2843,-0.000630583,-0.000658677,-0.00108038,0,0,0
2844,-0.000630583,0.000658677,-0.00108038,0,0,0
2845,-0.000100691,-0.000514285,-0.00110196,0,0,0
2846,-0.000907198,0.00051379,-0.000396369,0,0,0
2847,0.000680885,-0.000216141,-0.00153005,0,0,0
2848,-0.00208065,-0.00015868,0.000489579,0,0,0
2849,0.000233601,7.32941e-005,3.80771e-006,0,0,0
2850,-0.000302724,-5.48016e-018,-0.000383209,0,0,0
2851,0.000233601,-7.32941e-005,3.80771e-006,0,0,0
2852,-0.00037367,1.25786e-005,-0.000256376,0,0,0
2853,-0.000306547,-2.38937e-005,-0.000339825,0,0,0
2854,-0.00025627,-2.67597e-006,-0.000257094,0,0,0
2855,-0.000136073,-2.10888e-005,-0.000235297,0,0,0
2856,-0.000124957,-3.98723e-006,-0.000321123,0,0,0
2857,-0.000431468,1.25889e-006,-0.000400823,0,0,0
2858,-0.000411258,1.43284e-017,-0.000316787,0,0,0
2859,-0.000431468,-1.25889e-006,-0.000400823,0,0,0
2860,-0.000124957,3.98723e-006,-0.000321123,0,0,0
2861,-0.000136073,2.10888e-005,-0.000235297,0,0,0
2862,-0.00025627,2.67597e-006,-0.000257094,0,0,0
2863,-0.000306547,2.38937e-005,-0.000339825,0,0,0
2864,-0.00037367,-1.25786e-005,-0.000256376,0,0,0
2865,-0.000497938,0.000151179,-0.000977846,0,0,0
2866,-0.000816947,-0.000134151,-0.000593033,0,0,0
2867,-0.000527121,-2.11822e-006,-0.000717334,0,0,0
2868,-0.000543948,-2.94927e-005,-0.000554355,0,0,0
2869,-0.000496362,-1.77465e-005,-0.000585306,0,0,0
2870,-0.000459211,-2.85242e-006,-0.000496497,0,0,0
2871,-0.000457001,-1.0862e-005,-0.000494766,0,0,0
2872,-0.000436667,5.69606e-006,-0.000419302,0,0,0
2873,-0.000448401,-3.73182e-006,-0.000394611,0,0,0
2874,0.000140474,-0.000154703,2.48456e-005,0,0,0
2875,-0.000186293,0.000228387,-0.00053636,0,0,0
2876,-2.53085e-006,-0.000206507,1.33597e-005,0,0,0
2877,-6.61674e-005,0.000361727,-0.000652519,0,0,0
2878,-0.000224746,-0.000395486,7.00319e-005,0,0,0
2879,0.000245527,0.000663207,-0.00086055,0,0,0
2880,-0.000782257,-0.000785233,0.000243782,0,0,0
2881,0.00115963,0.00116223,-0.00134625,0,0,0
2882,-0.0023655,-0.00139372,0.000882257,0,0,0
2883,-0.000448401,3.73182e-006,-0.000394611,0,0,0
2884,-0.000436667,-5.69606e-006,-0.000419302,0,0,0
2885,-0.000457001,1.0862e-005,-0.000494766,0,0,0
2886,-0.000459211,2.85242e-006,-0.000496497,0,0,0
2887,-0.000496362,1.77465e-005,-0.000585306,0,0,0
2888,-0.000543948,2.94927e-005,-0.000554355,0,0,0
2889,-0.000527121,2.11822e-006,-0.000717334,0,0,0
2890,-0.000816947,0.000134151,-0.000593033,0,0,0
2891,-0.000497938,-0.000151179,-0.000977846,0,0,0
2892,-0.0023655,0.00139372,0.000882257,0,0,0
2893,0.00115963,-0.00116223,-0.00134625,0,0,0
2894,-0.000782257,0.000785233,0.000243782,0,0,0
2895,0.000245527,-0.000663207,-0.00086055,0,0,0
2896,-0.000224746,0.000395486,7.00319e-005,0,0,0
2897,-6.61674e-005,-0.000361727,-0.000652519,0,0,0
2898,-2.53085e-006,0.000206507,1.33597e-005,0,0,0
2899,-0.000186293,-0.000228387,-0.00053636,0,0,0
2900,0.000140474,0.000154703,2.48456e-005,0,0,0
2901,-0.00200157,-0.000644654,0.000500634,0,0,0
2902,0.000774207,0.000424229,-0.000760413,0,0,0
2903,-0.000455937,-7.91231e-005,-2.58356e-005,0,0,0
2904,0,0,0,0,0,0
2905,0,0,0,0,0,0
2906,0,0,0,0,0,0
2907,-0.000455937,7.91231e-005,-2.58356e-005,0,0,0
2908,0.000774207,-0.000424229,-0.000760413,0,0,0
2909,-0.00200157,0.000644654,0.000500634,0,0,0
2910,1.90667e-005,4.56088e-005,-7.58333e-005,0,0,0
2911,0.000102238,-5.93331e-007,-0.000129592,0,0,0
2912,-6.81343e-005,5.48987e-005,-0.000185731,0,0,0
2913,0,0,0,0,0,0
2914,0,0,0,0,0,0
2915,0,0,0,0,0,0
2916,-6.81343e-005,-5.48987e-005,-0.000185731,0,0,0
2917,0.000102238,5.93331e-007,-0.000129592,0,0,0
2918,1.90667e-005,-4.56088e-005,-7.58333e-005,0,0,0
2919,0,0,0,0,0,0
2920,0,0,0,0,0,0
2921,0,0,0,0,0,0
2922,0,0,0,0,0,0
2923,0,0,0,0,0,0
2924,0,0,0,0,0,0
2925,0,0,0,0,0,0
2926,0,0,0,0,0,0
2927,0,0,0,0,0,0
2928,0,0,0,0,0,0
2929,0,0,0,0,0,0
2930,0,0,0,0,0,0
2931,0,0,0,0,0,0
2932,0,0,0,0,0,0
2933,0,0,0,0,0,0
2934,0,0,0,0,0,0
2935,0,0,0,0,0,0
2936,0,0,0,0,0,0
2937,0.00135621,0.00023736,-0.00190784,0,0,0
2938,-0.00150944,9.80983e-017,0.000489212,0,0,0
2939,0.00135621,-0.00023736,-0.00190784,0,0,0
2940,-0.00114034,8.16368e-005,1.5547e-005,0,0,0
2941,0.000314524,1.26716e-017,-0.00160168,0,0,0
2942,-0.00114034,-8.16368e-005,1.5547e-005,0,0,0
2943,0.000278812,-0.00011517,-0.00131171,0,0,0
2944,-0.000680402,1.78512e-016,-0.000369591,0,0,0
2945,0.000278812,0.00011517,-0.00131171,0,0,0
2946,-0.000989174,0.000194926,-0.000794542,0,0,0
2947,-0.000298141,1.75207e-016,-0.00115094,0,0,0
2948,-0.000989174,-0.000194926,-0.000794542,0,0,0
2949,-3.93855e-005,-0.000160386,-0.000813911,0,0,0
2950,-0.000529898,2.95123e-016,-0.00117131,0,0,0
2951,-3.93855e-005,0.000160386,-0.000813911,0,0,0
2952,-8.68183e-005,4.70472e-006,-8.25135e-005,0,0,0
2953,-0.000143519,-1.45385e-017,-0.000380168,0,0,0
2954,-8.68183e-005,-4.70472e-006,-8.25135e-005,0,0,0
2955,-0.00018744,1.23462e-005,-0.000324527,0,0,0
2956,-0.00011717,-5.94617e-018,-0.000195409,0,0,0
2957,-0.00018744,-1.23462e-005,-0.000324527,0,0,0
2958,-0.000237572,4.72118e-006,-0.00024952,0,0,0
2959,-0.000280053,-7.19131e-018,-0.000291334,0,0,0
2960,-0.000237572,-4.72118e-006,-0.00024952,0,0,0
2961,-0.000301244,2.90601e-006,-0.000320844,0,0,0
2962,-0.000281863,-5.84283e-018,-0.000326857,0,0,0
2963,-0.000301244,-2.90601e-006,-0.000320844,0,0,0
2964,-0.000396009,8.24473e-006,-0.00032127,0,0,0
2965,-0.000394923,-1.76183e-019,-0.000266489,0,0,0
2966,-0.000396009,-8.24473e-006,-0.00032127,0,0,0
2967,0.000447448,0.000352163,-0.00103161,0,0,0
2968,-0.000375739,0.000120672,-0.000512363,0,0,0
2969,-0.000379547,-0.000153067,-0.000816246,0,0,0
2970,-0.000258963,0.000258813,-0.000817799,0,0,0
2971,-0.000784975,-0.000270197,-0.000747245,0,0,0
2972,-0.000289877,-0.000191337,-0.000426529,0,0,0
2973,-0.000293693,2.90458e-005,-0.000567866,0,0,0
2974,-0.000232178,9.0021e-005,-0.000733225,0,0,0
2975,-0.000492102,-6.67408e-005,-0.000638655,0,0,0
2976,-0.000486226,5.55739e-005,-0.000663948,0,0,0
2977,-0.000165147,0.000191375,-0.000487728,0,0,0
2978,-0.000154971,2.49494e-005,-0.000616348,0,0,0
2979,-0.0003494,2.61656e-006,-0.000521115,0,0,0
2980,-0.000409353,1.45129e-005,-0.000612891,0,0,0
2981,-0.000503472,-2.81835e-005,-0.000690101,0,0,0
2982,-0.00011439,-5.82249e-005,-0.000516131,0,0,0
2983,-0.000268452,4.16802e-005,-0.000406405,0,0,0
2984,-0.00029669,3.89199e-006,-0.000579728,0,0,0
2985,-0.000366003,2.30539e-005,-0.000570667,0,0,0
2986,-0.000503693,-3.22327e-005,-0.000516654,0,0,0
2987,-0.000178426,9.22589e-005,-0.000325948,0,0,0
2988,-0.000194376,1.67849e-005,-0.000511413,0,0,0
2989,-0.000283419,2.88269e-005,-0.000479796,0,0,0
2990,-0.000395867,-1.8551e-005,-0.000491273,0,0,0
2991,-0.000407476,1.71077e-005,-0.000617682,0,0,0
2992,-0.000119527,-4.5474e-006,-0.00048089,0,0,0
2993,-0.000205449,3.489e-005,-0.000370259,0,0,0
2994,-0.000290806,-5.18817e-006,-0.000465703,0,0,0
2995,-0.000329045,3.2323e-005,-0.000520267,0,0,0
2996,-0.000440805,-3.18798e-005,-0.000439836,0,0,0
2997,-0.000127665,4.75524e-005,-0.000260008,0,0,0
2998,-0.000206759,1.40828e-005,-0.000419493,0,0,0
2999,-0.0002505,2.65555e-005,-0.000442842,0,0,0
3000,-0.000351569,-1.16729e-005,-0.000410537,0,0,0
3001,-0.000385165,2.16869e-005,-0.000539735,0,0,0
3002,-0.000131873,8.9224e-006,-0.000419459,0,0,0
3003,-0.000161653,2.70561e-005,-0.000330767,0,0,0
3004,-0.00027157,-4.49719e-007,-0.000373165,0,0,0
3005,-0.000313242,2.60623e-005,-0.000450404,0,0,0
3006,-0.000396249,-1.95633e-005,-0.000365492,0,0,0
3007,-8.05001e-005,3.02016e-005,-0.000194829,0,0,0
3008,-0.000205363,1.26545e-005,-0.000324448,0,0,0
3009,-0.000228878,2.03757e-005,-0.000369385,0,0,0
3010,-0.000326327,-2.4499e-006,-0.00031876,0,0,0
3011,-0.000379528,2.01662e-005,-0.00044029,0,0,0
3012,0.000447448,-0.000352163,-0.00103161,0,0,0
3013,-0.000375739,-0.000120672,-0.000512363,0,0,0
3014,-0.000379547,0.000153067,-0.000816246,0,0,0
3015,-0.000258963,-0.000258813,-0.000817799,0,0,0
3016,-0.000784975,0.000270197,-0.000747245,0,0,0
3017,-0.000289877,0.000191337,-0.000426529,0,0,0
3018,-0.000293693,-2.90458e-005,-0.000567866,0,0,0
3019,-0.000232178,-9.0021e-005,-0.000733225,0,0,0
3020,-0.000492102,6.67408e-005,-0.000638655,0,0,0
3021,-0.000486226,-5.55739e-005,-0.000663948,0,0,0
3022,-0.000165147,-0.000191375,-0.000487728,0,0,0
3023,-0.000154971,-2.49494e-005,-0.000616348,0,0,0
3024,-0.0003494,-2.61656e-006,-0.000521115,0,0,0
3025,-0.000409353,-1.45129e-005,-0.000612891,0,0,0
3026,-0.000503472,2.81835e-005,-0.000690101,0,0,0
3027,-0.00011439,5.82249e-005,-0.000516131,0,0,0
3028,-0.000268452,-4.16802e-005,-0.000406405,0,0,0
3029,-0.00029669,-3.89199e-006,-0.000579728,0,0,0
3030,-0.000366003,-2.30539e-005,-0.000570667,0,0,0
3031,-0.000503693,3.22327e-005,-0.000516654,0,0,0
3032,-0.000178426,-9.22589e-005,-0.000325948,0,0,0
3033,-0.000194376,-1.67849e-005,-0.000511413,0,0,0
3034,-0.000283419,-2.88269e-005,-0.000479796,0,0,0
3035,-0.000395867,1.8551e-005,-0.000491273,0,0,0
3036,-0.000407476,-1.71077e-005,-0.000617682,0,0,0
3037,-0.000119527,4.5474e-006,-0.00048089,0,0,0
3038,-0.000205449,-3.489e-005,-0.000370259,0,0,0
3039,-0.000290806,5.18817e-006,-0.000465703,0,0,0
3040,-0.000329045,-3.2323e-005,-0.000520267,0,0,0
3041,-0.000440805,3.18798e-005,-0.000439836,0,0,0
3042,-0.000127665,-4.75524e-005,-0.000260008,0,0,0
3043,-0.000206759,-1.40828e-005,-0.000419493,0,0,0
3044,-0.0002505,-2.65555e-005,-0.000442842,0,0,0
3045,-0.000351569,1.16729e-005,-0.000410537,0,0,0
3046,-0.000385165,-2.16869e-005,-0.000539735,0,0,0
3047,-0.000131873,-8.9224e-006,-0.000419459,0,0,0
3048,-0.000161653,-2.70561e-005,-0.000330767,0,0,0
3049,-0.00027157,4.49719e-007,-0.000373165,0,0,0
3050,-0.000313242,-2.60623e-005,-0.000450404,0,0,0
3051,-0.000396249,1.95633e-005,-0.000365492,0,0,0
3052,-8.05001e-005,-3.02016e-005,-0.000194829,0,0,0
3053,-0.000205363,-1.26545e-005,-0.000324448,0,0,0
3054,-0.000228878,-2.03757e-005,-0.000369385,0,0,0
3055,-0.000326327,2.4499e-006,-0.00031876,0,0,0
3056,-0.000379528,-2.01662e-005,-0.00044029,0,0,0
3057,0.00201098,0.000568709,-0.00167776,0,0,0
3058,-0.00211798,-2.33222e-017,0.000536041,0,0,0
3059,0.00201098,-0.000568709,-0.00167776,0,0,0
3060,-0.00126518,-0.00045996,0.000265556,0,0,0
3061,0.000940977,8.0945e-017,-0.00112244,0,0,0
3062,-0.00126518,0.00045996,0.000265556,0,0,0
3063,0.000519312,0.000402703,-0.000972304,0,0,0
3064,-0.000651117,1.17835e-017,6.25316e-005,0,0,0
3065,0.000519312,-0.000402703,-0.000972304,0,0,0
3066,-0.000397167,-0.000260322,2.37447e-005,0,0,0
3067,0.000156456,5.01001e-017,-0.000737118,0,0,0
3068,-0.000397167,0.000260322,2.37447e-005,0,0,0
3069,1.61669e-005,0.000237243,-0.000705026,0,0,0
3070,-0.000171864,1.24827e-017,-4.60034e-005,0,0,0
3071,1.61669e-005,-0.000237243,-0.000705026,0,0,0
3072,-7.37377e-005,-0.000138147,-4.66967e-005,0,0,0
3073,-0.000107369,2.78888e-017,-0.00057324,0,0,0
3074,-7.37377e-005,0.000138147,-4.66967e-005,0,0,0
3075,-0.000157327,0.000140211,-0.00056519,0,0,0
3076,1.31362e-005,3.89757e-018,-6.8466e-005,0,0,0
3077,-0.000157327,-0.000140211,-0.00056519,0,0,0
3078,7.80113e-005,-8.35601e-005,-5.43024e-005,0,0,0
3079,-0.000201572,9.82368e-018,-0.000476455,0,0,0
3080,7.80113e-005,8.35601e-005,-5.43024e-005,0,0,0
3081,-0.000249874,9.97683e-005,-0.000465131,0,0,0
3082,0.000136496,-8.29981e-018,-4.05855e-005,0,0,0
3083,-0.000249874,-9.97683e-005,-0.000465131,0,0,0
3084,-0.000917702,5.71828e-006,-0.000187812,0,0,0
3085,-0.000310581,2.06572e-016,-0.00113284,0,0,0
3086,-0.000917702,-5.71828e-006,-0.000187812,0,0,0
3087,-0.000508682,-8.75134e-005,-0.00112724,0,0,0
3088,-0.000975306,1.64639e-016,-0.000607079,0,0,0
3089,-0.000508682,8.75134e-005,-0.00112724,0,0,0
3090,-0.00066339,3.05535e-005,-0.00042109,0,0,0
3091,-0.000399036,1.25369e-016,-0.000723115,0,0,0
3092,-0.00066339,-3.05535e-005,-0.00042109,0,0,0
3093,-0.00048603,-4.97674e-005,-0.000772218,0,0,0
3094,-0.000623045,1.06945e-016,-0.000593677,0,0,0
3095,-0.00048603,4.97674e-005,-0.000772218,0,0,0
3096,-0.00050838,1.22017e-005,-0.000448741,0,0,0
3097,-0.000441884,7.27127e-017,-0.000572858,0,0,0
3098,-0.00050838,-1.22017e-005,-0.000448741,0,0,0
3099,-0.000453641,-1.92636e-005,-0.000619581,0,0,0
3100,-0.000481621,7.00965e-017,-0.000522208,0,0,0
3101,-0.000453641,1.92636e-005,-0.000619581,0,0,0
3102,-0.000453339,1.51899e-006,-0.000402175,0,0,0
3103,-0.000445293,3.85394e-017,-0.000490096,0,0,0
3104,-0.000453339,-1.51899e-006,-0.000402175,0,0,0
3105,-0.000436826,-3.76957e-006,-0.000515926,0,0,0
3106,-0.000431361,4.1007e-017,-0.000431155,0,0,0
3107,-0.000436826,3.76957e-006,-0.000515926,0,0,0
3108,-0.000444754,-1.83782e-006,-0.000310716,0,0,0
3109,-0.0004597,1.06811e-017,-0.000394774,0,0,0
3110,-0.000444754,1.83782e-006,-0.000310716,0,0,0
3111,0.00148487,-0.000325509,-0.00111373,0,0,0
3112,-0.00155046,1.14807e-017,0.00016253,0,0,0
3113,0.00148487,0.000325509,-0.00111373,0,0,0
3114,-0.000853311,8.43436e-005,-1.50207e-006,0,0,0
3115,0.000546349,-2.906e-017,-0.000543751,0,0,0
3116,-0.000853311,-8.43436e-005,-1.50207e-006,0,0,0
3117,0.000216183,-8.05052e-005,-0.000273914,0,0,0
3118,-0.000385529,9.38936e-018,-8.20966e-005,0,0,0
3119,0.000216183,8.05052e-005,-0.000273914,0,0,0
3120,7.09242e-005,9.11089e-006,-0.00010212,0,0,0
3121,-6.92488e-005,-1.54753e-017,-0.000243669,0,0,0
3122,7.09242e-005,-9.11089e-006,-0.00010212,0,0,0
3123,-1.6421e-005,-3.41789e-005,-0.000136556,0,0,0
3124,8.52014e-005,-4.54645e-018,-8.50131e-005,0,0,0
3125,-1.6421e-005,3.41789e-005,-0.000136556,0,0,0
3126,6.48317e-005,-6.5725e-006,-7.4465e-005,0,0,0
3127,3.23085e-005,-5.47692e-018,-8.82676e-005,0,0,0
3128,6.48317e-005,6.5725e-006,-7.4465e-005,0,0,0
3129,0.000697219,-0.000567622,-0.000928856,0,0,0
3130,-0.000327061,9.31917e-005,-8.97008e-005,0,0,0
3131,3.58405e-005,-0.000126446,-0.000224526,0,0,0
3132,-0.000264237,0.00024298,-0.000181926,0,0,0
3133,-1.00537e-005,-0.000123008,-0.000348046,0,0,0
3134,-2.10605e-005,-9.26519e-005,-0.000107502,0,0,0
3135,-4.44441e-005,-0.000234815,-0.000418549,0,0,0
3136,1.60109e-005,-6.56036e-005,-0.000155637,0,0,0
3137,-2.52443e-005,-6.17732e-005,-0.000189886,0,0,0
3138,-1.04424e-005,1.84924e-005,-0.000278269,0,0,0
3139,-6.33193e-005,-4.63918e-005,-0.000240016,0,0,0
3140,1.23565e-005,-9.88164e-005,-9.22594e-005,0,0,0
3141,-8.25129e-005,-9.09229e-005,-0.000294021,0,0,0
3142,1.11976e-005,-8.46902e-005,-0.000147186,0,0,0
3143,-1.11184e-006,-5.51722e-005,-0.000153741,0,0,0
3144,-1.5216e-005,-4.92227e-005,-0.000262597,0,0,0
3145,-9.00592e-006,-3.09531e-005,-0.000196006,0,0,0
3146,3.27148e-007,-7.64132e-005,-8.61325e-005,0,0,0
3147,-2.0823e-005,-3.3778e-005,-0.000236748,0,0,0
3148,-1.33106e-005,-6.87843e-005,-0.000131125,0,0,0
3149,2.12007e-005,-5.22299e-005,-0.00012377,0,0,0
3150,-4.2481e-005,-6.07035e-005,-0.000234316,0,0,0
3151,4.18888e-005,-2.13503e-005,-0.000161087,0,0,0
3152,3.47591e-006,-5.72165e-005,-7.66624e-005,0,0,0
3153,5.45492e-005,-4.46723e-006,-0.000183678,0,0,0
3154,-1.49185e-005,-5.33359e-005,-0.000113436,0,0,0
3155,4.41135e-005,-3.84018e-005,-9.43259e-005,0,0,0
3156,0.000697219,0.000567622,-0.000928856,0,0,0
3157,-0.000327061,-9.31917e-005,-8.97008e-005,0,0,0
3158,3.58405e-005,0.000126446,-0.000224526,0,0,0
3159,-0.000264237,-0.00024298,-0.000181926,0,0,0
3160,-1.00537e-005,0.000123008,-0.000348046,0,0,0
3161,-2.10605e-005,9.26519e-005,-0.000107502,0,0,0
3162,-4.44441e-005,0.000234815,-0.000418549,0,0,0
3163,1.60109e-005,6.56036e-005,-0.000155637,0,0,0
3164,-2.52443e-005,6.17732e-005,-0.000189886,0,0,0
3165,-1.04424e-005,-1.84924e-005,-0.000278269,0,0,0
3166,-6.33193e-005,4.63918e-005,-0.000240016,0,0,0
3167,1.23565e-005,9.88164e-005,-9.22594e-005,0,0,0
3168,-8.25129e-005,9.09229e-005,-0.000294021,0,0,0
3169,1.11976e-005,8.46902e-005,-0.000147186,0,0,0
3170,-1.11184e-006,5.51722e-005,-0.000153741,0,0,0
3171,-1.5216e-005,4.92227e-005,-0.000262597,0,0,0
3172,-9.00592e-006,3.09531e-005,-0.000196006,0,0,0
3173,3.27148e-007,7.64132e-005,-8.61325e-005,0,0,0
3174,-2.0823e-005,3.3778e-005,-0.000236748,0,0,0
3175,-1.33106e-005,6.87843e-005,-0.000131125,0,0,0
3176,2.12007e-005,5.22299e-005,-0.00012377,0,0,0
3177,-4.2481e-005,6.07035e-005,-0.000234316,0,0,0
3178,4.18888e-005,2.13503e-005,-0.000161087,0,0,0
3179,3.47591e-006,5.72165e-005,-7.66624e-005,0,0,0
3180,5.45492e-005,4.46723e-006,-0.000183678,0,0,0
3181,-1.49185e-005,5.33359e-005,-0.000113436,0,0,0
3182,4.41135e-005,3.84018e-005,-9.43259e-005,0,0,0
3183,0,0,0,0,0,0
3184,0,0,0,0,0,0
3185,0,0,0,0,0,0
3186,0,0,0,0,0,0
3187,0,0,0,0,0,0
3188,0,0,0,0,0,0
3189,0,0,0,0,0,0
3190,0,0,0,0,0,0
3191,0,0,0,0,0,0
3192,0,0,0,0,0,0
3193,0,0,0,0,0,0
3194,0,0,0,0,0,0
3195,0,0,0,0,0,0
3196,0,0,0,0,0,0
3197,0,0,0,0,0,0
3198,0,0,0,0,0,0
3199,0,0,0,0,0,0
3200,0,0,0,0,0,0
3201,0,0,0,0,0,0
3202,0,0,0,0,0,0
3203,0,0,0,0,0,0
3204,0,0,0,0,0,0
3205,0,0,0,0,0,0
3206,0,0,0,0,0,0
3207,0,0,0,0,0,0
3208,0,0,0,0,0,0
3209,0,0,0,0,0,0
3210,-0.000624568,-8.39861e-005,-0.000191764,0,0,0
3211,2.70719e-005,2.61632e-017,-0.00102428,0,0,0
3212,-0.000624568,8.39861e-005,-0.000191764,0,0,0
3213,-0.000210133,2.32528e-005,-0.000921779,0,0,0
3214,-9.91767e-005,1.00592e-016,-0.000494098,0,0,0
3215,-0.000210133,-2.32528e-005,-0.000921779,0,0,0
3216,-0.00031674,4.51415e-005,-0.000681581,0,0,0
3217,-0.000612448,9.28416e-017,-0.000862663,0,0,0
3218,-0.00031674,-4.51415e-005,-0.000681581,0,0,0
3219,-0.000441269,-7.10367e-006,-0.000799195,0,0,0
3220,-9.73707e-005,1.81587e-016,-0.000829898,0,0,0
3221,-0.000441269,7.10367e-006,-0.000799195,0,0,0
3222,-0.000534875,-9.09642e-006,-0.00102944,0,0,0
3223,-0.000938169,1.91487e-016,-0.000785428,0,0,0
3224,-0.000534875,9.09642e-006,-0.00102944,0,0,0
3225,-6.71535e-005,8.28914e-005,-0.000612536,0,0,0
3226,-0.000151364,4.77303e-017,-0.000519004,0,0,0
3227,-6.71535e-005,-8.28914e-005,-0.000612536,0,0,0
3228,-0.000168795,1.43749e-005,-0.000635713,0,0,0
3229,-0.000475695,6.82133e-017,-0.000581845,0,0,0
3230,-0.000168795,-1.43749e-005,-0.000635713,0,0,0
3231,-0.00040089,2.21996e-005,-0.000626949,0,0,0
3232,-7.82801e-005,1.09857e-016,-0.000729399,0,0,0
3233,-0.00040089,-2.21996e-005,-0.000626949,0,0,0
3234,-0.000355658,-2.40875e-005,-0.000766737,0,0,0
3235,-0.000653226,1.07217e-016,-0.000675879,0,0,0
3236,-0.000355658,2.40875e-005,-0.000766737,0,0,0
3237,-0.000631027,3.90242e-005,-0.000574422,0,0,0
3238,-0.000320892,1.41427e-016,-0.000704484,0,0,0
3239,-0.000631027,-3.90242e-005,-0.000574422,0,0,0
3240,-0.000148714,-2.53146e-005,-0.000541788,0,0,0
3241,-0.000245869,6.67386e-017,-0.000403826,0,0,0
3242,-0.000148714,2.53146e-005,-0.000541788,0,0,0
3243,-0.000301856,1.03221e-005,-0.000469688,0,0,0
3244,-7.40805e-005,5.91703e-017,-0.000656503,0,0,0
3245,-0.000301856,-1.03221e-005,-0.000469688,0,0,0
3246,-0.00026196,-2.33525e-006,-0.000662094,0,0,0
3247,-0.000458077,7.36495e-017,-0.000534371,0,0,0
3248,-0.00026196,2.33525e-006,-0.000662094,0,0,0
3249,-0.000447987,3.54317e-005,-0.000563015,0,0,0
3250,-0.000293828,1.01373e-016,-0.000627501,0,0,0
3251,-0.000447987,-3.54317e-005,-0.000563015,0,0,0
3252,-0.000473502,-5.68841e-005,-0.000713031,0,0,0
3253,-0.000620293,1.06047e-016,-0.000711319,0,0,0
3254,-0.000473502,5.68841e-005,-0.000713031,0,0,0
3255,-0.000192542,4.67247e-005,-0.000321598,0,0,0
3256,-7.5964e-005,2.74303e-017,-0.00061771,0,0,0
3257,-0.000192542,-4.67247e-005,-0.000321598,0,0,0
3258,-0.000176767,1.77674e-005,-0.000619918,0,0,0
3259,-0.000313075,5.95803e-017,-0.000369984,0,0,0
3260,-0.000176767,-1.77674e-005,-0.000619918,0,0,0
3261,-0.000330151,2.00845e-005,-0.000457256,0,0,0
3262,-0.000238244,6.45778e-017,-0.000610761,0,0,0
3263,-0.000330151,-2.00845e-005,-0.000457256,0,0,0
3264,-0.000378638,-3.0384e-005,-0.000625143,0,0,0
3265,-0.000439346,6.7722e-017,-0.000579829,0,0,0
3266,-0.000378638,3.0384e-005,-0.000625143,0,0,0
3267,-0.000472695,3.73481e-005,-0.000560327,0,0,0
3268,-0.000417705,9.15101e-017,-0.000526208,0,0,0
3269,-0.000472695,-3.73481e-005,-0.000560327,0,0,0
3270,-0.000113348,5.27164e-006,-0.000545895,0,0,0
3271,-0.00020118,4.53324e-017,-0.000253692,0,0,0
3272,-0.000113348,-5.27164e-006,-0.000545895,0,0,0
3273,-0.000239804,6.56689e-006,-0.000361065,0,0,0
3274,-0.000177594,3.30123e-017,-0.000574814,0,0,0
3275,-0.000239804,-6.56689e-006,-0.000361065,0,0,0
3276,-0.000282987,7.6579e-007,-0.00056398,0,0,0
3277,-0.000314632,4.97056e-017,-0.000462224,0,0,0
3278,-0.000282987,-7.6579e-007,-0.00056398,0,0,0
3279,-0.000367333,2.33229e-005,-0.000497385,0,0,0
3280,-0.000352243,6.33496e-017,-0.000512872,0,0,0
3281,-0.000367333,-2.33229e-005,-0.000497385,0,0,0
3282,-0.000441354,-3.25471e-005,-0.000560824,0,0,0
3283,-0.000451287,6.68529e-017,-0.000633127,0,0,0
3284,-0.000441354,3.25471e-005,-0.000560824,0,0,0
3285,-0.000160359,2.07345e-005,-0.000226765,0,0,0
3286,-0.000116083,1.58819e-017,-0.000564957,0,0,0
3287,-0.000160359,-2.07345e-005,-0.000226765,0,0,0
3288,-0.000200548,1.63699e-005,-0.000534172,0,0,0
3289,-0.000213355,3.66528e-017,-0.00032531,0,0,0
3290,-0.000200548,-1.63699e-005,-0.000534172,0,0,0
3291,-0.0002777,1.26842e-005,-0.00040675,0,0,0
3292,-0.000278629,3.73016e-017,-0.00050701,0,0,0
3293,-0.0002777,-1.26842e-005,-0.00040675,0,0,0
3294,-0.000352592,-1.31856e-005,-0.000525526,0,0,0
3295,-0.000347477,4.09727e-017,-0.000514563,0,0,0
3296,-0.000352592,1.31856e-005,-0.000525526,0,0,0
3297,-0.000409746,2.03027e-005,-0.0005109,0,0,0
3298,-0.000413248,5.50538e-017,-0.000447047,0,0,0
3299,-0.000409746,-2.03027e-005,-0.0005109,0,0,0
3300,-0.00012534,1.44291e-005,-0.000494859,0,0,0
3301,-0.000131717,2.11034e-017,-0.00020076,0,0,0
3302,-0.00012534,-1.44291e-005,-0.000494859,0,0,0
3303,-0.000189312,3.70861e-006,-0.000318842,0,0,0
3304,-0.000210694,1.66306e-017,-0.000477664,0,0,0
3305,-0.000189312,-3.70861e-006,-0.000318842,0,0,0
3306,-0.000270205,6.16417e-006,-0.000471407,0,0,0
3307,-0.000252666,2.51569e-017,-0.000416678,0,0,0
3308,-0.000270205,-6.16417e-006,-0.000471407,0,0,0
3309,-0.000333418,1.12432e-005,-0.000440141,0,0,0
3310,-0.000344969,3.64614e-017,-0.000434006,0,0,0
3311,-0.000333418,-1.12432e-005,-0.000440141,0,0,0
3312,-0.000398327,-1.2026e-005,-0.000471473,0,0,0
3313,-0.000390203,3.7754e-017,-0.000544889,0,0,0
3314,-0.000398327,1.2026e-005,-0.000471473,0,0,0
3315,-0.00011148,9.68652e-006,-0.000172833,0,0,0
3316,-0.000139616,2.26835e-018,-0.00048701,0,0,0
3317,-0.00011148,-9.68652e-006,-0.000172833,0,0,0
3318,-0.000200622,1.47289e-005,-0.000441285,0,0,0
3319,-0.000157447,1.41175e-017,-0.000287681,0,0,0
3320,-0.000200622,-1.47289e-005,-0.000441285,0,0,0
3321,-0.000249446,6.73585e-006,-0.000353895,0,0,0
3322,-0.000277875,1.60021e-017,-0.000411286,0,0,0
3323,-0.000249446,-6.73585e-006,-0.000353895,0,0,0
3324,-0.000323488,-1.36867e-006,-0.000436191,0,0,0
3325,-0.000307797,1.7249e-017,-0.000438501,0,0,0
3326,-0.000323488,1.36867e-006,-0.000436191,0,0,0
3327,-0.000391603,1.04101e-005,-0.000433572,0,0,0
3328,-0.00039783,2.66274e-017,-0.000374855,0,0,0
3329,-0.000391603,-1.04101e-005,-0.000433572,0,0,0
3330,-0.000126334,1.36083e-005,-0.000416346,0,0,0
3331,-7.77966e-005,3.14249e-018,-0.000141559,0,0,0
3332,-0.000126334,-1.36083e-005,-0.000416346,0,0,0
3333,-0.00015694,1.56579e-006,-0.000255103,0,0,0
3334,-0.000218737,-2.75455e-018,-0.000373507,0,0,0
3335,-0.00015694,-1.56579e-006,-0.000255103,0,0,0
3336,-0.000253833,9.36084e-006,-0.000370645,0,0,0
3337,-0.000216363,4.23178e-018,-0.000342083,0,0,0
3338,-0.000253833,-9.36084e-006,-0.000370645,0,0,0
3339,-0.000319471,5.4811e-006,-0.000353491,0,0,0
3340,-0.000338827,1.05456e-017,-0.000340401,0,0,0
3341,-0.000319471,-5.4811e-006,-0.000353491,0,0,0
3342,-0.00037091,-2.22823e-006,-0.00037545,0,0,0
3343,-0.000364732,1.37355e-017,-0.00043985,0,0,0
3344,-0.00037091,2.22823e-006,-0.00037545,0,0,0
3345,-0.000542029,0.000177758,-0.000250511,0,0,0
3346,0.000204154,1.13773e-017,-0.000462147,0,0,0
3347,-0.000542029,-0.000177758,-0.000250511,0,0,0
3348,-3.67169e-006,-0.000107904,-0.000324481,0,0,0
3349,-6.50568e-005,1.45131e-017,-0.000315682,0,0,0
3350,-3.67169e-006,0.000107904,-0.000324481,0,0,0
3351,-4.06775e-005,-4.22662e-006,-0.000114888,0,0,0
3352,-8.64252e-005,-2.60844e-018,-0.000100973,0,0,0
3353,-4.06775e-005,4.22662e-006,-0.000114888,0,0,0
3354,2.60987e-005,-0.000132272,-0.00035023,0,0,0
3355,-7.54964e-005,1.35339e-017,-0.00049572,0,0,0
3356,2.60987e-005,0.000132272,-0.00035023,0,0,0
3357,3.96744e-005,-2.56007e-005,-0.000332835,0,0,0
3358,-0.000193943,1.81172e-017,-0.000103394,0,0,0
3359,3.96744e-005,2.56007e-005,-0.000332835,0,0,0
3360,-8.10803e-005,-2.26265e-005,-8.35522e-005,0,0,0
3361,7.18243e-005,2.35221e-018,-0.000198564,0,0,0
3362,-8.10803e-005,2.26265e-005,-8.35522e-005,0,0,0
3363,-2.66754e-005,2.55843e-005,-0.000374969,0,0,0
3364,-0.000146245,4.78667e-017,-0.000217325,0,0,0
3365,-2.66754e-005,-2.55843e-005,-0.000374969,0,0,0
3366,-0.000115836,-3.01826e-005,-0.000188919,0,0,0
3367,0.000100964,6.26635e-018,-0.000333707,0,0,0
3368,-0.000115836,3.01826e-005,-0.000188919,0,0,0
3369,3.82718e-005,-4.25346e-005,-0.000123399,0,0,0
3370,-8.05961e-005,1.24662e-017,-6.06597e-005,0,0,0
3371,3.82718e-005,4.25346e-005,-0.000123399,0,0,0
3372,-0.00011045,-5.24465e-005,-0.000227993,0,0,0
3373,3.81688e-005,3.90482e-018,-0.000440706,0,0,0
3374,-0.00011045,5.24465e-005,-0.000227993,0,0,0
3375,3.65435e-005,-6.68496e-005,-0.000264929,0,0,0
3376,-0.000106155,2.36017e-017,-9.75017e-005,0,0,0
3377,3.65435e-005,6.68496e-005,-0.000264929,0,0,0
3378,-2.93214e-005,-6.3864e-006,-7.67463e-005,0,0,0
3379,3.54889e-005,3.11708e-019,-0.000154768,0,0,0
3380,-2.93214e-005,6.3864e-006,-7.67463e-005,0,0,0
3381,-4.74435e-007,-2.60834e-005,-0.000322397,0,0,0
3382,-0.000112905,3.35281e-017,-0.000187851,0,0,0
3383,-4.74435e-007,2.60834e-005,-0.000322397,0,0,0
3384,-4.41402e-005,-1.35717e-005,-0.000181092,0,0,0
3385,2.326e-005,2.11758e-018,-0.000242865,0,0,0
3386,-4.41402e-005,1.35717e-005,-0.000181092,0,0,0
3387,6.18592e-006,-3.87533e-005,-8.78043e-005,0,0,0
3388,-1.69228e-005,9.68053e-018,-7.00714e-005,0,0,0
3389,6.18592e-006,3.87533e-005,-8.78043e-005,0,0,0
3390,-6.31009e-005,-1.53771e-005,-0.000196887,0,0,0
3391,-9.19256e-006,1.11639e-018,-0.000359522,0,0,0
3392,-6.31009e-005,1.53771e-005,-0.000196887,0,0,0
3393,-7.82623e-006,-5.7798e-005,-0.00020431,0,0,0
3394,-2.11548e-005,1.35131e-017,-0.00011427,0,0,0
3395,-7.82623e-006,5.7798e-005,-0.00020431,0,0,0
3396,5.73306e-006,-9.09443e-006,-7.74959e-005,0,0,0
3397,1.81748e-006,-1.13164e-018,-0.000115063,0,0,0
3398,5.73306e-006,9.09443e-006,-7.74959e-005,0,0,0
3399,-3.20123e-005,-3.65729e-005,-0.000274334,0,0,0
3400,-3.16503e-005,1.64676e-017,-0.000172169,0,0,0
3401,-3.20123e-005,3.65729e-005,-0.000274334,0,0,0
3402,1.16348e-005,-1.24778e-005,-0.00016935,0,0,0
3403,-1.75319e-005,-7.10661e-019,-0.000187211,0,0,0
3404,1.16348e-005,1.24778e-005,-0.00016935,0,0,0
3405,-2.97285e-006,-2.7133e-005,-6.8202e-005,0,0,0
3406,1.4183e-005,4.12547e-018,-7.13108e-005,0,0,0
3407,-2.97285e-006,2.7133e-005,-6.8202e-005,0,0,0
3408,7.99217e-006,-5.12868e-007,-0.00016448,0,0,0
3409,-4.78073e-005,-5.45066e-018,-0.000302435,0,0,0
3410,7.99217e-006,5.12868e-007,-0.00016448,0,0,0
3411,-2.06394e-005,-4.32262e-005,-0.000164942,0,0,0
3412,3.48097e-005,3.5533e-018,-0.000108283,0,0,0
3413,-2.06394e-005,4.32262e-005,-0.000164942,0,0,0
3414,2.59684e-005,-1.04509e-005,-7.06536e-005,0,0,0
3415,-4.57281e-007,-2.19382e-018,-9.13352e-005,0,0,0
3416,2.59684e-005,1.04509e-005,-7.06536e-005,0,0,0
3417,-5.38352e-005,-3.30189e-005,-0.000235314,0,0,0
3418,4.58801e-005,3.37966e-018,-0.000133685,0,0,0
3419,-5.38352e-005,3.30189e-005,-0.000235314,0,0,0
3420,6.37246e-005,-7.09553e-006,-0.000144212,0,0,0
3421,-1.81739e-005,-5.53409e-018,-0.000156172,0,0,0
3422,6.37246e-005,7.09553e-006,-0.000144212,0,0,0
3423,6.5894e-006,-1.72671e-005,-5.26169e-005,0,0,0
3424,3.85097e-005,-7.14261e-019,-5.92151e-005,0,0,0
3425,6.5894e-006,1.72671e-005,-5.26169e-005,0,0,0
3426,-0.00331325,-0.0010319,-0.14785,-3.907e-005,0.00109386,1.44603e-005
3427,-0.00489973,-0.00197897,-0.00307023,-4.35644e-005,0.00541899,2.10478e-005
3428,0.0132843,0.000210951,-0.147035,-4.30869e-005,0.000636892,1.05293e-005
3429,-0.0016044,-0.00058179,-0.209736,-1.63891e-005,0.00070422,3.08215e-006
3430,0.00859307,-0.000192589,-0.214194,-1.12985e-005,0.000161291,3.08215e-006
3431,0.004302,-0.000179528,-0.214626,-8.57868e-007,-0.000321971,6.32205e-006
3432,0.0267288,0.000351061,-0.146014,9.06738e-006,-0.00219227,1.09995e-005
3433,0.00244692,-0.000140091,-0.150939,1.99532e-005,-0.00013135,1.09995e-005
3434,0.0125823,-0.00021784,-0.215377,-1.79901e-006,-0.000434868,1.00319e-005
3435,-1.03745e-015,0.000638493,-0.0248915,7.53801e-005,-4.70939e-016,-1.17731e-016
3436,-0.0267288,0.000351061,-0.146014,9.06738e-006,0.00219227,-1.09995e-005
3437,-0.0125823,-0.00021784,-0.215377,-1.79901e-006,0.000434868,-1.00319e-005
3438,-0.004302,-0.000179528,-0.214626,-8.57868e-007,0.000321971,-6.32205e-006
3439,0.0016044,-0.00058179,-0.209736,-1.63891e-005,-0.00070422,-3.08215e-006
3440,-0.00244692,-0.000140091,-0.150939,1.99532e-005,0.00013135,-1.09995e-005
3441,0.00331325,-0.0010319,-0.14785,-3.907e-005,-0.00109386,-1.44603e-005
3442,-0.0132843,0.000210951,-0.147035,-4.30869e-005,-0.000636892,-1.05293e-005
3443,0.00489973,-0.00197897,-0.00307023,-4.35644e-005,-0.00541899,-2.10478e-005
3444,-0.00859307,-0.000192589,-0.214194,-1.12985e-005,-0.000161291,-3.08215e-006
3445,-0.00343528,-0.00108952,-0.144271,-3.94157e-005,0.000872671,1.54681e-005
3446,-0.00355732,-0.00115086,-0.141077,-3.97614e-005,0.000877661,1.63925e-005
3447,-0.00367936,-0.0012156,-0.137468,-4.01072e-005,0.00107232,1.72333e-005
3448,-0.00380139,-0.00128341,-0.132787,-4.04529e-005,0.00142014,1.79907e-005
3449,-0.00392343,-0.00135397,-0.126513,-4.07986e-005,0.00188462,1.86644e-005
3450,-0.00404547,-0.00142696,-0.118268,-4.11443e-005,0.00242925,1.92547e-005
3451,-0.00416751,-0.00150206,-0.107815,-4.14901e-005,0.00301751,1.97614e-005
3452,-0.00428954,-0.00157894,-0.0950547,-4.18358e-005,0.0036129,2.01847e-005
3453,-0.00441158,-0.0016573,-0.0800311,-4.21815e-005,0.00417891,2.05243e-005
3454,-0.00453362,-0.0017368,-0.062927,-4.25272e-005,0.00467903,2.07805e-005
3455,-0.00465565,-0.00181713,-0.044066,-4.2873e-005,0.00507676,2.09531e-005
3456,-0.00477769,-0.00189796,-0.0239123,-4.32187e-005,0.00533558,2.10423e-005
3457,0.0158979,8.71584e-005,-0.143855,-4.34482e-005,0.000187277,1.17797e-005
3458,0.0191497,-4.1347e-005,-0.141732,-4.37625e-005,-1.25124e-005,1.29517e-005
3459,0.0225725,-0.00017421,-0.139889,-4.40297e-005,5.20341e-006,1.40452e-005
3460,0.0257635,-0.000311074,-0.137654,-4.42499e-005,0.000208129,1.50603e-005
3461,0.0283847,-0.000451584,-0.134463,-4.44229e-005,0.000563917,1.59969e-005
3462,0.0301626,-0.000595385,-0.12986,-4.45489e-005,0.00104024,1.68551e-005
3463,0.0308884,-0.00074212,-0.123499,-4.46278e-005,0.00160482,1.76348e-005
3464,0.0304181,-0.000891434,-0.115138,-4.46597e-005,0.00222529,1.8336e-005
3465,0.0286721,-0.00104297,-0.104644,-4.46444e-005,0.00286934,1.89588e-005
3466,0.0256355,-0.00119638,-0.0919947,-4.45821e-005,0.00350467,1.95031e-005
3467,0.0213583,-0.00135129,-0.0772711,-4.44727e-005,0.00409894,1.9969e-005
3468,0.0159547,-0.00150737,-0.0606646,-4.43163e-005,0.00461981,2.03564e-005
3469,0.00960394,-0.00166424,-0.0424735,-4.41127e-005,0.00503501,2.06653e-005
3470,0.00254966,-0.00182156,-0.023104,-4.38621e-005,0.00531217,2.08958e-005
3471,-0.00173239,-0.000555175,-0.207465,-1.8957e-005,0.000351495,2.26515e-006
3472,-0.00236487,-0.000521127,-0.206028,-2.14124e-005,0.000188574,1.63578e-006
3473,-0.00315458,-0.000480495,-0.204848,-2.37552e-005,0.000183137,1.19406e-006
3474,-0.00381884,-0.000434131,-0.203452,-2.59854e-005,0.000302871,9.39975e-007
3475,-0.00413965,-0.000382884,-0.201479,-2.8103e-005,0.000515446,8.7353e-007
3476,-0.00396365,-0.000327606,-0.198671,-3.0108e-005,0.000788539,9.94725e-007
3477,-0.00320211,-0.000269148,-0.194882,-3.20004e-005,0.00108984,1.30356e-006
3478,-0.00183095,-0.000208359,-0.190071,-3.37803e-005,0.00138702,1.80003e-006
3479,0.000109264,-0.000146091,-0.184306,-3.54475e-005,0.00164775,2.48415e-006
3480,0.00251333,-8.31943e-005,-0.177762,-3.70022e-005,0.00183973,3.3559e-006
3481,0.0052114,-2.05193e-005,-0.170722,-3.84443e-005,0.00193061,4.4153e-006
3482,0.00796898,4.10835e-005,-0.163577,-3.97738e-005,0.00188809,5.66233e-006
3483,0.0104869,0.000100763,-0.156825,-4.09907e-005,0.00167985,7.097e-006
3484,0.0124015,0.000157669,-0.151073,-4.20951e-005,0.00127356,8.71932e-006
3485,0.000783714,-0.0005227,-0.210312,-1.5196e-005,0.000576971,3.08215e-006
3486,0.00272645,-0.000467786,-0.210883,-1.4162e-005,0.000466688,3.08215e-006
3487,0.00428745,-0.000416452,-0.211449,-1.32871e-005,0.000373372,3.08215e-006
3488,0.00553032,-0.0003681,-0.212009,-1.25712e-005,0.000297023,3.08215e-006
3489,0.00651869,-0.000322134,-0.212563,-1.20144e-005,0.00023764,3.08215e-006
3490,0.00731619,-0.000277958,-0.213112,-1.16167e-005,0.000195224,3.08215e-006
3491,0.00798644,-0.000234976,-0.213656,-1.13781e-005,0.000169774,3.08215e-006
3492,0.0112106,4.98434e-005,-0.147156,-4.28086e-005,0.000494368,1.10206e-005
3493,0.00956451,-0.0001101,-0.147272,-4.24664e-005,0.000408886,1.1512e-005
3494,0.00813198,-0.000268641,-0.147382,-4.20602e-005,0.000380446,1.20034e-005
3495,0.00669916,-0.000425538,-0.147486,-4.159e-005,0.000409046,1.24948e-005
3496,0.00505213,-0.000580553,-0.147585,-4.1056e-005,0.000494688,1.29861e-005
3497,0.00297699,-0.000733444,-0.147679,-4.04579e-005,0.000637372,1.34775e-005
3498,0.00025983,-0.000883974,-0.147767,-3.97959e-005,0.000837096,1.39689e-005
3499,0.00532642,-0.000201793,-0.216705,-1.59377e-006,-0.000768643,5.60688e-006
3500,0.00701941,-0.000223307,-0.219892,-2.37247e-006,-0.00100167,4.96301e-006
3501,0.00898599,-0.000244394,-0.223529,-3.19395e-006,-0.00105338,4.39046e-006
3502,0.0108958,-0.000265377,-0.227066,-4.05822e-006,-0.000956087,3.88922e-006
3503,0.0124833,-0.000286579,-0.230059,-4.96527e-006,-0.000742117,3.45929e-006
3504,0.0135473,-0.000308324,-0.232175,-5.91511e-006,-0.000443789,3.10067e-006
3505,0.0139514,-0.000330935,-0.233184,-6.90774e-006,-9.34244e-005,2.81337e-006
3506,0.013624,-0.000354735,-0.232969,-7.94316e-006,0.000276654,2.59737e-006
3507,0.0125579,-0.000380048,-0.231516,-9.02136e-006,0.000634126,2.45269e-006
3508,0.0108106,-0.000407196,-0.228923,-1.01424e-005,0.000946669,2.37932e-006
3509,0.00850439,-0.000436504,-0.225392,-1.13061e-005,0.00118196,2.37726e-006
3510,0.00582597,-0.000468294,-0.221235,-1.25127e-005,0.00130769,2.44652e-006
3511,0.00302686,-0.000502889,-0.21687,-1.3762e-005,0.00129152,2.58708e-006
3512,0.000423153,-0.000540613,-0.212826,-1.50542e-005,0.00110114,2.79896e-006
3513,0.0228392,0.000297778,-0.15462,8.32196e-006,-0.00253917,1.05481e-005
3514,0.0184743,0.000247445,-0.164012,7.58851e-006,-0.00267863,1.01167e-005
3515,0.0140168,0.000199972,-0.173553,6.86702e-006,-0.00264299,9.70517e-006
3516,0.00978441,0.000155269,-0.182712,6.15749e-006,-0.00246457,9.3136e-006
3517,0.00603052,0.000113245,-0.191069,5.45992e-006,-0.00217568,8.94196e-006
3518,0.00294368,7.38094e-005,-0.198307,4.77432e-006,-0.00180865,8.59026e-006
3519,0.000647871,3.68724e-005,-0.204222,4.10067e-006,-0.0013958,8.25849e-006
3520,-0.000797587,2.34332e-006,-0.208713,3.43899e-006,-0.000969447,7.94666e-006
3521,-0.00139802,-2.98682e-005,-0.21179,2.78927e-006,-0.000561917,7.65477e-006
3522,-0.00122339,-5.98524e-005,-0.21357,2.15151e-006,-0.000205527,7.38281e-006
3523,-0.0004083,-8.76997e-005,-0.214276,1.52571e-006,6.73976e-005,7.13079e-006
3524,0.000847995,-0.000113501,-0.214241,9.11874e-007,0.000224536,6.8987e-006
3525,0.00228161,-0.000137345,-0.213905,3.09998e-007,0.00023357,6.68655e-006
3526,0.003564,-0.000159324,-0.213815,-2.79915e-007,6.21749e-005,6.49433e-006
3527,0.0194671,0.000311991,-0.146649,1.16187e-005,-0.00170924,1.09995e-005
3528,0.013896,0.000263992,-0.147278,1.38299e-005,-0.00129062,1.09995e-005
3529,0.00977392,0.000208338,-0.147902,1.57009e-005,-0.000936397,1.09995e-005
3530,0.00685944,0.000146307,-0.14852,1.72317e-005,-0.00064658,1.09995e-005
3531,0.00491101,7.91721e-005,-0.149133,1.84223e-005,-0.000421167,1.09995e-005
3532,0.00368712,8.21061e-006,-0.149741,1.92728e-005,-0.000260158,1.09995e-005
3533,0.00294627,-6.53022e-005,-0.150343,1.97831e-005,-0.000163552,1.09995e-005
3534,-0.00173585,-0.000595528,-0.207629,-1.81338e-005,0.000475549,4.0549e-006
3535,-0.0018673,-0.000612977,-0.20603,-1.98785e-005,0.00042385,5.01139e-006
3536,-0.00199875,-0.000634073,-0.204331,-2.16232e-005,0.000512614,5.95163e-006
3537,-0.0021302,-0.000658754,-0.202059,-2.33678e-005,0.000705333,6.87562e-006
3538,-0.00226165,-0.000686958,-0.198887,-2.51125e-005,0.000965499,7.78336e-006
3539,-0.0023931,-0.000718622,-0.194624,-2.68572e-005,0.0012566,8.67485e-006
3540,-0.00252455,-0.000753683,-0.189222,-2.86019e-005,0.00154213,9.55009e-006
3541,-0.002656,-0.00079208,-0.182773,-3.03466e-005,0.00178559,1.04091e-005
3542,-0.00278745,-0.000833749,-0.175508,-3.20913e-005,0.00195045,1.12518e-005
3543,-0.0029189,-0.000878628,-0.1678,-3.38359e-005,0.00200022,1.20783e-005
3544,-0.00305035,-0.000926655,-0.160162,-3.55806e-005,0.00189838,1.28885e-005
3545,-0.0031818,-0.000977766,-0.153248,-3.73253e-005,0.00160843,1.36825e-005
3546,0.011491,-0.000256025,-0.217853,-2.92132e-006,-0.000758067,9.80201e-006
3547,0.0103997,-0.000293227,-0.221154,-4.04364e-006,-0.000878932,9.52137e-006
3548,0.00930844,-0.000329252,-0.22457,-5.16596e-006,-0.00083397,9.18993e-006
3549,0.00821716,-0.000363905,-0.227534,-6.28827e-006,-0.000659691,8.80771e-006
3550,0.00712588,-0.00039699,-0.229619,-7.41059e-006,-0.000392603,8.37469e-006
3551,0.00603459,-0.000428312,-0.230539,-8.5329e-006,-6.92131e-005,7.89089e-006
3552,0.00494331,-0.000457676,-0.230147,-9.65522e-006,0.000273969,7.3563e-006
3553,0.00385202,-0.000484885,-0.228436,-1.07775e-005,0.000600434,6.77091e-006
3554,0.00276074,-0.000509746,-0.225542,-1.18999e-005,0.000873675,6.13474e-006
3555,0.00166946,-0.000532062,-0.22174,-1.30222e-005,0.00105718,5.44778e-006
3556,0.00057817,-0.000551638,-0.217444,-1.41445e-005,0.00111445,4.71002e-006
3557,-0.000513111,-0.000568279,-0.213211,-1.52668e-005,0.00100896,3.92148e-006
3558,0.00539745,-0.000182896,-0.214739,-9.42659e-007,-0.000270579,6.78578e-006
3559,0.00633528,-0.0001866,-0.214847,-1.03684e-006,-0.000237903,7.24951e-006
3560,0.00718566,-0.000190675,-0.214949,-1.1404e-006,-0.000223942,7.71323e-006
3561,0.00801878,-0.000195155,-0.215045,-1.25335e-006,-0.000228696,8.17696e-006
3562,0.00890482,-0.000200077,-0.215136,-1.37569e-006,-0.000252166,8.64069e-006
3563,0.00991397,-0.000205475,-0.215222,-1.50741e-006,-0.000294351,9.10441e-006
3564,0.0111164,-0.000211384,-0.215302,-1.64851e-006,-0.000355252,9.56814e-006
3565,-0.00117565,0.000766842,-0.028078,6.67743e-005,-0.000977819,7.70814e-006
3566,-0.000665668,0.000854543,-0.034068,5.87664e-005,-0.00169677,1.44199e-005
3567,0.00104452,0.000906115,-0.0420525,5.13564e-005,-0.00218917,2.01352e-005
3568,0.00353414,0.000926075,-0.0513302,4.45441e-005,-0.00248735,2.48541e-005
3569,0.00644707,0.000918938,-0.0613076,3.83298e-005,-0.00262362,2.85767e-005
3570,0.00949181,0.000889223,-0.0714988,3.27132e-005,-0.00263031,3.13028e-005
3571,0.0124415,0.000841446,-0.0815258,2.76945e-005,-0.00253973,3.30325e-005
3572,0.015134,0.000780125,-0.0911182,2.32737e-005,-0.00238422,3.37658e-005
3573,0.0174717,0.000709776,-0.100113,1.94507e-005,-0.00219609,3.35027e-005
3574,0.0194217,0.000634917,-0.108457,1.62255e-005,-0.00200765,3.22432e-005
3575,0.0210157,0.000560065,-0.116201,1.35982e-005,-0.00185125,2.99872e-005
3576,0.0223501,0.000489736,-0.123506,1.15687e-005,-0.00175918,2.67349e-005
3577,0.0235858,0.000428447,-0.130642,1.01371e-005,-0.00176378,2.24862e-005
3578,0.0249487,0.000380716,-0.137983,9.30332e-006,-0.00189737,1.72411e-005
3579,0.00117565,0.000766842,-0.028078,6.67743e-005,0.000977819,-7.70814e-006
3580,0.000665668,0.000854543,-0.034068,5.87664e-005,0.00169677,-1.44199e-005
3581,-0.00104452,0.000906115,-0.0420525,5.13564e-005,0.00218917,-2.01352e-005
3582,-0.00353414,0.000926075,-0.0513302,4.45441e-005,0.00248735,-2.48541e-005
3583,-0.00644707,0.000918938,-0.0613076,3.83298e-005,0.00262362,-2.85767e-005
3584,-0.00949181,0.000889223,-0.0714988,3.27132e-005,0.00263031,-3.13028e-005
3585,-0.0124415,0.000841446,-0.0815258,2.76945e-005,0.00253973,-3.30325e-005
3586,-0.015134,0.000780125,-0.0911182,2.32737e-005,0.00238422,-3.37658e-005
3587,-0.0174717,0.000709776,-0.100113,1.94507e-005,0.00219609,-3.35027e-005
3588,-0.0194217,0.000634917,-0.108457,1.62255e-005,0.00200765,-3.22432e-005
3589,-0.0210157,0.000560065,-0.116201,1.35982e-005,0.00185125,-2.99872e-005
3590,-0.0223501,0.000489736,-0.123506,1.15687e-005,0.00175918,-2.67349e-005
3591,-0.0235858,0.000428447,-0.130642,1.01371e-005,0.00176378,-2.24862e-005
3592,-0.0249487,0.000380716,-0.137983,9.30332e-006,0.00189737,-1.72411e-005
3593,-0.00205606,0.000106373,-0.0146625,6.97491e-007,0.00123882,3.60454e-006
3594,-0.00411213,0.000126355,-0.0214523,1.39498e-006,0.00216541,6.46731e-006
3595,-0.00616819,0.000155922,-0.0312455,2.09247e-006,0.00281628,8.5883e-006
3596,-0.00822426,0.00019222,-0.0430517,2.78996e-006,0.00322793,9.96751e-006
3597,-0.0102803,0.000232396,-0.0560213,3.48745e-006,0.00343689,1.0605e-005
3598,-0.0123364,0.000273597,-0.0694447,4.18494e-006,0.00347965,1.05006e-005
3599,-0.0143925,0.000312971,-0.082753,4.88243e-006,0.00339273,9.6545e-006
3600,-0.0164485,0.000347664,-0.0955176,5.57992e-006,0.00321263,8.0666e-006
3601,-0.0185046,0.000374822,-0.10745,6.27741e-006,0.00297586,5.73693e-006
3602,-0.0205606,0.000391595,-0.118403,6.97491e-006,0.00271893,2.66549e-006
3603,-0.0226167,0.000395127,-0.12837,7.6724e-006,0.00247835,-1.14774e-006
3604,-0.0246728,0.000382567,-0.137482,8.36989e-006,0.00229063,-5.70273e-006
3605,6.41347e-015,0.000342319,-0.0130905,-0.00010021,-5.30445e-016,0
3606,3.79792e-015,0.000836335,-0.0141688,-0.000133613,-7.0744e-016,0
3607,1.18256e-015,0.00133035,-0.0152416,-0.00010021,-5.30092e-016,0
3608,7.62666e-017,0.00147743,-0.0184628,4.3982e-005,5.06562e-017,-2.94494e-017
3609,2.54853e-016,0.00124751,-0.0206111,7.1206e-005,-2.27511e-018,-5.88988e-017
3610,3.68485e-017,0.000946913,-0.0227541,8.16721e-005,-1.60693e-016,-8.83482e-017
3611,0.0256406,0.000308148,-0.155203,8.2315e-006,-0.00248978,1.12891e-005
3612,0.0245525,0.000264238,-0.165111,7.39563e-006,-0.00258131,1.15179e-005
3613,0.0234643,0.000219565,-0.175014,6.55975e-006,-0.00250337,1.16862e-005
3614,0.0223761,0.000174361,-0.184332,5.72387e-006,-0.00229247,1.17937e-005
3615,0.0212879,0.00012886,-0.192622,4.888e-006,-0.00198511,1.18406e-005
3616,0.0201997,8.32956e-005,-0.199586,4.05212e-006,-0.0016178,1.18268e-005
3617,0.0191115,3.79006e-005,-0.205061,3.21625e-006,-0.00122706,1.17524e-005
3618,0.0180233,-7.09129e-006,-0.209028,2.38037e-006,-0.000849385,1.16173e-005
3619,0.0169351,-5.14469e-005,-0.211608,1.54449e-006,-0.000521289,1.14215e-005
3620,0.0158469,-9.4933e-005,-0.213061,7.08619e-007,-0.000279282,1.11651e-005
3621,0.0147587,-0.000137316,-0.213789,-1.27257e-007,-0.00015987,1.0848e-005
3622,0.0136705,-0.000178363,-0.214334,-9.63133e-007,-0.000199562,1.04703e-005
3623,0.00205606,0.000106373,-0.0146625,6.97491e-007,-0.00123882,-3.60454e-006
3624,0.00411213,0.000126355,-0.0214523,1.39498e-006,-0.00216541,-6.46731e-006
3625,0.00616819,0.000155922,-0.0312455,2.09247e-006,-0.00281628,-8.5883e-006
3626,0.00822426,0.00019222,-0.0430517,2.78996e-006,-0.00322793,-9.96751e-006
3627,0.0102803,0.000232396,-0.0560213,3.48745e-006,-0.00343689,-1.0605e-005
3628,0.0123364,0.000273597,-0.0694447,4.18494e-006,-0.00347965,-1.05006e-005
3629,0.0143925,0.000312971,-0.082753,4.88243e-006,-0.00339273,-9.6545e-006
3630,0.0164485,0.000347664,-0.0955176,5.57992e-006,-0.00321263,-8.0666e-006
3631,0.0185046,0.000374822,-0.10745,6.27741e-006,-0.00297586,-5.73693e-006
3632,0.0205606,0.000391595,-0.118403,6.97491e-006,-0.00271893,-2.66549e-006
3633,0.0226167,0.000395127,-0.12837,7.6724e-006,-0.00247835,1.14774e-006
3634,0.0246728,0.000382567,-0.137482,8.36989e-006,-0.00229063,5.70273e-006
3635,-0.0256406,0.000308148,-0.155203,8.2315e-006,0.00248978,-1.12891e-005
3636,-0.0245525,0.000264238,-0.165111,7.39563e-006,0.00258131,-1.15179e-005
3637,-0.0234643,0.000219565,-0.175014,6.55975e-006,0.00250337,-1.16862e-005
3638,-0.0223761,0.000174361,-0.184332,5.72387e-006,0.00229247,-1.17937e-005
3639,-0.0212879,0.00012886,-0.192622,4.888e-006,0.00198511,-1.18406e-005
3640,-0.0201997,8.32956e-005,-0.199586,4.05212e-006,0.0016178,-1.18268e-005
3641,-0.0191115,3.79006e-005,-0.205061,3.21625e-006,0.00122706,-1.17524e-005
3642,-0.0180233,-7.09129e-006,-0.209028,2.38037e-006,0.000849385,-1.16173e-005
3643,-0.0169351,-5.14469e-005,-0.211608,1.54449e-006,0.000521289,-1.14215e-005
3644,-0.0158469,-9.4933e-005,-0.213061,7.08619e-007,0.000279282,-1.11651e-005
3645,-0.0147587,-0.000137316,-0.213789,-1.27257e-007,0.00015987,-1.0848e-005
3646,-0.0136705,-0.000178363,-0.214334,-9.63133e-007,0.000199562,-1.04703e-005
3647,-0.0228392,0.000297778,-0.15462,8.32196e-006,0.00253917,-1.05481e-005
3648,-0.0184743,0.000247445,-0.164012,7.58851e-006,0.00267863,-1.01167e-005
3649,-0.0140168,0.000199972,-0.173553,6.86702e-006,0.00264299,-9.70517e-006
3650,-0.00978441,0.000155269,-0.182712,6.15749e-006,0.00246457,-9.3136e-006
3651,-0.00603052,0.000113245,-0.191069,5.45992e-006,0.00217568,-8.94196e-006
3652,-0.00294368,7.38094e-005,-0.198307,4.77432e-006,0.00180865,-8.59026e-006
3653,-0.000647871,3.68724e-005,-0.204222,4.10067e-006,0.0013958,-8.25849e-006
3654,0.000797587,2.34332e-006,-0.208713,3.43899e-006,0.000969447,-7.94666e-006
3655,0.00139802,-2.98682e-005,-0.21179,2.78927e-006,0.000561917,-7.65477e-006
3656,0.00122339,-5.98524e-005,-0.21357,2.15151e-006,0.000205527,-7.38281e-006
3657,0.0004083,-8.76997e-005,-0.214276,1.52571e-006,-6.73976e-005,-7.13079e-006
3658,-0.000847995,-0.000113501,-0.214241,9.11874e-007,-0.000224536,-6.8987e-006
3659,-0.00228161,-0.000137345,-0.213905,3.09998e-007,-0.00023357,-6.68655e-006
3660,-0.003564,-0.000159324,-0.213815,-2.79915e-007,-6.21749e-005,-6.49433e-006
3661,-0.00539745,-0.000182896,-0.214739,-9.42659e-007,0.000270579,-6.78578e-006
3662,-0.00633528,-0.0001866,-0.214847,-1.03684e-006,0.000237903,-7.24951e-006
3663,-0.00718566,-0.000190675,-0.214949,-1.1404e-006,0.000223942,-7.71323e-006
3664,-0.00801878,-0.000195155,-0.215045,-1.25335e-006,0.000228696,-8.17696e-006
3665,-0.00890482,-0.000200077,-0.215136,-1.37569e-006,0.000252166,-8.64069e-006
3666,-0.00991397,-0.000205475,-0.215222,-1.50741e-006,0.000294351,-9.10441e-006
3667,-0.0111164,-0.000211384,-0.215302,-1.64851e-006,0.000355252,-9.56814e-006
3668,-0.011491,-0.000256025,-0.217853,-2.92132e-006,0.000758067,-9.80201e-006
3669,-0.0103997,-0.000293227,-0.221154,-4.04364e-006,0.000878932,-9.52137e-006
3670,-0.00930844,-0.000329252,-0.22457,-5.16596e-006,0.00083397,-9.18993e-006
3671,-0.00821716,-0.000363905,-0.227534,-6.28827e-006,0.000659691,-8.80771e-006
3672,-0.00712588,-0.00039699,-0.229619,-7.41059e-006,0.000392603,-8.37469e-006
3673,-0.00603459,-0.000428312,-0.230539,-8.5329e-006,6.92131e-005,-7.89089e-006
3674,-0.00494331,-0.000457676,-0.230147,-9.65522e-006,-0.000273969,-7.3563e-006
3675,-0.00385202,-0.000484885,-0.228436,-1.07775e-005,-0.000600434,-6.77091e-006
3676,-0.00276074,-0.000509746,-0.225542,-1.18999e-005,-0.000873675,-6.13474e-006
3677,-0.00166946,-0.000532062,-0.22174,-1.30222e-005,-0.00105718,-5.44778e-006
3678,-0.00057817,-0.000551638,-0.217444,-1.41445e-005,-0.00111445,-4.71002e-006
3679,0.000513111,-0.000568279,-0.213211,-1.52668e-005,-0.00100896,-3.92148e-006
3680,-0.0194671,0.000311991,-0.146649,1.16187e-005,0.00170924,-1.09995e-005
3681,-0.013896,0.000263992,-0.147278,1.38299e-005,0.00129062,-1.09995e-005
3682,-0.00977392,0.000208338,-0.147902,1.57009e-005,0.000936397,-1.09995e-005
3683,-0.00685944,0.000146307,-0.14852,1.72317e-005,0.00064658,-1.09995e-005
3684,-0.00491101,7.91721e-005,-0.149133,1.84223e-005,0.000421167,-1.09995e-005
3685,-0.00368712,8.21061e-006,-0.149741,1.92728e-005,0.000260158,-1.09995e-005
3686,-0.00294627,-6.53022e-005,-0.150343,1.97831e-005,0.000163552,-1.09995e-005
3687,-0.00532642,-0.000201793,-0.216705,-1.59377e-006,0.000768643,-5.60688e-006
3688,-0.00701941,-0.000223307,-0.219892,-2.37247e-006,0.00100167,-4.96301e-006
3689,-0.00898599,-0.000244394,-0.223529,-3.19395e-006,0.00105338,-4.39046e-006
3690,-0.0108958,-0.000265377,-0.227066,-4.05822e-006,0.000956087,-3.88922e-006
3691,-0.0124833,-0.000286579,-0.230059,-4.96527e-006,0.000742117,-3.45929e-006
3692,-0.0135473,-0.000308324,-0.232175,-5.91511e-006,0.000443789,-3.10067e-006
3693,-0.0139514,-0.000330935,-0.233184,-6.90774e-006,9.34244e-005,-2.81337e-006
3694,-0.013624,-0.000354735,-0.232969,-7.94316e-006,-0.000276654,-2.59737e-006
3695,-0.0125579,-0.000380048,-0.231516,-9.02136e-006,-0.000634126,-2.45269e-006
3696,-0.0108106,-0.000407196,-0.228923,-1.01424e-005,-0.000946669,-2.37932e-006
3697,-0.00850439,-0.000436504,-0.225392,-1.13061e-005,-0.00118196,-2.37726e-006
3698,-0.00582597,-0.000468294,-0.221235,-1.25127e-005,-0.00130769,-2.44652e-006
3699,-0.00302686,-0.000502889,-0.21687,-1.3762e-005,-0.00129152,-2.58708e-006
3700,-0.000423153,-0.000540613,-0.212826,-1.50542e-005,-0.00110114,-2.79896e-006
3701,0.00173585,-0.000595528,-0.207629,-1.81338e-005,-0.000475549,-4.0549e-006
3702,0.0018673,-0.000612977,-0.20603,-1.98785e-005,-0.00042385,-5.01139e-006
3703,0.00199875,-0.000634073,-0.204331,-2.16232e-005,-0.000512614,-5.95163e-006
3704,0.0021302,-0.000658754,-0.202059,-2.33678e-005,-0.000705333,-6.87562e-006
3705,0.00226165,-0.000686958,-0.198887,-2.51125e-005,-0.000965499,-7.78336e-006
3706,0.0023931,-0.000718622,-0.194624,-2.68572e-005,-0.0012566,-8.67485e-006
3707,0.00252455,-0.000753683,-0.189222,-2.86019e-005,-0.00154213,-9.55009e-006
3708,0.002656,-0.00079208,-0.182773,-3.03466e-005,-0.00178559,-1.04091e-005
3709,0.00278745,-0.000833749,-0.175508,-3.20913e-005,-0.00195045,-1.12518e-005
3710,0.0029189,-0.000878628,-0.1678,-3.38359e-005,-0.00200022,-1.20783e-005
3711,0.00305035,-0.000926655,-0.160162,-3.55806e-005,-0.00189838,-1.28885e-005
3712,0.0031818,-0.000977766,-0.153248,-3.73253e-005,-0.00160843,-1.36825e-005
3713,0.00173239,-0.000555175,-0.207465,-1.8957e-005,-0.000351495,-2.26515e-006
3714,0.00236487,-0.000521127,-0.206028,-2.14124e-005,-0.000188574,-1.63578e-006
3715,0.00315458,-0.000480495,-0.204848,-2.37552e-005,-0.000183137,-1.19406e-006
3716,0.00381884,-0.000434131,-0.203452,-2.59854e-005,-0.000302871,-9.39975e-007
3717,0.00413965,-0.000382884,-0.201479,-2.8103e-005,-0.000515446,-8.7353e-007
3718,0.00396365,-0.000327606,-0.198671,-3.0108e-005,-0.000788539,-9.94725e-007
3719,0.00320211,-0.000269148,-0.194882,-3.20004e-005,-0.00108984,-1.30356e-006
3720,0.00183095,-0.000208359,-0.190071,-3.37803e-005,-0.00138702,-1.80003e-006
3721,-0.000109264,-0.000146091,-0.184306,-3.54475e-005,-0.00164775,-2.48415e-006
3722,-0.00251333,-8.31943e-005,-0.177762,-3.70022e-005,-0.00183973,-3.3559e-006
3723,-0.0052114,-2.05193e-005,-0.170722,-3.84443e-005,-0.00193061,-4.4153e-006
3724,-0.00796898,4.10835e-005,-0.163577,-3.97738e-005,-0.00188809,-5.66233e-006
3725,-0.0104869,0.000100763,-0.156825,-4.09907e-005,-0.00167985,-7.097e-006
3726,-0.0124015,0.000157669,-0.151073,-4.20951e-005,-0.00127356,-8.71932e-006
3727,-0.0112106,4.98434e-005,-0.147156,-4.28086e-005,-0.000494368,-1.10206e-005
3728,-0.00956451,-0.0001101,-0.147272,-4.24664e-005,-0.000408886,-1.1512e-005
3729,-0.00813198,-0.000268641,-0.147382,-4.20602e-005,-0.000380446,-1.20034e-005
3730,-0.00669916,-0.000425538,-0.147486,-4.159e-005,-0.000409046,-1.24948e-005
3731,-0.00505213,-0.000580553,-0.147585,-4.1056e-005,-0.000494688,-1.29861e-005
3732,-0.00297699,-0.000733444,-0.147679,-4.04579e-005,-0.000637372,-1.34775e-005
3733,-0.00025983,-0.000883974,-0.147767,-3.97959e-005,-0.000837096,-1.39689e-005
3734,0.00343528,-0.00108952,-0.144271,-3.94157e-005,-0.000872671,-1.54681e-005
3735,0.00355732,-0.00115086,-0.141077,-3.97614e-005,-0.000877661,-1.63925e-005
3736,0.00367936,-0.0012156,-0.137468,-4.01072e-005,-0.00107232,-1.72333e-005
3737,0.00380139,-0.00128341,-0.132787,-4.04529e-005,-0.00142014,-1.79907e-005
3738,0.00392343,-0.00135397,-0.126513,-4.07986e-005,-0.00188462,-1.86644e-005
3739,0.00404547,-0.00142696,-0.118268,-4.11443e-005,-0.00242925,-1.92547e-005
3740,0.00416751,-0.00150206,-0.107815,-4.14901e-005,-0.00301751,-1.97614e-005
3741,0.00428954,-0.00157894,-0.0950547,-4.18358e-005,-0.0036129,-2.01847e-005
3742,0.00441158,-0.0016573,-0.0800311,-4.21815e-005,-0.00417891,-2.05243e-005
3743,0.00453362,-0.0017368,-0.062927,-4.25272e-005,-0.00467903,-2.07805e-005
3744,0.00465565,-0.00181713,-0.044066,-4.2873e-005,-0.00507676,-2.09531e-005
3745,0.00477769,-0.00189796,-0.0239123,-4.32187e-005,-0.00533558,-2.10423e-005
3746,-0.000783714,-0.0005227,-0.210312,-1.5196e-005,-0.000576971,-3.08215e-006
3747,-0.00272645,-0.000467786,-0.210883,-1.4162e-005,-0.000466688,-3.08215e-006
3748,-0.00428745,-0.000416452,-0.211449,-1.32871e-005,-0.000373372,-3.08215e-006
3749,-0.00553032,-0.0003681,-0.212009,-1.25712e-005,-0.000297023,-3.08215e-006
3750,-0.00651869,-0.000322134,-0.212563,-1.20144e-005,-0.00023764,-3.08215e-006
3751,-0.00731619,-0.000277958,-0.213112,-1.16167e-005,-0.000195224,-3.08215e-006
3752,-0.00798644,-0.000234976,-0.213656,-1.13781e-005,-0.000169774,-3.08215e-006
3753,-0.0158979,8.71584e-005,-0.143855,-4.34482e-005,-0.000187277,-1.17797e-005
3754,-0.0191497,-4.1347e-005,-0.141732,-4.37625e-005,1.25124e-005,-1.29517e-005
3755,-0.0225725,-0.00017421,-0.139889,-4.40297e-005,-5.20341e-006,-1.40452e-005
3756,-0.0257635,-0.000311074,-0.137654,-4.42499e-005,-0.000208129,-1.50603e-005
3757,-0.0283847,-0.000451584,-0.134463,-4.44229e-005,-0.000563917,-1.59969e-005
3758,-0.0301626,-0.000595385,-0.12986,-4.45489e-005,-0.00104024,-1.68551e-005
3759,-0.0308884,-0.00074212,-0.123499,-4.46278e-005,-0.00160482,-1.76348e-005
3760,-0.0304181,-0.000891434,-0.115138,-4.46597e-005,-0.00222529,-1.8336e-005
3761,-0.0286721,-0.00104297,-0.104644,-4.46444e-005,-0.00286934,-1.89588e-005
3762,-0.0256355,-0.00119638,-0.0919947,-4.45821e-005,-0.00350467,-1.95031e-005
3763,-0.0213583,-0.00135129,-0.0772711,-4.44727e-005,-0.00409894,-1.9969e-005
3764,-0.0159547,-0.00150737,-0.0606646,-4.43163e-005,-0.00461981,-2.03564e-005
3765,-0.00960394,-0.00166424,-0.0424735,-4.41127e-005,-0.00503501,-2.06653e-005
3766,-0.00254966,-0.00182156,-0.023104,-4.38621e-005,-0.00531217,-2.08958e-005
3767,-0.00331325,0.0010319,-0.14785,3.907e-005,0.00109386,-1.44603e-005
3768,-0.00489973,0.00197897,-0.00307023,4.35644e-005,0.00541899,-2.10478e-005
3769,0.0132843,-0.000210951,-0.147035,4.30869e-005,0.000636892,-1.05293e-005
3770,-0.0016044,0.00058179,-0.209736,1.63891e-005,0.00070422,-3.08215e-006
3771,0.00859307,0.000192589,-0.214194,1.12985e-005,0.000161291,-3.08215e-006
3772,0.004302,0.000179528,-0.214626,8.57868e-007,-0.000321971,-6.32205e-006
3773,0.0267288,-0.000351061,-0.146014,-9.06738e-006,-0.00219227,-1.09995e-005
3774,0.00244692,0.000140091,-0.150939,-1.99532e-005,-0.00013135,-1.09995e-005
3775,0.0125823,0.00021784,-0.215377,1.79901e-006,-0.000434868,-1.00319e-005
3776,-7.76316e-016,-0.000638493,-0.0248915,-7.53801e-005,6.06916e-016,1.14654e-017
3777,-0.0267288,-0.000351061,-0.146014,-9.06738e-006,0.00219227,1.09995e-005
3778,-0.0125823,0.00021784,-0.215377,1.79901e-006,0.000434868,1.00319e-005
3779,-0.004302,0.000179528,-0.214626,8.57868e-007,0.000321971,6.32205e-006
3780,0.0016044,0.00058179,-0.209736,1.63891e-005,-0.00070422,3.08215e-006
3781,-0.00244692,0.000140091,-0.150939,-1.99532e-005,0.00013135,1.09995e-005
3782,0.00331325,0.0010319,-0.14785,3.907e-005,-0.00109386,1.44603e-005
3783,-0.0132843,-0.000210951,-0.147035,4.30869e-005,-0.000636892,1.05293e-005
3784,0.00489973,0.00197897,-0.00307023,4.35644e-005,-0.00541899,2.10478e-005
3785,-0.00859307,0.000192589,-0.214194,1.12985e-005,-0.000161291,3.08215e-006
3786,-0.00343528,0.00108952,-0.144271,3.94157e-005,0.000872671,-1.54681e-005
3787,-0.00355732,0.00115086,-0.141077,3.97614e-005,0.000877661,-1.63925e-005
3788,-0.00367936,0.0012156,-0.137468,4.01072e-005,0.00107232,-1.72333e-005
3789,-0.00380139,0.00128341,-0.132787,4.04529e-005,0.00142014,-1.79907e-005
3790,-0.00392343,0.00135397,-0.126513,4.07986e-005,0.00188462,-1.86644e-005
3791,-0.00404547,0.00142696,-0.118268,4.11443e-005,0.00242925,-1.92547e-005
3792,-0.00416751,0.00150206,-0.107815,4.14901e-005,0.00301751,-1.97614e-005
3793,-0.00428954,0.00157894,-0.0950547,4.18358e-005,0.0036129,-2.01847e-005
3794,-0.00441158,0.0016573,-0.0800311,4.21815e-005,0.00417891,-2.05243e-005
3795,-0.00453362,0.0017368,-0.062927,4.25272e-005,0.00467903,-2.07805e-005
3796,-0.00465565,0.00181713,-0.044066,4.2873e-005,0.00507676,-2.09531e-005
3797,-0.00477769,0.00189796,-0.0239123,4.32187e-005,0.00533558,-2.10423e-005
3798,0.0158979,-8.71584e-005,-0.143855,4.34482e-005,0.000187277,-1.17797e-005
3799,0.0191497,4.1347e-005,-0.141732,4.37625e-005,-1.25124e-005,-1.29517e-005
3800,0.0225725,0.00017421,-0.139889,4.40297e-005,5.20341e-006,-1.40452e-005
3801,0.0257635,0.000311074,-0.137654,4.42499e-005,0.000208129,-1.50603e-005
3802,0.0283847,0.000451584,-0.134463,4.44229e-005,0.000563917,-1.59969e-005
3803,0.0301626,0.000595385,-0.12986,4.45489e-005,0.00104024,-1.68551e-005
3804,0.0308884,0.00074212,-0.123499,4.46278e-005,0.00160482,-1.76348e-005
3805,0.0304181,0.000891434,-0.115138,4.46597e-005,0.00222529,-1.8336e-005
3806,0.0286721,0.00104297,-0.104644,4.46444e-005,0.00286934,-1.89588e-005
3807,0.0256355,0.00119638,-0.0919947,4.45821e-005,0.00350467,-1.95031e-005
3808,0.0213583,0.00135129,-0.0772711,4.44727e-005,0.00409894,-1.9969e-005
3809,0.0159547,0.00150737,-0.0606646,4.43163e-005,0.00461981,-2.03564e-005
3810,0.00960394,0.00166424,-0.0424735,4.41127e-005,0.00503501,-2.06653e-005
3811,0.00254966,0.00182156,-0.023104,4.38621e-005,0.00531217,-2.08958e-005
3812,-0.00173239,0.000555175,-0.207465,1.8957e-005,0.000351495,-2.26515e-006
3813,-0.00236487,0.000521127,-0.206028,2.14124e-005,0.000188574,-1.63578e-006
3814,-0.00315458,0.000480495,-0.204848,2.37552e-005,0.000183137,-1.19406e-006
3815,-0.00381884,0.000434131,-0.203452,2.59854e-005,0.000302871,-9.39975e-007
3816,-0.00413965,0.000382884,-0.201479,2.8103e-005,0.000515446,-8.7353e-007
3817,-0.00396365,0.000327606,-0.198671,3.0108e-005,0.000788539,-9.94725e-007
3818,-0.00320211,0.000269148,-0.194882,3.20004e-005,0.00108984,-1.30356e-006
3819,-0.00183095,0.000208359,-0.190071,3.37803e-005,0.00138702,-1.80003e-006
3820,0.000109264,0.000146091,-0.184306,3.54475e-005,0.00164775,-2.48415e-006
3821,0.00251333,8.31943e-005,-0.177762,3.70022e-005,0.00183973,-3.3559e-006
3822,0.0052114,2.05193e-005,-0.170722,3.84443e-005,0.00193061,-4.4153e-006
3823,0.00796898,-4.10835e-005,-0.163577,3.97738e-005,0.00188809,-5.66233e-006
3824,0.0104869,-0.000100763,-0.156825,4.09907e-005,0.00167985,-7.097e-006
3825,0.0124015,-0.000157669,-0.151073,4.20951e-005,0.00127356,-8.71932e-006
3826,0.000783714,0.0005227,-0.210312,1.5196e-005,0.000576971,-3.08215e-006
3827,0.00272645,0.000467786,-0.210883,1.4162e-005,0.000466688,-3.08215e-006
3828,0.00428745,0.000416452,-0.211449,1.32871e-005,0.000373372,-3.08215e-006
3829,0.00553032,0.0003681,-0.212009,1.25712e-005,0.000297023,-3.08215e-006
3830,0.00651869,0.000322134,-0.212563,1.20144e-005,0.00023764,-3.08215e-006
3831,0.00731619,0.000277958,-0.213112,1.16167e-005,0.000195224,-3.08215e-006
3832,0.00798644,0.000234976,-0.213656,1.13781e-005,0.000169774,-3.08215e-006
3833,0.0112106,-4.98434e-005,-0.147156,4.28086e-005,0.000494368,-1.10206e-005
3834,0.00956451,0.0001101,-0.147272,4.24664e-005,0.000408886,-1.1512e-005
3835,0.00813198,0.000268641,-0.147382,4.20602e-005,0.000380446,-1.20034e-005
3836,0.00669916,0.000425538,-0.147486,4.159e-005,0.000409046,-1.24948e-005
3837,0.00505213,0.000580553,-0.147585,4.1056e-005,0.000494688,-1.29861e-005
3838,0.00297699,0.000733444,-0.147679,4.04579e-005,0.000637372,-1.34775e-005
3839,0.00025983,0.000883974,-0.147767,3.97959e-005,0.000837096,-1.39689e-005
3840,0.00532642,0.000201793,-0.216705,1.59377e-006,-0.000768643,-5.60688e-006
3841,0.00701941,0.000223307,-0.219892,2.37247e-006,-0.00100167,-4.96301e-006
3842,0.00898599,0.000244394,-0.223529,3.19395e-006,-0.00105338,-4.39046e-006
3843,0.0108958,0.000265377,-0.227066,4.05822e-006,-0.000956087,-3.88922e-006
3844,0.0124833,0.000286579,-0.230059,4.96527e-006,-0.000742117,-3.45929e-006
3845,0.0135473,0.000308324,-0.232175,5.91511e-006,-0.000443789,-3.10067e-006
3846,0.0139514,0.000330935,-0.233184,6.90774e-006,-9.34244e-005,-2.81337e-006
3847,0.013624,0.000354735,-0.232969,7.94316e-006,0.000276654,-2.59737e-006
3848,0.0125579,0.000380048,-0.231516,9.02136e-006,0.000634126,-2.45269e-006
3849,0.0108106,0.000407196,-0.228923,1.01424e-005,0.000946669,-2.37932e-006
3850,0.00850439,0.000436504,-0.225392,1.13061e-005,0.00118196,-2.37726e-006
3851,0.00582597,0.000468294,-0.221235,1.25127e-005,0.00130769,-2.44652e-006
3852,0.00302686,0.000502889,-0.21687,1.3762e-005,0.00129152,-2.58708e-006
3853,0.000423153,0.000540613,-0.212826,1.50542e-005,0.00110114,-2.79896e-006
3854,0.0228392,-0.000297778,-0.15462,-8.32196e-006,-0.00253917,-1.05481e-005
3855,0.0184743,-0.000247445,-0.164012,-7.58851e-006,-0.00267863,-1.01167e-005
3856,0.0140168,-0.000199972,-0.173553,-6.86702e-006,-0.00264299,-9.70517e-006
3857,0.00978441,-0.000155269,-0.182712,-6.15749e-006,-0.00246457,-9.3136e-006
3858,0.00603052,-0.000113245,-0.191069,-5.45993e-006,-0.00217568,-8.94196e-006
3859,0.00294368,-7.38094e-005,-0.198307,-4.77432e-006,-0.00180865,-8.59026e-006
3860,0.000647871,-3.68724e-005,-0.204222,-4.10067e-006,-0.0013958,-8.25849e-006
3861,-0.000797587,-2.34332e-006,-0.208713,-3.43899e-006,-0.000969447,-7.94666e-006
3862,-0.00139802,2.98682e-005,-0.21179,-2.78927e-006,-0.000561917,-7.65477e-006
3863,-0.00122339,5.98524e-005,-0.21357,-2.15151e-006,-0.000205527,-7.38281e-006
3864,-0.0004083,8.76997e-005,-0.214276,-1.52571e-006,6.73976e-005,-7.13079e-006
3865,0.000847995,0.000113501,-0.214241,-9.11874e-007,0.000224536,-6.8987e-006
3866,0.00228161,0.000137345,-0.213905,-3.09998e-007,0.00023357,-6.68655e-006
3867,0.003564,0.000159324,-0.213815,2.79915e-007,6.21749e-005,-6.49433e-006
3868,0.0194671,-0.000311991,-0.146649,-1.16187e-005,-0.00170924,-1.09995e-005
3869,0.013896,-0.000263992,-0.147278,-1.38299e-005,-0.00129062,-1.09995e-005
3870,0.00977392,-0.000208338,-0.147902,-1.57009e-005,-0.000936397,-1.09995e-005
3871,0.00685944,-0.000146307,-0.14852,-1.72317e-005,-0.00064658,-1.09995e-005
3872,0.00491101,-7.91721e-005,-0.149133,-1.84223e-005,-0.000421167,-1.09995e-005
3873,0.00368712,-8.21061e-006,-0.149741,-1.92728e-005,-0.000260158,-1.09995e-005
3874,0.00294627,6.53022e-005,-0.150343,-1.97831e-005,-0.000163552,-1.09995e-005
3875,-0.00173585,0.000595528,-0.207629,1.81338e-005,0.000475549,-4.0549e-006
3876,-0.0018673,0.000612977,-0.20603,1.98785e-005,0.00042385,-5.01139e-006
3877,-0.00199875,0.000634073,-0.204331,2.16232e-005,0.000512614,-5.95163e-006
3878,-0.0021302,0.000658754,-0.202059,2.33678e-005,0.000705333,-6.87562e-006
3879,-0.00226165,0.000686958,-0.198887,2.51125e-005,0.000965499,-7.78336e-006
3880,-0.0023931,0.000718622,-0.194624,2.68572e-005,0.0012566,-8.67485e-006
3881,-0.00252455,0.000753683,-0.189222,2.86019e-005,0.00154213,-9.55009e-006
3882,-0.002656,0.00079208,-0.182773,3.03466e-005,0.00178559,-1.04091e-005
3883,-0.00278745,0.000833749,-0.175508,3.20913e-005,0.00195045,-1.12518e-005
3884,-0.0029189,0.000878628,-0.1678,3.38359e-005,0.00200022,-1.20783e-005
3885,-0.00305035,0.000926655,-0.160162,3.55806e-005,0.00189838,-1.28885e-005
3886,-0.0031818,0.000977766,-0.153248,3.73253e-005,0.00160843,-1.36825e-005
3887,0.011491,0.000256025,-0.217853,2.92132e-006,-0.000758067,-9.80201e-006
3888,0.0103997,0.000293227,-0.221154,4.04364e-006,-0.000878932,-9.52137e-006
3889,0.00930844,0.000329252,-0.22457,5.16596e-006,-0.00083397,-9.18993e-006
3890,0.00821716,0.000363905,-0.227534,6.28827e-006,-0.000659691,-8.80771e-006
3891,0.00712588,0.00039699,-0.229619,7.41059e-006,-0.000392603,-8.37469e-006
3892,0.00603459,0.000428312,-0.230539,8.5329e-006,-6.92131e-005,-7.89089e-006
3893,0.00494331,0.000457676,-0.230147,9.65522e-006,0.000273969,-7.3563e-006
3894,0.00385202,0.000484885,-0.228436,1.07775e-005,0.000600434,-6.77091e-006
3895,0.00276074,0.000509746,-0.225542,1.18999e-005,0.000873675,-6.13474e-006
3896,0.00166946,0.000532062,-0.22174,1.30222e-005,0.00105718,-5.44778e-006
3897,0.00057817,0.000551638,-0.217444,1.41445e-005,0.00111445,-4.71002e-006
3898,-0.000513111,0.000568279,-0.213211,1.52668e-005,0.00100896,-3.92148e-006
3899,0.00539745,0.000182896,-0.214739,9.42659e-007,-0.000270579,-6.78578e-006
3900,0.00633528,0.0001866,-0.214847,1.03684e-006,-0.000237903,-7.24951e-006
3901,0.00718566,0.000190675,-0.214949,1.1404e-006,-0.000223942,-7.71323e-006
3902,0.00801878,0.000195155,-0.215045,1.25335e-006,-0.000228696,-8.17696e-006
3903,0.00890482,0.000200077,-0.215136,1.37569e-006,-0.000252166,-8.64069e-006
3904,0.00991397,0.000205475,-0.215222,1.50741e-006,-0.000294351,-9.10441e-006
3905,0.0111164,0.000211384,-0.215302,1.64851e-006,-0.000355252,-9.56814e-006
3906,-0.00117565,-0.000766842,-0.028078,-6.67743e-005,-0.000977819,-7.70814e-006
3907,-0.000665668,-0.000854543,-0.034068,-5.87664e-005,-0.00169677,-1.44199e-005
3908,0.00104452,-0.000906115,-0.0420525,-5.13564e-005,-0.00218917,-2.01352e-005
3909,0.00353414,-0.000926075,-0.0513302,-4.45441e-005,-0.00248735,-2.48541e-005
3910,0.00644707,-0.000918938,-0.0613076,-3.83298e-005,-0.00262362,-2.85767e-005
3911,0.00949181,-0.000889223,-0.0714988,-3.27132e-005,-0.00263031,-3.13028e-005
3912,0.0124415,-0.000841446,-0.0815258,-2.76945e-005,-0.00253973,-3.30325e-005
3913,0.015134,-0.000780125,-0.0911182,-2.32737e-005,-0.00238422,-3.37658e-005
3914,0.0174717,-0.000709776,-0.100113,-1.94507e-005,-0.00219609,-3.35027e-005
3915,0.0194217,-0.000634917,-0.108457,-1.62255e-005,-0.00200765,-3.22432e-005
3916,0.0210157,-0.000560065,-0.116201,-1.35982e-005,-0.00185125,-2.99872e-005
3917,0.0223501,-0.000489736,-0.123506,-1.15687e-005,-0.00175918,-2.67349e-005
3918,0.0235858,-0.000428447,-0.130642,-1.01371e-005,-0.00176378,-2.24862e-005
3919,0.0249487,-0.000380716,-0.137983,-9.30332e-006,-0.00189737,-1.72411e-005
3920,0.00117565,-0.000766842,-0.028078,-6.67743e-005,0.000977819,7.70814e-006
3921,0.000665668,-0.000854543,-0.034068,-5.87664e-005,0.00169677,1.44199e-005
3922,-0.00104452,-0.000906115,-0.0420525,-5.13564e-005,0.00218917,2.01352e-005
3923,-0.00353414,-0.000926075,-0.0513302,-4.45441e-005,0.00248735,2.48541e-005
3924,-0.00644707,-0.000918938,-0.0613076,-3.83298e-005,0.00262362,2.85767e-005
3925,-0.00949181,-0.000889223,-0.0714988,-3.27132e-005,0.00263031,3.13028e-005
3926,-0.0124415,-0.000841446,-0.0815258,-2.76945e-005,0.00253973,3.30325e-005
3927,-0.015134,-0.000780125,-0.0911182,-2.32737e-005,0.00238422,3.37658e-005
3928,-0.0174717,-0.000709776,-0.100113,-1.94507e-005,0.00219609,3.35027e-005
3929,-0.0194217,-0.000634917,-0.108457,-1.62255e-005,0.00200765,3.22432e-005
3930,-0.0210157,-0.000560065,-0.116201,-1.35982e-005,0.00185125,2.99872e-005
3931,-0.0223501,-0.000489736,-0.123506,-1.15687e-005,0.00175918,2.67349e-005
3932,-0.0235858,-0.000428447,-0.130642,-1.01371e-005,0.00176378,2.24862e-005
3933,-0.0249487,-0.000380716,-0.137983,-9.30332e-006,0.00189737,1.72411e-005
3934,-0.00205606,-0.000106373,-0.0146625,-6.97491e-007,0.00123882,-3.60454e-006
3935,-0.00411213,-0.000126355,-0.0214523,-1.39498e-006,0.00216541,-6.46731e-006
3936,-0.00616819,-0.000155922,-0.0312455,-2.09247e-006,0.00281628,-8.5883e-006
3937,-0.00822426,-0.00019222,-0.0430517,-2.78996e-006,0.00322793,-9.96751e-006
3938,-0.0102803,-0.000232396,-0.0560213,-3.48745e-006,0.00343689,-1.0605e-005
3939,-0.0123364,-0.000273597,-0.0694447,-4.18494e-006,0.00347965,-1.05006e-005
3940,-0.0143925,-0.000312971,-0.082753,-4.88243e-006,0.00339273,-9.6545e-006
3941,-0.0164485,-0.000347664,-0.0955176,-5.57992e-006,0.00321263,-8.0666e-006
3942,-0.0185046,-0.000374822,-0.10745,-6.27741e-006,0.00297586,-5.73693e-006
3943,-0.0205606,-0.000391595,-0.118403,-6.97491e-006,0.00271893,-2.66549e-006
3944,-0.0226167,-0.000395127,-0.12837,-7.6724e-006,0.00247835,1.14774e-006
3945,-0.0246728,-0.000382567,-0.137482,-8.36989e-006,0.00229063,5.70273e-006
3946,8.34749e-015,-0.000342319,-0.0130905,0.00010021,-4.58382e-016,0
3947,6.08893e-015,-0.000836335,-0.0141688,0.000133613,-6.10012e-016,0
3948,3.83713e-015,-0.00133035,-0.0152416,0.00010021,-4.54964e-016,0
3949,1.6646e-015,-0.00147743,-0.0184628,-4.3982e-005,-4.03095e-016,2.843e-018
3950,-2.03784e-016,-0.00124751,-0.0206111,-7.1206e-005,-4.28363e-016,5.68599e-018
3951,-1.46978e-015,-0.000946913,-0.0227541,-8.16721e-005,-8.2061e-017,8.52899e-018
3952,0.0256406,-0.000308148,-0.155203,-8.2315e-006,-0.00248978,-1.12891e-005
3953,0.0245525,-0.000264238,-0.165111,-7.39563e-006,-0.00258131,-1.15179e-005
3954,0.0234643,-0.000219565,-0.175014,-6.55975e-006,-0.00250337,-1.16862e-005
3955,0.0223761,-0.000174361,-0.184332,-5.72387e-006,-0.00229247,-1.17937e-005
3956,0.0212879,-0.00012886,-0.192622,-4.888e-006,-0.00198511,-1.18406e-005
3957,0.0201997,-8.32956e-005,-0.199586,-4.05212e-006,-0.0016178,-1.18268e-005
3958,0.0191115,-3.79006e-005,-0.205061,-3.21625e-006,-0.00122706,-1.17524e-005
3959,0.0180233,7.09129e-006,-0.209028,-2.38037e-006,-0.000849385,-1.16173e-005
3960,0.0169351,5.14469e-005,-0.211608,-1.54449e-006,-0.000521289,-1.14215e-005
3961,0.0158469,9.4933e-005,-0.213061,-7.08619e-007,-0.000279282,-1.11651e-005
3962,0.0147587,0.000137316,-0.213789,1.27257e-007,-0.00015987,-1.0848e-005
3963,0.0136705,0.000178363,-0.214334,9.63133e-007,-0.000199562,-1.04703e-005
3964,0.00205606,-0.000106373,-0.0146625,-6.97491e-007,-0.00123882,3.60454e-006
3965,0.00411213,-0.000126355,-0.0214523,-1.39498e-006,-0.00216541,6.46731e-006
3966,0.00616819,-0.000155922,-0.0312455,-2.09247e-006,-0.00281628,8.5883e-006
3967,0.00822426,-0.00019222,-0.0430517,-2.78996e-006,-0.00322793,9.96751e-006
3968,0.0102803,-0.000232396,-0.0560213,-3.48745e-006,-0.00343689,1.0605e-005
3969,0.0123364,-0.000273597,-0.0694447,-4.18494e-006,-0.00347965,1.05006e-005
3970,0.0143925,-0.000312971,-0.082753,-4.88243e-006,-0.00339273,9.6545e-006
3971,0.0164485,-0.000347664,-0.0955176,-5.57992e-006,-0.00321263,8.0666e-006
3972,0.0185046,-0.000374822,-0.10745,-6.27741e-006,-0.00297586,5.73693e-006
3973,0.0205606,-0.000391595,-0.118403,-6.97491e-006,-0.00271893,2.66549e-006
3974,0.0226167,-0.000395127,-0.12837,-7.6724e-006,-0.00247835,-1.14774e-006
3975,0.0246728,-0.000382567,-0.137482,-8.36989e-006,-0.00229063,-5.70273e-006
3976,-0.0256406,-0.000308148,-0.155203,-8.2315e-006,0.00248978,1.12891e-005
3977,-0.0245525,-0.000264238,-0.165111,-7.39563e-006,0.00258131,1.15179e-005
3978,-0.0234643,-0.000219565,-0.175014,-6.55975e-006,0.00250337,1.16862e-005
3979,-0.0223761,-0.000174361,-0.184332,-5.72387e-006,0.00229247,1.17937e-005
3980,-0.0212879,-0.00012886,-0.192622,-4.888e-006,0.00198511,1.18406e-005
3981,-0.0201997,-8.32956e-005,-0.199586,-4.05212e-006,0.0016178,1.18268e-005
3982,-0.0191115,-3.79006e-005,-0.205061,-3.21625e-006,0.00122706,1.17524e-005
3983,-0.0180233,7.09129e-006,-0.209028,-2.38037e-006,0.000849385,1.16173e-005
3984,-0.0169351,5.14469e-005,-0.211608,-1.54449e-006,0.000521289,1.14215e-005
3985,-0.0158469,9.4933e-005,-0.213061,-7.08619e-007,0.000279282,1.11651e-005
3986,-0.0147587,0.000137316,-0.213789,1.27257e-007,0.00015987,1.0848e-005
3987,-0.0136705,0.000178363,-0.214334,9.63133e-007,0.000199562,1.04703e-005
3988,-0.0228392,-0.000297778,-0.15462,-8.32196e-006,0.00253917,1.05481e-005
3989,-0.0184743,-0.000247445,-0.164012,-7.58851e-006,0.00267863,1.01167e-005
3990,-0.0140168,-0.000199972,-0.173553,-6.86702e-006,0.00264299,9.70517e-006
3991,-0.00978441,-0.000155269,-0.182712,-6.15749e-006,0.00246457,9.3136e-006
3992,-0.00603052,-0.000113245,-0.191069,-5.45993e-006,0.00217568,8.94196e-006
3993,-0.00294368,-7.38094e-005,-0.198307,-4.77432e-006,0.00180865,8.59026e-006
3994,-0.000647871,-3.68724e-005,-0.204222,-4.10067e-006,0.0013958,8.25849e-006
3995,0.000797587,-2.34332e-006,-0.208713,-3.43899e-006,0.000969447,7.94666e-006
3996,0.00139802,2.98682e-005,-0.21179,-2.78927e-006,0.000561917,7.65477e-006
3997,0.00122339,5.98524e-005,-0.21357,-2.15151e-006,0.000205527,7.38281e-006
3998,0.0004083,8.76997e-005,-0.214276,-1.52571e-006,-6.73976e-005,7.13079e-006
3999,-0.000847995,0.000113501,-0.214241,-9.11874e-007,-0.000224536,6.8987e-006
4000,-0.00228161,0.000137345,-0.213905,-3.09998e-007,-0.00023357,6.68655e-006
4001,-0.003564,0.000159324,-0.213815,2.79915e-007,-6.21749e-005,6.49433e-006
4002,-0.00539745,0.000182896,-0.214739,9.42659e-007,0.000270579,6.78578e-006
4003,-0.00633528,0.0001866,-0.214847,1.03684e-006,0.000237903,7.24951e-006
4004,-0.00718566,0.000190675,-0.214949,1.1404e-006,0.000223942,7.71323e-006
4005,-0.00801878,0.000195155,-0.215045,1.25335e-006,0.000228696,8.17696e-006
4006,-0.00890482,0.000200077,-0.215136,1.37569e-006,0.000252166,8.64069e-006
4007,-0.00991397,0.000205475,-0.215222,1.50741e-006,0.000294351,9.10441e-006
4008,-0.0111164,0.000211384,-0.215302,1.64851e-006,0.000355252,9.56814e-006
4009,-0.011491,0.000256025,-0.217853,2.92132e-006,0.000758067,9.80201e-006
4010,-0.0103997,0.000293227,-0.221154,4.04364e-006,0.000878932,9.52137e-006
4011,-0.00930844,0.000329252,-0.22457,5.16596e-006,0.00083397,9.18993e-006
4012,-0.00821716,0.000363905,-0.227534,6.28827e-006,0.000659691,8.80771e-006
4013,-0.00712588,0.00039699,-0.229619,7.41059e-006,0.000392603,8.37469e-006
4014,-0.00603459,0.000428312,-0.230539,8.5329e-006,6.92131e-005,7.89089e-006
4015,-0.00494331,0.000457676,-0.230147,9.65522e-006,-0.000273969,7.3563e-006
4016,-0.00385202,0.000484885,-0.228436,1.07775e-005,-0.000600434,6.77091e-006
4017,-0.00276074,0.000509746,-0.225542,1.18999e-005,-0.000873675,6.13474e-006
4018,-0.00166946,0.000532062,-0.22174,1.30222e-005,-0.00105718,5.44778e-006
4019,-0.00057817,0.000551638,-0.217444,1.41445e-005,-0.00111445,4.71002e-006
4020,0.000513111,0.000568279,-0.213211,1.52668e-005,-0.00100896,3.92148e-006
4021,-0.0194671,-0.000311991,-0.146649,-1.16187e-005,0.00170924,1.09995e-005
4022,-0.013896,-0.000263992,-0.147278,-1.38299e-005,0.00129062,1.09995e-005
4023,-0.00977392,-0.000208338,-0.147902,-1.57009e-005,0.000936397,1.09995e-005
4024,-0.00685944,-0.000146307,-0.14852,-1.72317e-005,0.00064658,1.09995e-005
4025,-0.00491101,-7.91721e-005,-0.149133,-1.84223e-005,0.000421167,1.09995e-005
4026,-0.00368712,-8.21061e-006,-0.149741,-1.92728e-005,0.000260158,1.09995e-005
4027,-0.00294627,6.53022e-005,-0.150343,-1.97831e-005,0.000163552,1.09995e-005
4028,-0.00532642,0.000201793,-0.216705,1.59377e-006,0.000768643,5.60688e-006
4029,-0.00701941,0.000223307,-0.219892,2.37247e-006,0.00100167,4.96301e-006
4030,-0.00898599,0.000244394,-0.223529,3.19395e-006,0.00105338,4.39046e-006
4031,-0.0108958,0.000265377,-0.227066,4.05822e-006,0.000956087,3.88922e-006
4032,-0.0124833,0.000286579,-0.230059,4.96527e-006,0.000742117,3.45929e-006
4033,-0.0135473,0.000308324,-0.232175,5.91511e-006,0.000443789,3.10067e-006
4034,-0.0139514,0.000330935,-0.233184,6.90774e-006,9.34244e-005,2.81337e-006
4035,-0.013624,0.000354735,-0.232969,7.94316e-006,-0.000276654,2.59737e-006
4036,-0.0125579,0.000380048,-0.231516,9.02136e-006,-0.000634126,2.45269e-006
4037,-0.0108106,0.000407196,-0.228923,1.01424e-005,-0.000946669,2.37932e-006
4038,-0.00850439,0.000436504,-0.225392,1.13061e-005,-0.00118196,2.37726e-006
4039,-0.00582597,0.000468294,-0.221235,1.25127e-005,-0.00130769,2.44652e-006
4040,-0.00302686,0.000502889,-0.21687,1.3762e-005,-0.00129152,2.58708e-006
4041,-0.000423153,0.000540613,-0.212826,1.50542e-005,-0.00110114,2.79896e-006
4042,0.00173585,0.000595528,-0.207629,1.81338e-005,-0.000475549,4.0549e-006
4043,0.0018673,0.000612977,-0.20603,1.98785e-005,-0.00042385,5.01139e-006
4044,0.00199875,0.000634073,-0.204331,2.16232e-005,-0.000512614,5.95163e-006
4045,0.0021302,0.000658754,-0.202059,2.33678e-005,-0.000705333,6.87562e-006
4046,0.00226165,0.000686958,-0.198887,2.51125e-005,-0.000965499,7.78336e-006
4047,0.0023931,0.000718622,-0.194624,2.68572e-005,-0.0012566,8.67485e-006
4048,0.00252455,0.000753683,-0.189222,2.86019e-005,-0.00154213,9.55009e-006
4049,0.002656,0.00079208,-0.182773,3.03466e-005,-0.00178559,1.04091e-005
4050,0.00278745,0.000833749,-0.175508,3.20913e-005,-0.00195045,1.12518e-005
4051,0.0029189,0.000878628,-0.1678,3.38359e-005,-0.00200022,1.20783e-005
4052,0.00305035,0.000926655,-0.160162,3.55806e-005,-0.00189838,1.28885e-005
4053,0.0031818,0.000977766,-0.153248,3.73253e-005,-0.00160843,1.36825e-005
4054,0.00173239,0.000555175,-0.207465,1.8957e-005,-0.000351495,2.26515e-006
4055,0.00236487,0.000521127,-0.206028,2.14124e-005,-0.000188574,1.63578e-006
4056,0.00315458,0.000480495,-0.204848,2.37552e-005,-0.000183137,1.19406e-006
4057,0.00381884,0.000434131,-0.203452,2.59854e-005,-0.000302871,9.39975e-007
4058,0.00413965,0.000382884,-0.201479,2.8103e-005,-0.000515446,8.7353e-007
4059,0.00396365,0.000327606,-0.198671,3.0108e-005,-0.000788539,9.94725e-007
4060,0.00320211,0.000269148,-0.194882,3.20004e-005,-0.00108984,1.30356e-006
4061,0.00183095,0.000208359,-0.190071,3.37803e-005,-0.00138702,1.80003e-006
4062,-0.000109264,0.000146091,-0.184306,3.54475e-005,-0.00164775,2.48415e-006
4063,-0.00251333,8.31943e-005,-0.177762,3.70022e-005,-0.00183973,3.3559e-006
4064,-0.0052114,2.05193e-005,-0.170722,3.84443e-005,-0.00193061,4.4153e-006
4065,-0.00796898,-4.10835e-005,-0.163577,3.97738e-005,-0.00188809,5.66233e-006
4066,-0.0104869,-0.000100763,-0.156825,4.09907e-005,-0.00167985,7.097e-006
4067,-0.0124015,-0.000157669,-0.151073,4.20951e-005,-0.00127356,8.71932e-006
4068,-0.0112106,-4.98434e-005,-0.147156,4.28086e-005,-0.000494368,1.10206e-005
4069,-0.00956451,0.0001101,-0.147272,4.24664e-005,-0.000408886,1.1512e-005
4070,-0.00813198,0.000268641,-0.147382,4.20602e-005,-0.000380446,1.20034e-005
4071,-0.00669916,0.000425538,-0.147486,4.159e-005,-0.000409046,1.24948e-005
4072,-0.00505213,0.000580553,-0.147585,4.1056e-005,-0.000494688,1.29861e-005
4073,-0.00297699,0.000733444,-0.147679,4.04579e-005,-0.000637372,1.34775e-005
4074,-0.00025983,0.000883974,-0.147767,3.97959e-005,-0.000837096,1.39689e-005
4075,0.00343528,0.00108952,-0.144271,3.94157e-005,-0.000872671,1.54681e-005
4076,0.00355732,0.00115086,-0.141077,3.97614e-005,-0.000877661,1.63925e-005
4077,0.00367936,0.0012156,-0.137468,4.01072e-005,-0.00107232,1.72333e-005
4078,0.00380139,0.00128341,-0.132787,4.04529e-005,-0.00142014,1.79907e-005
4079,0.00392343,0.00135397,-0.126513,4.07986e-005,-0.00188462,1.86644e-005
4080,0.00404547,0.00142696,-0.118268,4.11443e-005,-0.00242925,1.92547e-005
4081,0.00416751,0.00150206,-0.107815,4.14901e-005,-0.00301751,1.97614e-005
4082,0.00428954,0.00157894,-0.0950547,4.18358e-005,-0.0036129,2.01847e-005
4083,0.00441158,0.0016573,-0.0800311,4.21815e-005,-0.00417891,2.05243e-005
4084,0.00453362,0.0017368,-0.062927,4.25272e-005,-0.00467903,2.07805e-005
4085,0.00465565,0.00181713,-0.044066,4.2873e-005,-0.00507676,2.09531e-005
4086,0.00477769,0.00189796,-0.0239123,4.32187e-005,-0.00533558,2.10423e-005
4087,-0.000783714,0.0005227,-0.210312,1.5196e-005,-0.000576971,3.08215e-006
4088,-0.00272645,0.000467786,-0.210883,1.4162e-005,-0.000466688,3.08215e-006
4089,-0.00428745,0.000416452,-0.211449,1.32871e-005,-0.000373372,3.08215e-006
4090,-0.00553032,0.0003681,-0.212009,1.25712e-005,-0.000297023,3.08215e-006
4091,-0.00651869,0.000322134,-0.212563,1.20144e-005,-0.00023764,3.08215e-006
4092,-0.00731619,0.000277958,-0.213112,1.16167e-005,-0.000195224,3.08215e-006
4093,-0.00798644,0.000234976,-0.213656,1.13781e-005,-0.000169774,3.08215e-006
4094,-0.0158979,-8.71584e-005,-0.143855,4.34482e-005,-0.000187277,1.17797e-005
4095,-0.0191497,4.1347e-005,-0.141732,4.37625e-005,1.25124e-005,1.29517e-005
4096,-0.0225725,0.00017421,-0.139889,4.40297e-005,-5.20341e-006,1.40452e-005
4097,-0.0257635,0.000311074,-0.137654,4.42499e-005,-0.000208129,1.50603e-005
4098,-0.0283847,0.000451584,-0.134463,4.44229e-005,-0.000563917,1.59969e-005
4099,-0.0301626,0.000595385,-0.12986,4.45489e-005,-0.00104024,1.68551e-005
4100,-0.0308884,0.00074212,-0.123499,4.46278e-005,-0.00160482,1.76348e-005
4101,-0.0304181,0.000891434,-0.115138,4.46597e-005,-0.00222529,1.8336e-005
4102,-0.0286721,0.00104297,-0.104644,4.46444e-005,-0.00286934,1.89588e-005
4103,-0.0256355,0.00119638,-0.0919947,4.45821e-005,-0.00350467,1.95031e-005
4104,-0.0213583,0.00135129,-0.0772711,4.44727e-005,-0.00409894,1.9969e-005
4105,-0.0159547,0.00150737,-0.0606646,4.43163e-005,-0.00461981,2.03564e-005
4106,-0.00960394,0.00166424,-0.0424735,4.41127e-005,-0.00503501,2.06653e-005
4107,-0.00254966,0.00182156,-0.023104,4.38621e-005,-0.00531217,2.08958e-005
