instance,node,component,x,y,z,aba_U1,aba_U2,aba_U3,stap_U1,stap_U2,stap_U3,abs_vec,rel_vec_percent,rel_mag_percent
PART-SUPPORTBEAM-2,12,SupportBeam/B31,0.0,10.0,-30.0,1.9346434e-15,0.0027437578,-0.2950892,3.03354e-15,-3.05783e-05,-0.0108893,0.2842134410980694,96.31025337600295,96.3099726284319
PART-SUPPORTBEAM-1,12,SupportBeam/B31,0.0,-10.0,-30.0,2.793473e-16,-0.0027437578,-0.2950892,6.19179e-15,3.05783e-05,-0.0108893,0.2842134410980694,96.31025337600295,96.3099726284319
PART-SUPPORTBEAM-2,181,SupportBeam/B31,0.0,10.0,-26.25,2.9544297e-15,0.002447373,-0.29502523,3.56356e-15,-0.000274923,-0.0120773,0.28296102556146585,95.9074890330917,95.90543050149523
PART-SUPPORTBEAM-1,181,SupportBeam/B31,0.0,-10.0,-26.25,5.2185048e-17,-0.002447373,-0.29502523,5.87069e-15,0.000274923,-0.0120773,0.28296102556146585,95.9074890330917,95.90543050149523
PART-SUPPORTBEAM-2,182,SupportBeam/B31,0.0,10.0,-22.5,3.2918726e-15,0.0021516122,-0.29495582,4.64036e-15,-0.000770668,-0.0132575,0.28171347715789125,95.50785677360987,95.49779097868598
PART-SUPPORTBEAM-1,182,SupportBeam/B31,0.0,-10.0,-22.5,-2.555939e-16,-0.0021516122,-0.29495582,5.21984e-15,0.000770668,-0.0132575,0.28171347715789125,95.50785677360987,95.49779097868598
PART-SUPPORTBEAM-2,169,SupportBeam/B31,3.84615,10.0,-30.0,0.0006438184,0.002743332,-0.29559714,-0.00242653,-3.80316e-05,-0.0142645,0.2813631414242853,95.18033834004119,95.10522704084869
PART-SUPPORTBEAM-2,200,SupportBeam/B31,-3.84615,10.0,-30.0,-0.0006438184,0.002743332,-0.29559714,0.00242653,-3.80316e-05,-0.0142645,0.2813631414242853,95.18033834004119,95.10522704084869
PART-SUPPORTBEAM-1,169,SupportBeam/B31,3.84615,-10.0,-30.0,0.0006438184,-0.002743332,-0.29559714,-0.00242653,3.80316e-05,-0.0142645,0.2813631414242853,95.18033834004119,95.10522704084869
PART-SUPPORTBEAM-1,200,SupportBeam/B31,-3.84615,-10.0,-30.0,-0.0006438184,-0.002743332,-0.29559714,0.00242653,3.80316e-05,-0.0142645,0.2813631414242853,95.18033834004119,95.10522704084869
PART-SUPPORTBEAM-2,183,SupportBeam/B31,0.0,10.0,-18.75,3.0926096e-15,0.001856417,-0.29488096,5.71711e-15,-0.00126641,-0.01443,0.2804683458313853,95.11051106423764,95.08778800482787
PART-SUPPORTBEAM-1,183,SupportBeam/B31,0.0,-10.0,-18.75,-5.7697174e-16,-0.001856417,-0.29488096,4.56813e-15,0.00126641,-0.01443,0.2804683458313853,95.11051106423764,95.08778800482787
PART-SUPPORTBEAM-2,184,SupportBeam/B31,0.0,10.0,-15.0,2.5022793e-15,0.0015617297,-0.29480067,6.24504e-15,-0.00151076,-0.0155946,0.27922297491037784,94.71452588246605,94.68542988807368
PART-SUPPORTBEAM-1,184,SupportBeam/B31,0.0,-10.0,-15.0,-8.449305e-16,-0.0015617297,-0.29480067,4.25056e-15,0.00151076,-0.0155946,0.27922297491037784,94.71452588246605,94.68542988807368
PART-SUPPORTBEAM-2,185,SupportBeam/B31,0.0,10.0,-11.25,1.6665194e-15,0.0012674922,-0.29471493,6.38582e-15,-0.00142229,-0.0180385,0.2766895044012843,93.88290764983189,93.86040002693261
PART-SUPPORTBEAM-1,185,SupportBeam/B31,0.0,-10.0,-11.25,-9.924525e-16,-0.0012674922,-0.29471493,4.43239e-15,0.00142229,-0.0180385,0.2766895044012843,93.88290764983189,93.86040002693261
PART-SUPPORTBEAM-2,186,SupportBeam/B31,0.0,10.0,-7.5,7.309683e-16,0.00097364635,-0.29462373,6.44727e-15,-0.00121173,-0.0204745,0.2741579402085302,93.05307592345427,93.03850602804413
PART-SUPPORTBEAM-1,186,SupportBeam/B31,0.0,-10.0,-7.5,-9.525197e-16,-0.00097364635,-0.29462373,4.31988e-15,0.00121173,-0.0204745,0.2741579402085302,93.05307592345427,93.03850602804413
PART-SUPPORTBEAM-2,170,SupportBeam/B31,7.69231,10.0,-30.0,0.0012876368,0.002742094,-0.29622424,-0.00485305,-5.7797e-05,-0.0228049,0.27350261956702204,92.32476003328058,92.12947014826682
PART-SUPPORTBEAM-2,201,SupportBeam/B31,-7.69231,10.0,-30.0,-0.0012876368,0.002742094,-0.29622424,0.00485305,-5.7797e-05,-0.0228049,0.27350261956702204,92.32476003328058,92.12947014826682
PART-SUPPORTBEAM-1,170,SupportBeam/B31,7.69231,-10.0,-30.0,0.0012876368,-0.002742094,-0.29622424,-0.00485305,5.7797e-05,-0.0228049,0.27350261956702204,92.32476003328058,92.12947014826682
PART-SUPPORTBEAM-1,201,SupportBeam/B31,-7.69231,-10.0,-30.0,-0.0012876368,-0.002742094,-0.29622424,0.00485305,5.7797e-05,-0.0228049,0.27350261956702204,92.32476003328058,92.12947014826682
PART-SUPPORTBEAM-2,187,SupportBeam/B31,0.0,10.0,-3.75,-1.5873603e-16,0.0006801343,-0.2945271,6.05853e-15,-0.000937232,-0.0229028,0.27162911519982236,92.22526244895718,92.2173858909217
PART-SUPPORTBEAM-1,187,SupportBeam/B31,0.0,-10.0,-3.75,-6.581144e-16,-0.0006801343,-0.2945271,3.19867e-15,0.000937232,-0.0229028,0.27162911519982236,92.22526244895718,92.2173858909217
PART-SUPPORTBEAM-2,10,SupportBeam/B31,0.0,10.0,0.0,-8.569555e-16,0.00038689788,-0.29442504,4.81014e-15,-0.000656914,-0.0253233,0.269103764400033,91.39967580730065,91.39618110333019
PART-FLOOR-1,9,Floor/S4R,0.0,10.0,0.0,-8.569555e-16,0.00038689788,-0.29442504,4.81014e-15,-0.000656914,-0.0253233,0.269103764400033,91.39967580730065,91.39618110333019
PART-FLOOR-1,10,Floor/S4R,0.0,-10.0,0.0,-4.22187e-17,-0.00038689788,-0.29442504,3.54487e-16,0.000656914,-0.0253233,0.269103764400033,91.39967580730065,91.39618110333019
PART-SUPPORTBEAM-1,10,SupportBeam/B31,0.0,-10.0,0.0,-4.22187e-17,-0.00038689788,-0.29442504,3.54487e-16,0.000656914,-0.0253233,0.269103764400033,91.39967580730065,91.39618110333019
PART-SUPPORTBEAM-2,141,SupportBeam/B31,-3.33333,10.0,-2.0,0.001307067,0.0005426483,-0.29469514,-0.0012563,-0.000771779,-0.0293507,0.26536007689254476,90.0445853896604,90.02787370957368
PART-SUPPORTBEAM-2,155,SupportBeam/B31,3.33333,10.0,-2.0,-0.001307067,0.0005426483,-0.29469514,0.0012563,-0.000771779,-0.0293507,0.26536007689254476,90.0445853896604,90.02787370957368
PART-SUPPORTBEAM-1,141,SupportBeam/B31,-3.33333,-10.0,-2.0,0.001307067,-0.0005426483,-0.29469514,-0.0012563,0.000771779,-0.0293507,0.26536007689254476,90.0445853896604,90.02787370957368
PART-SUPPORTBEAM-1,155,SupportBeam/B31,3.33333,-10.0,-2.0,-0.001307067,-0.0005426483,-0.29469514,0.0012563,0.000771779,-0.0293507,0.26536007689254476,90.0445853896604,90.02787370957368
PART-FLOOR-1,99,Floor/S4R,0.0,0.0,0.0,-4.2136686e-16,7.151421e-15,-0.3599833,2.35265e-15,-3.47979e-13,-0.0957912,0.2641921,73.39009892958923,73.39009892958923
PART-SUPPORTBEAM-2,171,SupportBeam/B31,11.53846,10.0,-30.0,0.0019314553,0.0027400749,-0.29640955,-0.00727958,-8.70852e-05,-0.034999,0.26158805717545935,88.24659263561232,87.94038221026305
PART-SUPPORTBEAM-2,202,SupportBeam/B31,-11.53846,10.0,-30.0,-0.0019314553,0.0027400749,-0.29640955,0.00727958,-8.70852e-05,-0.034999,0.26158805717545935,88.24659263561232,87.94038221026305
PART-SUPPORTBEAM-1,171,SupportBeam/B31,11.53846,-10.0,-30.0,0.0019314553,-0.0027400749,-0.29640955,-0.00727958,8.70852e-05,-0.034999,0.26158805717545935,88.24659263561232,87.94038221026305
PART-SUPPORTBEAM-1,202,SupportBeam/B31,-11.53846,-10.0,-30.0,-0.0019314553,-0.0027400749,-0.29640955,0.00727958,8.70852e-05,-0.034999,0.26158805717545935,88.24659263561232,87.94038221026305
PART-FLOOR-1,341,Floor/S4R,5.0,-5.0,0.0,-0.000497431,-0.0002010983,-0.3619919,-0.000171711,5.35012e-05,-0.100544,0.26144822686113933,72.22480383493748,72.22477894745734
PART-FLOOR-1,343,Floor/S4R,5.0,5.0,0.0,-0.000497431,0.0002010983,-0.3619919,-0.000171711,-5.35012e-05,-0.100544,0.26144822686113933,72.22480383493748,72.22477894745734
PART-FLOOR-1,344,Floor/S4R,-5.0,-5.0,0.0,0.000497431,-0.0002010983,-0.3619919,0.000171711,5.35012e-05,-0.100544,0.26144822686113933,72.22480383493748,72.22477894745734
PART-FLOOR-1,346,Floor/S4R,-5.0,5.0,0.0,0.000497431,0.0002010983,-0.3619919,0.000171711,-5.35012e-05,-0.100544,0.26144822686113933,72.22480383493748,72.22477894745734
PART-SUPPORTBEAM-2,142,SupportBeam/B31,-6.66667,10.0,-4.0,0.003023396,0.0006974005,-0.29564145,-0.000323272,-0.000847609,-0.0370186,0.2586491171127011,87.48261569949311,87.47547935440602
PART-SUPPORTBEAM-2,156,SupportBeam/B31,6.66667,10.0,-4.0,-0.003023396,0.0006974005,-0.29564145,0.000323272,-0.000847609,-0.0370186,0.2586491171127011,87.48261569949311,87.47547935440602
PART-SUPPORTBEAM-1,142,SupportBeam/B31,-6.66667,-10.0,-4.0,0.003023396,-0.0006974005,-0.29564145,-0.000323272,0.000847609,-0.0370186,0.2586491171127011,87.48261569949311,87.47547935440602
PART-SUPPORTBEAM-1,156,SupportBeam/B31,6.66667,-10.0,-4.0,-0.003023396,-0.0006974005,-0.29564145,0.000323272,0.000847609,-0.0370186,0.2586491171127011,87.48261569949311,87.47547935440602
PART-FLOOR-1,96,Floor/S4R,10.0,10.0,0.0,-0.0010079407,0.00041078145,-0.39489084,-0.00056305,0.000152062,-0.140617,0.25427436082278204,64.39080606469727,64.39074774804014
PART-FLOOR-1,102,Floor/S4R,10.0,-10.0,0.0,-0.0010079407,-0.00041078145,-0.39489084,-0.00056305,-0.000152062,-0.140617,0.25427436082278204,64.39080606469727,64.39074774804014
PART-FLOOR-1,111,Floor/S4R,-10.0,10.0,0.0,0.0010079407,0.00041078145,-0.39489084,0.00056305,0.000152062,-0.140617,0.25427436082278204,64.39080606469727,64.39074774804014
PART-FLOOR-1,129,Floor/S4R,-10.0,-10.0,0.0,0.0010079407,-0.00041078145,-0.39489084,0.00056305,-0.000152062,-0.140617,0.25427436082278204,64.39080606469727,64.39074774804014
PART-FLOOR-1,97,Floor/S4R,5.0,10.0,0.0,-0.0004046246,0.00014975635,-0.3296361,-0.000338099,4.23861e-05,-0.0790015,0.2506346318272597,76.03366777588313,76.03352085221302
PART-FLOOR-1,101,Floor/S4R,5.0,-10.0,0.0,-0.0004046246,-0.00014975635,-0.3296361,-0.000338099,-4.23861e-05,-0.0790015,0.2506346318272597,76.03366777588313,76.03352085221302
PART-FLOOR-1,110,Floor/S4R,-5.0,10.0,0.0,0.0004046246,0.00014975635,-0.3296361,0.000338099,4.23861e-05,-0.0790015,0.2506346318272597,76.03366777588313,76.03352085221302
PART-FLOOR-1,130,Floor/S4R,-5.0,-10.0,0.0,0.0004046246,-0.00014975635,-0.3296361,0.000338099,-4.23861e-05,-0.0790015,0.2506346318272597,76.03366777588313,76.03352085221302
PART-FLOOR-1,98,Floor/S4R,0.0,5.0,0.0,-4.511597e-16,7.297172e-05,-0.34479007,3.45459e-15,-0.00021183,-0.0946662,0.2501240321436479,72.5438602515091,72.54374672668034
PART-FLOOR-1,100,Floor/S4R,0.0,-5.0,0.0,-1.5886998e-16,-7.297172e-05,-0.34479007,1.28482e-15,0.00021183,-0.0946662,0.2501240321436479,72.5438602515091,72.54374672668034
PART-FLOOR-1,339,Floor/S4R,10.0,0.0,0.0,-0.0010014938,7.487289e-15,-0.4133748,-0.000446264,-3.48458e-13,-0.163338,0.2500374164687573,60.48667762575993,60.48667449854289
PART-FLOOR-1,348,Floor/S4R,-10.0,0.0,0.0,0.0010014938,6.7888247e-15,-0.4133748,0.000446264,-3.44001e-13,-0.163338,0.2500374164687573,60.48667762575993,60.48667449854289
PART-SUPPORTBEAM-2,143,SupportBeam/B31,-10.0,10.0,-6.0,0.0047985916,0.0008512983,-0.29668006,0.00212755,-0.00088882,-0.0472077,0.24949272710621553,84.08353165955985,84.07119096256956
PART-SUPPORTBEAM-2,157,SupportBeam/B31,10.0,10.0,-6.0,-0.0047985916,0.0008512983,-0.29668006,-0.00212755,-0.00088882,-0.0472077,0.24949272710621553,84.08353165955985,84.07119096256956
PART-SUPPORTBEAM-1,143,SupportBeam/B31,-10.0,-10.0,-6.0,0.0047985916,-0.0008512983,-0.29668006,0.00212755,0.00088882,-0.0472077,0.24949272710621553,84.08353165955985,84.07119096256956
PART-SUPPORTBEAM-1,157,SupportBeam/B31,10.0,-10.0,-6.0,-0.0047985916,-0.0008512983,-0.29668006,-0.00212755,0.00088882,-0.0472077,0.24949272710621553,84.08353165955985,84.07119096256956
PART-SUPPORTBEAM-2,172,SupportBeam/B31,15.38462,10.0,-30.0,0.0025752736,0.002737306,-0.29573292,-0.00970611,-0.000123107,-0.0495362,0.24651945011381823,83.3520818346819,82.93249702933338
PART-SUPPORTBEAM-2,203,SupportBeam/B31,-15.38462,10.0,-30.0,-0.0025752736,0.002737306,-0.29573292,0.00970611,-0.000123107,-0.0495362,0.24651945011381823,83.3520818346819,82.93249702933338
PART-SUPPORTBEAM-1,172,SupportBeam/B31,15.38462,-10.0,-30.0,0.0025752736,-0.002737306,-0.29573292,-0.00970611,0.000123107,-0.0495362,0.24651945011381823,83.3520818346819,82.93249702933338
PART-SUPPORTBEAM-1,203,SupportBeam/B31,-15.38462,-10.0,-30.0,-0.0025752736,-0.002737306,-0.29573292,0.00970611,0.000123107,-0.0495362,0.24651945011381823,83.3520818346819,82.93249702933338
PART-FLOOR-1,342,Floor/S4R,5.0,0.0,0.0,-0.00040798704,7.317275e-15,-0.37569892,-0.000184972,-3.48649e-13,-0.130149,0.24555002127410713,65.35815340898093,65.35815042968247
PART-FLOOR-1,345,Floor/S4R,-5.0,0.0,0.0,0.00040798704,6.9765975e-15,-0.37569892,0.000184972,-3.46403e-13,-0.130149,0.24555002127410713,65.35815340898093,65.35815042968247
PART-SUPPORTBEAM-2,144,SupportBeam/B31,-13.33333,10.0,-8.0,0.006347081,0.0010044856,-0.29733494,0.005517,-0.000899826,-0.0589529,0.23839109134298214,80.15722468414057,80.08861710121126
PART-SUPPORTBEAM-2,158,SupportBeam/B31,13.33333,10.0,-8.0,-0.006347081,0.0010044856,-0.29733494,-0.005517,-0.000899826,-0.0589529,0.23839109134298214,80.15722468414057,80.08861710121126
PART-SUPPORTBEAM-1,144,SupportBeam/B31,-13.33333,-10.0,-8.0,0.006347081,-0.0010044856,-0.29733494,0.005517,0.000899826,-0.0589529,0.23839109134298214,80.15722468414057,80.08861710121126
PART-SUPPORTBEAM-1,158,SupportBeam/B31,13.33333,-10.0,-8.0,-0.006347081,-0.0010044856,-0.29733494,-0.005517,0.000899826,-0.0589529,0.23839109134298214,80.15722468414057,80.08861710121126
PART-FLOOR-1,338,Floor/S4R,10.0,-5.0,0.0,-0.00080633897,-6.241057e-05,-0.407936,-0.000483182,-8.22816e-05,-0.171111,0.23682522131370445,58.05438987906846,58.05436006862953
PART-FLOOR-1,340,Floor/S4R,10.0,5.0,0.0,-0.00080633897,6.241057e-05,-0.407936,-0.000483182,8.22816e-05,-0.171111,0.23682522131370445,58.05438987906846,58.05436006862953
PART-FLOOR-1,347,Floor/S4R,-10.0,-5.0,0.0,0.00080633897,-6.241057e-05,-0.407936,0.000483182,-8.22816e-05,-0.171111,0.23682522131370445,58.05438987906846,58.05436006862953
PART-FLOOR-1,349,Floor/S4R,-10.0,5.0,0.0,0.00080633897,6.241057e-05,-0.407936,0.000483182,8.22816e-05,-0.171111,0.23682522131370445,58.05438987906846,58.05436006862953
PART-FLOOR-1,335,Floor/S4R,15.0,-5.0,0.0,-0.001524602,-0.00022083079,-0.45685697,-0.000779609,-9.80509e-05,-0.221268,0.23559017992083695,51.567307941820275,51.56730623739938
PART-FLOOR-1,337,Floor/S4R,15.0,5.0,0.0,-0.001524602,0.00022083079,-0.45685697,-0.000779609,9.80509e-05,-0.221268,0.23559017992083695,51.567307941820275,51.56730623739938
PART-FLOOR-1,350,Floor/S4R,-15.0,-5.0,0.0,0.001524602,-0.00022083079,-0.45685697,0.000779609,-9.80509e-05,-0.221268,0.23559017992083695,51.567307941820275,51.56730623739938
PART-FLOOR-1,352,Floor/S4R,-15.0,5.0,0.0,0.001524602,0.00022083079,-0.45685697,0.000779609,9.80509e-05,-0.221268,0.23559017992083695,51.567307941820275,51.56730623739938
PART-SUPPORTBEAM-2,173,SupportBeam/B31,19.23077,10.0,-30.0,0.0032190923,0.002733819,-0.29391506,-0.0121326,-0.000163073,-0.0653065,0.22914174684026295,77.95384652999748,77.40256071181047
PART-SUPPORTBEAM-2,204,SupportBeam/B31,-19.23077,10.0,-30.0,-0.0032190923,0.002733819,-0.29391506,0.0121326,-0.000163073,-0.0653065,0.22914174684026295,77.95384652999748,77.40256071181047
PART-SUPPORTBEAM-1,173,SupportBeam/B31,19.23077,-10.0,-30.0,0.0032190923,-0.002733819,-0.29391506,-0.0121326,0.000163073,-0.0653065,0.22914174684026295,77.95384652999748,77.40256071181047
PART-SUPPORTBEAM-1,204,SupportBeam/B31,-19.23077,-10.0,-30.0,-0.0032190923,-0.002733819,-0.29391506,0.0121326,0.000163073,-0.0653065,0.22914174684026295,77.95384652999748,77.40256071181047
PART-SUPPORTBEAM-2,145,SupportBeam/B31,-16.66667,10.0,-10.0,0.007448112,0.0011571064,-0.29723823,0.00935825,-0.000885043,-0.0714428,0.22581274368430995,75.94587511799976,75.76510022310342
PART-SUPPORTBEAM-2,159,SupportBeam/B31,16.66667,10.0,-10.0,-0.007448112,0.0011571064,-0.29723823,-0.00935825,-0.000885043,-0.0714428,0.22581274368430995,75.94587511799976,75.76510022310342
PART-SUPPORTBEAM-1,145,SupportBeam/B31,-16.66667,-10.0,-10.0,0.007448112,-0.0011571064,-0.29723823,0.00935825,0.000885043,-0.0714428,0.22581274368430995,75.94587511799976,75.76510022310342
PART-SUPPORTBEAM-1,159,SupportBeam/B31,16.66667,-10.0,-10.0,-0.007448112,-0.0011571064,-0.29723823,-0.00935825,0.000885043,-0.0714428,0.22581274368430995,75.94587511799976,75.76510022310342
PART-FLOOR-1,95,Floor/S4R,15.0,10.0,0.0,-0.0011827515,0.000103795464,-0.45507059,-0.000805933,0.000184785,-0.231872,0.22319892277848247,49.04693206279311,49.046875330823795
PART-FLOOR-1,103,Floor/S4R,15.0,-10.0,0.0,-0.0011827515,-0.000103795464,-0.45507059,-0.000805933,-0.000184785,-0.231872,0.22319892277848247,49.04693206279311,49.046875330823795
PART-FLOOR-1,112,Floor/S4R,-15.0,10.0,0.0,0.0011827515,0.000103795464,-0.45507059,0.000805933,0.000184785,-0.231872,0.22319892277848247,49.04693206279311,49.046875330823795
PART-FLOOR-1,128,Floor/S4R,-15.0,-10.0,0.0,0.0011827515,-0.000103795464,-0.45507059,0.000805933,-0.000184785,-0.231872,0.22319892277848247,49.04693206279311,49.046875330823795
PART-FLOOR-1,336,Floor/S4R,15.0,0.0,0.0,-0.0011910077,7.600829e-15,-0.45834816,-0.000762434,-3.47477e-13,-0.237669,0.22067957615901374,48.146551114926325,48.14653111147298
PART-FLOOR-1,351,Floor/S4R,-15.0,0.0,0.0,0.0011910077,6.640321e-15,-0.45834816,0.000762434,-3.40866e-13,-0.237669,0.22067957615901374,48.146551114926325,48.14653111147298
PART-FLOOR-1,94,Floor/S4R,20.0,10.0,0.0,-0.0020783583,0.0004748796,-0.49524748,-0.00107676,0.000181984,-0.278531,0.21671899245469348,43.759331088313985,43.75931806106304
PART-FLOOR-1,104,Floor/S4R,20.0,-10.0,0.0,-0.0020783583,-0.0004748796,-0.49524748,-0.00107676,-0.000181984,-0.278531,0.21671899245469348,43.759331088313985,43.75931806106304
PART-FLOOR-1,113,Floor/S4R,-20.0,10.0,0.0,0.0020783583,0.0004748796,-0.49524748,0.00107676,0.000181984,-0.278531,0.21671899245469348,43.759331088313985,43.75931806106304
PART-FLOOR-1,127,Floor/S4R,-20.0,-10.0,0.0,0.0020783583,-0.0004748796,-0.49524748,0.00107676,-0.000181984,-0.278531,0.21671899245469348,43.759331088313985,43.75931806106304
PART-FLOOR-1,333,Floor/S4R,20.0,0.0,0.0,-0.002067787,7.719011e-15,-0.49015358,-0.00106684,-3.45752e-13,-0.27492,0.21523590744695273,43.91154139766597,43.91153409718152
PART-FLOOR-1,354,Floor/S4R,-20.0,0.0,0.0,0.002067787,6.4788385e-15,-0.49015358,0.00106684,-3.37046e-13,-0.27492,0.21523590744695273,43.91154139766597,43.91153409718152
PART-SUPPORTBEAM-2,146,SupportBeam/B31,-20.0,10.0,-12.0,0.007945754,0.0013093045,-0.29613003,0.0132568,-0.000848885,-0.0840198,0.21218768734821752,71.62707343689848,71.28558261173886
PART-SUPPORTBEAM-2,160,SupportBeam/B31,20.0,10.0,-12.0,-0.007945754,0.0013093045,-0.29613003,-0.0132568,-0.000848885,-0.0840198,0.21218768734821752,71.62707343689848,71.28558261173886
PART-SUPPORTBEAM-1,146,SupportBeam/B31,-20.0,-10.0,-12.0,0.007945754,-0.0013093045,-0.29613003,0.0132568,0.000848885,-0.0840198,0.21218768734821752,71.62707343689848,71.28558261173886
PART-SUPPORTBEAM-1,160,SupportBeam/B31,20.0,-10.0,-12.0,-0.007945754,-0.0013093045,-0.29613003,-0.0132568,0.000848885,-0.0840198,0.21218768734821752,71.62707343689848,71.28558261173886
PART-SUPPORTBEAM-2,174,SupportBeam/B31,23.07692,10.0,-30.0,0.0038629107,0.0027296448,-0.29081747,-0.0145592,-0.000204194,-0.0814001,0.2102465610431342,72.28546404604215,71.56938537500058
PART-SUPPORTBEAM-2,205,SupportBeam/B31,-23.07692,10.0,-30.0,-0.0038629107,0.0027296448,-0.29081747,0.0145592,-0.000204194,-0.0814001,0.2102465610431342,72.28546404604215,71.56938537500058
PART-SUPPORTBEAM-1,174,SupportBeam/B31,23.07692,-10.0,-30.0,0.0038629107,-0.0027296448,-0.29081747,-0.0145592,0.000204194,-0.0814001,0.2102465610431342,72.28546404604215,71.56938537500058
PART-SUPPORTBEAM-1,205,SupportBeam/B31,-23.07692,-10.0,-30.0,-0.0038629107,-0.0027296448,-0.29081747,0.0145592,0.000204194,-0.0814001,0.2102465610431342,72.28546404604215,71.56938537500058
PART-FLOOR-1,332,Floor/S4R,20.0,-5.0,0.0,-0.0015484488,-3.640435e-05,-0.49082989,-0.00107244,-9.43779e-05,-0.289117,0.20171345998089038,41.096204564498585,41.09617796082314
PART-FLOOR-1,334,Floor/S4R,20.0,5.0,0.0,-0.0015484488,3.640435e-05,-0.49082989,-0.00107244,9.43779e-05,-0.289117,0.20171345998089038,41.096204564498585,41.09617796082314
PART-FLOOR-1,353,Floor/S4R,-20.0,-5.0,0.0,0.0015484488,-3.640435e-05,-0.49082989,0.00107244,-9.43779e-05,-0.289117,0.20171345998089038,41.096204564498585,41.09617796082314
PART-FLOOR-1,355,Floor/S4R,-20.0,5.0,0.0,0.0015484488,3.640435e-05,-0.49082989,0.00107244,9.43779e-05,-0.289117,0.20171345998089038,41.096204564498585,41.09617796082314
PART-SUPPORTBEAM-2,147,SupportBeam/B31,-23.33333,10.0,-14.0,0.007748899,0.0014612238,-0.29385847,0.0169106,-0.000795767,-0.0961804,0.19790313320311426,67.32217688878343,66.77862972118443
PART-SUPPORTBEAM-2,161,SupportBeam/B31,23.33333,10.0,-14.0,-0.007748899,0.0014612238,-0.29385847,-0.0169106,-0.000795767,-0.0961804,0.19790313320311426,67.32217688878343,66.77862972118443
PART-SUPPORTBEAM-1,147,SupportBeam/B31,-23.33333,-10.0,-14.0,0.007748899,-0.0014612238,-0.29385847,0.0169106,0.000795767,-0.0961804,0.19790313320311426,67.32217688878343,66.77862972118443
PART-SUPPORTBEAM-1,161,SupportBeam/B31,23.33333,-10.0,-14.0,-0.007748899,-0.0014612238,-0.29385847,-0.0169106,0.000795767,-0.0961804,0.19790313320311426,67.32217688878343,66.77862972118443
PART-FLOOR-1,329,Floor/S4R,25.0,-5.0,0.0,-0.0026460653,-0.000250792,-0.49927437,-0.00136225,-8.95918e-05,-0.306547,0.19273171330724453,38.60181773707038,38.60175596257412
PART-FLOOR-1,331,Floor/S4R,25.0,5.0,0.0,-0.0026460653,0.000250792,-0.49927437,-0.00136225,8.95918e-05,-0.306547,0.19273171330724453,38.60181773707038,38.60175596257412
PART-FLOOR-1,356,Floor/S4R,-25.0,-5.0,0.0,0.0026460653,-0.000250792,-0.49927437,0.00136225,-8.95918e-05,-0.306547,0.19273171330724453,38.60181773707038,38.60175596257412
PART-FLOOR-1,358,Floor/S4R,-25.0,5.0,0.0,0.0026460653,0.000250792,-0.49927437,0.00136225,8.95918e-05,-0.306547,0.19273171330724453,38.60181773707038,38.60175596257412
PART-SUPPORTBEAM-2,175,SupportBeam/B31,26.92308,10.0,-30.0,0.004506729,0.0027248147,-0.28644243,-0.0169857,-0.000243681,-0.0971083,0.19057321231982705,66.51982760599142,65.58949790246817
PART-SUPPORTBEAM-2,206,SupportBeam/B31,-26.92308,10.0,-30.0,-0.004506729,0.0027248147,-0.28644243,0.0169857,-0.000243681,-0.0971083,0.19057321231982705,66.51982760599142,65.58949790246817
PART-SUPPORTBEAM-1,175,SupportBeam/B31,26.92308,-10.0,-30.0,0.004506729,-0.0027248147,-0.28644243,-0.0169857,0.000243681,-0.0971083,0.19057321231982705,66.51982760599142,65.58949790246817
PART-SUPPORTBEAM-1,206,SupportBeam/B31,-26.92308,-10.0,-30.0,-0.004506729,-0.0027248147,-0.28644243,0.0169857,0.000243681,-0.0971083,0.19057321231982705,66.51982760599142,65.58949790246817
PART-SUPPORTBEAM-2,148,SupportBeam/B31,-26.66667,10.0,-16.0,0.0068312627,0.0016130084,-0.29037976,0.0201097,-0.000730105,-0.107575,0.18330135666762776,63.10626785387661,62.322113842789825
PART-SUPPORTBEAM-2,162,SupportBeam/B31,26.66667,10.0,-16.0,-0.0068312627,0.0016130084,-0.29037976,-0.0201097,-0.000730105,-0.107575,0.18330135666762776,63.10626785387661,62.322113842789825
PART-SUPPORTBEAM-1,148,SupportBeam/B31,-26.66667,-10.0,-16.0,0.0068312627,-0.0016130084,-0.29037976,0.0201097,0.000730105,-0.107575,0.18330135666762776,63.10626785387661,62.322113842789825
PART-SUPPORTBEAM-1,162,SupportBeam/B31,26.66667,-10.0,-16.0,-0.0068312627,-0.0016130084,-0.29037976,-0.0201097,0.000730105,-0.107575,0.18330135666762776,63.10626785387661,62.322113842789825
PART-FLOOR-1,93,Floor/S4R,25.0,10.0,0.0,-0.001870357,3.2440857e-05,-0.505564,-0.0013609,0.000176881,-0.326182,0.1793827815967568,35.48147290285508,35.48143180852043
PART-FLOOR-1,105,Floor/S4R,25.0,-10.0,0.0,-0.001870357,-3.2440857e-05,-0.505564,-0.0013609,-0.000176881,-0.326182,0.1793827815967568,35.48147290285508,35.48143180852043
PART-FLOOR-1,114,Floor/S4R,-25.0,10.0,0.0,0.001870357,3.2440857e-05,-0.505564,0.0013609,0.000176881,-0.326182,0.1793827815967568,35.48147290285508,35.48143180852043
PART-FLOOR-1,126,Floor/S4R,-25.0,-10.0,0.0,0.001870357,-3.2440857e-05,-0.505564,0.0013609,-0.000176881,-0.326182,0.1793827815967568,35.48147290285508,35.48143180852043
PART-FLOOR-1,330,Floor/S4R,25.0,0.0,0.0,-0.0018792292,7.801363e-15,-0.49788436,-0.00136158,-3.43309e-13,-0.319234,0.17865110995687616,35.881793396864126,35.881771882542765
PART-FLOOR-1,357,Floor/S4R,-25.0,0.0,0.0,0.0018792292,6.3358518e-15,-0.49788436,0.00136158,-3.32578e-13,-0.319234,0.17865110995687616,35.881793396864126,35.881771882542765
PART-SUPPORTBEAM-2,176,SupportBeam/B31,30.76923,10.0,-30.0,0.0051505473,0.00271936,-0.28093305,-0.0194122,-0.000278744,-0.111923,0.17081192635036052,60.7885860214715,59.57402897251699
PART-SUPPORTBEAM-2,207,SupportBeam/B31,-30.76923,10.0,-30.0,-0.0051505473,0.00271936,-0.28093305,0.0194122,-0.000278744,-0.111923,0.17081192635036052,60.7885860214715,59.57402897251699
PART-SUPPORTBEAM-1,176,SupportBeam/B31,30.76923,-10.0,-30.0,0.0051505473,-0.00271936,-0.28093305,-0.0194122,0.000278744,-0.111923,0.17081192635036052,60.7885860214715,59.57402897251699
PART-SUPPORTBEAM-1,207,SupportBeam/B31,-30.76923,-10.0,-30.0,-0.0051505473,-0.00271936,-0.28093305,0.0194122,0.000278744,-0.111923,0.17081192635036052,60.7885860214715,59.57402897251699
PART-SUPPORTBEAM-2,149,SupportBeam/B31,-30.0,10.0,-18.0,0.0052313777,0.0017648021,-0.2857581,0.0227367,-0.000656313,-0.118008,0.16867837489484042,59.017365000977364,57.9512328206557
PART-SUPPORTBEAM-2,163,SupportBeam/B31,30.0,10.0,-18.0,-0.0052313777,0.0017648021,-0.2857581,-0.0227367,-0.000656313,-0.118008,0.16867837489484042,59.017365000977364,57.9512328206557
PART-SUPPORTBEAM-1,149,SupportBeam/B31,-30.0,-10.0,-18.0,0.0052313777,-0.0017648021,-0.2857581,0.0227367,0.000656313,-0.118008,0.16867837489484042,59.017365000977364,57.9512328206557
PART-SUPPORTBEAM-1,163,SupportBeam/B31,30.0,-10.0,-18.0,-0.0052313777,-0.0017648021,-0.2857581,-0.0227367,0.000656313,-0.118008,0.16867837489484042,59.017365000977364,57.9512328206557
PART-FLOOR-1,92,Floor/S4R,30.0,10.0,0.0,-0.0032585135,0.0005479046,-0.4829595,-0.00164882,0.000173642,-0.315038,0.16792963213175838,34.77014159383016,34.76989489606097
PART-FLOOR-1,106,Floor/S4R,30.0,-10.0,0.0,-0.0032585135,-0.0005479046,-0.4829595,-0.00164882,-0.000173642,-0.315038,0.16792963213175838,34.77014159383016,34.76989489606097
PART-FLOOR-1,115,Floor/S4R,-30.0,10.0,0.0,0.0032585135,0.0005479046,-0.4829595,0.00164882,0.000173642,-0.315038,0.16792963213175838,34.77014159383016,34.76989489606097
PART-FLOOR-1,125,Floor/S4R,-30.0,-10.0,0.0,0.0032585135,-0.0005479046,-0.4829595,0.00164882,-0.000173642,-0.315038,0.16792963213175838,34.77014159383016,34.76989489606097
PART-FLOOR-1,327,Floor/S4R,30.0,0.0,0.0,-0.0032624532,7.879147e-15,-0.47822887,-0.00165182,-3.40172e-13,-0.31035,0.16788659604561,35.10509299558577,35.10488518008052
PART-FLOOR-1,360,Floor/S4R,-30.0,0.0,0.0,0.0032624532,6.1896433e-15,-0.47822887,0.00165182,-3.275e-13,-0.31035,0.16788659604561,35.10509299558577,35.10488518008052
PART-SUPPORTBEAM-2,150,SupportBeam/B31,-33.33333,10.0,-20.0,0.0030526014,0.0019167488,-0.2801658,0.0247667,-0.000578806,-0.127437,0.15428485415364118,55.064567826005494,53.66605061305832
PART-SUPPORTBEAM-2,164,SupportBeam/B31,33.33333,10.0,-20.0,-0.0030526014,0.0019167488,-0.2801658,-0.0247667,-0.000578806,-0.127437,0.15428485415364118,55.064567826005494,53.66605061305832
PART-SUPPORTBEAM-1,150,SupportBeam/B31,-33.33333,-10.0,-20.0,0.0030526014,-0.0019167488,-0.2801658,0.0247667,0.000578806,-0.127437,0.15428485415364118,55.064567826005494,53.66605061305832
PART-SUPPORTBEAM-1,164,SupportBeam/B31,33.33333,-10.0,-20.0,-0.0030526014,-0.0019167488,-0.2801658,-0.0247667,0.000578806,-0.127437,0.15428485415364118,55.064567826005494,53.66605061305832
PART-FLOOR-1,326,Floor/S4R,30.0,-5.0,0.0,-0.0021706654,-1.6752054e-05,-0.47881278,-0.00165117,-8.69782e-05,-0.324763,0.15405067194021127,32.173136407274704,32.17309871557827
PART-FLOOR-1,328,Floor/S4R,30.0,5.0,0.0,-0.0021706654,1.6752054e-05,-0.47881278,-0.00165117,8.69782e-05,-0.324763,0.15405067194021127,32.173136407274704,32.17309871557827
PART-FLOOR-1,359,Floor/S4R,-30.0,-5.0,0.0,0.0021706654,-1.6752054e-05,-0.47881278,0.00165117,-8.69782e-05,-0.324763,0.15405067194021127,32.173136407274704,32.17309871557827
PART-FLOOR-1,361,Floor/S4R,-30.0,5.0,0.0,0.0021706654,1.6752054e-05,-0.47881278,0.00165117,8.69782e-05,-0.324763,0.15405067194021127,32.173136407274704,32.17309871557827
PART-SUPPORTBEAM-2,177,SupportBeam/B31,34.61538,10.0,-30.0,0.005794366,0.0027133122,-0.2745732,-0.0218387,-0.000306594,-0.125536,0.1516073651042625,55.20066078224231,53.605377483912385
PART-SUPPORTBEAM-2,208,SupportBeam/B31,-34.61538,10.0,-30.0,-0.005794366,0.0027133122,-0.2745732,0.0218387,-0.000306594,-0.125536,0.1516073651042625,55.20066078224231,53.605377483912385
PART-SUPPORTBEAM-1,177,SupportBeam/B31,34.61538,-10.0,-30.0,0.005794366,-0.0027133122,-0.2745732,-0.0218387,0.000306594,-0.125536,0.1516073651042625,55.20066078224231,53.605377483912385
PART-SUPPORTBEAM-1,208,SupportBeam/B31,-34.61538,-10.0,-30.0,-0.005794366,-0.0027133122,-0.2745732,0.0218387,0.000306594,-0.125536,0.1516073651042625,55.20066078224231,53.605377483912385
PART-FLOOR-1,323,Floor/S4R,35.0,-5.0,0.0,-0.003909308,-0.00025365577,-0.4333933,-0.00193987,-8.43776e-05,-0.291002,0.14240501977396963,32.856807518164175,32.85623245424717
PART-FLOOR-1,325,Floor/S4R,35.0,5.0,0.0,-0.003909308,0.00025365577,-0.4333933,-0.00193987,8.43776e-05,-0.291002,0.14240501977396963,32.856807518164175,32.85623245424717
PART-FLOOR-1,362,Floor/S4R,-35.0,-5.0,0.0,0.003909308,-0.00025365577,-0.4333933,0.00193987,-8.43776e-05,-0.291002,0.14240501977396963,32.856807518164175,32.85623245424717
PART-FLOOR-1,364,Floor/S4R,-35.0,5.0,0.0,0.003909308,0.00025365577,-0.4333933,0.00193987,8.43776e-05,-0.291002,0.14240501977396963,32.856807518164175,32.85623245424717
PART-SUPPORTBEAM-2,151,SupportBeam/B31,-36.66667,10.0,-22.0,0.00046311063,0.0020689925,-0.2738831,0.0262667,-0.000502,-0.135974,0.14032588887878325,51.2341522533726,49.436620488337624
PART-SUPPORTBEAM-2,165,SupportBeam/B31,36.66667,10.0,-22.0,-0.00046311063,0.0020689925,-0.2738831,-0.0262667,-0.000502,-0.135974,0.14032588887878325,51.2341522533726,49.436620488337624
PART-SUPPORTBEAM-1,151,SupportBeam/B31,-36.66667,-10.0,-22.0,0.00046311063,-0.0020689925,-0.2738831,0.0262667,0.000502,-0.135974,0.14032588887878325,51.2341522533726,49.436620488337624
PART-SUPPORTBEAM-1,165,SupportBeam/B31,36.66667,-10.0,-22.0,-0.00046311063,-0.0020689925,-0.2738831,-0.0262667,0.000502,-0.135974,0.14032588887878325,51.2341522533726,49.436620488337624
PART-SUPPORTBEAM-2,178,SupportBeam/B31,38.46154,10.0,-30.0,0.0064381845,0.0027067023,-0.26778767,-0.0242653,-0.000324442,-0.13784,0.13356005665856113,49.85840342455952,47.75251152801328
PART-SUPPORTBEAM-2,209,SupportBeam/B31,-38.46154,10.0,-30.0,-0.0064381845,0.0027067023,-0.26778767,0.0242653,-0.000324442,-0.13784,0.13356005665856113,49.85840342455952,47.75251152801328
PART-SUPPORTBEAM-1,178,SupportBeam/B31,38.46154,-10.0,-30.0,0.0064381845,-0.0027067023,-0.26778767,-0.0242653,0.000324442,-0.13784,0.13356005665856113,49.85840342455952,47.75251152801328
PART-SUPPORTBEAM-1,209,SupportBeam/B31,-38.46154,-10.0,-30.0,-0.0064381845,-0.0027067023,-0.26778767,0.0242653,0.000324442,-0.13784,0.13356005665856113,49.85840342455952,47.75251152801328
PART-FLOOR-1,324,Floor/S4R,35.0,0.0,0.0,-0.0024356132,7.925886e-15,-0.43507156,-0.00194,-3.36368e-13,-0.306725,0.12834751690733098,29.499861072590143,29.499797974957943
PART-FLOOR-1,363,Floor/S4R,-35.0,0.0,0.0,0.0024356132,6.0567493e-15,-0.43507156,0.00194,-3.21848e-13,-0.306725,0.12834751690733098,29.499861072590143,29.499797974957943
PART-FLOOR-1,91,Floor/S4R,35.0,10.0,0.0,-0.0024125548,-2.1208252e-05,-0.43105483,-0.0019373,0.000170345,-0.303128,0.12792785620662206,29.677396826021013,29.677277854997886
PART-FLOOR-1,107,Floor/S4R,35.0,-10.0,0.0,-0.0024125548,2.1208252e-05,-0.43105483,-0.0019373,-0.000170345,-0.303128,0.12792785620662206,29.677396826021013,29.677277854997886
PART-FLOOR-1,116,Floor/S4R,-35.0,10.0,0.0,0.0024125548,-2.1208252e-05,-0.43105483,0.0019373,0.000170345,-0.303128,0.12792785620662206,29.677396826021013,29.677277854997886
PART-FLOOR-1,124,Floor/S4R,-35.0,-10.0,0.0,0.0024125548,2.1208252e-05,-0.43105483,0.0019373,-0.000170345,-0.303128,0.12792785620662206,29.677396826021013,29.677277854997886
PART-SUPPORTBEAM-2,152,SupportBeam/B31,-40.0,10.0,-24.0,-0.0023040902,0.002221677,-0.2672984,0.0273964,-0.00043031,-0.143887,0.1269626945331914,47.49508160078827,45.206525734235576
PART-SUPPORTBEAM-2,166,SupportBeam/B31,40.0,10.0,-24.0,0.0023040902,0.002221677,-0.2672984,-0.0273964,-0.00043031,-0.143887,0.1269626945331914,47.49508160078827,45.206525734235576
PART-SUPPORTBEAM-1,152,SupportBeam/B31,-40.0,-10.0,-24.0,-0.0023040902,-0.002221677,-0.2672984,0.0273964,0.00043031,-0.143887,0.1269626945331914,47.49508160078827,45.206525734235576
PART-SUPPORTBEAM-1,166,SupportBeam/B31,40.0,-10.0,-24.0,0.0023040902,-0.002221677,-0.2672984,-0.0273964,0.00043031,-0.143887,0.1269626945331914,47.49508160078827,45.206525734235576
PART-SUPPORTBEAM-2,179,SupportBeam/B31,42.30769,10.0,-30.0,0.007082003,0.0026995619,-0.2611419,-0.0266918,-0.000329499,-0.148929,0.11722448509346804,44.870296849938555,42.08562874868353
PART-SUPPORTBEAM-2,210,SupportBeam/B31,-42.30769,10.0,-30.0,-0.007082003,0.0026995619,-0.2611419,0.0266918,-0.000329499,-0.148929,0.11722448509346804,44.870296849938555,42.08562874868353
PART-SUPPORTBEAM-1,179,SupportBeam/B31,42.30769,-10.0,-30.0,0.007082003,-0.0026995619,-0.2611419,-0.0266918,0.000329499,-0.148929,0.11722448509346804,44.870296849938555,42.08562874868353
PART-SUPPORTBEAM-1,210,SupportBeam/B31,-42.30769,-10.0,-30.0,-0.007082003,-0.0026995619,-0.2611419,0.0266918,0.000329499,-0.148929,0.11722448509346804,44.870296849938555,42.08562874868353
PART-FLOOR-1,321,Floor/S4R,40.0,0.0,0.0,-0.0045991857,7.96837e-15,-0.3798975,-0.00222415,-3.31924e-13,-0.262861,0.11706059596134931,30.811473735898097,30.809982213172145
PART-FLOOR-1,366,Floor/S4R,-40.0,0.0,0.0,0.0045991857,5.9223968e-15,-0.3798975,0.00222415,-3.1566e-13,-0.262861,0.11706059596134931,30.811473735898097,30.809982213172145
PART-FLOOR-1,90,Floor/S4R,40.0,10.0,0.0,-0.004550467,0.0004948663,-0.3602688,-0.00222835,0.000163895,-0.243583,0.1167093727641577,32.39246754918824,32.391150921316495
PART-FLOOR-1,108,Floor/S4R,40.0,-10.0,0.0,-0.004550467,-0.0004948663,-0.3602688,-0.00222835,-0.000163895,-0.243583,0.1167093727641577,32.39246754918824,32.391150921316495
PART-FLOOR-1,117,Floor/S4R,-40.0,10.0,0.0,0.004550467,0.0004948663,-0.3602688,0.00222835,0.000163895,-0.243583,0.1167093727641577,32.39246754918824,32.391150921316495
PART-FLOOR-1,123,Floor/S4R,-40.0,-10.0,0.0,0.004550467,-0.0004948663,-0.3602688,0.00222835,-0.000163895,-0.243583,0.1167093727641577,32.39246754918824,32.391150921316495
PART-SUPPORTBEAM-2,153,SupportBeam/B31,-43.33333,10.0,-26.0,-0.0049511814,0.0023749461,-0.260908,0.0284077,-0.00036815,-0.151593,0.11432457640189661,43.80826321941627,40.899455765901855
PART-SUPPORTBEAM-2,167,SupportBeam/B31,43.33333,10.0,-26.0,0.0049511814,0.0023749461,-0.260908,-0.0284077,-0.00036815,-0.151593,0.11432457640189661,43.80826321941627,40.899455765901855
PART-SUPPORTBEAM-1,153,SupportBeam/B31,-43.33333,-10.0,-26.0,-0.0049511814,-0.0023749461,-0.260908,0.0284077,0.00036815,-0.151593,0.11432457640189661,43.80826321941627,40.899455765901855
PART-SUPPORTBEAM-1,167,SupportBeam/B31,43.33333,-10.0,-26.0,0.0049511814,-0.0023749461,-0.260908,-0.0284077,0.00036815,-0.151593,0.11432457640189661,43.80826321941627,40.899455765901855
PART-SUPPORTBEAM-2,180,SupportBeam/B31,46.15385,10.0,-30.0,0.0077258213,0.0026919222,-0.25534227,-0.0291183,-0.000318975,-0.159097,0.1031004693184807,40.356650682575705,36.690052509308416
PART-SUPPORTBEAM-2,211,SupportBeam/B31,-46.15385,10.0,-30.0,-0.0077258213,0.0026919222,-0.25534227,0.0291183,-0.000318975,-0.159097,0.1031004693184807,40.356650682575705,36.690052509308416
PART-SUPPORTBEAM-1,180,SupportBeam/B31,46.15385,-10.0,-30.0,0.0077258213,-0.0026919222,-0.25534227,-0.0291183,0.000318975,-0.159097,0.1031004693184807,40.356650682575705,36.690052509308416
PART-SUPPORTBEAM-1,211,SupportBeam/B31,-46.15385,-10.0,-30.0,-0.0077258213,-0.0026919222,-0.25534227,0.0291183,0.000318975,-0.159097,0.1031004693184807,40.356650682575705,36.690052509308416
PART-FLOOR-1,320,Floor/S4R,40.0,-5.0,0.0,-0.0026528533,-6.6818893e-06,-0.3741673,-0.00222783,-7.88752e-05,-0.271343,0.10282520375457395,27.480386289203107,27.48021086374956
PART-FLOOR-1,322,Floor/S4R,40.0,5.0,0.0,-0.0026528533,6.6818893e-06,-0.3741673,-0.00222783,7.88752e-05,-0.271343,0.10282520375457395,27.480386289203107,27.48021086374956
PART-FLOOR-1,365,Floor/S4R,-40.0,-5.0,0.0,0.0026528533,-6.6818893e-06,-0.3741673,0.00222783,-7.88752e-05,-0.271343,0.10282520375457395,27.480386289203107,27.48021086374956
PART-FLOOR-1,367,Floor/S4R,-40.0,5.0,0.0,0.0026528533,6.6818893e-06,-0.3741673,0.00222783,7.88752e-05,-0.271343,0.10282520375457395,27.480386289203107,27.48021086374956
PART-SUPPORTBEAM-2,154,SupportBeam/B31,-46.66667,10.0,-28.0,-0.007115521,0.002528944,-0.25531635,0.029645,-0.000319935,-0.159668,0.10250882339326009,40.13217898743921,36.421599025400454
PART-SUPPORTBEAM-2,168,SupportBeam/B31,46.66667,10.0,-28.0,0.007115521,0.002528944,-0.25531635,-0.029645,-0.000319935,-0.159668,0.10250882339326009,40.13217898743921,36.421599025400454
PART-SUPPORTBEAM-1,154,SupportBeam/B31,-46.66667,-10.0,-28.0,-0.007115521,-0.002528944,-0.25531635,0.029645,0.000319935,-0.159668,0.10250882339326009,40.13217898743921,36.421599025400454
PART-SUPPORTBEAM-1,168,SupportBeam/B31,46.66667,-10.0,-28.0,0.007115521,-0.002528944,-0.25531635,-0.029645,0.000319935,-0.159668,0.10250882339326009,40.13217898743921,36.421599025400454
PART-FLOOR-1,317,Floor/S4R,45.0,-5.0,0.0,-0.005286362,-6.69096e-05,-0.31963763,-0.00251245,-7.02238e-05,-0.22656,0.0931189551336599,29.128679403852047,29.1250670522511
PART-FLOOR-1,319,Floor/S4R,45.0,5.0,0.0,-0.005286362,6.69096e-05,-0.31963763,-0.00251245,7.02238e-05,-0.22656,0.0931189551336599,29.128679403852047,29.1250670522511
PART-FLOOR-1,368,Floor/S4R,-45.0,-5.0,0.0,0.005286362,-6.69096e-05,-0.31963763,0.00251245,-7.02238e-05,-0.22656,0.0931189551336599,29.128679403852047,29.1250670522511
PART-FLOOR-1,370,Floor/S4R,-45.0,5.0,0.0,0.005286362,6.69096e-05,-0.31963763,0.00251245,7.02238e-05,-0.22656,0.0931189551336599,29.128679403852047,29.1250670522511
PART-SUPPORTBEAM-2,7,SupportBeam/B31,-50.0,10.0,-30.0,-0.0083696395,0.0026838144,-0.2512359,0.0315449,-0.000290081,-0.168838,0.09160474027995061,36.43935156638594,31.67584584726565
PART-SUPPORTBEAM-2,11,SupportBeam/B31,50.0,10.0,-30.0,0.0083696395,0.0026838144,-0.2512359,-0.0315449,-0.000290081,-0.168838,0.09160474027995061,36.43935156638594,31.67584584726565
PART-SUPPORTBEAM-1,7,SupportBeam/B31,-50.0,-10.0,-30.0,-0.0083696395,-0.0026838144,-0.2512359,0.0315449,0.000290081,-0.168838,0.09160474027995061,36.43935156638594,31.67584584726565
PART-SUPPORTBEAM-1,11,SupportBeam/B31,50.0,-10.0,-30.0,0.0083696395,-0.0026838144,-0.2512359,-0.0315449,0.000290081,-0.168838,0.09160474027995061,36.43935156638594,31.67584584726565
PART-SUPPORTBEAM-2,103,SupportBeam/B31,-50.0,10.0,-26.25,-0.0059440937,0.0023785594,-0.25038382,0.0230562,-0.000255952,-0.169601,0.08587095953903966,34.28452401498687,31.662811602769086
PART-SUPPORTBEAM-2,257,SupportBeam/B31,50.0,10.0,-26.25,0.0059440937,0.0023785594,-0.25038382,-0.0230562,-0.000255952,-0.169601,0.08587095953903966,34.28452401498687,31.662811602769086
PART-SUPPORTBEAM-1,103,SupportBeam/B31,-50.0,-10.0,-26.25,-0.0059440937,-0.0023785594,-0.25038382,0.0230562,0.000255952,-0.169601,0.08587095953903966,34.28452401498687,31.662811602769086
PART-SUPPORTBEAM-1,257,SupportBeam/B31,50.0,-10.0,-26.25,0.0059440937,-0.0023785594,-0.25038382,-0.0230562,0.000255952,-0.169601,0.08587095953903966,34.28452401498687,31.662811602769086
PART-SUPPORTBEAM-2,104,SupportBeam/B31,-50.0,10.0,-22.5,-0.0037565825,0.0020726894,-0.24952634,0.0165295,-0.000212874,-0.170356,0.08175996379015726,32.76122290200071,31.417709137700236
PART-SUPPORTBEAM-2,258,SupportBeam/B31,50.0,10.0,-22.5,0.0037565825,0.0020726894,-0.24952634,-0.0165295,-0.000212874,-0.170356,0.08175996379015726,32.76122290200071,31.417709137700236
PART-SUPPORTBEAM-1,104,SupportBeam/B31,-50.0,-10.0,-22.5,-0.0037565825,-0.0020726894,-0.24952634,0.0165295,0.000212874,-0.170356,0.08175996379015726,32.76122290200071,31.417709137700236
PART-SUPPORTBEAM-1,258,SupportBeam/B31,50.0,-10.0,-22.5,0.0037565825,-0.0020726894,-0.24952634,-0.0165295,0.000212874,-0.170356,0.08175996379015726,32.76122290200071,31.417709137700236
PART-SUPPORTBEAM-2,188,SupportBeam/B31,-53.84615,10.0,-30.0,-0.008473874,0.0026757026,-0.249942,0.0303176,-0.000250331,-0.179786,0.08021972615087267,32.075070874297126,27.099334304851947
PART-SUPPORTBEAM-2,212,SupportBeam/B31,53.84615,10.0,-30.0,0.008473874,0.0026757026,-0.249942,-0.0303176,-0.000250331,-0.179786,0.08021972615087267,32.075070874297126,27.099334304851947
PART-SUPPORTBEAM-1,188,SupportBeam/B31,-53.84615,-10.0,-30.0,-0.008473874,-0.0026757026,-0.249942,0.0303176,0.000250331,-0.179786,0.08021972615087267,32.075070874297126,27.099334304851947
PART-SUPPORTBEAM-1,212,SupportBeam/B31,53.84615,-10.0,-30.0,0.008473874,-0.0026757026,-0.249942,-0.0303176,0.000250331,-0.179786,0.08021972615087267,32.075070874297126,27.099334304851947
PART-SUPPORTBEAM-2,89,SupportBeam/B31,-53.33333,10.0,-28.0,-0.0074194544,0.002513717,-0.2504081,0.0268033,-0.000241921,-0.179089,0.07915304469393307,31.59416190222528,27.71988551977373
PART-SUPPORTBEAM-2,224,SupportBeam/B31,53.33333,10.0,-28.0,0.0074194544,0.002513717,-0.2504081,-0.0268033,-0.000241921,-0.179089,0.07915304469393307,31.59416190222528,27.71988551977373
PART-SUPPORTBEAM-1,89,SupportBeam/B31,-53.33333,-10.0,-28.0,-0.0074194544,-0.002513717,-0.2504081,0.0268033,0.000241921,-0.179089,0.07915304469393307,31.59416190222528,27.71988551977373
PART-SUPPORTBEAM-1,224,SupportBeam/B31,53.33333,-10.0,-28.0,0.0074194544,-0.002513717,-0.2504081,-0.0268033,0.000241921,-0.179089,0.07915304469393307,31.59416190222528,27.71988551977373
PART-FLOOR-1,318,Floor/S4R,45.0,0.0,0.0,-0.0027491904,7.981604e-15,-0.33377948,-0.00249798,-3.26864e-13,-0.254634,0.0791458786741007,23.711222198104558,23.71082394101882
PART-FLOOR-1,369,Floor/S4R,-45.0,0.0,0.0,0.0027491904,5.7971075e-15,-0.33377948,0.00249798,-3.08975e-13,-0.254634,0.0791458786741007,23.711222198104558,23.71082394101882
PART-SUPPORTBEAM-2,105,SupportBeam/B31,-50.0,10.0,-18.75,-0.0017731007,0.001766292,-0.24866338,0.0116845,-0.000162123,-0.171104,0.0787418772128101,31.66444905414567,31.03371818962189
PART-SUPPORTBEAM-2,259,SupportBeam/B31,50.0,10.0,-18.75,0.0017731007,0.001766292,-0.24866338,-0.0116845,-0.000162123,-0.171104,0.0787418772128101,31.66444905414567,31.03371818962189
PART-SUPPORTBEAM-1,105,SupportBeam/B31,-50.0,-10.0,-18.75,-0.0017731007,-0.001766292,-0.24866338,0.0116845,0.000162123,-0.171104,0.0787418772128101,31.66444905414567,31.03371818962189
PART-SUPPORTBEAM-1,259,SupportBeam/B31,50.0,-10.0,-18.75,0.0017731007,-0.001766292,-0.24866338,-0.0116845,0.000162123,-0.171104,0.0787418772128101,31.66444905414567,31.03371818962189
PART-FLOOR-1,89,Floor/S4R,45.0,10.0,0.0,-0.0029188916,-3.163458e-05,-0.2860643,-0.00253184,0.000155141,-0.208456,0.07760948990264235,27.128673389608178,27.128068826395612
PART-FLOOR-1,109,Floor/S4R,45.0,-10.0,0.0,-0.0029188916,3.163458e-05,-0.2860643,-0.00253184,-0.000155141,-0.208456,0.07760948990264235,27.128673389608178,27.128068826395612
PART-FLOOR-1,118,Floor/S4R,-45.0,10.0,0.0,0.0029188916,-3.163458e-05,-0.2860643,0.00253184,0.000155141,-0.208456,0.07760948990264235,27.128673389608178,27.128068826395612
PART-FLOOR-1,122,Floor/S4R,-45.0,-10.0,0.0,0.0029188916,3.163458e-05,-0.2860643,0.00253184,-0.000155141,-0.208456,0.07760948990264235,27.128673389608178,27.128068826395612
PART-SUPPORTBEAM-2,106,SupportBeam/B31,-50.0,10.0,-15.0,4.0356335e-05,0.0014594554,-0.247795,0.0082408,-0.00010498,-0.171843,0.07640943029772969,30.835208144199143,30.572639561758162
PART-SUPPORTBEAM-2,260,SupportBeam/B31,50.0,10.0,-15.0,-4.0356335e-05,0.0014594554,-0.247795,-0.0082408,-0.00010498,-0.171843,0.07640943029772969,30.835208144199143,30.572639561758162
PART-SUPPORTBEAM-1,106,SupportBeam/B31,-50.0,-10.0,-15.0,4.0356335e-05,-0.0014594554,-0.247795,0.0082408,0.00010498,-0.171843,0.07640943029772969,30.835208144199143,30.572639561758162
PART-SUPPORTBEAM-1,260,SupportBeam/B31,50.0,-10.0,-15.0,-4.0356335e-05,-0.0014594554,-0.247795,-0.0082408,0.00010498,-0.171843,0.07640943029772969,30.835208144199143,30.572639561758162
PART-SUPPORTBEAM-2,107,SupportBeam/B31,-50.0,10.0,-11.25,0.0017177936,0.0011522672,-0.24692115,0.00591825,-4.27216e-05,-0.172575,0.07447430330001702,30.160109955848576,30.07063321542424
PART-SUPPORTBEAM-2,261,SupportBeam/B31,50.0,10.0,-11.25,-0.0017177936,0.0011522672,-0.24692115,-0.00591825,-4.27216e-05,-0.172575,0.07447430330001702,30.160109955848576,30.07063321542424
PART-SUPPORTBEAM-1,107,SupportBeam/B31,-50.0,-10.0,-11.25,0.0017177936,-0.0011522672,-0.24692115,0.00591825,4.27216e-05,-0.172575,0.07447430330001702,30.160109955848576,30.07063321542424
PART-SUPPORTBEAM-1,261,SupportBeam/B31,50.0,-10.0,-11.25,-0.0017177936,-0.0011522672,-0.24692115,-0.00591825,4.27216e-05,-0.172575,0.07447430330001702,30.160109955848576,30.07063321542424
PART-SUPPORTBEAM-2,108,SupportBeam/B31,-50.0,10.0,-7.5,0.003293216,0.0008448155,-0.24604188,0.00443652,2.33724e-05,-0.173299,0.0727565014517421,29.56795660474833,29.548891235909586
PART-SUPPORTBEAM-2,262,SupportBeam/B31,50.0,10.0,-7.5,-0.003293216,0.0008448155,-0.24604188,-0.00443652,2.33724e-05,-0.173299,0.0727565014517421,29.56795660474833,29.548891235909586
PART-SUPPORTBEAM-1,108,SupportBeam/B31,-50.0,-10.0,-7.5,0.003293216,-0.0008448155,-0.24604188,0.00443652,-2.33724e-05,-0.173299,0.0727565014517421,29.56795660474833,29.548891235909586
PART-SUPPORTBEAM-1,262,SupportBeam/B31,50.0,-10.0,-7.5,-0.003293216,-0.0008448155,-0.24604188,-0.00443652,-2.33724e-05,-0.173299,0.0727565014517421,29.56795660474833,29.548891235909586
PART-FLOOR-1,78,Floor/S4R,50.0,0.0,0.0,-0.00566232,7.9903405e-15,-0.31182855,-0.00277021,-3.21222e-13,-0.239225,0.07266112972459621,23.29778766168621,23.29066524135668
PART-FLOOR-1,120,Floor/S4R,-50.0,0.0,0.0,0.00566232,5.6709466e-15,-0.31182855,0.00277021,-3.01831e-13,-0.239225,0.07266112972459621,23.29778766168621,23.29066524135668
PART-SUPPORTBEAM-2,109,SupportBeam/B31,-50.0,10.0,-3.75,0.0048006284,0.000537188,-0.24515715,0.00351534,9.20236e-05,-0.174015,0.07115515191633491,29.018669432381362,29.018284670835225
PART-SUPPORTBEAM-2,263,SupportBeam/B31,50.0,10.0,-3.75,-0.0048006284,0.000537188,-0.24515715,-0.00351534,9.20236e-05,-0.174015,0.07115515191633491,29.018669432381362,29.018284670835225
PART-SUPPORTBEAM-1,109,SupportBeam/B31,-50.0,-10.0,-3.75,0.0048006284,-0.000537188,-0.24515715,0.00351534,-9.20236e-05,-0.174015,0.07115515191633491,29.018669432381362,29.018284670835225
PART-SUPPORTBEAM-1,263,SupportBeam/B31,50.0,-10.0,-3.75,-0.0048006284,-0.000537188,-0.24515715,-0.00351534,-9.20236e-05,-0.174015,0.07115515191633491,29.018669432381362,29.018284670835225
PART-CABLE50-2,1,Cable/T3D2,-50.0,10.0,0.0,0.006274036,0.00022947267,-0.24426699,0.00287445,0.000161953,-0.174724,0.06962606697220038,28.494673196855363,28.48398126690801
PART-CABLE50-4,1,Cable/T3D2,50.0,10.0,0.0,-0.006274036,0.00022947267,-0.24426699,-0.00287445,0.000161953,-0.174724,0.06962606697220038,28.494673196855363,28.48398126690801
PART-SUPPORTBEAM-2,8,SupportBeam/B31,-50.0,10.0,0.0,0.006274036,0.00022947267,-0.24426699,0.00287445,0.000161953,-0.174724,0.06962606697220038,28.494673196855363,28.48398126690801
PART-SUPPORTBEAM-2,16,SupportBeam/B31,50.0,10.0,0.0,-0.006274036,0.00022947267,-0.24426699,-0.00287445,0.000161953,-0.174724,0.06962606697220038,28.494673196855363,28.48398126690801
PART-CABLE50-1,1,Cable/T3D2,-50.0,-10.0,0.0,0.006274036,-0.00022947267,-0.24426699,0.00287445,-0.000161953,-0.174724,0.06962606697220038,28.494673196855363,28.48398126690801
PART-CABLE50-3,1,Cable/T3D2,50.0,-10.0,0.0,-0.006274036,-0.00022947267,-0.24426699,-0.00287445,-0.000161953,-0.174724,0.06962606697220038,28.494673196855363,28.48398126690801
PART-FLOOR-1,7,Floor/S4R,50.0,10.0,0.0,-0.006274036,0.00022947267,-0.24426699,-0.00287445,0.000161953,-0.174724,0.06962606697220038,28.494673196855363,28.48398126690801
PART-FLOOR-1,8,Floor/S4R,50.0,-10.0,0.0,-0.006274036,-0.00022947267,-0.24426699,-0.00287445,-0.000161953,-0.174724,0.06962606697220038,28.494673196855363,28.48398126690801
PART-FLOOR-1,11,Floor/S4R,-50.0,10.0,0.0,0.006274036,0.00022947267,-0.24426699,0.00287445,0.000161953,-0.174724,0.06962606697220038,28.494673196855363,28.48398126690801
PART-FLOOR-1,12,Floor/S4R,-50.0,-10.0,0.0,0.006274036,-0.00022947267,-0.24426699,0.00287445,-0.000161953,-0.174724,0.06962606697220038,28.494673196855363,28.48398126690801
PART-SUPPORTBEAM-1,8,SupportBeam/B31,-50.0,-10.0,0.0,0.006274036,-0.00022947267,-0.24426699,0.00287445,-0.000161953,-0.174724,0.06962606697220038,28.494673196855363,28.48398126690801
PART-SUPPORTBEAM-1,16,SupportBeam/B31,50.0,-10.0,0.0,-0.006274036,-0.00022947267,-0.24426699,-0.00287445,-0.000161953,-0.174724,0.06962606697220038,28.494673196855363,28.48398126690801
PART-SUPPORTBEAM-2,189,SupportBeam/B31,-57.69231,10.0,-30.0,-0.008578108,0.002667988,-0.25017408,0.0290903,-0.000210013,-0.19181,0.06952379222436637,27.772266512733566,22.502537785315983
PART-SUPPORTBEAM-2,213,SupportBeam/B31,57.69231,10.0,-30.0,0.008578108,0.002667988,-0.25017408,-0.0290903,-0.000210013,-0.19181,0.06952379222436637,27.772266512733566,22.502537785315983
PART-SUPPORTBEAM-1,189,SupportBeam/B31,-57.69231,-10.0,-30.0,-0.008578108,-0.002667988,-0.25017408,0.0290903,0.000210013,-0.19181,0.06952379222436637,27.772266512733566,22.502537785315983
PART-SUPPORTBEAM-1,213,SupportBeam/B31,57.69231,-10.0,-30.0,0.008578108,-0.002667988,-0.25017408,-0.0290903,0.000210013,-0.19181,0.06952379222436637,27.772266512733566,22.502537785315983
PART-SUPPORTBEAM-2,90,SupportBeam/B31,-56.66667,10.0,-26.0,-0.0073796916,0.0023431873,-0.25109184,0.0213303,-0.000196599,-0.19055,0.06705243114688192,26.691657675318552,23.67368364081124
PART-SUPPORTBEAM-2,225,SupportBeam/B31,56.66667,10.0,-26.0,0.0073796916,0.0023431873,-0.25109184,-0.0213303,-0.000196599,-0.19055,0.06705243114688192,26.691657675318552,23.67368364081124
PART-SUPPORTBEAM-1,90,SupportBeam/B31,-56.66667,-10.0,-26.0,-0.0073796916,-0.0023431873,-0.25109184,0.0213303,0.000196599,-0.19055,0.06705243114688192,26.691657675318552,23.67368364081124
PART-SUPPORTBEAM-1,225,SupportBeam/B31,56.66667,-10.0,-26.0,0.0073796916,-0.0023431873,-0.25109184,-0.0213303,0.000196599,-0.19055,0.06705243114688192,26.691657675318552,23.67368364081124
PART-CABLE100-1,2,Cable/T3D2,0.0,-10.0,150.0,-2.3898852e-15,0.2428416,-0.08677984,-1.0024e-13,0.27488,-0.137946,0.06036915606255899,23.40966471662749,19.260979096515985
PART-CABLE100-2,2,Cable/T3D2,0.0,10.0,150.0,-2.4337921e-14,-0.2428416,-0.08677984,-3.50154e-14,-0.27488,-0.137946,0.06036915606255899,23.40966471662749,19.260979096515985
PART-CABLE100-4,2,Cable/T3D2,0.0,10.0,150.0,-2.4337921e-14,-0.2428416,-0.08677984,-3.50154e-14,-0.27488,-0.137946,0.06036915606255899,23.40966471662749,19.260979096515985
PART-CABLE150-2,2,Cable/T3D2,0.0,10.0,150.0,-2.4337921e-14,-0.2428416,-0.08677984,-3.50154e-14,-0.27488,-0.137946,0.06036915606255899,23.40966471662749,19.260979096515985
PART-CABLE150-4,2,Cable/T3D2,0.0,10.0,150.0,-2.4337921e-14,-0.2428416,-0.08677984,-3.50154e-14,-0.27488,-0.137946,0.06036915606255899,23.40966471662749,19.260979096515985
PART-CABLE200-2,2,Cable/T3D2,0.0,10.0,150.0,-2.4337921e-14,-0.2428416,-0.08677984,-3.50154e-14,-0.27488,-0.137946,0.06036915606255899,23.40966471662749,19.260979096515985
PART-CABLE200-4,2,Cable/T3D2,0.0,10.0,150.0,-2.4337921e-14,-0.2428416,-0.08677984,-3.50154e-14,-0.27488,-0.137946,0.06036915606255899,23.40966471662749,19.260979096515985
PART-CABLE250-2,2,Cable/T3D2,0.0,10.0,150.0,-2.4337921e-14,-0.2428416,-0.08677984,-3.50154e-14,-0.27488,-0.137946,0.06036915606255899,23.40966471662749,19.260979096515985
PART-CABLE250-4,2,Cable/T3D2,0.0,10.0,150.0,-2.4337921e-14,-0.2428416,-0.08677984,-3.50154e-14,-0.27488,-0.137946,0.06036915606255899,23.40966471662749,19.260979096515985
PART-CABLE50-2,2,Cable/T3D2,0.0,10.0,150.0,-2.4337921e-14,-0.2428416,-0.08677984,-3.50154e-14,-0.27488,-0.137946,0.06036915606255899,23.40966471662749,19.260979096515985
PART-CABLE50-4,2,Cable/T3D2,0.0,10.0,150.0,-2.4337921e-14,-0.2428416,-0.08677984,-3.50154e-14,-0.27488,-0.137946,0.06036915606255899,23.40966471662749,19.260979096515985
PART-PIER-2,8,Pier/C3D8R,0.0,-10.0,150.0,-2.3898852e-15,0.2428416,-0.08677984,-1.0024e-13,0.27488,-0.137946,0.06036915606255899,23.40966471662749,19.260979096515985
PART-CABLE100-3,2,Cable/T3D2,0.0,-10.0,150.0,-2.3898852e-15,0.2428416,-0.08677984,-1.0024e-13,0.27488,-0.137946,0.06036915606255899,23.40966471662749,19.260979096515985
PART-CABLE150-1,2,Cable/T3D2,0.0,-10.0,150.0,-2.3898852e-15,0.2428416,-0.08677984,-1.0024e-13,0.27488,-0.137946,0.06036915606255899,23.40966471662749,19.260979096515985
PART-CABLE150-3,2,Cable/T3D2,0.0,-10.0,150.0,-2.3898852e-15,0.2428416,-0.08677984,-1.0024e-13,0.27488,-0.137946,0.06036915606255899,23.40966471662749,19.260979096515985
PART-CABLE200-1,2,Cable/T3D2,0.0,-10.0,150.0,-2.3898852e-15,0.2428416,-0.08677984,-1.0024e-13,0.27488,-0.137946,0.06036915606255899,23.40966471662749,19.260979096515985
PART-CABLE200-3,2,Cable/T3D2,0.0,-10.0,150.0,-2.3898852e-15,0.2428416,-0.08677984,-1.0024e-13,0.27488,-0.137946,0.06036915606255899,23.40966471662749,19.260979096515985
PART-CABLE250-1,2,Cable/T3D2,0.0,-10.0,150.0,-2.3898852e-15,0.2428416,-0.08677984,-1.0024e-13,0.27488,-0.137946,0.06036915606255899,23.40966471662749,19.260979096515985
PART-CABLE250-3,2,Cable/T3D2,0.0,-10.0,150.0,-2.3898852e-15,0.2428416,-0.08677984,-1.0024e-13,0.27488,-0.137946,0.06036915606255899,23.40966471662749,19.260979096515985
PART-CABLE50-1,2,Cable/T3D2,0.0,-10.0,150.0,-2.3898852e-15,0.2428416,-0.08677984,-1.0024e-13,0.27488,-0.137946,0.06036915606255899,23.40966471662749,19.260979096515985
PART-CABLE50-3,2,Cable/T3D2,0.0,-10.0,150.0,-2.3898852e-15,0.2428416,-0.08677984,-1.0024e-13,0.27488,-0.137946,0.06036915606255899,23.40966471662749,19.260979096515985
PART-PIER-1,5,Pier/C3D8R,0.0,10.0,150.0,-2.4337921e-14,-0.2428416,-0.08677984,-3.50154e-14,-0.27488,-0.137946,0.06036915606255899,23.40966471662749,19.260979096515985
PART-SUPPORTBEAM-2,190,SupportBeam/B31,-61.53846,10.0,-30.0,-0.008682342,0.0026606522,-0.25116864,0.027863,-0.000169321,-0.203896,0.0598186698513038,23.800587646113076,18.12008159804302
PART-SUPPORTBEAM-2,214,SupportBeam/B31,61.53846,10.0,-30.0,0.008682342,0.0026606522,-0.25116864,-0.027863,-0.000169321,-0.203896,0.0598186698513038,23.800587646113076,18.12008159804302
PART-SUPPORTBEAM-1,190,SupportBeam/B31,-61.53846,-10.0,-30.0,-0.008682342,-0.0026606522,-0.25116864,0.027863,0.000169321,-0.203896,0.0598186698513038,23.800587646113076,18.12008159804302
PART-SUPPORTBEAM-1,214,SupportBeam/B31,61.53846,-10.0,-30.0,0.008682342,-0.0026606522,-0.25116864,-0.027863,0.000169321,-0.203896,0.0598186698513038,23.800587646113076,18.12008159804302
PART-FLOOR-1,77,Floor/S4R,50.0,5.0,0.0,-0.003005139,0.0001039606,-0.29615474,-0.00277802,8.09764e-05,-0.239242,0.056913197815807295,19.216394945409426,19.215944154510805
PART-FLOOR-1,79,Floor/S4R,50.0,-5.0,0.0,-0.003005139,-0.0001039606,-0.29615474,-0.00277802,-8.09764e-05,-0.239242,0.056913197815807295,19.216394945409426,19.215944154510805
PART-FLOOR-1,119,Floor/S4R,-50.0,5.0,0.0,0.003005139,0.0001039606,-0.29615474,0.00277802,8.09764e-05,-0.239242,0.056913197815807295,19.216394945409426,19.215944154510805
PART-FLOOR-1,121,Floor/S4R,-50.0,-5.0,0.0,0.003005139,-0.0001039606,-0.29615474,0.00277802,-8.09764e-05,-0.239242,0.056913197815807295,19.216394945409426,19.215944154510805
PART-SUPPORTBEAM-2,91,SupportBeam/B31,-60.0,10.0,-24.0,-0.00784158,0.0021723232,-0.25260583,0.01567,-0.000154027,-0.202315,0.05556414204717228,21.98497857453997,19.710560592858496
PART-SUPPORTBEAM-2,226,SupportBeam/B31,60.0,10.0,-24.0,0.00784158,0.0021723232,-0.25260583,-0.01567,-0.000154027,-0.202315,0.05556414204717228,21.98497857453997,19.710560592858496
PART-SUPPORTBEAM-1,91,SupportBeam/B31,-60.0,-10.0,-24.0,-0.00784158,-0.0021723232,-0.25260583,0.01567,0.000154027,-0.202315,0.05556414204717228,21.98497857453997,19.710560592858496
PART-SUPPORTBEAM-1,226,SupportBeam/B31,60.0,-10.0,-24.0,0.00784158,-0.0021723232,-0.25260583,-0.01567,0.000154027,-0.202315,0.05556414204717228,21.98497857453997,19.710560592858496
PART-FLOOR-1,314,Floor/S4R,55.0,-5.0,0.0,-0.0060236575,-0.00016507134,-0.30962527,-0.00305246,-9.17178e-05,-0.256799,0.052909811920273705,17.085102415230462,17.071195746213213
PART-FLOOR-1,316,Floor/S4R,55.0,5.0,0.0,-0.0060236575,0.00016507134,-0.30962527,-0.00305246,9.17178e-05,-0.256799,0.052909811920273705,17.085102415230462,17.071195746213213
PART-FLOOR-1,371,Floor/S4R,-55.0,-5.0,0.0,0.0060236575,-0.00016507134,-0.30962527,0.00305246,-9.17178e-05,-0.256799,0.052909811920273705,17.085102415230462,17.071195746213213
PART-FLOOR-1,373,Floor/S4R,-55.0,5.0,0.0,0.0060236575,0.00016507134,-0.30962527,0.00305246,9.17178e-05,-0.256799,0.052909811920273705,17.085102415230462,17.071195746213213
PART-SUPPORTBEAM-2,191,SupportBeam/B31,-65.38461,10.0,-30.0,-0.008786576,0.002653677,-0.25230306,0.0266357,-0.000128448,-0.215227,0.05135281960768467,20.34017032707574,14.101089718731533
PART-SUPPORTBEAM-2,215,SupportBeam/B31,65.38461,10.0,-30.0,0.008786576,0.002653677,-0.25230306,-0.0266357,-0.000128448,-0.215227,0.05135281960768467,20.34017032707574,14.101089718731533
PART-SUPPORTBEAM-1,191,SupportBeam/B31,-65.38461,-10.0,-30.0,-0.008786576,-0.002653677,-0.25230306,0.0266357,0.000128448,-0.215227,0.05135281960768467,20.34017032707574,14.101089718731533
PART-SUPPORTBEAM-1,215,SupportBeam/B31,65.38461,-10.0,-30.0,0.008786576,-0.002653677,-0.25230306,-0.0266357,0.000128448,-0.215227,0.05135281960768467,20.34017032707574,14.101089718731533
PART-FLOOR-1,30,Floor/S4R,175.0,10.0,0.0,-0.0074649323,-0.0010916009,-0.3515181,-0.00955058,0.000115119,-0.402742,0.05128054241576984,14.58494911319458,14.578023489578843
PART-FLOOR-1,42,Floor/S4R,175.0,-10.0,0.0,-0.0074649323,0.0010916009,-0.3515181,-0.00955058,-0.000115119,-0.402742,0.05128054241576984,14.58494911319458,14.578023489578843
PART-FLOOR-1,177,Floor/S4R,-175.0,10.0,0.0,0.0074649323,-0.0010916009,-0.3515181,0.00955058,0.000115119,-0.402742,0.05128054241576984,14.58494911319458,14.578023489578843
PART-FLOOR-1,189,Floor/S4R,-175.0,-10.0,0.0,0.0074649323,0.0010916009,-0.3515181,0.00955058,-0.000115119,-0.402742,0.05128054241576984,14.58494911319458,14.578023489578843
PART-FLOOR-1,28,Floor/S4R,185.0,10.0,0.0,-0.0057082004,-0.0014757216,-0.27124956,-0.00988451,2.42409e-05,-0.322281,0.051224011145653725,18.879999281757765,18.841264310918547
PART-FLOOR-1,44,Floor/S4R,185.0,-10.0,0.0,-0.0057082004,0.0014757216,-0.27124956,-0.00988451,-2.42409e-05,-0.322281,0.051224011145653725,18.879999281757765,18.841264310918547
PART-FLOOR-1,179,Floor/S4R,-185.0,10.0,0.0,0.0057082004,-0.0014757216,-0.27124956,0.00988451,2.42409e-05,-0.322281,0.051224011145653725,18.879999281757765,18.841264310918547
PART-FLOOR-1,187,Floor/S4R,-185.0,-10.0,0.0,0.0057082004,0.0014757216,-0.27124956,0.00988451,-2.42409e-05,-0.322281,0.051224011145653725,18.879999281757765,18.841264310918547
PART-FLOOR-1,245,Floor/S4R,180.0,-5.0,0.0,-0.006774672,0.0005616164,-0.32178786,-0.00975666,-4.75315e-05,-0.372633,0.05093615194747066,15.825578300954376,15.814673615501649
PART-FLOOR-1,247,Floor/S4R,180.0,5.0,0.0,-0.006774672,-0.0005616164,-0.32178786,-0.00975666,4.75315e-05,-0.372633,0.05093615194747066,15.825578300954376,15.814673615501649
PART-FLOOR-1,440,Floor/S4R,-180.0,-5.0,0.0,0.006774672,0.0005616164,-0.32178786,0.00975666,-4.75315e-05,-0.372633,0.05093615194747066,15.825578300954376,15.814673615501649
PART-FLOOR-1,442,Floor/S4R,-180.0,5.0,0.0,0.006774672,-0.0005616164,-0.32178786,0.00975666,4.75315e-05,-0.372633,0.05093615194747066,15.825578300954376,15.814673615501649
PART-FLOOR-1,243,Floor/S4R,185.0,0.0,0.0,-0.0058463146,3.4857142e-15,-0.28056282,-0.00994284,-7.5293e-14,-0.331332,0.0509341845740682,18.15034864498162,18.122996033673978
PART-FLOOR-1,444,Floor/S4R,-185.0,0.0,0.0,0.0058463146,1.6717537e-15,-0.28056282,0.00994284,-5.70716e-14,-0.331332,0.0509341845740682,18.15034864498162,18.122996033673978
PART-FLOOR-1,239,Floor/S4R,190.0,-5.0,0.0,-0.004625305,0.0006420696,-0.22743055,-0.0101129,0.000173318,-0.277831,0.05070048113330904,22.2880336626387,22.215974033923672
PART-FLOOR-1,241,Floor/S4R,190.0,5.0,0.0,-0.004625305,-0.0006420696,-0.22743055,-0.0101129,-0.000173318,-0.277831,0.05070048113330904,22.2880336626387,22.215974033923672
PART-FLOOR-1,446,Floor/S4R,-190.0,-5.0,0.0,0.004625305,0.0006420696,-0.22743055,0.0101129,0.000173318,-0.277831,0.05070048113330904,22.2880336626387,22.215974033923672
PART-FLOOR-1,448,Floor/S4R,-190.0,5.0,0.0,0.004625305,-0.0006420696,-0.22743055,0.0101129,-0.000173318,-0.277831,0.05070048113330904,22.2880336626387,22.215974033923672
PART-FLOOR-1,249,Floor/S4R,175.0,0.0,0.0,-0.0075292843,4.1896376e-15,-0.34693295,-0.00957529,-9.361e-14,-0.397544,0.050652389098905605,14.596614360216417,14.594386131248333
PART-FLOOR-1,438,Floor/S4R,-175.0,0.0,0.0,0.0075292843,2.0795605e-15,-0.34693295,0.00957529,-7.23428e-14,-0.397544,0.050652389098905605,14.596614360216417,14.594386131248333
PART-FLOOR-1,237,Floor/S4R,195.0,0.0,0.0,-0.0027103072,2.683113e-15,-0.2081606,-0.00974311,-5.7567e-14,-0.258059,0.05039157308304322,24.205974737361625,24.048919422805607
PART-FLOOR-1,450,Floor/S4R,-195.0,0.0,0.0,0.0027103072,1.2561332e-15,-0.2081606,0.00974311,-4.35114e-14,-0.258059,0.05039157308304322,24.205974737361625,24.048919422805607
PART-FLOOR-1,251,Floor/S4R,170.0,-5.0,0.0,-0.008015968,0.00041124248,-0.34938383,-0.00937762,-6.05636e-05,-0.399724,0.05036079241607633,14.410371572846362,14.409565212921288
PART-FLOOR-1,253,Floor/S4R,170.0,5.0,0.0,-0.008015968,-0.00041124248,-0.34938383,-0.00937762,6.05636e-05,-0.399724,0.05036079241607633,14.410371572846362,14.409565212921288
PART-FLOOR-1,434,Floor/S4R,-170.0,-5.0,0.0,0.008015968,0.00041124248,-0.34938383,0.00937762,-6.05636e-05,-0.399724,0.05036079241607633,14.410371572846362,14.409565212921288
PART-FLOOR-1,436,Floor/S4R,-170.0,5.0,0.0,0.008015968,-0.00041124248,-0.34938383,0.00937762,6.05636e-05,-0.399724,0.05036079241607633,14.410371572846362,14.409565212921288
PART-FLOOR-1,32,Floor/S4R,165.0,10.0,0.0,-0.008237143,-0.0005725533,-0.32655925,-0.00918258,0.000125203,-0.376626,0.050080536843544896,15.3309194633697,15.329017222117145
PART-FLOOR-1,40,Floor/S4R,165.0,-10.0,0.0,-0.008237143,0.0005725533,-0.32655925,-0.00918258,-0.000125203,-0.376626,0.050080536843544896,15.3309194633697,15.329017222117145
PART-FLOOR-1,175,Floor/S4R,-165.0,10.0,0.0,0.008237143,-0.0005725533,-0.32655925,0.00918258,0.000125203,-0.376626,0.050080536843544896,15.3309194633697,15.329017222117145
PART-FLOOR-1,191,Floor/S4R,-165.0,-10.0,0.0,0.008237143,0.0005725533,-0.32655925,0.00918258,-0.000125203,-0.376626,0.050080536843544896,15.3309194633697,15.329017222117145
PART-FLOOR-1,26,Floor/S4R,195.0,10.0,0.0,-0.0036759186,-0.0015573136,-0.15126546,-0.0107609,-0.000428231,-0.200681,0.04993362977440724,32.99910539562532,32.812741533683024
PART-FLOOR-1,46,Floor/S4R,195.0,-10.0,0.0,-0.0036759186,0.0015573136,-0.15126546,-0.0107609,0.000428231,-0.200681,0.04993362977440724,32.99910539562532,32.812741533683024
PART-FLOOR-1,181,Floor/S4R,-195.0,10.0,0.0,0.0036759186,-0.0015573136,-0.15126546,0.0107609,-0.000428231,-0.200681,0.04993362977440724,32.99910539562532,32.812741533683024
PART-FLOOR-1,185,Floor/S4R,-195.0,-10.0,0.0,0.0036759186,0.0015573136,-0.15126546,0.0107609,0.000428231,-0.200681,0.04993362977440724,32.99910539562532,32.812741533683024
PART-FLOOR-1,23,Floor/S4R,200.0,-5.0,0.0,-0.0017048689,8.293409e-05,-0.19777885,-0.00967188,0.000112035,-0.246942,0.0498045121515409,25.180982443888528,24.948727994653126
PART-FLOOR-1,25,Floor/S4R,200.0,5.0,0.0,-0.0017048689,-8.293409e-05,-0.19777885,-0.00967188,-0.000112035,-0.246942,0.0498045121515409,25.180982443888528,24.948727994653126
PART-FLOOR-1,182,Floor/S4R,-200.0,5.0,0.0,0.0017048689,-8.293409e-05,-0.19777885,0.00967188,-0.000112035,-0.246942,0.0498045121515409,25.180982443888528,24.948727994653126
PART-FLOOR-1,184,Floor/S4R,-200.0,-5.0,0.0,0.0017048689,8.293409e-05,-0.19777885,0.00967188,0.000112035,-0.246942,0.0498045121515409,25.180982443888528,24.948727994653126
PART-FLOOR-1,255,Floor/S4R,165.0,0.0,0.0,-0.0083213,4.793213e-15,-0.33100718,-0.00919056,-1.12397e-13,-0.380749,0.04974941476902014,15.024961617746907,15.02457836014516
PART-FLOOR-1,432,Floor/S4R,-165.0,0.0,0.0,0.0083213,2.4892644e-15,-0.33100718,0.00919056,-8.90045e-14,-0.380749,0.04974941476902014,15.024961617746907,15.02457836014516
PART-FLOOR-1,257,Floor/S4R,160.0,-5.0,0.0,-0.008399302,0.0002003054,-0.29619923,-0.00900071,-8.59246e-05,-0.345115,0.04892030431107585,16.509373167552056,16.50724509724539
PART-FLOOR-1,259,Floor/S4R,160.0,5.0,0.0,-0.008399302,-0.0002003054,-0.29619923,-0.00900071,8.59246e-05,-0.345115,0.04892030431107585,16.509373167552056,16.50724509724539
PART-FLOOR-1,428,Floor/S4R,-160.0,-5.0,0.0,0.008399302,0.0002003054,-0.29619923,0.00900071,-8.59246e-05,-0.345115,0.04892030431107585,16.509373167552056,16.50724509724539
PART-FLOOR-1,430,Floor/S4R,-160.0,5.0,0.0,0.008399302,-0.0002003054,-0.29619923,0.00900071,8.59246e-05,-0.345115,0.04892030431107585,16.509373167552056,16.50724509724539
PART-FLOOR-1,453,Floor/S4R,-205.0,0.0,0.0,0.0019276461,8.6034883e-16,-0.26641104,0.0089961,-3.18606e-14,-0.314333,0.04844045097620401,18.18212300789798,18.033199717918002
PART-FLOOR-1,480,Floor/S4R,205.0,0.0,0.0,-0.0019276461,1.8464888e-15,-0.26641104,-0.0089961,-4.08058e-14,-0.314333,0.04844045097620401,18.18212300789798,18.033199717918002
PART-FLOOR-1,194,Floor/S4R,-205.0,10.0,0.0,0.0028977906,0.0012206958,-0.2126215,0.0100138,-1.9969e-05,-0.260157,0.04808118758076646,22.61103914459565,22.43408422957052
PART-FLOOR-1,214,Floor/S4R,-205.0,-10.0,0.0,0.0028977906,-0.0012206958,-0.2126215,0.0100138,1.9969e-05,-0.260157,0.04808118758076646,22.61103914459565,22.43408422957052
PART-FLOOR-1,215,Floor/S4R,205.0,-10.0,0.0,-0.0028977906,-0.0012206958,-0.2126215,-0.0100138,1.9969e-05,-0.260157,0.04808118758076646,22.61103914459565,22.43408422957052
PART-FLOOR-1,235,Floor/S4R,205.0,10.0,0.0,-0.0028977906,0.0012206958,-0.2126215,-0.0100138,-1.9969e-05,-0.260157,0.04808118758076646,22.61103914459565,22.43408422957052
PART-FLOOR-1,261,Floor/S4R,155.0,0.0,0.0,-0.008265529,5.2952934e-15,-0.28017774,-0.00874215,-1.31472e-13,-0.328085,0.04790963085106419,17.09229160398727,17.0895038219465
PART-FLOOR-1,426,Floor/S4R,-155.0,0.0,0.0,0.008265529,2.9027442e-15,-0.28017774,0.00874215,-1.06731e-13,-0.328085,0.04790963085106419,17.09229160398727,17.0895038219465
PART-FLOOR-1,34,Floor/S4R,155.0,10.0,0.0,-0.008376225,-0.0001552652,-0.23512654,-0.00887318,0.000181648,-0.282756,0.04763324400739425,20.245709768957305,20.2398707831089
PART-FLOOR-1,38,Floor/S4R,155.0,-10.0,0.0,-0.008376225,0.0001552652,-0.23512654,-0.00887318,-0.000181648,-0.282756,0.04763324400739425,20.245709768957305,20.2398707831089
PART-FLOOR-1,173,Floor/S4R,-155.0,10.0,0.0,0.008376225,-0.0001552652,-0.23512654,0.00887318,0.000181648,-0.282756,0.04763324400739425,20.245709768957305,20.2398707831089
PART-FLOOR-1,193,Floor/S4R,-155.0,-10.0,0.0,0.008376225,0.0001552652,-0.23512654,0.00887318,-0.000181648,-0.282756,0.04763324400739425,20.245709768957305,20.2398707831089
PART-FLOOR-1,35,Floor/S4R,150.0,5.0,0.0,-0.008164453,-0.00012889302,-0.26521045,-0.00852213,7.76489e-05,-0.311973,0.046764373992426625,17.62457882510317,17.620392010105274
PART-FLOOR-1,37,Floor/S4R,150.0,-5.0,0.0,-0.008164453,0.00012889302,-0.26521045,-0.00852213,-7.76489e-05,-0.311973,0.046764373992426625,17.62457882510317,17.620392010105274
PART-FLOOR-1,161,Floor/S4R,-150.0,5.0,0.0,0.008164453,-0.00012889302,-0.26521045,0.00852213,7.76489e-05,-0.311973,0.046764373992426625,17.62457882510317,17.620392010105274
PART-FLOOR-1,163,Floor/S4R,-150.0,-5.0,0.0,0.008164453,0.00012889302,-0.26521045,0.00852213,-7.76489e-05,-0.311973,0.046764373992426625,17.62457882510317,17.620392010105274
PART-FLOOR-1,455,Floor/S4R,-210.0,-5.0,0.0,0.0030731375,-0.0004902679,-0.34041068,0.00861886,5.08139e-05,-0.386724,0.04664730878607786,13.702672210899328,13.628594717509323
PART-FLOOR-1,457,Floor/S4R,-210.0,5.0,0.0,0.0030731375,0.0004902679,-0.34041068,0.00861886,-5.08139e-05,-0.386724,0.04664730878607786,13.702672210899328,13.628594717509323
PART-FLOOR-1,482,Floor/S4R,210.0,5.0,0.0,-0.0030731375,0.0004902679,-0.34041068,-0.00861886,-5.08139e-05,-0.386724,0.04664730878607786,13.702672210899328,13.628594717509323
PART-FLOOR-1,484,Floor/S4R,210.0,-5.0,0.0,-0.0030731375,-0.0004902679,-0.34041068,-0.00861886,5.08139e-05,-0.386724,0.04664730878607786,13.702672210899328,13.628594717509323
PART-PIER-2,271,Pier/C3D8R,-3.33333,-15.0,150.0,0.0025977965,0.23194312,-0.02783482,0.00581679,0.258453,-0.0654438,0.04612560062923671,19.74370728012649,14.147471767030986
PART-PIER-2,509,Pier/C3D8R,3.33333,-15.0,150.0,-0.0025977965,0.23194312,-0.02783482,-0.00581679,0.258453,-0.0654438,0.04612560062923671,19.74370728012649,14.147471767030986
PART-PIER-1,271,Pier/C3D8R,-3.33333,15.0,150.0,0.0025977965,-0.23194312,-0.02783482,0.00581679,-0.258453,-0.0654438,0.04612560062923671,19.74370728012649,14.147471767030986
PART-PIER-1,509,Pier/C3D8R,3.33333,15.0,150.0,-0.0025977965,-0.23194312,-0.02783482,-0.00581679,-0.258453,-0.0654438,0.04612560062923671,19.74370728012649,14.147471767030986
PART-PIER-2,5,Pier/C3D8R,0.0,-20.0,150.0,-5.3215984e-15,0.22275291,-0.046946015,-2.83797e-13,0.244414,-0.0869543,0.045495776602112466,19.98530125117251,13.957979468459103
PART-PIER-1,8,Pier/C3D8R,0.0,20.0,150.0,-2.4602761e-14,-0.22275291,-0.046946015,-2.27007e-13,-0.244414,-0.0869543,0.045495776602112466,19.98530125117251,13.957979468459103
PART-FLOOR-1,264,Floor/S4R,145.0,0.0,0.0,-0.008217439,5.7147026e-15,-0.30958372,-0.00822435,-1.50709e-13,-0.354787,0.045203280528301505,14.596169582686356,14.591736393891164
PART-FLOOR-1,423,Floor/S4R,-145.0,0.0,0.0,0.008217439,3.3087851e-15,-0.30958372,0.00822435,-1.25267e-13,-0.354787,0.045203280528301505,14.596169582686356,14.591736393891164
PART-FLOOR-1,47,Floor/S4R,145.0,10.0,0.0,-0.008346048,-0.00034065545,-0.26528496,-0.00835504,0.000129144,-0.310196,0.04491349804079933,16.921898030883284,16.91383386312729
PART-FLOOR-1,67,Floor/S4R,145.0,-10.0,0.0,-0.008346048,0.00034065545,-0.26528496,-0.00835504,-0.000129144,-0.310196,0.04491349804079933,16.921898030883284,16.91383386312729
PART-FLOOR-1,160,Floor/S4R,-145.0,10.0,0.0,0.008346048,-0.00034065545,-0.26528496,0.00835504,0.000129144,-0.310196,0.04491349804079933,16.921898030883284,16.91383386312729
PART-FLOOR-1,164,Floor/S4R,-145.0,-10.0,0.0,0.008346048,0.00034065545,-0.26528496,0.00835504,-0.000129144,-0.310196,0.04491349804079933,16.921898030883284,16.91383386312729
PART-SUPPORTBEAM-2,92,SupportBeam/B31,-63.33333,10.0,-22.0,-0.008461172,0.0020012218,-0.25437677,0.0102744,-0.000114115,-0.213631,0.04489670456545243,17.639386502481607,15.96986941673149
PART-SUPPORTBEAM-2,227,SupportBeam/B31,63.33333,10.0,-22.0,0.008461172,0.0020012218,-0.25437677,-0.0102744,-0.000114115,-0.213631,0.04489670456545243,17.639386502481607,15.96986941673149
PART-SUPPORTBEAM-1,92,SupportBeam/B31,-63.33333,-10.0,-22.0,-0.008461172,-0.0020012218,-0.25437677,0.0102744,0.000114115,-0.213631,0.04489670456545243,17.639386502481607,15.96986941673149
PART-SUPPORTBEAM-1,227,SupportBeam/B31,63.33333,-10.0,-22.0,0.008461172,-0.0020012218,-0.25437677,-0.0102744,0.000114115,-0.213631,0.04489670456545243,17.639386502481607,15.96986941673149
PART-FLOOR-1,196,Floor/S4R,-215.0,10.0,0.0,0.0034163385,0.0012008131,-0.43510333,0.00764317,-0.000472748,-0.479756,0.04488349194763845,10.315236509594476,10.272770187918221
PART-FLOOR-1,212,Floor/S4R,-215.0,-10.0,0.0,0.0034163385,-0.0012008131,-0.43510333,0.00764317,0.000472748,-0.479756,0.04488349194763845,10.315236509594476,10.272770187918221
PART-FLOOR-1,217,Floor/S4R,215.0,-10.0,0.0,-0.0034163385,-0.0012008131,-0.43510333,-0.00764317,0.000472748,-0.479756,0.04488349194763845,10.315236509594476,10.272770187918221
PART-FLOOR-1,233,Floor/S4R,215.0,10.0,0.0,-0.0034163385,0.0012008131,-0.43510333,-0.00764317,-0.000472748,-0.479756,0.04488349194763845,10.315236509594476,10.272770187918221
PART-SUPPORTBEAM-2,37,SupportBeam/B31,-216.66667,10.0,-10.0,0.03132545,0.00030516688,-0.12495102,0.0362503,0.00034444,-0.169157,0.04447948243472326,34.528874651072876,34.29618525822362
PART-SUPPORTBEAM-2,334,SupportBeam/B31,216.66667,10.0,-10.0,-0.03132545,0.00030516688,-0.12495102,-0.0362503,0.00034444,-0.169157,0.04447948243472326,34.528874651072876,34.29618525822362
PART-SUPPORTBEAM-1,37,SupportBeam/B31,-216.66667,-10.0,-10.0,0.03132545,-0.00030516688,-0.12495102,0.0362503,-0.00034444,-0.169157,0.04447948243472326,34.528874651072876,34.29618525822362
PART-SUPPORTBEAM-1,334,SupportBeam/B31,216.66667,-10.0,-10.0,-0.03132545,-0.00030516688,-0.12495102,-0.0362503,-0.00034444,-0.169157,0.04447948243472326,34.528874651072876,34.29618525822362
PART-FLOOR-1,459,Floor/S4R,-215.0,0.0,0.0,0.003543455,5.33493e-16,-0.4349439,0.00770174,-2.16821e-14,-0.479054,0.04430566844266345,10.186186811596281,10.152138496160136
PART-FLOOR-1,486,Floor/S4R,215.0,0.0,0.0,-0.003543455,1.116753e-15,-0.4349439,-0.00770174,-2.6535e-14,-0.479054,0.04430566844266345,10.186186811596281,10.152138496160136
PART-SUPPORTBEAM-2,192,SupportBeam/B31,-69.23077,10.0,-30.0,-0.00889081,0.002647044,-0.25309554,0.0254084,-8.75865e-05,-0.225192,0.044300356151245904,17.49166737560148,10.520417682724755
PART-SUPPORTBEAM-2,216,SupportBeam/B31,69.23077,10.0,-30.0,0.00889081,0.002647044,-0.25309554,-0.0254084,-8.75865e-05,-0.225192,0.044300356151245904,17.49166737560148,10.520417682724755
PART-SUPPORTBEAM-1,192,SupportBeam/B31,-69.23077,-10.0,-30.0,-0.00889081,-0.002647044,-0.25309554,0.0254084,8.75865e-05,-0.225192,0.044300356151245904,17.49166737560148,10.520417682724755
PART-SUPPORTBEAM-1,216,SupportBeam/B31,69.23077,-10.0,-30.0,0.00889081,-0.002647044,-0.25309554,-0.0254084,8.75865e-05,-0.225192,0.044300356151245904,17.49166737560148,10.520417682724755
PART-SUPPORTBEAM-2,38,SupportBeam/B31,-220.0,10.0,-12.0,0.03261615,0.00043393738,-0.120750085,0.0393529,0.000467905,-0.164434,0.04420033239794621,35.33812622953024,35.17780425820269
PART-SUPPORTBEAM-2,335,SupportBeam/B31,220.0,10.0,-12.0,-0.03261615,0.00043393738,-0.120750085,-0.0393529,0.000467905,-0.164434,0.04420033239794621,35.33812622953024,35.17780425820269
PART-SUPPORTBEAM-1,38,SupportBeam/B31,-220.0,-10.0,-12.0,0.03261615,-0.00043393738,-0.120750085,0.0393529,-0.000467905,-0.164434,0.04420033239794621,35.33812622953024,35.17780425820269
PART-SUPPORTBEAM-1,335,SupportBeam/B31,220.0,-10.0,-12.0,-0.03261615,-0.00043393738,-0.120750085,-0.0393529,-0.000467905,-0.164434,0.04420033239794621,35.33812622953024,35.17780425820269
PART-SUPPORTBEAM-2,36,SupportBeam/B31,-213.33333,10.0,-8.0,0.029283877,0.00017656757,-0.12789468,0.0319866,0.000223819,-0.171937,0.04412519569695715,33.63085055321619,33.293562035142834
PART-SUPPORTBEAM-2,333,SupportBeam/B31,213.33333,10.0,-8.0,-0.029283877,0.00017656757,-0.12789468,-0.0319866,0.000223819,-0.171937,0.04412519569695715,33.63085055321619,33.293562035142834
PART-SUPPORTBEAM-1,36,SupportBeam/B31,-213.33333,-10.0,-8.0,0.029283877,-0.00017656757,-0.12789468,0.0319866,-0.000223819,-0.171937,0.04412519569695715,33.63085055321619,33.293562035142834
PART-SUPPORTBEAM-1,333,SupportBeam/B31,213.33333,-10.0,-8.0,-0.029283877,-0.00017656757,-0.12789468,-0.0319866,-0.000223819,-0.171937,0.04412519569695715,33.63085055321619,33.293562035142834
PART-FLOOR-1,266,Floor/S4R,140.0,-5.0,0.0,-0.008355196,0.000113518756,-0.35414308,-0.00796492,-6.98466e-05,-0.397669,0.04352805589566753,12.287673249979534,12.281762499094066
PART-FLOOR-1,268,Floor/S4R,140.0,5.0,0.0,-0.008355196,-0.000113518756,-0.35414308,-0.00796492,6.98466e-05,-0.397669,0.04352805589566753,12.287673249979534,12.281762499094066
PART-FLOOR-1,419,Floor/S4R,-140.0,-5.0,0.0,0.008355196,0.000113518756,-0.35414308,0.00796492,-6.98466e-05,-0.397669,0.04352805589566753,12.287673249979534,12.281762499094066
PART-FLOOR-1,421,Floor/S4R,-140.0,5.0,0.0,0.008355196,-0.000113518756,-0.35414308,0.00796492,6.98466e-05,-0.397669,0.04352805589566753,12.287673249979534,12.281762499094066
PART-SUPPORTBEAM-2,35,SupportBeam/B31,-210.0,10.0,-6.0,0.026773347,4.8170892e-05,-0.13005088,0.0269547,0.00010635,-0.173428,0.04337753811840427,32.66917592528374,32.183028306667644
PART-SUPPORTBEAM-2,332,SupportBeam/B31,210.0,10.0,-6.0,-0.026773347,4.8170892e-05,-0.13005088,-0.0269547,0.00010635,-0.173428,0.04337753811840427,32.66917592528374,32.183028306667644
PART-SUPPORTBEAM-1,35,SupportBeam/B31,-210.0,-10.0,-6.0,0.026773347,-4.8170892e-05,-0.13005088,0.0269547,-0.00010635,-0.173428,0.04337753811840427,32.66917592528374,32.183028306667644
PART-SUPPORTBEAM-1,332,SupportBeam/B31,210.0,-10.0,-6.0,-0.026773347,-4.8170892e-05,-0.13005088,-0.0269547,-0.00010635,-0.173428,0.04337753811840427,32.66917592528374,32.183028306667644
PART-SUPPORTBEAM-2,23,SupportBeam/B31,-211.53847,10.0,-30.0,-0.0067759,0.0019817476,-0.12790582,-0.00273023,0.00102165,-0.17091,0.04320473041951339,33.72721364993039,33.43808546084833
PART-SUPPORTBEAM-2,313,SupportBeam/B31,211.53847,10.0,-30.0,0.0067759,0.0019817476,-0.12790582,0.00273023,0.00102165,-0.17091,0.04320473041951339,33.72721364993039,33.43808546084833
PART-SUPPORTBEAM-1,23,SupportBeam/B31,-211.53847,-10.0,-30.0,-0.0067759,-0.0019817476,-0.12790582,-0.00273023,-0.00102165,-0.17091,0.04320473041951339,33.72721364993039,33.43808546084833
PART-SUPPORTBEAM-1,313,SupportBeam/B31,211.53847,-10.0,-30.0,0.0067759,-0.0019817476,-0.12790582,0.00273023,-0.00102165,-0.17091,0.04320473041951339,33.72721364993039,33.43808546084833
PART-SUPPORTBEAM-2,39,SupportBeam/B31,-223.33333,10.0,-14.0,0.032938812,0.0005628472,-0.1149299,0.0409938,0.000593905,-0.157266,0.04309558167001675,36.045691867258654,35.9355644105219
PART-SUPPORTBEAM-2,336,SupportBeam/B31,223.33333,10.0,-14.0,-0.032938812,0.0005628472,-0.1149299,-0.0409938,0.000593905,-0.157266,0.04309558167001675,36.045691867258654,35.9355644105219
PART-SUPPORTBEAM-1,39,SupportBeam/B31,-223.33333,-10.0,-14.0,0.032938812,-0.0005628472,-0.1149299,0.0409938,-0.000593905,-0.157266,0.04309558167001675,36.045691867258654,35.9355644105219
PART-SUPPORTBEAM-1,336,SupportBeam/B31,223.33333,-10.0,-14.0,-0.032938812,-0.0005628472,-0.1149299,-0.0409938,-0.000593905,-0.157266,0.04309558167001675,36.045691867258654,35.9355644105219
PART-SUPPORTBEAM-2,24,SupportBeam/B31,-215.38461,10.0,-30.0,-0.0064978614,0.0019435465,-0.12354267,-0.00286665,0.00107776,-0.166325,0.0429448837782101,34.708910885758456,34.4499658375991
PART-SUPPORTBEAM-2,314,SupportBeam/B31,215.38461,10.0,-30.0,0.0064978614,0.0019435465,-0.12354267,0.00286665,0.00107776,-0.166325,0.0429448837782101,34.708910885758456,34.4499658375991
PART-SUPPORTBEAM-1,24,SupportBeam/B31,-215.38461,-10.0,-30.0,-0.0064978614,-0.0019435465,-0.12354267,-0.00286665,-0.00107776,-0.166325,0.0429448837782101,34.708910885758456,34.4499658375991
PART-SUPPORTBEAM-1,314,SupportBeam/B31,215.38461,-10.0,-30.0,0.0064978614,-0.0019435465,-0.12354267,0.00286665,-0.00107776,-0.166325,0.0429448837782101,34.708910885758456,34.4499658375991
PART-SUPPORTBEAM-2,22,SupportBeam/B31,-207.69231,10.0,-30.0,-0.007053939,0.0020197383,-0.13144079,-0.00259382,0.000968197,-0.174078,0.04288274801343621,32.57443020505988,32.24919264304808
PART-SUPPORTBEAM-2,312,SupportBeam/B31,207.69231,10.0,-30.0,0.007053939,0.0020197383,-0.13144079,0.00259382,0.000968197,-0.174078,0.04288274801343621,32.57443020505988,32.24919264304808
PART-SUPPORTBEAM-1,22,SupportBeam/B31,-207.69231,-10.0,-30.0,-0.007053939,-0.0020197383,-0.13144079,-0.00259382,-0.000968197,-0.174078,0.04288274801343621,32.57443020505988,32.24919264304808
PART-SUPPORTBEAM-1,312,SupportBeam/B31,207.69231,-10.0,-30.0,0.007053939,-0.0020197383,-0.13144079,0.00259382,-0.000968197,-0.174078,0.04288274801343621,32.57443020505988,32.24919264304808
PART-SUPPORTBEAM-2,34,SupportBeam/B31,-206.66667,10.0,-4.0,0.024140673,-7.9991216e-05,-0.13199764,0.0216399,-7.65972e-06,-0.17444,0.04251603250319159,31.684162552709015,30.994140021309885
PART-SUPPORTBEAM-2,331,SupportBeam/B31,206.66667,10.0,-4.0,-0.024140673,-7.9991216e-05,-0.13199764,-0.0216399,-7.65972e-06,-0.17444,0.04251603250319159,31.684162552709015,30.994140021309885
PART-SUPPORTBEAM-1,34,SupportBeam/B31,-206.66667,-10.0,-4.0,0.024140673,7.9991216e-05,-0.13199764,0.0216399,7.65972e-06,-0.17444,0.04251603250319159,31.684162552709015,30.994140021309885
PART-SUPPORTBEAM-1,331,SupportBeam/B31,206.66667,-10.0,-4.0,-0.024140673,7.9991216e-05,-0.13199764,-0.0216399,7.65972e-06,-0.17444,0.04251603250319159,31.684162552709015,30.994140021309885
PART-SUPPORTBEAM-2,117,SupportBeam/B31,-180.76923,10.0,-30.0,-0.008968878,0.0022721798,-0.17889515,-0.00158555,0.000675332,-0.220733,0.04251434049676003,23.73322875370469,23.225866576318353
PART-SUPPORTBEAM-2,285,SupportBeam/B31,180.76923,10.0,-30.0,0.008968878,0.0022721798,-0.17889515,0.00158555,0.000675332,-0.220733,0.04251434049676003,23.73322875370469,23.225866576318353
PART-SUPPORTBEAM-1,117,SupportBeam/B31,-180.76923,-10.0,-30.0,-0.008968878,-0.0022721798,-0.17889515,-0.00158555,-0.000675332,-0.220733,0.04251434049676003,23.73322875370469,23.225866576318353
PART-SUPPORTBEAM-1,285,SupportBeam/B31,180.76923,-10.0,-30.0,0.008968878,-0.0022721798,-0.17889515,0.00158555,-0.000675332,-0.220733,0.04251434049676003,23.73322875370469,23.225866576318353
PART-SUPPORTBEAM-2,116,SupportBeam/B31,-176.92308,10.0,-30.0,-0.009240649,0.002304476,-0.18631665,-0.00143847,0.00064455,-0.22796,0.042400447529430826,22.72752545330356,22.194242316021267
PART-SUPPORTBEAM-2,284,SupportBeam/B31,176.92308,10.0,-30.0,0.009240649,0.002304476,-0.18631665,0.00143847,0.00064455,-0.22796,0.042400447529430826,22.72752545330356,22.194242316021267
PART-SUPPORTBEAM-1,116,SupportBeam/B31,-176.92308,-10.0,-30.0,-0.009240649,-0.002304476,-0.18631665,-0.00143847,-0.00064455,-0.22796,0.042400447529430826,22.72752545330356,22.194242316021267
PART-SUPPORTBEAM-1,284,SupportBeam/B31,176.92308,-10.0,-30.0,0.009240649,-0.002304476,-0.18631665,0.00143847,-0.00064455,-0.22796,0.042400447529430826,22.72752545330356,22.194242316021267
PART-SUPPORTBEAM-2,118,SupportBeam/B31,-184.61539,10.0,-30.0,-0.008697105,0.002238647,-0.1706445,-0.00173264,0.000708925,-0.212339,0.04229982449589488,24.75401661188294,24.26641179398311
PART-SUPPORTBEAM-2,286,SupportBeam/B31,184.61539,10.0,-30.0,0.008697105,0.002238647,-0.1706445,0.00173264,0.000708925,-0.212339,0.04229982449589488,24.75401661188294,24.26641179398311
PART-SUPPORTBEAM-1,118,SupportBeam/B31,-184.61539,-10.0,-30.0,-0.008697105,-0.002238647,-0.1706445,-0.00173264,-0.000708925,-0.212339,0.04229982449589488,24.75401661188294,24.26641179398311
PART-SUPPORTBEAM-1,286,SupportBeam/B31,184.61539,-10.0,-30.0,0.008697105,-0.002238647,-0.1706445,0.00173264,-0.000708925,-0.212339,0.04229982449589488,24.75401661188294,24.26641179398311
PART-SUPPORTBEAM-2,21,SupportBeam/B31,-203.84616,10.0,-30.0,-0.007331977,0.0020574871,-0.13484098,-0.0024574,0.000917672,-0.176784,0.042240710293643464,31.276477203317242,30.911373382336027
PART-SUPPORTBEAM-2,311,SupportBeam/B31,203.84616,10.0,-30.0,0.007331977,0.0020574871,-0.13484098,0.0024574,0.000917672,-0.176784,0.042240710293643464,31.276477203317242,30.911373382336027
PART-SUPPORTBEAM-1,21,SupportBeam/B31,-203.84616,-10.0,-30.0,-0.007331977,-0.0020574871,-0.13484098,-0.0024574,-0.000917672,-0.176784,0.042240710293643464,31.276477203317242,30.911373382336027
PART-SUPPORTBEAM-1,311,SupportBeam/B31,203.84616,-10.0,-30.0,0.007331977,-0.0020574871,-0.13484098,0.0024574,-0.000917672,-0.176784,0.042240710293643464,31.276477203317242,30.911373382336027
PART-FLOOR-1,240,Floor/S4R,190.0,0.0,0.0,-0.01579683,3.129645e-15,-0.23490693,-0.00999896,-6.6365e-14,-0.276632,0.04212596305180213,17.89263271909004,17.57374077776972
PART-FLOOR-1,447,Floor/S4R,-190.0,0.0,0.0,0.01579683,1.4751417e-15,-0.23490693,0.00999896,-5.00483e-14,-0.276632,0.04212596305180213,17.89263271909004,17.57374077776972
PART-FLOOR-1,49,Floor/S4R,135.0,10.0,0.0,-0.008315028,-0.00016834715,-0.4120647,-0.00762864,0.000187422,-0.454078,0.04202041262368367,10.19545148969567,10.188920625593042
PART-FLOOR-1,65,Floor/S4R,135.0,-10.0,0.0,-0.008315028,0.00016834715,-0.4120647,-0.00762864,-0.000187422,-0.454078,0.04202041262368367,10.19545148969567,10.188920625593042
PART-FLOOR-1,158,Floor/S4R,-135.0,10.0,0.0,0.008315028,-0.00016834715,-0.4120647,0.00762864,0.000187422,-0.454078,0.04202041262368367,10.19545148969567,10.188920625593042
PART-FLOOR-1,166,Floor/S4R,-135.0,-10.0,0.0,0.008315028,0.00016834715,-0.4120647,0.00762864,-0.000187422,-0.454078,0.04202041262368367,10.19545148969567,10.188920625593042
PART-FLOOR-1,29,Floor/S4R,180.0,10.0,0.0,-0.013309859,0.0014304875,-0.32286304,-0.00971846,9.74919e-05,-0.364661,0.041973140032745014,12.989132706595083,12.889150158666448
PART-FLOOR-1,43,Floor/S4R,180.0,-10.0,0.0,-0.013309859,-0.0014304875,-0.32286304,-0.00971846,-9.74919e-05,-0.364661,0.041973140032745014,12.989132706595083,12.889150158666448
PART-FLOOR-1,178,Floor/S4R,-180.0,10.0,0.0,0.013309859,0.0014304875,-0.32286304,0.00971846,9.74919e-05,-0.364661,0.041973140032745014,12.989132706595083,12.889150158666448
PART-FLOOR-1,188,Floor/S4R,-180.0,-10.0,0.0,0.013309859,-0.0014304875,-0.32286304,0.00971846,-9.74919e-05,-0.364661,0.041973140032745014,12.989132706595083,12.889150158666448
PART-SUPPORTBEAM-2,25,SupportBeam/B31,-219.23077,10.0,-30.0,-0.006219822,0.001905165,-0.11779877,-0.00300306,0.00113624,-0.159565,0.04189697807519261,35.51246116347307,35.27689180797503
PART-SUPPORTBEAM-2,315,SupportBeam/B31,219.23077,10.0,-30.0,0.006219822,0.001905165,-0.11779877,0.00300306,0.00113624,-0.159565,0.04189697807519261,35.51246116347307,35.27689180797503
PART-SUPPORTBEAM-1,25,SupportBeam/B31,-219.23077,-10.0,-30.0,-0.006219822,-0.001905165,-0.11779877,-0.00300306,-0.00113624,-0.159565,0.04189697807519261,35.51246116347307,35.27689180797503
PART-SUPPORTBEAM-1,315,SupportBeam/B31,219.23077,-10.0,-30.0,0.006219822,-0.001905165,-0.11779877,0.00300306,-0.00113624,-0.159565,0.04189697807519261,35.51246116347307,35.27689180797503
PART-SUPPORTBEAM-2,115,SupportBeam/B31,-173.07692,10.0,-30.0,-0.009512422,0.002335395,-0.19267604,-0.00129138,0.000616629,-0.233715,0.04188956822420256,21.712894348152034,21.145298098130354
PART-SUPPORTBEAM-2,283,SupportBeam/B31,173.07692,10.0,-30.0,0.009512422,0.002335395,-0.19267604,0.00129138,0.000616629,-0.233715,0.04188956822420256,21.712894348152034,21.145298098130354
PART-SUPPORTBEAM-1,115,SupportBeam/B31,-173.07692,-10.0,-30.0,-0.009512422,-0.002335395,-0.19267604,-0.00129138,-0.000616629,-0.233715,0.04188956822420256,21.712894348152034,21.145298098130354
PART-SUPPORTBEAM-1,283,SupportBeam/B31,173.07692,-10.0,-30.0,0.009512422,-0.002335395,-0.19267604,0.00129138,-0.000616629,-0.233715,0.04188956822420256,21.712894348152034,21.145298098130354
PART-SUPPORTBEAM-2,119,SupportBeam/B31,-188.46153,10.0,-30.0,-0.008425334,0.0022040184,-0.16193867,-0.00187973,0.000745275,-0.203282,0.041883693718686735,25.82660334106614,25.355307669862633
PART-SUPPORTBEAM-2,287,SupportBeam/B31,188.46153,10.0,-30.0,0.008425334,0.0022040184,-0.16193867,0.00187973,0.000745275,-0.203282,0.041883693718686735,25.82660334106614,25.355307669862633
PART-SUPPORTBEAM-1,119,SupportBeam/B31,-188.46153,-10.0,-30.0,-0.008425334,-0.0022040184,-0.16193867,-0.00187973,-0.000745275,-0.203282,0.041883693718686735,25.82660334106614,25.355307669862633
PART-SUPPORTBEAM-1,287,SupportBeam/B31,188.46153,-10.0,-30.0,0.008425334,-0.0022040184,-0.16193867,0.00187973,-0.000745275,-0.203282,0.041883693718686735,25.82660334106614,25.355307669862633
PART-SUPPORTBEAM-2,55,SupportBeam/B31,-180.0,10.0,-12.0,-5.75484e-05,0.0008461344,-0.18120109,-0.00286567,0.000105619,-0.222952,0.041851790831529824,23.09662289456856,23.05003174865506
PART-SUPPORTBEAM-2,298,SupportBeam/B31,180.0,10.0,-12.0,5.75484e-05,0.0008461344,-0.18120109,0.00286567,0.000105619,-0.222952,0.041851790831529824,23.09662289456856,23.05003174865506
PART-SUPPORTBEAM-1,55,SupportBeam/B31,-180.0,-10.0,-12.0,-5.75484e-05,-0.0008461344,-0.18120109,-0.00286567,-0.000105619,-0.222952,0.041851790831529824,23.09662289456856,23.05003174865506
PART-SUPPORTBEAM-1,298,SupportBeam/B31,180.0,-10.0,-12.0,5.75484e-05,-0.0008461344,-0.18120109,0.00286567,-0.000105619,-0.222952,0.041851790831529824,23.09662289456856,23.05003174865506
PART-SUPPORTBEAM-2,33,SupportBeam/B31,-203.33333,10.0,-2.0,0.021797493,-0.0002078868,-0.13442108,0.0166198,-0.000117903,-0.175934,0.04183466420102965,30.7207792954626,29.770210066216666
PART-SUPPORTBEAM-2,330,SupportBeam/B31,203.33333,10.0,-2.0,-0.021797493,-0.0002078868,-0.13442108,-0.0166198,-0.000117903,-0.175934,0.04183466420102965,30.7207792954626,29.770210066216666
PART-SUPPORTBEAM-1,33,SupportBeam/B31,-203.33333,-10.0,-2.0,0.021797493,0.0002078868,-0.13442108,0.0166198,0.000117903,-0.175934,0.04183466420102965,30.7207792954626,29.770210066216666
PART-SUPPORTBEAM-1,330,SupportBeam/B31,203.33333,-10.0,-2.0,-0.021797493,0.0002078868,-0.13442108,-0.0166198,0.000117903,-0.175934,0.04183466420102965,30.7207792954626,29.770210066216666
PART-FLOOR-1,236,Floor/S4R,195.0,-5.0,0.0,-0.017159373,0.00043980274,-0.19153023,-0.0101783,0.000433796,-0.232757,0.041813657827857564,21.744213940520748,21.155713292448205
PART-FLOOR-1,238,Floor/S4R,195.0,5.0,0.0,-0.017159373,-0.00043980274,-0.19153023,-0.0101783,-0.000433796,-0.232757,0.041813657827857564,21.744213940520748,21.155713292448205
PART-FLOOR-1,449,Floor/S4R,-195.0,-5.0,0.0,0.017159373,0.00043980274,-0.19153023,0.0101783,0.000433796,-0.232757,0.041813657827857564,21.744213940520748,21.155713292448205
PART-FLOOR-1,451,Floor/S4R,-195.0,5.0,0.0,0.017159373,-0.00043980274,-0.19153023,0.0101783,-0.000433796,-0.232757,0.041813657827857564,21.744213940520748,21.155713292448205
PART-FLOOR-1,270,Floor/S4R,135.0,0.0,0.0,-0.008355736,6.0943127e-15,-0.4142407,-0.00763609,-1.70358e-13,-0.455973,0.041738504449193144,10.073857012644103,10.067453110546296
PART-FLOOR-1,417,Floor/S4R,-135.0,0.0,0.0,0.008355736,3.6806563e-15,-0.4142407,0.00763609,-1.44582e-13,-0.455973,0.041738504449193144,10.073857012644103,10.067453110546296
PART-SUPPORTBEAM-2,56,SupportBeam/B31,-183.33333,10.0,-10.0,0.003510443,0.0006513361,-0.17372076,-7.00555e-05,4.77714e-05,-0.215279,0.04171656231945758,24.008503447900747,23.89628309011992
PART-SUPPORTBEAM-2,299,SupportBeam/B31,183.33333,10.0,-10.0,-0.003510443,0.0006513361,-0.17372076,7.00555e-05,4.77714e-05,-0.215279,0.04171656231945758,24.008503447900747,23.89628309011992
PART-SUPPORTBEAM-1,56,SupportBeam/B31,-183.33333,-10.0,-10.0,0.003510443,-0.0006513361,-0.17372076,-7.00555e-05,-4.77714e-05,-0.215279,0.04171656231945758,24.008503447900747,23.89628309011992
PART-SUPPORTBEAM-1,299,SupportBeam/B31,183.33333,-10.0,-10.0,-0.003510443,-0.0006513361,-0.17372076,7.00555e-05,-4.77714e-05,-0.215279,0.04171656231945758,24.008503447900747,23.89628309011992
PART-FLOOR-1,242,Floor/S4R,185.0,-5.0,0.0,-0.014428736,-0.00061149517,-0.27754265,-0.00994606,1.08392e-05,-0.318984,0.041687734095433374,15.000005452195925,14.832029137588412
PART-FLOOR-1,244,Floor/S4R,185.0,5.0,0.0,-0.014428736,0.00061149517,-0.27754265,-0.00994606,-1.08392e-05,-0.318984,0.041687734095433374,15.000005452195925,14.832029137588412
PART-FLOOR-1,443,Floor/S4R,-185.0,-5.0,0.0,0.014428736,-0.00061149517,-0.27754265,0.00994606,1.08392e-05,-0.318984,0.041687734095433374,15.000005452195925,14.832029137588412
PART-FLOOR-1,445,Floor/S4R,-185.0,5.0,0.0,0.014428736,0.00061149517,-0.27754265,0.00994606,-1.08392e-05,-0.318984,0.041687734095433374,15.000005452195925,14.832029137588412
PART-SUPPORTBEAM-2,54,SupportBeam/B31,-176.66667,10.0,-14.0,-0.0031451732,0.0010392817,-0.18787493,-0.0049917,0.000162903,-0.229501,0.041676221091814854,22.179513246047065,22.166201676812697
PART-SUPPORTBEAM-2,297,SupportBeam/B31,176.66667,10.0,-14.0,0.0031451732,0.0010392817,-0.18787493,0.0049917,0.000162903,-0.229501,0.041676221091814854,22.179513246047065,22.166201676812697
PART-SUPPORTBEAM-1,54,SupportBeam/B31,-176.66667,-10.0,-14.0,-0.0031451732,-0.0010392817,-0.18787493,-0.0049917,-0.000162903,-0.229501,0.041676221091814854,22.179513246047065,22.166201676812697
PART-SUPPORTBEAM-1,297,SupportBeam/B31,176.66667,-10.0,-14.0,0.0031451732,-0.0010392817,-0.18787493,0.0049917,-0.000162903,-0.229501,0.041676221091814854,22.179513246047065,22.166201676812697
PART-CABLE200-2,1,Cable/T3D2,-200.0,10.0,0.0,0.020220181,-0.00033548445,-0.13811508,0.0125644,-0.000224072,-0.179027,0.04162221274200082,29.81795239997304,28.56964621718699
PART-CABLE200-4,1,Cable/T3D2,200.0,10.0,0.0,-0.020220181,-0.00033548445,-0.13811508,-0.0125644,-0.000224072,-0.179027,0.04162221274200082,29.81795239997304,28.56964621718699
PART-SUPPORTBEAM-2,3,SupportBeam/B31,-200.0,10.0,0.0,0.020220181,-0.00033548445,-0.13811508,0.0125644,-0.000224072,-0.179027,0.04162221274200082,29.81795239997304,28.56964621718699
PART-SUPPORTBEAM-2,18,SupportBeam/B31,200.0,10.0,0.0,-0.020220181,-0.00033548445,-0.13811508,-0.0125644,-0.000224072,-0.179027,0.04162221274200082,29.81795239997304,28.56964621718699
PART-CABLE200-1,1,Cable/T3D2,-200.0,-10.0,0.0,0.020220181,0.00033548445,-0.13811508,0.0125644,0.000224072,-0.179027,0.04162221274200082,29.81795239997304,28.56964621718699
PART-CABLE200-3,1,Cable/T3D2,200.0,-10.0,0.0,-0.020220181,0.00033548445,-0.13811508,-0.0125644,0.000224072,-0.179027,0.04162221274200082,29.81795239997304,28.56964621718699
PART-FLOOR-1,1,Floor/S4R,200.0,-10.0,0.0,-0.020220181,0.00033548445,-0.13811508,-0.0125644,0.000224072,-0.179027,0.04162221274200082,29.81795239997304,28.56964621718699
PART-FLOOR-1,2,Floor/S4R,200.0,10.0,0.0,-0.020220181,-0.00033548445,-0.13811508,-0.0125644,-0.000224072,-0.179027,0.04162221274200082,29.81795239997304,28.56964621718699
PART-FLOOR-1,17,Floor/S4R,-200.0,10.0,0.0,0.020220181,-0.00033548445,-0.13811508,0.0125644,-0.000224072,-0.179027,0.04162221274200082,29.81795239997304,28.56964621718699
PART-FLOOR-1,18,Floor/S4R,-200.0,-10.0,0.0,0.020220181,0.00033548445,-0.13811508,0.0125644,0.000224072,-0.179027,0.04162221274200082,29.81795239997304,28.56964621718699
PART-SUPPORTBEAM-1,3,SupportBeam/B31,-200.0,-10.0,0.0,0.020220181,0.00033548445,-0.13811508,0.0125644,0.000224072,-0.179027,0.04162221274200082,29.81795239997304,28.56964621718699
PART-SUPPORTBEAM-1,18,SupportBeam/B31,200.0,-10.0,0.0,-0.020220181,0.00033548445,-0.13811508,-0.0125644,0.000224072,-0.179027,0.04162221274200082,29.81795239997304,28.56964621718699
PART-SUPPORTBEAM-2,1,SupportBeam/B31,-200.0,10.0,-30.0,-0.0076100165,0.0020949636,-0.13894057,-0.00232099,0.000870353,-0.180188,0.04160317240360682,29.89494115572474,29.490590224163586
PART-SUPPORTBEAM-2,17,SupportBeam/B31,200.0,10.0,-30.0,0.0076100165,0.0020949636,-0.13894057,0.00232099,0.000870353,-0.180188,0.04160317240360682,29.89494115572474,29.490590224163586
PART-SUPPORTBEAM-1,1,SupportBeam/B31,-200.0,-10.0,-30.0,-0.0076100165,-0.0020949636,-0.13894057,-0.00232099,-0.000870353,-0.180188,0.04160317240360682,29.89494115572474,29.490590224163586
PART-SUPPORTBEAM-1,17,SupportBeam/B31,200.0,-10.0,-30.0,0.0076100165,-0.0020949636,-0.13894057,0.00232099,-0.000870353,-0.180188,0.04160317240360682,29.89494115572474,29.490590224163586
PART-SUPPORTBEAM-2,74,SupportBeam/B31,-200.0,10.0,-26.25,-0.0030556691,0.0017928932,-0.13885644,0.00133658,0.000739989,-0.18007,0.041460318224591924,29.848691160064305,29.643174248021136
PART-SUPPORTBEAM-2,310,SupportBeam/B31,200.0,10.0,-26.25,0.0030556691,0.0017928932,-0.13885644,-0.00133658,0.000739989,-0.18007,0.041460318224591924,29.848691160064305,29.643174248021136
PART-SUPPORTBEAM-1,74,SupportBeam/B31,-200.0,-10.0,-26.25,-0.0030556691,-0.0017928932,-0.13885644,0.00133658,-0.000739989,-0.18007,0.041460318224591924,29.848691160064305,29.643174248021136
PART-SUPPORTBEAM-1,310,SupportBeam/B31,200.0,-10.0,-26.25,0.0030556691,-0.0017928932,-0.13885644,-0.00133658,-0.000739989,-0.18007,0.041460318224591924,29.848691160064305,29.643174248021136
PART-SUPPORTBEAM-2,120,SupportBeam/B31,-192.30769,10.0,-30.0,-0.008153561,0.0021684344,-0.15329225,-0.00202682,0.000784331,-0.194267,0.04145338146720329,27.00119386979652,26.546230267801647
PART-SUPPORTBEAM-2,288,SupportBeam/B31,192.30769,10.0,-30.0,0.008153561,0.0021684344,-0.15329225,0.00202682,0.000784331,-0.194267,0.04145338146720329,27.00119386979652,26.546230267801647
PART-SUPPORTBEAM-1,120,SupportBeam/B31,-192.30769,-10.0,-30.0,-0.008153561,-0.0021684344,-0.15329225,-0.00202682,-0.000784331,-0.194267,0.04145338146720329,27.00119386979652,26.546230267801647
PART-SUPPORTBEAM-1,288,SupportBeam/B31,192.30769,-10.0,-30.0,0.008153561,-0.0021684344,-0.15329225,0.00202682,-0.000784331,-0.194267,0.04145338146720329,27.00119386979652,26.546230267801647
PART-PIER-2,24,Pier/C3D8R,-6.66667,-10.0,150.0,-0.0013506705,0.2281314,-0.04573216,-0.000881119,0.25205,-0.0795461,0.041421038650603044,17.802177548745014,13.594904904283508
PART-PIER-2,186,Pier/C3D8R,6.66667,-10.0,150.0,0.0013506705,0.2281314,-0.04573216,0.000881119,0.25205,-0.0795461,0.041421038650603044,17.802177548745014,13.594904904283508
PART-PIER-1,20,Pier/C3D8R,-6.66667,10.0,150.0,-0.0013506705,-0.2281314,-0.04573216,-0.000881119,-0.25205,-0.0795461,0.041421038650603044,17.802177548745014,13.594904904283508
PART-PIER-1,190,Pier/C3D8R,6.66667,10.0,150.0,0.0013506705,-0.2281314,-0.04573216,0.000881119,-0.25205,-0.0795461,0.041421038650603044,17.802177548745014,13.594904904283508
PART-SUPPORTBEAM-2,68,SupportBeam/B31,-200.0,10.0,-3.75,0.016817328,-3.065612e-05,-0.13823731,0.0108026,-8.22882e-05,-0.1792,0.04140195153397686,29.730710367315332,28.917002578400776
PART-SUPPORTBEAM-2,304,SupportBeam/B31,200.0,10.0,-3.75,-0.016817328,-3.065612e-05,-0.13823731,-0.0108026,-8.22882e-05,-0.1792,0.04140195153397686,29.730710367315332,28.917002578400776
PART-SUPPORTBEAM-1,68,SupportBeam/B31,-200.0,-10.0,-3.75,0.016817328,3.065612e-05,-0.13823731,0.0108026,8.22882e-05,-0.1792,0.04140195153397686,29.730710367315332,28.917002578400776
PART-SUPPORTBEAM-1,304,SupportBeam/B31,200.0,-10.0,-3.75,-0.016817328,3.065612e-05,-0.13823731,-0.0108026,8.22882e-05,-0.1792,0.04140195153397686,29.730710367315332,28.917002578400776
PART-FLOOR-1,27,Floor/S4R,190.0,10.0,0.0,-0.015523277,0.0011839775,-0.20851658,-0.0101331,-0.000164866,-0.249526,0.04138412637250206,19.791835645755377,19.43345371997833
PART-FLOOR-1,45,Floor/S4R,190.0,-10.0,0.0,-0.015523277,-0.0011839775,-0.20851658,-0.0101331,0.000164866,-0.249526,0.04138412637250206,19.791835645755377,19.43345371997833
PART-FLOOR-1,180,Floor/S4R,-190.0,10.0,0.0,0.015523277,0.0011839775,-0.20851658,0.0101331,-0.000164866,-0.249526,0.04138412637250206,19.791835645755377,19.43345371997833
PART-FLOOR-1,186,Floor/S4R,-190.0,-10.0,0.0,0.015523277,-0.0011839775,-0.20851658,0.0101331,0.000164866,-0.249526,0.04138412637250206,19.791835645755377,19.43345371997833
PART-FLOOR-1,246,Floor/S4R,180.0,0.0,0.0,-0.0133201005,3.864512e-15,-0.32225585,-0.00977055,-8.43853e-14,-0.363477,0.041373693527101844,12.827818456403284,12.735915438525138
PART-FLOOR-1,441,Floor/S4R,-180.0,0.0,0.0,0.0133201005,1.8774875e-15,-0.32225585,0.00977055,-6.45139e-14,-0.363477,0.041373693527101844,12.827818456403284,12.735915438525138
PART-SUPPORTBEAM-2,57,SupportBeam/B31,-186.66667,10.0,-8.0,0.0073854662,0.0004552277,-0.16572285,0.00316214,-9.90239e-06,-0.20687,0.041365937476560706,24.93606975130748,24.719217826194733
PART-SUPPORTBEAM-2,300,SupportBeam/B31,186.66667,10.0,-8.0,-0.0073854662,0.0004552277,-0.16572285,-0.00316214,-9.90239e-06,-0.20687,0.041365937476560706,24.93606975130748,24.719217826194733
PART-SUPPORTBEAM-1,57,SupportBeam/B31,-186.66667,-10.0,-8.0,0.0073854662,-0.0004552277,-0.16572285,0.00316214,9.90239e-06,-0.20687,0.041365937476560706,24.93606975130748,24.719217826194733
PART-SUPPORTBEAM-1,300,SupportBeam/B31,186.66667,-10.0,-8.0,-0.0073854662,-0.0004552277,-0.16572285,-0.00316214,9.90239e-06,-0.20687,0.041365937476560706,24.93606975130748,24.719217826194733
PART-FLOOR-1,461,Floor/S4R,-220.0,-5.0,0.0,0.0037579704,-0.00044426988,-0.5070701,0.00676845,0.000272411,-0.548279,0.041324932645024036,8.149520538504271,8.132105580109886
PART-FLOOR-1,463,Floor/S4R,-220.0,5.0,0.0,0.0037579704,0.00044426988,-0.5070701,0.00676845,-0.000272411,-0.548279,0.041324932645024036,8.149520538504271,8.132105580109886
PART-FLOOR-1,488,Floor/S4R,220.0,5.0,0.0,-0.0037579704,0.00044426988,-0.5070701,-0.00676845,-0.000272411,-0.548279,0.041324932645024036,8.149520538504271,8.132105580109886
PART-FLOOR-1,490,Floor/S4R,220.0,-5.0,0.0,-0.0037579704,-0.00044426988,-0.5070701,-0.00676845,0.000272411,-0.548279,0.041324932645024036,8.149520538504271,8.132105580109886
PART-SUPPORTBEAM-2,73,SupportBeam/B31,-200.0,10.0,-22.5,0.0009057573,0.001490123,-0.13876686,0.00399561,0.000607369,-0.179945,0.04130333713142091,29.762204243091738,29.696794920533293
PART-SUPPORTBEAM-2,309,SupportBeam/B31,200.0,10.0,-22.5,-0.0009057573,0.001490123,-0.13876686,-0.00399561,0.000607369,-0.179945,0.04130333713142091,29.762204243091738,29.696794920533293
PART-SUPPORTBEAM-1,73,SupportBeam/B31,-200.0,-10.0,-22.5,0.0009057573,-0.001490123,-0.13876686,0.00399561,-0.000607369,-0.179945,0.04130333713142091,29.762204243091738,29.696794920533293
PART-SUPPORTBEAM-1,309,SupportBeam/B31,200.0,-10.0,-22.5,-0.0009057573,-0.001490123,-0.13876686,-0.00399561,-0.000607369,-0.179945,0.04130333713142091,29.762204243091738,29.696794920533293
PART-FLOOR-1,452,Floor/S4R,-205.0,-5.0,0.0,0.016247937,-9.416555e-05,-0.25056362,0.00943129,-0.000209712,-0.291291,0.04129406142496908,16.44592767534106,16.071466881728536
PART-FLOOR-1,454,Floor/S4R,-205.0,5.0,0.0,0.016247937,9.416555e-05,-0.25056362,0.00943129,0.000209712,-0.291291,0.04129406142496908,16.44592767534106,16.071466881728536
PART-FLOOR-1,479,Floor/S4R,205.0,5.0,0.0,-0.016247937,9.416555e-05,-0.25056362,-0.00943129,0.000209712,-0.291291,0.04129406142496908,16.44592767534106,16.071466881728536
PART-FLOOR-1,481,Floor/S4R,205.0,-5.0,0.0,-0.016247937,-9.416555e-05,-0.25056362,-0.00943129,-0.000209712,-0.291291,0.04129406142496908,16.44592767534106,16.071466881728536
PART-SUPPORTBEAM-2,121,SupportBeam/B31,-196.15384,10.0,-30.0,-0.0078817895,0.002132036,-0.14536081,-0.0021739,0.000826041,-0.1862,0.04125681841029838,28.337683114031343,27.90341857585777
PART-SUPPORTBEAM-2,289,SupportBeam/B31,196.15384,10.0,-30.0,0.0078817895,0.002132036,-0.14536081,0.0021739,0.000826041,-0.1862,0.04125681841029838,28.337683114031343,27.90341857585777
PART-SUPPORTBEAM-1,121,SupportBeam/B31,-196.15384,-10.0,-30.0,-0.0078817895,-0.002132036,-0.14536081,-0.0021739,-0.000826041,-0.1862,0.04125681841029838,28.337683114031343,27.90341857585777
PART-SUPPORTBEAM-1,289,SupportBeam/B31,196.15384,-10.0,-30.0,0.0078817895,-0.002132036,-0.14536081,0.0021739,-0.000826041,-0.1862,0.04125681841029838,28.337683114031343,27.90341857585777
PART-SUPPORTBEAM-2,69,SupportBeam/B31,-200.0,10.0,-7.5,0.013678399,0.0002740839,-0.13835412,0.00949778,5.84891e-05,-0.179364,0.04122298283670588,29.650656481979226,29.192774804500033
PART-SUPPORTBEAM-2,305,SupportBeam/B31,200.0,10.0,-7.5,-0.013678399,0.0002740839,-0.13835412,-0.00949778,5.84891e-05,-0.179364,0.04122298283670588,29.650656481979226,29.192774804500033
PART-SUPPORTBEAM-1,69,SupportBeam/B31,-200.0,-10.0,-7.5,0.013678399,-0.0002740839,-0.13835412,0.00949778,-5.84891e-05,-0.179364,0.04122298283670588,29.650656481979226,29.192774804500033
PART-SUPPORTBEAM-1,305,SupportBeam/B31,200.0,-10.0,-7.5,-0.013678399,-0.0002740839,-0.13835412,-0.00949778,-5.84891e-05,-0.179364,0.04122298283670588,29.650656481979226,29.192774804500033
PART-SUPPORTBEAM-2,72,SupportBeam/B31,-200.0,10.0,-18.75,0.00441707,0.0011867551,-0.13867185,0.00589869,0.0004727,-0.179811,0.04117201398077018,29.674110573127066,29.666239221169473
PART-SUPPORTBEAM-2,308,SupportBeam/B31,200.0,10.0,-18.75,-0.00441707,0.0011867551,-0.13867185,-0.00589869,0.0004727,-0.179811,0.04117201398077018,29.674110573127066,29.666239221169473
PART-SUPPORTBEAM-1,72,SupportBeam/B31,-200.0,-10.0,-18.75,0.00441707,-0.0011867551,-0.13867185,0.00589869,-0.0004727,-0.179811,0.04117201398077018,29.674110573127066,29.666239221169473
PART-SUPPORTBEAM-1,308,SupportBeam/B31,200.0,-10.0,-18.75,-0.00441707,-0.0011867551,-0.13867185,-0.00589869,-0.0004727,-0.179811,0.04117201398077018,29.674110573127066,29.666239221169473
PART-SUPPORTBEAM-2,53,SupportBeam/B31,-173.33333,10.0,-16.0,-0.0056439163,0.0012304372,-0.1935615,-0.0063075,0.000218882,-0.234691,0.04114728858016715,21.24853219706994,21.23865991308239
PART-SUPPORTBEAM-2,296,SupportBeam/B31,173.33333,10.0,-16.0,0.0056439163,0.0012304372,-0.1935615,0.0063075,0.000218882,-0.234691,0.04114728858016715,21.24853219706994,21.23865991308239
PART-SUPPORTBEAM-1,53,SupportBeam/B31,-173.33333,-10.0,-16.0,-0.0056439163,-0.0012304372,-0.1935615,-0.0063075,-0.000218882,-0.234691,0.04114728858016715,21.24853219706994,21.23865991308239
PART-SUPPORTBEAM-1,296,SupportBeam/B31,173.33333,-10.0,-16.0,0.0056439163,-0.0012304372,-0.1935615,0.0063075,-0.000218882,-0.234691,0.04114728858016715,21.24853219706994,21.23865991308239
PART-SUPPORTBEAM-2,70,SupportBeam/B31,-200.0,10.0,-11.25,0.010660584,0.0005786337,-0.13846546,0.00840721,0.000198052,-0.179521,0.041119094123118136,29.60840094258633,29.408456626621437
PART-SUPPORTBEAM-2,306,SupportBeam/B31,200.0,10.0,-11.25,-0.010660584,0.0005786337,-0.13846546,-0.00840721,0.000198052,-0.179521,0.041119094123118136,29.60840094258633,29.408456626621437
PART-SUPPORTBEAM-1,70,SupportBeam/B31,-200.0,-10.0,-11.25,0.010660584,-0.0005786337,-0.13846546,0.00840721,-0.000198052,-0.179521,0.041119094123118136,29.60840094258633,29.408456626621437
PART-SUPPORTBEAM-1,306,SupportBeam/B31,200.0,-10.0,-11.25,-0.010660584,-0.0005786337,-0.13846546,-0.00840721,-0.000198052,-0.179521,0.041119094123118136,29.60840094258633,29.408456626621437
PART-SUPPORTBEAM-2,71,SupportBeam/B31,-200.0,10.0,-15.0,0.007621077,0.0008828914,-0.13857138,0.00728836,0.000336192,-0.17967,0.041103602600507536,29.617045933346297,29.567240249520992
PART-SUPPORTBEAM-2,307,SupportBeam/B31,200.0,10.0,-15.0,-0.007621077,0.0008828914,-0.13857138,-0.00728836,0.000336192,-0.17967,0.041103602600507536,29.617045933346297,29.567240249520992
PART-SUPPORTBEAM-1,71,SupportBeam/B31,-200.0,-10.0,-15.0,0.007621077,-0.0008828914,-0.13857138,0.00728836,-0.000336192,-0.17967,0.041103602600507536,29.617045933346297,29.567240249520992
PART-SUPPORTBEAM-1,307,SupportBeam/B31,200.0,-10.0,-15.0,-0.007621077,-0.0008828914,-0.13857138,-0.00728836,-0.000336192,-0.17967,0.041103602600507536,29.617045933346297,29.567240249520992
PART-FLOOR-1,24,Floor/S4R,200.0,0.0,0.0,-0.016753469,2.259741e-15,-0.21580528,-0.00943743,-4.89742e-14,-0.256243,0.041094204280505565,18.985137133192502,18.46212607875106
PART-FLOOR-1,183,Floor/S4R,-200.0,0.0,0.0,0.016753469,1.0506365e-15,-0.21580528,0.00943743,-3.74734e-14,-0.256243,0.041094204280505565,18.985137133192502,18.46212607875106
PART-SUPPORTBEAM-2,40,SupportBeam/B31,-226.66667,10.0,-16.0,0.032141086,0.0006918643,-0.107236505,0.0409647,0.000722135,-0.147306,0.04102951998124398,36.649286051452826,36.574569751653954
PART-SUPPORTBEAM-2,337,SupportBeam/B31,226.66667,10.0,-16.0,-0.032141086,0.0006918643,-0.107236505,-0.0409647,0.000722135,-0.147306,0.04102951998124398,36.649286051452826,36.574569751653954
PART-SUPPORTBEAM-1,40,SupportBeam/B31,-226.66667,-10.0,-16.0,0.032141086,-0.0006918643,-0.107236505,0.0409647,-0.000722135,-0.147306,0.04102951998124398,36.649286051452826,36.574569751653954
PART-SUPPORTBEAM-1,337,SupportBeam/B31,226.66667,-10.0,-16.0,-0.032141086,-0.0006918643,-0.107236505,-0.0409647,-0.000722135,-0.147306,0.04102951998124398,36.649286051452826,36.574569751653954
PART-SUPPORTBEAM-2,114,SupportBeam/B31,-169.23077,10.0,-30.0,-0.009784193,0.0023647957,-0.19788097,-0.00114429,0.000591623,-0.237896,0.0409755377167199,20.680425229972297,20.068285644214377
PART-SUPPORTBEAM-2,282,SupportBeam/B31,169.23077,10.0,-30.0,0.009784193,0.0023647957,-0.19788097,0.00114429,0.000591623,-0.237896,0.0409755377167199,20.680425229972297,20.068285644214377
PART-SUPPORTBEAM-1,114,SupportBeam/B31,-169.23077,-10.0,-30.0,-0.009784193,-0.0023647957,-0.19788097,-0.00114429,-0.000591623,-0.237896,0.0409755377167199,20.680425229972297,20.068285644214377
PART-SUPPORTBEAM-1,282,SupportBeam/B31,169.23077,-10.0,-30.0,0.009784193,-0.0023647957,-0.19788097,0.00114429,-0.000591623,-0.237896,0.0409755377167199,20.680425229972297,20.068285644214377
PART-FLOOR-1,248,Floor/S4R,175.0,-5.0,0.0,-0.012418583,-0.0005585944,-0.3475478,-0.00956602,-5.96622e-05,-0.388401,0.04095570777375437,11.776663335524615,11.717150591177832
PART-FLOOR-1,250,Floor/S4R,175.0,5.0,0.0,-0.012418583,0.0005585944,-0.3475478,-0.00956602,5.96622e-05,-0.388401,0.04095570777375437,11.776663335524615,11.717150591177832
PART-FLOOR-1,437,Floor/S4R,-175.0,-5.0,0.0,0.012418583,-0.0005585944,-0.3475478,0.00956602,-5.96622e-05,-0.388401,0.04095570777375437,11.776663335524615,11.717150591177832
PART-FLOOR-1,439,Floor/S4R,-175.0,5.0,0.0,0.012418583,0.0005585944,-0.3475478,0.00956602,5.96622e-05,-0.388401,0.04095570777375437,11.776663335524615,11.717150591177832
PART-SUPPORTBEAM-2,58,SupportBeam/B31,-190.0,10.0,-6.0,0.011329344,0.00025815057,-0.15760435,0.00650554,-6.66628e-05,-0.198267,0.0409490621843559,25.91528444909975,25.544051820432546
PART-SUPPORTBEAM-2,301,SupportBeam/B31,190.0,10.0,-6.0,-0.011329344,0.00025815057,-0.15760435,-0.00650554,-6.66628e-05,-0.198267,0.0409490621843559,25.91528444909975,25.544051820432546
PART-SUPPORTBEAM-1,58,SupportBeam/B31,-190.0,-10.0,-6.0,0.011329344,-0.00025815057,-0.15760435,0.00650554,6.66628e-05,-0.198267,0.0409490621843559,25.91528444909975,25.544051820432546
PART-SUPPORTBEAM-1,301,SupportBeam/B31,190.0,-10.0,-6.0,-0.011329344,-0.00025815057,-0.15760435,-0.00650554,6.66628e-05,-0.198267,0.0409490621843559,25.91528444909975,25.544051820432546
PART-FLOOR-1,456,Floor/S4R,-210.0,0.0,0.0,0.013964759,6.707024e-16,-0.34632266,0.00850494,-2.65901e-14,-0.386834,0.04087760134974117,11.793744456108232,11.633846259959716
PART-FLOOR-1,483,Floor/S4R,210.0,0.0,0.0,-0.013964759,1.4249871e-15,-0.34632266,-0.00850494,-3.33006e-14,-0.386834,0.04087760134974117,11.793744456108232,11.633846259959716
PART-SUPPORTBEAM-2,60,SupportBeam/B31,-196.66667,10.0,-2.0,0.018146923,-0.0001375466,-0.14313342,0.0117629,-0.000174486,-0.183419,0.04078829574915089,28.27037994023457,27.388979805535442
PART-SUPPORTBEAM-2,303,SupportBeam/B31,196.66667,10.0,-2.0,-0.018146923,-0.0001375466,-0.14313342,-0.0117629,-0.000174486,-0.183419,0.04078829574915089,28.27037994023457,27.388979805535442
PART-SUPPORTBEAM-1,60,SupportBeam/B31,-196.66667,-10.0,-2.0,0.018146923,0.0001375466,-0.14313342,0.0117629,0.000174486,-0.183419,0.04078829574915089,28.27037994023457,27.388979805535442
PART-SUPPORTBEAM-1,303,SupportBeam/B31,196.66667,-10.0,-2.0,-0.018146923,0.0001375466,-0.14313342,-0.0117629,0.000174486,-0.183419,0.04078829574915089,28.27037994023457,27.388979805535442
PART-SUPPORTBEAM-2,59,SupportBeam/B31,-193.33333,10.0,-4.0,0.015039096,6.0445527e-05,-0.14987023,0.00954247,-0.000121771,-0.190167,0.040670330373375245,27.00142215217442,26.412571711679885
PART-SUPPORTBEAM-2,302,SupportBeam/B31,193.33333,10.0,-4.0,-0.015039096,6.0445527e-05,-0.14987023,-0.00954247,-0.000121771,-0.190167,0.040670330373375245,27.00142215217442,26.412571711679885
PART-SUPPORTBEAM-1,59,SupportBeam/B31,-193.33333,-10.0,-4.0,0.015039096,-6.0445527e-05,-0.14987023,0.00954247,0.000121771,-0.190167,0.040670330373375245,27.00142215217442,26.412571711679885
PART-SUPPORTBEAM-1,302,SupportBeam/B31,193.33333,-10.0,-4.0,-0.015039096,-6.0445527e-05,-0.14987023,-0.00954247,0.000121771,-0.190167,0.040670330373375245,27.00142215217442,26.412571711679885
PART-FLOOR-1,31,Floor/S4R,170.0,10.0,0.0,-0.011836611,0.0009123671,-0.35220483,-0.00936986,0.000117816,-0.39274,0.040617929278526844,11.525927918722289,11.477401773461441
PART-FLOOR-1,41,Floor/S4R,170.0,-10.0,0.0,-0.011836611,-0.0009123671,-0.35220483,-0.00936986,-0.000117816,-0.39274,0.040617929278526844,11.525927918722289,11.477401773461441
PART-FLOOR-1,176,Floor/S4R,-170.0,10.0,0.0,0.011836611,0.0009123671,-0.35220483,0.00936986,0.000117816,-0.39274,0.040617929278526844,11.525927918722289,11.477401773461441
PART-FLOOR-1,190,Floor/S4R,-170.0,-10.0,0.0,0.011836611,-0.0009123671,-0.35220483,0.00936986,-0.000117816,-0.39274,0.040617929278526844,11.525927918722289,11.477401773461441
PART-FLOOR-1,195,Floor/S4R,-210.0,10.0,0.0,0.013682744,-0.0018870167,-0.3261798,0.00863889,-0.000283398,-0.366165,0.040333959328936526,12.354488418463829,12.18936920393659
PART-FLOOR-1,213,Floor/S4R,-210.0,-10.0,0.0,0.013682744,0.0018870167,-0.3261798,0.00863889,0.000283398,-0.366165,0.040333959328936526,12.354488418463829,12.18936920393659
PART-FLOOR-1,216,Floor/S4R,210.0,-10.0,0.0,-0.013682744,0.0018870167,-0.3261798,-0.00863889,0.000283398,-0.366165,0.040333959328936526,12.354488418463829,12.18936920393659
PART-FLOOR-1,234,Floor/S4R,210.0,10.0,0.0,-0.013682744,-0.0018870167,-0.3261798,-0.00863889,-0.000283398,-0.366165,0.040333959328936526,12.354488418463829,12.18936920393659
PART-SUPPORTBEAM-2,52,SupportBeam/B31,-170.0,10.0,-18.0,-0.007510066,0.0014192596,-0.19818786,-0.00676474,0.000272817,-0.238442,0.0402773587592455,20.307722995188023,20.270189941356424
PART-SUPPORTBEAM-2,295,SupportBeam/B31,170.0,10.0,-18.0,0.007510066,0.0014192596,-0.19818786,0.00676474,0.000272817,-0.238442,0.0402773587592455,20.307722995188023,20.270189941356424
PART-SUPPORTBEAM-1,52,SupportBeam/B31,-170.0,-10.0,-18.0,-0.007510066,-0.0014192596,-0.19818786,-0.00676474,-0.000272817,-0.238442,0.0402773587592455,20.307722995188023,20.270189941356424
PART-SUPPORTBEAM-1,295,SupportBeam/B31,170.0,-10.0,-18.0,0.007510066,-0.0014192596,-0.19818786,0.00676474,-0.000272817,-0.238442,0.0402773587592455,20.307722995188023,20.270189941356424
PART-FLOOR-1,252,Floor/S4R,170.0,0.0,0.0,-0.01177035,4.516595e-15,-0.3492412,-0.00938231,-1.02952e-13,-0.389183,0.040013124375404656,11.450659001696662,11.40586227751511
PART-FLOOR-1,435,Floor/S4R,-170.0,0.0,0.0,0.01177035,2.2828262e-15,-0.3492412,0.00938231,-8.05206e-14,-0.389183,0.040013124375404656,11.450659001696662,11.40586227751511
PART-SUPPORTBEAM-2,26,SupportBeam/B31,-223.07692,10.0,-30.0,-0.005941784,0.0018666345,-0.11026239,-0.00313947,0.00119681,-0.150075,0.039916732627151424,36.143972530995356,35.92459911295067
PART-SUPPORTBEAM-2,316,SupportBeam/B31,223.07692,10.0,-30.0,0.005941784,0.0018666345,-0.11026239,0.00313947,0.00119681,-0.150075,0.039916732627151424,36.143972530995356,35.92459911295067
PART-SUPPORTBEAM-1,26,SupportBeam/B31,-223.07692,-10.0,-30.0,-0.005941784,-0.0018666345,-0.11026239,-0.00313947,-0.00119681,-0.150075,0.039916732627151424,36.143972530995356,35.92459911295067
PART-SUPPORTBEAM-1,316,SupportBeam/B31,223.07692,-10.0,-30.0,0.005941784,-0.0018666345,-0.11026239,0.00313947,-0.00119681,-0.150075,0.039916732627151424,36.143972530995356,35.92459911295067
PART-FLOOR-1,272,Floor/S4R,130.0,-5.0,0.0,-0.00827525,3.8672883e-05,-0.45530856,-0.00730525,-9.8483e-05,-0.495075,0.03977850502482267,8.735161151505205,8.727836007415679
PART-FLOOR-1,274,Floor/S4R,130.0,5.0,0.0,-0.00827525,-3.8672883e-05,-0.45530856,-0.00730525,9.8483e-05,-0.495075,0.03977850502482267,8.735161151505205,8.727836007415679
PART-FLOOR-1,413,Floor/S4R,-130.0,-5.0,0.0,0.00827525,3.8672883e-05,-0.45530856,0.00730525,-9.8483e-05,-0.495075,0.03977850502482267,8.735161151505205,8.727836007415679
PART-FLOOR-1,415,Floor/S4R,-130.0,5.0,0.0,0.00827525,-3.8672883e-05,-0.45530856,0.00730525,9.8483e-05,-0.495075,0.03977850502482267,8.735161151505205,8.727836007415679
PART-PIER-2,349,Pier/C3D8R,-3.41667,-10.0,145.0,-0.00035093862,0.21737517,-0.03268443,0.000575266,0.240544,-0.0649338,0.03971994969739903,18.069394958682818,13.345501223753947
PART-PIER-2,665,Pier/C3D8R,3.41667,-10.0,145.0,0.00035093862,0.21737517,-0.03268443,-0.000575266,0.240544,-0.0649338,0.03971994969739903,18.069394958682818,13.345501223753947
PART-PIER-1,427,Pier/C3D8R,-3.41667,10.0,145.0,-0.00035093862,-0.21737517,-0.03268443,0.000575266,-0.240544,-0.0649338,0.03971994969739903,18.069394958682818,13.345501223753947
PART-PIER-1,587,Pier/C3D8R,3.41667,10.0,145.0,0.00035093862,-0.21737517,-0.03268443,-0.000575266,-0.240544,-0.0649338,0.03971994969739903,18.069394958682818,13.345501223753947
PART-SUPPORTBEAM-2,113,SupportBeam/B31,-165.38461,10.0,-30.0,-0.010055966,0.0023925377,-0.20198005,-0.000997202,0.000569583,-0.2406,0.03971001016177721,19.63466728254561,18.96634480427815
PART-SUPPORTBEAM-2,281,SupportBeam/B31,165.38461,10.0,-30.0,0.010055966,0.0023925377,-0.20198005,0.000997202,0.000569583,-0.2406,0.03971001016177721,19.63466728254561,18.96634480427815
PART-SUPPORTBEAM-1,113,SupportBeam/B31,-165.38461,-10.0,-30.0,-0.010055966,-0.0023925377,-0.20198005,-0.000997202,-0.000569583,-0.2406,0.03971001016177721,19.63466728254561,18.96634480427815
PART-SUPPORTBEAM-1,281,SupportBeam/B31,165.38461,-10.0,-30.0,0.010055966,-0.0023925377,-0.20198005,0.000997202,-0.000569583,-0.2406,0.03971001016177721,19.63466728254561,18.96634480427815
PART-FLOOR-1,458,Floor/S4R,-215.0,-5.0,0.0,0.011650243,0.0009830744,-0.43431193,0.00770495,0.000213483,-0.473583,0.03947625294685021,9.08608631582993,9.017082158430814
PART-FLOOR-1,460,Floor/S4R,-215.0,5.0,0.0,0.011650243,-0.0009830744,-0.43431193,0.00770495,-0.000213483,-0.473583,0.03947625294685021,9.08608631582993,9.017082158430814
PART-FLOOR-1,485,Floor/S4R,215.0,5.0,0.0,-0.011650243,-0.0009830744,-0.43431193,-0.00770495,-0.000213483,-0.473583,0.03947625294685021,9.08608631582993,9.017082158430814
PART-FLOOR-1,487,Floor/S4R,215.0,-5.0,0.0,-0.011650243,0.0009830744,-0.43431193,-0.00770495,0.000213483,-0.473583,0.03947625294685021,9.08608631582993,9.017082158430814
PART-SUPPORTBEAM-2,51,SupportBeam/B31,-166.66667,10.0,-20.0,-0.008764752,0.0016054079,-0.20178926,-0.00640747,0.000323971,-0.240827,0.039129835206192815,19.372557822641916,19.27191060526119
PART-SUPPORTBEAM-2,294,SupportBeam/B31,166.66667,10.0,-20.0,0.008764752,0.0016054079,-0.20178926,0.00640747,0.000323971,-0.240827,0.039129835206192815,19.372557822641916,19.27191060526119
PART-SUPPORTBEAM-1,51,SupportBeam/B31,-166.66667,-10.0,-20.0,-0.008764752,-0.0016054079,-0.20178926,-0.00640747,-0.000323971,-0.240827,0.039129835206192815,19.372557822641916,19.27191060526119
PART-SUPPORTBEAM-1,294,SupportBeam/B31,166.66667,-10.0,-20.0,0.008764752,-0.0016054079,-0.20178926,0.00640747,-0.000323971,-0.240827,0.039129835206192815,19.372557822641916,19.27191060526119
PART-FLOOR-1,315,Floor/S4R,55.0,0.0,0.0,-0.00347567,7.972867e-15,-0.32380554,-0.00303796,-3.1504e-13,-0.284727,0.03908099126910294,12.068582924192844,12.06858142818761
PART-FLOOR-1,372,Floor/S4R,-55.0,0.0,0.0,0.00347567,5.5545422e-15,-0.32380554,0.00303796,-2.94269e-13,-0.284727,0.03908099126910294,12.068582924192844,12.06858142818761
PART-FLOOR-1,254,Floor/S4R,165.0,-5.0,0.0,-0.011366127,-0.00035063442,-0.3292263,-0.00919036,-6.61011e-05,-0.368121,0.03895654770816422,11.825704823020287,11.782153749459239
PART-FLOOR-1,256,Floor/S4R,165.0,5.0,0.0,-0.011366127,0.00035063442,-0.3292263,-0.00919036,6.61011e-05,-0.368121,0.03895654770816422,11.825704823020287,11.782153749459239
PART-FLOOR-1,431,Floor/S4R,-165.0,-5.0,0.0,0.011366127,-0.00035063442,-0.3292263,0.00919036,-6.61011e-05,-0.368121,0.03895654770816422,11.825704823020287,11.782153749459239
PART-FLOOR-1,433,Floor/S4R,-165.0,5.0,0.0,0.011366127,0.00035063442,-0.3292263,0.00919036,6.61011e-05,-0.368121,0.03895654770816422,11.825704823020287,11.782153749459239
PART-PIER-2,467,Pier/C3D8R,0.0,-15.0,145.0,-3.8548232e-15,0.21874021,-0.034044404,-1.90489e-13,0.24099,-0.0658664,0.03882901729979935,17.540034295137318,12.854012512143806
PART-PIER-1,467,Pier/C3D8R,0.0,15.0,145.0,-2.4905516e-14,-0.21874021,-0.034044404,-1.31588e-13,-0.24099,-0.0658664,0.03882901729979935,17.540034295137318,12.854012512143806
PART-SUPPORTBEAM-2,193,SupportBeam/B31,-73.07692,10.0,-30.0,-0.008995045,0.0026407347,-0.25320497,0.0241811,-4.6931e-05,-0.233375,0.03874413315815545,15.291013299473782,7.401590047296619
PART-SUPPORTBEAM-2,217,SupportBeam/B31,73.07692,10.0,-30.0,0.008995045,0.0026407347,-0.25320497,-0.0241811,-4.6931e-05,-0.233375,0.03874413315815545,15.291013299473782,7.401590047296619
PART-SUPPORTBEAM-1,193,SupportBeam/B31,-73.07692,-10.0,-30.0,-0.008995045,-0.0026407347,-0.25320497,0.0241811,4.6931e-05,-0.233375,0.03874413315815545,15.291013299473782,7.401590047296619
PART-SUPPORTBEAM-1,217,SupportBeam/B31,73.07692,-10.0,-30.0,0.008995045,-0.0026407347,-0.25320497,-0.0241811,4.6931e-05,-0.233375,0.03874413315815545,15.291013299473782,7.401590047296619
PART-FLOOR-1,197,Floor/S4R,-220.0,10.0,0.0,0.009543483,-0.0022181403,-0.51777947,0.00673022,-0.00054665,-0.55617,0.03852974334473389,7.440010500177912,7.403144547005493
PART-FLOOR-1,211,Floor/S4R,-220.0,-10.0,0.0,0.009543483,0.0022181403,-0.51777947,0.00673022,0.00054665,-0.55617,0.03852974334473389,7.440010500177912,7.403144547005493
PART-FLOOR-1,218,Floor/S4R,220.0,-10.0,0.0,-0.009543483,0.0022181403,-0.51777947,-0.00673022,0.00054665,-0.55617,0.03852974334473389,7.440010500177912,7.403144547005493
PART-FLOOR-1,232,Floor/S4R,220.0,10.0,0.0,-0.009543483,-0.0022181403,-0.51777947,-0.00673022,-0.00054665,-0.55617,0.03852974334473389,7.440010500177912,7.403144547005493
PART-PIER-2,22,Pier/C3D8R,-10.0,-15.0,150.0,-0.0011506098,0.23074827,-0.02538402,-0.00463412,0.256251,-0.0537935,0.038335657482777105,16.513801711585344,12.80860458348109
PART-PIER-2,188,Pier/C3D8R,10.0,-15.0,150.0,0.0011506098,0.23074827,-0.02538402,0.00463412,0.256251,-0.0537935,0.038335657482777105,16.513801711585344,12.80860458348109
PART-PIER-1,22,Pier/C3D8R,-10.0,15.0,150.0,-0.0011506098,-0.23074827,-0.02538402,-0.00463412,-0.256251,-0.0537935,0.038335657482777105,16.513801711585344,12.80860458348109
PART-PIER-1,188,Pier/C3D8R,10.0,15.0,150.0,0.0011506098,-0.23074827,-0.02538402,0.00463412,-0.256251,-0.0537935,0.038335657482777105,16.513801711585344,12.80860458348109
PART-FLOOR-1,198,Floor/S4R,-225.0,10.0,0.0,0.0037802223,0.0009099811,-0.5573568,0.00581663,-0.000565295,-0.595497,0.03822300684053853,6.857739383570176,6.845594156905194
PART-FLOOR-1,210,Floor/S4R,-225.0,-10.0,0.0,0.0037802223,-0.0009099811,-0.5573568,0.00581663,0.000565295,-0.595497,0.03822300684053853,6.857739383570176,6.845594156905194
PART-FLOOR-1,219,Floor/S4R,225.0,-10.0,0.0,-0.0037802223,-0.0009099811,-0.5573568,-0.00581663,0.000565295,-0.595497,0.03822300684053853,6.857739383570176,6.845594156905194
PART-FLOOR-1,231,Floor/S4R,225.0,10.0,0.0,-0.0037802223,0.0009099811,-0.5573568,-0.00581663,-0.000565295,-0.595497,0.03822300684053853,6.857739383570176,6.845594156905194
PART-SUPPORTBEAM-2,112,SupportBeam/B31,-161.53847,10.0,-30.0,-0.010327737,0.0024184803,-0.20516258,-0.000850115,0.000550562,-0.242124,0.0382028926387356,18.595952803337887,17.859291755143854
PART-SUPPORTBEAM-2,280,SupportBeam/B31,161.53847,10.0,-30.0,0.010327737,0.0024184803,-0.20516258,0.000850115,0.000550562,-0.242124,0.0382028926387356,18.595952803337887,17.859291755143854
PART-SUPPORTBEAM-1,112,SupportBeam/B31,-161.53847,-10.0,-30.0,-0.010327737,-0.0024184803,-0.20516258,-0.000850115,-0.000550562,-0.242124,0.0382028926387356,18.595952803337887,17.859291755143854
PART-SUPPORTBEAM-1,280,SupportBeam/B31,161.53847,-10.0,-30.0,0.010327737,-0.0024184803,-0.20516258,0.000850115,-0.000550562,-0.242124,0.0382028926387356,18.595952803337887,17.859291755143854
PART-FLOOR-1,51,Floor/S4R,125.0,10.0,0.0,-0.008138044,-2.2662793e-05,-0.47747365,-0.00697288,0.000199236,-0.515619,0.03816378614398384,7.991696312644027,7.983194598533711
PART-FLOOR-1,63,Floor/S4R,125.0,-10.0,0.0,-0.008138044,2.2662793e-05,-0.47747365,-0.00697288,-0.000199236,-0.515619,0.03816378614398384,7.991696312644027,7.983194598533711
PART-FLOOR-1,156,Floor/S4R,-125.0,10.0,0.0,0.008138044,-2.2662793e-05,-0.47747365,0.00697288,0.000199236,-0.515619,0.03816378614398384,7.991696312644027,7.983194598533711
PART-FLOOR-1,168,Floor/S4R,-125.0,-10.0,0.0,0.008138044,2.2662793e-05,-0.47747365,0.00697288,-0.000199236,-0.515619,0.03816378614398384,7.991696312644027,7.983194598533711
PART-SUPPORTBEAM-2,41,SupportBeam/B31,-230.0,10.0,-18.0,0.03013552,0.00082095724,-0.097524256,0.0391499,0.000852286,-0.134362,0.03792465439902043,37.15282620250096,37.103840227950904
PART-SUPPORTBEAM-2,338,SupportBeam/B31,230.0,10.0,-18.0,-0.03013552,0.00082095724,-0.097524256,-0.0391499,0.000852286,-0.134362,0.03792465439902043,37.15282620250096,37.103840227950904
PART-SUPPORTBEAM-1,41,SupportBeam/B31,-230.0,-10.0,-18.0,0.03013552,-0.00082095724,-0.097524256,0.0391499,-0.000852286,-0.134362,0.03792465439902043,37.15282620250096,37.103840227950904
PART-SUPPORTBEAM-1,338,SupportBeam/B31,230.0,-10.0,-18.0,-0.03013552,-0.00082095724,-0.097524256,-0.0391499,-0.000852286,-0.134362,0.03792465439902043,37.15282620250096,37.103840227950904
PART-FLOOR-1,258,Floor/S4R,160.0,0.0,0.0,-0.011127579,5.0760787e-15,-0.30167073,-0.00898604,-1.21915e-13,-0.339483,0.03787286564073835,12.545839870659409,12.497195307294596
PART-FLOOR-1,429,Floor/S4R,-160.0,0.0,0.0,0.011127579,2.6886685e-15,-0.30167073,0.00898604,-9.77563e-14,-0.339483,0.03787286564073835,12.545839870659409,12.497195307294596
PART-PIER-2,20,Pier/C3D8R,-6.66667,-20.0,150.0,0.0011171544,0.23394822,-0.012922091,0.00272988,0.261922,-0.0383308,0.037825067672060744,16.14334577101095,12.982290606459406
PART-PIER-2,190,Pier/C3D8R,6.66667,-20.0,150.0,-0.0011171544,0.23394822,-0.012922091,-0.00272988,0.261922,-0.0383308,0.037825067672060744,16.14334577101095,12.982290606459406
PART-PIER-1,24,Pier/C3D8R,-6.66667,20.0,150.0,0.0011171544,-0.23394822,-0.012922091,0.00272988,-0.261922,-0.0383308,0.037825067672060744,16.14334577101095,12.982290606459406
PART-PIER-1,186,Pier/C3D8R,6.66667,20.0,150.0,-0.0011171544,-0.23394822,-0.012922091,-0.00272988,-0.261922,-0.0383308,0.037825067672060744,16.14334577101095,12.982290606459406
PART-SUPPORTBEAM-2,50,SupportBeam/B31,-163.33333,10.0,-22.0,-0.009493926,0.0017885414,-0.20450899,-0.00537207,0.000371603,-0.242073,0.037816031766887324,18.470536416956243,18.265298667241556
PART-SUPPORTBEAM-2,293,SupportBeam/B31,163.33333,10.0,-22.0,0.009493926,0.0017885414,-0.20450899,0.00537207,0.000371603,-0.242073,0.037816031766887324,18.470536416956243,18.265298667241556
PART-SUPPORTBEAM-1,50,SupportBeam/B31,-163.33333,-10.0,-22.0,-0.009493926,-0.0017885414,-0.20450899,-0.00537207,-0.000371603,-0.242073,0.037816031766887324,18.470536416956243,18.265298667241556
PART-SUPPORTBEAM-1,293,SupportBeam/B31,163.33333,-10.0,-22.0,0.009493926,-0.0017885414,-0.20450899,0.00537207,-0.000371603,-0.242073,0.037816031766887324,18.470536416956243,18.265298667241556
PART-FLOOR-1,276,Floor/S4R,125.0,0.0,0.0,-0.008157784,6.4586758e-15,-0.46901724,-0.00697414,-1.90304e-13,-0.506621,0.03762238401877711,8.020322319387606,8.011461815475506
PART-FLOOR-1,411,Floor/S4R,-125.0,0.0,0.0,0.008157784,4.0004e-15,-0.46901724,0.00697414,-1.64372e-13,-0.506621,0.03762238401877711,8.020322319387606,8.011461815475506
PART-FLOOR-1,312,Floor/S4R,60.0,0.0,0.0,-0.0060753063,7.950735e-15,-0.36020395,-0.00330404,-3.08361e-13,-0.322686,0.03762016067360714,10.4426425293698,10.423796097426003
PART-FLOOR-1,375,Floor/S4R,-60.0,0.0,0.0,0.0060753063,5.435939e-15,-0.36020395,0.00330404,-2.86327e-13,-0.322686,0.03762016067360714,10.4426425293698,10.423796097426003
PART-FLOOR-1,462,Floor/S4R,-220.0,0.0,0.0,0.009568019,3.9789254e-16,-0.50427526,0.00678199,-1.71916e-14,-0.541731,0.037559212139453055,7.446816488501651,7.416722422304827
PART-FLOOR-1,489,Floor/S4R,220.0,0.0,0.0,-0.009568019,8.0119534e-16,-0.50427526,-0.00678199,-2.04774e-14,-0.541731,0.037559212139453055,7.446816488501651,7.416722422304827
PART-FLOOR-1,33,Floor/S4R,160.0,10.0,0.0,-0.011140481,0.00049848255,-0.283016,-0.00900374,0.000148267,-0.320319,0.037365788122727256,13.192475029759859,13.137448472454835
PART-FLOOR-1,39,Floor/S4R,160.0,-10.0,0.0,-0.011140481,-0.00049848255,-0.283016,-0.00900374,-0.000148267,-0.320319,0.037365788122727256,13.192475029759859,13.137448472454835
PART-FLOOR-1,174,Floor/S4R,-160.0,10.0,0.0,0.011140481,0.00049848255,-0.283016,0.00900374,0.000148267,-0.320319,0.037365788122727256,13.192475029759859,13.137448472454835
PART-FLOOR-1,192,Floor/S4R,-160.0,-10.0,0.0,0.011140481,-0.00049848255,-0.283016,0.00900374,-0.000148267,-0.320319,0.037365788122727256,13.192475029759859,13.137448472454835
PART-FLOOR-1,465,Floor/S4R,-225.0,0.0,0.0,0.0038366083,2.9238233e-16,-0.5360862,0.00583812,-1.31594e-14,-0.573166,0.037133780000496,6.926652667307604,6.919568813182431
PART-FLOOR-1,492,Floor/S4R,225.0,0.0,0.0,-0.0038366083,5.642355e-16,-0.5360862,-0.00583812,-1.51588e-14,-0.573166,0.037133780000496,6.926652667307604,6.919568813182431
PART-FLOOR-1,76,Floor/S4R,55.0,10.0,0.0,-0.0036443365,0.00044902856,-0.27593714,-0.00307187,0.000168796,-0.23885,0.03709261653699976,13.441225368489981,13.440913993035336
PART-FLOOR-1,80,Floor/S4R,55.0,-10.0,0.0,-0.0036443365,-0.00044902856,-0.27593714,-0.00307187,-0.000168796,-0.23885,0.03709261653699976,13.441225368489981,13.440913993035336
PART-FLOOR-1,131,Floor/S4R,-55.0,10.0,0.0,0.0036443365,0.00044902856,-0.27593714,0.00307187,0.000168796,-0.23885,0.03709261653699976,13.441225368489981,13.440913993035336
PART-FLOOR-1,151,Floor/S4R,-55.0,-10.0,0.0,0.0036443365,-0.00044902856,-0.27593714,0.00307187,-0.000168796,-0.23885,0.03709261653699976,13.441225368489981,13.440913993035336
PART-PIER-2,65,Pier/C3D8R,0.0,-10.0,140.0,-2.1942638e-15,0.21287036,-0.043640763,-9.45719e-14,0.234626,-0.0734705,0.03692046967874012,16.990729054334007,13.14442460148518
PART-PIER-1,179,Pier/C3D8R,0.0,10.0,140.0,-2.443152e-14,-0.21287036,-0.043640763,-3.38597e-14,-0.234626,-0.0734705,0.03692046967874012,16.990729054334007,13.14442460148518
PART-SUPPORTBEAM-2,27,SupportBeam/B31,-226.92308,10.0,-30.0,-0.0056637446,0.0018279853,-0.10066251,-0.00327589,0.00125921,-0.137498,0.036917186762708935,36.610286892414315,36.399362348387385
PART-SUPPORTBEAM-2,317,SupportBeam/B31,226.92308,10.0,-30.0,0.0056637446,0.0018279853,-0.10066251,0.00327589,0.00125921,-0.137498,0.036917186762708935,36.610286892414315,36.399362348387385
PART-SUPPORTBEAM-1,27,SupportBeam/B31,-226.92308,-10.0,-30.0,-0.0056637446,-0.0018279853,-0.10066251,-0.00327589,-0.00125921,-0.137498,0.036917186762708935,36.610286892414315,36.399362348387385
PART-SUPPORTBEAM-1,317,SupportBeam/B31,226.92308,-10.0,-30.0,0.0056637446,-0.0018279853,-0.10066251,0.00327589,-0.00125921,-0.137498,0.036917186762708935,36.610286892414315,36.399362348387385
PART-SUPPORTBEAM-2,111,SupportBeam/B31,-157.69231,10.0,-30.0,-0.01059951,0.0024424829,-0.20775877,-0.000703027,0.000534612,-0.242966,0.036621433497519645,17.602792526061073,16.787027096993253
PART-SUPPORTBEAM-2,279,SupportBeam/B31,157.69231,10.0,-30.0,0.01059951,0.0024424829,-0.20775877,0.000703027,0.000534612,-0.242966,0.036621433497519645,17.602792526061073,16.787027096993253
PART-SUPPORTBEAM-1,111,SupportBeam/B31,-157.69231,-10.0,-30.0,-0.01059951,-0.0024424829,-0.20775877,-0.000703027,-0.000534612,-0.242966,0.036621433497519645,17.602792526061073,16.787027096993253
PART-SUPPORTBEAM-1,279,SupportBeam/B31,157.69231,-10.0,-30.0,0.01059951,-0.0024424829,-0.20775877,0.000703027,-0.000534612,-0.242966,0.036621433497519645,17.602792526061073,16.787027096993253
PART-SUPPORTBEAM-2,49,SupportBeam/B31,-160.0,10.0,-24.0,-0.009848339,0.0019683188,-0.20659824,-0.00388725,0.000414974,-0.242562,0.03648752520343369,17.640271047924,17.284334561704014
PART-SUPPORTBEAM-2,292,SupportBeam/B31,160.0,10.0,-24.0,0.009848339,0.0019683188,-0.20659824,0.00388725,0.000414974,-0.242562,0.03648752520343369,17.640271047924,17.284334561704014
PART-SUPPORTBEAM-1,49,SupportBeam/B31,-160.0,-10.0,-24.0,-0.009848339,-0.0019683188,-0.20659824,-0.00388725,-0.000414974,-0.242562,0.03648752520343369,17.640271047924,17.284334561704014
PART-SUPPORTBEAM-1,292,SupportBeam/B31,160.0,-10.0,-24.0,0.009848339,-0.0019683188,-0.20659824,0.00388725,-0.000414974,-0.242562,0.03648752520343369,17.640271047924,17.284334561704014
PART-FLOOR-1,75,Floor/S4R,60.0,10.0,0.0,-0.0060286354,-2.8867395e-05,-0.3402683,-0.00330848,0.000159992,-0.304013,0.03635769095200123,10.683330117900711,10.663633314277686
PART-FLOOR-1,81,Floor/S4R,60.0,-10.0,0.0,-0.0060286354,2.8867395e-05,-0.3402683,-0.00330848,-0.000159992,-0.304013,0.03635769095200123,10.683330117900711,10.663633314277686
PART-FLOOR-1,132,Floor/S4R,-60.0,10.0,0.0,0.0060286354,-2.8867395e-05,-0.3402683,0.00330848,0.000159992,-0.304013,0.03635769095200123,10.683330117900711,10.663633314277686
PART-FLOOR-1,150,Floor/S4R,-60.0,-10.0,0.0,0.0060286354,2.8867395e-05,-0.3402683,0.00330848,-0.000159992,-0.304013,0.03635769095200123,10.683330117900711,10.663633314277686
PART-FLOOR-1,260,Floor/S4R,155.0,-5.0,0.0,-0.011037846,-0.00033854786,-0.26676255,-0.00879813,-0.00011903,-0.30282,0.03612761016665805,13.531395050179448,13.467412729888476
PART-FLOOR-1,262,Floor/S4R,155.0,5.0,0.0,-0.011037846,0.00033854786,-0.26676255,-0.00879813,0.00011903,-0.30282,0.03612761016665805,13.531395050179448,13.467412729888476
PART-FLOOR-1,425,Floor/S4R,-155.0,-5.0,0.0,0.011037846,-0.00033854786,-0.26676255,0.00879813,-0.00011903,-0.30282,0.03612761016665805,13.531395050179448,13.467412729888476
PART-FLOOR-1,427,Floor/S4R,-155.0,5.0,0.0,0.011037846,0.00033854786,-0.26676255,0.00879813,0.00011903,-0.30282,0.03612761016665805,13.531395050179448,13.467412729888476
PART-SUPPORTBEAM-2,129,SupportBeam/B31,-130.76923,10.0,-30.0,-0.010597526,0.0025534062,-0.23615238,0.00574457,0.000438035,-0.267954,0.03581734121359942,15.15091366924531,13.372072331680327
PART-SUPPORTBEAM-2,252,SupportBeam/B31,130.76923,10.0,-30.0,0.010597526,0.0025534062,-0.23615238,-0.00574457,0.000438035,-0.267954,0.03581734121359942,15.15091366924531,13.372072331680327
PART-SUPPORTBEAM-1,129,SupportBeam/B31,-130.76923,-10.0,-30.0,-0.010597526,-0.0025534062,-0.23615238,0.00574457,-0.000438035,-0.267954,0.03581734121359942,15.15091366924531,13.372072331680327
PART-SUPPORTBEAM-1,252,SupportBeam/B31,130.76923,-10.0,-30.0,0.010597526,-0.0025534062,-0.23615238,-0.00574457,-0.000438035,-0.267954,0.03581734121359942,15.15091366924531,13.372072331680327
PART-SUPPORTBEAM-2,128,SupportBeam/B31,-126.92308,10.0,-30.0,-0.010488422,0.0025626945,-0.23868121,0.00697526,0.000416085,-0.269844,0.03578697531123177,14.978311943072246,12.978604190307582
PART-SUPPORTBEAM-2,251,SupportBeam/B31,126.92308,10.0,-30.0,0.010488422,0.0025626945,-0.23868121,-0.00697526,0.000416085,-0.269844,0.03578697531123177,14.978311943072246,12.978604190307582
PART-SUPPORTBEAM-1,128,SupportBeam/B31,-126.92308,-10.0,-30.0,-0.010488422,-0.0025626945,-0.23868121,0.00697526,-0.000416085,-0.269844,0.03578697531123177,14.978311943072246,12.978604190307582
PART-SUPPORTBEAM-1,251,SupportBeam/B31,126.92308,-10.0,-30.0,0.010488422,-0.0025626945,-0.23868121,-0.00697526,-0.000416085,-0.269844,0.03578697531123177,14.978311943072246,12.978604190307582
PART-PIER-2,350,Pier/C3D8R,-6.83333,-10.0,145.0,0.0010168793,0.22105315,-0.028969446,0.00134764,0.244561,-0.0557639,0.03564647499292574,15.98886398735301,12.512452482171208
PART-PIER-2,666,Pier/C3D8R,6.83333,-10.0,145.0,-0.0010168793,0.22105315,-0.028969446,-0.00134764,0.244561,-0.0557639,0.03564647499292574,15.98886398735301,12.512452482171208
PART-PIER-1,428,Pier/C3D8R,-6.83333,10.0,145.0,0.0010168793,-0.22105315,-0.028969446,0.00134764,-0.244561,-0.0557639,0.03564647499292574,15.98886398735301,12.512452482171208
PART-PIER-1,588,Pier/C3D8R,6.83333,10.0,145.0,-0.0010168793,-0.22105315,-0.028969446,-0.00134764,-0.244561,-0.0557639,0.03564647499292574,15.98886398735301,12.512452482171208
PART-PIER-2,7,Pier/C3D8R,-10.0,-10.0,150.0,0.004063223,0.23465252,-0.015989803,0.00842528,0.2622,-0.0380528,0.03556215730581677,15.117922340033136,12.689205280762685
PART-PIER-2,11,Pier/C3D8R,10.0,-10.0,150.0,-0.004063223,0.23465252,-0.015989803,-0.00842528,0.2622,-0.0380528,0.03556215730581677,15.117922340033136,12.689205280762685
PART-PIER-1,6,Pier/C3D8R,-10.0,10.0,150.0,0.004063223,-0.23465252,-0.015989803,0.00842528,-0.2622,-0.0380528,0.03556215730581677,15.117922340033136,12.689205280762685
PART-PIER-1,12,Pier/C3D8R,10.0,10.0,150.0,-0.004063223,-0.23465252,-0.015989803,-0.00842528,-0.2622,-0.0380528,0.03556215730581677,15.117922340033136,12.689205280762685
PART-FLOOR-1,278,Floor/S4R,120.0,-5.0,0.0,-0.007980545,-1.75161e-05,-0.45573455,-0.0066422,-9.91459e-05,-0.491234,0.03552476292765051,7.793860996889193,7.782832351002551
PART-FLOOR-1,280,Floor/S4R,120.0,5.0,0.0,-0.007980545,1.75161e-05,-0.45573455,-0.0066422,9.91459e-05,-0.491234,0.03552476292765051,7.793860996889193,7.782832351002551
PART-FLOOR-1,407,Floor/S4R,-120.0,-5.0,0.0,0.007980545,-1.75161e-05,-0.45573455,0.0066422,-9.91459e-05,-0.491234,0.03552476292765051,7.793860996889193,7.782832351002551
PART-FLOOR-1,409,Floor/S4R,-120.0,5.0,0.0,0.007980545,1.75161e-05,-0.45573455,0.0066422,9.91459e-05,-0.491234,0.03552476292765051,7.793860996889193,7.782832351002551
PART-SUPPORTBEAM-2,130,SupportBeam/B31,-134.61539,10.0,-30.0,-0.010706632,0.0025428033,-0.23249961,0.00451389,0.000457825,-0.264484,0.03548256794731823,15.2442793828616,13.646260954617517
PART-SUPPORTBEAM-2,253,SupportBeam/B31,134.61539,10.0,-30.0,0.010706632,0.0025428033,-0.23249961,-0.00451389,0.000457825,-0.264484,0.03548256794731823,15.2442793828616,13.646260954617517
PART-SUPPORTBEAM-1,130,SupportBeam/B31,-134.61539,-10.0,-30.0,-0.010706632,-0.0025428033,-0.23249961,0.00451389,-0.000457825,-0.264484,0.03548256794731823,15.2442793828616,13.646260954617517
PART-SUPPORTBEAM-1,253,SupportBeam/B31,134.61539,-10.0,-30.0,0.010706632,-0.0025428033,-0.23249961,-0.00451389,-0.000457825,-0.264484,0.03548256794731823,15.2442793828616,13.646260954617517
PART-SUPPORTBEAM-2,127,SupportBeam/B31,-123.07692,10.0,-30.0,-0.010379316,0.002570825,-0.24000414,0.00820594,0.000392139,-0.269964,0.035323527916839376,14.703297037698212,12.423605698908805
PART-SUPPORTBEAM-2,250,SupportBeam/B31,123.07692,10.0,-30.0,0.010379316,0.002570825,-0.24000414,-0.00820594,0.000392139,-0.269964,0.035323527916839376,14.703297037698212,12.423605698908805
PART-SUPPORTBEAM-1,127,SupportBeam/B31,-123.07692,-10.0,-30.0,-0.010379316,-0.002570825,-0.24000414,0.00820594,-0.000392139,-0.269964,0.035323527916839376,14.703297037698212,12.423605698908805
PART-SUPPORTBEAM-1,250,SupportBeam/B31,123.07692,-10.0,-30.0,0.010379316,-0.002570825,-0.24000414,-0.00820594,-0.000392139,-0.269964,0.035323527916839376,14.703297037698212,12.423605698908805
PART-SUPPORTBEAM-2,48,SupportBeam/B31,-156.66667,10.0,-26.0,-0.010043587,0.002144399,-0.20841637,-0.00227411,0.000453345,-0.242829,0.035319308317142126,16.925976649621116,16.375591032014334
PART-SUPPORTBEAM-2,291,SupportBeam/B31,156.66667,10.0,-26.0,0.010043587,0.002144399,-0.20841637,0.00227411,0.000453345,-0.242829,0.035319308317142126,16.925976649621116,16.375591032014334
PART-SUPPORTBEAM-1,48,SupportBeam/B31,-156.66667,-10.0,-26.0,-0.010043587,-0.002144399,-0.20841637,-0.00227411,-0.000453345,-0.242829,0.035319308317142126,16.925976649621116,16.375591032014334
PART-SUPPORTBEAM-1,291,SupportBeam/B31,156.66667,-10.0,-26.0,0.010043587,-0.002144399,-0.20841637,0.00227411,-0.000453345,-0.242829,0.035319308317142126,16.925976649621116,16.375591032014334
PART-SUPPORTBEAM-2,93,SupportBeam/B31,-66.66666,10.0,-20.0,-0.008959344,0.0018299806,-0.2559395,0.0055028,-7.67741e-05,-0.223898,0.035205781411761145,13.746737962395622,12.54854646934746
PART-SUPPORTBEAM-2,228,SupportBeam/B31,66.66666,10.0,-20.0,0.008959344,0.0018299806,-0.2559395,-0.0055028,-7.67741e-05,-0.223898,0.035205781411761145,13.746737962395622,12.54854646934746
PART-SUPPORTBEAM-1,93,SupportBeam/B31,-66.66666,-10.0,-20.0,-0.008959344,-0.0018299806,-0.2559395,0.0055028,7.67741e-05,-0.223898,0.035205781411761145,13.746737962395622,12.54854646934746
PART-SUPPORTBEAM-1,228,SupportBeam/B31,66.66666,-10.0,-20.0,0.008959344,-0.0018299806,-0.2559395,-0.0055028,7.67741e-05,-0.223898,0.035205781411761145,13.746737962395622,12.54854646934746
PART-SUPPORTBEAM-2,110,SupportBeam/B31,-153.84616,10.0,-30.0,-0.010871281,0.0024644046,-0.21023954,-0.00055594,0.000521784,-0.243827,0.03518945160120323,16.714312113374813,15.81369754727212
PART-SUPPORTBEAM-2,278,SupportBeam/B31,153.84616,10.0,-30.0,0.010871281,0.0024644046,-0.21023954,0.00055594,0.000521784,-0.243827,0.03518945160120323,16.714312113374813,15.81369754727212
PART-SUPPORTBEAM-1,110,SupportBeam/B31,-153.84616,-10.0,-30.0,-0.010871281,-0.0024644046,-0.21023954,-0.00055594,-0.000521784,-0.243827,0.03518945160120323,16.714312113374813,15.81369754727212
PART-SUPPORTBEAM-1,278,SupportBeam/B31,153.84616,-10.0,-30.0,0.010871281,-0.0024644046,-0.21023954,0.00055594,-0.000521784,-0.243827,0.03518945160120323,16.714312113374813,15.81369754727212
PART-FLOOR-1,464,Floor/S4R,-225.0,-5.0,0.0,0.0076452624,0.0009682494,-0.5409238,0.00583044,0.000285558,-0.575929,0.03505886014877239,6.480636054996136,6.466038522205965
PART-FLOOR-1,466,Floor/S4R,-225.0,5.0,0.0,0.0076452624,-0.0009682494,-0.5409238,0.00583044,-0.000285558,-0.575929,0.03505886014877239,6.480636054996136,6.466038522205965
PART-FLOOR-1,491,Floor/S4R,225.0,5.0,0.0,-0.0076452624,-0.0009682494,-0.5409238,-0.00583044,-0.000285558,-0.575929,0.03505886014877239,6.480636054996136,6.466038522205965
PART-FLOOR-1,493,Floor/S4R,225.0,-5.0,0.0,-0.0076452624,0.0009682494,-0.5409238,-0.00583044,0.000285558,-0.575929,0.03505886014877239,6.480636054996136,6.466038522205965
PART-SUPPORTBEAM-2,131,SupportBeam/B31,-138.46153,10.0,-30.0,-0.010815737,0.0025307287,-0.2279457,0.0032832,0.000475293,-0.259823,0.034916573367625936,15.299779650717,13.858786170247747
PART-SUPPORTBEAM-2,254,SupportBeam/B31,138.46153,10.0,-30.0,0.010815737,0.0025307287,-0.2279457,-0.0032832,0.000475293,-0.259823,0.034916573367625936,15.299779650717,13.858786170247747
PART-SUPPORTBEAM-1,131,SupportBeam/B31,-138.46153,-10.0,-30.0,-0.010815737,-0.0025307287,-0.2279457,0.0032832,-0.000475293,-0.259823,0.034916573367625936,15.299779650717,13.858786170247747
PART-SUPPORTBEAM-1,254,SupportBeam/B31,138.46153,-10.0,-30.0,0.010815737,-0.0025307287,-0.2279457,-0.0032832,-0.000475293,-0.259823,0.034916573367625936,15.299779650717,13.858786170247747
PART-SUPPORTBEAM-2,84,SupportBeam/B31,-133.33333,10.0,-20.0,0.0045024734,0.0017610717,-0.23618235,0.0151649,0.000365302,-0.26918,0.03470562518639195,14.69134181701246,14.12817991566049
PART-SUPPORTBEAM-2,273,SupportBeam/B31,133.33333,10.0,-20.0,-0.0045024734,0.0017610717,-0.23618235,-0.0151649,0.000365302,-0.26918,0.03470562518639195,14.69134181701246,14.12817991566049
PART-SUPPORTBEAM-1,84,SupportBeam/B31,-133.33333,-10.0,-20.0,0.0045024734,-0.0017610717,-0.23618235,0.0151649,-0.000365302,-0.26918,0.03470562518639195,14.69134181701246,14.12817991566049
PART-SUPPORTBEAM-1,273,SupportBeam/B31,133.33333,-10.0,-20.0,-0.0045024734,-0.0017610717,-0.23618235,-0.0151649,-0.000365302,-0.26918,0.03470562518639195,14.69134181701246,14.12817991566049
PART-SUPPORTBEAM-2,194,SupportBeam/B31,-76.92308,10.0,-30.0,-0.009099279,0.0026347307,-0.25243118,0.0229538,-6.67424e-06,-0.239566,0.03463942479126489,13.712671808460861,4.728943134690471
PART-SUPPORTBEAM-2,218,SupportBeam/B31,76.92308,10.0,-30.0,0.009099279,0.0026347307,-0.25243118,-0.0229538,-6.67424e-06,-0.239566,0.03463942479126489,13.712671808460861,4.728943134690471
PART-SUPPORTBEAM-1,194,SupportBeam/B31,-76.92308,-10.0,-30.0,-0.009099279,-0.0026347307,-0.25243118,0.0229538,6.67424e-06,-0.239566,0.03463942479126489,13.712671808460861,4.728943134690471
PART-SUPPORTBEAM-1,218,SupportBeam/B31,76.92308,-10.0,-30.0,0.009099279,-0.0026347307,-0.25243118,-0.0229538,6.67424e-06,-0.239566,0.03463942479126489,13.712671808460861,4.728943134690471
PART-CABLE150-2,1,Cable/T3D2,-150.0,10.0,0.0,0.011341809,0.0004107428,-0.21630648,0.00889364,0.000155333,-0.250807,0.034588215419256566,15.968409297975889,15.863357851058637
PART-CABLE150-4,1,Cable/T3D2,150.0,10.0,0.0,-0.011341809,0.0004107428,-0.21630648,-0.00889364,0.000155333,-0.250807,0.034588215419256566,15.968409297975889,15.863357851058637
PART-SUPPORTBEAM-2,5,SupportBeam/B31,-150.0,10.0,0.0,0.011341809,0.0004107428,-0.21630648,0.00889364,0.000155333,-0.250807,0.034588215419256566,15.968409297975889,15.863357851058637
PART-SUPPORTBEAM-2,20,SupportBeam/B31,150.0,10.0,0.0,-0.011341809,0.0004107428,-0.21630648,-0.00889364,0.000155333,-0.250807,0.034588215419256566,15.968409297975889,15.863357851058637
PART-CABLE150-1,1,Cable/T3D2,-150.0,-10.0,0.0,0.011341809,-0.0004107428,-0.21630648,0.00889364,-0.000155333,-0.250807,0.034588215419256566,15.968409297975889,15.863357851058637
PART-CABLE150-3,1,Cable/T3D2,150.0,-10.0,0.0,-0.011341809,-0.0004107428,-0.21630648,-0.00889364,-0.000155333,-0.250807,0.034588215419256566,15.968409297975889,15.863357851058637
PART-FLOOR-1,3,Floor/S4R,150.0,10.0,0.0,-0.011341809,0.0004107428,-0.21630648,-0.00889364,0.000155333,-0.250807,0.034588215419256566,15.968409297975889,15.863357851058637
PART-FLOOR-1,4,Floor/S4R,150.0,-10.0,0.0,-0.011341809,-0.0004107428,-0.21630648,-0.00889364,-0.000155333,-0.250807,0.034588215419256566,15.968409297975889,15.863357851058637
PART-FLOOR-1,15,Floor/S4R,-150.0,10.0,0.0,0.011341809,0.0004107428,-0.21630648,0.00889364,0.000155333,-0.250807,0.034588215419256566,15.968409297975889,15.863357851058637
PART-FLOOR-1,16,Floor/S4R,-150.0,-10.0,0.0,0.011341809,-0.0004107428,-0.21630648,0.00889364,-0.000155333,-0.250807,0.034588215419256566,15.968409297975889,15.863357851058637
PART-SUPPORTBEAM-1,5,SupportBeam/B31,-150.0,-10.0,0.0,0.011341809,-0.0004107428,-0.21630648,0.00889364,-0.000155333,-0.250807,0.034588215419256566,15.968409297975889,15.863357851058637
PART-SUPPORTBEAM-1,20,SupportBeam/B31,150.0,-10.0,0.0,-0.011341809,-0.0004107428,-0.21630648,-0.00889364,-0.000155333,-0.250807,0.034588215419256566,15.968409297975889,15.863357851058637
PART-PIER-2,62,Pier/C3D8R,-10.5,-10.0,140.0,0.0020878792,0.20772097,-0.027269647,0.00466756,0.228258,-0.0549136,0.03453422203723427,16.483036933362737,12.077133241654046
PART-PIER-2,231,Pier/C3D8R,10.5,-10.0,140.0,-0.0020878792,0.20772097,-0.027269647,-0.00466756,0.228258,-0.0549136,0.03453422203723427,16.483036933362737,12.077133241654046
PART-PIER-1,104,Pier/C3D8R,-10.5,10.0,140.0,0.0020878792,-0.20772097,-0.027269647,0.00466756,-0.228258,-0.0549136,0.03453422203723427,16.483036933362737,12.077133241654046
PART-PIER-1,228,Pier/C3D8R,10.5,10.0,140.0,-0.0020878792,-0.20772097,-0.027269647,-0.00466756,-0.228258,-0.0549136,0.03453422203723427,16.483036933362737,12.077133241654046
PART-SUPPORTBEAM-2,83,SupportBeam/B31,-130.0,10.0,-18.0,0.006885303,0.0016053936,-0.23951413,0.0173813,0.000342701,-0.272372,0.0345166621584852,14.40484306821673,13.900343639178939
PART-SUPPORTBEAM-2,272,SupportBeam/B31,130.0,10.0,-18.0,-0.006885303,0.0016053936,-0.23951413,-0.0173813,0.000342701,-0.272372,0.0345166621584852,14.40484306821673,13.900343639178939
PART-SUPPORTBEAM-1,83,SupportBeam/B31,-130.0,-10.0,-18.0,0.006885303,-0.0016053936,-0.23951413,0.0173813,-0.000342701,-0.272372,0.0345166621584852,14.40484306821673,13.900343639178939
PART-SUPPORTBEAM-1,272,SupportBeam/B31,130.0,-10.0,-18.0,-0.006885303,-0.0016053936,-0.23951413,-0.0173813,-0.000342701,-0.272372,0.0345166621584852,14.40484306821673,13.900343639178939
PART-SUPPORTBEAM-2,85,SupportBeam/B31,-136.66667,10.0,-22.0,0.0015778639,0.001913611,-0.23194173,0.0121997,0.000389766,-0.264731,0.034500459893343265,14.87377348511925,14.251578957264293
PART-SUPPORTBEAM-2,274,SupportBeam/B31,136.66667,10.0,-22.0,-0.0015778639,0.001913611,-0.23194173,-0.0121997,0.000389766,-0.264731,0.034500459893343265,14.87377348511925,14.251578957264293
PART-SUPPORTBEAM-1,85,SupportBeam/B31,-136.66667,-10.0,-22.0,0.0015778639,-0.001913611,-0.23194173,0.0121997,-0.000389766,-0.264731,0.034500459893343265,14.87377348511925,14.251578957264293
PART-SUPPORTBEAM-1,274,SupportBeam/B31,136.66667,-10.0,-22.0,-0.0015778639,-0.001913611,-0.23194173,-0.0121997,-0.000389766,-0.264731,0.034500459893343265,14.87377348511925,14.251578957264293
PART-SUPPORTBEAM-2,47,SupportBeam/B31,-153.33333,10.0,-28.0,-0.010360085,0.0023164416,-0.21043074,-0.000946054,0.000485978,-0.243562,0.03449137523856487,16.370026468226868,15.598591623271703
PART-SUPPORTBEAM-2,290,SupportBeam/B31,153.33333,10.0,-28.0,0.010360085,0.0023164416,-0.21043074,0.000946054,0.000485978,-0.243562,0.03449137523856487,16.370026468226868,15.598591623271703
PART-SUPPORTBEAM-1,47,SupportBeam/B31,-153.33333,-10.0,-28.0,-0.010360085,-0.0023164416,-0.21043074,-0.000946054,-0.000485978,-0.243562,0.03449137523856487,16.370026468226868,15.598591623271703
PART-SUPPORTBEAM-1,290,SupportBeam/B31,153.33333,-10.0,-28.0,0.010360085,-0.0023164416,-0.21043074,0.000946054,-0.000485978,-0.243562,0.03449137523856487,16.370026468226868,15.598591623271703
PART-SUPPORTBEAM-2,126,SupportBeam/B31,-119.23077,10.0,-30.0,-0.010270211,0.002577955,-0.24018,0.00943663,0.000366359,-0.268327,0.034431153742889534,14.321650900179764,11.679816667929085
PART-SUPPORTBEAM-2,249,SupportBeam/B31,119.23077,10.0,-30.0,0.010270211,0.002577955,-0.24018,-0.00943663,0.000366359,-0.268327,0.034431153742889534,14.321650900179764,11.679816667929085
PART-SUPPORTBEAM-1,126,SupportBeam/B31,-119.23077,-10.0,-30.0,-0.010270211,-0.002577955,-0.24018,0.00943663,-0.000366359,-0.268327,0.034431153742889534,14.321650900179764,11.679816667929085
PART-SUPPORTBEAM-1,249,SupportBeam/B31,119.23077,-10.0,-30.0,0.010270211,-0.002577955,-0.24018,-0.00943663,-0.000366359,-0.268327,0.034431153742889534,14.321650900179764,11.679816667929085
PART-SUPPORTBEAM-2,132,SupportBeam/B31,-142.30769,10.0,-30.0,-0.010924843,0.0025170255,-0.22285417,0.00205252,0.000490275,-0.254563,0.034321561269731286,15.381454927930765,14.088162125842771
PART-SUPPORTBEAM-2,255,SupportBeam/B31,142.30769,10.0,-30.0,0.010924843,0.0025170255,-0.22285417,-0.00205252,0.000490275,-0.254563,0.034321561269731286,15.381454927930765,14.088162125842771
PART-SUPPORTBEAM-1,132,SupportBeam/B31,-142.30769,-10.0,-30.0,-0.010924843,-0.0025170255,-0.22285417,0.00205252,-0.000490275,-0.254563,0.034321561269731286,15.381454927930765,14.088162125842771
PART-SUPPORTBEAM-1,255,SupportBeam/B31,142.30769,-10.0,-30.0,0.010924843,-0.0025170255,-0.22285417,-0.00205252,-0.000490275,-0.254563,0.034321561269731286,15.381454927930765,14.088162125842771
PART-SUPPORTBEAM-2,67,SupportBeam/B31,-150.0,10.0,-3.75,0.008920515,0.0006599021,-0.21593931,0.00847114,0.000194655,-0.250184,0.03425079832574396,15.84771711044844,15.825580662170902
PART-SUPPORTBEAM-2,329,SupportBeam/B31,150.0,10.0,-3.75,-0.008920515,0.0006599021,-0.21593931,-0.00847114,0.000194655,-0.250184,0.03425079832574396,15.84771711044844,15.825580662170902
PART-SUPPORTBEAM-1,67,SupportBeam/B31,-150.0,-10.0,-3.75,0.008920515,-0.0006599021,-0.21593931,0.00847114,-0.000194655,-0.250184,0.03425079832574396,15.84771711044844,15.825580662170902
PART-SUPPORTBEAM-1,329,SupportBeam/B31,150.0,-10.0,-3.75,-0.008920515,-0.0006599021,-0.21593931,-0.00847114,-0.000194655,-0.250184,0.03425079832574396,15.84771711044844,15.825580662170902
PART-SUPPORTBEAM-2,4,SupportBeam/B31,-150.0,10.0,-30.0,-0.011143054,0.0024841048,-0.2132167,-0.000408852,0.000512132,-0.245605,0.03417767906383847,16.006621523571944,15.025957897219719
PART-SUPPORTBEAM-2,15,SupportBeam/B31,150.0,10.0,-30.0,0.011143054,0.0024841048,-0.2132167,0.000408852,0.000512132,-0.245605,0.03417767906383847,16.006621523571944,15.025957897219719
PART-SUPPORTBEAM-1,4,SupportBeam/B31,-150.0,-10.0,-30.0,-0.011143054,-0.0024841048,-0.2132167,-0.000408852,-0.000512132,-0.245605,0.03417767906383847,16.006621523571944,15.025957897219719
PART-SUPPORTBEAM-1,15,SupportBeam/B31,150.0,-10.0,-30.0,0.011143054,-0.0024841048,-0.2132167,0.000408852,-0.000512132,-0.245605,0.03417767906383847,16.006621523571944,15.025957897219719
PART-SUPPORTBEAM-2,61,SupportBeam/B31,-150.0,10.0,-26.25,-0.007683589,0.0022082496,-0.21362199,0.00198781,0.000458737,-0.246283,0.03410774585302962,15.955232813743752,15.212463113891205
PART-SUPPORTBEAM-2,323,SupportBeam/B31,150.0,10.0,-26.25,0.007683589,0.0022082496,-0.21362199,-0.00198781,0.000458737,-0.246283,0.03410774585302962,15.955232813743752,15.212463113891205
PART-SUPPORTBEAM-1,61,SupportBeam/B31,-150.0,-10.0,-26.25,-0.007683589,-0.0022082496,-0.21362199,0.00198781,-0.000458737,-0.246283,0.03410774585302962,15.955232813743752,15.212463113891205
PART-SUPPORTBEAM-1,323,SupportBeam/B31,150.0,-10.0,-26.25,0.007683589,-0.0022082496,-0.21362199,-0.00198781,-0.000458737,-0.246283,0.03410774585302962,15.955232813743752,15.212463113891205
PART-SUPPORTBEAM-2,86,SupportBeam/B31,-140.0,10.0,-24.0,-0.0017173795,0.0020625975,-0.22707757,0.00875348,0.000416387,-0.259472,0.03408442463507267,15.00898746993204,14.322965267421875
PART-SUPPORTBEAM-2,275,SupportBeam/B31,140.0,10.0,-24.0,0.0017173795,0.0020625975,-0.22707757,-0.00875348,0.000416387,-0.259472,0.03408442463507267,15.00898746993204,14.322965267421875
PART-SUPPORTBEAM-1,86,SupportBeam/B31,-140.0,-10.0,-24.0,-0.0017173795,-0.0020625975,-0.22707757,0.00875348,-0.000416387,-0.259472,0.03408442463507267,15.00898746993204,14.322965267421875
PART-SUPPORTBEAM-1,275,SupportBeam/B31,140.0,-10.0,-24.0,0.0017173795,-0.0020625975,-0.22707757,-0.00875348,-0.000416387,-0.259472,0.03408442463507267,15.00898746993204,14.322965267421875
PART-FLOOR-1,36,Floor/S4R,150.0,0.0,0.0,-0.01072383,5.5199583e-15,-0.27996537,-0.00849197,-1.41055e-13,-0.313921,0.034028899596614946,12.145774787685069,12.08733205020254
PART-FLOOR-1,162,Floor/S4R,-150.0,0.0,0.0,0.01072383,3.1073982e-15,-0.27996537,0.00849197,-1.15898e-13,-0.313921,0.034028899596614946,12.145774787685069,12.08733205020254
PART-SUPPORTBEAM-2,66,SupportBeam/B31,-150.0,10.0,-7.5,0.0064621437,0.0009100149,-0.21556671,0.00797814,0.000234481,-0.249553,0.034026790897699465,15.777579640396683,15.772177086345565
PART-SUPPORTBEAM-2,328,SupportBeam/B31,150.0,10.0,-7.5,-0.0064621437,0.0009100149,-0.21556671,-0.00797814,0.000234481,-0.249553,0.034026790897699465,15.777579640396683,15.772177086345565
PART-SUPPORTBEAM-1,66,SupportBeam/B31,-150.0,-10.0,-7.5,0.0064621437,-0.0009100149,-0.21556671,0.00797814,-0.000234481,-0.249553,0.034026790897699465,15.777579640396683,15.772177086345565
PART-SUPPORTBEAM-1,328,SupportBeam/B31,150.0,-10.0,-7.5,-0.0064621437,-0.0009100149,-0.21556671,-0.00797814,-0.000234481,-0.249553,0.034026790897699465,15.777579640396683,15.772177086345565
PART-SUPPORTBEAM-2,62,SupportBeam/B31,-150.0,10.0,-22.5,-0.0044836677,0.0019390685,-0.21402182,0.00389094,0.00040886,-0.246952,0.03401282621327977,15.888085533575358,15.370796619585064
PART-SUPPORTBEAM-2,324,SupportBeam/B31,150.0,10.0,-22.5,0.0044836677,0.0019390685,-0.21402182,-0.00389094,0.00040886,-0.246952,0.03401282621327977,15.888085533575358,15.370796619585064
PART-SUPPORTBEAM-1,62,SupportBeam/B31,-150.0,-10.0,-22.5,-0.0044836677,-0.0019390685,-0.21402182,0.00389094,-0.00040886,-0.246952,0.03401282621327977,15.888085533575358,15.370796619585064
PART-SUPPORTBEAM-1,324,SupportBeam/B31,150.0,-10.0,-22.5,0.0044836677,-0.0019390685,-0.21402182,-0.00389094,-0.00040886,-0.246952,0.03401282621327977,15.888085533575358,15.370796619585064
PART-SUPPORTBEAM-2,133,SupportBeam/B31,-146.15384,10.0,-30.0,-0.011033948,0.0025015364,-0.21772945,0.000821835,0.000502609,-0.249493,0.03396289754859058,15.577652447600112,14.435000965644084
PART-SUPPORTBEAM-2,256,SupportBeam/B31,146.15384,10.0,-30.0,0.011033948,0.0025015364,-0.21772945,-0.000821835,0.000502609,-0.249493,0.03396289754859058,15.577652447600112,14.435000965644084
PART-SUPPORTBEAM-1,133,SupportBeam/B31,-146.15384,-10.0,-30.0,-0.011033948,-0.0025015364,-0.21772945,0.000821835,-0.000502609,-0.249493,0.03396289754859058,15.577652447600112,14.435000965644084
PART-SUPPORTBEAM-1,256,SupportBeam/B31,146.15384,-10.0,-30.0,0.011033948,-0.0025015364,-0.21772945,-0.000821835,-0.000502609,-0.249493,0.03396289754859058,15.577652447600112,14.435000965644084
PART-SUPPORTBEAM-2,63,SupportBeam/B31,-150.0,10.0,-18.75,-0.0015062111,0.0016756079,-0.2144162,0.00537103,0.000361998,-0.247614,0.03392809957773803,15.822604177079056,15.503789879364188
PART-SUPPORTBEAM-2,325,SupportBeam/B31,150.0,10.0,-18.75,0.0015062111,0.0016756079,-0.2144162,-0.00537103,0.000361998,-0.247614,0.03392809957773803,15.822604177079056,15.503789879364188
PART-SUPPORTBEAM-1,63,SupportBeam/B31,-150.0,-10.0,-18.75,-0.0015062111,-0.0016756079,-0.2144162,0.00537103,-0.000361998,-0.247614,0.03392809957773803,15.822604177079056,15.503789879364188
PART-SUPPORTBEAM-1,325,SupportBeam/B31,150.0,-10.0,-18.75,0.0015062111,-0.0016756079,-0.2144162,-0.00537103,-0.000361998,-0.247614,0.03392809957773803,15.822604177079056,15.503789879364188
PART-SUPPORTBEAM-2,65,SupportBeam/B31,-150.0,10.0,-11.25,0.003929617,0.0011620345,-0.21518865,0.00734412,0.000275311,-0.248915,0.03391034935863918,15.755571912101054,15.702352812376605
PART-SUPPORTBEAM-2,327,SupportBeam/B31,150.0,10.0,-11.25,-0.003929617,0.0011620345,-0.21518865,-0.00734412,0.000275311,-0.248915,0.03391034935863918,15.755571912101054,15.702352812376605
PART-SUPPORTBEAM-1,65,SupportBeam/B31,-150.0,-10.0,-11.25,0.003929617,-0.0011620345,-0.21518865,0.00734412,-0.000275311,-0.248915,0.03391034935863918,15.755571912101054,15.702352812376605
PART-SUPPORTBEAM-1,327,SupportBeam/B31,150.0,-10.0,-11.25,-0.003929617,-0.0011620345,-0.21518865,-0.00734412,-0.000275311,-0.248915,0.03391034935863918,15.755571912101054,15.702352812376605
PART-SUPPORTBEAM-2,64,SupportBeam/B31,-150.0,10.0,-15.0,0.001285858,0.0014169143,-0.21480516,0.00649859,0.00031765,-0.248268,0.033884253242039704,15.773787300730191,15.613325564879856
PART-SUPPORTBEAM-2,326,SupportBeam/B31,150.0,10.0,-15.0,-0.001285858,0.0014169143,-0.21480516,-0.00649859,0.00031765,-0.248268,0.033884253242039704,15.773787300730191,15.613325564879856
PART-SUPPORTBEAM-1,64,SupportBeam/B31,-150.0,-10.0,-15.0,0.001285858,-0.0014169143,-0.21480516,0.00649859,-0.00031765,-0.248268,0.033884253242039704,15.773787300730191,15.613325564879856
PART-SUPPORTBEAM-1,326,SupportBeam/B31,150.0,-10.0,-15.0,-0.001285858,-0.0014169143,-0.21480516,-0.00649859,-0.00031765,-0.248268,0.033884253242039704,15.773787300730191,15.613325564879856
PART-SUPPORTBEAM-2,82,SupportBeam/B31,-126.66666,10.0,-16.0,0.008620021,0.0014469902,-0.24175987,0.0186736,0.00032167,-0.274016,0.03380530607521057,13.973879889551167,13.531004149197015
PART-SUPPORTBEAM-2,271,SupportBeam/B31,126.66666,10.0,-16.0,-0.008620021,0.0014469902,-0.24175987,-0.0186736,0.00032167,-0.274016,0.03380530607521057,13.973879889551167,13.531004149197015
PART-SUPPORTBEAM-1,82,SupportBeam/B31,-126.66666,-10.0,-16.0,0.008620021,-0.0014469902,-0.24175987,0.0186736,-0.00032167,-0.274016,0.03380530607521057,13.973879889551167,13.531004149197015
PART-SUPPORTBEAM-1,271,SupportBeam/B31,126.66666,-10.0,-16.0,-0.008620021,-0.0014469902,-0.24175987,-0.0186736,-0.00032167,-0.274016,0.03380530607521057,13.973879889551167,13.531004149197015
PART-SUPPORTBEAM-2,42,SupportBeam/B31,-233.33333,10.0,-20.0,0.026899418,0.00095009414,-0.08575525,0.0355258,0.000984051,-0.118394,0.033759496753369485,37.560563351328305,37.53097169143217
PART-SUPPORTBEAM-2,339,SupportBeam/B31,233.33333,10.0,-20.0,-0.026899418,0.00095009414,-0.08575525,-0.0355258,0.000984051,-0.118394,0.033759496753369485,37.560563351328305,37.53097169143217
PART-SUPPORTBEAM-1,42,SupportBeam/B31,-233.33333,-10.0,-20.0,0.026899418,-0.00095009414,-0.08575525,0.0355258,-0.000984051,-0.118394,0.033759496753369485,37.560563351328305,37.53097169143217
PART-SUPPORTBEAM-1,339,SupportBeam/B31,233.33333,-10.0,-20.0,-0.026899418,-0.00095009414,-0.08575525,-0.0355258,-0.000984051,-0.118394,0.033759496753369485,37.560563351328305,37.53097169143217
PART-SUPPORTBEAM-2,87,SupportBeam/B31,-143.33333,10.0,-26.0,-0.0051472806,0.0022076177,-0.22198312,0.00518631,0.000445459,-0.254003,0.03369215061682457,15.17296990145503,14.412081770510014
PART-SUPPORTBEAM-2,276,SupportBeam/B31,143.33333,10.0,-26.0,0.0051472806,0.0022076177,-0.22198312,-0.00518631,0.000445459,-0.254003,0.03369215061682457,15.17296990145503,14.412081770510014
PART-SUPPORTBEAM-1,87,SupportBeam/B31,-143.33333,-10.0,-26.0,-0.0051472806,-0.0022076177,-0.22198312,0.00518631,-0.000445459,-0.254003,0.03369215061682457,15.17296990145503,14.412081770510014
PART-SUPPORTBEAM-1,276,SupportBeam/B31,143.33333,-10.0,-26.0,0.0051472806,-0.0022076177,-0.22198312,-0.00518631,-0.000445459,-0.254003,0.03369215061682457,15.17296990145503,14.412081770510014
PART-SUPPORTBEAM-2,88,SupportBeam/B31,-146.66667,10.0,-28.0,-0.008411042,0.002348258,-0.2171597,0.00195062,0.000477276,-0.249078,0.033610154536041145,15.464661209957553,14.609174718421404
PART-SUPPORTBEAM-2,277,SupportBeam/B31,146.66667,10.0,-28.0,0.008411042,0.002348258,-0.2171597,-0.00195062,0.000477276,-0.249078,0.033610154536041145,15.464661209957553,14.609174718421404
PART-SUPPORTBEAM-1,88,SupportBeam/B31,-146.66667,-10.0,-28.0,-0.008411042,-0.002348258,-0.2171597,0.00195062,-0.000477276,-0.249078,0.033610154536041145,15.464661209957553,14.609174718421404
PART-SUPPORTBEAM-1,277,SupportBeam/B31,146.66667,-10.0,-28.0,0.008411042,-0.002348258,-0.2171597,-0.00195062,-0.000477276,-0.249078,0.033610154536041145,15.464661209957553,14.609174718421404
PART-FLOOR-1,53,Floor/S4R,115.0,10.0,0.0,-0.00774918,0.000104206214,-0.4128974,-0.0063154,0.00019256,-0.446356,0.033489422889024185,8.10940572144555,8.09516007722647
PART-FLOOR-1,61,Floor/S4R,115.0,-10.0,0.0,-0.00774918,-0.000104206214,-0.4128974,-0.0063154,-0.00019256,-0.446356,0.033489422889024185,8.10940572144555,8.09516007722647
PART-FLOOR-1,154,Floor/S4R,-115.0,10.0,0.0,0.00774918,0.000104206214,-0.4128974,0.0063154,0.00019256,-0.446356,0.033489422889024185,8.10940572144555,8.09516007722647
PART-FLOOR-1,170,Floor/S4R,-115.0,-10.0,0.0,0.00774918,-0.000104206214,-0.4128974,0.0063154,-0.00019256,-0.446356,0.033489422889024185,8.10940572144555,8.09516007722647
PART-PIER-2,506,Pier/C3D8R,-10.25,-15.0,145.0,0.0002654065,0.21868919,-0.022812828,0.00371211,0.240869,-0.0475755,0.03342175431111593,15.200273616381379,11.67683890594462
PART-PIER-2,705,Pier/C3D8R,10.25,-15.0,145.0,-0.0002654065,0.21868919,-0.022812828,-0.00371211,0.240869,-0.0475755,0.03342175431111593,15.200273616381379,11.67683890594462
PART-PIER-1,506,Pier/C3D8R,-10.25,15.0,145.0,0.0002654065,-0.21868919,-0.022812828,0.00371211,-0.240869,-0.0475755,0.03342175431111593,15.200273616381379,11.67683890594462
PART-PIER-1,705,Pier/C3D8R,10.25,15.0,145.0,-0.0002654065,-0.21868919,-0.022812828,-0.00371211,-0.240869,-0.0475755,0.03342175431111593,15.200273616381379,11.67683890594462
PART-FLOOR-1,282,Floor/S4R,115.0,0.0,0.0,-0.007770455,6.796739e-15,-0.41639856,-0.00631132,-2.10326e-13,-0.449666,0.033299424005556424,7.995615421844995,7.9811627976691915
PART-FLOOR-1,405,Floor/S4R,-115.0,0.0,0.0,0.007770455,4.276868e-15,-0.41639856,0.00631132,-1.84309e-13,-0.449666,0.033299424005556424,7.995615421844995,7.9811627976691915
PART-SUPPORTBEAM-2,125,SupportBeam/B31,-115.38461,10.0,-30.0,-0.010161106,0.002584241,-0.23940845,0.0106673,0.000338909,-0.265143,0.033183295134654144,13.847263925693,10.732773561564818
PART-SUPPORTBEAM-2,248,SupportBeam/B31,115.38461,10.0,-30.0,0.010161106,0.002584241,-0.23940845,-0.0106673,0.000338909,-0.265143,0.033183295134654144,13.847263925693,10.732773561564818
PART-SUPPORTBEAM-1,125,SupportBeam/B31,-115.38461,-10.0,-30.0,-0.010161106,-0.002584241,-0.23940845,0.0106673,-0.000338909,-0.265143,0.033183295134654144,13.847263925693,10.732773561564818
PART-SUPPORTBEAM-1,248,SupportBeam/B31,115.38461,-10.0,-30.0,0.010161106,-0.002584241,-0.23940845,-0.0106673,-0.000338909,-0.265143,0.033183295134654144,13.847263925693,10.732773561564818
PART-PIER-2,63,Pier/C3D8R,-10.25,-10.0,145.0,-0.0036424438,0.21592966,-0.031630542,-0.00815584,0.235074,-0.0582778,0.033120278655415,15.17437969842377,11.024703516711618
PART-PIER-2,230,Pier/C3D8R,10.25,-10.0,145.0,0.0036424438,0.21592966,-0.031630542,0.00815584,0.235074,-0.0582778,0.033120278655415,15.17437969842377,11.024703516711618
PART-PIER-1,103,Pier/C3D8R,-10.25,10.0,145.0,-0.0036424438,-0.21592966,-0.031630542,-0.00815584,-0.235074,-0.0582778,0.033120278655415,15.17437969842377,11.024703516711618
PART-PIER-1,229,Pier/C3D8R,10.25,10.0,145.0,0.0036424438,-0.21592966,-0.031630542,0.00815584,-0.235074,-0.0582778,0.033120278655415,15.17437969842377,11.024703516711618
PART-FLOOR-1,263,Floor/S4R,145.0,-5.0,0.0,-0.010484483,-0.000112669135,-0.29635718,-0.00828025,-3.63496e-05,-0.329207,0.032923777757452345,11.10254562338208,11.050188207476623
PART-FLOOR-1,265,Floor/S4R,145.0,5.0,0.0,-0.010484483,0.000112669135,-0.29635718,-0.00828025,3.63496e-05,-0.329207,0.032923777757452345,11.10254562338208,11.050188207476623
PART-FLOOR-1,422,Floor/S4R,-145.0,-5.0,0.0,0.010484483,-0.000112669135,-0.29635718,0.00828025,-3.63496e-05,-0.329207,0.032923777757452345,11.10254562338208,11.050188207476623
PART-FLOOR-1,424,Floor/S4R,-145.0,5.0,0.0,0.010484483,0.000112669135,-0.29635718,0.00828025,3.63496e-05,-0.329207,0.032923777757452345,11.10254562338208,11.050188207476623
PART-SUPPORTBEAM-2,28,SupportBeam/B31,-230.76923,10.0,-30.0,-0.0053857067,0.0017892485,-0.08886904,-0.0034123,0.00132315,-0.12168,0.032873555906486704,36.91581478960824,36.704034723055365
PART-SUPPORTBEAM-2,318,SupportBeam/B31,230.76923,10.0,-30.0,0.0053857067,0.0017892485,-0.08886904,0.0034123,0.00132315,-0.12168,0.032873555906486704,36.91581478960824,36.704034723055365
PART-SUPPORTBEAM-1,28,SupportBeam/B31,-230.76923,-10.0,-30.0,-0.0053857067,-0.0017892485,-0.08886904,-0.0034123,-0.00132315,-0.12168,0.032873555906486704,36.91581478960824,36.704034723055365
PART-SUPPORTBEAM-1,318,SupportBeam/B31,230.76923,-10.0,-30.0,0.0053857067,-0.0017892485,-0.08886904,0.0034123,-0.00132315,-0.12168,0.032873555906486704,36.91581478960824,36.704034723055365
PART-SUPPORTBEAM-2,81,SupportBeam/B31,-123.33334,10.0,-14.0,0.00966512,0.001286275,-0.2428504,0.0189587,0.000301915,-0.273973,0.03249547390923853,13.3700889078361,12.994363678507842
PART-SUPPORTBEAM-2,270,SupportBeam/B31,123.33334,10.0,-14.0,-0.00966512,0.001286275,-0.2428504,-0.0189587,0.000301915,-0.273973,0.03249547390923853,13.3700889078361,12.994363678507842
PART-SUPPORTBEAM-1,81,SupportBeam/B31,-123.33334,-10.0,-14.0,0.00966512,-0.001286275,-0.2428504,0.0189587,-0.000301915,-0.273973,0.03249547390923853,13.3700889078361,12.994363678507842
PART-SUPPORTBEAM-1,270,SupportBeam/B31,123.33334,-10.0,-14.0,-0.00966512,-0.001286275,-0.2428504,-0.0189587,-0.000301915,-0.273973,0.03249547390923853,13.3700889078361,12.994363678507842
PART-PIER-2,783,Pier/C3D8R,-6.83333,-15.0,145.0,0.0006925068,0.21871072,-0.013063706,0.000941882,0.240742,-0.036816,0.03239769986729323,14.786609135385886,11.155106116947819
PART-PIER-2,861,Pier/C3D8R,6.83333,-15.0,145.0,-0.0006925068,0.21871072,-0.013063706,-0.000941882,0.240742,-0.036816,0.03239769986729323,14.786609135385886,11.155106116947819
PART-PIER-1,783,Pier/C3D8R,-6.83333,15.0,145.0,0.0006925068,-0.21871072,-0.013063706,0.000941882,-0.240742,-0.036816,0.03239769986729323,14.786609135385886,11.155106116947819
PART-PIER-1,861,Pier/C3D8R,6.83333,15.0,145.0,-0.0006925068,-0.21871072,-0.013063706,-0.000941882,-0.240742,-0.036816,0.03239769986729323,14.786609135385886,11.155106116947819
PART-FLOOR-1,467,Floor/S4R,-230.0,-5.0,0.0,0.0036971152,-0.00031402733,-0.5252624,0.00489395,0.000286591,-0.557515,0.032280386656247176,6.145420136757742,6.1417385496349945
PART-FLOOR-1,469,Floor/S4R,-230.0,5.0,0.0,0.0036971152,0.00031402733,-0.5252624,0.00489395,-0.000286591,-0.557515,0.032280386656247176,6.145420136757742,6.1417385496349945
PART-FLOOR-1,494,Floor/S4R,230.0,5.0,0.0,-0.0036971152,0.00031402733,-0.5252624,-0.00489395,-0.000286591,-0.557515,0.032280386656247176,6.145420136757742,6.1417385496349945
PART-FLOOR-1,496,Floor/S4R,230.0,-5.0,0.0,-0.0036971152,-0.00031402733,-0.5252624,-0.00489395,0.000286591,-0.557515,0.032280386656247176,6.145420136757742,6.1417385496349945
PART-FLOOR-1,199,Floor/S4R,-230.0,10.0,0.0,0.0059932237,-0.0017968247,-0.54388905,0.00489357,-0.000567632,-0.575948,0.03210134620317595,5.90179602182498,5.891258765437043
PART-FLOOR-1,209,Floor/S4R,-230.0,-10.0,0.0,0.0059932237,0.0017968247,-0.54388905,0.00489357,0.000567632,-0.575948,0.03210134620317595,5.90179602182498,5.891258765437043
PART-FLOOR-1,220,Floor/S4R,230.0,-10.0,0.0,-0.0059932237,0.0017968247,-0.54388905,-0.00489357,0.000567632,-0.575948,0.03210134620317595,5.90179602182498,5.891258765437043
PART-FLOOR-1,230,Floor/S4R,230.0,10.0,0.0,-0.0059932237,-0.0017968247,-0.54388905,-0.00489357,-0.000567632,-0.575948,0.03210134620317595,5.90179602182498,5.891258765437043
PART-PIER-2,345,Pier/C3D8R,-3.58333,-10.0,135.0,-0.0010266986,0.19354811,-0.031499512,-0.00123627,0.210317,-0.0588285,0.03206420398369406,16.351172007762933,11.36979143117439
PART-PIER-2,661,Pier/C3D8R,3.58333,-10.0,135.0,0.0010266986,0.19354811,-0.031499512,0.00123627,0.210317,-0.0588285,0.03206420398369406,16.351172007762933,11.36979143117439
PART-PIER-1,423,Pier/C3D8R,-3.58333,10.0,135.0,-0.0010266986,-0.19354811,-0.031499512,-0.00123627,-0.210317,-0.0588285,0.03206420398369406,16.351172007762933,11.36979143117439
PART-PIER-1,583,Pier/C3D8R,3.58333,10.0,135.0,0.0010266986,-0.19354811,-0.031499512,0.00123627,-0.210317,-0.0588285,0.03206420398369406,16.351172007762933,11.36979143117439
PART-PIER-2,427,Pier/C3D8R,-3.41667,-20.0,145.0,0.0019269456,0.2203626,0.00030683845,0.00385535,0.241603,-0.0234871,0.031953479351274544,14.499841073676267,10.165266745263866
PART-PIER-2,587,Pier/C3D8R,3.41667,-20.0,145.0,-0.0019269456,0.2203626,0.00030683845,-0.00385535,0.241603,-0.0234871,0.031953479351274544,14.499841073676267,10.165266745263866
PART-PIER-1,349,Pier/C3D8R,-3.41667,20.0,145.0,0.0019269456,-0.2203626,0.00030683845,0.00385535,-0.241603,-0.0234871,0.031953479351274544,14.499841073676267,10.165266745263866
PART-PIER-1,665,Pier/C3D8R,3.41667,20.0,145.0,-0.0019269456,-0.2203626,0.00030683845,-0.00385535,-0.241603,-0.0234871,0.031953479351274544,14.499841073676267,10.165266745263866
PART-SUPPORTBEAM-2,195,SupportBeam/B31,-80.76923,10.0,-30.0,-0.009203513,0.0026290137,-0.25071472,0.0217265,3.29903e-05,-0.243751,0.03181035111267898,12.678631064093931,2.463155572965909
PART-SUPPORTBEAM-2,219,SupportBeam/B31,80.76923,10.0,-30.0,0.009203513,0.0026290137,-0.25071472,-0.0217265,3.29903e-05,-0.243751,0.03181035111267898,12.678631064093931,2.463155572965909
PART-SUPPORTBEAM-1,195,SupportBeam/B31,-80.76923,-10.0,-30.0,-0.009203513,-0.0026290137,-0.25071472,0.0217265,-3.29903e-05,-0.243751,0.03181035111267898,12.678631064093931,2.463155572965909
PART-SUPPORTBEAM-1,219,SupportBeam/B31,80.76923,-10.0,-30.0,0.009203513,-0.0026290137,-0.25071472,-0.0217265,-3.29903e-05,-0.243751,0.03181035111267898,12.678631064093931,2.463155572965909
PART-PIER-2,348,Pier/C3D8R,-7.0,-10.0,140.0,-0.0019072506,0.20490746,-0.032801796,-0.00258988,0.222831,-0.0589998,0.0317498768913103,15.299295634631774,11.082497448096804
PART-PIER-2,664,Pier/C3D8R,7.0,-10.0,140.0,0.0019072506,0.20490746,-0.032801796,0.00258988,0.222831,-0.0589998,0.0317498768913103,15.299295634631774,11.082497448096804
PART-PIER-1,426,Pier/C3D8R,-7.0,10.0,140.0,-0.0019072506,-0.20490746,-0.032801796,-0.00258988,-0.222831,-0.0589998,0.0317498768913103,15.299295634631774,11.082497448096804
PART-PIER-1,586,Pier/C3D8R,7.0,10.0,140.0,0.0019072506,-0.20490746,-0.032801796,0.00258988,-0.222831,-0.0589998,0.0317498768913103,15.299295634631774,11.082497448096804
PART-SUPPORTBEAM-2,124,SupportBeam/B31,-111.53846,10.0,-30.0,-0.010052,0.0025898407,-0.23802994,0.011898,0.000309952,-0.260827,0.031728635916597275,13.317025947434697,9.587263025307328
PART-SUPPORTBEAM-2,247,SupportBeam/B31,111.53846,10.0,-30.0,0.010052,0.0025898407,-0.23802994,-0.011898,0.000309952,-0.260827,0.031728635916597275,13.317025947434697,9.587263025307328
PART-SUPPORTBEAM-1,124,SupportBeam/B31,-111.53846,-10.0,-30.0,-0.010052,-0.0025898407,-0.23802994,0.011898,-0.000309952,-0.260827,0.031728635916597275,13.317025947434697,9.587263025307328
PART-SUPPORTBEAM-1,247,SupportBeam/B31,111.53846,-10.0,-30.0,0.010052,-0.0025898407,-0.23802994,-0.011898,-0.000309952,-0.260827,0.031728635916597275,13.317025947434697,9.587263025307328
PART-PIER-2,780,Pier/C3D8R,-3.5,-15.0,140.0,0.000717886,0.20633988,-0.014329005,0.00155726,0.225258,-0.0394976,0.0314969520322253,15.22783209688408,10.569553931435891
PART-PIER-2,858,Pier/C3D8R,3.5,-15.0,140.0,-0.000717886,0.20633988,-0.014329005,-0.00155726,0.225258,-0.0394976,0.0314969520322253,15.22783209688408,10.569553931435891
PART-PIER-1,780,Pier/C3D8R,-3.5,15.0,140.0,0.000717886,-0.20633988,-0.014329005,0.00155726,-0.225258,-0.0394976,0.0314969520322253,15.22783209688408,10.569553931435891
PART-PIER-1,858,Pier/C3D8R,3.5,15.0,140.0,-0.000717886,-0.20633988,-0.014329005,-0.00155726,-0.225258,-0.0394976,0.0314969520322253,15.22783209688408,10.569553931435891
PART-FLOOR-1,267,Floor/S4R,140.0,0.0,0.0,-0.009984652,5.9018414e-15,-0.35923696,-0.00795029,-1.60476e-13,-0.390662,0.03149082037274743,8.762646231123517,8.728247269459539
PART-FLOOR-1,420,Floor/S4R,-140.0,0.0,0.0,0.009984652,3.5070772e-15,-0.35923696,0.00795029,-1.34841e-13,-0.390662,0.03149082037274743,8.762646231123517,8.728247269459539
PART-PIER-2,346,Pier/C3D8R,-7.16667,-10.0,135.0,0.0012184127,0.1950517,-0.026674658,0.00157136,0.211341,-0.0536167,0.03148554419755742,15.992982938134674,10.75365838742051
PART-PIER-2,662,Pier/C3D8R,7.16667,-10.0,135.0,-0.0012184127,0.1950517,-0.026674658,-0.00157136,0.211341,-0.0536167,0.03148554419755742,15.992982938134674,10.75365838742051
PART-PIER-1,424,Pier/C3D8R,-7.16667,10.0,135.0,0.0012184127,-0.1950517,-0.026674658,0.00157136,-0.211341,-0.0536167,0.03148554419755742,15.992982938134674,10.75365838742051
PART-PIER-1,584,Pier/C3D8R,7.16667,10.0,135.0,-0.0012184127,-0.1950517,-0.026674658,-0.00157136,-0.211341,-0.0536167,0.03148554419755742,15.992982938134674,10.75365838742051
PART-PIER-2,781,Pier/C3D8R,-7.0,-15.0,140.0,-0.00063524314,0.2061251,-0.020733684,-0.000851094,0.224977,-0.0457032,0.03128765658335598,15.102681977134308,10.816257353409405
PART-PIER-2,859,Pier/C3D8R,7.0,-15.0,140.0,0.00063524314,0.2061251,-0.020733684,0.000851094,0.224977,-0.0457032,0.03128765658335598,15.102681977134308,10.816257353409405
PART-PIER-1,781,Pier/C3D8R,-7.0,15.0,140.0,-0.00063524314,-0.2061251,-0.020733684,-0.000851094,-0.224977,-0.0457032,0.03128765658335598,15.102681977134308,10.816257353409405
PART-PIER-1,859,Pier/C3D8R,7.0,15.0,140.0,0.00063524314,-0.2061251,-0.020733684,0.000851094,-0.224977,-0.0457032,0.03128765658335598,15.102681977134308,10.816257353409405
PART-PIER-2,347,Pier/C3D8R,-3.5,-10.0,140.0,0.00036375888,0.20762113,-0.028414344,-8.31795e-05,0.225613,-0.0537993,0.03111756949272153,14.849231130055399,10.680641155444917
PART-PIER-2,663,Pier/C3D8R,3.5,-10.0,140.0,-0.00036375888,0.20762113,-0.028414344,8.31795e-05,0.225613,-0.0537993,0.03111756949272153,14.849231130055399,10.680641155444917
PART-PIER-1,425,Pier/C3D8R,-3.5,10.0,140.0,0.00036375888,-0.20762113,-0.028414344,-8.31795e-05,-0.225613,-0.0537993,0.03111756949272153,14.849231130055399,10.680641155444917
PART-PIER-1,585,Pier/C3D8R,3.5,10.0,140.0,-0.00036375888,-0.20762113,-0.028414344,8.31795e-05,-0.225613,-0.0537993,0.03111756949272153,14.849231130055399,10.680641155444917
PART-FLOOR-1,468,Floor/S4R,-230.0,0.0,0.0,0.0059262104,2.0029035e-16,-0.51961195,0.00489439,-9.61889e-15,-0.550555,0.03096024865275398,5.957952903614743,5.952326563633291
PART-FLOOR-1,495,Floor/S4R,230.0,0.0,0.0,-0.0059262104,3.3523126e-16,-0.51961195,-0.00489439,-1.0613e-14,-0.550555,0.03096024865275398,5.957952903614743,5.952326563633291
PART-FLOOR-1,48,Floor/S4R,140.0,10.0,0.0,-0.009963324,0.00045071528,-0.34209055,-0.00796747,0.00016302,-0.372976,0.0309512071406908,9.043822286421916,9.00700932754738
PART-FLOOR-1,66,Floor/S4R,140.0,-10.0,0.0,-0.009963324,-0.00045071528,-0.34209055,-0.00796747,-0.00016302,-0.372976,0.0309512071406908,9.043822286421916,9.00700932754738
PART-FLOOR-1,159,Floor/S4R,-140.0,10.0,0.0,0.009963324,0.00045071528,-0.34209055,0.00796747,0.00016302,-0.372976,0.0309512071406908,9.043822286421916,9.00700932754738
PART-FLOOR-1,165,Floor/S4R,-140.0,-10.0,0.0,0.009963324,-0.00045071528,-0.34209055,0.00796747,-0.00016302,-0.372976,0.0309512071406908,9.043822286421916,9.00700932754738
PART-FLOOR-1,284,Floor/S4R,110.0,-5.0,0.0,-0.007512103,-7.0317255e-05,-0.35929307,-0.00598148,-8.30412e-05,-0.390195,0.030939816521624797,8.609421705462383,8.589786375376127
PART-FLOOR-1,286,Floor/S4R,110.0,5.0,0.0,-0.007512103,7.0317255e-05,-0.35929307,-0.00598148,8.30412e-05,-0.390195,0.030939816521624797,8.609421705462383,8.589786375376127
PART-FLOOR-1,401,Floor/S4R,-110.0,-5.0,0.0,0.007512103,-7.0317255e-05,-0.35929307,0.00598148,-8.30412e-05,-0.390195,0.030939816521624797,8.609421705462383,8.589786375376127
PART-FLOOR-1,403,Floor/S4R,-110.0,5.0,0.0,0.007512103,7.0317255e-05,-0.35929307,0.00598148,8.30412e-05,-0.390195,0.030939816521624797,8.609421705462383,8.589786375376127
PART-SUPPORTBEAM-2,80,SupportBeam/B31,-120.0,10.0,-12.0,0.010043912,0.0011236619,-0.24282457,0.018246,0.000283142,-0.272259,0.030567407326872506,12.577378704468087,12.276043327151536
PART-SUPPORTBEAM-2,269,SupportBeam/B31,120.0,10.0,-12.0,-0.010043912,0.0011236619,-0.24282457,-0.018246,0.000283142,-0.272259,0.030567407326872506,12.577378704468087,12.276043327151536
PART-SUPPORTBEAM-1,80,SupportBeam/B31,-120.0,-10.0,-12.0,0.010043912,-0.0011236619,-0.24282457,0.018246,-0.000283142,-0.272259,0.030567407326872506,12.577378704468087,12.276043327151536
PART-SUPPORTBEAM-1,269,SupportBeam/B31,120.0,-10.0,-12.0,-0.010043912,-0.0011236619,-0.24282457,-0.018246,-0.000283142,-0.272259,0.030567407326872506,12.577378704468087,12.276043327151536
PART-PIER-2,61,Pier/C3D8R,-10.75,-10.0,135.0,-0.0024419618,0.19329219,-0.03248358,-0.00423167,0.208274,-0.0590257,0.030530997697612944,15.575617226927502,10.45822698380084
PART-PIER-2,232,Pier/C3D8R,10.75,-10.0,135.0,0.0024419618,0.19329219,-0.03248358,0.00423167,0.208274,-0.0590257,0.030530997697612944,15.575617226927502,10.45822698380084
PART-PIER-1,105,Pier/C3D8R,-10.75,10.0,135.0,-0.0024419618,-0.19329219,-0.03248358,-0.00423167,-0.208274,-0.0590257,0.030530997697612944,15.575617226927502,10.45822698380084
PART-PIER-1,227,Pier/C3D8R,10.75,10.0,135.0,0.0024419618,-0.19329219,-0.03248358,0.00423167,-0.208274,-0.0590257,0.030530997697612944,15.575617226927502,10.45822698380084
PART-PIER-2,103,Pier/C3D8R,-10.25,-20.0,145.0,5.2322503e-05,0.2204622,-0.00017445594,-0.00280954,0.244118,-0.0189593,0.030342338357229406,13.76305235216391,11.070814002097464
PART-PIER-2,229,Pier/C3D8R,10.25,-20.0,145.0,-5.2322503e-05,0.2204622,-0.00017445594,0.00280954,0.244118,-0.0189593,0.030342338357229406,13.76305235216391,11.070814002097464
PART-PIER-1,63,Pier/C3D8R,-10.25,20.0,145.0,5.2322503e-05,-0.2204622,-0.00017445594,-0.00280954,-0.244118,-0.0189593,0.030342338357229406,13.76305235216391,11.070814002097464
PART-PIER-1,230,Pier/C3D8R,10.25,20.0,145.0,-5.2322503e-05,-0.2204622,-0.00017445594,0.00280954,-0.244118,-0.0189593,0.030342338357229406,13.76305235216391,11.070814002097464
PART-SUPPORTBEAM-2,123,SupportBeam/B31,-107.69231,10.0,-30.0,-0.009942895,0.0025949108,-0.23652573,0.0131287,0.00027965,-0.25599,0.030274027400544874,12.787402355714118,8.26941541614461
PART-SUPPORTBEAM-2,246,SupportBeam/B31,107.69231,10.0,-30.0,0.009942895,0.0025949108,-0.23652573,-0.0131287,0.00027965,-0.25599,0.030274027400544874,12.787402355714118,8.26941541614461
PART-SUPPORTBEAM-1,123,SupportBeam/B31,-107.69231,-10.0,-30.0,-0.009942895,-0.0025949108,-0.23652573,0.0131287,-0.00027965,-0.25599,0.030274027400544874,12.787402355714118,8.26941541614461
PART-SUPPORTBEAM-1,246,SupportBeam/B31,107.69231,-10.0,-30.0,0.009942895,-0.0025949108,-0.23652573,-0.0131287,-0.00027965,-0.25599,0.030274027400544874,12.787402355714118,8.26941541614461
PART-PIER-2,428,Pier/C3D8R,-6.83333,-20.0,145.0,-0.00057321996,0.21664025,-0.010819974,-0.00103299,0.23696,-0.0331535,0.030197516655262525,13.921613651115905,10.308020619230492
PART-PIER-2,588,Pier/C3D8R,6.83333,-20.0,145.0,0.00057321996,0.21664025,-0.010819974,0.00103299,0.23696,-0.0331535,0.030197516655262525,13.921613651115905,10.308020619230492
PART-PIER-1,350,Pier/C3D8R,-6.83333,20.0,145.0,-0.00057321996,-0.21664025,-0.010819974,-0.00103299,-0.23696,-0.0331535,0.030197516655262525,13.921613651115905,10.308020619230492
PART-PIER-1,666,Pier/C3D8R,6.83333,20.0,145.0,0.00057321996,-0.21664025,-0.010819974,0.00103299,-0.23696,-0.0331535,0.030197516655262525,13.921613651115905,10.308020619230492
PART-PIER-2,272,Pier/C3D8R,-6.66667,-15.0,150.0,-0.00070248405,0.2314409,-0.010022953,-0.00193719,0.255546,-0.0280687,0.03013684339112134,13.009145836928306,10.977903501479078
PART-PIER-2,510,Pier/C3D8R,6.66667,-15.0,150.0,0.00070248405,0.2314409,-0.010022953,0.00193719,0.255546,-0.0280687,0.03013684339112134,13.009145836928306,10.977903501479078
PART-PIER-1,272,Pier/C3D8R,-6.66667,15.0,150.0,-0.00070248405,-0.2314409,-0.010022953,-0.00193719,-0.255546,-0.0280687,0.03013684339112134,13.009145836928306,10.977903501479078
PART-PIER-1,510,Pier/C3D8R,6.66667,15.0,150.0,0.00070248405,-0.2314409,-0.010022953,0.00193719,-0.255546,-0.0280687,0.03013684339112134,13.009145836928306,10.977903501479078
PART-SUPPORTBEAM-2,196,SupportBeam/B31,-84.61539,10.0,-30.0,-0.009307747,0.0026235653,-0.24813698,0.0204992,7.18694e-05,-0.246119,0.029983953787105624,12.07446364929981,0.5453028514714855
PART-SUPPORTBEAM-2,220,SupportBeam/B31,84.61539,10.0,-30.0,0.009307747,0.0026235653,-0.24813698,-0.0204992,7.18694e-05,-0.246119,0.029983953787105624,12.07446364929981,0.5453028514714855
PART-SUPPORTBEAM-1,196,SupportBeam/B31,-84.61539,-10.0,-30.0,-0.009307747,-0.0026235653,-0.24813698,0.0204992,-7.18694e-05,-0.246119,0.029983953787105624,12.07446364929981,0.5453028514714855
PART-SUPPORTBEAM-1,220,SupportBeam/B31,84.61539,-10.0,-30.0,0.009307747,-0.0026235653,-0.24813698,-0.0204992,-7.18694e-05,-0.246119,0.029983953787105624,12.07446364929981,0.5453028514714855
PART-PIER-2,67,Pier/C3D8R,0.0,-10.0,130.0,-1.2023685e-15,0.18548979,-0.032369267,-8.5923e-14,0.199809,-0.0584565,0.02975875502470473,15.804498491813629,10.564171809317429
PART-PIER-1,177,Pier/C3D8R,0.0,10.0,130.0,-2.2845805e-14,-0.18548979,-0.032369267,-2.78791e-14,-0.199809,-0.0584565,0.02975875502470473,15.804498491813629,10.564171809317429
PART-PIER-2,66,Pier/C3D8R,0.0,-10.0,135.0,-1.5370622e-15,0.19020012,-0.022323916,-9.60332e-14,0.204415,-0.0482827,0.029595967295782993,15.454351157845442,9.678070810388158
PART-PIER-1,178,Pier/C3D8R,0.0,10.0,135.0,-2.4182384e-14,-0.19020012,-0.022323916,-3.38947e-14,-0.204415,-0.0482827,0.029595967295782993,15.454351157845442,9.678070810388158
PART-PIER-2,782,Pier/C3D8R,-3.41667,-15.0,145.0,-0.0018399628,0.21858588,-0.023425482,-0.00369968,0.240194,-0.0433936,0.029480419509571074,13.409624294247646,11.03735198025576
PART-PIER-2,860,Pier/C3D8R,3.41667,-15.0,145.0,0.0018399628,0.21858588,-0.023425482,0.00369968,0.240194,-0.0433936,0.029480419509571074,13.409624294247646,11.03735198025576
PART-PIER-1,782,Pier/C3D8R,-3.41667,15.0,145.0,-0.0018399628,-0.21858588,-0.023425482,-0.00369968,-0.240194,-0.0433936,0.029480419509571074,13.409624294247646,11.03735198025576
PART-PIER-1,860,Pier/C3D8R,3.41667,15.0,145.0,0.0018399628,-0.21858588,-0.023425482,0.00369968,-0.240194,-0.0433936,0.029480419509571074,13.409624294247646,11.03735198025576
PART-FLOOR-1,269,Floor/S4R,135.0,-5.0,0.0,-0.009530912,-0.00020482008,-0.41302896,-0.00763656,-9.08111e-05,-0.442385,0.029417318912997883,7.120441693762887,7.094938280299587
PART-FLOOR-1,271,Floor/S4R,135.0,5.0,0.0,-0.009530912,0.00020482008,-0.41302896,-0.00763656,9.08111e-05,-0.442385,0.029417318912997883,7.120441693762887,7.094938280299587
PART-FLOOR-1,416,Floor/S4R,-135.0,-5.0,0.0,0.009530912,-0.00020482008,-0.41302896,0.00763656,-9.08111e-05,-0.442385,0.029417318912997883,7.120441693762887,7.094938280299587
PART-FLOOR-1,418,Floor/S4R,-135.0,5.0,0.0,0.009530912,0.00020482008,-0.41302896,0.00763656,9.08111e-05,-0.442385,0.029417318912997883,7.120441693762887,7.094938280299587
PART-PIER-2,344,Pier/C3D8R,-7.33333,-10.0,130.0,-0.0016508006,0.18249689,-0.0314068,-0.0022535,0.195743,-0.0576368,0.029391079883169666,15.871027110391703,10.193853688612217
PART-PIER-2,660,Pier/C3D8R,7.33333,-10.0,130.0,0.0016508006,0.18249689,-0.0314068,0.0022535,0.195743,-0.0576368,0.029391079883169666,15.871027110391703,10.193853688612217
PART-PIER-1,422,Pier/C3D8R,-7.33333,10.0,130.0,-0.0016508006,-0.18249689,-0.0314068,-0.0022535,-0.195743,-0.0576368,0.029391079883169666,15.871027110391703,10.193853688612217
PART-PIER-1,582,Pier/C3D8R,7.33333,10.0,130.0,0.0016508006,-0.18249689,-0.0314068,0.0022535,-0.195743,-0.0576368,0.029391079883169666,15.871027110391703,10.193853688612217
PART-PIER-2,104,Pier/C3D8R,-10.5,-20.0,140.0,-0.00048103952,0.20502795,-0.008561309,0.000936107,0.223209,-0.0315517,0.02934479445650505,14.300081565890155,9.854784875535795
PART-PIER-2,228,Pier/C3D8R,10.5,-20.0,140.0,0.00048103952,0.20502795,-0.008561309,-0.000936107,0.223209,-0.0315517,0.02934479445650505,14.300081565890155,9.854784875535795
PART-PIER-1,62,Pier/C3D8R,-10.5,20.0,140.0,-0.00048103952,-0.20502795,-0.008561309,0.000936107,-0.223209,-0.0315517,0.02934479445650505,14.300081565890155,9.854784875535795
PART-PIER-1,231,Pier/C3D8R,10.5,20.0,140.0,0.00048103952,-0.20502795,-0.008561309,-0.000936107,-0.223209,-0.0315517,0.02934479445650505,14.300081565890155,9.854784875535795
PART-PIER-2,505,Pier/C3D8R,-10.5,-15.0,140.0,0.0003057182,0.20596176,-0.015199115,-0.00172903,0.224218,-0.038048,0.029317265304223523,14.195707759404424,10.123782409053424
PART-PIER-2,704,Pier/C3D8R,10.5,-15.0,140.0,-0.0003057182,0.20596176,-0.015199115,0.00172903,0.224218,-0.038048,0.029317265304223523,14.195707759404424,10.123782409053424
PART-PIER-1,505,Pier/C3D8R,-10.5,15.0,140.0,0.0003057182,-0.20596176,-0.015199115,-0.00172903,-0.224218,-0.038048,0.029317265304223523,14.195707759404424,10.123782409053424
PART-PIER-1,704,Pier/C3D8R,10.5,15.0,140.0,-0.0003057182,-0.20596176,-0.015199115,0.00172903,-0.224218,-0.038048,0.029317265304223523,14.195707759404424,10.123782409053424
PART-PIER-2,60,Pier/C3D8R,-11.0,-10.0,130.0,0.001190811,0.18305235,-0.026200471,0.00173421,0.196525,-0.0522277,0.029312526842872864,15.851315652214826,9.967562757474536
PART-PIER-2,233,Pier/C3D8R,11.0,-10.0,130.0,-0.001190811,0.18305235,-0.026200471,-0.00173421,0.196525,-0.0522277,0.029312526842872864,15.851315652214826,9.967562757474536
PART-PIER-1,106,Pier/C3D8R,-11.0,10.0,130.0,0.001190811,-0.18305235,-0.026200471,0.00173421,-0.196525,-0.0522277,0.029312526842872864,15.851315652214826,9.967562757474536
PART-PIER-1,226,Pier/C3D8R,11.0,10.0,130.0,-0.001190811,-0.18305235,-0.026200471,-0.00173421,-0.196525,-0.0522277,0.029312526842872864,15.851315652214826,9.967562757474536
PART-PIER-2,180,Pier/C3D8R,0.0,-20.0,145.0,-4.9229995e-15,0.22702451,0.01012533,-2.89669e-13,0.252505,-0.00405627,0.029161158228028228,12.832181912885812,11.12755250136303
PART-PIER-1,64,Pier/C3D8R,0.0,20.0,145.0,-2.4703032e-14,-0.22702451,0.01012533,-2.33707e-13,-0.252505,-0.00405627,0.029161158228028228,12.832181912885812,11.12755250136303
PART-PIER-2,465,Pier/C3D8R,0.0,-15.0,135.0,-3.0025948e-15,0.19436423,-0.0203642,-1.8065e-13,0.210365,-0.0446811,0.02910904097016767,14.895010641831608,10.04441581908062
PART-PIER-1,465,Pier/C3D8R,0.0,15.0,135.0,-2.317682e-14,-0.19436423,-0.0203642,-1.24483e-13,-0.210365,-0.0446811,0.02910904097016767,14.895010641831608,10.04441581908062
PART-SUPPORTBEAM-2,122,SupportBeam/B31,-103.84615,10.0,-30.0,-0.009833789,0.002599608,-0.23551787,0.0143594,0.000248167,-0.251447,0.02906160441756617,12.327955880604971,6.837856418299662
PART-SUPPORTBEAM-2,245,SupportBeam/B31,103.84615,10.0,-30.0,0.009833789,0.002599608,-0.23551787,-0.0143594,0.000248167,-0.251447,0.02906160441756617,12.327955880604971,6.837856418299662
PART-SUPPORTBEAM-1,122,SupportBeam/B31,-103.84615,-10.0,-30.0,-0.009833789,-0.002599608,-0.23551787,0.0143594,-0.000248167,-0.251447,0.02906160441756617,12.327955880604971,6.837856418299662
PART-SUPPORTBEAM-1,245,SupportBeam/B31,103.84615,-10.0,-30.0,0.009833789,-0.002599608,-0.23551787,-0.0143594,-0.000248167,-0.251447,0.02906160441756617,12.327955880604971,6.837856418299662
PART-PIER-2,504,Pier/C3D8R,-10.75,-15.0,135.0,-0.001063316,0.19410202,-0.019201174,-0.000339864,0.210391,-0.0431171,0.028945220135182602,14.839720562917332,10.105835388856724
PART-PIER-2,703,Pier/C3D8R,10.75,-15.0,135.0,0.001063316,0.19410202,-0.019201174,0.000339864,0.210391,-0.0431171,0.028945220135182602,14.839720562917332,10.105835388856724
PART-PIER-1,504,Pier/C3D8R,-10.75,15.0,135.0,-0.001063316,-0.19410202,-0.019201174,-0.000339864,-0.210391,-0.0431171,0.028945220135182602,14.839720562917332,10.105835388856724
PART-PIER-1,703,Pier/C3D8R,10.75,15.0,135.0,0.001063316,-0.19410202,-0.019201174,0.000339864,-0.210391,-0.0431171,0.028945220135182602,14.839720562917332,10.105835388856724
PART-PIER-2,343,Pier/C3D8R,-3.66667,-10.0,130.0,0.0009014463,0.18345101,-0.026856536,0.00127005,0.196003,-0.0529335,0.02894298486861799,15.610376516915709,9.503493859181441
PART-PIER-2,659,Pier/C3D8R,3.66667,-10.0,130.0,-0.0009014463,0.18345101,-0.026856536,-0.00127005,0.196003,-0.0529335,0.02894298486861799,15.610376516915709,9.503493859181441
PART-PIER-1,421,Pier/C3D8R,-3.66667,10.0,130.0,0.0009014463,-0.18345101,-0.026856536,0.00127005,-0.196003,-0.0529335,0.02894298486861799,15.610376516915709,9.503493859181441
PART-PIER-1,581,Pier/C3D8R,3.66667,10.0,130.0,-0.0009014463,-0.18345101,-0.026856536,-0.00127005,-0.196003,-0.0529335,0.02894298486861799,15.610376516915709,9.503493859181441
PART-SUPPORTBEAM-2,197,SupportBeam/B31,-88.46154,10.0,-30.0,-0.009411981,0.002618367,-0.24492016,0.0192719,0.00010977,-0.247059,0.028872698603978293,11.779249555041195,1.099327188110962
PART-SUPPORTBEAM-2,221,SupportBeam/B31,88.46154,10.0,-30.0,0.009411981,0.002618367,-0.24492016,-0.0192719,0.00010977,-0.247059,0.028872698603978293,11.779249555041195,1.099327188110962
PART-SUPPORTBEAM-1,197,SupportBeam/B31,-88.46154,-10.0,-30.0,-0.009411981,-0.002618367,-0.24492016,0.0192719,-0.00010977,-0.247059,0.028872698603978293,11.779249555041195,1.099327188110962
PART-SUPPORTBEAM-1,221,SupportBeam/B31,88.46154,-10.0,-30.0,0.009411981,-0.002618367,-0.24492016,-0.0192719,-0.00010977,-0.247059,0.028872698603978293,11.779249555041195,1.099327188110962
PART-FLOOR-1,288,Floor/S4R,105.0,0.0,0.0,-0.0072034667,7.1047616e-15,-0.32184964,-0.00569007,-2.30277e-13,-0.350505,0.028695296239996754,8.913513705205965,8.890417027016316
PART-FLOOR-1,399,Floor/S4R,-105.0,0.0,0.0,0.0072034667,4.5115554e-15,-0.32184964,0.00569007,-2.04059e-13,-0.350505,0.028695296239996754,8.913513705205965,8.890417027016316
PART-PIER-2,466,Pier/C3D8R,0.0,-15.0,140.0,-3.0046935e-15,0.20628075,-0.010387057,-1.9225e-13,0.225,-0.0320222,0.02860925957086182,13.851539066868549,10.034366461513752
PART-PIER-1,466,Pier/C3D8R,0.0,15.0,140.0,-2.4212388e-14,-0.20628075,-0.010387057,-1.32275e-13,-0.225,-0.0320222,0.02860925957086182,13.851539066868549,10.034366461513752
PART-PIER-2,425,Pier/C3D8R,-3.5,-20.0,140.0,-0.0008490232,0.20498818,-0.009729556,-0.00186554,0.224628,-0.0304584,0.028573428383962228,13.923267610822668,10.462181899889238
PART-PIER-2,585,Pier/C3D8R,3.5,-20.0,140.0,0.0008490232,0.20498818,-0.009729556,0.00186554,0.224628,-0.0304584,0.028573428383962228,13.923267610822668,10.462181899889238
PART-PIER-1,347,Pier/C3D8R,-3.5,20.0,140.0,-0.0008490232,-0.20498818,-0.009729556,-0.00186554,-0.224628,-0.0304584,0.028573428383962228,13.923267610822668,10.462181899889238
PART-PIER-1,663,Pier/C3D8R,3.5,20.0,140.0,0.0008490232,-0.20498818,-0.009729556,0.00186554,-0.224628,-0.0304584,0.028573428383962228,13.923267610822668,10.462181899889238
PART-SUPPORTBEAM-2,43,SupportBeam/B31,-236.66667,10.0,-22.0,0.022474887,0.001079243,-0.07199962,0.0301611,0.00111712,-0.0995168,0.02857051802297078,37.87504711446198,37.860217684034794
PART-SUPPORTBEAM-2,340,SupportBeam/B31,236.66667,10.0,-22.0,-0.022474887,0.001079243,-0.07199962,-0.0301611,0.00111712,-0.0995168,0.02857051802297078,37.87504711446198,37.860217684034794
PART-SUPPORTBEAM-1,43,SupportBeam/B31,-236.66667,-10.0,-22.0,0.022474887,-0.001079243,-0.07199962,0.0301611,-0.00111712,-0.0995168,0.02857051802297078,37.87504711446198,37.860217684034794
PART-SUPPORTBEAM-1,340,SupportBeam/B31,236.66667,-10.0,-22.0,-0.022474887,-0.001079243,-0.07199962,-0.0301611,-0.00111712,-0.0995168,0.02857051802297078,37.87504711446198,37.860217684034794
PART-PIER-2,68,Pier/C3D8R,0.0,-10.0,125.0,-7.508777e-16,0.17050633,-0.026919156,-8.1499e-14,0.180588,-0.0534191,0.028352902884749485,16.425208792811592,9.098099065964966
PART-PIER-1,176,Pier/C3D8R,0.0,10.0,125.0,-2.2347507e-14,-0.17050633,-0.026919156,-2.57485e-14,-0.180588,-0.0534191,0.028352902884749485,16.425208792811592,9.098099065964966
PART-SUPPORTBEAM-2,9,SupportBeam/B31,-100.0,10.0,-30.0,-0.009724684,0.0026040894,-0.23576926,0.0155901,0.000215665,-0.248212,0.02830838460224763,11.995886497495057,5.388972095327659
PART-SUPPORTBEAM-2,13,SupportBeam/B31,100.0,10.0,-30.0,0.009724684,0.0026040894,-0.23576926,-0.0155901,0.000215665,-0.248212,0.02830838460224763,11.995886497495057,5.388972095327659
PART-SUPPORTBEAM-1,9,SupportBeam/B31,-100.0,-10.0,-30.0,-0.009724684,-0.0026040894,-0.23576926,0.0155901,-0.000215665,-0.248212,0.02830838460224763,11.995886497495057,5.388972095327659
PART-SUPPORTBEAM-1,13,SupportBeam/B31,100.0,-10.0,-30.0,0.009724684,-0.0026040894,-0.23576926,-0.0155901,-0.000215665,-0.248212,0.02830838460224763,11.995886497495057,5.388972095327659
PART-PIER-2,341,Pier/C3D8R,-3.75,-10.0,125.0,-0.0012046604,0.17153896,-0.03020619,-0.0018691,0.182829,-0.0561358,0.028288710786031734,16.240862507655653,9.805653049500584
PART-PIER-2,657,Pier/C3D8R,3.75,-10.0,125.0,0.0012046604,0.17153896,-0.03020619,0.0018691,0.182829,-0.0561358,0.028288710786031734,16.240862507655653,9.805653049500584
PART-PIER-1,419,Pier/C3D8R,-3.75,10.0,125.0,-0.0012046604,-0.17153896,-0.03020619,-0.0018691,-0.182829,-0.0561358,0.028288710786031734,16.240862507655653,9.805653049500584
PART-PIER-1,579,Pier/C3D8R,3.75,10.0,125.0,0.0012046604,-0.17153896,-0.03020619,0.0018691,-0.182829,-0.0561358,0.028288710786031734,16.240862507655653,9.805653049500584
PART-PIER-2,779,Pier/C3D8R,-7.16667,-15.0,135.0,0.00023411764,0.19429275,-0.016214218,0.00019808,0.210092,-0.0396486,0.02826283529647939,14.496120074374364,9.659177004921798
PART-PIER-2,857,Pier/C3D8R,7.16667,-15.0,135.0,-0.00023411764,0.19429275,-0.016214218,-0.00019808,0.210092,-0.0396486,0.02826283529647939,14.496120074374364,9.659177004921798
PART-PIER-1,779,Pier/C3D8R,-7.16667,15.0,135.0,0.00023411764,-0.19429275,-0.016214218,0.00019808,-0.210092,-0.0396486,0.02826283529647939,14.496120074374364,9.659177004921798
PART-PIER-1,857,Pier/C3D8R,7.16667,15.0,135.0,-0.00023411764,-0.19429275,-0.016214218,-0.00019808,-0.210092,-0.0396486,0.02826283529647939,14.496120074374364,9.659177004921798
PART-SUPPORTBEAM-2,198,SupportBeam/B31,-92.30769,10.0,-30.0,-0.009516216,0.0026134008,-0.24142727,0.0180446,0.000146498,-0.247161,0.028258801243566646,11.695125772109142,2.5617735577954353
PART-SUPPORTBEAM-2,222,SupportBeam/B31,92.30769,10.0,-30.0,0.009516216,0.0026134008,-0.24142727,-0.0180446,0.000146498,-0.247161,0.028258801243566646,11.695125772109142,2.5617735577954353
PART-SUPPORTBEAM-1,198,SupportBeam/B31,-92.30769,-10.0,-30.0,-0.009516216,-0.0026134008,-0.24142727,0.0180446,-0.000146498,-0.247161,0.028258801243566646,11.695125772109142,2.5617735577954353
PART-SUPPORTBEAM-1,222,SupportBeam/B31,92.30769,-10.0,-30.0,0.009516216,-0.0026134008,-0.24142727,-0.0180446,-0.000146498,-0.247161,0.028258801243566646,11.695125772109142,2.5617735577954353
PART-PIER-2,6,Pier/C3D8R,-10.0,-20.0,150.0,0.0014542649,0.22852807,0.0016458009,0.0045739,0.250183,-0.0161703,0.028214917468265474,12.345798300911886,9.717450139737375
PART-PIER-2,12,Pier/C3D8R,10.0,-20.0,150.0,-0.0014542649,0.22852807,0.0016458009,-0.0045739,0.250183,-0.0161703,0.028214917468265474,12.345798300911886,9.717450139737375
PART-PIER-1,7,Pier/C3D8R,-10.0,20.0,150.0,0.0014542649,-0.22852807,0.0016458009,0.0045739,-0.250183,-0.0161703,0.028214917468265474,12.345798300911886,9.717450139737375
PART-PIER-1,11,Pier/C3D8R,10.0,20.0,150.0,-0.0014542649,-0.22852807,0.0016458009,-0.0045739,-0.250183,-0.0161703,0.028214917468265474,12.345798300911886,9.717450139737375
PART-PIER-2,59,Pier/C3D8R,-11.25,-10.0,125.0,-0.0017367677,0.1713624,-0.030328812,-0.00227785,0.181914,-0.0564896,0.02821375305407484,16.211608146513697,9.459267953893061
PART-PIER-2,234,Pier/C3D8R,11.25,-10.0,125.0,0.0017367677,0.1713624,-0.030328812,0.00227785,0.181914,-0.0564896,0.02821375305407484,16.211608146513697,9.459267953893061
PART-PIER-1,107,Pier/C3D8R,-11.25,10.0,125.0,-0.0017367677,-0.1713624,-0.030328812,-0.00227785,-0.181914,-0.0564896,0.02821375305407484,16.211608146513697,9.459267953893061
PART-PIER-1,225,Pier/C3D8R,11.25,10.0,125.0,0.0017367677,-0.1713624,-0.030328812,0.00227785,-0.181914,-0.0564896,0.02821375305407484,16.211608146513697,9.459267953893061
PART-FLOOR-1,55,Floor/S4R,105.0,10.0,0.0,-0.0072379345,0.00020065247,-0.27437693,-0.00561784,0.000160192,-0.30247,0.02813977479056047,10.252312916048977,10.219515598901717
PART-FLOOR-1,59,Floor/S4R,105.0,-10.0,0.0,-0.0072379345,-0.00020065247,-0.27437693,-0.00561784,-0.000160192,-0.30247,0.02813977479056047,10.252312916048977,10.219515598901717
PART-FLOOR-1,152,Floor/S4R,-105.0,10.0,0.0,0.0072379345,0.00020065247,-0.27437693,0.00561784,0.000160192,-0.30247,0.02813977479056047,10.252312916048977,10.219515598901717
PART-FLOOR-1,172,Floor/S4R,-105.0,-10.0,0.0,0.0072379345,-0.00020065247,-0.27437693,0.00561784,-0.000160192,-0.30247,0.02813977479056047,10.252312916048977,10.219515598901717
PART-PIER-2,778,Pier/C3D8R,-3.58333,-15.0,135.0,-0.00016542907,0.1942659,-0.020068934,-0.000390556,0.210138,-0.0432816,0.0281212038037522,14.39898932413351,9.856391135928884
PART-PIER-2,856,Pier/C3D8R,3.58333,-15.0,135.0,0.00016542907,0.1942659,-0.020068934,0.000390556,0.210138,-0.0432816,0.0281212038037522,14.39898932413351,9.856391135928884
PART-PIER-1,778,Pier/C3D8R,-3.58333,15.0,135.0,-0.00016542907,-0.1942659,-0.020068934,-0.000390556,-0.210138,-0.0432816,0.0281212038037522,14.39898932413351,9.856391135928884
PART-PIER-1,856,Pier/C3D8R,3.58333,15.0,135.0,0.00016542907,-0.1942659,-0.020068934,0.000390556,-0.210138,-0.0432816,0.0281212038037522,14.39898932413351,9.856391135928884
PART-SUPPORTBEAM-2,79,SupportBeam/B31,-116.66666,10.0,-10.0,0.009844533,0.00095956447,-0.24182926,0.0166371,0.000265057,-0.269042,0.02805627426054599,11.591994904491182,11.37231783050083
PART-SUPPORTBEAM-2,268,SupportBeam/B31,116.66666,10.0,-10.0,-0.009844533,0.00095956447,-0.24182926,-0.0166371,0.000265057,-0.269042,0.02805627426054599,11.591994904491182,11.37231783050083
PART-SUPPORTBEAM-1,79,SupportBeam/B31,-116.66666,-10.0,-10.0,0.009844533,-0.00095956447,-0.24182926,0.0166371,-0.000265057,-0.269042,0.02805627426054599,11.591994904491182,11.37231783050083
PART-SUPPORTBEAM-1,268,SupportBeam/B31,116.66666,-10.0,-10.0,-0.009844533,-0.00095956447,-0.24182926,-0.0166371,-0.000265057,-0.269042,0.02805627426054599,11.591994904491182,11.37231783050083
PART-SUPPORTBEAM-2,199,SupportBeam/B31,-96.15385,10.0,-30.0,-0.0096204495,0.0026086476,-0.2381621,0.0168173,0.000181861,-0.247215,0.028049935654769154,11.767363677517043,3.9500759191687567
PART-SUPPORTBEAM-2,223,SupportBeam/B31,96.15385,10.0,-30.0,0.0096204495,0.0026086476,-0.2381621,-0.0168173,0.000181861,-0.247215,0.028049935654769154,11.767363677517043,3.9500759191687567
PART-SUPPORTBEAM-1,199,SupportBeam/B31,-96.15385,-10.0,-30.0,-0.0096204495,-0.0026086476,-0.2381621,0.0168173,-0.000181861,-0.247215,0.028049935654769154,11.767363677517043,3.9500759191687567
PART-SUPPORTBEAM-1,223,SupportBeam/B31,96.15385,-10.0,-30.0,0.0096204495,-0.0026086476,-0.2381621,-0.0168173,-0.000181861,-0.247215,0.028049935654769154,11.767363677517043,3.9500759191687567
PART-PIER-2,342,Pier/C3D8R,-7.5,-10.0,125.0,0.0009193642,0.17178912,-0.026220039,0.0011474,0.18219,-0.0521473,0.027936591919248178,16.075745473677724,9.050761098004607
PART-PIER-2,658,Pier/C3D8R,7.5,-10.0,125.0,-0.0009193642,0.17178912,-0.026220039,-0.0011474,0.18219,-0.0521473,0.027936591919248178,16.075745473677724,9.050761098004607
PART-PIER-1,420,Pier/C3D8R,-7.5,10.0,125.0,0.0009193642,-0.17178912,-0.026220039,0.0011474,-0.18219,-0.0521473,0.027936591919248178,16.075745473677724,9.050761098004607
PART-PIER-1,580,Pier/C3D8R,7.5,10.0,125.0,-0.0009193642,-0.17178912,-0.026220039,-0.0011474,-0.18219,-0.0521473,0.027936591919248178,16.075745473677724,9.050761098004607
PART-FLOOR-1,50,Floor/S4R,130.0,10.0,0.0,-0.009144885,0.0003764407,-0.46041536,-0.0073006,0.000197011,-0.488288,0.0279341662261122,6.065967995716912,6.044713942032211
PART-FLOOR-1,64,Floor/S4R,130.0,-10.0,0.0,-0.009144885,-0.0003764407,-0.46041536,-0.0073006,-0.000197011,-0.488288,0.0279341662261122,6.065967995716912,6.044713942032211
PART-FLOOR-1,157,Floor/S4R,-130.0,10.0,0.0,0.009144885,0.0003764407,-0.46041536,0.0073006,0.000197011,-0.488288,0.0279341662261122,6.065967995716912,6.044713942032211
PART-FLOOR-1,167,Floor/S4R,-130.0,-10.0,0.0,0.009144885,-0.0003764407,-0.46041536,0.0073006,-0.000197011,-0.488288,0.0279341662261122,6.065967995716912,6.044713942032211
PART-SUPPORTBEAM-2,29,SupportBeam/B31,-234.61539,10.0,-30.0,-0.0051076673,0.0017504547,-0.074892566,-0.00354871,0.00138836,-0.102667,0.02782050762396954,37.05105978594916,36.82498160443162
PART-SUPPORTBEAM-2,319,SupportBeam/B31,234.61539,10.0,-30.0,0.0051076673,0.0017504547,-0.074892566,0.00354871,0.00138836,-0.102667,0.02782050762396954,37.05105978594916,36.82498160443162
PART-SUPPORTBEAM-1,29,SupportBeam/B31,-234.61539,-10.0,-30.0,-0.0051076673,-0.0017504547,-0.074892566,-0.00354871,-0.00138836,-0.102667,0.02782050762396954,37.05105978594916,36.82498160443162
PART-SUPPORTBEAM-1,319,SupportBeam/B31,234.61539,-10.0,-30.0,0.0051076673,-0.0017504547,-0.074892566,0.00354871,-0.00138836,-0.102667,0.02782050762396954,37.05105978594916,36.82498160443162
PART-PIER-2,179,Pier/C3D8R,0.0,-20.0,140.0,-5.113641e-15,0.20002824,-0.013648805,-2.74884e-13,0.2162,-0.0361758,0.027730692837136712,13.831227671816487,9.333136144329274
PART-PIER-1,65,Pier/C3D8R,0.0,20.0,140.0,-2.420501e-14,-0.20002824,-0.013648805,-2.23292e-13,-0.2162,-0.0361758,0.027730692837136712,13.831227671816487,9.333136144329274
PART-PIER-2,178,Pier/C3D8R,0.0,-20.0,135.0,-4.6623412e-15,0.19860217,-0.0031026497,-2.71483e-13,0.216239,-0.0242457,0.02753336790945179,13.861887118585233,9.549394836173134
PART-PIER-1,66,Pier/C3D8R,0.0,20.0,135.0,-2.3429905e-14,-0.19860217,-0.0031026497,-2.21544e-13,-0.216239,-0.0242457,0.02753336790945179,13.861887118585233,9.549394836173134
PART-PIER-2,776,Pier/C3D8R,-3.66667,-15.0,130.0,-0.000302844,0.18282741,-0.016334211,-0.000570238,0.19604,-0.0403388,0.027401903713396573,14.928371757544062,9.039281285185977
PART-PIER-2,854,Pier/C3D8R,3.66667,-15.0,130.0,0.000302844,0.18282741,-0.016334211,0.000570238,0.19604,-0.0403388,0.027401903713396573,14.928371757544062,9.039281285185977
PART-PIER-1,776,Pier/C3D8R,-3.66667,15.0,130.0,-0.000302844,-0.18282741,-0.016334211,-0.000570238,-0.19604,-0.0403388,0.027401903713396573,14.928371757544062,9.039281285185977
PART-PIER-1,854,Pier/C3D8R,3.66667,15.0,130.0,0.000302844,-0.18282741,-0.016334211,0.000570238,-0.19604,-0.0403388,0.027401903713396573,14.928371757544062,9.039281285185977
PART-FLOOR-1,273,Floor/S4R,130.0,0.0,0.0,-0.009133708,6.2807946e-15,-0.45439717,-0.00730678,-1.8031e-13,-0.481736,0.02739980459211494,6.028706335826841,6.007286151442761
PART-FLOOR-1,414,Floor/S4R,-130.0,0.0,0.0,0.009133708,3.848223e-15,-0.45439717,0.00730678,-1.5444e-13,-0.481736,0.02739980459211494,6.028706335826841,6.007286151442761
PART-PIER-2,424,Pier/C3D8R,-7.16667,-20.0,135.0,-0.00034618165,0.19356133,-0.007664534,-0.000727248,0.209397,-0.029878,0.02728281011269107,14.084116158994856,9.191812938688495
PART-PIER-2,584,Pier/C3D8R,7.16667,-20.0,135.0,0.00034618165,0.19356133,-0.007664534,0.000727248,0.209397,-0.029878,0.02728281011269107,14.084116158994856,9.191812938688495
PART-PIER-1,346,Pier/C3D8R,-7.16667,20.0,135.0,-0.00034618165,-0.19356133,-0.007664534,-0.000727248,-0.209397,-0.029878,0.02728281011269107,14.084116158994856,9.191812938688495
PART-PIER-1,662,Pier/C3D8R,7.16667,20.0,135.0,0.00034618165,-0.19356133,-0.007664534,0.000727248,-0.209397,-0.029878,0.02728281011269107,14.084116158994856,9.191812938688495
PART-PIER-2,464,Pier/C3D8R,0.0,-15.0,130.0,-2.8174406e-15,0.1828064,-0.017758053,-1.75792e-13,0.195934,-0.0416286,0.02724218963004275,14.832389705647909,9.060179518645493
PART-PIER-1,464,Pier/C3D8R,0.0,15.0,130.0,-2.27411e-14,-0.1828064,-0.017758053,-1.21993e-13,-0.195934,-0.0416286,0.02724218963004275,14.832389705647909,9.060179518645493
PART-PIER-2,503,Pier/C3D8R,-11.0,-15.0,130.0,0.0009266014,0.18245801,-0.016736424,0.000635619,0.195083,-0.0406963,0.027084141138175043,14.781794500013271,8.763642145040182
PART-PIER-2,702,Pier/C3D8R,11.0,-15.0,130.0,-0.0009266014,0.18245801,-0.016736424,-0.000635619,0.195083,-0.0406963,0.027084141138175043,14.781794500013271,8.763642145040182
PART-PIER-1,503,Pier/C3D8R,-11.0,15.0,130.0,0.0009266014,-0.18245801,-0.016736424,0.000635619,-0.195083,-0.0406963,0.027084141138175043,14.781794500013271,8.763642145040182
PART-PIER-1,702,Pier/C3D8R,11.0,15.0,130.0,-0.0009266014,-0.18245801,-0.016736424,-0.000635619,-0.195083,-0.0406963,0.027084141138175043,14.781794500013271,8.763642145040182
PART-PIER-2,426,Pier/C3D8R,-7.0,-20.0,140.0,0.0006301326,0.20751642,-0.0026383842,0.00109195,0.226943,-0.0214622,0.027054414188440165,13.036126541538021,9.841299740111683
PART-PIER-2,586,Pier/C3D8R,7.0,-20.0,140.0,-0.0006301326,0.20751642,-0.0026383842,-0.00109195,0.226943,-0.0214622,0.027054414188440165,13.036126541538021,9.841299740111683
PART-PIER-1,348,Pier/C3D8R,-7.0,20.0,140.0,0.0006301326,-0.20751642,-0.0026383842,0.00109195,-0.226943,-0.0214622,0.027054414188440165,13.036126541538021,9.841299740111683
PART-PIER-1,664,Pier/C3D8R,7.0,20.0,140.0,-0.0006301326,-0.20751642,-0.0026383842,-0.00109195,-0.226943,-0.0214622,0.027054414188440165,13.036126541538021,9.841299740111683
PART-PIER-2,777,Pier/C3D8R,-7.33333,-15.0,130.0,-0.00036414366,0.18261334,-0.018446641,-0.000403829,0.195816,-0.0420251,0.027023240642389496,14.723109313132598,9.116242511399296
PART-PIER-2,855,Pier/C3D8R,7.33333,-15.0,130.0,0.00036414366,0.18261334,-0.018446641,0.000403829,0.195816,-0.0420251,0.027023240642389496,14.723109313132598,9.116242511399296
PART-PIER-1,777,Pier/C3D8R,-7.33333,15.0,130.0,-0.00036414366,-0.18261334,-0.018446641,-0.000403829,-0.195816,-0.0420251,0.027023240642389496,14.723109313132598,9.116242511399296
PART-PIER-1,855,Pier/C3D8R,7.33333,15.0,130.0,0.00036414366,-0.18261334,-0.018446641,0.000403829,-0.195816,-0.0420251,0.027023240642389496,14.723109313132598,9.116242511399296
PART-PIER-2,340,Pier/C3D8R,-7.66667,-10.0,120.0,-0.0013204907,0.1610491,-0.029145844,-0.00182399,0.169603,-0.0547184,0.02696995248657729,16.47819887748552,8.889909057486173
PART-PIER-2,656,Pier/C3D8R,7.66667,-10.0,120.0,0.0013204907,0.1610491,-0.029145844,0.00182399,0.169603,-0.0547184,0.02696995248657729,16.47819887748552,8.889909057486173
PART-PIER-1,418,Pier/C3D8R,-7.66667,10.0,120.0,-0.0013204907,-0.1610491,-0.029145844,-0.00182399,-0.169603,-0.0547184,0.02696995248657729,16.47819887748552,8.889909057486173
PART-PIER-1,578,Pier/C3D8R,7.66667,10.0,120.0,0.0013204907,-0.1610491,-0.029145844,0.00182399,-0.169603,-0.0547184,0.02696995248657729,16.47819887748552,8.889909057486173
PART-PIER-2,21,Pier/C3D8R,-3.33333,-20.0,150.0,-0.0022069712,0.22988835,0.0037585278,-0.00524927,0.255245,-0.0048348,0.02694551101555201,11.719023314464245,11.053416251385535
PART-PIER-2,189,Pier/C3D8R,3.33333,-20.0,150.0,0.0022069712,0.22988835,0.0037585278,0.00524927,0.255245,-0.0048348,0.02694551101555201,11.719023314464245,11.053416251385535
PART-PIER-1,23,Pier/C3D8R,-3.33333,20.0,150.0,-0.0022069712,-0.22988835,0.0037585278,-0.00524927,-0.255245,-0.0048348,0.02694551101555201,11.719023314464245,11.053416251385535
PART-PIER-1,187,Pier/C3D8R,3.33333,20.0,150.0,0.0022069712,-0.22988835,0.0037585278,0.00524927,-0.255245,-0.0048348,0.02694551101555201,11.719023314464245,11.053416251385535
PART-PIER-2,339,Pier/C3D8R,-3.83333,-10.0,120.0,0.0008368608,0.16122437,-0.025950799,0.00134828,0.168989,-0.0517148,0.026913468304234398,16.480826616142625,8.223055562373144
PART-PIER-2,655,Pier/C3D8R,3.83333,-10.0,120.0,-0.0008368608,0.16122437,-0.025950799,-0.00134828,0.168989,-0.0517148,0.026913468304234398,16.480826616142625,8.223055562373144
PART-PIER-1,417,Pier/C3D8R,-3.83333,10.0,120.0,0.0008368608,-0.16122437,-0.025950799,0.00134828,-0.168989,-0.0517148,0.026913468304234398,16.480826616142625,8.223055562373144
PART-PIER-1,577,Pier/C3D8R,3.83333,10.0,120.0,-0.0008368608,-0.16122437,-0.025950799,-0.00134828,-0.168989,-0.0517148,0.026913468304234398,16.480826616142625,8.223055562373144
PART-FLOOR-1,200,Floor/S4R,-235.0,10.0,0.0,0.003354697,0.00043898946,-0.47426626,0.00396969,-0.000564581,-0.500982,0.026741655405113498,5.638388652004939,5.633763175004085
PART-FLOOR-1,208,Floor/S4R,-235.0,-10.0,0.0,0.003354697,-0.00043898946,-0.47426626,0.00396969,0.000564581,-0.500982,0.026741655405113498,5.638388652004939,5.633763175004085
PART-FLOOR-1,221,Floor/S4R,235.0,-10.0,0.0,-0.003354697,-0.00043898946,-0.47426626,-0.00396969,0.000564581,-0.500982,0.026741655405113498,5.638388652004939,5.633763175004085
PART-FLOOR-1,229,Floor/S4R,235.0,10.0,0.0,-0.003354697,0.00043898946,-0.47426626,-0.00396969,-0.000564581,-0.500982,0.026741655405113498,5.638388652004939,5.633763175004085
PART-PIER-2,58,Pier/C3D8R,-11.5,-10.0,120.0,0.0006533752,0.16089329,-0.025970293,0.000432926,0.168947,-0.05133,0.026608750097284355,16.326680722837224,8.342253829606955
PART-PIER-2,235,Pier/C3D8R,11.5,-10.0,120.0,-0.0006533752,0.16089329,-0.025970293,-0.000432926,0.168947,-0.05133,0.026608750097284355,16.326680722837224,8.342253829606955
PART-PIER-1,108,Pier/C3D8R,-11.5,10.0,120.0,0.0006533752,-0.16089329,-0.025970293,0.000432926,-0.168947,-0.05133,0.026608750097284355,16.326680722837224,8.342253829606955
PART-PIER-1,224,Pier/C3D8R,11.5,10.0,120.0,-0.0006533752,-0.16089329,-0.025970293,-0.000432926,-0.168947,-0.05133,0.026608750097284355,16.326680722837224,8.342253829606955
PART-SUPPORTBEAM-2,94,SupportBeam/B31,-70.0,10.0,-18.0,-0.00912179,0.0016586969,-0.25693688,0.00162245,-4.19169e-05,-0.232671,0.026592549946343053,10.343106106352543,9.500992086413994
PART-SUPPORTBEAM-2,229,SupportBeam/B31,70.0,10.0,-18.0,0.00912179,0.0016586969,-0.25693688,-0.00162245,-4.19169e-05,-0.232671,0.026592549946343053,10.343106106352543,9.500992086413994
PART-SUPPORTBEAM-1,94,SupportBeam/B31,-70.0,-10.0,-18.0,-0.00912179,-0.0016586969,-0.25693688,0.00162245,4.19169e-05,-0.232671,0.026592549946343053,10.343106106352543,9.500992086413994
PART-SUPPORTBEAM-1,229,SupportBeam/B31,70.0,-10.0,-18.0,0.00912179,-0.0016586969,-0.25693688,-0.00162245,4.19169e-05,-0.232671,0.026592549946343053,10.343106106352543,9.500992086413994
PART-PIER-2,69,Pier/C3D8R,0.0,-10.0,120.0,-6.6589733e-16,0.16174524,-0.02792355,-7.50859e-14,0.170412,-0.0529718,0.026505236406417883,16.14815215587155,8.722737314426592
PART-PIER-1,175,Pier/C3D8R,0.0,10.0,120.0,-2.1261669e-14,-0.16174524,-0.02792355,-2.20083e-14,-0.170412,-0.0529718,0.026505236406417883,16.14815215587155,8.722737314426592
PART-FLOOR-1,56,Floor/S4R,100.0,5.0,0.0,-0.0069122603,8.698169e-05,-0.28681225,-0.00537749,8.73351e-05,-0.313149,0.026381431359218582,9.1954831060351,9.166972557348265
PART-FLOOR-1,58,Floor/S4R,100.0,-5.0,0.0,-0.0069122603,-8.698169e-05,-0.28681225,-0.00537749,-8.73351e-05,-0.313149,0.026381431359218582,9.1954831060351,9.166972557348265
PART-FLOOR-1,140,Floor/S4R,-100.0,5.0,0.0,0.0069122603,8.698169e-05,-0.28681225,0.00537749,8.73351e-05,-0.313149,0.026381431359218582,9.1954831060351,9.166972557348265
PART-FLOOR-1,142,Floor/S4R,-100.0,-5.0,0.0,0.0069122603,-8.698169e-05,-0.28681225,0.00537749,-8.73351e-05,-0.313149,0.026381431359218582,9.1954831060351,9.166972557348265
PART-PIER-2,70,Pier/C3D8R,0.0,-10.0,115.0,-3.8549494e-16,0.15078959,-0.027165372,-6.97907e-14,0.156577,-0.0527746,0.02625503138950864,17.135844239832068,7.841604389827624
PART-PIER-1,174,Pier/C3D8R,0.0,10.0,115.0,-2.0594808e-14,-0.15078959,-0.027165372,-2.18708e-14,-0.156577,-0.0527746,0.02625503138950864,17.135844239832068,7.841604389827624
PART-PIER-2,23,Pier/C3D8R,-3.33333,-10.0,150.0,-0.00075164787,0.23351127,-0.013516481,-0.00311192,0.256343,-0.0261924,0.026220940139802685,11.21016053181853,10.172195944523539
PART-PIER-2,187,Pier/C3D8R,3.33333,-10.0,150.0,0.00075164787,0.23351127,-0.013516481,0.00311192,0.256343,-0.0261924,0.026220940139802685,11.21016053181853,10.172195944523539
PART-PIER-1,21,Pier/C3D8R,-3.33333,10.0,150.0,-0.00075164787,-0.23351127,-0.013516481,-0.00311192,-0.256343,-0.0261924,0.026220940139802685,11.21016053181853,10.172195944523539
PART-PIER-1,189,Pier/C3D8R,3.33333,10.0,150.0,0.00075164787,-0.23351127,-0.013516481,0.00311192,-0.256343,-0.0261924,0.026220940139802685,11.21016053181853,10.172195944523539
PART-FLOOR-1,470,Floor/S4R,-235.0,-5.0,0.0,0.004408536,0.0007707814,-0.45657054,0.00395795,0.000285755,-0.482582,0.026019883352615018,5.698710521038437,5.695635083734812
PART-FLOOR-1,472,Floor/S4R,-235.0,5.0,0.0,0.004408536,-0.0007707814,-0.45657054,0.00395795,-0.000285755,-0.482582,0.026019883352615018,5.698710521038437,5.695635083734812
PART-FLOOR-1,497,Floor/S4R,235.0,5.0,0.0,-0.004408536,-0.0007707814,-0.45657054,-0.00395795,-0.000285755,-0.482582,0.026019883352615018,5.698710521038437,5.695635083734812
PART-FLOOR-1,499,Floor/S4R,235.0,-5.0,0.0,-0.004408536,0.0007707814,-0.45657054,-0.00395795,0.000285755,-0.482582,0.026019883352615018,5.698710521038437,5.695635083734812
PART-PIER-2,775,Pier/C3D8R,-7.5,-15.0,125.0,0.00015505933,0.1716288,-0.016843995,-1.21254e-05,0.182127,-0.0405548,0.02593149489948411,15.036809238536847,8.195933309083983
PART-PIER-2,853,Pier/C3D8R,7.5,-15.0,125.0,-0.00015505933,0.1716288,-0.016843995,1.21254e-05,0.182127,-0.0405548,0.02593149489948411,15.036809238536847,8.195933309083983
PART-PIER-1,775,Pier/C3D8R,-7.5,15.0,125.0,0.00015505933,-0.1716288,-0.016843995,-1.21254e-05,-0.182127,-0.0405548,0.02593149489948411,15.036809238536847,8.195933309083983
PART-PIER-1,853,Pier/C3D8R,7.5,15.0,125.0,-0.00015505933,-0.1716288,-0.016843995,1.21254e-05,-0.182127,-0.0405548,0.02593149489948411,15.036809238536847,8.195933309083983
PART-PIER-2,57,Pier/C3D8R,-11.75,-10.0,115.0,-0.0013864476,0.15059398,-0.028050305,-0.00162403,0.156646,-0.0531962,0.025865023232702015,16.884236048322233,7.996442963244453
PART-PIER-2,236,Pier/C3D8R,11.75,-10.0,115.0,0.0013864476,0.15059398,-0.028050305,0.00162403,0.156646,-0.0531962,0.025865023232702015,16.884236048322233,7.996442963244453
PART-PIER-1,109,Pier/C3D8R,-11.75,10.0,115.0,-0.0013864476,-0.15059398,-0.028050305,-0.00162403,-0.156646,-0.0531962,0.025865023232702015,16.884236048322233,7.996442963244453
PART-PIER-1,223,Pier/C3D8R,11.75,10.0,115.0,0.0013864476,-0.15059398,-0.028050305,0.00162403,-0.156646,-0.0531962,0.025865023232702015,16.884236048322233,7.996442963244453
PART-PIER-2,338,Pier/C3D8R,-7.83333,-10.0,115.0,0.0005512946,0.15071787,-0.0258671,0.000610987,0.156381,-0.0510323,0.02579460981715982,16.867767632268464,7.569716481918588
PART-PIER-2,654,Pier/C3D8R,7.83333,-10.0,115.0,-0.0005512946,0.15071787,-0.0258671,-0.000610987,0.156381,-0.0510323,0.02579460981715982,16.867767632268464,7.569716481918588
PART-PIER-1,416,Pier/C3D8R,-7.83333,10.0,115.0,0.0005512946,-0.15071787,-0.0258671,0.000610987,-0.156381,-0.0510323,0.02579460981715982,16.867767632268464,7.569716481918588
PART-PIER-1,576,Pier/C3D8R,7.83333,10.0,115.0,-0.0005512946,-0.15071787,-0.0258671,-0.000610987,-0.156381,-0.0510323,0.02579460981715982,16.867767632268464,7.569716481918588
PART-PIER-2,337,Pier/C3D8R,-3.91667,-10.0,115.0,-0.0010034326,0.15090562,-0.028327823,-0.00165122,0.157358,-0.0532369,0.025739365826918267,16.763433590848315,8.195041413185088
PART-PIER-2,653,Pier/C3D8R,3.91667,-10.0,115.0,0.0010034326,0.15090562,-0.028327823,0.00165122,0.157358,-0.0532369,0.025739365826918267,16.763433590848315,8.195041413185088
PART-PIER-1,415,Pier/C3D8R,-3.91667,10.0,115.0,-0.0010034326,-0.15090562,-0.028327823,-0.00165122,-0.157358,-0.0532369,0.025739365826918267,16.763433590848315,8.195041413185088
PART-PIER-1,575,Pier/C3D8R,3.91667,10.0,115.0,0.0010034326,-0.15090562,-0.028327823,0.00165122,-0.157358,-0.0532369,0.025739365826918267,16.763433590848315,8.195041413185088
PART-PIER-2,423,Pier/C3D8R,-3.58333,-20.0,135.0,0.00022432118,0.19524746,-0.0036289229,0.000581239,0.210349,-0.0244262,0.025704292160571504,13.162699574124623,8.44010694650448
PART-PIER-2,583,Pier/C3D8R,3.58333,-20.0,135.0,-0.00022432118,0.19524746,-0.0036289229,-0.000581239,0.210349,-0.0244262,0.025704292160571504,13.162699574124623,8.44010694650448
PART-PIER-1,345,Pier/C3D8R,-3.58333,20.0,135.0,0.00022432118,-0.19524746,-0.0036289229,0.000581239,-0.210349,-0.0244262,0.025704292160571504,13.162699574124623,8.44010694650448
PART-PIER-1,661,Pier/C3D8R,3.58333,20.0,135.0,-0.00022432118,-0.19524746,-0.0036289229,-0.000581239,-0.210349,-0.0244262,0.025704292160571504,13.162699574124623,8.44010694650448
PART-PIER-2,64,Pier/C3D8R,0.0,-10.0,145.0,-1.8367679e-15,0.21005748,-0.007991151,-1.12139e-13,0.227743,-0.026621,0.02568752404248415,12.219967653859095,9.078643873020976
PART-PIER-1,180,Pier/C3D8R,0.0,10.0,145.0,-2.558189e-14,-0.21005748,-0.007991151,-4.32623e-14,-0.227743,-0.026621,0.02568752404248415,12.219967653859095,9.078643873020976
PART-FLOOR-1,471,Floor/S4R,-235.0,0.0,0.0,0.0034069058,1.2911917e-16,-0.4512045,0.00395071,-6.60383e-15,-0.476883,0.025684257537603405,5.692213929923903,5.691714134012946
PART-FLOOR-1,498,Floor/S4R,235.0,0.0,0.0,-0.0034069058,1.877422e-16,-0.4512045,-0.00395071,-6.86173e-15,-0.476883,0.025684257537603405,5.692213929923903,5.691714134012946
PART-PIER-2,774,Pier/C3D8R,-3.75,-15.0,125.0,0.000341514,0.1716532,-0.017947903,0.00072334,0.182209,-0.0412225,0.02555929518290137,14.809316596132707,8.24266293484829
PART-PIER-2,852,Pier/C3D8R,3.75,-15.0,125.0,-0.000341514,0.1716532,-0.017947903,-0.00072334,0.182209,-0.0412225,0.02555929518290137,14.809316596132707,8.24266293484829
PART-PIER-1,774,Pier/C3D8R,-3.75,15.0,125.0,0.000341514,-0.1716532,-0.017947903,0.00072334,-0.182209,-0.0412225,0.02555929518290137,14.809316596132707,8.24266293484829
PART-PIER-1,852,Pier/C3D8R,3.75,15.0,125.0,-0.000341514,-0.1716532,-0.017947903,-0.00072334,-0.182209,-0.0412225,0.02555929518290137,14.809316596132707,8.24266293484829
PART-PIER-2,463,Pier/C3D8R,0.0,-15.0,125.0,-2.5627568e-15,0.17172614,-0.016005524,-1.68279e-13,0.182389,-0.0391299,0.02546435447383216,14.764476860223771,8.157252727472407
PART-PIER-1,463,Pier/C3D8R,0.0,15.0,125.0,-2.1785867e-14,-0.17172614,-0.016005524,-1.16914e-13,-0.182389,-0.0391299,0.02546435447383216,14.764476860223771,8.157252727472407
PART-PIER-2,502,Pier/C3D8R,-11.25,-15.0,125.0,-0.0011698721,0.17143452,-0.017884264,-0.00145052,0.182305,-0.040848,0.025408252001109213,14.740631156167025,8.390180798051784
PART-PIER-2,701,Pier/C3D8R,11.25,-15.0,125.0,0.0011698721,0.17143452,-0.017884264,0.00145052,0.182305,-0.040848,0.025408252001109213,14.740631156167025,8.390180798051784
PART-PIER-1,502,Pier/C3D8R,-11.25,15.0,125.0,-0.0011698721,-0.17143452,-0.017884264,-0.00145052,-0.182305,-0.040848,0.025408252001109213,14.740631156167025,8.390180798051784
PART-PIER-1,701,Pier/C3D8R,11.25,15.0,125.0,0.0011698721,-0.17143452,-0.017884264,0.00145052,-0.182305,-0.040848,0.025408252001109213,14.740631156167025,8.390180798051784
PART-PIER-2,421,Pier/C3D8R,-3.66667,-20.0,130.0,0.00022676318,0.18224472,-0.0075048585,0.000273494,0.196116,-0.0287905,0.02540655676541905,13.929085168863686,8.672661028980878
PART-PIER-2,581,Pier/C3D8R,3.66667,-20.0,130.0,-0.00022676318,0.18224472,-0.0075048585,-0.000273494,0.196116,-0.0287905,0.02540655676541905,13.929085168863686,8.672661028980878
PART-PIER-1,343,Pier/C3D8R,-3.66667,20.0,130.0,0.00022676318,-0.18224472,-0.0075048585,0.000273494,-0.196116,-0.0287905,0.02540655676541905,13.929085168863686,8.672661028980878
PART-PIER-1,659,Pier/C3D8R,3.66667,20.0,130.0,-0.00022676318,-0.18224472,-0.0075048585,-0.000273494,-0.196116,-0.0287905,0.02540655676541905,13.929085168863686,8.672661028980878
PART-PIER-2,106,Pier/C3D8R,-11.0,-20.0,130.0,-0.0010312764,0.1823929,-0.0070764446,-0.00140602,0.196127,-0.028414,0.025378282172436536,13.903391188664491,8.57187786241827
PART-PIER-2,226,Pier/C3D8R,11.0,-20.0,130.0,0.0010312764,0.1823929,-0.0070764446,0.00140602,0.196127,-0.028414,0.025378282172436536,13.903391188664491,8.57187786241827
PART-PIER-1,60,Pier/C3D8R,-11.0,20.0,130.0,-0.0010312764,-0.1823929,-0.0070764446,-0.00140602,-0.196127,-0.028414,0.025378282172436536,13.903391188664491,8.57187786241827
PART-PIER-1,233,Pier/C3D8R,11.0,20.0,130.0,0.0010312764,-0.1823929,-0.0070764446,0.00140602,-0.196127,-0.028414,0.025378282172436536,13.903391188664491,8.57187786241827
PART-FLOOR-1,275,Floor/S4R,125.0,-5.0,0.0,-0.008793032,-0.00015122454,-0.47060207,-0.00697367,-0.000100099,-0.495843,0.02530646635097014,5.376527297545953,5.355567737960553
PART-FLOOR-1,277,Floor/S4R,125.0,5.0,0.0,-0.008793032,0.00015122454,-0.47060207,-0.00697367,0.000100099,-0.495843,0.02530646635097014,5.376527297545953,5.355567737960553
PART-FLOOR-1,410,Floor/S4R,-125.0,-5.0,0.0,0.008793032,-0.00015122454,-0.47060207,0.00697367,-0.000100099,-0.495843,0.02530646635097014,5.376527297545953,5.355567737960553
PART-FLOOR-1,412,Floor/S4R,-125.0,5.0,0.0,0.008793032,0.00015122454,-0.47060207,0.00697367,0.000100099,-0.495843,0.02530646635097014,5.376527297545953,5.355567737960553
PART-PIER-2,335,Pier/C3D8R,-4.0,-10.0,110.0,0.000543556,0.14094481,-0.025320878,0.000907276,0.144553,-0.0503475,0.02528800379716406,17.65894419579855,6.892698779626251
PART-PIER-2,651,Pier/C3D8R,4.0,-10.0,110.0,-0.000543556,0.14094481,-0.025320878,-0.000907276,0.144553,-0.0503475,0.02528800379716406,17.65894419579855,6.892698779626251
PART-PIER-1,413,Pier/C3D8R,-4.0,10.0,110.0,0.000543556,-0.14094481,-0.025320878,0.000907276,-0.144553,-0.0503475,0.02528800379716406,17.65894419579855,6.892698779626251
PART-PIER-1,573,Pier/C3D8R,4.0,10.0,110.0,-0.000543556,-0.14094481,-0.025320878,-0.000907276,-0.144553,-0.0503475,0.02528800379716406,17.65894419579855,6.892698779626251
PART-PIER-2,105,Pier/C3D8R,-10.75,-20.0,135.0,0.0011915782,0.19451317,-0.0044756774,0.000928125,0.210051,-0.0244184,0.02528251873129021,12.994161040260094,8.68552965745911
PART-PIER-2,227,Pier/C3D8R,10.75,-20.0,135.0,-0.0011915782,0.19451317,-0.0044756774,-0.000928125,0.210051,-0.0244184,0.02528251873129021,12.994161040260094,8.68552965745911
PART-PIER-1,61,Pier/C3D8R,-10.75,20.0,135.0,0.0011915782,-0.19451317,-0.0044756774,0.000928125,-0.210051,-0.0244184,0.02528251873129021,12.994161040260094,8.68552965745911
PART-PIER-1,232,Pier/C3D8R,10.75,20.0,135.0,-0.0011915782,-0.19451317,-0.0044756774,-0.000928125,-0.210051,-0.0244184,0.02528251873129021,12.994161040260094,8.68552965745911
PART-SUPPORTBEAM-2,140,SupportBeam/B31,-100.0,10.0,-26.25,-0.008049641,0.0022976054,-0.23569398,0.0138039,0.000209011,-0.248105,0.025218503092903674,10.692938431106363,5.362138275107753
PART-SUPPORTBEAM-2,244,SupportBeam/B31,100.0,10.0,-26.25,0.008049641,0.0022976054,-0.23569398,-0.0138039,0.000209011,-0.248105,0.025218503092903674,10.692938431106363,5.362138275107753
PART-SUPPORTBEAM-1,140,SupportBeam/B31,-100.0,-10.0,-26.25,-0.008049641,-0.0022976054,-0.23569398,0.0138039,-0.000209011,-0.248105,0.025218503092903674,10.692938431106363,5.362138275107753
PART-SUPPORTBEAM-1,244,SupportBeam/B31,100.0,-10.0,-26.25,0.008049641,-0.0022976054,-0.23569398,-0.0138039,-0.000209011,-0.248105,0.025218503092903674,10.692938431106363,5.362138275107753
PART-SUPPORTBEAM-2,78,SupportBeam/B31,-113.33334,10.0,-8.0,0.009219942,0.00079439627,-0.24011943,0.014326,0.000247367,-0.264647,0.02505938465777845,10.428475122947885,10.29427063379573
PART-SUPPORTBEAM-2,267,SupportBeam/B31,113.33334,10.0,-8.0,-0.009219942,0.00079439627,-0.24011943,-0.014326,0.000247367,-0.264647,0.02505938465777845,10.428475122947885,10.29427063379573
PART-SUPPORTBEAM-1,78,SupportBeam/B31,-113.33334,-10.0,-8.0,0.009219942,-0.00079439627,-0.24011943,0.014326,-0.000247367,-0.264647,0.02505938465777845,10.428475122947885,10.29427063379573
PART-SUPPORTBEAM-1,267,SupportBeam/B31,113.33334,-10.0,-8.0,-0.009219942,-0.00079439627,-0.24011943,-0.014326,-0.000247367,-0.264647,0.02505938465777845,10.428475122947885,10.29427063379573
PART-PIER-2,336,Pier/C3D8R,-8.0,-10.0,110.0,-0.0010199073,0.14095847,-0.027027862,-0.00142428,0.145155,-0.0516912,0.025021083562141135,17.432661328632438,7.357988010914447
PART-PIER-2,652,Pier/C3D8R,8.0,-10.0,110.0,0.0010199073,0.14095847,-0.027027862,0.00142428,0.145155,-0.0516912,0.025021083562141135,17.432661328632438,7.357988010914447
PART-PIER-1,414,Pier/C3D8R,-8.0,10.0,110.0,-0.0010199073,-0.14095847,-0.027027862,-0.00142428,-0.145155,-0.0516912,0.025021083562141135,17.432661328632438,7.357988010914447
PART-PIER-1,574,Pier/C3D8R,8.0,10.0,110.0,0.0010199073,-0.14095847,-0.027027862,0.00142428,-0.145155,-0.0516912,0.025021083562141135,17.432661328632438,7.357988010914447
PART-PIER-2,56,Pier/C3D8R,-12.0,-10.0,110.0,0.00031049468,0.1406829,-0.025456402,-0.000101377,0.144391,-0.0501719,0.024995509302248472,17.483309093013926,6.91871861407734
PART-PIER-2,237,Pier/C3D8R,12.0,-10.0,110.0,-0.00031049468,0.1406829,-0.025456402,0.000101377,0.144391,-0.0501719,0.024995509302248472,17.483309093013926,6.91871861407734
PART-PIER-1,110,Pier/C3D8R,-12.0,10.0,110.0,0.00031049468,-0.1406829,-0.025456402,-0.000101377,-0.144391,-0.0501719,0.024995509302248472,17.483309093013926,6.91871861407734
PART-PIER-1,222,Pier/C3D8R,12.0,10.0,110.0,-0.00031049468,-0.1406829,-0.025456402,0.000101377,-0.144391,-0.0501719,0.024995509302248472,17.483309093013926,6.91871861407734
PART-PIER-2,462,Pier/C3D8R,0.0,-15.0,120.0,-2.2589282e-15,0.16104813,-0.018867403,-1.59922e-13,0.169199,-0.0423839,0.02488899983743639,15.349409634948143,7.57153340721306
PART-PIER-1,462,Pier/C3D8R,0.0,15.0,120.0,-2.109722e-14,-0.16104813,-0.018867403,-1.13106e-13,-0.169199,-0.0423839,0.02488899983743639,15.349409634948143,7.57153340721306
PART-PIER-2,501,Pier/C3D8R,-11.5,-15.0,120.0,0.000743262,0.1607027,-0.01672571,0.000839989,0.168441,-0.0403408,0.024850817264440807,15.380602222555304,7.200446456476837
PART-PIER-2,700,Pier/C3D8R,11.5,-15.0,120.0,-0.000743262,0.1607027,-0.01672571,-0.000839989,0.168441,-0.0403408,0.024850817264440807,15.380602222555304,7.200446456476837
PART-PIER-1,501,Pier/C3D8R,-11.5,15.0,120.0,0.000743262,-0.1607027,-0.01672571,0.000839989,-0.168441,-0.0403408,0.024850817264440807,15.380602222555304,7.200446456476837
PART-PIER-1,700,Pier/C3D8R,11.5,15.0,120.0,-0.000743262,-0.1607027,-0.01672571,-0.000839989,-0.168441,-0.0403408,0.024850817264440807,15.380602222555304,7.200446456476837
PART-FLOOR-1,308,Floor/S4R,65.0,-5.0,0.0,-0.0061293743,1.51023005e-05,-0.40437356,-0.00355983,-7.7522e-05,-0.37971,0.02479722422055152,6.131552230821436,6.105859271935014
PART-FLOOR-1,310,Floor/S4R,65.0,5.0,0.0,-0.0061293743,-1.51023005e-05,-0.40437356,-0.00355983,7.7522e-05,-0.37971,0.02479722422055152,6.131552230821436,6.105859271935014
PART-FLOOR-1,377,Floor/S4R,-65.0,-5.0,0.0,0.0061293743,1.51023005e-05,-0.40437356,0.00355983,-7.7522e-05,-0.37971,0.02479722422055152,6.131552230821436,6.105859271935014
PART-FLOOR-1,379,Floor/S4R,-65.0,5.0,0.0,0.0061293743,-1.51023005e-05,-0.40437356,0.00355983,7.7522e-05,-0.37971,0.02479722422055152,6.131552230821436,6.105859271935014
PART-PIER-2,71,Pier/C3D8R,0.0,-10.0,110.0,-1.4167382e-16,0.1409671,-0.026003487,-6.34271e-14,0.145134,-0.0504415,0.024790714693170287,17.29439112782874,7.1884220809398895
PART-PIER-1,173,Pier/C3D8R,0.0,10.0,110.0,-1.956021e-14,-0.1409671,-0.026003487,-1.75194e-14,-0.145134,-0.0504415,0.024790714693170287,17.29439112782874,7.1884220809398895
PART-PIER-2,772,Pier/C3D8R,-3.83333,-15.0,120.0,-0.00044184446,0.16102336,-0.016999235,-0.000978423,0.169245,-0.0403523,0.0247638633034794,15.294003036938433,7.456199416932333
PART-PIER-2,850,Pier/C3D8R,3.83333,-15.0,120.0,0.00044184446,0.16102336,-0.016999235,0.000978423,0.169245,-0.0403523,0.0247638633034794,15.294003036938433,7.456199416932333
PART-PIER-1,772,Pier/C3D8R,-3.83333,15.0,120.0,-0.00044184446,-0.16102336,-0.016999235,-0.000978423,-0.169245,-0.0403523,0.0247638633034794,15.294003036938433,7.456199416932333
PART-PIER-1,850,Pier/C3D8R,3.83333,15.0,120.0,0.00044184446,-0.16102336,-0.016999235,0.000978423,-0.169245,-0.0403523,0.0247638633034794,15.294003036938433,7.456199416932333
PART-PIER-2,72,Pier/C3D8R,0.0,-10.0,105.0,7.976161e-17,0.13177995,-0.025981268,-5.80568e-14,0.133621,-0.0504819,0.024569705604706057,18.29236556930284,6.344949372864489
PART-PIER-1,172,Pier/C3D8R,0.0,10.0,105.0,-1.8745898e-14,-0.13177995,-0.025981268,-1.89887e-14,-0.133621,-0.0504819,0.024569705604706057,18.29236556930284,6.344949372864489
PART-PIER-2,176,Pier/C3D8R,0.0,-20.0,125.0,-4.0365935e-15,0.17310762,-0.007506178,-2.54358e-13,0.184281,-0.0292796,0.02447297134012305,14.124159655009894,7.688723779895685
PART-PIER-1,68,Pier/C3D8R,0.0,20.0,125.0,-2.1684403e-14,-0.17310762,-0.007506178,-2.08592e-13,-0.184281,-0.0292796,0.02447297134012305,14.124159655009894,7.688723779895685
PART-PIER-2,334,Pier/C3D8R,-8.16667,-10.0,105.0,0.00024140804,0.13140993,-0.025170572,0.000149496,0.133118,-0.0494974,0.024386892206461667,18.226506300620617,6.146189579812616
PART-PIER-2,650,Pier/C3D8R,8.16667,-10.0,105.0,-0.00024140804,0.13140993,-0.025170572,-0.000149496,0.133118,-0.0494974,0.024386892206461667,18.226506300620617,6.146189579812616
PART-PIER-1,412,Pier/C3D8R,-8.16667,10.0,105.0,0.00024140804,-0.13140993,-0.025170572,0.000149496,-0.133118,-0.0494974,0.024386892206461667,18.226506300620617,6.146189579812616
PART-PIER-1,572,Pier/C3D8R,8.16667,10.0,105.0,-0.00024140804,-0.13140993,-0.025170572,-0.000149496,-0.133118,-0.0494974,0.024386892206461667,18.226506300620617,6.146189579812616
PART-PIER-2,773,Pier/C3D8R,-7.66667,-15.0,120.0,-0.00034938072,0.16086152,-0.017505253,-0.000362479,0.169041,-0.0404284,0.024338749619052906,15.041414802590339,7.414227620185705
PART-PIER-2,851,Pier/C3D8R,7.66667,-15.0,120.0,0.00034938072,0.16086152,-0.017505253,0.000362479,0.169041,-0.0404284,0.024338749619052906,15.041414802590339,7.414227620185705
PART-PIER-1,773,Pier/C3D8R,-7.66667,15.0,120.0,-0.00034938072,-0.16086152,-0.017505253,-0.000362479,-0.169041,-0.0404284,0.024338749619052906,15.041414802590339,7.414227620185705
PART-PIER-1,851,Pier/C3D8R,7.66667,15.0,120.0,0.00034938072,-0.16086152,-0.017505253,0.000362479,-0.169041,-0.0404284,0.024338749619052906,15.041414802590339,7.414227620185705
PART-PIER-2,19,Pier/C3D8R,0.0,-15.0,150.0,-3.939707e-15,0.23163965,0.02486423,-2.11259e-13,0.255615,0.0214429,0.024218235001572656,10.395417672139395,10.1053767559151
PART-PIER-1,19,Pier/C3D8R,0.0,15.0,150.0,-2.695506e-14,-0.23163965,0.02486423,-1.47465e-13,-0.255615,0.0214429,0.024218235001572656,10.395417672139395,10.1053767559151
PART-PIER-2,55,Pier/C3D8R,-12.25,-10.0,105.0,-0.0011473286,0.13130341,-0.02608863,-0.00139358,0.133274,-0.0501854,0.0241784654007032,18.060476930895295,6.380239084195312
PART-PIER-2,238,Pier/C3D8R,12.25,-10.0,105.0,0.0011473286,0.13130341,-0.02608863,0.00139358,0.133274,-0.0501854,0.0241784654007032,18.060476930895295,6.380239084195312
PART-PIER-1,111,Pier/C3D8R,-12.25,10.0,105.0,-0.0011473286,-0.13130341,-0.02608863,-0.00139358,-0.133274,-0.0501854,0.0241784654007032,18.060476930895295,6.380239084195312
PART-PIER-1,221,Pier/C3D8R,12.25,10.0,105.0,0.0011473286,-0.13130341,-0.02608863,0.00139358,-0.133274,-0.0501854,0.0241784654007032,18.060476930895295,6.380239084195312
PART-PIER-2,333,Pier/C3D8R,-4.08333,-10.0,105.0,-0.0007228512,0.13165367,-0.026329806,-0.001221,0.133925,-0.0503297,0.024112279116812605,17.95903169556274,6.563534452148217
PART-PIER-2,649,Pier/C3D8R,4.08333,-10.0,105.0,0.0007228512,0.13165367,-0.026329806,0.001221,0.133925,-0.0503297,0.024112279116812605,17.95903169556274,6.563534452148217
PART-PIER-1,411,Pier/C3D8R,-4.08333,10.0,105.0,-0.0007228512,-0.13165367,-0.026329806,-0.001221,-0.133925,-0.0503297,0.024112279116812605,17.95903169556274,6.563534452148217
PART-PIER-1,571,Pier/C3D8R,4.08333,10.0,105.0,0.0007228512,-0.13165367,-0.026329806,0.001221,-0.133925,-0.0503297,0.024112279116812605,17.95903169556274,6.563534452148217
PART-PIER-2,331,Pier/C3D8R,-4.16667,-10.0,100.0,0.00026396065,0.12241078,-0.024560116,0.000446145,0.12243,-0.0486059,0.024046481836652134,19.260207915172117,5.5072154686975985
PART-PIER-2,647,Pier/C3D8R,4.16667,-10.0,100.0,-0.00026396065,0.12241078,-0.024560116,-0.000446145,0.12243,-0.0486059,0.024046481836652134,19.260207915172117,5.5072154686975985
PART-PIER-1,409,Pier/C3D8R,-4.16667,10.0,100.0,0.00026396065,-0.12241078,-0.024560116,0.000446145,-0.12243,-0.0486059,0.024046481836652134,19.260207915172117,5.5072154686975985
PART-PIER-1,569,Pier/C3D8R,4.16667,10.0,100.0,-0.00026396065,-0.12241078,-0.024560116,-0.000446145,-0.12243,-0.0486059,0.024046481836652134,19.260207915172117,5.5072154686975985
PART-PIER-2,422,Pier/C3D8R,-7.33333,-20.0,130.0,0.0004343025,0.18296927,-0.005406455,0.000736869,0.195762,-0.0257497,0.02403316675908207,13.1293163125696,7.866702876827607
PART-PIER-2,582,Pier/C3D8R,7.33333,-20.0,130.0,-0.0004343025,0.18296927,-0.005406455,-0.000736869,0.195762,-0.0257497,0.02403316675908207,13.1293163125696,7.866702876827607
PART-PIER-1,344,Pier/C3D8R,-7.33333,20.0,130.0,0.0004343025,-0.18296927,-0.005406455,0.000736869,-0.195762,-0.0257497,0.02403316675908207,13.1293163125696,7.866702876827607
PART-PIER-1,660,Pier/C3D8R,7.33333,20.0,130.0,-0.0004343025,-0.18296927,-0.005406455,-0.000736869,-0.195762,-0.0257497,0.02403316675908207,13.1293163125696,7.866702876827607
PART-PIER-2,771,Pier/C3D8R,-7.83333,-15.0,115.0,0.00012224179,0.15065649,-0.016632123,-9.09885e-05,0.156517,-0.0399024,0.023997850659452865,15.832658514339412,6.565521855954601
PART-PIER-2,849,Pier/C3D8R,7.83333,-15.0,115.0,-0.00012224179,0.15065649,-0.016632123,9.09885e-05,0.156517,-0.0399024,0.023997850659452865,15.832658514339412,6.565521855954601
PART-PIER-1,771,Pier/C3D8R,-7.83333,15.0,115.0,0.00012224179,-0.15065649,-0.016632123,-9.09885e-05,-0.156517,-0.0399024,0.023997850659452865,15.832658514339412,6.565521855954601
PART-PIER-1,849,Pier/C3D8R,7.83333,15.0,115.0,-0.00012224179,-0.15065649,-0.016632123,9.09885e-05,-0.156517,-0.0399024,0.023997850659452865,15.832658514339412,6.565521855954601
PART-PIER-2,420,Pier/C3D8R,-7.5,-20.0,125.0,-0.00019415174,0.17149848,-0.0069056465,-0.000456454,0.182474,-0.0281494,0.023912923378682983,13.93221999313915,7.571459411922541
PART-PIER-2,580,Pier/C3D8R,7.5,-20.0,125.0,0.00019415174,0.17149848,-0.0069056465,0.000456454,0.182474,-0.0281494,0.023912923378682983,13.93221999313915,7.571459411922541
PART-PIER-1,342,Pier/C3D8R,-7.5,20.0,125.0,-0.00019415174,-0.17149848,-0.0069056465,-0.000456454,-0.182474,-0.0281494,0.023912923378682983,13.93221999313915,7.571459411922541
PART-PIER-1,658,Pier/C3D8R,7.5,20.0,125.0,0.00019415174,-0.17149848,-0.0069056465,0.000456454,-0.182474,-0.0281494,0.023912923378682983,13.93221999313915,7.571459411922541
PART-PIER-2,54,Pier/C3D8R,-12.5,-10.0,100.0,2.5987065e-05,0.12211512,-0.024568506,-0.000437252,0.122162,-0.0484072,0.023843240547194458,19.141650735724667,5.492742459761588
PART-PIER-2,239,Pier/C3D8R,12.5,-10.0,100.0,-2.5987065e-05,0.12211512,-0.024568506,0.000437252,0.122162,-0.0484072,0.023843240547194458,19.141650735724667,5.492742459761588
PART-PIER-1,112,Pier/C3D8R,-12.5,10.0,100.0,2.5987065e-05,-0.12211512,-0.024568506,-0.000437252,-0.122162,-0.0484072,0.023843240547194458,19.141650735724667,5.492742459761588
PART-PIER-1,220,Pier/C3D8R,12.5,10.0,100.0,-2.5987065e-05,-0.12211512,-0.024568506,0.000437252,-0.122162,-0.0484072,0.023843240547194458,19.141650735724667,5.492742459761588
PART-FLOOR-1,291,Floor/S4R,95.0,0.0,0.0,-0.006667615,7.3775265e-15,-0.3166456,-0.00510782,-2.49904e-13,-0.340423,0.023828506272992073,7.52362428798172,7.4974238234145
PART-FLOOR-1,396,Floor/S4R,-95.0,0.0,0.0,0.006667615,4.7148674e-15,-0.3166456,0.00510782,-2.23357e-13,-0.340423,0.023828506272992073,7.52362428798172,7.4974238234145
PART-PIER-2,770,Pier/C3D8R,-3.91667,-15.0,115.0,0.00027147104,0.15074077,-0.01688152,0.000675629,0.156632,-0.0398361,0.02370195514184286,15.625943711681945,6.5507736024775305
PART-PIER-2,848,Pier/C3D8R,3.91667,-15.0,115.0,-0.00027147104,0.15074077,-0.01688152,-0.000675629,0.156632,-0.0398361,0.02370195514184286,15.625943711681945,6.5507736024775305
PART-PIER-1,770,Pier/C3D8R,-3.91667,15.0,115.0,0.00027147104,-0.15074077,-0.01688152,0.000675629,-0.156632,-0.0398361,0.02370195514184286,15.625943711681945,6.5507736024775305
PART-PIER-1,848,Pier/C3D8R,3.91667,15.0,115.0,-0.00027147104,-0.15074077,-0.01688152,-0.000675629,-0.156632,-0.0398361,0.02370195514184286,15.625943711681945,6.5507736024775305
PART-PIER-2,332,Pier/C3D8R,-8.33333,-10.0,100.0,-0.00079505495,0.12239662,-0.025200956,-0.00113325,0.122785,-0.0488798,0.023684443588410105,18.952617937963108,5.757492509984106
PART-PIER-2,648,Pier/C3D8R,8.33333,-10.0,100.0,0.00079505495,0.12239662,-0.025200956,0.00113325,0.122785,-0.0488798,0.023684443588410105,18.952617937963108,5.757492509984106
PART-PIER-1,410,Pier/C3D8R,-8.33333,10.0,100.0,-0.00079505495,-0.12239662,-0.025200956,-0.00113325,-0.122785,-0.0488798,0.023684443588410105,18.952617937963108,5.757492509984106
PART-PIER-1,570,Pier/C3D8R,8.33333,10.0,100.0,0.00079505495,-0.12239662,-0.025200956,0.00113325,-0.122785,-0.0488798,0.023684443588410105,18.952617937963108,5.757492509984106
PART-PIER-2,461,Pier/C3D8R,0.0,-15.0,115.0,-1.8803623e-15,0.15076253,-0.015359969,-1.52798e-13,0.156744,-0.0382555,0.02366396676664461,15.615351959532362,6.46806798880651
PART-PIER-1,461,Pier/C3D8R,0.0,15.0,115.0,-2.0219097e-14,-0.15076253,-0.015359969,-1.06264e-13,-0.156744,-0.0382555,0.02366396676664461,15.615351959532362,6.46806798880651
PART-PIER-2,73,Pier/C3D8R,0.0,-10.0,100.0,1.4149668e-16,0.12234319,-0.02470967,-5.38791e-14,0.122744,-0.0483661,0.02365982521070264,18.95613412534531,5.701186066174886
PART-PIER-1,171,Pier/C3D8R,0.0,10.0,100.0,-1.7709682e-14,-0.12234319,-0.02470967,-1.30323e-14,-0.122744,-0.0483661,0.02365982521070264,18.95613412534531,5.701186066174886
PART-PIER-2,177,Pier/C3D8R,0.0,-20.0,130.0,-4.2172856e-15,0.18025509,-0.006498381,-2.62182e-13,0.192384,-0.0267542,0.023609503619281384,13.089325910103597,7.685891957543996
PART-PIER-1,67,Pier/C3D8R,0.0,20.0,130.0,-2.2511705e-14,-0.18025509,-0.006498381,-2.13546e-13,-0.192384,-0.0267542,0.023609503619281384,13.089325910103597,7.685891957543996
PART-FLOOR-1,68,Floor/S4R,95.0,10.0,0.0,-0.0067024697,0.00014908709,-0.26886836,-0.00503555,0.000189171,-0.292285,0.023475929308457443,8.728671089851435,8.69170390584211
PART-FLOOR-1,88,Floor/S4R,95.0,-10.0,0.0,-0.0067024697,-0.00014908709,-0.26886836,-0.00503555,-0.000189171,-0.292285,0.023475929308457443,8.728671089851435,8.69170390584211
PART-FLOOR-1,139,Floor/S4R,-95.0,10.0,0.0,0.0067024697,0.00014908709,-0.26886836,0.00503555,0.000189171,-0.292285,0.023475929308457443,8.728671089851435,8.69170390584211
PART-FLOOR-1,143,Floor/S4R,-95.0,-10.0,0.0,0.0067024697,-0.00014908709,-0.26886836,0.00503555,-0.000189171,-0.292285,0.023475929308457443,8.728671089851435,8.69170390584211
PART-PIER-2,74,Pier/C3D8R,0.0,-10.0,95.0,5.4247415e-16,0.11400062,-0.024503564,-4.76069e-14,0.112462,-0.047911,0.023457949859237406,20.117566052356203,4.8350926919292085
PART-PIER-1,170,Pier/C3D8R,0.0,10.0,95.0,-1.7045635e-14,-0.11400062,-0.024503564,-1.41681e-14,-0.112462,-0.047911,0.023457949859237406,20.117566052356203,4.8350926919292085
PART-PIER-2,500,Pier/C3D8R,-11.75,-15.0,115.0,-0.0009242125,0.15043914,-0.017176187,-0.00136273,0.156528,-0.0398027,0.023435562810322594,15.477260655582109,6.667430400420786
PART-PIER-2,699,Pier/C3D8R,11.75,-15.0,115.0,0.0009242125,0.15043914,-0.017176187,0.00136273,0.156528,-0.0398027,0.023435562810322594,15.477260655582109,6.667430400420786
PART-PIER-1,500,Pier/C3D8R,-11.75,15.0,115.0,-0.0009242125,-0.15043914,-0.017176187,-0.00136273,-0.156528,-0.0398027,0.023435562810322594,15.477260655582109,6.667430400420786
PART-PIER-1,699,Pier/C3D8R,11.75,15.0,115.0,0.0009242125,-0.15043914,-0.017176187,0.00136273,-0.156528,-0.0398027,0.023435562810322594,15.477260655582109,6.667430400420786
PART-PIER-2,330,Pier/C3D8R,-8.5,-10.0,95.0,8.186454e-06,0.11366303,-0.024140175,-0.000199486,0.112028,-0.047485,0.023402933688528783,20.14052223705025,4.714458792079303
PART-PIER-2,646,Pier/C3D8R,8.5,-10.0,95.0,-8.186454e-06,0.11366303,-0.024140175,0.000199486,0.112028,-0.047485,0.023402933688528783,20.14052223705025,4.714458792079303
PART-PIER-1,408,Pier/C3D8R,-8.5,10.0,95.0,8.186454e-06,-0.11366303,-0.024140175,-0.000199486,-0.112028,-0.047485,0.023402933688528783,20.14052223705025,4.714458792079303
PART-PIER-1,568,Pier/C3D8R,8.5,10.0,95.0,-8.186454e-06,-0.11366303,-0.024140175,0.000199486,-0.112028,-0.047485,0.023402933688528783,20.14052223705025,4.714458792079303
PART-FLOOR-1,52,Floor/S4R,120.0,10.0,0.0,-0.008516502,0.00023233502,-0.46036372,-0.00664452,0.000198045,-0.483598,0.02330959586805819,5.062433087141213,5.038877956018499
PART-FLOOR-1,62,Floor/S4R,120.0,-10.0,0.0,-0.008516502,-0.00023233502,-0.46036372,-0.00664452,-0.000198045,-0.483598,0.02330959586805819,5.062433087141213,5.038877956018499
PART-FLOOR-1,155,Floor/S4R,-120.0,10.0,0.0,0.008516502,0.00023233502,-0.46036372,0.00664452,0.000198045,-0.483598,0.02330959586805819,5.062433087141213,5.038877956018499
PART-FLOOR-1,169,Floor/S4R,-120.0,-10.0,0.0,0.008516502,-0.00023233502,-0.46036372,0.00664452,-0.000198045,-0.483598,0.02330959586805819,5.062433087141213,5.038877956018499
PART-FLOOR-1,311,Floor/S4R,60.0,-5.0,0.0,-0.0041032825,-0.00019786149,-0.354397,-0.00330784,-8.30172e-05,-0.331176,0.02323490389439456,6.55573920035219,6.553870025259929
PART-FLOOR-1,313,Floor/S4R,60.0,5.0,0.0,-0.0041032825,0.00019786149,-0.354397,-0.00330784,8.30172e-05,-0.331176,0.02323490389439456,6.55573920035219,6.553870025259929
PART-FLOOR-1,374,Floor/S4R,-60.0,-5.0,0.0,0.0041032825,-0.00019786149,-0.354397,0.00330784,-8.30172e-05,-0.331176,0.02323490389439456,6.55573920035219,6.553870025259929
PART-FLOOR-1,376,Floor/S4R,-60.0,5.0,0.0,0.0041032825,0.00019786149,-0.354397,0.00330784,8.30172e-05,-0.331176,0.02323490389439456,6.55573920035219,6.553870025259929
PART-PIER-2,499,Pier/C3D8R,-12.0,-15.0,110.0,0.0004126011,0.1406022,-0.016375503,0.000413882,0.144088,-0.0392569,0.023145391160062808,16.351020375009742,5.50143037476636
PART-PIER-2,698,Pier/C3D8R,12.0,-15.0,110.0,-0.0004126011,0.1406022,-0.016375503,-0.000413882,0.144088,-0.0392569,0.023145391160062808,16.351020375009742,5.50143037476636
PART-PIER-1,499,Pier/C3D8R,-12.0,15.0,110.0,0.0004126011,-0.1406022,-0.016375503,0.000413882,-0.144088,-0.0392569,0.023145391160062808,16.351020375009742,5.50143037476636
PART-PIER-1,698,Pier/C3D8R,12.0,15.0,110.0,-0.0004126011,-0.1406022,-0.016375503,-0.000413882,-0.144088,-0.0392569,0.023145391160062808,16.351020375009742,5.50143037476636
PART-PIER-2,53,Pier/C3D8R,-12.75,-10.0,95.0,-0.00095241435,0.11354308,-0.024373377,-0.001262,0.112031,-0.0474444,0.023122593528140712,19.910348980532376,4.76703641195751
PART-PIER-2,240,Pier/C3D8R,12.75,-10.0,95.0,0.00095241435,0.11354308,-0.024373377,0.001262,0.112031,-0.0474444,0.023122593528140712,19.910348980532376,4.76703641195751
PART-PIER-1,113,Pier/C3D8R,-12.75,10.0,95.0,-0.00095241435,-0.11354308,-0.024373377,-0.001262,-0.112031,-0.0474444,0.023122593528140712,19.910348980532376,4.76703641195751
PART-PIER-1,219,Pier/C3D8R,12.75,10.0,95.0,0.00095241435,-0.11354308,-0.024373377,0.001262,-0.112031,-0.0474444,0.023122593528140712,19.910348980532376,4.76703641195751
PART-PIER-2,327,Pier/C3D8R,-4.33333,-10.0,90.0,6.5621505e-05,0.10544087,-0.023526458,0.000109763,0.102412,-0.0464487,0.023121530664189274,21.402150770047143,4.09083035588147
PART-PIER-2,643,Pier/C3D8R,4.33333,-10.0,90.0,-6.5621505e-05,0.10544087,-0.023526458,-0.000109763,0.102412,-0.0464487,0.023121530664189274,21.402150770047143,4.09083035588147
PART-PIER-1,405,Pier/C3D8R,-4.33333,10.0,90.0,6.5621505e-05,-0.10544087,-0.023526458,0.000109763,-0.102412,-0.0464487,0.023121530664189274,21.402150770047143,4.09083035588147
PART-PIER-1,565,Pier/C3D8R,4.33333,10.0,90.0,-6.5621505e-05,-0.10544087,-0.023526458,-0.000109763,-0.102412,-0.0464487,0.023121530664189274,21.402150770047143,4.09083035588147
PART-PIER-2,329,Pier/C3D8R,-4.25,-10.0,95.0,-0.00050547766,0.11385876,-0.024488186,-0.000875695,0.112601,-0.0475633,0.023112332361954147,19.84513155069524,4.957833629443026
PART-PIER-2,645,Pier/C3D8R,4.25,-10.0,95.0,0.00050547766,0.11385876,-0.024488186,0.000875695,0.112601,-0.0475633,0.023112332361954147,19.84513155069524,4.957833629443026
PART-PIER-1,407,Pier/C3D8R,-4.25,10.0,95.0,-0.00050547766,-0.11385876,-0.024488186,-0.000875695,-0.112601,-0.0475633,0.023112332361954147,19.84513155069524,4.957833629443026
PART-PIER-1,567,Pier/C3D8R,4.25,10.0,95.0,0.00050547766,-0.11385876,-0.024488186,0.000875695,-0.112601,-0.0475633,0.023112332361954147,19.84513155069524,4.957833629443026
PART-PIER-2,768,Pier/C3D8R,-4.0,-15.0,110.0,-0.00031311394,0.14087228,-0.016767016,-0.000791681,0.144741,-0.0395044,0.023069127682527862,16.261101309545992,5.7591440327744845
PART-PIER-2,846,Pier/C3D8R,4.0,-15.0,110.0,0.00031311394,0.14087228,-0.016767016,0.000791681,0.144741,-0.0395044,0.023069127682527862,16.261101309545992,5.7591440327744845
PART-PIER-1,768,Pier/C3D8R,-4.0,15.0,110.0,-0.00031311394,-0.14087228,-0.016767016,-0.000791681,-0.144741,-0.0395044,0.023069127682527862,16.261101309545992,5.7591440327744845
PART-PIER-1,846,Pier/C3D8R,4.0,15.0,110.0,0.00031311394,-0.14087228,-0.016767016,0.000791681,-0.144741,-0.0395044,0.023069127682527862,16.261101309545992,5.7591440327744845
PART-PIER-2,460,Pier/C3D8R,0.0,-15.0,110.0,-1.79332e-15,0.14094877,-0.017906584,-1.45763e-13,0.144766,-0.0406285,0.023040327940026285,16.216256197972545,5.825849218242727
PART-PIER-1,460,Pier/C3D8R,0.0,15.0,110.0,-1.938106e-14,-0.14094877,-0.017906584,-1.0377e-13,-0.144766,-0.0406285,0.023040327940026285,16.216256197972545,5.825849218242727
PART-PIER-2,52,Pier/C3D8R,-13.0,-10.0,90.0,-0.00021505787,0.10507873,-0.023418298,-0.000718407,0.102029,-0.0461889,0.022979437087578443,21.34507191499448,4.033597825829953
PART-PIER-2,241,Pier/C3D8R,13.0,-10.0,90.0,0.00021505787,0.10507873,-0.023418298,0.000718407,0.102029,-0.0461889,0.022979437087578443,21.34507191499448,4.033597825829953
PART-PIER-1,114,Pier/C3D8R,-13.0,10.0,90.0,-0.00021505787,-0.10507873,-0.023418298,-0.000718407,-0.102029,-0.0461889,0.022979437087578443,21.34507191499448,4.033597825829953
PART-PIER-1,218,Pier/C3D8R,13.0,10.0,90.0,0.00021505787,-0.10507873,-0.023418298,0.000718407,-0.102029,-0.0461889,0.022979437087578443,21.34507191499448,4.033597825829953
PART-PIER-2,107,Pier/C3D8R,-11.25,-20.0,125.0,0.0012398094,0.17137581,-0.006053075,0.00186627,0.180957,-0.0269024,0.022953997639955395,13.385257537473553,6.687490222141497
PART-PIER-2,225,Pier/C3D8R,11.25,-20.0,125.0,-0.0012398094,0.17137581,-0.006053075,-0.00186627,0.180957,-0.0269024,0.022953997639955395,13.385257537473553,6.687490222141497
PART-PIER-1,59,Pier/C3D8R,-11.25,20.0,125.0,0.0012398094,-0.17137581,-0.006053075,0.00186627,-0.180957,-0.0269024,0.022953997639955395,13.385257537473553,6.687490222141497
PART-PIER-1,234,Pier/C3D8R,11.25,20.0,125.0,-0.0012398094,-0.17137581,-0.006053075,-0.00186627,-0.180957,-0.0269024,0.022953997639955395,13.385257537473553,6.687490222141497
PART-PIER-2,419,Pier/C3D8R,-3.75,-20.0,125.0,-0.0002882327,0.1719437,-0.006025589,-0.000553088,0.181877,-0.0266897,0.022929153509021197,13.32706862511725,6.844666522658834
PART-PIER-2,579,Pier/C3D8R,3.75,-20.0,125.0,0.0002882327,0.1719437,-0.006025589,0.000553088,0.181877,-0.0266897,0.022929153509021197,13.32706862511725,6.844666522658834
PART-PIER-1,341,Pier/C3D8R,-3.75,20.0,125.0,-0.0002882327,-0.1719437,-0.006025589,-0.000553088,-0.181877,-0.0266897,0.022929153509021197,13.32706862511725,6.844666522658834
PART-PIER-1,657,Pier/C3D8R,3.75,20.0,125.0,0.0002882327,-0.1719437,-0.006025589,0.000553088,-0.181877,-0.0266897,0.022929153509021197,13.32706862511725,6.844666522658834
PART-PIER-2,417,Pier/C3D8R,-3.83333,-20.0,120.0,0.00040449228,0.1609354,-0.0066929893,0.00072243,0.169589,-0.0278845,0.022892487918573047,14.212314015463399,6.700386217313026
PART-PIER-2,577,Pier/C3D8R,3.83333,-20.0,120.0,-0.00040449228,0.1609354,-0.0066929893,-0.00072243,0.169589,-0.0278845,0.022892487918573047,14.212314015463399,6.700386217313026
PART-PIER-1,339,Pier/C3D8R,-3.83333,20.0,120.0,0.00040449228,-0.1609354,-0.0066929893,0.00072243,-0.169589,-0.0278845,0.022892487918573047,14.212314015463399,6.700386217313026
PART-PIER-1,655,Pier/C3D8R,3.83333,20.0,120.0,-0.00040449228,-0.1609354,-0.0066929893,-0.00072243,-0.169589,-0.0278845,0.022892487918573047,14.212314015463399,6.700386217313026
PART-PIER-2,75,Pier/C3D8R,0.0,-10.0,90.0,3.9590693e-16,0.1053956,-0.023427844,-4.43247e-14,0.102615,-0.0461018,0.022843817917544695,21.15794560979353,4.1932432142540765
PART-PIER-1,169,Pier/C3D8R,0.0,10.0,90.0,-1.5901636e-14,-0.1053956,-0.023427844,-1.16176e-14,-0.102615,-0.0461018,0.022843817917544695,21.15794560979353,4.1932432142540765
PART-FLOOR-1,279,Floor/S4R,120.0,0.0,0.0,-0.008500329,6.6318957e-15,-0.45498917,-0.00664162,-2.00318e-13,-0.47773,0.022816663827903948,5.013895816338441,4.9899290194960475
PART-FLOOR-1,408,Floor/S4R,-120.0,0.0,0.0,0.008500329,4.145847e-15,-0.45498917,0.00664162,-1.7434e-13,-0.47773,0.022816663827903948,5.013895816338441,4.9899290194960475
PART-PIER-2,328,Pier/C3D8R,-8.66667,-10.0,90.0,-0.0006422773,0.10536505,-0.023579638,-0.000952157,0.102547,-0.0462144,0.022811617260238615,21.127116202964324,4.177378824592671
PART-PIER-2,644,Pier/C3D8R,8.66667,-10.0,90.0,0.0006422773,0.10536505,-0.023579638,0.000952157,0.102547,-0.0462144,0.022811617260238615,21.127116202964324,4.177378824592671
PART-PIER-1,406,Pier/C3D8R,-8.66667,10.0,90.0,-0.0006422773,-0.10536505,-0.023579638,-0.000952157,-0.102547,-0.0462144,0.022811617260238615,21.127116202964324,4.177378824592671
PART-PIER-1,566,Pier/C3D8R,8.66667,10.0,90.0,0.0006422773,-0.10536505,-0.023579638,0.000952157,-0.102547,-0.0462144,0.022811617260238615,21.127116202964324,4.177378824592671
PART-PIER-2,769,Pier/C3D8R,-8.0,-15.0,110.0,-0.00035031993,0.14075269,-0.016847068,-0.000403389,0.144552,-0.039301,0.0227731560189385,16.06483761654655,5.67315189228648
PART-PIER-2,847,Pier/C3D8R,8.0,-15.0,110.0,0.00035031993,0.14075269,-0.016847068,0.000403389,0.144552,-0.039301,0.0227731560189385,16.06483761654655,5.67315189228648
PART-PIER-1,769,Pier/C3D8R,-8.0,15.0,110.0,-0.00035031993,-0.14075269,-0.016847068,-0.000403389,-0.144552,-0.039301,0.0227731560189385,16.06483761654655,5.67315189228648
PART-PIER-1,847,Pier/C3D8R,8.0,15.0,110.0,0.00035031993,-0.14075269,-0.016847068,0.000403389,-0.144552,-0.039301,0.0227731560189385,16.06483761654655,5.67315189228648
PART-PIER-2,76,Pier/C3D8R,0.0,-10.0,85.0,4.901856e-16,0.097656496,-0.023021836,-3.90932e-14,0.0933313,-0.0453054,0.02269943930982684,22.62400525235797,3.401610750997845
PART-PIER-1,168,Pier/C3D8R,0.0,10.0,85.0,-1.5311135e-14,-0.097656496,-0.023021836,-1.10031e-14,-0.0933313,-0.0453054,0.02269943930982684,22.62400525235797,3.401610750997845
PART-PIER-2,108,Pier/C3D8R,-11.5,-20.0,120.0,-0.00080030685,0.16075553,-0.0069049327,-0.00155173,0.16963,-0.0277715,0.02268776069639058,14.100031414052264,6.829820797048518
PART-PIER-2,224,Pier/C3D8R,11.5,-20.0,120.0,0.00080030685,0.16075553,-0.0069049327,0.00155173,0.16963,-0.0277715,0.02268776069639058,14.100031414052264,6.829820797048518
PART-PIER-1,58,Pier/C3D8R,-11.5,20.0,120.0,-0.00080030685,-0.16075553,-0.0069049327,-0.00155173,-0.16963,-0.0277715,0.02268776069639058,14.100031414052264,6.829820797048518
PART-PIER-1,235,Pier/C3D8R,11.5,20.0,120.0,0.00080030685,-0.16075553,-0.0069049327,0.00155173,-0.16963,-0.0277715,0.02268776069639058,14.100031414052264,6.829820797048518
PART-PIER-2,326,Pier/C3D8R,-8.83333,-10.0,85.0,-0.00016217983,0.097393416,-0.022882538,-0.000453818,0.0929733,-0.045117,0.022671430892316897,22.661106206867807,3.2959781940379638
PART-PIER-2,642,Pier/C3D8R,8.83333,-10.0,85.0,0.00016217983,0.097393416,-0.022882538,0.000453818,0.0929733,-0.045117,0.022671430892316897,22.661106206867807,3.2959781940379638
PART-PIER-1,404,Pier/C3D8R,-8.83333,10.0,85.0,-0.00016217983,-0.097393416,-0.022882538,-0.000453818,-0.0929733,-0.045117,0.022671430892316897,22.661106206867807,3.2959781940379638
PART-PIER-1,564,Pier/C3D8R,8.83333,10.0,85.0,0.00016217983,-0.097393416,-0.022882538,0.000453818,-0.0929733,-0.045117,0.022671430892316897,22.661106206867807,3.2959781940379638
PART-PIER-2,767,Pier/C3D8R,-8.16667,-15.0,105.0,6.3231586e-05,0.13131101,-0.016206518,-0.000165723,0.133153,-0.0387911,0.022660730162050703,17.12733952959561,4.822964889588894
PART-PIER-2,845,Pier/C3D8R,8.16667,-15.0,105.0,-6.3231586e-05,0.13131101,-0.016206518,0.000165723,0.133153,-0.0387911,0.022660730162050703,17.12733952959561,4.822964889588894
PART-PIER-1,767,Pier/C3D8R,-8.16667,15.0,105.0,6.3231586e-05,-0.13131101,-0.016206518,-0.000165723,-0.133153,-0.0387911,0.022660730162050703,17.12733952959561,4.822964889588894
PART-PIER-1,845,Pier/C3D8R,8.16667,15.0,105.0,-6.3231586e-05,-0.13131101,-0.016206518,0.000165723,-0.133153,-0.0387911,0.022660730162050703,17.12733952959561,4.822964889588894
PART-PIER-2,459,Pier/C3D8R,0.0,-15.0,105.0,-1.5429786e-15,0.13142076,-0.015501575,-1.38902e-13,0.133346,-0.0380058,0.022586427161200705,17.06802212983139,4.779319144723338
PART-PIER-1,459,Pier/C3D8R,0.0,15.0,105.0,-1.8577198e-14,-0.13142076,-0.015501575,-9.60941e-14,-0.133346,-0.0380058,0.022586427161200705,17.06802212983139,4.779319144723338
PART-PIER-2,766,Pier/C3D8R,-4.08333,-15.0,105.0,0.00010584861,0.1314382,-0.016269378,0.00037437,0.133293,-0.0386865,0.022495327193436672,16.98512709352479,4.796691412563687
PART-PIER-2,844,Pier/C3D8R,4.08333,-15.0,105.0,-0.00010584861,0.1314382,-0.016269378,-0.00037437,0.133293,-0.0386865,0.022495327193436672,16.98512709352479,4.796691412563687
PART-PIER-1,766,Pier/C3D8R,-4.08333,15.0,105.0,0.00010584861,-0.1314382,-0.016269378,0.00037437,-0.133293,-0.0386865,0.022495327193436672,16.98512709352479,4.796691412563687
PART-PIER-1,844,Pier/C3D8R,4.08333,15.0,105.0,-0.00010584861,-0.1314382,-0.016269378,-0.00037437,-0.133293,-0.0386865,0.022495327193436672,16.98512709352479,4.796691412563687
PART-PIER-2,325,Pier/C3D8R,-4.41667,-10.0,85.0,-0.00037000823,0.09754524,-0.022839367,-0.000661584,0.0933756,-0.0449042,0.02245724314062481,22.415982538350004,3.4234692974783036
PART-PIER-2,641,Pier/C3D8R,4.41667,-10.0,85.0,0.00037000823,0.09754524,-0.022839367,0.000661584,0.0933756,-0.0449042,0.02245724314062481,22.415982538350004,3.4234692974783036
PART-PIER-1,403,Pier/C3D8R,-4.41667,10.0,85.0,-0.00037000823,-0.09754524,-0.022839367,-0.000661584,-0.0933756,-0.0449042,0.02245724314062481,22.415982538350004,3.4234692974783036
PART-PIER-1,563,Pier/C3D8R,4.41667,10.0,85.0,0.00037000823,-0.09754524,-0.022839367,0.000661584,-0.0933756,-0.0449042,0.02245724314062481,22.415982538350004,3.4234692974783036
PART-SUPPORTBEAM-2,44,SupportBeam/B31,-240.0,10.0,-24.0,0.01696895,0.0012083725,-0.05643587,0.0232171,0.00125119,-0.0779989,0.022450066248047157,38.08701312316759,38.08085513219905
PART-SUPPORTBEAM-2,341,SupportBeam/B31,240.0,10.0,-24.0,-0.01696895,0.0012083725,-0.05643587,-0.0232171,0.00125119,-0.0779989,0.022450066248047157,38.08701312316759,38.08085513219905
PART-SUPPORTBEAM-1,44,SupportBeam/B31,-240.0,-10.0,-24.0,0.01696895,-0.0012083725,-0.05643587,0.0232171,-0.00125119,-0.0779989,0.022450066248047157,38.08701312316759,38.08085513219905
PART-SUPPORTBEAM-1,341,SupportBeam/B31,240.0,-10.0,-24.0,-0.01696895,-0.0012083725,-0.05643587,-0.0232171,-0.00125119,-0.0779989,0.022450066248047157,38.08701312316759,38.08085513219905
PART-PIER-2,51,Pier/C3D8R,-13.25,-10.0,85.0,-0.0008093537,0.09726391,-0.022790536,-0.0011839,0.0928734,-0.0447921,0.022438486612003043,22.460585478100533,3.2189764876412266
PART-PIER-2,242,Pier/C3D8R,13.25,-10.0,85.0,0.0008093537,0.09726391,-0.022790536,0.0011839,0.0928734,-0.0447921,0.022438486612003043,22.460585478100533,3.2189764876412266
PART-PIER-1,115,Pier/C3D8R,-13.25,10.0,85.0,-0.0008093537,-0.09726391,-0.022790536,-0.0011839,-0.0928734,-0.0447921,0.022438486612003043,22.460585478100533,3.2189764876412266
PART-PIER-1,217,Pier/C3D8R,13.25,10.0,85.0,0.0008093537,-0.09726391,-0.022790536,0.0011839,-0.0928734,-0.0447921,0.022438486612003043,22.460585478100533,3.2189764876412266
PART-PIER-2,323,Pier/C3D8R,-4.5,-10.0,80.0,-6.0546736e-05,0.089923516,-0.022252504,-0.000110948,0.0843825,-0.0439611,0.02240465440239784,24.185705648044824,2.710939162939891
PART-PIER-2,639,Pier/C3D8R,4.5,-10.0,80.0,6.0546736e-05,0.089923516,-0.022252504,0.000110948,0.0843825,-0.0439611,0.02240465440239784,24.185705648044824,2.710939162939891
PART-PIER-1,401,Pier/C3D8R,-4.5,10.0,80.0,-6.0546736e-05,-0.089923516,-0.022252504,-0.000110948,-0.0843825,-0.0439611,0.02240465440239784,24.185705648044824,2.710939162939891
PART-PIER-1,561,Pier/C3D8R,4.5,10.0,80.0,6.0546736e-05,-0.089923516,-0.022252504,0.000110948,-0.0843825,-0.0439611,0.02240465440239784,24.185705648044824,2.710939162939891
PART-PIER-2,50,Pier/C3D8R,-13.5,-10.0,80.0,-0.00040235266,0.08951529,-0.02209954,-0.00095087,0.083914,-0.0436787,0.022301019421586556,24.186662686765168,2.605311544276354
PART-PIER-2,243,Pier/C3D8R,13.5,-10.0,80.0,0.00040235266,0.08951529,-0.02209954,0.00095087,0.083914,-0.0436787,0.022301019421586556,24.186662686765168,2.605311544276354
PART-PIER-1,116,Pier/C3D8R,-13.5,10.0,80.0,-0.00040235266,-0.08951529,-0.02209954,-0.00095087,-0.083914,-0.0436787,0.022301019421586556,24.186662686765168,2.605311544276354
PART-PIER-1,216,Pier/C3D8R,13.5,10.0,80.0,0.00040235266,-0.08951529,-0.02209954,0.00095087,-0.083914,-0.0436787,0.022301019421586556,24.186662686765168,2.605311544276354
PART-PIER-2,498,Pier/C3D8R,-12.25,-15.0,105.0,-0.0006839019,0.13107292,-0.016493812,-0.00106875,0.133025,-0.0386944,0.022289567782534894,16.872183187854958,4.870403622172404
PART-PIER-2,697,Pier/C3D8R,12.25,-15.0,105.0,0.0006839019,0.13107292,-0.016493812,0.00106875,0.133025,-0.0386944,0.022289567782534894,16.872183187854958,4.870403622172404
PART-PIER-1,498,Pier/C3D8R,-12.25,15.0,105.0,-0.0006839019,-0.13107292,-0.016493812,-0.00106875,-0.133025,-0.0386944,0.022289567782534894,16.872183187854958,4.870403622172404
PART-PIER-1,697,Pier/C3D8R,12.25,15.0,105.0,0.0006839019,-0.13107292,-0.016493812,0.00106875,-0.133025,-0.0386944,0.022289567782534894,16.872183187854958,4.870403622172404
PART-PIER-2,77,Pier/C3D8R,0.0,-10.0,80.0,6.1198956e-16,0.089912124,-0.022052448,-3.60221e-14,0.0845034,-0.0436107,0.022226392523387144,24.008547558464937,2.7179623772159873
PART-PIER-1,167,Pier/C3D8R,0.0,10.0,80.0,-1.4273478e-14,-0.089912124,-0.022052448,-9.13619e-15,-0.0845034,-0.0436107,0.022226392523387144,24.008547558464937,2.7179623772159873
PART-PIER-2,324,Pier/C3D8R,-9.0,-10.0,80.0,-0.0005463165,0.08980679,-0.022059383,-0.000857343,0.0843679,-0.0435716,0.022191298794142073,23.99630909651437,2.682553577372692
PART-PIER-2,640,Pier/C3D8R,9.0,-10.0,80.0,0.0005463165,0.08980679,-0.022059383,0.000857343,0.0843679,-0.0435716,0.022191298794142073,23.99630909651437,2.682553577372692
PART-PIER-1,402,Pier/C3D8R,-9.0,10.0,80.0,-0.0005463165,-0.08980679,-0.022059383,-0.000857343,-0.0843679,-0.0435716,0.022191298794142073,23.99630909651437,2.682553577372692
PART-PIER-1,562,Pier/C3D8R,9.0,10.0,80.0,0.0005463165,-0.08980679,-0.022059383,0.000857343,-0.0843679,-0.0435716,0.022191298794142073,23.99630909651437,2.682553577372692
PART-SUPPORTBEAM-2,139,SupportBeam/B31,-100.0,10.0,-22.5,-0.0060053817,0.0019901171,-0.23561324,0.0123102,0.00020285,-0.247989,0.022176886442278523,9.409019637902691,5.344238379387436
PART-SUPPORTBEAM-2,243,SupportBeam/B31,100.0,10.0,-22.5,0.0060053817,0.0019901171,-0.23561324,-0.0123102,0.00020285,-0.247989,0.022176886442278523,9.409019637902691,5.344238379387436
PART-SUPPORTBEAM-1,139,SupportBeam/B31,-100.0,-10.0,-22.5,-0.0060053817,-0.0019901171,-0.23561324,0.0123102,-0.00020285,-0.247989,0.022176886442278523,9.409019637902691,5.344238379387436
PART-SUPPORTBEAM-1,243,SupportBeam/B31,100.0,-10.0,-22.5,0.0060053817,-0.0019901171,-0.23561324,-0.0123102,-0.00020285,-0.247989,0.022176886442278523,9.409019637902691,5.344238379387436
PART-PIER-2,418,Pier/C3D8R,-7.66667,-20.0,120.0,0.0003417259,0.160881,-0.006472846,0.000514559,0.168488,-0.027266,0.02214162535922265,13.751578079250413,6.005277777004084
PART-PIER-2,578,Pier/C3D8R,7.66667,-20.0,120.0,-0.0003417259,0.160881,-0.006472846,-0.000514559,0.168488,-0.027266,0.02214162535922265,13.751578079250413,6.005277777004084
PART-PIER-1,340,Pier/C3D8R,-7.66667,20.0,120.0,0.0003417259,-0.160881,-0.006472846,0.000514559,-0.168488,-0.027266,0.02214162535922265,13.751578079250413,6.005277777004084
PART-PIER-1,656,Pier/C3D8R,7.66667,20.0,120.0,-0.0003417259,-0.160881,-0.006472846,-0.000514559,-0.168488,-0.027266,0.02214162535922265,13.751578079250413,6.005277777004084
PART-PIER-2,497,Pier/C3D8R,-12.5,-15.0,100.0,0.0001453565,0.12207009,-0.015919063,-1.16147e-05,0.121894,-0.0380216,0.022103795816151094,17.955413683563602,3.722466169472923
PART-PIER-2,696,Pier/C3D8R,12.5,-15.0,100.0,-0.0001453565,0.12207009,-0.015919063,1.16147e-05,0.121894,-0.0380216,0.022103795816151094,17.955413683563602,3.722466169472923
PART-PIER-1,497,Pier/C3D8R,-12.5,15.0,100.0,0.0001453565,-0.12207009,-0.015919063,-1.16147e-05,-0.121894,-0.0380216,0.022103795816151094,17.955413683563602,3.722466169472923
PART-PIER-1,696,Pier/C3D8R,12.5,15.0,100.0,-0.0001453565,-0.12207009,-0.015919063,1.16147e-05,-0.121894,-0.0380216,0.022103795816151094,17.955413683563602,3.722466169472923
PART-PIER-2,174,Pier/C3D8R,0.0,-20.0,115.0,-3.6908592e-15,0.15095524,-0.008155007,-2.38202e-13,0.157097,-0.0293806,0.02209631222849752,14.61634530831171,5.718815348228981
PART-PIER-1,70,Pier/C3D8R,0.0,20.0,115.0,-1.9892227e-14,-0.15095524,-0.008155007,-1.96069e-13,-0.157097,-0.0293806,0.02209631222849752,14.61634530831171,5.718815348228981
PART-PIER-2,764,Pier/C3D8R,-4.16667,-15.0,100.0,-0.00018869017,0.122316174,-0.016174972,-0.000558824,0.122444,-0.0382478,0.022076301195081808,17.892764499742807,3.9704296640460925
PART-PIER-2,842,Pier/C3D8R,4.16667,-15.0,100.0,0.00018869017,0.122316174,-0.016174972,0.000558824,0.122444,-0.0382478,0.022076301195081808,17.892764499742807,3.9704296640460925
PART-PIER-1,764,Pier/C3D8R,-4.16667,15.0,100.0,-0.00018869017,-0.122316174,-0.016174972,-0.000558824,-0.122444,-0.0382478,0.022076301195081808,17.892764499742807,3.9704296640460925
PART-PIER-1,842,Pier/C3D8R,4.16667,15.0,100.0,0.00018869017,-0.122316174,-0.016174972,0.000558824,-0.122444,-0.0382478,0.022076301195081808,17.892764499742807,3.9704296640460925
PART-PIER-2,78,Pier/C3D8R,0.0,-10.0,75.0,8.1293934e-16,0.082768954,-0.021548375,-3.17823e-14,0.0762184,-0.0426269,0.022072923999383067,25.807845285421845,2.1054065161555267
PART-PIER-1,166,Pier/C3D8R,0.0,10.0,75.0,-1.3562766e-14,-0.082768954,-0.021548375,-7.53328e-15,-0.0762184,-0.0426269,0.022072923999383067,25.807845285421845,2.1054065161555267
PART-PIER-2,322,Pier/C3D8R,-9.16667,-10.0,75.0,-0.0002846379,0.08255135,-0.02148551,-0.000639202,0.0758853,-0.0425037,0.022052805925315007,25.852620544744852,1.967324081196054
PART-PIER-2,638,Pier/C3D8R,9.16667,-10.0,75.0,0.0002846379,0.08255135,-0.02148551,0.000639202,0.0758853,-0.0425037,0.022052805925315007,25.852620544744852,1.967324081196054
PART-PIER-1,400,Pier/C3D8R,-9.16667,10.0,75.0,-0.0002846379,-0.08255135,-0.02148551,-0.000639202,-0.0758853,-0.0425037,0.022052805925315007,25.852620544744852,1.967324081196054
PART-PIER-1,560,Pier/C3D8R,9.16667,10.0,75.0,0.0002846379,-0.08255135,-0.02148551,0.000639202,-0.0758853,-0.0425037,0.022052805925315007,25.852620544744852,1.967324081196054
PART-PIER-2,458,Pier/C3D8R,0.0,-15.0,100.0,-1.2903061e-15,0.12242369,-0.016667891,-1.30293e-13,0.122521,-0.038652,0.021984324364418866,17.793416113421838,3.9821702922664284
PART-PIER-1,458,Pier/C3D8R,0.0,15.0,100.0,-1.7655602e-14,-0.12242369,-0.016667891,-9.54657e-14,-0.122521,-0.038652,0.021984324364418866,17.793416113421838,3.9821702922664284
PART-PIER-2,321,Pier/C3D8R,-4.58333,-10.0,75.0,-0.00029566235,0.082683966,-0.02131237,-0.000545635,0.0761788,-0.0422522,0.02192843248940069,25.681225460995112,2.0219079865491794
PART-PIER-2,637,Pier/C3D8R,4.58333,-10.0,75.0,0.00029566235,0.082683966,-0.02131237,0.000545635,0.0761788,-0.0422522,0.02192843248940069,25.681225460995112,2.0219079865491794
PART-PIER-1,399,Pier/C3D8R,-4.58333,10.0,75.0,-0.00029566235,-0.082683966,-0.02131237,-0.000545635,-0.0761788,-0.0422522,0.02192843248940069,25.681225460995112,2.0219079865491794
PART-PIER-1,559,Pier/C3D8R,4.58333,10.0,75.0,0.00029566235,-0.082683966,-0.02131237,0.000545635,-0.0761788,-0.0422522,0.02192843248940069,25.681225460995112,2.0219079865491794
PART-PIER-2,765,Pier/C3D8R,-8.33333,-15.0,100.0,-0.0003245999,0.122221075,-0.016169867,-0.000432932,0.122262,-0.0380757,0.021906139096687125,17.76848159082935,3.8673764313550825
PART-PIER-2,843,Pier/C3D8R,8.33333,-15.0,100.0,0.0003245999,0.122221075,-0.016169867,0.000432932,0.122262,-0.0380757,0.021906139096687125,17.76848159082935,3.8673764313550825
PART-PIER-1,765,Pier/C3D8R,-8.33333,15.0,100.0,-0.0003245999,-0.122221075,-0.016169867,-0.000432932,-0.122262,-0.0380757,0.021906139096687125,17.76848159082935,3.8673764313550825
PART-PIER-1,843,Pier/C3D8R,8.33333,15.0,100.0,0.0003245999,-0.122221075,-0.016169867,0.000432932,-0.122262,-0.0380757,0.021906139096687125,17.76848159082935,3.8673764313550825
PART-PIER-2,49,Pier/C3D8R,-13.75,-10.0,75.0,-0.0007237063,0.082408376,-0.021266017,-0.00116277,0.0757071,-0.0421073,0.021896551190699477,25.72700695164361,1.7925845898375241
PART-PIER-2,244,Pier/C3D8R,13.75,-10.0,75.0,0.0007237063,0.082408376,-0.021266017,0.00116277,0.0757071,-0.0421073,0.021896551190699477,25.72700695164361,1.7925845898375241
PART-PIER-1,117,Pier/C3D8R,-13.75,10.0,75.0,-0.0007237063,-0.082408376,-0.021266017,-0.00116277,-0.0757071,-0.0421073,0.021896551190699477,25.72700695164361,1.7925845898375241
PART-PIER-1,215,Pier/C3D8R,13.75,10.0,75.0,0.0007237063,-0.082408376,-0.021266017,0.00116277,-0.0757071,-0.0421073,0.021896551190699477,25.72700695164361,1.7925845898375241
PART-PIER-2,457,Pier/C3D8R,0.0,-15.0,95.0,-1.3540104e-15,0.11364193,-0.015449809,-1.24628e-13,0.112114,-0.0372758,0.021879407058167294,19.07743956429076,3.017789023377549
PART-PIER-1,457,Pier/C3D8R,0.0,15.0,95.0,-1.6622796e-14,-0.11364193,-0.015449809,-8.81229e-14,-0.112114,-0.0372758,0.021879407058167294,19.07743956429076,3.017789023377549
PART-SUPPORTBEAM-2,30,SupportBeam/B31,-238.46153,10.0,-30.0,-0.004829629,0.0017116347,-0.058884636,-0.00368513,0.00145456,-0.0807051,0.021851970495533744,36.970095692081,36.7047503073538
PART-SUPPORTBEAM-2,320,SupportBeam/B31,238.46153,10.0,-30.0,0.004829629,0.0017116347,-0.058884636,0.00368513,0.00145456,-0.0807051,0.021851970495533744,36.970095692081,36.7047503073538
PART-SUPPORTBEAM-1,30,SupportBeam/B31,-238.46153,-10.0,-30.0,-0.004829629,-0.0017116347,-0.058884636,-0.00368513,-0.00145456,-0.0807051,0.021851970495533744,36.970095692081,36.7047503073538
PART-SUPPORTBEAM-1,320,SupportBeam/B31,238.46153,-10.0,-30.0,0.004829629,-0.0017116347,-0.058884636,0.00368513,-0.00145456,-0.0807051,0.021851970495533744,36.970095692081,36.7047503073538
PART-PIER-2,763,Pier/C3D8R,-8.5,-15.0,95.0,-1.4852489e-05,0.11352307,-0.015689535,-0.000256749,0.111942,-0.0374827,0.02185178109409297,19.06751672339888,3.0093940232152643
PART-PIER-2,841,Pier/C3D8R,8.5,-15.0,95.0,1.4852489e-05,0.11352307,-0.015689535,0.000256749,0.111942,-0.0374827,0.02185178109409297,19.06751672339888,3.0093940232152643
PART-PIER-1,763,Pier/C3D8R,-8.5,15.0,95.0,-1.4852489e-05,-0.11352307,-0.015689535,-0.000256749,-0.111942,-0.0374827,0.02185178109409297,19.06751672339888,3.0093940232152643
PART-PIER-1,841,Pier/C3D8R,8.5,15.0,95.0,1.4852489e-05,-0.11352307,-0.015689535,0.000256749,-0.111942,-0.0374827,0.02185178109409297,19.06751672339888,3.0093940232152643
PART-PIER-2,762,Pier/C3D8R,-4.25,-15.0,95.0,-1.157e-05,0.11367621,-0.015712442,0.000125558,0.112096,-0.0374371,0.021782484544914705,18.98140473620211,2.984892265989843
PART-PIER-2,840,Pier/C3D8R,4.25,-15.0,95.0,1.157e-05,0.11367621,-0.015712442,-0.000125558,0.112096,-0.0374371,0.021782484544914705,18.98140473620211,2.984892265989843
PART-PIER-1,762,Pier/C3D8R,-4.25,15.0,95.0,-1.157e-05,-0.11367621,-0.015712442,0.000125558,-0.112096,-0.0374371,0.021782484544914705,18.98140473620211,2.984892265989843
PART-PIER-1,840,Pier/C3D8R,4.25,15.0,95.0,1.157e-05,-0.11367621,-0.015712442,-0.000125558,-0.112096,-0.0374371,0.021782484544914705,18.98140473620211,2.984892265989843
PART-PIER-2,319,Pier/C3D8R,-4.66667,-10.0,70.0,-0.00013845762,0.07579528,-0.020820541,-0.000256045,0.0682739,-0.0412436,0.021764336029702725,27.688922524773584,1.4780210437916865
PART-PIER-2,635,Pier/C3D8R,4.66667,-10.0,70.0,0.00013845762,0.07579528,-0.020820541,0.000256045,0.0682739,-0.0412436,0.021764336029702725,27.688922524773584,1.4780210437916865
PART-PIER-1,397,Pier/C3D8R,-4.66667,10.0,70.0,-0.00013845762,-0.07579528,-0.020820541,-0.000256045,-0.0682739,-0.0412436,0.021764336029702725,27.688922524773584,1.4780210437916865
PART-PIER-1,557,Pier/C3D8R,4.66667,10.0,70.0,0.00013845762,-0.07579528,-0.020820541,0.000256045,-0.0682739,-0.0412436,0.021764336029702725,27.688922524773584,1.4780210437916865
PART-PIER-2,416,Pier/C3D8R,-7.83333,-20.0,115.0,-0.00015056347,0.15064484,-0.0069288267,-0.000364735,0.156918,-0.0277409,0.021738003608299344,14.414722697006308,5.66793204867609
PART-PIER-2,576,Pier/C3D8R,7.83333,-20.0,115.0,0.00015056347,0.15064484,-0.0069288267,0.000364735,0.156918,-0.0277409,0.021738003608299344,14.414722697006308,5.66793204867609
PART-PIER-1,338,Pier/C3D8R,-7.83333,20.0,115.0,-0.00015056347,-0.15064484,-0.0069288267,-0.000364735,-0.156918,-0.0277409,0.021738003608299344,14.414722697006308,5.66793204867609
PART-PIER-1,654,Pier/C3D8R,7.83333,20.0,115.0,0.00015056347,-0.15064484,-0.0069288267,0.000364735,-0.156918,-0.0277409,0.021738003608299344,14.414722697006308,5.66793204867609
PART-PIER-2,175,Pier/C3D8R,0.0,-20.0,120.0,-3.700203e-15,0.16040647,-0.0053041168,-2.46888e-13,0.168191,-0.0255975,0.021735231975365307,13.542694985253348,6.002455250178844
PART-PIER-1,69,Pier/C3D8R,0.0,20.0,120.0,-2.0811393e-14,-0.16040647,-0.0053041168,-2.00879e-13,-0.168191,-0.0255975,0.021735231975365307,13.542694985253348,6.002455250178844
PART-SUPPORTBEAM-2,77,SupportBeam/B31,-110.0,10.0,-6.0,0.008387914,0.0006285711,-0.23805802,0.0115991,0.000229777,-0.259551,0.021735200517620935,9.124517398602846,9.069259466449607
PART-SUPPORTBEAM-2,266,SupportBeam/B31,110.0,10.0,-6.0,-0.008387914,0.0006285711,-0.23805802,-0.0115991,0.000229777,-0.259551,0.021735200517620935,9.124517398602846,9.069259466449607
PART-SUPPORTBEAM-1,77,SupportBeam/B31,-110.0,-10.0,-6.0,0.008387914,-0.0006285711,-0.23805802,0.0115991,-0.000229777,-0.259551,0.021735200517620935,9.124517398602846,9.069259466449607
PART-SUPPORTBEAM-1,266,SupportBeam/B31,110.0,-10.0,-6.0,-0.008387914,-0.0006285711,-0.23805802,-0.0115991,-0.000229777,-0.259551,0.021735200517620935,9.124517398602846,9.069259466449607
PART-PIER-2,48,Pier/C3D8R,-14.0,-10.0,70.0,-0.00053756573,0.075369336,-0.020667912,-0.00113549,0.0677567,-0.040965,0.02168597522780322,27.747883121895693,1.3207064244663778
PART-PIER-2,245,Pier/C3D8R,14.0,-10.0,70.0,0.00053756573,0.075369336,-0.020667912,0.00113549,0.0677567,-0.040965,0.02168597522780322,27.747883121895693,1.3207064244663778
PART-PIER-1,118,Pier/C3D8R,-14.0,10.0,70.0,-0.00053756573,-0.075369336,-0.020667912,-0.00113549,-0.0677567,-0.040965,0.02168597522780322,27.747883121895693,1.3207064244663778
PART-PIER-1,214,Pier/C3D8R,14.0,10.0,70.0,0.00053756573,-0.075369336,-0.020667912,0.00113549,-0.0677567,-0.040965,0.02168597522780322,27.747883121895693,1.3207064244663778
PART-PIER-2,79,Pier/C3D8R,0.0,-10.0,70.0,9.309464e-16,0.07580782,-0.020607106,-2.87931e-14,0.0683154,-0.04095,0.021678784415913085,27.595630438480317,1.3872710996264723
PART-PIER-1,165,Pier/C3D8R,0.0,10.0,70.0,-1.2611977e-14,-0.07580782,-0.020607106,-5.92388e-15,-0.0683154,-0.04095,0.021678784415913085,27.595630438480317,1.3872710996264723
PART-PIER-2,320,Pier/C3D8R,-9.33333,-10.0,70.0,-0.0004937288,0.07565979,-0.020569578,-0.000823825,0.0681571,-0.0408665,0.02164172736662761,27.601560812614373,1.3602297398974021
PART-PIER-2,636,Pier/C3D8R,9.33333,-10.0,70.0,0.0004937288,0.07565979,-0.020569578,0.000823825,0.0681571,-0.0408665,0.02164172736662761,27.601560812614373,1.3602297398974021
PART-PIER-1,398,Pier/C3D8R,-9.33333,10.0,70.0,-0.0004937288,-0.07565979,-0.020569578,-0.000823825,-0.0681571,-0.0408665,0.02164172736662761,27.601560812614373,1.3602297398974021
PART-PIER-1,558,Pier/C3D8R,9.33333,10.0,70.0,0.0004937288,-0.07565979,-0.020569578,0.000823825,-0.0681571,-0.0408665,0.02164172736662761,27.601560812614373,1.3602297398974021
PART-PIER-2,496,Pier/C3D8R,-12.75,-15.0,95.0,-0.0005282535,0.113274805,-0.015772825,-0.000876201,0.111714,-0.0373471,0.021633458380166733,18.915509966796236,2.995405871181334
PART-PIER-2,695,Pier/C3D8R,12.75,-15.0,95.0,0.0005282535,0.113274805,-0.015772825,0.000876201,0.111714,-0.0373471,0.021633458380166733,18.915509966796236,2.995405871181334
PART-PIER-1,496,Pier/C3D8R,-12.75,15.0,95.0,-0.0005282535,-0.113274805,-0.015772825,-0.000876201,-0.111714,-0.0373471,0.021633458380166733,18.915509966796236,2.995405871181334
PART-PIER-1,695,Pier/C3D8R,12.75,15.0,95.0,0.0005282535,-0.113274805,-0.015772825,0.000876201,-0.111714,-0.0373471,0.021633458380166733,18.915509966796236,2.995405871181334
PART-PIER-2,760,Pier/C3D8R,-4.33333,-15.0,90.0,-0.00012500976,0.10529097,-0.01548586,-0.000415943,0.102269,-0.0368063,0.02153550804194405,20.23562110761502,2.1307887013159466
PART-PIER-2,838,Pier/C3D8R,4.33333,-15.0,90.0,0.00012500976,0.10529097,-0.01548586,0.000415943,0.102269,-0.0368063,0.02153550804194405,20.23562110761502,2.1307887013159466
PART-PIER-1,760,Pier/C3D8R,-4.33333,15.0,90.0,-0.00012500976,-0.10529097,-0.01548586,-0.000415943,-0.102269,-0.0368063,0.02153550804194405,20.23562110761502,2.1307887013159466
PART-PIER-1,838,Pier/C3D8R,4.33333,15.0,90.0,0.00012500976,-0.10529097,-0.01548586,0.000415943,-0.102269,-0.0368063,0.02153550804194405,20.23562110761502,2.1307887013159466
PART-PIER-2,495,Pier/C3D8R,-13.0,-15.0,90.0,-4.1865023e-05,0.10504442,-0.01535571,-0.000316308,0.101774,-0.0366395,0.021535335676235105,20.285568698559093,1.8914526581421554
PART-PIER-2,694,Pier/C3D8R,13.0,-15.0,90.0,4.1865023e-05,0.10504442,-0.01535571,0.000316308,0.101774,-0.0366395,0.021535335676235105,20.285568698559093,1.8914526581421554
PART-PIER-1,495,Pier/C3D8R,-13.0,15.0,90.0,-4.1865023e-05,-0.10504442,-0.01535571,-0.000316308,-0.101774,-0.0366395,0.021535335676235105,20.285568698559093,1.8914526581421554
PART-PIER-1,694,Pier/C3D8R,13.0,15.0,90.0,4.1865023e-05,-0.10504442,-0.01535571,0.000316308,-0.101774,-0.0366395,0.021535335676235105,20.285568698559093,1.8914526581421554
PART-PIER-2,456,Pier/C3D8R,0.0,-15.0,90.0,-9.514288e-16,0.10540893,-0.0156135345,-1.15944e-13,0.102374,-0.0368739,0.021475892095521674,20.153987779346405,2.1145990859957777
PART-PIER-1,456,Pier/C3D8R,0.0,15.0,90.0,-1.5850096e-14,-0.10540893,-0.0156135345,-8.44515e-14,-0.102374,-0.0368739,0.021475892095521674,20.153987779346405,2.1145990859957777
PART-PIER-2,761,Pier/C3D8R,-8.66667,-15.0,90.0,-0.0002922517,0.10520529,-0.015444151,-0.000456137,0.102083,-0.0366659,0.021450831775356807,20.17321165865825,2.0085915972227935
PART-PIER-2,839,Pier/C3D8R,8.66667,-15.0,90.0,0.0002922517,0.10520529,-0.015444151,0.000456137,0.102083,-0.0366659,0.021450831775356807,20.17321165865825,2.0085915972227935
PART-PIER-1,761,Pier/C3D8R,-8.66667,15.0,90.0,-0.0002922517,-0.10520529,-0.015444151,-0.000456137,-0.102083,-0.0366659,0.021450831775356807,20.17321165865825,2.0085915972227935
PART-PIER-1,839,Pier/C3D8R,8.66667,15.0,90.0,0.0002922517,-0.10520529,-0.015444151,0.000456137,-0.102083,-0.0366659,0.021450831775356807,20.17321165865825,2.0085915972227935
PART-PIER-2,80,Pier/C3D8R,0.0,-10.0,65.0,8.424427e-16,0.06929056,-0.02005072,-2.46402e-14,0.0610469,-0.0398318,0.02143009697042923,29.709020308921573,1.0523020981488773
PART-PIER-1,164,Pier/C3D8R,0.0,10.0,65.0,-1.1702875e-14,-0.06929056,-0.02005072,-4.80976e-15,-0.0610469,-0.0398318,0.02143009697042923,29.709020308921573,1.0523020981488773
PART-PIER-2,455,Pier/C3D8R,0.0,-15.0,85.0,-7.635834e-16,0.09736276,-0.015059264,-1.09347e-13,0.0929613,-0.0360283,0.021425996380586274,21.747754914766716,1.1959511746144955
PART-PIER-1,455,Pier/C3D8R,0.0,15.0,85.0,-1.4741734e-14,-0.09736276,-0.015059264,-7.8766e-14,-0.0929613,-0.0360283,0.021425996380586274,21.747754914766716,1.1959511746144955
PART-PIER-2,318,Pier/C3D8R,-9.5,-10.0,65.0,-0.0003713976,0.06909085,-0.020001585,-0.000779393,0.0607054,-0.0397103,0.021422317309295603,29.78268571323625,0.855620837607873
PART-PIER-2,634,Pier/C3D8R,9.5,-10.0,65.0,0.0003713976,0.06909085,-0.020001585,0.000779393,0.0607054,-0.0397103,0.021422317309295603,29.78268571323625,0.855620837607873
PART-PIER-1,396,Pier/C3D8R,-9.5,10.0,65.0,-0.0003713976,-0.06909085,-0.020001585,-0.000779393,-0.0607054,-0.0397103,0.021422317309295603,29.78268571323625,0.855620837607873
PART-PIER-1,556,Pier/C3D8R,9.5,10.0,65.0,0.0003713976,-0.06909085,-0.020001585,0.000779393,-0.0607054,-0.0397103,0.021422317309295603,29.78268571323625,0.855620837607873
PART-PIER-2,109,Pier/C3D8R,-11.75,-20.0,115.0,0.00084069365,0.1504053,-0.006703099,0.00141092,0.155407,-0.0274951,0.021392743315531912,14.209071420067247,4.828660980675219
PART-PIER-2,223,Pier/C3D8R,11.75,-20.0,115.0,-0.00084069365,0.1504053,-0.006703099,-0.00141092,0.155407,-0.0274951,0.021392743315531912,14.209071420067247,4.828660980675219
PART-PIER-1,57,Pier/C3D8R,-11.75,20.0,115.0,0.00084069365,-0.1504053,-0.006703099,0.00141092,-0.155407,-0.0274951,0.021392743315531912,14.209071420067247,4.828660980675219
PART-PIER-1,236,Pier/C3D8R,11.75,20.0,115.0,-0.00084069365,-0.1504053,-0.006703099,-0.00141092,-0.155407,-0.0274951,0.021392743315531912,14.209071420067247,4.828660980675219
PART-PIER-2,759,Pier/C3D8R,-8.83333,-15.0,85.0,-9.128729e-05,0.09723043,-0.015078816,-0.000350549,0.0927979,-0.0359997,0.021386863402019198,21.736216206718094,1.1626085888374496
PART-PIER-2,837,Pier/C3D8R,8.83333,-15.0,85.0,9.128729e-05,0.09723043,-0.015078816,0.000350549,0.0927979,-0.0359997,0.021386863402019198,21.736216206718094,1.1626085888374496
PART-PIER-1,759,Pier/C3D8R,-8.83333,15.0,85.0,-9.128729e-05,-0.09723043,-0.015078816,-0.000350549,-0.0927979,-0.0359997,0.021386863402019198,21.736216206718094,1.1626085888374496
PART-PIER-1,837,Pier/C3D8R,8.83333,15.0,85.0,9.128729e-05,-0.09723043,-0.015078816,0.000350549,-0.0927979,-0.0359997,0.021386863402019198,21.736216206718094,1.1626085888374496
PART-PIER-2,758,Pier/C3D8R,-4.41667,-15.0,85.0,-7.320606e-05,0.09739655,-0.015070083,-3.35133e-05,0.0929561,-0.0359826,0.021378787126331216,21.69211416266829,1.138275302214218
PART-PIER-2,836,Pier/C3D8R,4.41667,-15.0,85.0,7.320606e-05,0.09739655,-0.015070083,3.35133e-05,0.0929561,-0.0359826,0.021378787126331216,21.69211416266829,1.138275302214218
PART-PIER-1,758,Pier/C3D8R,-4.41667,15.0,85.0,-7.320606e-05,-0.09739655,-0.015070083,-3.35133e-05,-0.0929561,-0.0359826,0.021378787126331216,21.69211416266829,1.138275302214218
PART-PIER-1,836,Pier/C3D8R,4.41667,15.0,85.0,7.320606e-05,-0.09739655,-0.015070083,3.35133e-05,-0.0929561,-0.0359826,0.021378787126331216,21.69211416266829,1.138275302214218
PART-PIER-2,317,Pier/C3D8R,-4.75,-10.0,65.0,-0.00025994208,0.069221295,-0.019827235,-0.000489417,0.0609224,-0.0395249,0.021375741470465046,29.686312308161284,0.8567489244143279
PART-PIER-2,633,Pier/C3D8R,4.75,-10.0,65.0,0.00025994208,0.069221295,-0.019827235,0.000489417,0.0609224,-0.0395249,0.021375741470465046,29.686312308161284,0.8567489244143279
PART-PIER-1,395,Pier/C3D8R,-4.75,10.0,65.0,-0.00025994208,-0.069221295,-0.019827235,-0.000489417,-0.0609224,-0.0395249,0.021375741470465046,29.686312308161284,0.8567489244143279
PART-PIER-1,555,Pier/C3D8R,4.75,10.0,65.0,0.00025994208,-0.069221295,-0.019827235,0.000489417,-0.0609224,-0.0395249,0.021375741470465046,29.686312308161284,0.8567489244143279
PART-PIER-2,47,Pier/C3D8R,-14.25,-10.0,65.0,-0.00068780675,0.06892809,-0.019755894,-0.00119046,0.0604517,-0.0393327,0.021339006089400498,29.758736304946652,0.5917756575842107
PART-PIER-2,246,Pier/C3D8R,14.25,-10.0,65.0,0.00068780675,0.06892809,-0.019755894,0.00119046,0.0604517,-0.0393327,0.021339006089400498,29.758736304946652,0.5917756575842107
PART-PIER-1,119,Pier/C3D8R,-14.25,10.0,65.0,-0.00068780675,-0.06892809,-0.019755894,-0.00119046,-0.0604517,-0.0393327,0.021339006089400498,29.758736304946652,0.5917756575842107
PART-PIER-1,213,Pier/C3D8R,14.25,10.0,65.0,0.00068780675,-0.06892809,-0.019755894,0.00119046,-0.0604517,-0.0393327,0.021339006089400498,29.758736304946652,0.5917756575842107
PART-PIER-2,415,Pier/C3D8R,-3.91667,-20.0,115.0,-0.00028358932,0.15067504,-0.0070644743,-0.000638572,0.156133,-0.0276516,0.021301293027708442,14.121702685386081,5.120061583482204
PART-PIER-2,575,Pier/C3D8R,3.91667,-20.0,115.0,0.00028358932,0.15067504,-0.0070644743,0.000638572,0.156133,-0.0276516,0.021301293027708442,14.121702685386081,5.120061583482204
PART-PIER-1,337,Pier/C3D8R,-3.91667,20.0,115.0,-0.00028358932,-0.15067504,-0.0070644743,-0.000638572,-0.156133,-0.0276516,0.021301293027708442,14.121702685386081,5.120061583482204
PART-PIER-1,653,Pier/C3D8R,3.91667,20.0,115.0,0.00028358932,-0.15067504,-0.0070644743,0.000638572,-0.156133,-0.0276516,0.021301293027708442,14.121702685386081,5.120061583482204
PART-PIER-2,413,Pier/C3D8R,-4.0,-20.0,110.0,0.0002887684,0.14096688,-0.0067089074,0.00055377,0.145056,-0.0275923,0.021281616825517213,15.079791573783247,4.627946030876422
PART-PIER-2,573,Pier/C3D8R,4.0,-20.0,110.0,-0.0002887684,0.14096688,-0.0067089074,-0.00055377,0.145056,-0.0275923,0.021281616825517213,15.079791573783247,4.627946030876422
PART-PIER-1,335,Pier/C3D8R,-4.0,20.0,110.0,0.0002887684,-0.14096688,-0.0067089074,0.00055377,-0.145056,-0.0275923,0.021281616825517213,15.079791573783247,4.627946030876422
PART-PIER-1,651,Pier/C3D8R,4.0,20.0,110.0,-0.0002887684,-0.14096688,-0.0067089074,-0.00055377,-0.145056,-0.0275923,0.021281616825517213,15.079791573783247,4.627946030876422
PART-PIER-2,494,Pier/C3D8R,-13.25,-15.0,85.0,-0.00044382655,0.09697932,-0.0150266625,-0.000802545,0.0925028,-0.0358154,0.021268274896678305,21.671894983088627,1.0800833613940897
PART-PIER-2,693,Pier/C3D8R,13.25,-15.0,85.0,0.00044382655,0.09697932,-0.0150266625,0.000802545,0.0925028,-0.0358154,0.021268274896678305,21.671894983088627,1.0800833613940897
PART-PIER-1,494,Pier/C3D8R,-13.25,15.0,85.0,-0.00044382655,-0.09697932,-0.0150266625,-0.000802545,-0.0925028,-0.0358154,0.021268274896678305,21.671894983088627,1.0800833613940897
PART-PIER-1,693,Pier/C3D8R,13.25,15.0,85.0,0.00044382655,-0.09697932,-0.0150266625,0.000802545,-0.0925028,-0.0358154,0.021268274896678305,21.671894983088627,1.0800833613940897
PART-PIER-2,756,Pier/C3D8R,-4.5,-15.0,80.0,-0.00010704878,0.08973487,-0.0147620365,-0.000351667,0.0841317,-0.0352233,0.021216000003273193,23.32939643804914,0.29382334371426777
PART-PIER-2,834,Pier/C3D8R,4.5,-15.0,80.0,0.00010704878,0.08973487,-0.0147620365,0.000351667,0.0841317,-0.0352233,0.021216000003273193,23.32939643804914,0.29382334371426777
PART-PIER-1,756,Pier/C3D8R,-4.5,15.0,80.0,-0.00010704878,-0.08973487,-0.0147620365,-0.000351667,-0.0841317,-0.0352233,0.021216000003273193,23.32939643804914,0.29382334371426777
PART-PIER-1,834,Pier/C3D8R,4.5,15.0,80.0,0.00010704878,-0.08973487,-0.0147620365,0.000351667,-0.0841317,-0.0352233,0.021216000003273193,23.32939643804914,0.29382334371426777
PART-PIER-2,454,Pier/C3D8R,0.0,-15.0,80.0,-7.1338867e-16,0.08984958,-0.014728701,-1.01242e-13,0.0842463,-0.0351815,0.021206455000607735,23.291309683077074,0.27282441574431693
PART-PIER-1,454,Pier/C3D8R,0.0,15.0,80.0,-1.3977704e-14,-0.08984958,-0.014728701,-7.43827e-14,-0.0842463,-0.0351815,0.021206455000607735,23.291309683077074,0.27282441574431693
PART-PIER-2,493,Pier/C3D8R,-13.5,-15.0,80.0,-0.00017338256,0.08947202,-0.014683436,-0.000529236,0.0836582,-0.0350698,0.02120214545284641,23.384105852304295,0.048582005370082136
PART-PIER-2,692,Pier/C3D8R,13.5,-15.0,80.0,0.00017338256,0.08947202,-0.014683436,0.000529236,0.0836582,-0.0350698,0.02120214545284641,23.384105852304295,0.048582005370082136
PART-PIER-1,493,Pier/C3D8R,-13.5,15.0,80.0,-0.00017338256,-0.08947202,-0.014683436,-0.000529236,-0.0836582,-0.0350698,0.02120214545284641,23.384105852304295,0.048582005370082136
PART-PIER-1,692,Pier/C3D8R,13.5,15.0,80.0,0.00017338256,-0.08947202,-0.014683436,0.000529236,-0.0836582,-0.0350698,0.02120214545284641,23.384105852304295,0.048582005370082136
PART-PIER-2,757,Pier/C3D8R,-9.0,-15.0,80.0,-0.00026989775,0.08964788,-0.014682399,-0.000486959,0.0839318,-0.0350842,0.021188538651739357,23.324437749376024,0.1410547875931597
PART-PIER-2,835,Pier/C3D8R,9.0,-15.0,80.0,0.00026989775,0.08964788,-0.014682399,0.000486959,0.0839318,-0.0350842,0.021188538651739357,23.324437749376024,0.1410547875931597
PART-PIER-1,757,Pier/C3D8R,-9.0,15.0,80.0,-0.00026989775,-0.08964788,-0.014682399,-0.000486959,-0.0839318,-0.0350842,0.021188538651739357,23.324437749376024,0.1410547875931597
PART-PIER-1,835,Pier/C3D8R,9.0,15.0,80.0,0.00026989775,-0.08964788,-0.014682399,0.000486959,-0.0839318,-0.0350842,0.021188538651739357,23.324437749376024,0.1410547875931597
PART-PIER-2,453,Pier/C3D8R,0.0,-15.0,75.0,-6.7224574e-16,0.08252314,-0.014419683,-9.44019e-14,0.0758049,-0.0344294,0.021107428150243433,25.195835528749484,0.6162440054356028
PART-PIER-1,453,Pier/C3D8R,0.0,15.0,75.0,-1.29063655e-14,-0.08252314,-0.014419683,-6.9626e-14,-0.0758049,-0.0344294,0.021107428150243433,25.195835528749484,0.6162440054356028
PART-PIER-2,754,Pier/C3D8R,-4.58333,-15.0,75.0,-0.000102159094,0.08254629,-0.0143323,-0.000133844,0.0757992,-0.0343292,0.021104507504591717,25.189981464114936,0.6810509198355037
PART-PIER-2,832,Pier/C3D8R,4.58333,-15.0,75.0,0.000102159094,0.08254629,-0.0143323,0.000133844,0.0757992,-0.0343292,0.021104507504591717,25.189981464114936,0.6810509198355037
PART-PIER-1,754,Pier/C3D8R,-4.58333,15.0,75.0,-0.000102159094,-0.08254629,-0.0143323,-0.000133844,-0.0757992,-0.0343292,0.021104507504591717,25.189981464114936,0.6810509198355037
PART-PIER-1,832,Pier/C3D8R,4.58333,15.0,75.0,0.000102159094,-0.08254629,-0.0143323,0.000133844,-0.0757992,-0.0343292,0.021104507504591717,25.189981464114936,0.6810509198355037
PART-PIER-2,110,Pier/C3D8R,-12.0,-20.0,110.0,-0.0004571677,0.14054495,-0.0070276284,-0.00108564,0.144815,-0.0276659,0.02108474707151437,14.983339121336689,4.773066407048408
PART-PIER-2,222,Pier/C3D8R,12.0,-20.0,110.0,0.0004571677,0.14054495,-0.0070276284,0.00108564,0.144815,-0.0276659,0.02108474707151437,14.983339121336689,4.773066407048408
PART-PIER-1,56,Pier/C3D8R,-12.0,20.0,110.0,-0.0004571677,-0.14054495,-0.0070276284,-0.00108564,-0.144815,-0.0276659,0.02108474707151437,14.983339121336689,4.773066407048408
PART-PIER-1,237,Pier/C3D8R,12.0,20.0,110.0,0.0004571677,-0.14054495,-0.0070276284,0.00108564,-0.144815,-0.0276659,0.02108474707151437,14.983339121336689,4.773066407048408
PART-PIER-2,315,Pier/C3D8R,-4.83333,-10.0,60.0,-0.00018740821,0.06301246,-0.019297656,-0.000358943,0.0540343,-0.038361,0.021072443276281858,31.975676432392614,0.5556279318106973
PART-PIER-2,631,Pier/C3D8R,4.83333,-10.0,60.0,0.00018740821,0.06301246,-0.019297656,0.000358943,0.0540343,-0.038361,0.021072443276281858,31.975676432392614,0.5556279318106973
PART-PIER-1,393,Pier/C3D8R,-4.83333,10.0,60.0,-0.00018740821,-0.06301246,-0.019297656,-0.000358943,-0.0540343,-0.038361,0.021072443276281858,31.975676432392614,0.5556279318106973
PART-PIER-1,553,Pier/C3D8R,4.83333,10.0,60.0,0.00018740821,-0.06301246,-0.019297656,0.000358943,-0.0540343,-0.038361,0.021072443276281858,31.975676432392614,0.5556279318106973
PART-PIER-2,755,Pier/C3D8R,-9.16667,-15.0,75.0,-0.00015605753,0.08237572,-0.014369661,-0.000437835,0.0756457,-0.0343359,0.021071859612955872,25.19960572406817,0.6517922283220363
PART-PIER-2,833,Pier/C3D8R,9.16667,-15.0,75.0,0.00015605753,0.08237572,-0.014369661,0.000437835,0.0756457,-0.0343359,0.021071859612955872,25.19960572406817,0.6517922283220363
PART-PIER-1,755,Pier/C3D8R,-9.16667,15.0,75.0,-0.00015605753,-0.08237572,-0.014369661,-0.000437835,-0.0756457,-0.0343359,0.021071859612955872,25.19960572406817,0.6517922283220363
PART-PIER-1,833,Pier/C3D8R,9.16667,15.0,75.0,0.00015605753,-0.08237572,-0.014369661,0.000437835,-0.0756457,-0.0343359,0.021071859612955872,25.19960572406817,0.6517922283220363
PART-PIER-2,81,Pier/C3D8R,0.0,-10.0,60.0,8.7603435e-16,0.06303977,-0.01911779,-2.16899e-14,0.0539925,-0.0381485,0.02107180622436055,31.987610018942785,0.3564977939234322
PART-PIER-1,163,Pier/C3D8R,0.0,10.0,60.0,-1.0879872e-14,-0.06303977,-0.01911779,-3.26872e-15,-0.0539925,-0.0381485,0.02107180622436055,31.987610018942785,0.3564977939234322
PART-PIER-2,316,Pier/C3D8R,-9.66667,-10.0,60.0,-0.00047325564,0.06286988,-0.01907075,-0.000829169,0.0538345,-0.0380564,0.02102901975810395,32.00745768584326,0.3537231351762357
PART-PIER-2,632,Pier/C3D8R,9.66667,-10.0,60.0,0.00047325564,0.06286988,-0.01907075,0.000829169,0.0538345,-0.0380564,0.02102901975810395,32.00745768584326,0.3537231351762357
PART-PIER-1,394,Pier/C3D8R,-9.66667,10.0,60.0,-0.00047325564,-0.06286988,-0.01907075,-0.000829169,-0.0538345,-0.0380564,0.02102901975810395,32.00745768584326,0.3537231351762357
PART-PIER-1,554,Pier/C3D8R,9.66667,10.0,60.0,0.00047325564,-0.06286988,-0.01907075,0.000829169,-0.0538345,-0.0380564,0.02102901975810395,32.00745768584326,0.3537231351762357
PART-PIER-2,492,Pier/C3D8R,-13.75,-15.0,75.0,-0.0004063132,0.08212492,-0.01425031,-0.000805887,0.0753016,-0.0341295,0.02102140694863563,25.219706893931015,0.8088260518198739
PART-PIER-2,691,Pier/C3D8R,13.75,-15.0,75.0,0.0004063132,0.08212492,-0.01425031,0.000805887,0.0753016,-0.0341295,0.02102140694863563,25.219706893931015,0.8088260518198739
PART-PIER-1,492,Pier/C3D8R,-13.75,15.0,75.0,-0.0004063132,-0.08212492,-0.01425031,-0.000805887,-0.0753016,-0.0341295,0.02102140694863563,25.219706893931015,0.8088260518198739
PART-PIER-1,691,Pier/C3D8R,13.75,15.0,75.0,0.0004063132,-0.08212492,-0.01425031,0.000805887,-0.0753016,-0.0341295,0.02102140694863563,25.219706893931015,0.8088260518198739
PART-PIER-2,46,Pier/C3D8R,-14.5,-10.0,60.0,-0.0006322873,0.06258538,-0.019157173,-0.00128633,0.0534897,-0.0380876,0.021012382847220165,32.10214167409557,0.3395129079606847
PART-PIER-2,247,Pier/C3D8R,14.5,-10.0,60.0,0.0006322873,0.06258538,-0.019157173,0.00128633,0.0534897,-0.0380876,0.021012382847220165,32.10214167409557,0.3395129079606847
PART-PIER-1,120,Pier/C3D8R,-14.5,10.0,60.0,-0.0006322873,-0.06258538,-0.019157173,-0.00128633,-0.0534897,-0.0380876,0.021012382847220165,32.10214167409557,0.3395129079606847
PART-PIER-1,212,Pier/C3D8R,14.5,10.0,60.0,0.0006322873,-0.06258538,-0.019157173,0.00128633,-0.0534897,-0.0380876,0.021012382847220165,32.10214167409557,0.3395129079606847
PART-PIER-2,414,Pier/C3D8R,-8.0,-20.0,110.0,0.00025375834,0.14072683,-0.0069457763,0.000328817,0.144072,-0.0276565,0.020979272444703195,14.889649460047488,4.119638838611678
PART-PIER-2,574,Pier/C3D8R,8.0,-20.0,110.0,-0.00025375834,0.14072683,-0.0069457763,-0.000328817,0.144072,-0.0276565,0.020979272444703195,14.889649460047488,4.119638838611678
PART-PIER-1,336,Pier/C3D8R,-8.0,20.0,110.0,0.00025375834,-0.14072683,-0.0069457763,0.000328817,-0.144072,-0.0276565,0.020979272444703195,14.889649460047488,4.119638838611678
PART-PIER-1,652,Pier/C3D8R,8.0,20.0,110.0,-0.00025375834,-0.14072683,-0.0069457763,-0.000328817,-0.144072,-0.0276565,0.020979272444703195,14.889649460047488,4.119638838611678
PART-FLOOR-1,293,Floor/S4R,90.0,-5.0,0.0,-0.0064399224,-0.000101968835,-0.34923726,-0.00481695,-9.16741e-05,-0.370149,0.020974627892297183,6.004818009051217,5.97878830616424
PART-FLOOR-1,295,Floor/S4R,90.0,5.0,0.0,-0.0064399224,0.000101968835,-0.34923726,-0.00481695,9.16741e-05,-0.370149,0.020974627892297183,6.004818009051217,5.97878830616424
PART-FLOOR-1,392,Floor/S4R,-90.0,-5.0,0.0,0.0064399224,-0.000101968835,-0.34923726,0.00481695,-9.16741e-05,-0.370149,0.020974627892297183,6.004818009051217,5.97878830616424
PART-FLOOR-1,394,Floor/S4R,-90.0,5.0,0.0,0.0064399224,0.000101968835,-0.34923726,0.00481695,9.16741e-05,-0.370149,0.020974627892297183,6.004818009051217,5.97878830616424
PART-PIER-2,452,Pier/C3D8R,0.0,-15.0,70.0,-6.045188e-16,0.07569498,-0.01390844,-8.69732e-14,0.0680685,-0.0334309,0.020959237620724658,27.233170831776988,1.4645816026892813
PART-PIER-1,452,Pier/C3D8R,0.0,15.0,70.0,-1.2155732e-14,-0.07569498,-0.01390844,-6.49766e-14,-0.0680685,-0.0334309,0.020959237620724658,27.233170831776988,1.4645816026892813
PART-PIER-2,753,Pier/C3D8R,-9.33333,-15.0,70.0,-0.00026217254,0.07549572,-0.013885234,-0.000530316,0.0677322,-0.0333406,0.020948876101106156,27.29052919487894,1.6508375764220125
PART-PIER-2,831,Pier/C3D8R,9.33333,-15.0,70.0,0.00026217254,0.07549572,-0.013885234,0.000530316,0.0677322,-0.0333406,0.020948876101106156,27.29052919487894,1.6508375764220125
PART-PIER-1,753,Pier/C3D8R,-9.33333,15.0,70.0,-0.00026217254,-0.07549572,-0.013885234,-0.000530316,-0.0677322,-0.0333406,0.020948876101106156,27.29052919487894,1.6508375764220125
PART-PIER-1,831,Pier/C3D8R,9.33333,15.0,70.0,0.00026217254,-0.07549572,-0.013885234,0.000530316,-0.0677322,-0.0333406,0.020948876101106156,27.29052919487894,1.6508375764220125
PART-PIER-2,752,Pier/C3D8R,-4.66667,-15.0,70.0,-0.00011197833,0.07559053,-0.013992628,-0.000331926,0.0679541,-0.0334851,0.020936090962575184,27.234011403480206,1.4540593207149355
PART-PIER-2,830,Pier/C3D8R,4.66667,-15.0,70.0,0.00011197833,0.07559053,-0.013992628,0.000331926,0.0679541,-0.0334851,0.020936090962575184,27.234011403480206,1.4540593207149355
PART-PIER-1,752,Pier/C3D8R,-4.66667,15.0,70.0,-0.00011197833,-0.07559053,-0.013992628,-0.000331926,-0.0679541,-0.0334851,0.020936090962575184,27.234011403480206,1.4540593207149355
PART-PIER-1,830,Pier/C3D8R,4.66667,15.0,70.0,0.00011197833,-0.07559053,-0.013992628,0.000331926,-0.0679541,-0.0334851,0.020936090962575184,27.234011403480206,1.4540593207149355
PART-PIER-2,491,Pier/C3D8R,-14.0,-15.0,70.0,-0.0002700793,0.075303316,-0.013916809,-0.000690662,0.0674812,-0.0333095,0.020915038913338794,27.311723634822066,1.7254601551628075
PART-PIER-2,690,Pier/C3D8R,14.0,-15.0,70.0,0.0002700793,0.075303316,-0.013916809,0.000690662,0.0674812,-0.0333095,0.020915038913338794,27.311723634822066,1.7254601551628075
PART-PIER-1,491,Pier/C3D8R,-14.0,15.0,70.0,-0.0002700793,-0.075303316,-0.013916809,-0.000690662,-0.0674812,-0.0333095,0.020915038913338794,27.311723634822066,1.7254601551628075
PART-PIER-1,690,Pier/C3D8R,14.0,15.0,70.0,0.0002700793,-0.075303316,-0.013916809,0.000690662,-0.0674812,-0.0333095,0.020915038913338794,27.311723634822066,1.7254601551628075
PART-PIER-2,173,Pier/C3D8R,0.0,-20.0,110.0,-3.2447859e-15,0.14092831,-0.0059722397,-2.28078e-13,0.144502,-0.026478,0.020814837633216267,14.756561166754386,4.149478201400356
PART-PIER-1,71,Pier/C3D8R,0.0,20.0,110.0,-1.9153302e-14,-0.14092831,-0.0059722397,-1.86562e-13,-0.144502,-0.026478,0.020814837633216267,14.756561166754386,4.149478201400356
PART-PIER-2,750,Pier/C3D8R,-4.75,-15.0,65.0,-0.00011753879,0.069075964,-0.013520419,-0.000205454,0.0605551,-0.0325011,0.020805746889126724,29.559151927955078,2.3593455511679995
PART-PIER-2,828,Pier/C3D8R,4.75,-15.0,65.0,0.00011753879,0.069075964,-0.013520419,0.000205454,0.0605551,-0.0325011,0.020805746889126724,29.559151927955078,2.3593455511679995
PART-PIER-1,750,Pier/C3D8R,-4.75,15.0,65.0,-0.00011753879,-0.069075964,-0.013520419,-0.000205454,-0.0605551,-0.0325011,0.020805746889126724,29.559151927955078,2.3593455511679995
PART-PIER-1,828,Pier/C3D8R,4.75,15.0,65.0,0.00011753879,-0.069075964,-0.013520419,0.000205454,-0.0605551,-0.0325011,0.020805746889126724,29.559151927955078,2.3593455511679995
PART-PIER-2,451,Pier/C3D8R,0.0,-15.0,65.0,-3.8541577e-16,0.06906776,-0.013630194,-8.08891e-14,0.0605678,-0.0325964,0.020783798739307406,29.52250792812495,2.297867028772278
PART-PIER-1,451,Pier/C3D8R,0.0,15.0,65.0,-1.1296434e-14,-0.06906776,-0.013630194,-5.9902e-14,-0.0605678,-0.0325964,0.020783798739307406,29.52250792812495,2.297867028772278
PART-PIER-2,751,Pier/C3D8R,-9.5,-15.0,65.0,-0.0002084749,0.068905674,-0.013570174,-0.00051717,0.0604144,-0.0324949,0.020744692838962835,29.53842466917988,2.318968311298958
PART-PIER-2,829,Pier/C3D8R,9.5,-15.0,65.0,0.0002084749,0.068905674,-0.013570174,0.00051717,0.0604144,-0.0324949,0.020744692838962835,29.53842466917988,2.318968311298958
PART-PIER-1,751,Pier/C3D8R,-9.5,15.0,65.0,-0.0002084749,-0.068905674,-0.013570174,-0.00051717,-0.0604144,-0.0324949,0.020744692838962835,29.53842466917988,2.318968311298958
PART-PIER-1,829,Pier/C3D8R,9.5,15.0,65.0,0.0002084749,-0.068905674,-0.013570174,0.00051717,-0.0604144,-0.0324949,0.020744692838962835,29.53842466917988,2.318968311298958
PART-PIER-2,490,Pier/C3D8R,-14.25,-15.0,65.0,-0.00039914224,0.068655506,-0.013430172,-0.000853062,0.0600276,-0.0322893,0.020743999470057322,29.652119902738093,2.561017804832157
PART-PIER-2,689,Pier/C3D8R,14.25,-15.0,65.0,0.00039914224,0.068655506,-0.013430172,0.000853062,0.0600276,-0.0322893,0.020743999470057322,29.652119902738093,2.561017804832157
PART-PIER-1,490,Pier/C3D8R,-14.25,15.0,65.0,-0.00039914224,-0.068655506,-0.013430172,-0.000853062,-0.0600276,-0.0322893,0.020743999470057322,29.652119902738093,2.561017804832157
PART-PIER-1,689,Pier/C3D8R,14.25,15.0,65.0,0.00039914224,-0.068655506,-0.013430172,0.000853062,-0.0600276,-0.0322893,0.020743999470057322,29.652119902738093,2.561017804832157
PART-PIER-2,172,Pier/C3D8R,0.0,-20.0,105.0,-3.1422131e-15,0.1313135,-0.007829287,-2.17646e-13,0.133333,-0.0284441,0.02071349548663791,15.746116202814811,3.6386753846119992
PART-PIER-1,72,Pier/C3D8R,0.0,20.0,105.0,-1.8047445e-14,-0.1313135,-0.007829287,-1.81078e-13,-0.133333,-0.0284441,0.02071349548663791,15.746116202814811,3.6386753846119992
PART-PIER-2,313,Pier/C3D8R,-4.91667,-10.0,55.0,-0.00024711227,0.05710059,-0.018330691,-0.000465203,0.0475229,-0.03668,0.02069968236664739,34.51600066088673,0.10438112498888077
PART-PIER-2,629,Pier/C3D8R,4.91667,-10.0,55.0,0.00024711227,0.05710059,-0.018330691,0.000465203,0.0475229,-0.03668,0.02069968236664739,34.51600066088673,0.10438112498888077
PART-PIER-1,391,Pier/C3D8R,-4.91667,10.0,55.0,-0.00024711227,-0.05710059,-0.018330691,-0.000465203,-0.0475229,-0.03668,0.02069968236664739,34.51600066088673,0.10438112498888077
PART-PIER-1,551,Pier/C3D8R,4.91667,10.0,55.0,0.00024711227,-0.05710059,-0.018330691,0.000465203,-0.0475229,-0.03668,0.02069968236664739,34.51600066088673,0.10438112498888077
PART-PIER-2,314,Pier/C3D8R,-9.83333,-10.0,55.0,-0.0004329366,0.05696521,-0.018458385,-0.00089533,0.0473742,-0.0367661,0.020673018865121965,34.52253836836336,0.15225705087186975
PART-PIER-2,630,Pier/C3D8R,9.83333,-10.0,55.0,0.0004329366,0.05696521,-0.018458385,0.00089533,0.0473742,-0.0367661,0.020673018865121965,34.52253836836336,0.15225705087186975
PART-PIER-1,392,Pier/C3D8R,-9.83333,10.0,55.0,-0.0004329366,-0.05696521,-0.018458385,-0.00089533,-0.0473742,-0.0367661,0.020673018865121965,34.52253836836336,0.15225705087186975
PART-PIER-1,552,Pier/C3D8R,9.83333,10.0,55.0,0.0004329366,-0.05696521,-0.018458385,0.00089533,-0.0473742,-0.0367661,0.020673018865121965,34.52253836836336,0.15225705087186975
PART-PIER-2,82,Pier/C3D8R,0.0,-10.0,55.0,1.0143254e-15,0.057161354,-0.018511295,-1.8094e-14,0.0477403,-0.036909,0.020669586540082045,34.40114272700525,0.43287644346010057
PART-PIER-1,162,Pier/C3D8R,0.0,10.0,55.0,-1.0127594e-14,-0.057161354,-0.018511295,-1.63554e-15,-0.0477403,-0.036909,0.020669586540082045,34.40114272700525,0.43287644346010057
PART-PIER-2,45,Pier/C3D8R,-14.75,-10.0,55.0,-0.0006881731,0.056779783,-0.018232256,-0.00124932,0.0470402,-0.0364463,0.020662181919903926,34.64531179814796,0.19923086789776956
PART-PIER-2,248,Pier/C3D8R,14.75,-10.0,55.0,0.0006881731,0.056779783,-0.018232256,0.00124932,0.0470402,-0.0364463,0.020662181919903926,34.64531179814796,0.19923086789776956
PART-PIER-1,121,Pier/C3D8R,-14.75,10.0,55.0,-0.0006881731,-0.056779783,-0.018232256,-0.00124932,-0.0470402,-0.0364463,0.020662181919903926,34.64531179814796,0.19923086789776956
PART-PIER-1,211,Pier/C3D8R,14.75,10.0,55.0,0.0006881731,-0.056779783,-0.018232256,0.00124932,-0.0470402,-0.0364463,0.020662181919903926,34.64531179814796,0.19923086789776956
PART-PIER-2,749,Pier/C3D8R,-9.66667,-15.0,60.0,-0.00026737934,0.06269951,-0.013043933,-0.000585645,0.0534124,-0.0314361,0.02060639493308629,32.17611560168293,3.221359539903215
PART-PIER-2,827,Pier/C3D8R,9.66667,-15.0,60.0,0.00026737934,0.06269951,-0.013043933,0.000585645,0.0534124,-0.0314361,0.02060639493308629,32.17611560168293,3.221359539903215
PART-PIER-1,749,Pier/C3D8R,-9.66667,15.0,60.0,-0.00026737934,-0.06269951,-0.013043933,-0.000585645,-0.0534124,-0.0314361,0.02060639493308629,32.17611560168293,3.221359539903215
PART-PIER-1,827,Pier/C3D8R,9.66667,15.0,60.0,0.00026737934,-0.06269951,-0.013043933,0.000585645,-0.0534124,-0.0314361,0.02060639493308629,32.17611560168293,3.221359539903215
PART-PIER-2,450,Pier/C3D8R,0.0,-15.0,60.0,-3.0585079e-16,0.0628974,-0.013075763,-7.4207e-14,0.0537749,-0.03155,0.020603820980152423,32.07210426102472,2.950140509356221
PART-PIER-1,450,Pier/C3D8R,0.0,15.0,60.0,-1.04941055e-14,-0.0628974,-0.013075763,-5.55453e-14,-0.0537749,-0.03155,0.020603820980152423,32.07210426102472,2.950140509356221
PART-PIER-2,412,Pier/C3D8R,-8.16667,-20.0,105.0,-0.00010339843,0.13127704,-0.007089643,-0.00029597,0.133349,-0.0275568,0.02057266676232863,15.64837624846675,3.573867055327979
PART-PIER-2,572,Pier/C3D8R,8.16667,-20.0,105.0,0.00010339843,0.13127704,-0.007089643,0.00029597,0.133349,-0.0275568,0.02057266676232863,15.64837624846675,3.573867055327979
PART-PIER-1,334,Pier/C3D8R,-8.16667,20.0,105.0,-0.00010339843,-0.13127704,-0.007089643,-0.00029597,-0.133349,-0.0275568,0.02057266676232863,15.64837624846675,3.573867055327979
PART-PIER-1,650,Pier/C3D8R,8.16667,20.0,105.0,0.00010339843,-0.13127704,-0.007089643,0.00029597,-0.133349,-0.0275568,0.02057266676232863,15.64837624846675,3.573867055327979
PART-PIER-2,748,Pier/C3D8R,-4.83333,-15.0,60.0,-0.00012537737,0.062805295,-0.013160445,-0.000333019,0.0536641,-0.0315797,0.020563888635896643,32.046229379010654,2.9641668949145146
PART-PIER-2,826,Pier/C3D8R,4.83333,-15.0,60.0,0.00012537737,0.062805295,-0.013160445,0.000333019,0.0536641,-0.0315797,0.020563888635896643,32.046229379010654,2.9641668949145146
PART-PIER-1,748,Pier/C3D8R,-4.83333,15.0,60.0,-0.00012537737,-0.062805295,-0.013160445,-0.000333019,-0.0536641,-0.0315797,0.020563888635896643,32.046229379010654,2.9641668949145146
PART-PIER-1,826,Pier/C3D8R,4.83333,15.0,60.0,0.00012537737,-0.062805295,-0.013160445,0.000333019,-0.0536641,-0.0315797,0.020563888635896643,32.046229379010654,2.9641668949145146
PART-PIER-2,489,Pier/C3D8R,-14.5,-15.0,60.0,-0.00034481817,0.06249115,-0.013071094,-0.000826303,0.0531832,-0.0313717,0.020537330420754698,32.16775193130131,3.277325929312506
PART-PIER-2,688,Pier/C3D8R,14.5,-15.0,60.0,0.00034481817,0.06249115,-0.013071094,0.000826303,0.0531832,-0.0313717,0.020537330420754698,32.16775193130131,3.277325929312506
PART-PIER-1,489,Pier/C3D8R,-14.5,15.0,60.0,-0.00034481817,-0.06249115,-0.013071094,-0.000826303,-0.0531832,-0.0313717,0.020537330420754698,32.16775193130131,3.277325929312506
PART-PIER-1,688,Pier/C3D8R,14.5,15.0,60.0,0.00034481817,-0.06249115,-0.013071094,0.000826303,-0.0531832,-0.0313717,0.020537330420754698,32.16775193130131,3.277325929312506
PART-PIER-2,111,Pier/C3D8R,-12.25,-20.0,105.0,0.00047597283,0.1311244,-0.007062771,0.000773738,0.132321,-0.0275494,0.020523705402292886,15.629328586721522,2.9283440700042216
PART-PIER-2,221,Pier/C3D8R,12.25,-20.0,105.0,-0.00047597283,0.1311244,-0.007062771,-0.000773738,0.132321,-0.0275494,0.020523705402292886,15.629328586721522,2.9283440700042216
PART-PIER-1,55,Pier/C3D8R,-12.25,20.0,105.0,0.00047597283,-0.1311244,-0.007062771,0.000773738,-0.132321,-0.0275494,0.020523705402292886,15.629328586721522,2.9283440700042216
PART-PIER-1,238,Pier/C3D8R,12.25,20.0,105.0,-0.00047597283,-0.1311244,-0.007062771,-0.000773738,-0.132321,-0.0275494,0.020523705402292886,15.629328586721522,2.9283440700042216
PART-PIER-2,411,Pier/C3D8R,-4.08333,-20.0,105.0,-0.00016681832,0.13127263,-0.0073769977,-0.00045644,0.132842,-0.0277856,0.020470902538823034,15.569611867460717,3.2230545285589156
PART-PIER-2,571,Pier/C3D8R,4.08333,-20.0,105.0,0.00016681832,0.13127263,-0.0073769977,0.00045644,0.132842,-0.0277856,0.020470902538823034,15.569611867460717,3.2230545285589156
PART-PIER-1,333,Pier/C3D8R,-4.08333,20.0,105.0,-0.00016681832,-0.13127263,-0.0073769977,-0.00045644,-0.132842,-0.0277856,0.020470902538823034,15.569611867460717,3.2230545285589156
PART-PIER-1,649,Pier/C3D8R,4.08333,20.0,105.0,0.00016681832,-0.13127263,-0.0073769977,0.00045644,-0.132842,-0.0277856,0.020470902538823034,15.569611867460717,3.2230545285589156
PART-PIER-2,409,Pier/C3D8R,-4.16667,-20.0,100.0,0.00015854696,0.12241332,-0.006975619,0.000315392,0.122609,-0.0274211,0.0204470189599935,16.676195705419424,2.468185031205126
PART-PIER-2,569,Pier/C3D8R,4.16667,-20.0,100.0,-0.00015854696,0.12241332,-0.006975619,-0.000315392,0.122609,-0.0274211,0.0204470189599935,16.676195705419424,2.468185031205126
PART-PIER-1,331,Pier/C3D8R,-4.16667,20.0,100.0,0.00015854696,-0.12241332,-0.006975619,0.000315392,-0.122609,-0.0274211,0.0204470189599935,16.676195705419424,2.468185031205126
PART-PIER-1,647,Pier/C3D8R,4.16667,20.0,100.0,-0.00015854696,-0.12241332,-0.006975619,-0.000315392,-0.122609,-0.0274211,0.0204470189599935,16.676195705419424,2.468185031205126
PART-PIER-2,410,Pier/C3D8R,-8.33333,-20.0,100.0,0.00016043884,0.12220144,-0.0071982695,0.000154397,0.121931,-0.0275878,0.020391324829639214,16.65775976638324,2.1237452911970944
PART-PIER-2,570,Pier/C3D8R,8.33333,-20.0,100.0,-0.00016043884,0.12220144,-0.0071982695,-0.000154397,0.121931,-0.0275878,0.020391324829639214,16.65775976638324,2.1237452911970944
PART-PIER-1,332,Pier/C3D8R,-8.33333,20.0,100.0,0.00016043884,-0.12220144,-0.0071982695,0.000154397,-0.121931,-0.0275878,0.020391324829639214,16.65775976638324,2.1237452911970944
PART-PIER-1,648,Pier/C3D8R,8.33333,20.0,100.0,-0.00016043884,-0.12220144,-0.0071982695,-0.000154397,-0.121931,-0.0275878,0.020391324829639214,16.65775976638324,2.1237452911970944
PART-PIER-2,171,Pier/C3D8R,0.0,-20.0,100.0,-2.9373097e-15,0.12247607,-0.0067550265,-2.08426e-13,0.122325,-0.0271372,0.020382733347836402,16.61696223728244,2.1496139841905033
PART-PIER-1,73,Pier/C3D8R,0.0,20.0,100.0,-1.7260394e-14,-0.12247607,-0.0067550265,-1.69545e-13,-0.122325,-0.0271372,0.020382733347836402,16.61696223728244,2.1496139841905033
PART-PIER-2,746,Pier/C3D8R,-4.91667,-15.0,55.0,-0.00012939436,0.05693892,-0.012649041,-0.000265929,0.0471582,-0.0305121,0.02036590293269122,34.91668191005313,3.7000931010040365
PART-PIER-2,824,Pier/C3D8R,4.91667,-15.0,55.0,0.00012939436,0.05693892,-0.012649041,0.000265929,0.0471582,-0.0305121,0.02036590293269122,34.91668191005313,3.7000931010040365
PART-PIER-1,746,Pier/C3D8R,-4.91667,15.0,55.0,-0.00012939436,-0.05693892,-0.012649041,-0.000265929,-0.0471582,-0.0305121,0.02036590293269122,34.91668191005313,3.7000931010040365
PART-PIER-1,824,Pier/C3D8R,4.91667,15.0,55.0,0.00012939436,-0.05693892,-0.012649041,0.000265929,-0.0471582,-0.0305121,0.02036590293269122,34.91668191005313,3.7000931010040365
PART-PIER-2,449,Pier/C3D8R,0.0,-15.0,55.0,-3.3805884e-16,0.056946024,-0.012749251,-6.8366e-14,0.0471784,-0.030577,0.02032818518737905,34.834933493946984,3.6588669129845144
PART-PIER-1,449,Pier/C3D8R,0.0,15.0,55.0,-9.5166345e-15,-0.056946024,-0.012749251,-5.10267e-14,-0.0471784,-0.030577,0.02032818518737905,34.834933493946984,3.6588669129845144
PART-PIER-2,488,Pier/C3D8R,-14.75,-15.0,55.0,-0.00041224976,0.0565201,-0.012556144,-0.000924611,0.046605,-0.030288,0.020322166204787082,35.09905509047881,3.988820933488298
PART-PIER-2,687,Pier/C3D8R,14.75,-15.0,55.0,0.00041224976,0.0565201,-0.012556144,0.000924611,0.046605,-0.030288,0.020322166204787082,35.09905509047881,3.988820933488298
PART-PIER-1,488,Pier/C3D8R,-14.75,15.0,55.0,-0.00041224976,-0.0565201,-0.012556144,-0.000924611,-0.046605,-0.030288,0.020322166204787082,35.09905509047881,3.988820933488298
PART-PIER-1,687,Pier/C3D8R,14.75,15.0,55.0,0.00041224976,-0.0565201,-0.012556144,0.000924611,-0.046605,-0.030288,0.020322166204787082,35.09905509047881,3.988820933488298
PART-PIER-2,83,Pier/C3D8R,0.0,-10.0,50.0,8.1227516e-16,0.05157229,-0.017592408,-1.56002e-14,0.0414721,-0.0352109,0.02030825197771005,37.26947391390832,0.15928382205274086
PART-PIER-1,161,Pier/C3D8R,0.0,10.0,50.0,-9.2517555e-15,-0.05157229,-0.017592408,-2.5603e-16,-0.0414721,-0.0352109,0.02030825197771005,37.26947391390832,0.15928382205274086
PART-PIER-2,112,Pier/C3D8R,-12.5,-20.0,100.0,-0.00022306421,0.12192523,-0.0071470705,-0.000687934,0.122198,-0.0274364,0.020296487355060358,16.61811303177034,2.544205377996038
PART-PIER-2,220,Pier/C3D8R,12.5,-20.0,100.0,0.00022306421,0.12192523,-0.0071470705,0.000687934,0.122198,-0.0274364,0.020296487355060358,16.61811303177034,2.544205377996038
PART-PIER-1,54,Pier/C3D8R,-12.5,20.0,100.0,-0.00022306421,-0.12192523,-0.0071470705,-0.000687934,-0.122198,-0.0274364,0.020296487355060358,16.61811303177034,2.544205377996038
PART-PIER-1,239,Pier/C3D8R,12.5,20.0,100.0,0.00022306421,-0.12192523,-0.0071470705,0.000687934,-0.122198,-0.0274364,0.020296487355060358,16.61811303177034,2.544205377996038
PART-PIER-2,747,Pier/C3D8R,-9.83333,-15.0,55.0,-0.00025142694,0.056770783,-0.012692757,-0.000589978,0.0470386,-0.030485,0.02028284777186786,34.8664642400376,3.638464591106314
PART-PIER-2,825,Pier/C3D8R,9.83333,-15.0,55.0,0.00025142694,0.056770783,-0.012692757,0.000589978,0.0470386,-0.030485,0.02028284777186786,34.8664642400376,3.638464591106314
PART-PIER-1,747,Pier/C3D8R,-9.83333,15.0,55.0,-0.00025142694,-0.056770783,-0.012692757,-0.000589978,-0.0470386,-0.030485,0.02028284777186786,34.8664642400376,3.638464591106314
PART-PIER-1,825,Pier/C3D8R,9.83333,15.0,55.0,0.00025142694,-0.056770783,-0.012692757,0.000589978,-0.0470386,-0.030485,0.02028284777186786,34.8664642400376,3.638464591106314
PART-FLOOR-1,281,Floor/S4R,115.0,-5.0,0.0,-0.008258129,-9.55317e-05,-0.41484925,-0.00631101,-9.47264e-05,-0.435028,0.020272474555691766,4.885740688595008,4.854377261917546
PART-FLOOR-1,283,Floor/S4R,115.0,5.0,0.0,-0.008258129,9.55317e-05,-0.41484925,-0.00631101,9.47264e-05,-0.435028,0.020272474555691766,4.885740688595008,4.854377261917546
PART-FLOOR-1,404,Floor/S4R,-115.0,-5.0,0.0,0.008258129,-9.55317e-05,-0.41484925,0.00631101,-9.47264e-05,-0.435028,0.020272474555691766,4.885740688595008,4.854377261917546
PART-FLOOR-1,406,Floor/S4R,-115.0,5.0,0.0,0.008258129,9.55317e-05,-0.41484925,0.00631101,9.47264e-05,-0.435028,0.020272474555691766,4.885740688595008,4.854377261917546
PART-PIER-2,312,Pier/C3D8R,-10.0,-10.0,50.0,-0.00047513552,0.05138972,-0.017542526,-0.000853738,0.0413292,-0.0351273,0.020262815182973418,37.31401842342957,0.10366034379980045
PART-PIER-2,628,Pier/C3D8R,10.0,-10.0,50.0,0.00047513552,0.05138972,-0.017542526,0.000853738,0.0413292,-0.0351273,0.020262815182973418,37.31401842342957,0.10366034379980045
PART-PIER-1,390,Pier/C3D8R,-10.0,10.0,50.0,-0.00047513552,-0.05138972,-0.017542526,-0.000853738,-0.0413292,-0.0351273,0.020262815182973418,37.31401842342957,0.10366034379980045
PART-PIER-1,550,Pier/C3D8R,10.0,10.0,50.0,0.00047513552,-0.05138972,-0.017542526,0.000853738,-0.0413292,-0.0351273,0.020262815182973418,37.31401842342957,0.10366034379980045
PART-PIER-2,165,Pier/C3D8R,0.0,-20.0,70.0,-1.788196e-15,0.07558983,-0.007274393,-1.47099e-13,0.0677048,-0.0259284,0.02025205360591733,26.668826934314833,4.528952148340402
PART-PIER-1,79,Pier/C3D8R,0.0,20.0,70.0,-1.1719589e-14,-0.07558983,-0.007274393,-1.23153e-13,-0.0677048,-0.0259284,0.02025205360591733,26.668826934314833,4.528952148340402
PART-PIER-2,167,Pier/C3D8R,0.0,-20.0,80.0,-2.1774926e-15,0.089774325,-0.0073391437,-1.66703e-13,0.0839187,-0.0267102,0.020236752860041427,22.466853960200137,2.2280540756314813
PART-PIER-1,77,Pier/C3D8R,0.0,20.0,80.0,-1.3531155e-14,-0.089774325,-0.0073391437,-1.39078e-13,-0.0839187,-0.0267102,0.020236752860041427,22.466853960200137,2.2280540756314813
PART-PIER-2,169,Pier/C3D8R,0.0,-20.0,90.0,-2.541541e-15,0.1053944,-0.0072028916,-1.87318e-13,0.102105,-0.027169,0.02023525727537336,19.154875516307214,0.01668513832143858
PART-PIER-1,75,Pier/C3D8R,0.0,20.0,90.0,-1.5346143e-14,-0.1053944,-0.0072028916,-1.54511e-13,-0.102105,-0.027169,0.02023525727537336,19.154875516307214,0.01668513832143858
PART-PIER-2,311,Pier/C3D8R,-5.0,-10.0,50.0,-0.00021984086,0.05153564,-0.017721802,-0.000441753,0.0416117,-0.0353412,0.020223180165440932,37.1081094754533,0.17990946972994004
PART-PIER-2,627,Pier/C3D8R,5.0,-10.0,50.0,0.00021984086,0.05153564,-0.017721802,0.000441753,0.0416117,-0.0353412,0.020223180165440932,37.1081094754533,0.17990946972994004
PART-PIER-1,389,Pier/C3D8R,-5.0,10.0,50.0,-0.00021984086,-0.05153564,-0.017721802,-0.000441753,-0.0416117,-0.0353412,0.020223180165440932,37.1081094754533,0.17990946972994004
PART-PIER-1,549,Pier/C3D8R,5.0,10.0,50.0,0.00021984086,-0.05153564,-0.017721802,0.000441753,-0.0416117,-0.0353412,0.020223180165440932,37.1081094754533,0.17990946972994004
PART-PIER-2,399,Pier/C3D8R,-4.58333,-20.0,75.0,-3.319722e-05,0.08244653,-0.007296426,-0.000201945,0.0755611,-0.026304,0.02021696049023272,24.425831814252238,3.334456695704869
PART-PIER-2,559,Pier/C3D8R,4.58333,-20.0,75.0,3.319722e-05,0.08244653,-0.007296426,0.000201945,0.0755611,-0.026304,0.02021696049023272,24.425831814252238,3.334456695704869
PART-PIER-1,321,Pier/C3D8R,-4.58333,20.0,75.0,-3.319722e-05,-0.08244653,-0.007296426,-0.000201945,-0.0755611,-0.026304,0.02021696049023272,24.425831814252238,3.334456695704869
PART-PIER-1,637,Pier/C3D8R,4.58333,20.0,75.0,3.319722e-05,-0.08244653,-0.007296426,0.000201945,-0.0755611,-0.026304,0.02021696049023272,24.425831814252238,3.334456695704869
PART-PIER-2,398,Pier/C3D8R,-9.33333,-20.0,70.0,-2.5575677e-05,0.07543023,-0.0072223027,-0.00021324,0.0675522,-0.0258348,0.02021196750248561,26.67358949837783,4.554339917012759
PART-PIER-2,558,Pier/C3D8R,9.33333,-20.0,70.0,2.5575677e-05,0.07543023,-0.0072223027,0.00021324,0.0675522,-0.0258348,0.02021196750248561,26.67358949837783,4.554339917012759
PART-PIER-1,320,Pier/C3D8R,-9.33333,20.0,70.0,-2.5575677e-05,-0.07543023,-0.0072223027,-0.00021324,-0.0675522,-0.0258348,0.02021196750248561,26.67358949837783,4.554339917012759
PART-PIER-1,636,Pier/C3D8R,9.33333,20.0,70.0,2.5575677e-05,-0.07543023,-0.0072223027,0.00021324,-0.0675522,-0.0258348,0.02021196750248561,26.67358949837783,4.554339917012759
PART-PIER-2,117,Pier/C3D8R,-13.75,-20.0,75.0,1.3970481e-06,0.082178175,-0.0072480002,-0.000217367,0.0750956,-0.0261704,0.020205641304606153,24.492521384563588,3.602312566658423
PART-PIER-2,215,Pier/C3D8R,13.75,-20.0,75.0,-1.3970481e-06,0.082178175,-0.0072480002,0.000217367,0.0750956,-0.0261704,0.020205641304606153,24.492521384563588,3.602312566658423
PART-PIER-1,49,Pier/C3D8R,-13.75,20.0,75.0,1.3970481e-06,-0.082178175,-0.0072480002,-0.000217367,-0.0750956,-0.0261704,0.020205641304606153,24.492521384563588,3.602312566658423
PART-PIER-1,244,Pier/C3D8R,13.75,20.0,75.0,-1.3970481e-06,-0.082178175,-0.0072480002,0.000217367,-0.0750956,-0.0261704,0.020205641304606153,24.492521384563588,3.602312566658423
PART-PIER-2,395,Pier/C3D8R,-4.75,-20.0,65.0,-3.6130637e-05,0.06898256,-0.0071507036,-0.000199389,0.0603326,-0.0254095,0.020204754570925687,29.13354583835799,5.604583571623389
PART-PIER-2,555,Pier/C3D8R,4.75,-20.0,65.0,3.6130637e-05,0.06898256,-0.0071507036,0.000199389,0.0603326,-0.0254095,0.020204754570925687,29.13354583835799,5.604583571623389
PART-PIER-1,317,Pier/C3D8R,-4.75,20.0,65.0,-3.6130637e-05,-0.06898256,-0.0071507036,-0.000199389,-0.0603326,-0.0254095,0.020204754570925687,29.13354583835799,5.604583571623389
PART-PIER-1,633,Pier/C3D8R,4.75,20.0,65.0,3.6130637e-05,-0.06898256,-0.0071507036,0.000199389,-0.0603326,-0.0254095,0.020204754570925687,29.13354583835799,5.604583571623389
PART-PIER-2,406,Pier/C3D8R,-8.66667,-20.0,90.0,7.902571e-05,0.10517929,-0.0073168743,3.74259e-06,0.101846,-0.0272359,0.02019614009184719,19.15533236681189,0.008204382977268273
PART-PIER-2,566,Pier/C3D8R,8.66667,-20.0,90.0,-7.902571e-05,0.10517929,-0.0073168743,-3.74259e-06,0.101846,-0.0272359,0.02019614009184719,19.15533236681189,0.008204382977268273
PART-PIER-1,328,Pier/C3D8R,-8.66667,20.0,90.0,7.902571e-05,-0.10517929,-0.0073168743,3.74259e-06,-0.101846,-0.0272359,0.02019614009184719,19.15533236681189,0.008204382977268273
PART-PIER-1,644,Pier/C3D8R,8.66667,20.0,90.0,-7.902571e-05,-0.10517929,-0.0073168743,-3.74259e-06,-0.101846,-0.0272359,0.02019614009184719,19.15533236681189,0.008204382977268273
PART-PIER-2,402,Pier/C3D8R,-9.0,-20.0,80.0,1.795506e-05,0.0896034,-0.00732059,-0.000117038,0.0837367,-0.0266445,0.020195293751375545,22.46368816670641,2.256127093363013
PART-PIER-2,562,Pier/C3D8R,9.0,-20.0,80.0,-1.795506e-05,0.0896034,-0.00732059,0.000117038,0.0837367,-0.0266445,0.020195293751375545,22.46368816670641,2.256127093363013
PART-PIER-1,324,Pier/C3D8R,-9.0,20.0,80.0,1.795506e-05,-0.0896034,-0.00732059,-0.000117038,-0.0837367,-0.0266445,0.020195293751375545,22.46368816670641,2.256127093363013
PART-PIER-1,640,Pier/C3D8R,9.0,20.0,80.0,-1.795506e-05,-0.0896034,-0.00732059,0.000117038,-0.0837367,-0.0266445,0.020195293751375545,22.46368816670641,2.256127093363013
PART-PIER-2,119,Pier/C3D8R,-14.25,-20.0,65.0,-5.8753507e-05,0.06867754,-0.007094429,-0.000371029,0.0598527,-0.0252488,0.020188028715423634,29.239781451122976,5.911688348984639
PART-PIER-2,213,Pier/C3D8R,14.25,-20.0,65.0,5.8753507e-05,0.06867754,-0.007094429,0.000371029,0.0598527,-0.0252488,0.020188028715423634,29.239781451122976,5.911688348984639
PART-PIER-1,47,Pier/C3D8R,-14.25,20.0,65.0,-5.8753507e-05,-0.06867754,-0.007094429,-0.000371029,-0.0598527,-0.0252488,0.020188028715423634,29.239781451122976,5.911688348984639
PART-PIER-1,246,Pier/C3D8R,14.25,20.0,65.0,5.8753507e-05,-0.06867754,-0.007094429,0.000371029,-0.0598527,-0.0252488,0.020188028715423634,29.239781451122976,5.911688348984639
PART-PIER-2,113,Pier/C3D8R,-12.75,-20.0,95.0,0.00023557807,0.1133605,-0.0072557423,0.000299371,0.111295,-0.0273374,0.02018770258766181,17.772005092190508,0.8899805913574307
PART-PIER-2,219,Pier/C3D8R,12.75,-20.0,95.0,-0.00023557807,0.1133605,-0.0072557423,-0.000299371,0.111295,-0.0273374,0.02018770258766181,17.772005092190508,0.8899805913574307
PART-PIER-1,53,Pier/C3D8R,-12.75,20.0,95.0,0.00023557807,-0.1133605,-0.0072557423,0.000299371,-0.111295,-0.0273374,0.02018770258766181,17.772005092190508,0.8899805913574307
PART-PIER-1,240,Pier/C3D8R,12.75,20.0,95.0,-0.00023557807,-0.1133605,-0.0072557423,-0.000299371,-0.111295,-0.0273374,0.02018770258766181,17.772005092190508,0.8899805913574307
PART-PIER-2,44,Pier/C3D8R,-15.0,-10.0,50.0,-0.00070027483,0.051112093,-0.017588886,-0.00142227,0.0410465,-0.035059,0.020175289902257868,37.321319302563616,0.10842958199005653
PART-PIER-2,249,Pier/C3D8R,15.0,-10.0,50.0,0.00070027483,0.051112093,-0.017588886,0.00142227,0.0410465,-0.035059,0.020175289902257868,37.321319302563616,0.10842958199005653
PART-PIER-1,122,Pier/C3D8R,-15.0,10.0,50.0,-0.00070027483,-0.051112093,-0.017588886,-0.00142227,-0.0410465,-0.035059,0.020175289902257868,37.321319302563616,0.10842958199005653
PART-PIER-1,210,Pier/C3D8R,15.0,10.0,50.0,0.00070027483,-0.051112093,-0.017588886,0.00142227,-0.0410465,-0.035059,0.020175289902257868,37.321319302563616,0.10842958199005653
PART-PIER-2,407,Pier/C3D8R,-4.25,-20.0,95.0,-8.210453e-05,0.11352281,-0.0074211312,-0.000305826,0.111744,-0.0275117,0.020170403343011574,17.729862044174247,1.1569167163408431
PART-PIER-2,567,Pier/C3D8R,4.25,-20.0,95.0,8.210453e-05,0.11352281,-0.0074211312,0.000305826,0.111744,-0.0275117,0.020170403343011574,17.729862044174247,1.1569167163408431
PART-PIER-1,329,Pier/C3D8R,-4.25,20.0,95.0,-8.210453e-05,-0.11352281,-0.0074211312,-0.000305826,-0.111744,-0.0275117,0.020170403343011574,17.729862044174247,1.1569167163408431
PART-PIER-1,645,Pier/C3D8R,4.25,20.0,95.0,8.210453e-05,-0.11352281,-0.0074211312,0.000305826,-0.111744,-0.0275117,0.020170403343011574,17.729862044174247,1.1569167163408431
PART-PIER-2,403,Pier/C3D8R,-4.41667,-20.0,85.0,-4.3423886e-05,0.097276,-0.007382614,-0.000229207,0.0926794,-0.0270049,0.020154338361535056,20.659302632297763,1.0474851847208815
PART-PIER-2,563,Pier/C3D8R,4.41667,-20.0,85.0,4.3423886e-05,0.097276,-0.007382614,0.000229207,0.0926794,-0.0270049,0.020154338361535056,20.659302632297763,1.0474851847208815
PART-PIER-1,325,Pier/C3D8R,-4.41667,20.0,85.0,-4.3423886e-05,-0.097276,-0.007382614,-0.000229207,-0.0926794,-0.0270049,0.020154338361535056,20.659302632297763,1.0474851847208815
PART-PIER-1,641,Pier/C3D8R,4.41667,20.0,85.0,4.3423886e-05,-0.097276,-0.007382614,0.000229207,-0.0926794,-0.0270049,0.020154338361535056,20.659302632297763,1.0474851847208815
PART-PIER-2,163,Pier/C3D8R,0.0,-20.0,60.0,-1.6216596e-15,0.062781975,-0.007087641,-1.27361e-13,0.0533776,-0.0249128,0.02015387214695742,31.898738744521083,6.76730852458845
PART-PIER-1,81,Pier/C3D8R,0.0,20.0,60.0,-9.887902e-15,-0.062781975,-0.007087641,-1.07949e-13,-0.0533776,-0.0249128,0.02015387214695742,31.898738744521083,6.76730852458845
PART-PIER-2,115,Pier/C3D8R,-13.25,-20.0,85.0,9.05317e-05,0.09705803,-0.0073090033,-1.02488e-05,0.0922301,-0.0268744,0.02015251380901279,20.704732396076743,1.3018778591460298
PART-PIER-2,217,Pier/C3D8R,13.25,-20.0,85.0,-9.05317e-05,0.09705803,-0.0073090033,1.02488e-05,0.0922301,-0.0268744,0.02015251380901279,20.704732396076743,1.3018778591460298
PART-PIER-1,51,Pier/C3D8R,-13.25,20.0,85.0,9.05317e-05,-0.09705803,-0.0073090033,-1.02488e-05,-0.0922301,-0.0268744,0.02015251380901279,20.704732396076743,1.3018778591460298
PART-PIER-1,242,Pier/C3D8R,13.25,20.0,85.0,-9.05317e-05,-0.09705803,-0.0073090033,1.02488e-05,-0.0922301,-0.0268744,0.02015251380901279,20.704732396076743,1.3018778591460298
PART-PIER-2,170,Pier/C3D8R,0.0,-20.0,95.0,-2.534664e-15,0.113537565,-0.0075096763,-1.96363e-13,0.112079,-0.0276048,0.020147987700451047,17.70696734472656,1.4437688294551596
PART-PIER-1,74,Pier/C3D8R,0.0,20.0,95.0,-1.6308776e-14,-0.113537565,-0.0075096763,-1.63487e-13,-0.112079,-0.0276048,0.020147987700451047,17.70696734472656,1.4437688294551596
PART-PIER-2,405,Pier/C3D8R,-4.33333,-20.0,90.0,7.495601e-05,0.10533374,-0.0071923626,0.000144632,0.102283,-0.0271006,0.02014074938193565,19.076466760967673,0.2210857664325825
PART-PIER-2,565,Pier/C3D8R,4.33333,-20.0,90.0,-7.495601e-05,0.10533374,-0.0071923626,-0.000144632,0.102283,-0.0271006,0.02014074938193565,19.076466760967673,0.2210857664325825
PART-PIER-1,327,Pier/C3D8R,-4.33333,20.0,90.0,7.495601e-05,-0.10533374,-0.0071923626,0.000144632,-0.102283,-0.0271006,0.02014074938193565,19.076466760967673,0.2210857664325825
PART-PIER-1,643,Pier/C3D8R,4.33333,20.0,90.0,-7.495601e-05,-0.10533374,-0.0071923626,-0.000144632,-0.102283,-0.0271006,0.02014074938193565,19.076466760967673,0.2210857664325825
PART-PIER-2,397,Pier/C3D8R,-4.66667,-20.0,70.0,9.1217566e-07,0.07554481,-0.0072232727,-4.05312e-05,0.0677735,-0.0257907,0.020128197465502755,26.523084616146665,4.446558380808772
PART-PIER-1,635,Pier/C3D8R,4.66667,20.0,70.0,-9.1217566e-07,-0.07554481,-0.0072232727,4.05312e-05,-0.0677735,-0.0257907,0.020128197465502755,26.523084616146665,4.446558380808772
PART-PIER-1,319,Pier/C3D8R,-4.66667,20.0,70.0,9.121756e-07,-0.07554481,-0.0072232727,-4.05312e-05,-0.0677735,-0.0257907,0.02012819746550263,26.5230846161465,4.446558380808772
PART-PIER-2,557,Pier/C3D8R,4.66667,-20.0,70.0,-9.1217566e-07,0.07554481,-0.0072232727,4.05311e-05,0.0677735,-0.0257907,0.020128197465296857,26.52308461587535,4.446558380882413
PART-PIER-2,408,Pier/C3D8R,-8.5,-20.0,95.0,-6.0228173e-05,0.11346208,-0.007208579,-0.000247073,0.111951,-0.0272601,0.020109245837902964,17.687654459427975,1.3471086706664495
PART-PIER-2,568,Pier/C3D8R,8.5,-20.0,95.0,6.0228173e-05,0.11346208,-0.007208579,0.000247073,0.111951,-0.0272601,0.020109245837902964,17.687654459427975,1.3471086706664495
PART-PIER-1,330,Pier/C3D8R,-8.5,20.0,95.0,-6.0228173e-05,-0.11346208,-0.007208579,-0.000247073,-0.111951,-0.0272601,0.020109245837902964,17.687654459427975,1.3471086706664495
PART-PIER-1,646,Pier/C3D8R,8.5,20.0,95.0,6.0228173e-05,-0.11346208,-0.007208579,0.000247073,-0.111951,-0.0272601,0.020109245837902964,17.687654459427975,1.3471086706664495
PART-PIER-2,394,Pier/C3D8R,-9.66667,-20.0,60.0,-5.832956e-05,0.06261533,-0.007034267,-0.000293968,0.0532413,-0.0248234,0.02010923212872621,31.91473709760632,6.7683311807360775
PART-PIER-2,554,Pier/C3D8R,9.66667,-20.0,60.0,5.832956e-05,0.06261533,-0.007034267,0.000293968,0.0532413,-0.0248234,0.02010923212872621,31.91473709760632,6.7683311807360775
PART-PIER-1,316,Pier/C3D8R,-9.66667,20.0,60.0,-5.832956e-05,-0.06261533,-0.007034267,-0.000293968,-0.0532413,-0.0248234,0.02010923212872621,31.91473709760632,6.7683311807360775
PART-PIER-1,632,Pier/C3D8R,9.66667,20.0,60.0,5.832956e-05,-0.06261533,-0.007034267,0.000293968,-0.0532413,-0.0248234,0.02010923212872621,31.91473709760632,6.7683311807360775
PART-PIER-2,401,Pier/C3D8R,-4.5,-20.0,80.0,2.8464889e-05,0.08972537,-0.007273408,3.53708e-05,0.0840321,-0.0265562,0.0201057066103077,22.33478668038402,2.1009026275953224
PART-PIER-2,561,Pier/C3D8R,4.5,-20.0,80.0,-2.8464889e-05,0.08972537,-0.007273408,-3.53708e-05,0.0840321,-0.0265562,0.0201057066103077,22.33478668038402,2.1009026275953224
PART-PIER-1,323,Pier/C3D8R,-4.5,20.0,80.0,2.8464889e-05,-0.08972537,-0.007273408,3.53708e-05,-0.0840321,-0.0265562,0.0201057066103077,22.33478668038402,2.1009026275953224
PART-PIER-1,639,Pier/C3D8R,4.5,20.0,80.0,-2.8464889e-05,-0.08972537,-0.007273408,-3.53708e-05,-0.0840321,-0.0265562,0.0201057066103077,22.33478668038402,2.1009026275953224
PART-PIER-2,396,Pier/C3D8R,-9.5,-20.0,65.0,-4.907876e-05,0.06882849,-0.007108974,-0.000289799,0.0601535,-0.0252424,0.020103097677510347,29.05296118621549,5.7213738235497775
PART-PIER-2,556,Pier/C3D8R,9.5,-20.0,65.0,4.907876e-05,0.06882849,-0.007108974,0.000289799,0.0601535,-0.0252424,0.020103097677510347,29.05296118621549,5.7213738235497775
PART-PIER-1,318,Pier/C3D8R,-9.5,20.0,65.0,-4.907876e-05,-0.06882849,-0.007108974,-0.000289799,-0.0601535,-0.0252424,0.020103097677510347,29.05296118621549,5.7213738235497775
PART-PIER-1,634,Pier/C3D8R,9.5,20.0,65.0,4.907876e-05,-0.06882849,-0.007108974,0.000289799,-0.0601535,-0.0252424,0.020103097677510347,29.05296118621549,5.7213738235497775
PART-PIER-2,164,Pier/C3D8R,0.0,-20.0,65.0,-1.7332576e-15,0.06902743,-0.0071334443,-1.37083e-13,0.0605114,-0.0253401,0.020099877580205372,28.964428071809618,5.464467919799203
PART-PIER-1,80,Pier/C3D8R,0.0,20.0,65.0,-1.07929734e-14,-0.06902743,-0.0071334443,-1.15629e-13,-0.0605114,-0.0253401,0.020099877580205372,28.964428071809618,5.464467919799203
PART-PIER-2,166,Pier/C3D8R,0.0,-20.0,75.0,-1.9608256e-15,0.08248749,-0.0072516883,-1.56874e-13,0.0757712,-0.0261947,0.02009841395808229,24.271795329322853,3.18134825828523
PART-PIER-1,78,Pier/C3D8R,0.0,20.0,75.0,-1.2683952e-14,-0.08248749,-0.0072516883,-1.30921e-13,-0.0757712,-0.0261947,0.02009841395808229,24.271795329322853,3.18134825828523
PART-PIER-2,400,Pier/C3D8R,-9.16667,-20.0,75.0,-3.480348e-05,0.08230128,-0.007224393,-0.000248079,0.0754498,-0.0261116,0.02009265669090776,24.320022044775506,3.3612397254792925
PART-PIER-2,560,Pier/C3D8R,9.16667,-20.0,75.0,3.480348e-05,0.08230128,-0.007224393,0.000248079,0.0754498,-0.0261116,0.02009265669090776,24.320022044775506,3.3612397254792925
PART-PIER-1,322,Pier/C3D8R,-9.16667,20.0,75.0,-3.480348e-05,-0.08230128,-0.007224393,-0.000248079,-0.0754498,-0.0261116,0.02009265669090776,24.320022044775506,3.3612397254792925
PART-PIER-1,638,Pier/C3D8R,9.16667,20.0,75.0,3.480348e-05,-0.08230128,-0.007224393,0.000248079,-0.0754498,-0.0261116,0.02009265669090776,24.320022044775506,3.3612397254792925
PART-PIER-2,745,Pier/C3D8R,-10.0,-15.0,50.0,-0.00028220957,0.051213257,-0.012149071,-0.000651537,0.0409051,-0.0293689,0.020072792886801784,38.13559340168462,4.321780755769182
PART-PIER-2,823,Pier/C3D8R,10.0,-15.0,50.0,0.00028220957,0.051213257,-0.012149071,0.000651537,0.0409051,-0.0293689,0.020072792886801784,38.13559340168462,4.321780755769182
PART-PIER-1,745,Pier/C3D8R,-10.0,15.0,50.0,-0.00028220957,-0.051213257,-0.012149071,-0.000651537,-0.0409051,-0.0293689,0.020072792886801784,38.13559340168462,4.321780755769182
PART-PIER-1,823,Pier/C3D8R,10.0,15.0,50.0,0.00028220957,-0.051213257,-0.012149071,0.000651537,-0.0409051,-0.0293689,0.020072792886801784,38.13559340168462,4.321780755769182
PART-PIER-2,118,Pier/C3D8R,-14.0,-20.0,70.0,-7.026749e-05,0.07512407,-0.0071560717,-0.000425668,0.0672591,-0.0256186,0.0200710989697054,26.59686088149438,4.624711885003997
PART-PIER-2,214,Pier/C3D8R,14.0,-20.0,70.0,7.026749e-05,0.07512407,-0.0071560717,0.000425668,0.0672591,-0.0256186,0.0200710989697054,26.59686088149438,4.624711885003997
PART-PIER-1,48,Pier/C3D8R,-14.0,20.0,70.0,-7.026749e-05,-0.07512407,-0.0071560717,-0.000425668,-0.0672591,-0.0256186,0.0200710989697054,26.59686088149438,4.624711885003997
PART-PIER-1,245,Pier/C3D8R,14.0,20.0,70.0,7.026749e-05,-0.07512407,-0.0071560717,0.000425668,-0.0672591,-0.0256186,0.0200710989697054,26.59686088149438,4.624711885003997
PART-PIER-2,448,Pier/C3D8R,0.0,-15.0,50.0,-8.1674537e-17,0.051411517,-0.012193137,-6.20206e-14,0.041304,-0.029521,0.020060327416372294,37.96597601644799,3.9147511313751897
PART-PIER-1,448,Pier/C3D8R,0.0,15.0,50.0,-8.84752e-15,-0.051411517,-0.012193137,-4.67061e-14,-0.041304,-0.029521,0.020060327416372294,37.96597601644799,3.9147511313751897
PART-PIER-2,393,Pier/C3D8R,-4.83333,-20.0,60.0,-1.9186082e-05,0.0627357,-0.0070637558,-0.000102262,0.0534195,-0.0248186,0.0200507600009183,31.759995959408826,6.698134492964673
PART-PIER-2,553,Pier/C3D8R,4.83333,-20.0,60.0,1.9186082e-05,0.0627357,-0.0070637558,0.000102262,0.0534195,-0.0248186,0.0200507600009183,31.759995959408826,6.698134492964673
PART-PIER-1,315,Pier/C3D8R,-4.83333,20.0,60.0,-1.9186082e-05,-0.0627357,-0.0070637558,-0.000102262,-0.0534195,-0.0248186,0.0200507600009183,31.759995959408826,6.698134492964673
PART-PIER-1,631,Pier/C3D8R,4.83333,20.0,60.0,1.9186082e-05,-0.0627357,-0.0070637558,0.000102262,-0.0534195,-0.0248186,0.0200507600009183,31.759995959408826,6.698134492964673
PART-PIER-2,168,Pier/C3D8R,0.0,-20.0,85.0,-2.4466972e-15,0.09730579,-0.0073459307,-1.76542e-13,0.0929391,-0.0269107,0.02004615123454681,20.542734841480584,0.8464249902252583
PART-PIER-1,76,Pier/C3D8R,0.0,20.0,85.0,-1.4502502e-14,-0.09730579,-0.0073459307,-1.47253e-13,-0.0929391,-0.0269107,0.02004615123454681,20.542734841480584,0.8464249902252583
PART-PIER-2,404,Pier/C3D8R,-8.83333,-20.0,85.0,-3.663979e-05,0.097158834,-0.0072555053,-0.000231151,0.0926839,-0.0267824,0.02003403318206446,20.56262148102592,0.9783298152110088
PART-PIER-2,564,Pier/C3D8R,8.83333,-20.0,85.0,3.663979e-05,0.097158834,-0.0072555053,0.000231151,0.0926839,-0.0267824,0.02003403318206446,20.56262148102592,0.9783298152110088
PART-PIER-1,326,Pier/C3D8R,-8.83333,20.0,85.0,-3.663979e-05,-0.097158834,-0.0072555053,-0.000231151,-0.0926839,-0.0267824,0.02003403318206446,20.56262148102592,0.9783298152110088
PART-PIER-1,642,Pier/C3D8R,8.83333,20.0,85.0,3.663979e-05,-0.097158834,-0.0072555053,0.000231151,-0.0926839,-0.0267824,0.02003403318206446,20.56262148102592,0.9783298152110088
PART-PIER-2,114,Pier/C3D8R,-13.0,-20.0,90.0,-0.00010613991,0.10486444,-0.0072193835,-0.000479197,0.10181,-0.027013,0.02003137612484653,19.057044922032595,0.21033043688228492
PART-PIER-2,218,Pier/C3D8R,13.0,-20.0,90.0,0.00010613991,0.10486444,-0.0072193835,0.000479197,0.10181,-0.027013,0.02003137612484653,19.057044922032595,0.21033043688228492
PART-PIER-1,52,Pier/C3D8R,-13.0,20.0,90.0,-0.00010613991,-0.10486444,-0.0072193835,-0.000479197,-0.10181,-0.027013,0.02003137612484653,19.057044922032595,0.21033043688228492
PART-PIER-1,241,Pier/C3D8R,13.0,20.0,90.0,0.00010613991,-0.10486444,-0.0072193835,0.000479197,-0.10181,-0.027013,0.02003137612484653,19.057044922032595,0.21033043688228492
PART-FLOOR-1,201,Floor/S4R,-240.0,10.0,0.0,0.0031107222,-0.0013138491,-0.35233212,0.003053,-0.000553941,-0.372345,0.020027385202946908,5.683973817162635,5.678933769317088
PART-FLOOR-1,207,Floor/S4R,-240.0,-10.0,0.0,0.0031107222,0.0013138491,-0.35233212,0.003053,0.000553941,-0.372345,0.020027385202946908,5.683973817162635,5.678933769317088
PART-FLOOR-1,222,Floor/S4R,240.0,-10.0,0.0,-0.0031107222,0.0013138491,-0.35233212,-0.003053,0.000553941,-0.372345,0.020027385202946908,5.683973817162635,5.678933769317088
PART-FLOOR-1,228,Floor/S4R,240.0,10.0,0.0,-0.0031107222,-0.0013138491,-0.35233212,-0.003053,-0.000553941,-0.372345,0.020027385202946908,5.683973817162635,5.678933769317088
PART-PIER-2,116,Pier/C3D8R,-13.5,-20.0,80.0,-6.642364e-05,0.089286596,-0.0072283163,-0.000411269,0.0835364,-0.0264085,0.02002656034186788,22.356378501576085,2.195243854424057
PART-PIER-2,216,Pier/C3D8R,13.5,-20.0,80.0,6.642364e-05,0.089286596,-0.0072283163,0.000411269,0.0835364,-0.0264085,0.02002656034186788,22.356378501576085,2.195243854424057
PART-PIER-1,50,Pier/C3D8R,-13.5,20.0,80.0,-6.642364e-05,-0.089286596,-0.0072283163,-0.000411269,-0.0835364,-0.0264085,0.02002656034186788,22.356378501576085,2.195243854424057
PART-PIER-1,243,Pier/C3D8R,13.5,20.0,80.0,6.642364e-05,-0.089286596,-0.0072283163,0.000411269,-0.0835364,-0.0264085,0.02002656034186788,22.356378501576085,2.195243854424057
PART-PIER-2,120,Pier/C3D8R,-14.5,-20.0,60.0,-9.689989e-05,0.062321085,-0.006992184,-0.000483455,0.052882,-0.0246329,0.020011012255329516,31.909290817688486,6.972315702893361
PART-PIER-2,212,Pier/C3D8R,14.5,-20.0,60.0,9.689989e-05,0.062321085,-0.006992184,0.000483455,0.052882,-0.0246329,0.020011012255329516,31.909290817688486,6.972315702893361
PART-PIER-1,46,Pier/C3D8R,-14.5,20.0,60.0,-9.689989e-05,-0.062321085,-0.006992184,-0.000483455,-0.052882,-0.0246329,0.020011012255329516,31.909290817688486,6.972315702893361
PART-PIER-1,247,Pier/C3D8R,14.5,20.0,60.0,9.689989e-05,-0.062321085,-0.006992184,0.000483455,-0.052882,-0.0246329,0.020011012255329516,31.909290817688486,6.972315702893361
PART-PIER-2,391,Pier/C3D8R,-4.91667,-20.0,55.0,-4.4297987e-05,0.05684332,-0.006931739,-0.000207836,0.046942,-0.0243198,0.020010186100179506,34.943487586803016,7.677045105825267
PART-PIER-2,551,Pier/C3D8R,4.91667,-20.0,55.0,4.4297987e-05,0.05684332,-0.006931739,0.000207836,0.046942,-0.0243198,0.020010186100179506,34.943487586803016,7.677045105825267
PART-PIER-1,313,Pier/C3D8R,-4.91667,20.0,55.0,-4.4297987e-05,-0.05684332,-0.006931739,-0.000207836,-0.046942,-0.0243198,0.020010186100179506,34.943487586803016,7.677045105825267
PART-PIER-1,629,Pier/C3D8R,4.91667,20.0,55.0,4.4297987e-05,-0.05684332,-0.006931739,0.000207836,-0.046942,-0.0243198,0.020010186100179506,34.943487586803016,7.677045105825267
PART-PIER-2,744,Pier/C3D8R,-5.0,-15.0,50.0,-0.00014073319,0.05133085,-0.012259089,-0.000342586,0.0411951,-0.0295041,0.02000411400211281,37.90479483535148,3.984275167168367
PART-PIER-2,822,Pier/C3D8R,5.0,-15.0,50.0,0.00014073319,0.05133085,-0.012259089,0.000342586,0.0411951,-0.0295041,0.02000411400211281,37.90479483535148,3.984275167168367
PART-PIER-1,744,Pier/C3D8R,-5.0,15.0,50.0,-0.00014073319,-0.05133085,-0.012259089,-0.000342586,-0.0411951,-0.0295041,0.02000411400211281,37.90479483535148,3.984275167168367
PART-PIER-1,822,Pier/C3D8R,5.0,15.0,50.0,0.00014073319,-0.05133085,-0.012259089,0.000342586,-0.0411951,-0.0295041,0.02000411400211281,37.90479483535148,3.984275167168367
PART-PIER-2,121,Pier/C3D8R,-14.75,-20.0,55.0,-0.00010560425,0.056510784,-0.006859883,-0.00050184,0.0464542,-0.0241296,0.01998837186412948,35.11307554655739,8.038734675679962
PART-PIER-2,211,Pier/C3D8R,14.75,-20.0,55.0,0.00010560425,0.056510784,-0.006859883,0.00050184,0.0464542,-0.0241296,0.01998837186412948,35.11307554655739,8.038734675679962
PART-PIER-1,45,Pier/C3D8R,-14.75,20.0,55.0,-0.00010560425,-0.056510784,-0.006859883,-0.00050184,-0.0464542,-0.0241296,0.01998837186412948,35.11307554655739,8.038734675679962
PART-PIER-1,248,Pier/C3D8R,14.75,20.0,55.0,0.00010560425,-0.056510784,-0.006859883,0.00050184,-0.0464542,-0.0241296,0.01998837186412948,35.11307554655739,8.038734675679962
PART-PIER-2,487,Pier/C3D8R,-15.0,-15.0,50.0,-0.00040566424,0.050990447,-0.012155967,-0.000950712,0.0407071,-0.0292698,0.01997317156925707,38.101493940017654,4.338439439375872
PART-PIER-2,686,Pier/C3D8R,15.0,-15.0,50.0,0.00040566424,0.050990447,-0.012155967,0.000950712,0.0407071,-0.0292698,0.01997317156925707,38.101493940017654,4.338439439375872
PART-PIER-1,487,Pier/C3D8R,-15.0,15.0,50.0,-0.00040566424,-0.050990447,-0.012155967,-0.000950712,-0.0407071,-0.0292698,0.01997317156925707,38.101493940017654,4.338439439375872
PART-PIER-1,686,Pier/C3D8R,15.0,15.0,50.0,0.00040566424,-0.050990447,-0.012155967,0.000950712,-0.0407071,-0.0292698,0.01997317156925707,38.101493940017654,4.338439439375872
PART-PIER-2,392,Pier/C3D8R,-9.83333,-20.0,55.0,-7.277486e-05,0.056688424,-0.0069046076,-0.000347757,0.0467126,-0.0241729,0.019944588290265425,34.92469394941642,7.8969086499132715
PART-PIER-2,552,Pier/C3D8R,9.83333,-20.0,55.0,7.277486e-05,0.056688424,-0.0069046076,0.000347757,0.0467126,-0.0241729,0.019944588290265425,34.92469394941642,7.8969086499132715
PART-PIER-1,314,Pier/C3D8R,-9.83333,20.0,55.0,-7.277486e-05,-0.056688424,-0.0069046076,-0.000347757,-0.0467126,-0.0241729,0.019944588290265425,34.92469394941642,7.8969086499132715
PART-PIER-1,630,Pier/C3D8R,9.83333,20.0,55.0,7.277486e-05,-0.056688424,-0.0069046076,0.000347757,-0.0467126,-0.0241729,0.019944588290265425,34.92469394941642,7.8969086499132715
PART-PIER-2,162,Pier/C3D8R,0.0,-20.0,55.0,-1.3647428e-15,0.056889076,-0.0069407956,-1.18164e-13,0.0471061,-0.0243047,0.019930172990441284,34.775524118344094,7.510414927055391
PART-PIER-1,82,Pier/C3D8R,0.0,20.0,55.0,-9.162711e-15,-0.056889076,-0.0069407956,-1.00444e-13,-0.0471061,-0.0243047,0.019930172990441284,34.775524118344094,7.510414927055391
PART-PIER-2,93,Pier/C3D8R,0.0,-10.0,0.0,5.780247e-16,0.012439534,-0.009340425,3.54487e-16,0.000656914,-0.0253233,0.019856546208493184,127.64652563508916,62.84396400688161
PART-PIER-1,151,Pier/C3D8R,0.0,10.0,0.0,-2.7048627e-15,-0.012439534,-0.009340425,4.81014e-15,-0.000656914,-0.0253233,0.019856546208493184,127.64652563508916,62.84396400688161
PART-PIER-2,161,Pier/C3D8R,0.0,-20.0,50.0,-1.444432e-15,0.051292554,-0.006815711,-1.09215e-13,0.0408637,-0.0236919,0.01983851685275482,38.340183957268366,8.712946093367561
PART-PIER-1,83,Pier/C3D8R,0.0,20.0,50.0,-8.2224775e-15,-0.051292554,-0.006815711,-9.30319e-14,-0.0408637,-0.0236919,0.01983851685275482,38.340183957268366,8.712946093367561
PART-PIER-2,309,Pier/C3D8R,-5.08333,-10.0,45.0,-0.00024747275,0.046270747,-0.016796183,-0.000455842,0.0359075,-0.033705,0.019833012843913644,40.2900765450178,0.05009442228049202
PART-PIER-2,625,Pier/C3D8R,5.08333,-10.0,45.0,0.00024747275,0.046270747,-0.016796183,0.000455842,0.0359075,-0.033705,0.019833012843913644,40.2900765450178,0.05009442228049202
PART-PIER-1,387,Pier/C3D8R,-5.08333,10.0,45.0,-0.00024747275,-0.046270747,-0.016796183,-0.000455842,-0.0359075,-0.033705,0.019833012843913644,40.2900765450178,0.05009442228049202
PART-PIER-1,547,Pier/C3D8R,5.08333,10.0,45.0,0.00024747275,-0.046270747,-0.016796183,0.000455842,-0.0359075,-0.033705,0.019833012843913644,40.2900765450178,0.05009442228049202
PART-PIER-2,43,Pier/C3D8R,-15.25,-10.0,45.0,-0.00071178714,0.045921627,-0.016677275,-0.00131948,0.0354131,-0.0334474,0.01979988694001683,40.52257418579474,0.27004165935009394
PART-PIER-2,250,Pier/C3D8R,15.25,-10.0,45.0,0.00071178714,0.045921627,-0.016677275,0.00131948,0.0354131,-0.0334474,0.01979988694001683,40.52257418579474,0.27004165935009394
PART-PIER-1,123,Pier/C3D8R,-15.25,10.0,45.0,-0.00071178714,-0.045921627,-0.016677275,-0.00131948,-0.0354131,-0.0334474,0.01979988694001683,40.52257418579474,0.27004165935009394
PART-PIER-1,209,Pier/C3D8R,15.25,10.0,45.0,0.00071178714,-0.045921627,-0.016677275,0.00131948,-0.0354131,-0.0334474,0.01979988694001683,40.52257418579474,0.27004165935009394
PART-PIER-2,390,Pier/C3D8R,-10.0,-20.0,50.0,-8.622953e-05,0.051113512,-0.00676498,-0.000366853,0.0407507,-0.0236214,0.019789025172950253,38.381082408274395,8.642433326686698
PART-PIER-2,550,Pier/C3D8R,10.0,-20.0,50.0,8.622953e-05,0.051113512,-0.00676498,0.000366853,0.0407507,-0.0236214,0.019789025172950253,38.381082408274395,8.642433326686698
PART-PIER-1,312,Pier/C3D8R,-10.0,20.0,50.0,-8.622953e-05,-0.051113512,-0.00676498,-0.000366853,-0.0407507,-0.0236214,0.019789025172950253,38.381082408274395,8.642433326686698
PART-PIER-1,628,Pier/C3D8R,10.0,20.0,50.0,8.622953e-05,-0.051113512,-0.00676498,0.000366853,-0.0407507,-0.0236214,0.019789025172950253,38.381082408274395,8.642433326686698
PART-PIER-2,389,Pier/C3D8R,-5.0,-20.0,50.0,-3.6915746e-05,0.0512437,-0.006810526,-0.000159179,0.0408924,-0.0236526,0.01976916327553482,38.24243765407115,8.615778581440667
PART-PIER-2,549,Pier/C3D8R,5.0,-20.0,50.0,3.6915746e-05,0.0512437,-0.006810526,0.000159179,0.0408924,-0.0236526,0.01976916327553482,38.24243765407115,8.615778581440667
PART-PIER-1,311,Pier/C3D8R,-5.0,20.0,50.0,-3.6915746e-05,-0.0512437,-0.006810526,-0.000159179,-0.0408924,-0.0236526,0.01976916327553482,38.24243765407115,8.615778581440667
PART-PIER-1,627,Pier/C3D8R,5.0,20.0,50.0,3.6915746e-05,-0.0512437,-0.006810526,0.000159179,-0.0408924,-0.0236526,0.01976916327553482,38.24243765407115,8.615778581440667
PART-PIER-2,122,Pier/C3D8R,-15.0,-20.0,50.0,-0.00013467221,0.050828762,-0.0067353146,-0.000561224,0.0403242,-0.0234471,0.01974364557261524,38.50672138840956,9.018964846628181
PART-PIER-2,210,Pier/C3D8R,15.0,-20.0,50.0,0.00013467221,0.050828762,-0.0067353146,0.000561224,0.0403242,-0.0234471,0.01974364557261524,38.50672138840956,9.018964846628181
PART-PIER-1,44,Pier/C3D8R,-15.0,20.0,50.0,-0.00013467221,-0.050828762,-0.0067353146,-0.000561224,-0.0403242,-0.0234471,0.01974364557261524,38.50672138840956,9.018964846628181
PART-PIER-1,249,Pier/C3D8R,15.0,20.0,50.0,0.00013467221,-0.050828762,-0.0067353146,0.000561224,-0.0403242,-0.0234471,0.01974364557261524,38.50672138840956,9.018964846628181
PART-PIER-2,310,Pier/C3D8R,-10.16667,-10.0,45.0,-0.00047819546,0.046128925,-0.016869342,-0.00100458,0.0358328,-0.0336767,0.019717366802890796,40.14199526371693,0.13332634180249295
PART-PIER-2,626,Pier/C3D8R,10.16667,-10.0,45.0,0.00047819546,0.046128925,-0.016869342,0.00100458,0.0358328,-0.0336767,0.019717366802890796,40.14199526371693,0.13332634180249295
PART-PIER-1,388,Pier/C3D8R,-10.16667,10.0,45.0,-0.00047819546,-0.046128925,-0.016869342,-0.00100458,-0.0358328,-0.0336767,0.019717366802890796,40.14199526371693,0.13332634180249295
PART-PIER-1,548,Pier/C3D8R,10.16667,10.0,45.0,0.00047819546,-0.046128925,-0.016869342,0.00100458,-0.0358328,-0.0336767,0.019717366802890796,40.14199526371693,0.13332634180249295
PART-PIER-2,742,Pier/C3D8R,-5.08333,-15.0,45.0,-0.0001416113,0.04609096,-0.011722173,-0.000323212,0.0355463,-0.0283705,0.019707603234000053,41.438701249043284,4.368019229638813
PART-PIER-2,820,Pier/C3D8R,5.08333,-15.0,45.0,0.0001416113,0.04609096,-0.011722173,0.000323212,0.0355463,-0.0283705,0.019707603234000053,41.438701249043284,4.368019229638813
PART-PIER-1,742,Pier/C3D8R,-5.08333,15.0,45.0,-0.0001416113,-0.04609096,-0.011722173,-0.000323212,-0.0355463,-0.0283705,0.019707603234000053,41.438701249043284,4.368019229638813
PART-PIER-1,820,Pier/C3D8R,5.08333,15.0,45.0,0.0001416113,-0.04609096,-0.011722173,0.000323212,-0.0355463,-0.0283705,0.019707603234000053,41.438701249043284,4.368019229638813
PART-PIER-2,84,Pier/C3D8R,0.0,-10.0,45.0,8.728056e-16,0.046327047,-0.016927626,-1.24041e-14,0.0362415,-0.0338571,0.019705972399399252,39.95305926534217,0.5535976473353923
PART-PIER-1,160,Pier/C3D8R,0.0,10.0,45.0,-8.557869e-15,-0.046327047,-0.016927626,1.10615e-15,-0.0362415,-0.0338571,0.019705972399399252,39.95305926534217,0.5535976473353923
PART-PIER-2,486,Pier/C3D8R,-15.25,-15.0,45.0,-0.00043897048,0.045672234,-0.011623468,-0.00101026,0.0349639,-0.0281209,0.019676383086478108,41.74903911072869,4.772774898001642
PART-PIER-2,685,Pier/C3D8R,15.25,-15.0,45.0,0.00043897048,0.045672234,-0.011623468,0.00101026,0.0349639,-0.0281209,0.019676383086478108,41.74903911072869,4.772774898001642
PART-PIER-1,486,Pier/C3D8R,-15.25,15.0,45.0,-0.00043897048,-0.045672234,-0.011623468,-0.00101026,-0.0349639,-0.0281209,0.019676383086478108,41.74903911072869,4.772774898001642
PART-PIER-1,685,Pier/C3D8R,15.25,15.0,45.0,0.00043897048,-0.045672234,-0.011623468,0.00101026,-0.0349639,-0.0281209,0.019676383086478108,41.74903911072869,4.772774898001642
PART-PIER-2,447,Pier/C3D8R,0.0,-15.0,45.0,-8.5317215e-17,0.04611157,-0.011802411,-5.66347e-14,0.0355703,-0.0283827,0.01964750255214186,41.27796207196082,4.394587800675669
PART-PIER-1,447,Pier/C3D8R,0.0,15.0,45.0,-7.905762e-15,-0.04611157,-0.011802411,-4.24616e-14,-0.0355703,-0.0283827,0.01964750255214186,41.27796207196082,4.394587800675669
PART-PIER-2,743,Pier/C3D8R,-10.16667,-15.0,45.0,-0.00028818488,0.045925062,-0.01174774,-0.000657227,0.0354578,-0.0283143,0.01959976214387762,41.34562620709949,4.270064038903235
PART-PIER-2,821,Pier/C3D8R,10.16667,-15.0,45.0,0.00028818488,0.045925062,-0.01174774,0.000657227,0.0354578,-0.0283143,0.01959976214387762,41.34562620709949,4.270064038903235
PART-PIER-1,743,Pier/C3D8R,-10.16667,15.0,45.0,-0.00028818488,-0.045925062,-0.01174774,-0.000657227,-0.0354578,-0.0283143,0.01959976214387762,41.34562620709949,4.270064038903235
PART-PIER-1,821,Pier/C3D8R,10.16667,15.0,45.0,0.00028818488,-0.045925062,-0.01174774,0.000657227,-0.0354578,-0.0283143,0.01959976214387762,41.34562620709949,4.270064038903235
PART-PIER-2,387,Pier/C3D8R,-5.08333,-20.0,45.0,-5.4669676e-05,0.045989584,-0.0066333055,-0.000221875,0.0353351,-0.023032,0.01955666557036143,42.08854427689225,9.22458487672239
PART-PIER-2,547,Pier/C3D8R,5.08333,-20.0,45.0,5.4669676e-05,0.045989584,-0.0066333055,0.000221875,0.0353351,-0.023032,0.01955666557036143,42.08854427689225,9.22458487672239
PART-PIER-1,309,Pier/C3D8R,-5.08333,20.0,45.0,-5.4669676e-05,-0.045989584,-0.0066333055,-0.000221875,-0.0353351,-0.023032,0.01955666557036143,42.08854427689225,9.22458487672239
PART-PIER-1,625,Pier/C3D8R,5.08333,20.0,45.0,5.4669676e-05,-0.045989584,-0.0066333055,0.000221875,-0.0353351,-0.023032,0.01955666557036143,42.08854427689225,9.22458487672239
PART-PIER-2,388,Pier/C3D8R,-10.16667,-20.0,45.0,-0.0001010736,0.045835227,-0.0066103837,-0.000416282,0.0350549,-0.0229066,0.01954178784704064,42.19817140143325,9.570338545386436
PART-PIER-2,548,Pier/C3D8R,10.16667,-20.0,45.0,0.0001010736,0.045835227,-0.0066103837,0.000416282,0.0350549,-0.0229066,0.01954178784704064,42.19817140143325,9.570338545386436
PART-PIER-1,310,Pier/C3D8R,-10.16667,20.0,45.0,-0.0001010736,-0.045835227,-0.0066103837,-0.000416282,-0.0350549,-0.0229066,0.01954178784704064,42.19817140143325,9.570338545386436
PART-PIER-1,626,Pier/C3D8R,10.16667,20.0,45.0,0.0001010736,-0.045835227,-0.0066103837,0.000416282,-0.0350549,-0.0229066,0.01954178784704064,42.19817140143325,9.570338545386436
PART-PIER-2,123,Pier/C3D8R,-15.25,-20.0,45.0,-0.0001476793,0.04563398,-0.006547909,-0.000627427,0.0348501,-0.022824,0.01953031909494405,42.36365170964077,9.62648766663748
PART-PIER-2,209,Pier/C3D8R,15.25,-20.0,45.0,0.0001476793,0.04563398,-0.006547909,0.000627427,0.0348501,-0.022824,0.01953031909494405,42.36365170964077,9.62648766663748
PART-PIER-1,43,Pier/C3D8R,-15.25,20.0,45.0,-0.0001476793,-0.04563398,-0.006547909,-0.000627427,-0.0348501,-0.022824,0.01953031909494405,42.36365170964077,9.62648766663748
PART-PIER-1,250,Pier/C3D8R,15.25,20.0,45.0,0.0001476793,-0.04563398,-0.006547909,0.000627427,-0.0348501,-0.022824,0.01953031909494405,42.36365170964077,9.62648766663748
PART-PIER-2,160,Pier/C3D8R,0.0,-20.0,45.0,-1.2549477e-15,0.046036005,-0.006657228,-1.00372e-13,0.0354923,-0.0230861,0.019521207706476792,41.96767790541359,8.97543768452635
PART-PIER-1,84,Pier/C3D8R,0.0,20.0,45.0,-7.555301e-15,-0.046036005,-0.006657228,-8.59266e-14,-0.0354923,-0.0230861,0.019521207706476792,41.96767790541359,8.97543768452635
PART-PIER-2,85,Pier/C3D8R,0.0,-10.0,40.0,8.826385e-16,0.041368093,-0.016028972,-1.04686e-14,0.0306771,-0.0321495,0.019343442152958013,43.600749324845474,0.16315313471072407
PART-PIER-1,159,Pier/C3D8R,0.0,10.0,40.0,-7.684999e-15,-0.041368093,-0.016028972,2.28028e-15,-0.0306771,-0.0321495,0.019343442152958013,43.600749324845474,0.16315313471072407
PART-PIER-2,741,Pier/C3D8R,-10.33333,-15.0,40.0,-0.00030363468,0.04099385,-0.011194325,-0.000727209,0.030147,-0.0271394,0.019289349052850086,45.391091013104045,4.532164186397746
PART-PIER-2,819,Pier/C3D8R,10.33333,-15.0,40.0,0.00030363468,0.04099385,-0.011194325,0.000727209,0.030147,-0.0271394,0.019289349052850086,45.391091013104045,4.532164186397746
PART-PIER-1,741,Pier/C3D8R,-10.33333,15.0,40.0,-0.00030363468,-0.04099385,-0.011194325,-0.000727209,-0.030147,-0.0271394,0.019289349052850086,45.391091013104045,4.532164186397746
PART-PIER-1,819,Pier/C3D8R,10.33333,15.0,40.0,0.00030363468,-0.04099385,-0.011194325,0.000727209,-0.030147,-0.0271394,0.019289349052850086,45.391091013104045,4.532164186397746
PART-PIER-2,308,Pier/C3D8R,-10.33333,-10.0,40.0,-0.00049128296,0.041176163,-0.015975164,-0.000881111,0.0305796,-0.0320843,0.01928583355679073,43.66347339992245,0.3675341912885447
PART-PIER-2,624,Pier/C3D8R,10.33333,-10.0,40.0,0.00049128296,0.041176163,-0.015975164,0.000881111,0.0305796,-0.0320843,0.01928583355679073,43.66347339992245,0.3675341912885447
PART-PIER-1,386,Pier/C3D8R,-10.33333,10.0,40.0,-0.00049128296,-0.041176163,-0.015975164,-0.000881111,-0.0305796,-0.0320843,0.01928583355679073,43.66347339992245,0.3675341912885447
PART-PIER-1,546,Pier/C3D8R,10.33333,10.0,40.0,0.00049128296,-0.041176163,-0.015975164,0.000881111,-0.0305796,-0.0320843,0.01928583355679073,43.66347339992245,0.3675341912885447
PART-SUPPORTBEAM-2,138,SupportBeam/B31,-100.0,10.0,-18.75,-0.0037029132,0.0016817527,-0.23552707,0.0110319,0.000197154,-0.247866,0.019276097812675568,8.183018949597058,5.327373985183528
PART-SUPPORTBEAM-2,242,SupportBeam/B31,100.0,10.0,-18.75,0.0037029132,0.0016817527,-0.23552707,-0.0110319,0.000197154,-0.247866,0.019276097812675568,8.183018949597058,5.327373985183528
PART-SUPPORTBEAM-1,138,SupportBeam/B31,-100.0,-10.0,-18.75,-0.0037029132,-0.0016817527,-0.23552707,0.0110319,-0.000197154,-0.247866,0.019276097812675568,8.183018949597058,5.327373985183528
PART-SUPPORTBEAM-1,242,SupportBeam/B31,100.0,-10.0,-18.75,0.0037029132,-0.0016817527,-0.23552707,-0.0110319,-0.000197154,-0.247866,0.019276097812675568,8.183018949597058,5.327373985183528
PART-PIER-2,446,Pier/C3D8R,0.0,-15.0,40.0,-5.7572075e-17,0.041194305,-0.011247359,-5.0661e-14,0.0305979,-0.0273414,0.019269197041747895,45.12465017303731,3.9066413952312766
PART-PIER-1,446,Pier/C3D8R,0.0,15.0,40.0,-7.332069e-15,-0.041194305,-0.011247359,-3.85487e-14,-0.0305979,-0.0273414,0.019269197041747895,45.12465017303731,3.9066413952312766
PART-PIER-2,159,Pier/C3D8R,0.0,-20.0,40.0,-1.1338233e-15,0.041071646,-0.006470205,-9.22311e-14,0.030111,-0.022273,0.019231850939245062,46.25469102887107,9.920449836882222
PART-PIER-1,85,Pier/C3D8R,0.0,20.0,40.0,-6.6298954e-15,-0.041071646,-0.006470205,-7.88384e-14,-0.030111,-0.022273,0.019231850939245062,46.25469102887107,9.920449836882222
PART-PIER-2,385,Pier/C3D8R,-5.16667,-20.0,40.0,-5.396977e-05,0.04102063,-0.0064719203,-0.000213479,0.0301252,-0.0223092,0.019223820285660897,46.29114580609786,9.730988898086332
PART-PIER-2,545,Pier/C3D8R,5.16667,-20.0,40.0,5.396977e-05,0.04102063,-0.0064719203,0.000213479,0.0301252,-0.0223092,0.019223820285660897,46.29114580609786,9.730988898086332
PART-PIER-1,307,Pier/C3D8R,-5.16667,20.0,40.0,-5.396977e-05,-0.04102063,-0.0064719203,-0.000213479,-0.0301252,-0.0223092,0.019223820285660897,46.29114580609786,9.730988898086332
PART-PIER-1,623,Pier/C3D8R,5.16667,20.0,40.0,5.396977e-05,-0.04102063,-0.0064719203,0.000213479,-0.0301252,-0.0223092,0.019223820285660897,46.29114580609786,9.730988898086332
PART-PIER-2,124,Pier/C3D8R,-15.5,-20.0,40.0,-0.00017752698,0.040602405,-0.006389363,-0.000648319,0.0295174,-0.0220666,0.01920611207220997,46.72742293154084,10.32253983367435
PART-PIER-2,208,Pier/C3D8R,15.5,-20.0,40.0,0.00017752698,0.040602405,-0.006389363,0.000648319,0.0295174,-0.0220666,0.01920611207220997,46.72742293154084,10.32253983367435
PART-PIER-1,42,Pier/C3D8R,-15.5,20.0,40.0,-0.00017752698,-0.040602405,-0.006389363,-0.000648319,-0.0295174,-0.0220666,0.01920611207220997,46.72742293154084,10.32253983367435
PART-PIER-1,251,Pier/C3D8R,15.5,20.0,40.0,0.00017752698,-0.040602405,-0.006389363,0.000648319,-0.0295174,-0.0220666,0.01920611207220997,46.72742293154084,10.32253983367435
PART-PIER-2,740,Pier/C3D8R,-5.16667,-15.0,40.0,-0.000155967,0.041122727,-0.01128991,-0.000356629,0.0304859,-0.0272551,0.01918514127136605,44.98840322470332,4.104070678048963
PART-PIER-2,818,Pier/C3D8R,5.16667,-15.0,40.0,0.000155967,0.041122727,-0.01128991,0.000356629,0.0304859,-0.0272551,0.01918514127136605,44.98840322470332,4.104070678048963
PART-PIER-1,740,Pier/C3D8R,-5.16667,15.0,40.0,-0.000155967,-0.041122727,-0.01128991,-0.000356629,-0.0304859,-0.0272551,0.01918514127136605,44.98840322470332,4.104070678048963
PART-PIER-1,818,Pier/C3D8R,5.16667,15.0,40.0,0.000155967,-0.041122727,-0.01128991,0.000356629,-0.0304859,-0.0272551,0.01918514127136605,44.98840322470332,4.104070678048963
PART-PIER-2,386,Pier/C3D8R,-10.33333,-20.0,40.0,-0.000112970134,0.04088095,-0.0064188396,-0.000436104,0.0300259,-0.0222315,0.01918272021699697,46.35527598383534,9.712158864049917
PART-PIER-2,546,Pier/C3D8R,10.33333,-20.0,40.0,0.000112970134,0.04088095,-0.0064188396,0.000436104,0.0300259,-0.0222315,0.01918272021699697,46.35527598383534,9.712158864049917
PART-PIER-1,308,Pier/C3D8R,-10.33333,20.0,40.0,-0.000112970134,-0.04088095,-0.0064188396,-0.000436104,-0.0300259,-0.0222315,0.01918272021699697,46.35527598383534,9.712158864049917
PART-PIER-1,624,Pier/C3D8R,10.33333,20.0,40.0,0.000112970134,-0.04088095,-0.0064188396,0.000436104,-0.0300259,-0.0222315,0.01918272021699697,46.35527598383534,9.712158864049917
PART-PIER-2,485,Pier/C3D8R,-15.5,-15.0,40.0,-0.00045824243,0.040758308,-0.011176341,-0.00106897,0.0299998,-0.0270122,0.019154448904071947,45.319502902595296,4.453573476851191
PART-PIER-2,684,Pier/C3D8R,15.5,-15.0,40.0,0.00045824243,0.040758308,-0.011176341,0.00106897,0.0299998,-0.0270122,0.019154448904071947,45.319502902595296,4.453573476851191
PART-PIER-1,485,Pier/C3D8R,-15.5,15.0,40.0,-0.00045824243,-0.040758308,-0.011176341,-0.00106897,-0.0299998,-0.0270122,0.019154448904071947,45.319502902595296,4.453573476851191
PART-PIER-1,684,Pier/C3D8R,15.5,15.0,40.0,0.00045824243,-0.040758308,-0.011176341,0.00106897,-0.0299998,-0.0270122,0.019154448904071947,45.319502902595296,4.453573476851191
PART-PIER-2,307,Pier/C3D8R,-5.16667,-10.0,40.0,-0.00024322202,0.041325163,-0.016109137,-0.000515743,0.0309523,-0.0321889,0.01913711923559756,43.145715373222,0.6864850503558525
PART-PIER-2,623,Pier/C3D8R,5.16667,-10.0,40.0,0.00024322202,0.041325163,-0.016109137,0.000515743,0.0309523,-0.0321889,0.01913711923559756,43.145715373222,0.6864850503558525
PART-PIER-1,385,Pier/C3D8R,-5.16667,10.0,40.0,-0.00024322202,-0.041325163,-0.016109137,-0.000515743,-0.0309523,-0.0321889,0.01913711923559756,43.145715373222,0.6864850503558525
PART-PIER-1,545,Pier/C3D8R,5.16667,10.0,40.0,0.00024322202,-0.041325163,-0.016109137,0.000515743,-0.0309523,-0.0321889,0.01913711923559756,43.145715373222,0.6864850503558525
PART-FLOOR-1,474,Floor/S4R,-240.0,0.0,0.0,0.0029653166,7.684516e-17,-0.33412308,0.0030094,-4.15846e-15,-0.353259,0.019135970777375118,5.7269965327215155,5.7268795903259635
PART-FLOOR-1,501,Floor/S4R,240.0,0.0,0.0,-0.0029653166,3.995828e-17,-0.33412308,-0.0030094,-3.92955e-15,-0.353259,0.019135970777375118,5.7269965327215155,5.7268795903259635
PART-SUPPORTBEAM-2,95,SupportBeam/B31,-73.33334,10.0,-16.0,-0.008799028,0.0014874679,-0.2571197,-0.00119187,-9.45438e-06,-0.239659,0.019104598232868555,7.425763994926289,6.8458200197362
PART-SUPPORTBEAM-2,230,SupportBeam/B31,73.33334,10.0,-16.0,0.008799028,0.0014874679,-0.2571197,0.00119187,-9.45438e-06,-0.239659,0.019104598232868555,7.425763994926289,6.8458200197362
PART-SUPPORTBEAM-1,95,SupportBeam/B31,-73.33334,-10.0,-16.0,-0.008799028,-0.0014874679,-0.2571197,-0.00119187,9.45438e-06,-0.239659,0.019104598232868555,7.425763994926289,6.8458200197362
PART-SUPPORTBEAM-1,230,SupportBeam/B31,73.33334,-10.0,-16.0,0.008799028,-0.0014874679,-0.2571197,0.00119187,9.45438e-06,-0.239659,0.019104598232868555,7.425763994926289,6.8458200197362
PART-PIER-2,42,Pier/C3D8R,-15.5,-10.0,40.0,-0.00075312756,0.04090348,-0.015976006,-0.00156308,0.0303616,-0.0318756,0.019094091920128013,43.475517003191555,0.29582548251919577
PART-PIER-2,251,Pier/C3D8R,15.5,-10.0,40.0,0.00075312756,0.04090348,-0.015976006,0.00156308,0.0303616,-0.0318756,0.019094091920128013,43.475517003191555,0.29582548251919577
PART-PIER-1,124,Pier/C3D8R,-15.5,10.0,40.0,-0.00075312756,-0.04090348,-0.015976006,-0.00156308,-0.0303616,-0.0318756,0.019094091920128013,43.475517003191555,0.29582548251919577
PART-PIER-1,208,Pier/C3D8R,15.5,10.0,40.0,0.00075312756,-0.04090348,-0.015976006,0.00156308,-0.0303616,-0.0318756,0.019094091920128013,43.475517003191555,0.29582548251919577
PART-PIER-2,384,Pier/C3D8R,-10.5,-20.0,35.0,-0.0001313642,0.036227006,-0.006228235,-0.000493269,0.0251205,-0.0214578,0.018852721307586445,51.28774036334753,10.113358454971078
PART-PIER-2,544,Pier/C3D8R,10.5,-20.0,35.0,0.0001313642,0.036227006,-0.006228235,0.000493269,0.0251205,-0.0214578,0.018852721307586445,51.28774036334753,10.113358454971078
PART-PIER-1,306,Pier/C3D8R,-10.5,20.0,35.0,-0.0001313642,-0.036227006,-0.006228235,-0.000493269,-0.0251205,-0.0214578,0.018852721307586445,51.28774036334753,10.113358454971078
PART-PIER-1,622,Pier/C3D8R,10.5,20.0,35.0,0.0001313642,-0.036227006,-0.006228235,0.000493269,-0.0251205,-0.0214578,0.018852721307586445,51.28774036334753,10.113358454971078
PART-PIER-2,158,Pier/C3D8R,0.0,-20.0,35.0,-9.589343e-16,0.03642965,-0.0062824204,-8.38352e-14,0.0255903,-0.0216792,0.01882956001805343,50.93558965539683,9.274640552552704
PART-PIER-1,86,Pier/C3D8R,0.0,20.0,35.0,-6.0550154e-15,-0.03642965,-0.0062824204,-7.22607e-14,-0.0255903,-0.0216792,0.01882956001805343,50.93558965539683,9.274640552552704
PART-PIER-2,738,Pier/C3D8R,-5.25,-15.0,35.0,-0.00015508242,0.036490206,-0.01073893,-0.000376237,0.0256599,-0.0260885,0.01878706301119978,49.390345549926856,3.793824431798247
PART-PIER-2,816,Pier/C3D8R,5.25,-15.0,35.0,0.00015508242,0.036490206,-0.01073893,0.000376237,0.0256599,-0.0260885,0.01878706301119978,49.390345549926856,3.793824431798247
PART-PIER-1,738,Pier/C3D8R,-5.25,15.0,35.0,-0.00015508242,-0.036490206,-0.01073893,-0.000376237,-0.0256599,-0.0260885,0.01878706301119978,49.390345549926856,3.793824431798247
PART-PIER-1,816,Pier/C3D8R,5.25,15.0,35.0,0.00015508242,-0.036490206,-0.01073893,0.000376237,-0.0256599,-0.0260885,0.01878706301119978,49.390345549926856,3.793824431798247
PART-PIER-2,383,Pier/C3D8R,-5.25,-20.0,35.0,-6.638721e-05,0.036381934,-0.006254254,-0.000242934,0.0254567,-0.0215345,0.018785042574993843,50.88639242878736,9.674557991746818
PART-PIER-2,543,Pier/C3D8R,5.25,-20.0,35.0,6.638721e-05,0.036381934,-0.006254254,0.000242934,0.0254567,-0.0215345,0.018785042574993843,50.88639242878736,9.674557991746818
PART-PIER-1,305,Pier/C3D8R,-5.25,20.0,35.0,-6.638721e-05,-0.036381934,-0.006254254,-0.000242934,-0.0254567,-0.0215345,0.018785042574993843,50.88639242878736,9.674557991746818
PART-PIER-1,621,Pier/C3D8R,5.25,20.0,35.0,6.638721e-05,-0.036381934,-0.006254254,0.000242934,-0.0254567,-0.0215345,0.018785042574993843,50.88639242878736,9.674557991746818
PART-PIER-2,484,Pier/C3D8R,-15.75,-15.0,35.0,-0.00047446793,0.03606922,-0.0106308665,-0.00111031,0.0250394,-0.0257927,0.018760128449776245,49.88568350270232,4.364767990853211
PART-PIER-2,683,Pier/C3D8R,15.75,-15.0,35.0,0.00047446793,0.03606922,-0.0106308665,0.00111031,0.0250394,-0.0257927,0.018760128449776245,49.88568350270232,4.364767990853211
PART-PIER-1,484,Pier/C3D8R,-15.75,15.0,35.0,-0.00047446793,-0.03606922,-0.0106308665,-0.00111031,-0.0250394,-0.0257927,0.018760128449776245,49.88568350270232,4.364767990853211
PART-PIER-1,683,Pier/C3D8R,15.75,15.0,35.0,0.00047446793,-0.03606922,-0.0106308665,0.00111031,-0.0250394,-0.0257927,0.018760128449776245,49.88568350270232,4.364767990853211
PART-PIER-2,125,Pier/C3D8R,-15.75,-20.0,35.0,-0.00018918312,0.036005612,-0.006158441,-0.000750186,0.0249836,-0.0213287,0.01875996350973512,51.35638663451175,10.049150194268917
PART-PIER-2,207,Pier/C3D8R,15.75,-20.0,35.0,0.00018918312,0.036005612,-0.006158441,0.000750186,0.0249836,-0.0213287,0.01875996350973512,51.35638663451175,10.049150194268917
PART-PIER-1,41,Pier/C3D8R,-15.75,20.0,35.0,-0.00018918312,-0.036005612,-0.006158441,-0.000750186,-0.0249836,-0.0213287,0.01875996350973512,51.35638663451175,10.049150194268917
PART-PIER-1,252,Pier/C3D8R,15.75,20.0,35.0,0.00018918312,-0.036005612,-0.006158441,0.000750186,-0.0249836,-0.0213287,0.01875996350973512,51.35638663451175,10.049150194268917
PART-PIER-2,305,Pier/C3D8R,-5.25,-10.0,35.0,-0.00025523303,0.03668692,-0.015213788,-0.000454904,0.0260112,-0.0306054,0.018732660942140725,47.165130424244865,1.1354373037275398
PART-PIER-2,621,Pier/C3D8R,5.25,-10.0,35.0,0.00025523303,0.03668692,-0.015213788,0.000454904,0.0260112,-0.0306054,0.018732660942140725,47.165130424244865,1.1354373037275398
PART-PIER-1,383,Pier/C3D8R,-5.25,10.0,35.0,-0.00025523303,-0.03668692,-0.015213788,-0.000454904,-0.0260112,-0.0306054,0.018732660942140725,47.165130424244865,1.1354373037275398
PART-PIER-1,543,Pier/C3D8R,5.25,10.0,35.0,0.00025523303,-0.03668692,-0.015213788,0.000454904,-0.0260112,-0.0306054,0.018732660942140725,47.165130424244865,1.1354373037275398
PART-PIER-2,41,Pier/C3D8R,-15.75,-10.0,35.0,-0.00074861484,0.036312673,-0.015080765,-0.00137681,0.025523,-0.0303454,0.018703495777239117,47.559115221870066,0.8871265951931705
PART-PIER-2,252,Pier/C3D8R,15.75,-10.0,35.0,0.00074861484,0.036312673,-0.015080765,0.00137681,0.025523,-0.0303454,0.018703495777239117,47.559115221870066,0.8871265951931705
PART-PIER-1,125,Pier/C3D8R,-15.75,10.0,35.0,-0.00074861484,-0.036312673,-0.015080765,-0.00137681,-0.025523,-0.0303454,0.018703495777239117,47.559115221870066,0.8871265951931705
PART-PIER-1,207,Pier/C3D8R,15.75,10.0,35.0,0.00074861484,-0.036312673,-0.015080765,0.00137681,-0.025523,-0.0303454,0.018703495777239117,47.559115221870066,0.8871265951931705
PART-PIER-2,445,Pier/C3D8R,0.0,-15.0,35.0,-8.700146e-17,0.036521655,-0.010798302,-4.59416e-14,0.0256809,-0.0260312,0.018696607993120812,49.0923413447773,3.9852260519557676
PART-PIER-1,445,Pier/C3D8R,0.0,15.0,35.0,-6.4224317e-15,-0.036521655,-0.010798302,-3.4554e-14,-0.0256809,-0.0260312,0.018696607993120812,49.0923413447773,3.9852260519557676
PART-PIER-2,739,Pier/C3D8R,-10.5,-15.0,35.0,-0.000321417,0.03632573,-0.010741727,-0.0007185,0.0256167,-0.0259836,0.018632114506891534,49.18459869560209,3.6616112980316964
PART-PIER-2,817,Pier/C3D8R,10.5,-15.0,35.0,0.000321417,0.03632573,-0.010741727,0.0007185,0.0256167,-0.0259836,0.018632114506891534,49.18459869560209,3.6616112980316964
PART-PIER-1,739,Pier/C3D8R,-10.5,15.0,35.0,-0.000321417,-0.03632573,-0.010741727,-0.0007185,-0.0256167,-0.0259836,0.018632114506891534,49.18459869560209,3.6616112980316964
PART-PIER-1,817,Pier/C3D8R,10.5,15.0,35.0,0.000321417,-0.03632573,-0.010741727,0.0007185,-0.0256167,-0.0259836,0.018632114506891534,49.18459869560209,3.6616112980316964
PART-PIER-2,306,Pier/C3D8R,-10.5,-10.0,35.0,-0.0005142001,0.036539104,-0.015240015,-0.00111905,0.026019,-0.0304335,0.018490008599715984,46.69985443009481,1.1672532092316898
PART-PIER-2,622,Pier/C3D8R,10.5,-10.0,35.0,0.0005142001,0.036539104,-0.015240015,0.00111905,0.026019,-0.0304335,0.018490008599715984,46.69985443009481,1.1672532092316898
PART-PIER-1,384,Pier/C3D8R,-10.5,10.0,35.0,-0.0005142001,-0.036539104,-0.015240015,-0.00111905,-0.026019,-0.0304335,0.018490008599715984,46.69985443009481,1.1672532092316898
PART-PIER-1,544,Pier/C3D8R,10.5,10.0,35.0,0.0005142001,-0.036539104,-0.015240015,0.00111905,-0.026019,-0.0304335,0.018490008599715984,46.69985443009481,1.1672532092316898
PART-PIER-2,86,Pier/C3D8R,0.0,-10.0,35.0,9.427192e-16,0.036741085,-0.015302422,-7.41439e-15,0.026519,-0.0306459,0.01843673883537186,46.32300461528118,1.82533785809381
PART-PIER-1,158,Pier/C3D8R,0.0,10.0,35.0,-7.0539396e-15,-0.036741085,-0.015302422,3.4177e-15,-0.026519,-0.0306459,0.01843673883537186,46.32300461528118,1.82533785809381
PART-PIER-2,381,Pier/C3D8R,-5.33333,-20.0,30.0,-7.078967e-05,0.032023672,-0.006052378,-0.000259572,0.0210562,-0.0208138,0.01839077650076223,56.429572449346324,9.151319394162122
PART-PIER-2,541,Pier/C3D8R,5.33333,-20.0,30.0,7.078967e-05,0.032023672,-0.006052378,0.000259572,0.0210562,-0.0208138,0.01839077650076223,56.429572449346324,9.151319394162122
PART-PIER-1,303,Pier/C3D8R,-5.33333,20.0,30.0,-7.078967e-05,-0.032023672,-0.006052378,-0.000259572,-0.0210562,-0.0208138,0.01839077650076223,56.429572449346324,9.151319394162122
PART-PIER-1,619,Pier/C3D8R,5.33333,20.0,30.0,7.078967e-05,-0.032023672,-0.006052378,0.000259572,-0.0210562,-0.0208138,0.01839077650076223,56.429572449346324,9.151319394162122
PART-PIER-2,126,Pier/C3D8R,-16.0,-20.0,30.0,-0.00022276667,0.031600516,-0.0059594833,-0.000753477,0.0204151,-0.0205196,0.018368238425745777,57.11814936107006,9.960776357879858
PART-PIER-2,206,Pier/C3D8R,16.0,-20.0,30.0,0.00022276667,0.031600516,-0.0059594833,0.000753477,0.0204151,-0.0205196,0.018368238425745777,57.11814936107006,9.960776357879858
PART-PIER-1,40,Pier/C3D8R,-16.0,20.0,30.0,-0.00022276667,-0.031600516,-0.0059594833,-0.000753477,-0.0204151,-0.0205196,0.018368238425745777,57.11814936107006,9.960776357879858
PART-PIER-1,253,Pier/C3D8R,16.0,20.0,30.0,0.00022276667,-0.031600516,-0.0059594833,0.000753477,-0.0204151,-0.0205196,0.018368238425745777,57.11814936107006,9.960776357879858
PART-SUPPORTBEAM-2,76,SupportBeam/B31,-106.66666,10.0,-4.0,0.0076310523,0.0004625025,-0.23611602,0.00883503,0.000211994,-0.254384,0.01830932576833645,7.750315259378563,7.745399269821871
PART-SUPPORTBEAM-2,265,SupportBeam/B31,106.66666,10.0,-4.0,-0.0076310523,0.0004625025,-0.23611602,-0.00883503,0.000211994,-0.254384,0.01830932576833645,7.750315259378563,7.745399269821871
PART-SUPPORTBEAM-1,76,SupportBeam/B31,-106.66666,-10.0,-4.0,0.0076310523,-0.0004625025,-0.23611602,0.00883503,-0.000211994,-0.254384,0.01830932576833645,7.750315259378563,7.745399269821871
PART-SUPPORTBEAM-1,265,SupportBeam/B31,106.66666,-10.0,-4.0,-0.0076310523,-0.0004625025,-0.23611602,-0.00883503,-0.000211994,-0.254384,0.01830932576833645,7.750315259378563,7.745399269821871
PART-PIER-2,157,Pier/C3D8R,0.0,-20.0,30.0,-8.44577e-16,0.032076158,-0.006052724,-7.60187e-14,0.021093,-0.0206933,0.01830235572992559,56.06955777234719,9.477002618831484
PART-PIER-1,87,Pier/C3D8R,0.0,20.0,30.0,-5.2497264e-15,-0.032076158,-0.006052724,-6.58607e-14,-0.021093,-0.0206933,0.01830235572992559,56.06955777234719,9.477002618831484
PART-PIER-2,382,Pier/C3D8R,-10.66667,-20.0,30.0,-0.0001403314,0.03187608,-0.0059977695,-0.000501243,0.0210041,-0.0206375,0.018238747638367192,56.23039921222066,9.20366811272047
PART-PIER-2,542,Pier/C3D8R,10.66667,-20.0,30.0,0.0001403314,0.03187608,-0.0059977695,0.000501243,0.0210041,-0.0206375,0.018238747638367192,56.23039921222066,9.20366811272047
PART-PIER-1,304,Pier/C3D8R,-10.66667,20.0,30.0,-0.0001403314,-0.03187608,-0.0059977695,-0.000501243,-0.0210041,-0.0206375,0.018238747638367192,56.23039921222066,9.20366811272047
PART-PIER-1,620,Pier/C3D8R,10.66667,20.0,30.0,0.0001403314,-0.03187608,-0.0059977695,0.000501243,-0.0210041,-0.0206375,0.018238747638367192,56.23039921222066,9.20366811272047
PART-PIER-2,737,Pier/C3D8R,-10.66667,-15.0,30.0,-0.00032930827,0.032000784,-0.010176772,-0.00081118,0.0210771,-0.0247616,0.01822844700696176,54.28102081332522,3.138949922635738
PART-PIER-2,815,Pier/C3D8R,10.66667,-15.0,30.0,0.00032930827,0.032000784,-0.010176772,0.00081118,0.0210771,-0.0247616,0.01822844700696176,54.28102081332522,3.138949922635738
PART-PIER-1,737,Pier/C3D8R,-10.66667,15.0,30.0,-0.00032930827,-0.032000784,-0.010176772,-0.00081118,-0.0210771,-0.0247616,0.01822844700696176,54.28102081332522,3.138949922635738
PART-PIER-1,815,Pier/C3D8R,10.66667,15.0,30.0,0.00032930827,-0.032000784,-0.010176772,0.00081118,-0.0210771,-0.0247616,0.01822844700696176,54.28102081332522,3.138949922635738
PART-PIER-2,87,Pier/C3D8R,0.0,-10.0,30.0,9.483159e-16,0.032388814,-0.01442407,-5.68789e-15,0.0215083,-0.0290333,0.01821579496198549,51.37656974724565,1.9088685062424016
PART-PIER-1,157,Pier/C3D8R,0.0,10.0,30.0,-6.2677694e-15,-0.032388814,-0.01442407,4.13641e-15,-0.0215083,-0.0290333,0.01821579496198549,51.37656974724565,1.9088685062424016
PART-FLOOR-1,70,Floor/S4R,85.0,10.0,0.0,-0.00614077,0.00024061117,-0.3983875,-0.00456858,0.000156967,-0.416483,0.018163862419465594,4.558803096462681,4.536045754825305
PART-FLOOR-1,86,Floor/S4R,85.0,-10.0,0.0,-0.00614077,-0.00024061117,-0.3983875,-0.00456858,-0.000156967,-0.416483,0.018163862419465594,4.558803096462681,4.536045754825305
PART-FLOOR-1,137,Floor/S4R,-85.0,10.0,0.0,0.00614077,0.00024061117,-0.3983875,0.00456858,0.000156967,-0.416483,0.018163862419465594,4.558803096462681,4.536045754825305
PART-FLOOR-1,145,Floor/S4R,-85.0,-10.0,0.0,0.00614077,-0.00024061117,-0.3983875,0.00456858,-0.000156967,-0.416483,0.018163862419465594,4.558803096462681,4.536045754825305
PART-PIER-2,444,Pier/C3D8R,0.0,-15.0,30.0,-8.758835e-17,0.032204945,-0.01023599,-4.06933e-14,0.0216009,-0.0249757,0.01815777577915657,53.733131566922424,2.283178487153577
PART-PIER-1,444,Pier/C3D8R,0.0,15.0,30.0,-5.86891e-15,-0.032204945,-0.01023599,-3.0855e-14,-0.0216009,-0.0249757,0.01815777577915657,53.733131566922424,2.283178487153577
PART-FLOOR-1,473,Floor/S4R,-240.0,-5.0,0.0,0.0029562702,-8.701585e-05,-0.3383207,0.00301923,0.000270746,-0.35647,0.018152934968421297,5.365394841121162,5.364309156417639
PART-FLOOR-1,475,Floor/S4R,-240.0,5.0,0.0,0.0029562702,8.701585e-05,-0.3383207,0.00301923,-0.000270746,-0.35647,0.018152934968421297,5.365394841121162,5.364309156417639
PART-FLOOR-1,500,Floor/S4R,240.0,5.0,0.0,-0.0029562702,8.701585e-05,-0.3383207,-0.00301923,-0.000270746,-0.35647,0.018152934968421297,5.365394841121162,5.364309156417639
PART-FLOOR-1,502,Floor/S4R,240.0,-5.0,0.0,-0.0029562702,-8.701585e-05,-0.3383207,-0.00301923,0.000270746,-0.35647,0.018152934968421297,5.365394841121162,5.364309156417639
PART-PIER-2,151,Pier/C3D8R,0.0,-20.0,0.0,-4.4034122e-16,0.012055557,-0.00435045,-3.79575e-14,0.00264896,-0.0198442,0.018125682226688988,141.4245022295672,56.206525244043625
PART-PIER-1,93,Pier/C3D8R,0.0,20.0,0.0,-2.0402464e-15,-0.012055557,-0.00435045,-3.31733e-14,-0.00264896,-0.0198442,0.018125682226688988,141.4245022295672,56.206525244043625
PART-PIER-2,304,Pier/C3D8R,-10.66667,-10.0,30.0,-0.0005155799,0.032188915,-0.014364849,-0.000899449,0.0215389,-0.0289385,0.018054403298252777,51.21448777434829,2.363125387459739
PART-PIER-2,620,Pier/C3D8R,10.66667,-10.0,30.0,0.0005155799,0.032188915,-0.014364849,0.000899449,0.0215389,-0.0289385,0.018054403298252777,51.21448777434829,2.363125387459739
PART-PIER-1,382,Pier/C3D8R,-10.66667,10.0,30.0,-0.0005155799,-0.032188915,-0.014364849,-0.000899449,-0.0215389,-0.0289385,0.018054403298252777,51.21448777434829,2.363125387459739
PART-PIER-1,542,Pier/C3D8R,10.66667,10.0,30.0,0.0005155799,-0.032188915,-0.014364849,0.000899449,-0.0215389,-0.0289385,0.018054403298252777,51.21448777434829,2.363125387459739
PART-PIER-2,736,Pier/C3D8R,-5.33333,-15.0,30.0,-0.00017086422,0.032139763,-0.010256324,-0.000380132,0.0214793,-0.0248237,0.018052637145400424,53.509892993175335,2.692439672101766
PART-PIER-2,814,Pier/C3D8R,5.33333,-15.0,30.0,0.00017086422,0.032139763,-0.010256324,0.000380132,0.0214793,-0.0248237,0.018052637145400424,53.509892993175335,2.692439672101766
PART-PIER-1,736,Pier/C3D8R,-5.33333,15.0,30.0,-0.00017086422,-0.032139763,-0.010256324,-0.000380132,-0.0214793,-0.0248237,0.018052637145400424,53.509892993175335,2.692439672101766
PART-PIER-1,814,Pier/C3D8R,5.33333,15.0,30.0,0.00017086422,-0.032139763,-0.010256324,0.000380132,-0.0214793,-0.0248237,0.018052637145400424,53.509892993175335,2.692439672101766
PART-PIER-2,483,Pier/C3D8R,-16.0,-15.0,30.0,-0.00050666183,0.031754076,-0.010134427,-0.00117023,0.0210125,-0.0245873,0.018019636945125785,54.05468950469188,2.915515882294569
PART-PIER-2,682,Pier/C3D8R,16.0,-15.0,30.0,0.00050666183,0.031754076,-0.010134427,0.00117023,0.0210125,-0.0245873,0.018019636945125785,54.05468950469188,2.915515882294569
PART-PIER-1,483,Pier/C3D8R,-16.0,15.0,30.0,-0.00050666183,-0.031754076,-0.010134427,-0.00117023,-0.0210125,-0.0245873,0.018019636945125785,54.05468950469188,2.915515882294569
PART-PIER-1,682,Pier/C3D8R,16.0,15.0,30.0,0.00050666183,-0.031754076,-0.010134427,0.00117023,-0.0210125,-0.0245873,0.018019636945125785,54.05468950469188,2.915515882294569
PART-FLOOR-1,285,Floor/S4R,110.0,0.0,0.0,-0.008047986,6.9548274e-15,-0.36492765,-0.00598957,-2.20312e-13,-0.38275,0.017940825955110193,4.9150741702886735,4.8711454476157146
PART-FLOOR-1,402,Floor/S4R,-110.0,0.0,0.0,0.008047986,4.4033283e-15,-0.36492765,0.00598957,-1.94233e-13,-0.38275,0.017940825955110193,4.9150741702886735,4.8711454476157146
PART-PIER-2,380,Pier/C3D8R,-10.83333,-20.0,25.0,-0.00016263236,0.027824963,-0.0057613216,-0.000581087,0.0168685,-0.0198693,0.01786768704368232,62.87979223750758,8.252807890667544
PART-PIER-2,540,Pier/C3D8R,10.83333,-20.0,25.0,0.00016263236,0.027824963,-0.0057613216,0.000581087,0.0168685,-0.0198693,0.01786768704368232,62.87979223750758,8.252807890667544
PART-PIER-1,302,Pier/C3D8R,-10.83333,20.0,25.0,-0.00016263236,-0.027824963,-0.0057613216,-0.000581087,-0.0168685,-0.0198693,0.01786768704368232,62.87979223750758,8.252807890667544
PART-PIER-1,618,Pier/C3D8R,10.83333,20.0,25.0,0.00016263236,-0.027824963,-0.0057613216,0.000581087,-0.0168685,-0.0198693,0.01786768704368232,62.87979223750758,8.252807890667544
PART-PIER-2,156,Pier/C3D8R,0.0,-20.0,25.0,-8.5010964e-16,0.028031396,-0.005820901,-6.84485e-14,0.0173019,-0.0200176,0.017795177630768877,62.15702388288993,7.582219798941914
PART-PIER-1,88,Pier/C3D8R,0.0,20.0,25.0,-4.6547226e-15,-0.028031396,-0.005820901,-5.93701e-14,-0.0173019,-0.0200176,0.017795177630768877,62.15702388288993,7.582219798941914
PART-PIER-2,303,Pier/C3D8R,-5.33333,-10.0,30.0,-0.00026192985,0.032341503,-0.0144640105,-0.000577943,0.0220045,-0.0288932,0.01775260558227699,50.10685655425681,2.521489528203152
PART-PIER-2,619,Pier/C3D8R,5.33333,-10.0,30.0,0.00026192985,0.032341503,-0.0144640105,0.000577943,0.0220045,-0.0288932,0.01775260558227699,50.10685655425681,2.521489528203152
PART-PIER-1,381,Pier/C3D8R,-5.33333,10.0,30.0,-0.00026192985,-0.032341503,-0.0144640105,-0.000577943,-0.0220045,-0.0288932,0.01775260558227699,50.10685655425681,2.521489528203152
PART-PIER-1,541,Pier/C3D8R,5.33333,10.0,30.0,0.00026192985,-0.032341503,-0.0144640105,0.000577943,-0.0220045,-0.0288932,0.01775260558227699,50.10685655425681,2.521489528203152
PART-PIER-2,40,Pier/C3D8R,-16.0,-10.0,30.0,-0.0007990494,0.031918276,-0.014324843,-0.00173322,0.0213606,-0.0285332,0.017726099567313996,50.65393965524321,1.9732715155317864
PART-PIER-2,253,Pier/C3D8R,16.0,-10.0,30.0,0.0007990494,0.031918276,-0.014324843,0.00173322,0.0213606,-0.0285332,0.017726099567313996,50.65393965524321,1.9732715155317864
PART-PIER-1,126,Pier/C3D8R,-16.0,10.0,30.0,-0.0007990494,-0.031918276,-0.014324843,-0.00173322,-0.0213606,-0.0285332,0.017726099567313996,50.65393965524321,1.9732715155317864
PART-PIER-1,206,Pier/C3D8R,16.0,10.0,30.0,0.0007990494,-0.031918276,-0.014324843,0.00173322,-0.0213606,-0.0285332,0.017726099567313996,50.65393965524321,1.9732715155317864
PART-PIER-2,379,Pier/C3D8R,-5.41667,-20.0,25.0,-7.927202e-05,0.027981889,-0.0057956656,-0.000279378,0.017255,-0.01981,0.017649582394396082,61.76386949803289,8.060315010508635
PART-PIER-2,539,Pier/C3D8R,5.41667,-20.0,25.0,7.927202e-05,0.027981889,-0.0057956656,0.000279378,0.017255,-0.01981,0.017649582394396082,61.76386949803289,8.060315010508635
PART-PIER-1,301,Pier/C3D8R,-5.41667,20.0,25.0,-7.927202e-05,-0.027981889,-0.0057956656,-0.000279378,-0.017255,-0.01981,0.017649582394396082,61.76386949803289,8.060315010508635
PART-PIER-1,617,Pier/C3D8R,5.41667,20.0,25.0,7.927202e-05,-0.027981889,-0.0057956656,0.000279378,-0.017255,-0.01981,0.017649582394396082,61.76386949803289,8.060315010508635
PART-PIER-2,127,Pier/C3D8R,-16.25,-20.0,25.0,-0.00023184206,0.027586771,-0.005691104,-0.000846898,0.0167786,-0.0195982,0.017623909138661215,62.56570554576364,8.361459288084077
PART-PIER-2,205,Pier/C3D8R,16.25,-20.0,25.0,0.00023184206,0.027586771,-0.005691104,0.000846898,0.0167786,-0.0195982,0.017623909138661215,62.56570554576364,8.361459288084077
PART-PIER-1,39,Pier/C3D8R,-16.25,20.0,25.0,-0.00023184206,-0.027586771,-0.005691104,-0.000846898,-0.0167786,-0.0195982,0.017623909138661215,62.56570554576364,8.361459288084077
PART-PIER-1,254,Pier/C3D8R,16.25,20.0,25.0,0.00023184206,-0.027586771,-0.005691104,0.000846898,-0.0167786,-0.0195982,0.017623909138661215,62.56570554576364,8.361459288084077
PART-PIER-2,734,Pier/C3D8R,-5.41667,-15.0,25.0,-0.00016961414,0.028097002,-0.009697976,-0.000412471,0.0174411,-0.0236821,0.017583030197762528,59.154157950768415,1.0420239151215467
PART-PIER-2,812,Pier/C3D8R,5.41667,-15.0,25.0,0.00016961414,0.028097002,-0.009697976,0.000412471,0.0174411,-0.0236821,0.017583030197762528,59.154157950768415,1.0420239151215467
PART-PIER-1,734,Pier/C3D8R,-5.41667,15.0,25.0,-0.00016961414,-0.028097002,-0.009697976,-0.000412471,-0.0174411,-0.0236821,0.017583030197762528,59.154157950768415,1.0420239151215467
PART-PIER-1,812,Pier/C3D8R,5.41667,15.0,25.0,0.00016961414,-0.028097002,-0.009697976,0.000412471,-0.0174411,-0.0236821,0.017583030197762528,59.154157950768415,1.0420239151215467
PART-PIER-2,482,Pier/C3D8R,-16.25,-15.0,25.0,-0.0005152236,0.027671577,-0.009578619,-0.00124224,0.0167728,-0.0233431,0.017571933022321674,59.99897641841816,1.7620657392137515
PART-PIER-2,681,Pier/C3D8R,16.25,-15.0,25.0,0.0005152236,0.027671577,-0.009578619,0.00124224,0.0167728,-0.0233431,0.017571933022321674,59.99897641841816,1.7620657392137515
PART-PIER-1,482,Pier/C3D8R,-16.25,15.0,25.0,-0.0005152236,-0.027671577,-0.009578619,-0.00124224,-0.0167728,-0.0233431,0.017571933022321674,59.99897641841816,1.7620657392137515
PART-PIER-1,681,Pier/C3D8R,16.25,15.0,25.0,0.0005152236,-0.027671577,-0.009578619,0.00124224,-0.0167728,-0.0233431,0.017571933022321674,59.99897641841816,1.7620657392137515
PART-PIER-2,443,Pier/C3D8R,0.0,-15.0,25.0,4.6572108e-17,0.028136572,-0.00973879,-3.63409e-14,0.0174504,-0.0236078,0.01750838971446786,58.803640037092165,1.4010004441525394
PART-PIER-1,443,Pier/C3D8R,0.0,15.0,25.0,-5.1248284e-15,-0.028136572,-0.00973879,-2.7503e-14,-0.0174504,-0.0236078,0.01750838971446786,58.803640037092165,1.4010004441525394
PART-PIER-2,301,Pier/C3D8R,-5.41667,-10.0,25.0,-0.00026693058,0.02830863,-0.01358185,-0.000469267,0.0177686,-0.0274087,0.017387206599976276,55.37449284395507,4.039636270113768
PART-PIER-2,617,Pier/C3D8R,5.41667,-10.0,25.0,0.00026693058,0.02830863,-0.01358185,0.000469267,0.0177686,-0.0274087,0.017387206599976276,55.37449284395507,4.039636270113768
PART-PIER-1,379,Pier/C3D8R,-5.41667,10.0,25.0,-0.00026693058,-0.02830863,-0.01358185,-0.000469267,-0.0177686,-0.0274087,0.017387206599976276,55.37449284395507,4.039636270113768
PART-PIER-1,539,Pier/C3D8R,5.41667,10.0,25.0,0.00026693058,-0.02830863,-0.01358185,0.000469267,-0.0177686,-0.0274087,0.017387206599976276,55.37449284395507,4.039636270113768
PART-FLOOR-1,297,Floor/S4R,85.0,0.0,0.0,-0.006159974,7.605693e-15,-0.40280682,-0.00456446,-2.68452e-13,-0.420102,0.017368618717577826,4.311393765100973,4.287628059913116
PART-FLOOR-1,390,Floor/S4R,-85.0,0.0,0.0,0.006159974,4.9106015e-15,-0.40280682,0.00456446,-2.42282e-13,-0.420102,0.017368618717577826,4.311393765100973,4.287628059913116
PART-PIER-2,735,Pier/C3D8R,-10.83333,-15.0,25.0,-0.00035306855,0.027932886,-0.009677967,-0.000771856,0.0174645,-0.0234678,0.017318255759202844,58.57874048173256,1.017243691649283
PART-PIER-2,813,Pier/C3D8R,10.83333,-15.0,25.0,0.00035306855,0.027932886,-0.009677967,0.000771856,0.0174645,-0.0234678,0.017318255759202844,58.57874048173256,1.017243691649283
PART-PIER-1,735,Pier/C3D8R,-10.83333,15.0,25.0,-0.00035306855,-0.027932886,-0.009677967,-0.000771856,-0.0174645,-0.0234678,0.017318255759202844,58.57874048173256,1.017243691649283
PART-PIER-1,813,Pier/C3D8R,10.83333,15.0,25.0,0.00035306855,-0.027932886,-0.009677967,0.000771856,-0.0174645,-0.0234678,0.017318255759202844,58.57874048173256,1.017243691649283
PART-PIER-2,39,Pier/C3D8R,-16.25,-10.0,25.0,-0.00079187384,0.027913177,-0.013438364,-0.00138633,0.0173459,-0.0271324,0.01730743606922143,55.84897673884187,4.012093857562599
PART-PIER-2,254,Pier/C3D8R,16.25,-10.0,25.0,0.00079187384,0.027913177,-0.013438364,0.00138633,0.0173459,-0.0271324,0.01730743606922143,55.84897673884187,4.012093857562599
PART-PIER-1,127,Pier/C3D8R,-16.25,10.0,25.0,-0.00079187384,-0.027913177,-0.013438364,-0.00138633,-0.0173459,-0.0271324,0.01730743606922143,55.84897673884187,4.012093857562599
PART-PIER-1,205,Pier/C3D8R,16.25,10.0,25.0,0.00079187384,-0.027913177,-0.013438364,0.00138633,-0.0173459,-0.0271324,0.01730743606922143,55.84897673884187,4.012093857562599
PART-PIER-2,377,Pier/C3D8R,-5.5,-20.0,20.0,-8.756832e-05,0.024213294,-0.0055541988,-0.000286346,0.0136228,-0.0191888,0.017265585006397657,69.50072094249266,5.264446045315292
PART-PIER-2,537,Pier/C3D8R,5.5,-20.0,20.0,8.756832e-05,0.024213294,-0.0055541988,0.000286346,0.0136228,-0.0191888,0.017265585006397657,69.50072094249266,5.264446045315292
PART-PIER-1,299,Pier/C3D8R,-5.5,20.0,20.0,-8.756832e-05,-0.024213294,-0.0055541988,-0.000286346,-0.0136228,-0.0191888,0.017265585006397657,69.50072094249266,5.264446045315292
PART-PIER-1,615,Pier/C3D8R,5.5,20.0,20.0,8.756832e-05,-0.024213294,-0.0055541988,0.000286346,-0.0136228,-0.0191888,0.017265585006397657,69.50072094249266,5.264446045315292
PART-PIER-2,128,Pier/C3D8R,-16.5,-20.0,20.0,-0.0002696308,0.023784135,-0.005449381,-0.000912988,0.0130014,-0.0188952,0.017247357222130524,70.68033849090615,5.932509854992815
PART-PIER-2,204,Pier/C3D8R,16.5,-20.0,20.0,0.0002696308,0.023784135,-0.005449381,0.000912988,0.0130014,-0.0188952,0.017247357222130524,70.68033849090615,5.932509854992815
PART-PIER-1,38,Pier/C3D8R,-16.5,20.0,20.0,-0.0002696308,-0.023784135,-0.005449381,-0.000912988,-0.0130014,-0.0188952,0.017247357222130524,70.68033849090615,5.932509854992815
PART-PIER-1,255,Pier/C3D8R,16.5,20.0,20.0,0.0002696308,-0.023784135,-0.005449381,0.000912988,-0.0130014,-0.0188952,0.017247357222130524,70.68033849090615,5.932509854992815
PART-FLOOR-1,54,Floor/S4R,110.0,10.0,0.0,-0.00804837,0.00014333299,-0.3456851,-0.00598011,0.000178958,-0.362786,0.017225555125421548,4.981668814673657,4.932783135758887
PART-FLOOR-1,60,Floor/S4R,110.0,-10.0,0.0,-0.00804837,-0.00014333299,-0.3456851,-0.00598011,-0.000178958,-0.362786,0.017225555125421548,4.981668814673657,4.932783135758887
PART-FLOOR-1,153,Floor/S4R,-110.0,10.0,0.0,0.00804837,0.00014333299,-0.3456851,0.00598011,0.000178958,-0.362786,0.017225555125421548,4.981668814673657,4.932783135758887
PART-FLOOR-1,171,Floor/S4R,-110.0,-10.0,0.0,0.00804837,-0.00014333299,-0.3456851,0.00598011,-0.000178958,-0.362786,0.017225555125421548,4.981668814673657,4.932783135758887
PART-PIER-2,155,Pier/C3D8R,0.0,-20.0,20.0,-7.0180687e-16,0.024266805,-0.0055624167,-6.17286e-14,0.0137934,-0.0190864,0.017105272187039406,68.7064944426067,5.411663519973167
PART-PIER-1,89,Pier/C3D8R,0.0,20.0,20.0,-4.0146943e-15,-0.024266805,-0.0055624167,-5.37616e-14,-0.0137934,-0.0190864,0.017105272187039406,68.7064944426067,5.411663519973167
PART-PIER-2,89,Pier/C3D8R,0.0,-10.0,20.0,8.241043e-16,0.024597123,-0.012775933,-2.33663e-15,0.0138487,-0.0260565,0.017085141404987493,61.64094571778984,6.461331107674723
PART-PIER-1,155,Pier/C3D8R,0.0,10.0,20.0,-4.954139e-15,-0.024597123,-0.012775933,5.30571e-15,-0.0138487,-0.0260565,0.017085141404987493,61.64094571778984,6.461331107674723
PART-PIER-2,302,Pier/C3D8R,-10.83333,-10.0,25.0,-0.000545843,0.028155524,-0.013571721,-0.00123913,0.0178615,-0.0270314,0.016959084166309986,54.250723719337465,3.719230744624305
PART-PIER-2,618,Pier/C3D8R,10.83333,-10.0,25.0,0.000545843,0.028155524,-0.013571721,0.00123913,0.0178615,-0.0270314,0.016959084166309986,54.250723719337465,3.719230744624305
PART-PIER-1,380,Pier/C3D8R,-10.83333,10.0,25.0,-0.000545843,-0.028155524,-0.013571721,-0.00123913,-0.0178615,-0.0270314,0.016959084166309986,54.250723719337465,3.719230744624305
PART-PIER-1,540,Pier/C3D8R,10.83333,10.0,25.0,0.000545843,-0.028155524,-0.013571721,0.00123913,-0.0178615,-0.0270314,0.016959084166309986,54.250723719337465,3.719230744624305
PART-PIER-2,733,Pier/C3D8R,-11.0,-15.0,20.0,-0.00035759096,0.024195923,-0.009096483,-0.000900555,0.0136398,-0.0222891,0.01690478293408558,65.39107635095233,1.1413378402295848
PART-PIER-2,811,Pier/C3D8R,11.0,-15.0,20.0,0.00035759096,0.024195923,-0.009096483,0.000900555,0.0136398,-0.0222891,0.01690478293408558,65.39107635095233,1.1413378402295848
PART-PIER-1,733,Pier/C3D8R,-11.0,15.0,20.0,-0.00035759096,-0.024195923,-0.009096483,-0.000900555,-0.0136398,-0.0222891,0.01690478293408558,65.39107635095233,1.1413378402295848
PART-PIER-1,811,Pier/C3D8R,11.0,15.0,20.0,0.00035759096,-0.024195923,-0.009096483,0.000900555,-0.0136398,-0.0222891,0.01690478293408558,65.39107635095233,1.1413378402295848
PART-PIER-2,378,Pier/C3D8R,-11.0,-20.0,20.0,-0.00016901683,0.02405944,-0.005502424,-0.000555551,0.0136084,-0.0187777,0.016899899367225645,68.47274773039274,6.0136438153341425
PART-PIER-2,538,Pier/C3D8R,11.0,-20.0,20.0,0.00016901683,0.02405944,-0.005502424,0.000555551,0.0136084,-0.0187777,0.016899899367225645,68.47274773039274,6.0136438153341425
PART-PIER-1,300,Pier/C3D8R,-11.0,20.0,20.0,-0.00016901683,-0.02405944,-0.005502424,-0.000555551,-0.0136084,-0.0187777,0.016899899367225645,68.47274773039274,6.0136438153341425
PART-PIER-1,616,Pier/C3D8R,11.0,20.0,20.0,0.00016901683,-0.02405944,-0.005502424,0.000555551,-0.0136084,-0.0187777,0.016899899367225645,68.47274773039274,6.0136438153341425
PART-PIER-2,88,Pier/C3D8R,0.0,-10.0,25.0,8.066258e-16,0.028362138,-0.013637816,-3.09744e-15,0.018569,-0.0271594,0.016695472013576015,53.05095293357679,4.5433850313834885
PART-PIER-1,156,Pier/C3D8R,0.0,10.0,25.0,-5.6038446e-15,-0.028362138,-0.013637816,5.24414e-15,-0.018569,-0.0271594,0.016695472013576015,53.05095293357679,4.5433850313834885
PART-SUPPORTBEAM-2,137,SupportBeam/B31,-100.0,10.0,-15.0,-0.001253242,0.0013726411,-0.23543544,0.00989177,0.000191896,-0.247735,0.016639850590222206,7.067471261344129,5.3047718707915
PART-SUPPORTBEAM-2,241,SupportBeam/B31,100.0,10.0,-15.0,0.001253242,0.0013726411,-0.23543544,-0.00989177,0.000191896,-0.247735,0.016639850590222206,7.067471261344129,5.3047718707915
PART-SUPPORTBEAM-1,137,SupportBeam/B31,-100.0,-10.0,-15.0,-0.001253242,-0.0013726411,-0.23543544,0.00989177,-0.000191896,-0.247735,0.016639850590222206,7.067471261344129,5.3047718707915
PART-SUPPORTBEAM-1,241,SupportBeam/B31,100.0,-10.0,-15.0,0.001253242,-0.0013726411,-0.23543544,-0.00989177,-0.000191896,-0.247735,0.016639850590222206,7.067471261344129,5.3047718707915
PART-PIER-2,376,Pier/C3D8R,-11.16667,-20.0,15.0,-0.00019484093,0.020593435,-0.005213673,-0.000689645,0.0102741,-0.0182413,0.016626862938060278,78.2659533480503,1.3981939887146415
PART-PIER-2,536,Pier/C3D8R,11.16667,-20.0,15.0,0.00019484093,0.020593435,-0.005213673,0.000689645,0.0102741,-0.0182413,0.016626862938060278,78.2659533480503,1.3981939887146415
PART-PIER-1,298,Pier/C3D8R,-11.16667,20.0,15.0,-0.00019484093,-0.020593435,-0.005213673,-0.000689645,-0.0102741,-0.0182413,0.016626862938060278,78.2659533480503,1.3981939887146415
PART-PIER-1,614,Pier/C3D8R,11.16667,20.0,15.0,0.00019484093,-0.020593435,-0.005213673,0.000689645,-0.0102741,-0.0182413,0.016626862938060278,78.2659533480503,1.3981939887146415
PART-PIER-2,292,Pier/C3D8R,-11.66667,-10.0,0.0,-0.0006051582,0.012225178,-0.009260981,-0.00228569,0.00174386,-0.0220186,0.016596356729628833,108.12774220857742,44.672139672995435
PART-PIER-2,608,Pier/C3D8R,11.66667,-10.0,0.0,0.0006051582,0.012225178,-0.009260981,0.00228569,0.00174386,-0.0220186,0.016596356729628833,108.12774220857742,44.672139672995435
PART-PIER-1,370,Pier/C3D8R,-11.66667,10.0,0.0,-0.0006051582,-0.012225178,-0.009260981,-0.00228569,-0.00174386,-0.0220186,0.016596356729628833,108.12774220857742,44.672139672995435
PART-PIER-1,530,Pier/C3D8R,11.66667,10.0,0.0,0.0006051582,-0.012225178,-0.009260981,0.00228569,-0.00174386,-0.0220186,0.016596356729628833,108.12774220857742,44.672139672995435
PART-PIER-2,442,Pier/C3D8R,0.0,-15.0,20.0,-5.2428494e-18,0.024404764,-0.009160777,-3.12483e-14,0.01426,-0.0222908,0.01659258089015163,63.652471218259166,1.512813581613761
PART-PIER-1,442,Pier/C3D8R,0.0,15.0,20.0,-4.5545372e-15,-0.024404764,-0.009160777,-2.38155e-14,-0.01426,-0.0222908,0.01659258089015163,63.652471218259166,1.512813581613761
PART-PIER-2,732,Pier/C3D8R,-5.5,-15.0,20.0,-0.00018574978,0.024343563,-0.009161227,-0.000425442,0.0141197,-0.0222085,0.01657758003267143,63.7329817879995,1.1896015439493801
PART-PIER-2,810,Pier/C3D8R,5.5,-15.0,20.0,0.00018574978,0.024343563,-0.009161227,0.000425442,0.0141197,-0.0222085,0.01657758003267143,63.7329817879995,1.1896015439493801
PART-PIER-1,732,Pier/C3D8R,-5.5,15.0,20.0,-0.00018574978,-0.024343563,-0.009161227,-0.000425442,-0.0141197,-0.0222085,0.01657758003267143,63.7329817879995,1.1896015439493801
PART-PIER-1,810,Pier/C3D8R,5.5,15.0,20.0,0.00018574978,-0.024343563,-0.009161227,0.000425442,-0.0141197,-0.0222085,0.01657758003267143,63.7329817879995,1.1896015439493801
PART-PIER-2,300,Pier/C3D8R,-11.0,-10.0,20.0,-0.00054386345,0.024390437,-0.01271057,-0.000906593,0.0141732,-0.0256833,0.016517119249236902,60.042493871602154,6.686646539914472
PART-PIER-2,616,Pier/C3D8R,11.0,-10.0,20.0,0.00054386345,0.024390437,-0.01271057,0.000906593,0.0141732,-0.0256833,0.016517119249236902,60.042493871602154,6.686646539914472
PART-PIER-1,378,Pier/C3D8R,-11.0,10.0,20.0,-0.00054386345,-0.024390437,-0.01271057,-0.000906593,-0.0141732,-0.0256833,0.016517119249236902,60.042493871602154,6.686646539914472
PART-PIER-1,538,Pier/C3D8R,11.0,10.0,20.0,0.00054386345,-0.024390437,-0.01271057,0.000906593,-0.0141732,-0.0256833,0.016517119249236902,60.042493871602154,6.686646539914472
PART-PIER-2,724,Pier/C3D8R,-5.83333,-15.0,0.0,-0.00021746369,0.012168562,-0.0068027806,-0.00110151,0.00255868,-0.0201896,0.016502675649129293,118.36064777692911,46.175914971874136
PART-PIER-2,802,Pier/C3D8R,5.83333,-15.0,0.0,0.00021746369,0.012168562,-0.0068027806,0.00110151,0.00255868,-0.0201896,0.016502675649129293,118.36064777692911,46.175914971874136
PART-PIER-1,724,Pier/C3D8R,-5.83333,15.0,0.0,-0.00021746369,-0.012168562,-0.0068027806,-0.00110151,-0.00255868,-0.0201896,0.016502675649129293,118.36064777692911,46.175914971874136
PART-PIER-1,802,Pier/C3D8R,5.83333,15.0,0.0,0.00021746369,-0.012168562,-0.0068027806,0.00110151,-0.00255868,-0.0201896,0.016502675649129293,118.36064777692911,46.175914971874136
PART-PIER-2,481,Pier/C3D8R,-16.5,-15.0,20.0,-0.00055381155,0.023939446,-0.009031435,-0.0012252,0.0136972,-0.0219193,0.016475783132632402,64.37765656427534,1.1083743651390654
PART-PIER-2,680,Pier/C3D8R,16.5,-15.0,20.0,0.00055381155,0.023939446,-0.009031435,0.0012252,0.0136972,-0.0219193,0.016475783132632402,64.37765656427534,1.1083743651390654
PART-PIER-1,481,Pier/C3D8R,-16.5,15.0,20.0,-0.00055381155,-0.023939446,-0.009031435,-0.0012252,-0.0136972,-0.0219193,0.016475783132632402,64.37765656427534,1.1083743651390654
PART-PIER-1,680,Pier/C3D8R,16.5,15.0,20.0,0.00055381155,-0.023939446,-0.009031435,0.0012252,-0.0136972,-0.0219193,0.016475783132632402,64.37765656427534,1.1083743651390654
PART-PIER-2,154,Pier/C3D8R,0.0,-20.0,15.0,-6.675282e-16,0.020804655,-0.0052780006,-5.43072e-14,0.0105597,-0.0179202,0.016272194339467107,75.81258013239226,3.09216136775881
PART-PIER-1,90,Pier/C3D8R,0.0,20.0,15.0,-3.4956349e-15,-0.020804655,-0.0052780006,-4.75577e-14,-0.0105597,-0.0179202,0.016272194339467107,75.81258013239226,3.09216136775881
PART-PIER-2,441,Pier/C3D8R,0.0,-15.0,15.0,4.7872065e-17,0.020919057,-0.008622583,-2.78572e-14,0.0108099,-0.0213268,0.016235522314780575,71.75464097759001,5.67265936842682
PART-PIER-1,441,Pier/C3D8R,0.0,15.0,15.0,-3.890248e-15,-0.020919057,-0.008622583,-2.11314e-14,-0.0108099,-0.0213268,0.016235522314780575,71.75464097759001,5.67265936842682
PART-PIER-2,91,Pier/C3D8R,0.0,-10.0,10.0,7.44497e-16,0.017958155,-0.011083102,4.58919e-16,0.00755319,-0.0235164,0.016212655421245125,76.82683490263742,17.04402439307705
PART-PIER-1,153,Pier/C3D8R,0.0,10.0,10.0,-3.778531e-15,-0.017958155,-0.011083102,6.00256e-15,-0.00755319,-0.0235164,0.016212655421245125,76.82683490263742,17.04402439307705
PART-PIER-2,480,Pier/C3D8R,-16.75,-15.0,15.0,-0.00055903016,0.020442609,-0.0084666535,-0.00142276,0.010132,-0.0208922,0.016169381342866822,73.05349769641754,5.102425377109448
PART-PIER-2,679,Pier/C3D8R,16.75,-15.0,15.0,0.00055903016,0.020442609,-0.0084666535,0.00142276,0.010132,-0.0208922,0.016169381342866822,73.05349769641754,5.102425377109448
PART-PIER-1,480,Pier/C3D8R,-16.75,15.0,15.0,-0.00055903016,-0.020442609,-0.0084666535,-0.00142276,-0.010132,-0.0208922,0.016169381342866822,73.05349769641754,5.102425377109448
PART-PIER-1,679,Pier/C3D8R,16.75,15.0,15.0,0.00055903016,-0.020442609,-0.0084666535,0.00142276,-0.010132,-0.0208922,0.016169381342866822,73.05349769641754,5.102425377109448
PART-PIER-2,375,Pier/C3D8R,-5.58333,-20.0,15.0,-9.339573e-05,0.020753298,-0.00526048,-0.000342956,0.0106784,-0.0178626,0.016136272138668414,75.36852638983802,2.7834458624677314
PART-PIER-2,535,Pier/C3D8R,5.58333,-20.0,15.0,9.339573e-05,0.020753298,-0.00526048,0.000342956,0.0106784,-0.0178626,0.016136272138668414,75.36852638983802,2.7834458624677314
PART-PIER-1,297,Pier/C3D8R,-5.58333,20.0,15.0,-9.339573e-05,-0.020753298,-0.00526048,-0.000342956,-0.0106784,-0.0178626,0.016136272138668414,75.36852638983802,2.7834458624677314
PART-PIER-1,613,Pier/C3D8R,5.58333,20.0,15.0,9.339573e-05,-0.020753298,-0.00526048,0.000342956,-0.0106784,-0.0178626,0.016136272138668414,75.36852638983802,2.7834458624677314
PART-PIER-2,38,Pier/C3D8R,-16.5,-10.0,20.0,-0.00084306864,0.024119247,-0.012636483,-0.00195618,0.0139627,-0.0250613,0.016086346426285213,59.049681146465815,5.553863123162017
PART-PIER-2,255,Pier/C3D8R,16.5,-10.0,20.0,0.00084306864,0.024119247,-0.012636483,0.00195618,0.0139627,-0.0250613,0.016086346426285213,59.049681146465815,5.553863123162017
PART-PIER-1,128,Pier/C3D8R,-16.5,10.0,20.0,-0.00084306864,-0.024119247,-0.012636483,-0.00195618,-0.0139627,-0.0250613,0.016086346426285213,59.049681146465815,5.553863123162017
PART-PIER-1,204,Pier/C3D8R,16.5,10.0,20.0,0.00084306864,-0.024119247,-0.012636483,0.00195618,-0.0139627,-0.0250613,0.016086346426285213,59.049681146465815,5.553863123162017
PART-PIER-2,730,Pier/C3D8R,-5.58333,-15.0,15.0,-0.00018488978,0.020873774,-0.00859833,-0.000418956,0.0108421,-0.02115,0.016069651210481237,71.17995275657101,5.291753978966436
PART-PIER-2,808,Pier/C3D8R,5.58333,-15.0,15.0,0.00018488978,0.020873774,-0.00859833,0.000418956,0.0108421,-0.02115,0.016069651210481237,71.17995275657101,5.291753978966436
PART-PIER-1,730,Pier/C3D8R,-5.58333,15.0,15.0,-0.00018488978,-0.020873774,-0.00859833,-0.000418956,-0.0108421,-0.02115,0.016069651210481237,71.17995275657101,5.291753978966436
PART-PIER-1,808,Pier/C3D8R,5.58333,15.0,15.0,0.00018488978,-0.020873774,-0.00859833,0.000418956,-0.0108421,-0.02115,0.016069651210481237,71.17995275657101,5.291753978966436
PART-PIER-2,370,Pier/C3D8R,-11.66667,-20.0,0.0,-0.00023471436,0.011839741,-0.0042801066,-0.00188838,0.00298151,-0.0175783,0.016063773348814443,127.57311032093337,42.38677392540758
PART-PIER-2,530,Pier/C3D8R,11.66667,-20.0,0.0,0.00023471436,0.011839741,-0.0042801066,0.00188838,0.00298151,-0.0175783,0.016063773348814443,127.57311032093337,42.38677392540758
PART-PIER-1,292,Pier/C3D8R,-11.66667,20.0,0.0,-0.00023471436,-0.011839741,-0.0042801066,-0.00188838,-0.00298151,-0.0175783,0.016063773348814443,127.57311032093337,42.38677392540758
PART-PIER-1,608,Pier/C3D8R,11.66667,20.0,0.0,0.00023471436,-0.011839741,-0.0042801066,0.00188838,-0.00298151,-0.0175783,0.016063773348814443,127.57311032093337,42.38677392540758
PART-PIER-2,129,Pier/C3D8R,-16.75,-20.0,15.0,-0.0002763849,0.02034156,-0.0051474455,-0.000885823,0.01015,-0.0174927,0.016020131669281058,76.34248082946483,3.531153806551933
PART-PIER-2,203,Pier/C3D8R,16.75,-20.0,15.0,0.0002763849,0.02034156,-0.0051474455,0.000885823,0.01015,-0.0174927,0.016020131669281058,76.34248082946483,3.531153806551933
PART-PIER-1,37,Pier/C3D8R,-16.75,20.0,15.0,-0.0002763849,-0.02034156,-0.0051474455,-0.000885823,-0.01015,-0.0174927,0.016020131669281058,76.34248082946483,3.531153806551933
PART-PIER-1,256,Pier/C3D8R,16.75,20.0,15.0,0.0002763849,-0.02034156,-0.0051474455,0.000885823,-0.01015,-0.0174927,0.016020131669281058,76.34248082946483,3.531153806551933
PART-PIER-2,299,Pier/C3D8R,-5.5,-10.0,20.0,-0.00027844447,0.024546817,-0.012785182,-0.000608128,0.0147301,-0.0254149,0.0159995750145923,57.80562097993921,6.153211899567379
PART-PIER-2,615,Pier/C3D8R,5.5,-10.0,20.0,0.00027844447,0.024546817,-0.012785182,0.000608128,0.0147301,-0.0254149,0.0159995750145923,57.80562097993921,6.153211899567379
PART-PIER-1,377,Pier/C3D8R,-5.5,10.0,20.0,-0.00027844447,-0.024546817,-0.012785182,-0.000608128,-0.0147301,-0.0254149,0.0159995750145923,57.80562097993921,6.153211899567379
PART-PIER-1,537,Pier/C3D8R,5.5,10.0,20.0,0.00027844447,-0.024546817,-0.012785182,0.000608128,-0.0147301,-0.0254149,0.0159995750145923,57.80562097993921,6.153211899567379
PART-PIER-2,130,Pier/C3D8R,-17.0,-20.0,10.0,-0.00031850167,0.017116124,-0.004859057,-0.00112031,0.00725802,-0.0173619,0.01594196330931427,89.5851221162742,5.933707683127978
PART-PIER-2,202,Pier/C3D8R,17.0,-20.0,10.0,0.00031850167,0.017116124,-0.004859057,0.00112031,0.00725802,-0.0173619,0.01594196330931427,89.5851221162742,5.933707683127978
PART-PIER-1,36,Pier/C3D8R,-17.0,20.0,10.0,-0.00031850167,-0.017116124,-0.004859057,-0.00112031,-0.00725802,-0.0173619,0.01594196330931427,89.5851221162742,5.933707683127978
PART-PIER-1,257,Pier/C3D8R,17.0,20.0,10.0,0.00031850167,-0.017116124,-0.004859057,0.00112031,-0.00725802,-0.0173619,0.01594196330931427,89.5851221162742,5.933707683127978
PART-PIER-2,153,Pier/C3D8R,0.0,-20.0,10.0,-5.3151566e-16,0.017605785,-0.004997148,-4.84271e-14,0.00806487,-0.0176766,0.015868130389479693,86.7052499376957,6.164811867520254
PART-PIER-1,91,Pier/C3D8R,0.0,20.0,10.0,-2.955384e-15,-0.017605785,-0.004997148,-4.24225e-14,-0.00806487,-0.0176766,0.015868130389479693,86.7052499376957,6.164811867520254
PART-PIER-2,297,Pier/C3D8R,-5.58333,-10.0,15.0,-0.00028054958,0.021097632,-0.011903182,-0.000512207,0.0110814,-0.0241905,0.015854234521767017,65.44442386837464,9.854440975799713
PART-PIER-2,613,Pier/C3D8R,5.58333,-10.0,15.0,0.00028054958,0.021097632,-0.011903182,0.000512207,0.0110814,-0.0241905,0.015854234521767017,65.44442386837464,9.854440975799713
PART-PIER-1,375,Pier/C3D8R,-5.58333,10.0,15.0,-0.00028054958,-0.021097632,-0.011903182,-0.000512207,-0.0110814,-0.0241905,0.015854234521767017,65.44442386837464,9.854440975799713
PART-PIER-1,535,Pier/C3D8R,5.58333,10.0,15.0,0.00028054958,-0.021097632,-0.011903182,0.000512207,-0.0110814,-0.0241905,0.015854234521767017,65.44442386837464,9.854440975799713
PART-PIER-2,373,Pier/C3D8R,-5.66667,-20.0,10.0,-0.00010469969,0.017551476,-0.004976682,-0.000292857,0.00779432,-0.0174185,0.015812537162858034,86.6739536052781,4.612037448509941
PART-PIER-2,533,Pier/C3D8R,5.66667,-20.0,10.0,0.00010469969,0.017551476,-0.004976682,0.000292857,0.00779432,-0.0174185,0.015812537162858034,86.6739536052781,4.612037448509941
PART-PIER-1,295,Pier/C3D8R,-5.66667,20.0,10.0,-0.00010469969,-0.017551476,-0.004976682,-0.000292857,-0.00779432,-0.0174185,0.015812537162858034,86.6739536052781,4.612037448509941
PART-PIER-1,611,Pier/C3D8R,5.66667,20.0,10.0,0.00010469969,-0.017551476,-0.004976682,0.000292857,-0.00779432,-0.0174185,0.015812537162858034,86.6739536052781,4.612037448509941
PART-PIER-2,477,Pier/C3D8R,-17.5,-15.0,0.0,-0.0006516807,0.011738338,-0.006655657,-0.00328928,0.00240178,-0.0189049,0.015626010349022987,115.6654206042073,43.14673734405445
PART-PIER-2,676,Pier/C3D8R,17.5,-15.0,0.0,0.0006516807,0.011738338,-0.006655657,0.00328928,0.00240178,-0.0189049,0.015626010349022987,115.6654206042073,43.14673734405445
PART-PIER-1,477,Pier/C3D8R,-17.5,15.0,0.0,-0.0006516807,-0.011738338,-0.006655657,-0.00328928,-0.00240178,-0.0189049,0.015626010349022987,115.6654206042073,43.14673734405445
PART-PIER-1,676,Pier/C3D8R,17.5,15.0,0.0,0.0006516807,-0.011738338,-0.006655657,0.00328928,-0.00240178,-0.0189049,0.015626010349022987,115.6654206042073,43.14673734405445
PART-PIER-2,731,Pier/C3D8R,-11.16667,-15.0,15.0,-0.00038448247,0.020709202,-0.008556364,-0.000817239,0.0109398,-0.0206822,0.015577688928424448,69.51068977857632,4.4668910791411545
PART-PIER-2,809,Pier/C3D8R,11.16667,-15.0,15.0,0.00038448247,0.020709202,-0.008556364,0.000817239,0.0109398,-0.0206822,0.015577688928424448,69.51068977857632,4.4668910791411545
PART-PIER-1,731,Pier/C3D8R,-11.16667,15.0,15.0,-0.00038448247,-0.020709202,-0.008556364,-0.000817239,-0.0109398,-0.0206822,0.015577688928424448,69.51068977857632,4.4668910791411545
PART-PIER-1,809,Pier/C3D8R,11.16667,15.0,15.0,0.00038448247,-0.020709202,-0.008556364,0.000817239,-0.0109398,-0.0206822,0.015577688928424448,69.51068977857632,4.4668910791411545
PART-SUPPORTBEAM-2,45,SupportBeam/B31,-243.33333,10.0,-26.0,0.010553368,0.0013374506,-0.039350197,0.0149472,0.00138595,-0.0542629,0.015546601641588213,38.13925298757637,38.11879376628451
PART-SUPPORTBEAM-2,342,SupportBeam/B31,243.33333,10.0,-26.0,-0.010553368,0.0013374506,-0.039350197,-0.0149472,0.00138595,-0.0542629,0.015546601641588213,38.13925298757637,38.11879376628451
PART-SUPPORTBEAM-1,45,SupportBeam/B31,-243.33333,-10.0,-26.0,0.010553368,-0.0013374506,-0.039350197,0.0149472,-0.00138595,-0.0542629,0.015546601641588213,38.13925298757637,38.11879376628451
PART-SUPPORTBEAM-1,342,SupportBeam/B31,243.33333,-10.0,-26.0,-0.010553368,-0.0013374506,-0.039350197,-0.0149472,-0.00138595,-0.0542629,0.015546601641588213,38.13925298757637,38.11879376628451
PART-PIER-2,37,Pier/C3D8R,-16.75,-10.0,15.0,-0.00083754264,0.020684734,-0.011750421,-0.00133866,0.0108439,-0.0237351,0.015515336385560267,65.17943807626413,9.768109235680502
PART-PIER-2,256,Pier/C3D8R,16.75,-10.0,15.0,0.00083754264,0.020684734,-0.011750421,0.00133866,0.0108439,-0.0237351,0.015515336385560267,65.17943807626413,9.768109235680502
PART-PIER-1,129,Pier/C3D8R,-16.75,10.0,15.0,-0.00083754264,-0.020684734,-0.011750421,-0.00133866,-0.0108439,-0.0237351,0.015515336385560267,65.17943807626413,9.768109235680502
PART-PIER-1,203,Pier/C3D8R,16.75,10.0,15.0,0.00083754264,-0.020684734,-0.011750421,0.00133866,-0.0108439,-0.0237351,0.015515336385560267,65.17943807626413,9.768109235680502
PART-PIER-2,729,Pier/C3D8R,-11.33333,-15.0,10.0,-0.00038778066,0.01754334,-0.007957157,-0.000973742,0.00784647,-0.0198406,0.015348904065864886,79.66225980143562,10.850096355538042
PART-PIER-2,807,Pier/C3D8R,11.33333,-15.0,10.0,0.00038778066,0.01754334,-0.007957157,0.000973742,0.00784647,-0.0198406,0.015348904065864886,79.66225980143562,10.850096355538042
PART-PIER-1,729,Pier/C3D8R,-11.33333,15.0,10.0,-0.00038778066,-0.01754334,-0.007957157,-0.000973742,-0.00784647,-0.0198406,0.015348904065864886,79.66225980143562,10.850096355538042
PART-PIER-1,807,Pier/C3D8R,11.33333,15.0,10.0,0.00038778066,-0.01754334,-0.007957157,0.000973742,-0.00784647,-0.0198406,0.015348904065864886,79.66225980143562,10.850096355538042
PART-PIER-2,439,Pier/C3D8R,0.0,-15.0,5.0,4.895291e-17,0.014833648,-0.0074443147,-2.06232e-14,0.0054003,-0.019418,0.015243267174478709,91.84442160324123,21.43850793490185
PART-PIER-1,439,Pier/C3D8R,0.0,15.0,5.0,-2.8361384e-15,-0.014833648,-0.0074443147,-1.56484e-14,-0.0054003,-0.019418,0.015243267174478709,91.84442160324123,21.43850793490185
PART-PIER-2,372,Pier/C3D8R,-11.5,-20.0,5.0,-0.00022886453,0.01450012,-0.004591897,-0.000667452,0.00537444,-0.0166971,0.015165959715838954,99.70026502155018,15.395439827656071
PART-PIER-2,532,Pier/C3D8R,11.5,-20.0,5.0,0.00022886453,0.01450012,-0.004591897,0.000667452,0.00537444,-0.0166971,0.015165959715838954,99.70026502155018,15.395439827656071
PART-PIER-1,294,Pier/C3D8R,-11.5,20.0,5.0,-0.00022886453,-0.01450012,-0.004591897,-0.000667452,-0.00537444,-0.0166971,0.015165959715838954,99.70026502155018,15.395439827656071
PART-PIER-1,610,Pier/C3D8R,11.5,20.0,5.0,0.00022886453,-0.01450012,-0.004591897,0.000667452,-0.00537444,-0.0166971,0.015165959715838954,99.70026502155018,15.395439827656071
PART-SUPPORTBEAM-2,31,SupportBeam/B31,-242.30769,10.0,-30.0,-0.00455159,0.0016728193,-0.041137397,-0.00382154,0.00152146,-0.0562407,0.015121694486730165,36.50623420021669,36.13685740662652
PART-SUPPORTBEAM-2,321,SupportBeam/B31,242.30769,10.0,-30.0,0.00455159,0.0016728193,-0.041137397,0.00382154,0.00152146,-0.0562407,0.015121694486730165,36.50623420021669,36.13685740662652
PART-SUPPORTBEAM-1,31,SupportBeam/B31,-242.30769,-10.0,-30.0,-0.00455159,-0.0016728193,-0.041137397,-0.00382154,-0.00152146,-0.0562407,0.015121694486730165,36.50623420021669,36.13685740662652
PART-SUPPORTBEAM-1,321,SupportBeam/B31,242.30769,-10.0,-30.0,0.00455159,-0.0016728193,-0.041137397,0.00382154,-0.00152146,-0.0562407,0.015121694486730165,36.50623420021669,36.13685740662652
PART-PIER-2,298,Pier/C3D8R,-11.16667,-10.0,15.0,-0.0005760376,0.020939887,-0.01186449,-0.00133864,0.0113119,-0.0234899,0.015113896048364061,62.7799449918397,8.439087579873968
PART-PIER-2,614,Pier/C3D8R,11.16667,-10.0,15.0,0.0005760376,0.020939887,-0.01186449,0.00133864,0.0113119,-0.0234899,0.015113896048364061,62.7799449918397,8.439087579873968
PART-PIER-1,376,Pier/C3D8R,-11.16667,10.0,15.0,-0.0005760376,-0.020939887,-0.01186449,-0.00133864,-0.0113119,-0.0234899,0.015113896048364061,62.7799449918397,8.439087579873968
PART-PIER-1,536,Pier/C3D8R,11.16667,10.0,15.0,0.0005760376,-0.020939887,-0.01186449,0.00133864,-0.0113119,-0.0234899,0.015113896048364061,62.7799449918397,8.439087579873968
PART-FLOOR-1,306,Floor/S4R,70.0,0.0,0.0,-0.0062313657,7.854299e-15,-0.44087812,-0.00381127,-2.93623e-13,-0.425978,0.01509537807448218,3.4235925569588925,3.3854287164802157
PART-FLOOR-1,381,Floor/S4R,-70.0,0.0,0.0,0.0062313657,5.2155846e-15,-0.44087812,0.00381127,-2.69462e-13,-0.425978,0.01509537807448218,3.4235925569588925,3.3854287164802157
PART-PIER-2,374,Pier/C3D8R,-11.33333,-20.0,10.0,-0.00019972438,0.017392948,-0.004931618,-0.000634257,0.00776084,-0.0165343,0.01508603833730486,83.44188326528075,1.0863518102141063
PART-PIER-2,534,Pier/C3D8R,11.33333,-20.0,10.0,0.00019972438,0.017392948,-0.004931618,0.000634257,0.00776084,-0.0165343,0.01508603833730486,83.44188326528075,1.0863518102141063
PART-PIER-1,296,Pier/C3D8R,-11.33333,20.0,10.0,-0.00019972438,-0.017392948,-0.004931618,-0.000634257,-0.00776084,-0.0165343,0.01508603833730486,83.44188326528075,1.0863518102141063
PART-PIER-1,612,Pier/C3D8R,11.33333,20.0,10.0,0.00019972438,-0.017392948,-0.004931618,0.000634257,-0.00776084,-0.0165343,0.01508603833730486,83.44188326528075,1.0863518102141063
PART-SUPPORTBEAM-2,75,SupportBeam/B31,-103.33334,10.0,-2.0,0.00729678,0.00029660418,-0.2348725,0.0065049,0.000193723,-0.249932,0.015080656441998718,6.417682825542784,6.396426422417576
PART-SUPPORTBEAM-2,264,SupportBeam/B31,103.33334,10.0,-2.0,-0.00729678,0.00029660418,-0.2348725,-0.0065049,0.000193723,-0.249932,0.015080656441998718,6.417682825542784,6.396426422417576
PART-SUPPORTBEAM-1,75,SupportBeam/B31,-103.33334,-10.0,-2.0,0.00729678,-0.00029660418,-0.2348725,0.0065049,-0.000193723,-0.249932,0.015080656441998718,6.417682825542784,6.396426422417576
PART-SUPPORTBEAM-1,264,SupportBeam/B31,103.33334,-10.0,-2.0,-0.00729678,-0.00029660418,-0.2348725,-0.0065049,-0.000193723,-0.249932,0.015080656441998718,6.417682825542784,6.396426422417576
PART-FLOOR-1,287,Floor/S4R,105.0,-5.0,0.0,-0.007867448,-0.000101065954,-0.30776536,-0.00565918,-6.44926e-05,-0.322617,0.01501495906952952,4.877109861048119,4.807521212012109
PART-FLOOR-1,289,Floor/S4R,105.0,5.0,0.0,-0.007867448,0.000101065954,-0.30776536,-0.00565918,6.44926e-05,-0.322617,0.01501495906952952,4.877109861048119,4.807521212012109
PART-FLOOR-1,398,Floor/S4R,-105.0,-5.0,0.0,0.007867448,-0.000101065954,-0.30776536,0.00565918,-6.44926e-05,-0.322617,0.01501495906952952,4.877109861048119,4.807521212012109
PART-FLOOR-1,400,Floor/S4R,-105.0,5.0,0.0,0.007867448,0.000101065954,-0.30776536,0.00565918,6.44926e-05,-0.322617,0.01501495906952952,4.877109861048119,4.807521212012109
PART-PIER-2,728,Pier/C3D8R,-5.66667,-15.0,10.0,-0.00020104338,0.017697992,-0.008007879,-0.000504746,0.00829458,-0.0194471,0.014811217695043842,76.24268467678651,8.862907997039644
PART-PIER-2,806,Pier/C3D8R,5.66667,-15.0,10.0,0.00020104338,0.017697992,-0.008007879,0.000504746,0.00829458,-0.0194471,0.014811217695043842,76.24268467678651,8.862907997039644
PART-PIER-1,728,Pier/C3D8R,-5.66667,15.0,10.0,-0.00020104338,-0.017697992,-0.008007879,-0.000504746,-0.00829458,-0.0194471,0.014811217695043842,76.24268467678651,8.862907997039644
PART-PIER-1,806,Pier/C3D8R,5.66667,15.0,10.0,0.00020104338,-0.017697992,-0.008007879,0.000504746,-0.00829458,-0.0194471,0.014811217695043842,76.24268467678651,8.862907997039644
PART-PIER-2,296,Pier/C3D8R,-11.33333,-10.0,10.0,-0.0005738085,0.017746324,-0.011010989,-0.000951291,0.00832193,-0.0222757,0.014692018554935302,70.32144347963225,13.908204056475402
PART-PIER-2,612,Pier/C3D8R,11.33333,-10.0,10.0,0.0005738085,0.017746324,-0.011010989,0.000951291,0.00832193,-0.0222757,0.014692018554935302,70.32144347963225,13.908204056475402
PART-PIER-1,374,Pier/C3D8R,-11.33333,10.0,10.0,-0.0005738085,-0.017746324,-0.011010989,-0.000951291,-0.00832193,-0.0222757,0.014692018554935302,70.32144347963225,13.908204056475402
PART-PIER-1,534,Pier/C3D8R,11.33333,10.0,10.0,0.0005738085,-0.017746324,-0.011010989,0.000951291,-0.00832193,-0.0222757,0.014692018554935302,70.32144347963225,13.908204056475402
PART-PIER-2,293,Pier/C3D8R,-5.75,-10.0,5.0,-0.000295248,0.01501642,-0.010185014,-0.0005879,0.00538264,-0.0210534,0.014526430274726825,80.04854518350814,19.79119530974758
PART-PIER-2,609,Pier/C3D8R,5.75,-10.0,5.0,0.000295248,0.01501642,-0.010185014,0.0005879,0.00538264,-0.0210534,0.014526430274726825,80.04854518350814,19.79119530974758
PART-PIER-1,371,Pier/C3D8R,-5.75,10.0,5.0,-0.000295248,-0.01501642,-0.010185014,-0.0005879,-0.00538264,-0.0210534,0.014526430274726825,80.04854518350814,19.79119530974758
PART-PIER-1,531,Pier/C3D8R,5.75,10.0,5.0,0.000295248,-0.01501642,-0.010185014,0.0005879,-0.00538264,-0.0210534,0.014526430274726825,80.04854518350814,19.79119530974758
PART-SUPPORTBEAM-2,136,SupportBeam/B31,-100.0,10.0,-11.25,0.0012326252,0.0010629105,-0.23533837,0.00881283,0.000187046,-0.247597,0.014439551686572676,6.13550878314733,5.273073558259289
PART-SUPPORTBEAM-2,240,SupportBeam/B31,100.0,10.0,-11.25,-0.0012326252,0.0010629105,-0.23533837,-0.00881283,0.000187046,-0.247597,0.014439551686572676,6.13550878314733,5.273073558259289
PART-SUPPORTBEAM-1,136,SupportBeam/B31,-100.0,-10.0,-11.25,0.0012326252,-0.0010629105,-0.23533837,0.00881283,-0.000187046,-0.247597,0.014439551686572676,6.13550878314733,5.273073558259289
PART-SUPPORTBEAM-1,240,SupportBeam/B31,100.0,-10.0,-11.25,-0.0012326252,-0.0010629105,-0.23533837,-0.00881283,-0.000187046,-0.247597,0.014439551686572676,6.13550878314733,5.273073558259289
PART-PIER-2,478,Pier/C3D8R,-17.25,-15.0,5.0,-0.0006054731,0.014348258,-0.0072918884,-0.00129275,0.00541578,-0.0185915,0.014420219660900183,89.53192005008903,20.495979575681446
PART-PIER-2,677,Pier/C3D8R,17.25,-15.0,5.0,0.0006054731,0.014348258,-0.0072918884,0.00129275,0.00541578,-0.0185915,0.014420219660900183,89.53192005008903,20.495979575681446
PART-PIER-1,478,Pier/C3D8R,-17.25,15.0,5.0,-0.0006054731,-0.014348258,-0.0072918884,-0.00129275,-0.00541578,-0.0185915,0.014420219660900183,89.53192005008903,20.495979575681446
PART-PIER-1,677,Pier/C3D8R,17.25,15.0,5.0,0.0006054731,-0.014348258,-0.0072918884,0.00129275,-0.00541578,-0.0185915,0.014420219660900183,89.53192005008903,20.495979575681446
PART-PIER-2,479,Pier/C3D8R,-17.0,-15.0,10.0,-0.00060163054,0.017278578,-0.00786963,-0.00129509,0.00793857,-0.0188194,0.014408820163900564,75.85246588394196,7.740716122690239
PART-PIER-2,678,Pier/C3D8R,17.0,-15.0,10.0,0.00060163054,0.017278578,-0.00786963,0.00129509,0.00793857,-0.0188194,0.014408820163900564,75.85246588394196,7.740716122690239
PART-PIER-1,479,Pier/C3D8R,-17.0,15.0,10.0,-0.00060163054,-0.017278578,-0.00786963,-0.00129509,-0.00793857,-0.0188194,0.014408820163900564,75.85246588394196,7.740716122690239
PART-PIER-1,678,Pier/C3D8R,17.0,15.0,10.0,0.00060163054,-0.017278578,-0.00786963,0.00129509,-0.00793857,-0.0188194,0.014408820163900564,75.85246588394196,7.740716122690239
PART-PIER-2,371,Pier/C3D8R,-5.75,-20.0,5.0,-0.000109435176,0.01466302,-0.004655151,-0.00053079,0.00550803,-0.0157086,0.014358625163413422,93.33102967433808,8.255747666101747
PART-PIER-2,531,Pier/C3D8R,5.75,-20.0,5.0,0.000109435176,0.01466302,-0.004655151,0.00053079,0.00550803,-0.0157086,0.014358625163413422,93.33102967433808,8.255747666101747
PART-PIER-1,293,Pier/C3D8R,-5.75,20.0,5.0,-0.000109435176,-0.01466302,-0.004655151,-0.00053079,-0.00550803,-0.0157086,0.014358625163413422,93.33102967433808,8.255747666101747
PART-PIER-1,609,Pier/C3D8R,5.75,20.0,5.0,0.000109435176,-0.01466302,-0.004655151,0.00053079,-0.00550803,-0.0157086,0.014358625163413422,93.33102967433808,8.255747666101747
PART-PIER-2,440,Pier/C3D8R,0.0,-15.0,10.0,-9.771175e-18,0.017757028,-0.008026514,-2.31868e-14,0.00857027,-0.0190465,0.01434700714402694,73.62407882090666,7.179245157403844
PART-PIER-1,440,Pier/C3D8R,0.0,15.0,10.0,-3.3801957e-15,-0.017757028,-0.008026514,-1.77626e-14,-0.00857027,-0.0190465,0.01434700714402694,73.62407882090666,7.179245157403844
PART-PIER-2,90,Pier/C3D8R,0.0,-10.0,15.0,7.4802623e-16,0.021151464,-0.011934857,3.4623e-16,0.0123931,-0.0231549,0.014233703132998978,58.607908969932886,8.13853981974485
PART-PIER-1,154,Pier/C3D8R,0.0,10.0,15.0,-4.3485172e-15,-0.021151464,-0.011934857,6.53116e-15,-0.0123931,-0.0231549,0.014233703132998978,58.607908969932886,8.13853981974485
PART-PIER-2,36,Pier/C3D8R,-17.0,-10.0,10.0,-0.00088774954,0.017473012,-0.010906989,-0.00210695,0.00825738,-0.0215272,0.014113936538245069,68.45808548743936,12.299227617994783
PART-PIER-2,257,Pier/C3D8R,17.0,-10.0,10.0,0.00088774954,0.017473012,-0.010906989,0.00210695,0.00825738,-0.0215272,0.014113936538245069,68.45808548743936,12.299227617994783
PART-PIER-1,130,Pier/C3D8R,-17.0,10.0,10.0,-0.00088774954,-0.017473012,-0.010906989,-0.00210695,-0.00825738,-0.0215272,0.014113936538245069,68.45808548743936,12.299227617994783
PART-PIER-1,202,Pier/C3D8R,17.0,10.0,10.0,0.00088774954,-0.017473012,-0.010906989,0.00210695,-0.00825738,-0.0215272,0.014113936538245069,68.45808548743936,12.299227617994783
PART-PIER-2,726,Pier/C3D8R,-5.75,-15.0,5.0,-0.0002011378,0.014784753,-0.007437041,-0.000330261,0.00607795,-0.0184554,0.014043835883919616,84.85136771845274,17.413812504417738
PART-PIER-2,804,Pier/C3D8R,5.75,-15.0,5.0,0.0002011378,0.014784753,-0.007437041,0.000330261,0.00607795,-0.0184554,0.014043835883919616,84.85136771845274,17.413812504417738
PART-PIER-1,726,Pier/C3D8R,-5.75,15.0,5.0,-0.0002011378,-0.014784753,-0.007437041,-0.000330261,-0.00607795,-0.0184554,0.014043835883919616,84.85136771845274,17.413812504417738
PART-PIER-1,804,Pier/C3D8R,5.75,15.0,5.0,0.0002011378,-0.014784753,-0.007437041,0.000330261,-0.00607795,-0.0184554,0.014043835883919616,84.85136771845274,17.413812504417738
PART-PIER-2,152,Pier/C3D8R,0.0,-20.0,5.0,-5.1288417e-16,0.014715801,-0.004660497,-4.13947e-14,0.00563934,-0.0152219,0.013925709231954042,90.21485495295424,5.161787725249225
PART-PIER-1,92,Pier/C3D8R,0.0,20.0,5.0,-2.4883416e-15,-0.014715801,-0.004660497,-3.6621e-14,-0.00563934,-0.0152219,0.013925709231954042,90.21485495295424,5.161787725249225
PART-PIER-2,131,Pier/C3D8R,-17.25,-20.0,5.0,-0.00032420788,0.014237716,-0.0045332573,-0.0012572,0.00505829,-0.0148942,0.013873769120831634,92.82904834706186,5.582668648684356
PART-PIER-2,201,Pier/C3D8R,17.25,-20.0,5.0,0.00032420788,0.014237716,-0.0045332573,0.0012572,0.00505829,-0.0148942,0.013873769120831634,92.82904834706186,5.582668648684356
PART-PIER-1,35,Pier/C3D8R,-17.25,20.0,5.0,-0.00032420788,-0.014237716,-0.0045332573,-0.0012572,-0.00505829,-0.0148942,0.013873769120831634,92.82904834706186,5.582668648684356
PART-PIER-1,258,Pier/C3D8R,17.25,20.0,5.0,0.00032420788,-0.014237716,-0.0045332573,0.0012572,-0.00505829,-0.0148942,0.013873769120831634,92.82904834706186,5.582668648684356
PART-PIER-2,295,Pier/C3D8R,-5.66667,-10.0,10.0,-0.00029408414,0.017906053,-0.01106759,-0.000592479,0.00919694,-0.0216839,0.013734763440094023,65.24075403656133,11.916384705452737
PART-PIER-2,611,Pier/C3D8R,5.66667,-10.0,10.0,0.00029408414,0.017906053,-0.01106759,0.000592479,0.00919694,-0.0216839,0.013734763440094023,65.24075403656133,11.916384705452737
PART-PIER-1,373,Pier/C3D8R,-5.66667,10.0,10.0,-0.00029408414,-0.017906053,-0.01106759,-0.000592479,-0.00919694,-0.0216839,0.013734763440094023,65.24075403656133,11.916384705452737
PART-PIER-1,533,Pier/C3D8R,5.66667,10.0,10.0,0.00029408414,-0.017906053,-0.01106759,0.000592479,-0.00919694,-0.0216839,0.013734763440094023,65.24075403656133,11.916384705452737
PART-PIER-2,35,Pier/C3D8R,-17.25,-10.0,5.0,-0.0008840752,0.014590223,-0.01002245,-0.00182284,0.00539181,-0.0199664,0.013578446990388408,76.61471533861204,17.14578482863791
PART-PIER-2,258,Pier/C3D8R,17.25,-10.0,5.0,0.0008840752,0.014590223,-0.01002245,0.00182284,0.00539181,-0.0199664,0.013578446990388408,76.61471533861204,17.14578482863791
PART-PIER-1,131,Pier/C3D8R,-17.25,10.0,5.0,-0.0008840752,-0.014590223,-0.01002245,-0.00182284,-0.00539181,-0.0199664,0.013578446990388408,76.61471533861204,17.14578482863791
PART-PIER-1,201,Pier/C3D8R,17.25,10.0,5.0,0.0008840752,-0.014590223,-0.01002245,0.00182284,-0.00539181,-0.0199664,0.013578446990388408,76.61471533861204,17.14578482863791
PART-PIER-2,727,Pier/C3D8R,-11.5,-15.0,5.0,-0.00041679133,0.014619641,-0.0073721986,-0.00107181,0.00570559,-0.0174883,0.013499068939142857,82.41918962536093,12.505052017539636
PART-PIER-2,805,Pier/C3D8R,11.5,-15.0,5.0,0.00041679133,0.014619641,-0.0073721986,0.00107181,0.00570559,-0.0174883,0.013499068939142857,82.41918962536093,12.505052017539636
PART-PIER-1,727,Pier/C3D8R,-11.5,15.0,5.0,-0.00041679133,-0.014619641,-0.0073721986,-0.00107181,-0.00570559,-0.0174883,0.013499068939142857,82.41918962536093,12.505052017539636
PART-PIER-1,805,Pier/C3D8R,11.5,15.0,5.0,0.00041679133,-0.014619641,-0.0073721986,0.00107181,-0.00570559,-0.0174883,0.013499068939142857,82.41918962536093,12.505052017539636
PART-FLOOR-1,73,Floor/S4R,70.0,10.0,0.0,-0.0062314016,-6.112492e-05,-0.44499007,-0.00380998,0.000151,-0.43188,0.01333349972631088,2.996065162413536,2.9518822902338244
PART-FLOOR-1,83,Floor/S4R,70.0,-10.0,0.0,-0.0062314016,6.112492e-05,-0.44499007,-0.00380998,-0.000151,-0.43188,0.01333349972631088,2.996065162413536,2.9518822902338244
PART-FLOOR-1,134,Floor/S4R,-70.0,10.0,0.0,0.0062314016,-6.112492e-05,-0.44499007,0.00380998,0.000151,-0.43188,0.01333349972631088,2.996065162413536,2.9518822902338244
PART-FLOOR-1,148,Floor/S4R,-70.0,-10.0,0.0,0.0062314016,6.112492e-05,-0.44499007,0.00380998,-0.000151,-0.43188,0.01333349972631088,2.996065162413536,2.9518822902338244
PART-PIER-2,437,Pier/C3D8R,0.0,-15.0,-5.0,4.5841737e-17,0.009845819,-0.00619115,-1.42075e-14,0.00175484,-0.016597,0.01318126152539813,113.33275471685039,43.4967795336458
PART-PIER-1,437,Pier/C3D8R,0.0,15.0,-5.0,-1.9062574e-15,-0.009845819,-0.00619115,-1.08963e-14,-0.00175484,-0.016597,0.01318126152539813,113.33275471685039,43.4967795336458
PART-PIER-2,368,Pier/C3D8R,-11.83333,-20.0,-5.0,-0.00026729755,0.009515329,-0.0039082724,-0.000962618,0.00173845,-0.0143844,0.013065701932935367,126.97269671256784,41.11542805883233
PART-PIER-2,528,Pier/C3D8R,11.83333,-20.0,-5.0,0.00026729755,0.009515329,-0.0039082724,0.000962618,0.00173845,-0.0143844,0.013065701932935367,126.97269671256784,41.11542805883233
PART-PIER-1,290,Pier/C3D8R,-11.83333,20.0,-5.0,-0.00026729755,-0.009515329,-0.0039082724,-0.000962618,-0.00173845,-0.0143844,0.013065701932935367,126.97269671256784,41.11542805883233
PART-PIER-1,606,Pier/C3D8R,11.83333,20.0,-5.0,0.00026729755,-0.009515329,-0.0039082724,0.000962618,-0.00173845,-0.0143844,0.013065701932935367,126.97269671256784,41.11542805883233
PART-FLOOR-1,299,Floor/S4R,80.0,-5.0,0.0,-0.00583221,-0.00014664809,-0.43966186,-0.00431307,-7.58605e-05,-0.452508,0.012935845937629984,2.9419670912541536,2.9174388991597984
PART-FLOOR-1,301,Floor/S4R,80.0,5.0,0.0,-0.00583221,0.00014664809,-0.43966186,-0.00431307,7.58605e-05,-0.452508,0.012935845937629984,2.9419670912541536,2.9174388991597984
PART-FLOOR-1,386,Floor/S4R,-80.0,-5.0,0.0,0.00583221,-0.00014664809,-0.43966186,0.00431307,-7.58605e-05,-0.452508,0.012935845937629984,2.9419670912541536,2.9174388991597984
PART-FLOOR-1,388,Floor/S4R,-80.0,5.0,0.0,0.00583221,0.00014664809,-0.43966186,0.00431307,7.58605e-05,-0.452508,0.012935845937629984,2.9419670912541536,2.9174388991597984
PART-SUPPORTBEAM-2,135,SupportBeam/B31,-100.0,10.0,-7.5,0.0036436822,0.00075268943,-0.23523587,0.00771796,0.000182578,-0.24745,0.012888356694749305,5.478222732984798,5.230311593512236
PART-SUPPORTBEAM-2,239,SupportBeam/B31,100.0,10.0,-7.5,-0.0036436822,0.00075268943,-0.23523587,-0.00771796,0.000182578,-0.24745,0.012888356694749305,5.478222732984798,5.230311593512236
PART-SUPPORTBEAM-1,135,SupportBeam/B31,-100.0,-10.0,-7.5,0.0036436822,-0.00075268943,-0.23523587,0.00771796,-0.000182578,-0.24745,0.012888356694749305,5.478222732984798,5.230311593512236
PART-SUPPORTBEAM-1,239,SupportBeam/B31,100.0,-10.0,-7.5,-0.0036436822,-0.00075268943,-0.23523587,-0.00771796,-0.000182578,-0.24745,0.012888356694749305,5.478222732984798,5.230311593512236
PART-SUPPORTBEAM-2,96,SupportBeam/B31,-76.66666,10.0,-14.0,-0.007906394,0.001316391,-0.25634688,-0.0028577,2.07021e-05,-0.244725,0.012737198104984441,4.966308351114926,4.573779465163437
PART-SUPPORTBEAM-2,231,SupportBeam/B31,76.66666,10.0,-14.0,0.007906394,0.001316391,-0.25634688,0.0028577,2.07021e-05,-0.244725,0.012737198104984441,4.966308351114926,4.573779465163437
PART-SUPPORTBEAM-1,96,SupportBeam/B31,-76.66666,-10.0,-14.0,-0.007906394,-0.001316391,-0.25634688,-0.0028577,-2.07021e-05,-0.244725,0.012737198104984441,4.966308351114926,4.573779465163437
PART-SUPPORTBEAM-1,231,SupportBeam/B31,76.66666,-10.0,-14.0,0.007906394,-0.001316391,-0.25634688,0.0028577,-2.07021e-05,-0.244725,0.012737198104984441,4.966308351114926,4.573779465163437
PART-PIER-2,294,Pier/C3D8R,-11.5,-10.0,5.0,-0.00060626643,0.014854996,-0.010120541,-0.00116175,0.00686588,-0.0198609,0.012609882232078021,70.11293995207373,17.020569234114646
PART-PIER-2,610,Pier/C3D8R,11.5,-10.0,5.0,0.00060626643,0.014854996,-0.010120541,0.00116175,0.00686588,-0.0198609,0.012609882232078021,70.11293995207373,17.020569234114646
PART-PIER-1,372,Pier/C3D8R,-11.5,10.0,5.0,-0.00060626643,-0.014854996,-0.010120541,-0.00116175,-0.00686588,-0.0198609,0.012609882232078021,70.11293995207373,17.020569234114646
PART-PIER-1,532,Pier/C3D8R,11.5,10.0,5.0,0.00060626643,-0.014854996,-0.010120541,0.00116175,-0.00686588,-0.0198609,0.012609882232078021,70.11293995207373,17.020569234114646
PART-PIER-2,367,Pier/C3D8R,-5.91667,-20.0,-5.0,-0.00012966926,0.009679868,-0.00399111,-0.000341773,0.00195616,-0.01374,0.012439514037850753,118.79762966255143,32.58064125505774
PART-PIER-2,527,Pier/C3D8R,5.91667,-20.0,-5.0,0.00012966926,0.009679868,-0.00399111,0.000341773,0.00195616,-0.01374,0.012439514037850753,118.79762966255143,32.58064125505774
PART-PIER-1,289,Pier/C3D8R,-5.91667,20.0,-5.0,-0.00012966926,-0.009679868,-0.00399111,-0.000341773,-0.00195616,-0.01374,0.012439514037850753,118.79762966255143,32.58064125505774
PART-PIER-1,605,Pier/C3D8R,5.91667,20.0,-5.0,0.00012966926,-0.009679868,-0.00399111,0.000341773,-0.00195616,-0.01374,0.012439514037850753,118.79762966255143,32.58064125505774
PART-CABLE100-1,1,Cable/T3D2,-100.0,-10.0,0.0,0.0077973385,-0.00013128981,-0.23501451,0.00517207,-0.000174672,-0.247134,0.012400643312812485,5.273641093534512,5.122104909250464
PART-CABLE100-2,1,Cable/T3D2,-100.0,10.0,0.0,0.0077973385,0.00013128981,-0.23501451,0.00517207,0.000174672,-0.247134,0.012400643312812485,5.273641093534512,5.122104909250464
PART-CABLE100-4,1,Cable/T3D2,100.0,10.0,0.0,-0.0077973385,0.00013128981,-0.23501451,-0.00517207,0.000174672,-0.247134,0.012400643312812485,5.273641093534512,5.122104909250464
PART-SUPPORTBEAM-2,6,SupportBeam/B31,-100.0,10.0,0.0,0.0077973385,0.00013128981,-0.23501451,0.00517207,0.000174672,-0.247134,0.012400643312812485,5.273641093534512,5.122104909250464
PART-SUPPORTBEAM-2,14,SupportBeam/B31,100.0,10.0,0.0,-0.0077973385,0.00013128981,-0.23501451,-0.00517207,0.000174672,-0.247134,0.012400643312812485,5.273641093534512,5.122104909250464
PART-CABLE100-3,1,Cable/T3D2,100.0,-10.0,0.0,-0.0077973385,-0.00013128981,-0.23501451,-0.00517207,-0.000174672,-0.247134,0.012400643312812485,5.273641093534512,5.122104909250464
PART-FLOOR-1,5,Floor/S4R,100.0,10.0,0.0,-0.0077973385,0.00013128981,-0.23501451,-0.00517207,0.000174672,-0.247134,0.012400643312812485,5.273641093534512,5.122104909250464
PART-FLOOR-1,6,Floor/S4R,100.0,-10.0,0.0,-0.0077973385,-0.00013128981,-0.23501451,-0.00517207,-0.000174672,-0.247134,0.012400643312812485,5.273641093534512,5.122104909250464
PART-FLOOR-1,13,Floor/S4R,-100.0,10.0,0.0,0.0077973385,0.00013128981,-0.23501451,0.00517207,0.000174672,-0.247134,0.012400643312812485,5.273641093534512,5.122104909250464
PART-FLOOR-1,14,Floor/S4R,-100.0,-10.0,0.0,0.0077973385,-0.00013128981,-0.23501451,0.00517207,-0.000174672,-0.247134,0.012400643312812485,5.273641093534512,5.122104909250464
PART-SUPPORTBEAM-1,6,SupportBeam/B31,-100.0,-10.0,0.0,0.0077973385,-0.00013128981,-0.23501451,0.00517207,-0.000174672,-0.247134,0.012400643312812485,5.273641093534512,5.122104909250464
PART-SUPPORTBEAM-1,14,SupportBeam/B31,100.0,-10.0,0.0,-0.0077973385,-0.00013128981,-0.23501451,-0.00517207,-0.000174672,-0.247134,0.012400643312812485,5.273641093534512,5.122104909250464
PART-PIER-2,149,Pier/C3D8R,0.0,-20.0,-10.0,-3.1889517e-16,0.007579347,-0.0036066575,-2.55635e-14,0.000162813,-0.0133861,0.012273649505504148,146.2242533474281,59.4894210681011
PART-PIER-1,95,Pier/C3D8R,0.0,20.0,-10.0,-1.3009334e-15,-0.007579347,-0.0036066575,-2.30078e-14,-0.000162813,-0.0133861,0.012273649505504148,146.2242533474281,59.4894210681011
PART-SUPPORTBEAM-2,134,SupportBeam/B31,-100.0,10.0,-3.75,0.005868922,0.0004421064,-0.23512791,0.00653007,0.000178463,-0.247296,0.01218888997277305,5.182316809292602,5.178837091512787
PART-SUPPORTBEAM-2,238,SupportBeam/B31,100.0,10.0,-3.75,-0.005868922,0.0004421064,-0.23512791,-0.00653007,0.000178463,-0.247296,0.01218888997277305,5.182316809292602,5.178837091512787
PART-SUPPORTBEAM-1,134,SupportBeam/B31,-100.0,-10.0,-3.75,0.005868922,-0.0004421064,-0.23512791,0.00653007,-0.000178463,-0.247296,0.01218888997277305,5.182316809292602,5.178837091512787
PART-SUPPORTBEAM-1,238,SupportBeam/B31,100.0,-10.0,-3.75,-0.005868922,-0.0004421064,-0.23512791,-0.00653007,-0.000178463,-0.247296,0.01218888997277305,5.182316809292602,5.178837091512787
PART-FLOOR-1,57,Floor/S4R,100.0,0.0,0.0,-0.0076137884,7.248984e-15,-0.30245218,-0.00539413,-2.4018e-13,-0.314289,0.012043138757196559,3.9805712963146647,3.896006095254837
PART-FLOOR-1,141,Floor/S4R,-100.0,0.0,0.0,0.0076137884,4.6139375e-15,-0.30245218,0.00539413,-2.1376e-13,-0.314289,0.012043138757196559,3.9805712963146647,3.896006095254837
PART-PIER-2,289,Pier/C3D8R,-5.91667,-10.0,-5.0,-0.00031156937,0.010028085,-0.008440034,-0.000598647,0.00192037,-0.0171729,0.011919748514999275,90.915318507103,31.878093456114705
PART-PIER-2,605,Pier/C3D8R,5.91667,-10.0,-5.0,0.00031156937,0.010028085,-0.008440034,0.000598647,0.00192037,-0.0171729,0.011919748514999275,90.915318507103,31.878093456114705
PART-PIER-1,367,Pier/C3D8R,-5.91667,10.0,-5.0,-0.00031156937,-0.010028085,-0.008440034,-0.000598647,-0.00192037,-0.0171729,0.011919748514999275,90.915318507103,31.878093456114705
PART-PIER-1,527,Pier/C3D8R,5.91667,10.0,-5.0,0.00031156937,-0.010028085,-0.008440034,0.000598647,-0.00192037,-0.0171729,0.011919748514999275,90.915318507103,31.878093456114705
PART-PIER-2,476,Pier/C3D8R,-17.75,-15.0,-5.0,-0.0006568945,0.009357339,-0.006045944,-0.00126959,0.00210501,-0.0154742,0.011910654176051676,106.72665935326053,40.39691253367458
PART-PIER-2,675,Pier/C3D8R,17.75,-15.0,-5.0,0.0006568945,0.009357339,-0.006045944,0.00126959,0.00210501,-0.0154742,0.011910654176051676,106.72665935326053,40.39691253367458
PART-PIER-1,476,Pier/C3D8R,-17.75,15.0,-5.0,-0.0006568945,-0.009357339,-0.006045944,-0.00126959,-0.00210501,-0.0154742,0.011910654176051676,106.72665935326053,40.39691253367458
PART-PIER-1,675,Pier/C3D8R,17.75,15.0,-5.0,0.0006568945,-0.009357339,-0.006045944,0.00126959,-0.00210501,-0.0154742,0.011910654176051676,106.72665935326053,40.39691253367458
PART-PIER-2,364,Pier/C3D8R,-12.16667,-20.0,-15.0,-0.00031476672,0.005608167,-0.0031816596,-0.00123349,-0.000125267,-0.0135012,0.011840997929431545,183.42475025692926,110.02235734357232
PART-PIER-2,524,Pier/C3D8R,12.16667,-20.0,-15.0,0.00031476672,0.005608167,-0.0031816596,0.00123349,-0.000125267,-0.0135012,0.011840997929431545,183.42475025692926,110.02235734357232
PART-PIER-1,286,Pier/C3D8R,-12.16667,20.0,-15.0,-0.00031476672,-0.005608167,-0.0031816596,-0.00123349,0.000125267,-0.0135012,0.011840997929431545,183.42475025692926,110.02235734357232
PART-PIER-1,602,Pier/C3D8R,12.16667,20.0,-15.0,0.00031476672,-0.005608167,-0.0031816596,0.00123349,0.000125267,-0.0135012,0.011840997929431545,183.42475025692926,110.02235734357232
PART-PIER-2,722,Pier/C3D8R,-5.91667,-15.0,-5.0,-0.00021991548,0.009795414,-0.0062050363,-0.000695476,0.0026544,-0.015476,0.011712002676019859,100.98769243685773,35.524401781578675
PART-PIER-2,800,Pier/C3D8R,5.91667,-15.0,-5.0,0.00021991548,0.009795414,-0.0062050363,0.000695476,0.0026544,-0.015476,0.011712002676019859,100.98769243685773,35.524401781578675
PART-PIER-1,722,Pier/C3D8R,-5.91667,15.0,-5.0,-0.00021991548,-0.009795414,-0.0062050363,-0.000695476,-0.0026544,-0.015476,0.011712002676019859,100.98769243685773,35.524401781578675
PART-PIER-1,800,Pier/C3D8R,5.91667,15.0,-5.0,0.00021991548,-0.009795414,-0.0062050363,0.000695476,-0.0026544,-0.015476,0.011712002676019859,100.98769243685773,35.524401781578675
PART-PIER-2,133,Pier/C3D8R,-17.75,-20.0,-5.0,-0.00037948397,0.009246661,-0.0038616024,-0.00158036,0.00204804,-0.0128968,0.011614518638846608,115.82322785247041,31.172235365110506
PART-PIER-2,199,Pier/C3D8R,17.75,-20.0,-5.0,0.00037948397,0.009246661,-0.0038616024,0.00158036,0.00204804,-0.0128968,0.011614518638846608,115.82322785247041,31.172235365110506
PART-PIER-1,33,Pier/C3D8R,-17.75,20.0,-5.0,-0.00037948397,-0.009246661,-0.0038616024,-0.00158036,-0.00204804,-0.0128968,0.011614518638846608,115.82322785247041,31.172235365110506
PART-PIER-1,260,Pier/C3D8R,17.75,20.0,-5.0,0.00037948397,-0.009246661,-0.0038616024,0.00158036,-0.00204804,-0.0128968,0.011614518638846608,115.82322785247041,31.172235365110506
PART-PIER-2,148,Pier/C3D8R,0.0,-20.0,-15.0,-2.8145293e-16,0.005820413,-0.0032415069,-2.05756e-14,0.00063701,-0.0136083,0.011590429924667014,173.97366609000116,104.48579302916548
PART-PIER-1,96,Pier/C3D8R,0.0,20.0,-15.0,-9.700468e-16,-0.005820413,-0.0032415069,-1.83357e-14,-0.00063701,-0.0136083,0.011590429924667014,173.97366609000116,104.48579302916548
PART-PIER-2,134,Pier/C3D8R,-18.0,-20.0,-10.0,-0.00043004664,0.0070886677,-0.0034104986,-0.0013842,9.64086e-05,-0.0124408,0.011460734676746255,145.4744763007912,58.89388787075587
PART-PIER-2,198,Pier/C3D8R,18.0,-20.0,-10.0,0.00043004664,0.0070886677,-0.0034104986,0.0013842,9.64086e-05,-0.0124408,0.011460734676746255,145.4744763007912,58.89388787075587
PART-PIER-1,32,Pier/C3D8R,-18.0,20.0,-10.0,-0.00043004664,-0.0070886677,-0.0034104986,-0.0013842,-9.64086e-05,-0.0124408,0.011460734676746255,145.4744763007912,58.89388787075587
PART-PIER-1,261,Pier/C3D8R,18.0,20.0,-10.0,0.00043004664,-0.0070886677,-0.0034104986,0.0013842,-9.64086e-05,-0.0124408,0.011460734676746255,145.4744763007912,58.89388787075587
PART-PIER-2,365,Pier/C3D8R,-6.0,-20.0,-10.0,-0.00014617003,0.0075252103,-0.0035493332,-0.000733309,0.000875027,-0.0128576,0.011454846175906239,137.65306600518917,55.11788568396684
PART-PIER-2,525,Pier/C3D8R,6.0,-20.0,-10.0,0.00014617003,0.0075252103,-0.0035493332,0.000733309,0.000875027,-0.0128576,0.011454846175906239,137.65306600518917,55.11788568396684
PART-PIER-1,287,Pier/C3D8R,-6.0,20.0,-10.0,-0.00014617003,-0.0075252103,-0.0035493332,-0.000733309,-0.000875027,-0.0128576,0.011454846175906239,137.65306600518917,55.11788568396684
PART-PIER-1,603,Pier/C3D8R,6.0,20.0,-10.0,0.00014617003,-0.0075252103,-0.0035493332,0.000733309,-0.000875027,-0.0128576,0.011454846175906239,137.65306600518917,55.11788568396684
PART-PIER-2,33,Pier/C3D8R,-17.75,-10.0,-5.0,-0.00093259744,0.00959469,-0.008267298,-0.00251896,0.00149671,-0.016153,0.011413944203691104,89.87746871061513,29.270154110372797
PART-PIER-2,260,Pier/C3D8R,17.75,-10.0,-5.0,0.00093259744,0.00959469,-0.008267298,0.00251896,0.00149671,-0.016153,0.011413944203691104,89.87746871061513,29.270154110372797
PART-PIER-1,133,Pier/C3D8R,-17.75,10.0,-5.0,-0.00093259744,-0.00959469,-0.008267298,-0.00251896,-0.00149671,-0.016153,0.011413944203691104,89.87746871061513,29.270154110372797
PART-PIER-1,199,Pier/C3D8R,17.75,10.0,-5.0,0.00093259744,-0.00959469,-0.008267298,0.00251896,-0.00149671,-0.016153,0.011413944203691104,89.87746871061513,29.270154110372797
PART-PIER-2,132,Pier/C3D8R,-17.5,-20.0,0.0,-0.00037091784,0.011561177,-0.004182777,0.000478695,0.00357598,-0.0122396,0.011375307027066604,92.48094316793063,3.740686965121859
PART-PIER-2,200,Pier/C3D8R,17.5,-20.0,0.0,0.00037091784,0.011561177,-0.004182777,-0.000478695,0.00357598,-0.0122396,0.011375307027066604,92.48094316793063,3.740686965121859
PART-PIER-1,34,Pier/C3D8R,-17.5,20.0,0.0,-0.00037091784,-0.011561177,-0.004182777,0.000478695,-0.00357598,-0.0122396,0.011375307027066604,92.48094316793063,3.740686965121859
PART-PIER-1,259,Pier/C3D8R,17.5,20.0,0.0,0.00037091784,-0.011561177,-0.004182777,-0.000478695,-0.00357598,-0.0122396,0.011375307027066604,92.48094316793063,3.740686965121859
PART-PIER-2,150,Pier/C3D8R,0.0,-20.0,-5.0,-3.84665e-16,0.009732961,-0.003978311,-3.00167e-14,0.00296993,-0.0129448,0.01123105129959266,106.81354507367755,26.31090420247886
PART-PIER-1,94,Pier/C3D8R,0.0,20.0,-5.0,-1.6732276e-15,-0.009732961,-0.003978311,-2.68445e-14,-0.00296993,-0.0129448,0.01123105129959266,106.81354507367755,26.31090420247886
PART-FLOOR-1,309,Floor/S4R,65.0,0.0,0.0,-0.0046067503,7.904894e-15,-0.40616748,-0.00355967,-3.01213e-13,-0.394989,0.011227412536512993,2.764054486584634,2.7544905296292415
PART-FLOOR-1,378,Floor/S4R,-65.0,0.0,0.0,0.0046067503,5.32733e-15,-0.40616748,0.00355967,-2.78045e-13,-0.394989,0.011227412536512993,2.764054486584634,2.7544905296292415
PART-PIER-2,723,Pier/C3D8R,-11.83333,-15.0,-5.0,-0.0004516994,0.009631179,-0.006114523,-0.001054,0.0023184,-0.01456,0.011187742599520708,97.9907829217614,29.463726292302788
PART-PIER-2,801,Pier/C3D8R,11.83333,-15.0,-5.0,0.0004516994,0.009631179,-0.006114523,0.001054,0.0023184,-0.01456,0.011187742599520708,97.9907829217614,29.463726292302788
PART-PIER-1,723,Pier/C3D8R,-11.83333,15.0,-5.0,-0.0004516994,-0.009631179,-0.006114523,-0.001054,-0.0023184,-0.01456,0.011187742599520708,97.9907829217614,29.463726292302788
PART-PIER-1,801,Pier/C3D8R,11.83333,15.0,-5.0,0.0004516994,-0.009631179,-0.006114523,0.001054,-0.0023184,-0.01456,0.011187742599520708,97.9907829217614,29.463726292302788
PART-PIER-2,718,Pier/C3D8R,-6.08333,-15.0,-15.0,-0.0002440315,0.005871365,-0.0048845573,-0.000733518,0.000488133,-0.0145164,0.011044961638550383,144.54059836860503,90.31940542698183
PART-PIER-2,796,Pier/C3D8R,6.08333,-15.0,-15.0,0.0002440315,0.005871365,-0.0048845573,0.000733518,0.000488133,-0.0145164,0.011044961638550383,144.54059836860503,90.31940542698183
PART-PIER-1,718,Pier/C3D8R,-6.08333,15.0,-15.0,-0.0002440315,-0.005871365,-0.0048845573,-0.000733518,-0.000488133,-0.0145164,0.011044961638550383,144.54059836860503,90.31940542698183
PART-PIER-1,796,Pier/C3D8R,6.08333,15.0,-15.0,0.0002440315,-0.005871365,-0.0048845573,0.000733518,-0.000488133,-0.0145164,0.011044961638550383,144.54059836860503,90.31940542698183
PART-PIER-2,369,Pier/C3D8R,-5.83333,-20.0,0.0,-0.00012333762,0.012000789,-0.0043133595,0.000118165,0.00417781,-0.0118656,0.010876288913032245,85.28410485677296,1.3553223660270717
PART-PIER-2,529,Pier/C3D8R,5.83333,-20.0,0.0,0.00012333762,0.012000789,-0.0043133595,-0.000118165,0.00417781,-0.0118656,0.010876288913032245,85.28410485677296,1.3553223660270717
PART-PIER-1,291,Pier/C3D8R,-5.83333,20.0,0.0,-0.00012333762,-0.012000789,-0.0043133595,0.000118165,-0.00417781,-0.0118656,0.010876288913032245,85.28410485677296,1.3553223660270717
PART-PIER-1,607,Pier/C3D8R,5.83333,20.0,0.0,0.00012333762,-0.012000789,-0.0043133595,-0.000118165,-0.00417781,-0.0118656,0.010876288913032245,85.28410485677296,1.3553223660270717
PART-PIER-2,366,Pier/C3D8R,-12.0,-20.0,-10.0,-0.00027968132,0.0073659406,-0.0035372057,-0.000796167,0.00114184,-0.0124229,0.010861019700268383,132.8401107569874,52.89421337523773
PART-PIER-2,526,Pier/C3D8R,12.0,-20.0,-10.0,0.00027968132,0.0073659406,-0.0035372057,0.000796167,0.00114184,-0.0124229,0.010861019700268383,132.8401107569874,52.89421337523773
PART-PIER-1,288,Pier/C3D8R,-12.0,20.0,-10.0,-0.00027968132,-0.0073659406,-0.0035372057,-0.000796167,-0.00114184,-0.0124229,0.010861019700268383,132.8401107569874,52.89421337523773
PART-PIER-1,604,Pier/C3D8R,12.0,20.0,-10.0,0.00027968132,-0.0073659406,-0.0035372057,0.000796167,-0.00114184,-0.0124229,0.010861019700268383,132.8401107569874,52.89421337523773
PART-PIER-2,92,Pier/C3D8R,0.0,-10.0,5.0,6.352447e-16,0.0150711145,-0.010196153,3.08868e-15,0.00823799,-0.0184891,0.010745443703138055,59.05337784717254,11.239585291101704
PART-PIER-1,152,Pier/C3D8R,0.0,10.0,5.0,-3.2049355e-15,-0.0150711145,-0.010196153,7.37537e-15,-0.00823799,-0.0184891,0.010745443703138055,59.05337784717254,11.239585291101704
PART-FLOOR-1,476,Floor/S4R,-245.0,-5.0,0.0,0.0017342891,0.0004649441,-0.18101642,0.0021159,0.000262995,-0.191672,0.010664323487891276,5.8910671730784605,5.887869058942913
PART-FLOOR-1,478,Floor/S4R,-245.0,5.0,0.0,0.0017342891,-0.0004649441,-0.18101642,0.0021159,-0.000262995,-0.191672,0.010664323487891276,5.8910671730784605,5.887869058942913
PART-FLOOR-1,503,Floor/S4R,245.0,5.0,0.0,-0.0017342891,-0.0004649441,-0.18101642,-0.0021159,-0.000262995,-0.191672,0.010664323487891276,5.8910671730784605,5.887869058942913
PART-FLOOR-1,505,Floor/S4R,245.0,-5.0,0.0,-0.0017342891,0.0004649441,-0.18101642,-0.0021159,0.000262995,-0.191672,0.010664323487891276,5.8910671730784605,5.887869058942913
PART-PIER-2,721,Pier/C3D8R,-12.0,-15.0,-10.0,-0.00046060962,0.0075612483,-0.0055462806,-0.00130148,0.00105297,-0.0137889,0.01053591590700441,112.22027334756007,47.94696693100515
PART-PIER-2,799,Pier/C3D8R,12.0,-15.0,-10.0,0.00046060962,0.0075612483,-0.0055462806,0.00130148,0.00105297,-0.0137889,0.01053591590700441,112.22027334756007,47.94696693100515
PART-PIER-1,721,Pier/C3D8R,-12.0,15.0,-10.0,-0.00046060962,-0.0075612483,-0.0055462806,-0.00130148,-0.00105297,-0.0137889,0.01053591590700441,112.22027334756007,47.94696693100515
PART-PIER-1,799,Pier/C3D8R,12.0,15.0,-10.0,0.00046060962,-0.0075612483,-0.0055462806,0.00130148,-0.00105297,-0.0137889,0.01053591590700441,112.22027334756007,47.94696693100515
PART-PIER-2,474,Pier/C3D8R,-18.25,-15.0,-15.0,-0.0007178295,0.0054424065,-0.004718986,-0.00185133,4.02454e-05,-0.0136756,0.010520888854029846,145.33514297393398,90.63819922763763
PART-PIER-2,673,Pier/C3D8R,18.25,-15.0,-15.0,0.0007178295,0.0054424065,-0.004718986,0.00185133,4.02454e-05,-0.0136756,0.010520888854029846,145.33514297393398,90.63819922763763
PART-PIER-1,474,Pier/C3D8R,-18.25,15.0,-15.0,-0.0007178295,-0.0054424065,-0.004718986,-0.00185133,-4.02454e-05,-0.0136756,0.010520888854029846,145.33514297393398,90.63819922763763
PART-PIER-1,673,Pier/C3D8R,18.25,15.0,-15.0,0.0007178295,-0.0054424065,-0.004718986,0.00185133,-4.02454e-05,-0.0136756,0.010520888854029846,145.33514297393398,90.63819922763763
PART-PIER-2,95,Pier/C3D8R,0.0,-10.0,-10.0,4.4366323e-16,0.008008828,-0.0075344574,3.66991e-15,0.00146871,-0.0155354,0.01033383887732041,93.97919033233735,41.9138017409198
PART-PIER-1,149,Pier/C3D8R,0.0,10.0,-10.0,-1.8060273e-15,-0.008008828,-0.0075344574,5.72114e-15,-0.00146871,-0.0155354,0.01033383887732041,93.97919033233735,41.9138017409198
PART-PIER-2,720,Pier/C3D8R,-6.0,-15.0,-10.0,-0.00023643595,0.007721562,-0.0055573606,-0.000337151,0.00138124,-0.0136052,0.010245855044513018,107.66476030434814,43.74373060282758
PART-PIER-2,798,Pier/C3D8R,6.0,-15.0,-10.0,0.00023643595,0.007721562,-0.0055573606,0.000337151,0.00138124,-0.0136052,0.010245855044513018,107.66476030434814,43.74373060282758
PART-PIER-1,720,Pier/C3D8R,-6.0,15.0,-10.0,-0.00023643595,-0.007721562,-0.0055573606,-0.000337151,-0.00138124,-0.0136052,0.010245855044513018,107.66476030434814,43.74373060282758
PART-PIER-1,798,Pier/C3D8R,6.0,15.0,-10.0,0.00023643595,-0.007721562,-0.0055573606,0.000337151,-0.00138124,-0.0136052,0.010245855044513018,107.66476030434814,43.74373060282758
PART-FLOOR-1,290,Floor/S4R,95.0,-5.0,0.0,-0.007382157,-3.1662585e-05,-0.30248502,-0.00507691,-0.000110186,-0.312311,0.010093077460225523,3.3357265096964643,3.2313276603991867
PART-FLOOR-1,292,Floor/S4R,95.0,5.0,0.0,-0.007382157,3.1662585e-05,-0.30248502,-0.00507691,0.000110186,-0.312311,0.010093077460225523,3.3357265096964643,3.2313276603991867
PART-FLOOR-1,395,Floor/S4R,-95.0,-5.0,0.0,0.007382157,-3.1662585e-05,-0.30248502,0.00507691,-0.000110186,-0.312311,0.010093077460225523,3.3357265096964643,3.2313276603991867
PART-FLOOR-1,397,Floor/S4R,-95.0,5.0,0.0,0.007382157,3.1662585e-05,-0.30248502,0.00507691,0.000110186,-0.312311,0.010093077460225523,3.3357265096964643,3.2313276603991867
PART-PIER-2,96,Pier/C3D8R,0.0,-10.0,-15.0,3.6360877e-16,0.006154668,-0.0066413637,4.25056e-15,0.00151076,-0.0155946,0.010085946745650687,111.38903756650762,73.03281844352817
PART-PIER-1,148,Pier/C3D8R,0.0,10.0,-15.0,-1.3804729e-15,-0.006154668,-0.0066413637,6.24504e-15,-0.00151076,-0.0155946,0.010085946745650687,111.38903756650762,73.03281844352817
PART-PIER-2,290,Pier/C3D8R,-11.83333,-10.0,-5.0,-0.0006373936,0.009865024,-0.008348038,-0.00112714,0.00384584,-0.0162515,0.009946614456568272,76.8738231287103,29.364675074929774
PART-PIER-2,606,Pier/C3D8R,11.83333,-10.0,-5.0,0.0006373936,0.009865024,-0.008348038,0.00112714,0.00384584,-0.0162515,0.009946614456568272,76.8738231287103,29.364675074929774
PART-PIER-1,368,Pier/C3D8R,-11.83333,10.0,-5.0,-0.0006373936,-0.009865024,-0.008348038,-0.00112714,-0.00384584,-0.0162515,0.009946614456568272,76.8738231287103,29.364675074929774
PART-PIER-1,528,Pier/C3D8R,11.83333,10.0,-5.0,0.0006373936,-0.009865024,-0.008348038,0.00112714,-0.00384584,-0.0162515,0.009946614456568272,76.8738231287103,29.364675074929774
PART-PIER-2,475,Pier/C3D8R,-18.0,-15.0,-10.0,-0.0007054154,0.007288873,-0.005405088,-0.00180681,0.0011922,-0.0131686,0.009932502721267293,109.12844691682379,46.62523347561914
PART-PIER-2,674,Pier/C3D8R,18.0,-15.0,-10.0,0.0007054154,0.007288873,-0.005405088,0.00180681,0.0011922,-0.0131686,0.009932502721267293,109.12844691682379,46.62523347561914
PART-PIER-1,475,Pier/C3D8R,-18.0,15.0,-10.0,-0.0007054154,-0.007288873,-0.005405088,-0.00180681,-0.0011922,-0.0131686,0.009932502721267293,109.12844691682379,46.62523347561914
PART-PIER-1,674,Pier/C3D8R,18.0,15.0,-10.0,0.0007054154,-0.007288873,-0.005405088,0.00180681,-0.0011922,-0.0131686,0.009932502721267293,109.12844691682379,46.62523347561914
PART-PIER-2,725,Pier/C3D8R,-11.66667,-15.0,0.0,-0.00042090565,0.0120091345,-0.0067681684,6.13727e-05,0.00503957,-0.0138188,0.009925665100408008,71.96960789226664,6.654276030309343
PART-PIER-2,803,Pier/C3D8R,11.66667,-15.0,0.0,0.00042090565,0.0120091345,-0.0067681684,-6.13727e-05,0.00503957,-0.0138188,0.009925665100408008,71.96960789226664,6.654276030309343
PART-PIER-1,725,Pier/C3D8R,-11.66667,15.0,0.0,-0.00042090565,-0.0120091345,-0.0067681684,6.13727e-05,-0.00503957,-0.0138188,0.009925665100408008,71.96960789226664,6.654276030309343
PART-PIER-1,803,Pier/C3D8R,11.66667,15.0,0.0,0.00042090565,-0.0120091345,-0.0067681684,-6.13727e-05,-0.00503957,-0.0138188,0.009925665100408008,71.96960789226664,6.654276030309343
PART-PIER-2,436,Pier/C3D8R,0.0,-15.0,-10.0,3.7115763e-17,0.007778175,-0.0056218104,-1.06221e-14,0.00176169,-0.0134071,0.009839147621165828,102.52185189902559,40.900021189719226
PART-PIER-1,436,Pier/C3D8R,0.0,15.0,-10.0,-1.562201e-15,-0.007778175,-0.0056218104,-8.04669e-15,-0.00176169,-0.0134071,0.009839147621165828,102.52185189902559,40.900021189719226
PART-PIER-2,288,Pier/C3D8R,-12.0,-10.0,-10.0,-0.0006399892,0.007796438,-0.007449839,-0.00126965,0.00119381,-0.0146134,0.009762570124212253,90.37319908429212,36.23645668526335
PART-PIER-2,604,Pier/C3D8R,12.0,-10.0,-10.0,0.0006399892,0.007796438,-0.007449839,0.00126965,0.00119381,-0.0146134,0.009762570124212253,90.37319908429212,36.23645668526335
PART-PIER-1,366,Pier/C3D8R,-12.0,10.0,-10.0,-0.0006399892,-0.007796438,-0.007449839,-0.00126965,-0.00119381,-0.0146134,0.009762570124212253,90.37319908429212,36.23645668526335
PART-PIER-1,526,Pier/C3D8R,12.0,10.0,-10.0,0.0006399892,-0.007796438,-0.007449839,0.00126965,-0.00119381,-0.0146134,0.009762570124212253,90.37319908429212,36.23645668526335
PART-PIER-2,286,Pier/C3D8R,-12.16667,-10.0,-15.0,-0.0006688295,0.0059388787,-0.0065620346,-0.00143778,0.00119678,-0.0147493,0.009492633969664538,106.95091498688538,67.5076036947505
PART-PIER-2,602,Pier/C3D8R,12.16667,-10.0,-15.0,0.0006688295,0.0059388787,-0.0065620346,0.00143778,0.00119678,-0.0147493,0.009492633969664538,106.95091498688538,67.5076036947505
PART-PIER-1,364,Pier/C3D8R,-12.16667,10.0,-15.0,-0.0006688295,-0.0059388787,-0.0065620346,-0.00143778,-0.00119678,-0.0147493,0.009492633969664538,106.95091498688538,67.5076036947505
PART-PIER-1,524,Pier/C3D8R,12.16667,10.0,-15.0,0.0006688295,-0.0059388787,-0.0065620346,0.00143778,-0.00119678,-0.0147493,0.009492633969664538,106.95091498688538,67.5076036947505
PART-FLOOR-1,477,Floor/S4R,-245.0,0.0,0.0,0.0023724427,3.5784958e-17,-0.17832264,0.00204008,-2.26163e-15,-0.187794,0.009477189731874686,5.314160390299083,5.308255880898647
PART-FLOOR-1,504,Floor/S4R,245.0,0.0,0.0,-0.0023724427,-1.14227646e-17,-0.17832264,-0.00204008,-1.81673e-15,-0.187794,0.009477189731874686,5.314160390299083,5.308255880898647
PART-FLOOR-1,74,Floor/S4R,65.0,10.0,0.0,-0.0045808507,0.00042455658,-0.40168914,-0.00355777,0.000153597,-0.3923,0.009448601121452137,2.3520629676862743,2.339795546224604
PART-FLOOR-1,82,Floor/S4R,65.0,-10.0,0.0,-0.0045808507,-0.00042455658,-0.40168914,-0.00355777,-0.000153597,-0.3923,0.009448601121452137,2.3520629676862743,2.339795546224604
PART-FLOOR-1,133,Floor/S4R,-65.0,10.0,0.0,0.0045808507,0.00042455658,-0.40168914,0.00355777,0.000153597,-0.3923,0.009448601121452137,2.3520629676862743,2.339795546224604
PART-FLOOR-1,149,Floor/S4R,-65.0,-10.0,0.0,0.0045808507,-0.00042455658,-0.40168914,0.00355777,-0.000153597,-0.3923,0.009448601121452137,2.3520629676862743,2.339795546224604
PART-SUPPORTBEAM-2,102,SupportBeam/B31,-96.66666,10.0,-2.0,0.005990137,0.00029857614,-0.23735256,0.00424701,0.000158177,-0.246445,0.00925908574375688,3.899739349303652,3.8130747603456854
PART-SUPPORTBEAM-2,237,SupportBeam/B31,96.66666,10.0,-2.0,-0.005990137,0.00029857614,-0.23735256,-0.00424701,0.000158177,-0.246445,0.00925908574375688,3.899739349303652,3.8130747603456854
PART-SUPPORTBEAM-1,102,SupportBeam/B31,-96.66666,-10.0,-2.0,0.005990137,-0.00029857614,-0.23735256,0.00424701,-0.000158177,-0.246445,0.00925908574375688,3.899739349303652,3.8130747603456854
PART-SUPPORTBEAM-1,237,SupportBeam/B31,96.66666,-10.0,-2.0,-0.005990137,-0.00029857614,-0.23735256,-0.00424701,-0.000158177,-0.246445,0.00925908574375688,3.899739349303652,3.8130747603456854
PART-PIER-2,287,Pier/C3D8R,-6.0,-10.0,-10.0,-0.00032592975,0.007957358,-0.007467845,-0.000738621,0.00246897,-0.0145494,0.00896889837852986,82.15065332881805,35.339653211780465
PART-PIER-2,603,Pier/C3D8R,6.0,-10.0,-10.0,0.00032592975,0.007957358,-0.007467845,0.000738621,0.00246897,-0.0145494,0.00896889837852986,82.15065332881805,35.339653211780465
PART-PIER-1,365,Pier/C3D8R,-6.0,10.0,-10.0,-0.00032592975,-0.007957358,-0.007467845,-0.000738621,-0.00246897,-0.0145494,0.00896889837852986,82.15065332881805,35.339653211780465
PART-PIER-1,525,Pier/C3D8R,6.0,10.0,-10.0,0.00032592975,-0.007957358,-0.007467845,0.000738621,-0.00246897,-0.0145494,0.00896889837852986,82.15065332881805,35.339653211780465
PART-FLOOR-1,202,Floor/S4R,-245.0,10.0,0.0,0.0024458377,6.690919e-05,-0.18883553,0.00213118,-0.000439111,-0.197725,0.0089094187678971,4.717687916948566,4.705071243413158
PART-FLOOR-1,206,Floor/S4R,-245.0,-10.0,0.0,0.0024458377,-6.690919e-05,-0.18883553,0.00213118,0.000439111,-0.197725,0.0089094187678971,4.717687916948566,4.705071243413158
PART-FLOOR-1,223,Floor/S4R,245.0,-10.0,0.0,-0.0024458377,-6.690919e-05,-0.18883553,-0.00213118,0.000439111,-0.197725,0.0089094187678971,4.717687916948566,4.705071243413158
PART-FLOOR-1,227,Floor/S4R,245.0,10.0,0.0,-0.0024458377,6.690919e-05,-0.18883553,-0.00213118,-0.000439111,-0.197725,0.0089094187678971,4.717687916948566,4.705071243413158
PART-PIER-2,94,Pier/C3D8R,0.0,-10.0,-5.0,5.0550815e-16,0.010083608,-0.008428623,4.53309e-15,0.00413085,-0.0149136,0.008802854906057068,66.98093072788897,17.75021341921853
PART-PIER-1,150,Pier/C3D8R,0.0,10.0,-5.0,-2.242622e-15,-0.010083608,-0.008428623,7.27475e-15,-0.00413085,-0.0149136,0.008802854906057068,66.98093072788897,17.75021341921853
PART-PIER-2,147,Pier/C3D8R,0.0,-20.0,-20.0,-2.2314564e-16,0.004144483,-0.0027406951,-1.58677e-14,-0.000379685,-0.0102095,0.008732190030369702,175.74335527305507,105.61761949927812
PART-PIER-1,97,Pier/C3D8R,0.0,20.0,-20.0,-7.218776e-16,-0.004144483,-0.0027406951,-1.49506e-14,0.000379685,-0.0102095,0.008732190030369702,175.74335527305507,105.61761949927812
PART-PIER-2,361,Pier/C3D8R,-6.16667,-20.0,-20.0,-0.0001759527,0.004093892,-0.002664458,-0.000545586,-0.000588826,-0.00995713,0.008674534082218877,177.47444767065656,104.37633870062568
PART-PIER-2,521,Pier/C3D8R,6.16667,-20.0,-20.0,0.0001759527,0.004093892,-0.002664458,0.000545586,-0.000588826,-0.00995713,0.008674534082218877,177.47444767065656,104.37633870062568
PART-PIER-1,283,Pier/C3D8R,-6.16667,20.0,-20.0,-0.0001759527,-0.004093892,-0.002664458,-0.000545586,0.000588826,-0.00995713,0.008674534082218877,177.47444767065656,104.37633870062568
PART-PIER-1,599,Pier/C3D8R,6.16667,20.0,-20.0,0.0001759527,-0.004093892,-0.002664458,0.000545586,0.000588826,-0.00995713,0.008674534082218877,177.47444767065656,104.37633870062568
PART-PIER-2,32,Pier/C3D8R,-18.0,-10.0,-10.0,-0.0009814478,0.0075217816,-0.0072812354,-0.00157113,0.00225507,-0.0139827,0.00854374648264007,81.25602439659994,35.52823081113095
PART-PIER-2,261,Pier/C3D8R,18.0,-10.0,-10.0,0.0009814478,0.0075217816,-0.0072812354,0.00157113,0.00225507,-0.0139827,0.00854374648264007,81.25602439659994,35.52823081113095
PART-PIER-1,134,Pier/C3D8R,-18.0,10.0,-10.0,-0.0009814478,-0.0075217816,-0.0072812354,-0.00157113,-0.00225507,-0.0139827,0.00854374648264007,81.25602439659994,35.52823081113095
PART-PIER-1,198,Pier/C3D8R,18.0,10.0,-10.0,0.0009814478,-0.0075217816,-0.0072812354,0.00157113,-0.00225507,-0.0139827,0.00854374648264007,81.25602439659994,35.52823081113095
PART-PIER-2,362,Pier/C3D8R,-12.33333,-20.0,-20.0,-0.00034212472,0.003946264,-0.00269237,-0.00111808,-0.000459897,-0.00985702,0.00844680833078275,176.36252061870422,107.3488134054221
PART-PIER-2,522,Pier/C3D8R,12.33333,-20.0,-20.0,0.00034212472,0.003946264,-0.00269237,0.00111808,-0.000459897,-0.00985702,0.00844680833078275,176.36252061870422,107.3488134054221
PART-PIER-1,284,Pier/C3D8R,-12.33333,20.0,-20.0,-0.00034212472,-0.003946264,-0.00269237,-0.00111808,0.000459897,-0.00985702,0.00844680833078275,176.36252061870422,107.3488134054221
PART-PIER-1,600,Pier/C3D8R,12.33333,20.0,-20.0,0.00034212472,-0.003946264,-0.00269237,0.00111808,0.000459897,-0.00985702,0.00844680833078275,176.36252061870422,107.3488134054221
PART-PIER-2,136,Pier/C3D8R,-18.5,-20.0,-20.0,-0.0004978236,0.0036813626,-0.0025416582,-0.00173175,-0.00078684,-0.00942928,0.00830221313235808,184.4467892082105,113.70618239735097
PART-PIER-2,196,Pier/C3D8R,18.5,-20.0,-20.0,0.0004978236,0.0036813626,-0.0025416582,0.00173175,-0.00078684,-0.00942928,0.00830221313235808,184.4467892082105,113.70618239735097
PART-PIER-1,30,Pier/C3D8R,-18.5,20.0,-20.0,-0.0004978236,-0.0036813626,-0.0025416582,-0.00173175,0.00078684,-0.00942928,0.00830221313235808,184.4467892082105,113.70618239735097
PART-PIER-1,263,Pier/C3D8R,18.5,20.0,-20.0,0.0004978236,-0.0036813626,-0.0025416582,0.00173175,0.00078684,-0.00942928,0.00830221313235808,184.4467892082105,113.70618239735097
PART-PIER-2,145,Pier/C3D8R,0.0,-20.0,-30.0,-1.2285845e-16,0.0017288917,-0.0017417934,-6.33536e-15,-0.000878498,-0.00955062,0.008232633473957992,335.4560017830713,290.8030023934934
PART-PIER-1,99,Pier/C3D8R,0.0,20.0,-30.0,-3.134136e-16,-0.0017288917,-0.0017417934,-8.19063e-15,0.000878498,-0.00955062,0.008232633473957992,335.4560017830713,290.8030023934934
PART-FLOOR-1,72,Floor/S4R,75.0,10.0,0.0,-0.005456543,0.00034509005,-0.46000576,-0.00406261,0.000150445,-0.468098,0.008213725349777589,1.7854440007607209,1.7558111070332318
PART-FLOOR-1,84,Floor/S4R,75.0,-10.0,0.0,-0.005456543,-0.00034509005,-0.46000576,-0.00406261,-0.000150445,-0.468098,0.008213725349777589,1.7854440007607209,1.7558111070332318
PART-FLOOR-1,135,Floor/S4R,-75.0,10.0,0.0,0.005456543,0.00034509005,-0.46000576,0.00406261,0.000150445,-0.468098,0.008213725349777589,1.7854440007607209,1.7558111070332318
PART-FLOOR-1,147,Floor/S4R,-75.0,-10.0,0.0,0.005456543,-0.00034509005,-0.46000576,0.00406261,-0.000150445,-0.468098,0.008213725349777589,1.7854440007607209,1.7558111070332318
PART-PIER-2,363,Pier/C3D8R,-6.08333,-20.0,-15.0,-0.00015853668,0.005769509,-0.0032810608,-0.000410019,0.000273727,-0.00931062,0.00816225748767467,122.94211805583942,40.43551635916556
PART-PIER-2,523,Pier/C3D8R,6.08333,-20.0,-15.0,0.00015853668,0.005769509,-0.0032810608,0.000410019,0.000273727,-0.00931062,0.00816225748767467,122.94211805583942,40.43551635916556
PART-PIER-1,285,Pier/C3D8R,-6.08333,20.0,-15.0,-0.00015853668,-0.005769509,-0.0032810608,-0.000410019,-0.000273727,-0.00931062,0.00816225748767467,122.94211805583942,40.43551635916556
PART-PIER-1,601,Pier/C3D8R,6.08333,20.0,-15.0,0.00015853668,-0.005769509,-0.0032810608,0.000410019,-0.000273727,-0.00931062,0.00816225748767467,122.94211805583942,40.43551635916556
PART-PIER-2,438,Pier/C3D8R,0.0,-15.0,0.0,4.3398233e-17,0.012226447,-0.0068424335,-1.4604e-14,0.00574406,-0.0117016,0.008101409771915704,57.8222552690307,6.962333702279952
PART-PIER-1,438,Pier/C3D8R,0.0,15.0,0.0,-2.3976303e-15,-0.012226447,-0.0068424335,-1.14233e-14,-0.00574406,-0.0117016,0.008101409771915704,57.8222552690307,6.962333702279952
PART-SUPPORTBEAM-2,46,SupportBeam/B31,-246.66667,10.0,-28.0,0.0034647186,0.0014664454,-0.021136794,0.00569733,0.00152109,-0.028885,0.00806363664323704,37.55940809744706,37.31778503543043
PART-SUPPORTBEAM-2,343,SupportBeam/B31,246.66667,10.0,-28.0,-0.0034647186,0.0014664454,-0.021136794,-0.00569733,0.00152109,-0.028885,0.00806363664323704,37.55940809744706,37.31778503543043
PART-SUPPORTBEAM-1,46,SupportBeam/B31,-246.66667,-10.0,-28.0,0.0034647186,-0.0014664454,-0.021136794,0.00569733,-0.00152109,-0.028885,0.00806363664323704,37.55940809744706,37.31778503543043
PART-SUPPORTBEAM-1,343,SupportBeam/B31,246.66667,-10.0,-28.0,-0.0034647186,-0.0014664454,-0.021136794,-0.00569733,-0.00152109,-0.028885,0.00806363664323704,37.55940809744706,37.31778503543043
PART-PIER-2,135,Pier/C3D8R,-18.25,-20.0,-15.0,-0.00044993038,0.0053412495,-0.0031551572,-0.00143337,0.000110097,-0.00917952,0.008038971147507984,129.2472490140054,49.3834063617324
PART-PIER-2,197,Pier/C3D8R,18.25,-20.0,-15.0,0.00044993038,0.0053412495,-0.0031551572,0.00143337,0.000110097,-0.00917952,0.008038971147507984,129.2472490140054,49.3834063617324
PART-PIER-1,31,Pier/C3D8R,-18.25,20.0,-15.0,-0.00044993038,-0.0053412495,-0.0031551572,-0.00143337,-0.000110097,-0.00917952,0.008038971147507984,129.2472490140054,49.3834063617324
PART-PIER-1,262,Pier/C3D8R,18.25,20.0,-15.0,0.00044993038,-0.0053412495,-0.0031551572,0.00143337,-0.000110097,-0.00917952,0.008038971147507984,129.2472490140054,49.3834063617324
PART-SUPPORTBEAM-2,32,SupportBeam/B31,-246.15384,10.0,-30.0,-0.0042735515,0.0016340393,-0.022084057,-0.00395796,0.00158881,-0.0299217,0.007844124647141943,34.78081067345302,34.013635775931796
PART-SUPPORTBEAM-2,322,SupportBeam/B31,246.15384,10.0,-30.0,0.0042735515,0.0016340393,-0.022084057,0.00395796,0.00158881,-0.0299217,0.007844124647141943,34.78081067345302,34.013635775931796
PART-SUPPORTBEAM-1,32,SupportBeam/B31,-246.15384,-10.0,-30.0,-0.0042735515,-0.0016340393,-0.022084057,-0.00395796,-0.00158881,-0.0299217,0.007844124647141943,34.78081067345302,34.013635775931796
PART-SUPPORTBEAM-1,322,SupportBeam/B31,246.15384,-10.0,-30.0,0.0042735515,-0.0016340393,-0.022084057,0.00395796,-0.00158881,-0.0299217,0.007844124647141943,34.78081067345302,34.013635775931796
PART-PIER-2,34,Pier/C3D8R,-17.5,-10.0,0.0,-0.0009340433,0.011949857,-0.009126556,-7.98176e-06,0.00663936,-0.0146105,0.0076897730888506825,51.04269063660259,6.524381263845962
PART-PIER-2,259,Pier/C3D8R,17.5,-10.0,0.0,0.0009340433,0.011949857,-0.009126556,7.98176e-06,0.00663936,-0.0146105,0.0076897730888506825,51.04269063660259,6.524381263845962
PART-PIER-1,132,Pier/C3D8R,-17.5,10.0,0.0,-0.0009340433,-0.011949857,-0.009126556,-7.98176e-06,-0.00663936,-0.0146105,0.0076897730888506825,51.04269063660259,6.524381263845962
PART-PIER-1,200,Pier/C3D8R,17.5,10.0,0.0,0.0009340433,-0.011949857,-0.009126556,7.98176e-06,-0.00663936,-0.0146105,0.0076897730888506825,51.04269063660259,6.524381263845962
PART-FLOOR-1,294,Floor/S4R,90.0,0.0,0.0,-0.007078502,7.502991e-15,-0.35502446,-0.00482505,-2.59342e-13,-0.362359,0.007672908374788794,2.1608042828493397,2.0546906433247822
PART-FLOOR-1,393,Floor/S4R,-90.0,0.0,0.0,0.007078502,4.804807e-15,-0.35502446,0.00482505,-2.32869e-13,-0.362359,0.007672908374788794,2.1608042828493397,2.0546906433247822
PART-PIER-2,717,Pier/C3D8R,-12.33333,-15.0,-20.0,-0.00050981424,0.004169219,-0.0043110545,-0.00127926,-0.000181095,-0.0105637,0.007655903240300797,127.1971328880612,76.81585101671143
PART-PIER-2,795,Pier/C3D8R,12.33333,-15.0,-20.0,0.00050981424,0.004169219,-0.0043110545,0.00127926,-0.000181095,-0.0105637,0.007655903240300797,127.1971328880612,76.81585101671143
PART-PIER-1,717,Pier/C3D8R,-12.33333,15.0,-20.0,-0.00050981424,-0.004169219,-0.0043110545,-0.00127926,0.000181095,-0.0105637,0.007655903240300797,127.1971328880612,76.81585101671143
PART-PIER-1,795,Pier/C3D8R,12.33333,15.0,-20.0,0.00050981424,-0.004169219,-0.0043110545,0.00127926,0.000181095,-0.0105637,0.007655903240300797,127.1971328880612,76.81585101671143
PART-PIER-2,434,Pier/C3D8R,0.0,-15.0,-20.0,4.00646e-17,0.0043757414,-0.004373119,-6.50215e-15,0.000178678,-0.0107229,0.007611508387407884,123.0365718034378,73.3548644231747
PART-PIER-1,434,Pier/C3D8R,0.0,15.0,-20.0,-9.073574e-16,-0.0043757414,-0.004373119,-4.54296e-15,-0.000178678,-0.0107229,0.007611508387407884,123.0365718034378,73.3548644231747
PART-PIER-2,99,Pier/C3D8R,0.0,-10.0,-30.0,1.7459567e-16,0.002230479,-0.0036682945,6.19179e-15,3.05783e-05,-0.0108893,0.0075486742889656275,175.82931166996772,153.64263965220576
PART-PIER-1,145,Pier/C3D8R,0.0,10.0,-30.0,-5.1346666e-16,-0.002230479,-0.0036682945,3.03354e-15,-3.05783e-05,-0.0108893,0.0075486742889656275,175.82931166996772,153.64263965220576
PART-PIER-2,716,Pier/C3D8R,-6.16667,-15.0,-20.0,-0.00025804792,0.004322494,-0.004282329,-0.000685046,0.000176474,-0.010487,0.007474607108000037,122.73445039426014,72.58984089781185
PART-PIER-2,794,Pier/C3D8R,6.16667,-15.0,-20.0,0.00025804792,0.004322494,-0.004282329,0.000685046,0.000176474,-0.010487,0.007474607108000037,122.73445039426014,72.58984089781185
PART-PIER-1,716,Pier/C3D8R,-6.16667,15.0,-20.0,-0.00025804792,-0.004322494,-0.004282329,-0.000685046,-0.000176474,-0.010487,0.007474607108000037,122.73445039426014,72.58984089781185
PART-PIER-1,794,Pier/C3D8R,6.16667,15.0,-20.0,0.00025804792,-0.004322494,-0.004282329,0.000685046,-0.000176474,-0.010487,0.007474607108000037,122.73445039426014,72.58984089781185
PART-PIER-2,360,Pier/C3D8R,-12.5,-20.0,-25.0,-0.00037005817,0.0027367906,-0.0024268106,-0.00120756,-0.000681785,-0.00898604,0.007443894059562715,202.47437126530318,147.3141458362586
PART-PIER-2,520,Pier/C3D8R,12.5,-20.0,-25.0,0.00037005817,0.0027367906,-0.0024268106,0.00120756,-0.000681785,-0.00898604,0.007443894059562715,202.47437126530318,147.3141458362586
PART-PIER-1,282,Pier/C3D8R,-12.5,20.0,-25.0,-0.00037005817,-0.0027367906,-0.0024268106,-0.00120756,0.000681785,-0.00898604,0.007443894059562715,202.47437126530318,147.3141458362586
PART-PIER-1,598,Pier/C3D8R,12.5,20.0,-25.0,0.00037005817,-0.0027367906,-0.0024268106,0.00120756,0.000681785,-0.00898604,0.007443894059562715,202.47437126530318,147.3141458362586
PART-SUPPORTBEAM-2,97,SupportBeam/B31,-80.0,10.0,-12.0,-0.006424054,0.0011455638,-0.25458536,-0.00338495,4.86412e-05,-0.247885,0.007438697227526243,2.9209279446232452,2.6547635127419693
PART-SUPPORTBEAM-2,232,SupportBeam/B31,80.0,10.0,-12.0,0.006424054,0.0011455638,-0.25458536,0.00338495,4.86412e-05,-0.247885,0.007438697227526243,2.9209279446232452,2.6547635127419693
PART-SUPPORTBEAM-1,97,SupportBeam/B31,-80.0,-10.0,-12.0,-0.006424054,-0.0011455638,-0.25458536,-0.00338495,-4.86412e-05,-0.247885,0.007438697227526243,2.9209279446232452,2.6547635127419693
PART-SUPPORTBEAM-1,232,SupportBeam/B31,80.0,-10.0,-12.0,0.006424054,-0.0011455638,-0.25458536,0.00338495,-4.86412e-05,-0.247885,0.007438697227526243,2.9209279446232452,2.6547635127419693
PART-PIER-2,435,Pier/C3D8R,0.0,-15.0,-15.0,4.81074e-17,0.005920497,-0.0048407246,-8.31596e-15,0.000430284,-0.00979059,0.00739213137488006,96.66022531451797,28.14628013326291
PART-PIER-1,435,Pier/C3D8R,0.0,15.0,-15.0,-1.2055491e-15,-0.005920497,-0.0048407246,-6.73455e-15,-0.000430284,-0.00979059,0.00739213137488006,96.66022531451797,28.14628013326291
PART-FLOOR-1,69,Floor/S4R,90.0,10.0,0.0,-0.0070779175,0.00012090525,-0.3351718,-0.00481554,0.00017045,-0.34219,0.007374004195466561,2.199576481507947,2.081267658437465
PART-FLOOR-1,87,Floor/S4R,90.0,-10.0,0.0,-0.0070779175,-0.00012090525,-0.3351718,-0.00481554,-0.00017045,-0.34219,0.007374004195466561,2.199576481507947,2.081267658437465
PART-FLOOR-1,138,Floor/S4R,-90.0,10.0,0.0,0.0070779175,0.00012090525,-0.3351718,0.00481554,0.00017045,-0.34219,0.007374004195466561,2.199576481507947,2.081267658437465
PART-FLOOR-1,144,Floor/S4R,-90.0,-10.0,0.0,0.0070779175,-0.00012090525,-0.3351718,0.00481554,-0.00017045,-0.34219,0.007374004195466561,2.199576481507947,2.081267658437465
PART-PIER-2,473,Pier/C3D8R,-18.5,-15.0,-20.0,-0.00075969833,0.003905012,-0.0041449787,-0.00179634,-3.70702e-05,-0.0102642,0.007352517075254631,127.97711042874926,81.37407191208837
PART-PIER-2,672,Pier/C3D8R,18.5,-15.0,-20.0,0.00075969833,0.003905012,-0.0041449787,0.00179634,-3.70702e-05,-0.0102642,0.007352517075254631,127.97711042874926,81.37407191208837
PART-PIER-1,473,Pier/C3D8R,-18.5,15.0,-20.0,-0.00075969833,-0.003905012,-0.0041449787,-0.00179634,3.70702e-05,-0.0102642,0.007352517075254631,127.97711042874926,81.37407191208837
PART-PIER-1,672,Pier/C3D8R,18.5,15.0,-20.0,0.00075969833,-0.003905012,-0.0041449787,0.00179634,3.70702e-05,-0.0102642,0.007352517075254631,127.97711042874926,81.37407191208837
PART-PIER-2,358,Pier/C3D8R,-12.66667,-20.0,-30.0,-0.00041236015,0.0015733141,-0.0017564136,-0.00132404,-0.000865077,-0.00844811,0.007180230638024672,299.9493590348614,259.04549360050544
PART-PIER-2,518,Pier/C3D8R,12.66667,-20.0,-30.0,0.00041236015,0.0015733141,-0.0017564136,0.00132404,-0.000865077,-0.00844811,0.007180230638024672,299.9493590348614,259.04549360050544
PART-PIER-1,280,Pier/C3D8R,-12.66667,20.0,-30.0,-0.00041236015,-0.0015733141,-0.0017564136,-0.00132404,0.000865077,-0.00844811,0.007180230638024672,299.9493590348614,259.04549360050544
PART-PIER-1,596,Pier/C3D8R,12.66667,20.0,-30.0,0.00041236015,-0.0015733141,-0.0017564136,0.00132404,0.000865077,-0.00844811,0.007180230638024672,299.9493590348614,259.04549360050544
PART-PIER-2,97,Pier/C3D8R,0.0,-10.0,-20.0,2.9817704e-16,0.004626261,-0.005644551,4.43544e-15,0.000122655,-0.0111174,0.0070876331155073895,97.11524503003665,52.340663586366674
PART-PIER-1,147,Pier/C3D8R,0.0,10.0,-20.0,-1.0710116e-15,-0.004626261,-0.005644551,4.6967e-15,-0.000122655,-0.0111174,0.0070876331155073895,97.11524503003665,52.340663586366674
PART-PIER-2,719,Pier/C3D8R,-12.16667,-15.0,-15.0,-0.00049105095,0.005712543,-0.0047685066,-0.00103577,0.00067237,-0.00970773,0.007077852111231871,94.91035131394719,31.22462129531946
PART-PIER-2,797,Pier/C3D8R,12.16667,-15.0,-15.0,0.00049105095,0.005712543,-0.0047685066,0.00103577,0.00067237,-0.00970773,0.007077852111231871,94.91035131394719,31.22462129531946
PART-PIER-1,719,Pier/C3D8R,-12.16667,15.0,-15.0,-0.00049105095,-0.005712543,-0.0047685066,-0.00103577,-0.00067237,-0.00970773,0.007077852111231871,94.91035131394719,31.22462129531946
PART-PIER-1,797,Pier/C3D8R,12.16667,15.0,-15.0,0.00049105095,-0.005712543,-0.0047685066,0.00103577,-0.00067237,-0.00970773,0.007077852111231871,94.91035131394719,31.22462129531946
PART-PIER-2,359,Pier/C3D8R,-6.25,-20.0,-25.0,-0.00019752045,0.002882038,-0.0025226078,-0.000712838,-0.000459919,-0.00873721,0.007074991821297877,184.47549601156217,128.88800082357426
PART-PIER-2,519,Pier/C3D8R,6.25,-20.0,-25.0,0.00019752045,0.002882038,-0.0025226078,0.000712838,-0.000459919,-0.00873721,0.007074991821297877,184.47549601156217,128.88800082357426
PART-PIER-1,281,Pier/C3D8R,-6.25,20.0,-25.0,-0.00019752045,-0.002882038,-0.0025226078,-0.000712838,0.000459919,-0.00873721,0.007074991821297877,184.47549601156217,128.88800082357426
PART-PIER-1,597,Pier/C3D8R,6.25,20.0,-25.0,0.00019752045,-0.002882038,-0.0025226078,0.000712838,0.000459919,-0.00873721,0.007074991821297877,184.47549601156217,128.88800082357426
PART-FLOOR-1,302,Floor/S4R,75.0,-5.0,0.0,-0.0063743084,-3.266629e-08,-0.45430067,-0.00406209,-7.49708e-05,-0.447692,0.007001891803083151,1.5410945077091631,1.4603323096993652
PART-FLOOR-1,383,Floor/S4R,-75.0,-5.0,0.0,0.0063743084,-3.2666293e-08,-0.45430067,0.00406209,-7.49708e-05,-0.447692,0.007001891803083118,1.5410945077091558,1.4603323096993652
PART-FLOOR-1,385,Floor/S4R,-75.0,5.0,0.0,0.0063743084,3.2666303e-08,-0.45430067,0.00406209,7.49708e-05,-0.447692,0.007001891803083011,1.5410945077091323,1.4603323096993652
PART-FLOOR-1,304,Floor/S4R,75.0,5.0,0.0,-0.0063743084,3.2666307e-08,-0.45430067,-0.00406209,7.49708e-05,-0.447692,0.007001891803082969,1.541094507709123,1.4603323096993652
PART-PIER-2,146,Pier/C3D8R,0.0,-20.0,-25.0,-1.6974769e-16,0.0029251445,-0.0024457213,-1.28565e-14,-0.000736791,-0.00837935,0.006972640902529252,182.8709087531695,120.61248572714578
PART-PIER-1,98,Pier/C3D8R,0.0,20.0,-25.0,-4.904825e-16,-0.0029251445,-0.0024457213,-1.09366e-14,0.000736791,-0.00837935,0.006972640902529252,182.8709087531695,120.61248572714578
PART-PIER-2,712,Pier/C3D8R,-6.33333,-15.0,-30.0,-0.00026821744,0.0019331578,-0.0029680307,-0.000694563,-0.000243938,-0.00952948,0.0069263362303154065,194.9862902269352,169.067786339347
PART-PIER-2,790,Pier/C3D8R,6.33333,-15.0,-30.0,0.00026821744,0.0019331578,-0.0029680307,0.000694563,-0.000243938,-0.00952948,0.0069263362303154065,194.9862902269352,169.067786339347
PART-PIER-1,712,Pier/C3D8R,-6.33333,15.0,-30.0,-0.00026821744,-0.0019331578,-0.0029680307,-0.000694563,0.000243938,-0.00952948,0.0069263362303154065,194.9862902269352,169.067786339347
PART-PIER-1,790,Pier/C3D8R,6.33333,15.0,-30.0,0.00026821744,-0.0019331578,-0.0029680307,0.000694563,0.000243938,-0.00952948,0.0069263362303154065,194.9862902269352,169.067786339347
PART-PIER-2,137,Pier/C3D8R,-18.75,-20.0,-25.0,-0.0005377828,0.0024885803,-0.002440706,-0.00172188,-0.000836077,-0.00828665,0.006828652399458265,193.61421706979309,141.13978366346927
PART-PIER-2,195,Pier/C3D8R,18.75,-20.0,-25.0,0.0005377828,0.0024885803,-0.002440706,0.00172188,-0.000836077,-0.00828665,0.006828652399458265,193.61421706979309,141.13978366346927
PART-PIER-1,29,Pier/C3D8R,-18.75,20.0,-25.0,-0.0005377828,-0.0024885803,-0.002440706,-0.00172188,0.000836077,-0.00828665,0.006828652399458265,193.61421706979309,141.13978366346927
PART-PIER-1,264,Pier/C3D8R,18.75,20.0,-25.0,0.0005377828,-0.0024885803,-0.002440706,0.00172188,0.000836077,-0.00828665,0.006828652399458265,193.61421706979309,141.13978366346927
PART-PIER-2,291,Pier/C3D8R,-5.83333,-10.0,0.0,-0.00030966874,0.012386905,-0.009300951,-2.92837e-05,0.00744259,-0.0139993,0.006826371650861225,44.06045979084858,2.3337193315310647
PART-PIER-2,607,Pier/C3D8R,5.83333,-10.0,0.0,0.00030966874,0.012386905,-0.009300951,2.92837e-05,0.00744259,-0.0139993,0.006826371650861225,44.06045979084858,2.3337193315310647
PART-PIER-1,369,Pier/C3D8R,-5.83333,10.0,0.0,-0.00030966874,-0.012386905,-0.009300951,-2.92837e-05,-0.00744259,-0.0139993,0.006826371650861225,44.06045979084858,2.3337193315310647
PART-PIER-1,529,Pier/C3D8R,5.83333,10.0,0.0,0.00030966874,-0.012386905,-0.009300951,2.92837e-05,-0.00744259,-0.0139993,0.006826371650861225,44.06045979084858,2.3337193315310647
PART-PIER-2,31,Pier/C3D8R,-18.25,-10.0,-15.0,-0.0009854463,0.0056694974,-0.006507165,-0.00201939,0.000443548,-0.0105514,0.006688454488247271,76.99713499225189,23.77710350914205
PART-PIER-2,262,Pier/C3D8R,18.25,-10.0,-15.0,0.0009854463,0.0056694974,-0.006507165,0.00201939,0.000443548,-0.0105514,0.006688454488247271,76.99713499225189,23.77710350914205
PART-PIER-1,135,Pier/C3D8R,-18.25,10.0,-15.0,-0.0009854463,-0.0056694974,-0.006507165,-0.00201939,-0.000443548,-0.0105514,0.006688454488247271,76.99713499225189,23.77710350914205
PART-PIER-1,197,Pier/C3D8R,18.25,10.0,-15.0,0.0009854463,-0.0056694974,-0.006507165,0.00201939,-0.000443548,-0.0105514,0.006688454488247271,76.99713499225189,23.77710350914205
PART-FLOOR-1,303,Floor/S4R,75.0,0.0,0.0,-0.0054696826,7.782579e-15,-0.4531062,-0.00406178,-2.85617e-13,-0.459627,0.0066710585645073355,1.472187438311806,1.4357032435553765
PART-FLOOR-1,384,Floor/S4R,-75.0,0.0,0.0,0.0054696826,5.1141118e-15,-0.4531062,0.00406178,-2.60616e-13,-0.459627,0.0066710585645073355,1.472187438311806,1.4357032435553765
PART-PIER-2,285,Pier/C3D8R,-6.08333,-10.0,-15.0,-0.00033088986,0.0060992576,-0.0066832625,-0.000566132,0.000722348,-0.0104834,0.006588439931418528,72.76760692182475,16.229278382223796
PART-PIER-2,601,Pier/C3D8R,6.08333,-10.0,-15.0,0.00033088986,0.0060992576,-0.0066832625,0.000566132,0.000722348,-0.0104834,0.006588439931418528,72.76760692182475,16.229278382223796
PART-PIER-1,363,Pier/C3D8R,-6.08333,10.0,-15.0,-0.00033088986,-0.0060992576,-0.0066832625,-0.000566132,-0.000722348,-0.0104834,0.006588439931418528,72.76760692182475,16.229278382223796
PART-PIER-1,523,Pier/C3D8R,6.08333,10.0,-15.0,0.00033088986,-0.0060992576,-0.0066832625,0.000566132,-0.000722348,-0.0104834,0.006588439931418528,72.76760692182475,16.229278382223796
PART-PIER-2,284,Pier/C3D8R,-12.33333,-10.0,-20.0,-0.0006787622,0.0044242996,-0.005566838,-0.00132406,0.000526214,-0.0107633,0.006527993406327567,91.38794721716908,51.99412994238624
PART-PIER-2,600,Pier/C3D8R,12.33333,-10.0,-20.0,0.0006787622,0.0044242996,-0.005566838,0.00132406,0.000526214,-0.0107633,0.006527993406327567,91.38794721716908,51.99412994238624
PART-PIER-1,362,Pier/C3D8R,-12.33333,10.0,-20.0,-0.0006787622,-0.0044242996,-0.005566838,-0.00132406,-0.000526214,-0.0107633,0.006527993406327567,91.38794721716908,51.99412994238624
PART-PIER-1,522,Pier/C3D8R,12.33333,10.0,-20.0,0.0006787622,-0.0044242996,-0.005566838,0.00132406,-0.000526214,-0.0107633,0.006527993406327567,91.38794721716908,51.99412994238624
PART-SUPPORTBEAM-2,101,SupportBeam/B31,-93.33334,10.0,-4.0,0.0035304225,0.000466696,-0.24077228,0.00246188,0.000139996,-0.247181,0.00650539837386661,2.701592947645411,2.6556154877615255
PART-SUPPORTBEAM-2,236,SupportBeam/B31,93.33334,10.0,-4.0,-0.0035304225,0.000466696,-0.24077228,-0.00246188,0.000139996,-0.247181,0.00650539837386661,2.701592947645411,2.6556154877615255
PART-SUPPORTBEAM-1,101,SupportBeam/B31,-93.33334,-10.0,-4.0,0.0035304225,-0.000466696,-0.24077228,0.00246188,-0.000139996,-0.247181,0.00650539837386661,2.701592947645411,2.6556154877615255
PART-SUPPORTBEAM-1,236,SupportBeam/B31,93.33334,-10.0,-4.0,-0.0035304225,-0.000466696,-0.24077228,-0.00246188,-0.000139996,-0.247181,0.00650539837386661,2.701592947645411,2.6556154877615255
PART-PIER-2,433,Pier/C3D8R,0.0,-15.0,-25.0,2.6286784e-17,0.0030191916,-0.0033722313,-3.4088e-15,-0.000192117,-0.00897785,0.0064602990591940595,142.72779082550343,98.39360940814585
PART-PIER-1,433,Pier/C3D8R,0.0,15.0,-25.0,-6.167528e-16,-0.0030191916,-0.0033722313,-3.59561e-15,0.000192117,-0.00897785,0.0064602990591940595,142.72779082550343,98.39360940814585
PART-PIER-2,471,Pier/C3D8R,-19.0,-15.0,-30.0,-0.00078396377,0.00156905,-0.002901238,-0.00194299,-0.000356652,-0.0088414,0.006351156948216285,187.33672978255103,167.22040722196186
PART-PIER-2,670,Pier/C3D8R,19.0,-15.0,-30.0,0.00078396377,0.00156905,-0.002901238,0.00194299,-0.000356652,-0.0088414,0.006351156948216285,187.33672978255103,167.22040722196186
PART-PIER-1,471,Pier/C3D8R,-19.0,15.0,-30.0,-0.00078396377,-0.00156905,-0.002901238,-0.00194299,0.000356652,-0.0088414,0.006351156948216285,187.33672978255103,167.22040722196186
PART-PIER-1,670,Pier/C3D8R,19.0,15.0,-30.0,0.00078396377,-0.00156905,-0.002901238,0.00194299,0.000356652,-0.0088414,0.006351156948216285,187.33672978255103,167.22040722196186
PART-PIER-2,283,Pier/C3D8R,-6.16667,-10.0,-20.0,-0.00034080402,0.004578878,-0.0055476865,-0.000710761,0.000974005,-0.010719,0.006314622778002021,87.6869447351387,49.786359464411184
PART-PIER-2,599,Pier/C3D8R,6.16667,-10.0,-20.0,0.00034080402,0.004578878,-0.0055476865,0.000710761,0.000974005,-0.010719,0.006314622778002021,87.6869447351387,49.786359464411184
PART-PIER-1,361,Pier/C3D8R,-6.16667,10.0,-20.0,-0.00034080402,-0.004578878,-0.0055476865,-0.000710761,-0.000974005,-0.010719,0.006314622778002021,87.6869447351387,49.786359464411184
PART-PIER-1,521,Pier/C3D8R,6.16667,10.0,-20.0,0.00034080402,-0.004578878,-0.0055476865,0.000710761,-0.000974005,-0.010719,0.006314622778002021,87.6869447351387,49.786359464411184
PART-PIER-2,714,Pier/C3D8R,-6.25,-15.0,-25.0,-0.00027127896,0.002976118,-0.0034577153,-0.00058485,-0.000276983,-0.00877797,0.006243885247680307,136.6219106974331,92.59122626951383
PART-PIER-2,792,Pier/C3D8R,6.25,-15.0,-25.0,0.00027127896,0.002976118,-0.0034577153,0.00058485,-0.000276983,-0.00877797,0.006243885247680307,136.6219106974331,92.59122626951383
PART-PIER-1,714,Pier/C3D8R,-6.25,15.0,-25.0,-0.00027127896,-0.002976118,-0.0034577153,-0.00058485,0.000276983,-0.00877797,0.006243885247680307,136.6219106974331,92.59122626951383
PART-PIER-1,792,Pier/C3D8R,6.25,15.0,-25.0,0.00027127896,-0.002976118,-0.0034577153,0.00058485,0.000276983,-0.00877797,0.006243885247680307,136.6219106974331,92.59122626951383
PART-PIER-2,472,Pier/C3D8R,-18.75,-15.0,-25.0,-0.000784325,0.0025818546,-0.0033212337,-0.00202609,-0.000563057,-0.00853972,0.0062181225904872,145.30968659265858,105.52390042801252
PART-PIER-2,671,Pier/C3D8R,18.75,-15.0,-25.0,0.000784325,0.0025818546,-0.0033212337,0.00202609,-0.000563057,-0.00853972,0.0062181225904872,145.30968659265858,105.52390042801252
PART-PIER-1,472,Pier/C3D8R,-18.75,15.0,-25.0,-0.000784325,-0.0025818546,-0.0033212337,-0.00202609,0.000563057,-0.00853972,0.0062181225904872,145.30968659265858,105.52390042801252
PART-PIER-1,671,Pier/C3D8R,18.75,15.0,-25.0,0.000784325,-0.0025818546,-0.0033212337,0.00202609,0.000563057,-0.00853972,0.0062181225904872,145.30968659265858,105.52390042801252
PART-PIER-2,30,Pier/C3D8R,-18.5,-10.0,-20.0,-0.0010229741,0.004156609,-0.0053665494,-0.00223207,0.000369564,-0.0099904,0.006097837083634014,88.82925139437047,49.218754923919214
PART-PIER-2,263,Pier/C3D8R,18.5,-10.0,-20.0,0.0010229741,0.004156609,-0.0053665494,0.00223207,0.000369564,-0.0099904,0.006097837083634014,88.82925139437047,49.218754923919214
PART-PIER-1,136,Pier/C3D8R,-18.5,10.0,-20.0,-0.0010229741,-0.004156609,-0.0053665494,-0.00223207,-0.000369564,-0.0099904,0.006097837083634014,88.82925139437047,49.218754923919214
PART-PIER-1,196,Pier/C3D8R,18.5,10.0,-20.0,0.0010229741,-0.004156609,-0.0053665494,0.00223207,-0.000369564,-0.0099904,0.006097837083634014,88.82925139437047,49.218754923919214
PART-PIER-2,280,Pier/C3D8R,-12.66667,-10.0,-30.0,-0.0006980286,0.0020576513,-0.0036227456,-0.00145067,0.000205212,-0.00913756,0.00586610418451853,138.8627996250133,119.06773855204469
PART-PIER-2,596,Pier/C3D8R,12.66667,-10.0,-30.0,0.0006980286,0.0020576513,-0.0036227456,0.00145067,0.000205212,-0.00913756,0.00586610418451853,138.8627996250133,119.06773855204469
PART-PIER-1,358,Pier/C3D8R,-12.66667,10.0,-30.0,-0.0006980286,-0.0020576513,-0.0036227456,-0.00145067,-0.000205212,-0.00913756,0.00586610418451853,138.8627996250133,119.06773855204469
PART-PIER-1,518,Pier/C3D8R,12.66667,10.0,-30.0,0.0006980286,-0.0020576513,-0.0036227456,0.00145067,-0.000205212,-0.00913756,0.00586610418451853,138.8627996250133,119.06773855204469
PART-PIER-2,281,Pier/C3D8R,-6.25,-10.0,-25.0,-0.0003485406,0.0032083741,-0.004917038,-0.00072827,3.87257e-05,-0.00961406,0.005679162003793423,96.55924530418832,63.93149386450835
PART-PIER-2,597,Pier/C3D8R,6.25,-10.0,-25.0,0.0003485406,0.0032083741,-0.004917038,0.00072827,3.87257e-05,-0.00961406,0.005679162003793423,96.55924530418832,63.93149386450835
PART-PIER-1,359,Pier/C3D8R,-6.25,10.0,-25.0,-0.0003485406,-0.0032083741,-0.004917038,-0.00072827,-3.87257e-05,-0.00961406,0.005679162003793423,96.55924530418832,63.93149386450835
PART-PIER-1,519,Pier/C3D8R,6.25,10.0,-25.0,0.0003485406,-0.0032083741,-0.004917038,0.00072827,-3.87257e-05,-0.00961406,0.005679162003793423,96.55924530418832,63.93149386450835
PART-PIER-2,715,Pier/C3D8R,-12.5,-15.0,-25.0,-0.0005272212,0.0028339215,-0.00333003,-0.00131722,-0.0001454,-0.00809957,0.005678817351875626,128.93697763728233,86.34518992358525
PART-PIER-2,793,Pier/C3D8R,12.5,-15.0,-25.0,0.0005272212,0.0028339215,-0.00333003,0.00131722,-0.0001454,-0.00809957,0.005678817351875626,128.93697763728233,86.34518992358525
PART-PIER-1,715,Pier/C3D8R,-12.5,15.0,-25.0,-0.0005272212,-0.0028339215,-0.00333003,-0.00131722,0.0001454,-0.00809957,0.005678817351875626,128.93697763728233,86.34518992358525
PART-PIER-1,793,Pier/C3D8R,12.5,15.0,-25.0,0.0005272212,-0.0028339215,-0.00333003,0.00131722,0.0001454,-0.00809957,0.005678817351875626,128.93697763728233,86.34518992358525
PART-PIER-2,282,Pier/C3D8R,-12.5,-10.0,-25.0,-0.0006875949,0.0030595174,-0.0047736885,-0.00145658,0.000132007,-0.00892594,0.00513837014483994,89.96491766536823,58.363416363201594
PART-PIER-2,598,Pier/C3D8R,12.5,-10.0,-25.0,0.0006875949,0.0030595174,-0.0047736885,0.00145658,0.000132007,-0.00892594,0.00513837014483994,89.96491766536823,58.363416363201594
PART-PIER-1,360,Pier/C3D8R,-12.5,10.0,-25.0,-0.0006875949,-0.0030595174,-0.0047736885,-0.00145658,-0.000132007,-0.00892594,0.00513837014483994,89.96491766536823,58.363416363201594
PART-PIER-1,520,Pier/C3D8R,12.5,10.0,-25.0,0.0006875949,-0.0030595174,-0.0047736885,0.00145658,-0.000132007,-0.00892594,0.00513837014483994,89.96491766536823,58.363416363201594
PART-PIER-2,29,Pier/C3D8R,-18.75,-10.0,-25.0,-0.0010339548,0.0028034844,-0.00476791,-0.00187419,0.000120446,-0.00905678,0.005128264435858744,91.13900944392384,64.38034529097378
PART-PIER-2,264,Pier/C3D8R,18.75,-10.0,-25.0,0.0010339548,0.0028034844,-0.00476791,0.00187419,0.000120446,-0.00905678,0.005128264435858744,91.13900944392384,64.38034529097378
PART-PIER-1,137,Pier/C3D8R,-18.75,10.0,-25.0,-0.0010339548,-0.0028034844,-0.00476791,-0.00187419,-0.000120446,-0.00905678,0.005128264435858744,91.13900944392384,64.38034529097378
PART-PIER-1,195,Pier/C3D8R,18.75,10.0,-25.0,0.0010339548,-0.0028034844,-0.00476791,0.00187419,-0.000120446,-0.00905678,0.005128264435858744,91.13900944392384,64.38034529097378
PART-PIER-2,356,Pier/C3D8R,-12.83333,-20.0,-35.0,-0.00038968088,0.00083184044,-0.0016151466,-0.00132286,-0.00088388,-0.0061019,0.004893411485931806,263.35670192850216,239.374946507384
PART-PIER-2,516,Pier/C3D8R,12.83333,-20.0,-35.0,0.00038968088,0.00083184044,-0.0016151466,0.00132286,-0.00088388,-0.0061019,0.004893411485931806,263.35670192850216,239.374946507384
PART-PIER-1,278,Pier/C3D8R,-12.83333,20.0,-35.0,-0.00038968088,-0.00083184044,-0.0016151466,-0.00132286,0.00088388,-0.0061019,0.004893411485931806,263.35670192850216,239.374946507384
PART-PIER-1,594,Pier/C3D8R,12.83333,20.0,-35.0,0.00038968088,-0.00083184044,-0.0016151466,0.00132286,0.00088388,-0.0061019,0.004893411485931806,263.35670192850216,239.374946507384
PART-PIER-2,355,Pier/C3D8R,-6.41667,-20.0,-35.0,-0.0002206972,0.0009319637,-0.0016683528,-0.000593539,-0.000818705,-0.00569217,0.004403970568021858,228.93096643230217,200.52819596314296
PART-PIER-2,515,Pier/C3D8R,6.41667,-20.0,-35.0,0.0002206972,0.0009319637,-0.0016683528,0.000593539,-0.000818705,-0.00569217,0.004403970568021858,228.93096643230217,200.52819596314296
PART-PIER-1,277,Pier/C3D8R,-6.41667,20.0,-35.0,-0.0002206972,-0.0009319637,-0.0016683528,-0.000593539,0.000818705,-0.00569217,0.004403970568021858,228.93096643230217,200.52819596314296
PART-PIER-1,593,Pier/C3D8R,6.41667,20.0,-35.0,0.0002206972,-0.0009319637,-0.0016683528,0.000593539,0.000818705,-0.00569217,0.004403970568021858,228.93096643230217,200.52819596314296
PART-PIER-2,98,Pier/C3D8R,0.0,-10.0,-25.0,2.4274193e-16,0.003261017,-0.0048324647,2.72831e-15,0.000849005,-0.00849586,0.004386144891839084,75.2362077912646,46.45662359512055
PART-PIER-1,146,Pier/C3D8R,0.0,10.0,-25.0,-7.532615e-16,-0.003261017,-0.0048324647,4.79833e-15,-0.000849005,-0.00849586,0.004386144891839084,75.2362077912646,46.45662359512055
PART-FLOOR-1,296,Floor/S4R,85.0,-5.0,0.0,-0.0068049645,-4.1286687e-05,-0.4010274,-0.0045642,-8.00903e-05,-0.404787,0.00437688512812963,1.0912608710704028,0.9293799847943833
PART-FLOOR-1,298,Floor/S4R,85.0,5.0,0.0,-0.0068049645,4.1286687e-05,-0.4010274,-0.0045642,8.00903e-05,-0.404787,0.00437688512812963,1.0912608710704028,0.9293799847943833
PART-FLOOR-1,389,Floor/S4R,-85.0,-5.0,0.0,0.0068049645,-4.1286687e-05,-0.4010274,0.0045642,-8.00903e-05,-0.404787,0.00437688512812963,1.0912608710704028,0.9293799847943833
PART-FLOOR-1,391,Floor/S4R,-85.0,5.0,0.0,0.0068049645,4.1286687e-05,-0.4010274,0.0045642,8.00903e-05,-0.404787,0.00437688512812963,1.0912608710704028,0.9293799847943833
PART-PIER-2,138,Pier/C3D8R,-19.0,-20.0,-30.0,-0.0005554981,0.0013504245,-0.0016210374,-0.00186117,-0.00105374,-0.00466203,0.004090528333450904,187.48932027660135,135.09750734449744
PART-PIER-2,194,Pier/C3D8R,19.0,-20.0,-30.0,0.0005554981,0.0013504245,-0.0016210374,0.00186117,-0.00105374,-0.00466203,0.004090528333450904,187.48932027660135,135.09750734449744
PART-PIER-1,28,Pier/C3D8R,-19.0,20.0,-30.0,-0.0005554981,-0.0013504245,-0.0016210374,-0.00186117,0.00105374,-0.00466203,0.004090528333450904,187.48932027660135,135.09750734449744
PART-PIER-1,265,Pier/C3D8R,19.0,20.0,-30.0,0.0005554981,-0.0013504245,-0.0016210374,0.00186117,0.00105374,-0.00466203,0.004090528333450904,187.48932027660135,135.09750734449744
PART-PIER-2,139,Pier/C3D8R,-19.25,-20.0,-35.0,-0.00060231984,0.0006343464,-0.0017090177,-0.00190374,-0.000755839,-0.00531607,0.004078864569235276,212.45452093752414,196.7392425760187
PART-PIER-2,193,Pier/C3D8R,19.25,-20.0,-35.0,0.00060231984,0.0006343464,-0.0017090177,0.00190374,-0.000755839,-0.00531607,0.004078864569235276,212.45452093752414,196.7392425760187
PART-PIER-1,27,Pier/C3D8R,-19.25,20.0,-35.0,-0.00060231984,-0.0006343464,-0.0017090177,-0.00190374,0.000755839,-0.00531607,0.004078864569235276,212.45452093752414,196.7392425760187
PART-PIER-1,266,Pier/C3D8R,19.25,20.0,-35.0,0.00060231984,-0.0006343464,-0.0017090177,0.00190374,0.000755839,-0.00531607,0.004078864569235276,212.45452093752414,196.7392425760187
PART-PIER-2,357,Pier/C3D8R,-6.33333,-20.0,-30.0,-0.00020324046,0.0016879748,-0.0016574013,-0.000620775,-0.000995891,-0.0044463,0.003892997133747255,163.96044394519035,93.67642377584443
PART-PIER-2,517,Pier/C3D8R,6.33333,-20.0,-30.0,0.00020324046,0.0016879748,-0.0016574013,0.000620775,-0.000995891,-0.0044463,0.003892997133747255,163.96044394519035,93.67642377584443
PART-PIER-1,279,Pier/C3D8R,-6.33333,20.0,-30.0,-0.00020324046,-0.0016879748,-0.0016574013,-0.000620775,0.000995891,-0.0044463,0.003892997133747255,163.96044394519035,93.67642377584443
PART-PIER-1,595,Pier/C3D8R,6.33333,20.0,-30.0,0.00020324046,-0.0016879748,-0.0016574013,0.000620775,0.000995891,-0.0044463,0.003892997133747255,163.96044394519035,93.67642377584443
PART-PIER-2,144,Pier/C3D8R,0.0,-20.0,-35.0,-8.3889825e-17,0.0009549415,-0.0015490698,-6.09479e-15,-0.000565,-0.00505966,0.0038255020214029802,210.22001135252694,179.76794963997747
PART-PIER-1,100,Pier/C3D8R,0.0,20.0,-35.0,-1.4987466e-16,-0.0009549415,-0.0015490698,-4.98884e-15,0.000565,-0.00505966,0.0038255020214029802,210.22001135252694,179.76794963997747
PART-SUPPORTBEAM-2,100,SupportBeam/B31,-90.0,10.0,-6.0,0.0007872887,0.000635552,-0.24465851,0.000380671,0.00012004,-0.248402,0.00380063257316429,1.553430564260553,1.5293506447298975
PART-SUPPORTBEAM-2,235,SupportBeam/B31,90.0,10.0,-6.0,-0.0007872887,0.000635552,-0.24465851,-0.000380671,0.00012004,-0.248402,0.00380063257316429,1.553430564260553,1.5293506447298975
PART-SUPPORTBEAM-1,100,SupportBeam/B31,-90.0,-10.0,-6.0,0.0007872887,-0.000635552,-0.24465851,0.000380671,-0.00012004,-0.248402,0.00380063257316429,1.553430564260553,1.5293506447298975
PART-SUPPORTBEAM-1,235,SupportBeam/B31,90.0,-10.0,-6.0,-0.0007872887,-0.000635552,-0.24465851,-0.000380671,-0.00012004,-0.248402,0.00380063257316429,1.553430564260553,1.5293506447298975
PART-PIER-2,431,Pier/C3D8R,0.0,-15.0,-35.0,1.3504987e-17,0.0010945881,-0.0018206072,-6.96793e-16,-0.000388846,-0.00529802,0.0037806053100854957,177.9678228542844,150.0692681399042
PART-PIER-1,431,Pier/C3D8R,0.0,15.0,-35.0,-2.2758796e-16,-0.0010945881,-0.0018206072,-1.37516e-15,0.000388846,-0.00529802,0.0037806053100854957,177.9678228542844,150.0692681399042
PART-PIER-2,470,Pier/C3D8R,-19.25,-15.0,-35.0,-0.00080585893,0.00076335383,-0.0019251901,-0.00204508,-0.000439703,-0.00527792,0.003771446987416846,169.71162624146322,155.4748151794545
PART-PIER-2,669,Pier/C3D8R,19.25,-15.0,-35.0,0.00080585893,0.00076335383,-0.0019251901,0.00204508,-0.000439703,-0.00527792,0.003771446987416846,169.71162624146322,155.4748151794545
PART-PIER-1,470,Pier/C3D8R,-19.25,15.0,-35.0,-0.00080585893,-0.00076335383,-0.0019251901,-0.00204508,0.000439703,-0.00527792,0.003771446987416846,169.71162624146322,155.4748151794545
PART-PIER-1,669,Pier/C3D8R,19.25,15.0,-35.0,0.00080585893,-0.00076335383,-0.0019251901,0.00204508,0.000439703,-0.00527792,0.003771446987416846,169.71162624146322,155.4748151794545
PART-PIER-2,713,Pier/C3D8R,-12.66667,-15.0,-30.0,-0.00054936507,0.0018038484,-0.0030608939,-0.00136285,-0.000475965,-0.00561832,0.0035213257627089655,97.9479282569328,61.35330201349278
PART-PIER-2,791,Pier/C3D8R,12.66667,-15.0,-30.0,0.00054936507,0.0018038484,-0.0030608939,0.00136285,-0.000475965,-0.00561832,0.0035213257627089655,97.9479282569328,61.35330201349278
PART-PIER-1,713,Pier/C3D8R,-12.66667,15.0,-30.0,-0.00054936507,-0.0018038484,-0.0030608939,-0.00136285,0.000475965,-0.00561832,0.0035213257627089655,97.9479282569328,61.35330201349278
PART-PIER-1,791,Pier/C3D8R,12.66667,15.0,-30.0,0.00054936507,-0.0018038484,-0.0030608939,0.00136285,0.000475965,-0.00561832,0.0035213257627089655,97.9479282569328,61.35330201349278
PART-PIER-2,710,Pier/C3D8R,-6.41667,-15.0,-35.0,-0.00026863485,0.001067029,-0.0019485232,-0.000764955,-0.00032613,-0.00499365,0.003385265561024018,151.28089159589976,126.22946845148088
PART-PIER-2,788,Pier/C3D8R,6.41667,-15.0,-35.0,0.00026863485,0.001067029,-0.0019485232,0.000764955,-0.00032613,-0.00499365,0.003385265561024018,151.28089159589976,126.22946845148088
PART-PIER-1,710,Pier/C3D8R,-6.41667,15.0,-35.0,-0.00026863485,-0.001067029,-0.0019485232,-0.000764955,0.00032613,-0.00499365,0.003385265561024018,151.28089159589976,126.22946845148088
PART-PIER-1,788,Pier/C3D8R,6.41667,15.0,-35.0,0.00026863485,-0.001067029,-0.0019485232,0.000764955,0.00032613,-0.00499365,0.003385265561024018,151.28089159589976,126.22946845148088
PART-PIER-2,277,Pier/C3D8R,-6.41667,-10.0,-35.0,-0.00032784283,0.0013583401,-0.0031015393,-0.000695746,0.000127357,-0.00618208,0.0033377242455508737,98.11696077213196,82.9162584015099
PART-PIER-2,593,Pier/C3D8R,6.41667,-10.0,-35.0,0.00032784283,0.0013583401,-0.0031015393,0.000695746,0.000127357,-0.00618208,0.0033377242455508737,98.11696077213196,82.9162584015099
PART-PIER-1,355,Pier/C3D8R,-6.41667,10.0,-35.0,-0.00032784283,-0.0013583401,-0.0031015393,-0.000695746,-0.000127357,-0.00618208,0.0033377242455508737,98.11696077213196,82.9162584015099
PART-PIER-1,515,Pier/C3D8R,6.41667,10.0,-35.0,0.00032784283,-0.0013583401,-0.0031015393,0.000695746,-0.000127357,-0.00618208,0.0033377242455508737,98.11696077213196,82.9162584015099
PART-SUPPORTBEAM-2,98,SupportBeam/B31,-83.33334,10.0,-10.0,-0.004396987,0.0009750832,-0.25191012,-0.00287585,7.44515e-05,-0.249309,0.003144967485716498,1.2482487678728516,1.041784624739071
PART-SUPPORTBEAM-2,233,SupportBeam/B31,83.33334,10.0,-10.0,0.004396987,0.0009750832,-0.25191012,0.00287585,7.44515e-05,-0.249309,0.003144967485716498,1.2482487678728516,1.041784624739071
PART-SUPPORTBEAM-1,98,SupportBeam/B31,-83.33334,-10.0,-10.0,-0.004396987,-0.0009750832,-0.25191012,-0.00287585,-7.44515e-05,-0.249309,0.003144967485716498,1.2482487678728516,1.041784624739071
PART-SUPPORTBEAM-1,233,SupportBeam/B31,83.33334,-10.0,-10.0,0.004396987,-0.0009750832,-0.25191012,0.00287585,-7.44515e-05,-0.249309,0.003144967485716498,1.2482487678728516,1.041784624739071
PART-PIER-2,27,Pier/C3D8R,-19.25,-10.0,-35.0,-0.0010173994,0.0010243377,-0.003040803,-0.00215496,-6.3708e-05,-0.00569552,0.0030863262812038925,91.68758857145473,80.91673543924928
PART-PIER-2,266,Pier/C3D8R,19.25,-10.0,-35.0,0.0010173994,0.0010243377,-0.003040803,0.00215496,-6.3708e-05,-0.00569552,0.0030863262812038925,91.68758857145473,80.91673543924928
PART-PIER-1,139,Pier/C3D8R,-19.25,10.0,-35.0,-0.0010173994,-0.0010243377,-0.003040803,-0.00215496,6.3708e-05,-0.00569552,0.0030863262812038925,91.68758857145473,80.91673543924928
PART-PIER-1,193,Pier/C3D8R,19.25,10.0,-35.0,0.0010173994,-0.0010243377,-0.003040803,0.00215496,6.3708e-05,-0.00569552,0.0030863262812038925,91.68758857145473,80.91673543924928
PART-PIER-2,143,Pier/C3D8R,0.0,-20.0,-40.0,-4.7384648e-17,0.00032887072,-0.00072146446,-2.62733e-15,-0.000988317,-0.003504,0.003078552829022411,388.2722095204995,359.172705806823
PART-PIER-1,101,Pier/C3D8R,0.0,20.0,-40.0,-6.0656e-17,-0.00032887072,-0.00072146446,-2.88e-15,0.000988317,-0.003504,0.003078552829022411,388.2722095204995,359.172705806823
PART-PIER-2,140,Pier/C3D8R,-19.5,-20.0,-40.0,-0.0005129592,0.00014644144,-0.00078307535,-0.00170192,-0.000679611,-0.00340604,0.0029959863105021387,316.19503432336484,308.20086759816417
PART-PIER-2,192,Pier/C3D8R,19.5,-20.0,-40.0,0.0005129592,0.00014644144,-0.00078307535,0.00170192,-0.000679611,-0.00340604,0.0029959863105021387,316.19503432336484,308.20086759816417
PART-PIER-1,26,Pier/C3D8R,-19.5,20.0,-40.0,-0.0005129592,-0.00014644144,-0.00078307535,-0.00170192,0.000679611,-0.00340604,0.0029959863105021387,316.19503432336484,308.20086759816417
PART-PIER-1,267,Pier/C3D8R,19.5,20.0,-40.0,0.0005129592,-0.00014644144,-0.00078307535,0.00170192,0.000679611,-0.00340604,0.0029959863105021387,316.19503432336484,308.20086759816417
PART-PIER-2,709,Pier/C3D8R,-13.0,-15.0,-40.0,-0.00047723964,0.0004364778,-0.0017046762,-0.00125841,-0.000256341,-0.00434035,0.0028349605642728802,155.49055198489356,148.25967264576616
PART-PIER-2,787,Pier/C3D8R,13.0,-15.0,-40.0,0.00047723964,0.0004364778,-0.0017046762,0.00125841,-0.000256341,-0.00434035,0.0028349605642728802,155.49055198489356,148.25967264576616
PART-PIER-1,709,Pier/C3D8R,-13.0,15.0,-40.0,-0.00047723964,-0.0004364778,-0.0017046762,-0.00125841,0.000256341,-0.00434035,0.0028349605642728802,155.49055198489356,148.25967264576616
PART-PIER-1,787,Pier/C3D8R,13.0,15.0,-40.0,0.00047723964,-0.0004364778,-0.0017046762,0.00125841,0.000256341,-0.00434035,0.0028349605642728802,155.49055198489356,148.25967264576616
PART-PIER-2,711,Pier/C3D8R,-12.83333,-15.0,-35.0,-0.0005054261,0.0009666691,-0.0018413502,-0.00118662,-0.000244379,-0.0043074,0.002830558998853559,132.25647430942954,109.07054416692068
PART-PIER-2,789,Pier/C3D8R,12.83333,-15.0,-35.0,0.0005054261,0.0009666691,-0.0018413502,0.00118662,-0.000244379,-0.0043074,0.002830558998853559,132.25647430942954,109.07054416692068
PART-PIER-1,711,Pier/C3D8R,-12.83333,15.0,-35.0,-0.0005054261,-0.0009666691,-0.0018413502,-0.00118662,0.000244379,-0.0043074,0.002830558998853559,132.25647430942954,109.07054416692068
PART-PIER-1,789,Pier/C3D8R,12.83333,15.0,-35.0,0.0005054261,-0.0009666691,-0.0018413502,0.00118662,0.000244379,-0.0043074,0.002830558998853559,132.25647430942954,109.07054416692068
PART-PIER-2,278,Pier/C3D8R,-12.83333,-10.0,-35.0,-0.000627804,0.0012398297,-0.0029530493,-0.00133212,0.000302397,-0.00544521,0.0027542160498969176,84.38906647118756,72.01082861030308
PART-PIER-2,594,Pier/C3D8R,12.83333,-10.0,-35.0,0.000627804,0.0012398297,-0.0029530493,0.00133212,0.000302397,-0.00544521,0.0027542160498969176,84.38906647118756,72.01082861030308
PART-PIER-1,356,Pier/C3D8R,-12.83333,10.0,-35.0,-0.000627804,-0.0012398297,-0.0029530493,-0.00133212,-0.000302397,-0.00544521,0.0027542160498969176,84.38906647118756,72.01082861030308
PART-PIER-1,516,Pier/C3D8R,12.83333,10.0,-35.0,0.000627804,-0.0012398297,-0.0029530493,0.00133212,-0.000302397,-0.00544521,0.0027542160498969176,84.38906647118756,72.01082861030308
PART-PIER-2,432,Pier/C3D8R,0.0,-15.0,-30.0,2.387029e-17,0.0019768523,-0.003077783,-5.17797e-15,-0.000240632,-0.00448201,0.0026247076195788912,71.75325800770848,22.703945975583295
PART-PIER-1,432,Pier/C3D8R,0.0,15.0,-30.0,-4.2207834e-16,-0.0019768523,-0.003077783,-1.92161e-15,0.000240632,-0.00448201,0.0026247076195788912,71.75325800770848,22.703945975583295
PART-PIER-2,353,Pier/C3D8R,-6.5,-20.0,-40.0,-0.00015455141,0.00030690513,-0.00061825785,-0.000546138,-0.000710842,-0.00292422,0.002550805895265982,360.62316857383394,332.4037182449227
PART-PIER-2,513,Pier/C3D8R,6.5,-20.0,-40.0,0.00015455141,0.00030690513,-0.00061825785,0.000546138,-0.000710842,-0.00292422,0.002550805895265982,360.62316857383394,332.4037182449227
PART-PIER-1,275,Pier/C3D8R,-6.5,20.0,-40.0,-0.00015455141,-0.00030690513,-0.00061825785,-0.000546138,0.000710842,-0.00292422,0.002550805895265982,360.62316857383394,332.4037182449227
PART-PIER-1,591,Pier/C3D8R,6.5,20.0,-40.0,0.00015455141,-0.00030690513,-0.00061825785,0.000546138,0.000710842,-0.00292422,0.002550805895265982,360.62316857383394,332.4037182449227
PART-PIER-2,354,Pier/C3D8R,-13.0,-20.0,-40.0,-0.00040132419,0.00026280285,-0.0007922873,-0.0011651,-0.000573961,-0.00297811,0.002461980524789599,265.8153440926474,250.7887920292402
PART-PIER-2,514,Pier/C3D8R,13.0,-20.0,-40.0,0.00040132419,0.00026280285,-0.0007922873,0.0011651,-0.000573961,-0.00297811,0.002461980524789599,265.8153440926474,250.7887920292402
PART-PIER-1,276,Pier/C3D8R,-13.0,20.0,-40.0,-0.00040132419,-0.00026280285,-0.0007922873,-0.0011651,0.000573961,-0.00297811,0.002461980524789599,265.8153440926474,250.7887920292402
PART-PIER-1,592,Pier/C3D8R,13.0,20.0,-40.0,0.00040132419,-0.00026280285,-0.0007922873,0.0011651,0.000573961,-0.00297811,0.002461980524789599,265.8153440926474,250.7887920292402
PART-FLOOR-1,300,Floor/S4R,80.0,0.0,0.0,-0.0065658106,7.705265e-15,-0.43922576,-0.00431221,-2.77217e-13,-0.4383,0.0024363389012861812,0.5546274731105011,0.21708955917290196
PART-FLOOR-1,387,Floor/S4R,-80.0,0.0,0.0,0.0065658106,5.0076706e-15,-0.43922576,0.00431221,-2.51544e-13,-0.4383,0.0024363389012861812,0.5546274731105011,0.21708955917290196
PART-PIER-2,469,Pier/C3D8R,-19.5,-15.0,-40.0,-0.00066562137,0.0002728379,-0.0016336119,-0.00166604,-0.000201713,-0.00376714,0.002403742528939299,134.66439441145434,131.0403846571691
PART-PIER-2,668,Pier/C3D8R,19.5,-15.0,-40.0,0.00066562137,0.0002728379,-0.0016336119,0.00166604,-0.000201713,-0.00376714,0.002403742528939299,134.66439441145434,131.0403846571691
PART-PIER-1,469,Pier/C3D8R,-19.5,15.0,-40.0,-0.00066562137,-0.0002728379,-0.0016336119,-0.00166604,0.000201713,-0.00376714,0.002403742528939299,134.66439441145434,131.0403846571691
PART-PIER-1,668,Pier/C3D8R,19.5,15.0,-40.0,0.00066562137,-0.0002728379,-0.0016336119,0.00166604,0.000201713,-0.00376714,0.002403742528939299,134.66439441145434,131.0403846571691
PART-PIER-2,708,Pier/C3D8R,-6.5,-15.0,-40.0,-0.00019004439,0.000507505,-0.0015543931,-0.000402244,-0.000192919,-0.00379657,0.0023585969781108776,143.27942436619367,132.219782460997
PART-PIER-2,786,Pier/C3D8R,6.5,-15.0,-40.0,0.00019004439,0.000507505,-0.0015543931,0.000402244,-0.000192919,-0.00379657,0.0023585969781108776,143.27942436619367,132.219782460997
PART-PIER-1,708,Pier/C3D8R,-6.5,15.0,-40.0,-0.00019004439,-0.000507505,-0.0015543931,-0.000402244,0.000192919,-0.00379657,0.0023585969781108776,143.27942436619367,132.219782460997
PART-PIER-1,786,Pier/C3D8R,6.5,15.0,-40.0,0.00019004439,-0.000507505,-0.0015543931,0.000402244,0.000192919,-0.00379657,0.0023585969781108776,143.27942436619367,132.219782460997
PART-FLOOR-1,71,Floor/S4R,80.0,10.0,0.0,-0.0065781977,4.3077154e-05,-0.44336817,-0.00431566,0.000151678,-0.443753,0.002297599859978497,0.5181578556484847,0.08052054430206704
PART-FLOOR-1,85,Floor/S4R,80.0,-10.0,0.0,-0.0065781977,-4.3077154e-05,-0.44336817,-0.00431566,-0.000151678,-0.443753,0.002297599859978497,0.5181578556484847,0.08052054430206704
PART-FLOOR-1,136,Floor/S4R,-80.0,10.0,0.0,0.0065781977,4.3077154e-05,-0.44336817,0.00431566,0.000151678,-0.443753,0.002297599859978497,0.5181578556484847,0.08052054430206704
PART-FLOOR-1,146,Floor/S4R,-80.0,-10.0,0.0,0.0065781977,-4.3077154e-05,-0.44336817,0.00431566,-0.000151678,-0.443753,0.002297599859978497,0.5181578556484847,0.08052054430206704
PART-PIER-2,430,Pier/C3D8R,0.0,-15.0,-40.0,9.493525e-18,0.00052676507,-0.0016799361,-1.02203e-15,-0.000150563,-0.00374723,0.002175425793583209,123.56252428150243,113.01154008786322
PART-PIER-1,430,Pier/C3D8R,0.0,15.0,-40.0,-1.1082891e-16,-0.00052676507,-0.0016799361,-5.18773e-16,0.000150563,-0.00374723,0.002175425793583209,123.56252428150243,113.01154008786322
PART-PIER-2,28,Pier/C3D8R,-19.0,-10.0,-30.0,-0.0010208886,0.0018088622,-0.0034237353,-0.00209721,0.000137056,-0.00415458,0.002118380915221455,52.89978086017793,16.266743406303277
PART-PIER-2,265,Pier/C3D8R,19.0,-10.0,-30.0,0.0010208886,0.0018088622,-0.0034237353,0.00209721,0.000137056,-0.00415458,0.002118380915221455,52.89978086017793,16.266743406303277
PART-PIER-1,138,Pier/C3D8R,-19.0,10.0,-30.0,-0.0010208886,-0.0018088622,-0.0034237353,-0.00209721,-0.000137056,-0.00415458,0.002118380915221455,52.89978086017793,16.266743406303277
PART-PIER-1,194,Pier/C3D8R,19.0,10.0,-30.0,0.0010208886,-0.0018088622,-0.0034237353,0.00209721,-0.000137056,-0.00415458,0.002118380915221455,52.89978086017793,16.266743406303277
PART-PIER-2,141,Pier/C3D8R,-19.75,-20.0,-45.0,-0.00045940414,-0.00031364217,-0.0007947161,-0.00148404,-0.00088989,-0.00241541,0.002002146079754137,206.39614575857163,206.30134153016036
PART-PIER-2,191,Pier/C3D8R,19.75,-20.0,-45.0,0.00045940414,-0.00031364217,-0.0007947161,0.00148404,-0.00088989,-0.00241541,0.002002146079754137,206.39614575857163,206.30134153016036
PART-PIER-1,25,Pier/C3D8R,-19.75,20.0,-45.0,-0.00045940414,0.00031364217,-0.0007947161,-0.00148404,0.00088989,-0.00241541,0.002002146079754137,206.39614575857163,206.30134153016036
PART-PIER-1,268,Pier/C3D8R,19.75,20.0,-45.0,0.00045940414,0.00031364217,-0.0007947161,0.00148404,0.00088989,-0.00241541,0.002002146079754137,206.39614575857163,206.30134153016036
PART-PIER-2,100,Pier/C3D8R,0.0,-10.0,-35.0,1.2554595e-16,0.001402039,-0.0029662952,1.56281e-15,0.000295769,-0.00456594,0.0019449156277502222,59.279072882890574,39.45692993303781
PART-PIER-1,144,Pier/C3D8R,0.0,10.0,-35.0,-2.8216806e-16,-0.001402039,-0.0029662952,2.91499e-15,-0.000295769,-0.00456594,0.0019449156277502222,59.279072882890574,39.45692993303781
PART-PIER-2,101,Pier/C3D8R,0.0,-10.0,-40.0,7.199443e-17,0.00072079676,-0.0017196669,2.21826e-15,0.000385705,-0.0036085,0.0019183266059968798,102.88037943892945,94.62721309505
PART-PIER-1,143,Pier/C3D8R,0.0,10.0,-40.0,-1.4172815e-16,-0.00072079676,-0.0017196669,1.60824e-15,-0.000385705,-0.0036085,0.0019183266059968798,102.88037943892945,94.62721309505
PART-PIER-2,351,Pier/C3D8R,-6.58333,-20.0,-45.0,-0.00010190747,-0.0002186158,-0.0006123896,-0.000264425,-0.00107991,-0.00215463,0.0017739067331466727,269.51754874540444,268.3762469154758
PART-PIER-2,511,Pier/C3D8R,6.58333,-20.0,-45.0,0.00010190747,-0.0002186158,-0.0006123896,0.000264425,-0.00107991,-0.00215463,0.0017739067331466727,269.51754874540444,268.3762469154758
PART-PIER-1,273,Pier/C3D8R,-6.58333,20.0,-45.0,-0.00010190747,0.0002186158,-0.0006123896,-0.000264425,0.00107991,-0.00215463,0.0017739067331466727,269.51754874540444,268.3762469154758
PART-PIER-1,589,Pier/C3D8R,6.58333,20.0,-45.0,0.00010190747,0.0002186158,-0.0006123896,0.000264425,0.00107991,-0.00215463,0.0017739067331466727,269.51754874540444,268.3762469154758
PART-PIER-2,279,Pier/C3D8R,-6.33333,-10.0,-30.0,-0.00033466393,0.002193849,-0.003542151,-0.000678459,0.000504832,-0.00382101,0.0017460629479850674,41.77254962645108,6.374629591161635
PART-PIER-2,595,Pier/C3D8R,6.33333,-10.0,-30.0,0.00033466393,0.002193849,-0.003542151,0.000678459,0.000504832,-0.00382101,0.0017460629479850674,41.77254962645108,6.374629591161635
PART-PIER-1,357,Pier/C3D8R,-6.33333,10.0,-30.0,-0.00033466393,-0.002193849,-0.003542151,-0.000678459,-0.000504832,-0.00382101,0.0017460629479850674,41.77254962645108,6.374629591161635
PART-PIER-1,517,Pier/C3D8R,6.33333,10.0,-30.0,0.00033466393,-0.002193849,-0.003542151,0.000678459,-0.000504832,-0.00382101,0.0017460629479850674,41.77254962645108,6.374629591161635
PART-PIER-2,352,Pier/C3D8R,-13.16667,-20.0,-45.0,-0.0001870392,-0.00024084796,-0.000547988,-0.000628216,-0.00111609,-0.00197508,0.0017312646169507426,276.06495583629476,275.3633150094558
PART-PIER-2,512,Pier/C3D8R,13.16667,-20.0,-45.0,0.0001870392,-0.00024084796,-0.000547988,0.000628216,-0.00111609,-0.00197508,0.0017312646169507426,276.06495583629476,275.3633150094558
PART-PIER-1,274,Pier/C3D8R,-13.16667,20.0,-45.0,-0.0001870392,0.00024084796,-0.000547988,-0.000628216,0.00111609,-0.00197508,0.0017312646169507426,276.06495583629476,275.3633150094558
PART-PIER-1,590,Pier/C3D8R,13.16667,20.0,-45.0,0.0001870392,0.00024084796,-0.000547988,0.000628216,0.00111609,-0.00197508,0.0017312646169507426,276.06495583629476,275.3633150094558
PART-PIER-2,276,Pier/C3D8R,-13.0,-10.0,-40.0,-0.0005907005,0.00062190363,-0.0016867768,-0.0012697,0.00011678,-0.00309318,0.0016413897049618862,86.73915225694792,76.8019946816558
PART-PIER-2,592,Pier/C3D8R,13.0,-10.0,-40.0,0.0005907005,0.00062190363,-0.0016867768,0.0012697,0.00011678,-0.00309318,0.0016413897049618862,86.73915225694792,76.8019946816558
PART-PIER-1,354,Pier/C3D8R,-13.0,10.0,-40.0,-0.0005907005,-0.00062190363,-0.0016867768,-0.0012697,-0.00011678,-0.00309318,0.0016413897049618862,86.73915225694792,76.8019946816558
PART-PIER-1,514,Pier/C3D8R,13.0,10.0,-40.0,0.0005907005,-0.00062190363,-0.0016867768,0.0012697,-0.00011678,-0.00309318,0.0016413897049618862,86.73915225694792,76.8019946816558
PART-FLOOR-1,305,Floor/S4R,70.0,-5.0,0.0,-0.0050548743,-0.00017838518,-0.4413069,-0.00381103,-7.54258e-05,-0.440403,0.0015410335773669882,0.3491747734669994,0.20763996148604552
PART-FLOOR-1,307,Floor/S4R,70.0,5.0,0.0,-0.0050548743,0.00017838518,-0.4413069,-0.00381103,7.54258e-05,-0.440403,0.0015410335773669882,0.3491747734669994,0.20763996148604552
PART-FLOOR-1,380,Floor/S4R,-70.0,-5.0,0.0,0.0050548743,-0.00017838518,-0.4413069,0.00381103,-7.54258e-05,-0.440403,0.0015410335773669882,0.3491747734669994,0.20763996148604552
PART-FLOOR-1,382,Floor/S4R,-70.0,5.0,0.0,0.0050548743,0.00017838518,-0.4413069,0.00381103,7.54258e-05,-0.440403,0.0015410335773669882,0.3491747734669994,0.20763996148604552
PART-PIER-2,25,Pier/C3D8R,-19.75,-10.0,-45.0,-0.0007252486,0.00040474843,-0.001211226,-0.00157443,0.000645098,-0.00241324,0.0014912124671223564,101.53762777672952,101.05439311912812
PART-PIER-2,268,Pier/C3D8R,19.75,-10.0,-45.0,0.0007252486,0.00040474843,-0.001211226,0.00157443,0.000645098,-0.00241324,0.0014912124671223564,101.53762777672952,101.05439311912812
PART-PIER-1,141,Pier/C3D8R,-19.75,10.0,-45.0,-0.0007252486,-0.00040474843,-0.001211226,-0.00157443,-0.000645098,-0.00241324,0.0014912124671223564,101.53762777672952,101.05439311912812
PART-PIER-1,191,Pier/C3D8R,19.75,10.0,-45.0,0.0007252486,-0.00040474843,-0.001211226,0.00157443,-0.000645098,-0.00241324,0.0014912124671223564,101.53762777672952,101.05439311912812
PART-PIER-2,26,Pier/C3D8R,-19.5,-10.0,-40.0,-0.00085226196,0.00041211312,-0.0015944524,-0.00156776,0.000330956,-0.00288975,0.0014819985816242524,79.9218287496241,78.192873129702
PART-PIER-2,267,Pier/C3D8R,19.5,-10.0,-40.0,0.00085226196,0.00041211312,-0.0015944524,0.00156776,0.000330956,-0.00288975,0.0014819985816242524,79.9218287496241,78.192873129702
PART-PIER-1,140,Pier/C3D8R,-19.5,10.0,-40.0,-0.00085226196,-0.00041211312,-0.0015944524,-0.00156776,-0.000330956,-0.00288975,0.0014819985816242524,79.9218287496241,78.192873129702
PART-PIER-1,192,Pier/C3D8R,19.5,10.0,-40.0,0.00085226196,-0.00041211312,-0.0015944524,0.00156776,-0.000330956,-0.00288975,0.0014819985816242524,79.9218287496241,78.192873129702
PART-PIER-2,142,Pier/C3D8R,0.0,-20.0,-45.0,-2.8773574e-17,-0.00020619809,-0.00053472794,-1.33468e-15,-0.000879302,-0.0018322,0.001461678015206472,255.04452752774333,254.60601228450108
PART-PIER-1,102,Pier/C3D8R,0.0,20.0,-45.0,5.34351e-18,0.00020619809,-0.00053472794,-1.21868e-15,0.000879302,-0.0018322,0.001461678015206472,255.04452752774333,254.60601228450108
PART-PIER-2,468,Pier/C3D8R,-19.75,-15.0,-45.0,-0.0005785523,-1.5444868e-05,-0.0007180131,-0.00143357,-7.53901e-05,-0.00187582,0.0014405434793300874,156.2025646539463,156.12956605181208
PART-PIER-2,667,Pier/C3D8R,19.75,-15.0,-45.0,0.0005785523,-1.5444868e-05,-0.0007180131,0.00143357,-7.53901e-05,-0.00187582,0.0014405434793300874,156.2025646539463,156.12956605181208
PART-PIER-1,468,Pier/C3D8R,-19.75,15.0,-45.0,-0.0005785523,1.5444868e-05,-0.0007180131,-0.00143357,7.53901e-05,-0.00187582,0.0014405434793300874,156.2025646539463,156.12956605181208
PART-PIER-1,667,Pier/C3D8R,19.75,15.0,-45.0,0.0005785523,1.5444868e-05,-0.0007180131,0.00143357,7.53901e-05,-0.00187582,0.0014405434793300874,156.2025646539463,156.12956605181208
PART-CABLE250-2,1,Cable/T3D2,-250.0,10.0,0.0,0.0006753377,-0.0004848805,-0.0020286278,0.000991526,-0.000673272,-0.000660039,0.0014172161803389703,64.64287839789843,37.591221643568865
PART-CABLE250-4,1,Cable/T3D2,250.0,10.0,0.0,-0.0006753377,-0.0004848805,-0.0020286278,-0.000991526,-0.000673272,-0.000660039,0.0014172161803389703,64.64287839789843,37.591221643568865
PART-RIVERBANK-2,3,RiverBank/C3D8R,250.0,-10.0,0.0,-0.0006753377,0.0004848805,-0.0020286278,-0.000991526,0.000673272,-0.000660039,0.0014172161803389703,64.64287839789843,37.591221643568865
PART-RIVERBANK-2,4,RiverBank/C3D8R,250.0,10.0,0.0,-0.0006753377,-0.0004848805,-0.0020286278,-0.000991526,-0.000673272,-0.000660039,0.0014172161803389703,64.64287839789843,37.591221643568865
PART-CABLE250-1,1,Cable/T3D2,-250.0,-10.0,0.0,0.0006753377,0.0004848805,-0.0020286278,0.000991526,0.000673272,-0.000660039,0.0014172161803389703,64.64287839789843,37.591221643568865
PART-CABLE250-3,1,Cable/T3D2,250.0,-10.0,0.0,-0.0006753377,0.0004848805,-0.0020286278,-0.000991526,0.000673272,-0.000660039,0.0014172161803389703,64.64287839789843,37.591221643568865
PART-FLOOR-1,19,Floor/S4R,-250.0,10.0,0.0,0.0006753377,-0.0004848805,-0.0020286278,0.000991526,-0.000673272,-0.000660039,0.0014172161803389703,64.64287839789843,37.591221643568865
PART-FLOOR-1,20,Floor/S4R,-250.0,-10.0,0.0,0.0006753377,0.0004848805,-0.0020286278,0.000991526,0.000673272,-0.000660039,0.0014172161803389703,64.64287839789843,37.591221643568865
PART-FLOOR-1,21,Floor/S4R,250.0,-10.0,0.0,-0.0006753377,0.0004848805,-0.0020286278,-0.000991526,0.000673272,-0.000660039,0.0014172161803389703,64.64287839789843,37.591221643568865
PART-FLOOR-1,22,Floor/S4R,250.0,10.0,0.0,-0.0006753377,-0.0004848805,-0.0020286278,-0.000991526,-0.000673272,-0.000660039,0.0014172161803389703,64.64287839789843,37.591221643568865
PART-RIVERBANK-1,6,RiverBank/C3D8R,-250.0,-10.0,0.0,0.0006753377,0.0004848805,-0.0020286278,0.000991526,0.000673272,-0.000660039,0.0014172161803389703,64.64287839789843,37.591221643568865
PART-RIVERBANK-1,7,RiverBank/C3D8R,-250.0,10.0,0.0,0.0006753377,-0.0004848805,-0.0020286278,0.000991526,-0.000673272,-0.000660039,0.0014172161803389703,64.64287839789843,37.591221643568865
PART-RIVERBANK-2,22,RiverBank/C3D8R,250.0,0.0,0.0,-0.00069515884,-4.7200845e-17,-0.0017301426,-0.0010558,-6.60984e-16,-0.000538265,0.0012452446585582712,66.78437628848071,36.44170731047628
PART-FLOOR-1,204,Floor/S4R,-250.0,0.0,0.0,0.00069515884,1.3577416e-17,-0.0017301426,0.0010558,-1.08653e-15,-0.000538265,0.0012452446585582712,66.78437628848071,36.44170731047628
PART-FLOOR-1,225,Floor/S4R,250.0,0.0,0.0,-0.00069515884,-4.7200845e-17,-0.0017301426,-0.0010558,-6.60984e-16,-0.000538265,0.0012452446585582712,66.78437628848071,36.44170731047628
PART-RIVERBANK-1,38,RiverBank/C3D8R,-250.0,0.0,0.0,0.00069515884,1.3577416e-17,-0.0017301426,0.0010558,-1.08653e-15,-0.000538265,0.0012452446585582712,66.78437628848071,36.44170731047628
PART-RIVERBANK-2,21,RiverBank/C3D8R,250.0,-5.0,0.0,-0.0017316663,-0.00014069946,-0.0008287429,-0.00131106,-3.61644e-06,-0.00195108,0.0012063755551271836,62.67178336074441,22.117927608438524
PART-RIVERBANK-2,23,RiverBank/C3D8R,250.0,5.0,0.0,-0.0017316663,0.00014069946,-0.0008287429,-0.00131106,3.61644e-06,-0.00195108,0.0012063755551271836,62.67178336074441,22.117927608438524
PART-FLOOR-1,203,Floor/S4R,-250.0,5.0,0.0,0.0017316663,0.00014069946,-0.0008287429,0.00131106,3.61644e-06,-0.00195108,0.0012063755551271836,62.67178336074441,22.117927608438524
PART-FLOOR-1,205,Floor/S4R,-250.0,-5.0,0.0,0.0017316663,-0.00014069946,-0.0008287429,0.00131106,-3.61644e-06,-0.00195108,0.0012063755551271836,62.67178336074441,22.117927608438524
PART-FLOOR-1,224,Floor/S4R,250.0,-5.0,0.0,-0.0017316663,-0.00014069946,-0.0008287429,-0.00131106,-3.61644e-06,-0.00195108,0.0012063755551271836,62.67178336074441,22.117927608438524
PART-FLOOR-1,226,Floor/S4R,250.0,5.0,0.0,-0.0017316663,0.00014069946,-0.0008287429,-0.00131106,3.61644e-06,-0.00195108,0.0012063755551271836,62.67178336074441,22.117927608438524
PART-RIVERBANK-1,37,RiverBank/C3D8R,-250.0,5.0,0.0,0.0017316663,0.00014069946,-0.0008287429,0.00131106,3.61644e-06,-0.00195108,0.0012063755551271836,62.67178336074441,22.117927608438524
PART-RIVERBANK-1,39,RiverBank/C3D8R,-250.0,-5.0,0.0,0.0017316663,-0.00014069946,-0.0008287429,0.00131106,-3.61644e-06,-0.00195108,0.0012063755551271836,62.67178336074441,22.117927608438524
PART-SUPPORTBEAM-2,99,SupportBeam/B31,-86.66666,10.0,-8.0,-0.0019349965,0.0008050469,-0.24850416,-0.001525,9.82216e-05,-0.249322,0.0011560974873825812,0.465206045452336,0.32742185152808817
PART-SUPPORTBEAM-2,234,SupportBeam/B31,86.66666,10.0,-8.0,0.0019349965,0.0008050469,-0.24850416,0.001525,9.82216e-05,-0.249322,0.0011560974873825812,0.465206045452336,0.32742185152808817
PART-SUPPORTBEAM-1,99,SupportBeam/B31,-86.66666,-10.0,-8.0,-0.0019349965,-0.0008050469,-0.24850416,-0.001525,-9.82216e-05,-0.249322,0.0011560974873825812,0.465206045452336,0.32742185152808817
PART-SUPPORTBEAM-1,234,SupportBeam/B31,86.66666,-10.0,-8.0,0.0019349965,-0.0008050469,-0.24850416,0.001525,-9.82216e-05,-0.249322,0.0011560974873825812,0.465206045452336,0.32742185152808817
PART-PIER-2,273,Pier/C3D8R,-6.58333,-10.0,-45.0,-0.00014519421,0.00058892695,-0.0011178519,-0.000287015,0.000841637,-0.00213705,0.0010595943907414935,83.31367145448209,81.9978894993141
PART-PIER-2,589,Pier/C3D8R,6.58333,-10.0,-45.0,0.00014519421,0.00058892695,-0.0011178519,0.000287015,0.000841637,-0.00213705,0.0010595943907414935,83.31367145448209,81.9978894993141
PART-PIER-1,351,Pier/C3D8R,-6.58333,10.0,-45.0,-0.00014519421,-0.00058892695,-0.0011178519,-0.000287015,-0.000841637,-0.00213705,0.0010595943907414935,83.31367145448209,81.9978894993141
PART-PIER-1,511,Pier/C3D8R,6.58333,10.0,-45.0,0.00014519421,-0.00058892695,-0.0011178519,0.000287015,-0.000841637,-0.00213705,0.0010595943907414935,83.31367145448209,81.9978894993141
PART-PIER-2,275,Pier/C3D8R,-6.5,-10.0,-40.0,-0.00021999345,0.0007114851,-0.0015457,-0.000529736,0.000422201,-0.00246351,0.001010940618381373,58.921221620973895,48.91142983521654
PART-PIER-2,591,Pier/C3D8R,6.5,-10.0,-40.0,0.00021999345,0.0007114851,-0.0015457,0.000529736,0.000422201,-0.00246351,0.001010940618381373,58.921221620973895,48.91142983521654
PART-PIER-1,353,Pier/C3D8R,-6.5,10.0,-40.0,-0.00021999345,-0.0007114851,-0.0015457,-0.000529736,-0.000422201,-0.00246351,0.001010940618381373,58.921221620973895,48.91142983521654
PART-PIER-1,513,Pier/C3D8R,6.5,10.0,-40.0,0.00021999345,-0.0007114851,-0.0015457,0.000529736,-0.000422201,-0.00246351,0.001010940618381373,58.921221620973895,48.91142983521654
PART-PIER-2,274,Pier/C3D8R,-13.16667,-10.0,-45.0,-0.0002868197,0.0005459844,-0.00091994967,-0.000593454,0.000959827,-0.00168241,0.0009201282771086643,83.07764345080119,82.9099345631293
PART-PIER-2,590,Pier/C3D8R,13.16667,-10.0,-45.0,0.0002868197,0.0005459844,-0.00091994967,0.000593454,0.000959827,-0.00168241,0.0009201282771086643,83.07764345080119,82.9099345631293
PART-PIER-1,352,Pier/C3D8R,-13.16667,10.0,-45.0,-0.0002868197,-0.0005459844,-0.00091994967,-0.000593454,-0.000959827,-0.00168241,0.0009201282771086643,83.07764345080119,82.9099345631293
PART-PIER-1,512,Pier/C3D8R,13.16667,10.0,-45.0,0.0002868197,-0.0005459844,-0.00091994967,0.000593454,-0.000959827,-0.00168241,0.0009201282771086643,83.07764345080119,82.9099345631293
PART-PIER-2,706,Pier/C3D8R,-6.58333,-15.0,-45.0,-0.0001272879,9.025273e-05,-0.00053220155,-0.000376273,-6.86918e-05,-0.00134677,0.0008664748717500891,156.23290587203138,152.43785104136
PART-PIER-2,784,Pier/C3D8R,6.58333,-15.0,-45.0,0.0001272879,9.025273e-05,-0.00053220155,0.000376273,-6.86918e-05,-0.00134677,0.0008664748717500891,156.23290587203138,152.43785104136
PART-PIER-1,706,Pier/C3D8R,-6.58333,15.0,-45.0,-0.0001272879,-9.025273e-05,-0.00053220155,-0.000376273,6.86918e-05,-0.00134677,0.0008664748717500891,156.23290587203138,152.43785104136
PART-PIER-1,784,Pier/C3D8R,6.58333,15.0,-45.0,0.0001272879,-9.025273e-05,-0.00053220155,0.000376273,6.86918e-05,-0.00134677,0.0008664748717500891,156.23290587203138,152.43785104136
PART-PIER-2,429,Pier/C3D8R,0.0,-15.0,-45.0,8.176724e-18,9.4908675e-05,-0.00045063978,8.28933e-18,-8.96267e-05,-0.00126233,0.0008324027377838441,180.75057281650032,174.79637934070502
PART-PIER-1,429,Pier/C3D8R,0.0,15.0,-45.0,-2.0458628e-17,-9.4908675e-05,-0.00045063978,-1.3121e-16,8.96267e-05,-0.00126233,0.0008324027377838441,180.75057281650032,174.79637934070502
PART-RIVERBANK-2,81,RiverBank/C3D8R,250.0,10.0,-35.0,-0.001081429,-0.00023581412,0.00026750966,-0.00168725,-0.000533265,0.000392916,0.0006864567431134826,60.283767564802424,59.18142275886381
PART-RIVERBANK-2,89,RiverBank/C3D8R,250.0,-10.0,-35.0,-0.001081429,0.00023581412,0.00026750966,-0.00168725,0.000533265,0.000392916,0.0006864567431134826,60.283767564802424,59.18142275886381
PART-RIVERBANK-1,92,RiverBank/C3D8R,-250.0,10.0,-35.0,0.001081429,-0.00023581412,0.00026750966,0.00168725,-0.000533265,0.000392916,0.0006864567431134826,60.283767564802424,59.18142275886381
PART-RIVERBANK-1,96,RiverBank/C3D8R,-250.0,-10.0,-35.0,0.001081429,0.00023581412,0.00026750966,0.00168725,0.000533265,0.000392916,0.0006864567431134826,60.283767564802424,59.18142275886381
PART-PIER-2,707,Pier/C3D8R,-13.16667,-15.0,-45.0,-0.00022476375,7.647704e-05,-0.0004192941,-0.000530722,-5.37054e-05,-0.00101118,0.0006788864684512618,140.8929957827027,137.26620124484577
PART-PIER-2,785,Pier/C3D8R,13.16667,-15.0,-45.0,0.00022476375,7.647704e-05,-0.0004192941,0.000530722,-5.37054e-05,-0.00101118,0.0006788864684512618,140.8929957827027,137.26620124484577
PART-PIER-1,707,Pier/C3D8R,-13.16667,15.0,-45.0,-0.00022476375,-7.647704e-05,-0.0004192941,-0.000530722,5.37054e-05,-0.00101118,0.0006788864684512618,140.8929957827027,137.26620124484577
PART-PIER-1,785,Pier/C3D8R,13.16667,15.0,-45.0,0.00022476375,-7.647704e-05,-0.0004192941,0.000530722,5.37054e-05,-0.00101118,0.0006788864684512618,140.8929957827027,137.26620124484577
PART-PIER-2,102,Pier/C3D8R,0.0,-10.0,-45.0,3.18478e-17,0.00059325807,-0.0010094001,9.34575e-16,0.000820224,-0.00160418,0.0006366134328026506,54.372816257113165,53.883143651562385
PART-PIER-1,142,Pier/C3D8R,0.0,10.0,-45.0,-3.2841433e-17,-0.00059325807,-0.0010094001,1.08505e-15,-0.000820224,-0.00160418,0.0006366134328026506,54.372816257113165,53.883143651562385
PART-RIVERBANK-2,292,RiverBank/C3D8R,250.0,0.0,-35.0,-0.0006867815,-1.250964e-17,-2.6327154e-05,-0.00130808,-7.37935e-17,0.000109573,0.0006359879542565832,92.5361523792046,90.99201428887714
PART-RIVERBANK-1,301,RiverBank/C3D8R,-250.0,0.0,-35.0,0.0006867815,3.2676726e-18,-2.6327154e-05,0.00130808,-1.89922e-16,0.000109573,0.0006359879542565832,92.5361523792046,90.99201428887714
PART-RIVERBANK-2,291,RiverBank/C3D8R,250.0,-5.0,-35.0,0.00062190025,-0.00015174276,-0.00086315395,0.00123657,-0.000273311,-0.000955771,0.0006333842881635624,58.93998736841019,47.642181525168404
PART-RIVERBANK-2,293,RiverBank/C3D8R,250.0,5.0,-35.0,0.00062190025,0.00015174276,-0.00086315395,0.00123657,0.000273311,-0.000955771,0.0006333842881635624,58.93998736841019,47.642181525168404
PART-RIVERBANK-1,300,RiverBank/C3D8R,-250.0,-5.0,-35.0,-0.00062190025,-0.00015174276,-0.00086315395,-0.00123657,-0.000273311,-0.000955771,0.0006333842881635624,58.93998736841019,47.642181525168404
PART-RIVERBANK-1,302,RiverBank/C3D8R,-250.0,5.0,-35.0,-0.00062190025,0.00015174276,-0.00086315395,-0.00123657,0.000273311,-0.000955771,0.0006333842881635624,58.93998736841019,47.642181525168404
PART-RIVERBANK-2,129,RiverBank/C3D8R,250.0,5.0,-5.0,0.0001160039,-0.00017100759,-0.0013193822,-2.97078e-05,-0.000144024,-0.000713916,0.0006233372546131173,46.67563048547622,45.4194837969693
PART-RIVERBANK-2,131,RiverBank/C3D8R,250.0,-5.0,-5.0,0.0001160039,0.00017100759,-0.0013193822,-2.97078e-05,0.000144024,-0.000713916,0.0006233372546131173,46.67563048547622,45.4194837969693
PART-RIVERBANK-1,144,RiverBank/C3D8R,-250.0,5.0,-5.0,-0.0001160039,-0.00017100759,-0.0013193822,2.97078e-05,-0.000144024,-0.000713916,0.0006233372546131173,46.67563048547622,45.4194837969693
PART-RIVERBANK-1,146,RiverBank/C3D8R,-250.0,-5.0,-5.0,-0.0001160039,0.00017100759,-0.0013193822,2.97078e-05,0.000144024,-0.000713916,0.0006233372546131173,46.67563048547622,45.4194837969693
PART-RIVERBANK-2,118,RiverBank/C3D8R,250.0,0.0,-25.0,-0.00070443813,-1.5973213e-17,0.00019358855,-0.00127535,-2.32168e-16,0.000371214,0.0005979056479032452,81.84273728231706,81.81757284461801
PART-RIVERBANK-1,133,RiverBank/C3D8R,-250.0,0.0,-25.0,0.00070443813,5.0055693e-18,0.00019358855,0.00127535,-3.51446e-16,0.000371214,0.0005979056479032452,81.84273728231706,81.81757284461801
PART-RIVERBANK-2,16,RiverBank/C3D8R,250.0,-10.0,-25.0,-0.0012132392,-5.697489e-05,0.00020149337,-0.00175591,0.00012489,0.000372481,0.0005973300637004378,48.517021118568486,46.146573066938466
PART-RIVERBANK-2,28,RiverBank/C3D8R,250.0,10.0,-25.0,-0.0012132392,5.697489e-05,0.00020149337,-0.00175591,-0.00012489,0.000372481,0.0005973300637004378,48.517021118568486,46.146573066938466
PART-RIVERBANK-1,36,RiverBank/C3D8R,-250.0,-10.0,-25.0,0.0012132392,-5.697489e-05,0.00020149337,0.00175591,0.00012489,0.000372481,0.0005973300637004378,48.517021118568486,46.146573066938466
PART-RIVERBANK-1,40,RiverBank/C3D8R,-250.0,10.0,-25.0,0.0012132392,5.697489e-05,0.00020149337,0.00175591,-0.00012489,0.000372481,0.0005973300637004378,48.517021118568486,46.146573066938466
PART-RIVERBANK-2,264,RiverBank/C3D8R,255.0,5.0,0.0,-0.0005337855,-8.2121725e-05,-0.00072683615,-0.000769239,9.17684e-07,-0.000185285,0.0005963317383601528,65.85536082440595,12.620170668227043
PART-RIVERBANK-2,266,RiverBank/C3D8R,255.0,-5.0,0.0,-0.0005337855,8.2121725e-05,-0.00072683615,-0.000769239,-9.17684e-07,-0.000185285,0.0005963317383601528,65.85536082440595,12.620170668227043
PART-RIVERBANK-1,288,RiverBank/C3D8R,-255.0,5.0,0.0,0.0005337855,-8.2121725e-05,-0.00072683615,0.000769239,9.17684e-07,-0.000185285,0.0005963317383601528,65.85536082440595,12.620170668227043
PART-RIVERBANK-1,290,RiverBank/C3D8R,-255.0,-5.0,0.0,0.0005337855,8.2121725e-05,-0.00072683615,0.000769239,-9.17684e-07,-0.000185285,0.0005963317383601528,65.85536082440595,12.620170668227043
PART-RIVERBANK-2,117,RiverBank/C3D8R,250.0,5.0,-25.0,0.0005755127,0.00011422907,-0.0015329559,0.00113069,0.000197572,-0.00163158,0.0005699952556969968,34.72601589356187,21.53478170773098
PART-RIVERBANK-2,119,RiverBank/C3D8R,250.0,-5.0,-25.0,0.0005755127,-0.00011422907,-0.0015329559,0.00113069,-0.000197572,-0.00163158,0.0005699952556969968,34.72601589356187,21.53478170773098
PART-RIVERBANK-1,132,RiverBank/C3D8R,-250.0,5.0,-25.0,-0.0005755127,0.00011422907,-0.0015329559,-0.00113069,0.000197572,-0.00163158,0.0005699952556969968,34.72601589356187,21.53478170773098
PART-RIVERBANK-1,134,RiverBank/C3D8R,-250.0,-5.0,-25.0,-0.0005755127,-0.00011422907,-0.0015329559,-0.00113069,-0.000197572,-0.00163158,0.0005699952556969968,34.72601589356187,21.53478170773098
PART-RIVERBANK-2,20,RiverBank/C3D8R,250.0,-10.0,-5.0,-0.0006765762,-0.00038644212,-0.00046892322,-0.000549178,-0.000577533,-0.000967866,0.0005492630731230188,60.39937055312723,37.8685532040423
PART-RIVERBANK-2,24,RiverBank/C3D8R,250.0,10.0,-5.0,-0.0006765762,0.00038644212,-0.00046892322,-0.000549178,0.000577533,-0.000967866,0.0005492630731230188,60.39937055312723,37.8685532040423
PART-RIVERBANK-1,32,RiverBank/C3D8R,-250.0,-10.0,-5.0,0.0006765762,-0.00038644212,-0.00046892322,0.000549178,-0.000577533,-0.000967866,0.0005492630731230188,60.39937055312723,37.8685532040423
PART-RIVERBANK-1,44,RiverBank/C3D8R,-250.0,10.0,-5.0,0.0006765762,0.00038644212,-0.00046892322,0.000549178,0.000577533,-0.000967866,0.0005492630731230188,60.39937055312723,37.8685532040423
PART-RIVERBANK-2,45,RiverBank/C3D8R,255.0,10.0,0.0,-0.0007005666,0.0001230108,-0.00037791178,-0.000455358,0.00012988,-0.000862826,0.0005434300729448163,67.46949859412764,22.195685052334333
PART-RIVERBANK-2,71,RiverBank/C3D8R,255.0,-10.0,0.0,-0.0007005666,-0.0001230108,-0.00037791178,-0.000455358,-0.00012988,-0.000862826,0.0005434300729448163,67.46949859412764,22.195685052334333
PART-RIVERBANK-1,53,RiverBank/C3D8R,-255.0,10.0,0.0,0.0007005666,0.0001230108,-0.00037791178,0.000455358,0.00012988,-0.000862826,0.0005434300729448163,67.46949859412764,22.195685052334333
PART-RIVERBANK-1,63,RiverBank/C3D8R,-255.0,-10.0,0.0,0.0007005666,-0.0001230108,-0.00037791178,0.000455358,-0.00012988,-0.000862826,0.0005434300729448163,67.46949859412764,22.195685052334333
PART-RIVERBANK-2,130,RiverBank/C3D8R,250.0,0.0,-5.0,-0.00060580415,-2.7385603e-17,-0.00053644716,-0.000458426,-6.19862e-16,-0.00105423,0.0005383487610238256,66.53006239436343,42.06820119328181
PART-RIVERBANK-1,145,RiverBank/C3D8R,-250.0,0.0,-5.0,0.00060580415,1.6093734e-17,-0.00053644716,0.000458426,-9.03882e-16,-0.00105423,0.0005383487610238256,66.53006239436343,42.06820119328181
PART-RIVERBANK-2,309,RiverBank/C3D8R,255.0,-10.0,-35.0,0.0001535412,-0.00017019612,-0.0006892344,0.000575687,-0.000478097,-0.000801159,0.0005343567576512665,73.56729833465691,50.93093942118574
PART-RIVERBANK-2,336,RiverBank/C3D8R,255.0,10.0,-35.0,0.0001535412,0.00017019612,-0.0006892344,0.000575687,0.000478097,-0.000801159,0.0005343567576512665,73.56729833465691,50.93093942118574
PART-RIVERBANK-1,333,RiverBank/C3D8R,-255.0,-10.0,-35.0,-0.0001535412,-0.00017019612,-0.0006892344,-0.000575687,-0.000478097,-0.000801159,0.0005343567576512665,73.56729833465691,50.93093942118574
PART-RIVERBANK-1,360,RiverBank/C3D8R,-255.0,10.0,-35.0,-0.0001535412,0.00017019612,-0.0006892344,-0.000575687,0.000478097,-0.000801159,0.0005343567576512665,73.56729833465691,50.93093942118574
PART-RIVERBANK-2,265,RiverBank/C3D8R,255.0,0.0,0.0,-0.0005506408,-3.5320036e-17,-0.00056623627,-0.000293463,-4.90612e-16,-0.00100649,0.0005098664213220487,64.55408049500745,32.73770934418213
PART-RIVERBANK-1,289,RiverBank/C3D8R,-255.0,0.0,0.0,0.0005506408,1.1098394e-17,-0.00056623627,0.000293463,-8.28364e-16,-0.00100649,0.0005098664213220487,64.55408049500745,32.73770934418213
PART-RIVERBANK-2,390,RiverBank/C3D8R,255.0,5.0,-25.0,-0.00012515242,6.222396e-05,-0.00045853123,-0.000533401,-6.84171e-05,-0.000195279,0.0005030265661273894,104.93715654371796,19.352690525533248
PART-RIVERBANK-2,392,RiverBank/C3D8R,255.0,-5.0,-25.0,-0.00012515242,-6.222396e-05,-0.00045853123,-0.000533401,6.84171e-05,-0.000195279,0.0005030265661273894,104.93715654371796,19.352690525533248
PART-RIVERBANK-1,510,RiverBank/C3D8R,-255.0,5.0,-25.0,0.00012515242,6.222396e-05,-0.00045853123,0.000533401,-6.84171e-05,-0.000195279,0.0005030265661273894,104.93715654371796,19.352690525533248
PART-RIVERBANK-1,512,RiverBank/C3D8R,-255.0,-5.0,-25.0,0.00012515242,-6.222396e-05,-0.00045853123,0.000533401,6.84171e-05,-0.000195279,0.0005030265661273894,104.93715654371796,19.352690525533248
PART-RIVERBANK-2,525,RiverBank/C3D8R,255.0,-5.0,-35.0,-2.1018155e-05,-5.627866e-08,-0.00041201612,-0.000461625,0.000146697,-0.0002325,0.0004978925124945826,120.68603811528882,30.234244616211868
PART-RIVERBANK-2,527,RiverBank/C3D8R,255.0,5.0,-35.0,-2.1018155e-05,5.627866e-08,-0.00041201612,-0.000461625,-0.000146697,-0.0002325,0.0004978925124945826,120.68603811528882,30.234244616211868
PART-RIVERBANK-1,597,RiverBank/C3D8R,-255.0,-5.0,-35.0,2.1018155e-05,-5.627866e-08,-0.00041201612,0.000461625,0.000146697,-0.0002325,0.0004978925124945826,120.68603811528882,30.234244616211868
PART-RIVERBANK-1,599,RiverBank/C3D8R,-255.0,5.0,-35.0,2.1018155e-05,5.627866e-08,-0.00041201612,0.000461625,-0.000146697,-0.0002325,0.0004978925124945826,120.68603811528882,30.234244616211868
PART-RIVERBANK-2,147,RiverBank/C3D8R,255.0,10.0,-25.0,-2.2473778e-05,5.009513e-05,-0.0007150191,0.000364956,0.000295498,-0.000900102,0.0004945503830326857,68.96301714867744,41.56989626512309
PART-RIVERBANK-2,192,RiverBank/C3D8R,255.0,-10.0,-25.0,-2.2473778e-05,-5.009513e-05,-0.0007150191,0.000364956,-0.000295498,-0.000900102,0.0004945503830326857,68.96301714867744,41.56989626512309
PART-RIVERBANK-1,187,RiverBank/C3D8R,-255.0,10.0,-25.0,2.2473778e-05,5.009513e-05,-0.0007150191,-0.000364956,0.000295498,-0.000900102,0.0004945503830326857,68.96301714867744,41.56989626512309
PART-RIVERBANK-1,232,RiverBank/C3D8R,-255.0,-10.0,-25.0,2.2473778e-05,-5.009513e-05,-0.0007150191,-0.000364956,-0.000295498,-0.000900102,0.0004945503830326857,68.96301714867744,41.56989626512309
PART-RIVERBANK-2,46,RiverBank/C3D8R,260.0,10.0,0.0,-0.0005051981,-0.0001256833,-0.0009892554,-0.00069041,-0.000114172,-0.000547155,0.0004794671225532153,42.89088848100596,20.53668565551858
PART-RIVERBANK-2,70,RiverBank/C3D8R,260.0,-10.0,0.0,-0.0005051981,0.0001256833,-0.0009892554,-0.00069041,0.000114172,-0.000547155,0.0004794671225532153,42.89088848100596,20.53668565551858
PART-RIVERBANK-1,52,RiverBank/C3D8R,-260.0,10.0,0.0,0.0005051981,-0.0001256833,-0.0009892554,0.00069041,-0.000114172,-0.000547155,0.0004794671225532153,42.89088848100596,20.53668565551858
PART-RIVERBANK-1,64,RiverBank/C3D8R,-260.0,-10.0,0.0,0.0005051981,0.0001256833,-0.0009892554,0.00069041,0.000114172,-0.000547155,0.0004794671225532153,42.89088848100596,20.53668565551858
PART-RIVERBANK-2,526,RiverBank/C3D8R,255.0,0.0,-35.0,-0.0002863603,-8.185485e-18,-0.00028733525,0.000161661,-9.11018e-17,-0.000410857,0.00046473724616900733,114.56194272607041,8.838078988683069
PART-RIVERBANK-1,598,RiverBank/C3D8R,-255.0,0.0,-35.0,0.0002863603,9.131901e-19,-0.00028733525,-0.000161661,-1.70457e-16,-0.000410857,0.00046473724616900733,114.56194272607041,8.838078988683069
PART-RIVERBANK-2,62,RiverBank/C3D8R,255.0,10.0,-30.0,-0.0018690889,-0.0010143006,0.00028533884,-0.00198844,-0.00116204,0.000707462,0.0004628818181695578,21.573261099077662,12.288894086344891
PART-RIVERBANK-2,72,RiverBank/C3D8R,255.0,-10.0,-30.0,-0.0018690889,0.0010143006,0.00028533884,-0.00198844,0.00116204,0.000707462,0.0004628818181695578,21.573261099077662,12.288894086344891
PART-RIVERBANK-1,54,RiverBank/C3D8R,-255.0,10.0,-30.0,0.0018690889,-0.0010143006,0.00028533884,0.00198844,-0.00116204,0.000707462,0.0004628818181695578,21.573261099077662,12.288894086344891
PART-RIVERBANK-1,80,RiverBank/C3D8R,-255.0,-10.0,-30.0,0.0018690889,0.0010143006,0.00028533884,0.00198844,0.00116204,0.000707462,0.0004628818181695578,21.573261099077662,12.288894086344891
PART-RIVERBANK-2,391,RiverBank/C3D8R,255.0,0.0,-25.0,-0.00041173818,-1.711175e-17,-0.000716336,1.00123e-05,-1.74094e-16,-0.000893169,0.00045732196237358903,55.35005424897634,8.107772469884802
PART-RIVERBANK-1,511,RiverBank/C3D8R,-255.0,0.0,-25.0,0.00041173818,3.119275e-18,-0.000716336,-1.00123e-05,-3.70383e-16,-0.000893169,0.00045732196237358903,55.35005424897634,8.107772469884802
PART-RIVERBANK-2,268,RiverBank/C3D8R,260.0,0.0,0.0,-0.0006514502,-3.369351e-17,-0.00096715277,-0.00082792,-3.96508e-16,-0.000551768,0.00045131596189365266,38.70327106490283,14.677706706915988
PART-RIVERBANK-1,286,RiverBank/C3D8R,-260.0,0.0,0.0,0.0006514502,7.01567e-18,-0.00096715277,0.00082792,-6.8854e-16,-0.000551768,0.00045131596189365266,38.70327106490283,14.677706706915988
PART-RIVERBANK-2,238,RiverBank/C3D8R,255.0,0.0,-30.0,-0.0016555516,-2.2374001e-17,-9.541583e-06,-0.00177912,-8.45004e-17,0.000416775,0.0004438636935133981,26.810177458165192,10.371331989479751
PART-RIVERBANK-1,262,RiverBank/C3D8R,-255.0,0.0,-30.0,0.0016555516,4.0489747e-18,-9.541583e-06,0.00177912,-2.7663e-16,0.000416775,0.0004438636935133981,26.810177458165192,10.371331989479751
PART-RIVERBANK-2,13,RiverBank/C3D8R,250.0,5.0,-30.0,-0.0032911624,-0.0003883058,0.0007450924,-0.00348638,-0.000448569,0.00112694,0.00043306945661147715,12.749643645707959,8.67397054693582
PART-RIVERBANK-2,15,RiverBank/C3D8R,250.0,-5.0,-30.0,-0.0032911624,0.0003883058,0.0007450924,-0.00348638,0.000448569,0.00112694,0.00043306945661147715,12.749643645707959,8.67397054693582
PART-RIVERBANK-1,29,RiverBank/C3D8R,-250.0,-5.0,-30.0,0.0032911624,0.0003883058,0.0007450924,0.00348638,0.000448569,0.00112694,0.00043306945661147715,12.749643645707959,8.67397054693582
PART-RIVERBANK-1,31,RiverBank/C3D8R,-250.0,5.0,-30.0,0.0032911624,-0.0003883058,0.0007450924,0.00348638,-0.000448569,0.00112694,0.00043306945661147715,12.749643645707959,8.67397054693582
PART-RIVERBANK-2,19,RiverBank/C3D8R,250.0,-10.0,-10.0,-4.5411747e-05,0.00026152018,-0.001334378,-9.35539e-05,0.000446674,-0.000967779,0.00041351472858541306,30.39383244776107,21.354867831117357
PART-RIVERBANK-2,25,RiverBank/C3D8R,250.0,10.0,-10.0,-4.5411747e-05,-0.00026152018,-0.001334378,-9.35539e-05,-0.000446674,-0.000967779,0.00041351472858541306,30.39383244776107,21.354867831117357
PART-RIVERBANK-1,33,RiverBank/C3D8R,-250.0,-10.0,-10.0,4.5411747e-05,0.00026152018,-0.001334378,9.35539e-05,0.000446674,-0.000967779,0.00041351472858541306,30.39383244776107,21.354867831117357
PART-RIVERBANK-1,43,RiverBank/C3D8R,-250.0,10.0,-10.0,4.5411747e-05,-0.00026152018,-0.001334378,9.35539e-05,-0.000446674,-0.000967779,0.00041351472858541306,30.39383244776107,21.354867831117357
PART-RIVERBANK-2,237,RiverBank/C3D8R,255.0,5.0,-30.0,0.0015651911,0.00039755445,-0.0010684653,0.00167552,0.000477415,-0.0014334,0.0003895221545504215,20.116203322788596,16.511734768300844
PART-RIVERBANK-2,239,RiverBank/C3D8R,255.0,-5.0,-30.0,0.0015651911,-0.00039755445,-0.0010684653,0.00167552,-0.000477415,-0.0014334,0.0003895221545504215,20.116203322788596,16.511734768300844
PART-RIVERBANK-1,261,RiverBank/C3D8R,-255.0,5.0,-30.0,-0.0015651911,0.00039755445,-0.0010684653,-0.00167552,0.000477415,-0.0014334,0.0003895221545504215,20.116203322788596,16.511734768300844
PART-RIVERBANK-1,263,RiverBank/C3D8R,-255.0,-5.0,-30.0,-0.0015651911,-0.00039755445,-0.0010684653,-0.00167552,-0.000477415,-0.0014334,0.0003895221545504215,20.116203322788596,16.511734768300844
PART-RIVERBANK-2,14,RiverBank/C3D8R,250.0,0.0,-30.0,0.002631751,-1.5500164e-17,-0.0017041839,0.00285731,-1.43914e-16,-0.00201483,0.00038389824423434144,12.244230620450077,11.511020107979256
PART-RIVERBANK-1,30,RiverBank/C3D8R,-250.0,0.0,-30.0,-0.002631751,1.5445259e-18,-0.0017041839,-0.00285731,-3.31413e-16,-0.00201483,0.00038389824423434144,12.244230620450077,11.511020107979256
PART-RIVERBANK-2,312,RiverBank/C3D8R,260.0,-10.0,-35.0,3.438e-05,-5.3229756e-05,-0.00026839293,-0.000226889,0.000198522,-0.000175728,0.0003744692594352552,135.78947731764234,26.53771214716664
PART-RIVERBANK-2,339,RiverBank/C3D8R,260.0,10.0,-35.0,3.438e-05,5.3229756e-05,-0.00026839293,-0.000226889,-0.000198522,-0.000175728,0.0003744692594352552,135.78947731764234,26.53771214716664
PART-RIVERBANK-1,330,RiverBank/C3D8R,-260.0,-10.0,-35.0,-3.438e-05,-5.3229756e-05,-0.00026839293,0.000226889,0.000198522,-0.000175728,0.0003744692594352552,135.78947731764234,26.53771214716664
PART-RIVERBANK-1,357,RiverBank/C3D8R,-260.0,10.0,-35.0,-3.438e-05,5.3229756e-05,-0.00026839293,0.000226889,-0.000198522,-0.000175728,0.0003744692594352552,135.78947731764234,26.53771214716664
PART-RIVERBANK-2,267,RiverBank/C3D8R,260.0,5.0,0.0,-0.0006709003,-1.5727815e-05,-0.00070150493,-0.000457423,-7.45945e-05,-0.00100149,0.0003728657753684081,38.40786762733011,13.67174147872024
PART-RIVERBANK-2,269,RiverBank/C3D8R,260.0,-5.0,0.0,-0.0006709003,1.5727815e-05,-0.00070150493,-0.000457423,7.45945e-05,-0.00100149,0.0003728657753684081,38.40786762733011,13.67174147872024
PART-RIVERBANK-1,285,RiverBank/C3D8R,-260.0,5.0,0.0,0.0006709003,-1.5727815e-05,-0.00070150493,0.000457423,-7.45945e-05,-0.00100149,0.0003728657753684081,38.40786762733011,13.67174147872024
PART-RIVERBANK-1,287,RiverBank/C3D8R,-260.0,-5.0,0.0,0.0006709003,1.5727815e-05,-0.00070150493,0.000457423,7.45945e-05,-0.00100149,0.0003728657753684081,38.40786762733011,13.67174147872024
PART-RIVERBANK-2,127,RiverBank/C3D8R,250.0,0.0,-10.0,-0.00022676484,-3.2703618e-17,-0.0013668074,-0.000265068,-5.07217e-16,-0.00100454,0.000364286701882934,26.2929715201831,25.014058942595792
PART-RIVERBANK-1,142,RiverBank/C3D8R,-250.0,0.0,-10.0,0.00022676484,8.9616375e-18,-0.0013668074,0.000265068,-8.70973e-16,-0.00100454,0.000364286701882934,26.2929715201831,25.014058942595792
PART-RIVERBANK-2,152,RiverBank/C3D8R,260.0,10.0,-25.0,-1.3476952e-05,6.238665e-05,-0.00052093767,-0.000250212,-0.000156283,-0.000390763,0.0003475706309403798,66.22498348097649,6.709700883846402
PART-RIVERBANK-2,197,RiverBank/C3D8R,260.0,-10.0,-25.0,-1.3476952e-05,-6.238665e-05,-0.00052093767,-0.000250212,0.000156283,-0.000390763,0.0003475706309403798,66.22498348097649,6.709700883846402
PART-RIVERBANK-1,182,RiverBank/C3D8R,-260.0,10.0,-25.0,1.3476952e-05,6.238665e-05,-0.00052093767,0.000250212,-0.000156283,-0.000390763,0.0003475706309403798,66.22498348097649,6.709700883846402
PART-RIVERBANK-1,227,RiverBank/C3D8R,-260.0,-10.0,-25.0,1.3476952e-05,-6.238665e-05,-0.00052093767,0.000250212,0.000156283,-0.000390763,0.0003475706309403798,66.22498348097649,6.709700883846402
PART-RIVERBANK-2,270,RiverBank/C3D8R,265.0,5.0,0.0,-0.00043481193,-1.9420644e-05,-0.0006924039,-0.000563546,2.5797e-05,-0.000388995,0.00033267710577508284,40.67754540335915,16.21226231693609
PART-RIVERBANK-2,272,RiverBank/C3D8R,265.0,-5.0,0.0,-0.00043481193,1.9420644e-05,-0.0006924039,-0.000563546,-2.5797e-05,-0.000388995,0.00033267710577508284,40.67754540335915,16.21226231693609
PART-RIVERBANK-1,282,RiverBank/C3D8R,-265.0,5.0,0.0,0.00043481193,-1.9420644e-05,-0.0006924039,0.000563546,2.5797e-05,-0.000388995,0.00033267710577508284,40.67754540335915,16.21226231693609
PART-RIVERBANK-1,284,RiverBank/C3D8R,-265.0,-5.0,0.0,0.00043481193,1.9420644e-05,-0.0006924039,0.000563546,-2.5797e-05,-0.000388995,0.00033267710577508284,40.67754540335915,16.21226231693609
PART-RIVERBANK-2,1,RiverBank/C3D8R,250.0,10.0,-30.0,0.003995512,0.0015953254,-0.002298343,0.00409437,0.00165631,-0.00259594,0.00031946204784005273,6.549494974119316,5.0318958149702775
PART-RIVERBANK-2,2,RiverBank/C3D8R,250.0,-10.0,-30.0,0.003995512,-0.0015953254,-0.002298343,0.00409437,-0.00165631,-0.00259594,0.00031946204784005273,6.549494974119316,5.0318958149702775
PART-SUPPORTBEAM-2,2,SupportBeam/B31,-250.0,10.0,-30.0,-0.003995512,0.0015953254,-0.002298343,-0.00409437,0.00165631,-0.00259594,0.00031946204784005273,6.549494974119316,5.0318958149702775
PART-SUPPORTBEAM-2,19,SupportBeam/B31,250.0,10.0,-30.0,0.003995512,0.0015953254,-0.002298343,0.00409437,0.00165631,-0.00259594,0.00031946204784005273,6.549494974119316,5.0318958149702775
PART-RIVERBANK-1,5,RiverBank/C3D8R,-250.0,-10.0,-30.0,-0.003995512,-0.0015953254,-0.002298343,-0.00409437,-0.00165631,-0.00259594,0.00031946204784005273,6.549494974119316,5.0318958149702775
PART-RIVERBANK-1,8,RiverBank/C3D8R,-250.0,10.0,-30.0,-0.003995512,0.0015953254,-0.002298343,-0.00409437,0.00165631,-0.00259594,0.00031946204784005273,6.549494974119316,5.0318958149702775
PART-SUPPORTBEAM-1,2,SupportBeam/B31,-250.0,-10.0,-30.0,-0.003995512,-0.0015953254,-0.002298343,-0.00409437,-0.00165631,-0.00259594,0.00031946204784005273,6.549494974119316,5.0318958149702775
PART-SUPPORTBEAM-1,19,SupportBeam/B31,250.0,-10.0,-30.0,0.003995512,-0.0015953254,-0.002298343,0.00409437,-0.00165631,-0.00259594,0.00031946204784005273,6.549494974119316,5.0318958149702775
PART-RIVERBANK-2,240,RiverBank/C3D8R,260.0,5.0,-30.0,-0.0010492023,-0.00032510798,-0.00012180941,-0.00106618,-0.000383297,0.000191034,0.0003186615815034478,28.83421825208579,3.9657223505791075
PART-RIVERBANK-2,242,RiverBank/C3D8R,260.0,-5.0,-30.0,-0.0010492023,0.00032510798,-0.00012180941,-0.00106618,0.000383297,0.000191034,0.0003186615815034478,28.83421825208579,3.9657223505791075
PART-RIVERBANK-1,258,RiverBank/C3D8R,-260.0,5.0,-30.0,0.0010492023,-0.00032510798,-0.00012180941,0.00106618,-0.000383297,0.000191034,0.0003186615815034478,28.83421825208579,3.9657223505791075
PART-RIVERBANK-1,260,RiverBank/C3D8R,-260.0,-5.0,-30.0,0.0010492023,0.00032510798,-0.00012180941,0.00106618,0.000383297,0.000191034,0.0003186615815034478,28.83421825208579,3.9657223505791075
PART-RIVERBANK-2,534,RiverBank/C3D8R,260.0,-5.0,-35.0,-0.00023562,6.7731717e-06,-0.00026994117,1.58109e-05,-0.000112524,-0.000315088,0.00028193536299917784,78.67102293706606,6.535572514594287
PART-RIVERBANK-2,536,RiverBank/C3D8R,260.0,5.0,-35.0,-0.00023562,-6.7731717e-06,-0.00026994117,1.58109e-05,0.000112524,-0.000315088,0.00028193536299917784,78.67102293706606,6.535572514594287
PART-RIVERBANK-1,588,RiverBank/C3D8R,-260.0,-5.0,-35.0,0.00023562,6.7731717e-06,-0.00026994117,-1.58109e-05,-0.000112524,-0.000315088,0.00028193536299917784,78.67102293706606,6.535572514594287
PART-RIVERBANK-1,590,RiverBank/C3D8R,-260.0,5.0,-35.0,0.00023562,-6.7731717e-06,-0.00026994117,-1.58109e-05,0.000112524,-0.000315088,0.00028193536299917784,78.67102293706606,6.535572514594287
PART-RIVERBANK-2,535,RiverBank/C3D8R,260.0,0.0,-35.0,0.00019232585,-6.253326e-18,-0.0005350758,-6.75188e-05,-7.05985e-17,-0.000439594,0.0002768321084427572,48.68741706185153,21.780460427937193
PART-RIVERBANK-1,589,RiverBank/C3D8R,-260.0,0.0,-35.0,-0.00019232585,1.7122636e-18,-0.0005350758,6.75188e-05,-1.43031e-16,-0.000439594,0.0002768321084427572,48.68741706185153,21.780460427937193
PART-RIVERBANK-2,47,RiverBank/C3D8R,265.0,10.0,0.0,-0.0006119155,1.705923e-05,-0.00040502517,-0.0004662,-4.22901e-06,-0.000638971,0.0002764359735579588,37.66084333229187,7.760405178376429
PART-RIVERBANK-2,69,RiverBank/C3D8R,265.0,-10.0,0.0,-0.0006119155,-1.705923e-05,-0.00040502517,-0.0004662,4.22901e-06,-0.000638971,0.0002764359735579588,37.66084333229187,7.760405178376429
PART-RIVERBANK-1,51,RiverBank/C3D8R,-265.0,10.0,0.0,0.0006119155,1.705923e-05,-0.00040502517,0.0004662,-4.22901e-06,-0.000638971,0.0002764359735579588,37.66084333229187,7.760405178376429
PART-RIVERBANK-1,65,RiverBank/C3D8R,-265.0,-10.0,0.0,0.0006119155,-1.705923e-05,-0.00040502517,0.0004662,4.22901e-06,-0.000638971,0.0002764359735579588,37.66084333229187,7.760405178376429
PART-RIVERBANK-2,406,RiverBank/C3D8R,260.0,0.0,-25.0,0.00011227693,-1.4304878e-17,-0.0006004787,-0.000131399,-1.55105e-16,-0.000470633,0.000276112050931963,45.19867762689071,20.01249159294549
PART-RIVERBANK-1,496,RiverBank/C3D8R,-260.0,0.0,-25.0,-0.00011227693,3.5728677e-18,-0.0006004787,0.000131399,-3.01989e-16,-0.000470633,0.000276112050931963,45.19867762689071,20.01249159294549
PART-RIVERBANK-2,82,RiverBank/C3D8R,250.0,10.0,-40.0,0.00041012975,0.00022068698,-0.0006343794,0.000641718,0.000357483,-0.00065321,0.0002696309702579859,34.26123181748413,24.90636141541962
PART-RIVERBANK-2,88,RiverBank/C3D8R,250.0,-10.0,-40.0,0.00041012975,-0.00022068698,-0.0006343794,0.000641718,-0.000357483,-0.00065321,0.0002696309702579859,34.26123181748413,24.90636141541962
PART-RIVERBANK-1,91,RiverBank/C3D8R,-250.0,10.0,-40.0,-0.00041012975,0.00022068698,-0.0006343794,-0.000641718,0.000357483,-0.00065321,0.0002696309702579859,34.26123181748413,24.90636141541962
PART-RIVERBANK-1,97,RiverBank/C3D8R,-250.0,-10.0,-40.0,-0.00041012975,-0.00022068698,-0.0006343794,-0.000641718,-0.000357483,-0.00065321,0.0002696309702579859,34.26123181748413,24.90636141541962
PART-RIVERBANK-2,48,RiverBank/C3D8R,270.0,10.0,0.0,-0.00038121227,-5.12123e-05,-0.000763795,-0.000464741,-2.34557e-05,-0.000510127,0.00026850499400006116,31.397580236998945,19.258743499240573
PART-RIVERBANK-2,68,RiverBank/C3D8R,270.0,-10.0,0.0,-0.00038121227,5.12123e-05,-0.000763795,-0.000464741,2.34557e-05,-0.000510127,0.00026850499400006116,31.397580236998945,19.258743499240573
PART-RIVERBANK-1,50,RiverBank/C3D8R,-270.0,10.0,0.0,0.00038121227,-5.12123e-05,-0.000763795,0.000464741,-2.34557e-05,-0.000510127,0.00026850499400006116,31.397580236998945,19.258743499240573
PART-RIVERBANK-1,66,RiverBank/C3D8R,-270.0,-10.0,0.0,0.00038121227,5.12123e-05,-0.000763795,0.000464741,2.34557e-05,-0.000510127,0.00026850499400006116,31.397580236998945,19.258743499240573
PART-RIVERBANK-2,61,RiverBank/C3D8R,260.0,10.0,-30.0,0.00095342495,0.0008708192,-0.0009105276,0.000963275,0.000975182,-0.00115304,0.0002641985648382717,16.721408981603222,13.366648743994267
PART-RIVERBANK-2,73,RiverBank/C3D8R,260.0,-10.0,-30.0,0.00095342495,-0.0008708192,-0.0009105276,0.000963275,-0.000975182,-0.00115304,0.0002641985648382717,16.721408981603222,13.366648743994267
PART-RIVERBANK-1,55,RiverBank/C3D8R,-260.0,10.0,-30.0,-0.00095342495,0.0008708192,-0.0009105276,-0.000963275,0.000975182,-0.00115304,0.0002641985648382717,16.721408981603222,13.366648743994267
PART-RIVERBANK-1,79,RiverBank/C3D8R,-260.0,-10.0,-30.0,-0.00095342495,-0.0008708192,-0.0009105276,-0.000963275,-0.000975182,-0.00115304,0.0002641985648382717,16.721408981603222,13.366648743994267
PART-RIVERBANK-2,405,RiverBank/C3D8R,260.0,5.0,-25.0,-0.00029345023,-4.2953958e-05,-0.00048658502,-6.40953e-05,7.07154e-05,-0.000546398,0.0002628725916483449,46.130561439490506,2.6628325299070865
PART-RIVERBANK-2,407,RiverBank/C3D8R,260.0,-5.0,-25.0,-0.00029345023,4.2953958e-05,-0.00048658502,-6.40953e-05,-7.07154e-05,-0.000546398,0.0002628725916483449,46.130561439490506,2.6628325299070865
PART-RIVERBANK-1,495,RiverBank/C3D8R,-260.0,5.0,-25.0,0.00029345023,-4.2953958e-05,-0.00048658502,6.40953e-05,7.07154e-05,-0.000546398,0.0002628725916483449,46.130561439490506,2.6628325299070865
PART-RIVERBANK-1,497,RiverBank/C3D8R,-260.0,-5.0,-25.0,0.00029345023,4.2953958e-05,-0.00048658502,6.40953e-05,-7.07154e-05,-0.000546398,0.0002628725916483449,46.130561439490506,2.6628325299070865
PART-RIVERBANK-2,274,RiverBank/C3D8R,270.0,0.0,0.0,-0.00045513705,-2.2968096e-17,-0.00078455295,-0.000532904,-2.57164e-16,-0.000538504,0.00025804608950419106,28.450089875237715,16.47198132751556
PART-RIVERBANK-1,280,RiverBank/C3D8R,-270.0,0.0,0.0,0.00045513705,2.6263758e-18,-0.00078455295,0.000532904,-4.64406e-16,-0.000538504,0.00025804608950419106,28.450089875237715,16.47198132751556
PART-RIVERBANK-2,271,RiverBank/C3D8R,265.0,0.0,0.0,-0.0004947803,-2.677408e-17,-0.00043396084,-0.000355794,-3.1867e-16,-0.000651353,0.0002580243066401993,39.20592543617518,12.773694072884718
PART-RIVERBANK-1,283,RiverBank/C3D8R,-265.0,0.0,0.0,0.0004947803,5.8099268e-18,-0.00043396084,0.000355794,-5.8243e-16,-0.000651353,0.0002580243066401993,39.20592543617518,12.773694072884718
PART-RIVERBANK-2,126,RiverBank/C3D8R,250.0,5.0,-10.0,-0.0009285644,0.00015230001,-0.00048574797,-0.000854202,0.000172615,-0.000726322,0.0002526228993240735,23.85594666693049,7.130546879330558
PART-RIVERBANK-2,128,RiverBank/C3D8R,250.0,-5.0,-10.0,-0.0009285644,-0.00015230001,-0.00048574797,-0.000854202,-0.000172615,-0.000726322,0.0002526228993240735,23.85594666693049,7.130546879330558
PART-RIVERBANK-1,141,RiverBank/C3D8R,-250.0,5.0,-10.0,0.0009285644,0.00015230001,-0.00048574797,0.000854202,0.000172615,-0.000726322,0.0002526228993240735,23.85594666693049,7.130546879330558
PART-RIVERBANK-1,143,RiverBank/C3D8R,-250.0,-5.0,-10.0,0.0009285644,-0.00015230001,-0.00048574797,0.000854202,-0.000172615,-0.000726322,0.0002526228993240735,23.85594666693049,7.130546879330558
PART-RIVERBANK-2,241,RiverBank/C3D8R,260.0,0.0,-30.0,0.0007613499,-1.3627888e-18,-0.0007222065,0.000778133,-1.50071e-16,-0.000965146,0.00024351852723326816,23.205547978071277,18.139856248309588
PART-RIVERBANK-1,259,RiverBank/C3D8R,-260.0,0.0,-30.0,-0.0007613499,1.3437766e-18,-0.0007222065,-0.000778133,-1.79659e-16,-0.000965146,0.00024351852723326816,23.205547978071277,18.139856248309588
PART-RIVERBANK-2,394,RiverBank/C3D8R,255.0,0.0,-20.0,2.7111682e-05,-1.816429e-17,-0.0006659463,-8.89475e-05,-2.64613e-16,-0.000453731,0.00024187820753552628,36.29091543617821,30.627355363028524
PART-RIVERBANK-1,514,RiverBank/C3D8R,-255.0,0.0,-20.0,-2.7111682e-05,5.978441e-18,-0.0006659463,8.89475e-05,-4.37107e-16,-0.000453731,0.00024187820753552628,36.29091543617821,30.627355363028524
PART-RIVERBANK-2,148,RiverBank/C3D8R,255.0,10.0,-20.0,-0.00023139297,0.00018842914,-0.0006736814,-0.000324105,0.000106715,-0.000466124,0.00024156323287582591,32.7848319463835,21.59880969248165
PART-RIVERBANK-2,193,RiverBank/C3D8R,255.0,-10.0,-20.0,-0.00023139297,-0.00018842914,-0.0006736814,-0.000324105,-0.000106715,-0.000466124,0.00024156323287582591,32.7848319463835,21.59880969248165
PART-RIVERBANK-1,188,RiverBank/C3D8R,-255.0,10.0,-20.0,0.00023139297,0.00018842914,-0.0006736814,0.000324105,0.000106715,-0.000466124,0.00024156323287582591,32.7848319463835,21.59880969248165
PART-RIVERBANK-1,233,RiverBank/C3D8R,-255.0,-10.0,-20.0,0.00023139297,-0.00018842914,-0.0006736814,0.000324105,-0.000106715,-0.000466124,0.00024156323287582591,32.7848319463835,21.59880969248165
PART-RIVERBANK-2,294,RiverBank/C3D8R,250.0,-5.0,-40.0,-0.00049709034,5.5936985e-06,-7.400452e-05,-0.000724157,6.73492e-05,-1.98234e-05,0.0002414717453730902,48.04451714909844,44.75770396482876
PART-RIVERBANK-2,296,RiverBank/C3D8R,250.0,5.0,-40.0,-0.00049709034,-5.5936985e-06,-7.400452e-05,-0.000724157,-6.73492e-05,-1.98234e-05,0.0002414717453730902,48.04451714909844,44.75770396482876
PART-RIVERBANK-1,303,RiverBank/C3D8R,-250.0,-5.0,-40.0,0.00049709034,5.5936985e-06,-7.400452e-05,0.000724157,6.73492e-05,-1.98234e-05,0.0002414717453730902,48.04451714909844,44.75770396482876
PART-RIVERBANK-1,305,RiverBank/C3D8R,-250.0,5.0,-40.0,0.00049709034,-5.5936985e-06,-7.400452e-05,0.000724157,-6.73492e-05,-1.98234e-05,0.0002414717453730902,48.04451714909844,44.75770396482876
PART-RIVERBANK-2,60,RiverBank/C3D8R,265.0,10.0,-30.0,-0.0006840569,-0.00057645346,-5.0457787e-05,-0.000660551,-0.000653238,0.000176491,0.00024073667115458953,26.868560879898716,5.540380905041934
PART-RIVERBANK-2,74,RiverBank/C3D8R,265.0,-10.0,-30.0,-0.0006840569,0.00057645346,-5.0457787e-05,-0.000660551,0.000653238,0.000176491,0.00024073667115458953,26.868560879898716,5.540380905041934
PART-RIVERBANK-1,56,RiverBank/C3D8R,-265.0,10.0,-30.0,0.0006840569,-0.00057645346,-5.0457787e-05,0.000660551,-0.000653238,0.000176491,0.00024073667115458953,26.868560879898716,5.540380905041934
PART-RIVERBANK-1,78,RiverBank/C3D8R,-265.0,-10.0,-30.0,0.0006840569,0.00057645346,-5.0457787e-05,0.000660551,0.000653238,0.000176491,0.00024073667115458953,26.868560879898716,5.540380905041934
PART-RIVERBANK-2,295,RiverBank/C3D8R,250.0,0.0,-40.0,0.00021056968,-7.7571385e-18,-0.00045209654,0.000449901,-4.73254e-17,-0.000471624,0.00024012663831194156,48.14769437021559,30.691670453329422
PART-RIVERBANK-1,304,RiverBank/C3D8R,-250.0,0.0,-40.0,-0.00021056968,-7.7768406e-20,-0.00045209654,-0.000449901,-1.15586e-16,-0.000471624,0.00024012663831194156,48.14769437021559,30.691670453329422
PART-RIVERBANK-2,315,RiverBank/C3D8R,265.0,-10.0,-35.0,-0.0001878979,-1.4290165e-05,-0.00038110517,-4.15756e-05,-0.000200051,-0.000372347,0.00023663053234723562,55.65836572292224,0.09956734545381865
PART-RIVERBANK-2,342,RiverBank/C3D8R,265.0,10.0,-35.0,-0.0001878979,1.4290165e-05,-0.00038110517,-4.15756e-05,0.000200051,-0.000372347,0.00023663053234723562,55.65836572292224,0.09956734545381865
PART-RIVERBANK-1,327,RiverBank/C3D8R,-265.0,-10.0,-35.0,0.0001878979,-1.4290165e-05,-0.00038110517,4.15756e-05,-0.000200051,-0.000372347,0.00023663053234723562,55.65836572292224,0.09956734545381865
PART-RIVERBANK-1,354,RiverBank/C3D8R,-265.0,10.0,-35.0,0.0001878979,1.4290165e-05,-0.00038110517,4.15756e-05,0.000200051,-0.000372347,0.00023663053234723562,55.65836572292224,0.09956734545381865
PART-RIVERBANK-2,244,RiverBank/C3D8R,265.0,0.0,-30.0,-0.0005703869,-1.02991125e-17,-0.00020523233,-0.000548892,-7.53792e-17,2.27288e-05,0.0002289722854777121,37.77260895023915,9.373964807959021
PART-RIVERBANK-1,256,RiverBank/C3D8R,-265.0,0.0,-30.0,0.0005703869,2.5846751e-18,-0.00020523233,0.000548892,-1.79882e-16,2.27288e-05,0.0002289722854777121,37.77260895023915,9.373964807959021
PART-RIVERBANK-2,157,RiverBank/C3D8R,265.0,10.0,-25.0,-0.00027741469,-1.6211743e-05,-0.0004666729,-0.000144909,0.000161698,-0.000442364,0.00022316038437839307,41.08678619204239,9.27292079545402
PART-RIVERBANK-2,202,RiverBank/C3D8R,265.0,-10.0,-25.0,-0.00027741469,1.6211743e-05,-0.0004666729,-0.000144909,-0.000161698,-0.000442364,0.00022316038437839307,41.08678619204239,9.27292079545402
PART-RIVERBANK-1,177,RiverBank/C3D8R,-265.0,10.0,-25.0,0.00027741469,-1.6211743e-05,-0.0004666729,0.000144909,0.000161698,-0.000442364,0.00022316038437839307,41.08678619204239,9.27292079545402
PART-RIVERBANK-1,222,RiverBank/C3D8R,-265.0,-10.0,-25.0,0.00027741469,1.6211743e-05,-0.0004666729,0.000144909,-0.000161698,-0.000442364,0.00022316038437839307,41.08678619204239,9.27292079545402
PART-RIVERBANK-2,310,RiverBank/C3D8R,255.0,-10.0,-40.0,-0.00015281218,-8.934265e-05,-0.00017161676,-0.000280132,7.33393e-05,-9.11105e-05,0.00022171380498251005,89.92718737445684,23.127396215952402
PART-RIVERBANK-2,337,RiverBank/C3D8R,255.0,10.0,-40.0,-0.00015281218,8.934265e-05,-0.00017161676,-0.000280132,-7.33393e-05,-9.11105e-05,0.00022171380498251005,89.92718737445684,23.127396215952402
PART-RIVERBANK-1,334,RiverBank/C3D8R,-255.0,-10.0,-40.0,0.00015281218,-8.934265e-05,-0.00017161676,0.000280132,7.33393e-05,-9.11105e-05,0.00022171380498251005,89.92718737445684,23.127396215952402
PART-RIVERBANK-1,361,RiverBank/C3D8R,-255.0,10.0,-40.0,0.00015281218,8.934265e-05,-0.00017161676,0.000280132,-7.33393e-05,-9.11105e-05,0.00022171380498251005,89.92718737445684,23.127396215952402
PART-RIVERBANK-2,246,RiverBank/C3D8R,270.0,5.0,-30.0,-0.00037312048,-0.00018964653,-0.00020355395,-0.000336885,-0.000216333,-8.58541e-06,0.00020009475075979106,42.99198652952836,13.958721579958697
PART-RIVERBANK-2,248,RiverBank/C3D8R,270.0,-5.0,-30.0,-0.00037312048,0.00018964653,-0.00020355395,-0.000336885,0.000216333,-8.58541e-06,0.00020009475075979106,42.99198652952836,13.958721579958697
PART-RIVERBANK-1,252,RiverBank/C3D8R,-270.0,5.0,-30.0,0.00037312048,-0.00018964653,-0.00020355395,0.000336885,-0.000216333,-8.58541e-06,0.00020009475075979106,42.99198652952836,13.958721579958697
PART-RIVERBANK-1,254,RiverBank/C3D8R,-270.0,-5.0,-30.0,0.00037312048,0.00018964653,-0.00020355395,0.000336885,0.000216333,-8.58541e-06,0.00020009475075979106,42.99198652952836,13.958721579958697
PART-RIVERBANK-2,276,RiverBank/C3D8R,275.0,5.0,0.0,-0.00038578673,-1.0919008e-05,-0.00060076086,-0.000436439,1.09916e-05,-0.000412333,0.00019634353980526621,27.49725500530729,15.899879699028341
PART-RIVERBANK-2,278,RiverBank/C3D8R,275.0,-5.0,0.0,-0.00038578673,1.0919008e-05,-0.00060076086,-0.000436439,-1.09916e-05,-0.000412333,0.00019634353980526621,27.49725500530729,15.899879699028341
PART-RIVERBANK-1,276,RiverBank/C3D8R,-275.0,5.0,0.0,0.00038578673,-1.0919008e-05,-0.00060076086,0.000436439,1.09916e-05,-0.000412333,0.00019634353980526621,27.49725500530729,15.899879699028341
PART-RIVERBANK-1,278,RiverBank/C3D8R,-275.0,-5.0,0.0,0.00038578673,1.0919008e-05,-0.00060076086,0.000436439,-1.09916e-05,-0.000412333,0.00019634353980526621,27.49725500530729,15.899879699028341
PART-RIVERBANK-2,121,RiverBank/C3D8R,250.0,0.0,-20.0,7.4406766e-05,-3.203383e-17,-0.0014095407,0.000252475,-2.54537e-16,-0.00138005,0.0001804937598543749,12.787343079800126,0.6056392519988084
PART-RIVERBANK-1,136,RiverBank/C3D8R,-250.0,0.0,-20.0,-7.4406766e-05,5.9646555e-18,-0.0014095407,-0.000252475,-6.16111e-16,-0.00138005,0.0001804937598543749,12.787343079800126,0.6056392519988084
PART-RIVERBANK-2,396,RiverBank/C3D8R,255.0,5.0,-15.0,-0.00026465137,7.675869e-05,-0.0007894442,-0.000279301,4.05317e-05,-0.000614505,0.00017925046767090175,21.437481038780824,19.127850666607234
PART-RIVERBANK-2,398,RiverBank/C3D8R,255.0,-5.0,-15.0,-0.00026465137,-7.675869e-05,-0.0007894442,-0.000279301,-4.05317e-05,-0.000614505,0.00017925046767090175,21.437481038780824,19.127850666607234
PART-RIVERBANK-1,516,RiverBank/C3D8R,-255.0,5.0,-15.0,0.00026465137,7.675869e-05,-0.0007894442,0.000279301,4.05317e-05,-0.000614505,0.00017925046767090175,21.437481038780824,19.127850666607234
PART-RIVERBANK-1,518,RiverBank/C3D8R,-255.0,-5.0,-15.0,0.00026465137,-7.675869e-05,-0.0007894442,0.000279301,-4.05317e-05,-0.000614505,0.00017925046767090175,21.437481038780824,19.127850666607234
PART-RIVERBANK-2,543,RiverBank/C3D8R,265.0,-5.0,-35.0,0.000116999974,-7.757707e-05,-0.00037875888,-2.67772e-05,1.94643e-05,-0.000334313,0.00017906518227695068,44.32992547474248,16.83168297242919
PART-RIVERBANK-2,545,RiverBank/C3D8R,265.0,5.0,-35.0,0.000116999974,7.757707e-05,-0.00037875888,-2.67772e-05,-1.94643e-05,-0.000334313,0.00017906518227695068,44.32992547474248,16.83168297242919
PART-RIVERBANK-1,579,RiverBank/C3D8R,-265.0,-5.0,-35.0,-0.000116999974,-7.757707e-05,-0.00037875888,2.67772e-05,1.94643e-05,-0.000334313,0.00017906518227695068,44.32992547474248,16.83168297242919
PART-RIVERBANK-1,581,RiverBank/C3D8R,-265.0,5.0,-35.0,-0.000116999974,7.757707e-05,-0.00037875888,2.67772e-05,-1.94643e-05,-0.000334313,0.00017906518227695068,44.32992547474248,16.83168297242919
PART-RIVERBANK-2,50,RiverBank/C3D8R,280.0,10.0,0.0,-0.00036024503,-2.4940333e-05,-0.0006318848,-0.000395021,-1.16449e-06,-0.000457865,0.00017904622194238437,24.601389890356597,16.910327151336542
PART-RIVERBANK-2,66,RiverBank/C3D8R,280.0,-10.0,0.0,-0.00036024503,2.4940333e-05,-0.0006318848,-0.000395021,1.16449e-06,-0.000457865,0.00017904622194238437,24.601389890356597,16.910327151336542
PART-RIVERBANK-1,48,RiverBank/C3D8R,-280.0,10.0,0.0,0.00036024503,-2.4940333e-05,-0.0006318848,0.000395021,-1.16449e-06,-0.000457865,0.00017904622194238437,24.601389890356597,16.910327151336542
PART-RIVERBANK-1,68,RiverBank/C3D8R,-280.0,-10.0,0.0,0.00036024503,2.4940333e-05,-0.0006318848,0.000395021,1.16449e-06,-0.000457865,0.00017904622194238437,24.601389890356597,16.910327151336542
PART-RIVERBANK-2,280,RiverBank/C3D8R,280.0,0.0,0.0,-0.0003832608,-1.5700052e-17,-0.00064841675,-0.000414905,-1.56204e-16,-0.000476185,0.00017511462275236327,23.248949977306584,16.148269443992675
PART-RIVERBANK-1,274,RiverBank/C3D8R,-280.0,0.0,0.0,0.0003832608,-3.9974671e-19,-0.00064841675,0.000414905,-2.99281e-16,-0.000476185,0.00017511462275236327,23.248949977306584,16.148269443992675
PART-RIVERBANK-2,318,RiverBank/C3D8R,270.0,-10.0,-35.0,7.155562e-05,-0.00014057985,-0.0002788788,-1.21339e-05,1.09491e-05,-0.000253955,0.00017488897693214659,54.58454105624543,20.574216890448586
PART-RIVERBANK-2,345,RiverBank/C3D8R,270.0,10.0,-35.0,7.155562e-05,0.00014057985,-0.0002788788,-1.21339e-05,-1.09491e-05,-0.000253955,0.00017488897693214659,54.58454105624543,20.574216890448586
PART-RIVERBANK-1,324,RiverBank/C3D8R,-270.0,-10.0,-35.0,-7.155562e-05,-0.00014057985,-0.0002788788,1.21339e-05,1.09491e-05,-0.000253955,0.00017488897693214659,54.58454105624543,20.574216890448586
PART-RIVERBANK-1,351,RiverBank/C3D8R,-270.0,10.0,-35.0,-7.155562e-05,0.00014057985,-0.0002788788,1.21339e-05,-1.09491e-05,-0.000253955,0.00017488897693214659,54.58454105624543,20.574216890448586
PART-RIVERBANK-2,243,RiverBank/C3D8R,265.0,5.0,-30.0,0.0004618316,0.0003016928,-0.0006739675,0.000429025,0.000338775,-0.000841235,0.0001744413343122839,20.02905207897184,15.191240516716672
PART-RIVERBANK-2,245,RiverBank/C3D8R,265.0,-5.0,-30.0,0.0004618316,-0.0003016928,-0.0006739675,0.000429025,-0.000338775,-0.000841235,0.0001744413343122839,20.02905207897184,15.191240516716672
PART-RIVERBANK-1,255,RiverBank/C3D8R,-265.0,5.0,-30.0,-0.0004618316,0.0003016928,-0.0006739675,-0.000429025,0.000338775,-0.000841235,0.0001744413343122839,20.02905207897184,15.191240516716672
PART-RIVERBANK-1,257,RiverBank/C3D8R,-265.0,-5.0,-30.0,-0.0004618316,-0.0003016928,-0.0006739675,-0.000429025,-0.000338775,-0.000841235,0.0001744413343122839,20.02905207897184,15.191240516716672
PART-RIVERBANK-2,393,RiverBank/C3D8R,255.0,5.0,-20.0,-0.00028658588,-3.5002256e-05,-0.00068455323,-0.000184088,1.96496e-05,-0.000812799,0.0001730306859826662,23.289785631702927,12.204103452533326
PART-RIVERBANK-2,395,RiverBank/C3D8R,255.0,-5.0,-20.0,-0.00028658588,3.5002256e-05,-0.00068455323,-0.000184088,-1.96496e-05,-0.000812799,0.0001730306859826662,23.289785631702927,12.204103452533326
PART-RIVERBANK-1,513,RiverBank/C3D8R,-255.0,5.0,-20.0,0.00028658588,-3.5002256e-05,-0.00068455323,0.000184088,1.96496e-05,-0.000812799,0.0001730306859826662,23.289785631702927,12.204103452533326
PART-RIVERBANK-1,515,RiverBank/C3D8R,-255.0,-5.0,-20.0,0.00028658588,3.5002256e-05,-0.00068455323,0.000184088,-1.96496e-05,-0.000812799,0.0001730306859826662,23.289785631702927,12.204103452533326
PART-RIVERBANK-2,420,RiverBank/C3D8R,265.0,5.0,-25.0,1.4544427e-06,7.6460296e-05,-0.00054012873,-0.000131291,-1.98918e-05,-0.000485794,0.00017279277139216527,31.67512566562007,7.680790399337019
PART-RIVERBANK-2,422,RiverBank/C3D8R,265.0,-5.0,-25.0,1.4544427e-06,-7.6460296e-05,-0.00054012873,-0.000131291,1.98918e-05,-0.000485794,0.00017279277139216527,31.67512566562007,7.680790399337019
PART-RIVERBANK-1,480,RiverBank/C3D8R,-265.0,5.0,-25.0,-1.4544427e-06,7.6460296e-05,-0.00054012873,0.000131291,-1.98918e-05,-0.000485794,0.00017279277139216527,31.67512566562007,7.680790399337019
PART-RIVERBANK-1,482,RiverBank/C3D8R,-265.0,-5.0,-25.0,-1.4544427e-06,-7.6460296e-05,-0.00054012873,0.000131291,1.98918e-05,-0.000485794,0.00017279277139216527,31.67512566562007,7.680790399337019
PART-RIVERBANK-2,120,RiverBank/C3D8R,250.0,5.0,-20.0,-0.00081896054,8.087376e-05,-0.000104474275,-0.000973604,7.35315e-05,-3.07631e-05,0.00017146966443823183,20.670223436190163,17.758096715084648
PART-RIVERBANK-2,122,RiverBank/C3D8R,250.0,-5.0,-20.0,-0.00081896054,-8.087376e-05,-0.000104474275,-0.000973604,-7.35315e-05,-3.07631e-05,0.00017146966443823183,20.670223436190163,17.758096715084648
PART-RIVERBANK-1,135,RiverBank/C3D8R,-250.0,5.0,-20.0,0.00081896054,8.087376e-05,-0.000104474275,0.000973604,7.35315e-05,-3.07631e-05,0.00017146966443823183,20.670223436190163,17.758096715084648
PART-RIVERBANK-1,137,RiverBank/C3D8R,-250.0,-5.0,-20.0,0.00081896054,-8.087376e-05,-0.000104474275,0.000973604,-7.35315e-05,-3.07631e-05,0.00017146966443823183,20.670223436190163,17.758096715084648
PART-RIVERBANK-2,123,RiverBank/C3D8R,250.0,5.0,-15.0,0.00020837717,-7.8071076e-05,-0.0013054821,0.000230713,-0.000101021,-0.00113871,0.00016981908506350123,12.823202690034805,11.936791647482552
PART-RIVERBANK-2,125,RiverBank/C3D8R,250.0,-5.0,-15.0,0.00020837717,7.8071076e-05,-0.0013054821,0.000230713,0.000101021,-0.00113871,0.00016981908506350123,12.823202690034805,11.936791647482552
PART-RIVERBANK-1,138,RiverBank/C3D8R,-250.0,5.0,-15.0,-0.00020837717,-7.8071076e-05,-0.0013054821,-0.000230713,-0.000101021,-0.00113871,0.00016981908506350123,12.823202690034805,11.936791647482552
PART-RIVERBANK-1,140,RiverBank/C3D8R,-250.0,-5.0,-15.0,-0.00020837717,7.8071076e-05,-0.0013054821,-0.000230713,0.000101021,-0.00113871,0.00016981908506350123,12.823202690034805,11.936791647482552
PART-RIVERBANK-2,162,RiverBank/C3D8R,270.0,10.0,-25.0,-2.6210753e-05,0.00010444324,-0.00047966145,-0.000102083,-4.54923e-05,-0.000462628,0.00016890056968176014,34.357321084009634,3.1863016627168506
PART-RIVERBANK-2,207,RiverBank/C3D8R,270.0,-10.0,-25.0,-2.6210753e-05,-0.00010444324,-0.00047966145,-0.000102083,4.54923e-05,-0.000462628,0.00016890056968176014,34.357321084009634,3.1863016627168506
PART-RIVERBANK-1,172,RiverBank/C3D8R,-270.0,10.0,-25.0,2.6210753e-05,0.00010444324,-0.00047966145,0.000102083,-4.54923e-05,-0.000462628,0.00016890056968176014,34.357321084009634,3.1863016627168506
PART-RIVERBANK-1,217,RiverBank/C3D8R,-270.0,-10.0,-25.0,2.6210753e-05,-0.00010444324,-0.00047966145,0.000102083,4.54923e-05,-0.000462628,0.00016890056968176014,34.357321084009634,3.1863016627168506
PART-RIVERBANK-2,58,RiverBank/C3D8R,275.0,10.0,-30.0,-0.00021954942,-0.00029803393,-0.00012694883,-0.000191949,-0.000327482,3.3829e-05,0.00016576634951162496,42.359318640277706,2.616435850273427
PART-RIVERBANK-2,76,RiverBank/C3D8R,275.0,-10.0,-30.0,-0.00021954942,0.00029803393,-0.00012694883,-0.000191949,0.000327482,3.3829e-05,0.00016576634951162496,42.359318640277706,2.616435850273427
PART-RIVERBANK-1,58,RiverBank/C3D8R,-275.0,10.0,-30.0,0.00021954942,-0.00029803393,-0.00012694883,0.000191949,-0.000327482,3.3829e-05,0.00016576634951162496,42.359318640277706,2.616435850273427
PART-RIVERBANK-1,76,RiverBank/C3D8R,-275.0,-10.0,-30.0,0.00021954942,0.00029803393,-0.00012694883,0.000191949,0.000327482,3.3829e-05,0.00016576634951162496,42.359318640277706,2.616435850273427
PART-RIVERBANK-2,250,RiverBank/C3D8R,275.0,0.0,-30.0,-0.00017445133,-5.1927334e-18,-0.00022875013,-0.000146413,-4.08916e-17,-6.56861e-05,0.0001654570210931824,57.51422240670016,44.21843052150346
PART-RIVERBANK-1,250,RiverBank/C3D8R,-275.0,0.0,-30.0,0.00017445133,1.0542548e-18,-0.00022875013,0.000146413,-9.95211e-17,-6.56861e-05,0.0001654570210931824,57.51422240670016,44.21843052150346
PART-RIVERBANK-2,273,RiverBank/C3D8R,270.0,5.0,0.0,-0.00052049296,-1.3293107e-05,-0.0005637169,-0.000426849,-4.32704e-05,-0.000695239,0.00016421294750566847,21.399273017279846,6.461939919669208
PART-RIVERBANK-2,275,RiverBank/C3D8R,270.0,-5.0,0.0,-0.00052049296,1.3293107e-05,-0.0005637169,-0.000426849,4.32704e-05,-0.000695239,0.00016421294750566847,21.399273017279846,6.461939919669208
PART-RIVERBANK-1,279,RiverBank/C3D8R,-270.0,5.0,0.0,0.00052049296,-1.3293107e-05,-0.0005637169,0.000426849,-4.32704e-05,-0.000695239,0.00016421294750566847,21.399273017279846,6.461939919669208
PART-RIVERBANK-1,281,RiverBank/C3D8R,-270.0,-5.0,0.0,0.00052049296,1.3293107e-05,-0.0005637169,0.000426849,4.32704e-05,-0.000695239,0.00016421294750566847,21.399273017279846,6.461939919669208
PART-RIVERBANK-2,17,RiverBank/C3D8R,250.0,-10.0,-20.0,0.0004105204,0.00014928315,-0.0013587953,0.000562519,0.000186573,-0.00132105,0.0001609932141025593,11.279697142234173,1.4443821871427593
PART-RIVERBANK-2,27,RiverBank/C3D8R,250.0,10.0,-20.0,0.0004105204,-0.00014928315,-0.0013587953,0.000562519,-0.000186573,-0.00132105,0.0001609932141025593,11.279697142234173,1.4443821871427593
PART-RIVERBANK-1,35,RiverBank/C3D8R,-250.0,-10.0,-20.0,-0.0004105204,0.00014928315,-0.0013587953,-0.000562519,0.000186573,-0.00132105,0.0001609932141025593,11.279697142234173,1.4443821871427593
PART-RIVERBANK-1,41,RiverBank/C3D8R,-250.0,10.0,-20.0,-0.0004105204,-0.00014928315,-0.0013587953,-0.000562519,-0.000186573,-0.00132105,0.0001609932141025593,11.279697142234173,1.4443821871427593
PART-RIVERBANK-2,18,RiverBank/C3D8R,250.0,-10.0,-15.0,-0.00076255156,-0.00030869112,-0.00029648043,-0.000775013,-0.000445244,-0.000379106,0.00016009047860816988,18.307407500439325,11.026608593839429
PART-RIVERBANK-2,26,RiverBank/C3D8R,250.0,10.0,-15.0,-0.00076255156,0.00030869112,-0.00029648043,-0.000775013,0.000445244,-0.000379106,0.00016009047860816988,18.307407500439325,11.026608593839429
PART-RIVERBANK-1,34,RiverBank/C3D8R,-250.0,-10.0,-15.0,0.00076255156,-0.00030869112,-0.00029648043,0.000775013,-0.000445244,-0.000379106,0.00016009047860816988,18.307407500439325,11.026608593839429
PART-RIVERBANK-1,42,RiverBank/C3D8R,-250.0,10.0,-15.0,0.00076255156,0.00030869112,-0.00029648043,0.000775013,0.000445244,-0.000379106,0.00016009047860816988,18.307407500439325,11.026608593839429
PART-RIVERBANK-2,252,RiverBank/C3D8R,280.0,5.0,-30.0,-8.0631755e-05,-0.00010710603,-0.00022111321,-6.3799e-05,-0.000114222,-6.56423e-05,0.00015654131252215508,60.53855305305122,43.39269314408591
PART-RIVERBANK-2,254,RiverBank/C3D8R,280.0,-5.0,-30.0,-8.0631755e-05,0.00010710603,-0.00022111321,-6.3799e-05,0.000114222,-6.56423e-05,0.00015654131252215508,60.53855305305122,43.39269314408591
PART-RIVERBANK-1,246,RiverBank/C3D8R,-280.0,5.0,-30.0,8.0631755e-05,-0.00010710603,-0.00022111321,6.3799e-05,-0.000114222,-6.56423e-05,0.00015654131252215508,60.53855305305122,43.39269314408591
PART-RIVERBANK-1,248,RiverBank/C3D8R,-280.0,-5.0,-30.0,8.0631755e-05,0.00010710603,-0.00022111321,6.3799e-05,0.000114222,-6.56423e-05,0.00015654131252215508,60.53855305305122,43.39269314408591
PART-RIVERBANK-2,528,RiverBank/C3D8R,255.0,-5.0,-40.0,-0.00014514224,-2.8182036e-05,-0.0002459632,-9.44563e-06,-9.28522e-05,-0.000289569,0.00015651602432632577,54.53871190179541,6.0132103321312895
PART-RIVERBANK-2,530,RiverBank/C3D8R,255.0,5.0,-40.0,-0.00014514224,2.8182036e-05,-0.0002459632,-9.44563e-06,9.28522e-05,-0.000289569,0.00015651602432632577,54.53871190179541,6.0132103321312895
PART-RIVERBANK-1,600,RiverBank/C3D8R,-255.0,-5.0,-40.0,0.00014514224,-2.8182036e-05,-0.0002459632,9.44563e-06,-9.28522e-05,-0.000289569,0.00015651602432632577,54.53871190179541,6.0132103321312895
PART-RIVERBANK-1,602,RiverBank/C3D8R,-255.0,5.0,-40.0,0.00014514224,2.8182036e-05,-0.0002459632,9.44563e-06,9.28522e-05,-0.000289569,0.00015651602432632577,54.53871190179541,6.0132103321312895
PART-RIVERBANK-2,529,RiverBank/C3D8R,255.0,0.0,-40.0,7.5318894e-05,-3.740739e-18,-0.0003551479,-5.99964e-05,-4.75406e-17,-0.00028014,0.00015471397432913564,42.61543733792729,21.086599695992902
PART-RIVERBANK-1,601,RiverBank/C3D8R,-255.0,0.0,-40.0,-7.5318894e-05,1.4782869e-18,-0.0003551479,5.99964e-05,-8.56172e-17,-0.00028014,0.00015471397432913564,42.61543733792729,21.086599695992902
PART-RIVERBANK-2,151,RiverBank/C3D8R,255.0,10.0,-5.0,-0.00061378564,-0.0002001859,-0.00081580534,-0.000666599,-0.000234736,-0.000682805,0.00014721430244583986,14.150345232091668,5.543212078725193
PART-RIVERBANK-2,196,RiverBank/C3D8R,255.0,-10.0,-5.0,-0.00061378564,0.0002001859,-0.00081580534,-0.000666599,0.000234736,-0.000682805,0.00014721430244583986,14.150345232091668,5.543212078725193
PART-RIVERBANK-1,191,RiverBank/C3D8R,-255.0,10.0,-5.0,0.00061378564,-0.0002001859,-0.00081580534,0.000666599,-0.000234736,-0.000682805,0.00014721430244583986,14.150345232091668,5.543212078725193
PART-RIVERBANK-1,236,RiverBank/C3D8R,-255.0,-10.0,-5.0,0.00061378564,0.0002001859,-0.00081580534,0.000666599,0.000234736,-0.000682805,0.00014721430244583986,14.150345232091668,5.543212078725193
PART-RIVERBANK-2,52,RiverBank/C3D8R,290.0,10.0,0.0,-0.00036155002,-1.2845184e-05,-0.00053264666,-0.000376934,5.88839e-06,-0.000389921,0.00014476956744388465,22.48354488692863,15.768674888437259
PART-RIVERBANK-2,64,RiverBank/C3D8R,290.0,-10.0,0.0,-0.00036155002,1.2845184e-05,-0.00053264666,-0.000376934,-5.88839e-06,-0.000389921,0.00014476956744388465,22.48354488692863,15.768674888437259
PART-RIVERBANK-1,46,RiverBank/C3D8R,-290.0,10.0,0.0,0.00036155002,-1.2845184e-05,-0.00053264666,0.000376934,5.88839e-06,-0.000389921,0.00014476956744388465,22.48354488692863,15.768674888437259
PART-RIVERBANK-1,70,RiverBank/C3D8R,-290.0,-10.0,0.0,0.00036155002,1.2845184e-05,-0.00053264666,0.000376934,-5.88839e-06,-0.000389921,0.00014476956744388465,22.48354488692863,15.768674888437259
PART-RIVERBANK-2,286,RiverBank/C3D8R,290.0,0.0,0.0,-0.0003591363,-1.0024135e-17,-0.000539688,-0.000373381,-7.54307e-17,-0.000397123,0.00014327487812973352,22.10142675372714,15.915442859354606
PART-RIVERBANK-1,268,RiverBank/C3D8R,-290.0,0.0,0.0,0.0003591363,-2.0307288e-18,-0.000539688,0.000373381,-1.63005e-16,-0.000397123,0.00014327487812973352,22.10142675372714,15.915442859354606
PART-RIVERBANK-2,282,RiverBank/C3D8R,285.0,5.0,0.0,-0.00037229955,-8.027763e-06,-0.00051327544,-0.000391596,1.98274e-06,-0.000371898,0.00014303895865766465,22.556662476692637,14.835509891682722
PART-RIVERBANK-2,284,RiverBank/C3D8R,285.0,-5.0,0.0,-0.00037229955,8.027763e-06,-0.00051327544,-0.000391596,-1.98274e-06,-0.000371898,0.00014303895865766465,22.556662476692637,14.835509891682722
PART-RIVERBANK-1,270,RiverBank/C3D8R,-285.0,5.0,0.0,0.00037229955,-8.027763e-06,-0.00051327544,0.000391596,1.98274e-06,-0.000371898,0.00014303895865766465,22.556662476692637,14.835509891682722
PART-RIVERBANK-1,272,RiverBank/C3D8R,-285.0,-5.0,0.0,0.00037229955,8.027763e-06,-0.00051327544,0.000391596,-1.98274e-06,-0.000371898,0.00014303895865766465,22.556662476692637,14.835509891682722
PART-RIVERBANK-2,59,RiverBank/C3D8R,270.0,10.0,-30.0,0.00024093542,0.0005156619,-0.00061596493,0.000201612,0.000557724,-0.000745246,0.00014152436778608587,16.87482758351798,13.562389325169816
PART-RIVERBANK-2,75,RiverBank/C3D8R,270.0,-10.0,-30.0,0.00024093542,-0.0005156619,-0.00061596493,0.000201612,-0.000557724,-0.000745246,0.00014152436778608587,16.87482758351798,13.562389325169816
PART-RIVERBANK-1,57,RiverBank/C3D8R,-270.0,10.0,-30.0,-0.00024093542,0.0005156619,-0.00061596493,-0.000201612,0.000557724,-0.000745246,0.00014152436778608587,16.87482758351798,13.562389325169816
PART-RIVERBANK-1,77,RiverBank/C3D8R,-270.0,-10.0,-30.0,-0.00024093542,-0.0005156619,-0.00061596493,-0.000201612,-0.000557724,-0.000745246,0.00014152436778608587,16.87482758351798,13.562389325169816
PART-RIVERBANK-2,167,RiverBank/C3D8R,275.0,10.0,-25.0,-0.00018344629,-3.4739656e-05,-0.00038209846,-0.000153246,7.89351e-05,-0.000304967,0.00014065301201707426,33.073444875435584,17.62640992857942
PART-RIVERBANK-2,212,RiverBank/C3D8R,275.0,-10.0,-25.0,-0.00018344629,3.4739656e-05,-0.00038209846,-0.000153246,-7.89351e-05,-0.000304967,0.00014065301201707426,33.073444875435584,17.62640992857942
PART-RIVERBANK-1,167,RiverBank/C3D8R,-275.0,10.0,-25.0,0.00018344629,-3.4739656e-05,-0.00038209846,0.000153246,7.89351e-05,-0.000304967,0.00014065301201707426,33.073444875435584,17.62640992857942
PART-RIVERBANK-1,212,RiverBank/C3D8R,-275.0,-10.0,-25.0,0.00018344629,3.4739656e-05,-0.00038209846,0.000153246,-7.89351e-05,-0.000304967,0.00014065301201707426,33.073444875435584,17.62640992857942
PART-RIVERBANK-2,544,RiverBank/C3D8R,265.0,0.0,-35.0,-0.00026796546,-2.3715276e-18,-0.00021312026,-0.000128112,-7.88681e-17,-0.000203563,0.00014017964007900435,40.94241556933392,29.75063895704164
PART-RIVERBANK-1,580,RiverBank/C3D8R,-265.0,0.0,-35.0,0.00026796546,1.3260055e-18,-0.00021312026,0.000128112,-9.51879e-17,-0.000203563,0.00014017964007900435,40.94241556933392,29.75063895704164
PART-RIVERBANK-2,258,RiverBank/C3D8R,290.0,5.0,-30.0,7.97307e-05,-7.012596e-05,-0.00020925952,6.56216e-05,-6.87181e-05,-7.03951e-05,0.0001395864460272773,59.4851629932352,49.60602033586648
PART-RIVERBANK-2,260,RiverBank/C3D8R,290.0,-5.0,-30.0,7.97307e-05,7.012596e-05,-0.00020925952,6.56216e-05,6.87181e-05,-7.03951e-05,0.0001395864460272773,59.4851629932352,49.60602033586648
PART-RIVERBANK-1,240,RiverBank/C3D8R,-290.0,5.0,-30.0,-7.97307e-05,-7.012596e-05,-0.00020925952,-6.56216e-05,-6.87181e-05,-7.03951e-05,0.0001395864460272773,59.4851629932352,49.60602033586648
PART-RIVERBANK-1,242,RiverBank/C3D8R,-290.0,-5.0,-30.0,-7.97307e-05,7.012596e-05,-0.00020925952,-6.56216e-05,6.87181e-05,-7.03951e-05,0.0001395864460272773,59.4851629932352,49.60602033586648
PART-RIVERBANK-2,256,RiverBank/C3D8R,285.0,0.0,-30.0,8.650096e-06,-2.5721173e-18,-0.00022122859,1.02254e-05,-6.28422e-18,-8.26043e-05,0.00013863324046092451,62.61730839187788,62.40484540518045
PART-RIVERBANK-1,244,RiverBank/C3D8R,-285.0,0.0,-30.0,-8.650096e-06,-2.4510587e-19,-0.00022122859,-1.02254e-05,-3.57523e-17,-8.26043e-05,0.00013863324046092451,62.61730839187788,62.40484540518045
PART-RIVERBANK-2,29,RiverBank/C3D8R,300.0,-5.0,-30.0,0.00023499083,6.362484e-05,-0.00015198688,0.000198247,6.02516e-05,-1.92309e-05,0.00013778838128422478,48.009940782984,27.494270163802202
PART-RIVERBANK-2,31,RiverBank/C3D8R,300.0,5.0,-30.0,0.00023499083,-6.362484e-05,-0.00015198688,0.000198247,-6.02516e-05,-1.92309e-05,0.00013778838128422478,48.009940782984,27.494270163802202
PART-RIVERBANK-1,13,RiverBank/C3D8R,-300.0,5.0,-30.0,-0.00023499083,-6.362484e-05,-0.00015198688,-0.000198247,-6.02516e-05,-1.92309e-05,0.00013778838128422478,48.009940782984,27.494270163802202
PART-RIVERBANK-1,15,RiverBank/C3D8R,-300.0,-5.0,-30.0,-0.00023499083,6.362484e-05,-0.00015198688,-0.000198247,6.02516e-05,-1.92309e-05,0.00013778838128422478,48.009940782984,27.494270163802202
PART-RIVERBANK-2,421,RiverBank/C3D8R,265.0,0.0,-25.0,-0.00034926092,-7.380935e-18,-0.00039477792,-0.00021521,-1.4451e-16,-0.000370475,0.00013623612249830368,25.846427267040728,18.715894166327182
PART-RIVERBANK-1,481,RiverBank/C3D8R,-265.0,0.0,-25.0,0.00034926092,2.2833944e-18,-0.00039477792,0.00021521,-2.18982e-16,-0.000370475,0.00013623612249830368,25.846427267040728,18.715894166327182
PART-RIVERBANK-2,56,RiverBank/C3D8R,285.0,10.0,-30.0,-4.789921e-06,-0.00016385912,-0.00014735808,-3.65456e-06,-0.000169797,-1.17827e-05,0.00013571009957125197,61.567485884628795,22.76529627614329
PART-RIVERBANK-2,78,RiverBank/C3D8R,285.0,-10.0,-30.0,-4.789921e-06,0.00016385912,-0.00014735808,-3.65456e-06,0.000169797,-1.17827e-05,0.00013571009957125197,61.567485884628795,22.76529627614329
PART-RIVERBANK-1,60,RiverBank/C3D8R,-285.0,10.0,-30.0,4.789921e-06,-0.00016385912,-0.00014735808,3.65456e-06,-0.000169797,-1.17827e-05,0.00013571009957125197,61.567485884628795,22.76529627614329
PART-RIVERBANK-1,74,RiverBank/C3D8R,-285.0,-10.0,-30.0,4.789921e-06,0.00016385912,-0.00014735808,3.65456e-06,0.000169797,-1.17827e-05,0.00013571009957125197,61.567485884628795,22.76529627614329
PART-RIVERBANK-2,247,RiverBank/C3D8R,270.0,0.0,-30.0,0.00016470012,-2.0974252e-18,-0.0005114052,0.000125291,-8.92057e-17,-0.000640828,0.0001352898366434611,25.18087455491788,21.53266707160787
PART-RIVERBANK-1,253,RiverBank/C3D8R,-270.0,0.0,-30.0,-0.00016470012,2.8340275e-19,-0.0005114052,-0.000125291,-1.12728e-16,-0.000640828,0.0001352898366434611,25.18087455491788,21.53266707160787
PART-RIVERBANK-2,6,RiverBank/C3D8R,300.0,-10.0,0.0,-0.00036321368,1.0008037e-05,-0.0004238546,-0.000376542,-7.3216e-06,-0.0002923,0.00013335881378346982,23.88742323819963,14.60644215560801
PART-RIVERBANK-2,7,RiverBank/C3D8R,300.0,10.0,0.0,-0.00036321368,-1.0008037e-05,-0.0004238546,-0.000376542,7.3216e-06,-0.0002923,0.00013335881378346982,23.88742323819963,14.60644215560801
PART-RIVERBANK-1,3,RiverBank/C3D8R,-300.0,-10.0,0.0,0.00036321368,1.0008037e-05,-0.0004238546,0.000376542,-7.3216e-06,-0.0002923,0.00013335881378346982,23.88742323819963,14.60644215560801
PART-RIVERBANK-1,4,RiverBank/C3D8R,-300.0,10.0,0.0,0.00036321368,-1.0008037e-05,-0.0004238546,0.000376542,7.3216e-06,-0.0002923,0.00013335881378346982,23.88742323819963,14.60644215560801
PART-RIVERBANK-2,38,RiverBank/C3D8R,300.0,0.0,0.0,-0.00034407838,-5.2413435e-18,-0.0004286536,-0.000357435,-3.92642e-18,-0.000296902,0.00013242689832652734,24.0922034366784,15.464860561662396
PART-RIVERBANK-1,22,RiverBank/C3D8R,-300.0,0.0,0.0,0.00034407838,-3.9824387e-18,-0.0004286536,0.000357435,-4.65477e-17,-0.000296902,0.00013242689832652734,24.0922034366784,15.464860561662396
PART-RIVERBANK-2,262,RiverBank/C3D8R,295.0,0.0,-30.0,0.00014097118,-1.523229e-19,-0.00018497264,0.000115596,2.88833e-17,-5.7261e-05,0.0001302081516323844,55.98719525812511,44.53185963506808
PART-RIVERBANK-1,238,RiverBank/C3D8R,-295.0,0.0,-30.0,-0.00014097118,-1.2049283e-18,-0.00018497264,-0.000115596,2.51663e-17,-5.7261e-05,0.0001302081516323844,55.98719525812511,44.53185963506808
PART-RIVERBANK-2,49,RiverBank/C3D8R,275.0,10.0,0.0,-0.000496084,9.130646e-06,-0.00041761884,-0.000433313,-1.68103e-05,-0.000527992,0.00012959693502842006,19.98325309764723,5.352632509641699
PART-RIVERBANK-2,67,RiverBank/C3D8R,275.0,-10.0,0.0,-0.000496084,-9.130646e-06,-0.00041761884,-0.000433313,1.68103e-05,-0.000527992,0.00012959693502842006,19.98325309764723,5.352632509641699
PART-RIVERBANK-1,49,RiverBank/C3D8R,-275.0,10.0,0.0,0.000496084,9.130646e-06,-0.00041761884,0.000433313,-1.68103e-05,-0.000527992,0.00012959693502842006,19.98325309764723,5.352632509641699
PART-RIVERBANK-1,67,RiverBank/C3D8R,-275.0,-10.0,0.0,0.000496084,-9.130646e-06,-0.00041761884,0.000433313,1.68103e-05,-0.000527992,0.00012959693502842006,19.98325309764723,5.352632509641699
PART-RIVERBANK-2,54,RiverBank/C3D8R,295.0,10.0,-30.0,0.00014406483,-0.00012879596,-0.00012513345,0.000118247,-0.000126875,-3.26187e-07,0.0001274641256620139,55.366118233492344,24.665651726203805
PART-RIVERBANK-2,80,RiverBank/C3D8R,295.0,-10.0,-30.0,0.00014406483,0.00012879596,-0.00012513345,0.000118247,0.000126875,-3.26187e-07,0.0001274641256620139,55.366118233492344,24.665651726203805
PART-RIVERBANK-1,62,RiverBank/C3D8R,-295.0,10.0,-30.0,-0.00014406483,-0.00012879596,-0.00012513345,-0.000118247,-0.000126875,-3.26187e-07,0.0001274641256620139,55.366118233492344,24.665651726203805
PART-RIVERBANK-1,72,RiverBank/C3D8R,-295.0,-10.0,-30.0,-0.00014406483,0.00012879596,-0.00012513345,-0.000118247,0.000126875,-3.26187e-07,0.0001274641256620139,55.366118233492344,24.665651726203805
PART-RIVERBANK-2,187,RiverBank/C3D8R,295.0,10.0,-25.0,-3.2839112e-06,-3.5564648e-05,-0.00027805756,-6.69473e-05,2.66774e-05,-0.000191354,0.00012427633294158575,44.3302589505536,27.06234310343393
PART-RIVERBANK-2,232,RiverBank/C3D8R,295.0,-10.0,-25.0,-3.2839112e-06,3.5564648e-05,-0.00027805756,-6.69473e-05,-2.66774e-05,-0.000191354,0.00012427633294158575,44.3302589505536,27.06234310343393
PART-RIVERBANK-1,147,RiverBank/C3D8R,-295.0,10.0,-25.0,3.2839112e-06,-3.5564648e-05,-0.00027805756,6.69473e-05,2.66774e-05,-0.000191354,0.00012427633294158575,44.3302589505536,27.06234310343393
PART-RIVERBANK-1,192,RiverBank/C3D8R,-295.0,-10.0,-25.0,3.2839112e-06,3.5564648e-05,-0.00027805756,6.69473e-05,-2.66774e-05,-0.000191354,0.00012427633294158575,44.3302589505536,27.06234310343393
PART-RIVERBANK-2,288,RiverBank/C3D8R,295.0,5.0,0.0,-0.00037990444,-6.106833e-06,-0.00041503707,-0.00038582,-8.91824e-07,-0.00029219,0.00012309993004290691,21.87702825338443,13.988913108301535
PART-RIVERBANK-2,290,RiverBank/C3D8R,295.0,-5.0,0.0,-0.00037990444,6.106833e-06,-0.00041503707,-0.00038582,8.91824e-07,-0.00029219,0.00012309993004290691,21.87702825338443,13.988913108301535
PART-RIVERBANK-1,264,RiverBank/C3D8R,-295.0,5.0,0.0,0.00037990444,-6.106833e-06,-0.00041503707,0.00038582,-8.91824e-07,-0.00029219,0.00012309993004290691,21.87702825338443,13.988913108301535
PART-RIVERBANK-1,266,RiverBank/C3D8R,-295.0,-5.0,0.0,0.00037990444,6.106833e-06,-0.00041503707,0.00038582,8.91824e-07,-0.00029219,0.00012309993004290691,21.87702825338443,13.988913108301535
PART-RIVERBANK-2,277,RiverBank/C3D8R,275.0,0.0,0.0,-0.00044373103,-2.1380251e-17,-0.00041748077,-0.000386011,-1.82816e-16,-0.000522502,0.00011983764272512122,19.669650033511708,6.62675776669354
PART-RIVERBANK-1,277,RiverBank/C3D8R,-275.0,0.0,0.0,0.00044373103,2.9533402e-18,-0.00041748077,0.000386011,-3.76704e-16,-0.000522502,0.00011983764272512122,19.669650033511708,6.62675776669354
PART-RIVERBANK-2,177,RiverBank/C3D8R,285.0,10.0,-25.0,-8.738071e-05,-3.3755685e-05,-0.0003351761,-0.000108645,4.15131e-05,-0.000248137,0.0001170186521602019,33.62412643957853,21.256788439386458
PART-RIVERBANK-2,222,RiverBank/C3D8R,285.0,-10.0,-25.0,-8.738071e-05,3.3755685e-05,-0.0003351761,-0.000108645,-4.15131e-05,-0.000248137,0.0001170186521602019,33.62412643957853,21.256788439386458
PART-RIVERBANK-1,157,RiverBank/C3D8R,-285.0,10.0,-25.0,8.738071e-05,-3.3755685e-05,-0.0003351761,0.000108645,4.15131e-05,-0.000248137,0.0001170186521602019,33.62412643957853,21.256788439386458
PART-RIVERBANK-1,202,RiverBank/C3D8R,-285.0,-10.0,-25.0,8.738071e-05,3.3755685e-05,-0.0003351761,0.000108645,-4.15131e-05,-0.000248137,0.0001170186521602019,33.62412643957853,21.256788439386458
PART-RIVERBANK-2,132,RiverBank/C3D8R,300.0,5.0,-25.0,1.401148e-05,-2.3691935e-05,-0.00016500504,-7.2987e-05,4.74375e-06,-9.2598e-05,0.00011670519759330014,69.76426640849878,29.461736843725717
PART-RIVERBANK-2,134,RiverBank/C3D8R,300.0,-5.0,-25.0,1.401148e-05,2.3691935e-05,-0.00016500504,-7.2987e-05,-4.74375e-06,-9.2598e-05,0.00011670519759330014,69.76426640849878,29.461736843725717
PART-RIVERBANK-1,117,RiverBank/C3D8R,-300.0,5.0,-25.0,-1.401148e-05,-2.3691935e-05,-0.00016500504,7.2987e-05,4.74375e-06,-9.2598e-05,0.00011670519759330014,69.76426640849878,29.461736843725717
PART-RIVERBANK-1,119,RiverBank/C3D8R,-300.0,-5.0,-25.0,-1.401148e-05,2.3691935e-05,-0.00016500504,7.2987e-05,-4.74375e-06,-9.2598e-05,0.00011670519759330014,69.76426640849878,29.461736843725717
PART-RIVERBANK-2,321,RiverBank/C3D8R,275.0,-10.0,-35.0,-0.00010444106,2.5324482e-05,-0.00030483585,-7.05777e-05,-7.97154e-05,-0.000267135,0.00011662528907482299,36.081807863095804,11.030719340048831
PART-RIVERBANK-2,348,RiverBank/C3D8R,275.0,10.0,-35.0,-0.00010444106,-2.5324482e-05,-0.00030483585,-7.05777e-05,7.97154e-05,-0.000267135,0.00011662528907482299,36.081807863095804,11.030719340048831
PART-RIVERBANK-1,321,RiverBank/C3D8R,-275.0,-10.0,-35.0,0.00010444106,2.5324482e-05,-0.00030483585,7.05777e-05,-7.97154e-05,-0.000267135,0.00011662528907482299,36.081807863095804,11.030719340048831
PART-RIVERBANK-1,348,RiverBank/C3D8R,-275.0,10.0,-35.0,0.00010444106,-2.5324482e-05,-0.00030483585,7.05777e-05,7.97154e-05,-0.000267135,0.00011662528907482299,36.081807863095804,11.030719340048831
PART-RIVERBANK-2,408,RiverBank/C3D8R,260.0,5.0,-20.0,-0.00013818995,6.4316664e-05,-0.00067245465,-0.000150733,1.32574e-05,-0.000571214,0.00011407912059595606,16.544880174543415,14.299539549591756
PART-RIVERBANK-2,410,RiverBank/C3D8R,260.0,-5.0,-20.0,-0.00013818995,-6.4316664e-05,-0.00067245465,-0.000150733,-1.32574e-05,-0.000571214,0.00011407912059595606,16.544880174543415,14.299539549591756
PART-RIVERBANK-1,498,RiverBank/C3D8R,-260.0,5.0,-20.0,0.00013818995,6.4316664e-05,-0.00067245465,0.000150733,1.32574e-05,-0.000571214,0.00011407912059595606,16.544880174543415,14.299539549591756
PART-RIVERBANK-1,500,RiverBank/C3D8R,-260.0,-5.0,-20.0,0.00013818995,-6.4316664e-05,-0.00067245465,0.000150733,-1.32574e-05,-0.000571214,0.00011407912059595606,16.544880174543415,14.299539549591756
PART-RIVERBANK-2,435,RiverBank/C3D8R,270.0,5.0,-25.0,-0.00023325614,-3.3967874e-05,-0.00035006856,-0.000167133,4.0485e-05,-0.000300116,0.00011140358315993735,26.397008676750428,18.040830668857176
PART-RIVERBANK-2,437,RiverBank/C3D8R,270.0,-5.0,-25.0,-0.00023325614,3.3967874e-05,-0.00035006856,-0.000167133,-4.0485e-05,-0.000300116,0.00011140358315993735,26.397008676750428,18.040830668857176
PART-RIVERBANK-1,465,RiverBank/C3D8R,-270.0,5.0,-25.0,0.00023325614,-3.3967874e-05,-0.00035006856,0.000167133,4.0485e-05,-0.000300116,0.00011140358315993735,26.397008676750428,18.040830668857176
PART-RIVERBANK-1,467,RiverBank/C3D8R,-270.0,-5.0,-25.0,0.00023325614,3.3967874e-05,-0.00035006856,0.000167133,-4.0485e-05,-0.000300116,0.00011140358315993735,26.397008676750428,18.040830668857176
PART-RIVERBANK-2,249,RiverBank/C3D8R,275.0,5.0,-30.0,4.7330024e-05,0.00018945344,-0.0005124192,1.02071e-05,0.000200256,-0.000615886,0.00011045444984745232,20.142438422565515,18.11534137984463
PART-RIVERBANK-2,251,RiverBank/C3D8R,275.0,-5.0,-30.0,4.7330024e-05,-0.00018945344,-0.0005124192,1.02071e-05,-0.000200256,-0.000615886,0.00011045444984745232,20.142438422565515,18.11534137984463
PART-RIVERBANK-1,249,RiverBank/C3D8R,-275.0,5.0,-30.0,-4.7330024e-05,0.00018945344,-0.0005124192,-1.02071e-05,0.000200256,-0.000615886,0.00011045444984745232,20.142438422565515,18.11534137984463
PART-RIVERBANK-1,251,RiverBank/C3D8R,-275.0,-5.0,-30.0,-4.7330024e-05,-0.00018945344,-0.0005124192,-1.02071e-05,-0.000200256,-0.000615886,0.00011045444984745232,20.142438422565515,18.11534137984463
PART-RIVERBANK-2,150,RiverBank/C3D8R,255.0,10.0,-10.0,-0.00025328225,0.00019814212,-0.0008295474,-0.00022969,0.000225419,-0.000726196,0.00010946293584842718,12.303392356133713,10.721063462885445
PART-RIVERBANK-2,195,RiverBank/C3D8R,255.0,-10.0,-10.0,-0.00025328225,-0.00019814212,-0.0008295474,-0.00022969,-0.000225419,-0.000726196,0.00010946293584842718,12.303392356133713,10.721063462885445
PART-RIVERBANK-1,190,RiverBank/C3D8R,-255.0,10.0,-10.0,0.00025328225,0.00019814212,-0.0008295474,0.00022969,0.000225419,-0.000726196,0.00010946293584842718,12.303392356133713,10.721063462885445
PART-RIVERBANK-1,235,RiverBank/C3D8R,-255.0,-10.0,-10.0,0.00025328225,-0.00019814212,-0.0008295474,0.00022969,-0.000225419,-0.000726196,0.00010946293584842718,12.303392356133713,10.721063462885445
PART-RIVERBANK-2,400,RiverBank/C3D8R,255.0,0.0,-10.0,-8.9556204e-05,-2.2476401e-17,-0.00085103785,-8.81134e-05,-4.27718e-16,-0.00074392,0.00010712756634967916,12.518749570062242,12.459067618027385
PART-RIVERBANK-1,520,RiverBank/C3D8R,-255.0,0.0,-10.0,8.9556204e-05,8.700403e-18,-0.00085103785,8.81134e-05,-6.55529e-16,-0.00074392,0.00010712756634967916,12.518749570062242,12.459067618027385
PART-RIVERBANK-2,313,RiverBank/C3D8R,260.0,-10.0,-40.0,-4.84934e-05,-7.40552e-06,-0.00030755543,-1.3005e-05,-0.000106658,-0.000305434,0.00010542761396311358,33.85132617791082,3.961953943896669
PART-RIVERBANK-2,340,RiverBank/C3D8R,260.0,10.0,-40.0,-4.84934e-05,7.40552e-06,-0.00030755543,-1.3005e-05,0.000106658,-0.000305434,0.00010542761396311358,33.85132617791082,3.961953943896669
PART-RIVERBANK-1,331,RiverBank/C3D8R,-260.0,-10.0,-40.0,4.84934e-05,-7.40552e-06,-0.00030755543,1.3005e-05,-0.000106658,-0.000305434,0.00010542761396311358,33.85132617791082,3.961953943896669
PART-RIVERBANK-1,358,RiverBank/C3D8R,-260.0,10.0,-40.0,4.84934e-05,7.40552e-06,-0.00030755543,1.3005e-05,0.000106658,-0.000305434,0.00010542761396311358,33.85132617791082,3.961953943896669
PART-RIVERBANK-2,511,RiverBank/C3D8R,295.0,0.0,-25.0,-2.1448525e-06,1.6988947e-19,-0.00022878543,-6.58903e-05,1.83317e-17,-0.000145065,0.00010522638678753613,45.99146148987796,30.362297071072053
PART-RIVERBANK-1,391,RiverBank/C3D8R,-295.0,0.0,-25.0,2.1448525e-06,-1.3799492e-18,-0.00022878543,6.58903e-05,2.23998e-17,-0.000145065,0.00010522638678753613,45.99146148987796,30.362297071072053
PART-RIVERBANK-2,83,RiverBank/C3D8R,250.0,10.0,-45.0,-0.00030875925,1.9017831e-06,-5.6779118e-05,-0.000388873,-6.04715e-05,-3.41415e-05,0.0001040245217842849,33.13491878521154,25.827228383996747
PART-RIVERBANK-2,87,RiverBank/C3D8R,250.0,-10.0,-45.0,-0.00030875925,-1.9017831e-06,-5.6779118e-05,-0.000388873,6.04715e-05,-3.41415e-05,0.0001040245217842849,33.13491878521154,25.827228383996747
PART-RIVERBANK-1,90,RiverBank/C3D8R,-250.0,10.0,-45.0,0.00030875925,1.9017831e-06,-5.6779118e-05,0.000388873,-6.04715e-05,-3.41415e-05,0.0001040245217842849,33.13491878521154,25.827228383996747
PART-RIVERBANK-1,98,RiverBank/C3D8R,-250.0,-10.0,-45.0,0.00030875925,-1.9017831e-06,-5.6779118e-05,0.000388873,6.04715e-05,-3.41415e-05,0.0001040245217842849,33.13491878521154,25.827228383996747
PART-RIVERBANK-2,36,RiverBank/C3D8R,300.0,-10.0,-25.0,-0.00018186243,-7.1913026e-05,-0.000278395,-0.000105724,-5.55578e-06,-0.000291878,0.00010189276671368491,29.949139630582778,8.739633051010971
PART-RIVERBANK-2,40,RiverBank/C3D8R,300.0,10.0,-25.0,-0.00018186243,7.1913026e-05,-0.000278395,-0.000105724,5.55578e-06,-0.000291878,0.00010189276671368491,29.949139630582778,8.739633051010971
PART-RIVERBANK-1,16,RiverBank/C3D8R,-300.0,-10.0,-25.0,0.00018186243,-7.1913026e-05,-0.000278395,0.000105724,-5.55578e-06,-0.000291878,0.00010189276671368491,29.949139630582778,8.739633051010971
PART-RIVERBANK-1,28,RiverBank/C3D8R,-300.0,10.0,-25.0,0.00018186243,7.1913026e-05,-0.000278395,0.000105724,5.55578e-06,-0.000291878,0.00010189276671368491,29.949139630582778,8.739633051010971
PART-RIVERBANK-2,552,RiverBank/C3D8R,270.0,-5.0,-35.0,-0.00016509237,2.5222287e-05,-0.00023331422,-9.55463e-05,-4.58311e-05,-0.000211186,0.000101857242143036,35.49934127188404,17.6509221388629
PART-RIVERBANK-2,554,RiverBank/C3D8R,270.0,5.0,-35.0,-0.00016509237,-2.5222287e-05,-0.00023331422,-9.55463e-05,4.58311e-05,-0.000211186,0.000101857242143036,35.49934127188404,17.6509221388629
PART-RIVERBANK-1,570,RiverBank/C3D8R,-270.0,-5.0,-35.0,0.00016509237,2.5222287e-05,-0.00023331422,9.55463e-05,-4.58311e-05,-0.000211186,0.000101857242143036,35.49934127188404,17.6509221388629
PART-RIVERBANK-1,572,RiverBank/C3D8R,-270.0,5.0,-35.0,0.00016509237,-2.5222287e-05,-0.00023331422,9.55463e-05,4.58311e-05,-0.000211186,0.000101857242143036,35.49934127188404,17.6509221388629
PART-RIVERBANK-2,462,RiverBank/C3D8R,275.0,5.0,-5.0,-0.00037078006,4.747072e-06,-0.00060655846,-0.000381443,-2.71122e-05,-0.000511353,0.0001009593537797523,14.201137102492511,10.183673429378134
PART-RIVERBANK-2,464,RiverBank/C3D8R,275.0,-5.0,-5.0,-0.00037078006,-4.747072e-06,-0.00060655846,-0.000381443,2.71122e-05,-0.000511353,0.0001009593537797523,14.201137102492511,10.183673429378134
PART-RIVERBANK-1,462,RiverBank/C3D8R,-275.0,5.0,-5.0,0.00037078006,4.747072e-06,-0.00060655846,0.000381443,-2.71122e-05,-0.000511353,0.0001009593537797523,14.201137102492511,10.183673429378134
PART-RIVERBANK-1,464,RiverBank/C3D8R,-275.0,-5.0,-5.0,0.00037078006,-4.747072e-06,-0.00060655846,0.000381443,2.71122e-05,-0.000511353,0.0001009593537797523,14.201137102492511,10.183673429378134
PART-RIVERBANK-2,492,RiverBank/C3D8R,285.0,5.0,-5.0,-0.00033359628,1.0806109e-05,-0.0005311809,-0.000343914,-9.84798e-06,-0.00043376,0.00010011932128829242,15.959320925035584,11.747498435374577
PART-RIVERBANK-2,494,RiverBank/C3D8R,285.0,-5.0,-5.0,-0.00033359628,-1.0806109e-05,-0.0005311809,-0.000343914,9.84798e-06,-0.00043376,0.00010011932128829242,15.959320925035584,11.747498435374577
PART-RIVERBANK-1,432,RiverBank/C3D8R,-285.0,5.0,-5.0,0.00033359628,1.0806109e-05,-0.0005311809,0.000343914,-9.84798e-06,-0.00043376,0.00010011932128829242,15.959320925035584,11.747498435374577
PART-RIVERBANK-1,434,RiverBank/C3D8R,-285.0,-5.0,-5.0,0.00033359628,-1.0806109e-05,-0.0005311809,0.000343914,9.84798e-06,-0.00043376,0.00010011932128829242,15.959320925035584,11.747498435374577
PART-RIVERBANK-2,172,RiverBank/C3D8R,280.0,10.0,-25.0,-9.5773845e-05,9.584027e-05,-0.0004221329,-0.000104563,-1.09411e-06,-0.000430838,9.772053027695061e-05,22.041679427752356,0.0004650838125372613
PART-RIVERBANK-2,217,RiverBank/C3D8R,280.0,-10.0,-25.0,-9.5773845e-05,-9.584027e-05,-0.0004221329,-0.000104563,1.09411e-06,-0.000430838,9.772053027695061e-05,22.041679427752356,0.0004650838125372613
PART-RIVERBANK-1,162,RiverBank/C3D8R,-280.0,10.0,-25.0,9.5773845e-05,9.584027e-05,-0.0004221329,0.000104563,-1.09411e-06,-0.000430838,9.772053027695061e-05,22.041679427752356,0.0004650838125372613
PART-RIVERBANK-1,207,RiverBank/C3D8R,-280.0,-10.0,-25.0,9.5773845e-05,-9.584027e-05,-0.0004221329,0.000104563,1.09411e-06,-0.000430838,9.772053027695061e-05,22.041679427752356,0.0004650838125372613
PART-RIVERBANK-2,176,RiverBank/C3D8R,280.0,10.0,-5.0,-0.00037295456,2.2127295e-05,-0.00048590425,-0.000381437,-2.60446e-05,-0.000402394,9.678039631716293e-05,15.789701883019916,9.441804916243699
PART-RIVERBANK-2,221,RiverBank/C3D8R,280.0,-10.0,-5.0,-0.00037295456,-2.2127295e-05,-0.00048590425,-0.000381437,2.60446e-05,-0.000402394,9.678039631716293e-05,15.789701883019916,9.441804916243699
PART-RIVERBANK-1,166,RiverBank/C3D8R,-280.0,10.0,-5.0,0.00037295456,2.2127295e-05,-0.00048590425,0.000381437,-2.60446e-05,-0.000402394,9.678039631716293e-05,15.789701883019916,9.441804916243699
PART-RIVERBANK-1,211,RiverBank/C3D8R,-280.0,-10.0,-5.0,0.00037295456,-2.2127295e-05,-0.00048590425,0.000381437,2.60446e-05,-0.000402394,9.678039631716293e-05,15.789701883019916,9.441804916243699
PART-RIVERBANK-2,414,RiverBank/C3D8R,260.0,5.0,-10.0,-0.0003482554,2.052783e-05,-0.000767115,-0.000311016,-1.92798e-05,-0.000687368,9.659712380592336e-05,11.46260826255141,10.44380339332855
PART-RIVERBANK-2,416,RiverBank/C3D8R,260.0,-5.0,-10.0,-0.0003482554,-2.052783e-05,-0.000767115,-0.000311016,1.92798e-05,-0.000687368,9.659712380592336e-05,11.46260826255141,10.44380339332855
PART-RIVERBANK-1,504,RiverBank/C3D8R,-260.0,5.0,-10.0,0.0003482554,2.052783e-05,-0.000767115,0.000311016,-1.92798e-05,-0.000687368,9.659712380592336e-05,11.46260826255141,10.44380339332855
PART-RIVERBANK-1,506,RiverBank/C3D8R,-260.0,-5.0,-10.0,0.0003482554,-2.052783e-05,-0.000767115,0.000311016,1.92798e-05,-0.000687368,9.659712380592336e-05,11.46260826255141,10.44380339332855
PART-RIVERBANK-2,297,RiverBank/C3D8R,250.0,-5.0,-45.0,8.225965e-05,-4.5477114e-05,-0.0002379918,0.00017519,-6.87768e-05,-0.000239379,9.581675032404875e-05,37.445873559251275,19.00324908943888
PART-RIVERBANK-2,299,RiverBank/C3D8R,250.0,5.0,-45.0,8.225965e-05,4.5477114e-05,-0.0002379918,0.00017519,6.87768e-05,-0.000239379,9.581675032404875e-05,37.445873559251275,19.00324908943888
PART-RIVERBANK-1,306,RiverBank/C3D8R,-250.0,-5.0,-45.0,-8.225965e-05,-4.5477114e-05,-0.0002379918,-0.00017519,-6.87768e-05,-0.000239379,9.581675032404875e-05,37.445873559251275,19.00324908943888
PART-RIVERBANK-1,308,RiverBank/C3D8R,-250.0,5.0,-45.0,-8.225965e-05,4.5477114e-05,-0.0002379918,-0.00017519,6.87768e-05,-0.000239379,9.581675032404875e-05,37.445873559251275,19.00324908943888
PART-RIVERBANK-2,253,RiverBank/C3D8R,280.0,0.0,-30.0,-6.806571e-05,-1.1392781e-18,-0.00041068223,-9.25537e-05,-4.24793e-17,-0.000502563,9.508805156292249e-05,22.842079840076387,22.756039394313923
PART-RIVERBANK-1,247,RiverBank/C3D8R,-280.0,0.0,-30.0,6.806571e-05,-5.638094e-19,-0.00041068223,9.25537e-05,-5.46592e-17,-0.000502563,9.508805156292249e-05,22.842079840076387,22.756039394313923
PART-RIVERBANK-2,522,RiverBank/C3D8R,295.0,5.0,-5.0,-0.00031791712,1.3374404e-05,-0.00044333964,-0.000320098,-1.55461e-06,-0.000349938,9.461235675785799e-05,17.337455669113826,13.093305850665644
PART-RIVERBANK-2,524,RiverBank/C3D8R,295.0,-5.0,-5.0,-0.00031791712,-1.3374404e-05,-0.00044333964,-0.000320098,1.55461e-06,-0.000349938,9.461235675785799e-05,17.337455669113826,13.093305850665644
PART-RIVERBANK-1,402,RiverBank/C3D8R,-295.0,5.0,-5.0,0.00031791712,1.3374404e-05,-0.00044333964,0.000320098,-1.55461e-06,-0.000349938,9.461235675785799e-05,17.337455669113826,13.093305850665644
PART-RIVERBANK-1,404,RiverBank/C3D8R,-295.0,-5.0,-5.0,0.00031791712,-1.3374404e-05,-0.00044333964,0.000320098,1.55461e-06,-0.000349938,9.461235675785799e-05,17.337455669113826,13.093305850665644
PART-RIVERBANK-2,57,RiverBank/C3D8R,280.0,10.0,-30.0,-3.239899e-05,0.00029745145,-0.00047965557,-5.67787e-05,0.0003054,-0.000570157,9.406411929546511e-05,16.63883706765994,14.851017465264318
PART-RIVERBANK-2,77,RiverBank/C3D8R,280.0,-10.0,-30.0,-3.239899e-05,-0.00029745145,-0.00047965557,-5.67787e-05,-0.0003054,-0.000570157,9.406411929546511e-05,16.63883706765994,14.851017465264318
PART-RIVERBANK-1,59,RiverBank/C3D8R,-280.0,10.0,-30.0,3.239899e-05,0.00029745145,-0.00047965557,5.67787e-05,0.0003054,-0.000570157,9.406411929546511e-05,16.63883706765994,14.851017465264318
PART-RIVERBANK-1,75,RiverBank/C3D8R,-280.0,-10.0,-30.0,3.239899e-05,-0.00029745145,-0.00047965557,5.67787e-05,-0.0003054,-0.000570157,9.406411929546511e-05,16.63883706765994,14.851017465264318
PART-RIVERBANK-2,402,RiverBank/C3D8R,255.0,5.0,-5.0,-0.0005438981,5.328886e-05,-0.00093052554,-0.000472094,-4.75842e-06,-0.000917892,9.319292797814654e-05,8.6358534123106,4.350444957424336
PART-RIVERBANK-2,404,RiverBank/C3D8R,255.0,-5.0,-5.0,-0.0005438981,-5.328886e-05,-0.00093052554,-0.000472094,4.75842e-06,-0.000917892,9.319292797814654e-05,8.6358534123106,4.350444957424336
PART-RIVERBANK-1,522,RiverBank/C3D8R,-255.0,5.0,-5.0,0.0005438981,5.328886e-05,-0.00093052554,0.000472094,-4.75842e-06,-0.000917892,9.319292797814654e-05,8.6358534123106,4.350444957424336
PART-RIVERBANK-1,524,RiverBank/C3D8R,-255.0,-5.0,-5.0,0.0005438981,-5.328886e-05,-0.00093052554,0.000472094,4.75842e-06,-0.000917892,9.319292797814654e-05,8.6358534123106,4.350444957424336
PART-RIVERBANK-2,154,RiverBank/C3D8R,260.0,10.0,-15.0,-0.00023882385,0.00011100154,-0.0007312318,-0.000204471,7.93365e-05,-0.000651796,9.215660249251873e-05,11.857335071039735,11.516156260863957
PART-RIVERBANK-2,199,RiverBank/C3D8R,260.0,-10.0,-15.0,-0.00023882385,-0.00011100154,-0.0007312318,-0.000204471,-7.93365e-05,-0.000651796,9.215660249251873e-05,11.857335071039735,11.516156260863957
PART-RIVERBANK-1,184,RiverBank/C3D8R,-260.0,10.0,-15.0,0.00023882385,0.00011100154,-0.0007312318,0.000204471,7.93365e-05,-0.000651796,9.215660249251873e-05,11.857335071039735,11.516156260863957
PART-RIVERBANK-1,229,RiverBank/C3D8R,-260.0,-10.0,-15.0,0.00023882385,-0.00011100154,-0.0007312318,0.000204471,-7.93365e-05,-0.000651796,9.215660249251873e-05,11.857335071039735,11.516156260863957
PART-RIVERBANK-2,495,RiverBank/C3D8R,290.0,5.0,-25.0,-5.47713e-05,-2.2541699e-05,-0.00024775314,-9.53077e-05,9.22372e-06,-0.000171615,9.191984514709086e-05,36.08457506603489,22.852763431659774
PART-RIVERBANK-2,497,RiverBank/C3D8R,290.0,-5.0,-25.0,-5.47713e-05,2.2541699e-05,-0.00024775314,-9.53077e-05,-9.22372e-06,-0.000171615,9.191984514709086e-05,36.08457506603489,22.852763431659774
PART-RIVERBANK-1,405,RiverBank/C3D8R,-290.0,5.0,-25.0,5.47713e-05,-2.2541699e-05,-0.00024775314,9.53077e-05,9.22372e-06,-0.000171615,9.191984514709086e-05,36.08457506603489,22.852763431659774
PART-RIVERBANK-1,407,RiverBank/C3D8R,-290.0,-5.0,-25.0,5.47713e-05,2.2541699e-05,-0.00024775314,9.53077e-05,-9.22372e-06,-0.000171615,9.191984514709086e-05,36.08457506603489,22.852763431659774
PART-RIVERBANK-2,324,RiverBank/C3D8R,280.0,-10.0,-35.0,-8.096031e-07,-0.00013552824,-0.00024960854,-1.40421e-05,-4.52328e-05,-0.000239216,9.184971609457327e-05,32.33804503741587,14.142998671321152
PART-RIVERBANK-2,351,RiverBank/C3D8R,280.0,10.0,-35.0,-8.096031e-07,0.00013552824,-0.00024960854,-1.40421e-05,4.52328e-05,-0.000239216,9.184971609457327e-05,32.33804503741587,14.142998671321152
PART-RIVERBANK-1,318,RiverBank/C3D8R,-280.0,-10.0,-35.0,8.096031e-07,-0.00013552824,-0.00024960854,1.40421e-05,-4.52328e-05,-0.000239216,9.184971609457327e-05,32.33804503741587,14.142998671321152
PART-RIVERBANK-1,345,RiverBank/C3D8R,-280.0,10.0,-35.0,8.096031e-07,0.00013552824,-0.00024960854,1.40421e-05,4.52328e-05,-0.000239216,9.184971609457327e-05,32.33804503741587,14.142998671321152
PART-RIVERBANK-2,186,RiverBank/C3D8R,290.0,10.0,-5.0,-0.0003405021,2.3250914e-05,-0.00042147693,-0.000343215,-1.56496e-05,-0.000338398,9.177536938535905e-05,16.922327914018595,11.080608602100458
PART-RIVERBANK-2,231,RiverBank/C3D8R,290.0,-10.0,-5.0,-0.0003405021,-2.3250914e-05,-0.00042147693,-0.000343215,1.56496e-05,-0.000338398,9.177536938535905e-05,16.922327914018595,11.080608602100458
PART-RIVERBANK-1,156,RiverBank/C3D8R,-290.0,10.0,-5.0,0.0003405021,2.3250914e-05,-0.00042147693,0.000343215,-1.56496e-05,-0.000338398,9.177536938535905e-05,16.922327914018595,11.080608602100458
PART-RIVERBANK-1,201,RiverBank/C3D8R,-290.0,-10.0,-5.0,0.0003405021,-2.3250914e-05,-0.00042147693,0.000343215,1.56496e-05,-0.000338398,9.177536938535905e-05,16.922327914018595,11.080608602100458
PART-RIVERBANK-2,163,RiverBank/C3D8R,270.0,10.0,-20.0,-0.00020799453,-1.1830296e-05,-0.00045059662,-0.000231224,3.60267e-05,-0.000377053,9.076653780622744e-05,18.2839934103856,10.607146825082351
PART-RIVERBANK-2,208,RiverBank/C3D8R,270.0,-10.0,-20.0,-0.00020799453,1.1830296e-05,-0.00045059662,-0.000231224,-3.60267e-05,-0.000377053,9.076653780622744e-05,18.2839934103856,10.607146825082351
PART-RIVERBANK-1,173,RiverBank/C3D8R,-270.0,10.0,-20.0,0.00020799453,-1.1830296e-05,-0.00045059662,0.000231224,3.60267e-05,-0.000377053,9.076653780622744e-05,18.2839934103856,10.607146825082351
PART-RIVERBANK-1,218,RiverBank/C3D8R,-270.0,-10.0,-20.0,0.00020799453,1.1830296e-05,-0.00045059662,0.000231224,-3.60267e-05,-0.000377053,9.076653780622744e-05,18.2839934103856,10.607146825082351
PART-RIVERBANK-2,478,RiverBank/C3D8R,280.0,0.0,-5.0,-0.00034437625,-1.35017805e-17,-0.0005014534,-0.000356952,-1.28558e-16,-0.000412842,8.949932791939001e-05,14.71259459649546,10.283842689113275
PART-RIVERBANK-1,448,RiverBank/C3D8R,-280.0,0.0,-5.0,0.00034437625,1.0676949e-18,-0.0005014534,0.000356952,-2.5639e-16,-0.000412842,8.949932791939001e-05,14.71259459649546,10.283842689113275
PART-RIVERBANK-2,403,RiverBank/C3D8R,255.0,0.0,-5.0,-0.0007880339,-3.6237985e-17,-0.00079064246,-0.000806419,-4.64875e-16,-0.00070306,8.949133590276546e-05,8.016822914464598,4.159490805035154
PART-RIVERBANK-1,523,RiverBank/C3D8R,-255.0,0.0,-5.0,0.0007880339,8.653904e-18,-0.00079064246,0.000806419,-7.99375e-16,-0.00070306,8.949133590276546e-05,8.016822914464598,4.159490805035154
PART-RIVERBANK-2,300,RiverBank/C3D8R,300.0,-5.0,-35.0,0.00013758591,2.9644561e-05,-0.00014415296,6.29979e-05,6.471e-06,-0.000102027,8.874109347479565e-05,44.04756366864375,40.395160497287826
PART-RIVERBANK-2,302,RiverBank/C3D8R,300.0,5.0,-35.0,0.00013758591,-2.9644561e-05,-0.00014415296,6.29979e-05,-6.471e-06,-0.000102027,8.874109347479565e-05,44.04756366864375,40.395160497287826
PART-RIVERBANK-1,291,RiverBank/C3D8R,-300.0,-5.0,-35.0,-0.00013758591,2.9644561e-05,-0.00014415296,-6.29979e-05,6.471e-06,-0.000102027,8.874109347479565e-05,44.04756366864375,40.395160497287826
PART-RIVERBANK-1,293,RiverBank/C3D8R,-300.0,5.0,-35.0,-0.00013758591,-2.9644561e-05,-0.00014415296,-6.29979e-05,-6.471e-06,-0.000102027,8.874109347479565e-05,44.04756366864375,40.395160497287826
PART-RIVERBANK-2,32,RiverBank/C3D8R,300.0,-10.0,-5.0,-0.00033792178,-2.5683468e-05,-0.0003231798,-0.000324345,9.53615e-06,-0.000243554,8.811934221766707e-05,18.817240606139567,13.361345023200737
PART-RIVERBANK-2,44,RiverBank/C3D8R,300.0,10.0,-5.0,-0.00033792178,2.5683468e-05,-0.0003231798,-0.000324345,-9.53615e-06,-0.000243554,8.811934221766707e-05,18.817240606139567,13.361345023200737
PART-RIVERBANK-1,20,RiverBank/C3D8R,-300.0,-10.0,-5.0,0.00033792178,-2.5683468e-05,-0.0003231798,0.000324345,9.53615e-06,-0.000243554,8.811934221766707e-05,18.817240606139567,13.361345023200737
PART-RIVERBANK-1,24,RiverBank/C3D8R,-300.0,10.0,-5.0,0.00033792178,2.5683468e-05,-0.0003231798,0.000324345,-9.53615e-06,-0.000243554,8.811934221766707e-05,18.817240606139567,13.361345023200737
PART-RIVERBANK-2,173,RiverBank/C3D8R,280.0,10.0,-20.0,-0.00016492115,8.039512e-06,-0.0004284996,-0.000176569,3.05632e-05,-0.000344581,8.766595893905365e-05,19.090526129402388,15.4224810188404
PART-RIVERBANK-2,218,RiverBank/C3D8R,280.0,-10.0,-20.0,-0.00016492115,-8.039512e-06,-0.0004284996,-0.000176569,-3.05632e-05,-0.000344581,8.766595893905365e-05,19.090526129402388,15.4224810188404
PART-RIVERBANK-1,163,RiverBank/C3D8R,-280.0,10.0,-20.0,0.00016492115,8.039512e-06,-0.0004284996,0.000176569,3.05632e-05,-0.000344581,8.766595893905365e-05,19.090526129402388,15.4224810188404
PART-RIVERBANK-1,208,RiverBank/C3D8R,-280.0,-10.0,-20.0,0.00016492115,-8.039512e-06,-0.0004284996,0.000176569,-3.05632e-05,-0.000344581,8.766595893905365e-05,19.090526129402388,15.4224810188404
PART-RIVERBANK-2,481,RiverBank/C3D8R,285.0,0.0,-25.0,-9.065052e-05,-2.4685288e-18,-0.00028124117,-0.000113303,-3.02094e-17,-0.000196861,8.736788849101999e-05,29.567160435690194,23.131533773472153
PART-RIVERBANK-1,421,RiverBank/C3D8R,-285.0,0.0,-25.0,9.065052e-05,-3.0154792e-19,-0.00028124117,0.000113303,-5.13526e-17,-0.000196861,8.736788849101999e-05,29.567160435690194,23.131533773472153
PART-RIVERBANK-2,298,RiverBank/C3D8R,250.0,0.0,-45.0,-0.00024495498,-1.759432e-18,-9.7094686e-05,-0.000330001,-1.78686e-17,-7.96131e-05,8.682414046171604e-05,32.95079583844628,28.832364757532865
PART-RIVERBANK-1,307,RiverBank/C3D8R,-250.0,0.0,-45.0,0.00024495498,8.47281e-19,-9.7094686e-05,0.000330001,-3.48236e-17,-7.96131e-05,8.682414046171604e-05,32.95079583844628,28.832364757532865
PART-RIVERBANK-2,465,RiverBank/C3D8R,280.0,5.0,-25.0,-0.00013740544,-2.7372358e-05,-0.00029200132,-0.000138202,1.8631e-05,-0.000218664,8.657543508347018e-05,26.73122100868186,19.92346075403196
PART-RIVERBANK-2,467,RiverBank/C3D8R,280.0,-5.0,-25.0,-0.00013740544,2.7372358e-05,-0.00029200132,-0.000138202,-1.8631e-05,-0.000218664,8.657543508347018e-05,26.73122100868186,19.92346075403196
PART-RIVERBANK-1,435,RiverBank/C3D8R,-280.0,5.0,-25.0,0.00013740544,-2.7372358e-05,-0.00029200132,0.000138202,1.8631e-05,-0.000218664,8.657543508347018e-05,26.73122100868186,19.92346075403196
PART-RIVERBANK-1,437,RiverBank/C3D8R,-280.0,-5.0,-25.0,0.00013740544,2.7372358e-05,-0.00029200132,0.000138202,-1.8631e-05,-0.000218664,8.657543508347018e-05,26.73122100868186,19.92346075403196
PART-RIVERBANK-2,333,RiverBank/C3D8R,295.0,-10.0,-35.0,0.00010361184,4.1539563e-05,-0.00021992662,4.90887e-05,-6.48772e-06,-0.000172905,8.65472440649966e-05,35.09127062187276,27.076232441643374
PART-RIVERBANK-2,360,RiverBank/C3D8R,295.0,10.0,-35.0,0.00010361184,-4.1539563e-05,-0.00021992662,4.90887e-05,6.48772e-06,-0.000172905,8.65472440649966e-05,35.09127062187276,27.076232441643374
PART-RIVERBANK-1,309,RiverBank/C3D8R,-295.0,-10.0,-35.0,-0.00010361184,4.1539563e-05,-0.00021992662,-4.90887e-05,-6.48772e-06,-0.000172905,8.65472440649966e-05,35.09127062187276,27.076232441643374
PART-RIVERBANK-1,336,RiverBank/C3D8R,-295.0,10.0,-35.0,-0.00010361184,-4.1539563e-05,-0.00021992662,-4.90887e-05,6.48772e-06,-0.000172905,8.65472440649966e-05,35.09127062187276,27.076232441643374
PART-RIVERBANK-2,432,RiverBank/C3D8R,265.0,5.0,-5.0,-0.00043254893,-2.2969796e-06,-0.0007123333,-0.000411685,-4.74036e-05,-0.000642319,8.585984500011977e-05,10.30260179257204,8.277318858232032
PART-RIVERBANK-2,434,RiverBank/C3D8R,265.0,-5.0,-5.0,-0.00043254893,2.2969796e-06,-0.0007123333,-0.000411685,4.74036e-05,-0.000642319,8.585984500011977e-05,10.30260179257204,8.277318858232032
PART-RIVERBANK-1,492,RiverBank/C3D8R,-265.0,5.0,-5.0,0.00043254893,-2.2969796e-06,-0.0007123333,0.000411685,-4.74036e-05,-0.000642319,8.585984500011977e-05,10.30260179257204,8.277318858232032
PART-RIVERBANK-1,494,RiverBank/C3D8R,-265.0,-5.0,-5.0,0.00043254893,2.2969796e-06,-0.0007123333,0.000411685,4.74036e-05,-0.000642319,8.585984500011977e-05,10.30260179257204,8.277318858232032
PART-RIVERBANK-2,508,RiverBank/C3D8R,290.0,0.0,-5.0,-0.00033977037,-8.713975e-18,-0.00043548198,-0.000343513,-4.70726e-17,-0.000349803,8.576068384264026e-05,15.526563562083645,11.239200139814995
PART-RIVERBANK-1,418,RiverBank/C3D8R,-290.0,0.0,-5.0,0.00033977037,-1.3041322e-18,-0.00043548198,0.000343513,-1.26359e-16,-0.000349803,8.576068384264026e-05,15.526563562083645,11.239200139814995
PART-RIVERBANK-2,166,RiverBank/C3D8R,270.0,10.0,-5.0,-0.0004412306,2.5115583e-05,-0.0005349149,-0.000436379,-2.63084e-05,-0.000466846,8.544787415351125e-05,12.314762327136844,7.823465435903572
PART-RIVERBANK-2,211,RiverBank/C3D8R,270.0,-10.0,-5.0,-0.0004412306,-2.5115583e-05,-0.0005349149,-0.000436379,2.63084e-05,-0.000466846,8.544787415351125e-05,12.314762327136844,7.823465435903572
PART-RIVERBANK-1,176,RiverBank/C3D8R,-270.0,10.0,-5.0,0.0004412306,2.5115583e-05,-0.0005349149,0.000436379,-2.63084e-05,-0.000466846,8.544787415351125e-05,12.314762327136844,7.823465435903572
PART-RIVERBANK-1,221,RiverBank/C3D8R,-270.0,-10.0,-5.0,0.0004412306,-2.5115583e-05,-0.0005349149,0.000436379,2.63084e-05,-0.000466846,8.544787415351125e-05,12.314762327136844,7.823465435903572
PART-RIVERBANK-2,453,RiverBank/C3D8R,275.0,5.0,-20.0,-0.00018994231,-1.2302773e-05,-0.00041691525,-0.000207645,6.43938e-06,-0.000336541,8.440778160438769e-05,18.41719362152825,13.705325774165694
PART-RIVERBANK-2,455,RiverBank/C3D8R,275.0,-5.0,-20.0,-0.00018994231,1.2302773e-05,-0.00041691525,-0.000207645,-6.43938e-06,-0.000336541,8.440778160438769e-05,18.41719362152825,13.705325774165694
PART-RIVERBANK-1,453,RiverBank/C3D8R,-275.0,5.0,-20.0,0.00018994231,-1.2302773e-05,-0.00041691525,0.000207645,6.43938e-06,-0.000336541,8.440778160438769e-05,18.41719362152825,13.705325774165694
PART-RIVERBANK-1,455,RiverBank/C3D8R,-275.0,-5.0,-20.0,0.00018994231,1.2302773e-05,-0.00041691525,0.000207645,-6.43938e-06,-0.000336541,8.440778160438769e-05,18.41719362152825,13.705325774165694
PART-RIVERBANK-2,412,RiverBank/C3D8R,260.0,0.0,-15.0,-8.332305e-05,-1.725858e-17,-0.00073752296,-7.10441e-05,-2.81003e-16,-0.000654146,8.427627229501846e-05,11.354700741596623,11.34741975379294
PART-RIVERBANK-1,502,RiverBank/C3D8R,-260.0,0.0,-15.0,8.332305e-05,4.926629e-18,-0.00073752296,7.10441e-05,-4.71418e-16,-0.000654146,8.427627229501846e-05,11.354700741596623,11.34741975379294
PART-RIVERBANK-2,145,RiverBank/C3D8R,300.0,0.0,-5.0,-0.0003550472,-3.841105e-18,-0.00033685673,-0.000341031,2.89685e-17,-0.000255348,8.270505987334088e-05,16.89862011736997,12.951126932313745
PART-RIVERBANK-1,130,RiverBank/C3D8R,-300.0,0.0,-5.0,0.0003550472,-3.015855e-18,-0.00033685673,0.000341031,-1.95495e-18,-0.000255348,8.270505987334088e-05,16.89862011736997,12.951126932313745
PART-RIVERBANK-2,417,RiverBank/C3D8R,260.0,5.0,-5.0,-0.0005063928,-2.0661677e-05,-0.00057620375,-0.000541148,3.1394e-05,-0.000522563,8.243207807359238e-05,10.742022097822352,1.8833812170133146
PART-RIVERBANK-2,419,RiverBank/C3D8R,260.0,-5.0,-5.0,-0.0005063928,2.0661677e-05,-0.00057620375,-0.000541148,-3.1394e-05,-0.000522563,8.243207807359238e-05,10.742022097822352,1.8833812170133146
PART-RIVERBANK-1,507,RiverBank/C3D8R,-260.0,5.0,-5.0,0.0005063928,-2.0661677e-05,-0.00057620375,0.000541148,3.1394e-05,-0.000522563,8.243207807359238e-05,10.742022097822352,1.8833812170133146
PART-RIVERBANK-1,509,RiverBank/C3D8R,-260.0,-5.0,-5.0,0.0005063928,2.0661677e-05,-0.00057620375,0.000541148,-3.1394e-05,-0.000522563,8.243207807359238e-05,10.742022097822352,1.8833812170133146
PART-RIVERBANK-2,469,RiverBank/C3D8R,280.0,0.0,-20.0,-0.00017558917,-6.805664e-18,-0.0003861991,-0.000184805,-6.67047e-17,-0.000304589,8.212880094460708e-05,19.35894956358789,16.02231327248476
PART-RIVERBANK-1,439,RiverBank/C3D8R,-280.0,0.0,-20.0,0.00017558917,2.198607e-19,-0.0003861991,0.000184805,-1.2507e-16,-0.000304589,8.212880094460708e-05,19.35894956358789,16.02231327248476
PART-RIVERBANK-2,553,RiverBank/C3D8R,270.0,0.0,-35.0,0.0001063242,-3.7629517e-18,-0.00041743362,2.96394e-05,-3.81182e-17,-0.00039166,8.09001732936611e-05,18.78072466542742,8.817362798750604
PART-RIVERBANK-1,571,RiverBank/C3D8R,-270.0,0.0,-35.0,-0.0001063242,4.7149455e-19,-0.00041743362,-2.96394e-05,-8.96127e-17,-0.00039166,8.09001732936611e-05,18.78072466542742,8.817362798750604
PART-RIVERBANK-2,255,RiverBank/C3D8R,285.0,5.0,-30.0,-0.00012104407,0.000121042794,-0.00041759823,-0.000132869,0.000118888,-0.00049744,8.074144130135554e-05,17.88999629775049,17.08432127044143
PART-RIVERBANK-2,257,RiverBank/C3D8R,285.0,-5.0,-30.0,-0.00012104407,-0.000121042794,-0.00041759823,-0.000132869,-0.000118888,-0.00049744,8.074144130135554e-05,17.88999629775049,17.08432127044143
PART-RIVERBANK-1,243,RiverBank/C3D8R,-285.0,5.0,-30.0,0.00012104407,0.000121042794,-0.00041759823,0.000132869,0.000118888,-0.00049744,8.074144130135554e-05,17.88999629775049,17.08432127044143
PART-RIVERBANK-1,245,RiverBank/C3D8R,-285.0,-5.0,-30.0,0.00012104407,-0.000121042794,-0.00041759823,0.000132869,-0.000118888,-0.00049744,8.074144130135554e-05,17.88999629775049,17.08432127044143
PART-RIVERBANK-2,124,RiverBank/C3D8R,250.0,0.0,-15.0,-0.0005479487,-2.0070552e-17,-0.0002869573,-0.000581562,-3.83454e-16,-0.000359875,8.029224688710612e-05,12.980921267336488,10.567351406478075
PART-RIVERBANK-1,139,RiverBank/C3D8R,-250.0,0.0,-15.0,0.0005479487,8.1525225e-18,-0.0002869573,0.000581562,-5.65476e-16,-0.000359875,8.029224688710612e-05,12.980921267336488,10.567351406478075
PART-RIVERBANK-2,451,RiverBank/C3D8R,275.0,0.0,-25.0,-0.00020253606,-4.8516997e-18,-0.00031775996,-0.000174148,-8.31693e-17,-0.000242706,8.02432480788583e-05,21.294928321125187,20.72573897280357
PART-RIVERBANK-1,451,RiverBank/C3D8R,-275.0,0.0,-25.0,0.00020253606,8.06205e-19,-0.00031775996,0.000174148,-1.26553e-16,-0.000242706,8.02432480788583e-05,21.294928321125187,20.72573897280357
PART-RIVERBANK-2,169,RiverBank/C3D8R,275.0,10.0,-15.0,-0.00023339698,-6.4601854e-06,-0.00051528506,-0.000244724,2.44083e-05,-0.000442225,8.011826970282128e-05,14.16227782517743,10.553632027570483
PART-RIVERBANK-2,214,RiverBank/C3D8R,275.0,-10.0,-15.0,-0.00023339698,6.4601854e-06,-0.00051528506,-0.000244724,-2.44083e-05,-0.000442225,8.011826970282128e-05,14.16227782517743,10.553632027570483
PART-RIVERBANK-1,169,RiverBank/C3D8R,-275.0,10.0,-15.0,0.00023339698,-6.4601854e-06,-0.00051528506,0.000244724,2.44083e-05,-0.000442225,8.011826970282128e-05,14.16227782517743,10.553632027570483
PART-RIVERBANK-1,214,RiverBank/C3D8R,-275.0,-10.0,-15.0,0.00023339698,6.4601854e-06,-0.00051528506,0.000244724,-2.44083e-05,-0.000442225,8.011826970282128e-05,14.16227782517743,10.553632027570483
PART-RIVERBANK-2,448,RiverBank/C3D8R,270.0,0.0,-5.0,-0.00035523952,-1.9065997e-17,-0.00056095235,-0.000361717,-2.29285e-16,-0.000481169,8.004586612919434e-05,12.055556203237353,9.339075361911194
PART-RIVERBANK-1,478,RiverBank/C3D8R,-270.0,0.0,-5.0,0.00035523952,3.5074274e-18,-0.00056095235,0.000361717,-4.19678e-16,-0.000481169,8.004586612919434e-05,12.055556203237353,9.339075361911194
PART-RIVERBANK-2,397,RiverBank/C3D8R,255.0,0.0,-15.0,-0.0005710475,-2.6372649e-17,-0.00069841044,-0.000529309,-3.06733e-16,-0.000766492,7.985738033697076e-05,8.851908204372553,3.2526332107738645
PART-RIVERBANK-1,517,RiverBank/C3D8R,-255.0,0.0,-15.0,0.0005710475,6.061703e-18,-0.00069841044,0.000529309,-5.79992e-16,-0.000766492,7.985738033697076e-05,8.851908204372553,3.2526332107738645
PART-RIVERBANK-2,183,RiverBank/C3D8R,290.0,10.0,-20.0,-0.00014075646,1.4953135e-05,-0.0003883172,-0.000138105,2.39731e-05,-0.000309272,7.960234702427329e-05,19.259659325124296,17.845475230461947
PART-RIVERBANK-2,228,RiverBank/C3D8R,290.0,-10.0,-20.0,-0.00014075646,-1.4953135e-05,-0.0003883172,-0.000138105,-2.39731e-05,-0.000309272,7.960234702427329e-05,19.259659325124296,17.845475230461947
PART-RIVERBANK-1,153,RiverBank/C3D8R,-290.0,10.0,-20.0,0.00014075646,1.4953135e-05,-0.0003883172,0.000138105,2.39731e-05,-0.000309272,7.960234702427329e-05,19.259659325124296,17.845475230461947
PART-RIVERBANK-1,198,RiverBank/C3D8R,-290.0,-10.0,-20.0,0.00014075646,-1.4953135e-05,-0.0003883172,0.000138105,-2.39731e-05,-0.000309272,7.960234702427329e-05,19.259659325124296,17.845475230461947
PART-RIVERBANK-2,311,RiverBank/C3D8R,255.0,-10.0,-45.0,-1.754392e-05,-4.6183355e-05,-0.0001822415,2.65485e-05,-0.000110688,-0.000197108,7.953617761925968e-05,42.122949449386425,20.546163276153138
PART-RIVERBANK-2,338,RiverBank/C3D8R,255.0,10.0,-45.0,-1.754392e-05,4.6183355e-05,-0.0001822415,2.65485e-05,0.000110688,-0.000197108,7.953617761925968e-05,42.122949449386425,20.546163276153138
PART-RIVERBANK-1,335,RiverBank/C3D8R,-255.0,-10.0,-45.0,1.754392e-05,-4.6183355e-05,-0.0001822415,-2.65485e-05,-0.000110688,-0.000197108,7.953617761925968e-05,42.122949449386425,20.546163276153138
PART-RIVERBANK-1,362,RiverBank/C3D8R,-255.0,10.0,-45.0,1.754392e-05,4.6183355e-05,-0.0001822415,-2.65485e-05,0.000110688,-0.000197108,7.953617761925968e-05,42.122949449386425,20.546163276153138
PART-RIVERBANK-2,92,RiverBank/C3D8R,300.0,10.0,-35.0,-0.00011114174,0.000103880724,-0.00017474304,-5.37295e-05,4.89337e-05,-0.000172001,7.951641045492291e-05,34.320632405351226,19.40691641313033
PART-RIVERBANK-2,96,RiverBank/C3D8R,300.0,-10.0,-35.0,-0.00011114174,-0.000103880724,-0.00017474304,-5.37295e-05,-4.89337e-05,-0.000172001,7.951641045492291e-05,34.320632405351226,19.40691641313033
PART-RIVERBANK-1,81,RiverBank/C3D8R,-300.0,10.0,-35.0,0.00011114174,0.000103880724,-0.00017474304,5.37295e-05,4.89337e-05,-0.000172001,7.951641045492291e-05,34.320632405351226,19.40691641313033
PART-RIVERBANK-1,89,RiverBank/C3D8R,-300.0,-10.0,-35.0,0.00011114174,-0.000103880724,-0.00017474304,5.37295e-05,-4.89337e-05,-0.000172001,7.951641045492291e-05,34.320632405351226,19.40691641313033
PART-RIVERBANK-2,182,RiverBank/C3D8R,290.0,10.0,-25.0,-0.00014306148,8.1119324e-05,-0.0003644746,-0.000112834,9.80092e-06,-0.000377466,7.854165627371005e-05,19.642249174810445,1.4428162831060234
PART-RIVERBANK-2,227,RiverBank/C3D8R,290.0,-10.0,-25.0,-0.00014306148,-8.1119324e-05,-0.0003644746,-0.000112834,-9.80092e-06,-0.000377466,7.854165627371005e-05,19.642249174810445,1.4428162831060234
PART-RIVERBANK-1,152,RiverBank/C3D8R,-290.0,10.0,-25.0,0.00014306148,8.1119324e-05,-0.0003644746,0.000112834,9.80092e-06,-0.000377466,7.854165627371005e-05,19.642249174810445,1.4428162831060234
PART-RIVERBANK-1,197,RiverBank/C3D8R,-290.0,-10.0,-25.0,0.00014306148,-8.1119324e-05,-0.0003644746,0.000112834,-9.80092e-06,-0.000377466,7.854165627371005e-05,19.642249174810445,1.4428162831060234
PART-RIVERBANK-2,327,RiverBank/C3D8R,285.0,-10.0,-35.0,4.548412e-07,3.095651e-05,-0.00026169748,-1.66467e-05,-3.16744e-05,-0.000218233,7.812972942813638e-05,29.64822482066813,16.08037264842176
PART-RIVERBANK-2,354,RiverBank/C3D8R,285.0,10.0,-35.0,4.548412e-07,-3.095651e-05,-0.00026169748,-1.66467e-05,3.16744e-05,-0.000218233,7.812972942813638e-05,29.64822482066813,16.08037264842176
PART-RIVERBANK-1,315,RiverBank/C3D8R,-285.0,-10.0,-35.0,-4.548412e-07,3.095651e-05,-0.00026169748,1.66467e-05,-3.16744e-05,-0.000218233,7.812972942813638e-05,29.64822482066813,16.08037264842176
PART-RIVERBANK-1,342,RiverBank/C3D8R,-285.0,10.0,-35.0,-4.548412e-07,-3.095651e-05,-0.00026169748,1.66467e-05,3.16744e-05,-0.000218233,7.812972942813638e-05,29.64822482066813,16.08037264842176
PART-RIVERBANK-2,483,RiverBank/C3D8R,285.0,5.0,-20.0,-0.00016139107,-1.6995315e-06,-0.00037689696,-0.000163551,3.96586e-06,-0.000299012,7.812060517337776e-05,19.053733351534788,16.868278157137368
PART-RIVERBANK-2,485,RiverBank/C3D8R,285.0,-5.0,-20.0,-0.00016139107,1.6995315e-06,-0.00037689696,-0.000163551,-3.96586e-06,-0.000299012,7.812060517337776e-05,19.053733351534788,16.868278157137368
PART-RIVERBANK-1,423,RiverBank/C3D8R,-285.0,5.0,-20.0,0.00016139107,-1.6995315e-06,-0.00037689696,0.000163551,3.96586e-06,-0.000299012,7.812060517337776e-05,19.053733351534788,16.868278157137368
PART-RIVERBANK-1,425,RiverBank/C3D8R,-285.0,-5.0,-20.0,0.00016139107,1.6995315e-06,-0.00037689696,0.000163551,-3.96586e-06,-0.000299012,7.812060517337776e-05,19.053733351534788,16.868278157137368
PART-RIVERBANK-2,436,RiverBank/C3D8R,270.0,0.0,-25.0,7.32629e-06,-9.431058e-18,-0.00057089154,-6.78175e-05,-9.19268e-17,-0.000550731,7.780126315591347e-05,13.626906696503873,2.8107586194018856
PART-RIVERBANK-1,466,RiverBank/C3D8R,-270.0,0.0,-25.0,-7.32629e-06,1.4136932e-18,-0.00057089154,6.78175e-05,-1.94179e-16,-0.000550731,7.780126315591347e-05,13.626906696503873,2.8107586194018856
PART-RIVERBANK-2,133,RiverBank/C3D8R,300.0,0.0,-25.0,-0.00019632085,8.886303e-19,-0.00033454443,-0.000120211,5.27024e-17,-0.000343858,7.667758377236074e-05,19.76765796068079,6.091636255632795
PART-RIVERBANK-1,118,RiverBank/C3D8R,-300.0,0.0,-25.0,0.00019632085,-2.8320363e-18,-0.00033454443,0.000120211,6.14624e-17,-0.000343858,7.667758377236074e-05,19.76765796068079,6.091636255632795
PART-RIVERBANK-2,499,RiverBank/C3D8R,290.0,0.0,-20.0,-0.00013916501,-3.3426931e-18,-0.00034749878,-0.000135753,-1.07802e-17,-0.00027109,7.648492317658755e-05,20.43253271169134,19.006862596260756
PART-RIVERBANK-1,409,RiverBank/C3D8R,-290.0,0.0,-20.0,0.00013916501,-9.886915e-19,-0.00034749878,0.000135753,-3.61564e-17,-0.00027109,7.648492317658755e-05,20.43253271169134,19.006862596260756
PART-RIVERBANK-2,158,RiverBank/C3D8R,265.0,10.0,-20.0,-0.00015606047,9.2201335e-05,-0.0005786471,-0.000138116,2.44165e-05,-0.000549885,7.578948644744948e-05,12.498819215783257,6.41229875256692
PART-RIVERBANK-2,203,RiverBank/C3D8R,265.0,-10.0,-20.0,-0.00015606047,-9.2201335e-05,-0.0005786471,-0.000138116,-2.44165e-05,-0.000549885,7.578948644744948e-05,12.498819215783257,6.41229875256692
PART-RIVERBANK-1,178,RiverBank/C3D8R,-265.0,10.0,-20.0,0.00015606047,9.2201335e-05,-0.0005786471,0.000138116,2.44165e-05,-0.000549885,7.578948644744948e-05,12.498819215783257,6.41229875256692
PART-RIVERBANK-1,223,RiverBank/C3D8R,-265.0,-10.0,-20.0,0.00015606047,-9.2201335e-05,-0.0005786471,0.000138116,-2.44165e-05,-0.000549885,7.578948644744948e-05,12.498819215783257,6.41229875256692
PART-RIVERBANK-2,259,RiverBank/C3D8R,290.0,0.0,-30.0,-0.00016888267,4.749121e-19,-0.00034490987,-0.000168885,-1.69343e-18,-0.000420468,7.555813003592532e-05,19.674716813763265,17.988081275555388
PART-RIVERBANK-1,241,RiverBank/C3D8R,-290.0,0.0,-30.0,0.00016888267,-1.2444733e-18,-0.00034490987,0.000168885,1.06853e-18,-0.000420468,7.555813003592532e-05,19.674716813763265,17.988081275555388
PART-RIVERBANK-2,153,RiverBank/C3D8R,260.0,10.0,-20.0,-0.00026313856,-4.871467e-05,-0.00050268794,-0.0002552,2.49237e-05,-0.000515405,7.514887814315062e-05,13.195996967621495,1.08570911033962
PART-RIVERBANK-2,198,RiverBank/C3D8R,260.0,-10.0,-20.0,-0.00026313856,4.871467e-05,-0.00050268794,-0.0002552,-2.49237e-05,-0.000515405,7.514887814315062e-05,13.195996967621495,1.08570911033962
PART-RIVERBANK-1,183,RiverBank/C3D8R,-260.0,10.0,-20.0,0.00026313856,-4.871467e-05,-0.00050268794,0.0002552,2.49237e-05,-0.000515405,7.514887814315062e-05,13.195996967621495,1.08570911033962
PART-RIVERBANK-1,228,RiverBank/C3D8R,-260.0,-10.0,-20.0,0.00026313856,4.871467e-05,-0.00050268794,0.0002552,-2.49237e-05,-0.000515405,7.514887814315062e-05,13.195996967621495,1.08570911033962
PART-RIVERBANK-2,159,RiverBank/C3D8R,265.0,10.0,-15.0,-0.0002702257,-3.67672e-05,-0.00053587666,-0.000301549,1.91471e-06,-0.000480135,7.47299936015901e-05,12.428486340573713,5.704667006480366
PART-RIVERBANK-2,204,RiverBank/C3D8R,265.0,-10.0,-15.0,-0.0002702257,3.67672e-05,-0.00053587666,-0.000301549,-1.91471e-06,-0.000480135,7.47299936015901e-05,12.428486340573713,5.704667006480366
PART-RIVERBANK-1,179,RiverBank/C3D8R,-265.0,10.0,-15.0,0.0002702257,-3.67672e-05,-0.00053587666,0.000301549,1.91471e-06,-0.000480135,7.47299936015901e-05,12.428486340573713,5.704667006480366
PART-RIVERBANK-1,224,RiverBank/C3D8R,-265.0,-10.0,-15.0,0.0002702257,3.67672e-05,-0.00053587666,0.000301549,-1.91471e-06,-0.000480135,7.47299936015901e-05,12.428486340573713,5.704667006480366
PART-RIVERBANK-2,439,RiverBank/C3D8R,270.0,0.0,-20.0,-0.0002547941,-1.0795794e-17,-0.00041619837,-0.00027132,-1.32316e-16,-0.000343818,7.424300190689286e-05,15.213822002655949,10.24971886930793
PART-RIVERBANK-1,469,RiverBank/C3D8R,-270.0,0.0,-20.0,0.0002547941,1.697711e-18,-0.00041619837,0.00027132,-2.27456e-16,-0.000343818,7.424300190689286e-05,15.213822002655949,10.24971886930793
PART-RIVERBANK-2,55,RiverBank/C3D8R,290.0,10.0,-30.0,-0.00015473572,0.00019911543,-0.00039814477,-0.000154996,0.000193493,-0.000471894,7.396369643532023e-05,15.694055410847369,13.106692157755129
PART-RIVERBANK-2,79,RiverBank/C3D8R,290.0,-10.0,-30.0,-0.00015473572,-0.00019911543,-0.00039814477,-0.000154996,-0.000193493,-0.000471894,7.396369643532023e-05,15.694055410847369,13.106692157755129
PART-RIVERBANK-1,61,RiverBank/C3D8R,-290.0,10.0,-30.0,0.00015473572,0.00019911543,-0.00039814477,0.000154996,0.000193493,-0.000471894,7.396369643532023e-05,15.694055410847369,13.106692157755129
PART-RIVERBANK-1,73,RiverBank/C3D8R,-290.0,-10.0,-30.0,0.00015473572,-0.00019911543,-0.00039814477,0.000154996,-0.000193493,-0.000471894,7.396369643532023e-05,15.694055410847369,13.106692157755129
PART-RIVERBANK-2,35,RiverBank/C3D8R,300.0,-10.0,-20.0,-0.00012318637,-1.3231634e-05,-0.00029833458,-0.000114522,-1.85721e-05,-0.000225541,7.350168143526007e-05,22.75326929410804,21.485516547073576
PART-RIVERBANK-2,41,RiverBank/C3D8R,300.0,10.0,-20.0,-0.00012318637,1.3231634e-05,-0.00029833458,-0.000114522,1.85721e-05,-0.000225541,7.350168143526007e-05,22.75326929410804,21.485516547073576
PART-RIVERBANK-1,17,RiverBank/C3D8R,-300.0,-10.0,-20.0,0.00012318637,-1.3231634e-05,-0.00029833458,0.000114522,-1.85721e-05,-0.000225541,7.350168143526007e-05,22.75326929410804,21.485516547073576
PART-RIVERBANK-1,27,RiverBank/C3D8R,-300.0,10.0,-20.0,0.00012318637,1.3231634e-05,-0.00029833458,0.000114522,1.85721e-05,-0.000225541,7.350168143526007e-05,22.75326929410804,21.485516547073576
PART-RIVERBANK-2,537,RiverBank/C3D8R,260.0,-5.0,-40.0,6.5469285e-05,-7.414465e-05,-0.00033325757,2.8961e-05,-2.42327e-05,-0.000294466,7.299892827643858e-05,20.99923448099471,14.598772832188537
PART-RIVERBANK-2,539,RiverBank/C3D8R,260.0,5.0,-40.0,6.5469285e-05,7.414465e-05,-0.00033325757,2.8961e-05,2.42327e-05,-0.000294466,7.299892827643858e-05,20.99923448099471,14.598772832188537
PART-RIVERBANK-1,591,RiverBank/C3D8R,-260.0,-5.0,-40.0,-6.5469285e-05,-7.414465e-05,-0.00033325757,-2.8961e-05,-2.42327e-05,-0.000294466,7.299892827643858e-05,20.99923448099471,14.598772832188537
PART-RIVERBANK-1,593,RiverBank/C3D8R,-260.0,5.0,-40.0,-6.5469285e-05,7.414465e-05,-0.00033325757,-2.8961e-05,2.42327e-05,-0.000294466,7.299892827643858e-05,20.99923448099471,14.598772832188537
PART-RIVERBANK-2,30,RiverBank/C3D8R,300.0,0.0,-30.0,-0.00026609233,2.8139084e-18,-0.00026945767,-0.000251173,3.76169e-17,-0.000340057,7.215851858303217e-05,19.05434429790416,11.63517158082781
PART-RIVERBANK-1,14,RiverBank/C3D8R,-300.0,0.0,-30.0,0.00026609233,-2.4092535e-18,-0.00026945767,0.000251173,6.22757e-17,-0.000340057,7.215851858303217e-05,19.05434429790416,11.63517158082781
PART-RIVERBANK-2,279,RiverBank/C3D8R,280.0,5.0,0.0,-0.00043230926,-3.4354919e-06,-0.0005037754,-0.000394395,-1.73706e-05,-0.000563263,7.190586139436962e-05,10.831692917505876,3.6132058592016145
PART-RIVERBANK-2,281,RiverBank/C3D8R,280.0,-5.0,0.0,-0.00043230926,3.4354919e-06,-0.0005037754,-0.000394395,1.73706e-05,-0.000563263,7.190586139436962e-05,10.831692917505876,3.6132058592016145
PART-RIVERBANK-1,273,RiverBank/C3D8R,-280.0,5.0,0.0,0.00043230926,-3.4354919e-06,-0.0005037754,0.000394395,-1.73706e-05,-0.000563263,7.190586139436962e-05,10.831692917505876,3.6132058592016145
PART-RIVERBANK-1,275,RiverBank/C3D8R,-280.0,-5.0,0.0,0.00043230926,3.4354919e-06,-0.0005037754,0.000394395,1.73706e-05,-0.000563263,7.190586139436962e-05,10.831692917505876,3.6132058592016145
PART-RIVERBANK-2,598,RiverBank/C3D8R,295.0,0.0,-35.0,9.564838e-05,9.476218e-19,-0.00017639312,4.07524e-05,1.83188e-17,-0.000130175,7.176129344218095e-05,35.76320303857125,32.02080328146804
PART-RIVERBANK-1,526,RiverBank/C3D8R,-295.0,0.0,-35.0,-9.564838e-05,-7.3756195e-19,-0.00017639312,-4.07524e-05,3.2529e-17,-0.000130175,7.176129344218095e-05,35.76320303857125,32.02080328146804
PART-RIVERBANK-2,513,RiverBank/C3D8R,295.0,5.0,-20.0,-0.00014707974,1.6620518e-06,-0.0003134471,-0.000134889,2.04091e-06,-0.000242803,7.168923587326973e-05,20.704883974655758,19.77793001701279
PART-RIVERBANK-2,515,RiverBank/C3D8R,295.0,-5.0,-20.0,-0.00014707974,-1.6620518e-06,-0.0003134471,-0.000134889,-2.04091e-06,-0.000242803,7.168923587326973e-05,20.704883974655758,19.77793001701279
PART-RIVERBANK-1,393,RiverBank/C3D8R,-295.0,5.0,-20.0,0.00014707974,1.6620518e-06,-0.0003134471,0.000134889,2.04091e-06,-0.000242803,7.168923587326973e-05,20.704883974655758,19.77793001701279
PART-RIVERBANK-1,395,RiverBank/C3D8R,-295.0,-5.0,-20.0,0.00014707974,-1.6620518e-06,-0.0003134471,0.000134889,-2.04091e-06,-0.000242803,7.168923587326973e-05,20.704883974655758,19.77793001701279
PART-RIVERBANK-2,261,RiverBank/C3D8R,295.0,5.0,-30.0,-0.00022040105,9.1000555e-05,-0.0003417675,-0.000208201,8.47551e-05,-0.000411884,7.144347766178189e-05,17.14388529306243,12.599151766010062
PART-RIVERBANK-2,263,RiverBank/C3D8R,295.0,-5.0,-30.0,-0.00022040105,-9.1000555e-05,-0.0003417675,-0.000208201,-8.47551e-05,-0.000411884,7.144347766178189e-05,17.14388529306243,12.599151766010062
PART-RIVERBANK-1,237,RiverBank/C3D8R,-295.0,5.0,-30.0,0.00022040105,9.1000555e-05,-0.0003417675,0.000208201,8.47551e-05,-0.000411884,7.144347766178189e-05,17.14388529306243,12.599151766010062
PART-RIVERBANK-1,239,RiverBank/C3D8R,-295.0,-5.0,-30.0,0.00022040105,-9.1000555e-05,-0.0003417675,0.000208201,-8.47551e-05,-0.000411884,7.144347766178189e-05,17.14388529306243,12.599151766010062
PART-RIVERBANK-2,179,RiverBank/C3D8R,285.0,10.0,-15.0,-0.00021677214,4.418285e-06,-0.0004769521,-0.000215579,2.27267e-05,-0.000408531,7.083832697122244e-05,13.520808712309837,11.7269820867734
PART-RIVERBANK-2,224,RiverBank/C3D8R,285.0,-10.0,-15.0,-0.00021677214,-4.418285e-06,-0.0004769521,-0.000215579,-2.27267e-05,-0.000408531,7.083832697122244e-05,13.520808712309837,11.7269820867734
PART-RIVERBANK-1,159,RiverBank/C3D8R,-285.0,10.0,-15.0,0.00021677214,4.418285e-06,-0.0004769521,0.000215579,2.27267e-05,-0.000408531,7.083832697122244e-05,13.520808712309837,11.7269820867734
PART-RIVERBANK-1,204,RiverBank/C3D8R,-285.0,-10.0,-15.0,0.00021677214,-4.418285e-06,-0.0004769521,0.000215579,-2.27267e-05,-0.000408531,7.083832697122244e-05,13.520808712309837,11.7269820867734
PART-RIVERBANK-2,51,RiverBank/C3D8R,285.0,10.0,0.0,-0.00042508342,1.086018e-05,-0.00038944397,-0.000396937,-1.02873e-05,-0.000450693,7.064616440478353e-05,12.251958643358327,4.170217981131992
PART-RIVERBANK-2,65,RiverBank/C3D8R,285.0,-10.0,0.0,-0.00042508342,-1.086018e-05,-0.00038944397,-0.000396937,1.02873e-05,-0.000450693,7.064616440478353e-05,12.251958643358327,4.170217981131992
PART-RIVERBANK-1,47,RiverBank/C3D8R,-285.0,10.0,0.0,0.00042508342,1.086018e-05,-0.00038944397,0.000396937,-1.02873e-05,-0.000450693,7.064616440478353e-05,12.251958643358327,4.170217981131992
PART-RIVERBANK-1,69,RiverBank/C3D8R,-285.0,-10.0,0.0,0.00042508342,-1.086018e-05,-0.00038944397,0.000396937,1.02873e-05,-0.000450693,7.064616440478353e-05,12.251958643358327,4.170217981131992
PART-RIVERBANK-2,136,RiverBank/C3D8R,300.0,0.0,-20.0,-0.000108965636,7.25732e-20,-0.00026005527,-0.000100048,4.42236e-17,-0.000190088,7.053327656561401e-05,25.015220778676035,23.81605986121835
PART-RIVERBANK-1,121,RiverBank/C3D8R,-300.0,0.0,-20.0,0.000108965636,-2.5905957e-18,-0.00026005527,0.000100048,5.1763e-17,-0.000190088,7.053327656561401e-05,25.015220778676035,23.81605986121835
PART-RIVERBANK-2,161,RiverBank/C3D8R,265.0,10.0,-5.0,-0.00042108435,-6.948177e-05,-0.00068301935,-0.0004341,-2.54503e-05,-0.000629522,7.049924788468243e-05,8.753415403989523,5.00185182336435
PART-RIVERBANK-2,206,RiverBank/C3D8R,265.0,-10.0,-5.0,-0.00042108435,6.948177e-05,-0.00068301935,-0.0004341,2.54503e-05,-0.000629522,7.049924788468243e-05,8.753415403989523,5.00185182336435
PART-RIVERBANK-1,181,RiverBank/C3D8R,-265.0,10.0,-5.0,0.00042108435,-6.948177e-05,-0.00068301935,0.0004341,-2.54503e-05,-0.000629522,7.049924788468243e-05,8.753415403989523,5.00185182336435
PART-RIVERBANK-1,226,RiverBank/C3D8R,-265.0,-10.0,-5.0,0.00042108435,6.948177e-05,-0.00068301935,0.0004341,2.54503e-05,-0.000629522,7.049924788468243e-05,8.753415403989523,5.00185182336435
PART-RIVERBANK-2,5,RiverBank/C3D8R,300.0,-10.0,-30.0,-0.0002572243,-0.00016928493,-0.00031718044,-0.000243764,-0.000162584,-0.000385948,7.0392183140662e-05,15.923341049018688,9.614583317330899
PART-RIVERBANK-2,8,RiverBank/C3D8R,300.0,10.0,-30.0,-0.0002572243,0.00016928493,-0.00031718044,-0.000243764,0.000162584,-0.000385948,7.0392183140662e-05,15.923341049018688,9.614583317330899
PART-RIVERBANK-1,1,RiverBank/C3D8R,-300.0,10.0,-30.0,0.0002572243,0.00016928493,-0.00031718044,0.000243764,0.000162584,-0.000385948,7.0392183140662e-05,15.923341049018688,9.614583317330899
PART-RIVERBANK-1,2,RiverBank/C3D8R,-300.0,-10.0,-30.0,0.0002572243,-0.00016928493,-0.00031718044,0.000243764,-0.000162584,-0.000385948,7.0392183140662e-05,15.923341049018688,9.614583317330899
PART-RIVERBANK-2,457,RiverBank/C3D8R,275.0,0.0,-15.0,-0.00026871712,-1.2674346e-17,-0.00049440505,-0.000273002,-1.16145e-16,-0.000424275,7.026082912702422e-05,12.486099336965268,10.341597661710253
PART-RIVERBANK-1,457,RiverBank/C3D8R,-275.0,0.0,-15.0,0.00026871712,1.3364127e-18,-0.00049440505,0.000273002,-2.25607e-16,-0.000424275,7.026082912702422e-05,12.486099336965268,10.341597661710253
PART-RIVERBANK-2,444,RiverBank/C3D8R,270.0,5.0,-10.0,-0.00033420275,6.552843e-06,-0.00062726176,-0.000327476,-2.51165e-05,-0.000565611,6.963485233840702e-05,9.797122565675078,7.979251575734186
PART-RIVERBANK-2,446,RiverBank/C3D8R,270.0,-5.0,-10.0,-0.00033420275,-6.552843e-06,-0.00062726176,-0.000327476,2.51165e-05,-0.000565611,6.963485233840702e-05,9.797122565675078,7.979251575734186
PART-RIVERBANK-1,474,RiverBank/C3D8R,-270.0,5.0,-10.0,0.00033420275,6.552843e-06,-0.00062726176,0.000327476,-2.51165e-05,-0.000565611,6.963485233840702e-05,9.797122565675078,7.979251575734186
PART-RIVERBANK-1,476,RiverBank/C3D8R,-270.0,-5.0,-10.0,0.00033420275,-6.552843e-06,-0.00062726176,0.000327476,2.51165e-05,-0.000565611,6.963485233840702e-05,9.797122565675078,7.979251575734186
PART-RIVERBANK-2,450,RiverBank/C3D8R,275.0,5.0,-25.0,-6.7098474e-05,6.7199195e-05,-0.00048795374,-9.94576e-05,5.57472e-06,-0.000487054,6.960961490036488e-05,14.002903783064902,0.005604726185204222
PART-RIVERBANK-2,452,RiverBank/C3D8R,275.0,-5.0,-25.0,-6.7098474e-05,-6.7199195e-05,-0.00048795374,-9.94576e-05,-5.57472e-06,-0.000487054,6.960961490036488e-05,14.002903783064902,0.005604726185204222
PART-RIVERBANK-1,450,RiverBank/C3D8R,-275.0,5.0,-25.0,6.7098474e-05,6.7199195e-05,-0.00048795374,9.94576e-05,5.57472e-06,-0.000487054,6.960961490036488e-05,14.002903783064902,0.005604726185204222
PART-RIVERBANK-1,452,RiverBank/C3D8R,-275.0,-5.0,-25.0,6.7098474e-05,-6.7199195e-05,-0.00048795374,9.94576e-05,-5.57472e-06,-0.000487054,6.960961490036488e-05,14.002903783064902,0.005604726185204222
PART-RIVERBANK-2,149,RiverBank/C3D8R,255.0,10.0,-15.0,-0.00034808717,-0.00013738984,-0.00066485425,-0.000328871,-0.000131153,-0.000731347,6.949420958048957e-05,9.108782511831755,6.502038082240672
PART-RIVERBANK-2,194,RiverBank/C3D8R,255.0,-10.0,-15.0,-0.00034808717,0.00013738984,-0.00066485425,-0.000328871,0.000131153,-0.000731347,6.949420958048957e-05,9.108782511831755,6.502038082240672
PART-RIVERBANK-1,189,RiverBank/C3D8R,-255.0,10.0,-15.0,0.00034808717,-0.00013738984,-0.00066485425,0.000328871,-0.000131153,-0.000731347,6.949420958048957e-05,9.108782511831755,6.502038082240672
PART-RIVERBANK-1,234,RiverBank/C3D8R,-255.0,-10.0,-15.0,0.00034808717,0.00013738984,-0.00066485425,0.000328871,0.000131153,-0.000731347,6.949420958048957e-05,9.108782511831755,6.502038082240672
PART-RIVERBANK-2,561,RiverBank/C3D8R,275.0,-5.0,-35.0,3.1912758e-05,-8.1900434e-05,-0.00030174907,-2.47464e-06,-2.36182e-05,-0.000288881,6.88832284868099e-05,21.9170473748486,7.774714940240861
PART-RIVERBANK-2,563,RiverBank/C3D8R,275.0,5.0,-35.0,3.1912758e-05,8.1900434e-05,-0.00030174907,-2.47464e-06,2.36182e-05,-0.000288881,6.88832284868099e-05,21.9170473748486,7.774714940240861
PART-RIVERBANK-1,561,RiverBank/C3D8R,-275.0,-5.0,-35.0,-3.1912758e-05,-8.1900434e-05,-0.00030174907,2.47464e-06,-2.36182e-05,-0.000288881,6.88832284868099e-05,21.9170473748486,7.774714940240861
PART-RIVERBANK-1,563,RiverBank/C3D8R,-275.0,5.0,-35.0,-3.1912758e-05,8.1900434e-05,-0.00030174907,2.47464e-06,2.36182e-05,-0.000288881,6.88832284868099e-05,21.9170473748486,7.774714940240861
PART-RIVERBANK-2,316,RiverBank/C3D8R,265.0,-10.0,-40.0,7.3939914e-06,-0.00012605457,-0.00015198161,1.04269e-05,-5.95501e-05,-0.000144284,6.701713410963616e-05,33.916823894008864,20.828072212335982
PART-RIVERBANK-2,343,RiverBank/C3D8R,265.0,10.0,-40.0,7.3939914e-06,0.00012605457,-0.00015198161,1.04269e-05,5.95501e-05,-0.000144284,6.701713410963616e-05,33.916823894008864,20.828072212335982
PART-RIVERBANK-1,328,RiverBank/C3D8R,-265.0,-10.0,-40.0,-7.3939914e-06,-0.00012605457,-0.00015198161,-1.04269e-05,-5.95501e-05,-0.000144284,6.701713410963616e-05,33.916823894008864,20.828072212335982
PART-RIVERBANK-1,355,RiverBank/C3D8R,-265.0,10.0,-40.0,-7.3939914e-06,0.00012605457,-0.00015198161,-1.04269e-05,5.95501e-05,-0.000144284,6.701713410963616e-05,33.916823894008864,20.828072212335982
PART-RIVERBANK-2,330,RiverBank/C3D8R,290.0,-10.0,-35.0,-5.6353078e-05,-0.00011616244,-0.00022032052,-3.43435e-05,-5.4261e-05,-0.000214372,6.596661798214369e-05,25.8324388058425,12.366654958921195
PART-RIVERBANK-2,357,RiverBank/C3D8R,290.0,10.0,-35.0,-5.6353078e-05,0.00011616244,-0.00022032052,-3.43435e-05,5.4261e-05,-0.000214372,6.596661798214369e-05,25.8324388058425,12.366654958921195
PART-RIVERBANK-1,312,RiverBank/C3D8R,-290.0,-10.0,-35.0,5.6353078e-05,-0.00011616244,-0.00022032052,3.43435e-05,-5.4261e-05,-0.000214372,6.596661798214369e-05,25.8324388058425,12.366654958921195
PART-RIVERBANK-1,339,RiverBank/C3D8R,-290.0,10.0,-35.0,5.6353078e-05,0.00011616244,-0.00022032052,3.43435e-05,5.4261e-05,-0.000214372,6.596661798214369e-05,25.8324388058425,12.366654958921195
PART-RIVERBANK-2,487,RiverBank/C3D8R,285.0,0.0,-15.0,-0.00022223243,-7.8653254e-18,-0.00044991303,-0.000218673,-4.99665e-17,-0.000384056,6.595314960140872e-05,13.143163991843398,11.928723883808875
PART-RIVERBANK-1,427,RiverBank/C3D8R,-285.0,0.0,-15.0,0.00022223243,-2.9741367e-19,-0.00044991303,0.000218673,-1.13984e-16,-0.000384056,6.595314960140872e-05,13.143163991843398,11.928723883808875
PART-RIVERBANK-2,160,RiverBank/C3D8R,265.0,10.0,-10.0,-0.00038496347,5.424002e-05,-0.0005910206,-0.000355746,1.46521e-05,-0.000547777,6.550475482045025e-05,9.259659014961716,7.647340996328826
PART-RIVERBANK-2,205,RiverBank/C3D8R,265.0,-10.0,-10.0,-0.00038496347,-5.424002e-05,-0.0005910206,-0.000355746,-1.46521e-05,-0.000547777,6.550475482045025e-05,9.259659014961716,7.647340996328826
PART-RIVERBANK-1,180,RiverBank/C3D8R,-265.0,10.0,-10.0,0.00038496347,5.424002e-05,-0.0005910206,0.000355746,1.46521e-05,-0.000547777,6.550475482045025e-05,9.259659014961716,7.647340996328826
PART-RIVERBANK-1,225,RiverBank/C3D8R,-265.0,-10.0,-10.0,0.00038496347,-5.424002e-05,-0.0005910206,0.000355746,-1.46521e-05,-0.000547777,6.550475482045025e-05,9.259659014961716,7.647340996328826
PART-RIVERBANK-2,423,RiverBank/C3D8R,265.0,5.0,-20.0,-0.00024305956,-3.0152027e-05,-0.00047888662,-0.000261063,9.6528e-06,-0.000430552,6.515200376717456e-05,12.11264341605723,6.372226743656238
PART-RIVERBANK-2,425,RiverBank/C3D8R,265.0,-5.0,-20.0,-0.00024305956,3.0152027e-05,-0.00047888662,-0.000261063,-9.6528e-06,-0.000430552,6.515200376717456e-05,12.11264341605723,6.372226743656238
PART-RIVERBANK-1,483,RiverBank/C3D8R,-265.0,5.0,-20.0,0.00024305956,-3.0152027e-05,-0.00047888662,0.000261063,9.6528e-06,-0.000430552,6.515200376717456e-05,12.11264341605723,6.372226743656238
PART-RIVERBANK-1,485,RiverBank/C3D8R,-265.0,-5.0,-20.0,0.00024305956,3.0152027e-05,-0.00047888662,0.000261063,-9.6528e-06,-0.000430552,6.515200376717456e-05,12.11264341605723,6.372226743656238
PART-RIVERBANK-2,283,RiverBank/C3D8R,285.0,0.0,0.0,-0.00041193582,-1.5366154e-17,-0.00039127163,-0.000386048,-8.42897e-17,-0.000450599,6.472956090897962e-05,11.393213931506299,4.438266308533927
PART-RIVERBANK-1,271,RiverBank/C3D8R,-285.0,0.0,0.0,0.00041193582,4.7213913e-19,-0.00039127163,0.000386048,-2.18825e-16,-0.000450599,6.472956090897962e-05,11.393213931506299,4.438266308533927
PART-RIVERBANK-2,165,RiverBank/C3D8R,270.0,10.0,-10.0,-0.00031060894,-2.4332106e-05,-0.00057034084,-0.000316825,1.90034e-05,-0.000523173,6.435379252588952e-05,9.902240163784846,5.842317327682556
PART-RIVERBANK-2,210,RiverBank/C3D8R,270.0,-10.0,-10.0,-0.00031060894,2.4332106e-05,-0.00057034084,-0.000316825,-1.90034e-05,-0.000523173,6.435379252588952e-05,9.902240163784846,5.842317327682556
PART-RIVERBANK-1,175,RiverBank/C3D8R,-270.0,10.0,-10.0,0.00031060894,-2.4332106e-05,-0.00057034084,0.000316825,1.90034e-05,-0.000523173,6.435379252588952e-05,9.902240163784846,5.842317327682556
PART-RIVERBANK-1,220,RiverBank/C3D8R,-270.0,-10.0,-10.0,0.00031060894,2.4332106e-05,-0.00057034084,0.000316825,-1.90034e-05,-0.000523173,6.435379252588952e-05,9.902240163784846,5.842317327682556
PART-RIVERBANK-2,474,RiverBank/C3D8R,280.0,5.0,-10.0,-0.0002979473,8.095508e-06,-0.00054082123,-0.00030416,-1.07281e-05,-0.000479823,6.413820953659809e-05,10.386489224446137,7.985120609551685
PART-RIVERBANK-2,476,RiverBank/C3D8R,280.0,-5.0,-10.0,-0.0002979473,-8.095508e-06,-0.00054082123,-0.00030416,1.07281e-05,-0.000479823,6.413820953659809e-05,10.386489224446137,7.985120609551685
PART-RIVERBANK-1,444,RiverBank/C3D8R,-280.0,5.0,-10.0,0.0002979473,8.095508e-06,-0.00054082123,0.00030416,-1.07281e-05,-0.000479823,6.413820953659809e-05,10.386489224446137,7.985120609551685
PART-RIVERBANK-1,446,RiverBank/C3D8R,-280.0,-5.0,-10.0,0.0002979473,-8.095508e-06,-0.00054082123,0.00030416,1.07281e-05,-0.000479823,6.413820953659809e-05,10.386489224446137,7.985120609551685
PART-RIVERBANK-2,189,RiverBank/C3D8R,295.0,10.0,-15.0,-0.00020451036,7.169837e-06,-0.00040586983,-0.000195834,1.75336e-05,-0.000343754,6.356935694938772e-05,13.985439851124633,12.876316249966235
PART-RIVERBANK-2,234,RiverBank/C3D8R,295.0,-10.0,-15.0,-0.00020451036,-7.169837e-06,-0.00040586983,-0.000195834,-1.75336e-05,-0.000343754,6.356935694938772e-05,13.985439851124633,12.876316249966235
PART-RIVERBANK-1,149,RiverBank/C3D8R,-295.0,10.0,-15.0,0.00020451036,7.169837e-06,-0.00040586983,0.000195834,1.75336e-05,-0.000343754,6.356935694938772e-05,13.985439851124633,12.876316249966235
PART-RIVERBANK-1,194,RiverBank/C3D8R,-295.0,-10.0,-15.0,0.00020451036,-7.169837e-06,-0.00040586983,0.000195834,-1.75336e-05,-0.000343754,6.356935694938772e-05,13.985439851124633,12.876316249966235
PART-RIVERBANK-2,441,RiverBank/C3D8R,270.0,5.0,-15.0,-0.00026951646,-7.1243085e-06,-0.00047595316,-0.000286238,1.75844e-05,-0.000420037,6.337781255972134e-05,11.586199476826204,7.022284033270646
PART-RIVERBANK-2,443,RiverBank/C3D8R,270.0,-5.0,-15.0,-0.00026951646,7.1243085e-06,-0.00047595316,-0.000286238,-1.75844e-05,-0.000420037,6.337781255972134e-05,11.586199476826204,7.022284033270646
PART-RIVERBANK-1,471,RiverBank/C3D8R,-270.0,5.0,-15.0,0.00026951646,-7.1243085e-06,-0.00047595316,0.000286238,1.75844e-05,-0.000420037,6.337781255972134e-05,11.586199476826204,7.022284033270646
PART-RIVERBANK-1,473,RiverBank/C3D8R,-270.0,-5.0,-15.0,0.00026951646,7.1243085e-06,-0.00047595316,0.000286238,-1.75844e-05,-0.000420037,6.337781255972134e-05,11.586199476826204,7.022284033270646
PART-RIVERBANK-2,504,RiverBank/C3D8R,290.0,5.0,-10.0,-0.00026892003,9.29193e-06,-0.0004624445,-0.000278634,-7.97968e-07,-0.000402274,6.177909294463061e-05,11.546803417826272,8.538468546736418
PART-RIVERBANK-2,506,RiverBank/C3D8R,290.0,-5.0,-10.0,-0.00026892003,-9.29193e-06,-0.0004624445,-0.000278634,7.97968e-07,-0.000402274,6.177909294463061e-05,11.546803417826272,8.538468546736418
PART-RIVERBANK-1,414,RiverBank/C3D8R,-290.0,5.0,-10.0,0.00026892003,9.29193e-06,-0.0004624445,0.000278634,-7.97968e-07,-0.000402274,6.177909294463061e-05,11.546803417826272,8.538468546736418
PART-RIVERBANK-1,416,RiverBank/C3D8R,-290.0,-5.0,-10.0,0.00026892003,-9.29193e-06,-0.0004624445,0.000278634,7.97968e-07,-0.000402274,6.177909294463061e-05,11.546803417826272,8.538468546736418
PART-RIVERBANK-2,426,RiverBank/C3D8R,265.0,5.0,-15.0,-0.00025784987,3.2246804e-05,-0.0006370147,-0.000228705,-1.13457e-06,-0.000594548,6.137719597973483e-05,8.921385466997302,7.40695079043263
PART-RIVERBANK-2,428,RiverBank/C3D8R,265.0,-5.0,-15.0,-0.00025784987,-3.2246804e-05,-0.0006370147,-0.000228705,1.13457e-06,-0.000594548,6.137719597973483e-05,8.921385466997302,7.40695079043263
PART-RIVERBANK-1,486,RiverBank/C3D8R,-265.0,5.0,-15.0,0.00025784987,3.2246804e-05,-0.0006370147,0.000228705,-1.13457e-06,-0.000594548,6.137719597973483e-05,8.921385466997302,7.40695079043263
PART-RIVERBANK-1,488,RiverBank/C3D8R,-265.0,-5.0,-15.0,0.00025784987,-3.2246804e-05,-0.0006370147,0.000228705,1.13457e-06,-0.000594548,6.137719597973483e-05,8.921385466997302,7.40695079043263
PART-RIVERBANK-2,517,RiverBank/C3D8R,295.0,0.0,-15.0,-0.00019556032,-3.8238595e-18,-0.00037816362,-0.000186465,1.0626e-17,-0.000318563,6.0290619090259804e-05,14.16148719974858,13.297844179225434
PART-RIVERBANK-1,397,RiverBank/C3D8R,-295.0,0.0,-15.0,0.00019556032,-1.791994e-18,-0.00037816362,0.000186465,-1.25776e-17,-0.000318563,6.0290619090259804e-05,14.16148719974858,13.297844179225434
PART-RIVERBANK-2,170,RiverBank/C3D8R,275.0,10.0,-10.0,-0.00034530976,2.9415478e-05,-0.00048719195,-0.00034269,-1.3752e-05,-0.000445418,6.012784045631927e-05,10.056846506428151,5.9745569550507565
PART-RIVERBANK-2,215,RiverBank/C3D8R,275.0,-10.0,-10.0,-0.00034530976,-2.9415478e-05,-0.00048719195,-0.00034269,1.3752e-05,-0.000445418,6.012784045631927e-05,10.056846506428151,5.9745569550507565
PART-RIVERBANK-1,170,RiverBank/C3D8R,-275.0,10.0,-10.0,0.00034530976,2.9415478e-05,-0.00048719195,0.00034269,-1.3752e-05,-0.000445418,6.012784045631927e-05,10.056846506428151,5.9745569550507565
PART-RIVERBANK-1,215,RiverBank/C3D8R,-275.0,-10.0,-10.0,0.00034530976,-2.9415478e-05,-0.00048719195,0.00034269,1.3752e-05,-0.000445418,6.012784045631927e-05,10.056846506428151,5.9745569550507565
PART-RIVERBANK-2,156,RiverBank/C3D8R,260.0,10.0,-5.0,-0.00048218793,6.28307e-05,-0.0006054423,-0.000426059,4.89068e-05,-0.000590026,5.984976257133271e-05,7.7072419932476155,6.068272720884189
PART-RIVERBANK-2,201,RiverBank/C3D8R,260.0,-10.0,-5.0,-0.00048218793,-6.28307e-05,-0.0006054423,-0.000426059,-4.89068e-05,-0.000590026,5.984976257133271e-05,7.7072419932476155,6.068272720884189
PART-RIVERBANK-1,186,RiverBank/C3D8R,-260.0,10.0,-5.0,0.00048218793,6.28307e-05,-0.0006054423,0.000426059,4.89068e-05,-0.000590026,5.984976257133271e-05,7.7072419932476155,6.068272720884189
PART-RIVERBANK-1,231,RiverBank/C3D8R,-260.0,-10.0,-5.0,0.00048218793,-6.28307e-05,-0.0006054423,0.000426059,-4.89068e-05,-0.000590026,5.984976257133271e-05,7.7072419932476155,6.068272720884189
PART-RIVERBANK-2,588,RiverBank/C3D8R,290.0,-5.0,-35.0,4.4247136e-05,2.441201e-05,-0.000194497,8.01318e-06,-2.03915e-06,-0.000155811,5.923824802233381e-05,29.47839173307079,22.355559193328556
PART-RIVERBANK-2,590,RiverBank/C3D8R,290.0,5.0,-35.0,4.4247136e-05,-2.441201e-05,-0.000194497,8.01318e-06,2.03915e-06,-0.000155811,5.923824802233381e-05,29.47839173307079,22.355559193328556
PART-RIVERBANK-1,534,RiverBank/C3D8R,-290.0,-5.0,-35.0,-4.4247136e-05,2.441201e-05,-0.000194497,-8.01318e-06,-2.03915e-06,-0.000155811,5.923824802233381e-05,29.47839173307079,22.355559193328556
PART-RIVERBANK-1,536,RiverBank/C3D8R,-290.0,5.0,-35.0,-4.4247136e-05,-2.441201e-05,-0.000194497,-8.01318e-06,2.03915e-06,-0.000155811,5.923824802233381e-05,29.47839173307079,22.355559193328556
PART-RIVERBANK-2,141,RiverBank/C3D8R,300.0,5.0,-10.0,-0.0002501858,1.0109294e-05,-0.00035962195,-0.000258992,2.9156e-06,-0.000301844,5.888624540593616e-05,13.438077755239208,9.234693773786521
PART-RIVERBANK-2,143,RiverBank/C3D8R,300.0,-5.0,-10.0,-0.0002501858,-1.0109294e-05,-0.00035962195,-0.000258992,-2.9156e-06,-0.000301844,5.888624540593616e-05,13.438077755239208,9.234693773786521
PART-RIVERBANK-1,126,RiverBank/C3D8R,-300.0,5.0,-10.0,0.0002501858,1.0109294e-05,-0.00035962195,0.000258992,2.9156e-06,-0.000301844,5.888624540593616e-05,13.438077755239208,9.234693773786521
PART-RIVERBANK-1,128,RiverBank/C3D8R,-300.0,-5.0,-10.0,0.0002501858,-1.0109294e-05,-0.00035962195,0.000258992,-2.9156e-06,-0.000301844,5.888624540593616e-05,13.438077755239208,9.234693773786521
PART-RIVERBANK-2,301,RiverBank/C3D8R,300.0,0.0,-35.0,-0.000112526475,2.1808255e-18,-0.00022742993,-5.39613e-05,4.02222e-17,-0.00022236,5.878421482834933e-05,23.166639516980446,9.825304622033276
PART-RIVERBANK-1,292,RiverBank/C3D8R,-300.0,0.0,-35.0,0.000112526475,-1.7923304e-18,-0.00022742993,5.39613e-05,5.52113e-17,-0.00022236,5.878421482834933e-05,23.166639516980446,9.825304622033276
PART-RIVERBANK-2,471,RiverBank/C3D8R,280.0,5.0,-15.0,-0.00023983013,-2.222622e-07,-0.00043236776,-0.000240663,1.13518e-05,-0.000375347,5.818951502825892e-05,11.769024322233717,9.791171234215735
PART-RIVERBANK-2,473,RiverBank/C3D8R,280.0,-5.0,-15.0,-0.00023983013,2.222622e-07,-0.00043236776,-0.000240663,-1.13518e-05,-0.000375347,5.818951502825892e-05,11.769024322233717,9.791171234215735
PART-RIVERBANK-1,441,RiverBank/C3D8R,-280.0,5.0,-15.0,0.00023983013,-2.222622e-07,-0.00043236776,0.000240663,1.13518e-05,-0.000375347,5.818951502825892e-05,11.769024322233717,9.791171234215735
PART-RIVERBANK-1,443,RiverBank/C3D8R,-280.0,-5.0,-15.0,0.00023983013,2.222622e-07,-0.00043236776,0.000240663,-1.13518e-05,-0.000375347,5.818951502825892e-05,11.769024322233717,9.791171234215735
PART-RIVERBANK-2,171,RiverBank/C3D8R,275.0,10.0,-5.0,-0.0003661575,-3.936641e-05,-0.00058340095,-0.000352651,1.35494e-05,-0.000563842,5.80091459625859e-05,8.408202639215498,3.584751460605019
PART-RIVERBANK-2,216,RiverBank/C3D8R,275.0,-10.0,-5.0,-0.0003661575,3.936641e-05,-0.00058340095,-0.000352651,-1.35494e-05,-0.000563842,5.80091459625859e-05,8.408202639215498,3.584751460605019
PART-RIVERBANK-1,171,RiverBank/C3D8R,-275.0,10.0,-5.0,0.0003661575,-3.936641e-05,-0.00058340095,0.000352651,1.35494e-05,-0.000563842,5.80091459625859e-05,8.408202639215498,3.584751460605019
PART-RIVERBANK-1,216,RiverBank/C3D8R,-275.0,-10.0,-5.0,0.0003661575,3.936641e-05,-0.00058340095,0.000352651,-1.35494e-05,-0.000563842,5.80091459625859e-05,8.408202639215498,3.584751460605019
PART-RIVERBANK-2,175,RiverBank/C3D8R,280.0,10.0,-10.0,-0.00028895683,-7.793752e-06,-0.00052282173,-0.000284386,2.71971e-05,-0.000477304,5.759440905962753e-05,9.64067507764255,6.886796882145418
PART-RIVERBANK-2,220,RiverBank/C3D8R,280.0,-10.0,-10.0,-0.00028895683,7.793752e-06,-0.00052282173,-0.000284386,-2.71971e-05,-0.000477304,5.759440905962753e-05,9.64067507764255,6.886796882145418
PART-RIVERBANK-1,165,RiverBank/C3D8R,-280.0,10.0,-10.0,0.00028895683,-7.793752e-06,-0.00052282173,0.000284386,2.71971e-05,-0.000477304,5.759440905962753e-05,9.64067507764255,6.886796882145418
PART-RIVERBANK-1,210,RiverBank/C3D8R,-280.0,-10.0,-10.0,0.00028895683,7.793752e-06,-0.00052282173,0.000284386,-2.71971e-05,-0.000477304,5.759440905962753e-05,9.64067507764255,6.886796882145418
PART-RIVERBANK-2,510,RiverBank/C3D8R,295.0,5.0,-25.0,-0.00015308765,4.3669832e-05,-0.00036537403,-0.00010609,1.23287e-05,-0.000374677,5.725024813382755e-05,14.36468076138956,2.2447481337554276
PART-RIVERBANK-2,512,RiverBank/C3D8R,295.0,-5.0,-25.0,-0.00015308765,-4.3669832e-05,-0.00036537403,-0.00010609,-1.23287e-05,-0.000374677,5.725024813382755e-05,14.36468076138956,2.2447481337554276
PART-RIVERBANK-1,390,RiverBank/C3D8R,-295.0,5.0,-25.0,0.00015308765,4.3669832e-05,-0.00036537403,0.00010609,1.23287e-05,-0.000374677,5.725024813382755e-05,14.36468076138956,2.2447481337554276
PART-RIVERBANK-1,392,RiverBank/C3D8R,-295.0,-5.0,-25.0,0.00015308765,-4.3669832e-05,-0.00036537403,0.00010609,-1.23287e-05,-0.000374677,5.725024813382755e-05,14.36468076138956,2.2447481337554276
PART-RIVERBANK-2,531,RiverBank/C3D8R,255.0,-5.0,-45.0,3.4220234e-06,-3.402642e-05,-0.00013021138,-3.7423e-05,-5.10828e-06,-0.000102495,5.7208150450006225e-05,42.4937206258367,18.862832498278845
PART-RIVERBANK-2,533,RiverBank/C3D8R,255.0,5.0,-45.0,3.4220234e-06,3.402642e-05,-0.00013021138,-3.7423e-05,5.10828e-06,-0.000102495,5.7208150450006225e-05,42.4937206258367,18.862832498278845
PART-RIVERBANK-1,603,RiverBank/C3D8R,-255.0,-5.0,-45.0,-3.4220234e-06,-3.402642e-05,-0.00013021138,3.7423e-05,-5.10828e-06,-0.000102495,5.7208150450006225e-05,42.4937206258367,18.862832498278845
PART-RIVERBANK-1,605,RiverBank/C3D8R,-255.0,5.0,-45.0,-3.4220234e-06,3.402642e-05,-0.00013021138,3.7423e-05,5.10828e-06,-0.000102495,5.7208150450006225e-05,42.4937206258367,18.862832498278845
PART-RIVERBANK-2,418,RiverBank/C3D8R,260.0,0.0,-5.0,-0.00032082046,-2.3667914e-17,-0.0006753493,-0.00028239,-3.61102e-16,-0.00063451,5.6078058813600156e-05,7.500295068362233,7.11080656886975
PART-RIVERBANK-1,508,RiverBank/C3D8R,-260.0,0.0,-5.0,0.00032082046,6.4995944e-18,-0.0006753493,0.00028239,-6.13338e-16,-0.00063451,5.6078058813600156e-05,7.500295068362233,7.11080656886975
PART-RIVERBANK-2,430,RiverBank/C3D8R,265.0,0.0,-10.0,-0.00026575133,-1.8458621e-17,-0.0006219172,-0.000255004,-2.56365e-16,-0.000567169,5.579310446075665e-05,8.249548519314352,8.052257282947535
PART-RIVERBANK-1,490,RiverBank/C3D8R,-265.0,0.0,-10.0,0.00026575133,3.410306e-18,-0.0006219172,0.000255004,-4.44936e-16,-0.000567169,5.579310446075665e-05,8.249548519314352,8.052257282947535
PART-RIVERBANK-2,427,RiverBank/C3D8R,265.0,0.0,-15.0,-0.00038205914,-1.88072e-17,-0.0005400119,-0.0003966,-2.00045e-16,-0.000487114,5.486004405712415e-05,8.293281528174994,5.041647136343315
PART-RIVERBANK-1,487,RiverBank/C3D8R,-265.0,0.0,-15.0,0.00038205914,3.6726228e-18,-0.0005400119,0.0003966,-3.68337e-16,-0.000487114,5.486004405712415e-05,8.293281528174994,5.041647136343315
PART-RIVERBANK-2,180,RiverBank/C3D8R,285.0,10.0,-10.0,-0.00029942603,2.3236287e-05,-0.0004201146,-0.000304153,-8.19855e-06,-0.000376738,5.3777529230687706e-05,10.413476206156814,6.2279272762756435
PART-RIVERBANK-2,225,RiverBank/C3D8R,285.0,-10.0,-10.0,-0.00029942603,-2.3236287e-05,-0.0004201146,-0.000304153,8.19855e-06,-0.000376738,5.3777529230687706e-05,10.413476206156814,6.2279272762756435
PART-RIVERBANK-1,160,RiverBank/C3D8R,-285.0,10.0,-10.0,0.00029942603,2.3236287e-05,-0.0004201146,0.000304153,-8.19855e-06,-0.000376738,5.3777529230687706e-05,10.413476206156814,6.2279272762756435
PART-RIVERBANK-1,205,RiverBank/C3D8R,-285.0,-10.0,-10.0,0.00029942603,-2.3236287e-05,-0.0004201146,0.000304153,8.19855e-06,-0.000376738,5.3777529230687706e-05,10.413476206156814,6.2279272762756435
PART-RIVERBANK-2,570,RiverBank/C3D8R,280.0,-5.0,-35.0,-5.3883035e-05,2.6154063e-05,-0.00021867183,-5.38061e-05,-1.47306e-05,-0.000183917,5.366059816985545e-05,23.667573420897803,15.23193576288595
PART-RIVERBANK-2,572,RiverBank/C3D8R,280.0,5.0,-35.0,-5.3883035e-05,-2.6154063e-05,-0.00021867183,-5.38061e-05,1.47306e-05,-0.000183917,5.366059816985545e-05,23.667573420897803,15.23193576288595
PART-RIVERBANK-1,552,RiverBank/C3D8R,-280.0,-5.0,-35.0,5.3883035e-05,2.6154063e-05,-0.00021867183,5.38061e-05,-1.47306e-05,-0.000183917,5.366059816985545e-05,23.667573420897803,15.23193576288595
PART-RIVERBANK-1,554,RiverBank/C3D8R,-280.0,5.0,-35.0,5.3883035e-05,-2.6154063e-05,-0.00021867183,5.38061e-05,1.47306e-05,-0.000183917,5.366059816985545e-05,23.667573420897803,15.23193576288595
PART-RIVERBANK-2,429,RiverBank/C3D8R,265.0,5.0,-10.0,-0.00037440608,-8.073825e-06,-0.0005464228,-0.000387503,2.96918e-05,-0.000512476,5.244193908854846e-05,7.916515431693114,2.9080342648197544
PART-RIVERBANK-2,431,RiverBank/C3D8R,265.0,-5.0,-10.0,-0.00037440608,8.073825e-06,-0.0005464228,-0.000387503,-2.96918e-05,-0.000512476,5.244193908854846e-05,7.916515431693114,2.9080342648197544
PART-RIVERBANK-1,489,RiverBank/C3D8R,-265.0,5.0,-10.0,0.00037440608,-8.073825e-06,-0.0005464228,0.000387503,2.96918e-05,-0.000512476,5.244193908854846e-05,7.916515431693114,2.9080342648197544
PART-RIVERBANK-1,491,RiverBank/C3D8R,-265.0,-5.0,-10.0,0.00037440608,8.073825e-06,-0.0005464228,0.000387503,-2.96918e-05,-0.000512476,5.244193908854846e-05,7.916515431693114,2.9080342648197544
PART-RIVERBANK-2,155,RiverBank/C3D8R,260.0,10.0,-10.0,-0.00038937645,-7.51214e-05,-0.0006205553,-0.000422863,-5.79901e-05,-0.000584924,5.181138880866343e-05,7.035370331933518,1.6766537482365558
PART-RIVERBANK-2,200,RiverBank/C3D8R,260.0,-10.0,-10.0,-0.00038937645,7.51214e-05,-0.0006205553,-0.000422863,5.79901e-05,-0.000584924,5.181138880866343e-05,7.035370331933518,1.6766537482365558
PART-RIVERBANK-1,185,RiverBank/C3D8R,-260.0,10.0,-10.0,0.00038937645,-7.51214e-05,-0.0006205553,0.000422863,-5.79901e-05,-0.000584924,5.181138880866343e-05,7.035370331933518,1.6766537482365558
PART-RIVERBANK-1,230,RiverBank/C3D8R,-260.0,-10.0,-10.0,0.00038937645,7.51214e-05,-0.0006205553,0.000422863,5.79901e-05,-0.000584924,5.181138880866343e-05,7.035370331933518,1.6766537482365558
PART-RIVERBANK-2,53,RiverBank/C3D8R,295.0,10.0,0.0,-0.0004036614,1.436023e-05,-0.00031797102,-0.000388387,-3.94385e-06,-0.000363706,5.157552748743148e-05,10.033042163941952,3.5121097887183836
PART-RIVERBANK-2,63,RiverBank/C3D8R,295.0,-10.0,0.0,-0.0004036614,-1.436023e-05,-0.00031797102,-0.000388387,3.94385e-06,-0.000363706,5.157552748743148e-05,10.033042163941952,3.5121097887183836
PART-RIVERBANK-1,45,RiverBank/C3D8R,-295.0,10.0,0.0,0.0004036614,1.436023e-05,-0.00031797102,0.000388387,-3.94385e-06,-0.000363706,5.157552748743148e-05,10.033042163941952,3.5121097887183836
PART-RIVERBANK-1,71,RiverBank/C3D8R,-295.0,-10.0,0.0,0.0004036614,-1.436023e-05,-0.00031797102,0.000388387,3.94385e-06,-0.000363706,5.157552748743148e-05,10.033042163941952,3.5121097887183836
PART-RIVERBANK-2,501,RiverBank/C3D8R,290.0,5.0,-15.0,-0.00022436077,2.542826e-06,-0.00037922218,-0.000215439,6.32004e-06,-0.000328673,5.146926193571362e-05,11.680868210501037,10.800360707838129
PART-RIVERBANK-2,503,RiverBank/C3D8R,290.0,-5.0,-15.0,-0.00022436077,-2.542826e-06,-0.00037922218,-0.000215439,-6.32004e-06,-0.000328673,5.146926193571362e-05,11.680868210501037,10.800360707838129
PART-RIVERBANK-1,411,RiverBank/C3D8R,-290.0,5.0,-15.0,0.00022436077,2.542826e-06,-0.00037922218,0.000215439,6.32004e-06,-0.000328673,5.146926193571362e-05,11.680868210501037,10.800360707838129
PART-RIVERBANK-1,413,RiverBank/C3D8R,-290.0,-5.0,-15.0,0.00022436077,-2.542826e-06,-0.00037922218,0.000215439,-6.32004e-06,-0.000328673,5.146926193571362e-05,11.680868210501037,10.800360707838129
PART-RIVERBANK-2,164,RiverBank/C3D8R,270.0,10.0,-15.0,-0.00028166085,4.468454e-05,-0.00054197724,-0.000258445,5.49528e-06,-0.00052012,5.052239830993479e-05,8.249515591953745,5.1616272355304975
PART-RIVERBANK-2,209,RiverBank/C3D8R,270.0,-10.0,-15.0,-0.00028166085,-4.468454e-05,-0.00054197724,-0.000258445,-5.49528e-06,-0.00052012,5.052239830993479e-05,8.249515591953745,5.1616272355304975
PART-RIVERBANK-1,174,RiverBank/C3D8R,-270.0,10.0,-15.0,0.00028166085,4.468454e-05,-0.00054197724,0.000258445,5.49528e-06,-0.00052012,5.052239830993479e-05,8.249515591953745,5.1616272355304975
PART-RIVERBANK-1,219,RiverBank/C3D8R,-270.0,-10.0,-15.0,0.00028166085,-4.468454e-05,-0.00054197724,0.000258445,-5.49528e-06,-0.00052012,5.052239830993479e-05,8.249515591953745,5.1616272355304975
PART-RIVERBANK-2,185,RiverBank/C3D8R,290.0,10.0,-10.0,-0.00027431588,-1.396848e-06,-0.00045933438,-0.000269661,2.21287e-05,-0.000415499,4.9966587398571694e-05,9.33931695961888,7.324031271332941
PART-RIVERBANK-2,230,RiverBank/C3D8R,290.0,-10.0,-10.0,-0.00027431588,1.396848e-06,-0.00045933438,-0.000269661,-2.21287e-05,-0.000415499,4.9966587398571694e-05,9.33931695961888,7.324031271332941
PART-RIVERBANK-1,155,RiverBank/C3D8R,-290.0,10.0,-10.0,0.00027431588,-1.396848e-06,-0.00045933438,0.000269661,2.21287e-05,-0.000415499,4.9966587398571694e-05,9.33931695961888,7.324031271332941
PART-RIVERBANK-1,200,RiverBank/C3D8R,-290.0,-10.0,-10.0,0.00027431588,1.396848e-06,-0.00045933438,0.000269661,-2.21287e-05,-0.000415499,4.9966587398571694e-05,9.33931695961888,7.324031271332941
PART-RIVERBANK-2,460,RiverBank/C3D8R,275.0,0.0,-10.0,-0.00029897862,-1.3659136e-17,-0.00051677885,-0.000304105,-1.52581e-16,-0.000468474,4.857610838083786e-05,8.136249638218695,6.45028516898086
PART-RIVERBANK-1,460,RiverBank/C3D8R,-275.0,0.0,-10.0,0.00029897862,1.1872477e-18,-0.00051677885,0.000304105,-2.83236e-16,-0.000468474,4.857610838083786e-05,8.136249638218695,6.45028516898086
PART-RIVERBANK-2,190,RiverBank/C3D8R,295.0,10.0,-10.0,-0.00027593147,2.2044582e-05,-0.00033964866,-0.000282324,-4.83715e-07,-0.000297242,4.844288820742117e-05,11.055947839662887,6.438326909777224
PART-RIVERBANK-2,235,RiverBank/C3D8R,295.0,-10.0,-10.0,-0.00027593147,-2.2044582e-05,-0.00033964866,-0.000282324,4.83715e-07,-0.000297242,4.844288820742117e-05,11.055947839662887,6.438326909777224
PART-RIVERBANK-1,150,RiverBank/C3D8R,-295.0,10.0,-10.0,0.00027593147,2.2044582e-05,-0.00033964866,0.000282324,-4.83715e-07,-0.000297242,4.844288820742117e-05,11.055947839662887,6.438326909777224
PART-RIVERBANK-1,195,RiverBank/C3D8R,-295.0,-10.0,-10.0,0.00027593147,-2.2044582e-05,-0.00033964866,0.000282324,4.83715e-07,-0.000297242,4.844288820742117e-05,11.055947839662887,6.438326909777224
PART-RIVERBANK-2,490,RiverBank/C3D8R,285.0,0.0,-10.0,-0.00029043836,-9.185639e-18,-0.00044753466,-0.000297424,-7.13659e-17,-0.000400178,4.786911752440397e-05,8.972348815426463,6.544617612702948
PART-RIVERBANK-1,430,RiverBank/C3D8R,-285.0,0.0,-10.0,0.00029043836,-9.575349e-19,-0.00044753466,0.000297424,-1.54724e-16,-0.000400178,4.786911752440397e-05,8.972348815426463,6.544617612702948
PART-RIVERBANK-2,289,RiverBank/C3D8R,295.0,0.0,0.0,-0.00041168547,-1.0044906e-17,-0.00032234794,-0.000396826,-4.26227e-18,-0.000367289,4.7333948943696864e-05,9.052717060698964,3.4127674210553822
PART-RIVERBANK-1,265,RiverBank/C3D8R,-295.0,0.0,0.0,0.00041168547,-1.836536e-18,-0.00032234794,0.000396826,-8.94261e-17,-0.000367289,4.7333948943696864e-05,9.052717060698964,3.4127674210553822
PART-RIVERBANK-2,314,RiverBank/C3D8R,260.0,-10.0,-45.0,-2.0878857e-05,-0.00012777247,-0.00011467959,-1.97847e-05,-8.29996e-05,-9.94962e-05,4.7289982020187425e-05,27.3424957625927,24.2157709084569
PART-RIVERBANK-2,341,RiverBank/C3D8R,260.0,10.0,-45.0,-2.0878857e-05,0.00012777247,-0.00011467959,-1.97847e-05,8.29996e-05,-9.94962e-05,4.7289982020187425e-05,27.3424957625927,24.2157709084569
PART-RIVERBANK-1,332,RiverBank/C3D8R,-260.0,-10.0,-45.0,2.0878857e-05,-0.00012777247,-0.00011467959,1.97847e-05,-8.29996e-05,-9.94962e-05,4.7289982020187425e-05,27.3424957625927,24.2157709084569
PART-RIVERBANK-1,359,RiverBank/C3D8R,-260.0,10.0,-45.0,2.0878857e-05,0.00012777247,-0.00011467959,1.97847e-05,8.29996e-05,-9.94962e-05,4.7289982020187425e-05,27.3424957625927,24.2157709084569
PART-RIVERBANK-2,580,RiverBank/C3D8R,285.0,0.0,-35.0,-6.3809134e-06,-4.425705e-19,-0.00020603777,-2.66665e-05,-1.19194e-17,-0.000163393,4.722373801446681e-05,22.90895874313406,19.686855444526216
PART-RIVERBANK-1,544,RiverBank/C3D8R,-285.0,0.0,-35.0,6.3809134e-06,-9.224207e-20,-0.00020603777,2.66665e-05,-1.01055e-17,-0.000163393,4.722373801446681e-05,22.90895874313406,19.686855444526216
PART-RIVERBANK-2,532,RiverBank/C3D8R,255.0,0.0,-45.0,-0.0001222762,-2.005329e-18,-8.239167e-05,-7.62265e-05,-1.73972e-17,-9.21561e-05,4.7073548446180474e-05,31.92630084916866,18.887335822979708
PART-RIVERBANK-1,604,RiverBank/C3D8R,-255.0,0.0,-45.0,0.0001222762,1.3641061e-20,-8.239167e-05,7.62265e-05,-3.45954e-17,-9.21561e-05,4.7073548446180474e-05,31.92630084916866,18.887335822979708
PART-RIVERBANK-2,562,RiverBank/C3D8R,275.0,0.0,-35.0,-0.00012471034,-1.2388767e-18,-0.00021538806,-9.71469e-05,-4.46988e-17,-0.000177589,4.6781536545064446e-05,18.796303839818723,18.668378115690825
PART-RIVERBANK-1,562,RiverBank/C3D8R,-275.0,0.0,-35.0,0.00012471034,6.025407e-19,-0.00021538806,9.71469e-05,-4.90678e-17,-0.000177589,4.6781536545064446e-05,18.796303839818723,18.668378115690825
PART-RIVERBANK-2,138,RiverBank/C3D8R,300.0,5.0,-15.0,-0.00021840737,3.0690198e-06,-0.00028136955,-0.000204419,4.47866e-06,-0.000237101,4.644745525701978e-05,13.039631028819956,12.10387212520359
PART-RIVERBANK-2,140,RiverBank/C3D8R,300.0,-5.0,-15.0,-0.00021840737,-3.0690198e-06,-0.00028136955,-0.000204419,-4.47866e-06,-0.000237101,4.644745525701978e-05,13.039631028819956,12.10387212520359
PART-RIVERBANK-1,123,RiverBank/C3D8R,-300.0,5.0,-15.0,0.00021840737,3.0690198e-06,-0.00028136955,0.000204419,4.47866e-06,-0.000237101,4.644745525701978e-05,13.039631028819956,12.10387212520359
PART-RIVERBANK-1,125,RiverBank/C3D8R,-300.0,-5.0,-15.0,0.00021840737,-3.0690198e-06,-0.00028136955,0.000204419,-4.47866e-06,-0.000237101,4.644745525701978e-05,13.039631028819956,12.10387212520359
PART-RIVERBANK-2,181,RiverBank/C3D8R,285.0,10.0,-5.0,-0.00034270654,-2.5702839e-05,-0.0005079303,-0.000332689,1.76959e-05,-0.000494816,4.643044818792641e-05,7.5709484036222445,2.7311981185775367
PART-RIVERBANK-2,226,RiverBank/C3D8R,285.0,-10.0,-5.0,-0.00034270654,2.5702839e-05,-0.0005079303,-0.000332689,-1.76959e-05,-0.000494816,4.643044818792641e-05,7.5709484036222445,2.7311981185775367
PART-RIVERBANK-1,161,RiverBank/C3D8R,-285.0,10.0,-5.0,0.00034270654,-2.5702839e-05,-0.0005079303,0.000332689,1.76959e-05,-0.000494816,4.643044818792641e-05,7.5709484036222445,2.7311981185775367
PART-RIVERBANK-1,206,RiverBank/C3D8R,-285.0,-10.0,-5.0,0.00034270654,2.5702839e-05,-0.0005079303,0.000332689,-1.76959e-05,-0.000494816,4.643044818792641e-05,7.5709484036222445,2.7311981185775367
PART-RIVERBANK-2,399,RiverBank/C3D8R,255.0,5.0,-10.0,-0.0003637632,-4.996119e-05,-0.0007015017,-0.000377356,-7.7844e-06,-0.000715289,4.640835558209428e-05,5.861227602572546,2.1441077560867208
PART-RIVERBANK-2,401,RiverBank/C3D8R,255.0,-5.0,-10.0,-0.0003637632,4.996119e-05,-0.0007015017,-0.000377356,7.7844e-06,-0.000715289,4.640835558209428e-05,5.861227602572546,2.1441077560867208
PART-RIVERBANK-1,519,RiverBank/C3D8R,-255.0,5.0,-10.0,0.0003637632,-4.996119e-05,-0.0007015017,0.000377356,-7.7844e-06,-0.000715289,4.640835558209428e-05,5.861227602572546,2.1441077560867208
PART-RIVERBANK-1,521,RiverBank/C3D8R,-255.0,-5.0,-10.0,0.0003637632,4.996119e-05,-0.0007015017,0.000377356,7.7844e-06,-0.000715289,4.640835558209428e-05,5.861227602572546,2.1441077560867208
PART-RIVERBANK-2,597,RiverBank/C3D8R,295.0,-5.0,-35.0,-7.9225305e-05,-5.5916356e-05,-0.00021772237,-4.22227e-05,-2.89267e-05,-0.000214,4.595095587908114e-05,19.279520523841228,7.680395350208687
PART-RIVERBANK-2,599,RiverBank/C3D8R,295.0,5.0,-35.0,-7.9225305e-05,5.5916356e-05,-0.00021772237,-4.22227e-05,2.89267e-05,-0.000214,4.595095587908114e-05,19.279520523841228,7.680395350208687
PART-RIVERBANK-1,525,RiverBank/C3D8R,-295.0,-5.0,-35.0,7.9225305e-05,-5.5916356e-05,-0.00021772237,4.22227e-05,-2.89267e-05,-0.000214,4.595095587908114e-05,19.279520523841228,7.680395350208687
PART-RIVERBANK-1,527,RiverBank/C3D8R,-295.0,5.0,-35.0,7.9225305e-05,5.5916356e-05,-0.00021772237,4.22227e-05,2.89267e-05,-0.000214,4.595095587908114e-05,19.279520523841228,7.680395350208687
PART-RIVERBANK-2,520,RiverBank/C3D8R,295.0,0.0,-10.0,-0.00028502598,-4.780464e-18,-0.00036404523,-0.000291734,-1.88041e-19,-0.000318639,4.589905505708479e-05,9.92731144869516,6.560667100717546
PART-RIVERBANK-1,400,RiverBank/C3D8R,-295.0,0.0,-10.0,0.00028502598,-3.0408915e-18,-0.00036404523,0.000291734,-4.17181e-17,-0.000318639,4.589905505708479e-05,9.92731144869516,6.560667100717546
PART-RIVERBANK-2,319,RiverBank/C3D8R,270.0,-10.0,-40.0,-3.4915087e-05,-1.3661637e-05,-0.00024314804,-5.47504e-05,-4.26962e-05,-0.000214372,4.543683493037932e-05,18.46862955187079,8.40842529437365
PART-RIVERBANK-2,346,RiverBank/C3D8R,270.0,10.0,-40.0,-3.4915087e-05,1.3661637e-05,-0.00024314804,-5.47504e-05,4.26962e-05,-0.000214372,4.543683493037932e-05,18.46862955187079,8.40842529437365
PART-RIVERBANK-1,325,RiverBank/C3D8R,-270.0,-10.0,-40.0,3.4915087e-05,-1.3661637e-05,-0.00024314804,5.47504e-05,-4.26962e-05,-0.000214372,4.543683493037932e-05,18.46862955187079,8.40842529437365
PART-RIVERBANK-1,352,RiverBank/C3D8R,-270.0,10.0,-40.0,3.4915087e-05,1.3661637e-05,-0.00024314804,5.47504e-05,4.26962e-05,-0.000214372,4.543683493037932e-05,18.46862955187079,8.40842529437365
PART-RIVERBANK-2,33,RiverBank/C3D8R,300.0,-10.0,-10.0,-0.00026182845,-1.6870747e-06,-0.00035890308,-0.000262457,-2.01777e-05,-0.000318412,4.451770275580152e-05,10.020604707450877,7.007331891110545
PART-RIVERBANK-2,43,RiverBank/C3D8R,300.0,10.0,-10.0,-0.00026182845,1.6870747e-06,-0.00035890308,-0.000262457,2.01777e-05,-0.000318412,4.451770275580152e-05,10.020604707450877,7.007331891110545
PART-RIVERBANK-1,19,RiverBank/C3D8R,-300.0,-10.0,-10.0,0.00026182845,-1.6870747e-06,-0.00035890308,0.000262457,-2.01777e-05,-0.000318412,4.451770275580152e-05,10.020604707450877,7.007331891110545
PART-RIVERBANK-1,25,RiverBank/C3D8R,-300.0,10.0,-10.0,0.00026182845,1.6870747e-06,-0.00035890308,0.000262457,2.01777e-05,-0.000318412,4.451770275580152e-05,10.020604707450877,7.007331891110545
PART-RIVERBANK-2,459,RiverBank/C3D8R,275.0,5.0,-10.0,-0.0003249228,-4.810458e-06,-0.0004908104,-0.000318765,1.97599e-05,-0.000454862,4.3976226027800094e-05,7.470864150784963,5.580313764082505
PART-RIVERBANK-2,461,RiverBank/C3D8R,275.0,-5.0,-10.0,-0.0003249228,4.810458e-06,-0.0004908104,-0.000318765,-1.97599e-05,-0.000454862,4.3976226027800094e-05,7.470864150784963,5.580313764082505
PART-RIVERBANK-1,459,RiverBank/C3D8R,-275.0,5.0,-10.0,0.0003249228,-4.810458e-06,-0.0004908104,0.000318765,1.97599e-05,-0.000454862,4.3976226027800094e-05,7.470864150784963,5.580313764082505
PART-RIVERBANK-1,461,RiverBank/C3D8R,-275.0,-5.0,-10.0,0.0003249228,4.810458e-06,-0.0004908104,0.000318765,-1.97599e-05,-0.000454862,4.3976226027800094e-05,7.470864150784963,5.580313764082505
PART-RIVERBANK-2,411,RiverBank/C3D8R,260.0,5.0,-15.0,-0.0003215146,-1.745723e-05,-0.000570829,-0.000345371,1.9161e-05,-0.000566622,4.3905824651097274e-05,6.699298995576491,1.2938469927328318
PART-RIVERBANK-2,413,RiverBank/C3D8R,260.0,-5.0,-15.0,-0.0003215146,1.745723e-05,-0.000570829,-0.000345371,-1.9161e-05,-0.000566622,4.3905824651097274e-05,6.699298995576491,1.2938469927328318
PART-RIVERBANK-1,501,RiverBank/C3D8R,-260.0,5.0,-15.0,0.0003215146,-1.745723e-05,-0.000570829,0.000345371,1.9161e-05,-0.000566622,4.3905824651097274e-05,6.699298995576491,1.2938469927328318
PART-RIVERBANK-1,503,RiverBank/C3D8R,-260.0,-5.0,-15.0,0.0003215146,1.745723e-05,-0.000570829,0.000345371,-1.9161e-05,-0.000566622,4.3905824651097274e-05,6.699298995576491,1.2938469927328318
PART-RIVERBANK-2,303,RiverBank/C3D8R,300.0,-5.0,-40.0,3.103296e-05,-2.6634085e-05,-0.00014268898,-9.10995e-06,-3.05219e-05,-0.000127292,4.316984273613613e-05,29.08358542881519,11.599097857642185
PART-RIVERBANK-2,305,RiverBank/C3D8R,300.0,5.0,-40.0,3.103296e-05,2.6634085e-05,-0.00014268898,-9.10995e-06,3.05219e-05,-0.000127292,4.316984273613613e-05,29.08358542881519,11.599097857642185
PART-RIVERBANK-1,294,RiverBank/C3D8R,-300.0,-5.0,-40.0,-3.103296e-05,-2.6634085e-05,-0.00014268898,9.10995e-06,-3.05219e-05,-0.000127292,4.316984273613613e-05,29.08358542881519,11.599097857642185
PART-RIVERBANK-1,296,RiverBank/C3D8R,-300.0,5.0,-40.0,-3.103296e-05,2.6634085e-05,-0.00014268898,9.10995e-06,3.05219e-05,-0.000127292,4.316984273613613e-05,29.08358542881519,11.599097857642185
PART-RIVERBANK-2,480,RiverBank/C3D8R,285.0,5.0,-25.0,-0.00012011613,5.3162767e-05,-0.0004338293,-0.000107391,1.31227e-05,-0.000442645,4.2928457523784713e-05,9.470643759727523,0.5285314020148479
PART-RIVERBANK-2,482,RiverBank/C3D8R,285.0,-5.0,-25.0,-0.00012011613,-5.3162767e-05,-0.0004338293,-0.000107391,-1.31227e-05,-0.000442645,4.2928457523784713e-05,9.470643759727523,0.5285314020148479
PART-RIVERBANK-1,420,RiverBank/C3D8R,-285.0,5.0,-25.0,0.00012011613,5.3162767e-05,-0.0004338293,0.000107391,1.31227e-05,-0.000442645,4.2928457523784713e-05,9.470643759727523,0.5285314020148479
PART-RIVERBANK-1,422,RiverBank/C3D8R,-285.0,-5.0,-25.0,0.00012011613,-5.3162767e-05,-0.0004338293,0.000107391,-1.31227e-05,-0.000442645,4.2928457523784713e-05,9.470643759727523,0.5285314020148479
PART-RIVERBANK-2,475,RiverBank/C3D8R,280.0,0.0,-10.0,-0.0003100709,-1.2302895e-17,-0.00051120727,-0.000301282,-9.5569e-17,-0.000469307,4.281211731838189e-05,7.16049019213182,6.723951688680575
PART-RIVERBANK-1,445,RiverBank/C3D8R,-280.0,0.0,-10.0,0.0003100709,4.6637115e-19,-0.00051120727,0.000301282,-2.10052e-16,-0.000469307,4.281211731838189e-05,7.16049019213182,6.723951688680575
PART-RIVERBANK-2,168,RiverBank/C3D8R,275.0,10.0,-20.0,-0.00018556611,5.5959412e-05,-0.00045202862,-0.000170119,1.68089e-05,-0.000459427,4.273302965901955e-05,8.688588753966782,0.33125439124586536
PART-RIVERBANK-2,213,RiverBank/C3D8R,275.0,-10.0,-20.0,-0.00018556611,-5.5959412e-05,-0.00045202862,-0.000170119,-1.68089e-05,-0.000459427,4.273302965901955e-05,8.688588753966782,0.33125439124586536
PART-RIVERBANK-1,168,RiverBank/C3D8R,-275.0,10.0,-20.0,0.00018556611,5.5959412e-05,-0.00045202862,0.000170119,1.68089e-05,-0.000459427,4.273302965901955e-05,8.688588753966782,0.33125439124586536
PART-RIVERBANK-1,213,RiverBank/C3D8R,-275.0,-10.0,-20.0,0.00018556611,-5.5959412e-05,-0.00045202862,0.000170119,-1.68089e-05,-0.000459427,4.273302965901955e-05,8.688588753966782,0.33125439124586536
PART-RIVERBANK-2,505,RiverBank/C3D8R,290.0,0.0,-10.0,-0.00027177,-7.1866486e-18,-0.00044447777,-0.00026613,-2.85094e-17,-0.000402918,4.194072105308753e-05,8.050362429709883,7.314008672468292
PART-RIVERBANK-1,415,RiverBank/C3D8R,-290.0,0.0,-10.0,0.00027177,-8.744808e-19,-0.00044447777,0.00026613,-9.29331e-17,-0.000402918,4.194072105308753e-05,8.050362429709883,7.314008672468292
PART-RIVERBANK-2,447,RiverBank/C3D8R,270.0,5.0,-5.0,-0.00042021,-7.344266e-06,-0.0005162653,-0.000409054,3.12933e-05,-0.000509513,4.077881064590232e-05,6.125677933653136,1.7359231892287195
PART-RIVERBANK-2,449,RiverBank/C3D8R,270.0,-5.0,-5.0,-0.00042021,7.344266e-06,-0.0005162653,-0.000409054,-3.12933e-05,-0.000509513,4.077881064590232e-05,6.125677933653136,1.7359231892287195
PART-RIVERBANK-1,477,RiverBank/C3D8R,-270.0,5.0,-5.0,0.00042021,-7.344266e-06,-0.0005162653,0.000409054,3.12933e-05,-0.000509513,4.077881064590232e-05,6.125677933653136,1.7359231892287195
PART-RIVERBANK-1,479,RiverBank/C3D8R,-270.0,-5.0,-5.0,0.00042021,7.344266e-06,-0.0005162653,0.000409054,-3.12933e-05,-0.000509513,4.077881064590232e-05,6.125677933653136,1.7359231892287195
PART-RIVERBANK-2,445,RiverBank/C3D8R,270.0,0.0,-10.0,-0.00038688068,-1.8330619e-17,-0.00056662323,-0.000381015,-1.78904e-16,-0.000526326,4.072189764162884e-05,5.935237847361893,5.296755878002803
PART-RIVERBANK-1,475,RiverBank/C3D8R,-270.0,0.0,-10.0,0.00038688068,2.8250154e-18,-0.00056662323,0.000381015,-3.48805e-16,-0.000526326,4.072189764162884e-05,5.935237847361893,5.296755878002803
PART-RIVERBANK-2,438,RiverBank/C3D8R,270.0,5.0,-20.0,-0.0001751562,4.6674897e-05,-0.0005698332,-0.000154962,1.5714e-05,-0.000555504,3.964478312873727e-05,6.629895042826744,3.5190603592389005
PART-RIVERBANK-2,440,RiverBank/C3D8R,270.0,-5.0,-20.0,-0.0001751562,-4.6674897e-05,-0.0005698332,-0.000154962,-1.5714e-05,-0.000555504,3.964478312873727e-05,6.629895042826744,3.5190603592389005
PART-RIVERBANK-1,468,RiverBank/C3D8R,-270.0,5.0,-20.0,0.0001751562,4.6674897e-05,-0.0005698332,0.000154962,1.5714e-05,-0.000555504,3.964478312873727e-05,6.629895042826744,3.5190603592389005
PART-RIVERBANK-1,470,RiverBank/C3D8R,-270.0,-5.0,-20.0,0.0001751562,-4.6674897e-05,-0.0005698332,0.000154962,-1.5714e-05,-0.000555504,3.964478312873727e-05,6.629895042826744,3.5190603592389005
PART-RIVERBANK-2,516,RiverBank/C3D8R,295.0,5.0,-15.0,-0.00019780919,1.2111626e-05,-0.00037648625,-0.000217397,8.49894e-06,-0.000343166,3.881974833500596e-05,9.124161373738891,4.498697380255172
PART-RIVERBANK-2,518,RiverBank/C3D8R,295.0,-5.0,-15.0,-0.00019780919,-1.2111626e-05,-0.00037648625,-0.000217397,-8.49894e-06,-0.000343166,3.881974833500596e-05,9.124161373738891,4.498697380255172
PART-RIVERBANK-1,396,RiverBank/C3D8R,-295.0,5.0,-15.0,0.00019780919,1.2111626e-05,-0.00037648625,0.000217397,8.49894e-06,-0.000343166,3.881974833500596e-05,9.124161373738891,4.498697380255172
PART-RIVERBANK-1,398,RiverBank/C3D8R,-295.0,-5.0,-15.0,0.00019780919,-1.2111626e-05,-0.00037648625,0.000217397,-8.49894e-06,-0.000343166,3.881974833500596e-05,9.124161373738891,4.498697380255172
PART-RIVERBANK-2,142,RiverBank/C3D8R,300.0,0.0,-10.0,-0.00024169114,-2.882784e-18,-0.00034366103,-0.000242905,3.67341e-17,-0.000305108,3.857213473844165e-05,9.180784176045384,7.175683666318418
PART-RIVERBANK-1,127,RiverBank/C3D8R,-300.0,0.0,-10.0,0.00024169114,-2.7717102e-18,-0.00034366103,0.000242905,1.43115e-17,-0.000305108,3.857213473844165e-05,9.180784176045384,7.175683666318418
PART-RIVERBANK-2,489,RiverBank/C3D8R,285.0,5.0,-10.0,-0.00029720066,-3.5121407e-06,-0.0004394892,-0.000288718,9.67957e-06,-0.000404718,3.8144633977901744e-05,7.1895373587773355,6.2795704621803905
PART-RIVERBANK-2,491,RiverBank/C3D8R,285.0,-5.0,-10.0,-0.00029720066,3.5121407e-06,-0.0004394892,-0.000288718,-9.67957e-06,-0.000404718,3.8144633977901744e-05,7.1895373587773355,6.2795704621803905
PART-RIVERBANK-1,429,RiverBank/C3D8R,-285.0,5.0,-10.0,0.00029720066,-3.5121407e-06,-0.0004394892,0.000288718,9.67957e-06,-0.000404718,3.8144633977901744e-05,7.1895373587773355,6.2795704621803905
PART-RIVERBANK-1,431,RiverBank/C3D8R,-285.0,-5.0,-10.0,0.00029720066,3.5121407e-06,-0.0004394892,0.000288718,-9.67957e-06,-0.000404718,3.8144633977901744e-05,7.1895373587773355,6.2795704621803905
PART-RIVERBANK-2,191,RiverBank/C3D8R,295.0,10.0,-5.0,-0.00032518271,-1.9351097e-05,-0.00042002354,-0.000326778,1.65589e-05,-0.00040763,3.80220024256444e-05,7.1531367178373255,1.6627627177640503
PART-RIVERBANK-2,236,RiverBank/C3D8R,295.0,-10.0,-5.0,-0.00032518271,1.9351097e-05,-0.00042002354,-0.000326778,-1.65589e-05,-0.00040763,3.80220024256444e-05,7.1531367178373255,1.6627627177640503
PART-RIVERBANK-1,151,RiverBank/C3D8R,-295.0,10.0,-5.0,0.00032518271,-1.9351097e-05,-0.00042002354,0.000326778,1.65589e-05,-0.00040763,3.80220024256444e-05,7.1531367178373255,1.6627627177640503
PART-RIVERBANK-1,196,RiverBank/C3D8R,-295.0,-10.0,-5.0,0.00032518271,1.9351097e-05,-0.00042002354,0.000326778,-1.65589e-05,-0.00040763,3.80220024256444e-05,7.1531367178373255,1.6627627177640503
PART-RIVERBANK-2,433,RiverBank/C3D8R,265.0,0.0,-5.0,-0.00053822686,-2.719164e-17,-0.00067891565,-0.00053532,-2.68991e-16,-0.000641172,3.78554216775101e-05,4.369377629311902,3.5913022012009814
PART-RIVERBANK-1,493,RiverBank/C3D8R,-265.0,0.0,-5.0,0.00053822686,4.5820165e-18,-0.00067891565,0.00053532,-5.07083e-16,-0.000641172,3.78554216775101e-05,4.369377629311902,3.5913022012009814
PART-RIVERBANK-2,538,RiverBank/C3D8R,260.0,0.0,-40.0,-0.00020554331,-2.6083474e-18,-9.993313e-05,-0.000167698,-4.64394e-17,-9.98559e-05,3.7845388800605536e-05,16.558976529224598,14.601983864981625
PART-RIVERBANK-1,592,RiverBank/C3D8R,-260.0,0.0,-40.0,0.00020554331,6.3959476e-19,-9.993313e-05,0.000167698,-6.35728e-17,-9.98559e-05,3.7845388800605536e-05,16.558976529224598,14.601983864981625
PART-RIVERBANK-2,546,RiverBank/C3D8R,265.0,-5.0,-40.0,-8.928027e-05,-1.5188999e-06,-0.00019899938,-9.99464e-05,-2.80018e-05,-0.000174262,3.777629277930643e-05,17.319461261370304,7.0069476134474336
PART-RIVERBANK-2,548,RiverBank/C3D8R,265.0,5.0,-40.0,-8.928027e-05,1.5188999e-06,-0.00019899938,-9.99464e-05,2.80018e-05,-0.000174262,3.777629277930643e-05,17.319461261370304,7.0069476134474336
PART-RIVERBANK-1,582,RiverBank/C3D8R,-265.0,-5.0,-40.0,8.928027e-05,-1.5188999e-06,-0.00019899938,9.99464e-05,-2.80018e-05,-0.000174262,3.777629277930643e-05,17.319461261370304,7.0069476134474336
PART-RIVERBANK-1,584,RiverBank/C3D8R,-265.0,5.0,-40.0,8.928027e-05,1.5188999e-06,-0.00019899938,9.99464e-05,2.80018e-05,-0.000174262,3.777629277930643e-05,17.319461261370304,7.0069476134474336
PART-RIVERBANK-2,579,RiverBank/C3D8R,285.0,-5.0,-35.0,-3.5724413e-05,-6.820618e-05,-0.0002541104,-2.65695e-05,-3.21913e-05,-0.000247608,3.772486208340554e-05,14.207963509976466,5.429997962102894
PART-RIVERBANK-2,581,RiverBank/C3D8R,285.0,5.0,-35.0,-3.5724413e-05,6.820618e-05,-0.0002541104,-2.65695e-05,3.21913e-05,-0.000247608,3.772486208340554e-05,14.207963509976466,5.429997962102894
PART-RIVERBANK-1,543,RiverBank/C3D8R,-285.0,-5.0,-35.0,3.5724413e-05,-6.820618e-05,-0.0002541104,2.65695e-05,-3.21913e-05,-0.000247608,3.772486208340554e-05,14.207963509976466,5.429997962102894
PART-RIVERBANK-1,545,RiverBank/C3D8R,-285.0,5.0,-35.0,3.5724413e-05,6.820618e-05,-0.0002541104,2.65695e-05,3.21913e-05,-0.000247608,3.772486208340554e-05,14.207963509976466,5.429997962102894
PART-RIVERBANK-2,564,RiverBank/C3D8R,275.0,-5.0,-40.0,-1.5724523e-05,-1.0279023e-05,-0.00019579599,-3.79637e-05,-1.4043e-05,-0.000166663,3.6843990321814455e-05,18.73151787285775,12.80516365481555
PART-RIVERBANK-2,566,RiverBank/C3D8R,275.0,5.0,-40.0,-1.5724523e-05,1.0279023e-05,-0.00019579599,-3.79637e-05,1.4043e-05,-0.000166663,3.6843990321814455e-05,18.73151787285775,12.80516365481555
PART-RIVERBANK-1,564,RiverBank/C3D8R,-275.0,-5.0,-40.0,1.5724523e-05,-1.0279023e-05,-0.00019579599,3.79637e-05,-1.4043e-05,-0.000166663,3.6843990321814455e-05,18.73151787285775,12.80516365481555
PART-RIVERBANK-1,566,RiverBank/C3D8R,-275.0,5.0,-40.0,1.5724523e-05,1.0279023e-05,-0.00019579599,3.79637e-05,1.4043e-05,-0.000166663,3.6843990321814455e-05,18.73151787285775,12.80516365481555
PART-RIVERBANK-2,285,RiverBank/C3D8R,290.0,5.0,0.0,-0.0003932828,2.3539e-06,-0.000440481,-0.000377768,-4.0727e-06,-0.0004729,3.6510296733935215e-05,6.1828559996745796,2.5008795436152247
PART-RIVERBANK-2,287,RiverBank/C3D8R,290.0,-5.0,0.0,-0.0003932828,-2.3539e-06,-0.000440481,-0.000377768,4.0727e-06,-0.0004729,3.6510296733935215e-05,6.1828559996745796,2.5008795436152247
PART-RIVERBANK-1,267,RiverBank/C3D8R,-290.0,5.0,0.0,0.0003932828,2.3539e-06,-0.000440481,0.000377768,-4.0727e-06,-0.0004729,3.6510296733935215e-05,6.1828559996745796,2.5008795436152247
PART-RIVERBANK-1,269,RiverBank/C3D8R,-290.0,-5.0,0.0,0.0003932828,-2.3539e-06,-0.000440481,0.000377768,4.0727e-06,-0.0004729,3.6510296733935215e-05,6.1828559996745796,2.5008795436152247
PART-RIVERBANK-2,556,RiverBank/C3D8R,270.0,0.0,-40.0,-6.809148e-05,-5.87064e-19,-0.00012016094,-9.14082e-05,-3.2316e-17,-9.39745e-05,3.506278755934844e-05,25.38709543346626,5.078981466584541
PART-RIVERBANK-1,574,RiverBank/C3D8R,-270.0,0.0,-40.0,6.809148e-05,4.548831e-19,-0.00012016094,9.14082e-05,-3.09946e-17,-9.39745e-05,3.506278755934844e-05,25.38709543346626,5.078981466584541
PART-RIVERBANK-2,519,RiverBank/C3D8R,295.0,5.0,-10.0,-0.00028460164,-2.3722525e-06,-0.00036181964,-0.000275935,4.84721e-06,-0.000328939,3.476158475225354e-05,7.551209013942336,6.727083456528585
PART-RIVERBANK-2,521,RiverBank/C3D8R,295.0,-5.0,-10.0,-0.00028460164,2.3722525e-06,-0.00036181964,-0.000275935,-4.84721e-06,-0.000328939,3.476158475225354e-05,7.551209013942336,6.727083456528585
PART-RIVERBANK-1,399,RiverBank/C3D8R,-295.0,5.0,-10.0,0.00028460164,-2.3722525e-06,-0.00036181964,0.000275935,4.84721e-06,-0.000328939,3.476158475225354e-05,7.551209013942336,6.727083456528585
PART-RIVERBANK-1,401,RiverBank/C3D8R,-295.0,-5.0,-10.0,0.00028460164,2.3722525e-06,-0.00036181964,0.000275935,-4.84721e-06,-0.000328939,3.476158475225354e-05,7.551209013942336,6.727083456528585
PART-RIVERBANK-2,91,RiverBank/C3D8R,300.0,10.0,-40.0,7.027671e-05,1.6900327e-05,-0.00014399597,9.08814e-05,1.80477e-06,-0.00012069,3.457741067195821e-05,21.460813318195544,6.223311961533833
PART-RIVERBANK-2,97,RiverBank/C3D8R,300.0,-10.0,-40.0,7.027671e-05,-1.6900327e-05,-0.00014399597,9.08814e-05,-1.80477e-06,-0.00012069,3.457741067195821e-05,21.460813318195544,6.223311961533833
PART-RIVERBANK-1,82,RiverBank/C3D8R,-300.0,10.0,-40.0,-7.027671e-05,1.6900327e-05,-0.00014399597,-9.08814e-05,1.80477e-06,-0.00012069,3.457741067195821e-05,21.460813318195544,6.223311961533833
PART-RIVERBANK-1,88,RiverBank/C3D8R,-300.0,-10.0,-40.0,-7.027671e-05,-1.6900327e-05,-0.00014399597,-9.08814e-05,-1.80477e-06,-0.00012069,3.457741067195821e-05,21.460813318195544,6.223311961533833
PART-RIVERBANK-2,174,RiverBank/C3D8R,280.0,10.0,-15.0,-0.00025465834,2.4129846e-05,-0.00044231702,-0.000252002,-2.5906e-06,-0.000423169,3.298007044496594e-05,6.454563603793709,3.6068587644872725
PART-RIVERBANK-2,219,RiverBank/C3D8R,280.0,-10.0,-15.0,-0.00025465834,-2.4129846e-05,-0.00044231702,-0.000252002,2.5906e-06,-0.000423169,3.298007044496594e-05,6.454563603793709,3.6068587644872725
PART-RIVERBANK-1,164,RiverBank/C3D8R,-280.0,10.0,-15.0,0.00025465834,2.4129846e-05,-0.00044231702,0.000252002,-2.5906e-06,-0.000423169,3.298007044496594e-05,6.454563603793709,3.6068587644872725
PART-RIVERBANK-1,209,RiverBank/C3D8R,-280.0,-10.0,-15.0,0.00025465834,-2.4129846e-05,-0.00044231702,0.000252002,2.5906e-06,-0.000423169,3.298007044496594e-05,6.454563603793709,3.6068587644872725
PART-RIVERBANK-2,456,RiverBank/C3D8R,275.0,5.0,-15.0,-0.0002526777,2.0860725e-05,-0.0005352782,-0.000244713,1.32619e-06,-0.000510215,3.275970845407857e-05,5.53105269490211,4.460667977911411
PART-RIVERBANK-2,458,RiverBank/C3D8R,275.0,-5.0,-15.0,-0.0002526777,-2.0860725e-05,-0.0005352782,-0.000244713,-1.32619e-06,-0.000510215,3.275970845407857e-05,5.53105269490211,4.460667977911411
PART-RIVERBANK-1,456,RiverBank/C3D8R,-275.0,5.0,-15.0,0.0002526777,2.0860725e-05,-0.0005352782,0.000244713,1.32619e-06,-0.000510215,3.275970845407857e-05,5.53105269490211,4.460667977911411
PART-RIVERBANK-1,458,RiverBank/C3D8R,-275.0,-5.0,-15.0,0.0002526777,-2.0860725e-05,-0.0005352782,0.000244713,-1.32619e-06,-0.000510215,3.275970845407857e-05,5.53105269490211,4.460667977911411
PART-RIVERBANK-2,496,RiverBank/C3D8R,290.0,0.0,-25.0,-0.00014993957,-2.350628e-18,-0.0004278879,-0.000118465,4.09964e-18,-0.000436685,3.268084339632166e-05,7.207978163317431,0.20505151498364255
PART-RIVERBANK-1,406,RiverBank/C3D8R,-290.0,0.0,-25.0,0.00014993957,-1.7086526e-18,-0.0004278879,0.000118465,-2.16468e-17,-0.000436685,3.268084339632166e-05,7.207978163317431,0.20505151498364255
PART-RIVERBANK-2,139,RiverBank/C3D8R,300.0,0.0,-15.0,-0.0002239153,-5.1967074e-19,-0.00030258077,-0.00023975,4.58567e-17,-0.00027457,3.217671456321945e-05,8.548053237163588,3.163977931824949
PART-RIVERBANK-1,124,RiverBank/C3D8R,-300.0,0.0,-15.0,0.0002239153,-3.4378218e-18,-0.00030258077,0.00023975,3.93379e-17,-0.00027457,3.217671456321945e-05,8.548053237163588,3.163977931824949
PART-RIVERBANK-2,486,RiverBank/C3D8R,285.0,5.0,-15.0,-0.00022502305,1.4599413e-05,-0.00046008563,-0.000232539,5.81254e-06,-0.000430538,3.172949857998905e-05,6.1926419534510115,4.492087268342879
PART-RIVERBANK-2,488,RiverBank/C3D8R,285.0,-5.0,-15.0,-0.00022502305,-1.4599413e-05,-0.00046008563,-0.000232539,-5.81254e-06,-0.000430538,3.172949857998905e-05,6.1926419534510115,4.492087268342879
PART-RIVERBANK-1,426,RiverBank/C3D8R,-285.0,5.0,-15.0,0.00022502305,1.4599413e-05,-0.00046008563,0.000232539,5.81254e-06,-0.000430538,3.172949857998905e-05,6.1926419534510115,4.492087268342879
PART-RIVERBANK-1,428,RiverBank/C3D8R,-285.0,-5.0,-15.0,0.00022502305,-1.4599413e-05,-0.00046008563,0.000232539,-5.81254e-06,-0.000430538,3.172949857998905e-05,6.1926419534510115,4.492087268342879
PART-RIVERBANK-2,34,RiverBank/C3D8R,300.0,-10.0,-15.0,-0.00020507236,-1.5450118e-05,-0.0002673223,-0.000221026,-3.9561e-06,-0.000242859,3.1386049861744705e-05,9.30576741211433,2.630516961108184
PART-RIVERBANK-2,42,RiverBank/C3D8R,300.0,10.0,-15.0,-0.00020507236,1.5450118e-05,-0.0002673223,-0.000221026,3.9561e-06,-0.000242859,3.1386049861744705e-05,9.30576741211433,2.630516961108184
PART-RIVERBANK-1,18,RiverBank/C3D8R,-300.0,-10.0,-15.0,0.00020507236,-1.5450118e-05,-0.0002673223,0.000221026,-3.9561e-06,-0.000242859,3.1386049861744705e-05,9.30576741211433,2.630516961108184
PART-RIVERBANK-1,26,RiverBank/C3D8R,-300.0,10.0,-15.0,0.00020507236,1.5450118e-05,-0.0002673223,0.000221026,3.9561e-06,-0.000242859,3.1386049861744705e-05,9.30576741211433,2.630516961108184
PART-RIVERBANK-2,334,RiverBank/C3D8R,295.0,-10.0,-40.0,2.0030533e-05,-4.053173e-05,-0.00011547153,-9.15679e-06,-4.7788e-05,-0.000106605,3.1355519967943906e-05,25.2852973999295,5.501790947687513
PART-RIVERBANK-2,361,RiverBank/C3D8R,295.0,10.0,-40.0,2.0030533e-05,4.053173e-05,-0.00011547153,-9.15679e-06,4.7788e-05,-0.000106605,3.1355519967943906e-05,25.2852973999295,5.501790947687513
PART-RIVERBANK-1,310,RiverBank/C3D8R,-295.0,-10.0,-40.0,-2.0030533e-05,-4.053173e-05,-0.00011547153,9.15679e-06,-4.7788e-05,-0.000106605,3.1355519967943906e-05,25.2852973999295,5.501790947687513
PART-RIVERBANK-1,337,RiverBank/C3D8R,-295.0,10.0,-40.0,-2.0030533e-05,4.053173e-05,-0.00011547153,9.15679e-06,4.7788e-05,-0.000106605,3.1355519967943906e-05,25.2852973999295,5.501790947687513
PART-RIVERBANK-2,601,RiverBank/C3D8R,295.0,0.0,-40.0,1.7240673e-05,1.3065754e-18,-0.00015420961,-1.15495e-05,1.64185e-17,-0.000143148,3.084206992343459e-05,19.876262039999073,7.448077065818412
PART-RIVERBANK-1,529,RiverBank/C3D8R,-295.0,0.0,-40.0,-1.7240673e-05,-8.5258483e-19,-0.00015420961,1.15495e-05,2.24951e-17,-0.000143148,3.084206992343459e-05,19.876262039999073,7.448077065818412
PART-RIVERBANK-2,477,RiverBank/C3D8R,280.0,5.0,-5.0,-0.00037233526,-7.850138e-06,-0.00046177322,-0.000355103,1.71892e-05,-0.000466384,3.07437558602433e-05,5.1823766882658235,1.1462908683836104
PART-RIVERBANK-2,479,RiverBank/C3D8R,280.0,-5.0,-5.0,-0.00037233526,7.850138e-06,-0.00046177322,-0.000355103,-1.71892e-05,-0.000466384,3.07437558602433e-05,5.1823766882658235,1.1462908683836104
PART-RIVERBANK-1,447,RiverBank/C3D8R,-280.0,5.0,-5.0,0.00037233526,-7.850138e-06,-0.00046177322,0.000355103,1.71892e-05,-0.000466384,3.07437558602433e-05,5.1823766882658235,1.1462908683836104
PART-RIVERBANK-1,449,RiverBank/C3D8R,-280.0,-5.0,-5.0,0.00037233526,7.850138e-06,-0.00046177322,0.000355103,-1.71892e-05,-0.000466384,3.07437558602433e-05,5.1823766882658235,1.1462908683836104
PART-RIVERBANK-2,424,RiverBank/C3D8R,265.0,0.0,-20.0,-7.388753e-05,-1.26059794e-17,-0.0006173192,-6.72041e-05,-1.71417e-16,-0.000587474,3.058437835897436e-05,4.919275094644661,4.892819511858866
PART-RIVERBANK-1,484,RiverBank/C3D8R,-265.0,0.0,-20.0,7.388753e-05,2.843202e-18,-0.0006173192,6.72041e-05,-3.12767e-16,-0.000587474,3.058437835897436e-05,4.919275094644661,4.892819511858866
PART-RIVERBANK-2,184,RiverBank/C3D8R,290.0,10.0,-15.0,-0.00022428528,1.7128696e-05,-0.0003675829,-0.000234451,1.17786e-06,-0.00034371,3.0457944556836013e-05,7.067693755406617,3.4544597539878867
PART-RIVERBANK-2,229,RiverBank/C3D8R,290.0,-10.0,-15.0,-0.00022428528,-1.7128696e-05,-0.0003675829,-0.000234451,-1.17786e-06,-0.00034371,3.0457944556836013e-05,7.067693755406617,3.4544597539878867
PART-RIVERBANK-1,154,RiverBank/C3D8R,-290.0,10.0,-15.0,0.00022428528,1.7128696e-05,-0.0003675829,0.000234451,1.17786e-06,-0.00034371,3.0457944556836013e-05,7.067693755406617,3.4544597539878867
PART-RIVERBANK-1,199,RiverBank/C3D8R,-290.0,-10.0,-15.0,0.00022428528,-1.7128696e-05,-0.0003675829,0.000234451,-1.17786e-06,-0.00034371,3.0457944556836013e-05,7.067693755406617,3.4544597539878867
PART-RIVERBANK-2,307,RiverBank/C3D8R,300.0,0.0,-45.0,5.7570876e-05,1.0990918e-18,-9.773196e-05,3.1954e-05,1.46012e-17,-8.20928e-05,3.0013458006450642e-05,26.46032931243814,22.336301111740966
PART-RIVERBANK-1,298,RiverBank/C3D8R,-300.0,0.0,-45.0,-5.7570876e-05,-4.6152734e-19,-9.773196e-05,-3.1954e-05,2.37165e-17,-8.20928e-05,3.0013458006450642e-05,26.46032931243814,22.336301111740966
PART-RIVERBANK-2,37,RiverBank/C3D8R,300.0,5.0,0.0,-0.00038289526,4.769249e-06,-0.00034538138,-0.000371561,3.67731e-07,-0.000372666,2.9871211876927985e-05,5.792652624462761,2.05062099549418
PART-RIVERBANK-2,39,RiverBank/C3D8R,300.0,-5.0,0.0,-0.00038289526,-4.769249e-06,-0.00034538138,-0.000371561,-3.67731e-07,-0.000372666,2.9871211876927985e-05,5.792652624462761,2.05062099549418
PART-RIVERBANK-1,21,RiverBank/C3D8R,-300.0,-5.0,0.0,0.00038289526,-4.769249e-06,-0.00034538138,0.000371561,-3.67731e-07,-0.000372666,2.9871211876927985e-05,5.792652624462761,2.05062099549418
PART-RIVERBANK-1,23,RiverBank/C3D8R,-300.0,5.0,0.0,0.00038289526,4.769249e-06,-0.00034538138,0.000371561,3.67731e-07,-0.000372666,2.9871211876927985e-05,5.792652624462761,2.05062099549418
PART-RIVERBANK-2,502,RiverBank/C3D8R,290.0,0.0,-15.0,-0.00022740505,-4.69746e-18,-0.0004064382,-0.000238675,-1.96935e-17,-0.000378896,2.9758772720703703e-05,6.3896955767546615,3.8492688035704465
PART-RIVERBANK-1,412,RiverBank/C3D8R,-290.0,0.0,-15.0,0.00022740505,-2.0120585e-18,-0.0004064382,0.000238675,-6.89027e-17,-0.000378896,2.9758772720703703e-05,6.3896955767546615,3.8492688035704465
PART-RIVERBANK-2,555,RiverBank/C3D8R,270.0,-5.0,-40.0,9.113645e-06,-7.912276e-05,-0.0002457296,2.85526e-05,-5.86555e-05,-0.000236586,2.9671318210683282e-05,11.486498203051216,4.993703976535549
PART-RIVERBANK-2,557,RiverBank/C3D8R,270.0,5.0,-40.0,9.113645e-06,7.912276e-05,-0.0002457296,2.85526e-05,5.86555e-05,-0.000236586,2.9671318210683282e-05,11.486498203051216,4.993703976535549
PART-RIVERBANK-1,573,RiverBank/C3D8R,-270.0,-5.0,-40.0,-9.113645e-06,-7.912276e-05,-0.0002457296,-2.85526e-05,-5.86555e-05,-0.000236586,2.9671318210683282e-05,11.486498203051216,4.993703976535549
PART-RIVERBANK-1,575,RiverBank/C3D8R,-270.0,5.0,-40.0,-9.113645e-06,7.912276e-05,-0.0002457296,-2.85526e-05,5.86555e-05,-0.000236586,2.9671318210683282e-05,11.486498203051216,4.993703976535549
PART-RIVERBANK-2,600,RiverBank/C3D8R,295.0,-5.0,-40.0,4.1801326e-05,-1.7338296e-05,-0.00015787502,5.67141e-05,-7.99187e-06,-0.000134511,2.925105020181245e-05,17.810698354960174,10.981965412682205
PART-RIVERBANK-2,602,RiverBank/C3D8R,295.0,5.0,-40.0,4.1801326e-05,1.7338296e-05,-0.00015787502,5.67141e-05,7.99187e-06,-0.000134511,2.925105020181245e-05,17.810698354960174,10.981965412682205
PART-RIVERBANK-1,528,RiverBank/C3D8R,-295.0,-5.0,-40.0,-4.1801326e-05,-1.7338296e-05,-0.00015787502,-5.67141e-05,-7.99187e-06,-0.000134511,2.925105020181245e-05,17.810698354960174,10.981965412682205
PART-RIVERBANK-1,530,RiverBank/C3D8R,-295.0,5.0,-40.0,-4.1801326e-05,1.7338296e-05,-0.00015787502,-5.67141e-05,7.99187e-06,-0.000134511,2.925105020181245e-05,17.810698354960174,10.981965412682205
PART-RIVERBANK-2,442,RiverBank/C3D8R,270.0,0.0,-15.0,-0.00021844041,-1.2639555e-17,-0.00057789177,-0.000206668,-1.65027e-16,-0.000551118,2.9247639173461574e-05,4.7341705142118755,4.727229422659663
PART-RIVERBANK-1,472,RiverBank/C3D8R,-270.0,0.0,-15.0,0.00021844041,1.9713883e-18,-0.00057789177,0.000206668,-3.04903e-16,-0.000551118,2.9247639173461574e-05,4.7341705142118755,4.727229422659663
PART-RIVERBANK-2,304,RiverBank/C3D8R,300.0,0.0,-40.0,5.5151548e-05,1.487017e-18,-0.00010295691,7.5636e-05,2.45398e-17,-8.20933e-05,2.923872425350334e-05,25.03354099803649,4.429275056380083
PART-RIVERBANK-1,295,RiverBank/C3D8R,-300.0,0.0,-40.0,-5.5151548e-05,-8.3583323e-19,-0.00010295691,-7.5636e-05,4.17168e-17,-8.20933e-05,2.923872425350334e-05,25.03354099803649,4.429275056380083
PART-RIVERBANK-2,90,RiverBank/C3D8R,300.0,10.0,-45.0,4.4517874e-05,4.067266e-05,-8.777665e-05,2.01009e-05,4.20125e-05,-7.21511e-05,2.9019676141280007e-05,27.25020803807886,19.359229584931025
PART-RIVERBANK-2,98,RiverBank/C3D8R,300.0,-10.0,-45.0,4.4517874e-05,-4.067266e-05,-8.777665e-05,2.01009e-05,-4.20125e-05,-7.21511e-05,2.9019676141280007e-05,27.25020803807886,19.359229584931025
PART-RIVERBANK-1,83,RiverBank/C3D8R,-300.0,10.0,-45.0,-4.4517874e-05,4.067266e-05,-8.777665e-05,-2.01009e-05,4.20125e-05,-7.21511e-05,2.9019676141280007e-05,27.25020803807886,19.359229584931025
PART-RIVERBANK-1,87,RiverBank/C3D8R,-300.0,-10.0,-45.0,-4.4517874e-05,-4.067266e-05,-8.777665e-05,-2.01009e-05,-4.20125e-05,-7.21511e-05,2.9019676141280007e-05,27.25020803807886,19.359229584931025
PART-RIVERBANK-2,135,RiverBank/C3D8R,300.0,5.0,-20.0,-0.00013213677,1.28447755e-05,-0.0003119928,-0.000158556,1.10795e-05,-0.000300359,2.8921224279476826e-05,8.529715902602957,0.22315358400248433
PART-RIVERBANK-2,137,RiverBank/C3D8R,300.0,-5.0,-20.0,-0.00013213677,-1.28447755e-05,-0.0003119928,-0.000158556,-1.10795e-05,-0.000300359,2.8921224279476826e-05,8.529715902602957,0.22315358400248433
PART-RIVERBANK-1,120,RiverBank/C3D8R,-300.0,5.0,-20.0,0.00013213677,1.28447755e-05,-0.0003119928,0.000158556,1.10795e-05,-0.000300359,2.8921224279476826e-05,8.529715902602957,0.22315358400248433
PART-RIVERBANK-1,122,RiverBank/C3D8R,-300.0,-5.0,-20.0,0.00013213677,-1.28447755e-05,-0.0003119928,0.000158556,-1.10795e-05,-0.000300359,2.8921224279476826e-05,8.529715902602957,0.22315358400248433
PART-RIVERBANK-2,409,RiverBank/C3D8R,260.0,0.0,-20.0,-0.00043800403,-1.7015886e-17,-0.00051428104,-0.000411583,-2.02187e-16,-0.000524453,2.8311474643728886e-05,4.191039768893505,1.3103777634255764
PART-RIVERBANK-1,499,RiverBank/C3D8R,-260.0,0.0,-20.0,0.00043800403,3.7971763e-18,-0.00051428104,0.000411583,-3.68846e-16,-0.000524453,2.8311474643728886e-05,4.191039768893505,1.3103777634255764
PART-RIVERBANK-2,325,RiverBank/C3D8R,280.0,-10.0,-40.0,4.930651e-06,-3.085593e-05,-0.00020170448,-7.31554e-06,-2.96539e-05,-0.000176928,2.76638397790289e-05,13.553364241902022,12.035419242179438
PART-RIVERBANK-2,352,RiverBank/C3D8R,280.0,10.0,-40.0,4.930651e-06,3.085593e-05,-0.00020170448,-7.31554e-06,2.96539e-05,-0.000176928,2.76638397790289e-05,13.553364241902022,12.035419242179438
PART-RIVERBANK-1,319,RiverBank/C3D8R,-280.0,-10.0,-40.0,-4.930651e-06,-3.085593e-05,-0.00020170448,7.31554e-06,-2.96539e-05,-0.000176928,2.76638397790289e-05,13.553364241902022,12.035419242179438
PART-RIVERBANK-1,346,RiverBank/C3D8R,-280.0,10.0,-40.0,-4.930651e-06,3.085593e-05,-0.00020170448,7.31554e-06,2.96539e-05,-0.000176928,2.76638397790289e-05,13.553364241902022,12.035419242179438
PART-RIVERBANK-2,574,RiverBank/C3D8R,280.0,0.0,-40.0,-4.2987745e-06,-2.0986703e-19,-0.00012928568,-1.8199e-05,-1.31506e-17,-0.000107294,2.601634598042642e-05,20.11203125863329,15.871280579491124
PART-RIVERBANK-1,556,RiverBank/C3D8R,-280.0,0.0,-40.0,4.2987745e-06,7.037208e-20,-0.00012928568,1.8199e-05,-9.55284e-18,-0.000107294,2.601634598042642e-05,20.11203125863329,15.871280579491124
PART-RIVERBANK-2,589,RiverBank/C3D8R,290.0,0.0,-35.0,-6.277088e-05,2.5111172e-19,-0.00028167886,-3.83782e-05,1.08192e-17,-0.000273263,2.580367293859539e-05,8.941346428173063,4.3811168271033365
PART-RIVERBANK-1,535,RiverBank/C3D8R,-290.0,0.0,-35.0,6.277088e-05,-1.2476217e-18,-0.00028167886,3.83782e-05,4.62311e-18,-0.000273263,2.580367293859539e-05,8.941346428173063,4.3811168271033365
PART-RIVERBANK-2,317,RiverBank/C3D8R,265.0,-10.0,-45.0,-6.8428335e-06,-4.5948556e-05,-0.00018474662,-2.2624e-05,-5.66568e-05,-0.000167866,2.5468942601699396e-05,13.369678819128477,6.241410162111472
PART-RIVERBANK-2,344,RiverBank/C3D8R,265.0,10.0,-45.0,-6.8428335e-06,4.5948556e-05,-0.00018474662,-2.2624e-05,5.66568e-05,-0.000167866,2.5468942601699396e-05,13.369678819128477,6.241410162111472
PART-RIVERBANK-1,329,RiverBank/C3D8R,-265.0,-10.0,-45.0,6.8428335e-06,-4.5948556e-05,-0.00018474662,2.2624e-05,-5.66568e-05,-0.000167866,2.5468942601699396e-05,13.369678819128477,6.241410162111472
PART-RIVERBANK-1,356,RiverBank/C3D8R,-265.0,10.0,-45.0,6.8428335e-06,4.5948556e-05,-0.00018474662,2.2624e-05,5.66568e-05,-0.000167866,2.5468942601699396e-05,13.369678819128477,6.241410162111472
PART-RIVERBANK-2,582,RiverBank/C3D8R,285.0,-5.0,-40.0,1.434732e-05,-1.9191903e-05,-0.00018009692,1.04527e-05,-1.29392e-05,-0.000155974,2.522260155251652e-05,13.882676380541852,13.664140897932523
PART-RIVERBANK-2,584,RiverBank/C3D8R,285.0,5.0,-40.0,1.434732e-05,1.9191903e-05,-0.00018009692,1.04527e-05,1.29392e-05,-0.000155974,2.522260155251652e-05,13.882676380541852,13.664140897932523
PART-RIVERBANK-1,546,RiverBank/C3D8R,-285.0,-5.0,-40.0,-1.434732e-05,-1.9191903e-05,-0.00018009692,-1.04527e-05,-1.29392e-05,-0.000155974,2.522260155251652e-05,13.882676380541852,13.664140897932523
PART-RIVERBANK-1,548,RiverBank/C3D8R,-285.0,5.0,-40.0,-1.434732e-05,1.9191903e-05,-0.00018009692,-1.04527e-05,1.29392e-05,-0.000155974,2.522260155251652e-05,13.882676380541852,13.664140897932523
PART-RIVERBANK-2,331,RiverBank/C3D8R,290.0,-10.0,-40.0,3.1374075e-05,-3.3709344e-05,-0.00016802047,3.73906e-05,-2.11779e-05,-0.000146983,2.5215289127861713e-05,14.4735028974096,12.10051426086755
PART-RIVERBANK-2,358,RiverBank/C3D8R,290.0,10.0,-40.0,3.1374075e-05,3.3709344e-05,-0.00016802047,3.73906e-05,2.11779e-05,-0.000146983,2.5215289127861713e-05,14.4735028974096,12.10051426086755
PART-RIVERBANK-1,313,RiverBank/C3D8R,-290.0,-10.0,-40.0,-3.1374075e-05,-3.3709344e-05,-0.00016802047,-3.73906e-05,-2.11779e-05,-0.000146983,2.5215289127861713e-05,14.4735028974096,12.10051426086755
PART-RIVERBANK-1,340,RiverBank/C3D8R,-290.0,10.0,-40.0,-3.1374075e-05,3.3709344e-05,-0.00016802047,-3.73906e-05,2.11779e-05,-0.000146983,2.5215289127861713e-05,14.4735028974096,12.10051426086755
PART-RIVERBANK-2,463,RiverBank/C3D8R,275.0,0.0,-5.0,-0.00041102796,-1.873821e-17,-0.0005863554,-0.000390979,-1.61527e-16,-0.000572803,2.4199759148421317e-05,3.3795229304825667,3.1493856581435025
PART-RIVERBANK-1,463,RiverBank/C3D8R,-275.0,0.0,-5.0,0.00041102796,9.359238e-19,-0.0005863554,0.000390979,-3.28039e-16,-0.000572803,2.4199759148421317e-05,3.3795229304825667,3.1493856581435025
PART-RIVERBANK-2,322,RiverBank/C3D8R,275.0,-10.0,-40.0,-5.2335913e-06,-9.51619e-05,-0.00013816837,8.15104e-06,-7.5171e-05,-0.000136045,2.415146244027139e-05,14.38870386745169,7.271471707624241
PART-RIVERBANK-2,349,RiverBank/C3D8R,275.0,10.0,-40.0,-5.2335913e-06,9.51619e-05,-0.00013816837,8.15104e-06,7.5171e-05,-0.000136045,2.415146244027139e-05,14.38870386745169,7.271471707624241
PART-RIVERBANK-1,322,RiverBank/C3D8R,-275.0,-10.0,-40.0,5.2335913e-06,-9.51619e-05,-0.00013816837,-8.15104e-06,-7.5171e-05,-0.000136045,2.415146244027139e-05,14.38870386745169,7.271471707624241
PART-RIVERBANK-1,349,RiverBank/C3D8R,-275.0,10.0,-40.0,5.2335913e-06,9.51619e-05,-0.00013816837,-8.15104e-06,7.5171e-05,-0.000136045,2.415146244027139e-05,14.38870386745169,7.271471707624241
PART-RIVERBANK-2,415,RiverBank/C3D8R,260.0,0.0,-10.0,-0.000556448,-2.6386792e-17,-0.0006321695,-0.000564056,-2.95286e-16,-0.000609634,2.3785088275009634e-05,2.8242176301591644,1.3813593666094053
PART-RIVERBANK-1,505,RiverBank/C3D8R,-260.0,0.0,-10.0,0.000556448,5.929488e-18,-0.0006321695,0.000564056,-5.43965e-16,-0.000609634,2.3785088275009634e-05,2.8242176301591644,1.3813593666094053
PART-RIVERBANK-2,472,RiverBank/C3D8R,280.0,0.0,-15.0,-0.00023871982,-8.387448e-18,-0.00048508754,-0.000240252,-8.62449e-17,-0.000461684,2.3453640657347825e-05,4.338084756996523,3.7344854186901184
PART-RIVERBANK-1,442,RiverBank/C3D8R,-280.0,0.0,-15.0,0.00023871982,-6.7112976e-20,-0.00048508754,0.000240252,-1.75632e-16,-0.000461684,2.3453640657347825e-05,4.338084756996523,3.7344854186901184
PART-RIVERBANK-2,591,RiverBank/C3D8R,290.0,-5.0,-40.0,1.4467712e-06,-3.6191093e-05,-0.0001650832,-1.54124e-05,-3.83701e-05,-0.000151272,2.1902716052968358e-05,12.959426721314346,7.211577845534907
PART-RIVERBANK-2,593,RiverBank/C3D8R,290.0,5.0,-40.0,1.4467712e-06,3.6191093e-05,-0.0001650832,-1.54124e-05,3.83701e-05,-0.000151272,2.1902716052968358e-05,12.959426721314346,7.211577845534907
PART-RIVERBANK-1,537,RiverBank/C3D8R,-290.0,-5.0,-40.0,-1.4467712e-06,-3.6191093e-05,-0.0001650832,1.54124e-05,-3.83701e-05,-0.000151272,2.1902716052968358e-05,12.959426721314346,7.211577845534907
PART-RIVERBANK-1,539,RiverBank/C3D8R,-290.0,5.0,-40.0,-1.4467712e-06,3.6191093e-05,-0.0001650832,1.54124e-05,3.83701e-05,-0.000151272,2.1902716052968358e-05,12.959426721314346,7.211577845534907
PART-RIVERBANK-2,188,RiverBank/C3D8R,295.0,10.0,-20.0,-0.00015747103,2.306712e-05,-0.00029595202,-0.000176012,1.27223e-05,-0.000298551,2.139012777927471e-05,6.365522656315147,3.2067200150438193
PART-RIVERBANK-2,233,RiverBank/C3D8R,295.0,-10.0,-20.0,-0.00015747103,-2.306712e-05,-0.00029595202,-0.000176012,-1.27223e-05,-0.000298551,2.139012777927471e-05,6.365522656315147,3.2067200150438193
PART-RIVERBANK-1,148,RiverBank/C3D8R,-295.0,10.0,-20.0,0.00015747103,2.306712e-05,-0.00029595202,0.000176012,1.27223e-05,-0.000298551,2.139012777927471e-05,6.365522656315147,3.2067200150438193
PART-RIVERBANK-1,193,RiverBank/C3D8R,-295.0,-10.0,-20.0,0.00015747103,-2.306712e-05,-0.00029595202,0.000176012,-1.27223e-05,-0.000298551,2.139012777927471e-05,6.365522656315147,3.2067200150438193
PART-RIVERBANK-2,550,RiverBank/C3D8R,265.0,0.0,-45.0,-5.2717423e-05,-4.516362e-20,-7.047556e-05,-6.93387e-05,-1.62874e-17,-5.79731e-05,2.0798518100151485e-05,23.63173313142496,2.6929434105454546
PART-RIVERBANK-1,586,RiverBank/C3D8R,-265.0,0.0,-45.0,5.2717423e-05,2.298626e-19,-7.047556e-05,6.93387e-05,-1.30674e-17,-5.79731e-05,2.0798518100151485e-05,23.63173313142496,2.6929434105454546
PART-RIVERBANK-2,603,RiverBank/C3D8R,295.0,-5.0,-45.0,2.5548252e-05,-1.2861375e-05,-5.8924496e-05,7.72423e-06,-1.55862e-05,-4.89993e-05,2.058227264360097e-05,31.42341085319622,20.617426780147333
PART-RIVERBANK-2,605,RiverBank/C3D8R,295.0,5.0,-45.0,2.5548252e-05,1.2861375e-05,-5.8924496e-05,7.72423e-06,1.55862e-05,-4.89993e-05,2.058227264360097e-05,31.42341085319622,20.617426780147333
PART-RIVERBANK-1,531,RiverBank/C3D8R,-295.0,-5.0,-45.0,-2.5548252e-05,-1.2861375e-05,-5.8924496e-05,-7.72423e-06,-1.55862e-05,-4.89993e-05,2.058227264360097e-05,31.42341085319622,20.617426780147333
PART-RIVERBANK-1,533,RiverBank/C3D8R,-295.0,5.0,-45.0,-2.5548252e-05,1.2861375e-05,-5.8924496e-05,-7.72423e-06,1.55862e-05,-4.89993e-05,2.058227264360097e-05,31.42341085319622,20.617426780147333
PART-RIVERBANK-2,558,RiverBank/C3D8R,270.0,-5.0,-45.0,-7.2405924e-06,-6.3728958e-06,-7.9998244e-05,-2.53906e-05,-6.95976e-06,-7.05751e-05,2.045880808634842e-05,25.390174534558906,6.517847075471432
PART-RIVERBANK-2,560,RiverBank/C3D8R,270.0,5.0,-45.0,-7.2405924e-06,6.3728958e-06,-7.9998244e-05,-2.53906e-05,6.95976e-06,-7.05751e-05,2.045880808634842e-05,25.390174534558906,6.517847075471432
PART-RIVERBANK-1,576,RiverBank/C3D8R,-270.0,-5.0,-45.0,7.2405924e-06,-6.3728958e-06,-7.9998244e-05,2.53906e-05,-6.95976e-06,-7.05751e-05,2.045880808634842e-05,25.390174534558906,6.517847075471432
PART-RIVERBANK-1,578,RiverBank/C3D8R,-270.0,5.0,-45.0,7.2405924e-06,6.3728958e-06,-7.9998244e-05,2.53906e-05,6.95976e-06,-7.05751e-05,2.045880808634842e-05,25.390174534558906,6.517847075471432
PART-RIVERBANK-2,178,RiverBank/C3D8R,285.0,10.0,-20.0,-0.0001762605,3.324722e-05,-0.00037391673,-0.00017867,1.41139e-05,-0.000380666,2.0431404014538487e-05,4.926637120709899,1.4551961180730737
PART-RIVERBANK-2,223,RiverBank/C3D8R,285.0,-10.0,-20.0,-0.0001762605,-3.324722e-05,-0.00037391673,-0.00017867,-1.41139e-05,-0.000380666,2.0431404014538487e-05,4.926637120709899,1.4551961180730737
PART-RIVERBANK-1,158,RiverBank/C3D8R,-285.0,10.0,-20.0,0.0001762605,3.324722e-05,-0.00037391673,0.00017867,1.41139e-05,-0.000380666,2.0431404014538487e-05,4.926637120709899,1.4551961180730737
PART-RIVERBANK-1,203,RiverBank/C3D8R,-285.0,-10.0,-20.0,0.0001762605,-3.324722e-05,-0.00037391673,0.00017867,-1.41139e-05,-0.000380666,2.0431404014538487e-05,4.926637120709899,1.4551961180730737
PART-RIVERBANK-2,320,RiverBank/C3D8R,270.0,-10.0,-45.0,-4.85191e-06,-0.00010057893,-9.227023e-05,9.46238e-06,-8.79158e-05,-8.60427e-05,2.010064400714315e-05,14.717373128737531,9.66476126222071
PART-RIVERBANK-2,347,RiverBank/C3D8R,270.0,10.0,-45.0,-4.85191e-06,0.00010057893,-9.227023e-05,9.46238e-06,8.79158e-05,-8.60427e-05,2.010064400714315e-05,14.717373128737531,9.66476126222071
PART-RIVERBANK-1,326,RiverBank/C3D8R,-270.0,-10.0,-45.0,4.85191e-06,-0.00010057893,-9.227023e-05,-9.46238e-06,-8.79158e-05,-8.60427e-05,2.010064400714315e-05,14.717373128737531,9.66476126222071
PART-RIVERBANK-1,353,RiverBank/C3D8R,-270.0,10.0,-45.0,4.85191e-06,0.00010057893,-9.227023e-05,-9.46238e-06,8.79158e-05,-8.60427e-05,2.010064400714315e-05,14.717373128737531,9.66476126222071
PART-RIVERBANK-2,323,RiverBank/C3D8R,275.0,-10.0,-45.0,1.1023791e-05,-5.822659e-05,-0.00015155376,-1.1207e-06,-5.09889e-05,-0.000137266,2.010007223874532e-05,12.351944510218415,10.012687233364813
PART-RIVERBANK-2,350,RiverBank/C3D8R,275.0,10.0,-45.0,1.1023791e-05,5.822659e-05,-0.00015155376,-1.1207e-06,5.09889e-05,-0.000137266,2.010007223874532e-05,12.351944510218415,10.012687233364813
PART-RIVERBANK-1,323,RiverBank/C3D8R,-275.0,-10.0,-45.0,-1.1023791e-05,-5.822659e-05,-0.00015155376,1.1207e-06,-5.09889e-05,-0.000137266,2.010007223874532e-05,12.351944510218415,10.012687233364813
PART-RIVERBANK-1,350,RiverBank/C3D8R,-275.0,10.0,-45.0,-1.1023791e-05,5.822659e-05,-0.00015155376,1.1207e-06,5.09889e-05,-0.000137266,2.010007223874532e-05,12.351944510218415,10.012687233364813
PART-RIVERBANK-2,549,RiverBank/C3D8R,265.0,-5.0,-45.0,1.471565e-05,-4.7393292e-05,-0.00011466039,3.05282e-05,-3.72519e-05,-0.000109283,1.9539726006581148e-05,15.639450011622511,4.412729380547155
PART-RIVERBANK-2,551,RiverBank/C3D8R,265.0,5.0,-45.0,1.471565e-05,4.7393292e-05,-0.00011466039,3.05282e-05,3.72519e-05,-0.000109283,1.9539726006581148e-05,15.639450011622511,4.412729380547155
PART-RIVERBANK-1,585,RiverBank/C3D8R,-265.0,-5.0,-45.0,-1.471565e-05,-4.7393292e-05,-0.00011466039,-3.05282e-05,-3.72519e-05,-0.000109283,1.9539726006581148e-05,15.639450011622511,4.412729380547155
PART-RIVERBANK-1,587,RiverBank/C3D8R,-265.0,5.0,-45.0,-1.471565e-05,4.7393292e-05,-0.00011466039,-3.05282e-05,3.72519e-05,-0.000109283,1.9539726006581148e-05,15.639450011622511,4.412729380547155
PART-RIVERBANK-2,592,RiverBank/C3D8R,290.0,0.0,-40.0,2.5002215e-05,3.2354392e-19,-0.000120016564,3.07148e-05,5.39602e-18,-0.000101584,1.929748799705083e-05,15.74107865667363,13.43245093056938
PART-RIVERBANK-1,538,RiverBank/C3D8R,-290.0,0.0,-40.0,-2.5002215e-05,-2.7217652e-19,-0.000120016564,-3.07148e-05,1.22528e-17,-0.000101584,1.929748799705083e-05,15.74107865667363,13.43245093056938
PART-RIVERBANK-2,507,RiverBank/C3D8R,290.0,5.0,-5.0,-0.0003476158,-7.3328465e-06,-0.00039488357,-0.000338898,8.94808e-06,-0.000399123,1.894838703592741e-05,3.6013947815411584,0.46935230671277545
PART-RIVERBANK-2,509,RiverBank/C3D8R,290.0,-5.0,-5.0,-0.0003476158,7.3328465e-06,-0.00039488357,-0.000338898,-8.94808e-06,-0.000399123,1.894838703592741e-05,3.6013947815411584,0.46935230671277545
PART-RIVERBANK-1,417,RiverBank/C3D8R,-290.0,5.0,-5.0,0.0003476158,-7.3328465e-06,-0.00039488357,0.000338898,8.94808e-06,-0.000399123,1.894838703592741e-05,3.6013947815411584,0.46935230671277545
PART-RIVERBANK-1,419,RiverBank/C3D8R,-290.0,-5.0,-5.0,0.0003476158,7.3328465e-06,-0.00039488357,0.000338898,-8.94808e-06,-0.000399123,1.894838703592741e-05,3.6013947815411584,0.46935230671277545
PART-RIVERBANK-2,514,RiverBank/C3D8R,295.0,0.0,-20.0,-0.00016749118,-1.2446919e-18,-0.0003434811,-0.000186226,2.02924e-17,-0.000342427,1.8764450624582633e-05,4.910333646145728,2.0013750829329746
PART-RIVERBANK-1,394,RiverBank/C3D8R,-295.0,0.0,-20.0,0.00016749118,-2.3891937e-18,-0.0003434811,0.000186226,2.00069e-18,-0.000342427,1.8764450624582633e-05,4.910333646145728,2.0013750829329746
PART-RIVERBANK-2,335,RiverBank/C3D8R,295.0,-10.0,-45.0,3.0265968e-05,-4.8635913e-05,-9.396084e-05,3.94705e-05,-3.60177e-05,-8.62307e-05,1.7426926667430296e-05,15.836039447035736,7.81652915082037
PART-RIVERBANK-2,362,RiverBank/C3D8R,295.0,10.0,-45.0,3.0265968e-05,4.8635913e-05,-9.396084e-05,3.94705e-05,3.60177e-05,-8.62307e-05,1.7426926667430296e-05,15.836039447035736,7.81652915082037
PART-RIVERBANK-1,311,RiverBank/C3D8R,-295.0,-10.0,-45.0,-3.0265968e-05,-4.8635913e-05,-9.396084e-05,-3.94705e-05,-3.60177e-05,-8.62307e-05,1.7426926667430296e-05,15.836039447035736,7.81652915082037
PART-RIVERBANK-1,338,RiverBank/C3D8R,-295.0,10.0,-45.0,-3.0265968e-05,4.8635913e-05,-9.396084e-05,-3.94705e-05,3.60177e-05,-8.62307e-05,1.7426926667430296e-05,15.836039447035736,7.81652915082037
PART-RIVERBANK-2,498,RiverBank/C3D8R,290.0,5.0,-20.0,-0.00015754593,1.7136674e-05,-0.00041116527,-0.000171373,1.30327e-05,-0.000401728,1.7236372368641722e-05,3.911590547507133,0.839726291652535
PART-RIVERBANK-2,500,RiverBank/C3D8R,290.0,-5.0,-20.0,-0.00015754593,-1.7136674e-05,-0.00041116527,-0.000171373,-1.30327e-05,-0.000401728,1.7236372368641722e-05,3.911590547507133,0.839726291652535
PART-RIVERBANK-1,408,RiverBank/C3D8R,-290.0,5.0,-20.0,0.00015754593,1.7136674e-05,-0.00041116527,0.000171373,1.30327e-05,-0.000401728,1.7236372368641722e-05,3.911590547507133,0.839726291652535
PART-RIVERBANK-1,410,RiverBank/C3D8R,-290.0,-5.0,-20.0,0.00015754593,-1.7136674e-05,-0.00041116527,0.000171373,-1.30327e-05,-0.000401728,1.7236372368641722e-05,3.911590547507133,0.839726291652535
PART-RIVERBANK-2,332,RiverBank/C3D8R,290.0,-10.0,-45.0,1.5594724e-05,-5.2229814e-05,-8.465657e-05,4.26978e-06,-5.22809e-05,-7.19172e-05,1.7045483694499022e-05,16.929170405470778,11.59276346945613
PART-RIVERBANK-2,359,RiverBank/C3D8R,290.0,10.0,-45.0,1.5594724e-05,5.2229814e-05,-8.465657e-05,4.26978e-06,5.22809e-05,-7.19172e-05,1.7045483694499022e-05,16.929170405470778,11.59276346945613
PART-RIVERBANK-1,314,RiverBank/C3D8R,-290.0,-10.0,-45.0,-1.5594724e-05,-5.2229814e-05,-8.465657e-05,-4.26978e-06,-5.22809e-05,-7.19172e-05,1.7045483694499022e-05,16.929170405470778,11.59276346945613
PART-RIVERBANK-1,341,RiverBank/C3D8R,-290.0,10.0,-45.0,-1.5594724e-05,5.2229814e-05,-8.465657e-05,-4.26978e-06,5.22809e-05,-7.19172e-05,1.7045483694499022e-05,16.929170405470778,11.59276346945613
PART-RIVERBANK-2,595,RiverBank/C3D8R,290.0,0.0,-45.0,1.2182304e-05,4.7205657e-19,-9.626932e-05,9.84566e-07,4.84884e-18,-8.34922e-05,1.6989530064455696e-05,17.508290671664724,13.952455679098602
PART-RIVERBANK-1,541,RiverBank/C3D8R,-290.0,0.0,-45.0,-1.2182304e-05,-3.0865236e-19,-9.626932e-05,-9.84566e-07,6.94694e-18,-8.34922e-05,1.6989530064455696e-05,17.508290671664724,13.952455679098602
PART-RIVERBANK-2,565,RiverBank/C3D8R,275.0,0.0,-40.0,2.5632703e-06,-5.5377917e-19,-0.00022052515,1.87616e-05,-1.22159e-17,-0.000216579,1.6672072003575386e-05,7.559657424376057,1.428282266981911
PART-RIVERBANK-1,565,RiverBank/C3D8R,-275.0,0.0,-40.0,-2.5632703e-06,-9.197204e-21,-0.00022052515,-1.87616e-05,-2.94979e-17,-0.000216579,1.6672072003575386e-05,7.559657424376057,1.428282266981911
PART-RIVERBANK-2,559,RiverBank/C3D8R,270.0,0.0,-45.0,1.4099723e-05,-1.1200355e-19,-0.00014439049,2.91005e-05,-6.87918e-18,-0.00013731,1.658784643176531e-05,11.433800644727345,3.2516939810341845
PART-RIVERBANK-1,577,RiverBank/C3D8R,-270.0,0.0,-45.0,-1.4099723e-05,6.5928486e-20,-0.00014439049,-2.91005e-05,-1.39354e-17,-0.00013731,1.658784643176531e-05,11.433800644727345,3.2516939810341845
PART-RIVERBANK-2,144,RiverBank/C3D8R,300.0,5.0,-5.0,-0.00033510997,-6.346008e-06,-0.00029478653,-0.000342197,7.06678e-06,-0.000300728,1.6292020805128605e-05,3.649965854057914,2.073483085072249
PART-RIVERBANK-2,146,RiverBank/C3D8R,300.0,-5.0,-5.0,-0.00033510997,6.346008e-06,-0.00029478653,-0.000342197,-7.06678e-06,-0.000300728,1.6292020805128605e-05,3.649965854057914,2.073483085072249
PART-RIVERBANK-1,129,RiverBank/C3D8R,-300.0,5.0,-5.0,0.00033510997,-6.346008e-06,-0.00029478653,0.000342197,7.06678e-06,-0.000300728,1.6292020805128605e-05,3.649965854057914,2.073483085072249
PART-RIVERBANK-1,131,RiverBank/C3D8R,-300.0,-5.0,-5.0,0.00033510997,6.346008e-06,-0.00029478653,0.000342197,-7.06678e-06,-0.000300728,1.6292020805128605e-05,3.649965854057914,2.073483085072249
PART-RIVERBANK-2,493,RiverBank/C3D8R,285.0,0.0,-5.0,-0.0003498651,-1.2816973e-17,-0.0005069961,-0.000337903,-8.06257e-17,-0.000496183,1.6124979628514308e-05,2.6177100084423652,2.5458600224737507
PART-RIVERBANK-1,433,RiverBank/C3D8R,-285.0,0.0,-5.0,0.0003498651,-1.1540559e-18,-0.0005069961,0.000337903,-1.89044e-16,-0.000496183,1.6124979628514308e-05,2.6177100084423652,2.5458600224737507
PART-RIVERBANK-2,568,RiverBank/C3D8R,275.0,0.0,-45.0,-2.311105e-06,2.2075088e-19,-7.543249e-05,-1.47486e-05,-8.31363e-18,-6.54403e-05,1.5954157541879953e-05,21.14032666909751,11.112261278964096
PART-RIVERBANK-1,568,RiverBank/C3D8R,-275.0,0.0,-45.0,2.311105e-06,7.602315e-20,-7.543249e-05,1.47486e-05,-3.10289e-18,-6.54403e-05,1.5954157541879953e-05,21.14032666909751,11.112261278964096
PART-RIVERBANK-2,540,RiverBank/C3D8R,260.0,-5.0,-45.0,-6.9299655e-05,-5.568906e-06,-7.9270976e-05,-7.01787e-05,-2.0567e-05,-7.68174e-05,1.5222863690273161e-05,14.437628585870343,0.5902244297292716
PART-RIVERBANK-2,542,RiverBank/C3D8R,260.0,5.0,-45.0,-6.9299655e-05,5.568906e-06,-7.9270976e-05,-7.01787e-05,2.0567e-05,-7.68174e-05,1.5222863690273161e-05,14.437628585870343,0.5902244297292716
PART-RIVERBANK-1,594,RiverBank/C3D8R,-260.0,-5.0,-45.0,6.9299655e-05,-5.568906e-06,-7.9270976e-05,7.01787e-05,-2.0567e-05,-7.68174e-05,1.5222863690273161e-05,14.437628585870343,0.5902244297292716
PART-RIVERBANK-1,596,RiverBank/C3D8R,-260.0,5.0,-45.0,6.9299655e-05,5.568906e-06,-7.9270976e-05,7.01787e-05,2.0567e-05,-7.68174e-05,1.5222863690273161e-05,14.437628585870343,0.5902244297292716
PART-RIVERBANK-2,468,RiverBank/C3D8R,280.0,5.0,-20.0,-0.00017869052,2.771812e-05,-0.000486492,-0.000173113,1.44636e-05,-0.000481713,1.5153543175798853e-05,2.919692465114409,1.335769237490386
PART-RIVERBANK-2,470,RiverBank/C3D8R,280.0,-5.0,-20.0,-0.00017869052,-2.771812e-05,-0.000486492,-0.000173113,-1.44636e-05,-0.000481713,1.5153543175798853e-05,2.919692465114409,1.335769237490386
PART-RIVERBANK-1,438,RiverBank/C3D8R,-280.0,5.0,-20.0,0.00017869052,2.771812e-05,-0.000486492,0.000173113,1.44636e-05,-0.000481713,1.5153543175798853e-05,2.919692465114409,1.335769237490386
PART-RIVERBANK-1,440,RiverBank/C3D8R,-280.0,-5.0,-20.0,0.00017869052,-2.771812e-05,-0.000486492,0.000173113,-1.44636e-05,-0.000481713,1.5153543175798853e-05,2.919692465114409,1.335769237490386
PART-RIVERBANK-2,329,RiverBank/C3D8R,285.0,-10.0,-45.0,1.8834178e-05,-5.970829e-05,-0.00012128704,1.86842e-05,-4.82134e-05,-0.000111678,1.498294494530978e-05,10.97707548814823,9.83607518558592
PART-RIVERBANK-2,356,RiverBank/C3D8R,285.0,10.0,-45.0,1.8834178e-05,5.970829e-05,-0.00012128704,1.86842e-05,4.82134e-05,-0.000111678,1.498294494530978e-05,10.97707548814823,9.83607518558592
PART-RIVERBANK-1,317,RiverBank/C3D8R,-285.0,-10.0,-45.0,-1.8834178e-05,-5.970829e-05,-0.00012128704,-1.86842e-05,-4.82134e-05,-0.000111678,1.498294494530978e-05,10.97707548814823,9.83607518558592
PART-RIVERBANK-1,344,RiverBank/C3D8R,-285.0,10.0,-45.0,-1.8834178e-05,5.970829e-05,-0.00012128704,-1.86842e-05,4.82134e-05,-0.000111678,1.498294494530978e-05,10.97707548814823,9.83607518558592
PART-RIVERBANK-2,571,RiverBank/C3D8R,280.0,0.0,-35.0,-3.1258492e-07,-1.4460977e-18,-0.00033463145,-8.32919e-06,-1.31993e-17,-0.000322243,1.4756003876767643e-05,4.409626602315845,3.669996965213667
PART-RIVERBANK-1,553,RiverBank/C3D8R,-280.0,0.0,-35.0,3.1258492e-07,-4.260167e-19,-0.00033463145,8.32919e-06,-3.96547e-17,-0.000322243,1.4756003876767643e-05,4.409626602315845,3.669996965213667
PART-RIVERBANK-2,306,RiverBank/C3D8R,300.0,-5.0,-45.0,4.7609872e-05,-1.2570203e-05,-7.5828575e-05,5.88464e-05,-6.64257e-06,-6.94369e-05,1.422145927052136e-05,15.729275148879612,0.936464586430338
PART-RIVERBANK-2,308,RiverBank/C3D8R,300.0,5.0,-45.0,4.7609872e-05,1.2570203e-05,-7.5828575e-05,5.88464e-05,6.64257e-06,-6.94369e-05,1.422145927052136e-05,15.729275148879612,0.936464586430338
PART-RIVERBANK-1,297,RiverBank/C3D8R,-300.0,-5.0,-45.0,-4.7609872e-05,-1.2570203e-05,-7.5828575e-05,-5.88464e-05,-6.64257e-06,-6.94369e-05,1.422145927052136e-05,15.729275148879612,0.936464586430338
PART-RIVERBANK-1,299,RiverBank/C3D8R,-300.0,5.0,-45.0,-4.7609872e-05,1.2570203e-05,-7.5828575e-05,-5.88464e-05,6.64257e-06,-6.94369e-05,1.422145927052136e-05,15.729275148879612,0.936464586430338
PART-RIVERBANK-2,573,RiverBank/C3D8R,280.0,-5.0,-40.0,-1.39629965e-05,-5.538831e-05,-0.00019624262,-6.7449e-06,-5.08748e-05,-0.000185063,1.4051924884079472e-05,6.875159987945797,6.037506631715059
PART-RIVERBANK-2,575,RiverBank/C3D8R,280.0,5.0,-40.0,-1.39629965e-05,5.538831e-05,-0.00019624262,-6.7449e-06,5.08748e-05,-0.000185063,1.4051924884079472e-05,6.875159987945797,6.037506631715059
PART-RIVERBANK-1,555,RiverBank/C3D8R,-280.0,-5.0,-40.0,1.39629965e-05,-5.538831e-05,-0.00019624262,6.7449e-06,-5.08748e-05,-0.000185063,1.4051924884079472e-05,6.875159987945797,6.037506631715059
PART-RIVERBANK-1,557,RiverBank/C3D8R,-280.0,5.0,-40.0,1.39629965e-05,5.538831e-05,-0.00019624262,6.7449e-06,5.08748e-05,-0.000185063,1.4051924884079472e-05,6.875159987945797,6.037506631715059
PART-RIVERBANK-2,541,RiverBank/C3D8R,260.0,0.0,-45.0,5.7852038e-05,-7.972108e-19,-0.000187997,5.83867e-05,-1.46842e-17,-0.000174503,1.350458808902529e-05,6.865678943322634,6.4491853773389884
PART-RIVERBANK-1,595,RiverBank/C3D8R,-260.0,0.0,-45.0,-5.7852038e-05,3.2072768e-19,-0.000187997,-5.83867e-05,-2.65985e-17,-0.000174503,1.350458808902529e-05,6.865678943322634,6.4491853773389884
PART-RIVERBANK-2,454,RiverBank/C3D8R,275.0,0.0,-20.0,-0.00016553438,-8.237304e-18,-0.0005122527,-0.000154128,-9.43561e-17,-0.000516202,1.2070728030835595e-05,2.242233994802852,0.07165810320003978
PART-RIVERBANK-1,454,RiverBank/C3D8R,-275.0,0.0,-20.0,0.00016553438,7.565224e-19,-0.0005122527,0.000154128,-1.88592e-16,-0.000516202,1.2070728030835595e-05,2.242233994802852,0.07165810320003978
PART-RIVERBANK-2,523,RiverBank/C3D8R,295.0,0.0,-5.0,-0.00031395306,-7.912552e-18,-0.00041604514,-0.000315338,-1.00695e-17,-0.000404678,1.1451197779411566e-05,2.197040190791811,1.5689864073001005
PART-RIVERBANK-1,403,RiverBank/C3D8R,-295.0,0.0,-5.0,0.00031395306,-2.4960615e-18,-0.00041604514,0.000315338,-6.82327e-17,-0.000404678,1.1451197779411566e-05,2.197040190791811,1.5689864073001005
PART-RIVERBANK-2,567,RiverBank/C3D8R,275.0,-5.0,-45.0,-4.8143565e-06,-3.512689e-05,-8.522637e-05,4.77347e-06,-3.39892e-05,-7.92093e-05,1.13765498687037e-05,12.324667641560303,6.4797043877693055
PART-RIVERBANK-2,569,RiverBank/C3D8R,275.0,5.0,-45.0,-4.8143565e-06,3.512689e-05,-8.522637e-05,4.77347e-06,3.39892e-05,-7.92093e-05,1.13765498687037e-05,12.324667641560303,6.4797043877693055
PART-RIVERBANK-1,567,RiverBank/C3D8R,-275.0,-5.0,-45.0,4.8143565e-06,-3.512689e-05,-8.522637e-05,-4.77347e-06,-3.39892e-05,-7.92093e-05,1.13765498687037e-05,12.324667641560303,6.4797043877693055
PART-RIVERBANK-1,569,RiverBank/C3D8R,-275.0,5.0,-45.0,4.8143565e-06,3.512689e-05,-8.522637e-05,-4.77347e-06,3.39892e-05,-7.92093e-05,1.13765498687037e-05,12.324667641560303,6.4797043877693055
PART-RIVERBANK-2,326,RiverBank/C3D8R,280.0,-10.0,-45.0,-1.4856206e-06,-7.173223e-05,-9.075589e-05,3.65101e-07,-6.8818e-05,-8.035e-05,1.0963596746766388e-05,9.476640094330834,8.555299962293923
PART-RIVERBANK-2,353,RiverBank/C3D8R,280.0,10.0,-45.0,-1.4856206e-06,7.173223e-05,-9.075589e-05,3.65101e-07,6.8818e-05,-8.035e-05,1.0963596746766388e-05,9.476640094330834,8.555299962293923
PART-RIVERBANK-1,320,RiverBank/C3D8R,-280.0,-10.0,-45.0,1.4856206e-06,-7.173223e-05,-9.075589e-05,-3.65101e-07,-6.8818e-05,-8.035e-05,1.0963596746766388e-05,9.476640094330834,8.555299962293923
PART-RIVERBANK-1,347,RiverBank/C3D8R,-280.0,10.0,-45.0,1.4856206e-06,7.173223e-05,-9.075589e-05,-3.65101e-07,6.8818e-05,-8.035e-05,1.0963596746766388e-05,9.476640094330834,8.555299962293923
PART-RIVERBANK-2,577,RiverBank/C3D8R,280.0,0.0,-45.0,-2.643193e-07,1.2873995e-19,-0.00011433884,1.75848e-06,-7.76306e-19,-0.000103681,1.084809985544384e-05,9.487651675657835,9.308478039973844
PART-RIVERBANK-1,559,RiverBank/C3D8R,-280.0,0.0,-45.0,2.643193e-07,-1.290096e-19,-0.00011433884,-1.75848e-06,-3.74473e-18,-0.000103681,1.084809985544384e-05,9.487651675657835,9.308478039973844
PART-RIVERBANK-2,547,RiverBank/C3D8R,265.0,0.0,-40.0,7.690217e-05,-1.6312713e-18,-0.00030291989,8.2299e-05,-2.92582e-17,-0.000293529,1.0831185948039103e-05,3.465657399477897,2.4576552876487114
PART-RIVERBANK-1,583,RiverBank/C3D8R,-265.0,0.0,-40.0,-7.690217e-05,5.810553e-19,-0.00030291989,-8.2299e-05,-5.719e-17,-0.000293529,1.0831185948039103e-05,3.465657399477897,2.4576552876487114
PART-RIVERBANK-2,585,RiverBank/C3D8R,285.0,-5.0,-45.0,3.0533756e-06,-2.2386965e-05,-7.1624716e-05,-1.81456e-06,-2.41354e-05,-6.25122e-05,1.047815679426627e-05,13.951543912645587,10.744728983070878
PART-RIVERBANK-2,587,RiverBank/C3D8R,285.0,5.0,-45.0,3.0533756e-06,2.2386965e-05,-7.1624716e-05,-1.81456e-06,2.41354e-05,-6.25122e-05,1.047815679426627e-05,13.951543912645587,10.744728983070878
PART-RIVERBANK-1,549,RiverBank/C3D8R,-285.0,-5.0,-45.0,-3.0533756e-06,-2.2386965e-05,-7.1624716e-05,1.81456e-06,-2.41354e-05,-6.25122e-05,1.047815679426627e-05,13.951543912645587,10.744728983070878
PART-RIVERBANK-1,551,RiverBank/C3D8R,-285.0,5.0,-45.0,-3.0533756e-06,2.2386965e-05,-7.1624716e-05,1.81456e-06,2.41354e-05,-6.25122e-05,1.047815679426627e-05,13.951543912645587,10.744728983070878
PART-RIVERBANK-2,604,RiverBank/C3D8R,295.0,0.0,-45.0,2.5151774e-05,6.5566626e-19,-5.998427e-05,3.43665e-05,9.24801e-18,-5.53201e-05,1.0327906711622445e-05,15.878334243161826,0.1257316053193714
PART-RIVERBANK-1,532,RiverBank/C3D8R,-295.0,0.0,-45.0,-2.5151774e-05,-2.4088533e-19,-5.998427e-05,-3.43665e-05,1.60752e-17,-5.53201e-05,1.0327906711622445e-05,15.878334243161826,0.1257316053193714
PART-RIVERBANK-2,583,RiverBank/C3D8R,285.0,0.0,-40.0,-9.552221e-06,3.0940763e-19,-0.00017807397,-1.37908e-05,1.10538e-18,-0.000169325,9.72162681860093e-06,5.451481865486534,4.7352175489195565
PART-RIVERBANK-1,547,RiverBank/C3D8R,-285.0,0.0,-40.0,9.552221e-06,-4.4522257e-19,-0.00017807397,1.37908e-05,-4.45963e-18,-0.000169325,9.72162681860093e-06,5.451481865486534,4.7352175489195565
PART-RIVERBANK-2,576,RiverBank/C3D8R,280.0,-5.0,-45.0,1.1028424e-05,-1.3705676e-05,-7.643559e-05,4.92406e-06,-9.15301e-06,-7.08086e-05,9.468529136679673e-06,12.071991084819537,8.754561687376553
PART-RIVERBANK-2,578,RiverBank/C3D8R,280.0,5.0,-45.0,1.1028424e-05,1.3705676e-05,-7.643559e-05,4.92406e-06,9.15301e-06,-7.08086e-05,9.468529136679673e-06,12.071991084819537,8.754561687376553
PART-RIVERBANK-1,558,RiverBank/C3D8R,-280.0,-5.0,-45.0,-1.1028424e-05,-1.3705676e-05,-7.643559e-05,-4.92406e-06,-9.15301e-06,-7.08086e-05,9.468529136679673e-06,12.071991084819537,8.754561687376553
PART-RIVERBANK-1,560,RiverBank/C3D8R,-280.0,5.0,-45.0,-1.1028424e-05,1.3705676e-05,-7.643559e-05,-4.92406e-06,9.15301e-06,-7.08086e-05,9.468529136679673e-06,12.071991084819537,8.754561687376553
PART-RIVERBANK-2,328,RiverBank/C3D8R,285.0,-10.0,-40.0,-4.8956176e-06,-6.185389e-05,-0.0001285658,-1.05171e-05,-6.14161e-05,-0.000121797,8.809618487630993e-06,6.171138393189351,4.164380619247194
PART-RIVERBANK-2,355,RiverBank/C3D8R,285.0,10.0,-40.0,-4.8956176e-06,6.185389e-05,-0.0001285658,-1.05171e-05,6.14161e-05,-0.000121797,8.809618487630993e-06,6.171138393189351,4.164380619247194
PART-RIVERBANK-1,316,RiverBank/C3D8R,-285.0,-10.0,-40.0,4.8956176e-06,-6.185389e-05,-0.0001285658,1.05171e-05,-6.14161e-05,-0.000121797,8.809618487630993e-06,6.171138393189351,4.164380619247194
PART-RIVERBANK-1,343,RiverBank/C3D8R,-285.0,10.0,-40.0,4.8956176e-06,6.185389e-05,-0.0001285658,1.05171e-05,6.14161e-05,-0.000121797,8.809618487630993e-06,6.171138393189351,4.164380619247194
PART-RIVERBANK-2,594,RiverBank/C3D8R,290.0,-5.0,-45.0,1.7778493e-05,-1.5932312e-05,-6.845435e-05,2.30408e-05,-1.01429e-05,-6.48345e-05,8.6204686816027e-06,11.890684611656004,4.0652134566005405
PART-RIVERBANK-2,596,RiverBank/C3D8R,290.0,5.0,-45.0,1.7778493e-05,1.5932312e-05,-6.845435e-05,2.30408e-05,1.01429e-05,-6.48345e-05,8.6204686816027e-06,11.890684611656004,4.0652134566005405
PART-RIVERBANK-1,540,RiverBank/C3D8R,-290.0,-5.0,-45.0,-1.7778493e-05,-1.5932312e-05,-6.845435e-05,-2.30408e-05,-1.01429e-05,-6.48345e-05,8.6204686816027e-06,11.890684611656004,4.0652134566005405
PART-RIVERBANK-1,542,RiverBank/C3D8R,-290.0,5.0,-45.0,-1.7778493e-05,1.5932312e-05,-6.845435e-05,-2.30408e-05,1.01429e-05,-6.48345e-05,8.6204686816027e-06,11.890684611656004,4.0652134566005405
PART-RIVERBANK-2,466,RiverBank/C3D8R,280.0,0.0,-25.0,-9.3781826e-05,-5.2847664e-18,-0.00049967394,-0.000100414,-4.14182e-17,-0.000504167,8.01082518407913e-06,1.5756979076468496,1.1154331595422484
PART-RIVERBANK-1,436,RiverBank/C3D8R,-280.0,0.0,-25.0,9.3781826e-05,-2.403024e-19,-0.00049967394,0.000100414,-1.00001e-16,-0.000504167,8.01082518407913e-06,1.5756979076468496,1.1154331595422484
PART-RIVERBANK-2,586,RiverBank/C3D8R,285.0,0.0,-45.0,1.2298156e-05,3.0366563e-19,-7.2131406e-05,1.24105e-05,-7.66565e-20,-6.60578e-05,6.074644929341301e-06,8.301837664961207,8.143520728037734
PART-RIVERBANK-1,550,RiverBank/C3D8R,-285.0,0.0,-45.0,-1.2298156e-05,-3.294804e-20,-7.2131406e-05,-1.24105e-05,4.18053e-18,-6.60578e-05,6.074644929341301e-06,8.301837664961207,8.143520728037734
PART-RIVERBANK-2,484,RiverBank/C3D8R,285.0,0.0,-20.0,-0.00017727759,-4.7330555e-18,-0.00042945726,-0.000180815,-3.43828e-17,-0.000432529,4.6849606333138145e-06,1.0083678075811826,0.9026485377495576
PART-RIVERBANK-1,424,RiverBank/C3D8R,-285.0,0.0,-20.0,0.00017727759,-9.823519e-19,-0.00042945726,0.000180815,-8.83794e-17,-0.000432529,4.6849606333138145e-06,1.0083678075811826,0.9026485377495576
PART-PIER-2,270,Pier/C3D8R,-13.33333,-15.0,-50.0,-2.148152e-29,-1.04808045e-30,-1.2262604e-28,0.0,0.0,0.0,1.244977905836954e-28,,
PART-PIER-2,508,Pier/C3D8R,13.33333,-15.0,-50.0,2.148152e-29,-1.04808045e-30,-1.2262604e-28,0.0,0.0,0.0,1.244977905836954e-28,,
PART-PIER-1,270,Pier/C3D8R,-13.33333,15.0,-50.0,-2.148152e-29,1.04808045e-30,-1.2262604e-28,0.0,0.0,0.0,1.244977905836954e-28,,
PART-PIER-1,508,Pier/C3D8R,13.33333,15.0,-50.0,2.148152e-29,1.04808045e-30,-1.2262604e-28,0.0,0.0,0.0,1.244977905836954e-28,,
PART-PIER-2,13,Pier/C3D8R,0.0,-15.0,-50.0,2.69e-43,7.559669e-31,-1.2065998e-28,0.0,0.0,0.0,1.2066234814371174e-28,,
PART-PIER-1,13,Pier/C3D8R,0.0,15.0,-50.0,3.78e-43,-7.559669e-31,-1.2065998e-28,0.0,0.0,0.0,1.2066234814371174e-28,,
PART-PIER-2,269,Pier/C3D8R,-6.66667,-15.0,-50.0,-8.248632e-30,7.5496553e-31,-1.1578856e-28,0.0,0.0,0.0,1.1608445429813809e-28,,
PART-PIER-2,507,Pier/C3D8R,6.66667,-15.0,-50.0,8.248632e-30,7.5496553e-31,-1.1578856e-28,0.0,0.0,0.0,1.1608445429813809e-28,,
PART-PIER-1,269,Pier/C3D8R,-6.66667,15.0,-50.0,-8.248632e-30,-7.5496553e-31,-1.1578856e-28,0.0,0.0,0.0,1.1608445429813809e-28,,
PART-PIER-1,507,Pier/C3D8R,6.66667,15.0,-50.0,8.248632e-30,-7.5496553e-31,-1.1578856e-28,0.0,0.0,0.0,1.1608445429813809e-28,,
PART-PIER-2,1,Pier/C3D8R,0.0,-10.0,-50.0,7.57e-43,8.938806e-30,-7.4390206e-29,0.0,0.0,0.0,7.492532950496829e-29,,
PART-PIER-1,2,Pier/C3D8R,0.0,10.0,-50.0,-2.02e-43,-8.938806e-30,-7.4390206e-29,0.0,0.0,0.0,7.492532950496829e-29,,
PART-PIER-2,17,Pier/C3D8R,-13.33333,-10.0,-50.0,-1.2111955e-29,7.939104e-30,-7.248601e-29,0.0,0.0,0.0,7.391853943338532e-29,,
PART-PIER-2,182,Pier/C3D8R,13.33333,-10.0,-50.0,1.2111955e-29,7.939104e-30,-7.248601e-29,0.0,0.0,0.0,7.391853943338532e-29,,
PART-PIER-1,15,Pier/C3D8R,-13.33333,10.0,-50.0,-1.2111955e-29,-7.939104e-30,-7.248601e-29,0.0,0.0,0.0,7.391853943338532e-29,,
PART-PIER-1,184,Pier/C3D8R,13.33333,10.0,-50.0,1.2111955e-29,-7.939104e-30,-7.248601e-29,0.0,0.0,0.0,7.391853943338532e-29,,
PART-PIER-2,16,Pier/C3D8R,-20.0,-15.0,-50.0,-1.7530672e-29,-1.4593326e-30,-6.981381e-29,0.0,0.0,0.0,7.199598724321451e-29,,
PART-PIER-2,183,Pier/C3D8R,20.0,-15.0,-50.0,1.7530672e-29,-1.4593326e-30,-6.981381e-29,0.0,0.0,0.0,7.199598724321451e-29,,
PART-PIER-1,16,Pier/C3D8R,-20.0,15.0,-50.0,-1.7530672e-29,1.4593326e-30,-6.981381e-29,0.0,0.0,0.0,7.199598724321451e-29,,
PART-PIER-1,183,Pier/C3D8R,20.0,15.0,-50.0,1.7530672e-29,1.4593326e-30,-6.981381e-29,0.0,0.0,0.0,7.199598724321451e-29,,
PART-PIER-2,18,Pier/C3D8R,-6.66667,-10.0,-50.0,-4.660444e-30,8.702126e-30,-7.1004036e-29,0.0,0.0,0.0,7.168695741546232e-29,,
PART-PIER-2,181,Pier/C3D8R,6.66667,-10.0,-50.0,4.660444e-30,8.702126e-30,-7.1004036e-29,0.0,0.0,0.0,7.168695741546232e-29,,
PART-PIER-1,14,Pier/C3D8R,-6.66667,10.0,-50.0,-4.660444e-30,-8.702126e-30,-7.1004036e-29,0.0,0.0,0.0,7.168695741546232e-29,,
PART-PIER-1,185,Pier/C3D8R,6.66667,10.0,-50.0,4.660444e-30,-8.702126e-30,-7.1004036e-29,0.0,0.0,0.0,7.168695741546232e-29,,
PART-PIER-2,15,Pier/C3D8R,-13.33333,-20.0,-50.0,-9.3620666e-30,-8.197619e-30,-5.4696254e-29,0.0,0.0,0.0,5.609393416337023e-29,,
PART-PIER-2,184,Pier/C3D8R,13.33333,-20.0,-50.0,9.3620666e-30,-8.197619e-30,-5.4696254e-29,0.0,0.0,0.0,5.609393416337023e-29,,
PART-PIER-1,17,Pier/C3D8R,-13.33333,20.0,-50.0,-9.3620666e-30,8.197619e-30,-5.4696254e-29,0.0,0.0,0.0,5.609393416337023e-29,,
PART-PIER-1,182,Pier/C3D8R,13.33333,20.0,-50.0,9.3620666e-30,8.197619e-30,-5.4696254e-29,0.0,0.0,0.0,5.609393416337023e-29,,
PART-PIER-2,2,Pier/C3D8R,0.0,-20.0,-50.0,-4.65e-43,-7.013041e-30,-5.0790275e-29,0.0,0.0,0.0,5.127216377961152e-29,,
PART-PIER-1,1,Pier/C3D8R,0.0,20.0,-50.0,6.11e-43,7.013041e-30,-5.0790275e-29,0.0,0.0,0.0,5.127216377961152e-29,,
PART-PIER-2,14,Pier/C3D8R,-6.66667,-20.0,-50.0,-3.5898977e-30,-6.906068e-30,-4.930727e-29,0.0,0.0,0.0,4.9917812608025895e-29,,
PART-PIER-2,185,Pier/C3D8R,6.66667,-20.0,-50.0,3.5898977e-30,-6.906068e-30,-4.930727e-29,0.0,0.0,0.0,4.9917812608025895e-29,,
PART-PIER-1,18,Pier/C3D8R,-6.66667,20.0,-50.0,-3.5898977e-30,6.906068e-30,-4.930727e-29,0.0,0.0,0.0,4.9917812608025895e-29,,
PART-PIER-1,181,Pier/C3D8R,6.66667,20.0,-50.0,3.5898977e-30,6.906068e-30,-4.930727e-29,0.0,0.0,0.0,4.9917812608025895e-29,,
PART-RIVERBANK-2,364,RiverBank/C3D8R,255.0,0.0,-50.0,4.3874715e-30,-9.1e-44,-4.5231927e-29,0.0,0.0,0.0,4.5444219943757874e-29,,
PART-RIVERBANK-1,388,RiverBank/C3D8R,-255.0,0.0,-50.0,-4.3874715e-30,3.2e-44,-4.5231927e-29,0.0,0.0,0.0,4.5444219943757874e-29,,
PART-RIVERBANK-2,363,RiverBank/C3D8R,255.0,-5.0,-50.0,-1.2226159e-29,-1.4233985e-30,-4.234705e-29,0.0,0.0,0.0,4.4099633455229345e-29,,
PART-RIVERBANK-2,365,RiverBank/C3D8R,255.0,5.0,-50.0,-1.2226159e-29,1.4233985e-30,-4.234705e-29,0.0,0.0,0.0,4.4099633455229345e-29,,
PART-RIVERBANK-1,387,RiverBank/C3D8R,-255.0,-5.0,-50.0,1.2226159e-29,-1.4233985e-30,-4.234705e-29,0.0,0.0,0.0,4.4099633455229345e-29,,
PART-RIVERBANK-1,389,RiverBank/C3D8R,-255.0,5.0,-50.0,1.2226159e-29,1.4233985e-30,-4.234705e-29,0.0,0.0,0.0,4.4099633455229345e-29,,
PART-RIVERBANK-2,366,RiverBank/C3D8R,260.0,-5.0,-50.0,-2.7571573e-31,-5.5358426e-30,-4.2300653e-29,0.0,0.0,0.0,4.2662241111809317e-29,,
PART-RIVERBANK-2,368,RiverBank/C3D8R,260.0,5.0,-50.0,-2.7571573e-31,5.5358426e-30,-4.2300653e-29,0.0,0.0,0.0,4.2662241111809317e-29,,
PART-RIVERBANK-1,384,RiverBank/C3D8R,-260.0,-5.0,-50.0,2.7571573e-31,-5.5358426e-30,-4.2300653e-29,0.0,0.0,0.0,4.2662241111809317e-29,,
PART-RIVERBANK-1,386,RiverBank/C3D8R,-260.0,5.0,-50.0,2.7571573e-31,5.5358426e-30,-4.2300653e-29,0.0,0.0,0.0,4.2662241111809317e-29,,
PART-PIER-2,4,Pier/C3D8R,-20.0,-10.0,-50.0,-9.797466e-30,3.6718193e-30,-4.0071657e-29,0.0,0.0,0.0,4.141509738873805e-29,,
PART-PIER-2,9,Pier/C3D8R,20.0,-10.0,-50.0,9.797466e-30,3.6718193e-30,-4.0071657e-29,0.0,0.0,0.0,4.141509738873805e-29,,
PART-PIER-1,3,Pier/C3D8R,-20.0,10.0,-50.0,-9.797466e-30,-3.6718193e-30,-4.0071657e-29,0.0,0.0,0.0,4.141509738873805e-29,,
PART-PIER-1,10,Pier/C3D8R,20.0,10.0,-50.0,9.797466e-30,-3.6718193e-30,-4.0071657e-29,0.0,0.0,0.0,4.141509738873805e-29,,
PART-RIVERBANK-2,369,RiverBank/C3D8R,265.0,-5.0,-50.0,-1.56670075e-30,-5.5253546e-30,-3.859725e-29,0.0,0.0,0.0,3.9022196276712714e-29,,
PART-RIVERBANK-2,371,RiverBank/C3D8R,265.0,5.0,-50.0,-1.56670075e-30,5.5253546e-30,-3.859725e-29,0.0,0.0,0.0,3.9022196276712714e-29,,
PART-RIVERBANK-1,381,RiverBank/C3D8R,-265.0,-5.0,-50.0,1.56670075e-30,-5.5253546e-30,-3.859725e-29,0.0,0.0,0.0,3.9022196276712714e-29,,
PART-RIVERBANK-1,383,RiverBank/C3D8R,-265.0,5.0,-50.0,1.56670075e-30,5.5253546e-30,-3.859725e-29,0.0,0.0,0.0,3.9022196276712714e-29,,
PART-RIVERBANK-2,370,RiverBank/C3D8R,265.0,0.0,-50.0,3.3493994e-30,9.1e-44,-3.8210276e-29,0.0,0.0,0.0,3.8356794291714424e-29,,
PART-RIVERBANK-1,382,RiverBank/C3D8R,-265.0,0.0,-50.0,-3.3493994e-30,7e-45,-3.8210276e-29,0.0,0.0,0.0,3.8356794291714424e-29,,
PART-RIVERBANK-2,372,RiverBank/C3D8R,270.0,-5.0,-50.0,6.3811292e-31,-4.748703e-30,-3.7553434e-29,0.0,0.0,0.0,3.785786276948602e-29,,
PART-RIVERBANK-2,374,RiverBank/C3D8R,270.0,5.0,-50.0,6.3811292e-31,4.748703e-30,-3.7553434e-29,0.0,0.0,0.0,3.785786276948602e-29,,
PART-RIVERBANK-1,378,RiverBank/C3D8R,-270.0,-5.0,-50.0,-6.3811292e-31,-4.748703e-30,-3.7553434e-29,0.0,0.0,0.0,3.785786276948602e-29,,
PART-RIVERBANK-1,380,RiverBank/C3D8R,-270.0,5.0,-50.0,-6.3811292e-31,4.748703e-30,-3.7553434e-29,0.0,0.0,0.0,3.785786276948602e-29,,
PART-RIVERBANK-2,367,RiverBank/C3D8R,260.0,0.0,-50.0,-8.496463e-30,-7.8e-44,-3.5583027e-29,0.0,0.0,0.0,3.6583352689346256e-29,,
PART-RIVERBANK-1,385,RiverBank/C3D8R,-260.0,0.0,-50.0,8.496463e-30,2.4e-44,-3.5583027e-29,0.0,0.0,0.0,3.6583352689346256e-29,,
PART-RIVERBANK-2,375,RiverBank/C3D8R,275.0,-5.0,-50.0,9.183085e-31,-4.7213834e-30,-3.4033496e-29,0.0,0.0,0.0,3.437169768418464e-29,,
PART-RIVERBANK-2,377,RiverBank/C3D8R,275.0,5.0,-50.0,9.183085e-31,4.7213834e-30,-3.4033496e-29,0.0,0.0,0.0,3.437169768418464e-29,,
PART-RIVERBANK-1,375,RiverBank/C3D8R,-275.0,-5.0,-50.0,-9.183085e-31,-4.7213834e-30,-3.4033496e-29,0.0,0.0,0.0,3.437169768418464e-29,,
PART-RIVERBANK-1,377,RiverBank/C3D8R,-275.0,5.0,-50.0,-9.183085e-31,4.7213834e-30,-3.4033496e-29,0.0,0.0,0.0,3.437169768418464e-29,,
PART-PIER-2,3,Pier/C3D8R,-20.0,-20.0,-50.0,-7.734494e-30,-4.7977804e-30,-3.1795214e-29,0.0,0.0,0.0,3.3072295467784757e-29,,
PART-PIER-2,10,Pier/C3D8R,20.0,-20.0,-50.0,7.734494e-30,-4.7977804e-30,-3.1795214e-29,0.0,0.0,0.0,3.3072295467784757e-29,,
PART-PIER-1,4,Pier/C3D8R,-20.0,20.0,-50.0,-7.734494e-30,4.7977804e-30,-3.1795214e-29,0.0,0.0,0.0,3.3072295467784757e-29,,
PART-PIER-1,9,Pier/C3D8R,20.0,20.0,-50.0,7.734494e-30,4.7977804e-30,-3.1795214e-29,0.0,0.0,0.0,3.3072295467784757e-29,,
PART-RIVERBANK-2,376,RiverBank/C3D8R,275.0,0.0,-50.0,2.6329855e-30,9.7e-44,-3.2947482e-29,0.0,0.0,0.0,3.3052521579805895e-29,,
PART-RIVERBANK-1,376,RiverBank/C3D8R,-275.0,0.0,-50.0,-2.6329855e-30,1e-45,-3.2947482e-29,0.0,0.0,0.0,3.3052521579805895e-29,,
PART-RIVERBANK-2,378,RiverBank/C3D8R,280.0,-5.0,-50.0,1.4356629e-30,-4.2129684e-30,-3.2141848e-29,0.0,0.0,0.0,3.244855348943831e-29,,
PART-RIVERBANK-2,380,RiverBank/C3D8R,280.0,5.0,-50.0,1.4356629e-30,4.2129684e-30,-3.2141848e-29,0.0,0.0,0.0,3.244855348943831e-29,,
PART-RIVERBANK-1,372,RiverBank/C3D8R,-280.0,-5.0,-50.0,-1.4356629e-30,-4.2129684e-30,-3.2141848e-29,0.0,0.0,0.0,3.244855348943831e-29,,
PART-RIVERBANK-1,374,RiverBank/C3D8R,-280.0,5.0,-50.0,-1.4356629e-30,4.2129684e-30,-3.2141848e-29,0.0,0.0,0.0,3.244855348943831e-29,,
PART-RIVERBANK-2,373,RiverBank/C3D8R,270.0,0.0,-50.0,-2.4956732e-30,2.8e-44,-3.188262e-29,0.0,0.0,0.0,3.1980147635456567e-29,,
PART-RIVERBANK-1,379,RiverBank/C3D8R,-270.0,0.0,-50.0,2.4956732e-30,1e-45,-3.188262e-29,0.0,0.0,0.0,3.1980147635456567e-29,,
PART-RIVERBANK-2,381,RiverBank/C3D8R,285.0,-5.0,-50.0,1.8473197e-30,-3.9773726e-30,-2.976734e-29,0.0,0.0,0.0,3.0088645924149507e-29,,
PART-RIVERBANK-2,383,RiverBank/C3D8R,285.0,5.0,-50.0,1.8473197e-30,3.9773726e-30,-2.976734e-29,0.0,0.0,0.0,3.0088645924149507e-29,,
PART-RIVERBANK-1,369,RiverBank/C3D8R,-285.0,-5.0,-50.0,-1.8473197e-30,-3.9773726e-30,-2.976734e-29,0.0,0.0,0.0,3.0088645924149507e-29,,
PART-RIVERBANK-1,371,RiverBank/C3D8R,-285.0,5.0,-50.0,-1.8473197e-30,3.9773726e-30,-2.976734e-29,0.0,0.0,0.0,3.0088645924149507e-29,,
PART-RIVERBANK-2,382,RiverBank/C3D8R,285.0,0.0,-50.0,2.4069238e-30,8e-44,-2.8443187e-29,0.0,0.0,0.0,2.8544844874267145e-29,,
PART-RIVERBANK-1,370,RiverBank/C3D8R,-285.0,0.0,-50.0,-2.4069238e-30,-1.1e-44,-2.8443187e-29,0.0,0.0,0.0,2.8544844874267145e-29,,
PART-RIVERBANK-2,99,RiverBank/C3D8R,255.0,-10.0,-50.0,-4.052223e-30,-1.2283068e-29,-2.5272507e-29,0.0,0.0,0.0,2.839003136312819e-29,,
PART-RIVERBANK-2,116,RiverBank/C3D8R,255.0,10.0,-50.0,-4.052223e-30,1.2283068e-29,-2.5272507e-29,0.0,0.0,0.0,2.839003136312819e-29,,
PART-RIVERBANK-1,107,RiverBank/C3D8R,-255.0,-10.0,-50.0,4.052223e-30,-1.2283068e-29,-2.5272507e-29,0.0,0.0,0.0,2.839003136312819e-29,,
PART-RIVERBANK-1,108,RiverBank/C3D8R,-255.0,10.0,-50.0,4.052223e-30,1.2283068e-29,-2.5272507e-29,0.0,0.0,0.0,2.839003136312819e-29,,
PART-RIVERBANK-2,84,RiverBank/C3D8R,250.0,5.0,-50.0,-1.2684676e-29,-9.882145e-32,-2.5263558e-29,0.0,0.0,0.0,2.8269385096307275e-29,,
PART-RIVERBANK-2,86,RiverBank/C3D8R,250.0,-5.0,-50.0,-1.2684676e-29,9.882145e-32,-2.5263558e-29,0.0,0.0,0.0,2.8269385096307275e-29,,
PART-RIVERBANK-1,93,RiverBank/C3D8R,-250.0,-5.0,-50.0,1.2684676e-29,9.882145e-32,-2.5263558e-29,0.0,0.0,0.0,2.8269385096307275e-29,,
PART-RIVERBANK-1,95,RiverBank/C3D8R,-250.0,5.0,-50.0,1.2684676e-29,-9.882145e-32,-2.5263558e-29,0.0,0.0,0.0,2.8269385096307275e-29,,
PART-RIVERBANK-2,85,RiverBank/C3D8R,250.0,0.0,-50.0,-1.9598767e-30,-2.8e-44,-2.7910833e-29,0.0,0.0,0.0,2.797955888560597e-29,,
PART-RIVERBANK-1,94,RiverBank/C3D8R,-250.0,0.0,-50.0,1.9598767e-30,1.3e-44,-2.7910833e-29,0.0,0.0,0.0,2.797955888560597e-29,,
PART-RIVERBANK-2,379,RiverBank/C3D8R,280.0,0.0,-50.0,1.0991214e-31,4.6e-44,-2.7894023e-29,0.0,0.0,0.0,2.7894239545165027e-29,,
PART-RIVERBANK-1,373,RiverBank/C3D8R,-280.0,0.0,-50.0,-1.0991214e-31,-6e-45,-2.7894023e-29,0.0,0.0,0.0,2.7894239545165027e-29,,
PART-RIVERBANK-2,384,RiverBank/C3D8R,290.0,-5.0,-50.0,3.359528e-30,-3.491022e-30,-2.6996675e-29,0.0,0.0,0.0,2.742798067745588e-29,,
PART-RIVERBANK-2,386,RiverBank/C3D8R,290.0,5.0,-50.0,3.359528e-30,3.491022e-30,-2.6996675e-29,0.0,0.0,0.0,2.742798067745588e-29,,
PART-RIVERBANK-1,366,RiverBank/C3D8R,-290.0,-5.0,-50.0,-3.359528e-30,-3.491022e-30,-2.6996675e-29,0.0,0.0,0.0,2.742798067745588e-29,,
PART-RIVERBANK-1,368,RiverBank/C3D8R,-290.0,5.0,-50.0,-3.359528e-30,3.491022e-30,-2.6996675e-29,0.0,0.0,0.0,2.742798067745588e-29,,
PART-RIVERBANK-2,387,RiverBank/C3D8R,295.0,-5.0,-50.0,4.169697e-30,-3.1135772e-30,-2.60909e-29,0.0,0.0,0.0,2.6604807814794844e-29,,
PART-RIVERBANK-2,389,RiverBank/C3D8R,295.0,5.0,-50.0,4.169697e-30,3.1135772e-30,-2.60909e-29,0.0,0.0,0.0,2.6604807814794844e-29,,
PART-RIVERBANK-1,363,RiverBank/C3D8R,-295.0,-5.0,-50.0,-4.169697e-30,-3.1135772e-30,-2.60909e-29,0.0,0.0,0.0,2.6604807814794844e-29,,
PART-RIVERBANK-1,365,RiverBank/C3D8R,-295.0,5.0,-50.0,-4.169697e-30,3.1135772e-30,-2.60909e-29,0.0,0.0,0.0,2.6604807814794844e-29,,
PART-RIVERBANK-2,388,RiverBank/C3D8R,295.0,0.0,-50.0,4.6248778e-30,1.15e-43,-2.485057e-29,0.0,0.0,0.0,2.527726891873077e-29,,
PART-RIVERBANK-1,364,RiverBank/C3D8R,-295.0,0.0,-50.0,-4.6248778e-30,-3.5e-44,-2.485057e-29,0.0,0.0,0.0,2.527726891873077e-29,,
PART-RIVERBANK-2,100,RiverBank/C3D8R,260.0,-10.0,-50.0,2.2869993e-30,-3.6536403e-30,-2.4769567e-29,0.0,0.0,0.0,2.514181581762689e-29,,
PART-RIVERBANK-2,115,RiverBank/C3D8R,260.0,10.0,-50.0,2.2869993e-30,3.6536403e-30,-2.4769567e-29,0.0,0.0,0.0,2.514181581762689e-29,,
PART-RIVERBANK-1,106,RiverBank/C3D8R,-260.0,-10.0,-50.0,-2.2869993e-30,-3.6536403e-30,-2.4769567e-29,0.0,0.0,0.0,2.514181581762689e-29,,
PART-RIVERBANK-1,109,RiverBank/C3D8R,-260.0,10.0,-50.0,-2.2869993e-30,3.6536403e-30,-2.4769567e-29,0.0,0.0,0.0,2.514181581762689e-29,,
PART-RIVERBANK-2,385,RiverBank/C3D8R,290.0,0.0,-50.0,2.6722662e-30,6.4e-44,-2.394254e-29,0.0,0.0,0.0,2.4091206451634223e-29,,
PART-RIVERBANK-1,367,RiverBank/C3D8R,-290.0,0.0,-50.0,-2.6722662e-30,-1.5e-44,-2.394254e-29,0.0,0.0,0.0,2.4091206451634223e-29,,
PART-RIVERBANK-2,102,RiverBank/C3D8R,270.0,-10.0,-50.0,2.0438552e-30,-4.5854703e-30,-2.2455643e-29,0.0,0.0,0.0,2.3009993144158e-29,,
PART-RIVERBANK-2,113,RiverBank/C3D8R,270.0,10.0,-50.0,2.0438552e-30,4.5854703e-30,-2.2455643e-29,0.0,0.0,0.0,2.3009993144158e-29,,
PART-RIVERBANK-1,104,RiverBank/C3D8R,-270.0,-10.0,-50.0,-2.0438552e-30,-4.5854703e-30,-2.2455643e-29,0.0,0.0,0.0,2.3009993144158e-29,,
PART-RIVERBANK-1,111,RiverBank/C3D8R,-270.0,10.0,-50.0,-2.0438552e-30,4.5854703e-30,-2.2455643e-29,0.0,0.0,0.0,2.3009993144158e-29,,
PART-RIVERBANK-2,101,RiverBank/C3D8R,265.0,-10.0,-50.0,-3.1516935e-30,-4.5156e-30,-2.0017096e-29,0.0,0.0,0.0,2.076073090117875e-29,,
PART-RIVERBANK-2,114,RiverBank/C3D8R,265.0,10.0,-50.0,-3.1516935e-30,4.5156e-30,-2.0017096e-29,0.0,0.0,0.0,2.076073090117875e-29,,
PART-RIVERBANK-1,105,RiverBank/C3D8R,-265.0,-10.0,-50.0,3.1516935e-30,-4.5156e-30,-2.0017096e-29,0.0,0.0,0.0,2.076073090117875e-29,,
PART-RIVERBANK-1,110,RiverBank/C3D8R,-265.0,10.0,-50.0,3.1516935e-30,4.5156e-30,-2.0017096e-29,0.0,0.0,0.0,2.076073090117875e-29,,
PART-RIVERBANK-2,104,RiverBank/C3D8R,280.0,-10.0,-50.0,1.4209361e-30,-3.8848644e-30,-1.8749695e-29,0.0,0.0,0.0,1.9200580548506744e-29,,
PART-RIVERBANK-2,111,RiverBank/C3D8R,280.0,10.0,-50.0,1.4209361e-30,3.8848644e-30,-1.8749695e-29,0.0,0.0,0.0,1.9200580548506744e-29,,
PART-RIVERBANK-1,102,RiverBank/C3D8R,-280.0,-10.0,-50.0,-1.4209361e-30,-3.8848644e-30,-1.8749695e-29,0.0,0.0,0.0,1.9200580548506744e-29,,
PART-RIVERBANK-1,113,RiverBank/C3D8R,-280.0,10.0,-50.0,-1.4209361e-30,3.8848644e-30,-1.8749695e-29,0.0,0.0,0.0,1.9200580548506744e-29,,
PART-RIVERBANK-2,103,RiverBank/C3D8R,275.0,-10.0,-50.0,-5.07631e-31,-3.7770037e-30,-1.8068112e-29,0.0,0.0,0.0,1.846564695391198e-29,,
PART-RIVERBANK-2,112,RiverBank/C3D8R,275.0,10.0,-50.0,-5.07631e-31,3.7770037e-30,-1.8068112e-29,0.0,0.0,0.0,1.846564695391198e-29,,
PART-RIVERBANK-1,103,RiverBank/C3D8R,-275.0,-10.0,-50.0,5.07631e-31,-3.7770037e-30,-1.8068112e-29,0.0,0.0,0.0,1.846564695391198e-29,,
PART-RIVERBANK-1,112,RiverBank/C3D8R,-275.0,10.0,-50.0,5.07631e-31,3.7770037e-30,-1.8068112e-29,0.0,0.0,0.0,1.846564695391198e-29,,
PART-RIVERBANK-2,9,RiverBank/C3D8R,250.0,10.0,-50.0,2.902703e-31,3.2498458e-30,-1.64508e-29,0.0,0.0,0.0,1.6771242506470404e-29,,
PART-RIVERBANK-2,10,RiverBank/C3D8R,250.0,-10.0,-50.0,2.902703e-31,-3.2498458e-30,-1.64508e-29,0.0,0.0,0.0,1.6771242506470404e-29,,
PART-RIVERBANK-1,11,RiverBank/C3D8R,-250.0,10.0,-50.0,-2.902703e-31,3.2498458e-30,-1.64508e-29,0.0,0.0,0.0,1.6771242506470404e-29,,
PART-RIVERBANK-1,12,RiverBank/C3D8R,-250.0,-10.0,-50.0,-2.902703e-31,-3.2498458e-30,-1.64508e-29,0.0,0.0,0.0,1.6771242506470404e-29,,
PART-RIVERBANK-2,105,RiverBank/C3D8R,285.0,-10.0,-50.0,6.617527e-31,-3.3517173e-30,-1.6047643e-29,0.0,0.0,0.0,1.6407277999428351e-29,,
PART-RIVERBANK-2,110,RiverBank/C3D8R,285.0,10.0,-50.0,6.617527e-31,3.3517173e-30,-1.6047643e-29,0.0,0.0,0.0,1.6407277999428351e-29,,
PART-RIVERBANK-1,101,RiverBank/C3D8R,-285.0,-10.0,-50.0,-6.617527e-31,-3.3517173e-30,-1.6047643e-29,0.0,0.0,0.0,1.6407277999428351e-29,,
PART-RIVERBANK-1,114,RiverBank/C3D8R,-285.0,10.0,-50.0,-6.617527e-31,3.3517173e-30,-1.6047643e-29,0.0,0.0,0.0,1.6407277999428351e-29,,
PART-RIVERBANK-2,106,RiverBank/C3D8R,290.0,-10.0,-50.0,1.9852371e-30,-3.126233e-30,-1.540173e-29,0.0,0.0,0.0,1.5840700303534734e-29,,
PART-RIVERBANK-2,109,RiverBank/C3D8R,290.0,10.0,-50.0,1.9852371e-30,3.126233e-30,-1.540173e-29,0.0,0.0,0.0,1.5840700303534734e-29,,
PART-RIVERBANK-1,100,RiverBank/C3D8R,-290.0,-10.0,-50.0,-1.9852371e-30,-3.126233e-30,-1.540173e-29,0.0,0.0,0.0,1.5840700303534734e-29,,
PART-RIVERBANK-1,115,RiverBank/C3D8R,-290.0,10.0,-50.0,-1.9852371e-30,3.126233e-30,-1.540173e-29,0.0,0.0,0.0,1.5840700303534734e-29,,
PART-RIVERBANK-2,93,RiverBank/C3D8R,300.0,-5.0,-50.0,4.16546e-30,-1.5109892e-30,-1.4756687e-29,0.0,0.0,0.0,1.5407594120760242e-29,,
PART-RIVERBANK-2,95,RiverBank/C3D8R,300.0,5.0,-50.0,4.16546e-30,1.5109892e-30,-1.4756687e-29,0.0,0.0,0.0,1.5407594120760242e-29,,
PART-RIVERBANK-1,84,RiverBank/C3D8R,-300.0,5.0,-50.0,-4.16546e-30,1.5109892e-30,-1.4756687e-29,0.0,0.0,0.0,1.5407594120760242e-29,,
PART-RIVERBANK-1,86,RiverBank/C3D8R,-300.0,-5.0,-50.0,-4.16546e-30,-1.5109892e-30,-1.4756687e-29,0.0,0.0,0.0,1.5407594120760242e-29,,
PART-RIVERBANK-2,107,RiverBank/C3D8R,295.0,-10.0,-50.0,1.9148152e-30,-2.7701113e-30,-1.4062323e-29,0.0,0.0,0.0,1.44599087832831e-29,,
PART-RIVERBANK-2,108,RiverBank/C3D8R,295.0,10.0,-50.0,1.9148152e-30,2.7701113e-30,-1.4062323e-29,0.0,0.0,0.0,1.44599087832831e-29,,
PART-RIVERBANK-1,99,RiverBank/C3D8R,-295.0,-10.0,-50.0,-1.9148152e-30,-2.7701113e-30,-1.4062323e-29,0.0,0.0,0.0,1.44599087832831e-29,,
PART-RIVERBANK-1,116,RiverBank/C3D8R,-295.0,10.0,-50.0,-1.9148152e-30,2.7701113e-30,-1.4062323e-29,0.0,0.0,0.0,1.44599087832831e-29,,
PART-RIVERBANK-2,94,RiverBank/C3D8R,300.0,0.0,-50.0,3.4331563e-30,6.4e-44,-1.3543463e-29,0.0,0.0,0.0,1.3971827089274998e-29,,
PART-RIVERBANK-1,85,RiverBank/C3D8R,-300.0,0.0,-50.0,-3.4331563e-30,-2e-44,-1.3543463e-29,0.0,0.0,0.0,1.3971827089274998e-29,,
PART-RIVERBANK-2,11,RiverBank/C3D8R,300.0,10.0,-50.0,2.4027968e-30,1.4842934e-30,-8.064127e-30,0.0,0.0,0.0,8.544396036672387e-30,,
PART-RIVERBANK-2,12,RiverBank/C3D8R,300.0,-10.0,-50.0,2.4027968e-30,-1.4842934e-30,-8.064127e-30,0.0,0.0,0.0,8.544396036672387e-30,,
PART-RIVERBANK-1,9,RiverBank/C3D8R,-300.0,10.0,-50.0,-2.4027968e-30,1.4842934e-30,-8.064127e-30,0.0,0.0,0.0,8.544396036672387e-30,,
PART-RIVERBANK-1,10,RiverBank/C3D8R,-300.0,-10.0,-50.0,-2.4027968e-30,-1.4842934e-30,-8.064127e-30,0.0,0.0,0.0,8.544396036672387e-30,,
