node,U1,U2,U3,R1,R2,R3
1,-0.0129614,0.000225327,-0.147093,-0.0161851,0.00639357,0
2,-0.0129614,-0.000225327,-0.147093,0.0161851,0.00639357,0
3,-0.00844727,0.000181427,-0.215827,0.013019,-0.00281646,0
4,-0.00844727,-0.000181427,-0.215827,-0.013019,-0.00281646,0
5,-0.00436901,0.000174446,-0.216671,0.0138152,0.000960372,0
6,-0.00436901,-0.000174446,-0.216671,-0.0138152,0.000960372,0
7,-0.00247037,0.000141049,-0.15276,0.0133095,0.00261719,0
8,-0.00247037,-0.000141049,-0.15276,-0.0133095,0.00261719,0
9,-6.4469e-016,-0.000636412,-0.0248888,0.0143581,2.7393e-014,0
10,-4.07173e-015,0.000636412,-0.0248888,-0.0143581,2.37531e-014,0
11,0.00247037,0.000141049,-0.15276,0.0133095,-0.00261719,0
12,0.00247037,-0.000141049,-0.15276,-0.0133095,-0.00261719,0
13,0.00436901,0.000174446,-0.216671,0.0138152,-0.000960372,0
14,0.00436901,-0.000174446,-0.216671,-0.0138152,-0.000960372,0
15,0.00844727,0.000181427,-0.215827,0.013019,0.00281646,0
16,0.00844727,-0.000181427,-0.215827,-0.013019,0.00281646,0
17,0.0129614,-0.000225327,-0.147093,0.0161851,-0.00639357,0
18,0.0129614,0.000225327,-0.147093,-0.0161851,-0.00639357,0
19,0.000612337,-0.000486924,-0.00033998,0.00421786,0.0389909,0
20,0.000612337,0.000486924,-0.00033998,-0.00421786,0.0389909,0
21,-0.000612337,0.000486924,-0.00033998,-0.00421786,-0.0389909,0
22,-0.000612337,-0.000486924,-0.00033998,0.00421786,-0.0389909,0
23,-0.00976215,0.000112663,-0.21516,-0.00744728,0.00632438,0
24,-0.00950284,-9.2405e-014,-0.224568,-4.25813e-015,0.00608734,0
25,-0.00976215,-0.000112663,-0.21516,0.00744728,0.00632438,0
26,-0.0109291,-0.000451139,-0.167234,0.0100709,-0.00805569,0
27,-0.0101973,-0.00015983,-0.215008,0.00445303,-0.011807,0
28,-0.00988482,4.93788e-005,-0.286938,0.00130471,-0.0114074,0
29,-0.00966375,0.000130476,-0.32884,-0.000861085,-0.00799427,0
30,-0.00944091,0.000149956,-0.366629,-0.00134233,-0.00283282,0
31,-0.0092043,0.000152267,-0.356601,-0.00135844,0.00266648,0
32,-0.00896047,0.000157623,-0.340583,0.00039135,0.00713426,0
33,-0.00872281,0.000175886,-0.284557,0.00282819,0.00925664,0
34,-0.00852403,0.000202723,-0.247335,0.00788978,0.00789016,0
35,-0.00814709,9.06938e-005,-0.276979,0.00606691,-0.00279662,0
36,-0.00812271,-2.78209e-013,-0.278947,-1.54321e-014,-0.00274153,0
37,-0.00814709,-9.06938e-005,-0.276979,-0.00606691,-0.00279662,0
38,-0.00852403,-0.000202723,-0.247335,-0.00788978,0.00789016,0
39,-0.00872281,-0.000175886,-0.284557,-0.00282819,0.00925664,0
40,-0.00896047,-0.000157623,-0.340583,-0.00039135,0.00713426,0
41,-0.0092043,-0.000152267,-0.356601,0.00135844,0.00266648,0
42,-0.00944091,-0.000149956,-0.366629,0.00134233,-0.00283282,0
43,-0.00966375,-0.000130476,-0.32884,0.000861085,-0.00799427,0
44,-0.00988482,-4.93788e-005,-0.286938,-0.00130471,-0.0114074,0
45,-0.0101973,0.00015983,-0.215008,-0.00445303,-0.011807,0
46,-0.0109291,0.000451139,-0.167234,-0.0100709,-0.00805569,0
47,-0.00791885,0.000160281,-0.275642,0.00775214,-0.0133929,0
48,-0.00751245,0.000187687,-0.338899,0.00249262,-0.0143843,0
49,-0.00714547,0.000207489,-0.420462,-2.30012e-005,-0.0116261,0
50,-0.00678735,0.000215375,-0.455169,-0.0020373,-0.00627887,0
51,-0.00642993,0.000217143,-0.482972,-0.00204364,0.000361653,0
52,-0.00607275,0.000214999,-0.45144,-0.00191472,0.00690435,0
53,-0.00571502,0.000205622,-0.41465,0.000263266,0.0119611,0
54,-0.00534675,0.000181901,-0.331533,0.00289614,0.0142349,0
55,-0.00493116,0.000149017,-0.271624,0.00842356,0.0125821,0
56,-0.00472956,8.72225e-005,-0.282644,0.00644045,0.000958074,0
57,-0.00475877,-4.78867e-013,-0.283783,-2.11429e-014,0.000948488,0
58,-0.00472956,-8.72225e-005,-0.282644,-0.00644045,0.000958074,0
59,-0.00493116,-0.000149017,-0.271624,-0.00842356,0.0125821,0
60,-0.00534675,-0.000181901,-0.331533,-0.00289614,0.0142349,0
61,-0.00571502,-0.000205622,-0.41465,-0.000263266,0.0119611,0
62,-0.00607275,-0.000214999,-0.45144,0.00191472,0.00690435,0
63,-0.00642993,-0.000217143,-0.482972,0.00204364,0.000361653,0
64,-0.00678735,-0.000215375,-0.455169,0.0020373,-0.00627887,0
65,-0.00714547,-0.000207489,-0.420462,2.30012e-005,-0.0116261,0
66,-0.00751245,-0.000187687,-0.338899,-0.00249262,-0.0143843,0
67,-0.00791885,-0.000160281,-0.275642,-0.00775214,-0.0133929,0
68,-0.00434963,0.000199893,-0.262134,0.00845391,-0.0106809,0
69,-0.00418369,0.000167047,-0.312359,0.00293512,-0.0123968,0
70,-0.00397047,0.000143424,-0.387008,0.000354869,-0.010225,0
71,-0.00374687,0.000134208,-0.414734,-0.00183618,-0.00531378,0
72,-0.00352323,0.000132029,-0.439663,-0.00188823,0.00104436,0
73,-0.00330072,0.000132423,-0.404209,-0.00191553,0.00745721,0
74,-0.00307899,0.000134554,-0.365614,0.00020626,0.012538,0
75,-0.00285964,0.000139533,-0.278572,0.00267579,0.0149876,0
76,-0.00265002,0.000146295,-0.214963,0.00809957,0.0136557,0
77,-0.00239661,7.05269e-005,-0.21751,0.00621921,0.00261142,0
78,-0.00239065,-6.44429e-013,-0.217559,-2.22409e-014,0.00259253,0
79,-0.00239661,-7.05269e-005,-0.21751,-0.00621921,0.00261142,0
80,-0.00265002,-0.000146295,-0.214963,-0.00809957,0.0136557,0
81,-0.00285964,-0.000139533,-0.278572,-0.00267579,0.0149876,0
82,-0.00307899,-0.000134554,-0.365614,-0.00020626,0.012538,0
83,-0.00330072,-0.000132423,-0.404209,0.00191553,0.00745721,0
84,-0.00352323,-0.000132029,-0.439663,0.00188823,0.00104436,0
85,-0.00374687,-0.000134208,-0.414734,0.00183618,-0.00531378,0
86,-0.00397047,-0.000143424,-0.387008,-0.000354869,-0.010225,0
87,-0.00418369,-0.000167047,-0.312359,-0.00293512,-0.0123968,0
88,-0.00434963,-0.000199893,-0.262134,-0.00845391,-0.0106809,0
89,-0.00217966,0.000135846,-0.18886,0.00815247,-0.00846342,0
90,-0.00191884,0.000142538,-0.226648,0.00277409,-0.00992308,0
91,-0.00166752,0.000147498,-0.289002,0.000365216,-0.00768544,0
92,-0.00141811,0.000150174,-0.303754,-0.00171855,-0.00290205,0
93,-0.00116925,0.000153135,-0.317641,-0.00162203,0.00312907,0
94,-0.00092403,0.000157964,-0.27253,-0.00153844,0.00902017,0
95,-0.000691464,0.000160629,-0.228063,0.000733234,0.0133802,0
96,-0.000485369,0.000129649,-0.138565,0.00334329,0.014916,0
97,-0.000296257,2.57937e-005,-0.0781123,0.00896691,0.0124833,0
98,-1.48439e-015,-0.000207766,-0.0937756,0.00671189,2.60435e-014,0
99,-1.98817e-015,-7.15407e-013,-0.0947757,-1.26028e-014,2.41161e-014,0
100,-2.54756e-015,0.000207766,-0.0937756,-0.00671189,2.41176e-014,0
101,-0.000296257,-2.57937e-005,-0.0781123,-0.00896691,0.0124833,0
102,-0.000485369,-0.000129649,-0.138565,-0.00334329,0.014916,0
103,-0.000691464,-0.000160629,-0.228063,-0.000733234,0.0133802,0
104,-0.00092403,-0.000157964,-0.27253,0.00153844,0.00902017,0
105,-0.00116925,-0.000153135,-0.317641,0.00162203,0.00312907,0
106,-0.00141811,-0.000150174,-0.303754,0.00171855,-0.00290205,0
107,-0.00166752,-0.000147498,-0.289002,-0.000365216,-0.00768544,0
108,-0.00191884,-0.000142538,-0.226648,-0.00277409,-0.00992308,0
109,-0.00217966,-0.000135846,-0.18886,-0.00815247,-0.00846342,0
110,0.000296257,2.57937e-005,-0.0781123,0.00896691,-0.0124833,0
111,0.000485369,0.000129649,-0.138565,0.00334329,-0.014916,0
112,0.000691464,0.000160629,-0.228063,0.000733234,-0.0133802,0
113,0.00092403,0.000157964,-0.27253,-0.00153844,-0.00902017,0
114,0.00116925,0.000153135,-0.317641,-0.00162203,-0.00312907,0
115,0.00141811,0.000150174,-0.303754,-0.00171855,0.00290205,0
116,0.00166752,0.000147498,-0.289002,0.000365216,0.00768544,0
117,0.00191884,0.000142538,-0.226648,0.00277409,0.00992308,0
118,0.00217966,0.000135846,-0.18886,0.00815247,0.00846342,0
119,0.00239661,7.05269e-005,-0.21751,0.00621921,-0.00261142,0
120,0.00239065,-6.45374e-013,-0.217559,-2.20558e-014,-0.00259253,0
121,0.00239661,-7.05269e-005,-0.21751,-0.00621921,-0.00261142,0
122,0.00217966,-0.000135846,-0.18886,-0.00815247,0.00846342,0
123,0.00191884,-0.000142538,-0.226648,-0.00277409,0.00992308,0
124,0.00166752,-0.000147498,-0.289002,-0.000365216,0.00768544,0
125,0.00141811,-0.000150174,-0.303754,0.00171855,0.00290205,0
126,0.00116925,-0.000153135,-0.317641,0.00162203,-0.00312907,0
127,0.00092403,-0.000157964,-0.27253,0.00153844,-0.00902017,0
128,0.000691464,-0.000160629,-0.228063,-0.000733234,-0.0133802,0
129,0.000485369,-0.000129649,-0.138565,-0.00334329,-0.014916,0
130,0.000296257,-2.57937e-005,-0.0781123,-0.00896691,-0.0124833,0
131,0.00265002,0.000146295,-0.214963,0.00809957,-0.0136557,0
132,0.00285964,0.000139533,-0.278572,0.00267579,-0.0149876,0
133,0.00307899,0.000134554,-0.365614,0.00020626,-0.012538,0
134,0.00330072,0.000132423,-0.404209,-0.00191553,-0.00745721,0
135,0.00352323,0.000132029,-0.439663,-0.00188823,-0.00104436,0
136,0.00374687,0.000134208,-0.414734,-0.00183618,0.00531378,0
137,0.00397047,0.000143424,-0.387008,0.000354869,0.010225,0
138,0.00418369,0.000167047,-0.312359,0.00293512,0.0123968,0
139,0.00434963,0.000199893,-0.262134,0.00845391,0.0106809,0
140,0.00472956,8.72225e-005,-0.282644,0.00644045,-0.000958074,0
141,0.00475877,-4.97842e-013,-0.283783,-2.60385e-014,-0.000948488,0
142,0.00472956,-8.72225e-005,-0.282644,-0.00644045,-0.000958074,0
143,0.00434963,-0.000199893,-0.262134,-0.00845391,0.0106809,0
144,0.00418369,-0.000167047,-0.312359,-0.00293512,0.0123968,0
145,0.00397047,-0.000143424,-0.387008,-0.000354869,0.010225,0
146,0.00374687,-0.000134208,-0.414734,0.00183618,0.00531378,0
147,0.00352323,-0.000132029,-0.439663,0.00188823,-0.00104436,0
148,0.00330072,-0.000132423,-0.404209,0.00191553,-0.00745721,0
149,0.00307899,-0.000134554,-0.365614,-0.00020626,-0.012538,0
150,0.00285964,-0.000139533,-0.278572,-0.00267579,-0.0149876,0
151,0.00265002,-0.000146295,-0.214963,-0.00809957,-0.0136557,0
152,0.00493116,0.000149017,-0.271624,0.00842356,-0.0125821,0
153,0.00534675,0.000181901,-0.331533,0.00289614,-0.0142349,0
154,0.00571502,0.000205622,-0.41465,0.000263266,-0.0119611,0
155,0.00607275,0.000214999,-0.45144,-0.00191472,-0.00690435,0
156,0.00642993,0.000217143,-0.482972,-0.00204364,-0.000361653,0
157,0.00678735,0.000215375,-0.455169,-0.0020373,0.00627887,0
158,0.00714547,0.000207489,-0.420462,-2.30012e-005,0.0116261,0
159,0.00751245,0.000187687,-0.338899,0.00249262,0.0143843,0
160,0.00791885,0.000160281,-0.275642,0.00775214,0.0133929,0
161,0.00814709,9.06938e-005,-0.276979,0.00606691,0.00279662,0
162,0.00812271,-3.07353e-013,-0.278947,-2.411e-014,0.00274153,0
163,0.00814709,-9.06938e-005,-0.276979,-0.00606691,0.00279662,0
164,0.00791885,-0.000160281,-0.275642,-0.00775214,0.0133929,0
165,0.00751245,-0.000187687,-0.338899,-0.00249262,0.0143843,0
166,0.00714547,-0.000207489,-0.420462,2.30012e-005,0.0116261,0
167,0.00678735,-0.000215375,-0.455169,0.0020373,0.00627887,0
168,0.00642993,-0.000217143,-0.482972,0.00204364,-0.000361653,0
169,0.00607275,-0.000214999,-0.45144,0.00191472,-0.00690435,0
170,0.00571502,-0.000205622,-0.41465,-0.000263266,-0.0119611,0
171,0.00534675,-0.000181901,-0.331533,-0.00289614,-0.0142349,0
172,0.00493116,-0.000149017,-0.271624,-0.00842356,-0.0125821,0
173,0.00852403,0.000202723,-0.247335,0.00788978,-0.00789016,0
174,0.00872281,0.000175886,-0.284557,0.00282819,-0.00925664,0
175,0.00896047,0.000157623,-0.340583,0.00039135,-0.00713426,0
176,0.0092043,0.000152267,-0.356601,-0.00135844,-0.00266648,0
177,0.00944091,0.000149956,-0.366629,-0.00134233,0.00283282,0
178,0.00966375,0.000130476,-0.32884,-0.000861085,0.00799427,0
179,0.00988482,4.93788e-005,-0.286938,0.00130471,0.0114074,0
180,0.0101973,-0.00015983,-0.215008,0.00445303,0.011807,0
181,0.0109291,-0.000451139,-0.167234,0.0100709,0.00805569,0
182,0.00976215,-0.000112663,-0.21516,0.00744728,-0.00632438,0
183,0.00950284,-1.06063e-013,-0.224568,-1.20096e-014,-0.00608734,0
184,0.00976215,0.000112663,-0.21516,-0.00744728,-0.00632438,0
185,0.0109291,0.000451139,-0.167234,-0.0100709,0.00805569,0
186,0.0101973,0.00015983,-0.215008,-0.00445303,0.011807,0
187,0.00988482,-4.93788e-005,-0.286938,-0.00130471,0.0114074,0
188,0.00966375,-0.000130476,-0.32884,0.000861085,0.00799427,0
189,0.00944091,-0.000149956,-0.366629,0.00134233,0.00283282,0
190,0.0092043,-0.000152267,-0.356601,0.00135844,-0.00266648,0
191,0.00896047,-0.000157623,-0.340583,-0.00039135,-0.00713426,0
192,0.00872281,-0.000175886,-0.284557,-0.00282819,-0.00925664,0
193,0.00852403,-0.000202723,-0.247335,-0.00788978,-0.00789016,0
194,0.0101778,4.24715e-007,-0.230057,0.00939022,-0.0203304,0
195,0.0086946,-0.000290928,-0.338367,0.00326071,-0.0224999,0
196,0.00763073,-0.000500366,-0.454478,-0.000762847,-0.019496,0
197,0.00665835,-0.000582232,-0.533838,-0.00329966,-0.0124089,0
198,0.00568529,-0.000603345,-0.576238,-0.00493432,-0.00256161,0
199,0.00470234,-0.000607064,-0.560162,-0.00530644,0.00868743,0
200,0.00372095,-0.000605341,-0.488697,-0.00532614,0.0198815,0
201,0.00275383,-0.000588671,-0.363947,-0.00377606,0.0297492,0
202,0.00179043,-0.00045764,-0.193135,-0.00312498,0.0366996,0
203,0.000868342,4.00317e-005,-0.00128586,-0.00153803,0.0390074,0
204,0.000645423,-8.25478e-016,-0.000277839,3.9549e-016,0.0372878,0
205,0.000868342,-4.00317e-005,-0.00128586,0.00153803,0.0390074,0
206,0.00179043,0.00045764,-0.193135,0.00312498,0.0366996,0
207,0.00275383,0.000588671,-0.363947,0.00377606,0.0297492,0
208,0.00372095,0.000605341,-0.488697,0.00532614,0.0198815,0
209,0.00470234,0.000607064,-0.560162,0.00530644,0.00868743,0
210,0.00568529,0.000603345,-0.576238,0.00493432,-0.00256161,0
211,0.00665835,0.000582232,-0.533838,0.00329966,-0.0124089,0
212,0.00763073,0.000500366,-0.454478,0.000762847,-0.019496,0
213,0.0086946,0.000290928,-0.338367,-0.00326071,-0.0224999,0
214,0.0101778,-4.24715e-007,-0.230057,-0.00939022,-0.0203304,0
215,-0.0101778,-4.24715e-007,-0.230057,-0.00939022,0.0203304,0
216,-0.0086946,0.000290928,-0.338367,-0.00326071,0.0224999,0
217,-0.00763073,0.000500366,-0.454478,0.000762847,0.019496,0
218,-0.00665835,0.000582232,-0.533838,0.00329966,0.0124089,0
219,-0.00568529,0.000603345,-0.576238,0.00493432,0.00256161,0
220,-0.00470234,0.000607064,-0.560162,0.00530644,-0.00868743,0
221,-0.00372095,0.000605341,-0.488697,0.00532614,-0.0198815,0
222,-0.00275383,0.000588671,-0.363947,0.00377606,-0.0297492,0
223,-0.00179043,0.00045764,-0.193135,0.00312498,-0.0366996,0
224,-0.000868342,-4.00317e-005,-0.00128586,0.00153803,-0.0390074,0
225,-0.000645423,-9.99101e-016,-0.000277839,1.10318e-017,-0.0372878,0
226,-0.000868342,4.00317e-005,-0.00128586,-0.00153803,-0.0390074,0
227,-0.00179043,-0.00045764,-0.193135,-0.00312498,-0.0366996,0
228,-0.00275383,-0.000588671,-0.363947,-0.00377606,-0.0297492,0
229,-0.00372095,-0.000605341,-0.488697,-0.00532614,-0.0198815,0
230,-0.00470234,-0.000607064,-0.560162,-0.00530644,-0.00868743,0
231,-0.00568529,-0.000603345,-0.576238,-0.00493432,0.00256161,0
232,-0.00665835,-0.000582232,-0.533838,-0.00329966,0.0124089,0
233,-0.00763073,-0.000500366,-0.454478,-0.000762847,0.019496,0
234,-0.0086946,-0.000290928,-0.338367,0.00326071,0.0224999,0
235,-0.0101778,4.24715e-007,-0.230057,0.00939022,0.0203304,0
236,-0.0102848,0.000468546,-0.199525,-0.00628144,-0.00573281,0
237,-0.00980344,-1.08391e-013,-0.224849,-5.35019e-015,-0.000718426,0
238,-0.0102848,-0.000468546,-0.199525,0.00628144,-0.00573281,0
239,-0.010175,0.000180433,-0.243429,-0.00333099,-0.0106789,0
240,-0.0100489,-1.25193e-013,-0.242317,-7.00351e-015,-0.0073812,0
241,-0.010175,-0.000180433,-0.243429,0.00333099,-0.0106789,0
242,-0.0099529,6.83713e-007,-0.283804,-0.00112002,-0.0107714,0
243,-0.00994931,-1.42715e-013,-0.296164,-9.2734e-015,-0.00879552,0
244,-0.0099529,-6.83713e-007,-0.283804,0.00112002,-0.0107714,0
245,-0.00970589,-6.39533e-005,-0.336894,-0.000241878,-0.00765303,0
246,-0.00972114,-1.60881e-013,-0.327806,-1.12297e-014,-0.00664129,0
247,-0.00970589,6.39533e-005,-0.336894,0.000241878,-0.00765303,0
248,-0.00945746,-7.7396e-005,-0.35241,0.000362072,-0.00278095,0
249,-0.0094674,-1.796e-013,-0.361558,-1.22607e-014,-0.00260574,0
250,-0.00945746,7.7396e-005,-0.35241,-0.000362072,-0.00278095,0
251,-0.00921143,-7.79254e-005,-0.363637,1.43911e-005,0.0024509,0
252,-0.0092161,-1.98778e-013,-0.353147,-1.33659e-014,0.0017976,0
253,-0.00921143,7.79254e-005,-0.363637,-1.43911e-005,0.0024509,0
254,-0.00896672,-8.18058e-005,-0.332162,-0.000616222,0.00662006,0
255,-0.00896707,-2.18327e-013,-0.344786,-1.45947e-014,0.00504687,0
256,-0.00896672,8.18058e-005,-0.332162,0.000616222,0.00662006,0
257,-0.00872022,-9.75062e-005,-0.309374,-0.0024592,0.00830393,0
258,-0.00870836,-2.38153e-013,-0.303777,-1.40049e-014,0.00549831,0
259,-0.00872022,9.75061e-005,-0.309374,0.0024592,0.00830393,0
260,-0.00846332,-0.000124148,-0.267441,-0.00501683,0.00586826,0
261,-0.00841806,-2.58133e-013,-0.292692,-1.36047e-014,0.00150351,0
262,-0.00846332,0.000124148,-0.267441,0.00501683,0.00586826,0
263,-0.00785843,-5.73347e-005,-0.294672,-0.00494262,-0.0113391,0
264,-0.00781327,-2.98438e-013,-0.320235,-1.66529e-014,-0.0068602,0
265,-0.00785843,5.73347e-005,-0.294672,0.00494262,-0.0113391,0
266,-0.00751043,-8.44273e-005,-0.363579,-0.00230111,-0.0133914,0
267,-0.0074986,-3.18876e-013,-0.356589,-1.69144e-014,-0.0104747,0
268,-0.00751043,8.44273e-005,-0.363579,0.00230111,-0.0133914,0
269,-0.00715187,-0.000101439,-0.408785,-0.00039218,-0.0110795,0
270,-0.00715145,-3.39464e-013,-0.422358,-1.73793e-014,-0.00938981,0
271,-0.00715187,0.000101439,-0.408785,0.00039218,-0.0110795,0
272,-0.00679092,-0.000107772,-0.461942,0.000335986,-0.00602067,0
273,-0.00679195,-3.60075e-013,-0.448616,-1.74418e-014,-0.00525097,0
274,-0.00679092,0.000107772,-0.461942,-0.000335986,-0.00602067,0
275,-0.00642965,-0.000109123,-0.463204,0.000744734,0.000345251,0
276,-0.00642947,-3.80613e-013,-0.473968,-1.76531e-014,0.000297596,0
277,-0.00642965,0.000109123,-0.463204,-0.000744734,0.000345251,0
278,-0.00606833,-0.000107531,-0.459056,0.000266606,0.00661514,0
279,-0.00606696,-4.00989e-013,-0.445561,-1.85321e-014,0.00574341,0
280,-0.00606833,0.000107531,-0.459056,-0.000266606,0.00661514,0
281,-0.00570734,-0.000100016,-0.403321,-0.000536223,0.0113766,0
282,-0.00570781,-4.21113e-013,-0.417944,-1.95698e-014,0.00957724,0
283,-0.00570734,0.000100016,-0.403321,0.000536223,0.0113766,0
284,-0.00534921,-7.96362e-005,-0.358913,-0.00253737,0.0131976,0
285,-0.00536341,-4.40883e-013,-0.351472,-1.96119e-014,0.010142,0
286,-0.00534921,7.96362e-005,-0.358913,0.00253737,0.0131976,0
287,-0.00500374,-4.71241e-005,-0.291752,-0.00530177,0.0104408,0
288,-0.00505798,-4.60146e-013,-0.31962,-1.99101e-014,0.00578441,0
289,-0.00500374,4.71241e-005,-0.291752,0.00530177,0.0104408,0
290,-0.00442223,-0.000127329,-0.282155,-0.00531473,-0.00854679,0
291,-0.00447647,-4.97228e-013,-0.310255,-2.2567e-014,-0.00390785,0
292,-0.00442223,0.000127329,-0.282155,0.00531473,-0.00854679,0
293,-0.00418618,-9.4847e-005,-0.340328,-0.00256149,-0.011364,0
294,-0.00420039,-5.15414e-013,-0.332548,-2.49818e-014,-0.00832782,0
295,-0.00418618,9.4847e-005,-0.340328,0.00256149,-0.011364,0
296,-0.00396279,-7.45506e-005,-0.375355,-0.000575375,-0.00964784,0
297,-0.00396322,-5.33399e-013,-0.390678,-2.51227e-014,-0.00786627,0
298,-0.00396279,7.45506e-005,-0.375355,0.000575375,-0.00964784,0
299,-0.00374223,-6.71922e-005,-0.423546,0.000217615,-0.00502946,0
300,-0.00374062,-5.51037e-013,-0.409361,-2.74791e-014,-0.00417795,0
301,-0.00374223,6.71922e-005,-0.423546,-0.000217615,-0.00502946,0
302,-0.00352187,-6.56526e-005,-0.41934,0.000677843,0.00105283,0
303,-0.00352106,-5.6823e-013,-0.4313,-2.87786e-014,0.00108103,0
304,-0.00352187,6.56526e-005,-0.41934,-0.000677843,0.00105283,0
305,-0.00330132,-6.60478e-005,-0.412836,0.000258673,0.00719288,0
306,-0.0033013,-5.8489e-013,-0.398446,-2.88294e-014,0.00639914,0
307,-0.00330132,6.60478e-005,-0.412836,-0.000258673,0.00719288,0
308,-0.00308057,-6.77914e-005,-0.353151,-0.000493811,0.0119807,0
309,-0.00308041,-6.00932e-013,-0.368475,-2.87955e-014,0.010264,0
310,-0.00308057,6.77914e-005,-0.353151,0.000493811,0.0119807,0
311,-0.00285918,-7.2069e-005,-0.305896,-0.00242182,0.0139829,0
312,-0.00285627,-6.16263e-013,-0.297458,-2.73366e-014,0.0110259,0
313,-0.00285918,7.2069e-005,-0.305896,0.00242182,0.0139829,0
314,-0.00263518,-7.87453e-005,-0.233109,-0.00511017,0.0115702,0
315,-0.0026241,-6.30789e-013,-0.261111,-2.39799e-014,0.00703583,0
316,-0.00263518,7.87453e-005,-0.233109,0.00511017,0.0115702,0
317,-0.00216483,-6.22985e-005,-0.207126,-0.00513582,-0.00639035,0
318,-0.00215377,-6.57126e-013,-0.235262,-2.17476e-014,-0.00189312,0
319,-0.00216483,6.22985e-005,-0.207126,0.00513582,-0.00639035,0
320,-0.00191848,-6.89115e-005,-0.254497,-0.00247266,-0.00892986,0
321,-0.00191568,-6.68824e-013,-0.246044,-2.08332e-014,-0.00601076,0
322,-0.00191848,6.89115e-005,-0.254497,0.00247266,-0.00892986,0
323,-0.00166957,-7.31353e-005,-0.2769,-0.000570908,-0.00714057,0
324,-0.00166971,-6.79442e-013,-0.29263,-2.10424e-014,-0.00546114,0
325,-0.00166957,7.31353e-005,-0.2769,0.000570908,-0.00714057,0
326,-0.00142011,-7.52421e-005,-0.313438,0.000156576,-0.00264944,0
327,-0.00142064,-6.88881e-013,-0.299015,-2.0678e-014,-0.00189402,0
328,-0.00142011,7.52421e-005,-0.313438,-0.000156576,-0.00264944,0
329,-0.00117044,-7.76429e-005,-0.297914,0.000548549,0.00310784,0
330,-0.00116976,-6.97049e-013,-0.310563,-1.91401e-014,0.00304145,0
331,-0.00117044,7.76429e-005,-0.297914,-0.000548549,0.00310784,0
332,-0.000919923,-8.21791e-005,-0.282953,6.24252e-005,0.00872344,0
333,-0.0009146,-7.03859e-013,-0.268709,-1.79427e-014,0.00783165,0
334,-0.000919923,8.21791e-005,-0.282953,-6.24252e-005,0.00872344,0
335,-0.000666536,-8.56694e-005,-0.217249,-0.000760393,0.0127889,0
336,-0.000650269,-7.09218e-013,-0.233566,-1.75216e-014,0.0109652,0
337,-0.000666536,8.56694e-005,-0.217249,0.000760393,0.0127889,0
338,-0.00040974,-7.0743e-005,-0.168759,-0.00277765,0.0138678,0
339,-0.000374781,-7.13043e-013,-0.160898,-1.49498e-014,0.0107829,0
340,-0.00040974,7.0743e-005,-0.168759,0.00277765,0.0138678,0
341,-0.000138697,5.78353e-005,-0.0992924,-0.0055714,0.0103243,0
342,-0.000151254,-7.15164e-013,-0.128752,-1.3872e-014,0.00562859,0
343,-0.000138697,-5.78353e-005,-0.0992924,0.0055714,0.0103243,0
344,0.000138697,5.78353e-005,-0.0992924,-0.0055714,-0.0103243,0
345,0.000151254,-7.13812e-013,-0.128752,-1.21225e-014,-0.00562859,0
346,0.000138697,-5.78353e-005,-0.0992924,0.0055714,-0.0103243,0
347,0.00040974,-7.0743e-005,-0.168759,-0.00277765,-0.0138678,0
348,0.000374781,-7.10702e-013,-0.160898,-1.2173e-014,-0.0107829,0
349,0.00040974,7.0743e-005,-0.168759,0.00277765,-0.0138678,0
350,0.000666536,-8.56694e-005,-0.217249,-0.000760393,-0.0127889,0
351,0.000650269,-7.06319e-013,-0.233566,-1.21643e-014,-0.0109652,0
352,0.000666536,8.56694e-005,-0.217249,0.000760393,-0.0127889,0
353,0.000919923,-8.21791e-005,-0.282953,6.24252e-005,-0.00872344,0
354,0.0009146,-7.00723e-013,-0.268709,-1.3069e-014,-0.00783165,0
355,0.000919923,8.21791e-005,-0.282953,-6.24252e-005,-0.00872344,0
356,0.00117044,-7.76429e-005,-0.297914,0.000548549,-0.00310784,0
357,0.00116976,-6.93972e-013,-0.310563,-1.42323e-014,-0.00304145,0
358,0.00117044,7.76429e-005,-0.297914,-0.000548549,-0.00310784,0
359,0.00142011,-7.52421e-005,-0.313438,0.000156576,0.00264944,0
360,0.00142064,-6.86136e-013,-0.299015,-1.57779e-014,0.00189402,0
361,0.00142011,7.52421e-005,-0.313438,-0.000156576,0.00264944,0
362,0.00166957,-7.31353e-005,-0.2769,-0.000570908,0.00714057,0
363,0.00166971,-6.77286e-013,-0.29263,-1.78564e-014,0.00546114,0
364,0.00166957,7.31353e-005,-0.2769,0.000570908,0.00714057,0
365,0.00191848,-6.89115e-005,-0.254497,-0.00247266,0.00892986,0
366,0.00191568,-6.67492e-013,-0.246044,-1.99628e-014,0.00601076,0
367,0.00191848,6.89115e-005,-0.254497,0.00247266,0.00892986,0
368,0.00216483,-6.22985e-005,-0.207126,-0.00513582,0.00639035,0
369,0.00215377,-6.56834e-013,-0.235262,-2.12576e-014,0.00189312,0
370,0.00216483,6.22985e-005,-0.207126,0.00513582,0.00639035,0
371,0.00263518,-7.87453e-005,-0.233109,-0.00511017,-0.0115702,0
372,0.0026241,-6.3314e-013,-0.261111,-2.34205e-014,-0.00703583,0
373,0.00263518,7.87453e-005,-0.233109,0.00511017,-0.0115702,0
374,0.00285918,-7.2069e-005,-0.305896,-0.00242182,-0.0139829,0
375,0.00285627,-6.20161e-013,-0.297458,-2.41374e-014,-0.0110259,0
376,0.00285918,7.2069e-005,-0.305896,0.00242182,-0.0139829,0
377,0.00308057,-6.77914e-005,-0.353151,-0.000493811,-0.0119807,0
378,0.00308041,-6.06495e-013,-0.368475,-2.38923e-014,-0.010264,0
379,0.00308057,6.77914e-005,-0.353151,0.000493811,-0.0119807,0
380,0.00330132,-6.60478e-005,-0.412836,0.000258673,-0.00719288,0
381,0.0033013,-5.9222e-013,-0.398446,-2.31577e-014,-0.00639914,0
382,0.00330132,6.60478e-005,-0.412836,-0.000258673,-0.00719288,0
383,0.00352187,-6.56526e-005,-0.41934,0.000677843,-0.00105283,0
384,0.00352106,-5.77405e-013,-0.4313,-2.17822e-014,-0.00108103,0
385,0.00352187,6.56526e-005,-0.41934,-0.000677843,-0.00105283,0
386,0.00374223,-6.71922e-005,-0.423546,0.000217615,0.00502946,0
387,0.00374062,-5.62119e-013,-0.409361,-2.20449e-014,0.00417795,0
388,0.00374223,6.71922e-005,-0.423546,-0.000217615,0.00502946,0
389,0.00396279,-7.45506e-005,-0.375355,-0.000575375,0.00964784,0
390,0.00396322,-5.46432e-013,-0.390678,-2.38546e-014,0.00786627,0
391,0.00396279,7.45506e-005,-0.375355,0.000575375,0.00964784,0
392,0.00418618,-9.4847e-005,-0.340328,-0.00256149,0.011364,0
393,0.00420039,-5.30419e-013,-0.332548,-2.45481e-014,0.00832782,0
394,0.00418618,9.4847e-005,-0.340328,0.00256149,0.011364,0
395,0.00442223,-0.000127329,-0.282155,-0.00531473,0.00854679,0
396,0.00447647,-5.14221e-013,-0.310255,-2.59153e-014,0.00390785,0
397,0.00442223,0.000127329,-0.282155,0.00531473,0.00854679,0
398,0.00500374,-4.71241e-005,-0.291752,-0.00530177,-0.0104408,0
399,0.00505798,-4.81036e-013,-0.31962,-2.65241e-014,-0.00578441,0
400,0.00500374,4.71241e-005,-0.291752,0.00530177,-0.0104408,0
401,0.00534921,-7.96362e-005,-0.358913,-0.00253737,-0.0131976,0
402,0.00536341,-4.63554e-013,-0.351472,-2.81004e-014,-0.010142,0
403,0.00534921,7.96362e-005,-0.358913,0.00253737,-0.0131976,0
404,0.00570734,-0.000100016,-0.403321,-0.000536223,-0.0113766,0
405,0.00570781,-4.45389e-013,-0.417944,-2.82057e-014,-0.00957724,0
406,0.00570734,0.000100016,-0.403321,0.000536223,-0.0113766,0
407,0.00606833,-0.000107531,-0.459056,0.000266606,-0.00661514,0
408,0.00606696,-4.2669e-013,-0.445561,-2.97722e-014,-0.00574341,0
409,0.00606833,0.000107531,-0.459056,-0.000266606,-0.00661514,0
410,0.00642965,-0.000109123,-0.463204,0.000744734,-0.000345251,0
411,0.00642947,-4.0753e-013,-0.473968,-3.02044e-014,-0.000297596,0
412,0.00642965,0.000109123,-0.463204,-0.000744734,-0.000345251,0
413,0.00679092,-0.000107772,-0.461942,0.000335986,0.00602067,0
414,0.00679195,-3.87981e-013,-0.448616,-2.99988e-014,0.00525097,0
415,0.00679092,0.000107772,-0.461942,-0.000335986,0.00602067,0
416,0.00715187,-0.000101439,-0.408785,-0.00039218,0.0110795,0
417,0.00715145,-3.68109e-013,-0.422358,-2.99743e-014,0.00938981,0
418,0.00715187,0.000101439,-0.408785,0.00039218,0.0110795,0
419,0.00751043,-8.44273e-005,-0.363579,-0.00230111,0.0133914,0
420,0.0074986,-3.47994e-013,-0.356589,-2.76649e-014,0.0104747,0
421,0.00751043,8.44273e-005,-0.363579,0.00230111,0.0133914,0
422,0.00785843,-5.73347e-005,-0.294672,-0.00494262,0.0113391,0
423,0.00781327,-3.27722e-013,-0.320235,-2.58836e-014,0.0068602,0
424,0.00785843,5.73347e-005,-0.294672,0.00494262,0.0113391,0
425,0.00846332,-0.000124148,-0.267441,-0.00501683,-0.00586826,0
426,0.00841806,-2.86886e-013,-0.292692,-2.38993e-014,-0.00150351,0
427,0.00846332,0.000124148,-0.267441,0.00501683,-0.00586826,0
428,0.00872022,-9.75062e-005,-0.309374,-0.0024592,-0.00830393,0
429,0.00870836,-2.66322e-013,-0.303777,-2.45574e-014,-0.00549831,0
430,0.00872022,9.75061e-005,-0.309374,0.0024592,-0.00830393,0
431,0.00896672,-8.18058e-005,-0.332162,-0.000616222,-0.00662006,0
432,0.00896707,-2.4571e-013,-0.344786,-2.29643e-014,-0.00504687,0
433,0.00896672,8.18058e-005,-0.332162,0.000616222,-0.00662006,0
434,0.00921143,-7.79254e-005,-0.363637,1.43911e-005,-0.0024509,0
435,0.0092161,-2.25137e-013,-0.353147,-2.20952e-014,-0.0017976,0
436,0.00921143,7.79254e-005,-0.363637,-1.43911e-005,-0.0024509,0
437,0.00945746,-7.7396e-005,-0.35241,0.000362072,0.00278095,0
438,0.0094674,-2.04678e-013,-0.361558,-2.15895e-014,0.00260574,0
439,0.00945746,7.7396e-005,-0.35241,-0.000362072,0.00278095,0
440,0.00970589,-6.39533e-005,-0.336894,-0.000241878,0.00765303,0
441,0.00972114,-1.84396e-013,-0.327806,-1.94861e-014,0.00664129,0
442,0.00970589,6.39533e-005,-0.336894,0.000241878,0.00765303,0
443,0.0099529,6.83713e-007,-0.283804,-0.00112002,0.0107714,0
444,0.00994931,-1.64351e-013,-0.296164,-1.78538e-014,0.00879552,0
445,0.0099529,-6.83713e-007,-0.283804,0.00112002,0.0107714,0
446,0.010175,0.000180433,-0.243429,-0.00333099,0.0106789,0
447,0.0100489,-1.44603e-013,-0.242317,-1.55743e-014,0.0073812,0
448,0.010175,-0.000180433,-0.243429,0.00333099,0.0106789,0
449,0.0102848,0.000468546,-0.199525,-0.00628144,0.00573281,0
450,0.00980344,-1.25119e-013,-0.224849,-1.4232e-014,0.000718426,0
451,0.0102848,-0.000468546,-0.199525,0.00628144,0.00573281,0
452,0.00953355,-0.00024321,-0.261419,-0.00595375,-0.0178456,0
453,0.00905222,-8.79667e-014,-0.284474,-1.0417e-014,-0.0123661,0
454,0.00953355,0.00024321,-0.261419,0.00595375,-0.0178456,0
455,0.00867247,4.49317e-005,-0.359028,-0.00269852,-0.0212306,0
456,0.00854649,-7.13515e-014,-0.359246,-8.94684e-015,-0.0174497,0
457,0.00867247,-4.49317e-005,-0.359028,0.00269852,-0.0212306,0
458,0.00769916,0.000224852,-0.448507,-0.000118039,-0.0186887,0
459,0.00769566,-5.63909e-014,-0.453962,-7.92422e-015,-0.0162238,0
460,0.00769916,-0.000224852,-0.448507,0.000118039,-0.0186887,0
461,0.00670087,0.00029012,-0.526,0.00106663,-0.0119098,0
462,0.00671592,-4.30467e-014,-0.519563,-7.08808e-015,-0.0103628,0
463,0.00670087,-0.00029012,-0.526,-0.00106663,-0.0119098,0
464,0.0057009,0.000305052,-0.556859,0.00214267,-0.00229688,0
465,0.00570932,-3.13815e-014,-0.554052,-3.91375e-015,-0.00152176,0
466,0.0057009,-0.000305052,-0.556859,-0.00214267,-0.00229688,0
467,0.00470246,0.000307242,-0.541733,0.00220762,0.00870868,0
468,0.00470208,-2.14591e-014,-0.534896,-2.02182e-015,0.00882455,0
469,0.00470246,-0.000307242,-0.541733,-0.00220762,0.00870868,0
470,0.00370392,0.000307636,-0.470481,0.00239635,0.0197611,0
471,0.0036929,-1.33491e-014,-0.464705,-1.26548e-015,0.019273,0
472,0.00370392,-0.000307636,-0.470481,-0.00239635,0.0197611,0
473,0.00270181,0.000291174,-0.348018,0.00158497,0.0293861,0
474,0.00268212,-7.11538e-015,-0.344953,-9.54098e-017,0.0284,0
475,0.00270181,-0.000291174,-0.348018,-0.00158497,0.0293861,0
476,0.00172685,0.000250871,-0.187277,0.000858919,0.0365728,0
477,0.00165761,-2.79366e-015,-0.183233,-5.72459e-017,0.03455,0
478,0.00172685,-0.000250871,-0.187277,-0.000858919,0.0365728,0
479,-0.00953355,0.00024321,-0.261419,0.00595375,0.0178456,0
480,-0.00905222,-7.73647e-014,-0.284474,-3.97252e-015,0.0123661,0
481,-0.00953355,-0.00024321,-0.261419,-0.00595375,0.0178456,0
482,-0.00867247,-4.49317e-005,-0.359028,0.00269852,0.0212306,0
483,-0.00854649,-6.33857e-014,-0.359246,-3.84328e-015,0.0174497,0
484,-0.00867247,4.49317e-005,-0.359028,-0.00269852,0.0212306,0
485,-0.00769916,-0.000224852,-0.448507,0.000118039,0.0186887,0
486,-0.00769566,-5.05612e-014,-0.453962,-6.03771e-015,0.0162238,0
487,-0.00769916,0.000224852,-0.448507,-0.000118039,0.0186887,0
488,-0.00670087,-0.00029012,-0.526,-0.00106663,0.0119098,0
489,-0.00671592,-3.89868e-014,-0.519563,-3.67458e-015,0.0103628,0
490,-0.00670087,0.00029012,-0.526,0.00106663,0.0119098,0
491,-0.0057009,-0.000305052,-0.556859,-0.00214267,0.00229688,0
492,-0.00570932,-2.87481e-014,-0.554052,-9.18645e-016,0.00152176,0
493,-0.0057009,0.000305052,-0.556859,0.00214267,0.00229688,0
494,-0.00470246,-0.000307242,-0.541733,-0.00220762,-0.00870868,0
495,-0.00470208,-1.99395e-014,-0.534896,-1.97195e-015,-0.00882455,0
496,-0.00470246,0.000307242,-0.541733,0.00220762,-0.00870868,0
497,-0.00370392,-0.000307636,-0.470481,-0.00239635,-0.0197611,0
498,-0.0036929,-1.26462e-014,-0.464705,-2.18488e-015,-0.019273,0
499,-0.00370392,0.000307636,-0.470481,0.00239635,-0.0197611,0
500,-0.00270181,-0.000291174,-0.348018,-0.00158497,-0.0293861,0
501,-0.00268212,-6.95651e-015,-0.344953,-1.39298e-015,-0.0284,0
502,-0.00270181,0.000291174,-0.348018,0.00158497,-0.0293861,0
503,-0.00172685,-0.000250871,-0.187277,-0.000858919,-0.0365728,0
504,-0.00165761,-2.92149e-015,-0.183233,-1.06512e-015,-0.03455,0
505,-0.00172685,0.000250871,-0.187277,0.000858919,-0.0365728,0
506,0,0,0,0,0,0
507,0,0,0,0,0,0
508,0,0,0,0,0,0
509,0,0,0,0,0,0
510,-9.22409e-014,0.211733,-0.0798216,0,0,0
511,0.00391539,0.216672,-0.0192335,0,0,0
512,0.00721173,0.226957,-0.0381104,0,0,0
513,-6.23013e-014,0.237808,-0.123612,0,0,0
514,0,0,0,0,0,0
515,0,0,0,0,0,0
516,-0.00721173,0.226957,-0.0381104,0,0,0
517,-0.00391539,0.216672,-0.0192335,0,0,0
518,0,0,0,0,0,0
519,0,0,0,0,0,0
520,0,0,0,0,0,0
521,0,0,0,0,0,0
522,0,0,0,0,0,0
523,0,0,0,0,0,0
524,-1.03426e-013,0.221321,0.0128773,0,0,0
525,0.00233718,0.226718,-0.0382033,0,0,0
526,-0.00449227,0.221004,-0.00953718,0,0,0
527,-0.00396509,0.221865,-0.0515094,0,0,0
528,-0.00266295,0.221945,-0.0279648,0,0,0
529,-0.000753416,0.218269,-0.0736265,0,0,0
530,-0.00160865,0.000622726,-0.00242347,0,0,0
531,-0.00151774,0.000405217,-0.00289806,0,0,0
532,-0.00215687,-2.10947e-005,-0.00567995,0,0,0
533,-0.00210075,0.000201968,-0.00363556,0,0,0
534,-0.00176413,0.000317439,-0.00901706,0,0,0
535,-0.0022892,0.000401954,-0.00991155,0,0,0
536,-0.00190069,0.000612376,-0.0100851,0,0,0
537,-0.00153434,0.00228468,-0.0138181,0,0,0
538,-0.00247022,0.00146093,-0.015953,0,0,0
539,-9.55349e-006,0.00633741,-0.014382,0,0,0
540,-0.00177242,0.00501257,-0.0196196,0,0,0
541,-0.00202183,0.00759955,-0.021149,0,0,0
542,-0.00128777,0.00988412,-0.0232491,0,0,0
543,-0.00187476,0.0126215,-0.0245329,0,0,0
544,-0.00132672,0.0155875,-0.026512,0,0,0
545,-0.00165446,0.0191053,-0.0278489,0,0,0
546,-0.00131356,0.022727,-0.0295844,0,0,0
547,-0.00148545,0.0269552,-0.0310338,0,0,0
548,-0.0012544,0.031337,-0.0325387,0,0,0
549,-0.00134596,0.0362435,-0.0340564,0,0,0
550,-0.00118202,0.0414346,-0.0353836,0,0,0
551,-0.00121293,0.0470362,-0.0369197,0,0,0
552,-0.00111869,0.053059,-0.0381098,0,0,0
553,-0.00106847,0.0593902,-0.0396274,0,0,0
554,-0.00108197,0.0662611,-0.0407163,0,0,0
555,-0.000896062,0.0733625,-0.042169,0,0,0
556,-0.00108716,0.0810982,-0.0432204,0,0,0
557,-0.00068351,0.08901,-0.0445103,0,0,0
558,-0.00114137,0.0976393,-0.0456705,0,0,0
559,-0.00042997,0.106385,-0.0465751,0,0,0
560,-0.00124171,0.115965,-0.0481692,0,0,0
561,-0.000130201,0.125554,-0.0482241,0,0,0
562,-0.00142708,0.136113,-0.0508709,0,0,0
563,0.000338845,0.146715,-0.0493255,0,0,0
564,-0.00197527,0.157883,-0.0537855,0,0,0
565,0.00146379,0.170461,-0.0501747,0,0,0
566,-0.00363659,0.180588,-0.0560217,0,0,0
567,0.00398501,0.197764,-0.0525235,0,0,0
568,-0.00698479,0.203668,-0.0554157,0,0,0
569,-8.33426e-014,0.197396,-0.0283283,0,0,0
570,-6.97181e-014,0.203213,-0.0684133,0,0,0
571,-7.40937e-014,0.177286,-0.0468359,0,0,0
572,-6.72317e-014,0.17327,-0.0555156,0,0,0
573,-6.81367e-014,0.15675,-0.0511691,0,0,0
574,-6.28094e-014,0.147966,-0.0507432,0,0,0
575,-6.28627e-014,0.136056,-0.0505246,0,0,0
576,-5.90996e-014,0.126187,-0.0484701,0,0,0
577,-5.76372e-014,0.116266,-0.0484406,0,0,0
578,-5.36837e-014,0.106879,-0.0465579,0,0,0
579,-5.25186e-014,0.0980135,-0.0460907,0,0,0
580,-4.77329e-014,0.0895061,-0.0444566,0,0,0
581,-4.55656e-014,0.0814967,-0.0436841,0,0,0
582,-4.35317e-014,0.073859,-0.0421344,0,0,0
583,-4.02599e-014,0.0667077,-0.0411891,0,0,0
584,-3.69974e-014,0.0598579,-0.039641,0,0,0
585,-3.50397e-014,0.0535807,-0.0385689,0,0,0
586,-3.17876e-014,0.047452,-0.0370015,0,0,0
587,-2.93856e-014,0.042051,-0.0358149,0,0,0
588,-2.6914e-014,0.0365871,-0.0342208,0,0,0
589,-2.46188e-014,0.0320709,-0.0329251,0,0,0
590,-2.15544e-014,0.0271951,-0.0313124,0,0,0
591,-1.95328e-014,0.0236169,-0.0298691,0,0,0
592,-1.68294e-014,0.0191873,-0.0283452,0,0,0
593,-1.52748e-014,0.0166901,-0.0265336,0,0,0
594,-1.25778e-014,0.0124601,-0.0255066,0,0,0
595,-1.13433e-014,0.0112932,-0.0226885,0,0,0
596,-8.48589e-015,0.00689044,-0.0230726,0,0,0
597,-8.39768e-015,0.00765334,-0.0182208,0,0,0
598,-5.46306e-015,0.00391414,-0.0148938,0,0,0
599,-2.83576e-015,0.00152042,-0.0151713,0,0,0
600,-2.98656e-015,0.00155866,-0.0161989,0,0,0
601,-9.56566e-016,0.000152963,-0.0110302,0,0,0
602,-1.78225e-015,0.000988733,-0.00832577,0,0,0
603,1.23799e-015,9.44171e-005,-0.0118557,0,0,0
604,-7.60661e-016,0.00029003,-0.00432457,0,0,0
605,3.94836e-016,0.000458415,-0.0037801,0,0,0
606,4.76765e-017,0.000790288,-0.00154431,0,0,0
607,-0.00240899,0.211404,-0.0216158,0,0,0
608,0.000791299,0.193432,-0.0323804,0,0,0
609,0.000779601,0.182094,-0.0262542,0,0,0
610,-0.00122392,0.170101,-0.0296448,0,0,0
611,0.00157166,0.157041,-0.0283145,0,0,0
612,-0.00135987,0.14727,-0.0290141,0,0,0
613,0.00117055,0.13502,-0.0287261,0,0,0
614,-0.00097271,0.125879,-0.0288133,0,0,0
615,0.000613338,0.115109,-0.0286479,0,0,0
616,-0.000644596,0.106369,-0.028478,0,0,0
617,0.000194989,0.096961,-0.0283139,0,0,0
618,-0.000478716,0.0887675,-0.0279493,0,0,0
619,-8.28668e-005,0.0804922,-0.0277378,0,0,0
620,-0.000433809,0.0729752,-0.0272388,0,0,0
621,-0.000273572,0.0656755,-0.0269292,0,0,0
622,-0.00045971,0.0588912,-0.0263435,0,0,0
623,-0.000419266,0.0524784,-0.0259087,0,0,0
624,-0.00052288,0.046433,-0.0252552,0,0,0
625,-0.000546372,0.0408609,-0.0246941,0,0,0
626,-0.000603084,0.0355309,-0.0239707,0,0,0
627,-0.000669964,0.0307802,-0.0232956,0,0,0
628,-0.000691542,0.0261267,-0.0224957,0,0,0
629,-0.000790827,0.0221867,-0.0217094,0,0,0
630,-0.000797592,0.0181825,-0.0208582,0,0,0
631,-0.000885324,0.0150118,-0.0198903,0,0,0
632,-0.000955544,0.011688,-0.0191452,0,0,0
633,-0.000923192,0.00918059,-0.017703,0,0,0
634,-0.00115453,0.0066225,-0.017516,0,0,0
635,-0.00128354,0.00467376,-0.0150442,0,0,0
636,0.000377053,0.00334182,-0.0122984,0,0,0
637,-0.00160596,0.00201459,-0.013018,0,0,0
638,-0.00139412,0.00015829,-0.0123499,0,0,0
639,-0.00143142,0.000181481,-0.0088602,0,0,0
640,-0.0017448,-0.00060766,-0.00937016,0,0,0
641,-0.00172828,-0.000759923,-0.00815351,0,0,0
642,-0.00185347,-0.000946594,-0.0042258,0,0,0
643,-0.00190497,-0.000677487,-0.00513425,0,0,0
644,-0.00168952,-0.000667289,-0.00344836,0,0,0
645,-0.00148414,-0.000858665,-0.00236515,0,0,0
646,-3.24174e-016,-0.000831502,-0.00178787,0,0,0
647,-6.18931e-016,-0.00101857,-0.00355989,0,0,0
648,-1.98096e-015,-0.000486007,-0.00489537,0,0,0
649,-1.45767e-015,-0.000751915,-0.0101874,0,0,0
650,-4.39667e-015,-0.000767119,-0.00827456,0,0,0
651,-4.91876e-015,-0.000159549,-0.0101633,0,0,0
652,-7.26395e-015,0.000624915,-0.0141161,0,0,0
653,-8.50404e-015,0.000185043,-0.0132726,0,0,0
654,-1.12932e-014,0.00287493,-0.0131125,0,0,0
655,-1.17466e-014,0.00241053,-0.0198394,0,0,0
656,-1.59732e-014,0.00518692,-0.0153765,0,0,0
657,-1.74961e-014,0.00733292,-0.0178462,0,0,0
658,-2.08521e-014,0.00951666,-0.0181199,0,0,0
659,-2.33018e-014,0.0123843,-0.0193525,0,0,0
660,-2.67109e-014,0.0154489,-0.0203011,0,0,0
661,-2.92664e-014,0.0187711,-0.0210417,0,0,0
662,-3.29212e-014,0.0227026,-0.0220575,0,0,0
663,-3.58975e-014,0.0266359,-0.0227052,0,0,0
664,-4.01012e-014,0.0313312,-0.0235615,0,0,0
665,-4.35893e-014,0.0359903,-0.0242125,0,0,0
666,-4.7346e-014,0.0414221,-0.0248791,0,0,0
667,-5.08273e-014,0.0468538,-0.0255257,0,0,0
668,-5.54108e-014,0.0530457,-0.026017,0,0,0
669,-5.88003e-014,0.0592695,-0.0266371,0,0,0
670,-6.31799e-014,0.0662569,-0.0269762,0,0,0
671,-6.7991e-014,0.0732996,-0.0275223,0,0,0
672,-7.08665e-014,0.0811016,-0.0277919,0,0,0
673,-7.45049e-014,0.0890175,-0.0281048,0,0,0
674,-7.95208e-014,0.0976345,-0.0285626,0,0,0
675,-8.21397e-014,0.106476,-0.0282408,0,0,0
676,-8.59669e-014,0.115977,-0.0294306,0,0,0
677,-8.90543e-014,0.125609,-0.0278123,0,0,0
678,-9.21137e-014,0.136468,-0.030354,0,0,0
679,-9.39432e-014,0.146037,-0.0271662,0,0,0
680,-9.75992e-014,0.159886,-0.0303605,0,0,0
681,-9.68717e-014,0.166896,-0.0282343,0,0,0
682,-1.01912e-013,0.187391,-0.0261151,0,0,0
683,-9.79522e-014,0.187433,-0.0363456,0,0,0
684,-1.09084e-013,0.218583,-0.00886749,0,0,0
685,0,0,0,0,0,0
686,0,0,0,0,0,0
687,0,0,0,0,0,0
688,0,0,0,0,0,0
689,0,0,0,0,0,0
690,0.000753416,0.218269,-0.0736265,0,0,0
691,0.00266295,0.221945,-0.0279648,0,0,0
692,0.00396509,0.221865,-0.0515094,0,0,0
693,0.00449227,0.221004,-0.00953718,0,0,0
694,-0.00233718,0.226718,-0.0382033,0,0,0
695,0.00148414,-0.000858665,-0.00236515,0,0,0
696,0.00168952,-0.000667289,-0.00344836,0,0,0
697,0.00190497,-0.000677487,-0.00513425,0,0,0
698,0.00185347,-0.000946594,-0.0042258,0,0,0
699,0.00172828,-0.000759923,-0.00815351,0,0,0
700,0.0017448,-0.00060766,-0.00937016,0,0,0
701,0.00143142,0.000181481,-0.0088602,0,0,0
702,0.00139412,0.00015829,-0.0123499,0,0,0
703,0.00160596,0.00201459,-0.013018,0,0,0
704,-0.000377053,0.00334182,-0.0122984,0,0,0
705,0.00128354,0.00467376,-0.0150442,0,0,0
706,0.00115453,0.0066225,-0.017516,0,0,0
707,0.000923192,0.00918059,-0.017703,0,0,0
708,0.000955544,0.011688,-0.0191452,0,0,0
709,0.000885324,0.0150118,-0.0198903,0,0,0
710,0.000797592,0.0181825,-0.0208582,0,0,0
711,0.000790827,0.0221867,-0.0217094,0,0,0
712,0.000691542,0.0261267,-0.0224957,0,0,0
713,0.000669964,0.0307802,-0.0232956,0,0,0
714,0.000603084,0.0355309,-0.0239707,0,0,0
715,0.000546372,0.0408609,-0.0246941,0,0,0
716,0.00052288,0.046433,-0.0252552,0,0,0
717,0.000419266,0.0524784,-0.0259087,0,0,0
718,0.00045971,0.0588912,-0.0263435,0,0,0
719,0.000273572,0.0656755,-0.0269292,0,0,0
720,0.000433809,0.0729752,-0.0272388,0,0,0
721,8.28668e-005,0.0804922,-0.0277378,0,0,0
722,0.000478716,0.0887675,-0.0279493,0,0,0
723,-0.000194989,0.096961,-0.0283139,0,0,0
724,0.000644596,0.106369,-0.028478,0,0,0
725,-0.000613338,0.115109,-0.0286479,0,0,0
726,0.00097271,0.125879,-0.0288133,0,0,0
727,-0.00117055,0.13502,-0.0287261,0,0,0
728,0.00135987,0.14727,-0.0290141,0,0,0
729,-0.00157166,0.157041,-0.0283145,0,0,0
730,0.00122392,0.170101,-0.0296448,0,0,0
731,-0.000779601,0.182094,-0.0262542,0,0,0
732,-0.000791299,0.193432,-0.0323804,0,0,0
733,0.00240899,0.211404,-0.0216158,0,0,0
734,0.00698479,0.203668,-0.0554157,0,0,0
735,-0.00398501,0.197764,-0.0525235,0,0,0
736,0.00363659,0.180588,-0.0560217,0,0,0
737,-0.00146379,0.170461,-0.0501747,0,0,0
738,0.00197527,0.157883,-0.0537855,0,0,0
739,-0.000338845,0.146715,-0.0493255,0,0,0
740,0.00142708,0.136113,-0.0508709,0,0,0
741,0.000130201,0.125554,-0.0482241,0,0,0
742,0.00124171,0.115965,-0.0481692,0,0,0
743,0.00042997,0.106385,-0.0465751,0,0,0
744,0.00114137,0.0976393,-0.0456705,0,0,0
745,0.00068351,0.08901,-0.0445103,0,0,0
746,0.00108716,0.0810982,-0.0432204,0,0,0
747,0.000896062,0.0733625,-0.042169,0,0,0
748,0.00108197,0.0662611,-0.0407163,0,0,0
749,0.00106847,0.0593902,-0.0396274,0,0,0
750,0.00111869,0.053059,-0.0381098,0,0,0
751,0.00121293,0.0470362,-0.0369197,0,0,0
752,0.00118202,0.0414346,-0.0353836,0,0,0
753,0.00134596,0.0362435,-0.0340564,0,0,0
754,0.0012544,0.031337,-0.0325387,0,0,0
755,0.00148545,0.0269552,-0.0310338,0,0,0
756,0.00131356,0.022727,-0.0295844,0,0,0
757,0.00165446,0.0191053,-0.0278489,0,0,0
758,0.00132672,0.0155875,-0.026512,0,0,0
759,0.00187476,0.0126215,-0.0245329,0,0,0
760,0.00128777,0.00988412,-0.0232491,0,0,0
761,0.00202183,0.00759955,-0.021149,0,0,0
762,0.00177242,0.00501257,-0.0196196,0,0,0
763,9.55349e-006,0.00633741,-0.014382,0,0,0
764,0.00247022,0.00146093,-0.015953,0,0,0
765,0.00153434,0.00228468,-0.0138181,0,0,0
766,0.00190069,0.000612376,-0.0100851,0,0,0
767,0.0022892,0.000401954,-0.00991155,0,0,0
768,0.00176413,0.000317439,-0.00901706,0,0,0
769,0.00210075,0.000201968,-0.00363556,0,0,0
770,0.00215687,-2.10947e-005,-0.00567995,0,0,0
771,0.00151774,0.000405217,-0.00289806,0,0,0
772,0.00160865,0.000622726,-0.00242347,0,0,0
773,0,0,0,0,0,0
774,0,0,0,0,0,0
775,0.00497897,0.223751,-0.0614859,0,0,0
776,-0.00165709,0.221262,-0.0294956,0,0,0
777,-0.000278533,0.000843271,-0.00216457,0,0,0
778,-0.000586314,0.000990937,-0.00168118,0,0,0
779,-0.000539103,0.000446935,-0.00242023,0,0,0
780,-0.00127104,0.00011657,-0.00312223,0,0,0
781,-0.00068527,0.000184545,-0.0062823,0,0,0
782,-0.00133058,0.000368829,-0.00543281,0,0,0
783,-0.000669118,0.000562223,-0.00314141,0,0,0
784,-0.00143197,0.000305383,-0.00969106,0,0,0
785,-0.000722222,0.000149046,-0.0096525,0,0,0
786,-0.00145826,0.000174724,-0.00888774,0,0,0
787,-0.000693185,0.00103274,-0.0106807,0,0,0
788,-0.00127895,0.000689258,-0.0107149,0,0,0
789,-0.000550944,0.000827061,-0.00989923,0,0,0
790,-0.00143753,0.00121681,-0.0150538,0,0,0
791,-0.000723019,0.00243213,-0.014472,0,0,0
792,-0.00123009,0.00123001,-0.0144599,0,0,0
793,-0.000570834,0.00187151,-0.0169167,0,0,0
794,-0.00109628,0.00373449,-0.0160591,0,0,0
795,-4.99568e-005,0.00703189,-0.0137927,0,0,0
796,-0.0021974,0.00162364,-0.0217095,0,0,0
797,-0.000562044,0.00497015,-0.0206906,0,0,0
798,-0.00111834,0.00639929,-0.0195444,0,0,0
799,-0.000570922,0.0084462,-0.0212918,0,0,0
800,-0.000921612,0.00763329,-0.0218535,0,0,0
801,-0.000494277,0.0100571,-0.0237025,0,0,0
802,-0.00128179,0.01029,-0.0230302,0,0,0
803,-0.000581479,0.0133025,-0.0248732,0,0,0
804,-0.000872642,0.0127962,-0.0251269,0,0,0
805,-0.000450035,0.0159362,-0.0267844,0,0,0
806,-0.00118328,0.0160411,-0.0264189,0,0,0
807,-0.00055215,0.0196652,-0.0282001,0,0,0
808,-0.000860791,0.019243,-0.028244,0,0,0
809,-0.000432469,0.0231406,-0.0298382,0,0,0
810,-0.00106532,0.0231681,-0.0296652,0,0,0
811,-0.000492726,0.0274636,-0.0313397,0,0,0
812,-0.000839111,0.0271262,-0.0312449,0,0,0
813,-0.000429691,0.0317585,-0.0327901,0,0,0
814,-0.000953115,0.0317102,-0.0327495,0,0,0
815,-0.000422522,0.0367282,-0.0343302,0,0,0
816,-0.00080876,0.0364733,-0.0341371,0,0,0
817,-0.000434381,0.0418469,-0.0356129,0,0,0
818,-0.000846974,0.0417307,-0.0356756,0,0,0
819,-0.000345275,0.0475027,-0.0371821,0,0,0
820,-0.000779972,0.0473227,-0.0369098,0,0,0
821,-0.000451457,0.0534616,-0.0383009,0,0,0
822,-0.000736526,0.0532834,-0.0384511,0,0,0
823,-0.000251569,0.0598328,-0.0398911,0,0,0
824,-0.000767118,0.0597268,-0.0395572,0,0,0
825,-0.000495594,0.0666649,-0.0408638,0,0,0
826,-0.000606371,0.0664188,-0.041072,0,0,0
827,-0.00012234,0.073763,-0.042433,0,0,0
828,-0.000787317,0.0737463,-0.0420897,0,0,0
829,-0.000590694,0.0815284,-0.043337,0,0,0
830,-0.000438291,0.0811876,-0.0435128,0,0,0
831,7.11936e-005,0.0893377,-0.0447521,0,0,0
832,-0.000859997,0.0894505,-0.0445432,0,0,0
833,-0.000769796,0.0981277,-0.04579,0,0,0
834,-0.000211766,0.0976397,-0.0457173,0,0,0
835,0.000363432,0.106614,-0.0467618,0,0,0
836,-0.00100669,0.106916,-0.0469892,0,0,0
837,-0.00106126,0.116523,-0.048308,0,0,0
838,9.53127e-005,0.115834,-0.0475905,0,0,0
839,0.000762214,0.125692,-0.0483884,0,0,0
840,-0.0012477,0.126206,-0.0495326,0,0,0
841,-0.00142552,0.136723,-0.0509184,0,0,0
842,0.000498291,0.135887,-0.0490272,0,0,0
843,0.00114358,0.14675,-0.0496663,0,0,0
844,-0.00158203,0.147275,-0.0522324,0,0,0
845,-0.0016082,0.158666,-0.0534927,0,0,0
846,0.000965035,0.158121,-0.0500755,0,0,0
847,0.00108035,0.170014,-0.0507877,0,0,0
848,-0.00194218,0.169791,-0.0548096,0,0,0
849,-0.00106296,0.182336,-0.0558607,0,0,0
850,0.00133515,0.183214,-0.0513973,0,0,0
851,-7.43306e-005,0.1955,-0.0515765,0,0,0
852,-0.00222303,0.193118,-0.0560248,0,0,0
853,0.000490906,0.20835,-0.0611183,0,0,0
854,0.00115055,0.211789,-0.0532678,0,0,0
855,-0.00025723,-0.00106901,-0.00212664,0,0,0
856,-0.000633246,-0.00111247,-0.00198038,0,0,0
857,-0.00056651,-0.000682938,-0.00292088,0,0,0
858,-0.00116165,-0.000526329,-0.00288311,0,0,0
859,-0.000581548,-0.000778676,-0.00561071,0,0,0
860,-0.0013366,-0.000827565,-0.00616602,0,0,0
861,-0.000610865,-0.000928303,-0.00390895,0,0,0
862,-0.00134427,-0.000787473,-0.00881765,0,0,0
863,-0.00074904,-0.000355117,-0.00867312,0,0,0
864,-0.00118702,-0.000542548,-0.00901202,0,0,0
865,-0.000511218,-0.000502321,-0.0099291,0,0,0
866,-0.00114915,-0.000395807,-0.00984491,0,0,0
867,-0.000424799,0.000334856,-0.00892421,0,0,0
868,-0.00123507,-1.0984e-005,-0.013812,0,0,0
869,-0.000736737,0.000892281,-0.0128483,0,0,0
870,-0.000809343,0.00115261,-0.0125226,0,0,0
871,-0.000332933,0.00186349,-0.0138167,0,0,0
872,-0.000975978,0.0016532,-0.0143673,0,0,0
873,7.1964e-005,0.00389493,-0.0119571,0,0,0
874,-0.00184544,0.00279369,-0.017682,0,0,0
875,-0.000526541,0.00505653,-0.0158599,0,0,0
876,-0.00069158,0.0049375,-0.0167959,0,0,0
877,-0.000306717,0.00708048,-0.0175714,0,0,0
878,-0.000658333,0.00706321,-0.0167139,0,0,0
879,-0.000353773,0.00964098,-0.0180831,0,0,0
880,-0.000711437,0.00927942,-0.0184455,0,0,0
881,-0.000299254,0.0122214,-0.0194355,0,0,0
882,-0.000583882,0.0122216,-0.0190308,0,0,0
883,-0.000292562,0.0154172,-0.0201077,0,0,0
884,-0.000606631,0.0150732,-0.0201652,0,0,0
885,-0.000274168,0.0187372,-0.0211531,0,0,0
886,-0.000530156,0.0187041,-0.0209758,0,0,0
887,-0.000255166,0.0225866,-0.0219174,0,0,0
888,-0.000520438,0.0222881,-0.0218438,0,0,0
889,-0.000230351,0.0266518,-0.0227407,0,0,0
890,-0.000465112,0.0265756,-0.0226592,0,0,0
891,-0.000232147,0.031192,-0.0235052,0,0,0
892,-0.000444008,0.0309448,-0.0233855,0,0,0
893,-0.000178499,0.0360197,-0.0241784,0,0,0
894,-0.000396079,0.0359041,-0.0241409,0,0,0
895,-0.000215671,0.0412771,-0.0248866,0,0,0
896,-0.000375271,0.0410763,-0.0247486,0,0,0
897,-0.000124413,0.0468937,-0.0254421,0,0,0
898,-0.000324032,0.0467445,-0.0254369,0,0,0
899,-0.000204049,0.0528891,-0.026073,0,0,0
900,-0.000315985,0.0527332,-0.025919,0,0,0
901,-6.65364e-005,0.0593314,-0.0265157,0,0,0
902,-0.000245539,0.0591439,-0.026545,0,0,0
903,-0.000201827,0.0660743,-0.0270672,0,0,0
904,-0.000270954,0.0659776,-0.0268929,0,0,0
905,3.14751e-006,0.0733991,-0.0273873,0,0,0
906,-0.000154118,0.0731472,-0.0274551,0,0,0
907,-0.000220793,0.0808772,-0.0278702,0,0,0
908,-0.000247478,0.0808803,-0.0276715,0,0,0
909,0.000101131,0.0891716,-0.0280436,0,0,0
910,-4.19888e-005,0.0887984,-0.0281525,0,0,0
911,-0.000282109,0.0973464,-0.0284808,0,0,0
912,-0.000252449,0.0975227,-0.0282585,0,0,0
913,0.000251545,0.10672,-0.0284815,0,0,0
914,9.53818e-005,0.106141,-0.0286182,0,0,0
915,-0.000406896,0.115556,-0.0288652,0,0,0
916,-0.000285981,0.115989,-0.0286635,0,0,0
917,0.000459649,0.126085,-0.0287643,0,0,0
918,0.000252769,0.125243,-0.0288141,0,0,0
919,-0.000558811,0.135642,-0.0288726,0,0,0
920,-0.000336855,0.136314,-0.0289442,0,0,0
921,0.00060791,0.147235,-0.0291222,0,0,0
922,0.000419523,0.146293,-0.0285886,0,0,0
923,-0.000481841,0.157828,-0.0281426,0,0,0
924,-0.000407713,0.158339,-0.029388,0,0,0
925,0.000227411,0.170091,-0.029976,0,0,0
926,0.00061724,0.169788,-0.0273702,0,0,0
927,0.000492617,0.182349,-0.0262686,0,0,0
928,-0.000632209,0.181534,-0.0309317,0,0,0
929,-0.00159982,0.194647,-0.0314514,0,0,0
930,0.000928185,0.196628,-0.0237493,0,0,0
931,0.00329826,0.209252,-0.0254971,0,0,0
932,-0.000887009,0.205278,-0.033768,0,0,0
933,1.29222e-017,-8.71578e-005,-0.00128765,0,0,0
934,-5.9111e-016,-0.0001295,-0.00364263,0,0,0
935,-3.63673e-016,-0.000351054,-0.00545551,0,0,0
936,-2.89099e-015,-0.000183379,-0.00371924,0,0,0
937,-1.81406e-015,-7.14094e-005,-0.00905713,0,0,0
938,-3.99026e-015,0.000239829,-0.0107258,0,0,0
939,-4.39784e-015,0.000518883,-0.00918622,0,0,0
940,-6.5446e-015,0.00175645,-0.0135085,0,0,0
941,-7.18281e-015,0.00169347,-0.0163911,0,0,0
942,-1.09365e-014,0.00539975,-0.0117171,0,0,0
943,-1.07393e-014,0.00497725,-0.0192824,0,0,0
944,-1.39624e-014,0.00783108,-0.0189309,0,0,0
945,-1.5459e-014,0.00978553,-0.021201,0,0,0
946,-1.83197e-014,0.0128382,-0.0221307,0,0,0
947,-2.04488e-014,0.0156204,-0.0234557,0,0,0
948,-2.35814e-014,0.0192651,-0.02479,0,0,0
949,-2.60671e-014,0.0228153,-0.0258434,0,0,0
950,-2.92929e-014,0.0271108,-0.0271314,0,0,0
951,-3.17818e-014,0.0314296,-0.0281589,0,0,0
952,-3.49228e-014,0.0364202,-0.029284,0,0,0
953,-3.83642e-014,0.0415144,-0.0303178,0,0,0
954,-4.1738e-014,0.0472405,-0.0312839,0,0,0
955,-4.46648e-014,0.0531232,-0.0323013,0,0,0
956,-4.85761e-014,0.0596213,-0.0331336,0,0,0
957,-5.17904e-014,0.0663132,-0.0340993,0,0,0
958,-5.42802e-014,0.0736151,-0.0348474,0,0,0
959,-5.91064e-014,0.0811456,-0.0356707,0,0,0
960,-6.276e-014,0.0892777,-0.0364858,0,0,0
961,-6.46992e-014,0.0976865,-0.0369151,0,0,0
962,-6.872e-014,0.106669,-0.0381709,0,0,0
963,-7.1628e-014,0.116007,-0.0376895,0,0,0
964,-7.44169e-014,0.125856,-0.0399985,0,0,0
965,-7.71142e-014,0.136181,-0.038025,0,0,0
966,-8.00434e-014,0.146915,-0.0416085,0,0,0
967,-8.12913e-014,0.158278,-0.0388663,0,0,0
968,-8.50518e-014,0.169946,-0.0410401,0,0,0
969,-8.41545e-014,0.18237,-0.0436804,0,0,0
970,-9.04788e-014,0.19497,-0.0328659,0,0,0
971,-8.28598e-014,0.208729,-0.0618445,0,0,0
972,-0.001421,-6.25263e-005,-0.0018909,0,0,0
973,-0.00167485,-0.000172729,-0.00369062,0,0,0
974,-0.00203935,-0.000370459,-0.00537374,0,0,0
975,-0.00194276,-0.000259382,-0.00921623,0,0,0
976,-0.00202751,-0.00043893,-0.00857522,0,0,0
977,-0.00176997,8.69907e-005,-0.0102402,0,0,0
978,-0.00185987,0.000153519,-0.0139304,0,0,0
979,-0.00179491,0.00123932,-0.0131934,0,0,0
980,-0.00125202,0.00206591,-0.0153306,0,0,0
981,-0.00319764,0.00227517,-0.0188292,0,0,0
982,-0.00128104,0.00503431,-0.0184706,0,0,0
983,-0.00128406,0.00728382,-0.0187076,0,0,0
984,-0.0014061,0.00919452,-0.0207619,0,0,0
985,-0.00121104,0.012362,-0.0217719,0,0,0
986,-0.00122868,0.0150327,-0.0231851,0,0,0
987,-0.00115518,0.0187658,-0.0244109,0,0,0
988,-0.00109657,0.0222619,-0.0256043,0,0,0
989,-0.00105474,0.0266017,-0.0268053,0,0,0
990,-0.000995325,0.0309081,-0.0279023,0,0,0
991,-0.000937986,0.0359109,-0.0290305,0,0,0
992,-0.000907688,0.0410222,-0.0300391,0,0,0
993,-0.000816257,0.0467351,-0.0310984,0,0,0
994,-0.000832448,0.0526601,-0.032009,0,0,0
995,-0.000685704,0.0591193,-0.0330014,0,0,0
996,-0.000778293,0.0658819,-0.0338158,0,0,0
997,-0.000533804,0.0731121,-0.0347272,0,0,0
998,-0.000761999,0.0807529,-0.0354649,0,0,0
999,-0.00033842,0.0887649,-0.0362638,0,0,0
1000,-0.000812048,0.0973439,-0.0369557,0,0,0
1001,-6.5021e-005,0.106133,-0.037613,0,0,0
1002,-0.000964342,0.115732,-0.0382616,0,0,0
1003,0.000311273,0.125275,-0.038809,0,0,0
1004,-0.00120395,0.135996,-0.0393349,0,0,0
1005,0.000687601,0.146267,-0.0398471,0,0,0
1006,-0.0012676,0.158206,-0.0403253,0,0,0
1007,0.000523822,0.169217,-0.0402322,0,0,0
1008,-0.000306073,0.182392,-0.042333,0,0,0
1009,-0.00148943,0.194302,-0.0380158,0,0,0
1010,0.00317237,0.208626,-0.0461831,0,0,0
1011,0,0,0,0,0,0
1012,0,0,0,0,0,0
1013,-0.00497897,0.223751,-0.0614859,0,0,0
1014,0.00165709,0.221262,-0.0294956,0,0,0
1015,0.00025723,-0.00106901,-0.00212664,0,0,0
1016,0.000633246,-0.00111247,-0.00198038,0,0,0
1017,0.00056651,-0.000682938,-0.00292088,0,0,0
1018,0.00116165,-0.000526329,-0.00288311,0,0,0
1019,0.000581548,-0.000778676,-0.00561071,0,0,0
1020,0.0013366,-0.000827565,-0.00616602,0,0,0
1021,0.000610865,-0.000928303,-0.00390895,0,0,0
1022,0.00134427,-0.000787473,-0.00881765,0,0,0
1023,0.00074904,-0.000355117,-0.00867312,0,0,0
1024,0.00118702,-0.000542548,-0.00901202,0,0,0
1025,0.000511218,-0.000502321,-0.0099291,0,0,0
1026,0.00114915,-0.000395807,-0.00984491,0,0,0
1027,0.000424799,0.000334856,-0.00892421,0,0,0
1028,0.00123507,-1.0984e-005,-0.013812,0,0,0
1029,0.000736737,0.000892281,-0.0128483,0,0,0
1030,0.000809343,0.00115261,-0.0125226,0,0,0
1031,0.000332933,0.00186349,-0.0138167,0,0,0
1032,0.000975978,0.0016532,-0.0143673,0,0,0
1033,-7.1964e-005,0.00389493,-0.0119571,0,0,0
1034,0.00184544,0.00279369,-0.017682,0,0,0
1035,0.000526541,0.00505653,-0.0158599,0,0,0
1036,0.00069158,0.0049375,-0.0167959,0,0,0
1037,0.000306717,0.00708048,-0.0175714,0,0,0
1038,0.000658333,0.00706321,-0.0167139,0,0,0
1039,0.000353773,0.00964098,-0.0180831,0,0,0
1040,0.000711437,0.00927942,-0.0184455,0,0,0
1041,0.000299254,0.0122214,-0.0194355,0,0,0
1042,0.000583882,0.0122216,-0.0190308,0,0,0
1043,0.000292562,0.0154172,-0.0201077,0,0,0
1044,0.000606631,0.0150732,-0.0201652,0,0,0
1045,0.000274168,0.0187372,-0.0211531,0,0,0
1046,0.000530156,0.0187041,-0.0209758,0,0,0
1047,0.000255166,0.0225866,-0.0219174,0,0,0
1048,0.000520438,0.0222881,-0.0218438,0,0,0
1049,0.000230351,0.0266518,-0.0227407,0,0,0
1050,0.000465112,0.0265756,-0.0226592,0,0,0
1051,0.000232147,0.031192,-0.0235052,0,0,0
1052,0.000444008,0.0309448,-0.0233855,0,0,0
1053,0.000178499,0.0360197,-0.0241784,0,0,0
1054,0.000396079,0.0359041,-0.0241409,0,0,0
1055,0.000215671,0.0412771,-0.0248866,0,0,0
1056,0.000375271,0.0410763,-0.0247486,0,0,0
1057,0.000124413,0.0468937,-0.0254421,0,0,0
1058,0.000324032,0.0467445,-0.0254369,0,0,0
1059,0.000204049,0.0528891,-0.026073,0,0,0
1060,0.000315985,0.0527332,-0.025919,0,0,0
1061,6.65364e-005,0.0593314,-0.0265157,0,0,0
1062,0.000245539,0.0591439,-0.026545,0,0,0
1063,0.000201827,0.0660743,-0.0270672,0,0,0
1064,0.000270954,0.0659776,-0.0268929,0,0,0
1065,-3.14751e-006,0.0733991,-0.0273873,0,0,0
1066,0.000154118,0.0731472,-0.0274551,0,0,0
1067,0.000220793,0.0808772,-0.0278702,0,0,0
1068,0.000247478,0.0808803,-0.0276715,0,0,0
1069,-0.000101131,0.0891716,-0.0280436,0,0,0
1070,4.19888e-005,0.0887984,-0.0281525,0,0,0
1071,0.000282109,0.0973464,-0.0284808,0,0,0
1072,0.000252449,0.0975227,-0.0282585,0,0,0
1073,-0.000251545,0.10672,-0.0284815,0,0,0
1074,-9.53818e-005,0.106141,-0.0286182,0,0,0
1075,0.000406896,0.115556,-0.0288652,0,0,0
1076,0.000285981,0.115989,-0.0286635,0,0,0
1077,-0.000459649,0.126085,-0.0287643,0,0,0
1078,-0.000252769,0.125243,-0.0288141,0,0,0
1079,0.000558811,0.135642,-0.0288726,0,0,0
1080,0.000336855,0.136314,-0.0289442,0,0,0
1081,-0.00060791,0.147235,-0.0291222,0,0,0
1082,-0.000419523,0.146293,-0.0285886,0,0,0
1083,0.000481841,0.157828,-0.0281426,0,0,0
1084,0.000407713,0.158339,-0.029388,0,0,0
1085,-0.000227411,0.170091,-0.029976,0,0,0
1086,-0.00061724,0.169788,-0.0273702,0,0,0
1087,-0.000492617,0.182349,-0.0262686,0,0,0
1088,0.000632209,0.181534,-0.0309317,0,0,0
1089,0.00159982,0.194647,-0.0314514,0,0,0
1090,-0.000928185,0.196628,-0.0237493,0,0,0
1091,-0.00329826,0.209252,-0.0254971,0,0,0
1092,0.000887009,0.205278,-0.033768,0,0,0
1093,0.000278533,0.000843271,-0.00216457,0,0,0
1094,0.000586314,0.000990937,-0.00168118,0,0,0
1095,0.000539103,0.000446935,-0.00242023,0,0,0
1096,0.00127104,0.00011657,-0.00312223,0,0,0
1097,0.00068527,0.000184545,-0.0062823,0,0,0
1098,0.00133058,0.000368829,-0.00543281,0,0,0
1099,0.000669118,0.000562223,-0.00314141,0,0,0
1100,0.00143197,0.000305383,-0.00969106,0,0,0
1101,0.000722222,0.000149046,-0.0096525,0,0,0
1102,0.00145826,0.000174724,-0.00888774,0,0,0
1103,0.000693185,0.00103274,-0.0106807,0,0,0
1104,0.00127895,0.000689258,-0.0107149,0,0,0
1105,0.000550944,0.000827061,-0.00989923,0,0,0
1106,0.00143753,0.00121681,-0.0150538,0,0,0
1107,0.000723019,0.00243213,-0.014472,0,0,0
1108,0.00123009,0.00123001,-0.0144599,0,0,0
1109,0.000570834,0.00187151,-0.0169167,0,0,0
1110,0.00109628,0.00373449,-0.0160591,0,0,0
1111,4.99568e-005,0.00703189,-0.0137927,0,0,0
1112,0.0021974,0.00162364,-0.0217095,0,0,0
1113,0.000562044,0.00497015,-0.0206906,0,0,0
1114,0.00111834,0.00639929,-0.0195444,0,0,0
1115,0.000570922,0.0084462,-0.0212918,0,0,0
1116,0.000921612,0.00763329,-0.0218535,0,0,0
1117,0.000494277,0.0100571,-0.0237025,0,0,0
1118,0.00128179,0.01029,-0.0230302,0,0,0
1119,0.000581479,0.0133025,-0.0248732,0,0,0
1120,0.000872642,0.0127962,-0.0251269,0,0,0
1121,0.000450035,0.0159362,-0.0267844,0,0,0
1122,0.00118328,0.0160411,-0.0264189,0,0,0
1123,0.00055215,0.0196652,-0.0282001,0,0,0
1124,0.000860791,0.019243,-0.028244,0,0,0
1125,0.000432469,0.0231406,-0.0298382,0,0,0
1126,0.00106532,0.0231681,-0.0296652,0,0,0
1127,0.000492726,0.0274636,-0.0313397,0,0,0
1128,0.000839111,0.0271262,-0.0312449,0,0,0
1129,0.000429691,0.0317585,-0.0327901,0,0,0
1130,0.000953115,0.0317102,-0.0327495,0,0,0
1131,0.000422522,0.0367282,-0.0343302,0,0,0
1132,0.00080876,0.0364733,-0.0341371,0,0,0
1133,0.000434381,0.0418469,-0.0356129,0,0,0
1134,0.000846974,0.0417307,-0.0356756,0,0,0
1135,0.000345275,0.0475027,-0.0371821,0,0,0
1136,0.000779972,0.0473227,-0.0369098,0,0,0
1137,0.000451457,0.0534616,-0.0383009,0,0,0
1138,0.000736526,0.0532834,-0.0384511,0,0,0
1139,0.000251569,0.0598328,-0.0398911,0,0,0
1140,0.000767118,0.0597268,-0.0395572,0,0,0
1141,0.000495594,0.0666649,-0.0408638,0,0,0
1142,0.000606371,0.0664188,-0.041072,0,0,0
1143,0.00012234,0.073763,-0.042433,0,0,0
1144,0.000787317,0.0737463,-0.0420897,0,0,0
1145,0.000590694,0.0815284,-0.043337,0,0,0
1146,0.000438291,0.0811876,-0.0435128,0,0,0
1147,-7.11936e-005,0.0893377,-0.0447521,0,0,0
1148,0.000859997,0.0894505,-0.0445432,0,0,0
1149,0.000769796,0.0981277,-0.04579,0,0,0
1150,0.000211766,0.0976397,-0.0457173,0,0,0
1151,-0.000363432,0.106614,-0.0467618,0,0,0
1152,0.00100669,0.106916,-0.0469892,0,0,0
1153,0.00106126,0.116523,-0.048308,0,0,0
1154,-9.53127e-005,0.115834,-0.0475905,0,0,0
1155,-0.000762214,0.125692,-0.0483884,0,0,0
1156,0.0012477,0.126206,-0.0495326,0,0,0
1157,0.00142552,0.136723,-0.0509184,0,0,0
1158,-0.000498291,0.135887,-0.0490272,0,0,0
1159,-0.00114358,0.14675,-0.0496663,0,0,0
1160,0.00158203,0.147275,-0.0522324,0,0,0
1161,0.0016082,0.158666,-0.0534927,0,0,0
1162,-0.000965035,0.158121,-0.0500755,0,0,0
1163,-0.00108035,0.170014,-0.0507877,0,0,0
1164,0.00194218,0.169791,-0.0548096,0,0,0
1165,0.00106296,0.182336,-0.0558607,0,0,0
1166,-0.00133515,0.183214,-0.0513973,0,0,0
1167,7.43306e-005,0.1955,-0.0515765,0,0,0
1168,0.00222303,0.193118,-0.0560248,0,0,0
1169,-0.000490906,0.20835,-0.0611183,0,0,0
1170,-0.00115055,0.211789,-0.0532678,0,0,0
1171,0.001421,-6.25263e-005,-0.0018909,0,0,0
1172,0.00167485,-0.000172729,-0.00369062,0,0,0
1173,0.00203935,-0.000370459,-0.00537374,0,0,0
1174,0.00194276,-0.000259382,-0.00921623,0,0,0
1175,0.00202751,-0.00043893,-0.00857522,0,0,0
1176,0.00176997,8.69907e-005,-0.0102402,0,0,0
1177,0.00185987,0.000153519,-0.0139304,0,0,0
1178,0.00179491,0.00123932,-0.0131934,0,0,0
1179,0.00125202,0.00206591,-0.0153306,0,0,0
1180,0.00319764,0.00227517,-0.0188292,0,0,0
1181,0.00128104,0.00503431,-0.0184706,0,0,0
1182,0.00128406,0.00728382,-0.0187076,0,0,0
1183,0.0014061,0.00919452,-0.0207619,0,0,0
1184,0.00121104,0.012362,-0.0217719,0,0,0
1185,0.00122868,0.0150327,-0.0231851,0,0,0
1186,0.00115518,0.0187658,-0.0244109,0,0,0
1187,0.00109657,0.0222619,-0.0256043,0,0,0
1188,0.00105474,0.0266017,-0.0268053,0,0,0
1189,0.000995325,0.0309081,-0.0279023,0,0,0
1190,0.000937986,0.0359109,-0.0290305,0,0,0
1191,0.000907688,0.0410222,-0.0300391,0,0,0
1192,0.000816257,0.0467351,-0.0310984,0,0,0
1193,0.000832448,0.0526601,-0.032009,0,0,0
1194,0.000685704,0.0591193,-0.0330014,0,0,0
1195,0.000778293,0.0658819,-0.0338158,0,0,0
1196,0.000533804,0.0731121,-0.0347272,0,0,0
1197,0.000761999,0.0807529,-0.0354649,0,0,0
1198,0.00033842,0.0887649,-0.0362638,0,0,0
1199,0.000812048,0.0973439,-0.0369557,0,0,0
1200,6.5021e-005,0.106133,-0.037613,0,0,0
1201,0.000964342,0.115732,-0.0382616,0,0,0
1202,-0.000311273,0.125275,-0.038809,0,0,0
1203,0.00120395,0.135996,-0.0393349,0,0,0
1204,-0.000687601,0.146267,-0.0398471,0,0,0
1205,0.0012676,0.158206,-0.0403253,0,0,0
1206,-0.000523822,0.169217,-0.0402322,0,0,0
1207,0.000306073,0.182392,-0.042333,0,0,0
1208,0.00148943,0.194302,-0.0380158,0,0,0
1209,-0.00317237,0.208626,-0.0461831,0,0,0
1210,-0.000388949,-6.17796e-005,-0.00134746,0,0,0
1211,-0.000526893,-4.87717e-005,-0.000991604,0,0,0
1212,-0.000385327,-0.000173299,-0.0037779,0,0,0
1213,-0.0012639,-0.000221316,-0.00437379,0,0,0
1214,-0.000783895,-0.000276468,-0.00499898,0,0,0
1215,-0.00117322,-0.000193158,-0.00419971,0,0,0
1216,-0.000703906,-0.000166339,-0.0100451,0,0,0
1217,-0.00134559,-0.000388692,-0.00515,0,0,0
1218,-0.000546352,-0.000183693,-0.00876373,0,0,0
1219,-0.00133147,-4.99269e-005,-0.00800729,0,0,0
1220,-0.000716723,0.000271396,-0.0104517,0,0,0
1221,-0.00124864,-6.47252e-005,-0.0105006,0,0,0
1222,-0.000716563,0.000556313,-0.0148707,0,0,0
1223,-0.0010256,0.000748882,-0.0093181,0,0,0
1224,-0.00032642,0.00139033,-0.0135555,0,0,0
1225,-0.0012872,0.00108919,-0.0136495,0,0,0
1226,-0.000700664,0.00255525,-0.0153863,0,0,0
1227,-0.0010371,0.00224341,-0.0145361,0,0,0
1228,-0.0010522,0.00238936,-0.0200863,0,0,0
1229,1.53711e-005,0.00475211,-0.0137192,0,0,0
1230,-0.00033585,0.00561726,-0.0183354,0,0,0
1231,-0.00105571,0.00527749,-0.0174017,0,0,0
1232,-0.000496728,0.00757973,-0.0193384,0,0,0
1233,-0.000959948,0.00717184,-0.0197154,0,0,0
1234,-0.000414054,0.00981787,-0.0210095,0,0,0
1235,-0.000811868,0.00992703,-0.020551,0,0,0
1236,-0.000421408,0.0127146,-0.022064,0,0,0
1237,-0.00088721,0.0122785,-0.0221428,0,0,0
1238,-0.000407163,0.0156147,-0.0235185,0,0,0
1239,-0.000765277,0.0156552,-0.0233049,0,0,0
1240,-0.000375143,0.0191592,-0.0246459,0,0,0
1241,-0.000799444,0.0187968,-0.0245868,0,0,0
1242,-0.000372753,0.0227985,-0.0258977,0,0,0
1243,-0.000710691,0.0227766,-0.0257904,0,0,0
1244,-0.00034945,0.0270142,-0.0270453,0,0,0
1245,-0.000716329,0.026711,-0.0269348,0,0,0
1246,-0.000322043,0.0314094,-0.02815,0,0,0
1247,-0.000648922,0.0313447,-0.0280893,0,0,0
1248,-0.00033298,0.0363269,-0.0292621,0,0,0
1249,-0.000640744,0.0360692,-0.0291344,0,0,0
1250,-0.000267332,0.0414968,-0.0302604,0,0,0
1251,-0.000581955,0.0414026,-0.0302265,0,0,0
1252,-0.000320541,0.0471461,-0.0313049,0,0,0
1253,-0.000574157,0.0469236,-0.031171,0,0,0
1254,-0.000210231,0.0531118,-0.0322166,0,0,0
1255,-0.00051029,0.0529975,-0.0322018,0,0,0
1256,-0.000315274,0.059524,-0.033177,0,0,0
1257,-0.000517164,0.0593289,-0.0330435,0,0,0
1258,-0.000144018,0.0663076,-0.0340103,0,0,0
1259,-0.000433222,0.0661808,-0.0340075,0,0,0
1260,-0.000327798,0.0735176,-0.0348807,0,0,0
1261,-0.000470858,0.0733426,-0.034753,0,0,0
1262,-5.35467e-005,0.0811404,-0.0356288,0,0,0
1263,-0.000349614,0.0810085,-0.0356359,0,0,0
1264,-0.000378496,0.0891886,-0.0364258,0,0,0
1265,-0.000435655,0.0890262,-0.0362982,0,0,0
1266,8.69606e-005,0.0976701,-0.0370507,0,0,0
1267,-0.000260736,0.0975409,-0.0370832,0,0,0
1268,-0.000496589,0.106604,-0.0378232,0,0,0
1269,-0.000407319,0.106446,-0.0376694,0,0,0
1270,0.000304079,0.115961,-0.0382701,0,0,0
1271,-0.000174556,0.115843,-0.038354,0,0,0
1272,-0.000691837,0.125835,-0.0390348,0,0,0
1273,-0.000373896,0.125672,-0.0388554,0,0,0
1274,0.00056591,0.136084,-0.0393761,0,0,0
1275,-0.000102643,0.135987,-0.0394282,0,0,0
1276,-0.000847775,0.146956,-0.0398683,0,0,0
1277,-0.000331081,0.146779,-0.0399291,0,0,0
1278,0.000610564,0.158124,-0.040656,0,0,0
1279,-2.75259e-005,0.158055,-0.0400808,0,0,0
1280,-0.000494702,0.170037,-0.0399352,0,0,0
1281,-0.000359016,0.169843,-0.041375,0,0,0
1282,-0.000339162,0.182175,-0.0424817,0,0,0
1283,0.000159638,0.182137,-0.0393694,0,0,0
1284,0.00132968,0.195191,-0.0392632,0,0,0
1285,-0.000734761,0.19495,-0.0445718,0,0,0
1286,-0.0031679,0.208048,-0.0426097,0,0,0
1287,0.000803158,0.208518,-0.0369779,0,0,0
1288,0.000388949,-6.17796e-005,-0.00134746,0,0,0
1289,0.000526893,-4.87717e-005,-0.000991604,0,0,0
1290,0.000385327,-0.000173299,-0.0037779,0,0,0
1291,0.0012639,-0.000221316,-0.00437379,0,0,0
1292,0.000783895,-0.000276468,-0.00499898,0,0,0
1293,0.00117322,-0.000193158,-0.00419971,0,0,0
1294,0.000703906,-0.000166339,-0.0100451,0,0,0
1295,0.00134559,-0.000388692,-0.00515,0,0,0
1296,0.000546352,-0.000183693,-0.00876373,0,0,0
1297,0.00133147,-4.99269e-005,-0.00800729,0,0,0
1298,0.000716723,0.000271396,-0.0104517,0,0,0
1299,0.00124864,-6.47252e-005,-0.0105006,0,0,0
1300,0.000716563,0.000556313,-0.0148707,0,0,0
1301,0.0010256,0.000748882,-0.0093181,0,0,0
1302,0.00032642,0.00139033,-0.0135555,0,0,0
1303,0.0012872,0.00108919,-0.0136495,0,0,0
1304,0.000700664,0.00255525,-0.0153863,0,0,0
1305,0.0010371,0.00224341,-0.0145361,0,0,0
1306,0.0010522,0.00238936,-0.0200863,0,0,0
1307,-1.53711e-005,0.00475211,-0.0137192,0,0,0
1308,0.00033585,0.00561726,-0.0183354,0,0,0
1309,0.00105571,0.00527749,-0.0174017,0,0,0
1310,0.000496728,0.00757973,-0.0193384,0,0,0
1311,0.000959948,0.00717184,-0.0197154,0,0,0
1312,0.000414054,0.00981787,-0.0210095,0,0,0
1313,0.000811868,0.00992703,-0.020551,0,0,0
1314,0.000421408,0.0127146,-0.022064,0,0,0
1315,0.00088721,0.0122785,-0.0221428,0,0,0
1316,0.000407163,0.0156147,-0.0235185,0,0,0
1317,0.000765277,0.0156552,-0.0233049,0,0,0
1318,0.000375143,0.0191592,-0.0246459,0,0,0
1319,0.000799444,0.0187968,-0.0245868,0,0,0
1320,0.000372753,0.0227985,-0.0258977,0,0,0
1321,0.000710691,0.0227766,-0.0257904,0,0,0
1322,0.00034945,0.0270142,-0.0270453,0,0,0
1323,0.000716329,0.026711,-0.0269348,0,0,0
1324,0.000322043,0.0314094,-0.02815,0,0,0
1325,0.000648922,0.0313447,-0.0280893,0,0,0
1326,0.00033298,0.0363269,-0.0292621,0,0,0
1327,0.000640744,0.0360692,-0.0291344,0,0,0
1328,0.000267332,0.0414968,-0.0302604,0,0,0
1329,0.000581955,0.0414026,-0.0302265,0,0,0
1330,0.000320541,0.0471461,-0.0313049,0,0,0
1331,0.000574157,0.0469236,-0.031171,0,0,0
1332,0.000210231,0.0531118,-0.0322166,0,0,0
1333,0.00051029,0.0529975,-0.0322018,0,0,0
1334,0.000315274,0.059524,-0.033177,0,0,0
1335,0.000517164,0.0593289,-0.0330435,0,0,0
1336,0.000144018,0.0663076,-0.0340103,0,0,0
1337,0.000433222,0.0661808,-0.0340075,0,0,0
1338,0.000327798,0.0735176,-0.0348807,0,0,0
1339,0.000470858,0.0733426,-0.034753,0,0,0
1340,5.35467e-005,0.0811404,-0.0356288,0,0,0
1341,0.000349614,0.0810085,-0.0356359,0,0,0
1342,0.000378496,0.0891886,-0.0364258,0,0,0
1343,0.000435655,0.0890262,-0.0362982,0,0,0
1344,-8.69606e-005,0.0976701,-0.0370507,0,0,0
1345,0.000260736,0.0975409,-0.0370832,0,0,0
1346,0.000496589,0.106604,-0.0378232,0,0,0
1347,0.000407319,0.106446,-0.0376694,0,0,0
1348,-0.000304079,0.115961,-0.0382701,0,0,0
1349,0.000174556,0.115843,-0.038354,0,0,0
1350,0.000691837,0.125835,-0.0390348,0,0,0
1351,0.000373896,0.125672,-0.0388554,0,0,0
1352,-0.00056591,0.136084,-0.0393761,0,0,0
1353,0.000102643,0.135987,-0.0394282,0,0,0
1354,0.000847775,0.146956,-0.0398683,0,0,0
1355,0.000331081,0.146779,-0.0399291,0,0,0
1356,-0.000610564,0.158124,-0.040656,0,0,0
1357,2.75259e-005,0.158055,-0.0400808,0,0,0
1358,0.000494702,0.170037,-0.0399352,0,0,0
1359,0.000359016,0.169843,-0.041375,0,0,0
1360,0.000339162,0.182175,-0.0424817,0,0,0
1361,-0.000159638,0.182137,-0.0393694,0,0,0
1362,-0.00132968,0.195191,-0.0392632,0,0,0
1363,0.000734761,0.19495,-0.0445718,0,0,0
1364,0.0031679,0.208048,-0.0426097,0,0,0
1365,-0.000803158,0.208518,-0.0369779,0,0,0
1366,0,0,0,0,0,0
1367,0,0,0,0,0,0
1368,0,0,0,0,0,0
1369,0,0,0,0,0,0
1370,-7.23424e-014,-0.237808,-0.123612,0,0,0
1371,0.00721173,-0.226957,-0.0381104,0,0,0
1372,0.00391539,-0.216672,-0.0192335,0,0,0
1373,-2.03954e-013,-0.211733,-0.0798216,0,0,0
1374,0,0,0,0,0,0
1375,0,0,0,0,0,0
1376,-0.00391539,-0.216672,-0.0192335,0,0,0
1377,-0.00721173,-0.226957,-0.0381104,0,0,0
1378,0,0,0,0,0,0
1379,0,0,0,0,0,0
1380,0,0,0,0,0,0
1381,0,0,0,0,0,0
1382,0,0,0,0,0,0
1383,0,0,0,0,0,0
1384,-1.39983e-013,-0.221321,0.0128773,0,0,0
1385,-0.000753416,-0.218269,-0.0736265,0,0,0
1386,-0.00266295,-0.221945,-0.0279648,0,0,0
1387,-0.00396509,-0.221865,-0.0515094,0,0,0
1388,-0.00449227,-0.221004,-0.00953718,0,0,0
1389,0.00233718,-0.226718,-0.0382033,0,0,0
1390,-0.00148414,0.000858665,-0.00236515,0,0,0
1391,-0.00168952,0.000667289,-0.00344836,0,0,0
1392,-0.00190497,0.000677487,-0.00513425,0,0,0
1393,-0.00185347,0.000946594,-0.0042258,0,0,0
1394,-0.00172828,0.000759923,-0.00815351,0,0,0
1395,-0.0017448,0.00060766,-0.00937016,0,0,0
1396,-0.00143142,-0.000181481,-0.0088602,0,0,0
1397,-0.00139412,-0.00015829,-0.0123499,0,0,0
1398,-0.00160596,-0.00201459,-0.013018,0,0,0
1399,0.000377053,-0.00334182,-0.0122984,0,0,0
1400,-0.00128354,-0.00467376,-0.0150442,0,0,0
1401,-0.00115453,-0.0066225,-0.017516,0,0,0
1402,-0.000923192,-0.00918059,-0.017703,0,0,0
1403,-0.000955544,-0.011688,-0.0191452,0,0,0
1404,-0.000885324,-0.0150118,-0.0198903,0,0,0
1405,-0.000797592,-0.0181825,-0.0208582,0,0,0
1406,-0.000790827,-0.0221867,-0.0217094,0,0,0
1407,-0.000691542,-0.0261267,-0.0224957,0,0,0
1408,-0.000669964,-0.0307802,-0.0232956,0,0,0
1409,-0.000603084,-0.0355309,-0.0239707,0,0,0
1410,-0.000546372,-0.0408609,-0.0246941,0,0,0
1411,-0.00052288,-0.046433,-0.0252552,0,0,0
1412,-0.000419266,-0.0524784,-0.0259087,0,0,0
1413,-0.00045971,-0.0588912,-0.0263435,0,0,0
1414,-0.000273572,-0.0656755,-0.0269292,0,0,0
1415,-0.000433809,-0.0729752,-0.0272388,0,0,0
1416,-8.28668e-005,-0.0804922,-0.0277378,0,0,0
1417,-0.000478716,-0.0887675,-0.0279493,0,0,0
1418,0.000194989,-0.096961,-0.0283139,0,0,0
1419,-0.000644596,-0.106369,-0.028478,0,0,0
1420,0.000613338,-0.115109,-0.0286479,0,0,0
1421,-0.00097271,-0.125879,-0.0288133,0,0,0
1422,0.00117055,-0.13502,-0.0287261,0,0,0
1423,-0.00135987,-0.14727,-0.0290141,0,0,0
1424,0.00157166,-0.157041,-0.0283145,0,0,0
1425,-0.00122392,-0.170101,-0.0296448,0,0,0
1426,0.000779601,-0.182094,-0.0262542,0,0,0
1427,0.000791299,-0.193432,-0.0323804,0,0,0
1428,-0.00240899,-0.211404,-0.0216158,0,0,0
1429,-2.01564e-013,-0.218583,-0.00886749,0,0,0
1430,-1.94022e-013,-0.187433,-0.0363456,0,0,0
1431,-1.89602e-013,-0.187391,-0.0261151,0,0,0
1432,-1.83176e-013,-0.166896,-0.0282343,0,0,0
1433,-1.78286e-013,-0.159886,-0.0303605,0,0,0
1434,-1.70598e-013,-0.146037,-0.0271662,0,0,0
1435,-1.65281e-013,-0.136468,-0.030354,0,0,0
1436,-1.57276e-013,-0.125609,-0.0278123,0,0,0
1437,-1.5077e-013,-0.115977,-0.0294306,0,0,0
1438,-1.42337e-013,-0.106476,-0.0282408,0,0,0
1439,-1.36693e-013,-0.0976345,-0.0285626,0,0,0
1440,-1.28211e-013,-0.0890175,-0.0281048,0,0,0
1441,-1.21083e-013,-0.0811016,-0.0277919,0,0,0
1442,-1.1393e-013,-0.0732996,-0.0275223,0,0,0
1443,-1.07113e-013,-0.0662569,-0.0269762,0,0,0
1444,-1.00634e-013,-0.0592695,-0.0266371,0,0,0
1445,-9.34013e-014,-0.0530457,-0.026017,0,0,0
1446,-8.71009e-014,-0.0468538,-0.0255257,0,0,0
1447,-8.10521e-014,-0.0414221,-0.0248791,0,0,0
1448,-7.43324e-014,-0.0359903,-0.0242125,0,0,0
1449,-6.89008e-014,-0.0313312,-0.0235615,0,0,0
1450,-6.27856e-014,-0.0266359,-0.0227052,0,0,0
1451,-5.74392e-014,-0.0227026,-0.0220575,0,0,0
1452,-5.17974e-014,-0.0187711,-0.0210417,0,0,0
1453,-4.69417e-014,-0.0154489,-0.0203011,0,0,0
1454,-4.20325e-014,-0.0123843,-0.0193525,0,0,0
1455,-3.71328e-014,-0.00951666,-0.0181199,0,0,0
1456,-3.28853e-014,-0.00733292,-0.0178462,0,0,0
1457,-2.82319e-014,-0.00518692,-0.0153765,0,0,0
1458,-2.59418e-014,-0.00241053,-0.0198394,0,0,0
1459,-2.03074e-014,-0.00287493,-0.0131125,0,0,0
1460,-1.72464e-014,-0.000185043,-0.0132726,0,0,0
1461,-1.40141e-014,-0.000624915,-0.0141161,0,0,0
1462,-1.04763e-014,0.000159549,-0.0101633,0,0,0
1463,-9.04787e-015,0.000767119,-0.00827456,0,0,0
1464,-2.77125e-015,0.000751915,-0.0101874,0,0,0
1465,-4.51459e-015,0.000486007,-0.00489537,0,0,0
1466,-1.56096e-015,0.00101857,-0.00355989,0,0,0
1467,-9.64234e-016,0.000831502,-0.00178787,0,0,0
1468,-0.00698479,-0.203668,-0.0554157,0,0,0
1469,0.00398501,-0.197764,-0.0525235,0,0,0
1470,-0.00363659,-0.180588,-0.0560217,0,0,0
1471,0.00146379,-0.170461,-0.0501747,0,0,0
1472,-0.00197527,-0.157883,-0.0537855,0,0,0
1473,0.000338845,-0.146715,-0.0493255,0,0,0
1474,-0.00142708,-0.136113,-0.0508709,0,0,0
1475,-0.000130201,-0.125554,-0.0482241,0,0,0
1476,-0.00124171,-0.115965,-0.0481692,0,0,0
1477,-0.00042997,-0.106385,-0.0465751,0,0,0
1478,-0.00114137,-0.0976393,-0.0456705,0,0,0
1479,-0.00068351,-0.08901,-0.0445103,0,0,0
1480,-0.00108716,-0.0810982,-0.0432204,0,0,0
1481,-0.000896062,-0.0733625,-0.042169,0,0,0
1482,-0.00108197,-0.0662611,-0.0407163,0,0,0
1483,-0.00106847,-0.0593902,-0.0396274,0,0,0
1484,-0.00111869,-0.053059,-0.0381098,0,0,0
1485,-0.00121293,-0.0470362,-0.0369197,0,0,0
1486,-0.00118202,-0.0414346,-0.0353836,0,0,0
1487,-0.00134596,-0.0362435,-0.0340564,0,0,0
1488,-0.0012544,-0.031337,-0.0325387,0,0,0
1489,-0.00148545,-0.0269552,-0.0310338,0,0,0
1490,-0.00131356,-0.022727,-0.0295844,0,0,0
1491,-0.00165446,-0.0191053,-0.0278489,0,0,0
1492,-0.00132672,-0.0155875,-0.026512,0,0,0
1493,-0.00187476,-0.0126215,-0.0245329,0,0,0
1494,-0.00128777,-0.00988412,-0.0232491,0,0,0
1495,-0.00202183,-0.00759955,-0.021149,0,0,0
1496,-0.00177242,-0.00501257,-0.0196196,0,0,0
1497,-9.55349e-006,-0.00633741,-0.014382,0,0,0
1498,-0.00247022,-0.00146093,-0.015953,0,0,0
1499,-0.00153434,-0.00228468,-0.0138181,0,0,0
1500,-0.00190069,-0.000612376,-0.0100851,0,0,0
1501,-0.0022892,-0.000401954,-0.00991155,0,0,0
1502,-0.00176413,-0.000317439,-0.00901706,0,0,0
1503,-0.00210075,-0.000201968,-0.00363556,0,0,0
1504,-0.00215687,2.10947e-005,-0.00567995,0,0,0
1505,-0.00151774,-0.000405217,-0.00289806,0,0,0
1506,-0.00160865,-0.000622726,-0.00242347,0,0,0
1507,5.0947e-016,-0.000790288,-0.00154431,0,0,0
1508,1.84212e-015,-0.000458415,-0.0037801,0,0,0
1509,3.76893e-016,-0.00029003,-0.00432457,0,0,0
1510,6.25039e-015,-9.44171e-005,-0.0118557,0,0,0
1511,1.1255e-015,-0.000988733,-0.00832577,0,0,0
1512,3.25847e-015,-0.000152963,-0.0110302,0,0,0
1513,2.49734e-015,-0.00155866,-0.0161989,0,0,0
1514,2.2568e-015,-0.00152042,-0.0151713,0,0,0
1515,2.76465e-015,-0.00391414,-0.0148938,0,0,0
1516,1.4341e-015,-0.00765334,-0.0182208,0,0,0
1517,-4.31674e-016,-0.00689044,-0.0230726,0,0,0
1518,-8.46505e-016,-0.0112932,-0.0226885,0,0,0
1519,-2.5846e-015,-0.0124601,-0.0255066,0,0,0
1520,-3.6154e-015,-0.0166901,-0.0265336,0,0,0
1521,-5.14244e-015,-0.0191873,-0.0283452,0,0,0
1522,-6.80338e-015,-0.0236169,-0.0298691,0,0,0
1523,-8.7183e-015,-0.0271951,-0.0313124,0,0,0
1524,-1.06959e-014,-0.0320709,-0.0329251,0,0,0
1525,-1.25348e-014,-0.0365871,-0.0342208,0,0,0
1526,-1.48327e-014,-0.042051,-0.0358149,0,0,0
1527,-1.71868e-014,-0.047452,-0.0370015,0,0,0
1528,-1.88442e-014,-0.0535807,-0.0385689,0,0,0
1529,-2.20866e-014,-0.0598579,-0.039641,0,0,0
1530,-2.37966e-014,-0.0667077,-0.0411891,0,0,0
1531,-2.66251e-014,-0.073859,-0.0421344,0,0,0
1532,-2.87089e-014,-0.0814967,-0.0436841,0,0,0
1533,-3.1638e-014,-0.0895061,-0.0444566,0,0,0
1534,-3.53397e-014,-0.0980135,-0.0460907,0,0,0
1535,-3.65426e-014,-0.106879,-0.0465579,0,0,0
1536,-4.02624e-014,-0.116266,-0.0484406,0,0,0
1537,-4.19686e-014,-0.126187,-0.0484701,0,0,0
1538,-4.59477e-014,-0.136056,-0.0505246,0,0,0
1539,-4.80865e-014,-0.147966,-0.0507432,0,0,0
1540,-5.19868e-014,-0.15675,-0.0511691,0,0,0
1541,-5.54973e-014,-0.17327,-0.0555156,0,0,0
1542,-5.90932e-014,-0.177286,-0.0468359,0,0,0
1543,-6.36793e-014,-0.203213,-0.0684133,0,0,0
1544,-6.81575e-014,-0.197396,-0.0283283,0,0,0
1545,0,0,0,0,0,0
1546,0,0,0,0,0,0
1547,0,0,0,0,0,0
1548,0,0,0,0,0,0
1549,0,0,0,0,0,0
1550,-0.00233718,-0.226718,-0.0382033,0,0,0
1551,0.00449227,-0.221004,-0.00953718,0,0,0
1552,0.00396509,-0.221865,-0.0515094,0,0,0
1553,0.00266295,-0.221945,-0.0279648,0,0,0
1554,0.000753416,-0.218269,-0.0736265,0,0,0
1555,0.00160865,-0.000622726,-0.00242347,0,0,0
1556,0.00151774,-0.000405217,-0.00289806,0,0,0
1557,0.00215687,2.10947e-005,-0.00567995,0,0,0
1558,0.00210075,-0.000201968,-0.00363556,0,0,0
1559,0.00176413,-0.000317439,-0.00901706,0,0,0
1560,0.0022892,-0.000401954,-0.00991155,0,0,0
1561,0.00190069,-0.000612376,-0.0100851,0,0,0
1562,0.00153434,-0.00228468,-0.0138181,0,0,0
1563,0.00247022,-0.00146093,-0.015953,0,0,0
1564,9.55349e-006,-0.00633741,-0.014382,0,0,0
1565,0.00177242,-0.00501257,-0.0196196,0,0,0
1566,0.00202183,-0.00759955,-0.021149,0,0,0
1567,0.00128777,-0.00988412,-0.0232491,0,0,0
1568,0.00187476,-0.0126215,-0.0245329,0,0,0
1569,0.00132672,-0.0155875,-0.026512,0,0,0
1570,0.00165446,-0.0191053,-0.0278489,0,0,0
1571,0.00131356,-0.022727,-0.0295844,0,0,0
1572,0.00148545,-0.0269552,-0.0310338,0,0,0
1573,0.0012544,-0.031337,-0.0325387,0,0,0
1574,0.00134596,-0.0362435,-0.0340564,0,0,0
1575,0.00118202,-0.0414346,-0.0353836,0,0,0
1576,0.00121293,-0.0470362,-0.0369197,0,0,0
1577,0.00111869,-0.053059,-0.0381098,0,0,0
1578,0.00106847,-0.0593902,-0.0396274,0,0,0
1579,0.00108197,-0.0662611,-0.0407163,0,0,0
1580,0.000896062,-0.0733625,-0.042169,0,0,0
1581,0.00108716,-0.0810982,-0.0432204,0,0,0
1582,0.00068351,-0.08901,-0.0445103,0,0,0
1583,0.00114137,-0.0976393,-0.0456705,0,0,0
1584,0.00042997,-0.106385,-0.0465751,0,0,0
1585,0.00124171,-0.115965,-0.0481692,0,0,0
1586,0.000130201,-0.125554,-0.0482241,0,0,0
1587,0.00142708,-0.136113,-0.0508709,0,0,0
1588,-0.000338845,-0.146715,-0.0493255,0,0,0
1589,0.00197527,-0.157883,-0.0537855,0,0,0
1590,-0.00146379,-0.170461,-0.0501747,0,0,0
1591,0.00363659,-0.180588,-0.0560217,0,0,0
1592,-0.00398501,-0.197764,-0.0525235,0,0,0
1593,0.00698479,-0.203668,-0.0554157,0,0,0
1594,0.00240899,-0.211404,-0.0216158,0,0,0
1595,-0.000791299,-0.193432,-0.0323804,0,0,0
1596,-0.000779601,-0.182094,-0.0262542,0,0,0
1597,0.00122392,-0.170101,-0.0296448,0,0,0
1598,-0.00157166,-0.157041,-0.0283145,0,0,0
1599,0.00135987,-0.14727,-0.0290141,0,0,0
1600,-0.00117055,-0.13502,-0.0287261,0,0,0
1601,0.00097271,-0.125879,-0.0288133,0,0,0
1602,-0.000613338,-0.115109,-0.0286479,0,0,0
1603,0.000644596,-0.106369,-0.028478,0,0,0
1604,-0.000194989,-0.096961,-0.0283139,0,0,0
1605,0.000478716,-0.0887675,-0.0279493,0,0,0
1606,8.28668e-005,-0.0804922,-0.0277378,0,0,0
1607,0.000433809,-0.0729752,-0.0272388,0,0,0
1608,0.000273572,-0.0656755,-0.0269292,0,0,0
1609,0.00045971,-0.0588912,-0.0263435,0,0,0
1610,0.000419266,-0.0524784,-0.0259087,0,0,0
1611,0.00052288,-0.046433,-0.0252552,0,0,0
1612,0.000546372,-0.0408609,-0.0246941,0,0,0
1613,0.000603084,-0.0355309,-0.0239707,0,0,0
1614,0.000669964,-0.0307802,-0.0232956,0,0,0
1615,0.000691542,-0.0261267,-0.0224957,0,0,0
1616,0.000790827,-0.0221867,-0.0217094,0,0,0
1617,0.000797592,-0.0181825,-0.0208582,0,0,0
1618,0.000885324,-0.0150118,-0.0198903,0,0,0
1619,0.000955544,-0.011688,-0.0191452,0,0,0
1620,0.000923192,-0.00918059,-0.017703,0,0,0
1621,0.00115453,-0.0066225,-0.017516,0,0,0
1622,0.00128354,-0.00467376,-0.0150442,0,0,0
1623,-0.000377053,-0.00334182,-0.0122984,0,0,0
1624,0.00160596,-0.00201459,-0.013018,0,0,0
1625,0.00139412,-0.00015829,-0.0123499,0,0,0
1626,0.00143142,-0.000181481,-0.0088602,0,0,0
1627,0.0017448,0.00060766,-0.00937016,0,0,0
1628,0.00172828,0.000759923,-0.00815351,0,0,0
1629,0.00185347,0.000946594,-0.0042258,0,0,0
1630,0.00190497,0.000677487,-0.00513425,0,0,0
1631,0.00168952,0.000667289,-0.00344836,0,0,0
1632,0.00148414,0.000858665,-0.00236515,0,0,0
1633,0,0,0,0,0,0
1634,0,0,0,0,0,0
1635,0.00497897,-0.223751,-0.0614859,0,0,0
1636,-0.00165709,-0.221262,-0.0294956,0,0,0
1637,-0.00025723,0.00106901,-0.00212664,0,0,0
1638,-0.000633246,0.00111247,-0.00198038,0,0,0
1639,-0.00056651,0.000682938,-0.00292088,0,0,0
1640,-0.00116165,0.000526329,-0.00288311,0,0,0
1641,-0.000581548,0.000778676,-0.00561071,0,0,0
1642,-0.0013366,0.000827565,-0.00616602,0,0,0
1643,-0.000610865,0.000928303,-0.00390895,0,0,0
1644,-0.00134427,0.000787473,-0.00881765,0,0,0
1645,-0.00074904,0.000355117,-0.00867312,0,0,0
1646,-0.00118702,0.000542548,-0.00901202,0,0,0
1647,-0.000511218,0.000502321,-0.0099291,0,0,0
1648,-0.00114915,0.000395807,-0.00984491,0,0,0
1649,-0.000424799,-0.000334856,-0.00892421,0,0,0
1650,-0.00123507,1.0984e-005,-0.013812,0,0,0
1651,-0.000736737,-0.000892281,-0.0128483,0,0,0
1652,-0.000809343,-0.00115261,-0.0125226,0,0,0
1653,-0.000332933,-0.00186349,-0.0138167,0,0,0
1654,-0.000975978,-0.0016532,-0.0143673,0,0,0
1655,7.1964e-005,-0.00389493,-0.0119571,0,0,0
1656,-0.00184544,-0.00279369,-0.017682,0,0,0
1657,-0.000526541,-0.00505653,-0.0158599,0,0,0
1658,-0.00069158,-0.0049375,-0.0167959,0,0,0
1659,-0.000306717,-0.00708048,-0.0175714,0,0,0
1660,-0.000658333,-0.00706321,-0.0167139,0,0,0
1661,-0.000353773,-0.00964098,-0.0180831,0,0,0
1662,-0.000711437,-0.00927942,-0.0184455,0,0,0
1663,-0.000299254,-0.0122214,-0.0194355,0,0,0
1664,-0.000583882,-0.0122216,-0.0190308,0,0,0
1665,-0.000292562,-0.0154172,-0.0201077,0,0,0
1666,-0.000606631,-0.0150732,-0.0201652,0,0,0
1667,-0.000274168,-0.0187372,-0.0211531,0,0,0
1668,-0.000530156,-0.0187041,-0.0209758,0,0,0
1669,-0.000255166,-0.0225866,-0.0219174,0,0,0
1670,-0.000520438,-0.0222881,-0.0218438,0,0,0
1671,-0.000230351,-0.0266518,-0.0227407,0,0,0
1672,-0.000465112,-0.0265756,-0.0226592,0,0,0
1673,-0.000232147,-0.031192,-0.0235052,0,0,0
1674,-0.000444008,-0.0309448,-0.0233855,0,0,0
1675,-0.000178499,-0.0360197,-0.0241784,0,0,0
1676,-0.000396079,-0.0359041,-0.0241409,0,0,0
1677,-0.000215671,-0.0412771,-0.0248866,0,0,0
1678,-0.000375271,-0.0410763,-0.0247486,0,0,0
1679,-0.000124413,-0.0468937,-0.0254421,0,0,0
1680,-0.000324032,-0.0467445,-0.0254369,0,0,0
1681,-0.000204049,-0.0528891,-0.026073,0,0,0
1682,-0.000315985,-0.0527332,-0.025919,0,0,0
1683,-6.65364e-005,-0.0593314,-0.0265157,0,0,0
1684,-0.000245539,-0.0591439,-0.026545,0,0,0
1685,-0.000201827,-0.0660743,-0.0270672,0,0,0
1686,-0.000270954,-0.0659776,-0.0268929,0,0,0
1687,3.14751e-006,-0.0733991,-0.0273873,0,0,0
1688,-0.000154118,-0.0731472,-0.0274551,0,0,0
1689,-0.000220793,-0.0808772,-0.0278702,0,0,0
1690,-0.000247478,-0.0808803,-0.0276715,0,0,0
1691,0.000101131,-0.0891716,-0.0280436,0,0,0
1692,-4.19888e-005,-0.0887984,-0.0281525,0,0,0
1693,-0.000282109,-0.0973464,-0.0284808,0,0,0
1694,-0.000252449,-0.0975227,-0.0282585,0,0,0
1695,0.000251545,-0.10672,-0.0284815,0,0,0
1696,9.53818e-005,-0.106141,-0.0286182,0,0,0
1697,-0.000406896,-0.115556,-0.0288652,0,0,0
1698,-0.000285981,-0.115989,-0.0286635,0,0,0
1699,0.000459649,-0.126085,-0.0287643,0,0,0
1700,0.000252769,-0.125243,-0.0288141,0,0,0
1701,-0.000558811,-0.135642,-0.0288726,0,0,0
1702,-0.000336855,-0.136314,-0.0289442,0,0,0
1703,0.00060791,-0.147235,-0.0291222,0,0,0
1704,0.000419523,-0.146293,-0.0285886,0,0,0
1705,-0.000481841,-0.157828,-0.0281426,0,0,0
1706,-0.000407713,-0.158339,-0.029388,0,0,0
1707,0.000227411,-0.170091,-0.029976,0,0,0
1708,0.00061724,-0.169788,-0.0273702,0,0,0
1709,0.000492617,-0.182349,-0.0262686,0,0,0
1710,-0.000632209,-0.181534,-0.0309317,0,0,0
1711,-0.00159982,-0.194647,-0.0314514,0,0,0
1712,0.000928185,-0.196628,-0.0237493,0,0,0
1713,0.00329826,-0.209252,-0.0254971,0,0,0
1714,-0.000887009,-0.205278,-0.033768,0,0,0
1715,-0.000278533,-0.000843271,-0.00216457,0,0,0
1716,-0.000586314,-0.000990937,-0.00168118,0,0,0
1717,-0.000539103,-0.000446935,-0.00242023,0,0,0
1718,-0.00127104,-0.00011657,-0.00312223,0,0,0
1719,-0.00068527,-0.000184545,-0.0062823,0,0,0
1720,-0.00133058,-0.000368829,-0.00543281,0,0,0
1721,-0.000669118,-0.000562223,-0.00314141,0,0,0
1722,-0.00143197,-0.000305383,-0.00969106,0,0,0
1723,-0.000722222,-0.000149046,-0.0096525,0,0,0
1724,-0.00145826,-0.000174724,-0.00888774,0,0,0
1725,-0.000693185,-0.00103274,-0.0106807,0,0,0
1726,-0.00127895,-0.000689258,-0.0107149,0,0,0
1727,-0.000550944,-0.000827061,-0.00989923,0,0,0
1728,-0.00143753,-0.00121681,-0.0150538,0,0,0
1729,-0.000723019,-0.00243213,-0.014472,0,0,0
1730,-0.00123009,-0.00123001,-0.0144599,0,0,0
1731,-0.000570834,-0.00187151,-0.0169167,0,0,0
1732,-0.00109628,-0.00373449,-0.0160591,0,0,0
1733,-4.99568e-005,-0.00703189,-0.0137927,0,0,0
1734,-0.0021974,-0.00162364,-0.0217095,0,0,0
1735,-0.000562044,-0.00497015,-0.0206906,0,0,0
1736,-0.00111834,-0.00639929,-0.0195444,0,0,0
1737,-0.000570922,-0.0084462,-0.0212918,0,0,0
1738,-0.000921612,-0.00763329,-0.0218535,0,0,0
1739,-0.000494277,-0.0100571,-0.0237025,0,0,0
1740,-0.00128179,-0.01029,-0.0230302,0,0,0
1741,-0.000581479,-0.0133025,-0.0248732,0,0,0
1742,-0.000872642,-0.0127962,-0.0251269,0,0,0
1743,-0.000450035,-0.0159362,-0.0267844,0,0,0
1744,-0.00118328,-0.0160411,-0.0264189,0,0,0
1745,-0.00055215,-0.0196652,-0.0282001,0,0,0
1746,-0.000860791,-0.019243,-0.028244,0,0,0
1747,-0.000432469,-0.0231406,-0.0298382,0,0,0
1748,-0.00106532,-0.0231681,-0.0296652,0,0,0
1749,-0.000492726,-0.0274636,-0.0313397,0,0,0
1750,-0.000839111,-0.0271262,-0.0312449,0,0,0
1751,-0.000429691,-0.0317585,-0.0327901,0,0,0
1752,-0.000953115,-0.0317102,-0.0327495,0,0,0
1753,-0.000422522,-0.0367282,-0.0343302,0,0,0
1754,-0.00080876,-0.0364733,-0.0341371,0,0,0
1755,-0.000434381,-0.0418469,-0.0356129,0,0,0
1756,-0.000846974,-0.0417307,-0.0356756,0,0,0
1757,-0.000345275,-0.0475027,-0.0371821,0,0,0
1758,-0.000779972,-0.0473227,-0.0369098,0,0,0
1759,-0.000451457,-0.0534616,-0.0383009,0,0,0
1760,-0.000736526,-0.0532834,-0.0384511,0,0,0
1761,-0.000251569,-0.0598328,-0.0398911,0,0,0
1762,-0.000767118,-0.0597268,-0.0395572,0,0,0
1763,-0.000495594,-0.0666649,-0.0408638,0,0,0
1764,-0.000606371,-0.0664188,-0.041072,0,0,0
1765,-0.00012234,-0.073763,-0.042433,0,0,0
1766,-0.000787317,-0.0737463,-0.0420897,0,0,0
1767,-0.000590694,-0.0815284,-0.043337,0,0,0
1768,-0.000438291,-0.0811876,-0.0435128,0,0,0
1769,7.11936e-005,-0.0893377,-0.0447521,0,0,0
1770,-0.000859997,-0.0894505,-0.0445432,0,0,0
1771,-0.000769796,-0.0981277,-0.04579,0,0,0
1772,-0.000211766,-0.0976397,-0.0457173,0,0,0
1773,0.000363432,-0.106614,-0.0467618,0,0,0
1774,-0.00100669,-0.106916,-0.0469892,0,0,0
1775,-0.00106126,-0.116523,-0.048308,0,0,0
1776,9.53127e-005,-0.115834,-0.0475905,0,0,0
1777,0.000762214,-0.125692,-0.0483884,0,0,0
1778,-0.0012477,-0.126206,-0.0495326,0,0,0
1779,-0.00142552,-0.136723,-0.0509184,0,0,0
1780,0.000498291,-0.135887,-0.0490272,0,0,0
1781,0.00114358,-0.14675,-0.0496663,0,0,0
1782,-0.00158203,-0.147275,-0.0522324,0,0,0
1783,-0.0016082,-0.158666,-0.0534927,0,0,0
1784,0.000965035,-0.158121,-0.0500755,0,0,0
1785,0.00108035,-0.170014,-0.0507877,0,0,0
1786,-0.00194218,-0.169791,-0.0548096,0,0,0
1787,-0.00106296,-0.182336,-0.0558607,0,0,0
1788,0.00133515,-0.183214,-0.0513973,0,0,0
1789,-7.43306e-005,-0.1955,-0.0515765,0,0,0
1790,-0.00222303,-0.193118,-0.0560248,0,0,0
1791,0.000490906,-0.20835,-0.0611183,0,0,0
1792,0.00115055,-0.211789,-0.0532678,0,0,0
1793,1.40806e-016,8.71578e-005,-0.00128765,0,0,0
1794,-8.31599e-016,0.0001295,-0.00364263,0,0,0
1795,1.37672e-016,0.000351054,-0.00545551,0,0,0
1796,-5.00821e-015,0.000183379,-0.00371924,0,0,0
1797,-1.74207e-015,7.14094e-005,-0.00905713,0,0,0
1798,-4.61447e-015,-0.000239829,-0.0107258,0,0,0
1799,-5.53139e-015,-0.000518883,-0.00918622,0,0,0
1800,-7.35053e-015,-0.00175645,-0.0135085,0,0,0
1801,-9.85721e-015,-0.00169347,-0.0163911,0,0,0
1802,-9.9654e-015,-0.00539975,-0.0117171,0,0,0
1803,-1.42618e-014,-0.00497725,-0.0192824,0,0,0
1804,-1.63093e-014,-0.00783108,-0.0189309,0,0,0
1805,-1.93315e-014,-0.00978553,-0.021201,0,0,0
1806,-2.20592e-014,-0.0128382,-0.0221307,0,0,0
1807,-2.52226e-014,-0.0156204,-0.0234557,0,0,0
1808,-2.8805e-014,-0.0192651,-0.02479,0,0,0
1809,-3.20833e-014,-0.0228153,-0.0258434,0,0,0
1810,-3.58814e-014,-0.0271108,-0.0271314,0,0,0
1811,-3.94204e-014,-0.0314296,-0.0281589,0,0,0
1812,-4.38297e-014,-0.0364202,-0.029284,0,0,0
1813,-4.74663e-014,-0.0415144,-0.0303178,0,0,0
1814,-5.19802e-014,-0.0472405,-0.0312839,0,0,0
1815,-5.67892e-014,-0.0531232,-0.0323013,0,0,0
1816,-6.06416e-014,-0.0596213,-0.0331336,0,0,0
1817,-6.58759e-014,-0.0663132,-0.0340993,0,0,0
1818,-7.0689e-014,-0.0736151,-0.0348474,0,0,0
1819,-7.56956e-014,-0.0811456,-0.0356707,0,0,0
1820,-8.05717e-014,-0.0892777,-0.0364858,0,0,0
1821,-8.41338e-014,-0.0976865,-0.0369151,0,0,0
1822,-9.09324e-014,-0.106669,-0.0381709,0,0,0
1823,-9.4488e-014,-0.116007,-0.0376895,0,0,0
1824,-1.00718e-013,-0.125856,-0.0399985,0,0,0
1825,-1.04163e-013,-0.136181,-0.038025,0,0,0
1826,-1.10716e-013,-0.146915,-0.0416085,0,0,0
1827,-1.14309e-013,-0.158278,-0.0388663,0,0,0
1828,-1.19963e-013,-0.169946,-0.0410401,0,0,0
1829,-1.24439e-013,-0.18237,-0.0436804,0,0,0
1830,-1.29891e-013,-0.19497,-0.0328659,0,0,0
1831,-1.33264e-013,-0.208729,-0.0618445,0,0,0
1832,-0.001421,6.25263e-005,-0.0018909,0,0,0
1833,-0.00167485,0.000172729,-0.00369062,0,0,0
1834,-0.00203935,0.000370459,-0.00537374,0,0,0
1835,-0.00194276,0.000259382,-0.00921623,0,0,0
1836,-0.00202751,0.00043893,-0.00857522,0,0,0
1837,-0.00176997,-8.69907e-005,-0.0102402,0,0,0
1838,-0.00185987,-0.000153519,-0.0139304,0,0,0
1839,-0.00179491,-0.00123932,-0.0131934,0,0,0
1840,-0.00125202,-0.00206591,-0.0153306,0,0,0
1841,-0.00319764,-0.00227517,-0.0188292,0,0,0
1842,-0.00128104,-0.00503431,-0.0184706,0,0,0
1843,-0.00128406,-0.00728382,-0.0187076,0,0,0
1844,-0.0014061,-0.00919452,-0.0207619,0,0,0
1845,-0.00121104,-0.012362,-0.0217719,0,0,0
1846,-0.00122868,-0.0150327,-0.0231851,0,0,0
1847,-0.00115518,-0.0187658,-0.0244109,0,0,0
1848,-0.00109657,-0.0222619,-0.0256043,0,0,0
1849,-0.00105474,-0.0266017,-0.0268053,0,0,0
1850,-0.000995325,-0.0309081,-0.0279023,0,0,0
1851,-0.000937986,-0.0359109,-0.0290305,0,0,0
1852,-0.000907688,-0.0410222,-0.0300391,0,0,0
1853,-0.000816257,-0.0467351,-0.0310984,0,0,0
1854,-0.000832448,-0.0526601,-0.032009,0,0,0
1855,-0.000685704,-0.0591193,-0.0330014,0,0,0
1856,-0.000778293,-0.0658819,-0.0338158,0,0,0
1857,-0.000533804,-0.0731121,-0.0347272,0,0,0
1858,-0.000761999,-0.0807529,-0.0354649,0,0,0
1859,-0.00033842,-0.0887649,-0.0362638,0,0,0
1860,-0.000812048,-0.0973439,-0.0369557,0,0,0
1861,-6.5021e-005,-0.106133,-0.037613,0,0,0
1862,-0.000964342,-0.115732,-0.0382616,0,0,0
1863,0.000311273,-0.125275,-0.038809,0,0,0
1864,-0.00120395,-0.135996,-0.0393349,0,0,0
1865,0.000687601,-0.146267,-0.0398471,0,0,0
1866,-0.0012676,-0.158206,-0.0403253,0,0,0
1867,0.000523822,-0.169217,-0.0402322,0,0,0
1868,-0.000306073,-0.182392,-0.042333,0,0,0
1869,-0.00148943,-0.194302,-0.0380158,0,0,0
1870,0.00317237,-0.208626,-0.0461831,0,0,0
1871,0,0,0,0,0,0
1872,0,0,0,0,0,0
1873,-0.00497897,-0.223751,-0.0614859,0,0,0
1874,0.00165709,-0.221262,-0.0294956,0,0,0
1875,0.000278533,-0.000843271,-0.00216457,0,0,0
1876,0.000586314,-0.000990937,-0.00168118,0,0,0
1877,0.000539103,-0.000446935,-0.00242023,0,0,0
1878,0.00127104,-0.00011657,-0.00312223,0,0,0
1879,0.00068527,-0.000184545,-0.0062823,0,0,0
1880,0.00133058,-0.000368829,-0.00543281,0,0,0
1881,0.000669118,-0.000562223,-0.00314141,0,0,0
1882,0.00143197,-0.000305383,-0.00969106,0,0,0
1883,0.000722222,-0.000149046,-0.0096525,0,0,0
1884,0.00145826,-0.000174724,-0.00888774,0,0,0
1885,0.000693185,-0.00103274,-0.0106807,0,0,0
1886,0.00127895,-0.000689258,-0.0107149,0,0,0
1887,0.000550944,-0.000827061,-0.00989923,0,0,0
1888,0.00143753,-0.00121681,-0.0150538,0,0,0
1889,0.000723019,-0.00243213,-0.014472,0,0,0
1890,0.00123009,-0.00123001,-0.0144599,0,0,0
1891,0.000570834,-0.00187151,-0.0169167,0,0,0
1892,0.00109628,-0.00373449,-0.0160591,0,0,0
1893,4.99568e-005,-0.00703189,-0.0137927,0,0,0
1894,0.0021974,-0.00162364,-0.0217095,0,0,0
1895,0.000562044,-0.00497015,-0.0206906,0,0,0
1896,0.00111834,-0.00639929,-0.0195444,0,0,0
1897,0.000570922,-0.0084462,-0.0212918,0,0,0
1898,0.000921612,-0.00763329,-0.0218535,0,0,0
1899,0.000494277,-0.0100571,-0.0237025,0,0,0
1900,0.00128179,-0.01029,-0.0230302,0,0,0
1901,0.000581479,-0.0133025,-0.0248732,0,0,0
1902,0.000872642,-0.0127962,-0.0251269,0,0,0
1903,0.000450035,-0.0159362,-0.0267844,0,0,0
1904,0.00118328,-0.0160411,-0.0264189,0,0,0
1905,0.00055215,-0.0196652,-0.0282001,0,0,0
1906,0.000860791,-0.019243,-0.028244,0,0,0
1907,0.000432469,-0.0231406,-0.0298382,0,0,0
1908,0.00106532,-0.0231681,-0.0296652,0,0,0
1909,0.000492726,-0.0274636,-0.0313397,0,0,0
1910,0.000839111,-0.0271262,-0.0312449,0,0,0
1911,0.000429691,-0.0317585,-0.0327901,0,0,0
1912,0.000953115,-0.0317102,-0.0327495,0,0,0
1913,0.000422522,-0.0367282,-0.0343302,0,0,0
1914,0.00080876,-0.0364733,-0.0341371,0,0,0
1915,0.000434381,-0.0418469,-0.0356129,0,0,0
1916,0.000846974,-0.0417307,-0.0356756,0,0,0
1917,0.000345275,-0.0475027,-0.0371821,0,0,0
1918,0.000779972,-0.0473227,-0.0369098,0,0,0
1919,0.000451457,-0.0534616,-0.0383009,0,0,0
1920,0.000736526,-0.0532834,-0.0384511,0,0,0
1921,0.000251569,-0.0598328,-0.0398911,0,0,0
1922,0.000767118,-0.0597268,-0.0395572,0,0,0
1923,0.000495594,-0.0666649,-0.0408638,0,0,0
1924,0.000606371,-0.0664188,-0.041072,0,0,0
1925,0.00012234,-0.073763,-0.042433,0,0,0
1926,0.000787317,-0.0737463,-0.0420897,0,0,0
1927,0.000590694,-0.0815284,-0.043337,0,0,0
1928,0.000438291,-0.0811876,-0.0435128,0,0,0
1929,-7.11936e-005,-0.0893377,-0.0447521,0,0,0
1930,0.000859997,-0.0894505,-0.0445432,0,0,0
1931,0.000769796,-0.0981277,-0.04579,0,0,0
1932,0.000211766,-0.0976397,-0.0457173,0,0,0
1933,-0.000363432,-0.106614,-0.0467618,0,0,0
1934,0.00100669,-0.106916,-0.0469892,0,0,0
1935,0.00106126,-0.116523,-0.048308,0,0,0
1936,-9.53127e-005,-0.115834,-0.0475905,0,0,0
1937,-0.000762214,-0.125692,-0.0483884,0,0,0
1938,0.0012477,-0.126206,-0.0495326,0,0,0
1939,0.00142552,-0.136723,-0.0509184,0,0,0
1940,-0.000498291,-0.135887,-0.0490272,0,0,0
1941,-0.00114358,-0.14675,-0.0496663,0,0,0
1942,0.00158203,-0.147275,-0.0522324,0,0,0
1943,0.0016082,-0.158666,-0.0534927,0,0,0
1944,-0.000965035,-0.158121,-0.0500755,0,0,0
1945,-0.00108035,-0.170014,-0.0507877,0,0,0
1946,0.00194218,-0.169791,-0.0548096,0,0,0
1947,0.00106296,-0.182336,-0.0558607,0,0,0
1948,-0.00133515,-0.183214,-0.0513973,0,0,0
1949,7.43306e-005,-0.1955,-0.0515765,0,0,0
1950,0.00222303,-0.193118,-0.0560248,0,0,0
1951,-0.000490906,-0.20835,-0.0611183,0,0,0
1952,-0.00115055,-0.211789,-0.0532678,0,0,0
1953,0.00025723,0.00106901,-0.00212664,0,0,0
1954,0.000633246,0.00111247,-0.00198038,0,0,0
1955,0.00056651,0.000682938,-0.00292088,0,0,0
1956,0.00116165,0.000526329,-0.00288311,0,0,0
1957,0.000581548,0.000778676,-0.00561071,0,0,0
1958,0.0013366,0.000827565,-0.00616602,0,0,0
1959,0.000610865,0.000928303,-0.00390895,0,0,0
1960,0.00134427,0.000787473,-0.00881765,0,0,0
1961,0.00074904,0.000355117,-0.00867312,0,0,0
1962,0.00118702,0.000542548,-0.00901202,0,0,0
1963,0.000511218,0.000502321,-0.0099291,0,0,0
1964,0.00114915,0.000395807,-0.00984491,0,0,0
1965,0.000424799,-0.000334856,-0.00892421,0,0,0
1966,0.00123507,1.0984e-005,-0.013812,0,0,0
1967,0.000736737,-0.000892281,-0.0128483,0,0,0
1968,0.000809343,-0.00115261,-0.0125226,0,0,0
1969,0.000332933,-0.00186349,-0.0138167,0,0,0
1970,0.000975978,-0.0016532,-0.0143673,0,0,0
1971,-7.1964e-005,-0.00389493,-0.0119571,0,0,0
1972,0.00184544,-0.00279369,-0.017682,0,0,0
1973,0.000526541,-0.00505653,-0.0158599,0,0,0
1974,0.00069158,-0.0049375,-0.0167959,0,0,0
1975,0.000306717,-0.00708048,-0.0175714,0,0,0
1976,0.000658333,-0.00706321,-0.0167139,0,0,0
1977,0.000353773,-0.00964098,-0.0180831,0,0,0
1978,0.000711437,-0.00927942,-0.0184455,0,0,0
1979,0.000299254,-0.0122214,-0.0194355,0,0,0
1980,0.000583882,-0.0122216,-0.0190308,0,0,0
1981,0.000292562,-0.0154172,-0.0201077,0,0,0
1982,0.000606631,-0.0150732,-0.0201652,0,0,0
1983,0.000274168,-0.0187372,-0.0211531,0,0,0
1984,0.000530156,-0.0187041,-0.0209758,0,0,0
1985,0.000255166,-0.0225866,-0.0219174,0,0,0
1986,0.000520438,-0.0222881,-0.0218438,0,0,0
1987,0.000230351,-0.0266518,-0.0227407,0,0,0
1988,0.000465112,-0.0265756,-0.0226592,0,0,0
1989,0.000232147,-0.031192,-0.0235052,0,0,0
1990,0.000444008,-0.0309448,-0.0233855,0,0,0
1991,0.000178499,-0.0360197,-0.0241784,0,0,0
1992,0.000396079,-0.0359041,-0.0241409,0,0,0
1993,0.000215671,-0.0412771,-0.0248866,0,0,0
1994,0.000375271,-0.0410763,-0.0247486,0,0,0
1995,0.000124413,-0.0468937,-0.0254421,0,0,0
1996,0.000324032,-0.0467445,-0.0254369,0,0,0
1997,0.000204049,-0.0528891,-0.026073,0,0,0
1998,0.000315985,-0.0527332,-0.025919,0,0,0
1999,6.65364e-005,-0.0593314,-0.0265157,0,0,0
2000,0.000245539,-0.0591439,-0.026545,0,0,0
2001,0.000201827,-0.0660743,-0.0270672,0,0,0
2002,0.000270954,-0.0659776,-0.0268929,0,0,0
2003,-3.14751e-006,-0.0733991,-0.0273873,0,0,0
2004,0.000154118,-0.0731472,-0.0274551,0,0,0
2005,0.000220793,-0.0808772,-0.0278702,0,0,0
2006,0.000247478,-0.0808803,-0.0276715,0,0,0
2007,-0.000101131,-0.0891716,-0.0280436,0,0,0
2008,4.19888e-005,-0.0887984,-0.0281525,0,0,0
2009,0.000282109,-0.0973464,-0.0284808,0,0,0
2010,0.000252449,-0.0975227,-0.0282585,0,0,0
2011,-0.000251545,-0.10672,-0.0284815,0,0,0
2012,-9.53818e-005,-0.106141,-0.0286182,0,0,0
2013,0.000406896,-0.115556,-0.0288652,0,0,0
2014,0.000285981,-0.115989,-0.0286635,0,0,0
2015,-0.000459649,-0.126085,-0.0287643,0,0,0
2016,-0.000252769,-0.125243,-0.0288141,0,0,0
2017,0.000558811,-0.135642,-0.0288726,0,0,0
2018,0.000336855,-0.136314,-0.0289442,0,0,0
2019,-0.00060791,-0.147235,-0.0291222,0,0,0
2020,-0.000419523,-0.146293,-0.0285886,0,0,0
2021,0.000481841,-0.157828,-0.0281426,0,0,0
2022,0.000407713,-0.158339,-0.029388,0,0,0
2023,-0.000227411,-0.170091,-0.029976,0,0,0
2024,-0.00061724,-0.169788,-0.0273702,0,0,0
2025,-0.000492617,-0.182349,-0.0262686,0,0,0
2026,0.000632209,-0.181534,-0.0309317,0,0,0
2027,0.00159982,-0.194647,-0.0314514,0,0,0
2028,-0.000928185,-0.196628,-0.0237493,0,0,0
2029,-0.00329826,-0.209252,-0.0254971,0,0,0
2030,0.000887009,-0.205278,-0.033768,0,0,0
2031,0.001421,6.25263e-005,-0.0018909,0,0,0
2032,0.00167485,0.000172729,-0.00369062,0,0,0
2033,0.00203935,0.000370459,-0.00537374,0,0,0
2034,0.00194276,0.000259382,-0.00921623,0,0,0
2035,0.00202751,0.00043893,-0.00857522,0,0,0
2036,0.00176997,-8.69907e-005,-0.0102402,0,0,0
2037,0.00185987,-0.000153519,-0.0139304,0,0,0
2038,0.00179491,-0.00123932,-0.0131934,0,0,0
2039,0.00125202,-0.00206591,-0.0153306,0,0,0
2040,0.00319764,-0.00227517,-0.0188292,0,0,0
2041,0.00128104,-0.00503431,-0.0184706,0,0,0
2042,0.00128406,-0.00728382,-0.0187076,0,0,0
2043,0.0014061,-0.00919452,-0.0207619,0,0,0
2044,0.00121104,-0.012362,-0.0217719,0,0,0
2045,0.00122868,-0.0150327,-0.0231851,0,0,0
2046,0.00115518,-0.0187658,-0.0244109,0,0,0
2047,0.00109657,-0.0222619,-0.0256043,0,0,0
2048,0.00105474,-0.0266017,-0.0268053,0,0,0
2049,0.000995325,-0.0309081,-0.0279023,0,0,0
2050,0.000937986,-0.0359109,-0.0290305,0,0,0
2051,0.000907688,-0.0410222,-0.0300391,0,0,0
2052,0.000816257,-0.0467351,-0.0310984,0,0,0
2053,0.000832448,-0.0526601,-0.032009,0,0,0
2054,0.000685704,-0.0591193,-0.0330014,0,0,0
2055,0.000778293,-0.0658819,-0.0338158,0,0,0
2056,0.000533804,-0.0731121,-0.0347272,0,0,0
2057,0.000761999,-0.0807529,-0.0354649,0,0,0
2058,0.00033842,-0.0887649,-0.0362638,0,0,0
2059,0.000812048,-0.0973439,-0.0369557,0,0,0
2060,6.5021e-005,-0.106133,-0.037613,0,0,0
2061,0.000964342,-0.115732,-0.0382616,0,0,0
2062,-0.000311273,-0.125275,-0.038809,0,0,0
2063,0.00120395,-0.135996,-0.0393349,0,0,0
2064,-0.000687601,-0.146267,-0.0398471,0,0,0
2065,0.0012676,-0.158206,-0.0403253,0,0,0
2066,-0.000523822,-0.169217,-0.0402322,0,0,0
2067,0.000306073,-0.182392,-0.042333,0,0,0
2068,0.00148943,-0.194302,-0.0380158,0,0,0
2069,-0.00317237,-0.208626,-0.0461831,0,0,0
2070,-0.000388949,6.17796e-005,-0.00134746,0,0,0
2071,-0.000526893,4.87717e-005,-0.000991604,0,0,0
2072,-0.000385327,0.000173299,-0.0037779,0,0,0
2073,-0.0012639,0.000221316,-0.00437379,0,0,0
2074,-0.000783895,0.000276468,-0.00499898,0,0,0
2075,-0.00117322,0.000193158,-0.00419971,0,0,0
2076,-0.000703906,0.000166339,-0.0100451,0,0,0
2077,-0.00134559,0.000388692,-0.00515,0,0,0
2078,-0.000546352,0.000183693,-0.00876373,0,0,0
2079,-0.00133147,4.99269e-005,-0.00800729,0,0,0
2080,-0.000716723,-0.000271396,-0.0104517,0,0,0
2081,-0.00124864,6.47252e-005,-0.0105006,0,0,0
2082,-0.000716563,-0.000556313,-0.0148707,0,0,0
2083,-0.0010256,-0.000748882,-0.0093181,0,0,0
2084,-0.00032642,-0.00139033,-0.0135555,0,0,0
2085,-0.0012872,-0.00108919,-0.0136495,0,0,0
2086,-0.000700664,-0.00255525,-0.0153863,0,0,0
2087,-0.0010371,-0.00224341,-0.0145361,0,0,0
2088,-0.0010522,-0.00238936,-0.0200863,0,0,0
2089,1.53711e-005,-0.00475211,-0.0137192,0,0,0
2090,-0.00033585,-0.00561726,-0.0183354,0,0,0
2091,-0.00105571,-0.00527749,-0.0174017,0,0,0
2092,-0.000496728,-0.00757973,-0.0193384,0,0,0
2093,-0.000959948,-0.00717184,-0.0197154,0,0,0
2094,-0.000414054,-0.00981787,-0.0210095,0,0,0
2095,-0.000811868,-0.00992703,-0.020551,0,0,0
2096,-0.000421408,-0.0127146,-0.022064,0,0,0
2097,-0.00088721,-0.0122785,-0.0221428,0,0,0
2098,-0.000407163,-0.0156147,-0.0235185,0,0,0
2099,-0.000765277,-0.0156552,-0.0233049,0,0,0
2100,-0.000375143,-0.0191592,-0.0246459,0,0,0
2101,-0.000799444,-0.0187968,-0.0245868,0,0,0
2102,-0.000372753,-0.0227985,-0.0258977,0,0,0
2103,-0.000710691,-0.0227766,-0.0257904,0,0,0
2104,-0.00034945,-0.0270142,-0.0270453,0,0,0
2105,-0.000716329,-0.026711,-0.0269348,0,0,0
2106,-0.000322043,-0.0314094,-0.02815,0,0,0
2107,-0.000648922,-0.0313447,-0.0280893,0,0,0
2108,-0.00033298,-0.0363269,-0.0292621,0,0,0
2109,-0.000640744,-0.0360692,-0.0291344,0,0,0
2110,-0.000267332,-0.0414968,-0.0302604,0,0,0
2111,-0.000581955,-0.0414026,-0.0302265,0,0,0
2112,-0.000320541,-0.0471461,-0.0313049,0,0,0
2113,-0.000574157,-0.0469236,-0.031171,0,0,0
2114,-0.000210231,-0.0531118,-0.0322166,0,0,0
2115,-0.00051029,-0.0529975,-0.0322018,0,0,0
2116,-0.000315274,-0.059524,-0.033177,0,0,0
2117,-0.000517164,-0.0593289,-0.0330435,0,0,0
2118,-0.000144018,-0.0663076,-0.0340103,0,0,0
2119,-0.000433222,-0.0661808,-0.0340075,0,0,0
2120,-0.000327798,-0.0735176,-0.0348807,0,0,0
2121,-0.000470858,-0.0733426,-0.034753,0,0,0
2122,-5.35467e-005,-0.0811404,-0.0356288,0,0,0
2123,-0.000349614,-0.0810085,-0.0356359,0,0,0
2124,-0.000378496,-0.0891886,-0.0364258,0,0,0
2125,-0.000435655,-0.0890262,-0.0362982,0,0,0
2126,8.69606e-005,-0.0976701,-0.0370507,0,0,0
2127,-0.000260736,-0.0975409,-0.0370832,0,0,0
2128,-0.000496589,-0.106604,-0.0378232,0,0,0
2129,-0.000407319,-0.106446,-0.0376694,0,0,0
2130,0.000304079,-0.115961,-0.0382701,0,0,0
2131,-0.000174556,-0.115843,-0.038354,0,0,0
2132,-0.000691837,-0.125835,-0.0390348,0,0,0
2133,-0.000373896,-0.125672,-0.0388554,0,0,0
2134,0.00056591,-0.136084,-0.0393761,0,0,0
2135,-0.000102643,-0.135987,-0.0394282,0,0,0
2136,-0.000847775,-0.146956,-0.0398683,0,0,0
2137,-0.000331081,-0.146779,-0.0399291,0,0,0
2138,0.000610564,-0.158124,-0.040656,0,0,0
2139,-2.75259e-005,-0.158055,-0.0400808,0,0,0
2140,-0.000494702,-0.170037,-0.0399352,0,0,0
2141,-0.000359016,-0.169843,-0.041375,0,0,0
2142,-0.000339162,-0.182175,-0.0424817,0,0,0
2143,0.000159638,-0.182137,-0.0393694,0,0,0
2144,0.00132968,-0.195191,-0.0392632,0,0,0
2145,-0.000734761,-0.19495,-0.0445718,0,0,0
2146,-0.0031679,-0.208048,-0.0426097,0,0,0
2147,0.000803158,-0.208518,-0.0369779,0,0,0
2148,0.000388949,6.17796e-005,-0.00134746,0,0,0
2149,0.000526893,4.87717e-005,-0.000991604,0,0,0
2150,0.000385327,0.000173299,-0.0037779,0,0,0
2151,0.0012639,0.000221316,-0.00437379,0,0,0
2152,0.000783895,0.000276468,-0.00499898,0,0,0
2153,0.00117322,0.000193158,-0.00419971,0,0,0
2154,0.000703906,0.000166339,-0.0100451,0,0,0
2155,0.00134559,0.000388692,-0.00515,0,0,0
2156,0.000546352,0.000183693,-0.00876373,0,0,0
2157,0.00133147,4.99269e-005,-0.00800729,0,0,0
2158,0.000716723,-0.000271396,-0.0104517,0,0,0
2159,0.00124864,6.47252e-005,-0.0105006,0,0,0
2160,0.000716563,-0.000556313,-0.0148707,0,0,0
2161,0.0010256,-0.000748882,-0.0093181,0,0,0
2162,0.00032642,-0.00139033,-0.0135555,0,0,0
2163,0.0012872,-0.00108919,-0.0136495,0,0,0
2164,0.000700664,-0.00255525,-0.0153863,0,0,0
2165,0.0010371,-0.00224341,-0.0145361,0,0,0
2166,0.0010522,-0.00238936,-0.0200863,0,0,0
2167,-1.53711e-005,-0.00475211,-0.0137192,0,0,0
2168,0.00033585,-0.00561726,-0.0183354,0,0,0
2169,0.00105571,-0.00527749,-0.0174017,0,0,0
2170,0.000496728,-0.00757973,-0.0193384,0,0,0
2171,0.000959948,-0.00717184,-0.0197154,0,0,0
2172,0.000414054,-0.00981787,-0.0210095,0,0,0
2173,0.000811868,-0.00992703,-0.020551,0,0,0
2174,0.000421408,-0.0127146,-0.022064,0,0,0
2175,0.00088721,-0.0122785,-0.0221428,0,0,0
2176,0.000407163,-0.0156147,-0.0235185,0,0,0
2177,0.000765277,-0.0156552,-0.0233049,0,0,0
2178,0.000375143,-0.0191592,-0.0246459,0,0,0
2179,0.000799444,-0.0187968,-0.0245868,0,0,0
2180,0.000372753,-0.0227985,-0.0258977,0,0,0
2181,0.000710691,-0.0227766,-0.0257904,0,0,0
2182,0.00034945,-0.0270142,-0.0270453,0,0,0
2183,0.000716329,-0.026711,-0.0269348,0,0,0
2184,0.000322043,-0.0314094,-0.02815,0,0,0
2185,0.000648922,-0.0313447,-0.0280893,0,0,0
2186,0.00033298,-0.0363269,-0.0292621,0,0,0
2187,0.000640744,-0.0360692,-0.0291344,0,0,0
2188,0.000267332,-0.0414968,-0.0302604,0,0,0
2189,0.000581955,-0.0414026,-0.0302265,0,0,0
2190,0.000320541,-0.0471461,-0.0313049,0,0,0
2191,0.000574157,-0.0469236,-0.031171,0,0,0
2192,0.000210231,-0.0531118,-0.0322166,0,0,0
2193,0.00051029,-0.0529975,-0.0322018,0,0,0
2194,0.000315274,-0.059524,-0.033177,0,0,0
2195,0.000517164,-0.0593289,-0.0330435,0,0,0
2196,0.000144018,-0.0663076,-0.0340103,0,0,0
2197,0.000433222,-0.0661808,-0.0340075,0,0,0
2198,0.000327798,-0.0735176,-0.0348807,0,0,0
2199,0.000470858,-0.0733426,-0.034753,0,0,0
2200,5.35467e-005,-0.0811404,-0.0356288,0,0,0
2201,0.000349614,-0.0810085,-0.0356359,0,0,0
2202,0.000378496,-0.0891886,-0.0364258,0,0,0
2203,0.000435655,-0.0890262,-0.0362982,0,0,0
2204,-8.69606e-005,-0.0976701,-0.0370507,0,0,0
2205,0.000260736,-0.0975409,-0.0370832,0,0,0
2206,0.000496589,-0.106604,-0.0378232,0,0,0
2207,0.000407319,-0.106446,-0.0376694,0,0,0
2208,-0.000304079,-0.115961,-0.0382701,0,0,0
2209,0.000174556,-0.115843,-0.038354,0,0,0
2210,0.000691837,-0.125835,-0.0390348,0,0,0
2211,0.000373896,-0.125672,-0.0388554,0,0,0
2212,-0.00056591,-0.136084,-0.0393761,0,0,0
2213,0.000102643,-0.135987,-0.0394282,0,0,0
2214,0.000847775,-0.146956,-0.0398683,0,0,0
2215,0.000331081,-0.146779,-0.0399291,0,0,0
2216,-0.000610564,-0.158124,-0.040656,0,0,0
2217,2.75259e-005,-0.158055,-0.0400808,0,0,0
2218,0.000494702,-0.170037,-0.0399352,0,0,0
2219,0.000359016,-0.169843,-0.041375,0,0,0
2220,0.000339162,-0.182175,-0.0424817,0,0,0
2221,-0.000159638,-0.182137,-0.0393694,0,0,0
2222,-0.00132968,-0.195191,-0.0392632,0,0,0
2223,0.000734761,-0.19495,-0.0445718,0,0,0
2224,0.0031679,-0.208048,-0.0426097,0,0,0
2225,-0.000803158,-0.208518,-0.0369779,0,0,0
2226,0.000167998,0.000110148,-0.000243486,0,0,0
2227,0.000167998,-0.000110148,-0.000243486,0,0,0
2228,0.000242231,-7.51089e-006,-0.000168756,0,0,0
2229,0.000242231,7.51089e-006,-0.000168756,0,0,0
2230,-0.0028165,-0.0011275,-0.00171565,0,0,0
2231,-0.0028165,0.0011275,-0.00171565,0,0,0
2232,0,0,0,0,0,0
2233,0,0,0,0,0,0
2234,0,0,0,0,0,0
2235,0,0,0,0,0,0
2236,-0.000135339,-4.16112e-005,2.28847e-006,0,0,0
2237,0.000171722,7.24109e-017,-0.000213826,0,0,0
2238,-0.000135339,4.16112e-005,2.28847e-006,0,0,0
2239,6.86198e-005,-1.92734e-006,-0.000179918,0,0,0
2240,7.39425e-005,-1.19215e-005,-0.000130292,0,0,0
2241,0.000140931,-1.23021e-006,-0.000143816,0,0,0
2242,0.000168967,-1.34811e-005,-0.00018882,0,0,0
2243,0.000205269,7.57206e-006,-0.000141967,0,0,0
2244,0.000236221,-4.57194e-007,-0.000224735,0,0,0
2245,0.000228139,5.8512e-017,-0.000174945,0,0,0
2246,0.000236221,4.57194e-007,-0.000224735,0,0,0
2247,0.000205269,-7.57206e-006,-0.000141967,0,0,0
2248,0.000168967,1.34811e-005,-0.00018882,0,0,0
2249,0.000140931,1.23021e-006,-0.000143816,0,0,0
2250,7.39425e-005,1.19215e-005,-0.000130292,0,0,0
2251,6.86198e-005,1.92734e-006,-0.000179918,0,0,0
2252,0.00237466,0.00030539,0.00078131,0,0,0
2253,-0.00197083,-2.01492e-016,-0.00132863,0,0,0
2254,0.00237466,-0.00030539,0.00078131,0,0,0
2255,0.000373134,-0.000414965,-0.000632227,0,0,0
2256,3.19632e-005,0.000320853,-0.0005986,0,0,0
2257,0.000526342,-0.000308931,-0.000223405,0,0,0
2258,-0.000408505,0.000133234,-0.0008529,0,0,0
2259,0.00119568,8.72992e-005,0.000278613,0,0,0
2260,0.00119568,-8.72992e-005,0.000278613,0,0,0
2261,-0.000408505,-0.000133234,-0.0008529,0,0,0
2262,0.000526342,0.000308931,-0.000223405,0,0,0
2263,3.19632e-005,-0.000320853,-0.0005986,0,0,0
2264,0.000373134,0.000414965,-0.000632227,0,0,0
2265,0.000246865,-5.40882e-006,-0.000222162,0,0,0
2266,0.000239826,6.64297e-006,-0.000230358,0,0,0
2267,0.000254778,-9.77199e-006,-0.000277551,0,0,0
2268,0.00024882,2.32071e-006,-0.000272918,0,0,0
2269,0.000281117,-1.36773e-005,-0.000328003,0,0,0
2270,0.000290805,-1.37155e-005,-0.000303836,0,0,0
2271,0.000304367,-1.03553e-006,-0.000404024,0,0,0
2272,0.000436126,-8.23888e-005,-0.000318002,0,0,0
2273,0.000295957,0.000107385,-0.000568579,0,0,0
2274,0.00135055,-0.00079779,0.000494957,0,0,0
2275,-0.000666881,0.000663895,-0.000749871,0,0,0
2276,0.000444147,-0.000450023,0.000136795,0,0,0
2277,-0.000143328,0.000378681,-0.000478896,0,0,0
2278,0.000125932,-0.000227109,3.98225e-005,0,0,0
2279,3.54204e-005,0.000206534,-0.000363259,0,0,0
2280,-7.88205e-007,-0.000119001,8.14004e-006,0,0,0
2281,0.000104725,0.00013052,-0.000298807,0,0,0
2282,-8.2389e-005,-8.92788e-005,1.42484e-005,0,0,0
2283,0.000295957,-0.000107385,-0.000568579,0,0,0
2284,0.000436126,8.23888e-005,-0.000318002,0,0,0
2285,0.000304367,1.03553e-006,-0.000404024,0,0,0
2286,0.000290805,1.37155e-005,-0.000303836,0,0,0
2287,0.000281117,1.36773e-005,-0.000328003,0,0,0
2288,0.00024882,-2.32071e-006,-0.000272918,0,0,0
2289,0.000254778,9.77199e-006,-0.000277551,0,0,0
2290,0.000239826,-6.64297e-006,-0.000230358,0,0,0
2291,0.000246865,5.40882e-006,-0.000222162,0,0,0
2292,-8.2389e-005,8.92788e-005,1.42484e-005,0,0,0
2293,0.000104725,-0.00013052,-0.000298807,0,0,0
2294,-7.88205e-007,0.000119001,8.14004e-006,0,0,0
2295,3.54204e-005,-0.000206534,-0.000363259,0,0,0
2296,0.000125932,0.000227109,3.98225e-005,0,0,0
2297,-0.000143328,-0.000378681,-0.000478896,0,0,0
2298,0.000444147,0.000450023,0.000136795,0,0,0
2299,-0.000666881,-0.000663895,-0.000749871,0,0,0
2300,0.00135055,0.00079779,0.000494957,0,0,0
2301,3.77005e-005,3.04699e-005,-0.000103182,0,0,0
2302,-5.78995e-005,-3.15556e-007,-7.26974e-005,0,0,0
2303,-1.06194e-005,2.54127e-005,-4.22655e-005,0,0,0
2304,0,0,0,0,0,0
2305,0,0,0,0,0,0
2306,0,0,0,0,0,0
2307,-1.06194e-005,-2.54127e-005,-4.22655e-005,0,0,0
2308,-5.78995e-005,3.15556e-007,-7.26974e-005,0,0,0
2309,3.77005e-005,-3.04699e-005,-0.000103182,0,0,0
2310,0.000260321,-4.46378e-005,-1.31691e-005,0,0,0
2311,-0.000448601,0.000237663,-0.000424049,0,0,0
2312,0.00114677,-0.000365071,0.000283069,0,0,0
2313,0,0,0,0,0,0
2314,0,0,0,0,0,0
2315,0,0,0,0,0,0
2316,0.00114677,0.000365071,0.000283069,0,0,0
2317,-0.000448601,-0.000237663,-0.000424049,0,0,0
2318,0.000260321,4.46378e-005,-1.31691e-005,0,0,0
2319,0,0,0,0,0,0
2320,0,0,0,0,0,0
2321,0,0,0,0,0,0
2322,0,0,0,0,0,0
2323,0,0,0,0,0,0
2324,0,0,0,0,0,0
2325,0,0,0,0,0,0
2326,0,0,0,0,0,0
2327,0,0,0,0,0,0
2328,0,0,0,0,0,0
2329,0,0,0,0,0,0
2330,0,0,0,0,0,0
2331,0,0,0,0,0,0
2332,0,0,0,0,0,0
2333,0,0,0,0,0,0
2334,0,0,0,0,0,0
2335,0,0,0,0,0,0
2336,0,0,0,0,0,0
2337,4.63714e-005,1.77926e-006,-4.52445e-005,0,0,0
2338,7.93962e-005,9.2834e-017,-0.000212718,0,0,0
2339,4.63714e-005,-1.77926e-006,-4.52445e-005,0,0,0
2340,0.00010352,7.85572e-006,-0.000181229,0,0,0
2341,6.28944e-005,9.43463e-017,-0.000108368,0,0,0
2342,0.00010352,-7.85572e-006,-0.000181229,0,0,0
2343,0.000130134,1.51915e-006,-0.00013879,0,0,0
2344,0.000154759,1.00469e-016,-0.000162364,0,0,0
2345,0.000130134,-1.51915e-006,-0.00013879,0,0,0
2346,0.000166009,2.81053e-006,-0.000178293,0,0,0
2347,0.000154603,1.01685e-016,-0.000182341,0,0,0
2348,0.000166009,-2.81053e-006,-0.000178293,0,0,0
2349,0.000218563,3.49231e-006,-0.00018043,0,0,0
2350,0.000217788,9.61264e-017,-0.000146574,0,0,0
2351,0.000218563,-3.49231e-006,-0.00018043,0,0,0
2352,-0.00078963,0.000129501,-0.00107063,0,0,0
2353,0.00086798,-2.84447e-016,0.000283335,0,0,0
2354,-0.00078963,-0.000129501,-0.00107063,0,0,0
2355,0.000655416,5.48595e-005,1.57337e-005,0,0,0
2356,-0.000198087,-3.72071e-016,-0.000898274,0,0,0
2357,0.000655416,-5.48595e-005,1.57337e-005,0,0,0
2358,-0.000177332,-7.95581e-005,-0.000729576,0,0,0
2359,0.000395695,-4.61597e-016,-0.000203087,0,0,0
2360,-0.000177332,7.95581e-005,-0.000729576,0,0,0
2361,0.00056899,0.000130641,-0.000450746,0,0,0
2362,0.000144653,-6.59181e-016,-0.000630959,0,0,0
2363,0.00056899,-0.000130641,-0.000450746,0,0,0
2364,-4.46907e-006,-0.000119654,-0.000424656,0,0,0
2365,0.000316392,-7.70488e-016,-0.000676081,0,0,0
2366,-4.46907e-006,0.000119654,-0.000424656,0,0,0
2367,4.30963e-005,1.70444e-005,-0.000107397,0,0,0
2368,0.000113175,6.82244e-006,-0.000181306,0,0,0
2369,0.00012558,1.1553e-005,-0.000204848,0,0,0
2370,0.000179628,-1.57917e-006,-0.000177574,0,0,0
2371,0.00020954,1.17843e-005,-0.000245725,0,0,0
2372,7.23274e-005,4.68355e-006,-0.000234362,0,0,0
2373,8.81617e-005,1.52138e-005,-0.000182939,0,0,0
2374,0.000149475,-4.73944e-007,-0.000208113,0,0,0
2375,0.000172649,1.46976e-005,-0.000250076,0,0,0
2376,0.000218235,-1.14991e-005,-0.000202163,0,0,0
2377,6.97124e-005,2.67795e-005,-0.000143151,0,0,0
2378,0.000113593,7.73301e-006,-0.000234176,0,0,0
2379,0.00013776,1.49212e-005,-0.000245183,0,0,0
2380,0.000193457,-6.69214e-006,-0.000228299,0,0,0
2381,0.000212496,1.27172e-005,-0.000300964,0,0,0
2382,6.47481e-005,-2.97474e-006,-0.000268548,0,0,0
2383,0.000112956,1.93883e-005,-0.000204209,0,0,0
2384,0.000159774,-2.91276e-006,-0.000259623,0,0,0
2385,0.000181696,1.81018e-005,-0.000288646,0,0,0
2386,0.000243294,-1.84124e-005,-0.000242895,0,0,0
2387,9.84851e-005,5.20628e-005,-0.000179361,0,0,0
2388,0.000105775,9.53921e-006,-0.000285603,0,0,0
2389,0.000156573,1.58554e-005,-0.000265065,0,0,0
2390,0.000217728,-1.02617e-005,-0.000272916,0,0,0
2391,0.00022448,9.99181e-006,-0.000344437,0,0,0
2392,6.10725e-005,-3.35931e-005,-0.000288194,0,0,0
2393,0.000148959,2.28372e-005,-0.000223556,0,0,0
2394,0.000162099,2.72741e-006,-0.000323204,0,0,0
2395,0.000202706,1.22579e-005,-0.000316544,0,0,0
2396,0.000279031,-1.77392e-005,-0.000285035,0,0,0
2397,9.06739e-005,0.00010857,-0.000269222,0,0,0
2398,8.2494e-005,1.44341e-005,-0.000344088,0,0,0
2399,0.000194204,1.27961e-007,-0.000287756,0,0,0
2400,0.0002247,9.76125e-006,-0.000340078,0,0,0
2401,0.000277085,-1.79774e-005,-0.00038453,0,0,0
2402,0.000161019,-0.000109963,-0.000237354,0,0,0
2403,0.000162653,1.50332e-005,-0.000313729,0,0,0
2404,0.000125715,5.30791e-005,-0.000407854,0,0,0
2405,0.00027275,-4.20277e-005,-0.000354811,0,0,0
2406,0.000270488,3.76165e-005,-0.000368334,0,0,0
2407,-0.000263007,0.000200134,-0.000573884,0,0,0
2408,0.000211105,7.03761e-005,-0.000283481,0,0,0
2409,0.00020733,-9.31064e-005,-0.000453436,0,0,0
2410,0.000144453,0.000156494,-0.000455779,0,0,0
2411,0.000427903,-0.000168337,-0.000410101,0,0,0
2412,4.30963e-005,-1.70444e-005,-0.000107397,0,0,0
2413,0.000113175,-6.82244e-006,-0.000181306,0,0,0
2414,0.00012558,-1.1553e-005,-0.000204848,0,0,0
2415,0.000179628,1.57917e-006,-0.000177574,0,0,0
2416,0.00020954,-1.17843e-005,-0.000245725,0,0,0
2417,7.23274e-005,-4.68355e-006,-0.000234362,0,0,0
2418,8.81617e-005,-1.52138e-005,-0.000182939,0,0,0
2419,0.000149475,4.73944e-007,-0.000208113,0,0,0
2420,0.000172649,-1.46976e-005,-0.000250076,0,0,0
2421,0.000218235,1.14991e-005,-0.000202163,0,0,0
2422,6.97124e-005,-2.67795e-005,-0.000143151,0,0,0
2423,0.000113593,-7.73301e-006,-0.000234176,0,0,0
2424,0.00013776,-1.49212e-005,-0.000245183,0,0,0
2425,0.000193457,6.69214e-006,-0.000228299,0,0,0
2426,0.000212496,-1.27172e-005,-0.000300964,0,0,0
2427,6.47481e-005,2.97474e-006,-0.000268548,0,0,0
2428,0.000112956,-1.93883e-005,-0.000204209,0,0,0
2429,0.000159774,2.91276e-006,-0.000259623,0,0,0
2430,0.000181696,-1.81018e-005,-0.000288646,0,0,0
2431,0.000243294,1.84124e-005,-0.000242895,0,0,0
2432,9.84851e-005,-5.20628e-005,-0.000179361,0,0,0
2433,0.000105775,-9.53921e-006,-0.000285603,0,0,0
2434,0.000156573,-1.58554e-005,-0.000265065,0,0,0
2435,0.000217728,1.02617e-005,-0.000272916,0,0,0
2436,0.00022448,-9.99181e-006,-0.000344437,0,0,0
2437,6.10725e-005,3.35931e-005,-0.000288194,0,0,0
2438,0.000148959,-2.28372e-005,-0.000223556,0,0,0
2439,0.000162099,-2.72741e-006,-0.000323204,0,0,0
2440,0.000202706,-1.22579e-005,-0.000316544,0,0,0
2441,0.000279031,1.77392e-005,-0.000285035,0,0,0
2442,9.06739e-005,-0.00010857,-0.000269222,0,0,0
2443,8.2494e-005,-1.44341e-005,-0.000344088,0,0,0
2444,0.000194204,-1.27961e-007,-0.000287756,0,0,0
2445,0.0002247,-9.76125e-006,-0.000340078,0,0,0
2446,0.000277085,1.79774e-005,-0.00038453,0,0,0
2447,0.000161019,0.000109963,-0.000237354,0,0,0
2448,0.000162653,-1.50332e-005,-0.000313729,0,0,0
2449,0.000125715,-5.30791e-005,-0.000407854,0,0,0
2450,0.00027275,4.20277e-005,-0.000354811,0,0,0
2451,0.000270488,-3.76165e-005,-0.000368334,0,0,0
2452,-0.000263007,-0.000200134,-0.000573884,0,0,0
2453,0.000211105,-7.03761e-005,-0.000283481,0,0,0
2454,0.00020733,9.31064e-005,-0.000453436,0,0,0
2455,0.000144453,-0.000156494,-0.000455779,0,0,0
2456,0.000427903,0.000168337,-0.000410101,0,0,0
2457,0.000141078,5.63684e-005,-0.00025933,0,0,0
2458,-8.00398e-005,5.02895e-017,-2.22697e-005,0,0,0
2459,0.000141078,-5.63684e-005,-0.00025933,0,0,0
2460,-4.66301e-005,-4.74833e-005,-2.96351e-005,0,0,0
2461,0.000113298,2.31688e-017,-0.00026536,0,0,0
2462,-4.66301e-005,4.74833e-005,-2.96351e-005,0,0,0
2463,8.77406e-005,7.92636e-005,-0.000314731,0,0,0
2464,-9.79825e-006,5.871e-020,-3.75218e-005,0,0,0
2465,8.77406e-005,-7.92636e-005,-0.000314731,0,0,0
2466,3.96443e-005,-7.85685e-005,-2.51973e-005,0,0,0
2467,5.89359e-005,-2.61396e-017,-0.000319005,0,0,0
2468,3.96443e-005,7.85685e-005,-2.51973e-005,0,0,0
2469,-1.17324e-005,0.00013441,-0.00039237,0,0,0
2470,9.55381e-005,-5.19495e-017,-2.48762e-005,0,0,0
2471,-1.17324e-005,-0.00013441,-0.00039237,0,0,0
2472,0.000223723,-0.000148191,1.41462e-005,0,0,0
2473,-9.22878e-005,-8.46451e-017,-0.000410087,0,0,0
2474,0.000223723,0.000148191,1.41462e-005,0,0,0
2475,-0.000299368,0.000228639,-0.000541166,0,0,0
2476,0.00036878,-1.07765e-016,3.58716e-005,0,0,0
2477,-0.000299368,-0.000228639,-0.000541166,0,0,0
2478,0.000718832,-0.000262099,0.000149743,0,0,0
2479,-0.000541359,-1.61819e-016,-0.000625305,0,0,0
2480,0.000718832,0.000262099,0.000149743,0,0,0
2481,-0.00115406,0.000322963,-0.000936343,0,0,0
2482,0.00120812,-1.42109e-016,0.000302466,0,0,0
2483,-0.00115406,-0.000322963,-0.000936343,0,0,0
2484,0.000245591,-8.07458e-007,-0.000171186,0,0,0
2485,0.000253492,6.47392e-017,-0.000220874,0,0,0
2486,0.000245591,8.07458e-007,-0.000171186,0,0,0
2487,0.000241912,-2.2496e-006,-0.000288371,0,0,0
2488,0.000236816,-3.43366e-017,-0.000238304,0,0,0
2489,0.000241912,2.2496e-006,-0.000288371,0,0,0
2490,0.000247679,8.40034e-007,-0.000221768,0,0,0
2491,0.000248087,-4.28591e-017,-0.000273605,0,0,0
2492,0.000247679,-8.40034e-007,-0.000221768,0,0,0
2493,0.000254534,-1.03908e-005,-0.00034582,0,0,0
2494,0.000261649,-1.39726e-016,-0.000288579,0,0,0
2495,0.000254534,1.03908e-005,-0.00034582,0,0,0
2496,0.000274264,5.75546e-006,-0.000247057,0,0,0
2497,0.000250296,-1.76048e-016,-0.000319718,0,0,0
2498,0.000274264,-5.75546e-006,-0.000247057,0,0,0
2499,0.000277782,-2.52716e-005,-0.000431559,0,0,0
2500,0.000335228,-2.71328e-016,-0.000327114,0,0,0
2501,0.000277782,2.52716e-005,-0.000431559,0,0,0
2502,0.000354385,1.16832e-005,-0.000228764,0,0,0
2503,0.000232876,-3.56953e-016,-0.000405752,0,0,0
2504,0.000354385,-1.16832e-005,-0.000228764,0,0,0
2505,0.000297789,-3.84891e-005,-0.000635818,0,0,0
2506,0.000524324,-4.59958e-016,-0.000327975,0,0,0
2507,0.000297789,3.84891e-005,-0.000635818,0,0,0
2508,0.000486343,-1.7382e-005,-8.11073e-005,0,0,0
2509,0.000194701,-5.77311e-016,-0.000650781,0,0,0
2510,0.000486343,1.7382e-005,-8.11073e-005,0,0,0
2511,-4.09604e-005,5.63758e-006,-5.75064e-005,0,0,0
2512,3.85308e-005,6.50894e-017,-0.000135574,0,0,0
2513,-4.09604e-005,-5.63758e-006,-5.75064e-005,0,0,0
2514,9.26522e-006,-1.9458e-005,-7.60078e-005,0,0,0
2515,-4.85432e-005,3.7643e-017,-4.77272e-005,0,0,0
2516,9.26522e-006,1.9458e-005,-7.60078e-005,0,0,0
2517,-3.65547e-005,-3.49043e-006,-4.17259e-005,0,0,0
2518,-1.80078e-005,2.07968e-017,-4.92937e-005,0,0,0
2519,-3.65547e-005,3.49043e-006,-4.17259e-005,0,0,0
2520,-0.00085629,-0.000182908,-0.000620474,0,0,0
2521,0.000887106,-1.10329e-016,9.33265e-005,0,0,0
2522,-0.00085629,0.000182908,-0.000620474,0,0,0
2523,0.000487245,4.69024e-005,9.72866e-007,0,0,0
2524,-0.00031736,-6.8198e-017,-0.00030224,0,0,0
2525,0.000487245,-4.69024e-005,9.72866e-007,0,0,0
2526,-0.000126565,-4.44721e-005,-0.00015232,0,0,0
2527,0.000219293,-2.69439e-017,-4.46046e-005,0,0,0
2528,-0.000126565,4.44721e-005,-0.00015232,0,0,0
2529,-3.16274e-005,-2.5778e-006,-0.000102789,0,0,0
2530,8.27559e-006,-2.96803e-005,-6.27695e-005,0,0,0
2531,-2.49235e-005,-2.14535e-005,-5.26981e-005,0,0,0
2532,2.31352e-005,-3.36482e-005,-0.000129729,0,0,0
2533,-2.41454e-005,-1.18881e-005,-9.00526e-005,0,0,0
2534,-2.00101e-006,-3.17835e-005,-4.24033e-005,0,0,0
2535,1.07392e-005,-1.90017e-005,-0.000132163,0,0,0
2536,7.02782e-006,-3.82981e-005,-7.23151e-005,0,0,0
2537,-1.21748e-005,-2.90748e-005,-6.91327e-005,0,0,0
2538,7.25422e-006,-2.70024e-005,-0.000145317,0,0,0
2539,4.47458e-006,-1.7124e-005,-0.000109568,0,0,0
2540,-4.4304e-007,-4.25233e-005,-4.74552e-005,0,0,0
2541,4.55045e-005,-5.13083e-005,-0.000163825,0,0,0
2542,-7.32229e-006,-4.72732e-005,-8.10529e-005,0,0,0
2543,3.75932e-007,-3.05603e-005,-8.59902e-005,0,0,0
2544,3.98789e-006,1.16071e-005,-0.000154211,0,0,0
2545,3.526e-005,-2.56359e-005,-0.000134126,0,0,0
2546,-7.54861e-006,-5.5165e-005,-5.06261e-005,0,0,0
2547,2.35507e-005,-0.000133005,-0.000232762,0,0,0
2548,-1.07332e-005,-3.64645e-005,-8.57198e-005,0,0,0
2549,1.40853e-005,-3.40325e-005,-0.000106279,0,0,0
2550,0.000147921,0.000139493,-0.000100501,0,0,0
2551,4.70272e-006,-6.87953e-005,-0.000194275,0,0,0
2552,1.10784e-005,-5.17234e-005,-5.90886e-005,0,0,0
2553,-0.000401593,-0.000322146,-0.000518297,0,0,0
2554,0.0001847,5.32148e-005,-4.8891e-005,0,0,0
2555,-2.13822e-005,-7.01727e-005,-0.00012507,0,0,0
2556,-3.16274e-005,2.5778e-006,-0.000102789,0,0,0
2557,8.27559e-006,2.96803e-005,-6.27695e-005,0,0,0
2558,-2.49235e-005,2.14535e-005,-5.26981e-005,0,0,0
2559,2.31352e-005,3.36482e-005,-0.000129729,0,0,0
2560,-2.41454e-005,1.18881e-005,-9.00526e-005,0,0,0
2561,-2.00101e-006,3.17835e-005,-4.24033e-005,0,0,0
2562,1.07392e-005,1.90017e-005,-0.000132163,0,0,0
2563,7.02782e-006,3.82981e-005,-7.23151e-005,0,0,0
2564,-1.21748e-005,2.90748e-005,-6.91327e-005,0,0,0
2565,7.25422e-006,2.70024e-005,-0.000145317,0,0,0
2566,4.47458e-006,1.7124e-005,-0.000109568,0,0,0
2567,-4.4304e-007,4.25233e-005,-4.74552e-005,0,0,0
2568,4.55045e-005,5.13083e-005,-0.000163825,0,0,0
2569,-7.32229e-006,4.72732e-005,-8.10529e-005,0,0,0
2570,3.75932e-007,3.05603e-005,-8.59902e-005,0,0,0
2571,3.98789e-006,-1.16071e-005,-0.000154211,0,0,0
2572,3.526e-005,2.56359e-005,-0.000134126,0,0,0
2573,-7.54861e-006,5.5165e-005,-5.06261e-005,0,0,0
2574,2.35507e-005,0.000133005,-0.000232762,0,0,0
2575,-1.07332e-005,3.64645e-005,-8.57198e-005,0,0,0
2576,1.40853e-005,3.40325e-005,-0.000106279,0,0,0
2577,0.000147921,-0.000139493,-0.000100501,0,0,0
2578,4.70272e-006,6.87953e-005,-0.000194275,0,0,0
2579,1.10784e-005,5.17234e-005,-5.90886e-005,0,0,0
2580,-0.000401593,0.000322146,-0.000518297,0,0,0
2581,0.0001847,-5.32148e-005,-4.8891e-005,0,0,0
2582,-2.13822e-005,7.01727e-005,-0.00012507,0,0,0
2583,0,0,0,0,0,0
2584,0,0,0,0,0,0
2585,0,0,0,0,0,0
2586,0,0,0,0,0,0
2587,0,0,0,0,0,0
2588,0,0,0,0,0,0
2589,0,0,0,0,0,0
2590,0,0,0,0,0,0
2591,0,0,0,0,0,0
2592,0,0,0,0,0,0
2593,0,0,0,0,0,0
2594,0,0,0,0,0,0
2595,0,0,0,0,0,0
2596,0,0,0,0,0,0
2597,0,0,0,0,0,0
2598,0,0,0,0,0,0
2599,0,0,0,0,0,0
2600,0,0,0,0,0,0
2601,0,0,0,0,0,0
2602,0,0,0,0,0,0
2603,0,0,0,0,0,0
2604,0,0,0,0,0,0
2605,0,0,0,0,0,0
2606,0,0,0,0,0,0
2607,0,0,0,0,0,0
2608,0,0,0,0,0,0
2609,0,0,0,0,0,0
2610,6.96338e-005,8.41921e-006,-0.000232578,0,0,0
2611,4.13431e-005,5.39617e-017,-7.77921e-005,0,0,0
2612,6.96338e-005,-8.41921e-006,-0.000232578,0,0,0
2613,8.52313e-005,-1.79447e-007,-0.000141421,0,0,0
2614,0.000120939,5.74267e-017,-0.000208346,0,0,0
2615,8.52313e-005,1.79447e-007,-0.000141421,0,0,0
2616,0.00013992,6.33859e-006,-0.000206319,0,0,0
2617,0.000118276,6.15374e-017,-0.000190152,0,0,0
2618,0.00013992,-6.33859e-006,-0.000206319,0,0,0
2619,0.000175811,1.80007e-006,-0.000196973,0,0,0
2620,0.000186946,4.73373e-017,-0.000188871,0,0,0
2621,0.000175811,-1.80007e-006,-0.000196973,0,0,0
2622,0.000204275,-1.08839e-007,-0.0002071,0,0,0
2623,0.000200948,5.15928e-017,-0.000246491,0,0,0
2624,0.000204275,1.08839e-007,-0.0002071,0,0,0
2625,6.03945e-005,4.46249e-006,-9.50307e-005,0,0,0
2626,7.67691e-005,2.53737e-017,-0.000271908,0,0,0
2627,6.03945e-005,-4.46249e-006,-9.50307e-005,0,0,0
2628,0.000110524,9.33888e-006,-0.000245945,0,0,0
2629,8.56686e-005,2.3678e-017,-0.000159244,0,0,0
2630,0.000110524,-9.33888e-006,-0.000245945,0,0,0
2631,0.000136985,2.49097e-006,-0.000196496,0,0,0
2632,0.00015313,1.05786e-017,-0.000228793,0,0,0
2633,0.000136985,-2.49097e-006,-0.000196496,0,0,0
2634,0.000178028,5.90986e-007,-0.000242041,0,0,0
2635,0.000169504,1.6839e-017,-0.000244224,0,0,0
2636,0.000178028,-5.90986e-007,-0.000242041,0,0,0
2637,0.000216128,4.54435e-006,-0.000242792,0,0,0
2638,0.000219211,-8.09763e-018,-0.000206338,0,0,0
2639,0.000216128,-4.54435e-006,-0.000242792,0,0,0
2640,6.83841e-005,9.03954e-006,-0.000276145,0,0,0
2641,7.19861e-005,-6.95308e-018,-0.000110263,0,0,0
2642,6.83841e-005,-9.03954e-006,-0.000276145,0,0,0
2643,0.00010372,7.32749e-007,-0.000176348,0,0,0
2644,0.000115794,-1.84433e-017,-0.000266195,0,0,0
2645,0.00010372,-7.32749e-007,-0.000176348,0,0,0
2646,0.000148511,4.8711e-006,-0.000262175,0,0,0
2647,0.000139027,-1.77259e-017,-0.000231238,0,0,0
2648,0.000148511,-4.8711e-006,-0.000262175,0,0,0
2649,0.000184103,4.70026e-006,-0.000244956,0,0,0
2650,0.000189674,-4.88086e-017,-0.000240521,0,0,0
2651,0.000184103,-4.70026e-006,-0.000244956,0,0,0
2652,0.000219335,-5.25747e-006,-0.000259927,0,0,0
2653,0.000215439,-4.12666e-017,-0.000304892,0,0,0
2654,0.000219335,5.25747e-006,-0.000259927,0,0,0
2655,8.83122e-005,1.04292e-005,-0.000124639,0,0,0
2656,6.26373e-005,-3.96877e-017,-0.000315166,0,0,0
2657,8.83122e-005,-1.04292e-005,-0.000124639,0,0,0
2658,0.000109629,1.06912e-005,-0.000297606,0,0,0
2659,0.000117559,-4.895e-017,-0.000179689,0,0,0
2660,0.000109629,-1.06912e-005,-0.000297606,0,0,0
2661,0.000153314,5.32835e-006,-0.000225479,0,0,0
2662,0.000152704,-8.00717e-017,-0.000281856,0,0,0
2663,0.000153314,-5.32835e-006,-0.000225479,0,0,0
2664,0.000193547,-5.48372e-006,-0.000291289,0,0,0
2665,0.000192324,-7.25619e-017,-0.000286421,0,0,0
2666,0.000193547,5.48372e-006,-0.000291289,0,0,0
2667,0.000226352,9.52527e-006,-0.000285902,0,0,0
2668,0.000227576,-1.19056e-016,-0.000245804,0,0,0
2669,0.000226352,-9.52527e-006,-0.000285902,0,0,0
2670,6.05096e-005,4.13031e-006,-0.00030442,0,0,0
2671,0.000111647,-7.43466e-017,-0.000139476,0,0,0
2672,6.05096e-005,-4.13031e-006,-0.00030442,0,0,0
2673,0.000132841,1.76815e-006,-0.000199371,0,0,0
2674,9.59127e-005,-1.02224e-016,-0.000320161,0,0,0
2675,0.000132841,-1.76815e-006,-0.000199371,0,0,0
2676,0.000154547,2.55021e-006,-0.000313505,0,0,0
2677,0.000174582,-1.05898e-016,-0.000256283,0,0,0
2678,0.000154547,-2.55021e-006,-0.000313505,0,0,0
2679,0.000203737,1.06667e-005,-0.000276791,0,0,0
2680,0.000192737,-1.58993e-016,-0.000283834,0,0,0
2681,0.000203737,-1.06667e-005,-0.000276791,0,0,0
2682,0.000243351,-1.57731e-005,-0.000308872,0,0,0
2683,0.000249467,-1.46915e-016,-0.000354223,0,0,0
2684,0.000243351,1.57731e-005,-0.000308872,0,0,0
2685,0.000107137,2.48182e-005,-0.000177339,0,0,0
2686,3.8657e-005,-1.14564e-016,-0.0003441,0,0,0
2687,0.000107137,-2.48182e-005,-0.000177339,0,0,0
2688,9.4507e-005,1.21453e-005,-0.000345123,0,0,0
2689,0.000174845,-1.3497e-016,-0.000204428,0,0,0
2690,9.4507e-005,-1.21453e-005,-0.000345123,0,0,0
2691,0.000183869,8.53289e-006,-0.000253459,0,0,0
2692,0.000128349,-1.91202e-016,-0.000339146,0,0,0
2693,0.000183869,-8.53289e-006,-0.000253459,0,0,0
2694,0.000206998,-1.38861e-005,-0.000346007,0,0,0
2695,0.000244619,-1.82254e-016,-0.000323014,0,0,0
2696,0.000206998,1.38861e-005,-0.000346007,0,0,0
2697,0.000261091,1.73974e-005,-0.000313699,0,0,0
2698,0.000230271,-2.57872e-016,-0.000289052,0,0,0
2699,0.000261091,-1.73974e-005,-0.000313699,0,0,0
2700,7.90006e-005,-1.30114e-005,-0.000301314,0,0,0
2701,0.000137426,-1.56876e-016,-0.000223672,0,0,0
2702,7.90006e-005,1.30114e-005,-0.000301314,0,0,0
2703,0.00016934,3.09433e-006,-0.000260143,0,0,0
2704,3.54174e-005,-2.12205e-016,-0.000364601,0,0,0
2705,0.00016934,-3.09433e-006,-0.000260143,0,0,0
2706,0.000140737,2.03509e-006,-0.00036726,0,0,0
2707,0.000256785,-2.19515e-016,-0.000297006,0,0,0
2708,0.000140737,-2.03509e-006,-0.00036726,0,0,0
2709,0.00024979,1.54352e-005,-0.000313944,0,0,0
2710,0.000158687,-3.02142e-016,-0.000346596,0,0,0
2711,0.00024979,-1.54352e-005,-0.000313944,0,0,0
2712,0.000261892,-2.64785e-005,-0.000393087,0,0,0
2713,0.000343074,-2.90873e-016,-0.000397932,0,0,0
2714,0.000261892,2.64785e-005,-0.000393087,0,0,0
2715,3.59607e-005,4.50646e-005,-0.000340887,0,0,0
2716,8.06173e-005,-2.06641e-016,-0.000286635,0,0,0
2717,3.59607e-005,-4.50646e-005,-0.000340887,0,0,0
2718,8.81254e-005,1.10388e-005,-0.000351795,0,0,0
2719,0.000267718,-2.39547e-016,-0.000324439,0,0,0
2720,8.81254e-005,-1.10388e-005,-0.000351795,0,0,0
2721,0.000225038,7.73683e-006,-0.000349445,0,0,0
2722,3.67893e-005,-3.50629e-016,-0.000403102,0,0,0
2723,0.000225038,-7.73683e-006,-0.000349445,0,0,0
2724,0.000193353,-7.11305e-006,-0.000423647,0,0,0
2725,0.000365191,-3.43494e-016,-0.000377475,0,0,0
2726,0.000193353,7.11305e-006,-0.000423647,0,0,0
2727,0.000347962,1.26437e-005,-0.000320533,0,0,0
2728,0.000177764,-4.32973e-016,-0.000388989,0,0,0
2729,0.000347962,-1.26437e-005,-0.000320533,0,0,0
2730,0.000351273,-4.60201e-005,-0.000101688,0,0,0
2731,-2.0911e-005,-2.27403e-016,-0.000574287,0,0,0
2732,0.000351273,4.60201e-005,-0.000101688,0,0,0
2733,0.000115149,8.59914e-006,-0.000515911,0,0,0
2734,5.15533e-005,-3.36074e-016,-0.000269555,0,0,0
2735,0.000115149,-8.59914e-006,-0.000515911,0,0,0
2736,0.000173446,3.23383e-005,-0.000375373,0,0,0
2737,0.000341147,-3.84262e-016,-0.000482925,0,0,0
2738,0.000173446,-3.23383e-005,-0.000375373,0,0,0
2739,0.000243254,-1.50342e-005,-0.000445119,0,0,0
2740,5.15022e-005,-5.28122e-016,-0.000458756,0,0,0
2741,0.000243254,1.50342e-005,-0.000445119,0,0,0
2742,0.000300823,1.07702e-005,-0.000575308,0,0,0
2743,0.000516933,-5.57544e-016,-0.000432451,0,0,0
2744,0.000300823,-1.07702e-005,-0.000575308,0,0,0
2745,2.98015e-005,-1.89529e-005,-0.000130539,0,0,0
2746,-2.69433e-005,3.65334e-017,-7.48124e-005,0,0,0
2747,2.98015e-005,1.89529e-005,-0.000130539,0,0,0
2748,-3.65014e-005,-3.52469e-006,-8.06163e-005,0,0,0
2749,1.01674e-005,2.69416e-017,-8.67647e-005,0,0,0
2750,-3.65014e-005,3.52469e-006,-8.06163e-005,0,0,0
2751,-3.65585e-006,-9.80694e-006,-2.91802e-005,0,0,0
2752,-2.18633e-005,1.44881e-017,-3.30144e-005,0,0,0
2753,-3.65585e-006,9.80694e-006,-2.91802e-005,0,0,0
2754,-5.59664e-006,3.31251e-007,-9.19327e-005,0,0,0
2755,2.61762e-005,2.45669e-017,-0.000167851,0,0,0
2756,-5.59664e-006,-3.31251e-007,-9.19327e-005,0,0,0
2757,1.1375e-005,-2.45372e-005,-9.13971e-005,0,0,0
2758,-2.02881e-005,1.44841e-017,-6.04208e-005,0,0,0
2759,1.1375e-005,2.45372e-005,-9.13971e-005,0,0,0
2760,-1.48676e-005,-5.59575e-006,-3.94266e-005,0,0,0
2761,2.07533e-007,7.90303e-018,-5.07527e-005,0,0,0
2762,-1.48676e-005,5.59575e-006,-3.94266e-005,0,0,0
2763,1.69963e-005,-2.10038e-005,-0.000152022,0,0,0
2764,1.67625e-005,-6.09864e-020,-9.59582e-005,0,0,0
2765,1.69963e-005,2.10038e-005,-0.000152022,0,0,0
2766,-7.22709e-006,-6.36956e-006,-9.44757e-005,0,0,0
2767,9.41356e-006,5.1093e-018,-0.000103858,0,0,0
2768,-7.22709e-006,6.36956e-006,-9.44757e-005,0,0,0
2769,1.5134e-006,-1.53642e-005,-3.77579e-005,0,0,0
2770,-8.28413e-006,3.3389e-018,-3.96922e-005,0,0,0
2771,1.5134e-006,1.53642e-005,-3.77579e-005,0,0,0
2772,3.45824e-005,-7.87637e-006,-0.000109704,0,0,0
2773,3.78923e-006,-1.14078e-017,-0.000199607,0,0,0
2774,3.45824e-005,7.87637e-006,-0.000109704,0,0,0
2775,3.66515e-006,-3.28358e-005,-0.000113216,0,0,0
2776,1.12514e-005,-7.52208e-018,-6.36115e-005,0,0,0
2777,3.66515e-006,3.28358e-005,-0.000113216,0,0,0
2778,-3.51326e-006,-4.70896e-006,-4.32251e-005,0,0,0
2779,-1.30172e-006,-4.65868e-019,-6.39165e-005,0,0,0
2780,-3.51326e-006,4.70896e-006,-4.32251e-005,0,0,0
2781,-1.5601e-006,-1.51792e-005,-0.000178967,0,0,0
2782,6.2731e-005,-3.96352e-017,-0.000104221,0,0,0
2783,-1.5601e-006,1.51792e-005,-0.000178967,0,0,0
2784,2.4378e-005,-6.72946e-006,-0.000100817,0,0,0
2785,-1.41887e-005,-1.52572e-017,-0.000134974,0,0,0
2786,2.4378e-005,6.72946e-006,-0.000100817,0,0,0
2787,-3.95849e-006,-2.19984e-005,-4.86583e-005,0,0,0
2788,9.27306e-006,-6.08074e-018,-3.8908e-005,0,0,0
2789,-3.95849e-006,2.19984e-005,-4.86583e-005,0,0,0
2790,6.15085e-005,-2.86456e-005,-0.000126387,0,0,0
2791,-2.37979e-005,-4.96438e-017,-0.00024535,0,0,0
2792,6.15085e-005,2.86456e-005,-0.000126387,0,0,0
2793,-2.2207e-005,-3.81152e-005,-0.000147254,0,0,0
2794,5.95164e-005,-3.08343e-017,-5.38062e-005,0,0,0
2795,-2.2207e-005,3.81152e-005,-0.000147254,0,0,0
2796,1.64135e-005,-3.00686e-006,-4.26906e-005,0,0,0
2797,-2.07186e-005,-9.56597e-018,-8.61885e-005,0,0,0
2798,1.64135e-005,3.00686e-006,-4.26906e-005,0,0,0
2799,1.2345e-005,1.40126e-005,-0.000208984,0,0,0
2800,8.16009e-005,-8.4525e-017,-0.000119615,0,0,0
2801,1.2345e-005,-1.40126e-005,-0.000208984,0,0,0
2802,6.53119e-005,-1.5822e-005,-0.00010455,0,0,0
2803,-5.91445e-005,-3.9769e-017,-0.00018632,0,0,0
2804,6.53119e-005,1.5822e-005,-0.00010455,0,0,0
2805,-2.26339e-005,-2.42294e-005,-6.87431e-005,0,0,0
2806,4.55434e-005,-1.61173e-017,-3.33416e-005,0,0,0
2807,-2.26339e-005,2.42294e-005,-6.87431e-005,0,0,0
2808,-1.64279e-005,-7.37145e-005,-0.00019353,0,0,0
2809,4.00658e-005,-9.66744e-017,-0.000277028,0,0,0
2810,-1.64279e-005,7.37145e-005,-0.00019353,0,0,0
2811,-2.4968e-005,-1.48229e-005,-0.000185907,0,0,0
2812,0.000109599,-5.21461e-017,-5.60342e-005,0,0,0
2813,-2.4968e-005,1.48229e-005,-0.000185907,0,0,0
2814,4.59498e-005,-1.20525e-005,-4.60706e-005,0,0,0
2815,-4.19309e-005,-2.10678e-017,-0.000110956,0,0,0
2816,4.59498e-005,1.20525e-005,-4.60706e-005,0,0,0
2817,0.000306229,0.000100276,-0.000139748,0,0,0
2818,-0.000119625,-1.15447e-016,-0.000254925,0,0,0
2819,0.000306229,-0.000100276,-0.000139748,0,0,0
2820,5.63795e-007,-5.98088e-005,-0.000179185,0,0,0
2821,3.46937e-005,-6.61804e-017,-0.000176534,0,0,0
2822,5.63795e-007,5.98088e-005,-0.000179185,0,0,0
2823,2.19067e-005,-2.57739e-006,-6.41318e-005,0,0,0
2824,4.85246e-005,-2.19712e-017,-5.53929e-005,0,0,0
2825,2.19067e-005,2.57739e-006,-6.41318e-005,0,0,0
2826,0.0028165,0.0011275,-0.00171565,0,0,0
2827,0.0028165,-0.0011275,-0.00171565,0,0,0
2828,-0.000167998,-0.000110148,-0.000243486,0,0,0
2829,-0.000242231,-7.51089e-006,-0.000168756,0,0,0
2830,-0.000242231,7.51089e-006,-0.000168756,0,0,0
2831,-0.000167998,0.000110148,-0.000243486,0,0,0
2832,0,0,0,0,0,0
2833,0,0,0,0,0,0
2834,0,0,0,0,0,0
2835,0,0,0,0,0,0
2836,-0.00237466,-0.00030539,0.00078131,0,0,0
2837,0.00197083,-2.87399e-016,-0.00132863,0,0,0
2838,-0.00237466,0.00030539,0.00078131,0,0,0
2839,-0.00119568,8.72992e-005,0.000278613,0,0,0
2840,0.000408505,0.000133234,-0.0008529,0,0,0
2841,-0.000526342,-0.000308931,-0.000223405,0,0,0
2842,-3.19632e-005,0.000320853,-0.0005986,0,0,0
2843,-0.000373134,-0.000414965,-0.000632227,0,0,0
2844,-0.000373134,0.000414965,-0.000632227,0,0,0
2845,-3.19632e-005,-0.000320853,-0.0005986,0,0,0
2846,-0.000526342,0.000308931,-0.000223405,0,0,0
2847,0.000408505,-0.000133234,-0.0008529,0,0,0
2848,-0.00119568,-8.72992e-005,0.000278613,0,0,0
2849,0.000135339,4.16112e-005,2.28847e-006,0,0,0
2850,-0.000171722,8.09976e-017,-0.000213826,0,0,0
2851,0.000135339,-4.16112e-005,2.28847e-006,0,0,0
2852,-0.000205269,7.57206e-006,-0.000141967,0,0,0
2853,-0.000168967,-1.34811e-005,-0.00018882,0,0,0
2854,-0.000140931,-1.23021e-006,-0.000143816,0,0,0
2855,-7.39425e-005,-1.19215e-005,-0.000130292,0,0,0
2856,-6.86198e-005,-1.92734e-006,-0.000179918,0,0,0
2857,-0.000236221,4.57194e-007,-0.000224735,0,0,0
2858,-0.000228139,3.48747e-017,-0.000174945,0,0,0
2859,-0.000236221,-4.57194e-007,-0.000224735,0,0,0
2860,-6.86198e-005,1.92734e-006,-0.000179918,0,0,0
2861,-7.39425e-005,1.19215e-005,-0.000130292,0,0,0
2862,-0.000140931,1.23021e-006,-0.000143816,0,0,0
2863,-0.000168967,1.34811e-005,-0.00018882,0,0,0
2864,-0.000205269,-7.57206e-006,-0.000141967,0,0,0
2865,-0.000295957,0.000107385,-0.000568579,0,0,0
2866,-0.000436126,-8.23888e-005,-0.000318002,0,0,0
2867,-0.000304367,-1.03553e-006,-0.000404024,0,0,0
2868,-0.000290805,-1.37155e-005,-0.000303836,0,0,0
2869,-0.000281117,-1.36773e-005,-0.000328003,0,0,0
2870,-0.00024882,2.32071e-006,-0.000272918,0,0,0
2871,-0.000254778,-9.77199e-006,-0.000277551,0,0,0
2872,-0.000239826,6.64297e-006,-0.000230358,0,0,0
2873,-0.000246865,-5.40882e-006,-0.000222162,0,0,0
2874,8.2389e-005,-8.92788e-005,1.42484e-005,0,0,0
2875,-0.000104725,0.00013052,-0.000298807,0,0,0
2876,7.88205e-007,-0.000119001,8.14004e-006,0,0,0
2877,-3.54204e-005,0.000206534,-0.000363259,0,0,0
2878,-0.000125932,-0.000227109,3.98225e-005,0,0,0
2879,0.000143328,0.000378681,-0.000478896,0,0,0
2880,-0.000444147,-0.000450023,0.000136795,0,0,0
2881,0.000666881,0.000663895,-0.000749871,0,0,0
2882,-0.00135055,-0.00079779,0.000494957,0,0,0
2883,-0.000246865,5.40882e-006,-0.000222162,0,0,0
2884,-0.000239826,-6.64297e-006,-0.000230358,0,0,0
2885,-0.000254778,9.77199e-006,-0.000277551,0,0,0
2886,-0.00024882,-2.32071e-006,-0.000272918,0,0,0
2887,-0.000281117,1.36773e-005,-0.000328003,0,0,0
2888,-0.000290805,1.37155e-005,-0.000303836,0,0,0
2889,-0.000304367,1.03553e-006,-0.000404024,0,0,0
2890,-0.000436126,8.23888e-005,-0.000318002,0,0,0
2891,-0.000295957,-0.000107385,-0.000568579,0,0,0
2892,-0.00135055,0.00079779,0.000494957,0,0,0
2893,0.000666881,-0.000663895,-0.000749871,0,0,0
2894,-0.000444147,0.000450023,0.000136795,0,0,0
2895,0.000143328,-0.000378681,-0.000478896,0,0,0
2896,-0.000125932,0.000227109,3.98225e-005,0,0,0
2897,-3.54204e-005,-0.000206534,-0.000363259,0,0,0
2898,7.88205e-007,0.000119001,8.14004e-006,0,0,0
2899,-0.000104725,-0.00013052,-0.000298807,0,0,0
2900,8.2389e-005,8.92788e-005,1.42484e-005,0,0,0
2901,-0.00114677,-0.000365071,0.000283069,0,0,0
2902,0.000448601,0.000237663,-0.000424049,0,0,0
2903,-0.000260321,-4.46378e-005,-1.31691e-005,0,0,0
2904,0,0,0,0,0,0
2905,0,0,0,0,0,0
2906,0,0,0,0,0,0
2907,-0.000260321,4.46378e-005,-1.31691e-005,0,0,0
2908,0.000448601,-0.000237663,-0.000424049,0,0,0
2909,-0.00114677,0.000365071,0.000283069,0,0,0
2910,1.06194e-005,2.54127e-005,-4.22655e-005,0,0,0
2911,5.78995e-005,-3.15556e-007,-7.26974e-005,0,0,0
2912,-3.77005e-005,3.04699e-005,-0.000103182,0,0,0
2913,0,0,0,0,0,0
2914,0,0,0,0,0,0
2915,0,0,0,0,0,0
2916,-3.77005e-005,-3.04699e-005,-0.000103182,0,0,0
2917,5.78995e-005,3.15556e-007,-7.26974e-005,0,0,0
2918,1.06194e-005,-2.54127e-005,-4.22655e-005,0,0,0
2919,0,0,0,0,0,0
2920,0,0,0,0,0,0
2921,0,0,0,0,0,0
2922,0,0,0,0,0,0
2923,0,0,0,0,0,0
2924,0,0,0,0,0,0
2925,0,0,0,0,0,0
2926,0,0,0,0,0,0
2927,0,0,0,0,0,0
2928,0,0,0,0,0,0
2929,0,0,0,0,0,0
2930,0,0,0,0,0,0
2931,0,0,0,0,0,0
2932,0,0,0,0,0,0
2933,0,0,0,0,0,0
2934,0,0,0,0,0,0
2935,0,0,0,0,0,0
2936,0,0,0,0,0,0
2937,0.00078963,0.000129501,-0.00107063,0,0,0
2938,-0.00086798,-3.32942e-016,0.000283335,0,0,0
2939,0.00078963,-0.000129501,-0.00107063,0,0,0
2940,-0.000655416,5.48595e-005,1.57337e-005,0,0,0
2941,0.000198087,-5.34623e-016,-0.000898274,0,0,0
2942,-0.000655416,-5.48595e-005,1.57337e-005,0,0,0
2943,0.000177332,-7.95581e-005,-0.000729576,0,0,0
2944,-0.000395695,-5.28363e-016,-0.000203087,0,0,0
2945,0.000177332,7.95581e-005,-0.000729576,0,0,0
2946,-0.00056899,0.000130641,-0.000450746,0,0,0
2947,-0.000144653,-8.19264e-016,-0.000630959,0,0,0
2948,-0.00056899,-0.000130641,-0.000450746,0,0,0
2949,4.46907e-006,-0.000119654,-0.000424656,0,0,0
2950,-0.000316392,-8.58702e-016,-0.000676081,0,0,0
2951,4.46907e-006,0.000119654,-0.000424656,0,0,0
2952,-4.63714e-005,1.77926e-006,-4.52445e-005,0,0,0
2953,-7.93962e-005,9.22571e-017,-0.000212718,0,0,0
2954,-4.63714e-005,-1.77926e-006,-4.52445e-005,0,0,0
2955,-0.00010352,7.85572e-006,-0.000181229,0,0,0
2956,-6.28944e-005,9.39148e-017,-0.000108368,0,0,0
2957,-0.00010352,-7.85572e-006,-0.000181229,0,0,0
2958,-0.000130134,1.51915e-006,-0.00013879,0,0,0
2959,-0.000154759,9.09061e-017,-0.000162364,0,0,0
2960,-0.000130134,-1.51915e-006,-0.00013879,0,0,0
2961,-0.000166009,2.81053e-006,-0.000178293,0,0,0
2962,-0.000154603,8.49413e-017,-0.000182341,0,0,0
2963,-0.000166009,-2.81053e-006,-0.000178293,0,0,0
2964,-0.000218563,3.49231e-006,-0.00018043,0,0,0
2965,-0.000217788,7.39087e-017,-0.000146574,0,0,0
2966,-0.000218563,-3.49231e-006,-0.00018043,0,0,0
2967,0.000263007,0.000200134,-0.000573884,0,0,0
2968,-0.000211105,7.03761e-005,-0.000283481,0,0,0
2969,-0.00020733,-9.31064e-005,-0.000453436,0,0,0
2970,-0.000144453,0.000156494,-0.000455779,0,0,0
2971,-0.000427903,-0.000168337,-0.000410101,0,0,0
2972,-0.000161019,-0.000109963,-0.000237354,0,0,0
2973,-0.000162653,1.50332e-005,-0.000313729,0,0,0
2974,-0.000125715,5.30791e-005,-0.000407854,0,0,0
2975,-0.00027275,-4.20277e-005,-0.000354811,0,0,0
2976,-0.000270488,3.76165e-005,-0.000368334,0,0,0
2977,-9.06739e-005,0.00010857,-0.000269222,0,0,0
2978,-8.2494e-005,1.44341e-005,-0.000344088,0,0,0
2979,-0.000194204,1.27961e-007,-0.000287756,0,0,0
2980,-0.0002247,9.76125e-006,-0.000340078,0,0,0
2981,-0.000277085,-1.79774e-005,-0.00038453,0,0,0
2982,-6.10725e-005,-3.35931e-005,-0.000288194,0,0,0
2983,-0.000148959,2.28372e-005,-0.000223556,0,0,0
2984,-0.000162099,2.72741e-006,-0.000323204,0,0,0
2985,-0.000202706,1.22579e-005,-0.000316544,0,0,0
2986,-0.000279031,-1.77392e-005,-0.000285035,0,0,0
2987,-9.84851e-005,5.20628e-005,-0.000179361,0,0,0
2988,-0.000105775,9.53921e-006,-0.000285603,0,0,0
2989,-0.000156573,1.58554e-005,-0.000265065,0,0,0
2990,-0.000217728,-1.02617e-005,-0.000272916,0,0,0
2991,-0.00022448,9.99181e-006,-0.000344437,0,0,0
2992,-6.47481e-005,-2.97474e-006,-0.000268548,0,0,0
2993,-0.000112956,1.93883e-005,-0.000204209,0,0,0
2994,-0.000159774,-2.91276e-006,-0.000259623,0,0,0
2995,-0.000181696,1.81018e-005,-0.000288646,0,0,0
2996,-0.000243294,-1.84124e-005,-0.000242895,0,0,0
2997,-6.97124e-005,2.67795e-005,-0.000143151,0,0,0
2998,-0.000113593,7.73301e-006,-0.000234176,0,0,0
2999,-0.00013776,1.49212e-005,-0.000245183,0,0,0
3000,-0.000193457,-6.69214e-006,-0.000228299,0,0,0
3001,-0.000212496,1.27172e-005,-0.000300964,0,0,0
3002,-7.23274e-005,4.68355e-006,-0.000234362,0,0,0
3003,-8.81617e-005,1.52138e-005,-0.000182939,0,0,0
3004,-0.000149475,-4.73944e-007,-0.000208113,0,0,0
3005,-0.000172649,1.46976e-005,-0.000250076,0,0,0
3006,-0.000218235,-1.14991e-005,-0.000202163,0,0,0
3007,-4.30963e-005,1.70444e-005,-0.000107397,0,0,0
3008,-0.000113175,6.82244e-006,-0.000181306,0,0,0
3009,-0.00012558,1.1553e-005,-0.000204848,0,0,0
3010,-0.000179628,-1.57917e-006,-0.000177574,0,0,0
3011,-0.00020954,1.17843e-005,-0.000245725,0,0,0
3012,0.000263007,-0.000200134,-0.000573884,0,0,0
3013,-0.000211105,-7.03761e-005,-0.000283481,0,0,0
3014,-0.00020733,9.31064e-005,-0.000453436,0,0,0
3015,-0.000144453,-0.000156494,-0.000455779,0,0,0
3016,-0.000427903,0.000168337,-0.000410101,0,0,0
3017,-0.000161019,0.000109963,-0.000237354,0,0,0
3018,-0.000162653,-1.50332e-005,-0.000313729,0,0,0
3019,-0.000125715,-5.30791e-005,-0.000407854,0,0,0
3020,-0.00027275,4.20277e-005,-0.000354811,0,0,0
3021,-0.000270488,-3.76165e-005,-0.000368334,0,0,0
3022,-9.06739e-005,-0.00010857,-0.000269222,0,0,0
3023,-8.2494e-005,-1.44341e-005,-0.000344088,0,0,0
3024,-0.000194204,-1.27961e-007,-0.000287756,0,0,0
3025,-0.0002247,-9.76125e-006,-0.000340078,0,0,0
3026,-0.000277085,1.79774e-005,-0.00038453,0,0,0
3027,-6.10725e-005,3.35931e-005,-0.000288194,0,0,0
3028,-0.000148959,-2.28372e-005,-0.000223556,0,0,0
3029,-0.000162099,-2.72741e-006,-0.000323204,0,0,0
3030,-0.000202706,-1.22579e-005,-0.000316544,0,0,0
3031,-0.000279031,1.77392e-005,-0.000285035,0,0,0
3032,-9.84851e-005,-5.20628e-005,-0.000179361,0,0,0
3033,-0.000105775,-9.53921e-006,-0.000285603,0,0,0
3034,-0.000156573,-1.58554e-005,-0.000265065,0,0,0
3035,-0.000217728,1.02617e-005,-0.000272916,0,0,0
3036,-0.00022448,-9.99181e-006,-0.000344437,0,0,0
3037,-6.47481e-005,2.97474e-006,-0.000268548,0,0,0
3038,-0.000112956,-1.93883e-005,-0.000204209,0,0,0
3039,-0.000159774,2.91276e-006,-0.000259623,0,0,0
3040,-0.000181696,-1.81018e-005,-0.000288646,0,0,0
3041,-0.000243294,1.84124e-005,-0.000242895,0,0,0
3042,-6.97124e-005,-2.67795e-005,-0.000143151,0,0,0
3043,-0.000113593,-7.73301e-006,-0.000234176,0,0,0
3044,-0.00013776,-1.49212e-005,-0.000245183,0,0,0
3045,-0.000193457,6.69214e-006,-0.000228299,0,0,0
3046,-0.000212496,-1.27172e-005,-0.000300964,0,0,0
3047,-7.23274e-005,-4.68355e-006,-0.000234362,0,0,0
3048,-8.81617e-005,-1.52138e-005,-0.000182939,0,0,0
3049,-0.000149475,4.73944e-007,-0.000208113,0,0,0
3050,-0.000172649,-1.46976e-005,-0.000250076,0,0,0
3051,-0.000218235,1.14991e-005,-0.000202163,0,0,0
3052,-4.30963e-005,-1.70444e-005,-0.000107397,0,0,0
3053,-0.000113175,-6.82244e-006,-0.000181306,0,0,0
3054,-0.00012558,-1.1553e-005,-0.000204848,0,0,0
3055,-0.000179628,1.57917e-006,-0.000177574,0,0,0
3056,-0.00020954,-1.17843e-005,-0.000245725,0,0,0
3057,0.00115406,0.000322963,-0.000936343,0,0,0
3058,-0.00120812,-2.33694e-016,0.000302466,0,0,0
3059,0.00115406,-0.000322963,-0.000936343,0,0,0
3060,-0.000718832,-0.000262099,0.000149743,0,0,0
3061,0.000541359,-1.70401e-016,-0.000625305,0,0,0
3062,-0.000718832,0.000262099,0.000149743,0,0,0
3063,0.000299368,0.000228639,-0.000541166,0,0,0
3064,-0.00036878,-1.57405e-016,3.58716e-005,0,0,0
3065,0.000299368,-0.000228639,-0.000541166,0,0,0
3066,-0.000223723,-0.000148191,1.41462e-005,0,0,0
3067,9.22878e-005,-9.44746e-017,-0.000410087,0,0,0
3068,-0.000223723,0.000148191,1.41462e-005,0,0,0
3069,1.17324e-005,0.00013441,-0.00039237,0,0,0
3070,-9.55381e-005,-7.91109e-017,-2.48762e-005,0,0,0
3071,1.17324e-005,-0.00013441,-0.00039237,0,0,0
3072,-3.96443e-005,-7.85685e-005,-2.51973e-005,0,0,0
3073,-5.89359e-005,-3.34836e-017,-0.000319005,0,0,0
3074,-3.96443e-005,7.85685e-005,-2.51973e-005,0,0,0
3075,-8.77406e-005,7.92636e-005,-0.000314731,0,0,0
3076,9.79825e-006,-1.45042e-017,-3.75218e-005,0,0,0
3077,-8.77406e-005,-7.92636e-005,-0.000314731,0,0,0
3078,4.66301e-005,-4.74833e-005,-2.96351e-005,0,0,0
3079,-0.000113298,2.21477e-017,-0.00026536,0,0,0
3080,4.66301e-005,4.74833e-005,-2.96351e-005,0,0,0
3081,-0.000141078,5.63684e-005,-0.00025933,0,0,0
3082,8.00398e-005,4.5962e-017,-2.22697e-005,0,0,0
3083,-0.000141078,-5.63684e-005,-0.00025933,0,0,0
3084,-0.000486343,-1.7382e-005,-8.11073e-005,0,0,0
3085,-0.000194701,-7.13437e-016,-0.000650781,0,0,0
3086,-0.000486343,1.7382e-005,-8.11073e-005,0,0,0
3087,-0.000297789,-3.84891e-005,-0.000635818,0,0,0
3088,-0.000524324,-5.8209e-016,-0.000327975,0,0,0
3089,-0.000297789,3.84891e-005,-0.000635818,0,0,0
3090,-0.000354385,1.16832e-005,-0.000228764,0,0,0
3091,-0.000232876,-4.78502e-016,-0.000405752,0,0,0
3092,-0.000354385,-1.16832e-005,-0.000228764,0,0,0
3093,-0.000277782,-2.52716e-005,-0.000431559,0,0,0
3094,-0.000335228,-3.62457e-016,-0.000327114,0,0,0
3095,-0.000277782,2.52716e-005,-0.000431559,0,0,0
3096,-0.000274264,5.75546e-006,-0.000247057,0,0,0
3097,-0.000250296,-2.69316e-016,-0.000319718,0,0,0
3098,-0.000274264,-5.75546e-006,-0.000247057,0,0,0
3099,-0.000254534,-1.03908e-005,-0.00034582,0,0,0
3100,-0.000261649,-2.06408e-016,-0.000288579,0,0,0
3101,-0.000254534,1.03908e-005,-0.00034582,0,0,0
3102,-0.000247679,8.40034e-007,-0.000221768,0,0,0
3103,-0.000248087,-1.12934e-016,-0.000273605,0,0,0
3104,-0.000247679,-8.40034e-007,-0.000221768,0,0,0
3105,-0.000241912,-2.2496e-006,-0.000288371,0,0,0
3106,-0.000236816,-7.82463e-017,-0.000238304,0,0,0
3107,-0.000241912,2.2496e-006,-0.000288371,0,0,0
3108,-0.000245591,-8.07458e-007,-0.000171186,0,0,0
3109,-0.000253492,1.52898e-017,-0.000220874,0,0,0
3110,-0.000245591,8.07458e-007,-0.000171186,0,0,0
3111,0.00085629,-0.000182908,-0.000620474,0,0,0
3112,-0.000887106,-1.66469e-016,9.33265e-005,0,0,0
3113,0.00085629,0.000182908,-0.000620474,0,0,0
3114,-0.000487245,4.69024e-005,9.72866e-007,0,0,0
3115,0.00031736,-1.0191e-016,-0.00030224,0,0,0
3116,-0.000487245,-4.69024e-005,9.72866e-007,0,0,0
3117,0.000126565,-4.44721e-005,-0.00015232,0,0,0
3118,-0.000219293,-3.36552e-017,-4.46046e-005,0,0,0
3119,0.000126565,4.44721e-005,-0.00015232,0,0,0
3120,4.09604e-005,5.63758e-006,-5.75064e-005,0,0,0
3121,-3.85308e-005,6.61643e-017,-0.000135574,0,0,0
3122,4.09604e-005,-5.63758e-006,-5.75064e-005,0,0,0
3123,-9.26522e-006,-1.9458e-005,-7.60078e-005,0,0,0
3124,4.85432e-005,4.46528e-017,-4.77272e-005,0,0,0
3125,-9.26522e-006,1.9458e-005,-7.60078e-005,0,0,0
3126,3.65547e-005,-3.49043e-006,-4.17259e-005,0,0,0
3127,1.80078e-005,2.43096e-017,-4.92937e-005,0,0,0
3128,3.65547e-005,3.49043e-006,-4.17259e-005,0,0,0
3129,0.000401593,-0.000322146,-0.000518297,0,0,0
3130,-0.0001847,5.32148e-005,-4.8891e-005,0,0,0
3131,2.13822e-005,-7.01727e-005,-0.00012507,0,0,0
3132,-0.000147921,0.000139493,-0.000100501,0,0,0
3133,-4.70272e-006,-6.87953e-005,-0.000194275,0,0,0
3134,-1.10784e-005,-5.17234e-005,-5.90886e-005,0,0,0
3135,-2.35507e-005,-0.000133005,-0.000232762,0,0,0
3136,1.07332e-005,-3.64645e-005,-8.57198e-005,0,0,0
3137,-1.40853e-005,-3.40325e-005,-0.000106279,0,0,0
3138,-3.98789e-006,1.16071e-005,-0.000154211,0,0,0
3139,-3.526e-005,-2.56359e-005,-0.000134126,0,0,0
3140,7.54861e-006,-5.5165e-005,-5.06261e-005,0,0,0
3141,-4.55045e-005,-5.13083e-005,-0.000163825,0,0,0
3142,7.32229e-006,-4.72732e-005,-8.10529e-005,0,0,0
3143,-3.75932e-007,-3.05603e-005,-8.59902e-005,0,0,0
3144,-7.25422e-006,-2.70024e-005,-0.000145317,0,0,0
3145,-4.47458e-006,-1.7124e-005,-0.000109568,0,0,0
3146,4.4304e-007,-4.25233e-005,-4.74552e-005,0,0,0
3147,-1.07392e-005,-1.90017e-005,-0.000132163,0,0,0
3148,-7.02782e-006,-3.82981e-005,-7.23151e-005,0,0,0
3149,1.21748e-005,-2.90748e-005,-6.91327e-005,0,0,0
3150,-2.31352e-005,-3.36482e-005,-0.000129729,0,0,0
3151,2.41454e-005,-1.18881e-005,-9.00526e-005,0,0,0
3152,2.00101e-006,-3.17835e-005,-4.24033e-005,0,0,0
3153,3.16274e-005,-2.5778e-006,-0.000102789,0,0,0
3154,-8.27559e-006,-2.96803e-005,-6.27695e-005,0,0,0
3155,2.49235e-005,-2.14535e-005,-5.26981e-005,0,0,0
3156,0.000401593,0.000322146,-0.000518297,0,0,0
3157,-0.0001847,-5.32148e-005,-4.8891e-005,0,0,0
3158,2.13822e-005,7.01727e-005,-0.00012507,0,0,0
3159,-0.000147921,-0.000139493,-0.000100501,0,0,0
3160,-4.70272e-006,6.87953e-005,-0.000194275,0,0,0
3161,-1.10784e-005,5.17234e-005,-5.90886e-005,0,0,0
3162,-2.35507e-005,0.000133005,-0.000232762,0,0,0
3163,1.07332e-005,3.64645e-005,-8.57198e-005,0,0,0
3164,-1.40853e-005,3.40325e-005,-0.000106279,0,0,0
3165,-3.98789e-006,-1.16071e-005,-0.000154211,0,0,0
3166,-3.526e-005,2.56359e-005,-0.000134126,0,0,0
3167,7.54861e-006,5.5165e-005,-5.06261e-005,0,0,0
3168,-4.55045e-005,5.13083e-005,-0.000163825,0,0,0
3169,7.32229e-006,4.72732e-005,-8.10529e-005,0,0,0
3170,-3.75932e-007,3.05603e-005,-8.59902e-005,0,0,0
3171,-7.25422e-006,2.70024e-005,-0.000145317,0,0,0
3172,-4.47458e-006,1.7124e-005,-0.000109568,0,0,0
3173,4.4304e-007,4.25233e-005,-4.74552e-005,0,0,0
3174,-1.07392e-005,1.90017e-005,-0.000132163,0,0,0
3175,-7.02782e-006,3.82981e-005,-7.23151e-005,0,0,0
3176,1.21748e-005,2.90748e-005,-6.91327e-005,0,0,0
3177,-2.31352e-005,3.36482e-005,-0.000129729,0,0,0
3178,2.41454e-005,1.18881e-005,-9.00526e-005,0,0,0
3179,2.00101e-006,3.17835e-005,-4.24033e-005,0,0,0
3180,3.16274e-005,2.5778e-006,-0.000102789,0,0,0
3181,-8.27559e-006,2.96803e-005,-6.27695e-005,0,0,0
3182,2.49235e-005,2.14535e-005,-5.26981e-005,0,0,0
3183,0,0,0,0,0,0
3184,0,0,0,0,0,0
3185,0,0,0,0,0,0
3186,0,0,0,0,0,0
3187,0,0,0,0,0,0
3188,0,0,0,0,0,0
3189,0,0,0,0,0,0
3190,0,0,0,0,0,0
3191,0,0,0,0,0,0
3192,0,0,0,0,0,0
3193,0,0,0,0,0,0
3194,0,0,0,0,0,0
3195,0,0,0,0,0,0
3196,0,0,0,0,0,0
3197,0,0,0,0,0,0
3198,0,0,0,0,0,0
3199,0,0,0,0,0,0
3200,0,0,0,0,0,0
3201,0,0,0,0,0,0
3202,0,0,0,0,0,0
3203,0,0,0,0,0,0
3204,0,0,0,0,0,0
3205,0,0,0,0,0,0
3206,0,0,0,0,0,0
3207,0,0,0,0,0,0
3208,0,0,0,0,0,0
3209,0,0,0,0,0,0
3210,-0.000351273,-4.60201e-005,-0.000101688,0,0,0
3211,2.0911e-005,-3.14859e-016,-0.000574287,0,0,0
3212,-0.000351273,4.60201e-005,-0.000101688,0,0,0
3213,-0.000115149,8.59914e-006,-0.000515911,0,0,0
3214,-5.15533e-005,-4.10255e-016,-0.000269555,0,0,0
3215,-0.000115149,-8.59914e-006,-0.000515911,0,0,0
3216,-0.000173446,3.23383e-005,-0.000375373,0,0,0
3217,-0.000341147,-5.06141e-016,-0.000482925,0,0,0
3218,-0.000173446,-3.23383e-005,-0.000375373,0,0,0
3219,-0.000243254,-1.50342e-005,-0.000445119,0,0,0
3220,-5.15022e-005,-6.16161e-016,-0.000458756,0,0,0
3221,-0.000243254,1.50342e-005,-0.000445119,0,0,0
3222,-0.000300823,1.07702e-005,-0.000575308,0,0,0
3223,-0.000516933,-7.04701e-016,-0.000432451,0,0,0
3224,-0.000300823,-1.07702e-005,-0.000575308,0,0,0
3225,-3.59607e-005,4.50646e-005,-0.000340887,0,0,0
3226,-8.06173e-005,-2.72649e-016,-0.000286635,0,0,0
3227,-3.59607e-005,-4.50646e-005,-0.000340887,0,0,0
3228,-8.81254e-005,1.10388e-005,-0.000351795,0,0,0
3229,-0.000267718,-3.12249e-016,-0.000324439,0,0,0
3230,-8.81254e-005,-1.10388e-005,-0.000351795,0,0,0
3231,-0.000225038,7.73683e-006,-0.000349445,0,0,0
3232,-3.67893e-005,-4.31567e-016,-0.000403102,0,0,0
3233,-0.000225038,-7.73683e-006,-0.000349445,0,0,0
3234,-0.000193353,-7.11305e-006,-0.000423647,0,0,0
3235,-0.000365191,-4.53283e-016,-0.000377475,0,0,0
3236,-0.000193353,7.11305e-006,-0.000423647,0,0,0
3237,-0.000347962,1.26437e-005,-0.000320533,0,0,0
3238,-0.000177764,-5.37522e-016,-0.000388989,0,0,0
3239,-0.000347962,-1.26437e-005,-0.000320533,0,0,0
3240,-7.90006e-005,-1.30114e-005,-0.000301314,0,0,0
3241,-0.000137426,-1.88198e-016,-0.000223672,0,0,0
3242,-7.90006e-005,1.30114e-005,-0.000301314,0,0,0
3243,-0.00016934,3.09433e-006,-0.000260143,0,0,0
3244,-3.54174e-005,-2.77574e-016,-0.000364601,0,0,0
3245,-0.00016934,-3.09433e-006,-0.000260143,0,0,0
3246,-0.000140737,2.03509e-006,-0.00036726,0,0,0
3247,-0.000256785,-2.95014e-016,-0.000297006,0,0,0
3248,-0.000140737,-2.03509e-006,-0.00036726,0,0,0
3249,-0.00024979,1.54352e-005,-0.000313944,0,0,0
3250,-0.000158687,-3.86108e-016,-0.000346596,0,0,0
3251,-0.00024979,-1.54352e-005,-0.000313944,0,0,0
3252,-0.000261892,-2.64785e-005,-0.000393087,0,0,0
3253,-0.000343074,-3.97309e-016,-0.000397932,0,0,0
3254,-0.000261892,2.64785e-005,-0.000393087,0,0,0
3255,-0.000107137,2.48182e-005,-0.000177339,0,0,0
3256,-3.8657e-005,-1.62478e-016,-0.0003441,0,0,0
3257,-0.000107137,-2.48182e-005,-0.000177339,0,0,0
3258,-9.4507e-005,1.21453e-005,-0.000345123,0,0,0
3259,-0.000174845,-1.7685e-016,-0.000204428,0,0,0
3260,-9.4507e-005,-1.21453e-005,-0.000345123,0,0,0
3261,-0.000183869,8.53289e-006,-0.000253459,0,0,0
3262,-0.000128349,-2.55162e-016,-0.000339146,0,0,0
3263,-0.000183869,-8.53289e-006,-0.000253459,0,0,0
3264,-0.000206998,-1.38861e-005,-0.000346007,0,0,0
3265,-0.000244619,-2.596e-016,-0.000323014,0,0,0
3266,-0.000206998,1.38861e-005,-0.000346007,0,0,0
3267,-0.000261091,1.73974e-005,-0.000313699,0,0,0
3268,-0.000230271,-3.41624e-016,-0.000289052,0,0,0
3269,-0.000261091,-1.73974e-005,-0.000313699,0,0,0
3270,-6.05096e-005,4.13031e-006,-0.00030442,0,0,0
3271,-0.000111647,-9.51667e-017,-0.000139476,0,0,0
3272,-6.05096e-005,-4.13031e-006,-0.00030442,0,0,0
3273,-0.000132841,1.76815e-006,-0.000199371,0,0,0
3274,-9.59127e-005,-1.4785e-016,-0.000320161,0,0,0
3275,-0.000132841,-1.76815e-006,-0.000199371,0,0,0
3276,-0.000154547,2.55021e-006,-0.000313505,0,0,0
3277,-0.000174582,-1.57458e-016,-0.000256283,0,0,0
3278,-0.000154547,-2.55021e-006,-0.000313505,0,0,0
3279,-0.000203737,1.06667e-005,-0.000276791,0,0,0
3280,-0.000192737,-2.21233e-016,-0.000283834,0,0,0
3281,-0.000203737,-1.06667e-005,-0.000276791,0,0,0
3282,-0.000243351,-1.57731e-005,-0.000308872,0,0,0
3283,-0.000249467,-2.26189e-016,-0.000354223,0,0,0
3284,-0.000243351,1.57731e-005,-0.000308872,0,0,0
3285,-8.83122e-005,1.04292e-005,-0.000124639,0,0,0
3286,-6.26373e-005,-6.76e-017,-0.000315166,0,0,0
3287,-8.83122e-005,-1.04292e-005,-0.000124639,0,0,0
3288,-0.000109629,1.06912e-005,-0.000297606,0,0,0
3289,-0.000117559,-7.66035e-017,-0.000179689,0,0,0
3290,-0.000109629,-1.06912e-005,-0.000297606,0,0,0
3291,-0.000153314,5.32835e-006,-0.000225479,0,0,0
3292,-0.000152704,-1.23807e-016,-0.000281856,0,0,0
3293,-0.000153314,-5.32835e-006,-0.000225479,0,0,0
3294,-0.000193547,-5.48372e-006,-0.000291289,0,0,0
3295,-0.000192324,-1.27062e-016,-0.000286421,0,0,0
3296,-0.000193547,5.48372e-006,-0.000291289,0,0,0
3297,-0.000226352,9.52527e-006,-0.000285902,0,0,0
3298,-0.000227576,-1.79524e-016,-0.000245804,0,0,0
3299,-0.000226352,-9.52527e-006,-0.000285902,0,0,0
3300,-6.83841e-005,9.03954e-006,-0.000276145,0,0,0
3301,-7.19861e-005,-1.93212e-017,-0.000110263,0,0,0
3302,-6.83841e-005,-9.03954e-006,-0.000276145,0,0,0
3303,-0.00010372,7.32749e-007,-0.000176348,0,0,0
3304,-0.000115794,-4.72712e-017,-0.000266195,0,0,0
3305,-0.00010372,-7.32749e-007,-0.000176348,0,0,0
3306,-0.000148511,4.8711e-006,-0.000262175,0,0,0
3307,-0.000139027,-5.06416e-017,-0.000231238,0,0,0
3308,-0.000148511,-4.8711e-006,-0.000262175,0,0,0
3309,-0.000184103,4.70026e-006,-0.000244956,0,0,0
3310,-0.000189674,-9.20615e-017,-0.000240521,0,0,0
3311,-0.000184103,-4.70026e-006,-0.000244956,0,0,0
3312,-0.000219335,-5.25747e-006,-0.000259927,0,0,0
3313,-0.000215439,-9.59206e-017,-0.000304892,0,0,0
3314,-0.000219335,5.25747e-006,-0.000259927,0,0,0
3315,-6.03945e-005,4.46249e-006,-9.50307e-005,0,0,0
3316,-7.67691e-005,1.12257e-017,-0.000271908,0,0,0
3317,-6.03945e-005,-4.46249e-006,-9.50307e-005,0,0,0
3318,-0.000110524,9.33888e-006,-0.000245945,0,0,0
3319,-8.56686e-005,9.00692e-018,-0.000159244,0,0,0
3320,-0.000110524,-9.33888e-006,-0.000245945,0,0,0
3321,-0.000136985,2.49097e-006,-0.000196496,0,0,0
3322,-0.00015313,-1.61411e-017,-0.000228793,0,0,0
3323,-0.000136985,-2.49097e-006,-0.000196496,0,0,0
3324,-0.000178028,5.90986e-007,-0.000242041,0,0,0
3325,-0.000169504,-1.78139e-017,-0.000244224,0,0,0
3326,-0.000178028,-5.90986e-007,-0.000242041,0,0,0
3327,-0.000216128,4.54435e-006,-0.000242792,0,0,0
3328,-0.000219211,-4.94794e-017,-0.000206338,0,0,0
3329,-0.000216128,-4.54435e-006,-0.000242792,0,0,0
3330,-6.96338e-005,8.41921e-006,-0.000232578,0,0,0
3331,-4.13431e-005,5.23929e-017,-7.77921e-005,0,0,0
3332,-6.96338e-005,-8.41921e-006,-0.000232578,0,0,0
3333,-8.52313e-005,-1.79447e-007,-0.000141421,0,0,0
3334,-0.000120939,4.3587e-017,-0.000208346,0,0,0
3335,-8.52313e-005,1.79447e-007,-0.000141421,0,0,0
3336,-0.00013992,6.33859e-006,-0.000206319,0,0,0
3337,-0.000118276,4.52227e-017,-0.000190152,0,0,0
3338,-0.00013992,-6.33859e-006,-0.000206319,0,0,0
3339,-0.000175811,1.80007e-006,-0.000196973,0,0,0
3340,-0.000186946,2.22981e-017,-0.000188871,0,0,0
3341,-0.000175811,-1.80007e-006,-0.000196973,0,0,0
3342,-0.000204275,-1.08839e-007,-0.0002071,0,0,0
3343,-0.000200948,1.72032e-017,-0.000246491,0,0,0
3344,-0.000204275,1.08839e-007,-0.0002071,0,0,0
3345,-0.000306229,0.000100276,-0.000139748,0,0,0
3346,0.000119625,-1.46621e-016,-0.000254925,0,0,0
3347,-0.000306229,-0.000100276,-0.000139748,0,0,0
3348,-5.63795e-007,-5.98088e-005,-0.000179185,0,0,0
3349,-3.46937e-005,-8.34031e-017,-0.000176534,0,0,0
3350,-5.63795e-007,5.98088e-005,-0.000179185,0,0,0
3351,-2.19067e-005,-2.57739e-006,-6.41318e-005,0,0,0
3352,-4.85246e-005,-3.05582e-017,-5.53929e-005,0,0,0
3353,-2.19067e-005,2.57739e-006,-6.41318e-005,0,0,0
3354,1.64279e-005,-7.37145e-005,-0.00019353,0,0,0
3355,-4.00658e-005,-1.34357e-016,-0.000277028,0,0,0
3356,1.64279e-005,7.37145e-005,-0.00019353,0,0,0
3357,2.4968e-005,-1.48229e-005,-0.000185907,0,0,0
3358,-0.000109599,-5.92673e-017,-5.60342e-005,0,0,0
3359,2.4968e-005,1.48229e-005,-0.000185907,0,0,0
3360,-4.59498e-005,-1.20525e-005,-4.60706e-005,0,0,0
3361,4.19309e-005,-2.62618e-017,-0.000110956,0,0,0
3362,-4.59498e-005,1.20525e-005,-4.60706e-005,0,0,0
3363,-1.2345e-005,1.40126e-005,-0.000208984,0,0,0
3364,-8.16009e-005,-8.60547e-017,-0.000119615,0,0,0
3365,-1.2345e-005,-1.40126e-005,-0.000208984,0,0,0
3366,-6.53119e-005,-1.5822e-005,-0.00010455,0,0,0
3367,5.91445e-005,-5.32428e-017,-0.00018632,0,0,0
3368,-6.53119e-005,1.5822e-005,-0.00010455,0,0,0
3369,2.26339e-005,-2.42294e-005,-6.87431e-005,0,0,0
3370,-4.55434e-005,-1.42058e-017,-3.33416e-005,0,0,0
3371,2.26339e-005,2.42294e-005,-6.87431e-005,0,0,0
3372,-6.15085e-005,-2.86456e-005,-0.000126387,0,0,0
3373,2.37979e-005,-7.71799e-017,-0.00024535,0,0,0
3374,-6.15085e-005,2.86456e-005,-0.000126387,0,0,0
3375,2.2207e-005,-3.81152e-005,-0.000147254,0,0,0
3376,-5.95164e-005,-2.9395e-017,-5.38062e-005,0,0,0
3377,2.2207e-005,3.81152e-005,-0.000147254,0,0,0
3378,-1.64135e-005,-3.00686e-006,-4.26906e-005,0,0,0
3379,2.07186e-005,-1.28787e-017,-8.61885e-005,0,0,0
3380,-1.64135e-005,3.00686e-006,-4.26906e-005,0,0,0
3381,1.5601e-006,-1.51792e-005,-0.000178967,0,0,0
3382,-6.2731e-005,-3.87221e-017,-0.000104221,0,0,0
3383,1.5601e-006,1.51792e-005,-0.000178967,0,0,0
3384,-2.4378e-005,-6.72946e-006,-0.000100817,0,0,0
3385,1.41887e-005,-2.32604e-017,-0.000134974,0,0,0
3386,-2.4378e-005,6.72946e-006,-0.000100817,0,0,0
3387,3.95849e-006,-2.19984e-005,-4.86583e-005,0,0,0
3388,-9.27306e-006,-3.67231e-018,-3.8908e-005,0,0,0
3389,3.95849e-006,2.19984e-005,-4.86583e-005,0,0,0
3390,-3.45824e-005,-7.87637e-006,-0.000109704,0,0,0
3391,-3.78923e-006,-2.67205e-017,-0.000199607,0,0,0
3392,-3.45824e-005,7.87637e-006,-0.000109704,0,0,0
3393,-3.66515e-006,-3.28358e-005,-0.000113216,0,0,0
3394,-1.12514e-005,-6.22082e-018,-6.36115e-005,0,0,0
3395,-3.66515e-006,3.28358e-005,-0.000113216,0,0,0
3396,3.51326e-006,-4.70896e-006,-4.32251e-005,0,0,0
3397,1.30172e-006,-1.82599e-018,-6.39165e-005,0,0,0
3398,3.51326e-006,4.70896e-006,-4.32251e-005,0,0,0
3399,-1.69963e-005,-2.10038e-005,-0.000152022,0,0,0
3400,-1.67625e-005,2.34205e-018,-9.59582e-005,0,0,0
3401,-1.69963e-005,2.10038e-005,-0.000152022,0,0,0
3402,7.22709e-006,-6.36956e-006,-9.44757e-005,0,0,0
3403,-9.41356e-006,2.10107e-018,-0.000103858,0,0,0
3404,7.22709e-006,6.36956e-006,-9.44757e-005,0,0,0
3405,-1.5134e-006,-1.53642e-005,-3.77579e-005,0,0,0
3406,8.28413e-006,5.01179e-018,-3.96922e-005,0,0,0
3407,-1.5134e-006,1.53642e-005,-3.77579e-005,0,0,0
3408,5.59664e-006,3.31251e-007,-9.19327e-005,0,0,0
3409,-2.61762e-005,1.75357e-017,-0.000167851,0,0,0
3410,5.59664e-006,-3.31251e-007,-9.19327e-005,0,0,0
3411,-1.1375e-005,-2.45372e-005,-9.13971e-005,0,0,0
3412,2.02881e-005,1.67736e-017,-6.04208e-005,0,0,0
3413,-1.1375e-005,2.45372e-005,-9.13971e-005,0,0,0
3414,1.48676e-005,-5.59575e-006,-3.94266e-005,0,0,0
3415,-2.07533e-007,8.62576e-018,-5.07527e-005,0,0,0
3416,1.48676e-005,5.59575e-006,-3.94266e-005,0,0,0
3417,-2.98015e-005,-1.89529e-005,-0.000130539,0,0,0
3418,2.69433e-005,4.4274e-017,-7.48124e-005,0,0,0
3419,-2.98015e-005,1.89529e-005,-0.000130539,0,0,0
3420,3.65014e-005,-3.52469e-006,-8.06163e-005,0,0,0
3421,-1.01674e-005,2.86977e-017,-8.67647e-005,0,0,0
3422,3.65014e-005,3.52469e-006,-8.06163e-005,0,0,0
3423,3.65585e-006,-9.80694e-006,-2.91802e-005,0,0,0
3424,2.18633e-005,1.70252e-017,-3.30144e-005,0,0,0
3425,3.65585e-006,9.80694e-006,-2.91802e-005,0,0,0
3426,-0.00221259,-0.000546396,-0.147944,-2.396e-005,0.0010753,8.47002e-006
3427,-0.0028165,-0.0011275,-0.00171565,-2.72683e-005,0.00553781,1.31147e-005
3428,0.0129614,0.000225327,-0.147093,-2.69462e-005,0.000595201,5.54492e-006
3429,-0.00147952,-0.000303375,-0.211219,-6.94129e-006,0.000726057,1.07265e-006
3430,0.00844727,-0.000181427,-0.215827,-2.65462e-006,0.000137137,1.07265e-006
3431,0.00436901,-0.000174446,-0.216671,4.1562e-006,-0.000325011,4.94492e-006
3432,0.0270474,0.000397829,-0.147719,1.09056e-005,-0.00221694,9.55715e-006
3433,0.00247037,-0.000141049,-0.15276,2.14228e-005,-0.000133913,9.55715e-006
3434,0.0128034,-6.0629e-005,-0.217453,3.37891e-006,-0.000435437,7.55088e-006
3435,-4.07173e-015,0.000636412,-0.0248888,7.44034e-005,-1.15584e-018,1.67916e-017
3436,-0.0270474,0.000397829,-0.147719,1.09056e-005,0.00221694,-9.55715e-006
3437,-0.0128034,-6.0629e-005,-0.217453,3.37891e-006,0.000435437,-7.55088e-006
3438,-0.00436901,-0.000174446,-0.216671,4.1562e-006,0.000325011,-4.94492e-006
3439,0.00147952,-0.000303375,-0.211219,-6.94129e-006,-0.000726057,-1.07265e-006
3440,-0.00247037,-0.000141049,-0.15276,2.14228e-005,0.000133913,-9.55715e-006
3441,0.00221259,-0.000546396,-0.147944,-2.396e-005,-0.0010753,-8.47002e-006
3442,-0.0129614,0.000225327,-0.147093,-2.69462e-005,-0.000595201,-5.54492e-006
3443,0.0028165,-0.0011275,-0.00171565,-2.72683e-005,-0.00553781,-1.31147e-005
3444,-0.00844727,-0.000181427,-0.215827,-2.65462e-006,-0.000137137,-1.07265e-006
3445,-0.00225904,-0.000580382,-0.144474,-2.42145e-005,0.000839012,9.17751e-006
3446,-0.0023055,-0.000616977,-0.141427,-2.4469e-005,0.00083876,9.82663e-006
3447,-0.00235195,-0.000655956,-0.137969,-2.47235e-005,0.00103651,1.04174e-005
3448,-0.00239841,-0.000697095,-0.133411,-2.49779e-005,0.00139424,1.09498e-005
3449,-0.00244486,-0.000740169,-0.127211,-2.52324e-005,0.00187392,1.14238e-005
3450,-0.00249132,-0.000784955,-0.118973,-2.54869e-005,0.00243751,1.18394e-005
3451,-0.00253777,-0.000831226,-0.108449,-2.57414e-005,0.00304699,1.21967e-005
3452,-0.00258422,-0.00087876,-0.095533,-2.59959e-005,0.00366432,1.24957e-005
3453,-0.00263068,-0.000927331,-0.0802695,-2.62503e-005,0.00425148,1.27362e-005
3454,-0.00267713,-0.000976715,-0.0628476,-2.65048e-005,0.00477044,1.29184e-005
3455,-0.00272359,-0.00102669,-0.0436024,-2.67593e-005,0.00518317,1.30422e-005
3456,-0.00277004,-0.00107702,-0.0230158,-2.70138e-005,0.00545164,1.31077e-005
3457,0.0158462,0.000151131,-0.144005,-2.72069e-005,0.000121395,6.44827e-006
3458,0.0194063,7.35308e-005,-0.142037,-2.74334e-005,-9.1766e-005,7.29466e-006
3459,0.0231542,-7.21445e-006,-0.140375,-2.76258e-005,-7.79482e-005,8.08409e-006
3460,0.0266696,-9.08467e-005,-0.13832,-2.77839e-005,0.000129207,8.81657e-006
3461,0.0295993,-0.000177108,-0.135282,-2.79079e-005,0.000496005,9.4921e-006
3462,0.0316579,-0.00026574,-0.130786,-2.79977e-005,0.000988776,1.01107e-005
3463,0.032627,-0.000356484,-0.124469,-2.80534e-005,0.00157388,1.06723e-005
3464,0.0323557,-0.000449082,-0.116078,-2.80748e-005,0.00221762,1.11769e-005
3465,0.0307602,-0.000543276,-0.105474,-2.80621e-005,0.00288634,1.16246e-005
3466,0.0278245,-0.000638809,-0.0926301,-2.80153e-005,0.00354638,1.20154e-005
3467,0.0235994,-0.000735421,-0.0776311,-2.79342e-005,0.00416405,1.23492e-005
3468,0.0182033,-0.000832854,-0.0606747,-2.7819e-005,0.00470569,1.2626e-005
3469,0.0118221,-0.00093085,-0.0420701,-2.76696e-005,0.00513766,1.28459e-005
3470,0.00470867,-0.00102915,-0.022239,-2.7486e-005,0.00542625,1.30088e-005
3471,-0.001645,-0.000289795,-0.208867,-8.88291e-006,0.000358656,3.57533e-007
3472,-0.00233655,-0.000270276,-0.207386,-1.07377e-005,0.000188385,-2.12831e-007
3473,-0.00319356,-0.000245475,-0.206174,-1.25056e-005,0.00018158,-6.38441e-007
3474,-0.00392278,-0.000216047,-0.204743,-1.41867e-005,0.000304579,-9.19299e-007
3475,-0.00429826,-0.000182649,-0.202717,-1.57809e-005,0.000523706,-1.05541e-006
3476,-0.00416142,-0.000145937,-0.19983,-1.72882e-005,0.000805293,-1.04676e-006
3477,-0.00342099,-0.000106567,-0.195932,-1.87088e-005,0.00111568,-8.93359e-007
3478,-0.00205306,-6.51956e-005,-0.190982,-2.00424e-005,0.00142119,-5.95208e-007
3479,-0.000101046,-2.24788e-005,-0.185052,-2.12892e-005,0.00168816,-1.52304e-007
3480,0.00232431,2.09272e-005,-0.178327,-2.24492e-005,0.00188292,4.35352e-007
3481,0.00504492,6.43662e-005,-0.171104,-2.35223e-005,0.00197181,1.16776e-006
3482,0.00781536,0.000107182,-0.163791,-2.45086e-005,0.00192114,2.04492e-006
3483,0.0103229,0.000148718,-0.156911,-2.5408e-005,0.00169727,3.06683e-006
3484,0.0121873,0.000188319,-0.151097,-2.62205e-005,0.00126651,4.2335e-006
3485,0.00096908,-0.00027934,-0.211815,-5.9366e-006,0.000588029,1.07265e-006
3486,0.00293458,-0.000258822,-0.212405,-5.06587e-006,0.000468405,1.07265e-006
3487,0.00448599,-0.000241318,-0.21299,-4.3291e-006,0.000367184,1.07265e-006
3488,0.00569233,-0.000226326,-0.213568,-3.72628e-006,0.000284367,1.07265e-006
3489,0.00662262,-0.000213343,-0.214141,-3.25743e-006,0.000219954,1.07265e-006
3490,0.00734586,-0.000201867,-0.214709,-2.92253e-006,0.000173944,1.07265e-006
3491,0.00793107,-0.000191396,-0.215271,-2.7216e-006,0.000146339,1.07265e-006
3492,0.0110621,0.000124613,-0.14722,-2.67463e-005,0.000444487,5.91056e-006
3493,0.00961504,2.47407e-005,-0.14734,-2.64968e-005,0.00035398,6.27619e-006
3494,0.00839454,-7.41031e-005,-0.147455,-2.61978e-005,0.000323681,6.64183e-006
3495,0.00717476,-0.000171733,-0.147564,-2.58493e-005,0.00035359,7.00747e-006
3496,0.00572994,-0.000267963,-0.147668,-2.54513e-005,0.000443706,7.37311e-006
3497,0.00383429,-0.000362607,-0.147766,-2.50037e-005,0.000594029,7.73875e-006
3498,0.00126204,-0.00045548,-0.147858,-2.45066e-005,0.00080456,8.10438e-006
3499,0.00544155,-0.000182097,-0.218788,3.62342e-006,-0.000791061,4.34169e-006
3500,0.00721208,-0.000188914,-0.222061,3.06106e-006,-0.00103463,3.78775e-006
3501,0.00926933,-0.000195121,-0.225807,2.46912e-006,-0.00108938,3.28311e-006
3502,0.0112693,-0.000200942,-0.229451,1.8476e-006,-0.00098898,2.82777e-006
3503,0.0129354,-0.000206599,-0.232533,1.19651e-006,-0.000767104,2.42173e-006
3504,0.0140584,-0.000212317,-0.234703,5.15829e-007,-0.000457416,2.06498e-006
3505,0.0144962,-0.000218319,-0.235725,-1.94425e-007,-9.35844e-005,1.75753e-006
3506,0.0141743,-0.000224829,-0.235475,-9.34257e-007,0.000290722,1.49938e-006
3507,0.0130853,-0.000232069,-0.23394,-1.70367e-006,0.000661835,1.29052e-006
3508,0.0112894,-0.000240264,-0.231221,-2.50266e-006,0.000986088,1.13097e-006
3509,0.00891384,-0.000249636,-0.22753,-3.33123e-006,0.00122981,1.02071e-006
3510,0.00615347,-0.00026041,-0.223191,-4.18937e-006,0.00135934,9.59746e-007
3511,0.00327029,-0.000272809,-0.218642,-5.0771e-006,0.001341,9.48082e-007
3512,0.00059372,-0.000287056,-0.214431,-5.9944e-006,0.00114113,9.85716e-007
3513,0.0230864,0.000345336,-0.156441,1.04026e-005,-0.00258036,9.16132e-006
3514,0.0186261,0.000295139,-0.165988,9.90722e-006,-0.00272794,8.77811e-006
3515,0.0140643,0.000247182,-0.175698,9.4194e-006,-0.00269336,8.40752e-006
3516,0.00973182,0.000201407,-0.185021,8.93915e-006,-0.00251029,8.04955e-006
3517,0.00589189,0.000157757,-0.193516,8.46647e-006,-0.0022124,7.7042e-006
3518,0.00274051,0.000116176,-0.200857,8.00136e-006,-0.00183334,7.37148e-006
3519,0.00040634,7.66044e-005,-0.206831,7.54383e-006,-0.0014068,7.05137e-006
3520,-0.00104931,3.89867e-005,-0.211334,7.09387e-006,-0.000966435,6.74389e-006
3521,-0.00163248,3.2653e-006,-0.214376,6.65149e-006,-0.000545918,6.44903e-006
3522,-0.00141652,-3.06171e-005,-0.216081,6.21667e-006,-0.000178915,6.16679e-006
3523,-0.000542122,-6.27176e-005,-0.216682,5.78943e-006,0.000100904,5.89718e-006
3524,0.000782664,-9.30936e-005,-0.216527,5.36977e-006,0.000259872,5.64018e-006
3525,0.00228248,-0.000121802,-0.216074,4.95767e-006,0.000264322,5.39581e-006
3526,0.00361461,-0.000148901,-0.215894,4.55315e-006,8.05835e-005,5.16406e-006
3527,0.0197034,0.000352038,-0.148369,1.33706e-005,-0.00172873,9.55715e-006
3528,0.0140682,0.000297619,-0.149014,1.55069e-005,-0.00130562,9.55715e-006
3529,0.00989761,0.000235806,-0.149652,1.73145e-005,-0.000947597,9.55715e-006
3530,0.00694753,0.00016783,-0.150285,1.87935e-005,-0.000654671,9.55715e-006
3531,0.00497387,9.49238e-005,-0.150913,1.99438e-005,-0.00042684,9.55715e-006
3532,0.00373253,1.83204e-005,-0.151534,2.07655e-005,-0.000264103,9.55715e-006
3533,0.0029794,-6.07479e-005,-0.15215,2.12585e-005,-0.000166461,9.55715e-006
3534,-0.00153591,-0.000308672,-0.209051,-8.25042e-006,0.000488581,1.67928e-006
3535,-0.0015923,-0.000316291,-0.207411,-9.55955e-006,0.000434604,2.27965e-006
3536,-0.00164869,-0.000326206,-0.205669,-1.08687e-005,0.000526096,2.87375e-006
3537,-0.00170508,-0.000338395,-0.203336,-1.21778e-005,0.000725027,3.46158e-006
3538,-0.00176147,-0.000352832,-0.200073,-1.3487e-005,0.00099337,4.04314e-006
3539,-0.00181786,-0.000369494,-0.195686,-1.47961e-005,0.00129309,4.61844e-006
3540,-0.00187425,-0.000388357,-0.190128,-1.61052e-005,0.00158616,5.18747e-006
3541,-0.00193064,-0.000409396,-0.183497,-1.74143e-005,0.00183456,5.75023e-006
3542,-0.00198703,-0.000432588,-0.176038,-1.87235e-005,0.00200024,6.30672e-006
3543,-0.00204342,-0.000457908,-0.168143,-2.00326e-005,0.00204519,6.85695e-006
3544,-0.00209981,-0.000485332,-0.160348,-2.13417e-005,0.00193137,7.40091e-006
3545,-0.0021562,-0.000514836,-0.153339,-2.26509e-005,0.00162075,7.9386e-006
3546,0.0117047,-8.91851e-005,-0.219967,2.58505e-006,-0.000773124,7.28182e-006
3547,0.010606,-0.000116633,-0.223344,1.79119e-006,-0.000900197,6.97454e-006
3548,0.00950732,-0.000142825,-0.226846,9.97329e-007,-0.000854685,6.62905e-006
3549,0.00840864,-0.000167615,-0.229882,2.03468e-007,-0.000674618,6.24535e-006
3550,0.00730995,-0.000190856,-0.232009,-5.90393e-007,-0.000398026,5.82345e-006
3551,0.00621127,-0.000212401,-0.232928,-1.38425e-006,-6.29382e-005,5.36333e-006
3552,0.00511259,-0.000232102,-0.232488,-2.17812e-006,0.000292616,4.865e-006
3553,0.0040139,-0.000249813,-0.230682,-2.97198e-006,0.000630605,4.32847e-006
3554,0.00291522,-0.000265388,-0.227652,-3.76584e-006,0.000913002,3.75372e-006
3555,0.00181654,-0.000278678,-0.223684,-4.5597e-006,0.00110177,3.14077e-006
3556,0.000717851,-0.000289537,-0.219212,-5.35356e-006,0.00115889,2.4896e-006
3557,-0.00038083,-0.000297819,-0.214815,-6.14742e-006,0.00104633,1.80023e-006
3558,0.00547979,-0.000159007,-0.216789,4.07589e-006,-0.000275441,5.27067e-006
3559,0.00643863,-0.000143878,-0.216901,3.99077e-006,-0.000243977,5.59641e-006
3560,0.00731344,-0.000129077,-0.217007,3.90083e-006,-0.00023062,5.92216e-006
3561,0.0081721,-0.000114623,-0.217107,3.80608e-006,-0.00023537,6.2479e-006
3562,0.00908252,-0.000100533,-0.217202,3.70651e-006,-0.000258227,6.57365e-006
3563,0.0101126,-8.6825e-005,-0.217292,3.60212e-006,-0.00029919,6.89939e-006
3564,0.0113303,-7.35178e-005,-0.217375,3.49293e-006,-0.00035826,7.22514e-006
3565,-0.00117882,0.000763154,-0.0281502,6.59849e-005,-0.00100567,7.61271e-006
3566,-0.000626354,0.000849941,-0.034291,5.81643e-005,-0.00174289,1.42289e-005
3567,0.00115417,0.000901292,-0.0424725,5.09416e-005,-0.00224534,1.98486e-005
3568,0.00372686,0.000921724,-0.0519681,4.43167e-005,-0.00254667,2.44718e-005
3569,0.00672315,0.000915754,-0.0621636,3.82898e-005,-0.00268055,2.80985e-005
3570,0.00984184,0.000887901,-0.0725571,3.28608e-005,-0.00268066,3.07286e-005
3571,0.012849,0.000842681,-0.0827586,2.80297e-005,-0.00258066,3.23623e-005
3572,0.0155782,0.000784612,-0.0924906,2.37966e-005,-0.00241422,3.29994e-005
3573,0.0179301,0.000718211,-0.101588,2.01613e-005,-0.00221501,3.264e-005
3574,0.0198728,0.000647997,-0.109997,1.71239e-005,-0.0020167,3.12842e-005
3575,0.0214419,0.000578486,-0.117777,1.46844e-005,-0.00185295,2.89318e-005
3576,0.0227401,0.000514197,-0.1251,1.28429e-005,-0.00175743,2.55829e-005
3577,0.0239375,0.000459646,-0.132249,1.15992e-005,-0.00176381,2.12375e-005
3578,0.0252717,0.000419351,-0.139619,1.09534e-005,-0.00190576,1.58956e-005
3579,0.00117882,0.000763154,-0.0281502,6.59849e-005,0.00100567,-7.61271e-006
3580,0.000626354,0.000849941,-0.034291,5.81643e-005,0.00174289,-1.42289e-005
3581,-0.00115417,0.000901292,-0.0424725,5.09416e-005,0.00224534,-1.98486e-005
3582,-0.00372686,0.000921724,-0.0519681,4.43167e-005,0.00254667,-2.44718e-005
3583,-0.00672315,0.000915754,-0.0621636,3.82898e-005,0.00268055,-2.80985e-005
3584,-0.00984184,0.000887901,-0.0725571,3.28608e-005,0.00268066,-3.07286e-005
3585,-0.012849,0.000842681,-0.0827586,2.80297e-005,0.00258066,-3.23623e-005
3586,-0.0155782,0.000784612,-0.0924906,2.37966e-005,0.00241422,-3.29994e-005
3587,-0.0179301,0.000718211,-0.101588,2.01613e-005,0.00221501,-3.264e-005
3588,-0.0198728,0.000647997,-0.109997,1.71239e-005,0.0020167,-3.12842e-005
3589,-0.0214419,0.000578486,-0.117777,1.46844e-005,0.00185295,-2.89318e-005
3590,-0.0227401,0.000514197,-0.1251,1.28429e-005,0.00175743,-2.55829e-005
3591,-0.0239375,0.000459646,-0.132249,1.15992e-005,0.00176381,-2.12375e-005
3592,-0.0252717,0.000419351,-0.139619,1.09534e-005,0.00190576,-1.58956e-005
3593,-0.00208057,0.000102439,-0.0145764,8.38892e-007,0.00126792,3.84313e-006
3594,-0.00416114,0.000123775,-0.0215223,1.67778e-006,0.00221349,6.92322e-006
3595,-0.00624171,0.00015549,-0.0315269,2.51667e-006,0.00287476,9.24025e-006
3596,-0.00832228,0.000194649,-0.0435697,3.35557e-006,0.00328975,1.07942e-005
3597,-0.0104029,0.000238317,-0.0567767,4.19446e-006,0.00349648,1.15852e-005
3598,-0.0124834,0.00028356,-0.07042,5.03335e-006,0.003533,1.16131e-005
3599,-0.014564,0.000327444,-0.0839181,5.87224e-006,0.00343733,1.08779e-005
3600,-0.0166446,0.000367032,-0.0968357,6.71113e-006,0.00324749,9.37967e-006
3601,-0.0187251,0.00039939,-0.108884,7.55002e-006,0.00300152,7.11841e-006
3602,-0.0208057,0.000421584,-0.119919,8.38892e-006,0.00273746,4.09409e-006
3603,-0.0228863,0.000430678,-0.129946,9.22781e-006,0.00249332,3.06726e-007
3604,-0.0249668,0.000423738,-0.139114,1.00667e-005,0.00230714,-4.24369e-006
3605,5.39248e-016,0.00033613,-0.01295,-9.94777e-005,-2.87746e-016,0
3606,-8.77808e-016,0.000826538,-0.0140386,-0.000132637,-3.83045e-016,0
3607,-2.29283e-015,0.00131695,-0.0151216,-9.94777e-005,-2.86685e-016,0
3608,-3.16722e-015,0.00146366,-0.0183799,4.33453e-005,-7.31804e-017,4.18096e-018
3609,-3.52676e-015,0.00123704,-0.0205552,7.01943e-005,-9.69899e-017,8.36193e-018
3610,-3.88378e-015,0.000940673,-0.0227249,8.0547e-005,-7.19774e-017,1.25429e-017
3611,0.0259517,0.000360833,-0.157035,1.03266e-005,-0.00252714,9.66247e-006
3612,0.024856,0.000323514,-0.167101,9.74764e-006,-0.00262335,9.72451e-006
3613,0.0237603,0.00028604,-0.177168,9.16867e-006,-0.00254361,9.74328e-006
3614,0.0226646,0.000248578,-0.186631,8.58969e-006,-0.00232595,9.71878e-006
3615,0.0215689,0.000211292,-0.195033,8.01072e-006,-0.0020084,9.651e-006
3616,0.0204732,0.000174351,-0.202063,7.43174e-006,-0.00162899,9.53994e-006
3617,0.0193775,0.00013792,-0.207557,6.85276e-006,-0.00122574,9.38562e-006
3618,0.0182819,0.000102165,-0.211496,6.27379e-006,-0.000836692,9.18801e-006
3619,0.0171862,6.72542e-005,-0.214007,5.69481e-006,-0.000499868,8.94714e-006
3620,0.0160905,3.33528e-005,-0.215365,5.11584e-006,-0.000253302,8.66298e-006
3621,0.0149948,6.27469e-007,-0.21599,4.53686e-006,-0.000135021,8.33556e-006
3622,0.0138991,-3.07553e-005,-0.216449,3.95789e-006,-0.000183056,7.96486e-006
3623,0.00208057,0.000102439,-0.0145764,8.38892e-007,-0.00126792,-3.84313e-006
3624,0.00416114,0.000123775,-0.0215223,1.67778e-006,-0.00221349,-6.92322e-006
3625,0.00624171,0.00015549,-0.0315269,2.51667e-006,-0.00287476,-9.24025e-006
3626,0.00832228,0.000194649,-0.0435697,3.35557e-006,-0.00328975,-1.07942e-005
3627,0.0104029,0.000238317,-0.0567767,4.19446e-006,-0.00349648,-1.15852e-005
3628,0.0124834,0.00028356,-0.07042,5.03335e-006,-0.003533,-1.16131e-005
3629,0.014564,0.000327444,-0.0839181,5.87224e-006,-0.00343733,-1.08779e-005
3630,0.0166446,0.000367032,-0.0968357,6.71113e-006,-0.00324749,-9.37967e-006
3631,0.0187251,0.00039939,-0.108884,7.55002e-006,-0.00300152,-7.11841e-006
3632,0.0208057,0.000421584,-0.119919,8.38892e-006,-0.00273746,-4.09409e-006
3633,0.0228863,0.000430678,-0.129946,9.22781e-006,-0.00249332,-3.06726e-007
3634,0.0249668,0.000423738,-0.139114,1.00667e-005,-0.00230714,4.24369e-006
3635,-0.0259517,0.000360833,-0.157035,1.03266e-005,0.00252714,-9.66247e-006
3636,-0.024856,0.000323514,-0.167101,9.74764e-006,0.00262335,-9.72451e-006
3637,-0.0237603,0.00028604,-0.177168,9.16867e-006,0.00254361,-9.74328e-006
3638,-0.0226646,0.000248578,-0.186631,8.58969e-006,0.00232595,-9.71878e-006
3639,-0.0215689,0.000211292,-0.195033,8.01072e-006,0.0020084,-9.651e-006
3640,-0.0204732,0.000174351,-0.202063,7.43174e-006,0.00162899,-9.53994e-006
3641,-0.0193775,0.00013792,-0.207557,6.85276e-006,0.00122574,-9.38562e-006
3642,-0.0182819,0.000102165,-0.211496,6.27379e-006,0.000836692,-9.18801e-006
3643,-0.0171862,6.72542e-005,-0.214007,5.69481e-006,0.000499868,-8.94714e-006
3644,-0.0160905,3.33528e-005,-0.215365,5.11584e-006,0.000253302,-8.66298e-006
3645,-0.0149948,6.27469e-007,-0.21599,4.53686e-006,0.000135021,-8.33556e-006
3646,-0.0138991,-3.07553e-005,-0.216449,3.95789e-006,0.000183056,-7.96486e-006
3647,-0.0230864,0.000345336,-0.156441,1.04026e-005,0.00258036,-9.16132e-006
3648,-0.0186261,0.000295139,-0.165988,9.90722e-006,0.00272794,-8.77811e-006
3649,-0.0140643,0.000247182,-0.175698,9.4194e-006,0.00269336,-8.40752e-006
3650,-0.00973182,0.000201407,-0.185021,8.93915e-006,0.00251029,-8.04955e-006
3651,-0.00589189,0.000157757,-0.193516,8.46647e-006,0.0022124,-7.7042e-006
3652,-0.00274051,0.000116176,-0.200857,8.00136e-006,0.00183334,-7.37148e-006
3653,-0.00040634,7.66044e-005,-0.206831,7.54383e-006,0.0014068,-7.05137e-006
3654,0.00104931,3.89867e-005,-0.211334,7.09387e-006,0.000966435,-6.74389e-006
3655,0.00163248,3.2653e-006,-0.214376,6.65149e-006,0.000545918,-6.44903e-006
3656,0.00141652,-3.06171e-005,-0.216081,6.21667e-006,0.000178915,-6.16679e-006
3657,0.000542122,-6.27176e-005,-0.216682,5.78943e-006,-0.000100904,-5.89718e-006
3658,-0.000782664,-9.30936e-005,-0.216527,5.36977e-006,-0.000259872,-5.64018e-006
3659,-0.00228248,-0.000121802,-0.216074,4.95767e-006,-0.000264322,-5.39581e-006
3660,-0.00361461,-0.000148901,-0.215894,4.55315e-006,-8.05835e-005,-5.16406e-006
3661,-0.00547979,-0.000159007,-0.216789,4.07589e-006,0.000275441,-5.27067e-006
3662,-0.00643863,-0.000143878,-0.216901,3.99077e-006,0.000243977,-5.59641e-006
3663,-0.00731344,-0.000129077,-0.217007,3.90083e-006,0.00023062,-5.92216e-006
3664,-0.0081721,-0.000114623,-0.217107,3.80608e-006,0.00023537,-6.2479e-006
3665,-0.00908252,-0.000100533,-0.217202,3.70651e-006,0.000258227,-6.57365e-006
3666,-0.0101126,-8.6825e-005,-0.217292,3.60212e-006,0.00029919,-6.89939e-006
3667,-0.0113303,-7.35178e-005,-0.217375,3.49293e-006,0.00035826,-7.22514e-006
3668,-0.0117047,-8.91851e-005,-0.219967,2.58505e-006,0.000773124,-7.28182e-006
3669,-0.010606,-0.000116633,-0.223344,1.79119e-006,0.000900197,-6.97454e-006
3670,-0.00950732,-0.000142825,-0.226846,9.97329e-007,0.000854685,-6.62905e-006
3671,-0.00840864,-0.000167615,-0.229882,2.03468e-007,0.000674618,-6.24535e-006
3672,-0.00730995,-0.000190856,-0.232009,-5.90393e-007,0.000398026,-5.82345e-006
3673,-0.00621127,-0.000212401,-0.232928,-1.38425e-006,6.29382e-005,-5.36333e-006
3674,-0.00511259,-0.000232102,-0.232488,-2.17812e-006,-0.000292616,-4.865e-006
3675,-0.0040139,-0.000249813,-0.230682,-2.97198e-006,-0.000630605,-4.32847e-006
3676,-0.00291522,-0.000265388,-0.227652,-3.76584e-006,-0.000913002,-3.75372e-006
3677,-0.00181654,-0.000278678,-0.223684,-4.5597e-006,-0.00110177,-3.14077e-006
3678,-0.000717851,-0.000289537,-0.219212,-5.35356e-006,-0.00115889,-2.4896e-006
3679,0.00038083,-0.000297819,-0.214815,-6.14742e-006,-0.00104633,-1.80023e-006
3680,-0.0197034,0.000352038,-0.148369,1.33706e-005,0.00172873,-9.55715e-006
3681,-0.0140682,0.000297619,-0.149014,1.55069e-005,0.00130562,-9.55715e-006
3682,-0.00989761,0.000235806,-0.149652,1.73145e-005,0.000947597,-9.55715e-006
3683,-0.00694753,0.00016783,-0.150285,1.87935e-005,0.000654671,-9.55715e-006
3684,-0.00497387,9.49238e-005,-0.150913,1.99438e-005,0.00042684,-9.55715e-006
3685,-0.00373253,1.83204e-005,-0.151534,2.07655e-005,0.000264103,-9.55715e-006
3686,-0.0029794,-6.07479e-005,-0.15215,2.12585e-005,0.000166461,-9.55715e-006
3687,-0.00544155,-0.000182097,-0.218788,3.62342e-006,0.000791061,-4.34169e-006
3688,-0.00721208,-0.000188914,-0.222061,3.06106e-006,0.00103463,-3.78775e-006
3689,-0.00926933,-0.000195121,-0.225807,2.46912e-006,0.00108938,-3.28311e-006
3690,-0.0112693,-0.000200942,-0.229451,1.8476e-006,0.00098898,-2.82777e-006
3691,-0.0129354,-0.000206599,-0.232533,1.19651e-006,0.000767104,-2.42173e-006
3692,-0.0140584,-0.000212317,-0.234703,5.15829e-007,0.000457416,-2.06498e-006
3693,-0.0144962,-0.000218319,-0.235725,-1.94425e-007,9.35844e-005,-1.75753e-006
3694,-0.0141743,-0.000224829,-0.235475,-9.34257e-007,-0.000290722,-1.49938e-006
3695,-0.0130853,-0.000232069,-0.23394,-1.70367e-006,-0.000661835,-1.29052e-006
3696,-0.0112894,-0.000240264,-0.231221,-2.50266e-006,-0.000986088,-1.13097e-006
3697,-0.00891384,-0.000249636,-0.22753,-3.33123e-006,-0.00122981,-1.02071e-006
3698,-0.00615347,-0.00026041,-0.223191,-4.18937e-006,-0.00135934,-9.59746e-007
3699,-0.00327029,-0.000272809,-0.218642,-5.0771e-006,-0.001341,-9.48082e-007
3700,-0.00059372,-0.000287056,-0.214431,-5.9944e-006,-0.00114113,-9.85716e-007
3701,0.00153591,-0.000308672,-0.209051,-8.25042e-006,-0.000488581,-1.67928e-006
3702,0.0015923,-0.000316291,-0.207411,-9.55955e-006,-0.000434604,-2.27965e-006
3703,0.00164869,-0.000326206,-0.205669,-1.08687e-005,-0.000526096,-2.87375e-006
3704,0.00170508,-0.000338395,-0.203336,-1.21778e-005,-0.000725027,-3.46158e-006
3705,0.00176147,-0.000352832,-0.200073,-1.3487e-005,-0.00099337,-4.04314e-006
3706,0.00181786,-0.000369494,-0.195686,-1.47961e-005,-0.00129309,-4.61844e-006
3707,0.00187425,-0.000388357,-0.190128,-1.61052e-005,-0.00158616,-5.18747e-006
3708,0.00193064,-0.000409396,-0.183497,-1.74143e-005,-0.00183456,-5.75023e-006
3709,0.00198703,-0.000432588,-0.176038,-1.87235e-005,-0.00200024,-6.30672e-006
3710,0.00204342,-0.000457908,-0.168143,-2.00326e-005,-0.00204519,-6.85695e-006
3711,0.00209981,-0.000485332,-0.160348,-2.13417e-005,-0.00193137,-7.40091e-006
3712,0.0021562,-0.000514836,-0.153339,-2.26509e-005,-0.00162075,-7.9386e-006
3713,0.001645,-0.000289795,-0.208867,-8.88291e-006,-0.000358656,-3.57533e-007
3714,0.00233655,-0.000270276,-0.207386,-1.07377e-005,-0.000188385,2.12831e-007
3715,0.00319356,-0.000245475,-0.206174,-1.25056e-005,-0.00018158,6.38441e-007
3716,0.00392278,-0.000216047,-0.204743,-1.41867e-005,-0.000304579,9.19299e-007
3717,0.00429826,-0.000182649,-0.202717,-1.57809e-005,-0.000523706,1.05541e-006
3718,0.00416142,-0.000145937,-0.19983,-1.72882e-005,-0.000805293,1.04676e-006
3719,0.00342099,-0.000106567,-0.195932,-1.87088e-005,-0.00111568,8.93359e-007
3720,0.00205306,-6.51956e-005,-0.190982,-2.00424e-005,-0.00142119,5.95208e-007
3721,0.000101046,-2.24788e-005,-0.185052,-2.12892e-005,-0.00168816,1.52304e-007
3722,-0.00232431,2.09272e-005,-0.178327,-2.24492e-005,-0.00188292,-4.35352e-007
3723,-0.00504492,6.43662e-005,-0.171104,-2.35223e-005,-0.00197181,-1.16776e-006
3724,-0.00781536,0.000107182,-0.163791,-2.45086e-005,-0.00192114,-2.04492e-006
3725,-0.0103229,0.000148718,-0.156911,-2.5408e-005,-0.00169727,-3.06683e-006
3726,-0.0121873,0.000188319,-0.151097,-2.62205e-005,-0.00126651,-4.2335e-006
3727,-0.0110621,0.000124613,-0.14722,-2.67463e-005,-0.000444487,-5.91056e-006
3728,-0.00961504,2.47407e-005,-0.14734,-2.64968e-005,-0.00035398,-6.27619e-006
3729,-0.00839454,-7.41031e-005,-0.147455,-2.61978e-005,-0.000323681,-6.64183e-006
3730,-0.00717476,-0.000171733,-0.147564,-2.58493e-005,-0.00035359,-7.00747e-006
3731,-0.00572994,-0.000267963,-0.147668,-2.54513e-005,-0.000443706,-7.37311e-006
3732,-0.00383429,-0.000362607,-0.147766,-2.50037e-005,-0.000594029,-7.73875e-006
3733,-0.00126204,-0.00045548,-0.147858,-2.45066e-005,-0.00080456,-8.10438e-006
3734,0.00225904,-0.000580382,-0.144474,-2.42145e-005,-0.000839012,-9.17751e-006
3735,0.0023055,-0.000616977,-0.141427,-2.4469e-005,-0.00083876,-9.82663e-006
3736,0.00235195,-0.000655956,-0.137969,-2.47235e-005,-0.00103651,-1.04174e-005
3737,0.00239841,-0.000697095,-0.133411,-2.49779e-005,-0.00139424,-1.09498e-005
3738,0.00244486,-0.000740169,-0.127211,-2.52324e-005,-0.00187392,-1.14238e-005
3739,0.00249132,-0.000784955,-0.118973,-2.54869e-005,-0.00243751,-1.18394e-005
3740,0.00253777,-0.000831226,-0.108449,-2.57414e-005,-0.00304699,-1.21967e-005
3741,0.00258422,-0.00087876,-0.095533,-2.59959e-005,-0.00366432,-1.24957e-005
3742,0.00263068,-0.000927331,-0.0802695,-2.62503e-005,-0.00425148,-1.27362e-005
3743,0.00267713,-0.000976715,-0.0628476,-2.65048e-005,-0.00477044,-1.29184e-005
3744,0.00272359,-0.00102669,-0.0436024,-2.67593e-005,-0.00518317,-1.30422e-005
3745,0.00277004,-0.00107702,-0.0230158,-2.70138e-005,-0.00545164,-1.31077e-005
3746,-0.00096908,-0.00027934,-0.211815,-5.9366e-006,-0.000588029,-1.07265e-006
3747,-0.00293458,-0.000258822,-0.212405,-5.06587e-006,-0.000468405,-1.07265e-006
3748,-0.00448599,-0.000241318,-0.21299,-4.3291e-006,-0.000367184,-1.07265e-006
3749,-0.00569233,-0.000226326,-0.213568,-3.72628e-006,-0.000284367,-1.07265e-006
3750,-0.00662262,-0.000213343,-0.214141,-3.25743e-006,-0.000219954,-1.07265e-006
3751,-0.00734586,-0.000201867,-0.214709,-2.92253e-006,-0.000173944,-1.07265e-006
3752,-0.00793107,-0.000191396,-0.215271,-2.7216e-006,-0.000146339,-1.07265e-006
3753,-0.0158462,0.000151131,-0.144005,-2.72069e-005,-0.000121395,-6.44827e-006
3754,-0.0194063,7.35308e-005,-0.142037,-2.74334e-005,9.1766e-005,-7.29466e-006
3755,-0.0231542,-7.21445e-006,-0.140375,-2.76258e-005,7.79482e-005,-8.08409e-006
3756,-0.0266696,-9.08467e-005,-0.13832,-2.77839e-005,-0.000129207,-8.81657e-006
3757,-0.0295993,-0.000177108,-0.135282,-2.79079e-005,-0.000496005,-9.4921e-006
3758,-0.0316579,-0.00026574,-0.130786,-2.79977e-005,-0.000988776,-1.01107e-005
3759,-0.032627,-0.000356484,-0.124469,-2.80534e-005,-0.00157388,-1.06723e-005
3760,-0.0323557,-0.000449082,-0.116078,-2.80748e-005,-0.00221762,-1.11769e-005
3761,-0.0307602,-0.000543276,-0.105474,-2.80621e-005,-0.00288634,-1.16246e-005
3762,-0.0278245,-0.000638809,-0.0926301,-2.80153e-005,-0.00354638,-1.20154e-005
3763,-0.0235994,-0.000735421,-0.0776311,-2.79342e-005,-0.00416405,-1.23492e-005
3764,-0.0182033,-0.000832854,-0.0606747,-2.7819e-005,-0.00470569,-1.2626e-005
3765,-0.0118221,-0.00093085,-0.0420701,-2.76696e-005,-0.00513766,-1.28459e-005
3766,-0.00470867,-0.00102915,-0.022239,-2.7486e-005,-0.00542625,-1.30088e-005
3767,-0.00221259,0.000546396,-0.147944,2.396e-005,0.0010753,-8.47002e-006
3768,-0.0028165,0.0011275,-0.00171565,2.72683e-005,0.00553781,-1.31147e-005
3769,0.0129614,-0.000225327,-0.147093,2.69462e-005,0.000595201,-5.54492e-006
3770,-0.00147952,0.000303375,-0.211219,6.94129e-006,0.000726057,-1.07265e-006
3771,0.00844727,0.000181427,-0.215827,2.65462e-006,0.000137137,-1.07265e-006
3772,0.00436901,0.000174446,-0.216671,-4.1562e-006,-0.000325011,-4.94492e-006
3773,0.0270474,-0.000397829,-0.147719,-1.09056e-005,-0.00221694,-9.55715e-006
3774,0.00247037,0.000141049,-0.15276,-2.14228e-005,-0.000133913,-9.55715e-006
3775,0.0128034,6.0629e-005,-0.217453,-3.37891e-006,-0.000435437,-7.55088e-006
3776,-6.4469e-016,-0.000636412,-0.0248888,-7.44034e-005,-2.45388e-016,-3.11302e-017
3777,-0.0270474,-0.000397829,-0.147719,-1.09056e-005,0.00221694,9.55715e-006
3778,-0.0128034,6.0629e-005,-0.217453,-3.37891e-006,0.000435437,7.55088e-006
3779,-0.00436901,0.000174446,-0.216671,-4.1562e-006,0.000325011,4.94492e-006
3780,0.00147952,0.000303375,-0.211219,6.94129e-006,-0.000726057,1.07265e-006
3781,-0.00247037,0.000141049,-0.15276,-2.14228e-005,0.000133913,9.55715e-006
3782,0.00221259,0.000546396,-0.147944,2.396e-005,-0.0010753,8.47002e-006
3783,-0.0129614,-0.000225327,-0.147093,2.69462e-005,-0.000595201,5.54492e-006
3784,0.0028165,0.0011275,-0.00171565,2.72683e-005,-0.00553781,1.31147e-005
3785,-0.00844727,0.000181427,-0.215827,2.65462e-006,-0.000137137,1.07265e-006
3786,-0.00225904,0.000580382,-0.144474,2.42145e-005,0.000839012,-9.17751e-006
3787,-0.0023055,0.000616977,-0.141427,2.4469e-005,0.00083876,-9.82663e-006
3788,-0.00235195,0.000655956,-0.137969,2.47235e-005,0.00103651,-1.04174e-005
3789,-0.00239841,0.000697095,-0.133411,2.49779e-005,0.00139424,-1.09498e-005
3790,-0.00244486,0.000740169,-0.127211,2.52324e-005,0.00187392,-1.14238e-005
3791,-0.00249132,0.000784955,-0.118973,2.54869e-005,0.00243751,-1.18394e-005
3792,-0.00253777,0.000831226,-0.108449,2.57414e-005,0.00304699,-1.21967e-005
3793,-0.00258422,0.00087876,-0.095533,2.59959e-005,0.00366432,-1.24957e-005
3794,-0.00263068,0.000927331,-0.0802695,2.62503e-005,0.00425148,-1.27362e-005
3795,-0.00267713,0.000976715,-0.0628476,2.65048e-005,0.00477044,-1.29184e-005
3796,-0.00272359,0.00102669,-0.0436024,2.67593e-005,0.00518317,-1.30422e-005
3797,-0.00277004,0.00107702,-0.0230158,2.70138e-005,0.00545164,-1.31077e-005
3798,0.0158462,-0.000151131,-0.144005,2.72069e-005,0.000121395,-6.44827e-006
3799,0.0194063,-7.35308e-005,-0.142037,2.74334e-005,-9.1766e-005,-7.29466e-006
3800,0.0231542,7.21445e-006,-0.140375,2.76258e-005,-7.79482e-005,-8.08409e-006
3801,0.0266696,9.08467e-005,-0.13832,2.77839e-005,0.000129207,-8.81657e-006
3802,0.0295993,0.000177108,-0.135282,2.79079e-005,0.000496005,-9.4921e-006
3803,0.0316579,0.00026574,-0.130786,2.79977e-005,0.000988776,-1.01107e-005
3804,0.032627,0.000356484,-0.124469,2.80534e-005,0.00157388,-1.06723e-005
3805,0.0323557,0.000449082,-0.116078,2.80748e-005,0.00221762,-1.11769e-005
3806,0.0307602,0.000543276,-0.105474,2.80621e-005,0.00288634,-1.16246e-005
3807,0.0278245,0.000638809,-0.0926301,2.80153e-005,0.00354638,-1.20154e-005
3808,0.0235994,0.000735421,-0.0776311,2.79342e-005,0.00416405,-1.23492e-005
3809,0.0182033,0.000832854,-0.0606747,2.7819e-005,0.00470569,-1.2626e-005
3810,0.0118221,0.00093085,-0.0420701,2.76696e-005,0.00513766,-1.28459e-005
3811,0.00470867,0.00102915,-0.022239,2.7486e-005,0.00542625,-1.30088e-005
3812,-0.001645,0.000289795,-0.208867,8.88291e-006,0.000358656,-3.57533e-007
3813,-0.00233655,0.000270276,-0.207386,1.07377e-005,0.000188385,2.12831e-007
3814,-0.00319356,0.000245475,-0.206174,1.25056e-005,0.00018158,6.38441e-007
3815,-0.00392278,0.000216047,-0.204743,1.41867e-005,0.000304579,9.19299e-007
3816,-0.00429826,0.000182649,-0.202717,1.57809e-005,0.000523706,1.05541e-006
3817,-0.00416142,0.000145937,-0.19983,1.72882e-005,0.000805293,1.04676e-006
3818,-0.00342099,0.000106567,-0.195932,1.87088e-005,0.00111568,8.93359e-007
3819,-0.00205306,6.51956e-005,-0.190982,2.00424e-005,0.00142119,5.95208e-007
3820,-0.000101046,2.24788e-005,-0.185052,2.12892e-005,0.00168816,1.52304e-007
3821,0.00232431,-2.09272e-005,-0.178327,2.24492e-005,0.00188292,-4.35352e-007
3822,0.00504492,-6.43662e-005,-0.171104,2.35223e-005,0.00197181,-1.16776e-006
3823,0.00781536,-0.000107182,-0.163791,2.45086e-005,0.00192114,-2.04492e-006
3824,0.0103229,-0.000148718,-0.156911,2.5408e-005,0.00169727,-3.06683e-006
3825,0.0121873,-0.000188319,-0.151097,2.62205e-005,0.00126651,-4.2335e-006
3826,0.00096908,0.00027934,-0.211815,5.9366e-006,0.000588029,-1.07265e-006
3827,0.00293458,0.000258822,-0.212405,5.06587e-006,0.000468405,-1.07265e-006
3828,0.00448599,0.000241318,-0.21299,4.3291e-006,0.000367184,-1.07265e-006
3829,0.00569233,0.000226326,-0.213568,3.72628e-006,0.000284367,-1.07265e-006
3830,0.00662262,0.000213343,-0.214141,3.25743e-006,0.000219954,-1.07265e-006
3831,0.00734586,0.000201867,-0.214709,2.92253e-006,0.000173944,-1.07265e-006
3832,0.00793107,0.000191396,-0.215271,2.7216e-006,0.000146339,-1.07265e-006
3833,0.0110621,-0.000124613,-0.14722,2.67463e-005,0.000444487,-5.91056e-006
3834,0.00961504,-2.47407e-005,-0.14734,2.64968e-005,0.00035398,-6.27619e-006
3835,0.00839454,7.41031e-005,-0.147455,2.61978e-005,0.000323681,-6.64183e-006
3836,0.00717476,0.000171733,-0.147564,2.58493e-005,0.00035359,-7.00747e-006
3837,0.00572994,0.000267963,-0.147668,2.54513e-005,0.000443706,-7.37311e-006
3838,0.00383429,0.000362607,-0.147766,2.50037e-005,0.000594029,-7.73875e-006
3839,0.00126204,0.00045548,-0.147858,2.45066e-005,0.00080456,-8.10438e-006
3840,0.00544155,0.000182097,-0.218788,-3.62342e-006,-0.000791061,-4.34169e-006
3841,0.00721208,0.000188914,-0.222061,-3.06106e-006,-0.00103463,-3.78775e-006
3842,0.00926933,0.000195121,-0.225807,-2.46912e-006,-0.00108938,-3.28311e-006
3843,0.0112693,0.000200942,-0.229451,-1.8476e-006,-0.00098898,-2.82777e-006
3844,0.0129354,0.000206599,-0.232533,-1.19651e-006,-0.000767104,-2.42173e-006
3845,0.0140584,0.000212317,-0.234703,-5.15829e-007,-0.000457416,-2.06498e-006
3846,0.0144962,0.000218319,-0.235725,1.94425e-007,-9.35844e-005,-1.75753e-006
3847,0.0141743,0.000224829,-0.235475,9.34257e-007,0.000290722,-1.49938e-006
3848,0.0130853,0.000232069,-0.23394,1.70367e-006,0.000661835,-1.29052e-006
3849,0.0112894,0.000240264,-0.231221,2.50266e-006,0.000986088,-1.13097e-006
3850,0.00891384,0.000249636,-0.22753,3.33123e-006,0.00122981,-1.02071e-006
3851,0.00615347,0.00026041,-0.223191,4.18937e-006,0.00135934,-9.59746e-007
3852,0.00327029,0.000272809,-0.218642,5.0771e-006,0.001341,-9.48082e-007
3853,0.00059372,0.000287056,-0.214431,5.9944e-006,0.00114113,-9.85716e-007
3854,0.0230864,-0.000345336,-0.156441,-1.04026e-005,-0.00258036,-9.16132e-006
3855,0.0186261,-0.000295139,-0.165988,-9.90722e-006,-0.00272794,-8.77811e-006
3856,0.0140643,-0.000247182,-0.175698,-9.4194e-006,-0.00269336,-8.40752e-006
3857,0.00973182,-0.000201407,-0.185021,-8.93915e-006,-0.00251029,-8.04955e-006
3858,0.00589189,-0.000157757,-0.193516,-8.46647e-006,-0.0022124,-7.7042e-006
3859,0.00274051,-0.000116176,-0.200857,-8.00136e-006,-0.00183334,-7.37148e-006
3860,0.00040634,-7.66044e-005,-0.206831,-7.54383e-006,-0.0014068,-7.05137e-006
3861,-0.00104931,-3.89867e-005,-0.211334,-7.09387e-006,-0.000966435,-6.74389e-006
3862,-0.00163248,-3.2653e-006,-0.214376,-6.65149e-006,-0.000545918,-6.44903e-006
3863,-0.00141652,3.06171e-005,-0.216081,-6.21667e-006,-0.000178915,-6.16679e-006
3864,-0.000542122,6.27176e-005,-0.216682,-5.78943e-006,0.000100904,-5.89718e-006
3865,0.000782664,9.30936e-005,-0.216527,-5.36977e-006,0.000259872,-5.64018e-006
3866,0.00228248,0.000121802,-0.216074,-4.95767e-006,0.000264322,-5.39581e-006
3867,0.00361461,0.000148901,-0.215894,-4.55315e-006,8.05835e-005,-5.16406e-006
3868,0.0197034,-0.000352038,-0.148369,-1.33706e-005,-0.00172873,-9.55715e-006
3869,0.0140682,-0.000297619,-0.149014,-1.55069e-005,-0.00130562,-9.55715e-006
3870,0.00989761,-0.000235806,-0.149652,-1.73145e-005,-0.000947597,-9.55715e-006
3871,0.00694753,-0.00016783,-0.150285,-1.87935e-005,-0.000654671,-9.55715e-006
3872,0.00497387,-9.49238e-005,-0.150913,-1.99438e-005,-0.00042684,-9.55715e-006
3873,0.00373253,-1.83204e-005,-0.151534,-2.07655e-005,-0.000264103,-9.55715e-006
3874,0.0029794,6.07479e-005,-0.15215,-2.12585e-005,-0.000166461,-9.55715e-006
3875,-0.00153591,0.000308672,-0.209051,8.25042e-006,0.000488581,-1.67928e-006
3876,-0.0015923,0.000316291,-0.207411,9.55955e-006,0.000434604,-2.27965e-006
3877,-0.00164869,0.000326206,-0.205669,1.08687e-005,0.000526096,-2.87375e-006
3878,-0.00170508,0.000338395,-0.203336,1.21778e-005,0.000725027,-3.46158e-006
3879,-0.00176147,0.000352832,-0.200073,1.3487e-005,0.00099337,-4.04314e-006
3880,-0.00181786,0.000369494,-0.195686,1.47961e-005,0.00129309,-4.61844e-006
3881,-0.00187425,0.000388357,-0.190128,1.61052e-005,0.00158616,-5.18747e-006
3882,-0.00193064,0.000409396,-0.183497,1.74143e-005,0.00183456,-5.75023e-006
3883,-0.00198703,0.000432588,-0.176038,1.87235e-005,0.00200024,-6.30672e-006
3884,-0.00204342,0.000457908,-0.168143,2.00326e-005,0.00204519,-6.85695e-006
3885,-0.00209981,0.000485332,-0.160348,2.13417e-005,0.00193137,-7.40091e-006
3886,-0.0021562,0.000514836,-0.153339,2.26509e-005,0.00162075,-7.9386e-006
3887,0.0117047,8.91851e-005,-0.219967,-2.58505e-006,-0.000773124,-7.28182e-006
3888,0.010606,0.000116633,-0.223344,-1.79119e-006,-0.000900197,-6.97454e-006
3889,0.00950732,0.000142825,-0.226846,-9.97329e-007,-0.000854685,-6.62905e-006
3890,0.00840864,0.000167615,-0.229882,-2.03468e-007,-0.000674618,-6.24535e-006
3891,0.00730995,0.000190856,-0.232009,5.90393e-007,-0.000398026,-5.82345e-006
3892,0.00621127,0.000212401,-0.232928,1.38425e-006,-6.29382e-005,-5.36333e-006
3893,0.00511259,0.000232102,-0.232488,2.17812e-006,0.000292616,-4.865e-006
3894,0.0040139,0.000249813,-0.230682,2.97198e-006,0.000630605,-4.32847e-006
3895,0.00291522,0.000265388,-0.227652,3.76584e-006,0.000913002,-3.75372e-006
3896,0.00181654,0.000278678,-0.223684,4.5597e-006,0.00110177,-3.14077e-006
3897,0.000717851,0.000289537,-0.219212,5.35356e-006,0.00115889,-2.4896e-006
3898,-0.00038083,0.000297819,-0.214815,6.14742e-006,0.00104633,-1.80023e-006
3899,0.00547979,0.000159007,-0.216789,-4.07589e-006,-0.000275441,-5.27067e-006
3900,0.00643863,0.000143878,-0.216901,-3.99077e-006,-0.000243977,-5.59641e-006
3901,0.00731344,0.000129077,-0.217007,-3.90083e-006,-0.00023062,-5.92216e-006
3902,0.0081721,0.000114623,-0.217107,-3.80608e-006,-0.00023537,-6.2479e-006
3903,0.00908252,0.000100533,-0.217202,-3.70651e-006,-0.000258227,-6.57365e-006
3904,0.0101126,8.6825e-005,-0.217292,-3.60212e-006,-0.00029919,-6.89939e-006
3905,0.0113303,7.35178e-005,-0.217375,-3.49293e-006,-0.00035826,-7.22514e-006
3906,-0.00117882,-0.000763154,-0.0281502,-6.59849e-005,-0.00100567,-7.61271e-006
3907,-0.000626354,-0.000849941,-0.034291,-5.81643e-005,-0.00174289,-1.42289e-005
3908,0.00115417,-0.000901292,-0.0424725,-5.09416e-005,-0.00224534,-1.98486e-005
3909,0.00372686,-0.000921724,-0.0519681,-4.43167e-005,-0.00254667,-2.44718e-005
3910,0.00672315,-0.000915754,-0.0621636,-3.82898e-005,-0.00268055,-2.80985e-005
3911,0.00984184,-0.000887901,-0.0725571,-3.28608e-005,-0.00268066,-3.07286e-005
3912,0.012849,-0.000842681,-0.0827586,-2.80297e-005,-0.00258066,-3.23623e-005
3913,0.0155782,-0.000784612,-0.0924906,-2.37966e-005,-0.00241422,-3.29994e-005
3914,0.0179301,-0.000718211,-0.101588,-2.01613e-005,-0.00221501,-3.264e-005
3915,0.0198728,-0.000647997,-0.109997,-1.71239e-005,-0.0020167,-3.12842e-005
3916,0.0214419,-0.000578486,-0.117777,-1.46844e-005,-0.00185295,-2.89318e-005
3917,0.0227401,-0.000514197,-0.1251,-1.28429e-005,-0.00175743,-2.55829e-005
3918,0.0239375,-0.000459646,-0.132249,-1.15992e-005,-0.00176381,-2.12375e-005
3919,0.0252717,-0.000419351,-0.139619,-1.09534e-005,-0.00190576,-1.58956e-005
3920,0.00117882,-0.000763154,-0.0281502,-6.59849e-005,0.00100567,7.61271e-006
3921,0.000626354,-0.000849941,-0.034291,-5.81643e-005,0.00174289,1.42289e-005
3922,-0.00115417,-0.000901292,-0.0424725,-5.09416e-005,0.00224534,1.98486e-005
3923,-0.00372686,-0.000921724,-0.0519681,-4.43167e-005,0.00254667,2.44718e-005
3924,-0.00672315,-0.000915754,-0.0621636,-3.82898e-005,0.00268055,2.80985e-005
3925,-0.00984184,-0.000887901,-0.0725571,-3.28608e-005,0.00268066,3.07286e-005
3926,-0.012849,-0.000842681,-0.0827586,-2.80297e-005,0.00258066,3.23623e-005
3927,-0.0155782,-0.000784612,-0.0924906,-2.37966e-005,0.00241422,3.29994e-005
3928,-0.0179301,-0.000718211,-0.101588,-2.01613e-005,0.00221501,3.264e-005
3929,-0.0198728,-0.000647997,-0.109997,-1.71239e-005,0.0020167,3.12842e-005
3930,-0.0214419,-0.000578486,-0.117777,-1.46844e-005,0.00185295,2.89318e-005
3931,-0.0227401,-0.000514197,-0.1251,-1.28429e-005,0.00175743,2.55829e-005
3932,-0.0239375,-0.000459646,-0.132249,-1.15992e-005,0.00176381,2.12375e-005
3933,-0.0252717,-0.000419351,-0.139619,-1.09534e-005,0.00190576,1.58956e-005
3934,-0.00208057,-0.000102439,-0.0145764,-8.38892e-007,0.00126792,-3.84313e-006
3935,-0.00416114,-0.000123775,-0.0215223,-1.67778e-006,0.00221349,-6.92322e-006
3936,-0.00624171,-0.00015549,-0.0315269,-2.51667e-006,0.00287476,-9.24025e-006
3937,-0.00832228,-0.000194649,-0.0435697,-3.35557e-006,0.00328975,-1.07942e-005
3938,-0.0104029,-0.000238317,-0.0567767,-4.19446e-006,0.00349648,-1.15852e-005
3939,-0.0124834,-0.00028356,-0.07042,-5.03335e-006,0.003533,-1.16131e-005
3940,-0.014564,-0.000327444,-0.0839181,-5.87224e-006,0.00343733,-1.08779e-005
3941,-0.0166446,-0.000367032,-0.0968357,-6.71113e-006,0.00324749,-9.37967e-006
3942,-0.0187251,-0.00039939,-0.108884,-7.55002e-006,0.00300152,-7.11841e-006
3943,-0.0208057,-0.000421584,-0.119919,-8.38892e-006,0.00273746,-4.09409e-006
3944,-0.0228863,-0.000430678,-0.129946,-9.22781e-006,0.00249332,-3.06726e-007
3945,-0.0249668,-0.000423738,-0.139114,-1.00667e-005,0.00230714,4.24369e-006
3946,5.63125e-015,-0.00033613,-0.01295,9.94777e-005,-2.54842e-016,0
3947,4.37526e-015,-0.000826538,-0.0140386,0.000132637,-3.39917e-016,0
3948,3.11801e-015,-0.00131695,-0.0151216,9.94777e-005,-2.55415e-016,0
3949,2.17227e-015,-0.00146366,-0.0183799,-4.33453e-005,-1.48267e-016,-7.87296e-018
3950,1.39529e-015,-0.00123704,-0.0205552,-7.01943e-005,-2.40415e-016,-1.57459e-017
3951,3.81768e-016,-0.000940673,-0.0227249,-8.0547e-005,-2.74505e-016,-2.36189e-017
3952,0.0259517,-0.000360833,-0.157035,-1.03266e-005,-0.00252714,-9.66247e-006
3953,0.024856,-0.000323514,-0.167101,-9.74764e-006,-0.00262335,-9.72451e-006
3954,0.0237603,-0.00028604,-0.177168,-9.16866e-006,-0.00254361,-9.74328e-006
3955,0.0226646,-0.000248578,-0.186631,-8.58969e-006,-0.00232595,-9.71878e-006
3956,0.0215689,-0.000211292,-0.195033,-8.01072e-006,-0.0020084,-9.651e-006
3957,0.0204732,-0.000174351,-0.202063,-7.43174e-006,-0.00162899,-9.53994e-006
3958,0.0193775,-0.00013792,-0.207557,-6.85276e-006,-0.00122574,-9.38562e-006
3959,0.0182819,-0.000102165,-0.211496,-6.27379e-006,-0.000836692,-9.18801e-006
3960,0.0171862,-6.72542e-005,-0.214007,-5.69481e-006,-0.000499868,-8.94714e-006
3961,0.0160905,-3.33528e-005,-0.215365,-5.11584e-006,-0.000253302,-8.66298e-006
3962,0.0149948,-6.2747e-007,-0.21599,-4.53686e-006,-0.000135021,-8.33556e-006
3963,0.0138991,3.07553e-005,-0.216449,-3.95789e-006,-0.000183056,-7.96486e-006
3964,0.00208057,-0.000102439,-0.0145764,-8.38892e-007,-0.00126792,3.84313e-006
3965,0.00416114,-0.000123775,-0.0215223,-1.67778e-006,-0.00221349,6.92322e-006
3966,0.00624171,-0.00015549,-0.0315269,-2.51667e-006,-0.00287476,9.24025e-006
3967,0.00832228,-0.000194649,-0.0435697,-3.35557e-006,-0.00328975,1.07942e-005
3968,0.0104029,-0.000238317,-0.0567767,-4.19446e-006,-0.00349648,1.15852e-005
3969,0.0124834,-0.00028356,-0.07042,-5.03335e-006,-0.003533,1.16131e-005
3970,0.014564,-0.000327444,-0.0839181,-5.87224e-006,-0.00343733,1.08779e-005
3971,0.0166446,-0.000367032,-0.0968357,-6.71113e-006,-0.00324749,9.37967e-006
3972,0.0187251,-0.00039939,-0.108884,-7.55002e-006,-0.00300152,7.11841e-006
3973,0.0208057,-0.000421584,-0.119919,-8.38892e-006,-0.00273746,4.09409e-006
3974,0.0228863,-0.000430678,-0.129946,-9.22781e-006,-0.00249332,3.06726e-007
3975,0.0249668,-0.000423738,-0.139114,-1.00667e-005,-0.00230714,-4.24369e-006
3976,-0.0259517,-0.000360833,-0.157035,-1.03266e-005,0.00252714,9.66247e-006
3977,-0.024856,-0.000323514,-0.167101,-9.74764e-006,0.00262335,9.72451e-006
3978,-0.0237603,-0.00028604,-0.177168,-9.16866e-006,0.00254361,9.74328e-006
3979,-0.0226646,-0.000248578,-0.186631,-8.58969e-006,0.00232595,9.71878e-006
3980,-0.0215689,-0.000211292,-0.195033,-8.01072e-006,0.0020084,9.651e-006
3981,-0.0204732,-0.000174351,-0.202063,-7.43174e-006,0.00162899,9.53994e-006
3982,-0.0193775,-0.00013792,-0.207557,-6.85276e-006,0.00122574,9.38562e-006
3983,-0.0182819,-0.000102165,-0.211496,-6.27379e-006,0.000836692,9.18801e-006
3984,-0.0171862,-6.72542e-005,-0.214007,-5.69481e-006,0.000499868,8.94714e-006
3985,-0.0160905,-3.33528e-005,-0.215365,-5.11584e-006,0.000253302,8.66298e-006
3986,-0.0149948,-6.2747e-007,-0.21599,-4.53686e-006,0.000135021,8.33556e-006
3987,-0.0138991,3.07553e-005,-0.216449,-3.95789e-006,0.000183056,7.96486e-006
3988,-0.0230864,-0.000345336,-0.156441,-1.04026e-005,0.00258036,9.16132e-006
3989,-0.0186261,-0.000295139,-0.165988,-9.90722e-006,0.00272794,8.77811e-006
3990,-0.0140643,-0.000247182,-0.175698,-9.4194e-006,0.00269336,8.40752e-006
3991,-0.00973182,-0.000201407,-0.185021,-8.93915e-006,0.00251029,8.04955e-006
3992,-0.00589189,-0.000157757,-0.193516,-8.46647e-006,0.0022124,7.7042e-006
3993,-0.00274051,-0.000116176,-0.200857,-8.00136e-006,0.00183334,7.37148e-006
3994,-0.00040634,-7.66044e-005,-0.206831,-7.54383e-006,0.0014068,7.05137e-006
3995,0.00104931,-3.89867e-005,-0.211334,-7.09387e-006,0.000966435,6.74389e-006
3996,0.00163248,-3.2653e-006,-0.214376,-6.65149e-006,0.000545918,6.44903e-006
3997,0.00141652,3.06171e-005,-0.216081,-6.21667e-006,0.000178915,6.16679e-006
3998,0.000542122,6.27176e-005,-0.216682,-5.78943e-006,-0.000100904,5.89718e-006
3999,-0.000782664,9.30936e-005,-0.216527,-5.36977e-006,-0.000259872,5.64018e-006
4000,-0.00228248,0.000121802,-0.216074,-4.95767e-006,-0.000264322,5.39581e-006
4001,-0.00361461,0.000148901,-0.215894,-4.55315e-006,-8.05835e-005,5.16406e-006
4002,-0.00547979,0.000159007,-0.216789,-4.07589e-006,0.000275441,5.27067e-006
4003,-0.00643863,0.000143878,-0.216901,-3.99077e-006,0.000243977,5.59641e-006
4004,-0.00731344,0.000129077,-0.217007,-3.90083e-006,0.00023062,5.92216e-006
4005,-0.0081721,0.000114623,-0.217107,-3.80608e-006,0.00023537,6.2479e-006
4006,-0.00908252,0.000100533,-0.217202,-3.70651e-006,0.000258227,6.57365e-006
4007,-0.0101126,8.6825e-005,-0.217292,-3.60212e-006,0.00029919,6.89939e-006
4008,-0.0113303,7.35178e-005,-0.217375,-3.49293e-006,0.00035826,7.22514e-006
4009,-0.0117047,8.91851e-005,-0.219967,-2.58505e-006,0.000773124,7.28182e-006
4010,-0.010606,0.000116633,-0.223344,-1.79119e-006,0.000900197,6.97454e-006
4011,-0.00950732,0.000142825,-0.226846,-9.97329e-007,0.000854685,6.62905e-006
4012,-0.00840864,0.000167615,-0.229882,-2.03468e-007,0.000674618,6.24535e-006
4013,-0.00730995,0.000190856,-0.232009,5.90393e-007,0.000398026,5.82345e-006
4014,-0.00621127,0.000212401,-0.232928,1.38425e-006,6.29382e-005,5.36333e-006
4015,-0.00511259,0.000232102,-0.232488,2.17812e-006,-0.000292616,4.865e-006
4016,-0.0040139,0.000249813,-0.230682,2.97198e-006,-0.000630605,4.32847e-006
4017,-0.00291522,0.000265388,-0.227652,3.76584e-006,-0.000913002,3.75372e-006
4018,-0.00181654,0.000278678,-0.223684,4.5597e-006,-0.00110177,3.14077e-006
4019,-0.000717851,0.000289537,-0.219212,5.35356e-006,-0.00115889,2.4896e-006
4020,0.00038083,0.000297819,-0.214815,6.14742e-006,-0.00104633,1.80023e-006
4021,-0.0197034,-0.000352038,-0.148369,-1.33706e-005,0.00172873,9.55715e-006
4022,-0.0140682,-0.000297619,-0.149014,-1.55069e-005,0.00130562,9.55715e-006
4023,-0.00989761,-0.000235806,-0.149652,-1.73145e-005,0.000947597,9.55715e-006
4024,-0.00694753,-0.00016783,-0.150285,-1.87935e-005,0.000654671,9.55715e-006
4025,-0.00497387,-9.49238e-005,-0.150913,-1.99438e-005,0.00042684,9.55715e-006
4026,-0.00373253,-1.83204e-005,-0.151534,-2.07655e-005,0.000264103,9.55715e-006
4027,-0.0029794,6.07479e-005,-0.15215,-2.12585e-005,0.000166461,9.55715e-006
4028,-0.00544155,0.000182097,-0.218788,-3.62342e-006,0.000791061,4.34169e-006
4029,-0.00721208,0.000188914,-0.222061,-3.06106e-006,0.00103463,3.78775e-006
4030,-0.00926933,0.000195121,-0.225807,-2.46912e-006,0.00108938,3.28311e-006
4031,-0.0112693,0.000200942,-0.229451,-1.8476e-006,0.00098898,2.82777e-006
4032,-0.0129354,0.000206599,-0.232533,-1.19651e-006,0.000767104,2.42173e-006
4033,-0.0140584,0.000212317,-0.234703,-5.15829e-007,0.000457416,2.06498e-006
4034,-0.0144962,0.000218319,-0.235725,1.94425e-007,9.35844e-005,1.75753e-006
4035,-0.0141743,0.000224829,-0.235475,9.34257e-007,-0.000290722,1.49938e-006
4036,-0.0130853,0.000232069,-0.23394,1.70367e-006,-0.000661835,1.29052e-006
4037,-0.0112894,0.000240264,-0.231221,2.50266e-006,-0.000986088,1.13097e-006
4038,-0.00891384,0.000249636,-0.22753,3.33123e-006,-0.00122981,1.02071e-006
4039,-0.00615347,0.00026041,-0.223191,4.18937e-006,-0.00135934,9.59746e-007
4040,-0.00327029,0.000272809,-0.218642,5.0771e-006,-0.001341,9.48082e-007
4041,-0.00059372,0.000287056,-0.214431,5.9944e-006,-0.00114113,9.85716e-007
4042,0.00153591,0.000308672,-0.209051,8.25042e-006,-0.000488581,1.67928e-006
4043,0.0015923,0.000316291,-0.207411,9.55955e-006,-0.000434604,2.27965e-006
4044,0.00164869,0.000326206,-0.205669,1.08687e-005,-0.000526096,2.87375e-006
4045,0.00170508,0.000338395,-0.203336,1.21778e-005,-0.000725027,3.46158e-006
4046,0.00176147,0.000352832,-0.200073,1.3487e-005,-0.00099337,4.04314e-006
4047,0.00181786,0.000369494,-0.195686,1.47961e-005,-0.00129309,4.61844e-006
4048,0.00187425,0.000388357,-0.190128,1.61052e-005,-0.00158616,5.18747e-006
4049,0.00193064,0.000409396,-0.183497,1.74143e-005,-0.00183456,5.75023e-006
4050,0.00198703,0.000432588,-0.176038,1.87235e-005,-0.00200024,6.30672e-006
4051,0.00204342,0.000457908,-0.168143,2.00326e-005,-0.00204519,6.85695e-006
4052,0.00209981,0.000485332,-0.160348,2.13417e-005,-0.00193137,7.40091e-006
4053,0.0021562,0.000514836,-0.153339,2.26509e-005,-0.00162075,7.9386e-006
4054,0.001645,0.000289795,-0.208867,8.88291e-006,-0.000358656,3.57533e-007
4055,0.00233655,0.000270276,-0.207386,1.07377e-005,-0.000188385,-2.12831e-007
4056,0.00319356,0.000245475,-0.206174,1.25056e-005,-0.00018158,-6.38441e-007
4057,0.00392278,0.000216047,-0.204743,1.41867e-005,-0.000304579,-9.19299e-007
4058,0.00429826,0.000182649,-0.202717,1.57809e-005,-0.000523706,-1.05541e-006
4059,0.00416142,0.000145937,-0.19983,1.72882e-005,-0.000805293,-1.04676e-006
4060,0.00342099,0.000106567,-0.195932,1.87088e-005,-0.00111568,-8.93359e-007
4061,0.00205306,6.51956e-005,-0.190982,2.00424e-005,-0.00142119,-5.95208e-007
4062,0.000101046,2.24788e-005,-0.185052,2.12892e-005,-0.00168816,-1.52304e-007
4063,-0.00232431,-2.09272e-005,-0.178327,2.24492e-005,-0.00188292,4.35352e-007
4064,-0.00504492,-6.43662e-005,-0.171104,2.35223e-005,-0.00197181,1.16776e-006
4065,-0.00781536,-0.000107182,-0.163791,2.45086e-005,-0.00192114,2.04492e-006
4066,-0.0103229,-0.000148718,-0.156911,2.5408e-005,-0.00169727,3.06683e-006
4067,-0.0121873,-0.000188319,-0.151097,2.62205e-005,-0.00126651,4.2335e-006
4068,-0.0110621,-0.000124613,-0.14722,2.67463e-005,-0.000444487,5.91056e-006
4069,-0.00961504,-2.47407e-005,-0.14734,2.64968e-005,-0.00035398,6.27619e-006
4070,-0.00839454,7.41031e-005,-0.147455,2.61978e-005,-0.000323681,6.64183e-006
4071,-0.00717476,0.000171733,-0.147564,2.58493e-005,-0.00035359,7.00747e-006
4072,-0.00572994,0.000267963,-0.147668,2.54513e-005,-0.000443706,7.37311e-006
4073,-0.00383429,0.000362607,-0.147766,2.50037e-005,-0.000594029,7.73875e-006
4074,-0.00126204,0.00045548,-0.147858,2.45066e-005,-0.00080456,8.10438e-006
4075,0.00225904,0.000580382,-0.144474,2.42145e-005,-0.000839012,9.17751e-006
4076,0.0023055,0.000616977,-0.141427,2.4469e-005,-0.00083876,9.82663e-006
4077,0.00235195,0.000655956,-0.137969,2.47235e-005,-0.00103651,1.04174e-005
4078,0.00239841,0.000697095,-0.133411,2.49779e-005,-0.00139424,1.09498e-005
4079,0.00244486,0.000740169,-0.127211,2.52324e-005,-0.00187392,1.14238e-005
4080,0.00249132,0.000784955,-0.118973,2.54869e-005,-0.00243751,1.18394e-005
4081,0.00253777,0.000831226,-0.108449,2.57414e-005,-0.00304699,1.21967e-005
4082,0.00258422,0.00087876,-0.095533,2.59959e-005,-0.00366432,1.24957e-005
4083,0.00263068,0.000927331,-0.0802695,2.62503e-005,-0.00425148,1.27362e-005
4084,0.00267713,0.000976715,-0.0628476,2.65048e-005,-0.00477044,1.29184e-005
4085,0.00272359,0.00102669,-0.0436024,2.67593e-005,-0.00518317,1.30422e-005
4086,0.00277004,0.00107702,-0.0230158,2.70138e-005,-0.00545164,1.31077e-005
4087,-0.00096908,0.00027934,-0.211815,5.9366e-006,-0.000588029,1.07265e-006
4088,-0.00293458,0.000258822,-0.212405,5.06587e-006,-0.000468405,1.07265e-006
4089,-0.00448599,0.000241318,-0.21299,4.3291e-006,-0.000367184,1.07265e-006
4090,-0.00569233,0.000226326,-0.213568,3.72628e-006,-0.000284367,1.07265e-006
4091,-0.00662262,0.000213343,-0.214141,3.25743e-006,-0.000219954,1.07265e-006
4092,-0.00734586,0.000201867,-0.214709,2.92253e-006,-0.000173944,1.07265e-006
4093,-0.00793107,0.000191396,-0.215271,2.7216e-006,-0.000146339,1.07265e-006
4094,-0.0158462,-0.000151131,-0.144005,2.72069e-005,-0.000121395,6.44827e-006
4095,-0.0194063,-7.35308e-005,-0.142037,2.74334e-005,9.1766e-005,7.29466e-006
4096,-0.0231542,7.21445e-006,-0.140375,2.76258e-005,7.79482e-005,8.08409e-006
4097,-0.0266696,9.08467e-005,-0.13832,2.77839e-005,-0.000129207,8.81657e-006
4098,-0.0295993,0.000177108,-0.135282,2.79079e-005,-0.000496005,9.4921e-006
4099,-0.0316579,0.00026574,-0.130786,2.79977e-005,-0.000988776,1.01107e-005
4100,-0.032627,0.000356484,-0.124469,2.80534e-005,-0.00157388,1.06723e-005
4101,-0.0323557,0.000449082,-0.116078,2.80748e-005,-0.00221762,1.11769e-005
4102,-0.0307602,0.000543276,-0.105474,2.80621e-005,-0.00288634,1.16246e-005
4103,-0.0278245,0.000638809,-0.0926301,2.80153e-005,-0.00354638,1.20154e-005
4104,-0.0235994,0.000735421,-0.0776311,2.79342e-005,-0.00416405,1.23492e-005
4105,-0.0182033,0.000832854,-0.0606747,2.7819e-005,-0.00470569,1.2626e-005
4106,-0.0118221,0.00093085,-0.0420701,2.76696e-005,-0.00513766,1.28459e-005
4107,-0.00470867,0.00102915,-0.022239,2.7486e-005,-0.00542625,1.30088e-005
