instance,node,component,x,y,z,aba_U1,aba_U2,aba_U3,stap_U1,stap_U2,stap_U3,abs_vec,rel_vec_percent,rel_mag_percent
PART-SUPPORTBEAM-2,12,SupportBeam/B31,0.0,10.0,-30.0,1.9346434e-15,0.0027437578,-0.2950892,1.37505e-14,-0.000102123,-0.0119928,0.2831107040196251,95.93657334517206,95.93590127954641
PART-SUPPORTBEAM-1,12,SupportBeam/B31,0.0,-10.0,-30.0,2.793473e-16,-0.0027437578,-0.2950892,-1.18734e-15,0.000102123,-0.0119928,0.2831107040196251,95.93657334517206,95.93590127954641
PART-SUPPORTBEAM-2,181,SupportBeam/B31,0.0,10.0,-26.25,2.9544297e-15,0.002447373,-0.29502523,1.09959e-14,-0.000344031,-0.013074,0.2819650475410102,95.56990985276283,95.56713312933447
PART-SUPPORTBEAM-1,181,SupportBeam/B31,0.0,-10.0,-26.25,5.2185048e-17,-0.002447373,-0.29502523,-8.54767e-16,0.000344031,-0.013074,0.2819650475410102,95.56990985276283,95.56713312933447
PART-SUPPORTBEAM-2,169,SupportBeam/B31,3.84615,10.0,-30.0,0.0006438184,0.002743332,-0.29559714,-0.00204104,-0.000110093,-0.0146399,0.2809845568839616,95.05226966531744,94.99953526671959
PART-SUPPORTBEAM-2,200,SupportBeam/B31,-3.84615,10.0,-30.0,-0.0006438184,0.002743332,-0.29559714,0.00204104,-0.000110093,-0.0146399,0.2809845568839616,95.05226966531744,94.99953526671959
PART-SUPPORTBEAM-1,169,SupportBeam/B31,3.84615,-10.0,-30.0,0.0006438184,-0.002743332,-0.29559714,-0.00204104,0.000110093,-0.0146399,0.2809845568839616,95.05226966531744,94.99953526671959
PART-SUPPORTBEAM-1,200,SupportBeam/B31,-3.84615,-10.0,-30.0,-0.0006438184,-0.002743332,-0.29559714,0.00204104,0.000110093,-0.0146399,0.2809845568839616,95.05226966531744,94.99953526671959
PART-SUPPORTBEAM-2,182,SupportBeam/B31,0.0,10.0,-22.5,3.2918726e-15,0.0021516122,-0.29495582,5.41173e-15,-0.000834831,-0.0141498,0.28082190034117216,95.20559011681748,95.19452479537323
PART-SUPPORTBEAM-1,182,SupportBeam/B31,0.0,-10.0,-22.5,-2.555939e-16,-0.0021516122,-0.29495582,-1.80318e-16,0.000834831,-0.0141498,0.28082190034117216,95.20559011681748,95.19452479537323
PART-SUPPORTBEAM-2,183,SupportBeam/B31,0.0,10.0,-18.75,3.0926096e-15,0.001856417,-0.29488096,-1.67317e-16,-0.00132563,-0.0152202,0.27967886245994317,94.84278685203823,94.81908997366833
PART-SUPPORTBEAM-1,183,SupportBeam/B31,0.0,-10.0,-18.75,-5.7697174e-16,-0.001856417,-0.29488096,4.99608e-16,0.00132563,-0.0152202,0.27967886245994317,94.84278685203823,94.81908997366833
PART-SUPPORTBEAM-2,184,SupportBeam/B31,0.0,10.0,-15.0,2.5022793e-15,0.0015617297,-0.29480067,-2.91715e-15,-0.00156754,-0.016285,0.27853324893880127,94.48056566336994,94.45047408321771
PART-SUPPORTBEAM-1,184,SupportBeam/B31,0.0,-10.0,-15.0,-8.449305e-16,-0.0015617297,-0.29480067,8.39903e-16,0.00156754,-0.016285,0.27853324893880127,94.48056566336994,94.45047408321771
PART-SUPPORTBEAM-2,185,SupportBeam/B31,0.0,10.0,-11.25,1.6665194e-15,0.0012674922,-0.29471493,-3.08287e-15,-0.00147151,-0.0184321,0.2762964065742812,93.74952649007399,93.72594593853096
PART-SUPPORTBEAM-1,185,SupportBeam/B31,0.0,-10.0,-11.25,-9.924525e-16,-0.0012674922,-0.29471493,1.1228e-15,0.00147151,-0.0184321,0.2762964065742812,93.74952649007399,93.72594593853096
PART-SUPPORTBEAM-2,170,SupportBeam/B31,7.69231,10.0,-30.0,0.0012876368,0.002742094,-0.29622424,-0.00408208,-0.000131276,-0.0214057,0.27488601281513164,92.791744407564,92.64384720089298
PART-SUPPORTBEAM-2,201,SupportBeam/B31,-7.69231,10.0,-30.0,-0.0012876368,0.002742094,-0.29622424,0.00408208,-0.000131276,-0.0214057,0.27488601281513164,92.791744407564,92.64384720089298
PART-SUPPORTBEAM-1,170,SupportBeam/B31,7.69231,-10.0,-30.0,0.0012876368,-0.002742094,-0.29622424,-0.00408208,0.000131276,-0.0214057,0.27488601281513164,92.791744407564,92.64384720089298
PART-SUPPORTBEAM-1,201,SupportBeam/B31,-7.69231,-10.0,-30.0,-0.0012876368,-0.002742094,-0.29622424,0.00408208,0.000131276,-0.0214057,0.27488601281513164,92.791744407564,92.64384720089298
PART-SUPPORTBEAM-2,186,SupportBeam/B31,0.0,10.0,-7.5,7.309683e-16,0.00097364635,-0.29462373,-4.25705e-15,-0.00124241,-0.0205737,0.2740589897243789,93.01949073198624,93.00427470495684
PART-SUPPORTBEAM-1,186,SupportBeam/B31,0.0,-10.0,-7.5,-9.525197e-16,-0.00097364635,-0.29462373,1.72187e-15,0.00124241,-0.0205737,0.2740589897243789,93.01949073198624,93.00427470495684
PART-SUPPORTBEAM-2,187,SupportBeam/B31,0.0,10.0,-3.75,-1.5873603e-16,0.0006801343,-0.2945271,-7.15226e-15,-0.000942722,-0.0227099,0.27182204450413955,92.29076704595761,92.28274821692567
PART-SUPPORTBEAM-1,187,SupportBeam/B31,0.0,-10.0,-3.75,-6.581144e-16,-0.0006801343,-0.2945271,2.35394e-15,0.000942722,-0.0227099,0.27182204450413955,92.29076704595761,92.28274821692567
PART-SUPPORTBEAM-2,10,SupportBeam/B31,0.0,10.0,0.0,-8.569555e-16,0.00038689788,-0.29442504,-1.25018e-14,-0.000634943,-0.0248406,0.26958637660107687,91.56359249874643,91.56026538613861
PART-FLOOR-1,9,Floor/S4R,0.0,10.0,0.0,-8.569555e-16,0.00038689788,-0.29442504,-1.25018e-14,-0.000634943,-0.0248406,0.26958637660107687,91.56359249874643,91.56026538613861
PART-FLOOR-1,10,Floor/S4R,0.0,-10.0,0.0,-4.22187e-17,-0.00038689788,-0.29442504,2.7018e-15,0.000634943,-0.0248406,0.26958637660107687,91.56359249874643,91.56026538613861
PART-SUPPORTBEAM-1,10,SupportBeam/B31,0.0,-10.0,0.0,-4.22187e-17,-0.00038689788,-0.29442504,2.7018e-15,0.000634943,-0.0248406,0.26958637660107687,91.56359249874643,91.56026538613861
PART-SUPPORTBEAM-2,141,SupportBeam/B31,-3.33333,10.0,-2.0,0.001307067,0.0005426483,-0.29469514,-0.00116704,-0.000763317,-0.0280156,0.2666942140456442,90.49729790094155,90.48170208425313
PART-SUPPORTBEAM-2,155,SupportBeam/B31,3.33333,10.0,-2.0,-0.001307067,0.0005426483,-0.29469514,0.00116704,-0.000763317,-0.0280156,0.2666942140456442,90.49729790094155,90.48170208425313
PART-SUPPORTBEAM-1,141,SupportBeam/B31,-3.33333,-10.0,-2.0,0.001307067,-0.0005426483,-0.29469514,-0.00116704,0.000763317,-0.0280156,0.2666942140456442,90.49729790094155,90.48170208425313
PART-SUPPORTBEAM-1,155,SupportBeam/B31,3.33333,-10.0,-2.0,-0.001307067,-0.0005426483,-0.29469514,0.00116704,0.000763317,-0.0280156,0.2666942140456442,90.49729790094155,90.48170208425313
PART-SUPPORTBEAM-2,171,SupportBeam/B31,11.53846,10.0,-30.0,0.0019314553,0.0027400749,-0.29640955,-0.00612313,-0.000162741,-0.0311613,0.26538639153612753,89.52795872181291,89.28658691356503
PART-SUPPORTBEAM-2,202,SupportBeam/B31,-11.53846,10.0,-30.0,-0.0019314553,0.0027400749,-0.29640955,0.00612313,-0.000162741,-0.0311613,0.26538639153612753,89.52795872181291,89.28658691356503
PART-SUPPORTBEAM-1,171,SupportBeam/B31,11.53846,-10.0,-30.0,0.0019314553,-0.0027400749,-0.29640955,-0.00612313,0.000162741,-0.0311613,0.26538639153612753,89.52795872181291,89.28658691356503
PART-SUPPORTBEAM-1,202,SupportBeam/B31,-11.53846,-10.0,-30.0,-0.0019314553,-0.0027400749,-0.29640955,0.00612313,0.000162741,-0.0311613,0.26538639153612753,89.52795872181291,89.28658691356503
PART-FLOOR-1,99,Floor/S4R,0.0,0.0,0.0,-4.2136686e-16,7.151421e-15,-0.3599833,-4.14927e-15,-3.10956e-13,-0.094659,0.2653243,73.70461351957161,73.70461351957161
PART-FLOOR-1,341,Floor/S4R,5.0,-5.0,0.0,-0.000497431,-0.0002010983,-0.3619919,-0.000134919,5.84524e-05,-0.0991479,0.2628443781356489,72.61048918892119,72.61046445543474
PART-FLOOR-1,343,Floor/S4R,5.0,5.0,0.0,-0.000497431,0.0002010983,-0.3619919,-0.000134919,-5.84524e-05,-0.0991479,0.2628443781356489,72.61048918892119,72.61046445543474
PART-FLOOR-1,344,Floor/S4R,-5.0,-5.0,0.0,0.000497431,-0.0002010983,-0.3619919,0.000134919,5.84524e-05,-0.0991479,0.2628443781356489,72.61048918892119,72.61046445543474
PART-FLOOR-1,346,Floor/S4R,-5.0,5.0,0.0,0.000497431,0.0002010983,-0.3619919,0.000134919,-5.84524e-05,-0.0991479,0.2628443781356489,72.61048918892119,72.61046445543474
PART-SUPPORTBEAM-2,142,SupportBeam/B31,-6.66667,10.0,-4.0,0.003023396,0.0006974005,-0.29564145,-0.000653605,-0.00085147,-0.0339855,0.2616863685914539,88.50990203576414,88.49938848265641
PART-SUPPORTBEAM-2,156,SupportBeam/B31,6.66667,10.0,-4.0,-0.003023396,0.0006974005,-0.29564145,0.000653605,-0.00085147,-0.0339855,0.2616863685914539,88.50990203576414,88.49938848265641
PART-SUPPORTBEAM-1,142,SupportBeam/B31,-6.66667,-10.0,-4.0,0.003023396,-0.0006974005,-0.29564145,-0.000653605,0.00085147,-0.0339855,0.2616863685914539,88.50990203576414,88.49938848265641
PART-SUPPORTBEAM-1,156,SupportBeam/B31,6.66667,-10.0,-4.0,-0.003023396,-0.0006974005,-0.29564145,0.000653605,0.00085147,-0.0339855,0.2616863685914539,88.50990203576414,88.49938848265641
PART-FLOOR-1,96,Floor/S4R,10.0,10.0,0.0,-0.0010079407,0.00041078145,-0.39489084,-0.000476732,0.00012714,-0.138326,0.25656554671151915,64.97101126408292,64.9709893245223
PART-FLOOR-1,102,Floor/S4R,10.0,-10.0,0.0,-0.0010079407,-0.00041078145,-0.39489084,-0.000476732,-0.00012714,-0.138326,0.25656554671151915,64.97101126408292,64.9709893245223
PART-FLOOR-1,111,Floor/S4R,-10.0,10.0,0.0,0.0010079407,0.00041078145,-0.39489084,0.000476732,0.00012714,-0.138326,0.25656554671151915,64.97101126408292,64.9709893245223
PART-FLOOR-1,129,Floor/S4R,-10.0,-10.0,0.0,0.0010079407,-0.00041078145,-0.39489084,0.000476732,-0.00012714,-0.138326,0.25656554671151915,64.97101126408292,64.9709893245223
PART-SUPPORTBEAM-2,143,SupportBeam/B31,-10.0,10.0,-6.0,0.0047985916,0.0008512983,-0.29668006,0.00105536,-0.00090393,-0.0419421,0.2547715071866514,85.86257539027439,85.85700326502382
PART-SUPPORTBEAM-2,157,SupportBeam/B31,10.0,10.0,-6.0,-0.0047985916,0.0008512983,-0.29668006,-0.00105536,-0.00090393,-0.0419421,0.2547715071866514,85.86257539027439,85.85700326502382
PART-SUPPORTBEAM-1,143,SupportBeam/B31,-10.0,-10.0,-6.0,0.0047985916,-0.0008512983,-0.29668006,0.00105536,0.00090393,-0.0419421,0.2547715071866514,85.86257539027439,85.85700326502382
PART-SUPPORTBEAM-1,157,SupportBeam/B31,10.0,-10.0,-6.0,-0.0047985916,-0.0008512983,-0.29668006,-0.00105536,0.00090393,-0.0419421,0.2547715071866514,85.86257539027439,85.85700326502382
PART-SUPPORTBEAM-2,172,SupportBeam/B31,15.38462,10.0,-30.0,0.0025752736,0.002737306,-0.29573292,-0.00816417,-0.000201557,-0.0429187,0.2530592863318372,85.56330274799342,85.22814167006817
PART-SUPPORTBEAM-2,203,SupportBeam/B31,-15.38462,10.0,-30.0,-0.0025752736,0.002737306,-0.29573292,0.00816417,-0.000201557,-0.0429187,0.2530592863318372,85.56330274799342,85.22814167006817
PART-SUPPORTBEAM-1,172,SupportBeam/B31,15.38462,-10.0,-30.0,0.0025752736,-0.002737306,-0.29573292,-0.00816417,0.000201557,-0.0429187,0.2530592863318372,85.56330274799342,85.22814167006817
PART-SUPPORTBEAM-1,203,SupportBeam/B31,-15.38462,-10.0,-30.0,-0.0025752736,-0.002737306,-0.29573292,0.00816417,0.000201557,-0.0429187,0.2530592863318372,85.56330274799342,85.22814167006817
PART-FLOOR-1,339,Floor/S4R,10.0,0.0,0.0,-0.0010014938,7.487289e-15,-0.4133748,-0.000366719,-3.01943e-13,-0.160613,0.2527625970714154,61.14592744089931,61.14592682280242
PART-FLOOR-1,348,Floor/S4R,-10.0,0.0,0.0,0.0010014938,6.7888247e-15,-0.4133748,0.000366719,-3.16577e-13,-0.160613,0.2527625970714154,61.14592744089931,61.14592682280242
PART-FLOOR-1,97,Floor/S4R,5.0,10.0,0.0,-0.0004046246,0.00014975635,-0.3296361,-0.000291661,2.38249e-05,-0.0780121,0.2516240568695788,76.33382428022718,76.33372618329278
PART-FLOOR-1,101,Floor/S4R,5.0,-10.0,0.0,-0.0004046246,-0.00014975635,-0.3296361,-0.000291661,-2.38249e-05,-0.0780121,0.2516240568695788,76.33382428022718,76.33372618329278
PART-FLOOR-1,110,Floor/S4R,-5.0,10.0,0.0,0.0004046246,0.00014975635,-0.3296361,0.000291661,2.38249e-05,-0.0780121,0.2516240568695788,76.33382428022718,76.33372618329278
PART-FLOOR-1,130,Floor/S4R,-5.0,-10.0,0.0,0.0004046246,-0.00014975635,-0.3296361,0.000291661,-2.38249e-05,-0.0780121,0.2516240568695788,76.33382428022718,76.33372618329278
PART-FLOOR-1,98,Floor/S4R,0.0,5.0,0.0,-4.511597e-16,7.297172e-05,-0.34479007,-7.78607e-15,-0.000207605,-0.0936753,0.25111492674759245,72.83125094746288,72.83114100389855
PART-FLOOR-1,100,Floor/S4R,0.0,-5.0,0.0,-1.5886998e-16,-7.297172e-05,-0.34479007,-6.25723e-16,0.000207605,-0.0936753,0.25111492674759245,72.83125094746288,72.83114100389855
PART-FLOOR-1,342,Floor/S4R,5.0,0.0,0.0,-0.00040798704,7.317275e-15,-0.37569892,-0.000147411,-3.06794e-13,-0.128592,0.24710705738962416,65.77259037287631,65.77259027793717
PART-FLOOR-1,345,Floor/S4R,-5.0,0.0,0.0,0.00040798704,6.9765975e-15,-0.37569892,0.000147411,-3.14239e-13,-0.128592,0.24710705738962416,65.77259037287631,65.77259027793717
PART-SUPPORTBEAM-2,144,SupportBeam/B31,-13.33333,10.0,-8.0,0.006347081,0.0010044856,-0.29733494,0.00353955,-0.000925228,-0.0511849,0.24617361397374735,82.77403981598681,82.74555308740268
PART-SUPPORTBEAM-2,158,SupportBeam/B31,13.33333,10.0,-8.0,-0.006347081,0.0010044856,-0.29733494,-0.00353955,-0.000925228,-0.0511849,0.24617361397374735,82.77403981598681,82.74555308740268
PART-SUPPORTBEAM-1,144,SupportBeam/B31,-13.33333,-10.0,-8.0,0.006347081,-0.0010044856,-0.29733494,0.00353955,0.000925228,-0.0511849,0.24617361397374735,82.77403981598681,82.74555308740268
PART-SUPPORTBEAM-1,158,SupportBeam/B31,13.33333,-10.0,-8.0,-0.006347081,-0.0010044856,-0.29733494,-0.00353955,0.000925228,-0.0511849,0.24617361397374735,82.77403981598681,82.74555308740268
PART-FLOOR-1,335,Floor/S4R,15.0,-5.0,0.0,-0.001524602,-0.00022083079,-0.45685697,-0.000653901,-8.43059e-05,-0.216779,0.24007958771748564,52.54997485265663,52.54996980612495
PART-FLOOR-1,337,Floor/S4R,15.0,5.0,0.0,-0.001524602,0.00022083079,-0.45685697,-0.000653901,8.43059e-05,-0.216779,0.24007958771748564,52.54997485265663,52.54996980612495
PART-FLOOR-1,350,Floor/S4R,-15.0,-5.0,0.0,0.001524602,-0.00022083079,-0.45685697,0.000653901,-8.43059e-05,-0.216779,0.24007958771748564,52.54997485265663,52.54996980612495
PART-FLOOR-1,352,Floor/S4R,-15.0,5.0,0.0,0.001524602,0.00022083079,-0.45685697,0.000653901,8.43059e-05,-0.216779,0.24007958771748564,52.54997485265663,52.54996980612495
PART-FLOOR-1,338,Floor/S4R,10.0,-5.0,0.0,-0.00080633897,-6.241057e-05,-0.407936,-0.000401497,-6.9458e-05,-0.168486,0.23945034233988255,58.6979015738453,58.69789340027477
PART-FLOOR-1,340,Floor/S4R,10.0,5.0,0.0,-0.00080633897,6.241057e-05,-0.407936,-0.000401497,6.9458e-05,-0.168486,0.23945034233988255,58.6979015738453,58.69789340027477
PART-FLOOR-1,347,Floor/S4R,-10.0,-5.0,0.0,0.00080633897,-6.241057e-05,-0.407936,0.000401497,-6.9458e-05,-0.168486,0.23945034233988255,58.6979015738453,58.69789340027477
PART-FLOOR-1,349,Floor/S4R,-10.0,5.0,0.0,0.00080633897,6.241057e-05,-0.407936,0.000401497,6.9458e-05,-0.168486,0.23945034233988255,58.6979015738453,58.69789340027477
PART-SUPPORTBEAM-2,173,SupportBeam/B31,19.23077,10.0,-30.0,0.0032190923,0.002733819,-0.29391506,-0.0102052,-0.000244792,-0.0558298,0.2384820219146776,81.13140094659383,80.69186493430513
PART-SUPPORTBEAM-2,204,SupportBeam/B31,-19.23077,10.0,-30.0,-0.0032190923,0.002733819,-0.29391506,0.0102052,-0.000244792,-0.0558298,0.2384820219146776,81.13140094659383,80.69186493430513
PART-SUPPORTBEAM-1,173,SupportBeam/B31,19.23077,-10.0,-30.0,0.0032190923,-0.002733819,-0.29391506,-0.0102052,0.000244792,-0.0558298,0.2384820219146776,81.13140094659383,80.69186493430513
PART-SUPPORTBEAM-1,204,SupportBeam/B31,-19.23077,-10.0,-30.0,-0.0032190923,-0.002733819,-0.29391506,0.0102052,0.000244792,-0.0558298,0.2384820219146776,81.13140094659383,80.69186493430513
PART-SUPPORTBEAM-2,145,SupportBeam/B31,-16.66667,10.0,-10.0,0.007448112,0.0011571064,-0.29723823,0.00644332,-0.000919893,-0.0611212,0.2361283028133048,79.41522832013005,79.32735119334264
PART-SUPPORTBEAM-2,159,SupportBeam/B31,16.66667,10.0,-10.0,-0.007448112,0.0011571064,-0.29723823,-0.00644332,-0.000919893,-0.0611212,0.2361283028133048,79.41522832013005,79.32735119334264
PART-SUPPORTBEAM-1,145,SupportBeam/B31,-16.66667,-10.0,-10.0,0.007448112,-0.0011571064,-0.29723823,0.00644332,0.000919893,-0.0611212,0.2361283028133048,79.41522832013005,79.32735119334264
PART-SUPPORTBEAM-1,159,SupportBeam/B31,16.66667,-10.0,-10.0,-0.007448112,-0.0011571064,-0.29723823,-0.00644332,0.000919893,-0.0611212,0.2361283028133048,79.41522832013005,79.32735119334264
PART-FLOOR-1,95,Floor/S4R,15.0,10.0,0.0,-0.0011827515,0.000103795464,-0.45507059,-0.000678699,0.000157959,-0.227619,0.2274521549604213,49.98156018410297,49.981541996624806
PART-FLOOR-1,103,Floor/S4R,15.0,-10.0,0.0,-0.0011827515,-0.000103795464,-0.45507059,-0.000678699,-0.000157959,-0.227619,0.2274521549604213,49.98156018410297,49.981541996624806
PART-FLOOR-1,112,Floor/S4R,-15.0,10.0,0.0,0.0011827515,0.000103795464,-0.45507059,0.000678699,0.000157959,-0.227619,0.2274521549604213,49.98156018410297,49.981541996624806
PART-FLOOR-1,128,Floor/S4R,-15.0,-10.0,0.0,0.0011827515,-0.000103795464,-0.45507059,0.000678699,-0.000157959,-0.227619,0.2274521549604213,49.98156018410297,49.981541996624806
PART-FLOOR-1,336,Floor/S4R,15.0,0.0,0.0,-0.0011910077,7.600829e-15,-0.45834816,-0.000637718,-2.96514e-13,-0.233088,0.22526083950104983,49.146063772633006,49.14606279483091
PART-FLOOR-1,351,Floor/S4R,-15.0,0.0,0.0,0.0011910077,6.640321e-15,-0.45834816,0.000637718,-3.18021e-13,-0.233088,0.22526083950104983,49.146063772633006,49.14606279483091
PART-SUPPORTBEAM-2,146,SupportBeam/B31,-20.0,10.0,-12.0,0.007945754,0.0013093045,-0.29613003,0.00947567,-0.000892452,-0.0712659,0.22488011324994756,75.91158840342274,75.72955969055528
PART-SUPPORTBEAM-2,160,SupportBeam/B31,20.0,10.0,-12.0,-0.007945754,0.0013093045,-0.29613003,-0.00947567,-0.000892452,-0.0712659,0.22488011324994756,75.91158840342274,75.72955969055528
PART-SUPPORTBEAM-1,146,SupportBeam/B31,-20.0,-10.0,-12.0,0.007945754,-0.0013093045,-0.29613003,0.00947567,0.000892452,-0.0712659,0.22488011324994756,75.91158840342274,75.72955969055528
PART-SUPPORTBEAM-1,160,SupportBeam/B31,20.0,-10.0,-12.0,-0.007945754,-0.0013093045,-0.29613003,-0.00947567,0.000892452,-0.0712659,0.22488011324994756,75.91158840342274,75.72955969055528
PART-FLOOR-1,94,Floor/S4R,20.0,10.0,0.0,-0.0020783583,0.0004748796,-0.49524748,-0.000907002,0.000155306,-0.271826,0.2234247791276916,45.11334596217269,45.113291846601804
PART-FLOOR-1,104,Floor/S4R,20.0,-10.0,0.0,-0.0020783583,-0.0004748796,-0.49524748,-0.000907002,-0.000155306,-0.271826,0.2234247791276916,45.11334596217269,45.113291846601804
PART-FLOOR-1,113,Floor/S4R,-20.0,10.0,0.0,0.0020783583,0.0004748796,-0.49524748,0.000907002,0.000155306,-0.271826,0.2234247791276916,45.11334596217269,45.113291846601804
PART-FLOOR-1,127,Floor/S4R,-20.0,-10.0,0.0,0.0020783583,-0.0004748796,-0.49524748,0.000907002,-0.000155306,-0.271826,0.2234247791276916,45.11334596217269,45.113291846601804
PART-SUPPORTBEAM-2,174,SupportBeam/B31,23.07692,10.0,-30.0,0.0038629107,0.0027296448,-0.29081747,-0.0122463,-0.000289516,-0.0691872,0.22223545752554014,76.40740041128372,75.84259347665136
PART-SUPPORTBEAM-2,205,SupportBeam/B31,-23.07692,10.0,-30.0,-0.0038629107,0.0027296448,-0.29081747,0.0122463,-0.000289516,-0.0691872,0.22223545752554014,76.40740041128372,75.84259347665136
PART-SUPPORTBEAM-1,174,SupportBeam/B31,23.07692,-10.0,-30.0,0.0038629107,-0.0027296448,-0.29081747,-0.0122463,0.000289516,-0.0691872,0.22223545752554014,76.40740041128372,75.84259347665136
PART-SUPPORTBEAM-1,205,SupportBeam/B31,-23.07692,-10.0,-30.0,-0.0038629107,-0.0027296448,-0.29081747,0.0122463,0.000289516,-0.0691872,0.22223545752554014,76.40740041128372,75.84259347665136
PART-FLOOR-1,333,Floor/S4R,20.0,0.0,0.0,-0.002067787,7.719011e-15,-0.49015358,-0.000897616,-2.90531e-13,-0.267981,0.2221756615924112,45.3273613928637,45.32731584086024
PART-FLOOR-1,354,Floor/S4R,-20.0,0.0,0.0,0.002067787,6.4788385e-15,-0.49015358,0.000897616,-3.18643e-13,-0.267981,0.2221756615924112,45.3273613928637,45.32731584086024
PART-SUPPORTBEAM-2,147,SupportBeam/B31,-23.33333,10.0,-14.0,0.007748899,0.0014612238,-0.29385847,0.0124102,-0.000847435,-0.0812417,0.21268039053401305,72.34906613434585,72.0413375911577
PART-SUPPORTBEAM-2,161,SupportBeam/B31,23.33333,10.0,-14.0,-0.007748899,0.0014612238,-0.29385847,-0.0124102,-0.000847435,-0.0812417,0.21268039053401305,72.34906613434585,72.0413375911577
PART-SUPPORTBEAM-1,147,SupportBeam/B31,-23.33333,-10.0,-14.0,0.007748899,-0.0014612238,-0.29385847,0.0124102,0.000847435,-0.0812417,0.21268039053401305,72.34906613434585,72.0413375911577
PART-SUPPORTBEAM-1,161,SupportBeam/B31,23.33333,-10.0,-14.0,-0.007748899,-0.0014612238,-0.29385847,-0.0124102,0.000847435,-0.0812417,0.21268039053401305,72.34906613434585,72.0413375911577
PART-FLOOR-1,332,Floor/S4R,20.0,-5.0,0.0,-0.0015484488,-3.640435e-05,-0.49082989,-0.000902913,-8.0832e-05,-0.282232,0.20859889357984923,42.4990122290188,42.4990090483472
PART-FLOOR-1,334,Floor/S4R,20.0,5.0,0.0,-0.0015484488,3.640435e-05,-0.49082989,-0.000902913,8.0832e-05,-0.282232,0.20859889357984923,42.4990122290188,42.4990090483472
PART-FLOOR-1,353,Floor/S4R,-20.0,-5.0,0.0,0.0015484488,-3.640435e-05,-0.49082989,0.000902913,-8.0832e-05,-0.282232,0.20859889357984923,42.4990122290188,42.4990090483472
PART-FLOOR-1,355,Floor/S4R,-20.0,5.0,0.0,0.0015484488,3.640435e-05,-0.49082989,0.000902913,8.0832e-05,-0.282232,0.20859889357984923,42.4990122290188,42.4990090483472
PART-SUPPORTBEAM-2,175,SupportBeam/B31,26.92308,10.0,-30.0,0.004506729,0.0027248147,-0.28644243,-0.0142873,-0.000332798,-0.082424,0.20490506167769737,71.52237826332421,70.80054229386289
PART-SUPPORTBEAM-2,206,SupportBeam/B31,-26.92308,10.0,-30.0,-0.004506729,0.0027248147,-0.28644243,0.0142873,-0.000332798,-0.082424,0.20490506167769737,71.52237826332421,70.80054229386289
PART-SUPPORTBEAM-1,175,SupportBeam/B31,26.92308,-10.0,-30.0,0.004506729,-0.0027248147,-0.28644243,-0.0142873,0.000332798,-0.082424,0.20490506167769737,71.52237826332421,70.80054229386289
PART-SUPPORTBEAM-1,206,SupportBeam/B31,-26.92308,-10.0,-30.0,-0.004506729,-0.0027248147,-0.28644243,0.0142873,0.000332798,-0.082424,0.20490506167769737,71.52237826332421,70.80054229386289
PART-FLOOR-1,329,Floor/S4R,25.0,-5.0,0.0,-0.0026460653,-0.000250792,-0.49927437,-0.00114907,-7.63187e-05,-0.2969,0.20237998188743261,40.53424856964952,40.53409424935782
PART-FLOOR-1,331,Floor/S4R,25.0,5.0,0.0,-0.0026460653,0.000250792,-0.49927437,-0.00114907,7.63187e-05,-0.2969,0.20237998188743261,40.53424856964952,40.53409424935782
PART-FLOOR-1,356,Floor/S4R,-25.0,-5.0,0.0,0.0026460653,-0.000250792,-0.49927437,0.00114907,-7.63187e-05,-0.2969,0.20237998188743261,40.53424856964952,40.53409424935782
PART-FLOOR-1,358,Floor/S4R,-25.0,5.0,0.0,0.0026460653,0.000250792,-0.49927437,0.00114907,7.63187e-05,-0.2969,0.20237998188743261,40.53424856964952,40.53409424935782
PART-SUPPORTBEAM-2,148,SupportBeam/B31,-26.66667,10.0,-16.0,0.0068312627,0.0016130084,-0.29037976,0.0150852,-0.000789372,-0.0907792,0.1997855912343336,68.78139509158126,68.31715641437978
PART-SUPPORTBEAM-2,162,SupportBeam/B31,26.66667,10.0,-16.0,-0.0068312627,0.0016130084,-0.29037976,-0.0150852,-0.000789372,-0.0907792,0.1997855912343336,68.78139509158126,68.31715641437978
PART-SUPPORTBEAM-1,148,SupportBeam/B31,-26.66667,-10.0,-16.0,0.0068312627,-0.0016130084,-0.29037976,0.0150852,0.000789372,-0.0907792,0.1997855912343336,68.78139509158126,68.31715641437978
PART-SUPPORTBEAM-1,162,SupportBeam/B31,26.66667,-10.0,-16.0,-0.0068312627,-0.0016130084,-0.29037976,-0.0150852,0.000789372,-0.0907792,0.1997855912343336,68.78139509158126,68.31715641437978
PART-FLOOR-1,93,Floor/S4R,25.0,10.0,0.0,-0.001870357,3.2440857e-05,-0.505564,-0.0011479,0.000150502,-0.31664,0.18892541824368247,37.368982955914746,37.36896832808841
PART-FLOOR-1,105,Floor/S4R,25.0,-10.0,0.0,-0.001870357,-3.2440857e-05,-0.505564,-0.0011479,-0.000150502,-0.31664,0.18892541824368247,37.368982955914746,37.36896832808841
PART-FLOOR-1,114,Floor/S4R,-25.0,10.0,0.0,0.001870357,3.2440857e-05,-0.505564,0.0011479,0.000150502,-0.31664,0.18892541824368247,37.368982955914746,37.36896832808841
PART-FLOOR-1,126,Floor/S4R,-25.0,-10.0,0.0,0.001870357,-3.2440857e-05,-0.505564,0.0011479,-0.000150502,-0.31664,0.18892541824368247,37.368982955914746,37.36896832808841
PART-FLOOR-1,330,Floor/S4R,25.0,0.0,0.0,-0.0018792292,7.801363e-15,-0.49788436,-0.00114839,-2.84024e-13,-0.309547,0.18833877799780335,37.82754622888326,37.827545886754535
PART-FLOOR-1,357,Floor/S4R,-25.0,0.0,0.0,0.0018792292,6.3358518e-15,-0.49788436,0.00114839,-3.18469e-13,-0.309547,0.18833877799780335,37.82754622888326,37.827545886754535
PART-SUPPORTBEAM-2,176,SupportBeam/B31,30.76923,10.0,-30.0,0.0051505473,0.00271936,-0.28093305,-0.0163283,-0.000371707,-0.0951135,0.18708233678981484,66.57890327704017,65.65556837335083
PART-SUPPORTBEAM-2,207,SupportBeam/B31,-30.76923,10.0,-30.0,-0.0051505473,0.00271936,-0.28093305,0.0163283,-0.000371707,-0.0951135,0.18708233678981484,66.57890327704017,65.65556837335083
PART-SUPPORTBEAM-1,176,SupportBeam/B31,30.76923,-10.0,-30.0,0.0051505473,-0.00271936,-0.28093305,-0.0163283,0.000371707,-0.0951135,0.18708233678981484,66.57890327704017,65.65556837335083
PART-SUPPORTBEAM-1,207,SupportBeam/B31,-30.76923,-10.0,-30.0,-0.0051505473,-0.00271936,-0.28093305,0.0163283,0.000371707,-0.0951135,0.18708233678981484,66.57890327704017,65.65556837335083
PART-SUPPORTBEAM-2,149,SupportBeam/B31,-30.0,10.0,-18.0,0.0052313777,0.0017648021,-0.2857581,0.0174036,-0.000722791,-0.0997164,0.18645606789279293,65.23744269137237,64.58282952495983
PART-SUPPORTBEAM-2,163,SupportBeam/B31,30.0,10.0,-18.0,-0.0052313777,0.0017648021,-0.2857581,-0.0174036,-0.000722791,-0.0997164,0.18645606789279293,65.23744269137237,64.58282952495983
PART-SUPPORTBEAM-1,149,SupportBeam/B31,-30.0,-10.0,-18.0,0.0052313777,-0.0017648021,-0.2857581,0.0174036,0.000722791,-0.0997164,0.18645606789279293,65.23744269137237,64.58282952495983
PART-SUPPORTBEAM-1,163,SupportBeam/B31,30.0,-10.0,-18.0,-0.0052313777,-0.0017648021,-0.2857581,-0.0174036,0.000722791,-0.0997164,0.18645606789279293,65.23744269137237,64.58282952495983
PART-FLOOR-1,327,Floor/S4R,30.0,0.0,0.0,-0.0032624532,7.879147e-15,-0.47822887,-0.0013949,-2.77029e-13,-0.297684,0.18055452871161032,37.75395815085371,37.75358201800826
PART-FLOOR-1,360,Floor/S4R,-30.0,0.0,0.0,0.0032624532,6.1896433e-15,-0.47822887,0.0013949,-3.17526e-13,-0.297684,0.18055452871161032,37.75395815085371,37.75358201800826
PART-FLOOR-1,92,Floor/S4R,30.0,10.0,0.0,-0.0032585135,0.0005479046,-0.4829595,-0.00139243,0.000147572,-0.302428,0.18054158807895096,37.38147044921031,37.3810508892935
PART-FLOOR-1,106,Floor/S4R,30.0,-10.0,0.0,-0.0032585135,-0.0005479046,-0.4829595,-0.00139243,-0.000147572,-0.302428,0.18054158807895096,37.38147044921031,37.3810508892935
PART-FLOOR-1,115,Floor/S4R,-30.0,10.0,0.0,0.0032585135,0.0005479046,-0.4829595,0.00139243,0.000147572,-0.302428,0.18054158807895096,37.38147044921031,37.3810508892935
PART-FLOOR-1,125,Floor/S4R,-30.0,-10.0,0.0,0.0032585135,-0.0005479046,-0.4829595,0.00139243,-0.000147572,-0.302428,0.18054158807895096,37.38147044921031,37.3810508892935
PART-SUPPORTBEAM-2,150,SupportBeam/B31,-33.33333,10.0,-20.0,0.0030526014,0.0019167488,-0.2801658,0.019333,-0.000652221,-0.107999,0.17295391873747237,61.72759368595631,60.841536168321454
PART-SUPPORTBEAM-2,164,SupportBeam/B31,33.33333,10.0,-20.0,-0.0030526014,0.0019167488,-0.2801658,-0.019333,-0.000652221,-0.107999,0.17295391873747237,61.72759368595631,60.841536168321454
PART-SUPPORTBEAM-1,150,SupportBeam/B31,-33.33333,-10.0,-20.0,0.0030526014,-0.0019167488,-0.2801658,0.019333,0.000652221,-0.107999,0.17295391873747237,61.72759368595631,60.841536168321454
PART-SUPPORTBEAM-1,164,SupportBeam/B31,33.33333,-10.0,-20.0,-0.0030526014,-0.0019167488,-0.2801658,-0.019333,0.000652221,-0.107999,0.17295391873747237,61.72759368595631,60.841536168321454
PART-SUPPORTBEAM-2,177,SupportBeam/B31,34.61538,10.0,-30.0,0.005794366,0.0027133122,-0.2745732,-0.0183694,-0.00040331,-0.10697,0.1693647943684882,61.666189871182496,60.48154923796345
PART-SUPPORTBEAM-2,208,SupportBeam/B31,-34.61538,10.0,-30.0,-0.005794366,0.0027133122,-0.2745732,0.0183694,-0.00040331,-0.10697,0.1693647943684882,61.666189871182496,60.48154923796345
PART-SUPPORTBEAM-1,177,SupportBeam/B31,34.61538,-10.0,-30.0,0.005794366,-0.0027133122,-0.2745732,-0.0183694,0.00040331,-0.10697,0.1693647943684882,61.666189871182496,60.48154923796345
PART-SUPPORTBEAM-1,208,SupportBeam/B31,-34.61538,-10.0,-30.0,-0.005794366,-0.0027133122,-0.2745732,0.0183694,0.00040331,-0.10697,0.1693647943684882,61.666189871182496,60.48154923796345
PART-FLOOR-1,326,Floor/S4R,30.0,-5.0,0.0,-0.0021706654,-1.6752054e-05,-0.47881278,-0.00139439,-7.39411e-05,-0.31211,0.1667045972185891,34.815880245657425,34.815876023566304
PART-FLOOR-1,328,Floor/S4R,30.0,5.0,0.0,-0.0021706654,1.6752054e-05,-0.47881278,-0.00139439,7.39411e-05,-0.31211,0.1667045972185891,34.815880245657425,34.815876023566304
PART-FLOOR-1,359,Floor/S4R,-30.0,-5.0,0.0,0.0021706654,-1.6752054e-05,-0.47881278,0.00139439,-7.39411e-05,-0.31211,0.1667045972185891,34.815880245657425,34.815876023566304
PART-FLOOR-1,361,Floor/S4R,-30.0,5.0,0.0,0.0021706654,1.6752054e-05,-0.47881278,0.00139439,7.39411e-05,-0.31211,0.1667045972185891,34.815880245657425,34.815876023566304
PART-SUPPORTBEAM-2,151,SupportBeam/B31,-36.66667,10.0,-22.0,0.00046311063,0.0020689925,-0.2738831,0.0209055,-0.000582192,-0.115682,0.15953842202935858,58.24880832627899,57.07887237517091
PART-SUPPORTBEAM-2,165,SupportBeam/B31,36.66667,10.0,-22.0,-0.00046311063,0.0020689925,-0.2738831,-0.0209055,-0.000582192,-0.115682,0.15953842202935858,58.24880832627899,57.07887237517091
PART-SUPPORTBEAM-1,151,SupportBeam/B31,-36.66667,-10.0,-22.0,0.00046311063,-0.0020689925,-0.2738831,0.0209055,0.000582192,-0.115682,0.15953842202935858,58.24880832627899,57.07887237517091
PART-SUPPORTBEAM-1,165,SupportBeam/B31,36.66667,-10.0,-22.0,-0.00046311063,-0.0020689925,-0.2738831,-0.0209055,0.000582192,-0.115682,0.15953842202935858,58.24880832627899,57.07887237517091
PART-FLOOR-1,323,Floor/S4R,35.0,-5.0,0.0,-0.003909308,-0.00025365577,-0.4333933,-0.00163949,-7.18965e-05,-0.275243,0.15816669213293721,36.493464678740125,36.492638902360746
PART-FLOOR-1,325,Floor/S4R,35.0,5.0,0.0,-0.003909308,0.00025365577,-0.4333933,-0.00163949,7.18965e-05,-0.275243,0.15816669213293721,36.493464678740125,36.492638902360746
PART-FLOOR-1,362,Floor/S4R,-35.0,-5.0,0.0,0.003909308,-0.00025365577,-0.4333933,0.00163949,-7.18965e-05,-0.275243,0.15816669213293721,36.493464678740125,36.492638902360746
PART-FLOOR-1,364,Floor/S4R,-35.0,5.0,0.0,0.003909308,0.00025365577,-0.4333933,0.00163949,7.18965e-05,-0.275243,0.15816669213293721,36.493464678740125,36.492638902360746
PART-SUPPORTBEAM-2,178,SupportBeam/B31,38.46154,10.0,-30.0,0.0064381845,0.0027067023,-0.26778767,-0.0204104,-0.000424679,-0.117846,0.15235864412920103,56.87597725143432,55.352487125470205
PART-SUPPORTBEAM-2,209,SupportBeam/B31,-38.46154,10.0,-30.0,-0.0064381845,0.0027067023,-0.26778767,0.0204104,-0.000424679,-0.117846,0.15235864412920103,56.87597725143432,55.352487125470205
PART-SUPPORTBEAM-1,178,SupportBeam/B31,38.46154,-10.0,-30.0,0.0064381845,-0.0027067023,-0.26778767,-0.0204104,0.000424679,-0.117846,0.15235864412920103,56.87597725143432,55.352487125470205
PART-SUPPORTBEAM-1,209,SupportBeam/B31,-38.46154,-10.0,-30.0,-0.0064381845,-0.0027067023,-0.26778767,0.0204104,0.000424679,-0.117846,0.15235864412920103,56.87597725143432,55.352487125470205
PART-SUPPORTBEAM-2,152,SupportBeam/B31,-40.0,10.0,-24.0,-0.0023040902,0.002221677,-0.2672984,0.022218,-0.000517232,-0.122925,0.1464667646868982,54.79129886290405,53.26987780278342
PART-SUPPORTBEAM-2,166,SupportBeam/B31,40.0,10.0,-24.0,0.0023040902,0.002221677,-0.2672984,-0.022218,-0.000517232,-0.122925,0.1464667646868982,54.79129886290405,53.26987780278342
PART-SUPPORTBEAM-1,152,SupportBeam/B31,-40.0,-10.0,-24.0,-0.0023040902,-0.002221677,-0.2672984,0.022218,0.000517232,-0.122925,0.1464667646868982,54.79129886290405,53.26987780278342
PART-SUPPORTBEAM-1,166,SupportBeam/B31,40.0,-10.0,-24.0,0.0023040902,-0.002221677,-0.2672984,-0.022218,0.000517232,-0.122925,0.1464667646868982,54.79129886290405,53.26987780278342
PART-FLOOR-1,324,Floor/S4R,35.0,0.0,0.0,-0.0024356132,7.925886e-15,-0.43507156,-0.00163963,-2.69583e-13,-0.290977,0.14409675850222411,33.119724161826646,33.11972402567377
PART-FLOOR-1,363,Floor/S4R,-35.0,0.0,0.0,0.0024356132,6.0567493e-15,-0.43507156,0.00163963,-3.15842e-13,-0.290977,0.14409675850222411,33.119724161826646,33.11972402567377
PART-FLOOR-1,91,Floor/S4R,35.0,10.0,0.0,-0.0024125548,-2.1208252e-05,-0.43105483,-0.0016375,0.000144974,-0.287345,0.14371201607768494,33.3390917058469,33.33906001579944
PART-FLOOR-1,107,Floor/S4R,35.0,-10.0,0.0,-0.0024125548,2.1208252e-05,-0.43105483,-0.0016375,-0.000144974,-0.287345,0.14371201607768494,33.3390917058469,33.33906001579944
PART-FLOOR-1,116,Floor/S4R,-35.0,10.0,0.0,0.0024125548,-2.1208252e-05,-0.43105483,0.0016375,0.000144974,-0.287345,0.14371201607768494,33.3390917058469,33.33906001579944
PART-FLOOR-1,124,Floor/S4R,-35.0,-10.0,0.0,0.0024125548,2.1208252e-05,-0.43105483,0.0016375,-0.000144974,-0.287345,0.14371201607768494,33.3390917058469,33.33906001579944
PART-SUPPORTBEAM-2,179,SupportBeam/B31,42.30769,10.0,-30.0,0.007082003,0.0026995619,-0.2611419,-0.0224515,-0.00043288,-0.127738,0.13666982302951108,52.31343541302908,50.35565423469547
PART-SUPPORTBEAM-2,210,SupportBeam/B31,-42.30769,10.0,-30.0,-0.007082003,0.0026995619,-0.2611419,0.0224515,-0.00043288,-0.127738,0.13666982302951108,52.31343541302908,50.35565423469547
PART-SUPPORTBEAM-1,179,SupportBeam/B31,42.30769,-10.0,-30.0,0.007082003,-0.0026995619,-0.2611419,-0.0224515,0.00043288,-0.127738,0.13666982302951108,52.31343541302908,50.35565423469547
PART-SUPPORTBEAM-1,210,SupportBeam/B31,-42.30769,-10.0,-30.0,-0.007082003,-0.0026995619,-0.2611419,0.0224515,0.00043288,-0.127738,0.13666982302951108,52.31343541302908,50.35565423469547
PART-FLOOR-1,321,Floor/S4R,40.0,0.0,0.0,-0.0045991857,7.96837e-15,-0.3798975,-0.00188138,-2.61722e-13,-0.244069,0.13585568769864936,35.75852249019304,35.75678529050275
PART-FLOOR-1,366,Floor/S4R,-40.0,0.0,0.0,0.0045991857,5.9223968e-15,-0.3798975,0.00188138,-3.13445e-13,-0.244069,0.13585568769864936,35.75852249019304,35.75678529050275
PART-FLOOR-1,90,Floor/S4R,40.0,10.0,0.0,-0.004550467,0.0004948663,-0.3602688,-0.00188441,0.000140206,-0.224658,0.135637467981733,37.64592488155041,37.644387792583615
PART-FLOOR-1,108,Floor/S4R,40.0,-10.0,0.0,-0.004550467,-0.0004948663,-0.3602688,-0.00188441,-0.000140206,-0.224658,0.135637467981733,37.64592488155041,37.644387792583615
PART-FLOOR-1,117,Floor/S4R,-40.0,10.0,0.0,0.004550467,0.0004948663,-0.3602688,0.00188441,0.000140206,-0.224658,0.135637467981733,37.64592488155041,37.644387792583615
PART-FLOOR-1,123,Floor/S4R,-40.0,-10.0,0.0,0.004550467,-0.0004948663,-0.3602688,0.00188441,-0.000140206,-0.224658,0.135637467981733,37.64592488155041,37.644387792583615
PART-SUPPORTBEAM-2,153,SupportBeam/B31,-43.33333,10.0,-26.0,-0.0049511814,0.0023749461,-0.260908,0.023432,-0.00046187,-0.129998,0.1339816428171058,51.34069383706207,49.38274150660271
PART-SUPPORTBEAM-2,167,SupportBeam/B31,43.33333,10.0,-26.0,0.0049511814,0.0023749461,-0.260908,-0.023432,-0.00046187,-0.129998,0.1339816428171058,51.34069383706207,49.38274150660271
PART-SUPPORTBEAM-1,153,SupportBeam/B31,-43.33333,-10.0,-26.0,-0.0049511814,-0.0023749461,-0.260908,0.023432,0.00046187,-0.129998,0.1339816428171058,51.34069383706207,49.38274150660271
PART-SUPPORTBEAM-1,167,SupportBeam/B31,43.33333,-10.0,-26.0,0.0049511814,-0.0023749461,-0.260908,-0.023432,0.00046187,-0.129998,0.1339816428171058,51.34069383706207,49.38274150660271
PART-SUPPORTBEAM-2,180,SupportBeam/B31,46.15385,10.0,-30.0,0.0077258213,0.0026919222,-0.25534227,-0.0244925,-0.000424984,-0.136781,0.12290040714197217,48.10694686998727,45.60793502012026
PART-SUPPORTBEAM-2,211,SupportBeam/B31,-46.15385,10.0,-30.0,-0.0077258213,0.0026919222,-0.25534227,0.0244925,-0.000424984,-0.136781,0.12290040714197217,48.10694686998727,45.60793502012026
PART-SUPPORTBEAM-1,180,SupportBeam/B31,46.15385,-10.0,-30.0,0.0077258213,-0.0026919222,-0.25534227,-0.0244925,0.000424984,-0.136781,0.12290040714197217,48.10694686998727,45.60793502012026
PART-SUPPORTBEAM-1,211,SupportBeam/B31,-46.15385,-10.0,-30.0,-0.0077258213,-0.0026919222,-0.25534227,0.0244925,0.000424984,-0.136781,0.12290040714197217,48.10694686998727,45.60793502012026
PART-SUPPORTBEAM-2,154,SupportBeam/B31,-46.66667,10.0,-28.0,-0.007115521,0.002528944,-0.25531635,0.0247736,-0.000420636,-0.137278,0.12230563409365712,47.88262547691694,45.38731760534455
PART-SUPPORTBEAM-2,168,SupportBeam/B31,46.66667,10.0,-28.0,0.007115521,0.002528944,-0.25531635,-0.0247736,-0.000420636,-0.137278,0.12230563409365712,47.88262547691694,45.38731760534455
PART-SUPPORTBEAM-1,154,SupportBeam/B31,-46.66667,-10.0,-28.0,-0.007115521,-0.002528944,-0.25531635,0.0247736,0.000420636,-0.137278,0.12230563409365712,47.88262547691694,45.38731760534455
PART-SUPPORTBEAM-1,168,SupportBeam/B31,46.66667,-10.0,-28.0,0.007115521,-0.002528944,-0.25531635,-0.0247736,0.000420636,-0.137278,0.12230563409365712,47.88262547691694,45.38731760534455
PART-FLOOR-1,320,Floor/S4R,40.0,-5.0,0.0,-0.0026528533,-6.6818893e-06,-0.3741673,-0.00188406,-6.7837e-05,-0.25252,0.12164974467862923,32.51130903402616,32.511288221024586
PART-FLOOR-1,322,Floor/S4R,40.0,5.0,0.0,-0.0026528533,6.6818893e-06,-0.3741673,-0.00188406,6.7837e-05,-0.25252,0.12164974467862923,32.51130903402616,32.511288221024586
PART-FLOOR-1,365,Floor/S4R,-40.0,-5.0,0.0,0.0026528533,-6.6818893e-06,-0.3741673,0.00188406,-6.7837e-05,-0.25252,0.12164974467862923,32.51130903402616,32.511288221024586
PART-FLOOR-1,367,Floor/S4R,-40.0,5.0,0.0,0.0026528533,6.6818893e-06,-0.3741673,0.00188406,6.7837e-05,-0.25252,0.12164974467862923,32.51130903402616,32.511288221024586
PART-FLOOR-1,317,Floor/S4R,45.0,-5.0,0.0,-0.005286362,-6.69096e-05,-0.31963763,-0.00212618,-6.14859e-05,-0.204843,0.1148381202237591,35.92268386750554,35.9193008089711
PART-FLOOR-1,319,Floor/S4R,45.0,5.0,0.0,-0.005286362,6.69096e-05,-0.31963763,-0.00212618,6.14859e-05,-0.204843,0.1148381202237591,35.92268386750554,35.9193008089711
PART-FLOOR-1,368,Floor/S4R,-45.0,-5.0,0.0,0.005286362,-6.69096e-05,-0.31963763,0.00212618,-6.14859e-05,-0.204843,0.1148381202237591,35.92268386750554,35.9193008089711
PART-FLOOR-1,370,Floor/S4R,-45.0,5.0,0.0,0.005286362,6.69096e-05,-0.31963763,0.00212618,6.14859e-05,-0.204843,0.1148381202237591,35.92268386750554,35.9193008089711
PART-SUPPORTBEAM-2,7,SupportBeam/B31,-50.0,10.0,-30.0,-0.0083696395,0.0026838144,-0.2512359,0.0265335,-0.000398058,-0.14525,0.11162767615271917,44.40425379119696,41.26481433849391
PART-SUPPORTBEAM-2,11,SupportBeam/B31,50.0,10.0,-30.0,0.0083696395,0.0026838144,-0.2512359,-0.0265335,-0.000398058,-0.14525,0.11162767615271917,44.40425379119696,41.26481433849391
PART-SUPPORTBEAM-1,7,SupportBeam/B31,-50.0,-10.0,-30.0,-0.0083696395,-0.0026838144,-0.2512359,0.0265335,0.000398058,-0.14525,0.11162767615271917,44.40425379119696,41.26481433849391
PART-SUPPORTBEAM-1,11,SupportBeam/B31,50.0,-10.0,-30.0,0.0083696395,-0.0026838144,-0.2512359,-0.0265335,0.000398058,-0.14525,0.11162767615271917,44.40425379119696,41.26481433849391
PART-SUPPORTBEAM-2,103,SupportBeam/B31,-50.0,10.0,-26.25,-0.0059440937,0.0023785594,-0.25038382,0.019323,-0.000352626,-0.145885,0.10754482218650115,42.93795083615327,41.245614668729175
PART-SUPPORTBEAM-2,257,SupportBeam/B31,50.0,10.0,-26.25,0.0059440937,0.0023785594,-0.25038382,-0.019323,-0.000352626,-0.145885,0.10754482218650115,42.93795083615327,41.245614668729175
PART-SUPPORTBEAM-1,103,SupportBeam/B31,-50.0,-10.0,-26.25,-0.0059440937,-0.0023785594,-0.25038382,0.019323,0.000352626,-0.145885,0.10754482218650115,42.93795083615327,41.245614668729175
PART-SUPPORTBEAM-1,257,SupportBeam/B31,50.0,-10.0,-26.25,0.0059440937,-0.0023785594,-0.25038382,-0.019323,0.000352626,-0.145885,0.10754482218650115,42.93795083615327,41.245614668729175
PART-SUPPORTBEAM-2,104,SupportBeam/B31,-50.0,10.0,-22.5,-0.0037565825,0.0020726894,-0.24952634,0.0137912,-0.000298526,-0.146515,0.1045221675135763,41.88203944049159,41.031799343278806
PART-SUPPORTBEAM-2,258,SupportBeam/B31,50.0,10.0,-22.5,0.0037565825,0.0020726894,-0.24952634,-0.0137912,-0.000298526,-0.146515,0.1045221675135763,41.88203944049159,41.031799343278806
PART-SUPPORTBEAM-1,104,SupportBeam/B31,-50.0,-10.0,-22.5,-0.0037565825,-0.0020726894,-0.24952634,0.0137912,0.000298526,-0.146515,0.1045221675135763,41.88203944049159,41.031799343278806
PART-SUPPORTBEAM-1,258,SupportBeam/B31,50.0,-10.0,-22.5,0.0037565825,-0.0020726894,-0.24952634,-0.0137912,0.000298526,-0.146515,0.1045221675135763,41.88203944049159,41.031799343278806
PART-SUPPORTBEAM-2,105,SupportBeam/B31,-50.0,10.0,-18.75,-0.0017731007,0.001766292,-0.24866338,0.00969843,-0.000236994,-0.147139,0.10219006265671451,41.093661306655726,40.70256581735231
PART-SUPPORTBEAM-2,259,SupportBeam/B31,50.0,10.0,-18.75,0.0017731007,0.001766292,-0.24866338,-0.00969843,-0.000236994,-0.147139,0.10219006265671451,41.093661306655726,40.70256581735231
PART-SUPPORTBEAM-1,105,SupportBeam/B31,-50.0,-10.0,-18.75,-0.0017731007,-0.001766292,-0.24866338,0.00969843,0.000236994,-0.147139,0.10219006265671451,41.093661306655726,40.70256581735231
PART-SUPPORTBEAM-1,259,SupportBeam/B31,50.0,-10.0,-18.75,0.0017731007,-0.001766292,-0.24866338,-0.00969843,0.000236994,-0.147139,0.10219006265671451,41.093661306655726,40.70256581735231
PART-SUPPORTBEAM-2,188,SupportBeam/B31,-53.84615,10.0,-30.0,-0.008473874,0.0026757026,-0.249942,0.0254542,-0.000359944,-0.154378,0.10145347432015116,40.5651768636352,37.439877345162245
PART-SUPPORTBEAM-2,212,SupportBeam/B31,53.84615,10.0,-30.0,0.008473874,0.0026757026,-0.249942,-0.0254542,-0.000359944,-0.154378,0.10145347432015116,40.5651768636352,37.439877345162245
PART-SUPPORTBEAM-1,188,SupportBeam/B31,-53.84615,-10.0,-30.0,-0.008473874,-0.0026757026,-0.249942,0.0254542,0.000359944,-0.154378,0.10145347432015116,40.5651768636352,37.439877345162245
PART-SUPPORTBEAM-1,212,SupportBeam/B31,53.84615,-10.0,-30.0,0.008473874,-0.0026757026,-0.249942,-0.0254542,0.000359944,-0.154378,0.10145347432015116,40.5651768636352,37.439877345162245
PART-SUPPORTBEAM-2,89,SupportBeam/B31,-53.33333,10.0,-28.0,-0.0074194544,0.002513717,-0.2504081,0.0226622,-0.000344916,-0.153796,0.10122734601124211,40.4051817738465,37.94886614141561
PART-SUPPORTBEAM-2,224,SupportBeam/B31,53.33333,10.0,-28.0,0.0074194544,0.002513717,-0.2504081,-0.0226622,-0.000344916,-0.153796,0.10122734601124211,40.4051817738465,37.94886614141561
PART-SUPPORTBEAM-1,89,SupportBeam/B31,-53.33333,-10.0,-28.0,-0.0074194544,-0.002513717,-0.2504081,0.0226622,0.000344916,-0.153796,0.10122734601124211,40.4051817738465,37.94886614141561
PART-SUPPORTBEAM-1,224,SupportBeam/B31,53.33333,-10.0,-28.0,0.0074194544,-0.002513717,-0.2504081,-0.0226622,0.000344916,-0.153796,0.10122734601124211,40.4051817738465,37.94886614141561
PART-FLOOR-1,318,Floor/S4R,45.0,0.0,0.0,-0.0027491904,7.981604e-15,-0.33377948,-0.00211556,-2.53491e-13,-0.232989,0.10079247167380213,30.196299943735983,30.196217711861312
PART-FLOOR-1,369,Floor/S4R,-45.0,0.0,0.0,0.0027491904,5.7971075e-15,-0.33377948,0.00211556,-3.10355e-13,-0.232989,0.10079247167380213,30.196299943735983,30.196217711861312
PART-SUPPORTBEAM-2,106,SupportBeam/B31,-50.0,10.0,-15.0,4.0356335e-05,0.0014594554,-0.247795,0.00680479,-0.000169271,-0.147759,0.10027767253229525,40.46729432088226,40.30826370930398
PART-SUPPORTBEAM-2,260,SupportBeam/B31,50.0,10.0,-15.0,-4.0356335e-05,0.0014594554,-0.247795,-0.00680479,-0.000169271,-0.147759,0.10027767253229525,40.46729432088226,40.30826370930398
PART-SUPPORTBEAM-1,106,SupportBeam/B31,-50.0,-10.0,-15.0,4.0356335e-05,-0.0014594554,-0.247795,0.00680479,0.000169271,-0.147759,0.10027767253229525,40.46729432088226,40.30826370930398
PART-SUPPORTBEAM-1,260,SupportBeam/B31,50.0,-10.0,-15.0,-4.0356335e-05,-0.0014594554,-0.247795,-0.00680479,0.000169271,-0.147759,0.10027767253229525,40.46729432088226,40.30826370930398
PART-FLOOR-1,89,Floor/S4R,45.0,10.0,0.0,-0.0029188916,-3.163458e-05,-0.2860643,-0.00214042,0.000133778,-0.18656,0.09950748262238185,34.783194674660514,34.78297941799546
PART-FLOOR-1,109,Floor/S4R,45.0,-10.0,0.0,-0.0029188916,3.163458e-05,-0.2860643,-0.00214042,-0.000133778,-0.18656,0.09950748262238185,34.783194674660514,34.78297941799546
PART-FLOOR-1,118,Floor/S4R,-45.0,10.0,0.0,0.0029188916,-3.163458e-05,-0.2860643,0.00214042,0.000133778,-0.18656,0.09950748262238185,34.783194674660514,34.78297941799546
PART-FLOOR-1,122,Floor/S4R,-45.0,-10.0,0.0,0.0029188916,3.163458e-05,-0.2860643,0.00214042,-0.000133778,-0.18656,0.09950748262238185,34.783194674660514,34.78297941799546
PART-SUPPORTBEAM-2,107,SupportBeam/B31,-50.0,10.0,-11.25,0.0017177936,0.0011522672,-0.24692115,0.00487048,-9.65943e-05,-0.148372,0.09860747462695425,39.93340179681559,39.880913018214834
PART-SUPPORTBEAM-2,261,SupportBeam/B31,50.0,10.0,-11.25,-0.0017177936,0.0011522672,-0.24692115,-0.00487048,-9.65943e-05,-0.148372,0.09860747462695425,39.93340179681559,39.880913018214834
PART-SUPPORTBEAM-1,107,SupportBeam/B31,-50.0,-10.0,-11.25,0.0017177936,-0.0011522672,-0.24692115,0.00487048,9.65943e-05,-0.148372,0.09860747462695425,39.93340179681559,39.880913018214834
PART-SUPPORTBEAM-1,261,SupportBeam/B31,50.0,-10.0,-11.25,-0.0017177936,-0.0011522672,-0.24692115,-0.00487048,9.65943e-05,-0.148372,0.09860747462695425,39.93340179681559,39.880913018214834
PART-SUPPORTBEAM-2,108,SupportBeam/B31,-50.0,10.0,-7.5,0.003293216,0.0008448155,-0.24604188,0.00365566,-2.02023e-05,-0.14898,0.09706641113475789,39.44740847819394,39.43688763240169
PART-SUPPORTBEAM-2,262,SupportBeam/B31,50.0,10.0,-7.5,-0.003293216,0.0008448155,-0.24604188,-0.00365566,-2.02023e-05,-0.14898,0.09706641113475789,39.44740847819394,39.43688763240169
PART-SUPPORTBEAM-1,108,SupportBeam/B31,-50.0,-10.0,-7.5,0.003293216,-0.0008448155,-0.24604188,0.00365566,2.02023e-05,-0.14898,0.09706641113475789,39.44740847819394,39.43688763240169
PART-SUPPORTBEAM-1,262,SupportBeam/B31,50.0,-10.0,-7.5,-0.003293216,-0.0008448155,-0.24604188,-0.00365566,2.02023e-05,-0.14898,0.09706641113475789,39.44740847819394,39.43688763240169
PART-FLOOR-1,78,Floor/S4R,50.0,0.0,0.0,-0.00566232,7.9903405e-15,-0.31182855,-0.00234858,-2.44919e-13,-0.215014,0.0968712442600491,31.060426501048394,31.05461806827856
PART-FLOOR-1,120,Floor/S4R,-50.0,0.0,0.0,0.00566232,5.6709466e-15,-0.31182855,0.00234858,-3.06609e-13,-0.215014,0.0968712442600491,31.060426501048394,31.05461806827856
PART-SUPPORTBEAM-2,109,SupportBeam/B31,-50.0,10.0,-3.75,0.0048006284,0.000537188,-0.24515715,0.00292049,5.86665e-05,-0.149583,0.09559383898270649,38.98531502642508,38.98506160413343
PART-SUPPORTBEAM-2,263,SupportBeam/B31,50.0,10.0,-3.75,-0.0048006284,0.000537188,-0.24515715,-0.00292049,5.86665e-05,-0.149583,0.09559383898270649,38.98531502642508,38.98506160413343
PART-SUPPORTBEAM-1,109,SupportBeam/B31,-50.0,-10.0,-3.75,0.0048006284,-0.000537188,-0.24515715,0.00292049,-5.86665e-05,-0.149583,0.09559383898270649,38.98531502642508,38.98506160413343
PART-SUPPORTBEAM-1,263,SupportBeam/B31,50.0,-10.0,-3.75,-0.0048006284,-0.000537188,-0.24515715,-0.00292049,-5.86665e-05,-0.149583,0.09559383898270649,38.98531502642508,38.98506160413343
PART-CABLE50-2,1,Cable/T3D2,-50.0,10.0,0.0,0.006274036,0.00022947267,-0.24426699,0.00242516,0.000138774,-0.15018,0.0941657249744949,38.53760058807464,38.53035283585361
PART-CABLE50-4,1,Cable/T3D2,50.0,10.0,0.0,-0.006274036,0.00022947267,-0.24426699,-0.00242516,0.000138774,-0.15018,0.0941657249744949,38.53760058807464,38.53035283585361
PART-SUPPORTBEAM-2,8,SupportBeam/B31,-50.0,10.0,0.0,0.006274036,0.00022947267,-0.24426699,0.00242516,0.000138774,-0.15018,0.0941657249744949,38.53760058807464,38.53035283585361
PART-SUPPORTBEAM-2,16,SupportBeam/B31,50.0,10.0,0.0,-0.006274036,0.00022947267,-0.24426699,-0.00242516,0.000138774,-0.15018,0.0941657249744949,38.53760058807464,38.53035283585361
PART-CABLE50-1,1,Cable/T3D2,-50.0,-10.0,0.0,0.006274036,-0.00022947267,-0.24426699,0.00242516,-0.000138774,-0.15018,0.0941657249744949,38.53760058807464,38.53035283585361
PART-CABLE50-3,1,Cable/T3D2,50.0,-10.0,0.0,-0.006274036,-0.00022947267,-0.24426699,-0.00242516,-0.000138774,-0.15018,0.0941657249744949,38.53760058807464,38.53035283585361
PART-FLOOR-1,7,Floor/S4R,50.0,10.0,0.0,-0.006274036,0.00022947267,-0.24426699,-0.00242516,0.000138774,-0.15018,0.0941657249744949,38.53760058807464,38.53035283585361
PART-FLOOR-1,8,Floor/S4R,50.0,-10.0,0.0,-0.006274036,-0.00022947267,-0.24426699,-0.00242516,-0.000138774,-0.15018,0.0941657249744949,38.53760058807464,38.53035283585361
PART-FLOOR-1,11,Floor/S4R,-50.0,10.0,0.0,0.006274036,0.00022947267,-0.24426699,0.00242516,0.000138774,-0.15018,0.0941657249744949,38.53760058807464,38.53035283585361
PART-FLOOR-1,12,Floor/S4R,-50.0,-10.0,0.0,0.006274036,-0.00022947267,-0.24426699,0.00242516,-0.000138774,-0.15018,0.0941657249744949,38.53760058807464,38.53035283585361
PART-SUPPORTBEAM-1,8,SupportBeam/B31,-50.0,-10.0,0.0,0.006274036,-0.00022947267,-0.24426699,0.00242516,-0.000138774,-0.15018,0.0941657249744949,38.53760058807464,38.53035283585361
PART-SUPPORTBEAM-1,16,SupportBeam/B31,50.0,-10.0,0.0,-0.006274036,-0.00022947267,-0.24426699,-0.00242516,-0.000138774,-0.15018,0.0941657249744949,38.53760058807464,38.53035283585361
PART-SUPPORTBEAM-2,189,SupportBeam/B31,-57.69231,10.0,-30.0,-0.008578108,0.002667988,-0.25017408,0.0243749,-0.000321375,-0.164224,0.09209914917848175,36.790313571018864,33.679604005603196
PART-SUPPORTBEAM-2,213,SupportBeam/B31,57.69231,10.0,-30.0,0.008578108,0.002667988,-0.25017408,-0.0243749,-0.000321375,-0.164224,0.09209914917848175,36.790313571018864,33.679604005603196
PART-SUPPORTBEAM-1,189,SupportBeam/B31,-57.69231,-10.0,-30.0,-0.008578108,-0.002667988,-0.25017408,0.0243749,0.000321375,-0.164224,0.09209914917848175,36.790313571018864,33.679604005603196
PART-SUPPORTBEAM-1,213,SupportBeam/B31,57.69231,-10.0,-30.0,0.008578108,-0.002667988,-0.25017408,-0.0243749,0.000321375,-0.164224,0.09209914917848175,36.790313571018864,33.679604005603196
PART-SUPPORTBEAM-2,90,SupportBeam/B31,-56.66667,10.0,-26.0,-0.0073796916,0.0023431873,-0.25109184,0.0183157,-0.000294169,-0.163129,0.09167698739921651,36.49399018812714,34.65487652693848
PART-SUPPORTBEAM-2,225,SupportBeam/B31,56.66667,10.0,-26.0,0.0073796916,0.0023431873,-0.25109184,-0.0183157,-0.000294169,-0.163129,0.09167698739921651,36.49399018812714,34.65487652693848
PART-SUPPORTBEAM-1,90,SupportBeam/B31,-56.66667,-10.0,-26.0,-0.0073796916,-0.0023431873,-0.25109184,0.0183157,0.000294169,-0.163129,0.09167698739921651,36.49399018812714,34.65487652693848
PART-SUPPORTBEAM-1,225,SupportBeam/B31,56.66667,-10.0,-26.0,0.0073796916,-0.0023431873,-0.25109184,-0.0183157,0.000294169,-0.163129,0.09167698739921651,36.49399018812714,34.65487652693848
PART-SUPPORTBEAM-2,190,SupportBeam/B31,-61.53846,10.0,-30.0,-0.008682342,0.0026606522,-0.25116864,0.0232955,-0.00028253,-0.174064,0.08352466827212761,33.23270465165591,30.126031583890622
PART-SUPPORTBEAM-2,214,SupportBeam/B31,61.53846,10.0,-30.0,0.008682342,0.0026606522,-0.25116864,-0.0232955,-0.00028253,-0.174064,0.08352466827212761,33.23270465165591,30.126031583890622
PART-SUPPORTBEAM-1,190,SupportBeam/B31,-61.53846,-10.0,-30.0,-0.008682342,-0.0026606522,-0.25116864,0.0232955,0.00028253,-0.174064,0.08352466827212761,33.23270465165591,30.126031583890622
PART-SUPPORTBEAM-1,214,SupportBeam/B31,61.53846,-10.0,-30.0,0.008682342,-0.0026606522,-0.25116864,-0.0232955,0.00028253,-0.174064,0.08352466827212761,33.23270465165591,30.126031583890622
PART-SUPPORTBEAM-2,91,SupportBeam/B31,-60.0,10.0,-24.0,-0.00784158,0.0021723232,-0.25260583,0.0138763,-0.000245757,-0.172611,0.08292578760721499,32.811118765654626,31.482868858513452
PART-SUPPORTBEAM-2,226,SupportBeam/B31,60.0,10.0,-24.0,0.00784158,0.0021723232,-0.25260583,-0.0138763,-0.000245757,-0.172611,0.08292578760721499,32.811118765654626,31.482868858513452
PART-SUPPORTBEAM-1,91,SupportBeam/B31,-60.0,-10.0,-24.0,-0.00784158,-0.0021723232,-0.25260583,0.0138763,0.000245757,-0.172611,0.08292578760721499,32.811118765654626,31.482868858513452
PART-SUPPORTBEAM-1,226,SupportBeam/B31,60.0,-10.0,-24.0,0.00784158,-0.0021723232,-0.25260583,-0.0138763,0.000245757,-0.172611,0.08292578760721499,32.811118765654626,31.482868858513452
PART-FLOOR-1,77,Floor/S4R,50.0,5.0,0.0,-0.003005139,0.0001039606,-0.29615474,-0.00235431,6.93898e-05,-0.21496,0.08119735572785025,27.415793103720194,27.415707207135863
PART-FLOOR-1,79,Floor/S4R,50.0,-5.0,0.0,-0.003005139,-0.0001039606,-0.29615474,-0.00235431,-6.93898e-05,-0.21496,0.08119735572785025,27.415793103720194,27.415707207135863
PART-FLOOR-1,119,Floor/S4R,-50.0,5.0,0.0,0.003005139,0.0001039606,-0.29615474,0.00235431,6.93898e-05,-0.21496,0.08119735572785025,27.415793103720194,27.415707207135863
PART-FLOOR-1,121,Floor/S4R,-50.0,-5.0,0.0,0.003005139,-0.0001039606,-0.29615474,0.00235431,-6.93898e-05,-0.21496,0.08119735572785025,27.415793103720194,27.415707207135863
PART-FLOOR-1,314,Floor/S4R,55.0,-5.0,0.0,-0.0060236575,-0.00016507134,-0.30962527,-0.00258896,-7.72841e-05,-0.230327,0.07937266833431338,25.630220903171352,25.620427470567286
PART-FLOOR-1,316,Floor/S4R,55.0,5.0,0.0,-0.0060236575,0.00016507134,-0.30962527,-0.00258896,7.72841e-05,-0.230327,0.07937266833431338,25.630220903171352,25.620427470567286
PART-FLOOR-1,371,Floor/S4R,-55.0,-5.0,0.0,0.0060236575,-0.00016507134,-0.30962527,0.00258896,-7.72841e-05,-0.230327,0.07937266833431338,25.630220903171352,25.620427470567286
PART-FLOOR-1,373,Floor/S4R,-55.0,5.0,0.0,0.0060236575,0.00016507134,-0.30962527,0.00258896,7.72841e-05,-0.230327,0.07937266833431338,25.630220903171352,25.620427470567286
PART-SUPPORTBEAM-2,191,SupportBeam/B31,-65.38461,10.0,-30.0,-0.008786576,0.002653677,-0.25230306,0.0222162,-0.000243589,-0.183318,0.07568688640170458,29.97857123908204,26.858847325433505
PART-SUPPORTBEAM-2,215,SupportBeam/B31,65.38461,10.0,-30.0,0.008786576,0.002653677,-0.25230306,-0.0222162,-0.000243589,-0.183318,0.07568688640170458,29.97857123908204,26.858847325433505
PART-SUPPORTBEAM-1,191,SupportBeam/B31,-65.38461,-10.0,-30.0,-0.008786576,-0.002653677,-0.25230306,0.0222162,0.000243589,-0.183318,0.07568688640170458,29.97857123908204,26.858847325433505
PART-SUPPORTBEAM-1,215,SupportBeam/B31,65.38461,-10.0,-30.0,0.008786576,-0.002653677,-0.25230306,-0.0222162,0.000243589,-0.183318,0.07568688640170458,29.97857123908204,26.858847325433505
PART-SUPPORTBEAM-2,92,SupportBeam/B31,-63.33333,10.0,-22.0,-0.008461172,0.0020012218,-0.25437677,0.00966175,-0.000199618,-0.181712,0.07492297909717847,29.43635616475594,28.50660570105566
PART-SUPPORTBEAM-2,227,SupportBeam/B31,63.33333,10.0,-22.0,0.008461172,0.0020012218,-0.25437677,-0.00966175,-0.000199618,-0.181712,0.07492297909717847,29.43635616475594,28.50660570105566
PART-SUPPORTBEAM-1,92,SupportBeam/B31,-63.33333,-10.0,-22.0,-0.008461172,-0.0020012218,-0.25437677,0.00966175,0.000199618,-0.181712,0.07492297909717847,29.43635616475594,28.50660570105566
PART-SUPPORTBEAM-1,227,SupportBeam/B31,63.33333,-10.0,-22.0,0.008461172,-0.0020012218,-0.25437677,-0.00966175,0.000199618,-0.181712,0.07492297909717847,29.43635616475594,28.50660570105566
PART-SUPPORTBEAM-2,192,SupportBeam/B31,-69.23077,10.0,-30.0,-0.00889081,0.002647044,-0.25309554,0.0211369,-0.000204731,-0.191546,0.06854299280529212,27.063692828679354,23.91035927741452
PART-SUPPORTBEAM-2,216,SupportBeam/B31,69.23077,10.0,-30.0,0.00889081,0.002647044,-0.25309554,-0.0211369,-0.000204731,-0.191546,0.06854299280529212,27.063692828679354,23.91035927741452
PART-SUPPORTBEAM-1,192,SupportBeam/B31,-69.23077,-10.0,-30.0,-0.00889081,-0.002647044,-0.25309554,0.0211369,0.000204731,-0.191546,0.06854299280529212,27.063692828679354,23.91035927741452
PART-SUPPORTBEAM-1,216,SupportBeam/B31,69.23077,-10.0,-30.0,0.00889081,-0.002647044,-0.25309554,-0.0211369,0.000204731,-0.191546,0.06854299280529212,27.063692828679354,23.91035927741452
PART-SUPPORTBEAM-2,93,SupportBeam/B31,-66.66666,10.0,-20.0,-0.008959344,0.0018299806,-0.2559395,0.00592492,-0.000155689,-0.190011,0.06761694544145024,26.402266716644917,25.770661800580584
PART-SUPPORTBEAM-2,228,SupportBeam/B31,66.66666,10.0,-20.0,0.008959344,0.0018299806,-0.2559395,-0.00592492,-0.000155689,-0.190011,0.06761694544145024,26.402266716644917,25.770661800580584
PART-SUPPORTBEAM-1,93,SupportBeam/B31,-66.66666,-10.0,-20.0,-0.008959344,-0.0018299806,-0.2559395,0.00592492,0.000155689,-0.190011,0.06761694544145024,26.402266716644917,25.770661800580584
PART-SUPPORTBEAM-1,228,SupportBeam/B31,66.66666,-10.0,-20.0,0.008959344,-0.0018299806,-0.2559395,-0.00592492,0.000155689,-0.190011,0.06761694544145024,26.402266716644917,25.770661800580584
PART-FLOOR-1,312,Floor/S4R,60.0,0.0,0.0,-0.0060753063,7.950735e-15,-0.36020395,-0.00280681,-2.26765e-13,-0.294497,0.06578819306201997,18.261553658961795,18.24950994497183
PART-FLOOR-1,375,Floor/S4R,-60.0,0.0,0.0,0.0060753063,5.435939e-15,-0.36020395,0.00280681,-2.97413e-13,-0.294497,0.06578819306201997,18.261553658961795,18.24950994497183
PART-FLOOR-1,315,Floor/S4R,55.0,0.0,0.0,-0.00347567,7.972867e-15,-0.32380554,-0.00257831,-2.3601e-13,-0.25834,0.06547168993130693,20.218282429998265,20.218170427153556
PART-FLOOR-1,372,Floor/S4R,-55.0,0.0,0.0,0.00347567,5.5545422e-15,-0.32380554,0.00257831,-3.02274e-13,-0.25834,0.06547168993130693,20.218282429998265,20.218170427153556
PART-FLOOR-1,75,Floor/S4R,60.0,10.0,0.0,-0.0060286354,-2.8867395e-05,-0.3402683,-0.00281004,0.000137314,-0.275585,0.06476354122108322,19.030094385876254,19.0179885077656
PART-FLOOR-1,81,Floor/S4R,60.0,-10.0,0.0,-0.0060286354,2.8867395e-05,-0.3402683,-0.00281004,-0.000137314,-0.275585,0.06476354122108322,19.030094385876254,19.0179885077656
PART-FLOOR-1,132,Floor/S4R,-60.0,10.0,0.0,0.0060286354,-2.8867395e-05,-0.3402683,0.00281004,0.000137314,-0.275585,0.06476354122108322,19.030094385876254,19.0179885077656
PART-FLOOR-1,150,Floor/S4R,-60.0,-10.0,0.0,0.0060286354,2.8867395e-05,-0.3402683,0.00281004,-0.000137314,-0.275585,0.06476354122108322,19.030094385876254,19.0179885077656
PART-FLOOR-1,76,Floor/S4R,55.0,10.0,0.0,-0.0036443365,0.00044902856,-0.27593714,-0.00260321,0.000143815,-0.212161,0.06378536770299137,23.113858836372515,23.113562915274414
PART-FLOOR-1,80,Floor/S4R,55.0,-10.0,0.0,-0.0036443365,-0.00044902856,-0.27593714,-0.00260321,-0.000143815,-0.212161,0.06378536770299137,23.113858836372515,23.113562915274414
PART-FLOOR-1,131,Floor/S4R,-55.0,10.0,0.0,0.0036443365,0.00044902856,-0.27593714,0.00260321,0.000143815,-0.212161,0.06378536770299137,23.113858836372515,23.113562915274414
PART-FLOOR-1,151,Floor/S4R,-55.0,-10.0,0.0,0.0036443365,-0.00044902856,-0.27593714,0.00260321,-0.000143815,-0.212161,0.06378536770299137,23.113858836372515,23.113562915274414
PART-SUPPORTBEAM-2,193,SupportBeam/B31,-73.07692,10.0,-30.0,-0.008995045,0.0026407347,-0.25320497,0.0200575,-0.000166135,-0.198447,0.06205130270196347,24.489573453411317,21.280551183360167
PART-SUPPORTBEAM-2,217,SupportBeam/B31,73.07692,10.0,-30.0,0.008995045,0.0026407347,-0.25320497,-0.0200575,-0.000166135,-0.198447,0.06205130270196347,24.489573453411317,21.280551183360167
PART-SUPPORTBEAM-1,193,SupportBeam/B31,-73.07692,-10.0,-30.0,-0.008995045,-0.0026407347,-0.25320497,0.0200575,0.000166135,-0.198447,0.06205130270196347,24.489573453411317,21.280551183360167
PART-SUPPORTBEAM-1,217,SupportBeam/B31,73.07692,-10.0,-30.0,0.008995045,-0.0026407347,-0.25320497,-0.0200575,0.000166135,-0.198447,0.06205130270196347,24.489573453411317,21.280551183360167
PART-SUPPORTBEAM-2,94,SupportBeam/B31,-70.0,10.0,-18.0,-0.00912179,0.0016586969,-0.25693688,0.00285421,-0.000113909,-0.197194,0.060957185125062256,23.70914541724108,23.29383805381529
PART-SUPPORTBEAM-2,229,SupportBeam/B31,70.0,10.0,-18.0,0.00912179,0.0016586969,-0.25693688,-0.00285421,-0.000113909,-0.197194,0.060957185125062256,23.70914541724108,23.29383805381529
PART-SUPPORTBEAM-1,94,SupportBeam/B31,-70.0,-10.0,-18.0,-0.00912179,-0.0016586969,-0.25693688,0.00285421,0.000113909,-0.197194,0.060957185125062256,23.70914541724108,23.29383805381529
PART-SUPPORTBEAM-1,229,SupportBeam/B31,70.0,-10.0,-18.0,0.00912179,-0.0016586969,-0.25693688,-0.00285421,0.000113909,-0.197194,0.060957185125062256,23.70914541724108,23.29383805381529
PART-SUPPORTBEAM-2,194,SupportBeam/B31,-76.92308,10.0,-30.0,-0.009099279,0.0026347307,-0.25243118,0.0189782,-0.000127982,-0.203863,0.05616801150984946,22.235170260755734,18.94801424685556
PART-SUPPORTBEAM-2,218,SupportBeam/B31,76.92308,10.0,-30.0,0.009099279,0.0026347307,-0.25243118,-0.0189782,-0.000127982,-0.203863,0.05616801150984946,22.235170260755734,18.94801424685556
PART-SUPPORTBEAM-1,194,SupportBeam/B31,-76.92308,-10.0,-30.0,-0.009099279,-0.0026347307,-0.25243118,0.0189782,0.000127982,-0.203863,0.05616801150984946,22.235170260755734,18.94801424685556
PART-SUPPORTBEAM-1,218,SupportBeam/B31,76.92308,-10.0,-30.0,0.009099279,-0.0026347307,-0.25243118,-0.0189782,0.000127982,-0.203863,0.05616801150984946,22.235170260755734,18.94801424685556
PART-SUPPORTBEAM-2,95,SupportBeam/B31,-73.33334,10.0,-16.0,-0.008799028,0.0014874679,-0.2571197,0.000573352,-7.42164e-05,-0.203055,0.05489327965067551,21.336462281217067,21.07425651027397
PART-SUPPORTBEAM-2,230,SupportBeam/B31,73.33334,10.0,-16.0,0.008799028,0.0014874679,-0.2571197,-0.000573352,-7.42164e-05,-0.203055,0.05489327965067551,21.336462281217067,21.07425651027397
PART-SUPPORTBEAM-1,95,SupportBeam/B31,-73.33334,-10.0,-16.0,-0.008799028,-0.0014874679,-0.2571197,0.000573352,7.42164e-05,-0.203055,0.05489327965067551,21.336462281217067,21.07425651027397
PART-SUPPORTBEAM-1,230,SupportBeam/B31,73.33334,-10.0,-16.0,0.008799028,-0.0014874679,-0.2571197,-0.000573352,7.42164e-05,-0.203055,0.05489327965067551,21.336462281217067,21.07425651027397
PART-FLOOR-1,308,Floor/S4R,65.0,-5.0,0.0,-0.0061293743,1.51023005e-05,-0.40437356,-0.00302775,-6.67436e-05,-0.350036,0.054426070947693625,13.457808574299946,13.444169143524643
PART-FLOOR-1,310,Floor/S4R,65.0,5.0,0.0,-0.0061293743,-1.51023005e-05,-0.40437356,-0.00302775,6.67436e-05,-0.350036,0.054426070947693625,13.457808574299946,13.444169143524643
PART-FLOOR-1,377,Floor/S4R,-65.0,-5.0,0.0,0.0061293743,1.51023005e-05,-0.40437356,0.00302775,-6.67436e-05,-0.350036,0.054426070947693625,13.457808574299946,13.444169143524643
PART-FLOOR-1,379,Floor/S4R,-65.0,5.0,0.0,0.0061293743,-1.51023005e-05,-0.40437356,0.00302775,6.67436e-05,-0.350036,0.054426070947693625,13.457808574299946,13.444169143524643
PART-FLOOR-1,311,Floor/S4R,60.0,-5.0,0.0,-0.0041032825,-0.00019786149,-0.354397,-0.00280961,-7.08672e-05,-0.302932,0.05148141354981381,14.525505353154426,14.523913468844565
PART-FLOOR-1,313,Floor/S4R,60.0,5.0,0.0,-0.0041032825,0.00019786149,-0.354397,-0.00280961,7.08672e-05,-0.302932,0.05148141354981381,14.525505353154426,14.523913468844565
PART-FLOOR-1,374,Floor/S4R,-60.0,-5.0,0.0,0.0041032825,-0.00019786149,-0.354397,0.00280961,-7.08672e-05,-0.302932,0.05148141354981381,14.525505353154426,14.523913468844565
PART-FLOOR-1,376,Floor/S4R,-60.0,5.0,0.0,0.0041032825,0.00019786149,-0.354397,0.00280961,7.08672e-05,-0.302932,0.05148141354981381,14.525505353154426,14.523913468844565
PART-SUPPORTBEAM-2,195,SupportBeam/B31,-80.76923,10.0,-30.0,-0.009203513,0.0026290137,-0.25071472,0.0178988,-9.04497e-05,-0.207773,0.0508519632629096,20.268034100331292,16.881331148487398
PART-SUPPORTBEAM-2,219,SupportBeam/B31,80.76923,10.0,-30.0,0.009203513,0.0026290137,-0.25071472,-0.0178988,-9.04497e-05,-0.207773,0.0508519632629096,20.268034100331292,16.881331148487398
PART-SUPPORTBEAM-1,195,SupportBeam/B31,-80.76923,-10.0,-30.0,-0.009203513,-0.0026290137,-0.25071472,0.0178988,9.04497e-05,-0.207773,0.0508519632629096,20.268034100331292,16.881331148487398
PART-SUPPORTBEAM-1,219,SupportBeam/B31,80.76923,-10.0,-30.0,0.009203513,-0.0026290137,-0.25071472,-0.0178988,9.04497e-05,-0.207773,0.0508519632629096,20.268034100331292,16.881331148487398
PART-SUPPORTBEAM-2,96,SupportBeam/B31,-76.66666,10.0,-14.0,-0.007906394,0.001316391,-0.25634688,-0.000858592,-3.65489e-05,-0.207495,0.04937619000022799,19.252066484575504,19.09578693654274
PART-SUPPORTBEAM-2,231,SupportBeam/B31,76.66666,10.0,-14.0,0.007906394,0.001316391,-0.25634688,0.000858592,-3.65489e-05,-0.207495,0.04937619000022799,19.252066484575504,19.09578693654274
PART-SUPPORTBEAM-1,96,SupportBeam/B31,-76.66666,-10.0,-14.0,-0.007906394,-0.001316391,-0.25634688,-0.000858592,3.65489e-05,-0.207495,0.04937619000022799,19.252066484575504,19.09578693654274
PART-SUPPORTBEAM-1,231,SupportBeam/B31,76.66666,-10.0,-14.0,0.007906394,-0.001316391,-0.25634688,0.000858592,3.65489e-05,-0.207495,0.04937619000022799,19.252066484575504,19.09578693654274
PART-SUPPORTBEAM-2,196,SupportBeam/B31,-84.61539,10.0,-30.0,-0.009307747,0.0026235653,-0.24813698,0.0168195,-5.37184e-05,-0.210299,0.046059891600932955,18.54820384179361,15.042688860192055
PART-SUPPORTBEAM-2,220,SupportBeam/B31,84.61539,10.0,-30.0,0.009307747,0.0026235653,-0.24813698,-0.0168195,-5.37184e-05,-0.210299,0.046059891600932955,18.54820384179361,15.042688860192055
PART-SUPPORTBEAM-1,196,SupportBeam/B31,-84.61539,-10.0,-30.0,-0.009307747,-0.0026235653,-0.24813698,0.0168195,5.37184e-05,-0.210299,0.046059891600932955,18.54820384179361,15.042688860192055
PART-SUPPORTBEAM-1,220,SupportBeam/B31,84.61539,-10.0,-30.0,0.009307747,-0.0026235653,-0.24813698,-0.0168195,5.37184e-05,-0.210299,0.046059891600932955,18.54820384179361,15.042688860192055
PART-FLOOR-1,306,Floor/S4R,70.0,0.0,0.0,-0.0062313657,7.854299e-15,-0.44087812,-0.00324521,-2.07401e-13,-0.39522,0.045755666838098195,10.37726644888802,10.362108389678335
PART-FLOOR-1,381,Floor/S4R,-70.0,0.0,0.0,0.0062313657,5.2155846e-15,-0.44087812,0.00324521,-2.86241e-13,-0.39522,0.045755666838098195,10.37726644888802,10.362108389678335
PART-SUPPORTBEAM-2,97,SupportBeam/B31,-80.0,10.0,-12.0,-0.006424054,0.0011455638,-0.25458536,-0.00144719,-8.44639e-07,-0.210524,0.04435636225653661,17.417261930962557,17.33230365579353
PART-SUPPORTBEAM-2,232,SupportBeam/B31,80.0,10.0,-12.0,0.006424054,0.0011455638,-0.25458536,0.00144719,-8.44639e-07,-0.210524,0.04435636225653661,17.417261930962557,17.33230365579353
PART-SUPPORTBEAM-1,97,SupportBeam/B31,-80.0,-10.0,-12.0,-0.006424054,-0.0011455638,-0.25458536,-0.00144719,8.44639e-07,-0.210524,0.04435636225653661,17.417261930962557,17.33230365579353
PART-SUPPORTBEAM-1,232,SupportBeam/B31,80.0,-10.0,-12.0,0.006424054,-0.0011455638,-0.25458536,0.00144719,8.44639e-07,-0.210524,0.04435636225653661,17.417261930962557,17.33230365579353
PART-FLOOR-1,73,Floor/S4R,70.0,10.0,0.0,-0.0062314016,-6.112492e-05,-0.44499007,-0.00324474,0.000130439,-0.400966,0.044125679412483416,9.915132078541534,9.899149811992757
PART-FLOOR-1,83,Floor/S4R,70.0,-10.0,0.0,-0.0062314016,6.112492e-05,-0.44499007,-0.00324474,-0.000130439,-0.400966,0.044125679412483416,9.915132078541534,9.899149811992757
PART-FLOOR-1,134,Floor/S4R,-70.0,10.0,0.0,0.0062314016,-6.112492e-05,-0.44499007,0.00324474,0.000130439,-0.400966,0.044125679412483416,9.915132078541534,9.899149811992757
PART-FLOOR-1,148,Floor/S4R,-70.0,-10.0,0.0,0.0062314016,6.112492e-05,-0.44499007,0.00324474,-0.000130439,-0.400966,0.044125679412483416,9.915132078541534,9.899149811992757
PART-SUPPORTBEAM-2,197,SupportBeam/B31,-88.46154,10.0,-30.0,-0.009411981,0.002618367,-0.24492016,0.0157402,-1.79673e-05,-0.211703,0.04174879861820837,17.032336474404776,13.392731960711576
PART-SUPPORTBEAM-2,221,SupportBeam/B31,88.46154,10.0,-30.0,0.009411981,0.002618367,-0.24492016,-0.0157402,-1.79673e-05,-0.211703,0.04174879861820837,17.032336474404776,13.392731960711576
PART-SUPPORTBEAM-1,197,SupportBeam/B31,-88.46154,-10.0,-30.0,-0.009411981,-0.002618367,-0.24492016,0.0157402,1.79673e-05,-0.211703,0.04174879861820837,17.032336474404776,13.392731960711576
PART-SUPPORTBEAM-1,221,SupportBeam/B31,88.46154,-10.0,-30.0,0.009411981,-0.002618367,-0.24492016,-0.0157402,1.79673e-05,-0.211703,0.04174879861820837,17.032336474404776,13.392731960711576
PART-FLOOR-1,309,Floor/S4R,65.0,0.0,0.0,-0.0046067503,7.904894e-15,-0.40616748,-0.00302759,-2.17214e-13,-0.365368,0.040830029580242726,10.05186422798927,10.04768659913727
PART-FLOOR-1,378,Floor/S4R,-65.0,0.0,0.0,0.0046067503,5.32733e-15,-0.40616748,0.00302759,-2.92062e-13,-0.365368,0.040830029580242726,10.05186422798927,10.04768659913727
PART-SUPPORTBEAM-2,98,SupportBeam/B31,-83.33334,10.0,-10.0,-0.004396987,0.0009750832,-0.25191012,-0.00126266,3.29581e-05,-0.212258,0.0397869605014178,15.791585969921702,15.752554122069458
PART-SUPPORTBEAM-2,233,SupportBeam/B31,83.33334,10.0,-10.0,0.004396987,0.0009750832,-0.25191012,0.00126266,3.29581e-05,-0.212258,0.0397869605014178,15.791585969921702,15.752554122069458
PART-SUPPORTBEAM-1,98,SupportBeam/B31,-83.33334,-10.0,-10.0,-0.004396987,-0.0009750832,-0.25191012,-0.00126266,-3.29581e-05,-0.212258,0.0397869605014178,15.791585969921702,15.752554122069458
PART-SUPPORTBEAM-1,233,SupportBeam/B31,83.33334,-10.0,-10.0,0.004396987,-0.0009750832,-0.25191012,0.00126266,-3.29581e-05,-0.212258,0.0397869605014178,15.791585969921702,15.752554122069458
PART-FLOOR-1,74,Floor/S4R,65.0,10.0,0.0,-0.0045808507,0.00042455658,-0.40168914,-0.00302623,0.000132515,-0.362486,0.039235039437534903,9.766872588918593,9.762338956242267
PART-FLOOR-1,82,Floor/S4R,65.0,-10.0,0.0,-0.0045808507,-0.00042455658,-0.40168914,-0.00302623,-0.000132515,-0.362486,0.039235039437534903,9.766872588918593,9.762338956242267
PART-FLOOR-1,133,Floor/S4R,-65.0,10.0,0.0,0.0045808507,0.00042455658,-0.40168914,0.00302623,0.000132515,-0.362486,0.039235039437534903,9.766872588918593,9.762338956242267
PART-FLOOR-1,149,Floor/S4R,-65.0,-10.0,0.0,0.0045808507,-0.00042455658,-0.40168914,0.00302623,-0.000132515,-0.362486,0.039235039437534903,9.766872588918593,9.762338956242267
PART-FLOOR-1,302,Floor/S4R,75.0,-5.0,0.0,-0.0063743084,-3.266629e-08,-0.45430067,-0.00346259,-6.46516e-05,-0.416022,0.03838930653992585,8.44936641800042,8.431685117328435
PART-FLOOR-1,383,Floor/S4R,-75.0,-5.0,0.0,0.0063743084,-3.2666293e-08,-0.45430067,0.00346259,-6.46516e-05,-0.416022,0.038389306539925845,8.44936641800042,8.431685117328435
PART-FLOOR-1,385,Floor/S4R,-75.0,5.0,0.0,0.0063743084,3.2666303e-08,-0.45430067,0.00346259,6.46516e-05,-0.416022,0.038389306539925824,8.449366418000414,8.431685117328435
PART-FLOOR-1,304,Floor/S4R,75.0,5.0,0.0,-0.0063743084,3.2666307e-08,-0.45430067,-0.00346259,6.46516e-05,-0.416022,0.03838930653992582,8.449366418000412,8.431685117328435
PART-SUPPORTBEAM-2,198,SupportBeam/B31,-92.30769,10.0,-30.0,-0.009516216,0.0026134008,-0.24142727,0.0146608,1.6624e-05,-0.212386,0.03787699454320755,15.675690247234082,11.893226081352612
PART-SUPPORTBEAM-2,222,SupportBeam/B31,92.30769,10.0,-30.0,0.009516216,0.0026134008,-0.24142727,-0.0146608,1.6624e-05,-0.212386,0.03787699454320755,15.675690247234082,11.893226081352612
PART-SUPPORTBEAM-1,198,SupportBeam/B31,-92.30769,-10.0,-30.0,-0.009516216,-0.0026134008,-0.24142727,0.0146608,-1.6624e-05,-0.212386,0.03787699454320755,15.675690247234082,11.893226081352612
PART-SUPPORTBEAM-1,222,SupportBeam/B31,92.30769,-10.0,-30.0,0.009516216,-0.0026134008,-0.24142727,-0.0146608,-1.6624e-05,-0.212386,0.03787699454320755,15.675690247234082,11.893226081352612
PART-CABLE100-1,2,Cable/T3D2,0.0,-10.0,150.0,-2.3898852e-15,0.2428416,-0.08677984,-3.75895e-14,0.233663,-0.122004,0.03640038661423255,14.115169099130165,2.216389603129441
PART-CABLE100-2,2,Cable/T3D2,0.0,10.0,150.0,-2.4337921e-14,-0.2428416,-0.08677984,-1.89911e-13,-0.233663,-0.122004,0.03640038661423255,14.115169099130165,2.216389603129441
PART-CABLE100-4,2,Cable/T3D2,0.0,10.0,150.0,-2.4337921e-14,-0.2428416,-0.08677984,-1.89911e-13,-0.233663,-0.122004,0.03640038661423255,14.115169099130165,2.216389603129441
PART-CABLE150-2,2,Cable/T3D2,0.0,10.0,150.0,-2.4337921e-14,-0.2428416,-0.08677984,-1.89911e-13,-0.233663,-0.122004,0.03640038661423255,14.115169099130165,2.216389603129441
PART-CABLE150-4,2,Cable/T3D2,0.0,10.0,150.0,-2.4337921e-14,-0.2428416,-0.08677984,-1.89911e-13,-0.233663,-0.122004,0.03640038661423255,14.115169099130165,2.216389603129441
PART-CABLE200-2,2,Cable/T3D2,0.0,10.0,150.0,-2.4337921e-14,-0.2428416,-0.08677984,-1.89911e-13,-0.233663,-0.122004,0.03640038661423255,14.115169099130165,2.216389603129441
PART-CABLE200-4,2,Cable/T3D2,0.0,10.0,150.0,-2.4337921e-14,-0.2428416,-0.08677984,-1.89911e-13,-0.233663,-0.122004,0.03640038661423255,14.115169099130165,2.216389603129441
PART-CABLE250-2,2,Cable/T3D2,0.0,10.0,150.0,-2.4337921e-14,-0.2428416,-0.08677984,-1.89911e-13,-0.233663,-0.122004,0.03640038661423255,14.115169099130165,2.216389603129441
PART-CABLE250-4,2,Cable/T3D2,0.0,10.0,150.0,-2.4337921e-14,-0.2428416,-0.08677984,-1.89911e-13,-0.233663,-0.122004,0.03640038661423255,14.115169099130165,2.216389603129441
PART-CABLE50-2,2,Cable/T3D2,0.0,10.0,150.0,-2.4337921e-14,-0.2428416,-0.08677984,-1.89911e-13,-0.233663,-0.122004,0.03640038661423255,14.115169099130165,2.216389603129441
PART-CABLE50-4,2,Cable/T3D2,0.0,10.0,150.0,-2.4337921e-14,-0.2428416,-0.08677984,-1.89911e-13,-0.233663,-0.122004,0.03640038661423255,14.115169099130165,2.216389603129441
PART-PIER-2,8,Pier/C3D8R,0.0,-10.0,150.0,-2.3898852e-15,0.2428416,-0.08677984,-3.75895e-14,0.233663,-0.122004,0.03640038661423255,14.115169099130165,2.216389603129441
PART-CABLE100-3,2,Cable/T3D2,0.0,-10.0,150.0,-2.3898852e-15,0.2428416,-0.08677984,-3.75895e-14,0.233663,-0.122004,0.03640038661423255,14.115169099130165,2.216389603129441
PART-CABLE150-1,2,Cable/T3D2,0.0,-10.0,150.0,-2.3898852e-15,0.2428416,-0.08677984,-3.75895e-14,0.233663,-0.122004,0.03640038661423255,14.115169099130165,2.216389603129441
PART-CABLE150-3,2,Cable/T3D2,0.0,-10.0,150.0,-2.3898852e-15,0.2428416,-0.08677984,-3.75895e-14,0.233663,-0.122004,0.03640038661423255,14.115169099130165,2.216389603129441
PART-CABLE200-1,2,Cable/T3D2,0.0,-10.0,150.0,-2.3898852e-15,0.2428416,-0.08677984,-3.75895e-14,0.233663,-0.122004,0.03640038661423255,14.115169099130165,2.216389603129441
PART-CABLE200-3,2,Cable/T3D2,0.0,-10.0,150.0,-2.3898852e-15,0.2428416,-0.08677984,-3.75895e-14,0.233663,-0.122004,0.03640038661423255,14.115169099130165,2.216389603129441
PART-CABLE250-1,2,Cable/T3D2,0.0,-10.0,150.0,-2.3898852e-15,0.2428416,-0.08677984,-3.75895e-14,0.233663,-0.122004,0.03640038661423255,14.115169099130165,2.216389603129441
PART-CABLE250-3,2,Cable/T3D2,0.0,-10.0,150.0,-2.3898852e-15,0.2428416,-0.08677984,-3.75895e-14,0.233663,-0.122004,0.03640038661423255,14.115169099130165,2.216389603129441
PART-CABLE50-1,2,Cable/T3D2,0.0,-10.0,150.0,-2.3898852e-15,0.2428416,-0.08677984,-3.75895e-14,0.233663,-0.122004,0.03640038661423255,14.115169099130165,2.216389603129441
PART-CABLE50-3,2,Cable/T3D2,0.0,-10.0,150.0,-2.3898852e-15,0.2428416,-0.08677984,-3.75895e-14,0.233663,-0.122004,0.03640038661423255,14.115169099130165,2.216389603129441
PART-PIER-1,5,Pier/C3D8R,0.0,10.0,150.0,-2.4337921e-14,-0.2428416,-0.08677984,-1.89911e-13,-0.233663,-0.122004,0.03640038661423255,14.115169099130165,2.216389603129441
PART-SUPPORTBEAM-2,99,SupportBeam/B31,-86.66666,10.0,-8.0,-0.0019349965,0.0008050469,-0.24850416,-0.000439849,6.49212e-05,-0.212923,0.03562024984533597,14.333354885226266,14.320994682640706
PART-SUPPORTBEAM-2,234,SupportBeam/B31,86.66666,10.0,-8.0,0.0019349965,0.0008050469,-0.24850416,0.000439849,6.49212e-05,-0.212923,0.03562024984533597,14.333354885226266,14.320994682640706
PART-SUPPORTBEAM-1,99,SupportBeam/B31,-86.66666,-10.0,-8.0,-0.0019349965,-0.0008050469,-0.24850416,-0.000439849,-6.49212e-05,-0.212923,0.03562024984533597,14.333354885226266,14.320994682640706
PART-SUPPORTBEAM-1,234,SupportBeam/B31,86.66666,-10.0,-8.0,0.0019349965,-0.0008050469,-0.24850416,0.000439849,-6.49212e-05,-0.212923,0.03562024984533597,14.333354885226266,14.320994682640706
PART-PIER-2,271,Pier/C3D8R,-3.33333,-15.0,150.0,0.0025977965,0.23194312,-0.02783482,0.00488489,0.219871,-0.0610425,0.03540786478954277,15.156063190121728,2.3038099530302074
PART-PIER-2,509,Pier/C3D8R,3.33333,-15.0,150.0,-0.0025977965,0.23194312,-0.02783482,-0.00488489,0.219871,-0.0610425,0.03540786478954277,15.156063190121728,2.3038099530302074
PART-PIER-1,271,Pier/C3D8R,-3.33333,15.0,150.0,0.0025977965,-0.23194312,-0.02783482,0.00488489,-0.219871,-0.0610425,0.03540786478954277,15.156063190121728,2.3038099530302074
PART-PIER-1,509,Pier/C3D8R,3.33333,15.0,150.0,-0.0025977965,-0.23194312,-0.02783482,-0.00488489,-0.219871,-0.0610425,0.03540786478954277,15.156063190121728,2.3038099530302074
PART-PIER-2,5,Pier/C3D8R,0.0,-20.0,150.0,-5.3215984e-15,0.22275291,-0.046946015,-1.24069e-13,0.208081,-0.0790213,0.03527164372239158,15.494062923266874,2.225256869359484
PART-PIER-1,8,Pier/C3D8R,0.0,20.0,150.0,-2.4602761e-14,-0.22275291,-0.046946015,-2.94653e-13,-0.208081,-0.0790213,0.03527164372239158,15.494062923266874,2.225256869359484
PART-SUPPORTBEAM-2,199,SupportBeam/B31,-96.15385,10.0,-30.0,-0.0096204495,0.0026086476,-0.2381621,0.0135815,4.98762e-05,-0.212891,0.034402125906519324,14.432201620858768,10.507510700174395
PART-SUPPORTBEAM-2,223,SupportBeam/B31,96.15385,10.0,-30.0,0.0096204495,0.0026086476,-0.2381621,-0.0135815,4.98762e-05,-0.212891,0.034402125906519324,14.432201620858768,10.507510700174395
PART-SUPPORTBEAM-1,199,SupportBeam/B31,-96.15385,-10.0,-30.0,-0.0096204495,-0.0026086476,-0.2381621,0.0135815,-4.98762e-05,-0.212891,0.034402125906519324,14.432201620858768,10.507510700174395
PART-SUPPORTBEAM-1,223,SupportBeam/B31,96.15385,-10.0,-30.0,0.0096204495,-0.0026086476,-0.2381621,-0.0135815,-4.98762e-05,-0.212891,0.034402125906519324,14.432201620858768,10.507510700174395
PART-FLOOR-1,300,Floor/S4R,80.0,0.0,0.0,-0.0065658106,7.705265e-15,-0.43922576,-0.00367795,-1.87135e-13,-0.40598,0.03337094989392171,7.596827192305655,7.575706581130251
PART-FLOOR-1,387,Floor/S4R,-80.0,0.0,0.0,0.0065658106,5.0076706e-15,-0.43922576,0.00367795,-2.73288e-13,-0.40598,0.03337094989392171,7.596827192305655,7.575706581130251
PART-FLOOR-1,71,Floor/S4R,80.0,10.0,0.0,-0.0065781977,4.3077154e-05,-0.44336817,-0.00368468,0.000132408,-0.411343,0.032155745026498136,7.251807497004998,7.229638803376615
PART-FLOOR-1,85,Floor/S4R,80.0,-10.0,0.0,-0.0065781977,-4.3077154e-05,-0.44336817,-0.00368468,-0.000132408,-0.411343,0.032155745026498136,7.251807497004998,7.229638803376615
PART-FLOOR-1,136,Floor/S4R,-80.0,10.0,0.0,0.0065781977,4.3077154e-05,-0.44336817,0.00368468,0.000132408,-0.411343,0.032155745026498136,7.251807497004998,7.229638803376615
PART-FLOOR-1,146,Floor/S4R,-80.0,-10.0,0.0,0.0065781977,-4.3077154e-05,-0.44336817,0.00368468,-0.000132408,-0.411343,0.032155745026498136,7.251807497004998,7.229638803376615
PART-SUPPORTBEAM-2,100,SupportBeam/B31,-90.0,10.0,-6.0,0.0007872887,0.000635552,-0.24465851,0.00082174,9.51066e-05,-0.21285,0.03181311956634482,13.002959725120267,13.001273780550223
PART-SUPPORTBEAM-2,235,SupportBeam/B31,90.0,10.0,-6.0,-0.0007872887,0.000635552,-0.24465851,-0.00082174,9.51066e-05,-0.21285,0.03181311956634482,13.002959725120267,13.001273780550223
PART-SUPPORTBEAM-1,100,SupportBeam/B31,-90.0,-10.0,-6.0,0.0007872887,-0.000635552,-0.24465851,0.00082174,-9.51066e-05,-0.21285,0.03181311956634482,13.002959725120267,13.001273780550223
PART-SUPPORTBEAM-1,235,SupportBeam/B31,90.0,-10.0,-6.0,-0.0007872887,-0.000635552,-0.24465851,-0.00082174,-9.51066e-05,-0.21285,0.03181311956634482,13.002959725120267,13.001273780550223
PART-FLOOR-1,305,Floor/S4R,70.0,-5.0,0.0,-0.0050548743,-0.00017838518,-0.4413069,-0.00324528,-6.50406e-05,-0.409609,0.0317497140606716,7.194002374509519,7.1859156096312935
PART-FLOOR-1,307,Floor/S4R,70.0,5.0,0.0,-0.0050548743,0.00017838518,-0.4413069,-0.00324528,6.50406e-05,-0.409609,0.0317497140606716,7.194002374509519,7.1859156096312935
PART-FLOOR-1,380,Floor/S4R,-70.0,-5.0,0.0,0.0050548743,-0.00017838518,-0.4413069,0.00324528,-6.50406e-05,-0.409609,0.0317497140606716,7.194002374509519,7.1859156096312935
PART-FLOOR-1,382,Floor/S4R,-70.0,5.0,0.0,0.0050548743,0.00017838518,-0.4413069,0.00324528,6.50406e-05,-0.409609,0.0317497140606716,7.194002374509519,7.1859156096312935
PART-SUPPORTBEAM-2,9,SupportBeam/B31,-100.0,10.0,-30.0,-0.009724684,0.0026040894,-0.23576926,0.0125021,8.16098e-05,-0.213902,0.031282101755199763,13.256021045746023,9.20275326533643
PART-SUPPORTBEAM-2,13,SupportBeam/B31,100.0,10.0,-30.0,0.009724684,0.0026040894,-0.23576926,-0.0125021,8.16098e-05,-0.213902,0.031282101755199763,13.256021045746023,9.20275326533643
PART-SUPPORTBEAM-1,9,SupportBeam/B31,-100.0,-10.0,-30.0,-0.009724684,-0.0026040894,-0.23576926,0.0125021,-8.16098e-05,-0.213902,0.031282101755199763,13.256021045746023,9.20275326533643
PART-SUPPORTBEAM-1,13,SupportBeam/B31,100.0,-10.0,-30.0,0.009724684,-0.0026040894,-0.23576926,-0.0125021,-8.16098e-05,-0.213902,0.031282101755199763,13.256021045746023,9.20275326533643
PART-PIER-2,349,Pier/C3D8R,-3.41667,-10.0,145.0,-0.00035093862,0.21737517,-0.03268443,0.000481432,0.204752,-0.0606913,0.03073145015932114,13.980347780204063,2.8481895217131084
PART-PIER-2,665,Pier/C3D8R,3.41667,-10.0,145.0,0.00035093862,0.21737517,-0.03268443,-0.000481432,0.204752,-0.0606913,0.03073145015932114,13.980347780204063,2.8481895217131084
PART-PIER-1,427,Pier/C3D8R,-3.41667,10.0,145.0,-0.00035093862,-0.21737517,-0.03268443,0.000481432,-0.204752,-0.0606913,0.03073145015932114,13.980347780204063,2.8481895217131084
PART-PIER-1,587,Pier/C3D8R,3.41667,10.0,145.0,0.00035093862,-0.21737517,-0.03268443,-0.000481432,-0.204752,-0.0606913,0.03073145015932114,13.980347780204063,2.8481895217131084
PART-PIER-2,467,Pier/C3D8R,0.0,-15.0,145.0,-3.8548232e-15,0.21874021,-0.034044404,-8.83849e-14,0.205124,-0.0613939,0.030551531978251365,13.800887993894262,3.2790972195771255
PART-PIER-1,467,Pier/C3D8R,0.0,15.0,145.0,-2.4905516e-14,-0.21874021,-0.034044404,-2.35798e-13,-0.205124,-0.0613939,0.030551531978251365,13.800887993894262,3.2790972195771255
PART-PIER-2,24,Pier/C3D8R,-6.66667,-10.0,150.0,-0.0013506705,0.2281314,-0.04573216,-0.000739076,0.214493,-0.0729633,0.030461697065200268,13.092007280770709,2.6258113455718037
PART-PIER-2,186,Pier/C3D8R,6.66667,-10.0,150.0,0.0013506705,0.2281314,-0.04573216,0.000739076,0.214493,-0.0729633,0.030461697065200268,13.092007280770709,2.6258113455718037
PART-PIER-1,20,Pier/C3D8R,-6.66667,10.0,150.0,-0.0013506705,-0.2281314,-0.04573216,-0.000739076,-0.214493,-0.0729633,0.030461697065200268,13.092007280770709,2.6258113455718037
PART-PIER-1,190,Pier/C3D8R,6.66667,10.0,150.0,0.0013506705,-0.2281314,-0.04573216,0.000739076,-0.214493,-0.0729633,0.030461697065200268,13.092007280770709,2.6258113455718037
PART-PIER-2,427,Pier/C3D8R,-3.41667,-20.0,145.0,0.0019269456,0.2203626,0.00030683845,0.0032357,0.205636,-0.0257233,0.029935826251595046,13.584271004903895,5.94784645308087
PART-PIER-2,587,Pier/C3D8R,3.41667,-20.0,145.0,-0.0019269456,0.2203626,0.00030683845,-0.0032357,0.205636,-0.0257233,0.029935826251595046,13.584271004903895,5.94784645308087
PART-PIER-1,349,Pier/C3D8R,-3.41667,20.0,145.0,0.0019269456,-0.2203626,0.00030683845,0.0032357,-0.205636,-0.0257233,0.029935826251595046,13.584271004903895,5.94784645308087
PART-PIER-1,665,Pier/C3D8R,3.41667,20.0,145.0,-0.0019269456,-0.2203626,0.00030683845,-0.0032357,-0.205636,-0.0257233,0.029935826251595046,13.584271004903895,5.94784645308087
PART-FLOOR-1,296,Floor/S4R,85.0,-5.0,0.0,-0.0068049645,-4.1286687e-05,-0.4010274,-0.003897,-7.42008e-05,-0.371923,0.029249332304038898,7.292549590391678,7.265717038085199
PART-FLOOR-1,298,Floor/S4R,85.0,5.0,0.0,-0.0068049645,4.1286687e-05,-0.4010274,-0.003897,7.42008e-05,-0.371923,0.029249332304038898,7.292549590391678,7.265717038085199
PART-FLOOR-1,389,Floor/S4R,-85.0,-5.0,0.0,0.0068049645,-4.1286687e-05,-0.4010274,0.003897,-7.42008e-05,-0.371923,0.029249332304038898,7.292549590391678,7.265717038085199
PART-FLOOR-1,391,Floor/S4R,-85.0,5.0,0.0,0.0068049645,4.1286687e-05,-0.4010274,0.003897,7.42008e-05,-0.371923,0.029249332304038898,7.292549590391678,7.265717038085199
PART-SUPPORTBEAM-2,140,SupportBeam/B31,-100.0,10.0,-26.25,-0.008049641,0.0022976054,-0.23569398,0.0110586,9.19636e-05,-0.213827,0.02912309297077473,12.348529923154317,9.21368818721257
PART-SUPPORTBEAM-2,244,SupportBeam/B31,100.0,10.0,-26.25,0.008049641,0.0022976054,-0.23569398,-0.0110586,9.19636e-05,-0.213827,0.02912309297077473,12.348529923154317,9.21368818721257
PART-SUPPORTBEAM-1,140,SupportBeam/B31,-100.0,-10.0,-26.25,-0.008049641,-0.0022976054,-0.23569398,0.0110586,-9.19636e-05,-0.213827,0.02912309297077473,12.348529923154317,9.21368818721257
PART-SUPPORTBEAM-1,244,SupportBeam/B31,100.0,-10.0,-26.25,0.008049641,-0.0022976054,-0.23569398,-0.0110586,-9.19636e-05,-0.213827,0.02912309297077473,12.348529923154317,9.21368818721257
PART-PIER-2,66,Pier/C3D8R,0.0,-10.0,135.0,-1.5370622e-15,0.19020012,-0.022323916,-5.24131e-14,0.174256,-0.046675,0.0291065328500228,15.198779453838279,5.799813538686501
PART-PIER-1,178,Pier/C3D8R,0.0,10.0,135.0,-2.4182384e-14,-0.19020012,-0.022323916,-1.72109e-13,-0.174256,-0.046675,0.0291065328500228,15.198779453838279,5.799813538686501
PART-PIER-2,68,Pier/C3D8R,0.0,-10.0,125.0,-7.508777e-16,0.17050633,-0.026919156,-4.58499e-14,0.154089,-0.0509179,0.029076939968064663,16.84465297866908,5.986827590849375
PART-PIER-1,176,Pier/C3D8R,0.0,10.0,125.0,-2.2347507e-14,-0.17050633,-0.026919156,-1.5348e-13,-0.154089,-0.0509179,0.029076939968064663,16.84465297866908,5.986827590849375
PART-PIER-2,339,Pier/C3D8R,-3.83333,-10.0,120.0,0.0008368608,0.16122437,-0.025950799,0.00112059,0.144268,-0.0494378,0.02896960824398275,17.739931740107156,6.609827384275412
PART-PIER-2,655,Pier/C3D8R,3.83333,-10.0,120.0,-0.0008368608,0.16122437,-0.025950799,-0.00112059,0.144268,-0.0494378,0.02896960824398275,17.739931740107156,6.609827384275412
PART-PIER-1,417,Pier/C3D8R,-3.83333,10.0,120.0,0.0008368608,-0.16122437,-0.025950799,0.00112059,-0.144268,-0.0494378,0.02896960824398275,17.739931740107156,6.609827384275412
PART-PIER-1,577,Pier/C3D8R,3.83333,10.0,120.0,-0.0008368608,-0.16122437,-0.025950799,-0.00112059,-0.144268,-0.0494378,0.02896960824398275,17.739931740107156,6.609827384275412
PART-PIER-2,22,Pier/C3D8R,-10.0,-15.0,150.0,-0.0011506098,0.23074827,-0.02538402,-0.00388996,0.218022,-0.0512539,0.028960536577307062,12.475292975309578,3.508110420044038
PART-PIER-2,188,Pier/C3D8R,10.0,-15.0,150.0,0.0011506098,0.23074827,-0.02538402,0.00388996,0.218022,-0.0512539,0.028960536577307062,12.475292975309578,3.508110420044038
PART-PIER-1,22,Pier/C3D8R,-10.0,15.0,150.0,-0.0011506098,-0.23074827,-0.02538402,-0.00388996,-0.218022,-0.0512539,0.028960536577307062,12.475292975309578,3.508110420044038
PART-PIER-1,188,Pier/C3D8R,10.0,15.0,150.0,0.0011506098,-0.23074827,-0.02538402,0.00388996,-0.218022,-0.0512539,0.028960536577307062,12.475292975309578,3.508110420044038
PART-PIER-2,780,Pier/C3D8R,-3.5,-15.0,140.0,0.000717886,0.20633988,-0.014329005,0.00130412,0.191832,-0.0392379,0.028831845284653237,13.939332878585816,5.332631673671897
PART-PIER-2,858,Pier/C3D8R,3.5,-15.0,140.0,-0.000717886,0.20633988,-0.014329005,-0.00130412,0.191832,-0.0392379,0.028831845284653237,13.939332878585816,5.332631673671897
PART-PIER-1,780,Pier/C3D8R,-3.5,15.0,140.0,0.000717886,-0.20633988,-0.014329005,0.00130412,-0.191832,-0.0392379,0.028831845284653237,13.939332878585816,5.332631673671897
PART-PIER-1,858,Pier/C3D8R,3.5,15.0,140.0,-0.000717886,-0.20633988,-0.014329005,-0.00130412,-0.191832,-0.0392379,0.028831845284653237,13.939332878585816,5.332631673671897
PART-PIER-2,343,Pier/C3D8R,-3.66667,-10.0,130.0,0.0009014463,0.18345101,-0.026856536,0.00105905,0.167112,-0.0505482,0.028779906702337474,15.522420433986362,5.8334822600008405
PART-PIER-2,659,Pier/C3D8R,3.66667,-10.0,130.0,-0.0009014463,0.18345101,-0.026856536,-0.00105905,0.167112,-0.0505482,0.028779906702337474,15.522420433986362,5.8334822600008405
PART-PIER-1,421,Pier/C3D8R,-3.66667,10.0,130.0,0.0009014463,-0.18345101,-0.026856536,0.00105905,-0.167112,-0.0505482,0.028779906702337474,15.522420433986362,5.8334822600008405
PART-PIER-1,581,Pier/C3D8R,3.66667,10.0,130.0,-0.0009014463,-0.18345101,-0.026856536,-0.00105905,-0.167112,-0.0505482,0.028779906702337474,15.522420433986362,5.8334822600008405
PART-PIER-2,342,Pier/C3D8R,-7.5,-10.0,125.0,0.0009193642,0.17178912,-0.026220039,0.000944557,0.155433,-0.0498444,0.028733842917192484,16.53451310570079,6.070130916334777
PART-PIER-2,658,Pier/C3D8R,7.5,-10.0,125.0,-0.0009193642,0.17178912,-0.026220039,-0.000944557,0.155433,-0.0498444,0.028733842917192484,16.53451310570079,6.070130916334777
PART-PIER-1,420,Pier/C3D8R,-7.5,10.0,125.0,0.0009193642,-0.17178912,-0.026220039,0.000944557,-0.155433,-0.0498444,0.028733842917192484,16.53451310570079,6.070130916334777
PART-PIER-1,580,Pier/C3D8R,7.5,10.0,125.0,-0.0009193642,-0.17178912,-0.026220039,-0.000944557,-0.155433,-0.0498444,0.028733842917192484,16.53451310570079,6.070130916334777
PART-SUPPORTBEAM-2,122,SupportBeam/B31,-103.84615,10.0,-30.0,-0.009833789,0.002599608,-0.23551787,0.0114198,0.00011203,-0.216346,0.02873088388796809,12.187663966947545,8.098077475948278
PART-SUPPORTBEAM-2,245,SupportBeam/B31,103.84615,10.0,-30.0,0.009833789,0.002599608,-0.23551787,-0.0114198,0.00011203,-0.216346,0.02873088388796809,12.187663966947545,8.098077475948278
PART-SUPPORTBEAM-1,122,SupportBeam/B31,-103.84615,-10.0,-30.0,-0.009833789,-0.002599608,-0.23551787,0.0114198,-0.00011203,-0.216346,0.02873088388796809,12.187663966947545,8.098077475948278
PART-SUPPORTBEAM-1,245,SupportBeam/B31,103.84615,-10.0,-30.0,0.009833789,-0.002599608,-0.23551787,-0.0114198,-0.00011203,-0.216346,0.02873088388796809,12.187663966947545,8.098077475948278
PART-PIER-2,70,Pier/C3D8R,0.0,-10.0,115.0,-3.8549494e-16,0.15078959,-0.027165372,-4.05206e-14,0.133766,-0.0502735,0.0287017106833806,18.732715889407228,6.732787946928638
PART-PIER-1,174,Pier/C3D8R,0.0,10.0,115.0,-2.0594808e-14,-0.15078959,-0.027165372,-1.38159e-13,-0.133766,-0.0502735,0.0287017106833806,18.732715889407228,6.732787946928638
PART-PIER-2,346,Pier/C3D8R,-7.16667,-10.0,135.0,0.0012184127,0.1950517,-0.026674658,0.00130863,0.180072,-0.0511496,0.02869533650533799,14.575705735126085,4.912242467963863
PART-PIER-2,662,Pier/C3D8R,7.16667,-10.0,135.0,-0.0012184127,0.1950517,-0.026674658,-0.00130863,0.180072,-0.0511496,0.02869533650533799,14.575705735126085,4.912242467963863
PART-PIER-1,424,Pier/C3D8R,-7.16667,10.0,135.0,0.0012184127,-0.1950517,-0.026674658,0.00130863,-0.180072,-0.0511496,0.02869533650533799,14.575705735126085,4.912242467963863
PART-PIER-1,584,Pier/C3D8R,7.16667,10.0,135.0,-0.0012184127,-0.1950517,-0.026674658,-0.00130863,-0.180072,-0.0511496,0.02869533650533799,14.575705735126085,4.912242467963863
PART-PIER-2,335,Pier/C3D8R,-4.0,-10.0,110.0,0.000543556,0.14094481,-0.025320878,0.000745925,0.123588,-0.0481698,0.028694477572354316,20.037729440495568,7.3717758344736195
PART-PIER-2,651,Pier/C3D8R,4.0,-10.0,110.0,-0.000543556,0.14094481,-0.025320878,-0.000745925,0.123588,-0.0481698,0.028694477572354316,20.037729440495568,7.3717758344736195
PART-PIER-1,413,Pier/C3D8R,-4.0,10.0,110.0,0.000543556,-0.14094481,-0.025320878,0.000745925,-0.123588,-0.0481698,0.028694477572354316,20.037729440495568,7.3717758344736195
PART-PIER-1,573,Pier/C3D8R,4.0,10.0,110.0,-0.000543556,-0.14094481,-0.025320878,-0.000745925,-0.123588,-0.0481698,0.028694477572354316,20.037729440495568,7.3717758344736195
PART-PIER-2,338,Pier/C3D8R,-7.83333,-10.0,115.0,0.0005512946,0.15071787,-0.0258671,0.000485636,0.133601,-0.0488035,0.028619398921162793,18.71497084853066,6.987793372027544
PART-PIER-2,654,Pier/C3D8R,7.83333,-10.0,115.0,-0.0005512946,0.15071787,-0.0258671,-0.000485636,0.133601,-0.0488035,0.028619398921162793,18.71497084853066,6.987793372027544
PART-PIER-1,416,Pier/C3D8R,-7.83333,10.0,115.0,0.0005512946,-0.15071787,-0.0258671,0.000485636,-0.133601,-0.0488035,0.028619398921162793,18.71497084853066,6.987793372027544
PART-PIER-1,576,Pier/C3D8R,7.83333,10.0,115.0,-0.0005512946,-0.15071787,-0.0258671,-0.000485636,-0.133601,-0.0488035,0.028619398921162793,18.71497084853066,6.987793372027544
PART-PIER-2,501,Pier/C3D8R,-11.5,-15.0,120.0,0.000743262,0.1607027,-0.01672571,0.000670492,0.143792,-0.0397926,0.028601721700537538,17.702102094874295,7.658774659257382
PART-PIER-2,700,Pier/C3D8R,11.5,-15.0,120.0,-0.000743262,0.1607027,-0.01672571,-0.000670492,0.143792,-0.0397926,0.028601721700537538,17.702102094874295,7.658774659257382
PART-PIER-1,501,Pier/C3D8R,-11.5,15.0,120.0,0.000743262,-0.1607027,-0.01672571,0.000670492,-0.143792,-0.0397926,0.028601721700537538,17.702102094874295,7.658774659257382
PART-PIER-1,700,Pier/C3D8R,11.5,15.0,120.0,-0.000743262,-0.1607027,-0.01672571,-0.000670492,-0.143792,-0.0397926,0.028601721700537538,17.702102094874295,7.658774659257382
PART-PIER-2,58,Pier/C3D8R,-11.5,-10.0,120.0,0.0006533752,0.16089329,-0.025970293,0.000328277,0.144233,-0.0491019,0.028508633676944114,17.49241727574776,6.5130756588087575
PART-PIER-2,235,Pier/C3D8R,11.5,-10.0,120.0,-0.0006533752,0.16089329,-0.025970293,-0.000328277,0.144233,-0.0491019,0.028508633676944114,17.49241727574776,6.5130756588087575
PART-PIER-1,108,Pier/C3D8R,-11.5,10.0,120.0,0.0006533752,-0.16089329,-0.025970293,0.000328277,-0.144233,-0.0491019,0.028508633676944114,17.49241727574776,6.5130756588087575
PART-PIER-1,224,Pier/C3D8R,11.5,10.0,120.0,-0.0006533752,-0.16089329,-0.025970293,-0.000328277,-0.144233,-0.0491019,0.028508633676944114,17.49241727574776,6.5130756588087575
PART-PIER-2,503,Pier/C3D8R,-11.0,-15.0,130.0,0.0009266014,0.18245801,-0.016736424,0.00051127,0.166329,-0.0401812,0.028460059477135705,15.532733657786634,6.610389053698563
PART-PIER-2,702,Pier/C3D8R,11.0,-15.0,130.0,-0.0009266014,0.18245801,-0.016736424,-0.00051127,0.166329,-0.0401812,0.028460059477135705,15.532733657786634,6.610389053698563
PART-PIER-1,503,Pier/C3D8R,-11.0,15.0,130.0,0.0009266014,-0.18245801,-0.016736424,0.00051127,-0.166329,-0.0401812,0.028460059477135705,15.532733657786634,6.610389053698563
PART-PIER-1,702,Pier/C3D8R,11.0,15.0,130.0,-0.0009266014,-0.18245801,-0.016736424,-0.00051127,-0.166329,-0.0401812,0.028460059477135705,15.532733657786634,6.610389053698563
PART-PIER-2,63,Pier/C3D8R,-10.25,-10.0,145.0,-0.0036424438,0.21592966,-0.031630542,-0.00685329,0.200158,-0.0550957,0.02845467329702835,13.036786957500846,4.833111747153865
PART-PIER-2,230,Pier/C3D8R,10.25,-10.0,145.0,0.0036424438,0.21592966,-0.031630542,0.00685329,0.200158,-0.0550957,0.02845467329702835,13.036786957500846,4.833111747153865
PART-PIER-1,103,Pier/C3D8R,-10.25,10.0,145.0,-0.0036424438,-0.21592966,-0.031630542,-0.00685329,-0.200158,-0.0550957,0.02845467329702835,13.036786957500846,4.833111747153865
PART-PIER-1,229,Pier/C3D8R,10.25,10.0,145.0,0.0036424438,-0.21592966,-0.031630542,0.00685329,-0.200158,-0.0550957,0.02845467329702835,13.036786957500846,4.833111747153865
PART-PIER-2,62,Pier/C3D8R,-10.5,-10.0,140.0,0.0020878792,0.20772097,-0.027269647,0.00390836,0.194357,-0.0522566,0.028394676697019772,13.552658119915014,3.921576392378815
PART-PIER-2,231,Pier/C3D8R,10.5,-10.0,140.0,-0.0020878792,0.20772097,-0.027269647,-0.00390836,0.194357,-0.0522566,0.028394676697019772,13.552658119915014,3.921576392378815
PART-PIER-1,104,Pier/C3D8R,-10.5,10.0,140.0,0.0020878792,-0.20772097,-0.027269647,0.00390836,-0.194357,-0.0522566,0.028394676697019772,13.552658119915014,3.921576392378815
PART-PIER-1,228,Pier/C3D8R,10.5,10.0,140.0,-0.0020878792,-0.20772097,-0.027269647,-0.00390836,-0.194357,-0.0522566,0.028394676697019772,13.552658119915014,3.921576392378815
PART-PIER-2,56,Pier/C3D8R,-12.0,-10.0,110.0,0.00031049468,0.1406829,-0.025456402,-0.000133441,0.123453,-0.0480068,0.02838286424687229,19.852621627857136,7.350684259966774
PART-PIER-2,237,Pier/C3D8R,12.0,-10.0,110.0,-0.00031049468,0.1406829,-0.025456402,0.000133441,0.123453,-0.0480068,0.02838286424687229,19.852621627857136,7.350684259966774
PART-PIER-1,110,Pier/C3D8R,-12.0,10.0,110.0,0.00031049468,-0.1406829,-0.025456402,-0.000133441,-0.123453,-0.0480068,0.02838286424687229,19.852621627857136,7.350684259966774
PART-PIER-1,222,Pier/C3D8R,12.0,10.0,110.0,-0.00031049468,-0.1406829,-0.025456402,0.000133441,-0.123453,-0.0480068,0.02838286424687229,19.852621627857136,7.350684259966774
PART-PIER-2,771,Pier/C3D8R,-7.83333,-15.0,115.0,0.00012224179,0.15065649,-0.016632123,-0.000103952,0.133697,-0.039376,0.028371806528345415,18.718389849686652,8.046952780580414
PART-PIER-2,849,Pier/C3D8R,7.83333,-15.0,115.0,-0.00012224179,0.15065649,-0.016632123,0.000103952,0.133697,-0.039376,0.028371806528345415,18.718389849686652,8.046952780580414
PART-PIER-1,771,Pier/C3D8R,-7.83333,15.0,115.0,0.00012224179,-0.15065649,-0.016632123,-0.000103952,-0.133697,-0.039376,0.028371806528345415,18.718389849686652,8.046952780580414
PART-PIER-1,849,Pier/C3D8R,7.83333,15.0,115.0,-0.00012224179,-0.15065649,-0.016632123,0.000103952,-0.133697,-0.039376,0.028371806528345415,18.718389849686652,8.046952780580414
PART-PIER-2,499,Pier/C3D8R,-12.0,-15.0,110.0,0.0004126011,0.1406022,-0.016375503,0.000299754,0.123177,-0.0387598,0.028367359441657376,20.04007056990719,8.775169631381448
PART-PIER-2,698,Pier/C3D8R,12.0,-15.0,110.0,-0.0004126011,0.1406022,-0.016375503,-0.000299754,0.123177,-0.0387598,0.028367359441657376,20.04007056990719,8.775169631381448
PART-PIER-1,499,Pier/C3D8R,-12.0,15.0,110.0,0.0004126011,-0.1406022,-0.016375503,0.000299754,-0.123177,-0.0387598,0.028367359441657376,20.04007056990719,8.775169631381448
PART-PIER-1,698,Pier/C3D8R,12.0,15.0,110.0,-0.0004126011,-0.1406022,-0.016375503,-0.000299754,-0.123177,-0.0387598,0.028367359441657376,20.04007056990719,8.775169631381448
PART-PIER-2,60,Pier/C3D8R,-11.0,-10.0,130.0,0.001190811,0.18305235,-0.026200471,0.00143342,0.16755,-0.0499456,0.028358647109409538,15.335486742942402,5.450969991143683
PART-PIER-2,233,Pier/C3D8R,11.0,-10.0,130.0,-0.001190811,0.18305235,-0.026200471,-0.00143342,0.16755,-0.0499456,0.028358647109409538,15.335486742942402,5.450969991143683
PART-PIER-1,106,Pier/C3D8R,-11.0,10.0,130.0,0.001190811,-0.18305235,-0.026200471,0.00143342,-0.16755,-0.0499456,0.028358647109409538,15.335486742942402,5.450969991143683
PART-PIER-1,226,Pier/C3D8R,11.0,10.0,130.0,-0.001190811,-0.18305235,-0.026200471,-0.00143342,-0.16755,-0.0499456,0.028358647109409538,15.335486742942402,5.450969991143683
PART-PIER-2,109,Pier/C3D8R,-11.75,-20.0,115.0,0.00084069365,0.1504053,-0.006703099,0.00114356,0.132745,-0.0288649,0.02833943096957952,18.82306503245251,9.767129266065263
PART-PIER-2,223,Pier/C3D8R,11.75,-20.0,115.0,-0.00084069365,0.1504053,-0.006703099,-0.00114356,0.132745,-0.0288649,0.02833943096957952,18.82306503245251,9.767129266065263
PART-PIER-1,57,Pier/C3D8R,-11.75,20.0,115.0,0.00084069365,-0.1504053,-0.006703099,0.00114356,-0.132745,-0.0288649,0.02833943096957952,18.82306503245251,9.767129266065263
PART-PIER-1,236,Pier/C3D8R,11.75,20.0,115.0,-0.00084069365,-0.1504053,-0.006703099,-0.00114356,-0.132745,-0.0288649,0.02833943096957952,18.82306503245251,9.767129266065263
PART-SUPPORTBEAM-2,101,SupportBeam/B31,-93.33334,10.0,-4.0,0.0035304225,0.000466696,-0.24077228,0.00225797,0.000123576,-0.212481,0.02832195951443961,11.761678792044686,11.754877057160869
PART-SUPPORTBEAM-2,236,SupportBeam/B31,93.33334,10.0,-4.0,-0.0035304225,0.000466696,-0.24077228,-0.00225797,0.000123576,-0.212481,0.02832195951443961,11.761678792044686,11.754877057160869
PART-SUPPORTBEAM-1,101,SupportBeam/B31,-93.33334,-10.0,-4.0,0.0035304225,-0.000466696,-0.24077228,0.00225797,-0.000123576,-0.212481,0.02832195951443961,11.761678792044686,11.754877057160869
PART-SUPPORTBEAM-1,236,SupportBeam/B31,93.33334,-10.0,-4.0,-0.0035304225,-0.000466696,-0.24077228,-0.00225797,-0.000123576,-0.212481,0.02832195951443961,11.761678792044686,11.754877057160869
PART-PIER-2,775,Pier/C3D8R,-7.5,-15.0,125.0,0.00015505933,0.1716288,-0.016843995,-2.92559e-05,0.155367,-0.0400286,0.0283197108097882,16.421656012811926,6.9658308730398755
PART-PIER-2,853,Pier/C3D8R,7.5,-15.0,125.0,-0.00015505933,0.1716288,-0.016843995,2.92559e-05,0.155367,-0.0400286,0.0283197108097882,16.421656012811926,6.9658308730398755
PART-PIER-1,775,Pier/C3D8R,-7.5,15.0,125.0,0.00015505933,-0.1716288,-0.016843995,-2.92559e-05,-0.155367,-0.0400286,0.0283197108097882,16.421656012811926,6.9658308730398755
PART-PIER-1,853,Pier/C3D8R,7.5,15.0,125.0,-0.00015505933,-0.1716288,-0.016843995,2.92559e-05,-0.155367,-0.0400286,0.0283197108097882,16.421656012811926,6.9658308730398755
PART-PIER-2,776,Pier/C3D8R,-3.66667,-15.0,130.0,-0.000302844,0.18282741,-0.016334211,-0.00048622,0.167133,-0.0398909,0.028306637536948762,15.421264623706799,6.389112069260413
PART-PIER-2,854,Pier/C3D8R,3.66667,-15.0,130.0,0.000302844,0.18282741,-0.016334211,0.00048622,0.167133,-0.0398909,0.028306637536948762,15.421264623706799,6.389112069260413
PART-PIER-1,776,Pier/C3D8R,-3.66667,15.0,130.0,-0.000302844,-0.18282741,-0.016334211,-0.00048622,-0.167133,-0.0398909,0.028306637536948762,15.421264623706799,6.389112069260413
PART-PIER-1,854,Pier/C3D8R,3.66667,15.0,130.0,0.000302844,-0.18282741,-0.016334211,0.00048622,-0.167133,-0.0398909,0.028306637536948762,15.421264623706799,6.389112069260413
PART-PIER-2,334,Pier/C3D8R,-8.16667,-10.0,105.0,0.00024140804,0.13140993,-0.025170572,8.92281e-05,0.113906,-0.0473779,0.028276777416788905,21.13376552391495,7.797308265238527
PART-PIER-2,650,Pier/C3D8R,8.16667,-10.0,105.0,-0.00024140804,0.13140993,-0.025170572,-8.92281e-05,0.113906,-0.0473779,0.028276777416788905,21.13376552391495,7.797308265238527
PART-PIER-1,412,Pier/C3D8R,-8.16667,10.0,105.0,0.00024140804,-0.13140993,-0.025170572,8.92281e-05,-0.113906,-0.0473779,0.028276777416788905,21.13376552391495,7.797308265238527
PART-PIER-1,572,Pier/C3D8R,8.16667,10.0,105.0,-0.00024140804,-0.13140993,-0.025170572,-8.92281e-05,-0.113906,-0.0473779,0.028276777416788905,21.13376552391495,7.797308265238527
PART-PIER-2,72,Pier/C3D8R,0.0,-10.0,105.0,7.976161e-17,0.13177995,-0.025981268,-3.5429e-14,0.114331,-0.0482129,0.028261481162280302,21.040925490429043,7.620685567918146
PART-PIER-1,172,Pier/C3D8R,0.0,10.0,105.0,-1.8745898e-14,-0.13177995,-0.025981268,-1.22949e-13,-0.114331,-0.0482129,0.028261481162280302,21.040925490429043,7.620685567918146
PART-PIER-2,59,Pier/C3D8R,-11.25,-10.0,125.0,-0.0017367677,0.1713624,-0.030328812,-0.00194129,0.1552,-0.0534833,0.028238188994220946,16.225649025285875,5.668906159655227
PART-PIER-2,234,Pier/C3D8R,11.25,-10.0,125.0,0.0017367677,0.1713624,-0.030328812,0.00194129,0.1552,-0.0534833,0.028238188994220946,16.225649025285875,5.668906159655227
PART-PIER-1,107,Pier/C3D8R,-11.25,10.0,125.0,-0.0017367677,-0.1713624,-0.030328812,-0.00194129,-0.1552,-0.0534833,0.028238188994220946,16.225649025285875,5.668906159655227
PART-PIER-1,225,Pier/C3D8R,11.25,10.0,125.0,0.0017367677,-0.1713624,-0.030328812,0.00194129,-0.1552,-0.0534833,0.028238188994220946,16.225649025285875,5.668906159655227
PART-PIER-2,461,Pier/C3D8R,0.0,-15.0,115.0,-1.8803623e-15,0.15076253,-0.015359969,-7.48037e-14,0.133886,-0.0380001,0.0282381443536586,18.633755156721936,8.16185909982015
PART-PIER-1,461,Pier/C3D8R,0.0,15.0,115.0,-2.0219097e-14,-0.15076253,-0.015359969,-1.83793e-13,-0.133886,-0.0380001,0.0282381443536586,18.633755156721936,8.16185909982015
PART-PIER-2,104,Pier/C3D8R,-10.5,-20.0,140.0,-0.00048103952,0.20502795,-0.008561309,0.000775036,0.190105,-0.032474,0.02821504834792817,13.749542303284581,6.016817577262005
PART-PIER-2,228,Pier/C3D8R,10.5,-20.0,140.0,0.00048103952,0.20502795,-0.008561309,-0.000775036,0.190105,-0.032474,0.02821504834792817,13.749542303284581,6.016817577262005
PART-PIER-1,62,Pier/C3D8R,-10.5,20.0,140.0,-0.00048103952,-0.20502795,-0.008561309,0.000775036,-0.190105,-0.032474,0.02821504834792817,13.749542303284581,6.016817577262005
PART-PIER-1,231,Pier/C3D8R,10.5,20.0,140.0,0.00048103952,-0.20502795,-0.008561309,-0.000775036,-0.190105,-0.032474,0.02821504834792817,13.749542303284581,6.016817577262005
PART-PIER-2,772,Pier/C3D8R,-3.83333,-15.0,120.0,-0.00044184446,0.16102336,-0.016999235,-0.000833105,0.144468,-0.039815,0.028192058493039948,17.41123438318763,7.4496683477905306
PART-PIER-2,850,Pier/C3D8R,3.83333,-15.0,120.0,0.00044184446,0.16102336,-0.016999235,0.000833105,0.144468,-0.039815,0.028192058493039948,17.41123438318763,7.4496683477905306
PART-PIER-1,772,Pier/C3D8R,-3.83333,15.0,120.0,-0.00044184446,-0.16102336,-0.016999235,-0.000833105,-0.144468,-0.039815,0.028192058493039948,17.41123438318763,7.4496683477905306
PART-PIER-1,850,Pier/C3D8R,3.83333,15.0,120.0,0.00044184446,-0.16102336,-0.016999235,0.000833105,-0.144468,-0.039815,0.028192058493039948,17.41123438318763,7.4496683477905306
PART-PIER-2,414,Pier/C3D8R,-8.0,-20.0,110.0,0.00025375834,0.14072683,-0.0069457763,0.000244229,0.123143,-0.0289447,0.028162809026012342,19.98803129674108,10.219522047977394
PART-PIER-2,574,Pier/C3D8R,8.0,-20.0,110.0,-0.00025375834,0.14072683,-0.0069457763,-0.000244229,0.123143,-0.0289447,0.028162809026012342,19.98803129674108,10.219522047977394
PART-PIER-1,336,Pier/C3D8R,-8.0,20.0,110.0,0.00025375834,-0.14072683,-0.0069457763,0.000244229,-0.123143,-0.0289447,0.028162809026012342,19.98803129674108,10.219522047977394
PART-PIER-1,652,Pier/C3D8R,8.0,20.0,110.0,-0.00025375834,-0.14072683,-0.0069457763,-0.000244229,-0.123143,-0.0289447,0.028162809026012342,19.98803129674108,10.219522047977394
PART-PIER-2,111,Pier/C3D8R,-12.25,-20.0,105.0,0.00047597283,0.1311244,-0.007062771,0.00059533,0.11319,-0.0287718,0.02815917061308574,21.443931376655847,11.060624664239139
PART-PIER-2,221,Pier/C3D8R,12.25,-20.0,105.0,-0.00047597283,0.1311244,-0.007062771,-0.00059533,0.11319,-0.0287718,0.02815917061308574,21.443931376655847,11.060624664239139
PART-PIER-1,55,Pier/C3D8R,-12.25,20.0,105.0,0.00047597283,-0.1311244,-0.007062771,0.00059533,-0.11319,-0.0287718,0.02815917061308574,21.443931376655847,11.060624664239139
PART-PIER-1,238,Pier/C3D8R,12.25,20.0,105.0,-0.00047597283,-0.1311244,-0.007062771,-0.00059533,-0.11319,-0.0287718,0.02815917061308574,21.443931376655847,11.060624664239139
PART-PIER-2,331,Pier/C3D8R,-4.16667,-10.0,100.0,0.00026396065,0.12241078,-0.024560116,0.000354145,0.104851,-0.0465562,0.028145722911313557,22.543525446972218,8.11186501698913
PART-PIER-2,647,Pier/C3D8R,4.16667,-10.0,100.0,-0.00026396065,0.12241078,-0.024560116,-0.000354145,0.104851,-0.0465562,0.028145722911313557,22.543525446972218,8.11186501698913
PART-PIER-1,409,Pier/C3D8R,-4.16667,10.0,100.0,0.00026396065,-0.12241078,-0.024560116,0.000354145,-0.104851,-0.0465562,0.028145722911313557,22.543525446972218,8.11186501698913
PART-PIER-1,569,Pier/C3D8R,4.16667,10.0,100.0,-0.00026396065,-0.12241078,-0.024560116,-0.000354145,-0.104851,-0.0465562,0.028145722911313557,22.543525446972218,8.11186501698913
PART-PIER-2,107,Pier/C3D8R,-11.25,-20.0,125.0,0.0012398094,0.17137581,-0.006053075,0.00153858,0.15437,-0.0284736,0.028141904322613796,16.41050255653236,8.458707907887277
PART-PIER-2,225,Pier/C3D8R,11.25,-20.0,125.0,-0.0012398094,0.17137581,-0.006053075,-0.00153858,0.15437,-0.0284736,0.028141904322613796,16.41050255653236,8.458707907887277
PART-PIER-1,59,Pier/C3D8R,-11.25,20.0,125.0,0.0012398094,-0.17137581,-0.006053075,0.00153858,-0.15437,-0.0284736,0.028141904322613796,16.41050255653236,8.458707907887277
PART-PIER-1,234,Pier/C3D8R,11.25,20.0,125.0,-0.0012398094,-0.17137581,-0.006053075,-0.00153858,-0.15437,-0.0284736,0.028141904322613796,16.41050255653236,8.458707907887277
PART-PIER-2,459,Pier/C3D8R,0.0,-15.0,105.0,-1.5429786e-15,0.13142076,-0.015501575,-6.86076e-14,0.114073,-0.037655,0.0281375019546552,21.26283641997226,9.222738510181312
PART-PIER-1,459,Pier/C3D8R,0.0,15.0,105.0,-1.8577198e-14,-0.13142076,-0.015501575,-1.6558e-13,-0.114073,-0.037655,0.0281375019546552,21.26283641997226,9.222738510181312
PART-PIER-2,767,Pier/C3D8R,-8.16667,-15.0,105.0,6.3231586e-05,0.13131101,-0.016206518,-0.000175548,0.113913,-0.0383059,0.028127041302503084,21.25886425132445,9.165067531602633
PART-PIER-2,845,Pier/C3D8R,8.16667,-15.0,105.0,-6.3231586e-05,0.13131101,-0.016206518,0.000175548,0.113913,-0.0383059,0.028127041302503084,21.25886425132445,9.165067531602633
PART-PIER-1,767,Pier/C3D8R,-8.16667,15.0,105.0,6.3231586e-05,-0.13131101,-0.016206518,-0.000175548,-0.113913,-0.0383059,0.028127041302503084,21.25886425132445,9.165067531602633
PART-PIER-1,845,Pier/C3D8R,8.16667,15.0,105.0,-6.3231586e-05,-0.13131101,-0.016206518,0.000175548,-0.113913,-0.0383059,0.028127041302503084,21.25886425132445,9.165067531602633
PART-PIER-2,770,Pier/C3D8R,-3.91667,-15.0,115.0,0.00027147104,0.15074077,-0.01688152,0.00055359,0.133791,-0.0393255,0.02812661608514063,18.542981670343476,8.063804655858954
PART-PIER-2,848,Pier/C3D8R,3.91667,-15.0,115.0,-0.00027147104,0.15074077,-0.01688152,-0.00055359,0.133791,-0.0393255,0.02812661608514063,18.542981670343476,8.063804655858954
PART-PIER-1,770,Pier/C3D8R,-3.91667,15.0,115.0,0.00027147104,-0.15074077,-0.01688152,0.00055359,-0.133791,-0.0393255,0.02812661608514063,18.542981670343476,8.063804655858954
PART-PIER-1,848,Pier/C3D8R,3.91667,15.0,115.0,-0.00027147104,-0.15074077,-0.01688152,-0.00055359,-0.133791,-0.0393255,0.02812661608514063,18.542981670343476,8.063804655858954
PART-PIER-2,57,Pier/C3D8R,-11.75,-10.0,115.0,-0.0013864476,0.15059398,-0.028050305,-0.00140496,0.133822,-0.0506112,0.028112161763734544,18.35112888850584,6.600079622575876
PART-PIER-2,236,Pier/C3D8R,11.75,-10.0,115.0,0.0013864476,0.15059398,-0.028050305,0.00140496,0.133822,-0.0506112,0.028112161763734544,18.35112888850584,6.600079622575876
PART-PIER-1,109,Pier/C3D8R,-11.75,10.0,115.0,-0.0013864476,-0.15059398,-0.028050305,-0.00140496,-0.133822,-0.0506112,0.028112161763734544,18.35112888850584,6.600079622575876
PART-PIER-1,223,Pier/C3D8R,11.75,10.0,115.0,0.0013864476,-0.15059398,-0.028050305,0.00140496,-0.133822,-0.0506112,0.028112161763734544,18.35112888850584,6.600079622575876
PART-PIER-2,462,Pier/C3D8R,0.0,-15.0,120.0,-2.2589282e-15,0.16104813,-0.018867403,-7.99059e-14,0.144428,-0.0415224,0.028097644212405234,17.32822747439339,7.321199668562983
PART-PIER-1,462,Pier/C3D8R,0.0,15.0,120.0,-2.109722e-14,-0.16104813,-0.018867403,-1.92344e-13,-0.144428,-0.0415224,0.028097644212405234,17.32822747439339,7.321199668562983
PART-PIER-2,61,Pier/C3D8R,-10.75,-10.0,135.0,-0.0024419618,0.19329219,-0.03248358,-0.00356977,0.177495,-0.0556859,0.02809218426207701,14.331438280139736,5.080351760317843
PART-PIER-2,232,Pier/C3D8R,10.75,-10.0,135.0,0.0024419618,0.19329219,-0.03248358,0.00356977,0.177495,-0.0556859,0.02809218426207701,14.331438280139736,5.080351760317843
PART-PIER-1,105,Pier/C3D8R,-10.75,10.0,135.0,-0.0024419618,-0.19329219,-0.03248358,-0.00356977,-0.177495,-0.0556859,0.02809218426207701,14.331438280139736,5.080351760317843
PART-PIER-1,227,Pier/C3D8R,10.75,10.0,135.0,0.0024419618,-0.19329219,-0.03248358,0.00356977,-0.177495,-0.0556859,0.02809218426207701,14.331438280139736,5.080351760317843
PART-PIER-2,768,Pier/C3D8R,-4.0,-15.0,110.0,-0.00031311394,0.14087228,-0.016767016,-0.000680626,0.123726,-0.0389831,0.0280657152277953,19.78312508928114,8.559519815944217
PART-PIER-2,846,Pier/C3D8R,4.0,-15.0,110.0,0.00031311394,0.14087228,-0.016767016,0.000680626,0.123726,-0.0389831,0.0280657152277953,19.78312508928114,8.559519815944217
PART-PIER-1,768,Pier/C3D8R,-4.0,15.0,110.0,-0.00031311394,-0.14087228,-0.016767016,-0.000680626,-0.123726,-0.0389831,0.0280657152277953,19.78312508928114,8.559519815944217
PART-PIER-1,846,Pier/C3D8R,4.0,15.0,110.0,0.00031311394,-0.14087228,-0.016767016,0.000680626,-0.123726,-0.0389831,0.0280657152277953,19.78312508928114,8.559519815944217
PART-PIER-2,464,Pier/C3D8R,0.0,-15.0,130.0,-2.8174406e-15,0.1828064,-0.017758053,-8.79487e-14,0.167043,-0.0409751,0.028062716385984614,15.279136930203578,6.354858371527897
PART-PIER-1,464,Pier/C3D8R,0.0,15.0,130.0,-2.27411e-14,-0.1828064,-0.017758053,-2.10925e-13,-0.167043,-0.0409751,0.028062716385984614,15.279136930203578,6.354858371527897
PART-PIER-2,173,Pier/C3D8R,0.0,-20.0,110.0,-3.2447859e-15,0.14092831,-0.0059722397,-1.08587e-13,0.123502,-0.0279627,0.028058093741770415,19.891626531942673,10.22777970857785
PART-PIER-1,71,Pier/C3D8R,0.0,20.0,110.0,-1.9153302e-14,-0.14092831,-0.0059722397,-2.19027e-13,-0.123502,-0.0279627,0.028058093741770415,19.891626531942673,10.22777970857785
PART-PIER-2,418,Pier/C3D8R,-7.66667,-20.0,120.0,0.0003417259,0.160881,-0.006472846,0.00040885,0.143815,-0.0287377,0.028053102952901962,17.42304051140469,8.914153839744841
PART-PIER-2,578,Pier/C3D8R,7.66667,-20.0,120.0,-0.0003417259,0.160881,-0.006472846,-0.00040885,0.143815,-0.0287377,0.028053102952901962,17.42304051140469,8.914153839744841
PART-PIER-1,340,Pier/C3D8R,-7.66667,20.0,120.0,0.0003417259,-0.160881,-0.006472846,0.00040885,-0.143815,-0.0287377,0.028053102952901962,17.42304051140469,8.914153839744841
PART-PIER-1,656,Pier/C3D8R,7.66667,20.0,120.0,-0.0003417259,-0.160881,-0.006472846,-0.00040885,-0.143815,-0.0287377,0.028053102952901962,17.42304051140469,8.914153839744841
PART-PIER-2,766,Pier/C3D8R,-4.08333,-15.0,105.0,0.00010584861,0.1314382,-0.016269378,0.000296187,0.114028,-0.0382243,0.02802088315469004,21.157205563743915,9.194065587594613
PART-PIER-2,844,Pier/C3D8R,4.08333,-15.0,105.0,-0.00010584861,0.1314382,-0.016269378,-0.000296187,0.114028,-0.0382243,0.02802088315469004,21.157205563743915,9.194065587594613
PART-PIER-1,766,Pier/C3D8R,-4.08333,15.0,105.0,0.00010584861,-0.1314382,-0.016269378,0.000296187,-0.114028,-0.0382243,0.02802088315469004,21.157205563743915,9.194065587594613
PART-PIER-1,844,Pier/C3D8R,4.08333,15.0,105.0,-0.00010584861,-0.1314382,-0.016269378,-0.000296187,-0.114028,-0.0382243,0.02802088315469004,21.157205563743915,9.194065587594613
PART-PIER-2,340,Pier/C3D8R,-7.66667,-10.0,120.0,-0.0013204907,0.1610491,-0.029145844,-0.00155486,0.144782,-0.0519547,0.028016377057134254,17.117547137090604,6.01265557864341
PART-PIER-2,656,Pier/C3D8R,7.66667,-10.0,120.0,0.0013204907,0.1610491,-0.029145844,0.00155486,0.144782,-0.0519547,0.028016377057134254,17.117547137090604,6.01265557864341
PART-PIER-1,418,Pier/C3D8R,-7.66667,10.0,120.0,-0.0013204907,-0.1610491,-0.029145844,-0.00155486,-0.144782,-0.0519547,0.028016377057134254,17.117547137090604,6.01265557864341
PART-PIER-1,578,Pier/C3D8R,7.66667,10.0,120.0,0.0013204907,-0.1610491,-0.029145844,0.00155486,-0.144782,-0.0519547,0.028016377057134254,17.117547137090604,6.01265557864341
PART-PIER-2,345,Pier/C3D8R,-3.58333,-10.0,135.0,-0.0010266986,0.19354811,-0.031499512,-0.0010435,0.179211,-0.055529,0.027981588571439002,14.269238307451074,4.323165872241136
PART-PIER-2,661,Pier/C3D8R,3.58333,-10.0,135.0,0.0010266986,0.19354811,-0.031499512,0.0010435,0.179211,-0.055529,0.027981588571439002,14.269238307451074,4.323165872241136
PART-PIER-1,423,Pier/C3D8R,-3.58333,10.0,135.0,-0.0010266986,-0.19354811,-0.031499512,-0.0010435,-0.179211,-0.055529,0.027981588571439002,14.269238307451074,4.323165872241136
PART-PIER-1,583,Pier/C3D8R,3.58333,10.0,135.0,0.0010266986,-0.19354811,-0.031499512,0.0010435,-0.179211,-0.055529,0.027981588571439002,14.269238307451074,4.323165872241136
PART-PIER-2,171,Pier/C3D8R,0.0,-20.0,100.0,-2.9373097e-15,0.12247607,-0.0067550265,-9.83506e-14,0.104709,-0.0283653,0.02797628812279611,22.807584995718084,11.559545910519365
PART-PIER-1,73,Pier/C3D8R,0.0,20.0,100.0,-1.7260394e-14,-0.12247607,-0.0067550265,-1.97504e-13,-0.104709,-0.0283653,0.02797628812279611,22.807584995718084,11.559545910519365
PART-PIER-2,176,Pier/C3D8R,0.0,-20.0,125.0,-4.0365935e-15,0.17310762,-0.007506178,-1.23071e-13,0.157162,-0.0304825,0.027967376885079585,16.14089645130566,7.606291366651793
PART-PIER-1,68,Pier/C3D8R,0.0,20.0,125.0,-2.1684403e-14,-0.17310762,-0.007506178,-2.49992e-13,-0.157162,-0.0304825,0.027967376885079585,16.14089645130566,7.606291366651793
PART-PIER-2,463,Pier/C3D8R,0.0,-15.0,125.0,-2.5627568e-15,0.17172614,-0.016005524,-8.09421e-14,0.155586,-0.0388377,0.027960908070278692,16.212002570837086,7.021660922304078
PART-PIER-1,463,Pier/C3D8R,0.0,15.0,125.0,-2.1785867e-14,-0.17172614,-0.016005524,-2.01872e-13,-0.155586,-0.0388377,0.027960908070278692,16.212002570837086,7.021660922304078
PART-PIER-2,497,Pier/C3D8R,-12.5,-15.0,100.0,0.0001453565,0.12207009,-0.015919063,-7.10138e-05,0.104376,-0.0375681,0.02796083761374454,22.7132213159011,9.888128569918301
PART-PIER-2,696,Pier/C3D8R,12.5,-15.0,100.0,-0.0001453565,0.12207009,-0.015919063,7.10138e-05,0.104376,-0.0375681,0.02796083761374454,22.7132213159011,9.888128569918301
PART-PIER-1,497,Pier/C3D8R,-12.5,15.0,100.0,0.0001453565,-0.12207009,-0.015919063,-7.10138e-05,-0.104376,-0.0375681,0.02796083761374454,22.7132213159011,9.888128569918301
PART-PIER-1,696,Pier/C3D8R,12.5,15.0,100.0,-0.0001453565,-0.12207009,-0.015919063,7.10138e-05,-0.104376,-0.0375681,0.02796083761374454,22.7132213159011,9.888128569918301
PART-PIER-2,415,Pier/C3D8R,-3.91667,-20.0,115.0,-0.00028358932,0.15067504,-0.0070644743,-0.000549855,0.133356,-0.0290103,0.02795781303300969,18.534645895542994,9.523110394655504
PART-PIER-2,575,Pier/C3D8R,3.91667,-20.0,115.0,0.00028358932,0.15067504,-0.0070644743,0.000549855,0.133356,-0.0290103,0.02795781303300969,18.534645895542994,9.523110394655504
PART-PIER-1,337,Pier/C3D8R,-3.91667,20.0,115.0,-0.00028358932,-0.15067504,-0.0070644743,-0.000549855,-0.133356,-0.0290103,0.02795781303300969,18.534645895542994,9.523110394655504
PART-PIER-1,653,Pier/C3D8R,3.91667,20.0,115.0,0.00028358932,-0.15067504,-0.0070644743,0.000549855,-0.133356,-0.0290103,0.02795781303300969,18.534645895542994,9.523110394655504
PART-PIER-2,410,Pier/C3D8R,-8.33333,-20.0,100.0,0.00016043884,0.12220144,-0.0071982695,8.87547e-05,0.104381,-0.0287345,0.027953218858633392,22.835103081062886,11.558758933814888
PART-PIER-2,570,Pier/C3D8R,8.33333,-20.0,100.0,-0.00016043884,0.12220144,-0.0071982695,-8.87547e-05,0.104381,-0.0287345,0.027953218858633392,22.835103081062886,11.558758933814888
PART-PIER-1,332,Pier/C3D8R,-8.33333,20.0,100.0,0.00016043884,-0.12220144,-0.0071982695,8.87547e-05,-0.104381,-0.0287345,0.027953218858633392,22.835103081062886,11.558758933814888
PART-PIER-1,648,Pier/C3D8R,8.33333,20.0,100.0,-0.00016043884,-0.12220144,-0.0071982695,-8.87547e-05,-0.104381,-0.0287345,0.027953218858633392,22.835103081062886,11.558758933814888
PART-PIER-2,54,Pier/C3D8R,-12.5,-10.0,100.0,2.5987065e-05,0.12211512,-0.024568506,-0.000429157,0.104627,-0.0463708,0.027953202337419953,22.441179294770603,8.123578130198982
PART-PIER-2,239,Pier/C3D8R,12.5,-10.0,100.0,-2.5987065e-05,0.12211512,-0.024568506,0.000429157,0.104627,-0.0463708,0.027953202337419953,22.441179294770603,8.123578130198982
PART-PIER-1,112,Pier/C3D8R,-12.5,10.0,100.0,2.5987065e-05,-0.12211512,-0.024568506,-0.000429157,-0.104627,-0.0463708,0.027953202337419953,22.441179294770603,8.123578130198982
PART-PIER-1,220,Pier/C3D8R,12.5,10.0,100.0,-2.5987065e-05,-0.12211512,-0.024568506,0.000429157,-0.104627,-0.0463708,0.027953202337419953,22.441179294770603,8.123578130198982
PART-PIER-2,413,Pier/C3D8R,-4.0,-20.0,110.0,0.0002887684,0.14096688,-0.0067089074,0.00044908,0.123968,-0.0288965,0.02795133067399599,19.805837320986072,9.802995832676533
PART-PIER-2,573,Pier/C3D8R,4.0,-20.0,110.0,-0.0002887684,0.14096688,-0.0067089074,-0.00044908,0.123968,-0.0288965,0.02795133067399599,19.805837320986072,9.802995832676533
PART-PIER-1,335,Pier/C3D8R,-4.0,20.0,110.0,0.0002887684,-0.14096688,-0.0067089074,0.00044908,-0.123968,-0.0288965,0.02795133067399599,19.805837320986072,9.802995832676533
PART-PIER-1,651,Pier/C3D8R,4.0,20.0,110.0,-0.0002887684,-0.14096688,-0.0067089074,-0.00044908,-0.123968,-0.0288965,0.02795133067399599,19.805837320986072,9.802995832676533
PART-PIER-2,460,Pier/C3D8R,0.0,-15.0,110.0,-1.79332e-15,0.14094877,-0.017906584,-7.27254e-14,0.123747,-0.0399288,0.027944210289137825,19.667709351977326,8.482679378156991
PART-PIER-1,460,Pier/C3D8R,0.0,15.0,110.0,-1.938106e-14,-0.14094877,-0.017906584,-1.74188e-13,-0.123747,-0.0399288,0.027944210289137825,19.667709351977326,8.482679378156991
PART-PIER-2,71,Pier/C3D8R,0.0,-10.0,110.0,-1.4167382e-16,0.1409671,-0.026003487,-3.59654e-14,0.124073,-0.0482502,0.027934331101967868,19.48742720615461,7.1301086530568005
PART-PIER-1,173,Pier/C3D8R,0.0,10.0,110.0,-1.956021e-14,-0.1409671,-0.026003487,-1.30257e-13,-0.124073,-0.0482502,0.027934331101967868,19.48742720615461,7.1301086530568005
PART-PIER-2,336,Pier/C3D8R,-8.0,-10.0,110.0,-0.0010199073,0.14095847,-0.027027862,-0.00122788,0.124092,-0.0492917,0.02793205229472209,19.460788205204032,6.967798512245851
PART-PIER-2,652,Pier/C3D8R,8.0,-10.0,110.0,0.0010199073,0.14095847,-0.027027862,0.00122788,0.124092,-0.0492917,0.02793205229472209,19.460788205204032,6.967798512245851
PART-PIER-1,414,Pier/C3D8R,-8.0,10.0,110.0,-0.0010199073,-0.14095847,-0.027027862,-0.00122788,-0.124092,-0.0492917,0.02793205229472209,19.460788205204032,6.967798512245851
PART-PIER-1,574,Pier/C3D8R,8.0,10.0,110.0,0.0010199073,-0.14095847,-0.027027862,0.00122788,-0.124092,-0.0492917,0.02793205229472209,19.460788205204032,6.967798512245851
PART-PIER-2,174,Pier/C3D8R,0.0,-20.0,115.0,-3.6908592e-15,0.15095524,-0.008155007,-1.14223e-13,0.134166,-0.0304639,0.02792069638571087,18.469079156826805,8.992362774178293
PART-PIER-1,70,Pier/C3D8R,0.0,20.0,115.0,-1.9892227e-14,-0.15095524,-0.008155007,-2.28848e-13,-0.134166,-0.0304639,0.02792069638571087,18.469079156826805,8.992362774178293
PART-PIER-2,423,Pier/C3D8R,-3.58333,-20.0,135.0,0.00022432118,0.19524746,-0.0036289229,0.000482666,0.179222,-0.0264761,0.027908343048206673,14.291353866520412,7.227313149077326
PART-PIER-2,583,Pier/C3D8R,3.58333,-20.0,135.0,-0.00022432118,0.19524746,-0.0036289229,-0.000482666,0.179222,-0.0264761,0.027908343048206673,14.291353866520412,7.227313149077326
PART-PIER-1,345,Pier/C3D8R,-3.58333,20.0,135.0,0.00022432118,-0.19524746,-0.0036289229,0.000482666,-0.179222,-0.0264761,0.027908343048206673,14.291353866520412,7.227313149077326
PART-PIER-1,661,Pier/C3D8R,3.58333,20.0,135.0,-0.00022432118,-0.19524746,-0.0036289229,-0.000482666,-0.179222,-0.0264761,0.027908343048206673,14.291353866520412,7.227313149077326
PART-PIER-2,419,Pier/C3D8R,-3.75,-20.0,125.0,-0.0002882327,0.1719437,-0.006025589,-0.000473841,0.155143,-0.0283064,0.0279057791460613,16.219623352890213,8.337493736995587
PART-PIER-2,579,Pier/C3D8R,3.75,-20.0,125.0,0.0002882327,0.1719437,-0.006025589,0.000473841,0.155143,-0.0283064,0.0279057791460613,16.219623352890213,8.337493736995587
PART-PIER-1,341,Pier/C3D8R,-3.75,20.0,125.0,-0.0002882327,-0.1719437,-0.006025589,-0.000473841,-0.155143,-0.0283064,0.0279057791460613,16.219623352890213,8.337493736995587
PART-PIER-1,657,Pier/C3D8R,3.75,20.0,125.0,0.0002882327,-0.1719437,-0.006025589,0.000473841,-0.155143,-0.0283064,0.0279057791460613,16.219623352890213,8.337493736995587
PART-PIER-2,411,Pier/C3D8R,-4.08333,-20.0,105.0,-0.00016681832,0.13127263,-0.0073769977,-0.000401333,0.113628,-0.028987,0.027899465306310812,21.21957472588896,10.80932348894958
PART-PIER-2,571,Pier/C3D8R,4.08333,-20.0,105.0,0.00016681832,0.13127263,-0.0073769977,0.000401333,0.113628,-0.028987,0.027899465306310812,21.21957472588896,10.80932348894958
PART-PIER-1,333,Pier/C3D8R,-4.08333,20.0,105.0,-0.00016681832,-0.13127263,-0.0073769977,-0.000401333,-0.113628,-0.028987,0.027899465306310812,21.21957472588896,10.80932348894958
PART-PIER-1,649,Pier/C3D8R,4.08333,20.0,105.0,0.00016681832,-0.13127263,-0.0073769977,0.000401333,-0.113628,-0.028987,0.027899465306310812,21.21957472588896,10.80932348894958
PART-PIER-2,769,Pier/C3D8R,-8.0,-15.0,110.0,-0.00035031993,0.14075269,-0.016847068,-0.000370584,0.123566,-0.0388064,0.027885390183299524,19.671154265847296,8.635054780217375
PART-PIER-2,847,Pier/C3D8R,8.0,-15.0,110.0,0.00035031993,0.14075269,-0.016847068,0.000370584,0.123566,-0.0388064,0.027885390183299524,19.671154265847296,8.635054780217375
PART-PIER-1,769,Pier/C3D8R,-8.0,15.0,110.0,-0.00035031993,-0.14075269,-0.016847068,-0.000370584,-0.123566,-0.0388064,0.027885390183299524,19.671154265847296,8.635054780217375
PART-PIER-1,847,Pier/C3D8R,8.0,15.0,110.0,0.00035031993,-0.14075269,-0.016847068,0.000370584,-0.123566,-0.0388064,0.027885390183299524,19.671154265847296,8.635054780217375
PART-PIER-2,344,Pier/C3D8R,-7.33333,-10.0,130.0,-0.0016508006,0.18249689,-0.0314068,-0.00190723,0.166892,-0.0544936,0.027867161358654455,15.04811919708094,5.191125599516013
PART-PIER-2,660,Pier/C3D8R,7.33333,-10.0,130.0,0.0016508006,0.18249689,-0.0314068,0.00190723,0.166892,-0.0544936,0.027867161358654455,15.04811919708094,5.191125599516013
PART-PIER-1,422,Pier/C3D8R,-7.33333,10.0,130.0,-0.0016508006,-0.18249689,-0.0314068,-0.00190723,-0.166892,-0.0544936,0.027867161358654455,15.04811919708094,5.191125599516013
PART-PIER-1,582,Pier/C3D8R,7.33333,10.0,130.0,0.0016508006,-0.18249689,-0.0314068,0.00190723,-0.166892,-0.0544936,0.027867161358654455,15.04811919708094,5.191125599516013
PART-PIER-2,424,Pier/C3D8R,-7.16667,-20.0,135.0,-0.00034618165,0.19356133,-0.007664534,-0.000621536,0.178422,-0.0310506,0.027860064892661685,14.38211051298038,6.508876973308925
PART-PIER-2,584,Pier/C3D8R,7.16667,-20.0,135.0,0.00034618165,0.19356133,-0.007664534,0.000621536,0.178422,-0.0310506,0.027860064892661685,14.38211051298038,6.508876973308925
PART-PIER-1,346,Pier/C3D8R,-7.16667,20.0,135.0,-0.00034618165,-0.19356133,-0.007664534,-0.000621536,-0.178422,-0.0310506,0.027860064892661685,14.38211051298038,6.508876973308925
PART-PIER-1,662,Pier/C3D8R,7.16667,20.0,135.0,0.00034618165,-0.19356133,-0.007664534,0.000621536,-0.178422,-0.0310506,0.027860064892661685,14.38211051298038,6.508876973308925
PART-PIER-2,774,Pier/C3D8R,-3.75,-15.0,125.0,0.000341514,0.1716532,-0.017947903,0.0005979,0.155434,-0.0405934,0.027855820160210782,16.13994661611282,6.918673997673504
PART-PIER-2,852,Pier/C3D8R,3.75,-15.0,125.0,-0.000341514,0.1716532,-0.017947903,-0.0005979,0.155434,-0.0405934,0.027855820160210782,16.13994661611282,6.918673997673504
PART-PIER-1,774,Pier/C3D8R,-3.75,15.0,125.0,0.000341514,-0.1716532,-0.017947903,0.0005979,-0.155434,-0.0405934,0.027855820160210782,16.13994661611282,6.918673997673504
PART-PIER-1,852,Pier/C3D8R,3.75,15.0,125.0,-0.000341514,-0.1716532,-0.017947903,-0.0005979,-0.155434,-0.0405934,0.027855820160210782,16.13994661611282,6.918673997673504
PART-PIER-2,55,Pier/C3D8R,-12.25,-10.0,105.0,-0.0011473286,0.13130341,-0.02608863,-0.00122465,0.114035,-0.0479443,0.027854519806952305,20.806362358299097,7.5929932580216715
PART-PIER-2,238,Pier/C3D8R,12.25,-10.0,105.0,0.0011473286,0.13130341,-0.02608863,0.00122465,0.114035,-0.0479443,0.027854519806952305,20.806362358299097,7.5929932580216715
PART-PIER-1,111,Pier/C3D8R,-12.25,10.0,105.0,-0.0011473286,-0.13130341,-0.02608863,-0.00122465,-0.114035,-0.0479443,0.027854519806952305,20.806362358299097,7.5929932580216715
PART-PIER-1,221,Pier/C3D8R,12.25,10.0,105.0,0.0011473286,-0.13130341,-0.02608863,0.00122465,-0.114035,-0.0479443,0.027854519806952305,20.806362358299097,7.5929932580216715
PART-PIER-2,773,Pier/C3D8R,-7.66667,-15.0,120.0,-0.00034938072,0.16086152,-0.017505253,-0.000327555,0.144294,-0.0398741,0.027836100865995275,17.202787578060953,7.483499296616217
PART-PIER-2,851,Pier/C3D8R,7.66667,-15.0,120.0,0.00034938072,0.16086152,-0.017505253,0.000327555,0.144294,-0.0398741,0.027836100865995275,17.202787578060953,7.483499296616217
PART-PIER-1,773,Pier/C3D8R,-7.66667,15.0,120.0,-0.00034938072,-0.16086152,-0.017505253,-0.000327555,-0.144294,-0.0398741,0.027836100865995275,17.202787578060953,7.483499296616217
PART-PIER-1,851,Pier/C3D8R,7.66667,15.0,120.0,0.00034938072,-0.16086152,-0.017505253,0.000327555,-0.144294,-0.0398741,0.027836100865995275,17.202787578060953,7.483499296616217
PART-PIER-2,69,Pier/C3D8R,0.0,-10.0,120.0,-6.6589733e-16,0.16174524,-0.02792355,-4.01043e-14,0.14546,-0.0504944,0.027832576445239492,16.95682590549643,6.191687967027392
PART-PIER-1,175,Pier/C3D8R,0.0,10.0,120.0,-2.1261669e-14,-0.16174524,-0.02792355,-1.45554e-13,-0.14546,-0.0504944,0.027832576445239492,16.95682590549643,6.191687967027392
PART-PIER-2,781,Pier/C3D8R,-7.0,-15.0,140.0,-0.00063524314,0.2061251,-0.020733684,-0.000721697,0.191595,-0.0444457,0.027809908001720635,13.423958270712358,5.059828246048379
PART-PIER-2,859,Pier/C3D8R,7.0,-15.0,140.0,0.00063524314,0.2061251,-0.020733684,0.000721697,0.191595,-0.0444457,0.027809908001720635,13.423958270712358,5.059828246048379
PART-PIER-1,781,Pier/C3D8R,-7.0,15.0,140.0,-0.00063524314,-0.2061251,-0.020733684,-0.000721697,-0.191595,-0.0444457,0.027809908001720635,13.423958270712358,5.059828246048379
PART-PIER-1,859,Pier/C3D8R,7.0,15.0,140.0,0.00063524314,-0.2061251,-0.020733684,0.000721697,-0.191595,-0.0444457,0.027809908001720635,13.423958270712358,5.059828246048379
PART-PIER-2,409,Pier/C3D8R,-4.16667,-20.0,100.0,0.00015854696,0.12241332,-0.006975619,0.000244376,0.104949,-0.0286012,0.027797042887222168,22.670733964996593,11.28377463062183
PART-PIER-2,569,Pier/C3D8R,4.16667,-20.0,100.0,-0.00015854696,0.12241332,-0.006975619,-0.000244376,0.104949,-0.0286012,0.027797042887222168,22.670733964996593,11.28377463062183
PART-PIER-1,331,Pier/C3D8R,-4.16667,20.0,100.0,0.00015854696,-0.12241332,-0.006975619,0.000244376,-0.104949,-0.0286012,0.027797042887222168,22.670733964996593,11.28377463062183
PART-PIER-1,647,Pier/C3D8R,4.16667,20.0,100.0,-0.00015854696,-0.12241332,-0.006975619,-0.000244376,-0.104949,-0.0286012,0.027797042887222168,22.670733964996593,11.28377463062183
PART-PIER-2,764,Pier/C3D8R,-4.16667,-15.0,100.0,-0.00018869017,0.122316174,-0.016174972,-0.000489601,0.104838,-0.0377765,0.027788543064303877,22.522516450868167,9.680321697882997
PART-PIER-2,842,Pier/C3D8R,4.16667,-15.0,100.0,0.00018869017,0.122316174,-0.016174972,0.000489601,0.104838,-0.0377765,0.027788543064303877,22.522516450868167,9.680321697882997
PART-PIER-1,764,Pier/C3D8R,-4.16667,15.0,100.0,-0.00018869017,-0.122316174,-0.016174972,-0.000489601,-0.104838,-0.0377765,0.027788543064303877,22.522516450868167,9.680321697882997
PART-PIER-1,842,Pier/C3D8R,4.16667,15.0,100.0,0.00018869017,-0.122316174,-0.016174972,0.000489601,-0.104838,-0.0377765,0.027788543064303877,22.522516450868167,9.680321697882997
PART-PIER-2,113,Pier/C3D8R,-12.75,-20.0,95.0,0.00023557807,0.1133605,-0.0072557423,0.000183273,0.095364,-0.0284241,0.027784458169730377,24.459718976541247,12.397480678309629
PART-PIER-2,219,Pier/C3D8R,12.75,-20.0,95.0,-0.00023557807,0.1133605,-0.0072557423,-0.000183273,0.095364,-0.0284241,0.027784458169730377,24.459718976541247,12.397480678309629
PART-PIER-1,53,Pier/C3D8R,-12.75,20.0,95.0,0.00023557807,-0.1133605,-0.0072557423,0.000183273,-0.095364,-0.0284241,0.027784458169730377,24.459718976541247,12.397480678309629
PART-PIER-1,240,Pier/C3D8R,12.75,20.0,95.0,-0.00023557807,-0.1133605,-0.0072557423,-0.000183273,-0.095364,-0.0284241,0.027784458169730377,24.459718976541247,12.397480678309629
PART-PIER-2,417,Pier/C3D8R,-3.83333,-20.0,120.0,0.00040449228,0.1609354,-0.0066929893,0.00059505,0.144739,-0.0292617,0.027779603810438803,17.246375928358667,8.323167754563572
PART-PIER-2,577,Pier/C3D8R,3.83333,-20.0,120.0,-0.00040449228,0.1609354,-0.0066929893,-0.00059505,0.144739,-0.0292617,0.027779603810438803,17.246375928358667,8.323167754563572
PART-PIER-1,339,Pier/C3D8R,-3.83333,20.0,120.0,0.00040449228,-0.1609354,-0.0066929893,0.00059505,-0.144739,-0.0292617,0.027779603810438803,17.246375928358667,8.323167754563572
PART-PIER-1,655,Pier/C3D8R,3.83333,20.0,120.0,-0.00040449228,-0.1609354,-0.0066929893,-0.00059505,-0.144739,-0.0292617,0.027779603810438803,17.246375928358667,8.323167754563572
PART-PIER-2,341,Pier/C3D8R,-3.75,-10.0,125.0,-0.0012046604,0.17153896,-0.03020619,-0.0015789,0.155968,-0.0531974,0.02777031846889603,15.943247730817426,5.387479892256095
PART-PIER-2,657,Pier/C3D8R,3.75,-10.0,125.0,0.0012046604,0.17153896,-0.03020619,0.0015789,0.155968,-0.0531974,0.02777031846889603,15.943247730817426,5.387479892256095
PART-PIER-1,419,Pier/C3D8R,-3.75,10.0,125.0,-0.0012046604,-0.17153896,-0.03020619,-0.0015789,-0.155968,-0.0531974,0.02777031846889603,15.943247730817426,5.387479892256095
PART-PIER-1,579,Pier/C3D8R,3.75,10.0,125.0,0.0012046604,-0.17153896,-0.03020619,0.0015789,-0.155968,-0.0531974,0.02777031846889603,15.943247730817426,5.387479892256095
PART-PIER-2,337,Pier/C3D8R,-3.91667,-10.0,115.0,-0.0010034326,0.15090562,-0.028327823,-0.00140018,0.13442,-0.0506595,0.02776034713248621,18.07965039789971,6.44020121253924
PART-PIER-2,653,Pier/C3D8R,3.91667,-10.0,115.0,0.0010034326,0.15090562,-0.028327823,0.00140018,0.13442,-0.0506595,0.02776034713248621,18.07965039789971,6.44020121253924
PART-PIER-1,415,Pier/C3D8R,-3.91667,10.0,115.0,-0.0010034326,-0.15090562,-0.028327823,-0.00140018,-0.13442,-0.0506595,0.02776034713248621,18.07965039789971,6.44020121253924
PART-PIER-1,575,Pier/C3D8R,3.91667,10.0,115.0,0.0010034326,-0.15090562,-0.028327823,0.00140018,-0.13442,-0.0506595,0.02776034713248621,18.07965039789971,6.44020121253924
PART-PIER-2,498,Pier/C3D8R,-12.25,-15.0,105.0,-0.0006839019,0.13107292,-0.016493812,-0.000952622,0.113803,-0.038214,0.027750475924817726,21.00584084544487,9.126577305885172
PART-PIER-2,697,Pier/C3D8R,12.25,-15.0,105.0,0.0006839019,0.13107292,-0.016493812,0.000952622,0.113803,-0.038214,0.027750475924817726,21.00584084544487,9.126577305885172
PART-PIER-1,498,Pier/C3D8R,-12.25,15.0,105.0,-0.0006839019,-0.13107292,-0.016493812,-0.000952622,-0.113803,-0.038214,0.027750475924817726,21.00584084544487,9.126577305885172
PART-PIER-1,697,Pier/C3D8R,12.25,15.0,105.0,0.0006839019,-0.13107292,-0.016493812,0.000952622,-0.113803,-0.038214,0.027750475924817726,21.00584084544487,9.126577305885172
PART-PIER-2,172,Pier/C3D8R,0.0,-20.0,105.0,-3.1422131e-15,0.1313135,-0.007829287,-1.04079e-13,0.114042,-0.029542,0.027744307849906235,21.090843679817755,10.445314832432402
PART-PIER-1,72,Pier/C3D8R,0.0,20.0,105.0,-1.8047445e-14,-0.1313135,-0.007829287,-2.07471e-13,-0.114042,-0.029542,0.027744307849906235,21.090843679817755,10.445314832432402
PART-PIER-2,175,Pier/C3D8R,0.0,-20.0,120.0,-3.700203e-15,0.16040647,-0.0053041168,-1.16834e-13,0.143564,-0.0273429,0.027737641583910885,17.282650583482955,8.940824393654454
PART-PIER-1,69,Pier/C3D8R,0.0,20.0,120.0,-2.0811393e-14,-0.16040647,-0.0053041168,-2.40352e-13,-0.143564,-0.0273429,0.027737641583910885,17.282650583482955,8.940824393654454
PART-PIER-2,500,Pier/C3D8R,-11.75,-15.0,115.0,-0.0009242125,0.15043914,-0.017176187,-0.00118613,0.133705,-0.0392834,0.027727764225479408,18.311906472553037,7.963217231056766
PART-PIER-2,699,Pier/C3D8R,11.75,-15.0,115.0,0.0009242125,0.15043914,-0.017176187,0.00118613,0.133705,-0.0392834,0.027727764225479408,18.311906472553037,7.963217231056766
PART-PIER-1,500,Pier/C3D8R,-11.75,15.0,115.0,-0.0009242125,-0.15043914,-0.017176187,-0.00118613,-0.133705,-0.0392834,0.027727764225479408,18.311906472553037,7.963217231056766
PART-PIER-1,699,Pier/C3D8R,11.75,15.0,115.0,0.0009242125,-0.15043914,-0.017176187,0.00118613,-0.133705,-0.0392834,0.027727764225479408,18.311906472553037,7.963217231056766
PART-PIER-2,779,Pier/C3D8R,-7.16667,-15.0,135.0,0.00023411764,0.19429275,-0.016214218,0.000155321,0.179014,-0.0393391,0.02771653979101466,14.215922947644682,5.992104476090259
PART-PIER-2,857,Pier/C3D8R,7.16667,-15.0,135.0,-0.00023411764,0.19429275,-0.016214218,-0.000155321,0.179014,-0.0393391,0.02771653979101466,14.215922947644682,5.992104476090259
PART-PIER-1,779,Pier/C3D8R,-7.16667,15.0,135.0,0.00023411764,-0.19429275,-0.016214218,0.000155321,-0.179014,-0.0393391,0.02771653979101466,14.215922947644682,5.992104476090259
PART-PIER-1,857,Pier/C3D8R,7.16667,15.0,135.0,-0.00023411764,-0.19429275,-0.016214218,-0.000155321,-0.179014,-0.0393391,0.02771653979101466,14.215922947644682,5.992104476090259
PART-PIER-2,777,Pier/C3D8R,-7.33333,-15.0,130.0,-0.00036414366,0.18261334,-0.018446641,-0.000353983,0.166943,-0.0413031,0.02771240474901615,15.098587539849614,6.301617116440333
PART-PIER-2,855,Pier/C3D8R,7.33333,-15.0,130.0,0.00036414366,0.18261334,-0.018446641,0.000353983,0.166943,-0.0413031,0.02771240474901615,15.098587539849614,6.301617116440333
PART-PIER-1,777,Pier/C3D8R,-7.33333,15.0,130.0,-0.00036414366,-0.18261334,-0.018446641,-0.000353983,-0.166943,-0.0413031,0.02771240474901615,15.098587539849614,6.301617116440333
PART-PIER-1,855,Pier/C3D8R,7.33333,15.0,130.0,0.00036414366,-0.18261334,-0.018446641,0.000353983,-0.166943,-0.0413031,0.02771240474901615,15.098587539849614,6.301617116440333
PART-PIER-2,765,Pier/C3D8R,-8.33333,-15.0,100.0,-0.0003245999,0.122221075,-0.016169867,-0.000404442,0.104683,-0.0376248,0.027711091633153797,22.476987814796715,9.771208479748964
PART-PIER-2,843,Pier/C3D8R,8.33333,-15.0,100.0,0.0003245999,0.122221075,-0.016169867,0.000404442,0.104683,-0.0376248,0.027711091633153797,22.476987814796715,9.771208479748964
PART-PIER-1,765,Pier/C3D8R,-8.33333,15.0,100.0,-0.0003245999,-0.122221075,-0.016169867,-0.000404442,-0.104683,-0.0376248,0.027711091633153797,22.476987814796715,9.771208479748964
PART-PIER-1,843,Pier/C3D8R,8.33333,15.0,100.0,0.0003245999,-0.122221075,-0.016169867,0.000404442,-0.104683,-0.0376248,0.027711091633153797,22.476987814796715,9.771208479748964
PART-PIER-2,330,Pier/C3D8R,-8.5,-10.0,95.0,8.186454e-06,0.11366303,-0.024140175,-0.000213145,0.0960367,-0.0455203,0.02771003864842225,23.847208944647253,8.536627092098877
PART-PIER-2,646,Pier/C3D8R,8.5,-10.0,95.0,-8.186454e-06,0.11366303,-0.024140175,0.000213145,0.0960367,-0.0455203,0.02771003864842225,23.847208944647253,8.536627092098877
PART-PIER-1,408,Pier/C3D8R,-8.5,10.0,95.0,8.186454e-06,-0.11366303,-0.024140175,-0.000213145,-0.0960367,-0.0455203,0.02771003864842225,23.847208944647253,8.536627092098877
PART-PIER-1,568,Pier/C3D8R,8.5,10.0,95.0,-8.186454e-06,-0.11366303,-0.024140175,0.000213145,-0.0960367,-0.0455203,0.02771003864842225,23.847208944647253,8.536627092098877
PART-PIER-2,412,Pier/C3D8R,-8.16667,-20.0,105.0,-0.00010339843,0.13127704,-0.007089643,-0.000284859,0.114053,-0.0287884,0.027704449772646886,21.073089784984987,10.52561621661286
PART-PIER-2,572,Pier/C3D8R,8.16667,-20.0,105.0,0.00010339843,0.13127704,-0.007089643,0.000284859,0.114053,-0.0287884,0.027704449772646886,21.073089784984987,10.52561621661286
PART-PIER-1,334,Pier/C3D8R,-8.16667,20.0,105.0,-0.00010339843,-0.13127704,-0.007089643,-0.000284859,-0.114053,-0.0287884,0.027704449772646886,21.073089784984987,10.52561621661286
PART-PIER-1,650,Pier/C3D8R,8.16667,20.0,105.0,0.00010339843,-0.13127704,-0.007089643,0.000284859,-0.114053,-0.0287884,0.027704449772646886,21.073089784984987,10.52561621661286
PART-PIER-2,457,Pier/C3D8R,0.0,-15.0,95.0,-1.3540104e-15,0.11364193,-0.015449809,-6.10651e-14,0.096079,-0.0368756,0.02770416990564022,24.156259154948298,10.26689483518776
PART-PIER-1,457,Pier/C3D8R,0.0,15.0,95.0,-1.6622796e-14,-0.11364193,-0.015449809,-1.47156e-13,-0.096079,-0.0368756,0.02770416990564022,24.156259154948298,10.26689483518776
PART-PIER-2,416,Pier/C3D8R,-7.83333,-20.0,115.0,-0.00015056347,0.15064484,-0.0069288267,-0.000333723,0.134015,-0.0290799,0.027699371367975175,18.367774904514135,9.064759262452233
PART-PIER-2,576,Pier/C3D8R,7.83333,-20.0,115.0,0.00015056347,0.15064484,-0.0069288267,0.000333723,0.134015,-0.0290799,0.027699371367975175,18.367774904514135,9.064759262452233
PART-PIER-1,338,Pier/C3D8R,-7.83333,20.0,115.0,-0.00015056347,-0.15064484,-0.0069288267,-0.000333723,-0.134015,-0.0290799,0.027699371367975175,18.367774904514135,9.064759262452233
PART-PIER-1,654,Pier/C3D8R,7.83333,20.0,115.0,0.00015056347,-0.15064484,-0.0069288267,0.000333723,-0.134015,-0.0290799,0.027699371367975175,18.367774904514135,9.064759262452233
PART-PIER-2,465,Pier/C3D8R,0.0,-15.0,135.0,-3.0025948e-15,0.19436423,-0.0203642,-8.55916e-14,0.179243,-0.0435691,0.02769691283740662,14.17242882999308,5.611212244090717
PART-PIER-1,465,Pier/C3D8R,0.0,15.0,135.0,-2.317682e-14,-0.19436423,-0.0203642,-2.17866e-13,-0.179243,-0.0435691,0.02769691283740662,14.17242882999308,5.611212244090717
PART-PIER-2,458,Pier/C3D8R,0.0,-15.0,100.0,-1.2903061e-15,0.12242369,-0.016667891,-6.63244e-14,0.104902,-0.0381179,0.02769679596191916,22.41690976669669,9.664181289500823
PART-PIER-1,458,Pier/C3D8R,0.0,15.0,100.0,-1.7655602e-14,-0.12242369,-0.016667891,-1.56095e-13,-0.104902,-0.0381179,0.02769679596191916,22.41690976669669,9.664181289500823
PART-PIER-2,74,Pier/C3D8R,0.0,-10.0,95.0,5.4247415e-16,0.11400062,-0.024503564,-3.12719e-14,0.0964036,-0.0458878,0.027693693545356057,23.750144939158925,8.435881772685208
PART-PIER-1,170,Pier/C3D8R,0.0,10.0,95.0,-1.7045635e-14,-0.11400062,-0.024503564,-1.08364e-13,-0.0964036,-0.0458878,0.027693693545356057,23.750144939158925,8.435881772685208
PART-PIER-2,179,Pier/C3D8R,0.0,-20.0,140.0,-5.113641e-15,0.20002824,-0.013648805,-1.28501e-13,0.184219,-0.0363653,0.027676184969439434,13.80404080229058,6.344029790773289
PART-PIER-1,65,Pier/C3D8R,0.0,20.0,140.0,-2.420501e-14,-0.20002824,-0.013648805,-2.78353e-13,-0.184219,-0.0363653,0.027676184969439434,13.80404080229058,6.344029790773289
PART-PIER-2,73,Pier/C3D8R,0.0,-10.0,100.0,1.4149668e-16,0.12234319,-0.02470967,-3.10398e-14,0.105111,-0.0463564,0.027668200011728268,22.167624052943115,7.95933076964862
PART-PIER-1,171,Pier/C3D8R,0.0,10.0,100.0,-1.7709682e-14,-0.12234319,-0.02470967,-1.15551e-13,-0.105111,-0.0463564,0.027668200011728268,22.167624052943115,7.95933076964862
PART-PIER-2,763,Pier/C3D8R,-8.5,-15.0,95.0,-1.4852489e-05,0.11352307,-0.015689535,-0.000261184,0.0959364,-0.0370394,0.027661677035574622,24.13713954033965,10.264670454338367
PART-PIER-2,841,Pier/C3D8R,8.5,-15.0,95.0,1.4852489e-05,0.11352307,-0.015689535,0.000261184,0.0959364,-0.0370394,0.027661677035574622,24.13713954033965,10.264670454338367
PART-PIER-1,763,Pier/C3D8R,-8.5,15.0,95.0,-1.4852489e-05,-0.11352307,-0.015689535,-0.000261184,-0.0959364,-0.0370394,0.027661677035574622,24.13713954033965,10.264670454338367
PART-PIER-1,841,Pier/C3D8R,8.5,15.0,95.0,1.4852489e-05,-0.11352307,-0.015689535,0.000261184,-0.0959364,-0.0370394,0.027661677035574622,24.13713954033965,10.264670454338367
PART-PIER-2,347,Pier/C3D8R,-3.5,-10.0,140.0,0.00036375888,0.20762113,-0.028414344,-7.33369e-05,0.192136,-0.0513284,0.027659252813641396,13.198930527349322,5.097812372786334
PART-PIER-2,663,Pier/C3D8R,3.5,-10.0,140.0,-0.00036375888,0.20762113,-0.028414344,7.33369e-05,0.192136,-0.0513284,0.027659252813641396,13.198930527349322,5.097812372786334
PART-PIER-1,425,Pier/C3D8R,-3.5,10.0,140.0,0.00036375888,-0.20762113,-0.028414344,-7.33369e-05,-0.192136,-0.0513284,0.027659252813641396,13.198930527349322,5.097812372786334
PART-PIER-1,585,Pier/C3D8R,3.5,10.0,140.0,-0.00036375888,-0.20762113,-0.028414344,7.33369e-05,-0.192136,-0.0513284,0.027659252813641396,13.198930527349322,5.097812372786334
PART-PIER-2,333,Pier/C3D8R,-4.08333,-10.0,105.0,-0.0007228512,0.13165367,-0.026329806,-0.00104333,0.114582,-0.0480824,0.027653570637062138,20.596615905138528,7.44561539086749
PART-PIER-2,649,Pier/C3D8R,4.08333,-10.0,105.0,0.0007228512,0.13165367,-0.026329806,0.00104333,0.114582,-0.0480824,0.027653570637062138,20.596615905138528,7.44561539086749
PART-PIER-1,411,Pier/C3D8R,-4.08333,10.0,105.0,-0.0007228512,-0.13165367,-0.026329806,-0.00104333,-0.114582,-0.0480824,0.027653570637062138,20.596615905138528,7.44561539086749
PART-PIER-1,571,Pier/C3D8R,4.08333,10.0,105.0,0.0007228512,-0.13165367,-0.026329806,0.00104333,-0.114582,-0.0480824,0.027653570637062138,20.596615905138528,7.44561539086749
PART-PIER-2,20,Pier/C3D8R,-6.66667,-20.0,150.0,0.0011171544,0.23394822,-0.012922091,0.00229309,0.222783,-0.0381896,0.02764944797367261,11.800497037742831,3.526695504183641
PART-PIER-2,190,Pier/C3D8R,6.66667,-20.0,150.0,-0.0011171544,0.23394822,-0.012922091,-0.00229309,0.222783,-0.0381896,0.02764944797367261,11.800497037742831,3.526695504183641
PART-PIER-1,24,Pier/C3D8R,-6.66667,20.0,150.0,0.0011171544,-0.23394822,-0.012922091,0.00229309,-0.222783,-0.0381896,0.02764944797367261,11.800497037742831,3.526695504183641
PART-PIER-1,186,Pier/C3D8R,6.66667,20.0,150.0,-0.0011171544,-0.23394822,-0.012922091,-0.00229309,-0.222783,-0.0381896,0.02764944797367261,11.800497037742831,3.526695504183641
PART-PIER-2,407,Pier/C3D8R,-4.25,-20.0,95.0,-8.210453e-05,0.11352281,-0.0074211312,-0.000279447,0.0957422,-0.0285903,0.027646387534458444,24.301280875255994,12.169734575731374
PART-PIER-2,567,Pier/C3D8R,4.25,-20.0,95.0,8.210453e-05,0.11352281,-0.0074211312,0.000279447,0.0957422,-0.0285903,0.027646387534458444,24.301280875255994,12.169734575731374
PART-PIER-1,329,Pier/C3D8R,-4.25,20.0,95.0,-8.210453e-05,-0.11352281,-0.0074211312,-0.000279447,-0.0957422,-0.0285903,0.027646387534458444,24.301280875255994,12.169734575731374
PART-PIER-1,645,Pier/C3D8R,4.25,20.0,95.0,8.210453e-05,-0.11352281,-0.0074211312,0.000279447,-0.0957422,-0.0285903,0.027646387534458444,24.301280875255994,12.169734575731374
PART-PIER-2,762,Pier/C3D8R,-4.25,-15.0,95.0,-1.157e-05,0.11367621,-0.015712442,8.26272e-05,0.0960628,-0.0370083,0.027636111392465326,24.08229486372416,10.292988251028223
PART-PIER-2,840,Pier/C3D8R,4.25,-15.0,95.0,1.157e-05,0.11367621,-0.015712442,-8.26272e-05,0.0960628,-0.0370083,0.027636111392465326,24.08229486372416,10.292988251028223
PART-PIER-1,762,Pier/C3D8R,-4.25,15.0,95.0,-1.157e-05,-0.11367621,-0.015712442,8.26272e-05,-0.0960628,-0.0370083,0.027636111392465326,24.08229486372416,10.292988251028223
PART-PIER-1,840,Pier/C3D8R,4.25,15.0,95.0,1.157e-05,-0.11367621,-0.015712442,-8.26272e-05,-0.0960628,-0.0370083,0.027636111392465326,24.08229486372416,10.292988251028223
PART-PIER-2,332,Pier/C3D8R,-8.33333,-10.0,100.0,-0.00079505495,0.12239662,-0.025200956,-0.000992474,0.105147,-0.0467784,0.027625612282786396,22.106395404372606,7.905527333187681
PART-PIER-2,648,Pier/C3D8R,8.33333,-10.0,100.0,0.00079505495,0.12239662,-0.025200956,0.000992474,0.105147,-0.0467784,0.027625612282786396,22.106395404372606,7.905527333187681
PART-PIER-1,410,Pier/C3D8R,-8.33333,10.0,100.0,-0.00079505495,-0.12239662,-0.025200956,-0.000992474,-0.105147,-0.0467784,0.027625612282786396,22.106395404372606,7.905527333187681
PART-PIER-1,570,Pier/C3D8R,8.33333,10.0,100.0,0.00079505495,-0.12239662,-0.025200956,0.000992474,-0.105147,-0.0467784,0.027625612282786396,22.106395404372606,7.905527333187681
PART-PIER-2,420,Pier/C3D8R,-7.5,-20.0,125.0,-0.00019415174,0.17149848,-0.0069056465,-0.00040224,0.155644,-0.0295277,0.027625443731299812,16.09521986825157,7.700481472068361
PART-PIER-2,580,Pier/C3D8R,7.5,-20.0,125.0,0.00019415174,0.17149848,-0.0069056465,0.00040224,0.155644,-0.0295277,0.027625443731299812,16.09521986825157,7.700481472068361
PART-PIER-1,342,Pier/C3D8R,-7.5,20.0,125.0,-0.00019415174,-0.17149848,-0.0069056465,-0.00040224,-0.155644,-0.0295277,0.027625443731299812,16.09521986825157,7.700481472068361
PART-PIER-1,658,Pier/C3D8R,7.5,20.0,125.0,0.00019415174,-0.17149848,-0.0069056465,0.00040224,-0.155644,-0.0295277,0.027625443731299812,16.09521986825157,7.700481472068361
PART-PIER-2,783,Pier/C3D8R,-6.83333,-15.0,145.0,0.0006925068,0.21871072,-0.013063706,0.00078758,0.204916,-0.0369972,0.027624544771630077,12.608097110419614,4.961635812090568
PART-PIER-2,861,Pier/C3D8R,6.83333,-15.0,145.0,-0.0006925068,0.21871072,-0.013063706,-0.00078758,0.204916,-0.0369972,0.027624544771630077,12.608097110419614,4.961635812090568
PART-PIER-1,783,Pier/C3D8R,-6.83333,15.0,145.0,0.0006925068,-0.21871072,-0.013063706,0.00078758,-0.204916,-0.0369972,0.027624544771630077,12.608097110419614,4.961635812090568
PART-PIER-1,861,Pier/C3D8R,6.83333,15.0,145.0,-0.0006925068,-0.21871072,-0.013063706,-0.00078758,-0.204916,-0.0369972,0.027624544771630077,12.608097110419614,4.961635812090568
PART-PIER-2,110,Pier/C3D8R,-12.0,-20.0,110.0,-0.0004571677,0.14054495,-0.0070276284,-0.000960032,0.123767,-0.0289428,0.027604840607476092,19.6166777248684,9.67272030130741
PART-PIER-2,222,Pier/C3D8R,12.0,-20.0,110.0,0.0004571677,0.14054495,-0.0070276284,0.000960032,0.123767,-0.0289428,0.027604840607476092,19.6166777248684,9.67272030130741
PART-PIER-1,56,Pier/C3D8R,-12.0,20.0,110.0,-0.0004571677,-0.14054495,-0.0070276284,-0.000960032,-0.123767,-0.0289428,0.027604840607476092,19.6166777248684,9.67272030130741
PART-PIER-1,237,Pier/C3D8R,12.0,20.0,110.0,0.0004571677,-0.14054495,-0.0070276284,0.000960032,-0.123767,-0.0289428,0.027604840607476092,19.6166777248684,9.67272030130741
PART-PIER-2,112,Pier/C3D8R,-12.5,-20.0,100.0,-0.00022306421,0.12192523,-0.0071470705,-0.000639733,0.104605,-0.0285956,0.027571786265054174,22.574894494058658,11.208690198573997
PART-PIER-2,220,Pier/C3D8R,12.5,-20.0,100.0,0.00022306421,0.12192523,-0.0071470705,0.000639733,0.104605,-0.0285956,0.027571786265054174,22.574894494058658,11.208690198573997
PART-PIER-1,54,Pier/C3D8R,-12.5,20.0,100.0,-0.00022306421,-0.12192523,-0.0071470705,-0.000639733,-0.104605,-0.0285956,0.027571786265054174,22.574894494058658,11.208690198573997
PART-PIER-1,239,Pier/C3D8R,12.5,20.0,100.0,0.00022306421,-0.12192523,-0.0071470705,0.000639733,-0.104605,-0.0285956,0.027571786265054174,22.574894494058658,11.208690198573997
PART-PIER-2,169,Pier/C3D8R,0.0,-20.0,90.0,-2.541541e-15,0.1053944,-0.0072028916,-8.84589e-14,0.08756,-0.0282105,0.0275569489248674,26.085654315226964,12.919252422940083
PART-PIER-1,75,Pier/C3D8R,0.0,20.0,90.0,-1.5346143e-14,-0.1053944,-0.0072028916,-1.76033e-13,-0.08756,-0.0282105,0.0275569489248674,26.085654315226964,12.919252422940083
PART-PIER-2,65,Pier/C3D8R,0.0,-10.0,140.0,-2.1942638e-15,0.21287036,-0.043640763,-4.57022e-14,0.199702,-0.0678469,0.0275561748715668,12.681298615392253,2.9384649063835715
PART-PIER-1,179,Pier/C3D8R,0.0,10.0,140.0,-2.443152e-14,-0.21287036,-0.043640763,-1.75742e-13,-0.199702,-0.0678469,0.0275561748715668,12.681298615392253,2.9384649063835715
PART-PIER-2,406,Pier/C3D8R,-8.66667,-20.0,90.0,7.902571e-05,0.10517929,-0.0073168743,-4.71236e-05,0.0873454,-0.0282561,0.027504812653353115,26.087352616184184,12.92890543360766
PART-PIER-2,566,Pier/C3D8R,8.66667,-20.0,90.0,-7.902571e-05,0.10517929,-0.0073168743,4.71236e-05,0.0873454,-0.0282561,0.027504812653353115,26.087352616184184,12.92890543360766
PART-PIER-1,328,Pier/C3D8R,-8.66667,20.0,90.0,7.902571e-05,-0.10517929,-0.0073168743,-4.71236e-05,-0.0873454,-0.0282561,0.027504812653353115,26.087352616184184,12.92890543360766
PART-PIER-1,644,Pier/C3D8R,8.66667,20.0,90.0,-7.902571e-05,-0.10517929,-0.0073168743,4.71236e-05,-0.0873454,-0.0282561,0.027504812653353115,26.087352616184184,12.92890543360766
PART-PIER-2,408,Pier/C3D8R,-8.5,-20.0,95.0,-6.0228173e-05,0.11346208,-0.007208579,-0.000253053,0.0959151,-0.0283712,0.02749163902214542,24.181046642261506,12.021531415137458
PART-PIER-2,568,Pier/C3D8R,8.5,-20.0,95.0,6.0228173e-05,0.11346208,-0.007208579,0.000253053,0.0959151,-0.0283712,0.02749163902214542,24.181046642261506,12.021531415137458
PART-PIER-1,330,Pier/C3D8R,-8.5,20.0,95.0,-6.0228173e-05,-0.11346208,-0.007208579,-0.000253053,-0.0959151,-0.0283712,0.02749163902214542,24.181046642261506,12.021531415137458
PART-PIER-1,646,Pier/C3D8R,8.5,20.0,95.0,6.0228173e-05,-0.11346208,-0.007208579,0.000253053,-0.0959151,-0.0283712,0.02749163902214542,24.181046642261506,12.021531415137458
PART-PIER-2,170,Pier/C3D8R,0.0,-20.0,95.0,-2.534664e-15,0.113537565,-0.0075096763,-9.46147e-14,0.0960251,-0.0286708,0.027467791804637782,24.139943886583815,11.927431017876437
PART-PIER-1,74,Pier/C3D8R,0.0,20.0,95.0,-1.6308776e-14,-0.113537565,-0.0075096763,-1.86806e-13,-0.0960251,-0.0286708,0.027467791804637782,24.139943886583815,11.927431017876437
PART-PIER-2,502,Pier/C3D8R,-11.25,-15.0,125.0,-0.0011698721,0.17143452,-0.017884264,-0.00124706,0.155515,-0.0402676,0.027467267892733762,15.935171961327447,6.799542237921642
PART-PIER-2,701,Pier/C3D8R,11.25,-15.0,125.0,0.0011698721,0.17143452,-0.017884264,0.00124706,0.155515,-0.0402676,0.027467267892733762,15.935171961327447,6.799542237921642
PART-PIER-1,502,Pier/C3D8R,-11.25,15.0,125.0,-0.0011698721,-0.17143452,-0.017884264,-0.00124706,-0.155515,-0.0402676,0.027467267892733762,15.935171961327447,6.799542237921642
PART-PIER-1,701,Pier/C3D8R,11.25,15.0,125.0,0.0011698721,-0.17143452,-0.017884264,0.00124706,-0.155515,-0.0402676,0.027467267892733762,15.935171961327447,6.799542237921642
PART-PIER-2,496,Pier/C3D8R,-12.75,-15.0,95.0,-0.0005282535,0.113274805,-0.015772825,-0.000804849,0.0957428,-0.0369128,0.027465364504977365,24.01471678295696,10.276967485304182
PART-PIER-2,695,Pier/C3D8R,12.75,-15.0,95.0,0.0005282535,0.113274805,-0.015772825,0.000804849,0.0957428,-0.0369128,0.027465364504977365,24.01471678295696,10.276967485304182
PART-PIER-1,496,Pier/C3D8R,-12.75,15.0,95.0,-0.0005282535,-0.113274805,-0.015772825,-0.000804849,-0.0957428,-0.0369128,0.027465364504977365,24.01471678295696,10.276967485304182
PART-PIER-1,695,Pier/C3D8R,12.75,15.0,95.0,0.0005282535,-0.113274805,-0.015772825,0.000804849,-0.0957428,-0.0369128,0.027465364504977365,24.01471678295696,10.276967485304182
PART-PIER-2,348,Pier/C3D8R,-7.0,-10.0,140.0,-0.0019072506,0.20490746,-0.032801796,-0.00218184,0.189798,-0.0556922,0.027428849339945136,13.217124475983342,4.680349476187376
PART-PIER-2,664,Pier/C3D8R,7.0,-10.0,140.0,0.0019072506,0.20490746,-0.032801796,0.00218184,0.189798,-0.0556922,0.027428849339945136,13.217124475983342,4.680349476187376
PART-PIER-1,426,Pier/C3D8R,-7.0,10.0,140.0,-0.0019072506,-0.20490746,-0.032801796,-0.00218184,-0.189798,-0.0556922,0.027428849339945136,13.217124475983342,4.680349476187376
PART-PIER-1,586,Pier/C3D8R,7.0,10.0,140.0,0.0019072506,-0.20490746,-0.032801796,0.00218184,-0.189798,-0.0556922,0.027428849339945136,13.217124475983342,4.680349476187376
PART-PIER-2,428,Pier/C3D8R,-6.83333,-20.0,145.0,-0.00057321996,0.21664025,-0.010819974,-0.000870616,0.201738,-0.0338375,0.027422107917295196,12.642098894488432,5.695001825378936
PART-PIER-2,588,Pier/C3D8R,6.83333,-20.0,145.0,0.00057321996,0.21664025,-0.010819974,0.000870616,0.201738,-0.0338375,0.027422107917295196,12.642098894488432,5.695001825378936
PART-PIER-1,350,Pier/C3D8R,-6.83333,20.0,145.0,-0.00057321996,-0.21664025,-0.010819974,-0.000870616,-0.201738,-0.0338375,0.027422107917295196,12.642098894488432,5.695001825378936
PART-PIER-1,666,Pier/C3D8R,6.83333,20.0,145.0,0.00057321996,-0.21664025,-0.010819974,0.000870616,-0.201738,-0.0338375,0.027422107917295196,12.642098894488432,5.695001825378936
PART-PIER-2,504,Pier/C3D8R,-10.75,-15.0,135.0,-0.001063316,0.19410202,-0.019201174,-0.00030228,0.179264,-0.042246,0.027419154229916927,14.05733260770494,5.5766654792837
PART-PIER-2,703,Pier/C3D8R,10.75,-15.0,135.0,0.001063316,0.19410202,-0.019201174,0.00030228,0.179264,-0.042246,0.027419154229916927,14.05733260770494,5.5766654792837
PART-PIER-1,504,Pier/C3D8R,-10.75,15.0,135.0,-0.001063316,-0.19410202,-0.019201174,-0.00030228,-0.179264,-0.042246,0.027419154229916927,14.05733260770494,5.5766654792837
PART-PIER-1,703,Pier/C3D8R,10.75,15.0,135.0,0.001063316,-0.19410202,-0.019201174,0.00030228,-0.179264,-0.042246,0.027419154229916927,14.05733260770494,5.5766654792837
PART-PIER-2,53,Pier/C3D8R,-12.75,-10.0,95.0,-0.00095241435,0.11354308,-0.024373377,-0.00112782,0.0960359,-0.0454727,0.02741739502127766,23.608506647249104,8.498868542668205
PART-PIER-2,240,Pier/C3D8R,12.75,-10.0,95.0,0.00095241435,0.11354308,-0.024373377,0.00112782,0.0960359,-0.0454727,0.02741739502127766,23.608506647249104,8.498868542668205
PART-PIER-1,113,Pier/C3D8R,-12.75,10.0,95.0,-0.00095241435,-0.11354308,-0.024373377,-0.00112782,-0.0960359,-0.0454727,0.02741739502127766,23.608506647249104,8.498868542668205
PART-PIER-1,219,Pier/C3D8R,12.75,10.0,95.0,0.00095241435,-0.11354308,-0.024373377,0.00112782,-0.0960359,-0.0454727,0.02741739502127766,23.608506647249104,8.498868542668205
PART-PIER-2,67,Pier/C3D8R,0.0,-10.0,130.0,-1.2023685e-15,0.18548979,-0.032369267,-4.30151e-14,0.170306,-0.0551868,0.027407796171348548,14.555933972856494,4.922433513284656
PART-PIER-1,177,Pier/C3D8R,0.0,10.0,130.0,-2.2845805e-14,-0.18548979,-0.032369267,-1.60875e-13,-0.170306,-0.0551868,0.027407796171348548,14.555933972856494,4.922433513284656
PART-PIER-2,327,Pier/C3D8R,-4.33333,-10.0,90.0,6.5621505e-05,0.10544087,-0.023526458,6.68634e-05,0.0878818,-0.044563,0.0274017707479821,25.364100562031005,8.792659400797733
PART-PIER-2,643,Pier/C3D8R,4.33333,-10.0,90.0,-6.5621505e-05,0.10544087,-0.023526458,-6.68634e-05,0.0878818,-0.044563,0.0274017707479821,25.364100562031005,8.792659400797733
PART-PIER-1,405,Pier/C3D8R,-4.33333,10.0,90.0,6.5621505e-05,-0.10544087,-0.023526458,6.68634e-05,-0.0878818,-0.044563,0.0274017707479821,25.364100562031005,8.792659400797733
PART-PIER-1,565,Pier/C3D8R,4.33333,10.0,90.0,-6.5621505e-05,-0.10544087,-0.023526458,-6.68634e-05,-0.0878818,-0.044563,0.0274017707479821,25.364100562031005,8.792659400797733
PART-PIER-2,108,Pier/C3D8R,-11.5,-20.0,120.0,-0.00080030685,0.16075553,-0.0069049327,-0.00133832,0.144774,-0.0291542,0.027399427999090092,17.028247110156432,8.215590116055965
PART-PIER-2,224,Pier/C3D8R,11.5,-20.0,120.0,0.00080030685,0.16075553,-0.0069049327,0.00133832,0.144774,-0.0291542,0.027399427999090092,17.028247110156432,8.215590116055965
PART-PIER-1,58,Pier/C3D8R,-11.5,20.0,120.0,-0.00080030685,-0.16075553,-0.0069049327,-0.00133832,-0.144774,-0.0291542,0.027399427999090092,17.028247110156432,8.215590116055965
PART-PIER-1,235,Pier/C3D8R,11.5,20.0,120.0,0.00080030685,-0.16075553,-0.0069049327,0.00133832,-0.144774,-0.0291542,0.027399427999090092,17.028247110156432,8.215590116055965
PART-PIER-2,495,Pier/C3D8R,-13.0,-15.0,90.0,-4.1865023e-05,0.10504442,-0.01535571,-0.000340897,0.0873162,-0.0362226,0.027382591235377424,25.793488618001454,10.953942217260277
PART-PIER-2,694,Pier/C3D8R,13.0,-15.0,90.0,4.1865023e-05,0.10504442,-0.01535571,0.000340897,0.0873162,-0.0362226,0.027382591235377424,25.793488618001454,10.953942217260277
PART-PIER-1,495,Pier/C3D8R,-13.0,15.0,90.0,-4.1865023e-05,-0.10504442,-0.01535571,-0.000340897,-0.0873162,-0.0362226,0.027382591235377424,25.793488618001454,10.953942217260277
PART-PIER-1,694,Pier/C3D8R,13.0,15.0,90.0,4.1865023e-05,-0.10504442,-0.01535571,0.000340897,-0.0873162,-0.0362226,0.027382591235377424,25.793488618001454,10.953942217260277
PART-PIER-2,405,Pier/C3D8R,-4.33333,-20.0,90.0,7.495601e-05,0.10533374,-0.0071923626,9.62467e-05,0.0877115,-0.0281501,0.027381938441944524,25.93501505992209,12.749626729245794
PART-PIER-2,565,Pier/C3D8R,4.33333,-20.0,90.0,-7.495601e-05,0.10533374,-0.0071923626,-9.62467e-05,0.0877115,-0.0281501,0.027381938441944524,25.93501505992209,12.749626729245794
PART-PIER-1,327,Pier/C3D8R,-4.33333,20.0,90.0,7.495601e-05,-0.10533374,-0.0071923626,9.62467e-05,-0.0877115,-0.0281501,0.027381938441944524,25.93501505992209,12.749626729245794
PART-PIER-1,643,Pier/C3D8R,4.33333,20.0,90.0,-7.495601e-05,-0.10533374,-0.0071923626,-9.62467e-05,-0.0877115,-0.0281501,0.027381938441944524,25.93501505992209,12.749626729245794
PART-PIER-2,422,Pier/C3D8R,-7.33333,-20.0,130.0,0.0004343025,0.18296927,-0.005406455,0.000603806,0.166887,-0.0275527,0.027370135319165607,14.952301863730069,7.594885212670564
PART-PIER-2,582,Pier/C3D8R,7.33333,-20.0,130.0,-0.0004343025,0.18296927,-0.005406455,-0.000603806,0.166887,-0.0275527,0.027370135319165607,14.952301863730069,7.594885212670564
PART-PIER-1,344,Pier/C3D8R,-7.33333,20.0,130.0,0.0004343025,-0.18296927,-0.005406455,0.000603806,-0.166887,-0.0275527,0.027370135319165607,14.952301863730069,7.594885212670564
PART-PIER-1,660,Pier/C3D8R,7.33333,20.0,130.0,-0.0004343025,-0.18296927,-0.005406455,-0.000603806,-0.166887,-0.0275527,0.027370135319165607,14.952301863730069,7.594885212670564
PART-PIER-2,505,Pier/C3D8R,-10.5,-15.0,140.0,0.0003057182,0.20596176,-0.015199115,-0.00146252,0.190959,-0.0380132,0.027362235806614274,13.249063278035353,5.718886806129187
PART-PIER-2,704,Pier/C3D8R,10.5,-15.0,140.0,-0.0003057182,0.20596176,-0.015199115,0.00146252,0.190959,-0.0380132,0.027362235806614274,13.249063278035353,5.718886806129187
PART-PIER-1,505,Pier/C3D8R,-10.5,15.0,140.0,0.0003057182,-0.20596176,-0.015199115,-0.00146252,-0.190959,-0.0380132,0.027362235806614274,13.249063278035353,5.718886806129187
PART-PIER-1,704,Pier/C3D8R,10.5,15.0,140.0,-0.0003057182,-0.20596176,-0.015199115,0.00146252,-0.190959,-0.0380132,0.027362235806614274,13.249063278035353,5.718886806129187
PART-PIER-2,178,Pier/C3D8R,0.0,-20.0,135.0,-4.6623412e-15,0.19860217,-0.0031026497,-1.32147e-13,0.184168,-0.0263256,0.027343201791764804,13.7661465151899,6.336711873427032
PART-PIER-1,66,Pier/C3D8R,0.0,20.0,135.0,-2.3429905e-14,-0.19860217,-0.0031026497,-2.72199e-13,-0.184168,-0.0263256,0.027343201791764804,13.7661465151899,6.336711873427032
PART-PIER-2,106,Pier/C3D8R,-11.0,-20.0,130.0,-0.0010312764,0.1823929,-0.0070764446,-0.00120347,0.167194,-0.0297836,0.027324917533372902,14.969847647020867,6.9591214294156005
PART-PIER-2,226,Pier/C3D8R,11.0,-20.0,130.0,0.0010312764,0.1823929,-0.0070764446,0.00120347,0.167194,-0.0297836,0.027324917533372902,14.969847647020867,6.9591214294156005
PART-PIER-1,60,Pier/C3D8R,-11.0,20.0,130.0,-0.0010312764,-0.1823929,-0.0070764446,-0.00120347,-0.167194,-0.0297836,0.027324917533372902,14.969847647020867,6.9591214294156005
PART-PIER-1,233,Pier/C3D8R,11.0,20.0,130.0,0.0010312764,-0.1823929,-0.0070764446,0.00120347,-0.167194,-0.0297836,0.027324917533372902,14.969847647020867,6.9591214294156005
PART-PIER-2,329,Pier/C3D8R,-4.25,-10.0,95.0,-0.00050547766,0.11385876,-0.024488186,-0.000757905,0.096515,-0.0455924,0.027317715480203966,23.456034158695136,8.345101054924774
PART-PIER-2,645,Pier/C3D8R,4.25,-10.0,95.0,0.00050547766,0.11385876,-0.024488186,0.000757905,0.096515,-0.0455924,0.027317715480203966,23.456034158695136,8.345101054924774
PART-PIER-1,407,Pier/C3D8R,-4.25,10.0,95.0,-0.00050547766,-0.11385876,-0.024488186,-0.000757905,-0.096515,-0.0455924,0.027317715480203966,23.456034158695136,8.345101054924774
PART-PIER-1,567,Pier/C3D8R,4.25,10.0,95.0,0.00050547766,-0.11385876,-0.024488186,0.000757905,-0.096515,-0.0455924,0.027317715480203966,23.456034158695136,8.345101054924774
PART-PIER-2,760,Pier/C3D8R,-4.33333,-15.0,90.0,-0.00012500976,0.10529097,-0.01548586,-0.000374292,0.087732,-0.0363841,0.02729681307760449,25.64917278979279,10.75475882140978
PART-PIER-2,838,Pier/C3D8R,4.33333,-15.0,90.0,0.00012500976,0.10529097,-0.01548586,0.000374292,0.087732,-0.0363841,0.02729681307760449,25.64917278979279,10.75475882140978
PART-PIER-1,760,Pier/C3D8R,-4.33333,15.0,90.0,-0.00012500976,-0.10529097,-0.01548586,-0.000374292,-0.087732,-0.0363841,0.02729681307760449,25.64917278979279,10.75475882140978
PART-PIER-1,838,Pier/C3D8R,4.33333,15.0,90.0,0.00012500976,-0.10529097,-0.01548586,0.000374292,-0.087732,-0.0363841,0.02729681307760449,25.64917278979279,10.75475882140978
PART-PIER-2,761,Pier/C3D8R,-8.66667,-15.0,90.0,-0.0002922517,0.10520529,-0.015444151,-0.000433356,0.0875722,-0.0362579,0.02727925806921038,25.65449455221362,10.862828162454788
PART-PIER-2,839,Pier/C3D8R,8.66667,-15.0,90.0,0.0002922517,0.10520529,-0.015444151,0.000433356,0.0875722,-0.0362579,0.02727925806921038,25.65449455221362,10.862828162454788
PART-PIER-1,761,Pier/C3D8R,-8.66667,15.0,90.0,-0.0002922517,-0.10520529,-0.015444151,-0.000433356,-0.0875722,-0.0362579,0.02727925806921038,25.65449455221362,10.862828162454788
PART-PIER-1,839,Pier/C3D8R,8.66667,15.0,90.0,0.0002922517,-0.10520529,-0.015444151,0.000433356,-0.0875722,-0.0362579,0.02727925806921038,25.65449455221362,10.862828162454788
PART-PIER-2,52,Pier/C3D8R,-13.0,-10.0,90.0,-0.00021505787,0.10507873,-0.023418298,-0.000679598,0.0875603,-0.0443233,0.027278751727622813,25.338606648991146,8.838286207482238
PART-PIER-2,241,Pier/C3D8R,13.0,-10.0,90.0,0.00021505787,0.10507873,-0.023418298,0.000679598,0.0875603,-0.0443233,0.027278751727622813,25.338606648991146,8.838286207482238
PART-PIER-1,114,Pier/C3D8R,-13.0,10.0,90.0,-0.00021505787,-0.10507873,-0.023418298,-0.000679598,-0.0875603,-0.0443233,0.027278751727622813,25.338606648991146,8.838286207482238
PART-PIER-1,218,Pier/C3D8R,13.0,10.0,90.0,0.00021505787,-0.10507873,-0.023418298,0.000679598,-0.0875603,-0.0443233,0.027278751727622813,25.338606648991146,8.838286207482238
PART-PIER-2,350,Pier/C3D8R,-6.83333,-10.0,145.0,0.0010168793,0.22105315,-0.028969446,0.00112842,0.208126,-0.052989,0.027277511301604707,12.235050399833257,3.66774049701241
PART-PIER-2,666,Pier/C3D8R,6.83333,-10.0,145.0,-0.0010168793,0.22105315,-0.028969446,-0.00112842,0.208126,-0.052989,0.027277511301604707,12.235050399833257,3.66774049701241
PART-PIER-1,428,Pier/C3D8R,-6.83333,10.0,145.0,0.0010168793,-0.22105315,-0.028969446,0.00112842,-0.208126,-0.052989,0.027277511301604707,12.235050399833257,3.66774049701241
PART-PIER-1,588,Pier/C3D8R,6.83333,10.0,145.0,-0.0010168793,-0.22105315,-0.028969446,-0.00112842,-0.208126,-0.052989,0.027277511301604707,12.235050399833257,3.66774049701241
PART-PIER-2,456,Pier/C3D8R,0.0,-15.0,90.0,-9.514288e-16,0.10540893,-0.0156135345,-5.89457e-14,0.0878193,-0.0364432,0.02726297944793984,25.58486288618153,10.771812663103706
PART-PIER-1,456,Pier/C3D8R,0.0,15.0,90.0,-1.5850096e-14,-0.10540893,-0.0156135345,-1.38647e-13,-0.0878193,-0.0364432,0.02726297944793984,25.58486288618153,10.771812663103706
PART-PIER-2,177,Pier/C3D8R,0.0,-20.0,130.0,-4.2172856e-15,0.18025509,-0.006498381,-1.23211e-13,0.16405,-0.0284011,0.02724580777846495,15.10532637395696,7.696238398136587
PART-PIER-1,67,Pier/C3D8R,0.0,20.0,130.0,-2.2511705e-14,-0.18025509,-0.006498381,-2.60195e-13,-0.16405,-0.0284011,0.02724580777846495,15.10532637395696,7.696238398136587
PART-PIER-2,114,Pier/C3D8R,-13.0,-20.0,90.0,-0.00010613991,0.10486444,-0.0072193835,-0.000478668,0.0873151,-0.028055,0.027244100766010085,25.918940811771847,12.748127819931362
PART-PIER-2,218,Pier/C3D8R,13.0,-20.0,90.0,0.00010613991,0.10486444,-0.0072193835,0.000478668,0.0873151,-0.028055,0.027244100766010085,25.918940811771847,12.748127819931362
PART-PIER-1,52,Pier/C3D8R,-13.0,20.0,90.0,-0.00010613991,-0.10486444,-0.0072193835,-0.000478668,-0.0873151,-0.028055,0.027244100766010085,25.918940811771847,12.748127819931362
PART-PIER-1,241,Pier/C3D8R,13.0,20.0,90.0,0.00010613991,-0.10486444,-0.0072193835,0.000478668,-0.0873151,-0.028055,0.027244100766010085,25.918940811771847,12.748127819931362
PART-PIER-2,115,Pier/C3D8R,-13.25,-20.0,85.0,9.05317e-05,0.09705803,-0.0073090033,-9.10142e-05,0.0791858,-0.0278353,0.027217244906550295,27.96305104609736,13.764287883523757
PART-PIER-2,217,Pier/C3D8R,13.25,-20.0,85.0,-9.05317e-05,0.09705803,-0.0073090033,9.10142e-05,0.0791858,-0.0278353,0.027217244906550295,27.96305104609736,13.764287883523757
PART-PIER-1,51,Pier/C3D8R,-13.25,20.0,85.0,9.05317e-05,-0.09705803,-0.0073090033,-9.10142e-05,-0.0791858,-0.0278353,0.027217244906550295,27.96305104609736,13.764287883523757
PART-PIER-1,242,Pier/C3D8R,13.25,20.0,85.0,-9.05317e-05,-0.09705803,-0.0073090033,9.10142e-05,-0.0791858,-0.0278353,0.027217244906550295,27.96305104609736,13.764287883523757
PART-PIER-2,421,Pier/C3D8R,-3.66667,-20.0,130.0,0.00022676318,0.18224472,-0.0075048585,0.000222236,0.167184,-0.0301097,0.027162550812725245,14.891804787534618,6.867046588984343
PART-PIER-2,581,Pier/C3D8R,3.66667,-20.0,130.0,-0.00022676318,0.18224472,-0.0075048585,-0.000222236,0.167184,-0.0301097,0.027162550812725245,14.891804787534618,6.867046588984343
PART-PIER-1,343,Pier/C3D8R,-3.66667,20.0,130.0,0.00022676318,-0.18224472,-0.0075048585,0.000222236,-0.167184,-0.0301097,0.027162550812725245,14.891804787534618,6.867046588984343
PART-PIER-1,659,Pier/C3D8R,3.66667,20.0,130.0,-0.00022676318,-0.18224472,-0.0075048585,-0.000222236,-0.167184,-0.0301097,0.027162550812725245,14.891804787534618,6.867046588984343
PART-PIER-2,403,Pier/C3D8R,-4.41667,-20.0,85.0,-4.3423886e-05,0.097276,-0.007382614,-0.00021985,0.0795636,-0.0279679,0.02715721339967518,27.837633774401375,13.5506244167312
PART-PIER-2,563,Pier/C3D8R,4.41667,-20.0,85.0,4.3423886e-05,0.097276,-0.007382614,0.00021985,0.0795636,-0.0279679,0.02715721339967518,27.837633774401375,13.5506244167312
PART-PIER-1,325,Pier/C3D8R,-4.41667,20.0,85.0,-4.3423886e-05,-0.097276,-0.007382614,-0.00021985,-0.0795636,-0.0279679,0.02715721339967518,27.837633774401375,13.5506244167312
PART-PIER-1,641,Pier/C3D8R,4.41667,20.0,85.0,4.3423886e-05,-0.097276,-0.007382614,0.00021985,-0.0795636,-0.0279679,0.02715721339967518,27.837633774401375,13.5506244167312
PART-PIER-2,75,Pier/C3D8R,0.0,-10.0,90.0,3.9590693e-16,0.1053956,-0.023427844,-2.70527e-14,0.0880462,-0.0442733,0.027120743282733534,25.119234155361568,8.72225100382768
PART-PIER-1,169,Pier/C3D8R,0.0,10.0,90.0,-1.5901636e-14,-0.1053956,-0.023427844,-1.00404e-13,-0.0880462,-0.0442733,0.027120743282733534,25.119234155361568,8.72225100382768
PART-PIER-2,506,Pier/C3D8R,-10.25,-15.0,145.0,0.0002654065,0.21868919,-0.022812828,0.00311176,0.205022,-0.0460278,0.027089273443631635,12.320249995830519,4.424227299276648
PART-PIER-2,705,Pier/C3D8R,10.25,-15.0,145.0,-0.0002654065,0.21868919,-0.022812828,-0.00311176,0.205022,-0.0460278,0.027089273443631635,12.320249995830519,4.424227299276648
PART-PIER-1,506,Pier/C3D8R,-10.25,15.0,145.0,0.0002654065,-0.21868919,-0.022812828,0.00311176,-0.205022,-0.0460278,0.027089273443631635,12.320249995830519,4.424227299276648
PART-PIER-1,705,Pier/C3D8R,10.25,15.0,145.0,-0.0002654065,-0.21868919,-0.022812828,-0.00311176,-0.205022,-0.0460278,0.027089273443631635,12.320249995830519,4.424227299276648
PART-SUPPORTBEAM-2,139,SupportBeam/B31,-100.0,10.0,-22.5,-0.0060053817,0.0019901171,-0.23561324,0.00986861,0.000102759,-0.213747,0.027086494509753468,11.49202614296423,9.216637291981982
PART-SUPPORTBEAM-2,243,SupportBeam/B31,100.0,10.0,-22.5,0.0060053817,0.0019901171,-0.23561324,-0.00986861,0.000102759,-0.213747,0.027086494509753468,11.49202614296423,9.216637291981982
PART-SUPPORTBEAM-1,139,SupportBeam/B31,-100.0,-10.0,-22.5,-0.0060053817,-0.0019901171,-0.23561324,0.00986861,-0.000102759,-0.213747,0.027086494509753468,11.49202614296423,9.216637291981982
PART-SUPPORTBEAM-1,243,SupportBeam/B31,100.0,-10.0,-22.5,0.0060053817,-0.0019901171,-0.23561324,-0.00986861,-0.000102759,-0.213747,0.027086494509753468,11.49202614296423,9.216637291981982
PART-PIER-2,328,Pier/C3D8R,-8.66667,-10.0,90.0,-0.0006422773,0.10536505,-0.023579638,-0.000849648,0.087992,-0.044357,0.027084398471975753,25.084378160342485,8.733176903252568
PART-PIER-2,644,Pier/C3D8R,8.66667,-10.0,90.0,0.0006422773,0.10536505,-0.023579638,0.000849648,0.087992,-0.044357,0.027084398471975753,25.084378160342485,8.733176903252568
PART-PIER-1,406,Pier/C3D8R,-8.66667,10.0,90.0,-0.0006422773,-0.10536505,-0.023579638,-0.000849648,-0.087992,-0.044357,0.027084398471975753,25.084378160342485,8.733176903252568
PART-PIER-1,566,Pier/C3D8R,8.66667,10.0,90.0,0.0006422773,-0.10536505,-0.023579638,0.000849648,-0.087992,-0.044357,0.027084398471975753,25.084378160342485,8.733176903252568
PART-PIER-2,455,Pier/C3D8R,0.0,-15.0,85.0,-7.635834e-16,0.09736276,-0.015059264,-5.48248e-14,0.0798305,-0.0356316,0.027029634648002482,27.435544154813307,11.26566787266486
PART-PIER-1,455,Pier/C3D8R,0.0,15.0,85.0,-1.4741734e-14,-0.09736276,-0.015059264,-1.29696e-13,-0.0798305,-0.0356316,0.027029634648002482,27.435544154813307,11.26566787266486
PART-PIER-2,404,Pier/C3D8R,-8.83333,-20.0,85.0,-3.663979e-05,0.097158834,-0.0072555053,-0.000249312,0.0795666,-0.027772,0.027026995418558655,27.740089651981652,13.501966348814145
PART-PIER-2,564,Pier/C3D8R,8.83333,-20.0,85.0,3.663979e-05,0.097158834,-0.0072555053,0.000249312,0.0795666,-0.027772,0.027026995418558655,27.740089651981652,13.501966348814145
PART-PIER-1,326,Pier/C3D8R,-8.83333,20.0,85.0,-3.663979e-05,-0.097158834,-0.0072555053,-0.000249312,-0.0795666,-0.027772,0.027026995418558655,27.740089651981652,13.501966348814145
PART-PIER-1,642,Pier/C3D8R,8.83333,20.0,85.0,3.663979e-05,-0.097158834,-0.0072555053,0.000249312,-0.0795666,-0.027772,0.027026995418558655,27.740089651981652,13.501966348814145
PART-PIER-2,778,Pier/C3D8R,-3.58333,-15.0,135.0,-0.00016542907,0.1942659,-0.020068934,-0.00033339,0.179051,-0.0423929,0.027016307128346805,13.833245569191194,5.78515838867151
PART-PIER-2,856,Pier/C3D8R,3.58333,-15.0,135.0,0.00016542907,0.1942659,-0.020068934,0.00033339,0.179051,-0.0423929,0.027016307128346805,13.833245569191194,5.78515838867151
PART-PIER-1,778,Pier/C3D8R,-3.58333,15.0,135.0,-0.00016542907,-0.1942659,-0.020068934,-0.00033339,-0.179051,-0.0423929,0.027016307128346805,13.833245569191194,5.78515838867151
PART-PIER-1,856,Pier/C3D8R,3.58333,15.0,135.0,0.00016542907,-0.1942659,-0.020068934,0.00033339,-0.179051,-0.0423929,0.027016307128346805,13.833245569191194,5.78515838867151
PART-PIER-2,758,Pier/C3D8R,-4.41667,-15.0,85.0,-7.320606e-05,0.09739655,-0.015070083,-5.57954e-05,0.0798253,-0.0355901,0.0270151851256635,27.4111190877495,11.319201883435131
PART-PIER-2,836,Pier/C3D8R,4.41667,-15.0,85.0,7.320606e-05,0.09739655,-0.015070083,5.57954e-05,0.0798253,-0.0355901,0.0270151851256635,27.4111190877495,11.319201883435131
PART-PIER-1,758,Pier/C3D8R,-4.41667,15.0,85.0,-7.320606e-05,-0.09739655,-0.015070083,-5.57954e-05,-0.0798253,-0.0355901,0.0270151851256635,27.4111190877495,11.319201883435131
PART-PIER-1,836,Pier/C3D8R,4.41667,15.0,85.0,7.320606e-05,-0.09739655,-0.015070083,5.57954e-05,-0.0798253,-0.0355901,0.0270151851256635,27.4111190877495,11.319201883435131
PART-PIER-2,168,Pier/C3D8R,0.0,-20.0,85.0,-2.4466972e-15,0.09730579,-0.0073459307,-8.36138e-14,0.0797841,-0.0278914,0.027002331921768215,27.67123415763613,13.38746696909863
PART-PIER-1,76,Pier/C3D8R,0.0,20.0,85.0,-1.4502502e-14,-0.09730579,-0.0073459307,-1.65757e-13,-0.0797841,-0.0278914,0.027002331921768215,27.67123415763613,13.38746696909863
PART-PIER-2,759,Pier/C3D8R,-8.83333,-15.0,85.0,-9.128729e-05,0.09723043,-0.015078816,-0.000349508,0.0796964,-0.035596,0.026990067159342695,27.430947875878143,11.288959708881494
PART-PIER-2,837,Pier/C3D8R,8.83333,-15.0,85.0,9.128729e-05,0.09723043,-0.015078816,0.000349508,0.0796964,-0.035596,0.026990067159342695,27.430947875878143,11.288959708881494
PART-PIER-1,759,Pier/C3D8R,-8.83333,15.0,85.0,-9.128729e-05,-0.09723043,-0.015078816,-0.000349508,-0.0796964,-0.035596,0.026990067159342695,27.430947875878143,11.288959708881494
PART-PIER-1,837,Pier/C3D8R,8.83333,15.0,85.0,9.128729e-05,-0.09723043,-0.015078816,0.000349508,-0.0796964,-0.035596,0.026990067159342695,27.430947875878143,11.288959708881494
PART-PIER-2,326,Pier/C3D8R,-8.83333,-10.0,85.0,-0.00016217983,0.097393416,-0.022882538,-0.000436548,0.0798758,-0.0433341,0.02692969618202198,26.917432260805914,9.166865615020729
PART-PIER-2,642,Pier/C3D8R,8.83333,-10.0,85.0,0.00016217983,0.097393416,-0.022882538,0.000436548,0.0798758,-0.0433341,0.02692969618202198,26.917432260805914,9.166865615020729
PART-PIER-1,404,Pier/C3D8R,-8.83333,10.0,85.0,-0.00016217983,-0.097393416,-0.022882538,-0.000436548,-0.0798758,-0.0433341,0.02692969618202198,26.917432260805914,9.166865615020729
PART-PIER-1,564,Pier/C3D8R,8.83333,10.0,85.0,0.00016217983,-0.097393416,-0.022882538,0.000436548,-0.0798758,-0.0433341,0.02692969618202198,26.917432260805914,9.166865615020729
PART-PIER-2,105,Pier/C3D8R,-10.75,-20.0,135.0,0.0011915782,0.19451317,-0.0044756774,0.000762925,0.17897,-0.0264609,0.02692812451668927,13.83993383732697,7.016114212947302
PART-PIER-2,227,Pier/C3D8R,10.75,-20.0,135.0,-0.0011915782,0.19451317,-0.0044756774,-0.000762925,0.17897,-0.0264609,0.02692812451668927,13.83993383732697,7.016114212947302
PART-PIER-1,61,Pier/C3D8R,-10.75,20.0,135.0,0.0011915782,-0.19451317,-0.0044756774,0.000762925,-0.17897,-0.0264609,0.02692812451668927,13.83993383732697,7.016114212947302
PART-PIER-1,232,Pier/C3D8R,10.75,20.0,135.0,-0.0011915782,-0.19451317,-0.0044756774,-0.000762925,-0.17897,-0.0264609,0.02692812451668927,13.83993383732697,7.016114212947302
PART-PIER-2,76,Pier/C3D8R,0.0,-10.0,85.0,4.901856e-16,0.097656496,-0.023021836,-2.60305e-14,0.0801796,-0.0435036,0.026924794341768178,26.835318718340105,9.081811527258386
PART-PIER-1,168,Pier/C3D8R,0.0,10.0,85.0,-1.5311135e-14,-0.097656496,-0.023021836,-9.37066e-14,-0.0801796,-0.0435036,0.026924794341768178,26.835318718340105,9.081811527258386
PART-PIER-2,466,Pier/C3D8R,0.0,-15.0,140.0,-3.0046935e-15,0.20628075,-0.010387057,-9.5515e-14,0.191615,-0.0329617,0.0269202290042256,13.033773307466479,5.86453040066587
PART-PIER-1,466,Pier/C3D8R,0.0,15.0,140.0,-2.4212388e-14,-0.20628075,-0.010387057,-2.30832e-13,-0.191615,-0.0329617,0.0269202290042256,13.033773307466479,5.86453040066587
PART-PIER-2,494,Pier/C3D8R,-13.25,-15.0,85.0,-0.00044382655,0.09697932,-0.0150266625,-0.000757453,0.0794452,-0.0354266,0.026901694662761415,27.41222334348971,11.359742316910424
PART-PIER-2,693,Pier/C3D8R,13.25,-15.0,85.0,0.00044382655,0.09697932,-0.0150266625,0.000757453,0.0794452,-0.0354266,0.026901694662761415,27.41222334348971,11.359742316910424
PART-PIER-1,494,Pier/C3D8R,-13.25,15.0,85.0,-0.00044382655,-0.09697932,-0.0150266625,-0.000757453,-0.0794452,-0.0354266,0.026901694662761415,27.41222334348971,11.359742316910424
PART-PIER-1,693,Pier/C3D8R,13.25,15.0,85.0,0.00044382655,-0.09697932,-0.0150266625,0.000757453,-0.0794452,-0.0354266,0.026901694662761415,27.41222334348971,11.359742316910424
PART-PIER-2,167,Pier/C3D8R,0.0,-20.0,80.0,-2.1774926e-15,0.089774325,-0.0073391437,-7.85195e-14,0.0721184,-0.027614,0.02688496765092483,29.84770561341908,14.26551091096033
PART-PIER-1,77,Pier/C3D8R,0.0,20.0,80.0,-1.3531155e-14,-0.089774325,-0.0073391437,-1.55345e-13,-0.0721184,-0.027614,0.02688496765092483,29.84770561341908,14.26551091096033
PART-PIER-2,402,Pier/C3D8R,-9.0,-20.0,80.0,1.795506e-05,0.0896034,-0.00732059,-0.00015828,0.0719694,-0.0275468,0.026834466377412335,29.84859206522314,14.282936424934315
PART-PIER-2,562,Pier/C3D8R,9.0,-20.0,80.0,-1.795506e-05,0.0896034,-0.00732059,0.00015828,0.0719694,-0.0275468,0.026834466377412335,29.84859206522314,14.282936424934315
PART-PIER-1,324,Pier/C3D8R,-9.0,20.0,80.0,1.795506e-05,-0.0896034,-0.00732059,-0.00015828,-0.0719694,-0.0275468,0.026834466377412335,29.84859206522314,14.282936424934315
PART-PIER-1,640,Pier/C3D8R,9.0,20.0,80.0,-1.795506e-05,-0.0896034,-0.00732059,0.00015828,-0.0719694,-0.0275468,0.026834466377412335,29.84859206522314,14.282936424934315
PART-PIER-2,51,Pier/C3D8R,-13.25,-10.0,85.0,-0.0008093537,0.09726391,-0.022790536,-0.00107629,0.0797876,-0.0430454,0.02675354522045356,26.7798938340514,9.245796974880035
PART-PIER-2,242,Pier/C3D8R,13.25,-10.0,85.0,0.0008093537,0.09726391,-0.022790536,0.00107629,0.0797876,-0.0430454,0.02675354522045356,26.7798938340514,9.245796974880035
PART-PIER-1,115,Pier/C3D8R,-13.25,10.0,85.0,-0.0008093537,-0.09726391,-0.022790536,-0.00107629,-0.0797876,-0.0430454,0.02675354522045356,26.7798938340514,9.245796974880035
PART-PIER-1,217,Pier/C3D8R,13.25,10.0,85.0,0.0008093537,-0.09726391,-0.022790536,0.00107629,-0.0797876,-0.0430454,0.02675354522045356,26.7798938340514,9.245796974880035
PART-PIER-2,401,Pier/C3D8R,-4.5,-20.0,80.0,2.8464889e-05,0.08972537,-0.007273408,-4.69903e-07,0.0722164,-0.0274812,0.026737982818424284,29.702370281635183,14.164867148362164
PART-PIER-2,561,Pier/C3D8R,4.5,-20.0,80.0,-2.8464889e-05,0.08972537,-0.007273408,4.69903e-07,0.0722164,-0.0274812,0.026737982818424284,29.702370281635183,14.164867148362164
PART-PIER-1,323,Pier/C3D8R,-4.5,20.0,80.0,2.8464889e-05,-0.08972537,-0.007273408,-4.69903e-07,-0.0722164,-0.0274812,0.026737982818424284,29.702370281635183,14.164867148362164
PART-PIER-1,639,Pier/C3D8R,4.5,20.0,80.0,-2.8464889e-05,-0.08972537,-0.007273408,4.69902e-07,-0.0722164,-0.0274812,0.0267379828184232,29.702370281633982,14.164867148362164
PART-PIER-2,325,Pier/C3D8R,-4.41667,-10.0,85.0,-0.00037000823,0.09754524,-0.022839367,-0.000582735,0.0802097,-0.0431625,0.02671321647997418,26.664136395043048,9.07983111332873
PART-PIER-2,641,Pier/C3D8R,4.41667,-10.0,85.0,0.00037000823,0.09754524,-0.022839367,0.000582735,0.0802097,-0.0431625,0.02671321647997418,26.664136395043048,9.07983111332873
PART-PIER-1,403,Pier/C3D8R,-4.41667,10.0,85.0,-0.00037000823,-0.09754524,-0.022839367,-0.000582735,-0.0802097,-0.0431625,0.02671321647997418,26.664136395043048,9.07983111332873
PART-PIER-1,563,Pier/C3D8R,4.41667,10.0,85.0,0.00037000823,-0.09754524,-0.022839367,0.000582735,-0.0802097,-0.0431625,0.02671321647997418,26.664136395043048,9.07983111332873
PART-PIER-2,116,Pier/C3D8R,-13.5,-20.0,80.0,-6.642364e-05,0.089286596,-0.0072283163,-0.000436348,0.0718005,-0.0273326,0.026647375488843602,29.747435522252246,14.233876337753623
PART-PIER-2,216,Pier/C3D8R,13.5,-20.0,80.0,6.642364e-05,0.089286596,-0.0072283163,0.000436348,0.0718005,-0.0273326,0.026647375488843602,29.747435522252246,14.233876337753623
PART-PIER-1,50,Pier/C3D8R,-13.5,20.0,80.0,-6.642364e-05,-0.089286596,-0.0072283163,-0.000436348,-0.0718005,-0.0273326,0.026647375488843602,29.747435522252246,14.233876337753623
PART-PIER-1,243,Pier/C3D8R,13.5,20.0,80.0,6.642364e-05,-0.089286596,-0.0072283163,0.000436348,-0.0718005,-0.0273326,0.026647375488843602,29.747435522252246,14.233876337753623
PART-PIER-2,493,Pier/C3D8R,-13.5,-15.0,80.0,-0.00017338256,0.08947202,-0.014683436,-0.000534308,0.0719391,-0.0346898,0.026604288214499085,29.342195256449312,11.91257443278734
PART-PIER-2,692,Pier/C3D8R,13.5,-15.0,80.0,0.00017338256,0.08947202,-0.014683436,0.000534308,0.0719391,-0.0346898,0.026604288214499085,29.342195256449312,11.91257443278734
PART-PIER-1,493,Pier/C3D8R,-13.5,15.0,80.0,-0.00017338256,-0.08947202,-0.014683436,-0.000534308,-0.0719391,-0.0346898,0.026604288214499085,29.342195256449312,11.91257443278734
PART-PIER-1,692,Pier/C3D8R,13.5,15.0,80.0,0.00017338256,-0.08947202,-0.014683436,0.000534308,-0.0719391,-0.0346898,0.026604288214499085,29.342195256449312,11.91257443278734
PART-PIER-2,757,Pier/C3D8R,-9.0,-15.0,80.0,-0.00026989775,0.08964788,-0.014682399,-0.000469052,0.0721648,-0.0347169,0.02659095671503179,29.271443622904027,11.844588660600062
PART-PIER-2,835,Pier/C3D8R,9.0,-15.0,80.0,0.00026989775,0.08964788,-0.014682399,0.000469052,0.0721648,-0.0347169,0.02659095671503179,29.271443622904027,11.844588660600062
PART-PIER-1,757,Pier/C3D8R,-9.0,15.0,80.0,-0.00026989775,-0.08964788,-0.014682399,-0.000469052,-0.0721648,-0.0347169,0.02659095671503179,29.271443622904027,11.844588660600062
PART-PIER-1,835,Pier/C3D8R,9.0,15.0,80.0,0.00026989775,-0.08964788,-0.014682399,0.000469052,-0.0721648,-0.0347169,0.02659095671503179,29.271443622904027,11.844588660600062
PART-PIER-2,454,Pier/C3D8R,0.0,-15.0,80.0,-7.1338867e-16,0.08984958,-0.014728701,-5.17067e-14,0.0724326,-0.0348109,0.026582812285309485,29.196228844778886,11.735862912910614
PART-PIER-1,454,Pier/C3D8R,0.0,15.0,80.0,-1.3977704e-14,-0.08984958,-0.014728701,-1.21392e-13,-0.0724326,-0.0348109,0.026582812285309485,29.196228844778886,11.735862912910614
PART-PIER-2,756,Pier/C3D8R,-4.5,-15.0,80.0,-0.00010704878,0.08973487,-0.0147620365,-0.000325119,0.0723371,-0.0348433,0.026570417748883492,29.217185571863062,11.709764038219483
PART-PIER-2,834,Pier/C3D8R,4.5,-15.0,80.0,0.00010704878,0.08973487,-0.0147620365,0.000325119,0.0723371,-0.0348433,0.026570417748883492,29.217185571863062,11.709764038219483
PART-PIER-1,756,Pier/C3D8R,-4.5,15.0,80.0,-0.00010704878,-0.08973487,-0.0147620365,-0.000325119,-0.0723371,-0.0348433,0.026570417748883492,29.217185571863062,11.709764038219483
PART-PIER-1,834,Pier/C3D8R,4.5,15.0,80.0,0.00010704878,-0.08973487,-0.0147620365,0.000325119,-0.0723371,-0.0348433,0.026570417748883492,29.217185571863062,11.709764038219483
PART-SUPPORTBEAM-2,123,SupportBeam/B31,-107.69231,10.0,-30.0,-0.009942895,0.0025949108,-0.23652573,0.0103375,0.000141362,-0.219608,0.026524025173847693,11.203444375061116,7.1373646080502535
PART-SUPPORTBEAM-2,246,SupportBeam/B31,107.69231,10.0,-30.0,0.009942895,0.0025949108,-0.23652573,-0.0103375,0.000141362,-0.219608,0.026524025173847693,11.203444375061116,7.1373646080502535
PART-SUPPORTBEAM-1,123,SupportBeam/B31,-107.69231,-10.0,-30.0,-0.009942895,-0.0025949108,-0.23652573,0.0103375,-0.000141362,-0.219608,0.026524025173847693,11.203444375061116,7.1373646080502535
PART-SUPPORTBEAM-1,246,SupportBeam/B31,107.69231,-10.0,-30.0,0.009942895,-0.0025949108,-0.23652573,-0.0103375,-0.000141362,-0.219608,0.026524025173847693,11.203444375061116,7.1373646080502535
PART-PIER-2,323,Pier/C3D8R,-4.5,-10.0,80.0,-6.0546736e-05,0.089923516,-0.022252504,-0.000123617,0.0725818,-0.0422629,0.02647933231332831,28.584298850795026,9.33346141486093
PART-PIER-2,639,Pier/C3D8R,4.5,-10.0,80.0,6.0546736e-05,0.089923516,-0.022252504,0.000123617,0.0725818,-0.0422629,0.02647933231332831,28.584298850795026,9.33346141486093
PART-PIER-1,401,Pier/C3D8R,-4.5,10.0,80.0,-6.0546736e-05,-0.089923516,-0.022252504,-0.000123617,-0.0725818,-0.0422629,0.02647933231332831,28.584298850795026,9.33346141486093
PART-PIER-1,561,Pier/C3D8R,4.5,10.0,80.0,6.0546736e-05,-0.089923516,-0.022252504,0.000123617,-0.0725818,-0.0422629,0.02647933231332831,28.584298850795026,9.33346141486093
PART-FLOOR-1,69,Floor/S4R,90.0,10.0,0.0,-0.0070779175,0.00012090525,-0.3351718,-0.00411467,0.000167669,-0.308889,0.026449359130885763,7.889524707759249,7.8539502189131225
PART-FLOOR-1,87,Floor/S4R,90.0,-10.0,0.0,-0.0070779175,-0.00012090525,-0.3351718,-0.00411467,-0.000167669,-0.308889,0.026449359130885763,7.889524707759249,7.8539502189131225
PART-FLOOR-1,138,Floor/S4R,-90.0,10.0,0.0,0.0070779175,0.00012090525,-0.3351718,0.00411467,0.000167669,-0.308889,0.026449359130885763,7.889524707759249,7.8539502189131225
PART-FLOOR-1,144,Floor/S4R,-90.0,-10.0,0.0,0.0070779175,-0.00012090525,-0.3351718,0.00411467,-0.000167669,-0.308889,0.026449359130885763,7.889524707759249,7.8539502189131225
PART-PIER-2,6,Pier/C3D8R,-10.0,-20.0,150.0,0.0014542649,0.22852807,0.0016458009,0.00384145,0.212927,-0.0195781,0.026448932062742774,11.573068781378131,6.422956109388833
PART-PIER-2,12,Pier/C3D8R,10.0,-20.0,150.0,-0.0014542649,0.22852807,0.0016458009,-0.00384145,0.212927,-0.0195781,0.026448932062742774,11.573068781378131,6.422956109388833
PART-PIER-1,7,Pier/C3D8R,-10.0,20.0,150.0,0.0014542649,-0.22852807,0.0016458009,0.00384145,-0.212927,-0.0195781,0.026448932062742774,11.573068781378131,6.422956109388833
PART-PIER-1,11,Pier/C3D8R,10.0,20.0,150.0,-0.0014542649,-0.22852807,0.0016458009,-0.00384145,-0.212927,-0.0195781,0.026448932062742774,11.573068781378131,6.422956109388833
PART-PIER-2,117,Pier/C3D8R,-13.75,-20.0,75.0,1.3970481e-06,0.082178175,-0.0072480002,-0.000279874,0.0646285,-0.027015,0.026434910385725242,32.04340798496709,15.090358605824497
PART-PIER-2,215,Pier/C3D8R,13.75,-20.0,75.0,-1.3970481e-06,0.082178175,-0.0072480002,0.000279874,0.0646285,-0.027015,0.026434910385725242,32.04340798496709,15.090358605824497
PART-PIER-1,49,Pier/C3D8R,-13.75,20.0,75.0,1.3970481e-06,-0.082178175,-0.0072480002,-0.000279874,-0.0646285,-0.027015,0.026434910385725242,32.04340798496709,15.090358605824497
PART-PIER-1,244,Pier/C3D8R,13.75,20.0,75.0,-1.3970481e-06,-0.082178175,-0.0072480002,0.000279874,-0.0646285,-0.027015,0.026434910385725242,32.04340798496709,15.090358605824497
PART-PIER-2,399,Pier/C3D8R,-4.58333,-20.0,75.0,-3.319722e-05,0.08244653,-0.007296426,-0.000201815,0.0650199,-0.0271535,0.026420053992263305,31.920317381550085,14.868451632129286
PART-PIER-2,559,Pier/C3D8R,4.58333,-20.0,75.0,3.319722e-05,0.08244653,-0.007296426,0.000201815,0.0650199,-0.0271535,0.026420053992263305,31.920317381550085,14.868451632129286
PART-PIER-1,321,Pier/C3D8R,-4.58333,20.0,75.0,-3.319722e-05,-0.08244653,-0.007296426,-0.000201815,-0.0650199,-0.0271535,0.026420053992263305,31.920317381550085,14.868451632129286
PART-PIER-1,637,Pier/C3D8R,4.58333,20.0,75.0,3.319722e-05,-0.08244653,-0.007296426,0.000201815,-0.0650199,-0.0271535,0.026420053992263305,31.920317381550085,14.868451632129286
PART-PIER-2,50,Pier/C3D8R,-13.5,-10.0,80.0,-0.00040235266,0.08951529,-0.02209954,-0.000889916,0.0721889,-0.0420009,0.02639139326167173,28.62289452274776,9.414699126243834
PART-PIER-2,243,Pier/C3D8R,13.5,-10.0,80.0,0.00040235266,0.08951529,-0.02209954,0.000889916,0.0721889,-0.0420009,0.02639139326167173,28.62289452274776,9.414699126243834
PART-PIER-1,116,Pier/C3D8R,-13.5,10.0,80.0,-0.00040235266,-0.08951529,-0.02209954,-0.000889916,-0.0721889,-0.0420009,0.02639139326167173,28.62289452274776,9.414699126243834
PART-PIER-1,216,Pier/C3D8R,13.5,10.0,80.0,0.00040235266,-0.08951529,-0.02209954,0.000889916,-0.0721889,-0.0420009,0.02639139326167173,28.62289452274776,9.414699126243834
PART-PIER-2,77,Pier/C3D8R,0.0,-10.0,80.0,6.1198956e-16,0.089912124,-0.022052448,-2.30745e-14,0.0726749,-0.0419701,0.026340743201726104,28.45279481222711,9.347502882238452
PART-PIER-1,167,Pier/C3D8R,0.0,10.0,80.0,-1.4273478e-14,-0.089912124,-0.022052448,-8.61219e-14,-0.0726749,-0.0419701,0.026340743201726104,28.45279481222711,9.347502882238452
PART-PIER-2,400,Pier/C3D8R,-9.16667,-20.0,75.0,-3.480348e-05,0.08230128,-0.007224393,-0.000273526,0.0649248,-0.0269813,0.026312248475540895,31.848175819494116,14.89896036962499
PART-PIER-2,560,Pier/C3D8R,9.16667,-20.0,75.0,3.480348e-05,0.08230128,-0.007224393,0.000273526,0.0649248,-0.0269813,0.026312248475540895,31.848175819494116,14.89896036962499
PART-PIER-1,322,Pier/C3D8R,-9.16667,20.0,75.0,-3.480348e-05,-0.08230128,-0.007224393,-0.000273526,-0.0649248,-0.0269813,0.026312248475540895,31.848175819494116,14.89896036962499
PART-PIER-1,638,Pier/C3D8R,9.16667,20.0,75.0,3.480348e-05,-0.08230128,-0.007224393,0.000273526,-0.0649248,-0.0269813,0.026312248475540895,31.848175819494116,14.89896036962499
PART-PIER-2,324,Pier/C3D8R,-9.0,-10.0,80.0,-0.0005463165,0.08980679,-0.022059383,-0.000779453,0.0725649,-0.0419248,0.026305359073459177,28.445001488067657,9.374007520773835
PART-PIER-2,640,Pier/C3D8R,9.0,-10.0,80.0,0.0005463165,0.08980679,-0.022059383,0.000779453,0.0725649,-0.0419248,0.026305359073459177,28.445001488067657,9.374007520773835
PART-PIER-1,402,Pier/C3D8R,-9.0,10.0,80.0,-0.0005463165,-0.08980679,-0.022059383,-0.000779453,-0.0725649,-0.0419248,0.026305359073459177,28.445001488067657,9.374007520773835
PART-PIER-1,562,Pier/C3D8R,9.0,10.0,80.0,0.0005463165,-0.08980679,-0.022059383,0.000779453,-0.0725649,-0.0419248,0.026305359073459177,28.445001488067657,9.374007520773835
PART-PIER-2,166,Pier/C3D8R,0.0,-20.0,75.0,-1.9608256e-15,0.08248749,-0.0072516883,-7.43938e-14,0.0651993,-0.0270646,0.026295113300917657,31.755222553000184,14.747958516626353
PART-PIER-1,78,Pier/C3D8R,0.0,20.0,75.0,-1.2683952e-14,-0.08248749,-0.0072516883,-1.45686e-13,-0.0651993,-0.0270646,0.026295113300917657,31.755222553000184,14.747958516626353
PART-PIER-2,754,Pier/C3D8R,-4.58333,-15.0,75.0,-0.000102159094,0.08254629,-0.0143323,-0.000145159,0.0652526,-0.0339755,0.026171145734339107,31.237434742280495,12.190429964214731
PART-PIER-2,832,Pier/C3D8R,4.58333,-15.0,75.0,0.000102159094,0.08254629,-0.0143323,0.000145159,0.0652526,-0.0339755,0.026171145734339107,31.237434742280495,12.190429964214731
PART-PIER-1,754,Pier/C3D8R,-4.58333,15.0,75.0,-0.000102159094,-0.08254629,-0.0143323,-0.000145159,-0.0652526,-0.0339755,0.026171145734339107,31.237434742280495,12.190429964214731
PART-PIER-1,832,Pier/C3D8R,4.58333,15.0,75.0,0.000102159094,-0.08254629,-0.0143323,0.000145159,-0.0652526,-0.0339755,0.026171145734339107,31.237434742280495,12.190429964214731
PART-PIER-2,453,Pier/C3D8R,0.0,-15.0,75.0,-6.7224574e-16,0.08252314,-0.014419683,-4.70695e-14,0.0652582,-0.0340632,0.02615235961309971,31.217945967177023,12.128025259337791
PART-PIER-1,453,Pier/C3D8R,0.0,15.0,75.0,-1.29063655e-14,-0.08252314,-0.014419683,-1.12466e-13,-0.0652582,-0.0340632,0.02615235961309971,31.217945967177023,12.128025259337791
PART-PIER-2,755,Pier/C3D8R,-9.16667,-15.0,75.0,-0.00015605753,0.08237572,-0.014369661,-0.000432701,0.0651288,-0.0339717,0.02611077773742894,31.225592625314913,12.15281957720146
PART-PIER-2,833,Pier/C3D8R,9.16667,-15.0,75.0,0.00015605753,0.08237572,-0.014369661,0.000432701,0.0651288,-0.0339717,0.02611077773742894,31.225592625314913,12.15281957720146
PART-PIER-1,755,Pier/C3D8R,-9.16667,15.0,75.0,-0.00015605753,-0.08237572,-0.014369661,-0.000432701,-0.0651288,-0.0339717,0.02611077773742894,31.225592625314913,12.15281957720146
PART-PIER-1,833,Pier/C3D8R,9.16667,15.0,75.0,0.00015605753,-0.08237572,-0.014369661,0.000432701,-0.0651288,-0.0339717,0.02611077773742894,31.225592625314913,12.15281957720146
PART-FLOOR-1,294,Floor/S4R,90.0,0.0,0.0,-0.007078502,7.502991e-15,-0.35502446,-0.00413261,-1.66247e-13,-0.329081,0.026110178024043855,7.353011627988542,7.318624519378648
PART-FLOOR-1,393,Floor/S4R,-90.0,0.0,0.0,0.007078502,4.804807e-15,-0.35502446,0.00413261,-2.5877e-13,-0.329081,0.026110178024043855,7.353011627988542,7.318624519378648
PART-PIER-2,492,Pier/C3D8R,-13.75,-15.0,75.0,-0.0004063132,0.08212492,-0.01425031,-0.000775205,0.064835,-0.0337816,0.026087328414972032,31.297371193035854,12.28632028450471
PART-PIER-2,691,Pier/C3D8R,13.75,-15.0,75.0,0.0004063132,0.08212492,-0.01425031,0.000775205,0.064835,-0.0337816,0.026087328414972032,31.297371193035854,12.28632028450471
PART-PIER-1,492,Pier/C3D8R,-13.75,15.0,75.0,-0.0004063132,-0.08212492,-0.01425031,-0.000775205,-0.064835,-0.0337816,0.026087328414972032,31.297371193035854,12.28632028450471
PART-PIER-1,691,Pier/C3D8R,13.75,15.0,75.0,0.0004063132,-0.08212492,-0.01425031,0.000775205,-0.064835,-0.0337816,0.026087328414972032,31.297371193035854,12.28632028450471
PART-PIER-2,64,Pier/C3D8R,0.0,-10.0,145.0,-1.8367679e-15,0.21005748,-0.007991151,-6.1558e-14,0.194005,-0.0285215,0.02606103114253541,12.397650978790075,6.71668323783183
PART-PIER-1,180,Pier/C3D8R,0.0,10.0,145.0,-2.558189e-14,-0.21005748,-0.007991151,-1.89554e-13,-0.194005,-0.0285215,0.02606103114253541,12.397650978790075,6.71668323783183
PART-PIER-2,165,Pier/C3D8R,0.0,-20.0,70.0,-1.788196e-15,0.07558983,-0.007274393,-6.87142e-14,0.0583326,-0.0267172,0.025996821561724597,34.233799127873375,15.511235892959222
PART-PIER-1,79,Pier/C3D8R,0.0,20.0,70.0,-1.1719589e-14,-0.07558983,-0.007274393,-1.35904e-13,-0.0583326,-0.0267172,0.025996821561724597,34.233799127873375,15.511235892959222
PART-PIER-2,398,Pier/C3D8R,-9.33333,-20.0,70.0,-2.5575677e-05,0.07543023,-0.0072223027,-0.000249161,0.0582101,-0.0266253,0.025943383970433935,34.23729897354376,15.525383676256116
PART-PIER-2,558,Pier/C3D8R,9.33333,-20.0,70.0,2.5575677e-05,0.07543023,-0.0072223027,0.000249161,0.0582101,-0.0266253,0.025943383970433935,34.23729897354376,15.525383676256116
PART-PIER-1,320,Pier/C3D8R,-9.33333,20.0,70.0,-2.5575677e-05,-0.07543023,-0.0072223027,-0.000249161,-0.0582101,-0.0266253,0.025943383970433935,34.23729897354376,15.525383676256116
PART-PIER-1,636,Pier/C3D8R,9.33333,20.0,70.0,2.5575677e-05,-0.07543023,-0.0072223027,0.000249161,-0.0582101,-0.0266253,0.025943383970433935,34.23729897354376,15.525383676256116
PART-PIER-2,322,Pier/C3D8R,-9.16667,-10.0,75.0,-0.0002846379,0.08255135,-0.02148551,-0.000602685,0.0653667,-0.0409126,0.025938873827682233,30.408278415731964,9.595503077136392
PART-PIER-2,638,Pier/C3D8R,9.16667,-10.0,75.0,0.0002846379,0.08255135,-0.02148551,0.000602685,0.0653667,-0.0409126,0.025938873827682233,30.408278415731964,9.595503077136392
PART-PIER-1,400,Pier/C3D8R,-9.16667,10.0,75.0,-0.0002846379,-0.08255135,-0.02148551,-0.000602685,-0.0653667,-0.0409126,0.025938873827682233,30.408278415731964,9.595503077136392
PART-PIER-1,560,Pier/C3D8R,9.16667,10.0,75.0,0.0002846379,-0.08255135,-0.02148551,0.000602685,-0.0653667,-0.0409126,0.025938873827682233,30.408278415731964,9.595503077136392
PART-PIER-2,78,Pier/C3D8R,0.0,-10.0,75.0,8.1293934e-16,0.082768954,-0.021548375,-2.26311e-14,0.0656506,-0.0410291,0.025933312364504094,30.321443287728684,9.483430250165007
PART-PIER-1,166,Pier/C3D8R,0.0,10.0,75.0,-1.3562766e-14,-0.082768954,-0.021548375,-7.9858e-14,-0.0656506,-0.0410291,0.025933312364504094,30.321443287728684,9.483430250165007
PART-PIER-2,397,Pier/C3D8R,-4.66667,-20.0,70.0,9.1217566e-07,0.07554481,-0.0072232727,-6.94557e-05,0.0583938,-0.0265977,0.02587528799571147,34.096071153596334,15.447926849974875
PART-PIER-2,557,Pier/C3D8R,4.66667,-20.0,70.0,-9.1217566e-07,0.07554481,-0.0072232727,6.94557e-05,0.0583938,-0.0265977,0.02587528799571147,34.096071153596334,15.447926849974875
PART-PIER-1,635,Pier/C3D8R,4.66667,20.0,70.0,-9.1217566e-07,-0.07554481,-0.0072232727,6.94557e-05,-0.0583938,-0.0265977,0.02587528799571147,34.096071153596334,15.447926849974875
PART-PIER-1,319,Pier/C3D8R,-4.66667,20.0,70.0,9.121756e-07,-0.07554481,-0.0072232727,-6.94557e-05,-0.0583938,-0.0265977,0.025875287995711305,34.09607115359612,15.447926849974875
PART-PIER-2,49,Pier/C3D8R,-13.75,-10.0,75.0,-0.0007237063,0.082408376,-0.021266017,-0.00107289,0.0652111,-0.0405616,0.025849327929105066,30.371259543825786,9.760141992401095
PART-PIER-2,244,Pier/C3D8R,13.75,-10.0,75.0,0.0007237063,0.082408376,-0.021266017,0.00107289,0.0652111,-0.0405616,0.025849327929105066,30.371259543825786,9.760141992401095
PART-PIER-1,117,Pier/C3D8R,-13.75,10.0,75.0,-0.0007237063,-0.082408376,-0.021266017,-0.00107289,-0.0652111,-0.0405616,0.025849327929105066,30.371259543825786,9.760141992401095
PART-PIER-1,215,Pier/C3D8R,13.75,10.0,75.0,0.0007237063,-0.082408376,-0.021266017,0.00107289,-0.0652111,-0.0405616,0.025849327929105066,30.371259543825786,9.760141992401095
PART-PIER-2,321,Pier/C3D8R,-4.58333,-10.0,75.0,-0.00029566235,0.082683966,-0.02131237,-0.000489977,0.0656074,-0.0407094,0.025843599543338786,30.26642724768206,9.573064462305634
PART-PIER-2,637,Pier/C3D8R,4.58333,-10.0,75.0,0.00029566235,0.082683966,-0.02131237,0.000489977,0.0656074,-0.0407094,0.025843599543338786,30.26642724768206,9.573064462305634
PART-PIER-1,399,Pier/C3D8R,-4.58333,10.0,75.0,-0.00029566235,-0.082683966,-0.02131237,-0.000489977,-0.0656074,-0.0407094,0.025843599543338786,30.26642724768206,9.573064462305634
PART-PIER-1,559,Pier/C3D8R,4.58333,10.0,75.0,0.00029566235,-0.082683966,-0.02131237,0.000489977,-0.0656074,-0.0407094,0.025843599543338786,30.26642724768206,9.573064462305634
PART-PIER-2,118,Pier/C3D8R,-14.0,-20.0,70.0,-7.026749e-05,0.07512407,-0.0071560717,-0.000463544,0.0579619,-0.0264255,0.025807084541479283,34.1978004464378,15.584770875145882
PART-PIER-2,214,Pier/C3D8R,14.0,-20.0,70.0,7.026749e-05,0.07512407,-0.0071560717,0.000463544,0.0579619,-0.0264255,0.025807084541479283,34.1978004464378,15.584770875145882
PART-PIER-1,48,Pier/C3D8R,-14.0,20.0,70.0,-7.026749e-05,-0.07512407,-0.0071560717,-0.000463544,-0.0579619,-0.0264255,0.025807084541479283,34.1978004464378,15.584770875145882
PART-PIER-1,245,Pier/C3D8R,14.0,20.0,70.0,7.026749e-05,-0.07512407,-0.0071560717,0.000463544,-0.0579619,-0.0264255,0.025807084541479283,34.1978004464378,15.584770875145882
PART-PIER-2,425,Pier/C3D8R,-3.5,-20.0,140.0,-0.0008490232,0.20498818,-0.009729556,-0.00156999,0.191297,-0.0315635,0.02578156926011755,12.562849771190079,5.521318974003102
PART-PIER-2,585,Pier/C3D8R,3.5,-20.0,140.0,0.0008490232,0.20498818,-0.009729556,0.00156999,0.191297,-0.0315635,0.02578156926011755,12.562849771190079,5.521318974003102
PART-PIER-1,347,Pier/C3D8R,-3.5,20.0,140.0,-0.0008490232,-0.20498818,-0.009729556,-0.00156999,-0.191297,-0.0315635,0.02578156926011755,12.562849771190079,5.521318974003102
PART-PIER-1,663,Pier/C3D8R,3.5,20.0,140.0,0.0008490232,-0.20498818,-0.009729556,0.00156999,-0.191297,-0.0315635,0.02578156926011755,12.562849771190079,5.521318974003102
PART-PIER-2,426,Pier/C3D8R,-7.0,-20.0,140.0,0.0006301326,0.20751642,-0.0026383842,0.000909795,0.19324,-0.0240067,0.025700180917707635,12.383591389194068,6.170804120651228
PART-PIER-2,586,Pier/C3D8R,7.0,-20.0,140.0,-0.0006301326,0.20751642,-0.0026383842,-0.000909795,0.19324,-0.0240067,0.025700180917707635,12.383591389194068,6.170804120651228
PART-PIER-1,348,Pier/C3D8R,-7.0,20.0,140.0,0.0006301326,-0.20751642,-0.0026383842,0.000909795,-0.19324,-0.0240067,0.025700180917707635,12.383591389194068,6.170804120651228
PART-PIER-1,664,Pier/C3D8R,7.0,20.0,140.0,-0.0006301326,-0.20751642,-0.0026383842,-0.000909795,-0.19324,-0.0240067,0.025700180917707635,12.383591389194068,6.170804120651228
PART-PIER-2,753,Pier/C3D8R,-9.33333,-15.0,70.0,-0.00026217254,0.07549572,-0.013885234,-0.000515691,0.0583956,-0.0330112,0.025656986398583853,33.423880736312746,12.610357166028116
PART-PIER-2,831,Pier/C3D8R,9.33333,-15.0,70.0,0.00026217254,0.07549572,-0.013885234,0.000515691,0.0583956,-0.0330112,0.025656986398583853,33.423880736312746,12.610357166028116
PART-PIER-1,753,Pier/C3D8R,-9.33333,15.0,70.0,-0.00026217254,-0.07549572,-0.013885234,-0.000515691,-0.0583956,-0.0330112,0.025656986398583853,33.423880736312746,12.610357166028116
PART-PIER-1,831,Pier/C3D8R,9.33333,15.0,70.0,0.00026217254,-0.07549572,-0.013885234,0.000515691,-0.0583956,-0.0330112,0.025656986398583853,33.423880736312746,12.610357166028116
PART-PIER-2,452,Pier/C3D8R,0.0,-15.0,70.0,-6.045188e-16,0.07569498,-0.01390844,-4.46443e-14,0.0586832,-0.0331012,0.025646884707231008,33.32401708372645,12.456821713345592
PART-PIER-1,452,Pier/C3D8R,0.0,15.0,70.0,-1.2155732e-14,-0.07569498,-0.01390844,-1.04345e-13,-0.0586832,-0.0331012,0.025646884707231008,33.32401708372645,12.456821713345592
PART-PIER-2,491,Pier/C3D8R,-14.0,-15.0,70.0,-0.0002700793,0.075303316,-0.013916809,-0.000685134,0.0581907,-0.0329678,0.025611601957892617,33.44469008245158,12.659778377409097
PART-PIER-2,690,Pier/C3D8R,14.0,-15.0,70.0,0.0002700793,0.075303316,-0.013916809,0.000685134,0.0581907,-0.0329678,0.025611601957892617,33.44469008245158,12.659778377409097
PART-PIER-1,491,Pier/C3D8R,-14.0,15.0,70.0,-0.0002700793,-0.075303316,-0.013916809,-0.000685134,-0.0581907,-0.0329678,0.025611601957892617,33.44469008245158,12.659778377409097
PART-PIER-1,690,Pier/C3D8R,14.0,15.0,70.0,0.0002700793,-0.075303316,-0.013916809,0.000685134,-0.0581907,-0.0329678,0.025611601957892617,33.44469008245158,12.659778377409097
PART-PIER-2,752,Pier/C3D8R,-4.66667,-15.0,70.0,-0.00011197833,0.07559053,-0.013992628,-0.000313405,0.0585878,-0.0331435,0.02561033577516451,33.31434592038078,12.437368196987709
PART-PIER-2,830,Pier/C3D8R,4.66667,-15.0,70.0,0.00011197833,0.07559053,-0.013992628,0.000313405,0.0585878,-0.0331435,0.02561033577516451,33.31434592038078,12.437368196987709
PART-PIER-1,752,Pier/C3D8R,-4.66667,15.0,70.0,-0.00011197833,-0.07559053,-0.013992628,-0.000313405,-0.0585878,-0.0331435,0.02561033577516451,33.31434592038078,12.437368196987709
PART-PIER-1,830,Pier/C3D8R,4.66667,15.0,70.0,0.00011197833,-0.07559053,-0.013992628,0.000313405,-0.0585878,-0.0331435,0.02561033577516451,33.31434592038078,12.437368196987709
PART-PIER-2,395,Pier/C3D8R,-4.75,-20.0,65.0,-3.6130637e-05,0.06898256,-0.0071507036,-0.000204573,0.0520632,-0.0261481,0.02544001150978486,36.682343200307216,15.992598558446863
PART-PIER-2,555,Pier/C3D8R,4.75,-20.0,65.0,3.6130637e-05,0.06898256,-0.0071507036,0.000204573,0.0520632,-0.0261481,0.02544001150978486,36.682343200307216,15.992598558446863
PART-PIER-1,317,Pier/C3D8R,-4.75,20.0,65.0,-3.6130637e-05,-0.06898256,-0.0071507036,-0.000204573,-0.0520632,-0.0261481,0.02544001150978486,36.682343200307216,15.992598558446863
PART-PIER-1,633,Pier/C3D8R,4.75,20.0,65.0,3.6130637e-05,-0.06898256,-0.0071507036,0.000204573,-0.0520632,-0.0261481,0.02544001150978486,36.682343200307216,15.992598558446863
PART-PIER-2,119,Pier/C3D8R,-14.25,-20.0,65.0,-5.8753507e-05,0.06867754,-0.007094429,-0.000424668,0.0516603,-0.0259834,0.025426631237201448,36.827228200149,16.24319602138605
PART-PIER-2,213,Pier/C3D8R,14.25,-20.0,65.0,5.8753507e-05,0.06867754,-0.007094429,0.000424668,0.0516603,-0.0259834,0.025426631237201448,36.827228200149,16.24319602138605
PART-PIER-1,47,Pier/C3D8R,-14.25,20.0,65.0,-5.8753507e-05,-0.06867754,-0.007094429,-0.000424668,-0.0516603,-0.0259834,0.025426631237201448,36.827228200149,16.24319602138605
PART-PIER-1,246,Pier/C3D8R,14.25,20.0,65.0,5.8753507e-05,-0.06867754,-0.007094429,0.000424668,-0.0516603,-0.0259834,0.025426631237201448,36.827228200149,16.24319602138605
PART-PIER-2,319,Pier/C3D8R,-4.66667,-10.0,70.0,-0.00013845762,0.07579528,-0.020820541,-0.000251064,0.0588953,-0.0397406,0.025369088213033946,32.274943609407146,9.609706067994168
PART-PIER-2,635,Pier/C3D8R,4.66667,-10.0,70.0,0.00013845762,0.07579528,-0.020820541,0.000251064,0.0588953,-0.0397406,0.025369088213033946,32.274943609407146,9.609706067994168
PART-PIER-1,397,Pier/C3D8R,-4.66667,10.0,70.0,-0.00013845762,-0.07579528,-0.020820541,-0.000251064,-0.0588953,-0.0397406,0.025369088213033946,32.274943609407146,9.609706067994168
PART-PIER-1,557,Pier/C3D8R,4.66667,10.0,70.0,0.00013845762,-0.07579528,-0.020820541,0.000251064,-0.0588953,-0.0397406,0.025369088213033946,32.274943609407146,9.609706067994168
PART-PIER-2,396,Pier/C3D8R,-9.5,-20.0,65.0,-4.907876e-05,0.06882849,-0.007108974,-0.000318932,0.0519099,-0.0259955,0.02535768863102303,36.646886732954876,16.09749288330342
PART-PIER-2,556,Pier/C3D8R,9.5,-20.0,65.0,4.907876e-05,0.06882849,-0.007108974,0.000318932,0.0519099,-0.0259955,0.02535768863102303,36.646886732954876,16.09749288330342
PART-PIER-1,318,Pier/C3D8R,-9.5,20.0,65.0,-4.907876e-05,-0.06882849,-0.007108974,-0.000318932,-0.0519099,-0.0259955,0.02535768863102303,36.646886732954876,16.09749288330342
PART-PIER-1,634,Pier/C3D8R,9.5,20.0,65.0,4.907876e-05,-0.06882849,-0.007108974,0.000318932,-0.0519099,-0.0259955,0.02535768863102303,36.646886732954876,16.09749288330342
PART-PIER-2,164,Pier/C3D8R,0.0,-20.0,65.0,-1.7332576e-15,0.06902743,-0.0071334443,-6.40497e-14,0.0522174,-0.0260936,0.025338993917855986,36.51412620883545,15.881490452496735
PART-PIER-1,80,Pier/C3D8R,0.0,20.0,65.0,-1.07929734e-14,-0.06902743,-0.0071334443,-1.26154e-13,-0.0522174,-0.0260936,0.025338993917855986,36.51412620883545,15.881490452496735
PART-PIER-2,79,Pier/C3D8R,0.0,-10.0,70.0,9.309464e-16,0.07580782,-0.020607106,-1.91872e-14,0.0589184,-0.0394955,0.025338191250277437,32.25380853037747,9.709032143740998
PART-PIER-1,165,Pier/C3D8R,0.0,10.0,70.0,-1.2611977e-14,-0.07580782,-0.020607106,-7.30177e-14,-0.0589184,-0.0394955,0.025338191250277437,32.25380853037747,9.709032143740998
PART-PIER-2,103,Pier/C3D8R,-10.25,-20.0,145.0,5.2322503e-05,0.2204622,-0.00017445594,-0.00236401,0.207748,-0.0219147,0.02530074615882741,11.476224733674334,5.238193234790326
PART-PIER-2,229,Pier/C3D8R,10.25,-20.0,145.0,-5.2322503e-05,0.2204622,-0.00017445594,0.00236401,0.207748,-0.0219147,0.02530074615882741,11.476224733674334,5.238193234790326
PART-PIER-1,63,Pier/C3D8R,-10.25,20.0,145.0,5.2322503e-05,-0.2204622,-0.00017445594,-0.00236401,-0.207748,-0.0219147,0.02530074615882741,11.476224733674334,5.238193234790326
PART-PIER-1,230,Pier/C3D8R,10.25,20.0,145.0,-5.2322503e-05,-0.2204622,-0.00017445594,0.00236401,-0.207748,-0.0219147,0.02530074615882741,11.476224733674334,5.238193234790326
PART-PIER-2,48,Pier/C3D8R,-14.0,-10.0,70.0,-0.00053756573,0.075369336,-0.020667912,-0.00106095,0.0584612,-0.0394787,0.025298314949211996,32.36998470290842,9.728137909017775
PART-PIER-2,245,Pier/C3D8R,14.0,-10.0,70.0,0.00053756573,0.075369336,-0.020667912,0.00106095,0.0584612,-0.0394787,0.025298314949211996,32.36998470290842,9.728137909017775
PART-PIER-1,118,Pier/C3D8R,-14.0,10.0,70.0,-0.00053756573,-0.075369336,-0.020667912,-0.00106095,-0.0584612,-0.0394787,0.025298314949211996,32.36998470290842,9.728137909017775
PART-PIER-1,214,Pier/C3D8R,14.0,10.0,70.0,0.00053756573,-0.075369336,-0.020667912,0.00106095,-0.0584612,-0.0394787,0.025298314949211996,32.36998470290842,9.728137909017775
PART-PIER-2,320,Pier/C3D8R,-9.33333,-10.0,70.0,-0.0004937288,0.07565979,-0.020569578,-0.000760749,0.0587905,-0.0394116,0.025291619915295896,32.256583465608564,9.724853076359857
PART-PIER-2,636,Pier/C3D8R,9.33333,-10.0,70.0,0.0004937288,0.07565979,-0.020569578,0.000760749,0.0587905,-0.0394116,0.025291619915295896,32.256583465608564,9.724853076359857
PART-PIER-1,398,Pier/C3D8R,-9.33333,10.0,70.0,-0.0004937288,-0.07565979,-0.020569578,-0.000760749,-0.0587905,-0.0394116,0.025291619915295896,32.256583465608564,9.724853076359857
PART-PIER-1,558,Pier/C3D8R,9.33333,10.0,70.0,0.0004937288,-0.07565979,-0.020569578,0.000760749,-0.0587905,-0.0394116,0.025291619915295896,32.256583465608564,9.724853076359857
PART-SUPPORTBEAM-2,138,SupportBeam/B31,-100.0,10.0,-18.75,-0.0037029132,0.0016817527,-0.23552707,0.00886475,0.000113974,-0.213661,0.025269133455773838,10.727160648278174,9.219362050505687
PART-SUPPORTBEAM-2,242,SupportBeam/B31,100.0,10.0,-18.75,0.0037029132,0.0016817527,-0.23552707,-0.00886475,0.000113974,-0.213661,0.025269133455773838,10.727160648278174,9.219362050505687
PART-SUPPORTBEAM-1,138,SupportBeam/B31,-100.0,-10.0,-18.75,-0.0037029132,-0.0016817527,-0.23552707,0.00886475,-0.000113974,-0.213661,0.025269133455773838,10.727160648278174,9.219362050505687
PART-SUPPORTBEAM-1,242,SupportBeam/B31,100.0,-10.0,-18.75,0.0037029132,-0.0016817527,-0.23552707,-0.00886475,-0.000113974,-0.213661,0.025269133455773838,10.727160648278174,9.219362050505687
PART-FLOOR-1,303,Floor/S4R,75.0,0.0,0.0,-0.0054696826,7.782579e-15,-0.4531062,-0.00346169,-1.97363e-13,-0.427989,0.025197336568011607,5.5606171068115815,5.547128232862616
PART-FLOOR-1,384,Floor/S4R,-75.0,0.0,0.0,0.0054696826,5.1141118e-15,-0.4531062,0.00346169,-2.79974e-13,-0.427989,0.025197336568011607,5.5606171068115815,5.547128232862616
PART-PIER-2,7,Pier/C3D8R,-10.0,-10.0,150.0,0.004063223,0.23465252,-0.015989803,0.00707546,0.223017,-0.0381184,0.025182011488421214,10.705191216999213,3.7707463016470757
PART-PIER-2,11,Pier/C3D8R,10.0,-10.0,150.0,-0.004063223,0.23465252,-0.015989803,-0.00707546,0.223017,-0.0381184,0.025182011488421214,10.705191216999213,3.7707463016470757
PART-PIER-1,6,Pier/C3D8R,-10.0,10.0,150.0,0.004063223,-0.23465252,-0.015989803,0.00707546,-0.223017,-0.0381184,0.025182011488421214,10.705191216999213,3.7707463016470757
PART-PIER-1,12,Pier/C3D8R,10.0,10.0,150.0,-0.004063223,-0.23465252,-0.015989803,-0.00707546,-0.223017,-0.0381184,0.025182011488421214,10.705191216999213,3.7707463016470757
PART-SUPPORTBEAM-2,102,SupportBeam/B31,-96.66666,10.0,-2.0,0.005990137,0.00029857614,-0.23735256,0.00354005,0.000150392,-0.212363,0.0251098186739872,10.575746963230488,10.544557463529994
PART-SUPPORTBEAM-2,237,SupportBeam/B31,96.66666,10.0,-2.0,-0.005990137,0.00029857614,-0.23735256,-0.00354005,0.000150392,-0.212363,0.0251098186739872,10.575746963230488,10.544557463529994
PART-SUPPORTBEAM-1,102,SupportBeam/B31,-96.66666,-10.0,-2.0,0.005990137,-0.00029857614,-0.23735256,0.00354005,-0.000150392,-0.212363,0.0251098186739872,10.575746963230488,10.544557463529994
PART-SUPPORTBEAM-1,237,SupportBeam/B31,96.66666,-10.0,-2.0,-0.005990137,-0.00029857614,-0.23735256,-0.00354005,-0.000150392,-0.212363,0.0251098186739872,10.575746963230488,10.544557463529994
PART-PIER-2,750,Pier/C3D8R,-4.75,-15.0,65.0,-0.00011753879,0.069075964,-0.013520419,-0.000210767,0.0522859,-0.0321857,0.02510592869089285,35.66850853378119,12.76985247643985
PART-PIER-2,828,Pier/C3D8R,4.75,-15.0,65.0,0.00011753879,0.069075964,-0.013520419,0.000210767,0.0522859,-0.0321857,0.02510592869089285,35.66850853378119,12.76985247643985
PART-PIER-1,750,Pier/C3D8R,-4.75,15.0,65.0,-0.00011753879,-0.069075964,-0.013520419,-0.000210767,-0.0522859,-0.0321857,0.02510592869089285,35.66850853378119,12.76985247643985
PART-PIER-1,828,Pier/C3D8R,4.75,15.0,65.0,0.00011753879,-0.069075964,-0.013520419,0.000210767,-0.0522859,-0.0321857,0.02510592869089285,35.66850853378119,12.76985247643985
PART-PIER-2,451,Pier/C3D8R,0.0,-15.0,65.0,-3.8541577e-16,0.06906776,-0.013630194,-4.08572e-14,0.0522972,-0.0322692,0.02507317744885231,35.61538914525175,12.710607346799355
PART-PIER-1,451,Pier/C3D8R,0.0,15.0,65.0,-1.1296434e-14,-0.06906776,-0.013630194,-9.64139e-14,-0.0522972,-0.0322692,0.02507317744885231,35.61538914525175,12.710607346799355
PART-PIER-2,490,Pier/C3D8R,-14.25,-15.0,65.0,-0.00039914224,0.068655506,-0.013430172,-0.000830148,0.0518427,-0.0319786,0.025037979008497743,35.790068195569766,12.922112134958791
PART-PIER-2,689,Pier/C3D8R,14.25,-15.0,65.0,0.00039914224,0.068655506,-0.013430172,0.000830148,0.0518427,-0.0319786,0.025037979008497743,35.790068195569766,12.922112134958791
PART-PIER-1,490,Pier/C3D8R,-14.25,15.0,65.0,-0.00039914224,-0.068655506,-0.013430172,-0.000830148,-0.0518427,-0.0319786,0.025037979008497743,35.790068195569766,12.922112134958791
PART-PIER-1,689,Pier/C3D8R,14.25,15.0,65.0,0.00039914224,-0.068655506,-0.013430172,0.000830148,-0.0518427,-0.0319786,0.025037979008497743,35.790068195569766,12.922112134958791
PART-PIER-2,751,Pier/C3D8R,-9.5,-15.0,65.0,-0.0002084749,0.068905674,-0.013570174,-0.000509511,0.0521746,-0.0321699,0.025019377834032068,35.62516028351347,12.718700796109491
PART-PIER-2,829,Pier/C3D8R,9.5,-15.0,65.0,0.0002084749,0.068905674,-0.013570174,0.000509511,0.0521746,-0.0321699,0.025019377834032068,35.62516028351347,12.718700796109491
PART-PIER-1,751,Pier/C3D8R,-9.5,15.0,65.0,-0.0002084749,-0.068905674,-0.013570174,-0.000509511,-0.0521746,-0.0321699,0.025019377834032068,35.62516028351347,12.718700796109491
PART-PIER-1,829,Pier/C3D8R,9.5,15.0,65.0,0.0002084749,-0.068905674,-0.013570174,0.000509511,-0.0521746,-0.0321699,0.025019377834032068,35.62516028351347,12.718700796109491
PART-PIER-2,163,Pier/C3D8R,0.0,-20.0,60.0,-1.6216596e-15,0.062781975,-0.007087641,-5.94165e-14,0.0461307,-0.0255951,0.02489560197629907,39.403758123445066,16.500597419149553
PART-PIER-1,81,Pier/C3D8R,0.0,20.0,60.0,-9.887902e-15,-0.062781975,-0.007087641,-1.16589e-13,-0.0461307,-0.0255951,0.02489560197629907,39.403758123445066,16.500597419149553
PART-PIER-2,394,Pier/C3D8R,-9.66667,-20.0,60.0,-5.832956e-05,0.06261533,-0.007034267,-0.000327399,0.0460245,-0.0255064,0.02483037929678342,39.40752298336946,16.48732059887117
PART-PIER-2,554,Pier/C3D8R,9.66667,-20.0,60.0,5.832956e-05,0.06261533,-0.007034267,0.000327399,0.0460245,-0.0255064,0.02483037929678342,39.40752298336946,16.48732059887117
PART-PIER-1,316,Pier/C3D8R,-9.66667,20.0,60.0,-5.832956e-05,-0.06261533,-0.007034267,-0.000327399,-0.0460245,-0.0255064,0.02483037929678342,39.40752298336946,16.48732059887117
PART-PIER-1,632,Pier/C3D8R,9.66667,20.0,60.0,5.832956e-05,-0.06261533,-0.007034267,0.000327399,-0.0460245,-0.0255064,0.02483037929678342,39.40752298336946,16.48732059887117
PART-PIER-2,393,Pier/C3D8R,-4.83333,-20.0,60.0,-1.9186082e-05,0.0627357,-0.0070637558,-0.0001269,0.0461704,-0.0255127,0.02479484439299518,39.27452913004952,16.44421275032635
PART-PIER-2,553,Pier/C3D8R,4.83333,-20.0,60.0,1.9186082e-05,0.0627357,-0.0070637558,0.0001269,0.0461704,-0.0255127,0.02479484439299518,39.27452913004952,16.44421275032635
PART-PIER-1,315,Pier/C3D8R,-4.83333,20.0,60.0,-1.9186082e-05,-0.0627357,-0.0070637558,-0.0001269,-0.0461704,-0.0255127,0.02479484439299518,39.27452913004952,16.44421275032635
PART-PIER-1,631,Pier/C3D8R,4.83333,20.0,60.0,1.9186082e-05,-0.0627357,-0.0070637558,0.0001269,-0.0461704,-0.0255127,0.02479484439299518,39.27452913004952,16.44421275032635
PART-PIER-2,318,Pier/C3D8R,-9.5,-10.0,65.0,-0.0003713976,0.06909085,-0.020001585,-0.000731713,0.0524599,-0.0383112,0.024737831888389128,34.392127691950094,9.682826823794542
PART-PIER-2,634,Pier/C3D8R,9.5,-10.0,65.0,0.0003713976,0.06909085,-0.020001585,0.000731713,0.0524599,-0.0383112,0.024737831888389128,34.392127691950094,9.682826823794542
PART-PIER-1,396,Pier/C3D8R,-9.5,10.0,65.0,-0.0003713976,-0.06909085,-0.020001585,-0.000731713,-0.0524599,-0.0383112,0.024737831888389128,34.392127691950094,9.682826823794542
PART-PIER-1,556,Pier/C3D8R,9.5,10.0,65.0,0.0003713976,-0.06909085,-0.020001585,0.000731713,-0.0524599,-0.0383112,0.024737831888389128,34.392127691950094,9.682826823794542
PART-PIER-2,120,Pier/C3D8R,-14.5,-20.0,60.0,-9.689989e-05,0.062321085,-0.006992184,-0.000527325,0.0457183,-0.0253256,0.0247376611214682,39.4463414845056,16.655932072575155
PART-PIER-2,212,Pier/C3D8R,14.5,-20.0,60.0,9.689989e-05,0.062321085,-0.006992184,0.000527325,0.0457183,-0.0253256,0.0247376611214682,39.4463414845056,16.655932072575155
PART-PIER-1,46,Pier/C3D8R,-14.5,20.0,60.0,-9.689989e-05,-0.062321085,-0.006992184,-0.000527325,-0.0457183,-0.0253256,0.0247376611214682,39.4463414845056,16.655932072575155
PART-PIER-1,247,Pier/C3D8R,14.5,20.0,60.0,9.689989e-05,-0.062321085,-0.006992184,0.000527325,-0.0457183,-0.0253256,0.0247376611214682,39.4463414845056,16.655932072575155
PART-PIER-2,317,Pier/C3D8R,-4.75,-10.0,65.0,-0.00025994208,0.069221295,-0.019827235,-0.000447198,0.0526337,-0.038165,0.024727656537950074,34.34140217539606,9.706815966992712
PART-PIER-2,633,Pier/C3D8R,4.75,-10.0,65.0,0.00025994208,0.069221295,-0.019827235,0.000447198,0.0526337,-0.038165,0.024727656537950074,34.34140217539606,9.706815966992712
PART-PIER-1,395,Pier/C3D8R,-4.75,10.0,65.0,-0.00025994208,-0.069221295,-0.019827235,-0.000447198,-0.0526337,-0.038165,0.024727656537950074,34.34140217539606,9.706815966992712
PART-PIER-1,555,Pier/C3D8R,4.75,10.0,65.0,0.00025994208,-0.069221295,-0.019827235,0.000447198,-0.0526337,-0.038165,0.024727656537950074,34.34140217539606,9.706815966992712
PART-PIER-2,80,Pier/C3D8R,0.0,-10.0,65.0,8.424427e-16,0.06929056,-0.02005072,-1.7978e-14,0.0527523,-0.0384286,0.024723683324334986,34.27499236272947,9.521229680384105
PART-PIER-1,164,Pier/C3D8R,0.0,10.0,65.0,-1.1702875e-14,-0.06929056,-0.02005072,-6.67192e-14,-0.0527523,-0.0384286,0.024723683324334986,34.27499236272947,9.521229680384105
PART-PIER-2,47,Pier/C3D8R,-14.25,-10.0,65.0,-0.00068780675,0.06892809,-0.019755894,-0.00111062,0.0522388,-0.037974,0.024710535364004388,34.46056966152376,9.921680690644271
PART-PIER-2,246,Pier/C3D8R,14.25,-10.0,65.0,0.00068780675,0.06892809,-0.019755894,0.00111062,0.0522388,-0.037974,0.024710535364004388,34.46056966152376,9.921680690644271
PART-PIER-1,119,Pier/C3D8R,-14.25,10.0,65.0,-0.00068780675,-0.06892809,-0.019755894,-0.00111062,-0.0522388,-0.037974,0.024710535364004388,34.46056966152376,9.921680690644271
PART-PIER-1,213,Pier/C3D8R,14.25,10.0,65.0,0.00068780675,-0.06892809,-0.019755894,0.00111062,-0.0522388,-0.037974,0.024710535364004388,34.46056966152376,9.921680690644271
PART-SUPPORTBEAM-2,124,SupportBeam/B31,-111.53846,10.0,-30.0,-0.010052,0.0025898407,-0.23802994,0.00925522,0.000169449,-0.222982,0.024598120626450882,10.324232390627953,6.330208203772718
PART-SUPPORTBEAM-2,247,SupportBeam/B31,111.53846,10.0,-30.0,0.010052,0.0025898407,-0.23802994,-0.00925522,0.000169449,-0.222982,0.024598120626450882,10.324232390627953,6.330208203772718
PART-SUPPORTBEAM-1,124,SupportBeam/B31,-111.53846,-10.0,-30.0,-0.010052,-0.0025898407,-0.23802994,0.00925522,-0.000169449,-0.222982,0.024598120626450882,10.324232390627953,6.330208203772718
PART-SUPPORTBEAM-1,247,SupportBeam/B31,111.53846,-10.0,-30.0,0.010052,-0.0025898407,-0.23802994,-0.00925522,-0.000169449,-0.222982,0.024598120626450882,10.324232390627953,6.330208203772718
PART-PIER-2,749,Pier/C3D8R,-9.66667,-15.0,60.0,-0.00026737934,0.06269951,-0.013043933,-0.000572876,0.0462044,-0.0311422,0.02448937015369444,38.23923629710123,12.991197177497678
PART-PIER-2,827,Pier/C3D8R,9.66667,-15.0,60.0,0.00026737934,0.06269951,-0.013043933,0.000572876,0.0462044,-0.0311422,0.02448937015369444,38.23923629710123,12.991197177497678
PART-PIER-1,749,Pier/C3D8R,-9.66667,15.0,60.0,-0.00026737934,-0.06269951,-0.013043933,-0.000572876,-0.0462044,-0.0311422,0.02448937015369444,38.23923629710123,12.991197177497678
PART-PIER-1,827,Pier/C3D8R,9.66667,15.0,60.0,0.00026737934,-0.06269951,-0.013043933,0.000572876,-0.0462044,-0.0311422,0.02448937015369444,38.23923629710123,12.991197177497678
PART-PIER-2,450,Pier/C3D8R,0.0,-15.0,60.0,-3.0585079e-16,0.0628974,-0.013075763,-3.77129e-14,0.0465163,-0.031255,0.0244709030301738,38.091641065081404,12.765385051538573
PART-PIER-1,450,Pier/C3D8R,0.0,15.0,60.0,-1.04941055e-14,-0.0628974,-0.013075763,-8.89622e-14,-0.0465163,-0.031255,0.0244709030301738,38.091641065081404,12.765385051538573
PART-PIER-2,748,Pier/C3D8R,-4.83333,-15.0,60.0,-0.00012537737,0.062805295,-0.013160445,-0.00031914,0.0464237,-0.0312751,0.024424064454341633,38.06182700801447,12.767328430665973
PART-PIER-2,826,Pier/C3D8R,4.83333,-15.0,60.0,0.00012537737,0.062805295,-0.013160445,0.00031914,0.0464237,-0.0312751,0.024424064454341633,38.06182700801447,12.767328430665973
PART-PIER-1,748,Pier/C3D8R,-4.83333,15.0,60.0,-0.00012537737,-0.062805295,-0.013160445,-0.00031914,-0.0464237,-0.0312751,0.024424064454341633,38.06182700801447,12.767328430665973
PART-PIER-1,826,Pier/C3D8R,4.83333,15.0,60.0,0.00012537737,-0.062805295,-0.013160445,0.00031914,-0.0464237,-0.0312751,0.024424064454341633,38.06182700801447,12.767328430665973
PART-PIER-2,489,Pier/C3D8R,-14.5,-15.0,60.0,-0.00034481817,0.06249115,-0.013071094,-0.000815111,0.0460205,-0.0310688,0.024401248083466668,38.21983086807895,13.019617627329175
PART-PIER-2,688,Pier/C3D8R,14.5,-15.0,60.0,0.00034481817,0.06249115,-0.013071094,0.000815111,0.0460205,-0.0310688,0.024401248083466668,38.21983086807895,13.019617627329175
PART-PIER-1,489,Pier/C3D8R,-14.5,15.0,60.0,-0.00034481817,-0.06249115,-0.013071094,-0.000815111,-0.0460205,-0.0310688,0.024401248083466668,38.21983086807895,13.019617627329175
PART-PIER-1,688,Pier/C3D8R,14.5,15.0,60.0,0.00034481817,-0.06249115,-0.013071094,0.000815111,-0.0460205,-0.0310688,0.024401248083466668,38.21983086807895,13.019617627329175
PART-PIER-2,391,Pier/C3D8R,-4.91667,-20.0,55.0,-4.4297987e-05,0.05684332,-0.006931739,-0.00021655,0.0406501,-0.0249509,0.024226848905053743,42.30698254093215,16.70705821699812
PART-PIER-2,551,Pier/C3D8R,4.91667,-20.0,55.0,4.4297987e-05,0.05684332,-0.006931739,0.00021655,0.0406501,-0.0249509,0.024226848905053743,42.30698254093215,16.70705821699812
PART-PIER-1,313,Pier/C3D8R,-4.91667,20.0,55.0,-4.4297987e-05,-0.05684332,-0.006931739,-0.00021655,-0.0406501,-0.0249509,0.024226848905053743,42.30698254093215,16.70705821699812
PART-PIER-1,629,Pier/C3D8R,4.91667,20.0,55.0,4.4297987e-05,-0.05684332,-0.006931739,0.00021655,-0.0406501,-0.0249509,0.024226848905053743,42.30698254093215,16.70705821699812
PART-PIER-2,121,Pier/C3D8R,-14.75,-20.0,55.0,-0.00010560425,0.056510784,-0.006859883,-0.00055135,0.0402418,-0.024758,0.0241913439438901,42.49633202987043,16.995194869400652
PART-PIER-2,211,Pier/C3D8R,14.75,-20.0,55.0,0.00010560425,0.056510784,-0.006859883,0.00055135,0.0402418,-0.024758,0.0241913439438901,42.49633202987043,16.995194869400652
PART-PIER-1,45,Pier/C3D8R,-14.75,20.0,55.0,-0.00010560425,-0.056510784,-0.006859883,-0.00055135,-0.0402418,-0.024758,0.0241913439438901,42.49633202987043,16.995194869400652
PART-PIER-1,248,Pier/C3D8R,14.75,20.0,55.0,0.00010560425,-0.056510784,-0.006859883,0.00055135,-0.0402418,-0.024758,0.0241913439438901,42.49633202987043,16.995194869400652
PART-PIER-2,392,Pier/C3D8R,-9.83333,-20.0,55.0,-7.277486e-05,0.056688424,-0.0069046076,-0.000378373,0.0404524,-0.0248138,0.024175215365575656,42.3328867718995,16.896899103317843
PART-PIER-2,552,Pier/C3D8R,9.83333,-20.0,55.0,7.277486e-05,0.056688424,-0.0069046076,0.000378373,0.0404524,-0.0248138,0.024175215365575656,42.3328867718995,16.896899103317843
PART-PIER-1,314,Pier/C3D8R,-9.83333,20.0,55.0,-7.277486e-05,-0.056688424,-0.0069046076,-0.000378373,-0.0404524,-0.0248138,0.024175215365575656,42.3328867718995,16.896899103317843
PART-PIER-1,630,Pier/C3D8R,9.83333,20.0,55.0,7.277486e-05,-0.056688424,-0.0069046076,0.000378373,-0.0404524,-0.0248138,0.024175215365575656,42.3328867718995,16.896899103317843
PART-PIER-2,162,Pier/C3D8R,0.0,-20.0,55.0,-1.3647428e-15,0.056889076,-0.0069407956,-5.48259e-14,0.0407929,-0.0249442,0.02414972984968808,42.138094498332165,16.56913698445706
PART-PIER-1,82,Pier/C3D8R,0.0,20.0,55.0,-9.162711e-15,-0.056889076,-0.0069407956,-1.07903e-13,-0.0407929,-0.0249442,0.02414972984968808,42.138094498332165,16.56913698445706
PART-PIER-2,272,Pier/C3D8R,-6.66667,-15.0,150.0,-0.00070248405,0.2314409,-0.010022953,-0.00162563,0.217429,-0.0296568,0.024138630617216262,10.419902374235514,5.270954507186207
PART-PIER-2,510,Pier/C3D8R,6.66667,-15.0,150.0,0.00070248405,0.2314409,-0.010022953,0.00162563,0.217429,-0.0296568,0.024138630617216262,10.419902374235514,5.270954507186207
PART-PIER-1,272,Pier/C3D8R,-6.66667,15.0,150.0,-0.00070248405,-0.2314409,-0.010022953,-0.00162563,-0.217429,-0.0296568,0.024138630617216262,10.419902374235514,5.270954507186207
PART-PIER-1,510,Pier/C3D8R,6.66667,15.0,150.0,0.00070248405,-0.2314409,-0.010022953,0.00162563,-0.217429,-0.0296568,0.024138630617216262,10.419902374235514,5.270954507186207
PART-PIER-2,81,Pier/C3D8R,0.0,-10.0,60.0,8.7603435e-16,0.06303977,-0.01911779,-1.5665e-14,0.0467269,-0.0368742,0.024112233901590285,36.60306698520844,9.640808801455774
PART-PIER-1,163,Pier/C3D8R,0.0,10.0,60.0,-1.0879872e-14,-0.06303977,-0.01911779,-6.01885e-14,-0.0467269,-0.0368742,0.024112233901590285,36.60306698520844,9.640808801455774
PART-PIER-2,315,Pier/C3D8R,-4.83333,-10.0,60.0,-0.00018740821,0.06301246,-0.019297656,-0.000343735,0.0467788,-0.0370512,0.024057108712827648,36.504657481559946,9.447397140336644
PART-PIER-2,631,Pier/C3D8R,4.83333,-10.0,60.0,0.00018740821,0.06301246,-0.019297656,0.000343735,0.0467788,-0.0370512,0.024057108712827648,36.504657481559946,9.447397140336644
PART-PIER-1,393,Pier/C3D8R,-4.83333,10.0,60.0,-0.00018740821,-0.06301246,-0.019297656,-0.000343735,-0.0467788,-0.0370512,0.024057108712827648,36.504657481559946,9.447397140336644
PART-PIER-1,553,Pier/C3D8R,4.83333,10.0,60.0,0.00018740821,-0.06301246,-0.019297656,0.000343735,-0.0467788,-0.0370512,0.024057108712827648,36.504657481559946,9.447397140336644
PART-PIER-2,316,Pier/C3D8R,-9.66667,-10.0,60.0,-0.00047325564,0.06286988,-0.01907075,-0.000774447,0.0466009,-0.0367825,0.024051538714565408,36.607916894899695,9.630103988527356
PART-PIER-2,632,Pier/C3D8R,9.66667,-10.0,60.0,0.00047325564,0.06286988,-0.01907075,0.000774447,0.0466009,-0.0367825,0.024051538714565408,36.607916894899695,9.630103988527356
PART-PIER-1,394,Pier/C3D8R,-9.66667,10.0,60.0,-0.00047325564,-0.06286988,-0.01907075,-0.000774447,-0.0466009,-0.0367825,0.024051538714565408,36.607916894899695,9.630103988527356
PART-PIER-1,554,Pier/C3D8R,9.66667,10.0,60.0,0.00047325564,-0.06286988,-0.01907075,0.000774447,-0.0466009,-0.0367825,0.024051538714565408,36.607916894899695,9.630103988527356
PART-FLOOR-1,290,Floor/S4R,95.0,-5.0,0.0,-0.007382157,-3.1662585e-05,-0.30248502,-0.0043513,-0.000130883,-0.278659,0.024018225743913765,7.937938913634081,7.892945668986058
PART-FLOOR-1,292,Floor/S4R,95.0,5.0,0.0,-0.007382157,3.1662585e-05,-0.30248502,-0.0043513,0.000130883,-0.278659,0.024018225743913765,7.937938913634081,7.892945668986058
PART-FLOOR-1,395,Floor/S4R,-95.0,-5.0,0.0,0.007382157,-3.1662585e-05,-0.30248502,0.0043513,-0.000130883,-0.278659,0.024018225743913765,7.937938913634081,7.892945668986058
PART-FLOOR-1,397,Floor/S4R,-95.0,5.0,0.0,0.007382157,3.1662585e-05,-0.30248502,0.0043513,0.000130883,-0.278659,0.024018225743913765,7.937938913634081,7.892945668986058
PART-PIER-2,46,Pier/C3D8R,-14.5,-10.0,60.0,-0.0006322873,0.06258538,-0.019157173,-0.0012047,0.0463211,-0.0367901,0.023995303182182345,36.65936547359267,9.607919069938038
PART-PIER-2,247,Pier/C3D8R,14.5,-10.0,60.0,0.0006322873,0.06258538,-0.019157173,0.0012047,0.0463211,-0.0367901,0.023995303182182345,36.65936547359267,9.607919069938038
PART-PIER-1,120,Pier/C3D8R,-14.5,10.0,60.0,-0.0006322873,-0.06258538,-0.019157173,-0.0012047,-0.0463211,-0.0367901,0.023995303182182345,36.65936547359267,9.607919069938038
PART-PIER-1,212,Pier/C3D8R,14.5,10.0,60.0,0.0006322873,-0.06258538,-0.019157173,0.0012047,-0.0463211,-0.0367901,0.023995303182182345,36.65936547359267,9.607919069938038
PART-PIER-2,746,Pier/C3D8R,-4.91667,-15.0,55.0,-0.00012939436,0.05693892,-0.012649041,-0.00026749,0.0408701,-0.0302332,0.02382076183364982,40.83992575971565,12.840217561332695
PART-PIER-2,824,Pier/C3D8R,4.91667,-15.0,55.0,0.00012939436,0.05693892,-0.012649041,0.00026749,0.0408701,-0.0302332,0.02382076183364982,40.83992575971565,12.840217561332695
PART-PIER-1,746,Pier/C3D8R,-4.91667,15.0,55.0,-0.00012939436,-0.05693892,-0.012649041,-0.00026749,-0.0408701,-0.0302332,0.02382076183364982,40.83992575971565,12.840217561332695
PART-PIER-1,824,Pier/C3D8R,4.91667,15.0,55.0,0.00012939436,-0.05693892,-0.012649041,0.00026749,-0.0408701,-0.0302332,0.02382076183364982,40.83992575971565,12.840217561332695
PART-PIER-2,782,Pier/C3D8R,-3.41667,-15.0,145.0,-0.0018399628,0.21858588,-0.023425482,-0.00310819,0.204455,-0.0425228,0.023790706685559892,10.821570508670332,4.999854590034049
PART-PIER-2,860,Pier/C3D8R,3.41667,-15.0,145.0,0.0018399628,0.21858588,-0.023425482,0.00310819,0.204455,-0.0425228,0.023790706685559892,10.821570508670332,4.999854590034049
PART-PIER-1,782,Pier/C3D8R,-3.41667,15.0,145.0,-0.0018399628,-0.21858588,-0.023425482,-0.00310819,-0.204455,-0.0425228,0.023790706685559892,10.821570508670332,4.999854590034049
PART-PIER-1,860,Pier/C3D8R,3.41667,15.0,145.0,0.0018399628,-0.21858588,-0.023425482,0.00310819,-0.204455,-0.0425228,0.023790706685559892,10.821570508670332,4.999854590034049
PART-PIER-2,449,Pier/C3D8R,0.0,-15.0,55.0,-3.3805884e-16,0.056946024,-0.012749251,-3.44006e-14,0.0408873,-0.0302897,0.023781294490203365,40.75227593265603,12.802848366981468
PART-PIER-1,449,Pier/C3D8R,0.0,15.0,55.0,-9.5166345e-15,-0.056946024,-0.012749251,-8.08854e-14,-0.0408873,-0.0302897,0.023781294490203365,40.75227593265603,12.802848366981468
PART-SUPPORTBEAM-2,137,SupportBeam/B31,-100.0,10.0,-15.0,-0.001253242,0.0013726411,-0.23543544,0.00797948,0.000125588,-0.21357,0.023767535912607832,10.094824836589908,9.226753992130204
PART-SUPPORTBEAM-2,241,SupportBeam/B31,100.0,10.0,-15.0,0.001253242,0.0013726411,-0.23543544,-0.00797948,0.000125588,-0.21357,0.023767535912607832,10.094824836589908,9.226753992130204
PART-SUPPORTBEAM-1,137,SupportBeam/B31,-100.0,-10.0,-15.0,-0.001253242,-0.0013726411,-0.23543544,0.00797948,-0.000125588,-0.21357,0.023767535912607832,10.094824836589908,9.226753992130204
PART-SUPPORTBEAM-1,241,SupportBeam/B31,100.0,-10.0,-15.0,0.001253242,-0.0013726411,-0.23543544,-0.00797948,-0.000125588,-0.21357,0.023767535912607832,10.094824836589908,9.226753992130204
PART-PIER-2,488,Pier/C3D8R,-14.75,-15.0,55.0,-0.00041224976,0.0565201,-0.012556144,-0.000905811,0.0404043,-0.0300121,0.02376284941271914,41.04156772654047,13.057251148344385
PART-PIER-2,687,Pier/C3D8R,14.75,-15.0,55.0,0.00041224976,0.0565201,-0.012556144,0.000905811,0.0404043,-0.0300121,0.02376284941271914,41.04156772654047,13.057251148344385
PART-PIER-1,488,Pier/C3D8R,-14.75,15.0,55.0,-0.00041224976,-0.0565201,-0.012556144,-0.000905811,-0.0404043,-0.0300121,0.02376284941271914,41.04156772654047,13.057251148344385
PART-PIER-1,687,Pier/C3D8R,14.75,15.0,55.0,0.00041224976,-0.0565201,-0.012556144,0.000905811,-0.0404043,-0.0300121,0.02376284941271914,41.04156772654047,13.057251148344385
PART-FLOOR-1,72,Floor/S4R,75.0,10.0,0.0,-0.005456543,0.00034509005,-0.46000576,-0.00346409,0.000130067,-0.436339,0.023751455382077975,5.162930548002236,5.148589468045282
PART-FLOOR-1,84,Floor/S4R,75.0,-10.0,0.0,-0.005456543,-0.00034509005,-0.46000576,-0.00346409,-0.000130067,-0.436339,0.023751455382077975,5.162930548002236,5.148589468045282
PART-FLOOR-1,135,Floor/S4R,-75.0,10.0,0.0,0.005456543,0.00034509005,-0.46000576,0.00346409,0.000130067,-0.436339,0.023751455382077975,5.162930548002236,5.148589468045282
PART-FLOOR-1,147,Floor/S4R,-75.0,-10.0,0.0,0.005456543,-0.00034509005,-0.46000576,0.00346409,-0.000130067,-0.436339,0.023751455382077975,5.162930548002236,5.148589468045282
PART-PIER-2,747,Pier/C3D8R,-9.83333,-15.0,55.0,-0.00025142694,0.056770783,-0.012692757,-0.000581042,0.0407788,-0.0301986,0.023713007095278255,40.76295021343236,12.76620606299937
PART-PIER-2,825,Pier/C3D8R,9.83333,-15.0,55.0,0.00025142694,0.056770783,-0.012692757,0.000581042,0.0407788,-0.0301986,0.023713007095278255,40.76295021343236,12.76620606299937
PART-PIER-1,747,Pier/C3D8R,-9.83333,15.0,55.0,-0.00025142694,-0.056770783,-0.012692757,-0.000581042,-0.0407788,-0.0301986,0.023713007095278255,40.76295021343236,12.76620606299937
PART-PIER-1,825,Pier/C3D8R,9.83333,15.0,55.0,0.00025142694,-0.056770783,-0.012692757,0.000581042,-0.0407788,-0.0301986,0.023713007095278255,40.76295021343236,12.76620606299937
PART-PIER-2,161,Pier/C3D8R,0.0,-20.0,50.0,-1.444432e-15,0.051292554,-0.006815711,-5.04498e-14,0.0354516,-0.0242716,0.02357209970304803,45.55575628872854,16.966719799990468
PART-PIER-1,83,Pier/C3D8R,0.0,20.0,50.0,-8.2224775e-15,-0.051292554,-0.006815711,-9.89025e-14,-0.0354516,-0.0242716,0.02357209970304803,45.55575628872854,16.966719799990468
PART-PIER-2,389,Pier/C3D8R,-5.0,-20.0,50.0,-3.6915746e-05,0.0512437,-0.006810526,-0.00018067,0.0354811,-0.0242381,0.023498948052434583,45.45751599632002,16.87659941436792
PART-PIER-2,549,Pier/C3D8R,5.0,-20.0,50.0,3.6915746e-05,0.0512437,-0.006810526,0.00018067,0.0354811,-0.0242381,0.023498948052434583,45.45751599632002,16.87659941436792
PART-PIER-1,311,Pier/C3D8R,-5.0,20.0,50.0,-3.6915746e-05,-0.0512437,-0.006810526,-0.00018067,-0.0354811,-0.0242381,0.023498948052434583,45.45751599632002,16.87659941436792
PART-PIER-1,627,Pier/C3D8R,5.0,20.0,50.0,3.6915746e-05,-0.0512437,-0.006810526,0.00018067,-0.0354811,-0.0242381,0.023498948052434583,45.45751599632002,16.87659941436792
PART-PIER-2,390,Pier/C3D8R,-10.0,-20.0,50.0,-8.622953e-05,0.051113512,-0.00676498,-0.000399343,0.0353685,-0.0241998,0.02349417781829446,45.567276158261464,16.87831003892647
PART-PIER-2,550,Pier/C3D8R,10.0,-20.0,50.0,8.622953e-05,0.051113512,-0.00676498,0.000399343,0.0353685,-0.0241998,0.02349417781829446,45.567276158261464,16.87831003892647
PART-PIER-1,312,Pier/C3D8R,-10.0,20.0,50.0,-8.622953e-05,-0.051113512,-0.00676498,-0.000399343,-0.0353685,-0.0241998,0.02349417781829446,45.567276158261464,16.87831003892647
PART-PIER-1,628,Pier/C3D8R,10.0,20.0,50.0,8.622953e-05,-0.051113512,-0.00676498,0.000399343,-0.0353685,-0.0241998,0.02349417781829446,45.567276158261464,16.87831003892647
PART-PIER-2,122,Pier/C3D8R,-15.0,-20.0,50.0,-0.00013467221,0.050828762,-0.0067353146,-0.000607815,0.0350012,-0.0240301,0.023448777899831498,45.732970345653555,17.187687358635987
PART-PIER-2,210,Pier/C3D8R,15.0,-20.0,50.0,0.00013467221,0.050828762,-0.0067353146,0.000607815,0.0350012,-0.0240301,0.023448777899831498,45.732970345653555,17.187687358635987
PART-PIER-1,44,Pier/C3D8R,-15.0,20.0,50.0,-0.00013467221,-0.050828762,-0.0067353146,-0.000607815,-0.0350012,-0.0240301,0.023448777899831498,45.732970345653555,17.187687358635987
PART-PIER-1,249,Pier/C3D8R,15.0,20.0,50.0,0.00013467221,-0.050828762,-0.0067353146,0.000607815,-0.0350012,-0.0240301,0.023448777899831498,45.732970345653555,17.187687358635987
PART-PIER-2,313,Pier/C3D8R,-4.91667,-10.0,55.0,-0.00024711227,0.05710059,-0.018330691,-0.000430926,0.0412186,-0.0354946,0.023385276692990346,38.99413582745743,9.295020933593227
PART-PIER-2,629,Pier/C3D8R,4.91667,-10.0,55.0,0.00024711227,0.05710059,-0.018330691,0.000430926,0.0412186,-0.0354946,0.023385276692990346,38.99413582745743,9.295020933593227
PART-PIER-1,391,Pier/C3D8R,-4.91667,10.0,55.0,-0.00024711227,-0.05710059,-0.018330691,-0.000430926,-0.0412186,-0.0354946,0.023385276692990346,38.99413582745743,9.295020933593227
PART-PIER-1,551,Pier/C3D8R,4.91667,10.0,55.0,0.00024711227,-0.05710059,-0.018330691,0.000430926,-0.0412186,-0.0354946,0.023385276692990346,38.99413582745743,9.295020933593227
PART-PIER-2,45,Pier/C3D8R,-14.75,-10.0,55.0,-0.0006881731,0.056779783,-0.018232256,-0.00117445,0.0408141,-0.0352658,0.02335125521422561,39.15421521846403,9.535546639880716
PART-PIER-2,248,Pier/C3D8R,14.75,-10.0,55.0,0.0006881731,0.056779783,-0.018232256,0.00117445,0.0408141,-0.0352658,0.02335125521422561,39.15421521846403,9.535546639880716
PART-PIER-1,121,Pier/C3D8R,-14.75,10.0,55.0,-0.0006881731,-0.056779783,-0.018232256,-0.00117445,-0.0408141,-0.0352658,0.02335125521422561,39.15421521846403,9.535546639880716
PART-PIER-1,211,Pier/C3D8R,14.75,10.0,55.0,0.0006881731,-0.056779783,-0.018232256,0.00117445,-0.0408141,-0.0352658,0.02335125521422561,39.15421521846403,9.535546639880716
PART-PIER-2,314,Pier/C3D8R,-9.83333,-10.0,55.0,-0.0004329366,0.05696521,-0.018458385,-0.000841543,0.041106,-0.0355546,0.023322994411962755,38.947817670235466,9.229687337207752
PART-PIER-2,630,Pier/C3D8R,9.83333,-10.0,55.0,0.0004329366,0.05696521,-0.018458385,0.000841543,0.041106,-0.0355546,0.023322994411962755,38.947817670235466,9.229687337207752
PART-PIER-1,392,Pier/C3D8R,-9.83333,10.0,55.0,-0.0004329366,-0.05696521,-0.018458385,-0.000841543,-0.041106,-0.0355546,0.023322994411962755,38.947817670235466,9.229687337207752
PART-PIER-1,552,Pier/C3D8R,9.83333,10.0,55.0,0.0004329366,-0.05696521,-0.018458385,0.000841543,-0.041106,-0.0355546,0.023322994411962755,38.947817670235466,9.229687337207752
PART-PIER-2,82,Pier/C3D8R,0.0,-10.0,55.0,1.0143254e-15,0.057161354,-0.018511295,-1.41603e-14,0.0414213,-0.0356935,0.023301876932662332,38.78215912123641,8.996411165944288
PART-PIER-1,162,Pier/C3D8R,0.0,10.0,55.0,-1.0127594e-14,-0.057161354,-0.018511295,-5.48738e-14,-0.0414213,-0.0356935,0.023301876932662332,38.78215912123641,8.996411165944288
PART-PIER-2,745,Pier/C3D8R,-10.0,-15.0,50.0,-0.00028220957,0.051213257,-0.012149071,-0.000639549,0.0355347,-0.0291091,0.02309951135308543,43.88594938963775,12.720622290176278
PART-PIER-2,823,Pier/C3D8R,10.0,-15.0,50.0,0.00028220957,0.051213257,-0.012149071,0.000639549,0.0355347,-0.0291091,0.02309951135308543,43.88594938963775,12.720622290176278
PART-PIER-1,745,Pier/C3D8R,-10.0,15.0,50.0,-0.00028220957,-0.051213257,-0.012149071,-0.000639549,-0.0355347,-0.0291091,0.02309951135308543,43.88594938963775,12.720622290176278
PART-PIER-1,823,Pier/C3D8R,10.0,15.0,50.0,0.00028220957,-0.051213257,-0.012149071,0.000639549,-0.0355347,-0.0291091,0.02309951135308543,43.88594938963775,12.720622290176278
PART-PIER-2,448,Pier/C3D8R,0.0,-15.0,50.0,-8.1674537e-17,0.051411517,-0.012193137,-3.15132e-14,0.0358804,-0.0292584,0.023074635349813393,43.67082521117311,12.37784153870766
PART-PIER-1,448,Pier/C3D8R,0.0,15.0,50.0,-8.84752e-15,-0.051411517,-0.012193137,-7.39346e-14,-0.0358804,-0.0292584,0.023074635349813393,43.67082521117311,12.37784153870766
PART-PIER-2,180,Pier/C3D8R,0.0,-20.0,145.0,-4.9229995e-15,0.22702451,0.01012533,-1.40672e-13,0.214791,-0.00940834,0.023048276087139358,10.142247067687421,5.391959667030817
PART-PIER-1,64,Pier/C3D8R,0.0,20.0,145.0,-2.4703032e-14,-0.22702451,0.01012533,-2.91383e-13,-0.214791,-0.00940834,0.023048276087139358,10.142247067687421,5.391959667030817
PART-PIER-2,744,Pier/C3D8R,-5.0,-15.0,50.0,-0.00014073319,0.05133085,-0.012259089,-0.000331901,0.0357889,-0.029236,0.02301747731694334,43.61466622485476,12.432112334388927
PART-PIER-2,822,Pier/C3D8R,5.0,-15.0,50.0,0.00014073319,0.05133085,-0.012259089,0.000331901,0.0357889,-0.029236,0.02301747731694334,43.61466622485476,12.432112334388927
PART-PIER-1,744,Pier/C3D8R,-5.0,15.0,50.0,-0.00014073319,-0.05133085,-0.012259089,-0.000331901,-0.0357889,-0.029236,0.02301747731694334,43.61466622485476,12.432112334388927
PART-PIER-1,822,Pier/C3D8R,5.0,15.0,50.0,0.00014073319,-0.05133085,-0.012259089,0.000331901,-0.0357889,-0.029236,0.02301747731694334,43.61466622485476,12.432112334388927
PART-PIER-2,487,Pier/C3D8R,-15.0,-15.0,50.0,-0.00040566424,0.050990447,-0.012155967,-0.000936528,0.035381,-0.0290047,0.022974256368439423,43.826464252971256,12.706950121501922
PART-PIER-2,686,Pier/C3D8R,15.0,-15.0,50.0,0.00040566424,0.050990447,-0.012155967,0.000936528,0.035381,-0.0290047,0.022974256368439423,43.826464252971256,12.706950121501922
PART-PIER-1,487,Pier/C3D8R,-15.0,15.0,50.0,-0.00040566424,-0.050990447,-0.012155967,-0.000936528,-0.035381,-0.0290047,0.022974256368439423,43.826464252971256,12.706950121501922
PART-PIER-1,686,Pier/C3D8R,15.0,15.0,50.0,0.00040566424,-0.050990447,-0.012155967,0.000936528,-0.035381,-0.0290047,0.022974256368439423,43.826464252971256,12.706950121501922
PART-SUPPORTBEAM-2,125,SupportBeam/B31,-115.38461,10.0,-30.0,-0.010161106,0.002584241,-0.23940845,0.00817291,0.000196135,-0.225899,0.022898568345160627,9.55548622007768,5.671488317357283
PART-SUPPORTBEAM-2,248,SupportBeam/B31,115.38461,10.0,-30.0,0.010161106,0.002584241,-0.23940845,-0.00817291,0.000196135,-0.225899,0.022898568345160627,9.55548622007768,5.671488317357283
PART-SUPPORTBEAM-1,125,SupportBeam/B31,-115.38461,-10.0,-30.0,-0.010161106,-0.002584241,-0.23940845,0.00817291,-0.000196135,-0.225899,0.022898568345160627,9.55548622007768,5.671488317357283
PART-SUPPORTBEAM-1,248,SupportBeam/B31,115.38461,-10.0,-30.0,0.010161106,-0.002584241,-0.23940845,-0.00817291,-0.000196135,-0.225899,0.022898568345160627,9.55548622007768,5.671488317357283
PART-PIER-2,387,Pier/C3D8R,-5.08333,-20.0,45.0,-5.4669676e-05,0.045989584,-0.0066333055,-0.000233296,0.030735,-0.0235589,0.02278617979291641,49.03888823301414,16.656128736219504
PART-PIER-2,547,Pier/C3D8R,5.08333,-20.0,45.0,5.4669676e-05,0.045989584,-0.0066333055,0.000233296,0.030735,-0.0235589,0.02278617979291641,49.03888823301414,16.656128736219504
PART-PIER-1,309,Pier/C3D8R,-5.08333,20.0,45.0,-5.4669676e-05,-0.045989584,-0.0066333055,-0.000233296,-0.030735,-0.0235589,0.02278617979291641,49.03888823301414,16.656128736219504
PART-PIER-1,625,Pier/C3D8R,5.08333,20.0,45.0,5.4669676e-05,-0.045989584,-0.0066333055,0.000233296,-0.030735,-0.0235589,0.02278617979291641,49.03888823301414,16.656128736219504
PART-PIER-2,388,Pier/C3D8R,-10.16667,-20.0,45.0,-0.0001010736,0.045835227,-0.0066103837,-0.000447147,0.0304914,-0.0234398,0.022776787455715135,49.18376908773137,16.945196958086704
PART-PIER-2,548,Pier/C3D8R,10.16667,-20.0,45.0,0.0001010736,0.045835227,-0.0066103837,0.000447147,0.0304914,-0.0234398,0.022776787455715135,49.18376908773137,16.945196958086704
PART-PIER-1,310,Pier/C3D8R,-10.16667,20.0,45.0,-0.0001010736,-0.045835227,-0.0066103837,-0.000447147,-0.0304914,-0.0234398,0.022776787455715135,49.18376908773137,16.945196958086704
PART-PIER-1,626,Pier/C3D8R,10.16667,20.0,45.0,0.0001010736,-0.045835227,-0.0066103837,0.000447147,-0.0304914,-0.0234398,0.022776787455715135,49.18376908773137,16.945196958086704
PART-PIER-2,160,Pier/C3D8R,0.0,-20.0,45.0,-1.2549477e-15,0.046036005,-0.006657228,-4.6211e-14,0.0308722,-0.0236155,0.022749153199712928,48.90727809784528,16.437864830029632
PART-PIER-1,84,Pier/C3D8R,0.0,20.0,45.0,-7.555301e-15,-0.046036005,-0.006657228,-9.00057e-14,-0.0308722,-0.0236155,0.022749153199712928,48.90727809784528,16.437864830029632
PART-PIER-2,123,Pier/C3D8R,-15.25,-20.0,45.0,-0.0001476793,0.04563398,-0.006547909,-0.000674703,0.0303314,-0.0233491,0.02273162395552158,49.30767364141736,16.95831519917222
PART-PIER-2,209,Pier/C3D8R,15.25,-20.0,45.0,0.0001476793,0.04563398,-0.006547909,0.000674703,0.0303314,-0.0233491,0.02273162395552158,49.30767364141736,16.95831519917222
PART-PIER-1,43,Pier/C3D8R,-15.25,20.0,45.0,-0.0001476793,-0.04563398,-0.006547909,-0.000674703,-0.0303314,-0.0233491,0.02273162395552158,49.30767364141736,16.95831519917222
PART-PIER-1,250,Pier/C3D8R,15.25,20.0,45.0,0.0001476793,-0.04563398,-0.006547909,0.000674703,-0.0303314,-0.0233491,0.02273162395552158,49.30767364141736,16.95831519917222
PART-SUPPORTBEAM-2,136,SupportBeam/B31,-100.0,10.0,-11.25,0.0012326252,0.0010629105,-0.23533837,0.00714532,0.000137581,-0.213473,0.02266959637308122,9.632536430253849,9.242387466244955
PART-SUPPORTBEAM-2,240,SupportBeam/B31,100.0,10.0,-11.25,-0.0012326252,0.0010629105,-0.23533837,-0.00714532,0.000137581,-0.213473,0.02266959637308122,9.632536430253849,9.242387466244955
PART-SUPPORTBEAM-1,136,SupportBeam/B31,-100.0,-10.0,-11.25,0.0012326252,-0.0010629105,-0.23533837,0.00714532,-0.000137581,-0.213473,0.02266959637308122,9.632536430253849,9.242387466244955
PART-SUPPORTBEAM-1,240,SupportBeam/B31,100.0,-10.0,-11.25,-0.0012326252,-0.0010629105,-0.23533837,-0.00714532,-0.000137581,-0.213473,0.02266959637308122,9.632536430253849,9.242387466244955
PART-PIER-2,83,Pier/C3D8R,0.0,-10.0,50.0,8.1227516e-16,0.05157229,-0.017592408,-1.20109e-14,0.036047,-0.0341111,0.022669402616190923,41.60263081112708,8.922979988143789
PART-PIER-1,161,Pier/C3D8R,0.0,10.0,50.0,-9.2517555e-15,-0.05157229,-0.017592408,-4.89906e-14,-0.036047,-0.0341111,0.022669402616190923,41.60263081112708,8.922979988143789
PART-PIER-2,312,Pier/C3D8R,-10.0,-10.0,50.0,-0.00047513552,0.05138972,-0.017542526,-0.00080371,0.0359366,-0.0340273,0.022597669188533218,41.61365717514088,8.851365313025193
PART-PIER-2,628,Pier/C3D8R,10.0,-10.0,50.0,0.00047513552,0.05138972,-0.017542526,0.00080371,0.0359366,-0.0340273,0.022597669188533218,41.61365717514088,8.851365313025193
PART-PIER-1,390,Pier/C3D8R,-10.0,10.0,50.0,-0.00047513552,-0.05138972,-0.017542526,-0.00080371,-0.0359366,-0.0340273,0.022597669188533218,41.61365717514088,8.851365313025193
PART-PIER-1,550,Pier/C3D8R,10.0,10.0,50.0,0.00047513552,-0.05138972,-0.017542526,0.00080371,-0.0359366,-0.0340273,0.022597669188533218,41.61365717514088,8.851365313025193
PART-PIER-2,311,Pier/C3D8R,-5.0,-10.0,50.0,-0.00021984086,0.05153564,-0.017721802,-0.000420354,0.0361885,-0.0342182,0.022532333626886423,41.34524323690653,8.608916423001563
PART-PIER-2,627,Pier/C3D8R,5.0,-10.0,50.0,0.00021984086,0.05153564,-0.017721802,0.000420354,0.0361885,-0.0342182,0.022532333626886423,41.34524323690653,8.608916423001563
PART-PIER-1,389,Pier/C3D8R,-5.0,10.0,50.0,-0.00021984086,-0.05153564,-0.017721802,-0.000420354,-0.0361885,-0.0342182,0.022532333626886423,41.34524323690653,8.608916423001563
PART-PIER-1,549,Pier/C3D8R,5.0,10.0,50.0,0.00021984086,-0.05153564,-0.017721802,0.000420354,-0.0361885,-0.0342182,0.022532333626886423,41.34524323690653,8.608916423001563
PART-PIER-2,44,Pier/C3D8R,-15.0,-10.0,50.0,-0.00070027483,0.051112093,-0.017588886,-0.00133739,0.0357128,-0.0339453,0.022473905303242,41.573419755619234,8.821274328976186
PART-PIER-2,249,Pier/C3D8R,15.0,-10.0,50.0,0.00070027483,0.051112093,-0.017588886,0.00133739,0.0357128,-0.0339453,0.022473905303242,41.573419755619234,8.821274328976186
PART-PIER-1,122,Pier/C3D8R,-15.0,10.0,50.0,-0.00070027483,-0.051112093,-0.017588886,-0.00133739,-0.0357128,-0.0339453,0.022473905303242,41.573419755619234,8.821274328976186
PART-PIER-1,210,Pier/C3D8R,15.0,10.0,50.0,0.00070027483,-0.051112093,-0.017588886,0.00133739,-0.0357128,-0.0339453,0.022473905303242,41.573419755619234,8.821274328976186
PART-FLOOR-1,57,Floor/S4R,100.0,0.0,0.0,-0.0076137884,7.248984e-15,-0.30245218,-0.00469318,-1.44964e-13,-0.280259,0.022384530192491245,7.398670742083301,7.354107451704629
PART-FLOOR-1,141,Floor/S4R,-100.0,0.0,0.0,0.0076137884,4.6139375e-15,-0.30245218,0.00469318,-2.42898e-13,-0.280259,0.022384530192491245,7.398670742083301,7.354107451704629
PART-PIER-2,742,Pier/C3D8R,-5.08333,-15.0,45.0,-0.0001416113,0.04609096,-0.011722173,-0.000321914,0.0309529,-0.0281263,0.022322382315948183,46.93673406016477,12.056996203168685
PART-PIER-2,820,Pier/C3D8R,5.08333,-15.0,45.0,0.0001416113,0.04609096,-0.011722173,0.000321914,0.0309529,-0.0281263,0.022322382315948183,46.93673406016477,12.056996203168685
PART-PIER-1,742,Pier/C3D8R,-5.08333,15.0,45.0,-0.0001416113,-0.04609096,-0.011722173,-0.000321914,-0.0309529,-0.0281263,0.022322382315948183,46.93673406016477,12.056996203168685
PART-PIER-1,820,Pier/C3D8R,5.08333,15.0,45.0,0.0001416113,-0.04609096,-0.011722173,0.000321914,-0.0309529,-0.0281263,0.022322382315948183,46.93673406016477,12.056996203168685
PART-PIER-2,447,Pier/C3D8R,0.0,-15.0,45.0,-8.5317215e-17,0.04611157,-0.011802411,-2.84366e-14,0.0309727,-0.0281349,0.02226961117334609,46.78682000071729,12.089818454694408
PART-PIER-1,447,Pier/C3D8R,0.0,15.0,45.0,-7.905762e-15,-0.04611157,-0.011802411,-6.72646e-14,-0.0309727,-0.0281349,0.02226961117334609,46.78682000071729,12.089818454694408
PART-PIER-2,486,Pier/C3D8R,-15.25,-15.0,45.0,-0.00043897048,0.045672234,-0.011623468,-0.000993684,0.0304608,-0.0278788,0.022269513911530505,47.25110317192025,12.360416650854287
PART-PIER-2,685,Pier/C3D8R,15.25,-15.0,45.0,0.00043897048,0.045672234,-0.011623468,0.000993684,0.0304608,-0.0278788,0.022269513911530505,47.25110317192025,12.360416650854287
PART-PIER-1,486,Pier/C3D8R,-15.25,15.0,45.0,-0.00043897048,-0.045672234,-0.011623468,-0.000993684,-0.0304608,-0.0278788,0.022269513911530505,47.25110317192025,12.360416650854287
PART-PIER-1,685,Pier/C3D8R,15.25,15.0,45.0,0.00043897048,-0.045672234,-0.011623468,0.000993684,-0.0304608,-0.0278788,0.022269513911530505,47.25110317192025,12.360416650854287
PART-PIER-2,743,Pier/C3D8R,-10.16667,-15.0,45.0,-0.00028818488,0.045925062,-0.01174774,-0.000647968,0.030891,-0.028065,0.022190210409567573,46.81016730284448,11.947339871612453
PART-PIER-2,821,Pier/C3D8R,10.16667,-15.0,45.0,0.00028818488,0.045925062,-0.01174774,0.000647968,0.030891,-0.028065,0.022190210409567573,46.81016730284448,11.947339871612453
PART-PIER-1,743,Pier/C3D8R,-10.16667,15.0,45.0,-0.00028818488,-0.045925062,-0.01174774,-0.000647968,-0.030891,-0.028065,0.022190210409567573,46.81016730284448,11.947339871612453
PART-PIER-1,821,Pier/C3D8R,10.16667,15.0,45.0,0.00028818488,-0.045925062,-0.01174774,0.000647968,-0.030891,-0.028065,0.022190210409567573,46.81016730284448,11.947339871612453
PART-CABLE100-1,1,Cable/T3D2,-100.0,-10.0,0.0,0.0077973385,-0.00013128981,-0.23501451,0.00427456,-0.000175615,-0.213151,0.022145541370728127,9.417869223814714,9.334682220427705
PART-CABLE100-2,1,Cable/T3D2,-100.0,10.0,0.0,0.0077973385,0.00013128981,-0.23501451,0.00427456,0.000175615,-0.213151,0.022145541370728127,9.417869223814714,9.334682220427705
PART-CABLE100-4,1,Cable/T3D2,100.0,10.0,0.0,-0.0077973385,0.00013128981,-0.23501451,-0.00427456,0.000175615,-0.213151,0.022145541370728127,9.417869223814714,9.334682220427705
PART-SUPPORTBEAM-2,6,SupportBeam/B31,-100.0,10.0,0.0,0.0077973385,0.00013128981,-0.23501451,0.00427456,0.000175615,-0.213151,0.022145541370728127,9.417869223814714,9.334682220427705
PART-SUPPORTBEAM-2,14,SupportBeam/B31,100.0,10.0,0.0,-0.0077973385,0.00013128981,-0.23501451,-0.00427456,0.000175615,-0.213151,0.022145541370728127,9.417869223814714,9.334682220427705
PART-CABLE100-3,1,Cable/T3D2,100.0,-10.0,0.0,-0.0077973385,-0.00013128981,-0.23501451,-0.00427456,-0.000175615,-0.213151,0.022145541370728127,9.417869223814714,9.334682220427705
PART-FLOOR-1,5,Floor/S4R,100.0,10.0,0.0,-0.0077973385,0.00013128981,-0.23501451,-0.00427456,0.000175615,-0.213151,0.022145541370728127,9.417869223814714,9.334682220427705
PART-FLOOR-1,6,Floor/S4R,100.0,-10.0,0.0,-0.0077973385,-0.00013128981,-0.23501451,-0.00427456,-0.000175615,-0.213151,0.022145541370728127,9.417869223814714,9.334682220427705
PART-FLOOR-1,13,Floor/S4R,-100.0,10.0,0.0,0.0077973385,0.00013128981,-0.23501451,0.00427456,0.000175615,-0.213151,0.022145541370728127,9.417869223814714,9.334682220427705
PART-FLOOR-1,14,Floor/S4R,-100.0,-10.0,0.0,0.0077973385,-0.00013128981,-0.23501451,0.00427456,-0.000175615,-0.213151,0.022145541370728127,9.417869223814714,9.334682220427705
PART-SUPPORTBEAM-1,6,SupportBeam/B31,-100.0,-10.0,0.0,0.0077973385,-0.00013128981,-0.23501451,0.00427456,-0.000175615,-0.213151,0.022145541370728127,9.417869223814714,9.334682220427705
PART-SUPPORTBEAM-1,14,SupportBeam/B31,100.0,-10.0,0.0,-0.0077973385,-0.00013128981,-0.23501451,-0.00427456,-0.000175615,-0.213151,0.022145541370728127,9.417869223814714,9.334682220427705
PART-SUPPORTBEAM-2,135,SupportBeam/B31,-100.0,10.0,-7.5,0.0036436822,0.00075268943,-0.23523587,0.00629478,0.00014993,-0.213371,0.022033251657268365,9.365279295815638,9.266732956534492
PART-SUPPORTBEAM-2,239,SupportBeam/B31,100.0,10.0,-7.5,-0.0036436822,0.00075268943,-0.23523587,-0.00629478,0.00014993,-0.213371,0.022033251657268365,9.365279295815638,9.266732956534492
PART-SUPPORTBEAM-1,135,SupportBeam/B31,-100.0,-10.0,-7.5,0.0036436822,-0.00075268943,-0.23523587,0.00629478,-0.00014993,-0.213371,0.022033251657268365,9.365279295815638,9.266732956534492
PART-SUPPORTBEAM-1,239,SupportBeam/B31,100.0,-10.0,-7.5,-0.0036436822,-0.00075268943,-0.23523587,-0.00629478,-0.00014993,-0.213371,0.022033251657268365,9.365279295815638,9.266732956534492
PART-PIER-2,159,Pier/C3D8R,0.0,-20.0,40.0,-1.1338233e-15,0.041071646,-0.006470205,-4.202e-14,0.0262533,-0.0227543,0.022017155314543728,52.953650671798705,16.44215265291276
PART-PIER-1,85,Pier/C3D8R,0.0,20.0,40.0,-6.6298954e-15,-0.041071646,-0.006470205,-8.2075e-14,-0.0262533,-0.0227543,0.022017155314543728,52.953650671798705,16.44215265291276
PART-PIER-2,385,Pier/C3D8R,-5.16667,-20.0,40.0,-5.396977e-05,0.04102063,-0.0064719203,-0.000232256,0.0262694,-0.0227897,0.02199773867538297,52.97076820813521,16.254361004632788
PART-PIER-2,545,Pier/C3D8R,5.16667,-20.0,40.0,5.396977e-05,0.04102063,-0.0064719203,0.000232256,0.0262694,-0.0227897,0.02199773867538297,52.97076820813521,16.254361004632788
PART-PIER-1,307,Pier/C3D8R,-5.16667,20.0,40.0,-5.396977e-05,-0.04102063,-0.0064719203,-0.000232256,-0.0262694,-0.0227897,0.02199773867538297,52.97076820813521,16.254361004632788
PART-PIER-1,623,Pier/C3D8R,5.16667,20.0,40.0,5.396977e-05,-0.04102063,-0.0064719203,0.000232256,-0.0262694,-0.0227897,0.02199773867538297,52.97076820813521,16.254361004632788
PART-PIER-2,124,Pier/C3D8R,-15.5,-20.0,40.0,-0.00017752698,0.040602405,-0.006389363,-0.000696447,0.0257536,-0.0225444,0.02194861062542572,53.3997723015456,16.709971080070257
PART-PIER-2,208,Pier/C3D8R,15.5,-20.0,40.0,0.00017752698,0.040602405,-0.006389363,0.000696447,0.0257536,-0.0225444,0.02194861062542572,53.3997723015456,16.709971080070257
PART-PIER-1,42,Pier/C3D8R,-15.5,20.0,40.0,-0.00017752698,-0.040602405,-0.006389363,-0.000696447,-0.0257536,-0.0225444,0.02194861062542572,53.3997723015456,16.709971080070257
PART-PIER-1,251,Pier/C3D8R,15.5,20.0,40.0,0.00017752698,-0.040602405,-0.006389363,0.000696447,-0.0257536,-0.0225444,0.02194861062542572,53.3997723015456,16.709971080070257
PART-PIER-2,386,Pier/C3D8R,-10.33333,-20.0,40.0,-0.000112970134,0.04088095,-0.0064188396,-0.000468338,0.0261959,-0.0227078,0.021934156257660188,53.004154535679305,16.216743712309203
PART-PIER-2,546,Pier/C3D8R,10.33333,-20.0,40.0,0.000112970134,0.04088095,-0.0064188396,0.000468338,0.0261959,-0.0227078,0.021934156257660188,53.004154535679305,16.216743712309203
PART-PIER-1,308,Pier/C3D8R,-10.33333,20.0,40.0,-0.000112970134,-0.04088095,-0.0064188396,-0.000468338,-0.0261959,-0.0227078,0.021934156257660188,53.004154535679305,16.216743712309203
PART-PIER-1,624,Pier/C3D8R,10.33333,20.0,40.0,0.000112970134,-0.04088095,-0.0064188396,0.000468338,-0.0261959,-0.0227078,0.021934156257660188,53.004154535679305,16.216743712309203
PART-SUPPORTBEAM-2,134,SupportBeam/B31,-100.0,10.0,-3.75,0.005868922,0.0004421064,-0.23512791,0.00536036,0.000162615,-0.213264,0.021871609708446642,9.299092115160299,9.2984683434491
PART-SUPPORTBEAM-2,238,SupportBeam/B31,100.0,10.0,-3.75,-0.005868922,0.0004421064,-0.23512791,-0.00536036,0.000162615,-0.213264,0.021871609708446642,9.299092115160299,9.2984683434491
PART-SUPPORTBEAM-1,134,SupportBeam/B31,-100.0,-10.0,-3.75,0.005868922,-0.0004421064,-0.23512791,0.00536036,-0.000162615,-0.213264,0.021871609708446642,9.299092115160299,9.2984683434491
PART-SUPPORTBEAM-1,238,SupportBeam/B31,100.0,-10.0,-3.75,-0.005868922,-0.0004421064,-0.23512791,-0.00536036,-0.000162615,-0.213264,0.021871609708446642,9.299092115160299,9.2984683434491
PART-PIER-2,309,Pier/C3D8R,-5.08333,-10.0,45.0,-0.00024747275,0.046270747,-0.016796183,-0.000426764,0.0313007,-0.0326888,0.02183368332744671,44.35436912412747,8.055747937399273
PART-PIER-2,625,Pier/C3D8R,5.08333,-10.0,45.0,0.00024747275,0.046270747,-0.016796183,0.000426764,0.0313007,-0.0326888,0.02183368332744671,44.35436912412747,8.055747937399273
PART-PIER-1,387,Pier/C3D8R,-5.08333,10.0,45.0,-0.00024747275,-0.046270747,-0.016796183,-0.000426764,-0.0313007,-0.0326888,0.02183368332744671,44.35436912412747,8.055747937399273
PART-PIER-1,547,Pier/C3D8R,5.08333,10.0,45.0,0.00024747275,-0.046270747,-0.016796183,0.000426764,-0.0313007,-0.0326888,0.02183368332744671,44.35436912412747,8.055747937399273
PART-PIER-2,43,Pier/C3D8R,-15.25,-10.0,45.0,-0.00071178714,0.045921627,-0.016677275,-0.00124709,0.0308873,-0.0324381,0.021788096341247398,44.59165615592601,8.294429748447223
PART-PIER-2,250,Pier/C3D8R,15.25,-10.0,45.0,0.00071178714,0.045921627,-0.016677275,0.00124709,0.0308873,-0.0324381,0.021788096341247398,44.59165615592601,8.294429748447223
PART-PIER-1,123,Pier/C3D8R,-15.25,10.0,45.0,-0.00071178714,-0.045921627,-0.016677275,-0.00124709,-0.0308873,-0.0324381,0.021788096341247398,44.59165615592601,8.294429748447223
PART-PIER-1,209,Pier/C3D8R,15.25,10.0,45.0,0.00071178714,-0.045921627,-0.016677275,0.00124709,-0.0308873,-0.0324381,0.021788096341247398,44.59165615592601,8.294429748447223
PART-PIER-2,310,Pier/C3D8R,-10.16667,-10.0,45.0,-0.00047819546,0.046128925,-0.016869342,-0.000947333,0.0312554,-0.0326468,0.021688015513154406,44.153979824568836,7.9658178173769105
PART-PIER-2,626,Pier/C3D8R,10.16667,-10.0,45.0,0.00047819546,0.046128925,-0.016869342,0.000947333,0.0312554,-0.0326468,0.021688015513154406,44.153979824568836,7.9658178173769105
PART-PIER-1,388,Pier/C3D8R,-10.16667,10.0,45.0,-0.00047819546,-0.046128925,-0.016869342,-0.000947333,-0.0312554,-0.0326468,0.021688015513154406,44.153979824568836,7.9658178173769105
PART-PIER-1,548,Pier/C3D8R,10.16667,10.0,45.0,0.00047819546,-0.046128925,-0.016869342,0.000947333,-0.0312554,-0.0326468,0.021688015513154406,44.153979824568836,7.9658178173769105
PART-PIER-2,84,Pier/C3D8R,0.0,-10.0,45.0,8.728056e-16,0.046327047,-0.016927626,-1.05593e-14,0.031611,-0.0328219,0.021660793736455852,43.91638018905151,7.610731308774768
PART-PIER-1,160,Pier/C3D8R,0.0,10.0,45.0,-8.557869e-15,-0.046327047,-0.016927626,-4.34603e-14,-0.031611,-0.0328219,0.021660793736455852,43.91638018905151,7.610731308774768
PART-PIER-2,741,Pier/C3D8R,-10.33333,-15.0,40.0,-0.00030363468,0.04099385,-0.011194325,-0.000715136,0.0263328,-0.0269129,0.0214985888018141,50.58980467836254,11.381032902191244
PART-PIER-2,819,Pier/C3D8R,10.33333,-15.0,40.0,0.00030363468,0.04099385,-0.011194325,0.000715136,0.0263328,-0.0269129,0.0214985888018141,50.58980467836254,11.381032902191244
PART-PIER-1,741,Pier/C3D8R,-10.33333,15.0,40.0,-0.00030363468,-0.04099385,-0.011194325,-0.000715136,-0.0263328,-0.0269129,0.0214985888018141,50.58980467836254,11.381032902191244
PART-PIER-1,819,Pier/C3D8R,10.33333,15.0,40.0,0.00030363468,-0.04099385,-0.011194325,0.000715136,-0.0263328,-0.0269129,0.0214985888018141,50.58980467836254,11.381032902191244
PART-PIER-2,446,Pier/C3D8R,0.0,-15.0,40.0,-5.7572075e-17,0.041194305,-0.011247359,-2.59436e-14,0.026727,-0.0271088,0.021468307445150533,50.27453199896053,10.850825755172803
PART-PIER-1,446,Pier/C3D8R,0.0,15.0,40.0,-7.332069e-15,-0.041194305,-0.011247359,-6.04532e-14,-0.026727,-0.0271088,0.021468307445150533,50.27453199896053,10.850825755172803
PART-PIER-2,740,Pier/C3D8R,-5.16667,-15.0,40.0,-0.000155967,0.041122727,-0.01128991,-0.000348638,0.0266321,-0.0270228,0.021390166449082856,50.15910071463029,11.026675624763362
PART-PIER-2,818,Pier/C3D8R,5.16667,-15.0,40.0,0.000155967,0.041122727,-0.01128991,0.000348638,0.0266321,-0.0270228,0.021390166449082856,50.15910071463029,11.026675624763362
PART-PIER-1,740,Pier/C3D8R,-5.16667,15.0,40.0,-0.000155967,-0.041122727,-0.01128991,-0.000348638,-0.0266321,-0.0270228,0.021390166449082856,50.15910071463029,11.026675624763362
PART-PIER-1,818,Pier/C3D8R,5.16667,15.0,40.0,0.000155967,-0.041122727,-0.01128991,0.000348638,-0.0266321,-0.0270228,0.021390166449082856,50.15910071463029,11.026675624763362
PART-SUPPORTBEAM-2,126,SupportBeam/B31,-119.23077,10.0,-30.0,-0.010270211,0.002577955,-0.24018,0.0070906,0.000221263,-0.227933,0.02137617282772071,8.89142684867906,5.145277951625132
PART-SUPPORTBEAM-2,249,SupportBeam/B31,119.23077,10.0,-30.0,0.010270211,0.002577955,-0.24018,-0.0070906,0.000221263,-0.227933,0.02137617282772071,8.89142684867906,5.145277951625132
PART-SUPPORTBEAM-1,126,SupportBeam/B31,-119.23077,-10.0,-30.0,-0.010270211,-0.002577955,-0.24018,0.0070906,-0.000221263,-0.227933,0.02137617282772071,8.89142684867906,5.145277951625132
PART-SUPPORTBEAM-1,249,SupportBeam/B31,119.23077,-10.0,-30.0,0.010270211,-0.002577955,-0.24018,-0.0070906,-0.000221263,-0.227933,0.02137617282772071,8.89142684867906,5.145277951625132
PART-PIER-2,23,Pier/C3D8R,-3.33333,-10.0,150.0,-0.00075164787,0.23351127,-0.013516481,-0.00261254,0.218099,-0.0281654,0.021344596832476297,9.125391984545569,5.975843656234768
PART-PIER-2,187,Pier/C3D8R,3.33333,-10.0,150.0,0.00075164787,0.23351127,-0.013516481,0.00261254,0.218099,-0.0281654,0.021344596832476297,9.125391984545569,5.975843656234768
PART-PIER-1,21,Pier/C3D8R,-3.33333,10.0,150.0,-0.00075164787,-0.23351127,-0.013516481,-0.00261254,-0.218099,-0.0281654,0.021344596832476297,9.125391984545569,5.975843656234768
PART-PIER-1,189,Pier/C3D8R,3.33333,10.0,150.0,0.00075164787,-0.23351127,-0.013516481,0.00261254,-0.218099,-0.0281654,0.021344596832476297,9.125391984545569,5.975843656234768
PART-PIER-2,485,Pier/C3D8R,-15.5,-15.0,40.0,-0.00045824243,0.040758308,-0.011176341,-0.00105309,0.0262279,-0.0267831,0.021332077413184117,50.4717806858785,11.271815459300699
PART-PIER-2,684,Pier/C3D8R,15.5,-15.0,40.0,0.00045824243,0.040758308,-0.011176341,0.00105309,0.0262279,-0.0267831,0.021332077413184117,50.4717806858785,11.271815459300699
PART-PIER-1,485,Pier/C3D8R,-15.5,15.0,40.0,-0.00045824243,-0.040758308,-0.011176341,-0.00105309,-0.0262279,-0.0267831,0.021332077413184117,50.4717806858785,11.271815459300699
PART-PIER-1,684,Pier/C3D8R,15.5,15.0,40.0,0.00045824243,-0.040758308,-0.011176341,0.00105309,-0.0262279,-0.0267831,0.021332077413184117,50.4717806858785,11.271815459300699
PART-PIER-2,384,Pier/C3D8R,-10.5,-20.0,35.0,-0.0001313642,0.036227006,-0.006228235,-0.000523536,0.0219772,-0.0218878,0.02117623067846533,57.60871352160917,15.607197134430065
PART-PIER-2,544,Pier/C3D8R,10.5,-20.0,35.0,0.0001313642,0.036227006,-0.006228235,0.000523536,0.0219772,-0.0218878,0.02117623067846533,57.60871352160917,15.607197134430065
PART-PIER-1,306,Pier/C3D8R,-10.5,20.0,35.0,-0.0001313642,-0.036227006,-0.006228235,-0.000523536,-0.0219772,-0.0218878,0.02117623067846533,57.60871352160917,15.607197134430065
PART-PIER-1,622,Pier/C3D8R,10.5,20.0,35.0,0.0001313642,-0.036227006,-0.006228235,0.000523536,-0.0219772,-0.0218878,0.02117623067846533,57.60871352160917,15.607197134430065
PART-PIER-2,158,Pier/C3D8R,0.0,-20.0,35.0,-9.589343e-16,0.03642965,-0.0062824204,-3.86387e-14,0.0223857,-0.0221005,0.02115287625441127,57.220361171108415,14.905713170197865
PART-PIER-1,86,Pier/C3D8R,0.0,20.0,35.0,-6.0550154e-15,-0.03642965,-0.0062824204,-7.41423e-14,-0.0223857,-0.0221005,0.02115287625441127,57.220361171108415,14.905713170197865
PART-PIER-2,383,Pier/C3D8R,-5.25,-20.0,35.0,-6.638721e-05,0.036381934,-0.006254254,-0.000256525,0.0222716,-0.021961,0.021114912926158566,57.197727445689964,15.269013681679002
PART-PIER-2,543,Pier/C3D8R,5.25,-20.0,35.0,6.638721e-05,0.036381934,-0.006254254,0.000256525,0.0222716,-0.021961,0.021114912926158566,57.197727445689964,15.269013681679002
PART-PIER-1,305,Pier/C3D8R,-5.25,20.0,35.0,-6.638721e-05,-0.036381934,-0.006254254,-0.000256525,-0.0222716,-0.021961,0.021114912926158566,57.197727445689964,15.269013681679002
PART-PIER-1,621,Pier/C3D8R,5.25,20.0,35.0,6.638721e-05,-0.036381934,-0.006254254,0.000256525,-0.0222716,-0.021961,0.021114912926158566,57.197727445689964,15.269013681679002
PART-PIER-2,125,Pier/C3D8R,-15.75,-20.0,35.0,-0.00018918312,0.036005612,-0.006158441,-0.00079533,0.02188,-0.0217527,0.021049495057453484,57.624099645548235,15.509932692733116
PART-PIER-2,207,Pier/C3D8R,15.75,-20.0,35.0,0.00018918312,0.036005612,-0.006158441,0.00079533,0.02188,-0.0217527,0.021049495057453484,57.624099645548235,15.509932692733116
PART-PIER-1,41,Pier/C3D8R,-15.75,20.0,35.0,-0.00018918312,-0.036005612,-0.006158441,-0.00079533,-0.02188,-0.0217527,0.021049495057453484,57.624099645548235,15.509932692733116
PART-PIER-1,252,Pier/C3D8R,15.75,20.0,35.0,0.00018918312,-0.036005612,-0.006158441,0.00079533,-0.02188,-0.0217527,0.021049495057453484,57.624099645548235,15.509932692733116
PART-PIER-2,85,Pier/C3D8R,0.0,-10.0,40.0,8.826385e-16,0.041368093,-0.016028972,-8.40788e-15,0.0268116,-0.0312199,0.021039386444481525,47.42346305588179,7.240490634415132
PART-PIER-1,159,Pier/C3D8R,0.0,10.0,40.0,-7.684999e-15,-0.041368093,-0.016028972,-3.83925e-14,-0.0268116,-0.0312199,0.021039386444481525,47.42346305588179,7.240490634415132
PART-PIER-2,308,Pier/C3D8R,-10.33333,-10.0,40.0,-0.00049128296,0.041176163,-0.015975164,-0.000834399,0.0267461,-0.0311521,0.020944780570561497,47.41935922120993,7.023438789331039
PART-PIER-2,624,Pier/C3D8R,10.33333,-10.0,40.0,0.00049128296,0.041176163,-0.015975164,0.000834399,0.0267461,-0.0311521,0.020944780570561497,47.41935922120993,7.023438789331039
PART-PIER-1,386,Pier/C3D8R,-10.33333,10.0,40.0,-0.00049128296,-0.041176163,-0.015975164,-0.000834399,-0.0267461,-0.0311521,0.020944780570561497,47.41935922120993,7.023438789331039
PART-PIER-1,546,Pier/C3D8R,10.33333,10.0,40.0,0.00049128296,-0.041176163,-0.015975164,0.000834399,-0.0267461,-0.0311521,0.020944780570561497,47.41935922120993,7.023438789331039
PART-PIER-2,307,Pier/C3D8R,-5.16667,-10.0,40.0,-0.00024322202,0.041325163,-0.016109137,-0.00049013,0.0270796,-0.0312458,0.020787390300687717,46.866344627106685,6.773478419765571
PART-PIER-2,623,Pier/C3D8R,5.16667,-10.0,40.0,0.00024322202,0.041325163,-0.016109137,0.00049013,0.0270796,-0.0312458,0.020787390300687717,46.866344627106685,6.773478419765571
PART-PIER-1,385,Pier/C3D8R,-5.16667,10.0,40.0,-0.00024322202,-0.041325163,-0.016109137,-0.00049013,-0.0270796,-0.0312458,0.020787390300687717,46.866344627106685,6.773478419765571
PART-PIER-1,545,Pier/C3D8R,5.16667,10.0,40.0,0.00024322202,-0.041325163,-0.016109137,0.00049013,-0.0270796,-0.0312458,0.020787390300687717,46.866344627106685,6.773478419765571
PART-PIER-2,42,Pier/C3D8R,-15.5,-10.0,40.0,-0.00075312756,0.04090348,-0.015976006,-0.00147673,0.0265805,-0.0309407,0.020727118060290244,47.193769540168105,7.06330226170699
PART-PIER-2,251,Pier/C3D8R,15.5,-10.0,40.0,0.00075312756,0.04090348,-0.015976006,0.00147673,0.0265805,-0.0309407,0.020727118060290244,47.193769540168105,7.06330226170699
PART-PIER-1,124,Pier/C3D8R,-15.5,10.0,40.0,-0.00075312756,-0.04090348,-0.015976006,-0.00147673,-0.0265805,-0.0309407,0.020727118060290244,47.193769540168105,7.06330226170699
PART-PIER-1,208,Pier/C3D8R,15.5,10.0,40.0,0.00075312756,-0.04090348,-0.015976006,0.00147673,-0.0265805,-0.0309407,0.020727118060290244,47.193769540168105,7.06330226170699
PART-PIER-2,738,Pier/C3D8R,-5.25,-15.0,35.0,-0.00015508242,0.036490206,-0.01073893,-0.000372374,0.0224844,-0.0258773,0.020624743964405345,54.22152630634598,9.87162844404031
PART-PIER-2,816,Pier/C3D8R,5.25,-15.0,35.0,0.00015508242,0.036490206,-0.01073893,0.000372374,0.0224844,-0.0258773,0.020624743964405345,54.22152630634598,9.87162844404031
PART-PIER-1,738,Pier/C3D8R,-5.25,15.0,35.0,-0.00015508242,-0.036490206,-0.01073893,-0.000372374,-0.0224844,-0.0258773,0.020624743964405345,54.22152630634598,9.87162844404031
PART-PIER-1,816,Pier/C3D8R,5.25,15.0,35.0,0.00015508242,-0.036490206,-0.01073893,0.000372374,-0.0224844,-0.0258773,0.020624743964405345,54.22152630634598,9.87162844404031
PART-PIER-2,484,Pier/C3D8R,-15.75,-15.0,35.0,-0.00047446793,0.03606922,-0.0106308665,-0.00109508,0.0219572,-0.0255842,0.020570280760943735,54.69911991004545,10.301273856502347
PART-PIER-2,683,Pier/C3D8R,15.75,-15.0,35.0,0.00047446793,0.03606922,-0.0106308665,0.00109508,0.0219572,-0.0255842,0.020570280760943735,54.69911991004545,10.301273856502347
PART-PIER-1,484,Pier/C3D8R,-15.75,15.0,35.0,-0.00047446793,-0.03606922,-0.0106308665,-0.00109508,-0.0219572,-0.0255842,0.020570280760943735,54.69911991004545,10.301273856502347
PART-PIER-1,683,Pier/C3D8R,15.75,15.0,35.0,0.00047446793,-0.03606922,-0.0106308665,0.00109508,-0.0219572,-0.0255842,0.020570280760943735,54.69911991004545,10.301273856502347
PART-PIER-2,445,Pier/C3D8R,0.0,-15.0,35.0,-8.700146e-17,0.036521655,-0.010798302,-2.27533e-14,0.0225007,-0.0258234,0.020550930612058156,53.961301479455635,10.06600235966796
PART-PIER-1,445,Pier/C3D8R,0.0,15.0,35.0,-6.4224317e-15,-0.036521655,-0.010798302,-5.40812e-14,-0.0225007,-0.0258234,0.020550930612058156,53.961301479455635,10.06600235966796
PART-PIER-2,739,Pier/C3D8R,-10.5,-15.0,35.0,-0.000321417,0.03632573,-0.010741727,-0.000709777,0.022465,-0.0257697,0.02044775371798157,53.977478534357516,9.734444347004345
PART-PIER-2,817,Pier/C3D8R,10.5,-15.0,35.0,0.000321417,0.03632573,-0.010741727,0.000709777,0.022465,-0.0257697,0.02044775371798157,53.977478534357516,9.734444347004345
PART-PIER-1,739,Pier/C3D8R,-10.5,15.0,35.0,-0.000321417,-0.03632573,-0.010741727,-0.000709777,-0.022465,-0.0257697,0.02044775371798157,53.977478534357516,9.734444347004345
PART-PIER-1,817,Pier/C3D8R,10.5,15.0,35.0,0.000321417,-0.03632573,-0.010741727,0.000709777,-0.022465,-0.0257697,0.02044775371798157,53.977478534357516,9.734444347004345
PART-PIER-2,381,Pier/C3D8R,-5.33333,-20.0,30.0,-7.078967e-05,0.032023672,-0.006052378,-0.000275838,0.0184835,-0.0211917,0.020312000719449178,62.32458516049206,13.713843564613306
PART-PIER-2,541,Pier/C3D8R,5.33333,-20.0,30.0,7.078967e-05,0.032023672,-0.006052378,0.000275838,0.0184835,-0.0211917,0.020312000719449178,62.32458516049206,13.713843564613306
PART-PIER-1,303,Pier/C3D8R,-5.33333,20.0,30.0,-7.078967e-05,-0.032023672,-0.006052378,-0.000275838,-0.0184835,-0.0211917,0.020312000719449178,62.32458516049206,13.713843564613306
PART-PIER-1,619,Pier/C3D8R,5.33333,20.0,30.0,7.078967e-05,-0.032023672,-0.006052378,0.000275838,-0.0184835,-0.0211917,0.020312000719449178,62.32458516049206,13.713843564613306
PART-PIER-2,126,Pier/C3D8R,-16.0,-20.0,30.0,-0.00022276667,0.031600516,-0.0059594833,-0.000802626,0.0179386,-0.0208968,0.020251113940466164,62.973167266726094,14.323824608271392
PART-PIER-2,206,Pier/C3D8R,16.0,-20.0,30.0,0.00022276667,0.031600516,-0.0059594833,0.000802626,0.0179386,-0.0208968,0.020251113940466164,62.973167266726094,14.323824608271392
PART-PIER-1,40,Pier/C3D8R,-16.0,20.0,30.0,-0.00022276667,-0.031600516,-0.0059594833,-0.000802626,-0.0179386,-0.0208968,0.020251113940466164,62.973167266726094,14.323824608271392
PART-PIER-1,253,Pier/C3D8R,16.0,20.0,30.0,0.00022276667,-0.031600516,-0.0059594833,0.000802626,-0.0179386,-0.0208968,0.020251113940466164,62.973167266726094,14.323824608271392
PART-PIER-2,157,Pier/C3D8R,0.0,-20.0,30.0,-8.44577e-16,0.032076158,-0.006052724,-3.45078e-14,0.018517,-0.0210814,0.02024134056780677,62.009668651599895,14.040958382904186
PART-PIER-1,87,Pier/C3D8R,0.0,20.0,30.0,-5.2497264e-15,-0.032076158,-0.006052724,-6.70511e-14,-0.018517,-0.0210814,0.02024134056780677,62.009668651599895,14.040958382904186
PART-PIER-2,382,Pier/C3D8R,-10.66667,-20.0,30.0,-0.0001403314,0.03187608,-0.0059977695,-0.000533347,0.0184527,-0.0210144,0.020145490400081442,62.10892271679847,13.764071620510574
PART-PIER-2,542,Pier/C3D8R,10.66667,-20.0,30.0,0.0001403314,0.03187608,-0.0059977695,0.000533347,0.0184527,-0.0210144,0.020145490400081442,62.10892271679847,13.764071620510574
PART-PIER-1,304,Pier/C3D8R,-10.66667,20.0,30.0,-0.0001403314,-0.03187608,-0.0059977695,-0.000533347,-0.0184527,-0.0210144,0.020145490400081442,62.10892271679847,13.764071620510574
PART-PIER-1,620,Pier/C3D8R,10.66667,20.0,30.0,0.0001403314,-0.03187608,-0.0059977695,0.000533347,-0.0184527,-0.0210144,0.020145490400081442,62.10892271679847,13.764071620510574
PART-PIER-2,305,Pier/C3D8R,-5.25,-10.0,35.0,-0.00025523303,0.03668692,-0.015213788,-0.000429958,0.0228254,-0.0297535,0.02008918839994502,50.58059791543713,5.575561187656639
PART-PIER-2,621,Pier/C3D8R,5.25,-10.0,35.0,0.00025523303,0.03668692,-0.015213788,0.000429958,0.0228254,-0.0297535,0.02008918839994502,50.58059791543713,5.575561187656639
PART-PIER-1,383,Pier/C3D8R,-5.25,10.0,35.0,-0.00025523303,-0.03668692,-0.015213788,-0.000429958,-0.0228254,-0.0297535,0.02008918839994502,50.58059791543713,5.575561187656639
PART-PIER-1,543,Pier/C3D8R,5.25,10.0,35.0,0.00025523303,-0.03668692,-0.015213788,0.000429958,-0.0228254,-0.0297535,0.02008918839994502,50.58059791543713,5.575561187656639
PART-PIER-2,41,Pier/C3D8R,-15.75,-10.0,35.0,-0.00074861484,0.036312673,-0.015080765,-0.00130647,0.0224202,-0.0295004,0.02003092314319269,50.93448802906882,5.7228619255725866
PART-PIER-2,252,Pier/C3D8R,15.75,-10.0,35.0,0.00074861484,0.036312673,-0.015080765,0.00130647,0.0224202,-0.0295004,0.02003092314319269,50.93448802906882,5.7228619255725866
PART-PIER-1,125,Pier/C3D8R,-15.75,10.0,35.0,-0.00074861484,-0.036312673,-0.015080765,-0.00130647,-0.0224202,-0.0295004,0.02003092314319269,50.93448802906882,5.7228619255725866
PART-PIER-1,207,Pier/C3D8R,15.75,10.0,35.0,0.00074861484,-0.036312673,-0.015080765,0.00130647,-0.0224202,-0.0295004,0.02003092314319269,50.93448802906882,5.7228619255725866
PART-SUPPORTBEAM-2,127,SupportBeam/B31,-123.07692,10.0,-30.0,-0.010379316,0.002570825,-0.24000414,0.00600829,0.000244676,-0.228799,0.019987990444290216,8.319932295012073,4.730316816141592
PART-SUPPORTBEAM-2,250,SupportBeam/B31,123.07692,10.0,-30.0,0.010379316,0.002570825,-0.24000414,-0.00600829,0.000244676,-0.228799,0.019987990444290216,8.319932295012073,4.730316816141592
PART-SUPPORTBEAM-1,127,SupportBeam/B31,-123.07692,-10.0,-30.0,-0.010379316,-0.002570825,-0.24000414,0.00600829,-0.000244676,-0.228799,0.019987990444290216,8.319932295012073,4.730316816141592
PART-SUPPORTBEAM-1,250,SupportBeam/B31,123.07692,-10.0,-30.0,0.010379316,-0.002570825,-0.24000414,-0.00600829,-0.000244676,-0.228799,0.019987990444290216,8.319932295012073,4.730316816141592
PART-PIER-2,306,Pier/C3D8R,-10.5,-10.0,35.0,-0.0005142001,0.036539104,-0.015240015,-0.00105928,0.0228553,-0.0295804,0.019829025340546244,50.081782920771325,5.548771447371495
PART-PIER-2,622,Pier/C3D8R,10.5,-10.0,35.0,0.0005142001,0.036539104,-0.015240015,0.00105928,0.0228553,-0.0295804,0.019829025340546244,50.081782920771325,5.548771447371495
PART-PIER-1,384,Pier/C3D8R,-10.5,10.0,35.0,-0.0005142001,-0.036539104,-0.015240015,-0.00105928,-0.0228553,-0.0295804,0.019829025340546244,50.081782920771325,5.548771447371495
PART-PIER-1,544,Pier/C3D8R,10.5,10.0,35.0,0.0005142001,-0.036539104,-0.015240015,0.00105928,-0.0228553,-0.0295804,0.019829025340546244,50.081782920771325,5.548771447371495
PART-FLOOR-1,287,Floor/S4R,105.0,-5.0,0.0,-0.007867448,-0.000101065954,-0.30776536,-0.00493671,-4.47388e-05,-0.288201,0.019782734395995965,6.425763037676459,6.373760622115158
PART-FLOOR-1,289,Floor/S4R,105.0,5.0,0.0,-0.007867448,0.000101065954,-0.30776536,-0.00493671,4.47388e-05,-0.288201,0.019782734395995965,6.425763037676459,6.373760622115158
PART-FLOOR-1,398,Floor/S4R,-105.0,-5.0,0.0,0.007867448,-0.000101065954,-0.30776536,0.00493671,-4.47388e-05,-0.288201,0.019782734395995965,6.425763037676459,6.373760622115158
PART-FLOOR-1,400,Floor/S4R,-105.0,5.0,0.0,0.007867448,0.000101065954,-0.30776536,0.00493671,4.47388e-05,-0.288201,0.019782734395995965,6.425763037676459,6.373760622115158
PART-SUPPORTBEAM-2,75,SupportBeam/B31,-103.33334,10.0,-2.0,0.00729678,0.00029660418,-0.2348725,0.00531388,0.000185526,-0.215202,0.019770503307252257,8.413481204567077,8.391277550501988
PART-SUPPORTBEAM-2,264,SupportBeam/B31,103.33334,10.0,-2.0,-0.00729678,0.00029660418,-0.2348725,-0.00531388,0.000185526,-0.215202,0.019770503307252257,8.413481204567077,8.391277550501988
PART-SUPPORTBEAM-1,75,SupportBeam/B31,-103.33334,-10.0,-2.0,0.00729678,-0.00029660418,-0.2348725,0.00531388,-0.000185526,-0.215202,0.019770503307252257,8.413481204567077,8.391277550501988
PART-SUPPORTBEAM-1,264,SupportBeam/B31,103.33334,-10.0,-2.0,-0.00729678,-0.00029660418,-0.2348725,-0.00531388,-0.000185526,-0.215202,0.019770503307252257,8.413481204567077,8.391277550501988
PART-PIER-2,86,Pier/C3D8R,0.0,-10.0,35.0,9.427192e-16,0.036741085,-0.015302422,-7.53422e-15,0.0232985,-0.0297833,0.019758515104458356,49.64401755363188,4.99200690739854
PART-PIER-1,158,Pier/C3D8R,0.0,10.0,35.0,-7.0539396e-15,-0.036741085,-0.015302422,-3.36292e-14,-0.0232985,-0.0297833,0.019758515104458356,49.64401755363188,4.99200690739854
PART-PIER-2,737,Pier/C3D8R,-10.66667,-15.0,30.0,-0.00032930827,0.032000784,-0.010176772,-0.000798175,0.0185474,-0.0245682,0.019706003576096826,58.68091724177329,8.302525163873902
PART-PIER-2,815,Pier/C3D8R,10.66667,-15.0,30.0,0.00032930827,0.032000784,-0.010176772,0.000798175,0.0185474,-0.0245682,0.019706003576096826,58.68091724177329,8.302525163873902
PART-PIER-1,737,Pier/C3D8R,-10.66667,15.0,30.0,-0.00032930827,-0.032000784,-0.010176772,-0.000798175,-0.0185474,-0.0245682,0.019706003576096826,58.68091724177329,8.302525163873902
PART-PIER-1,815,Pier/C3D8R,10.66667,15.0,30.0,0.00032930827,-0.032000784,-0.010176772,0.000798175,-0.0185474,-0.0245682,0.019706003576096826,58.68091724177329,8.302525163873902
PART-PIER-2,444,Pier/C3D8R,0.0,-15.0,30.0,-8.758835e-17,0.032204945,-0.01023599,-2.07276e-14,0.0190097,-0.0247702,0.019630531091494312,58.0913611169628,7.601152369281561
PART-PIER-1,444,Pier/C3D8R,0.0,15.0,30.0,-5.86891e-15,-0.032204945,-0.01023599,-4.77669e-14,-0.0190097,-0.0247702,0.019630531091494312,58.0913611169628,7.601152369281561
PART-FLOOR-1,299,Floor/S4R,80.0,-5.0,0.0,-0.00583221,-0.00014664809,-0.43966186,-0.00367968,-6.63032e-05,-0.420166,0.019614494585429684,4.460875451063794,4.439031785431929
PART-FLOOR-1,301,Floor/S4R,80.0,5.0,0.0,-0.00583221,0.00014664809,-0.43966186,-0.00367968,6.63032e-05,-0.420166,0.019614494585429684,4.460875451063794,4.439031785431929
PART-FLOOR-1,386,Floor/S4R,-80.0,-5.0,0.0,0.00583221,-0.00014664809,-0.43966186,0.00367968,-6.63032e-05,-0.420166,0.019614494585429684,4.460875451063794,4.439031785431929
PART-FLOOR-1,388,Floor/S4R,-80.0,5.0,0.0,0.00583221,0.00014664809,-0.43966186,0.00367968,6.63032e-05,-0.420166,0.019614494585429684,4.460875451063794,4.439031785431929
PART-PIER-2,736,Pier/C3D8R,-5.33333,-15.0,30.0,-0.00017086422,0.032139763,-0.010256324,-0.00037456,0.0189055,-0.024627,0.019537234651325015,57.910394318279536,7.96720468371274
PART-PIER-2,814,Pier/C3D8R,5.33333,-15.0,30.0,0.00017086422,0.032139763,-0.010256324,0.00037456,0.0189055,-0.024627,0.019537234651325015,57.910394318279536,7.96720468371274
PART-PIER-1,736,Pier/C3D8R,-5.33333,15.0,30.0,-0.00017086422,-0.032139763,-0.010256324,-0.00037456,-0.0189055,-0.024627,0.019537234651325015,57.910394318279536,7.96720468371274
PART-PIER-1,814,Pier/C3D8R,5.33333,15.0,30.0,0.00017086422,-0.032139763,-0.010256324,0.00037456,-0.0189055,-0.024627,0.019537234651325015,57.910394318279536,7.96720468371274
PART-PIER-2,93,Pier/C3D8R,0.0,-10.0,0.0,5.780247e-16,0.012439534,-0.009340425,2.7018e-15,0.000634943,-0.0248406,0.019483423562297927,125.24793078770206,59.7383506316284
PART-PIER-1,151,Pier/C3D8R,0.0,10.0,0.0,-2.7048627e-15,-0.012439534,-0.009340425,-1.25018e-14,-0.000634943,-0.0248406,0.019483423562297927,125.24793078770206,59.7383506316284
PART-PIER-2,483,Pier/C3D8R,-16.0,-15.0,30.0,-0.00050666183,0.031754076,-0.010134427,-0.00115343,0.0185204,-0.0243921,0.019463548723540374,58.386086585113084,8.062677801832537
PART-PIER-2,682,Pier/C3D8R,16.0,-15.0,30.0,0.00050666183,0.031754076,-0.010134427,0.00115343,0.0185204,-0.0243921,0.019463548723540374,58.386086585113084,8.062677801832537
PART-PIER-1,483,Pier/C3D8R,-16.0,15.0,30.0,-0.00050666183,-0.031754076,-0.010134427,-0.00115343,-0.0185204,-0.0243921,0.019463548723540374,58.386086585113084,8.062677801832537
PART-PIER-1,682,Pier/C3D8R,16.0,15.0,30.0,0.00050666183,-0.031754076,-0.010134427,0.00115343,-0.0185204,-0.0243921,0.019463548723540374,58.386086585113084,8.062677801832537
PART-PIER-2,380,Pier/C3D8R,-10.83333,-20.0,25.0,-0.00016263236,0.027824963,-0.0057613216,-0.000609583,0.0148778,-0.020199,0.0193978182331156,68.26461518926813,11.688645169972911
PART-PIER-2,540,Pier/C3D8R,10.83333,-20.0,25.0,0.00016263236,0.027824963,-0.0057613216,0.000609583,0.0148778,-0.020199,0.0193978182331156,68.26461518926813,11.688645169972911
PART-PIER-1,302,Pier/C3D8R,-10.83333,20.0,25.0,-0.00016263236,-0.027824963,-0.0057613216,-0.000609583,-0.0148778,-0.020199,0.0193978182331156,68.26461518926813,11.688645169972911
PART-PIER-1,618,Pier/C3D8R,10.83333,20.0,25.0,0.00016263236,-0.027824963,-0.0057613216,0.000609583,-0.0148778,-0.020199,0.0193978182331156,68.26461518926813,11.688645169972911
PART-PIER-2,156,Pier/C3D8R,0.0,-20.0,25.0,-8.5010964e-16,0.028031396,-0.005820901,-3.16542e-14,0.0152474,-0.0203335,0.019340271028680467,67.55390213990887,11.226753772364571
PART-PIER-1,88,Pier/C3D8R,0.0,20.0,25.0,-4.6547226e-15,-0.028031396,-0.005820901,-5.93193e-14,-0.0152474,-0.0203335,0.019340271028680467,67.55390213990887,11.226753772364571
PART-PIER-2,87,Pier/C3D8R,0.0,-10.0,30.0,9.483159e-16,0.032388814,-0.01442407,-5.38016e-15,0.0189332,-0.0282694,0.01930664939666891,54.45326000778953,4.0376375587527065
PART-PIER-1,157,Pier/C3D8R,0.0,10.0,30.0,-6.2677694e-15,-0.032388814,-0.01442407,-2.94136e-14,-0.0189332,-0.0282694,0.01930664939666891,54.45326000778953,4.0376375587527065
PART-PIER-2,379,Pier/C3D8R,-5.41667,-20.0,25.0,-7.927202e-05,0.027981889,-0.0057956656,-0.000293996,0.0152173,-0.0201418,0.019203968624984042,67.2033697734647,11.65392238625573
PART-PIER-2,539,Pier/C3D8R,5.41667,-20.0,25.0,7.927202e-05,0.027981889,-0.0057956656,0.000293996,0.0152173,-0.0201418,0.019203968624984042,67.2033697734647,11.65392238625573
PART-PIER-1,301,Pier/C3D8R,-5.41667,20.0,25.0,-7.927202e-05,-0.027981889,-0.0057956656,-0.000293996,-0.0152173,-0.0201418,0.019203968624984042,67.2033697734647,11.65392238625573
PART-PIER-1,617,Pier/C3D8R,5.41667,20.0,25.0,7.927202e-05,-0.027981889,-0.0057956656,0.000293996,-0.0152173,-0.0201418,0.019203968624984042,67.2033697734647,11.65392238625573
PART-PIER-2,19,Pier/C3D8R,0.0,-15.0,150.0,-3.939707e-15,0.23163965,0.02486423,-1.12435e-13,0.217488,0.0119144,0.019182473634841792,8.233871106050186,6.505632387730591
PART-PIER-1,19,Pier/C3D8R,0.0,15.0,150.0,-2.695506e-14,-0.23163965,0.02486423,-2.51312e-13,-0.217488,0.0119144,0.019182473634841792,8.233871106050186,6.505632387730591
PART-PIER-2,127,Pier/C3D8R,-16.25,-20.0,25.0,-0.00023184206,0.027586771,-0.005691104,-0.000889557,0.0148199,-0.0199237,0.019130927133104558,67.91569023705286,11.791899607812134
PART-PIER-2,205,Pier/C3D8R,16.25,-20.0,25.0,0.00023184206,0.027586771,-0.005691104,0.000889557,0.0148199,-0.0199237,0.019130927133104558,67.91569023705286,11.791899607812134
PART-PIER-1,39,Pier/C3D8R,-16.25,20.0,25.0,-0.00023184206,-0.027586771,-0.005691104,-0.000889557,-0.0148199,-0.0199237,0.019130927133104558,67.91569023705286,11.791899607812134
PART-PIER-1,254,Pier/C3D8R,16.25,20.0,25.0,0.00023184206,-0.027586771,-0.005691104,0.000889557,-0.0148199,-0.0199237,0.019130927133104558,67.91569023705286,11.791899607812134
PART-PIER-2,304,Pier/C3D8R,-10.66667,-10.0,30.0,-0.0005155799,0.032188915,-0.014364849,-0.000856456,0.0189918,-0.0281674,0.01909948834252837,54.17905516209388,3.602078261658211
PART-PIER-2,620,Pier/C3D8R,10.66667,-10.0,30.0,0.0005155799,0.032188915,-0.014364849,0.000856456,0.0189918,-0.0281674,0.01909948834252837,54.17905516209388,3.602078261658211
PART-PIER-1,382,Pier/C3D8R,-10.66667,10.0,30.0,-0.0005155799,-0.032188915,-0.014364849,-0.000856456,-0.0189918,-0.0281674,0.01909948834252837,54.17905516209388,3.602078261658211
PART-PIER-1,542,Pier/C3D8R,10.66667,10.0,30.0,0.0005155799,-0.032188915,-0.014364849,0.000856456,-0.0189918,-0.0281674,0.01909948834252837,54.17905516209388,3.602078261658211
PART-PIER-2,21,Pier/C3D8R,-3.33333,-20.0,150.0,-0.0022069712,0.22988835,0.0037585278,-0.00440726,0.217177,-0.0100658,0.018908509426915646,8.22360587958038,5.425509822427055
PART-PIER-2,189,Pier/C3D8R,3.33333,-20.0,150.0,0.0022069712,0.22988835,0.0037585278,0.00440726,0.217177,-0.0100658,0.018908509426915646,8.22360587958038,5.425509822427055
PART-PIER-1,23,Pier/C3D8R,-3.33333,20.0,150.0,-0.0022069712,-0.22988835,0.0037585278,-0.00440726,-0.217177,-0.0100658,0.018908509426915646,8.22360587958038,5.425509822427055
PART-PIER-1,187,Pier/C3D8R,3.33333,20.0,150.0,0.0022069712,-0.22988835,0.0037585278,0.00440726,-0.217177,-0.0100658,0.018908509426915646,8.22360587958038,5.425509822427055
PART-PIER-2,303,Pier/C3D8R,-5.33333,-10.0,30.0,-0.00026192985,0.032341503,-0.0144640105,-0.000549247,0.0194095,-0.0281237,0.018812399367786753,53.098132113301766,3.5390731934344735
PART-PIER-2,619,Pier/C3D8R,5.33333,-10.0,30.0,0.00026192985,0.032341503,-0.0144640105,0.000549247,0.0194095,-0.0281237,0.018812399367786753,53.098132113301766,3.5390731934344735
PART-PIER-1,381,Pier/C3D8R,-5.33333,10.0,30.0,-0.00026192985,-0.032341503,-0.0144640105,-0.000549247,-0.0194095,-0.0281237,0.018812399367786753,53.098132113301766,3.5390731934344735
PART-PIER-1,541,Pier/C3D8R,5.33333,10.0,30.0,0.00026192985,-0.032341503,-0.0144640105,0.000549247,-0.0194095,-0.0281237,0.018812399367786753,53.098132113301766,3.5390731934344735
PART-PIER-2,40,Pier/C3D8R,-16.0,-10.0,30.0,-0.0007990494,0.031918276,-0.014324843,-0.00164559,0.0188589,-0.0277737,0.018765278764336896,53.6234886040737,3.951594469884271
PART-PIER-2,253,Pier/C3D8R,16.0,-10.0,30.0,0.0007990494,0.031918276,-0.014324843,0.00164559,0.0188589,-0.0277737,0.018765278764336896,53.6234886040737,3.951594469884271
PART-PIER-1,126,Pier/C3D8R,-16.0,10.0,30.0,-0.0007990494,-0.031918276,-0.014324843,-0.00164559,-0.0188589,-0.0277737,0.018765278764336896,53.6234886040737,3.951594469884271
PART-PIER-1,206,Pier/C3D8R,16.0,10.0,30.0,0.0007990494,-0.031918276,-0.014324843,0.00164559,-0.0188589,-0.0277737,0.018765278764336896,53.6234886040737,3.951594469884271
PART-PIER-2,734,Pier/C3D8R,-5.41667,-15.0,25.0,-0.00016961414,0.028097002,-0.009697976,-0.000406607,0.0154158,-0.0235011,0.018745540321363666,63.06516229401409,5.433696932568404
PART-PIER-2,812,Pier/C3D8R,5.41667,-15.0,25.0,0.00016961414,0.028097002,-0.009697976,0.000406607,0.0154158,-0.0235011,0.018745540321363666,63.06516229401409,5.433696932568404
PART-PIER-1,734,Pier/C3D8R,-5.41667,15.0,25.0,-0.00016961414,-0.028097002,-0.009697976,-0.000406607,-0.0154158,-0.0235011,0.018745540321363666,63.06516229401409,5.433696932568404
PART-PIER-1,812,Pier/C3D8R,5.41667,15.0,25.0,0.00016961414,-0.028097002,-0.009697976,0.000406607,-0.0154158,-0.0235011,0.018745540321363666,63.06516229401409,5.433696932568404
PART-PIER-2,482,Pier/C3D8R,-16.25,-15.0,25.0,-0.0005152236,0.027671577,-0.009578619,-0.00122722,0.0148436,-0.0231684,0.018701499416199304,63.85585587176057,5.955256756282303
PART-PIER-2,681,Pier/C3D8R,16.25,-15.0,25.0,0.0005152236,0.027671577,-0.009578619,0.00122722,0.0148436,-0.0231684,0.018701499416199304,63.85585587176057,5.955256756282303
PART-PIER-1,482,Pier/C3D8R,-16.25,15.0,25.0,-0.0005152236,-0.027671577,-0.009578619,-0.00122722,-0.0148436,-0.0231684,0.018701499416199304,63.85585587176057,5.955256756282303
PART-PIER-1,681,Pier/C3D8R,16.25,15.0,25.0,0.0005152236,-0.027671577,-0.009578619,0.00122722,-0.0148436,-0.0231684,0.018701499416199304,63.85585587176057,5.955256756282303
PART-SUPPORTBEAM-2,128,SupportBeam/B31,-126.92308,10.0,-30.0,-0.010488422,0.0025626945,-0.23868121,0.00492598,0.000266219,-0.22835,0.018697900652314,7.825835690646792,4.403891137757663
PART-SUPPORTBEAM-2,251,SupportBeam/B31,126.92308,10.0,-30.0,0.010488422,0.0025626945,-0.23868121,-0.00492598,0.000266219,-0.22835,0.018697900652314,7.825835690646792,4.403891137757663
PART-SUPPORTBEAM-1,128,SupportBeam/B31,-126.92308,-10.0,-30.0,-0.010488422,-0.0025626945,-0.23868121,0.00492598,-0.000266219,-0.22835,0.018697900652314,7.825835690646792,4.403891137757663
PART-SUPPORTBEAM-1,251,SupportBeam/B31,126.92308,-10.0,-30.0,0.010488422,-0.0025626945,-0.23868121,-0.00492598,-0.000266219,-0.22835,0.018697900652314,7.825835690646792,4.403891137757663
PART-PIER-2,443,Pier/C3D8R,0.0,-15.0,25.0,4.6572108e-17,0.028136572,-0.00973879,-1.75446e-14,0.0154211,-0.0234396,0.018692121945859543,62.77932056341383,5.76602909657774
PART-PIER-1,443,Pier/C3D8R,0.0,15.0,25.0,-5.1248284e-15,-0.028136572,-0.00973879,-4.26193e-14,-0.0154211,-0.0234396,0.018692121945859543,62.77932056341383,5.76602909657774
PART-PIER-2,735,Pier/C3D8R,-10.83333,-15.0,25.0,-0.00035306855,0.027932886,-0.009677967,-0.000764474,0.0154586,-0.0232876,0.018466163002875683,62.46151952479407,5.419461996292844
PART-PIER-2,813,Pier/C3D8R,10.83333,-15.0,25.0,0.00035306855,0.027932886,-0.009677967,0.000764474,0.0154586,-0.0232876,0.018466163002875683,62.46151952479407,5.419461996292844
PART-PIER-1,735,Pier/C3D8R,-10.83333,15.0,25.0,-0.00035306855,-0.027932886,-0.009677967,-0.000764474,-0.0154586,-0.0232876,0.018466163002875683,62.46151952479407,5.419461996292844
PART-PIER-1,813,Pier/C3D8R,10.83333,15.0,25.0,0.00035306855,-0.027932886,-0.009677967,0.000764474,-0.0154586,-0.0232876,0.018466163002875683,62.46151952479407,5.419461996292844
PART-PIER-2,377,Pier/C3D8R,-5.5,-20.0,20.0,-8.756832e-05,0.024213294,-0.0055541988,-0.000300785,0.0120698,-0.0194636,0.018465680318450976,74.33157314683473,7.801661709707948
PART-PIER-2,537,Pier/C3D8R,5.5,-20.0,20.0,8.756832e-05,0.024213294,-0.0055541988,0.000300785,0.0120698,-0.0194636,0.018465680318450976,74.33157314683473,7.801661709707948
PART-PIER-1,299,Pier/C3D8R,-5.5,20.0,20.0,-8.756832e-05,-0.024213294,-0.0055541988,-0.000300785,-0.0120698,-0.0194636,0.018465680318450976,74.33157314683473,7.801661709707948
PART-PIER-1,615,Pier/C3D8R,5.5,20.0,20.0,8.756832e-05,-0.024213294,-0.0055541988,0.000300785,-0.0120698,-0.0194636,0.018465680318450976,74.33157314683473,7.801661709707948
PART-PIER-2,128,Pier/C3D8R,-16.5,-20.0,20.0,-0.0002696308,0.023784135,-0.005449381,-0.000960418,0.0115463,-0.0191738,0.018401126849475005,75.4085311496978,8.193499374916682
PART-PIER-2,204,Pier/C3D8R,16.5,-20.0,20.0,0.0002696308,0.023784135,-0.005449381,0.000960418,0.0115463,-0.0191738,0.018401126849475005,75.4085311496978,8.193499374916682
PART-PIER-1,38,Pier/C3D8R,-16.5,20.0,20.0,-0.0002696308,-0.023784135,-0.005449381,-0.000960418,-0.0115463,-0.0191738,0.018401126849475005,75.4085311496978,8.193499374916682
PART-PIER-1,255,Pier/C3D8R,16.5,20.0,20.0,0.0002696308,-0.023784135,-0.005449381,0.000960418,-0.0115463,-0.0191738,0.018401126849475005,75.4085311496978,8.193499374916682
PART-PIER-2,155,Pier/C3D8R,0.0,-20.0,20.0,-7.0180687e-16,0.024266805,-0.0055624167,-2.77945e-14,0.0122317,-0.0193829,0.01832619739625774,73.61056671837895,7.93889750358651
PART-PIER-1,89,Pier/C3D8R,0.0,20.0,20.0,-4.0146943e-15,-0.024266805,-0.0055624167,-5.30511e-14,-0.0122317,-0.0193829,0.01832619739625774,73.61056671837895,7.93889750358651
PART-PIER-2,151,Pier/C3D8R,0.0,-20.0,0.0,-4.4034122e-16,0.012055557,-0.00435045,-1.42154e-14,0.00238641,-0.0198392,0.01825907391600431,142.4652825448705,55.90996222411102
PART-PIER-1,93,Pier/C3D8R,0.0,20.0,0.0,-2.0402464e-15,-0.012055557,-0.00435045,-3.25915e-14,-0.00238641,-0.0198392,0.01825907391600431,142.4652825448705,55.90996222411102
PART-PIER-2,301,Pier/C3D8R,-5.41667,-10.0,25.0,-0.00026693058,0.02830863,-0.01358185,-0.000447865,0.0157366,-0.0267157,0.018182043103230745,57.90587521457917,1.2424398017933904
PART-PIER-2,617,Pier/C3D8R,5.41667,-10.0,25.0,0.00026693058,0.02830863,-0.01358185,0.000447865,0.0157366,-0.0267157,0.018182043103230745,57.90587521457917,1.2424398017933904
PART-PIER-1,379,Pier/C3D8R,-5.41667,10.0,25.0,-0.00026693058,-0.02830863,-0.01358185,-0.000447865,-0.0157366,-0.0267157,0.018182043103230745,57.90587521457917,1.2424398017933904
PART-PIER-1,539,Pier/C3D8R,5.41667,10.0,25.0,0.00026693058,-0.02830863,-0.01358185,0.000447865,-0.0157366,-0.0267157,0.018182043103230745,57.90587521457917,1.2424398017933904
PART-PIER-2,378,Pier/C3D8R,-11.0,-20.0,20.0,-0.00016901683,0.02405944,-0.005502424,-0.000586966,0.0120719,-0.0190599,0.018101959900819573,73.3430955286205,8.558369538688627
PART-PIER-2,538,Pier/C3D8R,11.0,-20.0,20.0,0.00016901683,0.02405944,-0.005502424,0.000586966,0.0120719,-0.0190599,0.018101959900819573,73.3430955286205,8.558369538688627
PART-PIER-1,300,Pier/C3D8R,-11.0,20.0,20.0,-0.00016901683,-0.02405944,-0.005502424,-0.000586966,-0.0120719,-0.0190599,0.018101959900819573,73.3430955286205,8.558369538688627
PART-PIER-1,616,Pier/C3D8R,11.0,20.0,20.0,0.00016901683,-0.02405944,-0.005502424,0.000586966,-0.0120719,-0.0190599,0.018101959900819573,73.3430955286205,8.558369538688627
PART-PIER-2,39,Pier/C3D8R,-16.25,-10.0,25.0,-0.00079187384,0.027913177,-0.013438364,-0.00132006,0.0153962,-0.0264437,0.018058030299870485,58.27105240390102,1.1682262122232567
PART-PIER-2,254,Pier/C3D8R,16.25,-10.0,25.0,0.00079187384,0.027913177,-0.013438364,0.00132006,0.0153962,-0.0264437,0.018058030299870485,58.27105240390102,1.1682262122232567
PART-PIER-1,127,Pier/C3D8R,-16.25,10.0,25.0,-0.00079187384,-0.027913177,-0.013438364,-0.00132006,-0.0153962,-0.0264437,0.018058030299870485,58.27105240390102,1.1682262122232567
PART-PIER-1,205,Pier/C3D8R,16.25,10.0,25.0,0.00079187384,-0.027913177,-0.013438364,0.00132006,-0.0153962,-0.0264437,0.018058030299870485,58.27105240390102,1.1682262122232567
PART-FLOOR-1,54,Floor/S4R,110.0,10.0,0.0,-0.00804837,0.00014333299,-0.3456851,-0.00528553,0.000183616,-0.327955,0.017944117520694507,5.189478655916199,5.1423534360667
PART-FLOOR-1,60,Floor/S4R,110.0,-10.0,0.0,-0.00804837,-0.00014333299,-0.3456851,-0.00528553,-0.000183616,-0.327955,0.017944117520694507,5.189478655916199,5.1423534360667
PART-FLOOR-1,153,Floor/S4R,-110.0,10.0,0.0,0.00804837,0.00014333299,-0.3456851,0.00528553,0.000183616,-0.327955,0.017944117520694507,5.189478655916199,5.1423534360667
PART-FLOOR-1,171,Floor/S4R,-110.0,-10.0,0.0,0.00804837,-0.00014333299,-0.3456851,0.00528553,-0.000183616,-0.327955,0.017944117520694507,5.189478655916199,5.1423534360667
PART-FLOOR-1,196,Floor/S4R,-215.0,10.0,0.0,0.0034163385,0.0012008131,-0.43510333,0.00772828,-0.000499272,-0.452323,0.01783255909160441,4.098323383925058,3.969239990471965
PART-FLOOR-1,212,Floor/S4R,-215.0,-10.0,0.0,0.0034163385,-0.0012008131,-0.43510333,0.00772828,0.000499272,-0.452323,0.01783255909160441,4.098323383925058,3.969239990471965
PART-FLOOR-1,217,Floor/S4R,215.0,-10.0,0.0,-0.0034163385,-0.0012008131,-0.43510333,-0.00772828,0.000499272,-0.452323,0.01783255909160441,4.098323383925058,3.969239990471965
PART-FLOOR-1,233,Floor/S4R,215.0,10.0,0.0,-0.0034163385,0.0012008131,-0.43510333,-0.00772828,-0.000499272,-0.452323,0.01783255909160441,4.098323383925058,3.969239990471965
PART-SUPPORTBEAM-2,76,SupportBeam/B31,-106.66666,10.0,-4.0,0.0076310523,0.0004625025,-0.23611602,0.00702023,0.000194618,-0.218359,0.01776954206691658,7.5218254771325626,7.521108083566437
PART-SUPPORTBEAM-2,265,SupportBeam/B31,106.66666,10.0,-4.0,-0.0076310523,0.0004625025,-0.23611602,-0.00702023,0.000194618,-0.218359,0.01776954206691658,7.5218254771325626,7.521108083566437
PART-SUPPORTBEAM-1,76,SupportBeam/B31,-106.66666,-10.0,-4.0,0.0076310523,-0.0004625025,-0.23611602,0.00702023,-0.000194618,-0.218359,0.01776954206691658,7.5218254771325626,7.521108083566437
PART-SUPPORTBEAM-1,265,SupportBeam/B31,106.66666,-10.0,-4.0,-0.0076310523,-0.0004625025,-0.23611602,-0.00702023,-0.000194618,-0.218359,0.01776954206691658,7.5218254771325626,7.521108083566437
PART-PIER-2,733,Pier/C3D8R,-11.0,-15.0,20.0,-0.00035759096,0.024195923,-0.009096483,-0.000885792,0.0121314,-0.0221274,0.01776616192139076,68.72306229514369,2.3268219636481424
PART-PIER-2,811,Pier/C3D8R,11.0,-15.0,20.0,0.00035759096,0.024195923,-0.009096483,0.000885792,0.0121314,-0.0221274,0.01776616192139076,68.72306229514369,2.3268219636481424
PART-PIER-1,733,Pier/C3D8R,-11.0,15.0,20.0,-0.00035759096,-0.024195923,-0.009096483,-0.000885792,-0.0121314,-0.0221274,0.01776616192139076,68.72306229514369,2.3268219636481424
PART-PIER-1,811,Pier/C3D8R,11.0,15.0,20.0,0.00035759096,-0.024195923,-0.009096483,0.000885792,-0.0121314,-0.0221274,0.01776616192139076,68.72306229514369,2.3268219636481424
PART-PIER-2,302,Pier/C3D8R,-10.83333,-10.0,25.0,-0.000545843,0.028155524,-0.013571721,-0.00117699,0.0158432,-0.0263516,0.017757166893151224,56.80372511342513,1.5689626479969525
PART-PIER-2,618,Pier/C3D8R,10.83333,-10.0,25.0,0.000545843,0.028155524,-0.013571721,0.00117699,0.0158432,-0.0263516,0.017757166893151224,56.80372511342513,1.5689626479969525
PART-PIER-1,380,Pier/C3D8R,-10.83333,10.0,25.0,-0.000545843,-0.028155524,-0.013571721,-0.00117699,-0.0158432,-0.0263516,0.017757166893151224,56.80372511342513,1.5689626479969525
PART-PIER-1,540,Pier/C3D8R,10.83333,10.0,25.0,0.000545843,-0.028155524,-0.013571721,0.00117699,-0.0158432,-0.0263516,0.017757166893151224,56.80372511342513,1.5689626479969525
PART-PIER-2,89,Pier/C3D8R,0.0,-10.0,20.0,8.241043e-16,0.024597123,-0.012775933,-3.02893e-15,0.0123097,-0.0254461,0.017649756252957657,63.678001915933294,1.9842243882782777
PART-PIER-1,155,Pier/C3D8R,0.0,10.0,20.0,-4.954139e-15,-0.024597123,-0.012775933,-2.12106e-14,-0.0123097,-0.0254461,0.017649756252957657,63.678001915933294,1.9842243882782777
PART-FLOOR-1,198,Floor/S4R,-225.0,10.0,0.0,0.0037802223,0.0009099811,-0.5573568,0.00578437,-0.000602872,-0.574687,0.01751117256341201,3.141748063976019,3.112125262152963
PART-FLOOR-1,210,Floor/S4R,-225.0,-10.0,0.0,0.0037802223,-0.0009099811,-0.5573568,0.00578437,0.000602872,-0.574687,0.01751117256341201,3.141748063976019,3.112125262152963
PART-FLOOR-1,219,Floor/S4R,225.0,-10.0,0.0,-0.0037802223,-0.0009099811,-0.5573568,-0.00578437,0.000602872,-0.574687,0.01751117256341201,3.141748063976019,3.112125262152963
PART-FLOOR-1,231,Floor/S4R,225.0,10.0,0.0,-0.0037802223,0.0009099811,-0.5573568,-0.00578437,-0.000602872,-0.574687,0.01751117256341201,3.141748063976019,3.112125262152963
PART-PIER-2,376,Pier/C3D8R,-11.16667,-20.0,15.0,-0.00019484093,0.020593435,-0.005213673,-0.000714018,0.00917297,-0.0184688,0.017504141150949615,82.39547651420853,2.8730444657852483
PART-PIER-2,536,Pier/C3D8R,11.16667,-20.0,15.0,0.00019484093,0.020593435,-0.005213673,0.000714018,0.00917297,-0.0184688,0.017504141150949615,82.39547651420853,2.8730444657852483
PART-PIER-1,298,Pier/C3D8R,-11.16667,20.0,15.0,-0.00019484093,-0.020593435,-0.005213673,-0.000714018,-0.00917297,-0.0184688,0.017504141150949615,82.39547651420853,2.8730444657852483
PART-PIER-1,614,Pier/C3D8R,11.16667,20.0,15.0,0.00019484093,-0.020593435,-0.005213673,0.000714018,-0.00917297,-0.0184688,0.017504141150949615,82.39547651420853,2.8730444657852483
PART-PIER-2,88,Pier/C3D8R,0.0,-10.0,25.0,8.066258e-16,0.028362138,-0.013637816,-5.09257e-15,0.0164858,-0.0264648,0.017480815851283946,55.54643427947939,0.9247952123179742
PART-PIER-1,156,Pier/C3D8R,0.0,10.0,25.0,-5.6038446e-15,-0.028362138,-0.013637816,-2.45534e-14,-0.0164858,-0.0264648,0.017480815851283946,55.54643427947939,0.9247952123179742
PART-SUPPORTBEAM-2,129,SupportBeam/B31,-130.76923,10.0,-30.0,-0.010597526,0.0025534062,-0.23615238,0.00384368,0.000285733,-0.226581,0.01747289579837395,7.391121920919352,4.1412429333313865
PART-SUPPORTBEAM-2,252,SupportBeam/B31,130.76923,10.0,-30.0,0.010597526,0.0025534062,-0.23615238,-0.00384368,0.000285733,-0.226581,0.01747289579837395,7.391121920919352,4.1412429333313865
PART-SUPPORTBEAM-1,129,SupportBeam/B31,-130.76923,-10.0,-30.0,-0.010597526,-0.0025534062,-0.23615238,0.00384368,-0.000285733,-0.226581,0.01747289579837395,7.391121920919352,4.1412429333313865
PART-SUPPORTBEAM-1,252,SupportBeam/B31,130.76923,-10.0,-30.0,0.010597526,-0.0025534062,-0.23615238,-0.00384368,-0.000285733,-0.226581,0.01747289579837395,7.391121920919352,4.1412429333313865
PART-PIER-2,442,Pier/C3D8R,0.0,-15.0,20.0,-5.2428494e-18,0.024404764,-0.009160777,-1.5889e-14,0.0126846,-0.0221139,0.01746841834969683,67.01235953549278,2.2014319086175593
PART-PIER-1,442,Pier/C3D8R,0.0,15.0,20.0,-4.5545372e-15,-0.024404764,-0.009160777,-3.67909e-14,-0.0126846,-0.0221139,0.01746841834969683,67.01235953549278,2.2014319086175593
PART-PIER-2,732,Pier/C3D8R,-5.5,-15.0,20.0,-0.00018574978,0.024343563,-0.009161227,-0.000420884,0.0125628,-0.0220489,0.01746235322969138,67.13451771429571,2.4250534724486577
PART-PIER-2,810,Pier/C3D8R,5.5,-15.0,20.0,0.00018574978,0.024343563,-0.009161227,0.000420884,0.0125628,-0.0220489,0.01746235322969138,67.13451771429571,2.4250534724486577
PART-PIER-1,732,Pier/C3D8R,-5.5,15.0,20.0,-0.00018574978,-0.024343563,-0.009161227,-0.000420884,-0.0125628,-0.0220489,0.01746235322969138,67.13451771429571,2.4250534724486577
PART-PIER-1,810,Pier/C3D8R,5.5,15.0,20.0,0.00018574978,-0.024343563,-0.009161227,0.000420884,-0.0125628,-0.0220489,0.01746235322969138,67.13451771429571,2.4250534724486577
PART-FLOOR-1,459,Floor/S4R,-215.0,0.0,0.0,0.003543455,5.33493e-16,-0.4349439,0.00779366,-2.73623e-14,-0.45182,0.017403074261521302,4.001089967829911,3.892069212630451
PART-FLOOR-1,486,Floor/S4R,215.0,0.0,0.0,-0.003543455,1.116753e-15,-0.4349439,-0.00779366,-8.251e-15,-0.45182,0.017403074261521302,4.001089967829911,3.892069212630451
PART-FLOOR-1,461,Floor/S4R,-220.0,-5.0,0.0,0.0037579704,-0.00044426988,-0.5070701,0.00679947,0.000289847,-0.524145,0.017359200944176586,3.4233368470746735,3.3731993236528464
PART-FLOOR-1,463,Floor/S4R,-220.0,5.0,0.0,0.0037579704,0.00044426988,-0.5070701,0.00679947,-0.000289847,-0.524145,0.017359200944176586,3.4233368470746735,3.3731993236528464
PART-FLOOR-1,488,Floor/S4R,220.0,5.0,0.0,-0.0037579704,0.00044426988,-0.5070701,-0.00679947,-0.000289847,-0.524145,0.017359200944176586,3.4233368470746735,3.3731993236528464
PART-FLOOR-1,490,Floor/S4R,220.0,-5.0,0.0,-0.0037579704,-0.00044426988,-0.5070701,-0.00679947,0.000289847,-0.524145,0.017359200944176586,3.4233368470746735,3.3731993236528464
PART-PIER-2,481,Pier/C3D8R,-16.5,-15.0,20.0,-0.00055381155,0.023939446,-0.009031435,-0.00120939,0.0122182,-0.0217564,0.017313062269507535,67.64925028994294,2.3860235606817635
PART-PIER-2,680,Pier/C3D8R,16.5,-15.0,20.0,0.00055381155,0.023939446,-0.009031435,0.00120939,0.0122182,-0.0217564,0.017313062269507535,67.64925028994294,2.3860235606817635
PART-PIER-1,481,Pier/C3D8R,-16.5,15.0,20.0,-0.00055381155,-0.023939446,-0.009031435,-0.00120939,-0.0122182,-0.0217564,0.017313062269507535,67.64925028994294,2.3860235606817635
PART-PIER-1,680,Pier/C3D8R,16.5,15.0,20.0,0.00055381155,-0.023939446,-0.009031435,0.00120939,-0.0122182,-0.0217564,0.017313062269507535,67.64925028994294,2.3860235606817635
PART-FLOOR-1,285,Floor/S4R,110.0,0.0,0.0,-0.008047986,6.9548274e-15,-0.36492765,-0.00530343,-1.24128e-13,-0.347892,0.01725531682003076,4.727271877810264,4.680327264396182
PART-FLOOR-1,402,Floor/S4R,-110.0,0.0,0.0,0.008047986,4.4033283e-15,-0.36492765,0.00530343,-2.25883e-13,-0.347892,0.01725531682003076,4.727271877810264,4.680327264396182
PART-PIER-2,154,Pier/C3D8R,0.0,-20.0,15.0,-6.675282e-16,0.020804655,-0.0052780006,-2.47558e-14,0.00940536,-0.0181431,0.017188796033140462,80.08305145920984,4.787823403713211
PART-PIER-1,90,Pier/C3D8R,0.0,20.0,15.0,-3.4956349e-15,-0.020804655,-0.0052780006,-4.62678e-14,-0.00940536,-0.0181431,0.017188796033140462,80.08305145920984,4.787823403713211
PART-FLOOR-1,455,Floor/S4R,-210.0,-5.0,0.0,0.0030731375,-0.0004902679,-0.34041068,0.00876976,4.28257e-05,-0.356612,0.017181922664133546,5.047199084932245,4.786639878507303
PART-FLOOR-1,457,Floor/S4R,-210.0,5.0,0.0,0.0030731375,0.0004902679,-0.34041068,0.00876976,-4.28257e-05,-0.356612,0.017181922664133546,5.047199084932245,4.786639878507303
PART-FLOOR-1,482,Floor/S4R,210.0,5.0,0.0,-0.0030731375,0.0004902679,-0.34041068,-0.00876976,-4.28257e-05,-0.356612,0.017181922664133546,5.047199084932245,4.786639878507303
PART-FLOOR-1,484,Floor/S4R,210.0,-5.0,0.0,-0.0030731375,-0.0004902679,-0.34041068,-0.00876976,4.28257e-05,-0.356612,0.017181922664133546,5.047199084932245,4.786639878507303
PART-PIER-2,375,Pier/C3D8R,-5.58333,-20.0,15.0,-9.339573e-05,0.020753298,-0.00526048,-0.000354876,0.00953004,-0.0181085,0.017061697160205468,79.69095721885152,4.407450786290741
PART-PIER-2,535,Pier/C3D8R,5.58333,-20.0,15.0,9.339573e-05,0.020753298,-0.00526048,0.000354876,0.00953004,-0.0181085,0.017061697160205468,79.69095721885152,4.407450786290741
PART-PIER-1,297,Pier/C3D8R,-5.58333,20.0,15.0,-9.339573e-05,-0.020753298,-0.00526048,-0.000354876,-0.00953004,-0.0181085,0.017061697160205468,79.69095721885152,4.407450786290741
PART-PIER-1,613,Pier/C3D8R,5.58333,20.0,15.0,9.339573e-05,-0.020753298,-0.00526048,0.000354876,-0.00953004,-0.0181085,0.017061697160205468,79.69095721885152,4.407450786290741
PART-PIER-2,300,Pier/C3D8R,-11.0,-10.0,20.0,-0.00054386345,0.024390437,-0.01271057,-0.000868824,0.0126472,-0.0250658,0.017048780688076356,61.975172215906035,2.1087957841757046
PART-PIER-2,616,Pier/C3D8R,11.0,-10.0,20.0,0.00054386345,0.024390437,-0.01271057,0.000868824,0.0126472,-0.0250658,0.017048780688076356,61.975172215906035,2.1087957841757046
PART-PIER-1,378,Pier/C3D8R,-11.0,10.0,20.0,-0.00054386345,-0.024390437,-0.01271057,-0.000868824,-0.0126472,-0.0250658,0.017048780688076356,61.975172215906035,2.1087957841757046
PART-PIER-1,538,Pier/C3D8R,11.0,10.0,20.0,0.00054386345,-0.024390437,-0.01271057,0.000868824,-0.0126472,-0.0250658,0.017048780688076356,61.975172215906035,2.1087957841757046
PART-FLOOR-1,453,Floor/S4R,-205.0,0.0,0.0,0.0019276461,8.6034883e-16,-0.26641104,0.00914422,-4.30055e-14,-0.281817,0.01701242317765935,6.385612946307395,5.83567902767993
PART-FLOOR-1,480,Floor/S4R,205.0,0.0,0.0,-0.0019276461,1.8464888e-15,-0.26641104,-0.00914422,-1.1259e-14,-0.281817,0.01701242317765935,6.385612946307395,5.83567902767993
PART-PIER-2,129,Pier/C3D8R,-16.75,-20.0,15.0,-0.0002763849,0.02034156,-0.0051474455,-0.000927326,0.00907741,-0.0177272,0.016898373377885797,80.52766183714394,4.988578688081223
PART-PIER-2,203,Pier/C3D8R,16.75,-20.0,15.0,0.0002763849,0.02034156,-0.0051474455,0.000927326,0.00907741,-0.0177272,0.016898373377885797,80.52766183714394,4.988578688081223
PART-PIER-1,37,Pier/C3D8R,-16.75,20.0,15.0,-0.0002763849,-0.02034156,-0.0051474455,-0.000927326,-0.00907741,-0.0177272,0.016898373377885797,80.52766183714394,4.988578688081223
PART-PIER-1,256,Pier/C3D8R,16.75,20.0,15.0,0.0002763849,-0.02034156,-0.0051474455,0.000927326,-0.00907741,-0.0177272,0.016898373377885797,80.52766183714394,4.988578688081223
PART-PIER-2,441,Pier/C3D8R,0.0,-15.0,15.0,4.7872065e-17,0.020919057,-0.008622583,-1.35283e-14,0.00967576,-0.0211877,0.0168610169519486,74.51908195172112,2.94356339667983
PART-PIER-1,441,Pier/C3D8R,0.0,15.0,15.0,-3.890248e-15,-0.020919057,-0.008622583,-3.21224e-14,-0.00967576,-0.0211877,0.0168610169519486,74.51908195172112,2.94356339667983
PART-PIER-2,480,Pier/C3D8R,-16.75,-15.0,15.0,-0.00055903016,0.020442609,-0.0084666535,-0.00140425,0.00909456,-0.0207483,0.016743101667113323,75.6455743811708,2.547471167425344
PART-PIER-2,679,Pier/C3D8R,16.75,-15.0,15.0,0.00055903016,0.020442609,-0.0084666535,0.00140425,0.00909456,-0.0207483,0.016743101667113323,75.6455743811708,2.547471167425344
PART-PIER-1,480,Pier/C3D8R,-16.75,15.0,15.0,-0.00055903016,-0.020442609,-0.0084666535,-0.00140425,-0.00909456,-0.0207483,0.016743101667113323,75.6455743811708,2.547471167425344
PART-PIER-1,679,Pier/C3D8R,16.75,15.0,15.0,0.00055903016,-0.020442609,-0.0084666535,0.00140425,-0.00909456,-0.0207483,0.016743101667113323,75.6455743811708,2.547471167425344
PART-PIER-2,730,Pier/C3D8R,-5.58333,-15.0,15.0,-0.00018488978,0.020873774,-0.00859833,-0.000413607,0.0097082,-0.0209947,0.016685093451734113,73.9060324382635,2.4727384168197037
PART-PIER-2,808,Pier/C3D8R,5.58333,-15.0,15.0,0.00018488978,0.020873774,-0.00859833,0.000413607,0.0097082,-0.0209947,0.016685093451734113,73.9060324382635,2.4727384168197037
PART-PIER-1,730,Pier/C3D8R,-5.58333,15.0,15.0,-0.00018488978,-0.020873774,-0.00859833,-0.000413607,-0.0097082,-0.0209947,0.016685093451734113,73.9060324382635,2.4727384168197037
PART-PIER-1,808,Pier/C3D8R,5.58333,15.0,15.0,0.00018488978,-0.020873774,-0.00859833,0.000413607,-0.0097082,-0.0209947,0.016685093451734113,73.9060324382635,2.4727384168197037
PART-PIER-2,38,Pier/C3D8R,-16.5,-10.0,20.0,-0.00084306864,0.024119247,-0.012636483,-0.00186552,0.012477,-0.0244752,0.016635580609003817,61.06580727634196,1.0763343466137734
PART-PIER-2,255,Pier/C3D8R,16.5,-10.0,20.0,0.00084306864,0.024119247,-0.012636483,0.00186552,0.012477,-0.0244752,0.016635580609003817,61.06580727634196,1.0763343466137734
PART-PIER-1,128,Pier/C3D8R,-16.5,10.0,20.0,-0.00084306864,-0.024119247,-0.012636483,-0.00186552,-0.012477,-0.0244752,0.016635580609003817,61.06580727634196,1.0763343466137734
PART-PIER-1,204,Pier/C3D8R,16.5,10.0,20.0,0.00084306864,-0.024119247,-0.012636483,0.00186552,-0.012477,-0.0244752,0.016635580609003817,61.06580727634196,1.0763343466137734
PART-FLOOR-1,23,Floor/S4R,200.0,-5.0,0.0,-0.0017048689,8.293409e-05,-0.19777885,-0.00985139,0.000111069,-0.212281,0.016633669235271143,8.409923416504192,7.44403699230189
PART-FLOOR-1,25,Floor/S4R,200.0,5.0,0.0,-0.0017048689,-8.293409e-05,-0.19777885,-0.00985139,-0.000111069,-0.212281,0.016633669235271143,8.409923416504192,7.44403699230189
PART-FLOOR-1,182,Floor/S4R,-200.0,5.0,0.0,0.0017048689,-8.293409e-05,-0.19777885,0.00985139,-0.000111069,-0.212281,0.016633669235271143,8.409923416504192,7.44403699230189
PART-FLOOR-1,184,Floor/S4R,-200.0,-5.0,0.0,0.0017048689,8.293409e-05,-0.19777885,0.00985139,0.000111069,-0.212281,0.016633669235271143,8.409923416504192,7.44403699230189
PART-PIER-2,299,Pier/C3D8R,-5.5,-10.0,20.0,-0.00027844447,0.024546817,-0.012785182,-0.000578507,0.0131484,-0.0248139,0.016574196944386867,59.88169971641635,1.481040793930226
PART-PIER-2,615,Pier/C3D8R,5.5,-10.0,20.0,0.00027844447,0.024546817,-0.012785182,0.000578507,0.0131484,-0.0248139,0.016574196944386867,59.88169971641635,1.481040793930226
PART-PIER-1,377,Pier/C3D8R,-5.5,10.0,20.0,-0.00027844447,-0.024546817,-0.012785182,-0.000578507,-0.0131484,-0.0248139,0.016574196944386867,59.88169971641635,1.481040793930226
PART-PIER-1,537,Pier/C3D8R,5.5,10.0,20.0,0.00027844447,-0.024546817,-0.012785182,0.000578507,-0.0131484,-0.0248139,0.016574196944386867,59.88169971641635,1.481040793930226
PART-FLOOR-1,194,Floor/S4R,-205.0,10.0,0.0,0.0028977906,0.0012206958,-0.2126215,0.0102784,5.33026e-06,-0.227382,0.016547594047509995,7.781802313610034,7.039647259149641
PART-FLOOR-1,214,Floor/S4R,-205.0,-10.0,0.0,0.0028977906,-0.0012206958,-0.2126215,0.0102784,-5.33026e-06,-0.227382,0.016547594047509995,7.781802313610034,7.039647259149641
PART-FLOOR-1,215,Floor/S4R,205.0,-10.0,0.0,-0.0028977906,-0.0012206958,-0.2126215,-0.0102784,-5.33026e-06,-0.227382,0.016547594047509995,7.781802313610034,7.039647259149641
PART-FLOOR-1,235,Floor/S4R,205.0,10.0,0.0,-0.0028977906,0.0012206958,-0.2126215,-0.0102784,5.33026e-06,-0.227382,0.016547594047509995,7.781802313610034,7.039647259149641
PART-FLOOR-1,465,Floor/S4R,-225.0,0.0,0.0,0.0038366083,2.9238233e-16,-0.5360862,0.0058086,-1.50822e-14,-0.552509,0.01654077117624421,3.08538955058511,3.0665185756627102
PART-FLOOR-1,492,Floor/S4R,225.0,0.0,0.0,-0.0038366083,5.642355e-16,-0.5360862,-0.0058086,-5.28806e-15,-0.552509,0.01654077117624421,3.08538955058511,3.0665185756627102
PART-PIER-2,130,Pier/C3D8R,-17.0,-20.0,10.0,-0.00031850167,0.017116124,-0.004859057,-0.00115838,0.00655589,-0.0175337,0.016518792719851186,92.8265881879604,5.393172986259893
PART-PIER-2,202,Pier/C3D8R,17.0,-20.0,10.0,0.00031850167,0.017116124,-0.004859057,0.00115838,0.00655589,-0.0175337,0.016518792719851186,92.8265881879604,5.393172986259893
PART-PIER-1,36,Pier/C3D8R,-17.0,20.0,10.0,-0.00031850167,-0.017116124,-0.004859057,-0.00115838,-0.00655589,-0.0175337,0.016518792719851186,92.8265881879604,5.393172986259893
PART-PIER-1,257,Pier/C3D8R,17.0,20.0,10.0,0.00031850167,-0.017116124,-0.004859057,0.00115838,-0.00655589,-0.0175337,0.016518792719851186,92.8265881879604,5.393172986259893
PART-PIER-2,724,Pier/C3D8R,-5.83333,-15.0,0.0,-0.00021746369,0.012168562,-0.0068027806,-0.00104702,0.00237301,-0.0200769,0.016517967444622878,118.47032373849893,45.19240398607236
PART-PIER-2,802,Pier/C3D8R,5.83333,-15.0,0.0,0.00021746369,0.012168562,-0.0068027806,0.00104702,0.00237301,-0.0200769,0.016517967444622878,118.47032373849893,45.19240398607236
PART-PIER-1,724,Pier/C3D8R,-5.83333,15.0,0.0,-0.00021746369,-0.012168562,-0.0068027806,-0.00104702,-0.00237301,-0.0200769,0.016517967444622878,118.47032373849893,45.19240398607236
PART-PIER-1,802,Pier/C3D8R,5.83333,15.0,0.0,0.00021746369,-0.012168562,-0.0068027806,0.00104702,-0.00237301,-0.0200769,0.016517967444622878,118.47032373849893,45.19240398607236
PART-PIER-2,153,Pier/C3D8R,0.0,-20.0,10.0,-5.3151566e-16,0.017605785,-0.004997148,-2.1635e-14,0.00725518,-0.0178654,0.01651444620329513,90.23679226814602,5.361090515212416
PART-PIER-1,91,Pier/C3D8R,0.0,20.0,10.0,-2.955384e-15,-0.017605785,-0.004997148,-4.06427e-14,-0.00725518,-0.0178654,0.01651444620329513,90.23679226814602,5.361090515212416
PART-PIER-2,373,Pier/C3D8R,-5.66667,-20.0,10.0,-0.00010469969,0.017551476,-0.004976682,-0.000308422,0.00700521,-0.0175889,0.016441814747827313,90.12324043652629,3.7897193562750764
PART-PIER-2,533,Pier/C3D8R,5.66667,-20.0,10.0,0.00010469969,0.017551476,-0.004976682,0.000308422,0.00700521,-0.0175889,0.016441814747827313,90.12324043652629,3.7897193562750764
PART-PIER-1,295,Pier/C3D8R,-5.66667,20.0,10.0,-0.00010469969,-0.017551476,-0.004976682,-0.000308422,-0.00700521,-0.0175889,0.016441814747827313,90.12324043652629,3.7897193562750764
PART-PIER-1,611,Pier/C3D8R,5.66667,20.0,10.0,0.00010469969,-0.017551476,-0.004976682,0.000308422,-0.00700521,-0.0175889,0.016441814747827313,90.12324043652629,3.7897193562750764
PART-PIER-2,292,Pier/C3D8R,-11.66667,-10.0,0.0,-0.0006051582,0.012225178,-0.009260981,-0.00218849,0.0016114,-0.0216769,0.016410797288271408,106.91879474098994,42.333884995506224
PART-PIER-2,608,Pier/C3D8R,11.66667,-10.0,0.0,0.0006051582,0.012225178,-0.009260981,0.00218849,0.0016114,-0.0216769,0.016410797288271408,106.91879474098994,42.333884995506224
PART-PIER-1,370,Pier/C3D8R,-11.66667,10.0,0.0,-0.0006051582,-0.012225178,-0.009260981,-0.00218849,-0.0016114,-0.0216769,0.016410797288271408,106.91879474098994,42.333884995506224
PART-PIER-1,530,Pier/C3D8R,11.66667,10.0,0.0,0.0006051582,-0.012225178,-0.009260981,0.00218849,-0.0016114,-0.0216769,0.016410797288271408,106.91879474098994,42.333884995506224
PART-PIER-2,91,Pier/C3D8R,0.0,-10.0,10.0,7.44497e-16,0.017958155,-0.011083102,-1.0785e-15,0.00682043,-0.0230235,0.016328564620750625,77.37609328769115,13.787888749595426
PART-PIER-1,153,Pier/C3D8R,0.0,10.0,10.0,-3.778531e-15,-0.017958155,-0.011083102,-1.44287e-14,-0.00682043,-0.0230235,0.016328564620750625,77.37609328769115,13.787888749595426
PART-SUPPORTBEAM-2,130,SupportBeam/B31,-134.61539,10.0,-30.0,-0.010706632,0.0025428033,-0.23249961,0.00276137,0.000303062,-0.223627,0.016282712525099427,6.995497597918245,3.91632622694487
PART-SUPPORTBEAM-2,253,SupportBeam/B31,134.61539,10.0,-30.0,0.010706632,0.0025428033,-0.23249961,-0.00276137,0.000303062,-0.223627,0.016282712525099427,6.995497597918245,3.91632622694487
PART-SUPPORTBEAM-1,130,SupportBeam/B31,-134.61539,-10.0,-30.0,-0.010706632,-0.0025428033,-0.23249961,0.00276137,-0.000303062,-0.223627,0.016282712525099427,6.995497597918245,3.91632622694487
PART-SUPPORTBEAM-1,253,SupportBeam/B31,134.61539,-10.0,-30.0,0.010706632,-0.0025428033,-0.23249961,-0.00276137,-0.000303062,-0.223627,0.016282712525099427,6.995497597918245,3.91632622694487
PART-PIER-2,370,Pier/C3D8R,-11.66667,-20.0,0.0,-0.00023471436,0.011839741,-0.0042801066,-0.00184161,0.00277641,-0.0176957,0.016269733516180763,129.20877702156452,43.00241891957935
PART-PIER-2,530,Pier/C3D8R,11.66667,-20.0,0.0,0.00023471436,0.011839741,-0.0042801066,0.00184161,0.00277641,-0.0176957,0.016269733516180763,129.20877702156452,43.00241891957935
PART-PIER-1,292,Pier/C3D8R,-11.66667,20.0,0.0,-0.00023471436,-0.011839741,-0.0042801066,-0.00184161,-0.00277641,-0.0176957,0.016269733516180763,129.20877702156452,43.00241891957935
PART-PIER-1,608,Pier/C3D8R,11.66667,20.0,0.0,0.00023471436,-0.011839741,-0.0042801066,0.00184161,-0.00277641,-0.0176957,0.016269733516180763,129.20877702156452,43.00241891957935
PART-PIER-2,297,Pier/C3D8R,-5.58333,-10.0,15.0,-0.00028054958,0.021097632,-0.011903182,-0.000492189,0.00994715,-0.0236491,0.01619705620596366,66.85955164266309,5.924079628993556
PART-PIER-2,613,Pier/C3D8R,5.58333,-10.0,15.0,0.00028054958,0.021097632,-0.011903182,0.000492189,0.00994715,-0.0236491,0.01619705620596366,66.85955164266309,5.924079628993556
PART-PIER-1,375,Pier/C3D8R,-5.58333,10.0,15.0,-0.00028054958,-0.021097632,-0.011903182,-0.000492189,-0.00994715,-0.0236491,0.01619705620596366,66.85955164266309,5.924079628993556
PART-PIER-1,535,Pier/C3D8R,5.58333,10.0,15.0,0.00028054958,-0.021097632,-0.011903182,0.000492189,-0.00994715,-0.0236491,0.01619705620596366,66.85955164266309,5.924079628993556
PART-PIER-2,731,Pier/C3D8R,-11.16667,-15.0,15.0,-0.00038448247,0.020709202,-0.008556364,-0.000811151,0.00981893,-0.0205374,0.016196459301395856,72.27176400707164,1.6415358584130981
PART-PIER-2,809,Pier/C3D8R,11.16667,-15.0,15.0,0.00038448247,0.020709202,-0.008556364,0.000811151,0.00981893,-0.0205374,0.016196459301395856,72.27176400707164,1.6415358584130981
PART-PIER-1,731,Pier/C3D8R,-11.16667,15.0,15.0,-0.00038448247,-0.020709202,-0.008556364,-0.000811151,-0.00981893,-0.0205374,0.016196459301395856,72.27176400707164,1.6415358584130981
PART-PIER-1,809,Pier/C3D8R,11.16667,15.0,15.0,0.00038448247,-0.020709202,-0.008556364,0.000811151,-0.00981893,-0.0205374,0.016196459301395856,72.27176400707164,1.6415358584130981
PART-SUPPORTBEAM-2,77,SupportBeam/B31,-110.0,10.0,-6.0,0.008387914,0.0006285711,-0.23805802,0.00899866,0.00020313,-0.221963,0.016112221436117544,6.763970026630709,6.742530052607239
PART-SUPPORTBEAM-2,266,SupportBeam/B31,110.0,10.0,-6.0,-0.008387914,0.0006285711,-0.23805802,-0.00899866,0.00020313,-0.221963,0.016112221436117544,6.763970026630709,6.742530052607239
PART-SUPPORTBEAM-1,77,SupportBeam/B31,-110.0,-10.0,-6.0,0.008387914,-0.0006285711,-0.23805802,0.00899866,-0.00020313,-0.221963,0.016112221436117544,6.763970026630709,6.742530052607239
PART-SUPPORTBEAM-1,266,SupportBeam/B31,110.0,-10.0,-6.0,-0.008387914,-0.0006285711,-0.23805802,-0.00899866,-0.00020313,-0.221963,0.016112221436117544,6.763970026630709,6.742530052607239
PART-PIER-2,37,Pier/C3D8R,-16.75,-10.0,15.0,-0.00083754264,0.020684734,-0.011750421,-0.00128217,0.00978149,-0.0231958,0.015813763741324757,66.43312197147235,5.891627136724825
PART-PIER-2,256,Pier/C3D8R,16.75,-10.0,15.0,0.00083754264,0.020684734,-0.011750421,0.00128217,0.00978149,-0.0231958,0.015813763741324757,66.43312197147235,5.891627136724825
PART-PIER-1,129,Pier/C3D8R,-16.75,10.0,15.0,-0.00083754264,-0.020684734,-0.011750421,-0.00128217,-0.00978149,-0.0231958,0.015813763741324757,66.43312197147235,5.891627136724825
PART-PIER-1,203,Pier/C3D8R,16.75,10.0,15.0,0.00083754264,-0.020684734,-0.011750421,0.00128217,-0.00978149,-0.0231958,0.015813763741324757,66.43312197147235,5.891627136724825
PART-PIER-2,374,Pier/C3D8R,-11.33333,-20.0,10.0,-0.00019972438,0.017392948,-0.004931618,-0.000660919,0.00699014,-0.0167349,0.015740031154159288,87.05916111253089,0.3786879741284527
PART-PIER-2,534,Pier/C3D8R,11.33333,-20.0,10.0,0.00019972438,0.017392948,-0.004931618,0.000660919,0.00699014,-0.0167349,0.015740031154159288,87.05916111253089,0.3786879741284527
PART-PIER-1,296,Pier/C3D8R,-11.33333,20.0,10.0,-0.00019972438,-0.017392948,-0.004931618,-0.000660919,-0.00699014,-0.0167349,0.015740031154159288,87.05916111253089,0.3786879741284527
PART-PIER-1,612,Pier/C3D8R,11.33333,20.0,10.0,0.00019972438,-0.017392948,-0.004931618,0.000660919,-0.00699014,-0.0167349,0.015740031154159288,87.05916111253089,0.3786879741284527
PART-PIER-2,729,Pier/C3D8R,-11.33333,-15.0,10.0,-0.00038778066,0.01754334,-0.007957157,-0.000958491,0.00710095,-0.0197022,0.015726260021891154,81.62077280520361,8.808799423494657
PART-PIER-2,807,Pier/C3D8R,11.33333,-15.0,10.0,0.00038778066,0.01754334,-0.007957157,0.000958491,0.00710095,-0.0197022,0.015726260021891154,81.62077280520361,8.808799423494657
PART-PIER-1,729,Pier/C3D8R,-11.33333,15.0,10.0,-0.00038778066,-0.01754334,-0.007957157,-0.000958491,-0.00710095,-0.0197022,0.015726260021891154,81.62077280520361,8.808799423494657
PART-PIER-1,807,Pier/C3D8R,11.33333,15.0,10.0,0.00038778066,-0.01754334,-0.007957157,0.000958491,-0.00710095,-0.0197022,0.015726260021891154,81.62077280520361,8.808799423494657
PART-FLOOR-1,297,Floor/S4R,85.0,0.0,0.0,-0.006159974,7.605693e-15,-0.40280682,-0.00389746,-1.7675e-13,-0.387252,0.01571850485359841,3.901787754366939,3.867979264872835
PART-FLOOR-1,390,Floor/S4R,-85.0,0.0,0.0,0.006159974,4.9106015e-15,-0.40280682,0.00389746,-2.6621e-13,-0.387252,0.01571850485359841,3.901787754366939,3.867979264872835
PART-PIER-2,477,Pier/C3D8R,-17.5,-15.0,0.0,-0.0006516807,0.011738338,-0.006655657,-0.00318923,0.00226387,-0.0188231,0.015628543421931665,115.68417068416113,42.30644882613667
PART-PIER-2,676,Pier/C3D8R,17.5,-15.0,0.0,0.0006516807,0.011738338,-0.006655657,0.00318923,0.00226387,-0.0188231,0.015628543421931665,115.68417068416113,42.30644882613667
PART-PIER-1,477,Pier/C3D8R,-17.5,15.0,0.0,-0.0006516807,-0.011738338,-0.006655657,-0.00318923,-0.00226387,-0.0188231,0.015628543421931665,115.68417068416113,42.30644882613667
PART-PIER-1,676,Pier/C3D8R,17.5,15.0,0.0,0.0006516807,-0.011738338,-0.006655657,0.00318923,-0.00226387,-0.0188231,0.015628543421931665,115.68417068416113,42.30644882613667
PART-PIER-2,372,Pier/C3D8R,-11.5,-20.0,5.0,-0.00022886453,0.01450012,-0.004591897,-0.000694264,0.00489279,-0.0168072,0.015547701237719527,102.20981480371624,15.166784712291308
PART-PIER-2,532,Pier/C3D8R,11.5,-20.0,5.0,0.00022886453,0.01450012,-0.004591897,0.000694264,0.00489279,-0.0168072,0.015547701237719527,102.20981480371624,15.166784712291308
PART-PIER-1,294,Pier/C3D8R,-11.5,20.0,5.0,-0.00022886453,-0.01450012,-0.004591897,-0.000694264,-0.00489279,-0.0168072,0.015547701237719527,102.20981480371624,15.166784712291308
PART-PIER-1,610,Pier/C3D8R,11.5,20.0,5.0,0.00022886453,-0.01450012,-0.004591897,0.000694264,-0.00489279,-0.0168072,0.015547701237719527,102.20981480371624,15.166784712291308
PART-PIER-2,298,Pier/C3D8R,-11.16667,-10.0,15.0,-0.0005760376,0.020939887,-0.01186449,-0.00127538,0.0101811,-0.0229802,0.015485463709812075,64.32335889860516,4.537854263071916
PART-PIER-2,614,Pier/C3D8R,11.16667,-10.0,15.0,0.0005760376,0.020939887,-0.01186449,0.00127538,0.0101811,-0.0229802,0.015485463709812075,64.32335889860516,4.537854263071916
PART-PIER-1,376,Pier/C3D8R,-11.16667,10.0,15.0,-0.0005760376,-0.020939887,-0.01186449,-0.00127538,-0.0101811,-0.0229802,0.015485463709812075,64.32335889860516,4.537854263071916
PART-PIER-1,536,Pier/C3D8R,11.16667,10.0,15.0,0.0005760376,-0.020939887,-0.01186449,0.00127538,-0.0101811,-0.0229802,0.015485463709812075,64.32335889860516,4.537854263071916
PART-PIER-2,439,Pier/C3D8R,0.0,-15.0,5.0,4.895291e-17,0.014833648,-0.0074443147,-9.01978e-15,0.00493368,-0.0192675,0.015420670447135562,92.91331981129538,19.83692380855933
PART-PIER-1,439,Pier/C3D8R,0.0,15.0,5.0,-2.8361384e-15,-0.014833648,-0.0074443147,-2.39692e-14,-0.00493368,-0.0192675,0.015420670447135562,92.91331981129538,19.83692380855933
PART-FLOOR-1,237,Floor/S4R,195.0,0.0,0.0,-0.0027103072,2.683113e-15,-0.2081606,-0.00988482,-1.43679e-14,-0.221787,0.015399753597943188,7.39738856612203,6.642829201589507
PART-FLOOR-1,450,Floor/S4R,-195.0,0.0,0.0,0.0027103072,1.2561332e-15,-0.2081606,0.00988482,-6.15173e-14,-0.221787,0.015399753597943188,7.39738856612203,6.642829201589507
PART-FLOOR-1,281,Floor/S4R,115.0,-5.0,0.0,-0.008258129,-9.55317e-05,-0.41484925,-0.00565324,-0.000101533,-0.399711,0.01536073226706407,3.701992790156853,3.6585462053192046
PART-FLOOR-1,283,Floor/S4R,115.0,5.0,0.0,-0.008258129,9.55317e-05,-0.41484925,-0.00565324,0.000101533,-0.399711,0.01536073226706407,3.701992790156853,3.6585462053192046
PART-FLOOR-1,404,Floor/S4R,-115.0,-5.0,0.0,0.008258129,-9.55317e-05,-0.41484925,0.00565324,-0.000101533,-0.399711,0.01536073226706407,3.701992790156853,3.6585462053192046
PART-FLOOR-1,406,Floor/S4R,-115.0,5.0,0.0,0.008258129,9.55317e-05,-0.41484925,0.00565324,0.000101533,-0.399711,0.01536073226706407,3.701992790156853,3.6585462053192046
PART-FLOOR-1,467,Floor/S4R,-230.0,-5.0,0.0,0.0036971152,-0.00031402733,-0.5252624,0.00480224,0.000306776,-0.540511,0.015301192749524871,2.912984253896593,2.9045547669211484
PART-FLOOR-1,469,Floor/S4R,-230.0,5.0,0.0,0.0036971152,0.00031402733,-0.5252624,0.00480224,-0.000306776,-0.540511,0.015301192749524871,2.912984253896593,2.9045547669211484
PART-FLOOR-1,494,Floor/S4R,230.0,5.0,0.0,-0.0036971152,0.00031402733,-0.5252624,-0.00480224,-0.000306776,-0.540511,0.015301192749524871,2.912984253896593,2.9045547669211484
PART-FLOOR-1,496,Floor/S4R,230.0,-5.0,0.0,-0.0036971152,-0.00031402733,-0.5252624,-0.00480224,0.000306776,-0.540511,0.015301192749524871,2.912984253896593,2.9045547669211484
PART-PIER-2,728,Pier/C3D8R,-5.66667,-15.0,10.0,-0.00020104338,0.017697992,-0.008007879,-0.000495673,0.00750448,-0.0193274,0.01523568341678726,78.42767762235758,6.757364215362804
PART-PIER-2,806,Pier/C3D8R,5.66667,-15.0,10.0,0.00020104338,0.017697992,-0.008007879,0.000495673,0.00750448,-0.0193274,0.01523568341678726,78.42767762235758,6.757364215362804
PART-PIER-1,728,Pier/C3D8R,-5.66667,15.0,10.0,-0.00020104338,-0.017697992,-0.008007879,-0.000495673,-0.00750448,-0.0193274,0.01523568341678726,78.42767762235758,6.757364215362804
PART-PIER-1,806,Pier/C3D8R,5.66667,15.0,10.0,0.00020104338,-0.017697992,-0.008007879,0.000495673,-0.00750448,-0.0193274,0.01523568341678726,78.42767762235758,6.757364215362804
PART-SUPPORTBEAM-2,131,SupportBeam/B31,-138.46153,10.0,-30.0,-0.010815737,0.0025307287,-0.2279457,0.00167906,0.00031805,-0.219764,0.015098215589619952,6.615751471603002,3.7006754350427244
PART-SUPPORTBEAM-2,254,SupportBeam/B31,138.46153,10.0,-30.0,0.010815737,0.0025307287,-0.2279457,-0.00167906,0.00031805,-0.219764,0.015098215589619952,6.615751471603002,3.7006754350427244
PART-SUPPORTBEAM-1,131,SupportBeam/B31,-138.46153,-10.0,-30.0,-0.010815737,-0.0025307287,-0.2279457,0.00167906,-0.00031805,-0.219764,0.015098215589619952,6.615751471603002,3.7006754350427244
PART-SUPPORTBEAM-1,254,SupportBeam/B31,138.46153,-10.0,-30.0,0.010815737,-0.0025307287,-0.2279457,-0.00167906,-0.00031805,-0.219764,0.015098215589619952,6.615751471603002,3.7006754350427244
PART-FLOOR-1,199,Floor/S4R,-230.0,10.0,0.0,0.0059932237,-0.0017968247,-0.54388905,0.0048019,-0.000606393,-0.558876,0.015081281447312366,2.7726764568199047,2.7525705843465658
PART-FLOOR-1,209,Floor/S4R,-230.0,-10.0,0.0,0.0059932237,0.0017968247,-0.54388905,0.0048019,0.000606393,-0.558876,0.015081281447312366,2.7726764568199047,2.7525705843465658
PART-FLOOR-1,220,Floor/S4R,230.0,-10.0,0.0,-0.0059932237,0.0017968247,-0.54388905,-0.0048019,0.000606393,-0.558876,0.015081281447312366,2.7726764568199047,2.7525705843465658
PART-FLOOR-1,230,Floor/S4R,230.0,10.0,0.0,-0.0059932237,-0.0017968247,-0.54388905,-0.0048019,-0.000606393,-0.558876,0.015081281447312366,2.7726764568199047,2.7525705843465658
PART-FLOOR-1,70,Floor/S4R,85.0,10.0,0.0,-0.00614077,0.00024061117,-0.3983875,-0.00390525,0.000142301,-0.383575,0.014980566438220072,3.759853003077958,3.7245710996314942
PART-FLOOR-1,86,Floor/S4R,85.0,-10.0,0.0,-0.00614077,-0.00024061117,-0.3983875,-0.00390525,-0.000142301,-0.383575,0.014980566438220072,3.759853003077958,3.7245710996314942
PART-FLOOR-1,137,Floor/S4R,-85.0,10.0,0.0,0.00614077,0.00024061117,-0.3983875,0.00390525,0.000142301,-0.383575,0.014980566438220072,3.759853003077958,3.7245710996314942
PART-FLOOR-1,145,Floor/S4R,-85.0,-10.0,0.0,0.00614077,-0.00024061117,-0.3983875,0.00390525,-0.000142301,-0.383575,0.014980566438220072,3.759853003077958,3.7245710996314942
PART-FLOOR-1,26,Floor/S4R,195.0,10.0,0.0,-0.0036759186,-0.0015573136,-0.15126546,-0.0110191,-0.000449671,-0.164152,0.014873200676863093,9.829093517204004,8.725926498075069
PART-FLOOR-1,46,Floor/S4R,195.0,-10.0,0.0,-0.0036759186,0.0015573136,-0.15126546,-0.0110191,0.000449671,-0.164152,0.014873200676863093,9.829093517204004,8.725926498075069
PART-FLOOR-1,181,Floor/S4R,-195.0,10.0,0.0,0.0036759186,-0.0015573136,-0.15126546,0.0110191,-0.000449671,-0.164152,0.014873200676863093,9.829093517204004,8.725926498075069
PART-FLOOR-1,185,Floor/S4R,-195.0,-10.0,0.0,0.0036759186,0.0015573136,-0.15126546,0.0110191,0.000449671,-0.164152,0.014873200676863093,9.829093517204004,8.725926498075069
PART-PIER-2,296,Pier/C3D8R,-11.33333,-10.0,10.0,-0.0005738085,0.017746324,-0.011010989,-0.000918248,0.00756046,-0.0218075,0.014847057411109357,71.06351687960957,10.561095257873353
PART-PIER-2,612,Pier/C3D8R,11.33333,-10.0,10.0,0.0005738085,0.017746324,-0.011010989,0.000918248,0.00756046,-0.0218075,0.014847057411109357,71.06351687960957,10.561095257873353
PART-PIER-1,374,Pier/C3D8R,-11.33333,10.0,10.0,-0.0005738085,-0.017746324,-0.011010989,-0.000918248,-0.00756046,-0.0218075,0.014847057411109357,71.06351687960957,10.561095257873353
PART-PIER-1,534,Pier/C3D8R,11.33333,10.0,10.0,0.0005738085,-0.017746324,-0.011010989,0.000918248,-0.00756046,-0.0218075,0.014847057411109357,71.06351687960957,10.561095257873353
PART-PIER-2,371,Pier/C3D8R,-5.75,-20.0,5.0,-0.000109435176,0.01466302,-0.004655151,-0.000525977,0.00501031,-0.0158777,0.014808576011644143,96.25570912590695,8.275448910437044
PART-PIER-2,531,Pier/C3D8R,5.75,-20.0,5.0,0.000109435176,0.01466302,-0.004655151,0.000525977,0.00501031,-0.0158777,0.014808576011644143,96.25570912590695,8.275448910437044
PART-PIER-1,293,Pier/C3D8R,-5.75,20.0,5.0,-0.000109435176,-0.01466302,-0.004655151,-0.000525977,-0.00501031,-0.0158777,0.014808576011644143,96.25570912590695,8.275448910437044
PART-PIER-1,609,Pier/C3D8R,5.75,20.0,5.0,0.000109435176,-0.01466302,-0.004655151,0.000525977,-0.00501031,-0.0158777,0.014808576011644143,96.25570912590695,8.275448910437044
PART-PIER-2,479,Pier/C3D8R,-17.0,-15.0,10.0,-0.00060163054,0.017278578,-0.00786963,-0.00128286,0.00721548,-0.0186962,0.014796777787737298,77.89479426973291,5.713905952845819
PART-PIER-2,678,Pier/C3D8R,17.0,-15.0,10.0,0.00060163054,0.017278578,-0.00786963,0.00128286,0.00721548,-0.0186962,0.014796777787737298,77.89479426973291,5.713905952845819
PART-PIER-1,479,Pier/C3D8R,-17.0,15.0,10.0,-0.00060163054,-0.017278578,-0.00786963,-0.00128286,-0.00721548,-0.0186962,0.014796777787737298,77.89479426973291,5.713905952845819
PART-PIER-1,678,Pier/C3D8R,17.0,15.0,10.0,0.00060163054,-0.017278578,-0.00786963,0.00128286,-0.00721548,-0.0186962,0.014796777787737298,77.89479426973291,5.713905952845819
PART-PIER-2,440,Pier/C3D8R,0.0,-15.0,10.0,-9.771175e-18,0.017757028,-0.008026514,-1.1694e-14,0.00775332,-0.0189194,0.01478949421576884,75.89477560945053,4.924439016700297
PART-PIER-1,440,Pier/C3D8R,0.0,15.0,10.0,-3.3801957e-15,-0.017757028,-0.008026514,-2.70051e-14,-0.00775332,-0.0189194,0.01478949421576884,75.89477560945053,4.924439016700297
PART-SUPPORTBEAM-2,78,SupportBeam/B31,-113.33334,10.0,-8.0,0.009219942,0.00079439627,-0.24011943,0.0109188,0.000211302,-0.225465,0.014764092794911943,6.144084402999971,6.062628852824996
PART-SUPPORTBEAM-2,267,SupportBeam/B31,113.33334,10.0,-8.0,-0.009219942,0.00079439627,-0.24011943,-0.0109188,0.000211302,-0.225465,0.014764092794911943,6.144084402999971,6.062628852824996
PART-SUPPORTBEAM-1,78,SupportBeam/B31,-113.33334,-10.0,-8.0,0.009219942,-0.00079439627,-0.24011943,0.0109188,-0.000211302,-0.225465,0.014764092794911943,6.144084402999971,6.062628852824996
PART-SUPPORTBEAM-1,267,SupportBeam/B31,113.33334,-10.0,-8.0,-0.009219942,-0.00079439627,-0.24011943,-0.0109188,-0.000211302,-0.225465,0.014764092794911943,6.144084402999971,6.062628852824996
PART-PIER-2,90,Pier/C3D8R,0.0,-10.0,15.0,7.4802623e-16,0.021151464,-0.011934857,-2.6009e-15,0.0111755,-0.0226381,0.014631447927199311,60.24564094129276,3.9527450915796285
PART-PIER-1,154,Pier/C3D8R,0.0,10.0,15.0,-4.3485172e-15,-0.021151464,-0.011934857,-1.69423e-14,-0.0111755,-0.0226381,0.014631447927199311,60.24564094129276,3.9527450915796285
PART-PIER-2,478,Pier/C3D8R,-17.25,-15.0,5.0,-0.0006054731,0.014348258,-0.0072918884,-0.00127932,0.00499617,-0.0184579,0.014580652751359183,90.52801324188076,18.990426424049012
PART-PIER-2,677,Pier/C3D8R,17.25,-15.0,5.0,0.0006054731,0.014348258,-0.0072918884,0.00127932,0.00499617,-0.0184579,0.014580652751359183,90.52801324188076,18.990426424049012
PART-PIER-1,478,Pier/C3D8R,-17.25,15.0,5.0,-0.0006054731,-0.014348258,-0.0072918884,-0.00127932,-0.00499617,-0.0184579,0.014580652751359183,90.52801324188076,18.990426424049012
PART-PIER-1,677,Pier/C3D8R,17.25,15.0,5.0,0.0006054731,-0.014348258,-0.0072918884,0.00127932,-0.00499617,-0.0184579,0.014580652751359183,90.52801324188076,18.990426424049012
PART-PIER-2,293,Pier/C3D8R,-5.75,-10.0,5.0,-0.000295248,0.01501642,-0.010185014,-0.000559017,0.00492731,-0.0206511,0.014539555386491603,80.12087170022777,17.033751591413772
PART-PIER-2,609,Pier/C3D8R,5.75,-10.0,5.0,0.000295248,0.01501642,-0.010185014,0.000559017,0.00492731,-0.0206511,0.014539555386491603,80.12087170022777,17.033751591413772
PART-PIER-1,371,Pier/C3D8R,-5.75,10.0,5.0,-0.000295248,-0.01501642,-0.010185014,-0.000559017,-0.00492731,-0.0206511,0.014539555386491603,80.12087170022777,17.033751591413772
PART-PIER-1,531,Pier/C3D8R,5.75,10.0,5.0,0.000295248,-0.01501642,-0.010185014,0.000559017,-0.00492731,-0.0206511,0.014539555386491603,80.12087170022777,17.033751591413772
PART-FLOOR-1,197,Floor/S4R,-220.0,10.0,0.0,0.009543483,-0.0022181403,-0.51777947,0.00675668,-0.000581721,-0.531926,0.014510976883970328,2.8020383997531617,2.7221129946131235
PART-FLOOR-1,211,Floor/S4R,-220.0,-10.0,0.0,0.009543483,0.0022181403,-0.51777947,0.00675668,0.000581721,-0.531926,0.014510976883970328,2.8020383997531617,2.7221129946131235
PART-FLOOR-1,218,Floor/S4R,220.0,-10.0,0.0,-0.009543483,0.0022181403,-0.51777947,-0.00675668,0.000581721,-0.531926,0.014510976883970328,2.8020383997531617,2.7221129946131235
PART-FLOOR-1,232,Floor/S4R,220.0,10.0,0.0,-0.009543483,-0.0022181403,-0.51777947,-0.00675668,-0.000581721,-0.531926,0.014510976883970328,2.8020383997531617,2.7221129946131235
PART-FLOOR-1,464,Floor/S4R,-225.0,-5.0,0.0,0.0076452624,0.0009682494,-0.5409238,0.00580006,0.000304791,-0.555259,0.014468687154869861,2.674539196266265,2.6453322588763912
PART-FLOOR-1,466,Floor/S4R,-225.0,5.0,0.0,0.0076452624,-0.0009682494,-0.5409238,0.00580006,-0.000304791,-0.555259,0.014468687154869861,2.674539196266265,2.6453322588763912
PART-FLOOR-1,491,Floor/S4R,225.0,5.0,0.0,-0.0076452624,-0.0009682494,-0.5409238,-0.00580006,-0.000304791,-0.555259,0.014468687154869861,2.674539196266265,2.6453322588763912
PART-FLOOR-1,493,Floor/S4R,225.0,-5.0,0.0,-0.0076452624,0.0009682494,-0.5409238,-0.00580006,0.000304791,-0.555259,0.014468687154869861,2.674539196266265,2.6453322588763912
PART-PIER-2,152,Pier/C3D8R,0.0,-20.0,5.0,-5.1288417e-16,0.014715801,-0.004660497,-1.95014e-14,0.00514137,-0.0153952,0.014384143265136439,93.18472593906878,5.1493102998639255
PART-PIER-1,92,Pier/C3D8R,0.0,20.0,5.0,-2.4883416e-15,-0.014715801,-0.004660497,-3.3803e-14,-0.00514137,-0.0153952,0.014384143265136439,93.18472593906878,5.1493102998639255
PART-PIER-2,36,Pier/C3D8R,-17.0,-10.0,10.0,-0.00088774954,0.017473012,-0.010906989,-0.00201196,0.00753124,-0.0211082,0.014288715321010437,69.3058306093988,9.141697141503277
PART-PIER-2,257,Pier/C3D8R,17.0,-10.0,10.0,0.00088774954,0.017473012,-0.010906989,0.00201196,0.00753124,-0.0211082,0.014288715321010437,69.3058306093988,9.141697141503277
PART-PIER-1,130,Pier/C3D8R,-17.0,10.0,10.0,-0.00088774954,-0.017473012,-0.010906989,-0.00201196,-0.00753124,-0.0211082,0.014288715321010437,69.3058306093988,9.141697141503277
PART-PIER-1,202,Pier/C3D8R,17.0,10.0,10.0,0.00088774954,-0.017473012,-0.010906989,0.00201196,-0.00753124,-0.0211082,0.014288715321010437,69.3058306093988,9.141697141503277
PART-PIER-2,131,Pier/C3D8R,-17.25,-20.0,5.0,-0.00032420788,0.014237716,-0.0045332573,-0.00128683,0.00463547,-0.015062,0.014282303470842249,95.56254164641537,5.795167434822265
PART-PIER-2,201,Pier/C3D8R,17.25,-20.0,5.0,0.00032420788,0.014237716,-0.0045332573,0.00128683,0.00463547,-0.015062,0.014282303470842249,95.56254164641537,5.795167434822265
PART-PIER-1,35,Pier/C3D8R,-17.25,20.0,5.0,-0.00032420788,-0.014237716,-0.0045332573,-0.00128683,-0.00463547,-0.015062,0.014282303470842249,95.56254164641537,5.795167434822265
PART-PIER-1,258,Pier/C3D8R,17.25,20.0,5.0,0.00032420788,-0.014237716,-0.0045332573,0.00128683,-0.00463547,-0.015062,0.014282303470842249,95.56254164641537,5.795167434822265
PART-PIER-2,726,Pier/C3D8R,-5.75,-15.0,5.0,-0.0002011378,0.014784753,-0.007437041,-0.000336563,0.00557025,-0.0183228,0.014262719043993155,86.1738365692916,15.724898828310618
PART-PIER-2,804,Pier/C3D8R,5.75,-15.0,5.0,0.0002011378,0.014784753,-0.007437041,0.000336563,0.00557025,-0.0183228,0.014262719043993155,86.1738365692916,15.724898828310618
PART-PIER-1,726,Pier/C3D8R,-5.75,15.0,5.0,-0.0002011378,-0.014784753,-0.007437041,-0.000336563,-0.00557025,-0.0183228,0.014262719043993155,86.1738365692916,15.724898828310618
PART-PIER-1,804,Pier/C3D8R,5.75,15.0,5.0,0.0002011378,-0.014784753,-0.007437041,0.000336563,-0.00557025,-0.0183228,0.014262719043993155,86.1738365692916,15.724898828310618
PART-FLOOR-1,468,Floor/S4R,-230.0,0.0,0.0,0.0059262104,2.0029035e-16,-0.51961195,0.00480213,-1.02466e-14,-0.533615,0.014048094747977802,2.703398407187026,2.6923849917275016
PART-FLOOR-1,495,Floor/S4R,230.0,0.0,0.0,-0.0059262104,3.3523126e-16,-0.51961195,-0.00480213,-3.95311e-15,-0.533615,0.014048094747977802,2.703398407187026,2.6923849917275016
PART-FLOOR-1,239,Floor/S4R,190.0,-5.0,0.0,-0.004625305,0.0006420696,-0.22743055,-0.010251,0.000179354,-0.240203,0.013964169469109437,6.138677035035655,5.689866074373756
PART-FLOOR-1,241,Floor/S4R,190.0,5.0,0.0,-0.004625305,-0.0006420696,-0.22743055,-0.010251,-0.000179354,-0.240203,0.013964169469109437,6.138677035035655,5.689866074373756
PART-FLOOR-1,446,Floor/S4R,-190.0,-5.0,0.0,0.004625305,0.0006420696,-0.22743055,0.010251,0.000179354,-0.240203,0.013964169469109437,6.138677035035655,5.689866074373756
PART-FLOOR-1,448,Floor/S4R,-190.0,5.0,0.0,0.004625305,-0.0006420696,-0.22743055,0.010251,-0.000179354,-0.240203,0.013964169469109437,6.138677035035655,5.689866074373756
PART-PIER-2,295,Pier/C3D8R,-5.66667,-10.0,10.0,-0.00029408414,0.017906053,-0.01106759,-0.000568574,0.00836745,-0.0212494,0.013954552904014943,66.28476403484306,8.51276376983516
PART-PIER-2,611,Pier/C3D8R,5.66667,-10.0,10.0,0.00029408414,0.017906053,-0.01106759,0.000568574,0.00836745,-0.0212494,0.013954552904014943,66.28476403484306,8.51276376983516
PART-PIER-1,373,Pier/C3D8R,-5.66667,10.0,10.0,-0.00029408414,-0.017906053,-0.01106759,-0.000568574,-0.00836745,-0.0212494,0.013954552904014943,66.28476403484306,8.51276376983516
PART-PIER-1,533,Pier/C3D8R,5.66667,10.0,10.0,0.00029408414,-0.017906053,-0.01106759,0.000568574,-0.00836745,-0.0212494,0.013954552904014943,66.28476403484306,8.51276376983516
PART-SUPPORTBEAM-2,132,SupportBeam/B31,-142.30769,10.0,-30.0,-0.010924843,0.0025170255,-0.22285417,0.000596749,0.000330541,-0.215408,0.013891480999234901,6.225567280949372,3.462868951187296
PART-SUPPORTBEAM-2,255,SupportBeam/B31,142.30769,10.0,-30.0,0.010924843,0.0025170255,-0.22285417,-0.000596749,0.000330541,-0.215408,0.013891480999234901,6.225567280949372,3.462868951187296
PART-SUPPORTBEAM-1,132,SupportBeam/B31,-142.30769,-10.0,-30.0,-0.010924843,-0.0025170255,-0.22285417,0.000596749,-0.000330541,-0.215408,0.013891480999234901,6.225567280949372,3.462868951187296
PART-SUPPORTBEAM-1,255,SupportBeam/B31,142.30769,-10.0,-30.0,0.010924843,-0.0025170255,-0.22285417,-0.000596749,-0.000330541,-0.215408,0.013891480999234901,6.225567280949372,3.462868951187296
PART-PIER-2,727,Pier/C3D8R,-11.5,-15.0,5.0,-0.00041679133,0.014619641,-0.0073721986,-0.00105391,0.0052339,-0.0173933,0.013744836397273905,83.91973420564011,11.08593325074317
PART-PIER-2,805,Pier/C3D8R,11.5,-15.0,5.0,0.00041679133,0.014619641,-0.0073721986,0.00105391,0.0052339,-0.0173933,0.013744836397273905,83.91973420564011,11.08593325074317
PART-PIER-1,727,Pier/C3D8R,-11.5,15.0,5.0,-0.00041679133,-0.014619641,-0.0073721986,-0.00105391,-0.0052339,-0.0173933,0.013744836397273905,83.91973420564011,11.08593325074317
PART-PIER-1,805,Pier/C3D8R,11.5,15.0,5.0,0.00041679133,-0.014619641,-0.0073721986,0.00105391,-0.0052339,-0.0173933,0.013744836397273905,83.91973420564011,11.08593325074317
PART-SUPPORTBEAM-2,79,SupportBeam/B31,-116.66666,10.0,-10.0,0.009844533,0.00095956447,-0.24182926,0.0125151,0.000219375,-0.228421,0.013691648723969925,5.656970728488092,5.481833187386063
PART-SUPPORTBEAM-2,268,SupportBeam/B31,116.66666,10.0,-10.0,-0.009844533,0.00095956447,-0.24182926,-0.0125151,0.000219375,-0.228421,0.013691648723969925,5.656970728488092,5.481833187386063
PART-SUPPORTBEAM-1,79,SupportBeam/B31,-116.66666,-10.0,-10.0,0.009844533,-0.00095956447,-0.24182926,0.0125151,-0.000219375,-0.228421,0.013691648723969925,5.656970728488092,5.481833187386063
PART-SUPPORTBEAM-1,268,SupportBeam/B31,116.66666,-10.0,-10.0,-0.009844533,-0.00095956447,-0.24182926,-0.0125151,-0.000219375,-0.228421,0.013691648723969925,5.656970728488092,5.481833187386063
PART-FLOOR-1,462,Floor/S4R,-220.0,0.0,0.0,0.009568019,3.9789254e-16,-0.50427526,0.00681463,-2.07978e-14,-0.517663,0.013667945467147596,2.709925897561128,2.6452674093966677
PART-FLOOR-1,489,Floor/S4R,220.0,0.0,0.0,-0.009568019,8.0119534e-16,-0.50427526,-0.00681463,-6.73131e-15,-0.517663,0.013667945467147596,2.709925897561128,2.6452674093966677
PART-FLOOR-1,200,Floor/S4R,-235.0,10.0,0.0,0.003354697,0.00043898946,-0.47426626,0.00382037,-0.000604528,-0.487807,0.013588871173863329,2.865168063066769,2.855708547313544
PART-FLOOR-1,208,Floor/S4R,-235.0,-10.0,0.0,0.003354697,-0.00043898946,-0.47426626,0.00382037,0.000604528,-0.487807,0.013588871173863329,2.865168063066769,2.855708547313544
PART-FLOOR-1,221,Floor/S4R,235.0,-10.0,0.0,-0.003354697,-0.00043898946,-0.47426626,-0.00382037,0.000604528,-0.487807,0.013588871173863329,2.865168063066769,2.855708547313544
PART-FLOOR-1,229,Floor/S4R,235.0,10.0,0.0,-0.003354697,0.00043898946,-0.47426626,-0.00382037,-0.000604528,-0.487807,0.013588871173863329,2.865168063066769,2.855708547313544
PART-PIER-2,35,Pier/C3D8R,-17.25,-10.0,5.0,-0.0008840752,0.014590223,-0.01002245,-0.00176734,0.00497354,-0.0195818,0.013588300889070275,76.67031474869343,14.431309566200948
PART-PIER-2,258,Pier/C3D8R,17.25,-10.0,5.0,0.0008840752,0.014590223,-0.01002245,0.00176734,0.00497354,-0.0195818,0.013588300889070275,76.67031474869343,14.431309566200948
PART-PIER-1,131,Pier/C3D8R,-17.25,10.0,5.0,-0.0008840752,-0.014590223,-0.01002245,-0.00176734,-0.00497354,-0.0195818,0.013588300889070275,76.67031474869343,14.431309566200948
PART-PIER-1,201,Pier/C3D8R,17.25,10.0,5.0,0.0008840752,-0.014590223,-0.01002245,0.00176734,-0.00497354,-0.0195818,0.013588300889070275,76.67031474869343,14.431309566200948
PART-FLOOR-1,279,Floor/S4R,120.0,0.0,0.0,-0.008500329,6.6318957e-15,-0.45498917,-0.00601987,-1.04577e-13,-0.441923,0.013299529139017692,2.9225330228971425,2.8796907265878913
PART-FLOOR-1,408,Floor/S4R,-120.0,0.0,0.0,0.008500329,4.145847e-15,-0.45498917,0.00601987,-2.07883e-13,-0.441923,0.013299529139017692,2.9225330228971425,2.8796907265878913
PART-FLOOR-1,28,Floor/S4R,185.0,10.0,0.0,-0.0057082004,-0.0014757216,-0.27124956,-0.00995047,5.46655e-05,-0.283568,0.013118037203352117,4.835008571919965,4.581010229623617
PART-FLOOR-1,44,Floor/S4R,185.0,-10.0,0.0,-0.0057082004,0.0014757216,-0.27124956,-0.00995047,-5.46655e-05,-0.283568,0.013118037203352117,4.835008571919965,4.581010229623617
PART-FLOOR-1,179,Floor/S4R,-185.0,10.0,0.0,0.0057082004,-0.0014757216,-0.27124956,0.00995047,5.46655e-05,-0.283568,0.013118037203352117,4.835008571919965,4.581010229623617
PART-FLOOR-1,187,Floor/S4R,-185.0,-10.0,0.0,0.0057082004,0.0014757216,-0.27124956,0.00995047,-5.46655e-05,-0.283568,0.013118037203352117,4.835008571919965,4.581010229623617
PART-PIER-2,368,Pier/C3D8R,-11.83333,-20.0,-5.0,-0.00026729755,0.009515329,-0.0039082724,-0.000977371,0.00164697,-0.0143647,0.01310542467115498,127.35872290683128,40.8315747091383
PART-PIER-2,528,Pier/C3D8R,11.83333,-20.0,-5.0,0.00026729755,0.009515329,-0.0039082724,0.000977371,0.00164697,-0.0143647,0.01310542467115498,127.35872290683128,40.8315747091383
PART-PIER-1,290,Pier/C3D8R,-11.83333,20.0,-5.0,-0.00026729755,-0.009515329,-0.0039082724,-0.000977371,-0.00164697,-0.0143647,0.01310542467115498,127.35872290683128,40.8315747091383
PART-PIER-1,606,Pier/C3D8R,11.83333,20.0,-5.0,0.00026729755,-0.009515329,-0.0039082724,0.000977371,-0.00164697,-0.0143647,0.01310542467115498,127.35872290683128,40.8315747091383
PART-PIER-2,437,Pier/C3D8R,0.0,-15.0,-5.0,4.5841737e-17,0.009845819,-0.00619115,-5.92533e-15,0.00168965,-0.0163671,0.013041205893592088,112.12855354569515,41.47254873126088
PART-PIER-1,437,Pier/C3D8R,0.0,15.0,-5.0,-1.9062574e-15,-0.009845819,-0.00619115,-1.62003e-14,-0.00168965,-0.0163671,0.013041205893592088,112.12855354569515,41.47254873126088
PART-FLOOR-1,470,Floor/S4R,-235.0,-5.0,0.0,0.004408536,0.0007707814,-0.45657054,0.00380447,0.000307044,-0.469527,0.01297882135789359,2.842539484923297,2.8362358729738983
PART-FLOOR-1,472,Floor/S4R,-235.0,5.0,0.0,0.004408536,-0.0007707814,-0.45657054,0.00380447,-0.000307044,-0.469527,0.01297882135789359,2.842539484923297,2.8362358729738983
PART-FLOOR-1,497,Floor/S4R,235.0,5.0,0.0,-0.004408536,-0.0007707814,-0.45657054,-0.00380447,-0.000307044,-0.469527,0.01297882135789359,2.842539484923297,2.8362358729738983
PART-FLOOR-1,499,Floor/S4R,235.0,-5.0,0.0,-0.004408536,0.0007707814,-0.45657054,-0.00380447,0.000307044,-0.469527,0.01297882135789359,2.842539484923297,2.8362358729738983
PART-FLOOR-1,243,Floor/S4R,185.0,0.0,0.0,-0.0058463146,3.4857142e-15,-0.28056282,-0.0100155,-1.98265e-14,-0.292809,0.01293642266980996,4.609882020089063,4.403232072550551
PART-FLOOR-1,444,Floor/S4R,-185.0,0.0,0.0,0.0058463146,1.6717537e-15,-0.28056282,0.0100155,-8.08342e-14,-0.292809,0.01293642266980996,4.609882020089063,4.403232072550551
PART-SUPPORTBEAM-2,80,SupportBeam/B31,-120.0,10.0,-12.0,0.010043912,0.0011236619,-0.24282457,0.0135864,0.000227588,-0.230496,0.01285868608798367,5.290882633289824,4.9946001481553495
PART-SUPPORTBEAM-2,269,SupportBeam/B31,120.0,10.0,-12.0,-0.010043912,0.0011236619,-0.24282457,-0.0135864,0.000227588,-0.230496,0.01285868608798367,5.290882633289824,4.9946001481553495
PART-SUPPORTBEAM-1,80,SupportBeam/B31,-120.0,-10.0,-12.0,0.010043912,-0.0011236619,-0.24282457,0.0135864,-0.000227588,-0.230496,0.01285868608798367,5.290882633289824,4.9946001481553495
PART-SUPPORTBEAM-1,269,SupportBeam/B31,120.0,-10.0,-12.0,-0.010043912,-0.0011236619,-0.24282457,-0.0135864,-0.000227588,-0.230496,0.01285868608798367,5.290882633289824,4.9946001481553495
PART-FLOOR-1,52,Floor/S4R,120.0,10.0,0.0,-0.008516502,0.00023233502,-0.46036372,-0.00602615,0.000219131,-0.447801,0.012807183969493352,2.781494464651515,2.7367036669500324
PART-FLOOR-1,62,Floor/S4R,120.0,-10.0,0.0,-0.008516502,-0.00023233502,-0.46036372,-0.00602615,-0.000219131,-0.447801,0.012807183969493352,2.781494464651515,2.7367036669500324
PART-FLOOR-1,155,Floor/S4R,-120.0,10.0,0.0,0.008516502,0.00023233502,-0.46036372,0.00602615,0.000219131,-0.447801,0.012807183969493352,2.781494464651515,2.7367036669500324
PART-FLOOR-1,169,Floor/S4R,-120.0,-10.0,0.0,0.008516502,-0.00023233502,-0.46036372,0.00602615,-0.000219131,-0.447801,0.012807183969493352,2.781494464651515,2.7367036669500324
PART-PIER-2,294,Pier/C3D8R,-11.5,-10.0,5.0,-0.00060626643,0.014854996,-0.010120541,-0.00111326,0.00635247,-0.0195105,0.012677591288662778,70.48941301749714,14.254531472482038
PART-PIER-2,610,Pier/C3D8R,11.5,-10.0,5.0,0.00060626643,0.014854996,-0.010120541,0.00111326,0.00635247,-0.0195105,0.012677591288662778,70.48941301749714,14.254531472482038
PART-PIER-1,372,Pier/C3D8R,-11.5,10.0,5.0,-0.00060626643,-0.014854996,-0.010120541,-0.00111326,-0.00635247,-0.0195105,0.012677591288662778,70.48941301749714,14.254531472482038
PART-PIER-1,532,Pier/C3D8R,11.5,10.0,5.0,0.00060626643,-0.014854996,-0.010120541,0.00111326,-0.00635247,-0.0195105,0.012677591288662778,70.48941301749714,14.254531472482038
PART-SUPPORTBEAM-2,133,SupportBeam/B31,-146.15384,10.0,-30.0,-0.011033948,0.0025015364,-0.21772945,-0.000485557,0.000340376,-0.211114,0.01263737890806116,5.796345738662644,3.1686419926363554
PART-SUPPORTBEAM-2,256,SupportBeam/B31,146.15384,10.0,-30.0,0.011033948,0.0025015364,-0.21772945,0.000485557,0.000340376,-0.211114,0.01263737890806116,5.796345738662644,3.1686419926363554
PART-SUPPORTBEAM-1,133,SupportBeam/B31,-146.15384,-10.0,-30.0,-0.011033948,-0.0025015364,-0.21772945,-0.000485557,-0.000340376,-0.211114,0.01263737890806116,5.796345738662644,3.1686419926363554
PART-SUPPORTBEAM-1,256,SupportBeam/B31,146.15384,-10.0,-30.0,0.011033948,-0.0025015364,-0.21772945,0.000485557,-0.000340376,-0.211114,0.01263737890806116,5.796345738662644,3.1686419926363554
PART-FLOOR-1,458,Floor/S4R,-215.0,-5.0,0.0,0.011650243,0.0009830744,-0.43431193,0.0077972,0.000224113,-0.446317,0.012631059673338541,2.9072389065616666,2.74263109709079
PART-FLOOR-1,460,Floor/S4R,-215.0,5.0,0.0,0.011650243,-0.0009830744,-0.43431193,0.0077972,-0.000224113,-0.446317,0.012631059673338541,2.9072389065616666,2.74263109709079
PART-FLOOR-1,485,Floor/S4R,215.0,5.0,0.0,-0.011650243,-0.0009830744,-0.43431193,-0.0077972,-0.000224113,-0.446317,0.012631059673338541,2.9072389065616666,2.74263109709079
PART-FLOOR-1,487,Floor/S4R,215.0,-5.0,0.0,-0.011650243,0.0009830744,-0.43431193,-0.0077972,0.000224113,-0.446317,0.012631059673338541,2.9072389065616666,2.74263109709079
PART-FLOOR-1,471,Floor/S4R,-235.0,0.0,0.0,0.0034069058,1.2911917e-16,-0.4512045,0.00379414,-6.31241e-15,-0.463818,0.01261944264124409,2.796754669088558,2.796026309100921
PART-FLOOR-1,498,Floor/S4R,235.0,0.0,0.0,-0.0034069058,1.877422e-16,-0.4512045,-0.00379414,-2.76505e-15,-0.463818,0.01261944264124409,2.796754669088558,2.796026309100921
PART-FLOOR-1,293,Floor/S4R,90.0,-5.0,0.0,-0.0064399224,-0.000101968835,-0.34923726,-0.00411735,-9.59971e-05,-0.336864,0.012589358253797554,3.604202446545602,3.552129938597106
PART-FLOOR-1,295,Floor/S4R,90.0,5.0,0.0,-0.0064399224,0.000101968835,-0.34923726,-0.00411735,9.59971e-05,-0.336864,0.012589358253797554,3.604202446545602,3.552129938597106
PART-FLOOR-1,392,Floor/S4R,-90.0,-5.0,0.0,0.0064399224,-0.000101968835,-0.34923726,0.00411735,-9.59971e-05,-0.336864,0.012589358253797554,3.604202446545602,3.552129938597106
PART-FLOOR-1,394,Floor/S4R,-90.0,5.0,0.0,0.0064399224,0.000101968835,-0.34923726,0.00411735,9.59971e-05,-0.336864,0.012589358253797554,3.604202446545602,3.552129938597106
PART-PIER-2,367,Pier/C3D8R,-5.91667,-20.0,-5.0,-0.00012966926,0.009679868,-0.00399111,-0.000331721,0.00185663,-0.0138264,0.012568882491867803,120.03310121261126,33.265224384607514
PART-PIER-2,527,Pier/C3D8R,5.91667,-20.0,-5.0,0.00012966926,0.009679868,-0.00399111,0.000331721,0.00185663,-0.0138264,0.012568882491867803,120.03310121261126,33.265224384607514
PART-PIER-1,289,Pier/C3D8R,-5.91667,20.0,-5.0,-0.00012966926,-0.009679868,-0.00399111,-0.000331721,-0.00185663,-0.0138264,0.012568882491867803,120.03310121261126,33.265224384607514
PART-PIER-1,605,Pier/C3D8R,5.91667,20.0,-5.0,0.00012966926,-0.009679868,-0.00399111,0.000331721,-0.00185663,-0.0138264,0.012568882491867803,120.03310121261126,33.265224384607514
PART-SUPPORTBEAM-2,81,SupportBeam/B31,-123.33334,10.0,-14.0,0.00966512,0.001286275,-0.2428504,0.0139963,0.000236181,-0.231462,0.01222936924625452,5.031708556270475,4.592195869788981
PART-SUPPORTBEAM-2,270,SupportBeam/B31,123.33334,10.0,-14.0,-0.00966512,0.001286275,-0.2428504,-0.0139963,0.000236181,-0.231462,0.01222936924625452,5.031708556270475,4.592195869788981
PART-SUPPORTBEAM-1,81,SupportBeam/B31,-123.33334,-10.0,-14.0,0.00966512,-0.001286275,-0.2428504,0.0139963,-0.000236181,-0.231462,0.01222936924625452,5.031708556270475,4.592195869788981
PART-SUPPORTBEAM-1,270,SupportBeam/B31,123.33334,-10.0,-14.0,-0.00966512,-0.001286275,-0.2428504,-0.0139963,-0.000236181,-0.231462,0.01222936924625452,5.031708556270475,4.592195869788981
PART-PIER-2,149,Pier/C3D8R,0.0,-20.0,-10.0,-3.1889517e-16,0.007579347,-0.0036066575,-1.10218e-14,0.000190607,-0.0132583,0.012155150420106132,144.81249392926097,57.97138025538917
PART-PIER-1,95,Pier/C3D8R,0.0,20.0,-10.0,-1.3009334e-15,-0.007579347,-0.0036066575,-1.99792e-14,-0.000190607,-0.0132583,0.012155150420106132,144.81249392926097,57.97138025538917
PART-PIER-2,148,Pier/C3D8R,0.0,-20.0,-15.0,-2.8145293e-16,0.005820413,-0.0032415069,-9.28027e-15,0.00062479,-0.0141856,0.012114770824889615,181.8440823977274,113.1338886739506
PART-PIER-1,96,Pier/C3D8R,0.0,20.0,-15.0,-9.700468e-16,-0.005820413,-0.0032415069,-1.61797e-14,-0.00062479,-0.0141856,0.012114770824889615,181.8440823977274,113.1338886739506
PART-PIER-2,364,Pier/C3D8R,-12.16667,-20.0,-15.0,-0.00031476672,0.005608167,-0.0031816596,-0.00123542,4.76277e-06,-0.013856,0.012090793373547858,187.29424396222484,115.48992612150661
PART-PIER-2,524,Pier/C3D8R,12.16667,-20.0,-15.0,0.00031476672,0.005608167,-0.0031816596,0.00123542,4.76277e-06,-0.013856,0.012090793373547858,187.29424396222484,115.48992612150661
PART-PIER-1,286,Pier/C3D8R,-12.16667,20.0,-15.0,-0.00031476672,-0.005608167,-0.0031816596,-0.00123542,-4.76277e-06,-0.013856,0.012090793373547858,187.29424396222484,115.48992612150661
PART-PIER-1,602,Pier/C3D8R,12.16667,20.0,-15.0,0.00031476672,-0.005608167,-0.0031816596,0.00123542,-4.76277e-06,-0.013856,0.012090793373547858,187.29424396222484,115.48992612150661
PART-FLOOR-1,245,Floor/S4R,180.0,-5.0,0.0,-0.006774672,0.0005616164,-0.32178786,-0.00976201,-6.69045e-05,-0.333429,0.01203475663848591,3.739131760712968,3.638922642406665
PART-FLOOR-1,247,Floor/S4R,180.0,5.0,0.0,-0.006774672,-0.0005616164,-0.32178786,-0.00976201,6.69045e-05,-0.333429,0.01203475663848591,3.739131760712968,3.638922642406665
PART-FLOOR-1,440,Floor/S4R,-180.0,-5.0,0.0,0.006774672,0.0005616164,-0.32178786,0.00976201,-6.69045e-05,-0.333429,0.01203475663848591,3.739131760712968,3.638922642406665
PART-FLOOR-1,442,Floor/S4R,-180.0,5.0,0.0,0.006774672,-0.0005616164,-0.32178786,0.00976201,6.69045e-05,-0.333429,0.01203475663848591,3.739131760712968,3.638922642406665
PART-PIER-2,476,Pier/C3D8R,-17.75,-15.0,-5.0,-0.0006568945,0.009357339,-0.006045944,-0.00124944,0.00206524,-0.0153142,0.011807895124742058,105.80587615340598,38.91856927827911
PART-PIER-2,675,Pier/C3D8R,17.75,-15.0,-5.0,0.0006568945,0.009357339,-0.006045944,0.00124944,0.00206524,-0.0153142,0.011807895124742058,105.80587615340598,38.91856927827911
PART-PIER-1,476,Pier/C3D8R,-17.75,15.0,-5.0,-0.0006568945,-0.009357339,-0.006045944,-0.00124944,-0.00206524,-0.0153142,0.011807895124742058,105.80587615340598,38.91856927827911
PART-PIER-1,675,Pier/C3D8R,17.75,15.0,-5.0,0.0006568945,-0.009357339,-0.006045944,0.00124944,-0.00206524,-0.0153142,0.011807895124742058,105.80587615340598,38.91856927827911
PART-FLOOR-1,30,Floor/S4R,175.0,10.0,0.0,-0.0074649323,-0.0010916009,-0.3515181,-0.00948687,0.000156015,-0.363069,0.011792712508435603,3.3540228659744846,3.2974797525460073
PART-FLOOR-1,42,Floor/S4R,175.0,-10.0,0.0,-0.0074649323,0.0010916009,-0.3515181,-0.00948687,-0.000156015,-0.363069,0.011792712508435603,3.3540228659744846,3.2974797525460073
PART-FLOOR-1,177,Floor/S4R,-175.0,10.0,0.0,0.0074649323,-0.0010916009,-0.3515181,0.00948687,0.000156015,-0.363069,0.011792712508435603,3.3540228659744846,3.2974797525460073
PART-FLOOR-1,189,Floor/S4R,-175.0,-10.0,0.0,0.0074649323,0.0010916009,-0.3515181,0.00948687,-0.000156015,-0.363069,0.011792712508435603,3.3540228659744846,3.2974797525460073
PART-SUPPORTBEAM-2,82,SupportBeam/B31,-126.66666,10.0,-16.0,0.008620021,0.0014469902,-0.24175987,0.0136732,0.000245394,-0.231202,0.011766353316588592,4.863781076799698,4.26249384957454
PART-SUPPORTBEAM-2,271,SupportBeam/B31,126.66666,10.0,-16.0,-0.008620021,0.0014469902,-0.24175987,-0.0136732,0.000245394,-0.231202,0.011766353316588592,4.863781076799698,4.26249384957454
PART-SUPPORTBEAM-1,82,SupportBeam/B31,-126.66666,-10.0,-16.0,0.008620021,-0.0014469902,-0.24175987,0.0136732,-0.000245394,-0.231202,0.011766353316588592,4.863781076799698,4.26249384957454
PART-SUPPORTBEAM-1,271,SupportBeam/B31,126.66666,-10.0,-16.0,-0.008620021,-0.0014469902,-0.24175987,-0.0136732,-0.000245394,-0.231202,0.011766353316588592,4.863781076799698,4.26249384957454
PART-PIER-2,289,Pier/C3D8R,-5.91667,-10.0,-5.0,-0.00031156937,0.010028085,-0.008440034,-0.00056748,0.00186876,-0.0168886,0.01174812079281312,89.60626496393738,29.672616974292264
PART-PIER-2,605,Pier/C3D8R,5.91667,-10.0,-5.0,0.00031156937,0.010028085,-0.008440034,0.00056748,0.00186876,-0.0168886,0.01174812079281312,89.60626496393738,29.672616974292264
PART-PIER-1,367,Pier/C3D8R,-5.91667,10.0,-5.0,-0.00031156937,-0.010028085,-0.008440034,-0.00056748,-0.00186876,-0.0168886,0.01174812079281312,89.60626496393738,29.672616974292264
PART-PIER-1,527,Pier/C3D8R,5.91667,10.0,-5.0,0.00031156937,-0.010028085,-0.008440034,0.00056748,-0.00186876,-0.0168886,0.01174812079281312,89.60626496393738,29.672616974292264
PART-FLOOR-1,456,Floor/S4R,-210.0,0.0,0.0,0.013964759,6.707024e-16,-0.34632266,0.00864281,-3.47524e-14,-0.356793,0.011745261209279318,3.388667747095149,2.969834691091251
PART-FLOOR-1,483,Floor/S4R,210.0,0.0,0.0,-0.013964759,1.4249871e-15,-0.34632266,-0.00864281,-9.80652e-15,-0.356793,0.011745261209279318,3.388667747095149,2.969834691091251
PART-PIER-2,133,Pier/C3D8R,-17.75,-20.0,-5.0,-0.00037948397,0.009246661,-0.0038616024,-0.0016094,0.00201501,-0.0130334,0.011744417433062303,117.11861495442778,32.49251549908934
PART-PIER-2,199,Pier/C3D8R,17.75,-20.0,-5.0,0.00037948397,0.009246661,-0.0038616024,0.0016094,0.00201501,-0.0130334,0.011744417433062303,117.11861495442778,32.49251549908934
PART-PIER-1,33,Pier/C3D8R,-17.75,20.0,-5.0,-0.00037948397,-0.009246661,-0.0038616024,-0.0016094,-0.00201501,-0.0130334,0.011744417433062303,117.11861495442778,32.49251549908934
PART-PIER-1,260,Pier/C3D8R,17.75,20.0,-5.0,0.00037948397,-0.009246661,-0.0038616024,0.0016094,-0.00201501,-0.0130334,0.011744417433062303,117.11861495442778,32.49251549908934
PART-PIER-2,722,Pier/C3D8R,-5.91667,-15.0,-5.0,-0.00021991548,0.009795414,-0.0062050363,-0.000701438,0.00254805,-0.015377,0.011699618241629975,100.88090664746146,34.533460876853276
PART-PIER-2,800,Pier/C3D8R,5.91667,-15.0,-5.0,0.00021991548,0.009795414,-0.0062050363,0.000701438,0.00254805,-0.015377,0.011699618241629975,100.88090664746146,34.533460876853276
PART-PIER-1,722,Pier/C3D8R,-5.91667,15.0,-5.0,-0.00021991548,-0.009795414,-0.0062050363,-0.000701438,-0.00254805,-0.015377,0.011699618241629975,100.88090664746146,34.533460876853276
PART-PIER-1,800,Pier/C3D8R,5.91667,15.0,-5.0,0.00021991548,-0.009795414,-0.0062050363,0.000701438,-0.00254805,-0.015377,0.011699618241629975,100.88090664746146,34.533460876853276
PART-PIER-2,132,Pier/C3D8R,-17.5,-20.0,0.0,-0.00037091784,0.011561177,-0.004182777,0.000367544,0.00331983,-0.0123039,0.011593867561977503,94.25783449576495,3.6507248034421647
PART-PIER-2,200,Pier/C3D8R,17.5,-20.0,0.0,0.00037091784,0.011561177,-0.004182777,-0.000367544,0.00331983,-0.0123039,0.011593867561977503,94.25783449576495,3.6507248034421647
PART-PIER-1,34,Pier/C3D8R,-17.5,20.0,0.0,-0.00037091784,-0.011561177,-0.004182777,0.000367544,-0.00331983,-0.0123039,0.011593867561977503,94.25783449576495,3.6507248034421647
PART-PIER-1,259,Pier/C3D8R,17.5,20.0,0.0,0.00037091784,-0.011561177,-0.004182777,-0.000367544,-0.00331983,-0.0123039,0.011593867561977503,94.25783449576495,3.6507248034421647
PART-PIER-2,150,Pier/C3D8R,0.0,-20.0,-5.0,-3.84665e-16,0.009732961,-0.003978311,-1.42056e-14,0.0028688,-0.0131337,0.011442807958505727,108.82746868849378,27.853888364202973
PART-PIER-1,94,Pier/C3D8R,0.0,20.0,-5.0,-1.6732276e-15,-0.009732961,-0.003978311,-2.36859e-14,-0.0028688,-0.0131337,0.011442807958505727,108.82746868849378,27.853888364202973
PART-SUPPORTBEAM-2,83,SupportBeam/B31,-130.0,10.0,-18.0,0.006885303,0.0016053936,-0.23951413,0.0126098,0.000255467,-0.229701,0.011440703130721321,4.774550112389226,3.994456277314609
PART-SUPPORTBEAM-2,272,SupportBeam/B31,130.0,10.0,-18.0,-0.006885303,0.0016053936,-0.23951413,-0.0126098,0.000255467,-0.229701,0.011440703130721321,4.774550112389226,3.994456277314609
PART-SUPPORTBEAM-1,83,SupportBeam/B31,-130.0,-10.0,-18.0,0.006885303,-0.0016053936,-0.23951413,0.0126098,-0.000255467,-0.229701,0.011440703130721321,4.774550112389226,3.994456277314609
PART-SUPPORTBEAM-1,272,SupportBeam/B31,130.0,-10.0,-18.0,-0.006885303,-0.0016053936,-0.23951413,-0.0126098,-0.000255467,-0.229701,0.011440703130721321,4.774550112389226,3.994456277314609
PART-PIER-2,365,Pier/C3D8R,-6.0,-20.0,-10.0,-0.00014617003,0.0075252103,-0.0035493332,-0.000737264,0.000897487,-0.0128472,0.011433566165168043,137.3973437826684,55.014652870442035
PART-PIER-2,525,Pier/C3D8R,6.0,-20.0,-10.0,0.00014617003,0.0075252103,-0.0035493332,0.000737264,0.000897487,-0.0128472,0.011433566165168043,137.3973437826684,55.014652870442035
PART-PIER-1,287,Pier/C3D8R,-6.0,20.0,-10.0,-0.00014617003,-0.0075252103,-0.0035493332,-0.000737264,-0.000897487,-0.0128472,0.011433566165168043,137.3973437826684,55.014652870442035
PART-PIER-1,603,Pier/C3D8R,6.0,20.0,-10.0,0.00014617003,-0.0075252103,-0.0035493332,0.000737264,-0.000897487,-0.0128472,0.011433566165168043,137.3973437826684,55.014652870442035
PART-PIER-2,718,Pier/C3D8R,-6.08333,-15.0,-15.0,-0.0002440315,0.005871365,-0.0048845573,-0.000714583,0.000566277,-0.014922,0.011362906026086791,148.70139797356262,95.64189333804042
PART-PIER-2,796,Pier/C3D8R,6.08333,-15.0,-15.0,0.0002440315,0.005871365,-0.0048845573,0.000714583,0.000566277,-0.014922,0.011362906026086791,148.70139797356262,95.64189333804042
PART-PIER-1,718,Pier/C3D8R,-6.08333,15.0,-15.0,-0.0002440315,-0.005871365,-0.0048845573,-0.000714583,-0.000566277,-0.014922,0.011362906026086791,148.70139797356262,95.64189333804042
PART-PIER-1,796,Pier/C3D8R,6.08333,15.0,-15.0,0.0002440315,-0.005871365,-0.0048845573,0.000714583,-0.000566277,-0.014922,0.011362906026086791,148.70139797356262,95.64189333804042
PART-PIER-2,134,Pier/C3D8R,-18.0,-20.0,-10.0,-0.00043004664,0.0070886677,-0.0034104986,-0.00139502,0.000167999,-0.0123379,0.011336901013830513,143.90261919309393,57.62090918865127
PART-PIER-2,198,Pier/C3D8R,18.0,-20.0,-10.0,0.00043004664,0.0070886677,-0.0034104986,0.00139502,0.000167999,-0.0123379,0.011336901013830513,143.90261919309393,57.62090918865127
PART-PIER-1,32,Pier/C3D8R,-18.0,20.0,-10.0,-0.00043004664,-0.0070886677,-0.0034104986,-0.00139502,-0.000167999,-0.0123379,0.011336901013830513,143.90261919309393,57.62090918865127
PART-PIER-1,261,Pier/C3D8R,18.0,20.0,-10.0,0.00043004664,-0.0070886677,-0.0034104986,0.00139502,-0.000167999,-0.0123379,0.011336901013830513,143.90261919309393,57.62090918865127
PART-FLOOR-1,275,Floor/S4R,125.0,-5.0,0.0,-0.008793032,-0.00015122454,-0.47060207,-0.00638985,-0.000111287,-0.459538,0.011322125405467157,2.4054609388955277,2.3586508890629845
PART-FLOOR-1,277,Floor/S4R,125.0,5.0,0.0,-0.008793032,0.00015122454,-0.47060207,-0.00638985,0.000111287,-0.459538,0.011322125405467157,2.4054609388955277,2.3586508890629845
PART-FLOOR-1,410,Floor/S4R,-125.0,-5.0,0.0,0.008793032,-0.00015122454,-0.47060207,0.00638985,-0.000111287,-0.459538,0.011322125405467157,2.4054609388955277,2.3586508890629845
PART-FLOOR-1,412,Floor/S4R,-125.0,5.0,0.0,0.008793032,0.00015122454,-0.47060207,0.00638985,0.000111287,-0.459538,0.011322125405467157,2.4054609388955277,2.3586508890629845
PART-SUPPORTBEAM-2,4,SupportBeam/B31,-150.0,10.0,-30.0,-0.011143054,0.0024841048,-0.2132167,-0.00156787,0.0003474,-0.207581,0.011314184483479102,5.298834614739368,2.7795326676857472
PART-SUPPORTBEAM-2,15,SupportBeam/B31,150.0,10.0,-30.0,0.011143054,0.0024841048,-0.2132167,0.00156787,0.0003474,-0.207581,0.011314184483479102,5.298834614739368,2.7795326676857472
PART-SUPPORTBEAM-1,4,SupportBeam/B31,-150.0,-10.0,-30.0,-0.011143054,-0.0024841048,-0.2132167,-0.00156787,-0.0003474,-0.207581,0.011314184483479102,5.298834614739368,2.7795326676857472
PART-SUPPORTBEAM-1,15,SupportBeam/B31,150.0,-10.0,-30.0,0.011143054,-0.0024841048,-0.2132167,0.00156787,-0.0003474,-0.207581,0.011314184483479102,5.298834614739368,2.7795326676857472
PART-PIER-2,33,Pier/C3D8R,-17.75,-10.0,-5.0,-0.00093259744,0.00959469,-0.008267298,-0.00246541,0.00145931,-0.0159319,0.011281845855483833,88.83727918928528,27.465691228842147
PART-PIER-2,260,Pier/C3D8R,17.75,-10.0,-5.0,0.00093259744,0.00959469,-0.008267298,0.00246541,0.00145931,-0.0159319,0.011281845855483833,88.83727918928528,27.465691228842147
PART-PIER-1,133,Pier/C3D8R,-17.75,10.0,-5.0,-0.00093259744,-0.00959469,-0.008267298,-0.00246541,-0.00145931,-0.0159319,0.011281845855483833,88.83727918928528,27.465691228842147
PART-PIER-1,199,Pier/C3D8R,17.75,10.0,-5.0,0.00093259744,-0.00959469,-0.008267298,0.00246541,-0.00145931,-0.0159319,0.011281845855483833,88.83727918928528,27.465691228842147
PART-FLOOR-1,249,Floor/S4R,175.0,0.0,0.0,-0.0075292843,4.1896376e-15,-0.34693295,-0.00951349,-2.77394e-14,-0.35801,0.011253359896600302,3.242906358210625,3.204976476682136
PART-FLOOR-1,438,Floor/S4R,-175.0,0.0,0.0,0.0075292843,2.0795605e-15,-0.34693295,0.00951349,-1.00473e-13,-0.35801,0.011253359896600302,3.242906358210625,3.204976476682136
PART-SUPPORTBEAM-2,84,SupportBeam/B31,-133.33333,10.0,-20.0,0.0045024734,0.0017610717,-0.23618235,0.0108638,0.00026664,-0.227057,0.011223716623308544,4.751144994067547,3.7738029995520423
PART-SUPPORTBEAM-2,273,SupportBeam/B31,133.33333,10.0,-20.0,-0.0045024734,0.0017610717,-0.23618235,-0.0108638,0.00026664,-0.227057,0.011223716623308544,4.751144994067547,3.7738029995520423
PART-SUPPORTBEAM-1,84,SupportBeam/B31,-133.33333,-10.0,-20.0,0.0045024734,-0.0017610717,-0.23618235,0.0108638,-0.00026664,-0.227057,0.011223716623308544,4.751144994067547,3.7738029995520423
PART-SUPPORTBEAM-1,273,SupportBeam/B31,133.33333,-10.0,-20.0,-0.0045024734,-0.0017610717,-0.23618235,-0.0108638,-0.00026664,-0.227057,0.011223716623308544,4.751144994067547,3.7738029995520423
PART-PIER-2,723,Pier/C3D8R,-11.83333,-15.0,-5.0,-0.0004516994,0.009631179,-0.006114523,-0.00103518,0.00223858,-0.0145353,0.011220537191645787,98.27802297303627,29.130954358056123
PART-PIER-2,801,Pier/C3D8R,11.83333,-15.0,-5.0,0.0004516994,0.009631179,-0.006114523,0.00103518,0.00223858,-0.0145353,0.011220537191645787,98.27802297303627,29.130954358056123
PART-PIER-1,723,Pier/C3D8R,-11.83333,15.0,-5.0,-0.0004516994,-0.009631179,-0.006114523,-0.00103518,-0.00223858,-0.0145353,0.011220537191645787,98.27802297303627,29.130954358056123
PART-PIER-1,801,Pier/C3D8R,11.83333,15.0,-5.0,0.0004516994,-0.009631179,-0.006114523,0.00103518,-0.00223858,-0.0145353,0.011220537191645787,98.27802297303627,29.130954358056123
PART-PIER-2,369,Pier/C3D8R,-5.83333,-20.0,0.0,-0.00012333762,0.012000789,-0.0043133595,6.71503e-05,0.0038679,-0.0119668,0.011169392133013649,87.58241137902797,1.3837058393929935
PART-PIER-2,529,Pier/C3D8R,5.83333,-20.0,0.0,0.00012333762,0.012000789,-0.0043133595,-6.71503e-05,0.0038679,-0.0119668,0.011169392133013649,87.58241137902797,1.3837058393929935
PART-PIER-1,291,Pier/C3D8R,-5.83333,20.0,0.0,-0.00012333762,-0.012000789,-0.0043133595,6.71503e-05,-0.0038679,-0.0119668,0.011169392133013649,87.58241137902797,1.3837058393929935
PART-PIER-1,607,Pier/C3D8R,5.83333,20.0,0.0,0.00012333762,-0.012000789,-0.0043133595,-6.71503e-05,-0.0038679,-0.0119668,0.011169392133013649,87.58241137902797,1.3837058393929935
PART-SUPPORTBEAM-2,88,SupportBeam/B31,-146.66667,10.0,-28.0,-0.008411042,0.002348258,-0.2171597,0.000466035,0.000327129,-0.210734,0.011143476970343237,5.127322335353377,3.0369881922502886
PART-SUPPORTBEAM-2,277,SupportBeam/B31,146.66667,10.0,-28.0,0.008411042,0.002348258,-0.2171597,-0.000466035,0.000327129,-0.210734,0.011143476970343237,5.127322335353377,3.0369881922502886
PART-SUPPORTBEAM-1,88,SupportBeam/B31,-146.66667,-10.0,-28.0,-0.008411042,-0.002348258,-0.2171597,0.000466035,-0.000327129,-0.210734,0.011143476970343237,5.127322335353377,3.0369881922502886
PART-SUPPORTBEAM-1,277,SupportBeam/B31,146.66667,-10.0,-28.0,0.008411042,-0.002348258,-0.2171597,-0.000466035,-0.000327129,-0.210734,0.011143476970343237,5.127322335353377,3.0369881922502886
PART-SUPPORTBEAM-2,85,SupportBeam/B31,-136.66667,10.0,-22.0,0.0015778639,0.001913611,-0.23194173,0.00855723,0.000279152,-0.223473,0.011095151877888393,4.783321043397127,3.5860576367557377
PART-SUPPORTBEAM-2,274,SupportBeam/B31,136.66667,10.0,-22.0,-0.0015778639,0.001913611,-0.23194173,-0.00855723,0.000279152,-0.223473,0.011095151877888393,4.783321043397127,3.5860576367557377
PART-SUPPORTBEAM-1,85,SupportBeam/B31,-136.66667,-10.0,-22.0,0.0015778639,-0.001913611,-0.23194173,0.00855723,-0.000279152,-0.223473,0.011095151877888393,4.783321043397127,3.5860576367557377
PART-SUPPORTBEAM-1,274,SupportBeam/B31,136.66667,-10.0,-22.0,-0.0015778639,-0.001913611,-0.23194173,-0.00855723,-0.000279152,-0.223473,0.011095151877888393,4.783321043397127,3.5860576367557377
PART-SUPPORTBEAM-2,87,SupportBeam/B31,-143.33333,10.0,-26.0,-0.0051472806,0.0022076177,-0.22198312,0.00307458,0.000309157,-0.214839,0.011056292114885393,4.979105946329213,3.239099065431117
PART-SUPPORTBEAM-2,276,SupportBeam/B31,143.33333,10.0,-26.0,0.0051472806,0.0022076177,-0.22198312,-0.00307458,0.000309157,-0.214839,0.011056292114885393,4.979105946329213,3.239099065431117
PART-SUPPORTBEAM-1,87,SupportBeam/B31,-143.33333,-10.0,-26.0,-0.0051472806,-0.0022076177,-0.22198312,0.00307458,-0.000309157,-0.214839,0.011056292114885393,4.979105946329213,3.239099065431117
PART-SUPPORTBEAM-1,276,SupportBeam/B31,143.33333,-10.0,-26.0,0.0051472806,-0.0022076177,-0.22198312,-0.00307458,-0.000309157,-0.214839,0.011056292114885393,4.979105946329213,3.239099065431117
PART-SUPPORTBEAM-2,86,SupportBeam/B31,-140.0,10.0,-24.0,-0.0017173795,0.0020625975,-0.22707757,0.00587701,0.000293245,-0.219261,0.011041020184379087,4.861884434807011,3.4142275376335824
PART-SUPPORTBEAM-2,275,SupportBeam/B31,140.0,10.0,-24.0,0.0017173795,0.0020625975,-0.22707757,-0.00587701,0.000293245,-0.219261,0.011041020184379087,4.861884434807011,3.4142275376335824
PART-SUPPORTBEAM-1,86,SupportBeam/B31,-140.0,-10.0,-24.0,-0.0017173795,-0.0020625975,-0.22707757,0.00587701,-0.000293245,-0.219261,0.011041020184379087,4.861884434807011,3.4142275376335824
PART-SUPPORTBEAM-1,275,SupportBeam/B31,140.0,-10.0,-24.0,0.0017173795,-0.0020625975,-0.22707757,-0.00587701,-0.000293245,-0.219261,0.011041020184379087,4.861884434807011,3.4142275376335824
PART-FLOOR-1,201,Floor/S4R,-240.0,10.0,0.0,0.0031107222,-0.0013138491,-0.35233212,0.00285193,-0.000589554,-0.363327,0.01102174954392743,3.1280836310967626,3.1191777198365793
PART-FLOOR-1,207,Floor/S4R,-240.0,-10.0,0.0,0.0031107222,0.0013138491,-0.35233212,0.00285193,0.000589554,-0.363327,0.01102174954392743,3.1280836310967626,3.1191777198365793
PART-FLOOR-1,222,Floor/S4R,240.0,-10.0,0.0,-0.0031107222,0.0013138491,-0.35233212,-0.00285193,0.000589554,-0.363327,0.01102174954392743,3.1280836310967626,3.1191777198365793
PART-FLOOR-1,228,Floor/S4R,240.0,10.0,0.0,-0.0031107222,-0.0013138491,-0.35233212,-0.00285193,-0.000589554,-0.363327,0.01102174954392743,3.1280836310967626,3.1191777198365793
PART-FLOOR-1,195,Floor/S4R,-210.0,10.0,0.0,0.013682744,-0.0018870167,-0.3261798,0.00879206,-0.000288244,-0.335899,0.010997168398006869,3.368486304581558,2.9227783585078893
PART-FLOOR-1,213,Floor/S4R,-210.0,-10.0,0.0,0.013682744,0.0018870167,-0.3261798,0.00879206,0.000288244,-0.335899,0.010997168398006869,3.368486304581558,2.9227783585078893
PART-FLOOR-1,216,Floor/S4R,210.0,-10.0,0.0,-0.013682744,0.0018870167,-0.3261798,-0.00879206,0.000288244,-0.335899,0.010997168398006869,3.368486304581558,2.9227783585078893
PART-FLOOR-1,234,Floor/S4R,210.0,10.0,0.0,-0.013682744,-0.0018870167,-0.3261798,-0.00879206,-0.000288244,-0.335899,0.010997168398006869,3.368486304581558,2.9227783585078893
PART-PIER-2,92,Pier/C3D8R,0.0,-10.0,5.0,6.352447e-16,0.0150711145,-0.010196153,-1.67503e-15,0.00759327,-0.0181935,0.010948776982137743,60.17082979102912,8.344278039985252
PART-PIER-1,152,Pier/C3D8R,0.0,10.0,5.0,-3.2049355e-15,-0.0150711145,-0.010196153,-9.66183e-15,-0.00759327,-0.0181935,0.010948776982137743,60.17082979102912,8.344278039985252
PART-PIER-2,366,Pier/C3D8R,-12.0,-20.0,-10.0,-0.00027968132,0.0073659406,-0.0035372057,-0.000810671,0.00115717,-0.0125359,0.010945651260137213,133.87523140834156,54.296172271000586
PART-PIER-2,526,Pier/C3D8R,12.0,-20.0,-10.0,0.00027968132,0.0073659406,-0.0035372057,0.000810671,0.00115717,-0.0125359,0.010945651260137213,133.87523140834156,54.296172271000586
PART-PIER-1,288,Pier/C3D8R,-12.0,20.0,-10.0,-0.00027968132,-0.0073659406,-0.0035372057,-0.000810671,-0.00115717,-0.0125359,0.010945651260137213,133.87523140834156,54.296172271000586
PART-PIER-1,604,Pier/C3D8R,12.0,20.0,-10.0,0.00027968132,-0.0073659406,-0.0035372057,0.000810671,-0.00115717,-0.0125359,0.010945651260137213,133.87523140834156,54.296172271000586
PART-FLOOR-1,251,Floor/S4R,170.0,-5.0,0.0,-0.008015968,0.00041124248,-0.34938383,-0.00924741,-8.09439e-05,-0.360021,0.01071951875976347,3.0673117121361595,3.0513502226020934
PART-FLOOR-1,253,Floor/S4R,170.0,5.0,0.0,-0.008015968,-0.00041124248,-0.34938383,-0.00924741,8.09439e-05,-0.360021,0.01071951875976347,3.0673117121361595,3.0513502226020934
PART-FLOOR-1,434,Floor/S4R,-170.0,-5.0,0.0,0.008015968,0.00041124248,-0.34938383,0.00924741,-8.09439e-05,-0.360021,0.01071951875976347,3.0673117121361595,3.0513502226020934
PART-FLOOR-1,436,Floor/S4R,-170.0,5.0,0.0,0.008015968,-0.00041124248,-0.34938383,0.00924741,8.09439e-05,-0.360021,0.01071951875976347,3.0673117121361595,3.0513502226020934
PART-PIER-2,474,Pier/C3D8R,-18.25,-15.0,-15.0,-0.0007178295,0.0054424065,-0.004718986,-0.00186166,0.000168311,-0.0139681,0.010708433187952685,147.92587299330745,94.67488890204872
PART-PIER-2,673,Pier/C3D8R,18.25,-15.0,-15.0,0.0007178295,0.0054424065,-0.004718986,0.00186166,0.000168311,-0.0139681,0.010708433187952685,147.92587299330745,94.67488890204872
PART-PIER-1,474,Pier/C3D8R,-18.25,15.0,-15.0,-0.0007178295,-0.0054424065,-0.004718986,-0.00186166,-0.000168311,-0.0139681,0.010708433187952685,147.92587299330745,94.67488890204872
PART-PIER-1,673,Pier/C3D8R,18.25,15.0,-15.0,0.0007178295,-0.0054424065,-0.004718986,0.00186166,-0.000168311,-0.0139681,0.010708433187952685,147.92587299330745,94.67488890204872
PART-PIER-2,96,Pier/C3D8R,0.0,-10.0,-15.0,3.6360877e-16,0.006154668,-0.0066413637,8.39903e-16,0.00156754,-0.016285,0.010679019822767524,117.9389273222848,80.68255572569537
PART-PIER-1,148,Pier/C3D8R,0.0,10.0,-15.0,-1.3804729e-15,-0.006154668,-0.0066413637,-2.91715e-15,-0.00156754,-0.016285,0.010679019822767524,117.9389273222848,80.68255572569537
PART-SUPPORTBEAM-2,110,SupportBeam/B31,-153.84616,10.0,-30.0,-0.010871281,0.0024644046,-0.21023954,-0.00163463,0.00035424,-0.205405,0.010636789616538167,5.052270309578915,2.433344615267024
PART-SUPPORTBEAM-2,278,SupportBeam/B31,153.84616,10.0,-30.0,0.010871281,0.0024644046,-0.21023954,0.00163463,0.00035424,-0.205405,0.010636789616538167,5.052270309578915,2.433344615267024
PART-SUPPORTBEAM-1,110,SupportBeam/B31,-153.84616,-10.0,-30.0,-0.010871281,-0.0024644046,-0.21023954,-0.00163463,-0.00035424,-0.205405,0.010636789616538167,5.052270309578915,2.433344615267024
PART-SUPPORTBEAM-1,278,SupportBeam/B31,153.84616,-10.0,-30.0,0.010871281,-0.0024644046,-0.21023954,0.00163463,-0.00035424,-0.205405,0.010636789616538167,5.052270309578915,2.433344615267024
PART-FLOOR-1,68,Floor/S4R,95.0,10.0,0.0,-0.0067024697,0.00014908709,-0.26886836,-0.00427332,0.000202946,-0.258643,0.010510074032888431,3.9077890445862615,3.8198462346290056
PART-FLOOR-1,88,Floor/S4R,95.0,-10.0,0.0,-0.0067024697,-0.00014908709,-0.26886836,-0.00427332,-0.000202946,-0.258643,0.010510074032888431,3.9077890445862615,3.8198462346290056
PART-FLOOR-1,139,Floor/S4R,-95.0,10.0,0.0,0.0067024697,0.00014908709,-0.26886836,0.00427332,0.000202946,-0.258643,0.010510074032888431,3.9077890445862615,3.8198462346290056
PART-FLOOR-1,143,Floor/S4R,-95.0,-10.0,0.0,0.0067024697,-0.00014908709,-0.26886836,0.00427332,-0.000202946,-0.258643,0.010510074032888431,3.9077890445862615,3.8198462346290056
PART-FLOOR-1,452,Floor/S4R,-205.0,-5.0,0.0,0.016247937,-9.416555e-05,-0.25056362,0.00962923,-0.000247514,-0.25872,0.010505109842517912,4.18380441956473,3.1101857363441168
PART-FLOOR-1,454,Floor/S4R,-205.0,5.0,0.0,0.016247937,9.416555e-05,-0.25056362,0.00962923,0.000247514,-0.25872,0.010505109842517912,4.18380441956473,3.1101857363441168
PART-FLOOR-1,479,Floor/S4R,205.0,5.0,0.0,-0.016247937,9.416555e-05,-0.25056362,-0.00962923,0.000247514,-0.25872,0.010505109842517912,4.18380441956473,3.1101857363441168
PART-FLOOR-1,481,Floor/S4R,205.0,-5.0,0.0,-0.016247937,-9.416555e-05,-0.25056362,-0.00962923,-0.000247514,-0.25872,0.010505109842517912,4.18380441956473,3.1101857363441168
PART-FLOOR-1,32,Floor/S4R,165.0,10.0,0.0,-0.008237143,-0.0005725533,-0.32655925,-0.00898656,0.000163431,-0.336913,0.010406893762897523,3.1858134955953674,3.174288679667636
PART-FLOOR-1,40,Floor/S4R,165.0,-10.0,0.0,-0.008237143,0.0005725533,-0.32655925,-0.00898656,-0.000163431,-0.336913,0.010406893762897523,3.1858134955953674,3.174288679667636
PART-FLOOR-1,175,Floor/S4R,-165.0,10.0,0.0,0.008237143,-0.0005725533,-0.32655925,0.00898656,0.000163431,-0.336913,0.010406893762897523,3.1858134955953674,3.174288679667636
PART-FLOOR-1,191,Floor/S4R,-165.0,-10.0,0.0,0.008237143,0.0005725533,-0.32655925,0.00898656,-0.000163431,-0.336913,0.010406893762897523,3.1858134955953674,3.174288679667636
PART-PIER-2,721,Pier/C3D8R,-12.0,-15.0,-10.0,-0.00046060962,0.0075612483,-0.0055462806,-0.00128573,0.00109627,-0.0136334,0.010386446372596288,110.62824165743801,46.32319456594346
PART-PIER-2,799,Pier/C3D8R,12.0,-15.0,-10.0,0.00046060962,0.0075612483,-0.0055462806,0.00128573,0.00109627,-0.0136334,0.010386446372596288,110.62824165743801,46.32319456594346
PART-PIER-1,721,Pier/C3D8R,-12.0,15.0,-10.0,-0.00046060962,-0.0075612483,-0.0055462806,-0.00128573,-0.00109627,-0.0136334,0.010386446372596288,110.62824165743801,46.32319456594346
PART-PIER-1,799,Pier/C3D8R,12.0,15.0,-10.0,0.00046060962,-0.0075612483,-0.0055462806,0.00128573,-0.00109627,-0.0136334,0.010386446372596288,110.62824165743801,46.32319456594346
PART-SUPPORTBEAM-2,61,SupportBeam/B31,-150.0,10.0,-26.25,-0.007683589,0.0022082496,-0.21362199,0.000862038,0.000318121,-0.208163,0.010315081132388985,4.825282845401026,2.622662323525446
PART-SUPPORTBEAM-2,323,SupportBeam/B31,150.0,10.0,-26.25,0.007683589,0.0022082496,-0.21362199,-0.000862038,0.000318121,-0.208163,0.010315081132388985,4.825282845401026,2.622662323525446
PART-SUPPORTBEAM-1,61,SupportBeam/B31,-150.0,-10.0,-26.25,-0.007683589,-0.0022082496,-0.21362199,0.000862038,-0.000318121,-0.208163,0.010315081132388985,4.825282845401026,2.622662323525446
PART-SUPPORTBEAM-1,323,SupportBeam/B31,150.0,-10.0,-26.25,0.007683589,-0.0022082496,-0.21362199,-0.000862038,-0.000318121,-0.208163,0.010315081132388985,4.825282845401026,2.622662323525446
PART-SUPPORTBEAM-2,47,SupportBeam/B31,-153.33333,10.0,-28.0,-0.010360085,0.0023164416,-0.21043074,-0.00169541,0.000332042,-0.205233,0.010297132403524062,4.887144360774961,2.5904693565895567
PART-SUPPORTBEAM-2,290,SupportBeam/B31,153.33333,10.0,-28.0,0.010360085,0.0023164416,-0.21043074,0.00169541,0.000332042,-0.205233,0.010297132403524062,4.887144360774961,2.5904693565895567
PART-SUPPORTBEAM-1,47,SupportBeam/B31,-153.33333,-10.0,-28.0,-0.010360085,-0.0023164416,-0.21043074,-0.00169541,-0.000332042,-0.205233,0.010297132403524062,4.887144360774961,2.5904693565895567
PART-SUPPORTBEAM-1,290,SupportBeam/B31,153.33333,-10.0,-28.0,0.010360085,-0.0023164416,-0.21043074,0.00169541,-0.000332042,-0.205233,0.010297132403524062,4.887144360774961,2.5904693565895567
PART-FLOOR-1,474,Floor/S4R,-240.0,0.0,0.0,0.0029653166,7.684516e-17,-0.33412308,0.00278513,-3.3079e-15,-0.344334,0.010212509704143183,3.0563909375929508,3.055348126904677
PART-FLOOR-1,501,Floor/S4R,240.0,0.0,0.0,-0.0029653166,3.995828e-17,-0.33412308,-0.00278513,-1.7594e-15,-0.344334,0.010212509704143183,3.0563909375929508,3.055348126904677
PART-PIER-2,720,Pier/C3D8R,-6.0,-15.0,-10.0,-0.00023643595,0.007721562,-0.0055573606,-0.000324906,0.00139463,-0.0135512,0.010195065661159979,107.13105894307043,43.190583126142116
PART-PIER-2,798,Pier/C3D8R,6.0,-15.0,-10.0,0.00023643595,0.007721562,-0.0055573606,0.000324906,0.00139463,-0.0135512,0.010195065661159979,107.13105894307043,43.190583126142116
PART-PIER-1,720,Pier/C3D8R,-6.0,15.0,-10.0,-0.00023643595,-0.007721562,-0.0055573606,-0.000324906,-0.00139463,-0.0135512,0.010195065661159979,107.13105894307043,43.190583126142116
PART-PIER-1,798,Pier/C3D8R,6.0,15.0,-10.0,0.00023643595,-0.007721562,-0.0055573606,0.000324906,-0.00139463,-0.0135512,0.010195065661159979,107.13105894307043,43.190583126142116
PART-FLOOR-1,255,Floor/S4R,165.0,0.0,0.0,-0.0083213,4.793213e-15,-0.33100718,-0.00899301,-3.77231e-14,-0.341125,0.01014009249841933,3.062438046688897,3.0599216527355413
PART-FLOOR-1,432,Floor/S4R,-165.0,0.0,0.0,0.0083213,2.4892644e-15,-0.33100718,0.00899301,-1.20345e-13,-0.341125,0.01014009249841933,3.062438046688897,3.0599216527355413
PART-FLOOR-1,291,Floor/S4R,95.0,0.0,0.0,-0.006667615,7.3775265e-15,-0.3166456,-0.00440956,-1.55629e-13,-0.306763,0.010137287366106643,3.2007520978491155,3.1324934207415756
PART-FLOOR-1,396,Floor/S4R,-95.0,0.0,0.0,0.006667615,4.7148674e-15,-0.3166456,0.00440956,-2.50991e-13,-0.306763,0.010137287366106643,3.2007520978491155,3.1324934207415756
PART-PIER-2,725,Pier/C3D8R,-11.66667,-15.0,0.0,-0.00042090565,0.0120091345,-0.0067681684,1.12528e-05,0.00472523,-0.0137077,0.010069713229204951,73.01408070514691,5.132210131396009
PART-PIER-2,803,Pier/C3D8R,11.66667,-15.0,0.0,0.00042090565,0.0120091345,-0.0067681684,-1.12528e-05,0.00472523,-0.0137077,0.010069713229204951,73.01408070514691,5.132210131396009
PART-PIER-1,725,Pier/C3D8R,-11.66667,15.0,0.0,-0.00042090565,-0.0120091345,-0.0067681684,1.12528e-05,-0.00472523,-0.0137077,0.010069713229204951,73.01408070514691,5.132210131396009
PART-PIER-1,803,Pier/C3D8R,11.66667,15.0,0.0,0.00042090565,-0.0120091345,-0.0067681684,-1.12528e-05,-0.00472523,-0.0137077,0.010069713229204951,73.01408070514691,5.132210131396009
PART-SUPPORTBEAM-2,111,SupportBeam/B31,-157.69231,10.0,-30.0,-0.01059951,0.0024424829,-0.20775877,-0.0017014,0.000363643,-0.203724,0.0099888590867442,4.801336192585881,2.072591547296623
PART-SUPPORTBEAM-2,279,SupportBeam/B31,157.69231,10.0,-30.0,0.01059951,0.0024424829,-0.20775877,0.0017014,0.000363643,-0.203724,0.0099888590867442,4.801336192585881,2.072591547296623
PART-SUPPORTBEAM-1,111,SupportBeam/B31,-157.69231,-10.0,-30.0,-0.01059951,-0.0024424829,-0.20775877,-0.0017014,-0.000363643,-0.203724,0.0099888590867442,4.801336192585881,2.072591547296623
PART-SUPPORTBEAM-1,279,SupportBeam/B31,157.69231,-10.0,-30.0,0.01059951,-0.0024424829,-0.20775877,0.0017014,-0.000363643,-0.203724,0.0099888590867442,4.801336192585881,2.072591547296623
PART-PIER-2,95,Pier/C3D8R,0.0,-10.0,-10.0,4.4366323e-16,0.008008828,-0.0075344574,1.27032e-15,0.00152895,-0.015128,0.009982520128349293,90.78418681342856,38.27967828097088
PART-PIER-1,149,Pier/C3D8R,0.0,10.0,-10.0,-1.8060273e-15,-0.008008828,-0.0075344574,-3.80047e-15,-0.00152895,-0.015128,0.009982520128349293,90.78418681342856,38.27967828097088
PART-PIER-2,436,Pier/C3D8R,0.0,-15.0,-10.0,3.7115763e-17,0.007778175,-0.0056218104,-5.55692e-15,0.00175944,-0.0135239,0.009933186349135566,103.50171569545307,42.10374215441306
PART-PIER-1,436,Pier/C3D8R,0.0,15.0,-10.0,-1.562201e-15,-0.007778175,-0.0056218104,-1.20471e-14,-0.00175944,-0.0135239,0.009933186349135566,103.50171569545307,42.10374215441306
PART-PIER-2,475,Pier/C3D8R,-18.0,-15.0,-10.0,-0.0007054154,0.007288873,-0.005405088,-0.00179364,0.00124801,-0.0131989,0.009920673568672551,108.99847997020093,46.990196252439524
PART-PIER-2,674,Pier/C3D8R,18.0,-15.0,-10.0,0.0007054154,0.007288873,-0.005405088,0.00179364,0.00124801,-0.0131989,0.009920673568672551,108.99847997020093,46.990196252439524
PART-PIER-1,475,Pier/C3D8R,-18.0,15.0,-10.0,-0.0007054154,-0.007288873,-0.005405088,-0.00179364,-0.00124801,-0.0131989,0.009920673568672551,108.99847997020093,46.990196252439524
PART-PIER-1,674,Pier/C3D8R,18.0,15.0,-10.0,0.0007054154,-0.007288873,-0.005405088,0.00179364,-0.00124801,-0.0131989,0.009920673568672551,108.99847997020093,46.990196252439524
PART-PIER-2,290,Pier/C3D8R,-11.83333,-10.0,-5.0,-0.0006373936,0.009865024,-0.008348038,-0.00109274,0.00372677,-0.0160393,0.009850939735129485,76.13438744977765,27.544148487042836
PART-PIER-2,606,Pier/C3D8R,11.83333,-10.0,-5.0,0.0006373936,0.009865024,-0.008348038,0.00109274,0.00372677,-0.0160393,0.009850939735129485,76.13438744977765,27.544148487042836
PART-PIER-1,368,Pier/C3D8R,-11.83333,10.0,-5.0,-0.0006373936,-0.009865024,-0.008348038,-0.00109274,-0.00372677,-0.0160393,0.009850939735129485,76.13438744977765,27.544148487042836
PART-PIER-1,528,Pier/C3D8R,11.83333,10.0,-5.0,0.0006373936,-0.009865024,-0.008348038,0.00109274,-0.00372677,-0.0160393,0.009850939735129485,76.13438744977765,27.544148487042836
PART-PIER-2,286,Pier/C3D8R,-12.16667,-10.0,-15.0,-0.0006688295,0.0059388787,-0.0065620346,-0.00143853,0.00122065,-0.0150997,0.009784980909923182,110.24470813789036,71.44697091180335
PART-PIER-2,602,Pier/C3D8R,12.16667,-10.0,-15.0,0.0006688295,0.0059388787,-0.0065620346,0.00143853,0.00122065,-0.0150997,0.009784980909923182,110.24470813789036,71.44697091180335
PART-PIER-1,364,Pier/C3D8R,-12.16667,10.0,-15.0,-0.0006688295,-0.0059388787,-0.0065620346,-0.00143853,-0.00122065,-0.0150997,0.009784980909923182,110.24470813789036,71.44697091180335
PART-PIER-1,524,Pier/C3D8R,12.16667,10.0,-15.0,0.0006688295,-0.0059388787,-0.0065620346,0.00143853,-0.00122065,-0.0150997,0.009784980909923182,110.24470813789036,71.44697091180335
PART-FLOOR-1,273,Floor/S4R,130.0,0.0,0.0,-0.009133708,6.2807946e-15,-0.45439717,-0.00675922,-8.65019e-14,-0.444927,0.009763314656971986,2.1481962301328497,2.0925961714916403
PART-FLOOR-1,414,Floor/S4R,-130.0,0.0,0.0,0.009133708,3.848223e-15,-0.45439717,0.00675922,-1.89116e-13,-0.444927,0.009763314656971986,2.1481962301328497,2.0925961714916403
PART-PIER-2,288,Pier/C3D8R,-12.0,-10.0,-10.0,-0.0006399892,0.007796438,-0.007449839,-0.00122521,0.00123695,-0.014444,0.00960664636076595,88.92979543785309,34.677552273348034
PART-PIER-2,604,Pier/C3D8R,12.0,-10.0,-10.0,0.0006399892,0.007796438,-0.007449839,0.00122521,0.00123695,-0.014444,0.00960664636076595,88.92979543785309,34.677552273348034
PART-PIER-1,366,Pier/C3D8R,-12.0,10.0,-10.0,-0.0006399892,-0.007796438,-0.007449839,-0.00122521,-0.00123695,-0.014444,0.00960664636076595,88.92979543785309,34.677552273348034
PART-PIER-1,526,Pier/C3D8R,12.0,10.0,-10.0,0.0006399892,-0.007796438,-0.007449839,0.00122521,-0.00123695,-0.014444,0.00960664636076595,88.92979543785309,34.677552273348034
PART-FLOOR-1,257,Floor/S4R,160.0,-5.0,0.0,-0.008399302,0.0002003054,-0.29619923,-0.00873617,-9.99239e-05,-0.305677,0.00948850577566892,3.202132220128582,3.20043162249814
PART-FLOOR-1,259,Floor/S4R,160.0,5.0,0.0,-0.008399302,-0.0002003054,-0.29619923,-0.00873617,9.99239e-05,-0.305677,0.00948850577566892,3.202132220128582,3.20043162249814
PART-FLOOR-1,428,Floor/S4R,-160.0,-5.0,0.0,0.008399302,0.0002003054,-0.29619923,0.00873617,-9.99239e-05,-0.305677,0.00948850577566892,3.202132220128582,3.20043162249814
PART-FLOOR-1,430,Floor/S4R,-160.0,5.0,0.0,0.008399302,-0.0002003054,-0.29619923,0.00873617,9.99239e-05,-0.305677,0.00948850577566892,3.202132220128582,3.20043162249814
PART-SUPPORTBEAM-2,112,SupportBeam/B31,-161.53847,10.0,-30.0,-0.010327737,0.0024184803,-0.20516258,-0.00176816,0.000375576,-0.20193,0.009374934125330565,4.563419691216842,1.7029617769903707
PART-SUPPORTBEAM-2,280,SupportBeam/B31,161.53847,10.0,-30.0,0.010327737,0.0024184803,-0.20516258,0.00176816,0.000375576,-0.20193,0.009374934125330565,4.563419691216842,1.7029617769903707
PART-SUPPORTBEAM-1,112,SupportBeam/B31,-161.53847,-10.0,-30.0,-0.010327737,-0.0024184803,-0.20516258,-0.00176816,-0.000375576,-0.20193,0.009374934125330565,4.563419691216842,1.7029617769903707
PART-SUPPORTBEAM-1,280,SupportBeam/B31,161.53847,-10.0,-30.0,0.010327737,-0.0024184803,-0.20516258,0.00176816,-0.000375576,-0.20193,0.009374934125330565,4.563419691216842,1.7029617769903707
PART-CABLE200-2,1,Cable/T3D2,-200.0,10.0,0.0,0.020220181,-0.00033548445,-0.13811508,0.013075,-0.000222138,-0.144165,0.009363118654961521,6.707693031591607,3.703125219165865
PART-CABLE200-4,1,Cable/T3D2,200.0,10.0,0.0,-0.020220181,-0.00033548445,-0.13811508,-0.013075,-0.000222138,-0.144165,0.009363118654961521,6.707693031591607,3.703125219165865
PART-SUPPORTBEAM-2,3,SupportBeam/B31,-200.0,10.0,0.0,0.020220181,-0.00033548445,-0.13811508,0.013075,-0.000222138,-0.144165,0.009363118654961521,6.707693031591607,3.703125219165865
PART-SUPPORTBEAM-2,18,SupportBeam/B31,200.0,10.0,0.0,-0.020220181,-0.00033548445,-0.13811508,-0.013075,-0.000222138,-0.144165,0.009363118654961521,6.707693031591607,3.703125219165865
PART-CABLE200-1,1,Cable/T3D2,-200.0,-10.0,0.0,0.020220181,0.00033548445,-0.13811508,0.013075,0.000222138,-0.144165,0.009363118654961521,6.707693031591607,3.703125219165865
PART-CABLE200-3,1,Cable/T3D2,200.0,-10.0,0.0,-0.020220181,0.00033548445,-0.13811508,-0.013075,0.000222138,-0.144165,0.009363118654961521,6.707693031591607,3.703125219165865
PART-FLOOR-1,1,Floor/S4R,200.0,-10.0,0.0,-0.020220181,0.00033548445,-0.13811508,-0.013075,0.000222138,-0.144165,0.009363118654961521,6.707693031591607,3.703125219165865
PART-FLOOR-1,2,Floor/S4R,200.0,10.0,0.0,-0.020220181,-0.00033548445,-0.13811508,-0.013075,-0.000222138,-0.144165,0.009363118654961521,6.707693031591607,3.703125219165865
PART-FLOOR-1,17,Floor/S4R,-200.0,10.0,0.0,0.020220181,-0.00033548445,-0.13811508,0.013075,-0.000222138,-0.144165,0.009363118654961521,6.707693031591607,3.703125219165865
PART-FLOOR-1,18,Floor/S4R,-200.0,-10.0,0.0,0.020220181,0.00033548445,-0.13811508,0.013075,0.000222138,-0.144165,0.009363118654961521,6.707693031591607,3.703125219165865
PART-SUPPORTBEAM-1,3,SupportBeam/B31,-200.0,-10.0,0.0,0.020220181,0.00033548445,-0.13811508,0.013075,0.000222138,-0.144165,0.009363118654961521,6.707693031591607,3.703125219165865
PART-SUPPORTBEAM-1,18,SupportBeam/B31,200.0,-10.0,0.0,-0.020220181,0.00033548445,-0.13811508,-0.013075,0.000222138,-0.144165,0.009363118654961521,6.707693031591607,3.703125219165865
PART-FLOOR-1,50,Floor/S4R,130.0,10.0,0.0,-0.009144885,0.0003764407,-0.46041536,-0.00675481,0.00021972,-0.451477,0.009253718137755931,2.0094660284702184,1.9497543210019717
PART-FLOOR-1,64,Floor/S4R,130.0,-10.0,0.0,-0.009144885,-0.0003764407,-0.46041536,-0.00675481,-0.00021972,-0.451477,0.009253718137755931,2.0094660284702184,1.9497543210019717
PART-FLOOR-1,157,Floor/S4R,-130.0,10.0,0.0,0.009144885,0.0003764407,-0.46041536,0.00675481,0.00021972,-0.451477,0.009253718137755931,2.0094660284702184,1.9497543210019717
PART-FLOOR-1,167,Floor/S4R,-130.0,-10.0,0.0,0.009144885,-0.0003764407,-0.46041536,0.00675481,-0.00021972,-0.451477,0.009253718137755931,2.0094660284702184,1.9497543210019717
PART-FLOOR-1,24,Floor/S4R,200.0,0.0,0.0,-0.016753469,2.259741e-15,-0.21580528,-0.00959011,-1.2664e-14,-0.22166,0.009251565188727854,4.274136386867337,2.5006407797419983
PART-FLOOR-1,183,Floor/S4R,-200.0,0.0,0.0,0.016753469,1.0506365e-15,-0.21580528,0.00959011,-5.20297e-14,-0.22166,0.009251565188727854,4.274136386867337,2.5006407797419983
PART-SUPPORTBEAM-2,48,SupportBeam/B31,-156.66667,10.0,-26.0,-0.010043587,0.002144399,-0.20841637,-0.00232249,0.000310448,-0.203713,0.009224988049353226,4.4208660858911415,2.3687119926017792
PART-SUPPORTBEAM-2,291,SupportBeam/B31,156.66667,10.0,-26.0,0.010043587,0.002144399,-0.20841637,0.00232249,0.000310448,-0.203713,0.009224988049353226,4.4208660858911415,2.3687119926017792
PART-SUPPORTBEAM-1,48,SupportBeam/B31,-156.66667,-10.0,-26.0,-0.010043587,-0.002144399,-0.20841637,-0.00232249,-0.000310448,-0.203713,0.009224988049353226,4.4208660858911415,2.3687119926017792
PART-SUPPORTBEAM-1,291,SupportBeam/B31,156.66667,-10.0,-26.0,0.010043587,-0.002144399,-0.20841637,0.00232249,-0.000310448,-0.203713,0.009224988049353226,4.4208660858911415,2.3687119926017792
PART-SUPPORTBEAM-2,62,SupportBeam/B31,-150.0,10.0,-22.5,-0.0044836677,0.0019390685,-0.21402182,0.00282026,0.000292513,-0.20874,0.009162757629327946,4.280111156459667,2.4842893996646187
PART-SUPPORTBEAM-2,324,SupportBeam/B31,150.0,10.0,-22.5,0.0044836677,0.0019390685,-0.21402182,-0.00282026,0.000292513,-0.20874,0.009162757629327946,4.280111156459667,2.4842893996646187
PART-SUPPORTBEAM-1,62,SupportBeam/B31,-150.0,-10.0,-22.5,-0.0044836677,-0.0019390685,-0.21402182,0.00282026,-0.000292513,-0.20874,0.009162757629327946,4.280111156459667,2.4842893996646187
PART-SUPPORTBEAM-1,324,SupportBeam/B31,150.0,-10.0,-22.5,0.0044836677,-0.0019390685,-0.21402182,-0.00282026,-0.000292513,-0.20874,0.009162757629327946,4.280111156459667,2.4842893996646187
PART-FLOOR-1,473,Floor/S4R,-240.0,-5.0,0.0,0.0029562702,-8.701585e-05,-0.3383207,0.00280319,0.000291117,-0.347472,0.00916038807528817,2.7075015146210983,2.7043726208840972
PART-FLOOR-1,475,Floor/S4R,-240.0,5.0,0.0,0.0029562702,8.701585e-05,-0.3383207,0.00280319,-0.000291117,-0.347472,0.00916038807528817,2.7075015146210983,2.7043726208840972
PART-FLOOR-1,500,Floor/S4R,240.0,5.0,0.0,-0.0029562702,8.701585e-05,-0.3383207,-0.00280319,-0.000291117,-0.347472,0.00916038807528817,2.7075015146210983,2.7043726208840972
PART-FLOOR-1,502,Floor/S4R,240.0,-5.0,0.0,-0.0029562702,-8.701585e-05,-0.3383207,-0.00280319,0.000291117,-0.347472,0.00916038807528817,2.7075015146210983,2.7043726208840972
PART-SUPPORTBEAM-2,33,SupportBeam/B31,-203.33333,10.0,-2.0,0.021797493,-0.0002078868,-0.13442108,0.015796,-0.000139528,-0.141065,0.008953449844668055,6.5748575222045496,4.236845358229253
PART-SUPPORTBEAM-2,330,SupportBeam/B31,203.33333,10.0,-2.0,-0.021797493,-0.0002078868,-0.13442108,-0.015796,-0.000139528,-0.141065,0.008953449844668055,6.5748575222045496,4.236845358229253
PART-SUPPORTBEAM-1,33,SupportBeam/B31,-203.33333,-10.0,-2.0,0.021797493,0.0002078868,-0.13442108,0.015796,0.000139528,-0.141065,0.008953449844668055,6.5748575222045496,4.236845358229253
PART-SUPPORTBEAM-1,330,SupportBeam/B31,203.33333,-10.0,-2.0,-0.021797493,0.0002078868,-0.13442108,-0.015796,0.000139528,-0.141065,0.008953449844668055,6.5748575222045496,4.236845358229253
PART-PIER-2,94,Pier/C3D8R,0.0,-10.0,-5.0,5.0550815e-16,0.010083608,-0.008428623,-4.14386e-16,0.00389435,-0.0148963,0.008951969636169071,68.11554484055229,17.15531870653641
PART-PIER-1,150,Pier/C3D8R,0.0,10.0,-5.0,-2.242622e-15,-0.010083608,-0.008428623,-4.89491e-15,-0.00389435,-0.0148963,0.008951969636169071,68.11554484055229,17.15531870653641
PART-PIER-2,287,Pier/C3D8R,-6.0,-10.0,-10.0,-0.00032592975,0.007957358,-0.007467845,-0.000721385,0.00243142,-0.0144664,0.008925925594728065,81.75704397840705,34.52592257672733
PART-PIER-2,603,Pier/C3D8R,6.0,-10.0,-10.0,0.00032592975,0.007957358,-0.007467845,0.000721385,0.00243142,-0.0144664,0.008925925594728065,81.75704397840705,34.52592257672733
PART-PIER-1,365,Pier/C3D8R,-6.0,10.0,-10.0,-0.00032592975,-0.007957358,-0.007467845,-0.000721385,-0.00243142,-0.0144664,0.008925925594728065,81.75704397840705,34.52592257672733
PART-PIER-1,525,Pier/C3D8R,6.0,10.0,-10.0,0.00032592975,-0.007957358,-0.007467845,0.000721385,-0.00243142,-0.0144664,0.008925925594728065,81.75704397840705,34.52592257672733
PART-PIER-2,145,Pier/C3D8R,0.0,-20.0,-30.0,-1.2285845e-16,0.0017288917,-0.0017417934,-5.28544e-15,-0.000735849,-0.0102782,0.008885110261485788,362.0425436341939,319.8788640822159
PART-PIER-1,99,Pier/C3D8R,0.0,20.0,-30.0,-3.134136e-16,-0.0017288917,-0.0017417934,3.2198e-15,0.000735849,-0.0102782,0.008885110261485788,362.0425436341939,319.8788640822159
PART-FLOOR-1,261,Floor/S4R,155.0,0.0,0.0,-0.008265529,5.2952934e-15,-0.28017774,-0.00842541,-4.94558e-14,-0.288978,0.008801712219890007,3.1401083499142937,3.1399130554014736
PART-FLOOR-1,426,Floor/S4R,-155.0,0.0,0.0,0.008265529,2.9027442e-15,-0.28017774,0.00842541,-1.4025e-13,-0.288978,0.008801712219890007,3.1401083499142937,3.1399130554014736
PART-SUPPORTBEAM-2,113,SupportBeam/B31,-165.38461,10.0,-30.0,-0.010055966,0.0023925377,-0.20198005,-0.00183493,0.000390011,-0.199559,0.008800967514995662,4.351650080607743,1.323427772190278
PART-SUPPORTBEAM-2,281,SupportBeam/B31,165.38461,10.0,-30.0,0.010055966,0.0023925377,-0.20198005,0.00183493,0.000390011,-0.199559,0.008800967514995662,4.351650080607743,1.323427772190278
PART-SUPPORTBEAM-1,113,SupportBeam/B31,-165.38461,-10.0,-30.0,-0.010055966,-0.0023925377,-0.20198005,-0.00183493,-0.000390011,-0.199559,0.008800967514995662,4.351650080607743,1.323427772190278
PART-SUPPORTBEAM-1,281,SupportBeam/B31,165.38461,-10.0,-30.0,0.010055966,-0.0023925377,-0.20198005,0.00183493,-0.000390011,-0.199559,0.008800967514995662,4.351650080607743,1.323427772190278
PART-SUPPORTBEAM-2,34,SupportBeam/B31,-206.66667,10.0,-4.0,0.024140673,-7.9991216e-05,-0.13199764,0.0191607,-5.32739e-05,-0.139033,0.008619578599055938,6.423556324260474,4.590675089661897
PART-SUPPORTBEAM-2,331,SupportBeam/B31,206.66667,10.0,-4.0,-0.024140673,-7.9991216e-05,-0.13199764,-0.0191607,-5.32739e-05,-0.139033,0.008619578599055938,6.423556324260474,4.590675089661897
PART-SUPPORTBEAM-1,34,SupportBeam/B31,-206.66667,-10.0,-4.0,0.024140673,7.9991216e-05,-0.13199764,0.0191607,5.32739e-05,-0.139033,0.008619578599055938,6.423556324260474,4.590675089661897
PART-SUPPORTBEAM-1,331,SupportBeam/B31,206.66667,-10.0,-4.0,-0.024140673,7.9991216e-05,-0.13199764,-0.0191607,5.32739e-05,-0.139033,0.008619578599055938,6.423556324260474,4.590675089661897
PART-PIER-2,361,Pier/C3D8R,-6.16667,-20.0,-20.0,-0.0001759527,0.004093892,-0.002664458,-0.000506548,-0.000490937,-0.00992638,0.008594501809046706,175.83704751262698,103.5984401250713
PART-PIER-2,521,Pier/C3D8R,6.16667,-20.0,-20.0,0.0001759527,0.004093892,-0.002664458,0.000506548,-0.000490937,-0.00992638,0.008594501809046706,175.83704751262698,103.5984401250713
PART-PIER-1,283,Pier/C3D8R,-6.16667,20.0,-20.0,-0.0001759527,-0.004093892,-0.002664458,-0.000506548,0.000490937,-0.00992638,0.008594501809046706,175.83704751262698,103.5984401250713
PART-PIER-1,599,Pier/C3D8R,6.16667,20.0,-20.0,0.0001759527,-0.004093892,-0.002664458,0.000506548,0.000490937,-0.00992638,0.008594501809046706,175.83704751262698,103.5984401250713
PART-PIER-2,99,Pier/C3D8R,0.0,-10.0,-30.0,1.7459567e-16,0.002230479,-0.0036682945,-1.18734e-15,0.000102123,-0.0119928,0.00859228090103357,200.13776971568865,179.35530646888913
PART-PIER-1,145,Pier/C3D8R,0.0,10.0,-30.0,-5.1346666e-16,-0.002230479,-0.0036682945,1.37505e-14,-0.000102123,-0.0119928,0.00859228090103357,200.13776971568865,179.35530646888913
PART-PIER-2,147,Pier/C3D8R,0.0,-20.0,-20.0,-2.2314564e-16,0.004144483,-0.0027406951,-7.23399e-15,-0.000129877,-0.0101587,0.008561363799420277,172.305320267943,104.46988873993568
PART-PIER-1,97,Pier/C3D8R,0.0,20.0,-20.0,-7.218776e-16,-0.004144483,-0.0027406951,-1.07504e-14,0.000129877,-0.0101587,0.008561363799420277,172.305320267943,104.46988873993568
PART-FLOOR-1,34,Floor/S4R,155.0,10.0,0.0,-0.008376225,-0.0001552652,-0.23512654,-0.00852874,0.00020734,-0.243615,0.008497570036657073,3.6117493210590657,3.607933173208068
PART-FLOOR-1,38,Floor/S4R,155.0,-10.0,0.0,-0.008376225,0.0001552652,-0.23512654,-0.00852874,-0.00020734,-0.243615,0.008497570036657073,3.6117493210590657,3.607933173208068
PART-FLOOR-1,173,Floor/S4R,-155.0,10.0,0.0,0.008376225,-0.0001552652,-0.23512654,0.00852874,0.00020734,-0.243615,0.008497570036657073,3.6117493210590657,3.607933173208068
PART-FLOOR-1,193,Floor/S4R,-155.0,-10.0,0.0,0.008376225,0.0001552652,-0.23512654,0.00852874,-0.00020734,-0.243615,0.008497570036657073,3.6117493210590657,3.607933173208068
PART-PIER-2,438,Pier/C3D8R,0.0,-15.0,0.0,4.3398233e-17,0.012226447,-0.0068424335,-1.02474e-14,0.00536688,-0.0117203,0.008417080314414923,60.075293098641325,7.995469782605706
PART-PIER-1,438,Pier/C3D8R,0.0,15.0,0.0,-2.3976303e-15,-0.012226447,-0.0068424335,-1.55675e-14,-0.00536688,-0.0117203,0.008417080314414923,60.075293098641325,7.995469782605706
PART-PIER-2,362,Pier/C3D8R,-12.33333,-20.0,-20.0,-0.00034212472,0.003946264,-0.00269237,-0.00115312,-0.000387307,-0.0098439,0.008401305392444871,175.41245609888077,107.09595334714086
PART-PIER-2,522,Pier/C3D8R,12.33333,-20.0,-20.0,0.00034212472,0.003946264,-0.00269237,0.00115312,-0.000387307,-0.0098439,0.008401305392444871,175.41245609888077,107.09595334714086
PART-PIER-1,284,Pier/C3D8R,-12.33333,20.0,-20.0,-0.00034212472,-0.003946264,-0.00269237,-0.00115312,0.000387307,-0.0098439,0.008401305392444871,175.41245609888077,107.09595334714086
PART-PIER-1,600,Pier/C3D8R,12.33333,20.0,-20.0,0.00034212472,-0.003946264,-0.00269237,0.00115312,0.000387307,-0.0098439,0.008401305392444871,175.41245609888077,107.09595334714086
PART-SUPPORTBEAM-2,22,SupportBeam/B31,-207.69231,10.0,-30.0,-0.007053939,0.0020197383,-0.13144079,-0.00254992,0.000706679,-0.138396,0.008389592244071063,6.372870202202932,5.147056809967277
PART-SUPPORTBEAM-2,312,SupportBeam/B31,207.69231,10.0,-30.0,0.007053939,0.0020197383,-0.13144079,0.00254992,0.000706679,-0.138396,0.008389592244071063,6.372870202202932,5.147056809967277
PART-SUPPORTBEAM-1,22,SupportBeam/B31,-207.69231,-10.0,-30.0,-0.007053939,-0.0020197383,-0.13144079,-0.00254992,-0.000706679,-0.138396,0.008389592244071063,6.372870202202932,5.147056809967277
PART-SUPPORTBEAM-1,312,SupportBeam/B31,207.69231,-10.0,-30.0,0.007053939,-0.0020197383,-0.13144079,0.00254992,-0.000706679,-0.138396,0.008389592244071063,6.372870202202932,5.147056809967277
PART-PIER-2,32,Pier/C3D8R,-18.0,-10.0,-10.0,-0.0009814478,0.0075217816,-0.0072812354,-0.00153049,0.00229152,-0.0138006,0.008376108794037274,79.66169196379941,33.84269299483819
PART-PIER-2,261,Pier/C3D8R,18.0,-10.0,-10.0,0.0009814478,0.0075217816,-0.0072812354,0.00153049,0.00229152,-0.0138006,0.008376108794037274,79.66169196379941,33.84269299483819
PART-PIER-1,134,Pier/C3D8R,-18.0,10.0,-10.0,-0.0009814478,-0.0075217816,-0.0072812354,-0.00153049,-0.00229152,-0.0138006,0.008376108794037274,79.66169196379941,33.84269299483819
PART-PIER-1,198,Pier/C3D8R,18.0,10.0,-10.0,0.0009814478,-0.0075217816,-0.0072812354,0.00153049,-0.00229152,-0.0138006,0.008376108794037274,79.66169196379941,33.84269299483819
PART-FLOOR-1,236,Floor/S4R,195.0,-5.0,0.0,-0.017159373,0.00043980274,-0.19153023,-0.0103699,0.000469663,-0.196427,0.008371152351125632,4.353221820510016,2.289801167683634
PART-FLOOR-1,238,Floor/S4R,195.0,5.0,0.0,-0.017159373,-0.00043980274,-0.19153023,-0.0103699,-0.000469663,-0.196427,0.008371152351125632,4.353221820510016,2.289801167683634
PART-FLOOR-1,449,Floor/S4R,-195.0,-5.0,0.0,0.017159373,0.00043980274,-0.19153023,0.0103699,0.000469663,-0.196427,0.008371152351125632,4.353221820510016,2.289801167683634
PART-FLOOR-1,451,Floor/S4R,-195.0,5.0,0.0,0.017159373,-0.00043980274,-0.19153023,0.0103699,-0.000469663,-0.196427,0.008371152351125632,4.353221820510016,2.289801167683634
PART-SUPPORTBEAM-2,21,SupportBeam/B31,-203.84616,10.0,-30.0,-0.007331977,0.0020574871,-0.13484098,-0.00249287,0.000665672,-0.141492,0.008342072456556411,6.176757852842499,4.78296967959098
PART-SUPPORTBEAM-2,311,SupportBeam/B31,203.84616,10.0,-30.0,0.007331977,0.0020574871,-0.13484098,0.00249287,0.000665672,-0.141492,0.008342072456556411,6.176757852842499,4.78296967959098
PART-SUPPORTBEAM-1,21,SupportBeam/B31,-203.84616,-10.0,-30.0,-0.007331977,-0.0020574871,-0.13484098,-0.00249287,-0.000665672,-0.141492,0.008342072456556411,6.176757852842499,4.78296967959098
PART-SUPPORTBEAM-1,311,SupportBeam/B31,203.84616,-10.0,-30.0,0.007331977,-0.0020574871,-0.13484098,0.00249287,-0.000665672,-0.141492,0.008342072456556411,6.176757852842499,4.78296967959098
PART-FLOOR-1,269,Floor/S4R,135.0,-5.0,0.0,-0.009530912,-0.00020482008,-0.41302896,-0.00712633,-0.000103762,-0.405075,0.008310096690884951,2.0114531556046584,1.9367014556197402
PART-FLOOR-1,271,Floor/S4R,135.0,5.0,0.0,-0.009530912,0.00020482008,-0.41302896,-0.00712633,0.000103762,-0.405075,0.008310096690884951,2.0114531556046584,1.9367014556197402
PART-FLOOR-1,416,Floor/S4R,-135.0,-5.0,0.0,0.009530912,-0.00020482008,-0.41302896,0.00712633,-0.000103762,-0.405075,0.008310096690884951,2.0114531556046584,1.9367014556197402
PART-FLOOR-1,418,Floor/S4R,-135.0,5.0,0.0,0.009530912,0.00020482008,-0.41302896,0.00712633,0.000103762,-0.405075,0.008310096690884951,2.0114531556046584,1.9367014556197402
PART-SUPPORTBEAM-2,68,SupportBeam/B31,-200.0,10.0,-3.75,0.016817328,-3.065612e-05,-0.13823731,0.0111272,-0.000111408,-0.144286,0.008304861723027511,5.963714979118943,3.919349869016358
PART-SUPPORTBEAM-2,304,SupportBeam/B31,200.0,10.0,-3.75,-0.016817328,-3.065612e-05,-0.13823731,-0.0111272,-0.000111408,-0.144286,0.008304861723027511,5.963714979118943,3.919349869016358
PART-SUPPORTBEAM-1,68,SupportBeam/B31,-200.0,-10.0,-3.75,0.016817328,3.065612e-05,-0.13823731,0.0111272,0.000111408,-0.144286,0.008304861723027511,5.963714979118943,3.919349869016358
PART-SUPPORTBEAM-1,304,SupportBeam/B31,200.0,-10.0,-3.75,-0.016817328,3.065612e-05,-0.13823731,-0.0111272,0.000111408,-0.144286,0.008304861723027511,5.963714979118943,3.919349869016358
PART-SUPPORTBEAM-2,35,SupportBeam/B31,-210.0,10.0,-6.0,0.026773347,4.8170892e-05,-0.13005088,0.0227011,3.6347e-05,-0.137287,0.00830329862692116,6.253511272645575,4.799761283900437
PART-SUPPORTBEAM-2,332,SupportBeam/B31,210.0,10.0,-6.0,-0.026773347,4.8170892e-05,-0.13005088,-0.0227011,3.6347e-05,-0.137287,0.00830329862692116,6.253511272645575,4.799761283900437
PART-SUPPORTBEAM-1,35,SupportBeam/B31,-210.0,-10.0,-6.0,0.026773347,-4.8170892e-05,-0.13005088,0.0227011,-3.6347e-05,-0.137287,0.00830329862692116,6.253511272645575,4.799761283900437
PART-SUPPORTBEAM-1,332,SupportBeam/B31,210.0,-10.0,-6.0,-0.026773347,-4.8170892e-05,-0.13005088,-0.0227011,-3.6347e-05,-0.137287,0.00830329862692116,6.253511272645575,4.799761283900437
PART-SUPPORTBEAM-2,114,SupportBeam/B31,-169.23077,10.0,-30.0,-0.009784193,0.0023647957,-0.19788097,-0.00190169,0.000406917,-0.196285,0.0082773342804204,4.177585023365583,0.9297565789549328
PART-SUPPORTBEAM-2,282,SupportBeam/B31,169.23077,10.0,-30.0,0.009784193,0.0023647957,-0.19788097,0.00190169,0.000406917,-0.196285,0.0082773342804204,4.177585023365583,0.9297565789549328
PART-SUPPORTBEAM-1,114,SupportBeam/B31,-169.23077,-10.0,-30.0,-0.009784193,-0.0023647957,-0.19788097,-0.00190169,-0.000406917,-0.196285,0.0082773342804204,4.177585023365583,0.9297565789549328
PART-SUPPORTBEAM-1,282,SupportBeam/B31,169.23077,-10.0,-30.0,0.009784193,-0.0023647957,-0.19788097,0.00190169,-0.000406917,-0.196285,0.0082773342804204,4.177585023365583,0.9297565789549328
PART-SUPPORTBEAM-2,23,SupportBeam/B31,-211.53847,10.0,-30.0,-0.0067759,0.0019817476,-0.12790582,-0.00260697,0.000750253,-0.134894,0.00822989769117022,6.4245631219539305,5.324547074505929
PART-SUPPORTBEAM-2,313,SupportBeam/B31,211.53847,10.0,-30.0,0.0067759,0.0019817476,-0.12790582,0.00260697,0.000750253,-0.134894,0.00822989769117022,6.4245631219539305,5.324547074505929
PART-SUPPORTBEAM-1,23,SupportBeam/B31,-211.53847,-10.0,-30.0,-0.0067759,-0.0019817476,-0.12790582,-0.00260697,-0.000750253,-0.134894,0.00822989769117022,6.4245631219539305,5.324547074505929
PART-SUPPORTBEAM-1,313,SupportBeam/B31,211.53847,-10.0,-30.0,0.0067759,-0.0019817476,-0.12790582,0.00260697,-0.000750253,-0.134894,0.00822989769117022,6.4245631219539305,5.324547074505929
PART-PIER-2,136,Pier/C3D8R,-18.5,-20.0,-20.0,-0.0004978236,0.0036813626,-0.0025416582,-0.00174647,-0.000584652,-0.00936339,0.008142114169598542,180.88993765961936,112.00840612079854
PART-PIER-2,196,Pier/C3D8R,18.5,-20.0,-20.0,0.0004978236,0.0036813626,-0.0025416582,0.00174647,-0.000584652,-0.00936339,0.008142114169598542,180.88993765961936,112.00840612079854
PART-PIER-1,30,Pier/C3D8R,-18.5,20.0,-20.0,-0.0004978236,-0.0036813626,-0.0025416582,-0.00174647,0.000584652,-0.00936339,0.008142114169598542,180.88993765961936,112.00840612079854
PART-PIER-1,263,Pier/C3D8R,18.5,20.0,-20.0,0.0004978236,-0.0036813626,-0.0025416582,0.00174647,0.000584652,-0.00936339,0.008142114169598542,180.88993765961936,112.00840612079854
PART-SUPPORTBEAM-2,49,SupportBeam/B31,-160.0,10.0,-24.0,-0.009848339,0.0019683188,-0.20659824,-0.00310354,0.000283313,-0.202443,0.008099233146047498,3.915657945558964,2.115243667067841
PART-SUPPORTBEAM-2,292,SupportBeam/B31,160.0,10.0,-24.0,0.009848339,0.0019683188,-0.20659824,0.00310354,0.000283313,-0.202443,0.008099233146047498,3.915657945558964,2.115243667067841
PART-SUPPORTBEAM-1,49,SupportBeam/B31,-160.0,-10.0,-24.0,-0.009848339,-0.0019683188,-0.20659824,-0.00310354,-0.000283313,-0.202443,0.008099233146047498,3.915657945558964,2.115243667067841
PART-SUPPORTBEAM-1,292,SupportBeam/B31,160.0,-10.0,-24.0,0.009848339,-0.0019683188,-0.20659824,0.00310354,-0.000283313,-0.202443,0.008099233146047498,3.915657945558964,2.115243667067841
PART-SUPPORTBEAM-2,1,SupportBeam/B31,-200.0,10.0,-30.0,-0.0076100165,0.0020949636,-0.13894057,-0.00243582,0.000627474,-0.144982,0.008088554357338539,5.812221582567412,4.195914862497892
PART-SUPPORTBEAM-2,17,SupportBeam/B31,200.0,10.0,-30.0,0.0076100165,0.0020949636,-0.13894057,0.00243582,0.000627474,-0.144982,0.008088554357338539,5.812221582567412,4.195914862497892
PART-SUPPORTBEAM-1,1,SupportBeam/B31,-200.0,-10.0,-30.0,-0.0076100165,-0.0020949636,-0.13894057,-0.00243582,-0.000627474,-0.144982,0.008088554357338539,5.812221582567412,4.195914862497892
PART-SUPPORTBEAM-1,17,SupportBeam/B31,200.0,-10.0,-30.0,0.0076100165,-0.0020949636,-0.13894057,0.00243582,-0.000627474,-0.144982,0.008088554357338539,5.812221582567412,4.195914862497892
PART-FLOOR-1,35,Floor/S4R,150.0,5.0,0.0,-0.008164453,-0.00012889302,-0.26521045,-0.00814508,9.32664e-05,-0.273255,0.008047640326426396,3.0329983955767497,3.030216727439367
PART-FLOOR-1,37,Floor/S4R,150.0,-5.0,0.0,-0.008164453,0.00012889302,-0.26521045,-0.00814508,-9.32664e-05,-0.273255,0.008047640326426396,3.0329983955767497,3.030216727439367
PART-FLOOR-1,161,Floor/S4R,-150.0,5.0,0.0,0.008164453,-0.00012889302,-0.26521045,0.00814508,9.32664e-05,-0.273255,0.008047640326426396,3.0329983955767497,3.030216727439367
PART-FLOOR-1,163,Floor/S4R,-150.0,-5.0,0.0,0.008164453,0.00012889302,-0.26521045,0.00814508,-9.32664e-05,-0.273255,0.008047640326426396,3.0329983955767497,3.030216727439367
PART-FLOOR-1,56,Floor/S4R,100.0,5.0,0.0,-0.0069122603,8.698169e-05,-0.28681225,-0.0046618,8.7807e-05,-0.279126,0.008008933218944504,2.791585077753298,2.6945710955621163
PART-FLOOR-1,58,Floor/S4R,100.0,-5.0,0.0,-0.0069122603,-8.698169e-05,-0.28681225,-0.0046618,-8.7807e-05,-0.279126,0.008008933218944504,2.791585077753298,2.6945710955621163
PART-FLOOR-1,140,Floor/S4R,-100.0,5.0,0.0,0.0069122603,8.698169e-05,-0.28681225,0.0046618,8.7807e-05,-0.279126,0.008008933218944504,2.791585077753298,2.6945710955621163
PART-FLOOR-1,142,Floor/S4R,-100.0,-5.0,0.0,0.0069122603,-8.698169e-05,-0.28681225,0.0046618,-8.7807e-05,-0.279126,0.008008933218944504,2.791585077753298,2.6945710955621163
PART-SUPPORTBEAM-2,36,SupportBeam/B31,-213.33333,10.0,-8.0,0.029283877,0.00017656757,-0.12789468,0.0260141,0.000129059,-0.135156,0.007963696807158863,6.069681798400586,4.9025000763923545
PART-SUPPORTBEAM-2,333,SupportBeam/B31,213.33333,10.0,-8.0,-0.029283877,0.00017656757,-0.12789468,-0.0260141,0.000129059,-0.135156,0.007963696807158863,6.069681798400586,4.9025000763923545
PART-SUPPORTBEAM-1,36,SupportBeam/B31,-213.33333,-10.0,-8.0,0.029283877,-0.00017656757,-0.12789468,0.0260141,-0.000129059,-0.135156,0.007963696807158863,6.069681798400586,4.9025000763923545
PART-SUPPORTBEAM-1,333,SupportBeam/B31,213.33333,-10.0,-8.0,-0.029283877,-0.00017656757,-0.12789468,-0.0260141,-0.000129059,-0.135156,0.007963696807158863,6.069681798400586,4.9025000763923545
PART-SUPPORTBEAM-2,63,SupportBeam/B31,-150.0,10.0,-18.75,-0.0015062111,0.0016756079,-0.2144162,0.00437419,0.00027005,-0.209311,0.007913139525316968,3.690347413070081,2.3649715430701863
PART-SUPPORTBEAM-2,325,SupportBeam/B31,150.0,10.0,-18.75,0.0015062111,0.0016756079,-0.2144162,-0.00437419,0.00027005,-0.209311,0.007913139525316968,3.690347413070081,2.3649715430701863
PART-SUPPORTBEAM-1,63,SupportBeam/B31,-150.0,-10.0,-18.75,-0.0015062111,-0.0016756079,-0.2144162,0.00437419,-0.00027005,-0.209311,0.007913139525316968,3.690347413070081,2.3649715430701863
PART-SUPPORTBEAM-1,325,SupportBeam/B31,150.0,-10.0,-18.75,0.0015062111,-0.0016756079,-0.2144162,-0.00437419,-0.00027005,-0.209311,0.007913139525316968,3.690347413070081,2.3649715430701863
PART-SUPPORTBEAM-2,24,SupportBeam/B31,-215.38461,10.0,-30.0,-0.0064978614,0.0019435465,-0.12354267,-0.00266403,0.000796151,-0.130328,0.00787753025039868,6.366776933733041,5.357655435807222
PART-SUPPORTBEAM-2,314,SupportBeam/B31,215.38461,10.0,-30.0,0.0064978614,0.0019435465,-0.12354267,0.00266403,0.000796151,-0.130328,0.00787753025039868,6.366776933733041,5.357655435807222
PART-SUPPORTBEAM-1,24,SupportBeam/B31,-215.38461,-10.0,-30.0,-0.0064978614,-0.0019435465,-0.12354267,-0.00266403,-0.000796151,-0.130328,0.00787753025039868,6.366776933733041,5.357655435807222
PART-SUPPORTBEAM-1,314,SupportBeam/B31,215.38461,-10.0,-30.0,0.0064978614,-0.0019435465,-0.12354267,0.00266403,-0.000796151,-0.130328,0.00787753025039868,6.366776933733041,5.357655435807222
PART-SUPPORTBEAM-2,115,SupportBeam/B31,-173.07692,10.0,-30.0,-0.009512422,0.002335395,-0.19267604,-0.00196846,0.000426263,-0.191926,0.007817845461024922,4.052275058479562,0.5122613541390153
PART-SUPPORTBEAM-2,283,SupportBeam/B31,173.07692,10.0,-30.0,0.009512422,0.002335395,-0.19267604,0.00196846,0.000426263,-0.191926,0.007817845461024922,4.052275058479562,0.5122613541390153
PART-SUPPORTBEAM-1,115,SupportBeam/B31,-173.07692,-10.0,-30.0,-0.009512422,-0.002335395,-0.19267604,-0.00196846,-0.000426263,-0.191926,0.007817845461024922,4.052275058479562,0.5122613541390153
PART-SUPPORTBEAM-1,283,SupportBeam/B31,173.07692,-10.0,-30.0,0.009512422,-0.002335395,-0.19267604,0.00196846,-0.000426263,-0.191926,0.007817845461024922,4.052275058479562,0.5122613541390153
PART-PIER-2,363,Pier/C3D8R,-6.08333,-20.0,-15.0,-0.00015853668,0.005769509,-0.0032810608,-0.000426541,0.00034445,-0.00887138,0.007794533996776735,117.4033679124941,33.8780413085661
PART-PIER-2,523,Pier/C3D8R,6.08333,-20.0,-15.0,0.00015853668,0.005769509,-0.0032810608,0.000426541,0.00034445,-0.00887138,0.007794533996776735,117.4033679124941,33.8780413085661
PART-PIER-1,285,Pier/C3D8R,-6.08333,20.0,-15.0,-0.00015853668,-0.005769509,-0.0032810608,-0.000426541,-0.00034445,-0.00887138,0.007794533996776735,117.4033679124941,33.8780413085661
PART-PIER-1,601,Pier/C3D8R,6.08333,20.0,-15.0,0.00015853668,-0.005769509,-0.0032810608,0.000426541,-0.00034445,-0.00887138,0.007794533996776735,117.4033679124941,33.8780413085661
PART-PIER-2,34,Pier/C3D8R,-17.5,-10.0,0.0,-0.0009340433,0.011949857,-0.009126556,-7.46802e-06,0.00631064,-0.0143572,0.0077471896050975856,51.42380636555322,4.098979459132398
PART-PIER-2,259,Pier/C3D8R,17.5,-10.0,0.0,0.0009340433,0.011949857,-0.009126556,7.46802e-06,0.00631064,-0.0143572,0.0077471896050975856,51.42380636555322,4.098979459132398
PART-PIER-1,132,Pier/C3D8R,-17.5,10.0,0.0,-0.0009340433,-0.011949857,-0.009126556,-7.46802e-06,-0.00631064,-0.0143572,0.0077471896050975856,51.42380636555322,4.098979459132398
PART-PIER-1,200,Pier/C3D8R,17.5,10.0,0.0,0.0009340433,-0.011949857,-0.009126556,7.46802e-06,-0.00631064,-0.0143572,0.0077471896050975856,51.42380636555322,4.098979459132398
PART-PIER-2,135,Pier/C3D8R,-18.25,-20.0,-15.0,-0.00044993038,0.0053412495,-0.0031551572,-0.00143057,0.000191682,-0.00881643,0.007715549832474017,124.04741504599939,43.63387196831959
PART-PIER-2,197,Pier/C3D8R,18.25,-20.0,-15.0,0.00044993038,0.0053412495,-0.0031551572,0.00143057,0.000191682,-0.00881643,0.007715549832474017,124.04741504599939,43.63387196831959
PART-PIER-1,31,Pier/C3D8R,-18.25,20.0,-15.0,-0.00044993038,-0.0053412495,-0.0031551572,-0.00143057,-0.000191682,-0.00881643,0.007715549832474017,124.04741504599939,43.63387196831959
PART-PIER-1,262,Pier/C3D8R,18.25,20.0,-15.0,0.00044993038,-0.0053412495,-0.0031551572,0.00143057,-0.000191682,-0.00881643,0.007715549832474017,124.04741504599939,43.63387196831959
PART-SUPPORTBEAM-2,60,SupportBeam/B31,-196.66667,10.0,-2.0,0.018146923,-0.0001375466,-0.14313342,0.012277,-0.000182594,-0.148137,0.00771322488396232,5.3460384659152105,3.0258770475816017
PART-SUPPORTBEAM-2,303,SupportBeam/B31,196.66667,10.0,-2.0,-0.018146923,-0.0001375466,-0.14313342,-0.012277,-0.000182594,-0.148137,0.00771322488396232,5.3460384659152105,3.0258770475816017
PART-SUPPORTBEAM-1,60,SupportBeam/B31,-196.66667,-10.0,-2.0,0.018146923,0.0001375466,-0.14313342,0.012277,0.000182594,-0.148137,0.00771322488396232,5.3460384659152105,3.0258770475816017
PART-SUPPORTBEAM-1,303,SupportBeam/B31,196.66667,-10.0,-2.0,-0.018146923,0.0001375466,-0.14313342,-0.012277,0.000182594,-0.148137,0.00771322488396232,5.3460384659152105,3.0258770475816017
PART-PIER-2,434,Pier/C3D8R,0.0,-15.0,-20.0,4.00646e-17,0.0043757414,-0.004373119,-2.94738e-15,0.000248283,-0.0107274,0.007577123456212889,122.48075502697229,73.44998093415066
PART-PIER-1,434,Pier/C3D8R,0.0,15.0,-20.0,-9.073574e-16,-0.0043757414,-0.004373119,-8.09205e-15,-0.000248283,-0.0107274,0.007577123456212889,122.48075502697229,73.44998093415066
PART-SUPPORTBEAM-2,37,SupportBeam/B31,-216.66667,10.0,-10.0,0.03132545,0.00030516688,-0.12495102,0.028761,0.000224587,-0.132076,0.007572861871179274,5.878719445164003,4.931916649923364
PART-SUPPORTBEAM-2,334,SupportBeam/B31,216.66667,10.0,-10.0,-0.03132545,0.00030516688,-0.12495102,-0.028761,0.000224587,-0.132076,0.007572861871179274,5.878719445164003,4.931916649923364
PART-SUPPORTBEAM-1,37,SupportBeam/B31,-216.66667,-10.0,-10.0,0.03132545,-0.00030516688,-0.12495102,0.028761,-0.000224587,-0.132076,0.007572861871179274,5.878719445164003,4.931916649923364
PART-SUPPORTBEAM-1,334,SupportBeam/B31,216.66667,-10.0,-10.0,-0.03132545,-0.00030516688,-0.12495102,-0.028761,-0.000224587,-0.132076,0.007572861871179274,5.878719445164003,4.931916649923364
PART-SUPPORTBEAM-2,121,SupportBeam/B31,-196.15384,10.0,-30.0,-0.0078817895,0.002132036,-0.14536081,-0.00236905,0.000591893,-0.150316,0.007570749315055229,5.200049429217567,3.2597604872325214
PART-SUPPORTBEAM-2,289,SupportBeam/B31,196.15384,10.0,-30.0,0.0078817895,0.002132036,-0.14536081,0.00236905,0.000591893,-0.150316,0.007570749315055229,5.200049429217567,3.2597604872325214
PART-SUPPORTBEAM-1,121,SupportBeam/B31,-196.15384,-10.0,-30.0,-0.0078817895,-0.002132036,-0.14536081,-0.00236905,-0.000591893,-0.150316,0.007570749315055229,5.200049429217567,3.2597604872325214
PART-SUPPORTBEAM-1,289,SupportBeam/B31,196.15384,-10.0,-30.0,0.0078817895,-0.002132036,-0.14536081,0.00236905,-0.000591893,-0.150316,0.007570749315055229,5.200049429217567,3.2597604872325214
PART-PIER-2,358,Pier/C3D8R,-12.66667,-20.0,-30.0,-0.00041236015,0.0015733141,-0.0017564136,-0.00134695,-0.00077785,-0.00887073,0.007550823044685976,315.43061032678725,276.2223028791453
PART-PIER-2,518,Pier/C3D8R,12.66667,-20.0,-30.0,0.00041236015,0.0015733141,-0.0017564136,0.00134695,-0.00077785,-0.00887073,0.007550823044685976,315.43061032678725,276.2223028791453
PART-PIER-1,280,Pier/C3D8R,-12.66667,20.0,-30.0,-0.00041236015,-0.0015733141,-0.0017564136,-0.00134695,0.00077785,-0.00887073,0.007550823044685976,315.43061032678725,276.2223028791453
PART-PIER-1,596,Pier/C3D8R,12.66667,20.0,-30.0,0.00041236015,-0.0015733141,-0.0017564136,0.00134695,0.00077785,-0.00887073,0.007550823044685976,315.43061032678725,276.2223028791453
PART-PIER-2,717,Pier/C3D8R,-12.33333,-15.0,-20.0,-0.00050981424,0.004169219,-0.0043110545,-0.00124487,-4.97776e-05,-0.0104942,0.00752140462648374,124.96253854720113,75.57771445484738
PART-PIER-2,795,Pier/C3D8R,12.33333,-15.0,-20.0,0.00050981424,0.004169219,-0.0043110545,0.00124487,-4.97776e-05,-0.0104942,0.00752140462648374,124.96253854720113,75.57771445484738
PART-PIER-1,717,Pier/C3D8R,-12.33333,15.0,-20.0,-0.00050981424,-0.004169219,-0.0043110545,-0.00124487,4.97776e-05,-0.0104942,0.00752140462648374,124.96253854720113,75.57771445484738
PART-PIER-1,795,Pier/C3D8R,12.33333,15.0,-20.0,0.00050981424,-0.004169219,-0.0043110545,0.00124487,4.97776e-05,-0.0104942,0.00752140462648374,124.96253854720113,75.57771445484738
PART-PIER-2,712,Pier/C3D8R,-6.33333,-15.0,-30.0,-0.00026821744,0.0019331578,-0.0029680307,-0.000705216,-0.00015652,-0.0101187,0.00746255937914181,210.08174026671833,185.5808765136733
PART-PIER-2,790,Pier/C3D8R,6.33333,-15.0,-30.0,0.00026821744,0.0019331578,-0.0029680307,0.000705216,-0.00015652,-0.0101187,0.00746255937914181,210.08174026671833,185.5808765136733
PART-PIER-1,712,Pier/C3D8R,-6.33333,15.0,-30.0,-0.00026821744,-0.0019331578,-0.0029680307,-0.000705216,0.00015652,-0.0101187,0.00746255937914181,210.08174026671833,185.5808765136733
PART-PIER-1,790,Pier/C3D8R,6.33333,15.0,-30.0,0.00026821744,-0.0019331578,-0.0029680307,0.000705216,0.00015652,-0.0101187,0.00746255937914181,210.08174026671833,185.5808765136733
PART-SUPPORTBEAM-2,116,SupportBeam/B31,-176.92308,10.0,-30.0,-0.009240649,0.002304476,-0.18631665,-0.00203523,0.00044802,-0.186435,0.0074416731027368435,3.9888922101640483,0.060703175356508064
PART-SUPPORTBEAM-2,284,SupportBeam/B31,176.92308,10.0,-30.0,0.009240649,0.002304476,-0.18631665,0.00203523,0.00044802,-0.186435,0.0074416731027368435,3.9888922101640483,0.060703175356508064
PART-SUPPORTBEAM-1,116,SupportBeam/B31,-176.92308,-10.0,-30.0,-0.009240649,-0.002304476,-0.18631665,-0.00203523,-0.00044802,-0.186435,0.0074416731027368435,3.9888922101640483,0.060703175356508064
PART-SUPPORTBEAM-1,284,SupportBeam/B31,176.92308,-10.0,-30.0,0.009240649,-0.002304476,-0.18631665,0.00203523,-0.00044802,-0.186435,0.0074416731027368435,3.9888922101640483,0.060703175356508064
PART-SUPPORTBEAM-2,74,SupportBeam/B31,-200.0,10.0,-26.25,-0.0030556691,0.0017928932,-0.13885644,0.0010392,0.000527174,-0.144899,0.0074082743869934705,5.3334683300916526,4.3210843392255365
PART-SUPPORTBEAM-2,310,SupportBeam/B31,200.0,10.0,-26.25,0.0030556691,0.0017928932,-0.13885644,-0.0010392,0.000527174,-0.144899,0.0074082743869934705,5.3334683300916526,4.3210843392255365
PART-SUPPORTBEAM-1,74,SupportBeam/B31,-200.0,-10.0,-26.25,-0.0030556691,-0.0017928932,-0.13885644,0.0010392,-0.000527174,-0.144899,0.0074082743869934705,5.3334683300916526,4.3210843392255365
PART-SUPPORTBEAM-1,310,SupportBeam/B31,200.0,-10.0,-26.25,0.0030556691,-0.0017928932,-0.13885644,-0.0010392,-0.000527174,-0.144899,0.0074082743869934705,5.3334683300916526,4.3210843392255365
PART-PIER-2,360,Pier/C3D8R,-12.5,-20.0,-25.0,-0.00037005817,0.0027367906,-0.0024268106,-0.00118426,-0.000524882,-0.00901733,0.0073984037961808006,201.23703333393993,147.78973742757873
PART-PIER-2,520,Pier/C3D8R,12.5,-20.0,-25.0,0.00037005817,0.0027367906,-0.0024268106,0.00118426,-0.000524882,-0.00901733,0.0073984037961808006,201.23703333393993,147.78973742757873
PART-PIER-1,282,Pier/C3D8R,-12.5,20.0,-25.0,-0.00037005817,-0.0027367906,-0.0024268106,-0.00118426,0.000524882,-0.00901733,0.0073984037961808006,201.23703333393993,147.78973742757873
PART-PIER-1,598,Pier/C3D8R,12.5,20.0,-25.0,0.00037005817,-0.0027367906,-0.0024268106,0.00118426,0.000524882,-0.00901733,0.0073984037961808006,201.23703333393993,147.78973742757873
PART-PIER-2,716,Pier/C3D8R,-6.16667,-15.0,-20.0,-0.00025804792,0.004322494,-0.004282329,-0.000721096,0.00028433,-0.0104487,0.007385479898078979,121.2709648937143,72.04106391749568
PART-PIER-2,794,Pier/C3D8R,6.16667,-15.0,-20.0,0.00025804792,0.004322494,-0.004282329,0.000721096,0.00028433,-0.0104487,0.007385479898078979,121.2709648937143,72.04106391749568
PART-PIER-1,716,Pier/C3D8R,-6.16667,15.0,-20.0,-0.00025804792,-0.004322494,-0.004282329,-0.000721096,-0.00028433,-0.0104487,0.007385479898078979,121.2709648937143,72.04106391749568
PART-PIER-1,794,Pier/C3D8R,6.16667,15.0,-20.0,0.00025804792,-0.004322494,-0.004282329,0.000721096,-0.00028433,-0.0104487,0.007385479898078979,121.2709648937143,72.04106391749568
PART-FLOOR-1,48,Floor/S4R,140.0,10.0,0.0,-0.009963324,0.00045071528,-0.34209055,-0.00749402,0.000192685,-0.335171,0.007351476999373176,2.148072972496198,2.0398451360948853
PART-FLOOR-1,66,Floor/S4R,140.0,-10.0,0.0,-0.009963324,-0.00045071528,-0.34209055,-0.00749402,-0.000192685,-0.335171,0.007351476999373176,2.148072972496198,2.0398451360948853
PART-FLOOR-1,159,Floor/S4R,-140.0,10.0,0.0,0.009963324,0.00045071528,-0.34209055,0.00749402,0.000192685,-0.335171,0.007351476999373176,2.148072972496198,2.0398451360948853
PART-FLOOR-1,165,Floor/S4R,-140.0,-10.0,0.0,0.009963324,-0.00045071528,-0.34209055,0.00749402,-0.000192685,-0.335171,0.007351476999373176,2.148072972496198,2.0398451360948853
PART-SUPPORTBEAM-2,25,SupportBeam/B31,-219.23077,10.0,-30.0,-0.006219822,0.001905165,-0.11779877,-0.00272108,0.000844133,-0.124176,0.007350921504171295,6.230743276140735,5.281002921495872
PART-SUPPORTBEAM-2,315,SupportBeam/B31,219.23077,10.0,-30.0,0.006219822,0.001905165,-0.11779877,0.00272108,0.000844133,-0.124176,0.007350921504171295,6.230743276140735,5.281002921495872
PART-SUPPORTBEAM-1,25,SupportBeam/B31,-219.23077,-10.0,-30.0,-0.006219822,-0.001905165,-0.11779877,-0.00272108,-0.000844133,-0.124176,0.007350921504171295,6.230743276140735,5.281002921495872
PART-SUPPORTBEAM-1,315,SupportBeam/B31,219.23077,-10.0,-30.0,0.006219822,-0.001905165,-0.11779877,0.00272108,-0.000844133,-0.124176,0.007350921504171295,6.230743276140735,5.281002921495872
PART-SUPPORTBEAM-2,69,SupportBeam/B31,-200.0,10.0,-7.5,0.013678399,0.0002740839,-0.13835412,0.00962343,-1.57954e-06,-0.144402,0.007286673892628495,5.2411215690620505,4.0951262187443955
PART-SUPPORTBEAM-2,305,SupportBeam/B31,200.0,10.0,-7.5,-0.013678399,0.0002740839,-0.13835412,-0.00962343,-1.57954e-06,-0.144402,0.007286673892628495,5.2411215690620505,4.0951262187443955
PART-SUPPORTBEAM-1,69,SupportBeam/B31,-200.0,-10.0,-7.5,0.013678399,-0.0002740839,-0.13835412,0.00962343,1.57954e-06,-0.144402,0.007286673892628495,5.2411215690620505,4.0951262187443955
PART-SUPPORTBEAM-1,305,SupportBeam/B31,200.0,-10.0,-7.5,-0.013678399,-0.0002740839,-0.13835412,-0.00962343,1.57954e-06,-0.144402,0.007286673892628495,5.2411215690620505,4.0951262187443955
PART-PIER-2,473,Pier/C3D8R,-18.5,-15.0,-20.0,-0.00075969833,0.003905012,-0.0041449787,-0.0017666,0.000103183,-0.0102386,0.00725258404060949,126.23768692529302,80.85420291981393
PART-PIER-2,672,Pier/C3D8R,18.5,-15.0,-20.0,0.00075969833,0.003905012,-0.0041449787,0.0017666,0.000103183,-0.0102386,0.00725258404060949,126.23768692529302,80.85420291981393
PART-PIER-1,473,Pier/C3D8R,-18.5,15.0,-20.0,-0.00075969833,-0.003905012,-0.0041449787,-0.0017666,-0.000103183,-0.0102386,0.00725258404060949,126.23768692529302,80.85420291981393
PART-PIER-1,672,Pier/C3D8R,18.5,15.0,-20.0,0.00075969833,-0.003905012,-0.0041449787,0.0017666,-0.000103183,-0.0102386,0.00725258404060949,126.23768692529302,80.85420291981393
PART-SUPPORTBEAM-2,120,SupportBeam/B31,-192.30769,10.0,-30.0,-0.008153561,0.0021684344,-0.15329225,-0.00230229,0.000558541,-0.157204,0.00722017431488359,4.70295352392756,2.408476767590338
PART-SUPPORTBEAM-2,288,SupportBeam/B31,192.30769,10.0,-30.0,0.008153561,0.0021684344,-0.15329225,0.00230229,0.000558541,-0.157204,0.00722017431488359,4.70295352392756,2.408476767590338
PART-SUPPORTBEAM-1,120,SupportBeam/B31,-192.30769,-10.0,-30.0,-0.008153561,-0.0021684344,-0.15329225,-0.00230229,-0.000558541,-0.157204,0.00722017431488359,4.70295352392756,2.408476767590338
PART-SUPPORTBEAM-1,288,SupportBeam/B31,192.30769,-10.0,-30.0,0.008153561,-0.0021684344,-0.15329225,0.00230229,-0.000558541,-0.157204,0.00722017431488359,4.70295352392756,2.408476767590338
PART-SUPPORTBEAM-2,117,SupportBeam/B31,-180.76923,10.0,-30.0,-0.008968878,0.0022721798,-0.17889515,-0.00210199,0.000472156,-0.179911,0.007171205457076962,4.003257667035747,0.4408157109121155
PART-SUPPORTBEAM-2,285,SupportBeam/B31,180.76923,10.0,-30.0,0.008968878,0.0022721798,-0.17889515,0.00210199,0.000472156,-0.179911,0.007171205457076962,4.003257667035747,0.4408157109121155
PART-SUPPORTBEAM-1,117,SupportBeam/B31,-180.76923,-10.0,-30.0,-0.008968878,-0.0022721798,-0.17889515,-0.00210199,-0.000472156,-0.179911,0.007171205457076962,4.003257667035747,0.4408157109121155
PART-SUPPORTBEAM-1,285,SupportBeam/B31,180.76923,-10.0,-30.0,0.008968878,-0.0022721798,-0.17889515,0.00210199,-0.000472156,-0.179911,0.007171205457076962,4.003257667035747,0.4408157109121155
PART-SUPPORTBEAM-2,38,SupportBeam/B31,-220.0,10.0,-12.0,0.03261615,0.00043393738,-0.120750085,0.0306678,0.000322653,-0.12759,0.0071128678564245235,5.686731491095695,4.913738695443834
PART-SUPPORTBEAM-2,335,SupportBeam/B31,220.0,10.0,-12.0,-0.03261615,0.00043393738,-0.120750085,-0.0306678,0.000322653,-0.12759,0.0071128678564245235,5.686731491095695,4.913738695443834
PART-SUPPORTBEAM-1,38,SupportBeam/B31,-220.0,-10.0,-12.0,0.03261615,-0.00043393738,-0.120750085,0.0306678,-0.000322653,-0.12759,0.0071128678564245235,5.686731491095695,4.913738695443834
PART-SUPPORTBEAM-1,335,SupportBeam/B31,220.0,-10.0,-12.0,-0.03261615,-0.00043393738,-0.120750085,-0.0306678,-0.000322653,-0.12759,0.0071128678564245235,5.686731491095695,4.913738695443834
PART-SUPPORTBEAM-2,119,SupportBeam/B31,-188.46153,10.0,-30.0,-0.008425334,0.0022040184,-0.16193867,-0.00223552,0.000527447,-0.164848,0.007041937947951111,4.342246874300682,1.659542968235162
PART-SUPPORTBEAM-2,287,SupportBeam/B31,188.46153,10.0,-30.0,0.008425334,0.0022040184,-0.16193867,0.00223552,0.000527447,-0.164848,0.007041937947951111,4.342246874300682,1.659542968235162
PART-SUPPORTBEAM-1,119,SupportBeam/B31,-188.46153,-10.0,-30.0,-0.008425334,-0.0022040184,-0.16193867,-0.00223552,-0.000527447,-0.164848,0.007041937947951111,4.342246874300682,1.659542968235162
PART-SUPPORTBEAM-1,287,SupportBeam/B31,188.46153,-10.0,-30.0,0.008425334,-0.0022040184,-0.16193867,0.00223552,-0.000527447,-0.164848,0.007041937947951111,4.342246874300682,1.659542968235162
PART-FLOOR-1,240,Floor/S4R,190.0,0.0,0.0,-0.01579683,3.129645e-15,-0.23490693,-0.010124,-1.67354e-14,-0.239067,0.007034712688788357,2.9879324128455225,1.6326170132665332
PART-FLOOR-1,447,Floor/S4R,-190.0,0.0,0.0,0.01579683,1.4751417e-15,-0.23490693,0.010124,-7.11531e-14,-0.239067,0.007034712688788357,2.9879324128455225,1.6326170132665332
PART-SUPPORTBEAM-2,118,SupportBeam/B31,-184.61539,10.0,-30.0,-0.008697105,0.002238647,-0.1706445,-0.00216876,0.000498642,-0.172589,0.007030503971199358,4.114277403440941,1.0081282259451791
PART-SUPPORTBEAM-2,286,SupportBeam/B31,184.61539,10.0,-30.0,0.008697105,0.002238647,-0.1706445,0.00216876,0.000498642,-0.172589,0.007030503971199358,4.114277403440941,1.0081282259451791
PART-SUPPORTBEAM-1,118,SupportBeam/B31,-184.61539,-10.0,-30.0,-0.008697105,-0.002238647,-0.1706445,-0.00216876,-0.000498642,-0.172589,0.007030503971199358,4.114277403440941,1.0081282259451791
PART-SUPPORTBEAM-1,286,SupportBeam/B31,184.61539,-10.0,-30.0,0.008697105,-0.002238647,-0.1706445,0.00216876,-0.000498642,-0.172589,0.007030503971199358,4.114277403440941,1.0081282259451791
PART-PIER-2,291,Pier/C3D8R,-5.83333,-10.0,0.0,-0.00030966874,0.012386905,-0.009300951,-5.18724e-05,0.00699279,-0.0137706,0.0070100426367707205,45.24595459003519,0.314563009966093
PART-PIER-2,607,Pier/C3D8R,5.83333,-10.0,0.0,0.00030966874,0.012386905,-0.009300951,5.18724e-05,0.00699279,-0.0137706,0.0070100426367707205,45.24595459003519,0.314563009966093
PART-PIER-1,369,Pier/C3D8R,-5.83333,10.0,0.0,-0.00030966874,-0.012386905,-0.009300951,-5.18724e-05,-0.00699279,-0.0137706,0.0070100426367707205,45.24595459003519,0.314563009966093
PART-PIER-1,529,Pier/C3D8R,5.83333,10.0,0.0,0.00030966874,-0.012386905,-0.009300951,5.18724e-05,-0.00699279,-0.0137706,0.0070100426367707205,45.24595459003519,0.314563009966093
PART-PIER-2,97,Pier/C3D8R,0.0,-10.0,-20.0,2.9817704e-16,0.004626261,-0.005644551,9.56828e-16,0.000156232,-0.0110223,0.006992949561368364,95.81788434408247,51.04349665677989
PART-PIER-1,147,Pier/C3D8R,0.0,10.0,-20.0,-1.0710116e-15,-0.004626261,-0.005644551,1.43183e-15,-0.000156232,-0.0110223,0.006992949561368364,95.81788434408247,51.04349665677989
PART-PIER-2,359,Pier/C3D8R,-6.25,-20.0,-25.0,-0.00019752045,0.002882038,-0.0025226078,-0.000753938,-0.000341474,-0.00866535,0.006959447667721401,181.46276248753296,126.97127426828287
PART-PIER-2,519,Pier/C3D8R,6.25,-20.0,-25.0,0.00019752045,0.002882038,-0.0025226078,0.000753938,-0.000341474,-0.00866535,0.006959447667721401,181.46276248753296,126.97127426828287
PART-PIER-1,281,Pier/C3D8R,-6.25,20.0,-25.0,-0.00019752045,-0.002882038,-0.0025226078,-0.000753938,0.000341474,-0.00866535,0.006959447667721401,181.46276248753296,126.97127426828287
PART-PIER-1,597,Pier/C3D8R,6.25,20.0,-25.0,0.00019752045,-0.002882038,-0.0025226078,0.000753938,0.000341474,-0.00866535,0.006959447667721401,181.46276248753296,126.97127426828287
PART-FLOOR-1,264,Floor/S4R,145.0,0.0,0.0,-0.008217439,5.7147026e-15,-0.30958372,-0.00780347,-6.27545e-14,-0.316512,0.006940636432731592,2.2411361564896617,2.23299387581159
PART-FLOOR-1,423,Floor/S4R,-145.0,0.0,0.0,0.008217439,3.3087851e-15,-0.30958372,0.00780347,-1.60004e-13,-0.316512,0.006940636432731592,2.2411361564896617,2.23299387581159
PART-SUPPORTBEAM-2,50,SupportBeam/B31,-163.33333,10.0,-22.0,-0.009493926,0.0017885414,-0.20450899,-0.0037576,0.000251329,-0.200956,0.006920418764864581,3.38014965729282,1.8295501597091388
PART-SUPPORTBEAM-2,293,SupportBeam/B31,163.33333,10.0,-22.0,0.009493926,0.0017885414,-0.20450899,0.0037576,0.000251329,-0.200956,0.006920418764864581,3.38014965729282,1.8295501597091388
PART-SUPPORTBEAM-1,50,SupportBeam/B31,-163.33333,-10.0,-22.0,-0.009493926,-0.0017885414,-0.20450899,-0.0037576,-0.000251329,-0.200956,0.006920418764864581,3.38014965729282,1.8295501597091388
PART-SUPPORTBEAM-1,293,SupportBeam/B31,163.33333,-10.0,-22.0,0.009493926,-0.0017885414,-0.20450899,0.0037576,-0.000251329,-0.200956,0.006920418764864581,3.38014965729282,1.8295501597091388
PART-PIER-2,146,Pier/C3D8R,0.0,-20.0,-25.0,-1.6974769e-16,0.0029251445,-0.0024457213,-4.9691e-15,-0.000771828,-0.0082606,0.006890603744336917,180.71932660805746,117.59374210493267
PART-PIER-1,98,Pier/C3D8R,0.0,20.0,-25.0,-4.904825e-16,-0.0029251445,-0.0024457213,-1.1953e-14,0.000771828,-0.0082606,0.006890603744336917,180.71932660805746,117.59374210493267
PART-PIER-2,435,Pier/C3D8R,0.0,-15.0,-15.0,4.81074e-17,0.005920497,-0.0048407246,-3.89422e-15,0.000531792,-0.00910623,0.006872603429156535,89.86682761308177,19.276817396722283
PART-PIER-1,435,Pier/C3D8R,0.0,15.0,-15.0,-1.2055491e-15,-0.005920497,-0.0048407246,-8.59929e-15,-0.000531792,-0.00910623,0.006872603429156535,89.86682761308177,19.276817396722283
PART-FLOOR-1,267,Floor/S4R,140.0,0.0,0.0,-0.009984652,5.9018414e-15,-0.35923696,-0.00748053,-7.01618e-14,-0.352864,0.006847280201107866,1.905326483638056,1.7898838576637197
PART-FLOOR-1,420,Floor/S4R,-140.0,0.0,0.0,0.009984652,3.5070772e-15,-0.35923696,0.00748053,-1.69802e-13,-0.352864,0.006847280201107866,1.905326483638056,1.7898838576637197
PART-FLOOR-1,55,Floor/S4R,105.0,10.0,0.0,-0.0072379345,0.00020065247,-0.27437693,-0.00485875,0.000148302,-0.268081,0.006730675599198756,2.4522226241323337,2.3125765352655643
PART-FLOOR-1,59,Floor/S4R,105.0,-10.0,0.0,-0.0072379345,-0.00020065247,-0.27437693,-0.00485875,-0.000148302,-0.268081,0.006730675599198756,2.4522226241323337,2.3125765352655643
PART-FLOOR-1,152,Floor/S4R,-105.0,10.0,0.0,0.0072379345,0.00020065247,-0.27437693,0.00485875,0.000148302,-0.268081,0.006730675599198756,2.4522226241323337,2.3125765352655643
PART-FLOOR-1,172,Floor/S4R,-105.0,-10.0,0.0,0.0072379345,-0.00020065247,-0.27437693,0.00485875,-0.000148302,-0.268081,0.006730675599198756,2.4522226241323337,2.3125765352655643
PART-PIER-2,471,Pier/C3D8R,-19.0,-15.0,-30.0,-0.00078396377,0.00156905,-0.002901238,-0.00194296,-0.00024731,-0.00927008,0.0067234354560535645,198.31763275742563,179.4713211629579
PART-PIER-2,670,Pier/C3D8R,19.0,-15.0,-30.0,0.00078396377,0.00156905,-0.002901238,0.00194296,-0.00024731,-0.00927008,0.0067234354560535645,198.31763275742563,179.4713211629579
PART-PIER-1,471,Pier/C3D8R,-19.0,15.0,-30.0,-0.00078396377,-0.00156905,-0.002901238,-0.00194296,0.00024731,-0.00927008,0.0067234354560535645,198.31763275742563,179.4713211629579
PART-PIER-1,670,Pier/C3D8R,19.0,15.0,-30.0,0.00078396377,-0.00156905,-0.002901238,0.00194296,0.00024731,-0.00927008,0.0067234354560535645,198.31763275742563,179.4713211629579
PART-SUPPORTBEAM-2,73,SupportBeam/B31,-200.0,10.0,-22.5,0.0009057573,0.001490123,-0.13876686,0.00363385,0.000424795,-0.14481,0.006715426612433295,4.838977000400491,4.379945810518027
PART-SUPPORTBEAM-2,309,SupportBeam/B31,200.0,10.0,-22.5,-0.0009057573,0.001490123,-0.13876686,-0.00363385,0.000424795,-0.14481,0.006715426612433295,4.838977000400491,4.379945810518027
PART-SUPPORTBEAM-1,73,SupportBeam/B31,-200.0,-10.0,-22.5,0.0009057573,-0.001490123,-0.13876686,0.00363385,-0.000424795,-0.14481,0.006715426612433295,4.838977000400491,4.379945810518027
PART-SUPPORTBEAM-1,309,SupportBeam/B31,200.0,-10.0,-22.5,-0.0009057573,-0.001490123,-0.13876686,-0.00363385,-0.000424795,-0.14481,0.006715426612433295,4.838977000400491,4.379945810518027
PART-PIER-2,719,Pier/C3D8R,-12.16667,-15.0,-15.0,-0.00049105095,0.005712543,-0.0047685066,-0.00102413,0.000760478,-0.0092663,0.00671098103907748,89.99079919589123,25.428142363805684
PART-PIER-2,797,Pier/C3D8R,12.16667,-15.0,-15.0,0.00049105095,0.005712543,-0.0047685066,0.00102413,0.000760478,-0.0092663,0.00671098103907748,89.99079919589123,25.428142363805684
PART-PIER-1,719,Pier/C3D8R,-12.16667,15.0,-15.0,-0.00049105095,-0.005712543,-0.0047685066,-0.00102413,-0.000760478,-0.0092663,0.00671098103907748,89.99079919589123,25.428142363805684
PART-PIER-1,797,Pier/C3D8R,12.16667,15.0,-15.0,0.00049105095,-0.005712543,-0.0047685066,0.00102413,-0.000760478,-0.0092663,0.00671098103907748,89.99079919589123,25.428142363805684
PART-SUPPORTBEAM-2,26,SupportBeam/B31,-223.07692,10.0,-30.0,-0.005941784,0.0018666345,-0.11026239,-0.00277813,0.000893956,-0.116061,0.006676727344154335,6.045671422512955,5.124626368563193
PART-SUPPORTBEAM-2,316,SupportBeam/B31,223.07692,10.0,-30.0,0.005941784,0.0018666345,-0.11026239,0.00277813,0.000893956,-0.116061,0.006676727344154335,6.045671422512955,5.124626368563193
PART-SUPPORTBEAM-1,26,SupportBeam/B31,-223.07692,-10.0,-30.0,-0.005941784,-0.0018666345,-0.11026239,-0.00277813,-0.000893956,-0.116061,0.006676727344154335,6.045671422512955,5.124626368563193
PART-SUPPORTBEAM-1,316,SupportBeam/B31,223.07692,-10.0,-30.0,0.005941784,-0.0018666345,-0.11026239,0.00277813,-0.000893956,-0.116061,0.006676727344154335,6.045671422512955,5.124626368563193
PART-FLOOR-1,47,Floor/S4R,145.0,10.0,0.0,-0.008346048,-0.00034065545,-0.26528496,-0.0079064,0.000165959,-0.271915,0.006663886175982664,2.510728562200952,2.491759860172211
PART-FLOOR-1,67,Floor/S4R,145.0,-10.0,0.0,-0.008346048,0.00034065545,-0.26528496,-0.0079064,-0.000165959,-0.271915,0.006663886175982664,2.510728562200952,2.491759860172211
PART-FLOOR-1,160,Floor/S4R,-145.0,10.0,0.0,0.008346048,-0.00034065545,-0.26528496,0.0079064,0.000165959,-0.271915,0.006663886175982664,2.510728562200952,2.491759860172211
PART-FLOOR-1,164,Floor/S4R,-145.0,-10.0,0.0,0.008346048,0.00034065545,-0.26528496,0.0079064,-0.000165959,-0.271915,0.006663886175982664,2.510728562200952,2.491759860172211
PART-PIER-2,137,Pier/C3D8R,-18.75,-20.0,-25.0,-0.0005377828,0.0024885803,-0.002440706,-0.00172899,-0.0007509,-0.00813605,0.006659590864742063,188.8207798341693,136.79355747594997
PART-PIER-2,195,Pier/C3D8R,18.75,-20.0,-25.0,0.0005377828,0.0024885803,-0.002440706,0.00172899,-0.0007509,-0.00813605,0.006659590864742063,188.8207798341693,136.79355747594997
PART-PIER-1,29,Pier/C3D8R,-18.75,20.0,-25.0,-0.0005377828,-0.0024885803,-0.002440706,-0.00172899,0.0007509,-0.00813605,0.006659590864742063,188.8207798341693,136.79355747594997
PART-PIER-1,264,Pier/C3D8R,18.75,20.0,-25.0,0.0005377828,-0.0024885803,-0.002440706,0.00172899,0.0007509,-0.00813605,0.006659590864742063,188.8207798341693,136.79355747594997
PART-SUPPORTBEAM-2,64,SupportBeam/B31,-150.0,10.0,-15.0,0.001285858,0.0014169143,-0.21480516,0.0055912,0.000250208,-0.209877,0.006647099691822258,3.094355834156844,2.2633893519971844
PART-SUPPORTBEAM-2,326,SupportBeam/B31,150.0,10.0,-15.0,-0.001285858,0.0014169143,-0.21480516,-0.0055912,0.000250208,-0.209877,0.006647099691822258,3.094355834156844,2.2633893519971844
PART-SUPPORTBEAM-1,64,SupportBeam/B31,-150.0,-10.0,-15.0,0.001285858,-0.0014169143,-0.21480516,0.0055912,-0.000250208,-0.209877,0.006647099691822258,3.094355834156844,2.2633893519971844
PART-SUPPORTBEAM-1,326,SupportBeam/B31,150.0,-10.0,-15.0,-0.001285858,-0.0014169143,-0.21480516,-0.0055912,-0.000250208,-0.209877,0.006647099691822258,3.094355834156844,2.2633893519971844
PART-SUPPORTBEAM-2,39,SupportBeam/B31,-223.33333,10.0,-14.0,0.032938812,0.0005628472,-0.1149299,0.0315253,0.000422983,-0.121349,0.0065743762425484594,5.49889179064503,4.867619447477064
PART-SUPPORTBEAM-2,336,SupportBeam/B31,223.33333,10.0,-14.0,-0.032938812,0.0005628472,-0.1149299,-0.0315253,0.000422983,-0.121349,0.0065743762425484594,5.49889179064503,4.867619447477064
PART-SUPPORTBEAM-1,39,SupportBeam/B31,-223.33333,-10.0,-14.0,0.032938812,-0.0005628472,-0.1149299,0.0315253,-0.000422983,-0.121349,0.0065743762425484594,5.49889179064503,4.867619447477064
PART-SUPPORTBEAM-1,336,SupportBeam/B31,223.33333,-10.0,-14.0,-0.032938812,-0.0005628472,-0.1149299,-0.0315253,-0.000422983,-0.121349,0.0065743762425484594,5.49889179064503,4.867619447477064
PART-SUPPORTBEAM-2,70,SupportBeam/B31,-200.0,10.0,-11.25,0.010660584,0.0005786337,-0.13846546,0.00834293,0.000107151,-0.144512,0.006492646761661623,4.675124600806367,4.231259043615373
PART-SUPPORTBEAM-2,306,SupportBeam/B31,200.0,10.0,-11.25,-0.010660584,0.0005786337,-0.13846546,-0.00834293,0.000107151,-0.144512,0.006492646761661623,4.675124600806367,4.231259043615373
PART-SUPPORTBEAM-1,70,SupportBeam/B31,-200.0,-10.0,-11.25,0.010660584,-0.0005786337,-0.13846546,0.00834293,-0.000107151,-0.144512,0.006492646761661623,4.675124600806367,4.231259043615373
PART-SUPPORTBEAM-1,306,SupportBeam/B31,200.0,-10.0,-11.25,-0.010660584,-0.0005786337,-0.13846546,-0.00834293,-0.000107151,-0.144512,0.006492646761661623,4.675124600806367,4.231259043615373
PART-PIER-2,433,Pier/C3D8R,0.0,-15.0,-25.0,2.6286784e-17,0.0030191916,-0.0033722313,-2.58889e-15,-5.5789e-05,-0.00907043,0.006474949738419446,143.05146919716591,100.39736726331805
PART-PIER-1,433,Pier/C3D8R,0.0,15.0,-25.0,-6.167528e-16,-0.0030191916,-0.0033722313,-6.21133e-16,5.5789e-05,-0.00907043,0.006474949738419446,143.05146919716591,100.39736726331805
PART-PIER-2,280,Pier/C3D8R,-12.66667,-10.0,-30.0,-0.0006980286,0.0020576513,-0.0036227456,-0.00142977,0.00031797,-0.00976987,0.006430324633416187,152.21906277260365,133.85760741704203
PART-PIER-2,596,Pier/C3D8R,12.66667,-10.0,-30.0,0.0006980286,0.0020576513,-0.0036227456,0.00142977,0.00031797,-0.00976987,0.006430324633416187,152.21906277260365,133.85760741704203
PART-PIER-1,358,Pier/C3D8R,-12.66667,10.0,-30.0,-0.0006980286,-0.0020576513,-0.0036227456,-0.00142977,-0.00031797,-0.00976987,0.006430324633416187,152.21906277260365,133.85760741704203
PART-PIER-1,518,Pier/C3D8R,12.66667,10.0,-30.0,0.0006980286,-0.0020576513,-0.0036227456,0.00142977,-0.00031797,-0.00976987,0.006430324633416187,152.21906277260365,133.85760741704203
PART-PIER-2,284,Pier/C3D8R,-12.33333,-10.0,-20.0,-0.0006787622,0.0044242996,-0.005566838,-0.0012732,0.000710909,-0.0107111,0.00637228825233771,89.20816952614483,51.33214213318183
PART-PIER-2,600,Pier/C3D8R,12.33333,-10.0,-20.0,0.0006787622,0.0044242996,-0.005566838,0.0012732,0.000710909,-0.0107111,0.00637228825233771,89.20816952614483,51.33214213318183
PART-PIER-1,362,Pier/C3D8R,-12.33333,10.0,-20.0,-0.0006787622,-0.0044242996,-0.005566838,-0.0012732,-0.000710909,-0.0107111,0.00637228825233771,89.20816952614483,51.33214213318183
PART-PIER-1,522,Pier/C3D8R,12.33333,10.0,-20.0,0.0006787622,-0.0044242996,-0.005566838,0.0012732,-0.000710909,-0.0107111,0.00637228825233771,89.20816952614483,51.33214213318183
PART-FLOOR-1,27,Floor/S4R,190.0,10.0,0.0,-0.015523277,0.0011839775,-0.20851658,-0.0102735,-0.000156141,-0.211741,0.006304994883437361,3.015345095293267,1.3836563628753402
PART-FLOOR-1,45,Floor/S4R,190.0,-10.0,0.0,-0.015523277,-0.0011839775,-0.20851658,-0.0102735,0.000156141,-0.211741,0.006304994883437361,3.015345095293267,1.3836563628753402
PART-FLOOR-1,180,Floor/S4R,-190.0,10.0,0.0,0.015523277,0.0011839775,-0.20851658,0.0102735,-0.000156141,-0.211741,0.006304994883437361,3.015345095293267,1.3836563628753402
PART-FLOOR-1,186,Floor/S4R,-190.0,-10.0,0.0,0.015523277,-0.0011839775,-0.20851658,0.0102735,0.000156141,-0.211741,0.006304994883437361,3.015345095293267,1.3836563628753402
PART-PIER-2,283,Pier/C3D8R,-6.16667,-10.0,-20.0,-0.00034080402,0.004578878,-0.0055476865,-0.000691199,0.00104125,-0.0106781,0.006241692974616377,86.67421731438137,49.29180466312079
PART-PIER-2,599,Pier/C3D8R,6.16667,-10.0,-20.0,0.00034080402,0.004578878,-0.0055476865,0.000691199,0.00104125,-0.0106781,0.006241692974616377,86.67421731438137,49.29180466312079
PART-PIER-1,361,Pier/C3D8R,-6.16667,10.0,-20.0,-0.00034080402,-0.004578878,-0.0055476865,-0.000691199,-0.00104125,-0.0106781,0.006241692974616377,86.67421731438137,49.29180466312079
PART-PIER-1,521,Pier/C3D8R,6.16667,10.0,-20.0,0.00034080402,-0.004578878,-0.0055476865,0.000691199,-0.00104125,-0.0106781,0.006241692974616377,86.67421731438137,49.29180466312079
PART-SUPPORTBEAM-2,72,SupportBeam/B31,-200.0,10.0,-18.75,0.00441707,0.0011867551,-0.13867185,0.00556887,0.000320535,-0.144717,0.006214565071197179,4.4790544172245195,4.380056245635229
PART-SUPPORTBEAM-2,308,SupportBeam/B31,200.0,10.0,-18.75,-0.00441707,0.0011867551,-0.13867185,-0.00556887,0.000320535,-0.144717,0.006214565071197179,4.4790544172245195,4.380056245635229
PART-SUPPORTBEAM-1,72,SupportBeam/B31,-200.0,-10.0,-18.75,0.00441707,-0.0011867551,-0.13867185,0.00556887,-0.000320535,-0.144717,0.006214565071197179,4.4790544172245195,4.380056245635229
PART-SUPPORTBEAM-1,308,SupportBeam/B31,200.0,-10.0,-18.75,-0.00441707,-0.0011867551,-0.13867185,-0.00556887,-0.000320535,-0.144717,0.006214565071197179,4.4790544172245195,4.380056245635229
PART-PIER-2,31,Pier/C3D8R,-18.25,-10.0,-15.0,-0.0009854463,0.0056694974,-0.006507165,-0.00188526,0.000635291,-0.0100247,0.006206927681931992,71.4538238172421,17.654358941541577
PART-PIER-2,262,Pier/C3D8R,18.25,-10.0,-15.0,0.0009854463,0.0056694974,-0.006507165,0.00188526,0.000635291,-0.0100247,0.006206927681931992,71.4538238172421,17.654358941541577
PART-PIER-1,135,Pier/C3D8R,-18.25,10.0,-15.0,-0.0009854463,-0.0056694974,-0.006507165,-0.00188526,-0.000635291,-0.0100247,0.006206927681931992,71.4538238172421,17.654358941541577
PART-PIER-1,197,Pier/C3D8R,18.25,10.0,-15.0,0.0009854463,-0.0056694974,-0.006507165,0.00188526,-0.000635291,-0.0100247,0.006206927681931992,71.4538238172421,17.654358941541577
PART-PIER-2,472,Pier/C3D8R,-18.75,-15.0,-25.0,-0.000784325,0.0025818546,-0.0033212337,-0.00202819,-0.000423832,-0.00858201,0.006185233977327473,144.54112116134684,106.31312846545346
PART-PIER-2,671,Pier/C3D8R,18.75,-15.0,-25.0,0.000784325,0.0025818546,-0.0033212337,0.00202819,-0.000423832,-0.00858201,0.006185233977327473,144.54112116134684,106.31312846545346
PART-PIER-1,472,Pier/C3D8R,-18.75,15.0,-25.0,-0.000784325,-0.0025818546,-0.0033212337,-0.00202819,0.000423832,-0.00858201,0.006185233977327473,144.54112116134684,106.31312846545346
PART-PIER-1,671,Pier/C3D8R,18.75,15.0,-25.0,0.000784325,-0.0025818546,-0.0033212337,0.00202819,0.000423832,-0.00858201,0.006185233977327473,144.54112116134684,106.31312846545346
PART-FLOOR-1,288,Floor/S4R,105.0,0.0,0.0,-0.0072034667,7.1047616e-15,-0.32184964,-0.00499496,-1.34409e-13,-0.316074,0.00618348762864005,1.9207538846394867,1.8068437417350283
PART-FLOOR-1,399,Floor/S4R,-105.0,0.0,0.0,0.0072034667,4.5115554e-15,-0.32184964,0.00499496,-2.34524e-13,-0.316074,0.00618348762864005,1.9207538846394867,1.8068437417350283
PART-PIER-2,714,Pier/C3D8R,-6.25,-15.0,-25.0,-0.00027127896,0.002976118,-0.0034577153,-0.000541249,-0.00017194,-0.00876351,0.006175322695407074,135.12169944717965,92.15580882214275
PART-PIER-2,792,Pier/C3D8R,6.25,-15.0,-25.0,0.00027127896,0.002976118,-0.0034577153,0.000541249,-0.00017194,-0.00876351,0.006175322695407074,135.12169944717965,92.15580882214275
PART-PIER-1,714,Pier/C3D8R,-6.25,15.0,-25.0,-0.00027127896,-0.002976118,-0.0034577153,-0.000541249,0.00017194,-0.00876351,0.006175322695407074,135.12169944717965,92.15580882214275
PART-PIER-1,792,Pier/C3D8R,6.25,15.0,-25.0,0.00027127896,-0.002976118,-0.0034577153,0.000541249,0.00017194,-0.00876351,0.006175322695407074,135.12169944717965,92.15580882214275
PART-PIER-2,285,Pier/C3D8R,-6.08333,-10.0,-15.0,-0.00033088986,0.0060992576,-0.0066832625,-0.00054899,0.000842017,-0.00982294,0.006127293138194273,67.67436042767669,9.05836856339357
PART-PIER-2,601,Pier/C3D8R,6.08333,-10.0,-15.0,0.00033088986,0.0060992576,-0.0066832625,0.00054899,0.000842017,-0.00982294,0.006127293138194273,67.67436042767669,9.05836856339357
PART-PIER-1,363,Pier/C3D8R,-6.08333,10.0,-15.0,-0.00033088986,-0.0060992576,-0.0066832625,-0.00054899,-0.000842017,-0.00982294,0.006127293138194273,67.67436042767669,9.05836856339357
PART-PIER-1,523,Pier/C3D8R,6.08333,10.0,-15.0,0.00033088986,-0.0060992576,-0.0066832625,0.00054899,-0.000842017,-0.00982294,0.006127293138194273,67.67436042767669,9.05836856339357
PART-SUPPORTBEAM-2,71,SupportBeam/B31,-200.0,10.0,-15.0,0.007621077,0.0008828914,-0.13857138,0.00706499,0.000214588,-0.144617,0.006107813305137984,4.4009618565245106,4.327621845479675
PART-SUPPORTBEAM-2,307,SupportBeam/B31,200.0,10.0,-15.0,-0.007621077,0.0008828914,-0.13857138,-0.00706499,0.000214588,-0.144617,0.006107813305137984,4.4009618565245106,4.327621845479675
PART-SUPPORTBEAM-1,71,SupportBeam/B31,-200.0,-10.0,-15.0,0.007621077,-0.0008828914,-0.13857138,0.00706499,-0.000214588,-0.144617,0.006107813305137984,4.4009618565245106,4.327621845479675
PART-SUPPORTBEAM-1,307,SupportBeam/B31,200.0,-10.0,-15.0,-0.007621077,-0.0008828914,-0.13857138,-0.00706499,-0.000214588,-0.144617,0.006107813305137984,4.4009618565245106,4.327621845479675
PART-SUPPORTBEAM-2,59,SupportBeam/B31,-193.33333,10.0,-4.0,0.015039096,6.0445527e-05,-0.14987023,0.01043,-0.000140269,-0.153851,0.006093486854951342,4.045524327901155,2.377645275496249
PART-SUPPORTBEAM-2,302,SupportBeam/B31,193.33333,10.0,-4.0,-0.015039096,6.0445527e-05,-0.14987023,-0.01043,-0.000140269,-0.153851,0.006093486854951342,4.045524327901155,2.377645275496249
PART-SUPPORTBEAM-1,59,SupportBeam/B31,-193.33333,-10.0,-4.0,0.015039096,-6.0445527e-05,-0.14987023,0.01043,0.000140269,-0.153851,0.006093486854951342,4.045524327901155,2.377645275496249
PART-SUPPORTBEAM-1,302,SupportBeam/B31,193.33333,-10.0,-4.0,-0.015039096,-6.0445527e-05,-0.14987023,-0.01043,0.000140269,-0.153851,0.006093486854951342,4.045524327901155,2.377645275496249
PART-FLOOR-1,263,Floor/S4R,145.0,-5.0,0.0,-0.010484483,-0.000112669135,-0.29635718,-0.0078475,-6.07443e-05,-0.290937,0.0060278293575033075,2.0327026547399765,1.854633865582693
PART-FLOOR-1,265,Floor/S4R,145.0,5.0,0.0,-0.010484483,0.000112669135,-0.29635718,-0.0078475,6.07443e-05,-0.290937,0.0060278293575033075,2.0327026547399765,1.854633865582693
PART-FLOOR-1,422,Floor/S4R,-145.0,-5.0,0.0,0.010484483,-0.000112669135,-0.29635718,0.0078475,-6.07443e-05,-0.290937,0.0060278293575033075,2.0327026547399765,1.854633865582693
PART-FLOOR-1,424,Floor/S4R,-145.0,5.0,0.0,0.010484483,0.000112669135,-0.29635718,0.0078475,6.07443e-05,-0.290937,0.0060278293575033075,2.0327026547399765,1.854633865582693
PART-PIER-2,30,Pier/C3D8R,-18.5,-10.0,-20.0,-0.0010229741,0.004156609,-0.0053665494,-0.0022982,0.000405629,-0.00990336,0.006023180428702362,87.74170269829507,48.217056623667766
PART-PIER-2,263,Pier/C3D8R,18.5,-10.0,-20.0,0.0010229741,0.004156609,-0.0053665494,0.0022982,0.000405629,-0.00990336,0.006023180428702362,87.74170269829507,48.217056623667766
PART-PIER-1,136,Pier/C3D8R,-18.5,10.0,-20.0,-0.0010229741,-0.004156609,-0.0053665494,-0.0022982,-0.000405629,-0.00990336,0.006023180428702362,87.74170269829507,48.217056623667766
PART-PIER-1,196,Pier/C3D8R,18.5,10.0,-20.0,0.0010229741,-0.004156609,-0.0053665494,0.0022982,-0.000405629,-0.00990336,0.006023180428702362,87.74170269829507,48.217056623667766
PART-FLOOR-1,476,Floor/S4R,-245.0,-5.0,0.0,0.0017342891,0.0004649441,-0.18101642,0.00183103,0.000258468,-0.186995,0.005982926541250847,3.305021850295737,3.3027523354568338
PART-FLOOR-1,478,Floor/S4R,-245.0,5.0,0.0,0.0017342891,-0.0004649441,-0.18101642,0.00183103,-0.000258468,-0.186995,0.005982926541250847,3.305021850295737,3.3027523354568338
PART-FLOOR-1,503,Floor/S4R,245.0,5.0,0.0,-0.0017342891,-0.0004649441,-0.18101642,-0.00183103,-0.000258468,-0.186995,0.005982926541250847,3.305021850295737,3.3027523354568338
PART-FLOOR-1,505,Floor/S4R,245.0,-5.0,0.0,-0.0017342891,0.0004649441,-0.18101642,-0.00183103,0.000258468,-0.186995,0.005982926541250847,3.305021850295737,3.3027523354568338
PART-SUPPORTBEAM-2,40,SupportBeam/B31,-226.66667,10.0,-16.0,0.032141086,0.0006918643,-0.107236505,0.0311888,0.000525299,-0.113112,0.00595449696615803,5.318806135314117,4.807926473471722
PART-SUPPORTBEAM-2,337,SupportBeam/B31,226.66667,10.0,-16.0,-0.032141086,0.0006918643,-0.107236505,-0.0311888,0.000525299,-0.113112,0.00595449696615803,5.318806135314117,4.807926473471722
PART-SUPPORTBEAM-1,40,SupportBeam/B31,-226.66667,-10.0,-16.0,0.032141086,-0.0006918643,-0.107236505,0.0311888,-0.000525299,-0.113112,0.00595449696615803,5.318806135314117,4.807926473471722
PART-SUPPORTBEAM-1,337,SupportBeam/B31,226.66667,-10.0,-16.0,-0.032141086,-0.0006918643,-0.107236505,-0.0311888,-0.000525299,-0.113112,0.00595449696615803,5.318806135314117,4.807926473471722
PART-SUPPORTBEAM-2,27,SupportBeam/B31,-226.92308,10.0,-30.0,-0.0056637446,0.0018279853,-0.10066251,-0.00283518,0.000945378,-0.105744,0.005882288157042847,5.833387532950449,4.9068037720100826
PART-SUPPORTBEAM-2,317,SupportBeam/B31,226.92308,10.0,-30.0,0.0056637446,0.0018279853,-0.10066251,0.00283518,0.000945378,-0.105744,0.005882288157042847,5.833387532950449,4.9068037720100826
PART-SUPPORTBEAM-1,27,SupportBeam/B31,-226.92308,-10.0,-30.0,-0.0056637446,-0.0018279853,-0.10066251,-0.00283518,-0.000945378,-0.105744,0.005882288157042847,5.833387532950449,4.9068037720100826
PART-SUPPORTBEAM-1,317,SupportBeam/B31,226.92308,-10.0,-30.0,0.0056637446,-0.0018279853,-0.10066251,0.00283518,-0.000945378,-0.105744,0.005882288157042847,5.833387532950449,4.9068037720100826
PART-FLOOR-1,266,Floor/S4R,140.0,-5.0,0.0,-0.008355196,0.000113518756,-0.35414308,-0.00749206,-8.71636e-05,-0.359863,0.005788157044250406,1.6339572493150423,1.6088865276363218
PART-FLOOR-1,268,Floor/S4R,140.0,5.0,0.0,-0.008355196,-0.000113518756,-0.35414308,-0.00749206,8.71636e-05,-0.359863,0.005788157044250406,1.6339572493150423,1.6088865276363218
PART-FLOOR-1,419,Floor/S4R,-140.0,-5.0,0.0,0.008355196,0.000113518756,-0.35414308,0.00749206,-8.71636e-05,-0.359863,0.005788157044250406,1.6339572493150423,1.6088865276363218
PART-FLOOR-1,421,Floor/S4R,-140.0,5.0,0.0,0.008355196,-0.000113518756,-0.35414308,0.00749206,8.71636e-05,-0.359863,0.005788157044250406,1.6339572493150423,1.6088865276363218
PART-SUPPORTBEAM-2,51,SupportBeam/B31,-166.66667,10.0,-20.0,-0.008764752,0.0016054079,-0.20178926,-0.00406833,0.000215191,-0.198891,0.0056911328976513575,2.8175892015676505,1.5115800846501393
PART-SUPPORTBEAM-2,294,SupportBeam/B31,166.66667,10.0,-20.0,0.008764752,0.0016054079,-0.20178926,0.00406833,0.000215191,-0.198891,0.0056911328976513575,2.8175892015676505,1.5115800846501393
PART-SUPPORTBEAM-1,51,SupportBeam/B31,-166.66667,-10.0,-20.0,-0.008764752,-0.0016054079,-0.20178926,-0.00406833,-0.000215191,-0.198891,0.0056911328976513575,2.8175892015676505,1.5115800846501393
PART-SUPPORTBEAM-1,294,SupportBeam/B31,166.66667,-10.0,-20.0,0.008764752,-0.0016054079,-0.20178926,0.00406833,-0.000215191,-0.198891,0.0056911328976513575,2.8175892015676505,1.5115800846501393
PART-PIER-2,281,Pier/C3D8R,-6.25,-10.0,-25.0,-0.0003485406,0.0032083741,-0.004917038,-0.000721582,0.00016305,-0.00966019,0.005648951199581987,96.04558986475197,64.72708089479507
PART-PIER-2,597,Pier/C3D8R,6.25,-10.0,-25.0,0.0003485406,0.0032083741,-0.004917038,0.000721582,0.00016305,-0.00966019,0.005648951199581987,96.04558986475197,64.72708089479507
PART-PIER-1,359,Pier/C3D8R,-6.25,10.0,-25.0,-0.0003485406,-0.0032083741,-0.004917038,-0.000721582,-0.00016305,-0.00966019,0.005648951199581987,96.04558986475197,64.72708089479507
PART-PIER-1,519,Pier/C3D8R,6.25,10.0,-25.0,0.0003485406,-0.0032083741,-0.004917038,0.000721582,-0.00016305,-0.00966019,0.005648951199581987,96.04558986475197,64.72708089479507
PART-PIER-2,715,Pier/C3D8R,-12.5,-15.0,-25.0,-0.0005272212,0.0028339215,-0.00333003,-0.00133357,-3.7683e-05,-0.0079958,0.005537663811083307,125.7321006699766,84.05349327316401
PART-PIER-2,793,Pier/C3D8R,12.5,-15.0,-25.0,0.0005272212,0.0028339215,-0.00333003,0.00133357,-3.7683e-05,-0.0079958,0.005537663811083307,125.7321006699766,84.05349327316401
PART-PIER-1,715,Pier/C3D8R,-12.5,15.0,-25.0,-0.0005272212,-0.0028339215,-0.00333003,-0.00133357,3.7683e-05,-0.0079958,0.005537663811083307,125.7321006699766,84.05349327316401
PART-PIER-1,793,Pier/C3D8R,12.5,15.0,-25.0,0.0005272212,-0.0028339215,-0.00333003,0.00133357,3.7683e-05,-0.0079958,0.005537663811083307,125.7321006699766,84.05349327316401
PART-SUPPORTBEAM-2,65,SupportBeam/B31,-150.0,10.0,-11.25,0.003929617,0.0011620345,-0.21518865,0.00653868,0.000232464,-0.210438,0.005499089604192631,2.5550105896467596,2.1781474610532063
PART-SUPPORTBEAM-2,327,SupportBeam/B31,150.0,10.0,-11.25,-0.003929617,0.0011620345,-0.21518865,-0.00653868,0.000232464,-0.210438,0.005499089604192631,2.5550105896467596,2.1781474610532063
PART-SUPPORTBEAM-1,65,SupportBeam/B31,-150.0,-10.0,-11.25,0.003929617,-0.0011620345,-0.21518865,0.00653868,-0.000232464,-0.210438,0.005499089604192631,2.5550105896467596,2.1781474610532063
PART-SUPPORTBEAM-1,327,SupportBeam/B31,150.0,-10.0,-11.25,-0.003929617,-0.0011620345,-0.21518865,-0.00653868,-0.000232464,-0.210438,0.005499089604192631,2.5550105896467596,2.1781474610532063
PART-FLOOR-1,36,Floor/S4R,150.0,0.0,0.0,-0.01072383,5.5199583e-15,-0.27996537,-0.00812131,-5.58771e-14,-0.275212,0.0054191915178649856,1.9342464930564154,1.727117656022502
PART-FLOOR-1,162,Floor/S4R,-150.0,0.0,0.0,0.01072383,3.1073982e-15,-0.27996537,0.00812131,-1.50151e-13,-0.275212,0.0054191915178649856,1.9342464930564154,1.727117656022502
PART-FLOOR-1,242,Floor/S4R,185.0,-5.0,0.0,-0.014428736,-0.00061149517,-0.27754265,-0.0100191,-1.76817e-06,-0.280421,0.005301090018998437,1.9074286696783664,0.964961076083842
PART-FLOOR-1,244,Floor/S4R,185.0,5.0,0.0,-0.014428736,0.00061149517,-0.27754265,-0.0100191,1.76817e-06,-0.280421,0.005301090018998437,1.9074286696783664,0.964961076083842
PART-FLOOR-1,443,Floor/S4R,-185.0,-5.0,0.0,0.014428736,-0.00061149517,-0.27754265,0.0100191,-1.76817e-06,-0.280421,0.005301090018998437,1.9074286696783664,0.964961076083842
PART-FLOOR-1,445,Floor/S4R,-185.0,5.0,0.0,0.014428736,0.00061149517,-0.27754265,0.0100191,1.76817e-06,-0.280421,0.005301090018998437,1.9074286696783664,0.964961076083842
PART-SUPPORTBEAM-2,41,SupportBeam/B31,-230.0,10.0,-18.0,0.03013552,0.00082095724,-0.097524256,0.0295782,0.000629326,-0.102746,0.005254896622777649,5.147950957813079,4.7445547952946905
PART-SUPPORTBEAM-2,338,SupportBeam/B31,230.0,10.0,-18.0,-0.03013552,0.00082095724,-0.097524256,-0.0295782,0.000629326,-0.102746,0.005254896622777649,5.147950957813079,4.7445547952946905
PART-SUPPORTBEAM-1,41,SupportBeam/B31,-230.0,-10.0,-18.0,0.03013552,-0.00082095724,-0.097524256,0.0295782,-0.000629326,-0.102746,0.005254896622777649,5.147950957813079,4.7445547952946905
PART-SUPPORTBEAM-1,338,SupportBeam/B31,230.0,-10.0,-18.0,-0.03013552,-0.00082095724,-0.097524256,-0.0295782,-0.000629326,-0.102746,0.005254896622777649,5.147950957813079,4.7445547952946905
PART-CABLE150-2,1,Cable/T3D2,-150.0,10.0,0.0,0.011341809,0.0004107428,-0.21630648,0.00843775,0.000186572,-0.212087,0.005127165171267024,2.3670684075691537,2.0078817514414227
PART-CABLE150-4,1,Cable/T3D2,150.0,10.0,0.0,-0.011341809,0.0004107428,-0.21630648,-0.00843775,0.000186572,-0.212087,0.005127165171267024,2.3670684075691537,2.0078817514414227
PART-SUPPORTBEAM-2,5,SupportBeam/B31,-150.0,10.0,0.0,0.011341809,0.0004107428,-0.21630648,0.00843775,0.000186572,-0.212087,0.005127165171267024,2.3670684075691537,2.0078817514414227
PART-SUPPORTBEAM-2,20,SupportBeam/B31,150.0,10.0,0.0,-0.011341809,0.0004107428,-0.21630648,-0.00843775,0.000186572,-0.212087,0.005127165171267024,2.3670684075691537,2.0078817514414227
PART-CABLE150-1,1,Cable/T3D2,-150.0,-10.0,0.0,0.011341809,-0.0004107428,-0.21630648,0.00843775,-0.000186572,-0.212087,0.005127165171267024,2.3670684075691537,2.0078817514414227
PART-CABLE150-3,1,Cable/T3D2,150.0,-10.0,0.0,-0.011341809,-0.0004107428,-0.21630648,-0.00843775,-0.000186572,-0.212087,0.005127165171267024,2.3670684075691537,2.0078817514414227
PART-FLOOR-1,3,Floor/S4R,150.0,10.0,0.0,-0.011341809,0.0004107428,-0.21630648,-0.00843775,0.000186572,-0.212087,0.005127165171267024,2.3670684075691537,2.0078817514414227
PART-FLOOR-1,4,Floor/S4R,150.0,-10.0,0.0,-0.011341809,-0.0004107428,-0.21630648,-0.00843775,-0.000186572,-0.212087,0.005127165171267024,2.3670684075691537,2.0078817514414227
PART-FLOOR-1,15,Floor/S4R,-150.0,10.0,0.0,0.011341809,0.0004107428,-0.21630648,0.00843775,0.000186572,-0.212087,0.005127165171267024,2.3670684075691537,2.0078817514414227
PART-FLOOR-1,16,Floor/S4R,-150.0,-10.0,0.0,0.011341809,-0.0004107428,-0.21630648,0.00843775,-0.000186572,-0.212087,0.005127165171267024,2.3670684075691537,2.0078817514414227
PART-SUPPORTBEAM-1,5,SupportBeam/B31,-150.0,-10.0,0.0,0.011341809,-0.0004107428,-0.21630648,0.00843775,-0.000186572,-0.212087,0.005127165171267024,2.3670684075691537,2.0078817514414227
PART-SUPPORTBEAM-1,20,SupportBeam/B31,150.0,-10.0,0.0,-0.011341809,-0.0004107428,-0.21630648,-0.00843775,-0.000186572,-0.212087,0.005127165171267024,2.3670684075691537,2.0078817514414227
PART-PIER-2,282,Pier/C3D8R,-12.5,-10.0,-25.0,-0.0006875949,0.0030595174,-0.0047736885,-0.00145917,0.000179784,-0.00888437,0.005077981388746696,88.90760390308536,57.66703591929099
PART-PIER-2,598,Pier/C3D8R,12.5,-10.0,-25.0,0.0006875949,0.0030595174,-0.0047736885,0.00145917,0.000179784,-0.00888437,0.005077981388746696,88.90760390308536,57.66703591929099
PART-PIER-1,360,Pier/C3D8R,-12.5,10.0,-25.0,-0.0006875949,-0.0030595174,-0.0047736885,-0.00145917,-0.000179784,-0.00888437,0.005077981388746696,88.90760390308536,57.66703591929099
PART-PIER-1,520,Pier/C3D8R,12.5,10.0,-25.0,0.0006875949,-0.0030595174,-0.0047736885,0.00145917,-0.000179784,-0.00888437,0.005077981388746696,88.90760390308536,57.66703591929099
PART-SUPPORTBEAM-2,28,SupportBeam/B31,-230.76923,10.0,-30.0,-0.0053857067,0.0017892485,-0.08886904,-0.00289224,0.000998158,-0.0931271,0.00499742687058042,5.611929701299986,4.634792791646036
PART-SUPPORTBEAM-2,318,SupportBeam/B31,230.76923,10.0,-30.0,0.0053857067,0.0017892485,-0.08886904,0.00289224,0.000998158,-0.0931271,0.00499742687058042,5.611929701299986,4.634792791646036
PART-SUPPORTBEAM-1,28,SupportBeam/B31,-230.76923,-10.0,-30.0,-0.0053857067,-0.0017892485,-0.08886904,-0.00289224,-0.000998158,-0.0931271,0.00499742687058042,5.611929701299986,4.634792791646036
PART-SUPPORTBEAM-1,318,SupportBeam/B31,230.76923,-10.0,-30.0,0.0053857067,-0.0017892485,-0.08886904,0.00289224,-0.000998158,-0.0931271,0.00499742687058042,5.611929701299986,4.634792791646036
PART-PIER-2,29,Pier/C3D8R,-18.75,-10.0,-25.0,-0.0010339548,0.0028034844,-0.00476791,-0.00174974,0.000342821,-0.00901359,0.004959134146505678,88.13324263306681,63.29265570130224
PART-PIER-2,264,Pier/C3D8R,18.75,-10.0,-25.0,0.0010339548,0.0028034844,-0.00476791,0.00174974,0.000342821,-0.00901359,0.004959134146505678,88.13324263306681,63.29265570130224
PART-PIER-1,137,Pier/C3D8R,-18.75,10.0,-25.0,-0.0010339548,-0.0028034844,-0.00476791,-0.00174974,-0.000342821,-0.00901359,0.004959134146505678,88.13324263306681,63.29265570130224
PART-PIER-1,195,Pier/C3D8R,18.75,10.0,-25.0,0.0010339548,-0.0028034844,-0.00476791,0.00174974,-0.000342821,-0.00901359,0.004959134146505678,88.13324263306681,63.29265570130224
PART-PIER-2,356,Pier/C3D8R,-12.83333,-20.0,-35.0,-0.00038968088,0.00083184044,-0.0016151466,-0.00133871,-0.000821087,-0.00617647,0.004943530777885427,266.05405355524437,242.98604835536452
PART-PIER-2,516,Pier/C3D8R,12.83333,-20.0,-35.0,0.00038968088,0.00083184044,-0.0016151466,0.00133871,-0.000821087,-0.00617647,0.004943530777885427,266.05405355524437,242.98604835536452
PART-PIER-1,278,Pier/C3D8R,-12.83333,20.0,-35.0,-0.00038968088,-0.00083184044,-0.0016151466,-0.00133871,0.000821087,-0.00617647,0.004943530777885427,266.05405355524437,242.98604835536452
PART-PIER-1,594,Pier/C3D8R,12.83333,20.0,-35.0,0.00038968088,-0.00083184044,-0.0016151466,0.00133871,0.000821087,-0.00617647,0.004943530777885427,266.05405355524437,242.98604835536452
PART-FLOOR-1,49,Floor/S4R,135.0,10.0,0.0,-0.008315028,-0.00016834715,-0.4120647,-0.00712008,0.000212006,-0.416759,0.004858911578884594,1.1789222000004176,1.1333898404999538
PART-FLOOR-1,65,Floor/S4R,135.0,-10.0,0.0,-0.008315028,0.00016834715,-0.4120647,-0.00712008,-0.000212006,-0.416759,0.004858911578884594,1.1789222000004176,1.1333898404999538
PART-FLOOR-1,158,Floor/S4R,-135.0,10.0,0.0,0.008315028,-0.00016834715,-0.4120647,0.00712008,0.000212006,-0.416759,0.004858911578884594,1.1789222000004176,1.1333898404999538
PART-FLOOR-1,166,Floor/S4R,-135.0,-10.0,0.0,0.008315028,0.00016834715,-0.4120647,0.00712008,-0.000212006,-0.416759,0.004858911578884594,1.1789222000004176,1.1333898404999538
PART-FLOOR-1,477,Floor/S4R,-245.0,0.0,0.0,0.0023724427,3.5784958e-17,-0.17832264,0.00175803,-1.26307e-15,-0.183033,0.0047502625501672285,2.663622635169755,2.6371331887112004
PART-FLOOR-1,504,Floor/S4R,245.0,0.0,0.0,-0.0023724427,-1.14227646e-17,-0.17832264,-0.00175803,-9.44692e-16,-0.183033,0.0047502625501672285,2.663622635169755,2.6371331887112004
PART-SUPPORTBEAM-2,66,SupportBeam/B31,-150.0,10.0,-7.5,0.0064621437,0.0009100149,-0.21556671,0.00728401,0.000216293,-0.210993,0.0046984611793346905,2.178587621358002,2.1082016714549336
PART-SUPPORTBEAM-2,328,SupportBeam/B31,150.0,10.0,-7.5,-0.0064621437,0.0009100149,-0.21556671,-0.00728401,0.000216293,-0.210993,0.0046984611793346905,2.178587621358002,2.1082016714549336
PART-SUPPORTBEAM-1,66,SupportBeam/B31,-150.0,-10.0,-7.5,0.0064621437,-0.0009100149,-0.21556671,0.00728401,-0.000216293,-0.210993,0.0046984611793346905,2.178587621358002,2.1082016714549336
PART-SUPPORTBEAM-1,328,SupportBeam/B31,150.0,-10.0,-7.5,-0.0064621437,-0.0009100149,-0.21556671,-0.00728401,-0.000216293,-0.210993,0.0046984611793346905,2.178587621358002,2.1082016714549336
PART-FLOOR-1,270,Floor/S4R,135.0,0.0,0.0,-0.008355736,6.0943127e-15,-0.4142407,-0.00712591,-7.80969e-14,-0.418658,0.004585303837291005,1.106692628927936,1.0604420173242564
PART-FLOOR-1,417,Floor/S4R,-135.0,0.0,0.0,0.008355736,3.6806563e-15,-0.4142407,0.00712591,-1.79514e-13,-0.418658,0.004585303837291005,1.106692628927936,1.0604420173242564
PART-FLOOR-1,29,Floor/S4R,180.0,10.0,0.0,-0.013309859,0.0014304875,-0.32286304,-0.00971955,0.000136388,-0.325342,0.004550852108449735,1.4083202238056571,0.7262308573320826
PART-FLOOR-1,43,Floor/S4R,180.0,-10.0,0.0,-0.013309859,-0.0014304875,-0.32286304,-0.00971955,-0.000136388,-0.325342,0.004550852108449735,1.4083202238056571,0.7262308573320826
PART-FLOOR-1,178,Floor/S4R,-180.0,10.0,0.0,0.013309859,0.0014304875,-0.32286304,0.00971955,0.000136388,-0.325342,0.004550852108449735,1.4083202238056571,0.7262308573320826
PART-FLOOR-1,188,Floor/S4R,-180.0,-10.0,0.0,0.013309859,-0.0014304875,-0.32286304,0.00971955,-0.000136388,-0.325342,0.004550852108449735,1.4083202238056571,0.7262308573320826
PART-SUPPORTBEAM-2,67,SupportBeam/B31,-150.0,10.0,-3.75,0.008920515,0.0006599021,-0.21593931,0.00789457,0.00020117,-0.211542,0.00453864886488207,2.1000159643066256,2.0521226750604638
PART-SUPPORTBEAM-2,329,SupportBeam/B31,150.0,10.0,-3.75,-0.008920515,0.0006599021,-0.21593931,-0.00789457,0.00020117,-0.211542,0.00453864886488207,2.1000159643066256,2.0521226750604638
PART-SUPPORTBEAM-1,67,SupportBeam/B31,-150.0,-10.0,-3.75,0.008920515,-0.0006599021,-0.21593931,0.00789457,-0.00020117,-0.211542,0.00453864886488207,2.1000159643066256,2.0521226750604638
PART-SUPPORTBEAM-1,329,SupportBeam/B31,150.0,-10.0,-3.75,-0.008920515,-0.0006599021,-0.21593931,-0.00789457,-0.00020117,-0.211542,0.00453864886488207,2.1000159643066256,2.0521226750604638
PART-FLOOR-1,284,Floor/S4R,110.0,-5.0,0.0,-0.007512103,-7.0317255e-05,-0.35929307,-0.00528817,-7.96549e-05,-0.35534,0.004535716878841003,1.2621244640941114,1.110895752290331
PART-FLOOR-1,286,Floor/S4R,110.0,5.0,0.0,-0.007512103,7.0317255e-05,-0.35929307,-0.00528817,7.96549e-05,-0.35534,0.004535716878841003,1.2621244640941114,1.110895752290331
PART-FLOOR-1,401,Floor/S4R,-110.0,-5.0,0.0,0.007512103,-7.0317255e-05,-0.35929307,0.00528817,-7.96549e-05,-0.35534,0.004535716878841003,1.2621244640941114,1.110895752290331
PART-FLOOR-1,403,Floor/S4R,-110.0,5.0,0.0,0.007512103,7.0317255e-05,-0.35929307,0.00528817,7.96549e-05,-0.35534,0.004535716878841003,1.2621244640941114,1.110895752290331
PART-SUPPORTBEAM-2,58,SupportBeam/B31,-190.0,10.0,-6.0,0.011329344,0.00025815057,-0.15760435,0.00796421,-9.58586e-05,-0.160591,0.004513261298983268,2.8562913072267855,1.7575666276736814
PART-SUPPORTBEAM-2,301,SupportBeam/B31,190.0,10.0,-6.0,-0.011329344,0.00025815057,-0.15760435,-0.00796421,-9.58586e-05,-0.160591,0.004513261298983268,2.8562913072267855,1.7575666276736814
PART-SUPPORTBEAM-1,58,SupportBeam/B31,-190.0,-10.0,-6.0,0.011329344,-0.00025815057,-0.15760435,0.00796421,9.58586e-05,-0.160591,0.004513261298983268,2.8562913072267855,1.7575666276736814
PART-SUPPORTBEAM-1,301,SupportBeam/B31,190.0,-10.0,-6.0,-0.011329344,-0.00025815057,-0.15760435,-0.00796421,9.58586e-05,-0.160591,0.004513261298983268,2.8562913072267855,1.7575666276736814
PART-SUPPORTBEAM-2,42,SupportBeam/B31,-233.33333,10.0,-20.0,0.026899418,0.00095009414,-0.08575525,0.0266781,0.000734787,-0.0902256,0.004481000774844718,4.985527915611112,4.6837806926406484
PART-SUPPORTBEAM-2,339,SupportBeam/B31,233.33333,10.0,-20.0,-0.026899418,0.00095009414,-0.08575525,-0.0266781,0.000734787,-0.0902256,0.004481000774844718,4.985527915611112,4.6837806926406484
PART-SUPPORTBEAM-1,42,SupportBeam/B31,-233.33333,-10.0,-20.0,0.026899418,-0.00095009414,-0.08575525,0.0266781,-0.000734787,-0.0902256,0.004481000774844718,4.985527915611112,4.6837806926406484
PART-SUPPORTBEAM-1,339,SupportBeam/B31,233.33333,-10.0,-20.0,-0.026899418,-0.00095009414,-0.08575525,-0.0266781,-0.000734787,-0.0902256,0.004481000774844718,4.985527915611112,4.6837806926406484
PART-SUPPORTBEAM-2,52,SupportBeam/B31,-170.0,10.0,-18.0,-0.007510066,0.0014192596,-0.19818786,-0.0038841,0.000175591,-0.195995,0.004416217385883752,2.2266435069671537,1.1604688127489189
PART-SUPPORTBEAM-2,295,SupportBeam/B31,170.0,10.0,-18.0,0.007510066,0.0014192596,-0.19818786,0.0038841,0.000175591,-0.195995,0.004416217385883752,2.2266435069671537,1.1604688127489189
PART-SUPPORTBEAM-1,52,SupportBeam/B31,-170.0,-10.0,-18.0,-0.007510066,-0.0014192596,-0.19818786,-0.0038841,-0.000175591,-0.195995,0.004416217385883752,2.2266435069671537,1.1604688127489189
PART-SUPPORTBEAM-1,295,SupportBeam/B31,170.0,-10.0,-18.0,0.007510066,-0.0014192596,-0.19818786,0.0038841,-0.000175591,-0.195995,0.004416217385883752,2.2266435069671537,1.1604688127489189
PART-PIER-2,355,Pier/C3D8R,-6.41667,-20.0,-35.0,-0.0002206972,0.0009319637,-0.0016683528,-0.000579853,-0.000774099,-0.00560059,0.004301410492160539,223.59960081083568,195.44407941294065
PART-PIER-2,515,Pier/C3D8R,6.41667,-20.0,-35.0,0.0002206972,0.0009319637,-0.0016683528,0.000579853,-0.000774099,-0.00560059,0.004301410492160539,223.59960081083568,195.44407941294065
PART-PIER-1,277,Pier/C3D8R,-6.41667,20.0,-35.0,-0.0002206972,-0.0009319637,-0.0016683528,-0.000579853,0.000774099,-0.00560059,0.004301410492160539,223.59960081083568,195.44407941294065
PART-PIER-1,593,Pier/C3D8R,6.41667,20.0,-35.0,0.0002206972,-0.0009319637,-0.0016683528,0.000579853,0.000774099,-0.00560059,0.004301410492160539,223.59960081083568,195.44407941294065
PART-FLOOR-1,202,Floor/S4R,-245.0,10.0,0.0,0.0024458377,6.690919e-05,-0.18883553,0.00188646,-0.000460801,-0.192935,0.004170975393932104,2.208602012147616,2.167520271981523
PART-FLOOR-1,206,Floor/S4R,-245.0,-10.0,0.0,0.0024458377,-6.690919e-05,-0.18883553,0.00188646,0.000460801,-0.192935,0.004170975393932104,2.208602012147616,2.167520271981523
PART-FLOOR-1,223,Floor/S4R,245.0,-10.0,0.0,-0.0024458377,-6.690919e-05,-0.18883553,-0.00188646,0.000460801,-0.192935,0.004170975393932104,2.208602012147616,2.167520271981523
PART-FLOOR-1,227,Floor/S4R,245.0,10.0,0.0,-0.0024458377,6.690919e-05,-0.18883553,-0.00188646,-0.000460801,-0.192935,0.004170975393932104,2.208602012147616,2.167520271981523
PART-PIER-2,98,Pier/C3D8R,0.0,-10.0,-25.0,2.4274193e-16,0.003261017,-0.0048324647,1.71806e-15,0.00100796,-0.00830336,0.004138040602605427,70.98043733246868,43.47436767832927
PART-PIER-1,146,Pier/C3D8R,0.0,10.0,-25.0,-7.532615e-16,-0.003261017,-0.0048324647,-4.68263e-15,-0.00100796,-0.00830336,0.004138040602605427,70.98043733246868,43.47436767832927
PART-FLOOR-1,246,Floor/S4R,180.0,0.0,0.0,-0.0133201005,3.864512e-15,-0.32225585,-0.00977736,-2.35053e-14,-0.324321,0.004100713934528999,1.2714169175958023,0.6006640336301212
PART-FLOOR-1,441,Floor/S4R,-180.0,0.0,0.0,0.0133201005,1.8774875e-15,-0.32225585,0.00977736,-9.06123e-14,-0.324321,0.004100713934528999,1.2714169175958023,0.6006640336301212
PART-SUPPORTBEAM-2,29,SupportBeam/B31,-234.61539,10.0,-30.0,-0.0051076673,0.0017504547,-0.074892566,-0.00294929,0.00105205,-0.0782525,0.004054074268990819,5.399173521465197,4.2992613597202265
PART-SUPPORTBEAM-2,319,SupportBeam/B31,234.61539,10.0,-30.0,0.0051076673,0.0017504547,-0.074892566,0.00294929,0.00105205,-0.0782525,0.004054074268990819,5.399173521465197,4.2992613597202265
PART-SUPPORTBEAM-1,29,SupportBeam/B31,-234.61539,-10.0,-30.0,-0.0051076673,-0.0017504547,-0.074892566,-0.00294929,-0.00105205,-0.0782525,0.004054074268990819,5.399173521465197,4.2992613597202265
PART-SUPPORTBEAM-1,319,SupportBeam/B31,234.61539,-10.0,-30.0,0.0051076673,-0.0017504547,-0.074892566,0.00294929,-0.00105205,-0.0782525,0.004054074268990819,5.399173521465197,4.2992613597202265
PART-FLOOR-1,260,Floor/S4R,155.0,-5.0,0.0,-0.011037846,-0.00033854786,-0.26676255,-0.00846954,-0.000125885,-0.263711,0.003994168074099971,1.495993392813468,1.1775758016731424
PART-FLOOR-1,262,Floor/S4R,155.0,5.0,0.0,-0.011037846,0.00033854786,-0.26676255,-0.00846954,0.000125885,-0.263711,0.003994168074099971,1.495993392813468,1.1775758016731424
PART-FLOOR-1,425,Floor/S4R,-155.0,-5.0,0.0,0.011037846,-0.00033854786,-0.26676255,0.00846954,-0.000125885,-0.263711,0.003994168074099971,1.495993392813468,1.1775758016731424
PART-FLOOR-1,427,Floor/S4R,-155.0,5.0,0.0,0.011037846,0.00033854786,-0.26676255,0.00846954,0.000125885,-0.263711,0.003994168074099971,1.495993392813468,1.1775758016731424
PART-PIER-2,431,Pier/C3D8R,0.0,-15.0,-35.0,1.3504987e-17,0.0010945881,-0.0018206072,-1.36737e-15,-0.000346805,-0.00547854,0.003931677305939979,185.07937034239438,158.41242888099103
PART-PIER-1,431,Pier/C3D8R,0.0,15.0,-35.0,-2.2758796e-16,-0.0010945881,-0.0018206072,2.21536e-15,0.000346805,-0.00547854,0.003931677305939979,185.07937034239438,158.41242888099103
PART-PIER-2,139,Pier/C3D8R,-19.25,-20.0,-35.0,-0.00060231984,0.0006343464,-0.0017090177,-0.00190525,-0.000667833,-0.00511017,0.0038679626626193374,201.4693404358581,186.191627151315
PART-PIER-2,193,Pier/C3D8R,19.25,-20.0,-35.0,0.00060231984,0.0006343464,-0.0017090177,0.00190525,-0.000667833,-0.00511017,0.0038679626626193374,201.4693404358581,186.191627151315
PART-PIER-1,27,Pier/C3D8R,-19.25,20.0,-35.0,-0.00060231984,-0.0006343464,-0.0017090177,-0.00190525,0.000667833,-0.00511017,0.0038679626626193374,201.4693404358581,186.191627151315
PART-PIER-1,266,Pier/C3D8R,19.25,20.0,-35.0,0.00060231984,-0.0006343464,-0.0017090177,0.00190525,0.000667833,-0.00511017,0.0038679626626193374,201.4693404358581,186.191627151315
PART-PIER-2,470,Pier/C3D8R,-19.25,-15.0,-35.0,-0.00080585893,0.00076335383,-0.0019251901,-0.00203901,-0.000362284,-0.0053881,0.0038444072444639974,172.99477032801133,159.7520036845535
PART-PIER-2,669,Pier/C3D8R,19.25,-15.0,-35.0,0.00080585893,0.00076335383,-0.0019251901,0.00203901,-0.000362284,-0.0053881,0.0038444072444639974,172.99477032801133,159.7520036845535
PART-PIER-1,470,Pier/C3D8R,-19.25,15.0,-35.0,-0.00080585893,-0.00076335383,-0.0019251901,-0.00203901,0.000362284,-0.0053881,0.0038444072444639974,172.99477032801133,159.7520036845535
PART-PIER-1,669,Pier/C3D8R,19.25,15.0,-35.0,0.00080585893,-0.00076335383,-0.0019251901,0.00203901,0.000362284,-0.0053881,0.0038444072444639974,172.99477032801133,159.7520036845535
PART-PIER-2,138,Pier/C3D8R,-19.0,-20.0,-30.0,-0.0005554981,0.0013504245,-0.0016210374,-0.00185261,-0.000933747,-0.00416613,0.0036575176096785397,167.64227860996425,113.32081647919485
PART-PIER-2,194,Pier/C3D8R,19.0,-20.0,-30.0,0.0005554981,0.0013504245,-0.0016210374,0.00185261,-0.000933747,-0.00416613,0.0036575176096785397,167.64227860996425,113.32081647919485
PART-PIER-1,28,Pier/C3D8R,-19.0,20.0,-30.0,-0.0005554981,-0.0013504245,-0.0016210374,-0.00185261,0.000933747,-0.00416613,0.0036575176096785397,167.64227860996425,113.32081647919485
PART-PIER-1,265,Pier/C3D8R,19.0,20.0,-30.0,0.0005554981,-0.0013504245,-0.0016210374,0.00185261,0.000933747,-0.00416613,0.0036575176096785397,167.64227860996425,113.32081647919485
PART-SUPPORTBEAM-2,43,SupportBeam/B31,-236.66667,10.0,-22.0,0.022474887,0.001079243,-0.07199962,0.0225379,0.000841407,-0.0756318,0.0036405038323651016,4.826102700005238,4.625717180243141
PART-SUPPORTBEAM-2,340,SupportBeam/B31,236.66667,10.0,-22.0,-0.022474887,0.001079243,-0.07199962,-0.0225379,0.000841407,-0.0756318,0.0036405038323651016,4.826102700005238,4.625717180243141
PART-SUPPORTBEAM-1,43,SupportBeam/B31,-236.66667,-10.0,-22.0,0.022474887,-0.001079243,-0.07199962,0.0225379,-0.000841407,-0.0756318,0.0036405038323651016,4.826102700005238,4.625717180243141
PART-SUPPORTBEAM-1,340,SupportBeam/B31,236.66667,-10.0,-22.0,-0.022474887,-0.001079243,-0.07199962,-0.0225379,-0.000841407,-0.0756318,0.0036405038323651016,4.826102700005238,4.625717180243141
PART-PIER-2,144,Pier/C3D8R,0.0,-20.0,-35.0,-8.3889825e-17,0.0009549415,-0.0015490698,-1.88052e-15,-0.000475668,-0.00487347,0.0036191546293644727,198.88075421602423,169.08083602075143
PART-PIER-1,100,Pier/C3D8R,0.0,20.0,-35.0,-1.4987466e-16,-0.0009549415,-0.0015490698,-6.56646e-15,0.000475668,-0.00487347,0.0036191546293644727,198.88075421602423,169.08083602075143
PART-PIER-2,357,Pier/C3D8R,-6.33333,-20.0,-30.0,-0.00020324046,0.0016879748,-0.0016574013,-0.000609623,-0.000920261,-0.00383499,0.0034219779811661822,144.12264116480586,68.07527927263722
PART-PIER-2,517,Pier/C3D8R,6.33333,-20.0,-30.0,0.00020324046,0.0016879748,-0.0016574013,0.000609623,-0.000920261,-0.00383499,0.0034219779811661822,144.12264116480586,68.07527927263722
PART-PIER-1,279,Pier/C3D8R,-6.33333,20.0,-30.0,-0.00020324046,-0.0016879748,-0.0016574013,-0.000609623,0.000920261,-0.00383499,0.0034219779811661822,144.12264116480586,68.07527927263722
PART-PIER-1,595,Pier/C3D8R,6.33333,20.0,-30.0,0.00020324046,-0.0016879748,-0.0016574013,0.000609623,0.000920261,-0.00383499,0.0034219779811661822,144.12264116480586,68.07527927263722
PART-PIER-2,277,Pier/C3D8R,-6.41667,-10.0,-35.0,-0.00032784283,0.0013583401,-0.0031015393,-0.000683989,0.000191441,-0.00629721,0.0034206439199111283,100.55449779973031,86.28888394815179
PART-PIER-2,593,Pier/C3D8R,6.41667,-10.0,-35.0,0.00032784283,0.0013583401,-0.0031015393,0.000683989,0.000191441,-0.00629721,0.0034206439199111283,100.55449779973031,86.28888394815179
PART-PIER-1,355,Pier/C3D8R,-6.41667,10.0,-35.0,-0.00032784283,-0.0013583401,-0.0031015393,-0.000683989,-0.000191441,-0.00629721,0.0034206439199111283,100.55449779973031,86.28888394815179
PART-PIER-1,515,Pier/C3D8R,6.41667,10.0,-35.0,0.00032784283,-0.0013583401,-0.0031015393,0.000683989,-0.000191441,-0.00629721,0.0034206439199111283,100.55449779973031,86.28888394815179
PART-PIER-2,710,Pier/C3D8R,-6.41667,-15.0,-35.0,-0.00026863485,0.001067029,-0.0019485232,-0.00078674,-0.000270593,-0.00500068,0.0033724363141691446,150.70757766595148,126.54228820592857
PART-PIER-2,788,Pier/C3D8R,6.41667,-15.0,-35.0,0.00026863485,0.001067029,-0.0019485232,0.00078674,-0.000270593,-0.00500068,0.0033724363141691446,150.70757766595148,126.54228820592857
PART-PIER-1,710,Pier/C3D8R,-6.41667,15.0,-35.0,-0.00026863485,-0.001067029,-0.0019485232,-0.00078674,0.000270593,-0.00500068,0.0033724363141691446,150.70757766595148,126.54228820592857
PART-PIER-1,788,Pier/C3D8R,6.41667,15.0,-35.0,0.00026863485,-0.001067029,-0.0019485232,0.00078674,0.000270593,-0.00500068,0.0033724363141691446,150.70757766595148,126.54228820592857
PART-FLOOR-1,272,Floor/S4R,130.0,-5.0,0.0,-0.00827525,3.8672883e-05,-0.45530856,-0.00675825,-0.000109961,-0.458261,0.0033226921290988817,0.7296466065380006,0.6427738146021631
PART-FLOOR-1,274,Floor/S4R,130.0,5.0,0.0,-0.00827525,-3.8672883e-05,-0.45530856,-0.00675825,0.000109961,-0.458261,0.0033226921290988817,0.7296466065380006,0.6427738146021631
PART-FLOOR-1,413,Floor/S4R,-130.0,-5.0,0.0,0.00827525,3.8672883e-05,-0.45530856,0.00675825,-0.000109961,-0.458261,0.0033226921290988817,0.7296466065380006,0.6427738146021631
PART-FLOOR-1,415,Floor/S4R,-130.0,5.0,0.0,0.00827525,-3.8672883e-05,-0.45530856,0.00675825,0.000109961,-0.458261,0.0033226921290988817,0.7296466065380006,0.6427738146021631
PART-FLOOR-1,33,Floor/S4R,160.0,10.0,0.0,-0.011140481,0.00049848255,-0.283016,-0.00873871,0.000181192,-0.28084,0.0032564018839142616,1.149714824675998,0.797792935120781
PART-FLOOR-1,39,Floor/S4R,160.0,-10.0,0.0,-0.011140481,-0.00049848255,-0.283016,-0.00873871,-0.000181192,-0.28084,0.0032564018839142616,1.149714824675998,0.797792935120781
PART-FLOOR-1,174,Floor/S4R,-160.0,10.0,0.0,0.011140481,0.00049848255,-0.283016,0.00873871,0.000181192,-0.28084,0.0032564018839142616,1.149714824675998,0.797792935120781
PART-FLOOR-1,192,Floor/S4R,-160.0,-10.0,0.0,0.011140481,-0.00049848255,-0.283016,0.00873871,-0.000181192,-0.28084,0.0032564018839142616,1.149714824675998,0.797792935120781
PART-FLOOR-1,248,Floor/S4R,175.0,-5.0,0.0,-0.012418583,-0.0005585944,-0.3475478,-0.0095035,-8.04518e-05,-0.348839,0.003223899297872647,0.9270204013666341,0.34459262391094236
PART-FLOOR-1,250,Floor/S4R,175.0,5.0,0.0,-0.012418583,0.0005585944,-0.3475478,-0.0095035,8.04518e-05,-0.348839,0.003223899297872647,0.9270204013666341,0.34459262391094236
PART-FLOOR-1,437,Floor/S4R,-175.0,-5.0,0.0,0.012418583,-0.0005585944,-0.3475478,0.0095035,-8.04518e-05,-0.348839,0.003223899297872647,0.9270204013666341,0.34459262391094236
PART-FLOOR-1,439,Floor/S4R,-175.0,5.0,0.0,0.012418583,0.0005585944,-0.3475478,0.0095035,8.04518e-05,-0.348839,0.003223899297872647,0.9270204013666341,0.34459262391094236
PART-PIER-2,143,Pier/C3D8R,0.0,-20.0,-40.0,-4.7384648e-17,0.00032887072,-0.00072146446,-1.48039e-15,-0.00102365,-0.00356867,0.003152124947560932,397.5512476304698,368.23702075763475
PART-PIER-1,101,Pier/C3D8R,0.0,20.0,-40.0,-6.0656e-17,-0.00032887072,-0.00072146446,-5.12291e-16,0.00102365,-0.00356867,0.003152124947560932,397.5512476304698,368.23702075763475
PART-SUPPORTBEAM-2,53,SupportBeam/B31,-173.33333,10.0,-16.0,-0.0056439163,0.0012304372,-0.1935615,-0.00311787,0.000133224,-0.192123,0.0031070997676286415,1.6045117851042987,0.774257336368525
PART-SUPPORTBEAM-2,296,SupportBeam/B31,173.33333,10.0,-16.0,0.0056439163,0.0012304372,-0.1935615,0.00311787,0.000133224,-0.192123,0.0031070997676286415,1.6045117851042987,0.774257336368525
PART-SUPPORTBEAM-1,53,SupportBeam/B31,-173.33333,-10.0,-16.0,-0.0056439163,-0.0012304372,-0.1935615,-0.00311787,-0.000133224,-0.192123,0.0031070997676286415,1.6045117851042987,0.774257336368525
PART-SUPPORTBEAM-1,296,SupportBeam/B31,173.33333,-10.0,-16.0,0.0056439163,-0.0012304372,-0.1935615,0.00311787,-0.000133224,-0.192123,0.0031070997676286415,1.6045117851042987,0.774257336368525
PART-SUPPORTBEAM-2,30,SupportBeam/B31,-238.46153,10.0,-30.0,-0.004829629,0.0017116347,-0.058884636,-0.00300634,0.00110682,-0.0613032,0.003088630023319905,5.225476006518935,3.856892527304768
PART-SUPPORTBEAM-2,320,SupportBeam/B31,238.46153,10.0,-30.0,0.004829629,0.0017116347,-0.058884636,0.00300634,0.00110682,-0.0613032,0.003088630023319905,5.225476006518935,3.856892527304768
PART-SUPPORTBEAM-1,30,SupportBeam/B31,-238.46153,-10.0,-30.0,-0.004829629,-0.0017116347,-0.058884636,-0.00300634,-0.00110682,-0.0613032,0.003088630023319905,5.225476006518935,3.856892527304768
PART-SUPPORTBEAM-1,320,SupportBeam/B31,238.46153,-10.0,-30.0,0.004829629,-0.0017116347,-0.058884636,0.00300634,-0.00110682,-0.0613032,0.003088630023319905,5.225476006518935,3.856892527304768
PART-PIER-2,713,Pier/C3D8R,-12.66667,-15.0,-30.0,-0.00054936507,0.0018038484,-0.0030608939,-0.00134364,-0.000378262,-0.00508587,0.0030810723243354533,85.70199729157305,46.698228132425754
PART-PIER-2,791,Pier/C3D8R,12.66667,-15.0,-30.0,0.00054936507,0.0018038484,-0.0030608939,0.00134364,-0.000378262,-0.00508587,0.0030810723243354533,85.70199729157305,46.698228132425754
PART-PIER-1,713,Pier/C3D8R,-12.66667,15.0,-30.0,-0.00054936507,-0.0018038484,-0.0030608939,-0.00134364,0.000378262,-0.00508587,0.0030810723243354533,85.70199729157305,46.698228132425754
PART-PIER-1,791,Pier/C3D8R,12.66667,15.0,-30.0,0.00054936507,-0.0018038484,-0.0030608939,0.00134364,0.000378262,-0.00508587,0.0030810723243354533,85.70199729157305,46.698228132425754
PART-PIER-2,27,Pier/C3D8R,-19.25,-10.0,-35.0,-0.0010173994,0.0010243377,-0.003040803,-0.00215777,-1.65719e-05,-0.0056786,0.0030564539770664826,90.80015176734474,80.46710172630387
PART-PIER-2,266,Pier/C3D8R,19.25,-10.0,-35.0,0.0010173994,0.0010243377,-0.003040803,0.00215777,-1.65719e-05,-0.0056786,0.0030564539770664826,90.80015176734474,80.46710172630387
PART-PIER-1,139,Pier/C3D8R,-19.25,10.0,-35.0,-0.0010173994,-0.0010243377,-0.003040803,-0.00215777,1.65719e-05,-0.0056786,0.0030564539770664826,90.80015176734474,80.46710172630387
PART-PIER-1,193,Pier/C3D8R,19.25,10.0,-35.0,0.0010173994,-0.0010243377,-0.003040803,0.00215777,1.65719e-05,-0.0056786,0.0030564539770664826,90.80015176734474,80.46710172630387
PART-PIER-2,140,Pier/C3D8R,-19.5,-20.0,-40.0,-0.0005129592,0.00014644144,-0.00078307535,-0.00168809,-0.000666467,-0.00345526,0.003030234864268362,319.80961113090086,311.9105550246106
PART-PIER-2,192,Pier/C3D8R,19.5,-20.0,-40.0,0.0005129592,0.00014644144,-0.00078307535,0.00168809,-0.000666467,-0.00345526,0.003030234864268362,319.80961113090086,311.9105550246106
PART-PIER-1,26,Pier/C3D8R,-19.5,20.0,-40.0,-0.0005129592,-0.00014644144,-0.00078307535,-0.00168809,0.000666467,-0.00345526,0.003030234864268362,319.80961113090086,311.9105550246106
PART-PIER-1,267,Pier/C3D8R,19.5,20.0,-40.0,0.0005129592,-0.00014644144,-0.00078307535,0.00168809,0.000666467,-0.00345526,0.003030234864268362,319.80961113090086,311.9105550246106
PART-SUPPORTBEAM-2,57,SupportBeam/B31,-186.66667,10.0,-8.0,0.0073854662,0.0004552277,-0.16572285,0.00524509,-5.00545e-05,-0.167747,0.0029889301767795267,1.8017764353145491,1.1700840461545747
PART-SUPPORTBEAM-2,300,SupportBeam/B31,186.66667,10.0,-8.0,-0.0073854662,0.0004552277,-0.16572285,-0.00524509,-5.00545e-05,-0.167747,0.0029889301767795267,1.8017764353145491,1.1700840461545747
PART-SUPPORTBEAM-1,57,SupportBeam/B31,-186.66667,-10.0,-8.0,0.0073854662,-0.0004552277,-0.16572285,0.00524509,5.00545e-05,-0.167747,0.0029889301767795267,1.8017764353145491,1.1700840461545747
PART-SUPPORTBEAM-1,300,SupportBeam/B31,186.66667,-10.0,-8.0,-0.0073854662,-0.0004552277,-0.16572285,-0.00524509,5.00545e-05,-0.167747,0.0029889301767795267,1.8017764353145491,1.1700840461545747
PART-FLOOR-1,282,Floor/S4R,115.0,0.0,0.0,-0.007770455,6.796739e-15,-0.41639856,-0.00565375,-1.14183e-13,-0.414341,0.002951947359053821,0.7088001229266591,0.5021921459372758
PART-FLOOR-1,405,Floor/S4R,-115.0,0.0,0.0,0.007770455,4.276868e-15,-0.41639856,0.00565375,-2.16995e-13,-0.414341,0.002951947359053821,0.7088001229266591,0.5021921459372758
PART-FLOOR-1,258,Floor/S4R,160.0,0.0,0.0,-0.011127579,5.0760787e-15,-0.30167073,-0.0087246,-4.33999e-14,-0.300067,0.002888989094361742,0.9570122026086314,0.5572090265815609
PART-FLOOR-1,429,Floor/S4R,-160.0,0.0,0.0,0.011127579,2.6886685e-15,-0.30167073,0.0087246,-1.30307e-13,-0.300067,0.002888989094361742,0.9570122026086314,0.5572090265815609
PART-PIER-2,709,Pier/C3D8R,-13.0,-15.0,-40.0,-0.00047723964,0.0004364778,-0.0017046762,-0.00126495,-0.000217226,-0.00437924,0.0028637576345871543,157.06999983159147,150.2936241110927
PART-PIER-2,787,Pier/C3D8R,13.0,-15.0,-40.0,0.00047723964,0.0004364778,-0.0017046762,0.00126495,-0.000217226,-0.00437924,0.0028637576345871543,157.06999983159147,150.2936241110927
PART-PIER-1,709,Pier/C3D8R,-13.0,15.0,-40.0,-0.00047723964,-0.0004364778,-0.0017046762,-0.00126495,0.000217226,-0.00437924,0.0028637576345871543,157.06999983159147,150.2936241110927
PART-PIER-1,787,Pier/C3D8R,13.0,15.0,-40.0,0.00047723964,-0.0004364778,-0.0017046762,0.00126495,0.000217226,-0.00437924,0.0028637576345871543,157.06999983159147,150.2936241110927
PART-FLOOR-1,31,Floor/S4R,170.0,10.0,0.0,-0.011836611,0.0009123671,-0.35220483,-0.00924035,0.000158283,-0.352958,0.002806506557785634,0.7963870355537689,0.1912905787420418
PART-FLOOR-1,41,Floor/S4R,170.0,-10.0,0.0,-0.011836611,-0.0009123671,-0.35220483,-0.00924035,-0.000158283,-0.352958,0.002806506557785634,0.7963870355537689,0.1912905787420418
PART-FLOOR-1,176,Floor/S4R,-170.0,10.0,0.0,0.011836611,0.0009123671,-0.35220483,0.00924035,0.000158283,-0.352958,0.002806506557785634,0.7963870355537689,0.1912905787420418
PART-FLOOR-1,190,Floor/S4R,-170.0,-10.0,0.0,0.011836611,-0.0009123671,-0.35220483,0.00924035,-0.000158283,-0.352958,0.002806506557785634,0.7963870355537689,0.1912905787420418
PART-FLOOR-1,53,Floor/S4R,115.0,10.0,0.0,-0.00774918,0.000104206214,-0.4128974,-0.0056615,0.000209081,-0.411047,0.0027916637804611525,0.6759965469886791,0.4562276862405297
PART-FLOOR-1,61,Floor/S4R,115.0,-10.0,0.0,-0.00774918,-0.000104206214,-0.4128974,-0.0056615,-0.000209081,-0.411047,0.0027916637804611525,0.6759965469886791,0.4562276862405297
PART-FLOOR-1,154,Floor/S4R,-115.0,10.0,0.0,0.00774918,0.000104206214,-0.4128974,0.0056615,0.000209081,-0.411047,0.0027916637804611525,0.6759965469886791,0.4562276862405297
PART-FLOOR-1,170,Floor/S4R,-115.0,-10.0,0.0,0.00774918,-0.000104206214,-0.4128974,0.0056615,-0.000209081,-0.411047,0.0027916637804611525,0.6759965469886791,0.4562276862405297
PART-SUPPORTBEAM-2,44,SupportBeam/B31,-240.0,10.0,-24.0,0.01696895,0.0012083725,-0.05643587,0.0172713,0.000948909,-0.0591551,0.0027482628373633163,4.662486141290364,4.56027843185395
PART-SUPPORTBEAM-2,341,SupportBeam/B31,240.0,10.0,-24.0,-0.01696895,0.0012083725,-0.05643587,-0.0172713,0.000948909,-0.0591551,0.0027482628373633163,4.662486141290364,4.56027843185395
PART-SUPPORTBEAM-1,44,SupportBeam/B31,-240.0,-10.0,-24.0,0.01696895,-0.0012083725,-0.05643587,0.0172713,-0.000948909,-0.0591551,0.0027482628373633163,4.662486141290364,4.56027843185395
PART-SUPPORTBEAM-1,341,SupportBeam/B31,240.0,-10.0,-24.0,-0.01696895,-0.0012083725,-0.05643587,-0.0172713,-0.000948909,-0.0591551,0.0027482628373633163,4.662486141290364,4.56027843185395
PART-PIER-2,278,Pier/C3D8R,-12.83333,-10.0,-35.0,-0.000627804,0.0012398297,-0.0029530493,-0.00133079,0.000377249,-0.00543174,0.002717009820827849,83.24906914302976,71.73995758042484
PART-PIER-2,594,Pier/C3D8R,12.83333,-10.0,-35.0,0.000627804,0.0012398297,-0.0029530493,0.00133079,0.000377249,-0.00543174,0.002717009820827849,83.24906914302976,71.73995758042484
PART-PIER-1,356,Pier/C3D8R,-12.83333,10.0,-35.0,-0.000627804,-0.0012398297,-0.0029530493,-0.00133079,-0.000377249,-0.00543174,0.002717009820827849,83.24906914302976,71.73995758042484
PART-PIER-1,516,Pier/C3D8R,12.83333,10.0,-35.0,0.000627804,-0.0012398297,-0.0029530493,0.00133079,-0.000377249,-0.00543174,0.002717009820827849,83.24906914302976,71.73995758042484
PART-PIER-2,711,Pier/C3D8R,-12.83333,-15.0,-35.0,-0.0005054261,0.0009666691,-0.0018413502,-0.0011715,-0.000186938,-0.00418547,0.0026961753314989853,125.97746367715314,103.26780985758673
PART-PIER-2,789,Pier/C3D8R,12.83333,-15.0,-35.0,0.0005054261,0.0009666691,-0.0018413502,0.0011715,-0.000186938,-0.00418547,0.0026961753314989853,125.97746367715314,103.26780985758673
PART-PIER-1,711,Pier/C3D8R,-12.83333,15.0,-35.0,-0.0005054261,-0.0009666691,-0.0018413502,-0.0011715,0.000186938,-0.00418547,0.0026961753314989853,125.97746367715314,103.26780985758673
PART-PIER-1,789,Pier/C3D8R,12.83333,15.0,-35.0,0.0005054261,-0.0009666691,-0.0018413502,0.0011715,0.000186938,-0.00418547,0.0026961753314989853,125.97746367715314,103.26780985758673
PART-FLOOR-1,51,Floor/S4R,125.0,10.0,0.0,-0.008138044,-2.2662793e-05,-0.47747365,-0.0063903,0.000221439,-0.479313,0.0025490004310281464,0.5337740146829469,0.37957836135501977
PART-FLOOR-1,63,Floor/S4R,125.0,-10.0,0.0,-0.008138044,2.2662793e-05,-0.47747365,-0.0063903,-0.000221439,-0.479313,0.0025490004310281464,0.5337740146829469,0.37957836135501977
PART-FLOOR-1,156,Floor/S4R,-125.0,10.0,0.0,0.008138044,-2.2662793e-05,-0.47747365,0.0063903,0.000221439,-0.479313,0.0025490004310281464,0.5337740146829469,0.37957836135501977
PART-FLOOR-1,168,Floor/S4R,-125.0,-10.0,0.0,0.008138044,2.2662793e-05,-0.47747365,0.0063903,-0.000221439,-0.479313,0.0025490004310281464,0.5337740146829469,0.37957836135501977
PART-PIER-2,353,Pier/C3D8R,-6.5,-20.0,-40.0,-0.00015455141,0.00030690513,-0.00061825785,-0.00056943,-0.000679747,-0.00292126,0.0025395719271126284,359.03495317938206,331.6042558267807
PART-PIER-2,513,Pier/C3D8R,6.5,-20.0,-40.0,0.00015455141,0.00030690513,-0.00061825785,0.00056943,-0.000679747,-0.00292126,0.0025395719271126284,359.03495317938206,331.6042558267807
PART-PIER-1,275,Pier/C3D8R,-6.5,20.0,-40.0,-0.00015455141,-0.00030690513,-0.00061825785,-0.00056943,0.000679747,-0.00292126,0.0025395719271126284,359.03495317938206,331.6042558267807
PART-PIER-1,591,Pier/C3D8R,6.5,20.0,-40.0,0.00015455141,-0.00030690513,-0.00061825785,0.00056943,0.000679747,-0.00292126,0.0025395719271126284,359.03495317938206,331.6042558267807
PART-FLOOR-1,252,Floor/S4R,170.0,0.0,0.0,-0.01177035,4.516595e-15,-0.3492412,-0.00925207,-3.2491e-14,-0.349515,0.0025331207232187005,0.7249096906198601,0.05664656456803279
PART-FLOOR-1,435,Floor/S4R,-170.0,0.0,0.0,0.01177035,2.2828262e-15,-0.3492412,0.00925207,-1.10391e-13,-0.349515,0.0025331207232187005,0.7249096906198601,0.05664656456803279
PART-FLOOR-1,254,Floor/S4R,165.0,-5.0,0.0,-0.011366127,-0.00035063442,-0.3292263,-0.00899265,-8.46552e-05,-0.328481,0.002501921282734694,0.759486769764564,0.24847943853849472
PART-FLOOR-1,256,Floor/S4R,165.0,5.0,0.0,-0.011366127,0.00035063442,-0.3292263,-0.00899265,8.46552e-05,-0.328481,0.002501921282734694,0.759486769764564,0.24847943853849472
PART-FLOOR-1,431,Floor/S4R,-165.0,-5.0,0.0,0.011366127,-0.00035063442,-0.3292263,0.00899265,-8.46552e-05,-0.328481,0.002501921282734694,0.759486769764564,0.24847943853849472
PART-FLOOR-1,433,Floor/S4R,-165.0,5.0,0.0,0.011366127,0.00035063442,-0.3292263,0.00899265,8.46552e-05,-0.328481,0.002501921282734694,0.759486769764564,0.24847943853849472
PART-PIER-2,354,Pier/C3D8R,-13.0,-20.0,-40.0,-0.00040132419,0.00026280285,-0.0007922873,-0.00116128,-0.00052033,-0.00287078,0.0023475437797526094,253.45982687690926,239.03859401638198
PART-PIER-2,514,Pier/C3D8R,13.0,-20.0,-40.0,0.00040132419,0.00026280285,-0.0007922873,0.00116128,-0.00052033,-0.00287078,0.0023475437797526094,253.45982687690926,239.03859401638198
PART-PIER-1,276,Pier/C3D8R,-13.0,20.0,-40.0,-0.00040132419,-0.00026280285,-0.0007922873,-0.00116128,0.00052033,-0.00287078,0.0023475437797526094,253.45982687690926,239.03859401638198
PART-PIER-1,592,Pier/C3D8R,13.0,20.0,-40.0,0.00040132419,-0.00026280285,-0.0007922873,0.00116128,0.00052033,-0.00287078,0.0023475437797526094,253.45982687690926,239.03859401638198
PART-PIER-2,708,Pier/C3D8R,-6.5,-15.0,-40.0,-0.00019004439,0.000507505,-0.0015543931,-0.000383021,-0.00017111,-0.00377597,0.0023309144585002906,141.5977739987843,130.7928951732771
PART-PIER-2,786,Pier/C3D8R,6.5,-15.0,-40.0,0.00019004439,0.000507505,-0.0015543931,0.000383021,-0.00017111,-0.00377597,0.0023309144585002906,141.5977739987843,130.7928951732771
PART-PIER-1,708,Pier/C3D8R,-6.5,15.0,-40.0,-0.00019004439,-0.000507505,-0.0015543931,-0.000383021,0.00017111,-0.00377597,0.0023309144585002906,141.5977739987843,130.7928951732771
PART-PIER-1,786,Pier/C3D8R,6.5,15.0,-40.0,0.00019004439,-0.000507505,-0.0015543931,0.000383021,0.00017111,-0.00377597,0.0023309144585002906,141.5977739987843,130.7928951732771
PART-PIER-2,469,Pier/C3D8R,-19.5,-15.0,-40.0,-0.00066562137,0.0002728379,-0.0016336119,-0.00167636,-0.000169373,-0.00368066,0.002325413722752727,130.2761951250934,126.77908975508088
PART-PIER-2,668,Pier/C3D8R,19.5,-15.0,-40.0,0.00066562137,0.0002728379,-0.0016336119,0.00167636,-0.000169373,-0.00368066,0.002325413722752727,130.2761951250934,126.77908975508088
PART-PIER-1,469,Pier/C3D8R,-19.5,15.0,-40.0,-0.00066562137,-0.0002728379,-0.0016336119,-0.00167636,0.000169373,-0.00368066,0.002325413722752727,130.2761951250934,126.77908975508088
PART-PIER-1,668,Pier/C3D8R,19.5,15.0,-40.0,0.00066562137,-0.0002728379,-0.0016336119,0.00167636,0.000169373,-0.00368066,0.002325413722752727,130.2761951250934,126.77908975508088
PART-PIER-2,432,Pier/C3D8R,0.0,-15.0,-30.0,2.387029e-17,0.0019768523,-0.003077783,2.38486e-16,-0.000176421,-0.00361349,0.002218911421022004,60.65975596717599,1.0981209805863685
PART-PIER-1,432,Pier/C3D8R,0.0,15.0,-30.0,-4.2207834e-16,-0.0019768523,-0.003077783,-1.27299e-14,0.000176421,-0.00361349,0.002218911421022004,60.65975596717599,1.0981209805863685
PART-FLOOR-1,276,Floor/S4R,125.0,0.0,0.0,-0.008157784,6.4586758e-15,-0.46901724,-0.00638958,-9.53385e-14,-0.47031,0.0021903821135171846,0.46694463977246636,0.2697193959287544
PART-FLOOR-1,411,Floor/S4R,-125.0,0.0,0.0,0.008157784,4.0004e-15,-0.46901724,0.00638958,-1.9858e-13,-0.47031,0.0021903821135171846,0.46694463977246636,0.2697193959287544
PART-SUPPORTBEAM-2,31,SupportBeam/B31,-242.30769,10.0,-30.0,-0.00455159,0.0016728193,-0.041137397,-0.00306339,0.00116222,-0.0426024,0.0021498103812126056,5.189992519123757,3.152851119349598
PART-SUPPORTBEAM-2,321,SupportBeam/B31,242.30769,10.0,-30.0,0.00455159,0.0016728193,-0.041137397,0.00306339,0.00116222,-0.0426024,0.0021498103812126056,5.189992519123757,3.152851119349598
PART-SUPPORTBEAM-1,31,SupportBeam/B31,-242.30769,-10.0,-30.0,-0.00455159,-0.0016728193,-0.041137397,-0.00306339,-0.00116222,-0.0426024,0.0021498103812126056,5.189992519123757,3.152851119349598
PART-SUPPORTBEAM-1,321,SupportBeam/B31,242.30769,-10.0,-30.0,0.00455159,-0.0016728193,-0.041137397,0.00306339,-0.00116222,-0.0426024,0.0021498103812126056,5.189992519123757,3.152851119349598
PART-PIER-2,101,Pier/C3D8R,0.0,-10.0,-40.0,7.199443e-17,0.00072079676,-0.0017196669,2.62728e-16,0.000467938,-0.00380441,0.002100021748817461,112.6247395375467,105.56912048193506
PART-PIER-1,143,Pier/C3D8R,0.0,10.0,-40.0,-1.4172815e-16,-0.00072079676,-0.0017196669,3.08067e-15,-0.000467938,-0.00380441,0.002100021748817461,112.6247395375467,105.56912048193506
PART-PIER-2,430,Pier/C3D8R,0.0,-15.0,-40.0,9.493525e-18,0.00052676507,-0.0016799361,-1.56891e-16,-0.000127046,-0.00362871,0.0020555263628997205,116.75232815398272,106.23424197408549
PART-PIER-1,430,Pier/C3D8R,0.0,15.0,-40.0,-1.1082891e-16,-0.00052676507,-0.0016799361,-1.95014e-15,0.000127046,-0.00362871,0.0020555263628997205,116.75232815398272,106.23424197408549
PART-FLOOR-1,278,Floor/S4R,120.0,-5.0,0.0,-0.007980545,-1.75161e-05,-0.45573455,-0.00602138,-0.000109584,-0.455425,0.001985604491819911,0.43562642305482907,0.07450631047292784
PART-FLOOR-1,280,Floor/S4R,120.0,5.0,0.0,-0.007980545,1.75161e-05,-0.45573455,-0.00602138,0.000109584,-0.455425,0.001985604491819911,0.43562642305482907,0.07450631047292784
PART-FLOOR-1,407,Floor/S4R,-120.0,-5.0,0.0,0.007980545,-1.75161e-05,-0.45573455,0.00602138,-0.000109584,-0.455425,0.001985604491819911,0.43562642305482907,0.07450631047292784
PART-FLOOR-1,409,Floor/S4R,-120.0,5.0,0.0,0.007980545,1.75161e-05,-0.45573455,0.00602138,0.000109584,-0.455425,0.001985604491819911,0.43562642305482907,0.07450631047292784
PART-PIER-2,141,Pier/C3D8R,-19.75,-20.0,-45.0,-0.00045940414,-0.00031364217,-0.0007947161,-0.00148446,-0.000854721,-0.00235882,0.0019467734399230227,200.6879211903508,200.5171962074849
PART-PIER-2,191,Pier/C3D8R,19.75,-20.0,-45.0,0.00045940414,-0.00031364217,-0.0007947161,0.00148446,-0.000854721,-0.00235882,0.0019467734399230227,200.6879211903508,200.5171962074849
PART-PIER-1,25,Pier/C3D8R,-19.75,20.0,-45.0,-0.00045940414,0.00031364217,-0.0007947161,-0.00148446,0.000854721,-0.00235882,0.0019467734399230227,200.6879211903508,200.5171962074849
PART-PIER-1,268,Pier/C3D8R,19.75,20.0,-45.0,0.00045940414,0.00031364217,-0.0007947161,0.00148446,0.000854721,-0.00235882,0.0019467734399230227,200.6879211903508,200.5171962074849
PART-PIER-2,28,Pier/C3D8R,-19.0,-10.0,-30.0,-0.0010208886,0.0018088622,-0.0034237353,-0.00210202,0.000209564,-0.00356385,0.001935518526324481,48.333378174659344,3.455095111657213
PART-PIER-2,265,Pier/C3D8R,19.0,-10.0,-30.0,0.0010208886,0.0018088622,-0.0034237353,0.00210202,0.000209564,-0.00356385,0.001935518526324481,48.333378174659344,3.455095111657213
PART-PIER-1,138,Pier/C3D8R,-19.0,10.0,-30.0,-0.0010208886,-0.0018088622,-0.0034237353,-0.00210202,-0.000209564,-0.00356385,0.001935518526324481,48.333378174659344,3.455095111657213
PART-PIER-1,194,Pier/C3D8R,19.0,10.0,-30.0,0.0010208886,-0.0018088622,-0.0034237353,0.00210202,-0.000209564,-0.00356385,0.001935518526324481,48.333378174659344,3.455095111657213
PART-SUPPORTBEAM-2,45,SupportBeam/B31,-243.33333,10.0,-26.0,0.010553368,0.0013374506,-0.039350197,0.011057,0.00105702,-0.0410929,0.001835565378582129,4.503047930533352,4.427750997465672
PART-SUPPORTBEAM-2,342,SupportBeam/B31,243.33333,10.0,-26.0,-0.010553368,0.0013374506,-0.039350197,-0.011057,0.00105702,-0.0410929,0.001835565378582129,4.503047930533352,4.427750997465672
PART-SUPPORTBEAM-1,45,SupportBeam/B31,-243.33333,-10.0,-26.0,0.010553368,-0.0013374506,-0.039350197,0.011057,-0.00105702,-0.0410929,0.001835565378582129,4.503047930533352,4.427750997465672
PART-SUPPORTBEAM-1,342,SupportBeam/B31,243.33333,-10.0,-26.0,-0.010553368,-0.0013374506,-0.039350197,-0.011057,-0.00105702,-0.0410929,0.001835565378582129,4.503047930533352,4.427750997465672
PART-SUPPORTBEAM-2,54,SupportBeam/B31,-176.66667,10.0,-14.0,-0.0031451732,0.0010392817,-0.18787493,-0.00174725,8.87818e-05,-0.187238,0.0018064659304559995,0.9613763912234976,0.3501547937501854
PART-SUPPORTBEAM-2,297,SupportBeam/B31,176.66667,10.0,-14.0,0.0031451732,0.0010392817,-0.18787493,0.00174725,8.87818e-05,-0.187238,0.0018064659304559995,0.9613763912234976,0.3501547937501854
PART-SUPPORTBEAM-1,54,SupportBeam/B31,-176.66667,-10.0,-14.0,-0.0031451732,-0.0010392817,-0.18787493,-0.00174725,-8.87818e-05,-0.187238,0.0018064659304559995,0.9613763912234976,0.3501547937501854
PART-SUPPORTBEAM-1,297,SupportBeam/B31,176.66667,-10.0,-14.0,0.0031451732,-0.0010392817,-0.18787493,0.00174725,-8.87818e-05,-0.187238,0.0018064659304559995,0.9613763912234976,0.3501547937501854
PART-PIER-2,351,Pier/C3D8R,-6.58333,-20.0,-45.0,-0.00010190747,-0.0002186158,-0.0006123896,-0.000256242,-0.00106791,-0.00212334,0.001740141056513558,264.3873791441289,263.204846296935
PART-PIER-2,511,Pier/C3D8R,6.58333,-20.0,-45.0,0.00010190747,-0.0002186158,-0.0006123896,0.000256242,-0.00106791,-0.00212334,0.001740141056513558,264.3873791441289,263.204846296935
PART-PIER-1,273,Pier/C3D8R,-6.58333,20.0,-45.0,-0.00010190747,0.0002186158,-0.0006123896,-0.000256242,0.00106791,-0.00212334,0.001740141056513558,264.3873791441289,263.204846296935
PART-PIER-1,589,Pier/C3D8R,6.58333,20.0,-45.0,0.00010190747,0.0002186158,-0.0006123896,0.000256242,0.00106791,-0.00212334,0.001740141056513558,264.3873791441289,263.204846296935
PART-PIER-2,352,Pier/C3D8R,-13.16667,-20.0,-45.0,-0.0001870392,-0.00024084796,-0.000547988,-0.000634051,-0.00111249,-0.00198173,0.001736431835056764,276.8889129739089,276.23125135339006
PART-PIER-2,512,Pier/C3D8R,13.16667,-20.0,-45.0,0.0001870392,-0.00024084796,-0.000547988,0.000634051,-0.00111249,-0.00198173,0.001736431835056764,276.8889129739089,276.23125135339006
PART-PIER-1,274,Pier/C3D8R,-13.16667,20.0,-45.0,-0.0001870392,0.00024084796,-0.000547988,-0.000634051,0.00111249,-0.00198173,0.001736431835056764,276.8889129739089,276.23125135339006
PART-PIER-1,590,Pier/C3D8R,13.16667,20.0,-45.0,0.0001870392,0.00024084796,-0.000547988,0.000634051,0.00111249,-0.00198173,0.001736431835056764,276.8889129739089,276.23125135339006
PART-PIER-2,100,Pier/C3D8R,0.0,-10.0,-35.0,1.2554595e-16,0.001402039,-0.0029662952,1.58814e-15,0.000288678,-0.00429141,0.001730751845152863,52.751576113197885,31.093464256889824
PART-PIER-1,144,Pier/C3D8R,0.0,10.0,-35.0,-2.8216806e-16,-0.001402039,-0.0029662952,-3.60025e-15,-0.000288678,-0.00429141,0.001730751845152863,52.751576113197885,31.093464256889824
PART-PIER-2,279,Pier/C3D8R,-6.33333,-10.0,-30.0,-0.00033466393,0.002193849,-0.003542151,-0.000668158,0.000569428,-0.00304735,0.0017305461304360438,41.401327596993795,24.130737895071835
PART-PIER-2,595,Pier/C3D8R,6.33333,-10.0,-30.0,0.00033466393,0.002193849,-0.003542151,0.000668158,0.000569428,-0.00304735,0.0017305461304360438,41.401327596993795,24.130737895071835
PART-PIER-1,357,Pier/C3D8R,-6.33333,10.0,-30.0,-0.00033466393,-0.002193849,-0.003542151,-0.000668158,-0.000569428,-0.00304735,0.0017305461304360438,41.401327596993795,24.130737895071835
PART-PIER-1,517,Pier/C3D8R,6.33333,10.0,-30.0,0.00033466393,-0.002193849,-0.003542151,0.000668158,-0.000569428,-0.00304735,0.0017305461304360438,41.401327596993795,24.130737895071835
PART-PIER-2,276,Pier/C3D8R,-13.0,-10.0,-40.0,-0.0005907005,0.00062190363,-0.0016867768,-0.00127152,0.000115856,-0.0031265,0.0016710482602328117,88.30645704361079,78.46567209190557
PART-PIER-2,592,Pier/C3D8R,13.0,-10.0,-40.0,0.0005907005,0.00062190363,-0.0016867768,0.00127152,0.000115856,-0.0031265,0.0016710482602328117,88.30645704361079,78.46567209190557
PART-PIER-1,354,Pier/C3D8R,-13.0,10.0,-40.0,-0.0005907005,-0.00062190363,-0.0016867768,-0.00127152,-0.000115856,-0.0031265,0.0016710482602328117,88.30645704361079,78.46567209190557
PART-PIER-1,514,Pier/C3D8R,13.0,10.0,-40.0,0.0005907005,-0.00062190363,-0.0016867768,0.00127152,-0.000115856,-0.0031265,0.0016710482602328117,88.30645704361079,78.46567209190557
PART-CABLE250-2,1,Cable/T3D2,-250.0,10.0,0.0,0.0006753377,-0.0004848805,-0.0020286278,0.000706678,-0.000538417,-0.000396022,0.0016337839726934466,74.52109292881303,55.633239873257935
PART-CABLE250-4,1,Cable/T3D2,250.0,10.0,0.0,-0.0006753377,-0.0004848805,-0.0020286278,-0.000706678,-0.000538417,-0.000396022,0.0016337839726934466,74.52109292881303,55.633239873257935
PART-RIVERBANK-2,3,RiverBank/C3D8R,250.0,-10.0,0.0,-0.0006753377,0.0004848805,-0.0020286278,-0.000706678,0.000538417,-0.000396022,0.0016337839726934466,74.52109292881303,55.633239873257935
PART-RIVERBANK-2,4,RiverBank/C3D8R,250.0,10.0,0.0,-0.0006753377,-0.0004848805,-0.0020286278,-0.000706678,-0.000538417,-0.000396022,0.0016337839726934466,74.52109292881303,55.633239873257935
PART-CABLE250-1,1,Cable/T3D2,-250.0,-10.0,0.0,0.0006753377,0.0004848805,-0.0020286278,0.000706678,0.000538417,-0.000396022,0.0016337839726934466,74.52109292881303,55.633239873257935
PART-CABLE250-3,1,Cable/T3D2,250.0,-10.0,0.0,-0.0006753377,0.0004848805,-0.0020286278,-0.000706678,0.000538417,-0.000396022,0.0016337839726934466,74.52109292881303,55.633239873257935
PART-FLOOR-1,19,Floor/S4R,-250.0,10.0,0.0,0.0006753377,-0.0004848805,-0.0020286278,0.000706678,-0.000538417,-0.000396022,0.0016337839726934466,74.52109292881303,55.633239873257935
PART-FLOOR-1,20,Floor/S4R,-250.0,-10.0,0.0,0.0006753377,0.0004848805,-0.0020286278,0.000706678,0.000538417,-0.000396022,0.0016337839726934466,74.52109292881303,55.633239873257935
PART-FLOOR-1,21,Floor/S4R,250.0,-10.0,0.0,-0.0006753377,0.0004848805,-0.0020286278,-0.000706678,0.000538417,-0.000396022,0.0016337839726934466,74.52109292881303,55.633239873257935
PART-FLOOR-1,22,Floor/S4R,250.0,10.0,0.0,-0.0006753377,-0.0004848805,-0.0020286278,-0.000706678,-0.000538417,-0.000396022,0.0016337839726934466,74.52109292881303,55.633239873257935
PART-RIVERBANK-1,6,RiverBank/C3D8R,-250.0,-10.0,0.0,0.0006753377,0.0004848805,-0.0020286278,0.000706678,0.000538417,-0.000396022,0.0016337839726934466,74.52109292881303,55.633239873257935
PART-RIVERBANK-1,7,RiverBank/C3D8R,-250.0,10.0,0.0,0.0006753377,-0.0004848805,-0.0020286278,0.000706678,-0.000538417,-0.000396022,0.0016337839726934466,74.52109292881303,55.633239873257935
PART-SUPPORTBEAM-2,56,SupportBeam/B31,-183.33333,10.0,-10.0,0.003510443,0.0006513361,-0.17372076,0.00257344,-3.55078e-06,-0.174818,0.0015845463278822529,0.9119300311707512,0.621265347322491
PART-SUPPORTBEAM-2,299,SupportBeam/B31,183.33333,10.0,-10.0,-0.003510443,0.0006513361,-0.17372076,-0.00257344,-3.55078e-06,-0.174818,0.0015845463278822529,0.9119300311707512,0.621265347322491
PART-SUPPORTBEAM-1,56,SupportBeam/B31,-183.33333,-10.0,-10.0,0.003510443,-0.0006513361,-0.17372076,0.00257344,3.55078e-06,-0.174818,0.0015845463278822529,0.9119300311707512,0.621265347322491
PART-SUPPORTBEAM-1,299,SupportBeam/B31,183.33333,-10.0,-10.0,-0.003510443,-0.0006513361,-0.17372076,-0.00257344,3.55078e-06,-0.174818,0.0015845463278822529,0.9119300311707512,0.621265347322491
PART-PIER-2,25,Pier/C3D8R,-19.75,-10.0,-45.0,-0.0007252486,0.00040474843,-0.001211226,-0.00161366,0.00061941,-0.00242512,0.0015195042114192461,103.4640310659372,102.77727832728509
PART-PIER-2,268,Pier/C3D8R,19.75,-10.0,-45.0,0.0007252486,0.00040474843,-0.001211226,0.00161366,0.00061941,-0.00242512,0.0015195042114192461,103.4640310659372,102.77727832728509
PART-PIER-1,141,Pier/C3D8R,-19.75,10.0,-45.0,-0.0007252486,-0.00040474843,-0.001211226,-0.00161366,-0.00061941,-0.00242512,0.0015195042114192461,103.4640310659372,102.77727832728509
PART-PIER-1,191,Pier/C3D8R,19.75,10.0,-45.0,0.0007252486,-0.00040474843,-0.001211226,0.00161366,-0.00061941,-0.00242512,0.0015195042114192461,103.4640310659372,102.77727832728509
PART-PIER-2,26,Pier/C3D8R,-19.5,-10.0,-40.0,-0.00085226196,0.00041211312,-0.0015944524,-0.00151112,0.000415031,-0.00289936,0.0014618092472802656,78.83305002742007,77.73500865448717
PART-PIER-2,267,Pier/C3D8R,19.5,-10.0,-40.0,0.00085226196,0.00041211312,-0.0015944524,0.00151112,0.000415031,-0.00289936,0.0014618092472802656,78.83305002742007,77.73500865448717
PART-PIER-1,140,Pier/C3D8R,-19.5,10.0,-40.0,-0.00085226196,-0.00041211312,-0.0015944524,-0.00151112,-0.000415031,-0.00289936,0.0014618092472802656,78.83305002742007,77.73500865448717
PART-PIER-1,192,Pier/C3D8R,19.5,10.0,-40.0,0.00085226196,-0.00041211312,-0.0015944524,0.00151112,-0.000415031,-0.00289936,0.0014618092472802656,78.83305002742007,77.73500865448717
PART-PIER-2,468,Pier/C3D8R,-19.75,-15.0,-45.0,-0.0005785523,-1.5444868e-05,-0.0007180131,-0.00141953,-6.09874e-05,-0.00189333,0.0014459209624124933,156.78566170093418,156.6792921922694
PART-PIER-2,667,Pier/C3D8R,19.75,-15.0,-45.0,0.0005785523,-1.5444868e-05,-0.0007180131,0.00141953,-6.09874e-05,-0.00189333,0.0014459209624124933,156.78566170093418,156.6792921922694
PART-PIER-1,468,Pier/C3D8R,-19.75,15.0,-45.0,-0.0005785523,1.5444868e-05,-0.0007180131,-0.00141953,6.09874e-05,-0.00189333,0.0014459209624124933,156.78566170093418,156.6792921922694
PART-PIER-1,667,Pier/C3D8R,19.75,15.0,-45.0,0.0005785523,1.5444868e-05,-0.0007180131,0.00141953,6.09874e-05,-0.00189333,0.0014459209624124933,156.78566170093418,156.6792921922694
PART-RIVERBANK-2,22,RiverBank/C3D8R,250.0,0.0,0.0,-0.00069515884,-4.7200845e-17,-0.0017301426,-0.000740457,-4.37168e-16,-0.00032624,0.0014046332025073826,75.33262776822988,56.60453187209748
PART-FLOOR-1,204,Floor/S4R,-250.0,0.0,0.0,0.00069515884,1.3577416e-17,-0.0017301426,0.000740457,-3.61924e-16,-0.00032624,0.0014046332025073826,75.33262776822988,56.60453187209748
PART-FLOOR-1,225,Floor/S4R,250.0,0.0,0.0,-0.00069515884,-4.7200845e-17,-0.0017301426,-0.000740457,-4.37168e-16,-0.00032624,0.0014046332025073826,75.33262776822988,56.60453187209748
PART-RIVERBANK-1,38,RiverBank/C3D8R,-250.0,0.0,0.0,0.00069515884,1.3577416e-17,-0.0017301426,0.000740457,-3.61924e-16,-0.00032624,0.0014046332025073826,75.33262776822988,56.60453187209748
PART-PIER-2,142,Pier/C3D8R,0.0,-20.0,-45.0,-2.8773574e-17,-0.00020619809,-0.00053472794,-4.52996e-16,-0.000825146,-0.00178219,0.0013925724779819582,242.9864758175742,242.683262193658
PART-PIER-1,102,Pier/C3D8R,0.0,20.0,-45.0,5.34351e-18,0.00020619809,-0.00053472794,-1.15537e-15,0.000825146,-0.00178219,0.0013925724779819582,242.9864758175742,242.683262193658
PART-SUPPORTBEAM-2,32,SupportBeam/B31,-246.15384,10.0,-30.0,-0.0042735515,0.0016340393,-0.022084057,-0.00312045,0.00121801,-0.0226137,0.0013353820259422921,5.921077431878107,1.3631254948191385
PART-SUPPORTBEAM-2,322,SupportBeam/B31,246.15384,10.0,-30.0,0.0042735515,0.0016340393,-0.022084057,0.00312045,0.00121801,-0.0226137,0.0013353820259422921,5.921077431878107,1.3631254948191385
PART-SUPPORTBEAM-1,32,SupportBeam/B31,-246.15384,-10.0,-30.0,-0.0042735515,-0.0016340393,-0.022084057,-0.00312045,-0.00121801,-0.0226137,0.0013353820259422921,5.921077431878107,1.3631254948191385
PART-SUPPORTBEAM-1,322,SupportBeam/B31,246.15384,-10.0,-30.0,0.0042735515,-0.0016340393,-0.022084057,0.00312045,-0.00121801,-0.0226137,0.0013353820259422921,5.921077431878107,1.3631254948191385
PART-PIER-2,273,Pier/C3D8R,-6.58333,-10.0,-45.0,-0.00014519421,0.00058892695,-0.0011178519,-0.000277428,0.000843341,-0.00216857,0.0010891376449846807,85.63659520645732,84.24590474153939
PART-PIER-2,589,Pier/C3D8R,6.58333,-10.0,-45.0,0.00014519421,0.00058892695,-0.0011178519,0.000277428,0.000843341,-0.00216857,0.0010891376449846807,85.63659520645732,84.24590474153939
PART-PIER-1,351,Pier/C3D8R,-6.58333,10.0,-45.0,-0.00014519421,-0.00058892695,-0.0011178519,-0.000277428,-0.000843341,-0.00216857,0.0010891376449846807,85.63659520645732,84.24590474153939
PART-PIER-1,511,Pier/C3D8R,6.58333,10.0,-45.0,0.00014519421,-0.00058892695,-0.0011178519,0.000277428,-0.000843341,-0.00216857,0.0010891376449846807,85.63659520645732,84.24590474153939
PART-SUPPORTBEAM-2,46,SupportBeam/B31,-246.66667,10.0,-28.0,0.0034647186,0.0014664454,-0.021136794,0.00413813,0.00116546,-0.0218505,0.0010263777955017916,4.780739037359997,3.72813383213084
PART-SUPPORTBEAM-2,343,SupportBeam/B31,246.66667,10.0,-28.0,-0.0034647186,0.0014664454,-0.021136794,-0.00413813,0.00116546,-0.0218505,0.0010263777955017916,4.780739037359997,3.72813383213084
PART-SUPPORTBEAM-1,46,SupportBeam/B31,-246.66667,-10.0,-28.0,0.0034647186,-0.0014664454,-0.021136794,0.00413813,-0.00116546,-0.0218505,0.0010263777955017916,4.780739037359997,3.72813383213084
PART-SUPPORTBEAM-1,343,SupportBeam/B31,246.66667,-10.0,-28.0,-0.0034647186,-0.0014664454,-0.021136794,-0.00413813,-0.00116546,-0.0218505,0.0010263777955017916,4.780739037359997,3.72813383213084
PART-RIVERBANK-2,21,RiverBank/C3D8R,250.0,-5.0,0.0,-0.0017316663,-0.00014069946,-0.0008287429,-0.000968924,-3.46248e-05,-0.00143698,0.0009813154536232555,50.97980413864032,9.945321731995223
PART-RIVERBANK-2,23,RiverBank/C3D8R,250.0,5.0,0.0,-0.0017316663,0.00014069946,-0.0008287429,-0.000968924,3.46248e-05,-0.00143698,0.0009813154536232555,50.97980413864032,9.945321731995223
PART-FLOOR-1,203,Floor/S4R,-250.0,5.0,0.0,0.0017316663,0.00014069946,-0.0008287429,0.000968924,3.46248e-05,-0.00143698,0.0009813154536232555,50.97980413864032,9.945321731995223
PART-FLOOR-1,205,Floor/S4R,-250.0,-5.0,0.0,0.0017316663,-0.00014069946,-0.0008287429,0.000968924,-3.46248e-05,-0.00143698,0.0009813154536232555,50.97980413864032,9.945321731995223
PART-FLOOR-1,224,Floor/S4R,250.0,-5.0,0.0,-0.0017316663,-0.00014069946,-0.0008287429,-0.000968924,-3.46248e-05,-0.00143698,0.0009813154536232555,50.97980413864032,9.945321731995223
PART-FLOOR-1,226,Floor/S4R,250.0,5.0,0.0,-0.0017316663,0.00014069946,-0.0008287429,-0.000968924,3.46248e-05,-0.00143698,0.0009813154536232555,50.97980413864032,9.945321731995223
PART-RIVERBANK-1,37,RiverBank/C3D8R,-250.0,5.0,0.0,0.0017316663,0.00014069946,-0.0008287429,0.000968924,3.46248e-05,-0.00143698,0.0009813154536232555,50.97980413864032,9.945321731995223
PART-RIVERBANK-1,39,RiverBank/C3D8R,-250.0,-5.0,0.0,0.0017316663,-0.00014069946,-0.0008287429,0.000968924,-3.46248e-05,-0.00143698,0.0009813154536232555,50.97980413864032,9.945321731995223
PART-PIER-2,275,Pier/C3D8R,-6.5,-10.0,-40.0,-0.00021999345,0.0007114851,-0.0015457,-0.000540569,0.00045007,-0.00241434,0.0009621028985331106,56.07478528008395,46.56682870481277
PART-PIER-2,591,Pier/C3D8R,6.5,-10.0,-40.0,0.00021999345,0.0007114851,-0.0015457,0.000540569,0.00045007,-0.00241434,0.0009621028985331106,56.07478528008395,46.56682870481277
PART-PIER-1,353,Pier/C3D8R,-6.5,10.0,-40.0,-0.00021999345,-0.0007114851,-0.0015457,-0.000540569,-0.00045007,-0.00241434,0.0009621028985331106,56.07478528008395,46.56682870481277
PART-PIER-1,513,Pier/C3D8R,6.5,10.0,-40.0,0.00021999345,-0.0007114851,-0.0015457,0.000540569,-0.00045007,-0.00241434,0.0009621028985331106,56.07478528008395,46.56682870481277
PART-RIVERBANK-2,1,RiverBank/C3D8R,250.0,10.0,-30.0,0.003995512,0.0015953254,-0.002298343,0.0031775,0.00127395,-0.00194108,0.0009487163069317188,19.45023744174251,19.318187463346398
PART-RIVERBANK-2,2,RiverBank/C3D8R,250.0,-10.0,-30.0,0.003995512,-0.0015953254,-0.002298343,0.0031775,-0.00127395,-0.00194108,0.0009487163069317188,19.45023744174251,19.318187463346398
PART-SUPPORTBEAM-2,2,SupportBeam/B31,-250.0,10.0,-30.0,-0.003995512,0.0015953254,-0.002298343,-0.0031775,0.00127395,-0.00194108,0.0009487163069317188,19.45023744174251,19.318187463346398
PART-SUPPORTBEAM-2,19,SupportBeam/B31,250.0,10.0,-30.0,0.003995512,0.0015953254,-0.002298343,0.0031775,0.00127395,-0.00194108,0.0009487163069317188,19.45023744174251,19.318187463346398
PART-RIVERBANK-1,5,RiverBank/C3D8R,-250.0,-10.0,-30.0,-0.003995512,-0.0015953254,-0.002298343,-0.0031775,-0.00127395,-0.00194108,0.0009487163069317188,19.45023744174251,19.318187463346398
PART-RIVERBANK-1,8,RiverBank/C3D8R,-250.0,10.0,-30.0,-0.003995512,0.0015953254,-0.002298343,-0.0031775,0.00127395,-0.00194108,0.0009487163069317188,19.45023744174251,19.318187463346398
PART-SUPPORTBEAM-1,2,SupportBeam/B31,-250.0,-10.0,-30.0,-0.003995512,-0.0015953254,-0.002298343,-0.0031775,-0.00127395,-0.00194108,0.0009487163069317188,19.45023744174251,19.318187463346398
PART-SUPPORTBEAM-1,19,SupportBeam/B31,250.0,-10.0,-30.0,0.003995512,-0.0015953254,-0.002298343,0.0031775,-0.00127395,-0.00194108,0.0009487163069317188,19.45023744174251,19.318187463346398
PART-PIER-2,274,Pier/C3D8R,-13.16667,-10.0,-45.0,-0.0002868197,0.0005459844,-0.00091994967,-0.000585462,0.000995203,-0.00168104,0.0009328681923802306,84.22792017292349,84.13441377827537
PART-PIER-2,590,Pier/C3D8R,13.16667,-10.0,-45.0,0.0002868197,0.0005459844,-0.00091994967,0.000585462,0.000995203,-0.00168104,0.0009328681923802306,84.22792017292349,84.13441377827537
PART-PIER-1,352,Pier/C3D8R,-13.16667,10.0,-45.0,-0.0002868197,-0.0005459844,-0.00091994967,-0.000585462,-0.000995203,-0.00168104,0.0009328681923802306,84.22792017292349,84.13441377827537
PART-PIER-1,512,Pier/C3D8R,13.16667,10.0,-45.0,0.0002868197,-0.0005459844,-0.00091994967,0.000585462,-0.000995203,-0.00168104,0.0009328681923802306,84.22792017292349,84.13441377827537
PART-PIER-2,706,Pier/C3D8R,-6.58333,-15.0,-45.0,-0.0001272879,9.025273e-05,-0.00053220155,-0.000390794,-6.10039e-05,-0.0013478,0.0008703532986658747,156.93221975523912,153.26826215142432
PART-PIER-2,784,Pier/C3D8R,6.58333,-15.0,-45.0,0.0001272879,9.025273e-05,-0.00053220155,0.000390794,-6.10039e-05,-0.0013478,0.0008703532986658747,156.93221975523912,153.26826215142432
PART-PIER-1,706,Pier/C3D8R,-6.58333,15.0,-45.0,-0.0001272879,-9.025273e-05,-0.00053220155,-0.000390794,6.10039e-05,-0.0013478,0.0008703532986658747,156.93221975523912,153.26826215142432
PART-PIER-1,784,Pier/C3D8R,6.58333,15.0,-45.0,0.0001272879,-9.025273e-05,-0.00053220155,0.000390794,6.10039e-05,-0.0013478,0.0008703532986658747,156.93221975523912,153.26826215142432
PART-SUPPORTBEAM-2,55,SupportBeam/B31,-180.0,10.0,-12.0,-5.75484e-05,0.0008461344,-0.18120109,0.000185485,4.29592e-05,-0.18141,0.0008647537357598353,0.477229063193811,0.11425039864751546
PART-SUPPORTBEAM-2,298,SupportBeam/B31,180.0,10.0,-12.0,5.75484e-05,0.0008461344,-0.18120109,-0.000185485,4.29592e-05,-0.18141,0.0008647537357598353,0.477229063193811,0.11425039864751546
PART-SUPPORTBEAM-1,55,SupportBeam/B31,-180.0,-10.0,-12.0,-5.75484e-05,-0.0008461344,-0.18120109,0.000185485,-4.29592e-05,-0.18141,0.0008647537357598353,0.477229063193811,0.11425039864751546
PART-SUPPORTBEAM-1,298,SupportBeam/B31,180.0,-10.0,-12.0,5.75484e-05,-0.0008461344,-0.18120109,-0.000185485,-4.29592e-05,-0.18141,0.0008647537357598353,0.477229063193811,0.11425039864751546
PART-PIER-2,429,Pier/C3D8R,0.0,-15.0,-45.0,8.176724e-18,9.4908675e-05,-0.00045063978,-1.54391e-16,-8.70058e-05,-0.0012914,0.0008602154519357195,186.7899138546103,181.05440648486376
PART-PIER-1,429,Pier/C3D8R,0.0,15.0,-45.0,-2.0458628e-17,-9.4908675e-05,-0.00045063978,6.07001e-16,8.70058e-05,-0.0012914,0.0008602154519357195,186.7899138546103,181.05440648486376
PART-RIVERBANK-2,129,RiverBank/C3D8R,250.0,5.0,-5.0,0.0001160039,-0.00017100759,-0.0013193822,-1.35746e-06,-0.000128152,-0.000484977,0.0008437074897156821,63.177002074486936,62.438222722766746
PART-RIVERBANK-2,131,RiverBank/C3D8R,250.0,-5.0,-5.0,0.0001160039,0.00017100759,-0.0013193822,-1.35746e-06,0.000128152,-0.000484977,0.0008437074897156821,63.177002074486936,62.438222722766746
PART-RIVERBANK-1,144,RiverBank/C3D8R,-250.0,5.0,-5.0,-0.0001160039,-0.00017100759,-0.0013193822,1.35746e-06,-0.000128152,-0.000484977,0.0008437074897156821,63.177002074486936,62.438222722766746
PART-RIVERBANK-1,146,RiverBank/C3D8R,-250.0,-5.0,-5.0,-0.0001160039,0.00017100759,-0.0013193822,1.35746e-06,0.000128152,-0.000484977,0.0008437074897156821,63.177002074486936,62.438222722766746
PART-RIVERBANK-2,19,RiverBank/C3D8R,250.0,-10.0,-10.0,-4.5411747e-05,0.00026152018,-0.001334378,-4.08857e-05,0.000354793,-0.000678341,0.0006626498694040456,48.70556647666596,43.65298256501466
PART-RIVERBANK-2,25,RiverBank/C3D8R,250.0,10.0,-10.0,-4.5411747e-05,-0.00026152018,-0.001334378,-4.08857e-05,-0.000354793,-0.000678341,0.0006626498694040456,48.70556647666596,43.65298256501466
PART-RIVERBANK-1,33,RiverBank/C3D8R,-250.0,-10.0,-10.0,4.5411747e-05,0.00026152018,-0.001334378,4.08857e-05,0.000354793,-0.000678341,0.0006626498694040456,48.70556647666596,43.65298256501466
PART-RIVERBANK-1,43,RiverBank/C3D8R,-250.0,10.0,-10.0,4.5411747e-05,-0.00026152018,-0.001334378,4.08857e-05,-0.000354793,-0.000678341,0.0006626498694040456,48.70556647666596,43.65298256501466
PART-PIER-2,707,Pier/C3D8R,-13.16667,-15.0,-45.0,-0.00022476375,7.647704e-05,-0.0004192941,-0.000526441,-4.82444e-05,-0.000989063,0.0006566591202217831,136.28003348946262,132.74645351273244
PART-PIER-2,785,Pier/C3D8R,13.16667,-15.0,-45.0,0.00022476375,7.647704e-05,-0.0004192941,0.000526441,-4.82444e-05,-0.000989063,0.0006566591202217831,136.28003348946262,132.74645351273244
PART-PIER-1,707,Pier/C3D8R,-13.16667,15.0,-45.0,-0.00022476375,-7.647704e-05,-0.0004192941,-0.000526441,4.82444e-05,-0.000989063,0.0006566591202217831,136.28003348946262,132.74645351273244
PART-PIER-1,785,Pier/C3D8R,13.16667,15.0,-45.0,0.00022476375,-7.647704e-05,-0.0004192941,0.000526441,4.82444e-05,-0.000989063,0.0006566591202217831,136.28003348946262,132.74645351273244
PART-RIVERBANK-2,127,RiverBank/C3D8R,250.0,0.0,-10.0,-0.00022676484,-3.2703618e-17,-0.0013668074,-0.000167653,-3.52156e-16,-0.000714244,0.0006552352254326271,47.29264349280907,47.047168544434
PART-RIVERBANK-1,142,RiverBank/C3D8R,-250.0,0.0,-10.0,0.00022676484,8.9616375e-18,-0.0013668074,0.000167653,-2.96485e-16,-0.000714244,0.0006552352254326271,47.29264349280907,47.047168544434
PART-RIVERBANK-2,264,RiverBank/C3D8R,255.0,5.0,0.0,-0.0005337855,-8.2121725e-05,-0.00072683615,-0.0005577,-1.48454e-05,-9.45979e-05,0.0006362571901195444,70.2644922902616,37.50967055524745
PART-RIVERBANK-2,266,RiverBank/C3D8R,255.0,-5.0,0.0,-0.0005337855,8.2121725e-05,-0.00072683615,-0.0005577,1.48454e-05,-9.45979e-05,0.0006362571901195444,70.2644922902616,37.50967055524745
PART-RIVERBANK-1,288,RiverBank/C3D8R,-255.0,5.0,0.0,0.0005337855,-8.2121725e-05,-0.00072683615,0.0005577,-1.48454e-05,-9.45979e-05,0.0006362571901195444,70.2644922902616,37.50967055524745
PART-RIVERBANK-1,290,RiverBank/C3D8R,-255.0,-5.0,0.0,0.0005337855,8.2121725e-05,-0.00072683615,0.0005577,1.48454e-05,-9.45979e-05,0.0006362571901195444,70.2644922902616,37.50967055524745
PART-RIVERBANK-2,46,RiverBank/C3D8R,260.0,10.0,0.0,-0.0005051981,-0.0001256833,-0.0009892554,-0.000498586,-9.16252e-05,-0.000359118,0.0006310917658477092,56.4545206063654,44.42606842040073
PART-RIVERBANK-2,70,RiverBank/C3D8R,260.0,-10.0,0.0,-0.0005051981,0.0001256833,-0.0009892554,-0.000498586,9.16252e-05,-0.000359118,0.0006310917658477092,56.4545206063654,44.42606842040073
PART-RIVERBANK-1,52,RiverBank/C3D8R,-260.0,10.0,0.0,0.0005051981,-0.0001256833,-0.0009892554,0.000498586,-9.16252e-05,-0.000359118,0.0006310917658477092,56.4545206063654,44.42606842040073
PART-RIVERBANK-1,64,RiverBank/C3D8R,-260.0,-10.0,0.0,0.0005051981,0.0001256833,-0.0009892554,0.000498586,9.16252e-05,-0.000359118,0.0006310917658477092,56.4545206063654,44.42606842040073
PART-RIVERBANK-2,13,RiverBank/C3D8R,250.0,5.0,-30.0,-0.0032911624,-0.0003883058,0.0007450924,-0.00267911,-0.000345748,0.000885804,0.0006294593402763674,18.531397574837477,16.30585067283601
PART-RIVERBANK-2,15,RiverBank/C3D8R,250.0,-5.0,-30.0,-0.0032911624,0.0003883058,0.0007450924,-0.00267911,0.000345748,0.000885804,0.0006294593402763674,18.531397574837477,16.30585067283601
PART-RIVERBANK-1,29,RiverBank/C3D8R,-250.0,-5.0,-30.0,0.0032911624,0.0003883058,0.0007450924,0.00267911,0.000345748,0.000885804,0.0006294593402763674,18.531397574837477,16.30585067283601
PART-RIVERBANK-1,31,RiverBank/C3D8R,-250.0,5.0,-30.0,0.0032911624,-0.0003883058,0.0007450924,0.00267911,-0.000345748,0.000885804,0.0006294593402763674,18.531397574837477,16.30585067283601
PART-RIVERBANK-2,268,RiverBank/C3D8R,260.0,0.0,0.0,-0.0006514502,-3.369351e-17,-0.00096715277,-0.00059838,-2.67207e-16,-0.0003705,0.0005990083255487463,51.3688492128041,39.64492408066137
PART-RIVERBANK-1,286,RiverBank/C3D8R,-260.0,0.0,0.0,0.0006514502,7.01567e-18,-0.00096715277,0.00059838,-2.06453e-16,-0.0003705,0.0005990083255487463,51.3688492128041,39.64492408066137
PART-PIER-2,102,Pier/C3D8R,0.0,-10.0,-45.0,3.18478e-17,0.00059325807,-0.0010094001,5.34077e-16,0.000786139,-0.00153607,0.0005608780943517717,47.90430109614503,47.3783804984231
PART-PIER-1,142,Pier/C3D8R,0.0,10.0,-45.0,-3.2841433e-17,-0.00059325807,-0.0010094001,-1.45673e-16,-0.000786139,-0.00153607,0.0005608780943517717,47.90430109614503,47.3783804984231
PART-RIVERBANK-2,123,RiverBank/C3D8R,250.0,5.0,-15.0,0.00020837717,-7.8071076e-05,-0.0013054821,0.000196497,-8.6437e-05,-0.000824154,0.0004815473673204046,36.362105553054604,35.69088780957058
PART-RIVERBANK-2,125,RiverBank/C3D8R,250.0,-5.0,-15.0,0.00020837717,7.8071076e-05,-0.0013054821,0.000196497,8.6437e-05,-0.000824154,0.0004815473673204046,36.362105553054604,35.69088780957058
PART-RIVERBANK-1,138,RiverBank/C3D8R,-250.0,5.0,-15.0,-0.00020837717,-7.8071076e-05,-0.0013054821,-0.000196497,-8.6437e-05,-0.000824154,0.0004815473673204046,36.362105553054604,35.69088780957058
PART-RIVERBANK-1,140,RiverBank/C3D8R,-250.0,-5.0,-15.0,-0.00020837717,7.8071076e-05,-0.0013054821,-0.000196497,8.6437e-05,-0.000824154,0.0004815473673204046,36.362105553054604,35.69088780957058
PART-RIVERBANK-2,238,RiverBank/C3D8R,255.0,0.0,-30.0,-0.0016555516,-2.2374001e-17,-9.541583e-06,-0.00136418,-1.30695e-16,0.000344078,0.0004581967031392238,27.675917407599414,15.020475357023342
PART-RIVERBANK-1,262,RiverBank/C3D8R,-255.0,0.0,-30.0,0.0016555516,4.0489747e-18,-9.541583e-06,0.00136418,-5.03476e-17,0.000344078,0.0004581967031392238,27.675917407599414,15.020475357023342
PART-RIVERBANK-2,62,RiverBank/C3D8R,255.0,10.0,-30.0,-0.0018690889,-0.0010143006,0.00028533884,-0.00152464,-0.000901057,0.000562191,0.0004561976283901918,21.26173499093135,13.40120180309093
PART-RIVERBANK-2,72,RiverBank/C3D8R,255.0,-10.0,-30.0,-0.0018690889,0.0010143006,0.00028533884,-0.00152464,0.000901057,0.000562191,0.0004561976283901918,21.26173499093135,13.40120180309093
PART-RIVERBANK-1,54,RiverBank/C3D8R,-255.0,10.0,-30.0,0.0018690889,-0.0010143006,0.00028533884,0.00152464,-0.000901057,0.000562191,0.0004561976283901918,21.26173499093135,13.40120180309093
PART-RIVERBANK-1,80,RiverBank/C3D8R,-255.0,-10.0,-30.0,0.0018690889,0.0010143006,0.00028533884,0.00152464,0.000901057,0.000562191,0.0004561976283901918,21.26173499093135,13.40120180309093
PART-RIVERBANK-2,14,RiverBank/C3D8R,250.0,0.0,-30.0,0.002631751,-1.5500164e-17,-0.0017041839,0.00222322,-1.53197e-16,-0.00150228,0.00045570029931547097,14.534319034865817,14.420819664984657
PART-RIVERBANK-1,30,RiverBank/C3D8R,-250.0,0.0,-30.0,-0.002631751,1.5445259e-18,-0.0017041839,-0.00222322,-7.36842e-17,-0.00150228,0.00045570029931547097,14.534319034865817,14.420819664984657
PART-RIVERBANK-2,45,RiverBank/C3D8R,255.0,10.0,0.0,-0.0007005666,0.0001230108,-0.00037791178,-0.000327577,0.00011631,-0.000636648,0.0004539940241552617,56.36557617891758,9.942305775978685
PART-RIVERBANK-2,71,RiverBank/C3D8R,255.0,-10.0,0.0,-0.0007005666,-0.0001230108,-0.00037791178,-0.000327577,-0.00011631,-0.000636648,0.0004539940241552617,56.36557617891758,9.942305775978685
PART-RIVERBANK-1,53,RiverBank/C3D8R,-255.0,10.0,0.0,0.0007005666,0.0001230108,-0.00037791178,0.000327577,0.00011631,-0.000636648,0.0004539940241552617,56.36557617891758,9.942305775978685
PART-RIVERBANK-1,63,RiverBank/C3D8R,-255.0,-10.0,0.0,0.0007005666,-0.0001230108,-0.00037791178,0.000327577,-0.00011631,-0.000636648,0.0004539940241552617,56.36557617891758,9.942305775978685
PART-RIVERBANK-2,390,RiverBank/C3D8R,255.0,5.0,-25.0,-0.00012515242,6.222396e-05,-0.00045853123,-0.000396891,-5.25889e-05,-0.000113861,0.00045367545242171626,94.64194373933589,13.168364361460721
PART-RIVERBANK-2,392,RiverBank/C3D8R,255.0,-5.0,-25.0,-0.00012515242,-6.222396e-05,-0.00045853123,-0.000396891,5.25889e-05,-0.000113861,0.00045367545242171626,94.64194373933589,13.168364361460721
PART-RIVERBANK-1,510,RiverBank/C3D8R,-255.0,5.0,-25.0,0.00012515242,6.222396e-05,-0.00045853123,0.000396891,-5.25889e-05,-0.000113861,0.00045367545242171626,94.64194373933589,13.168364361460721
PART-RIVERBANK-1,512,RiverBank/C3D8R,-255.0,-5.0,-25.0,0.00012515242,-6.222396e-05,-0.00045853123,0.000396891,5.25889e-05,-0.000113861,0.00045367545242171626,94.64194373933589,13.168364361460721
PART-RIVERBANK-2,117,RiverBank/C3D8R,250.0,5.0,-25.0,0.0005755127,0.00011422907,-0.0015329559,0.000888904,0.000147647,-0.00120928,0.00045177090787475995,27.52339352004619,8.122670065273947
PART-RIVERBANK-2,119,RiverBank/C3D8R,250.0,-5.0,-25.0,0.0005755127,-0.00011422907,-0.0015329559,0.000888904,-0.000147647,-0.00120928,0.00045177090787475995,27.52339352004619,8.122670065273947
PART-RIVERBANK-1,132,RiverBank/C3D8R,-250.0,5.0,-25.0,-0.0005755127,0.00011422907,-0.0015329559,-0.000888904,0.000147647,-0.00120928,0.00045177090787475995,27.52339352004619,8.122670065273947
PART-RIVERBANK-1,134,RiverBank/C3D8R,-250.0,-5.0,-25.0,-0.0005755127,-0.00011422907,-0.0015329559,-0.000888904,-0.000147647,-0.00120928,0.00045177090787475995,27.52339352004619,8.122670065273947
PART-RIVERBANK-2,391,RiverBank/C3D8R,255.0,0.0,-25.0,-0.00041173818,-1.711175e-17,-0.000716336,2.36466e-05,-1.59935e-16,-0.000647713,0.00044075959749578726,53.34549756921473,21.5545367316747
PART-RIVERBANK-1,511,RiverBank/C3D8R,-255.0,0.0,-25.0,0.00041173818,3.119275e-18,-0.000716336,-2.36466e-05,-9.35666e-17,-0.000647713,0.00044075959749578726,53.34549756921473,21.5545367316747
PART-RIVERBANK-2,270,RiverBank/C3D8R,265.0,5.0,0.0,-0.00043481193,-1.9420644e-05,-0.0006924039,-0.000404837,1.43351e-05,-0.000257685,0.0004370565966768017,53.44037580745903,41.29604834558479
PART-RIVERBANK-2,272,RiverBank/C3D8R,265.0,-5.0,0.0,-0.00043481193,1.9420644e-05,-0.0006924039,-0.000404837,-1.43351e-05,-0.000257685,0.0004370565966768017,53.44037580745903,41.29604834558479
PART-RIVERBANK-1,282,RiverBank/C3D8R,-265.0,5.0,0.0,0.00043481193,-1.9420644e-05,-0.0006924039,0.000404837,1.43351e-05,-0.000257685,0.0004370565966768017,53.44037580745903,41.29604834558479
PART-RIVERBANK-1,284,RiverBank/C3D8R,-265.0,-5.0,0.0,0.00043481193,1.9420644e-05,-0.0006924039,0.000404837,-1.43351e-05,-0.000257685,0.0004370565966768017,53.44037580745903,41.29604834558479
PART-RIVERBANK-2,525,RiverBank/C3D8R,255.0,-5.0,-35.0,-2.1018155e-05,-5.627866e-08,-0.00041201612,-0.000345868,0.000113643,-0.000156877,0.0004284284284669993,103.84837761183276,3.909965608643477
PART-RIVERBANK-2,527,RiverBank/C3D8R,255.0,5.0,-35.0,-2.1018155e-05,5.627866e-08,-0.00041201612,-0.000345868,-0.000113643,-0.000156877,0.0004284284284669993,103.84837761183276,3.909965608643477
PART-RIVERBANK-1,597,RiverBank/C3D8R,-255.0,-5.0,-35.0,2.1018155e-05,-5.627866e-08,-0.00041201612,0.000345868,0.000113643,-0.000156877,0.0004284284284669993,103.84837761183276,3.909965608643477
PART-RIVERBANK-1,599,RiverBank/C3D8R,-255.0,5.0,-35.0,2.1018155e-05,5.627866e-08,-0.00041201612,0.000345868,-0.000113643,-0.000156877,0.0004284284284669993,103.84837761183276,3.909965608643477
PART-RIVERBANK-2,48,RiverBank/C3D8R,270.0,10.0,0.0,-0.00038121227,-5.12123e-05,-0.000763795,-0.000331778,-1.63191e-05,-0.000341908,0.00042620408635496784,49.838093509217494,44.25703605781513
PART-RIVERBANK-2,68,RiverBank/C3D8R,270.0,-10.0,0.0,-0.00038121227,5.12123e-05,-0.000763795,-0.000331778,1.63191e-05,-0.000341908,0.00042620408635496784,49.838093509217494,44.25703605781513
PART-RIVERBANK-1,50,RiverBank/C3D8R,-270.0,10.0,0.0,0.00038121227,-5.12123e-05,-0.000763795,0.000331778,-1.63191e-05,-0.000341908,0.00042620408635496784,49.838093509217494,44.25703605781513
PART-RIVERBANK-1,66,RiverBank/C3D8R,-270.0,-10.0,0.0,0.00038121227,5.12123e-05,-0.000763795,0.000331778,1.63191e-05,-0.000341908,0.00042620408635496784,49.838093509217494,44.25703605781513
PART-RIVERBANK-2,274,RiverBank/C3D8R,270.0,0.0,0.0,-0.00045513705,-2.2968096e-17,-0.00078455295,-0.000382003,-1.74361e-16,-0.000368407,0.0004225234206180824,46.58403975070537,41.488498106426505
PART-RIVERBANK-1,280,RiverBank/C3D8R,-270.0,0.0,0.0,0.00045513705,2.6263758e-18,-0.00078455295,0.000382003,-1.29681e-16,-0.000368407,0.0004225234206180824,46.58403975070537,41.488498106426505
PART-RIVERBANK-2,121,RiverBank/C3D8R,250.0,0.0,-20.0,7.4406766e-05,-3.203383e-17,-0.0014095407,0.000220653,-2.71566e-16,-0.001014,0.000421711283125876,29.876749546932295,26.48050139153491
PART-RIVERBANK-1,136,RiverBank/C3D8R,-250.0,0.0,-20.0,-7.4406766e-05,5.9646555e-18,-0.0014095407,-0.000220653,-1.58019e-16,-0.001014,0.000421711283125876,29.876749546932295,26.48050139153491
PART-RIVERBANK-2,526,RiverBank/C3D8R,255.0,0.0,-35.0,-0.0002863603,-8.185485e-18,-0.00028733525,0.000135279,-7.86275e-17,-0.000287641,0.00042163941085666143,103.93793576004589,21.64355417835604
PART-RIVERBANK-1,598,RiverBank/C3D8R,-255.0,0.0,-35.0,0.0002863603,9.131901e-19,-0.00028733525,-0.000135279,-3.55788e-17,-0.000287641,0.00042163941085666143,103.93793576004589,21.64355417835604
PART-RIVERBANK-2,17,RiverBank/C3D8R,250.0,-10.0,-20.0,0.0004105204,0.00014928315,-0.0013587953,0.000457749,0.000147621,-0.000963539,0.0003980714082803141,27.890150224121847,24.548310036500897
PART-RIVERBANK-2,27,RiverBank/C3D8R,250.0,10.0,-20.0,0.0004105204,-0.00014928315,-0.0013587953,0.000457749,-0.000147621,-0.000963539,0.0003980714082803141,27.890150224121847,24.548310036500897
PART-RIVERBANK-1,35,RiverBank/C3D8R,-250.0,-10.0,-20.0,-0.0004105204,0.00014928315,-0.0013587953,-0.000457749,0.000147621,-0.000963539,0.0003980714082803141,27.890150224121847,24.548310036500897
PART-RIVERBANK-1,41,RiverBank/C3D8R,-250.0,10.0,-20.0,-0.0004105204,-0.00014928315,-0.0013587953,-0.000457749,-0.000147621,-0.000963539,0.0003980714082803141,27.890150224121847,24.548310036500897
PART-RIVERBANK-2,291,RiverBank/C3D8R,250.0,-5.0,-35.0,0.00062190025,-0.00015174276,-0.00086315395,0.000965659,-0.000207085,-0.000701228,0.00038399590494324625,35.73298897656205,12.712721987675454
PART-RIVERBANK-2,293,RiverBank/C3D8R,250.0,5.0,-35.0,0.00062190025,0.00015174276,-0.00086315395,0.000965659,0.000207085,-0.000701228,0.00038399590494324625,35.73298897656205,12.712721987675454
PART-RIVERBANK-1,300,RiverBank/C3D8R,-250.0,-5.0,-35.0,-0.00062190025,-0.00015174276,-0.00086315395,-0.000965659,-0.000207085,-0.000701228,0.00038399590494324625,35.73298897656205,12.712721987675454
PART-RIVERBANK-1,302,RiverBank/C3D8R,-250.0,5.0,-35.0,-0.00062190025,0.00015174276,-0.00086315395,-0.000965659,0.000207085,-0.000701228,0.00038399590494324625,35.73298897656205,12.712721987675454
PART-RIVERBANK-2,240,RiverBank/C3D8R,260.0,5.0,-30.0,-0.0010492023,-0.00032510798,-0.00012180941,-0.000811978,-0.000296274,0.000171415,0.00037826884821906564,34.227805172038416,20.266520102343712
PART-RIVERBANK-2,242,RiverBank/C3D8R,260.0,-5.0,-30.0,-0.0010492023,0.00032510798,-0.00012180941,-0.000811978,0.000296274,0.000171415,0.00037826884821906564,34.227805172038416,20.266520102343712
PART-RIVERBANK-1,258,RiverBank/C3D8R,-260.0,5.0,-30.0,0.0010492023,-0.00032510798,-0.00012180941,0.000811978,-0.000296274,0.000171415,0.00037826884821906564,34.227805172038416,20.266520102343712
PART-RIVERBANK-1,260,RiverBank/C3D8R,-260.0,-5.0,-30.0,0.0010492023,0.00032510798,-0.00012180941,0.000811978,0.000296274,0.000171415,0.00037826884821906564,34.227805172038416,20.266520102343712
PART-RIVERBANK-2,151,RiverBank/C3D8R,255.0,10.0,-5.0,-0.00061378564,-0.0002001859,-0.00081580534,-0.00048655,-0.000186106,-0.000462036,0.0003762178857979179,36.162335303573734,33.07045559113269
PART-RIVERBANK-2,196,RiverBank/C3D8R,255.0,-10.0,-5.0,-0.00061378564,0.0002001859,-0.00081580534,-0.00048655,0.000186106,-0.000462036,0.0003762178857979179,36.162335303573734,33.07045559113269
PART-RIVERBANK-1,191,RiverBank/C3D8R,-255.0,10.0,-5.0,0.00061378564,-0.0002001859,-0.00081580534,0.00048655,-0.000186106,-0.000462036,0.0003762178857979179,36.162335303573734,33.07045559113269
PART-RIVERBANK-1,236,RiverBank/C3D8R,-255.0,-10.0,-5.0,0.00061378564,0.0002001859,-0.00081580534,0.00048655,0.000186106,-0.000462036,0.0003762178857979179,36.162335303573734,33.07045559113269
PART-RIVERBANK-2,265,RiverBank/C3D8R,255.0,0.0,0.0,-0.0005506408,-3.5320036e-17,-0.00056623627,-0.000212371,-3.28729e-16,-0.000729763,0.0003757225692136858,47.57015555941342,3.7719386906407464
PART-RIVERBANK-1,289,RiverBank/C3D8R,-255.0,0.0,0.0,0.0005506408,1.1098394e-17,-0.00056623627,0.000212371,-2.56143e-16,-0.000729763,0.0003757225692136858,47.57015555941342,3.7719386906407464
PART-RIVERBANK-2,396,RiverBank/C3D8R,255.0,5.0,-15.0,-0.00026465137,7.675869e-05,-0.0007894442,-0.000196079,3.4875e-05,-0.000423291,0.00037486608180211907,44.83215371838902,44.05318972074469
PART-RIVERBANK-2,398,RiverBank/C3D8R,255.0,-5.0,-15.0,-0.00026465137,-7.675869e-05,-0.0007894442,-0.000196079,-3.4875e-05,-0.000423291,0.00037486608180211907,44.83215371838902,44.05318972074469
PART-RIVERBANK-1,516,RiverBank/C3D8R,-255.0,5.0,-15.0,0.00026465137,7.675869e-05,-0.0007894442,0.000196079,3.4875e-05,-0.000423291,0.00037486608180211907,44.83215371838902,44.05318972074469
PART-RIVERBANK-1,518,RiverBank/C3D8R,-255.0,-5.0,-15.0,0.00026465137,-7.675869e-05,-0.0007894442,0.000196079,-3.4875e-05,-0.000423291,0.00037486608180211907,44.83215371838902,44.05318972074469
PART-RIVERBANK-2,394,RiverBank/C3D8R,255.0,0.0,-20.0,2.7111682e-05,-1.816429e-17,-0.0006659463,-5.86969e-05,-1.73136e-16,-0.000303847,0.00037212768750167027,55.83328310633407,53.568562579365995
PART-RIVERBANK-1,514,RiverBank/C3D8R,-255.0,0.0,-20.0,-2.7111682e-05,5.978441e-18,-0.0006659463,5.86969e-05,-1.56821e-16,-0.000303847,0.00037212768750167027,55.83328310633407,53.568562579365995
PART-RIVERBANK-2,309,RiverBank/C3D8R,255.0,-10.0,-35.0,0.0001535412,-0.00017019612,-0.0006892344,0.000453486,-0.000363983,-0.000585557,0.00037184572227999936,51.19367312893915,13.613595057306846
PART-RIVERBANK-2,336,RiverBank/C3D8R,255.0,10.0,-35.0,0.0001535412,0.00017019612,-0.0006892344,0.000453486,0.000363983,-0.000585557,0.00037184572227999936,51.19367312893915,13.613595057306846
PART-RIVERBANK-1,333,RiverBank/C3D8R,-255.0,-10.0,-35.0,-0.0001535412,-0.00017019612,-0.0006892344,-0.000453486,-0.000363983,-0.000585557,0.00037184572227999936,51.19367312893915,13.613595057306846
PART-RIVERBANK-1,360,RiverBank/C3D8R,-255.0,10.0,-35.0,-0.0001535412,0.00017019612,-0.0006892344,-0.000453486,0.000363983,-0.000585557,0.00037184572227999936,51.19367312893915,13.613595057306846
PART-RIVERBANK-2,148,RiverBank/C3D8R,255.0,10.0,-20.0,-0.00023139297,0.00018842914,-0.0006736814,-0.000238307,7.85151e-05,-0.000319183,0.00037121155100902035,50.380631901225904,44.89846101850791
PART-RIVERBANK-2,193,RiverBank/C3D8R,255.0,-10.0,-20.0,-0.00023139297,-0.00018842914,-0.0006736814,-0.000238307,-7.85151e-05,-0.000319183,0.00037121155100902035,50.380631901225904,44.89846101850791
PART-RIVERBANK-1,188,RiverBank/C3D8R,-255.0,10.0,-20.0,0.00023139297,0.00018842914,-0.0006736814,0.000238307,7.85151e-05,-0.000319183,0.00037121155100902035,50.380631901225904,44.89846101850791
PART-RIVERBANK-1,233,RiverBank/C3D8R,-255.0,-10.0,-20.0,0.00023139297,-0.00018842914,-0.0006736814,0.000238307,-7.85151e-05,-0.000319183,0.00037121155100902035,50.380631901225904,44.89846101850791
PART-RIVERBANK-2,147,RiverBank/C3D8R,255.0,10.0,-25.0,-2.2473778e-05,5.009513e-05,-0.0007150191,0.000296449,0.000226334,-0.000647928,0.00037050383712631667,51.66523644508886,4.251053354161724
PART-RIVERBANK-2,192,RiverBank/C3D8R,255.0,-10.0,-25.0,-2.2473778e-05,-5.009513e-05,-0.0007150191,0.000296449,-0.000226334,-0.000647928,0.00037050383712631667,51.66523644508886,4.251053354161724
PART-RIVERBANK-1,187,RiverBank/C3D8R,-255.0,10.0,-25.0,2.2473778e-05,5.009513e-05,-0.0007150191,-0.000296449,0.000226334,-0.000647928,0.00037050383712631667,51.66523644508886,4.251053354161724
PART-RIVERBANK-1,232,RiverBank/C3D8R,-255.0,-10.0,-25.0,2.2473778e-05,-5.009513e-05,-0.0007150191,-0.000296449,-0.000226334,-0.000647928,0.00037050383712631667,51.66523644508886,4.251053354161724
PART-RIVERBANK-2,403,RiverBank/C3D8R,255.0,0.0,-5.0,-0.0007880339,-3.6237985e-17,-0.00079064246,-0.000586012,-3.11827e-16,-0.000487924,0.00036393861309894234,32.60238975670388,31.689313389840514
PART-RIVERBANK-1,523,RiverBank/C3D8R,-255.0,0.0,-5.0,0.0007880339,8.653904e-18,-0.00079064246,0.000586012,-2.47449e-16,-0.000487924,0.00036393861309894234,32.60238975670388,31.689313389840514
PART-RIVERBANK-2,20,RiverBank/C3D8R,250.0,-10.0,-5.0,-0.0006765762,-0.00038644212,-0.00046892322,-0.000416083,-0.000457611,-0.000705898,0.00035927533046779434,39.50748717211031,3.2040632061962886
PART-RIVERBANK-2,24,RiverBank/C3D8R,250.0,10.0,-5.0,-0.0006765762,0.00038644212,-0.00046892322,-0.000416083,0.000457611,-0.000705898,0.00035927533046779434,39.50748717211031,3.2040632061962886
PART-RIVERBANK-1,32,RiverBank/C3D8R,-250.0,-10.0,-5.0,0.0006765762,-0.00038644212,-0.00046892322,0.000416083,-0.000457611,-0.000705898,0.00035927533046779434,39.50748717211031,3.2040632061962886
PART-RIVERBANK-1,44,RiverBank/C3D8R,-250.0,10.0,-5.0,0.0006765762,0.00038644212,-0.00046892322,0.000416083,0.000457611,-0.000705898,0.00035927533046779434,39.50748717211031,3.2040632061962886
PART-RIVERBANK-2,152,RiverBank/C3D8R,260.0,10.0,-25.0,-1.3476952e-05,6.238665e-05,-0.00052093767,-0.000182178,-0.000124469,-0.000266766,0.0003577405699159793,68.16273074932133,34.038644834985945
PART-RIVERBANK-2,197,RiverBank/C3D8R,260.0,-10.0,-25.0,-1.3476952e-05,-6.238665e-05,-0.00052093767,-0.000182178,0.000124469,-0.000266766,0.0003577405699159793,68.16273074932133,34.038644834985945
PART-RIVERBANK-1,182,RiverBank/C3D8R,-260.0,10.0,-25.0,1.3476952e-05,6.238665e-05,-0.00052093767,0.000182178,-0.000124469,-0.000266766,0.0003577405699159793,68.16273074932133,34.038644834985945
PART-RIVERBANK-1,227,RiverBank/C3D8R,-260.0,-10.0,-25.0,1.3476952e-05,-6.238665e-05,-0.00052093767,0.000182178,0.000124469,-0.000266766,0.0003577405699159793,68.16273074932133,34.038644834985945
PART-RIVERBANK-2,402,RiverBank/C3D8R,255.0,5.0,-5.0,-0.0005438981,5.328886e-05,-0.00093052554,-0.000338181,8.50249e-06,-0.000647849,0.0003524647080723948,32.661636649508644,32.27442435984036
PART-RIVERBANK-2,404,RiverBank/C3D8R,255.0,-5.0,-5.0,-0.0005438981,-5.328886e-05,-0.00093052554,-0.000338181,-8.50249e-06,-0.000647849,0.0003524647080723948,32.661636649508644,32.27442435984036
PART-RIVERBANK-1,522,RiverBank/C3D8R,-255.0,5.0,-5.0,0.0005438981,5.328886e-05,-0.00093052554,0.000338181,8.50249e-06,-0.000647849,0.0003524647080723948,32.661636649508644,32.27442435984036
PART-RIVERBANK-1,524,RiverBank/C3D8R,-255.0,-5.0,-5.0,0.0005438981,-5.328886e-05,-0.00093052554,0.000338181,-8.50249e-06,-0.000647849,0.0003524647080723948,32.661636649508644,32.27442435984036
PART-RIVERBANK-2,406,RiverBank/C3D8R,260.0,0.0,-25.0,0.00011227693,-1.4304878e-17,-0.0006004787,-9.18167e-05,-1.21083e-16,-0.000322791,0.0003446225014967347,56.41362372829496,45.064068996896225
PART-RIVERBANK-1,496,RiverBank/C3D8R,-260.0,0.0,-25.0,-0.00011227693,3.5728677e-18,-0.0006004787,9.18167e-05,-9.7435e-17,-0.000322791,0.0003446225014967347,56.41362372829496,45.064068996896225
PART-RIVERBANK-2,267,RiverBank/C3D8R,260.0,5.0,0.0,-0.0006709003,-1.5727815e-05,-0.00070150493,-0.000331303,-4.57584e-05,-0.000715282,0.00034120077646529045,35.146144061822255,18.664474346821507
PART-RIVERBANK-2,269,RiverBank/C3D8R,260.0,-5.0,0.0,-0.0006709003,1.5727815e-05,-0.00070150493,-0.000331303,4.57584e-05,-0.000715282,0.00034120077646529045,35.146144061822255,18.664474346821507
PART-RIVERBANK-1,285,RiverBank/C3D8R,-260.0,5.0,0.0,0.0006709003,-1.5727815e-05,-0.00070150493,0.000331303,-4.57584e-05,-0.000715282,0.00034120077646529045,35.146144061822255,18.664474346821507
PART-RIVERBANK-1,287,RiverBank/C3D8R,-260.0,-5.0,0.0,0.0006709003,1.5727815e-05,-0.00070150493,0.000331303,4.57584e-05,-0.000715282,0.00034120077646529045,35.146144061822255,18.664474346821507
PART-RIVERBANK-2,292,RiverBank/C3D8R,250.0,0.0,-35.0,-0.0006867815,-1.250964e-17,-2.6327154e-05,-0.00100045,-7.80033e-17,0.000106718,0.00034071827203003614,49.5744577046356,46.39113982655717
PART-RIVERBANK-1,301,RiverBank/C3D8R,-250.0,0.0,-35.0,0.0006867815,3.2676726e-18,-2.6327154e-05,0.00100045,-5.58339e-17,0.000106718,0.00034071827203003614,49.5744577046356,46.39113982655717
PART-RIVERBANK-2,130,RiverBank/C3D8R,250.0,0.0,-5.0,-0.00060580415,-2.7385603e-17,-0.00053644716,-0.000352381,-3.47321e-16,-0.000756302,0.0003354987982502293,41.461516393893696,3.1122661682782184
PART-RIVERBANK-1,145,RiverBank/C3D8R,-250.0,0.0,-5.0,0.00060580415,1.6093734e-17,-0.00053644716,0.000352381,-3.48371e-16,-0.000756302,0.0003354987982502293,41.461516393893696,3.1122661682782184
PART-RIVERBANK-2,400,RiverBank/C3D8R,255.0,0.0,-10.0,-8.9556204e-05,-2.2476401e-17,-0.00085103785,-5.82386e-05,-2.55699e-16,-0.000517304,0.00033520005214218463,39.17092165561346,39.166825203564464
PART-RIVERBANK-1,520,RiverBank/C3D8R,-255.0,0.0,-10.0,8.9556204e-05,8.700403e-18,-0.00085103785,5.82386e-05,-2.48306e-16,-0.000517304,0.00033520005214218463,39.17092165561346,39.166825203564464
PART-RIVERBANK-2,50,RiverBank/C3D8R,280.0,10.0,0.0,-0.00036024503,-2.4940333e-05,-0.0006318848,-0.000282791,1.63623e-06,-0.000306956,0.0003350882951306624,46.041953339049186,42.652717926088116
PART-RIVERBANK-2,66,RiverBank/C3D8R,280.0,-10.0,0.0,-0.00036024503,2.4940333e-05,-0.0006318848,-0.000282791,-1.63623e-06,-0.000306956,0.0003350882951306624,46.041953339049186,42.652717926088116
PART-RIVERBANK-1,48,RiverBank/C3D8R,-280.0,10.0,0.0,0.00036024503,-2.4940333e-05,-0.0006318848,0.000282791,1.63623e-06,-0.000306956,0.0003350882951306624,46.041953339049186,42.652717926088116
PART-RIVERBANK-1,68,RiverBank/C3D8R,-280.0,-10.0,0.0,0.00036024503,2.4940333e-05,-0.0006318848,0.000282791,-1.63623e-06,-0.000306956,0.0003350882951306624,46.041953339049186,42.652717926088116
PART-RIVERBANK-2,280,RiverBank/C3D8R,280.0,0.0,0.0,-0.0003832608,-1.5700052e-17,-0.00064841675,-0.000297215,-1.04212e-16,-0.000324725,0.0003349331705216766,44.46712904273477,41.55614435041307
PART-RIVERBANK-1,274,RiverBank/C3D8R,-280.0,0.0,0.0,0.0003832608,-3.9974671e-19,-0.00064841675,0.000297215,-7.72964e-17,-0.000324725,0.0003349331705216766,44.46712904273477,41.55614435041307
PART-RIVERBANK-2,276,RiverBank/C3D8R,275.0,5.0,0.0,-0.00038578673,-1.0919008e-05,-0.00060076086,-0.000312153,6.63227e-06,-0.000277907,0.00033160908984834205,46.44074215368278,41.461876803017134
PART-RIVERBANK-2,278,RiverBank/C3D8R,275.0,-5.0,0.0,-0.00038578673,1.0919008e-05,-0.00060076086,-0.000312153,-6.63227e-06,-0.000277907,0.00033160908984834205,46.44074215368278,41.461876803017134
PART-RIVERBANK-1,276,RiverBank/C3D8R,-275.0,5.0,0.0,0.00038578673,-1.0919008e-05,-0.00060076086,0.000312153,6.63227e-06,-0.000277907,0.00033160908984834205,46.44074215368278,41.461876803017134
PART-RIVERBANK-1,278,RiverBank/C3D8R,-275.0,-5.0,0.0,0.00038578673,1.0919008e-05,-0.00060076086,0.000312153,-6.63227e-06,-0.000277907,0.00033160908984834205,46.44074215368278,41.461876803017134
PART-RIVERBANK-2,312,RiverBank/C3D8R,260.0,-10.0,-35.0,3.438e-05,-5.3229756e-05,-0.00026839293,-0.000167203,0.000157806,-0.000112465,0.00033088565329064424,119.98525587922559,7.189532683690139
PART-RIVERBANK-2,339,RiverBank/C3D8R,260.0,10.0,-35.0,3.438e-05,5.3229756e-05,-0.00026839293,-0.000167203,-0.000157806,-0.000112465,0.00033088565329064424,119.98525587922559,7.189532683690139
PART-RIVERBANK-1,330,RiverBank/C3D8R,-260.0,-10.0,-35.0,-3.438e-05,-5.3229756e-05,-0.00026839293,0.000167203,0.000157806,-0.000112465,0.00033088565329064424,119.98525587922559,7.189532683690139
PART-RIVERBANK-1,357,RiverBank/C3D8R,-260.0,10.0,-35.0,-3.438e-05,5.3229756e-05,-0.00026839293,0.000167203,-0.000157806,-0.000112465,0.00033088565329064424,119.98525587922559,7.189532683690139
PART-RIVERBANK-2,150,RiverBank/C3D8R,255.0,10.0,-10.0,-0.00025328225,0.00019814212,-0.0008295474,-0.000162634,0.000173929,-0.000513744,0.00032944676028116724,37.029088620543966,36.3552511633633
PART-RIVERBANK-2,195,RiverBank/C3D8R,255.0,-10.0,-10.0,-0.00025328225,-0.00019814212,-0.0008295474,-0.000162634,-0.000173929,-0.000513744,0.00032944676028116724,37.029088620543966,36.3552511633633
PART-RIVERBANK-1,190,RiverBank/C3D8R,-255.0,10.0,-10.0,0.00025328225,0.00019814212,-0.0008295474,0.000162634,0.000173929,-0.000513744,0.00032944676028116724,37.029088620543966,36.3552511633633
PART-RIVERBANK-1,235,RiverBank/C3D8R,-255.0,-10.0,-10.0,0.00025328225,-0.00019814212,-0.0008295474,0.000162634,-0.000173929,-0.000513744,0.00032944676028116724,37.029088620543966,36.3552511633633
PART-RIVERBANK-2,535,RiverBank/C3D8R,260.0,0.0,-35.0,0.00019232585,-6.253326e-18,-0.0005350758,-4.55457e-05,-5.96159e-17,-0.000312127,0.0003260200020257078,57.33826144091779,44.52379544653638
PART-RIVERBANK-1,589,RiverBank/C3D8R,-260.0,0.0,-35.0,-0.00019232585,1.7122636e-18,-0.0005350758,4.55457e-05,-4.62556e-17,-0.000312127,0.0003260200020257078,57.33826144091779,44.52379544653638
PART-RIVERBANK-2,414,RiverBank/C3D8R,260.0,5.0,-10.0,-0.0003482554,2.052783e-05,-0.000767115,-0.000219113,-9.51308e-06,-0.000477714,0.0003183286894899485,37.77417921558133,37.62380628559009
PART-RIVERBANK-2,416,RiverBank/C3D8R,260.0,-5.0,-10.0,-0.0003482554,-2.052783e-05,-0.000767115,-0.000219113,9.51308e-06,-0.000477714,0.0003183286894899485,37.77417921558133,37.62380628559009
PART-RIVERBANK-1,504,RiverBank/C3D8R,-260.0,5.0,-10.0,0.0003482554,2.052783e-05,-0.000767115,0.000219113,-9.51308e-06,-0.000477714,0.0003183286894899485,37.77417921558133,37.62380628559009
PART-RIVERBANK-1,506,RiverBank/C3D8R,-260.0,-5.0,-10.0,0.0003482554,-2.052783e-05,-0.000767115,0.000219113,9.51308e-06,-0.000477714,0.0003183286894899485,37.77417921558133,37.62380628559009
PART-RIVERBANK-2,432,RiverBank/C3D8R,265.0,5.0,-5.0,-0.00043254893,-2.2969796e-06,-0.0007123333,-0.000296024,-3.11801e-05,-0.000443241,0.00030312366630607355,36.37279368314263,35.93383077081263
PART-RIVERBANK-2,434,RiverBank/C3D8R,265.0,-5.0,-5.0,-0.00043254893,2.2969796e-06,-0.0007123333,-0.000296024,3.11801e-05,-0.000443241,0.00030312366630607355,36.37279368314263,35.93383077081263
PART-RIVERBANK-1,492,RiverBank/C3D8R,-265.0,5.0,-5.0,0.00043254893,-2.2969796e-06,-0.0007123333,0.000296024,-3.11801e-05,-0.000443241,0.00030312366630607355,36.37279368314263,35.93383077081263
PART-RIVERBANK-1,494,RiverBank/C3D8R,-265.0,-5.0,-5.0,0.00043254893,2.2969796e-06,-0.0007123333,0.000296024,3.11801e-05,-0.000443241,0.00030312366630607355,36.37279368314263,35.93383077081263
PART-RIVERBANK-2,118,RiverBank/C3D8R,250.0,0.0,-25.0,-0.00070443813,-1.5973213e-17,0.00019358855,-0.00097781,-1.3754e-16,0.000321421,0.0003017835558480604,41.3088459090674,40.890712131455295
PART-RIVERBANK-1,133,RiverBank/C3D8R,-250.0,0.0,-25.0,0.00070443813,5.0055693e-18,0.00019358855,0.00097781,-1.22127e-16,0.000321421,0.0003017835558480604,41.3088459090674,40.890712131455295
PART-RIVERBANK-2,154,RiverBank/C3D8R,260.0,10.0,-15.0,-0.00023882385,0.00011100154,-0.0007312318,-0.000142551,5.9145e-05,-0.000459791,0.0002926391468900463,37.652434288256046,37.59722126799723
PART-RIVERBANK-2,199,RiverBank/C3D8R,260.0,-10.0,-15.0,-0.00023882385,-0.00011100154,-0.0007312318,-0.000142551,-5.9145e-05,-0.000459791,0.0002926391468900463,37.652434288256046,37.59722126799723
PART-RIVERBANK-1,184,RiverBank/C3D8R,-260.0,10.0,-15.0,0.00023882385,0.00011100154,-0.0007312318,0.000142551,5.9145e-05,-0.000459791,0.0002926391468900463,37.652434288256046,37.59722126799723
PART-RIVERBANK-1,229,RiverBank/C3D8R,-260.0,-10.0,-15.0,0.00023882385,-0.00011100154,-0.0007312318,0.000142551,-5.9145e-05,-0.000459791,0.0002926391468900463,37.652434288256046,37.59722126799723
PART-RIVERBANK-2,244,RiverBank/C3D8R,265.0,0.0,-30.0,-0.0005703869,-1.02991125e-17,-0.00020523233,-0.000416768,-7.65661e-17,4.2432e-05,0.00029143847857062197,48.07739793107974,30.892095464242704
PART-RIVERBANK-1,256,RiverBank/C3D8R,-265.0,0.0,-30.0,0.0005703869,2.5846751e-18,-0.00020523233,0.000416768,-4.81948e-17,4.2432e-05,0.00029143847857062197,48.07739793107974,30.892095464242704
PART-RIVERBANK-2,126,RiverBank/C3D8R,250.0,5.0,-10.0,-0.0009285644,0.00015230001,-0.00048574797,-0.000638895,0.000142496,-0.000505077,0.00029047907206747445,27.43081988862588,21.922969821589085
PART-RIVERBANK-2,128,RiverBank/C3D8R,250.0,-5.0,-10.0,-0.0009285644,-0.00015230001,-0.00048574797,-0.000638895,-0.000142496,-0.000505077,0.00029047907206747445,27.43081988862588,21.922969821589085
PART-RIVERBANK-1,141,RiverBank/C3D8R,-250.0,5.0,-10.0,0.0009285644,0.00015230001,-0.00048574797,0.000638895,0.000142496,-0.000505077,0.00029047907206747445,27.43081988862588,21.922969821589085
PART-RIVERBANK-1,143,RiverBank/C3D8R,-250.0,-5.0,-10.0,0.0009285644,-0.00015230001,-0.00048574797,0.000638895,-0.000142496,-0.000505077,0.00029047907206747445,27.43081988862588,21.922969821589085
PART-RIVERBANK-2,405,RiverBank/C3D8R,260.0,5.0,-25.0,-0.00029345023,-4.2953958e-05,-0.00048658502,-4.03473e-05,5.12916e-05,-0.000384133,0.0002888593685158864,50.69088703062751,31.62403239130316
PART-RIVERBANK-2,407,RiverBank/C3D8R,260.0,-5.0,-25.0,-0.00029345023,4.2953958e-05,-0.00048658502,-4.03473e-05,-5.12916e-05,-0.000384133,0.0002888593685158864,50.69088703062751,31.62403239130316
PART-RIVERBANK-1,495,RiverBank/C3D8R,-260.0,5.0,-25.0,0.00029345023,-4.2953958e-05,-0.00048658502,4.03473e-05,5.12916e-05,-0.000384133,0.0002888593685158864,50.69088703062751,31.62403239130316
PART-RIVERBANK-1,497,RiverBank/C3D8R,-260.0,-5.0,-25.0,0.00029345023,4.2953958e-05,-0.00048658502,4.03473e-05,-5.12916e-05,-0.000384133,0.0002888593685158864,50.69088703062751,31.62403239130316
PART-RIVERBANK-2,52,RiverBank/C3D8R,290.0,10.0,0.0,-0.00036155002,-1.2845184e-05,-0.00053264666,-0.000271686,6.66606e-06,-0.000258918,0.00028876220327179856,44.84642783385027,41.704205495664375
PART-RIVERBANK-2,64,RiverBank/C3D8R,290.0,-10.0,0.0,-0.00036155002,1.2845184e-05,-0.00053264666,-0.000271686,-6.66606e-06,-0.000258918,0.00028876220327179856,44.84642783385027,41.704205495664375
PART-RIVERBANK-1,46,RiverBank/C3D8R,-290.0,10.0,0.0,0.00036155002,-1.2845184e-05,-0.00053264666,0.000271686,6.66606e-06,-0.000258918,0.00028876220327179856,44.84642783385027,41.704205495664375
PART-RIVERBANK-1,70,RiverBank/C3D8R,-290.0,-10.0,0.0,0.00036155002,1.2845184e-05,-0.00053264666,0.000271686,-6.66606e-06,-0.000258918,0.00028876220327179856,44.84642783385027,41.704205495664375
PART-RIVERBANK-2,286,RiverBank/C3D8R,290.0,0.0,0.0,-0.0003591363,-1.0024135e-17,-0.000539688,-0.000268231,-4.69021e-17,-0.000267893,0.0002865943048860008,44.20972553009474,41.52091074815276
PART-RIVERBANK-1,268,RiverBank/C3D8R,-290.0,0.0,0.0,0.0003591363,-2.0307288e-18,-0.000539688,0.000268231,-3.2824e-17,-0.000267893,0.0002865943048860008,44.20972553009474,41.52091074815276
PART-RIVERBANK-2,412,RiverBank/C3D8R,260.0,0.0,-15.0,-8.332305e-05,-1.725858e-17,-0.00073752296,-4.26288e-05,-1.82956e-16,-0.000454462,0.00028597120319917547,38.52943829402018,38.50069967090083
PART-RIVERBANK-1,502,RiverBank/C3D8R,-260.0,0.0,-15.0,8.332305e-05,4.926629e-18,-0.00073752296,4.26288e-05,-1.66273e-16,-0.000454462,0.00028597120319917547,38.52943829402018,38.50069967090083
PART-RIVERBANK-2,60,RiverBank/C3D8R,265.0,10.0,-30.0,-0.0006840569,-0.00057645346,-5.0457787e-05,-0.000501657,-0.000508293,0.000156648,0.00028426814601061263,31.72709812206968,18.39806997084589
PART-RIVERBANK-2,74,RiverBank/C3D8R,265.0,-10.0,-30.0,-0.0006840569,0.00057645346,-5.0457787e-05,-0.000501657,0.000508293,0.000156648,0.00028426814601061263,31.72709812206968,18.39806997084589
PART-RIVERBANK-1,56,RiverBank/C3D8R,-265.0,10.0,-30.0,0.0006840569,-0.00057645346,-5.0457787e-05,0.000501657,-0.000508293,0.000156648,0.00028426814601061263,31.72709812206968,18.39806997084589
PART-RIVERBANK-1,78,RiverBank/C3D8R,-265.0,-10.0,-30.0,0.0006840569,0.00057645346,-5.0457787e-05,0.000501657,0.000508293,0.000156648,0.00028426814601061263,31.72709812206968,18.39806997084589
PART-RIVERBANK-2,408,RiverBank/C3D8R,260.0,5.0,-20.0,-0.00013818995,6.4316664e-05,-0.00067245465,-0.000100371,1.17551e-05,-0.000396434,0.00028351435627786307,41.11805059396938,40.66657336752466
PART-RIVERBANK-2,410,RiverBank/C3D8R,260.0,-5.0,-20.0,-0.00013818995,-6.4316664e-05,-0.00067245465,-0.000100371,-1.17551e-05,-0.000396434,0.00028351435627786307,41.11805059396938,40.66657336752466
PART-RIVERBANK-1,498,RiverBank/C3D8R,-260.0,5.0,-20.0,0.00013818995,6.4316664e-05,-0.00067245465,0.000100371,1.17551e-05,-0.000396434,0.00028351435627786307,41.11805059396938,40.66657336752466
PART-RIVERBANK-1,500,RiverBank/C3D8R,-260.0,-5.0,-20.0,0.00013818995,-6.4316664e-05,-0.00067245465,0.000100371,-1.17551e-05,-0.000396434,0.00028351435627786307,41.11805059396938,40.66657336752466
PART-RIVERBANK-2,81,RiverBank/C3D8R,250.0,10.0,-35.0,-0.001081429,-0.00023581412,0.00026750966,-0.00129318,-0.000413266,0.000321517,0.0002815039049292388,24.721318777304273,22.52135507054885
PART-RIVERBANK-2,89,RiverBank/C3D8R,250.0,-10.0,-35.0,-0.001081429,0.00023581412,0.00026750966,-0.00129318,0.000413266,0.000321517,0.0002815039049292388,24.721318777304273,22.52135507054885
PART-RIVERBANK-1,92,RiverBank/C3D8R,-250.0,10.0,-35.0,0.001081429,-0.00023581412,0.00026750966,0.00129318,-0.000413266,0.000321517,0.0002815039049292388,24.721318777304273,22.52135507054885
PART-RIVERBANK-1,96,RiverBank/C3D8R,-250.0,-10.0,-35.0,0.001081429,0.00023581412,0.00026750966,0.00129318,0.000413266,0.000321517,0.0002815039049292388,24.721318777304273,22.52135507054885
PART-RIVERBANK-2,282,RiverBank/C3D8R,285.0,5.0,0.0,-0.00037229955,-8.027763e-06,-0.00051327544,-0.000280898,8.51114e-07,-0.000249276,0.0002795152627666282,44.07842100137548,40.776213647237405
PART-RIVERBANK-2,284,RiverBank/C3D8R,285.0,-5.0,0.0,-0.00037229955,8.027763e-06,-0.00051327544,-0.000280898,-8.51114e-07,-0.000249276,0.0002795152627666282,44.07842100137548,40.776213647237405
PART-RIVERBANK-1,270,RiverBank/C3D8R,-285.0,5.0,0.0,0.00037229955,-8.027763e-06,-0.00051327544,0.000280898,8.51114e-07,-0.000249276,0.0002795152627666282,44.07842100137548,40.776213647237405
PART-RIVERBANK-1,272,RiverBank/C3D8R,-285.0,-5.0,0.0,0.00037229955,8.027763e-06,-0.00051327544,0.000280898,-8.51114e-07,-0.000249276,0.0002795152627666282,44.07842100137548,40.776213647237405
PART-RIVERBANK-2,161,RiverBank/C3D8R,265.0,10.0,-5.0,-0.00042108435,-6.948177e-05,-0.00068301935,-0.000313802,-1.96678e-05,-0.00043212,0.00027738316109509226,34.44079345511199,33.64683043294825
PART-RIVERBANK-2,206,RiverBank/C3D8R,265.0,-10.0,-5.0,-0.00042108435,6.948177e-05,-0.00068301935,-0.000313802,1.96678e-05,-0.00043212,0.00027738316109509226,34.44079345511199,33.64683043294825
PART-RIVERBANK-1,181,RiverBank/C3D8R,-265.0,10.0,-5.0,0.00042108435,-6.948177e-05,-0.00068301935,0.000313802,-1.96678e-05,-0.00043212,0.00027738316109509226,34.44079345511199,33.64683043294825
PART-RIVERBANK-1,226,RiverBank/C3D8R,-265.0,-10.0,-5.0,0.00042108435,6.948177e-05,-0.00068301935,0.000313802,1.96678e-05,-0.00043212,0.00027738316109509226,34.44079345511199,33.64683043294825
PART-RIVERBANK-2,157,RiverBank/C3D8R,265.0,10.0,-25.0,-0.00027741469,-1.6211743e-05,-0.0004666729,-0.000102455,0.000122724,-0.000303247,0.0002768068976717671,50.96382071935355,36.884601680920404
PART-RIVERBANK-2,202,RiverBank/C3D8R,265.0,-10.0,-25.0,-0.00027741469,1.6211743e-05,-0.0004666729,-0.000102455,-0.000122724,-0.000303247,0.0002768068976717671,50.96382071935355,36.884601680920404
PART-RIVERBANK-1,177,RiverBank/C3D8R,-265.0,10.0,-25.0,0.00027741469,-1.6211743e-05,-0.0004666729,0.000102455,0.000122724,-0.000303247,0.0002768068976717671,50.96382071935355,36.884601680920404
PART-RIVERBANK-1,222,RiverBank/C3D8R,-265.0,-10.0,-25.0,0.00027741469,1.6211743e-05,-0.0004666729,0.000102455,-0.000122724,-0.000303247,0.0002768068976717671,50.96382071935355,36.884601680920404
PART-RIVERBANK-2,462,RiverBank/C3D8R,275.0,5.0,-5.0,-0.00037078006,4.747072e-06,-0.00060655846,-0.000275454,-1.84121e-05,-0.000347885,0.00027665025550543195,38.91415763657696,37.529968291410285
PART-RIVERBANK-2,464,RiverBank/C3D8R,275.0,-5.0,-5.0,-0.00037078006,-4.747072e-06,-0.00060655846,-0.000275454,1.84121e-05,-0.000347885,0.00027665025550543195,38.91415763657696,37.529968291410285
PART-RIVERBANK-1,462,RiverBank/C3D8R,-275.0,5.0,-5.0,0.00037078006,4.747072e-06,-0.00060655846,0.000275454,-1.84121e-05,-0.000347885,0.00027665025550543195,38.91415763657696,37.529968291410285
PART-RIVERBANK-1,464,RiverBank/C3D8R,-275.0,-5.0,-5.0,0.00037078006,-4.747072e-06,-0.00060655846,0.000275454,1.84121e-05,-0.000347885,0.00027665025550543195,38.91415763657696,37.529968291410285
PART-RIVERBANK-2,47,RiverBank/C3D8R,265.0,10.0,0.0,-0.0006119155,1.705923e-05,-0.00040502517,-0.0003404,-9.46022e-07,-0.000454656,0.0002766009311739974,37.683316684273294,22.62197215610943
PART-RIVERBANK-2,69,RiverBank/C3D8R,265.0,-10.0,0.0,-0.0006119155,-1.705923e-05,-0.00040502517,-0.0003404,9.46022e-07,-0.000454656,0.0002766009311739974,37.683316684273294,22.62197215610943
PART-RIVERBANK-1,51,RiverBank/C3D8R,-265.0,10.0,0.0,0.0006119155,1.705923e-05,-0.00040502517,0.0003404,-9.46022e-07,-0.000454656,0.0002766009311739974,37.683316684273294,22.62197215610943
PART-RIVERBANK-1,65,RiverBank/C3D8R,-265.0,-10.0,0.0,0.0006119155,-1.705923e-05,-0.00040502517,0.0003404,9.46022e-07,-0.000454656,0.0002766009311739974,37.683316684273294,22.62197215610943
PART-RIVERBANK-2,433,RiverBank/C3D8R,265.0,0.0,-5.0,-0.00053822686,-2.719164e-17,-0.00067891565,-0.00038828,-1.92907e-16,-0.000447463,0.00027577960406071023,31.83124580855594,31.618998323475918
PART-RIVERBANK-1,493,RiverBank/C3D8R,-265.0,0.0,-5.0,0.00053822686,4.5820165e-18,-0.00067891565,0.00038828,-1.30943e-16,-0.000447463,0.00027577960406071023,31.83124580855594,31.618998323475918
PART-RIVERBANK-2,534,RiverBank/C3D8R,260.0,-5.0,-35.0,-0.00023562,6.7731717e-06,-0.00026994117,1.8785e-05,-8.34719e-05,-0.000218126,0.0002748652193953739,76.69817560175383,34.6193868718488
PART-RIVERBANK-2,536,RiverBank/C3D8R,260.0,5.0,-35.0,-0.00023562,-6.7731717e-06,-0.00026994117,1.8785e-05,8.34719e-05,-0.000218126,0.0002748652193953739,76.69817560175383,34.6193868718488
PART-RIVERBANK-1,588,RiverBank/C3D8R,-260.0,-5.0,-35.0,0.00023562,6.7731717e-06,-0.00026994117,-1.8785e-05,-8.34719e-05,-0.000218126,0.0002748652193953739,76.69817560175383,34.6193868718488
PART-RIVERBANK-1,590,RiverBank/C3D8R,-260.0,5.0,-35.0,0.00023562,-6.7731717e-06,-0.00026994117,-1.8785e-05,8.34719e-05,-0.000218126,0.0002748652193953739,76.69817560175383,34.6193868718488
PART-RIVERBANK-2,418,RiverBank/C3D8R,260.0,0.0,-5.0,-0.00032082046,-2.3667914e-17,-0.0006753493,-0.000200452,-2.42633e-16,-0.00043854,0.00026564489592172027,35.529316544995545,35.50956566151684
PART-RIVERBANK-1,508,RiverBank/C3D8R,-260.0,0.0,-5.0,0.00032082046,6.4995944e-18,-0.0006753493,0.000200452,-2.00949e-16,-0.00043854,0.00026564489592172027,35.529316544995545,35.50956566151684
PART-RIVERBANK-2,237,RiverBank/C3D8R,255.0,5.0,-30.0,0.0015651911,0.00039755445,-0.0010684653,0.0013029,0.000365023,-0.00105869,0.0002644815170638631,13.65869414672166,11.275474308786794
PART-RIVERBANK-2,239,RiverBank/C3D8R,255.0,-5.0,-30.0,0.0015651911,-0.00039755445,-0.0010684653,0.0013029,-0.000365023,-0.00105869,0.0002644815170638631,13.65869414672166,11.275474308786794
PART-RIVERBANK-1,261,RiverBank/C3D8R,-255.0,5.0,-30.0,-0.0015651911,0.00039755445,-0.0010684653,-0.0013029,0.000365023,-0.00105869,0.0002644815170638631,13.65869414672166,11.275474308786794
PART-RIVERBANK-1,263,RiverBank/C3D8R,-255.0,-5.0,-30.0,-0.0015651911,-0.00039755445,-0.0010684653,-0.0013029,-0.000365023,-0.00105869,0.0002644815170638631,13.65869414672166,11.275474308786794
PART-RIVERBANK-2,156,RiverBank/C3D8R,260.0,10.0,-5.0,-0.00048218793,6.28307e-05,-0.0006054423,-0.000305172,4.09094e-05,-0.0004155,0.00026056335159946206,33.55443228292157,33.40328410865192
PART-RIVERBANK-2,201,RiverBank/C3D8R,260.0,-10.0,-5.0,-0.00048218793,-6.28307e-05,-0.0006054423,-0.000305172,-4.09094e-05,-0.0004155,0.00026056335159946206,33.55443228292157,33.40328410865192
PART-RIVERBANK-1,186,RiverBank/C3D8R,-260.0,10.0,-5.0,0.00048218793,6.28307e-05,-0.0006054423,0.000305172,4.09094e-05,-0.0004155,0.00026056335159946206,33.55443228292157,33.40328410865192
PART-RIVERBANK-1,231,RiverBank/C3D8R,-260.0,-10.0,-5.0,0.00048218793,-6.28307e-05,-0.0006054423,0.000305172,-4.09094e-05,-0.0004155,0.00026056335159946206,33.55443228292157,33.40328410865192
PART-RIVERBANK-2,444,RiverBank/C3D8R,270.0,5.0,-10.0,-0.00033420275,6.552843e-06,-0.00062726176,-0.000234676,-1.64369e-05,-0.000389664,0.00025862482055244847,36.386650942613656,35.96065581899601
PART-RIVERBANK-2,446,RiverBank/C3D8R,270.0,-5.0,-10.0,-0.00033420275,-6.552843e-06,-0.00062726176,-0.000234676,1.64369e-05,-0.000389664,0.00025862482055244847,36.386650942613656,35.96065581899601
PART-RIVERBANK-1,474,RiverBank/C3D8R,-270.0,5.0,-10.0,0.00033420275,6.552843e-06,-0.00062726176,0.000234676,-1.64369e-05,-0.000389664,0.00025862482055244847,36.386650942613656,35.96065581899601
PART-RIVERBANK-1,476,RiverBank/C3D8R,-270.0,-5.0,-10.0,0.00033420275,-6.552843e-06,-0.00062726176,0.000234676,1.64369e-05,-0.000389664,0.00025862482055244847,36.386650942613656,35.96065581899601
PART-RIVERBANK-2,492,RiverBank/C3D8R,285.0,5.0,-5.0,-0.00033359628,1.0806109e-05,-0.0005311809,-0.000248345,-6.29668e-06,-0.000292432,0.0002540892035967426,40.502583233764966,38.83588788042051
PART-RIVERBANK-2,494,RiverBank/C3D8R,285.0,-5.0,-5.0,-0.00033359628,-1.0806109e-05,-0.0005311809,-0.000248345,6.29668e-06,-0.000292432,0.0002540892035967426,40.502583233764966,38.83588788042051
PART-RIVERBANK-1,432,RiverBank/C3D8R,-285.0,5.0,-5.0,0.00033359628,1.0806109e-05,-0.0005311809,0.000248345,-6.29668e-06,-0.000292432,0.0002540892035967426,40.502583233764966,38.83588788042051
PART-RIVERBANK-1,434,RiverBank/C3D8R,-285.0,-5.0,-5.0,0.00033359628,-1.0806109e-05,-0.0005311809,0.000248345,6.29668e-06,-0.000292432,0.0002540892035967426,40.502583233764966,38.83588788042051
PART-RIVERBANK-2,448,RiverBank/C3D8R,270.0,0.0,-5.0,-0.00035523952,-1.9065997e-17,-0.00056095235,-0.000260566,-1.60751e-16,-0.000325623,0.0002536591775603889,38.20312802425804,37.18992340646162
PART-RIVERBANK-1,478,RiverBank/C3D8R,-270.0,0.0,-5.0,0.00035523952,3.5074274e-18,-0.00056095235,0.000260566,-1.24393e-16,-0.000325623,0.0002536591775603889,38.20312802425804,37.18992340646162
PART-RIVERBANK-2,246,RiverBank/C3D8R,270.0,5.0,-30.0,-0.00037312048,-0.00018964653,-0.00020355395,-0.000252881,-0.000167588,1.77573e-05,0.0002528295486548077,54.32248726546044,34.70650180553779
PART-RIVERBANK-2,248,RiverBank/C3D8R,270.0,-5.0,-30.0,-0.00037312048,0.00018964653,-0.00020355395,-0.000252881,0.000167588,1.77573e-05,0.0002528295486548077,54.32248726546044,34.70650180553779
PART-RIVERBANK-1,252,RiverBank/C3D8R,-270.0,5.0,-30.0,0.00037312048,-0.00018964653,-0.00020355395,0.000252881,-0.000167588,1.77573e-05,0.0002528295486548077,54.32248726546044,34.70650180553779
PART-RIVERBANK-1,254,RiverBank/C3D8R,-270.0,-5.0,-30.0,0.00037312048,0.00018964653,-0.00020355395,0.000252881,0.000167588,1.77573e-05,0.0002528295486548077,54.32248726546044,34.70650180553779
PART-RIVERBANK-2,415,RiverBank/C3D8R,260.0,0.0,-10.0,-0.000556448,-2.6386792e-17,-0.0006321695,-0.000412444,-2.14172e-16,-0.000424583,0.0002526446259041541,29.998770590780566,29.714857788213344
PART-RIVERBANK-1,505,RiverBank/C3D8R,-260.0,0.0,-10.0,0.000556448,5.929488e-18,-0.0006321695,0.000412444,-1.50669e-16,-0.000424583,0.0002526446259041541,29.998770590780566,29.714857788213344
PART-RIVERBANK-2,166,RiverBank/C3D8R,270.0,10.0,-5.0,-0.0004412306,2.5115583e-05,-0.0005349149,-0.000315549,-2.02864e-05,-0.000321303,0.00025196676062628245,36.3134929006744,35.030996119985865
PART-RIVERBANK-2,211,RiverBank/C3D8R,270.0,-10.0,-5.0,-0.0004412306,-2.5115583e-05,-0.0005349149,-0.000315549,2.02864e-05,-0.000321303,0.00025196676062628245,36.3134929006744,35.030996119985865
PART-RIVERBANK-1,176,RiverBank/C3D8R,-270.0,10.0,-5.0,0.0004412306,2.5115583e-05,-0.0005349149,0.000315549,-2.02864e-05,-0.000321303,0.00025196676062628245,36.3134929006744,35.030996119985865
PART-RIVERBANK-1,221,RiverBank/C3D8R,-270.0,-10.0,-5.0,0.0004412306,-2.5115583e-05,-0.0005349149,0.000315549,2.02864e-05,-0.000321303,0.00025196676062628245,36.3134929006744,35.030996119985865
PART-RIVERBANK-2,6,RiverBank/C3D8R,300.0,-10.0,0.0,-0.00036321368,1.0008037e-05,-0.0004238546,-0.000273631,-7.71017e-06,-0.000189385,0.0002516246902421089,45.071377755005,40.37648753129748
PART-RIVERBANK-2,7,RiverBank/C3D8R,300.0,10.0,0.0,-0.00036321368,-1.0008037e-05,-0.0004238546,-0.000273631,7.71017e-06,-0.000189385,0.0002516246902421089,45.071377755005,40.37648753129748
PART-RIVERBANK-1,3,RiverBank/C3D8R,-300.0,-10.0,0.0,0.00036321368,1.0008037e-05,-0.0004238546,0.000273631,-7.71017e-06,-0.000189385,0.0002516246902421089,45.071377755005,40.37648753129748
PART-RIVERBANK-1,4,RiverBank/C3D8R,-300.0,10.0,0.0,0.00036321368,-1.0008037e-05,-0.0004238546,0.000273631,7.71017e-06,-0.000189385,0.0002516246902421089,45.071377755005,40.37648753129748
PART-RIVERBANK-2,160,RiverBank/C3D8R,265.0,10.0,-10.0,-0.00038496347,5.424002e-05,-0.0005910206,-0.000254504,1.04175e-05,-0.000383347,0.00024913532609566094,35.217415507475636,34.93884357028303
PART-RIVERBANK-2,205,RiverBank/C3D8R,265.0,-10.0,-10.0,-0.00038496347,-5.424002e-05,-0.0005910206,-0.000254504,-1.04175e-05,-0.000383347,0.00024913532609566094,35.217415507475636,34.93884357028303
PART-RIVERBANK-1,180,RiverBank/C3D8R,-265.0,10.0,-10.0,0.00038496347,5.424002e-05,-0.0005910206,0.000254504,1.04175e-05,-0.000383347,0.00024913532609566094,35.217415507475636,34.93884357028303
PART-RIVERBANK-1,225,RiverBank/C3D8R,-265.0,-10.0,-10.0,0.00038496347,-5.424002e-05,-0.0005910206,0.000254504,-1.04175e-05,-0.000383347,0.00024913532609566094,35.217415507475636,34.93884357028303
PART-RIVERBANK-2,38,RiverBank/C3D8R,300.0,0.0,0.0,-0.00034407838,-5.2413435e-18,-0.0004286536,-0.000257727,1.13164e-18,-0.000196349,0.00024783459808724124,45.08813263180668,41.0551853076509
PART-RIVERBANK-1,22,RiverBank/C3D8R,-300.0,0.0,0.0,0.00034407838,-3.9824387e-18,-0.0004286536,0.000257727,6.54375e-18,-0.000196349,0.00024783459808724124,45.08813263180668,41.0551853076509
PART-RIVERBANK-2,430,RiverBank/C3D8R,265.0,0.0,-10.0,-0.00026575133,-1.8458621e-17,-0.0006219172,-0.000180209,-1.72974e-16,-0.000390506,0.0002467156940838359,36.4792945022891,36.408281701272635
PART-RIVERBANK-1,490,RiverBank/C3D8R,-265.0,0.0,-10.0,0.00026575133,3.410306e-18,-0.0006219172,0.000180209,-1.47082e-16,-0.000390506,0.0002467156940838359,36.4792945022891,36.408281701272635
PART-RIVERBANK-2,417,RiverBank/C3D8R,260.0,5.0,-5.0,-0.0005063928,-2.0661677e-05,-0.00057620375,-0.000394378,1.64255e-05,-0.000360221,0.00024611241824506097,32.07179895400309,30.362889825702382
PART-RIVERBANK-2,419,RiverBank/C3D8R,260.0,-5.0,-5.0,-0.0005063928,2.0661677e-05,-0.00057620375,-0.000394378,-1.64255e-05,-0.000360221,0.00024611241824506097,32.07179895400309,30.362889825702382
PART-RIVERBANK-1,507,RiverBank/C3D8R,-260.0,5.0,-5.0,0.0005063928,-2.0661677e-05,-0.00057620375,0.000394378,1.64255e-05,-0.000360221,0.00024611241824506097,32.07179895400309,30.362889825702382
PART-RIVERBANK-1,509,RiverBank/C3D8R,-260.0,-5.0,-5.0,0.0005063928,2.0661677e-05,-0.00057620375,0.000394378,-1.64255e-05,-0.000360221,0.00024611241824506097,32.07179895400309,30.362889825702382
PART-RIVERBANK-2,426,RiverBank/C3D8R,265.0,5.0,-15.0,-0.00025784987,3.2246804e-05,-0.0006370147,-0.000159884,1.52353e-06,-0.000413741,0.00024574860398754244,35.72040053561938,35.526813956340725
PART-RIVERBANK-2,428,RiverBank/C3D8R,265.0,-5.0,-15.0,-0.00025784987,-3.2246804e-05,-0.0006370147,-0.000159884,-1.52353e-06,-0.000413741,0.00024574860398754244,35.72040053561938,35.526813956340725
PART-RIVERBANK-1,486,RiverBank/C3D8R,-265.0,5.0,-15.0,0.00025784987,3.2246804e-05,-0.0006370147,0.000159884,1.52353e-06,-0.000413741,0.00024574860398754244,35.72040053561938,35.526813956340725
PART-RIVERBANK-1,488,RiverBank/C3D8R,-265.0,-5.0,-15.0,0.00025784987,-3.2246804e-05,-0.0006370147,0.000159884,-1.52353e-06,-0.000413741,0.00024574860398754244,35.72040053561938,35.526813956340725
PART-RIVERBANK-2,288,RiverBank/C3D8R,295.0,5.0,0.0,-0.00037990444,-6.106833e-06,-0.00041503707,-0.000277769,-1.05154e-06,-0.000192123,0.00024525066094768094,43.58536708220312,39.9777352183198
PART-RIVERBANK-2,290,RiverBank/C3D8R,295.0,-5.0,0.0,-0.00037990444,6.106833e-06,-0.00041503707,-0.000277769,1.05154e-06,-0.000192123,0.00024525066094768094,43.58536708220312,39.9777352183198
PART-RIVERBANK-1,264,RiverBank/C3D8R,-295.0,5.0,0.0,0.00037990444,-6.106833e-06,-0.00041503707,0.000277769,-1.05154e-06,-0.000192123,0.00024525066094768094,43.58536708220312,39.9777352183198
PART-RIVERBANK-1,266,RiverBank/C3D8R,-295.0,-5.0,0.0,0.00037990444,6.106833e-06,-0.00041503707,0.000277769,1.05154e-06,-0.000192123,0.00024525066094768094,43.58536708220312,39.9777352183198
PART-RIVERBANK-2,61,RiverBank/C3D8R,260.0,10.0,-30.0,0.00095342495,0.0008708192,-0.0009105276,0.000752914,0.000749632,-0.000847958,0.00024249934712881703,15.348042346842162,13.964637289122301
PART-RIVERBANK-2,73,RiverBank/C3D8R,260.0,-10.0,-30.0,0.00095342495,-0.0008708192,-0.0009105276,0.000752914,-0.000749632,-0.000847958,0.00024249934712881703,15.348042346842162,13.964637289122301
PART-RIVERBANK-1,55,RiverBank/C3D8R,-260.0,10.0,-30.0,-0.00095342495,0.0008708192,-0.0009105276,-0.000752914,0.000749632,-0.000847958,0.00024249934712881703,15.348042346842162,13.964637289122301
PART-RIVERBANK-1,79,RiverBank/C3D8R,-260.0,-10.0,-30.0,-0.00095342495,-0.0008708192,-0.0009105276,-0.000752914,-0.000749632,-0.000847958,0.00024249934712881703,15.348042346842162,13.964637289122301
PART-RIVERBANK-2,315,RiverBank/C3D8R,265.0,-10.0,-35.0,-0.0001878979,-1.4290165e-05,-0.00038110517,-2.65646e-05,-0.000150197,-0.000262385,0.00024206110851071497,56.935702976043835,28.61372468757607
PART-RIVERBANK-2,342,RiverBank/C3D8R,265.0,10.0,-35.0,-0.0001878979,1.4290165e-05,-0.00038110517,-2.65646e-05,0.000150197,-0.000262385,0.00024206110851071497,56.935702976043835,28.61372468757607
PART-RIVERBANK-1,327,RiverBank/C3D8R,-265.0,-10.0,-35.0,0.0001878979,-1.4290165e-05,-0.00038110517,2.65646e-05,-0.000150197,-0.000262385,0.00024206110851071497,56.935702976043835,28.61372468757607
PART-RIVERBANK-1,354,RiverBank/C3D8R,-265.0,10.0,-35.0,0.0001878979,1.4290165e-05,-0.00038110517,2.65646e-05,0.000150197,-0.000262385,0.00024206110851071497,56.935702976043835,28.61372468757607
PART-RIVERBANK-2,397,RiverBank/C3D8R,255.0,0.0,-15.0,-0.0005710475,-2.6372649e-17,-0.00069841044,-0.000385545,-2.3703e-16,-0.000543786,0.00024149512407409723,26.76888048527436,26.110362544089778
PART-RIVERBANK-1,517,RiverBank/C3D8R,-255.0,0.0,-15.0,0.0005710475,6.061703e-18,-0.00069841044,0.000385545,-1.6851e-16,-0.000543786,0.00024149512407409723,26.76888048527436,26.110362544089778
PART-RIVERBANK-2,421,RiverBank/C3D8R,265.0,0.0,-25.0,-0.00034926092,-7.380935e-18,-0.00039477792,-0.00015495,-8.03817e-17,-0.000251568,0.00024138312869306504,45.79469354270355,43.946166340744846
PART-RIVERBANK-1,481,RiverBank/C3D8R,-265.0,0.0,-25.0,0.00034926092,2.2833944e-18,-0.00039477792,0.00015495,-7.63532e-17,-0.000251568,0.00024138312869306504,45.79469354270355,43.946166340744846
PART-RIVERBANK-2,478,RiverBank/C3D8R,280.0,0.0,-5.0,-0.00034437625,-1.35017805e-17,-0.0005014534,-0.000257661,-9.27298e-17,-0.000276558,0.00024103417916080392,39.62307029932088,37.86370359118659
PART-RIVERBANK-1,448,RiverBank/C3D8R,-280.0,0.0,-5.0,0.00034437625,1.0676949e-18,-0.0005014534,0.000257661,-6.37435e-17,-0.000276558,0.00024103417916080392,39.62307029932088,37.86370359118659
PART-RIVERBANK-2,420,RiverBank/C3D8R,265.0,5.0,-25.0,1.4544427e-06,7.6460296e-05,-0.00054012873,-8.98109e-05,-1.51131e-05,-0.000339337,0.00023881450640510544,43.77775435979686,35.59378540582283
PART-RIVERBANK-2,422,RiverBank/C3D8R,265.0,-5.0,-25.0,1.4544427e-06,-7.6460296e-05,-0.00054012873,-8.98109e-05,1.51131e-05,-0.000339337,0.00023881450640510544,43.77775435979686,35.59378540582283
PART-RIVERBANK-1,480,RiverBank/C3D8R,-265.0,5.0,-25.0,-1.4544427e-06,7.6460296e-05,-0.00054012873,8.98109e-05,-1.51131e-05,-0.000339337,0.00023881450640510544,43.77775435979686,35.59378540582283
PART-RIVERBANK-1,482,RiverBank/C3D8R,-265.0,-5.0,-25.0,-1.4544427e-06,-7.6460296e-05,-0.00054012873,8.98109e-05,1.51131e-05,-0.000339337,0.00023881450640510544,43.77775435979686,35.59378540582283
PART-RIVERBANK-2,155,RiverBank/C3D8R,260.0,10.0,-10.0,-0.00038937645,-7.51214e-05,-0.0006205553,-0.000308548,-4.63209e-05,-0.000398784,0.00023779238136101516,32.28937697781555,31.245590058114132
PART-RIVERBANK-2,200,RiverBank/C3D8R,260.0,-10.0,-10.0,-0.00038937645,7.51214e-05,-0.0006205553,-0.000308548,4.63209e-05,-0.000398784,0.00023779238136101516,32.28937697781555,31.245590058114132
PART-RIVERBANK-1,185,RiverBank/C3D8R,-260.0,10.0,-10.0,0.00038937645,-7.51214e-05,-0.0006205553,0.000308548,-4.63209e-05,-0.000398784,0.00023779238136101516,32.28937697781555,31.245590058114132
PART-RIVERBANK-1,230,RiverBank/C3D8R,-260.0,-10.0,-10.0,0.00038937645,7.51214e-05,-0.0006205553,0.000308548,4.63209e-05,-0.000398784,0.00023779238136101516,32.28937697781555,31.245590058114132
PART-RIVERBANK-2,176,RiverBank/C3D8R,280.0,10.0,-5.0,-0.00037295456,2.2127295e-05,-0.00048590425,-0.000275337,-2.0855e-05,-0.000273397,0.00023777299469532513,38.7926154979618,36.60390365245734
PART-RIVERBANK-2,221,RiverBank/C3D8R,280.0,-10.0,-5.0,-0.00037295456,-2.2127295e-05,-0.00048590425,-0.000275337,2.0855e-05,-0.000273397,0.00023777299469532513,38.7926154979618,36.60390365245734
PART-RIVERBANK-1,166,RiverBank/C3D8R,-280.0,10.0,-5.0,0.00037295456,2.2127295e-05,-0.00048590425,0.000275337,-2.0855e-05,-0.000273397,0.00023777299469532513,38.7926154979618,36.60390365245734
PART-RIVERBANK-1,211,RiverBank/C3D8R,-280.0,-10.0,-5.0,0.00037295456,-2.2127295e-05,-0.00048590425,0.000275337,2.0855e-05,-0.000273397,0.00023777299469532513,38.7926154979618,36.60390365245734
PART-RIVERBANK-2,16,RiverBank/C3D8R,250.0,-10.0,-25.0,-0.0012132392,-5.697489e-05,0.00020149337,-0.00134737,0.000100179,0.00031689,0.00023665333056208833,19.22172569974397,12.71772795139577
PART-RIVERBANK-2,28,RiverBank/C3D8R,250.0,10.0,-25.0,-0.0012132392,5.697489e-05,0.00020149337,-0.00134737,-0.000100179,0.00031689,0.00023665333056208833,19.22172569974397,12.71772795139577
PART-RIVERBANK-1,36,RiverBank/C3D8R,-250.0,-10.0,-25.0,0.0012132392,-5.697489e-05,0.00020149337,0.00134737,0.000100179,0.00031689,0.00023665333056208833,19.22172569974397,12.71772795139577
PART-RIVERBANK-1,40,RiverBank/C3D8R,-250.0,10.0,-25.0,0.0012132392,5.697489e-05,0.00020149337,0.00134737,-0.000100179,0.00031689,0.00023665333056208833,19.22172569974397,12.71772795139577
PART-RIVERBANK-2,271,RiverBank/C3D8R,265.0,0.0,0.0,-0.0004947803,-2.677408e-17,-0.00043396084,-0.0002595,-2.278e-16,-0.000456332,0.0002363414656124388,35.91129068006194,20.234652141810464
PART-RIVERBANK-1,283,RiverBank/C3D8R,-265.0,0.0,0.0,0.0004947803,5.8099268e-18,-0.00043396084,0.0002595,-1.67313e-16,-0.000456332,0.0002363414656124388,35.91129068006194,20.234652141810464
PART-RIVERBANK-2,165,RiverBank/C3D8R,270.0,10.0,-10.0,-0.00031060894,-2.4332106e-05,-0.00057034084,-0.000229108,1.41432e-05,-0.000355854,0.00023265286786511538,35.798738224586565,34.840642605512144
PART-RIVERBANK-2,210,RiverBank/C3D8R,270.0,-10.0,-10.0,-0.00031060894,2.4332106e-05,-0.00057034084,-0.000229108,-1.41432e-05,-0.000355854,0.00023265286786511538,35.798738224586565,34.840642605512144
PART-RIVERBANK-1,175,RiverBank/C3D8R,-270.0,10.0,-10.0,0.00031060894,-2.4332106e-05,-0.00057034084,0.000229108,1.41432e-05,-0.000355854,0.00023265286786511538,35.798738224586565,34.840642605512144
PART-RIVERBANK-1,220,RiverBank/C3D8R,-270.0,-10.0,-10.0,0.00031060894,2.4332106e-05,-0.00057034084,0.000229108,-1.41432e-05,-0.000355854,0.00023265286786511538,35.798738224586565,34.840642605512144
PART-RIVERBANK-2,171,RiverBank/C3D8R,275.0,10.0,-5.0,-0.0003661575,-3.936641e-05,-0.00058340095,-0.00025403,1.13619e-05,-0.000387018,0.000231758928074861,33.59256541990183,32.878306618251706
PART-RIVERBANK-2,216,RiverBank/C3D8R,275.0,-10.0,-5.0,-0.0003661575,3.936641e-05,-0.00058340095,-0.00025403,-1.13619e-05,-0.000387018,0.000231758928074861,33.59256541990183,32.878306618251706
PART-RIVERBANK-1,171,RiverBank/C3D8R,-275.0,10.0,-5.0,0.0003661575,-3.936641e-05,-0.00058340095,0.00025403,1.13619e-05,-0.000387018,0.000231758928074861,33.59256541990183,32.878306618251706
PART-RIVERBANK-1,216,RiverBank/C3D8R,-275.0,-10.0,-5.0,0.0003661575,3.936641e-05,-0.00058340095,0.00025403,-1.13619e-05,-0.000387018,0.000231758928074861,33.59256541990183,32.878306618251706
PART-RIVERBANK-2,445,RiverBank/C3D8R,270.0,0.0,-10.0,-0.00038688068,-1.8330619e-17,-0.00056662323,-0.000276276,-1.32151e-16,-0.000363282,0.00023147581095184718,33.73772032926403,33.479257320735286
PART-RIVERBANK-1,475,RiverBank/C3D8R,-270.0,0.0,-10.0,0.00038688068,2.8250154e-18,-0.00056662323,0.000276276,-8.33379e-17,-0.000363282,0.00023147581095184718,33.73772032926403,33.479257320735286
PART-RIVERBANK-2,522,RiverBank/C3D8R,295.0,5.0,-5.0,-0.00031791712,1.3374404e-05,-0.00044333964,-0.000231267,-3.98963e-07,-0.000232666,0.00022821334651019137,41.81947172446836,39.88538552938531
PART-RIVERBANK-2,524,RiverBank/C3D8R,295.0,-5.0,-5.0,-0.00031791712,-1.3374404e-05,-0.00044333964,-0.000231267,3.98963e-07,-0.000232666,0.00022821334651019137,41.81947172446836,39.88538552938531
PART-RIVERBANK-1,402,RiverBank/C3D8R,-295.0,5.0,-5.0,0.00031791712,1.3374404e-05,-0.00044333964,0.000231267,-3.98963e-07,-0.000232666,0.00022821334651019137,41.81947172446836,39.88538552938531
PART-RIVERBANK-1,404,RiverBank/C3D8R,-295.0,-5.0,-5.0,0.00031791712,-1.3374404e-05,-0.00044333964,0.000231267,3.98963e-07,-0.000232666,0.00022821334651019137,41.81947172446836,39.88538552938531
PART-RIVERBANK-2,463,RiverBank/C3D8R,275.0,0.0,-5.0,-0.00041102796,-1.873821e-17,-0.0005863554,-0.00028217,-1.18043e-16,-0.000398207,0.00022804428139710416,31.8466342338456,31.84386529206475
PART-RIVERBANK-1,463,RiverBank/C3D8R,-275.0,0.0,-5.0,0.00041102796,9.359238e-19,-0.0005863554,0.00028217,-7.33124e-17,-0.000398207,0.00022804428139710416,31.8466342338456,31.84386529206475
PART-RIVERBANK-2,474,RiverBank/C3D8R,280.0,5.0,-10.0,-0.0002979473,8.095508e-06,-0.00054082123,-0.000219305,-6.65172e-06,-0.000327661,0.0002276826206293025,36.87073747218512,36.141595993997534
PART-RIVERBANK-2,476,RiverBank/C3D8R,280.0,-5.0,-10.0,-0.0002979473,-8.095508e-06,-0.00054082123,-0.000219305,6.65172e-06,-0.000327661,0.0002276826206293025,36.87073747218512,36.141595993997534
PART-RIVERBANK-1,444,RiverBank/C3D8R,-280.0,5.0,-10.0,0.0002979473,8.095508e-06,-0.00054082123,0.000219305,-6.65172e-06,-0.000327661,0.0002276826206293025,36.87073747218512,36.141595993997534
PART-RIVERBANK-1,446,RiverBank/C3D8R,-280.0,-5.0,-10.0,0.0002979473,-8.095508e-06,-0.00054082123,0.000219305,6.65172e-06,-0.000327661,0.0002276826206293025,36.87073747218512,36.141595993997534
PART-RIVERBANK-2,169,RiverBank/C3D8R,275.0,10.0,-15.0,-0.00023339698,-6.4601854e-06,-0.00051528506,-0.000177101,1.80726e-05,-0.000298032,0.00022576533614132715,39.90789398707465,38.63494596482319
PART-RIVERBANK-2,214,RiverBank/C3D8R,275.0,-10.0,-15.0,-0.00023339698,6.4601854e-06,-0.00051528506,-0.000177101,-1.80726e-05,-0.000298032,0.00022576533614132715,39.90789398707465,38.63494596482319
PART-RIVERBANK-1,169,RiverBank/C3D8R,-275.0,10.0,-15.0,0.00023339698,-6.4601854e-06,-0.00051528506,0.000177101,1.80726e-05,-0.000298032,0.00022576533614132715,39.90789398707465,38.63494596482319
PART-RIVERBANK-1,214,RiverBank/C3D8R,-275.0,-10.0,-15.0,0.00023339698,6.4601854e-06,-0.00051528506,0.000177101,-1.80726e-05,-0.000298032,0.00022576533614132715,39.90789398707465,38.63494596482319
PART-RIVERBANK-2,427,RiverBank/C3D8R,265.0,0.0,-15.0,-0.00038205914,-1.88072e-17,-0.0005400119,-0.000289739,-1.4324e-16,-0.000334039,0.00022571629047109031,34.12189644658123,33.15363743756864
PART-RIVERBANK-1,487,RiverBank/C3D8R,-265.0,0.0,-15.0,0.00038205914,3.6726228e-18,-0.0005400119,0.000289739,-1.00158e-16,-0.000334039,0.00022571629047109031,34.12189644658123,33.15363743756864
PART-RIVERBANK-2,273,RiverBank/C3D8R,270.0,5.0,0.0,-0.00052049296,-1.3293107e-05,-0.0005637169,-0.000311507,-2.90042e-05,-0.000485658,0.00022364069797240895,29.143550654076183,24.71702709443571
PART-RIVERBANK-2,275,RiverBank/C3D8R,270.0,-5.0,0.0,-0.00052049296,1.3293107e-05,-0.0005637169,-0.000311507,2.90042e-05,-0.000485658,0.00022364069797240895,29.143550654076183,24.71702709443571
PART-RIVERBANK-1,279,RiverBank/C3D8R,-270.0,5.0,0.0,0.00052049296,-1.3293107e-05,-0.0005637169,0.000311507,-2.90042e-05,-0.000485658,0.00022364069797240895,29.143550654076183,24.71702709443571
PART-RIVERBANK-1,281,RiverBank/C3D8R,-270.0,-5.0,0.0,0.00052049296,1.3293107e-05,-0.0005637169,0.000311507,2.90042e-05,-0.000485658,0.00022364069797240895,29.143550654076183,24.71702709443571
PART-RIVERBANK-2,508,RiverBank/C3D8R,290.0,0.0,-5.0,-0.00033977037,-8.713975e-18,-0.00043548198,-0.000248158,-3.84043e-17,-0.000231859,0.00022328265566563224,40.42426191312124,38.513617083854825
PART-RIVERBANK-1,418,RiverBank/C3D8R,-290.0,0.0,-5.0,0.00033977037,-1.3041322e-18,-0.00043548198,0.000248158,-1.65104e-17,-0.000231859,0.00022328265566563224,40.42426191312124,38.513617083854825
PART-RIVERBANK-2,399,RiverBank/C3D8R,255.0,5.0,-10.0,-0.0003637632,-4.996119e-05,-0.0007015017,-0.0002758,-1.44751e-05,-0.00050126,0.00022157058820298803,27.983660080269168,27.719287005459766
PART-RIVERBANK-2,401,RiverBank/C3D8R,255.0,-5.0,-10.0,-0.0003637632,4.996119e-05,-0.0007015017,-0.0002758,1.44751e-05,-0.00050126,0.00022157058820298803,27.983660080269168,27.719287005459766
PART-RIVERBANK-1,519,RiverBank/C3D8R,-255.0,5.0,-10.0,0.0003637632,-4.996119e-05,-0.0007015017,0.0002758,-1.44751e-05,-0.00050126,0.00022157058820298803,27.983660080269168,27.719287005459766
PART-RIVERBANK-1,521,RiverBank/C3D8R,-255.0,-5.0,-10.0,0.0003637632,4.996119e-05,-0.0007015017,0.0002758,1.44751e-05,-0.00050126,0.00022157058820298803,27.983660080269168,27.719287005459766
PART-RIVERBANK-2,159,RiverBank/C3D8R,265.0,10.0,-15.0,-0.0002702257,-3.67672e-05,-0.00053587666,-0.000219423,5.46549e-07,-0.000323571,0.00022146540014133267,36.83232886704914,34.97972044688217
PART-RIVERBANK-2,204,RiverBank/C3D8R,265.0,-10.0,-15.0,-0.0002702257,3.67672e-05,-0.00053587666,-0.000219423,-5.46549e-07,-0.000323571,0.00022146540014133267,36.83232886704914,34.97972044688217
PART-RIVERBANK-1,179,RiverBank/C3D8R,-265.0,10.0,-15.0,0.0002702257,-3.67672e-05,-0.00053587666,0.000219423,5.46549e-07,-0.000323571,0.00022146540014133267,36.83232886704914,34.97972044688217
PART-RIVERBANK-1,224,RiverBank/C3D8R,-265.0,-10.0,-15.0,0.0002702257,3.67672e-05,-0.00053587666,0.000219423,-5.46549e-07,-0.000323571,0.00022146540014133267,36.83232886704914,34.97972044688217
PART-RIVERBANK-2,186,RiverBank/C3D8R,290.0,10.0,-5.0,-0.0003405021,2.3250914e-05,-0.00042147693,-0.000247009,-1.30304e-05,-0.00022721,0.00021862509824995278,40.31196635434561,38.06969962589135
PART-RIVERBANK-2,231,RiverBank/C3D8R,290.0,-10.0,-5.0,-0.0003405021,-2.3250914e-05,-0.00042147693,-0.000247009,1.30304e-05,-0.00022721,0.00021862509824995278,40.31196635434561,38.06969962589135
PART-RIVERBANK-1,156,RiverBank/C3D8R,-290.0,10.0,-5.0,0.0003405021,2.3250914e-05,-0.00042147693,0.000247009,-1.30304e-05,-0.00022721,0.00021862509824995278,40.31196635434561,38.06969962589135
PART-RIVERBANK-1,201,RiverBank/C3D8R,-290.0,-10.0,-5.0,0.0003405021,-2.3250914e-05,-0.00042147693,0.000247009,1.30304e-05,-0.00022721,0.00021862509824995278,40.31196635434561,38.06969962589135
PART-RIVERBANK-2,457,RiverBank/C3D8R,275.0,0.0,-15.0,-0.00026871712,-1.2674346e-17,-0.00049440505,-0.000197278,-8.31761e-17,-0.000288149,0.00021827758938557315,38.79025764376164,37.941443805726664
PART-RIVERBANK-1,457,RiverBank/C3D8R,-275.0,0.0,-15.0,0.00026871712,1.3364127e-18,-0.00049440505,0.000197278,-5.31581e-17,-0.000288149,0.00021827758938557315,38.79025764376164,37.941443805726664
PART-RIVERBANK-2,175,RiverBank/C3D8R,280.0,10.0,-10.0,-0.00028895683,-7.793752e-06,-0.00052282173,-0.000205535,2.05733e-05,-0.000324471,0.00021704124827150374,36.33033461399399,35.61516071752545
PART-RIVERBANK-2,220,RiverBank/C3D8R,280.0,-10.0,-10.0,-0.00028895683,7.793752e-06,-0.00052282173,-0.000205535,-2.05733e-05,-0.000324471,0.00021704124827150374,36.33033461399399,35.61516071752545
PART-RIVERBANK-1,165,RiverBank/C3D8R,-280.0,10.0,-10.0,0.00028895683,-7.793752e-06,-0.00052282173,0.000205535,2.05733e-05,-0.000324471,0.00021704124827150374,36.33033461399399,35.61516071752545
PART-RIVERBANK-1,210,RiverBank/C3D8R,-280.0,-10.0,-10.0,0.00028895683,7.793752e-06,-0.00052282173,0.000205535,-2.05733e-05,-0.000324471,0.00021704124827150374,36.33033461399399,35.61516071752545
PART-RIVERBANK-2,429,RiverBank/C3D8R,265.0,5.0,-10.0,-0.00037440608,-8.073825e-06,-0.0005464228,-0.000282119,1.84419e-05,-0.00035291,0.0002160259071756025,32.610777891212734,31.73827847460094
PART-RIVERBANK-2,431,RiverBank/C3D8R,265.0,-5.0,-10.0,-0.00037440608,8.073825e-06,-0.0005464228,-0.000282119,-1.84419e-05,-0.00035291,0.0002160259071756025,32.610777891212734,31.73827847460094
PART-RIVERBANK-1,489,RiverBank/C3D8R,-265.0,5.0,-10.0,0.00037440608,-8.073825e-06,-0.0005464228,0.000282119,1.84419e-05,-0.00035291,0.0002160259071756025,32.610777891212734,31.73827847460094
PART-RIVERBANK-1,491,RiverBank/C3D8R,-265.0,-5.0,-10.0,0.00037440608,8.073825e-06,-0.0005464228,0.000282119,-1.84419e-05,-0.00035291,0.0002160259071756025,32.610777891212734,31.73827847460094
PART-RIVERBANK-2,167,RiverBank/C3D8R,275.0,10.0,-25.0,-0.00018344629,-3.4739656e-05,-0.00038209846,-0.000111491,5.88283e-05,-0.00020149,0.00021575899047913076,50.73402251154718,44.11268680262182
PART-RIVERBANK-2,212,RiverBank/C3D8R,275.0,-10.0,-25.0,-0.00018344629,3.4739656e-05,-0.00038209846,-0.000111491,-5.88283e-05,-0.00020149,0.00021575899047913076,50.73402251154718,44.11268680262182
PART-RIVERBANK-1,167,RiverBank/C3D8R,-275.0,10.0,-25.0,0.00018344629,-3.4739656e-05,-0.00038209846,0.000111491,5.88283e-05,-0.00020149,0.00021575899047913076,50.73402251154718,44.11268680262182
PART-RIVERBANK-1,212,RiverBank/C3D8R,-275.0,-10.0,-25.0,0.00018344629,3.4739656e-05,-0.00038209846,0.000111491,-5.88283e-05,-0.00020149,0.00021575899047913076,50.73402251154718,44.11268680262182
PART-RIVERBANK-2,543,RiverBank/C3D8R,265.0,-5.0,-35.0,0.000116999974,-7.757707e-05,-0.00037875888,-1.41598e-05,1.61016e-05,-0.000235414,0.00021569963873617026,53.399263824021034,41.47894353382427
PART-RIVERBANK-2,545,RiverBank/C3D8R,265.0,5.0,-35.0,0.000116999974,7.757707e-05,-0.00037875888,-1.41598e-05,-1.61016e-05,-0.000235414,0.00021569963873617026,53.399263824021034,41.47894353382427
PART-RIVERBANK-1,579,RiverBank/C3D8R,-265.0,-5.0,-35.0,-0.000116999974,-7.757707e-05,-0.00037875888,1.41598e-05,1.61016e-05,-0.000235414,0.00021569963873617026,53.399263824021034,41.47894353382427
PART-RIVERBANK-1,581,RiverBank/C3D8R,-265.0,5.0,-35.0,-0.000116999974,7.757707e-05,-0.00037875888,1.41598e-05,-1.61016e-05,-0.000235414,0.00021569963873617026,53.399263824021034,41.47894353382427
PART-RIVERBANK-2,162,RiverBank/C3D8R,270.0,10.0,-25.0,-2.6210753e-05,0.00010444324,-0.00047966145,-6.92908e-05,-3.81754e-05,-0.000324403,0.00021517702763393284,43.770759579150294,32.07688512436305
PART-RIVERBANK-2,207,RiverBank/C3D8R,270.0,-10.0,-25.0,-2.6210753e-05,-0.00010444324,-0.00047966145,-6.92908e-05,3.81754e-05,-0.000324403,0.00021517702763393284,43.770759579150294,32.07688512436305
PART-RIVERBANK-1,172,RiverBank/C3D8R,-270.0,10.0,-25.0,2.6210753e-05,0.00010444324,-0.00047966145,6.92908e-05,-3.81754e-05,-0.000324403,0.00021517702763393284,43.770759579150294,32.07688512436305
PART-RIVERBANK-1,217,RiverBank/C3D8R,-270.0,-10.0,-25.0,2.6210753e-05,-0.00010444324,-0.00047966145,6.92908e-05,3.81754e-05,-0.000324403,0.00021517702763393284,43.770759579150294,32.07688512436305
PART-RIVERBANK-2,158,RiverBank/C3D8R,265.0,10.0,-20.0,-0.00015606047,9.2201335e-05,-0.0005786471,-9.36983e-05,1.59015e-05,-0.000387512,0.0002150426272164338,35.463743683352654,34.19960135208097
PART-RIVERBANK-2,203,RiverBank/C3D8R,265.0,-10.0,-20.0,-0.00015606047,-9.2201335e-05,-0.0005786471,-9.36983e-05,-1.59015e-05,-0.000387512,0.0002150426272164338,35.463743683352654,34.19960135208097
PART-RIVERBANK-1,178,RiverBank/C3D8R,-265.0,10.0,-20.0,0.00015606047,9.2201335e-05,-0.0005786471,9.36983e-05,1.59015e-05,-0.000387512,0.0002150426272164338,35.463743683352654,34.19960135208097
PART-RIVERBANK-1,223,RiverBank/C3D8R,-265.0,-10.0,-20.0,0.00015606047,-9.2201335e-05,-0.0005786471,9.36983e-05,-1.59015e-05,-0.000387512,0.0002150426272164338,35.463743683352654,34.19960135208097
PART-RIVERBANK-2,460,RiverBank/C3D8R,275.0,0.0,-10.0,-0.00029897862,-1.3659136e-17,-0.00051677885,-0.000218497,-1.04502e-16,-0.000319336,0.00021321578312579704,35.71255286074154,35.19085931223025
PART-RIVERBANK-1,460,RiverBank/C3D8R,-275.0,0.0,-10.0,0.00029897862,1.1872477e-18,-0.00051677885,0.000218497,-8.47575e-17,-0.000319336,0.00021321578312579704,35.71255286074154,35.19085931223025
PART-RIVERBANK-2,250,RiverBank/C3D8R,275.0,0.0,-30.0,-0.00017445133,-5.1927334e-18,-0.00022875013,-0.000108158,-3.86306e-17,-2.65126e-05,0.00021282580704179134,73.98000229433242,61.29031411791569
PART-RIVERBANK-1,250,RiverBank/C3D8R,-275.0,0.0,-30.0,0.00017445133,1.0542548e-18,-0.00022875013,0.000108158,-2.75821e-17,-2.65126e-05,0.00021282580704179134,73.98000229433242,61.29031411791569
PART-RIVERBANK-2,179,RiverBank/C3D8R,285.0,10.0,-15.0,-0.00021677214,4.418285e-06,-0.0004769521,-0.000156021,1.6907e-05,-0.000275558,0.0002107279111282148,40.221330719268565,39.473115024374
PART-RIVERBANK-2,224,RiverBank/C3D8R,285.0,-10.0,-15.0,-0.00021677214,-4.418285e-06,-0.0004769521,-0.000156021,-1.6907e-05,-0.000275558,0.0002107279111282148,40.221330719268565,39.473115024374
PART-RIVERBANK-1,159,RiverBank/C3D8R,-285.0,10.0,-15.0,0.00021677214,4.418285e-06,-0.0004769521,0.000156021,1.6907e-05,-0.000275558,0.0002107279111282148,40.221330719268565,39.473115024374
PART-RIVERBANK-1,204,RiverBank/C3D8R,-285.0,-10.0,-15.0,0.00021677214,-4.418285e-06,-0.0004769521,0.000156021,-1.6907e-05,-0.000275558,0.0002107279111282148,40.221330719268565,39.473115024374
PART-RIVERBANK-2,475,RiverBank/C3D8R,280.0,0.0,-10.0,-0.0003100709,-1.2302895e-17,-0.00051120727,-0.000217438,-7.26263e-17,-0.000322028,0.00021064104623777128,35.23051977152139,35.01132965073191
PART-RIVERBANK-1,445,RiverBank/C3D8R,-280.0,0.0,-10.0,0.0003100709,4.6637115e-19,-0.00051120727,0.000217438,-3.90821e-17,-0.000322028,0.00021064104623777128,35.23051977152139,35.01132965073191
PART-RIVERBANK-2,170,RiverBank/C3D8R,275.0,10.0,-10.0,-0.00034530976,2.9415478e-05,-0.00048719195,-0.000246587,-1.18662e-05,-0.000307134,0.0002094545908752439,35.03290080789276,34.09169693152307
PART-RIVERBANK-2,215,RiverBank/C3D8R,275.0,-10.0,-10.0,-0.00034530976,-2.9415478e-05,-0.00048719195,-0.000246587,1.18662e-05,-0.000307134,0.0002094545908752439,35.03290080789276,34.09169693152307
PART-RIVERBANK-1,170,RiverBank/C3D8R,-275.0,10.0,-10.0,0.00034530976,2.9415478e-05,-0.00048719195,0.000246587,-1.18662e-05,-0.000307134,0.0002094545908752439,35.03290080789276,34.09169693152307
PART-RIVERBANK-1,215,RiverBank/C3D8R,-275.0,-10.0,-10.0,0.00034530976,-2.9415478e-05,-0.00048719195,0.000246587,1.18662e-05,-0.000307134,0.0002094545908752439,35.03290080789276,34.09169693152307
PART-RIVERBANK-2,424,RiverBank/C3D8R,265.0,0.0,-20.0,-7.388753e-05,-1.26059794e-17,-0.0006173192,-4.09016e-05,-1.22794e-16,-0.000410776,0.00020916062020419837,33.64196642071127,33.602945174958606
PART-RIVERBANK-1,484,RiverBank/C3D8R,-265.0,0.0,-20.0,7.388753e-05,2.843202e-18,-0.0006173192,4.09016e-05,-1.02711e-16,-0.000410776,0.00020916062020419837,33.64196642071127,33.602945174958606
PART-RIVERBANK-2,442,RiverBank/C3D8R,270.0,0.0,-15.0,-0.00021844041,-1.2639555e-17,-0.00057789177,-0.000145823,-1.13641e-16,-0.00038181,0.00020909650585660444,33.84541592503204,33.844263160056244
PART-RIVERBANK-1,472,RiverBank/C3D8R,-270.0,0.0,-15.0,0.00021844041,1.9713883e-18,-0.00057789177,0.000145823,-9.56656e-17,-0.00038181,0.00020909650585660444,33.84541592503204,33.844263160056244
PART-RIVERBANK-2,447,RiverBank/C3D8R,270.0,5.0,-5.0,-0.00042021,-7.344266e-06,-0.0005162653,-0.00029541,2.04709e-05,-0.00035241,0.00020783956023264088,31.22107260343047,30.854568052010084
PART-RIVERBANK-2,449,RiverBank/C3D8R,270.0,-5.0,-5.0,-0.00042021,7.344266e-06,-0.0005162653,-0.00029541,-2.04709e-05,-0.00035241,0.00020783956023264088,31.22107260343047,30.854568052010084
PART-RIVERBANK-1,477,RiverBank/C3D8R,-270.0,5.0,-5.0,0.00042021,-7.344266e-06,-0.0005162653,0.00029541,2.04709e-05,-0.00035241,0.00020783956023264088,31.22107260343047,30.854568052010084
PART-RIVERBANK-1,479,RiverBank/C3D8R,-270.0,-5.0,-5.0,0.00042021,7.344266e-06,-0.0005162653,0.00029541,-2.04709e-05,-0.00035241,0.00020783956023264088,31.22107260343047,30.854568052010084
PART-RIVERBANK-2,164,RiverBank/C3D8R,270.0,10.0,-15.0,-0.00028166085,4.468454e-05,-0.00054197724,-0.000183696,2.72936e-06,-0.000363878,0.00020754924295918913,33.88953757473032,33.441082112024084
PART-RIVERBANK-2,209,RiverBank/C3D8R,270.0,-10.0,-15.0,-0.00028166085,-4.468454e-05,-0.00054197724,-0.000183696,-2.72936e-06,-0.000363878,0.00020754924295918913,33.88953757473032,33.441082112024084
PART-RIVERBANK-1,174,RiverBank/C3D8R,-270.0,10.0,-15.0,0.00028166085,4.468454e-05,-0.00054197724,0.000183696,2.72936e-06,-0.000363878,0.00020754924295918913,33.88953757473032,33.441082112024084
PART-RIVERBANK-1,219,RiverBank/C3D8R,-270.0,-10.0,-15.0,0.00028166085,-4.468454e-05,-0.00054197724,0.000183696,-2.72936e-06,-0.000363878,0.00020754924295918913,33.88953757473032,33.441082112024084
PART-RIVERBANK-2,163,RiverBank/C3D8R,270.0,10.0,-20.0,-0.00020799453,-1.1830296e-05,-0.00045059662,-0.00016841,2.59629e-05,-0.000251366,0.00020661098863516365,41.61967665642748,38.8269851682349
PART-RIVERBANK-2,208,RiverBank/C3D8R,270.0,-10.0,-20.0,-0.00020799453,1.1830296e-05,-0.00045059662,-0.00016841,-2.59629e-05,-0.000251366,0.00020661098863516365,41.61967665642748,38.8269851682349
PART-RIVERBANK-1,173,RiverBank/C3D8R,-270.0,10.0,-20.0,0.00020799453,-1.1830296e-05,-0.00045059662,0.00016841,2.59629e-05,-0.000251366,0.00020661098863516365,41.61967665642748,38.8269851682349
PART-RIVERBANK-1,218,RiverBank/C3D8R,-270.0,-10.0,-20.0,0.00020799453,1.1830296e-05,-0.00045059662,0.00016841,-2.59629e-05,-0.000251366,0.00020661098863516365,41.61967665642748,38.8269851682349
PART-RIVERBANK-2,145,RiverBank/C3D8R,300.0,0.0,-5.0,-0.0003550472,-3.841105e-18,-0.00033685673,-0.000246469,1.33408e-17,-0.00016426,0.00020390894223141102,41.66346966655259,39.481374180505604
PART-RIVERBANK-1,130,RiverBank/C3D8R,-300.0,0.0,-5.0,0.0003550472,-3.015855e-18,-0.00033685673,0.000246469,2.78589e-17,-0.00016426,0.00020390894223141102,41.66346966655259,39.481374180505604
PART-RIVERBANK-2,459,RiverBank/C3D8R,275.0,5.0,-10.0,-0.0003249228,-4.810458e-06,-0.0004908104,-0.000230222,1.2592e-05,-0.000311122,0.0002038602662601071,34.6326297761277,34.213442314232765
PART-RIVERBANK-2,461,RiverBank/C3D8R,275.0,-5.0,-10.0,-0.0003249228,4.810458e-06,-0.0004908104,-0.000230222,-1.2592e-05,-0.000311122,0.0002038602662601071,34.6326297761277,34.213442314232765
PART-RIVERBANK-1,459,RiverBank/C3D8R,-275.0,5.0,-10.0,0.0003249228,-4.810458e-06,-0.0004908104,0.000230222,1.2592e-05,-0.000311122,0.0002038602662601071,34.6326297761277,34.213442314232765
PART-RIVERBANK-1,461,RiverBank/C3D8R,-275.0,-5.0,-10.0,0.0003249228,4.810458e-06,-0.0004908104,0.000230222,-1.2592e-05,-0.000311122,0.0002038602662601071,34.6326297761277,34.213442314232765
PART-RIVERBANK-2,173,RiverBank/C3D8R,280.0,10.0,-20.0,-0.00016492115,8.039512e-06,-0.0004284996,-0.000127945,2.19364e-05,-0.000229441,0.00020294010298328678,44.19313249512799,42.59344229840231
PART-RIVERBANK-2,218,RiverBank/C3D8R,280.0,-10.0,-20.0,-0.00016492115,-8.039512e-06,-0.0004284996,-0.000127945,-2.19364e-05,-0.000229441,0.00020294010298328678,44.19313249512799,42.59344229840231
PART-RIVERBANK-1,163,RiverBank/C3D8R,-280.0,10.0,-20.0,0.00016492115,8.039512e-06,-0.0004284996,0.000127945,2.19364e-05,-0.000229441,0.00020294010298328678,44.19313249512799,42.59344229840231
PART-RIVERBANK-1,208,RiverBank/C3D8R,-280.0,-10.0,-20.0,0.00016492115,-8.039512e-06,-0.0004284996,0.000127945,-2.19364e-05,-0.000229441,0.00020294010298328678,44.19313249512799,42.59344229840231
PART-RIVERBANK-2,181,RiverBank/C3D8R,285.0,10.0,-5.0,-0.00034270654,-2.5702839e-05,-0.0005079303,-0.000240472,1.43868e-05,-0.000338048,0.00020228464147693443,32.984531557146084,32.31336556154689
PART-RIVERBANK-2,226,RiverBank/C3D8R,285.0,-10.0,-5.0,-0.00034270654,2.5702839e-05,-0.0005079303,-0.000240472,-1.43868e-05,-0.000338048,0.00020228464147693443,32.984531557146084,32.31336556154689
PART-RIVERBANK-1,161,RiverBank/C3D8R,-285.0,10.0,-5.0,0.00034270654,-2.5702839e-05,-0.0005079303,0.000240472,1.43868e-05,-0.000338048,0.00020228464147693443,32.984531557146084,32.31336556154689
PART-RIVERBANK-1,206,RiverBank/C3D8R,-285.0,-10.0,-5.0,0.00034270654,2.5702839e-05,-0.0005079303,0.000240472,-1.43868e-05,-0.000338048,0.00020228464147693443,32.984531557146084,32.31336556154689
PART-RIVERBANK-2,504,RiverBank/C3D8R,290.0,5.0,-10.0,-0.00026892003,9.29193e-06,-0.0004624445,-0.00020163,3.46432e-07,-0.000271941,0.00020223638046632192,37.798931934307355,36.72601040996591
PART-RIVERBANK-2,506,RiverBank/C3D8R,290.0,-5.0,-10.0,-0.00026892003,-9.29193e-06,-0.0004624445,-0.00020163,-3.46432e-07,-0.000271941,0.00020223638046632192,37.798931934307355,36.72601040996591
PART-RIVERBANK-1,414,RiverBank/C3D8R,-290.0,5.0,-10.0,0.00026892003,9.29193e-06,-0.0004624445,0.00020163,3.46432e-07,-0.000271941,0.00020223638046632192,37.798931934307355,36.72601040996591
PART-RIVERBANK-1,416,RiverBank/C3D8R,-290.0,-5.0,-10.0,0.00026892003,-9.29193e-06,-0.0004624445,0.00020163,-3.46432e-07,-0.000271941,0.00020223638046632192,37.798931934307355,36.72601040996591
PART-RIVERBANK-2,409,RiverBank/C3D8R,260.0,0.0,-20.0,-0.00043800403,-1.7015886e-17,-0.00051428104,-0.000301908,-1.47267e-16,-0.000365127,0.00020191348897506204,29.889911169214507,29.86501055286832
PART-RIVERBANK-1,499,RiverBank/C3D8R,-260.0,0.0,-20.0,0.00043800403,3.7971763e-18,-0.00051428104,0.000301908,-1.07266e-16,-0.000365127,0.00020191348897506204,29.889911169214507,29.86501055286832
PART-RIVERBANK-2,441,RiverBank/C3D8R,270.0,5.0,-15.0,-0.00026951646,-7.1243085e-06,-0.00047595316,-0.000207643,1.0195e-05,-0.00028496,0.0002015109690961645,36.83854318128565,35.516007737473
PART-RIVERBANK-2,443,RiverBank/C3D8R,270.0,-5.0,-15.0,-0.00026951646,7.1243085e-06,-0.00047595316,-0.000207643,-1.0195e-05,-0.00028496,0.0002015109690961645,36.83854318128565,35.516007737473
PART-RIVERBANK-1,471,RiverBank/C3D8R,-270.0,5.0,-15.0,0.00026951646,-7.1243085e-06,-0.00047595316,0.000207643,1.0195e-05,-0.00028496,0.0002015109690961645,36.83854318128565,35.516007737473
PART-RIVERBANK-1,473,RiverBank/C3D8R,-270.0,-5.0,-15.0,0.00026951646,7.1243085e-06,-0.00047595316,0.000207643,-1.0195e-05,-0.00028496,0.0002015109690961645,36.83854318128565,35.516007737473
PART-RIVERBANK-2,318,RiverBank/C3D8R,270.0,-10.0,-35.0,7.155562e-05,-0.00014057985,-0.0002788788,-4.6163e-06,1.32878e-05,-0.000173466,0.0002014677977167788,62.88004806757769,45.68186088598163
PART-RIVERBANK-2,345,RiverBank/C3D8R,270.0,10.0,-35.0,7.155562e-05,0.00014057985,-0.0002788788,-4.6163e-06,-1.32878e-05,-0.000173466,0.0002014677977167788,62.88004806757769,45.68186088598163
PART-RIVERBANK-1,324,RiverBank/C3D8R,-270.0,-10.0,-35.0,-7.155562e-05,-0.00014057985,-0.0002788788,4.6163e-06,1.32878e-05,-0.000173466,0.0002014677977167788,62.88004806757769,45.68186088598163
PART-RIVERBANK-1,351,RiverBank/C3D8R,-270.0,10.0,-35.0,-7.155562e-05,0.00014057985,-0.0002788788,4.6163e-06,-1.32878e-05,-0.000173466,0.0002014677977167788,62.88004806757769,45.68186088598163
PART-RIVERBANK-2,487,RiverBank/C3D8R,285.0,0.0,-15.0,-0.00022223243,-7.8653254e-18,-0.00044991303,-0.000157371,-3.5738e-17,-0.00025984,0.00020083516085343673,40.02249279037595,39.46257253736742
PART-RIVERBANK-1,427,RiverBank/C3D8R,-285.0,0.0,-15.0,0.00022223243,-2.9741367e-19,-0.00044991303,0.000157371,-1.6717e-17,-0.00025984,0.00020083516085343673,40.02249279037595,39.46257253736742
PART-RIVERBANK-2,456,RiverBank/C3D8R,275.0,5.0,-15.0,-0.0002526777,2.0860725e-05,-0.0005352782,-0.000175225,2.38267e-06,-0.000352804,0.00019909091621546428,33.61392395196903,33.49016998696995
PART-RIVERBANK-2,458,RiverBank/C3D8R,275.0,-5.0,-15.0,-0.0002526777,-2.0860725e-05,-0.0005352782,-0.000175225,-2.38267e-06,-0.000352804,0.00019909091621546428,33.61392395196903,33.49016998696995
PART-RIVERBANK-1,456,RiverBank/C3D8R,-275.0,5.0,-15.0,0.0002526777,2.0860725e-05,-0.0005352782,0.000175225,2.38267e-06,-0.000352804,0.00019909091621546428,33.61392395196903,33.49016998696995
PART-RIVERBANK-1,458,RiverBank/C3D8R,-275.0,-5.0,-15.0,0.0002526777,-2.0860725e-05,-0.0005352782,0.000175225,-2.38267e-06,-0.000352804,0.00019909091621546428,33.61392395196903,33.49016998696995
PART-RIVERBANK-2,252,RiverBank/C3D8R,280.0,5.0,-30.0,-8.0631755e-05,-0.00010710603,-0.00022111321,-4.50367e-05,-8.89092e-05,-2.69318e-05,0.00019825375797721974,76.66982888987893,60.07448370474534
PART-RIVERBANK-2,254,RiverBank/C3D8R,280.0,-5.0,-30.0,-8.0631755e-05,0.00010710603,-0.00022111321,-4.50367e-05,8.89092e-05,-2.69318e-05,0.00019825375797721974,76.66982888987893,60.07448370474534
PART-RIVERBANK-1,246,RiverBank/C3D8R,-280.0,5.0,-30.0,8.0631755e-05,-0.00010710603,-0.00022111321,4.50367e-05,-8.89092e-05,-2.69318e-05,0.00019825375797721974,76.66982888987893,60.07448370474534
PART-RIVERBANK-1,248,RiverBank/C3D8R,-280.0,-5.0,-30.0,8.0631755e-05,0.00010710603,-0.00022111321,4.50367e-05,8.89092e-05,-2.69318e-05,0.00019825375797721974,76.66982888987893,60.07448370474534
PART-RIVERBANK-2,32,RiverBank/C3D8R,300.0,-10.0,-5.0,-0.00033792178,-2.5683468e-05,-0.0003231798,-0.000232337,8.60767e-06,-0.000159104,0.0001981032459568077,42.30349830368023,39.83980912389525
PART-RIVERBANK-2,44,RiverBank/C3D8R,300.0,10.0,-5.0,-0.00033792178,2.5683468e-05,-0.0003231798,-0.000232337,-8.60767e-06,-0.000159104,0.0001981032459568077,42.30349830368023,39.83980912389525
PART-RIVERBANK-1,20,RiverBank/C3D8R,-300.0,-10.0,-5.0,0.00033792178,-2.5683468e-05,-0.0003231798,0.000232337,8.60767e-06,-0.000159104,0.0001981032459568077,42.30349830368023,39.83980912389525
PART-RIVERBANK-1,24,RiverBank/C3D8R,-300.0,10.0,-5.0,0.00033792178,2.5683468e-05,-0.0003231798,0.000232337,-8.60767e-06,-0.000159104,0.0001981032459568077,42.30349830368023,39.83980912389525
PART-RIVERBANK-2,310,RiverBank/C3D8R,255.0,-10.0,-40.0,-0.00015281218,-8.934265e-05,-0.00017161676,-0.000208493,6.04451e-05,-5.45493e-05,0.00019809470956284143,80.34727502038727,9.21566259901604
PART-RIVERBANK-2,337,RiverBank/C3D8R,255.0,10.0,-40.0,-0.00015281218,8.934265e-05,-0.00017161676,-0.000208493,-6.04451e-05,-5.45493e-05,0.00019809470956284143,80.34727502038727,9.21566259901604
PART-RIVERBANK-1,334,RiverBank/C3D8R,-255.0,-10.0,-40.0,0.00015281218,-8.934265e-05,-0.00017161676,0.000208493,6.04451e-05,-5.45493e-05,0.00019809470956284143,80.34727502038727,9.21566259901604
PART-RIVERBANK-1,361,RiverBank/C3D8R,-255.0,10.0,-40.0,0.00015281218,8.934265e-05,-0.00017161676,0.000208493,-6.04451e-05,-5.45493e-05,0.00019809470956284143,80.34727502038727,9.21566259901604
PART-RIVERBANK-2,435,RiverBank/C3D8R,270.0,5.0,-25.0,-0.00023325614,-3.3967874e-05,-0.00035006856,-0.000121005,2.83138e-05,-0.000199238,0.0001980635836731616,46.93104107129754,44.35993801721418
PART-RIVERBANK-2,437,RiverBank/C3D8R,270.0,-5.0,-25.0,-0.00023325614,3.3967874e-05,-0.00035006856,-0.000121005,-2.83138e-05,-0.000199238,0.0001980635836731616,46.93104107129754,44.35993801721418
PART-RIVERBANK-1,465,RiverBank/C3D8R,-270.0,5.0,-25.0,0.00023325614,-3.3967874e-05,-0.00035006856,0.000121005,2.83138e-05,-0.000199238,0.0001980635836731616,46.93104107129754,44.35993801721418
PART-RIVERBANK-1,467,RiverBank/C3D8R,-270.0,-5.0,-25.0,0.00023325614,3.3967874e-05,-0.00035006856,0.000121005,-2.83138e-05,-0.000199238,0.0001980635836731616,46.93104107129754,44.35993801721418
PART-RIVERBANK-2,453,RiverBank/C3D8R,275.0,5.0,-20.0,-0.00018994231,-1.2302773e-05,-0.00041691525,-0.000150188,2.33669e-06,-0.000223957,0.0001975540566112652,43.104927557282146,41.161198000182196
PART-RIVERBANK-2,455,RiverBank/C3D8R,275.0,-5.0,-20.0,-0.00018994231,1.2302773e-05,-0.00041691525,-0.000150188,-2.33669e-06,-0.000223957,0.0001975540566112652,43.104927557282146,41.161198000182196
PART-RIVERBANK-1,453,RiverBank/C3D8R,-275.0,5.0,-20.0,0.00018994231,-1.2302773e-05,-0.00041691525,0.000150188,2.33669e-06,-0.000223957,0.0001975540566112652,43.104927557282146,41.161198000182196
PART-RIVERBANK-1,455,RiverBank/C3D8R,-275.0,-5.0,-20.0,0.00018994231,1.2302773e-05,-0.00041691525,0.000150188,-2.33669e-06,-0.000223957,0.0001975540566112652,43.104927557282146,41.161198000182196
PART-RIVERBANK-2,423,RiverBank/C3D8R,265.0,5.0,-20.0,-0.00024305956,-3.0152027e-05,-0.00047888662,-0.000191053,4.00881e-06,-0.000292591,0.00019641207472749373,36.515675439298775,35.029431563460236
PART-RIVERBANK-2,425,RiverBank/C3D8R,265.0,-5.0,-20.0,-0.00024305956,3.0152027e-05,-0.00047888662,-0.000191053,-4.00881e-06,-0.000292591,0.00019641207472749373,36.515675439298775,35.029431563460236
PART-RIVERBANK-1,483,RiverBank/C3D8R,-265.0,5.0,-20.0,0.00024305956,-3.0152027e-05,-0.00047888662,0.000191053,4.00881e-06,-0.000292591,0.00019641207472749373,36.515675439298775,35.029431563460236
PART-RIVERBANK-1,485,RiverBank/C3D8R,-265.0,-5.0,-20.0,0.00024305956,3.0152027e-05,-0.00047888662,0.000191053,-4.00881e-06,-0.000292591,0.00019641207472749373,36.515675439298775,35.029431563460236
PART-RIVERBANK-2,438,RiverBank/C3D8R,270.0,5.0,-20.0,-0.0001751562,4.6674897e-05,-0.0005698332,-0.000107381,1.32307e-05,-0.000388647,0.00019631716969856412,32.83060537826035,32.53413872987372
PART-RIVERBANK-2,440,RiverBank/C3D8R,270.0,-5.0,-20.0,-0.0001751562,-4.6674897e-05,-0.0005698332,-0.000107381,-1.32307e-05,-0.000388647,0.00019631716969856412,32.83060537826035,32.53413872987372
PART-RIVERBANK-1,468,RiverBank/C3D8R,-270.0,5.0,-20.0,0.0001751562,4.6674897e-05,-0.0005698332,0.000107381,1.32307e-05,-0.000388647,0.00019631716969856412,32.83060537826035,32.53413872987372
PART-RIVERBANK-1,470,RiverBank/C3D8R,-270.0,-5.0,-20.0,0.0001751562,-4.6674897e-05,-0.0005698332,0.000107381,-1.32307e-05,-0.000388647,0.00019631716969856412,32.83060537826035,32.53413872987372
PART-RIVERBANK-2,185,RiverBank/C3D8R,290.0,10.0,-10.0,-0.00027431588,-1.396848e-06,-0.00045933438,-0.000195478,1.66679e-05,-0.000280928,0.00019588410570513958,36.61294168318731,35.95459364209946
PART-RIVERBANK-2,230,RiverBank/C3D8R,290.0,-10.0,-10.0,-0.00027431588,1.396848e-06,-0.00045933438,-0.000195478,-1.66679e-05,-0.000280928,0.00019588410570513958,36.61294168318731,35.95459364209946
PART-RIVERBANK-1,155,RiverBank/C3D8R,-290.0,10.0,-10.0,0.00027431588,-1.396848e-06,-0.00045933438,0.000195478,1.66679e-05,-0.000280928,0.00019588410570513958,36.61294168318731,35.95459364209946
PART-RIVERBANK-1,200,RiverBank/C3D8R,-290.0,-10.0,-10.0,0.00027431588,1.396848e-06,-0.00045933438,0.000195478,-1.66679e-05,-0.000280928,0.00019588410570513958,36.61294168318731,35.95459364209946
PART-RIVERBANK-2,493,RiverBank/C3D8R,285.0,0.0,-5.0,-0.0003498651,-1.2816973e-17,-0.0005069961,-0.000243731,-5.89975e-17,-0.000342542,0.00019572837860060054,31.774312117143143,31.752057097539343
PART-RIVERBANK-1,433,RiverBank/C3D8R,-285.0,0.0,-5.0,0.0003498651,-1.1540559e-18,-0.0005069961,0.000243731,-3.05847e-17,-0.000342542,0.00019572837860060054,31.774312117143143,31.752057097539343
PART-RIVERBANK-2,439,RiverBank/C3D8R,270.0,0.0,-20.0,-0.0002547941,-1.0795794e-17,-0.00041619837,-0.000197398,-8.39215e-17,-0.000229703,0.00019512774104838836,39.98543490756816,37.936369735843314
PART-RIVERBANK-1,469,RiverBank/C3D8R,-270.0,0.0,-20.0,0.0002547941,1.697711e-18,-0.00041619837,0.000197398,-6.69114e-17,-0.000229703,0.00019512774104838836,39.98543490756816,37.936369735843314
PART-RIVERBANK-2,58,RiverBank/C3D8R,275.0,10.0,-30.0,-0.00021954942,-0.00029803393,-0.00012694883,-0.000142365,-0.000256543,4.66181e-05,0.0001944335648817513,49.684832618055744,24.08578312882332
PART-RIVERBANK-2,76,RiverBank/C3D8R,275.0,-10.0,-30.0,-0.00021954942,0.00029803393,-0.00012694883,-0.000142365,0.000256543,4.66181e-05,0.0001944335648817513,49.684832618055744,24.08578312882332
PART-RIVERBANK-1,58,RiverBank/C3D8R,-275.0,10.0,-30.0,0.00021954942,-0.00029803393,-0.00012694883,0.000142365,-0.000256543,4.66181e-05,0.0001944335648817513,49.684832618055744,24.08578312882332
PART-RIVERBANK-1,76,RiverBank/C3D8R,-275.0,-10.0,-30.0,0.00021954942,0.00029803393,-0.00012694883,0.000142365,0.000256543,4.66181e-05,0.0001944335648817513,49.684832618055744,24.08578312882332
PART-RIVERBANK-2,149,RiverBank/C3D8R,255.0,10.0,-15.0,-0.00034808717,-0.00013738984,-0.00066485425,-0.000234986,-0.000103496,-0.000510763,0.00019412568189674693,25.444546056898197,25.069521269995477
PART-RIVERBANK-2,194,RiverBank/C3D8R,255.0,-10.0,-15.0,-0.00034808717,0.00013738984,-0.00066485425,-0.000234986,0.000103496,-0.000510763,0.00019412568189674693,25.444546056898197,25.069521269995477
PART-RIVERBANK-1,189,RiverBank/C3D8R,-255.0,10.0,-15.0,0.00034808717,-0.00013738984,-0.00066485425,0.000234986,-0.000103496,-0.000510763,0.00019412568189674693,25.444546056898197,25.069521269995477
PART-RIVERBANK-1,234,RiverBank/C3D8R,-255.0,-10.0,-15.0,0.00034808717,0.00013738984,-0.00066485425,0.000234986,0.000103496,-0.000510763,0.00019412568189674693,25.444546056898197,25.069521269995477
PART-RIVERBANK-2,529,RiverBank/C3D8R,255.0,0.0,-40.0,7.5318894e-05,-3.740739e-18,-0.0003551479,-3.92549e-05,-3.56974e-17,-0.000198915,0.00019374176966768014,53.36551065159553,44.15282129817654
PART-RIVERBANK-1,601,RiverBank/C3D8R,-255.0,0.0,-40.0,-7.5318894e-05,1.4782869e-18,-0.0003551479,3.92549e-05,-3.09002e-17,-0.000198915,0.00019374176966768014,53.36551065159553,44.15282129817654
PART-RIVERBANK-2,393,RiverBank/C3D8R,255.0,5.0,-20.0,-0.00028658588,-3.5002256e-05,-0.00068455323,-0.000130264,1.07192e-05,-0.000581396,0.00019279106775669678,25.949516493336827,19.791442444826266
PART-RIVERBANK-2,395,RiverBank/C3D8R,255.0,-5.0,-20.0,-0.00028658588,3.5002256e-05,-0.00068455323,-0.000130264,-1.07192e-05,-0.000581396,0.00019279106775669678,25.949516493336827,19.791442444826266
PART-RIVERBANK-1,513,RiverBank/C3D8R,-255.0,5.0,-20.0,0.00028658588,-3.5002256e-05,-0.00068455323,0.000130264,1.07192e-05,-0.000581396,0.00019279106775669678,25.949516493336827,19.791442444826266
PART-RIVERBANK-1,515,RiverBank/C3D8R,-255.0,-5.0,-20.0,0.00028658588,3.5002256e-05,-0.00068455323,0.000130264,-1.07192e-05,-0.000581396,0.00019279106775669678,25.949516493336827,19.791442444826266
PART-RIVERBANK-2,544,RiverBank/C3D8R,265.0,0.0,-35.0,-0.00026796546,-2.3715276e-18,-0.00021312026,-9.20262e-05,-3.18319e-17,-0.00013438,0.0001927554195196991,56.29827901376413,52.43023551800099
PART-RIVERBANK-1,580,RiverBank/C3D8R,-265.0,0.0,-35.0,0.00026796546,1.3260055e-18,-0.00021312026,9.20262e-05,-4.09858e-17,-0.00013438,0.0001927554195196991,56.29827901376413,52.43023551800099
PART-RIVERBANK-2,490,RiverBank/C3D8R,285.0,0.0,-10.0,-0.00029043836,-9.185639e-18,-0.00044753466,-0.000214845,-5.1403e-17,-0.000270289,0.00019269244942375193,36.11731236631673,35.283458426418136
PART-RIVERBANK-1,430,RiverBank/C3D8R,-285.0,0.0,-10.0,0.00029043836,-9.575349e-19,-0.00044753466,0.000214845,-3.58253e-17,-0.000270289,0.00019269244942375193,36.11731236631673,35.283458426418136
PART-RIVERBANK-2,411,RiverBank/C3D8R,260.0,5.0,-15.0,-0.0003215146,-1.745723e-05,-0.000570829,-0.000253979,9.73839e-06,-0.000393142,0.00019202429269117073,29.29971504635197,28.56868225636956
PART-RIVERBANK-2,413,RiverBank/C3D8R,260.0,-5.0,-15.0,-0.0003215146,1.745723e-05,-0.000570829,-0.000253979,-9.73839e-06,-0.000393142,0.00019202429269117073,29.29971504635197,28.56868225636956
PART-RIVERBANK-1,501,RiverBank/C3D8R,-260.0,5.0,-15.0,0.0003215146,-1.745723e-05,-0.000570829,0.000253979,9.73839e-06,-0.000393142,0.00019202429269117073,29.29971504635197,28.56868225636956
PART-RIVERBANK-1,503,RiverBank/C3D8R,-260.0,-5.0,-15.0,0.0003215146,1.745723e-05,-0.000570829,0.000253979,-9.73839e-06,-0.000393142,0.00019202429269117073,29.29971504635197,28.56868225636956
PART-RIVERBANK-2,471,RiverBank/C3D8R,280.0,5.0,-15.0,-0.00023983013,-2.222622e-07,-0.00043236776,-0.000173412,6.3639e-06,-0.00025338,0.00019102712832223391,38.63587655506364,37.88693097505189
PART-RIVERBANK-2,473,RiverBank/C3D8R,280.0,-5.0,-15.0,-0.00023983013,2.222622e-07,-0.00043236776,-0.000173412,-6.3639e-06,-0.00025338,0.00019102712832223391,38.63587655506364,37.88693097505189
PART-RIVERBANK-1,441,RiverBank/C3D8R,-280.0,5.0,-15.0,0.00023983013,-2.222622e-07,-0.00043236776,0.000173412,6.3639e-06,-0.00025338,0.00019102712832223391,38.63587655506364,37.88693097505189
PART-RIVERBANK-1,443,RiverBank/C3D8R,-280.0,-5.0,-15.0,0.00023983013,2.222622e-07,-0.00043236776,0.000173412,-6.3639e-06,-0.00025338,0.00019102712832223391,38.63587655506364,37.88693097505189
PART-RIVERBANK-2,436,RiverBank/C3D8R,270.0,0.0,-25.0,7.32629e-06,-9.431058e-18,-0.00057089154,-4.41959e-05,-7.54308e-17,-0.000387642,0.0001903547477017784,33.34067187277422,31.664571949577198
PART-RIVERBANK-1,466,RiverBank/C3D8R,-270.0,0.0,-25.0,-7.32629e-06,1.4136932e-18,-0.00057089154,4.41959e-05,-5.57822e-17,-0.000387642,0.0001903547477017784,33.34067187277422,31.664571949577198
PART-RIVERBANK-2,469,RiverBank/C3D8R,280.0,0.0,-20.0,-0.00017558917,-6.805664e-18,-0.0003861991,-0.000133029,-4.09473e-17,-0.000201744,0.00018930148437463159,44.62110546082984,43.038305576191775
PART-RIVERBANK-1,439,RiverBank/C3D8R,-280.0,0.0,-20.0,0.00017558917,2.198607e-19,-0.0003861991,0.000133029,-2.99587e-17,-0.000201744,0.00018930148437463159,44.62110546082984,43.038305576191775
PART-RIVERBANK-2,82,RiverBank/C3D8R,250.0,10.0,-40.0,0.00041012975,0.00022068698,-0.0006343794,0.000505668,0.000268959,-0.000479159,0.00018855004031848656,23.958511273266158,5.112893074182228
PART-RIVERBANK-2,88,RiverBank/C3D8R,250.0,-10.0,-40.0,0.00041012975,-0.00022068698,-0.0006343794,0.000505668,-0.000268959,-0.000479159,0.00018855004031848656,23.958511273266158,5.112893074182228
PART-RIVERBANK-1,91,RiverBank/C3D8R,-250.0,10.0,-40.0,-0.00041012975,0.00022068698,-0.0006343794,-0.000505668,0.000268959,-0.000479159,0.00018855004031848656,23.958511273266158,5.112893074182228
PART-RIVERBANK-1,97,RiverBank/C3D8R,-250.0,-10.0,-40.0,-0.00041012975,-0.00022068698,-0.0006343794,-0.000505668,-0.000268959,-0.000479159,0.00018855004031848656,23.958511273266158,5.112893074182228
PART-RIVERBANK-2,505,RiverBank/C3D8R,290.0,0.0,-10.0,-0.00027177,-7.1866486e-18,-0.00044447777,-0.000191874,-2.38406e-17,-0.00027436,0.00018794527524195145,36.075383175557135,35.73698195589905
PART-RIVERBANK-1,415,RiverBank/C3D8R,-290.0,0.0,-10.0,0.00027177,-8.744808e-19,-0.00044447777,0.000191874,-2.10488e-18,-0.00027436,0.00018794527524195145,36.075383175557135,35.73698195589905
PART-RIVERBANK-2,49,RiverBank/C3D8R,275.0,10.0,0.0,-0.000496084,9.130646e-06,-0.00041761884,-0.000316139,-1.44657e-05,-0.000368952,0.00018789745044874167,28.97292523080443,25.047910130368052
PART-RIVERBANK-2,67,RiverBank/C3D8R,275.0,-10.0,0.0,-0.000496084,-9.130646e-06,-0.00041761884,-0.000316139,1.44657e-05,-0.000368952,0.00018789745044874167,28.97292523080443,25.047910130368052
PART-RIVERBANK-1,49,RiverBank/C3D8R,-275.0,10.0,0.0,0.000496084,9.130646e-06,-0.00041761884,0.000316139,-1.44657e-05,-0.000368952,0.00018789745044874167,28.97292523080443,25.047910130368052
PART-RIVERBANK-1,67,RiverBank/C3D8R,-275.0,-10.0,0.0,0.000496084,-9.130646e-06,-0.00041761884,0.000316139,1.44657e-05,-0.000368952,0.00018789745044874167,28.97292523080443,25.047910130368052
PART-RIVERBANK-2,183,RiverBank/C3D8R,290.0,10.0,-20.0,-0.00014075646,1.4953135e-05,-0.0003883172,-0.000100053,1.71504e-05,-0.000205353,0.00018744998829312267,45.35322198380919,44.57607605310627
PART-RIVERBANK-2,228,RiverBank/C3D8R,290.0,-10.0,-20.0,-0.00014075646,-1.4953135e-05,-0.0003883172,-0.000100053,-1.71504e-05,-0.000205353,0.00018744998829312267,45.35322198380919,44.57607605310627
PART-RIVERBANK-1,153,RiverBank/C3D8R,-290.0,10.0,-20.0,0.00014075646,1.4953135e-05,-0.0003883172,0.000100053,1.71504e-05,-0.000205353,0.00018744998829312267,45.35322198380919,44.57607605310627
PART-RIVERBANK-1,198,RiverBank/C3D8R,-290.0,-10.0,-20.0,0.00014075646,-1.4953135e-05,-0.0003883172,0.000100053,-1.71504e-05,-0.000205353,0.00018744998829312267,45.35322198380919,44.57607605310627
PART-RIVERBANK-2,489,RiverBank/C3D8R,285.0,5.0,-10.0,-0.00029720066,-3.5121407e-06,-0.0004394892,-0.00020826,5.65568e-06,-0.00027519,0.0001870527119778351,35.255875350759844,34.944368074256985
PART-RIVERBANK-2,491,RiverBank/C3D8R,285.0,-5.0,-10.0,-0.00029720066,3.5121407e-06,-0.0004394892,-0.00020826,-5.65568e-06,-0.00027519,0.0001870527119778351,35.255875350759844,34.944368074256985
PART-RIVERBANK-1,429,RiverBank/C3D8R,-285.0,5.0,-10.0,0.00029720066,-3.5121407e-06,-0.0004394892,0.00020826,5.65568e-06,-0.00027519,0.0001870527119778351,35.255875350759844,34.944368074256985
PART-RIVERBANK-1,431,RiverBank/C3D8R,-285.0,-5.0,-10.0,0.00029720066,3.5121407e-06,-0.0004394892,0.00020826,-5.65568e-06,-0.00027519,0.0001870527119778351,35.255875350759844,34.944368074256985
PART-RIVERBANK-2,189,RiverBank/C3D8R,295.0,10.0,-15.0,-0.00020451036,7.169837e-06,-0.00040586983,-0.000142378,1.30628e-05,-0.000229964,0.000186649452718399,41.06341198821334,40.426098362612905
PART-RIVERBANK-2,234,RiverBank/C3D8R,295.0,-10.0,-15.0,-0.00020451036,-7.169837e-06,-0.00040586983,-0.000142378,-1.30628e-05,-0.000229964,0.000186649452718399,41.06341198821334,40.426098362612905
PART-RIVERBANK-1,149,RiverBank/C3D8R,-295.0,10.0,-15.0,0.00020451036,7.169837e-06,-0.00040586983,0.000142378,1.30628e-05,-0.000229964,0.000186649452718399,41.06341198821334,40.426098362612905
PART-RIVERBANK-1,194,RiverBank/C3D8R,-295.0,-10.0,-15.0,0.00020451036,-7.169837e-06,-0.00040586983,0.000142378,-1.30628e-05,-0.000229964,0.000186649452718399,41.06341198821334,40.426098362612905
PART-RIVERBANK-2,177,RiverBank/C3D8R,285.0,10.0,-25.0,-8.738071e-05,-3.3755685e-05,-0.0003351761,-7.91284e-05,3.02039e-05,-0.000160464,0.00018623438731909403,53.51256804805651,47.863624632677215
PART-RIVERBANK-2,222,RiverBank/C3D8R,285.0,-10.0,-25.0,-8.738071e-05,3.3755685e-05,-0.0003351761,-7.91284e-05,-3.02039e-05,-0.000160464,0.00018623438731909403,53.51256804805651,47.863624632677215
PART-RIVERBANK-1,157,RiverBank/C3D8R,-285.0,10.0,-25.0,8.738071e-05,-3.3755685e-05,-0.0003351761,7.91284e-05,3.02039e-05,-0.000160464,0.00018623438731909403,53.51256804805651,47.863624632677215
PART-RIVERBANK-1,202,RiverBank/C3D8R,-285.0,-10.0,-25.0,8.738071e-05,3.3755685e-05,-0.0003351761,7.91284e-05,-3.02039e-05,-0.000160464,0.00018623438731909403,53.51256804805651,47.863624632677215
PART-RIVERBANK-2,279,RiverBank/C3D8R,280.0,5.0,0.0,-0.00043230926,-3.4354919e-06,-0.0005037754,-0.000286873,-1.17069e-05,-0.000388851,0.00018554713587146622,27.95028887088517,27.187819573532117
PART-RIVERBANK-2,281,RiverBank/C3D8R,280.0,-5.0,0.0,-0.00043230926,3.4354919e-06,-0.0005037754,-0.000286873,1.17069e-05,-0.000388851,0.00018554713587146622,27.95028887088517,27.187819573532117
PART-RIVERBANK-1,273,RiverBank/C3D8R,-280.0,5.0,0.0,0.00043230926,-3.4354919e-06,-0.0005037754,0.000286873,-1.17069e-05,-0.000388851,0.00018554713587146622,27.95028887088517,27.187819573532117
PART-RIVERBANK-1,275,RiverBank/C3D8R,-280.0,-5.0,0.0,0.00043230926,3.4354919e-06,-0.0005037754,0.000286873,1.17069e-05,-0.000388851,0.00018554713587146622,27.95028887088517,27.187819573532117
PART-RIVERBANK-2,180,RiverBank/C3D8R,285.0,10.0,-10.0,-0.00029942603,2.3236287e-05,-0.0004201146,-0.000219047,-7.73063e-06,-0.00025657,0.0001848420260692513,35.792794274965814,34.65706753004412
PART-RIVERBANK-2,225,RiverBank/C3D8R,285.0,-10.0,-10.0,-0.00029942603,-2.3236287e-05,-0.0004201146,-0.000219047,7.73063e-06,-0.00025657,0.0001848420260692513,35.792794274965814,34.65706753004412
PART-RIVERBANK-1,160,RiverBank/C3D8R,-285.0,10.0,-10.0,0.00029942603,2.3236287e-05,-0.0004201146,0.000219047,-7.73063e-06,-0.00025657,0.0001848420260692513,35.792794274965814,34.65706753004412
PART-RIVERBANK-1,205,RiverBank/C3D8R,-285.0,-10.0,-10.0,0.00029942603,-2.3236287e-05,-0.0004201146,0.000219047,7.73063e-06,-0.00025657,0.0001848420260692513,35.792794274965814,34.65706753004412
PART-RIVERBANK-2,483,RiverBank/C3D8R,285.0,5.0,-20.0,-0.00016139107,-1.6995315e-06,-0.00037689696,-0.000117505,1.04591e-06,-0.000197912,0.0001843071905685625,44.952801582502865,43.861481583439016
PART-RIVERBANK-2,485,RiverBank/C3D8R,285.0,-5.0,-20.0,-0.00016139107,1.6995315e-06,-0.00037689696,-0.000117505,-1.04591e-06,-0.000197912,0.0001843071905685625,44.952801582502865,43.861481583439016
PART-RIVERBANK-1,423,RiverBank/C3D8R,-285.0,5.0,-20.0,0.00016139107,-1.6995315e-06,-0.00037689696,0.000117505,1.04591e-06,-0.000197912,0.0001843071905685625,44.952801582502865,43.861481583439016
PART-RIVERBANK-1,425,RiverBank/C3D8R,-285.0,-5.0,-20.0,0.00016139107,1.6995315e-06,-0.00037689696,0.000117505,-1.04591e-06,-0.000197912,0.0001843071905685625,44.952801582502865,43.861481583439016
PART-RIVERBANK-2,295,RiverBank/C3D8R,250.0,0.0,-40.0,0.00021056968,-7.7571385e-18,-0.00045209654,0.000357763,-6.47963e-17,-0.000341303,0.00018423105590088224,36.940093924500914,0.8577685600226072
PART-RIVERBANK-1,304,RiverBank/C3D8R,-250.0,0.0,-40.0,-0.00021056968,-7.7768406e-20,-0.00045209654,-0.000357763,-5.59211e-18,-0.000341303,0.00018423105590088224,36.940093924500914,0.8577685600226072
PART-RIVERBANK-2,477,RiverBank/C3D8R,280.0,5.0,-5.0,-0.00037233526,-7.850138e-06,-0.00046177322,-0.000256025,1.11809e-05,-0.000321111,0.00018351053681996967,30.93378481113894,30.74671520729162
PART-RIVERBANK-2,479,RiverBank/C3D8R,280.0,-5.0,-5.0,-0.00037233526,7.850138e-06,-0.00046177322,-0.000256025,-1.11809e-05,-0.000321111,0.00018351053681996967,30.93378481113894,30.74671520729162
PART-RIVERBANK-1,447,RiverBank/C3D8R,-280.0,5.0,-5.0,0.00037233526,-7.850138e-06,-0.00046177322,0.000256025,1.11809e-05,-0.000321111,0.00018351053681996967,30.93378481113894,30.74671520729162
PART-RIVERBANK-1,449,RiverBank/C3D8R,-280.0,-5.0,-5.0,0.00037233526,7.850138e-06,-0.00046177322,0.000256025,-1.11809e-05,-0.000321111,0.00018351053681996967,30.93378481113894,30.74671520729162
PART-RIVERBANK-2,153,RiverBank/C3D8R,260.0,10.0,-20.0,-0.00026313856,-4.871467e-05,-0.00050268794,-0.000183744,1.73739e-05,-0.00035328,0.00018164230723397592,31.8960361708312,30.009145883344402
PART-RIVERBANK-2,198,RiverBank/C3D8R,260.0,-10.0,-20.0,-0.00026313856,4.871467e-05,-0.00050268794,-0.000183744,-1.73739e-05,-0.00035328,0.00018164230723397592,31.8960361708312,30.009145883344402
PART-RIVERBANK-1,183,RiverBank/C3D8R,-260.0,10.0,-20.0,0.00026313856,-4.871467e-05,-0.00050268794,0.000183744,1.73739e-05,-0.00035328,0.00018164230723397592,31.8960361708312,30.009145883344402
PART-RIVERBANK-1,228,RiverBank/C3D8R,-260.0,-10.0,-20.0,0.00026313856,4.871467e-05,-0.00050268794,0.000183744,-1.73739e-05,-0.00035328,0.00018164230723397592,31.8960361708312,30.009145883344402
PART-RIVERBANK-2,18,RiverBank/C3D8R,250.0,-10.0,-15.0,-0.00076255156,-0.00030869112,-0.00029648043,-0.000590969,-0.000343971,-0.00024958,0.00018134192886134443,20.73765171697655,16.758853298584693
PART-RIVERBANK-2,26,RiverBank/C3D8R,250.0,10.0,-15.0,-0.00076255156,0.00030869112,-0.00029648043,-0.000590969,0.000343971,-0.00024958,0.00018134192886134443,20.73765171697655,16.758853298584693
PART-RIVERBANK-1,34,RiverBank/C3D8R,-250.0,-10.0,-15.0,0.00076255156,-0.00030869112,-0.00029648043,0.000590969,-0.000343971,-0.00024958,0.00018134192886134443,20.73765171697655,16.758853298584693
PART-RIVERBANK-1,42,RiverBank/C3D8R,-250.0,10.0,-15.0,0.00076255156,0.00030869112,-0.00029648043,0.000590969,0.000343971,-0.00024958,0.00018134192886134443,20.73765171697655,16.758853298584693
PART-RIVERBANK-2,472,RiverBank/C3D8R,280.0,0.0,-15.0,-0.00023871982,-8.387448e-18,-0.00048508754,-0.000173062,-5.99479e-17,-0.000316977,0.0001804774306838503,33.38187032324226,33.20130475683944
PART-RIVERBANK-1,442,RiverBank/C3D8R,-280.0,0.0,-15.0,0.00023871982,-6.7112976e-20,-0.00048508754,0.000173062,-4.66021e-17,-0.000316977,0.0001804774306838503,33.38187032324226,33.20130475683944
PART-RIVERBANK-2,256,RiverBank/C3D8R,285.0,0.0,-30.0,8.650096e-06,-2.5721173e-18,-0.00022122859,1.07385e-05,-1.11448e-17,-4.09416e-05,0.00018029908539570386,81.43677083115212,80.88214944230288
PART-RIVERBANK-1,244,RiverBank/C3D8R,-285.0,0.0,-30.0,-8.650096e-06,-2.4510587e-19,-0.00022122859,-1.07385e-05,-4.94712e-18,-4.09416e-05,0.00018029908539570386,81.43677083115212,80.88214944230288
PART-RIVERBANK-2,258,RiverBank/C3D8R,290.0,5.0,-30.0,7.97307e-05,-7.012596e-05,-0.00020925952,5.22903e-05,-5.37665e-05,-3.20286e-05,0.00018008721911256782,76.74468321814119,65.24582161620783
PART-RIVERBANK-2,260,RiverBank/C3D8R,290.0,-5.0,-30.0,7.97307e-05,7.012596e-05,-0.00020925952,5.22903e-05,5.37665e-05,-3.20286e-05,0.00018008721911256782,76.74468321814119,65.24582161620783
PART-RIVERBANK-1,240,RiverBank/C3D8R,-290.0,5.0,-30.0,-7.97307e-05,-7.012596e-05,-0.00020925952,-5.22903e-05,-5.37665e-05,-3.20286e-05,0.00018008721911256782,76.74468321814119,65.24582161620783
PART-RIVERBANK-1,242,RiverBank/C3D8R,-290.0,-5.0,-30.0,-7.97307e-05,7.012596e-05,-0.00020925952,-5.22903e-05,5.37665e-05,-3.20286e-05,0.00018008721911256782,76.74468321814119,65.24582161620783
PART-RIVERBANK-2,451,RiverBank/C3D8R,275.0,0.0,-25.0,-0.00020253606,-4.8516997e-18,-0.00031775996,-0.000126207,-4.22568e-17,-0.000156368,0.00017853148224647997,47.37862946134517,46.67310298874448
PART-RIVERBANK-1,451,RiverBank/C3D8R,-275.0,0.0,-25.0,0.00020253606,8.06205e-19,-0.00031775996,0.000126207,-4.06203e-17,-0.000156368,0.00017853148224647997,47.37862946134517,46.67310298874448
PART-RIVERBANK-2,29,RiverBank/C3D8R,300.0,-5.0,-30.0,0.00023499083,6.362484e-05,-0.00015198688,0.000152323,4.71252e-05,4.06259e-06,0.00017736303257533516,61.79903277524894,44.42575298513798
PART-RIVERBANK-2,31,RiverBank/C3D8R,300.0,5.0,-30.0,0.00023499083,-6.362484e-05,-0.00015198688,0.000152323,-4.71252e-05,4.06259e-06,0.00017736303257533516,61.79903277524894,44.42575298513798
PART-RIVERBANK-1,13,RiverBank/C3D8R,-300.0,5.0,-30.0,-0.00023499083,-6.362484e-05,-0.00015198688,-0.000152323,-4.71252e-05,4.06259e-06,0.00017736303257533516,61.79903277524894,44.42575298513798
PART-RIVERBANK-1,15,RiverBank/C3D8R,-300.0,-5.0,-30.0,-0.00023499083,6.362484e-05,-0.00015198688,-0.000152323,4.71252e-05,4.06259e-06,0.00017736303257533516,61.79903277524894,44.42575298513798
PART-RIVERBANK-2,517,RiverBank/C3D8R,295.0,0.0,-15.0,-0.00019556032,-3.8238595e-18,-0.00037816362,-0.000134091,5.73653e-18,-0.000213397,0.000175859365310713,41.30709202164936,40.80161772595409
PART-RIVERBANK-1,397,RiverBank/C3D8R,-295.0,0.0,-15.0,0.00019556032,-1.791994e-18,-0.00037816362,0.000134091,1.72549e-17,-0.000213397,0.000175859365310713,41.30709202164936,40.80161772595409
PART-RIVERBANK-2,486,RiverBank/C3D8R,285.0,5.0,-15.0,-0.00022502305,1.4599413e-05,-0.00046008563,-0.000168255,5.1672e-06,-0.000294743,0.00017507073838365098,34.168532370693946,33.75431034065051
PART-RIVERBANK-2,488,RiverBank/C3D8R,285.0,-5.0,-15.0,-0.00022502305,-1.4599413e-05,-0.00046008563,-0.000168255,-5.1672e-06,-0.000294743,0.00017507073838365098,34.168532370693946,33.75431034065051
PART-RIVERBANK-1,426,RiverBank/C3D8R,-285.0,5.0,-15.0,0.00022502305,1.4599413e-05,-0.00046008563,0.000168255,5.1672e-06,-0.000294743,0.00017507073838365098,34.168532370693946,33.75431034065051
PART-RIVERBANK-1,428,RiverBank/C3D8R,-285.0,-5.0,-15.0,0.00022502305,-1.4599413e-05,-0.00046008563,0.000168255,-5.1672e-06,-0.000294743,0.00017507073838365098,34.168532370693946,33.75431034065051
PART-RIVERBANK-2,499,RiverBank/C3D8R,290.0,0.0,-20.0,-0.00013916501,-3.3426931e-18,-0.00034749878,-9.7182e-05,-4.72009e-18,-0.000178608,0.0001740306544769297,46.4913461732468,45.6801327185359
PART-RIVERBANK-1,409,RiverBank/C3D8R,-290.0,0.0,-20.0,0.00013916501,-9.886915e-19,-0.00034749878,9.7182e-05,1.29088e-18,-0.000178608,0.0001740306544769297,46.4913461732468,45.6801327185359
PART-RIVERBANK-2,187,RiverBank/C3D8R,295.0,10.0,-25.0,-3.2839112e-06,-3.5564648e-05,-0.00027805756,-4.91716e-05,1.91899e-05,-0.000119993,0.0001734593486615338,61.87419327197634,53.23948782994984
PART-RIVERBANK-2,232,RiverBank/C3D8R,295.0,-10.0,-25.0,-3.2839112e-06,3.5564648e-05,-0.00027805756,-4.91716e-05,-1.91899e-05,-0.000119993,0.0001734593486615338,61.87419327197634,53.23948782994984
PART-RIVERBANK-1,147,RiverBank/C3D8R,-295.0,10.0,-25.0,3.2839112e-06,-3.5564648e-05,-0.00027805756,4.91716e-05,1.91899e-05,-0.000119993,0.0001734593486615338,61.87419327197634,53.23948782994984
PART-RIVERBANK-1,192,RiverBank/C3D8R,-295.0,-10.0,-25.0,3.2839112e-06,3.5564648e-05,-0.00027805756,4.91716e-05,-1.91899e-05,-0.000119993,0.0001734593486615338,61.87419327197634,53.23948782994984
PART-RIVERBANK-2,501,RiverBank/C3D8R,290.0,5.0,-15.0,-0.00022436077,2.542826e-06,-0.00037922218,-0.000155144,3.04506e-06,-0.000220611,0.0001730569845721809,39.275011019571345,38.787777292110924
PART-RIVERBANK-2,503,RiverBank/C3D8R,290.0,-5.0,-15.0,-0.00022436077,-2.542826e-06,-0.00037922218,-0.000155144,-3.04506e-06,-0.000220611,0.0001730569845721809,39.275011019571345,38.787777292110924
PART-RIVERBANK-1,411,RiverBank/C3D8R,-290.0,5.0,-15.0,0.00022436077,2.542826e-06,-0.00037922218,0.000155144,3.04506e-06,-0.000220611,0.0001730569845721809,39.275011019571345,38.787777292110924
PART-RIVERBANK-1,413,RiverBank/C3D8R,-290.0,-5.0,-15.0,0.00022436077,-2.542826e-06,-0.00037922218,0.000155144,-3.04506e-06,-0.000220611,0.0001730569845721809,39.275011019571345,38.787777292110924
PART-RIVERBANK-2,277,RiverBank/C3D8R,275.0,0.0,0.0,-0.00044373103,-2.1380251e-17,-0.00041748077,-0.000281367,-1.40717e-16,-0.000359418,0.00017243364955226632,28.30253886480435,25.079829044085933
PART-RIVERBANK-1,277,RiverBank/C3D8R,-275.0,0.0,0.0,0.00044373103,2.9533402e-18,-0.00041748077,0.000281367,-8.78902e-17,-0.000359418,0.00017243364955226632,28.30253886480435,25.079829044085933
PART-RIVERBANK-2,191,RiverBank/C3D8R,295.0,10.0,-5.0,-0.00032518271,-1.9351097e-05,-0.00042002354,-0.000237207,1.33353e-05,-0.000275701,0.0001721543541444634,32.3876585451946,31.53045975483278
PART-RIVERBANK-2,236,RiverBank/C3D8R,295.0,-10.0,-5.0,-0.00032518271,1.9351097e-05,-0.00042002354,-0.000237207,-1.33353e-05,-0.000275701,0.0001721543541444634,32.3876585451946,31.53045975483278
PART-RIVERBANK-1,151,RiverBank/C3D8R,-295.0,10.0,-5.0,0.00032518271,-1.9351097e-05,-0.00042002354,0.000237207,1.33353e-05,-0.000275701,0.0001721543541444634,32.3876585451946,31.53045975483278
PART-RIVERBANK-1,196,RiverBank/C3D8R,-295.0,-10.0,-5.0,0.00032518271,1.9351097e-05,-0.00042002354,0.000237207,-1.33353e-05,-0.000275701,0.0001721543541444634,32.3876585451946,31.53045975483278
PART-RIVERBANK-2,141,RiverBank/C3D8R,300.0,5.0,-10.0,-0.0002501858,1.0109294e-05,-0.00035962195,-0.000187968,2.88792e-06,-0.000199859,0.00017160245648588593,39.16036991916835,37.385571165944114
PART-RIVERBANK-2,143,RiverBank/C3D8R,300.0,-5.0,-10.0,-0.0002501858,-1.0109294e-05,-0.00035962195,-0.000187968,-2.88792e-06,-0.000199859,0.00017160245648588593,39.16036991916835,37.385571165944114
PART-RIVERBANK-1,126,RiverBank/C3D8R,-300.0,5.0,-10.0,0.0002501858,1.0109294e-05,-0.00035962195,0.000187968,2.88792e-06,-0.000199859,0.00017160245648588593,39.16036991916835,37.385571165944114
PART-RIVERBANK-1,128,RiverBank/C3D8R,-300.0,-5.0,-10.0,0.0002501858,-1.0109294e-05,-0.00035962195,0.000187968,-2.88792e-06,-0.000199859,0.00017160245648588593,39.16036991916835,37.385571165944114
PART-RIVERBANK-2,174,RiverBank/C3D8R,280.0,10.0,-15.0,-0.00025465834,2.4129846e-05,-0.00044231702,-0.000180936,-3.48427e-06,-0.000291933,0.0001697435603753422,33.22068728159065,32.778216980310695
PART-RIVERBANK-2,219,RiverBank/C3D8R,280.0,-10.0,-15.0,-0.00025465834,-2.4129846e-05,-0.00044231702,-0.000180936,3.48427e-06,-0.000291933,0.0001697435603753422,33.22068728159065,32.778216980310695
PART-RIVERBANK-1,164,RiverBank/C3D8R,-280.0,10.0,-15.0,0.00025465834,2.4129846e-05,-0.00044231702,0.000180936,-3.48427e-06,-0.000291933,0.0001697435603753422,33.22068728159065,32.778216980310695
PART-RIVERBANK-1,209,RiverBank/C3D8R,-280.0,-10.0,-15.0,0.00025465834,-2.4129846e-05,-0.00044231702,0.000180936,3.48427e-06,-0.000291933,0.0001697435603753422,33.22068728159065,32.778216980310695
PART-RIVERBANK-2,262,RiverBank/C3D8R,295.0,0.0,-30.0,0.00014097118,-1.523229e-19,-0.00018497264,8.99475e-05,1.50683e-17,-2.37388e-05,0.00016911465661464118,72.71630218380139,59.99990016369404
PART-RIVERBANK-1,238,RiverBank/C3D8R,-295.0,0.0,-30.0,-0.00014097118,-1.2049283e-18,-0.00018497264,-8.99475e-05,1.61156e-17,-2.37388e-05,0.00016911465661464118,72.71630218380139,59.99990016369404
PART-RIVERBANK-2,520,RiverBank/C3D8R,295.0,0.0,-10.0,-0.00028502598,-4.780464e-18,-0.00036404523,-0.000211628,-4.10726e-18,-0.00021188,0.00016894235907265323,36.53982447581222,35.229895148852094
PART-RIVERBANK-1,400,RiverBank/C3D8R,-295.0,0.0,-10.0,0.00028502598,-3.0408915e-18,-0.00036404523,0.000211628,5.21433e-18,-0.00021188,0.00016894235907265323,36.53982447581222,35.229895148852094
PART-RIVERBANK-2,285,RiverBank/C3D8R,290.0,5.0,0.0,-0.0003932828,2.3539e-06,-0.000440481,-0.000273553,-2.40586e-06,-0.000323898,0.00016718096845124927,28.311351763390665,28.203292309209942
PART-RIVERBANK-2,287,RiverBank/C3D8R,290.0,-5.0,0.0,-0.0003932828,-2.3539e-06,-0.000440481,-0.000273553,2.40586e-06,-0.000323898,0.00016718096845124927,28.311351763390665,28.203292309209942
PART-RIVERBANK-1,267,RiverBank/C3D8R,-290.0,5.0,0.0,0.0003932828,2.3539e-06,-0.000440481,0.000273553,-2.40586e-06,-0.000323898,0.00016718096845124927,28.311351763390665,28.203292309209942
PART-RIVERBANK-1,269,RiverBank/C3D8R,-290.0,-5.0,0.0,0.0003932828,-2.3539e-06,-0.000440481,0.000273553,2.40586e-06,-0.000323898,0.00016718096845124927,28.311351763390665,28.203292309209942
PART-RIVERBANK-2,519,RiverBank/C3D8R,295.0,5.0,-10.0,-0.00028460164,-2.3722525e-06,-0.00036181964,-0.000199068,2.29842e-06,-0.000220981,0.000164843384065911,35.80869101678598,35.38921671722515
PART-RIVERBANK-2,521,RiverBank/C3D8R,295.0,-5.0,-10.0,-0.00028460164,2.3722525e-06,-0.00036181964,-0.000199068,-2.29842e-06,-0.000220981,0.000164843384065911,35.80869101678598,35.38921671722515
PART-RIVERBANK-1,399,RiverBank/C3D8R,-295.0,5.0,-10.0,0.00028460164,-2.3722525e-06,-0.00036181964,0.000199068,2.29842e-06,-0.000220981,0.000164843384065911,35.80869101678598,35.38921671722515
PART-RIVERBANK-1,401,RiverBank/C3D8R,-295.0,-5.0,-10.0,0.00028460164,2.3722525e-06,-0.00036181964,0.000199068,-2.29842e-06,-0.000220981,0.000164843384065911,35.80869101678598,35.38921671722515
PART-RIVERBANK-2,523,RiverBank/C3D8R,295.0,0.0,-5.0,-0.00031395306,-7.912552e-18,-0.00041604514,-0.000227476,-9.34616e-18,-0.000276587,0.00016409404230045404,31.48327475853927,31.291812726980893
PART-RIVERBANK-1,403,RiverBank/C3D8R,-295.0,0.0,-5.0,0.00031395306,-2.4960615e-18,-0.00041604514,0.000227476,8.84895e-18,-0.000276587,0.00016409404230045404,31.48327475853927,31.291812726980893
PART-RIVERBANK-2,33,RiverBank/C3D8R,300.0,-10.0,-10.0,-0.00026182845,-1.6870747e-06,-0.00035890308,-0.000191453,-1.52978e-05,-0.000211758,0.00016367538108738578,36.84211432056282,35.64960716757976
PART-RIVERBANK-2,43,RiverBank/C3D8R,300.0,10.0,-10.0,-0.00026182845,1.6870747e-06,-0.00035890308,-0.000191453,1.52978e-05,-0.000211758,0.00016367538108738578,36.84211432056282,35.64960716757976
PART-RIVERBANK-1,19,RiverBank/C3D8R,-300.0,-10.0,-10.0,0.00026182845,-1.6870747e-06,-0.00035890308,0.000191453,-1.52978e-05,-0.000211758,0.00016367538108738578,36.84211432056282,35.64960716757976
PART-RIVERBANK-1,25,RiverBank/C3D8R,-300.0,10.0,-10.0,0.00026182845,1.6870747e-06,-0.00035890308,0.000191453,1.52978e-05,-0.000211758,0.00016367538108738578,36.84211432056282,35.64960716757976
PART-RIVERBANK-2,513,RiverBank/C3D8R,295.0,5.0,-20.0,-0.00014707974,1.6620518e-06,-0.0003134471,-9.6741e-05,-4.02805e-08,-0.000158414,0.00016300965853487706,47.0795374730913,46.3910219791502
PART-RIVERBANK-2,515,RiverBank/C3D8R,295.0,-5.0,-20.0,-0.00014707974,-1.6620518e-06,-0.0003134471,-9.6741e-05,4.02805e-08,-0.000158414,0.00016300965853487706,47.0795374730913,46.3910219791502
PART-RIVERBANK-1,393,RiverBank/C3D8R,-295.0,5.0,-20.0,0.00014707974,1.6620518e-06,-0.0003134471,9.6741e-05,-4.02805e-08,-0.000158414,0.00016300965853487706,47.0795374730913,46.3910219791502
PART-RIVERBANK-1,395,RiverBank/C3D8R,-295.0,-5.0,-20.0,0.00014707974,-1.6620518e-06,-0.0003134471,9.6741e-05,4.02805e-08,-0.000158414,0.00016300965853487706,47.0795374730913,46.3910219791502
PART-RIVERBANK-2,454,RiverBank/C3D8R,275.0,0.0,-20.0,-0.00016553438,-8.237304e-18,-0.0005122527,-0.000108888,-6.91026e-17,-0.000360436,0.00016204049730235458,30.100314633710422,30.057569512846154
PART-RIVERBANK-1,454,RiverBank/C3D8R,-275.0,0.0,-20.0,0.00016553438,7.565224e-19,-0.0005122527,0.000108888,-5.38992e-17,-0.000360436,0.00016204049730235458,30.100314633710422,30.057569512846154
PART-RIVERBANK-2,553,RiverBank/C3D8R,270.0,0.0,-35.0,0.0001063242,-3.7629517e-18,-0.00041743362,2.66772e-05,-3.65156e-17,-0.000276505,0.0001618781039674742,37.579500465826314,35.51216094164648
PART-RIVERBANK-1,571,RiverBank/C3D8R,-270.0,0.0,-35.0,-0.0001063242,4.7149455e-19,-0.00041743362,-2.66772e-05,-2.4896e-17,-0.000276505,0.0001618781039674742,37.579500465826314,35.51216094164648
PART-RIVERBANK-2,468,RiverBank/C3D8R,280.0,5.0,-20.0,-0.00017869052,2.771812e-05,-0.000486492,-0.000124273,1.17379e-05,-0.000334904,0.00016185041136246393,31.184352137878264,31.136325532849135
PART-RIVERBANK-2,470,RiverBank/C3D8R,280.0,-5.0,-20.0,-0.00017869052,-2.771812e-05,-0.000486492,-0.000124273,-1.17379e-05,-0.000334904,0.00016185041136246393,31.184352137878264,31.136325532849135
PART-RIVERBANK-1,438,RiverBank/C3D8R,-280.0,5.0,-20.0,0.00017869052,2.771812e-05,-0.000486492,0.000124273,1.17379e-05,-0.000334904,0.00016185041136246393,31.184352137878264,31.136325532849135
PART-RIVERBANK-1,440,RiverBank/C3D8R,-280.0,-5.0,-20.0,0.00017869052,-2.771812e-05,-0.000486492,0.000124273,-1.17379e-05,-0.000334904,0.00016185041136246393,31.184352137878264,31.136325532849135
PART-RIVERBANK-2,465,RiverBank/C3D8R,280.0,5.0,-25.0,-0.00013740544,-2.7372358e-05,-0.00029200132,-9.99963e-05,1.19681e-05,-0.000139613,0.0001617693279444894,49.94825210570286,46.847788128524826
PART-RIVERBANK-2,467,RiverBank/C3D8R,280.0,-5.0,-25.0,-0.00013740544,2.7372358e-05,-0.00029200132,-9.99963e-05,-1.19681e-05,-0.000139613,0.0001617693279444894,49.94825210570286,46.847788128524826
PART-RIVERBANK-1,435,RiverBank/C3D8R,-280.0,5.0,-25.0,0.00013740544,-2.7372358e-05,-0.00029200132,9.99963e-05,1.19681e-05,-0.000139613,0.0001617693279444894,49.94825210570286,46.847788128524826
PART-RIVERBANK-1,437,RiverBank/C3D8R,-280.0,-5.0,-25.0,0.00013740544,2.7372358e-05,-0.00029200132,9.99963e-05,-1.19681e-05,-0.000139613,0.0001617693279444894,49.94825210570286,46.847788128524826
PART-RIVERBANK-2,56,RiverBank/C3D8R,285.0,10.0,-30.0,-4.789921e-06,-0.00016385912,-0.00014735808,6.20897e-07,-0.000134431,1.06194e-05,0.00016078611689232975,72.94370141564448,38.822162300478226
PART-RIVERBANK-2,78,RiverBank/C3D8R,285.0,-10.0,-30.0,-4.789921e-06,0.00016385912,-0.00014735808,6.20897e-07,0.000134431,1.06194e-05,0.00016078611689232975,72.94370141564448,38.822162300478226
PART-RIVERBANK-1,60,RiverBank/C3D8R,-285.0,10.0,-30.0,4.789921e-06,-0.00016385912,-0.00014735808,-6.20897e-07,-0.000134431,1.06194e-05,0.00016078611689232975,72.94370141564448,38.822162300478226
PART-RIVERBANK-1,74,RiverBank/C3D8R,-285.0,-10.0,-30.0,4.789921e-06,0.00016385912,-0.00014735808,-6.20897e-07,0.000134431,1.06194e-05,0.00016078611689232975,72.94370141564448,38.822162300478226
PART-RIVERBANK-2,507,RiverBank/C3D8R,290.0,5.0,-5.0,-0.0003476158,-7.3328465e-06,-0.00039488357,-0.000244547,5.41508e-06,-0.000272447,0.00016055030624964346,30.514736373390793,30.409818078488883
PART-RIVERBANK-2,509,RiverBank/C3D8R,290.0,-5.0,-5.0,-0.0003476158,7.3328465e-06,-0.00039488357,-0.000244547,-5.41508e-06,-0.000272447,0.00016055030624964346,30.514736373390793,30.409818078488883
PART-RIVERBANK-1,417,RiverBank/C3D8R,-290.0,5.0,-5.0,0.0003476158,-7.3328465e-06,-0.00039488357,0.000244547,5.41508e-06,-0.000272447,0.00016055030624964346,30.514736373390793,30.409818078488883
PART-RIVERBANK-1,419,RiverBank/C3D8R,-290.0,-5.0,-5.0,0.0003476158,7.3328465e-06,-0.00039488357,0.000244547,-5.41508e-06,-0.000272447,0.00016055030624964346,30.514736373390793,30.409818078488883
PART-RIVERBANK-2,190,RiverBank/C3D8R,295.0,10.0,-10.0,-0.00027593147,2.2044582e-05,-0.00033964866,-0.000203335,-1.91846e-06,-0.000199187,0.00015991858168552602,36.497648326368555,35.03588905753615
PART-RIVERBANK-2,235,RiverBank/C3D8R,295.0,-10.0,-10.0,-0.00027593147,-2.2044582e-05,-0.00033964866,-0.000203335,1.91846e-06,-0.000199187,0.00015991858168552602,36.497648326368555,35.03588905753615
PART-RIVERBANK-1,150,RiverBank/C3D8R,-295.0,10.0,-10.0,0.00027593147,2.2044582e-05,-0.00033964866,0.000203335,-1.91846e-06,-0.000199187,0.00015991858168552602,36.497648326368555,35.03588905753615
PART-RIVERBANK-1,195,RiverBank/C3D8R,-295.0,-10.0,-10.0,0.00027593147,-2.2044582e-05,-0.00033964866,0.000203335,1.91846e-06,-0.000199187,0.00015991858168552602,36.497648326368555,35.03588905753615
PART-RIVERBANK-2,51,RiverBank/C3D8R,285.0,10.0,0.0,-0.00042508342,1.086018e-05,-0.00038944397,-0.000287594,-1.01424e-05,-0.000311816,0.00015928135705384257,27.623702089472978,26.41245316725248
PART-RIVERBANK-2,65,RiverBank/C3D8R,285.0,-10.0,0.0,-0.00042508342,-1.086018e-05,-0.00038944397,-0.000287594,1.01424e-05,-0.000311816,0.00015928135705384257,27.623702089472978,26.41245316725248
PART-RIVERBANK-1,47,RiverBank/C3D8R,-285.0,10.0,0.0,0.00042508342,1.086018e-05,-0.00038944397,0.000287594,-1.01424e-05,-0.000311816,0.00015928135705384257,27.623702089472978,26.41245316725248
PART-RIVERBANK-1,69,RiverBank/C3D8R,-285.0,-10.0,0.0,0.00042508342,-1.086018e-05,-0.00038944397,0.000287594,1.01424e-05,-0.000311816,0.00015928135705384257,27.623702089472978,26.41245316725248
PART-RIVERBANK-2,502,RiverBank/C3D8R,290.0,0.0,-15.0,-0.00022740505,-4.69746e-18,-0.0004064382,-0.000173433,-1.47358e-17,-0.000256979,0.00015890574138728434,34.1196635490565,33.431965594925735
PART-RIVERBANK-1,412,RiverBank/C3D8R,-290.0,0.0,-15.0,0.00022740505,-2.0120585e-18,-0.0004064382,0.000173433,-7.0524e-18,-0.000256979,0.00015890574138728434,34.1196635490565,33.431965594925735
PART-RIVERBANK-2,481,RiverBank/C3D8R,285.0,0.0,-25.0,-9.065052e-05,-2.4685288e-18,-0.00028124117,-8.16243e-05,-1.14205e-17,-0.000123303,0.00015819588550413472,53.53686815319554,49.95692352958759
PART-RIVERBANK-1,421,RiverBank/C3D8R,-285.0,0.0,-25.0,9.065052e-05,-3.0154792e-19,-0.00028124117,8.16243e-05,-1.07484e-17,-0.000123303,0.00015819588550413472,53.53686815319554,49.95692352958759
PART-RIVERBANK-2,450,RiverBank/C3D8R,275.0,5.0,-25.0,-6.7098474e-05,6.7199195e-05,-0.00048795374,-6.87359e-05,4.34171e-06,-0.000342874,0.00015811981388459288,31.807912501617324,29.648582668987938
PART-RIVERBANK-2,452,RiverBank/C3D8R,275.0,-5.0,-25.0,-6.7098474e-05,-6.7199195e-05,-0.00048795374,-6.87359e-05,-4.34171e-06,-0.000342874,0.00015811981388459288,31.807912501617324,29.648582668987938
PART-RIVERBANK-1,450,RiverBank/C3D8R,-275.0,5.0,-25.0,6.7098474e-05,6.7199195e-05,-0.00048795374,6.87359e-05,4.34171e-06,-0.000342874,0.00015811981388459288,31.807912501617324,29.648582668987938
PART-RIVERBANK-1,452,RiverBank/C3D8R,-275.0,-5.0,-25.0,6.7098474e-05,-6.7199195e-05,-0.00048795374,6.87359e-05,-4.34171e-06,-0.000342874,0.00015811981388459288,31.807912501617324,29.648582668987938
PART-RIVERBANK-2,35,RiverBank/C3D8R,300.0,-10.0,-20.0,-0.00012318637,-1.3231634e-05,-0.00029833458,-8.40892e-05,-1.34363e-05,-0.000145851,0.0001574162404575743,48.729961552675874,47.7180152966294
PART-RIVERBANK-2,41,RiverBank/C3D8R,300.0,10.0,-20.0,-0.00012318637,1.3231634e-05,-0.00029833458,-8.40892e-05,1.34363e-05,-0.000145851,0.0001574162404575743,48.729961552675874,47.7180152966294
PART-RIVERBANK-1,17,RiverBank/C3D8R,-300.0,-10.0,-20.0,0.00012318637,-1.3231634e-05,-0.00029833458,8.40892e-05,-1.34363e-05,-0.000145851,0.0001574162404575743,48.729961552675874,47.7180152966294
PART-RIVERBANK-1,27,RiverBank/C3D8R,-300.0,10.0,-20.0,0.00012318637,1.3231634e-05,-0.00029833458,8.40892e-05,1.34363e-05,-0.000145851,0.0001574162404575743,48.729961552675874,47.7180152966294
PART-RIVERBANK-2,172,RiverBank/C3D8R,280.0,10.0,-25.0,-9.5773845e-05,9.584027e-05,-0.0004221329,-7.34059e-05,-3.51403e-06,-0.000302303,0.00015726031548366873,35.47137383285178,29.82711179104988
PART-RIVERBANK-2,217,RiverBank/C3D8R,280.0,-10.0,-25.0,-9.5773845e-05,-9.584027e-05,-0.0004221329,-7.34059e-05,3.51403e-06,-0.000302303,0.00015726031548366873,35.47137383285178,29.82711179104988
PART-RIVERBANK-1,162,RiverBank/C3D8R,-280.0,10.0,-25.0,9.5773845e-05,9.584027e-05,-0.0004221329,7.34059e-05,-3.51403e-06,-0.000302303,0.00015726031548366873,35.47137383285178,29.82711179104988
PART-RIVERBANK-1,207,RiverBank/C3D8R,-280.0,-10.0,-25.0,9.5773845e-05,-9.584027e-05,-0.0004221329,7.34059e-05,3.51403e-06,-0.000302303,0.00015726031548366873,35.47137383285178,29.82711179104988
PART-RIVERBANK-2,283,RiverBank/C3D8R,285.0,0.0,0.0,-0.00041193582,-1.5366154e-17,-0.00039127163,-0.000280104,-7.50224e-17,-0.000307292,0.00015630805167824626,27.51217599778516,26.814627399813553
PART-RIVERBANK-1,271,RiverBank/C3D8R,-285.0,0.0,0.0,0.00041193582,4.7213913e-19,-0.00039127163,0.000280104,-2.98088e-17,-0.000307292,0.00015630805167824626,27.51217599778516,26.814627399813553
PART-RIVERBANK-2,528,RiverBank/C3D8R,255.0,-5.0,-40.0,-0.00014514224,-2.8182036e-05,-0.0002459632,-4.24247e-07,-6.76988e-05,-0.000202088,0.00015630068877013864,54.46367725974102,25.73514436032213
PART-RIVERBANK-2,530,RiverBank/C3D8R,255.0,5.0,-40.0,-0.00014514224,2.8182036e-05,-0.0002459632,-4.24247e-07,6.76988e-05,-0.000202088,0.00015630068877013864,54.46367725974102,25.73514436032213
PART-RIVERBANK-1,600,RiverBank/C3D8R,-255.0,-5.0,-40.0,0.00014514224,-2.8182036e-05,-0.0002459632,4.24247e-07,-6.76988e-05,-0.000202088,0.00015630068877013864,54.46367725974102,25.73514436032213
PART-RIVERBANK-1,602,RiverBank/C3D8R,-255.0,5.0,-40.0,0.00014514224,2.8182036e-05,-0.0002459632,4.24247e-07,6.76988e-05,-0.000202088,0.00015630068877013864,54.46367725974102,25.73514436032213
PART-RIVERBANK-2,321,RiverBank/C3D8R,275.0,-10.0,-35.0,-0.00010444106,2.5324482e-05,-0.00030483585,-5.15483e-05,-5.78233e-05,-0.000184251,0.00015573022751367066,48.18018623747612,38.16283684713544
PART-RIVERBANK-2,348,RiverBank/C3D8R,275.0,10.0,-35.0,-0.00010444106,-2.5324482e-05,-0.00030483585,-5.15483e-05,5.78233e-05,-0.000184251,0.00015573022751367066,48.18018623747612,38.16283684713544
PART-RIVERBANK-1,321,RiverBank/C3D8R,-275.0,-10.0,-35.0,0.00010444106,2.5324482e-05,-0.00030483585,5.15483e-05,-5.78233e-05,-0.000184251,0.00015573022751367066,48.18018623747612,38.16283684713544
PART-RIVERBANK-1,348,RiverBank/C3D8R,-275.0,10.0,-35.0,0.00010444106,-2.5324482e-05,-0.00030483585,5.15483e-05,5.78233e-05,-0.000184251,0.00015573022751367066,48.18018623747612,38.16283684713544
PART-RIVERBANK-2,142,RiverBank/C3D8R,300.0,0.0,-10.0,-0.00024169114,-2.882784e-18,-0.00034366103,-0.000175215,2.14757e-17,-0.000204471,0.0001542496082351605,36.713870571317365,35.90839897189678
PART-RIVERBANK-1,127,RiverBank/C3D8R,-300.0,0.0,-10.0,0.00024169114,-2.7717102e-18,-0.00034366103,0.000175215,3.42159e-17,-0.000204471,0.0001542496082351605,36.713870571317365,35.90839897189678
PART-RIVERBANK-2,54,RiverBank/C3D8R,295.0,10.0,-30.0,0.00014406483,-0.00012879596,-0.00012513345,9.26296e-05,-0.00010085,1.74742e-05,0.0001541541481893919,66.95936406035143,40.03807831682266
PART-RIVERBANK-2,80,RiverBank/C3D8R,295.0,-10.0,-30.0,0.00014406483,0.00012879596,-0.00012513345,9.26296e-05,0.00010085,1.74742e-05,0.0001541541481893919,66.95936406035143,40.03807831682266
PART-RIVERBANK-1,62,RiverBank/C3D8R,-295.0,10.0,-30.0,-0.00014406483,-0.00012879596,-0.00012513345,-9.26296e-05,-0.00010085,1.74742e-05,0.0001541541481893919,66.95936406035143,40.03807831682266
PART-RIVERBANK-1,72,RiverBank/C3D8R,-295.0,-10.0,-30.0,-0.00014406483,0.00012879596,-0.00012513345,-9.26296e-05,0.00010085,1.74742e-05,0.0001541541481893919,66.95936406035143,40.03807831682266
PART-RIVERBANK-2,168,RiverBank/C3D8R,275.0,10.0,-20.0,-0.00018556611,5.5959412e-05,-0.00045202862,-0.000119858,1.05242e-05,-0.000321414,0.00015310810940966335,31.130331927615508,30.220464009279496
PART-RIVERBANK-2,213,RiverBank/C3D8R,275.0,-10.0,-20.0,-0.00018556611,-5.5959412e-05,-0.00045202862,-0.000119858,-1.05242e-05,-0.000321414,0.00015310810940966335,31.130331927615508,30.220464009279496
PART-RIVERBANK-1,168,RiverBank/C3D8R,-275.0,10.0,-20.0,0.00018556611,5.5959412e-05,-0.00045202862,0.000119858,1.05242e-05,-0.000321414,0.00015310810940966335,31.130331927615508,30.220464009279496
PART-RIVERBANK-1,213,RiverBank/C3D8R,-275.0,-10.0,-20.0,0.00018556611,-5.5959412e-05,-0.00045202862,0.000119858,-1.05242e-05,-0.000321414,0.00015310810940966335,31.130331927615508,30.220464009279496
PART-RIVERBANK-2,241,RiverBank/C3D8R,260.0,0.0,-30.0,0.0007613499,-1.3627888e-18,-0.0007222065,0.000611448,-6.1282e-17,-0.000706842,0.00015068725056838753,14.359401161287307,10.938531876876109
PART-RIVERBANK-1,259,RiverBank/C3D8R,-260.0,0.0,-30.0,-0.0007613499,1.3437766e-18,-0.0007222065,-0.000611448,-8.10657e-17,-0.000706842,0.00015068725056838753,14.359401161287307,10.938531876876109
PART-RIVERBANK-2,516,RiverBank/C3D8R,295.0,5.0,-15.0,-0.00019780919,1.2111626e-05,-0.00037648625,-0.000158504,6.89949e-06,-0.000231599,0.00015021444516151266,35.30627830176742,34.017502392261555
PART-RIVERBANK-2,518,RiverBank/C3D8R,295.0,-5.0,-15.0,-0.00019780919,-1.2111626e-05,-0.00037648625,-0.000158504,-6.89949e-06,-0.000231599,0.00015021444516151266,35.30627830176742,34.017502392261555
PART-RIVERBANK-1,396,RiverBank/C3D8R,-295.0,5.0,-15.0,0.00019780919,1.2111626e-05,-0.00037648625,0.000158504,6.89949e-06,-0.000231599,0.00015021444516151266,35.30627830176742,34.017502392261555
PART-RIVERBANK-1,398,RiverBank/C3D8R,-295.0,-5.0,-15.0,0.00019780919,-1.2111626e-05,-0.00037648625,0.000158504,-6.89949e-06,-0.000231599,0.00015021444516151266,35.30627830176742,34.017502392261555
PART-RIVERBANK-2,120,RiverBank/C3D8R,250.0,5.0,-20.0,-0.00081896054,8.087376e-05,-0.000104474275,-0.000737377,5.97023e-05,1.92593e-05,0.00014971340053496825,18.047562235501957,10.790021645333468
PART-RIVERBANK-2,122,RiverBank/C3D8R,250.0,-5.0,-20.0,-0.00081896054,-8.087376e-05,-0.000104474275,-0.000737377,-5.97023e-05,1.92593e-05,0.00014971340053496825,18.047562235501957,10.790021645333468
PART-RIVERBANK-1,135,RiverBank/C3D8R,-250.0,5.0,-20.0,0.00081896054,8.087376e-05,-0.000104474275,0.000737377,5.97023e-05,1.92593e-05,0.00014971340053496825,18.047562235501957,10.790021645333468
PART-RIVERBANK-1,137,RiverBank/C3D8R,-250.0,-5.0,-20.0,0.00081896054,-8.087376e-05,-0.000104474275,0.000737377,-5.97023e-05,1.92593e-05,0.00014971340053496825,18.047562235501957,10.790021645333468
PART-RIVERBANK-2,511,RiverBank/C3D8R,295.0,0.0,-25.0,-2.1448525e-06,1.6988947e-19,-0.00022878543,-4.71505e-05,1.79913e-17,-8.65604e-05,0.00014917596141937598,65.20057082913544,56.91823812330896
PART-RIVERBANK-1,391,RiverBank/C3D8R,-295.0,0.0,-25.0,2.1448525e-06,-1.3799492e-18,-0.00022878543,4.71505e-05,1.6165e-17,-8.65604e-05,0.00014917596141937598,65.20057082913544,56.91823812330896
PART-RIVERBANK-2,37,RiverBank/C3D8R,300.0,5.0,0.0,-0.00038289526,4.769249e-06,-0.00034538138,-0.000267866,6.60378e-07,-0.000251932,0.00014826125623178377,28.750957897377127,28.690251785896038
PART-RIVERBANK-2,39,RiverBank/C3D8R,300.0,-5.0,0.0,-0.00038289526,-4.769249e-06,-0.00034538138,-0.000267866,-6.60378e-07,-0.000251932,0.00014826125623178377,28.750957897377127,28.690251785896038
PART-RIVERBANK-1,21,RiverBank/C3D8R,-300.0,-5.0,0.0,0.00038289526,-4.769249e-06,-0.00034538138,0.000267866,-6.60378e-07,-0.000251932,0.00014826125623178377,28.750957897377127,28.690251785896038
PART-RIVERBANK-1,23,RiverBank/C3D8R,-300.0,5.0,0.0,0.00038289526,4.769249e-06,-0.00034538138,0.000267866,6.60378e-07,-0.000251932,0.00014826125623178377,28.750957897377127,28.690251785896038
PART-RIVERBANK-2,36,RiverBank/C3D8R,300.0,-10.0,-25.0,-0.00018186243,-7.1913026e-05,-0.000278395,-7.78774e-05,-2.0776e-06,-0.000202146,0.00014664168298850905,43.102100189577676,36.32389300847907
PART-RIVERBANK-2,40,RiverBank/C3D8R,300.0,10.0,-25.0,-0.00018186243,7.1913026e-05,-0.000278395,-7.78774e-05,2.0776e-06,-0.000202146,0.00014664168298850905,43.102100189577676,36.32389300847907
PART-RIVERBANK-1,16,RiverBank/C3D8R,-300.0,-10.0,-25.0,0.00018186243,-7.1913026e-05,-0.000278395,7.78774e-05,-2.0776e-06,-0.000202146,0.00014664168298850905,43.102100189577676,36.32389300847907
PART-RIVERBANK-1,28,RiverBank/C3D8R,-300.0,10.0,-25.0,0.00018186243,7.1913026e-05,-0.000278395,7.78774e-05,2.0776e-06,-0.000202146,0.00014664168298850905,43.102100189577676,36.32389300847907
PART-RIVERBANK-2,466,RiverBank/C3D8R,280.0,0.0,-25.0,-9.3781826e-05,-5.2847664e-18,-0.00049967394,-7.11239e-05,-3.42718e-17,-0.000354952,0.0001464848849813013,28.81300258875378,28.794516435834318
PART-RIVERBANK-1,436,RiverBank/C3D8R,-280.0,0.0,-25.0,9.3781826e-05,-2.403024e-19,-0.00049967394,7.11239e-05,-2.43768e-17,-0.000354952,0.0001464848849813013,28.81300258875378,28.794516435834318
PART-RIVERBANK-2,184,RiverBank/C3D8R,290.0,10.0,-15.0,-0.00022428528,1.7128696e-05,-0.0003675829,-0.000169254,-6.46701e-07,-0.000233688,0.0001458500968904581,33.84416887011444,33.04413954863652
PART-RIVERBANK-2,229,RiverBank/C3D8R,290.0,-10.0,-15.0,-0.00022428528,-1.7128696e-05,-0.0003675829,-0.000169254,6.46701e-07,-0.000233688,0.0001458500968904581,33.84416887011444,33.04413954863652
PART-RIVERBANK-1,154,RiverBank/C3D8R,-290.0,10.0,-15.0,0.00022428528,1.7128696e-05,-0.0003675829,0.000169254,-6.46701e-07,-0.000233688,0.0001458500968904581,33.84416887011444,33.04413954863652
PART-RIVERBANK-1,199,RiverBank/C3D8R,-290.0,-10.0,-15.0,0.00022428528,-1.7128696e-05,-0.0003675829,0.000169254,6.46701e-07,-0.000233688,0.0001458500968904581,33.84416887011444,33.04413954863652
PART-RIVERBANK-2,289,RiverBank/C3D8R,295.0,0.0,0.0,-0.00041168547,-1.0044906e-17,-0.00032234794,-0.000286969,-2.01001e-17,-0.000247681,0.0001453593815968701,27.800286751478946,27.501305271205958
PART-RIVERBANK-1,265,RiverBank/C3D8R,-295.0,0.0,0.0,0.00041168547,-1.836536e-18,-0.00032234794,0.000286969,1.51259e-17,-0.000247681,0.0001453593815968701,27.800286751478946,27.501305271205958
PART-RIVERBANK-2,243,RiverBank/C3D8R,265.0,5.0,-30.0,0.0004618316,0.0003016928,-0.0006739675,0.000338053,0.000258367,-0.000611482,0.0001452676993479624,16.679385806715164,14.466664331445095
PART-RIVERBANK-2,245,RiverBank/C3D8R,265.0,-5.0,-30.0,0.0004618316,-0.0003016928,-0.0006739675,0.000338053,-0.000258367,-0.000611482,0.0001452676993479624,16.679385806715164,14.466664331445095
PART-RIVERBANK-1,255,RiverBank/C3D8R,-265.0,5.0,-30.0,-0.0004618316,0.0003016928,-0.0006739675,-0.000338053,0.000258367,-0.000611482,0.0001452676993479624,16.679385806715164,14.466664331445095
PART-RIVERBANK-1,257,RiverBank/C3D8R,-265.0,-5.0,-30.0,-0.0004618316,-0.0003016928,-0.0006739675,-0.000338053,-0.000258367,-0.000611482,0.0001452676993479624,16.679385806715164,14.466664331445095
PART-RIVERBANK-2,495,RiverBank/C3D8R,290.0,5.0,-25.0,-5.47713e-05,-2.2541699e-05,-0.00024775314,-6.861e-05,5.16775e-06,-0.000106102,0.0001449978228970118,56.92116665738798,50.35685924372765
PART-RIVERBANK-2,497,RiverBank/C3D8R,290.0,-5.0,-25.0,-5.47713e-05,2.2541699e-05,-0.00024775314,-6.861e-05,-5.16775e-06,-0.000106102,0.0001449978228970118,56.92116665738798,50.35685924372765
PART-RIVERBANK-1,405,RiverBank/C3D8R,-290.0,5.0,-25.0,5.47713e-05,-2.2541699e-05,-0.00024775314,6.861e-05,5.16775e-06,-0.000106102,0.0001449978228970118,56.92116665738798,50.35685924372765
PART-RIVERBANK-1,407,RiverBank/C3D8R,-290.0,-5.0,-25.0,5.47713e-05,2.2541699e-05,-0.00024775314,6.861e-05,-5.16775e-06,-0.000106102,0.0001449978228970118,56.92116665738798,50.35685924372765
PART-RIVERBANK-2,138,RiverBank/C3D8R,300.0,5.0,-15.0,-0.00021840737,3.0690198e-06,-0.00028136955,-0.000147517,1.92185e-06,-0.00015542,0.000144533905027469,40.57636273685553,39.84026667693092
PART-RIVERBANK-2,140,RiverBank/C3D8R,300.0,-5.0,-15.0,-0.00021840737,-3.0690198e-06,-0.00028136955,-0.000147517,-1.92185e-06,-0.00015542,0.000144533905027469,40.57636273685553,39.84026667693092
PART-RIVERBANK-1,123,RiverBank/C3D8R,-300.0,5.0,-15.0,0.00021840737,3.0690198e-06,-0.00028136955,0.000147517,1.92185e-06,-0.00015542,0.000144533905027469,40.57636273685553,39.84026667693092
PART-RIVERBANK-1,125,RiverBank/C3D8R,-300.0,-5.0,-15.0,0.00021840737,-3.0690198e-06,-0.00028136955,0.000147517,-1.92185e-06,-0.00015542,0.000144533905027469,40.57636273685553,39.84026667693092
PART-RIVERBANK-2,552,RiverBank/C3D8R,270.0,-5.0,-35.0,-0.00016509237,2.5222287e-05,-0.00023331422,-6.94927e-05,-3.24689e-05,-0.000141996,0.00014424488644505313,50.27230605209546,43.7527050974295
PART-RIVERBANK-2,554,RiverBank/C3D8R,270.0,5.0,-35.0,-0.00016509237,-2.5222287e-05,-0.00023331422,-6.94927e-05,3.24689e-05,-0.000141996,0.00014424488644505313,50.27230605209546,43.7527050974295
PART-RIVERBANK-1,570,RiverBank/C3D8R,-270.0,-5.0,-35.0,0.00016509237,2.5222287e-05,-0.00023331422,6.94927e-05,-3.24689e-05,-0.000141996,0.00014424488644505313,50.27230605209546,43.7527050974295
PART-RIVERBANK-1,572,RiverBank/C3D8R,-270.0,5.0,-35.0,0.00016509237,-2.5222287e-05,-0.00023331422,6.94927e-05,3.24689e-05,-0.000141996,0.00014424488644505313,50.27230605209546,43.7527050974295
PART-RIVERBANK-2,136,RiverBank/C3D8R,300.0,0.0,-20.0,-0.000108965636,7.25732e-20,-0.00026005527,-7.1572e-05,3.14944e-17,-0.00012111,0.00014388909642037992,51.03148031485007,50.10750881042466
PART-RIVERBANK-1,121,RiverBank/C3D8R,-300.0,0.0,-20.0,0.000108965636,-2.5905957e-18,-0.00026005527,7.1572e-05,3.15363e-17,-0.00012111,0.00014388909642037992,51.03148031485007,50.10750881042466
PART-RIVERBANK-2,53,RiverBank/C3D8R,295.0,10.0,0.0,-0.0004036614,1.436023e-05,-0.00031797102,-0.000279457,-5.32514e-06,-0.000249149,0.00014335521339762047,27.887041984974775,27.161222174511046
PART-RIVERBANK-2,63,RiverBank/C3D8R,295.0,-10.0,0.0,-0.0004036614,-1.436023e-05,-0.00031797102,-0.000279457,5.32514e-06,-0.000249149,0.00014335521339762047,27.887041984974775,27.161222174511046
PART-RIVERBANK-1,45,RiverBank/C3D8R,-295.0,10.0,0.0,0.0004036614,1.436023e-05,-0.00031797102,0.000279457,-5.32514e-06,-0.000249149,0.00014335521339762047,27.887041984974775,27.161222174511046
PART-RIVERBANK-1,71,RiverBank/C3D8R,-295.0,-10.0,0.0,0.0004036614,-1.436023e-05,-0.00031797102,0.000279457,5.32514e-06,-0.000249149,0.00014335521339762047,27.887041984974775,27.161222174511046
PART-RIVERBANK-2,133,RiverBank/C3D8R,300.0,0.0,-25.0,-0.00019632085,8.886303e-19,-0.00033454443,-9.00828e-05,3.32249e-17,-0.000239146,0.00014278439590609124,36.81014661042889,34.118662076427
PART-RIVERBANK-1,118,RiverBank/C3D8R,-300.0,0.0,-25.0,0.00019632085,-2.8320363e-18,-0.00033454443,9.00828e-05,3.26582e-17,-0.000239146,0.00014278439590609124,36.81014661042889,34.118662076427
PART-RIVERBANK-2,537,RiverBank/C3D8R,260.0,-5.0,-40.0,6.5469285e-05,-7.414465e-05,-0.00033325757,2.805e-05,-1.64808e-05,-0.00020952,0.00014154966872528745,40.71888114594183,39.00617348011563
PART-RIVERBANK-2,539,RiverBank/C3D8R,260.0,5.0,-40.0,6.5469285e-05,7.414465e-05,-0.00033325757,2.805e-05,1.64808e-05,-0.00020952,0.00014154966872528745,40.71888114594183,39.00617348011563
PART-RIVERBANK-1,591,RiverBank/C3D8R,-260.0,-5.0,-40.0,-6.5469285e-05,-7.414465e-05,-0.00033325757,-2.805e-05,-1.64808e-05,-0.00020952,0.00014154966872528745,40.71888114594183,39.00617348011563
PART-RIVERBANK-1,593,RiverBank/C3D8R,-260.0,5.0,-40.0,-6.5469285e-05,7.414465e-05,-0.00033325757,-2.805e-05,1.64808e-05,-0.00020952,0.00014154966872528745,40.71888114594183,39.00617348011563
PART-RIVERBANK-2,59,RiverBank/C3D8R,270.0,10.0,-30.0,0.00024093542,0.0005156619,-0.00061596493,0.000161638,0.000427524,-0.000541071,0.00014023363001046258,16.720924918133186,15.547311196015942
PART-RIVERBANK-2,75,RiverBank/C3D8R,270.0,-10.0,-30.0,0.00024093542,-0.0005156619,-0.00061596493,0.000161638,-0.000427524,-0.000541071,0.00014023363001046258,16.720924918133186,15.547311196015942
PART-RIVERBANK-1,57,RiverBank/C3D8R,-270.0,10.0,-30.0,-0.00024093542,0.0005156619,-0.00061596493,-0.000161638,0.000427524,-0.000541071,0.00014023363001046258,16.720924918133186,15.547311196015942
PART-RIVERBANK-1,77,RiverBank/C3D8R,-270.0,-10.0,-30.0,-0.00024093542,-0.0005156619,-0.00061596493,-0.000161638,-0.000427524,-0.000541071,0.00014023363001046258,16.720924918133186,15.547311196015942
PART-RIVERBANK-2,182,RiverBank/C3D8R,290.0,10.0,-25.0,-0.00014306148,8.1119324e-05,-0.0003644746,-8.20122e-05,5.1877e-06,-0.000263688,0.0001401804724323462,35.057317347157166,30.926944007901668
PART-RIVERBANK-2,227,RiverBank/C3D8R,290.0,-10.0,-25.0,-0.00014306148,-8.1119324e-05,-0.0003644746,-8.20122e-05,-5.1877e-06,-0.000263688,0.0001401804724323462,35.057317347157166,30.926944007901668
PART-RIVERBANK-1,152,RiverBank/C3D8R,-290.0,10.0,-25.0,0.00014306148,8.1119324e-05,-0.0003644746,8.20122e-05,5.1877e-06,-0.000263688,0.0001401804724323462,35.057317347157166,30.926944007901668
PART-RIVERBANK-1,197,RiverBank/C3D8R,-290.0,-10.0,-25.0,0.00014306148,-8.1119324e-05,-0.0003644746,8.20122e-05,-5.1877e-06,-0.000263688,0.0001401804724323462,35.057317347157166,30.926944007901668
PART-RIVERBANK-2,498,RiverBank/C3D8R,290.0,5.0,-20.0,-0.00015754593,1.7136674e-05,-0.00041116527,-0.000125252,1.03045e-05,-0.0002765,0.0001386517632797509,31.465375372544756,31.074097744544325
PART-RIVERBANK-2,500,RiverBank/C3D8R,290.0,-5.0,-20.0,-0.00015754593,-1.7136674e-05,-0.00041116527,-0.000125252,-1.03045e-05,-0.0002765,0.0001386517632797509,31.465375372544756,31.074097744544325
PART-RIVERBANK-1,408,RiverBank/C3D8R,-290.0,5.0,-20.0,0.00015754593,1.7136674e-05,-0.00041116527,0.000125252,1.03045e-05,-0.0002765,0.0001386517632797509,31.465375372544756,31.074097744544325
PART-RIVERBANK-1,410,RiverBank/C3D8R,-290.0,-5.0,-20.0,0.00015754593,-1.7136674e-05,-0.00041116527,0.000125252,-1.03045e-05,-0.0002765,0.0001386517632797509,31.465375372544756,31.074097744544325
PART-RIVERBANK-2,484,RiverBank/C3D8R,285.0,0.0,-20.0,-0.00017727759,-4.7330555e-18,-0.00042945726,-0.000131215,-2.74464e-17,-0.000299421,0.00013795358318034254,29.692448476591586,29.637451041335762
PART-RIVERBANK-1,424,RiverBank/C3D8R,-285.0,0.0,-20.0,0.00017727759,-9.823519e-19,-0.00042945726,0.000131215,-1.71253e-17,-0.000299421,0.00013795358318034254,29.692448476591586,29.637451041335762
PART-RIVERBANK-2,496,RiverBank/C3D8R,290.0,0.0,-25.0,-0.00014993957,-2.350628e-18,-0.0004278879,-8.70755e-05,-1.32476e-18,-0.000306056,0.0001370945044652589,30.23710809763351,29.818457740072308
PART-RIVERBANK-1,406,RiverBank/C3D8R,-290.0,0.0,-25.0,0.00014993957,-1.7086526e-18,-0.0004278879,8.70755e-05,3.82605e-18,-0.000306056,0.0001370945044652589,30.23710809763351,29.818457740072308
PART-RIVERBANK-2,480,RiverBank/C3D8R,285.0,5.0,-25.0,-0.00012011613,5.3162767e-05,-0.0004338293,-7.7587e-05,9.96914e-06,-0.000310926,0.00013703881735793705,30.232761559911836,29.26761223642242
PART-RIVERBANK-2,482,RiverBank/C3D8R,285.0,-5.0,-25.0,-0.00012011613,-5.3162767e-05,-0.0004338293,-7.7587e-05,-9.96914e-06,-0.000310926,0.00013703881735793705,30.232761559911836,29.26761223642242
PART-RIVERBANK-1,420,RiverBank/C3D8R,-285.0,5.0,-25.0,0.00012011613,5.3162767e-05,-0.0004338293,7.7587e-05,9.96914e-06,-0.000310926,0.00013703881735793705,30.232761559911836,29.26761223642242
PART-RIVERBANK-1,422,RiverBank/C3D8R,-285.0,-5.0,-25.0,0.00012011613,-5.3162767e-05,-0.0004338293,7.7587e-05,-9.96914e-06,-0.000310926,0.00013703881735793705,30.232761559911836,29.26761223642242
PART-RIVERBANK-2,324,RiverBank/C3D8R,280.0,-10.0,-35.0,-8.096031e-07,-0.00013552824,-0.00024960854,-8.34285e-06,-3.03816e-05,-0.000163522,0.00013610091139047367,47.91781171807585,41.369008586587256
PART-RIVERBANK-2,351,RiverBank/C3D8R,280.0,10.0,-35.0,-8.096031e-07,0.00013552824,-0.00024960854,-8.34285e-06,3.03816e-05,-0.000163522,0.00013610091139047367,47.91781171807585,41.369008586587256
PART-RIVERBANK-1,318,RiverBank/C3D8R,-280.0,-10.0,-35.0,8.096031e-07,-0.00013552824,-0.00024960854,8.34285e-06,-3.03816e-05,-0.000163522,0.00013610091139047367,47.91781171807585,41.369008586587256
PART-RIVERBANK-1,345,RiverBank/C3D8R,-280.0,10.0,-35.0,8.096031e-07,0.00013552824,-0.00024960854,8.34285e-06,3.03816e-05,-0.000163522,0.00013610091139047367,47.91781171807585,41.369008586587256
PART-RIVERBANK-2,132,RiverBank/C3D8R,300.0,5.0,-25.0,1.401148e-05,-2.3691935e-05,-0.00016500504,-5.28756e-05,2.12786e-06,-4.98154e-05,0.00013568049398531105,81.10735703318295,56.55506088384787
PART-RIVERBANK-2,134,RiverBank/C3D8R,300.0,-5.0,-25.0,1.401148e-05,2.3691935e-05,-0.00016500504,-5.28756e-05,-2.12786e-06,-4.98154e-05,0.00013568049398531105,81.10735703318295,56.55506088384787
PART-RIVERBANK-1,117,RiverBank/C3D8R,-300.0,5.0,-25.0,-1.401148e-05,-2.3691935e-05,-0.00016500504,5.28756e-05,2.12786e-06,-4.98154e-05,0.00013568049398531105,81.10735703318295,56.55506088384787
PART-RIVERBANK-1,119,RiverBank/C3D8R,-300.0,-5.0,-25.0,-1.401148e-05,2.3691935e-05,-0.00016500504,5.28756e-05,-2.12786e-06,-4.98154e-05,0.00013568049398531105,81.10735703318295,56.55506088384787
PART-RIVERBANK-2,333,RiverBank/C3D8R,295.0,-10.0,-35.0,0.00010361184,4.1539563e-05,-0.00021992662,3.53981e-05,-2.72267e-06,-0.000115124,0.00013264934509374062,53.7837353088087,51.15287381618664
PART-RIVERBANK-2,360,RiverBank/C3D8R,295.0,10.0,-35.0,0.00010361184,-4.1539563e-05,-0.00021992662,3.53981e-05,2.72267e-06,-0.000115124,0.00013264934509374062,53.7837353088087,51.15287381618664
PART-RIVERBANK-1,309,RiverBank/C3D8R,-295.0,-10.0,-35.0,-0.00010361184,4.1539563e-05,-0.00021992662,-3.53981e-05,-2.72267e-06,-0.000115124,0.00013264934509374062,53.7837353088087,51.15287381618664
PART-RIVERBANK-1,336,RiverBank/C3D8R,-295.0,10.0,-35.0,-0.00010361184,-4.1539563e-05,-0.00021992662,-3.53981e-05,2.72267e-06,-0.000115124,0.00013264934509374062,53.7837353088087,51.15287381618664
PART-RIVERBANK-2,510,RiverBank/C3D8R,295.0,5.0,-25.0,-0.00015308765,4.3669832e-05,-0.00036537403,-7.90353e-05,9.31163e-06,-0.000261675,0.00013197623046646014,33.114204401536945,31.37379424979419
PART-RIVERBANK-2,512,RiverBank/C3D8R,295.0,-5.0,-25.0,-0.00015308765,-4.3669832e-05,-0.00036537403,-7.90353e-05,-9.31163e-06,-0.000261675,0.00013197623046646014,33.114204401536945,31.37379424979419
PART-RIVERBANK-1,390,RiverBank/C3D8R,-295.0,5.0,-25.0,0.00015308765,4.3669832e-05,-0.00036537403,7.90353e-05,9.31163e-06,-0.000261675,0.00013197623046646014,33.114204401536945,31.37379424979419
PART-RIVERBANK-1,392,RiverBank/C3D8R,-295.0,-5.0,-25.0,0.00015308765,-4.3669832e-05,-0.00036537403,7.90353e-05,-9.31163e-06,-0.000261675,0.00013197623046646014,33.114204401536945,31.37379424979419
PART-RIVERBANK-2,139,RiverBank/C3D8R,300.0,0.0,-15.0,-0.0002239153,-5.1967074e-19,-0.00030258077,-0.000175234,2.99231e-17,-0.000181887,0.00013014167313548302,34.57338530165784,32.90328445318859
PART-RIVERBANK-1,124,RiverBank/C3D8R,-300.0,0.0,-15.0,0.0002239153,-3.4378218e-18,-0.00030258077,0.000175234,3.15418e-17,-0.000181887,0.00013014167313548302,34.57338530165784,32.90328445318859
PART-RIVERBANK-2,144,RiverBank/C3D8R,300.0,5.0,-5.0,-0.00033510997,-6.346008e-06,-0.00029478653,-0.000247377,4.19517e-06,-0.000202046,0.0001280976048305724,28.69821302161679,28.436819484404502
PART-RIVERBANK-2,146,RiverBank/C3D8R,300.0,-5.0,-5.0,-0.00033510997,6.346008e-06,-0.00029478653,-0.000247377,-4.19517e-06,-0.000202046,0.0001280976048305724,28.69821302161679,28.436819484404502
PART-RIVERBANK-1,129,RiverBank/C3D8R,-300.0,5.0,-5.0,0.00033510997,-6.346008e-06,-0.00029478653,0.000247377,4.19517e-06,-0.000202046,0.0001280976048305724,28.69821302161679,28.436819484404502
PART-RIVERBANK-1,131,RiverBank/C3D8R,-300.0,-5.0,-5.0,0.00033510997,6.346008e-06,-0.00029478653,0.000247377,-4.19517e-06,-0.000202046,0.0001280976048305724,28.69821302161679,28.436819484404502
PART-RIVERBANK-2,327,RiverBank/C3D8R,285.0,-10.0,-35.0,4.548412e-07,3.095651e-05,-0.00026169748,-1.23752e-05,-2.12831e-05,-0.000148389,0.00012542885812306592,47.597028837183416,42.9204401186664
PART-RIVERBANK-2,354,RiverBank/C3D8R,285.0,10.0,-35.0,4.548412e-07,-3.095651e-05,-0.00026169748,-1.23752e-05,2.12831e-05,-0.000148389,0.00012542885812306592,47.597028837183416,42.9204401186664
PART-RIVERBANK-1,315,RiverBank/C3D8R,-285.0,-10.0,-35.0,-4.548412e-07,3.095651e-05,-0.00026169748,1.23752e-05,-2.12831e-05,-0.000148389,0.00012542885812306592,47.597028837183416,42.9204401186664
PART-RIVERBANK-1,342,RiverBank/C3D8R,-285.0,10.0,-35.0,-4.548412e-07,-3.095651e-05,-0.00026169748,1.23752e-05,2.12831e-05,-0.000148389,0.00012542885812306592,47.597028837183416,42.9204401186664
PART-RIVERBANK-2,300,RiverBank/C3D8R,300.0,-5.0,-35.0,0.00013758591,2.9644561e-05,-0.00014415296,4.5925e-05,6.35923e-06,-6.39625e-05,0.00012399370523062556,61.54556374954113,60.78832460049487
PART-RIVERBANK-2,302,RiverBank/C3D8R,300.0,5.0,-35.0,0.00013758591,-2.9644561e-05,-0.00014415296,4.5925e-05,-6.35923e-06,-6.39625e-05,0.00012399370523062556,61.54556374954113,60.78832460049487
PART-RIVERBANK-1,291,RiverBank/C3D8R,-300.0,-5.0,-35.0,-0.00013758591,2.9644561e-05,-0.00014415296,-4.5925e-05,6.35923e-06,-6.39625e-05,0.00012399370523062556,61.54556374954113,60.78832460049487
PART-RIVERBANK-1,293,RiverBank/C3D8R,-300.0,5.0,-35.0,-0.00013758591,-2.9644561e-05,-0.00014415296,-4.5925e-05,-6.35923e-06,-6.39625e-05,0.00012399370523062556,61.54556374954113,60.78832460049487
PART-RIVERBANK-2,561,RiverBank/C3D8R,275.0,-5.0,-35.0,3.1912758e-05,-8.1900434e-05,-0.00030174907,1.5963e-06,-1.69422e-05,-0.000201615,0.0001231482511643159,39.182920344897774,35.62267970210732
PART-RIVERBANK-2,563,RiverBank/C3D8R,275.0,5.0,-35.0,3.1912758e-05,8.1900434e-05,-0.00030174907,1.5963e-06,1.69422e-05,-0.000201615,0.0001231482511643159,39.182920344897774,35.62267970210732
PART-RIVERBANK-1,561,RiverBank/C3D8R,-275.0,-5.0,-35.0,-3.1912758e-05,-8.1900434e-05,-0.00030174907,-1.5963e-06,-1.69422e-05,-0.000201615,0.0001231482511643159,39.182920344897774,35.62267970210732
PART-RIVERBANK-1,563,RiverBank/C3D8R,-275.0,5.0,-35.0,-3.1912758e-05,8.1900434e-05,-0.00030174907,-1.5963e-06,1.69422e-05,-0.000201615,0.0001231482511643159,39.182920344897774,35.62267970210732
PART-RIVERBANK-2,178,RiverBank/C3D8R,285.0,10.0,-20.0,-0.0001762605,3.324722e-05,-0.00037391673,-0.000128654,8.59247e-06,-0.000263301,0.00012292304610302088,29.640510338445115,29.3059060800069
PART-RIVERBANK-2,223,RiverBank/C3D8R,285.0,-10.0,-20.0,-0.0001762605,-3.324722e-05,-0.00037391673,-0.000128654,-8.59247e-06,-0.000263301,0.00012292304610302088,29.640510338445115,29.3059060800069
PART-RIVERBANK-1,158,RiverBank/C3D8R,-285.0,10.0,-20.0,0.0001762605,3.324722e-05,-0.00037391673,0.000128654,8.59247e-06,-0.000263301,0.00012292304610302088,29.640510338445115,29.3059060800069
PART-RIVERBANK-1,203,RiverBank/C3D8R,-285.0,-10.0,-20.0,0.0001762605,-3.324722e-05,-0.00037391673,0.000128654,-8.59247e-06,-0.000263301,0.00012292304610302088,29.640510338445115,29.3059060800069
PART-RIVERBANK-2,313,RiverBank/C3D8R,260.0,-10.0,-40.0,-4.84934e-05,-7.40552e-06,-0.00030755543,-5.13634e-06,-7.77216e-05,-0.000219159,0.00012098807625197991,38.84757208179506,25.31890177163015
PART-RIVERBANK-2,340,RiverBank/C3D8R,260.0,10.0,-40.0,-4.84934e-05,7.40552e-06,-0.00030755543,-5.13634e-06,7.77216e-05,-0.000219159,0.00012098807625197991,38.84757208179506,25.31890177163015
PART-RIVERBANK-1,331,RiverBank/C3D8R,-260.0,-10.0,-40.0,4.84934e-05,-7.40552e-06,-0.00030755543,5.13634e-06,-7.77216e-05,-0.000219159,0.00012098807625197991,38.84757208179506,25.31890177163015
PART-RIVERBANK-1,358,RiverBank/C3D8R,-260.0,10.0,-40.0,4.84934e-05,7.40552e-06,-0.00030755543,5.13634e-06,7.77216e-05,-0.000219159,0.00012098807625197991,38.84757208179506,25.31890177163015
PART-RIVERBANK-2,124,RiverBank/C3D8R,250.0,0.0,-15.0,-0.0005479487,-2.0070552e-17,-0.0002869573,-0.000443952,-2.15317e-16,-0.000227412,0.00011983720775693995,19.374191395808243,19.357224314506304
PART-RIVERBANK-1,139,RiverBank/C3D8R,-250.0,0.0,-15.0,0.0005479487,8.1525225e-18,-0.0002869573,0.000443952,-2.07206e-16,-0.000227412,0.00011983720775693995,19.374191395808243,19.357224314506304
PART-RIVERBANK-2,34,RiverBank/C3D8R,300.0,-10.0,-15.0,-0.00020507236,-1.5450118e-05,-0.0002673223,-0.000159591,-1.28454e-06,-0.000161,0.00011650600493027681,34.54330152317974,32.785491375434184
PART-RIVERBANK-2,42,RiverBank/C3D8R,300.0,10.0,-15.0,-0.00020507236,1.5450118e-05,-0.0002673223,-0.000159591,1.28454e-06,-0.000161,0.00011650600493027681,34.54330152317974,32.785491375434184
PART-RIVERBANK-1,18,RiverBank/C3D8R,-300.0,-10.0,-15.0,0.00020507236,-1.5450118e-05,-0.0002673223,0.000159591,-1.28454e-06,-0.000161,0.00011650600493027681,34.54330152317974,32.785491375434184
PART-RIVERBANK-1,26,RiverBank/C3D8R,-300.0,10.0,-15.0,0.00020507236,1.5450118e-05,-0.0002673223,0.000159591,1.28454e-06,-0.000161,0.00011650600493027681,34.54330152317974,32.785491375434184
PART-RIVERBANK-2,92,RiverBank/C3D8R,300.0,10.0,-35.0,-0.00011114174,0.000103880724,-0.00017474304,-4.29999e-05,3.43444e-05,-0.000115845,0.00011378747659501099,49.11260624325757,44.644230106887086
PART-RIVERBANK-2,96,RiverBank/C3D8R,300.0,-10.0,-35.0,-0.00011114174,-0.000103880724,-0.00017474304,-4.29999e-05,-3.43444e-05,-0.000115845,0.00011378747659501099,49.11260624325757,44.644230106887086
PART-RIVERBANK-1,81,RiverBank/C3D8R,-300.0,10.0,-35.0,0.00011114174,0.000103880724,-0.00017474304,4.29999e-05,3.43444e-05,-0.000115845,0.00011378747659501099,49.11260624325757,44.644230106887086
PART-RIVERBANK-1,89,RiverBank/C3D8R,-300.0,-10.0,-35.0,0.00011114174,-0.000103880724,-0.00017474304,4.29999e-05,-3.43444e-05,-0.000115845,0.00011378747659501099,49.11260624325757,44.644230106887086
PART-RIVERBANK-2,598,RiverBank/C3D8R,295.0,0.0,-35.0,9.564838e-05,9.476218e-19,-0.00017639312,3.01361e-05,1.75937e-17,-8.35118e-05,0.00011366089228816041,56.644430074574736,55.75384562518734
PART-RIVERBANK-1,526,RiverBank/C3D8R,-295.0,0.0,-35.0,-9.564838e-05,-7.3756195e-19,-0.00017639312,-3.01361e-05,1.33583e-17,-8.35118e-05,0.00011366089228816041,56.644430074574736,55.75384562518734
PART-RIVERBANK-2,514,RiverBank/C3D8R,295.0,0.0,-20.0,-0.00016749118,-1.2446919e-18,-0.0003434811,-0.000137015,1.08128e-17,-0.000234031,0.00011361391612563314,29.730805669909333,29.03443779143376
PART-RIVERBANK-1,394,RiverBank/C3D8R,-295.0,0.0,-20.0,0.00016749118,-2.3891937e-18,-0.0003434811,0.000137015,1.55998e-17,-0.000234031,0.00011361391612563314,29.730805669909333,29.03443779143376
PART-RIVERBANK-2,562,RiverBank/C3D8R,275.0,0.0,-35.0,-0.00012471034,-1.2388767e-18,-0.00021538806,-7.09455e-05,-1.26415e-17,-0.000116844,0.00011225680282953547,45.10354148025909,45.077077264433264
PART-RIVERBANK-1,562,RiverBank/C3D8R,-275.0,0.0,-35.0,0.00012471034,6.025407e-19,-0.00021538806,7.09455e-05,-2.17582e-17,-0.000116844,0.00011225680282953547,45.10354148025909,45.077077264433264
PART-RIVERBANK-2,330,RiverBank/C3D8R,290.0,-10.0,-35.0,-5.6353078e-05,-0.00011616244,-0.00022032052,-2.6397e-05,-3.79226e-05,-0.000145907,0.00011205450071799027,43.88039164748843,40.066497215191205
PART-RIVERBANK-2,357,RiverBank/C3D8R,290.0,10.0,-35.0,-5.6353078e-05,0.00011616244,-0.00022032052,-2.6397e-05,3.79226e-05,-0.000145907,0.00011205450071799027,43.88039164748843,40.066497215191205
PART-RIVERBANK-1,312,RiverBank/C3D8R,-290.0,-10.0,-35.0,5.6353078e-05,-0.00011616244,-0.00022032052,2.6397e-05,-3.79226e-05,-0.000145907,0.00011205450071799027,43.88039164748843,40.066497215191205
PART-RIVERBANK-1,339,RiverBank/C3D8R,-290.0,10.0,-35.0,5.6353078e-05,0.00011616244,-0.00022032052,2.6397e-05,3.79226e-05,-0.000145907,0.00011205450071799027,43.88039164748843,40.066497215191205
PART-RIVERBANK-2,571,RiverBank/C3D8R,280.0,0.0,-35.0,-3.1258492e-07,-1.4460977e-18,-0.00033463145,-4.47783e-06,-1.35322e-17,-0.000224855,0.00010985544247409394,32.828771636854356,32.79188675023859
PART-RIVERBANK-1,553,RiverBank/C3D8R,-280.0,0.0,-35.0,3.1258492e-07,-4.260167e-19,-0.00033463145,4.47783e-06,-9.6782e-18,-0.000224855,0.00010985544247409394,32.828771636854356,32.79188675023859
PART-RIVERBANK-2,135,RiverBank/C3D8R,300.0,5.0,-20.0,-0.00013213677,1.28447755e-05,-0.0003119928,-0.000117372,8.6527e-06,-0.000203342,0.00010972952324142577,32.36244947077189,30.70792053977459
PART-RIVERBANK-2,137,RiverBank/C3D8R,300.0,-5.0,-20.0,-0.00013213677,-1.28447755e-05,-0.0003119928,-0.000117372,-8.6527e-06,-0.000203342,0.00010972952324142577,32.36244947077189,30.70792053977459
PART-RIVERBANK-1,120,RiverBank/C3D8R,-300.0,5.0,-20.0,0.00013213677,1.28447755e-05,-0.0003119928,0.000117372,8.6527e-06,-0.000203342,0.00010972952324142577,32.36244947077189,30.70792053977459
PART-RIVERBANK-1,122,RiverBank/C3D8R,-300.0,-5.0,-20.0,0.00013213677,-1.28447755e-05,-0.0003119928,0.000117372,-8.6527e-06,-0.000203342,0.00010972952324142577,32.36244947077189,30.70792053977459
PART-RIVERBANK-2,294,RiverBank/C3D8R,250.0,-5.0,-40.0,-0.00049709034,5.5936985e-06,-7.400452e-05,-0.000549309,5.34325e-05,1.82907e-06,0.00010375968751610667,20.64458547127487,9.809919656862801
PART-RIVERBANK-2,296,RiverBank/C3D8R,250.0,5.0,-40.0,-0.00049709034,-5.5936985e-06,-7.400452e-05,-0.000549309,-5.34325e-05,1.82907e-06,0.00010375968751610667,20.64458547127487,9.809919656862801
PART-RIVERBANK-1,303,RiverBank/C3D8R,-250.0,-5.0,-40.0,0.00049709034,5.5936985e-06,-7.400452e-05,0.000549309,5.34325e-05,1.82907e-06,0.00010375968751610667,20.64458547127487,9.809919656862801
PART-RIVERBANK-1,305,RiverBank/C3D8R,-250.0,5.0,-40.0,0.00049709034,-5.5936985e-06,-7.400452e-05,0.000549309,-5.34325e-05,1.82907e-06,0.00010375968751610667,20.64458547127487,9.809919656862801
PART-RIVERBANK-2,570,RiverBank/C3D8R,280.0,-5.0,-35.0,-5.3883035e-05,2.6154063e-05,-0.00021867183,-3.9231e-05,-8.94033e-06,-0.000123056,0.00010290133865148974,45.38572193947205,42.897083317840476
PART-RIVERBANK-2,572,RiverBank/C3D8R,280.0,5.0,-35.0,-5.3883035e-05,-2.6154063e-05,-0.00021867183,-3.9231e-05,8.94033e-06,-0.000123056,0.00010290133865148974,45.38572193947205,42.897083317840476
PART-RIVERBANK-1,552,RiverBank/C3D8R,-280.0,-5.0,-35.0,5.3883035e-05,2.6154063e-05,-0.00021867183,3.9231e-05,-8.94033e-06,-0.000123056,0.00010290133865148974,45.38572193947205,42.897083317840476
PART-RIVERBANK-1,554,RiverBank/C3D8R,-280.0,5.0,-35.0,5.3883035e-05,-2.6154063e-05,-0.00021867183,3.9231e-05,8.94033e-06,-0.000123056,0.00010290133865148974,45.38572193947205,42.897083317840476
PART-RIVERBANK-2,588,RiverBank/C3D8R,290.0,-5.0,-35.0,4.4247136e-05,2.441201e-05,-0.000194497,6.05273e-06,3.65125e-07,-0.000102929,0.00010208704105759976,50.80099239314821,48.69122333367903
PART-RIVERBANK-2,590,RiverBank/C3D8R,290.0,5.0,-35.0,4.4247136e-05,-2.441201e-05,-0.000194497,6.05273e-06,-3.65125e-07,-0.000102929,0.00010208704105759976,50.80099239314821,48.69122333367903
PART-RIVERBANK-1,534,RiverBank/C3D8R,-290.0,-5.0,-35.0,-4.4247136e-05,2.441201e-05,-0.000194497,-6.05273e-06,3.65125e-07,-0.000102929,0.00010208704105759976,50.80099239314821,48.69122333367903
PART-RIVERBANK-1,536,RiverBank/C3D8R,-290.0,5.0,-35.0,-4.4247136e-05,-2.441201e-05,-0.000194497,-6.05273e-06,-3.65125e-07,-0.000102929,0.00010208704105759976,50.80099239314821,48.69122333367903
PART-RIVERBANK-2,316,RiverBank/C3D8R,265.0,-10.0,-40.0,7.3939914e-06,-0.00012605457,-0.00015198161,1.20396e-05,-4.0984e-05,-9.63541e-05,0.00010174970972041834,51.494696568317444,46.65889894670672
PART-RIVERBANK-2,343,RiverBank/C3D8R,265.0,10.0,-40.0,7.3939914e-06,0.00012605457,-0.00015198161,1.20396e-05,4.0984e-05,-9.63541e-05,0.00010174970972041834,51.494696568317444,46.65889894670672
PART-RIVERBANK-1,328,RiverBank/C3D8R,-265.0,-10.0,-40.0,-7.3939914e-06,-0.00012605457,-0.00015198161,-1.20396e-05,-4.0984e-05,-9.63541e-05,0.00010174970972041834,51.494696568317444,46.65889894670672
PART-RIVERBANK-1,355,RiverBank/C3D8R,-265.0,10.0,-40.0,-7.3939914e-06,0.00012605457,-0.00015198161,-1.20396e-05,4.0984e-05,-9.63541e-05,0.00010174970972041834,51.494696568317444,46.65889894670672
PART-RIVERBANK-2,301,RiverBank/C3D8R,300.0,0.0,-35.0,-0.000112526475,2.1808255e-18,-0.00022742993,-4.39536e-05,2.70466e-17,-0.000152397,0.00010164733036411004,40.058833264761354,37.492847985744675
PART-RIVERBANK-1,292,RiverBank/C3D8R,-300.0,0.0,-35.0,0.000112526475,-1.7923304e-18,-0.00022742993,4.39536e-05,2.28318e-17,-0.000152397,0.00010164733036411004,40.058833264761354,37.492847985744675
PART-RIVERBANK-2,580,RiverBank/C3D8R,285.0,0.0,-35.0,-6.3809134e-06,-4.425705e-19,-0.00020603777,-1.91413e-05,1.80333e-18,-0.000107464,9.939625545358516e-05,48.21864619676287,47.04704480863102
PART-RIVERBANK-1,544,RiverBank/C3D8R,-285.0,0.0,-35.0,6.3809134e-06,-9.224207e-20,-0.00020603777,1.91413e-05,-3.64563e-18,-0.000107464,9.939625545358516e-05,48.21864619676287,47.04704480863102
PART-RIVERBANK-2,589,RiverBank/C3D8R,290.0,0.0,-35.0,-6.277088e-05,2.5111172e-19,-0.00028167886,-2.98572e-05,5.77295e-18,-0.00018894,9.840633356264218e-05,34.09921995228303,33.71713553859933
PART-RIVERBANK-1,535,RiverBank/C3D8R,-290.0,0.0,-35.0,6.277088e-05,-1.2476217e-18,-0.00028167886,2.98572e-05,5.73357e-18,-0.00018894,9.840633356264218e-05,34.09921995228303,33.71713553859933
PART-RIVERBANK-2,188,RiverBank/C3D8R,295.0,10.0,-20.0,-0.00015747103,2.306712e-05,-0.00029595202,-0.00012821,7.6084e-06,-0.000203544,9.815509187515288e-05,29.210132244715663,28.37627506096033
PART-RIVERBANK-2,233,RiverBank/C3D8R,295.0,-10.0,-20.0,-0.00015747103,-2.306712e-05,-0.00029595202,-0.00012821,-7.6084e-06,-0.000203544,9.815509187515288e-05,29.210132244715663,28.37627506096033
PART-RIVERBANK-1,148,RiverBank/C3D8R,-295.0,10.0,-20.0,0.00015747103,2.306712e-05,-0.00029595202,0.00012821,7.6084e-06,-0.000203544,9.815509187515288e-05,29.210132244715663,28.37627506096033
PART-RIVERBANK-1,193,RiverBank/C3D8R,-295.0,-10.0,-20.0,0.00015747103,-2.306712e-05,-0.00029595202,0.00012821,-7.6084e-06,-0.000203544,9.815509187515288e-05,29.210132244715663,28.37627506096033
PART-RIVERBANK-2,579,RiverBank/C3D8R,285.0,-5.0,-35.0,-3.5724413e-05,-6.820618e-05,-0.0002541104,-1.94204e-05,-2.35719e-05,-0.00017118,9.557976268636877e-05,35.997315975278106,34.51197707329562
PART-RIVERBANK-2,581,RiverBank/C3D8R,285.0,5.0,-35.0,-3.5724413e-05,6.820618e-05,-0.0002541104,-1.94204e-05,2.35719e-05,-0.00017118,9.557976268636877e-05,35.997315975278106,34.51197707329562
PART-RIVERBANK-1,543,RiverBank/C3D8R,-285.0,-5.0,-35.0,3.5724413e-05,-6.820618e-05,-0.0002541104,1.94204e-05,-2.35719e-05,-0.00017118,9.557976268636877e-05,35.997315975278106,34.51197707329562
PART-RIVERBANK-1,545,RiverBank/C3D8R,-285.0,5.0,-35.0,3.5724413e-05,6.820618e-05,-0.0002541104,1.94204e-05,2.35719e-05,-0.00017118,9.557976268636877e-05,35.997315975278106,34.51197707329562
PART-RIVERBANK-2,57,RiverBank/C3D8R,280.0,10.0,-30.0,-3.239899e-05,0.00029745145,-0.00047965557,-4.02939e-05,0.000233084,-0.000410052,9.513230355749566e-05,16.827786308106628,16.263564528637904
PART-RIVERBANK-2,77,RiverBank/C3D8R,280.0,-10.0,-30.0,-3.239899e-05,-0.00029745145,-0.00047965557,-4.02939e-05,-0.000233084,-0.000410052,9.513230355749566e-05,16.827786308106628,16.263564528637904
PART-RIVERBANK-1,59,RiverBank/C3D8R,-280.0,10.0,-30.0,3.239899e-05,0.00029745145,-0.00047965557,4.02939e-05,0.000233084,-0.000410052,9.513230355749566e-05,16.827786308106628,16.263564528637904
PART-RIVERBANK-1,75,RiverBank/C3D8R,-280.0,-10.0,-30.0,3.239899e-05,-0.00029745145,-0.00047965557,4.02939e-05,-0.000233084,-0.000410052,9.513230355749566e-05,16.827786308106628,16.263564528637904
PART-RIVERBANK-2,319,RiverBank/C3D8R,270.0,-10.0,-40.0,-3.4915087e-05,-1.3661637e-05,-0.00024314804,-3.9843e-05,-2.88557e-05,-0.000151036,9.348674660049485e-05,37.99939176264586,35.434228424224365
PART-RIVERBANK-2,346,RiverBank/C3D8R,270.0,10.0,-40.0,-3.4915087e-05,1.3661637e-05,-0.00024314804,-3.9843e-05,2.88557e-05,-0.000151036,9.348674660049485e-05,37.99939176264586,35.434228424224365
PART-RIVERBANK-1,325,RiverBank/C3D8R,-270.0,-10.0,-40.0,3.4915087e-05,-1.3661637e-05,-0.00024314804,3.9843e-05,-2.88557e-05,-0.000151036,9.348674660049485e-05,37.99939176264586,35.434228424224365
PART-RIVERBANK-1,352,RiverBank/C3D8R,-270.0,10.0,-40.0,3.4915087e-05,1.3661637e-05,-0.00024314804,3.9843e-05,2.88557e-05,-0.000151036,9.348674660049485e-05,37.99939176264586,35.434228424224365
PART-RIVERBANK-2,547,RiverBank/C3D8R,265.0,0.0,-40.0,7.690217e-05,-1.6312713e-18,-0.00030291989,6.66598e-05,-2.49654e-17,-0.000210099,9.338428006687742e-05,29.880192507200192,29.472051662909994
PART-RIVERBANK-1,583,RiverBank/C3D8R,-265.0,0.0,-40.0,-7.690217e-05,5.810553e-19,-0.00030291989,-6.66598e-05,-1.71931e-17,-0.000210099,9.338428006687742e-05,29.880192507200192,29.472051662909994
PART-RIVERBANK-2,5,RiverBank/C3D8R,300.0,-10.0,-30.0,-0.0002572243,-0.00016928493,-0.00031718044,-0.000190103,-0.000124232,-0.000274434,9.144557697312923e-05,20.68580692628498,19.421733931176032
PART-RIVERBANK-2,8,RiverBank/C3D8R,300.0,10.0,-30.0,-0.0002572243,0.00016928493,-0.00031718044,-0.000190103,0.000124232,-0.000274434,9.144557697312923e-05,20.68580692628498,19.421733931176032
PART-RIVERBANK-1,1,RiverBank/C3D8R,-300.0,10.0,-30.0,0.0002572243,0.00016928493,-0.00031718044,0.000190103,0.000124232,-0.000274434,9.144557697312923e-05,20.68580692628498,19.421733931176032
PART-RIVERBANK-1,2,RiverBank/C3D8R,-300.0,-10.0,-30.0,0.0002572243,-0.00016928493,-0.00031718044,0.000190103,-0.000124232,-0.000274434,9.144557697312923e-05,20.68580692628498,19.421733931176032
PART-RIVERBANK-2,597,RiverBank/C3D8R,295.0,-5.0,-35.0,-7.9225305e-05,-5.5916356e-05,-0.00021772237,-3.40053e-05,-2.12839e-05,-0.000146854,9.092074420751769e-05,38.14737518419623,36.127210935845696
PART-RIVERBANK-2,599,RiverBank/C3D8R,295.0,5.0,-35.0,-7.9225305e-05,5.5916356e-05,-0.00021772237,-3.40053e-05,2.12839e-05,-0.000146854,9.092074420751769e-05,38.14737518419623,36.127210935845696
PART-RIVERBANK-1,525,RiverBank/C3D8R,-295.0,-5.0,-35.0,7.9225305e-05,-5.5916356e-05,-0.00021772237,3.40053e-05,-2.12839e-05,-0.000146854,9.092074420751769e-05,38.14737518419623,36.127210935845696
PART-RIVERBANK-1,527,RiverBank/C3D8R,-295.0,5.0,-35.0,7.9225305e-05,5.5916356e-05,-0.00021772237,3.40053e-05,2.12839e-05,-0.000146854,9.092074420751769e-05,38.14737518419623,36.127210935845696
PART-RIVERBANK-2,538,RiverBank/C3D8R,260.0,0.0,-40.0,-0.00020554331,-2.6083474e-18,-9.993313e-05,-0.000123534,-2.51321e-17,-6.28864e-05,8.998881669612619e-05,39.373956796025986,39.34806629582067
PART-RIVERBANK-1,592,RiverBank/C3D8R,-260.0,0.0,-40.0,0.00020554331,6.3959476e-19,-9.993313e-05,0.000123534,-2.16855e-17,-6.28864e-05,8.998881669612619e-05,39.373956796025986,39.34806629582067
PART-RIVERBANK-2,297,RiverBank/C3D8R,250.0,-5.0,-45.0,8.225965e-05,-4.5477114e-05,-0.0002379918,0.000142674,-5.03849e-05,-0.00017189,8.968516049260488e-05,35.049604255930824,10.505429417975286
PART-RIVERBANK-2,299,RiverBank/C3D8R,250.0,5.0,-45.0,8.225965e-05,4.5477114e-05,-0.0002379918,0.000142674,5.03849e-05,-0.00017189,8.968516049260488e-05,35.049604255930824,10.505429417975286
PART-RIVERBANK-1,306,RiverBank/C3D8R,-250.0,-5.0,-45.0,-8.225965e-05,-4.5477114e-05,-0.0002379918,-0.000142674,-5.03849e-05,-0.00017189,8.968516049260488e-05,35.049604255930824,10.505429417975286
PART-RIVERBANK-1,308,RiverBank/C3D8R,-250.0,5.0,-45.0,-8.225965e-05,4.5477114e-05,-0.0002379918,-0.000142674,5.03849e-05,-0.00017189,8.968516049260488e-05,35.049604255930824,10.505429417975286
PART-RIVERBANK-2,555,RiverBank/C3D8R,270.0,-5.0,-40.0,9.113645e-06,-7.912276e-05,-0.0002457296,2.49856e-05,-4.2843e-05,-0.000165915,8.9098318246416e-05,34.49215384248932,32.96191642510997
PART-RIVERBANK-2,557,RiverBank/C3D8R,270.0,5.0,-40.0,9.113645e-06,7.912276e-05,-0.0002457296,2.49856e-05,4.2843e-05,-0.000165915,8.9098318246416e-05,34.49215384248932,32.96191642510997
PART-RIVERBANK-1,573,RiverBank/C3D8R,-270.0,-5.0,-40.0,-9.113645e-06,-7.912276e-05,-0.0002457296,-2.49856e-05,-4.2843e-05,-0.000165915,8.9098318246416e-05,34.49215384248932,32.96191642510997
PART-RIVERBANK-1,575,RiverBank/C3D8R,-270.0,5.0,-40.0,-9.113645e-06,7.912276e-05,-0.0002457296,-2.49856e-05,4.2843e-05,-0.000165915,8.9098318246416e-05,34.49215384248932,32.96191642510997
PART-RIVERBANK-2,55,RiverBank/C3D8R,290.0,10.0,-30.0,-0.00015473572,0.00019911543,-0.00039814477,-0.000118605,0.000147224,-0.000337039,8.793215886384341e-05,18.657966544592387,18.0024682894981
PART-RIVERBANK-2,79,RiverBank/C3D8R,290.0,-10.0,-30.0,-0.00015473572,-0.00019911543,-0.00039814477,-0.000118605,-0.000147224,-0.000337039,8.793215886384341e-05,18.657966544592387,18.0024682894981
PART-RIVERBANK-1,61,RiverBank/C3D8R,-290.0,10.0,-30.0,0.00015473572,0.00019911543,-0.00039814477,0.000118605,0.000147224,-0.000337039,8.793215886384341e-05,18.657966544592387,18.0024682894981
PART-RIVERBANK-1,73,RiverBank/C3D8R,-290.0,-10.0,-30.0,0.00015473572,-0.00019911543,-0.00039814477,0.000118605,-0.000147224,-0.000337039,8.793215886384341e-05,18.657966544592387,18.0024682894981
PART-RIVERBANK-2,249,RiverBank/C3D8R,275.0,5.0,-30.0,4.7330024e-05,0.00018945344,-0.0005124192,1.30677e-05,0.000151891,-0.000442957,8.608043316267976e-05,15.697600474781016,14.572216536589677
PART-RIVERBANK-2,251,RiverBank/C3D8R,275.0,-5.0,-30.0,4.7330024e-05,-0.00018945344,-0.0005124192,1.30677e-05,-0.000151891,-0.000442957,8.608043316267976e-05,15.697600474781016,14.572216536589677
PART-RIVERBANK-1,249,RiverBank/C3D8R,-275.0,5.0,-30.0,-4.7330024e-05,0.00018945344,-0.0005124192,-1.30677e-05,0.000151891,-0.000442957,8.608043316267976e-05,15.697600474781016,14.572216536589677
PART-RIVERBANK-1,251,RiverBank/C3D8R,-275.0,-5.0,-30.0,-4.7330024e-05,-0.00018945344,-0.0005124192,-1.30677e-05,-0.000151891,-0.000442957,8.608043316267976e-05,15.697600474781016,14.572216536589677
PART-RIVERBANK-2,314,RiverBank/C3D8R,260.0,-10.0,-45.0,-2.0878857e-05,-0.00012777247,-0.00011467959,-1.25382e-05,-5.82068e-05,-6.64564e-05,8.505542343388017e-05,49.1780173194741,48.409270707512505
PART-RIVERBANK-2,341,RiverBank/C3D8R,260.0,10.0,-45.0,-2.0878857e-05,0.00012777247,-0.00011467959,-1.25382e-05,5.82068e-05,-6.64564e-05,8.505542343388017e-05,49.1780173194741,48.409270707512505
PART-RIVERBANK-1,332,RiverBank/C3D8R,-260.0,-10.0,-45.0,2.0878857e-05,-0.00012777247,-0.00011467959,1.25382e-05,-5.82068e-05,-6.64564e-05,8.505542343388017e-05,49.1780173194741,48.409270707512505
PART-RIVERBANK-1,359,RiverBank/C3D8R,-260.0,10.0,-45.0,2.0878857e-05,0.00012777247,-0.00011467959,1.25382e-05,5.82068e-05,-6.64564e-05,8.505542343388017e-05,49.1780173194741,48.409270707512505
PART-RIVERBANK-2,546,RiverBank/C3D8R,265.0,-5.0,-40.0,-8.928027e-05,-1.5188999e-06,-0.00019899938,-7.36645e-05,-1.79422e-05,-0.000117538,8.455491405218244e-05,38.766259223495894,35.873281808827926
PART-RIVERBANK-2,548,RiverBank/C3D8R,265.0,5.0,-40.0,-8.928027e-05,1.5188999e-06,-0.00019899938,-7.36645e-05,1.79422e-05,-0.000117538,8.455491405218244e-05,38.766259223495894,35.873281808827926
PART-RIVERBANK-1,582,RiverBank/C3D8R,-265.0,-5.0,-40.0,8.928027e-05,-1.5188999e-06,-0.00019899938,7.36645e-05,-1.79422e-05,-0.000117538,8.455491405218244e-05,38.766259223495894,35.873281808827926
PART-RIVERBANK-1,584,RiverBank/C3D8R,-265.0,5.0,-40.0,8.928027e-05,1.5188999e-06,-0.00019899938,7.36645e-05,1.79422e-05,-0.000117538,8.455491405218244e-05,38.766259223495894,35.873281808827926
PART-RIVERBANK-2,564,RiverBank/C3D8R,275.0,-5.0,-40.0,-1.5724523e-05,-1.0279023e-05,-0.00019579599,-2.75995e-05,-7.60318e-06,-0.000113266,8.342286535423773e-05,42.41225990287782,40.6046572218427
PART-RIVERBANK-2,566,RiverBank/C3D8R,275.0,5.0,-40.0,-1.5724523e-05,1.0279023e-05,-0.00019579599,-2.75995e-05,7.60318e-06,-0.000113266,8.342286535423773e-05,42.41225990287782,40.6046572218427
PART-RIVERBANK-1,564,RiverBank/C3D8R,-275.0,-5.0,-40.0,1.5724523e-05,-1.0279023e-05,-0.00019579599,2.75995e-05,-7.60318e-06,-0.000113266,8.342286535423773e-05,42.41225990287782,40.6046572218427
PART-RIVERBANK-1,566,RiverBank/C3D8R,-275.0,5.0,-40.0,1.5724523e-05,1.0279023e-05,-0.00019579599,2.75995e-05,7.60318e-06,-0.000113266,8.342286535423773e-05,42.41225990287782,40.6046572218427
PART-RIVERBANK-2,261,RiverBank/C3D8R,295.0,5.0,-30.0,-0.00022040105,9.1000555e-05,-0.0003417675,-0.000159652,6.36891e-05,-0.000292301,8.296563910661763e-05,19.908792889995944,18.629470557874466
PART-RIVERBANK-2,263,RiverBank/C3D8R,295.0,-5.0,-30.0,-0.00022040105,-9.1000555e-05,-0.0003417675,-0.000159652,-6.36891e-05,-0.000292301,8.296563910661763e-05,19.908792889995944,18.629470557874466
PART-RIVERBANK-1,237,RiverBank/C3D8R,-295.0,5.0,-30.0,0.00022040105,9.1000555e-05,-0.0003417675,0.000159652,6.36891e-05,-0.000292301,8.296563910661763e-05,19.908792889995944,18.629470557874466
PART-RIVERBANK-1,239,RiverBank/C3D8R,-295.0,-5.0,-30.0,0.00022040105,-9.1000555e-05,-0.0003417675,0.000159652,-6.36891e-05,-0.000292301,8.296563910661763e-05,19.908792889995944,18.629470557874466
PART-RIVERBANK-2,325,RiverBank/C3D8R,280.0,-10.0,-40.0,4.930651e-06,-3.085593e-05,-0.00020170448,-5.18257e-06,-1.91832e-05,-0.000123246,7.996413538929901e-05,39.1768844049451,38.83821939431937
PART-RIVERBANK-2,352,RiverBank/C3D8R,280.0,10.0,-40.0,4.930651e-06,3.085593e-05,-0.00020170448,-5.18257e-06,1.91832e-05,-0.000123246,7.996413538929901e-05,39.1768844049451,38.83821939431937
PART-RIVERBANK-1,319,RiverBank/C3D8R,-280.0,-10.0,-40.0,-4.930651e-06,-3.085593e-05,-0.00020170448,5.18257e-06,-1.91832e-05,-0.000123246,7.996413538929901e-05,39.1768844049451,38.83821939431937
PART-RIVERBANK-1,346,RiverBank/C3D8R,-280.0,10.0,-40.0,-4.930651e-06,3.085593e-05,-0.00020170448,5.18257e-06,1.91832e-05,-0.000123246,7.996413538929901e-05,39.1768844049451,38.83821939431937
PART-RIVERBANK-2,247,RiverBank/C3D8R,270.0,0.0,-30.0,0.00016470012,-2.0974252e-18,-0.0005114052,0.000104151,-3.64449e-17,-0.000463197,7.739655341172759e-05,14.40546422995411,11.634747018875153
PART-RIVERBANK-1,253,RiverBank/C3D8R,-270.0,0.0,-30.0,-0.00016470012,2.8340275e-19,-0.0005114052,-0.000104151,-4.55308e-17,-0.000463197,7.739655341172759e-05,14.40546422995411,11.634747018875153
PART-RIVERBANK-2,30,RiverBank/C3D8R,300.0,0.0,-30.0,-0.00026609233,2.8139084e-18,-0.00026945767,-0.00019427,3.27042e-17,-0.000240931,7.72801267333187e-05,20.406767919825068,18.273431070461957
PART-RIVERBANK-1,14,RiverBank/C3D8R,-300.0,0.0,-30.0,0.00026609233,-2.4092535e-18,-0.00026945767,0.00019427,2.59963e-17,-0.000240931,7.72801267333187e-05,20.406767919825068,18.273431070461957
PART-RIVERBANK-2,582,RiverBank/C3D8R,285.0,-5.0,-40.0,1.434732e-05,-1.9191903e-05,-0.00018009692,8.01096e-06,-7.15881e-06,-0.000106096,7.524015514366413e-05,41.41264819596038,41.30546780030483
PART-RIVERBANK-2,584,RiverBank/C3D8R,285.0,5.0,-40.0,1.434732e-05,1.9191903e-05,-0.00018009692,8.01096e-06,7.15881e-06,-0.000106096,7.524015514366413e-05,41.41264819596038,41.30546780030483
PART-RIVERBANK-1,546,RiverBank/C3D8R,-285.0,-5.0,-40.0,-1.434732e-05,-1.9191903e-05,-0.00018009692,-8.01096e-06,-7.15881e-06,-0.000106096,7.524015514366413e-05,41.41264819596038,41.30546780030483
PART-RIVERBANK-1,548,RiverBank/C3D8R,-285.0,5.0,-40.0,-1.434732e-05,1.9191903e-05,-0.00018009692,-8.01096e-06,7.15881e-06,-0.000106096,7.524015514366413e-05,41.41264819596038,41.30546780030483
PART-RIVERBANK-2,255,RiverBank/C3D8R,285.0,5.0,-30.0,-0.00012104407,0.000121042794,-0.00041759823,-9.93571e-05,8.95654e-05,-0.000355022,7.33275907269906e-05,16.247298852798668,15.938705029516026
PART-RIVERBANK-2,257,RiverBank/C3D8R,285.0,-5.0,-30.0,-0.00012104407,-0.000121042794,-0.00041759823,-9.93571e-05,-8.95654e-05,-0.000355022,7.33275907269906e-05,16.247298852798668,15.938705029516026
PART-RIVERBANK-1,243,RiverBank/C3D8R,-285.0,5.0,-30.0,0.00012104407,0.000121042794,-0.00041759823,9.93571e-05,8.95654e-05,-0.000355022,7.33275907269906e-05,16.247298852798668,15.938705029516026
PART-RIVERBANK-1,245,RiverBank/C3D8R,-285.0,-5.0,-30.0,0.00012104407,-0.000121042794,-0.00041759823,9.93571e-05,-8.95654e-05,-0.000355022,7.33275907269906e-05,16.247298852798668,15.938705029516026
PART-RIVERBANK-2,573,RiverBank/C3D8R,280.0,-5.0,-40.0,-1.39629965e-05,-5.538831e-05,-0.00019624262,-4.25699e-06,-3.69225e-05,-0.000127443,7.189283979144614e-05,35.17488028376459,35.04863533094376
PART-RIVERBANK-2,575,RiverBank/C3D8R,280.0,5.0,-40.0,-1.39629965e-05,5.538831e-05,-0.00019624262,-4.25699e-06,3.69225e-05,-0.000127443,7.189283979144614e-05,35.17488028376459,35.04863533094376
PART-RIVERBANK-1,555,RiverBank/C3D8R,-280.0,-5.0,-40.0,1.39629965e-05,-5.538831e-05,-0.00019624262,4.25699e-06,-3.69225e-05,-0.000127443,7.189283979144614e-05,35.17488028376459,35.04863533094376
PART-RIVERBANK-1,557,RiverBank/C3D8R,-280.0,5.0,-40.0,1.39629965e-05,5.538831e-05,-0.00019624262,4.25699e-06,3.69225e-05,-0.000127443,7.189283979144614e-05,35.17488028376459,35.04863533094376
PART-RIVERBANK-2,531,RiverBank/C3D8R,255.0,-5.0,-45.0,3.4220234e-06,-3.402642e-05,-0.00013021138,-2.47458e-05,-2.76336e-06,-7.22485e-05,7.162751324422472e-05,53.20429891512376,43.23675743677215
PART-RIVERBANK-2,533,RiverBank/C3D8R,255.0,5.0,-45.0,3.4220234e-06,3.402642e-05,-0.00013021138,-2.47458e-05,2.76336e-06,-7.22485e-05,7.162751324422472e-05,53.20429891512376,43.23675743677215
PART-RIVERBANK-1,603,RiverBank/C3D8R,-255.0,-5.0,-45.0,-3.4220234e-06,-3.402642e-05,-0.00013021138,2.47458e-05,-2.76336e-06,-7.22485e-05,7.162751324422472e-05,53.20429891512376,43.23675743677215
PART-RIVERBANK-1,605,RiverBank/C3D8R,-255.0,5.0,-45.0,-3.4220234e-06,3.402642e-05,-0.00013021138,2.47458e-05,2.76336e-06,-7.22485e-05,7.162751324422472e-05,53.20429891512376,43.23675743677215
PART-RIVERBANK-2,303,RiverBank/C3D8R,300.0,-5.0,-40.0,3.103296e-05,-2.6634085e-05,-0.00014268898,-1.08011e-05,-2.18428e-05,-8.52568e-05,7.121446684197828e-05,47.97728921149135,40.262419080483866
PART-RIVERBANK-2,305,RiverBank/C3D8R,300.0,5.0,-40.0,3.103296e-05,2.6634085e-05,-0.00014268898,-1.08011e-05,2.18428e-05,-8.52568e-05,7.121446684197828e-05,47.97728921149135,40.262419080483866
PART-RIVERBANK-1,294,RiverBank/C3D8R,-300.0,-5.0,-40.0,-3.103296e-05,-2.6634085e-05,-0.00014268898,1.08011e-05,-2.18428e-05,-8.52568e-05,7.121446684197828e-05,47.97728921149135,40.262419080483866
PART-RIVERBANK-1,296,RiverBank/C3D8R,-300.0,5.0,-40.0,-3.103296e-05,2.6634085e-05,-0.00014268898,1.08011e-05,2.18428e-05,-8.52568e-05,7.121446684197828e-05,47.97728921149135,40.262419080483866
PART-RIVERBANK-2,532,RiverBank/C3D8R,255.0,0.0,-45.0,-0.0001222762,-2.005329e-18,-8.239167e-05,-5.46473e-05,-1.78404e-17,-6.23889e-05,7.052502338094543e-05,47.831599447596176,43.749690031102986
PART-RIVERBANK-1,604,RiverBank/C3D8R,-255.0,0.0,-45.0,0.0001222762,1.3641061e-20,-8.239167e-05,5.46473e-05,-4.26058e-18,-6.23889e-05,7.052502338094543e-05,47.831599447596176,43.749690031102986
PART-RIVERBANK-2,331,RiverBank/C3D8R,290.0,-10.0,-40.0,3.1374075e-05,-3.3709344e-05,-0.00016802047,2.70675e-05,-1.32516e-05,-0.000101184,7.002984792116188e-05,40.196929793366316,39.39923462749503
PART-RIVERBANK-2,358,RiverBank/C3D8R,290.0,10.0,-40.0,3.1374075e-05,3.3709344e-05,-0.00016802047,2.70675e-05,1.32516e-05,-0.000101184,7.002984792116188e-05,40.196929793366316,39.39923462749503
PART-RIVERBANK-1,313,RiverBank/C3D8R,-290.0,-10.0,-40.0,-3.1374075e-05,-3.3709344e-05,-0.00016802047,-2.70675e-05,-1.32516e-05,-0.000101184,7.002984792116188e-05,40.196929793366316,39.39923462749503
PART-RIVERBANK-1,340,RiverBank/C3D8R,-290.0,10.0,-40.0,-3.1374075e-05,3.3709344e-05,-0.00016802047,-2.70675e-05,1.32516e-05,-0.000101184,7.002984792116188e-05,40.196929793366316,39.39923462749503
PART-RIVERBANK-2,565,RiverBank/C3D8R,275.0,0.0,-40.0,2.5632703e-06,-5.5377917e-19,-0.00022052515,1.59182e-05,-1.19542e-17,-0.000152098,6.971821142581357e-05,31.612495105967888,30.657169281174152
PART-RIVERBANK-1,565,RiverBank/C3D8R,-275.0,0.0,-40.0,-2.5632703e-06,-9.197204e-21,-0.00022052515,-1.59182e-05,-7.05155e-18,-0.000152098,6.971821142581357e-05,31.612495105967888,30.657169281174152
PART-RIVERBANK-2,83,RiverBank/C3D8R,250.0,10.0,-45.0,-0.00030875925,1.9017831e-06,-5.6779118e-05,-0.000293334,-5.08457e-05,-1.43872e-05,6.940684420621651e-05,22.108153985844574,5.060399689496778
PART-RIVERBANK-2,87,RiverBank/C3D8R,250.0,-10.0,-45.0,-0.00030875925,-1.9017831e-06,-5.6779118e-05,-0.000293334,5.08457e-05,-1.43872e-05,6.940684420621651e-05,22.108153985844574,5.060399689496778
PART-RIVERBANK-1,90,RiverBank/C3D8R,-250.0,10.0,-45.0,0.00030875925,1.9017831e-06,-5.6779118e-05,0.000293334,-5.08457e-05,-1.43872e-05,6.940684420621651e-05,22.108153985844574,5.060399689496778
PART-RIVERBANK-1,98,RiverBank/C3D8R,-250.0,-10.0,-45.0,0.00030875925,-1.9017831e-06,-5.6779118e-05,0.000293334,5.08457e-05,-1.43872e-05,6.940684420621651e-05,22.108153985844574,5.060399689496778
PART-RIVERBANK-2,600,RiverBank/C3D8R,295.0,-5.0,-40.0,4.1801326e-05,-1.7338296e-05,-0.00015787502,4.09677e-05,-3.93551e-06,-9.0388e-05,6.881008264309869e-05,41.89783331814096,39.52689033569836
PART-RIVERBANK-2,602,RiverBank/C3D8R,295.0,5.0,-40.0,4.1801326e-05,1.7338296e-05,-0.00015787502,4.09677e-05,3.93551e-06,-9.0388e-05,6.881008264309869e-05,41.89783331814096,39.52689033569836
PART-RIVERBANK-1,528,RiverBank/C3D8R,-295.0,-5.0,-40.0,-4.1801326e-05,-1.7338296e-05,-0.00015787502,-4.09677e-05,-3.93551e-06,-9.0388e-05,6.881008264309869e-05,41.89783331814096,39.52689033569836
PART-RIVERBANK-1,530,RiverBank/C3D8R,-295.0,5.0,-40.0,-4.1801326e-05,1.7338296e-05,-0.00015787502,-4.09677e-05,3.93551e-06,-9.0388e-05,6.881008264309869e-05,41.89783331814096,39.52689033569836
PART-RIVERBANK-2,311,RiverBank/C3D8R,255.0,-10.0,-45.0,-1.754392e-05,-4.6183355e-05,-0.0001822415,2.42352e-05,-7.92606e-05,-0.000141105,6.731872426757972e-05,35.65249555862222,13.331548831324955
PART-RIVERBANK-2,338,RiverBank/C3D8R,255.0,10.0,-45.0,-1.754392e-05,4.6183355e-05,-0.0001822415,2.42352e-05,7.92606e-05,-0.000141105,6.731872426757972e-05,35.65249555862222,13.331548831324955
PART-RIVERBANK-1,335,RiverBank/C3D8R,-255.0,-10.0,-45.0,1.754392e-05,-4.6183355e-05,-0.0001822415,-2.42352e-05,-7.92606e-05,-0.000141105,6.731872426757972e-05,35.65249555862222,13.331548831324955
PART-RIVERBANK-1,362,RiverBank/C3D8R,-255.0,10.0,-45.0,1.754392e-05,4.6183355e-05,-0.0001822415,-2.42352e-05,7.92606e-05,-0.000141105,6.731872426757972e-05,35.65249555862222,13.331548831324955
PART-RIVERBANK-2,317,RiverBank/C3D8R,265.0,-10.0,-45.0,-6.8428335e-06,-4.5948556e-05,-0.00018474662,-1.5852e-05,-3.83196e-05,-0.000119763,6.604723248538926e-05,34.670865572685514,33.469404131938454
PART-RIVERBANK-2,344,RiverBank/C3D8R,265.0,10.0,-45.0,-6.8428335e-06,4.5948556e-05,-0.00018474662,-1.5852e-05,3.83196e-05,-0.000119763,6.604723248538926e-05,34.670865572685514,33.469404131938454
PART-RIVERBANK-1,329,RiverBank/C3D8R,-265.0,-10.0,-45.0,6.8428335e-06,-4.5948556e-05,-0.00018474662,1.5852e-05,-3.83196e-05,-0.000119763,6.604723248538926e-05,34.670865572685514,33.469404131938454
PART-RIVERBANK-1,356,RiverBank/C3D8R,-265.0,10.0,-45.0,6.8428335e-06,4.5948556e-05,-0.00018474662,1.5852e-05,3.83196e-05,-0.000119763,6.604723248538926e-05,34.670865572685514,33.469404131938454
PART-RIVERBANK-2,91,RiverBank/C3D8R,300.0,10.0,-40.0,7.027671e-05,1.6900327e-05,-0.00014399597,6.50964e-05,-5.1578e-07,-8.14752e-05,6.510762686601663e-05,40.40969519141802,35.2725320425882
PART-RIVERBANK-2,97,RiverBank/C3D8R,300.0,-10.0,-40.0,7.027671e-05,-1.6900327e-05,-0.00014399597,6.50964e-05,5.1578e-07,-8.14752e-05,6.510762686601663e-05,40.40969519141802,35.2725320425882
PART-RIVERBANK-1,82,RiverBank/C3D8R,-300.0,10.0,-40.0,-7.027671e-05,1.6900327e-05,-0.00014399597,-6.50964e-05,-5.1578e-07,-8.14752e-05,6.510762686601663e-05,40.40969519141802,35.2725320425882
PART-RIVERBANK-1,88,RiverBank/C3D8R,-300.0,-10.0,-40.0,-7.027671e-05,-1.6900327e-05,-0.00014399597,-6.50964e-05,5.1578e-07,-8.14752e-05,6.510762686601663e-05,40.40969519141802,35.2725320425882
PART-RIVERBANK-2,591,RiverBank/C3D8R,290.0,-5.0,-40.0,1.4467712e-06,-3.6191093e-05,-0.0001650832,-1.3041e-05,-2.75734e-05,-0.000102756,6.456655486260513e-05,38.20282079930694,36.57917706771283
PART-RIVERBANK-2,593,RiverBank/C3D8R,290.0,5.0,-40.0,1.4467712e-06,3.6191093e-05,-0.0001650832,-1.3041e-05,2.75734e-05,-0.000102756,6.456655486260513e-05,38.20282079930694,36.57917706771283
PART-RIVERBANK-1,537,RiverBank/C3D8R,-290.0,-5.0,-40.0,-1.4467712e-06,-3.6191093e-05,-0.0001650832,1.3041e-05,-2.75734e-05,-0.000102756,6.456655486260513e-05,38.20282079930694,36.57917706771283
PART-RIVERBANK-1,539,RiverBank/C3D8R,-290.0,5.0,-40.0,-1.4467712e-06,3.6191093e-05,-0.0001650832,1.3041e-05,2.75734e-05,-0.000102756,6.456655486260513e-05,38.20282079930694,36.57917706771283
PART-RIVERBANK-2,322,RiverBank/C3D8R,275.0,-10.0,-40.0,-5.2335913e-06,-9.51619e-05,-0.00013816837,8.19727e-06,-5.32518e-05,-9.11388e-05,6.440982045973066e-05,38.37340430389198,36.92371061731717
PART-RIVERBANK-2,349,RiverBank/C3D8R,275.0,10.0,-40.0,-5.2335913e-06,9.51619e-05,-0.00013816837,8.19727e-06,5.32518e-05,-9.11388e-05,6.440982045973066e-05,38.37340430389198,36.92371061731717
PART-RIVERBANK-1,322,RiverBank/C3D8R,-275.0,-10.0,-40.0,5.2335913e-06,-9.51619e-05,-0.00013816837,-8.19727e-06,-5.32518e-05,-9.11388e-05,6.440982045973066e-05,38.37340430389198,36.92371061731717
PART-RIVERBANK-1,349,RiverBank/C3D8R,-275.0,10.0,-40.0,5.2335913e-06,9.51619e-05,-0.00013816837,-8.19727e-06,5.32518e-05,-9.11388e-05,6.440982045973066e-05,38.37340430389198,36.92371061731717
PART-RIVERBANK-2,541,RiverBank/C3D8R,260.0,0.0,-45.0,5.7852038e-05,-7.972108e-19,-0.000187997,4.72864e-05,-1.16264e-17,-0.000125122,6.375655520295183e-05,32.413579419828665,31.997363666494667
PART-RIVERBANK-1,595,RiverBank/C3D8R,-260.0,0.0,-45.0,-5.7852038e-05,3.2072768e-19,-0.000187997,-4.72864e-05,-8.51776e-18,-0.000125122,6.375655520295183e-05,32.413579419828665,31.997363666494667
PART-RIVERBANK-2,601,RiverBank/C3D8R,295.0,0.0,-40.0,1.7240673e-05,1.3065754e-18,-0.00015420961,-1.17685e-05,1.10555e-17,-9.75133e-05,6.368676224899511e-05,41.04311993593915,36.70126701470638
PART-RIVERBANK-1,529,RiverBank/C3D8R,-295.0,0.0,-40.0,-1.7240673e-05,-8.5258483e-19,-0.00015420961,1.17685e-05,1.05502e-17,-9.75133e-05,6.368676224899511e-05,41.04311993593915,36.70126701470638
PART-RIVERBANK-2,583,RiverBank/C3D8R,285.0,0.0,-40.0,-9.552221e-06,3.0940763e-19,-0.00017807397,-1.07886e-05,-7.91129e-19,-0.000116904,6.118246368717543e-05,34.30856763996062,34.166560665290454
PART-RIVERBANK-1,547,RiverBank/C3D8R,-285.0,0.0,-40.0,9.552221e-06,-4.4522257e-19,-0.00017807397,1.07886e-05,1.44885e-18,-0.000116904,6.118246368717543e-05,34.30856763996062,34.166560665290454
PART-RIVERBANK-2,259,RiverBank/C3D8R,290.0,0.0,-30.0,-0.00016888267,4.749121e-19,-0.00034490987,-0.000128241,8.17916e-18,-0.000299248,6.112897604480057e-05,15.917483561662113,15.224526621847017
PART-RIVERBANK-1,241,RiverBank/C3D8R,-290.0,0.0,-30.0,0.00016888267,-1.2444733e-18,-0.00034490987,0.000128241,3.83282e-18,-0.000299248,6.112897604480057e-05,15.917483561662113,15.224526621847017
PART-RIVERBANK-2,323,RiverBank/C3D8R,275.0,-10.0,-45.0,1.1023791e-05,-5.822659e-05,-0.00015155376,-4.56992e-07,-3.43471e-05,-9.68164e-05,6.0812967373108735e-05,37.3709302918033,36.870429932118334
PART-RIVERBANK-2,350,RiverBank/C3D8R,275.0,10.0,-45.0,1.1023791e-05,5.822659e-05,-0.00015155376,-4.56992e-07,3.43471e-05,-9.68164e-05,6.0812967373108735e-05,37.3709302918033,36.870429932118334
PART-RIVERBANK-1,323,RiverBank/C3D8R,-275.0,-10.0,-45.0,-1.1023791e-05,-5.822659e-05,-0.00015155376,4.56992e-07,-3.43471e-05,-9.68164e-05,6.0812967373108735e-05,37.3709302918033,36.870429932118334
PART-RIVERBANK-1,350,RiverBank/C3D8R,-275.0,10.0,-45.0,-1.1023791e-05,5.822659e-05,-0.00015155376,4.56992e-07,3.43471e-05,-9.68164e-05,6.0812967373108735e-05,37.3709302918033,36.870429932118334
PART-RIVERBANK-2,556,RiverBank/C3D8R,270.0,0.0,-40.0,-6.809148e-05,-5.87064e-19,-0.00012016094,-6.7208e-05,-7.57142e-18,-6.02557e-05,5.991175440903062e-05,43.37890774354386,34.64434856015159
PART-RIVERBANK-1,574,RiverBank/C3D8R,-270.0,0.0,-40.0,6.809148e-05,4.548831e-19,-0.00012016094,6.7208e-05,-1.84033e-17,-6.02557e-05,5.991175440903062e-05,43.37890774354386,34.64434856015159
PART-RIVERBANK-2,574,RiverBank/C3D8R,280.0,0.0,-40.0,-4.2987745e-06,-2.0986703e-19,-0.00012928568,-1.28136e-05,3.34578e-19,-7.13301e-05,5.857773900068054e-05,45.28373503058863,43.975358561224375
PART-RIVERBANK-1,556,RiverBank/C3D8R,-280.0,0.0,-40.0,4.2987745e-06,7.037208e-20,-0.00012928568,1.28136e-05,-7.63134e-18,-7.13301e-05,5.857773900068054e-05,45.28373503058863,43.975358561224375
PART-RIVERBANK-2,307,RiverBank/C3D8R,300.0,0.0,-45.0,5.7570876e-05,1.0990918e-18,-9.773196e-05,2.00696e-05,1.01976e-17,-5.52808e-05,5.66431521631148e-05,49.93748002007737,48.15114707397773
PART-RIVERBANK-1,298,RiverBank/C3D8R,-300.0,0.0,-45.0,-5.7570876e-05,-4.6152734e-19,-9.773196e-05,-2.00696e-05,9.10052e-18,-5.52808e-05,5.66431521631148e-05,49.93748002007737,48.15114707397773
PART-RIVERBANK-2,334,RiverBank/C3D8R,295.0,-10.0,-40.0,2.0030533e-05,-4.053173e-05,-0.00011547153,-9.61552e-06,-3.34278e-05,-7.04126e-05,5.4402770634119444e-05,43.870751825202916,36.668530951443536
PART-RIVERBANK-2,361,RiverBank/C3D8R,295.0,10.0,-40.0,2.0030533e-05,4.053173e-05,-0.00011547153,-9.61552e-06,3.34278e-05,-7.04126e-05,5.4402770634119444e-05,43.870751825202916,36.668530951443536
PART-RIVERBANK-1,310,RiverBank/C3D8R,-295.0,-10.0,-40.0,-2.0030533e-05,-4.053173e-05,-0.00011547153,9.61552e-06,-3.34278e-05,-7.04126e-05,5.4402770634119444e-05,43.870751825202916,36.668530951443536
PART-RIVERBANK-1,337,RiverBank/C3D8R,-295.0,10.0,-40.0,-2.0030533e-05,4.053173e-05,-0.00011547153,9.61552e-06,3.34278e-05,-7.04126e-05,5.4402770634119444e-05,43.870751825202916,36.668530951443536
PART-RIVERBANK-2,320,RiverBank/C3D8R,270.0,-10.0,-45.0,-4.85191e-06,-0.00010057893,-9.227023e-05,8.50063e-06,-6.21331e-05,-5.69058e-05,5.391674209431982e-05,39.476984469056035,37.997130135570416
PART-RIVERBANK-2,347,RiverBank/C3D8R,270.0,10.0,-45.0,-4.85191e-06,0.00010057893,-9.227023e-05,8.50063e-06,6.21331e-05,-5.69058e-05,5.391674209431982e-05,39.476984469056035,37.997130135570416
PART-RIVERBANK-1,326,RiverBank/C3D8R,-270.0,-10.0,-45.0,4.85191e-06,-0.00010057893,-9.227023e-05,-8.50063e-06,-6.21331e-05,-5.69058e-05,5.391674209431982e-05,39.476984469056035,37.997130135570416
PART-RIVERBANK-1,353,RiverBank/C3D8R,-270.0,10.0,-45.0,4.85191e-06,0.00010057893,-9.227023e-05,-8.50063e-06,6.21331e-05,-5.69058e-05,5.391674209431982e-05,39.476984469056035,37.997130135570416
PART-RIVERBANK-2,90,RiverBank/C3D8R,300.0,10.0,-45.0,4.4517874e-05,4.067266e-05,-8.777665e-05,1.17531e-05,2.85381e-05,-4.73054e-05,5.346681249361304e-05,50.20668585309872,46.9607878498239
PART-RIVERBANK-2,98,RiverBank/C3D8R,300.0,-10.0,-45.0,4.4517874e-05,-4.067266e-05,-8.777665e-05,1.17531e-05,-2.85381e-05,-4.73054e-05,5.346681249361304e-05,50.20668585309872,46.9607878498239
PART-RIVERBANK-1,83,RiverBank/C3D8R,-300.0,10.0,-45.0,-4.4517874e-05,4.067266e-05,-8.777665e-05,-1.17531e-05,2.85381e-05,-4.73054e-05,5.346681249361304e-05,50.20668585309872,46.9607878498239
PART-RIVERBANK-1,87,RiverBank/C3D8R,-300.0,-10.0,-45.0,-4.4517874e-05,-4.067266e-05,-8.777665e-05,-1.17531e-05,-2.85381e-05,-4.73054e-05,5.346681249361304e-05,50.20668585309872,46.9607878498239
PART-RIVERBANK-2,592,RiverBank/C3D8R,290.0,0.0,-40.0,2.5002215e-05,3.2354392e-19,-0.000120016564,2.27305e-05,8.24227e-18,-6.77304e-05,5.2335491159213554e-05,42.690379338426276,41.72362068033784
PART-RIVERBANK-1,538,RiverBank/C3D8R,-290.0,0.0,-40.0,-2.5002215e-05,-2.7217652e-19,-0.000120016564,-2.27305e-05,2.86975e-18,-6.77304e-05,5.2335491159213554e-05,42.690379338426276,41.72362068033784
PART-RIVERBANK-2,329,RiverBank/C3D8R,285.0,-10.0,-45.0,1.8834178e-05,-5.970829e-05,-0.00012128704,1.36708e-05,-3.26518e-05,-7.77711e-05,5.150098210301026e-05,37.73157882659671,37.39748388129938
PART-RIVERBANK-2,356,RiverBank/C3D8R,285.0,10.0,-45.0,1.8834178e-05,5.970829e-05,-0.00012128704,1.36708e-05,3.26518e-05,-7.77711e-05,5.150098210301026e-05,37.73157882659671,37.39748388129938
PART-RIVERBANK-1,317,RiverBank/C3D8R,-285.0,-10.0,-45.0,-1.8834178e-05,-5.970829e-05,-0.00012128704,-1.36708e-05,-3.26518e-05,-7.77711e-05,5.150098210301026e-05,37.73157882659671,37.39748388129938
PART-RIVERBANK-1,344,RiverBank/C3D8R,-285.0,10.0,-45.0,-1.8834178e-05,5.970829e-05,-0.00012128704,-1.36708e-05,3.26518e-05,-7.77711e-05,5.150098210301026e-05,37.73157882659671,37.39748388129938
PART-RIVERBANK-2,328,RiverBank/C3D8R,285.0,-10.0,-40.0,-4.8956176e-06,-6.185389e-05,-0.0001285658,-8.07405e-06,-4.31414e-05,-8.1257e-05,5.097432953910694e-05,35.70752156038714,35.306739073443225
PART-RIVERBANK-2,355,RiverBank/C3D8R,285.0,10.0,-40.0,-4.8956176e-06,6.185389e-05,-0.0001285658,-8.07405e-06,4.31414e-05,-8.1257e-05,5.097432953910694e-05,35.70752156038714,35.306739073443225
PART-RIVERBANK-1,316,RiverBank/C3D8R,-285.0,-10.0,-40.0,4.8956176e-06,-6.185389e-05,-0.0001285658,8.07405e-06,-4.31414e-05,-8.1257e-05,5.097432953910694e-05,35.70752156038714,35.306739073443225
PART-RIVERBANK-1,343,RiverBank/C3D8R,-285.0,10.0,-40.0,4.8956176e-06,6.185389e-05,-0.0001285658,8.07405e-06,4.31414e-05,-8.1257e-05,5.097432953910694e-05,35.70752156038714,35.306739073443225
PART-RIVERBANK-2,253,RiverBank/C3D8R,280.0,0.0,-30.0,-6.806571e-05,-1.1392781e-18,-0.00041068223,-6.67686e-05,-1.35948e-17,-0.000360015,5.0683830658554225e-05,12.175284775264405,12.042346956092464
PART-RIVERBANK-1,247,RiverBank/C3D8R,-280.0,0.0,-30.0,6.806571e-05,-5.638094e-19,-0.00041068223,6.67686e-05,-1.83032e-17,-0.000360015,5.0683830658554225e-05,12.175284775264405,12.042346956092464
PART-RIVERBANK-2,304,RiverBank/C3D8R,300.0,0.0,-40.0,5.5151548e-05,1.487017e-18,-0.00010295691,5.45387e-05,1.95463e-17,-5.32949e-05,4.966579124418743e-05,42.522738356558634,34.712226233664154
PART-RIVERBANK-1,295,RiverBank/C3D8R,-300.0,0.0,-40.0,-5.5151548e-05,-8.3583323e-19,-0.00010295691,-5.45387e-05,1.3572e-17,-5.32949e-05,4.966579124418743e-05,42.522738356558634,34.712226233664154
PART-RIVERBANK-2,559,RiverBank/C3D8R,270.0,0.0,-45.0,1.4099723e-05,-1.1200355e-19,-0.00014439049,2.33573e-05,-6.14353e-18,-9.71466e-05,4.8142370883069625e-05,33.18395027985345,31.12974408920408
PART-RIVERBANK-1,577,RiverBank/C3D8R,-270.0,0.0,-45.0,-1.4099723e-05,6.5928486e-20,-0.00014439049,-2.33573e-05,-3.58718e-18,-9.71466e-05,4.8142370883069625e-05,33.18395027985345,31.12974408920408
PART-RIVERBANK-2,298,RiverBank/C3D8R,250.0,0.0,-45.0,-0.00024495498,-1.759432e-18,-9.7094686e-05,-0.000247163,-1.23434e-17,-5.01107e-05,4.70358405130449e-05,17.850661919520608,4.290262016586458
PART-RIVERBANK-1,307,RiverBank/C3D8R,-250.0,0.0,-45.0,0.00024495498,8.47281e-19,-9.7094686e-05,0.000247163,-1.60246e-17,-5.01107e-05,4.70358405130449e-05,17.850661919520608,4.290262016586458
PART-RIVERBANK-2,326,RiverBank/C3D8R,280.0,-10.0,-45.0,-1.4856206e-06,-7.173223e-05,-9.075589e-05,4.52827e-07,-4.78659e-05,-5.33102e-05,4.444703574303854e-05,38.41883012715387,38.07004091589009
PART-RIVERBANK-2,353,RiverBank/C3D8R,280.0,10.0,-45.0,-1.4856206e-06,7.173223e-05,-9.075589e-05,4.52827e-07,4.78659e-05,-5.33102e-05,4.444703574303854e-05,38.41883012715387,38.07004091589009
PART-RIVERBANK-1,320,RiverBank/C3D8R,-280.0,-10.0,-45.0,1.4856206e-06,-7.173223e-05,-9.075589e-05,-4.52827e-07,-4.78659e-05,-5.33102e-05,4.444703574303854e-05,38.41883012715387,38.07004091589009
PART-RIVERBANK-1,347,RiverBank/C3D8R,-280.0,10.0,-45.0,1.4856206e-06,7.173223e-05,-9.075589e-05,-4.52827e-07,4.78659e-05,-5.33102e-05,4.444703574303854e-05,38.41883012715387,38.07004091589009
PART-RIVERBANK-2,549,RiverBank/C3D8R,265.0,-5.0,-45.0,1.471565e-05,-4.7393292e-05,-0.00011466039,2.55202e-05,-2.72436e-05,-7.74928e-05,4.3636889609657844e-05,34.926638862954185,31.154015567471237
PART-RIVERBANK-2,551,RiverBank/C3D8R,265.0,5.0,-45.0,1.471565e-05,4.7393292e-05,-0.00011466039,2.55202e-05,2.72436e-05,-7.74928e-05,4.3636889609657844e-05,34.926638862954185,31.154015567471237
PART-RIVERBANK-1,585,RiverBank/C3D8R,-265.0,-5.0,-45.0,-1.471565e-05,-4.7393292e-05,-0.00011466039,-2.55202e-05,-2.72436e-05,-7.74928e-05,4.3636889609657844e-05,34.926638862954185,31.154015567471237
PART-RIVERBANK-1,587,RiverBank/C3D8R,-265.0,5.0,-45.0,-1.471565e-05,4.7393292e-05,-0.00011466039,-2.55202e-05,2.72436e-05,-7.74928e-05,4.3636889609657844e-05,34.926638862954185,31.154015567471237
PART-RIVERBANK-2,332,RiverBank/C3D8R,290.0,-10.0,-45.0,1.5594724e-05,-5.2229814e-05,-8.465657e-05,2.16357e-06,-3.57374e-05,-4.75809e-05,4.274343134644213e-05,42.4517629389412,40.859834396575174
PART-RIVERBANK-2,359,RiverBank/C3D8R,290.0,10.0,-45.0,1.5594724e-05,5.2229814e-05,-8.465657e-05,2.16357e-06,3.57374e-05,-4.75809e-05,4.274343134644213e-05,42.4517629389412,40.859834396575174
PART-RIVERBANK-1,314,RiverBank/C3D8R,-290.0,-10.0,-45.0,-1.5594724e-05,-5.2229814e-05,-8.465657e-05,-2.16357e-06,-3.57374e-05,-4.75809e-05,4.274343134644213e-05,42.4517629389412,40.859834396575174
PART-RIVERBANK-1,341,RiverBank/C3D8R,-290.0,10.0,-45.0,-1.5594724e-05,5.2229814e-05,-8.465657e-05,-2.16357e-06,3.57374e-05,-4.75809e-05,4.274343134644213e-05,42.4517629389412,40.859834396575174
PART-RIVERBANK-2,335,RiverBank/C3D8R,295.0,-10.0,-45.0,3.0265968e-05,-4.8635913e-05,-9.396084e-05,2.80146e-05,-2.40398e-05,-5.92037e-05,4.263913945613576e-05,38.74665380195757,36.5995286877822
PART-RIVERBANK-2,362,RiverBank/C3D8R,295.0,10.0,-45.0,3.0265968e-05,4.8635913e-05,-9.396084e-05,2.80146e-05,2.40398e-05,-5.92037e-05,4.263913945613576e-05,38.74665380195757,36.5995286877822
PART-RIVERBANK-1,311,RiverBank/C3D8R,-295.0,-10.0,-45.0,-3.0265968e-05,-4.8635913e-05,-9.396084e-05,-2.80146e-05,-2.40398e-05,-5.92037e-05,4.263913945613576e-05,38.74665380195757,36.5995286877822
PART-RIVERBANK-1,338,RiverBank/C3D8R,-295.0,10.0,-45.0,-3.0265968e-05,4.8635913e-05,-9.396084e-05,-2.80146e-05,2.40398e-05,-5.92037e-05,4.263913945613576e-05,38.74665380195757,36.5995286877822
PART-RIVERBANK-2,577,RiverBank/C3D8R,280.0,0.0,-45.0,-2.643193e-07,1.2873995e-19,-0.00011433884,1.41108e-06,-1.42302e-18,-7.19603e-05,4.241164480830755e-05,37.09284743825588,37.0520626314608
PART-RIVERBANK-1,559,RiverBank/C3D8R,-280.0,0.0,-45.0,2.643193e-07,-1.290096e-19,-0.00011433884,-1.41108e-06,1.2282e-19,-7.19603e-05,4.241164480830755e-05,37.09284743825588,37.0520626314608
PART-RIVERBANK-2,595,RiverBank/C3D8R,290.0,0.0,-45.0,1.2182304e-05,4.7205657e-19,-9.626932e-05,-3.36619e-07,3.24604e-18,-5.70564e-05,4.116280515230139e-05,42.41967580818312,41.200408874431425
PART-RIVERBANK-1,541,RiverBank/C3D8R,-290.0,0.0,-45.0,-1.2182304e-05,-3.0865236e-19,-9.626932e-05,3.36619e-07,3.48808e-18,-5.70564e-05,4.116280515230139e-05,42.41967580818312,41.200408874431425
PART-RIVERBANK-2,558,RiverBank/C3D8R,270.0,-5.0,-45.0,-7.2405924e-06,-6.3728958e-06,-7.9998244e-05,-1.85304e-05,-3.40271e-06,-4.79728e-05,3.408681303273563e-05,42.3030573714379,36.0371964186091
PART-RIVERBANK-2,560,RiverBank/C3D8R,270.0,5.0,-45.0,-7.2405924e-06,6.3728958e-06,-7.9998244e-05,-1.85304e-05,3.40271e-06,-4.79728e-05,3.408681303273563e-05,42.3030573714379,36.0371964186091
PART-RIVERBANK-1,576,RiverBank/C3D8R,-270.0,-5.0,-45.0,7.2405924e-06,-6.3728958e-06,-7.9998244e-05,1.85304e-05,-3.40271e-06,-4.79728e-05,3.408681303273563e-05,42.3030573714379,36.0371964186091
PART-RIVERBANK-1,578,RiverBank/C3D8R,-270.0,5.0,-45.0,7.2405924e-06,6.3728958e-06,-7.9998244e-05,1.85304e-05,3.40271e-06,-4.79728e-05,3.408681303273563e-05,42.3030573714379,36.0371964186091
PART-RIVERBANK-2,603,RiverBank/C3D8R,295.0,-5.0,-45.0,2.5548252e-05,-1.2861375e-05,-5.8924496e-05,3.99389e-06,-1.10019e-05,-3.27523e-05,3.395632506566464e-05,51.84187247343664,46.899338030778544
PART-RIVERBANK-2,605,RiverBank/C3D8R,295.0,5.0,-45.0,2.5548252e-05,1.2861375e-05,-5.8924496e-05,3.99389e-06,1.10019e-05,-3.27523e-05,3.395632506566464e-05,51.84187247343664,46.899338030778544
PART-RIVERBANK-1,531,RiverBank/C3D8R,-295.0,-5.0,-45.0,-2.5548252e-05,-1.2861375e-05,-5.8924496e-05,-3.99389e-06,-1.10019e-05,-3.27523e-05,3.395632506566464e-05,51.84187247343664,46.899338030778544
PART-RIVERBANK-1,533,RiverBank/C3D8R,-295.0,5.0,-45.0,-2.5548252e-05,1.2861375e-05,-5.8924496e-05,-3.99389e-06,1.10019e-05,-3.27523e-05,3.395632506566464e-05,51.84187247343664,46.899338030778544
PART-RIVERBANK-2,540,RiverBank/C3D8R,260.0,-5.0,-45.0,-6.9299655e-05,-5.568906e-06,-7.9270976e-05,-5.17661e-05,-1.36579e-05,-5.18321e-05,3.355218757418712e-05,31.82147802775703,29.326459381001513
PART-RIVERBANK-2,542,RiverBank/C3D8R,260.0,5.0,-45.0,-6.9299655e-05,5.568906e-06,-7.9270976e-05,-5.17661e-05,1.36579e-05,-5.18321e-05,3.355218757418712e-05,31.82147802775703,29.326459381001513
PART-RIVERBANK-1,594,RiverBank/C3D8R,-260.0,-5.0,-45.0,6.9299655e-05,-5.568906e-06,-7.9270976e-05,5.17661e-05,-1.36579e-05,-5.18321e-05,3.355218757418712e-05,31.82147802775703,29.326459381001513
PART-RIVERBANK-1,596,RiverBank/C3D8R,-260.0,5.0,-45.0,6.9299655e-05,5.568906e-06,-7.9270976e-05,5.17661e-05,1.36579e-05,-5.18321e-05,3.355218757418712e-05,31.82147802775703,29.326459381001513
PART-RIVERBANK-2,567,RiverBank/C3D8R,275.0,-5.0,-45.0,-4.8143565e-06,-3.512689e-05,-8.522637e-05,4.42786e-06,-2.47481e-05,-5.47938e-05,3.345562978785293e-05,36.24381052542732,34.689487805991504
PART-RIVERBANK-2,569,RiverBank/C3D8R,275.0,5.0,-45.0,-4.8143565e-06,3.512689e-05,-8.522637e-05,4.42786e-06,2.47481e-05,-5.47938e-05,3.345562978785293e-05,36.24381052542732,34.689487805991504
PART-RIVERBANK-1,567,RiverBank/C3D8R,-275.0,-5.0,-45.0,4.8143565e-06,-3.512689e-05,-8.522637e-05,-4.42786e-06,-2.47481e-05,-5.47938e-05,3.345562978785293e-05,36.24381052542732,34.689487805991504
PART-RIVERBANK-1,569,RiverBank/C3D8R,-275.0,5.0,-45.0,4.8143565e-06,3.512689e-05,-8.522637e-05,-4.42786e-06,2.47481e-05,-5.47938e-05,3.345562978785293e-05,36.24381052542732,34.689487805991504
PART-RIVERBANK-2,550,RiverBank/C3D8R,265.0,0.0,-45.0,-5.2717423e-05,-4.516362e-20,-7.047556e-05,-5.1368e-05,-3.13508e-18,-3.73873e-05,3.311576501095104e-05,37.626859635546595,27.812056284499718
PART-RIVERBANK-1,586,RiverBank/C3D8R,-265.0,0.0,-45.0,5.2717423e-05,2.298626e-19,-7.047556e-05,5.1368e-05,-9.01984e-18,-3.73873e-05,3.311576501095104e-05,37.626859635546595,27.812056284499718
PART-RIVERBANK-2,568,RiverBank/C3D8R,275.0,0.0,-45.0,-2.311105e-06,2.2075088e-19,-7.543249e-05,-1.04977e-05,1.12084e-18,-4.3667e-05,3.28034554983789e-05,43.46677430572855,40.48976133121014
PART-RIVERBANK-1,568,RiverBank/C3D8R,-275.0,0.0,-45.0,2.311105e-06,7.602315e-20,-7.543249e-05,1.04977e-05,-5.31471e-18,-4.3667e-05,3.28034554983789e-05,43.46677430572855,40.48976133121014
PART-RIVERBANK-2,306,RiverBank/C3D8R,300.0,-5.0,-45.0,4.7609872e-05,-1.2570203e-05,-7.5828575e-05,4.10431e-05,-3.91065e-06,-4.67664e-05,3.102773546990527e-05,34.31741983499699,31.044700203669073
PART-RIVERBANK-2,308,RiverBank/C3D8R,300.0,5.0,-45.0,4.7609872e-05,1.2570203e-05,-7.5828575e-05,4.10431e-05,3.91065e-06,-4.67664e-05,3.102773546990527e-05,34.31741983499699,31.044700203669073
PART-RIVERBANK-1,297,RiverBank/C3D8R,-300.0,-5.0,-45.0,-4.7609872e-05,-1.2570203e-05,-7.5828575e-05,-4.10431e-05,-3.91065e-06,-4.67664e-05,3.102773546990527e-05,34.31741983499699,31.044700203669073
PART-RIVERBANK-1,299,RiverBank/C3D8R,-300.0,5.0,-45.0,-4.7609872e-05,1.2570203e-05,-7.5828575e-05,-4.10431e-05,3.91065e-06,-4.67664e-05,3.102773546990527e-05,34.31741983499699,31.044700203669073
PART-RIVERBANK-2,585,RiverBank/C3D8R,285.0,-5.0,-45.0,3.0533756e-06,-2.2386965e-05,-7.1624716e-05,-1.78455e-06,-1.72686e-05,-4.24586e-05,3.0004424788851002e-05,39.950542660746606,38.92368538511639
PART-RIVERBANK-2,587,RiverBank/C3D8R,285.0,5.0,-45.0,3.0533756e-06,2.2386965e-05,-7.1624716e-05,-1.78455e-06,1.72686e-05,-4.24586e-05,3.0004424788851002e-05,39.950542660746606,38.92368538511639
PART-RIVERBANK-1,549,RiverBank/C3D8R,-285.0,-5.0,-45.0,-3.0533756e-06,-2.2386965e-05,-7.1624716e-05,1.78455e-06,-1.72686e-05,-4.24586e-05,3.0004424788851002e-05,39.950542660746606,38.92368538511639
PART-RIVERBANK-1,551,RiverBank/C3D8R,-285.0,5.0,-45.0,-3.0533756e-06,2.2386965e-05,-7.1624716e-05,1.78455e-06,1.72686e-05,-4.24586e-05,3.0004424788851002e-05,39.950542660746606,38.92368538511639
PART-RIVERBANK-2,576,RiverBank/C3D8R,280.0,-5.0,-45.0,1.1028424e-05,-1.3705676e-05,-7.643559e-05,3.91586e-06,-5.29935e-06,-4.8582e-05,2.9951249712832885e-05,38.186630076666205,37.49280726012141
PART-RIVERBANK-2,578,RiverBank/C3D8R,280.0,5.0,-45.0,1.1028424e-05,1.3705676e-05,-7.643559e-05,3.91586e-06,5.29935e-06,-4.8582e-05,2.9951249712832885e-05,38.186630076666205,37.49280726012141
PART-RIVERBANK-1,558,RiverBank/C3D8R,-280.0,-5.0,-45.0,-1.1028424e-05,-1.3705676e-05,-7.643559e-05,-3.91586e-06,-5.29935e-06,-4.8582e-05,2.9951249712832885e-05,38.186630076666205,37.49280726012141
PART-RIVERBANK-1,560,RiverBank/C3D8R,-280.0,5.0,-45.0,-1.1028424e-05,1.3705676e-05,-7.643559e-05,-3.91586e-06,5.29935e-06,-4.8582e-05,2.9951249712832885e-05,38.186630076666205,37.49280726012141
PART-RIVERBANK-2,586,RiverBank/C3D8R,285.0,0.0,-45.0,1.2298156e-05,3.0366563e-19,-7.2131406e-05,9.28483e-06,3.49338e-18,-4.45647e-05,2.773091079053683e-05,37.8981030763754,37.78840622700219
PART-RIVERBANK-1,550,RiverBank/C3D8R,-285.0,0.0,-45.0,-1.2298156e-05,-3.294804e-20,-7.2131406e-05,-9.28483e-06,-6.78685e-19,-4.45647e-05,2.773091079053683e-05,37.8981030763754,37.78840622700219
PART-RIVERBANK-2,594,RiverBank/C3D8R,290.0,-5.0,-45.0,1.7778493e-05,-1.5932312e-05,-6.845435e-05,1.6692e-05,-6.28949e-06,-4.42888e-05,2.6041088494247568e-05,35.91989967902221,34.141358293600085
PART-RIVERBANK-2,596,RiverBank/C3D8R,290.0,5.0,-45.0,1.7778493e-05,1.5932312e-05,-6.845435e-05,1.6692e-05,6.28949e-06,-4.42888e-05,2.6041088494247568e-05,35.91989967902221,34.141358293600085
PART-RIVERBANK-1,540,RiverBank/C3D8R,-290.0,-5.0,-45.0,-1.7778493e-05,-1.5932312e-05,-6.845435e-05,-1.6692e-05,-6.28949e-06,-4.42888e-05,2.6041088494247568e-05,35.91989967902221,34.141358293600085
PART-RIVERBANK-1,542,RiverBank/C3D8R,-290.0,5.0,-45.0,-1.7778493e-05,1.5932312e-05,-6.845435e-05,-1.6692e-05,6.28949e-06,-4.42888e-05,2.6041088494247568e-05,35.91989967902221,34.141358293600085
PART-RIVERBANK-2,604,RiverBank/C3D8R,295.0,0.0,-45.0,2.5151774e-05,6.5566626e-19,-5.998427e-05,2.45636e-05,7.74781e-18,-3.70249e-05,2.296690269607933e-05,35.30978423034516,31.689146735781193
PART-RIVERBANK-1,532,RiverBank/C3D8R,-295.0,0.0,-45.0,-2.5151774e-05,-2.4088533e-19,-5.998427e-05,-2.45636e-05,4.66503e-18,-3.70249e-05,2.296690269607933e-05,35.30978423034516,31.689146735781193
PART-PIER-2,270,Pier/C3D8R,-13.33333,-15.0,-50.0,-2.148152e-29,-1.04808045e-30,-1.2262604e-28,0.0,0.0,0.0,1.244977905836954e-28,,
PART-PIER-2,508,Pier/C3D8R,13.33333,-15.0,-50.0,2.148152e-29,-1.04808045e-30,-1.2262604e-28,0.0,0.0,0.0,1.244977905836954e-28,,
PART-PIER-1,270,Pier/C3D8R,-13.33333,15.0,-50.0,-2.148152e-29,1.04808045e-30,-1.2262604e-28,0.0,0.0,0.0,1.244977905836954e-28,,
PART-PIER-1,508,Pier/C3D8R,13.33333,15.0,-50.0,2.148152e-29,1.04808045e-30,-1.2262604e-28,0.0,0.0,0.0,1.244977905836954e-28,,
PART-PIER-2,13,Pier/C3D8R,0.0,-15.0,-50.0,2.69e-43,7.559669e-31,-1.2065998e-28,0.0,0.0,0.0,1.2066234814371174e-28,,
PART-PIER-1,13,Pier/C3D8R,0.0,15.0,-50.0,3.78e-43,-7.559669e-31,-1.2065998e-28,0.0,0.0,0.0,1.2066234814371174e-28,,
PART-PIER-2,269,Pier/C3D8R,-6.66667,-15.0,-50.0,-8.248632e-30,7.5496553e-31,-1.1578856e-28,0.0,0.0,0.0,1.1608445429813809e-28,,
PART-PIER-2,507,Pier/C3D8R,6.66667,-15.0,-50.0,8.248632e-30,7.5496553e-31,-1.1578856e-28,0.0,0.0,0.0,1.1608445429813809e-28,,
PART-PIER-1,269,Pier/C3D8R,-6.66667,15.0,-50.0,-8.248632e-30,-7.5496553e-31,-1.1578856e-28,0.0,0.0,0.0,1.1608445429813809e-28,,
PART-PIER-1,507,Pier/C3D8R,6.66667,15.0,-50.0,8.248632e-30,-7.5496553e-31,-1.1578856e-28,0.0,0.0,0.0,1.1608445429813809e-28,,
PART-PIER-2,1,Pier/C3D8R,0.0,-10.0,-50.0,7.57e-43,8.938806e-30,-7.4390206e-29,0.0,0.0,0.0,7.492532950496829e-29,,
PART-PIER-1,2,Pier/C3D8R,0.0,10.0,-50.0,-2.02e-43,-8.938806e-30,-7.4390206e-29,0.0,0.0,0.0,7.492532950496829e-29,,
PART-PIER-2,17,Pier/C3D8R,-13.33333,-10.0,-50.0,-1.2111955e-29,7.939104e-30,-7.248601e-29,0.0,0.0,0.0,7.391853943338532e-29,,
PART-PIER-2,182,Pier/C3D8R,13.33333,-10.0,-50.0,1.2111955e-29,7.939104e-30,-7.248601e-29,0.0,0.0,0.0,7.391853943338532e-29,,
PART-PIER-1,15,Pier/C3D8R,-13.33333,10.0,-50.0,-1.2111955e-29,-7.939104e-30,-7.248601e-29,0.0,0.0,0.0,7.391853943338532e-29,,
PART-PIER-1,184,Pier/C3D8R,13.33333,10.0,-50.0,1.2111955e-29,-7.939104e-30,-7.248601e-29,0.0,0.0,0.0,7.391853943338532e-29,,
PART-PIER-2,16,Pier/C3D8R,-20.0,-15.0,-50.0,-1.7530672e-29,-1.4593326e-30,-6.981381e-29,0.0,0.0,0.0,7.199598724321451e-29,,
PART-PIER-2,183,Pier/C3D8R,20.0,-15.0,-50.0,1.7530672e-29,-1.4593326e-30,-6.981381e-29,0.0,0.0,0.0,7.199598724321451e-29,,
PART-PIER-1,16,Pier/C3D8R,-20.0,15.0,-50.0,-1.7530672e-29,1.4593326e-30,-6.981381e-29,0.0,0.0,0.0,7.199598724321451e-29,,
PART-PIER-1,183,Pier/C3D8R,20.0,15.0,-50.0,1.7530672e-29,1.4593326e-30,-6.981381e-29,0.0,0.0,0.0,7.199598724321451e-29,,
PART-PIER-2,18,Pier/C3D8R,-6.66667,-10.0,-50.0,-4.660444e-30,8.702126e-30,-7.1004036e-29,0.0,0.0,0.0,7.168695741546232e-29,,
PART-PIER-2,181,Pier/C3D8R,6.66667,-10.0,-50.0,4.660444e-30,8.702126e-30,-7.1004036e-29,0.0,0.0,0.0,7.168695741546232e-29,,
PART-PIER-1,14,Pier/C3D8R,-6.66667,10.0,-50.0,-4.660444e-30,-8.702126e-30,-7.1004036e-29,0.0,0.0,0.0,7.168695741546232e-29,,
PART-PIER-1,185,Pier/C3D8R,6.66667,10.0,-50.0,4.660444e-30,-8.702126e-30,-7.1004036e-29,0.0,0.0,0.0,7.168695741546232e-29,,
PART-PIER-2,15,Pier/C3D8R,-13.33333,-20.0,-50.0,-9.3620666e-30,-8.197619e-30,-5.4696254e-29,0.0,0.0,0.0,5.609393416337023e-29,,
PART-PIER-2,184,Pier/C3D8R,13.33333,-20.0,-50.0,9.3620666e-30,-8.197619e-30,-5.4696254e-29,0.0,0.0,0.0,5.609393416337023e-29,,
PART-PIER-1,17,Pier/C3D8R,-13.33333,20.0,-50.0,-9.3620666e-30,8.197619e-30,-5.4696254e-29,0.0,0.0,0.0,5.609393416337023e-29,,
PART-PIER-1,182,Pier/C3D8R,13.33333,20.0,-50.0,9.3620666e-30,8.197619e-30,-5.4696254e-29,0.0,0.0,0.0,5.609393416337023e-29,,
PART-PIER-2,2,Pier/C3D8R,0.0,-20.0,-50.0,-4.65e-43,-7.013041e-30,-5.0790275e-29,0.0,0.0,0.0,5.127216377961152e-29,,
PART-PIER-1,1,Pier/C3D8R,0.0,20.0,-50.0,6.11e-43,7.013041e-30,-5.0790275e-29,0.0,0.0,0.0,5.127216377961152e-29,,
PART-PIER-2,14,Pier/C3D8R,-6.66667,-20.0,-50.0,-3.5898977e-30,-6.906068e-30,-4.930727e-29,0.0,0.0,0.0,4.9917812608025895e-29,,
PART-PIER-2,185,Pier/C3D8R,6.66667,-20.0,-50.0,3.5898977e-30,-6.906068e-30,-4.930727e-29,0.0,0.0,0.0,4.9917812608025895e-29,,
PART-PIER-1,18,Pier/C3D8R,-6.66667,20.0,-50.0,-3.5898977e-30,6.906068e-30,-4.930727e-29,0.0,0.0,0.0,4.9917812608025895e-29,,
PART-PIER-1,181,Pier/C3D8R,6.66667,20.0,-50.0,3.5898977e-30,6.906068e-30,-4.930727e-29,0.0,0.0,0.0,4.9917812608025895e-29,,
PART-RIVERBANK-2,364,RiverBank/C3D8R,255.0,0.0,-50.0,4.3874715e-30,-9.1e-44,-4.5231927e-29,0.0,0.0,0.0,4.5444219943757874e-29,,
PART-RIVERBANK-1,388,RiverBank/C3D8R,-255.0,0.0,-50.0,-4.3874715e-30,3.2e-44,-4.5231927e-29,0.0,0.0,0.0,4.5444219943757874e-29,,
PART-RIVERBANK-2,363,RiverBank/C3D8R,255.0,-5.0,-50.0,-1.2226159e-29,-1.4233985e-30,-4.234705e-29,0.0,0.0,0.0,4.4099633455229345e-29,,
PART-RIVERBANK-2,365,RiverBank/C3D8R,255.0,5.0,-50.0,-1.2226159e-29,1.4233985e-30,-4.234705e-29,0.0,0.0,0.0,4.4099633455229345e-29,,
PART-RIVERBANK-1,387,RiverBank/C3D8R,-255.0,-5.0,-50.0,1.2226159e-29,-1.4233985e-30,-4.234705e-29,0.0,0.0,0.0,4.4099633455229345e-29,,
PART-RIVERBANK-1,389,RiverBank/C3D8R,-255.0,5.0,-50.0,1.2226159e-29,1.4233985e-30,-4.234705e-29,0.0,0.0,0.0,4.4099633455229345e-29,,
PART-RIVERBANK-2,366,RiverBank/C3D8R,260.0,-5.0,-50.0,-2.7571573e-31,-5.5358426e-30,-4.2300653e-29,0.0,0.0,0.0,4.2662241111809317e-29,,
PART-RIVERBANK-2,368,RiverBank/C3D8R,260.0,5.0,-50.0,-2.7571573e-31,5.5358426e-30,-4.2300653e-29,0.0,0.0,0.0,4.2662241111809317e-29,,
PART-RIVERBANK-1,384,RiverBank/C3D8R,-260.0,-5.0,-50.0,2.7571573e-31,-5.5358426e-30,-4.2300653e-29,0.0,0.0,0.0,4.2662241111809317e-29,,
PART-RIVERBANK-1,386,RiverBank/C3D8R,-260.0,5.0,-50.0,2.7571573e-31,5.5358426e-30,-4.2300653e-29,0.0,0.0,0.0,4.2662241111809317e-29,,
PART-PIER-2,4,Pier/C3D8R,-20.0,-10.0,-50.0,-9.797466e-30,3.6718193e-30,-4.0071657e-29,0.0,0.0,0.0,4.141509738873805e-29,,
PART-PIER-2,9,Pier/C3D8R,20.0,-10.0,-50.0,9.797466e-30,3.6718193e-30,-4.0071657e-29,0.0,0.0,0.0,4.141509738873805e-29,,
PART-PIER-1,3,Pier/C3D8R,-20.0,10.0,-50.0,-9.797466e-30,-3.6718193e-30,-4.0071657e-29,0.0,0.0,0.0,4.141509738873805e-29,,
PART-PIER-1,10,Pier/C3D8R,20.0,10.0,-50.0,9.797466e-30,-3.6718193e-30,-4.0071657e-29,0.0,0.0,0.0,4.141509738873805e-29,,
PART-RIVERBANK-2,369,RiverBank/C3D8R,265.0,-5.0,-50.0,-1.56670075e-30,-5.5253546e-30,-3.859725e-29,0.0,0.0,0.0,3.9022196276712714e-29,,
PART-RIVERBANK-2,371,RiverBank/C3D8R,265.0,5.0,-50.0,-1.56670075e-30,5.5253546e-30,-3.859725e-29,0.0,0.0,0.0,3.9022196276712714e-29,,
PART-RIVERBANK-1,381,RiverBank/C3D8R,-265.0,-5.0,-50.0,1.56670075e-30,-5.5253546e-30,-3.859725e-29,0.0,0.0,0.0,3.9022196276712714e-29,,
PART-RIVERBANK-1,383,RiverBank/C3D8R,-265.0,5.0,-50.0,1.56670075e-30,5.5253546e-30,-3.859725e-29,0.0,0.0,0.0,3.9022196276712714e-29,,
PART-RIVERBANK-2,370,RiverBank/C3D8R,265.0,0.0,-50.0,3.3493994e-30,9.1e-44,-3.8210276e-29,0.0,0.0,0.0,3.8356794291714424e-29,,
PART-RIVERBANK-1,382,RiverBank/C3D8R,-265.0,0.0,-50.0,-3.3493994e-30,7e-45,-3.8210276e-29,0.0,0.0,0.0,3.8356794291714424e-29,,
PART-RIVERBANK-2,372,RiverBank/C3D8R,270.0,-5.0,-50.0,6.3811292e-31,-4.748703e-30,-3.7553434e-29,0.0,0.0,0.0,3.785786276948602e-29,,
PART-RIVERBANK-2,374,RiverBank/C3D8R,270.0,5.0,-50.0,6.3811292e-31,4.748703e-30,-3.7553434e-29,0.0,0.0,0.0,3.785786276948602e-29,,
PART-RIVERBANK-1,378,RiverBank/C3D8R,-270.0,-5.0,-50.0,-6.3811292e-31,-4.748703e-30,-3.7553434e-29,0.0,0.0,0.0,3.785786276948602e-29,,
PART-RIVERBANK-1,380,RiverBank/C3D8R,-270.0,5.0,-50.0,-6.3811292e-31,4.748703e-30,-3.7553434e-29,0.0,0.0,0.0,3.785786276948602e-29,,
PART-RIVERBANK-2,367,RiverBank/C3D8R,260.0,0.0,-50.0,-8.496463e-30,-7.8e-44,-3.5583027e-29,0.0,0.0,0.0,3.6583352689346256e-29,,
PART-RIVERBANK-1,385,RiverBank/C3D8R,-260.0,0.0,-50.0,8.496463e-30,2.4e-44,-3.5583027e-29,0.0,0.0,0.0,3.6583352689346256e-29,,
PART-RIVERBANK-2,375,RiverBank/C3D8R,275.0,-5.0,-50.0,9.183085e-31,-4.7213834e-30,-3.4033496e-29,0.0,0.0,0.0,3.437169768418464e-29,,
PART-RIVERBANK-2,377,RiverBank/C3D8R,275.0,5.0,-50.0,9.183085e-31,4.7213834e-30,-3.4033496e-29,0.0,0.0,0.0,3.437169768418464e-29,,
PART-RIVERBANK-1,375,RiverBank/C3D8R,-275.0,-5.0,-50.0,-9.183085e-31,-4.7213834e-30,-3.4033496e-29,0.0,0.0,0.0,3.437169768418464e-29,,
PART-RIVERBANK-1,377,RiverBank/C3D8R,-275.0,5.0,-50.0,-9.183085e-31,4.7213834e-30,-3.4033496e-29,0.0,0.0,0.0,3.437169768418464e-29,,
PART-PIER-2,3,Pier/C3D8R,-20.0,-20.0,-50.0,-7.734494e-30,-4.7977804e-30,-3.1795214e-29,0.0,0.0,0.0,3.3072295467784757e-29,,
PART-PIER-2,10,Pier/C3D8R,20.0,-20.0,-50.0,7.734494e-30,-4.7977804e-30,-3.1795214e-29,0.0,0.0,0.0,3.3072295467784757e-29,,
PART-PIER-1,4,Pier/C3D8R,-20.0,20.0,-50.0,-7.734494e-30,4.7977804e-30,-3.1795214e-29,0.0,0.0,0.0,3.3072295467784757e-29,,
PART-PIER-1,9,Pier/C3D8R,20.0,20.0,-50.0,7.734494e-30,4.7977804e-30,-3.1795214e-29,0.0,0.0,0.0,3.3072295467784757e-29,,
PART-RIVERBANK-2,376,RiverBank/C3D8R,275.0,0.0,-50.0,2.6329855e-30,9.7e-44,-3.2947482e-29,0.0,0.0,0.0,3.3052521579805895e-29,,
PART-RIVERBANK-1,376,RiverBank/C3D8R,-275.0,0.0,-50.0,-2.6329855e-30,1e-45,-3.2947482e-29,0.0,0.0,0.0,3.3052521579805895e-29,,
PART-RIVERBANK-2,378,RiverBank/C3D8R,280.0,-5.0,-50.0,1.4356629e-30,-4.2129684e-30,-3.2141848e-29,0.0,0.0,0.0,3.244855348943831e-29,,
PART-RIVERBANK-2,380,RiverBank/C3D8R,280.0,5.0,-50.0,1.4356629e-30,4.2129684e-30,-3.2141848e-29,0.0,0.0,0.0,3.244855348943831e-29,,
PART-RIVERBANK-1,372,RiverBank/C3D8R,-280.0,-5.0,-50.0,-1.4356629e-30,-4.2129684e-30,-3.2141848e-29,0.0,0.0,0.0,3.244855348943831e-29,,
PART-RIVERBANK-1,374,RiverBank/C3D8R,-280.0,5.0,-50.0,-1.4356629e-30,4.2129684e-30,-3.2141848e-29,0.0,0.0,0.0,3.244855348943831e-29,,
PART-RIVERBANK-2,373,RiverBank/C3D8R,270.0,0.0,-50.0,-2.4956732e-30,2.8e-44,-3.188262e-29,0.0,0.0,0.0,3.1980147635456567e-29,,
PART-RIVERBANK-1,379,RiverBank/C3D8R,-270.0,0.0,-50.0,2.4956732e-30,1e-45,-3.188262e-29,0.0,0.0,0.0,3.1980147635456567e-29,,
PART-RIVERBANK-2,381,RiverBank/C3D8R,285.0,-5.0,-50.0,1.8473197e-30,-3.9773726e-30,-2.976734e-29,0.0,0.0,0.0,3.0088645924149507e-29,,
PART-RIVERBANK-2,383,RiverBank/C3D8R,285.0,5.0,-50.0,1.8473197e-30,3.9773726e-30,-2.976734e-29,0.0,0.0,0.0,3.0088645924149507e-29,,
PART-RIVERBANK-1,369,RiverBank/C3D8R,-285.0,-5.0,-50.0,-1.8473197e-30,-3.9773726e-30,-2.976734e-29,0.0,0.0,0.0,3.0088645924149507e-29,,
PART-RIVERBANK-1,371,RiverBank/C3D8R,-285.0,5.0,-50.0,-1.8473197e-30,3.9773726e-30,-2.976734e-29,0.0,0.0,0.0,3.0088645924149507e-29,,
PART-RIVERBANK-2,382,RiverBank/C3D8R,285.0,0.0,-50.0,2.4069238e-30,8e-44,-2.8443187e-29,0.0,0.0,0.0,2.8544844874267145e-29,,
PART-RIVERBANK-1,370,RiverBank/C3D8R,-285.0,0.0,-50.0,-2.4069238e-30,-1.1e-44,-2.8443187e-29,0.0,0.0,0.0,2.8544844874267145e-29,,
PART-RIVERBANK-2,99,RiverBank/C3D8R,255.0,-10.0,-50.0,-4.052223e-30,-1.2283068e-29,-2.5272507e-29,0.0,0.0,0.0,2.839003136312819e-29,,
PART-RIVERBANK-2,116,RiverBank/C3D8R,255.0,10.0,-50.0,-4.052223e-30,1.2283068e-29,-2.5272507e-29,0.0,0.0,0.0,2.839003136312819e-29,,
PART-RIVERBANK-1,107,RiverBank/C3D8R,-255.0,-10.0,-50.0,4.052223e-30,-1.2283068e-29,-2.5272507e-29,0.0,0.0,0.0,2.839003136312819e-29,,
PART-RIVERBANK-1,108,RiverBank/C3D8R,-255.0,10.0,-50.0,4.052223e-30,1.2283068e-29,-2.5272507e-29,0.0,0.0,0.0,2.839003136312819e-29,,
PART-RIVERBANK-2,84,RiverBank/C3D8R,250.0,5.0,-50.0,-1.2684676e-29,-9.882145e-32,-2.5263558e-29,0.0,0.0,0.0,2.8269385096307275e-29,,
PART-RIVERBANK-2,86,RiverBank/C3D8R,250.0,-5.0,-50.0,-1.2684676e-29,9.882145e-32,-2.5263558e-29,0.0,0.0,0.0,2.8269385096307275e-29,,
PART-RIVERBANK-1,93,RiverBank/C3D8R,-250.0,-5.0,-50.0,1.2684676e-29,9.882145e-32,-2.5263558e-29,0.0,0.0,0.0,2.8269385096307275e-29,,
PART-RIVERBANK-1,95,RiverBank/C3D8R,-250.0,5.0,-50.0,1.2684676e-29,-9.882145e-32,-2.5263558e-29,0.0,0.0,0.0,2.8269385096307275e-29,,
PART-RIVERBANK-2,85,RiverBank/C3D8R,250.0,0.0,-50.0,-1.9598767e-30,-2.8e-44,-2.7910833e-29,0.0,0.0,0.0,2.797955888560597e-29,,
PART-RIVERBANK-1,94,RiverBank/C3D8R,-250.0,0.0,-50.0,1.9598767e-30,1.3e-44,-2.7910833e-29,0.0,0.0,0.0,2.797955888560597e-29,,
PART-RIVERBANK-2,379,RiverBank/C3D8R,280.0,0.0,-50.0,1.0991214e-31,4.6e-44,-2.7894023e-29,0.0,0.0,0.0,2.7894239545165027e-29,,
PART-RIVERBANK-1,373,RiverBank/C3D8R,-280.0,0.0,-50.0,-1.0991214e-31,-6e-45,-2.7894023e-29,0.0,0.0,0.0,2.7894239545165027e-29,,
PART-RIVERBANK-2,384,RiverBank/C3D8R,290.0,-5.0,-50.0,3.359528e-30,-3.491022e-30,-2.6996675e-29,0.0,0.0,0.0,2.742798067745588e-29,,
PART-RIVERBANK-2,386,RiverBank/C3D8R,290.0,5.0,-50.0,3.359528e-30,3.491022e-30,-2.6996675e-29,0.0,0.0,0.0,2.742798067745588e-29,,
PART-RIVERBANK-1,366,RiverBank/C3D8R,-290.0,-5.0,-50.0,-3.359528e-30,-3.491022e-30,-2.6996675e-29,0.0,0.0,0.0,2.742798067745588e-29,,
PART-RIVERBANK-1,368,RiverBank/C3D8R,-290.0,5.0,-50.0,-3.359528e-30,3.491022e-30,-2.6996675e-29,0.0,0.0,0.0,2.742798067745588e-29,,
PART-RIVERBANK-2,387,RiverBank/C3D8R,295.0,-5.0,-50.0,4.169697e-30,-3.1135772e-30,-2.60909e-29,0.0,0.0,0.0,2.6604807814794844e-29,,
PART-RIVERBANK-2,389,RiverBank/C3D8R,295.0,5.0,-50.0,4.169697e-30,3.1135772e-30,-2.60909e-29,0.0,0.0,0.0,2.6604807814794844e-29,,
PART-RIVERBANK-1,363,RiverBank/C3D8R,-295.0,-5.0,-50.0,-4.169697e-30,-3.1135772e-30,-2.60909e-29,0.0,0.0,0.0,2.6604807814794844e-29,,
PART-RIVERBANK-1,365,RiverBank/C3D8R,-295.0,5.0,-50.0,-4.169697e-30,3.1135772e-30,-2.60909e-29,0.0,0.0,0.0,2.6604807814794844e-29,,
PART-RIVERBANK-2,388,RiverBank/C3D8R,295.0,0.0,-50.0,4.6248778e-30,1.15e-43,-2.485057e-29,0.0,0.0,0.0,2.527726891873077e-29,,
PART-RIVERBANK-1,364,RiverBank/C3D8R,-295.0,0.0,-50.0,-4.6248778e-30,-3.5e-44,-2.485057e-29,0.0,0.0,0.0,2.527726891873077e-29,,
PART-RIVERBANK-2,100,RiverBank/C3D8R,260.0,-10.0,-50.0,2.2869993e-30,-3.6536403e-30,-2.4769567e-29,0.0,0.0,0.0,2.514181581762689e-29,,
PART-RIVERBANK-2,115,RiverBank/C3D8R,260.0,10.0,-50.0,2.2869993e-30,3.6536403e-30,-2.4769567e-29,0.0,0.0,0.0,2.514181581762689e-29,,
PART-RIVERBANK-1,106,RiverBank/C3D8R,-260.0,-10.0,-50.0,-2.2869993e-30,-3.6536403e-30,-2.4769567e-29,0.0,0.0,0.0,2.514181581762689e-29,,
PART-RIVERBANK-1,109,RiverBank/C3D8R,-260.0,10.0,-50.0,-2.2869993e-30,3.6536403e-30,-2.4769567e-29,0.0,0.0,0.0,2.514181581762689e-29,,
PART-RIVERBANK-2,385,RiverBank/C3D8R,290.0,0.0,-50.0,2.6722662e-30,6.4e-44,-2.394254e-29,0.0,0.0,0.0,2.4091206451634223e-29,,
PART-RIVERBANK-1,367,RiverBank/C3D8R,-290.0,0.0,-50.0,-2.6722662e-30,-1.5e-44,-2.394254e-29,0.0,0.0,0.0,2.4091206451634223e-29,,
PART-RIVERBANK-2,102,RiverBank/C3D8R,270.0,-10.0,-50.0,2.0438552e-30,-4.5854703e-30,-2.2455643e-29,0.0,0.0,0.0,2.3009993144158e-29,,
PART-RIVERBANK-2,113,RiverBank/C3D8R,270.0,10.0,-50.0,2.0438552e-30,4.5854703e-30,-2.2455643e-29,0.0,0.0,0.0,2.3009993144158e-29,,
PART-RIVERBANK-1,104,RiverBank/C3D8R,-270.0,-10.0,-50.0,-2.0438552e-30,-4.5854703e-30,-2.2455643e-29,0.0,0.0,0.0,2.3009993144158e-29,,
PART-RIVERBANK-1,111,RiverBank/C3D8R,-270.0,10.0,-50.0,-2.0438552e-30,4.5854703e-30,-2.2455643e-29,0.0,0.0,0.0,2.3009993144158e-29,,
PART-RIVERBANK-2,101,RiverBank/C3D8R,265.0,-10.0,-50.0,-3.1516935e-30,-4.5156e-30,-2.0017096e-29,0.0,0.0,0.0,2.076073090117875e-29,,
PART-RIVERBANK-2,114,RiverBank/C3D8R,265.0,10.0,-50.0,-3.1516935e-30,4.5156e-30,-2.0017096e-29,0.0,0.0,0.0,2.076073090117875e-29,,
PART-RIVERBANK-1,105,RiverBank/C3D8R,-265.0,-10.0,-50.0,3.1516935e-30,-4.5156e-30,-2.0017096e-29,0.0,0.0,0.0,2.076073090117875e-29,,
PART-RIVERBANK-1,110,RiverBank/C3D8R,-265.0,10.0,-50.0,3.1516935e-30,4.5156e-30,-2.0017096e-29,0.0,0.0,0.0,2.076073090117875e-29,,
PART-RIVERBANK-2,104,RiverBank/C3D8R,280.0,-10.0,-50.0,1.4209361e-30,-3.8848644e-30,-1.8749695e-29,0.0,0.0,0.0,1.9200580548506744e-29,,
PART-RIVERBANK-2,111,RiverBank/C3D8R,280.0,10.0,-50.0,1.4209361e-30,3.8848644e-30,-1.8749695e-29,0.0,0.0,0.0,1.9200580548506744e-29,,
PART-RIVERBANK-1,102,RiverBank/C3D8R,-280.0,-10.0,-50.0,-1.4209361e-30,-3.8848644e-30,-1.8749695e-29,0.0,0.0,0.0,1.9200580548506744e-29,,
PART-RIVERBANK-1,113,RiverBank/C3D8R,-280.0,10.0,-50.0,-1.4209361e-30,3.8848644e-30,-1.8749695e-29,0.0,0.0,0.0,1.9200580548506744e-29,,
PART-RIVERBANK-2,103,RiverBank/C3D8R,275.0,-10.0,-50.0,-5.07631e-31,-3.7770037e-30,-1.8068112e-29,0.0,0.0,0.0,1.846564695391198e-29,,
PART-RIVERBANK-2,112,RiverBank/C3D8R,275.0,10.0,-50.0,-5.07631e-31,3.7770037e-30,-1.8068112e-29,0.0,0.0,0.0,1.846564695391198e-29,,
PART-RIVERBANK-1,103,RiverBank/C3D8R,-275.0,-10.0,-50.0,5.07631e-31,-3.7770037e-30,-1.8068112e-29,0.0,0.0,0.0,1.846564695391198e-29,,
PART-RIVERBANK-1,112,RiverBank/C3D8R,-275.0,10.0,-50.0,5.07631e-31,3.7770037e-30,-1.8068112e-29,0.0,0.0,0.0,1.846564695391198e-29,,
PART-RIVERBANK-2,9,RiverBank/C3D8R,250.0,10.0,-50.0,2.902703e-31,3.2498458e-30,-1.64508e-29,0.0,0.0,0.0,1.6771242506470404e-29,,
PART-RIVERBANK-2,10,RiverBank/C3D8R,250.0,-10.0,-50.0,2.902703e-31,-3.2498458e-30,-1.64508e-29,0.0,0.0,0.0,1.6771242506470404e-29,,
PART-RIVERBANK-1,11,RiverBank/C3D8R,-250.0,10.0,-50.0,-2.902703e-31,3.2498458e-30,-1.64508e-29,0.0,0.0,0.0,1.6771242506470404e-29,,
PART-RIVERBANK-1,12,RiverBank/C3D8R,-250.0,-10.0,-50.0,-2.902703e-31,-3.2498458e-30,-1.64508e-29,0.0,0.0,0.0,1.6771242506470404e-29,,
PART-RIVERBANK-2,105,RiverBank/C3D8R,285.0,-10.0,-50.0,6.617527e-31,-3.3517173e-30,-1.6047643e-29,0.0,0.0,0.0,1.6407277999428351e-29,,
PART-RIVERBANK-2,110,RiverBank/C3D8R,285.0,10.0,-50.0,6.617527e-31,3.3517173e-30,-1.6047643e-29,0.0,0.0,0.0,1.6407277999428351e-29,,
PART-RIVERBANK-1,101,RiverBank/C3D8R,-285.0,-10.0,-50.0,-6.617527e-31,-3.3517173e-30,-1.6047643e-29,0.0,0.0,0.0,1.6407277999428351e-29,,
PART-RIVERBANK-1,114,RiverBank/C3D8R,-285.0,10.0,-50.0,-6.617527e-31,3.3517173e-30,-1.6047643e-29,0.0,0.0,0.0,1.6407277999428351e-29,,
PART-RIVERBANK-2,106,RiverBank/C3D8R,290.0,-10.0,-50.0,1.9852371e-30,-3.126233e-30,-1.540173e-29,0.0,0.0,0.0,1.5840700303534734e-29,,
PART-RIVERBANK-2,109,RiverBank/C3D8R,290.0,10.0,-50.0,1.9852371e-30,3.126233e-30,-1.540173e-29,0.0,0.0,0.0,1.5840700303534734e-29,,
PART-RIVERBANK-1,100,RiverBank/C3D8R,-290.0,-10.0,-50.0,-1.9852371e-30,-3.126233e-30,-1.540173e-29,0.0,0.0,0.0,1.5840700303534734e-29,,
PART-RIVERBANK-1,115,RiverBank/C3D8R,-290.0,10.0,-50.0,-1.9852371e-30,3.126233e-30,-1.540173e-29,0.0,0.0,0.0,1.5840700303534734e-29,,
PART-RIVERBANK-2,93,RiverBank/C3D8R,300.0,-5.0,-50.0,4.16546e-30,-1.5109892e-30,-1.4756687e-29,0.0,0.0,0.0,1.5407594120760242e-29,,
PART-RIVERBANK-2,95,RiverBank/C3D8R,300.0,5.0,-50.0,4.16546e-30,1.5109892e-30,-1.4756687e-29,0.0,0.0,0.0,1.5407594120760242e-29,,
PART-RIVERBANK-1,84,RiverBank/C3D8R,-300.0,5.0,-50.0,-4.16546e-30,1.5109892e-30,-1.4756687e-29,0.0,0.0,0.0,1.5407594120760242e-29,,
PART-RIVERBANK-1,86,RiverBank/C3D8R,-300.0,-5.0,-50.0,-4.16546e-30,-1.5109892e-30,-1.4756687e-29,0.0,0.0,0.0,1.5407594120760242e-29,,
PART-RIVERBANK-2,107,RiverBank/C3D8R,295.0,-10.0,-50.0,1.9148152e-30,-2.7701113e-30,-1.4062323e-29,0.0,0.0,0.0,1.44599087832831e-29,,
PART-RIVERBANK-2,108,RiverBank/C3D8R,295.0,10.0,-50.0,1.9148152e-30,2.7701113e-30,-1.4062323e-29,0.0,0.0,0.0,1.44599087832831e-29,,
PART-RIVERBANK-1,99,RiverBank/C3D8R,-295.0,-10.0,-50.0,-1.9148152e-30,-2.7701113e-30,-1.4062323e-29,0.0,0.0,0.0,1.44599087832831e-29,,
PART-RIVERBANK-1,116,RiverBank/C3D8R,-295.0,10.0,-50.0,-1.9148152e-30,2.7701113e-30,-1.4062323e-29,0.0,0.0,0.0,1.44599087832831e-29,,
PART-RIVERBANK-2,94,RiverBank/C3D8R,300.0,0.0,-50.0,3.4331563e-30,6.4e-44,-1.3543463e-29,0.0,0.0,0.0,1.3971827089274998e-29,,
PART-RIVERBANK-1,85,RiverBank/C3D8R,-300.0,0.0,-50.0,-3.4331563e-30,-2e-44,-1.3543463e-29,0.0,0.0,0.0,1.3971827089274998e-29,,
PART-RIVERBANK-2,11,RiverBank/C3D8R,300.0,10.0,-50.0,2.4027968e-30,1.4842934e-30,-8.064127e-30,0.0,0.0,0.0,8.544396036672387e-30,,
PART-RIVERBANK-2,12,RiverBank/C3D8R,300.0,-10.0,-50.0,2.4027968e-30,-1.4842934e-30,-8.064127e-30,0.0,0.0,0.0,8.544396036672387e-30,,
PART-RIVERBANK-1,9,RiverBank/C3D8R,-300.0,10.0,-50.0,-2.4027968e-30,1.4842934e-30,-8.064127e-30,0.0,0.0,0.0,8.544396036672387e-30,,
PART-RIVERBANK-1,10,RiverBank/C3D8R,-300.0,-10.0,-50.0,-2.4027968e-30,-1.4842934e-30,-8.064127e-30,0.0,0.0,0.0,8.544396036672387e-30,,
