instance,node,component,x,y,z,aba_U1,aba_U2,aba_U3,stap_U1,stap_U2,stap_U3,abs_vec,rel_vec_percent,rel_mag_percent
PART-SUPPORTBEAM-2,12,SupportBeam/B31,0.0,10.0,-30.0,1.9346434e-15,0.0027437578,-0.2950892,3.27202e-15,-6.71547e-05,-0.00312556,0.29197717087322467,98.94111692312849,98.9406097488048
PART-SUPPORTBEAM-1,12,SupportBeam/B31,0.0,-10.0,-30.0,2.793473e-16,-0.0027437578,-0.2950892,1.95858e-15,6.71547e-05,-0.00312556,0.29197717087322467,98.94111692312849,98.9406097488048
PART-SUPPORTBEAM-2,181,SupportBeam/B31,0.0,10.0,-26.25,2.9544297e-15,0.002447373,-0.29502523,2.77965e-15,-0.000168587,-0.00358448,0.2914524901373878,98.78560641365375,98.78372474107823
PART-SUPPORTBEAM-1,181,SupportBeam/B31,0.0,-10.0,-26.25,5.2185048e-17,-0.002447373,-0.29502523,1.4451e-15,0.000168587,-0.00358448,0.2914524901373878,98.78560641365375,98.78372474107823
PART-SUPPORTBEAM-2,182,SupportBeam/B31,0.0,10.0,-22.5,3.2918726e-15,0.0021516122,-0.29495582,1.78409e-15,-0.00037438,-0.00403796,0.29092882618189286,98.63208868321739,98.62516009459502
PART-SUPPORTBEAM-1,182,SupportBeam/B31,0.0,-10.0,-22.5,-2.555939e-16,-0.0021516122,-0.29495582,4.02963e-16,0.00037438,-0.00403796,0.29092882618189286,98.63208868321739,98.62516009459502
PART-SUPPORTBEAM-2,183,SupportBeam/B31,0.0,10.0,-18.75,3.0926096e-15,0.001856417,-0.29488096,7.91722e-16,-0.000580173,-0.00448599,0.2904051920543588,98.48022653010318,98.46607198162606
PART-SUPPORTBEAM-1,183,SupportBeam/B31,0.0,-10.0,-18.75,-5.7697174e-16,-0.001856417,-0.29488096,-6.36872e-16,0.000580173,-0.00448599,0.2904051920543588,98.48022653010318,98.46607198162606
PART-SUPPORTBEAM-2,169,SupportBeam/B31,3.84615,10.0,-30.0,0.0006438184,0.002743332,-0.29559714,-0.00169735,-6.69436e-05,-0.0053223,0.2902978840009873,98.20280893489883,98.11008046454025
PART-SUPPORTBEAM-2,200,SupportBeam/B31,-3.84615,10.0,-30.0,-0.0006438184,0.002743332,-0.29559714,0.00169735,-6.69436e-05,-0.0053223,0.2902978840009873,98.20280893489883,98.11008046454025
PART-SUPPORTBEAM-1,169,SupportBeam/B31,3.84615,-10.0,-30.0,0.0006438184,-0.002743332,-0.29559714,-0.00169735,6.69436e-05,-0.0053223,0.2902978840009873,98.20280893489883,98.11008046454025
PART-SUPPORTBEAM-1,200,SupportBeam/B31,-3.84615,-10.0,-30.0,-0.0006438184,-0.002743332,-0.29559714,0.00169735,6.69436e-05,-0.0053223,0.2902978840009873,98.20280893489883,98.11008046454025
PART-SUPPORTBEAM-2,184,SupportBeam/B31,0.0,10.0,-15.0,2.5022793e-15,0.0015617297,-0.29480067,3.06323e-16,-0.000681605,-0.00492857,0.28988078050982646,98.32973342268824,98.3122803563991
PART-SUPPORTBEAM-1,184,SupportBeam/B31,0.0,-10.0,-15.0,-8.449305e-16,-0.0015617297,-0.29480067,-1.14435e-15,0.000681605,-0.00492857,0.28988078050982646,98.32973342268824,98.3122803563991
PART-SUPPORTBEAM-2,185,SupportBeam/B31,0.0,10.0,-11.25,1.6665194e-15,0.0012674922,-0.29471493,4.63234e-16,-0.000682764,-0.00603846,0.2886830577482969,97.95241387742585,97.93804779081987
PART-SUPPORTBEAM-1,185,SupportBeam/B31,0.0,-10.0,-11.25,-9.924525e-16,-0.0012674922,-0.29471493,-1.44662e-15,0.000682764,-0.00603846,0.2886830577482969,97.95241387742585,97.93804779081987
PART-SUPPORTBEAM-2,186,SupportBeam/B31,0.0,10.0,-7.5,7.309683e-16,0.00097364635,-0.29462373,6.2956e-16,-0.000688239,-0.0071429,0.2874856335200168,97.57668321586014,97.56437096224349
PART-SUPPORTBEAM-1,186,SupportBeam/B31,0.0,-10.0,-7.5,-9.525197e-16,-0.00097364635,-0.29462373,-2.01667e-15,0.000688239,-0.0071429,0.2874856335200168,97.57668321586014,97.56437096224349
PART-SUPPORTBEAM-2,187,SupportBeam/B31,0.0,10.0,-3.75,-1.5873603e-16,0.0006801343,-0.2945271,4.70324e-16,-0.000700148,-0.0082419,0.28628852739547156,97.20252026646553,97.1915782239632
PART-SUPPORTBEAM-1,187,SupportBeam/B31,0.0,-10.0,-3.75,-6.581144e-16,-0.0006801343,-0.2945271,-2.51604e-15,0.000700148,-0.0082419,0.28628852739547156,97.20252026646553,97.1915782239632
PART-SUPPORTBEAM-2,170,SupportBeam/B31,7.69231,10.0,-30.0,0.0012876368,0.002742094,-0.29622424,-0.0033947,-6.59704e-05,-0.0108471,0.28542936348274117,96.35080472616268,96.16321337201506
PART-SUPPORTBEAM-2,201,SupportBeam/B31,-7.69231,10.0,-30.0,-0.0012876368,0.002742094,-0.29622424,0.0033947,-6.59704e-05,-0.0108471,0.28542936348274117,96.35080472616268,96.16321337201506
PART-SUPPORTBEAM-1,170,SupportBeam/B31,7.69231,-10.0,-30.0,0.0012876368,-0.002742094,-0.29622424,-0.0033947,6.59704e-05,-0.0108471,0.28542936348274117,96.35080472616268,96.16321337201506
PART-SUPPORTBEAM-1,201,SupportBeam/B31,-7.69231,-10.0,-30.0,-0.0012876368,-0.002742094,-0.29622424,0.0033947,6.59704e-05,-0.0108471,0.28542936348274117,96.35080472616268,96.16321337201506
PART-SUPPORTBEAM-2,10,SupportBeam/B31,0.0,10.0,0.0,-8.569555e-16,0.00038689788,-0.29442504,-3.57658e-16,-0.000720605,-0.00933545,0.2850917411799179,96.82990788805246,96.81983148474913
PART-FLOOR-1,9,Floor/S4R,0.0,10.0,0.0,-8.569555e-16,0.00038689788,-0.29442504,-3.57658e-16,-0.000720605,-0.00933545,0.2850917411799179,96.82990788805246,96.81983148474913
PART-FLOOR-1,10,Floor/S4R,0.0,-10.0,0.0,-4.22187e-17,-0.00038689788,-0.29442504,-2.60703e-15,0.000720605,-0.00933545,0.2850917411799179,96.82990788805246,96.81983148474913
PART-SUPPORTBEAM-1,10,SupportBeam/B31,0.0,-10.0,0.0,-4.22187e-17,-0.00038689788,-0.29442504,-2.60703e-15,0.000720605,-0.00933545,0.2850917411799179,96.82990788805246,96.81983148474913
PART-SUPPORTBEAM-2,141,SupportBeam/B31,-3.33333,10.0,-2.0,0.001307067,0.0005426483,-0.29469514,-0.000702353,-0.000700528,-0.011981,0.28272401421172005,95.93668700097523,95.92057816511664
PART-SUPPORTBEAM-2,155,SupportBeam/B31,3.33333,10.0,-2.0,-0.001307067,0.0005426483,-0.29469514,0.000702353,-0.000700528,-0.011981,0.28272401421172005,95.93668700097523,95.92057816511664
PART-SUPPORTBEAM-1,141,SupportBeam/B31,-3.33333,-10.0,-2.0,0.001307067,-0.0005426483,-0.29469514,-0.000702353,0.000700528,-0.011981,0.28272401421172005,95.93668700097523,95.92057816511664
PART-SUPPORTBEAM-1,155,SupportBeam/B31,3.33333,-10.0,-2.0,-0.001307067,-0.0005426483,-0.29469514,0.000702353,0.000700528,-0.011981,0.28272401421172005,95.93668700097523,95.92057816511664
PART-FLOOR-1,99,Floor/S4R,0.0,0.0,0.0,-4.2136686e-16,7.151421e-15,-0.3599833,-9.08608e-16,-9.26686e-14,-0.0783577,0.28162560000000003,78.23296247353697,78.23296247353697
PART-FLOOR-1,341,Floor/S4R,5.0,-5.0,0.0,-0.000497431,-0.0002010983,-0.3619919,-0.000133778,7.05372e-05,-0.0825237,0.27946856860940417,77.20290471338875,77.20287444822486
PART-FLOOR-1,343,Floor/S4R,5.0,5.0,0.0,-0.000497431,0.0002010983,-0.3619919,-0.000133778,-7.05372e-05,-0.0825237,0.27946856860940417,77.20290471338875,77.20287444822486
PART-FLOOR-1,344,Floor/S4R,-5.0,-5.0,0.0,0.000497431,-0.0002010983,-0.3619919,0.000133778,7.05372e-05,-0.0825237,0.27946856860940417,77.20290471338875,77.20287444822486
PART-FLOOR-1,346,Floor/S4R,-5.0,5.0,0.0,0.000497431,0.0002010983,-0.3619919,0.000133778,-7.05372e-05,-0.0825237,0.27946856860940417,77.20290471338875,77.20287444822486
PART-SUPPORTBEAM-2,142,SupportBeam/B31,-6.66667,10.0,-4.0,0.003023396,0.0006974005,-0.29564145,7.43401e-05,-0.000669107,-0.0170857,0.2785747119383082,94.22202843815268,94.21663752437726
PART-SUPPORTBEAM-2,156,SupportBeam/B31,6.66667,10.0,-4.0,-0.003023396,0.0006974005,-0.29564145,-7.43401e-05,-0.000669107,-0.0170857,0.2785747119383082,94.22202843815268,94.21663752437726
PART-SUPPORTBEAM-1,142,SupportBeam/B31,-6.66667,-10.0,-4.0,0.003023396,-0.0006974005,-0.29564145,7.43401e-05,0.000669107,-0.0170857,0.2785747119383082,94.22202843815268,94.21663752437726
PART-SUPPORTBEAM-1,156,SupportBeam/B31,6.66667,-10.0,-4.0,-0.003023396,-0.0006974005,-0.29564145,-7.43401e-05,0.000669107,-0.0170857,0.2785747119383082,94.22202843815268,94.21663752437726
PART-SUPPORTBEAM-2,171,SupportBeam/B31,11.53846,10.0,-30.0,0.0019314553,0.0027400749,-0.29640955,-0.00509205,-6.38694e-05,-0.0186897,0.2778227975065386,93.72337369362806,93.46518339615758
PART-SUPPORTBEAM-2,202,SupportBeam/B31,-11.53846,10.0,-30.0,-0.0019314553,0.0027400749,-0.29640955,0.00509205,-6.38694e-05,-0.0186897,0.2778227975065386,93.72337369362806,93.46518339615758
PART-SUPPORTBEAM-1,171,SupportBeam/B31,11.53846,-10.0,-30.0,0.0019314553,-0.0027400749,-0.29640955,-0.00509205,6.38694e-05,-0.0186897,0.2778227975065386,93.72337369362806,93.46518339615758
PART-SUPPORTBEAM-1,202,SupportBeam/B31,-11.53846,-10.0,-30.0,-0.0019314553,-0.0027400749,-0.29640955,0.00509205,6.38694e-05,-0.0186897,0.2778227975065386,93.72337369362806,93.46518339615758
PART-FLOOR-1,96,Floor/S4R,10.0,10.0,0.0,-0.0010079407,0.00041078145,-0.39489084,-0.000499019,0.00013195,-0.120607,0.2742844538675494,69.45803351308388,69.45797820952772
PART-FLOOR-1,102,Floor/S4R,10.0,-10.0,0.0,-0.0010079407,-0.00041078145,-0.39489084,-0.000499019,-0.00013195,-0.120607,0.2742844538675494,69.45803351308388,69.45797820952772
PART-FLOOR-1,111,Floor/S4R,-10.0,10.0,0.0,0.0010079407,0.00041078145,-0.39489084,0.000499019,0.00013195,-0.120607,0.2742844538675494,69.45803351308388,69.45797820952772
PART-FLOOR-1,129,Floor/S4R,-10.0,-10.0,0.0,0.0010079407,-0.00041078145,-0.39489084,0.000499019,-0.00013195,-0.120607,0.2742844538675494,69.45803351308388,69.45797820952772
PART-SUPPORTBEAM-2,143,SupportBeam/B31,-10.0,10.0,-6.0,0.0047985916,0.0008512983,-0.29668006,0.00186648,-0.00062782,-0.023877,0.27282282641806915,91.94619429851438,91.925700544293
PART-SUPPORTBEAM-2,157,SupportBeam/B31,10.0,10.0,-6.0,-0.0047985916,0.0008512983,-0.29668006,-0.00186648,-0.00062782,-0.023877,0.27282282641806915,91.94619429851438,91.925700544293
PART-SUPPORTBEAM-1,143,SupportBeam/B31,-10.0,-10.0,-6.0,0.0047985916,-0.0008512983,-0.29668006,0.00186648,0.00062782,-0.023877,0.27282282641806915,91.94619429851438,91.925700544293
PART-SUPPORTBEAM-1,157,SupportBeam/B31,10.0,-10.0,-6.0,-0.0047985916,-0.0008512983,-0.29668006,-0.00186648,0.00062782,-0.023877,0.27282282641806915,91.94619429851438,91.925700544293
PART-FLOOR-1,339,Floor/S4R,10.0,0.0,0.0,-0.0010014938,7.487289e-15,-0.4133748,-0.000375936,-9.33856e-14,-0.142363,0.2710125219649475,65.56077598364666,65.56077473589377
PART-FLOOR-1,348,Floor/S4R,-10.0,0.0,0.0,0.0010014938,6.7888247e-15,-0.4133748,0.000375936,-9.12632e-14,-0.142363,0.2710125219649475,65.56077598364666,65.56077473589377
PART-SUPPORTBEAM-2,172,SupportBeam/B31,15.38462,10.0,-30.0,0.0025752736,0.002737306,-0.29573292,-0.0067894,-6.02751e-05,-0.0279802,0.2679310408277548,90.59167554858462,90.26490451917391
PART-SUPPORTBEAM-2,203,SupportBeam/B31,-15.38462,10.0,-30.0,-0.0025752736,0.002737306,-0.29573292,0.0067894,-6.02751e-05,-0.0279802,0.2679310408277548,90.59167554858462,90.26490451917391
PART-SUPPORTBEAM-1,172,SupportBeam/B31,15.38462,-10.0,-30.0,0.0025752736,-0.002737306,-0.29573292,-0.0067894,6.02751e-05,-0.0279802,0.2679310408277548,90.59167554858462,90.26490451917391
PART-SUPPORTBEAM-1,203,SupportBeam/B31,-15.38462,-10.0,-30.0,-0.0025752736,-0.002737306,-0.29573292,0.0067894,6.02751e-05,-0.0279802,0.2679310408277548,90.59167554858462,90.26490451917391
PART-FLOOR-1,97,Floor/S4R,5.0,10.0,0.0,-0.0004046246,0.00014975635,-0.3296361,-0.00030913,1.63607e-05,-0.0618991,0.2677370502612929,81.2219356217794,81.22177120508603
PART-FLOOR-1,101,Floor/S4R,5.0,-10.0,0.0,-0.0004046246,-0.00014975635,-0.3296361,-0.00030913,-1.63607e-05,-0.0618991,0.2677370502612929,81.2219356217794,81.22177120508603
PART-FLOOR-1,110,Floor/S4R,-5.0,10.0,0.0,0.0004046246,0.00014975635,-0.3296361,0.00030913,1.63607e-05,-0.0618991,0.2677370502612929,81.2219356217794,81.22177120508603
PART-FLOOR-1,130,Floor/S4R,-5.0,-10.0,0.0,0.0004046246,-0.00014975635,-0.3296361,0.00030913,-1.63607e-05,-0.0618991,0.2677370502612929,81.2219356217794,81.22177120508603
PART-FLOOR-1,98,Floor/S4R,0.0,5.0,0.0,-4.511597e-16,7.297172e-05,-0.34479007,-4.31944e-16,-0.000237395,-0.0775599,0.2672303502331458,77.50523216874137,77.5050767642765
PART-FLOOR-1,100,Floor/S4R,0.0,-5.0,0.0,-1.5886998e-16,-7.297172e-05,-0.34479007,-1.47155e-15,0.000237395,-0.0775599,0.2672303502331458,77.50523216874137,77.5050767642765
PART-SUPPORTBEAM-2,144,SupportBeam/B31,-13.33333,10.0,-8.0,0.006347081,0.0010044856,-0.29733494,0.00427512,-0.000578144,-0.03169,0.2656577344750947,89.32542987004031,89.24619308874871
PART-SUPPORTBEAM-2,158,SupportBeam/B31,13.33333,10.0,-8.0,-0.006347081,0.0010044856,-0.29733494,-0.00427512,-0.000578144,-0.03169,0.2656577344750947,89.32542987004031,89.24619308874871
PART-SUPPORTBEAM-1,144,SupportBeam/B31,-13.33333,-10.0,-8.0,0.006347081,-0.0010044856,-0.29733494,0.00427512,0.000578144,-0.03169,0.2656577344750947,89.32542987004031,89.24619308874871
PART-SUPPORTBEAM-1,158,SupportBeam/B31,13.33333,-10.0,-8.0,-0.006347081,-0.0010044856,-0.29733494,-0.00427512,0.000578144,-0.03169,0.2656577344750947,89.32542987004031,89.24619308874871
PART-FLOOR-1,342,Floor/S4R,5.0,0.0,0.0,-0.00040798704,7.317275e-15,-0.37569892,-0.000147751,-9.31245e-14,-0.111785,0.26391404830467613,70.24611428001981,70.24611310246266
PART-FLOOR-1,345,Floor/S4R,-5.0,0.0,0.0,0.00040798704,6.9765975e-15,-0.37569892,0.000147751,-9.20391e-14,-0.111785,0.26391404830467613,70.24611428001981,70.24611310246266
PART-FLOOR-1,335,Floor/S4R,15.0,-5.0,0.0,-0.001524602,-0.00022083079,-0.45685697,-0.000680055,-8.91981e-05,-0.196371,0.2604873723496806,57.01694590761471,57.016945277596754
PART-FLOOR-1,337,Floor/S4R,15.0,5.0,0.0,-0.001524602,0.00022083079,-0.45685697,-0.000680055,8.91981e-05,-0.196371,0.2604873723496806,57.01694590761471,57.016945277596754
PART-FLOOR-1,350,Floor/S4R,-15.0,-5.0,0.0,0.001524602,-0.00022083079,-0.45685697,0.000680055,-8.91981e-05,-0.196371,0.2604873723496806,57.01694590761471,57.016945277596754
PART-FLOOR-1,352,Floor/S4R,-15.0,5.0,0.0,0.001524602,0.00022083079,-0.45685697,0.000680055,8.91981e-05,-0.196371,0.2604873723496806,57.01694590761471,57.016945277596754
PART-FLOOR-1,338,Floor/S4R,10.0,-5.0,0.0,-0.00080633897,-6.241057e-05,-0.407936,-0.000414843,-7.25642e-05,-0.150372,0.25756429773590656,63.13828432944659,63.13826330107811
PART-FLOOR-1,340,Floor/S4R,10.0,5.0,0.0,-0.00080633897,6.241057e-05,-0.407936,-0.000414843,7.25642e-05,-0.150372,0.25756429773590656,63.13828432944659,63.13826330107811
PART-FLOOR-1,347,Floor/S4R,-10.0,-5.0,0.0,0.00080633897,-6.241057e-05,-0.407936,0.000414843,-7.25642e-05,-0.150372,0.25756429773590656,63.13828432944659,63.13826330107811
PART-FLOOR-1,349,Floor/S4R,-10.0,5.0,0.0,0.00080633897,6.241057e-05,-0.407936,0.000414843,7.25642e-05,-0.150372,0.25756429773590656,63.13828432944659,63.13826330107811
PART-SUPPORTBEAM-2,145,SupportBeam/B31,-16.66667,10.0,-10.0,0.007448112,0.0011571064,-0.29723823,0.00696594,-0.000521555,-0.0399674,0.2572767583028485,86.52792680358176,86.35430550187907
PART-SUPPORTBEAM-2,159,SupportBeam/B31,16.66667,10.0,-10.0,-0.007448112,0.0011571064,-0.29723823,-0.00696594,-0.000521555,-0.0399674,0.2572767583028485,86.52792680358176,86.35430550187907
PART-SUPPORTBEAM-1,145,SupportBeam/B31,-16.66667,-10.0,-10.0,0.007448112,-0.0011571064,-0.29723823,0.00696594,0.000521555,-0.0399674,0.2572767583028485,86.52792680358176,86.35430550187907
PART-SUPPORTBEAM-1,159,SupportBeam/B31,16.66667,-10.0,-10.0,-0.007448112,-0.0011571064,-0.29723823,-0.00696594,0.000521555,-0.0399674,0.2572767583028485,86.52792680358176,86.35430550187907
PART-SUPPORTBEAM-2,173,SupportBeam/B31,19.23077,10.0,-30.0,0.0032190923,0.002733819,-0.29391506,-0.00848675,-5.4822e-05,-0.0379894,0.2562084048367948,87.1619028210776,86.75745286578825
PART-SUPPORTBEAM-2,204,SupportBeam/B31,-19.23077,10.0,-30.0,-0.0032190923,0.002733819,-0.29391506,0.00848675,-5.4822e-05,-0.0379894,0.2562084048367948,87.1619028210776,86.75745286578825
PART-SUPPORTBEAM-1,173,SupportBeam/B31,19.23077,-10.0,-30.0,0.0032190923,-0.002733819,-0.29391506,-0.00848675,5.4822e-05,-0.0379894,0.2562084048367948,87.1619028210776,86.75745286578825
PART-SUPPORTBEAM-1,204,SupportBeam/B31,-19.23077,-10.0,-30.0,-0.0032190923,-0.002733819,-0.29391506,0.00848675,5.4822e-05,-0.0379894,0.2562084048367948,87.1619028210776,86.75745286578825
PART-SUPPORTBEAM-2,146,SupportBeam/B31,-20.0,10.0,-12.0,0.007945754,0.0013093045,-0.29613003,0.00966929,-0.000459531,-0.0482598,0.2478825332201167,83.67639344475319,83.38470108304116
PART-SUPPORTBEAM-2,160,SupportBeam/B31,20.0,10.0,-12.0,-0.007945754,0.0013093045,-0.29613003,-0.00966929,-0.000459531,-0.0482598,0.2478825332201167,83.67639344475319,83.38470108304116
PART-SUPPORTBEAM-1,146,SupportBeam/B31,-20.0,-10.0,-12.0,0.007945754,-0.0013093045,-0.29613003,0.00966929,0.000459531,-0.0482598,0.2478825332201167,83.67639344475319,83.38470108304116
PART-SUPPORTBEAM-1,160,SupportBeam/B31,20.0,-10.0,-12.0,-0.007945754,-0.0013093045,-0.29613003,-0.00966929,0.000459531,-0.0482598,0.2478825332201167,83.67639344475319,83.38470108304116
PART-FLOOR-1,95,Floor/S4R,15.0,10.0,0.0,-0.0011827515,0.000103795464,-0.45507059,-0.000707799,0.000166454,-0.207513,0.24755805354012922,54.39973850425126,54.39969707139267
PART-FLOOR-1,103,Floor/S4R,15.0,-10.0,0.0,-0.0011827515,-0.000103795464,-0.45507059,-0.000707799,-0.000166454,-0.207513,0.24755805354012922,54.39973850425126,54.39969707139267
PART-FLOOR-1,112,Floor/S4R,-15.0,10.0,0.0,0.0011827515,0.000103795464,-0.45507059,0.000707799,0.000166454,-0.207513,0.24755805354012922,54.39973850425126,54.39969707139267
PART-FLOOR-1,128,Floor/S4R,-15.0,-10.0,0.0,0.0011827515,-0.000103795464,-0.45507059,0.000707799,-0.000166454,-0.207513,0.24755805354012922,54.39973850425126,54.39969707139267
PART-FLOOR-1,94,Floor/S4R,20.0,10.0,0.0,-0.0020783583,0.0004748796,-0.49524748,-0.000945993,0.000163532,-0.24871,0.24654027710143242,49.78076674355917,49.780754372522665
PART-FLOOR-1,104,Floor/S4R,20.0,-10.0,0.0,-0.0020783583,-0.0004748796,-0.49524748,-0.000945993,-0.000163532,-0.24871,0.24654027710143242,49.78076674355917,49.780754372522665
PART-FLOOR-1,113,Floor/S4R,-20.0,10.0,0.0,0.0020783583,0.0004748796,-0.49524748,0.000945993,0.000163532,-0.24871,0.24654027710143242,49.78076674355917,49.780754372522665
PART-FLOOR-1,127,Floor/S4R,-20.0,-10.0,0.0,0.0020783583,-0.0004748796,-0.49524748,0.000945993,-0.000163532,-0.24871,0.24654027710143242,49.78076674355917,49.780754372522665
PART-FLOOR-1,336,Floor/S4R,15.0,0.0,0.0,-0.0011910077,7.600829e-15,-0.45834816,-0.000661964,-9.34515e-14,-0.212582,0.24576672941710828,53.61991628850497,53.61990479816343
PART-FLOOR-1,351,Floor/S4R,-15.0,0.0,0.0,0.0011910077,6.640321e-15,-0.45834816,0.000661964,-9.03495e-14,-0.212582,0.24576672941710828,53.61991628850497,53.61990479816343
PART-FLOOR-1,333,Floor/S4R,20.0,0.0,0.0,-0.002067787,7.719011e-15,-0.49015358,-0.000935621,-9.33309e-14,-0.244581,0.2455751898048904,50.10123655140979,50.10122885071464
PART-FLOOR-1,354,Floor/S4R,-20.0,0.0,0.0,0.002067787,6.4788385e-15,-0.49015358,0.000935621,-8.92942e-14,-0.244581,0.2455751898048904,50.10123655140979,50.10122885071464
PART-SUPPORTBEAM-2,174,SupportBeam/B31,23.07692,10.0,-30.0,0.0038629107,0.0027296448,-0.29081747,-0.0101841,-4.71444e-05,-0.048128,0.24311151333646883,83.58485612926077,83.0865667272729
PART-SUPPORTBEAM-2,205,SupportBeam/B31,-23.07692,10.0,-30.0,-0.0038629107,0.0027296448,-0.29081747,0.0101841,-4.71444e-05,-0.048128,0.24311151333646883,83.58485612926077,83.0865667272729
PART-SUPPORTBEAM-1,174,SupportBeam/B31,23.07692,-10.0,-30.0,0.0038629107,-0.0027296448,-0.29081747,-0.0101841,4.71444e-05,-0.048128,0.24311151333646883,83.58485612926077,83.0865667272729
PART-SUPPORTBEAM-1,205,SupportBeam/B31,-23.07692,-10.0,-30.0,-0.0038629107,-0.0027296448,-0.29081747,0.0101841,4.71444e-05,-0.048128,0.24311151333646883,83.58485612926077,83.0865667272729
PART-SUPPORTBEAM-2,147,SupportBeam/B31,-23.33333,10.0,-14.0,0.007748899,0.0014612238,-0.29385847,0.0121801,-0.000393549,-0.0562256,0.23768141835002357,80.853851226876,80.42921792110216
PART-SUPPORTBEAM-2,161,SupportBeam/B31,23.33333,10.0,-14.0,-0.007748899,0.0014612238,-0.29385847,-0.0121801,-0.000393549,-0.0562256,0.23768141835002357,80.853851226876,80.42921792110216
PART-SUPPORTBEAM-1,147,SupportBeam/B31,-23.33333,-10.0,-14.0,0.007748899,-0.0014612238,-0.29385847,0.0121801,0.000393549,-0.0562256,0.23768141835002357,80.853851226876,80.42921792110216
PART-SUPPORTBEAM-1,161,SupportBeam/B31,23.33333,-10.0,-14.0,-0.007748899,-0.0014612238,-0.29385847,-0.0121801,0.000393549,-0.0562256,0.23768141835002357,80.853851226876,80.42921792110216
PART-FLOOR-1,332,Floor/S4R,20.0,-5.0,0.0,-0.0015484488,-3.640435e-05,-0.49082989,-0.000941483,-8.53559e-05,-0.25891,0.2319206894206481,47.2504913458598,47.250474756861685
PART-FLOOR-1,334,Floor/S4R,20.0,5.0,0.0,-0.0015484488,3.640435e-05,-0.49082989,-0.000941483,8.53559e-05,-0.25891,0.2319206894206481,47.2504913458598,47.250474756861685
PART-FLOOR-1,353,Floor/S4R,-20.0,-5.0,0.0,0.0015484488,-3.640435e-05,-0.49082989,0.000941483,-8.53559e-05,-0.25891,0.2319206894206481,47.2504913458598,47.250474756861685
PART-FLOOR-1,355,Floor/S4R,-20.0,5.0,0.0,0.0015484488,3.640435e-05,-0.49082989,0.000941483,8.53559e-05,-0.25891,0.2319206894206481,47.2504913458598,47.250474756861685
PART-SUPPORTBEAM-2,175,SupportBeam/B31,26.92308,10.0,-30.0,0.004506729,0.0027248147,-0.28644243,-0.0118814,-3.68767e-05,-0.0579477,0.22909831808479605,79.96706587622394,79.35248712990607
PART-SUPPORTBEAM-2,206,SupportBeam/B31,-26.92308,10.0,-30.0,-0.004506729,0.0027248147,-0.28644243,0.0118814,-3.68767e-05,-0.0579477,0.22909831808479605,79.96706587622394,79.35248712990607
PART-SUPPORTBEAM-1,175,SupportBeam/B31,26.92308,-10.0,-30.0,0.004506729,-0.0027248147,-0.28644243,-0.0118814,3.68767e-05,-0.0579477,0.22909831808479605,79.96706587622394,79.35248712990607
PART-SUPPORTBEAM-1,206,SupportBeam/B31,-26.92308,-10.0,-30.0,-0.004506729,-0.0027248147,-0.28644243,0.0118814,3.68767e-05,-0.0579477,0.22909831808479605,79.96706587622394,79.35248712990607
PART-FLOOR-1,329,Floor/S4R,25.0,-5.0,0.0,-0.0026460653,-0.000250792,-0.49927437,-0.00119975,-8.03216e-05,-0.270193,0.22908599906843105,45.883138952108546,45.88309291191367
PART-FLOOR-1,331,Floor/S4R,25.0,5.0,0.0,-0.0026460653,0.000250792,-0.49927437,-0.00119975,8.03216e-05,-0.270193,0.22908599906843105,45.883138952108546,45.88309291191367
PART-FLOOR-1,356,Floor/S4R,-25.0,-5.0,0.0,0.0026460653,-0.000250792,-0.49927437,0.00119975,-8.03216e-05,-0.270193,0.22908599906843105,45.883138952108546,45.88309291191367
PART-FLOOR-1,358,Floor/S4R,-25.0,5.0,0.0,0.0026460653,0.000250792,-0.49927437,0.00119975,8.03216e-05,-0.270193,0.22908599906843105,45.883138952108546,45.88309291191367
PART-SUPPORTBEAM-2,148,SupportBeam/B31,-26.66667,10.0,-16.0,0.0068312627,0.0016130084,-0.29037976,0.0143581,-0.000325085,-0.0636306,0.22688232863419178,78.11015293281332,77.54244791059318
PART-SUPPORTBEAM-2,162,SupportBeam/B31,26.66667,10.0,-16.0,-0.0068312627,0.0016130084,-0.29037976,-0.0143581,-0.000325085,-0.0636306,0.22688232863419178,78.11015293281332,77.54244791059318
PART-SUPPORTBEAM-1,148,SupportBeam/B31,-26.66667,-10.0,-16.0,0.0068312627,-0.0016130084,-0.29037976,0.0143581,0.000325085,-0.0636306,0.22688232863419178,78.11015293281332,77.54244791059318
PART-SUPPORTBEAM-1,162,SupportBeam/B31,26.66667,-10.0,-16.0,-0.0068312627,-0.0016130084,-0.29037976,-0.0143581,0.000325085,-0.0636306,0.22688232863419178,78.11015293281332,77.54244791059318
PART-SUPPORTBEAM-2,149,SupportBeam/B31,-30.0,10.0,-18.0,0.0052313777,0.0017648021,-0.2857581,0.0161274,-0.000255616,-0.0703488,0.2156941629199801,75.46729774676126,74.74762349009238
PART-SUPPORTBEAM-2,163,SupportBeam/B31,30.0,10.0,-18.0,-0.0052313777,0.0017648021,-0.2857581,-0.0161274,-0.000255616,-0.0703488,0.2156941629199801,75.46729774676126,74.74762349009238
PART-SUPPORTBEAM-1,149,SupportBeam/B31,-30.0,-10.0,-18.0,0.0052313777,-0.0017648021,-0.2857581,0.0161274,0.000255616,-0.0703488,0.2156941629199801,75.46729774676126,74.74762349009238
PART-SUPPORTBEAM-1,163,SupportBeam/B31,30.0,-10.0,-18.0,-0.0052313777,-0.0017648021,-0.2857581,-0.0161274,0.000255616,-0.0703488,0.2156941629199801,75.46729774676126,74.74762349009238
PART-FLOOR-1,93,Floor/S4R,25.0,10.0,0.0,-0.001870357,3.2440857e-05,-0.505564,-0.00119814,0.000158148,-0.290074,0.21549108514734638,42.62360651564701,42.62357844427076
PART-FLOOR-1,105,Floor/S4R,25.0,-10.0,0.0,-0.001870357,-3.2440857e-05,-0.505564,-0.00119814,-0.000158148,-0.290074,0.21549108514734638,42.62360651564701,42.62357844427076
PART-FLOOR-1,114,Floor/S4R,-25.0,10.0,0.0,0.001870357,3.2440857e-05,-0.505564,0.00119814,0.000158148,-0.290074,0.21549108514734638,42.62360651564701,42.62357844427076
PART-FLOOR-1,126,Floor/S4R,-25.0,-10.0,0.0,0.001870357,-3.2440857e-05,-0.505564,0.00119814,-0.000158148,-0.290074,0.21549108514734638,42.62360651564701,42.62357844427076
PART-FLOOR-1,330,Floor/S4R,25.0,0.0,0.0,-0.0018792292,7.801363e-15,-0.49788436,-0.00119916,-9.30252e-14,-0.282807,0.21507843517816103,43.1981641594417,43.19814989648192
PART-FLOOR-1,357,Floor/S4R,-25.0,0.0,0.0,0.0018792292,6.3358518e-15,-0.49788436,0.00119916,-8.80978e-14,-0.282807,0.21507843517816103,43.1981641594417,43.19814989648192
PART-SUPPORTBEAM-2,176,SupportBeam/B31,30.76923,10.0,-30.0,0.0051505473,0.00271936,-0.28093305,-0.0135788,-2.36535e-05,-0.0671402,0.21462920417424025,76.38228851716381,75.62235861003563
PART-SUPPORTBEAM-2,207,SupportBeam/B31,-30.76923,10.0,-30.0,-0.0051505473,0.00271936,-0.28093305,0.0135788,-2.36535e-05,-0.0671402,0.21462920417424025,76.38228851716381,75.62235861003563
PART-SUPPORTBEAM-1,176,SupportBeam/B31,30.76923,-10.0,-30.0,0.0051505473,-0.00271936,-0.28093305,-0.0135788,2.36535e-05,-0.0671402,0.21462920417424025,76.38228851716381,75.62235861003563
PART-SUPPORTBEAM-1,207,SupportBeam/B31,-30.76923,-10.0,-30.0,-0.0051505473,-0.00271936,-0.28093305,0.0135788,2.36535e-05,-0.0671402,0.21462920417424025,76.38228851716381,75.62235861003563
PART-FLOOR-1,327,Floor/S4R,30.0,0.0,0.0,-0.0032624532,7.879147e-15,-0.47822887,-0.00145799,-9.25374e-14,-0.267296,0.21094058816139927,44.10768422475925,44.10756577285132
PART-FLOOR-1,360,Floor/S4R,-30.0,0.0,0.0,0.0032624532,6.1896433e-15,-0.47822887,0.00145799,-8.67614e-14,-0.267296,0.21094058816139927,44.10768422475925,44.10756577285132
PART-FLOOR-1,92,Floor/S4R,30.0,10.0,0.0,-0.0032585135,0.0005479046,-0.4829595,-0.00145409,0.000154482,-0.272106,0.2108615877483605,43.65928257949057,43.659134832465334
PART-FLOOR-1,106,Floor/S4R,30.0,-10.0,0.0,-0.0032585135,-0.0005479046,-0.4829595,-0.00145409,-0.000154482,-0.272106,0.2108615877483605,43.65928257949057,43.659134832465334
PART-FLOOR-1,115,Floor/S4R,-30.0,10.0,0.0,0.0032585135,0.0005479046,-0.4829595,0.00145409,0.000154482,-0.272106,0.2108615877483605,43.65928257949057,43.659134832465334
PART-FLOOR-1,125,Floor/S4R,-30.0,-10.0,0.0,0.0032585135,-0.0005479046,-0.4829595,0.00145409,-0.000154482,-0.272106,0.2108615877483605,43.65928257949057,43.659134832465334
PART-SUPPORTBEAM-2,150,SupportBeam/B31,-33.33333,10.0,-20.0,0.0030526014,0.0019167488,-0.2801658,0.017477,-0.000186619,-0.0763616,0.20432483786537986,72.92393640902473,72.04162410943336
PART-SUPPORTBEAM-2,164,SupportBeam/B31,33.33333,10.0,-20.0,-0.0030526014,0.0019167488,-0.2801658,-0.017477,-0.000186619,-0.0763616,0.20432483786537986,72.92393640902473,72.04162410943336
PART-SUPPORTBEAM-1,150,SupportBeam/B31,-33.33333,-10.0,-20.0,0.0030526014,-0.0019167488,-0.2801658,0.017477,0.000186619,-0.0763616,0.20432483786537986,72.92393640902473,72.04162410943336
PART-SUPPORTBEAM-1,164,SupportBeam/B31,33.33333,-10.0,-20.0,-0.0030526014,-0.0019167488,-0.2801658,-0.017477,0.000186619,-0.0763616,0.20432483786537986,72.92393640902473,72.04162410943336
PART-SUPPORTBEAM-2,177,SupportBeam/B31,34.61538,10.0,-30.0,0.005794366,0.0027133122,-0.2745732,-0.0152761,-7.10916e-06,-0.0755378,0.20016607025915534,72.88101957903798,71.93970163141834
PART-SUPPORTBEAM-2,208,SupportBeam/B31,-34.61538,10.0,-30.0,-0.005794366,0.0027133122,-0.2745732,0.0152761,-7.10916e-06,-0.0755378,0.20016607025915534,72.88101957903798,71.93970163141834
PART-SUPPORTBEAM-1,177,SupportBeam/B31,34.61538,-10.0,-30.0,0.005794366,-0.0027133122,-0.2745732,-0.0152761,7.10916e-06,-0.0755378,0.20016607025915534,72.88101957903798,71.93970163141834
PART-SUPPORTBEAM-1,208,SupportBeam/B31,-34.61538,-10.0,-30.0,-0.005794366,-0.0027133122,-0.2745732,0.0152761,7.10916e-06,-0.0755378,0.20016607025915534,72.88101957903798,71.93970163141834
PART-FLOOR-1,326,Floor/S4R,30.0,-5.0,0.0,-0.0021706654,-1.6752054e-05,-0.47881278,-0.00145711,-7.73919e-05,-0.281751,0.19706308120819638,41.15618135706561,41.15614813490251
PART-FLOOR-1,328,Floor/S4R,30.0,5.0,0.0,-0.0021706654,1.6752054e-05,-0.47881278,-0.00145711,7.73919e-05,-0.281751,0.19706308120819638,41.15618135706561,41.15614813490251
PART-FLOOR-1,359,Floor/S4R,-30.0,-5.0,0.0,0.0021706654,-1.6752054e-05,-0.47881278,0.00145711,-7.73919e-05,-0.281751,0.19706308120819638,41.15618135706561,41.15614813490251
PART-FLOOR-1,361,Floor/S4R,-30.0,5.0,0.0,0.0021706654,1.6752054e-05,-0.47881278,0.00145711,7.73919e-05,-0.281751,0.19706308120819638,41.15618135706561,41.15614813490251
PART-SUPPORTBEAM-2,151,SupportBeam/B31,-36.66667,10.0,-22.0,0.00046311063,0.0020689925,-0.2738831,0.0184604,-0.000119572,-0.0817582,0.1929784170295947,70.45802936797912,69.39790066506902
PART-SUPPORTBEAM-2,165,SupportBeam/B31,36.66667,10.0,-22.0,-0.00046311063,0.0020689925,-0.2738831,-0.0184604,-0.000119572,-0.0817582,0.1929784170295947,70.45802936797912,69.39790066506902
PART-SUPPORTBEAM-1,151,SupportBeam/B31,-36.66667,-10.0,-22.0,0.00046311063,-0.0020689925,-0.2738831,0.0184604,0.000119572,-0.0817582,0.1929784170295947,70.45802936797912,69.39790066506902
PART-SUPPORTBEAM-1,165,SupportBeam/B31,36.66667,-10.0,-22.0,-0.00046311063,-0.0020689925,-0.2738831,-0.0184604,0.000119572,-0.0817582,0.1929784170295947,70.45802936797912,69.39790066506902
PART-FLOOR-1,323,Floor/S4R,35.0,-5.0,0.0,-0.003909308,-0.00025365577,-0.4333933,-0.00171421,-7.38103e-05,-0.241089,0.1923169118879374,44.37287229354215,44.372638781995086
PART-FLOOR-1,325,Floor/S4R,35.0,5.0,0.0,-0.003909308,0.00025365577,-0.4333933,-0.00171421,7.38103e-05,-0.241089,0.1923169118879374,44.37287229354215,44.372638781995086
PART-FLOOR-1,362,Floor/S4R,-35.0,-5.0,0.0,0.003909308,-0.00025365577,-0.4333933,0.00171421,-7.38103e-05,-0.241089,0.1923169118879374,44.37287229354215,44.372638781995086
PART-FLOOR-1,364,Floor/S4R,-35.0,5.0,0.0,0.003909308,0.00025365577,-0.4333933,0.00171421,7.38103e-05,-0.241089,0.1923169118879374,44.37287229354215,44.372638781995086
PART-SUPPORTBEAM-2,178,SupportBeam/B31,38.46154,10.0,-30.0,0.0064381845,0.0027067023,-0.26778767,-0.0169735,1.31219e-05,-0.0831132,0.1861720231836129,69.49862159750762,68.33318026985819
PART-SUPPORTBEAM-2,209,SupportBeam/B31,-38.46154,10.0,-30.0,-0.0064381845,0.0027067023,-0.26778767,0.0169735,1.31219e-05,-0.0831132,0.1861720231836129,69.49862159750762,68.33318026985819
PART-SUPPORTBEAM-1,178,SupportBeam/B31,38.46154,-10.0,-30.0,0.0064381845,-0.0027067023,-0.26778767,-0.0169735,-1.31219e-05,-0.0831132,0.1861720231836129,69.49862159750762,68.33318026985819
PART-SUPPORTBEAM-1,209,SupportBeam/B31,-38.46154,-10.0,-30.0,-0.0064381845,-0.0027067023,-0.26778767,0.0169735,-1.31219e-05,-0.0831132,0.1861720231836129,69.49862159750762,68.33318026985819
PART-SUPPORTBEAM-2,152,SupportBeam/B31,-40.0,10.0,-24.0,-0.0023040902,0.002221677,-0.2672984,0.0191958,-5.59498e-05,-0.0867356,0.1818525710741867,68.02866569773123,66.76822350518535
PART-SUPPORTBEAM-2,166,SupportBeam/B31,40.0,10.0,-24.0,0.0023040902,0.002221677,-0.2672984,-0.0191958,-5.59498e-05,-0.0867356,0.1818525710741867,68.02866569773123,66.76822350518535
PART-SUPPORTBEAM-1,152,SupportBeam/B31,-40.0,-10.0,-24.0,-0.0023040902,-0.002221677,-0.2672984,0.0191958,5.59498e-05,-0.0867356,0.1818525710741867,68.02866569773123,66.76822350518535
PART-SUPPORTBEAM-1,166,SupportBeam/B31,40.0,-10.0,-24.0,0.0023040902,-0.002221677,-0.2672984,-0.0191958,5.59498e-05,-0.0867356,0.1818525710741867,68.02866569773123,66.76822350518535
PART-FLOOR-1,324,Floor/S4R,35.0,0.0,0.0,-0.0024356132,7.925886e-15,-0.43507156,-0.0017143,-9.18702e-14,-0.256852,0.17822101968995152,40.96296872548707,40.96288528788698
PART-FLOOR-1,363,Floor/S4R,-35.0,0.0,0.0,0.0024356132,6.0567493e-15,-0.43507156,0.0017143,-8.52852e-14,-0.256852,0.17822101968995152,40.96296872548707,40.96288528788698
PART-FLOOR-1,91,Floor/S4R,35.0,10.0,0.0,-0.0024125548,-2.1208252e-05,-0.43105483,-0.00171062,0.000149953,-0.253174,0.17788229729269445,41.266098577881664,41.26597356880779
PART-FLOOR-1,107,Floor/S4R,35.0,-10.0,0.0,-0.0024125548,2.1208252e-05,-0.43105483,-0.00171062,-0.000149953,-0.253174,0.17788229729269445,41.266098577881664,41.26597356880779
PART-FLOOR-1,116,Floor/S4R,-35.0,10.0,0.0,0.0024125548,-2.1208252e-05,-0.43105483,0.00171062,0.000149953,-0.253174,0.17788229729269445,41.266098577881664,41.26597356880779
PART-FLOOR-1,124,Floor/S4R,-35.0,-10.0,0.0,0.0024125548,2.1208252e-05,-0.43105483,0.00171062,-0.000149953,-0.253174,0.17788229729269445,41.266098577881664,41.26597356880779
PART-FLOOR-1,321,Floor/S4R,40.0,0.0,0.0,-0.0045991857,7.96837e-15,-0.3798975,-0.00196469,-9.10242e-14,-0.206229,0.17368848107990156,45.71647725754271,45.716082265607135
PART-FLOOR-1,366,Floor/S4R,-40.0,0.0,0.0,0.0045991857,5.9223968e-15,-0.3798975,0.00196469,-8.36699e-14,-0.206229,0.17368848107990156,45.71647725754271,45.716082265607135
PART-FLOOR-1,90,Floor/S4R,40.0,10.0,0.0,-0.004550467,0.0004948663,-0.3602688,-0.00197104,0.00014044,-0.186652,0.17363632196026976,48.192435545208994,48.19218437879882
PART-FLOOR-1,108,Floor/S4R,40.0,-10.0,0.0,-0.004550467,-0.0004948663,-0.3602688,-0.00197104,-0.00014044,-0.186652,0.17363632196026976,48.192435545208994,48.19218437879882
PART-FLOOR-1,117,Floor/S4R,-40.0,10.0,0.0,0.004550467,0.0004948663,-0.3602688,0.00197104,0.00014044,-0.186652,0.17363632196026976,48.192435545208994,48.19218437879882
PART-FLOOR-1,123,Floor/S4R,-40.0,-10.0,0.0,0.004550467,-0.0004948663,-0.3602688,0.00197104,-0.00014044,-0.186652,0.17363632196026976,48.192435545208994,48.19218437879882
PART-SUPPORTBEAM-2,179,SupportBeam/B31,42.30769,10.0,-30.0,0.007082003,0.0026995619,-0.2611419,-0.0186708,3.74053e-05,-0.0899793,0.17310958835050047,66.2615716389309,64.82474848688233
PART-SUPPORTBEAM-2,210,SupportBeam/B31,-42.30769,10.0,-30.0,-0.007082003,0.0026995619,-0.2611419,0.0186708,3.74053e-05,-0.0899793,0.17310958835050047,66.2615716389309,64.82474848688233
PART-SUPPORTBEAM-1,179,SupportBeam/B31,42.30769,-10.0,-30.0,0.007082003,-0.0026995619,-0.2611419,-0.0186708,-3.74053e-05,-0.0899793,0.17310958835050047,66.2615716389309,64.82474848688233
PART-SUPPORTBEAM-1,210,SupportBeam/B31,-42.30769,-10.0,-30.0,-0.007082003,-0.0026995619,-0.2611419,0.0186708,-3.74053e-05,-0.0899793,0.17310958835050047,66.2615716389309,64.82474848688233
PART-SUPPORTBEAM-2,153,SupportBeam/B31,-43.33333,10.0,-26.0,-0.0049511814,0.0023749461,-0.260908,0.019866,2.76921e-06,-0.0915986,0.17113501291143768,65.57756807536344,64.08413206888848
PART-SUPPORTBEAM-2,167,SupportBeam/B31,43.33333,10.0,-26.0,0.0049511814,0.0023749461,-0.260908,-0.019866,2.76921e-06,-0.0915986,0.17113501291143768,65.57756807536344,64.08413206888848
PART-SUPPORTBEAM-1,153,SupportBeam/B31,-43.33333,-10.0,-26.0,-0.0049511814,-0.0023749461,-0.260908,0.019866,-2.76921e-06,-0.0915986,0.17113501291143768,65.57756807536344,64.08413206888848
PART-SUPPORTBEAM-1,167,SupportBeam/B31,43.33333,-10.0,-26.0,0.0049511814,-0.0023749461,-0.260908,-0.019866,-2.76921e-06,-0.0915986,0.17113501291143768,65.57756807536344,64.08413206888848
PART-SUPPORTBEAM-2,180,SupportBeam/B31,46.15385,10.0,-30.0,0.0077258213,0.0026919222,-0.25534227,-0.0203682,6.61066e-05,-0.0963899,0.1614373713518247,63.19148347068699,61.436899046713044
PART-SUPPORTBEAM-2,211,SupportBeam/B31,-46.15385,10.0,-30.0,-0.0077258213,0.0026919222,-0.25534227,0.0203682,6.61066e-05,-0.0963899,0.1614373713518247,63.19148347068699,61.436899046713044
PART-SUPPORTBEAM-1,180,SupportBeam/B31,46.15385,-10.0,-30.0,0.0077258213,-0.0026919222,-0.25534227,-0.0203682,-6.61066e-05,-0.0963899,0.1614373713518247,63.19148347068699,61.436899046713044
PART-SUPPORTBEAM-1,211,SupportBeam/B31,-46.15385,-10.0,-30.0,-0.0077258213,-0.0026919222,-0.25534227,0.0203682,-6.61066e-05,-0.0963899,0.1614373713518247,63.19148347068699,61.436899046713044
PART-SUPPORTBEAM-2,154,SupportBeam/B31,-46.66667,10.0,-28.0,-0.007115521,0.002528944,-0.25531635,0.0207186,5.51086e-05,-0.0967596,0.16100031404935658,63.031583102606646,61.25994990439153
PART-SUPPORTBEAM-2,168,SupportBeam/B31,46.66667,10.0,-28.0,0.007115521,0.002528944,-0.25531635,-0.0207186,5.51086e-05,-0.0967596,0.16100031404935658,63.031583102606646,61.25994990439153
PART-SUPPORTBEAM-1,154,SupportBeam/B31,-46.66667,-10.0,-28.0,-0.007115521,-0.002528944,-0.25531635,0.0207186,-5.51086e-05,-0.0967596,0.16100031404935658,63.031583102606646,61.25994990439153
PART-SUPPORTBEAM-1,168,SupportBeam/B31,46.66667,-10.0,-28.0,0.007115521,-0.002528944,-0.25531635,-0.0207186,-5.51086e-05,-0.0967596,0.16100031404935658,63.031583102606646,61.25994990439153
PART-FLOOR-1,320,Floor/S4R,40.0,-5.0,0.0,-0.0026528533,-6.6818893e-06,-0.3741673,-0.00197021,-6.5679e-05,-0.214658,0.15951077163948554,42.62979757768717,42.62949856909901
PART-FLOOR-1,322,Floor/S4R,40.0,5.0,0.0,-0.0026528533,6.6818893e-06,-0.3741673,-0.00197021,6.5679e-05,-0.214658,0.15951077163948554,42.62979757768717,42.62949856909901
PART-FLOOR-1,365,Floor/S4R,-40.0,-5.0,0.0,0.0026528533,-6.6818893e-06,-0.3741673,0.00197021,-6.5679e-05,-0.214658,0.15951077163948554,42.62979757768717,42.62949856909901
PART-FLOOR-1,367,Floor/S4R,-40.0,5.0,0.0,0.0026528533,6.6818893e-06,-0.3741673,0.00197021,6.5679e-05,-0.214658,0.15951077163948554,42.62979757768717,42.62949856909901
PART-FLOOR-1,317,Floor/S4R,45.0,-5.0,0.0,-0.005286362,-6.69096e-05,-0.31963763,-0.00222124,-5.28247e-05,-0.163457,0.15621070500595083,48.864503892218536,48.8640482314936
PART-FLOOR-1,319,Floor/S4R,45.0,5.0,0.0,-0.005286362,6.69096e-05,-0.31963763,-0.00222124,5.28247e-05,-0.163457,0.15621070500595083,48.864503892218536,48.8640482314936
PART-FLOOR-1,368,Floor/S4R,-45.0,-5.0,0.0,0.005286362,-6.69096e-05,-0.31963763,0.00222124,-5.28247e-05,-0.163457,0.15621070500595083,48.864503892218536,48.8640482314936
PART-FLOOR-1,370,Floor/S4R,-45.0,5.0,0.0,0.005286362,6.69096e-05,-0.31963763,0.00222124,5.28247e-05,-0.163457,0.15621070500595083,48.864503892218536,48.8640482314936
PART-SUPPORTBEAM-2,7,SupportBeam/B31,-50.0,10.0,-30.0,-0.0083696395,0.0026838144,-0.2512359,0.0220655,9.95913e-05,-0.102739,0.1516057559429227,60.30709135148309,58.19959746149498
PART-SUPPORTBEAM-2,11,SupportBeam/B31,50.0,10.0,-30.0,0.0083696395,0.0026838144,-0.2512359,-0.0220655,9.95913e-05,-0.102739,0.1516057559429227,60.30709135148309,58.19959746149498
PART-SUPPORTBEAM-1,7,SupportBeam/B31,-50.0,-10.0,-30.0,-0.0083696395,-0.0026838144,-0.2512359,0.0220655,-9.95913e-05,-0.102739,0.1516057559429227,60.30709135148309,58.19959746149498
PART-SUPPORTBEAM-1,11,SupportBeam/B31,50.0,-10.0,-30.0,0.0083696395,-0.0026838144,-0.2512359,-0.0220655,-9.95913e-05,-0.102739,0.1516057559429227,60.30709135148309,58.19959746149498
PART-SUPPORTBEAM-2,103,SupportBeam/B31,-50.0,10.0,-26.25,-0.0059440937,0.0023785594,-0.25038382,0.0163991,8.72787e-05,-0.103088,0.14899841227823304,59.48855901191581,58.323923413930025
PART-SUPPORTBEAM-2,257,SupportBeam/B31,50.0,10.0,-26.25,0.0059440937,0.0023785594,-0.25038382,-0.0163991,8.72787e-05,-0.103088,0.14899841227823304,59.48855901191581,58.323923413930025
PART-SUPPORTBEAM-1,103,SupportBeam/B31,-50.0,-10.0,-26.25,-0.0059440937,-0.0023785594,-0.25038382,0.0163991,-8.72787e-05,-0.103088,0.14899841227823304,59.48855901191581,58.323923413930025
PART-SUPPORTBEAM-1,257,SupportBeam/B31,50.0,-10.0,-26.25,0.0059440937,-0.0023785594,-0.25038382,-0.0163991,-8.72787e-05,-0.103088,0.14899841227823304,59.48855901191581,58.323923413930025
PART-SUPPORTBEAM-2,104,SupportBeam/B31,-50.0,10.0,-22.5,-0.0037565825,0.0020726894,-0.24952634,0.0120253,8.17887e-05,-0.103431,0.1469587692877042,58.88638858005189,58.27600758837775
PART-SUPPORTBEAM-2,258,SupportBeam/B31,50.0,10.0,-22.5,0.0037565825,0.0020726894,-0.24952634,-0.0120253,8.17887e-05,-0.103431,0.1469587692877042,58.88638858005189,58.27600758837775
PART-SUPPORTBEAM-1,104,SupportBeam/B31,-50.0,-10.0,-22.5,-0.0037565825,-0.0020726894,-0.24952634,0.0120253,-8.17887e-05,-0.103431,0.1469587692877042,58.88638858005189,58.27600758837775
PART-SUPPORTBEAM-1,258,SupportBeam/B31,50.0,-10.0,-22.5,0.0037565825,-0.0020726894,-0.24952634,-0.0120253,-8.17887e-05,-0.103431,0.1469587692877042,58.88638858005189,58.27600758837775
PART-SUPPORTBEAM-2,105,SupportBeam/B31,-50.0,10.0,-18.75,-0.0017731007,0.001766292,-0.24866338,0.00875947,8.21467e-05,-0.103769,0.14528645066394322,58.423999759020994,58.12298163842896
PART-SUPPORTBEAM-2,259,SupportBeam/B31,50.0,10.0,-18.75,0.0017731007,0.001766292,-0.24866338,-0.00875947,8.21467e-05,-0.103769,0.14528645066394322,58.423999759020994,58.12298163842896
PART-SUPPORTBEAM-1,105,SupportBeam/B31,-50.0,-10.0,-18.75,-0.0017731007,-0.001766292,-0.24866338,0.00875947,-8.21467e-05,-0.103769,0.14528645066394322,58.423999759020994,58.12298163842896
PART-SUPPORTBEAM-1,259,SupportBeam/B31,50.0,-10.0,-18.75,0.0017731007,-0.001766292,-0.24866338,-0.00875947,-8.21467e-05,-0.103769,0.14528645066394322,58.423999759020994,58.12298163842896
PART-SUPPORTBEAM-2,106,SupportBeam/B31,-50.0,10.0,-15.0,4.0356335e-05,0.0014594554,-0.247795,0.006417,8.7378e-05,-0.104102,0.1438409622806451,58.047363974618925,57.90963685649132
PART-SUPPORTBEAM-2,260,SupportBeam/B31,50.0,10.0,-15.0,-4.0356335e-05,0.0014594554,-0.247795,-0.006417,8.7378e-05,-0.104102,0.1438409622806451,58.047363974618925,57.90963685649132
PART-SUPPORTBEAM-1,106,SupportBeam/B31,-50.0,-10.0,-15.0,4.0356335e-05,-0.0014594554,-0.247795,0.006417,-8.7378e-05,-0.104102,0.1438409622806451,58.047363974618925,57.90963685649132
PART-SUPPORTBEAM-1,260,SupportBeam/B31,50.0,-10.0,-15.0,-4.0356335e-05,-0.0014594554,-0.247795,-0.006417,-8.7378e-05,-0.104102,0.1438409622806451,58.047363974618925,57.90963685649132
PART-SUPPORTBEAM-2,89,SupportBeam/B31,-53.33333,10.0,-28.0,-0.0074194544,0.002513717,-0.2504081,0.0189965,0.000120677,-0.109741,0.14314594758397628,57.13711027924927,55.545109550444835
PART-SUPPORTBEAM-2,224,SupportBeam/B31,53.33333,10.0,-28.0,0.0074194544,0.002513717,-0.2504081,-0.0189965,0.000120677,-0.109741,0.14314594758397628,57.13711027924927,55.545109550444835
PART-SUPPORTBEAM-1,89,SupportBeam/B31,-53.33333,-10.0,-28.0,-0.0074194544,-0.002513717,-0.2504081,0.0189965,-0.000120677,-0.109741,0.14314594758397628,57.13711027924927,55.545109550444835
PART-SUPPORTBEAM-1,224,SupportBeam/B31,53.33333,-10.0,-28.0,0.0074194544,-0.002513717,-0.2504081,-0.0189965,-0.000120677,-0.109741,0.14314594758397628,57.13711027924927,55.545109550444835
PART-SUPPORTBEAM-2,188,SupportBeam/B31,-53.84615,10.0,-30.0,-0.008473874,0.0026757026,-0.249942,0.021304,0.000135684,-0.110146,0.14295487081750038,57.15910329428908,55.14295498053071
PART-SUPPORTBEAM-2,212,SupportBeam/B31,53.84615,10.0,-30.0,0.008473874,0.0026757026,-0.249942,-0.021304,0.000135684,-0.110146,0.14295487081750038,57.15910329428908,55.14295498053071
PART-SUPPORTBEAM-1,188,SupportBeam/B31,-53.84615,-10.0,-30.0,-0.008473874,-0.0026757026,-0.249942,0.021304,-0.000135684,-0.110146,0.14295487081750038,57.15910329428908,55.14295498053071
PART-SUPPORTBEAM-1,212,SupportBeam/B31,53.84615,-10.0,-30.0,0.008473874,-0.0026757026,-0.249942,-0.021304,-0.000135684,-0.110146,0.14295487081750038,57.15910329428908,55.14295498053071
PART-SUPPORTBEAM-2,107,SupportBeam/B31,-50.0,10.0,-11.25,0.0017177936,0.0011522672,-0.24692115,0.00481319,9.6508e-05,-0.104429,0.14252967732365082,57.72072445895501,57.66412104871913
PART-SUPPORTBEAM-2,261,SupportBeam/B31,50.0,10.0,-11.25,-0.0017177936,0.0011522672,-0.24692115,-0.00481319,9.6508e-05,-0.104429,0.14252967732365082,57.72072445895501,57.66412104871913
PART-SUPPORTBEAM-1,107,SupportBeam/B31,-50.0,-10.0,-11.25,0.0017177936,-0.0011522672,-0.24692115,0.00481319,-9.6508e-05,-0.104429,0.14252967732365082,57.72072445895501,57.66412104871913
PART-SUPPORTBEAM-1,261,SupportBeam/B31,50.0,-10.0,-11.25,-0.0017177936,-0.0011522672,-0.24692115,-0.00481319,-9.6508e-05,-0.104429,0.14252967732365082,57.72072445895501,57.66412104871913
PART-FLOOR-1,318,Floor/S4R,45.0,0.0,0.0,-0.0027491904,7.981604e-15,-0.33377948,-0.00219974,-8.99969e-14,-0.191709,0.14207154248185128,42.56304899571454,42.56234176958771
PART-FLOOR-1,369,Floor/S4R,-45.0,0.0,0.0,0.0027491904,5.7971075e-15,-0.33377948,0.00219974,-8.19108e-14,-0.191709,0.14207154248185128,42.56304899571454,42.56234176958771
PART-SUPPORTBEAM-2,108,SupportBeam/B31,-50.0,10.0,-7.5,0.003293216,0.0008448155,-0.24604188,0.00376338,0.000108562,-0.104751,0.14129358051439408,57.42115651272955,57.40211706238206
PART-SUPPORTBEAM-2,262,SupportBeam/B31,50.0,10.0,-7.5,-0.003293216,0.0008448155,-0.24604188,-0.00376338,0.000108562,-0.104751,0.14129358051439408,57.42115651272955,57.40211706238206
PART-SUPPORTBEAM-1,108,SupportBeam/B31,-50.0,-10.0,-7.5,0.003293216,-0.0008448155,-0.24604188,0.00376338,-0.000108562,-0.104751,0.14129358051439408,57.42115651272955,57.40211706238206
PART-SUPPORTBEAM-1,262,SupportBeam/B31,50.0,-10.0,-7.5,-0.003293216,-0.0008448155,-0.24604188,-0.00376338,-0.000108562,-0.104751,0.14129358051439408,57.42115651272955,57.40211706238206
PART-FLOOR-1,78,Floor/S4R,50.0,0.0,0.0,-0.00566232,7.9903405e-15,-0.31182855,-0.00243239,-8.87963e-14,-0.170621,0.1412444852898951,45.28809336079209,45.28717397032989
PART-FLOOR-1,120,Floor/S4R,-50.0,0.0,0.0,0.00566232,5.6709466e-15,-0.31182855,0.00243239,-8.00165e-14,-0.170621,0.1412444852898951,45.28809336079209,45.28717397032989
PART-FLOOR-1,89,Floor/S4R,45.0,10.0,0.0,-0.0029188916,-3.163458e-05,-0.2860643,-0.00225003,0.000127436,-0.144972,0.14109397506123136,49.31990110332301,49.31839880787589
PART-FLOOR-1,109,Floor/S4R,45.0,-10.0,0.0,-0.0029188916,3.163458e-05,-0.2860643,-0.00225003,-0.000127436,-0.144972,0.14109397506123136,49.31990110332301,49.31839880787589
PART-FLOOR-1,118,Floor/S4R,-45.0,10.0,0.0,0.0029188916,-3.163458e-05,-0.2860643,0.00225003,0.000127436,-0.144972,0.14109397506123136,49.31990110332301,49.31839880787589
PART-FLOOR-1,122,Floor/S4R,-45.0,-10.0,0.0,0.0029188916,3.163458e-05,-0.2860643,0.00225003,-0.000127436,-0.144972,0.14109397506123136,49.31990110332301,49.31839880787589
PART-SUPPORTBEAM-2,109,SupportBeam/B31,-50.0,10.0,-3.75,0.0048006284,0.000537188,-0.24515715,0.0030829,0.000122565,-0.105067,0.14010129417714454,57.1364551024457,57.132846286740524
PART-SUPPORTBEAM-2,263,SupportBeam/B31,50.0,10.0,-3.75,-0.0048006284,0.000537188,-0.24515715,-0.0030829,0.000122565,-0.105067,0.14010129417714454,57.1364551024457,57.132846286740524
PART-SUPPORTBEAM-1,109,SupportBeam/B31,-50.0,-10.0,-3.75,0.0048006284,-0.000537188,-0.24515715,0.0030829,-0.000122565,-0.105067,0.14010129417714454,57.1364551024457,57.132846286740524
PART-SUPPORTBEAM-1,263,SupportBeam/B31,50.0,-10.0,-3.75,-0.0048006284,-0.000537188,-0.24515715,-0.0030829,-0.000122565,-0.105067,0.14010129417714454,57.1364551024457,57.132846286740524
PART-CABLE50-2,1,Cable/T3D2,-50.0,10.0,0.0,0.006274036,0.00022947267,-0.24426699,0.00258709,0.000137543,-0.105378,0.138937948614089,56.86076512092314,56.86071127675961
PART-CABLE50-4,1,Cable/T3D2,50.0,10.0,0.0,-0.006274036,0.00022947267,-0.24426699,-0.00258709,0.000137543,-0.105378,0.138937948614089,56.86076512092314,56.86071127675961
PART-SUPPORTBEAM-2,8,SupportBeam/B31,-50.0,10.0,0.0,0.006274036,0.00022947267,-0.24426699,0.00258709,0.000137543,-0.105378,0.138937948614089,56.86076512092314,56.86071127675961
PART-SUPPORTBEAM-2,16,SupportBeam/B31,50.0,10.0,0.0,-0.006274036,0.00022947267,-0.24426699,-0.00258709,0.000137543,-0.105378,0.138937948614089,56.86076512092314,56.86071127675961
PART-CABLE50-1,1,Cable/T3D2,-50.0,-10.0,0.0,0.006274036,-0.00022947267,-0.24426699,0.00258709,-0.000137543,-0.105378,0.138937948614089,56.86076512092314,56.86071127675961
PART-CABLE50-3,1,Cable/T3D2,50.0,-10.0,0.0,-0.006274036,-0.00022947267,-0.24426699,-0.00258709,-0.000137543,-0.105378,0.138937948614089,56.86076512092314,56.86071127675961
PART-FLOOR-1,7,Floor/S4R,50.0,10.0,0.0,-0.006274036,0.00022947267,-0.24426699,-0.00258709,0.000137543,-0.105378,0.138937948614089,56.86076512092314,56.86071127675961
PART-FLOOR-1,8,Floor/S4R,50.0,-10.0,0.0,-0.006274036,-0.00022947267,-0.24426699,-0.00258709,-0.000137543,-0.105378,0.138937948614089,56.86076512092314,56.86071127675961
PART-FLOOR-1,11,Floor/S4R,-50.0,10.0,0.0,0.006274036,0.00022947267,-0.24426699,0.00258709,0.000137543,-0.105378,0.138937948614089,56.86076512092314,56.86071127675961
PART-FLOOR-1,12,Floor/S4R,-50.0,-10.0,0.0,0.006274036,-0.00022947267,-0.24426699,0.00258709,-0.000137543,-0.105378,0.138937948614089,56.86076512092314,56.86071127675961
PART-SUPPORTBEAM-1,8,SupportBeam/B31,-50.0,-10.0,0.0,0.006274036,-0.00022947267,-0.24426699,0.00258709,-0.000137543,-0.105378,0.138937948614089,56.86076512092314,56.86071127675961
PART-SUPPORTBEAM-1,16,SupportBeam/B31,50.0,-10.0,0.0,-0.006274036,-0.00022947267,-0.24426699,-0.00258709,-0.000137543,-0.105378,0.138937948614089,56.86076512092314,56.86071127675961
PART-CABLE100-1,2,Cable/T3D2,0.0,-10.0,150.0,-2.3898852e-15,0.2428416,-0.08677984,-8.04544e-14,0.111559,-0.0525195,0.13567937190183182,52.613102656148925,52.18602456006155
PART-CABLE100-2,2,Cable/T3D2,0.0,10.0,150.0,-2.4337921e-14,-0.2428416,-0.08677984,-5.9642e-14,-0.111559,-0.0525195,0.13567937190183182,52.613102656148925,52.18602456006155
PART-CABLE100-4,2,Cable/T3D2,0.0,10.0,150.0,-2.4337921e-14,-0.2428416,-0.08677984,-5.9642e-14,-0.111559,-0.0525195,0.13567937190183182,52.613102656148925,52.18602456006155
PART-CABLE150-2,2,Cable/T3D2,0.0,10.0,150.0,-2.4337921e-14,-0.2428416,-0.08677984,-5.9642e-14,-0.111559,-0.0525195,0.13567937190183182,52.613102656148925,52.18602456006155
PART-CABLE150-4,2,Cable/T3D2,0.0,10.0,150.0,-2.4337921e-14,-0.2428416,-0.08677984,-5.9642e-14,-0.111559,-0.0525195,0.13567937190183182,52.613102656148925,52.18602456006155
PART-CABLE200-2,2,Cable/T3D2,0.0,10.0,150.0,-2.4337921e-14,-0.2428416,-0.08677984,-5.9642e-14,-0.111559,-0.0525195,0.13567937190183182,52.613102656148925,52.18602456006155
PART-CABLE200-4,2,Cable/T3D2,0.0,10.0,150.0,-2.4337921e-14,-0.2428416,-0.08677984,-5.9642e-14,-0.111559,-0.0525195,0.13567937190183182,52.613102656148925,52.18602456006155
PART-CABLE250-2,2,Cable/T3D2,0.0,10.0,150.0,-2.4337921e-14,-0.2428416,-0.08677984,-5.9642e-14,-0.111559,-0.0525195,0.13567937190183182,52.613102656148925,52.18602456006155
PART-CABLE250-4,2,Cable/T3D2,0.0,10.0,150.0,-2.4337921e-14,-0.2428416,-0.08677984,-5.9642e-14,-0.111559,-0.0525195,0.13567937190183182,52.613102656148925,52.18602456006155
PART-CABLE50-2,2,Cable/T3D2,0.0,10.0,150.0,-2.4337921e-14,-0.2428416,-0.08677984,-5.9642e-14,-0.111559,-0.0525195,0.13567937190183182,52.613102656148925,52.18602456006155
PART-CABLE50-4,2,Cable/T3D2,0.0,10.0,150.0,-2.4337921e-14,-0.2428416,-0.08677984,-5.9642e-14,-0.111559,-0.0525195,0.13567937190183182,52.613102656148925,52.18602456006155
PART-PIER-2,8,Pier/C3D8R,0.0,-10.0,150.0,-2.3898852e-15,0.2428416,-0.08677984,-8.04544e-14,0.111559,-0.0525195,0.13567937190183182,52.613102656148925,52.18602456006155
PART-CABLE100-3,2,Cable/T3D2,0.0,-10.0,150.0,-2.3898852e-15,0.2428416,-0.08677984,-8.04544e-14,0.111559,-0.0525195,0.13567937190183182,52.613102656148925,52.18602456006155
PART-CABLE150-1,2,Cable/T3D2,0.0,-10.0,150.0,-2.3898852e-15,0.2428416,-0.08677984,-8.04544e-14,0.111559,-0.0525195,0.13567937190183182,52.613102656148925,52.18602456006155
PART-CABLE150-3,2,Cable/T3D2,0.0,-10.0,150.0,-2.3898852e-15,0.2428416,-0.08677984,-8.04544e-14,0.111559,-0.0525195,0.13567937190183182,52.613102656148925,52.18602456006155
PART-CABLE200-1,2,Cable/T3D2,0.0,-10.0,150.0,-2.3898852e-15,0.2428416,-0.08677984,-8.04544e-14,0.111559,-0.0525195,0.13567937190183182,52.613102656148925,52.18602456006155
PART-CABLE200-3,2,Cable/T3D2,0.0,-10.0,150.0,-2.3898852e-15,0.2428416,-0.08677984,-8.04544e-14,0.111559,-0.0525195,0.13567937190183182,52.613102656148925,52.18602456006155
PART-CABLE250-1,2,Cable/T3D2,0.0,-10.0,150.0,-2.3898852e-15,0.2428416,-0.08677984,-8.04544e-14,0.111559,-0.0525195,0.13567937190183182,52.613102656148925,52.18602456006155
PART-CABLE250-3,2,Cable/T3D2,0.0,-10.0,150.0,-2.3898852e-15,0.2428416,-0.08677984,-8.04544e-14,0.111559,-0.0525195,0.13567937190183182,52.613102656148925,52.18602456006155
PART-CABLE50-1,2,Cable/T3D2,0.0,-10.0,150.0,-2.3898852e-15,0.2428416,-0.08677984,-8.04544e-14,0.111559,-0.0525195,0.13567937190183182,52.613102656148925,52.18602456006155
PART-CABLE50-3,2,Cable/T3D2,0.0,-10.0,150.0,-2.3898852e-15,0.2428416,-0.08677984,-8.04544e-14,0.111559,-0.0525195,0.13567937190183182,52.613102656148925,52.18602456006155
PART-PIER-1,5,Pier/C3D8R,0.0,10.0,150.0,-2.4337921e-14,-0.2428416,-0.08677984,-5.9642e-14,-0.111559,-0.0525195,0.13567937190183182,52.613102656148925,52.18602456006155
PART-SUPPORTBEAM-2,90,SupportBeam/B31,-56.66667,10.0,-26.0,-0.0073796916,0.0023431873,-0.25109184,0.0153629,0.000138828,-0.117678,0.1353563348209218,53.881490818903025,52.7582112775636
PART-SUPPORTBEAM-2,225,SupportBeam/B31,56.66667,10.0,-26.0,0.0073796916,0.0023431873,-0.25109184,-0.0153629,0.000138828,-0.117678,0.1353563348209218,53.881490818903025,52.7582112775636
PART-SUPPORTBEAM-1,90,SupportBeam/B31,-56.66667,-10.0,-26.0,-0.0073796916,-0.0023431873,-0.25109184,0.0153629,-0.000138828,-0.117678,0.1353563348209218,53.881490818903025,52.7582112775636
PART-SUPPORTBEAM-1,225,SupportBeam/B31,56.66667,-10.0,-26.0,0.0073796916,-0.0023431873,-0.25109184,-0.0153629,-0.000138828,-0.117678,0.1353563348209218,53.881490818903025,52.7582112775636
PART-SUPPORTBEAM-2,189,SupportBeam/B31,-57.69231,10.0,-30.0,-0.008578108,0.002667988,-0.25017408,0.0205424,0.000171747,-0.118439,0.1349383804108918,53.90305309402399,51.98145062914429
PART-SUPPORTBEAM-2,213,SupportBeam/B31,57.69231,10.0,-30.0,0.008578108,0.002667988,-0.25017408,-0.0205424,0.000171747,-0.118439,0.1349383804108918,53.90305309402399,51.98145062914429
PART-SUPPORTBEAM-1,189,SupportBeam/B31,-57.69231,-10.0,-30.0,-0.008578108,-0.002667988,-0.25017408,0.0205424,-0.000171747,-0.118439,0.1349383804108918,53.90305309402399,51.98145062914429
PART-SUPPORTBEAM-1,213,SupportBeam/B31,57.69231,-10.0,-30.0,0.008578108,-0.002667988,-0.25017408,-0.0205424,-0.000171747,-0.118439,0.1349383804108918,53.90305309402399,51.98145062914429
PART-PIER-2,23,Pier/C3D8R,-3.33333,-10.0,150.0,-0.00075164787,0.23351127,-0.013516481,-0.00123849,0.104182,-0.00805122,0.12944561086336825,55.341496917379054,55.323435855221184
PART-PIER-2,187,Pier/C3D8R,3.33333,-10.0,150.0,0.00075164787,0.23351127,-0.013516481,0.00123849,0.104182,-0.00805122,0.12944561086336825,55.341496917379054,55.323435855221184
PART-PIER-1,21,Pier/C3D8R,-3.33333,10.0,150.0,-0.00075164787,-0.23351127,-0.013516481,-0.00123849,-0.104182,-0.00805122,0.12944561086336825,55.341496917379054,55.323435855221184
PART-PIER-1,189,Pier/C3D8R,3.33333,10.0,150.0,0.00075164787,-0.23351127,-0.013516481,0.00123849,-0.104182,-0.00805122,0.12944561086336825,55.341496917379054,55.323435855221184
PART-PIER-2,19,Pier/C3D8R,0.0,-15.0,150.0,-3.939707e-15,0.23163965,0.02486423,-1.09812e-13,0.103892,0.0109665,0.12850139680048384,55.15784660226487,55.15772019852153
PART-PIER-1,19,Pier/C3D8R,0.0,15.0,150.0,-2.695506e-14,-0.23163965,0.02486423,-8.45539e-14,-0.103892,0.0109665,0.12850139680048384,55.15784660226487,55.15772019852153
PART-SUPPORTBEAM-2,91,SupportBeam/B31,-60.0,10.0,-24.0,-0.00784158,0.0021723232,-0.25260583,0.0115509,0.000154164,-0.125907,0.12819022884165485,50.72083057012813,49.97332878308712
PART-SUPPORTBEAM-2,226,SupportBeam/B31,60.0,10.0,-24.0,0.00784158,0.0021723232,-0.25260583,-0.0115509,0.000154164,-0.125907,0.12819022884165485,50.72083057012813,49.97332878308712
PART-SUPPORTBEAM-1,91,SupportBeam/B31,-60.0,-10.0,-24.0,-0.00784158,-0.0021723232,-0.25260583,0.0115509,-0.000154164,-0.125907,0.12819022884165485,50.72083057012813,49.97332878308712
PART-SUPPORTBEAM-1,226,SupportBeam/B31,60.0,-10.0,-24.0,0.00784158,-0.0021723232,-0.25260583,-0.0115509,-0.000154164,-0.125907,0.12819022884165485,50.72083057012813,49.97332878308712
PART-PIER-2,7,Pier/C3D8R,-10.0,-10.0,150.0,0.004063223,0.23465252,-0.015989803,0.00335229,0.106512,-0.0127731,0.12818285950075814,54.49215295324256,54.373716279154905
PART-PIER-2,11,Pier/C3D8R,10.0,-10.0,150.0,-0.004063223,0.23465252,-0.015989803,-0.00335229,0.106512,-0.0127731,0.12818285950075814,54.49215295324256,54.373716279154905
PART-PIER-1,6,Pier/C3D8R,-10.0,10.0,150.0,0.004063223,-0.23465252,-0.015989803,0.00335229,-0.106512,-0.0127731,0.12818285950075814,54.49215295324256,54.373716279154905
PART-PIER-1,12,Pier/C3D8R,10.0,10.0,150.0,-0.004063223,-0.23465252,-0.015989803,-0.00335229,-0.106512,-0.0127731,0.12818285950075814,54.49215295324256,54.373716279154905
PART-PIER-2,272,Pier/C3D8R,-6.66667,-15.0,150.0,-0.00070248405,0.2314409,-0.010022953,-0.000771253,0.103865,-0.00873625,0.1275824070731882,55.073390344870575,55.005131097145544
PART-PIER-2,510,Pier/C3D8R,6.66667,-15.0,150.0,0.00070248405,0.2314409,-0.010022953,0.000771253,0.103865,-0.00873625,0.1275824070731882,55.073390344870575,55.005131097145544
PART-PIER-1,272,Pier/C3D8R,-6.66667,15.0,150.0,-0.00070248405,-0.2314409,-0.010022953,-0.000771253,-0.103865,-0.00873625,0.1275824070731882,55.073390344870575,55.005131097145544
PART-PIER-1,510,Pier/C3D8R,6.66667,15.0,150.0,0.00070248405,-0.2314409,-0.010022953,0.000771253,-0.103865,-0.00873625,0.1275824070731882,55.073390344870575,55.005131097145544
PART-PIER-2,20,Pier/C3D8R,-6.66667,-20.0,150.0,0.0011171544,0.23394822,-0.012922091,0.00108593,0.106402,-0.0127583,0.12754632898967824,54.435447638984115,54.261096855650734
PART-PIER-2,190,Pier/C3D8R,6.66667,-20.0,150.0,-0.0011171544,0.23394822,-0.012922091,-0.00108593,0.106402,-0.0127583,0.12754632898967824,54.435447638984115,54.261096855650734
PART-PIER-1,24,Pier/C3D8R,-6.66667,20.0,150.0,0.0011171544,-0.23394822,-0.012922091,0.00108593,-0.106402,-0.0127583,0.12754632898967824,54.435447638984115,54.261096855650734
PART-PIER-1,186,Pier/C3D8R,6.66667,20.0,150.0,-0.0011171544,-0.23394822,-0.012922091,-0.00108593,-0.106402,-0.0127583,0.12754632898967824,54.435447638984115,54.261096855650734
PART-SUPPORTBEAM-2,190,SupportBeam/B31,-61.53846,10.0,-30.0,-0.008682342,0.0026606522,-0.25116864,0.0197809,0.000207654,-0.126892,0.127518063798857,50.736749269946934,48.902514312856816
PART-SUPPORTBEAM-2,214,SupportBeam/B31,61.53846,10.0,-30.0,0.008682342,0.0026606522,-0.25116864,-0.0197809,0.000207654,-0.126892,0.127518063798857,50.736749269946934,48.902514312856816
PART-SUPPORTBEAM-1,190,SupportBeam/B31,-61.53846,-10.0,-30.0,-0.008682342,-0.0026606522,-0.25116864,0.0197809,-0.000207654,-0.126892,0.127518063798857,50.736749269946934,48.902514312856816
PART-SUPPORTBEAM-1,214,SupportBeam/B31,61.53846,-10.0,-30.0,0.008682342,-0.0026606522,-0.25116864,-0.0197809,-0.000207654,-0.126892,0.127518063798857,50.736749269946934,48.902514312856816
PART-PIER-2,271,Pier/C3D8R,-3.33333,-15.0,150.0,0.0025977965,0.23194312,-0.02783482,0.00231439,0.105022,-0.0236076,0.12699181237476315,54.357864966441724,53.91374761959068
PART-PIER-2,509,Pier/C3D8R,3.33333,-15.0,150.0,-0.0025977965,0.23194312,-0.02783482,-0.00231439,0.105022,-0.0236076,0.12699181237476315,54.357864966441724,53.91374761959068
PART-PIER-1,271,Pier/C3D8R,-3.33333,15.0,150.0,0.0025977965,-0.23194312,-0.02783482,0.00231439,-0.105022,-0.0236076,0.12699181237476315,54.357864966441724,53.91374761959068
PART-PIER-1,509,Pier/C3D8R,3.33333,15.0,150.0,-0.0025977965,-0.23194312,-0.02783482,-0.00231439,-0.105022,-0.0236076,0.12699181237476315,54.357864966441724,53.91374761959068
PART-PIER-2,6,Pier/C3D8R,-10.0,-20.0,150.0,0.0014542649,0.22852807,0.0016458009,0.00181972,0.101731,-0.00394165,0.12692064499353495,55.53575285393711,55.44578295026324
PART-PIER-2,12,Pier/C3D8R,10.0,-20.0,150.0,-0.0014542649,0.22852807,0.0016458009,-0.00181972,0.101731,-0.00394165,0.12692064499353495,55.53575285393711,55.44578295026324
PART-PIER-1,7,Pier/C3D8R,-10.0,20.0,150.0,0.0014542649,-0.22852807,0.0016458009,0.00181972,-0.101731,-0.00394165,0.12692064499353495,55.53575285393711,55.44578295026324
PART-PIER-1,11,Pier/C3D8R,10.0,20.0,150.0,-0.0014542649,-0.22852807,0.0016458009,-0.00181972,-0.101731,-0.00394165,0.12692064499353495,55.53575285393711,55.44578295026324
PART-PIER-2,22,Pier/C3D8R,-10.0,-15.0,150.0,-0.0011506098,0.23074827,-0.02538402,-0.0018445,0.104145,-0.0189741,0.12676733227732195,54.60740016458162,54.392191867351094
PART-PIER-2,188,Pier/C3D8R,10.0,-15.0,150.0,0.0011506098,0.23074827,-0.02538402,0.0018445,0.104145,-0.0189741,0.12676733227732195,54.60740016458162,54.392191867351094
PART-PIER-1,22,Pier/C3D8R,-10.0,15.0,150.0,-0.0011506098,-0.23074827,-0.02538402,-0.0018445,-0.104145,-0.0189741,0.12676733227732195,54.60740016458162,54.392191867351094
PART-PIER-1,188,Pier/C3D8R,10.0,15.0,150.0,0.0011506098,-0.23074827,-0.02538402,0.0018445,-0.104145,-0.0189741,0.12676733227732195,54.60740016458162,54.392191867351094
PART-PIER-2,24,Pier/C3D8R,-6.66667,-10.0,150.0,-0.0013506705,0.2281314,-0.04573216,-0.000350969,0.102474,-0.0292826,0.12673345888928744,54.46825115962719,54.19499740917567
PART-PIER-2,186,Pier/C3D8R,6.66667,-10.0,150.0,0.0013506705,0.2281314,-0.04573216,0.000350969,0.102474,-0.0292826,0.12673345888928744,54.46825115962719,54.19499740917567
PART-PIER-1,20,Pier/C3D8R,-6.66667,10.0,150.0,-0.0013506705,-0.2281314,-0.04573216,-0.000350969,-0.102474,-0.0292826,0.12673345888928744,54.46825115962719,54.19499740917567
PART-PIER-1,190,Pier/C3D8R,6.66667,10.0,150.0,0.0013506705,-0.2281314,-0.04573216,0.000350969,-0.102474,-0.0292826,0.12673345888928744,54.46825115962719,54.19499740917567
PART-FLOOR-1,314,Floor/S4R,55.0,-5.0,0.0,-0.0060236575,-0.00016507134,-0.30962527,-0.00267989,-8.47052e-05,-0.183222,0.12644751443386865,40.83115505134085,40.82946654406298
PART-FLOOR-1,316,Floor/S4R,55.0,5.0,0.0,-0.0060236575,0.00016507134,-0.30962527,-0.00267989,8.47052e-05,-0.183222,0.12644751443386865,40.83115505134085,40.82946654406298
PART-FLOOR-1,371,Floor/S4R,-55.0,-5.0,0.0,0.0060236575,-0.00016507134,-0.30962527,0.00267989,-8.47052e-05,-0.183222,0.12644751443386865,40.83115505134085,40.82946654406298
PART-FLOOR-1,373,Floor/S4R,-55.0,5.0,0.0,0.0060236575,0.00016507134,-0.30962527,0.00267989,8.47052e-05,-0.183222,0.12644751443386865,40.83115505134085,40.82946654406298
PART-PIER-2,21,Pier/C3D8R,-3.33333,-20.0,150.0,-0.0022069712,0.22988835,0.0037585278,-0.00208899,0.103746,0.000571352,0.1261826631224201,54.878809689649344,54.869415176055305
PART-PIER-2,189,Pier/C3D8R,3.33333,-20.0,150.0,0.0022069712,0.22988835,0.0037585278,0.00208899,0.103746,0.000571352,0.1261826631224201,54.878809689649344,54.869415176055305
PART-PIER-1,23,Pier/C3D8R,-3.33333,20.0,150.0,-0.0022069712,-0.22988835,0.0037585278,-0.00208899,-0.103746,0.000571352,0.1261826631224201,54.878809689649344,54.869415176055305
PART-PIER-1,187,Pier/C3D8R,3.33333,20.0,150.0,0.0022069712,-0.22988835,0.0037585278,0.00208899,-0.103746,0.000571352,0.1261826631224201,54.878809689649344,54.869415176055305
PART-FLOOR-1,77,Floor/S4R,50.0,5.0,0.0,-0.003005139,0.0001039606,-0.29615474,-0.00244398,6.87723e-05,-0.170497,0.12565899792512808,42.427996057936724,42.42680662998144
PART-FLOOR-1,79,Floor/S4R,50.0,-5.0,0.0,-0.003005139,-0.0001039606,-0.29615474,-0.00244398,-6.87723e-05,-0.170497,0.12565899792512808,42.427996057936724,42.42680662998144
PART-FLOOR-1,119,Floor/S4R,-50.0,5.0,0.0,0.003005139,0.0001039606,-0.29615474,0.00244398,6.87723e-05,-0.170497,0.12565899792512808,42.427996057936724,42.42680662998144
PART-FLOOR-1,121,Floor/S4R,-50.0,-5.0,0.0,0.003005139,-0.0001039606,-0.29615474,0.00244398,-6.87723e-05,-0.170497,0.12565899792512808,42.427996057936724,42.42680662998144
PART-PIER-2,180,Pier/C3D8R,0.0,-20.0,145.0,-4.9229995e-15,0.22702451,0.01012533,-1.32255e-13,0.102594,0.000879628,0.12477353415020713,54.9057988578182,54.85250452037509
PART-PIER-1,64,Pier/C3D8R,0.0,20.0,145.0,-2.4703032e-14,-0.22702451,0.01012533,-1.08866e-13,-0.102594,0.000879628,0.12477353415020713,54.9057988578182,54.85250452037509
PART-PIER-2,5,Pier/C3D8R,0.0,-20.0,150.0,-5.3215984e-15,0.22275291,-0.046946015,-1.33705e-13,0.099436,-0.0321051,0.12420673512328277,54.56130665869624,54.09962394210673
PART-PIER-1,8,Pier/C3D8R,0.0,20.0,150.0,-2.4602761e-14,-0.22275291,-0.046946015,-1.14516e-13,-0.099436,-0.0321051,0.12420673512328277,54.56130665869624,54.09962394210673
PART-PIER-2,427,Pier/C3D8R,-3.41667,-20.0,145.0,0.0019269456,0.2203626,0.00030683845,0.00153477,0.098256,-0.00685257,0.12231693543665638,55.504945328587354,55.299691711643526
PART-PIER-2,587,Pier/C3D8R,3.41667,-20.0,145.0,-0.0019269456,0.2203626,0.00030683845,-0.00153477,0.098256,-0.00685257,0.12231693543665638,55.504945328587354,55.299691711643526
PART-PIER-1,349,Pier/C3D8R,-3.41667,20.0,145.0,0.0019269456,-0.2203626,0.00030683845,0.00153477,-0.098256,-0.00685257,0.12231693543665638,55.504945328587354,55.299691711643526
PART-PIER-1,665,Pier/C3D8R,3.41667,20.0,145.0,-0.0019269456,-0.2203626,0.00030683845,-0.00153477,-0.098256,-0.00685257,0.12231693543665638,55.504945328587354,55.299691711643526
PART-PIER-2,350,Pier/C3D8R,-6.83333,-10.0,145.0,0.0010168793,0.22105315,-0.028969446,0.000537569,0.0994307,-0.0198211,0.12196697223798704,54.70704551991319,54.5232164514447
PART-PIER-2,666,Pier/C3D8R,6.83333,-10.0,145.0,-0.0010168793,0.22105315,-0.028969446,-0.000537569,0.0994307,-0.0198211,0.12196697223798704,54.70704551991319,54.5232164514447
PART-PIER-1,428,Pier/C3D8R,-6.83333,10.0,145.0,0.0010168793,-0.22105315,-0.028969446,0.000537569,-0.0994307,-0.0198211,0.12196697223798704,54.70704551991319,54.5232164514447
PART-PIER-1,588,Pier/C3D8R,6.83333,10.0,145.0,-0.0010168793,-0.22105315,-0.028969446,-0.000537569,-0.0994307,-0.0198211,0.12196697223798704,54.70704551991319,54.5232164514447
PART-SUPPORTBEAM-2,92,SupportBeam/B31,-63.33333,10.0,-22.0,-0.008461172,0.0020012218,-0.25437677,0.00788209,0.000166804,-0.133891,0.12160299368830724,47.77638417536419,47.30468805666541
PART-SUPPORTBEAM-2,227,SupportBeam/B31,63.33333,10.0,-22.0,0.008461172,0.0020012218,-0.25437677,-0.00788209,0.000166804,-0.133891,0.12160299368830724,47.77638417536419,47.30468805666541
PART-SUPPORTBEAM-1,92,SupportBeam/B31,-63.33333,-10.0,-22.0,-0.008461172,-0.0020012218,-0.25437677,0.00788209,-0.000166804,-0.133891,0.12160299368830724,47.77638417536419,47.30468805666541
PART-SUPPORTBEAM-1,227,SupportBeam/B31,63.33333,-10.0,-22.0,0.008461172,-0.0020012218,-0.25437677,-0.00788209,-0.000166804,-0.133891,0.12160299368830724,47.77638417536419,47.30468805666541
PART-PIER-2,103,Pier/C3D8R,-10.25,-20.0,145.0,5.2322503e-05,0.2204622,-0.00017445594,-0.001116,0.099257,-0.00505354,0.12130898955055046,55.02482881562534,54.91662716654114
PART-PIER-2,229,Pier/C3D8R,10.25,-20.0,145.0,-5.2322503e-05,0.2204622,-0.00017445594,0.001116,0.099257,-0.00505354,0.12130898955055046,55.02482881562534,54.91662716654114
PART-PIER-1,63,Pier/C3D8R,-10.25,20.0,145.0,5.2322503e-05,-0.2204622,-0.00017445594,-0.001116,-0.099257,-0.00505354,0.12130898955055046,55.02482881562534,54.91662716654114
PART-PIER-1,230,Pier/C3D8R,10.25,20.0,145.0,-5.2322503e-05,-0.2204622,-0.00017445594,0.001116,-0.099257,-0.00505354,0.12130898955055046,55.02482881562534,54.91662716654114
PART-PIER-2,782,Pier/C3D8R,-3.41667,-15.0,145.0,-0.0018399628,0.21858588,-0.023425482,-0.00147154,0.0976946,-0.0148352,0.12119665944339178,55.128173068437135,55.0476852210945
PART-PIER-2,860,Pier/C3D8R,3.41667,-15.0,145.0,0.0018399628,0.21858588,-0.023425482,0.00147154,0.0976946,-0.0148352,0.12119665944339178,55.128173068437135,55.0476852210945
PART-PIER-1,782,Pier/C3D8R,-3.41667,15.0,145.0,-0.0018399628,-0.21858588,-0.023425482,-0.00147154,-0.0976946,-0.0148352,0.12119665944339178,55.128173068437135,55.0476852210945
PART-PIER-1,860,Pier/C3D8R,3.41667,15.0,145.0,0.0018399628,-0.21858588,-0.023425482,0.00147154,-0.0976946,-0.0148352,0.12119665944339178,55.128173068437135,55.0476852210945
PART-PIER-2,467,Pier/C3D8R,0.0,-15.0,145.0,-3.8548232e-15,0.21874021,-0.034044404,-1.0365e-13,0.0980113,-0.0237771,0.12116471120427974,54.73311810789653,54.44165521962104
PART-PIER-1,467,Pier/C3D8R,0.0,15.0,145.0,-2.4905516e-14,-0.21874021,-0.034044404,-8.35152e-14,-0.0980113,-0.0237771,0.12116471120427974,54.73311810789653,54.44165521962104
PART-PIER-2,506,Pier/C3D8R,-10.25,-15.0,145.0,0.0002654065,0.21868919,-0.022812828,0.00147922,0.097963,-0.0165018,0.12089712721791891,54.98422961405216,54.81355553285323
PART-PIER-2,705,Pier/C3D8R,10.25,-15.0,145.0,-0.0002654065,0.21868919,-0.022812828,-0.00147922,0.097963,-0.0165018,0.12089712721791891,54.98422961405216,54.81355553285323
PART-PIER-1,506,Pier/C3D8R,-10.25,15.0,145.0,0.0002654065,-0.21868919,-0.022812828,0.00147922,-0.097963,-0.0165018,0.12089712721791891,54.98422961405216,54.81355553285323
PART-PIER-1,705,Pier/C3D8R,10.25,15.0,145.0,-0.0002654065,-0.21868919,-0.022812828,-0.00147922,-0.097963,-0.0165018,0.12089712721791891,54.98422961405216,54.81355553285323
PART-PIER-2,783,Pier/C3D8R,-6.83333,-15.0,145.0,0.0006925068,0.21871072,-0.013063706,0.000376133,0.0979121,-0.0122189,0.1208019883257861,55.13514204612224,54.96505296588988
PART-PIER-2,861,Pier/C3D8R,6.83333,-15.0,145.0,-0.0006925068,0.21871072,-0.013063706,-0.000376133,0.0979121,-0.0122189,0.1208019883257861,55.13514204612224,54.96505296588988
PART-PIER-1,783,Pier/C3D8R,-6.83333,15.0,145.0,0.0006925068,-0.21871072,-0.013063706,0.000376133,-0.0979121,-0.0122189,0.1208019883257861,55.13514204612224,54.96505296588988
PART-PIER-1,861,Pier/C3D8R,6.83333,15.0,145.0,-0.0006925068,-0.21871072,-0.013063706,-0.000376133,-0.0979121,-0.0122189,0.1208019883257861,55.13514204612224,54.96505296588988
PART-PIER-2,63,Pier/C3D8R,-10.25,-10.0,145.0,-0.0036424438,0.21592966,-0.031630542,-0.00324343,0.0956559,-0.0208231,0.12075900529208393,55.32691972102268,55.1233192823726
PART-PIER-2,230,Pier/C3D8R,10.25,-10.0,145.0,0.0036424438,0.21592966,-0.031630542,0.00324343,0.0956559,-0.0208231,0.12075900529208393,55.32691972102268,55.1233192823726
PART-PIER-1,103,Pier/C3D8R,-10.25,10.0,145.0,-0.0036424438,-0.21592966,-0.031630542,-0.00324343,-0.0956559,-0.0208231,0.12075900529208393,55.32691972102268,55.1233192823726
PART-PIER-1,229,Pier/C3D8R,10.25,10.0,145.0,0.0036424438,-0.21592966,-0.031630542,0.00324343,-0.0956559,-0.0208231,0.12075900529208393,55.32691972102268,55.1233192823726
PART-SUPPORTBEAM-2,191,SupportBeam/B31,-65.38461,10.0,-30.0,-0.008786576,0.002653677,-0.25230306,0.0190193,0.000243273,-0.134919,0.12065651383018737,47.79044385734036,46.03192299956224
PART-SUPPORTBEAM-2,215,SupportBeam/B31,65.38461,10.0,-30.0,0.008786576,0.002653677,-0.25230306,-0.0190193,0.000243273,-0.134919,0.12065651383018737,47.79044385734036,46.03192299956224
PART-SUPPORTBEAM-1,191,SupportBeam/B31,-65.38461,-10.0,-30.0,-0.008786576,-0.002653677,-0.25230306,0.0190193,-0.000243273,-0.134919,0.12065651383018737,47.79044385734036,46.03192299956224
PART-SUPPORTBEAM-1,215,SupportBeam/B31,65.38461,-10.0,-30.0,0.008786576,-0.002653677,-0.25230306,-0.0190193,-0.000243273,-0.134919,0.12065651383018737,47.79044385734036,46.03192299956224
PART-PIER-2,428,Pier/C3D8R,-6.83333,-20.0,145.0,-0.00057321996,0.21664025,-0.010819974,-0.000409749,0.0964086,-0.0107001,0.12023182088886927,55.4290929977286,55.280545004334854
PART-PIER-2,588,Pier/C3D8R,6.83333,-20.0,145.0,0.00057321996,0.21664025,-0.010819974,0.000409749,0.0964086,-0.0107001,0.12023182088886927,55.4290929977286,55.280545004334854
PART-PIER-1,350,Pier/C3D8R,-6.83333,20.0,145.0,-0.00057321996,-0.21664025,-0.010819974,-0.000409749,-0.0964086,-0.0107001,0.12023182088886927,55.4290929977286,55.280545004334854
PART-PIER-1,666,Pier/C3D8R,6.83333,20.0,145.0,0.00057321996,-0.21664025,-0.010819974,0.000409749,-0.0964086,-0.0107001,0.12023182088886927,55.4290929977286,55.280545004334854
PART-PIER-2,349,Pier/C3D8R,-3.41667,-10.0,145.0,-0.00035093862,0.21737517,-0.03268443,0.000229559,0.0978326,-0.0234689,0.11989866143069582,54.54428530030341,54.23121688128501
PART-PIER-2,665,Pier/C3D8R,3.41667,-10.0,145.0,0.00035093862,0.21737517,-0.03268443,-0.000229559,0.0978326,-0.0234689,0.11989866143069582,54.54428530030341,54.23121688128501
PART-PIER-1,427,Pier/C3D8R,-3.41667,10.0,145.0,-0.00035093862,-0.21737517,-0.03268443,0.000229559,-0.0978326,-0.0234689,0.11989866143069582,54.54428530030341,54.23121688128501
PART-PIER-1,587,Pier/C3D8R,3.41667,10.0,145.0,0.00035093862,-0.21737517,-0.03268443,-0.000229559,-0.0978326,-0.0234689,0.11989866143069582,54.54428530030341,54.23121688128501
PART-PIER-2,65,Pier/C3D8R,0.0,-10.0,140.0,-2.1942638e-15,0.21287036,-0.043640763,-7.39133e-14,0.0954151,-0.0268709,0.11864639230379645,54.60084127989392,54.38212085380236
PART-PIER-1,179,Pier/C3D8R,0.0,10.0,140.0,-2.443152e-14,-0.21287036,-0.043640763,-5.22553e-14,-0.0954151,-0.0268709,0.11864639230379645,54.60084127989392,54.38212085380236
PART-PIER-2,64,Pier/C3D8R,0.0,-10.0,145.0,-1.8367679e-15,0.21005748,-0.007991151,-7.93062e-14,0.092738,-0.0082233,0.1173197096852383,55.81086971024044,55.70994266173114
PART-PIER-1,180,Pier/C3D8R,0.0,10.0,145.0,-2.558189e-14,-0.21005748,-0.007991151,-5.43615e-14,-0.092738,-0.0082233,0.1173197096852383,55.81086971024044,55.70994266173114
PART-PIER-2,347,Pier/C3D8R,-3.5,-10.0,140.0,0.00036375888,0.20762113,-0.028414344,-3.16955e-05,0.091828,-0.0190438,0.11617233936793858,55.43716769387312,55.247486891411015
PART-PIER-2,663,Pier/C3D8R,3.5,-10.0,140.0,-0.00036375888,0.20762113,-0.028414344,3.16955e-05,0.091828,-0.0190438,0.11617233936793858,55.43716769387312,55.247486891411015
PART-PIER-1,425,Pier/C3D8R,-3.5,10.0,140.0,0.00036375888,-0.20762113,-0.028414344,-3.16955e-05,-0.091828,-0.0190438,0.11617233936793858,55.43716769387312,55.247486891411015
PART-PIER-1,585,Pier/C3D8R,3.5,10.0,140.0,-0.00036375888,-0.20762113,-0.028414344,3.16955e-05,-0.091828,-0.0190438,0.11617233936793858,55.43716769387312,55.247486891411015
PART-SUPPORTBEAM-2,93,SupportBeam/B31,-66.66666,10.0,-20.0,-0.008959344,0.0018299806,-0.2559395,0.0046135,0.000176868,-0.141202,0.11554933483913533,45.11834034259104,44.835645360622564
PART-SUPPORTBEAM-2,228,SupportBeam/B31,66.66666,10.0,-20.0,0.008959344,0.0018299806,-0.2559395,-0.0046135,0.000176868,-0.141202,0.11554933483913533,45.11834034259104,44.835645360622564
PART-SUPPORTBEAM-1,93,SupportBeam/B31,-66.66666,-10.0,-20.0,-0.008959344,-0.0018299806,-0.2559395,0.0046135,-0.000176868,-0.141202,0.11554933483913533,45.11834034259104,44.835645360622564
PART-SUPPORTBEAM-1,228,SupportBeam/B31,66.66666,-10.0,-20.0,0.008959344,-0.0018299806,-0.2559395,-0.0046135,-0.000176868,-0.141202,0.11554933483913533,45.11834034259104,44.835645360622564
PART-PIER-2,426,Pier/C3D8R,-7.0,-20.0,140.0,0.0006301326,0.20751642,-0.0026383842,0.00043737,0.0923616,-0.00605343,0.11520560865022353,55.51163969763302,55.39972862735344
PART-PIER-2,586,Pier/C3D8R,7.0,-20.0,140.0,-0.0006301326,0.20751642,-0.0026383842,-0.00043737,0.0923616,-0.00605343,0.11520560865022353,55.51163969763302,55.39972862735344
PART-PIER-1,348,Pier/C3D8R,-7.0,20.0,140.0,0.0006301326,-0.20751642,-0.0026383842,0.00043737,-0.0923616,-0.00605343,0.11520560865022353,55.51163969763302,55.39972862735344
PART-PIER-1,664,Pier/C3D8R,7.0,20.0,140.0,-0.0006301326,-0.20751642,-0.0026383842,-0.00043737,-0.0923616,-0.00605343,0.11520560865022353,55.51163969763302,55.39972862735344
PART-PIER-2,62,Pier/C3D8R,-10.5,-10.0,140.0,0.0020878792,0.20772097,-0.027269647,0.00186178,0.0928802,-0.0194902,0.11510418485297114,54.93873665578831,54.69443685526315
PART-PIER-2,231,Pier/C3D8R,10.5,-10.0,140.0,-0.0020878792,0.20772097,-0.027269647,-0.00186178,0.0928802,-0.0194902,0.11510418485297114,54.93873665578831,54.69443685526315
PART-PIER-1,104,Pier/C3D8R,-10.5,10.0,140.0,0.0020878792,-0.20772097,-0.027269647,0.00186178,-0.0928802,-0.0194902,0.11510418485297114,54.93873665578831,54.69443685526315
PART-PIER-1,228,Pier/C3D8R,10.5,10.0,140.0,-0.0020878792,-0.20772097,-0.027269647,-0.00186178,-0.0928802,-0.0194902,0.11510418485297114,54.93873665578831,54.69443685526315
PART-FLOOR-1,312,Floor/S4R,60.0,0.0,0.0,-0.0060753063,7.950735e-15,-0.36020395,-0.00288187,-8.59472e-14,-0.245379,0.11486934829581237,31.885550735470243,31.882749788526816
PART-FLOOR-1,375,Floor/S4R,-60.0,0.0,0.0,0.0060753063,5.435939e-15,-0.36020395,0.00288187,-7.59483e-14,-0.245379,0.11486934829581237,31.885550735470243,31.882749788526816
PART-PIER-2,348,Pier/C3D8R,-7.0,-10.0,140.0,-0.0019072506,0.20490746,-0.032801796,-0.00102771,0.0907211,-0.0211143,0.11478630564865595,55.312013679228954,55.113174672111306
PART-PIER-2,664,Pier/C3D8R,7.0,-10.0,140.0,0.0019072506,0.20490746,-0.032801796,0.00102771,0.0907211,-0.0211143,0.11478630564865595,55.312013679228954,55.113174672111306
PART-PIER-1,426,Pier/C3D8R,-7.0,10.0,140.0,-0.0019072506,-0.20490746,-0.032801796,-0.00102771,-0.0907211,-0.0211143,0.11478630564865595,55.312013679228954,55.113174672111306
PART-PIER-1,586,Pier/C3D8R,7.0,10.0,140.0,0.0019072506,-0.20490746,-0.032801796,0.00102771,-0.0907211,-0.0211143,0.11478630564865595,55.312013679228954,55.113174672111306
PART-PIER-2,505,Pier/C3D8R,-10.5,-15.0,140.0,0.0003057182,0.20596176,-0.015199115,-0.000683703,0.0912751,-0.0127165,0.11471779423221505,55.54748250988503,55.37560362708756
PART-PIER-2,704,Pier/C3D8R,10.5,-15.0,140.0,-0.0003057182,0.20596176,-0.015199115,0.000683703,0.0912751,-0.0127165,0.11471779423221505,55.54748250988503,55.37560362708756
PART-PIER-1,505,Pier/C3D8R,-10.5,15.0,140.0,0.0003057182,-0.20596176,-0.015199115,-0.000683703,-0.0912751,-0.0127165,0.11471779423221505,55.54748250988503,55.37560362708756
PART-PIER-1,704,Pier/C3D8R,10.5,15.0,140.0,-0.0003057182,-0.20596176,-0.015199115,0.000683703,-0.0912751,-0.0127165,0.11471779423221505,55.54748250988503,55.37560362708756
PART-PIER-2,466,Pier/C3D8R,0.0,-15.0,140.0,-3.0046935e-15,0.20628075,-0.010387057,-1.01562e-13,0.0915859,-0.0103153,0.11469487244680798,55.530989976564705,55.37714845990307
PART-PIER-1,466,Pier/C3D8R,0.0,15.0,140.0,-2.4212388e-14,-0.20628075,-0.010387057,-7.93069e-14,-0.0915859,-0.0103153,0.11469487244680798,55.530989976564705,55.37714845990307
PART-PIER-2,781,Pier/C3D8R,-7.0,-15.0,140.0,-0.00063524314,0.2061251,-0.020733684,-0.000335838,0.0915772,-0.0157608,0.11465618436493216,55.34501711759433,55.14512234405983
PART-PIER-2,859,Pier/C3D8R,7.0,-15.0,140.0,0.00063524314,0.2061251,-0.020733684,0.000335838,0.0915772,-0.0157608,0.11465618436493216,55.34501711759433,55.14512234405983
PART-PIER-1,781,Pier/C3D8R,-7.0,15.0,140.0,-0.00063524314,-0.2061251,-0.020733684,-0.000335838,-0.0915772,-0.0157608,0.11465618436493216,55.34501711759433,55.14512234405983
PART-PIER-1,859,Pier/C3D8R,7.0,15.0,140.0,0.00063524314,-0.2061251,-0.020733684,0.000335838,-0.0915772,-0.0157608,0.11465618436493216,55.34501711759433,55.14512234405983
PART-PIER-2,780,Pier/C3D8R,-3.5,-15.0,140.0,0.000717886,0.20633988,-0.014329005,0.000621096,0.0916885,-0.0132904,0.11465612501979354,55.432799303704925,55.207079002209994
PART-PIER-2,858,Pier/C3D8R,3.5,-15.0,140.0,-0.000717886,0.20633988,-0.014329005,-0.000621096,0.0916885,-0.0132904,0.11465612501979354,55.432799303704925,55.207079002209994
PART-PIER-1,780,Pier/C3D8R,-3.5,15.0,140.0,0.000717886,-0.20633988,-0.014329005,0.000621096,-0.0916885,-0.0132904,0.11465612501979354,55.432799303704925,55.207079002209994
PART-PIER-1,858,Pier/C3D8R,3.5,15.0,140.0,-0.000717886,-0.20633988,-0.014329005,-0.000621096,-0.0916885,-0.0132904,0.11465612501979354,55.432799303704925,55.207079002209994
PART-SUPPORTBEAM-2,192,SupportBeam/B31,-69.23077,10.0,-30.0,-0.00889081,0.002647044,-0.25309554,0.0182578,0.000278477,-0.142075,0.11431630433344663,45.136945720749964,43.44132386732704
PART-SUPPORTBEAM-2,216,SupportBeam/B31,69.23077,10.0,-30.0,0.00889081,0.002647044,-0.25309554,-0.0182578,0.000278477,-0.142075,0.11431630433344663,45.136945720749964,43.44132386732704
PART-SUPPORTBEAM-1,192,SupportBeam/B31,-69.23077,-10.0,-30.0,-0.00889081,-0.002647044,-0.25309554,0.0182578,-0.000278477,-0.142075,0.11431630433344663,45.136945720749964,43.44132386732704
PART-SUPPORTBEAM-1,216,SupportBeam/B31,69.23077,-10.0,-30.0,0.00889081,-0.002647044,-0.25309554,-0.0182578,-0.000278477,-0.142075,0.11431630433344663,45.136945720749964,43.44132386732704
PART-PIER-2,104,Pier/C3D8R,-10.5,-20.0,140.0,-0.00048103952,0.20502795,-0.008561309,0.00037693,0.0908758,-0.0100701,0.11416534461736375,55.63418556044296,55.44365655182004
PART-PIER-2,228,Pier/C3D8R,10.5,-20.0,140.0,0.00048103952,0.20502795,-0.008561309,-0.00037693,0.0908758,-0.0100701,0.11416534461736375,55.63418556044296,55.44365655182004
PART-PIER-1,62,Pier/C3D8R,-10.5,20.0,140.0,-0.00048103952,-0.20502795,-0.008561309,0.00037693,-0.0908758,-0.0100701,0.11416534461736375,55.63418556044296,55.44365655182004
PART-PIER-1,231,Pier/C3D8R,10.5,20.0,140.0,0.00048103952,-0.20502795,-0.008561309,-0.00037693,-0.0908758,-0.0100701,0.11416534461736375,55.63418556044296,55.44365655182004
PART-FLOOR-1,75,Floor/S4R,60.0,10.0,0.0,-0.0060286354,-2.8867395e-05,-0.3402683,-0.00288845,0.000134601,-0.226154,0.11415761451060785,33.54403014478967,33.54156279707575
PART-FLOOR-1,81,Floor/S4R,60.0,-10.0,0.0,-0.0060286354,2.8867395e-05,-0.3402683,-0.00288845,-0.000134601,-0.226154,0.11415761451060785,33.54403014478967,33.54156279707575
PART-FLOOR-1,132,Floor/S4R,-60.0,10.0,0.0,0.0060286354,-2.8867395e-05,-0.3402683,0.00288845,0.000134601,-0.226154,0.11415761451060785,33.54403014478967,33.54156279707575
PART-FLOOR-1,150,Floor/S4R,-60.0,-10.0,0.0,0.0060286354,2.8867395e-05,-0.3402683,0.00288845,-0.000134601,-0.226154,0.11415761451060785,33.54403014478967,33.54156279707575
PART-PIER-2,425,Pier/C3D8R,-3.5,-20.0,140.0,-0.0008490232,0.20498818,-0.009729556,-0.000740941,0.0914406,-0.009632,0.11354767334820864,55.329539786718364,55.19483116767662
PART-PIER-2,585,Pier/C3D8R,3.5,-20.0,140.0,0.0008490232,0.20498818,-0.009729556,0.000740941,0.0914406,-0.009632,0.11354767334820864,55.329539786718364,55.19483116767662
PART-PIER-1,347,Pier/C3D8R,-3.5,20.0,140.0,-0.0008490232,-0.20498818,-0.009729556,-0.000740941,-0.0914406,-0.009632,0.11354767334820864,55.329539786718364,55.19483116767662
PART-PIER-1,663,Pier/C3D8R,3.5,20.0,140.0,0.0008490232,-0.20498818,-0.009729556,0.000740941,-0.0914406,-0.009632,0.11354767334820864,55.329539786718364,55.19483116767662
PART-FLOOR-1,315,Floor/S4R,55.0,0.0,0.0,-0.00347567,7.972867e-15,-0.32380554,-0.00265836,-8.74403e-14,-0.211365,0.11244351040023476,34.72362868711142,34.723309406423816
PART-FLOOR-1,372,Floor/S4R,-55.0,0.0,0.0,0.00347567,5.5545422e-15,-0.32380554,0.00265836,-7.80195e-14,-0.211365,0.11244351040023476,34.72362868711142,34.723309406423816
PART-PIER-2,179,Pier/C3D8R,0.0,-20.0,140.0,-5.113641e-15,0.20002824,-0.013648805,-1.26447e-13,0.0880874,-0.0119067,0.11195439513362852,55.839453310738286,55.665131412772425
PART-PIER-1,65,Pier/C3D8R,0.0,20.0,140.0,-2.420501e-14,-0.20002824,-0.013648805,-1.06918e-13,-0.0880874,-0.0119067,0.11195439513362852,55.839453310738286,55.665131412772425
PART-FLOOR-1,76,Floor/S4R,55.0,10.0,0.0,-0.0036443365,0.00044902856,-0.27593714,-0.00270869,0.000147679,-0.164804,0.11113748715977827,40.272813062733306,40.272000731609324
PART-FLOOR-1,80,Floor/S4R,55.0,-10.0,0.0,-0.0036443365,-0.00044902856,-0.27593714,-0.00270869,-0.000147679,-0.164804,0.11113748715977827,40.272813062733306,40.272000731609324
PART-FLOOR-1,131,Floor/S4R,-55.0,10.0,0.0,0.0036443365,0.00044902856,-0.27593714,0.00270869,0.000147679,-0.164804,0.11113748715977827,40.272813062733306,40.272000731609324
PART-FLOOR-1,151,Floor/S4R,-55.0,-10.0,0.0,0.0036443365,-0.00044902856,-0.27593714,0.00270869,-0.000147679,-0.164804,0.11113748715977827,40.272813062733306,40.272000731609324
PART-PIER-2,178,Pier/C3D8R,0.0,-20.0,135.0,-4.6623412e-15,0.19860217,-0.0031026497,-1.23332e-13,0.0880408,-0.00716841,0.11063610144565812,55.70060134029542,55.5284960435807
PART-PIER-1,66,Pier/C3D8R,0.0,20.0,135.0,-2.3429905e-14,-0.19860217,-0.0031026497,-1.03131e-13,-0.0880408,-0.00716841,0.11063610144565812,55.70060134029542,55.5284960435807
PART-SUPPORTBEAM-2,94,SupportBeam/B31,-70.0,10.0,-18.0,-0.00912179,0.0016586969,-0.25693688,0.0019374,0.000184475,-0.14752,0.10998423815529629,42.778095653178035,42.61747035102112
PART-SUPPORTBEAM-2,229,SupportBeam/B31,70.0,10.0,-18.0,0.00912179,0.0016586969,-0.25693688,-0.0019374,0.000184475,-0.14752,0.10998423815529629,42.778095653178035,42.61747035102112
PART-SUPPORTBEAM-1,94,SupportBeam/B31,-70.0,-10.0,-18.0,-0.00912179,-0.0016586969,-0.25693688,0.0019374,-0.000184475,-0.14752,0.10998423815529629,42.778095653178035,42.61747035102112
PART-SUPPORTBEAM-1,229,SupportBeam/B31,70.0,-10.0,-18.0,0.00912179,-0.0016586969,-0.25693688,-0.0019374,-0.000184475,-0.14752,0.10998423815529629,42.778095653178035,42.61747035102112
PART-PIER-2,423,Pier/C3D8R,-3.58333,-20.0,135.0,0.00022432118,0.19524746,-0.0036289229,0.000233487,0.0856976,-0.00724067,0.10960938202155059,56.128966985062824,55.95929869224909
PART-PIER-2,583,Pier/C3D8R,3.58333,-20.0,135.0,-0.00022432118,0.19524746,-0.0036289229,-0.000233487,0.0856976,-0.00724067,0.10960938202155059,56.128966985062824,55.95929869224909
PART-PIER-1,345,Pier/C3D8R,-3.58333,20.0,135.0,0.00022432118,-0.19524746,-0.0036289229,0.000233487,-0.0856976,-0.00724067,0.10960938202155059,56.128966985062824,55.95929869224909
PART-PIER-1,661,Pier/C3D8R,3.58333,20.0,135.0,-0.00022432118,-0.19524746,-0.0036289229,-0.000233487,-0.0856976,-0.00724067,0.10960938202155059,56.128966985062824,55.95929869224909
PART-PIER-2,346,Pier/C3D8R,-7.16667,-10.0,135.0,0.0012184127,0.1950517,-0.026674658,0.000629673,0.0860858,-0.0189814,0.10923873029241468,55.48746875036119,55.22151065688291
PART-PIER-2,662,Pier/C3D8R,7.16667,-10.0,135.0,-0.0012184127,0.1950517,-0.026674658,-0.000629673,0.0860858,-0.0189814,0.10923873029241468,55.48746875036119,55.22151065688291
PART-PIER-1,424,Pier/C3D8R,-7.16667,10.0,135.0,0.0012184127,-0.1950517,-0.026674658,0.000629673,-0.0860858,-0.0189814,0.10923873029241468,55.48746875036119,55.22151065688291
PART-PIER-1,584,Pier/C3D8R,7.16667,10.0,135.0,-0.0012184127,-0.1950517,-0.026674658,-0.000629673,-0.0860858,-0.0189814,0.10923873029241468,55.48746875036119,55.22151065688291
PART-PIER-2,61,Pier/C3D8R,-10.75,-10.0,135.0,-0.0024419618,0.19329219,-0.03248358,-0.00167729,0.0848657,-0.0211359,0.10902136624563194,55.61806682561837,55.37440789060084
PART-PIER-2,232,Pier/C3D8R,10.75,-10.0,135.0,0.0024419618,0.19329219,-0.03248358,0.00167729,0.0848657,-0.0211359,0.10902136624563194,55.61806682561837,55.37440789060084
PART-PIER-1,105,Pier/C3D8R,-10.75,10.0,135.0,-0.0024419618,-0.19329219,-0.03248358,-0.00167729,-0.0848657,-0.0211359,0.10902136624563194,55.61806682561837,55.37440789060084
PART-PIER-1,227,Pier/C3D8R,10.75,10.0,135.0,0.0024419618,-0.19329219,-0.03248358,0.00167729,-0.0848657,-0.0211359,0.10902136624563194,55.61806682561837,55.37440789060084
PART-PIER-2,105,Pier/C3D8R,-10.75,-20.0,135.0,0.0011915782,0.19451317,-0.0044756774,0.000375921,0.0855791,-0.00724108,0.10897221827132317,56.00717903867189,55.85831895992376
PART-PIER-2,227,Pier/C3D8R,10.75,-20.0,135.0,-0.0011915782,0.19451317,-0.0044756774,-0.000375921,0.0855791,-0.00724108,0.10897221827132317,56.00717903867189,55.85831895992376
PART-PIER-1,61,Pier/C3D8R,-10.75,20.0,135.0,0.0011915782,-0.19451317,-0.0044756774,0.000375921,-0.0855791,-0.00724108,0.10897221827132317,56.00717903867189,55.85831895992376
PART-PIER-1,232,Pier/C3D8R,10.75,20.0,135.0,-0.0011915782,-0.19451317,-0.0044756774,-0.000375921,-0.0855791,-0.00724108,0.10897221827132317,56.00717903867189,55.85831895992376
PART-PIER-2,778,Pier/C3D8R,-3.58333,-15.0,135.0,-0.00016542907,0.1942659,-0.020068934,-0.000153247,0.0856106,-0.0148051,0.10878272985576518,55.70036676858988,55.51380644622645
PART-PIER-2,856,Pier/C3D8R,3.58333,-15.0,135.0,0.00016542907,0.1942659,-0.020068934,0.000153247,0.0856106,-0.0148051,0.10878272985576518,55.70036676858988,55.51380644622645
PART-PIER-1,778,Pier/C3D8R,-3.58333,15.0,135.0,-0.00016542907,-0.1942659,-0.020068934,-0.000153247,-0.0856106,-0.0148051,0.10878272985576518,55.70036676858988,55.51380644622645
PART-PIER-1,856,Pier/C3D8R,3.58333,15.0,135.0,0.00016542907,-0.1942659,-0.020068934,0.000153247,-0.0856106,-0.0148051,0.10878272985576518,55.70036676858988,55.51380644622645
PART-PIER-2,465,Pier/C3D8R,0.0,-15.0,135.0,-3.0025948e-15,0.19436423,-0.0203642,-9.69332e-14,0.0857012,-0.0153615,0.10877812783860044,55.66144805028043,55.448046124184636
PART-PIER-1,465,Pier/C3D8R,0.0,15.0,135.0,-2.317682e-14,-0.19436423,-0.0203642,-7.58023e-14,-0.0857012,-0.0153615,0.10877812783860044,55.66144805028043,55.448046124184636
PART-PIER-2,779,Pier/C3D8R,-7.16667,-15.0,135.0,0.00023411764,0.19429275,-0.016214218,8.32635e-05,0.085592,-0.0133608,0.10873829960881665,55.77230420364279,55.56786588246412
PART-PIER-2,857,Pier/C3D8R,7.16667,-15.0,135.0,-0.00023411764,0.19429275,-0.016214218,-8.32635e-05,0.085592,-0.0133608,0.10873829960881665,55.77230420364279,55.56786588246412
PART-PIER-1,779,Pier/C3D8R,-7.16667,15.0,135.0,0.00023411764,-0.19429275,-0.016214218,8.32635e-05,-0.085592,-0.0133608,0.10873829960881665,55.77230420364279,55.56786588246412
PART-PIER-1,857,Pier/C3D8R,7.16667,15.0,135.0,-0.00023411764,-0.19429275,-0.016214218,-8.32635e-05,-0.085592,-0.0133608,0.10873829960881665,55.77230420364279,55.56786588246412
PART-PIER-2,504,Pier/C3D8R,-10.75,-15.0,135.0,-0.001063316,0.19410202,-0.019201174,-0.000128433,0.0857111,-0.0147431,0.1084865888875651,55.61922336043076,55.412002255982394
PART-PIER-2,703,Pier/C3D8R,10.75,-15.0,135.0,0.001063316,0.19410202,-0.019201174,0.000128433,0.0857111,-0.0147431,0.1084865888875651,55.61922336043076,55.412002255982394
PART-PIER-1,504,Pier/C3D8R,-10.75,15.0,135.0,-0.001063316,-0.19410202,-0.019201174,-0.000128433,-0.0857111,-0.0147431,0.1084865888875651,55.61922336043076,55.412002255982394
PART-PIER-1,703,Pier/C3D8R,10.75,15.0,135.0,0.001063316,-0.19410202,-0.019201174,0.000128433,-0.0857111,-0.0147431,0.1084865888875651,55.61922336043076,55.412002255982394
PART-SUPPORTBEAM-2,193,SupportBeam/B31,-73.07692,10.0,-30.0,-0.008995045,0.0026407347,-0.25320497,0.0174962,0.000313136,-0.148055,0.1084606839751583,42.80580376812658,41.16092472027717
PART-SUPPORTBEAM-2,217,SupportBeam/B31,73.07692,10.0,-30.0,0.008995045,0.0026407347,-0.25320497,-0.0174962,0.000313136,-0.148055,0.1084606839751583,42.80580376812658,41.16092472027717
PART-SUPPORTBEAM-1,193,SupportBeam/B31,-73.07692,-10.0,-30.0,-0.008995045,-0.0026407347,-0.25320497,0.0174962,-0.000313136,-0.148055,0.1084606839751583,42.80580376812658,41.16092472027717
PART-SUPPORTBEAM-1,217,SupportBeam/B31,73.07692,-10.0,-30.0,0.008995045,-0.0026407347,-0.25320497,-0.0174962,-0.000313136,-0.148055,0.1084606839751583,42.80580376812658,41.16092472027717
PART-PIER-2,345,Pier/C3D8R,-3.58333,-10.0,135.0,-0.0010266986,0.19354811,-0.031499512,-0.000489746,0.0856785,-0.021054,0.10837550369243452,55.26619351611258,55.00765213453324
PART-PIER-2,661,Pier/C3D8R,3.58333,-10.0,135.0,0.0010266986,0.19354811,-0.031499512,0.000489746,0.0856785,-0.021054,0.10837550369243452,55.26619351611258,55.00765213453324
PART-PIER-1,423,Pier/C3D8R,-3.58333,10.0,135.0,-0.0010266986,-0.19354811,-0.031499512,-0.000489746,-0.0856785,-0.021054,0.10837550369243452,55.26619351611258,55.00765213453324
PART-PIER-1,583,Pier/C3D8R,3.58333,10.0,135.0,0.0010266986,-0.19354811,-0.031499512,0.000489746,-0.0856785,-0.021054,0.10837550369243452,55.26619351611258,55.00765213453324
PART-PIER-2,424,Pier/C3D8R,-7.16667,-20.0,135.0,-0.00034618165,0.19356133,-0.007664534,-0.000285009,0.0853187,-0.00941137,0.1082567417181069,55.88502500491623,55.68881024101301
PART-PIER-2,584,Pier/C3D8R,7.16667,-20.0,135.0,0.00034618165,0.19356133,-0.007664534,0.000285009,0.0853187,-0.00941137,0.1082567417181069,55.88502500491623,55.68881024101301
PART-PIER-1,346,Pier/C3D8R,-7.16667,20.0,135.0,-0.00034618165,-0.19356133,-0.007664534,-0.000285009,-0.0853187,-0.00941137,0.1082567417181069,55.88502500491623,55.68881024101301
PART-PIER-1,662,Pier/C3D8R,7.16667,20.0,135.0,0.00034618165,-0.19356133,-0.007664534,0.000285009,-0.0853187,-0.00941137,0.1082567417181069,55.88502500491623,55.68881024101301
PART-PIER-2,66,Pier/C3D8R,0.0,-10.0,135.0,-1.5370622e-15,0.19020012,-0.022323916,-7.1189e-14,0.083329,-0.0168572,0.10701084652444844,55.878666960237226,55.606035793329035
PART-PIER-1,178,Pier/C3D8R,0.0,10.0,135.0,-2.4182384e-14,-0.19020012,-0.022323916,-4.99617e-14,-0.083329,-0.0168572,0.10701084652444844,55.878666960237226,55.606035793329035
PART-FLOOR-1,308,Floor/S4R,65.0,-5.0,0.0,-0.0061293743,1.51023005e-05,-0.40437356,-0.00309009,-6.36078e-05,-0.299216,0.10520150127013281,26.01293169192871,26.009605323519615
PART-FLOOR-1,310,Floor/S4R,65.0,5.0,0.0,-0.0061293743,-1.51023005e-05,-0.40437356,-0.00309009,6.36078e-05,-0.299216,0.10520150127013281,26.01293169192871,26.009605323519615
PART-FLOOR-1,377,Floor/S4R,-65.0,-5.0,0.0,0.0061293743,1.51023005e-05,-0.40437356,0.00309009,-6.36078e-05,-0.299216,0.10520150127013281,26.01293169192871,26.009605323519615
PART-FLOOR-1,379,Floor/S4R,-65.0,5.0,0.0,0.0061293743,-1.51023005e-05,-0.40437356,0.00309009,6.36078e-05,-0.299216,0.10520150127013281,26.01293169192871,26.009605323519615
PART-SUPPORTBEAM-2,95,SupportBeam/B31,-73.33334,10.0,-16.0,-0.008799028,0.0014874679,-0.2571197,-1.8534e-05,0.000189745,-0.152632,0.10486401008400939,40.75957949776278,40.67343995321628
PART-SUPPORTBEAM-2,230,SupportBeam/B31,73.33334,10.0,-16.0,0.008799028,0.0014874679,-0.2571197,1.8534e-05,0.000189745,-0.152632,0.10486401008400939,40.75957949776278,40.67343995321628
PART-SUPPORTBEAM-1,95,SupportBeam/B31,-73.33334,-10.0,-16.0,-0.008799028,-0.0014874679,-0.2571197,-1.8534e-05,-0.000189745,-0.152632,0.10486401008400939,40.75957949776278,40.67343995321628
PART-SUPPORTBEAM-1,230,SupportBeam/B31,73.33334,-10.0,-16.0,0.008799028,-0.0014874679,-0.2571197,1.8534e-05,-0.000189745,-0.152632,0.10486401008400939,40.75957949776278,40.67343995321628
PART-PIER-2,67,Pier/C3D8R,0.0,-10.0,130.0,-1.2023685e-15,0.18548979,-0.032369267,-6.74869e-14,0.0814348,-0.0209179,0.10468321140502324,55.595929849733785,55.3470001616034
PART-PIER-1,177,Pier/C3D8R,0.0,10.0,130.0,-2.2845805e-14,-0.18548979,-0.032369267,-4.65187e-14,-0.0814348,-0.0209179,0.10468321140502324,55.595929849733785,55.3470001616034
PART-PIER-2,343,Pier/C3D8R,-3.66667,-10.0,130.0,0.0009014463,0.18345101,-0.026856536,0.000508343,0.0799194,-0.0187207,0.1038515316536808,56.012243323601496,55.727892265028125
PART-PIER-2,659,Pier/C3D8R,3.66667,-10.0,130.0,-0.0009014463,0.18345101,-0.026856536,-0.000508343,0.0799194,-0.0187207,0.1038515316536808,56.012243323601496,55.727892265028125
PART-PIER-1,421,Pier/C3D8R,-3.66667,10.0,130.0,0.0009014463,-0.18345101,-0.026856536,0.000508343,-0.0799194,-0.0187207,0.1038515316536808,56.012243323601496,55.727892265028125
PART-PIER-1,581,Pier/C3D8R,3.66667,10.0,130.0,-0.0009014463,-0.18345101,-0.026856536,-0.000508343,-0.0799194,-0.0187207,0.1038515316536808,56.012243323601496,55.727892265028125
PART-PIER-2,344,Pier/C3D8R,-7.33333,-10.0,130.0,-0.0016508006,0.18249689,-0.0314068,-0.00089071,0.0798164,-0.0205937,0.10325107212988303,55.75503082786552,55.4854644871954
PART-PIER-2,660,Pier/C3D8R,7.33333,-10.0,130.0,0.0016508006,0.18249689,-0.0314068,0.00089071,0.0798164,-0.0205937,0.10325107212988303,55.75503082786552,55.4854644871954
PART-PIER-1,422,Pier/C3D8R,-7.33333,10.0,130.0,-0.0016508006,-0.18249689,-0.0314068,-0.00089071,-0.0798164,-0.0205937,0.10325107212988303,55.75503082786552,55.4854644871954
PART-PIER-1,582,Pier/C3D8R,7.33333,10.0,130.0,0.0016508006,-0.18249689,-0.0314068,0.00089071,-0.0798164,-0.0205937,0.10325107212988303,55.75503082786552,55.4854644871954
PART-PIER-2,60,Pier/C3D8R,-11.0,-10.0,130.0,0.001190811,0.18305235,-0.026200471,0.00069933,0.0801267,-0.0184439,0.10321867745313298,55.81749558078714,55.53522846973261
PART-PIER-2,233,Pier/C3D8R,11.0,-10.0,130.0,-0.001190811,0.18305235,-0.026200471,-0.00069933,0.0801267,-0.0184439,0.10321867745313298,55.81749558078714,55.53522846973261
PART-PIER-1,106,Pier/C3D8R,-11.0,10.0,130.0,0.001190811,-0.18305235,-0.026200471,0.00069933,-0.0801267,-0.0184439,0.10321867745313298,55.81749558078714,55.53522846973261
PART-PIER-1,226,Pier/C3D8R,11.0,10.0,130.0,-0.001190811,-0.18305235,-0.026200471,-0.00069933,-0.0801267,-0.0184439,0.10321867745313298,55.81749558078714,55.53522846973261
PART-PIER-2,422,Pier/C3D8R,-7.33333,-20.0,130.0,0.0004343025,0.18296927,-0.005406455,0.000299236,0.0798322,-0.0077813,0.10316449650882005,56.358752904646934,56.18069265029647
PART-PIER-2,582,Pier/C3D8R,7.33333,-20.0,130.0,-0.0004343025,0.18296927,-0.005406455,-0.000299236,0.0798322,-0.0077813,0.10316449650882005,56.358752904646934,56.18069265029647
PART-PIER-1,344,Pier/C3D8R,-7.33333,20.0,130.0,0.0004343025,-0.18296927,-0.005406455,0.000299236,-0.0798322,-0.0077813,0.10316449650882005,56.358752904646934,56.18069265029647
PART-PIER-1,660,Pier/C3D8R,7.33333,20.0,130.0,-0.0004343025,-0.18296927,-0.005406455,-0.000299236,-0.0798322,-0.0077813,0.10316449650882005,56.358752904646934,56.18069265029647
PART-SUPPORTBEAM-2,194,SupportBeam/B31,-76.92308,10.0,-30.0,-0.009099279,0.0026347307,-0.25243118,0.0167347,0.00034712,-0.152695,0.10305306028779344,40.79550405641828,39.190701427818894
PART-SUPPORTBEAM-2,218,SupportBeam/B31,76.92308,10.0,-30.0,0.009099279,0.0026347307,-0.25243118,-0.0167347,0.00034712,-0.152695,0.10305306028779344,40.79550405641828,39.190701427818894
PART-SUPPORTBEAM-1,194,SupportBeam/B31,-76.92308,-10.0,-30.0,-0.009099279,-0.0026347307,-0.25243118,0.0167347,-0.00034712,-0.152695,0.10305306028779344,40.79550405641828,39.190701427818894
PART-SUPPORTBEAM-1,218,SupportBeam/B31,76.92308,-10.0,-30.0,0.009099279,-0.0026347307,-0.25243118,-0.0167347,-0.00034712,-0.152695,0.10305306028779344,40.79550405641828,39.190701427818894
PART-PIER-2,464,Pier/C3D8R,0.0,-15.0,130.0,-2.8174406e-15,0.1828064,-0.017758053,-9.34439e-14,0.0798963,-0.0141593,0.10297300473990749,56.06508713893863,55.821508934111954
PART-PIER-1,464,Pier/C3D8R,0.0,15.0,130.0,-2.27411e-14,-0.1828064,-0.017758053,-7.32983e-14,-0.0798963,-0.0141593,0.10297300473990749,56.06508713893863,55.821508934111954
PART-PIER-2,503,Pier/C3D8R,-11.0,-15.0,130.0,0.0009266014,0.18245801,-0.016736424,0.000261969,0.0795577,-0.0137928,0.1029445503976612,56.18436195230304,55.93161345528564
PART-PIER-2,702,Pier/C3D8R,11.0,-15.0,130.0,-0.0009266014,0.18245801,-0.016736424,-0.000261969,0.0795577,-0.0137928,0.1029445503976612,56.18436195230304,55.93161345528564
PART-PIER-1,503,Pier/C3D8R,-11.0,15.0,130.0,0.0009266014,-0.18245801,-0.016736424,0.000261969,-0.0795577,-0.0137928,0.1029445503976612,56.18436195230304,55.93161345528564
PART-PIER-1,702,Pier/C3D8R,11.0,15.0,130.0,-0.0009266014,-0.18245801,-0.016736424,-0.000261969,-0.0795577,-0.0137928,0.1029445503976612,56.18436195230304,55.93161345528564
PART-PIER-2,776,Pier/C3D8R,-3.66667,-15.0,130.0,-0.000302844,0.18282741,-0.016334211,-0.000223892,0.0799384,-0.0136466,0.10292413645538019,56.07237321540296,55.81989661313609
PART-PIER-2,854,Pier/C3D8R,3.66667,-15.0,130.0,0.000302844,0.18282741,-0.016334211,0.000223892,0.0799384,-0.0136466,0.10292413645538019,56.07237321540296,55.81989661313609
PART-PIER-1,776,Pier/C3D8R,-3.66667,15.0,130.0,-0.000302844,-0.18282741,-0.016334211,-0.000223892,-0.0799384,-0.0136466,0.10292413645538019,56.07237321540296,55.81989661313609
PART-PIER-1,854,Pier/C3D8R,3.66667,15.0,130.0,0.000302844,-0.18282741,-0.016334211,0.000223892,-0.0799384,-0.0136466,0.10292413645538019,56.07237321540296,55.81989661313609
PART-PIER-2,777,Pier/C3D8R,-7.33333,-15.0,130.0,-0.00036414366,0.18261334,-0.018446641,-0.000154702,0.0798496,-0.014319,0.10284681591970372,56.03417196818962,55.80139202062839
PART-PIER-2,855,Pier/C3D8R,7.33333,-15.0,130.0,0.00036414366,0.18261334,-0.018446641,0.000154702,0.0798496,-0.014319,0.10284681591970372,56.03417196818962,55.80139202062839
PART-PIER-1,777,Pier/C3D8R,-7.33333,15.0,130.0,-0.00036414366,-0.18261334,-0.018446641,-0.000154702,-0.0798496,-0.014319,0.10284681591970372,56.03417196818962,55.80139202062839
PART-PIER-1,855,Pier/C3D8R,7.33333,15.0,130.0,0.00036414366,-0.18261334,-0.018446641,0.000154702,-0.0798496,-0.014319,0.10284681591970372,56.03417196818962,55.80139202062839
PART-PIER-2,106,Pier/C3D8R,-11.0,-20.0,130.0,-0.0010312764,0.1823929,-0.0070764446,-0.000550264,0.0799775,-0.00884399,0.10243178094141492,56.116844745577545,55.91653676865421
PART-PIER-2,226,Pier/C3D8R,11.0,-20.0,130.0,0.0010312764,0.1823929,-0.0070764446,0.000550264,0.0799775,-0.00884399,0.10243178094141492,56.116844745577545,55.91653676865421
PART-PIER-1,60,Pier/C3D8R,-11.0,20.0,130.0,-0.0010312764,-0.1823929,-0.0070764446,-0.000550264,-0.0799775,-0.00884399,0.10243178094141492,56.116844745577545,55.91653676865421
PART-PIER-1,233,Pier/C3D8R,11.0,20.0,130.0,0.0010312764,-0.1823929,-0.0070764446,0.000550264,-0.0799775,-0.00884399,0.10243178094141492,56.116844745577545,55.91653676865421
PART-PIER-2,421,Pier/C3D8R,-3.66667,-20.0,130.0,0.00022676318,0.18224472,-0.0075048585,0.000111781,0.0799732,-0.00898979,0.10228236429400628,56.07606637445335,55.87869387523195
PART-PIER-2,581,Pier/C3D8R,3.66667,-20.0,130.0,-0.00022676318,0.18224472,-0.0075048585,-0.000111781,0.0799732,-0.00898979,0.10228236429400628,56.07606637445335,55.87869387523195
PART-PIER-1,343,Pier/C3D8R,-3.66667,20.0,130.0,0.00022676318,-0.18224472,-0.0075048585,0.000111781,-0.0799732,-0.00898979,0.10228236429400628,56.07606637445335,55.87869387523195
PART-PIER-1,659,Pier/C3D8R,3.66667,20.0,130.0,-0.00022676318,-0.18224472,-0.0075048585,-0.000111781,-0.0799732,-0.00898979,0.10228236429400628,56.07606637445335,55.87869387523195
PART-PIER-2,177,Pier/C3D8R,0.0,-20.0,130.0,-4.2172856e-15,0.18025509,-0.006498381,-1.18677e-13,0.0784886,-0.00817902,0.10178036664489092,56.42797119956411,56.249572980435744
PART-PIER-1,67,Pier/C3D8R,0.0,20.0,130.0,-2.2511705e-14,-0.18025509,-0.006498381,-9.95405e-14,-0.0784886,-0.00817902,0.10178036664489092,56.42797119956411,56.249572980435744
PART-FLOOR-1,311,Floor/S4R,60.0,-5.0,0.0,-0.0041032825,-0.00019786149,-0.354397,-0.0028875,-7.17821e-05,-0.253764,0.10064042285334404,28.395743242082382,28.395728660075804
PART-FLOOR-1,313,Floor/S4R,60.0,5.0,0.0,-0.0041032825,0.00019786149,-0.354397,-0.0028875,7.17821e-05,-0.253764,0.10064042285334404,28.395743242082382,28.395728660075804
PART-FLOOR-1,374,Floor/S4R,-60.0,-5.0,0.0,0.0041032825,-0.00019786149,-0.354397,0.0028875,-7.17821e-05,-0.253764,0.10064042285334404,28.395743242082382,28.395728660075804
PART-FLOOR-1,376,Floor/S4R,-60.0,5.0,0.0,0.0041032825,0.00019786149,-0.354397,0.0028875,7.17821e-05,-0.253764,0.10064042285334404,28.395743242082382,28.395728660075804
PART-SUPPORTBEAM-2,96,SupportBeam/B31,-76.66666,10.0,-14.0,-0.007906394,0.001316391,-0.25634688,-0.00119128,0.000192798,-0.156433,0.10014558719143368,39.04735263570218,39.0040396197861
PART-SUPPORTBEAM-2,231,SupportBeam/B31,76.66666,10.0,-14.0,0.007906394,0.001316391,-0.25634688,0.00119128,0.000192798,-0.156433,0.10014558719143368,39.04735263570218,39.0040396197861
PART-SUPPORTBEAM-1,96,SupportBeam/B31,-76.66666,-10.0,-14.0,-0.007906394,-0.001316391,-0.25634688,-0.00119128,-0.000192798,-0.156433,0.10014558719143368,39.04735263570218,39.0040396197861
PART-SUPPORTBEAM-1,231,SupportBeam/B31,76.66666,-10.0,-14.0,0.007906394,-0.001316391,-0.25634688,0.00119128,-0.000192798,-0.156433,0.10014558719143368,39.04735263570218,39.0040396197861
PART-SUPPORTBEAM-2,195,SupportBeam/B31,-80.76923,10.0,-30.0,-0.009203513,0.0026290137,-0.25071472,0.0159731,0.000380301,-0.15597,0.0980585565814494,39.08313546021322,37.50980924470659
PART-SUPPORTBEAM-2,219,SupportBeam/B31,80.76923,10.0,-30.0,0.009203513,0.0026290137,-0.25071472,-0.0159731,0.000380301,-0.15597,0.0980585565814494,39.08313546021322,37.50980924470659
PART-SUPPORTBEAM-1,195,SupportBeam/B31,-80.76923,-10.0,-30.0,-0.009203513,-0.0026290137,-0.25071472,0.0159731,-0.000380301,-0.15597,0.0980585565814494,39.08313546021322,37.50980924470659
PART-SUPPORTBEAM-1,219,SupportBeam/B31,80.76923,-10.0,-30.0,0.009203513,-0.0026290137,-0.25071472,-0.0159731,-0.000380301,-0.15597,0.0980585565814494,39.08313546021322,37.50980924470659
PART-PIER-2,176,Pier/C3D8R,0.0,-20.0,125.0,-4.0365935e-15,0.17310762,-0.007506178,-1.14774e-13,0.0752021,-0.00919972,0.09792016610982726,56.51296037407671,56.2748296100766
PART-PIER-1,68,Pier/C3D8R,0.0,20.0,125.0,-2.1684403e-14,-0.17310762,-0.007506178,-9.5537e-14,-0.0752021,-0.00919972,0.09792016610982726,56.51296037407671,56.2748296100766
PART-PIER-2,342,Pier/C3D8R,-7.5,-10.0,125.0,0.0009193642,0.17178912,-0.026220039,0.000464231,0.0743599,-0.0184255,0.0977415719858273,56.244105865995486,55.91571557036767
PART-PIER-2,658,Pier/C3D8R,7.5,-10.0,125.0,-0.0009193642,0.17178912,-0.026220039,-0.000464231,0.0743599,-0.0184255,0.0977415719858273,56.244105865995486,55.91571557036767
PART-PIER-1,420,Pier/C3D8R,-7.5,10.0,125.0,0.0009193642,-0.17178912,-0.026220039,0.000464231,-0.0743599,-0.0184255,0.0977415719858273,56.244105865995486,55.91571557036767
PART-PIER-1,580,Pier/C3D8R,7.5,10.0,125.0,-0.0009193642,-0.17178912,-0.026220039,-0.000464231,-0.0743599,-0.0184255,0.0977415719858273,56.244105865995486,55.91571557036767
PART-PIER-2,419,Pier/C3D8R,-3.75,-20.0,125.0,-0.0002882327,0.1719437,-0.006025589,-0.000216248,0.074246,-0.00816973,0.09772125207811715,56.798338938463644,56.58549003403216
PART-PIER-2,579,Pier/C3D8R,3.75,-20.0,125.0,0.0002882327,0.1719437,-0.006025589,0.000216248,0.074246,-0.00816973,0.09772125207811715,56.798338938463644,56.58549003403216
PART-PIER-1,341,Pier/C3D8R,-3.75,20.0,125.0,-0.0002882327,-0.1719437,-0.006025589,-0.000216248,-0.074246,-0.00816973,0.09772125207811715,56.798338938463644,56.58549003403216
PART-PIER-1,657,Pier/C3D8R,3.75,20.0,125.0,0.0002882327,-0.1719437,-0.006025589,0.000216248,-0.074246,-0.00816973,0.09772125207811715,56.798338938463644,56.58549003403216
PART-FLOOR-1,306,Floor/S4R,70.0,0.0,0.0,-0.0062313657,7.854299e-15,-0.44087812,-0.0032918,-8.2582e-14,-0.343258,0.09766436850417358,22.15002522236919,22.146397079012033
PART-FLOOR-1,381,Floor/S4R,-70.0,0.0,0.0,0.0062313657,5.2155846e-15,-0.44087812,0.0032918,-7.1598e-14,-0.343258,0.09766436850417358,22.15002522236919,22.146397079012033
PART-PIER-2,59,Pier/C3D8R,-11.25,-10.0,125.0,-0.0017367677,0.1713624,-0.030328812,-0.000894972,0.0742508,-0.0201562,0.09764657448913956,56.10767200780691,55.788481486730014
PART-PIER-2,234,Pier/C3D8R,11.25,-10.0,125.0,0.0017367677,0.1713624,-0.030328812,0.000894972,0.0742508,-0.0201562,0.09764657448913956,56.10767200780691,55.788481486730014
PART-PIER-1,107,Pier/C3D8R,-11.25,10.0,125.0,-0.0017367677,-0.1713624,-0.030328812,-0.000894972,-0.0742508,-0.0201562,0.09764657448913956,56.10767200780691,55.788481486730014
PART-PIER-1,225,Pier/C3D8R,11.25,10.0,125.0,0.0017367677,-0.1713624,-0.030328812,0.000894972,-0.0742508,-0.0201562,0.09764657448913956,56.10767200780691,55.788481486730014
PART-PIER-2,107,Pier/C3D8R,-11.25,-20.0,125.0,0.0012398094,0.17137581,-0.006053075,0.000754096,0.0738804,-0.00825891,0.09752156990441788,56.86814772330436,56.64724152029985
PART-PIER-2,225,Pier/C3D8R,11.25,-20.0,125.0,-0.0012398094,0.17137581,-0.006053075,-0.000754096,0.0738804,-0.00825891,0.09752156990441788,56.86814772330436,56.64724152029985
PART-PIER-1,59,Pier/C3D8R,-11.25,20.0,125.0,0.0012398094,-0.17137581,-0.006053075,0.000754096,-0.0738804,-0.00825891,0.09752156990441788,56.86814772330436,56.64724152029985
PART-PIER-1,234,Pier/C3D8R,11.25,20.0,125.0,-0.0012398094,-0.17137581,-0.006053075,-0.000754096,-0.0738804,-0.00825891,0.09752156990441788,56.86814772330436,56.64724152029985
PART-PIER-2,341,Pier/C3D8R,-3.75,-10.0,125.0,-0.0012046604,0.17153896,-0.03020619,-0.000739928,0.0746145,-0.0200108,0.09746031448619129,55.95304711816985,55.64716612711219
PART-PIER-2,657,Pier/C3D8R,3.75,-10.0,125.0,0.0012046604,0.17153896,-0.03020619,0.000739928,0.0746145,-0.0200108,0.09746031448619129,55.95304711816985,55.64716612711219
PART-PIER-1,419,Pier/C3D8R,-3.75,10.0,125.0,-0.0012046604,-0.17153896,-0.03020619,-0.000739928,-0.0746145,-0.0200108,0.09746031448619129,55.95304711816985,55.64716612711219
PART-PIER-1,579,Pier/C3D8R,3.75,10.0,125.0,0.0012046604,-0.17153896,-0.03020619,0.000739928,-0.0746145,-0.0200108,0.09746031448619129,55.95304711816985,55.64716612711219
PART-PIER-2,774,Pier/C3D8R,-3.75,-15.0,125.0,0.000341514,0.1716532,-0.017947903,0.000291608,0.0743735,-0.0140141,0.09735921799573806,56.410924970080366,56.14856960525725
PART-PIER-2,852,Pier/C3D8R,3.75,-15.0,125.0,-0.000341514,0.1716532,-0.017947903,-0.000291608,0.0743735,-0.0140141,0.09735921799573806,56.410924970080366,56.14856960525725
PART-PIER-1,774,Pier/C3D8R,-3.75,15.0,125.0,0.000341514,-0.1716532,-0.017947903,0.000291608,-0.0743735,-0.0140141,0.09735921799573806,56.410924970080366,56.14856960525725
PART-PIER-1,852,Pier/C3D8R,3.75,15.0,125.0,-0.000341514,-0.1716532,-0.017947903,-0.000291608,-0.0743735,-0.0140141,0.09735921799573806,56.410924970080366,56.14856960525725
PART-PIER-2,775,Pier/C3D8R,-7.5,-15.0,125.0,0.00015505933,0.1716288,-0.016843995,2.87007e-06,0.0743402,-0.0137501,0.09733790134270354,56.443003376518455,56.161426547893726
PART-PIER-2,853,Pier/C3D8R,7.5,-15.0,125.0,-0.00015505933,0.1716288,-0.016843995,-2.87007e-06,0.0743402,-0.0137501,0.09733790134270354,56.443003376518455,56.161426547893726
PART-PIER-1,775,Pier/C3D8R,-7.5,15.0,125.0,0.00015505933,-0.1716288,-0.016843995,2.87007e-06,-0.0743402,-0.0137501,0.09733790134270354,56.443003376518455,56.161426547893726
PART-PIER-1,853,Pier/C3D8R,7.5,15.0,125.0,-0.00015505933,-0.1716288,-0.016843995,-2.87007e-06,-0.0743402,-0.0137501,0.09733790134270354,56.443003376518455,56.161426547893726
PART-PIER-2,463,Pier/C3D8R,0.0,-15.0,125.0,-2.5627568e-15,0.17172614,-0.016005524,-8.93092e-14,0.0744449,-0.0131809,0.09732223875702294,56.428367096045825,56.16478747635271
PART-PIER-1,463,Pier/C3D8R,0.0,15.0,125.0,-2.1785867e-14,-0.17172614,-0.016005524,-7.01913e-14,-0.0744449,-0.0131809,0.09732223875702294,56.428367096045825,56.16478747635271
PART-PIER-2,68,Pier/C3D8R,0.0,-10.0,125.0,-7.508777e-16,0.17050633,-0.026919156,-6.43758e-14,0.0737218,-0.0189293,0.09711376342322255,56.259277837124856,55.90661286227531
PART-PIER-1,176,Pier/C3D8R,0.0,10.0,125.0,-2.2347507e-14,-0.17050633,-0.026919156,-4.3639e-14,-0.0737218,-0.0189293,0.09711376342322255,56.259277837124856,55.90661286227531
PART-PIER-2,502,Pier/C3D8R,-11.25,-15.0,125.0,-0.0011698721,0.17143452,-0.017884264,-0.000565472,0.0744115,-0.0138696,0.09710792571378597,56.3372921216657,56.08535370703493
PART-PIER-2,701,Pier/C3D8R,11.25,-15.0,125.0,0.0011698721,0.17143452,-0.017884264,0.000565472,0.0744115,-0.0138696,0.09710792571378597,56.3372921216657,56.08535370703493
PART-PIER-1,502,Pier/C3D8R,-11.25,15.0,125.0,-0.0011698721,-0.17143452,-0.017884264,-0.000565472,-0.0744115,-0.0138696,0.09710792571378597,56.3372921216657,56.08535370703493
PART-PIER-1,701,Pier/C3D8R,11.25,15.0,125.0,0.0011698721,-0.17143452,-0.017884264,0.000565472,-0.0744115,-0.0138696,0.09710792571378597,56.3372921216657,56.08535370703493
PART-PIER-2,420,Pier/C3D8R,-7.5,-20.0,125.0,-0.00019415174,0.17149848,-0.0069056465,-0.000174,0.0744839,-0.00875226,0.09703215508318573,56.53316868118505,56.30527785173045
PART-PIER-2,580,Pier/C3D8R,7.5,-20.0,125.0,0.00019415174,0.17149848,-0.0069056465,0.000174,0.0744839,-0.00875226,0.09703215508318573,56.53316868118505,56.30527785173045
PART-PIER-1,342,Pier/C3D8R,-7.5,20.0,125.0,-0.00019415174,-0.17149848,-0.0069056465,-0.000174,-0.0744839,-0.00875226,0.09703215508318573,56.53316868118505,56.30527785173045
PART-PIER-1,658,Pier/C3D8R,7.5,20.0,125.0,0.00019415174,-0.17149848,-0.0069056465,0.000174,-0.0744839,-0.00875226,0.09703215508318573,56.53316868118505,56.30527785173045
PART-FLOOR-1,73,Floor/S4R,70.0,10.0,0.0,-0.0062314016,-6.112492e-05,-0.44499007,-0.00328997,0.000121198,-0.348773,0.09626219310243009,21.63031530593598,21.6264890173504
PART-FLOOR-1,83,Floor/S4R,70.0,-10.0,0.0,-0.0062314016,6.112492e-05,-0.44499007,-0.00328997,-0.000121198,-0.348773,0.09626219310243009,21.63031530593598,21.6264890173504
PART-FLOOR-1,134,Floor/S4R,-70.0,10.0,0.0,0.0062314016,-6.112492e-05,-0.44499007,0.00328997,0.000121198,-0.348773,0.09626219310243009,21.63031530593598,21.6264890173504
PART-FLOOR-1,148,Floor/S4R,-70.0,-10.0,0.0,0.0062314016,6.112492e-05,-0.44499007,0.00328997,-0.000121198,-0.348773,0.09626219310243009,21.63031530593598,21.6264890173504
PART-SUPPORTBEAM-2,97,SupportBeam/B31,-80.0,10.0,-12.0,-0.006424054,0.0011455638,-0.25458536,-0.00158246,0.000193753,-0.158925,0.09578753286095966,37.61256479760486,37.59232076399061
PART-SUPPORTBEAM-2,232,SupportBeam/B31,80.0,10.0,-12.0,0.006424054,0.0011455638,-0.25458536,0.00158246,0.000193753,-0.158925,0.09578753286095966,37.61256479760486,37.59232076399061
PART-SUPPORTBEAM-1,97,SupportBeam/B31,-80.0,-10.0,-12.0,-0.006424054,-0.0011455638,-0.25458536,-0.00158246,-0.000193753,-0.158925,0.09578753286095966,37.61256479760486,37.59232076399061
PART-SUPPORTBEAM-1,232,SupportBeam/B31,80.0,-10.0,-12.0,0.006424054,-0.0011455638,-0.25458536,0.00158246,-0.000193753,-0.158925,0.09578753286095966,37.61256479760486,37.59232076399061
PART-SUPPORTBEAM-2,196,SupportBeam/B31,-84.61539,10.0,-30.0,-0.009307747,0.0026235653,-0.24813698,0.0152115,0.000412549,-0.157998,0.0934404504589221,37.62823710479595,36.0801850875745
PART-SUPPORTBEAM-2,220,SupportBeam/B31,84.61539,10.0,-30.0,0.009307747,0.0026235653,-0.24813698,-0.0152115,0.000412549,-0.157998,0.0934404504589221,37.62823710479595,36.0801850875745
PART-SUPPORTBEAM-1,196,SupportBeam/B31,-84.61539,-10.0,-30.0,-0.009307747,-0.0026235653,-0.24813698,0.0152115,-0.000412549,-0.157998,0.0934404504589221,37.62823710479595,36.0801850875745
PART-SUPPORTBEAM-1,220,SupportBeam/B31,84.61539,-10.0,-30.0,0.009307747,-0.0026235653,-0.24813698,-0.0152115,-0.000412549,-0.157998,0.0934404504589221,37.62823710479595,36.0801850875745
PART-PIER-2,69,Pier/C3D8R,0.0,-10.0,120.0,-6.6589733e-16,0.16174524,-0.02792355,-6.07673e-14,0.0696114,-0.0187704,0.09258738914165418,56.40829701154069,56.07493444199366
PART-PIER-1,175,Pier/C3D8R,0.0,10.0,120.0,-2.1261669e-14,-0.16174524,-0.02792355,-4.16418e-14,-0.0696114,-0.0187704,0.09258738914165418,56.40829701154069,56.07493444199366
PART-PIER-2,339,Pier/C3D8R,-3.83333,-10.0,120.0,0.0008368608,0.16122437,-0.025950799,0.000541133,0.0690439,-0.018271,0.0925003017131998,56.643811835885685,56.26342725455121
PART-PIER-2,655,Pier/C3D8R,3.83333,-10.0,120.0,-0.0008368608,0.16122437,-0.025950799,-0.000541133,0.0690439,-0.018271,0.0925003017131998,56.643811835885685,56.26342725455121
PART-PIER-1,417,Pier/C3D8R,-3.83333,10.0,120.0,0.0008368608,-0.16122437,-0.025950799,0.000541133,-0.0690439,-0.018271,0.0925003017131998,56.643811835885685,56.26342725455121
PART-PIER-1,577,Pier/C3D8R,3.83333,10.0,120.0,-0.0008368608,-0.16122437,-0.025950799,-0.000541133,-0.0690439,-0.018271,0.0925003017131998,56.643811835885685,56.26342725455121
PART-PIER-2,340,Pier/C3D8R,-7.66667,-10.0,120.0,-0.0013204907,0.1610491,-0.029145844,-0.000716465,0.0692888,-0.019468,0.09227122069001037,56.37620333054235,56.02422762686755
PART-PIER-2,656,Pier/C3D8R,7.66667,-10.0,120.0,0.0013204907,0.1610491,-0.029145844,0.000716465,0.0692888,-0.019468,0.09227122069001037,56.37620333054235,56.02422762686755
PART-PIER-1,418,Pier/C3D8R,-7.66667,10.0,120.0,-0.0013204907,-0.1610491,-0.029145844,-0.000716465,-0.0692888,-0.019468,0.09227122069001037,56.37620333054235,56.02422762686755
PART-PIER-1,578,Pier/C3D8R,7.66667,10.0,120.0,0.0013204907,-0.1610491,-0.029145844,0.000716465,-0.0692888,-0.019468,0.09227122069001037,56.37620333054235,56.02422762686755
PART-PIER-2,58,Pier/C3D8R,-11.5,-10.0,120.0,0.0006533752,0.16089329,-0.025970293,0.000186577,0.0690271,-0.018123,0.09220192391215853,56.57354698140358,56.21054116514239
PART-PIER-2,235,Pier/C3D8R,11.5,-10.0,120.0,-0.0006533752,0.16089329,-0.025970293,-0.000186577,0.0690271,-0.018123,0.09220192391215853,56.57354698140358,56.21054116514239
PART-PIER-1,108,Pier/C3D8R,-11.5,10.0,120.0,0.0006533752,-0.16089329,-0.025970293,0.000186577,-0.0690271,-0.018123,0.09220192391215853,56.57354698140358,56.21054116514239
PART-PIER-1,224,Pier/C3D8R,11.5,10.0,120.0,-0.0006533752,-0.16089329,-0.025970293,-0.000186577,-0.0690271,-0.018123,0.09220192391215853,56.57354698140358,56.21054116514239
PART-PIER-2,418,Pier/C3D8R,-7.66667,-20.0,120.0,0.0003417259,0.160881,-0.006472846,0.000214116,0.0688576,-0.00842019,0.09204409041595725,57.166150883381164,56.91560062431957
PART-PIER-2,578,Pier/C3D8R,7.66667,-20.0,120.0,-0.0003417259,0.160881,-0.006472846,-0.000214116,0.0688576,-0.00842019,0.09204409041595725,57.166150883381164,56.91560062431957
PART-PIER-1,340,Pier/C3D8R,-7.66667,20.0,120.0,0.0003417259,-0.160881,-0.006472846,0.000214116,-0.0688576,-0.00842019,0.09204409041595725,57.166150883381164,56.91560062431957
PART-PIER-1,656,Pier/C3D8R,7.66667,20.0,120.0,-0.0003417259,-0.160881,-0.006472846,-0.000214116,-0.0688576,-0.00842019,0.09204409041595725,57.166150883381164,56.91560062431957
PART-PIER-2,462,Pier/C3D8R,0.0,-15.0,120.0,-2.2589282e-15,0.16104813,-0.018867403,-8.59184e-14,0.0691336,-0.0144948,0.092018479025229,56.74913969096664,56.43726986669123
PART-PIER-1,462,Pier/C3D8R,0.0,15.0,120.0,-2.109722e-14,-0.16104813,-0.018867403,-6.62923e-14,-0.0691336,-0.0144948,0.092018479025229,56.74913969096664,56.43726986669123
PART-PIER-2,772,Pier/C3D8R,-3.83333,-15.0,120.0,-0.00044184446,0.16102336,-0.016999235,-0.000384637,0.0691521,-0.0136871,0.09193096281960342,56.775972606590116,56.462948251307054
PART-PIER-2,850,Pier/C3D8R,3.83333,-15.0,120.0,0.00044184446,0.16102336,-0.016999235,0.000384637,0.0691521,-0.0136871,0.09193096281960342,56.775972606590116,56.462948251307054
PART-PIER-1,772,Pier/C3D8R,-3.83333,15.0,120.0,-0.00044184446,-0.16102336,-0.016999235,-0.000384637,-0.0691521,-0.0136871,0.09193096281960342,56.775972606590116,56.462948251307054
PART-PIER-1,850,Pier/C3D8R,3.83333,15.0,120.0,0.00044184446,-0.16102336,-0.016999235,0.000384637,-0.0691521,-0.0136871,0.09193096281960342,56.775972606590116,56.462948251307054
PART-PIER-2,501,Pier/C3D8R,-11.5,-15.0,120.0,0.000743262,0.1607027,-0.01672571,0.000348271,0.0688321,-0.0136876,0.09192166923322369,56.89191687601133,56.563950714135025
PART-PIER-2,700,Pier/C3D8R,11.5,-15.0,120.0,-0.000743262,0.1607027,-0.01672571,-0.000348271,0.0688321,-0.0136876,0.09192166923322369,56.89191687601133,56.563950714135025
PART-PIER-1,501,Pier/C3D8R,-11.5,15.0,120.0,0.000743262,-0.1607027,-0.01672571,0.000348271,-0.0688321,-0.0136876,0.09192166923322369,56.89191687601133,56.563950714135025
PART-PIER-1,700,Pier/C3D8R,11.5,15.0,120.0,-0.000743262,-0.1607027,-0.01672571,-0.000348271,-0.0688321,-0.0136876,0.09192166923322369,56.89191687601133,56.563950714135025
PART-PIER-2,773,Pier/C3D8R,-7.66667,-15.0,120.0,-0.00034938072,0.16086152,-0.017505253,-0.000134906,0.0690716,-0.0137192,0.09186821871752347,56.774814094132395,56.479611958997545
PART-PIER-2,851,Pier/C3D8R,7.66667,-15.0,120.0,0.00034938072,0.16086152,-0.017505253,0.000134906,0.0690716,-0.0137192,0.09186821871752347,56.774814094132395,56.479611958997545
PART-PIER-1,773,Pier/C3D8R,-7.66667,15.0,120.0,-0.00034938072,-0.16086152,-0.017505253,-0.000134906,-0.0690716,-0.0137192,0.09186821871752347,56.774814094132395,56.479611958997545
PART-PIER-1,851,Pier/C3D8R,7.66667,15.0,120.0,0.00034938072,-0.16086152,-0.017505253,0.000134906,-0.0690716,-0.0137192,0.09186821871752347,56.774814094132395,56.479611958997545
PART-SUPPORTBEAM-2,98,SupportBeam/B31,-83.33334,10.0,-10.0,-0.004396987,0.0009750832,-0.25191012,-0.00125833,0.00019273,-0.160219,0.0917481592793425,36.415170361912345,36.40650249300104
PART-SUPPORTBEAM-2,233,SupportBeam/B31,83.33334,10.0,-10.0,0.004396987,0.0009750832,-0.25191012,0.00125833,0.00019273,-0.160219,0.0917481592793425,36.415170361912345,36.40650249300104
PART-SUPPORTBEAM-1,98,SupportBeam/B31,-83.33334,-10.0,-10.0,-0.004396987,-0.0009750832,-0.25191012,-0.00125833,-0.00019273,-0.160219,0.0917481592793425,36.415170361912345,36.40650249300104
PART-SUPPORTBEAM-1,233,SupportBeam/B31,83.33334,-10.0,-10.0,0.004396987,-0.0009750832,-0.25191012,0.00125833,-0.00019273,-0.160219,0.0917481592793425,36.415170361912345,36.40650249300104
PART-PIER-2,175,Pier/C3D8R,0.0,-20.0,120.0,-3.700203e-15,0.16040647,-0.0053041168,-1.09599e-13,0.0687398,-0.00775376,0.0916993955307024,57.13566551357382,56.89828652040636
PART-PIER-1,69,Pier/C3D8R,0.0,20.0,120.0,-2.0811393e-14,-0.16040647,-0.0053041168,-9.32507e-14,-0.0687398,-0.00775376,0.0916993955307024,57.13566551357382,56.89828652040636
PART-PIER-2,417,Pier/C3D8R,-3.83333,-20.0,120.0,0.00040449228,0.1609354,-0.0066929893,0.000292079,0.0692958,-0.0086644,0.09166087161408402,56.90570177186925,56.64381364914103
PART-PIER-2,577,Pier/C3D8R,3.83333,-20.0,120.0,-0.00040449228,0.1609354,-0.0066929893,-0.000292079,0.0692958,-0.0086644,0.09166087161408402,56.90570177186925,56.64381364914103
PART-PIER-1,339,Pier/C3D8R,-3.83333,20.0,120.0,0.00040449228,-0.1609354,-0.0066929893,0.000292079,-0.0692958,-0.0086644,0.09166087161408402,56.90570177186925,56.64381364914103
PART-PIER-1,655,Pier/C3D8R,3.83333,20.0,120.0,-0.00040449228,-0.1609354,-0.0066929893,-0.000292079,-0.0692958,-0.0086644,0.09166087161408402,56.90570177186925,56.64381364914103
PART-FLOOR-1,309,Floor/S4R,65.0,0.0,0.0,-0.0046067503,7.904894e-15,-0.40616748,-0.00308985,-8.43276e-14,-0.314647,0.09153305001992747,22.53434054868475,22.533942495932145
PART-FLOOR-1,378,Floor/S4R,-65.0,0.0,0.0,0.0046067503,5.32733e-15,-0.40616748,0.00308985,-7.38104e-14,-0.314647,0.09153305001992747,22.53434054868475,22.533942495932145
PART-PIER-2,108,Pier/C3D8R,-11.5,-20.0,120.0,-0.00080030685,0.16075553,-0.0069049327,-0.000603208,0.0693119,-0.00862456,0.09146001002396884,56.84073592475162,56.59009858563827
PART-PIER-2,224,Pier/C3D8R,11.5,-20.0,120.0,0.00080030685,0.16075553,-0.0069049327,0.000603208,0.0693119,-0.00862456,0.09146001002396884,56.84073592475162,56.59009858563827
PART-PIER-1,58,Pier/C3D8R,-11.5,20.0,120.0,-0.00080030685,-0.16075553,-0.0069049327,-0.000603208,-0.0693119,-0.00862456,0.09146001002396884,56.84073592475162,56.59009858563827
PART-PIER-1,235,Pier/C3D8R,11.5,20.0,120.0,0.00080030685,-0.16075553,-0.0069049327,0.000603208,-0.0693119,-0.00862456,0.09146001002396884,56.84073592475162,56.59009858563827
PART-FLOOR-1,302,Floor/S4R,75.0,-5.0,0.0,-0.0063743084,-3.266629e-08,-0.45430067,-0.00349266,-5.97763e-05,-0.363175,0.09117124107826925,20.06650528716835,20.06261986778105
PART-FLOOR-1,383,Floor/S4R,-75.0,-5.0,0.0,0.0063743084,-3.2666293e-08,-0.45430067,0.00349266,-5.97763e-05,-0.363175,0.09117124107826925,20.06650528716835,20.06261986778105
PART-FLOOR-1,304,Floor/S4R,75.0,5.0,0.0,-0.0063743084,3.2666307e-08,-0.45430067,-0.00349266,5.97763e-05,-0.363175,0.09117124107826924,20.066505287168347,20.06261986778105
PART-FLOOR-1,385,Floor/S4R,-75.0,5.0,0.0,0.0063743084,3.2666303e-08,-0.45430067,0.00349266,5.97763e-05,-0.363175,0.09117124107826924,20.066505287168347,20.06261986778105
PART-FLOOR-1,74,Floor/S4R,65.0,10.0,0.0,-0.0045808507,0.00042455658,-0.40168914,-0.00308703,0.000125087,-0.311497,0.09020500706774924,22.454949033907777,22.454489736325243
PART-FLOOR-1,82,Floor/S4R,65.0,-10.0,0.0,-0.0045808507,-0.00042455658,-0.40168914,-0.00308703,-0.000125087,-0.311497,0.09020500706774924,22.454949033907777,22.454489736325243
PART-FLOOR-1,133,Floor/S4R,-65.0,10.0,0.0,0.0045808507,0.00042455658,-0.40168914,0.00308703,0.000125087,-0.311497,0.09020500706774924,22.454949033907777,22.454489736325243
PART-FLOOR-1,149,Floor/S4R,-65.0,-10.0,0.0,0.0045808507,-0.00042455658,-0.40168914,0.00308703,-0.000125087,-0.311497,0.09020500706774924,22.454949033907777,22.454489736325243
PART-SUPPORTBEAM-2,197,SupportBeam/B31,-88.46154,10.0,-30.0,-0.009411981,0.002618367,-0.24492016,0.01445,0.000443735,-0.159036,0.08916396189316277,36.37639047397639,34.85026225659376
PART-SUPPORTBEAM-2,221,SupportBeam/B31,88.46154,10.0,-30.0,0.009411981,0.002618367,-0.24492016,-0.01445,0.000443735,-0.159036,0.08916396189316277,36.37639047397639,34.85026225659376
PART-SUPPORTBEAM-1,197,SupportBeam/B31,-88.46154,-10.0,-30.0,-0.009411981,-0.002618367,-0.24492016,0.01445,-0.000443735,-0.159036,0.08916396189316277,36.37639047397639,34.85026225659376
PART-SUPPORTBEAM-1,221,SupportBeam/B31,88.46154,-10.0,-30.0,0.009411981,-0.002618367,-0.24492016,-0.01445,-0.000443735,-0.159036,0.08916396189316277,36.37639047397639,34.85026225659376
PART-SUPPORTBEAM-2,99,SupportBeam/B31,-86.66666,10.0,-8.0,-0.0019349965,0.0008050469,-0.24850416,-0.000349791,0.000189848,-0.160533,0.08798759195426017,35.4056298440597,35.402375304897916
PART-SUPPORTBEAM-2,234,SupportBeam/B31,86.66666,10.0,-8.0,0.0019349965,0.0008050469,-0.24850416,0.000349791,0.000189848,-0.160533,0.08798759195426017,35.4056298440597,35.402375304897916
PART-SUPPORTBEAM-1,99,SupportBeam/B31,-86.66666,-10.0,-8.0,-0.0019349965,-0.0008050469,-0.24850416,-0.000349791,-0.000189848,-0.160533,0.08798759195426017,35.4056298440597,35.402375304897916
PART-SUPPORTBEAM-1,234,SupportBeam/B31,86.66666,-10.0,-8.0,0.0019349965,-0.0008050469,-0.24850416,0.000349791,-0.000189848,-0.160533,0.08798759195426017,35.4056298440597,35.402375304897916
PART-PIER-2,70,Pier/C3D8R,0.0,-10.0,115.0,-3.8549494e-16,0.15078959,-0.027165372,-5.81807e-14,0.064041,-0.0187146,0.08715924170381523,56.886132327964624,56.454280899466
PART-PIER-1,174,Pier/C3D8R,0.0,10.0,115.0,-2.0594808e-14,-0.15078959,-0.027165372,-3.81522e-14,-0.064041,-0.0187146,0.08715924170381523,56.886132327964624,56.454280899466
PART-PIER-2,338,Pier/C3D8R,-7.83333,-10.0,115.0,0.0005512946,0.15071787,-0.0258671,0.000254205,0.0639638,-0.0180241,0.08710837831572418,56.96243884549489,56.54317875931134
PART-PIER-2,654,Pier/C3D8R,7.83333,-10.0,115.0,-0.0005512946,0.15071787,-0.0258671,-0.000254205,0.0639638,-0.0180241,0.08710837831572418,56.96243884549489,56.54317875931134
PART-PIER-1,416,Pier/C3D8R,-7.83333,10.0,115.0,0.0005512946,-0.15071787,-0.0258671,0.000254205,-0.0639638,-0.0180241,0.08710837831572418,56.96243884549489,56.54317875931134
PART-PIER-1,576,Pier/C3D8R,7.83333,10.0,115.0,-0.0005512946,-0.15071787,-0.0258671,-0.000254205,-0.0639638,-0.0180241,0.08710837831572418,56.96243884549489,56.54317875931134
PART-PIER-2,337,Pier/C3D8R,-3.91667,-10.0,115.0,-0.0010034326,0.15090562,-0.028327823,-0.000651508,0.0643533,-0.0188991,0.08706508350491149,56.703407350071124,56.31618025143423
PART-PIER-2,653,Pier/C3D8R,3.91667,-10.0,115.0,0.0010034326,0.15090562,-0.028327823,0.000651508,0.0643533,-0.0188991,0.08706508350491149,56.703407350071124,56.31618025143423
PART-PIER-1,415,Pier/C3D8R,-3.91667,10.0,115.0,-0.0010034326,-0.15090562,-0.028327823,-0.000651508,-0.0643533,-0.0188991,0.08706508350491149,56.703407350071124,56.31618025143423
PART-PIER-1,575,Pier/C3D8R,3.91667,10.0,115.0,0.0010034326,-0.15090562,-0.028327823,0.000651508,-0.0643533,-0.0188991,0.08706508350491149,56.703407350071124,56.31618025143423
PART-PIER-2,57,Pier/C3D8R,-11.75,-10.0,115.0,-0.0013864476,0.15059398,-0.028050305,-0.000629719,0.0640702,-0.0188885,0.08701077987537223,56.799119527058636,56.39450371792898
PART-PIER-2,236,Pier/C3D8R,11.75,-10.0,115.0,0.0013864476,0.15059398,-0.028050305,0.000629719,0.0640702,-0.0188885,0.08701077987537223,56.799119527058636,56.39450371792898
PART-PIER-1,109,Pier/C3D8R,-11.75,10.0,115.0,-0.0013864476,-0.15059398,-0.028050305,-0.000629719,-0.0640702,-0.0188885,0.08701077987537223,56.799119527058636,56.39450371792898
PART-PIER-1,223,Pier/C3D8R,11.75,10.0,115.0,0.0013864476,-0.15059398,-0.028050305,0.000629719,-0.0640702,-0.0188885,0.08701077987537223,56.799119527058636,56.39450371792898
PART-PIER-2,109,Pier/C3D8R,-11.75,-20.0,115.0,0.00084069365,0.1504053,-0.006703099,0.000577998,0.0635913,-0.00853767,0.0868337794625949,57.67504222623827,57.38192450307833
PART-PIER-2,223,Pier/C3D8R,11.75,-20.0,115.0,-0.00084069365,0.1504053,-0.006703099,-0.000577998,0.0635913,-0.00853767,0.0868337794625949,57.67504222623827,57.38192450307833
PART-PIER-1,57,Pier/C3D8R,-11.75,20.0,115.0,0.00084069365,-0.1504053,-0.006703099,0.000577998,-0.0635913,-0.00853767,0.0868337794625949,57.67504222623827,57.38192450307833
PART-PIER-1,236,Pier/C3D8R,11.75,20.0,115.0,-0.00084069365,-0.1504053,-0.006703099,-0.000577998,-0.0635913,-0.00853767,0.0868337794625949,57.67504222623827,57.38192450307833
PART-PIER-2,415,Pier/C3D8R,-3.91667,-20.0,115.0,-0.00028358932,0.15067504,-0.0070644743,-0.000248541,0.06388,-0.00859426,0.08680852746864365,57.54975596428547,57.26885518275159
PART-PIER-2,575,Pier/C3D8R,3.91667,-20.0,115.0,0.00028358932,0.15067504,-0.0070644743,0.000248541,0.06388,-0.00859426,0.08680852746864365,57.54975596428547,57.26885518275159
PART-PIER-1,337,Pier/C3D8R,-3.91667,20.0,115.0,-0.00028358932,-0.15067504,-0.0070644743,-0.000248541,-0.06388,-0.00859426,0.08680852746864365,57.54975596428547,57.26885518275159
PART-PIER-1,653,Pier/C3D8R,3.91667,20.0,115.0,0.00028358932,-0.15067504,-0.0070644743,0.000248541,-0.06388,-0.00859426,0.08680852746864365,57.54975596428547,57.26885518275159
PART-PIER-2,770,Pier/C3D8R,-3.91667,-15.0,115.0,0.00027147104,0.15074077,-0.01688152,0.00027432,0.0640719,-0.0135042,0.08673464893326006,57.18139005718491,56.831038898643214
PART-PIER-2,848,Pier/C3D8R,3.91667,-15.0,115.0,-0.00027147104,0.15074077,-0.01688152,-0.00027432,0.0640719,-0.0135042,0.08673464893326006,57.18139005718491,56.831038898643214
PART-PIER-1,770,Pier/C3D8R,-3.91667,15.0,115.0,0.00027147104,-0.15074077,-0.01688152,0.00027432,-0.0640719,-0.0135042,0.08673464893326006,57.18139005718491,56.831038898643214
PART-PIER-1,848,Pier/C3D8R,3.91667,15.0,115.0,-0.00027147104,-0.15074077,-0.01688152,-0.00027432,-0.0640719,-0.0135042,0.08673464893326006,57.18139005718491,56.831038898643214
PART-PIER-2,174,Pier/C3D8R,0.0,-20.0,115.0,-3.6908592e-15,0.15095524,-0.008155007,-1.05866e-13,0.0642629,-0.00928152,0.0866996588586989,57.35039127285798,57.05007164378676
PART-PIER-1,70,Pier/C3D8R,0.0,20.0,115.0,-1.9892227e-14,-0.15095524,-0.008155007,-8.83786e-14,-0.0642629,-0.00928152,0.0866996588586989,57.35039127285798,57.05007164378676
PART-PIER-2,771,Pier/C3D8R,-7.83333,-15.0,115.0,0.00012224179,0.15065649,-0.016632123,-2.50986e-05,0.0640252,-0.0135328,0.08668683821268922,57.191918000734354,56.825902803060515
PART-PIER-2,849,Pier/C3D8R,7.83333,-15.0,115.0,-0.00012224179,0.15065649,-0.016632123,2.50986e-05,0.0640252,-0.0135328,0.08668683821268922,57.191918000734354,56.825902803060515
PART-PIER-1,771,Pier/C3D8R,-7.83333,15.0,115.0,0.00012224179,-0.15065649,-0.016632123,-2.50986e-05,-0.0640252,-0.0135328,0.08668683821268922,57.191918000734354,56.825902803060515
PART-PIER-1,849,Pier/C3D8R,7.83333,15.0,115.0,-0.00012224179,-0.15065649,-0.016632123,2.50986e-05,-0.0640252,-0.0135328,0.08668683821268922,57.191918000734354,56.825902803060515
PART-PIER-2,461,Pier/C3D8R,0.0,-15.0,115.0,-1.8803623e-15,0.15076253,-0.015359969,-8.12496e-14,0.0641166,-0.0128746,0.08668156807898127,57.19933632874113,56.84627346340447
PART-PIER-1,461,Pier/C3D8R,0.0,15.0,115.0,-2.0219097e-14,-0.15076253,-0.015359969,-6.40391e-14,-0.0641166,-0.0128746,0.08668156807898127,57.19933632874113,56.84627346340447
PART-FLOOR-1,300,Floor/S4R,80.0,0.0,0.0,-0.0065658106,7.705265e-15,-0.43922576,-0.00369218,-7.87168e-14,-0.352677,0.08659645264306648,19.713501961653197,19.70941642066433
PART-FLOOR-1,387,Floor/S4R,-80.0,0.0,0.0,0.0065658106,5.0076706e-15,-0.43922576,0.00369218,-6.69483e-14,-0.352677,0.08659645264306648,19.713501961653197,19.70941642066433
PART-PIER-2,500,Pier/C3D8R,-11.75,-15.0,115.0,-0.0009242125,0.15043914,-0.017176187,-0.000525375,0.0640303,-0.0134966,0.08648806889963248,57.11825215343017,56.78266918781579
PART-PIER-2,699,Pier/C3D8R,11.75,-15.0,115.0,0.0009242125,0.15043914,-0.017176187,0.000525375,0.0640303,-0.0134966,0.08648806889963248,57.11825215343017,56.78266918781579
PART-PIER-1,500,Pier/C3D8R,-11.75,15.0,115.0,-0.0009242125,-0.15043914,-0.017176187,-0.000525375,-0.0640303,-0.0134966,0.08648806889963248,57.11825215343017,56.78266918781579
PART-PIER-1,699,Pier/C3D8R,11.75,15.0,115.0,0.0009242125,-0.15043914,-0.017176187,0.000525375,-0.0640303,-0.0134966,0.08648806889963248,57.11825215343017,56.78266918781579
PART-PIER-2,416,Pier/C3D8R,-7.83333,-20.0,115.0,-0.00015056347,0.15064484,-0.0069288267,-0.000134083,0.0641927,-0.00863192,0.08646891527580298,57.33854212517291,57.04986211173863
PART-PIER-2,576,Pier/C3D8R,7.83333,-20.0,115.0,0.00015056347,0.15064484,-0.0069288267,0.000134083,0.0641927,-0.00863192,0.08646891527580298,57.33854212517291,57.04986211173863
PART-PIER-1,338,Pier/C3D8R,-7.83333,20.0,115.0,-0.00015056347,-0.15064484,-0.0069288267,-0.000134083,-0.0641927,-0.00863192,0.08646891527580298,57.33854212517291,57.04986211173863
PART-PIER-1,654,Pier/C3D8R,7.83333,20.0,115.0,0.00015056347,-0.15064484,-0.0069288267,0.000134083,-0.0641927,-0.00863192,0.08646891527580298,57.33854212517291,57.04986211173863
PART-FLOOR-1,71,Floor/S4R,80.0,10.0,0.0,-0.0065781977,4.3077154e-05,-0.44336817,-0.00369818,0.000122511,-0.357871,0.08554570059153824,19.292383130138944,19.28812982218581
PART-FLOOR-1,85,Floor/S4R,80.0,-10.0,0.0,-0.0065781977,-4.3077154e-05,-0.44336817,-0.00369818,-0.000122511,-0.357871,0.08554570059153824,19.292383130138944,19.28812982218581
PART-FLOOR-1,136,Floor/S4R,-80.0,10.0,0.0,0.0065781977,4.3077154e-05,-0.44336817,0.00369818,0.000122511,-0.357871,0.08554570059153824,19.292383130138944,19.28812982218581
PART-FLOOR-1,146,Floor/S4R,-80.0,-10.0,0.0,0.0065781977,-4.3077154e-05,-0.44336817,0.00369818,-0.000122511,-0.357871,0.08554570059153824,19.292383130138944,19.28812982218581
PART-SUPPORTBEAM-2,198,SupportBeam/B31,-92.30769,10.0,-30.0,-0.009516216,0.0026134008,-0.24142727,0.0136884,0.00047373,-0.15948,0.08519617042621533,35.25910104426202,33.754991678898655
PART-SUPPORTBEAM-2,222,SupportBeam/B31,92.30769,10.0,-30.0,0.009516216,0.0026134008,-0.24142727,-0.0136884,0.00047373,-0.15948,0.08519617042621533,35.25910104426202,33.754991678898655
PART-SUPPORTBEAM-1,198,SupportBeam/B31,-92.30769,-10.0,-30.0,-0.009516216,-0.0026134008,-0.24142727,0.0136884,-0.00047373,-0.15948,0.08519617042621533,35.25910104426202,33.754991678898655
PART-SUPPORTBEAM-1,222,SupportBeam/B31,92.30769,-10.0,-30.0,0.009516216,-0.0026134008,-0.24142727,-0.0136884,-0.00047373,-0.15948,0.08519617042621533,35.25910104426202,33.754991678898655
PART-SUPPORTBEAM-2,100,SupportBeam/B31,-90.0,10.0,-6.0,0.0007872887,0.000635552,-0.24465851,0.000947608,0.000185228,-0.160194,0.08446586259266538,34.52368784989798,34.5228008291739
PART-SUPPORTBEAM-2,235,SupportBeam/B31,90.0,10.0,-6.0,-0.0007872887,0.000635552,-0.24465851,-0.000947608,0.000185228,-0.160194,0.08446586259266538,34.52368784989798,34.5228008291739
PART-SUPPORTBEAM-1,100,SupportBeam/B31,-90.0,-10.0,-6.0,0.0007872887,-0.000635552,-0.24465851,0.000947608,-0.000185228,-0.160194,0.08446586259266538,34.52368784989798,34.5228008291739
PART-SUPPORTBEAM-1,235,SupportBeam/B31,90.0,-10.0,-6.0,-0.0007872887,-0.000635552,-0.24465851,-0.000947608,-0.000185228,-0.160194,0.08446586259266538,34.52368784989798,34.5228008291739
PART-FLOOR-1,305,Floor/S4R,70.0,-5.0,0.0,-0.0050548743,-0.00017838518,-0.4413069,-0.00329149,-6.04629e-05,-0.35762,0.08370555932232703,18.96640679578234,18.965313264185873
PART-FLOOR-1,307,Floor/S4R,70.0,5.0,0.0,-0.0050548743,0.00017838518,-0.4413069,-0.00329149,6.04629e-05,-0.35762,0.08370555932232703,18.96640679578234,18.965313264185873
PART-FLOOR-1,380,Floor/S4R,-70.0,-5.0,0.0,0.0050548743,-0.00017838518,-0.4413069,0.00329149,-6.04629e-05,-0.35762,0.08370555932232703,18.96640679578234,18.965313264185873
PART-FLOOR-1,382,Floor/S4R,-70.0,5.0,0.0,0.0050548743,0.00017838518,-0.4413069,0.00329149,6.04629e-05,-0.35762,0.08370555932232703,18.96640679578234,18.965313264185873
PART-FLOOR-1,296,Floor/S4R,85.0,-5.0,0.0,-0.0068049645,-4.1286687e-05,-0.4010274,-0.00389495,-6.85805e-05,-0.31836,0.08271860704885231,20.62370305350803,20.61938834125226
PART-FLOOR-1,298,Floor/S4R,85.0,5.0,0.0,-0.0068049645,4.1286687e-05,-0.4010274,-0.00389495,6.85805e-05,-0.31836,0.08271860704885231,20.62370305350803,20.61938834125226
PART-FLOOR-1,389,Floor/S4R,-85.0,-5.0,0.0,0.0068049645,-4.1286687e-05,-0.4010274,0.00389495,-6.85805e-05,-0.31836,0.08271860704885231,20.62370305350803,20.61938834125226
PART-FLOOR-1,391,Floor/S4R,-85.0,5.0,0.0,0.0068049645,4.1286687e-05,-0.4010274,0.00389495,6.85805e-05,-0.31836,0.08271860704885231,20.62370305350803,20.61938834125226
PART-PIER-2,335,Pier/C3D8R,-4.0,-10.0,110.0,0.000543556,0.14094481,-0.025320878,0.00036738,0.0591945,-0.0177752,0.08209799924211772,57.330107937023215,56.839496515909026
PART-PIER-2,651,Pier/C3D8R,4.0,-10.0,110.0,-0.000543556,0.14094481,-0.025320878,-0.00036738,0.0591945,-0.0177752,0.08209799924211772,57.330107937023215,56.839496515909026
PART-PIER-1,413,Pier/C3D8R,-4.0,10.0,110.0,0.000543556,-0.14094481,-0.025320878,0.00036738,-0.0591945,-0.0177752,0.08209799924211772,57.330107937023215,56.839496515909026
PART-PIER-1,573,Pier/C3D8R,4.0,10.0,110.0,-0.000543556,-0.14094481,-0.025320878,-0.00036738,-0.0591945,-0.0177752,0.08209799924211772,57.330107937023215,56.839496515909026
PART-PIER-2,336,Pier/C3D8R,-8.0,-10.0,110.0,-0.0010199073,0.14095847,-0.027027862,-0.000553923,0.0594344,-0.0183121,0.08198997278919777,57.1239620549656,56.66829896734698
PART-PIER-2,652,Pier/C3D8R,8.0,-10.0,110.0,0.0010199073,0.14095847,-0.027027862,0.000553923,0.0594344,-0.0183121,0.08198997278919777,57.1239620549656,56.66829896734698
PART-PIER-1,414,Pier/C3D8R,-8.0,10.0,110.0,-0.0010199073,-0.14095847,-0.027027862,-0.000553923,-0.0594344,-0.0183121,0.08198997278919777,57.1239620549656,56.66829896734698
PART-PIER-1,574,Pier/C3D8R,8.0,10.0,110.0,0.0010199073,-0.14095847,-0.027027862,0.000553923,-0.0594344,-0.0183121,0.08198997278919777,57.1239620549656,56.66829896734698
PART-PIER-2,71,Pier/C3D8R,0.0,-10.0,110.0,-1.4167382e-16,0.1409671,-0.026003487,-5.47972e-14,0.0594271,-0.0178117,0.08195045438710741,57.16992143289754,56.72062488308692
PART-PIER-1,173,Pier/C3D8R,0.0,10.0,110.0,-1.956021e-14,-0.1409671,-0.026003487,-3.63053e-14,-0.0594271,-0.0178117,0.08195045438710741,57.16992143289754,56.72062488308692
PART-PIER-2,56,Pier/C3D8R,-12.0,-10.0,110.0,0.00031049468,0.1406829,-0.025456402,-2.07412e-05,0.0591297,-0.0177116,0.08192079165552174,57.30015357314784,56.82568827784695
PART-PIER-2,237,Pier/C3D8R,12.0,-10.0,110.0,-0.00031049468,0.1406829,-0.025456402,2.07412e-05,0.0591297,-0.0177116,0.08192079165552174,57.30015357314784,56.82568827784695
PART-PIER-1,110,Pier/C3D8R,-12.0,10.0,110.0,0.00031049468,-0.1406829,-0.025456402,-2.07412e-05,-0.0591297,-0.0177116,0.08192079165552174,57.30015357314784,56.82568827784695
PART-PIER-1,222,Pier/C3D8R,12.0,10.0,110.0,-0.00031049468,-0.1406829,-0.025456402,2.07412e-05,-0.0591297,-0.0177116,0.08192079165552174,57.30015357314784,56.82568827784695
PART-PIER-2,173,Pier/C3D8R,0.0,-20.0,110.0,-3.2447859e-15,0.14092831,-0.0059722397,-1.00453e-13,0.0591917,-0.00815231,0.08176567813456354,57.96731408600472,57.64024981413207
PART-PIER-1,71,Pier/C3D8R,0.0,20.0,110.0,-1.9153302e-14,-0.14092831,-0.0059722397,-8.57107e-14,-0.0591917,-0.00815231,0.08176567813456354,57.96731408600472,57.64024981413207
PART-PIER-2,460,Pier/C3D8R,0.0,-15.0,110.0,-1.79332e-15,0.14094877,-0.017906584,-7.77664e-14,0.0592874,-0.0138445,0.08176233776440078,57.54601323314221,57.149719732615125
PART-PIER-1,460,Pier/C3D8R,0.0,15.0,110.0,-1.938106e-14,-0.14094877,-0.017906584,-6.02573e-14,-0.0592874,-0.0138445,0.08176233776440078,57.54601323314221,57.149719732615125
PART-PIER-2,414,Pier/C3D8R,-8.0,-20.0,110.0,0.00025375834,0.14072683,-0.0069457763,0.000143697,0.0590198,-0.00862431,0.08172434362111144,58.00233692937452,57.66681741216166
PART-PIER-2,574,Pier/C3D8R,8.0,-20.0,110.0,-0.00025375834,0.14072683,-0.0069457763,-0.000143697,0.0590198,-0.00862431,0.08172434362111144,58.00233692937452,57.66681741216166
PART-PIER-1,336,Pier/C3D8R,-8.0,20.0,110.0,0.00025375834,-0.14072683,-0.0069457763,0.000143697,-0.0590198,-0.00862431,0.08172434362111144,58.00233692937452,57.66681741216166
PART-PIER-1,652,Pier/C3D8R,8.0,20.0,110.0,-0.00025375834,-0.14072683,-0.0069457763,-0.000143697,-0.0590198,-0.00862431,0.08172434362111144,58.00233692937452,57.66681741216166
PART-PIER-2,768,Pier/C3D8R,-4.0,-15.0,110.0,-0.00031311394,0.14087228,-0.016767016,-0.00030857,0.0592771,-0.0133981,0.0816646987069373,57.56428926841599,57.161849359882154
PART-PIER-2,846,Pier/C3D8R,4.0,-15.0,110.0,0.00031311394,0.14087228,-0.016767016,0.00030857,0.0592771,-0.0133981,0.0816646987069373,57.56428926841599,57.161849359882154
PART-PIER-1,768,Pier/C3D8R,-4.0,15.0,110.0,-0.00031311394,-0.14087228,-0.016767016,-0.00030857,-0.0592771,-0.0133981,0.0816646987069373,57.56428926841599,57.161849359882154
PART-PIER-1,846,Pier/C3D8R,4.0,15.0,110.0,0.00031311394,-0.14087228,-0.016767016,0.00030857,-0.0592771,-0.0133981,0.0816646987069373,57.56428926841599,57.161849359882154
PART-PIER-2,499,Pier/C3D8R,-12.0,-15.0,110.0,0.0004126011,0.1406022,-0.016375503,0.000183909,0.0590175,-0.0133058,0.08164275014154541,57.67637547382094,57.26050485129112
PART-PIER-2,698,Pier/C3D8R,12.0,-15.0,110.0,-0.0004126011,0.1406022,-0.016375503,-0.000183909,0.0590175,-0.0133058,0.08164275014154541,57.67637547382094,57.26050485129112
PART-PIER-1,499,Pier/C3D8R,-12.0,15.0,110.0,0.0004126011,-0.1406022,-0.016375503,0.000183909,-0.0590175,-0.0133058,0.08164275014154541,57.67637547382094,57.26050485129112
PART-PIER-1,698,Pier/C3D8R,12.0,15.0,110.0,-0.0004126011,-0.1406022,-0.016375503,-0.000183909,-0.0590175,-0.0133058,0.08164275014154541,57.67637547382094,57.26050485129112
PART-PIER-2,769,Pier/C3D8R,-8.0,-15.0,110.0,-0.00035031993,0.14075269,-0.016847068,-0.000147685,0.0592031,-0.0133194,0.08162610569910328,57.581396809324715,57.19241972913447
PART-PIER-2,847,Pier/C3D8R,8.0,-15.0,110.0,0.00035031993,0.14075269,-0.016847068,0.000147685,0.0592031,-0.0133194,0.08162610569910328,57.581396809324715,57.19241972913447
PART-PIER-1,769,Pier/C3D8R,-8.0,15.0,110.0,-0.00035031993,-0.14075269,-0.016847068,-0.000147685,-0.0592031,-0.0133194,0.08162610569910328,57.581396809324715,57.19241972913447
PART-PIER-1,847,Pier/C3D8R,8.0,15.0,110.0,0.00035031993,-0.14075269,-0.016847068,0.000147685,-0.0592031,-0.0133194,0.08162610569910328,57.581396809324715,57.19241972913447
PART-PIER-2,413,Pier/C3D8R,-4.0,-20.0,110.0,0.0002887684,0.14096688,-0.0067089074,0.000226698,0.0594114,-0.00859645,0.0815773435938666,57.80431762418564,57.46338631827197
PART-PIER-2,573,Pier/C3D8R,4.0,-20.0,110.0,-0.0002887684,0.14096688,-0.0067089074,-0.000226698,0.0594114,-0.00859645,0.0815773435938666,57.80431762418564,57.46338631827197
PART-PIER-1,335,Pier/C3D8R,-4.0,20.0,110.0,0.0002887684,-0.14096688,-0.0067089074,0.000226698,-0.0594114,-0.00859645,0.0815773435938666,57.80431762418564,57.46338631827197
PART-PIER-1,651,Pier/C3D8R,4.0,20.0,110.0,-0.0002887684,-0.14096688,-0.0067089074,-0.000226698,-0.0594114,-0.00859645,0.0815773435938666,57.80431762418564,57.46338631827197
PART-SUPPORTBEAM-2,199,SupportBeam/B31,-96.15385,10.0,-30.0,-0.0096204495,0.0026086476,-0.2381621,0.0129269,0.000502405,-0.159868,0.0815032841189556,34.19183548026014,32.71377954595294
PART-SUPPORTBEAM-2,223,SupportBeam/B31,96.15385,10.0,-30.0,0.0096204495,0.0026086476,-0.2381621,-0.0129269,0.000502405,-0.159868,0.0815032841189556,34.19183548026014,32.71377954595294
PART-SUPPORTBEAM-1,199,SupportBeam/B31,-96.15385,-10.0,-30.0,-0.0096204495,-0.0026086476,-0.2381621,0.0129269,-0.000502405,-0.159868,0.0815032841189556,34.19183548026014,32.71377954595294
PART-SUPPORTBEAM-1,223,SupportBeam/B31,96.15385,-10.0,-30.0,0.0096204495,-0.0026086476,-0.2381621,-0.0129269,-0.000502405,-0.159868,0.0815032841189556,34.19183548026014,32.71377954595294
PART-PIER-2,110,Pier/C3D8R,-12.0,-20.0,110.0,-0.0004571677,0.14054495,-0.0070276284,-0.000412463,0.0593155,-0.00863195,0.08124530382495304,57.73490832479179,57.40394494572437
PART-PIER-2,222,Pier/C3D8R,12.0,-20.0,110.0,0.0004571677,0.14054495,-0.0070276284,0.000412463,0.0593155,-0.00863195,0.08124530382495304,57.73490832479179,57.40394494572437
PART-PIER-1,56,Pier/C3D8R,-12.0,20.0,110.0,-0.0004571677,-0.14054495,-0.0070276284,-0.000412463,-0.0593155,-0.00863195,0.08124530382495304,57.73490832479179,57.40394494572437
PART-PIER-1,237,Pier/C3D8R,12.0,20.0,110.0,0.0004571677,-0.14054495,-0.0070276284,0.000412463,-0.0593155,-0.00863195,0.08124530382495304,57.73490832479179,57.40394494572437
PART-SUPPORTBEAM-2,101,SupportBeam/B31,-93.33334,10.0,-4.0,0.0035304225,0.000466696,-0.24077228,0.00237368,0.000178987,-0.159634,0.08114703513399851,33.699128822151344,33.69905896125181
PART-SUPPORTBEAM-2,236,SupportBeam/B31,93.33334,10.0,-4.0,-0.0035304225,0.000466696,-0.24077228,-0.00237368,0.000178987,-0.159634,0.08114703513399851,33.699128822151344,33.69905896125181
PART-SUPPORTBEAM-1,101,SupportBeam/B31,-93.33334,-10.0,-4.0,0.0035304225,-0.000466696,-0.24077228,0.00237368,-0.000178987,-0.159634,0.08114703513399851,33.699128822151344,33.69905896125181
PART-SUPPORTBEAM-1,236,SupportBeam/B31,93.33334,-10.0,-4.0,-0.0035304225,-0.000466696,-0.24077228,-0.00237368,-0.000178987,-0.159634,0.08114703513399851,33.699128822151344,33.69905896125181
PART-FLOOR-1,69,Floor/S4R,90.0,10.0,0.0,-0.0070779175,0.00012090525,-0.3351718,-0.00409657,0.000154845,-0.255263,0.07996440396990642,23.85241690507043,23.848308315345577
PART-FLOOR-1,87,Floor/S4R,90.0,-10.0,0.0,-0.0070779175,-0.00012090525,-0.3351718,-0.00409657,-0.000154845,-0.255263,0.07996440396990642,23.85241690507043,23.848308315345577
PART-FLOOR-1,138,Floor/S4R,-90.0,10.0,0.0,0.0070779175,0.00012090525,-0.3351718,0.00409657,0.000154845,-0.255263,0.07996440396990642,23.85241690507043,23.848308315345577
PART-FLOOR-1,144,Floor/S4R,-90.0,-10.0,0.0,0.0070779175,-0.00012090525,-0.3351718,0.00409657,-0.000154845,-0.255263,0.07996440396990642,23.85241690507043,23.848308315345577
PART-FLOOR-1,294,Floor/S4R,90.0,0.0,0.0,-0.007078502,7.502991e-15,-0.35502446,-0.00411296,-7.43651e-14,-0.275561,0.07951877711915194,22.39366166948856,22.38931040056134
PART-FLOOR-1,393,Floor/S4R,-90.0,0.0,0.0,0.007078502,4.804807e-15,-0.35502446,0.00411296,-6.19945e-14,-0.275561,0.07951877711915194,22.39366166948856,22.38931040056134
PART-SUPPORTBEAM-2,9,SupportBeam/B31,-100.0,10.0,-30.0,-0.009724684,0.0026040894,-0.23576926,0.0121653,0.000529631,-0.160879,0.07805143060854931,33.07486865474228,31.631338406822973
PART-SUPPORTBEAM-2,13,SupportBeam/B31,100.0,10.0,-30.0,0.009724684,0.0026040894,-0.23576926,-0.0121653,0.000529631,-0.160879,0.07805143060854931,33.07486865474228,31.631338406822973
PART-SUPPORTBEAM-1,9,SupportBeam/B31,-100.0,-10.0,-30.0,-0.009724684,-0.0026040894,-0.23576926,0.0121653,-0.000529631,-0.160879,0.07805143060854931,33.07486865474228,31.631338406822973
PART-SUPPORTBEAM-1,13,SupportBeam/B31,100.0,-10.0,-30.0,0.009724684,-0.0026040894,-0.23576926,-0.0121653,-0.000529631,-0.160879,0.07805143060854931,33.07486865474228,31.631338406822973
PART-SUPPORTBEAM-2,102,SupportBeam/B31,-96.66666,10.0,-2.0,0.005990137,0.00029857614,-0.23735256,0.0036036,0.000171247,-0.159395,0.07799418524938805,32.849570859520426,32.84886161583461
PART-SUPPORTBEAM-2,237,SupportBeam/B31,96.66666,10.0,-2.0,-0.005990137,0.00029857614,-0.23735256,-0.0036036,0.000171247,-0.159395,0.07799418524938805,32.849570859520426,32.84886161583461
PART-SUPPORTBEAM-1,102,SupportBeam/B31,-96.66666,-10.0,-2.0,0.005990137,-0.00029857614,-0.23735256,0.0036036,-0.000171247,-0.159395,0.07799418524938805,32.849570859520426,32.84886161583461
PART-SUPPORTBEAM-1,237,SupportBeam/B31,96.66666,-10.0,-2.0,-0.005990137,-0.00029857614,-0.23735256,-0.0036036,-0.000171247,-0.159395,0.07799418524938805,32.849570859520426,32.84886161583461
PART-FLOOR-1,303,Floor/S4R,75.0,0.0,0.0,-0.0054696826,7.782579e-15,-0.4531062,-0.00349206,-8.07121e-14,-0.375226,0.07790530497461666,17.192355643777947,17.190514788019104
PART-FLOOR-1,384,Floor/S4R,-75.0,0.0,0.0,0.0054696826,5.1141118e-15,-0.4531062,0.00349206,-6.93112e-14,-0.375226,0.07790530497461666,17.192355643777947,17.190514788019104
PART-PIER-2,72,Pier/C3D8R,0.0,-10.0,105.0,7.976161e-17,0.13177995,-0.025981268,-5.16673e-14,0.0547804,-0.0178569,0.07742697240369098,57.64507344611231,57.103354163487786
PART-PIER-1,172,Pier/C3D8R,0.0,10.0,105.0,-1.8745898e-14,-0.13177995,-0.025981268,-3.33604e-14,-0.0547804,-0.0178569,0.07742697240369098,57.64507344611231,57.103354163487786
PART-FLOOR-1,290,Floor/S4R,95.0,-5.0,0.0,-0.007382157,-3.1662585e-05,-0.30248502,-0.00431549,-0.000120452,-0.225317,0.07722898187060027,25.523906178054112,25.519858138975238
PART-FLOOR-1,292,Floor/S4R,95.0,5.0,0.0,-0.007382157,3.1662585e-05,-0.30248502,-0.00431549,0.000120452,-0.225317,0.07722898187060027,25.523906178054112,25.519858138975238
PART-FLOOR-1,395,Floor/S4R,-95.0,-5.0,0.0,0.007382157,-3.1662585e-05,-0.30248502,0.00431549,-0.000120452,-0.225317,0.07722898187060027,25.523906178054112,25.519858138975238
PART-FLOOR-1,397,Floor/S4R,-95.0,5.0,0.0,0.007382157,3.1662585e-05,-0.30248502,0.00431549,0.000120452,-0.225317,0.07722898187060027,25.523906178054112,25.519858138975238
PART-PIER-2,333,Pier/C3D8R,-4.08333,-10.0,105.0,-0.0007228512,0.13165367,-0.026329806,-0.000478513,0.0549031,-0.0177969,0.07722383169259159,57.51697026653299,57.011517509508934
PART-PIER-2,649,Pier/C3D8R,4.08333,-10.0,105.0,0.0007228512,0.13165367,-0.026329806,0.000478513,0.0549031,-0.0177969,0.07722383169259159,57.51697026653299,57.011517509508934
PART-PIER-1,411,Pier/C3D8R,-4.08333,10.0,105.0,-0.0007228512,-0.13165367,-0.026329806,-0.000478513,-0.0549031,-0.0177969,0.07722383169259159,57.51697026653299,57.011517509508934
PART-PIER-1,571,Pier/C3D8R,4.08333,10.0,105.0,0.0007228512,-0.13165367,-0.026329806,0.000478513,-0.0549031,-0.0177969,0.07722383169259159,57.51697026653299,57.011517509508934
PART-SUPPORTBEAM-2,140,SupportBeam/B31,-100.0,10.0,-26.25,-0.008049641,0.0022976054,-0.23569398,0.010697,0.000482788,-0.160804,0.07722201250536419,32.743030869200965,31.666234567562952
PART-SUPPORTBEAM-2,244,SupportBeam/B31,100.0,10.0,-26.25,0.008049641,0.0022976054,-0.23569398,-0.010697,0.000482788,-0.160804,0.07722201250536419,32.743030869200965,31.666234567562952
PART-SUPPORTBEAM-1,140,SupportBeam/B31,-100.0,-10.0,-26.25,-0.008049641,-0.0022976054,-0.23569398,0.010697,-0.000482788,-0.160804,0.07722201250536419,32.743030869200965,31.666234567562952
PART-SUPPORTBEAM-1,244,SupportBeam/B31,100.0,-10.0,-26.25,0.008049641,-0.0022976054,-0.23569398,-0.010697,-0.000482788,-0.160804,0.07722201250536419,32.743030869200965,31.666234567562952
PART-PIER-2,334,Pier/C3D8R,-8.16667,-10.0,105.0,0.00024140804,0.13140993,-0.025170572,7.41423e-05,0.0545811,-0.0174685,0.0772141114699241,57.70901340313047,57.16832026038523
PART-PIER-2,650,Pier/C3D8R,8.16667,-10.0,105.0,-0.00024140804,0.13140993,-0.025170572,-7.41423e-05,0.0545811,-0.0174685,0.0772141114699241,57.70901340313047,57.16832026038523
PART-PIER-1,412,Pier/C3D8R,-8.16667,10.0,105.0,0.00024140804,-0.13140993,-0.025170572,7.41423e-05,-0.0545811,-0.0174685,0.0772141114699241,57.70901340313047,57.16832026038523
PART-PIER-1,572,Pier/C3D8R,8.16667,10.0,105.0,-0.00024140804,-0.13140993,-0.025170572,-7.41423e-05,-0.0545811,-0.0174685,0.0772141114699241,57.70901340313047,57.16832026038523
PART-PIER-2,55,Pier/C3D8R,-12.25,-10.0,105.0,-0.0011473286,0.13130341,-0.02608863,-0.000532726,0.054644,-0.0177463,0.07711444318500217,57.60182042575216,57.08242288950602
PART-PIER-2,238,Pier/C3D8R,12.25,-10.0,105.0,0.0011473286,0.13130341,-0.02608863,0.000532726,0.054644,-0.0177463,0.07711444318500217,57.60182042575216,57.08242288950602
PART-PIER-1,111,Pier/C3D8R,-12.25,10.0,105.0,-0.0011473286,-0.13130341,-0.02608863,-0.000532726,-0.054644,-0.0177463,0.07711444318500217,57.60182042575216,57.08242288950602
PART-PIER-1,221,Pier/C3D8R,12.25,10.0,105.0,0.0011473286,-0.13130341,-0.02608863,0.000532726,-0.054644,-0.0177463,0.07711444318500217,57.60182042575216,57.08242288950602
PART-PIER-2,111,Pier/C3D8R,-12.25,-20.0,105.0,0.00047597283,0.1311244,-0.007062771,0.000329757,0.054283,-0.00861516,0.07685721855906746,58.528745154709604,58.14397036963855
PART-PIER-2,221,Pier/C3D8R,12.25,-20.0,105.0,-0.00047597283,0.1311244,-0.007062771,-0.000329757,0.054283,-0.00861516,0.07685721855906746,58.528745154709604,58.14397036963855
PART-PIER-1,55,Pier/C3D8R,-12.25,20.0,105.0,0.00047597283,-0.1311244,-0.007062771,0.000329757,-0.054283,-0.00861516,0.07685721855906746,58.528745154709604,58.14397036963855
PART-PIER-1,238,Pier/C3D8R,12.25,20.0,105.0,-0.00047597283,-0.1311244,-0.007062771,-0.000329757,-0.054283,-0.00861516,0.07685721855906746,58.528745154709604,58.14397036963855
PART-PIER-2,766,Pier/C3D8R,-4.08333,-15.0,105.0,0.00010584861,0.1314382,-0.016269378,0.000156213,0.0546611,-0.0131014,0.07684244729048045,58.01999331608274,57.55894772141302
PART-PIER-2,844,Pier/C3D8R,4.08333,-15.0,105.0,-0.00010584861,0.1314382,-0.016269378,-0.000156213,0.0546611,-0.0131014,0.07684244729048045,58.01999331608274,57.55894772141302
PART-PIER-1,766,Pier/C3D8R,-4.08333,15.0,105.0,0.00010584861,-0.1314382,-0.016269378,0.000156213,-0.0546611,-0.0131014,0.07684244729048045,58.01999331608274,57.55894772141302
PART-PIER-1,844,Pier/C3D8R,4.08333,15.0,105.0,-0.00010584861,-0.1314382,-0.016269378,-0.000156213,-0.0546611,-0.0131014,0.07684244729048045,58.01999331608274,57.55894772141302
PART-PIER-2,411,Pier/C3D8R,-4.08333,-20.0,105.0,-0.00016681832,0.13127263,-0.0073769977,-0.000174266,0.0544901,-0.00870229,0.07679396700489743,58.40740327698231,58.03091132142403
PART-PIER-2,571,Pier/C3D8R,4.08333,-20.0,105.0,0.00016681832,0.13127263,-0.0073769977,0.000174266,0.0544901,-0.00870229,0.07679396700489743,58.40740327698231,58.03091132142403
PART-PIER-1,333,Pier/C3D8R,-4.08333,20.0,105.0,-0.00016681832,-0.13127263,-0.0073769977,-0.000174266,-0.0544901,-0.00870229,0.07679396700489743,58.40740327698231,58.03091132142403
PART-PIER-1,649,Pier/C3D8R,4.08333,20.0,105.0,0.00016681832,-0.13127263,-0.0073769977,0.000174266,-0.0544901,-0.00870229,0.07679396700489743,58.40740327698231,58.03091132142403
PART-PIER-2,459,Pier/C3D8R,0.0,-15.0,105.0,-1.5429786e-15,0.13142076,-0.015501575,-7.36865e-14,0.0546822,-0.0128299,0.07678505348164592,58.02462614876664,57.555825795982265
PART-PIER-1,459,Pier/C3D8R,0.0,15.0,105.0,-1.8577198e-14,-0.13142076,-0.015501575,-5.77133e-14,-0.0546822,-0.0128299,0.07678505348164592,58.02462614876664,57.555825795982265
PART-PIER-2,767,Pier/C3D8R,-8.16667,-15.0,105.0,6.3231586e-05,0.13131101,-0.016206518,-5.12823e-05,0.0546044,-0.0131457,0.07676773891389085,58.02227553547513,57.549969376187306
PART-PIER-2,845,Pier/C3D8R,8.16667,-15.0,105.0,-6.3231586e-05,0.13131101,-0.016206518,5.12823e-05,0.0546044,-0.0131457,0.07676773891389085,58.02227553547513,57.549969376187306
PART-PIER-1,767,Pier/C3D8R,-8.16667,15.0,105.0,6.3231586e-05,-0.13131101,-0.016206518,-5.12823e-05,-0.0546044,-0.0131457,0.07676773891389085,58.02227553547513,57.549969376187306
PART-PIER-1,845,Pier/C3D8R,8.16667,15.0,105.0,-6.3231586e-05,-0.13131101,-0.016206518,5.12823e-05,-0.0546044,-0.0131457,0.07676773891389085,58.02227553547513,57.549969376187306
PART-FLOOR-1,72,Floor/S4R,75.0,10.0,0.0,-0.005456543,0.00034509005,-0.46000576,-0.00349366,0.000120382,-0.383376,0.07665522500806467,16.662793773755563,16.660856663007095
PART-FLOOR-1,84,Floor/S4R,75.0,-10.0,0.0,-0.005456543,-0.00034509005,-0.46000576,-0.00349366,-0.000120382,-0.383376,0.07665522500806467,16.662793773755563,16.660856663007095
PART-FLOOR-1,135,Floor/S4R,-75.0,10.0,0.0,0.005456543,0.00034509005,-0.46000576,0.00349366,0.000120382,-0.383376,0.07665522500806467,16.662793773755563,16.660856663007095
PART-FLOOR-1,147,Floor/S4R,-75.0,-10.0,0.0,0.005456543,-0.00034509005,-0.46000576,0.00349366,-0.000120382,-0.383376,0.07665522500806467,16.662793773755563,16.660856663007095
PART-PIER-2,172,Pier/C3D8R,0.0,-20.0,105.0,-3.1422131e-15,0.1313135,-0.007829287,-9.60262e-14,0.0546846,-0.00896338,0.07663729171977993,58.25862185680486,57.87478574850231
PART-PIER-1,72,Pier/C3D8R,0.0,20.0,105.0,-1.8047445e-14,-0.1313135,-0.007829287,-8.11677e-14,-0.0546846,-0.00896338,0.07663729171977993,58.25862185680486,57.87478574850231
PART-PIER-2,412,Pier/C3D8R,-8.16667,-20.0,105.0,-0.00010339843,0.13127704,-0.007089643,-0.000103146,0.0546919,-0.00861379,0.07660030478373393,58.26519254168963,57.8863279496573
PART-PIER-2,572,Pier/C3D8R,8.16667,-20.0,105.0,0.00010339843,0.13127704,-0.007089643,0.000103146,0.0546919,-0.00861379,0.07660030478373393,58.26519254168963,57.8863279496573
PART-PIER-1,334,Pier/C3D8R,-8.16667,20.0,105.0,-0.00010339843,-0.13127704,-0.007089643,-0.000103146,-0.0546919,-0.00861379,0.07660030478373393,58.26519254168963,57.8863279496573
PART-PIER-1,650,Pier/C3D8R,8.16667,20.0,105.0,0.00010339843,-0.13127704,-0.007089643,0.000103146,-0.0546919,-0.00861379,0.07660030478373393,58.26519254168963,57.8863279496573
PART-PIER-2,498,Pier/C3D8R,-12.25,-15.0,105.0,-0.0006839019,0.13107292,-0.016493812,-0.000402987,0.0545541,-0.0131114,0.07659405615523432,57.97819675824125,57.52804588794804
PART-PIER-2,697,Pier/C3D8R,12.25,-15.0,105.0,0.0006839019,0.13107292,-0.016493812,0.000402987,0.0545541,-0.0131114,0.07659405615523432,57.97819675824125,57.52804588794804
PART-PIER-1,498,Pier/C3D8R,-12.25,15.0,105.0,-0.0006839019,-0.13107292,-0.016493812,-0.000402987,-0.0545541,-0.0131114,0.07659405615523432,57.97819675824125,57.52804588794804
PART-PIER-1,697,Pier/C3D8R,12.25,15.0,105.0,0.0006839019,-0.13107292,-0.016493812,0.000402987,-0.0545541,-0.0131114,0.07659405615523432,57.97819675824125,57.52804588794804
PART-SUPPORTBEAM-2,139,SupportBeam/B31,-100.0,10.0,-22.5,-0.0060053817,0.0019901171,-0.23561324,0.00953019,0.000436204,-0.160724,0.07649945687222748,32.456535044859315,31.689373806419496
PART-SUPPORTBEAM-2,243,SupportBeam/B31,100.0,10.0,-22.5,0.0060053817,0.0019901171,-0.23561324,-0.00953019,0.000436204,-0.160724,0.07649945687222748,32.456535044859315,31.689373806419496
PART-SUPPORTBEAM-1,139,SupportBeam/B31,-100.0,-10.0,-22.5,-0.0060053817,-0.0019901171,-0.23561324,0.00953019,-0.000436204,-0.160724,0.07649945687222748,32.456535044859315,31.689373806419496
PART-SUPPORTBEAM-1,243,SupportBeam/B31,100.0,-10.0,-22.5,0.0060053817,-0.0019901171,-0.23561324,-0.00953019,-0.000436204,-0.160724,0.07649945687222748,32.456535044859315,31.689373806419496
PART-SUPPORTBEAM-2,138,SupportBeam/B31,-100.0,10.0,-18.75,-0.0037029132,0.0016817527,-0.23552707,0.00858257,0.000389879,-0.160638,0.07590108589855045,32.22125298588232,31.70907823689948
PART-SUPPORTBEAM-2,242,SupportBeam/B31,100.0,10.0,-18.75,0.0037029132,0.0016817527,-0.23552707,-0.00858257,0.000389879,-0.160638,0.07590108589855045,32.22125298588232,31.70907823689948
PART-SUPPORTBEAM-1,138,SupportBeam/B31,-100.0,-10.0,-18.75,-0.0037029132,-0.0016817527,-0.23552707,0.00858257,-0.000389879,-0.160638,0.07590108589855045,32.22125298588232,31.70907823689948
PART-SUPPORTBEAM-1,242,SupportBeam/B31,100.0,-10.0,-18.75,0.0037029132,-0.0016817527,-0.23552707,-0.00858257,-0.000389879,-0.160638,0.07590108589855045,32.22125298588232,31.70907823689948
PART-SUPPORTBEAM-2,137,SupportBeam/B31,-100.0,10.0,-15.0,-0.001253242,0.0013726411,-0.23543544,0.00777172,0.000343812,-0.160546,0.07543829698456912,32.04103264343469,31.73102750138805
PART-SUPPORTBEAM-2,241,SupportBeam/B31,100.0,10.0,-15.0,0.001253242,0.0013726411,-0.23543544,-0.00777172,0.000343812,-0.160546,0.07543829698456912,32.04103264343469,31.73102750138805
PART-SUPPORTBEAM-1,137,SupportBeam/B31,-100.0,-10.0,-15.0,-0.001253242,-0.0013726411,-0.23543544,0.00777172,-0.000343812,-0.160546,0.07543829698456912,32.04103264343469,31.73102750138805
PART-SUPPORTBEAM-1,241,SupportBeam/B31,100.0,-10.0,-15.0,0.001253242,-0.0013726411,-0.23543544,-0.00777172,-0.000343812,-0.160546,0.07543829698456912,32.04103264343469,31.73102750138805
PART-FLOOR-1,57,Floor/S4R,100.0,0.0,0.0,-0.0076137884,7.248984e-15,-0.30245218,-0.00463068,-6.95187e-14,-0.227275,0.07523634313600411,24.867572645702335,24.864097156314322
PART-FLOOR-1,141,Floor/S4R,-100.0,0.0,0.0,0.0076137884,4.6139375e-15,-0.30245218,0.00463068,-5.67142e-14,-0.227275,0.07523634313600411,24.867572645702335,24.864097156314322
PART-SUPPORTBEAM-2,122,SupportBeam/B31,-103.84615,10.0,-30.0,-0.009833789,0.002599608,-0.23551787,0.0114001,0.000555636,-0.16347,0.07513954641291097,31.874255796666457,30.487075407315285
PART-SUPPORTBEAM-2,245,SupportBeam/B31,103.84615,10.0,-30.0,0.009833789,0.002599608,-0.23551787,-0.0114001,0.000555636,-0.16347,0.07513954641291097,31.874255796666457,30.487075407315285
PART-SUPPORTBEAM-1,122,SupportBeam/B31,-103.84615,-10.0,-30.0,-0.009833789,-0.002599608,-0.23551787,0.0114001,-0.000555636,-0.16347,0.07513954641291097,31.874255796666457,30.487075407315285
PART-SUPPORTBEAM-1,245,SupportBeam/B31,103.84615,-10.0,-30.0,0.009833789,-0.002599608,-0.23551787,-0.0114001,-0.000555636,-0.16347,0.07513954641291097,31.874255796666457,30.487075407315285
PART-SUPPORTBEAM-2,136,SupportBeam/B31,-100.0,10.0,-11.25,0.0012326252,0.0010629105,-0.23533837,0.00701523,0.000298004,-0.160449,0.07511618560086517,31.917612576517968,31.75837664076331
PART-SUPPORTBEAM-2,240,SupportBeam/B31,100.0,10.0,-11.25,-0.0012326252,0.0010629105,-0.23533837,-0.00701523,0.000298004,-0.160449,0.07511618560086517,31.917612576517968,31.75837664076331
PART-SUPPORTBEAM-1,136,SupportBeam/B31,-100.0,-10.0,-11.25,0.0012326252,-0.0010629105,-0.23533837,0.00701523,-0.000298004,-0.160449,0.07511618560086517,31.917612576517968,31.75837664076331
PART-SUPPORTBEAM-1,240,SupportBeam/B31,100.0,-10.0,-11.25,-0.0012326252,-0.0010629105,-0.23533837,-0.00701523,-0.000298004,-0.160449,0.07511618560086517,31.917612576517968,31.75837664076331
PART-CABLE100-1,1,Cable/T3D2,-100.0,-10.0,0.0,0.0077973385,-0.00013128981,-0.23501451,0.00424788,-0.000162127,-0.160126,0.07497258523350794,31.883709288488017,31.878971575386533
PART-CABLE100-2,1,Cable/T3D2,-100.0,10.0,0.0,0.0077973385,0.00013128981,-0.23501451,0.00424788,0.000162127,-0.160126,0.07497258523350794,31.883709288488017,31.878971575386533
PART-CABLE100-4,1,Cable/T3D2,100.0,10.0,0.0,-0.0077973385,0.00013128981,-0.23501451,-0.00424788,0.000162127,-0.160126,0.07497258523350794,31.883709288488017,31.878971575386533
PART-SUPPORTBEAM-2,6,SupportBeam/B31,-100.0,10.0,0.0,0.0077973385,0.00013128981,-0.23501451,0.00424788,0.000162127,-0.160126,0.07497258523350794,31.883709288488017,31.878971575386533
PART-SUPPORTBEAM-2,14,SupportBeam/B31,100.0,10.0,0.0,-0.0077973385,0.00013128981,-0.23501451,-0.00424788,0.000162127,-0.160126,0.07497258523350794,31.883709288488017,31.878971575386533
PART-CABLE100-3,1,Cable/T3D2,100.0,-10.0,0.0,-0.0077973385,-0.00013128981,-0.23501451,-0.00424788,-0.000162127,-0.160126,0.07497258523350794,31.883709288488017,31.878971575386533
PART-FLOOR-1,5,Floor/S4R,100.0,10.0,0.0,-0.0077973385,0.00013128981,-0.23501451,-0.00424788,0.000162127,-0.160126,0.07497258523350794,31.883709288488017,31.878971575386533
PART-FLOOR-1,6,Floor/S4R,100.0,-10.0,0.0,-0.0077973385,-0.00013128981,-0.23501451,-0.00424788,-0.000162127,-0.160126,0.07497258523350794,31.883709288488017,31.878971575386533
PART-FLOOR-1,13,Floor/S4R,-100.0,10.0,0.0,0.0077973385,0.00013128981,-0.23501451,0.00424788,0.000162127,-0.160126,0.07497258523350794,31.883709288488017,31.878971575386533
PART-FLOOR-1,14,Floor/S4R,-100.0,-10.0,0.0,0.0077973385,-0.00013128981,-0.23501451,0.00424788,-0.000162127,-0.160126,0.07497258523350794,31.883709288488017,31.878971575386533
PART-SUPPORTBEAM-1,6,SupportBeam/B31,-100.0,-10.0,0.0,0.0077973385,-0.00013128981,-0.23501451,0.00424788,-0.000162127,-0.160126,0.07497258523350794,31.883709288488017,31.878971575386533
PART-SUPPORTBEAM-1,14,SupportBeam/B31,100.0,-10.0,0.0,-0.0077973385,-0.00013128981,-0.23501451,-0.00424788,-0.000162127,-0.160126,0.07497258523350794,31.883709288488017,31.878971575386533
PART-SUPPORTBEAM-2,135,SupportBeam/B31,-100.0,10.0,-7.5,0.0036436822,0.00075268943,-0.23523587,0.0062307,0.000252454,-0.160347,0.07493521032505246,31.85136650283285,31.792655528974056
PART-SUPPORTBEAM-2,239,SupportBeam/B31,100.0,10.0,-7.5,-0.0036436822,0.00075268943,-0.23523587,-0.0062307,0.000252454,-0.160347,0.07493521032505246,31.85136650283285,31.792655528974056
PART-SUPPORTBEAM-1,135,SupportBeam/B31,-100.0,-10.0,-7.5,0.0036436822,-0.00075268943,-0.23523587,0.0062307,-0.000252454,-0.160347,0.07493521032505246,31.85136650283285,31.792655528974056
PART-SUPPORTBEAM-1,239,SupportBeam/B31,100.0,-10.0,-7.5,-0.0036436822,-0.00075268943,-0.23523587,-0.0062307,-0.000252454,-0.160347,0.07493521032505246,31.85136650283285,31.792655528974056
PART-SUPPORTBEAM-2,134,SupportBeam/B31,-100.0,10.0,-3.75,0.005868922,0.0004421064,-0.23512791,0.00533571,0.000207162,-0.160239,0.0748911767493083,31.841275538837788,31.833808947567377
PART-SUPPORTBEAM-2,238,SupportBeam/B31,100.0,10.0,-3.75,-0.005868922,0.0004421064,-0.23512791,-0.00533571,0.000207162,-0.160239,0.0748911767493083,31.841275538837788,31.833808947567377
PART-SUPPORTBEAM-1,134,SupportBeam/B31,-100.0,-10.0,-3.75,0.005868922,-0.0004421064,-0.23512791,0.00533571,-0.000207162,-0.160239,0.0748911767493083,31.841275538837788,31.833808947567377
PART-SUPPORTBEAM-1,238,SupportBeam/B31,100.0,-10.0,-3.75,-0.005868922,-0.0004421064,-0.23512791,-0.00533571,-0.000207162,-0.160239,0.0748911767493083,31.841275538837788,31.833808947567377
PART-FLOOR-1,299,Floor/S4R,80.0,-5.0,0.0,-0.00583221,-0.00014664809,-0.43966186,-0.00369369,-6.13048e-05,-0.366855,0.07283831007325164,16.565434703788114,16.562854717032277
PART-FLOOR-1,301,Floor/S4R,80.0,5.0,0.0,-0.00583221,0.00014664809,-0.43966186,-0.00369369,6.13048e-05,-0.366855,0.07283831007325164,16.565434703788114,16.562854717032277
PART-FLOOR-1,386,Floor/S4R,-80.0,-5.0,0.0,0.00583221,-0.00014664809,-0.43966186,0.00369369,-6.13048e-05,-0.366855,0.07283831007325164,16.565434703788114,16.562854717032277
PART-FLOOR-1,388,Floor/S4R,-80.0,5.0,0.0,0.00583221,0.00014664809,-0.43966186,0.00369369,6.13048e-05,-0.366855,0.07283831007325164,16.565434703788114,16.562854717032277
PART-SUPPORTBEAM-2,75,SupportBeam/B31,-103.33334,10.0,-2.0,0.00729678,0.00029660418,-0.2348725,0.00520121,0.000199848,-0.162338,0.07256482939849902,30.88048992829306,30.8803842024978
PART-SUPPORTBEAM-2,264,SupportBeam/B31,103.33334,10.0,-2.0,-0.00729678,0.00029660418,-0.2348725,-0.00520121,0.000199848,-0.162338,0.07256482939849902,30.88048992829306,30.8803842024978
PART-SUPPORTBEAM-1,75,SupportBeam/B31,-103.33334,-10.0,-2.0,0.00729678,-0.00029660418,-0.2348725,0.00520121,-0.000199848,-0.162338,0.07256482939849902,30.88048992829306,30.8803842024978
PART-SUPPORTBEAM-1,264,SupportBeam/B31,103.33334,-10.0,-2.0,-0.00729678,-0.00029660418,-0.2348725,-0.00520121,-0.000199848,-0.162338,0.07256482939849902,30.88048992829306,30.8803842024978
PART-PIER-2,331,Pier/C3D8R,-4.16667,-10.0,100.0,0.00026396065,0.12241078,-0.024560116,0.000185682,0.0502654,-0.0171433,0.07252565851110421,58.089963912289164,57.46216556628514
PART-PIER-2,647,Pier/C3D8R,4.16667,-10.0,100.0,-0.00026396065,0.12241078,-0.024560116,-0.000185682,0.0502654,-0.0171433,0.07252565851110421,58.089963912289164,57.46216556628514
PART-PIER-1,409,Pier/C3D8R,-4.16667,10.0,100.0,0.00026396065,-0.12241078,-0.024560116,0.000185682,-0.0502654,-0.0171433,0.07252565851110421,58.089963912289164,57.46216556628514
PART-PIER-1,569,Pier/C3D8R,4.16667,10.0,100.0,-0.00026396065,-0.12241078,-0.024560116,-0.000185682,-0.0502654,-0.0171433,0.07252565851110421,58.089963912289164,57.46216556628514
PART-SUPPORTBEAM-2,123,SupportBeam/B31,-107.69231,10.0,-30.0,-0.009942895,0.0025949108,-0.23652573,0.010635,0.000580651,-0.167044,0.07249288109163424,30.620162497011645,29.299250482180984
PART-SUPPORTBEAM-2,246,SupportBeam/B31,107.69231,10.0,-30.0,0.009942895,0.0025949108,-0.23652573,-0.010635,0.000580651,-0.167044,0.07249288109163424,30.620162497011645,29.299250482180984
PART-SUPPORTBEAM-1,123,SupportBeam/B31,-107.69231,-10.0,-30.0,-0.009942895,-0.0025949108,-0.23652573,0.010635,-0.000580651,-0.167044,0.07249288109163424,30.620162497011645,29.299250482180984
PART-SUPPORTBEAM-1,246,SupportBeam/B31,107.69231,-10.0,-30.0,0.009942895,-0.0025949108,-0.23652573,-0.010635,-0.000580651,-0.167044,0.07249288109163424,30.620162497011645,29.299250482180984
PART-PIER-2,332,Pier/C3D8R,-8.33333,-10.0,100.0,-0.00079505495,0.12239662,-0.025200956,-0.000434479,0.0504075,-0.0172548,0.0724272380293937,57.95727332791256,57.3640503957647
PART-PIER-2,648,Pier/C3D8R,8.33333,-10.0,100.0,0.00079505495,0.12239662,-0.025200956,0.000434479,0.0504075,-0.0172548,0.0724272380293937,57.95727332791256,57.3640503957647
PART-PIER-1,410,Pier/C3D8R,-8.33333,10.0,100.0,-0.00079505495,-0.12239662,-0.025200956,-0.000434479,-0.0504075,-0.0172548,0.0724272380293937,57.95727332791256,57.3640503957647
PART-PIER-1,570,Pier/C3D8R,8.33333,10.0,100.0,0.00079505495,-0.12239662,-0.025200956,0.000434479,-0.0504075,-0.0172548,0.0724272380293937,57.95727332791256,57.3640503957647
PART-PIER-2,73,Pier/C3D8R,0.0,-10.0,100.0,1.4149668e-16,0.12234319,-0.02470967,-4.88941e-14,0.0503924,-0.0170466,0.07235771433267502,57.972640358862336,57.37837866871366
PART-PIER-1,171,Pier/C3D8R,0.0,10.0,100.0,-1.7709682e-14,-0.12234319,-0.02470967,-3.10024e-14,-0.0503924,-0.0170466,0.07235771433267502,57.972640358862336,57.37837866871366
PART-PIER-2,54,Pier/C3D8R,-12.5,-10.0,100.0,2.5987065e-05,0.12211512,-0.024568506,-0.000148869,0.0501584,-0.0170716,0.07234641475135242,58.08060361640794,57.4636136790324
PART-PIER-2,239,Pier/C3D8R,12.5,-10.0,100.0,-2.5987065e-05,0.12211512,-0.024568506,0.000148869,0.0501584,-0.0170716,0.07234641475135242,58.08060361640794,57.4636136790324
PART-PIER-1,112,Pier/C3D8R,-12.5,10.0,100.0,2.5987065e-05,-0.12211512,-0.024568506,-0.000148869,-0.0501584,-0.0170716,0.07234641475135242,58.08060361640794,57.4636136790324
PART-PIER-1,220,Pier/C3D8R,12.5,10.0,100.0,-2.5987065e-05,-0.12211512,-0.024568506,0.000148869,-0.0501584,-0.0170716,0.07234641475135242,58.08060361640794,57.4636136790324
PART-PIER-2,171,Pier/C3D8R,0.0,-20.0,100.0,-2.9373097e-15,0.12247607,-0.0067550265,-9.11934e-14,0.0502451,-0.00847556,0.07225145855043705,58.902784912732606,58.45914372308939
PART-PIER-1,73,Pier/C3D8R,0.0,20.0,100.0,-1.7260394e-14,-0.12247607,-0.0067550265,-7.75246e-14,-0.0502451,-0.00847556,0.07225145855043705,58.902784912732606,58.45914372308939
PART-PIER-2,458,Pier/C3D8R,0.0,-15.0,100.0,-1.2903061e-15,0.12242369,-0.016667891,-6.96009e-14,0.0503116,-0.0131188,0.0721993737583255,58.43588727655283,57.917827288842915
PART-PIER-1,458,Pier/C3D8R,0.0,15.0,100.0,-1.7655602e-14,-0.12242369,-0.016667891,-5.47116e-14,-0.0503116,-0.0131188,0.0721993737583255,58.43588727655283,57.917827288842915
PART-FLOOR-1,287,Floor/S4R,105.0,-5.0,0.0,-0.007867448,-0.000101065954,-0.30776536,-0.00485593,-4.16801e-05,-0.235664,0.07216424932883024,23.440155273616817,23.43614112759563
PART-FLOOR-1,289,Floor/S4R,105.0,5.0,0.0,-0.007867448,0.000101065954,-0.30776536,-0.00485593,4.16801e-05,-0.235664,0.07216424932883024,23.440155273616817,23.43614112759563
PART-FLOOR-1,398,Floor/S4R,-105.0,-5.0,0.0,0.007867448,-0.000101065954,-0.30776536,0.00485593,-4.16801e-05,-0.235664,0.07216424932883024,23.440155273616817,23.43614112759563
PART-FLOOR-1,400,Floor/S4R,-105.0,5.0,0.0,0.007867448,0.000101065954,-0.30776536,0.00485593,4.16801e-05,-0.235664,0.07216424932883024,23.440155273616817,23.43614112759563
PART-PIER-2,410,Pier/C3D8R,-8.33333,-20.0,100.0,0.00016043884,0.12220144,-0.0071982695,7.7922e-05,0.0500874,-0.00865845,0.07212886870902012,58.92237886522417,58.47648761479416
PART-PIER-2,570,Pier/C3D8R,8.33333,-20.0,100.0,-0.00016043884,0.12220144,-0.0071982695,-7.7922e-05,0.0500874,-0.00865845,0.07212886870902012,58.92237886522417,58.47648761479416
PART-PIER-1,332,Pier/C3D8R,-8.33333,20.0,100.0,0.00016043884,-0.12220144,-0.0071982695,7.7922e-05,-0.0500874,-0.00865845,0.07212886870902012,58.92237886522417,58.47648761479416
PART-PIER-1,648,Pier/C3D8R,8.33333,20.0,100.0,-0.00016043884,-0.12220144,-0.0071982695,-7.7922e-05,-0.0500874,-0.00865845,0.07212886870902012,58.92237886522417,58.47648761479416
PART-PIER-2,764,Pier/C3D8R,-4.16667,-15.0,100.0,-0.00018869017,0.122316174,-0.016174972,-0.000214075,0.0502808,-0.0129591,0.07210712575349161,58.44257189913667,57.915459217838496
PART-PIER-2,842,Pier/C3D8R,4.16667,-15.0,100.0,0.00018869017,0.122316174,-0.016174972,0.000214075,0.0502808,-0.0129591,0.07210712575349161,58.44257189913667,57.915459217838496
PART-PIER-1,764,Pier/C3D8R,-4.16667,15.0,100.0,-0.00018869017,-0.122316174,-0.016174972,-0.000214075,-0.0502808,-0.0129591,0.07210712575349161,58.44257189913667,57.915459217838496
PART-PIER-1,842,Pier/C3D8R,4.16667,15.0,100.0,0.00018869017,-0.122316174,-0.016174972,0.000214075,-0.0502808,-0.0129591,0.07210712575349161,58.44257189913667,57.915459217838496
PART-PIER-2,765,Pier/C3D8R,-8.33333,-15.0,100.0,-0.0003245999,0.122221075,-0.016169867,-0.000155781,0.0502095,-0.0128932,0.07208628149953714,58.47053924575752,57.95263984327461
PART-PIER-2,843,Pier/C3D8R,8.33333,-15.0,100.0,0.0003245999,0.122221075,-0.016169867,0.000155781,0.0502095,-0.0128932,0.07208628149953714,58.47053924575752,57.95263984327461
PART-PIER-1,765,Pier/C3D8R,-8.33333,15.0,100.0,-0.0003245999,-0.122221075,-0.016169867,-0.000155781,-0.0502095,-0.0128932,0.07208628149953714,58.47053924575752,57.95263984327461
PART-PIER-1,843,Pier/C3D8R,8.33333,15.0,100.0,0.0003245999,-0.122221075,-0.016169867,0.000155781,-0.0502095,-0.0128932,0.07208628149953714,58.47053924575752,57.95263984327461
PART-PIER-2,409,Pier/C3D8R,-4.16667,-20.0,100.0,0.00015854696,0.12241332,-0.006975619,0.000133644,0.0503573,-0.00858929,0.0720740908544399,58.78224335442208,58.33626170791756
PART-PIER-2,569,Pier/C3D8R,4.16667,-20.0,100.0,-0.00015854696,0.12241332,-0.006975619,-0.000133644,0.0503573,-0.00858929,0.0720740908544399,58.78224335442208,58.33626170791756
PART-PIER-1,331,Pier/C3D8R,-4.16667,20.0,100.0,0.00015854696,-0.12241332,-0.006975619,0.000133644,-0.0503573,-0.00858929,0.0720740908544399,58.78224335442208,58.33626170791756
PART-PIER-1,647,Pier/C3D8R,4.16667,20.0,100.0,-0.00015854696,-0.12241332,-0.006975619,-0.000133644,-0.0503573,-0.00858929,0.0720740908544399,58.78224335442208,58.33626170791756
PART-PIER-2,497,Pier/C3D8R,-12.5,-15.0,100.0,0.0001453565,0.12207009,-0.015919063,1.99881e-05,0.0500621,-0.0128765,0.07207234927962865,58.54600075143826,58.009766818441
PART-PIER-2,696,Pier/C3D8R,12.5,-15.0,100.0,-0.0001453565,0.12207009,-0.015919063,-1.99881e-05,0.0500621,-0.0128765,0.07207234927962865,58.54600075143826,58.009766818441
PART-PIER-1,497,Pier/C3D8R,-12.5,15.0,100.0,0.0001453565,-0.12207009,-0.015919063,1.99881e-05,-0.0500621,-0.0128765,0.07207234927962865,58.54600075143826,58.009766818441
PART-PIER-1,696,Pier/C3D8R,12.5,15.0,100.0,-0.0001453565,-0.12207009,-0.015919063,-1.99881e-05,-0.0500621,-0.0128765,0.07207234927962865,58.54600075143826,58.009766818441
PART-PIER-2,112,Pier/C3D8R,-12.5,-20.0,100.0,-0.00022306421,0.12192523,-0.0071470705,-0.000248687,0.0501936,-0.00860279,0.07174640421823902,58.74365519827334,58.30334501177463
PART-PIER-2,220,Pier/C3D8R,12.5,-20.0,100.0,0.00022306421,0.12192523,-0.0071470705,0.000248687,0.0501936,-0.00860279,0.07174640421823902,58.74365519827334,58.30334501177463
PART-PIER-1,54,Pier/C3D8R,-12.5,20.0,100.0,-0.00022306421,-0.12192523,-0.0071470705,-0.000248687,-0.0501936,-0.00860279,0.07174640421823902,58.74365519827334,58.30334501177463
PART-PIER-1,239,Pier/C3D8R,12.5,20.0,100.0,0.00022306421,-0.12192523,-0.0071470705,0.000248687,-0.0501936,-0.00860279,0.07174640421823902,58.74365519827334,58.30334501177463
PART-SUPPORTBEAM-2,76,SupportBeam/B31,-106.66666,10.0,-4.0,0.0076310523,0.0004625025,-0.23611602,0.00688373,0.000236912,-0.16576,0.07036035056716368,29.783450551683533,29.773444577436265
PART-SUPPORTBEAM-2,265,SupportBeam/B31,106.66666,10.0,-4.0,-0.0076310523,0.0004625025,-0.23611602,-0.00688373,0.000236912,-0.16576,0.07036035056716368,29.783450551683533,29.773444577436265
PART-SUPPORTBEAM-1,76,SupportBeam/B31,-106.66666,-10.0,-4.0,0.0076310523,-0.0004625025,-0.23611602,0.00688373,-0.000236912,-0.16576,0.07036035056716368,29.783450551683533,29.773444577436265
PART-SUPPORTBEAM-1,265,SupportBeam/B31,106.66666,-10.0,-4.0,-0.0076310523,-0.0004625025,-0.23611602,-0.00688373,-0.000236912,-0.16576,0.07036035056716368,29.783450551683533,29.773444577436265
PART-SUPPORTBEAM-2,124,SupportBeam/B31,-111.53846,10.0,-30.0,-0.010052,0.0025898407,-0.23802994,0.00986978,0.000604546,-0.170881,0.07006995687552439,29.409503651522286,28.15847706242328
PART-SUPPORTBEAM-2,247,SupportBeam/B31,111.53846,10.0,-30.0,0.010052,0.0025898407,-0.23802994,-0.00986978,0.000604546,-0.170881,0.07006995687552439,29.409503651522286,28.15847706242328
PART-SUPPORTBEAM-1,124,SupportBeam/B31,-111.53846,-10.0,-30.0,-0.010052,-0.0025898407,-0.23802994,0.00986978,-0.000604546,-0.170881,0.07006995687552439,29.409503651522286,28.15847706242328
PART-SUPPORTBEAM-1,247,SupportBeam/B31,111.53846,-10.0,-30.0,0.010052,-0.0025898407,-0.23802994,-0.00986978,-0.000604546,-0.170881,0.07006995687552439,29.409503651522286,28.15847706242328
PART-FLOOR-1,54,Floor/S4R,110.0,10.0,0.0,-0.00804837,0.00014333299,-0.3456851,-0.00517749,0.000169462,-0.275935,0.06980916189662764,20.188964725189013,20.184923466543218
PART-FLOOR-1,60,Floor/S4R,110.0,-10.0,0.0,-0.00804837,-0.00014333299,-0.3456851,-0.00517749,-0.000169462,-0.275935,0.06980916189662764,20.188964725189013,20.184923466543218
PART-FLOOR-1,153,Floor/S4R,-110.0,10.0,0.0,0.00804837,0.00014333299,-0.3456851,0.00517749,0.000169462,-0.275935,0.06980916189662764,20.188964725189013,20.184923466543218
PART-FLOOR-1,171,Floor/S4R,-110.0,-10.0,0.0,0.00804837,-0.00014333299,-0.3456851,0.00517749,-0.000169462,-0.275935,0.06980916189662764,20.188964725189013,20.184923466543218
PART-FLOOR-1,297,Floor/S4R,85.0,0.0,0.0,-0.006159974,7.605693e-15,-0.40280682,-0.00389539,-7.66009e-14,-0.33376,0.06908394670837399,17.148634669814925,17.14546736865879
PART-FLOOR-1,390,Floor/S4R,-85.0,0.0,0.0,0.006159974,4.9106015e-15,-0.40280682,0.00389539,-6.45082e-14,-0.33376,0.06908394670837399,17.148634669814925,17.14546736865879
PART-FLOOR-1,285,Floor/S4R,110.0,0.0,0.0,-0.008047986,6.9548274e-15,-0.36492765,-0.00519383,-6.44357e-14,-0.295929,0.06905765640604114,18.919056687316168,18.914714898821572
PART-FLOOR-1,402,Floor/S4R,-110.0,0.0,0.0,0.008047986,4.4033283e-15,-0.36492765,0.00519383,-5.13333e-14,-0.295929,0.06905765640604114,18.919056687316168,18.914714898821572
PART-FLOOR-1,70,Floor/S4R,85.0,10.0,0.0,-0.00614077,0.00024061117,-0.3983875,-0.00390249,0.000131612,-0.329945,0.06847917628321375,17.18704280365902,17.18393476438247
PART-FLOOR-1,86,Floor/S4R,85.0,-10.0,0.0,-0.00614077,-0.00024061117,-0.3983875,-0.00390249,-0.000131612,-0.329945,0.06847917628321375,17.18704280365902,17.18393476438247
PART-FLOOR-1,137,Floor/S4R,-85.0,10.0,0.0,0.00614077,0.00024061117,-0.3983875,0.00390249,0.000131612,-0.329945,0.06847917628321375,17.18704280365902,17.18393476438247
PART-FLOOR-1,145,Floor/S4R,-85.0,-10.0,0.0,0.00614077,-0.00024061117,-0.3983875,0.00390249,-0.000131612,-0.329945,0.06847917628321375,17.18704280365902,17.18393476438247
PART-SUPPORTBEAM-2,77,SupportBeam/B31,-110.0,10.0,-6.0,0.008387914,0.0006285711,-0.23805802,0.00889736,0.000273529,-0.169728,0.06833284146967761,28.686379055052313,28.64963338432504
PART-SUPPORTBEAM-2,266,SupportBeam/B31,110.0,10.0,-6.0,-0.008387914,0.0006285711,-0.23805802,-0.00889736,0.000273529,-0.169728,0.06833284146967761,28.686379055052313,28.64963338432504
PART-SUPPORTBEAM-1,77,SupportBeam/B31,-110.0,-10.0,-6.0,0.008387914,-0.0006285711,-0.23805802,0.00889736,-0.000273529,-0.169728,0.06833284146967761,28.686379055052313,28.64963338432504
PART-SUPPORTBEAM-1,266,SupportBeam/B31,110.0,-10.0,-6.0,-0.008387914,-0.0006285711,-0.23805802,-0.00889736,-0.000273529,-0.169728,0.06833284146967761,28.686379055052313,28.64963338432504
PART-PIER-2,74,Pier/C3D8R,0.0,-10.0,95.0,5.4247415e-16,0.11400062,-0.024503564,-4.53656e-14,0.0462346,-0.016901,0.06819114639023525,58.48080927461092,57.783000446283495
PART-PIER-1,170,Pier/C3D8R,0.0,10.0,95.0,-1.7045635e-14,-0.11400062,-0.024503564,-2.94231e-14,-0.0462346,-0.016901,0.06819114639023525,58.48080927461092,57.783000446283495
PART-PIER-2,329,Pier/C3D8R,-4.25,-10.0,95.0,-0.00050547766,0.11385876,-0.024488186,-0.000339215,0.0462921,-0.0167632,0.06800703342690304,58.393437044503884,57.725006982784
PART-PIER-2,645,Pier/C3D8R,4.25,-10.0,95.0,0.00050547766,0.11385876,-0.024488186,0.000339215,0.0462921,-0.0167632,0.06800703342690304,58.393437044503884,57.725006982784
PART-PIER-1,407,Pier/C3D8R,-4.25,10.0,95.0,-0.00050547766,-0.11385876,-0.024488186,-0.000339215,-0.0462921,-0.0167632,0.06800703342690304,58.393437044503884,57.725006982784
PART-PIER-1,567,Pier/C3D8R,4.25,10.0,95.0,0.00050547766,-0.11385876,-0.024488186,0.000339215,-0.0462921,-0.0167632,0.06800703342690304,58.393437044503884,57.725006982784
PART-PIER-2,330,Pier/C3D8R,-8.5,-10.0,95.0,8.186454e-06,0.11366303,-0.024140175,-6.10088e-05,0.0460631,-0.0167354,0.06800430881046216,58.52438467933151,57.82290464437102
PART-PIER-2,646,Pier/C3D8R,8.5,-10.0,95.0,-8.186454e-06,0.11366303,-0.024140175,6.10088e-05,0.0460631,-0.0167354,0.06800430881046216,58.52438467933151,57.82290464437102
PART-PIER-1,408,Pier/C3D8R,-8.5,10.0,95.0,8.186454e-06,-0.11366303,-0.024140175,-6.10088e-05,-0.0460631,-0.0167354,0.06800430881046216,58.52438467933151,57.82290464437102
PART-PIER-1,568,Pier/C3D8R,8.5,10.0,95.0,-8.186454e-06,-0.11366303,-0.024140175,6.10088e-05,-0.0460631,-0.0167354,0.06800430881046216,58.52438467933151,57.82290464437102
PART-PIER-2,53,Pier/C3D8R,-12.75,-10.0,95.0,-0.00095241435,0.11354308,-0.024373377,-0.000474855,0.0460654,-0.016724,0.06791154783689814,58.47711743906119,57.798946682416144
PART-PIER-2,240,Pier/C3D8R,12.75,-10.0,95.0,0.00095241435,0.11354308,-0.024373377,0.000474855,0.0460654,-0.016724,0.06791154783689814,58.47711743906119,57.798946682416144
PART-PIER-1,113,Pier/C3D8R,-12.75,10.0,95.0,-0.00095241435,-0.11354308,-0.024373377,-0.000474855,-0.0460654,-0.016724,0.06791154783689814,58.47711743906119,57.798946682416144
PART-PIER-1,219,Pier/C3D8R,12.75,10.0,95.0,0.00095241435,-0.11354308,-0.024373377,0.000474855,-0.0460654,-0.016724,0.06791154783689814,58.47711743906119,57.798946682416144
PART-SUPPORTBEAM-2,125,SupportBeam/B31,-115.38461,10.0,-30.0,-0.010161106,0.002584241,-0.23940845,0.0091046,0.000627192,-0.1744,0.06783137946311675,28.30577885825139,27.123963014042314
PART-SUPPORTBEAM-2,248,SupportBeam/B31,115.38461,10.0,-30.0,0.010161106,0.002584241,-0.23940845,-0.0091046,0.000627192,-0.1744,0.06783137946311675,28.30577885825139,27.123963014042314
PART-SUPPORTBEAM-1,125,SupportBeam/B31,-115.38461,-10.0,-30.0,-0.010161106,-0.002584241,-0.23940845,0.0091046,-0.000627192,-0.1744,0.06783137946311675,28.30577885825139,27.123963014042314
PART-SUPPORTBEAM-1,248,SupportBeam/B31,115.38461,-10.0,-30.0,0.010161106,-0.002584241,-0.23940845,-0.0091046,-0.000627192,-0.1744,0.06783137946311675,28.30577885825139,27.123963014042314
PART-PIER-2,762,Pier/C3D8R,-4.25,-15.0,95.0,-1.157e-05,0.11367621,-0.015712442,5.90454e-05,0.0461023,-0.0126715,0.06764233605864142,58.94399031404425,58.336252337165874
PART-PIER-2,840,Pier/C3D8R,4.25,-15.0,95.0,1.157e-05,0.11367621,-0.015712442,-5.90454e-05,0.0461023,-0.0126715,0.06764233605864142,58.94399031404425,58.336252337165874
PART-PIER-1,762,Pier/C3D8R,-4.25,15.0,95.0,-1.157e-05,-0.11367621,-0.015712442,5.90454e-05,-0.0461023,-0.0126715,0.06764233605864142,58.94399031404425,58.336252337165874
PART-PIER-1,840,Pier/C3D8R,4.25,15.0,95.0,1.157e-05,-0.11367621,-0.015712442,-5.90454e-05,-0.0461023,-0.0126715,0.06764233605864142,58.94399031404425,58.336252337165874
PART-PIER-2,457,Pier/C3D8R,0.0,-15.0,95.0,-1.3540104e-15,0.11364193,-0.015449809,-6.62551e-14,0.0461097,-0.0126065,0.06759205940672604,58.935940308145575,58.31974882027519
PART-PIER-1,457,Pier/C3D8R,0.0,15.0,95.0,-1.6622796e-14,-0.11364193,-0.015449809,-5.10131e-14,-0.0461097,-0.0126065,0.06759205940672604,58.935940308145575,58.31974882027519
PART-PIER-2,113,Pier/C3D8R,-12.75,-20.0,95.0,0.00023557807,0.1133605,-0.0072557423,0.000146499,0.0457939,-0.00859924,0.06758001447699326,59.49326607127012,58.98106214002795
PART-PIER-2,219,Pier/C3D8R,12.75,-20.0,95.0,-0.00023557807,0.1133605,-0.0072557423,-0.000146499,0.0457939,-0.00859924,0.06758001447699326,59.49326607127012,58.98106214002795
PART-PIER-1,53,Pier/C3D8R,-12.75,20.0,95.0,0.00023557807,-0.1133605,-0.0072557423,0.000146499,-0.0457939,-0.00859924,0.06758001447699326,59.49326607127012,58.98106214002795
PART-PIER-1,240,Pier/C3D8R,12.75,20.0,95.0,-0.00023557807,-0.1133605,-0.0072557423,-0.000146499,-0.0457939,-0.00859924,0.06758001447699326,59.49326607127012,58.98106214002795
PART-PIER-2,407,Pier/C3D8R,-4.25,-20.0,95.0,-8.210453e-05,0.11352281,-0.0074211312,-0.000112453,0.0459727,-0.00866053,0.06756148600665302,59.386805807846535,58.878902139865986
PART-PIER-2,567,Pier/C3D8R,4.25,-20.0,95.0,8.210453e-05,0.11352281,-0.0074211312,0.000112453,0.0459727,-0.00866053,0.06756148600665302,59.386805807846535,58.878902139865986
PART-PIER-1,329,Pier/C3D8R,-4.25,20.0,95.0,-8.210453e-05,-0.11352281,-0.0074211312,-0.000112453,-0.0459727,-0.00866053,0.06756148600665302,59.386805807846535,58.878902139865986
PART-PIER-1,645,Pier/C3D8R,4.25,20.0,95.0,8.210453e-05,-0.11352281,-0.0074211312,0.000112453,-0.0459727,-0.00866053,0.06756148600665302,59.386805807846535,58.878902139865986
PART-PIER-2,763,Pier/C3D8R,-8.5,-15.0,95.0,-1.4852489e-05,0.11352307,-0.015689535,-8.3815e-05,0.0460397,-0.0126928,0.06754991045919341,58.94297777369485,58.3276620211756
PART-PIER-2,841,Pier/C3D8R,8.5,-15.0,95.0,1.4852489e-05,0.11352307,-0.015689535,8.3815e-05,0.0460397,-0.0126928,0.06754991045919341,58.94297777369485,58.3276620211756
PART-PIER-1,763,Pier/C3D8R,-8.5,15.0,95.0,-1.4852489e-05,-0.11352307,-0.015689535,-8.3815e-05,-0.0460397,-0.0126928,0.06754991045919341,58.94297777369485,58.3276620211756
PART-PIER-1,841,Pier/C3D8R,8.5,15.0,95.0,1.4852489e-05,-0.11352307,-0.015689535,8.3815e-05,-0.0460397,-0.0126928,0.06754991045919341,58.94297777369485,58.3276620211756
PART-PIER-2,170,Pier/C3D8R,0.0,-20.0,95.0,-2.534664e-15,0.113537565,-0.0075096763,-8.58778e-14,0.0461048,-0.0086964,0.0674432065421371,59.27215529511843,58.76650488975115
PART-PIER-1,74,Pier/C3D8R,0.0,20.0,95.0,-1.6308776e-14,-0.113537565,-0.0075096763,-7.39502e-14,-0.0461048,-0.0086964,0.0674432065421371,59.27215529511843,58.76650488975115
PART-PIER-2,408,Pier/C3D8R,-8.5,-20.0,95.0,-6.0228173e-05,0.11346208,-0.007208579,-7.99528e-05,0.0460552,-0.00856335,0.06742049588113211,59.30159908737331,58.796489424870025
PART-PIER-2,568,Pier/C3D8R,8.5,-20.0,95.0,6.0228173e-05,0.11346208,-0.007208579,7.99528e-05,0.0460552,-0.00856335,0.06742049588113211,59.30159908737331,58.796489424870025
PART-PIER-1,330,Pier/C3D8R,-8.5,20.0,95.0,-6.0228173e-05,-0.11346208,-0.007208579,-7.99528e-05,-0.0460552,-0.00856335,0.06742049588113211,59.30159908737331,58.796489424870025
PART-PIER-1,646,Pier/C3D8R,8.5,20.0,95.0,6.0228173e-05,-0.11346208,-0.007208579,7.99528e-05,-0.0460552,-0.00856335,0.06742049588113211,59.30159908737331,58.796489424870025
PART-PIER-2,496,Pier/C3D8R,-12.75,-15.0,95.0,-0.0005282535,0.113274805,-0.015772825,-0.00032071,0.0459503,-0.0126437,0.06739750344831064,58.92992816083796,58.32855718863398
PART-PIER-2,695,Pier/C3D8R,12.75,-15.0,95.0,0.0005282535,0.113274805,-0.015772825,0.00032071,0.0459503,-0.0126437,0.06739750344831064,58.92992816083796,58.32855718863398
PART-PIER-1,496,Pier/C3D8R,-12.75,15.0,95.0,-0.0005282535,-0.113274805,-0.015772825,-0.00032071,-0.0459503,-0.0126437,0.06739750344831064,58.92992816083796,58.32855718863398
PART-PIER-1,695,Pier/C3D8R,12.75,15.0,95.0,0.0005282535,-0.113274805,-0.015772825,0.00032071,-0.0459503,-0.0126437,0.06739750344831064,58.92992816083796,58.32855718863398
PART-FLOOR-1,281,Floor/S4R,115.0,-5.0,0.0,-0.008258129,-9.55317e-05,-0.41484925,-0.00551628,-9.36726e-05,-0.348403,0.0665027960198483,16.027417645878,16.023072778753455
PART-FLOOR-1,283,Floor/S4R,115.0,5.0,0.0,-0.008258129,9.55317e-05,-0.41484925,-0.00551628,9.36726e-05,-0.348403,0.0665027960198483,16.027417645878,16.023072778753455
PART-FLOOR-1,404,Floor/S4R,-115.0,-5.0,0.0,0.008258129,-9.55317e-05,-0.41484925,0.00551628,-9.36726e-05,-0.348403,0.0665027960198483,16.027417645878,16.023072778753455
PART-FLOOR-1,406,Floor/S4R,-115.0,5.0,0.0,0.008258129,9.55317e-05,-0.41484925,0.00551628,9.36726e-05,-0.348403,0.0665027960198483,16.027417645878,16.023072778753455
PART-SUPPORTBEAM-2,78,SupportBeam/B31,-113.33334,10.0,-8.0,0.009219942,0.00079439627,-0.24011943,0.0109086,0.000309905,-0.173686,0.06645665443878866,27.655969092366806,27.577953368350343
PART-SUPPORTBEAM-2,267,SupportBeam/B31,113.33334,10.0,-8.0,-0.009219942,0.00079439627,-0.24011943,-0.0109086,0.000309905,-0.173686,0.06645665443878866,27.655969092366806,27.577953368350343
PART-SUPPORTBEAM-1,78,SupportBeam/B31,-113.33334,-10.0,-8.0,0.009219942,-0.00079439627,-0.24011943,0.0109086,-0.000309905,-0.173686,0.06645665443878866,27.655969092366806,27.577953368350343
PART-SUPPORTBEAM-1,267,SupportBeam/B31,113.33334,-10.0,-8.0,-0.009219942,-0.00079439627,-0.24011943,-0.0109086,-0.000309905,-0.173686,0.06645665443878866,27.655969092366806,27.577953368350343
PART-FLOOR-1,293,Floor/S4R,90.0,-5.0,0.0,-0.0064399224,-0.000101968835,-0.34923726,-0.00409901,-8.85408e-05,-0.283357,0.06592183787520031,18.872737161078824,18.86934398318787
PART-FLOOR-1,295,Floor/S4R,90.0,5.0,0.0,-0.0064399224,0.000101968835,-0.34923726,-0.00409901,8.85408e-05,-0.283357,0.06592183787520031,18.872737161078824,18.86934398318787
PART-FLOOR-1,392,Floor/S4R,-90.0,-5.0,0.0,0.0064399224,-0.000101968835,-0.34923726,0.00409901,-8.85408e-05,-0.283357,0.06592183787520031,18.872737161078824,18.86934398318787
PART-FLOOR-1,394,Floor/S4R,-90.0,5.0,0.0,0.0064399224,0.000101968835,-0.34923726,0.00409901,8.85408e-05,-0.283357,0.06592183787520031,18.872737161078824,18.86934398318787
PART-SUPPORTBEAM-2,126,SupportBeam/B31,-119.23077,10.0,-30.0,-0.010270211,0.002577955,-0.24018,0.00833942,0.000648461,-0.177161,0.06573762753592645,27.343590040749323,26.22772753950341
PART-SUPPORTBEAM-2,249,SupportBeam/B31,119.23077,10.0,-30.0,0.010270211,0.002577955,-0.24018,-0.00833942,0.000648461,-0.177161,0.06573762753592645,27.343590040749323,26.22772753950341
PART-SUPPORTBEAM-1,126,SupportBeam/B31,-119.23077,-10.0,-30.0,-0.010270211,-0.002577955,-0.24018,0.00833942,-0.000648461,-0.177161,0.06573762753592645,27.343590040749323,26.22772753950341
PART-SUPPORTBEAM-1,249,SupportBeam/B31,119.23077,-10.0,-30.0,0.010270211,-0.002577955,-0.24018,-0.00833942,-0.000648461,-0.177161,0.06573762753592645,27.343590040749323,26.22772753950341
PART-SUPPORTBEAM-2,79,SupportBeam/B31,-116.66666,10.0,-10.0,0.009844533,0.00095956447,-0.24182926,0.0126487,0.000346248,-0.177186,0.06470695923224842,26.734937602179876,26.60572351294215
PART-SUPPORTBEAM-2,268,SupportBeam/B31,116.66666,10.0,-10.0,-0.009844533,0.00095956447,-0.24182926,-0.0126487,0.000346248,-0.177186,0.06470695923224842,26.734937602179876,26.60572351294215
PART-SUPPORTBEAM-1,79,SupportBeam/B31,-116.66666,-10.0,-10.0,0.009844533,-0.00095956447,-0.24182926,0.0126487,-0.000346248,-0.177186,0.06470695923224842,26.734937602179876,26.60572351294215
PART-SUPPORTBEAM-1,268,SupportBeam/B31,116.66666,-10.0,-10.0,-0.009844533,-0.00095956447,-0.24182926,-0.0126487,-0.000346248,-0.177186,0.06470695923224842,26.734937602179876,26.60572351294215
PART-SUPPORTBEAM-2,127,SupportBeam/B31,-123.07692,10.0,-30.0,-0.010379316,0.002570825,-0.24000414,0.00757424,0.000668223,-0.178864,0.06375003362065891,26.53573229419563,25.48123203494967
PART-SUPPORTBEAM-2,250,SupportBeam/B31,123.07692,10.0,-30.0,0.010379316,0.002570825,-0.24000414,-0.00757424,0.000668223,-0.178864,0.06375003362065891,26.53573229419563,25.48123203494967
PART-SUPPORTBEAM-1,127,SupportBeam/B31,-123.07692,-10.0,-30.0,-0.010379316,-0.002570825,-0.24000414,0.00757424,-0.000668223,-0.178864,0.06375003362065891,26.53573229419563,25.48123203494967
PART-SUPPORTBEAM-1,250,SupportBeam/B31,123.07692,-10.0,-30.0,0.010379316,-0.002570825,-0.24000414,-0.00757424,-0.000668223,-0.178864,0.06375003362065891,26.53573229419563,25.48123203494967
PART-PIER-2,327,Pier/C3D8R,-4.33333,-10.0,90.0,6.5621505e-05,0.10544087,-0.023526458,5.36767e-05,0.0421739,-0.0163583,0.06367175295821713,58.93694826681751,58.12849602327327
PART-PIER-2,643,Pier/C3D8R,4.33333,-10.0,90.0,-6.5621505e-05,0.10544087,-0.023526458,-5.36767e-05,0.0421739,-0.0163583,0.06367175295821713,58.93694826681751,58.12849602327327
PART-PIER-1,405,Pier/C3D8R,-4.33333,10.0,90.0,6.5621505e-05,-0.10544087,-0.023526458,5.36767e-05,-0.0421739,-0.0163583,0.06367175295821713,58.93694826681751,58.12849602327327
PART-PIER-1,565,Pier/C3D8R,4.33333,10.0,90.0,-6.5621505e-05,-0.10544087,-0.023526458,-5.36767e-05,-0.0421739,-0.0163583,0.06367175295821713,58.93694826681751,58.12849602327327
PART-FLOOR-1,279,Floor/S4R,120.0,0.0,0.0,-0.008500329,6.6318957e-15,-0.45498917,-0.00585425,-5.93614e-14,-0.391416,0.06362821448008063,13.982115912695575,13.977847294966175
PART-FLOOR-1,408,Floor/S4R,-120.0,0.0,0.0,0.008500329,4.145847e-15,-0.45498917,0.00585425,-4.60893e-14,-0.391416,0.06362821448008063,13.982115912695575,13.977847294966175
PART-FLOOR-1,68,Floor/S4R,95.0,10.0,0.0,-0.0067024697,0.00014908709,-0.26886836,-0.00424419,0.000187115,-0.20529,0.06362587874045408,23.65697055188001,23.65403235383189
PART-FLOOR-1,88,Floor/S4R,95.0,-10.0,0.0,-0.0067024697,-0.00014908709,-0.26886836,-0.00424419,-0.000187115,-0.20529,0.06362587874045408,23.65697055188001,23.65403235383189
PART-FLOOR-1,139,Floor/S4R,-95.0,10.0,0.0,0.0067024697,0.00014908709,-0.26886836,0.00424419,0.000187115,-0.20529,0.06362587874045408,23.65697055188001,23.65403235383189
PART-FLOOR-1,143,Floor/S4R,-95.0,-10.0,0.0,0.0067024697,-0.00014908709,-0.26886836,0.00424419,-0.000187115,-0.20529,0.06362587874045408,23.65697055188001,23.65403235383189
PART-PIER-2,328,Pier/C3D8R,-8.66667,-10.0,90.0,-0.0006422773,0.10536505,-0.023579638,-0.000358621,0.0422288,-0.0162679,0.06355885491054472,58.86541484995887,58.08650625690035
PART-PIER-2,644,Pier/C3D8R,8.66667,-10.0,90.0,0.0006422773,0.10536505,-0.023579638,0.000358621,0.0422288,-0.0162679,0.06355885491054472,58.86541484995887,58.08650625690035
PART-PIER-1,406,Pier/C3D8R,-8.66667,10.0,90.0,-0.0006422773,-0.10536505,-0.023579638,-0.000358621,-0.0422288,-0.0162679,0.06355885491054472,58.86541484995887,58.08650625690035
PART-PIER-1,566,Pier/C3D8R,8.66667,10.0,90.0,0.0006422773,-0.10536505,-0.023579638,0.000358621,-0.0422288,-0.0162679,0.06355885491054472,58.86541484995887,58.08650625690035
PART-PIER-2,75,Pier/C3D8R,0.0,-10.0,90.0,3.9590693e-16,0.1053956,-0.023427844,-4.29474e-14,0.0422574,-0.0162187,0.06354843866258822,58.85856793569022,58.077458539578444
PART-PIER-1,169,Pier/C3D8R,0.0,10.0,90.0,-1.5901636e-14,-0.1053956,-0.023427844,-2.66562e-14,-0.0422574,-0.0162187,0.06354843866258822,58.85856793569022,58.077458539578444
PART-PIER-2,52,Pier/C3D8R,-13.0,-10.0,90.0,-0.00021505787,0.10507873,-0.023418298,-0.000255004,0.0420211,-0.0162635,0.06346225201906254,58.94862994562331,58.14546247554239
PART-PIER-2,241,Pier/C3D8R,13.0,-10.0,90.0,0.00021505787,0.10507873,-0.023418298,0.000255004,0.0420211,-0.0162635,0.06346225201906254,58.94862994562331,58.14546247554239
PART-PIER-1,114,Pier/C3D8R,-13.0,10.0,90.0,-0.00021505787,-0.10507873,-0.023418298,-0.000255004,-0.0420211,-0.0162635,0.06346225201906254,58.94862994562331,58.14546247554239
PART-PIER-1,218,Pier/C3D8R,13.0,10.0,90.0,0.00021505787,-0.10507873,-0.023418298,0.000255004,-0.0420211,-0.0162635,0.06346225201906254,58.94862994562331,58.14546247554239
PART-PIER-2,169,Pier/C3D8R,0.0,-20.0,90.0,-2.541541e-15,0.1053944,-0.0072028916,-8.14798e-14,0.0420774,-0.00856148,0.06333157389044279,59.95023426757299,59.353020553231616
PART-PIER-1,75,Pier/C3D8R,0.0,20.0,90.0,-1.5346143e-14,-0.1053944,-0.0072028916,-6.95898e-14,-0.0420774,-0.00856148,0.06333157389044279,59.95023426757299,59.353020553231616
PART-PIER-2,456,Pier/C3D8R,0.0,-15.0,90.0,-9.514288e-16,0.10540893,-0.0156135345,-6.18035e-14,0.0421702,-0.0124844,0.06331609949082452,59.418807363073654,58.72767861641297
PART-PIER-1,456,Pier/C3D8R,0.0,15.0,90.0,-1.5850096e-14,-0.10540893,-0.0156135345,-4.86573e-14,-0.0421702,-0.0124844,0.06331609949082452,59.418807363073654,58.72767861641297
PART-PIER-2,760,Pier/C3D8R,-4.33333,-15.0,90.0,-0.00012500976,0.10529097,-0.01548586,-0.000155305,0.0421286,-0.0124588,0.06323487166162407,59.418004035059454,58.71927105868349
PART-PIER-2,838,Pier/C3D8R,4.33333,-15.0,90.0,0.00012500976,0.10529097,-0.01548586,0.000155305,0.0421286,-0.0124588,0.06323487166162407,59.418004035059454,58.71927105868349
PART-PIER-1,760,Pier/C3D8R,-4.33333,15.0,90.0,-0.00012500976,-0.10529097,-0.01548586,-0.000155305,-0.0421286,-0.0124588,0.06323487166162407,59.418004035059454,58.71927105868349
PART-PIER-1,838,Pier/C3D8R,4.33333,15.0,90.0,0.00012500976,-0.10529097,-0.01548586,0.000155305,-0.0421286,-0.0124588,0.06323487166162407,59.418004035059454,58.71927105868349
PART-PIER-2,761,Pier/C3D8R,-8.66667,-15.0,90.0,-0.0002922517,0.10520529,-0.015444151,-0.000161186,0.0420561,-0.012406,0.06322236738190543,59.45681790399547,58.76356944943439
PART-PIER-2,839,Pier/C3D8R,8.66667,-15.0,90.0,0.0002922517,0.10520529,-0.015444151,0.000161186,0.0420561,-0.012406,0.06322236738190543,59.45681790399547,58.76356944943439
PART-PIER-1,761,Pier/C3D8R,-8.66667,15.0,90.0,-0.0002922517,-0.10520529,-0.015444151,-0.000161186,-0.0420561,-0.012406,0.06322236738190543,59.45681790399547,58.76356944943439
PART-PIER-1,839,Pier/C3D8R,8.66667,15.0,90.0,0.0002922517,-0.10520529,-0.015444151,0.000161186,-0.0420561,-0.012406,0.06322236738190543,59.45681790399547,58.76356944943439
PART-PIER-2,406,Pier/C3D8R,-8.66667,-20.0,90.0,7.902571e-05,0.10517929,-0.0073168743,2.17326e-05,0.0419728,-0.00859225,0.06321938186819533,59.961372133605686,59.36468608041526
PART-PIER-2,566,Pier/C3D8R,8.66667,-20.0,90.0,-7.902571e-05,0.10517929,-0.0073168743,-2.17326e-05,0.0419728,-0.00859225,0.06321938186819533,59.961372133605686,59.36468608041526
PART-PIER-1,328,Pier/C3D8R,-8.66667,20.0,90.0,7.902571e-05,-0.10517929,-0.0073168743,2.17326e-05,-0.0419728,-0.00859225,0.06321938186819533,59.961372133605686,59.36468608041526
PART-PIER-1,644,Pier/C3D8R,8.66667,20.0,90.0,-7.902571e-05,-0.10517929,-0.0073168743,-2.17326e-05,-0.0419728,-0.00859225,0.06321938186819533,59.961372133605686,59.36468608041526
PART-FLOOR-1,291,Floor/S4R,95.0,0.0,0.0,-0.006667615,7.3775265e-15,-0.3166456,-0.00436877,-7.19989e-14,-0.253479,0.06320841750822455,19.957456825935278,19.95452965732604
PART-FLOOR-1,396,Floor/S4R,-95.0,0.0,0.0,0.006667615,4.7148674e-15,-0.3166456,0.00436877,-5.93923e-14,-0.253479,0.06320841750822455,19.957456825935278,19.95452965732604
PART-PIER-2,405,Pier/C3D8R,-4.33333,-20.0,90.0,7.495601e-05,0.10533374,-0.0071923626,6.75657e-05,0.0421471,-0.00853504,0.06320090435829816,59.86122603439601,59.26968934234473
PART-PIER-2,565,Pier/C3D8R,4.33333,-20.0,90.0,-7.495601e-05,0.10533374,-0.0071923626,-6.75657e-05,0.0421471,-0.00853504,0.06320090435829816,59.86122603439601,59.26968934234473
PART-PIER-1,327,Pier/C3D8R,-4.33333,20.0,90.0,7.495601e-05,-0.10533374,-0.0071923626,6.75657e-05,-0.0421471,-0.00853504,0.06320090435829816,59.86122603439601,59.26968934234473
PART-PIER-1,643,Pier/C3D8R,4.33333,20.0,90.0,-7.495601e-05,-0.10533374,-0.0071923626,-6.75657e-05,-0.0421471,-0.00853504,0.06320090435829816,59.86122603439601,59.26968934234473
PART-FLOOR-1,52,Floor/S4R,120.0,10.0,0.0,-0.008516502,0.00023233502,-0.46036372,-0.00585975,0.000202074,-0.397223,0.06319659618236756,13.725186027215807,13.720773164015906
PART-FLOOR-1,62,Floor/S4R,120.0,-10.0,0.0,-0.008516502,-0.00023233502,-0.46036372,-0.00585975,-0.000202074,-0.397223,0.06319659618236756,13.725186027215807,13.720773164015906
PART-FLOOR-1,155,Floor/S4R,-120.0,10.0,0.0,0.008516502,0.00023233502,-0.46036372,0.00585975,0.000202074,-0.397223,0.06319659618236756,13.725186027215807,13.720773164015906
PART-FLOOR-1,169,Floor/S4R,-120.0,-10.0,0.0,0.008516502,-0.00023233502,-0.46036372,0.00585975,-0.000202074,-0.397223,0.06319659618236756,13.725186027215807,13.720773164015906
PART-PIER-2,495,Pier/C3D8R,-13.0,-15.0,90.0,-4.1865023e-05,0.10504442,-0.01535571,-9.56754e-05,0.041932,-0.0124011,0.06318156514415556,59.51492929959853,58.8102078799881
PART-PIER-2,694,Pier/C3D8R,13.0,-15.0,90.0,4.1865023e-05,0.10504442,-0.01535571,9.56754e-05,0.041932,-0.0124011,0.06318156514415556,59.51492929959853,58.8102078799881
PART-PIER-1,495,Pier/C3D8R,-13.0,15.0,90.0,-4.1865023e-05,-0.10504442,-0.01535571,-9.56754e-05,-0.041932,-0.0124011,0.06318156514415556,59.51492929959853,58.8102078799881
PART-PIER-1,694,Pier/C3D8R,13.0,15.0,90.0,4.1865023e-05,-0.10504442,-0.01535571,9.56754e-05,-0.041932,-0.0124011,0.06318156514415556,59.51492929959853,58.8102078799881
PART-SUPPORTBEAM-2,80,SupportBeam/B31,-120.0,10.0,-12.0,0.010043912,0.0011236619,-0.24282457,0.0139135,0.000382765,-0.179888,0.06305976913112728,25.946806312266418,25.761382706356756
PART-SUPPORTBEAM-2,269,SupportBeam/B31,120.0,10.0,-12.0,-0.010043912,0.0011236619,-0.24282457,-0.0139135,0.000382765,-0.179888,0.06305976913112728,25.946806312266418,25.761382706356756
PART-SUPPORTBEAM-1,80,SupportBeam/B31,-120.0,-10.0,-12.0,0.010043912,-0.0011236619,-0.24282457,0.0139135,-0.000382765,-0.179888,0.06305976913112728,25.946806312266418,25.761382706356756
PART-SUPPORTBEAM-1,269,SupportBeam/B31,120.0,-10.0,-12.0,-0.010043912,-0.0011236619,-0.24282457,-0.0139135,-0.000382765,-0.179888,0.06305976913112728,25.946806312266418,25.761382706356756
PART-PIER-2,114,Pier/C3D8R,-13.0,-20.0,90.0,-0.00010613991,0.10486444,-0.0072193835,-0.00015985,0.0419589,-0.00850883,0.06291877716343294,59.858391923240205,59.269190049797025
PART-PIER-2,218,Pier/C3D8R,13.0,-20.0,90.0,0.00010613991,0.10486444,-0.0072193835,0.00015985,0.0419589,-0.00850883,0.06291877716343294,59.858391923240205,59.269190049797025
PART-PIER-1,52,Pier/C3D8R,-13.0,20.0,90.0,-0.00010613991,-0.10486444,-0.0072193835,-0.00015985,-0.0419589,-0.00850883,0.06291877716343294,59.858391923240205,59.269190049797025
PART-PIER-1,241,Pier/C3D8R,13.0,20.0,90.0,0.00010613991,-0.10486444,-0.0072193835,0.00015985,-0.0419589,-0.00850883,0.06291877716343294,59.858391923240205,59.269190049797025
PART-SUPPORTBEAM-2,128,SupportBeam/B31,-126.92308,10.0,-30.0,-0.010488422,0.0025626945,-0.23868121,0.00680905,0.00068635,-0.17935,0.061829731410847674,25.87826985583188,24.880066575044406
PART-SUPPORTBEAM-2,251,SupportBeam/B31,126.92308,10.0,-30.0,0.010488422,0.0025626945,-0.23868121,-0.00680905,0.00068635,-0.17935,0.061829731410847674,25.87826985583188,24.880066575044406
PART-SUPPORTBEAM-1,128,SupportBeam/B31,-126.92308,-10.0,-30.0,-0.010488422,-0.0025626945,-0.23868121,0.00680905,-0.00068635,-0.17935,0.061829731410847674,25.87826985583188,24.880066575044406
PART-SUPPORTBEAM-1,251,SupportBeam/B31,126.92308,-10.0,-30.0,0.010488422,-0.0025626945,-0.23868121,-0.00680905,-0.00068635,-0.17935,0.061829731410847674,25.87826985583188,24.880066575044406
PART-SUPPORTBEAM-2,81,SupportBeam/B31,-123.33334,10.0,-14.0,0.00966512,0.001286275,-0.2428504,0.0145635,0.000419665,-0.18156,0.06149193663950176,25.3005283837828,25.057974071544415
PART-SUPPORTBEAM-2,270,SupportBeam/B31,123.33334,10.0,-14.0,-0.00966512,0.001286275,-0.2428504,-0.0145635,0.000419665,-0.18156,0.06149193663950176,25.3005283837828,25.057974071544415
PART-SUPPORTBEAM-1,81,SupportBeam/B31,-123.33334,-10.0,-14.0,0.00966512,-0.001286275,-0.2428504,0.0145635,-0.000419665,-0.18156,0.06149193663950176,25.3005283837828,25.057974071544415
PART-SUPPORTBEAM-1,270,SupportBeam/B31,123.33334,-10.0,-14.0,-0.00966512,-0.001286275,-0.2428504,-0.0145635,-0.000419665,-0.18156,0.06149193663950176,25.3005283837828,25.057974071544415
PART-FLOOR-1,275,Floor/S4R,125.0,-5.0,0.0,-0.008793032,-0.00015122454,-0.47060207,-0.00619509,-0.000102701,-0.409918,0.06073967409308512,12.904548239821626,12.900243227012862
PART-FLOOR-1,277,Floor/S4R,125.0,5.0,0.0,-0.008793032,0.00015122454,-0.47060207,-0.00619509,0.000102701,-0.409918,0.06073967409308512,12.904548239821626,12.900243227012862
PART-FLOOR-1,410,Floor/S4R,-125.0,-5.0,0.0,0.008793032,-0.00015122454,-0.47060207,0.00619509,-0.000102701,-0.409918,0.06073967409308512,12.904548239821626,12.900243227012862
PART-FLOOR-1,412,Floor/S4R,-125.0,5.0,0.0,0.008793032,0.00015122454,-0.47060207,0.00619509,0.000102701,-0.409918,0.06073967409308512,12.904548239821626,12.900243227012862
PART-FLOOR-1,56,Floor/S4R,100.0,5.0,0.0,-0.0069122603,8.698169e-05,-0.28681225,-0.00460199,8.10625e-05,-0.226174,0.06068224408307897,21.151337192599513,21.14871340418
PART-FLOOR-1,58,Floor/S4R,100.0,-5.0,0.0,-0.0069122603,-8.698169e-05,-0.28681225,-0.00460199,-8.10625e-05,-0.226174,0.06068224408307897,21.151337192599513,21.14871340418
PART-FLOOR-1,140,Floor/S4R,-100.0,5.0,0.0,0.0069122603,8.698169e-05,-0.28681225,0.00460199,8.10625e-05,-0.226174,0.06068224408307897,21.151337192599513,21.14871340418
PART-FLOOR-1,142,Floor/S4R,-100.0,-5.0,0.0,0.0069122603,-8.698169e-05,-0.28681225,0.00460199,-8.10625e-05,-0.226174,0.06068224408307897,21.151337192599513,21.14871340418
PART-SUPPORTBEAM-2,82,SupportBeam/B31,-126.66666,10.0,-16.0,0.008620021,0.0014469902,-0.24175987,0.0145237,0.000457155,-0.182076,0.059983310492461986,24.794911613415916,24.49712520549304
PART-SUPPORTBEAM-2,271,SupportBeam/B31,126.66666,10.0,-16.0,-0.008620021,0.0014469902,-0.24175987,-0.0145237,0.000457155,-0.182076,0.059983310492461986,24.794911613415916,24.49712520549304
PART-SUPPORTBEAM-1,82,SupportBeam/B31,-126.66666,-10.0,-16.0,0.008620021,-0.0014469902,-0.24175987,0.0145237,-0.000457155,-0.182076,0.059983310492461986,24.794911613415916,24.49712520549304
PART-SUPPORTBEAM-1,271,SupportBeam/B31,126.66666,-10.0,-16.0,-0.008620021,-0.0014469902,-0.24175987,-0.0145237,-0.000457155,-0.182076,0.059983310492461986,24.794911613415916,24.49712520549304
PART-SUPPORTBEAM-2,129,SupportBeam/B31,-130.76923,10.0,-30.0,-0.010597526,0.0025534062,-0.23615238,0.00604387,0.000702712,-0.1786,0.05993861504502025,25.354332600668467,24.40748089991085
PART-SUPPORTBEAM-2,252,SupportBeam/B31,130.76923,10.0,-30.0,0.010597526,0.0025534062,-0.23615238,-0.00604387,0.000702712,-0.1786,0.05993861504502025,25.354332600668467,24.40748089991085
PART-SUPPORTBEAM-1,129,SupportBeam/B31,-130.76923,-10.0,-30.0,-0.010597526,-0.0025534062,-0.23615238,0.00604387,-0.000702712,-0.1786,0.05993861504502025,25.354332600668467,24.40748089991085
PART-SUPPORTBEAM-1,252,SupportBeam/B31,130.76923,-10.0,-30.0,0.010597526,-0.0025534062,-0.23615238,-0.00604387,-0.000702712,-0.1786,0.05993861504502025,25.354332600668467,24.40748089991085
PART-PIER-2,76,Pier/C3D8R,0.0,-10.0,85.0,4.901856e-16,0.097656496,-0.023021836,-3.94188e-14,0.0384954,-0.0159435,0.059583035508860335,59.385031053182026,58.47203905141877
PART-PIER-1,168,Pier/C3D8R,0.0,10.0,85.0,-1.5311135e-14,-0.097656496,-0.023021836,-2.49505e-14,-0.0384954,-0.0159435,0.059583035508860335,59.385031053182026,58.47203905141877
PART-PIER-2,326,Pier/C3D8R,-8.83333,-10.0,85.0,-0.00016217983,0.097393416,-0.022882538,-0.000158365,0.0383549,-0.015873,0.05945317492790968,59.4260996483212,58.50895849691289
PART-PIER-2,642,Pier/C3D8R,8.83333,-10.0,85.0,0.00016217983,0.097393416,-0.022882538,0.000158365,0.0383549,-0.015873,0.05945317492790968,59.4260996483212,58.50895849691289
PART-PIER-1,404,Pier/C3D8R,-8.83333,10.0,85.0,-0.00016217983,-0.097393416,-0.022882538,-0.000158365,-0.0383549,-0.015873,0.05945317492790968,59.4260996483212,58.50895849691289
PART-PIER-1,564,Pier/C3D8R,8.83333,10.0,85.0,0.00016217983,-0.097393416,-0.022882538,0.000158365,-0.0383549,-0.015873,0.05945317492790968,59.4260996483212,58.50895849691289
PART-PIER-2,325,Pier/C3D8R,-4.41667,-10.0,85.0,-0.00037000823,0.09754524,-0.022839367,-0.000252019,0.0385164,-0.0157843,0.05944906932474625,59.33984378937418,58.450517252900845
PART-PIER-2,641,Pier/C3D8R,4.41667,-10.0,85.0,0.00037000823,0.09754524,-0.022839367,0.000252019,0.0385164,-0.0157843,0.05944906932474625,59.33984378937418,58.450517252900845
PART-PIER-1,403,Pier/C3D8R,-4.41667,10.0,85.0,-0.00037000823,-0.09754524,-0.022839367,-0.000252019,-0.0385164,-0.0157843,0.05944906932474625,59.33984378937418,58.450517252900845
PART-PIER-1,563,Pier/C3D8R,4.41667,10.0,85.0,0.00037000823,-0.09754524,-0.022839367,0.000252019,-0.0385164,-0.0157843,0.05944906932474625,59.33984378937418,58.450517252900845
PART-PIER-2,51,Pier/C3D8R,-13.25,-10.0,85.0,-0.0008093537,0.09726391,-0.022790536,-0.000438028,0.0383166,-0.015749,0.05936755400259367,59.426022991573404,58.52992425603818
PART-PIER-2,242,Pier/C3D8R,13.25,-10.0,85.0,0.0008093537,0.09726391,-0.022790536,0.000438028,0.0383166,-0.015749,0.05936755400259367,59.426022991573404,58.52992425603818
PART-PIER-1,115,Pier/C3D8R,-13.25,10.0,85.0,-0.0008093537,-0.09726391,-0.022790536,-0.000438028,-0.0383166,-0.015749,0.05936755400259367,59.426022991573404,58.52992425603818
PART-PIER-1,217,Pier/C3D8R,13.25,10.0,85.0,0.0008093537,-0.09726391,-0.022790536,0.000438028,-0.0383166,-0.015749,0.05936755400259367,59.426022991573404,58.52992425603818
PART-PIER-2,758,Pier/C3D8R,-4.41667,-15.0,85.0,-7.320606e-05,0.09739655,-0.015070083,-2.34355e-06,0.0383625,-0.012172,0.05910518560983217,59.971429916857055,59.16291411987863
PART-PIER-2,836,Pier/C3D8R,4.41667,-15.0,85.0,7.320606e-05,0.09739655,-0.015070083,2.34355e-06,0.0383625,-0.012172,0.05910518560983217,59.971429916857055,59.16291411987863
PART-PIER-1,758,Pier/C3D8R,-4.41667,15.0,85.0,-7.320606e-05,-0.09739655,-0.015070083,-2.34355e-06,-0.0383625,-0.012172,0.05910518560983217,59.971429916857055,59.16291411987863
PART-PIER-1,836,Pier/C3D8R,4.41667,15.0,85.0,7.320606e-05,-0.09739655,-0.015070083,2.34355e-06,-0.0383625,-0.012172,0.05910518560983217,59.971429916857055,59.16291411987863
PART-PIER-2,455,Pier/C3D8R,0.0,-15.0,85.0,-7.635834e-16,0.09736276,-0.015059264,-5.8364e-14,0.0383647,-0.0121893,0.05906782353468677,59.954857023359,59.14093364772196
PART-PIER-1,455,Pier/C3D8R,0.0,15.0,85.0,-1.4741734e-14,-0.09736276,-0.015059264,-4.52317e-14,-0.0383647,-0.0121893,0.05906782353468677,59.954857023359,59.14093364772196
PART-PIER-2,403,Pier/C3D8R,-4.41667,-20.0,85.0,-4.3423886e-05,0.097276,-0.007382614,-8.00054e-05,0.0382641,-0.00853826,0.059023225915689176,60.502045001581926,59.81249373668853
PART-PIER-2,563,Pier/C3D8R,4.41667,-20.0,85.0,4.3423886e-05,0.097276,-0.007382614,8.00054e-05,0.0382641,-0.00853826,0.059023225915689176,60.502045001581926,59.81249373668853
PART-PIER-1,325,Pier/C3D8R,-4.41667,20.0,85.0,-4.3423886e-05,-0.097276,-0.007382614,-8.00054e-05,-0.0382641,-0.00853826,0.059023225915689176,60.502045001581926,59.81249373668853
PART-PIER-1,641,Pier/C3D8R,4.41667,20.0,85.0,4.3423886e-05,-0.097276,-0.007382614,8.00054e-05,-0.0382641,-0.00853826,0.059023225915689176,60.502045001581926,59.81249373668853
PART-PIER-2,759,Pier/C3D8R,-8.83333,-15.0,85.0,-9.128729e-05,0.09723043,-0.015078816,-0.000117333,0.0382977,-0.0121825,0.059003864195523385,59.96768787818798,59.15470313023601
PART-PIER-2,837,Pier/C3D8R,8.83333,-15.0,85.0,9.128729e-05,0.09723043,-0.015078816,0.000117333,0.0382977,-0.0121825,0.059003864195523385,59.96768787818798,59.15470313023601
PART-PIER-1,759,Pier/C3D8R,-8.83333,15.0,85.0,-9.128729e-05,-0.09723043,-0.015078816,-0.000117333,-0.0382977,-0.0121825,0.059003864195523385,59.96768787818798,59.15470313023601
PART-PIER-1,837,Pier/C3D8R,8.83333,15.0,85.0,9.128729e-05,-0.09723043,-0.015078816,0.000117333,-0.0382977,-0.0121825,0.059003864195523385,59.96768787818798,59.15470313023601
PART-PIER-2,115,Pier/C3D8R,-13.25,-20.0,85.0,9.05317e-05,0.09705803,-0.0073090033,2.8979e-05,0.0380855,-0.00849557,0.05898449816578358,60.60078963911918,59.90918928632335
PART-PIER-2,217,Pier/C3D8R,13.25,-20.0,85.0,-9.05317e-05,0.09705803,-0.0073090033,-2.8979e-05,0.0380855,-0.00849557,0.05898449816578358,60.60078963911918,59.90918928632335
PART-PIER-1,51,Pier/C3D8R,-13.25,20.0,85.0,9.05317e-05,-0.09705803,-0.0073090033,2.8979e-05,-0.0380855,-0.00849557,0.05898449816578358,60.60078963911918,59.90918928632335
PART-PIER-1,242,Pier/C3D8R,13.25,20.0,85.0,-9.05317e-05,-0.09705803,-0.0073090033,-2.8979e-05,-0.0380855,-0.00849557,0.05898449816578358,60.60078963911918,59.90918928632335
PART-PIER-2,168,Pier/C3D8R,0.0,-20.0,85.0,-2.4466972e-15,0.09730579,-0.0073459307,-7.6455e-14,0.0383661,-0.00849925,0.05895097287326014,60.41130739828401,59.73030762251735
PART-PIER-1,76,Pier/C3D8R,0.0,20.0,85.0,-1.4502502e-14,-0.09730579,-0.0073459307,-6.59633e-14,-0.0383661,-0.00849925,0.05895097287326014,60.41130739828401,59.73030762251735
PART-PIER-2,404,Pier/C3D8R,-8.83333,-20.0,85.0,-3.663979e-05,0.097158834,-0.0072555053,-6.97021e-05,0.0382665,-0.00845302,0.058904517131885686,60.45868439460963,59.77694241228486
PART-PIER-2,564,Pier/C3D8R,8.83333,-20.0,85.0,3.663979e-05,0.097158834,-0.0072555053,6.97021e-05,0.0382665,-0.00845302,0.058904517131885686,60.45868439460963,59.77694241228486
PART-PIER-1,326,Pier/C3D8R,-8.83333,20.0,85.0,-3.663979e-05,-0.097158834,-0.0072555053,-6.97021e-05,-0.0382665,-0.00845302,0.058904517131885686,60.45868439460963,59.77694241228486
PART-PIER-1,642,Pier/C3D8R,8.83333,20.0,85.0,3.663979e-05,-0.097158834,-0.0072555053,6.97021e-05,-0.0382665,-0.00845302,0.058904517131885686,60.45868439460963,59.77694241228486
PART-PIER-2,494,Pier/C3D8R,-13.25,-15.0,85.0,-0.00044382655,0.09697932,-0.0150266625,-0.000285475,0.038182,-0.0121148,0.05886959196066075,59.98679351600708,59.18088556933815
PART-PIER-2,693,Pier/C3D8R,13.25,-15.0,85.0,0.00044382655,0.09697932,-0.0150266625,0.000285475,0.038182,-0.0121148,0.05886959196066075,59.98679351600708,59.18088556933815
PART-PIER-1,494,Pier/C3D8R,-13.25,15.0,85.0,-0.00044382655,-0.09697932,-0.0150266625,-0.000285475,-0.038182,-0.0121148,0.05886959196066075,59.98679351600708,59.18088556933815
PART-PIER-1,693,Pier/C3D8R,13.25,15.0,85.0,0.00044382655,-0.09697932,-0.0150266625,0.000285475,-0.038182,-0.0121148,0.05886959196066075,59.98679351600708,59.18088556933815
PART-FLOOR-1,55,Floor/S4R,105.0,10.0,0.0,-0.0072379345,0.00020065247,-0.27437693,-0.00478465,0.000137152,-0.215559,0.05886910502659721,21.44809225775631,21.44488978871232
PART-FLOOR-1,59,Floor/S4R,105.0,-10.0,0.0,-0.0072379345,-0.00020065247,-0.27437693,-0.00478465,-0.000137152,-0.215559,0.05886910502659721,21.44809225775631,21.44488978871232
PART-FLOOR-1,152,Floor/S4R,-105.0,10.0,0.0,0.0072379345,0.00020065247,-0.27437693,0.00478465,0.000137152,-0.215559,0.05886910502659721,21.44809225775631,21.44488978871232
PART-FLOOR-1,172,Floor/S4R,-105.0,-10.0,0.0,0.0072379345,-0.00020065247,-0.27437693,0.00478465,-0.000137152,-0.215559,0.05886910502659721,21.44809225775631,21.44488978871232
PART-SUPPORTBEAM-2,83,SupportBeam/B31,-130.0,10.0,-18.0,0.006885303,0.0016053936,-0.23951413,0.0137839,0.000495442,-0.181419,0.0585138168541384,24.419578730877774,24.069888228745782
PART-SUPPORTBEAM-2,272,SupportBeam/B31,130.0,10.0,-18.0,-0.006885303,0.0016053936,-0.23951413,-0.0137839,0.000495442,-0.181419,0.0585138168541384,24.419578730877774,24.069888228745782
PART-SUPPORTBEAM-1,83,SupportBeam/B31,-130.0,-10.0,-18.0,0.006885303,-0.0016053936,-0.23951413,0.0137839,-0.000495442,-0.181419,0.0585138168541384,24.419578730877774,24.069888228745782
PART-SUPPORTBEAM-1,272,SupportBeam/B31,130.0,-10.0,-18.0,-0.006885303,-0.0016053936,-0.23951413,-0.0137839,-0.000495442,-0.181419,0.0585138168541384,24.419578730877774,24.069888228745782
PART-FLOOR-1,288,Floor/S4R,105.0,0.0,0.0,-0.0072034667,7.1047616e-15,-0.32184964,-0.0049092,-6.69777e-14,-0.263596,0.05829880129934344,18.109140955808297,18.105950911735867
PART-FLOOR-1,399,Floor/S4R,-105.0,0.0,0.0,0.0072034667,4.5115554e-15,-0.32184964,0.0049092,-5.40098e-14,-0.263596,0.05829880129934344,18.109140955808297,18.105950911735867
PART-FLOOR-1,273,Floor/S4R,130.0,0.0,0.0,-0.009133708,6.2807946e-15,-0.45439717,-0.00653613,-5.42378e-14,-0.396359,0.05809627000432114,12.78276820863717,12.778323573641567
PART-FLOOR-1,414,Floor/S4R,-130.0,0.0,0.0,0.009133708,3.848223e-15,-0.45439717,0.00653613,-4.09638e-14,-0.396359,0.05809627000432114,12.78276820863717,12.778323573641567
PART-SUPPORTBEAM-2,130,SupportBeam/B31,-134.61539,10.0,-30.0,-0.010706632,0.0025428033,-0.23249961,0.00527869,0.00071718,-0.176736,0.05803829442798337,24.934834944262473,24.03490660413196
PART-SUPPORTBEAM-2,253,SupportBeam/B31,134.61539,10.0,-30.0,0.010706632,0.0025428033,-0.23249961,-0.00527869,0.00071718,-0.176736,0.05803829442798337,24.934834944262473,24.03490660413196
PART-SUPPORTBEAM-1,130,SupportBeam/B31,-134.61539,-10.0,-30.0,-0.010706632,-0.0025428033,-0.23249961,0.00527869,-0.00071718,-0.176736,0.05803829442798337,24.934834944262473,24.03490660413196
PART-SUPPORTBEAM-1,253,SupportBeam/B31,134.61539,-10.0,-30.0,0.010706632,-0.0025428033,-0.23249961,-0.00527869,-0.00071718,-0.176736,0.05803829442798337,24.934834944262473,24.03490660413196
PART-FLOOR-1,50,Floor/S4R,130.0,10.0,0.0,-0.009144885,0.0003764407,-0.46041536,-0.00652999,0.000201874,-0.402829,0.057645962629167484,12.517952444342221,12.513259247911506
PART-FLOOR-1,64,Floor/S4R,130.0,-10.0,0.0,-0.009144885,-0.0003764407,-0.46041536,-0.00652999,-0.000201874,-0.402829,0.057645962629167484,12.517952444342221,12.513259247911506
PART-FLOOR-1,157,Floor/S4R,-130.0,10.0,0.0,0.009144885,0.0003764407,-0.46041536,0.00652999,0.000201874,-0.402829,0.057645962629167484,12.517952444342221,12.513259247911506
PART-FLOOR-1,167,Floor/S4R,-130.0,-10.0,0.0,0.009144885,-0.0003764407,-0.46041536,0.00652999,-0.000201874,-0.402829,0.057645962629167484,12.517952444342221,12.513259247911506
PART-SUPPORTBEAM-2,84,SupportBeam/B31,-133.33333,10.0,-20.0,0.0045024734,0.0017610717,-0.23618235,0.0123986,0.000534735,-0.179681,0.05706360721867743,24.155765944537507,23.757496664997053
PART-SUPPORTBEAM-2,273,SupportBeam/B31,133.33333,10.0,-20.0,-0.0045024734,0.0017610717,-0.23618235,-0.0123986,0.000534735,-0.179681,0.05706360721867743,24.155765944537507,23.757496664997053
PART-SUPPORTBEAM-1,84,SupportBeam/B31,-133.33333,-10.0,-20.0,0.0045024734,-0.0017610717,-0.23618235,0.0123986,-0.000534735,-0.179681,0.05706360721867743,24.155765944537507,23.757496664997053
PART-SUPPORTBEAM-1,273,SupportBeam/B31,133.33333,-10.0,-20.0,-0.0045024734,-0.0017610717,-0.23618235,-0.0123986,-0.000534735,-0.179681,0.05706360721867743,24.155765944537507,23.757496664997053
PART-SUPPORTBEAM-2,131,SupportBeam/B31,-138.46153,10.0,-30.0,-0.010815737,0.0025307287,-0.2279457,0.00451351,0.000729626,-0.174019,0.05609205609899637,24.578474222960438,23.721863665666802
PART-SUPPORTBEAM-2,254,SupportBeam/B31,138.46153,10.0,-30.0,0.010815737,0.0025307287,-0.2279457,-0.00451351,0.000729626,-0.174019,0.05609205609899637,24.578474222960438,23.721863665666802
PART-SUPPORTBEAM-1,131,SupportBeam/B31,-138.46153,-10.0,-30.0,-0.010815737,-0.0025307287,-0.2279457,0.00451351,-0.000729626,-0.174019,0.05609205609899637,24.578474222960438,23.721863665666802
PART-SUPPORTBEAM-1,254,SupportBeam/B31,138.46153,-10.0,-30.0,0.010815737,-0.0025307287,-0.2279457,-0.00451351,-0.000729626,-0.174019,0.05609205609899637,24.578474222960438,23.721863665666802
PART-FLOOR-1,284,Floor/S4R,110.0,-5.0,0.0,-0.007512103,-7.0317255e-05,-0.35929307,-0.00517988,-7.36227e-05,-0.303417,0.05592472148962921,15.561808866197746,15.557817920558398
PART-FLOOR-1,286,Floor/S4R,110.0,5.0,0.0,-0.007512103,7.0317255e-05,-0.35929307,-0.00517988,7.36227e-05,-0.303417,0.05592472148962921,15.561808866197746,15.557817920558398
PART-FLOOR-1,401,Floor/S4R,-110.0,-5.0,0.0,0.007512103,-7.0317255e-05,-0.35929307,0.00517988,-7.36227e-05,-0.303417,0.05592472148962921,15.561808866197746,15.557817920558398
PART-FLOOR-1,403,Floor/S4R,-110.0,5.0,0.0,0.007512103,7.0317255e-05,-0.35929307,0.00517988,7.36227e-05,-0.303417,0.05592472148962921,15.561808866197746,15.557817920558398
PART-SUPPORTBEAM-2,85,SupportBeam/B31,-136.66667,10.0,-22.0,0.0015778639,0.001913611,-0.23194173,0.0104868,0.00057524,-0.17706,0.05561622665338261,23.977163200049816,23.53205538141575
PART-SUPPORTBEAM-2,274,SupportBeam/B31,136.66667,10.0,-22.0,-0.0015778639,0.001913611,-0.23194173,-0.0104868,0.00057524,-0.17706,0.05561622665338261,23.977163200049816,23.53205538141575
PART-SUPPORTBEAM-1,85,SupportBeam/B31,-136.66667,-10.0,-22.0,0.0015778639,-0.001913611,-0.23194173,0.0104868,-0.00057524,-0.17706,0.05561622665338261,23.977163200049816,23.53205538141575
PART-SUPPORTBEAM-1,274,SupportBeam/B31,136.66667,-10.0,-22.0,-0.0015778639,-0.001913611,-0.23194173,-0.0104868,-0.00057524,-0.17706,0.05561622665338261,23.977163200049816,23.53205538141575
PART-PIER-2,323,Pier/C3D8R,-4.5,-10.0,80.0,-6.0546736e-05,0.089923516,-0.022252504,-3.22698e-05,0.0348734,-0.0154538,0.05546835536842769,59.87779555208677,58.823608937006036
PART-PIER-2,639,Pier/C3D8R,4.5,-10.0,80.0,6.0546736e-05,0.089923516,-0.022252504,3.22698e-05,0.0348734,-0.0154538,0.05546835536842769,59.87779555208677,58.823608937006036
PART-PIER-1,401,Pier/C3D8R,-4.5,10.0,80.0,-6.0546736e-05,-0.089923516,-0.022252504,-3.22698e-05,-0.0348734,-0.0154538,0.05546835536842769,59.87779555208677,58.823608937006036
PART-PIER-1,561,Pier/C3D8R,4.5,10.0,80.0,6.0546736e-05,-0.089923516,-0.022252504,3.22698e-05,-0.0348734,-0.0154538,0.05546835536842769,59.87779555208677,58.823608937006036
PART-FLOOR-1,269,Floor/S4R,135.0,-5.0,0.0,-0.009530912,-0.00020482008,-0.41302896,-0.00687393,-9.29127e-05,-0.357653,0.0554397783412923,13.419159997612484,13.414348275789372
PART-FLOOR-1,271,Floor/S4R,135.0,5.0,0.0,-0.009530912,0.00020482008,-0.41302896,-0.00687393,9.29127e-05,-0.357653,0.0554397783412923,13.419159997612484,13.414348275789372
PART-FLOOR-1,416,Floor/S4R,-135.0,-5.0,0.0,0.009530912,-0.00020482008,-0.41302896,0.00687393,-9.29127e-05,-0.357653,0.0554397783412923,13.419159997612484,13.414348275789372
PART-FLOOR-1,418,Floor/S4R,-135.0,5.0,0.0,0.009530912,0.00020482008,-0.41302896,0.00687393,9.29127e-05,-0.357653,0.0554397783412923,13.419159997612484,13.414348275789372
PART-PIER-2,77,Pier/C3D8R,0.0,-10.0,80.0,6.1198956e-16,0.089912124,-0.022052448,-3.68635e-14,0.0349255,-0.0153123,0.055398180601706405,59.84011360498599,58.807561571704504
PART-PIER-1,167,Pier/C3D8R,0.0,10.0,80.0,-1.4273478e-14,-0.089912124,-0.022052448,-2.30089e-14,-0.0349255,-0.0153123,0.055398180601706405,59.84011360498599,58.807561571704504
PART-PIER-2,324,Pier/C3D8R,-9.0,-10.0,80.0,-0.0005463165,0.08980679,-0.022059383,-0.000316922,0.0348693,-0.0153019,0.05535200091985853,59.854257991158896,58.822194462272215
PART-PIER-2,640,Pier/C3D8R,9.0,-10.0,80.0,0.0005463165,0.08980679,-0.022059383,0.000316922,0.0348693,-0.0153019,0.05535200091985853,59.854257991158896,58.822194462272215
PART-PIER-1,402,Pier/C3D8R,-9.0,10.0,80.0,-0.0005463165,-0.08980679,-0.022059383,-0.000316922,-0.0348693,-0.0153019,0.05535200091985853,59.854257991158896,58.822194462272215
PART-PIER-1,562,Pier/C3D8R,9.0,10.0,80.0,0.0005463165,-0.08980679,-0.022059383,0.000316922,-0.0348693,-0.0153019,0.05535200091985853,59.854257991158896,58.822194462272215
PART-PIER-2,50,Pier/C3D8R,-13.5,-10.0,80.0,-0.00040235266,0.08951529,-0.02209954,-0.000341571,0.0346869,-0.0153513,0.055242146840070325,59.91309843083737,58.85892741235256
PART-PIER-2,243,Pier/C3D8R,13.5,-10.0,80.0,0.00040235266,0.08951529,-0.02209954,0.000341571,0.0346869,-0.0153513,0.055242146840070325,59.91309843083737,58.85892741235256
PART-PIER-1,116,Pier/C3D8R,-13.5,10.0,80.0,-0.00040235266,-0.08951529,-0.02209954,-0.000341571,-0.0346869,-0.0153513,0.055242146840070325,59.91309843083737,58.85892741235256
PART-PIER-1,216,Pier/C3D8R,13.5,10.0,80.0,0.00040235266,-0.08951529,-0.02209954,0.000341571,-0.0346869,-0.0153513,0.055242146840070325,59.91309843083737,58.85892741235256
PART-PIER-2,454,Pier/C3D8R,0.0,-15.0,80.0,-7.1338867e-16,0.08984958,-0.014728701,-5.41798e-14,0.0348326,-0.011896,0.05508985644631687,60.50586516467059,59.57338210244969
PART-PIER-1,454,Pier/C3D8R,0.0,15.0,80.0,-1.3977704e-14,-0.08984958,-0.014728701,-4.22196e-14,-0.0348326,-0.011896,0.05508985644631687,60.50586516467059,59.57338210244969
PART-PIER-2,167,Pier/C3D8R,0.0,-20.0,80.0,-2.1774926e-15,0.089774325,-0.0073391437,-7.19266e-14,0.0347191,-0.00846411,0.055066717252590616,61.135099249270276,60.32594545761734
PART-PIER-1,77,Pier/C3D8R,0.0,20.0,80.0,-1.3531155e-14,-0.089774325,-0.0073391437,-6.2293e-14,-0.0347191,-0.00846411,0.055066717252590616,61.135099249270276,60.32594545761734
PART-PIER-2,756,Pier/C3D8R,-4.5,-15.0,80.0,-0.00010704878,0.08973487,-0.0147620365,-0.000127731,0.0347873,-0.0119142,0.05502132358813132,60.502180917027935,59.5659047251458
PART-PIER-2,834,Pier/C3D8R,4.5,-15.0,80.0,0.00010704878,0.08973487,-0.0147620365,0.000127731,0.0347873,-0.0119142,0.05502132358813132,60.502180917027935,59.5659047251458
PART-PIER-1,756,Pier/C3D8R,-4.5,15.0,80.0,-0.00010704878,-0.08973487,-0.0147620365,-0.000127731,-0.0347873,-0.0119142,0.05502132358813132,60.502180917027935,59.5659047251458
PART-PIER-1,834,Pier/C3D8R,4.5,15.0,80.0,0.00010704878,-0.08973487,-0.0147620365,0.000127731,-0.0347873,-0.0119142,0.05502132358813132,60.502180917027935,59.5659047251458
PART-PIER-2,757,Pier/C3D8R,-9.0,-15.0,80.0,-0.00026989775,0.08964788,-0.014682399,-0.000169434,0.0347098,-0.0118623,0.055010505227831394,60.555809243737045,59.62113182397136
PART-PIER-2,835,Pier/C3D8R,9.0,-15.0,80.0,0.00026989775,0.08964788,-0.014682399,0.000169434,0.0347098,-0.0118623,0.055010505227831394,60.555809243737045,59.62113182397136
PART-PIER-1,757,Pier/C3D8R,-9.0,15.0,80.0,-0.00026989775,-0.08964788,-0.014682399,-0.000169434,-0.0347098,-0.0118623,0.055010505227831394,60.555809243737045,59.62113182397136
PART-PIER-1,835,Pier/C3D8R,9.0,15.0,80.0,0.00026989775,-0.08964788,-0.014682399,0.000169434,-0.0347098,-0.0118623,0.055010505227831394,60.555809243737045,59.62113182397136
PART-PIER-2,401,Pier/C3D8R,-4.5,-20.0,80.0,2.8464889e-05,0.08972537,-0.007273408,2.6029e-05,0.0347627,-0.00840359,0.054974288634011256,61.06917967842117,60.27087514515702
PART-PIER-2,561,Pier/C3D8R,4.5,-20.0,80.0,-2.8464889e-05,0.08972537,-0.007273408,-2.6029e-05,0.0347627,-0.00840359,0.054974288634011256,61.06917967842117,60.27087514515702
PART-PIER-1,323,Pier/C3D8R,-4.5,20.0,80.0,2.8464889e-05,-0.08972537,-0.007273408,2.6029e-05,-0.0347627,-0.00840359,0.054974288634011256,61.06917967842117,60.27087514515702
PART-PIER-1,639,Pier/C3D8R,4.5,20.0,80.0,-2.8464889e-05,-0.08972537,-0.007273408,-2.6029e-05,-0.0347627,-0.00840359,0.054974288634011256,61.06917967842117,60.27087514515702
PART-PIER-2,402,Pier/C3D8R,-9.0,-20.0,80.0,1.795506e-05,0.0896034,-0.00732059,-2.24629e-05,0.0346444,-0.00844268,0.054970468440605366,61.14491210821964,60.33646422507617
PART-PIER-2,562,Pier/C3D8R,9.0,-20.0,80.0,-1.795506e-05,0.0896034,-0.00732059,2.24629e-05,0.0346444,-0.00844268,0.054970468440605366,61.14491210821964,60.33646422507617
PART-PIER-1,324,Pier/C3D8R,-9.0,20.0,80.0,1.795506e-05,-0.0896034,-0.00732059,-2.24629e-05,-0.0346444,-0.00844268,0.054970468440605366,61.14491210821964,60.33646422507617
PART-PIER-1,640,Pier/C3D8R,9.0,20.0,80.0,-1.795506e-05,-0.0896034,-0.00732059,2.24629e-05,-0.0346444,-0.00844268,0.054970468440605366,61.14491210821964,60.33646422507617
PART-PIER-2,493,Pier/C3D8R,-13.5,-15.0,80.0,-0.00017338256,0.08947202,-0.014683436,-0.000174658,0.0345989,-0.011863,0.05494555632070025,60.600126905766004,59.65925783047312
PART-PIER-2,692,Pier/C3D8R,13.5,-15.0,80.0,0.00017338256,0.08947202,-0.014683436,0.000174658,0.0345989,-0.011863,0.05494555632070025,60.600126905766004,59.65925783047312
PART-PIER-1,493,Pier/C3D8R,-13.5,15.0,80.0,-0.00017338256,-0.08947202,-0.014683436,-0.000174658,-0.0345989,-0.011863,0.05494555632070025,60.600126905766004,59.65925783047312
PART-PIER-1,692,Pier/C3D8R,13.5,15.0,80.0,0.00017338256,-0.08947202,-0.014683436,0.000174658,-0.0345989,-0.011863,0.05494555632070025,60.600126905766004,59.65925783047312
PART-PIER-2,116,Pier/C3D8R,-13.5,-20.0,80.0,-6.642364e-05,0.089286596,-0.0072283163,-0.000126763,0.0345655,-0.00835482,0.05473272329115092,61.100131896382926,60.30183287314872
PART-PIER-2,216,Pier/C3D8R,13.5,-20.0,80.0,6.642364e-05,0.089286596,-0.0072283163,0.000126763,0.0345655,-0.00835482,0.05473272329115092,61.100131896382926,60.30183287314872
PART-PIER-1,50,Pier/C3D8R,-13.5,20.0,80.0,-6.642364e-05,-0.089286596,-0.0072283163,-0.000126763,-0.0345655,-0.00835482,0.05473272329115092,61.100131896382926,60.30183287314872
PART-PIER-1,243,Pier/C3D8R,13.5,20.0,80.0,6.642364e-05,-0.089286596,-0.0072283163,0.000126763,-0.0345655,-0.00835482,0.05473272329115092,61.100131896382926,60.30183287314872
PART-SUPPORTBEAM-2,86,SupportBeam/B31,-140.0,10.0,-24.0,-0.0017173795,0.0020625975,-0.22707757,0.00823219,0.000617165,-0.173861,0.0541579775371301,23.848324123248428,23.354507356327566
PART-SUPPORTBEAM-2,275,SupportBeam/B31,140.0,10.0,-24.0,0.0017173795,0.0020625975,-0.22707757,-0.00823219,0.000617165,-0.173861,0.0541579775371301,23.848324123248428,23.354507356327566
PART-SUPPORTBEAM-1,86,SupportBeam/B31,-140.0,-10.0,-24.0,-0.0017173795,-0.0020625975,-0.22707757,0.00823219,-0.000617165,-0.173861,0.0541579775371301,23.848324123248428,23.354507356327566
PART-SUPPORTBEAM-1,275,SupportBeam/B31,140.0,-10.0,-24.0,0.0017173795,-0.0020625975,-0.22707757,-0.00823219,-0.000617165,-0.173861,0.0541579775371301,23.848324123248428,23.354507356327566
PART-SUPPORTBEAM-2,132,SupportBeam/B31,-142.30769,10.0,-30.0,-0.010924843,0.0025170255,-0.22285417,0.00374833,0.00073992,-0.170852,0.05406187006157813,24.228216517794912,23.412302715014206
PART-SUPPORTBEAM-2,255,SupportBeam/B31,142.30769,10.0,-30.0,0.010924843,0.0025170255,-0.22285417,-0.00374833,0.00073992,-0.170852,0.05406187006157813,24.228216517794912,23.412302715014206
PART-SUPPORTBEAM-1,132,SupportBeam/B31,-142.30769,-10.0,-30.0,-0.010924843,-0.0025170255,-0.22285417,0.00374833,-0.00073992,-0.170852,0.05406187006157813,24.228216517794912,23.412302715014206
PART-SUPPORTBEAM-1,255,SupportBeam/B31,142.30769,-10.0,-30.0,0.010924843,-0.0025170255,-0.22285417,-0.00374833,-0.00073992,-0.170852,0.05406187006157813,24.228216517794912,23.412302715014206
PART-FLOOR-1,282,Floor/S4R,115.0,0.0,0.0,-0.007770455,6.796739e-15,-0.41639856,-0.00551677,-6.19024e-14,-0.363108,0.05333819345640443,12.807178950068835,12.803086610929004
PART-FLOOR-1,405,Floor/S4R,-115.0,0.0,0.0,0.007770455,4.276868e-15,-0.41639856,0.00551677,-4.86961e-14,-0.363108,0.05333819345640443,12.807178950068835,12.803086610929004
PART-FLOOR-1,53,Floor/S4R,115.0,10.0,0.0,-0.00774918,0.000104206214,-0.4128974,-0.00552383,0.0001928,-0.359748,0.05319604075343783,12.881329089297697,12.877364146274969
PART-FLOOR-1,61,Floor/S4R,115.0,-10.0,0.0,-0.00774918,-0.000104206214,-0.4128974,-0.00552383,-0.0001928,-0.359748,0.05319604075343783,12.881329089297697,12.877364146274969
PART-FLOOR-1,154,Floor/S4R,-115.0,10.0,0.0,0.00774918,0.000104206214,-0.4128974,0.00552383,0.0001928,-0.359748,0.05319604075343783,12.881329089297697,12.877364146274969
PART-FLOOR-1,170,Floor/S4R,-115.0,-10.0,0.0,0.00774918,-0.000104206214,-0.4128974,0.00552383,-0.0001928,-0.359748,0.05319604075343783,12.881329089297697,12.877364146274969
PART-FLOOR-1,48,Floor/S4R,140.0,10.0,0.0,-0.009963324,0.00045071528,-0.34209055,-0.00721273,0.000166366,-0.288988,0.05317449988827699,15.537381950014822,15.532520544184553
PART-FLOOR-1,66,Floor/S4R,140.0,-10.0,0.0,-0.009963324,-0.00045071528,-0.34209055,-0.00721273,-0.000166366,-0.288988,0.05317449988827699,15.537381950014822,15.532520544184553
PART-FLOOR-1,159,Floor/S4R,-140.0,10.0,0.0,0.009963324,0.00045071528,-0.34209055,0.00721273,0.000166366,-0.288988,0.05317449988827699,15.537381950014822,15.532520544184553
PART-FLOOR-1,165,Floor/S4R,-140.0,-10.0,0.0,0.009963324,-0.00045071528,-0.34209055,0.00721273,-0.000166366,-0.288988,0.05317449988827699,15.537381950014822,15.532520544184553
PART-SUPPORTBEAM-2,87,SupportBeam/B31,-143.33333,10.0,-26.0,-0.0051472806,0.0022076177,-0.22198312,0.00588308,0.000660718,-0.170499,0.05267519687502166,23.7218213175983,23.170972187040604
PART-SUPPORTBEAM-2,276,SupportBeam/B31,143.33333,10.0,-26.0,0.0051472806,0.0022076177,-0.22198312,-0.00588308,0.000660718,-0.170499,0.05267519687502166,23.7218213175983,23.170972187040604
PART-SUPPORTBEAM-1,87,SupportBeam/B31,-143.33333,-10.0,-26.0,-0.0051472806,-0.0022076177,-0.22198312,0.00588308,-0.000660718,-0.170499,0.05267519687502166,23.7218213175983,23.170972187040604
PART-SUPPORTBEAM-1,276,SupportBeam/B31,143.33333,-10.0,-26.0,0.0051472806,-0.0022076177,-0.22198312,-0.00588308,-0.000660718,-0.170499,0.05267519687502166,23.7218213175983,23.170972187040604
PART-FLOOR-1,267,Floor/S4R,140.0,0.0,0.0,-0.009984652,5.9018414e-15,-0.35923696,-0.00719489,-4.90423e-14,-0.306772,0.05253907878730121,14.6195416719174,14.614046081246915
PART-FLOOR-1,420,Floor/S4R,-140.0,0.0,0.0,0.009984652,3.5070772e-15,-0.35923696,0.00719489,-3.5958e-14,-0.306772,0.05253907878730121,14.6195416719174,14.614046081246915
PART-SUPPORTBEAM-2,133,SupportBeam/B31,-146.15384,10.0,-30.0,-0.011033948,0.0025015364,-0.21772945,0.00298315,0.000747934,-0.167778,0.051910514491973474,23.809627902776786,23.03287928655691
PART-SUPPORTBEAM-2,256,SupportBeam/B31,146.15384,10.0,-30.0,0.011033948,0.0025015364,-0.21772945,-0.00298315,0.000747934,-0.167778,0.051910514491973474,23.809627902776786,23.03287928655691
PART-SUPPORTBEAM-1,133,SupportBeam/B31,-146.15384,-10.0,-30.0,-0.011033948,-0.0025015364,-0.21772945,0.00298315,-0.000747934,-0.167778,0.051910514491973474,23.809627902776786,23.03287928655691
PART-SUPPORTBEAM-1,256,SupportBeam/B31,146.15384,-10.0,-30.0,0.011033948,-0.0025015364,-0.21772945,-0.00298315,-0.000747934,-0.167778,0.051910514491973474,23.809627902776786,23.03287928655691
PART-PIER-2,78,Pier/C3D8R,0.0,-10.0,75.0,8.1293934e-16,0.082768954,-0.021548375,-3.38729e-14,0.0315591,-0.0149688,0.051630804311786016,60.367163393382185,59.16061177372555
PART-PIER-1,166,Pier/C3D8R,0.0,10.0,75.0,-1.3562766e-14,-0.082768954,-0.021548375,-2.05892e-14,-0.0315591,-0.0149688,0.051630804311786016,60.367163393382185,59.16061177372555
PART-PIER-2,321,Pier/C3D8R,-4.58333,-10.0,75.0,-0.00029566235,0.082683966,-0.02131237,-0.000203752,0.0315481,-0.01482,0.051546446117063126,60.36801331263387,59.17854078801004
PART-PIER-2,637,Pier/C3D8R,4.58333,-10.0,75.0,0.00029566235,0.082683966,-0.02131237,0.000203752,0.0315481,-0.01482,0.051546446117063126,60.36801331263387,59.17854078801004
PART-PIER-1,399,Pier/C3D8R,-4.58333,10.0,75.0,-0.00029566235,-0.082683966,-0.02131237,-0.000203752,-0.0315481,-0.01482,0.051546446117063126,60.36801331263387,59.17854078801004
PART-PIER-1,559,Pier/C3D8R,4.58333,10.0,75.0,0.00029566235,-0.082683966,-0.02131237,0.000203752,-0.0315481,-0.01482,0.051546446117063126,60.36801331263387,59.17854078801004
PART-PIER-2,322,Pier/C3D8R,-9.16667,-10.0,75.0,-0.0002846379,0.08255135,-0.02148551,-0.000228178,0.0314293,-0.0149248,0.05154134359547593,60.422188580119254,59.211144380407646
PART-PIER-2,638,Pier/C3D8R,9.16667,-10.0,75.0,0.0002846379,0.08255135,-0.02148551,0.000228178,0.0314293,-0.0149248,0.05154134359547593,60.422188580119254,59.211144380407646
PART-PIER-1,400,Pier/C3D8R,-9.16667,10.0,75.0,-0.0002846379,-0.08255135,-0.02148551,-0.000228178,-0.0314293,-0.0149248,0.05154134359547593,60.422188580119254,59.211144380407646
PART-PIER-1,560,Pier/C3D8R,9.16667,10.0,75.0,0.0002846379,-0.08255135,-0.02148551,0.000228178,-0.0314293,-0.0149248,0.05154134359547593,60.422188580119254,59.211144380407646
PART-PIER-2,49,Pier/C3D8R,-13.75,-10.0,75.0,-0.0007237063,0.082408376,-0.021266017,-0.000423598,0.0313604,-0.014773,0.05146013202908242,60.46226928225265,59.26695010749693
PART-PIER-2,244,Pier/C3D8R,13.75,-10.0,75.0,0.0007237063,0.082408376,-0.021266017,0.000423598,0.0313604,-0.014773,0.05146013202908242,60.46226928225265,59.26695010749693
PART-PIER-1,117,Pier/C3D8R,-13.75,10.0,75.0,-0.0007237063,-0.082408376,-0.021266017,-0.000423598,-0.0313604,-0.014773,0.05146013202908242,60.46226928225265,59.26695010749693
PART-PIER-1,215,Pier/C3D8R,13.75,10.0,75.0,0.0007237063,-0.082408376,-0.021266017,0.000423598,-0.0313604,-0.014773,0.05146013202908242,60.46226928225265,59.26695010749693
PART-PIER-2,754,Pier/C3D8R,-4.58333,-15.0,75.0,-0.000102159094,0.08254629,-0.0143323,-4.02955e-05,0.0314117,-0.0116051,0.05120730164158586,61.12016491729283,60.03056262207145
PART-PIER-2,832,Pier/C3D8R,4.58333,-15.0,75.0,0.000102159094,0.08254629,-0.0143323,4.02955e-05,0.0314117,-0.0116051,0.05120730164158586,61.12016491729283,60.03056262207145
PART-PIER-1,754,Pier/C3D8R,-4.58333,15.0,75.0,-0.000102159094,-0.08254629,-0.0143323,-4.02955e-05,-0.0314117,-0.0116051,0.05120730164158586,61.12016491729283,60.03056262207145
PART-PIER-1,832,Pier/C3D8R,4.58333,15.0,75.0,0.000102159094,-0.08254629,-0.0143323,4.02955e-05,-0.0314117,-0.0116051,0.05120730164158586,61.12016491729283,60.03056262207145
PART-PIER-2,453,Pier/C3D8R,0.0,-15.0,75.0,-6.7224574e-16,0.08252314,-0.014419683,-5.05793e-14,0.0314143,-0.011644,0.051184157141268706,61.0982823596252,60.00780859010651
PART-PIER-1,453,Pier/C3D8R,0.0,15.0,75.0,-1.29063655e-14,-0.08252314,-0.014419683,-3.97326e-14,-0.0314143,-0.011644,0.051184157141268706,61.0982823596252,60.00780859010651
PART-SUPPORTBEAM-2,88,SupportBeam/B31,-146.66667,10.0,-28.0,-0.008411042,0.002348258,-0.2171597,0.00375247,0.000706107,-0.167495,0.051158871275380435,23.539154254979977,22.91239242553026
PART-SUPPORTBEAM-2,277,SupportBeam/B31,146.66667,10.0,-28.0,0.008411042,0.002348258,-0.2171597,-0.00375247,0.000706107,-0.167495,0.051158871275380435,23.539154254979977,22.91239242553026
PART-SUPPORTBEAM-1,88,SupportBeam/B31,-146.66667,-10.0,-28.0,-0.008411042,-0.002348258,-0.2171597,0.00375247,-0.000706107,-0.167495,0.051158871275380435,23.539154254979977,22.91239242553026
PART-SUPPORTBEAM-1,277,SupportBeam/B31,146.66667,-10.0,-28.0,0.008411042,-0.002348258,-0.2171597,-0.00375247,-0.000706107,-0.167495,0.051158871275380435,23.539154254979977,22.91239242553026
PART-PIER-2,399,Pier/C3D8R,-4.58333,-20.0,75.0,-3.319722e-05,0.08244653,-0.007296426,-6.71167e-05,0.0313302,-0.00835057,0.051127209612619774,61.77113635520072,60.82576348414731
PART-PIER-2,559,Pier/C3D8R,4.58333,-20.0,75.0,3.319722e-05,0.08244653,-0.007296426,6.71167e-05,0.0313302,-0.00835057,0.051127209612619774,61.77113635520072,60.82576348414731
PART-PIER-1,321,Pier/C3D8R,-4.58333,20.0,75.0,-3.319722e-05,-0.08244653,-0.007296426,-6.71167e-05,-0.0313302,-0.00835057,0.051127209612619774,61.77113635520072,60.82576348414731
PART-PIER-1,637,Pier/C3D8R,4.58333,20.0,75.0,3.319722e-05,-0.08244653,-0.007296426,6.71167e-05,-0.0313302,-0.00835057,0.051127209612619774,61.77113635520072,60.82576348414731
PART-PIER-2,755,Pier/C3D8R,-9.16667,-15.0,75.0,-0.00015605753,0.08237572,-0.014369661,-0.000148162,0.0313482,-0.0116121,0.05110197650148686,61.11229303968514,60.02129452216851
PART-PIER-2,833,Pier/C3D8R,9.16667,-15.0,75.0,0.00015605753,0.08237572,-0.014369661,0.000148162,0.0313482,-0.0116121,0.05110197650148686,61.11229303968514,60.02129452216851
PART-PIER-1,755,Pier/C3D8R,-9.16667,15.0,75.0,-0.00015605753,-0.08237572,-0.014369661,-0.000148162,-0.0313482,-0.0116121,0.05110197650148686,61.11229303968514,60.02129452216851
PART-PIER-1,833,Pier/C3D8R,9.16667,15.0,75.0,0.00015605753,-0.08237572,-0.014369661,0.000148162,-0.0313482,-0.0116121,0.05110197650148686,61.11229303968514,60.02129452216851
PART-PIER-2,166,Pier/C3D8R,0.0,-20.0,75.0,-1.9608256e-15,0.08248749,-0.0072516883,-6.74167e-14,0.031412,-0.00830516,0.05108635318128316,61.69429643173287,60.76187916568669
PART-PIER-1,78,Pier/C3D8R,0.0,20.0,75.0,-1.2683952e-14,-0.08248749,-0.0072516883,-5.80541e-14,-0.031412,-0.00830516,0.05108635318128316,61.69429643173287,60.76187916568669
PART-PIER-2,117,Pier/C3D8R,-13.75,-20.0,75.0,1.3970481e-06,0.082178175,-0.0072480002,-4.76106e-05,0.0311449,-0.00830786,0.05104430293157948,61.873991637516156,60.927212178025854
PART-PIER-2,215,Pier/C3D8R,13.75,-20.0,75.0,-1.3970481e-06,0.082178175,-0.0072480002,4.76106e-05,0.0311449,-0.00830786,0.05104430293157948,61.873991637516156,60.927212178025854
PART-PIER-1,49,Pier/C3D8R,-13.75,20.0,75.0,1.3970481e-06,-0.082178175,-0.0072480002,-4.76106e-05,-0.0311449,-0.00830786,0.05104430293157948,61.873991637516156,60.927212178025854
PART-PIER-1,244,Pier/C3D8R,13.75,20.0,75.0,-1.3970481e-06,-0.082178175,-0.0072480002,4.76106e-05,-0.0311449,-0.00830786,0.05104430293157948,61.873991637516156,60.927212178025854
PART-PIER-2,400,Pier/C3D8R,-9.16667,-20.0,75.0,-3.480348e-05,0.08230128,-0.007224393,-7.23121e-05,0.0312867,-0.00827759,0.05102546426436298,61.76089279003894,60.82770532053706
PART-PIER-2,560,Pier/C3D8R,9.16667,-20.0,75.0,3.480348e-05,0.08230128,-0.007224393,7.23121e-05,0.0312867,-0.00827759,0.05102546426436298,61.76089279003894,60.82770532053706
PART-PIER-1,322,Pier/C3D8R,-9.16667,20.0,75.0,-3.480348e-05,-0.08230128,-0.007224393,-7.23121e-05,-0.0312867,-0.00827759,0.05102546426436298,61.76089279003894,60.82770532053706
PART-PIER-1,638,Pier/C3D8R,9.16667,20.0,75.0,3.480348e-05,-0.08230128,-0.007224393,7.23121e-05,-0.0312867,-0.00827759,0.05102546426436298,61.76089279003894,60.82770532053706
PART-PIER-2,492,Pier/C3D8R,-13.75,-15.0,75.0,-0.0004063132,0.08212492,-0.01425031,-0.000280582,0.0312137,-0.0115363,0.05098366385915349,61.16588970701638,60.07524295966341
PART-PIER-2,691,Pier/C3D8R,13.75,-15.0,75.0,0.0004063132,0.08212492,-0.01425031,0.000280582,0.0312137,-0.0115363,0.05098366385915349,61.16588970701638,60.07524295966341
PART-PIER-1,492,Pier/C3D8R,-13.75,15.0,75.0,-0.0004063132,-0.08212492,-0.01425031,-0.000280582,-0.0312137,-0.0115363,0.05098366385915349,61.16588970701638,60.07524295966341
PART-PIER-1,691,Pier/C3D8R,13.75,15.0,75.0,0.0004063132,-0.08212492,-0.01425031,0.000280582,-0.0312137,-0.0115363,0.05098366385915349,61.16588970701638,60.07524295966341
PART-FLOOR-1,278,Floor/S4R,120.0,-5.0,0.0,-0.007980545,-1.75161e-05,-0.45573455,-0.00585551,-0.000101116,-0.404965,0.0508140725576784,11.148218469661714,11.144489664685647
PART-FLOOR-1,280,Floor/S4R,120.0,5.0,0.0,-0.007980545,1.75161e-05,-0.45573455,-0.00585551,0.000101116,-0.404965,0.0508140725576784,11.148218469661714,11.144489664685647
PART-FLOOR-1,407,Floor/S4R,-120.0,-5.0,0.0,0.007980545,-1.75161e-05,-0.45573455,0.00585551,-0.000101116,-0.404965,0.0508140725576784,11.148218469661714,11.144489664685647
PART-FLOOR-1,409,Floor/S4R,-120.0,5.0,0.0,0.007980545,1.75161e-05,-0.45573455,0.00585551,0.000101116,-0.404965,0.0508140725576784,11.148218469661714,11.144489664685647
PART-FLOOR-1,263,Floor/S4R,145.0,-5.0,0.0,-0.010484483,-0.000112669135,-0.29635718,-0.0075327,-3.62081e-05,-0.246276,0.05016815184318994,16.917687841994365,16.912048173756165
PART-FLOOR-1,265,Floor/S4R,145.0,5.0,0.0,-0.010484483,0.000112669135,-0.29635718,-0.0075327,3.62081e-05,-0.246276,0.05016815184318994,16.917687841994365,16.912048173756165
PART-FLOOR-1,422,Floor/S4R,-145.0,-5.0,0.0,0.010484483,-0.000112669135,-0.29635718,0.0075327,-3.62081e-05,-0.246276,0.05016815184318994,16.917687841994365,16.912048173756165
PART-FLOOR-1,424,Floor/S4R,-145.0,5.0,0.0,0.010484483,0.000112669135,-0.29635718,0.0075327,3.62081e-05,-0.246276,0.05016815184318994,16.917687841994365,16.912048173756165
PART-SUPPORTBEAM-2,4,SupportBeam/B31,-150.0,10.0,-30.0,-0.011143054,0.0024841048,-0.2132167,0.00221797,0.000753539,-0.16548,0.04960145509162718,23.230123882524357,22.492071618056944
PART-SUPPORTBEAM-2,15,SupportBeam/B31,150.0,10.0,-30.0,0.011143054,0.0024841048,-0.2132167,-0.00221797,0.000753539,-0.16548,0.04960145509162718,23.230123882524357,22.492071618056944
PART-SUPPORTBEAM-1,4,SupportBeam/B31,-150.0,-10.0,-30.0,-0.011143054,-0.0024841048,-0.2132167,0.00221797,-0.000753539,-0.16548,0.04960145509162718,23.230123882524357,22.492071618056944
PART-SUPPORTBEAM-1,15,SupportBeam/B31,150.0,-10.0,-30.0,0.011143054,-0.0024841048,-0.2132167,-0.00221797,-0.000753539,-0.16548,0.04960145509162718,23.230123882524357,22.492071618056944
PART-SUPPORTBEAM-2,61,SupportBeam/B31,-150.0,10.0,-26.25,-0.007683589,0.0022082496,-0.21362199,0.00357128,0.000671333,-0.165933,0.04902319814192682,22.93251928752881,22.35973523532011
PART-SUPPORTBEAM-2,323,SupportBeam/B31,150.0,10.0,-26.25,0.007683589,0.0022082496,-0.21362199,-0.00357128,0.000671333,-0.165933,0.04902319814192682,22.93251928752881,22.35973523532011
PART-SUPPORTBEAM-1,61,SupportBeam/B31,-150.0,-10.0,-26.25,-0.007683589,-0.0022082496,-0.21362199,0.00357128,-0.000671333,-0.165933,0.04902319814192682,22.93251928752881,22.35973523532011
PART-SUPPORTBEAM-1,323,SupportBeam/B31,150.0,-10.0,-26.25,0.007683589,-0.0022082496,-0.21362199,-0.00357128,-0.000671333,-0.165933,0.04902319814192682,22.93251928752881,22.35973523532011
PART-SUPPORTBEAM-2,62,SupportBeam/B31,-150.0,10.0,-22.5,-0.0044836677,0.0019390685,-0.21402182,0.00468063,0.00059225,-0.16638,0.04853391891572911,22.67118439900907,22.24926472297136
PART-SUPPORTBEAM-2,324,SupportBeam/B31,150.0,10.0,-22.5,0.0044836677,0.0019390685,-0.21402182,-0.00468063,0.00059225,-0.16638,0.04853391891572911,22.67118439900907,22.24926472297136
PART-SUPPORTBEAM-1,62,SupportBeam/B31,-150.0,-10.0,-22.5,-0.0044836677,-0.0019390685,-0.21402182,0.00468063,-0.00059225,-0.16638,0.04853391891572911,22.67118439900907,22.24926472297136
PART-SUPPORTBEAM-1,324,SupportBeam/B31,150.0,-10.0,-22.5,0.0044836677,-0.0019390685,-0.21402182,-0.00468063,-0.00059225,-0.16638,0.04853391891572911,22.67118439900907,22.24926472297136
PART-FLOOR-1,276,Floor/S4R,125.0,0.0,0.0,-0.008157784,6.4586758e-15,-0.46901724,-0.00619518,-5.68068e-14,-0.420781,0.04827615005153595,10.29148720504247,10.288380476205154
PART-FLOOR-1,411,Floor/S4R,-125.0,0.0,0.0,0.008157784,4.0004e-15,-0.46901724,0.00619518,-4.35111e-14,-0.420781,0.04827615005153595,10.29148720504247,10.288380476205154
PART-SUPPORTBEAM-2,63,SupportBeam/B31,-150.0,10.0,-18.75,-0.0015062111,0.0016756079,-0.2144162,0.00558087,0.000515843,-0.166823,0.04813194842701934,22.44666744411517,22.157044435696456
PART-SUPPORTBEAM-2,325,SupportBeam/B31,150.0,10.0,-18.75,0.0015062111,0.0016756079,-0.2144162,-0.00558087,0.000515843,-0.166823,0.04813194842701934,22.44666744411517,22.157044435696456
PART-SUPPORTBEAM-1,63,SupportBeam/B31,-150.0,-10.0,-18.75,-0.0015062111,-0.0016756079,-0.2144162,0.00558087,-0.000515843,-0.166823,0.04813194842701934,22.44666744411517,22.157044435696456
PART-SUPPORTBEAM-1,325,SupportBeam/B31,150.0,-10.0,-18.75,0.0015062111,-0.0016756079,-0.2144162,-0.00558087,-0.000515843,-0.166823,0.04813194842701934,22.44666744411517,22.157044435696456
PART-PIER-2,319,Pier/C3D8R,-4.66667,-10.0,70.0,-0.00013845762,0.07579528,-0.020820541,-8.81344e-05,0.0283374,-0.0144694,0.0478809972590667,60.91494000578995,59.520763361431484
PART-PIER-2,635,Pier/C3D8R,4.66667,-10.0,70.0,0.00013845762,0.07579528,-0.020820541,8.81344e-05,0.0283374,-0.0144694,0.0478809972590667,60.91494000578995,59.520763361431484
PART-PIER-1,397,Pier/C3D8R,-4.66667,10.0,70.0,-0.00013845762,-0.07579528,-0.020820541,-8.81344e-05,-0.0283374,-0.0144694,0.0478809972590667,60.91494000578995,59.520763361431484
PART-PIER-1,557,Pier/C3D8R,4.66667,10.0,70.0,0.00013845762,-0.07579528,-0.020820541,8.81344e-05,-0.0283374,-0.0144694,0.0478809972590667,60.91494000578995,59.520763361431484
PART-FLOOR-1,36,Floor/S4R,150.0,0.0,0.0,-0.01072383,5.5199583e-15,-0.27996537,-0.00774757,-4.37386e-14,-0.232181,0.04787696878337745,17.08850086994222,17.082605305159472
PART-FLOOR-1,162,Floor/S4R,-150.0,0.0,0.0,0.01072383,3.1073982e-15,-0.27996537,0.00774757,-3.10369e-14,-0.232181,0.04787696878337745,17.08850086994222,17.082605305159472
PART-PIER-2,79,Pier/C3D8R,0.0,-10.0,70.0,9.309464e-16,0.07580782,-0.020607106,-3.10678e-14,0.0283596,-0.01435,0.04785901123783937,60.9212934605801,59.541777372680514
PART-PIER-1,165,Pier/C3D8R,0.0,10.0,70.0,-1.2611977e-14,-0.07580782,-0.020607106,-1.89416e-14,-0.0283596,-0.01435,0.04785901123783937,60.9212934605801,59.541777372680514
PART-SUPPORTBEAM-2,64,SupportBeam/B31,-150.0,10.0,-15.0,0.001285858,0.0014169143,-0.21480516,0.00630686,0.000441666,-0.16726,0.0478194919437279,22.260915398114854,22.081570731685492
PART-SUPPORTBEAM-2,326,SupportBeam/B31,150.0,10.0,-15.0,-0.001285858,0.0014169143,-0.21480516,-0.00630686,0.000441666,-0.16726,0.0478194919437279,22.260915398114854,22.081570731685492
PART-SUPPORTBEAM-1,64,SupportBeam/B31,-150.0,-10.0,-15.0,0.001285858,-0.0014169143,-0.21480516,0.00630686,-0.000441666,-0.16726,0.0478194919437279,22.260915398114854,22.081570731685492
PART-SUPPORTBEAM-1,326,SupportBeam/B31,150.0,-10.0,-15.0,-0.001285858,-0.0014169143,-0.21480516,-0.00630686,-0.000441666,-0.16726,0.0478194919437279,22.260915398114854,22.081570731685492
PART-FLOOR-1,51,Floor/S4R,125.0,10.0,0.0,-0.008138044,-2.2662793e-05,-0.47747365,-0.00619493,0.000204167,-0.429707,0.04780669405004377,10.010971634680528,10.007747320031612
PART-FLOOR-1,63,Floor/S4R,125.0,-10.0,0.0,-0.008138044,2.2662793e-05,-0.47747365,-0.00619493,-0.000204167,-0.429707,0.04780669405004377,10.010971634680528,10.007747320031612
PART-FLOOR-1,156,Floor/S4R,-125.0,10.0,0.0,0.008138044,-2.2662793e-05,-0.47747365,0.00619493,0.000204167,-0.429707,0.04780669405004377,10.010971634680528,10.007747320031612
PART-FLOOR-1,168,Floor/S4R,-125.0,-10.0,0.0,0.008138044,2.2662793e-05,-0.47747365,0.00619493,-0.000204167,-0.429707,0.04780669405004377,10.010971634680528,10.007747320031612
PART-PIER-2,320,Pier/C3D8R,-9.33333,-10.0,70.0,-0.0004937288,0.07565979,-0.020569578,-0.000299411,0.0282933,-0.0143228,0.04777702763576635,60.934162573736195,59.553099718508996
PART-PIER-2,636,Pier/C3D8R,9.33333,-10.0,70.0,0.0004937288,0.07565979,-0.020569578,0.000299411,0.0282933,-0.0143228,0.04777702763576635,60.934162573736195,59.553099718508996
PART-PIER-1,398,Pier/C3D8R,-9.33333,10.0,70.0,-0.0004937288,-0.07565979,-0.020569578,-0.000299411,-0.0282933,-0.0143228,0.04777702763576635,60.934162573736195,59.553099718508996
PART-PIER-1,558,Pier/C3D8R,9.33333,10.0,70.0,0.0004937288,-0.07565979,-0.020569578,0.000299411,-0.0282933,-0.0143228,0.04777702763576635,60.934162573736195,59.553099718508996
PART-PIER-2,48,Pier/C3D8R,-14.0,-10.0,70.0,-0.00053756573,0.075369336,-0.020667912,-0.000408956,0.0281315,-0.0143698,0.047656016463717255,60.97736260414963,59.57734776057949
PART-PIER-2,245,Pier/C3D8R,14.0,-10.0,70.0,0.00053756573,0.075369336,-0.020667912,0.000408956,0.0281315,-0.0143698,0.047656016463717255,60.97736260414963,59.57734776057949
PART-PIER-1,118,Pier/C3D8R,-14.0,10.0,70.0,-0.00053756573,-0.075369336,-0.020667912,-0.000408956,-0.0281315,-0.0143698,0.047656016463717255,60.97736260414963,59.57734776057949
PART-PIER-1,214,Pier/C3D8R,14.0,10.0,70.0,0.00053756573,-0.075369336,-0.020667912,0.000408956,-0.0281315,-0.0143698,0.047656016463717255,60.97736260414963,59.57734776057949
PART-SUPPORTBEAM-2,65,SupportBeam/B31,-150.0,10.0,-11.25,0.003929617,0.0011620345,-0.21518865,0.00689344,0.000369275,-0.167691,0.04759663296833789,22.114551683776025,22.020696065719612
PART-SUPPORTBEAM-2,327,SupportBeam/B31,150.0,10.0,-11.25,-0.003929617,0.0011620345,-0.21518865,-0.00689344,0.000369275,-0.167691,0.04759663296833789,22.114551683776025,22.020696065719612
PART-SUPPORTBEAM-1,65,SupportBeam/B31,-150.0,-10.0,-11.25,0.003929617,-0.0011620345,-0.21518865,0.00689344,-0.000369275,-0.167691,0.04759663296833789,22.114551683776025,22.020696065719612
PART-SUPPORTBEAM-1,327,SupportBeam/B31,150.0,-10.0,-11.25,-0.003929617,-0.0011620345,-0.21518865,-0.00689344,-0.000369275,-0.167691,0.04759663296833789,22.114551683776025,22.020696065719612
PART-SUPPORTBEAM-2,47,SupportBeam/B31,-153.33333,10.0,-28.0,-0.010360085,0.0023164416,-0.21043074,0.00177135,0.000709543,-0.164469,0.047562962293127904,22.573960773104183,21.935757442376634
PART-SUPPORTBEAM-2,290,SupportBeam/B31,153.33333,10.0,-28.0,0.010360085,0.0023164416,-0.21043074,-0.00177135,0.000709543,-0.164469,0.047562962293127904,22.573960773104183,21.935757442376634
PART-SUPPORTBEAM-1,47,SupportBeam/B31,-153.33333,-10.0,-28.0,-0.010360085,-0.0023164416,-0.21043074,0.00177135,-0.000709543,-0.164469,0.047562962293127904,22.573960773104183,21.935757442376634
PART-SUPPORTBEAM-1,290,SupportBeam/B31,153.33333,-10.0,-28.0,0.010360085,-0.0023164416,-0.21043074,-0.00177135,-0.000709543,-0.164469,0.047562962293127904,22.573960773104183,21.935757442376634
PART-PIER-2,452,Pier/C3D8R,0.0,-15.0,70.0,-6.045188e-16,0.07569498,-0.01390844,-4.69193e-14,0.0282708,-0.0112962,0.04749606980045823,61.71353205304047,60.4427907749605
PART-PIER-1,452,Pier/C3D8R,0.0,15.0,70.0,-1.2155732e-14,-0.07569498,-0.01390844,-3.6583e-14,-0.0282708,-0.0112962,0.04749606980045823,61.71353205304047,60.4427907749605
PART-SUPPORTBEAM-2,66,SupportBeam/B31,-150.0,10.0,-7.5,0.0064621437,0.0009100149,-0.21556671,0.00737547,0.000298221,-0.168117,0.04746244237068347,22.007437218589583,21.97222243188159
PART-SUPPORTBEAM-2,328,SupportBeam/B31,150.0,10.0,-7.5,-0.0064621437,0.0009100149,-0.21556671,-0.00737547,0.000298221,-0.168117,0.04746244237068347,22.007437218589583,21.97222243188159
PART-SUPPORTBEAM-1,66,SupportBeam/B31,-150.0,-10.0,-7.5,0.0064621437,-0.0009100149,-0.21556671,0.00737547,-0.000298221,-0.168117,0.04746244237068347,22.007437218589583,21.97222243188159
PART-SUPPORTBEAM-1,328,SupportBeam/B31,150.0,-10.0,-7.5,-0.0064621437,-0.0009100149,-0.21556671,-0.00737547,-0.000298221,-0.168117,0.04746244237068347,22.007437218589583,21.97222243188159
PART-CABLE150-2,1,Cable/T3D2,-150.0,10.0,0.0,0.011341809,0.0004107428,-0.21630648,0.00816527,0.000158344,-0.168953,0.04746057493628962,21.911216780441173,21.908064124812373
PART-CABLE150-4,1,Cable/T3D2,150.0,10.0,0.0,-0.011341809,0.0004107428,-0.21630648,-0.00816527,0.000158344,-0.168953,0.04746057493628962,21.911216780441173,21.908064124812373
PART-SUPPORTBEAM-2,5,SupportBeam/B31,-150.0,10.0,0.0,0.011341809,0.0004107428,-0.21630648,0.00816527,0.000158344,-0.168953,0.04746057493628962,21.911216780441173,21.908064124812373
PART-SUPPORTBEAM-2,20,SupportBeam/B31,150.0,10.0,0.0,-0.011341809,0.0004107428,-0.21630648,-0.00816527,0.000158344,-0.168953,0.04746057493628962,21.911216780441173,21.908064124812373
PART-CABLE150-1,1,Cable/T3D2,-150.0,-10.0,0.0,0.011341809,-0.0004107428,-0.21630648,0.00816527,-0.000158344,-0.168953,0.04746057493628962,21.911216780441173,21.908064124812373
PART-CABLE150-3,1,Cable/T3D2,150.0,-10.0,0.0,-0.011341809,-0.0004107428,-0.21630648,-0.00816527,-0.000158344,-0.168953,0.04746057493628962,21.911216780441173,21.908064124812373
PART-FLOOR-1,3,Floor/S4R,150.0,10.0,0.0,-0.011341809,0.0004107428,-0.21630648,-0.00816527,0.000158344,-0.168953,0.04746057493628962,21.911216780441173,21.908064124812373
PART-FLOOR-1,4,Floor/S4R,150.0,-10.0,0.0,-0.011341809,-0.0004107428,-0.21630648,-0.00816527,-0.000158344,-0.168953,0.04746057493628962,21.911216780441173,21.908064124812373
PART-FLOOR-1,15,Floor/S4R,-150.0,10.0,0.0,0.011341809,0.0004107428,-0.21630648,0.00816527,0.000158344,-0.168953,0.04746057493628962,21.911216780441173,21.908064124812373
PART-FLOOR-1,16,Floor/S4R,-150.0,-10.0,0.0,0.011341809,-0.0004107428,-0.21630648,0.00816527,-0.000158344,-0.168953,0.04746057493628962,21.911216780441173,21.908064124812373
PART-SUPPORTBEAM-1,5,SupportBeam/B31,-150.0,-10.0,0.0,0.011341809,-0.0004107428,-0.21630648,0.00816527,-0.000158344,-0.168953,0.04746057493628962,21.911216780441173,21.908064124812373
PART-SUPPORTBEAM-1,20,SupportBeam/B31,150.0,-10.0,0.0,-0.011341809,-0.0004107428,-0.21630648,-0.00816527,-0.000158344,-0.168953,0.04746057493628962,21.911216780441173,21.908064124812373
PART-PIER-2,165,Pier/C3D8R,0.0,-20.0,70.0,-1.788196e-15,0.07558983,-0.007274393,-6.28084e-14,0.0281455,-0.00824973,0.04745435418812976,62.49005576170984,61.37740643237334
PART-PIER-1,79,Pier/C3D8R,0.0,20.0,70.0,-1.1719589e-14,-0.07558983,-0.007274393,-5.47176e-14,-0.0281455,-0.00824973,0.04745435418812976,62.49005576170984,61.37740643237334
PART-PIER-2,752,Pier/C3D8R,-4.66667,-15.0,70.0,-0.00011197833,0.07559053,-0.013992628,-0.000117787,0.0282256,-0.0113195,0.04744030186402623,61.71112478728533,60.44085981162919
PART-PIER-2,830,Pier/C3D8R,4.66667,-15.0,70.0,0.00011197833,0.07559053,-0.013992628,0.000117787,0.0282256,-0.0113195,0.04744030186402623,61.71112478728533,60.44085981162919
PART-PIER-1,752,Pier/C3D8R,-4.66667,15.0,70.0,-0.00011197833,-0.07559053,-0.013992628,-0.000117787,-0.0282256,-0.0113195,0.04744030186402623,61.71112478728533,60.44085981162919
PART-PIER-1,830,Pier/C3D8R,4.66667,15.0,70.0,0.00011197833,-0.07559053,-0.013992628,0.000117787,-0.0282256,-0.0113195,0.04744030186402623,61.71112478728533,60.44085981162919
PART-PIER-2,753,Pier/C3D8R,-9.33333,-15.0,70.0,-0.00026217254,0.07549572,-0.013885234,-0.000182454,0.0281401,-0.0112658,0.047428077497515916,61.78552621897432,60.51195027024288
PART-PIER-2,831,Pier/C3D8R,9.33333,-15.0,70.0,0.00026217254,0.07549572,-0.013885234,0.000182454,0.0281401,-0.0112658,0.047428077497515916,61.78552621897432,60.51195027024288
PART-PIER-1,753,Pier/C3D8R,-9.33333,15.0,70.0,-0.00026217254,-0.07549572,-0.013885234,-0.000182454,-0.0281401,-0.0112658,0.047428077497515916,61.78552621897432,60.51195027024288
PART-PIER-1,831,Pier/C3D8R,9.33333,15.0,70.0,0.00026217254,-0.07549572,-0.013885234,0.000182454,-0.0281401,-0.0112658,0.047428077497515916,61.78552621897432,60.51195027024288
PART-SUPPORTBEAM-2,67,SupportBeam/B31,-150.0,10.0,-3.75,0.008920515,0.0006599021,-0.21593931,0.0077878,0.00022806,-0.168538,0.04741680841839377,21.93958105584426,21.934814164362326
PART-SUPPORTBEAM-2,329,SupportBeam/B31,150.0,10.0,-3.75,-0.008920515,0.0006599021,-0.21593931,-0.0077878,0.00022806,-0.168538,0.04741680841839377,21.93958105584426,21.934814164362326
PART-SUPPORTBEAM-1,67,SupportBeam/B31,-150.0,-10.0,-3.75,0.008920515,-0.0006599021,-0.21593931,0.0077878,-0.00022806,-0.168538,0.04741680841839377,21.93958105584426,21.934814164362326
PART-SUPPORTBEAM-1,329,SupportBeam/B31,150.0,-10.0,-3.75,-0.008920515,-0.0006599021,-0.21593931,-0.0077878,-0.00022806,-0.168538,0.04741680841839377,21.93958105584426,21.934814164362326
PART-SUPPORTBEAM-2,110,SupportBeam/B31,-153.84616,10.0,-30.0,-0.010871281,0.0024644046,-0.21023954,0.00198294,0.000759025,-0.164635,0.04741216495487774,22.519865669050134,21.79504133996271
PART-SUPPORTBEAM-2,278,SupportBeam/B31,153.84616,10.0,-30.0,0.010871281,0.0024644046,-0.21023954,-0.00198294,0.000759025,-0.164635,0.04741216495487774,22.519865669050134,21.79504133996271
PART-SUPPORTBEAM-1,110,SupportBeam/B31,-153.84616,-10.0,-30.0,-0.010871281,-0.0024644046,-0.21023954,0.00198294,-0.000759025,-0.164635,0.04741216495487774,22.519865669050134,21.79504133996271
PART-SUPPORTBEAM-1,278,SupportBeam/B31,153.84616,-10.0,-30.0,0.010871281,-0.0024644046,-0.21023954,-0.00198294,-0.000759025,-0.164635,0.04741216495487774,22.519865669050134,21.79504133996271
PART-PIER-2,397,Pier/C3D8R,-4.66667,-20.0,70.0,9.1217566e-07,0.07554481,-0.0072232727,-2.16406e-06,0.0281708,-0.00819562,0.04738398771964158,62.43825448813565,61.34009959085858
PART-PIER-2,557,Pier/C3D8R,4.66667,-20.0,70.0,-9.1217566e-07,0.07554481,-0.0072232727,2.16406e-06,0.0281708,-0.00819562,0.04738398771964158,62.43825448813565,61.34009959085858
PART-PIER-1,635,Pier/C3D8R,4.66667,20.0,70.0,-9.1217566e-07,-0.07554481,-0.0072232727,2.16406e-06,-0.0281708,-0.00819562,0.04738398771964158,62.43825448813565,61.34009959085858
PART-PIER-1,319,Pier/C3D8R,-4.66667,20.0,70.0,9.121756e-07,-0.07554481,-0.0072232727,-2.16406e-06,-0.0281708,-0.00819562,0.04738398771964157,62.43825448813565,61.34009959085858
PART-PIER-2,398,Pier/C3D8R,-9.33333,-20.0,70.0,-2.5575677e-05,0.07543023,-0.0072223027,-5.68107e-05,0.0280818,-0.00821792,0.04735890679586704,62.499211856022676,61.38629777075359
PART-PIER-2,558,Pier/C3D8R,9.33333,-20.0,70.0,2.5575677e-05,0.07543023,-0.0072223027,5.68107e-05,0.0280818,-0.00821792,0.04735890679586704,62.499211856022676,61.38629777075359
PART-PIER-1,320,Pier/C3D8R,-9.33333,20.0,70.0,-2.5575677e-05,-0.07543023,-0.0072223027,-5.68107e-05,-0.0280818,-0.00821792,0.04735890679586704,62.499211856022676,61.38629777075359
PART-PIER-1,636,Pier/C3D8R,9.33333,20.0,70.0,2.5575677e-05,-0.07543023,-0.0072223027,5.68107e-05,-0.0280818,-0.00821792,0.04735890679586704,62.499211856022676,61.38629777075359
PART-PIER-2,491,Pier/C3D8R,-14.0,-15.0,70.0,-0.0002700793,0.075303316,-0.013916809,-0.000233024,0.0280374,-0.0112607,0.04734050172351571,61.81918690965884,60.54384577070974
PART-PIER-2,690,Pier/C3D8R,14.0,-15.0,70.0,0.0002700793,0.075303316,-0.013916809,0.000233024,0.0280374,-0.0112607,0.04734050172351571,61.81918690965884,60.54384577070974
PART-PIER-1,491,Pier/C3D8R,-14.0,15.0,70.0,-0.0002700793,-0.075303316,-0.013916809,-0.000233024,-0.0280374,-0.0112607,0.04734050172351571,61.81918690965884,60.54384577070974
PART-PIER-1,690,Pier/C3D8R,14.0,15.0,70.0,0.0002700793,-0.075303316,-0.013916809,0.000233024,-0.0280374,-0.0112607,0.04734050172351571,61.81918690965884,60.54384577070974
PART-PIER-2,118,Pier/C3D8R,-14.0,-20.0,70.0,-7.026749e-05,0.07512407,-0.0071560717,-0.000126093,0.0279663,-0.00813866,0.04716803862392164,62.50388995774111,61.40320246071688
PART-PIER-2,214,Pier/C3D8R,14.0,-20.0,70.0,7.026749e-05,0.07512407,-0.0071560717,0.000126093,0.0279663,-0.00813866,0.04716803862392164,62.50388995774111,61.40320246071688
PART-PIER-1,48,Pier/C3D8R,-14.0,20.0,70.0,-7.026749e-05,-0.07512407,-0.0071560717,-0.000126093,-0.0279663,-0.00813866,0.04716803862392164,62.50388995774111,61.40320246071688
PART-PIER-1,245,Pier/C3D8R,14.0,20.0,70.0,7.026749e-05,-0.07512407,-0.0071560717,0.000126093,-0.0279663,-0.00813866,0.04716803862392164,62.50388995774111,61.40320246071688
PART-FLOOR-1,272,Floor/S4R,130.0,-5.0,0.0,-0.00827525,3.8672883e-05,-0.45530856,-0.00653469,-0.000100988,-0.409752,0.04559001221001633,10.011339121595304,10.009061535014121
PART-FLOOR-1,274,Floor/S4R,130.0,5.0,0.0,-0.00827525,-3.8672883e-05,-0.45530856,-0.00653469,0.000100988,-0.409752,0.04559001221001633,10.011339121595304,10.009061535014121
PART-FLOOR-1,413,Floor/S4R,-130.0,-5.0,0.0,0.00827525,3.8672883e-05,-0.45530856,0.00653469,-0.000100988,-0.409752,0.04559001221001633,10.011339121595304,10.009061535014121
PART-FLOOR-1,415,Floor/S4R,-130.0,5.0,0.0,0.00827525,-3.8672883e-05,-0.45530856,0.00653469,0.000100988,-0.409752,0.04559001221001633,10.011339121595304,10.009061535014121
PART-SUPPORTBEAM-2,48,SupportBeam/B31,-156.66667,10.0,-26.0,-0.010043587,0.002144399,-0.20841637,0.000772995,0.000660164,-0.164373,0.04537642384162561,21.74562093601079,21.226465216445334
PART-SUPPORTBEAM-2,291,SupportBeam/B31,156.66667,10.0,-26.0,0.010043587,0.002144399,-0.20841637,-0.000772995,0.000660164,-0.164373,0.04537642384162561,21.74562093601079,21.226465216445334
PART-SUPPORTBEAM-1,48,SupportBeam/B31,-156.66667,-10.0,-26.0,-0.010043587,-0.002144399,-0.20841637,0.000772995,-0.000660164,-0.164373,0.04537642384162561,21.74562093601079,21.226465216445334
PART-SUPPORTBEAM-1,291,SupportBeam/B31,156.66667,-10.0,-26.0,0.010043587,-0.002144399,-0.20841637,-0.000772995,-0.000660164,-0.164373,0.04537642384162561,21.74562093601079,21.226465216445334
PART-SUPPORTBEAM-2,111,SupportBeam/B31,-157.69231,10.0,-30.0,-0.01059951,0.0024424829,-0.20775877,0.00174791,0.000766778,-0.164443,0.045072416157348215,21.66491899668046,20.95200219987049
PART-SUPPORTBEAM-2,279,SupportBeam/B31,157.69231,10.0,-30.0,0.01059951,0.0024424829,-0.20775877,-0.00174791,0.000766778,-0.164443,0.045072416157348215,21.66491899668046,20.95200219987049
PART-SUPPORTBEAM-1,111,SupportBeam/B31,-157.69231,-10.0,-30.0,-0.01059951,-0.0024424829,-0.20775877,0.00174791,-0.000766778,-0.164443,0.045072416157348215,21.66491899668046,20.95200219987049
PART-SUPPORTBEAM-1,279,SupportBeam/B31,157.69231,-10.0,-30.0,0.01059951,-0.0024424829,-0.20775877,-0.00174791,-0.000766778,-0.164443,0.045072416157348215,21.66491899668046,20.95200219987049
PART-FLOOR-1,260,Floor/S4R,155.0,-5.0,0.0,-0.011037846,-0.00033854786,-0.26676255,-0.00806064,-0.000122185,-0.222412,0.04445089260921678,16.64883410371602,16.642121863009827
PART-FLOOR-1,262,Floor/S4R,155.0,5.0,0.0,-0.011037846,0.00033854786,-0.26676255,-0.00806064,0.000122185,-0.222412,0.04445089260921678,16.64883410371602,16.642121863009827
PART-FLOOR-1,425,Floor/S4R,-155.0,-5.0,0.0,0.011037846,-0.00033854786,-0.26676255,0.00806064,-0.000122185,-0.222412,0.04445089260921678,16.64883410371602,16.642121863009827
PART-FLOOR-1,427,Floor/S4R,-155.0,5.0,0.0,0.011037846,0.00033854786,-0.26676255,0.00806064,0.000122185,-0.222412,0.04445089260921678,16.64883410371602,16.642121863009827
PART-PIER-2,80,Pier/C3D8R,0.0,-10.0,65.0,8.424427e-16,0.06929056,-0.02005072,-2.84226e-14,0.0253948,-0.0139593,0.044316398134257265,61.436808895715075,59.82635388541097
PART-PIER-1,164,Pier/C3D8R,0.0,10.0,65.0,-1.1702875e-14,-0.06929056,-0.02005072,-1.70411e-14,-0.0253948,-0.0139593,0.044316398134257265,61.436808895715075,59.82635388541097
PART-PIER-2,317,Pier/C3D8R,-4.75,-10.0,65.0,-0.00025994208,0.069221295,-0.019827235,-0.000179078,0.0253521,-0.0138374,0.044276302152220025,61.490270892236865,59.88755040978957
PART-PIER-2,633,Pier/C3D8R,4.75,-10.0,65.0,0.00025994208,0.069221295,-0.019827235,0.000179078,0.0253521,-0.0138374,0.044276302152220025,61.490270892236865,59.88755040978957
PART-PIER-1,395,Pier/C3D8R,-4.75,10.0,65.0,-0.00025994208,-0.069221295,-0.019827235,-0.000179078,-0.0253521,-0.0138374,0.044276302152220025,61.490270892236865,59.88755040978957
PART-PIER-1,555,Pier/C3D8R,4.75,10.0,65.0,0.00025994208,-0.069221295,-0.019827235,0.000179078,-0.0253521,-0.0138374,0.044276302152220025,61.490270892236865,59.88755040978957
PART-PIER-2,318,Pier/C3D8R,-9.5,-10.0,65.0,-0.0003713976,0.06909085,-0.020001585,-0.000279945,0.0252629,-0.0139164,0.04424846936634951,61.51707293859901,59.899638486107165
PART-PIER-2,634,Pier/C3D8R,9.5,-10.0,65.0,0.0003713976,0.06909085,-0.020001585,0.000279945,0.0252629,-0.0139164,0.04424846936634951,61.51707293859901,59.899638486107165
PART-PIER-1,396,Pier/C3D8R,-9.5,10.0,65.0,-0.0003713976,-0.06909085,-0.020001585,-0.000279945,-0.0252629,-0.0139164,0.04424846936634951,61.51707293859901,59.899638486107165
PART-PIER-1,556,Pier/C3D8R,9.5,10.0,65.0,0.0003713976,-0.06909085,-0.020001585,0.000279945,-0.0252629,-0.0139164,0.04424846936634951,61.51707293859901,59.899638486107165
PART-PIER-2,47,Pier/C3D8R,-14.25,-10.0,65.0,-0.00068780675,0.06892809,-0.019755894,-0.000428273,0.0251647,-0.0137727,0.04417126070762668,61.599912111569346,59.98938250653004
PART-PIER-2,246,Pier/C3D8R,14.25,-10.0,65.0,0.00068780675,0.06892809,-0.019755894,0.000428273,0.0251647,-0.0137727,0.04417126070762668,61.599912111569346,59.98938250653004
PART-PIER-1,119,Pier/C3D8R,-14.25,10.0,65.0,-0.00068780675,-0.06892809,-0.019755894,-0.000428273,-0.0251647,-0.0137727,0.04417126070762668,61.599912111569346,59.98938250653004
PART-PIER-1,213,Pier/C3D8R,14.25,10.0,65.0,0.00068780675,-0.06892809,-0.019755894,0.000428273,-0.0251647,-0.0137727,0.04417126070762668,61.599912111569346,59.98938250653004
PART-PIER-2,750,Pier/C3D8R,-4.75,-15.0,65.0,-0.00011753879,0.069075964,-0.013520419,-6.67683e-05,0.0252221,-0.0109801,0.04392740814110153,62.408570957031905,60.918010670533505
PART-PIER-2,828,Pier/C3D8R,4.75,-15.0,65.0,0.00011753879,0.069075964,-0.013520419,6.67683e-05,0.0252221,-0.0109801,0.04392740814110153,62.408570957031905,60.918010670533505
PART-PIER-1,750,Pier/C3D8R,-4.75,15.0,65.0,-0.00011753879,-0.069075964,-0.013520419,-6.67683e-05,-0.0252221,-0.0109801,0.04392740814110153,62.408570957031905,60.918010670533505
PART-PIER-1,828,Pier/C3D8R,4.75,15.0,65.0,0.00011753879,-0.069075964,-0.013520419,6.67683e-05,-0.0252221,-0.0109801,0.04392740814110153,62.408570957031905,60.918010670533505
PART-PIER-2,451,Pier/C3D8R,0.0,-15.0,65.0,-3.8541577e-16,0.06906776,-0.013630194,-4.33182e-14,0.0252277,-0.0110168,0.04391788575287791,62.38350104274682,60.89722774858015
PART-PIER-1,451,Pier/C3D8R,0.0,15.0,65.0,-1.1296434e-14,-0.06906776,-0.013630194,-3.38538e-14,-0.0252277,-0.0110168,0.04391788575287791,62.38350104274682,60.89722774858015
PART-PIER-2,395,Pier/C3D8R,-4.75,-20.0,65.0,-3.6130637e-05,0.06898256,-0.0071507036,-6.39772e-05,0.0251481,-0.00809742,0.04384469102257079,63.22033317409343,61.90506469194458
PART-PIER-2,555,Pier/C3D8R,4.75,-20.0,65.0,3.6130637e-05,0.06898256,-0.0071507036,6.39772e-05,0.0251481,-0.00809742,0.04384469102257079,63.22033317409343,61.90506469194458
PART-PIER-1,317,Pier/C3D8R,-4.75,20.0,65.0,-3.6130637e-05,-0.06898256,-0.0071507036,-6.39772e-05,-0.0251481,-0.00809742,0.04384469102257079,63.22033317409343,61.90506469194458
PART-PIER-1,633,Pier/C3D8R,4.75,20.0,65.0,3.6130637e-05,-0.06898256,-0.0071507036,6.39772e-05,-0.0251481,-0.00809742,0.04384469102257079,63.22033317409343,61.90506469194458
PART-PIER-2,164,Pier/C3D8R,0.0,-20.0,65.0,-1.7332576e-15,0.06902743,-0.0071334443,-5.86179e-14,0.025217,-0.00806758,0.043820387792566536,63.146278639356225,61.847300836022065
PART-PIER-1,80,Pier/C3D8R,0.0,20.0,65.0,-1.07929734e-14,-0.06902743,-0.0071334443,-5.09511e-14,-0.025217,-0.00806758,0.043820387792566536,63.146278639356225,61.847300836022065
PART-PIER-2,751,Pier/C3D8R,-9.5,-15.0,65.0,-0.0002084749,0.068905674,-0.013570174,-0.00017576,0.0251629,-0.0109826,0.043819252466070595,62.39435300761552,60.90563807879785
PART-PIER-2,829,Pier/C3D8R,9.5,-15.0,65.0,0.0002084749,0.068905674,-0.013570174,0.00017576,0.0251629,-0.0109826,0.043819252466070595,62.39435300761552,60.90563807879785
PART-PIER-1,751,Pier/C3D8R,-9.5,15.0,65.0,-0.0002084749,-0.068905674,-0.013570174,-0.00017576,-0.0251629,-0.0109826,0.043819252466070595,62.39435300761552,60.90563807879785
PART-PIER-1,829,Pier/C3D8R,9.5,15.0,65.0,0.0002084749,-0.068905674,-0.013570174,0.00017576,-0.0251629,-0.0109826,0.043819252466070595,62.39435300761552,60.90563807879785
PART-PIER-2,396,Pier/C3D8R,-9.5,-20.0,65.0,-4.907876e-05,0.06882849,-0.007108974,-8.45216e-05,0.025078,-0.00803468,0.0437602966515704,63.24230327635766,61.94243093687085
PART-PIER-2,556,Pier/C3D8R,9.5,-20.0,65.0,4.907876e-05,0.06882849,-0.007108974,8.45216e-05,0.025078,-0.00803468,0.0437602966515704,63.24230327635766,61.94243093687085
PART-PIER-1,318,Pier/C3D8R,-9.5,20.0,65.0,-4.907876e-05,-0.06882849,-0.007108974,-8.45216e-05,-0.025078,-0.00803468,0.0437602966515704,63.24230327635766,61.94243093687085
PART-PIER-1,634,Pier/C3D8R,9.5,20.0,65.0,4.907876e-05,-0.06882849,-0.007108974,8.45216e-05,-0.025078,-0.00803468,0.0437602966515704,63.24230327635766,61.94243093687085
PART-PIER-2,119,Pier/C3D8R,-14.25,-20.0,65.0,-5.8753507e-05,0.06867754,-0.007094429,-0.000102872,0.0249568,-0.00804501,0.0437310948505361,63.338906144466144,62.02129676886027
PART-PIER-2,213,Pier/C3D8R,14.25,-20.0,65.0,5.8753507e-05,0.06867754,-0.007094429,0.000102872,0.0249568,-0.00804501,0.0437310948505361,63.338906144466144,62.02129676886027
PART-PIER-1,47,Pier/C3D8R,-14.25,20.0,65.0,-5.8753507e-05,-0.06867754,-0.007094429,-0.000102872,-0.0249568,-0.00804501,0.0437310948505361,63.338906144466144,62.02129676886027
PART-PIER-1,246,Pier/C3D8R,14.25,20.0,65.0,5.8753507e-05,-0.06867754,-0.007094429,0.000102872,-0.0249568,-0.00804501,0.0437310948505361,63.338906144466144,62.02129676886027
PART-PIER-2,490,Pier/C3D8R,-14.25,-15.0,65.0,-0.00039914224,0.068655506,-0.013430172,-0.000292774,0.0250124,-0.0109081,0.04371604811396955,62.48908279333419,60.99217374346371
PART-PIER-2,689,Pier/C3D8R,14.25,-15.0,65.0,0.00039914224,0.068655506,-0.013430172,0.000292774,0.0250124,-0.0109081,0.04371604811396955,62.48908279333419,60.99217374346371
PART-PIER-1,490,Pier/C3D8R,-14.25,15.0,65.0,-0.00039914224,-0.068655506,-0.013430172,-0.000292774,-0.0250124,-0.0109081,0.04371604811396955,62.48908279333419,60.99217374346371
PART-PIER-1,689,Pier/C3D8R,14.25,15.0,65.0,0.00039914224,-0.068655506,-0.013430172,0.000292774,-0.0250124,-0.0109081,0.04371604811396955,62.48908279333419,60.99217374346371
PART-SUPPORTBEAM-2,49,SupportBeam/B31,-160.0,10.0,-24.0,-0.009848339,0.0019683188,-0.20659824,-0.000420306,0.000606003,-0.164596,0.04306892006546738,20.822114392804046,20.42356442008357
PART-SUPPORTBEAM-2,292,SupportBeam/B31,160.0,10.0,-24.0,0.009848339,0.0019683188,-0.20659824,0.000420306,0.000606003,-0.164596,0.04306892006546738,20.822114392804046,20.42356442008357
PART-SUPPORTBEAM-1,49,SupportBeam/B31,-160.0,-10.0,-24.0,-0.009848339,-0.0019683188,-0.20659824,-0.000420306,-0.000606003,-0.164596,0.04306892006546738,20.822114392804046,20.42356442008357
PART-SUPPORTBEAM-1,292,SupportBeam/B31,160.0,-10.0,-24.0,0.009848339,-0.0019683188,-0.20659824,0.000420306,-0.000606003,-0.164596,0.04306892006546738,20.822114392804046,20.42356442008357
PART-FLOOR-1,270,Floor/S4R,135.0,0.0,0.0,-0.008355736,6.0943127e-15,-0.4142407,-0.00687342,-5.16505e-14,-0.371345,0.04292130402508595,10.359333312272048,10.358139473876632
PART-FLOOR-1,417,Floor/S4R,-135.0,0.0,0.0,0.008355736,3.6806563e-15,-0.4142407,0.00687342,-3.84475e-14,-0.371345,0.04292130402508595,10.359333312272048,10.358139473876632
PART-FLOOR-1,49,Floor/S4R,135.0,10.0,0.0,-0.008315028,-0.00016834715,-0.4120647,-0.00686569,0.000191802,-0.36936,0.04273080493202168,10.367814630990264,10.366349353852202
PART-FLOOR-1,65,Floor/S4R,135.0,-10.0,0.0,-0.008315028,0.00016834715,-0.4120647,-0.00686569,-0.000191802,-0.36936,0.04273080493202168,10.367814630990264,10.366349353852202
PART-FLOOR-1,158,Floor/S4R,-135.0,10.0,0.0,0.008315028,-0.00016834715,-0.4120647,0.00686569,0.000191802,-0.36936,0.04273080493202168,10.367814630990264,10.366349353852202
PART-FLOOR-1,166,Floor/S4R,-135.0,-10.0,0.0,0.008315028,0.00016834715,-0.4120647,0.00686569,-0.000191802,-0.36936,0.04273080493202168,10.367814630990264,10.366349353852202
PART-SUPPORTBEAM-2,112,SupportBeam/B31,-161.53847,10.0,-30.0,-0.010327737,0.0024184803,-0.20516258,0.00151288,0.000776769,-0.164266,0.042607812460036455,20.74012764041141,20.036251861229022
PART-SUPPORTBEAM-2,280,SupportBeam/B31,161.53847,10.0,-30.0,0.010327737,0.0024184803,-0.20516258,-0.00151288,0.000776769,-0.164266,0.042607812460036455,20.74012764041141,20.036251861229022
PART-SUPPORTBEAM-1,112,SupportBeam/B31,-161.53847,-10.0,-30.0,-0.010327737,-0.0024184803,-0.20516258,0.00151288,-0.000776769,-0.164266,0.042607812460036455,20.74012764041141,20.036251861229022
PART-SUPPORTBEAM-1,280,SupportBeam/B31,161.53847,-10.0,-30.0,0.010327737,-0.0024184803,-0.20516258,-0.00151288,-0.000776769,-0.164266,0.042607812460036455,20.74012764041141,20.036251861229022
PART-FLOOR-1,33,Floor/S4R,160.0,10.0,0.0,-0.011140481,0.00049848255,-0.283016,-0.00826909,0.000150939,-0.24138,0.04173634110453414,14.735555317250432,14.727657794283463
PART-FLOOR-1,39,Floor/S4R,160.0,-10.0,0.0,-0.011140481,-0.00049848255,-0.283016,-0.00826909,-0.000150939,-0.24138,0.04173634110453414,14.735555317250432,14.727657794283463
PART-FLOOR-1,174,Floor/S4R,-160.0,10.0,0.0,0.011140481,0.00049848255,-0.283016,0.00826909,0.000150939,-0.24138,0.04173634110453414,14.735555317250432,14.727657794283463
PART-FLOOR-1,192,Floor/S4R,-160.0,-10.0,0.0,0.011140481,-0.00049848255,-0.283016,0.00826909,-0.000150939,-0.24138,0.04173634110453414,14.735555317250432,14.727657794283463
PART-FLOOR-1,258,Floor/S4R,160.0,0.0,0.0,-0.011127579,5.0760787e-15,-0.30167073,-0.00825073,-3.83145e-14,-0.260684,0.041087568634097814,13.61074869929145,13.602064318290502
PART-FLOOR-1,429,Floor/S4R,-160.0,0.0,0.0,0.011127579,2.6886685e-15,-0.30167073,0.00825073,-2.63001e-14,-0.260684,0.041087568634097814,13.61074869929145,13.602064318290502
PART-PIER-2,81,Pier/C3D8R,0.0,-10.0,60.0,8.7603435e-16,0.06303977,-0.01911779,-2.57308e-14,0.0225365,-0.0133427,0.040912914161680046,62.10698451798321,60.24266832068712
PART-PIER-1,163,Pier/C3D8R,0.0,10.0,60.0,-1.0879872e-14,-0.06303977,-0.01911779,-1.48145e-14,-0.0225365,-0.0133427,0.040912914161680046,62.10698451798321,60.24266832068712
PART-PIER-2,315,Pier/C3D8R,-4.83333,-10.0,60.0,-0.00018740821,0.06301246,-0.019297656,-0.000127266,0.0225448,-0.0134303,0.040890842365886276,62.04844532723099,60.17953003728924
PART-PIER-2,631,Pier/C3D8R,4.83333,-10.0,60.0,0.00018740821,0.06301246,-0.019297656,0.000127266,0.0225448,-0.0134303,0.040890842365886276,62.04844532723099,60.17953003728924
PART-PIER-1,393,Pier/C3D8R,-4.83333,10.0,60.0,-0.00018740821,-0.06301246,-0.019297656,-0.000127266,-0.0225448,-0.0134303,0.040890842365886276,62.04844532723099,60.17953003728924
PART-PIER-1,553,Pier/C3D8R,4.83333,10.0,60.0,0.00018740821,-0.06301246,-0.019297656,0.000127266,-0.0225448,-0.0134303,0.040890842365886276,62.04844532723099,60.17953003728924
PART-PIER-2,316,Pier/C3D8R,-9.66667,-10.0,60.0,-0.00047325564,0.06286988,-0.01907075,-0.000297111,0.0224688,-0.0133133,0.04080963761911028,62.11477112550119,60.245949108426764
PART-PIER-2,632,Pier/C3D8R,9.66667,-10.0,60.0,0.00047325564,0.06286988,-0.01907075,0.000297111,0.0224688,-0.0133133,0.04080963761911028,62.11477112550119,60.245949108426764
PART-PIER-1,394,Pier/C3D8R,-9.66667,10.0,60.0,-0.00047325564,-0.06286988,-0.01907075,-0.000297111,-0.0224688,-0.0133133,0.04080963761911028,62.11477112550119,60.245949108426764
PART-PIER-1,554,Pier/C3D8R,9.66667,10.0,60.0,0.00047325564,-0.06286988,-0.01907075,0.000297111,-0.0224688,-0.0133133,0.04080963761911028,62.11477112550119,60.245949108426764
PART-PIER-2,46,Pier/C3D8R,-14.5,-10.0,60.0,-0.0006322873,0.06258538,-0.019157173,-0.000462826,0.0223282,-0.0133344,0.040676454418915695,62.14437039579609,60.2612014918759
PART-PIER-2,247,Pier/C3D8R,14.5,-10.0,60.0,0.0006322873,0.06258538,-0.019157173,0.000462826,0.0223282,-0.0133344,0.040676454418915695,62.14437039579609,60.2612014918759
PART-PIER-1,120,Pier/C3D8R,-14.5,10.0,60.0,-0.0006322873,-0.06258538,-0.019157173,-0.000462826,-0.0223282,-0.0133344,0.040676454418915695,62.14437039579609,60.2612014918759
PART-PIER-1,212,Pier/C3D8R,14.5,10.0,60.0,0.0006322873,-0.06258538,-0.019157173,0.000462826,-0.0223282,-0.0133344,0.040676454418915695,62.14437039579609,60.2612014918759
PART-SUPPORTBEAM-2,50,SupportBeam/B31,-163.33333,10.0,-22.0,-0.009493926,0.0017885414,-0.20450899,-0.00151638,0.000547661,-0.164651,0.040667436496407305,19.863251951487726,19.57543023629334
PART-SUPPORTBEAM-2,293,SupportBeam/B31,163.33333,10.0,-22.0,0.009493926,0.0017885414,-0.20450899,0.00151638,0.000547661,-0.164651,0.040667436496407305,19.863251951487726,19.57543023629334
PART-SUPPORTBEAM-1,50,SupportBeam/B31,-163.33333,-10.0,-22.0,-0.009493926,-0.0017885414,-0.20450899,-0.00151638,-0.000547661,-0.164651,0.040667436496407305,19.863251951487726,19.57543023629334
PART-SUPPORTBEAM-1,293,SupportBeam/B31,163.33333,-10.0,-22.0,0.009493926,-0.0017885414,-0.20450899,0.00151638,-0.000547661,-0.164651,0.040667436496407305,19.863251951487726,19.57543023629334
PART-PIER-2,450,Pier/C3D8R,0.0,-15.0,60.0,-3.0585079e-16,0.0628974,-0.013075763,-3.99089e-14,0.0224585,-0.0106562,0.04051121965975561,63.06015092640086,61.30521596233267
PART-PIER-1,450,Pier/C3D8R,0.0,15.0,60.0,-1.04941055e-14,-0.0628974,-0.013075763,-3.14135e-14,-0.0224585,-0.0106562,0.04051121965975561,63.06015092640086,61.30521596233267
PART-PIER-2,163,Pier/C3D8R,0.0,-20.0,60.0,-1.6216596e-15,0.062781975,-0.007087641,-5.42091e-14,0.0223227,-0.00795334,0.040468535534217524,64.0519714011511,62.49298212247298
PART-PIER-1,81,Pier/C3D8R,0.0,20.0,60.0,-9.887902e-15,-0.062781975,-0.007087641,-4.71938e-14,-0.0223227,-0.00795334,0.040468535534217524,64.0519714011511,62.49298212247298
PART-PIER-2,748,Pier/C3D8R,-4.83333,-15.0,60.0,-0.00012537737,0.062805295,-0.013160445,-0.000116034,0.022415,-0.0106697,0.0404670214883751,63.06275412511623,61.31312811360108
PART-PIER-2,826,Pier/C3D8R,4.83333,-15.0,60.0,0.00012537737,0.062805295,-0.013160445,0.000116034,0.022415,-0.0106697,0.0404670214883751,63.06275412511623,61.31312811360108
PART-PIER-1,748,Pier/C3D8R,-4.83333,15.0,60.0,-0.00012537737,-0.062805295,-0.013160445,-0.000116034,-0.022415,-0.0106697,0.0404670214883751,63.06275412511623,61.31312811360108
PART-PIER-1,826,Pier/C3D8R,4.83333,15.0,60.0,0.00012537737,-0.062805295,-0.013160445,0.000116034,-0.022415,-0.0106697,0.0404670214883751,63.06275412511623,61.31312811360108
PART-PIER-2,749,Pier/C3D8R,-9.66667,-15.0,60.0,-0.00026737934,0.06269951,-0.013043933,-0.000199992,0.0223186,-0.0106167,0.040453848933296586,63.16717329923641,61.407092916710226
PART-PIER-2,827,Pier/C3D8R,9.66667,-15.0,60.0,0.00026737934,0.06269951,-0.013043933,0.000199992,0.0223186,-0.0106167,0.040453848933296586,63.16717329923641,61.407092916710226
PART-PIER-1,749,Pier/C3D8R,-9.66667,15.0,60.0,-0.00026737934,-0.06269951,-0.013043933,-0.000199992,-0.0223186,-0.0106167,0.040453848933296586,63.16717329923641,61.407092916710226
PART-PIER-1,827,Pier/C3D8R,9.66667,15.0,60.0,0.00026737934,-0.06269951,-0.013043933,0.000199992,-0.0223186,-0.0106167,0.040453848933296586,63.16717329923641,61.407092916710226
PART-PIER-2,393,Pier/C3D8R,-4.83333,-20.0,60.0,-1.9186082e-05,0.0627357,-0.0070637558,-2.46342e-05,0.0223369,-0.00791666,0.04040780267097393,64.00513743618423,62.46231502342315
PART-PIER-2,553,Pier/C3D8R,4.83333,-20.0,60.0,1.9186082e-05,0.0627357,-0.0070637558,2.46342e-05,0.0223369,-0.00791666,0.04040780267097393,64.00513743618423,62.46231502342315
PART-PIER-1,315,Pier/C3D8R,-4.83333,20.0,60.0,-1.9186082e-05,-0.0627357,-0.0070637558,-2.46342e-05,-0.0223369,-0.00791666,0.04040780267097393,64.00513743618423,62.46231502342315
PART-PIER-1,631,Pier/C3D8R,4.83333,20.0,60.0,1.9186082e-05,-0.0627357,-0.0070637558,2.46342e-05,-0.0223369,-0.00791666,0.04040780267097393,64.00513743618423,62.46231502342315
PART-PIER-2,394,Pier/C3D8R,-9.66667,-20.0,60.0,-5.832956e-05,0.06261533,-0.007034267,-8.4995e-05,0.0222645,-0.00792428,0.04036065306551369,64.0551376317103,62.49311244253492
PART-PIER-2,554,Pier/C3D8R,9.66667,-20.0,60.0,5.832956e-05,0.06261533,-0.007034267,8.4995e-05,0.0222645,-0.00792428,0.04036065306551369,64.0551376317103,62.49311244253492
PART-PIER-1,316,Pier/C3D8R,-9.66667,20.0,60.0,-5.832956e-05,-0.06261533,-0.007034267,-8.4995e-05,-0.0222645,-0.00792428,0.04036065306551369,64.0551376317103,62.49311244253492
PART-PIER-1,632,Pier/C3D8R,9.66667,20.0,60.0,5.832956e-05,-0.06261533,-0.007034267,8.4995e-05,-0.0222645,-0.00792428,0.04036065306551369,64.0551376317103,62.49311244253492
PART-PIER-2,489,Pier/C3D8R,-14.5,-15.0,60.0,-0.00034481817,0.06249115,-0.013071094,-0.000281085,0.0222233,-0.0105991,0.04034370533150735,63.19060357435475,61.43274661245706
PART-PIER-2,688,Pier/C3D8R,14.5,-15.0,60.0,0.00034481817,0.06249115,-0.013071094,0.000281085,0.0222233,-0.0105991,0.04034370533150735,63.19060357435475,61.43274661245706
PART-PIER-1,489,Pier/C3D8R,-14.5,15.0,60.0,-0.00034481817,-0.06249115,-0.013071094,-0.000281085,-0.0222233,-0.0105991,0.04034370533150735,63.19060357435475,61.43274661245706
PART-PIER-1,688,Pier/C3D8R,14.5,15.0,60.0,0.00034481817,-0.06249115,-0.013071094,0.000281085,-0.0222233,-0.0105991,0.04034370533150735,63.19060357435475,61.43274661245706
PART-FLOOR-1,266,Floor/S4R,140.0,-5.0,0.0,-0.008355196,0.000113518756,-0.35414308,-0.0072101,-7.10596e-05,-0.313844,0.040315768166625805,11.380866336893572,11.380600809514634
PART-FLOOR-1,268,Floor/S4R,140.0,5.0,0.0,-0.008355196,-0.000113518756,-0.35414308,-0.0072101,7.10596e-05,-0.313844,0.040315768166625805,11.380866336893572,11.380600809514634
PART-FLOOR-1,419,Floor/S4R,-140.0,-5.0,0.0,0.008355196,0.000113518756,-0.35414308,0.0072101,-7.10596e-05,-0.313844,0.040315768166625805,11.380866336893572,11.380600809514634
PART-FLOOR-1,421,Floor/S4R,-140.0,5.0,0.0,0.008355196,-0.000113518756,-0.35414308,0.0072101,7.10596e-05,-0.313844,0.040315768166625805,11.380866336893572,11.380600809514634
PART-PIER-2,120,Pier/C3D8R,-14.5,-20.0,60.0,-9.689989e-05,0.062321085,-0.006992184,-0.000142211,0.0221234,-0.007856,0.04020699081674442,64.11352641763206,62.56347546796645
PART-PIER-2,212,Pier/C3D8R,14.5,-20.0,60.0,9.689989e-05,0.062321085,-0.006992184,0.000142211,0.0221234,-0.007856,0.04020699081674442,64.11352641763206,62.56347546796645
PART-PIER-1,46,Pier/C3D8R,-14.5,20.0,60.0,-9.689989e-05,-0.062321085,-0.006992184,-0.000142211,-0.0221234,-0.007856,0.04020699081674442,64.11352641763206,62.56347546796645
PART-PIER-1,247,Pier/C3D8R,14.5,20.0,60.0,9.689989e-05,-0.062321085,-0.006992184,0.000142211,-0.0221234,-0.007856,0.04020699081674442,64.11352641763206,62.56347546796645
PART-SUPPORTBEAM-2,113,SupportBeam/B31,-165.38461,10.0,-30.0,-0.010055966,0.0023925377,-0.20198005,0.00127785,0.00078897,-0.163608,0.04004298984457627,19.799309529096842,19.100399041726742
PART-SUPPORTBEAM-2,281,SupportBeam/B31,165.38461,10.0,-30.0,0.010055966,0.0023925377,-0.20198005,-0.00127785,0.00078897,-0.163608,0.04004298984457627,19.799309529096842,19.100399041726742
PART-SUPPORTBEAM-1,113,SupportBeam/B31,-165.38461,-10.0,-30.0,-0.010055966,-0.0023925377,-0.20198005,0.00127785,-0.00078897,-0.163608,0.04004298984457627,19.799309529096842,19.100399041726742
PART-SUPPORTBEAM-1,281,SupportBeam/B31,165.38461,-10.0,-30.0,0.010055966,-0.0023925377,-0.20198005,-0.00127785,-0.00078897,-0.163608,0.04004298984457627,19.799309529096842,19.100399041726742
PART-FLOOR-1,254,Floor/S4R,165.0,-5.0,0.0,-0.011366127,-0.00035063442,-0.3292263,-0.00845788,-6.69834e-05,-0.291097,0.038241101932399366,11.608523089555264,11.596888327763123
PART-FLOOR-1,256,Floor/S4R,165.0,5.0,0.0,-0.011366127,0.00035063442,-0.3292263,-0.00845788,6.69834e-05,-0.291097,0.038241101932399366,11.608523089555264,11.596888327763123
PART-FLOOR-1,431,Floor/S4R,-165.0,-5.0,0.0,0.011366127,-0.00035063442,-0.3292263,0.00845788,-6.69834e-05,-0.291097,0.038241101932399366,11.608523089555264,11.596888327763123
PART-FLOOR-1,433,Floor/S4R,-165.0,5.0,0.0,0.011366127,0.00035063442,-0.3292263,0.00845788,6.69834e-05,-0.291097,0.038241101932399366,11.608523089555264,11.596888327763123
PART-SUPPORTBEAM-2,51,SupportBeam/B31,-166.66667,10.0,-20.0,-0.008764752,0.0016054079,-0.20178926,-0.0022877,0.000485739,-0.164158,0.03820101556560939,18.912714020612302,18.719742950494616
PART-SUPPORTBEAM-2,294,SupportBeam/B31,166.66667,10.0,-20.0,0.008764752,0.0016054079,-0.20178926,0.0022877,0.000485739,-0.164158,0.03820101556560939,18.912714020612302,18.719742950494616
PART-SUPPORTBEAM-1,51,SupportBeam/B31,-166.66667,-10.0,-20.0,-0.008764752,-0.0016054079,-0.20178926,-0.0022877,-0.000485739,-0.164158,0.03820101556560939,18.912714020612302,18.719742950494616
PART-SUPPORTBEAM-1,294,SupportBeam/B31,166.66667,-10.0,-20.0,0.008764752,-0.0016054079,-0.20178926,0.0022877,-0.000485739,-0.164158,0.03820101556560939,18.912714020612302,18.719742950494616
PART-FLOOR-1,47,Floor/S4R,145.0,10.0,0.0,-0.008346048,-0.00034065545,-0.26528496,-0.00761047,0.000131115,-0.227284,0.03801100634386279,14.321270919887056,14.319013287725824
PART-FLOOR-1,67,Floor/S4R,145.0,-10.0,0.0,-0.008346048,0.00034065545,-0.26528496,-0.00761047,-0.000131115,-0.227284,0.03801100634386279,14.321270919887056,14.319013287725824
PART-FLOOR-1,160,Floor/S4R,-145.0,10.0,0.0,0.008346048,-0.00034065545,-0.26528496,0.00761047,0.000131115,-0.227284,0.03801100634386279,14.321270919887056,14.319013287725824
PART-FLOOR-1,164,Floor/S4R,-145.0,-10.0,0.0,0.008346048,0.00034065545,-0.26528496,0.00761047,-0.000131115,-0.227284,0.03801100634386279,14.321270919887056,14.319013287725824
PART-PIER-2,313,Pier/C3D8R,-4.91667,-10.0,55.0,-0.00024711227,0.05710059,-0.018330691,-0.00016693,0.0198954,-0.0128194,0.03761126055610478,62.715469310921414,60.53381294249181
PART-PIER-2,629,Pier/C3D8R,4.91667,-10.0,55.0,0.00024711227,0.05710059,-0.018330691,0.00016693,0.0198954,-0.0128194,0.03761126055610478,62.715469310921414,60.53381294249181
PART-PIER-1,391,Pier/C3D8R,-4.91667,10.0,55.0,-0.00024711227,-0.05710059,-0.018330691,-0.00016693,-0.0198954,-0.0128194,0.03761126055610478,62.715469310921414,60.53381294249181
PART-PIER-1,551,Pier/C3D8R,4.91667,10.0,55.0,0.00024711227,-0.05710059,-0.018330691,0.00016693,-0.0198954,-0.0128194,0.03761126055610478,62.715469310921414,60.53381294249181
PART-FLOOR-1,264,Floor/S4R,145.0,0.0,0.0,-0.008217439,5.7147026e-15,-0.30958372,-0.00747458,-4.64065e-14,-0.271981,0.037610057044523124,12.144312629979694,12.143994509021676
PART-FLOOR-1,423,Floor/S4R,-145.0,0.0,0.0,0.008217439,3.3087851e-15,-0.30958372,0.00747458,-3.34856e-14,-0.271981,0.037610057044523124,12.144312629979694,12.143994509021676
PART-PIER-2,82,Pier/C3D8R,0.0,-10.0,55.0,1.0143254e-15,0.057161354,-0.018511295,-2.31554e-14,0.019972,-0.0129106,0.03760872020449965,62.59355740019863,60.41942465050262
PART-PIER-1,162,Pier/C3D8R,0.0,10.0,55.0,-1.0127594e-14,-0.057161354,-0.018511295,-1.33691e-14,-0.019972,-0.0129106,0.03760872020449965,62.59355740019863,60.41942465050262
PART-PIER-2,314,Pier/C3D8R,-9.83333,-10.0,55.0,-0.0004329366,0.05696521,-0.018458385,-0.000322077,0.019832,-0.0128588,0.037553201287336836,62.71129730763245,60.52594476686117
PART-PIER-2,630,Pier/C3D8R,9.83333,-10.0,55.0,0.0004329366,0.05696521,-0.018458385,0.000322077,0.019832,-0.0128588,0.037553201287336836,62.71129730763245,60.52594476686117
PART-PIER-1,392,Pier/C3D8R,-9.83333,10.0,55.0,-0.0004329366,-0.05696521,-0.018458385,-0.000322077,-0.019832,-0.0128588,0.037553201287336836,62.71129730763245,60.52594476686117
PART-PIER-1,552,Pier/C3D8R,9.83333,10.0,55.0,0.0004329366,-0.05696521,-0.018458385,0.000322077,-0.019832,-0.0128588,0.037553201287336836,62.71129730763245,60.52594476686117
PART-PIER-2,45,Pier/C3D8R,-14.75,-10.0,55.0,-0.0006881731,0.056779783,-0.018232256,-0.00044496,0.0197029,-0.0127395,0.03748232615624645,62.84848723319503,60.65181586070531
PART-PIER-2,248,Pier/C3D8R,14.75,-10.0,55.0,0.0006881731,0.056779783,-0.018232256,0.00044496,0.0197029,-0.0127395,0.03748232615624645,62.84848723319503,60.65181586070531
PART-PIER-1,121,Pier/C3D8R,-14.75,10.0,55.0,-0.0006881731,-0.056779783,-0.018232256,-0.00044496,-0.0197029,-0.0127395,0.03748232615624645,62.84848723319503,60.65181586070531
PART-PIER-1,211,Pier/C3D8R,14.75,10.0,55.0,0.0006881731,-0.056779783,-0.018232256,0.00044496,-0.0197029,-0.0127395,0.03748232615624645,62.84848723319503,60.65181586070531
PART-SUPPORTBEAM-2,114,SupportBeam/B31,-169.23077,10.0,-30.0,-0.009784193,0.0023647957,-0.19788097,0.00104282,0.000803352,-0.162113,0.03740334202783673,18.87753184608307,18.178589269352628
PART-SUPPORTBEAM-2,282,SupportBeam/B31,169.23077,10.0,-30.0,0.009784193,0.0023647957,-0.19788097,-0.00104282,0.000803352,-0.162113,0.03740334202783673,18.87753184608307,18.178589269352628
PART-SUPPORTBEAM-1,114,SupportBeam/B31,-169.23077,-10.0,-30.0,-0.009784193,-0.0023647957,-0.19788097,0.00104282,-0.000803352,-0.162113,0.03740334202783673,18.87753184608307,18.178589269352628
PART-SUPPORTBEAM-1,282,SupportBeam/B31,169.23077,-10.0,-30.0,0.009784193,-0.0023647957,-0.19788097,-0.00104282,-0.000803352,-0.162113,0.03740334202783673,18.87753184608307,18.178589269352628
PART-PIER-2,449,Pier/C3D8R,0.0,-15.0,55.0,-3.3805884e-16,0.056946024,-0.012749251,-3.66802e-14,0.0197765,-0.0103261,0.037248425136579624,63.829918924223925,61.768890261305934
PART-PIER-1,449,Pier/C3D8R,0.0,15.0,55.0,-9.5166345e-15,-0.056946024,-0.012749251,-2.8529e-14,-0.0197765,-0.0103261,0.037248425136579624,63.829918924223925,61.768890261305934
PART-PIER-2,746,Pier/C3D8R,-4.91667,-15.0,55.0,-0.00012939436,0.05693892,-0.012649041,-8.87522e-05,0.0197677,-0.0103021,0.03724525983438765,63.85579341081253,61.7822467497909
PART-PIER-2,824,Pier/C3D8R,4.91667,-15.0,55.0,0.00012939436,0.05693892,-0.012649041,8.87522e-05,0.0197677,-0.0103021,0.03724525983438765,63.85579341081253,61.7822467497909
PART-PIER-1,746,Pier/C3D8R,-4.91667,15.0,55.0,-0.00012939436,-0.05693892,-0.012649041,-8.87522e-05,-0.0197677,-0.0103021,0.03724525983438765,63.85579341081253,61.7822467497909
PART-PIER-1,824,Pier/C3D8R,4.91667,15.0,55.0,0.00012939436,-0.05693892,-0.012649041,8.87522e-05,-0.0197677,-0.0103021,0.03724525983438765,63.85579341081253,61.7822467497909
PART-PIER-2,391,Pier/C3D8R,-4.91667,-20.0,55.0,-4.4297987e-05,0.05684332,-0.006931739,-6.5162e-05,0.0196973,-0.00777793,0.0371556627764318,64.88437611262576,63.01815018356651
PART-PIER-2,551,Pier/C3D8R,4.91667,-20.0,55.0,4.4297987e-05,0.05684332,-0.006931739,6.5162e-05,0.0196973,-0.00777793,0.0371556627764318,64.88437611262576,63.01815018356651
PART-PIER-1,313,Pier/C3D8R,-4.91667,20.0,55.0,-4.4297987e-05,-0.05684332,-0.006931739,-6.5162e-05,-0.0196973,-0.00777793,0.0371556627764318,64.88437611262576,63.01815018356651
PART-PIER-1,629,Pier/C3D8R,4.91667,20.0,55.0,4.4297987e-05,-0.05684332,-0.006931739,6.5162e-05,-0.0196973,-0.00777793,0.0371556627764318,64.88437611262576,63.01815018356651
PART-PIER-2,162,Pier/C3D8R,0.0,-20.0,55.0,-1.3647428e-15,0.056889076,-0.0069407956,-4.99638e-14,0.0197597,-0.00776966,0.03713862650049087,64.80200659620051,62.952320991220326
PART-PIER-1,82,Pier/C3D8R,0.0,20.0,55.0,-9.162711e-15,-0.056889076,-0.0069407956,-4.39324e-14,-0.0197597,-0.00776966,0.03713862650049087,64.80200659620051,62.952320991220326
PART-PIER-2,747,Pier/C3D8R,-9.83333,-15.0,55.0,-0.00025142694,0.056770783,-0.012692757,-0.000200732,0.0197157,-0.0102972,0.03713247149671134,63.83117420917633,61.762835387490135
PART-PIER-2,825,Pier/C3D8R,9.83333,-15.0,55.0,0.00025142694,0.056770783,-0.012692757,0.000200732,0.0197157,-0.0102972,0.03713247149671134,63.83117420917633,61.762835387490135
PART-PIER-1,747,Pier/C3D8R,-9.83333,15.0,55.0,-0.00025142694,-0.056770783,-0.012692757,-0.000200732,-0.0197157,-0.0102972,0.03713247149671134,63.83117420917633,61.762835387490135
PART-PIER-1,825,Pier/C3D8R,9.83333,15.0,55.0,0.00025142694,-0.056770783,-0.012692757,0.000200732,-0.0197157,-0.0102972,0.03713247149671134,63.83117420917633,61.762835387490135
PART-PIER-2,392,Pier/C3D8R,-9.83333,-20.0,55.0,-7.277486e-05,0.056688424,-0.0069046076,-0.000102832,0.0196077,-0.00772323,0.03708977134507064,64.94738793443344,63.09730632860653
PART-PIER-2,552,Pier/C3D8R,9.83333,-20.0,55.0,7.277486e-05,0.056688424,-0.0069046076,0.000102832,0.0196077,-0.00772323,0.03708977134507064,64.94738793443344,63.09730632860653
PART-PIER-1,314,Pier/C3D8R,-9.83333,20.0,55.0,-7.277486e-05,-0.056688424,-0.0069046076,-0.000102832,-0.0196077,-0.00772323,0.03708977134507064,64.94738793443344,63.09730632860653
PART-PIER-1,630,Pier/C3D8R,9.83333,20.0,55.0,7.277486e-05,-0.056688424,-0.0069046076,0.000102832,-0.0196077,-0.00772323,0.03708977134507064,64.94738793443344,63.09730632860653
PART-PIER-2,488,Pier/C3D8R,-14.75,-15.0,55.0,-0.00041224976,0.0565201,-0.012556144,-0.000314213,0.0195479,-0.010227,0.03704562181714659,63.98266345812984,61.89293833321913
PART-PIER-2,687,Pier/C3D8R,14.75,-15.0,55.0,0.00041224976,0.0565201,-0.012556144,0.000314213,0.0195479,-0.010227,0.03704562181714659,63.98266345812984,61.89293833321913
PART-PIER-1,488,Pier/C3D8R,-14.75,15.0,55.0,-0.00041224976,-0.0565201,-0.012556144,-0.000314213,-0.0195479,-0.010227,0.03704562181714659,63.98266345812984,61.89293833321913
PART-PIER-1,687,Pier/C3D8R,14.75,15.0,55.0,0.00041224976,-0.0565201,-0.012556144,0.000314213,-0.0195479,-0.010227,0.03704562181714659,63.98266345812984,61.89293833321913
PART-PIER-2,121,Pier/C3D8R,-14.75,-20.0,55.0,-0.00010560425,0.056510784,-0.006859883,-0.000149139,0.0195027,-0.00771475,0.03701798176850275,65.02856757188562,63.156072213398005
PART-PIER-2,211,Pier/C3D8R,14.75,-20.0,55.0,0.00010560425,0.056510784,-0.006859883,0.000149139,0.0195027,-0.00771475,0.03701798176850275,65.02856757188562,63.156072213398005
PART-PIER-1,45,Pier/C3D8R,-14.75,20.0,55.0,-0.00010560425,-0.056510784,-0.006859883,-0.000149139,-0.0195027,-0.00771475,0.03701798176850275,65.02856757188562,63.156072213398005
PART-PIER-1,248,Pier/C3D8R,14.75,20.0,55.0,0.00010560425,-0.056510784,-0.006859883,0.000149139,-0.0195027,-0.00771475,0.03701798176850275,65.02856757188562,63.156072213398005
PART-SUPPORTBEAM-2,52,SupportBeam/B31,-170.0,10.0,-18.0,-0.007510066,0.0014192596,-0.19818786,-0.00257138,0.000420836,-0.162848,0.03569724322565025,17.998442535707554,17.88201954104241
PART-SUPPORTBEAM-2,295,SupportBeam/B31,170.0,10.0,-18.0,0.007510066,0.0014192596,-0.19818786,0.00257138,0.000420836,-0.162848,0.03569724322565025,17.998442535707554,17.88201954104241
PART-SUPPORTBEAM-1,52,SupportBeam/B31,-170.0,-10.0,-18.0,-0.007510066,-0.0014192596,-0.19818786,-0.00257138,-0.000420836,-0.162848,0.03569724322565025,17.998442535707554,17.88201954104241
PART-SUPPORTBEAM-1,295,SupportBeam/B31,170.0,-10.0,-18.0,0.007510066,-0.0014192596,-0.19818786,0.00257138,-0.000420836,-0.162848,0.03569724322565025,17.998442535707554,17.88201954104241
PART-FLOOR-1,252,Floor/S4R,170.0,0.0,0.0,-0.01177035,4.516595e-15,-0.3492412,-0.00865178,-3.27835e-14,-0.314264,0.03511595077290232,10.049222201404369,10.032185889975127
PART-FLOOR-1,435,Floor/S4R,-170.0,0.0,0.0,0.01177035,2.2828262e-15,-0.3492412,0.00865178,-2.18309e-14,-0.314264,0.03511595077290232,10.049222201404369,10.032185889975127
PART-FLOOR-1,35,Floor/S4R,150.0,5.0,0.0,-0.008164453,-0.00012889302,-0.26521045,-0.00777892,7.91556e-05,-0.230315,0.034898199819258194,13.152449633311155,13.14927596240962
PART-FLOOR-1,37,Floor/S4R,150.0,-5.0,0.0,-0.008164453,0.00012889302,-0.26521045,-0.00777892,-7.91556e-05,-0.230315,0.034898199819258194,13.152449633311155,13.14927596240962
PART-FLOOR-1,161,Floor/S4R,-150.0,5.0,0.0,0.008164453,-0.00012889302,-0.26521045,0.00777892,7.91556e-05,-0.230315,0.034898199819258194,13.152449633311155,13.14927596240962
PART-FLOOR-1,163,Floor/S4R,-150.0,-5.0,0.0,0.008164453,0.00012889302,-0.26521045,0.00777892,-7.91556e-05,-0.230315,0.034898199819258194,13.152449633311155,13.14927596240962
PART-SUPPORTBEAM-2,115,SupportBeam/B31,-173.07692,10.0,-30.0,-0.009512422,0.002335395,-0.19267604,0.000807793,0.000819887,-0.159563,0.034717099823946815,17.99514180993817,17.290513119305118
PART-SUPPORTBEAM-2,283,SupportBeam/B31,173.07692,10.0,-30.0,0.009512422,0.002335395,-0.19267604,-0.000807793,0.000819887,-0.159563,0.034717099823946815,17.99514180993817,17.290513119305118
PART-SUPPORTBEAM-1,115,SupportBeam/B31,-173.07692,-10.0,-30.0,-0.009512422,-0.002335395,-0.19267604,0.000807793,-0.000819887,-0.159563,0.034717099823946815,17.99514180993817,17.290513119305118
PART-SUPPORTBEAM-1,283,SupportBeam/B31,173.07692,-10.0,-30.0,0.009512422,-0.002335395,-0.19267604,-0.000807793,-0.000819887,-0.159563,0.034717099823946815,17.99514180993817,17.290513119305118
PART-FLOOR-1,31,Floor/S4R,170.0,10.0,0.0,-0.011836611,0.0009123671,-0.35220483,-0.00863949,0.000118901,-0.317656,0.03470551577933099,9.848194636207607,9.827153311257804
PART-FLOOR-1,41,Floor/S4R,170.0,-10.0,0.0,-0.011836611,-0.0009123671,-0.35220483,-0.00863949,-0.000118901,-0.317656,0.03470551577933099,9.848194636207607,9.827153311257804
PART-FLOOR-1,176,Floor/S4R,-170.0,10.0,0.0,0.011836611,0.0009123671,-0.35220483,0.00863949,0.000118901,-0.317656,0.03470551577933099,9.848194636207607,9.827153311257804
PART-FLOOR-1,190,Floor/S4R,-170.0,-10.0,0.0,0.011836611,-0.0009123671,-0.35220483,0.00863949,-0.000118901,-0.317656,0.03470551577933099,9.848194636207607,9.827153311257804
PART-PIER-2,83,Pier/C3D8R,0.0,-10.0,50.0,8.1227516e-16,0.05157229,-0.017592408,-2.07565e-14,0.0174314,-0.0122919,0.03454990238843178,63.40558937357308,60.856474872012825
PART-PIER-1,161,Pier/C3D8R,0.0,10.0,50.0,-9.2517555e-15,-0.05157229,-0.017592408,-1.1431e-14,-0.0174314,-0.0122919,0.03454990238843178,63.40558937357308,60.856474872012825
PART-PIER-2,311,Pier/C3D8R,-5.0,-10.0,50.0,-0.00021984086,0.05153564,-0.017721802,-0.000158481,0.0174748,-0.0123474,0.03448229666648704,63.272582709404965,60.73713795524489
PART-PIER-2,627,Pier/C3D8R,5.0,-10.0,50.0,0.00021984086,0.05153564,-0.017721802,0.000158481,0.0174748,-0.0123474,0.03448229666648704,63.272582709404965,60.73713795524489
PART-PIER-1,389,Pier/C3D8R,-5.0,10.0,50.0,-0.00021984086,-0.05153564,-0.017721802,-0.000158481,-0.0174748,-0.0123474,0.03448229666648704,63.272582709404965,60.73713795524489
PART-PIER-1,549,Pier/C3D8R,5.0,10.0,50.0,0.00021984086,-0.05153564,-0.017721802,0.000158481,-0.0174748,-0.0123474,0.03448229666648704,63.272582709404965,60.73713795524489
PART-PIER-2,312,Pier/C3D8R,-10.0,-10.0,50.0,-0.00047513552,0.05138972,-0.017542526,-0.000302146,0.0173677,-0.0122681,0.03442887363658454,63.400846011414245,60.838968839839616
PART-PIER-2,628,Pier/C3D8R,10.0,-10.0,50.0,0.00047513552,0.05138972,-0.017542526,0.000302146,0.0173677,-0.0122681,0.03442887363658454,63.400846011414245,60.838968839839616
PART-PIER-1,390,Pier/C3D8R,-10.0,10.0,50.0,-0.00047513552,-0.05138972,-0.017542526,-0.000302146,-0.0173677,-0.0122681,0.03442887363658454,63.400846011414245,60.838968839839616
PART-PIER-1,550,Pier/C3D8R,10.0,10.0,50.0,0.00047513552,-0.05138972,-0.017542526,0.000302146,-0.0173677,-0.0122681,0.03442887363658454,63.400846011414245,60.838968839839616
PART-PIER-2,44,Pier/C3D8R,-15.0,-10.0,50.0,-0.00070027483,0.051112093,-0.017588886,-0.000510826,0.0172504,-0.0122494,0.0342806104734095,63.414088003847816,60.8510170686454
PART-PIER-2,249,Pier/C3D8R,15.0,-10.0,50.0,0.00070027483,0.051112093,-0.017588886,0.000510826,0.0172504,-0.0122494,0.0342806104734095,63.414088003847816,60.8510170686454
PART-PIER-1,122,Pier/C3D8R,-15.0,10.0,50.0,-0.00070027483,-0.051112093,-0.017588886,-0.000510826,-0.0172504,-0.0122494,0.0342806104734095,63.414088003847816,60.8510170686454
PART-PIER-1,210,Pier/C3D8R,15.0,10.0,50.0,0.00070027483,-0.051112093,-0.017588886,0.000510826,-0.0172504,-0.0122494,0.0342806104734095,63.414088003847816,60.8510170686454
PART-PIER-2,448,Pier/C3D8R,0.0,-15.0,50.0,-8.1674537e-17,0.051411517,-0.012193137,-3.33307e-14,0.0173714,-0.00996901,0.034112700073225186,64.5613566496095,62.09398213344151
PART-PIER-1,448,Pier/C3D8R,0.0,15.0,50.0,-8.84752e-15,-0.051411517,-0.012193137,-2.61996e-14,-0.0173714,-0.00996901,0.034112700073225186,64.5613566496095,62.09398213344151
PART-PIER-2,744,Pier/C3D8R,-5.0,-15.0,50.0,-0.00014073319,0.05133085,-0.012259089,-0.000117597,0.0173289,-0.00996326,0.03407937748672984,64.57530743998736,62.123320995754284
PART-PIER-2,822,Pier/C3D8R,5.0,-15.0,50.0,0.00014073319,0.05133085,-0.012259089,0.000117597,0.0173289,-0.00996326,0.03407937748672984,64.57530743998736,62.123320995754284
PART-PIER-1,744,Pier/C3D8R,-5.0,15.0,50.0,-0.00014073319,-0.05133085,-0.012259089,-0.000117597,-0.0173289,-0.00996326,0.03407937748672984,64.57530743998736,62.123320995754284
PART-PIER-1,822,Pier/C3D8R,5.0,15.0,50.0,0.00014073319,-0.05133085,-0.012259089,0.000117597,-0.0173289,-0.00996326,0.03407937748672984,64.57530743998736,62.123320995754284
PART-PIER-2,161,Pier/C3D8R,0.0,-20.0,50.0,-1.444432e-15,0.051292554,-0.006815711,-4.598e-14,0.0172219,-0.00758571,0.03407935390302635,65.8622167919495,63.63106842042323
PART-PIER-1,83,Pier/C3D8R,0.0,20.0,50.0,-8.2224775e-15,-0.051292554,-0.006815711,-4.0381e-14,-0.0172219,-0.00758571,0.03407935390302635,65.8622167919495,63.63106842042323
PART-PIER-2,745,Pier/C3D8R,-10.0,-15.0,50.0,-0.00028220957,0.051213257,-0.012149071,-0.000221439,0.0172186,-0.00991377,0.03406812246324161,64.72482795711167,62.24991721448782
PART-PIER-2,823,Pier/C3D8R,10.0,-15.0,50.0,0.00028220957,0.051213257,-0.012149071,0.000221439,0.0172186,-0.00991377,0.03406812246324161,64.72482795711167,62.24991721448782
PART-PIER-1,745,Pier/C3D8R,-10.0,15.0,50.0,-0.00028220957,-0.051213257,-0.012149071,-0.000221439,-0.0172186,-0.00991377,0.03406812246324161,64.72482795711167,62.24991721448782
PART-PIER-1,823,Pier/C3D8R,10.0,15.0,50.0,0.00028220957,-0.051213257,-0.012149071,0.000221439,-0.0172186,-0.00991377,0.03406812246324161,64.72482795711167,62.24991721448782
PART-PIER-2,389,Pier/C3D8R,-5.0,-20.0,50.0,-3.6915746e-05,0.0512437,-0.006810526,-4.50163e-05,0.01723,-0.00757162,0.03402221505701549,65.8142390771527,63.59305582312989
PART-PIER-2,549,Pier/C3D8R,5.0,-20.0,50.0,3.6915746e-05,0.0512437,-0.006810526,4.50163e-05,0.01723,-0.00757162,0.03402221505701549,65.8142390771527,63.59305582312989
PART-PIER-1,311,Pier/C3D8R,-5.0,20.0,50.0,-3.6915746e-05,-0.0512437,-0.006810526,-4.50163e-05,-0.01723,-0.00757162,0.03402221505701549,65.8142390771527,63.59305582312989
PART-PIER-1,627,Pier/C3D8R,5.0,20.0,50.0,3.6915746e-05,-0.0512437,-0.006810526,4.50163e-05,-0.01723,-0.00757162,0.03402221505701549,65.8142390771527,63.59305582312989
PART-PIER-2,390,Pier/C3D8R,-10.0,-20.0,50.0,-8.622953e-05,0.051113512,-0.00676498,-0.000110144,0.0171714,-0.00756589,0.033951568384251694,65.84952682900928,63.605722025159864
PART-PIER-2,550,Pier/C3D8R,10.0,-20.0,50.0,8.622953e-05,0.051113512,-0.00676498,0.000110144,0.0171714,-0.00756589,0.033951568384251694,65.84952682900928,63.605722025159864
PART-PIER-1,312,Pier/C3D8R,-10.0,20.0,50.0,-8.622953e-05,-0.051113512,-0.00676498,-0.000110144,-0.0171714,-0.00756589,0.033951568384251694,65.84952682900928,63.605722025159864
PART-PIER-1,628,Pier/C3D8R,10.0,20.0,50.0,8.622953e-05,-0.051113512,-0.00676498,0.000110144,-0.0171714,-0.00756589,0.033951568384251694,65.84952682900928,63.605722025159864
PART-PIER-2,487,Pier/C3D8R,-15.0,-15.0,50.0,-0.00040566424,0.050990447,-0.012155967,-0.000324722,0.0171341,-0.00988331,0.03393263552496732,64.73103694825272,62.26149806650352
PART-PIER-2,686,Pier/C3D8R,15.0,-15.0,50.0,0.00040566424,0.050990447,-0.012155967,0.000324722,0.0171341,-0.00988331,0.03393263552496732,64.73103694825272,62.26149806650352
PART-PIER-1,487,Pier/C3D8R,-15.0,15.0,50.0,-0.00040566424,-0.050990447,-0.012155967,-0.000324722,-0.0171341,-0.00988331,0.03393263552496732,64.73103694825272,62.26149806650352
PART-PIER-1,686,Pier/C3D8R,15.0,15.0,50.0,0.00040566424,-0.050990447,-0.012155967,0.000324722,-0.0171341,-0.00988331,0.03393263552496732,64.73103694825272,62.26149806650352
PART-PIER-2,122,Pier/C3D8R,-15.0,-20.0,50.0,-0.00013467221,0.050828762,-0.0067353146,-0.000165595,0.0170043,-0.00750482,0.03383322811038011,65.9861262057868,63.748107345927075
PART-PIER-2,210,Pier/C3D8R,15.0,-20.0,50.0,0.00013467221,0.050828762,-0.0067353146,0.000165595,0.0170043,-0.00750482,0.03383322811038011,65.9861262057868,63.748107345927075
PART-PIER-1,44,Pier/C3D8R,-15.0,20.0,50.0,-0.00013467221,-0.050828762,-0.0067353146,-0.000165595,-0.0170043,-0.00750482,0.03383322811038011,65.9861262057868,63.748107345927075
PART-PIER-1,249,Pier/C3D8R,15.0,20.0,50.0,0.00013467221,-0.050828762,-0.0067353146,0.000165595,-0.0170043,-0.00750482,0.03383322811038011,65.9861262057868,63.748107345927075
PART-SUPPORTBEAM-2,53,SupportBeam/B31,-173.33333,10.0,-16.0,-0.0056439163,0.0012304372,-0.1935615,-0.0022692,0.000353555,-0.160554,0.033191153772476216,17.13997018827371,17.08115042132624
PART-SUPPORTBEAM-2,296,SupportBeam/B31,173.33333,10.0,-16.0,0.0056439163,0.0012304372,-0.1935615,0.0022692,0.000353555,-0.160554,0.033191153772476216,17.13997018827371,17.08115042132624
PART-SUPPORTBEAM-1,53,SupportBeam/B31,-173.33333,-10.0,-16.0,-0.0056439163,-0.0012304372,-0.1935615,-0.0022692,-0.000353555,-0.160554,0.033191153772476216,17.13997018827371,17.08115042132624
PART-SUPPORTBEAM-1,296,SupportBeam/B31,173.33333,-10.0,-16.0,0.0056439163,-0.0012304372,-0.1935615,0.0022692,-0.000353555,-0.160554,0.033191153772476216,17.13997018827371,17.08115042132624
PART-FLOOR-1,34,Floor/S4R,155.0,10.0,0.0,-0.008376225,-0.0001552652,-0.23512654,-0.00813865,0.000185704,-0.202374,0.03275517635928058,13.92203717844754,13.9147672936476
PART-FLOOR-1,38,Floor/S4R,155.0,-10.0,0.0,-0.008376225,0.0001552652,-0.23512654,-0.00813865,-0.000185704,-0.202374,0.03275517635928058,13.92203717844754,13.9147672936476
PART-FLOOR-1,173,Floor/S4R,-155.0,10.0,0.0,0.008376225,-0.0001552652,-0.23512654,0.00813865,0.000185704,-0.202374,0.03275517635928058,13.92203717844754,13.9147672936476
PART-FLOOR-1,193,Floor/S4R,-155.0,-10.0,0.0,0.008376225,0.0001552652,-0.23512654,0.00813865,-0.000185704,-0.202374,0.03275517635928058,13.92203717844754,13.9147672936476
PART-FLOOR-1,261,Floor/S4R,155.0,0.0,0.0,-0.008265529,5.2952934e-15,-0.28017774,-0.00800243,-4.1043e-14,-0.247829,0.03234980990162696,11.541153090723109,11.53817708502146
PART-FLOOR-1,426,Floor/S4R,-155.0,0.0,0.0,0.008265529,2.9027442e-15,-0.28017774,0.00800243,-2.86357e-14,-0.247829,0.03234980990162696,11.541153090723109,11.53817708502146
PART-SUPPORTBEAM-2,116,SupportBeam/B31,-176.92308,10.0,-30.0,-0.009240649,0.002304476,-0.18631665,0.000572764,0.000838547,-0.155885,0.03200839490296429,17.157168196669698,16.440611239616874
PART-SUPPORTBEAM-2,284,SupportBeam/B31,176.92308,10.0,-30.0,0.009240649,0.002304476,-0.18631665,-0.000572764,0.000838547,-0.155885,0.03200839490296429,17.157168196669698,16.440611239616874
PART-SUPPORTBEAM-1,116,SupportBeam/B31,-176.92308,-10.0,-30.0,-0.009240649,-0.002304476,-0.18631665,0.000572764,-0.000838547,-0.155885,0.03200839490296429,17.157168196669698,16.440611239616874
PART-SUPPORTBEAM-1,284,SupportBeam/B31,176.92308,-10.0,-30.0,0.009240649,-0.002304476,-0.18631665,-0.000572764,-0.000838547,-0.155885,0.03200839490296429,17.157168196669698,16.440611239616874
PART-FLOOR-1,248,Floor/S4R,175.0,-5.0,0.0,-0.012418583,-0.0005585944,-0.3475478,-0.00883762,-5.99873e-05,-0.31578,0.03197287947444741,9.193684052975062,9.163066045110691
PART-FLOOR-1,250,Floor/S4R,175.0,5.0,0.0,-0.012418583,0.0005585944,-0.3475478,-0.00883762,5.99873e-05,-0.31578,0.03197287947444741,9.193684052975062,9.163066045110691
PART-FLOOR-1,437,Floor/S4R,-175.0,-5.0,0.0,0.012418583,-0.0005585944,-0.3475478,0.00883762,-5.99873e-05,-0.31578,0.03197287947444741,9.193684052975062,9.163066045110691
PART-FLOOR-1,439,Floor/S4R,-175.0,5.0,0.0,0.012418583,0.0005585944,-0.3475478,0.00883762,5.99873e-05,-0.31578,0.03197287947444741,9.193684052975062,9.163066045110691
PART-PIER-2,309,Pier/C3D8R,-5.08333,-10.0,45.0,-0.00024747275,0.046270747,-0.016796183,-0.000160563,0.0151495,-0.011761,0.03152606280497365,64.0441012957455,61.03745746651191
PART-PIER-2,625,Pier/C3D8R,5.08333,-10.0,45.0,0.00024747275,0.046270747,-0.016796183,0.000160563,0.0151495,-0.011761,0.03152606280497365,64.0441012957455,61.03745746651191
PART-PIER-1,387,Pier/C3D8R,-5.08333,10.0,45.0,-0.00024747275,-0.046270747,-0.016796183,-0.000160563,-0.0151495,-0.011761,0.03152606280497365,64.0441012957455,61.03745746651191
PART-PIER-1,547,Pier/C3D8R,5.08333,10.0,45.0,0.00024747275,-0.046270747,-0.016796183,0.000160563,-0.0151495,-0.011761,0.03152606280497365,64.0441012957455,61.03745746651191
PART-PIER-2,84,Pier/C3D8R,0.0,-10.0,45.0,8.728056e-16,0.046327047,-0.016927626,-1.8478e-14,0.015268,-0.0118214,0.03147598996872513,63.816292196477875,60.85074451921489
PART-PIER-1,160,Pier/C3D8R,0.0,10.0,45.0,-8.557869e-15,-0.046327047,-0.016927626,-1.01621e-14,-0.015268,-0.0118214,0.03147598996872513,63.816292196477875,60.85074451921489
PART-PIER-2,310,Pier/C3D8R,-10.16667,-10.0,45.0,-0.00047819546,0.046128925,-0.016869342,-0.000361664,0.0151128,-0.0117538,0.03143536797224678,63.998322132452444,61.01538410230757
PART-PIER-2,626,Pier/C3D8R,10.16667,-10.0,45.0,0.00047819546,0.046128925,-0.016869342,0.000361664,0.0151128,-0.0117538,0.03143536797224678,63.998322132452444,61.01538410230757
PART-PIER-1,388,Pier/C3D8R,-10.16667,10.0,45.0,-0.00047819546,-0.046128925,-0.016869342,-0.000361664,-0.0151128,-0.0117538,0.03143536797224678,63.998322132452444,61.01538410230757
PART-PIER-1,548,Pier/C3D8R,10.16667,10.0,45.0,0.00047819546,-0.046128925,-0.016869342,0.000361664,-0.0151128,-0.0117538,0.03143536797224678,63.998322132452444,61.01538410230757
PART-PIER-2,43,Pier/C3D8R,-15.25,-10.0,45.0,-0.00071178714,0.045921627,-0.016677275,-0.000465579,0.0149514,-0.0116734,0.03137282811439473,64.2078289908996,61.16678967753296
PART-PIER-2,250,Pier/C3D8R,15.25,-10.0,45.0,0.00071178714,0.045921627,-0.016677275,0.000465579,0.0149514,-0.0116734,0.03137282811439473,64.2078289908996,61.16678967753296
PART-PIER-1,123,Pier/C3D8R,-15.25,10.0,45.0,-0.00071178714,-0.045921627,-0.016677275,-0.000465579,-0.0149514,-0.0116734,0.03137282811439473,64.2078289908996,61.16678967753296
PART-PIER-1,209,Pier/C3D8R,15.25,10.0,45.0,0.00071178714,-0.045921627,-0.016677275,0.000465579,-0.0149514,-0.0116734,0.03137282811439473,64.2078289908996,61.16678967753296
PART-PIER-2,447,Pier/C3D8R,0.0,-15.0,45.0,-8.5317215e-17,0.04611157,-0.011802411,-3.02857e-14,0.0150344,-0.009576,0.031156819496698004,65.45819297157578,62.55084457407707
PART-PIER-1,447,Pier/C3D8R,0.0,15.0,45.0,-7.905762e-15,-0.04611157,-0.011802411,-2.34233e-14,-0.0150344,-0.009576,0.031156819496698004,65.45819297157578,62.55084457407707
PART-PIER-2,742,Pier/C3D8R,-5.08333,-15.0,45.0,-0.0001416113,0.04609096,-0.011722173,-0.000109285,0.0150237,-0.00957457,0.031141417558339903,65.48030642536096,62.53955100158749
PART-PIER-2,820,Pier/C3D8R,5.08333,-15.0,45.0,0.0001416113,0.04609096,-0.011722173,0.000109285,0.0150237,-0.00957457,0.031141417558339903,65.48030642536096,62.53955100158749
PART-PIER-1,742,Pier/C3D8R,-5.08333,15.0,45.0,-0.0001416113,-0.04609096,-0.011722173,-0.000109285,-0.0150237,-0.00957457,0.031141417558339903,65.48030642536096,62.53955100158749
PART-PIER-1,820,Pier/C3D8R,5.08333,15.0,45.0,0.0001416113,-0.04609096,-0.011722173,0.000109285,-0.0150237,-0.00957457,0.031141417558339903,65.48030642536096,62.53955100158749
PART-PIER-2,387,Pier/C3D8R,-5.08333,-20.0,45.0,-5.4669676e-05,0.045989584,-0.0066333055,-6.8661e-05,0.014956,-0.00739034,0.031042819344840336,66.80827423131792,64.09717311726565
PART-PIER-2,547,Pier/C3D8R,5.08333,-20.0,45.0,5.4669676e-05,0.045989584,-0.0066333055,6.8661e-05,0.014956,-0.00739034,0.031042819344840336,66.80827423131792,64.09717311726565
PART-PIER-1,309,Pier/C3D8R,-5.08333,20.0,45.0,-5.4669676e-05,-0.045989584,-0.0066333055,-6.8661e-05,-0.014956,-0.00739034,0.031042819344840336,66.80827423131792,64.09717311726565
PART-PIER-1,625,Pier/C3D8R,5.08333,20.0,45.0,5.4669676e-05,-0.045989584,-0.0066333055,6.8661e-05,-0.014956,-0.00739034,0.031042819344840336,66.80827423131792,64.09717311726565
PART-PIER-2,160,Pier/C3D8R,0.0,-20.0,45.0,-1.2549477e-15,0.046036005,-0.006657228,-4.20124e-14,0.0150146,-0.00741047,0.031030548523746544,66.71103987284702,64.0034335342569
PART-PIER-1,84,Pier/C3D8R,0.0,20.0,45.0,-7.555301e-15,-0.046036005,-0.006657228,-3.74121e-14,-0.0150146,-0.00741047,0.031030548523746544,66.71103987284702,64.0034335342569
PART-PIER-2,743,Pier/C3D8R,-10.16667,-15.0,45.0,-0.00028818488,0.045925062,-0.01174774,-0.00022352,0.0149824,-0.00955869,0.03102006533028984,65.43671380556006,62.50725143263908
PART-PIER-2,821,Pier/C3D8R,10.16667,-15.0,45.0,0.00028818488,0.045925062,-0.01174774,0.00022352,0.0149824,-0.00955869,0.03102006533028984,65.43671380556006,62.50725143263908
PART-PIER-1,743,Pier/C3D8R,-10.16667,15.0,45.0,-0.00028818488,-0.045925062,-0.01174774,-0.00022352,-0.0149824,-0.00955869,0.03102006533028984,65.43671380556006,62.50725143263908
PART-PIER-1,821,Pier/C3D8R,10.16667,15.0,45.0,0.00028818488,-0.045925062,-0.01174774,0.00022352,-0.0149824,-0.00955869,0.03102006533028984,65.43671380556006,62.50725143263908
PART-PIER-2,388,Pier/C3D8R,-10.16667,-20.0,45.0,-0.0001010736,0.045835227,-0.0066103837,-0.00012482,0.0148472,-0.00734451,0.030996730838406067,66.93376118097773,64.23000962504676
PART-PIER-2,548,Pier/C3D8R,10.16667,-20.0,45.0,0.0001010736,0.045835227,-0.0066103837,0.00012482,0.0148472,-0.00734451,0.030996730838406067,66.93376118097773,64.23000962504676
PART-PIER-1,310,Pier/C3D8R,-10.16667,20.0,45.0,-0.0001010736,-0.045835227,-0.0066103837,-0.00012482,-0.0148472,-0.00734451,0.030996730838406067,66.93376118097773,64.23000962504676
PART-PIER-1,626,Pier/C3D8R,10.16667,20.0,45.0,0.0001010736,-0.045835227,-0.0066103837,0.00012482,-0.0148472,-0.00734451,0.030996730838406067,66.93376118097773,64.23000962504676
PART-PIER-2,486,Pier/C3D8R,-15.25,-15.0,45.0,-0.00043897048,0.045672234,-0.011623468,-0.000340761,0.0147925,-0.00949075,0.030953450584389485,65.67654295914555,62.701923553501395
PART-PIER-2,685,Pier/C3D8R,15.25,-15.0,45.0,0.00043897048,0.045672234,-0.011623468,0.000340761,0.0147925,-0.00949075,0.030953450584389485,65.67654295914555,62.701923553501395
PART-PIER-1,486,Pier/C3D8R,-15.25,15.0,45.0,-0.00043897048,-0.045672234,-0.011623468,-0.000340761,-0.0147925,-0.00949075,0.030953450584389485,65.67654295914555,62.701923553501395
PART-PIER-1,685,Pier/C3D8R,15.25,15.0,45.0,0.00043897048,-0.045672234,-0.011623468,0.000340761,-0.0147925,-0.00949075,0.030953450584389485,65.67654295914555,62.701923553501395
PART-PIER-2,123,Pier/C3D8R,-15.25,-20.0,45.0,-0.0001476793,0.04563398,-0.006547909,-0.000193568,0.0147625,-0.00732142,0.03088120305995718,66.98510784421295,64.25407024147954
PART-PIER-2,209,Pier/C3D8R,15.25,-20.0,45.0,0.0001476793,0.04563398,-0.006547909,0.000193568,0.0147625,-0.00732142,0.03088120305995718,66.98510784421295,64.25407024147954
PART-PIER-1,43,Pier/C3D8R,-15.25,20.0,45.0,-0.0001476793,-0.04563398,-0.006547909,-0.000193568,-0.0147625,-0.00732142,0.03088120305995718,66.98510784421295,64.25407024147954
PART-PIER-1,250,Pier/C3D8R,15.25,20.0,45.0,0.0001476793,-0.04563398,-0.006547909,0.000193568,-0.0147625,-0.00732142,0.03088120305995718,66.98510784421295,64.25407024147954
PART-SUPPORTBEAM-2,54,SupportBeam/B31,-176.66667,10.0,-14.0,-0.0031451732,0.0010392817,-0.18787493,-0.00134754,0.000284494,-0.157223,0.0307138731246763,16.345502014335874,16.324865633219282
PART-SUPPORTBEAM-2,297,SupportBeam/B31,176.66667,10.0,-14.0,0.0031451732,0.0010392817,-0.18787493,0.00134754,0.000284494,-0.157223,0.0307138731246763,16.345502014335874,16.324865633219282
PART-SUPPORTBEAM-1,54,SupportBeam/B31,-176.66667,-10.0,-14.0,-0.0031451732,-0.0010392817,-0.18787493,-0.00134754,-0.000284494,-0.157223,0.0307138731246763,16.345502014335874,16.324865633219282
PART-SUPPORTBEAM-1,297,SupportBeam/B31,176.66667,-10.0,-14.0,0.0031451732,-0.0010392817,-0.18787493,0.00134754,-0.000284494,-0.157223,0.0307138731246763,16.345502014335874,16.324865633219282
PART-FLOOR-1,257,Floor/S4R,160.0,-5.0,0.0,-0.008399302,0.0002003054,-0.29619923,-0.00826598,-8.77182e-05,-0.266414,0.029786920930212655,10.05233716499816,10.048700849746266
PART-FLOOR-1,259,Floor/S4R,160.0,5.0,0.0,-0.008399302,-0.0002003054,-0.29619923,-0.00826598,8.77182e-05,-0.266414,0.029786920930212655,10.05233716499816,10.048700849746266
PART-FLOOR-1,428,Floor/S4R,-160.0,-5.0,0.0,0.008399302,0.0002003054,-0.29619923,0.00826598,-8.77182e-05,-0.266414,0.029786920930212655,10.05233716499816,10.048700849746266
PART-FLOOR-1,430,Floor/S4R,-160.0,5.0,0.0,0.008399302,-0.0002003054,-0.29619923,0.00826598,8.77182e-05,-0.266414,0.029786920930212655,10.05233716499816,10.048700849746266
PART-SUPPORTBEAM-2,117,SupportBeam/B31,-180.76923,10.0,-30.0,-0.008968878,0.0022721798,-0.17889515,0.000337735,0.000859303,-0.151142,0.029306084714718333,16.35984480255231,15.624832762865676
PART-SUPPORTBEAM-2,285,SupportBeam/B31,180.76923,10.0,-30.0,0.008968878,0.0022721798,-0.17889515,-0.000337735,0.000859303,-0.151142,0.029306084714718333,16.35984480255231,15.624832762865676
PART-SUPPORTBEAM-1,117,SupportBeam/B31,-180.76923,-10.0,-30.0,-0.008968878,-0.0022721798,-0.17889515,0.000337735,-0.000859303,-0.151142,0.029306084714718333,16.35984480255231,15.624832762865676
PART-SUPPORTBEAM-1,285,SupportBeam/B31,180.76923,-10.0,-30.0,0.008968878,-0.0022721798,-0.17889515,-0.000337735,-0.000859303,-0.151142,0.029306084714718333,16.35984480255231,15.624832762865676
PART-FLOOR-1,246,Floor/S4R,180.0,0.0,0.0,-0.0133201005,3.864512e-15,-0.32225585,-0.00904304,-2.71711e-14,-0.293539,0.029033613630465655,9.001805085180607,8.945731020533026
PART-FLOOR-1,441,Floor/S4R,-180.0,0.0,0.0,0.0133201005,1.8774875e-15,-0.32225585,0.00904304,-1.76253e-14,-0.293539,0.029033613630465655,9.001805085180607,8.945731020533026
PART-PIER-2,85,Pier/C3D8R,0.0,-10.0,40.0,8.826385e-16,0.041368093,-0.016028972,-1.61179e-14,0.0130132,-0.0112035,0.028762564855454614,64.83175901609185,61.294788910917354
PART-PIER-1,159,Pier/C3D8R,0.0,10.0,40.0,-7.684999e-15,-0.041368093,-0.016028972,-8.52316e-15,-0.0130132,-0.0112035,0.028762564855454614,64.83175901609185,61.294788910917354
PART-FLOOR-1,29,Floor/S4R,180.0,10.0,0.0,-0.013309859,0.0014304875,-0.32286304,-0.00899465,9.97966e-05,-0.294532,0.028688666655434205,8.878080078640561,8.810753743480621
PART-FLOOR-1,43,Floor/S4R,180.0,-10.0,0.0,-0.013309859,-0.0014304875,-0.32286304,-0.00899465,-9.97966e-05,-0.294532,0.028688666655434205,8.878080078640561,8.810753743480621
PART-FLOOR-1,178,Floor/S4R,-180.0,10.0,0.0,0.013309859,0.0014304875,-0.32286304,0.00899465,9.97966e-05,-0.294532,0.028688666655434205,8.878080078640561,8.810753743480621
PART-FLOOR-1,188,Floor/S4R,-180.0,-10.0,0.0,0.013309859,-0.0014304875,-0.32286304,0.00899465,-9.97966e-05,-0.294532,0.028688666655434205,8.878080078640561,8.810753743480621
PART-PIER-2,307,Pier/C3D8R,-5.16667,-10.0,40.0,-0.00024322202,0.041325163,-0.016109137,-0.000186085,0.0131056,-0.011222,0.02863967717357848,64.56976854769519,61.09830562769895
PART-PIER-2,623,Pier/C3D8R,5.16667,-10.0,40.0,0.00024322202,0.041325163,-0.016109137,0.000186085,0.0131056,-0.011222,0.02863967717357848,64.56976854769519,61.09830562769895
PART-PIER-1,385,Pier/C3D8R,-5.16667,10.0,40.0,-0.00024322202,-0.041325163,-0.016109137,-0.000186085,-0.0131056,-0.011222,0.02863967717357848,64.56976854769519,61.09830562769895
PART-PIER-1,545,Pier/C3D8R,5.16667,10.0,40.0,0.00024322202,-0.041325163,-0.016109137,0.000186085,-0.0131056,-0.011222,0.02863967717357848,64.56976854769519,61.09830562769895
PART-PIER-2,308,Pier/C3D8R,-10.33333,-10.0,40.0,-0.00049128296,0.041176163,-0.015975164,-0.000307963,0.012966,-0.0111892,0.02861384899141672,64.78226780434922,61.21913734898976
PART-PIER-2,624,Pier/C3D8R,10.33333,-10.0,40.0,0.00049128296,0.041176163,-0.015975164,0.000307963,0.012966,-0.0111892,0.02861384899141672,64.78226780434922,61.21913734898976
PART-PIER-1,386,Pier/C3D8R,-10.33333,10.0,40.0,-0.00049128296,-0.041176163,-0.015975164,-0.000307963,-0.012966,-0.0111892,0.02861384899141672,64.78226780434922,61.21913734898976
PART-PIER-1,546,Pier/C3D8R,10.33333,10.0,40.0,0.00049128296,-0.041176163,-0.015975164,0.000307963,-0.012966,-0.0111892,0.02861384899141672,64.78226780434922,61.21913734898976
PART-PIER-2,42,Pier/C3D8R,-15.5,-10.0,40.0,-0.00075312756,0.04090348,-0.015976006,-0.000561224,0.0128718,-0.0111123,0.028451143151957473,64.78067472584323,61.26031432391636
PART-PIER-2,251,Pier/C3D8R,15.5,-10.0,40.0,0.00075312756,0.04090348,-0.015976006,0.000561224,0.0128718,-0.0111123,0.028451143151957473,64.78067472584323,61.26031432391636
PART-PIER-1,124,Pier/C3D8R,-15.5,10.0,40.0,-0.00075312756,-0.04090348,-0.015976006,-0.000561224,-0.0128718,-0.0111123,0.028451143151957473,64.78067472584323,61.26031432391636
PART-PIER-1,208,Pier/C3D8R,15.5,10.0,40.0,0.00075312756,-0.04090348,-0.015976006,0.000561224,-0.0128718,-0.0111123,0.028451143151957473,64.78067472584323,61.26031432391636
PART-SUPPORTBEAM-2,55,SupportBeam/B31,-180.0,10.0,-12.0,-5.75484e-05,0.0008461344,-0.18120109,0.000162539,0.000214256,-0.152905,0.028304000036463488,15.6200440234819,15.61664349574514
PART-SUPPORTBEAM-2,298,SupportBeam/B31,180.0,10.0,-12.0,5.75484e-05,0.0008461344,-0.18120109,-0.000162539,0.000214256,-0.152905,0.028304000036463488,15.6200440234819,15.61664349574514
PART-SUPPORTBEAM-1,55,SupportBeam/B31,-180.0,-10.0,-12.0,-5.75484e-05,-0.0008461344,-0.18120109,0.000162539,-0.000214256,-0.152905,0.028304000036463488,15.6200440234819,15.61664349574514
PART-SUPPORTBEAM-1,298,SupportBeam/B31,180.0,-10.0,-12.0,5.75484e-05,-0.0008461344,-0.18120109,-0.000162539,-0.000214256,-0.152905,0.028304000036463488,15.6200440234819,15.61664349574514
PART-PIER-2,446,Pier/C3D8R,0.0,-15.0,40.0,-5.7572075e-17,0.041194305,-0.011247359,-2.73465e-14,0.0129862,-0.00923305,0.028279933317433864,66.22601321171967,62.68585080600032
PART-PIER-1,446,Pier/C3D8R,0.0,15.0,40.0,-7.332069e-15,-0.041194305,-0.011247359,-2.12172e-14,-0.0129862,-0.00923305,0.028279933317433864,66.22601321171967,62.68585080600032
PART-PIER-2,740,Pier/C3D8R,-5.16667,-15.0,40.0,-0.000155967,0.041122727,-0.01128991,-0.000121137,0.012943,-0.00919815,0.02825727670567404,66.26220471799333,62.76442398783693
PART-PIER-2,818,Pier/C3D8R,5.16667,-15.0,40.0,0.000155967,0.041122727,-0.01128991,0.000121137,0.012943,-0.00919815,0.02825727670567404,66.26220471799333,62.76442398783693
PART-PIER-1,740,Pier/C3D8R,-5.16667,15.0,40.0,-0.000155967,-0.041122727,-0.01128991,-0.000121137,-0.012943,-0.00919815,0.02825727670567404,66.26220471799333,62.76442398783693
PART-PIER-1,818,Pier/C3D8R,5.16667,15.0,40.0,0.000155967,-0.041122727,-0.01128991,0.000121137,-0.012943,-0.00919815,0.02825727670567404,66.26220471799333,62.76442398783693
PART-PIER-2,159,Pier/C3D8R,0.0,-20.0,40.0,-1.1338233e-15,0.041071646,-0.006470205,-3.81258e-14,0.0128232,-0.0071499,0.028256621997470633,67.96024595560387,64.68865314889022
PART-PIER-1,85,Pier/C3D8R,0.0,20.0,40.0,-6.6298954e-15,-0.041071646,-0.006470205,-3.40609e-14,-0.0128232,-0.0071499,0.028256621997470633,67.96024595560387,64.68865314889022
PART-PIER-2,741,Pier/C3D8R,-10.33333,-15.0,40.0,-0.00030363468,0.04099385,-0.011194325,-0.000246383,0.0128149,-0.00915729,0.028252539929156592,66.4829905748541,62.93193002563912
PART-PIER-2,819,Pier/C3D8R,10.33333,-15.0,40.0,0.00030363468,0.04099385,-0.011194325,0.000246383,0.0128149,-0.00915729,0.028252539929156592,66.4829905748541,62.93193002563912
PART-PIER-1,741,Pier/C3D8R,-10.33333,15.0,40.0,-0.00030363468,-0.04099385,-0.011194325,-0.000246383,-0.0128149,-0.00915729,0.028252539929156592,66.4829905748541,62.93193002563912
PART-PIER-1,819,Pier/C3D8R,10.33333,15.0,40.0,0.00030363468,-0.04099385,-0.011194325,0.000246383,-0.0128149,-0.00915729,0.028252539929156592,66.4829905748541,62.93193002563912
PART-PIER-2,385,Pier/C3D8R,-5.16667,-20.0,40.0,-5.396977e-05,0.04102063,-0.0064719203,-6.38616e-05,0.0128238,-0.00716747,0.028205409220260765,67.91889912275366,64.62384174317489
PART-PIER-2,545,Pier/C3D8R,5.16667,-20.0,40.0,5.396977e-05,0.04102063,-0.0064719203,6.38616e-05,0.0128238,-0.00716747,0.028205409220260765,67.91889912275366,64.62384174317489
PART-PIER-1,307,Pier/C3D8R,-5.16667,20.0,40.0,-5.396977e-05,-0.04102063,-0.0064719203,-6.38616e-05,-0.0128238,-0.00716747,0.028205409220260765,67.91889912275366,64.62384174317489
PART-PIER-1,623,Pier/C3D8R,5.16667,20.0,40.0,5.396977e-05,-0.04102063,-0.0064719203,6.38616e-05,-0.0128238,-0.00716747,0.028205409220260765,67.91889912275366,64.62384174317489
PART-PIER-2,386,Pier/C3D8R,-10.33333,-20.0,40.0,-0.000112970134,0.04088095,-0.0064188396,-0.000134057,0.0127805,-0.00714327,0.028109794276423683,67.92765868408436,64.61765278833423
PART-PIER-2,546,Pier/C3D8R,10.33333,-20.0,40.0,0.000112970134,0.04088095,-0.0064188396,0.000134057,0.0127805,-0.00714327,0.028109794276423683,67.92765868408436,64.61765278833423
PART-PIER-1,308,Pier/C3D8R,-10.33333,20.0,40.0,-0.000112970134,-0.04088095,-0.0064188396,-0.000134057,-0.0127805,-0.00714327,0.028109794276423683,67.92765868408436,64.61765278833423
PART-PIER-1,624,Pier/C3D8R,10.33333,20.0,40.0,0.000112970134,-0.04088095,-0.0064188396,0.000134057,-0.0127805,-0.00714327,0.028109794276423683,67.92765868408436,64.61765278833423
PART-PIER-2,485,Pier/C3D8R,-15.5,-15.0,40.0,-0.00045824243,0.040758308,-0.011176341,-0.000365883,0.0127483,-0.00911674,0.02808577993760499,66.45106793614703,62.90818212478187
PART-PIER-2,684,Pier/C3D8R,15.5,-15.0,40.0,0.00045824243,0.040758308,-0.011176341,0.000365883,0.0127483,-0.00911674,0.02808577993760499,66.45106793614703,62.90818212478187
PART-PIER-1,485,Pier/C3D8R,-15.5,15.0,40.0,-0.00045824243,-0.040758308,-0.011176341,-0.000365883,-0.0127483,-0.00911674,0.02808577993760499,66.45106793614703,62.90818212478187
PART-PIER-1,684,Pier/C3D8R,15.5,15.0,40.0,0.00045824243,-0.040758308,-0.011176341,0.000365883,-0.0127483,-0.00911674,0.02808577993760499,66.45106793614703,62.90818212478187
PART-PIER-2,124,Pier/C3D8R,-15.5,-20.0,40.0,-0.00017752698,0.040602405,-0.006389363,-0.000191873,0.012582,-0.00708692,0.028029090030547973,68.19324698926143,64.86368736433636
PART-PIER-2,208,Pier/C3D8R,15.5,-20.0,40.0,0.00017752698,0.040602405,-0.006389363,0.000191873,0.012582,-0.00708692,0.028029090030547973,68.19324698926143,64.86368736433636
PART-PIER-1,42,Pier/C3D8R,-15.5,20.0,40.0,-0.00017752698,-0.040602405,-0.006389363,-0.000191873,-0.012582,-0.00708692,0.028029090030547973,68.19324698926143,64.86368736433636
PART-PIER-1,251,Pier/C3D8R,15.5,20.0,40.0,0.00017752698,-0.040602405,-0.006389363,0.000191873,-0.012582,-0.00708692,0.028029090030547973,68.19324698926143,64.86368736433636
PART-FLOOR-1,255,Floor/S4R,165.0,0.0,0.0,-0.0083213,4.793213e-15,-0.33100718,-0.00845802,-3.55596e-14,-0.30391,0.027097524911157474,8.183800223909664,8.17974151039953
PART-FLOOR-1,432,Floor/S4R,-165.0,0.0,0.0,0.0083213,2.4892644e-15,-0.33100718,0.00845802,-2.40325e-14,-0.30391,0.027097524911157474,8.183800223909664,8.17974151039953
PART-FLOOR-1,32,Floor/S4R,165.0,10.0,0.0,-0.008237143,-0.0005725533,-0.32655925,-0.00844978,0.000126815,-0.299634,0.02693517065242607,8.245537249221579,8.237977523756005
PART-FLOOR-1,40,Floor/S4R,165.0,-10.0,0.0,-0.008237143,0.0005725533,-0.32655925,-0.00844978,-0.000126815,-0.299634,0.02693517065242607,8.245537249221579,8.237977523756005
PART-FLOOR-1,175,Floor/S4R,-165.0,10.0,0.0,0.008237143,-0.0005725533,-0.32655925,0.00844978,0.000126815,-0.299634,0.02693517065242607,8.245537249221579,8.237977523756005
PART-FLOOR-1,191,Floor/S4R,-165.0,-10.0,0.0,0.008237143,0.0005725533,-0.32655925,0.00844978,-0.000126815,-0.299634,0.02693517065242607,8.245537249221579,8.237977523756005
PART-SUPPORTBEAM-2,118,SupportBeam/B31,-184.61539,10.0,-30.0,-0.008697105,0.002238647,-0.1706445,0.000102706,0.000882126,-0.14554,0.026636680407084553,15.587885697879855,14.827858220110965
PART-SUPPORTBEAM-2,286,SupportBeam/B31,184.61539,10.0,-30.0,0.008697105,0.002238647,-0.1706445,-0.000102706,0.000882126,-0.14554,0.026636680407084553,15.587885697879855,14.827858220110965
PART-SUPPORTBEAM-1,118,SupportBeam/B31,-184.61539,-10.0,-30.0,-0.008697105,-0.002238647,-0.1706445,0.000102706,-0.000882126,-0.14554,0.026636680407084553,15.587885697879855,14.827858220110965
PART-SUPPORTBEAM-1,286,SupportBeam/B31,184.61539,-10.0,-30.0,0.008697105,-0.002238647,-0.1706445,-0.000102706,-0.000882126,-0.14554,0.026636680407084553,15.587885697879855,14.827858220110965
PART-FLOOR-1,242,Floor/S4R,185.0,-5.0,0.0,-0.014428736,-0.00061149517,-0.27754265,-0.00922148,5.33803e-06,-0.251949,0.02612529269823899,9.400355798103384,9.283463185866252
PART-FLOOR-1,244,Floor/S4R,185.0,5.0,0.0,-0.014428736,0.00061149517,-0.27754265,-0.00922148,-5.33803e-06,-0.251949,0.02612529269823899,9.400355798103384,9.283463185866252
PART-FLOOR-1,443,Floor/S4R,-185.0,-5.0,0.0,0.014428736,-0.00061149517,-0.27754265,0.00922148,5.33803e-06,-0.251949,0.02612529269823899,9.400355798103384,9.283463185866252
PART-FLOOR-1,445,Floor/S4R,-185.0,5.0,0.0,0.014428736,0.00061149517,-0.27754265,0.00922148,-5.33803e-06,-0.251949,0.02612529269823899,9.400355798103384,9.283463185866252
PART-SUPPORTBEAM-2,56,SupportBeam/B31,-183.33333,10.0,-10.0,0.003510443,0.0006513361,-0.17372076,0.00216535,0.00014344,-0.14776,0.02600054409824233,14.963700696372795,14.952746734574307
PART-SUPPORTBEAM-2,299,SupportBeam/B31,183.33333,10.0,-10.0,-0.003510443,0.0006513361,-0.17372076,-0.00216535,0.00014344,-0.14776,0.02600054409824233,14.963700696372795,14.952746734574307
PART-SUPPORTBEAM-1,56,SupportBeam/B31,-183.33333,-10.0,-10.0,0.003510443,-0.0006513361,-0.17372076,0.00216535,-0.00014344,-0.14776,0.02600054409824233,14.963700696372795,14.952746734574307
PART-SUPPORTBEAM-1,299,SupportBeam/B31,183.33333,-10.0,-10.0,-0.003510443,-0.0006513361,-0.17372076,-0.00216535,-0.00014344,-0.14776,0.02600054409824233,14.963700696372795,14.952746734574307
PART-PIER-2,305,Pier/C3D8R,-5.25,-10.0,35.0,-0.00025523303,0.03668692,-0.015213788,-0.000157859,0.011089,-0.0106643,0.025999246740824287,65.46095438606528,61.26198772722523
PART-PIER-2,621,Pier/C3D8R,5.25,-10.0,35.0,0.00025523303,0.03668692,-0.015213788,0.000157859,0.011089,-0.0106643,0.025999246740824287,65.46095438606528,61.26198772722523
PART-PIER-1,383,Pier/C3D8R,-5.25,10.0,35.0,-0.00025523303,-0.03668692,-0.015213788,-0.000157859,-0.011089,-0.0106643,0.025999246740824287,65.46095438606528,61.26198772722523
PART-PIER-1,543,Pier/C3D8R,5.25,10.0,35.0,0.00025523303,-0.03668692,-0.015213788,0.000157859,-0.011089,-0.0106643,0.025999246740824287,65.46095438606528,61.26198772722523
PART-PIER-2,86,Pier/C3D8R,0.0,-10.0,35.0,9.427192e-16,0.036741085,-0.015302422,-1.4252e-14,0.0112712,-0.0106771,0.025886456797269666,65.04070315258733,60.99165280869724
PART-PIER-1,158,Pier/C3D8R,0.0,10.0,35.0,-7.0539396e-15,-0.036741085,-0.015302422,-7.09927e-15,-0.0112712,-0.0106771,0.025886456797269666,65.04070315258733,60.99165280869724
PART-PIER-2,306,Pier/C3D8R,-10.5,-10.0,35.0,-0.0005142001,0.036539104,-0.015240015,-0.000403494,0.0110801,-0.0105973,0.02587910243968709,65.36234476026488,61.26276337591969
PART-PIER-2,622,Pier/C3D8R,10.5,-10.0,35.0,0.0005142001,0.036539104,-0.015240015,0.000403494,0.0110801,-0.0105973,0.02587910243968709,65.36234476026488,61.26276337591969
PART-PIER-1,384,Pier/C3D8R,-10.5,10.0,35.0,-0.0005142001,-0.036539104,-0.015240015,-0.000403494,-0.0110801,-0.0105973,0.02587910243968709,65.36234476026488,61.26276337591969
PART-PIER-1,544,Pier/C3D8R,10.5,10.0,35.0,0.0005142001,-0.036539104,-0.015240015,0.000403494,-0.0110801,-0.0105973,0.02587910243968709,65.36234476026488,61.26276337591969
PART-PIER-2,41,Pier/C3D8R,-15.75,-10.0,35.0,-0.00074861484,0.036312673,-0.015080765,-0.000479973,0.010892,-0.0105789,0.025817621360019836,65.64886284573728,61.3713724876152
PART-PIER-2,252,Pier/C3D8R,15.75,-10.0,35.0,0.00074861484,0.036312673,-0.015080765,0.000479973,0.010892,-0.0105789,0.025817621360019836,65.64886284573728,61.3713724876152
PART-PIER-1,125,Pier/C3D8R,-15.75,10.0,35.0,-0.00074861484,-0.036312673,-0.015080765,-0.000479973,-0.010892,-0.0105789,0.025817621360019836,65.64886284573728,61.3713724876152
PART-PIER-1,207,Pier/C3D8R,15.75,10.0,35.0,0.00074861484,-0.036312673,-0.015080765,0.000479973,-0.010892,-0.0105789,0.025817621360019836,65.64886284573728,61.3713724876152
PART-PIER-2,445,Pier/C3D8R,0.0,-15.0,35.0,-8.700146e-17,0.036521655,-0.010798302,-2.43296e-14,0.0109768,-0.00877473,0.025624879718941295,67.28414814836934,63.1006167834062
PART-PIER-1,445,Pier/C3D8R,0.0,15.0,35.0,-6.4224317e-15,-0.036521655,-0.010798302,-1.90247e-14,-0.0109768,-0.00877473,0.025624879718941295,67.28414814836934,63.1006167834062
PART-PIER-2,738,Pier/C3D8R,-5.25,-15.0,35.0,-0.00015508242,0.036490206,-0.01073893,-0.000127475,0.0109666,-0.00880282,0.02559694800840473,67.29322760055429,63.02860812910496
PART-PIER-2,816,Pier/C3D8R,5.25,-15.0,35.0,0.00015508242,0.036490206,-0.01073893,0.000127475,0.0109666,-0.00880282,0.02559694800840473,67.29322760055429,63.02860812910496
PART-PIER-1,738,Pier/C3D8R,-5.25,15.0,35.0,-0.00015508242,-0.036490206,-0.01073893,-0.000127475,-0.0109666,-0.00880282,0.02559694800840473,67.29322760055429,63.02860812910496
PART-PIER-1,816,Pier/C3D8R,5.25,15.0,35.0,0.00015508242,-0.036490206,-0.01073893,0.000127475,-0.0109666,-0.00880282,0.02559694800840473,67.29322760055429,63.02860812910496
PART-PIER-2,158,Pier/C3D8R,0.0,-20.0,35.0,-9.589343e-16,0.03642965,-0.0062824204,-3.46646e-14,0.0109487,-0.00698648,0.025490675017010675,68.95448228533574,64.86667004828523
PART-PIER-1,86,Pier/C3D8R,0.0,20.0,35.0,-6.0550154e-15,-0.03642965,-0.0062824204,-3.09079e-14,-0.0109487,-0.00698648,0.025490675017010675,68.95448228533574,64.86667004828523
PART-PIER-2,383,Pier/C3D8R,-5.25,-20.0,35.0,-6.638721e-05,0.036381934,-0.006254254,-7.54711e-05,0.0109021,-0.00692883,0.025488763719811708,69.04595653658781,65.00718929676603
PART-PIER-2,543,Pier/C3D8R,5.25,-20.0,35.0,6.638721e-05,0.036381934,-0.006254254,7.54711e-05,0.0109021,-0.00692883,0.025488763719811708,69.04595653658781,65.00718929676603
PART-PIER-1,305,Pier/C3D8R,-5.25,20.0,35.0,-6.638721e-05,-0.036381934,-0.006254254,-7.54711e-05,-0.0109021,-0.00692883,0.025488763719811708,69.04595653658781,65.00718929676603
PART-PIER-1,621,Pier/C3D8R,5.25,20.0,35.0,6.638721e-05,-0.036381934,-0.006254254,7.54711e-05,-0.0109021,-0.00692883,0.025488763719811708,69.04595653658781,65.00718929676603
PART-PIER-2,384,Pier/C3D8R,-10.5,-20.0,35.0,-0.0001313642,0.036227006,-0.006228235,-0.000149347,0.0107732,-0.00690467,0.025462798895171692,69.27007498563003,65.18698877008157
PART-PIER-2,544,Pier/C3D8R,10.5,-20.0,35.0,0.0001313642,0.036227006,-0.006228235,0.000149347,0.0107732,-0.00690467,0.025462798895171692,69.27007498563003,65.18698877008157
PART-PIER-1,306,Pier/C3D8R,-10.5,20.0,35.0,-0.0001313642,-0.036227006,-0.006228235,-0.000149347,-0.0107732,-0.00690467,0.025462798895171692,69.27007498563003,65.18698877008157
PART-PIER-1,622,Pier/C3D8R,10.5,20.0,35.0,0.0001313642,-0.036227006,-0.006228235,0.000149347,-0.0107732,-0.00690467,0.025462798895171692,69.27007498563003,65.18698877008157
PART-PIER-2,739,Pier/C3D8R,-10.5,-15.0,35.0,-0.000321417,0.03632573,-0.010741727,-0.000244105,0.010941,-0.00876688,0.025461549736645116,67.21277423997174,62.984431284015876
PART-PIER-2,817,Pier/C3D8R,10.5,-15.0,35.0,0.000321417,0.03632573,-0.010741727,0.000244105,0.010941,-0.00876688,0.025461549736645116,67.21277423997174,62.984431284015876
PART-PIER-1,739,Pier/C3D8R,-10.5,15.0,35.0,-0.000321417,-0.03632573,-0.010741727,-0.000244105,-0.010941,-0.00876688,0.025461549736645116,67.21277423997174,62.984431284015876
PART-PIER-1,817,Pier/C3D8R,10.5,15.0,35.0,0.000321417,-0.03632573,-0.010741727,0.000244105,-0.010941,-0.00876688,0.025461549736645116,67.21277423997174,62.984431284015876
PART-PIER-2,484,Pier/C3D8R,-15.75,-15.0,35.0,-0.00047446793,0.03606922,-0.0106308665,-0.000372819,0.0107204,-0.0087008,0.025422394942093723,67.60153862257344,63.272189842224805
PART-PIER-2,683,Pier/C3D8R,15.75,-15.0,35.0,0.00047446793,0.03606922,-0.0106308665,0.000372819,0.0107204,-0.0087008,0.025422394942093723,67.60153862257344,63.272189842224805
PART-PIER-1,484,Pier/C3D8R,-15.75,15.0,35.0,-0.00047446793,-0.03606922,-0.0106308665,-0.000372819,-0.0107204,-0.0087008,0.025422394942093723,67.60153862257344,63.272189842224805
PART-PIER-1,683,Pier/C3D8R,15.75,15.0,35.0,0.00047446793,-0.03606922,-0.0106308665,0.000372819,-0.0107204,-0.0087008,0.025422394942093723,67.60153862257344,63.272189842224805
PART-PIER-2,125,Pier/C3D8R,-15.75,-20.0,35.0,-0.00018918312,0.036005612,-0.006158441,-0.000236877,0.010713,-0.00686333,0.02530247744769382,69.26686258960243,65.16419657122665
PART-PIER-2,207,Pier/C3D8R,15.75,-20.0,35.0,0.00018918312,0.036005612,-0.006158441,0.000236877,0.010713,-0.00686333,0.02530247744769382,69.26686258960243,65.16419657122665
PART-PIER-1,41,Pier/C3D8R,-15.75,20.0,35.0,-0.00018918312,-0.036005612,-0.006158441,-0.000236877,-0.010713,-0.00686333,0.02530247744769382,69.26686258960243,65.16419657122665
PART-PIER-1,252,Pier/C3D8R,15.75,20.0,35.0,0.00018918312,-0.036005612,-0.006158441,0.000236877,-0.010713,-0.00686333,0.02530247744769382,69.26686258960243,65.16419657122665
PART-FLOOR-1,251,Floor/S4R,170.0,-5.0,0.0,-0.008015968,0.00041124248,-0.34938383,-0.00864723,-6.1e-05,-0.324926,0.024470532339560192,7.002063444217138,6.991886479244257
PART-FLOOR-1,253,Floor/S4R,170.0,5.0,0.0,-0.008015968,-0.00041124248,-0.34938383,-0.00864723,6.1e-05,-0.324926,0.024470532339560192,7.002063444217138,6.991886479244257
PART-FLOOR-1,434,Floor/S4R,-170.0,-5.0,0.0,0.008015968,0.00041124248,-0.34938383,0.00864723,-6.1e-05,-0.324926,0.024470532339560192,7.002063444217138,6.991886479244257
PART-FLOOR-1,436,Floor/S4R,-170.0,5.0,0.0,0.008015968,-0.00041124248,-0.34938383,0.00864723,6.1e-05,-0.324926,0.024470532339560192,7.002063444217138,6.991886479244257
PART-SUPPORTBEAM-2,119,SupportBeam/B31,-188.46153,10.0,-30.0,-0.008425334,0.0022040184,-0.16193867,-0.000132323,0.00090699,-0.139425,0.024027518618979952,14.81600922808806,14.024966219435145
PART-SUPPORTBEAM-2,287,SupportBeam/B31,188.46153,10.0,-30.0,0.008425334,0.0022040184,-0.16193867,0.000132323,0.00090699,-0.139425,0.024027518618979952,14.81600922808806,14.024966219435145
PART-SUPPORTBEAM-1,119,SupportBeam/B31,-188.46153,-10.0,-30.0,-0.008425334,-0.0022040184,-0.16193867,-0.000132323,-0.00090699,-0.139425,0.024027518618979952,14.81600922808806,14.024966219435145
PART-SUPPORTBEAM-1,287,SupportBeam/B31,188.46153,-10.0,-30.0,0.008425334,-0.0022040184,-0.16193867,0.000132323,-0.00090699,-0.139425,0.024027518618979952,14.81600922808806,14.024966219435145
PART-SUPPORTBEAM-2,57,SupportBeam/B31,-186.66667,10.0,-8.0,0.0073854662,0.0004552277,-0.16572285,0.00450057,7.26474e-05,-0.142055,0.023846092287694087,14.374817950614332,14.323924568888893
PART-SUPPORTBEAM-2,300,SupportBeam/B31,186.66667,10.0,-8.0,-0.0073854662,0.0004552277,-0.16572285,-0.00450057,7.26474e-05,-0.142055,0.023846092287694087,14.374817950614332,14.323924568888893
PART-SUPPORTBEAM-1,57,SupportBeam/B31,-186.66667,-10.0,-8.0,0.0073854662,-0.0004552277,-0.16572285,0.00450057,-7.26474e-05,-0.142055,0.023846092287694087,14.374817950614332,14.323924568888893
PART-SUPPORTBEAM-1,300,SupportBeam/B31,186.66667,-10.0,-8.0,-0.0073854662,-0.0004552277,-0.16572285,-0.00450057,-7.26474e-05,-0.142055,0.023846092287694087,14.374817950614332,14.323924568888893
PART-FLOOR-1,27,Floor/S4R,190.0,10.0,0.0,-0.015523277,0.0011839775,-0.20851658,-0.00941066,-0.000143395,-0.185611,0.02374429614620837,11.355639179619255,11.118043819453451
PART-FLOOR-1,45,Floor/S4R,190.0,-10.0,0.0,-0.015523277,-0.0011839775,-0.20851658,-0.00941066,0.000143395,-0.185611,0.02374429614620837,11.355639179619255,11.118043819453451
PART-FLOOR-1,180,Floor/S4R,-190.0,10.0,0.0,0.015523277,0.0011839775,-0.20851658,0.00941066,-0.000143395,-0.185611,0.02374429614620837,11.355639179619255,11.118043819453451
PART-FLOOR-1,186,Floor/S4R,-190.0,-10.0,0.0,0.015523277,-0.0011839775,-0.20851658,0.00941066,0.000143395,-0.185611,0.02374429614620837,11.355639179619255,11.118043819453451
PART-PIER-2,87,Pier/C3D8R,0.0,-10.0,30.0,9.483159e-16,0.032388814,-0.01442407,-1.20203e-14,0.00924166,-0.0101088,0.02354596129854579,66.4099878948587,61.36962734950363
PART-PIER-1,157,Pier/C3D8R,0.0,10.0,30.0,-6.2677694e-15,-0.032388814,-0.01442407,-5.78729e-15,-0.00924166,-0.0101088,0.02354596129854579,66.4099878948587,61.36962734950363
PART-PIER-2,303,Pier/C3D8R,-5.33333,-10.0,30.0,-0.00026192985,0.032341503,-0.0144640105,-0.000208265,0.00941594,-0.0100493,0.02334681964597973,65.89656586338494,61.12599791499195
PART-PIER-2,619,Pier/C3D8R,5.33333,-10.0,30.0,0.00026192985,0.032341503,-0.0144640105,0.000208265,0.00941594,-0.0100493,0.02334681964597973,65.89656586338494,61.12599791499195
PART-PIER-1,381,Pier/C3D8R,-5.33333,10.0,30.0,-0.00026192985,-0.032341503,-0.0144640105,-0.000208265,-0.00941594,-0.0100493,0.02334681964597973,65.89656586338494,61.12599791499195
PART-PIER-1,541,Pier/C3D8R,5.33333,10.0,30.0,0.00026192985,-0.032341503,-0.0144640105,0.000208265,-0.00941594,-0.0100493,0.02334681964597973,65.89656586338494,61.12599791499195
PART-PIER-2,304,Pier/C3D8R,-10.66667,-10.0,30.0,-0.0005155799,0.032188915,-0.014364849,-0.00031008,0.00924612,-0.0100812,0.023340173979131473,66.20850521385395,61.18649263169399
PART-PIER-2,620,Pier/C3D8R,10.66667,-10.0,30.0,0.0005155799,0.032188915,-0.014364849,0.00031008,0.00924612,-0.0100812,0.023340173979131473,66.20850521385395,61.18649263169399
PART-PIER-1,382,Pier/C3D8R,-10.66667,10.0,30.0,-0.0005155799,-0.032188915,-0.014364849,-0.00031008,-0.00924612,-0.0100812,0.023340173979131473,66.20850521385395,61.18649263169399
PART-PIER-1,542,Pier/C3D8R,10.66667,10.0,30.0,0.0005155799,-0.032188915,-0.014364849,0.00031008,-0.00924612,-0.0100812,0.023340173979131473,66.20850521385395,61.18649263169399
PART-PIER-2,40,Pier/C3D8R,-16.0,-10.0,30.0,-0.0007990494,0.031918276,-0.014324843,-0.000624827,0.0091613,-0.00992043,0.023179930197992547,66.23875607846321,61.371252634310856
PART-PIER-2,253,Pier/C3D8R,16.0,-10.0,30.0,0.0007990494,0.031918276,-0.014324843,0.000624827,0.0091613,-0.00992043,0.023179930197992547,66.23875607846321,61.371252634310856
PART-PIER-1,126,Pier/C3D8R,-16.0,10.0,30.0,-0.0007990494,-0.031918276,-0.014324843,-0.000624827,-0.0091613,-0.00992043,0.023179930197992547,66.23875607846321,61.371252634310856
PART-PIER-1,206,Pier/C3D8R,16.0,10.0,30.0,0.0007990494,-0.031918276,-0.014324843,0.000624827,-0.0091613,-0.00992043,0.023179930197992547,66.23875607846321,61.371252634310856
PART-PIER-2,444,Pier/C3D8R,0.0,-15.0,30.0,-8.758835e-17,0.032204945,-0.01023599,-2.17719e-14,0.00928094,-0.00843109,0.02299494877685151,68.04746479023859,62.895020864540754
PART-PIER-1,444,Pier/C3D8R,0.0,15.0,30.0,-5.86891e-15,-0.032204945,-0.01023599,-1.69128e-14,-0.00928094,-0.00843109,0.02299494877685151,68.04746479023859,62.895020864540754
PART-PIER-2,737,Pier/C3D8R,-10.66667,-15.0,30.0,-0.00032930827,0.032000784,-0.010176772,-0.000273969,0.00908357,-0.00835347,0.022989697478214107,68.45916422997495,63.242712226306466
PART-PIER-2,815,Pier/C3D8R,10.66667,-15.0,30.0,0.00032930827,0.032000784,-0.010176772,0.000273969,0.00908357,-0.00835347,0.022989697478214107,68.45916422997495,63.242712226306466
PART-PIER-1,737,Pier/C3D8R,-10.66667,15.0,30.0,-0.00032930827,-0.032000784,-0.010176772,-0.000273969,-0.00908357,-0.00835347,0.022989697478214107,68.45916422997495,63.242712226306466
PART-PIER-1,815,Pier/C3D8R,10.66667,15.0,30.0,0.00032930827,-0.032000784,-0.010176772,0.000273969,-0.00908357,-0.00835347,0.022989697478214107,68.45916422997495,63.242712226306466
PART-PIER-2,736,Pier/C3D8R,-5.33333,-15.0,30.0,-0.00017086422,0.032139763,-0.010256324,-0.000129356,0.00923456,-0.00836961,0.02298281395132747,68.12344951667791,63.05625184431945
PART-PIER-2,814,Pier/C3D8R,5.33333,-15.0,30.0,0.00017086422,0.032139763,-0.010256324,0.000129356,0.00923456,-0.00836961,0.02298281395132747,68.12344951667791,63.05625184431945
PART-PIER-1,736,Pier/C3D8R,-5.33333,15.0,30.0,-0.00017086422,-0.032139763,-0.010256324,-0.000129356,-0.00923456,-0.00836961,0.02298281395132747,68.12344951667791,63.05625184431945
PART-PIER-1,814,Pier/C3D8R,5.33333,15.0,30.0,0.00017086422,-0.032139763,-0.010256324,0.000129356,-0.00923456,-0.00836961,0.02298281395132747,68.12344951667791,63.05625184431945
PART-PIER-2,157,Pier/C3D8R,0.0,-20.0,30.0,-8.44577e-16,0.032076158,-0.006052724,-3.10135e-14,0.00911791,-0.00666319,0.02296636279358706,70.35781756608607,65.40337114429533
PART-PIER-1,87,Pier/C3D8R,0.0,20.0,30.0,-5.2497264e-15,-0.032076158,-0.006052724,-2.79504e-14,-0.00911791,-0.00666319,0.02296636279358706,70.35781756608607,65.40337114429533
PART-PIER-2,381,Pier/C3D8R,-5.33333,-20.0,30.0,-7.078967e-05,0.032023672,-0.006052378,-7.81542e-05,0.00909412,-0.0067155,0.022939139912906286,70.38560104231526,65.31161127792035
PART-PIER-2,541,Pier/C3D8R,5.33333,-20.0,30.0,7.078967e-05,0.032023672,-0.006052378,7.81542e-05,0.00909412,-0.0067155,0.022939139912906286,70.38560104231526,65.31161127792035
PART-PIER-1,303,Pier/C3D8R,-5.33333,20.0,30.0,-7.078967e-05,-0.032023672,-0.006052378,-7.81542e-05,-0.00909412,-0.0067155,0.022939139912906286,70.38560104231526,65.31161127792035
PART-PIER-1,619,Pier/C3D8R,5.33333,20.0,30.0,7.078967e-05,-0.032023672,-0.006052378,7.81542e-05,-0.00909412,-0.0067155,0.022939139912906286,70.38560104231526,65.31161127792035
PART-FLOOR-1,240,Floor/S4R,190.0,0.0,0.0,-0.01579683,3.129645e-15,-0.23490693,-0.00928629,-2.14832e-14,-0.212941,0.022910460751728697,9.731016930146422,9.469217653291
PART-FLOOR-1,447,Floor/S4R,-190.0,0.0,0.0,0.01579683,1.4751417e-15,-0.23490693,0.00928629,-1.36767e-14,-0.212941,0.022910460751728697,9.731016930146422,9.469217653291
PART-PIER-2,382,Pier/C3D8R,-10.66667,-20.0,30.0,-0.0001403314,0.03187608,-0.0059977695,-0.00015668,0.00906571,-0.00664843,0.022819653939091238,70.35341879398347,65.33649440183781
PART-PIER-2,542,Pier/C3D8R,10.66667,-20.0,30.0,0.0001403314,0.03187608,-0.0059977695,0.00015668,0.00906571,-0.00664843,0.022819653939091238,70.35341879398347,65.33649440183781
PART-PIER-1,304,Pier/C3D8R,-10.66667,20.0,30.0,-0.0001403314,-0.03187608,-0.0059977695,-0.00015668,-0.00906571,-0.00664843,0.022819653939091238,70.35341879398347,65.33649440183781
PART-PIER-1,620,Pier/C3D8R,10.66667,20.0,30.0,0.0001403314,-0.03187608,-0.0059977695,0.00015668,-0.00906571,-0.00664843,0.022819653939091238,70.35341879398347,65.33649440183781
PART-PIER-2,483,Pier/C3D8R,-16.0,-15.0,30.0,-0.00050666183,0.031754076,-0.010134427,-0.00039959,0.00904622,-0.00829436,0.022782537941546468,68.3422767234093,63.16388121024838
PART-PIER-2,682,Pier/C3D8R,16.0,-15.0,30.0,0.00050666183,0.031754076,-0.010134427,0.00039959,0.00904622,-0.00829436,0.022782537941546468,68.3422767234093,63.16388121024838
PART-PIER-1,483,Pier/C3D8R,-16.0,15.0,30.0,-0.00050666183,-0.031754076,-0.010134427,-0.00039959,-0.00904622,-0.00829436,0.022782537941546468,68.3422767234093,63.16388121024838
PART-PIER-1,682,Pier/C3D8R,16.0,15.0,30.0,0.00050666183,-0.031754076,-0.010134427,0.00039959,-0.00904622,-0.00829436,0.022782537941546468,68.3422767234093,63.16388121024838
PART-PIER-2,126,Pier/C3D8R,-16.0,-20.0,30.0,-0.00022276667,0.031600516,-0.0059594833,-0.000224924,0.00883891,-0.00661403,0.022771015430493865,70.80909068771366,65.66411723734794
PART-PIER-2,206,Pier/C3D8R,16.0,-20.0,30.0,0.00022276667,0.031600516,-0.0059594833,0.000224924,0.00883891,-0.00661403,0.022771015430493865,70.80909068771366,65.66411723734794
PART-PIER-1,40,Pier/C3D8R,-16.0,20.0,30.0,-0.00022276667,-0.031600516,-0.0059594833,-0.000224924,-0.00883891,-0.00661403,0.022771015430493865,70.80909068771366,65.66411723734794
PART-PIER-1,253,Pier/C3D8R,16.0,20.0,30.0,0.00022276667,-0.031600516,-0.0059594833,0.000224924,-0.00883891,-0.00661403,0.022771015430493865,70.80909068771366,65.66411723734794
PART-SUPPORTBEAM-2,58,SupportBeam/B31,-190.0,10.0,-6.0,0.011329344,0.00025815057,-0.15760435,0.00694321,2.47904e-06,-0.136165,0.021884909591307622,13.850223349394378,13.713792356257187
PART-SUPPORTBEAM-2,301,SupportBeam/B31,190.0,10.0,-6.0,-0.011329344,0.00025815057,-0.15760435,-0.00694321,2.47904e-06,-0.136165,0.021884909591307622,13.850223349394378,13.713792356257187
PART-SUPPORTBEAM-1,58,SupportBeam/B31,-190.0,-10.0,-6.0,0.011329344,-0.00025815057,-0.15760435,0.00694321,-2.47904e-06,-0.136165,0.021884909591307622,13.850223349394378,13.713792356257187
PART-SUPPORTBEAM-1,301,SupportBeam/B31,190.0,-10.0,-6.0,-0.011329344,-0.00025815057,-0.15760435,-0.00694321,-2.47904e-06,-0.136165,0.021884909591307622,13.850223349394378,13.713792356257187
PART-FLOOR-1,249,Floor/S4R,175.0,0.0,0.0,-0.0075292843,4.1896376e-15,-0.34693295,-0.00884634,-2.9986e-14,-0.325147,0.021825724572609322,6.289568772296287,6.266975441827355
PART-FLOOR-1,438,Floor/S4R,-175.0,0.0,0.0,0.0075292843,2.0795605e-15,-0.34693295,0.00884634,-1.96961e-14,-0.325147,0.021825724572609322,6.289568772296287,6.266975441827355
PART-SUPPORTBEAM-2,120,SupportBeam/B31,-192.30769,10.0,-30.0,-0.008153561,0.0021684344,-0.15329225,-0.000367352,0.000933864,-0.133283,0.02150626188408242,14.008380643353636,13.18194076099675
PART-SUPPORTBEAM-2,288,SupportBeam/B31,192.30769,10.0,-30.0,0.008153561,0.0021684344,-0.15329225,0.000367352,0.000933864,-0.133283,0.02150626188408242,14.008380643353636,13.18194076099675
PART-SUPPORTBEAM-1,120,SupportBeam/B31,-192.30769,-10.0,-30.0,-0.008153561,-0.0021684344,-0.15329225,-0.000367352,-0.000933864,-0.133283,0.02150626188408242,14.008380643353636,13.18194076099675
PART-SUPPORTBEAM-1,288,SupportBeam/B31,192.30769,-10.0,-30.0,0.008153561,-0.0021684344,-0.15329225,0.000367352,-0.000933864,-0.133283,0.02150626188408242,14.008380643353636,13.18194076099675
PART-FLOOR-1,30,Floor/S4R,175.0,10.0,0.0,-0.0074649323,-0.0010916009,-0.3515181,-0.00882311,0.000116146,-0.330166,0.0214293134199217,6.09481551942675,6.06234823686823
PART-FLOOR-1,42,Floor/S4R,175.0,-10.0,0.0,-0.0074649323,0.0010916009,-0.3515181,-0.00882311,-0.000116146,-0.330166,0.0214293134199217,6.09481551942675,6.06234823686823
PART-FLOOR-1,177,Floor/S4R,-175.0,10.0,0.0,0.0074649323,-0.0010916009,-0.3515181,0.00882311,0.000116146,-0.330166,0.0214293134199217,6.09481551942675,6.06234823686823
PART-FLOOR-1,189,Floor/S4R,-175.0,-10.0,0.0,0.0074649323,0.0010916009,-0.3515181,0.00882311,-0.000116146,-0.330166,0.0214293134199217,6.09481551942675,6.06234823686823
PART-PIER-2,301,Pier/C3D8R,-5.41667,-10.0,25.0,-0.00026693058,0.02830863,-0.01358185,-0.00016266,0.00768896,-0.00954069,0.021012202107545834,66.91931958993472,60.97225484518142
PART-PIER-2,617,Pier/C3D8R,5.41667,-10.0,25.0,0.00026693058,0.02830863,-0.01358185,0.00016266,0.00768896,-0.00954069,0.021012202107545834,66.91931958993472,60.97225484518142
PART-PIER-1,379,Pier/C3D8R,-5.41667,10.0,25.0,-0.00026693058,-0.02830863,-0.01358185,-0.00016266,-0.00768896,-0.00954069,0.021012202107545834,66.91931958993472,60.97225484518142
PART-PIER-1,539,Pier/C3D8R,5.41667,10.0,25.0,0.00026693058,-0.02830863,-0.01358185,0.00016266,-0.00768896,-0.00954069,0.021012202107545834,66.91931958993472,60.97225484518142
PART-PIER-2,302,Pier/C3D8R,-10.83333,-10.0,25.0,-0.000545843,0.028155524,-0.013571721,-0.000447545,0.00770371,-0.00938715,0.020875751312023266,66.7798217023997,61.12741344271103
PART-PIER-2,618,Pier/C3D8R,10.83333,-10.0,25.0,0.000545843,0.028155524,-0.013571721,0.000447545,0.00770371,-0.00938715,0.020875751312023266,66.7798217023997,61.12741344271103
PART-PIER-1,380,Pier/C3D8R,-10.83333,10.0,25.0,-0.000545843,-0.028155524,-0.013571721,-0.000447545,-0.00770371,-0.00938715,0.020875751312023266,66.7798217023997,61.12741344271103
PART-PIER-1,540,Pier/C3D8R,10.83333,10.0,25.0,0.000545843,-0.028155524,-0.013571721,0.000447545,-0.00770371,-0.00938715,0.020875751312023266,66.7798217023997,61.12741344271103
PART-PIER-2,88,Pier/C3D8R,0.0,-10.0,25.0,8.066258e-16,0.028362138,-0.013637816,-1.05098e-14,0.00798143,-0.0094244,0.02081168260786042,66.13048098312844,60.75706307977001
PART-PIER-1,156,Pier/C3D8R,0.0,10.0,25.0,-5.6038446e-15,-0.028362138,-0.013637816,-4.73007e-15,-0.00798143,-0.0094244,0.02081168260786042,66.13048098312844,60.75706307977001
PART-PIER-2,39,Pier/C3D8R,-16.25,-10.0,25.0,-0.00079187384,0.027913177,-0.013438364,-0.000473047,0.00751685,-0.00945283,0.020784520367571377,67.06910196830194,60.99843535888708
PART-PIER-2,254,Pier/C3D8R,16.25,-10.0,25.0,0.00079187384,0.027913177,-0.013438364,0.000473047,0.00751685,-0.00945283,0.020784520367571377,67.06910196830194,60.99843535888708
PART-PIER-1,127,Pier/C3D8R,-16.25,10.0,25.0,-0.00079187384,-0.027913177,-0.013438364,-0.000473047,-0.00751685,-0.00945283,0.020784520367571377,67.06910196830194,60.99843535888708
PART-PIER-1,205,Pier/C3D8R,16.25,10.0,25.0,0.00079187384,-0.027913177,-0.013438364,0.000473047,-0.00751685,-0.00945283,0.020784520367571377,67.06910196830194,60.99843535888708
PART-PIER-2,443,Pier/C3D8R,0.0,-15.0,25.0,4.6572108e-17,0.028136572,-0.00973879,-1.89903e-14,0.00758024,-0.00796128,0.020633039695942133,69.29808274421832,63.07954967445214
PART-PIER-1,443,Pier/C3D8R,0.0,15.0,25.0,-5.1248284e-15,-0.028136572,-0.00973879,-1.48317e-14,-0.00758024,-0.00796128,0.020633039695942133,69.29808274421832,63.07954967445214
PART-PIER-2,734,Pier/C3D8R,-5.41667,-15.0,25.0,-0.00016961414,0.028097002,-0.009697976,-0.000137319,0.00757349,-0.00799407,0.020594146824936634,69.28438388842893,62.94990683474951
PART-PIER-2,812,Pier/C3D8R,5.41667,-15.0,25.0,0.00016961414,0.028097002,-0.009697976,0.000137319,0.00757349,-0.00799407,0.020594146824936634,69.28438388842893,62.94990683474951
PART-PIER-1,734,Pier/C3D8R,-5.41667,15.0,25.0,-0.00016961414,-0.028097002,-0.009697976,-0.000137319,-0.00757349,-0.00799407,0.020594146824936634,69.28438388842893,62.94990683474951
PART-PIER-1,812,Pier/C3D8R,5.41667,15.0,25.0,0.00016961414,-0.028097002,-0.009697976,0.000137319,-0.00757349,-0.00799407,0.020594146824936634,69.28438388842893,62.94990683474951
PART-PIER-2,156,Pier/C3D8R,0.0,-20.0,25.0,-8.5010964e-16,0.028031396,-0.005820901,-2.79168e-14,0.00752125,-0.00646648,0.020520303632903608,71.67565446434,65.35413811504029
PART-PIER-1,88,Pier/C3D8R,0.0,20.0,25.0,-4.6547226e-15,-0.028031396,-0.005820901,-2.51192e-14,-0.00752125,-0.00646648,0.020520303632903608,71.67565446434,65.35413811504029
PART-PIER-2,379,Pier/C3D8R,-5.41667,-20.0,25.0,-7.927202e-05,0.027981889,-0.0057956656,-8.9718e-05,0.00751486,-0.00638496,0.020475513500159415,71.65308025251603,65.49020523425708
PART-PIER-2,539,Pier/C3D8R,5.41667,-20.0,25.0,7.927202e-05,0.027981889,-0.0057956656,8.9718e-05,0.00751486,-0.00638496,0.020475513500159415,71.65308025251603,65.49020523425708
PART-PIER-1,301,Pier/C3D8R,-5.41667,20.0,25.0,-7.927202e-05,-0.027981889,-0.0057956656,-8.9718e-05,-0.00751486,-0.00638496,0.020475513500159415,71.65308025251603,65.49020523425708
PART-PIER-1,617,Pier/C3D8R,5.41667,20.0,25.0,7.927202e-05,-0.027981889,-0.0057956656,8.9718e-05,-0.00751486,-0.00638496,0.020475513500159415,71.65308025251603,65.49020523425708
PART-PIER-2,380,Pier/C3D8R,-10.83333,-20.0,25.0,-0.00016263236,0.027824963,-0.0057613216,-0.000176871,0.00737077,-0.00642276,0.02046488980613169,72.01984319666299,65.58897939013939
PART-PIER-2,540,Pier/C3D8R,10.83333,-20.0,25.0,0.00016263236,0.027824963,-0.0057613216,0.000176871,0.00737077,-0.00642276,0.02046488980613169,72.01984319666299,65.58897939013939
PART-PIER-1,302,Pier/C3D8R,-10.83333,20.0,25.0,-0.00016263236,-0.027824963,-0.0057613216,-0.000176871,-0.00737077,-0.00642276,0.02046488980613169,72.01984319666299,65.58897939013939
PART-PIER-1,618,Pier/C3D8R,10.83333,20.0,25.0,0.00016263236,-0.027824963,-0.0057613216,0.000176871,-0.00737077,-0.00642276,0.02046488980613169,72.01984319666299,65.58897939013939
PART-PIER-2,735,Pier/C3D8R,-10.83333,-15.0,25.0,-0.00035306855,0.027932886,-0.009677967,-0.000262051,0.00757114,-0.00790977,0.0204385788398737,69.1331865242936,62.95363608905937
PART-PIER-2,813,Pier/C3D8R,10.83333,-15.0,25.0,0.00035306855,0.027932886,-0.009677967,0.000262051,0.00757114,-0.00790977,0.0204385788398737,69.1331865242936,62.95363608905937
PART-PIER-1,735,Pier/C3D8R,-10.83333,15.0,25.0,-0.00035306855,-0.027932886,-0.009677967,-0.000262051,-0.00757114,-0.00790977,0.0204385788398737,69.1331865242936,62.95363608905937
PART-PIER-1,813,Pier/C3D8R,10.83333,15.0,25.0,0.00035306855,-0.027932886,-0.009677967,0.000262051,-0.00757114,-0.00790977,0.0204385788398737,69.1331865242936,62.95363608905937
PART-PIER-2,482,Pier/C3D8R,-16.25,-15.0,25.0,-0.0005152236,0.027671577,-0.009578619,-0.000418434,0.00730813,-0.00787402,0.02043489661582065,69.77450224787178,63.290941909727664
PART-PIER-2,681,Pier/C3D8R,16.25,-15.0,25.0,0.0005152236,0.027671577,-0.009578619,0.000418434,0.00730813,-0.00787402,0.02043489661582065,69.77450224787178,63.290941909727664
PART-PIER-1,482,Pier/C3D8R,-16.25,15.0,25.0,-0.0005152236,-0.027671577,-0.009578619,-0.000418434,-0.00730813,-0.00787402,0.02043489661582065,69.77450224787178,63.290941909727664
PART-PIER-1,681,Pier/C3D8R,16.25,15.0,25.0,0.0005152236,-0.027671577,-0.009578619,0.000418434,-0.00730813,-0.00787402,0.02043489661582065,69.77450224787178,63.290941909727664
PART-FLOOR-1,236,Floor/S4R,195.0,-5.0,0.0,-0.017159373,0.00043980274,-0.19153023,-0.00946836,0.000397452,-0.172654,0.020382971656857284,10.599687266656542,10.080181985522623
PART-FLOOR-1,238,Floor/S4R,195.0,5.0,0.0,-0.017159373,-0.00043980274,-0.19153023,-0.00946836,-0.000397452,-0.172654,0.020382971656857284,10.599687266656542,10.080181985522623
PART-FLOOR-1,449,Floor/S4R,-195.0,-5.0,0.0,0.017159373,0.00043980274,-0.19153023,0.00946836,0.000397452,-0.172654,0.020382971656857284,10.599687266656542,10.080181985522623
PART-FLOOR-1,451,Floor/S4R,-195.0,5.0,0.0,0.017159373,-0.00043980274,-0.19153023,0.00946836,-0.000397452,-0.172654,0.020382971656857284,10.599687266656542,10.080181985522623
PART-PIER-2,127,Pier/C3D8R,-16.25,-20.0,25.0,-0.00023184206,0.027586771,-0.005691104,-0.000268512,0.00732178,-0.00632026,0.020274788338893124,71.97645126478622,65.64951209257643
PART-PIER-2,205,Pier/C3D8R,16.25,-20.0,25.0,0.00023184206,0.027586771,-0.005691104,0.000268512,0.00732178,-0.00632026,0.020274788338893124,71.97645126478622,65.64951209257643
PART-PIER-1,39,Pier/C3D8R,-16.25,20.0,25.0,-0.00023184206,-0.027586771,-0.005691104,-0.000268512,-0.00732178,-0.00632026,0.020274788338893124,71.97645126478622,65.64951209257643
PART-PIER-1,254,Pier/C3D8R,16.25,20.0,25.0,0.00023184206,-0.027586771,-0.005691104,0.000268512,-0.00732178,-0.00632026,0.020274788338893124,71.97645126478622,65.64951209257643
PART-SUPPORTBEAM-2,59,SupportBeam/B31,-193.33333,10.0,-4.0,0.015039096,6.0445527e-05,-0.14987023,0.00920366,-6.64647e-05,-0.130573,0.020160642479561834,13.384843778059832,13.096238502245633
PART-SUPPORTBEAM-2,302,SupportBeam/B31,193.33333,10.0,-4.0,-0.015039096,6.0445527e-05,-0.14987023,-0.00920366,-6.64647e-05,-0.130573,0.020160642479561834,13.384843778059832,13.096238502245633
PART-SUPPORTBEAM-1,59,SupportBeam/B31,-193.33333,-10.0,-4.0,0.015039096,-6.0445527e-05,-0.14987023,0.00920366,6.64647e-05,-0.130573,0.020160642479561834,13.384843778059832,13.096238502245633
PART-SUPPORTBEAM-1,302,SupportBeam/B31,193.33333,-10.0,-4.0,-0.015039096,-6.0445527e-05,-0.14987023,-0.00920366,6.64647e-05,-0.130573,0.020160642479561834,13.384843778059832,13.096238502245633
PART-SUPPORTBEAM-2,121,SupportBeam/B31,-196.15384,10.0,-30.0,-0.0078817895,0.002132036,-0.14536081,-0.00060238,0.000962721,-0.127741,0.019100125776392567,13.119123881701181,12.256272630801542
PART-SUPPORTBEAM-2,289,SupportBeam/B31,196.15384,10.0,-30.0,0.0078817895,0.002132036,-0.14536081,0.00060238,0.000962721,-0.127741,0.019100125776392567,13.119123881701181,12.256272630801542
PART-SUPPORTBEAM-1,121,SupportBeam/B31,-196.15384,-10.0,-30.0,-0.0078817895,-0.002132036,-0.14536081,-0.00060238,-0.000962721,-0.127741,0.019100125776392567,13.119123881701181,12.256272630801542
PART-SUPPORTBEAM-1,289,SupportBeam/B31,196.15384,-10.0,-30.0,0.0078817895,-0.002132036,-0.14536081,0.00060238,-0.000962721,-0.127741,0.019100125776392567,13.119123881701181,12.256272630801542
PART-FLOOR-1,245,Floor/S4R,180.0,-5.0,0.0,-0.006774672,0.0005616164,-0.32178786,-0.00903011,-4.87503e-05,-0.302844,0.019087414172168846,5.9303531184672496,5.866238128658379
PART-FLOOR-1,247,Floor/S4R,180.0,5.0,0.0,-0.006774672,-0.0005616164,-0.32178786,-0.00903011,4.87503e-05,-0.302844,0.019087414172168846,5.9303531184672496,5.866238128658379
PART-FLOOR-1,440,Floor/S4R,-180.0,-5.0,0.0,0.006774672,0.0005616164,-0.32178786,0.00903011,-4.87503e-05,-0.302844,0.019087414172168846,5.9303531184672496,5.866238128658379
PART-FLOOR-1,442,Floor/S4R,-180.0,5.0,0.0,0.006774672,-0.0005616164,-0.32178786,0.00903011,4.87503e-05,-0.302844,0.019087414172168846,5.9303531184672496,5.866238128658379
PART-PIER-2,89,Pier/C3D8R,0.0,-10.0,20.0,8.241043e-16,0.024597123,-0.012775933,-8.55029e-15,0.00607006,-0.00909524,0.018889138793661765,68.14953130537204,60.5488153556887
PART-PIER-1,155,Pier/C3D8R,0.0,10.0,20.0,-4.954139e-15,-0.024597123,-0.012775933,-3.47462e-15,-0.00607006,-0.00909524,0.018889138793661765,68.14953130537204,60.5488153556887
PART-SUPPORTBEAM-2,60,SupportBeam/B31,-196.66667,10.0,-2.0,0.018146923,-0.0001375466,-0.14313342,0.0109277,-0.000133583,-0.125869,0.018713027397250667,12.970004866244214,12.431947270152031
PART-SUPPORTBEAM-2,303,SupportBeam/B31,196.66667,10.0,-2.0,-0.018146923,-0.0001375466,-0.14313342,-0.0109277,-0.000133583,-0.125869,0.018713027397250667,12.970004866244214,12.431947270152031
PART-SUPPORTBEAM-1,60,SupportBeam/B31,-196.66667,-10.0,-2.0,0.018146923,0.0001375466,-0.14313342,0.0109277,0.000133583,-0.125869,0.018713027397250667,12.970004866244214,12.431947270152031
PART-SUPPORTBEAM-1,303,SupportBeam/B31,196.66667,-10.0,-2.0,-0.018146923,0.0001375466,-0.14313342,-0.0109277,0.000133583,-0.125869,0.018713027397250667,12.970004866244214,12.431947270152031
PART-PIER-2,299,Pier/C3D8R,-5.5,-10.0,20.0,-0.00027844447,0.024546817,-0.012785182,-0.000215911,0.00639013,-0.00881202,0.018586425410204166,67.15177507241751,60.66496250925562
PART-PIER-2,615,Pier/C3D8R,5.5,-10.0,20.0,0.00027844447,0.024546817,-0.012785182,0.000215911,0.00639013,-0.00881202,0.018586425410204166,67.15177507241751,60.66496250925562
PART-PIER-1,377,Pier/C3D8R,-5.5,10.0,20.0,-0.00027844447,-0.024546817,-0.012785182,-0.000215911,-0.00639013,-0.00881202,0.018586425410204166,67.15177507241751,60.66496250925562
PART-PIER-1,537,Pier/C3D8R,5.5,10.0,20.0,0.00027844447,-0.024546817,-0.012785182,0.000215911,-0.00639013,-0.00881202,0.018586425410204166,67.15177507241751,60.66496250925562
PART-PIER-2,300,Pier/C3D8R,-11.0,-10.0,20.0,-0.00054386345,0.024390437,-0.01271057,-0.00030852,0.00619662,-0.00894057,0.01858179925542591,67.54795137589124,60.44057947864836
PART-PIER-2,616,Pier/C3D8R,11.0,-10.0,20.0,0.00054386345,0.024390437,-0.01271057,0.00030852,0.00619662,-0.00894057,0.01858179925542591,67.54795137589124,60.44057947864836
PART-PIER-1,378,Pier/C3D8R,-11.0,10.0,20.0,-0.00054386345,-0.024390437,-0.01271057,-0.00030852,-0.00619662,-0.00894057,0.01858179925542591,67.54795137589124,60.44057947864836
PART-PIER-1,538,Pier/C3D8R,11.0,10.0,20.0,0.00054386345,-0.024390437,-0.01271057,0.00030852,-0.00619662,-0.00894057,0.01858179925542591,67.54795137589124,60.44057947864836
PART-PIER-2,38,Pier/C3D8R,-16.5,-10.0,20.0,-0.00084306864,0.024119247,-0.012636483,-0.000712912,0.00608351,-0.00868623,0.018463727918492358,67.77656140617184,60.984450915801105
PART-PIER-2,255,Pier/C3D8R,16.5,-10.0,20.0,0.00084306864,0.024119247,-0.012636483,0.000712912,0.00608351,-0.00868623,0.018463727918492358,67.77656140617184,60.984450915801105
PART-PIER-1,128,Pier/C3D8R,-16.5,10.0,20.0,-0.00084306864,-0.024119247,-0.012636483,-0.000712912,-0.00608351,-0.00868623,0.018463727918492358,67.77656140617184,60.984450915801105
PART-PIER-1,204,Pier/C3D8R,16.5,10.0,20.0,0.00084306864,-0.024119247,-0.012636483,0.000712912,-0.00608351,-0.00868623,0.018463727918492358,67.77656140617184,60.984450915801105
PART-PIER-2,733,Pier/C3D8R,-11.0,-15.0,20.0,-0.00035759096,0.024195923,-0.009096483,-0.000302648,0.00600235,-0.0075263,0.018261286698605647,70.63830381207701,62.74359503841713
PART-PIER-2,811,Pier/C3D8R,11.0,-15.0,20.0,0.00035759096,0.024195923,-0.009096483,0.000302648,0.00600235,-0.0075263,0.018261286698605647,70.63830381207701,62.74359503841713
PART-PIER-1,733,Pier/C3D8R,-11.0,15.0,20.0,-0.00035759096,-0.024195923,-0.009096483,-0.000302648,-0.00600235,-0.0075263,0.018261286698605647,70.63830381207701,62.74359503841713
PART-PIER-1,811,Pier/C3D8R,11.0,15.0,20.0,0.00035759096,-0.024195923,-0.009096483,0.000302648,-0.00600235,-0.0075263,0.018261286698605647,70.63830381207701,62.74359503841713
PART-PIER-2,442,Pier/C3D8R,0.0,-15.0,20.0,-5.2428494e-18,0.024404764,-0.009160777,-1.6689e-14,0.00623445,-0.00750175,0.01824589492037387,69.99491573729888,62.58089089986917
PART-PIER-1,442,Pier/C3D8R,0.0,15.0,20.0,-4.5545372e-15,-0.024404764,-0.009160777,-1.30812e-14,-0.00623445,-0.00750175,0.01824589492037387,69.99491573729888,62.58089089986917
PART-PIER-2,732,Pier/C3D8R,-5.5,-15.0,20.0,-0.00018574978,0.024343563,-0.009161227,-0.000148273,0.00618201,-0.00747613,0.01823959878342331,70.12266053267896,62.699798656672414
PART-PIER-2,810,Pier/C3D8R,5.5,-15.0,20.0,0.00018574978,0.024343563,-0.009161227,0.000148273,0.00618201,-0.00747613,0.01823959878342331,70.12266053267896,62.699798656672414
PART-PIER-1,732,Pier/C3D8R,-5.5,15.0,20.0,-0.00018574978,-0.024343563,-0.009161227,-0.000148273,-0.00618201,-0.00747613,0.01823959878342331,70.12266053267896,62.699798656672414
PART-PIER-1,810,Pier/C3D8R,5.5,15.0,20.0,0.00018574978,-0.024343563,-0.009161227,0.000148273,-0.00618201,-0.00747613,0.01823959878342331,70.12266053267896,62.699798656672414
PART-PIER-2,377,Pier/C3D8R,-5.5,-20.0,20.0,-8.756832e-05,0.024213294,-0.0055541988,-8.23543e-05,0.00601637,-0.00622582,0.018209314794469068,73.29960181571909,65.14738822858004
PART-PIER-2,537,Pier/C3D8R,5.5,-20.0,20.0,8.756832e-05,0.024213294,-0.0055541988,8.23543e-05,0.00601637,-0.00622582,0.018209314794469068,73.29960181571909,65.14738822858004
PART-PIER-1,299,Pier/C3D8R,-5.5,20.0,20.0,-8.756832e-05,-0.024213294,-0.0055541988,-8.23543e-05,-0.00601637,-0.00622582,0.018209314794469068,73.29960181571909,65.14738822858004
PART-PIER-1,615,Pier/C3D8R,5.5,20.0,20.0,8.756832e-05,-0.024213294,-0.0055541988,8.23543e-05,-0.00601637,-0.00622582,0.018209314794469068,73.29960181571909,65.14738822858004
PART-PIER-2,155,Pier/C3D8R,0.0,-20.0,20.0,-7.0180687e-16,0.024266805,-0.0055624167,-2.46669e-14,0.00610191,-0.00618627,0.01817560461995545,73.0056829354743,65.09797689886653
PART-PIER-1,89,Pier/C3D8R,0.0,20.0,20.0,-4.0146943e-15,-0.024266805,-0.0055624167,-2.22753e-14,-0.00610191,-0.00618627,0.01817560461995545,73.0056829354743,65.09797689886653
PART-PIER-2,378,Pier/C3D8R,-11.0,-20.0,20.0,-0.00016901683,0.02405944,-0.005502424,-0.000175277,0.00599502,-0.00605308,0.018072811932747613,73.22499769730942,65.47496388815446
PART-PIER-2,538,Pier/C3D8R,11.0,-20.0,20.0,0.00016901683,0.02405944,-0.005502424,0.000175277,0.00599502,-0.00605308,0.018072811932747613,73.22499769730942,65.47496388815446
PART-PIER-1,300,Pier/C3D8R,-11.0,20.0,20.0,-0.00016901683,-0.02405944,-0.005502424,-0.000175277,-0.00599502,-0.00605308,0.018072811932747613,73.22499769730942,65.47496388815446
PART-PIER-1,616,Pier/C3D8R,11.0,20.0,20.0,0.00016901683,-0.02405944,-0.005502424,0.000175277,-0.00599502,-0.00605308,0.018072811932747613,73.22499769730942,65.47496388815446
PART-PIER-2,128,Pier/C3D8R,-16.5,-20.0,20.0,-0.0002696308,0.023784135,-0.005449381,-0.00028063,0.00577102,-0.00612502,0.018025784893977482,73.87036526592036,65.49380909381355
PART-PIER-2,204,Pier/C3D8R,16.5,-20.0,20.0,0.0002696308,0.023784135,-0.005449381,0.00028063,0.00577102,-0.00612502,0.018025784893977482,73.87036526592036,65.49380909381355
PART-PIER-1,38,Pier/C3D8R,-16.5,20.0,20.0,-0.0002696308,-0.023784135,-0.005449381,-0.00028063,-0.00577102,-0.00612502,0.018025784893977482,73.87036526592036,65.49380909381355
PART-PIER-1,255,Pier/C3D8R,16.5,20.0,20.0,0.0002696308,-0.023784135,-0.005449381,0.00028063,-0.00577102,-0.00612502,0.018025784893977482,73.87036526592036,65.49380909381355
PART-PIER-2,481,Pier/C3D8R,-16.5,-15.0,20.0,-0.00055381155,0.023939446,-0.009031435,-0.000412643,0.00600836,-0.00738253,0.018007294671824804,70.36190162872225,62.7723143615205
PART-PIER-2,680,Pier/C3D8R,16.5,-15.0,20.0,0.00055381155,0.023939446,-0.009031435,0.000412643,0.00600836,-0.00738253,0.018007294671824804,70.36190162872225,62.7723143615205
PART-PIER-1,481,Pier/C3D8R,-16.5,15.0,20.0,-0.00055381155,-0.023939446,-0.009031435,-0.000412643,-0.00600836,-0.00738253,0.018007294671824804,70.36190162872225,62.7723143615205
PART-PIER-1,680,Pier/C3D8R,16.5,15.0,20.0,0.00055381155,-0.023939446,-0.009031435,0.000412643,-0.00600836,-0.00738253,0.018007294671824804,70.36190162872225,62.7723143615205
PART-CABLE200-2,1,Cable/T3D2,-200.0,10.0,0.0,0.020220181,-0.00033548445,-0.13811508,0.0116963,-0.000198275,-0.122752,0.01756984919746696,12.586955198470552,11.662646720542789
PART-CABLE200-4,1,Cable/T3D2,200.0,10.0,0.0,-0.020220181,-0.00033548445,-0.13811508,-0.0116963,-0.000198275,-0.122752,0.01756984919746696,12.586955198470552,11.662646720542789
PART-SUPPORTBEAM-2,3,SupportBeam/B31,-200.0,10.0,0.0,0.020220181,-0.00033548445,-0.13811508,0.0116963,-0.000198275,-0.122752,0.01756984919746696,12.586955198470552,11.662646720542789
PART-SUPPORTBEAM-2,18,SupportBeam/B31,200.0,10.0,0.0,-0.020220181,-0.00033548445,-0.13811508,-0.0116963,-0.000198275,-0.122752,0.01756984919746696,12.586955198470552,11.662646720542789
PART-CABLE200-1,1,Cable/T3D2,-200.0,-10.0,0.0,0.020220181,0.00033548445,-0.13811508,0.0116963,0.000198275,-0.122752,0.01756984919746696,12.586955198470552,11.662646720542789
PART-CABLE200-3,1,Cable/T3D2,200.0,-10.0,0.0,-0.020220181,0.00033548445,-0.13811508,-0.0116963,0.000198275,-0.122752,0.01756984919746696,12.586955198470552,11.662646720542789
PART-FLOOR-1,1,Floor/S4R,200.0,-10.0,0.0,-0.020220181,0.00033548445,-0.13811508,-0.0116963,0.000198275,-0.122752,0.01756984919746696,12.586955198470552,11.662646720542789
PART-FLOOR-1,2,Floor/S4R,200.0,10.0,0.0,-0.020220181,-0.00033548445,-0.13811508,-0.0116963,-0.000198275,-0.122752,0.01756984919746696,12.586955198470552,11.662646720542789
PART-FLOOR-1,17,Floor/S4R,-200.0,10.0,0.0,0.020220181,-0.00033548445,-0.13811508,0.0116963,-0.000198275,-0.122752,0.01756984919746696,12.586955198470552,11.662646720542789
PART-FLOOR-1,18,Floor/S4R,-200.0,-10.0,0.0,0.020220181,0.00033548445,-0.13811508,0.0116963,0.000198275,-0.122752,0.01756984919746696,12.586955198470552,11.662646720542789
PART-SUPPORTBEAM-1,3,SupportBeam/B31,-200.0,-10.0,0.0,0.020220181,0.00033548445,-0.13811508,0.0116963,0.000198275,-0.122752,0.01756984919746696,12.586955198470552,11.662646720542789
PART-SUPPORTBEAM-1,18,SupportBeam/B31,200.0,-10.0,0.0,-0.020220181,0.00033548445,-0.13811508,-0.0116963,0.000198275,-0.122752,0.01756984919746696,12.586955198470552,11.662646720542789
PART-FLOOR-1,24,Floor/S4R,200.0,0.0,0.0,-0.016753469,2.259741e-15,-0.21580528,-0.00879723,-1.56382e-14,-0.200226,0.017493304557559188,8.081742711721313,7.408223903692096
PART-FLOOR-1,183,Floor/S4R,-200.0,0.0,0.0,0.016753469,1.0506365e-15,-0.21580528,0.00879723,-9.93398e-15,-0.200226,0.017493304557559188,8.081742711721313,7.408223903692096
PART-SUPPORTBEAM-2,1,SupportBeam/B31,-200.0,10.0,-30.0,-0.0076100165,0.0020949636,-0.13894057,-0.00083741,0.000993532,-0.123565,0.016837146527788532,12.09872890931066,11.204544669503875
PART-SUPPORTBEAM-2,17,SupportBeam/B31,200.0,10.0,-30.0,0.0076100165,0.0020949636,-0.13894057,0.00083741,0.000993532,-0.123565,0.016837146527788532,12.09872890931066,11.204544669503875
PART-SUPPORTBEAM-1,1,SupportBeam/B31,-200.0,-10.0,-30.0,-0.0076100165,-0.0020949636,-0.13894057,-0.00083741,-0.000993532,-0.123565,0.016837146527788532,12.09872890931066,11.204544669503875
PART-SUPPORTBEAM-1,17,SupportBeam/B31,200.0,-10.0,-30.0,0.0076100165,-0.0020949636,-0.13894057,0.00083741,-0.000993532,-0.123565,0.016837146527788532,12.09872890931066,11.204544669503875
PART-SUPPORTBEAM-2,68,SupportBeam/B31,-200.0,10.0,-3.75,0.016817328,-3.065612e-05,-0.13823731,0.0102347,-4.53608e-05,-0.122873,0.01671505995771771,12.003072028317039,11.459424506985098
PART-SUPPORTBEAM-2,304,SupportBeam/B31,200.0,10.0,-3.75,-0.016817328,-3.065612e-05,-0.13823731,-0.0102347,-4.53608e-05,-0.122873,0.01671505995771771,12.003072028317039,11.459424506985098
PART-SUPPORTBEAM-1,68,SupportBeam/B31,-200.0,-10.0,-3.75,0.016817328,3.065612e-05,-0.13823731,0.0102347,4.53608e-05,-0.122873,0.01671505995771771,12.003072028317039,11.459424506985098
PART-SUPPORTBEAM-1,304,SupportBeam/B31,200.0,-10.0,-3.75,-0.016817328,3.065612e-05,-0.13823731,-0.0102347,4.53608e-05,-0.122873,0.01671505995771771,12.003072028317039,11.459424506985098
PART-PIER-2,297,Pier/C3D8R,-5.58333,-10.0,15.0,-0.00028054958,0.021097632,-0.011903182,-0.000181529,0.00491189,-0.00842291,0.01655597603162712,68.3411306601321,59.74413974064808
PART-PIER-2,613,Pier/C3D8R,5.58333,-10.0,15.0,0.00028054958,0.021097632,-0.011903182,0.000181529,0.00491189,-0.00842291,0.01655597603162712,68.3411306601321,59.74413974064808
PART-PIER-1,375,Pier/C3D8R,-5.58333,10.0,15.0,-0.00028054958,-0.021097632,-0.011903182,-0.000181529,-0.00491189,-0.00842291,0.01655597603162712,68.3411306601321,59.74413974064808
PART-PIER-1,535,Pier/C3D8R,5.58333,10.0,15.0,0.00028054958,-0.021097632,-0.011903182,0.000181529,-0.00491189,-0.00842291,0.01655597603162712,68.3411306601321,59.74413974064808
PART-PIER-2,298,Pier/C3D8R,-11.16667,-10.0,15.0,-0.0005760376,0.020939887,-0.01186449,-0.000483046,0.0049621,-0.008132,0.016408223744669607,68.15630998174395,60.37859586779201
PART-PIER-2,614,Pier/C3D8R,11.16667,-10.0,15.0,0.0005760376,0.020939887,-0.01186449,0.000483046,0.0049621,-0.008132,0.016408223744669607,68.15630998174395,60.37859586779201
PART-PIER-1,376,Pier/C3D8R,-11.16667,10.0,15.0,-0.0005760376,-0.020939887,-0.01186449,-0.000483046,-0.0049621,-0.008132,0.016408223744669607,68.15630998174395,60.37859586779201
PART-PIER-1,536,Pier/C3D8R,11.16667,10.0,15.0,0.0005760376,-0.020939887,-0.01186449,0.000483046,-0.0049621,-0.008132,0.016408223744669607,68.15630998174395,60.37859586779201
PART-FLOOR-1,28,Floor/S4R,185.0,10.0,0.0,-0.0057082004,-0.0014757216,-0.27124956,-0.00916442,3.19133e-05,-0.255308,0.016381445362016224,6.037826202043969,5.8387036367110206
PART-FLOOR-1,44,Floor/S4R,185.0,-10.0,0.0,-0.0057082004,0.0014757216,-0.27124956,-0.00916442,-3.19133e-05,-0.255308,0.016381445362016224,6.037826202043969,5.8387036367110206
PART-FLOOR-1,179,Floor/S4R,-185.0,10.0,0.0,0.0057082004,-0.0014757216,-0.27124956,0.00916442,3.19133e-05,-0.255308,0.016381445362016224,6.037826202043969,5.8387036367110206
PART-FLOOR-1,187,Floor/S4R,-185.0,-10.0,0.0,0.0057082004,0.0014757216,-0.27124956,0.00916442,-3.19133e-05,-0.255308,0.016381445362016224,6.037826202043969,5.8387036367110206
PART-FLOOR-1,243,Floor/S4R,185.0,0.0,0.0,-0.0058463146,3.4857142e-15,-0.28056282,-0.0092185,-2.43386e-14,-0.264566,0.016348390883642712,5.8257336757998495,5.664941629054725
PART-FLOOR-1,444,Floor/S4R,-185.0,0.0,0.0,0.0058463146,1.6717537e-15,-0.28056282,0.0092185,-1.56207e-14,-0.264566,0.016348390883642712,5.8257336757998495,5.664941629054725
PART-PIER-2,37,Pier/C3D8R,-16.75,-10.0,15.0,-0.00083754264,0.020684734,-0.011750421,-0.000440169,0.00481401,-0.00826287,0.01625425476826126,68.28361086194063,59.78388085428422
PART-PIER-2,256,Pier/C3D8R,16.75,-10.0,15.0,0.00083754264,0.020684734,-0.011750421,0.000440169,0.00481401,-0.00826287,0.01625425476826126,68.28361086194063,59.78388085428422
PART-PIER-1,129,Pier/C3D8R,-16.75,10.0,15.0,-0.00083754264,-0.020684734,-0.011750421,-0.000440169,-0.00481401,-0.00826287,0.01625425476826126,68.28361086194063,59.78388085428422
PART-PIER-1,203,Pier/C3D8R,16.75,10.0,15.0,0.00083754264,-0.020684734,-0.011750421,0.000440169,-0.00481401,-0.00826287,0.01625425476826126,68.28361086194063,59.78388085428422
PART-PIER-2,90,Pier/C3D8R,0.0,-10.0,15.0,7.4802623e-16,0.021151464,-0.011934857,-7.22454e-15,0.00539776,-0.0079528,0.01624918360013404,66.90673989571471,60.423810247004525
PART-PIER-1,154,Pier/C3D8R,0.0,10.0,15.0,-4.3485172e-15,-0.021151464,-0.011934857,-2.77447e-15,-0.00539776,-0.0079528,0.01624918360013404,66.90673989571471,60.423810247004525
PART-PIER-2,441,Pier/C3D8R,0.0,-15.0,15.0,4.7872065e-17,0.020919057,-0.008622583,-1.43174e-14,0.00481914,-0.0072321,0.016159850568002725,71.42020153567266,61.59073975624418
PART-PIER-1,441,Pier/C3D8R,0.0,15.0,15.0,-3.890248e-15,-0.020919057,-0.008622583,-1.11294e-14,-0.00481914,-0.0072321,0.016159850568002725,71.42020153567266,61.59073975624418
PART-SUPPORTBEAM-2,74,SupportBeam/B31,-200.0,10.0,-26.25,-0.0030556691,0.0017928932,-0.13885644,0.00180216,0.000849683,-0.123482,0.016151209068047845,11.62780393344497,11.08954293027332
PART-SUPPORTBEAM-2,310,SupportBeam/B31,200.0,10.0,-26.25,0.0030556691,0.0017928932,-0.13885644,-0.00180216,0.000849683,-0.123482,0.016151209068047845,11.62780393344497,11.08954293027332
PART-SUPPORTBEAM-1,74,SupportBeam/B31,-200.0,-10.0,-26.25,-0.0030556691,-0.0017928932,-0.13885644,0.00180216,-0.000849683,-0.123482,0.016151209068047845,11.62780393344497,11.08954293027332
PART-SUPPORTBEAM-1,310,SupportBeam/B31,200.0,-10.0,-26.25,0.0030556691,-0.0017928932,-0.13885644,-0.00180216,-0.000849683,-0.123482,0.016151209068047845,11.62780393344497,11.08954293027332
PART-PIER-2,730,Pier/C3D8R,-5.58333,-15.0,15.0,-0.00018488978,0.020873774,-0.00859833,-0.000133047,0.0048251,-0.00714763,0.016114191115973345,71.37724069562987,61.79656513313778
PART-PIER-2,808,Pier/C3D8R,5.58333,-15.0,15.0,0.00018488978,0.020873774,-0.00859833,0.000133047,0.0048251,-0.00714763,0.016114191115973345,71.37724069562987,61.79656513313778
PART-PIER-1,730,Pier/C3D8R,-5.58333,15.0,15.0,-0.00018488978,-0.020873774,-0.00859833,-0.000133047,-0.0048251,-0.00714763,0.016114191115973345,71.37724069562987,61.79656513313778
PART-PIER-1,808,Pier/C3D8R,5.58333,15.0,15.0,0.00018488978,-0.020873774,-0.00859833,0.000133047,-0.0048251,-0.00714763,0.016114191115973345,71.37724069562987,61.79656513313778
PART-PIER-2,154,Pier/C3D8R,0.0,-20.0,15.0,-6.675282e-16,0.020804655,-0.0052780006,-2.17937e-14,0.00470551,-0.00576859,0.01610661813325247,75.04115624574294,65.31654433345973
PART-PIER-1,90,Pier/C3D8R,0.0,20.0,15.0,-3.4956349e-15,-0.020804655,-0.0052780006,-1.98258e-14,-0.00470551,-0.00576859,0.01610661813325247,75.04115624574294,65.31654433345973
PART-SUPPORTBEAM-2,69,SupportBeam/B31,-200.0,10.0,-7.5,0.013678399,0.0002740839,-0.13835412,0.00901953,0.000106768,-0.122988,0.016057730189038354,11.549922129641077,11.300218871710069
PART-SUPPORTBEAM-2,305,SupportBeam/B31,200.0,10.0,-7.5,-0.013678399,0.0002740839,-0.13835412,-0.00901953,0.000106768,-0.122988,0.016057730189038354,11.549922129641077,11.300218871710069
PART-SUPPORTBEAM-1,69,SupportBeam/B31,-200.0,-10.0,-7.5,0.013678399,-0.0002740839,-0.13835412,0.00901953,-0.000106768,-0.122988,0.016057730189038354,11.549922129641077,11.300218871710069
PART-SUPPORTBEAM-1,305,SupportBeam/B31,200.0,-10.0,-7.5,-0.013678399,-0.0002740839,-0.13835412,-0.00901953,-0.000106768,-0.122988,0.016057730189038354,11.549922129641077,11.300218871710069
PART-PIER-2,375,Pier/C3D8R,-5.58333,-20.0,15.0,-9.339573e-05,0.020753298,-0.00526048,-0.000116296,0.00477499,-0.0057597,0.015986121217281886,74.66720866392659,65.05097530571136
PART-PIER-2,535,Pier/C3D8R,5.58333,-20.0,15.0,9.339573e-05,0.020753298,-0.00526048,0.000116296,0.00477499,-0.0057597,0.015986121217281886,74.66720866392659,65.05097530571136
PART-PIER-1,297,Pier/C3D8R,-5.58333,20.0,15.0,-9.339573e-05,-0.020753298,-0.00526048,-0.000116296,-0.00477499,-0.0057597,0.015986121217281886,74.66720866392659,65.05097530571136
PART-PIER-1,613,Pier/C3D8R,5.58333,20.0,15.0,9.339573e-05,-0.020753298,-0.00526048,0.000116296,-0.00477499,-0.0057597,0.015986121217281886,74.66720866392659,65.05097530571136
PART-PIER-2,376,Pier/C3D8R,-11.16667,-20.0,15.0,-0.00019484093,0.020593435,-0.005213673,-0.000211193,0.00463103,-0.00594327,0.015979078589099787,75.2167034790757,64.51961416213503
PART-PIER-2,536,Pier/C3D8R,11.16667,-20.0,15.0,0.00019484093,0.020593435,-0.005213673,0.000211193,0.00463103,-0.00594327,0.015979078589099787,75.2167034790757,64.51961416213503
PART-PIER-1,298,Pier/C3D8R,-11.16667,20.0,15.0,-0.00019484093,-0.020593435,-0.005213673,-0.000211193,-0.00463103,-0.00594327,0.015979078589099787,75.2167034790757,64.51961416213503
PART-PIER-1,614,Pier/C3D8R,11.16667,20.0,15.0,0.00019484093,-0.020593435,-0.005213673,0.000211193,-0.00463103,-0.00594327,0.015979078589099787,75.2167034790757,64.51961416213503
PART-PIER-2,480,Pier/C3D8R,-16.75,-15.0,15.0,-0.00055903016,0.020442609,-0.0084666535,-0.000486243,0.00454226,-0.00706355,0.015962302331561512,72.11791174203948,61.99431445061545
PART-PIER-2,679,Pier/C3D8R,16.75,-15.0,15.0,0.00055903016,0.020442609,-0.0084666535,0.000486243,0.00454226,-0.00706355,0.015962302331561512,72.11791174203948,61.99431445061545
PART-PIER-1,480,Pier/C3D8R,-16.75,15.0,15.0,-0.00055903016,-0.020442609,-0.0084666535,-0.000486243,-0.00454226,-0.00706355,0.015962302331561512,72.11791174203948,61.99431445061545
PART-PIER-1,679,Pier/C3D8R,16.75,15.0,15.0,0.00055903016,-0.020442609,-0.0084666535,0.000486243,-0.00454226,-0.00706355,0.015962302331561512,72.11791174203948,61.99431445061545
PART-PIER-2,731,Pier/C3D8R,-11.16667,-15.0,15.0,-0.00038448247,0.020709202,-0.008556364,-0.000277523,0.00484874,-0.00694923,0.015942037977486525,71.13648638016727,62.1688211143323
PART-PIER-2,809,Pier/C3D8R,11.16667,-15.0,15.0,0.00038448247,0.020709202,-0.008556364,0.000277523,0.00484874,-0.00694923,0.015942037977486525,71.13648638016727,62.1688211143323
PART-PIER-1,731,Pier/C3D8R,-11.16667,15.0,15.0,-0.00038448247,-0.020709202,-0.008556364,-0.000277523,-0.00484874,-0.00694923,0.015942037977486525,71.13648638016727,62.1688211143323
PART-PIER-1,809,Pier/C3D8R,11.16667,15.0,15.0,0.00038448247,-0.020709202,-0.008556364,0.000277523,-0.00484874,-0.00694923,0.015942037977486525,71.13648638016727,62.1688211143323
PART-PIER-2,129,Pier/C3D8R,-16.75,-20.0,15.0,-0.0002763849,0.02034156,-0.0051474455,-0.00027315,0.004552,-0.00562997,0.015796931516952217,75.27884079815522,65.47400214312769
PART-PIER-2,203,Pier/C3D8R,16.75,-20.0,15.0,0.0002763849,0.02034156,-0.0051474455,0.00027315,0.004552,-0.00562997,0.015796931516952217,75.27884079815522,65.47400214312769
PART-PIER-1,37,Pier/C3D8R,-16.75,20.0,15.0,-0.0002763849,-0.02034156,-0.0051474455,-0.00027315,-0.004552,-0.00562997,0.015796931516952217,75.27884079815522,65.47400214312769
PART-PIER-1,256,Pier/C3D8R,16.75,20.0,15.0,0.0002763849,-0.02034156,-0.0051474455,0.00027315,-0.004552,-0.00562997,0.015796931516952217,75.27884079815522,65.47400214312769
PART-SUPPORTBEAM-2,33,SupportBeam/B31,-203.33333,10.0,-2.0,0.021797493,-0.0002078868,-0.13442108,0.0141614,-9.63353e-05,-0.120617,0.015775772078988753,11.584747278602666,10.817949651612967
PART-SUPPORTBEAM-2,330,SupportBeam/B31,203.33333,10.0,-2.0,-0.021797493,-0.0002078868,-0.13442108,-0.0141614,-9.63353e-05,-0.120617,0.015775772078988753,11.584747278602666,10.817949651612967
PART-SUPPORTBEAM-1,33,SupportBeam/B31,-203.33333,-10.0,-2.0,0.021797493,0.0002078868,-0.13442108,0.0141614,9.63353e-05,-0.120617,0.015775772078988753,11.584747278602666,10.817949651612967
PART-SUPPORTBEAM-1,330,SupportBeam/B31,203.33333,-10.0,-2.0,-0.021797493,0.0002078868,-0.13442108,-0.0141614,9.63353e-05,-0.120617,0.015775772078988753,11.584747278602666,10.817949651612967
PART-SUPPORTBEAM-2,73,SupportBeam/B31,-200.0,10.0,-22.5,0.0009057573,0.001490123,-0.13876686,0.0038587,0.00070403,-0.123394,0.015673628723870292,11.294044784467253,11.040302106813686
PART-SUPPORTBEAM-2,309,SupportBeam/B31,200.0,10.0,-22.5,-0.0009057573,0.001490123,-0.13876686,-0.0038587,0.00070403,-0.123394,0.015673628723870292,11.294044784467253,11.040302106813686
PART-SUPPORTBEAM-1,73,SupportBeam/B31,-200.0,-10.0,-22.5,0.0009057573,-0.001490123,-0.13876686,0.0038587,-0.00070403,-0.123394,0.015673628723870292,11.294044784467253,11.040302106813686
PART-SUPPORTBEAM-1,309,SupportBeam/B31,200.0,-10.0,-22.5,-0.0009057573,-0.001490123,-0.13876686,-0.0038587,-0.00070403,-0.123394,0.015673628723870292,11.294044784467253,11.040302106813686
PART-SUPPORTBEAM-2,70,SupportBeam/B31,-200.0,10.0,-11.25,0.010660584,0.0005786337,-0.13846546,0.00791261,0.000257941,-0.123098,0.015614513497516011,11.243457231173588,11.178374235948185
PART-SUPPORTBEAM-2,306,SupportBeam/B31,200.0,10.0,-11.25,-0.010660584,0.0005786337,-0.13846546,-0.00791261,0.000257941,-0.123098,0.015614513497516011,11.243457231173588,11.178374235948185
PART-SUPPORTBEAM-1,70,SupportBeam/B31,-200.0,-10.0,-11.25,0.010660584,-0.0005786337,-0.13846546,0.00791261,-0.000257941,-0.123098,0.015614513497516011,11.243457231173588,11.178374235948185
PART-SUPPORTBEAM-1,306,SupportBeam/B31,200.0,-10.0,-11.25,-0.010660584,-0.0005786337,-0.13846546,-0.00791261,-0.000257941,-0.123098,0.015614513497516011,11.243457231173588,11.178374235948185
PART-SUPPORTBEAM-2,72,SupportBeam/B31,-200.0,10.0,-18.75,0.00441707,0.0011867551,-0.13867185,0.00547045,0.000556742,-0.123301,0.015419778067568684,11.113573399732758,11.044331360049258
PART-SUPPORTBEAM-2,308,SupportBeam/B31,200.0,10.0,-18.75,-0.00441707,0.0011867551,-0.13867185,-0.00547045,0.000556742,-0.123301,0.015419778067568684,11.113573399732758,11.044331360049258
PART-SUPPORTBEAM-1,72,SupportBeam/B31,-200.0,-10.0,-18.75,0.00441707,-0.0011867551,-0.13867185,0.00547045,-0.000556742,-0.123301,0.015419778067568684,11.113573399732758,11.044331360049258
PART-SUPPORTBEAM-1,308,SupportBeam/B31,200.0,-10.0,-18.75,-0.00441707,-0.0011867551,-0.13867185,-0.00547045,-0.000556742,-0.123301,0.015419778067568684,11.113573399732758,11.044331360049258
PART-SUPPORTBEAM-2,71,SupportBeam/B31,-200.0,10.0,-15.0,0.007621077,0.0008828914,-0.13857138,0.00677567,0.000407989,-0.123202,0.015399937885250525,11.096367200487501,11.092627264850783
PART-SUPPORTBEAM-2,307,SupportBeam/B31,200.0,10.0,-15.0,-0.007621077,0.0008828914,-0.13857138,-0.00677567,0.000407989,-0.123202,0.015399937885250525,11.096367200487501,11.092627264850783
PART-SUPPORTBEAM-1,71,SupportBeam/B31,-200.0,-10.0,-15.0,0.007621077,-0.0008828914,-0.13857138,0.00677567,-0.000407989,-0.123202,0.015399937885250525,11.096367200487501,11.092627264850783
PART-SUPPORTBEAM-1,307,SupportBeam/B31,200.0,-10.0,-15.0,-0.007621077,-0.0008828914,-0.13857138,-0.00677567,-0.000407989,-0.123202,0.015399937885250525,11.096367200487501,11.092627264850783
PART-SUPPORTBEAM-2,21,SupportBeam/B31,-203.84616,10.0,-30.0,-0.007331977,0.0020574871,-0.13484098,-0.00106636,0.00102663,-0.121213,0.015034708564907713,11.132216206118507,10.243026758634036
PART-SUPPORTBEAM-2,311,SupportBeam/B31,203.84616,10.0,-30.0,0.007331977,0.0020574871,-0.13484098,0.00106636,0.00102663,-0.121213,0.015034708564907713,11.132216206118507,10.243026758634036
PART-SUPPORTBEAM-1,21,SupportBeam/B31,-203.84616,-10.0,-30.0,-0.007331977,-0.0020574871,-0.13484098,-0.00106636,-0.00102663,-0.121213,0.015034708564907713,11.132216206118507,10.243026758634036
PART-SUPPORTBEAM-1,311,SupportBeam/B31,203.84616,-10.0,-30.0,0.007331977,-0.0020574871,-0.13484098,0.00106636,-0.00102663,-0.121213,0.015034708564907713,11.132216206118507,10.243026758634036
PART-PIER-2,91,Pier/C3D8R,0.0,-10.0,10.0,7.44497e-16,0.017958155,-0.011083102,-5.47049e-15,0.00345121,-0.00829527,0.014772388449172632,70.00184849515864,57.42489766964476
PART-PIER-1,153,Pier/C3D8R,0.0,10.0,10.0,-3.778531e-15,-0.017958155,-0.011083102,-1.64575e-15,-0.00345121,-0.00829527,0.014772388449172632,70.00184849515864,57.42489766964476
PART-PIER-2,296,Pier/C3D8R,-11.33333,-10.0,10.0,-0.0005738085,0.017746324,-0.011010989,-0.000323381,0.00375707,-0.00774898,0.01436672001973148,68.76444418291828,58.751915515388916
PART-PIER-2,612,Pier/C3D8R,11.33333,-10.0,10.0,0.0005738085,0.017746324,-0.011010989,0.000323381,0.00375707,-0.00774898,0.01436672001973148,68.76444418291828,58.751915515388916
PART-PIER-1,374,Pier/C3D8R,-11.33333,10.0,10.0,-0.0005738085,-0.017746324,-0.011010989,-0.000323381,-0.00375707,-0.00774898,0.01436672001973148,68.76444418291828,58.751915515388916
PART-PIER-1,534,Pier/C3D8R,11.33333,10.0,10.0,0.0005738085,-0.017746324,-0.011010989,0.000323381,-0.00375707,-0.00774898,0.01436672001973148,68.76444418291828,58.751915515388916
PART-PIER-2,295,Pier/C3D8R,-5.66667,-10.0,10.0,-0.00029408414,0.017906053,-0.01106759,-0.000204645,0.00405179,-0.00747681,0.014312313008082691,67.98414087925552,59.59344941830541
PART-PIER-2,611,Pier/C3D8R,5.66667,-10.0,10.0,0.00029408414,0.017906053,-0.01106759,0.000204645,0.00405179,-0.00747681,0.014312313008082691,67.98414087925552,59.59344941830541
PART-PIER-1,373,Pier/C3D8R,-5.66667,10.0,10.0,-0.00029408414,-0.017906053,-0.01106759,-0.000204645,-0.00405179,-0.00747681,0.014312313008082691,67.98414087925552,59.59344941830541
PART-PIER-1,533,Pier/C3D8R,5.66667,10.0,10.0,0.00029408414,-0.017906053,-0.01106759,0.000204645,-0.00405179,-0.00747681,0.014312313008082691,67.98414087925552,59.59344941830541
PART-PIER-2,36,Pier/C3D8R,-17.0,-10.0,10.0,-0.00088774954,0.017473012,-0.010906989,-0.000777468,0.00366873,-0.00744059,0.014233280914138866,69.03695216047873,59.58533700354225
PART-PIER-2,257,Pier/C3D8R,17.0,-10.0,10.0,0.00088774954,0.017473012,-0.010906989,0.000777468,0.00366873,-0.00744059,0.014233280914138866,69.03695216047873,59.58533700354225
PART-PIER-1,130,Pier/C3D8R,-17.0,10.0,10.0,-0.00088774954,-0.017473012,-0.010906989,-0.000777468,-0.00366873,-0.00744059,0.014233280914138866,69.03695216047873,59.58533700354225
PART-PIER-1,202,Pier/C3D8R,17.0,10.0,10.0,0.00088774954,-0.017473012,-0.010906989,0.000777468,-0.00366873,-0.00744059,0.014233280914138866,69.03695216047873,59.58533700354225
PART-SUPPORTBEAM-2,34,SupportBeam/B31,-206.66667,10.0,-4.0,0.024140673,-7.9991216e-05,-0.13199764,0.0173189,8.78124e-06,-0.119629,0.014125428236413693,10.526672834196383,9.919643318524477
PART-SUPPORTBEAM-2,331,SupportBeam/B31,206.66667,10.0,-4.0,-0.024140673,-7.9991216e-05,-0.13199764,-0.0173189,8.78124e-06,-0.119629,0.014125428236413693,10.526672834196383,9.919643318524477
PART-SUPPORTBEAM-1,34,SupportBeam/B31,-206.66667,-10.0,-4.0,0.024140673,7.9991216e-05,-0.13199764,0.0173189,-8.78124e-06,-0.119629,0.014125428236413693,10.526672834196383,9.919643318524477
PART-SUPPORTBEAM-1,331,SupportBeam/B31,206.66667,-10.0,-4.0,-0.024140673,7.9991216e-05,-0.13199764,-0.0173189,-8.78124e-06,-0.119629,0.014125428236413693,10.526672834196383,9.919643318524477
PART-PIER-2,728,Pier/C3D8R,-5.66667,-15.0,10.0,-0.00020104338,0.017697992,-0.008007879,-0.000181746,0.00374444,-0.00653405,0.014031185186106692,72.22736508314917,61.22235416728884
PART-PIER-2,806,Pier/C3D8R,5.66667,-15.0,10.0,0.00020104338,0.017697992,-0.008007879,0.000181746,0.00374444,-0.00653405,0.014031185186106692,72.22736508314917,61.22235416728884
PART-PIER-1,728,Pier/C3D8R,-5.66667,15.0,10.0,-0.00020104338,-0.017697992,-0.008007879,-0.000181746,-0.00374444,-0.00653405,0.014031185186106692,72.22736508314917,61.22235416728884
PART-PIER-1,806,Pier/C3D8R,5.66667,15.0,10.0,0.00020104338,-0.017697992,-0.008007879,0.000181746,-0.00374444,-0.00653405,0.014031185186106692,72.22736508314917,61.22235416728884
PART-PIER-2,729,Pier/C3D8R,-11.33333,-15.0,10.0,-0.00038778066,0.01754334,-0.007957157,-0.000325627,0.00357317,-0.00672785,0.014024289950175746,72.7873876041853,60.4265799372037
PART-PIER-2,807,Pier/C3D8R,11.33333,-15.0,10.0,0.00038778066,0.01754334,-0.007957157,0.000325627,0.00357317,-0.00672785,0.014024289950175746,72.7873876041853,60.4265799372037
PART-PIER-1,729,Pier/C3D8R,-11.33333,15.0,10.0,-0.00038778066,-0.01754334,-0.007957157,-0.000325627,-0.00357317,-0.00672785,0.014024289950175746,72.7873876041853,60.4265799372037
PART-PIER-1,807,Pier/C3D8R,11.33333,15.0,10.0,0.00038778066,-0.01754334,-0.007957157,0.000325627,-0.00357317,-0.00672785,0.014024289950175746,72.7873876041853,60.4265799372037
PART-PIER-2,440,Pier/C3D8R,0.0,-15.0,10.0,-9.771175e-18,0.017757028,-0.008026514,-1.23867e-14,0.00384226,-0.00633693,0.014016970521010596,71.93044041236531,61.97034241878393
PART-PIER-1,440,Pier/C3D8R,0.0,15.0,10.0,-3.3801957e-15,-0.017757028,-0.008026514,-9.71559e-15,-0.00384226,-0.00633693,0.014016970521010596,71.93044041236531,61.97034241878393
PART-PIER-2,373,Pier/C3D8R,-5.66667,-20.0,10.0,-0.00010469969,0.017551476,-0.004976682,-7.76367e-05,0.00357634,-0.00569202,0.0139934580100191,76.7029552465939,63.150312079008586
PART-PIER-2,533,Pier/C3D8R,5.66667,-20.0,10.0,0.00010469969,0.017551476,-0.004976682,7.76367e-05,0.00357634,-0.00569202,0.0139934580100191,76.7029552465939,63.150312079008586
PART-PIER-1,295,Pier/C3D8R,-5.66667,20.0,10.0,-0.00010469969,-0.017551476,-0.004976682,-7.76367e-05,-0.00357634,-0.00569202,0.0139934580100191,76.7029552465939,63.150312079008586
PART-PIER-1,611,Pier/C3D8R,5.66667,20.0,10.0,0.00010469969,-0.017551476,-0.004976682,7.76367e-05,-0.00357634,-0.00569202,0.0139934580100191,76.7029552465939,63.150312079008586
PART-FLOOR-1,239,Floor/S4R,190.0,-5.0,0.0,-0.004625305,0.0006420696,-0.22743055,-0.00939196,0.000155961,-0.214323,0.01395582919294009,6.1350106328267815,5.692732330954607
PART-FLOOR-1,241,Floor/S4R,190.0,5.0,0.0,-0.004625305,-0.0006420696,-0.22743055,-0.00939196,-0.000155961,-0.214323,0.01395582919294009,6.1350106328267815,5.692732330954607
PART-FLOOR-1,446,Floor/S4R,-190.0,-5.0,0.0,0.004625305,0.0006420696,-0.22743055,0.00939196,0.000155961,-0.214323,0.01395582919294009,6.1350106328267815,5.692732330954607
PART-FLOOR-1,448,Floor/S4R,-190.0,5.0,0.0,0.004625305,-0.0006420696,-0.22743055,0.00939196,-0.000155961,-0.214323,0.01395582919294009,6.1350106328267815,5.692732330954607
PART-PIER-2,153,Pier/C3D8R,0.0,-20.0,10.0,-5.3151566e-16,0.017605785,-0.004997148,-1.88306e-14,0.00371522,-0.0058181,0.013914803563310872,76.03205237024572,62.280543312814764
PART-PIER-1,91,Pier/C3D8R,0.0,20.0,10.0,-2.955384e-15,-0.017605785,-0.004997148,-1.71652e-14,-0.00371522,-0.0058181,0.013914803563310872,76.03205237024572,62.280543312814764
PART-PIER-2,374,Pier/C3D8R,-11.33333,-20.0,10.0,-0.00019972438,0.017392948,-0.004931618,-0.00020169,0.00353959,-0.00530497,0.013858388198334248,76.6516685451389,64.7084647300966
PART-PIER-2,534,Pier/C3D8R,11.33333,-20.0,10.0,0.00019972438,0.017392948,-0.004931618,0.00020169,0.00353959,-0.00530497,0.013858388198334248,76.6516685451389,64.7084647300966
PART-PIER-1,296,Pier/C3D8R,-11.33333,20.0,10.0,-0.00019972438,-0.017392948,-0.004931618,-0.00020169,-0.00353959,-0.00530497,0.013858388198334248,76.6516685451389,64.7084647300966
PART-PIER-1,612,Pier/C3D8R,11.33333,20.0,10.0,0.00019972438,-0.017392948,-0.004931618,0.00020169,-0.00353959,-0.00530497,0.013858388198334248,76.6516685451389,64.7084647300966
PART-PIER-2,479,Pier/C3D8R,-17.0,-15.0,10.0,-0.00060163054,0.017278578,-0.00786963,-0.000426773,0.00359026,-0.00629748,0.013779415098287694,72.53908382187754,61.77287503800136
PART-PIER-2,678,Pier/C3D8R,17.0,-15.0,10.0,0.00060163054,0.017278578,-0.00786963,0.000426773,0.00359026,-0.00629748,0.013779415098287694,72.53908382187754,61.77287503800136
PART-PIER-1,479,Pier/C3D8R,-17.0,15.0,10.0,-0.00060163054,-0.017278578,-0.00786963,-0.000426773,-0.00359026,-0.00629748,0.013779415098287694,72.53908382187754,61.77287503800136
PART-PIER-1,678,Pier/C3D8R,17.0,15.0,10.0,0.00060163054,-0.017278578,-0.00786963,0.000426773,-0.00359026,-0.00629748,0.013779415098287694,72.53908382187754,61.77287503800136
PART-PIER-2,130,Pier/C3D8R,-17.0,-20.0,10.0,-0.00031850167,0.017116124,-0.004859057,-0.000359508,0.00336982,-0.00569533,0.01377177939519963,77.38987444266151,62.757936379649905
PART-PIER-2,202,Pier/C3D8R,17.0,-20.0,10.0,0.00031850167,0.017116124,-0.004859057,0.000359508,0.00336982,-0.00569533,0.01377177939519963,77.38987444266151,62.757936379649905
PART-PIER-1,36,Pier/C3D8R,-17.0,20.0,10.0,-0.00031850167,-0.017116124,-0.004859057,-0.000359508,-0.00336982,-0.00569533,0.01377177939519963,77.38987444266151,62.757936379649905
PART-PIER-1,257,Pier/C3D8R,17.0,20.0,10.0,0.00031850167,-0.017116124,-0.004859057,0.000359508,-0.00336982,-0.00569533,0.01377177939519963,77.38987444266151,62.757936379649905
PART-SUPPORTBEAM-2,22,SupportBeam/B31,-207.69231,10.0,-30.0,-0.007053939,0.0020197383,-0.13144079,-0.0012953,0.00106219,-0.119418,0.013365115086045987,10.152357969610266,9.27922813010003
PART-SUPPORTBEAM-2,312,SupportBeam/B31,207.69231,10.0,-30.0,0.007053939,0.0020197383,-0.13144079,0.0012953,0.00106219,-0.119418,0.013365115086045987,10.152357969610266,9.27922813010003
PART-SUPPORTBEAM-1,22,SupportBeam/B31,-207.69231,-10.0,-30.0,-0.007053939,-0.0020197383,-0.13144079,-0.0012953,-0.00106219,-0.119418,0.013365115086045987,10.152357969610266,9.27922813010003
PART-SUPPORTBEAM-1,312,SupportBeam/B31,207.69231,-10.0,-30.0,0.007053939,-0.0020197383,-0.13144079,0.0012953,-0.00106219,-0.119418,0.013365115086045987,10.152357969610266,9.27922813010003
PART-FLOOR-1,452,Floor/S4R,-205.0,-5.0,0.0,0.016247937,-9.416555e-05,-0.25056362,0.00880732,-0.000199158,-0.239612,0.013240535690811225,5.273225370420595,4.506751246297943
PART-FLOOR-1,454,Floor/S4R,-205.0,5.0,0.0,0.016247937,9.416555e-05,-0.25056362,0.00880732,0.000199158,-0.239612,0.013240535690811225,5.273225370420595,4.506751246297943
PART-FLOOR-1,479,Floor/S4R,205.0,5.0,0.0,-0.016247937,9.416555e-05,-0.25056362,-0.00880732,0.000199158,-0.239612,0.013240535690811225,5.273225370420595,4.506751246297943
PART-FLOOR-1,481,Floor/S4R,205.0,-5.0,0.0,-0.016247937,-9.416555e-05,-0.25056362,-0.00880732,-0.000199158,-0.239612,0.013240535690811225,5.273225370420595,4.506751246297943
PART-PIER-2,293,Pier/C3D8R,-5.75,-10.0,5.0,-0.000295248,0.01501642,-0.010185014,-0.000209497,0.00255104,-0.00735955,0.012781873829517213,70.43508869155055,57.06204466218042
PART-PIER-2,609,Pier/C3D8R,5.75,-10.0,5.0,0.000295248,0.01501642,-0.010185014,0.000209497,0.00255104,-0.00735955,0.012781873829517213,70.43508869155055,57.06204466218042
PART-PIER-1,371,Pier/C3D8R,-5.75,10.0,5.0,-0.000295248,-0.01501642,-0.010185014,-0.000209497,-0.00255104,-0.00735955,0.012781873829517213,70.43508869155055,57.06204466218042
PART-PIER-1,531,Pier/C3D8R,5.75,10.0,5.0,0.000295248,-0.01501642,-0.010185014,0.000209497,-0.00255104,-0.00735955,0.012781873829517213,70.43508869155055,57.06204466218042
PART-SUPPORTBEAM-2,35,SupportBeam/B31,-210.0,10.0,-6.0,0.026773347,4.8170892e-05,-0.13005088,0.0206998,0.000116833,-0.119009,0.012602214153897087,9.491178363280289,9.024323282306783
PART-SUPPORTBEAM-2,332,SupportBeam/B31,210.0,10.0,-6.0,-0.026773347,4.8170892e-05,-0.13005088,-0.0206998,0.000116833,-0.119009,0.012602214153897087,9.491178363280289,9.024323282306783
PART-SUPPORTBEAM-1,35,SupportBeam/B31,-210.0,-10.0,-6.0,0.026773347,-4.8170892e-05,-0.13005088,0.0206998,-0.000116833,-0.119009,0.012602214153897087,9.491178363280289,9.024323282306783
PART-SUPPORTBEAM-1,332,SupportBeam/B31,210.0,-10.0,-6.0,-0.026773347,-4.8170892e-05,-0.13005088,-0.0206998,-0.000116833,-0.119009,0.012602214153897087,9.491178363280289,9.024323282306783
PART-PIER-2,35,Pier/C3D8R,-17.25,-10.0,5.0,-0.0008840752,0.014590223,-0.01002245,-0.000610941,0.00254719,-0.00692829,0.01243716495974459,70.1751719975552,58.20730329800148
PART-PIER-2,258,Pier/C3D8R,17.25,-10.0,5.0,0.0008840752,0.014590223,-0.01002245,0.000610941,0.00254719,-0.00692829,0.01243716495974459,70.1751719975552,58.20730329800148
PART-PIER-1,131,Pier/C3D8R,-17.25,10.0,5.0,-0.0008840752,-0.014590223,-0.01002245,-0.000610941,-0.00254719,-0.00692829,0.01243716495974459,70.1751719975552,58.20730329800148
PART-PIER-1,201,Pier/C3D8R,17.25,10.0,5.0,0.0008840752,-0.014590223,-0.01002245,0.000610941,-0.00254719,-0.00692829,0.01243716495974459,70.1751719975552,58.20730329800148
PART-FLOOR-1,26,Floor/S4R,195.0,10.0,0.0,-0.0036759186,-0.0015573136,-0.15126546,-0.0100084,-0.000387561,-0.140657,0.012409998605888416,8.20126343318963,6.8101399853774875
PART-FLOOR-1,46,Floor/S4R,195.0,-10.0,0.0,-0.0036759186,0.0015573136,-0.15126546,-0.0100084,0.000387561,-0.140657,0.012409998605888416,8.20126343318963,6.8101399853774875
PART-FLOOR-1,181,Floor/S4R,-195.0,10.0,0.0,0.0036759186,-0.0015573136,-0.15126546,0.0100084,-0.000387561,-0.140657,0.012409998605888416,8.20126343318963,6.8101399853774875
PART-FLOOR-1,185,Floor/S4R,-195.0,-10.0,0.0,0.0036759186,0.0015573136,-0.15126546,0.0100084,0.000387561,-0.140657,0.012409998605888416,8.20126343318963,6.8101399853774875
PART-PIER-2,439,Pier/C3D8R,0.0,-15.0,5.0,4.895291e-17,0.014833648,-0.0074443147,-1.01298e-14,0.00256602,-0.00668665,0.012291002910422325,74.05630566664249,56.8465620809827
PART-PIER-1,439,Pier/C3D8R,0.0,15.0,5.0,-2.8361384e-15,-0.014833648,-0.0074443147,-7.9008e-15,-0.00256602,-0.00668665,0.012291002910422325,74.05630566664249,56.8465620809827
PART-PIER-2,294,Pier/C3D8R,-11.5,-10.0,5.0,-0.00060626643,0.014854996,-0.010120541,-0.000414931,0.00303887,-0.00685081,0.01226167132600651,68.1768322312623,58.26528216107331
PART-PIER-2,610,Pier/C3D8R,11.5,-10.0,5.0,0.00060626643,0.014854996,-0.010120541,0.000414931,0.00303887,-0.00685081,0.01226167132600651,68.1768322312623,58.26528216107331
PART-PIER-1,372,Pier/C3D8R,-11.5,10.0,5.0,-0.00060626643,-0.014854996,-0.010120541,-0.000414931,-0.00303887,-0.00685081,0.01226167132600651,68.1768322312623,58.26528216107331
PART-PIER-1,532,Pier/C3D8R,11.5,10.0,5.0,0.00060626643,-0.014854996,-0.010120541,0.000414931,-0.00303887,-0.00685081,0.01226167132600651,68.1768322312623,58.26528216107331
PART-PIER-2,92,Pier/C3D8R,0.0,-10.0,5.0,6.352447e-16,0.0150711145,-0.010196153,-4.65611e-15,0.00358747,-0.00619534,0.012160616582367409,66.83069640794974,60.6561770526169
PART-PIER-1,152,Pier/C3D8R,0.0,10.0,5.0,-3.2049355e-15,-0.0150711145,-0.010196153,-1.27214e-15,-0.00358747,-0.00619534,0.012160616582367409,66.83069640794974,60.6561770526169
PART-PIER-2,152,Pier/C3D8R,0.0,-20.0,5.0,-5.1288417e-16,0.014715801,-0.004660497,-1.64706e-14,0.00261614,-0.00482249,0.012100745350885211,78.39220024412093,64.45747346548794
PART-PIER-1,92,Pier/C3D8R,0.0,20.0,5.0,-2.4883416e-15,-0.014715801,-0.004660497,-1.50953e-14,-0.00261614,-0.00482249,0.012100745350885211,78.39220024412093,64.45747346548794
PART-PIER-2,727,Pier/C3D8R,-11.5,-15.0,5.0,-0.00041679133,0.014619641,-0.0073721986,-0.000367992,0.00265282,-0.00582665,0.01206631288735757,73.67143129837271,60.846963142418865
PART-PIER-2,805,Pier/C3D8R,11.5,-15.0,5.0,0.00041679133,0.014619641,-0.0073721986,0.000367992,0.00265282,-0.00582665,0.01206631288735757,73.67143129837271,60.846963142418865
PART-PIER-1,727,Pier/C3D8R,-11.5,15.0,5.0,-0.00041679133,-0.014619641,-0.0073721986,-0.000367992,-0.00265282,-0.00582665,0.01206631288735757,73.67143129837271,60.846963142418865
PART-PIER-1,805,Pier/C3D8R,11.5,15.0,5.0,0.00041679133,-0.014619641,-0.0073721986,0.000367992,-0.00265282,-0.00582665,0.01206631288735757,73.67143129837271,60.846963142418865
PART-PIER-2,371,Pier/C3D8R,-5.75,-20.0,5.0,-0.000109435176,0.01466302,-0.004655151,-0.000186035,0.00260553,-0.00506023,0.012064535698872869,78.41945356911428,62.984625997438705
PART-PIER-2,531,Pier/C3D8R,5.75,-20.0,5.0,0.000109435176,0.01466302,-0.004655151,0.000186035,0.00260553,-0.00506023,0.012064535698872869,78.41945356911428,62.984625997438705
PART-PIER-1,293,Pier/C3D8R,-5.75,20.0,5.0,-0.000109435176,-0.01466302,-0.004655151,-0.000186035,-0.00260553,-0.00506023,0.012064535698872869,78.41945356911428,62.984625997438705
PART-PIER-1,609,Pier/C3D8R,5.75,20.0,5.0,0.000109435176,-0.01466302,-0.004655151,0.000186035,-0.00260553,-0.00506023,0.012064535698872869,78.41945356911428,62.984625997438705
PART-PIER-2,726,Pier/C3D8R,-5.75,-15.0,5.0,-0.0002011378,0.014784753,-0.007437041,-9.61271e-05,0.00279432,-0.00624526,0.012049973142151168,72.80466038861042,58.65792933946745
PART-PIER-2,804,Pier/C3D8R,5.75,-15.0,5.0,0.0002011378,0.014784753,-0.007437041,9.61271e-05,0.00279432,-0.00624526,0.012049973142151168,72.80466038861042,58.65792933946745
PART-PIER-1,726,Pier/C3D8R,-5.75,15.0,5.0,-0.0002011378,-0.014784753,-0.007437041,-9.61271e-05,-0.00279432,-0.00624526,0.012049973142151168,72.80466038861042,58.65792933946745
PART-PIER-1,804,Pier/C3D8R,5.75,15.0,5.0,0.0002011378,-0.014784753,-0.007437041,9.61271e-05,-0.00279432,-0.00624526,0.012049973142151168,72.80466038861042,58.65792933946745
PART-PIER-2,372,Pier/C3D8R,-11.5,-20.0,5.0,-0.00022886453,0.01450012,-0.004591897,-0.000203052,0.00255653,-0.00551966,0.011979597345444213,78.75327724528225,59.98860213696048
PART-PIER-2,532,Pier/C3D8R,11.5,-20.0,5.0,0.00022886453,0.01450012,-0.004591897,0.000203052,0.00255653,-0.00551966,0.011979597345444213,78.75327724528225,59.98860213696048
PART-PIER-1,294,Pier/C3D8R,-11.5,20.0,5.0,-0.00022886453,-0.01450012,-0.004591897,-0.000203052,-0.00255653,-0.00551966,0.011979597345444213,78.75327724528225,59.98860213696048
PART-PIER-1,610,Pier/C3D8R,11.5,20.0,5.0,0.00022886453,-0.01450012,-0.004591897,0.000203052,-0.00255653,-0.00551966,0.011979597345444213,78.75327724528225,59.98860213696048
PART-PIER-2,478,Pier/C3D8R,-17.25,-15.0,5.0,-0.0006054731,0.014348258,-0.0072918884,-0.000445176,0.00252838,-0.00633746,0.011859432729514468,73.63256648976841,57.54618349788962
PART-PIER-2,677,Pier/C3D8R,17.25,-15.0,5.0,0.0006054731,0.014348258,-0.0072918884,0.000445176,0.00252838,-0.00633746,0.011859432729514468,73.63256648976841,57.54618349788962
PART-PIER-1,478,Pier/C3D8R,-17.25,15.0,5.0,-0.0006054731,-0.014348258,-0.0072918884,-0.000445176,-0.00252838,-0.00633746,0.011859432729514468,73.63256648976841,57.54618349788962
PART-PIER-1,677,Pier/C3D8R,17.25,15.0,5.0,0.0006054731,-0.014348258,-0.0072918884,0.000445176,-0.00252838,-0.00633746,0.011859432729514468,73.63256648976841,57.54618349788962
PART-PIER-2,131,Pier/C3D8R,-17.25,-20.0,5.0,-0.00032420788,0.014237716,-0.0045332573,-0.000395708,0.002399,-0.00473784,0.011840699425158772,79.22582896025622,64.36848972814147
PART-PIER-2,201,Pier/C3D8R,17.25,-20.0,5.0,0.00032420788,0.014237716,-0.0045332573,0.000395708,0.002399,-0.00473784,0.011840699425158772,79.22582896025622,64.36848972814147
PART-PIER-1,35,Pier/C3D8R,-17.25,20.0,5.0,-0.00032420788,-0.014237716,-0.0045332573,-0.000395708,-0.002399,-0.00473784,0.011840699425158772,79.22582896025622,64.36848972814147
PART-PIER-1,258,Pier/C3D8R,17.25,20.0,5.0,0.00032420788,-0.014237716,-0.0045332573,0.000395708,-0.002399,-0.00473784,0.011840699425158772,79.22582896025622,64.36848972814147
PART-SUPPORTBEAM-2,23,SupportBeam/B31,-211.53847,10.0,-30.0,-0.0067759,0.0019817476,-0.12790582,-0.00152425,0.00109999,-0.11736,0.011814044339685616,9.22248081738674,8.372684434923498
PART-SUPPORTBEAM-2,313,SupportBeam/B31,211.53847,10.0,-30.0,0.0067759,0.0019817476,-0.12790582,0.00152425,0.00109999,-0.11736,0.011814044339685616,9.22248081738674,8.372684434923498
PART-SUPPORTBEAM-1,23,SupportBeam/B31,-211.53847,-10.0,-30.0,-0.0067759,-0.0019817476,-0.12790582,-0.00152425,-0.00109999,-0.11736,0.011814044339685616,9.22248081738674,8.372684434923498
PART-SUPPORTBEAM-1,313,SupportBeam/B31,211.53847,-10.0,-30.0,0.0067759,-0.0019817476,-0.12790582,0.00152425,-0.00109999,-0.11736,0.011814044339685616,9.22248081738674,8.372684434923498
PART-FLOOR-1,237,Floor/S4R,195.0,0.0,0.0,-0.0027103072,2.683113e-15,-0.2081606,-0.00906486,-1.85728e-14,-0.198282,0.011745938840637115,5.642250905215957,4.654253277093791
PART-FLOOR-1,450,Floor/S4R,-195.0,0.0,0.0,0.0027103072,1.2561332e-15,-0.2081606,0.00906486,-1.17762e-14,-0.198282,0.011745938840637115,5.642250905215957,4.654253277093791
PART-PIER-2,93,Pier/C3D8R,0.0,-10.0,0.0,5.780247e-16,0.012439534,-0.009340425,-2.60703e-15,0.000720605,-0.00933545,0.011718930056010489,75.33438545171218,39.809141329813684
PART-PIER-1,151,Pier/C3D8R,0.0,10.0,0.0,-2.7048627e-15,-0.012439534,-0.009340425,-3.57658e-16,-0.000720605,-0.00933545,0.011718930056010489,75.33438545171218,39.809141329813684
PART-PIER-2,292,Pier/C3D8R,-11.66667,-10.0,0.0,-0.0006051582,0.012225178,-0.009260981,-0.00080713,0.00111232,-0.00788577,0.011199446898426738,72.96606880893556,47.84864778162699
PART-PIER-2,608,Pier/C3D8R,11.66667,-10.0,0.0,0.0006051582,0.012225178,-0.009260981,0.00080713,0.00111232,-0.00788577,0.011199446898426738,72.96606880893556,47.84864778162699
PART-PIER-1,370,Pier/C3D8R,-11.66667,10.0,0.0,-0.0006051582,-0.012225178,-0.009260981,-0.00080713,-0.00111232,-0.00788577,0.011199446898426738,72.96606880893556,47.84864778162699
PART-PIER-1,530,Pier/C3D8R,11.66667,10.0,0.0,0.0006051582,-0.012225178,-0.009260981,0.00080713,-0.00111232,-0.00788577,0.011199446898426738,72.96606880893556,47.84864778162699
PART-SUPPORTBEAM-2,36,SupportBeam/B31,-213.33333,10.0,-8.0,0.029283877,0.00017656757,-0.12789468,0.0238997,0.00022758,-0.11808,0.011194637454502205,8.532204181380262,8.177995651388825
PART-SUPPORTBEAM-2,333,SupportBeam/B31,213.33333,10.0,-8.0,-0.029283877,0.00017656757,-0.12789468,-0.0238997,0.00022758,-0.11808,0.011194637454502205,8.532204181380262,8.177995651388825
PART-SUPPORTBEAM-1,36,SupportBeam/B31,-213.33333,-10.0,-8.0,0.029283877,-0.00017656757,-0.12789468,0.0238997,-0.00022758,-0.11808,0.011194637454502205,8.532204181380262,8.177995651388825
PART-SUPPORTBEAM-1,333,SupportBeam/B31,213.33333,-10.0,-8.0,-0.029283877,-0.00017656757,-0.12789468,-0.0238997,-0.00022758,-0.11808,0.011194637454502205,8.532204181380262,8.177995651388825
PART-PIER-2,151,Pier/C3D8R,0.0,-20.0,0.0,-4.4034122e-16,0.012055557,-0.00435045,-1.33733e-14,0.00146611,-0.00694947,0.010903728386483635,85.07565895832967,44.58367914106242
PART-PIER-1,93,Pier/C3D8R,0.0,20.0,0.0,-2.0402464e-15,-0.012055557,-0.00435045,-1.27471e-14,-0.00146611,-0.00694947,0.010903728386483635,85.07565895832967,44.58367914106242
PART-PIER-2,724,Pier/C3D8R,-5.83333,-15.0,0.0,-0.00021746369,0.012168562,-0.0068027806,-0.000388743,0.00140658,-0.007064,0.010766514233738535,77.21969613285445,48.26570141738618
PART-PIER-2,802,Pier/C3D8R,5.83333,-15.0,0.0,0.00021746369,0.012168562,-0.0068027806,0.000388743,0.00140658,-0.007064,0.010766514233738535,77.21969613285445,48.26570141738618
PART-PIER-1,724,Pier/C3D8R,-5.83333,15.0,0.0,-0.00021746369,-0.012168562,-0.0068027806,-0.000388743,-0.00140658,-0.007064,0.010766514233738535,77.21969613285445,48.26570141738618
PART-PIER-1,802,Pier/C3D8R,5.83333,15.0,0.0,0.00021746369,-0.012168562,-0.0068027806,0.000388743,-0.00140658,-0.007064,0.010766514233738535,77.21969613285445,48.26570141738618
PART-PIER-2,291,Pier/C3D8R,-5.83333,-10.0,0.0,-0.00030966874,0.012386905,-0.009300951,-2.54374e-06,0.00312237,-0.0044961,0.010440906457968628,67.39028618714305,64.66868259148534
PART-PIER-2,607,Pier/C3D8R,5.83333,-10.0,0.0,0.00030966874,0.012386905,-0.009300951,2.54374e-06,0.00312237,-0.0044961,0.010440906457968628,67.39028618714305,64.66868259148534
PART-PIER-1,369,Pier/C3D8R,-5.83333,10.0,0.0,-0.00030966874,-0.012386905,-0.009300951,-2.54374e-06,-0.00312237,-0.0044961,0.010440906457968628,67.39028618714305,64.66868259148534
PART-PIER-1,529,Pier/C3D8R,5.83333,10.0,0.0,0.00030966874,-0.012386905,-0.009300951,2.54374e-06,-0.00312237,-0.0044961,0.010440906457968628,67.39028618714305,64.66868259148534
PART-PIER-2,370,Pier/C3D8R,-11.66667,-20.0,0.0,-0.00023471436,0.011839741,-0.0042801066,-0.000644407,0.00155063,-0.00593339,0.010429141826167039,82.82475305470254,51.028295462045634
PART-PIER-2,530,Pier/C3D8R,11.66667,-20.0,0.0,0.00023471436,0.011839741,-0.0042801066,0.000644407,0.00155063,-0.00593339,0.010429141826167039,82.82475305470254,51.028295462045634
PART-PIER-1,292,Pier/C3D8R,-11.66667,20.0,0.0,-0.00023471436,-0.011839741,-0.0042801066,-0.000644407,-0.00155063,-0.00593339,0.010429141826167039,82.82475305470254,51.028295462045634
PART-PIER-1,608,Pier/C3D8R,11.66667,20.0,0.0,0.00023471436,-0.011839741,-0.0042801066,0.000644407,-0.00155063,-0.00593339,0.010429141826167039,82.82475305470254,51.028295462045634
PART-PIER-2,477,Pier/C3D8R,-17.5,-15.0,0.0,-0.0006516807,0.011738338,-0.006655657,-0.00113656,0.00132446,-0.00654333,0.010425765213612931,77.17264302392142,49.87229618293647
PART-PIER-2,676,Pier/C3D8R,17.5,-15.0,0.0,0.0006516807,0.011738338,-0.006655657,0.00113656,0.00132446,-0.00654333,0.010425765213612931,77.17264302392142,49.87229618293647
PART-PIER-1,477,Pier/C3D8R,-17.5,15.0,0.0,-0.0006516807,-0.011738338,-0.006655657,-0.00113656,-0.00132446,-0.00654333,0.010425765213612931,77.17264302392142,49.87229618293647
PART-PIER-1,676,Pier/C3D8R,17.5,15.0,0.0,0.0006516807,-0.011738338,-0.006655657,0.00113656,-0.00132446,-0.00654333,0.010425765213612931,77.17264302392142,49.87229618293647
PART-SUPPORTBEAM-2,24,SupportBeam/B31,-215.38461,10.0,-30.0,-0.0064978614,0.0019435465,-0.12354267,-0.00175319,0.00113982,-0.114361,0.010366337201233616,8.378280308955038,7.55570997173747
PART-SUPPORTBEAM-2,314,SupportBeam/B31,215.38461,10.0,-30.0,0.0064978614,0.0019435465,-0.12354267,0.00175319,0.00113982,-0.114361,0.010366337201233616,8.378280308955038,7.55570997173747
PART-SUPPORTBEAM-1,24,SupportBeam/B31,-215.38461,-10.0,-30.0,-0.0064978614,-0.0019435465,-0.12354267,-0.00175319,-0.00113982,-0.114361,0.010366337201233616,8.378280308955038,7.55570997173747
PART-SUPPORTBEAM-1,314,SupportBeam/B31,215.38461,-10.0,-30.0,0.0064978614,-0.0019435465,-0.12354267,0.00175319,-0.00113982,-0.114361,0.010366337201233616,8.378280308955038,7.55570997173747
PART-PIER-2,438,Pier/C3D8R,0.0,-15.0,0.0,4.3398233e-17,0.012226447,-0.0068424335,-9.05085e-15,0.00253003,-0.00347178,0.01026556416642316,73.2684913395232,69.33921205538452
PART-PIER-1,438,Pier/C3D8R,0.0,15.0,0.0,-2.3976303e-15,-0.012226447,-0.0068424335,-6.71673e-15,-0.00253003,-0.00347178,0.01026556416642316,73.2684913395232,69.33921205538452
PART-PIER-2,34,Pier/C3D8R,-17.5,-10.0,0.0,-0.0009340433,0.011949857,-0.009126556,-7.23024e-06,0.00279987,-0.00479892,0.010164136849573187,67.4668662919412,63.12084039690682
PART-PIER-2,259,Pier/C3D8R,17.5,-10.0,0.0,0.0009340433,0.011949857,-0.009126556,7.23024e-06,0.00279987,-0.00479892,0.010164136849573187,67.4668662919412,63.12084039690682
PART-PIER-1,132,Pier/C3D8R,-17.5,10.0,0.0,-0.0009340433,-0.011949857,-0.009126556,-7.23024e-06,-0.00279987,-0.00479892,0.010164136849573187,67.4668662919412,63.12084039690682
PART-PIER-1,200,Pier/C3D8R,17.5,10.0,0.0,0.0009340433,-0.011949857,-0.009126556,7.23024e-06,-0.00279987,-0.00479892,0.010164136849573187,67.4668662919412,63.12084039690682
PART-PIER-2,369,Pier/C3D8R,-5.83333,-20.0,0.0,-0.00012333762,0.012000789,-0.0043133595,6.07626e-05,0.0019822,-0.00359843,0.010045752467182102,78.77163006857724,67.78241583872587
PART-PIER-2,529,Pier/C3D8R,5.83333,-20.0,0.0,0.00012333762,0.012000789,-0.0043133595,-6.07626e-05,0.0019822,-0.00359843,0.010045752467182102,78.77163006857724,67.78241583872587
PART-PIER-1,291,Pier/C3D8R,-5.83333,20.0,0.0,-0.00012333762,-0.012000789,-0.0043133595,6.07626e-05,-0.0019822,-0.00359843,0.010045752467182102,78.77163006857724,67.78241583872587
PART-PIER-1,607,Pier/C3D8R,5.83333,20.0,0.0,0.00012333762,-0.012000789,-0.0043133595,-6.07626e-05,-0.0019822,-0.00359843,0.010045752467182102,78.77163006857724,67.78241583872587
PART-PIER-2,725,Pier/C3D8R,-11.66667,-15.0,0.0,-0.00042090565,0.0120091345,-0.0067681684,3.9364e-05,0.00226793,-0.00445753,0.010022073791241308,72.66865381075064,63.735093832769095
PART-PIER-2,803,Pier/C3D8R,11.66667,-15.0,0.0,0.00042090565,0.0120091345,-0.0067681684,-3.9364e-05,0.00226793,-0.00445753,0.010022073791241308,72.66865381075064,63.735093832769095
PART-PIER-1,725,Pier/C3D8R,-11.66667,15.0,0.0,-0.00042090565,-0.0120091345,-0.0067681684,3.9364e-05,-0.00226793,-0.00445753,0.010022073791241308,72.66865381075064,63.735093832769095
PART-PIER-1,803,Pier/C3D8R,11.66667,15.0,0.0,0.00042090565,-0.0120091345,-0.0067681684,-3.9364e-05,-0.00226793,-0.00445753,0.010022073791241308,72.66865381075064,63.735093832769095
PART-SUPPORTBEAM-2,37,SupportBeam/B31,-216.66667,10.0,-10.0,0.03132545,0.00030516688,-0.12495102,0.0265787,0.000340782,-0.116278,0.009887071352006742,7.675211776141219,7.406362345655598
PART-SUPPORTBEAM-2,334,SupportBeam/B31,216.66667,10.0,-10.0,-0.03132545,0.00030516688,-0.12495102,-0.0265787,0.000340782,-0.116278,0.009887071352006742,7.675211776141219,7.406362345655598
PART-SUPPORTBEAM-1,37,SupportBeam/B31,-216.66667,-10.0,-10.0,0.03132545,-0.00030516688,-0.12495102,0.0265787,-0.000340782,-0.116278,0.009887071352006742,7.675211776141219,7.406362345655598
PART-SUPPORTBEAM-1,334,SupportBeam/B31,216.66667,-10.0,-10.0,-0.03132545,-0.00030516688,-0.12495102,-0.0265787,-0.000340782,-0.116278,0.009887071352006742,7.675211776141219,7.406362345655598
PART-FLOOR-1,23,Floor/S4R,200.0,-5.0,0.0,-0.0017048689,8.293409e-05,-0.19777885,-0.0090146,9.91392e-05,-0.191151,0.009867159012724867,4.988800153577935,3.2473169639129345
PART-FLOOR-1,25,Floor/S4R,200.0,5.0,0.0,-0.0017048689,-8.293409e-05,-0.19777885,-0.0090146,-9.91392e-05,-0.191151,0.009867159012724867,4.988800153577935,3.2473169639129345
PART-FLOOR-1,182,Floor/S4R,-200.0,5.0,0.0,0.0017048689,-8.293409e-05,-0.19777885,0.0090146,-9.91392e-05,-0.191151,0.009867159012724867,4.988800153577935,3.2473169639129345
PART-FLOOR-1,184,Floor/S4R,-200.0,-5.0,0.0,0.0017048689,8.293409e-05,-0.19777885,0.0090146,9.91392e-05,-0.191151,0.009867159012724867,4.988800153577935,3.2473169639129345
PART-PIER-2,132,Pier/C3D8R,-17.5,-20.0,0.0,-0.00037091784,0.011561177,-0.004182777,0.000206783,0.00175119,-0.00380174,0.009834366903673807,79.95314100508894,65.92905503956557
PART-PIER-2,200,Pier/C3D8R,17.5,-20.0,0.0,0.00037091784,0.011561177,-0.004182777,-0.000206783,0.00175119,-0.00380174,0.009834366903673807,79.95314100508894,65.92905503956557
PART-PIER-1,34,Pier/C3D8R,-17.5,20.0,0.0,-0.00037091784,-0.011561177,-0.004182777,0.000206783,-0.00175119,-0.00380174,0.009834366903673807,79.95314100508894,65.92905503956557
PART-PIER-1,259,Pier/C3D8R,17.5,20.0,0.0,0.00037091784,-0.011561177,-0.004182777,-0.000206783,-0.00175119,-0.00380174,0.009834366903673807,79.95314100508894,65.92905503956557
PART-PIER-2,289,Pier/C3D8R,-5.91667,-10.0,-5.0,-0.00031156937,0.010028085,-0.008440034,-0.000214936,0.00104827,-0.00600494,0.009304627785745034,70.9690475152698,53.47708054075619
PART-PIER-2,605,Pier/C3D8R,5.91667,-10.0,-5.0,0.00031156937,0.010028085,-0.008440034,0.000214936,0.00104827,-0.00600494,0.009304627785745034,70.9690475152698,53.47708054075619
PART-PIER-1,367,Pier/C3D8R,-5.91667,10.0,-5.0,-0.00031156937,-0.010028085,-0.008440034,-0.000214936,-0.00104827,-0.00600494,0.009304627785745034,70.9690475152698,53.47708054075619
PART-PIER-1,527,Pier/C3D8R,5.91667,10.0,-5.0,0.00031156937,-0.010028085,-0.008440034,0.000214936,-0.00104827,-0.00600494,0.009304627785745034,70.9690475152698,53.47708054075619
PART-FLOOR-1,195,Floor/S4R,-210.0,10.0,0.0,0.013682744,-0.0018870167,-0.3261798,0.00808847,-0.000253265,-0.319097,0.00917230080428727,2.8095204622258785,2.2276068777703304
PART-FLOOR-1,213,Floor/S4R,-210.0,-10.0,0.0,0.013682744,0.0018870167,-0.3261798,0.00808847,0.000253265,-0.319097,0.00917230080428727,2.8095204622258785,2.2276068777703304
PART-FLOOR-1,216,Floor/S4R,210.0,-10.0,0.0,-0.013682744,0.0018870167,-0.3261798,-0.00808847,0.000253265,-0.319097,0.00917230080428727,2.8095204622258785,2.2276068777703304
PART-FLOOR-1,234,Floor/S4R,210.0,10.0,0.0,-0.013682744,-0.0018870167,-0.3261798,-0.00808847,-0.000253265,-0.319097,0.00917230080428727,2.8095204622258785,2.2276068777703304
PART-PIER-2,33,Pier/C3D8R,-17.75,-10.0,-5.0,-0.00093259744,0.00959469,-0.008267298,-0.000893203,0.000871437,-0.00557535,0.009129254014354948,71.88700307130482,55.011475572869585
PART-PIER-2,260,Pier/C3D8R,17.75,-10.0,-5.0,0.00093259744,0.00959469,-0.008267298,0.000893203,0.000871437,-0.00557535,0.009129254014354948,71.88700307130482,55.011475572869585
PART-PIER-1,133,Pier/C3D8R,-17.75,10.0,-5.0,-0.00093259744,-0.00959469,-0.008267298,-0.000893203,-0.000871437,-0.00557535,0.009129254014354948,71.88700307130482,55.011475572869585
PART-PIER-1,199,Pier/C3D8R,17.75,10.0,-5.0,0.00093259744,-0.00959469,-0.008267298,0.000893203,-0.000871437,-0.00557535,0.009129254014354948,71.88700307130482,55.011475572869585
PART-SUPPORTBEAM-2,25,SupportBeam/B31,-219.23077,10.0,-30.0,-0.006219822,0.001905165,-0.11779877,-0.00198214,0.00118148,-0.109883,0.009007834556942585,7.635165817837891,6.841106538290095
PART-SUPPORTBEAM-2,315,SupportBeam/B31,219.23077,10.0,-30.0,0.006219822,0.001905165,-0.11779877,0.00198214,0.00118148,-0.109883,0.009007834556942585,7.635165817837891,6.841106538290095
PART-SUPPORTBEAM-1,25,SupportBeam/B31,-219.23077,-10.0,-30.0,-0.006219822,-0.001905165,-0.11779877,-0.00198214,-0.00118148,-0.109883,0.009007834556942585,7.635165817837891,6.841106538290095
PART-SUPPORTBEAM-1,315,SupportBeam/B31,219.23077,-10.0,-30.0,0.006219822,-0.001905165,-0.11779877,0.00198214,-0.00118148,-0.109883,0.009007834556942585,7.635165817837891,6.841106538290095
PART-PIER-2,94,Pier/C3D8R,0.0,-10.0,-5.0,5.0550815e-16,0.010083608,-0.008428623,-2.71784e-15,0.00182011,-0.00488785,0.00899013195862736,68.4059219857254,60.31347768229568
PART-PIER-1,150,Pier/C3D8R,0.0,10.0,-5.0,-2.242622e-15,-0.010083608,-0.008428623,-1.88226e-16,-0.00182011,-0.00488785,0.00899013195862736,68.4059219857254,60.31347768229568
PART-PIER-2,437,Pier/C3D8R,0.0,-15.0,-5.0,4.5841737e-17,0.009845819,-0.00619115,-6.58408e-15,0.000988626,-0.00576916,0.00886723989747368,76.24070900797186,49.67359857713255
PART-PIER-1,437,Pier/C3D8R,0.0,15.0,-5.0,-1.9062574e-15,-0.009845819,-0.00619115,-5.20915e-15,-0.000988626,-0.00576916,0.00886723989747368,76.24070900797186,49.67359857713255
PART-FLOOR-1,456,Floor/S4R,-210.0,0.0,0.0,0.013964759,6.707024e-16,-0.34632266,0.00796423,-6.65037e-15,-0.33997,0.00873857181440086,2.521196926615812,1.8871163671870046
PART-FLOOR-1,483,Floor/S4R,210.0,0.0,0.0,-0.013964759,1.4249871e-15,-0.34632266,-0.00796423,-1.02815e-14,-0.33997,0.00873857181440086,2.521196926615812,1.8871163671870046
PART-SUPPORTBEAM-2,38,SupportBeam/B31,-220.0,10.0,-12.0,0.03261615,0.00043393738,-0.120750085,0.0284617,0.000456198,-0.113143,0.008667623234481742,6.929757025636244,6.7233780297627925
PART-SUPPORTBEAM-2,335,SupportBeam/B31,220.0,10.0,-12.0,-0.03261615,0.00043393738,-0.120750085,-0.0284617,0.000456198,-0.113143,0.008667623234481742,6.929757025636244,6.7233780297627925
PART-SUPPORTBEAM-1,38,SupportBeam/B31,-220.0,-10.0,-12.0,0.03261615,-0.00043393738,-0.120750085,0.0284617,-0.000456198,-0.113143,0.008667623234481742,6.929757025636244,6.7233780297627925
PART-SUPPORTBEAM-1,335,SupportBeam/B31,220.0,-10.0,-12.0,-0.03261615,-0.00043393738,-0.120750085,-0.0284617,-0.000456198,-0.113143,0.008667623234481742,6.929757025636244,6.7233780297627925
PART-PIER-2,367,Pier/C3D8R,-5.91667,-20.0,-5.0,-0.00012966926,0.009679868,-0.00399111,-0.000105833,0.00107062,-0.00444494,0.008621234306159112,82.33297516452883,56.32504576315497
PART-PIER-2,527,Pier/C3D8R,5.91667,-20.0,-5.0,0.00012966926,0.009679868,-0.00399111,0.000105833,0.00107062,-0.00444494,0.008621234306159112,82.33297516452883,56.32504576315497
PART-PIER-1,289,Pier/C3D8R,-5.91667,20.0,-5.0,-0.00012966926,-0.009679868,-0.00399111,-0.000105833,-0.00107062,-0.00444494,0.008621234306159112,82.33297516452883,56.32504576315497
PART-PIER-1,605,Pier/C3D8R,5.91667,20.0,-5.0,0.00012966926,-0.009679868,-0.00399111,0.000105833,-0.00107062,-0.00444494,0.008621234306159112,82.33297516452883,56.32504576315497
PART-PIER-2,290,Pier/C3D8R,-11.83333,-10.0,-5.0,-0.0006373936,0.009865024,-0.008348038,-0.000389897,0.00172099,-0.00558163,0.008604624197641148,66.50206073099405,54.75712087410258
PART-PIER-2,606,Pier/C3D8R,11.83333,-10.0,-5.0,0.0006373936,0.009865024,-0.008348038,0.000389897,0.00172099,-0.00558163,0.008604624197641148,66.50206073099405,54.75712087410258
PART-PIER-1,368,Pier/C3D8R,-11.83333,10.0,-5.0,-0.0006373936,-0.009865024,-0.008348038,-0.000389897,-0.00172099,-0.00558163,0.008604624197641148,66.50206073099405,54.75712087410258
PART-PIER-1,528,Pier/C3D8R,11.83333,10.0,-5.0,0.0006373936,-0.009865024,-0.008348038,0.000389897,-0.00172099,-0.00558163,0.008604624197641148,66.50206073099405,54.75712087410258
PART-PIER-2,368,Pier/C3D8R,-11.83333,-20.0,-5.0,-0.00026729755,0.009515329,-0.0039082724,-0.000321518,0.000988187,-0.00480661,0.00857450295871055,83.32715450158554,52.21009573660865
PART-PIER-2,528,Pier/C3D8R,11.83333,-20.0,-5.0,0.00026729755,0.009515329,-0.0039082724,0.000321518,0.000988187,-0.00480661,0.00857450295871055,83.32715450158554,52.21009573660865
PART-PIER-1,290,Pier/C3D8R,-11.83333,20.0,-5.0,-0.00026729755,-0.009515329,-0.0039082724,-0.000321518,-0.000988187,-0.00480661,0.00857450295871055,83.32715450158554,52.21009573660865
PART-PIER-1,606,Pier/C3D8R,11.83333,20.0,-5.0,0.00026729755,-0.009515329,-0.0039082724,0.000321518,-0.000988187,-0.00480661,0.00857450295871055,83.32715450158554,52.21009573660865
PART-PIER-2,723,Pier/C3D8R,-11.83333,-15.0,-5.0,-0.0004516994,0.009631179,-0.006114523,-0.00035369,0.00118409,-0.00482104,0.008546111202628852,74.85336029432011,56.40846201095607
PART-PIER-2,801,Pier/C3D8R,11.83333,-15.0,-5.0,0.0004516994,0.009631179,-0.006114523,0.00035369,0.00118409,-0.00482104,0.008546111202628852,74.85336029432011,56.40846201095607
PART-PIER-1,723,Pier/C3D8R,-11.83333,15.0,-5.0,-0.0004516994,-0.009631179,-0.006114523,-0.00035369,-0.00118409,-0.00482104,0.008546111202628852,74.85336029432011,56.40846201095607
PART-PIER-1,801,Pier/C3D8R,11.83333,15.0,-5.0,0.0004516994,-0.009631179,-0.006114523,0.00035369,-0.00118409,-0.00482104,0.008546111202628852,74.85336029432011,56.40846201095607
PART-PIER-2,722,Pier/C3D8R,-5.91667,-15.0,-5.0,-0.00021991548,0.009795414,-0.0062050363,-0.000243071,0.00130818,-0.00523561,0.008542450731493519,73.65797387456257,53.42047673820086
PART-PIER-2,800,Pier/C3D8R,5.91667,-15.0,-5.0,0.00021991548,0.009795414,-0.0062050363,0.000243071,0.00130818,-0.00523561,0.008542450731493519,73.65797387456257,53.42047673820086
PART-PIER-1,722,Pier/C3D8R,-5.91667,15.0,-5.0,-0.00021991548,-0.009795414,-0.0062050363,-0.000243071,-0.00130818,-0.00523561,0.008542450731493519,73.65797387456257,53.42047673820086
PART-PIER-1,800,Pier/C3D8R,5.91667,15.0,-5.0,0.00021991548,-0.009795414,-0.0062050363,0.000243071,-0.00130818,-0.00523561,0.008542450731493519,73.65797387456257,53.42047673820086
PART-PIER-2,476,Pier/C3D8R,-17.75,-15.0,-5.0,-0.0006568945,0.009357339,-0.006045944,-0.00043196,0.00109226,-0.00530623,0.008301162762368128,74.38343497174094,51.30202288964407
PART-PIER-2,675,Pier/C3D8R,17.75,-15.0,-5.0,0.0006568945,0.009357339,-0.006045944,0.00043196,0.00109226,-0.00530623,0.008301162762368128,74.38343497174094,51.30202288964407
PART-PIER-1,476,Pier/C3D8R,-17.75,15.0,-5.0,-0.0006568945,-0.009357339,-0.006045944,-0.00043196,-0.00109226,-0.00530623,0.008301162762368128,74.38343497174094,51.30202288964407
PART-PIER-1,675,Pier/C3D8R,17.75,15.0,-5.0,0.0006568945,-0.009357339,-0.006045944,0.00043196,-0.00109226,-0.00530623,0.008301162762368128,74.38343497174094,51.30202288964407
PART-FLOOR-1,200,Floor/S4R,-235.0,10.0,0.0,0.003354697,0.00043898946,-0.47426626,0.00383288,-0.000517063,-0.482484,0.00828697447777906,1.7472808675123863,1.7334069446677507
PART-FLOOR-1,208,Floor/S4R,-235.0,-10.0,0.0,0.003354697,-0.00043898946,-0.47426626,0.00383288,0.000517063,-0.482484,0.00828697447777906,1.7472808675123863,1.7334069446677507
PART-FLOOR-1,221,Floor/S4R,235.0,-10.0,0.0,-0.003354697,-0.00043898946,-0.47426626,-0.00383288,0.000517063,-0.482484,0.00828697447777906,1.7472808675123863,1.7334069446677507
PART-FLOOR-1,229,Floor/S4R,235.0,10.0,0.0,-0.003354697,0.00043898946,-0.47426626,-0.00383288,-0.000517063,-0.482484,0.00828697447777906,1.7472808675123863,1.7334069446677507
PART-PIER-2,150,Pier/C3D8R,0.0,-20.0,-5.0,-3.84665e-16,0.009732961,-0.003978311,-1.18357e-14,0.00144814,-0.00407042,0.008285333008993784,78.79812558942577,58.91106357978331
PART-PIER-1,94,Pier/C3D8R,0.0,20.0,-5.0,-1.6732276e-15,-0.009732961,-0.003978311,-1.09053e-14,-0.00144814,-0.00407042,0.008285333008993784,78.79812558942577,58.91106357978331
PART-PIER-2,133,Pier/C3D8R,-17.75,-20.0,-5.0,-0.00037948397,0.009246661,-0.0038616024,-0.00050966,0.00108158,-0.00409292,0.008169394186071408,81.46748338456837,57.47835540834944
PART-PIER-2,199,Pier/C3D8R,17.75,-20.0,-5.0,0.00037948397,0.009246661,-0.0038616024,0.00050966,0.00108158,-0.00409292,0.008169394186071408,81.46748338456837,57.47835540834944
PART-PIER-1,33,Pier/C3D8R,-17.75,20.0,-5.0,-0.00037948397,-0.009246661,-0.0038616024,-0.00050966,-0.00108158,-0.00409292,0.008169394186071408,81.46748338456837,57.47835540834944
PART-PIER-1,260,Pier/C3D8R,17.75,20.0,-5.0,0.00037948397,-0.009246661,-0.0038616024,0.00050966,-0.00108158,-0.00409292,0.008169394186071408,81.46748338456837,57.47835540834944
PART-FLOOR-1,198,Floor/S4R,-225.0,10.0,0.0,0.0037802223,0.0009099811,-0.5573568,0.00551869,-0.000514001,-0.565029,0.007994538623652021,1.4343314904976465,1.3789433811461498
PART-FLOOR-1,210,Floor/S4R,-225.0,-10.0,0.0,0.0037802223,-0.0009099811,-0.5573568,0.00551869,0.000514001,-0.565029,0.007994538623652021,1.4343314904976465,1.3789433811461498
PART-FLOOR-1,219,Floor/S4R,225.0,-10.0,0.0,-0.0037802223,-0.0009099811,-0.5573568,-0.00551869,0.000514001,-0.565029,0.007994538623652021,1.4343314904976465,1.3789433811461498
PART-FLOOR-1,231,Floor/S4R,225.0,10.0,0.0,-0.0037802223,0.0009099811,-0.5573568,-0.00551869,-0.000514001,-0.565029,0.007994538623652021,1.4343314904976465,1.3789433811461498
PART-FLOOR-1,467,Floor/S4R,-230.0,-5.0,0.0,0.0036971152,-0.00031402733,-0.5252624,0.00467997,0.000260411,-0.533023,0.00784365318667624,1.4932455658741506,1.4788626836966035
PART-FLOOR-1,469,Floor/S4R,-230.0,5.0,0.0,0.0036971152,0.00031402733,-0.5252624,0.00467997,-0.000260411,-0.533023,0.00784365318667624,1.4932455658741506,1.4788626836966035
PART-FLOOR-1,494,Floor/S4R,230.0,5.0,0.0,-0.0036971152,0.00031402733,-0.5252624,-0.00467997,-0.000260411,-0.533023,0.00784365318667624,1.4932455658741506,1.4788626836966035
PART-FLOOR-1,496,Floor/S4R,230.0,-5.0,0.0,-0.0036971152,-0.00031402733,-0.5252624,-0.00467997,0.000260411,-0.533023,0.00784365318667624,1.4932455658741506,1.4788626836966035
PART-SUPPORTBEAM-2,26,SupportBeam/B31,-223.07692,10.0,-30.0,-0.005941784,0.0018666345,-0.11026239,-0.00221108,0.00122474,-0.10353,0.007723681505399243,6.993671921419213,6.22728137934864
PART-SUPPORTBEAM-2,316,SupportBeam/B31,223.07692,10.0,-30.0,0.005941784,0.0018666345,-0.11026239,0.00221108,0.00122474,-0.10353,0.007723681505399243,6.993671921419213,6.22728137934864
PART-SUPPORTBEAM-1,26,SupportBeam/B31,-223.07692,-10.0,-30.0,-0.005941784,-0.0018666345,-0.11026239,-0.00221108,-0.00122474,-0.10353,0.007723681505399243,6.993671921419213,6.22728137934864
PART-SUPPORTBEAM-1,316,SupportBeam/B31,223.07692,-10.0,-30.0,0.005941784,-0.0018666345,-0.11026239,0.00221108,-0.00122474,-0.10353,0.007723681505399243,6.993671921419213,6.22728137934864
PART-FLOOR-1,194,Floor/S4R,-205.0,10.0,0.0,0.0028977906,0.0012206958,-0.2126215,0.00934736,-9.05214e-06,-0.20862,0.007689032949035304,3.615905383008253,1.7942822750278493
PART-FLOOR-1,214,Floor/S4R,-205.0,-10.0,0.0,0.0028977906,-0.0012206958,-0.2126215,0.00934736,9.05214e-06,-0.20862,0.007689032949035304,3.615905383008253,1.7942822750278493
PART-FLOOR-1,215,Floor/S4R,205.0,-10.0,0.0,-0.0028977906,-0.0012206958,-0.2126215,-0.00934736,9.05214e-06,-0.20862,0.007689032949035304,3.615905383008253,1.7942822750278493
PART-FLOOR-1,235,Floor/S4R,205.0,10.0,0.0,-0.0028977906,0.0012206958,-0.2126215,-0.00934736,-9.05214e-06,-0.20862,0.007689032949035304,3.615905383008253,1.7942822750278493
PART-PIER-2,288,Pier/C3D8R,-12.0,-10.0,-10.0,-0.0006399892,0.007796438,-0.007449839,-0.0004597,0.00066378,-0.00504805,0.007528340105303535,69.69068293025508,52.675661211722236
PART-PIER-2,604,Pier/C3D8R,12.0,-10.0,-10.0,0.0006399892,0.007796438,-0.007449839,0.0004597,0.00066378,-0.00504805,0.007528340105303535,69.69068293025508,52.675661211722236
PART-PIER-1,366,Pier/C3D8R,-12.0,10.0,-10.0,-0.0006399892,-0.007796438,-0.007449839,-0.0004597,-0.00066378,-0.00504805,0.007528340105303535,69.69068293025508,52.675661211722236
PART-PIER-1,526,Pier/C3D8R,12.0,10.0,-10.0,0.0006399892,-0.007796438,-0.007449839,0.0004597,-0.00066378,-0.00504805,0.007528340105303535,69.69068293025508,52.675661211722236
PART-SUPPORTBEAM-2,39,SupportBeam/B31,-223.33333,10.0,-14.0,0.032938812,0.0005628472,-0.1149299,0.0293382,0.000573587,-0.108325,0.0075225810815070645,6.291982361132095,6.130178737874901
PART-SUPPORTBEAM-2,336,SupportBeam/B31,223.33333,10.0,-14.0,-0.032938812,0.0005628472,-0.1149299,-0.0293382,0.000573587,-0.108325,0.0075225810815070645,6.291982361132095,6.130178737874901
PART-SUPPORTBEAM-1,39,SupportBeam/B31,-223.33333,-10.0,-14.0,0.032938812,-0.0005628472,-0.1149299,0.0293382,-0.000573587,-0.108325,0.0075225810815070645,6.291982361132095,6.130178737874901
PART-SUPPORTBEAM-1,336,SupportBeam/B31,223.33333,-10.0,-14.0,-0.032938812,-0.0005628472,-0.1149299,-0.0293382,-0.000573587,-0.108325,0.0075225810815070645,6.291982361132095,6.130178737874901
PART-PIER-2,95,Pier/C3D8R,0.0,-10.0,-10.0,4.4366323e-16,0.008008828,-0.0075344574,-1.0797e-15,0.000805981,-0.00556389,0.007467539138387677,67.91215639532892,48.87208760635716
PART-PIER-1,149,Pier/C3D8R,0.0,10.0,-10.0,-1.8060273e-15,-0.008008828,-0.0075344574,6.98696e-16,-0.000805981,-0.00556389,0.007467539138387677,67.91215639532892,48.87208760635716
PART-PIER-2,149,Pier/C3D8R,0.0,-20.0,-10.0,-3.1889517e-16,0.007579347,-0.0036066575,-9.18795e-15,0.000302124,-0.00452072,0.00733440419159152,87.37969714572394,46.02147587666102
PART-PIER-1,95,Pier/C3D8R,0.0,20.0,-10.0,-1.3009334e-15,-0.007579347,-0.0036066575,-8.71902e-15,-0.000302124,-0.00452072,0.00733440419159152,87.37969714572394,46.02147587666102
PART-FLOOR-1,453,Floor/S4R,-205.0,0.0,0.0,0.0019276461,8.6034883e-16,-0.26641104,0.00840383,-8.20903e-15,-0.263033,0.007304253017812227,2.741651330123088,1.2201870120012444
PART-FLOOR-1,480,Floor/S4R,205.0,0.0,0.0,-0.0019276461,1.8464888e-15,-0.26641104,-0.00840383,-1.28214e-14,-0.263033,0.007304253017812227,2.741651330123088,1.2201870120012444
PART-FLOOR-1,471,Floor/S4R,-235.0,0.0,0.0,0.0034069058,1.2911917e-16,-0.4512045,0.00382393,-1.40564e-15,-0.458473,0.007280453381032379,1.6135135730904617,1.6115480397472726
PART-FLOOR-1,498,Floor/S4R,235.0,0.0,0.0,-0.0034069058,1.877422e-16,-0.4512045,-0.00382393,-1.80581e-15,-0.458473,0.007280453381032379,1.6135135730904617,1.6115480397472726
PART-PIER-2,287,Pier/C3D8R,-6.0,-10.0,-10.0,-0.00032592975,0.007957358,-0.007467845,-0.000258575,0.00114249,-0.00493582,0.007270358527637861,66.59287214246426,53.534621656959445
PART-PIER-2,603,Pier/C3D8R,6.0,-10.0,-10.0,0.00032592975,0.007957358,-0.007467845,0.000258575,0.00114249,-0.00493582,0.007270358527637861,66.59287214246426,53.534621656959445
PART-PIER-1,365,Pier/C3D8R,-6.0,10.0,-10.0,-0.00032592975,-0.007957358,-0.007467845,-0.000258575,-0.00114249,-0.00493582,0.007270358527637861,66.59287214246426,53.534621656959445
PART-PIER-1,525,Pier/C3D8R,6.0,10.0,-10.0,0.00032592975,-0.007957358,-0.007467845,0.000258575,-0.00114249,-0.00493582,0.007270358527637861,66.59287214246426,53.534621656959445
PART-FLOOR-1,199,Floor/S4R,-230.0,10.0,0.0,0.0059932237,-0.0017968247,-0.54388905,0.00467706,-0.000516438,-0.550866,0.007214534516462883,1.3263839727807776,1.2797828943583274
PART-FLOOR-1,209,Floor/S4R,-230.0,-10.0,0.0,0.0059932237,0.0017968247,-0.54388905,0.00467706,0.000516438,-0.550866,0.007214534516462883,1.3263839727807776,1.2797828943583274
PART-FLOOR-1,220,Floor/S4R,230.0,-10.0,0.0,-0.0059932237,0.0017968247,-0.54388905,-0.00467706,0.000516438,-0.550866,0.007214534516462883,1.3263839727807776,1.2797828943583274
PART-FLOOR-1,230,Floor/S4R,230.0,10.0,0.0,-0.0059932237,-0.0017968247,-0.54388905,-0.00467706,-0.000516438,-0.550866,0.007214534516462883,1.3263839727807776,1.2797828943583274
PART-FLOOR-1,201,Floor/S4R,-240.0,10.0,0.0,0.0031107222,-0.0013138491,-0.35233212,0.00299613,-0.000521632,-0.359449,0.007161753991881677,2.032577980715407,2.0189010730640167
PART-FLOOR-1,207,Floor/S4R,-240.0,-10.0,0.0,0.0031107222,0.0013138491,-0.35233212,0.00299613,0.000521632,-0.359449,0.007161753991881677,2.032577980715407,2.0189010730640167
PART-FLOOR-1,222,Floor/S4R,240.0,-10.0,0.0,-0.0031107222,0.0013138491,-0.35233212,-0.00299613,0.000521632,-0.359449,0.007161753991881677,2.032577980715407,2.0189010730640167
PART-FLOOR-1,228,Floor/S4R,240.0,10.0,0.0,-0.0031107222,-0.0013138491,-0.35233212,-0.00299613,-0.000521632,-0.359449,0.007161753991881677,2.032577980715407,2.0189010730640167
PART-FLOOR-1,470,Floor/S4R,-235.0,-5.0,0.0,0.004408536,0.0007707814,-0.45657054,0.00382862,0.00026225,-0.463591,0.0070627024122103055,1.5468284772068908,1.5362516645267155
PART-FLOOR-1,472,Floor/S4R,-235.0,5.0,0.0,0.004408536,-0.0007707814,-0.45657054,0.00382862,-0.00026225,-0.463591,0.0070627024122103055,1.5468284772068908,1.5362516645267155
PART-FLOOR-1,497,Floor/S4R,235.0,5.0,0.0,-0.004408536,-0.0007707814,-0.45657054,-0.00382862,-0.00026225,-0.463591,0.0070627024122103055,1.5468284772068908,1.5362516645267155
PART-FLOOR-1,499,Floor/S4R,235.0,-5.0,0.0,-0.004408536,0.0007707814,-0.45657054,-0.00382862,0.00026225,-0.463591,0.0070627024122103055,1.5468284772068908,1.5362516645267155
PART-PIER-2,720,Pier/C3D8R,-6.0,-15.0,-10.0,-0.00023643595,0.007721562,-0.0055573606,-0.0001083,0.000754551,-0.00455788,0.007039504426135391,73.97201633329253,51.439999931279814
PART-PIER-2,798,Pier/C3D8R,6.0,-15.0,-10.0,0.00023643595,0.007721562,-0.0055573606,0.0001083,0.000754551,-0.00455788,0.007039504426135391,73.97201633329253,51.439999931279814
PART-PIER-1,720,Pier/C3D8R,-6.0,15.0,-10.0,-0.00023643595,-0.007721562,-0.0055573606,-0.0001083,-0.000754551,-0.00455788,0.007039504426135391,73.97201633329253,51.439999931279814
PART-PIER-1,798,Pier/C3D8R,6.0,15.0,-10.0,0.00023643595,-0.007721562,-0.0055573606,0.0001083,-0.000754551,-0.00455788,0.007039504426135391,73.97201633329253,51.439999931279814
PART-PIER-2,436,Pier/C3D8R,0.0,-15.0,-10.0,3.7115763e-17,0.007778175,-0.0056218104,-5.77266e-15,0.000891794,-0.00436361,0.007000379384270624,72.94248303860151,53.59227578601835
PART-PIER-1,436,Pier/C3D8R,0.0,15.0,-10.0,-1.562201e-15,-0.007778175,-0.0056218104,-4.4458e-15,-0.000891794,-0.00436361,0.007000379384270624,72.94248303860151,53.59227578601835
PART-PIER-2,721,Pier/C3D8R,-12.0,-15.0,-10.0,-0.00046060962,0.0075612483,-0.0055462806,-0.000447697,0.000633087,-0.00470944,0.006978530498921769,74.32980740028962,49.16340799167
PART-PIER-2,799,Pier/C3D8R,12.0,-15.0,-10.0,0.00046060962,0.0075612483,-0.0055462806,0.000447697,0.000633087,-0.00470944,0.006978530498921769,74.32980740028962,49.16340799167
PART-PIER-1,721,Pier/C3D8R,-12.0,15.0,-10.0,-0.00046060962,-0.0075612483,-0.0055462806,-0.000447697,-0.000633087,-0.00470944,0.006978530498921769,74.32980740028962,49.16340799167
PART-PIER-1,799,Pier/C3D8R,12.0,15.0,-10.0,0.00046060962,-0.0075612483,-0.0055462806,0.000447697,-0.000633087,-0.00470944,0.006978530498921769,74.32980740028962,49.16340799167
PART-PIER-2,365,Pier/C3D8R,-6.0,-20.0,-10.0,-0.00014617003,0.0075252103,-0.0035493332,-0.000254285,0.000585233,-0.00425574,0.006976674303587607,83.83880443793686,48.287049985775425
PART-PIER-2,525,Pier/C3D8R,6.0,-20.0,-10.0,0.00014617003,0.0075252103,-0.0035493332,0.000254285,0.000585233,-0.00425574,0.006976674303587607,83.83880443793686,48.287049985775425
PART-PIER-1,287,Pier/C3D8R,-6.0,20.0,-10.0,-0.00014617003,-0.0075252103,-0.0035493332,-0.000254285,-0.000585233,-0.00425574,0.006976674303587607,83.83880443793686,48.287049985775425
PART-PIER-1,603,Pier/C3D8R,6.0,20.0,-10.0,0.00014617003,-0.0075252103,-0.0035493332,0.000254285,-0.000585233,-0.00425574,0.006976674303587607,83.83880443793686,48.287049985775425
PART-FLOOR-1,465,Floor/S4R,-225.0,0.0,0.0,0.0038366083,2.9238233e-16,-0.5360862,0.00553977,-3.00794e-15,-0.542828,0.006953605325034428,1.297072608051503,1.2602759488082766
PART-FLOOR-1,492,Floor/S4R,225.0,0.0,0.0,-0.0038366083,5.642355e-16,-0.5360862,-0.00553977,-4.38074e-15,-0.542828,0.006953605325034428,1.297072608051503,1.2602759488082766
PART-PIER-2,32,Pier/C3D8R,-18.0,-10.0,-10.0,-0.0009814478,0.0075217816,-0.0072812354,-0.000513736,0.00105593,-0.00481046,0.00693763088657266,65.98092601640015,52.906336661570805
PART-PIER-2,261,Pier/C3D8R,18.0,-10.0,-10.0,0.0009814478,0.0075217816,-0.0072812354,0.000513736,0.00105593,-0.00481046,0.00693763088657266,65.98092601640015,52.906336661570805
PART-PIER-1,134,Pier/C3D8R,-18.0,10.0,-10.0,-0.0009814478,-0.0075217816,-0.0072812354,-0.000513736,-0.00105593,-0.00481046,0.00693763088657266,65.98092601640015,52.906336661570805
PART-PIER-1,198,Pier/C3D8R,18.0,10.0,-10.0,0.0009814478,-0.0075217816,-0.0072812354,0.000513736,-0.00105593,-0.00481046,0.00693763088657266,65.98092601640015,52.906336661570805
PART-PIER-2,134,Pier/C3D8R,-18.0,-20.0,-10.0,-0.00043004664,0.0070886677,-0.0034104986,-0.000451507,0.000282365,-0.00417712,0.0068493740854195274,86.94111993416294,46.549444102615226
PART-PIER-2,198,Pier/C3D8R,18.0,-20.0,-10.0,0.00043004664,0.0070886677,-0.0034104986,0.000451507,0.000282365,-0.00417712,0.0068493740854195274,86.94111993416294,46.549444102615226
PART-PIER-1,32,Pier/C3D8R,-18.0,20.0,-10.0,-0.00043004664,-0.0070886677,-0.0034104986,-0.000451507,-0.000282365,-0.00417712,0.0068493740854195274,86.94111993416294,46.549444102615226
PART-PIER-1,261,Pier/C3D8R,18.0,20.0,-10.0,0.00043004664,-0.0070886677,-0.0034104986,0.000451507,-0.000282365,-0.00417712,0.0068493740854195274,86.94111993416294,46.549444102615226
PART-PIER-2,475,Pier/C3D8R,-18.0,-15.0,-10.0,-0.0007054154,0.007288873,-0.005405088,-0.000616483,0.000663935,-0.00434952,0.00670909355116157,73.71283753995532,51.186056660251
PART-PIER-2,674,Pier/C3D8R,18.0,-15.0,-10.0,0.0007054154,0.007288873,-0.005405088,0.000616483,0.000663935,-0.00434952,0.00670909355116157,73.71283753995532,51.186056660251
PART-PIER-1,475,Pier/C3D8R,-18.0,15.0,-10.0,-0.0007054154,-0.007288873,-0.005405088,-0.000616483,-0.000663935,-0.00434952,0.00670909355116157,73.71283753995532,51.186056660251
PART-PIER-1,674,Pier/C3D8R,18.0,15.0,-10.0,0.0007054154,-0.007288873,-0.005405088,0.000616483,-0.000663935,-0.00434952,0.00670909355116157,73.71283753995532,51.186056660251
PART-PIER-2,366,Pier/C3D8R,-12.0,-20.0,-10.0,-0.00027968132,0.0073659406,-0.0035372057,-0.000251424,0.000684435,-0.00398844,0.006696784896684485,81.90774641254954,50.40926580397023
PART-PIER-2,526,Pier/C3D8R,12.0,-20.0,-10.0,0.00027968132,0.0073659406,-0.0035372057,0.000251424,0.000684435,-0.00398844,0.006696784896684485,81.90774641254954,50.40926580397023
PART-PIER-1,288,Pier/C3D8R,-12.0,20.0,-10.0,-0.00027968132,-0.0073659406,-0.0035372057,-0.000251424,-0.000684435,-0.00398844,0.006696784896684485,81.90774641254954,50.40926580397023
PART-PIER-1,604,Pier/C3D8R,12.0,20.0,-10.0,0.00027968132,-0.0073659406,-0.0035372057,0.000251424,-0.000684435,-0.00398844,0.006696784896684485,81.90774641254954,50.40926580397023
PART-SUPPORTBEAM-2,27,SupportBeam/B31,-226.92308,10.0,-30.0,-0.0056637446,0.0018279853,-0.10066251,-0.00244003,0.0012694,-0.0950431,0.006502470461888248,6.4484141397157275,5.707552807682327
PART-SUPPORTBEAM-2,317,SupportBeam/B31,226.92308,10.0,-30.0,0.0056637446,0.0018279853,-0.10066251,0.00244003,0.0012694,-0.0950431,0.006502470461888248,6.4484141397157275,5.707552807682327
PART-SUPPORTBEAM-1,27,SupportBeam/B31,-226.92308,-10.0,-30.0,-0.0056637446,-0.0018279853,-0.10066251,-0.00244003,-0.0012694,-0.0950431,0.006502470461888248,6.4484141397157275,5.707552807682327
PART-SUPPORTBEAM-1,317,SupportBeam/B31,226.92308,-10.0,-30.0,0.0056637446,-0.0018279853,-0.10066251,0.00244003,-0.0012694,-0.0950431,0.006502470461888248,6.4484141397157275,5.707552807682327
PART-SUPPORTBEAM-2,40,SupportBeam/B31,-226.66667,10.0,-16.0,0.032141086,0.0006918643,-0.107236505,0.0290623,0.000692709,-0.10158,0.006440106580045008,5.7525729855432965,5.621930347383071
PART-SUPPORTBEAM-2,337,SupportBeam/B31,226.66667,10.0,-16.0,-0.032141086,0.0006918643,-0.107236505,-0.0290623,0.000692709,-0.10158,0.006440106580045008,5.7525729855432965,5.621930347383071
PART-SUPPORTBEAM-1,40,SupportBeam/B31,-226.66667,-10.0,-16.0,0.032141086,-0.0006918643,-0.107236505,0.0290623,-0.000692709,-0.10158,0.006440106580045008,5.7525729855432965,5.621930347383071
PART-SUPPORTBEAM-1,337,SupportBeam/B31,226.66667,-10.0,-16.0,-0.032141086,-0.0006918643,-0.107236505,-0.0290623,-0.000692709,-0.10158,0.006440106580045008,5.7525729855432965,5.621930347383071
PART-PIER-2,285,Pier/C3D8R,-6.08333,-10.0,-15.0,-0.00033088986,0.0060992576,-0.0066832625,-0.00019859,0.000422263,-0.00386344,0.006340123805801542,70.02501984364875,57.0191945165876
PART-PIER-2,601,Pier/C3D8R,6.08333,-10.0,-15.0,0.00033088986,0.0060992576,-0.0066832625,0.00019859,0.000422263,-0.00386344,0.006340123805801542,70.02501984364875,57.0191945165876
PART-PIER-1,363,Pier/C3D8R,-6.08333,10.0,-15.0,-0.00033088986,-0.0060992576,-0.0066832625,-0.00019859,-0.000422263,-0.00386344,0.006340123805801542,70.02501984364875,57.0191945165876
PART-PIER-1,523,Pier/C3D8R,6.08333,10.0,-15.0,0.00033088986,-0.0060992576,-0.0066832625,0.00019859,-0.000422263,-0.00386344,0.006340123805801542,70.02501984364875,57.0191945165876
PART-FLOOR-1,474,Floor/S4R,-240.0,0.0,0.0,0.0029653166,7.684516e-17,-0.33412308,0.00296394,-8.44056e-16,-0.340434,0.006310920150138768,1.8887266414965103,1.888650009998051
PART-FLOOR-1,501,Floor/S4R,240.0,0.0,0.0,-0.0029653166,3.995828e-17,-0.33412308,-0.00296394,-9.26832e-16,-0.340434,0.006310920150138768,1.8887266414965103,1.888650009998051
PART-FLOOR-1,468,Floor/S4R,-230.0,0.0,0.0,0.0059262104,2.0029035e-16,-0.51961195,0.00468182,-2.12665e-15,-0.525582,0.006098360801896814,1.1735611963090449,1.1463788321691462
PART-FLOOR-1,495,Floor/S4R,230.0,0.0,0.0,-0.0059262104,3.3523126e-16,-0.51961195,-0.00468182,-2.95767e-15,-0.525582,0.006098360801896814,1.1735611963090449,1.1463788321691462
PART-PIER-2,31,Pier/C3D8R,-18.25,-10.0,-15.0,-0.0009854463,0.0056694974,-0.006507165,-0.000773015,0.000270308,-0.00382302,0.006033324756327728,69.45531610200096,54.99122995946163
PART-PIER-2,262,Pier/C3D8R,18.25,-10.0,-15.0,0.0009854463,0.0056694974,-0.006507165,0.000773015,0.000270308,-0.00382302,0.006033324756327728,69.45531610200096,54.99122995946163
PART-PIER-1,135,Pier/C3D8R,-18.25,10.0,-15.0,-0.0009854463,-0.0056694974,-0.006507165,-0.000773015,-0.000270308,-0.00382302,0.006033324756327728,69.45531610200096,54.99122995946163
PART-PIER-1,197,Pier/C3D8R,18.25,10.0,-15.0,0.0009854463,-0.0056694974,-0.006507165,0.000773015,-0.000270308,-0.00382302,0.006033324756327728,69.45531610200096,54.99122995946163
PART-FLOOR-1,473,Floor/S4R,-240.0,-5.0,0.0,0.0029562702,-8.701585e-05,-0.3383207,0.00297383,0.000258646,-0.34424,0.005929410000254802,1.752533454320311,1.7495497526112225
PART-FLOOR-1,475,Floor/S4R,-240.0,5.0,0.0,0.0029562702,8.701585e-05,-0.3383207,0.00297383,-0.000258646,-0.34424,0.005929410000254802,1.752533454320311,1.7495497526112225
PART-FLOOR-1,500,Floor/S4R,240.0,5.0,0.0,-0.0029562702,8.701585e-05,-0.3383207,-0.00297383,-0.000258646,-0.34424,0.005929410000254802,1.752533454320311,1.7495497526112225
PART-FLOOR-1,502,Floor/S4R,240.0,-5.0,0.0,-0.0029562702,-8.701585e-05,-0.3383207,-0.00297383,0.000258646,-0.34424,0.005929410000254802,1.752533454320311,1.7495497526112225
PART-FLOOR-1,461,Floor/S4R,-220.0,-5.0,0.0,0.0037579704,-0.00044426988,-0.5070701,0.00638586,0.000247565,-0.512245,0.005845000364497217,1.1526685579188878,1.0255974464622366
PART-FLOOR-1,463,Floor/S4R,-220.0,5.0,0.0,0.0037579704,0.00044426988,-0.5070701,0.00638586,-0.000247565,-0.512245,0.005845000364497217,1.1526685579188878,1.0255974464622366
PART-FLOOR-1,488,Floor/S4R,220.0,5.0,0.0,-0.0037579704,0.00044426988,-0.5070701,-0.00638586,-0.000247565,-0.512245,0.005845000364497217,1.1526685579188878,1.0255974464622366
PART-FLOOR-1,490,Floor/S4R,220.0,-5.0,0.0,-0.0037579704,-0.00044426988,-0.5070701,-0.00638586,0.000247565,-0.512245,0.005845000364497217,1.1526685579188878,1.0255974464622366
PART-PIER-2,96,Pier/C3D8R,0.0,-10.0,-15.0,3.6360877e-16,0.006154668,-0.0066413637,-1.14435e-15,0.000681605,-0.00492857,0.0057348130624047975,63.335185456989564,45.050892071320796
PART-PIER-1,148,Pier/C3D8R,0.0,10.0,-15.0,-1.3804729e-15,-0.006154668,-0.0066413637,3.06323e-16,-0.000681605,-0.00492857,0.0057348130624047975,63.335185456989564,45.050892071320796
PART-PIER-2,435,Pier/C3D8R,0.0,-15.0,-15.0,4.81074e-17,0.005920497,-0.0048407246,-3.94657e-15,0.000331114,-0.00358893,0.005727843576886345,74.89783698779729,52.87149950812259
PART-PIER-1,435,Pier/C3D8R,0.0,15.0,-15.0,-1.2055491e-15,-0.005920497,-0.0048407246,-2.92999e-15,-0.000331114,-0.00358893,0.005727843576886345,74.89783698779729,52.87149950812259
PART-PIER-2,364,Pier/C3D8R,-12.16667,-20.0,-15.0,-0.00031476672,0.005608167,-0.0031816596,-0.000414944,0.000124435,-0.00432534,0.005602620546904489,86.7882319315321,32.66246727392145
PART-PIER-2,524,Pier/C3D8R,12.16667,-20.0,-15.0,0.00031476672,0.005608167,-0.0031816596,0.000414944,0.000124435,-0.00432534,0.005602620546904489,86.7882319315321,32.66246727392145
PART-PIER-1,286,Pier/C3D8R,-12.16667,20.0,-15.0,-0.00031476672,-0.005608167,-0.0031816596,-0.000414944,-0.000124435,-0.00432534,0.005602620546904489,86.7882319315321,32.66246727392145
PART-PIER-1,602,Pier/C3D8R,12.16667,20.0,-15.0,0.00031476672,-0.005608167,-0.0031816596,0.000414944,-0.000124435,-0.00432534,0.005602620546904489,86.7882319315321,32.66246727392145
PART-PIER-2,286,Pier/C3D8R,-12.16667,-10.0,-15.0,-0.0006688295,0.0059388787,-0.0065620346,-0.000472752,0.000633161,-0.00483785,0.005582284409896785,62.89407421200558,44.77099182816159
PART-PIER-2,602,Pier/C3D8R,12.16667,-10.0,-15.0,0.0006688295,0.0059388787,-0.0065620346,0.000472752,0.000633161,-0.00483785,0.005582284409896785,62.89407421200558,44.77099182816159
PART-PIER-1,364,Pier/C3D8R,-12.16667,10.0,-15.0,-0.0006688295,-0.0059388787,-0.0065620346,-0.000472752,-0.000633161,-0.00483785,0.005582284409896785,62.89407421200558,44.77099182816159
PART-PIER-1,524,Pier/C3D8R,12.16667,10.0,-15.0,0.0006688295,-0.0059388787,-0.0065620346,0.000472752,-0.000633161,-0.00483785,0.005582284409896785,62.89407421200558,44.77099182816159
PART-PIER-2,718,Pier/C3D8R,-6.08333,-15.0,-15.0,-0.0002440315,0.005871365,-0.0048845573,-0.000261942,0.0003616,-0.00469823,0.005512943769345062,72.14549196915014,38.239273664289534
PART-PIER-2,796,Pier/C3D8R,6.08333,-15.0,-15.0,0.0002440315,0.005871365,-0.0048845573,0.000261942,0.0003616,-0.00469823,0.005512943769345062,72.14549196915014,38.239273664289534
PART-PIER-1,718,Pier/C3D8R,-6.08333,15.0,-15.0,-0.0002440315,-0.005871365,-0.0048845573,-0.000261942,-0.0003616,-0.00469823,0.005512943769345062,72.14549196915014,38.239273664289534
PART-PIER-1,796,Pier/C3D8R,6.08333,15.0,-15.0,0.0002440315,-0.005871365,-0.0048845573,0.000261942,-0.0003616,-0.00469823,0.005512943769345062,72.14549196915014,38.239273664289534
PART-PIER-2,363,Pier/C3D8R,-6.08333,-20.0,-15.0,-0.00015853668,0.005769509,-0.0032810608,-0.000120415,0.000293443,-0.00321331,0.005476617776487844,82.4902902463439,51.365032540755664
PART-PIER-2,523,Pier/C3D8R,6.08333,-20.0,-15.0,0.00015853668,0.005769509,-0.0032810608,0.000120415,0.000293443,-0.00321331,0.005476617776487844,82.4902902463439,51.365032540755664
PART-PIER-1,285,Pier/C3D8R,-6.08333,20.0,-15.0,-0.00015853668,-0.005769509,-0.0032810608,-0.000120415,-0.000293443,-0.00321331,0.005476617776487844,82.4902902463439,51.365032540755664
PART-PIER-1,601,Pier/C3D8R,6.08333,20.0,-15.0,0.00015853668,-0.005769509,-0.0032810608,0.000120415,-0.000293443,-0.00321331,0.005476617776487844,82.4902902463439,51.365032540755664
PART-PIER-2,719,Pier/C3D8R,-12.16667,-15.0,-15.0,-0.00049105095,0.005712543,-0.0047685066,-0.000348829,0.00041374,-0.00341069,0.005471855830986993,73.37476837557966,53.69227263367312
PART-PIER-2,797,Pier/C3D8R,12.16667,-15.0,-15.0,0.00049105095,0.005712543,-0.0047685066,0.000348829,0.00041374,-0.00341069,0.005471855830986993,73.37476837557966,53.69227263367312
PART-PIER-1,719,Pier/C3D8R,-12.16667,15.0,-15.0,-0.00049105095,-0.005712543,-0.0047685066,-0.000348829,-0.00041374,-0.00341069,0.005471855830986993,73.37476837557966,53.69227263367312
PART-PIER-1,797,Pier/C3D8R,12.16667,15.0,-15.0,0.00049105095,-0.005712543,-0.0047685066,0.000348829,-0.00041374,-0.00341069,0.005471855830986993,73.37476837557966,53.69227263367312
PART-PIER-2,148,Pier/C3D8R,0.0,-20.0,-15.0,-2.8145293e-16,0.005820413,-0.0032415069,-7.71031e-15,0.000487773,-0.00421967,0.005421609762773563,81.37897667899979,36.24051332762634
PART-PIER-1,96,Pier/C3D8R,0.0,20.0,-15.0,-9.700468e-16,-0.005820413,-0.0032415069,-7.39321e-15,-0.000487773,-0.00421967,0.005421609762773563,81.37897667899979,36.24051332762634
PART-SUPPORTBEAM-2,41,SupportBeam/B31,-230.0,10.0,-18.0,0.03013552,0.00082095724,-0.097524256,0.0275528,0.000813323,-0.0927737,0.005407243585150979,5.297197412533086,5.187558389040013
PART-SUPPORTBEAM-2,338,SupportBeam/B31,230.0,10.0,-18.0,-0.03013552,0.00082095724,-0.097524256,-0.0275528,0.000813323,-0.0927737,0.005407243585150979,5.297197412533086,5.187558389040013
PART-SUPPORTBEAM-1,41,SupportBeam/B31,-230.0,-10.0,-18.0,0.03013552,-0.00082095724,-0.097524256,0.0275528,-0.000813323,-0.0927737,0.005407243585150979,5.297197412533086,5.187558389040013
PART-SUPPORTBEAM-1,338,SupportBeam/B31,230.0,-10.0,-18.0,-0.03013552,-0.00082095724,-0.097524256,-0.0275528,-0.000813323,-0.0927737,0.005407243585150979,5.297197412533086,5.187558389040013
PART-SUPPORTBEAM-2,28,SupportBeam/B31,-230.76923,10.0,-30.0,-0.0053857067,0.0017892485,-0.08886904,-0.00266897,0.00131525,-0.0843068,0.00533098177568908,5.986499800567127,5.267567209333617
PART-SUPPORTBEAM-2,318,SupportBeam/B31,230.76923,10.0,-30.0,0.0053857067,0.0017892485,-0.08886904,0.00266897,0.00131525,-0.0843068,0.00533098177568908,5.986499800567127,5.267567209333617
PART-SUPPORTBEAM-1,28,SupportBeam/B31,-230.76923,-10.0,-30.0,-0.0053857067,-0.0017892485,-0.08886904,-0.00266897,-0.00131525,-0.0843068,0.00533098177568908,5.986499800567127,5.267567209333617
PART-SUPPORTBEAM-1,318,SupportBeam/B31,230.76923,-10.0,-30.0,0.0053857067,-0.0017892485,-0.08886904,0.00266897,-0.00131525,-0.0843068,0.00533098177568908,5.986499800567127,5.267567209333617
PART-PIER-2,474,Pier/C3D8R,-18.25,-15.0,-15.0,-0.0007178295,0.0054424065,-0.004718986,-0.000611802,0.000184952,-0.00446849,0.005264486479832815,72.72340824490132,37.644217185636876
PART-PIER-2,673,Pier/C3D8R,18.25,-15.0,-15.0,0.0007178295,0.0054424065,-0.004718986,0.000611802,0.000184952,-0.00446849,0.005264486479832815,72.72340824490132,37.644217185636876
PART-PIER-1,474,Pier/C3D8R,-18.25,15.0,-15.0,-0.0007178295,-0.0054424065,-0.004718986,-0.000611802,-0.000184952,-0.00446849,0.005264486479832815,72.72340824490132,37.644217185636876
PART-PIER-1,673,Pier/C3D8R,18.25,15.0,-15.0,0.0007178295,-0.0054424065,-0.004718986,0.000611802,-0.000184952,-0.00446849,0.005264486479832815,72.72340824490132,37.644217185636876
PART-FLOOR-1,458,Floor/S4R,-215.0,-5.0,0.0,0.011650243,0.0009830744,-0.43431193,0.00723833,0.000193119,-0.431754,0.005160621255087228,1.187798908628952,0.6109883532512841
PART-FLOOR-1,460,Floor/S4R,-215.0,5.0,0.0,0.011650243,-0.0009830744,-0.43431193,0.00723833,-0.000193119,-0.431754,0.005160621255087228,1.187798908628952,0.6109883532512841
PART-FLOOR-1,485,Floor/S4R,215.0,5.0,0.0,-0.011650243,-0.0009830744,-0.43431193,-0.00723833,-0.000193119,-0.431754,0.005160621255087228,1.187798908628952,0.6109883532512841
PART-FLOOR-1,487,Floor/S4R,215.0,-5.0,0.0,-0.011650243,0.0009830744,-0.43431193,-0.00723833,0.000193119,-0.431754,0.005160621255087228,1.187798908628952,0.6109883532512841
PART-FLOOR-1,196,Floor/S4R,-215.0,10.0,0.0,0.0034163385,0.0012008131,-0.43510333,0.00718112,-0.000428734,-0.438178,0.005126655742563633,1.1782208601217576,0.7167361923718861
PART-FLOOR-1,212,Floor/S4R,-215.0,-10.0,0.0,0.0034163385,-0.0012008131,-0.43510333,0.00718112,0.000428734,-0.438178,0.005126655742563633,1.1782208601217576,0.7167361923718861
PART-FLOOR-1,217,Floor/S4R,215.0,-10.0,0.0,-0.0034163385,-0.0012008131,-0.43510333,-0.00718112,0.000428734,-0.438178,0.005126655742563633,1.1782208601217576,0.7167361923718861
PART-FLOOR-1,233,Floor/S4R,215.0,10.0,0.0,-0.0034163385,0.0012008131,-0.43510333,-0.00718112,-0.000428734,-0.438178,0.005126655742563633,1.1782208601217576,0.7167361923718861
PART-PIER-2,135,Pier/C3D8R,-18.25,-20.0,-15.0,-0.00044993038,0.0053412495,-0.0031551572,-0.000474549,0.00023558,-0.00313084,0.005105786760715414,82.08872513234027,48.94802204725285
PART-PIER-2,197,Pier/C3D8R,18.25,-20.0,-15.0,0.00044993038,0.0053412495,-0.0031551572,0.000474549,0.00023558,-0.00313084,0.005105786760715414,82.08872513234027,48.94802204725285
PART-PIER-1,31,Pier/C3D8R,-18.25,20.0,-15.0,-0.00044993038,-0.0053412495,-0.0031551572,-0.000474549,-0.00023558,-0.00313084,0.005105786760715414,82.08872513234027,48.94802204725285
PART-PIER-1,262,Pier/C3D8R,18.25,20.0,-15.0,0.00044993038,-0.0053412495,-0.0031551572,0.000474549,-0.00023558,-0.00313084,0.005105786760715414,82.08872513234027,48.94802204725285
PART-FLOOR-1,455,Floor/S4R,-210.0,-5.0,0.0,0.0030731375,-0.0004902679,-0.34041068,0.00806986,4.23701e-05,-0.340158,0.0050313801449950344,1.4779706415961686,0.05028751015862601
PART-FLOOR-1,457,Floor/S4R,-210.0,5.0,0.0,0.0030731375,0.0004902679,-0.34041068,0.00806986,-4.23701e-05,-0.340158,0.0050313801449950344,1.4779706415961686,0.05028751015862601
PART-FLOOR-1,482,Floor/S4R,210.0,5.0,0.0,-0.0030731375,0.0004902679,-0.34041068,-0.00806986,-4.23701e-05,-0.340158,0.0050313801449950344,1.4779706415961686,0.05028751015862601
PART-FLOOR-1,484,Floor/S4R,210.0,-5.0,0.0,-0.0030731375,-0.0004902679,-0.34041068,-0.00806986,4.23701e-05,-0.340158,0.0050313801449950344,1.4779706415961686,0.05028751015862601
PART-PIER-2,97,Pier/C3D8R,0.0,-10.0,-20.0,2.9817704e-16,0.004626261,-0.005644551,1.74637e-16,0.000224164,-0.00383098,0.0047610395681458055,65.23609739992582,47.41785828220584
PART-PIER-1,147,Pier/C3D8R,0.0,10.0,-20.0,-1.0710116e-15,-0.004626261,-0.005644551,1.43674e-15,-0.000224164,-0.00383098,0.0047610395681458055,65.23609739992582,47.41785828220584
PART-FLOOR-1,464,Floor/S4R,-225.0,-5.0,0.0,0.0076452624,0.0009682494,-0.5409238,0.0055321,0.000259435,-0.545095,0.004729353298541088,0.8742217337722967,0.7661006976203799
PART-FLOOR-1,466,Floor/S4R,-225.0,5.0,0.0,0.0076452624,-0.0009682494,-0.5409238,0.0055321,-0.000259435,-0.545095,0.004729353298541088,0.8742217337722967,0.7661006976203799
PART-FLOOR-1,491,Floor/S4R,225.0,5.0,0.0,-0.0076452624,-0.0009682494,-0.5409238,-0.0055321,-0.000259435,-0.545095,0.004729353298541088,0.8742217337722967,0.7661006976203799
PART-FLOOR-1,493,Floor/S4R,225.0,-5.0,0.0,-0.0076452624,0.0009682494,-0.5409238,-0.0055321,0.000259435,-0.545095,0.004729353298541088,0.8742217337722967,0.7661006976203799
PART-FLOOR-1,459,Floor/S4R,-215.0,0.0,0.0,0.003543455,5.33493e-16,-0.4349439,0.00723535,-5.27028e-15,-0.437653,0.0045792260810125,1.0527964920355728,0.6332721541086719
PART-FLOOR-1,486,Floor/S4R,215.0,0.0,0.0,-0.003543455,1.116753e-15,-0.4349439,-0.00723535,-8.04211e-15,-0.437653,0.0045792260810125,1.0527964920355728,0.6332721541086719
PART-PIER-2,284,Pier/C3D8R,-12.33333,-10.0,-20.0,-0.0006787622,0.0044242996,-0.005566838,-0.000481905,0.00025701,-0.00368616,0.004576243558547119,64.06463345628396,47.832651088712225
PART-PIER-2,600,Pier/C3D8R,12.33333,-10.0,-20.0,0.0006787622,0.0044242996,-0.005566838,0.000481905,0.00025701,-0.00368616,0.004576243558547119,64.06463345628396,47.832651088712225
PART-PIER-1,362,Pier/C3D8R,-12.33333,10.0,-20.0,-0.0006787622,-0.0044242996,-0.005566838,-0.000481905,-0.00025701,-0.00368616,0.004576243558547119,64.06463345628396,47.832651088712225
PART-PIER-1,522,Pier/C3D8R,12.33333,10.0,-20.0,0.0006787622,-0.0044242996,-0.005566838,0.000481905,-0.00025701,-0.00368616,0.004576243558547119,64.06463345628396,47.832651088712225
PART-PIER-2,283,Pier/C3D8R,-6.16667,-10.0,-20.0,-0.00034080402,0.004578878,-0.0055476865,-0.000246555,0.000471054,-0.00364854,0.004526572469452931,62.85748554153655,48.800048309506714
PART-PIER-2,599,Pier/C3D8R,6.16667,-10.0,-20.0,0.00034080402,0.004578878,-0.0055476865,0.000246555,0.000471054,-0.00364854,0.004526572469452931,62.85748554153655,48.800048309506714
PART-PIER-1,361,Pier/C3D8R,-6.16667,10.0,-20.0,-0.00034080402,-0.004578878,-0.0055476865,-0.000246555,-0.000471054,-0.00364854,0.004526572469452931,62.85748554153655,48.800048309506714
PART-PIER-1,521,Pier/C3D8R,6.16667,10.0,-20.0,0.00034080402,-0.004578878,-0.0055476865,0.000246555,-0.000471054,-0.00364854,0.004526572469452931,62.85748554153655,48.800048309506714
PART-SUPPORTBEAM-2,42,SupportBeam/B31,-233.33333,10.0,-20.0,0.026899418,0.00095009414,-0.08575525,0.0247931,0.000935188,-0.0818777,0.004412730641296132,4.9095710761212175,4.812979025922632
PART-SUPPORTBEAM-2,339,SupportBeam/B31,233.33333,10.0,-20.0,-0.026899418,0.00095009414,-0.08575525,-0.0247931,0.000935188,-0.0818777,0.004412730641296132,4.9095710761212175,4.812979025922632
PART-SUPPORTBEAM-1,42,SupportBeam/B31,-233.33333,-10.0,-20.0,0.026899418,-0.00095009414,-0.08575525,0.0247931,-0.000935188,-0.0818777,0.004412730641296132,4.9095710761212175,4.812979025922632
PART-SUPPORTBEAM-1,339,SupportBeam/B31,233.33333,-10.0,-20.0,-0.026899418,-0.00095009414,-0.08575525,-0.0247931,-0.000935188,-0.0818777,0.004412730641296132,4.9095710761212175,4.812979025922632
PART-PIER-2,30,Pier/C3D8R,-18.5,-10.0,-20.0,-0.0010229741,0.004156609,-0.0053665494,-0.000700201,0.000283604,-0.00341817,0.004347474265645856,63.3311253116434,49.004748954534065
PART-PIER-2,263,Pier/C3D8R,18.5,-10.0,-20.0,0.0010229741,0.004156609,-0.0053665494,0.000700201,0.000283604,-0.00341817,0.004347474265645856,63.3311253116434,49.004748954534065
PART-PIER-1,136,Pier/C3D8R,-18.5,10.0,-20.0,-0.0010229741,-0.004156609,-0.0053665494,-0.000700201,-0.000283604,-0.00341817,0.004347474265645856,63.3311253116434,49.004748954534065
PART-PIER-1,196,Pier/C3D8R,18.5,10.0,-20.0,0.0010229741,-0.004156609,-0.0053665494,0.000700201,-0.000283604,-0.00341817,0.004347474265645856,63.3311253116434,49.004748954534065
PART-PIER-2,147,Pier/C3D8R,0.0,-20.0,-20.0,-2.2314564e-16,0.004144483,-0.0027406951,-5.50013e-15,-8.66831e-05,-0.00338106,0.004279349690191399,86.12584819218647,31.93069804429538
PART-PIER-1,97,Pier/C3D8R,0.0,20.0,-20.0,-7.218776e-16,-0.004144483,-0.0027406951,-5.19981e-15,8.66831e-05,-0.00338106,0.004279349690191399,86.12584819218647,31.93069804429538
PART-PIER-2,434,Pier/C3D8R,0.0,-15.0,-20.0,4.00646e-17,0.0043757414,-0.004373119,-3.40863e-15,0.000203704,-0.00358071,0.004246623139658117,68.64473193106755,42.02586480433469
PART-PIER-1,434,Pier/C3D8R,0.0,15.0,-20.0,-9.073574e-16,-0.0043757414,-0.004373119,-2.77272e-15,-0.000203704,-0.00358071,0.004246623139658117,68.64473193106755,42.02586480433469
PART-PIER-2,716,Pier/C3D8R,-6.16667,-15.0,-20.0,-0.00025804792,0.004322494,-0.004282329,-0.000209481,0.00018396,-0.00351466,0.004209410660464869,69.11931241749659,42.107349505946715
PART-PIER-2,794,Pier/C3D8R,6.16667,-15.0,-20.0,0.00025804792,0.004322494,-0.004282329,0.000209481,0.00018396,-0.00351466,0.004209410660464869,69.11931241749659,42.107349505946715
PART-PIER-1,716,Pier/C3D8R,-6.16667,15.0,-20.0,-0.00025804792,-0.004322494,-0.004282329,-0.000209481,-0.00018396,-0.00351466,0.004209410660464869,69.11931241749659,42.107349505946715
PART-PIER-1,794,Pier/C3D8R,6.16667,15.0,-20.0,0.00025804792,-0.004322494,-0.004282329,0.000209481,-0.00018396,-0.00351466,0.004209410660464869,69.11931241749659,42.107349505946715
PART-PIER-2,361,Pier/C3D8R,-6.16667,-20.0,-20.0,-0.0001759527,0.004093892,-0.002664458,-0.000203733,-6.57448e-05,-0.00329517,0.004207273188173823,86.07764730572318,32.441173698639936
PART-PIER-2,521,Pier/C3D8R,6.16667,-20.0,-20.0,0.0001759527,0.004093892,-0.002664458,0.000203733,-6.57448e-05,-0.00329517,0.004207273188173823,86.07764730572318,32.441173698639936
PART-PIER-1,283,Pier/C3D8R,-6.16667,20.0,-20.0,-0.0001759527,-0.004093892,-0.002664458,-0.000203733,6.57448e-05,-0.00329517,0.004207273188173823,86.07764730572318,32.441173698639936
PART-PIER-1,599,Pier/C3D8R,6.16667,20.0,-20.0,0.0001759527,-0.004093892,-0.002664458,0.000203733,6.57448e-05,-0.00329517,0.004207273188173823,86.07764730572318,32.441173698639936
PART-SUPPORTBEAM-2,29,SupportBeam/B31,-234.61539,10.0,-30.0,-0.0051076673,0.0017504547,-0.074892566,-0.00289792,0.00136207,-0.0713446,0.004197843320350032,5.5906436337031895,4.888361374975949
PART-SUPPORTBEAM-2,319,SupportBeam/B31,234.61539,10.0,-30.0,0.0051076673,0.0017504547,-0.074892566,0.00289792,0.00136207,-0.0713446,0.004197843320350032,5.5906436337031895,4.888361374975949
PART-SUPPORTBEAM-1,29,SupportBeam/B31,-234.61539,-10.0,-30.0,-0.0051076673,-0.0017504547,-0.074892566,-0.00289792,-0.00136207,-0.0713446,0.004197843320350032,5.5906436337031895,4.888361374975949
PART-SUPPORTBEAM-1,319,SupportBeam/B31,234.61539,-10.0,-30.0,0.0051076673,-0.0017504547,-0.074892566,0.00289792,-0.00136207,-0.0713446,0.004197843320350032,5.5906436337031895,4.888361374975949
PART-PIER-2,717,Pier/C3D8R,-12.33333,-15.0,-20.0,-0.00050981424,0.004169219,-0.0043110545,-0.000445524,5.328e-05,-0.00356374,0.004183726335288973,69.50949847899652,40.32365428137121
PART-PIER-2,795,Pier/C3D8R,12.33333,-15.0,-20.0,0.00050981424,0.004169219,-0.0043110545,0.000445524,5.328e-05,-0.00356374,0.004183726335288973,69.50949847899652,40.32365428137121
PART-PIER-1,717,Pier/C3D8R,-12.33333,15.0,-20.0,-0.00050981424,-0.004169219,-0.0043110545,-0.000445524,-5.328e-05,-0.00356374,0.004183726335288973,69.50949847899652,40.32365428137121
PART-PIER-1,795,Pier/C3D8R,12.33333,15.0,-20.0,0.00050981424,-0.004169219,-0.0043110545,0.000445524,-5.328e-05,-0.00356374,0.004183726335288973,69.50949847899652,40.32365428137121
PART-FLOOR-1,476,Floor/S4R,-245.0,-5.0,0.0,0.0017342891,0.0004649441,-0.18101642,0.0021481,0.000283395,-0.185083,0.004091610005006526,2.260241769006912,2.248501556431658
PART-FLOOR-1,478,Floor/S4R,-245.0,5.0,0.0,0.0017342891,-0.0004649441,-0.18101642,0.0021481,-0.000283395,-0.185083,0.004091610005006526,2.260241769006912,2.248501556431658
PART-FLOOR-1,503,Floor/S4R,245.0,5.0,0.0,-0.0017342891,-0.0004649441,-0.18101642,-0.0021481,-0.000283395,-0.185083,0.004091610005006526,2.260241769006912,2.248501556431658
PART-FLOOR-1,505,Floor/S4R,245.0,-5.0,0.0,-0.0017342891,0.0004649441,-0.18101642,-0.0021481,0.000283395,-0.185083,0.004091610005006526,2.260241769006912,2.248501556431658
PART-FLOOR-1,197,Floor/S4R,-220.0,10.0,0.0,0.009543483,-0.0022181403,-0.51777947,0.00635041,-0.000497034,-0.5196,0.004058602168250596,0.7837073420826812,0.34118057237414506
PART-FLOOR-1,211,Floor/S4R,-220.0,-10.0,0.0,0.009543483,0.0022181403,-0.51777947,0.00635041,0.000497034,-0.5196,0.004058602168250596,0.7837073420826812,0.34118057237414506
PART-FLOOR-1,218,Floor/S4R,220.0,-10.0,0.0,-0.009543483,0.0022181403,-0.51777947,-0.00635041,0.000497034,-0.5196,0.004058602168250596,0.7837073420826812,0.34118057237414506
PART-FLOOR-1,232,Floor/S4R,220.0,10.0,0.0,-0.009543483,-0.0022181403,-0.51777947,-0.00635041,-0.000497034,-0.5196,0.004058602168250596,0.7837073420826812,0.34118057237414506
PART-PIER-2,362,Pier/C3D8R,-12.33333,-20.0,-20.0,-0.00034212472,0.003946264,-0.00269237,-0.000350928,-1.05443e-05,-0.00323865,0.0039943499169561554,83.39879301158702,31.983443490435036
PART-PIER-2,522,Pier/C3D8R,12.33333,-20.0,-20.0,0.00034212472,0.003946264,-0.00269237,0.000350928,-1.05443e-05,-0.00323865,0.0039943499169561554,83.39879301158702,31.983443490435036
PART-PIER-1,284,Pier/C3D8R,-12.33333,20.0,-20.0,-0.00034212472,-0.003946264,-0.00269237,-0.000350928,1.05443e-05,-0.00323865,0.0039943499169561554,83.39879301158702,31.983443490435036
PART-PIER-1,600,Pier/C3D8R,12.33333,20.0,-20.0,0.00034212472,-0.003946264,-0.00269237,0.000350928,1.05443e-05,-0.00323865,0.0039943499169561554,83.39879301158702,31.983443490435036
PART-PIER-2,136,Pier/C3D8R,-18.5,-20.0,-20.0,-0.0004978236,0.0036813626,-0.0025416582,-0.000568235,-0.000192189,-0.00312775,0.003918273007479157,87.05062902492082,29.245691406730646
PART-PIER-2,196,Pier/C3D8R,18.5,-20.0,-20.0,0.0004978236,0.0036813626,-0.0025416582,0.000568235,-0.000192189,-0.00312775,0.003918273007479157,87.05062902492082,29.245691406730646
PART-PIER-1,30,Pier/C3D8R,-18.5,20.0,-20.0,-0.0004978236,-0.0036813626,-0.0025416582,-0.000568235,0.000192189,-0.00312775,0.003918273007479157,87.05062902492082,29.245691406730646
PART-PIER-1,263,Pier/C3D8R,18.5,20.0,-20.0,0.0004978236,-0.0036813626,-0.0025416582,0.000568235,0.000192189,-0.00312775,0.003918273007479157,87.05062902492082,29.245691406730646
PART-PIER-2,473,Pier/C3D8R,-18.5,-15.0,-20.0,-0.00075969833,0.003905012,-0.0041449787,-0.000616217,8.53056e-05,-0.00344187,0.003886528749189335,67.64849558710979,39.12049947530408
PART-PIER-2,672,Pier/C3D8R,18.5,-15.0,-20.0,0.00075969833,0.003905012,-0.0041449787,0.000616217,8.53056e-05,-0.00344187,0.003886528749189335,67.64849558710979,39.12049947530408
PART-PIER-1,473,Pier/C3D8R,-18.5,15.0,-20.0,-0.00075969833,-0.003905012,-0.0041449787,-0.000616217,-8.53056e-05,-0.00344187,0.003886528749189335,67.64849558710979,39.12049947530408
PART-PIER-1,672,Pier/C3D8R,18.5,15.0,-20.0,0.00075969833,-0.003905012,-0.0041449787,0.000616217,-8.53056e-05,-0.00344187,0.003886528749189335,67.64849558710979,39.12049947530408
PART-FLOOR-1,477,Floor/S4R,-245.0,0.0,0.0,0.0023724427,3.5784958e-17,-0.17832264,0.00205509,-4.38614e-16,-0.181882,0.003573479585193845,2.003763162333894,1.9935069650756414
PART-FLOOR-1,504,Floor/S4R,245.0,0.0,0.0,-0.0023724427,-1.14227646e-17,-0.17832264,-0.00205509,-3.13809e-16,-0.181882,0.003573479585193845,2.003763162333894,1.9935069650756414
PART-PIER-2,281,Pier/C3D8R,-6.25,-10.0,-25.0,-0.0003485406,0.0032083741,-0.004917038,-0.00025241,8.2033e-05,-0.00323798,0.0035499979624176647,60.35839862527096,44.7620195425496
PART-PIER-2,597,Pier/C3D8R,6.25,-10.0,-25.0,0.0003485406,0.0032083741,-0.004917038,0.00025241,8.2033e-05,-0.00323798,0.0035499979624176647,60.35839862527096,44.7620195425496
PART-PIER-1,359,Pier/C3D8R,-6.25,10.0,-25.0,-0.0003485406,-0.0032083741,-0.004917038,-0.00025241,-8.2033e-05,-0.00323798,0.0035499979624176647,60.35839862527096,44.7620195425496
PART-PIER-1,519,Pier/C3D8R,6.25,10.0,-25.0,0.0003485406,-0.0032083741,-0.004917038,0.00025241,-8.2033e-05,-0.00323798,0.0035499979624176647,60.35839862527096,44.7620195425496
PART-PIER-2,98,Pier/C3D8R,0.0,-10.0,-25.0,2.4274193e-16,0.003261017,-0.0048324647,-6.57679e-16,0.000324243,-0.00297906,0.003472715149426755,59.568009043265626,48.59794909911134
PART-PIER-1,146,Pier/C3D8R,0.0,10.0,-25.0,-7.532615e-16,-0.003261017,-0.0048324647,-2.74021e-17,-0.000324243,-0.00297906,0.003472715149426755,59.568009043265626,48.59794909911134
PART-SUPPORTBEAM-2,43,SupportBeam/B31,-236.66667,10.0,-22.0,0.022474887,0.001079243,-0.07199962,0.0208313,0.00105806,-0.0689721,0.0034449534534530405,4.566867644883368,4.476258994050075
PART-SUPPORTBEAM-2,340,SupportBeam/B31,236.66667,10.0,-22.0,-0.022474887,0.001079243,-0.07199962,-0.0208313,0.00105806,-0.0689721,0.0034449534534530405,4.566867644883368,4.476258994050075
PART-SUPPORTBEAM-1,43,SupportBeam/B31,-236.66667,-10.0,-22.0,0.022474887,-0.001079243,-0.07199962,0.0208313,-0.00105806,-0.0689721,0.0034449534534530405,4.566867644883368,4.476258994050075
PART-SUPPORTBEAM-1,340,SupportBeam/B31,236.66667,-10.0,-22.0,-0.022474887,-0.001079243,-0.07199962,-0.0208313,-0.00105806,-0.0689721,0.0034449534534530405,4.566867644883368,4.476258994050075
PART-PIER-2,282,Pier/C3D8R,-12.5,-10.0,-25.0,-0.0006875949,0.0030595174,-0.0047736885,-0.00048137,0.000146569,-0.00304098,0.0033955965361648632,59.451645986939184,46.03316484080054
PART-PIER-2,598,Pier/C3D8R,12.5,-10.0,-25.0,0.0006875949,0.0030595174,-0.0047736885,0.00048137,0.000146569,-0.00304098,0.0033955965361648632,59.451645986939184,46.03316484080054
PART-PIER-1,360,Pier/C3D8R,-12.5,10.0,-25.0,-0.0006875949,-0.0030595174,-0.0047736885,-0.00048137,-0.000146569,-0.00304098,0.0033955965361648632,59.451645986939184,46.03316484080054
PART-PIER-1,520,Pier/C3D8R,12.5,10.0,-25.0,0.0006875949,-0.0030595174,-0.0047736885,0.00048137,-0.000146569,-0.00304098,0.0033955965361648632,59.451645986939184,46.03316484080054
PART-FLOOR-1,462,Floor/S4R,-220.0,0.0,0.0,0.009568019,3.9789254e-16,-0.50427526,0.00639855,-4.05611e-15,-0.505313,0.0033350319413104606,0.6612324762835684,0.19578770629892667
PART-FLOOR-1,489,Floor/S4R,220.0,0.0,0.0,-0.009568019,8.0119534e-16,-0.50427526,-0.00639855,-6.07381e-15,-0.505313,0.0033350319413104606,0.6612324762835684,0.19578770629892667
PART-PIER-2,29,Pier/C3D8R,-18.75,-10.0,-25.0,-0.0010339548,0.0028034844,-0.00476791,-0.000705515,4.92475e-05,-0.00310374,0.0032346801066636638,57.48641562394903,43.42676286663957
PART-PIER-2,264,Pier/C3D8R,18.75,-10.0,-25.0,0.0010339548,0.0028034844,-0.00476791,0.000705515,4.92475e-05,-0.00310374,0.0032346801066636638,57.48641562394903,43.42676286663957
PART-PIER-1,137,Pier/C3D8R,-18.75,10.0,-25.0,-0.0010339548,-0.0028034844,-0.00476791,-0.000705515,-4.92475e-05,-0.00310374,0.0032346801066636638,57.48641562394903,43.42676286663957
PART-PIER-1,195,Pier/C3D8R,18.75,10.0,-25.0,0.0010339548,-0.0028034844,-0.00476791,0.000705515,-4.92475e-05,-0.00310374,0.0032346801066636638,57.48641562394903,43.42676286663957
PART-SUPPORTBEAM-2,30,SupportBeam/B31,-238.46153,10.0,-30.0,-0.004829629,0.0017116347,-0.058884636,-0.00312686,0.00140966,-0.0563209,0.0030924671808278056,5.231967873249292,4.5373654426187855
PART-SUPPORTBEAM-2,320,SupportBeam/B31,238.46153,10.0,-30.0,0.004829629,0.0017116347,-0.058884636,0.00312686,0.00140966,-0.0563209,0.0030924671808278056,5.231967873249292,4.5373654426187855
PART-SUPPORTBEAM-1,30,SupportBeam/B31,-238.46153,-10.0,-30.0,-0.004829629,-0.0017116347,-0.058884636,-0.00312686,-0.00140966,-0.0563209,0.0030924671808278056,5.231967873249292,4.5373654426187855
PART-SUPPORTBEAM-1,320,SupportBeam/B31,238.46153,-10.0,-30.0,0.004829629,-0.0017116347,-0.058884636,0.00312686,-0.00140966,-0.0563209,0.0030924671808278056,5.231967873249292,4.5373654426187855
PART-PIER-2,433,Pier/C3D8R,0.0,-15.0,-25.0,2.6286784e-17,0.0030191916,-0.0033722313,-1.54647e-15,-2.95959e-06,-0.00294492,0.0030522111267614017,67.43269115935048,34.937665552866974
PART-PIER-1,433,Pier/C3D8R,0.0,15.0,-25.0,-6.167528e-16,-0.0030191916,-0.0033722313,-8.67628e-16,2.95959e-06,-0.00294492,0.0030522111267614017,67.43269115935048,34.937665552866974
PART-PIER-2,146,Pier/C3D8R,0.0,-20.0,-25.0,-1.6974769e-16,0.0029251445,-0.0024457213,-4.71879e-15,-9.11189e-05,-0.00281799,0.0030391493683560953,79.7075332857454,26.054170064171444
PART-PIER-1,98,Pier/C3D8R,0.0,20.0,-25.0,-4.904825e-16,-0.0029251445,-0.0024457213,-4.74513e-15,9.11189e-05,-0.00281799,0.0030391493683560953,79.7075332857454,26.054170064171444
PART-PIER-2,714,Pier/C3D8R,-6.25,-15.0,-25.0,-0.00027127896,0.002976118,-0.0034577153,-0.000217255,-1.71202e-05,-0.0029429,0.0030376682345686487,66.46695475799305,35.430343875637405
PART-PIER-2,792,Pier/C3D8R,6.25,-15.0,-25.0,0.00027127896,0.002976118,-0.0034577153,0.000217255,-1.71202e-05,-0.0029429,0.0030376682345686487,66.46695475799305,35.430343875637405
PART-PIER-1,714,Pier/C3D8R,-6.25,15.0,-25.0,-0.00027127896,-0.002976118,-0.0034577153,-0.000217255,1.71202e-05,-0.0029429,0.0030376682345686487,66.46695475799305,35.430343875637405
PART-PIER-1,792,Pier/C3D8R,6.25,15.0,-25.0,0.00027127896,-0.002976118,-0.0034577153,0.000217255,1.71202e-05,-0.0029429,0.0030376682345686487,66.46695475799305,35.430343875637405
PART-PIER-2,359,Pier/C3D8R,-6.25,-20.0,-25.0,-0.00019752045,0.002882038,-0.0025226078,-0.000215595,-8.29718e-05,-0.00290186,0.0029892209745448033,77.94185999018708,24.096640709988375
PART-PIER-2,519,Pier/C3D8R,6.25,-20.0,-25.0,0.00019752045,0.002882038,-0.0025226078,0.000215595,-8.29718e-05,-0.00290186,0.0029892209745448033,77.94185999018708,24.096640709988375
PART-PIER-1,281,Pier/C3D8R,-6.25,20.0,-25.0,-0.00019752045,-0.002882038,-0.0025226078,-0.000215595,8.29718e-05,-0.00290186,0.0029892209745448033,77.94185999018708,24.096640709988375
PART-PIER-1,597,Pier/C3D8R,6.25,20.0,-25.0,0.00019752045,-0.002882038,-0.0025226078,0.000215595,8.29718e-05,-0.00290186,0.0029892209745448033,77.94185999018708,24.096640709988375
PART-FLOOR-1,202,Floor/S4R,-245.0,10.0,0.0,0.0024458377,6.690919e-05,-0.18883553,0.00217302,-0.000440801,-0.191767,0.0029875935960841592,1.5819813364015773,1.550657106690972
PART-FLOOR-1,206,Floor/S4R,-245.0,-10.0,0.0,0.0024458377,-6.690919e-05,-0.18883553,0.00217302,0.000440801,-0.191767,0.0029875935960841592,1.5819813364015773,1.550657106690972
PART-FLOOR-1,223,Floor/S4R,245.0,-10.0,0.0,-0.0024458377,-6.690919e-05,-0.18883553,-0.00217302,0.000440801,-0.191767,0.0029875935960841592,1.5819813364015773,1.550657106690972
PART-FLOOR-1,227,Floor/S4R,245.0,10.0,0.0,-0.0024458377,6.690919e-05,-0.18883553,-0.00217302,-0.000440801,-0.191767,0.0029875935960841592,1.5819813364015773,1.550657106690972
PART-PIER-2,360,Pier/C3D8R,-12.5,-20.0,-25.0,-0.00037005817,0.0027367906,-0.0024268106,-0.000413419,-0.000178114,-0.00293803,0.0029597118548290824,80.50434250379243,19.152834305097404
PART-PIER-2,520,Pier/C3D8R,12.5,-20.0,-25.0,0.00037005817,0.0027367906,-0.0024268106,0.000413419,-0.000178114,-0.00293803,0.0029597118548290824,80.50434250379243,19.152834305097404
PART-PIER-1,282,Pier/C3D8R,-12.5,20.0,-25.0,-0.00037005817,-0.0027367906,-0.0024268106,-0.000413419,0.000178114,-0.00293803,0.0029597118548290824,80.50434250379243,19.152834305097404
PART-PIER-1,598,Pier/C3D8R,12.5,20.0,-25.0,0.00037005817,-0.0027367906,-0.0024268106,0.000413419,0.000178114,-0.00293803,0.0029597118548290824,80.50434250379243,19.152834305097404
PART-PIER-2,715,Pier/C3D8R,-12.5,-15.0,-25.0,-0.0005272212,0.0028339215,-0.00333003,-0.000432141,2.04676e-05,-0.00275717,0.0028727568068768455,65.22565478238027,36.63278041568505
PART-PIER-2,793,Pier/C3D8R,12.5,-15.0,-25.0,0.0005272212,0.0028339215,-0.00333003,0.000432141,2.04676e-05,-0.00275717,0.0028727568068768455,65.22565478238027,36.63278041568505
PART-PIER-1,715,Pier/C3D8R,-12.5,15.0,-25.0,-0.0005272212,-0.0028339215,-0.00333003,-0.000432141,-2.04676e-05,-0.00275717,0.0028727568068768455,65.22565478238027,36.63278041568505
PART-PIER-1,793,Pier/C3D8R,12.5,15.0,-25.0,0.0005272212,-0.0028339215,-0.00333003,0.000432141,-2.04676e-05,-0.00275717,0.0028727568068768455,65.22565478238027,36.63278041568505
PART-PIER-2,472,Pier/C3D8R,-18.75,-15.0,-25.0,-0.000784325,0.0025818546,-0.0033212337,-0.00067756,-0.000136381,-0.00282679,0.002764901103982211,64.6122534628047,31.995647100321378
PART-PIER-2,671,Pier/C3D8R,18.75,-15.0,-25.0,0.000784325,0.0025818546,-0.0033212337,0.00067756,-0.000136381,-0.00282679,0.002764901103982211,64.6122534628047,31.995647100321378
PART-PIER-1,472,Pier/C3D8R,-18.75,15.0,-25.0,-0.000784325,-0.0025818546,-0.0033212337,-0.00067756,0.000136381,-0.00282679,0.002764901103982211,64.6122534628047,31.995647100321378
PART-PIER-1,671,Pier/C3D8R,18.75,15.0,-25.0,0.000784325,-0.0025818546,-0.0033212337,0.00067756,0.000136381,-0.00282679,0.002764901103982211,64.6122534628047,31.995647100321378
PART-PIER-2,137,Pier/C3D8R,-18.75,-20.0,-25.0,-0.0005377828,0.0024885803,-0.002440706,-0.000561288,-0.000204466,-0.00279781,0.0027167212104275123,77.02776761569413,18.885081066892344
PART-PIER-2,195,Pier/C3D8R,18.75,-20.0,-25.0,0.0005377828,0.0024885803,-0.002440706,0.000561288,-0.000204466,-0.00279781,0.0027167212104275123,77.02776761569413,18.885081066892344
PART-PIER-1,29,Pier/C3D8R,-18.75,20.0,-25.0,-0.0005377828,-0.0024885803,-0.002440706,-0.000561288,0.000204466,-0.00279781,0.0027167212104275123,77.02776761569413,18.885081066892344
PART-PIER-1,264,Pier/C3D8R,18.75,20.0,-25.0,0.0005377828,-0.0024885803,-0.002440706,0.000561288,0.000204466,-0.00279781,0.0027167212104275123,77.02776761569413,18.885081066892344
PART-PIER-2,279,Pier/C3D8R,-6.33333,-10.0,-30.0,-0.00033466393,0.002193849,-0.003542151,-0.000229905,0.000218889,-0.001696,0.002705497172391009,64.72591095776062,58.72054293339222
PART-PIER-2,595,Pier/C3D8R,6.33333,-10.0,-30.0,0.00033466393,0.002193849,-0.003542151,0.000229905,0.000218889,-0.001696,0.002705497172391009,64.72591095776062,58.72054293339222
PART-PIER-1,357,Pier/C3D8R,-6.33333,10.0,-30.0,-0.00033466393,-0.002193849,-0.003542151,-0.000229905,-0.000218889,-0.001696,0.002705497172391009,64.72591095776062,58.72054293339222
PART-PIER-1,517,Pier/C3D8R,6.33333,10.0,-30.0,0.00033466393,-0.002193849,-0.003542151,0.000229905,-0.000218889,-0.001696,0.002705497172391009,64.72591095776062,58.72054293339222
PART-SUPPORTBEAM-2,44,SupportBeam/B31,-240.0,10.0,-24.0,0.01696895,0.0012083725,-0.05643587,0.01578,0.00118171,-0.0542451,0.0024927467148321064,4.228997624842283,4.136258357406519
PART-SUPPORTBEAM-2,341,SupportBeam/B31,240.0,10.0,-24.0,-0.01696895,0.0012083725,-0.05643587,-0.01578,0.00118171,-0.0542451,0.0024927467148321064,4.228997624842283,4.136258357406519
PART-SUPPORTBEAM-1,44,SupportBeam/B31,-240.0,-10.0,-24.0,0.01696895,-0.0012083725,-0.05643587,0.01578,-0.00118171,-0.0542451,0.0024927467148321064,4.228997624842283,4.136258357406519
PART-SUPPORTBEAM-1,341,SupportBeam/B31,240.0,-10.0,-24.0,-0.01696895,-0.0012083725,-0.05643587,-0.01578,-0.00118171,-0.0542451,0.0024927467148321064,4.228997624842283,4.136258357406519
PART-PIER-2,28,Pier/C3D8R,-19.0,-10.0,-30.0,-0.0010208886,0.0018088622,-0.0034237353,-0.000700031,8.17147e-05,-0.00171002,0.002454141034188561,61.2843148159563,53.81304671666454
PART-PIER-2,265,Pier/C3D8R,19.0,-10.0,-30.0,0.0010208886,0.0018088622,-0.0034237353,0.000700031,8.17147e-05,-0.00171002,0.002454141034188561,61.2843148159563,53.81304671666454
PART-PIER-1,138,Pier/C3D8R,-19.0,10.0,-30.0,-0.0010208886,-0.0018088622,-0.0034237353,-0.000700031,-8.17147e-05,-0.00171002,0.002454141034188561,61.2843148159563,53.81304671666454
PART-PIER-1,194,Pier/C3D8R,19.0,10.0,-30.0,0.0010208886,-0.0018088622,-0.0034237353,0.000700031,-8.17147e-05,-0.00171002,0.002454141034188561,61.2843148159563,53.81304671666454
PART-PIER-2,432,Pier/C3D8R,0.0,-15.0,-30.0,2.387029e-17,0.0019768523,-0.003077783,-2.65377e-15,-2.76366e-05,-0.00193472,0.0023075027133661642,63.08163100170906,47.10396509748126
PART-PIER-1,432,Pier/C3D8R,0.0,15.0,-30.0,-4.2207834e-16,-0.0019768523,-0.003077783,-2.87884e-15,2.76366e-05,-0.00193472,0.0023075027133661642,63.08163100170906,47.10396509748126
PART-PIER-2,145,Pier/C3D8R,0.0,-20.0,-30.0,-1.2285845e-16,0.0017288917,-0.0017417934,-1.73175e-15,-0.000279928,-0.00278304,0.0022626424969755276,92.19613722642312,13.973027457848081
PART-PIER-1,99,Pier/C3D8R,0.0,20.0,-30.0,-3.134136e-16,-0.0017288917,-0.0017417934,-1.17032e-15,0.000279928,-0.00278304,0.0022626424969755276,92.19613722642312,13.973027457848081
PART-PIER-2,99,Pier/C3D8R,0.0,-10.0,-30.0,1.7459567e-16,0.002230479,-0.0036682945,1.95858e-15,6.71547e-05,-0.00312556,0.0022303660606413332,51.95133797041337,27.1803396892486
PART-PIER-1,145,Pier/C3D8R,0.0,10.0,-30.0,-5.1346666e-16,-0.002230479,-0.0036682945,3.27202e-15,-6.71547e-05,-0.00312556,0.0022303660606413332,51.95133797041337,27.1803396892486
PART-PIER-2,280,Pier/C3D8R,-12.66667,-10.0,-30.0,-0.0006980286,0.0020576513,-0.0036227456,-0.000504628,9.71183e-05,-0.00278292,0.0021415883065110156,50.69581762137068,33.0087874734545
PART-PIER-2,596,Pier/C3D8R,12.66667,-10.0,-30.0,0.0006980286,0.0020576513,-0.0036227456,0.000504628,9.71183e-05,-0.00278292,0.0021415883065110156,50.69581762137068,33.0087874734545
PART-PIER-1,358,Pier/C3D8R,-12.66667,10.0,-30.0,-0.0006980286,-0.0020576513,-0.0036227456,-0.000504628,-9.71183e-05,-0.00278292,0.0021415883065110156,50.69581762137068,33.0087874734545
PART-PIER-1,518,Pier/C3D8R,12.66667,10.0,-30.0,0.0006980286,-0.0020576513,-0.0036227456,0.000504628,-9.71183e-05,-0.00278292,0.0021415883065110156,50.69581762137068,33.0087874734545
PART-PIER-2,713,Pier/C3D8R,-12.66667,-15.0,-30.0,-0.00054936507,0.0018038484,-0.0030608939,-0.000465458,-0.000125432,-0.00213735,0.0021405832367481894,59.541691802949885,39.054864998639296
PART-PIER-2,791,Pier/C3D8R,12.66667,-15.0,-30.0,0.00054936507,0.0018038484,-0.0030608939,0.000465458,-0.000125432,-0.00213735,0.0021405832367481894,59.541691802949885,39.054864998639296
PART-PIER-1,713,Pier/C3D8R,-12.66667,15.0,-30.0,-0.00054936507,-0.0018038484,-0.0030608939,-0.000465458,0.000125432,-0.00213735,0.0021405832367481894,59.541691802949885,39.054864998639296
PART-PIER-1,791,Pier/C3D8R,12.66667,15.0,-30.0,0.00054936507,-0.0018038484,-0.0030608939,0.000465458,0.000125432,-0.00213735,0.0021405832367481894,59.541691802949885,39.054864998639296
PART-SUPPORTBEAM-2,31,SupportBeam/B31,-242.30769,10.0,-30.0,-0.00455159,0.0016728193,-0.041137397,-0.00335581,0.00145779,-0.0395402,0.0020067799244230782,4.844693693128792,4.13572024633567
PART-SUPPORTBEAM-2,321,SupportBeam/B31,242.30769,10.0,-30.0,0.00455159,0.0016728193,-0.041137397,0.00335581,0.00145779,-0.0395402,0.0020067799244230782,4.844693693128792,4.13572024633567
PART-SUPPORTBEAM-1,31,SupportBeam/B31,-242.30769,-10.0,-30.0,-0.00455159,-0.0016728193,-0.041137397,-0.00335581,-0.00145779,-0.0395402,0.0020067799244230782,4.844693693128792,4.13572024633567
PART-SUPPORTBEAM-1,321,SupportBeam/B31,242.30769,-10.0,-30.0,0.00455159,-0.0016728193,-0.041137397,0.00335581,-0.00145779,-0.0395402,0.0020067799244230782,4.844693693128792,4.13572024633567
PART-PIER-2,358,Pier/C3D8R,-12.66667,-20.0,-30.0,-0.00041236015,0.0015733141,-0.0017564136,-0.000425364,-0.000252225,-0.00257509,0.0020007481484836096,83.5799231224893,9.538332133567053
PART-PIER-2,518,Pier/C3D8R,12.66667,-20.0,-30.0,0.00041236015,0.0015733141,-0.0017564136,0.000425364,-0.000252225,-0.00257509,0.0020007481484836096,83.5799231224893,9.538332133567053
PART-PIER-1,280,Pier/C3D8R,-12.66667,20.0,-30.0,-0.00041236015,-0.0015733141,-0.0017564136,-0.000425364,0.000252225,-0.00257509,0.0020007481484836096,83.5799231224893,9.538332133567053
PART-PIER-1,596,Pier/C3D8R,12.66667,20.0,-30.0,0.00041236015,-0.0015733141,-0.0017564136,0.000425364,0.000252225,-0.00257509,0.0020007481484836096,83.5799231224893,9.538332133567053
PART-PIER-2,357,Pier/C3D8R,-6.33333,-20.0,-30.0,-0.00020324046,0.0016879748,-0.0016574013,-0.000211471,-0.000285004,-0.00174995,0.0019751653978616127,83.18757614569407,24.79742658636461
PART-PIER-2,517,Pier/C3D8R,6.33333,-20.0,-30.0,0.00020324046,0.0016879748,-0.0016574013,0.000211471,-0.000285004,-0.00174995,0.0019751653978616127,83.18757614569407,24.79742658636461
PART-PIER-1,279,Pier/C3D8R,-6.33333,20.0,-30.0,-0.00020324046,-0.0016879748,-0.0016574013,-0.000211471,0.000285004,-0.00174995,0.0019751653978616127,83.18757614569407,24.79742658636461
PART-PIER-1,595,Pier/C3D8R,6.33333,20.0,-30.0,0.00020324046,-0.0016879748,-0.0016574013,0.000211471,0.000285004,-0.00174995,0.0019751653978616127,83.18757614569407,24.79742658636461
PART-PIER-2,712,Pier/C3D8R,-6.33333,-15.0,-30.0,-0.00026821744,0.0019331578,-0.0029680307,-0.000227569,-3.97562e-05,-0.00288978,0.0019748835710291695,55.595802505181666,18.38901687667392
PART-PIER-2,790,Pier/C3D8R,6.33333,-15.0,-30.0,0.00026821744,0.0019331578,-0.0029680307,0.000227569,-3.97562e-05,-0.00288978,0.0019748835710291695,55.595802505181666,18.38901687667392
PART-PIER-1,712,Pier/C3D8R,-6.33333,15.0,-30.0,-0.00026821744,-0.0019331578,-0.0029680307,-0.000227569,3.97562e-05,-0.00288978,0.0019748835710291695,55.595802505181666,18.38901687667392
PART-PIER-1,790,Pier/C3D8R,6.33333,15.0,-30.0,0.00026821744,-0.0019331578,-0.0029680307,0.000227569,3.97562e-05,-0.00288978,0.0019748835710291695,55.595802505181666,18.38901687667392
PART-PIER-2,100,Pier/C3D8R,0.0,-10.0,-35.0,1.2554595e-16,0.001402039,-0.0029662952,-2.36374e-16,0.000152436,-0.0016963,0.0017816833236105794,54.30391636922265,48.09014328091323
PART-PIER-1,144,Pier/C3D8R,0.0,10.0,-35.0,-2.8216806e-16,-0.001402039,-0.0029662952,-1.27799e-16,-0.000152436,-0.0016963,0.0017816833236105794,54.30391636922265,48.09014328091323
PART-CABLE250-2,1,Cable/T3D2,-250.0,10.0,0.0,0.0006753377,-0.0004848805,-0.0020286278,0.00123561,-0.000759354,-0.000373666,0.0017686546615461088,80.67289225194676,31.68800326265272
PART-CABLE250-4,1,Cable/T3D2,250.0,10.0,0.0,-0.0006753377,-0.0004848805,-0.0020286278,-0.00123561,-0.000759354,-0.000373666,0.0017686546615461088,80.67289225194676,31.68800326265272
PART-RIVERBANK-2,3,RiverBank/C3D8R,250.0,-10.0,0.0,-0.0006753377,0.0004848805,-0.0020286278,-0.00123561,0.000759354,-0.000373666,0.0017686546615461088,80.67289225194676,31.68800326265272
PART-RIVERBANK-2,4,RiverBank/C3D8R,250.0,10.0,0.0,-0.0006753377,-0.0004848805,-0.0020286278,-0.00123561,-0.000759354,-0.000373666,0.0017686546615461088,80.67289225194676,31.68800326265272
PART-CABLE250-1,1,Cable/T3D2,-250.0,-10.0,0.0,0.0006753377,0.0004848805,-0.0020286278,0.00123561,0.000759354,-0.000373666,0.0017686546615461088,80.67289225194676,31.68800326265272
PART-CABLE250-3,1,Cable/T3D2,250.0,-10.0,0.0,-0.0006753377,0.0004848805,-0.0020286278,-0.00123561,0.000759354,-0.000373666,0.0017686546615461088,80.67289225194676,31.68800326265272
PART-FLOOR-1,19,Floor/S4R,-250.0,10.0,0.0,0.0006753377,-0.0004848805,-0.0020286278,0.00123561,-0.000759354,-0.000373666,0.0017686546615461088,80.67289225194676,31.68800326265272
PART-FLOOR-1,20,Floor/S4R,-250.0,-10.0,0.0,0.0006753377,0.0004848805,-0.0020286278,0.00123561,0.000759354,-0.000373666,0.0017686546615461088,80.67289225194676,31.68800326265272
PART-FLOOR-1,21,Floor/S4R,250.0,-10.0,0.0,-0.0006753377,0.0004848805,-0.0020286278,-0.00123561,0.000759354,-0.000373666,0.0017686546615461088,80.67289225194676,31.68800326265272
PART-FLOOR-1,22,Floor/S4R,250.0,10.0,0.0,-0.0006753377,-0.0004848805,-0.0020286278,-0.00123561,-0.000759354,-0.000373666,0.0017686546615461088,80.67289225194676,31.68800326265272
PART-RIVERBANK-1,6,RiverBank/C3D8R,-250.0,-10.0,0.0,0.0006753377,0.0004848805,-0.0020286278,0.00123561,0.000759354,-0.000373666,0.0017686546615461088,80.67289225194676,31.68800326265272
PART-RIVERBANK-1,7,RiverBank/C3D8R,-250.0,10.0,0.0,0.0006753377,-0.0004848805,-0.0020286278,0.00123561,-0.000759354,-0.000373666,0.0017686546615461088,80.67289225194676,31.68800326265272
PART-PIER-2,138,Pier/C3D8R,-19.0,-20.0,-30.0,-0.0005554981,0.0013504245,-0.0016210374,-0.000623773,-0.000333015,-0.00176029,0.001690568336015146,77.4871807166347,13.050982428404456
PART-PIER-2,194,Pier/C3D8R,19.0,-20.0,-30.0,0.0005554981,0.0013504245,-0.0016210374,0.000623773,-0.000333015,-0.00176029,0.001690568336015146,77.4871807166347,13.050982428404456
PART-PIER-1,28,Pier/C3D8R,-19.0,20.0,-30.0,-0.0005554981,-0.0013504245,-0.0016210374,-0.000623773,0.000333015,-0.00176029,0.001690568336015146,77.4871807166347,13.050982428404456
PART-PIER-1,265,Pier/C3D8R,19.0,20.0,-30.0,0.0005554981,-0.0013504245,-0.0016210374,0.000623773,0.000333015,-0.00176029,0.001690568336015146,77.4871807166347,13.050982428404456
PART-PIER-2,471,Pier/C3D8R,-19.0,-15.0,-30.0,-0.00078396377,0.00156905,-0.002901238,-0.000646306,-0.000100252,-0.00274456,0.0016822802455385883,49.62133393121334,16.778266499125074
PART-PIER-2,670,Pier/C3D8R,19.0,-15.0,-30.0,0.00078396377,0.00156905,-0.002901238,0.000646306,-0.000100252,-0.00274456,0.0016822802455385883,49.62133393121334,16.778266499125074
PART-PIER-1,471,Pier/C3D8R,-19.0,15.0,-30.0,-0.00078396377,-0.00156905,-0.002901238,-0.000646306,0.000100252,-0.00274456,0.0016822802455385883,49.62133393121334,16.778266499125074
PART-PIER-1,670,Pier/C3D8R,19.0,15.0,-30.0,0.00078396377,-0.00156905,-0.002901238,0.000646306,0.000100252,-0.00274456,0.0016822802455385883,49.62133393121334,16.778266499125074
PART-PIER-2,277,Pier/C3D8R,-6.41667,-10.0,-35.0,-0.00032784283,0.0013583401,-0.0031015393,-0.000243016,6.38928e-05,-0.00203812,0.0016773938151721046,49.309281131310165,39.63306138676129
PART-PIER-2,593,Pier/C3D8R,6.41667,-10.0,-35.0,0.00032784283,0.0013583401,-0.0031015393,0.000243016,6.38928e-05,-0.00203812,0.0016773938151721046,49.309281131310165,39.63306138676129
PART-PIER-1,355,Pier/C3D8R,-6.41667,10.0,-35.0,-0.00032784283,-0.0013583401,-0.0031015393,-0.000243016,-6.38928e-05,-0.00203812,0.0016773938151721046,49.309281131310165,39.63306138676129
PART-PIER-1,515,Pier/C3D8R,6.41667,10.0,-35.0,0.00032784283,-0.0013583401,-0.0031015393,0.000243016,-6.38928e-05,-0.00203812,0.0016773938151721046,49.309281131310165,39.63306138676129
PART-RIVERBANK-2,21,RiverBank/C3D8R,250.0,-5.0,0.0,-0.0017316663,-0.00014069946,-0.0008287429,-0.00133487,1.05872e-05,-0.00237797,0.0016063746650648023,83.45192720231799,41.67087306496094
PART-RIVERBANK-2,23,RiverBank/C3D8R,250.0,5.0,0.0,-0.0017316663,0.00014069946,-0.0008287429,-0.00133487,-1.05872e-05,-0.00237797,0.0016063746650648023,83.45192720231799,41.67087306496094
PART-FLOOR-1,203,Floor/S4R,-250.0,5.0,0.0,0.0017316663,0.00014069946,-0.0008287429,0.00133487,-1.05872e-05,-0.00237797,0.0016063746650648023,83.45192720231799,41.67087306496094
PART-FLOOR-1,205,Floor/S4R,-250.0,-5.0,0.0,0.0017316663,-0.00014069946,-0.0008287429,0.00133487,1.05872e-05,-0.00237797,0.0016063746650648023,83.45192720231799,41.67087306496094
PART-FLOOR-1,224,Floor/S4R,250.0,-5.0,0.0,-0.0017316663,-0.00014069946,-0.0008287429,-0.00133487,1.05872e-05,-0.00237797,0.0016063746650648023,83.45192720231799,41.67087306496094
PART-FLOOR-1,226,Floor/S4R,250.0,5.0,0.0,-0.0017316663,0.00014069946,-0.0008287429,-0.00133487,-1.05872e-05,-0.00237797,0.0016063746650648023,83.45192720231799,41.67087306496094
PART-RIVERBANK-1,37,RiverBank/C3D8R,-250.0,5.0,0.0,0.0017316663,0.00014069946,-0.0008287429,0.00133487,-1.05872e-05,-0.00237797,0.0016063746650648023,83.45192720231799,41.67087306496094
PART-RIVERBANK-1,39,RiverBank/C3D8R,-250.0,-5.0,0.0,0.0017316663,-0.00014069946,-0.0008287429,0.00133487,1.05872e-05,-0.00237797,0.0016063746650648023,83.45192720231799,41.67087306496094
PART-PIER-2,278,Pier/C3D8R,-12.83333,-10.0,-35.0,-0.000627804,0.0012398297,-0.0029530493,-0.000445385,0.000109778,-0.00185205,0.0015882358120991918,48.66347994892253,41.53860351155607
PART-PIER-2,594,Pier/C3D8R,12.83333,-10.0,-35.0,0.000627804,0.0012398297,-0.0029530493,0.000445385,0.000109778,-0.00185205,0.0015882358120991918,48.66347994892253,41.53860351155607
PART-PIER-1,356,Pier/C3D8R,-12.83333,10.0,-35.0,-0.000627804,-0.0012398297,-0.0029530493,-0.000445385,-0.000109778,-0.00185205,0.0015882358120991918,48.66347994892253,41.53860351155607
PART-PIER-1,516,Pier/C3D8R,12.83333,10.0,-35.0,0.000627804,-0.0012398297,-0.0029530493,0.000445385,-0.000109778,-0.00185205,0.0015882358120991918,48.66347994892253,41.53860351155607
PART-SUPPORTBEAM-2,45,SupportBeam/B31,-243.33333,10.0,-26.0,0.010553368,0.0013374506,-0.039350197,0.00981669,0.00130589,-0.0379921,0.00154535368397185,3.7910944441144414,3.682635543081419
PART-SUPPORTBEAM-2,342,SupportBeam/B31,243.33333,10.0,-26.0,-0.010553368,0.0013374506,-0.039350197,-0.00981669,0.00130589,-0.0379921,0.00154535368397185,3.7910944441144414,3.682635543081419
PART-SUPPORTBEAM-1,45,SupportBeam/B31,-243.33333,-10.0,-26.0,0.010553368,-0.0013374506,-0.039350197,0.00981669,-0.00130589,-0.0379921,0.00154535368397185,3.7910944441144414,3.682635543081419
PART-SUPPORTBEAM-1,342,SupportBeam/B31,243.33333,-10.0,-26.0,-0.010553368,-0.0013374506,-0.039350197,-0.00981669,-0.00130589,-0.0379921,0.00154535368397185,3.7910944441144414,3.682635543081419
PART-PIER-2,27,Pier/C3D8R,-19.25,-10.0,-35.0,-0.0010173994,0.0010243377,-0.003040803,-0.000728977,-8.96015e-07,-0.00194325,0.0015293509208168872,45.4334653024881,38.34222462360613
PART-PIER-2,266,Pier/C3D8R,19.25,-10.0,-35.0,0.0010173994,0.0010243377,-0.003040803,0.000728977,-8.96015e-07,-0.00194325,0.0015293509208168872,45.4334653024881,38.34222462360613
PART-PIER-1,139,Pier/C3D8R,-19.25,10.0,-35.0,-0.0010173994,-0.0010243377,-0.003040803,-0.000728977,8.96015e-07,-0.00194325,0.0015293509208168872,45.4334653024881,38.34222462360613
PART-PIER-1,193,Pier/C3D8R,19.25,10.0,-35.0,0.0010173994,-0.0010243377,-0.003040803,0.000728977,8.96015e-07,-0.00194325,0.0015293509208168872,45.4334653024881,38.34222462360613
PART-RIVERBANK-2,22,RiverBank/C3D8R,250.0,0.0,0.0,-0.00069515884,-4.7200845e-17,-0.0017301426,-0.0011642,-1.35102e-19,-0.000300053,0.0015050434790404913,80.71778452849375,35.52175220637075
PART-FLOOR-1,204,Floor/S4R,-250.0,0.0,0.0,0.00069515884,1.3577416e-17,-0.0017301426,0.0011642,-2.10726e-16,-0.000300053,0.0015050434790404913,80.71778452849375,35.52175220637075
PART-FLOOR-1,225,Floor/S4R,250.0,0.0,0.0,-0.00069515884,-4.7200845e-17,-0.0017301426,-0.0011642,-1.35102e-19,-0.000300053,0.0015050434790404913,80.71778452849375,35.52175220637075
PART-RIVERBANK-1,38,RiverBank/C3D8R,-250.0,0.0,0.0,0.00069515884,1.3577416e-17,-0.0017301426,0.0011642,-2.10726e-16,-0.000300053,0.0015050434790404913,80.71778452849375,35.52175220637075
PART-PIER-2,431,Pier/C3D8R,0.0,-15.0,-35.0,1.3504987e-17,0.0010945881,-0.0018206072,-2.21122e-16,-0.000101278,-0.00167339,0.0012048936189992252,56.71903744415534,21.082871922552503
PART-PIER-1,431,Pier/C3D8R,0.0,15.0,-35.0,-2.2758796e-16,-0.0010945881,-0.0018206072,1.64501e-16,0.000101278,-0.00167339,0.0012048936189992252,56.71903744415534,21.082871922552503
PART-PIER-2,355,Pier/C3D8R,-6.41667,-20.0,-35.0,-0.0002206972,0.0009319637,-0.0016683528,-0.000204218,-0.000244596,-0.00191555,0.0012023604897802363,62.50213180898795,0.9440135384373917
PART-PIER-2,515,Pier/C3D8R,6.41667,-20.0,-35.0,0.0002206972,0.0009319637,-0.0016683528,0.000204218,-0.000244596,-0.00191555,0.0012023604897802363,62.50213180898795,0.9440135384373917
PART-PIER-1,277,Pier/C3D8R,-6.41667,20.0,-35.0,-0.0002206972,-0.0009319637,-0.0016683528,-0.000204218,0.000244596,-0.00191555,0.0012023604897802363,62.50213180898795,0.9440135384373917
PART-PIER-1,593,Pier/C3D8R,6.41667,20.0,-35.0,0.0002206972,-0.0009319637,-0.0016683528,0.000204218,0.000244596,-0.00191555,0.0012023604897802363,62.50213180898795,0.9440135384373917
PART-PIER-2,710,Pier/C3D8R,-6.41667,-15.0,-35.0,-0.00026863485,0.001067029,-0.0019485232,-0.000243616,-8.79856e-05,-0.00166452,0.0011896816745158019,53.16454534858177,24.72064709791415
PART-PIER-2,788,Pier/C3D8R,6.41667,-15.0,-35.0,0.00026863485,0.001067029,-0.0019485232,0.000243616,-8.79856e-05,-0.00166452,0.0011896816745158019,53.16454534858177,24.72064709791415
PART-PIER-1,710,Pier/C3D8R,-6.41667,15.0,-35.0,-0.00026863485,-0.001067029,-0.0019485232,-0.000243616,8.79856e-05,-0.00166452,0.0011896816745158019,53.16454534858177,24.72064709791415
PART-PIER-1,788,Pier/C3D8R,6.41667,15.0,-35.0,0.00026863485,-0.001067029,-0.0019485232,0.000243616,8.79856e-05,-0.00166452,0.0011896816745158019,53.16454534858177,24.72064709791415
PART-PIER-2,356,Pier/C3D8R,-12.83333,-20.0,-35.0,-0.00038968088,0.00083184044,-0.0016151466,-0.000431149,-0.000276098,-0.00196971,0.0011640285204519382,62.64642018727803,9.52953381738715
PART-PIER-2,516,Pier/C3D8R,12.83333,-20.0,-35.0,0.00038968088,0.00083184044,-0.0016151466,0.000431149,-0.000276098,-0.00196971,0.0011640285204519382,62.64642018727803,9.52953381738715
PART-PIER-1,278,Pier/C3D8R,-12.83333,20.0,-35.0,-0.00038968088,-0.00083184044,-0.0016151466,-0.000431149,0.000276098,-0.00196971,0.0011640285204519382,62.64642018727803,9.52953381738715
PART-PIER-1,594,Pier/C3D8R,12.83333,20.0,-35.0,0.00038968088,-0.00083184044,-0.0016151466,0.000431149,0.000276098,-0.00196971,0.0011640285204519382,62.64642018727803,9.52953381738715
PART-PIER-2,144,Pier/C3D8R,0.0,-20.0,-35.0,-8.3889825e-17,0.0009549415,-0.0015490698,-2.19033e-15,-0.000181274,-0.00175778,0.0011552253503210057,63.48225276068327,2.8937173405507663
PART-PIER-1,100,Pier/C3D8R,0.0,20.0,-35.0,-1.4987466e-16,-0.0009549415,-0.0015490698,-2.37264e-15,0.000181274,-0.00175778,0.0011552253503210057,63.48225276068327,2.8937173405507663
PART-PIER-2,711,Pier/C3D8R,-12.83333,-15.0,-35.0,-0.0005054261,0.0009666691,-0.0018413502,-0.000404055,-6.55248e-05,-0.00150017,0.0010918352787781037,51.01546533964893,27.342805809493143
PART-PIER-2,789,Pier/C3D8R,12.83333,-15.0,-35.0,0.0005054261,0.0009666691,-0.0018413502,0.000404055,-6.55248e-05,-0.00150017,0.0010918352787781037,51.01546533964893,27.342805809493143
PART-PIER-1,711,Pier/C3D8R,-12.83333,15.0,-35.0,-0.0005054261,-0.0009666691,-0.0018413502,-0.000404055,6.55248e-05,-0.00150017,0.0010918352787781037,51.01546533964893,27.342805809493143
PART-PIER-1,789,Pier/C3D8R,12.83333,15.0,-35.0,0.0005054261,-0.0009666691,-0.0018413502,0.000404055,6.55248e-05,-0.00150017,0.0010918352787781037,51.01546533964893,27.342805809493143
PART-SUPPORTBEAM-2,32,SupportBeam/B31,-246.15384,10.0,-30.0,-0.0042735515,0.0016340393,-0.022084057,-0.00358475,0.00150627,-0.0214478,0.0009463590600156698,4.196151486132338,3.3503567339081575
PART-SUPPORTBEAM-2,322,SupportBeam/B31,246.15384,10.0,-30.0,0.0042735515,0.0016340393,-0.022084057,0.00358475,0.00150627,-0.0214478,0.0009463590600156698,4.196151486132338,3.3503567339081575
PART-SUPPORTBEAM-1,32,SupportBeam/B31,-246.15384,-10.0,-30.0,-0.0042735515,-0.0016340393,-0.022084057,-0.00358475,-0.00150627,-0.0214478,0.0009463590600156698,4.196151486132338,3.3503567339081575
PART-SUPPORTBEAM-1,322,SupportBeam/B31,246.15384,-10.0,-30.0,0.0042735515,-0.0016340393,-0.022084057,0.00358475,-0.00150627,-0.0214478,0.0009463590600156698,4.196151486132338,3.3503567339081575
PART-PIER-2,470,Pier/C3D8R,-19.25,-15.0,-35.0,-0.00080585893,0.00076335383,-0.0019251901,-0.000688145,-0.000145292,-0.00170582,0.0009421343080826871,42.395172488451664,16.971216741513572
PART-PIER-2,669,Pier/C3D8R,19.25,-15.0,-35.0,0.00080585893,0.00076335383,-0.0019251901,0.000688145,-0.000145292,-0.00170582,0.0009421343080826871,42.395172488451664,16.971216741513572
PART-PIER-1,470,Pier/C3D8R,-19.25,15.0,-35.0,-0.00080585893,-0.00076335383,-0.0019251901,-0.000688145,0.000145292,-0.00170582,0.0009421343080826871,42.395172488451664,16.971216741513572
PART-PIER-1,669,Pier/C3D8R,19.25,15.0,-35.0,0.00080585893,-0.00076335383,-0.0019251901,0.000688145,0.000145292,-0.00170582,0.0009421343080826871,42.395172488451664,16.971216741513572
PART-PIER-2,139,Pier/C3D8R,-19.25,-20.0,-35.0,-0.00060231984,0.0006343464,-0.0017090177,-0.000624949,-0.000258062,-0.0018506,0.000903853073760418,47.07870745011779,2.623686293513657
PART-PIER-2,193,Pier/C3D8R,19.25,-20.0,-35.0,0.00060231984,0.0006343464,-0.0017090177,0.000624949,-0.000258062,-0.0018506,0.000903853073760418,47.07870745011779,2.623686293513657
PART-PIER-1,27,Pier/C3D8R,-19.25,20.0,-35.0,-0.00060231984,-0.0006343464,-0.0017090177,-0.000624949,0.000258062,-0.0018506,0.000903853073760418,47.07870745011779,2.623686293513657
PART-PIER-1,266,Pier/C3D8R,19.25,20.0,-35.0,0.00060231984,-0.0006343464,-0.0017090177,0.000624949,0.000258062,-0.0018506,0.000903853073760418,47.07870745011779,2.623686293513657
PART-PIER-2,275,Pier/C3D8R,-6.5,-10.0,-40.0,-0.00021999345,0.0007114851,-0.0015457,-0.000170284,0.000149375,-0.00086782,0.0008820204580061124,51.407295280726075,47.72574902527513
PART-PIER-2,591,Pier/C3D8R,6.5,-10.0,-40.0,0.00021999345,0.0007114851,-0.0015457,0.000170284,0.000149375,-0.00086782,0.0008820204580061124,51.407295280726075,47.72574902527513
PART-PIER-1,353,Pier/C3D8R,-6.5,10.0,-40.0,-0.00021999345,-0.0007114851,-0.0015457,-0.000170284,-0.000149375,-0.00086782,0.0008820204580061124,51.407295280726075,47.72574902527513
PART-PIER-1,513,Pier/C3D8R,6.5,10.0,-40.0,0.00021999345,-0.0007114851,-0.0015457,0.000170284,-0.000149375,-0.00086782,0.0008820204580061124,51.407295280726075,47.72574902527513
PART-PIER-2,276,Pier/C3D8R,-13.0,-10.0,-40.0,-0.0005907005,0.00062190363,-0.0016867768,-0.00042901,6.26819e-05,-0.00103759,0.0008719611587614915,46.078741375872085,40.57418019858922
PART-PIER-2,592,Pier/C3D8R,13.0,-10.0,-40.0,0.0005907005,0.00062190363,-0.0016867768,0.00042901,6.26819e-05,-0.00103759,0.0008719611587614915,46.078741375872085,40.57418019858922
PART-PIER-1,354,Pier/C3D8R,-13.0,10.0,-40.0,-0.0005907005,-0.00062190363,-0.0016867768,-0.00042901,-6.26819e-05,-0.00103759,0.0008719611587614915,46.078741375872085,40.57418019858922
PART-PIER-1,514,Pier/C3D8R,13.0,10.0,-40.0,0.0005907005,-0.00062190363,-0.0016867768,0.00042901,-6.26819e-05,-0.00103759,0.0008719611587614915,46.078741375872085,40.57418019858922
PART-PIER-2,101,Pier/C3D8R,0.0,-10.0,-40.0,7.199443e-17,0.00072079676,-0.0017196669,6.62198e-16,0.000112264,-0.00112583,0.0008502672425742553,45.600064278456834,39.321987891272066
PART-PIER-1,143,Pier/C3D8R,0.0,10.0,-40.0,-1.4172815e-16,-0.00072079676,-0.0017196669,9.60828e-16,-0.000112264,-0.00112583,0.0008502672425742553,45.600064278456834,39.321987891272066
PART-RIVERBANK-2,20,RiverBank/C3D8R,250.0,-10.0,-5.0,-0.0006765762,-0.00038644212,-0.00046892322,-0.000478855,-0.000644318,-0.00120292,0.0008027109787872486,88.2696110975872,59.0293341213612
PART-RIVERBANK-2,24,RiverBank/C3D8R,250.0,10.0,-5.0,-0.0006765762,0.00038644212,-0.00046892322,-0.000478855,0.000644318,-0.00120292,0.0008027109787872486,88.2696110975872,59.0293341213612
PART-RIVERBANK-1,32,RiverBank/C3D8R,-250.0,-10.0,-5.0,0.0006765762,-0.00038644212,-0.00046892322,0.000478855,-0.000644318,-0.00120292,0.0008027109787872486,88.2696110975872,59.0293341213612
PART-RIVERBANK-1,44,RiverBank/C3D8R,-250.0,10.0,-5.0,0.0006765762,0.00038644212,-0.00046892322,0.000478855,0.000644318,-0.00120292,0.0008027109787872486,88.2696110975872,59.0293341213612
PART-RIVERBANK-2,130,RiverBank/C3D8R,250.0,0.0,-5.0,-0.00060580415,-2.7385603e-17,-0.00053644716,-0.000455587,-3.38203e-17,-0.0012877,0.0007661240250522026,94.67891983555269,68.80243376139768
PART-RIVERBANK-1,145,RiverBank/C3D8R,-250.0,0.0,-5.0,0.00060580415,1.6093734e-17,-0.00053644716,0.000455587,-1.94282e-16,-0.0012877,0.0007661240250522026,94.67891983555269,68.80243376139768
PART-PIER-2,26,Pier/C3D8R,-19.5,-10.0,-40.0,-0.00085226196,0.00041211312,-0.0015944524,-0.000556391,8.24743e-05,-0.000977464,0.0007595235759058925,40.95989963655946,39.182503043732204
PART-PIER-2,267,Pier/C3D8R,19.5,-10.0,-40.0,0.00085226196,0.00041211312,-0.0015944524,0.000556391,8.24743e-05,-0.000977464,0.0007595235759058925,40.95989963655946,39.182503043732204
PART-PIER-1,140,Pier/C3D8R,-19.5,10.0,-40.0,-0.00085226196,-0.00041211312,-0.0015944524,-0.000556391,-8.24743e-05,-0.000977464,0.0007595235759058925,40.95989963655946,39.182503043732204
PART-PIER-1,192,Pier/C3D8R,19.5,10.0,-40.0,0.00085226196,-0.00041211312,-0.0015944524,0.000556391,-8.24743e-05,-0.000977464,0.0007595235759058925,40.95989963655946,39.182503043732204
PART-RIVERBANK-2,129,RiverBank/C3D8R,250.0,5.0,-5.0,0.0001160039,-0.00017100759,-0.0013193822,-0.00012429,-0.00015842,-0.000619727,0.0007398763441861472,55.402103100049324,51.20667597582936
PART-RIVERBANK-2,131,RiverBank/C3D8R,250.0,-5.0,-5.0,0.0001160039,0.00017100759,-0.0013193822,-0.00012429,0.00015842,-0.000619727,0.0007398763441861472,55.402103100049324,51.20667597582936
PART-RIVERBANK-1,144,RiverBank/C3D8R,-250.0,5.0,-5.0,-0.0001160039,-0.00017100759,-0.0013193822,0.00012429,-0.00015842,-0.000619727,0.0007398763441861472,55.402103100049324,51.20667597582936
PART-RIVERBANK-1,146,RiverBank/C3D8R,-250.0,-5.0,-5.0,-0.0001160039,0.00017100759,-0.0013193822,0.00012429,0.00015842,-0.000619727,0.0007398763441861472,55.402103100049324,51.20667597582936
PART-PIER-2,143,Pier/C3D8R,0.0,-20.0,-40.0,-4.7384648e-17,0.00032887072,-0.00072146446,-7.35759e-16,-0.000287123,-0.00111297,0.0007298800250247502,92.05368422773758,44.96542046823224
PART-PIER-1,101,Pier/C3D8R,0.0,20.0,-40.0,-6.0656e-17,-0.00032887072,-0.00072146446,-7.05153e-16,0.000287123,-0.00111297,0.0007298800250247502,92.05368422773758,44.96542046823224
PART-RIVERBANK-2,45,RiverBank/C3D8R,255.0,10.0,0.0,-0.0007005666,0.0001230108,-0.00037791178,-0.000474943,0.00011709,-0.00106201,0.0007203689605728222,89.43732596402832,45.168131907631704
PART-RIVERBANK-2,71,RiverBank/C3D8R,255.0,-10.0,0.0,-0.0007005666,-0.0001230108,-0.00037791178,-0.000474943,-0.00011709,-0.00106201,0.0007203689605728222,89.43732596402832,45.168131907631704
PART-RIVERBANK-1,53,RiverBank/C3D8R,-255.0,10.0,0.0,0.0007005666,0.0001230108,-0.00037791178,0.000474943,0.00011709,-0.00106201,0.0007203689605728222,89.43732596402832,45.168131907631704
PART-RIVERBANK-1,63,RiverBank/C3D8R,-255.0,-10.0,0.0,0.0007005666,-0.0001230108,-0.00037791178,0.000474943,-0.00011709,-0.00106201,0.0007203689605728222,89.43732596402832,45.168131907631704
PART-RIVERBANK-2,264,RiverBank/C3D8R,255.0,5.0,0.0,-0.0005337855,-8.2121725e-05,-0.00072683615,-0.000821493,2.01775e-05,-8.88559e-05,0.0007072902773132916,78.10896758262061,8.72280632123418
PART-RIVERBANK-2,266,RiverBank/C3D8R,255.0,-5.0,0.0,-0.0005337855,8.2121725e-05,-0.00072683615,-0.000821493,-2.01775e-05,-8.88559e-05,0.0007072902773132916,78.10896758262061,8.72280632123418
PART-RIVERBANK-1,288,RiverBank/C3D8R,-255.0,5.0,0.0,0.0005337855,-8.2121725e-05,-0.00072683615,0.000821493,2.01775e-05,-8.88559e-05,0.0007072902773132916,78.10896758262061,8.72280632123418
PART-RIVERBANK-1,290,RiverBank/C3D8R,-255.0,-5.0,0.0,0.0005337855,8.2121725e-05,-0.00072683615,0.000821493,-2.01775e-05,-8.88559e-05,0.0007072902773132916,78.10896758262061,8.72280632123418
PART-RIVERBANK-2,265,RiverBank/C3D8R,255.0,0.0,0.0,-0.0005506408,-3.5320036e-17,-0.00056623627,-0.000354805,3.39821e-17,-0.00121223,0.0006750255993375013,85.46484932825153,59.91914922624415
PART-RIVERBANK-1,289,RiverBank/C3D8R,-255.0,0.0,0.0,0.0005506408,1.1098394e-17,-0.00056623627,0.000354805,-1.65503e-16,-0.00121223,0.0006750255993375013,85.46484932825153,59.91914922624415
PART-PIER-2,430,Pier/C3D8R,0.0,-15.0,-40.0,9.493525e-18,0.00052676507,-0.0016799361,-5.09845e-16,-3.82048e-05,-0.00131365,0.0006733175039021538,38.24392018816442,25.354134517714478
PART-PIER-1,430,Pier/C3D8R,0.0,15.0,-40.0,-1.1082891e-16,-0.00052676507,-0.0016799361,-4.95387e-16,3.82048e-05,-0.00131365,0.0006733175039021538,38.24392018816442,25.354134517714478
PART-PIER-2,353,Pier/C3D8R,-6.5,-20.0,-40.0,-0.00015455141,0.00030690513,-0.00061825785,-0.000169293,-0.000228715,-0.000956973,0.0006339039288223947,89.61890977576599,41.147521041945225
PART-PIER-2,513,Pier/C3D8R,6.5,-20.0,-40.0,0.00015455141,0.00030690513,-0.00061825785,0.000169293,-0.000228715,-0.000956973,0.0006339039288223947,89.61890977576599,41.147521041945225
PART-PIER-1,275,Pier/C3D8R,-6.5,20.0,-40.0,-0.00015455141,-0.00030690513,-0.00061825785,-0.000169293,0.000228715,-0.000956973,0.0006339039288223947,89.61890977576599,41.147521041945225
PART-PIER-1,591,Pier/C3D8R,6.5,20.0,-40.0,0.00015455141,-0.00030690513,-0.00061825785,0.000169293,0.000228715,-0.000956973,0.0006339039288223947,89.61890977576599,41.147521041945225
PART-PIER-2,708,Pier/C3D8R,-6.5,-15.0,-40.0,-0.00019004439,0.000507505,-0.0015543931,-0.000144926,-5.19136e-05,-0.00127815,0.0006255358418506186,37.99988559832949,21.79413902551438
PART-PIER-2,786,Pier/C3D8R,6.5,-15.0,-40.0,0.00019004439,0.000507505,-0.0015543931,0.000144926,-5.19136e-05,-0.00127815,0.0006255358418506186,37.99988559832949,21.79413902551438
PART-PIER-1,708,Pier/C3D8R,-6.5,15.0,-40.0,-0.00019004439,-0.000507505,-0.0015543931,-0.000144926,5.19136e-05,-0.00127815,0.0006255358418506186,37.99988559832949,21.79413902551438
PART-PIER-1,786,Pier/C3D8R,6.5,15.0,-40.0,0.00019004439,-0.000507505,-0.0015543931,0.000144926,5.19136e-05,-0.00127815,0.0006255358418506186,37.99988559832949,21.79413902551438
PART-RIVERBANK-2,81,RiverBank/C3D8R,250.0,10.0,-35.0,-0.001081429,-0.00023581412,0.00026750966,-0.00161404,-0.000496326,0.000354188,0.0005992111911232048,52.62197295063646,51.520131255355295
PART-RIVERBANK-2,89,RiverBank/C3D8R,250.0,-10.0,-35.0,-0.001081429,0.00023581412,0.00026750966,-0.00161404,0.000496326,0.000354188,0.0005992111911232048,52.62197295063646,51.520131255355295
PART-RIVERBANK-1,92,RiverBank/C3D8R,-250.0,10.0,-35.0,0.001081429,-0.00023581412,0.00026750966,0.00161404,-0.000496326,0.000354188,0.0005992111911232048,52.62197295063646,51.520131255355295
PART-RIVERBANK-1,96,RiverBank/C3D8R,-250.0,-10.0,-35.0,0.001081429,0.00023581412,0.00026750966,0.00161404,0.000496326,0.000354188,0.0005992111911232048,52.62197295063646,51.520131255355295
PART-SUPPORTBEAM-2,46,SupportBeam/B31,-246.66667,10.0,-28.0,0.0034647186,0.0014664454,-0.021136794,0.00318323,0.00143035,-0.0206163,0.0005928344742566173,2.7613486244465952,2.6057828884863046
PART-SUPPORTBEAM-2,343,SupportBeam/B31,246.66667,10.0,-28.0,-0.0034647186,0.0014664454,-0.021136794,-0.00318323,0.00143035,-0.0206163,0.0005928344742566173,2.7613486244465952,2.6057828884863046
PART-SUPPORTBEAM-1,46,SupportBeam/B31,-246.66667,-10.0,-28.0,0.0034647186,-0.0014664454,-0.021136794,0.00318323,-0.00143035,-0.0206163,0.0005928344742566173,2.7613486244465952,2.6057828884863046
PART-SUPPORTBEAM-1,343,SupportBeam/B31,246.66667,-10.0,-28.0,-0.0034647186,-0.0014664454,-0.021136794,-0.00318323,-0.00143035,-0.0206163,0.0005928344742566173,2.7613486244465952,2.6057828884863046
PART-PIER-2,709,Pier/C3D8R,-13.0,-15.0,-40.0,-0.00047723964,0.0004364778,-0.0017046762,-0.000416936,-8.31221e-05,-0.00142929,0.0005911498492156618,32.42310228886917,18.212532112233163
PART-PIER-2,787,Pier/C3D8R,13.0,-15.0,-40.0,0.00047723964,0.0004364778,-0.0017046762,0.000416936,-8.31221e-05,-0.00142929,0.0005911498492156618,32.42310228886917,18.212532112233163
PART-PIER-1,709,Pier/C3D8R,-13.0,15.0,-40.0,-0.00047723964,-0.0004364778,-0.0017046762,-0.000416936,8.31221e-05,-0.00142929,0.0005911498492156618,32.42310228886917,18.212532112233163
PART-PIER-1,787,Pier/C3D8R,13.0,15.0,-40.0,0.00047723964,-0.0004364778,-0.0017046762,0.000416936,8.31221e-05,-0.00142929,0.0005911498492156618,32.42310228886917,18.212532112233163
PART-RIVERBANK-2,292,RiverBank/C3D8R,250.0,0.0,-35.0,-0.0006867815,-1.250964e-17,-2.6327154e-05,-0.00126278,4.87976e-18,7.94108e-05,0.0005856234173240993,85.20811977591387,84.09724180517493
PART-RIVERBANK-1,301,RiverBank/C3D8R,-250.0,0.0,-35.0,0.0006867815,3.2676726e-18,-2.6327154e-05,0.00126278,-4.71077e-17,7.94108e-05,0.0005856234173240993,85.20811977591387,84.09724180517493
PART-RIVERBANK-2,291,RiverBank/C3D8R,250.0,-5.0,-35.0,0.00062190025,-0.00015174276,-0.00086315395,0.00114232,-0.000260163,-0.00100056,0.0005490647386313591,51.093576781328,43.36913827296946
PART-RIVERBANK-2,293,RiverBank/C3D8R,250.0,5.0,-35.0,0.00062190025,0.00015174276,-0.00086315395,0.00114232,0.000260163,-0.00100056,0.0005490647386313591,51.093576781328,43.36913827296946
PART-RIVERBANK-1,300,RiverBank/C3D8R,-250.0,-5.0,-35.0,-0.00062190025,-0.00015174276,-0.00086315395,-0.00114232,-0.000260163,-0.00100056,0.0005490647386313591,51.093576781328,43.36913827296946
PART-RIVERBANK-1,302,RiverBank/C3D8R,-250.0,5.0,-35.0,-0.00062190025,0.00015174276,-0.00086315395,-0.00114232,0.000260163,-0.00100056,0.0005490647386313591,51.093576781328,43.36913827296946
PART-RIVERBANK-2,46,RiverBank/C3D8R,260.0,10.0,0.0,-0.0005051981,-0.0001256833,-0.0009892554,-0.000767256,-9.34465e-05,-0.00052298,0.0005358416770575148,47.93389271773949,16.51741944268659
PART-RIVERBANK-2,70,RiverBank/C3D8R,260.0,-10.0,0.0,-0.0005051981,0.0001256833,-0.0009892554,-0.000767256,9.34465e-05,-0.00052298,0.0005358416770575148,47.93389271773949,16.51741944268659
PART-RIVERBANK-1,52,RiverBank/C3D8R,-260.0,10.0,0.0,0.0005051981,-0.0001256833,-0.0009892554,0.000767256,-9.34465e-05,-0.00052298,0.0005358416770575148,47.93389271773949,16.51741944268659
PART-RIVERBANK-1,64,RiverBank/C3D8R,-260.0,-10.0,0.0,0.0005051981,0.0001256833,-0.0009892554,0.000767256,9.34465e-05,-0.00052298,0.0005358416770575148,47.93389271773949,16.51741944268659
PART-RIVERBANK-2,118,RiverBank/C3D8R,250.0,0.0,-25.0,-0.00070443813,-1.5973213e-17,0.00019358855,-0.00122881,-1.03965e-17,0.000291628,0.0005334581443783566,73.02101078084368,72.87439780670768
PART-RIVERBANK-1,133,RiverBank/C3D8R,-250.0,0.0,-25.0,0.00070443813,5.0055693e-18,0.00019358855,0.00122881,-6.4682e-17,0.000291628,0.0005334581443783566,73.02101078084368,72.87439780670768
PART-PIER-2,102,Pier/C3D8R,0.0,-10.0,-45.0,3.18478e-17,0.00059325807,-0.0010094001,1.76712e-16,0.000299984,-0.000582103,0.0005182590971731947,44.26423511065152,44.0692312397491
PART-PIER-1,142,Pier/C3D8R,0.0,10.0,-45.0,-3.2841433e-17,-0.00059325807,-0.0010094001,2.02895e-16,-0.000299984,-0.000582103,0.0005182590971731947,44.26423511065152,44.0692312397491
PART-PIER-2,354,Pier/C3D8R,-13.0,-20.0,-40.0,-0.00040132419,0.00026280285,-0.0007922873,-0.000387362,-0.0001983,-0.00102844,0.0005182459635588189,55.95402877518125,20.57000802833796
PART-PIER-2,514,Pier/C3D8R,13.0,-20.0,-40.0,0.00040132419,0.00026280285,-0.0007922873,0.000387362,-0.0001983,-0.00102844,0.0005182459635588189,55.95402877518125,20.57000802833796
PART-PIER-1,276,Pier/C3D8R,-13.0,20.0,-40.0,-0.00040132419,-0.00026280285,-0.0007922873,-0.000387362,0.0001983,-0.00102844,0.0005182459635588189,55.95402877518125,20.57000802833796
PART-PIER-1,592,Pier/C3D8R,13.0,20.0,-40.0,0.00040132419,-0.00026280285,-0.0007922873,0.000387362,0.0001983,-0.00102844,0.0005182459635588189,55.95402877518125,20.57000802833796
PART-PIER-2,273,Pier/C3D8R,-6.58333,-10.0,-45.0,-0.00014519421,0.00058892695,-0.0011178519,-0.000102373,0.000289718,-0.000708996,0.0005084513730444403,39.978458752278826,39.242866254852466
PART-PIER-2,589,Pier/C3D8R,6.58333,-10.0,-45.0,0.00014519421,0.00058892695,-0.0011178519,0.000102373,0.000289718,-0.000708996,0.0005084513730444403,39.978458752278826,39.242866254852466
PART-PIER-1,351,Pier/C3D8R,-6.58333,10.0,-45.0,-0.00014519421,-0.00058892695,-0.0011178519,-0.000102373,-0.000289718,-0.000708996,0.0005084513730444403,39.978458752278826,39.242866254852466
PART-PIER-1,511,Pier/C3D8R,6.58333,10.0,-45.0,0.00014519421,-0.00058892695,-0.0011178519,0.000102373,-0.000289718,-0.000708996,0.0005084513730444403,39.978458752278826,39.242866254852466
PART-RIVERBANK-2,19,RiverBank/C3D8R,250.0,-10.0,-10.0,-4.5411747e-05,0.00026152018,-0.001334378,-0.000228382,0.000497774,-0.000929362,0.0005033209127420362,36.994695549703465,20.71229278966197
PART-RIVERBANK-2,25,RiverBank/C3D8R,250.0,10.0,-10.0,-4.5411747e-05,-0.00026152018,-0.001334378,-0.000228382,-0.000497774,-0.000929362,0.0005033209127420362,36.994695549703465,20.71229278966197
PART-RIVERBANK-1,33,RiverBank/C3D8R,-250.0,-10.0,-10.0,4.5411747e-05,0.00026152018,-0.001334378,0.000228382,0.000497774,-0.000929362,0.0005033209127420362,36.994695549703465,20.71229278966197
PART-RIVERBANK-1,43,RiverBank/C3D8R,-250.0,10.0,-10.0,4.5411747e-05,-0.00026152018,-0.001334378,0.000228382,-0.000497774,-0.000929362,0.0005033209127420362,36.994695549703465,20.71229278966197
PART-RIVERBANK-2,268,RiverBank/C3D8R,260.0,0.0,0.0,-0.0006514502,-3.369351e-17,-0.00096715277,-0.000874621,3.2488e-17,-0.000525649,0.0004947027237613039,42.42396731093496,12.491870984946976
PART-RIVERBANK-1,286,RiverBank/C3D8R,-260.0,0.0,0.0,0.0006514502,7.01567e-18,-0.00096715277,0.000874621,-1.43779e-16,-0.000525649,0.0004947027237613039,42.42396731093496,12.491870984946976
PART-PIER-2,469,Pier/C3D8R,-19.5,-15.0,-40.0,-0.00066562137,0.0002728379,-0.0016336119,-0.000550027,-6.88734e-05,-0.00130186,0.0004900897816492371,27.456203340612866,20.729956624710475
PART-PIER-2,668,Pier/C3D8R,19.5,-15.0,-40.0,0.00066562137,0.0002728379,-0.0016336119,0.000550027,-6.88734e-05,-0.00130186,0.0004900897816492371,27.456203340612866,20.729956624710475
PART-PIER-1,469,Pier/C3D8R,-19.5,15.0,-40.0,-0.00066562137,-0.0002728379,-0.0016336119,-0.000550027,6.88734e-05,-0.00130186,0.0004900897816492371,27.456203340612866,20.729956624710475
PART-PIER-1,668,Pier/C3D8R,19.5,15.0,-40.0,0.00066562137,-0.0002728379,-0.0016336119,0.000550027,6.88734e-05,-0.00130186,0.0004900897816492371,27.456203340612866,20.729956624710475
PART-RIVERBANK-2,390,RiverBank/C3D8R,255.0,5.0,-25.0,-0.00012515242,6.222396e-05,-0.00045853123,-0.000547827,-6.36791e-05,-0.00024544,0.0004898094051755773,102.1799039824038,25.931291771750026
PART-RIVERBANK-2,392,RiverBank/C3D8R,255.0,-5.0,-25.0,-0.00012515242,-6.222396e-05,-0.00045853123,-0.000547827,6.36791e-05,-0.00024544,0.0004898094051755773,102.1799039824038,25.931291771750026
PART-RIVERBANK-1,510,RiverBank/C3D8R,-255.0,5.0,-25.0,0.00012515242,6.222396e-05,-0.00045853123,0.000547827,-6.36791e-05,-0.00024544,0.0004898094051755773,102.1799039824038,25.931291771750026
PART-RIVERBANK-1,512,RiverBank/C3D8R,-255.0,-5.0,-25.0,0.00012515242,-6.222396e-05,-0.00045853123,0.000547827,6.36791e-05,-0.00024544,0.0004898094051755773,102.1799039824038,25.931291771750026
PART-RIVERBANK-2,525,RiverBank/C3D8R,255.0,-5.0,-35.0,-2.1018155e-05,-5.627866e-08,-0.00041201612,-0.000463123,0.000139333,-0.00025632,0.000489006489487495,118.53212158829874,32.67522484095802
PART-RIVERBANK-2,527,RiverBank/C3D8R,255.0,5.0,-35.0,-2.1018155e-05,5.627866e-08,-0.00041201612,-0.000463123,-0.000139333,-0.00025632,0.000489006489487495,118.53212158829874,32.67522484095802
PART-RIVERBANK-1,597,RiverBank/C3D8R,-255.0,-5.0,-35.0,2.1018155e-05,-5.627866e-08,-0.00041201612,0.000463123,0.000139333,-0.00025632,0.000489006489487495,118.53212158829874,32.67522484095802
PART-RIVERBANK-1,599,RiverBank/C3D8R,-255.0,5.0,-35.0,2.1018155e-05,5.627866e-08,-0.00041201612,0.000463123,-0.000139333,-0.00025632,0.000489006489487495,118.53212158829874,32.67522484095802
PART-RIVERBANK-2,309,RiverBank/C3D8R,255.0,-10.0,-35.0,0.0001535412,-0.00017019612,-0.0006892344,0.000516408,-0.000465535,-0.00083134,0.0004889697026741579,67.31865832735392,49.20551154266707
PART-RIVERBANK-2,336,RiverBank/C3D8R,255.0,10.0,-35.0,0.0001535412,0.00017019612,-0.0006892344,0.000516408,0.000465535,-0.00083134,0.0004889697026741579,67.31865832735392,49.20551154266707
PART-RIVERBANK-1,333,RiverBank/C3D8R,-255.0,-10.0,-35.0,-0.0001535412,-0.00017019612,-0.0006892344,-0.000516408,-0.000465535,-0.00083134,0.0004889697026741579,67.31865832735392,49.20551154266707
PART-RIVERBANK-1,360,RiverBank/C3D8R,-255.0,10.0,-35.0,-0.0001535412,0.00017019612,-0.0006892344,-0.000516408,0.000465535,-0.00083134,0.0004889697026741579,67.31865832735392,49.20551154266707
PART-RIVERBANK-2,267,RiverBank/C3D8R,260.0,5.0,0.0,-0.0006709003,-1.5727815e-05,-0.00070150493,-0.000513158,-9.63952e-05,-0.00115568,0.00048750882496784935,50.2169296659638,30.62921783239131
PART-RIVERBANK-2,269,RiverBank/C3D8R,260.0,-5.0,0.0,-0.0006709003,1.5727815e-05,-0.00070150493,-0.000513158,9.63952e-05,-0.00115568,0.00048750882496784935,50.2169296659638,30.62921783239131
PART-RIVERBANK-1,285,RiverBank/C3D8R,-260.0,5.0,0.0,0.0006709003,-1.5727815e-05,-0.00070150493,0.000513158,-9.63952e-05,-0.00115568,0.00048750882496784935,50.2169296659638,30.62921783239131
PART-RIVERBANK-1,287,RiverBank/C3D8R,-260.0,-5.0,0.0,0.0006709003,1.5727815e-05,-0.00070150493,0.000513158,9.63952e-05,-0.00115568,0.00048750882496784935,50.2169296659638,30.62921783239131
PART-RIVERBANK-2,16,RiverBank/C3D8R,250.0,-10.0,-25.0,-0.0012132392,-5.697489e-05,0.00020149337,-0.00167117,7.70551e-05,0.000296753,0.00048655837565062747,39.519797213315066,38.0030801870052
PART-RIVERBANK-2,28,RiverBank/C3D8R,250.0,10.0,-25.0,-0.0012132392,5.697489e-05,0.00020149337,-0.00167117,-7.70551e-05,0.000296753,0.00048655837565062747,39.519797213315066,38.0030801870052
PART-RIVERBANK-1,36,RiverBank/C3D8R,-250.0,-10.0,-25.0,0.0012132392,-5.697489e-05,0.00020149337,0.00167117,7.70551e-05,0.000296753,0.00048655837565062747,39.519797213315066,38.0030801870052
PART-RIVERBANK-1,40,RiverBank/C3D8R,-250.0,10.0,-25.0,0.0012132392,5.697489e-05,0.00020149337,0.00167117,-7.70551e-05,0.000296753,0.00048655837565062747,39.519797213315066,38.0030801870052
PART-PIER-2,25,Pier/C3D8R,-19.75,-10.0,-45.0,-0.0007252486,0.00040474843,-0.001211226,-0.0005126,0.000232619,-0.00081027,0.000485400537381331,33.051238622192955,32.82078805238862
PART-PIER-2,268,Pier/C3D8R,19.75,-10.0,-45.0,0.0007252486,0.00040474843,-0.001211226,0.0005126,0.000232619,-0.00081027,0.000485400537381331,33.051238622192955,32.82078805238862
PART-PIER-1,141,Pier/C3D8R,-19.75,10.0,-45.0,-0.0007252486,-0.00040474843,-0.001211226,-0.0005126,-0.000232619,-0.00081027,0.000485400537381331,33.051238622192955,32.82078805238862
PART-PIER-1,191,Pier/C3D8R,19.75,10.0,-45.0,0.0007252486,-0.00040474843,-0.001211226,0.0005126,-0.000232619,-0.00081027,0.000485400537381331,33.051238622192955,32.82078805238862
PART-PIER-2,140,Pier/C3D8R,-19.5,-20.0,-40.0,-0.0005129592,0.00014644144,-0.00078307535,-0.00057079,-0.000215687,-0.00109301,0.0004801467439815625,50.67446925952622,32.113970291222266
PART-PIER-2,192,Pier/C3D8R,19.5,-20.0,-40.0,0.0005129592,0.00014644144,-0.00078307535,0.00057079,-0.000215687,-0.00109301,0.0004801467439815625,50.67446925952622,32.113970291222266
PART-PIER-1,26,Pier/C3D8R,-19.5,20.0,-40.0,-0.0005129592,-0.00014644144,-0.00078307535,-0.00057079,0.000215687,-0.00109301,0.0004801467439815625,50.67446925952622,32.113970291222266
PART-PIER-1,267,Pier/C3D8R,19.5,20.0,-40.0,0.0005129592,-0.00014644144,-0.00078307535,0.00057079,0.000215687,-0.00109301,0.0004801467439815625,50.67446925952622,32.113970291222266
PART-RIVERBANK-2,117,RiverBank/C3D8R,250.0,5.0,-25.0,0.0005755127,0.00011422907,-0.0015329559,0.00102031,0.000179106,-0.00165431,0.00046559689831475985,28.365719063925628,18.915325820878135
PART-RIVERBANK-2,119,RiverBank/C3D8R,250.0,-5.0,-25.0,0.0005755127,-0.00011422907,-0.0015329559,0.00102031,-0.000179106,-0.00165431,0.00046559689831475985,28.365719063925628,18.915325820878135
PART-RIVERBANK-1,132,RiverBank/C3D8R,-250.0,5.0,-25.0,-0.0005755127,0.00011422907,-0.0015329559,-0.00102031,0.000179106,-0.00165431,0.00046559689831475985,28.365719063925628,18.915325820878135
PART-RIVERBANK-1,134,RiverBank/C3D8R,-250.0,-5.0,-25.0,-0.0005755127,-0.00011422907,-0.0015329559,-0.00102031,-0.000179106,-0.00165431,0.00046559689831475985,28.365719063925628,18.915325820878135
PART-RIVERBANK-2,147,RiverBank/C3D8R,255.0,10.0,-25.0,-2.2473778e-05,5.009513e-05,-0.0007150191,0.000291107,0.000281672,-0.000950095,0.0004552158057568873,63.47797210519279,44.02559062588554
PART-RIVERBANK-2,192,RiverBank/C3D8R,255.0,-10.0,-25.0,-2.2473778e-05,-5.009513e-05,-0.0007150191,0.000291107,-0.000281672,-0.000950095,0.0004552158057568873,63.47797210519279,44.02559062588554
PART-RIVERBANK-1,187,RiverBank/C3D8R,-255.0,10.0,-25.0,2.2473778e-05,5.009513e-05,-0.0007150191,-0.000291107,0.000281672,-0.000950095,0.0004552158057568873,63.47797210519279,44.02559062588554
PART-RIVERBANK-1,232,RiverBank/C3D8R,-255.0,-10.0,-25.0,2.2473778e-05,-5.009513e-05,-0.0007150191,-0.000291107,-0.000281672,-0.000950095,0.0004552158057568873,63.47797210519279,44.02559062588554
PART-RIVERBANK-2,526,RiverBank/C3D8R,255.0,0.0,-35.0,-0.0002863603,-8.185485e-18,-0.00028733525,0.000128776,4.87213e-18,-0.000454141,0.0004473950221121738,110.28692733722607,16.36358543060104
PART-RIVERBANK-1,598,RiverBank/C3D8R,-255.0,0.0,-35.0,0.0002863603,9.131901e-19,-0.00028733525,-0.000128776,-2.13215e-17,-0.000454141,0.0004473950221121738,110.28692733722607,16.36358543060104
PART-RIVERBANK-2,391,RiverBank/C3D8R,255.0,0.0,-25.0,-0.00041173818,-1.711175e-17,-0.000716336,-2.76215e-05,1.02864e-17,-0.000937077,0.0004430261989264545,53.619826209582435,13.46446170185754
PART-RIVERBANK-1,511,RiverBank/C3D8R,-255.0,0.0,-25.0,0.00041173818,3.119275e-18,-0.000716336,2.76215e-05,-7.19893e-17,-0.000937077,0.0004430261989264545,53.619826209582435,13.46446170185754
PART-PIER-2,274,Pier/C3D8R,-13.16667,-10.0,-45.0,-0.0002868197,0.0005459844,-0.00091994967,-0.000202829,0.000309763,-0.000571487,0.00042927988525899856,38.75933620931005,38.51775626918303
PART-PIER-2,590,Pier/C3D8R,13.16667,-10.0,-45.0,0.0002868197,0.0005459844,-0.00091994967,0.000202829,0.000309763,-0.000571487,0.00042927988525899856,38.75933620931005,38.51775626918303
PART-PIER-1,352,Pier/C3D8R,-13.16667,10.0,-45.0,-0.0002868197,-0.0005459844,-0.00091994967,-0.000202829,-0.000309763,-0.000571487,0.00042927988525899856,38.75933620931005,38.51775626918303
PART-PIER-1,512,Pier/C3D8R,13.16667,10.0,-45.0,0.0002868197,-0.0005459844,-0.00091994967,0.000202829,-0.000309763,-0.000571487,0.00042927988525899856,38.75933620931005,38.51775626918303
PART-RIVERBANK-2,126,RiverBank/C3D8R,250.0,5.0,-10.0,-0.0009285644,0.00015230001,-0.00048574797,-0.000853384,0.000190951,-0.000893124,0.00041605434908278634,39.28927420602049,18.0374015087735
PART-RIVERBANK-2,128,RiverBank/C3D8R,250.0,-5.0,-10.0,-0.0009285644,-0.00015230001,-0.00048574797,-0.000853384,-0.000190951,-0.000893124,0.00041605434908278634,39.28927420602049,18.0374015087735
PART-RIVERBANK-1,141,RiverBank/C3D8R,-250.0,5.0,-10.0,0.0009285644,0.00015230001,-0.00048574797,0.000853384,0.000190951,-0.000893124,0.00041605434908278634,39.28927420602049,18.0374015087735
PART-RIVERBANK-1,143,RiverBank/C3D8R,-250.0,-5.0,-10.0,0.0009285644,-0.00015230001,-0.00048574797,0.000853384,-0.000190951,-0.000893124,0.00041605434908278634,39.28927420602049,18.0374015087735
PART-RIVERBANK-2,237,RiverBank/C3D8R,255.0,5.0,-30.0,0.0015651911,0.00039755445,-0.0010684653,0.00155485,0.000457537,-0.00147821,0.00041424094900408193,21.392763049405346,13.286149846012943
PART-RIVERBANK-2,239,RiverBank/C3D8R,255.0,-5.0,-30.0,0.0015651911,-0.00039755445,-0.0010684653,0.00155485,-0.000457537,-0.00147821,0.00041424094900408193,21.392763049405346,13.286149846012943
PART-RIVERBANK-1,261,RiverBank/C3D8R,-255.0,5.0,-30.0,-0.0015651911,0.00039755445,-0.0010684653,-0.00155485,0.000457537,-0.00147821,0.00041424094900408193,21.392763049405346,13.286149846012943
PART-RIVERBANK-1,263,RiverBank/C3D8R,-255.0,-5.0,-30.0,-0.0015651911,-0.00039755445,-0.0010684653,-0.00155485,-0.000457537,-0.00147821,0.00041424094900408193,21.392763049405346,13.286149846012943
PART-RIVERBANK-2,127,RiverBank/C3D8R,250.0,0.0,-10.0,-0.00022676484,-3.2703618e-17,-0.0013668074,-0.000351887,-2.07964e-17,-0.000976832,0.0004095563056872957,29.560377103219054,25.060496201471437
PART-RIVERBANK-1,142,RiverBank/C3D8R,-250.0,0.0,-10.0,0.00022676484,8.9616375e-18,-0.0013668074,0.000351887,-1.67143e-16,-0.000976832,0.0004095563056872957,29.560377103219054,25.060496201471437
PART-RIVERBANK-2,238,RiverBank/C3D8R,255.0,0.0,-30.0,-0.0016555516,-2.2374001e-17,-9.541583e-06,-0.00170945,3.18934e-17,0.000378492,0.00039175898082670406,23.662957683374554,5.754532661208934
PART-RIVERBANK-1,262,RiverBank/C3D8R,-255.0,0.0,-30.0,0.0016555516,4.0489747e-18,-9.541583e-06,0.00170945,-4.28819e-17,0.000378492,0.00039175898082670406,23.662957683374554,5.754532661208934
PART-RIVERBANK-2,62,RiverBank/C3D8R,255.0,10.0,-30.0,-0.0018690889,-0.0010143006,0.00028533884,-0.00189745,-0.00109098,0.000667382,0.0003906930489276148,18.20880151966287,6.645744536909117
PART-RIVERBANK-2,72,RiverBank/C3D8R,255.0,-10.0,-30.0,-0.0018690889,0.0010143006,0.00028533884,-0.00189745,0.00109098,0.000667382,0.0003906930489276148,18.20880151966287,6.645744536909117
PART-RIVERBANK-1,54,RiverBank/C3D8R,-255.0,10.0,-30.0,0.0018690889,-0.0010143006,0.00028533884,0.00189745,-0.00109098,0.000667382,0.0003906930489276148,18.20880151966287,6.645744536909117
PART-RIVERBANK-1,80,RiverBank/C3D8R,-255.0,-10.0,-30.0,0.0018690889,0.0010143006,0.00028533884,0.00189745,0.00109098,0.000667382,0.0003906930489276148,18.20880151966287,6.645744536909117
PART-RIVERBANK-2,1,RiverBank/C3D8R,250.0,10.0,-30.0,0.003995512,0.0015953254,-0.002298343,0.0038137,0.00155487,-0.00262895,0.00037946440041479505,7.779641432143553,0.1716503484107006
PART-RIVERBANK-2,2,RiverBank/C3D8R,250.0,-10.0,-30.0,0.003995512,-0.0015953254,-0.002298343,0.0038137,-0.00155487,-0.00262895,0.00037946440041479505,7.779641432143553,0.1716503484107006
PART-SUPPORTBEAM-2,2,SupportBeam/B31,-250.0,10.0,-30.0,-0.003995512,0.0015953254,-0.002298343,-0.0038137,0.00155487,-0.00262895,0.00037946440041479505,7.779641432143553,0.1716503484107006
PART-SUPPORTBEAM-2,19,SupportBeam/B31,250.0,10.0,-30.0,0.003995512,0.0015953254,-0.002298343,0.0038137,0.00155487,-0.00262895,0.00037946440041479505,7.779641432143553,0.1716503484107006
PART-RIVERBANK-1,5,RiverBank/C3D8R,-250.0,-10.0,-30.0,-0.003995512,-0.0015953254,-0.002298343,-0.0038137,-0.00155487,-0.00262895,0.00037946440041479505,7.779641432143553,0.1716503484107006
PART-RIVERBANK-1,8,RiverBank/C3D8R,-250.0,10.0,-30.0,-0.003995512,0.0015953254,-0.002298343,-0.0038137,0.00155487,-0.00262895,0.00037946440041479505,7.779641432143553,0.1716503484107006
PART-SUPPORTBEAM-1,2,SupportBeam/B31,-250.0,-10.0,-30.0,-0.003995512,-0.0015953254,-0.002298343,-0.0038137,-0.00155487,-0.00262895,0.00037946440041479505,7.779641432143553,0.1716503484107006
PART-SUPPORTBEAM-1,19,SupportBeam/B31,250.0,-10.0,-30.0,0.003995512,-0.0015953254,-0.002298343,0.0038137,-0.00155487,-0.00262895,0.00037946440041479505,7.779641432143553,0.1716503484107006
PART-RIVERBANK-2,47,RiverBank/C3D8R,265.0,10.0,0.0,-0.0006119155,1.705923e-05,-0.00040502517,-0.000494906,-2.58903e-05,-0.000753649,0.00037023568177762097,50.439846261643716,22.88476278547033
PART-RIVERBANK-2,69,RiverBank/C3D8R,265.0,-10.0,0.0,-0.0006119155,-1.705923e-05,-0.00040502517,-0.000494906,2.58903e-05,-0.000753649,0.00037023568177762097,50.439846261643716,22.88476278547033
PART-RIVERBANK-1,51,RiverBank/C3D8R,-265.0,10.0,0.0,0.0006119155,1.705923e-05,-0.00040502517,0.000494906,-2.58903e-05,-0.000753649,0.00037023568177762097,50.439846261643716,22.88476278547033
PART-RIVERBANK-1,65,RiverBank/C3D8R,-265.0,-10.0,0.0,0.0006119155,-1.705923e-05,-0.00040502517,0.000494906,2.58903e-05,-0.000753649,0.00037023568177762097,50.439846261643716,22.88476278547033
PART-RIVERBANK-2,270,RiverBank/C3D8R,265.0,5.0,0.0,-0.00043481193,-1.9420644e-05,-0.0006924039,-0.000613449,4.19683e-05,-0.000374272,0.0003699833928992355,45.239110241997146,11.983520443548787
PART-RIVERBANK-2,272,RiverBank/C3D8R,265.0,-5.0,0.0,-0.00043481193,1.9420644e-05,-0.0006924039,-0.000613449,-4.19683e-05,-0.000374272,0.0003699833928992355,45.239110241997146,11.983520443548787
PART-RIVERBANK-1,282,RiverBank/C3D8R,-265.0,5.0,0.0,0.00043481193,-1.9420644e-05,-0.0006924039,0.000613449,4.19683e-05,-0.000374272,0.0003699833928992355,45.239110241997146,11.983520443548787
PART-RIVERBANK-1,284,RiverBank/C3D8R,-265.0,-5.0,0.0,0.00043481193,1.9420644e-05,-0.0006924039,0.000613449,-4.19683e-05,-0.000374272,0.0003699833928992355,45.239110241997146,11.983520443548787
PART-RIVERBANK-2,312,RiverBank/C3D8R,260.0,-10.0,-35.0,3.438e-05,-5.3229756e-05,-0.00026839293,-0.000229722,0.000182337,-0.000209344,0.0003587873173211512,130.10291515173543,30.665430148210408
PART-RIVERBANK-2,339,RiverBank/C3D8R,260.0,10.0,-35.0,3.438e-05,5.3229756e-05,-0.00026839293,-0.000229722,-0.000182337,-0.000209344,0.0003587873173211512,130.10291515173543,30.665430148210408
PART-RIVERBANK-1,330,RiverBank/C3D8R,-260.0,-10.0,-35.0,-3.438e-05,-5.3229756e-05,-0.00026839293,0.000229722,0.000182337,-0.000209344,0.0003587873173211512,130.10291515173543,30.665430148210408
PART-RIVERBANK-1,357,RiverBank/C3D8R,-260.0,10.0,-35.0,-3.438e-05,5.3229756e-05,-0.00026839293,0.000229722,-0.000182337,-0.000209344,0.0003587873173211512,130.10291515173543,30.665430148210408
PART-RIVERBANK-2,271,RiverBank/C3D8R,265.0,0.0,0.0,-0.0004947803,-2.677408e-17,-0.00043396084,-0.000402613,3.3036e-17,-0.000770582,0.0003490109117907857,53.031034022549115,32.10568121061066
PART-RIVERBANK-1,283,RiverBank/C3D8R,-265.0,0.0,0.0,0.0004947803,5.8099268e-18,-0.00043396084,0.000402613,-1.20134e-16,-0.000770582,0.0003490109117907857,53.031034022549115,32.10568121061066
PART-RIVERBANK-2,14,RiverBank/C3D8R,250.0,0.0,-30.0,0.002631751,-1.5500164e-17,-0.0017041839,0.00265448,8.27324e-18,-0.00205173,0.00034828852847346246,11.108477647746392,7.005159245536066
PART-RIVERBANK-1,30,RiverBank/C3D8R,-250.0,0.0,-30.0,-0.002631751,1.5445259e-18,-0.0017041839,-0.00265448,-4.6175e-17,-0.00205173,0.00034828852847346246,11.108477647746392,7.005159245536066
PART-RIVERBANK-2,152,RiverBank/C3D8R,260.0,10.0,-25.0,-1.3476952e-05,6.238665e-05,-0.00052093767,-0.000257368,-0.000145778,-0.000435512,0.00033183265345518623,63.22632016997969,0.3100001439260418
PART-RIVERBANK-2,197,RiverBank/C3D8R,260.0,-10.0,-25.0,-1.3476952e-05,-6.238665e-05,-0.00052093767,-0.000257368,0.000145778,-0.000435512,0.00033183265345518623,63.22632016997969,0.3100001439260418
PART-RIVERBANK-1,182,RiverBank/C3D8R,-260.0,10.0,-25.0,1.3476952e-05,6.238665e-05,-0.00052093767,0.000257368,-0.000145778,-0.000435512,0.00033183265345518623,63.22632016997969,0.3100001439260418
PART-RIVERBANK-1,227,RiverBank/C3D8R,-260.0,-10.0,-25.0,1.3476952e-05,-6.238665e-05,-0.00052093767,0.000257368,0.000145778,-0.000435512,0.00033183265345518623,63.22632016997969,0.3100001439260418
PART-RIVERBANK-2,13,RiverBank/C3D8R,250.0,5.0,-30.0,-0.0032911624,-0.0003883058,0.0007450924,-0.00332223,-0.000413862,0.00107372,0.00033108067689002936,9.747075402998496,3.5079647125075692
PART-RIVERBANK-2,15,RiverBank/C3D8R,250.0,-5.0,-30.0,-0.0032911624,0.0003883058,0.0007450924,-0.00332223,0.000413862,0.00107372,0.00033108067689002936,9.747075402998496,3.5079647125075692
PART-RIVERBANK-1,29,RiverBank/C3D8R,-250.0,-5.0,-30.0,0.0032911624,0.0003883058,0.0007450924,0.00332223,0.000413862,0.00107372,0.00033108067689002936,9.747075402998496,3.5079647125075692
PART-RIVERBANK-1,31,RiverBank/C3D8R,-250.0,5.0,-30.0,0.0032911624,-0.0003883058,0.0007450924,0.00332223,-0.000413862,0.00107372,0.00033108067689002936,9.747075402998496,3.5079647125075692
PART-RIVERBANK-2,61,RiverBank/C3D8R,260.0,10.0,-30.0,0.00095342495,0.0008708192,-0.0009105276,0.000872423,0.000930335,-0.00118733,0.00029448771621105424,18.638441680550788,10.286343251007542
PART-RIVERBANK-2,73,RiverBank/C3D8R,260.0,-10.0,-30.0,0.00095342495,-0.0008708192,-0.0009105276,0.000872423,-0.000930335,-0.00118733,0.00029448771621105424,18.638441680550788,10.286343251007542
PART-RIVERBANK-1,55,RiverBank/C3D8R,-260.0,10.0,-30.0,-0.00095342495,0.0008708192,-0.0009105276,-0.000872423,0.000930335,-0.00118733,0.00029448771621105424,18.638441680550788,10.286343251007542
PART-RIVERBANK-1,79,RiverBank/C3D8R,-260.0,-10.0,-30.0,-0.00095342495,-0.0008708192,-0.0009105276,-0.000872423,-0.000930335,-0.00118733,0.00029448771621105424,18.638441680550788,10.286343251007542
PART-RIVERBANK-2,48,RiverBank/C3D8R,270.0,10.0,0.0,-0.00038121227,-5.12123e-05,-0.000763795,-0.000525737,-8.9796e-06,-0.000513302,0.00029226313756589776,34.17573422131674,14.07407991061809
PART-RIVERBANK-2,68,RiverBank/C3D8R,270.0,-10.0,0.0,-0.00038121227,5.12123e-05,-0.000763795,-0.000525737,8.9796e-06,-0.000513302,0.00029226313756589776,34.17573422131674,14.07407991061809
PART-RIVERBANK-1,50,RiverBank/C3D8R,-270.0,10.0,0.0,0.00038121227,-5.12123e-05,-0.000763795,0.000525737,-8.9796e-06,-0.000513302,0.00029226313756589776,34.17573422131674,14.07407991061809
PART-RIVERBANK-1,66,RiverBank/C3D8R,-270.0,-10.0,0.0,0.00038121227,5.12123e-05,-0.000763795,0.000525737,8.9796e-06,-0.000513302,0.00029226313756589776,34.17573422131674,14.07407991061809
PART-RIVERBANK-2,241,RiverBank/C3D8R,260.0,0.0,-30.0,0.0007613499,-1.3627888e-18,-0.0007222065,0.000706643,-2.4046e-17,-0.00100402,0.000287074369615018,27.356103591225157,16.99684374765516
PART-RIVERBANK-1,259,RiverBank/C3D8R,-260.0,0.0,-30.0,-0.0007613499,1.3437766e-18,-0.0007222065,-0.000706643,-4.22284e-17,-0.00100402,0.000287074369615018,27.356103591225157,16.99684374765516
PART-RIVERBANK-2,406,RiverBank/C3D8R,260.0,0.0,-25.0,0.00011227693,-1.4304878e-17,-0.0006004787,-0.00016044,4.71967e-18,-0.000516191,0.00028544516159836186,46.72647860059977,11.513682934359139
PART-RIVERBANK-1,496,RiverBank/C3D8R,-260.0,0.0,-25.0,-0.00011227693,3.5728677e-18,-0.0006004787,0.00016044,-5.90501e-17,-0.000516191,0.00028544516159836186,46.72647860059977,11.513682934359139
PART-RIVERBANK-2,535,RiverBank/C3D8R,260.0,0.0,-35.0,0.00019232585,-6.253326e-18,-0.0005350758,-8.38716e-05,8.69056e-19,-0.000466393,0.000284609132675574,50.05518911854405,16.658089201386062
PART-RIVERBANK-1,589,RiverBank/C3D8R,-260.0,0.0,-35.0,-0.00019232585,1.7122636e-18,-0.0005350758,8.38716e-05,-2.81622e-17,-0.000466393,0.000284609132675574,50.05518911854405,16.658089201386062
PART-RIVERBANK-2,18,RiverBank/C3D8R,250.0,-10.0,-15.0,-0.00076255156,-0.00030869112,-0.00029648043,-0.00072925,-0.000490431,-0.000506346,0.0002796103276924386,31.975294564055435,15.986850312975836
PART-RIVERBANK-2,26,RiverBank/C3D8R,250.0,10.0,-15.0,-0.00076255156,0.00030869112,-0.00029648043,-0.00072925,0.000490431,-0.000506346,0.0002796103276924386,31.975294564055435,15.986850312975836
PART-RIVERBANK-1,34,RiverBank/C3D8R,-250.0,-10.0,-15.0,0.00076255156,-0.00030869112,-0.00029648043,0.00072925,-0.000490431,-0.000506346,0.0002796103276924386,31.975294564055435,15.986850312975836
PART-RIVERBANK-1,42,RiverBank/C3D8R,-250.0,10.0,-15.0,0.00076255156,0.00030869112,-0.00029648043,0.00072925,0.000490431,-0.000506346,0.0002796103276924386,31.975294564055435,15.986850312975836
PART-RIVERBANK-2,240,RiverBank/C3D8R,260.0,5.0,-30.0,-0.0010492023,-0.00032510798,-0.00012180941,-0.00103701,-0.000362527,0.000154638,0.0002792346785998445,25.266659470877673,0.38286785658775296
PART-RIVERBANK-2,242,RiverBank/C3D8R,260.0,-5.0,-30.0,-0.0010492023,0.00032510798,-0.00012180941,-0.00103701,0.000362527,0.000154638,0.0002792346785998445,25.266659470877673,0.38286785658775296
PART-RIVERBANK-1,258,RiverBank/C3D8R,-260.0,5.0,-30.0,0.0010492023,-0.00032510798,-0.00012180941,0.00103701,-0.000362527,0.000154638,0.0002792346785998445,25.266659470877673,0.38286785658775296
PART-RIVERBANK-1,260,RiverBank/C3D8R,-260.0,-5.0,-30.0,0.0010492023,0.00032510798,-0.00012180941,0.00103701,0.000362527,0.000154638,0.0002792346785998445,25.266659470877673,0.38286785658775296
PART-RIVERBANK-2,274,RiverBank/C3D8R,270.0,0.0,0.0,-0.00045513705,-2.2968096e-17,-0.00078455295,-0.000582293,4.01128e-17,-0.00053972,0.00027588368749548235,30.416720204670995,12.46501650119293
PART-RIVERBANK-1,280,RiverBank/C3D8R,-270.0,0.0,0.0,0.00045513705,2.6263758e-18,-0.00078455295,0.000582293,-1.01113e-16,-0.00053972,0.00027588368749548235,30.416720204670995,12.46501650119293
PART-RIVERBANK-2,534,RiverBank/C3D8R,260.0,-5.0,-35.0,-0.00023562,6.7731717e-06,-0.00026994117,-3.85404e-06,-0.000114351,-0.000347002,0.00027262592815985347,76.07332552875,1.9549093831040636
PART-RIVERBANK-2,536,RiverBank/C3D8R,260.0,5.0,-35.0,-0.00023562,-6.7731717e-06,-0.00026994117,-3.85404e-06,0.000114351,-0.000347002,0.00027262592815985347,76.07332552875,1.9549093831040636
PART-RIVERBANK-1,588,RiverBank/C3D8R,-260.0,-5.0,-35.0,0.00023562,6.7731717e-06,-0.00026994117,3.85404e-06,-0.000114351,-0.000347002,0.00027262592815985347,76.07332552875,1.9549093831040636
PART-RIVERBANK-1,590,RiverBank/C3D8R,-260.0,5.0,-35.0,0.00023562,-6.7731717e-06,-0.00026994117,3.85404e-06,0.000114351,-0.000347002,0.00027262592815985347,76.07332552875,1.9549093831040636
PART-RIVERBANK-2,405,RiverBank/C3D8R,260.0,5.0,-25.0,-0.00029345023,-4.2953958e-05,-0.00048658502,-8.92438e-05,7.45893e-05,-0.000592268,0.0002582355045617853,45.316815778881804,5.920158995375212
PART-RIVERBANK-2,407,RiverBank/C3D8R,260.0,-5.0,-25.0,-0.00029345023,4.2953958e-05,-0.00048658502,-8.92438e-05,-7.45893e-05,-0.000592268,0.0002582355045617853,45.316815778881804,5.920158995375212
PART-RIVERBANK-1,495,RiverBank/C3D8R,-260.0,5.0,-25.0,0.00029345023,-4.2953958e-05,-0.00048658502,8.92438e-05,7.45893e-05,-0.000592268,0.0002582355045617853,45.316815778881804,5.920158995375212
PART-RIVERBANK-1,497,RiverBank/C3D8R,-260.0,-5.0,-25.0,0.00029345023,4.2953958e-05,-0.00048658502,8.92438e-05,-7.45893e-05,-0.000592268,0.0002582355045617853,45.316815778881804,5.920158995375212
PART-RIVERBANK-2,273,RiverBank/C3D8R,270.0,5.0,0.0,-0.00052049296,-1.3293107e-05,-0.0005637169,-0.000466851,-5.67993e-05,-0.000805966,0.0002519025112078179,32.82646522673504,21.60184455495298
PART-RIVERBANK-2,275,RiverBank/C3D8R,270.0,-5.0,0.0,-0.00052049296,1.3293107e-05,-0.0005637169,-0.000466851,5.67993e-05,-0.000805966,0.0002519025112078179,32.82646522673504,21.60184455495298
PART-RIVERBANK-1,279,RiverBank/C3D8R,-270.0,5.0,0.0,0.00052049296,-1.3293107e-05,-0.0005637169,0.000466851,-5.67993e-05,-0.000805966,0.0002519025112078179,32.82646522673504,21.60184455495298
PART-RIVERBANK-1,281,RiverBank/C3D8R,-270.0,-5.0,0.0,0.00052049296,1.3293107e-05,-0.0005637169,0.000466851,5.67993e-05,-0.000805966,0.0002519025112078179,32.82646522673504,21.60184455495298
PART-RIVERBANK-2,315,RiverBank/C3D8R,265.0,-10.0,-35.0,-0.0001878979,-1.4290165e-05,-0.00038110517,-6.16318e-05,-0.000199092,-0.000395042,0.0002242522719149711,52.74684902506191,5.056976732597345
PART-RIVERBANK-2,342,RiverBank/C3D8R,265.0,10.0,-35.0,-0.0001878979,1.4290165e-05,-0.00038110517,-6.16318e-05,0.000199092,-0.000395042,0.0002242522719149711,52.74684902506191,5.056976732597345
PART-RIVERBANK-1,327,RiverBank/C3D8R,-265.0,-10.0,-35.0,0.0001878979,-1.4290165e-05,-0.00038110517,6.16318e-05,-0.000199092,-0.000395042,0.0002242522719149711,52.74684902506191,5.056976732597345
PART-RIVERBANK-1,354,RiverBank/C3D8R,-265.0,10.0,-35.0,0.0001878979,1.4290165e-05,-0.00038110517,6.16318e-05,0.000199092,-0.000395042,0.0002242522719149711,52.74684902506191,5.056976732597345
PART-RIVERBANK-2,82,RiverBank/C3D8R,250.0,10.0,-40.0,0.00041012975,0.00022068698,-0.0006343794,0.000582789,0.000353438,-0.000681954,0.00022292911987168232,28.32696202325519,22.514236553047052
PART-RIVERBANK-2,88,RiverBank/C3D8R,250.0,-10.0,-40.0,0.00041012975,-0.00022068698,-0.0006343794,0.000582789,-0.000353438,-0.000681954,0.00022292911987168232,28.32696202325519,22.514236553047052
PART-RIVERBANK-1,91,RiverBank/C3D8R,-250.0,10.0,-40.0,-0.00041012975,0.00022068698,-0.0006343794,-0.000582789,0.000353438,-0.000681954,0.00022292911987168232,28.32696202325519,22.514236553047052
PART-RIVERBANK-1,97,RiverBank/C3D8R,-250.0,-10.0,-40.0,-0.00041012975,-0.00022068698,-0.0006343794,-0.000582789,-0.000353438,-0.000681954,0.00022292911987168232,28.32696202325519,22.514236553047052
PART-RIVERBANK-2,394,RiverBank/C3D8R,255.0,0.0,-20.0,2.7111682e-05,-1.816429e-17,-0.0006659463,-0.000129073,-7.54198e-18,-0.000508483,0.00022178445783762923,33.27609000600791,21.288701907161368
PART-RIVERBANK-1,514,RiverBank/C3D8R,-255.0,0.0,-20.0,-2.7111682e-05,5.978441e-18,-0.0006659463,0.000129073,-8.51387e-17,-0.000508483,0.00022178445783762923,33.27609000600791,21.288701907161368
PART-RIVERBANK-2,243,RiverBank/C3D8R,265.0,5.0,-30.0,0.0004618316,0.0003016928,-0.0006739675,0.000382522,0.000326632,-0.000879346,0.0002215678329790902,25.44003508835021,16.31611654658157
PART-RIVERBANK-2,245,RiverBank/C3D8R,265.0,-5.0,-30.0,0.0004618316,-0.0003016928,-0.0006739675,0.000382522,-0.000326632,-0.000879346,0.0002215678329790902,25.44003508835021,16.31611654658157
PART-RIVERBANK-1,255,RiverBank/C3D8R,-265.0,5.0,-30.0,-0.0004618316,0.0003016928,-0.0006739675,-0.000382522,0.000326632,-0.000879346,0.0002215678329790902,25.44003508835021,16.31611654658157
PART-RIVERBANK-1,257,RiverBank/C3D8R,-265.0,-5.0,-30.0,-0.0004618316,-0.0003016928,-0.0006739675,-0.000382522,-0.000326632,-0.000879346,0.0002215678329790902,25.44003508835021,16.31611654658157
PART-RIVERBANK-2,294,RiverBank/C3D8R,250.0,-5.0,-40.0,-0.00049709034,5.5936985e-06,-7.400452e-05,-0.000708681,5.87147e-05,-4.11694e-05,0.00022061412761882,43.894573343722485,41.72301171143412
PART-RIVERBANK-2,296,RiverBank/C3D8R,250.0,5.0,-40.0,-0.00049709034,-5.5936985e-06,-7.400452e-05,-0.000708681,-5.87147e-05,-4.11694e-05,0.00022061412761882,43.894573343722485,41.72301171143412
PART-RIVERBANK-1,303,RiverBank/C3D8R,-250.0,-5.0,-40.0,0.00049709034,5.5936985e-06,-7.400452e-05,0.000708681,5.87147e-05,-4.11694e-05,0.00022061412761882,43.894573343722485,41.72301171143412
PART-RIVERBANK-1,305,RiverBank/C3D8R,-250.0,5.0,-40.0,0.00049709034,-5.5936985e-06,-7.400452e-05,0.000708681,-5.87147e-05,-4.11694e-05,0.00022061412761882,43.894573343722485,41.72301171143412
PART-RIVERBANK-2,276,RiverBank/C3D8R,275.0,5.0,0.0,-0.00038578673,-1.0919008e-05,-0.00060076086,-0.00048544,1.98472e-05,-0.00041419,0.00021374288193418695,29.93397458323703,10.589315689590814
PART-RIVERBANK-2,278,RiverBank/C3D8R,275.0,-5.0,0.0,-0.00038578673,1.0919008e-05,-0.00060076086,-0.00048544,-1.98472e-05,-0.00041419,0.00021374288193418695,29.93397458323703,10.589315689590814
PART-RIVERBANK-1,276,RiverBank/C3D8R,-275.0,5.0,0.0,0.00038578673,-1.0919008e-05,-0.00060076086,0.00048544,1.98472e-05,-0.00041419,0.00021374288193418695,29.93397458323703,10.589315689590814
PART-RIVERBANK-1,278,RiverBank/C3D8R,-275.0,-5.0,0.0,0.00038578673,1.0919008e-05,-0.00060076086,0.00048544,-1.98472e-05,-0.00041419,0.00021374288193418695,29.93397458323703,10.589315689590814
PART-RIVERBANK-2,49,RiverBank/C3D8R,275.0,10.0,0.0,-0.000496084,9.130646e-06,-0.00041761884,-0.000464154,-2.89941e-05,-0.000620543,0.00020892878181157838,32.215860085026776,19.573867027557572
PART-RIVERBANK-2,67,RiverBank/C3D8R,275.0,-10.0,0.0,-0.000496084,-9.130646e-06,-0.00041761884,-0.000464154,2.89941e-05,-0.000620543,0.00020892878181157838,32.215860085026776,19.573867027557572
PART-RIVERBANK-1,49,RiverBank/C3D8R,-275.0,10.0,0.0,0.000496084,9.130646e-06,-0.00041761884,0.000464154,-2.89941e-05,-0.000620543,0.00020892878181157838,32.215860085026776,19.573867027557572
PART-RIVERBANK-1,67,RiverBank/C3D8R,-275.0,-10.0,0.0,0.000496084,-9.130646e-06,-0.00041761884,0.000464154,2.89941e-05,-0.000620543,0.00020892878181157838,32.215860085026776,19.573867027557572
PART-RIVERBANK-2,310,RiverBank/C3D8R,255.0,-10.0,-40.0,-0.00015281218,-8.934265e-05,-0.00017161676,-0.000280554,6.53747e-05,-0.000113975,0.00020875345138184545,84.6704639747654,25.654097236766326
PART-RIVERBANK-2,337,RiverBank/C3D8R,255.0,10.0,-40.0,-0.00015281218,8.934265e-05,-0.00017161676,-0.000280554,-6.53747e-05,-0.000113975,0.00020875345138184545,84.6704639747654,25.654097236766326
PART-RIVERBANK-1,334,RiverBank/C3D8R,-255.0,-10.0,-40.0,0.00015281218,-8.934265e-05,-0.00017161676,0.000280554,6.53747e-05,-0.000113975,0.00020875345138184545,84.6704639747654,25.654097236766326
PART-RIVERBANK-1,361,RiverBank/C3D8R,-255.0,10.0,-40.0,0.00015281218,8.934265e-05,-0.00017161676,0.000280554,-6.53747e-05,-0.000113975,0.00020875345138184545,84.6704639747654,25.654097236766326
PART-RIVERBANK-2,393,RiverBank/C3D8R,255.0,5.0,-20.0,-0.00028658588,-3.5002256e-05,-0.00068455323,-0.0002084,2.46587e-05,-0.000865863,0.00020626607622113057,27.763241363811446,19.918514619794013
PART-RIVERBANK-2,395,RiverBank/C3D8R,255.0,-5.0,-20.0,-0.00028658588,3.5002256e-05,-0.00068455323,-0.0002084,-2.46587e-05,-0.000865863,0.00020626607622113057,27.763241363811446,19.918514619794013
PART-RIVERBANK-1,513,RiverBank/C3D8R,-255.0,5.0,-20.0,0.00028658588,-3.5002256e-05,-0.00068455323,0.0002084,2.46587e-05,-0.000865863,0.00020626607622113057,27.763241363811446,19.918514619794013
PART-RIVERBANK-1,515,RiverBank/C3D8R,-255.0,-5.0,-20.0,0.00028658588,3.5002256e-05,-0.00068455323,0.0002084,-2.46587e-05,-0.000865863,0.00020626607622113057,27.763241363811446,19.918514619794013
PART-RIVERBANK-2,157,RiverBank/C3D8R,265.0,10.0,-25.0,-0.00027741469,-1.6211743e-05,-0.0004666729,-0.000178608,0.00016153,-0.000482932,0.00020400795946787014,37.56057077728712,0.6443100550201829
PART-RIVERBANK-2,202,RiverBank/C3D8R,265.0,-10.0,-25.0,-0.00027741469,1.6211743e-05,-0.0004666729,-0.000178608,-0.00016153,-0.000482932,0.00020400795946787014,37.56057077728712,0.6443100550201829
PART-RIVERBANK-1,177,RiverBank/C3D8R,-265.0,10.0,-25.0,0.00027741469,-1.6211743e-05,-0.0004666729,0.000178608,0.00016153,-0.000482932,0.00020400795946787014,37.56057077728712,0.6443100550201829
PART-RIVERBANK-1,222,RiverBank/C3D8R,-265.0,-10.0,-25.0,0.00027741469,1.6211743e-05,-0.0004666729,0.000178608,-0.00016153,-0.000482932,0.00020400795946787014,37.56057077728712,0.6443100550201829
PART-RIVERBANK-2,277,RiverBank/C3D8R,275.0,0.0,0.0,-0.00044373103,-2.1380251e-17,-0.00041748077,-0.000423875,4.62609e-17,-0.000617862,0.00020136260641855474,33.05081698889637,22.984011868132306
PART-RIVERBANK-1,277,RiverBank/C3D8R,-275.0,0.0,0.0,0.00044373103,2.9533402e-18,-0.00041748077,0.000423875,-8.22015e-17,-0.000617862,0.00020136260641855474,33.05081698889637,22.984011868132306
PART-RIVERBANK-2,295,RiverBank/C3D8R,250.0,0.0,-40.0,0.00021056968,-7.7571385e-18,-0.00045209654,0.000404231,1.24209e-17,-0.000506116,0.00020105424373246644,40.31330445933379,29.876380703950844
PART-RIVERBANK-1,304,RiverBank/C3D8R,-250.0,0.0,-40.0,-0.00021056968,-7.7768406e-20,-0.00045209654,-0.000404231,2.1684e-18,-0.000506116,0.00020105424373246644,40.31330445933379,29.876380703950844
PART-RIVERBANK-2,60,RiverBank/C3D8R,265.0,10.0,-30.0,-0.0006840569,-0.00057645346,-5.0457787e-05,-0.000640094,-0.000612383,0.000139622,0.0001983784107381319,22.14096581385513,0.09021759415603796
PART-RIVERBANK-2,74,RiverBank/C3D8R,265.0,-10.0,-30.0,-0.0006840569,0.00057645346,-5.0457787e-05,-0.000640094,0.000612383,0.000139622,0.0001983784107381319,22.14096581385513,0.09021759415603796
PART-RIVERBANK-1,56,RiverBank/C3D8R,-265.0,10.0,-30.0,0.0006840569,-0.00057645346,-5.0457787e-05,0.000640094,-0.000612383,0.000139622,0.0001983784107381319,22.14096581385513,0.09021759415603796
PART-RIVERBANK-1,78,RiverBank/C3D8R,-265.0,-10.0,-30.0,0.0006840569,0.00057645346,-5.0457787e-05,0.000640094,0.000612383,0.000139622,0.0001983784107381319,22.14096581385513,0.09021759415603796
PART-RIVERBANK-2,124,RiverBank/C3D8R,250.0,0.0,-15.0,-0.0005479487,-2.0070552e-17,-0.0002869573,-0.000575457,-1.49857e-17,-0.000482987,0.00019795037219207242,32.002818402605776,21.460725839519064
PART-RIVERBANK-1,139,RiverBank/C3D8R,-250.0,0.0,-15.0,0.0005479487,8.1525225e-18,-0.0002869573,0.000575457,-1.16101e-16,-0.000482987,0.00019795037219207242,32.002818402605776,21.460725839519064
PART-RIVERBANK-2,148,RiverBank/C3D8R,255.0,10.0,-20.0,-0.00023139297,0.00018842914,-0.0006736814,-0.000329014,0.000111016,-0.000520172,0.00019770633685160552,26.83259762360809,15.11795472548472
PART-RIVERBANK-2,193,RiverBank/C3D8R,255.0,-10.0,-20.0,-0.00023139297,-0.00018842914,-0.0006736814,-0.000329014,-0.000111016,-0.000520172,0.00019770633685160552,26.83259762360809,15.11795472548472
PART-RIVERBANK-1,188,RiverBank/C3D8R,-255.0,10.0,-20.0,0.00023139297,0.00018842914,-0.0006736814,0.000329014,0.000111016,-0.000520172,0.00019770633685160552,26.83259762360809,15.11795472548472
PART-RIVERBANK-1,233,RiverBank/C3D8R,-255.0,-10.0,-20.0,0.00023139297,-0.00018842914,-0.0006736814,0.000329014,-0.000111016,-0.000520172,0.00019770633685160552,26.83259762360809,15.11795472548472
PART-RIVERBANK-2,244,RiverBank/C3D8R,265.0,0.0,-30.0,-0.0005703869,-1.02991125e-17,-0.00020523233,-0.000543126,1.30808e-17,-1.00668e-05,0.0001970602465465597,32.508212148519846,10.387365835418507
PART-RIVERBANK-1,256,RiverBank/C3D8R,-265.0,0.0,-30.0,0.0005703869,2.5846751e-18,-0.00020523233,0.000543126,-3.56983e-17,-1.00668e-05,0.0001970602465465597,32.508212148519846,10.387365835418507
PART-RIVERBANK-2,151,RiverBank/C3D8R,255.0,10.0,-5.0,-0.00061378564,-0.0002001859,-0.00081580534,-0.000762246,-0.000240403,-0.000698168,0.0001936399684621313,18.612813829543317,2.008097711862212
PART-RIVERBANK-2,196,RiverBank/C3D8R,255.0,-10.0,-5.0,-0.00061378564,0.0002001859,-0.00081580534,-0.000762246,0.000240403,-0.000698168,0.0001936399684621313,18.612813829543317,2.008097711862212
PART-RIVERBANK-1,191,RiverBank/C3D8R,-255.0,10.0,-5.0,0.00061378564,-0.0002001859,-0.00081580534,0.000762246,-0.000240403,-0.000698168,0.0001936399684621313,18.612813829543317,2.008097711862212
PART-RIVERBANK-1,236,RiverBank/C3D8R,-255.0,-10.0,-5.0,0.00061378564,0.0002001859,-0.00081580534,0.000762246,0.000240403,-0.000698168,0.0001936399684621313,18.612813829543317,2.008097711862212
PART-RIVERBANK-2,420,RiverBank/C3D8R,265.0,5.0,-25.0,1.4544427e-06,7.6460296e-05,-0.00054012873,-0.000160171,-2.10854e-05,-0.000523738,0.00018949037591927537,34.736010200602536,0.4716060932203318
PART-RIVERBANK-2,422,RiverBank/C3D8R,265.0,-5.0,-25.0,1.4544427e-06,-7.6460296e-05,-0.00054012873,-0.000160171,2.10854e-05,-0.000523738,0.00018949037591927537,34.736010200602536,0.4716060932203318
PART-RIVERBANK-1,480,RiverBank/C3D8R,-265.0,5.0,-25.0,-1.4544427e-06,7.6460296e-05,-0.00054012873,0.000160171,-2.10854e-05,-0.000523738,0.00018949037591927537,34.736010200602536,0.4716060932203318
PART-RIVERBANK-1,482,RiverBank/C3D8R,-265.0,-5.0,-25.0,-1.4544427e-06,-7.6460296e-05,-0.00054012873,0.000160171,2.10854e-05,-0.000523738,0.00018949037591927537,34.736010200602536,0.4716060932203318
PART-RIVERBANK-2,50,RiverBank/C3D8R,280.0,10.0,0.0,-0.00036024503,-2.4940333e-05,-0.0006318848,-0.000446525,7.19882e-06,-0.000467712,0.00018822823018505572,25.863020335857513,11.145018943261356
PART-RIVERBANK-2,66,RiverBank/C3D8R,280.0,-10.0,0.0,-0.00036024503,2.4940333e-05,-0.0006318848,-0.000446525,-7.19882e-06,-0.000467712,0.00018822823018505572,25.863020335857513,11.145018943261356
PART-RIVERBANK-1,48,RiverBank/C3D8R,-280.0,10.0,0.0,0.00036024503,-2.4940333e-05,-0.0006318848,0.000446525,7.19882e-06,-0.000467712,0.00018822823018505572,25.863020335857513,11.145018943261356
PART-RIVERBANK-1,68,RiverBank/C3D8R,-280.0,-10.0,0.0,0.00036024503,2.4940333e-05,-0.0006318848,0.000446525,-7.19882e-06,-0.000467712,0.00018822823018505572,25.863020335857513,11.145018943261356
PART-RIVERBANK-2,543,RiverBank/C3D8R,265.0,-5.0,-35.0,0.000116999974,-7.757707e-05,-0.00037875888,-4.42547e-05,1.73075e-05,-0.000358961,0.00018814384806159772,46.57746780835505,10.359253904663692
PART-RIVERBANK-2,545,RiverBank/C3D8R,265.0,5.0,-35.0,0.000116999974,7.757707e-05,-0.00037875888,-4.42547e-05,-1.73075e-05,-0.000358961,0.00018814384806159772,46.57746780835505,10.359253904663692
PART-RIVERBANK-1,579,RiverBank/C3D8R,-265.0,-5.0,-35.0,-0.000116999974,-7.757707e-05,-0.00037875888,4.42547e-05,1.73075e-05,-0.000358961,0.00018814384806159772,46.57746780835505,10.359253904663692
PART-RIVERBANK-1,581,RiverBank/C3D8R,-265.0,5.0,-35.0,-0.000116999974,7.757707e-05,-0.00037875888,4.42547e-05,-1.73075e-05,-0.000358961,0.00018814384806159772,46.57746780835505,10.359253904663692
PART-RIVERBANK-2,280,RiverBank/C3D8R,280.0,0.0,0.0,-0.0003832608,-1.5700052e-17,-0.00064841675,-0.000461738,3.97224e-17,-0.000485213,0.00018109150983384753,24.042466512895626,11.074391452557917
PART-RIVERBANK-1,274,RiverBank/C3D8R,-280.0,0.0,0.0,0.0003832608,-3.9974671e-19,-0.00064841675,0.000461738,-6.72367e-17,-0.000485213,0.00018109150983384753,24.042466512895626,11.074391452557917
PART-RIVERBANK-2,123,RiverBank/C3D8R,250.0,5.0,-15.0,0.00020837717,-7.8071076e-05,-0.0013054821,0.000153089,-0.000113573,-0.00113826,0.00017966746805713228,13.566863576260868,12.852009376067636
PART-RIVERBANK-2,125,RiverBank/C3D8R,250.0,-5.0,-15.0,0.00020837717,7.8071076e-05,-0.0013054821,0.000153089,0.000113573,-0.00113826,0.00017966746805713228,13.566863576260868,12.852009376067636
PART-RIVERBANK-1,138,RiverBank/C3D8R,-250.0,5.0,-15.0,-0.00020837717,-7.8071076e-05,-0.0013054821,-0.000153089,-0.000113573,-0.00113826,0.00017966746805713228,13.566863576260868,12.852009376067636
PART-RIVERBANK-1,140,RiverBank/C3D8R,-250.0,-5.0,-15.0,-0.00020837717,7.8071076e-05,-0.0013054821,-0.000153089,0.000113573,-0.00113826,0.00017966746805713228,13.566863576260868,12.852009376067636
PART-PIER-2,351,Pier/C3D8R,-6.58333,-20.0,-45.0,-0.00010190747,-0.0002186158,-0.0006123896,-9.20929e-05,-0.000358181,-0.000723979,0.0001789607918726471,27.190309978413207,23.518161640190204
PART-PIER-2,511,Pier/C3D8R,6.58333,-20.0,-45.0,0.00010190747,-0.0002186158,-0.0006123896,9.20929e-05,-0.000358181,-0.000723979,0.0001789607918726471,27.190309978413207,23.518161640190204
PART-PIER-1,273,Pier/C3D8R,-6.58333,20.0,-45.0,-0.00010190747,0.0002186158,-0.0006123896,-9.20929e-05,0.000358181,-0.000723979,0.0001789607918726471,27.190309978413207,23.518161640190204
PART-PIER-1,589,Pier/C3D8R,6.58333,20.0,-45.0,0.00010190747,0.0002186158,-0.0006123896,9.20929e-05,0.000358181,-0.000723979,0.0001789607918726471,27.190309978413207,23.518161640190204
PART-RIVERBANK-2,247,RiverBank/C3D8R,270.0,0.0,-30.0,0.00016470012,-2.0974252e-18,-0.0005114052,9.6649e-05,-8.8191e-18,-0.000674443,0.0001766699724404077,32.88276875791262,26.813338582856634
PART-RIVERBANK-1,253,RiverBank/C3D8R,-270.0,0.0,-30.0,-0.00016470012,2.8340275e-19,-0.0005114052,-9.6649e-05,-2.71643e-17,-0.000674443,0.0001766699724404077,32.88276875791262,26.813338582856634
PART-RIVERBANK-2,59,RiverBank/C3D8R,270.0,10.0,-30.0,0.00024093542,0.0005156619,-0.00061596493,0.000162608,0.000534259,-0.000772496,0.00017601992139417436,20.987946254461974,13.658062666611267
PART-RIVERBANK-2,75,RiverBank/C3D8R,270.0,-10.0,-30.0,0.00024093542,-0.0005156619,-0.00061596493,0.000162608,-0.000534259,-0.000772496,0.00017601992139417436,20.987946254461974,13.658062666611267
PART-RIVERBANK-1,57,RiverBank/C3D8R,-270.0,10.0,-30.0,-0.00024093542,0.0005156619,-0.00061596493,-0.000162608,0.000534259,-0.000772496,0.00017601992139417436,20.987946254461974,13.658062666611267
PART-RIVERBANK-1,77,RiverBank/C3D8R,-270.0,-10.0,-30.0,-0.00024093542,-0.0005156619,-0.00061596493,-0.000162608,-0.000534259,-0.000772496,0.00017601992139417436,20.987946254461974,13.658062666611267
PART-RIVERBANK-2,162,RiverBank/C3D8R,270.0,10.0,-25.0,-2.6210753e-05,0.00010444324,-0.00047966145,-0.00011914,-4.19871e-05,-0.000503711,0.00017508874971198209,35.61610480880456,5.636543325051633
PART-RIVERBANK-2,207,RiverBank/C3D8R,270.0,-10.0,-25.0,-2.6210753e-05,-0.00010444324,-0.00047966145,-0.00011914,4.19871e-05,-0.000503711,0.00017508874971198209,35.61610480880456,5.636543325051633
PART-RIVERBANK-1,172,RiverBank/C3D8R,-270.0,10.0,-25.0,2.6210753e-05,0.00010444324,-0.00047966145,0.00011914,-4.19871e-05,-0.000503711,0.00017508874971198209,35.61610480880456,5.636543325051633
PART-RIVERBANK-1,217,RiverBank/C3D8R,-270.0,-10.0,-25.0,2.6210753e-05,-0.00010444324,-0.00047966145,0.00011914,4.19871e-05,-0.000503711,0.00017508874971198209,35.61610480880456,5.636543325051633
PART-RIVERBANK-2,318,RiverBank/C3D8R,270.0,-10.0,-35.0,7.155562e-05,-0.00014057985,-0.0002788788,-2.24488e-05,3.05823e-06,-0.00028583,0.00017180526239630382,53.62208392692758,10.509883967059066
PART-RIVERBANK-2,345,RiverBank/C3D8R,270.0,10.0,-35.0,7.155562e-05,0.00014057985,-0.0002788788,-2.24488e-05,-3.05823e-06,-0.00028583,0.00017180526239630382,53.62208392692758,10.509883967059066
PART-RIVERBANK-1,324,RiverBank/C3D8R,-270.0,-10.0,-35.0,-7.155562e-05,-0.00014057985,-0.0002788788,2.24488e-05,3.05823e-06,-0.00028583,0.00017180526239630382,53.62208392692758,10.509883967059066
PART-RIVERBANK-1,351,RiverBank/C3D8R,-270.0,10.0,-35.0,-7.155562e-05,0.00014057985,-0.0002788788,2.24488e-05,-3.05823e-06,-0.00028583,0.00017180526239630382,53.62208392692758,10.509883967059066
PART-RIVERBANK-2,246,RiverBank/C3D8R,270.0,5.0,-30.0,-0.00037312048,-0.00018964653,-0.00020355395,-0.00034202,-0.000203772,-4.0796e-05,0.00016630369523000323,35.73170309561076,14.012433906934548
PART-RIVERBANK-2,248,RiverBank/C3D8R,270.0,-5.0,-30.0,-0.00037312048,0.00018964653,-0.00020355395,-0.00034202,0.000203772,-4.0796e-05,0.00016630369523000323,35.73170309561076,14.012433906934548
PART-RIVERBANK-1,252,RiverBank/C3D8R,-270.0,5.0,-30.0,0.00037312048,-0.00018964653,-0.00020355395,0.00034202,-0.000203772,-4.0796e-05,0.00016630369523000323,35.73170309561076,14.012433906934548
PART-RIVERBANK-1,254,RiverBank/C3D8R,-270.0,-5.0,-30.0,0.00037312048,0.00018964653,-0.00020355395,0.00034202,0.000203772,-4.0796e-05,0.00016630369523000323,35.73170309561076,14.012433906934548
PART-RIVERBANK-2,529,RiverBank/C3D8R,255.0,0.0,-40.0,7.5318894e-05,-3.740739e-18,-0.0003551479,-7.51524e-05,-3.49062e-18,-0.00029651,0.0001614930761192084,44.48271783921987,15.744824815623879
PART-RIVERBANK-1,601,RiverBank/C3D8R,-255.0,0.0,-40.0,-7.5318894e-05,1.4782869e-18,-0.0003551479,7.51524e-05,-1.71541e-17,-0.00029651,0.0001614930761192084,44.48271783921987,15.744824815623879
PART-PIER-2,352,Pier/C3D8R,-13.16667,-20.0,-45.0,-0.0001870392,-0.00024084796,-0.000547988,-0.000205299,-0.00036586,-0.000646663,0.00016030653781428132,25.56224903383907,22.914959361498937
PART-PIER-2,512,Pier/C3D8R,13.16667,-20.0,-45.0,0.0001870392,-0.00024084796,-0.000547988,0.000205299,-0.00036586,-0.000646663,0.00016030653781428132,25.56224903383907,22.914959361498937
PART-PIER-1,274,Pier/C3D8R,-13.16667,20.0,-45.0,-0.0001870392,0.00024084796,-0.000547988,-0.000205299,0.00036586,-0.000646663,0.00016030653781428132,25.56224903383907,22.914959361498937
PART-PIER-1,590,Pier/C3D8R,13.16667,20.0,-45.0,0.0001870392,0.00024084796,-0.000547988,0.000205299,0.00036586,-0.000646663,0.00016030653781428132,25.56224903383907,22.914959361498937
PART-RIVERBANK-2,528,RiverBank/C3D8R,255.0,-5.0,-40.0,-0.00014514224,-2.8182036e-05,-0.0002459632,-2.48221e-05,-9.66248e-05,-0.000319381,0.00015668925103662758,54.59907352730634,16.5926399677675
PART-RIVERBANK-2,530,RiverBank/C3D8R,255.0,5.0,-40.0,-0.00014514224,2.8182036e-05,-0.0002459632,-2.48221e-05,9.66248e-05,-0.000319381,0.00015668925103662758,54.59907352730634,16.5926399677675
PART-RIVERBANK-1,600,RiverBank/C3D8R,-255.0,-5.0,-40.0,0.00014514224,-2.8182036e-05,-0.0002459632,2.48221e-05,-9.66248e-05,-0.000319381,0.00015668925103662758,54.59907352730634,16.5926399677675
PART-RIVERBANK-1,602,RiverBank/C3D8R,-255.0,5.0,-40.0,0.00014514224,2.8182036e-05,-0.0002459632,2.48221e-05,9.66248e-05,-0.000319381,0.00015668925103662758,54.59907352730634,16.5926399677675
PART-RIVERBANK-2,279,RiverBank/C3D8R,280.0,5.0,0.0,-0.00043230926,-3.4354919e-06,-0.0005037754,-0.000430518,-2.49564e-05,-0.000653761,0.00015153230119415548,22.82639164304097,17.976097104166634
PART-RIVERBANK-2,281,RiverBank/C3D8R,280.0,-5.0,0.0,-0.00043230926,3.4354919e-06,-0.0005037754,-0.000430518,2.49564e-05,-0.000653761,0.00015153230119415548,22.82639164304097,17.976097104166634
PART-RIVERBANK-1,273,RiverBank/C3D8R,-280.0,5.0,0.0,0.00043230926,-3.4354919e-06,-0.0005037754,0.000430518,-2.49564e-05,-0.000653761,0.00015153230119415548,22.82639164304097,17.976097104166634
PART-RIVERBANK-1,275,RiverBank/C3D8R,-280.0,-5.0,0.0,0.00043230926,3.4354919e-06,-0.0005037754,0.000430518,2.49564e-05,-0.000653761,0.00015153230119415548,22.82639164304097,17.976097104166634
PART-RIVERBANK-2,282,RiverBank/C3D8R,285.0,5.0,0.0,-0.00037229955,-8.027763e-06,-0.00051327544,-0.000437992,7.59005e-06,-0.000379156,0.00015015804425943705,23.679313344462063,8.637845428714334
PART-RIVERBANK-2,284,RiverBank/C3D8R,285.0,-5.0,0.0,-0.00037229955,8.027763e-06,-0.00051327544,-0.000437992,-7.59005e-06,-0.000379156,0.00015015804425943705,23.679313344462063,8.637845428714334
PART-RIVERBANK-1,270,RiverBank/C3D8R,-285.0,5.0,0.0,0.00037229955,-8.027763e-06,-0.00051327544,0.000437992,7.59005e-06,-0.000379156,0.00015015804425943705,23.679313344462063,8.637845428714334
PART-RIVERBANK-1,272,RiverBank/C3D8R,-285.0,-5.0,0.0,0.00037229955,8.027763e-06,-0.00051327544,0.000437992,-7.59005e-06,-0.000379156,0.00015015804425943705,23.679313344462063,8.637845428714334
PART-RIVERBANK-2,52,RiverBank/C3D8R,290.0,10.0,0.0,-0.00036155002,-1.2845184e-05,-0.00053264666,-0.000423791,1.27699e-05,-0.000399954,0.00014878647162145842,23.10739316511029,9.478588692971554
PART-RIVERBANK-2,64,RiverBank/C3D8R,290.0,-10.0,0.0,-0.00036155002,1.2845184e-05,-0.00053264666,-0.000423791,-1.27699e-05,-0.000399954,0.00014878647162145842,23.10739316511029,9.478588692971554
PART-RIVERBANK-1,46,RiverBank/C3D8R,-290.0,10.0,0.0,0.00036155002,-1.2845184e-05,-0.00053264666,0.000423791,1.27699e-05,-0.000399954,0.00014878647162145842,23.10739316511029,9.478588692971554
PART-RIVERBANK-1,70,RiverBank/C3D8R,-290.0,-10.0,0.0,0.00036155002,1.2845184e-05,-0.00053264666,0.000423791,-1.27699e-05,-0.000399954,0.00014878647162145842,23.10739316511029,9.478588692971554
PART-RIVERBANK-2,249,RiverBank/C3D8R,275.0,5.0,-30.0,4.7330024e-05,0.00018945344,-0.0005124192,-9.10021e-06,0.000194113,-0.000649337,0.00014816398606114903,27.01913747975076,23.601828413474827
PART-RIVERBANK-2,251,RiverBank/C3D8R,275.0,-5.0,-30.0,4.7330024e-05,-0.00018945344,-0.0005124192,-9.10021e-06,-0.000194113,-0.000649337,0.00014816398606114903,27.01913747975076,23.601828413474827
PART-RIVERBANK-1,249,RiverBank/C3D8R,-275.0,5.0,-30.0,-4.7330024e-05,0.00018945344,-0.0005124192,9.10021e-06,0.000194113,-0.000649337,0.00014816398606114903,27.01913747975076,23.601828413474827
PART-RIVERBANK-1,251,RiverBank/C3D8R,-275.0,-5.0,-30.0,-4.7330024e-05,-0.00018945344,-0.0005124192,9.10021e-06,-0.000194113,-0.000649337,0.00014816398606114903,27.01913747975076,23.601828413474827
PART-RIVERBANK-2,286,RiverBank/C3D8R,290.0,0.0,0.0,-0.0003591363,-1.0024135e-17,-0.000539688,-0.000418758,4.2907e-17,-0.000406977,0.00014548868214362928,22.442925751310796,9.921705455779078
PART-RIVERBANK-1,268,RiverBank/C3D8R,-290.0,0.0,0.0,0.0003591363,-2.0307288e-18,-0.000539688,0.000418758,-4.2462e-17,-0.000406977,0.00014548868214362928,22.442925751310796,9.921705455779078
PART-RIVERBANK-2,6,RiverBank/C3D8R,300.0,-10.0,0.0,-0.00036321368,1.0008037e-05,-0.0004238546,-0.000425629,-1.42094e-05,-0.00029526,0.00014497836933388163,25.968734802076654,7.177681320326211
PART-RIVERBANK-2,7,RiverBank/C3D8R,300.0,10.0,0.0,-0.00036321368,-1.0008037e-05,-0.0004238546,-0.000425629,1.42094e-05,-0.00029526,0.00014497836933388163,25.968734802076654,7.177681320326211
PART-RIVERBANK-1,3,RiverBank/C3D8R,-300.0,-10.0,0.0,0.00036321368,1.0008037e-05,-0.0004238546,0.000425629,-1.42094e-05,-0.00029526,0.00014497836933388163,25.968734802076654,7.177681320326211
PART-RIVERBANK-1,4,RiverBank/C3D8R,-300.0,10.0,0.0,0.00036321368,-1.0008037e-05,-0.0004238546,0.000425629,1.42094e-05,-0.00029526,0.00014497836933388163,25.968734802076654,7.177681320326211
PART-RIVERBANK-2,38,RiverBank/C3D8R,300.0,0.0,0.0,-0.00034407838,-5.2413435e-18,-0.0004286536,-0.000407347,4.50334e-17,-0.000299651,0.0001436822504120269,26.139870758212112,8.000680359750307
PART-RIVERBANK-1,22,RiverBank/C3D8R,-300.0,0.0,0.0,0.00034407838,-3.9824387e-18,-0.0004286536,0.000407347,-2.1011e-17,-0.000299651,0.0001436822504120269,26.139870758212112,8.000680359750307
PART-RIVERBANK-2,51,RiverBank/C3D8R,285.0,10.0,0.0,-0.00042508342,1.086018e-05,-0.00038944397,-0.000430964,-1.76386e-05,-0.000528938,0.0001424968283445835,24.71281013480405,18.365290205635482
PART-RIVERBANK-2,65,RiverBank/C3D8R,285.0,-10.0,0.0,-0.00042508342,-1.086018e-05,-0.00038944397,-0.000430964,1.76386e-05,-0.000528938,0.0001424968283445835,24.71281013480405,18.365290205635482
PART-RIVERBANK-1,47,RiverBank/C3D8R,-285.0,10.0,0.0,0.00042508342,1.086018e-05,-0.00038944397,0.000430964,-1.76386e-05,-0.000528938,0.0001424968283445835,24.71281013480405,18.365290205635482
PART-RIVERBANK-1,69,RiverBank/C3D8R,-285.0,-10.0,0.0,0.00042508342,-1.086018e-05,-0.00038944397,0.000430964,1.76386e-05,-0.000528938,0.0001424968283445835,24.71281013480405,18.365290205635482
PART-PIER-2,142,Pier/C3D8R,0.0,-20.0,-45.0,-2.8773574e-17,-0.00020619809,-0.00053472794,-4.11639e-16,-0.000312609,-0.000627105,0.0001409141688449806,24.58775957573395,22.26395397815358
PART-PIER-1,102,Pier/C3D8R,0.0,20.0,-45.0,5.34351e-18,0.00020619809,-0.00053472794,-4.79375e-16,0.000312609,-0.000627105,0.0001409141688449806,24.58775957573395,22.26395397815358
PART-RIVERBANK-2,120,RiverBank/C3D8R,250.0,5.0,-20.0,-0.00081896054,8.087376e-05,-0.000104474275,-0.000957107,8.87915e-05,-0.000128578,0.00014045684239692572,16.931708153730263,16.904265127560112
PART-RIVERBANK-2,122,RiverBank/C3D8R,250.0,-5.0,-20.0,-0.00081896054,-8.087376e-05,-0.000104474275,-0.000957107,-8.87915e-05,-0.000128578,0.00014045684239692572,16.931708153730263,16.904265127560112
PART-RIVERBANK-1,135,RiverBank/C3D8R,-250.0,5.0,-20.0,0.00081896054,8.087376e-05,-0.000104474275,0.000957107,8.87915e-05,-0.000128578,0.00014045684239692572,16.931708153730263,16.904265127560112
PART-RIVERBANK-1,137,RiverBank/C3D8R,-250.0,-5.0,-20.0,0.00081896054,-8.087376e-05,-0.000104474275,0.000957107,-8.87915e-05,-0.000128578,0.00014045684239692572,16.931708153730263,16.904265127560112
PART-PIER-2,706,Pier/C3D8R,-6.58333,-15.0,-45.0,-0.0001272879,9.025273e-05,-0.00053220155,-0.000117858,-2.22042e-05,-0.000449064,0.0001401689564027549,25.27367392388575,16.19196782902846
PART-PIER-2,784,Pier/C3D8R,6.58333,-15.0,-45.0,0.0001272879,9.025273e-05,-0.00053220155,0.000117858,-2.22042e-05,-0.000449064,0.0001401689564027549,25.27367392388575,16.19196782902846
PART-PIER-1,706,Pier/C3D8R,-6.58333,15.0,-45.0,-0.0001272879,-9.025273e-05,-0.00053220155,-0.000117858,2.22042e-05,-0.000449064,0.0001401689564027549,25.27367392388575,16.19196782902846
PART-PIER-1,784,Pier/C3D8R,6.58333,15.0,-45.0,0.0001272879,-9.025273e-05,-0.00053220155,0.000117858,2.22042e-05,-0.000449064,0.0001401689564027549,25.27367392388575,16.19196782902846
PART-RIVERBANK-2,283,RiverBank/C3D8R,285.0,0.0,0.0,-0.00041193582,-1.5366154e-17,-0.00039127163,-0.00042254,5.07245e-17,-0.000530228,0.00013936040110823915,24.52917710409547,19.3362092152457
PART-RIVERBANK-1,271,RiverBank/C3D8R,-285.0,0.0,0.0,0.00041193582,4.7213913e-19,-0.00039127163,0.00042254,-5.23365e-17,-0.000530228,0.00013936040110823915,24.52917710409547,19.3362092152457
PART-RIVERBANK-2,396,RiverBank/C3D8R,255.0,5.0,-15.0,-0.00026465137,7.675869e-05,-0.0007894442,-0.000327305,3.59721e-05,-0.000673163,0.00013824015606705964,16.53284793614388,10.377762119039764
PART-RIVERBANK-2,398,RiverBank/C3D8R,255.0,-5.0,-15.0,-0.00026465137,-7.675869e-05,-0.0007894442,-0.000327305,-3.59721e-05,-0.000673163,0.00013824015606705964,16.53284793614388,10.377762119039764
PART-RIVERBANK-1,516,RiverBank/C3D8R,-255.0,5.0,-15.0,0.00026465137,7.675869e-05,-0.0007894442,0.000327305,3.59721e-05,-0.000673163,0.00013824015606705964,16.53284793614388,10.377762119039764
PART-RIVERBANK-1,518,RiverBank/C3D8R,-255.0,-5.0,-15.0,0.00026465137,-7.675869e-05,-0.0007894442,0.000327305,-3.59721e-05,-0.000673163,0.00013824015606705964,16.53284793614388,10.377762119039764
PART-PIER-2,468,Pier/C3D8R,-19.75,-15.0,-45.0,-0.0005785523,-1.5444868e-05,-0.0007180131,-0.000486415,-3.12969e-05,-0.000617589,0.00013720630025851224,14.877701572066249,14.68892052659708
PART-PIER-2,667,Pier/C3D8R,19.75,-15.0,-45.0,0.0005785523,-1.5444868e-05,-0.0007180131,0.000486415,-3.12969e-05,-0.000617589,0.00013720630025851224,14.877701572066249,14.68892052659708
PART-PIER-1,468,Pier/C3D8R,-19.75,15.0,-45.0,-0.0005785523,1.5444868e-05,-0.0007180131,-0.000486415,3.12969e-05,-0.000617589,0.00013720630025851224,14.877701572066249,14.68892052659708
PART-PIER-1,667,Pier/C3D8R,19.75,15.0,-45.0,0.0005785523,1.5444868e-05,-0.0007180131,0.000486415,3.12969e-05,-0.000617589,0.00013720630025851224,14.877701572066249,14.68892052659708
PART-RIVERBANK-2,250,RiverBank/C3D8R,275.0,0.0,-30.0,-0.00017445133,-5.1927334e-18,-0.00022875013,-0.000159455,1.16782e-17,-9.45947e-05,0.0001349909971514908,46.92398171909902,35.5525956209998
PART-RIVERBANK-1,250,RiverBank/C3D8R,-275.0,0.0,-30.0,0.00017445133,1.0542548e-18,-0.00022875013,0.000159455,-2.26645e-17,-9.45947e-05,0.0001349909971514908,46.92398171909902,35.5525956209998
PART-RIVERBANK-2,544,RiverBank/C3D8R,265.0,0.0,-35.0,-0.00026796546,-2.3715276e-18,-0.00021312026,-0.000139102,-7.94771e-18,-0.00023346,0.00013045879175601466,38.10323713013975,20.627070412087946
PART-RIVERBANK-1,580,RiverBank/C3D8R,-265.0,0.0,-35.0,0.00026796546,1.3260055e-18,-0.00021312026,0.000139102,-2.21813e-17,-0.00023346,0.00013045879175601466,38.10323713013975,20.627070412087946
PART-RIVERBANK-2,288,RiverBank/C3D8R,295.0,5.0,0.0,-0.00037990444,-6.106833e-06,-0.00041503707,-0.000433178,3.86397e-06,-0.000297091,0.0001298027909406547,23.068244829928567,6.648127264730939
PART-RIVERBANK-2,290,RiverBank/C3D8R,295.0,-5.0,0.0,-0.00037990444,6.106833e-06,-0.00041503707,-0.000433178,-3.86397e-06,-0.000297091,0.0001298027909406547,23.068244829928567,6.648127264730939
PART-RIVERBANK-1,264,RiverBank/C3D8R,-295.0,5.0,0.0,0.00037990444,-6.106833e-06,-0.00041503707,0.000433178,3.86397e-06,-0.000297091,0.0001298027909406547,23.068244829928567,6.648127264730939
PART-RIVERBANK-1,266,RiverBank/C3D8R,-295.0,-5.0,0.0,0.00037990444,6.106833e-06,-0.00041503707,0.000433178,-3.86397e-06,-0.000297091,0.0001298027909406547,23.068244829928567,6.648127264730939
PART-PIER-2,429,Pier/C3D8R,0.0,-15.0,-45.0,8.176724e-18,9.4908675e-05,-0.00045063978,5.29131e-17,-2.65556e-05,-0.000406022,0.00012939983150454264,28.09829017270522,11.646722584809794
PART-PIER-1,429,Pier/C3D8R,0.0,15.0,-45.0,-2.0458628e-17,-9.4908675e-05,-0.00045063978,9.63225e-17,2.65556e-05,-0.000406022,0.00012939983150454264,28.09829017270522,11.646722584809794
PART-RIVERBANK-2,29,RiverBank/C3D8R,300.0,-5.0,-30.0,0.00023499083,6.362484e-05,-0.00015198688,0.000176655,5.61583e-05,-3.68343e-05,0.00012930172064600263,45.05291297781758,34.14948805971563
PART-RIVERBANK-2,31,RiverBank/C3D8R,300.0,5.0,-30.0,0.00023499083,-6.362484e-05,-0.00015198688,0.000176655,-5.61583e-05,-3.68343e-05,0.00012930172064600263,45.05291297781758,34.14948805971563
PART-RIVERBANK-1,13,RiverBank/C3D8R,-300.0,5.0,-30.0,-0.00023499083,-6.362484e-05,-0.00015198688,-0.000176655,-5.61583e-05,-3.68343e-05,0.00012930172064600263,45.05291297781758,34.14948805971563
PART-RIVERBANK-1,15,RiverBank/C3D8R,-300.0,-5.0,-30.0,-0.00023499083,6.362484e-05,-0.00015198688,-0.000176655,5.61583e-05,-3.68343e-05,0.00012930172064600263,45.05291297781758,34.14948805971563
PART-RIVERBANK-1,58,RiverBank/C3D8R,-275.0,10.0,-30.0,0.00021954942,-0.00029803393,-0.00012694883,0.000197206,-0.000304505,-2.68105e-09,0.0001290597841989397,32.979458971224915,7.295073518481907
PART-RIVERBANK-1,76,RiverBank/C3D8R,-275.0,-10.0,-30.0,0.00021954942,0.00029803393,-0.00012694883,0.000197206,0.000304505,-2.68105e-09,0.0001290597841989397,32.979458971224915,7.295073518481907
PART-RIVERBANK-2,58,RiverBank/C3D8R,275.0,10.0,-30.0,-0.00021954942,-0.00029803393,-0.00012694883,-0.000197206,-0.000304505,-2.68106e-09,0.00012905978418910346,32.9794589687114,7.2950735184818924
PART-RIVERBANK-2,76,RiverBank/C3D8R,275.0,-10.0,-30.0,-0.00021954942,0.00029803393,-0.00012694883,-0.000197206,0.000304505,-2.68106e-09,0.00012905978418910346,32.9794589687114,7.2950735184818924
PART-RIVERBANK-2,397,RiverBank/C3D8R,255.0,0.0,-15.0,-0.0005710475,-2.6372649e-17,-0.00069841044,-0.000551102,8.1925e-18,-0.000824763,0.00012791713094344946,14.179161601597192,9.953178403767271
PART-RIVERBANK-1,517,RiverBank/C3D8R,-255.0,0.0,-15.0,0.0005710475,6.061703e-18,-0.00069841044,0.000551102,-1.16155e-16,-0.000824763,0.00012791713094344946,14.179161601597192,9.953178403767271
PART-RIVERBANK-2,253,RiverBank/C3D8R,280.0,0.0,-30.0,-6.806571e-05,-1.1392781e-18,-0.00041068223,-0.00010428,-1.78682e-18,-0.00053277,0.00012734558643226314,30.59099439683272,30.410682684112132
PART-RIVERBANK-1,247,RiverBank/C3D8R,-280.0,0.0,-30.0,6.806571e-05,-5.638094e-19,-0.00041068223,0.00010428,-1.45186e-17,-0.00053277,0.00012734558643226314,30.59099439683272,30.410682684112132
PART-RIVERBANK-2,149,RiverBank/C3D8R,255.0,10.0,-15.0,-0.00034808717,-0.00013738984,-0.00066485425,-0.000389131,-0.000128051,-0.0007845,0.00012683420440353233,16.624481232999592,16.001807074463542
PART-RIVERBANK-2,194,RiverBank/C3D8R,255.0,-10.0,-15.0,-0.00034808717,0.00013738984,-0.00066485425,-0.000389131,0.000128051,-0.0007845,0.00012683420440353233,16.624481232999592,16.001807074463542
PART-RIVERBANK-1,189,RiverBank/C3D8R,-255.0,10.0,-15.0,0.00034808717,-0.00013738984,-0.00066485425,0.000389131,-0.000128051,-0.0007845,0.00012683420440353233,16.624481232999592,16.001807074463542
PART-RIVERBANK-1,234,RiverBank/C3D8R,-255.0,-10.0,-15.0,0.00034808717,0.00013738984,-0.00066485425,0.000389131,0.000128051,-0.0007845,0.00012683420440353233,16.624481232999592,16.001807074463542
PART-RIVERBANK-2,252,RiverBank/C3D8R,280.0,5.0,-30.0,-8.0631755e-05,-0.00010710603,-0.00022111321,-7.91779e-05,-0.000106753,-9.46712e-05,0.00012645086088035158,48.90180123490238,36.89377982682021
PART-RIVERBANK-2,254,RiverBank/C3D8R,280.0,-5.0,-30.0,-8.0631755e-05,0.00010710603,-0.00022111321,-7.91779e-05,0.000106753,-9.46712e-05,0.00012645086088035158,48.90180123490238,36.89377982682021
PART-RIVERBANK-1,246,RiverBank/C3D8R,-280.0,5.0,-30.0,8.0631755e-05,-0.00010710603,-0.00022111321,7.91779e-05,-0.000106753,-9.46712e-05,0.00012645086088035158,48.90180123490238,36.89377982682021
PART-RIVERBANK-1,248,RiverBank/C3D8R,-280.0,-5.0,-30.0,8.0631755e-05,0.00010710603,-0.00022111321,7.91779e-05,0.000106753,-9.46712e-05,0.00012645086088035158,48.90180123490238,36.89377982682021
PART-PIER-2,707,Pier/C3D8R,-13.16667,-15.0,-45.0,-0.00022476375,7.647704e-05,-0.0004192941,-0.000179464,-1.673e-05,-0.000348854,0.00012530533645313793,26.00529699865355,18.507959613227296
PART-PIER-2,785,Pier/C3D8R,13.16667,-15.0,-45.0,0.00022476375,7.647704e-05,-0.0004192941,0.000179464,-1.673e-05,-0.000348854,0.00012530533645313793,26.00529699865355,18.507959613227296
PART-PIER-1,707,Pier/C3D8R,-13.16667,15.0,-45.0,-0.00022476375,-7.647704e-05,-0.0004192941,-0.000179464,1.673e-05,-0.000348854,0.00012530533645313793,26.00529699865355,18.507959613227296
PART-PIER-1,785,Pier/C3D8R,13.16667,15.0,-45.0,0.00022476375,-7.647704e-05,-0.0004192941,0.000179464,1.673e-05,-0.000348854,0.00012530533645313793,26.00529699865355,18.507959613227296
PART-RIVERBANK-2,167,RiverBank/C3D8R,275.0,10.0,-25.0,-0.00018344629,-3.4739656e-05,-0.00038209846,-0.000176522,8.17261e-05,-0.000340087,0.00012400476153756048,29.158740265769616,7.873995402000518
PART-RIVERBANK-2,212,RiverBank/C3D8R,275.0,-10.0,-25.0,-0.00018344629,3.4739656e-05,-0.00038209846,-0.000176522,-8.17261e-05,-0.000340087,0.00012400476153756048,29.158740265769616,7.873995402000518
PART-RIVERBANK-1,167,RiverBank/C3D8R,-275.0,10.0,-25.0,0.00018344629,-3.4739656e-05,-0.00038209846,0.000176522,8.17261e-05,-0.000340087,0.00012400476153756048,29.158740265769616,7.873995402000518
PART-RIVERBANK-1,212,RiverBank/C3D8R,-275.0,-10.0,-25.0,0.00018344629,3.4739656e-05,-0.00038209846,0.000176522,-8.17261e-05,-0.000340087,0.00012400476153756048,29.158740265769616,7.873995402000518
PART-RIVERBANK-2,57,RiverBank/C3D8R,280.0,10.0,-30.0,-3.239899e-05,0.00029745145,-0.00047965557,-7.34617e-05,0.000294566,-0.000594143,0.00012166282752859025,21.52072415710822,18.02193399845388
PART-RIVERBANK-2,77,RiverBank/C3D8R,280.0,-10.0,-30.0,-3.239899e-05,-0.00029745145,-0.00047965557,-7.34617e-05,-0.000294566,-0.000594143,0.00012166282752859025,21.52072415710822,18.02193399845388
PART-RIVERBANK-1,59,RiverBank/C3D8R,-280.0,10.0,-30.0,3.239899e-05,0.00029745145,-0.00047965557,7.34617e-05,0.000294566,-0.000594143,0.00012166282752859025,21.52072415710822,18.02193399845388
PART-RIVERBANK-1,75,RiverBank/C3D8R,-280.0,-10.0,-30.0,3.239899e-05,-0.00029745145,-0.00047965557,7.34617e-05,-0.000294566,-0.000594143,0.00012166282752859025,21.52072415710822,18.02193399845388
PART-RIVERBANK-2,187,RiverBank/C3D8R,295.0,10.0,-25.0,-3.2839112e-06,-3.5564648e-05,-0.00027805756,-8.31941e-05,2.98401e-05,-0.000216824,0.00012005402202870483,42.82413037637255,16.478452626328636
PART-RIVERBANK-2,232,RiverBank/C3D8R,295.0,-10.0,-25.0,-3.2839112e-06,3.5564648e-05,-0.00027805756,-8.31941e-05,-2.98401e-05,-0.000216824,0.00012005402202870483,42.82413037637255,16.478452626328636
PART-RIVERBANK-1,147,RiverBank/C3D8R,-295.0,10.0,-25.0,3.2839112e-06,-3.5564648e-05,-0.00027805756,8.31941e-05,2.98401e-05,-0.000216824,0.00012005402202870483,42.82413037637255,16.478452626328636
PART-RIVERBANK-1,192,RiverBank/C3D8R,-295.0,-10.0,-25.0,3.2839112e-06,3.5564648e-05,-0.00027805756,8.31941e-05,-2.98401e-05,-0.000216824,0.00012005402202870483,42.82413037637255,16.478452626328636
PART-RIVERBANK-2,258,RiverBank/C3D8R,290.0,5.0,-30.0,7.97307e-05,-7.012596e-05,-0.00020925952,4.74387e-05,-6.37781e-05,-9.55933e-05,0.00011833460254578118,50.42862914354838,47.01948904543974
PART-RIVERBANK-2,260,RiverBank/C3D8R,290.0,-5.0,-30.0,7.97307e-05,7.012596e-05,-0.00020925952,4.74387e-05,6.37781e-05,-9.55933e-05,0.00011833460254578118,50.42862914354838,47.01948904543974
PART-RIVERBANK-1,240,RiverBank/C3D8R,-290.0,5.0,-30.0,-7.97307e-05,-7.012596e-05,-0.00020925952,-4.74387e-05,-6.37781e-05,-9.55933e-05,0.00011833460254578118,50.42862914354838,47.01948904543974
PART-RIVERBANK-1,242,RiverBank/C3D8R,-290.0,-5.0,-30.0,-7.97307e-05,7.012596e-05,-0.00020925952,-4.74387e-05,6.37781e-05,-9.55933e-05,0.00011833460254578118,50.42862914354838,47.01948904543974
PART-RIVERBANK-2,132,RiverBank/C3D8R,300.0,5.0,-25.0,1.401148e-05,-2.3691935e-05,-0.00016500504,-8.91203e-05,7.42048e-06,-0.000116385,0.0001181865250470722,70.64977729622561,12.260426836423001
PART-RIVERBANK-2,134,RiverBank/C3D8R,300.0,-5.0,-25.0,1.401148e-05,2.3691935e-05,-0.00016500504,-8.91203e-05,-7.42048e-06,-0.000116385,0.0001181865250470722,70.64977729622561,12.260426836423001
PART-RIVERBANK-1,117,RiverBank/C3D8R,-300.0,5.0,-25.0,-1.401148e-05,-2.3691935e-05,-0.00016500504,8.91203e-05,7.42048e-06,-0.000116385,0.0001181865250470722,70.64977729622561,12.260426836423001
PART-RIVERBANK-1,119,RiverBank/C3D8R,-300.0,-5.0,-25.0,-1.401148e-05,2.3691935e-05,-0.00016500504,8.91203e-05,-7.42048e-06,-0.000116385,0.0001181865250470722,70.64977729622561,12.260426836423001
PART-RIVERBANK-2,421,RiverBank/C3D8R,265.0,0.0,-25.0,-0.00034926092,-7.380935e-18,-0.00039477792,-0.000233551,-3.27378e-18,-0.000415455,0.00011754287398108319,22.29998393523589,9.580190142155425
PART-RIVERBANK-1,481,RiverBank/C3D8R,-265.0,0.0,-25.0,0.00034926092,2.2833944e-18,-0.00039477792,0.000233551,-5.01257e-17,-0.000415455,0.00011754287398108319,22.29998393523589,9.580190142155425
PART-RIVERBANK-2,262,RiverBank/C3D8R,295.0,0.0,-30.0,0.00014097118,-1.523229e-19,-0.00018497264,9.52947e-05,1.62671e-17,-7.7778e-05,0.0001165205203812616,50.10175664410188,47.109565302852324
PART-RIVERBANK-1,238,RiverBank/C3D8R,-295.0,0.0,-30.0,-0.00014097118,-1.2049283e-18,-0.00018497264,-9.52947e-05,1.61354e-18,-7.7778e-05,0.0001165205203812616,50.10175664410188,47.109565302852324
PART-RIVERBANK-2,53,RiverBank/C3D8R,295.0,10.0,0.0,-0.0004036614,1.436023e-05,-0.00031797102,-0.000423509,-1.0709e-05,-0.000429482,0.00011600470757306924,22.566519025520147,17.353891712098076
PART-RIVERBANK-2,63,RiverBank/C3D8R,295.0,-10.0,0.0,-0.0004036614,-1.436023e-05,-0.00031797102,-0.000423509,1.0709e-05,-0.000429482,0.00011600470757306924,22.566519025520147,17.353891712098076
PART-RIVERBANK-1,45,RiverBank/C3D8R,-295.0,10.0,0.0,0.0004036614,1.436023e-05,-0.00031797102,0.000423509,-1.0709e-05,-0.000429482,0.00011600470757306924,22.566519025520147,17.353891712098076
PART-RIVERBANK-1,71,RiverBank/C3D8R,-295.0,-10.0,0.0,0.0004036614,-1.436023e-05,-0.00031797102,0.000423509,1.0709e-05,-0.000429482,0.00011600470757306924,22.566519025520147,17.353891712098076
PART-RIVERBANK-2,256,RiverBank/C3D8R,285.0,0.0,-30.0,8.650096e-06,-2.5721173e-18,-0.00022122859,-7.62658e-06,1.3574e-17,-0.000108173,0.00011422126164535687,51.591003294571536,51.01956859632162
PART-RIVERBANK-1,244,RiverBank/C3D8R,-285.0,0.0,-30.0,-8.650096e-06,-2.4510587e-19,-0.00022122859,7.62658e-06,-1.02962e-17,-0.000108173,0.00011422126164535687,51.591003294571536,51.01956859632162
PART-RIVERBANK-2,289,RiverBank/C3D8R,295.0,0.0,0.0,-0.00041168547,-1.0044906e-17,-0.00032234794,-0.000432068,5.66326e-17,-0.000434158,0.0001136527036475794,21.736318060612863,17.14498205999252
PART-RIVERBANK-1,265,RiverBank/C3D8R,-295.0,0.0,0.0,0.00041168547,-1.836536e-18,-0.00032234794,0.000432068,-2.67607e-17,-0.000434158,0.0001136527036475794,21.736318060612863,17.14498205999252
PART-RIVERBANK-2,321,RiverBank/C3D8R,275.0,-10.0,-35.0,-0.00010444106,2.5324482e-05,-0.00030483585,-8.22084e-05,-8.30109e-05,-0.000285773,0.00011222405452434885,34.72014350478718,4.483868490578523
PART-RIVERBANK-2,348,RiverBank/C3D8R,275.0,10.0,-35.0,-0.00010444106,-2.5324482e-05,-0.00030483585,-8.22084e-05,8.30109e-05,-0.000285773,0.00011222405452434885,34.72014350478718,4.483868490578523
PART-RIVERBANK-1,321,RiverBank/C3D8R,-275.0,-10.0,-35.0,0.00010444106,2.5324482e-05,-0.00030483585,8.22084e-05,-8.30109e-05,-0.000285773,0.00011222405452434885,34.72014350478718,4.483868490578523
PART-RIVERBANK-1,348,RiverBank/C3D8R,-275.0,10.0,-35.0,0.00010444106,-2.5324482e-05,-0.00030483585,8.22084e-05,8.30109e-05,-0.000285773,0.00011222405452434885,34.72014350478718,4.483868490578523
PART-RIVERBANK-2,255,RiverBank/C3D8R,285.0,5.0,-30.0,-0.00012104407,0.000121042794,-0.00041759823,-0.00014065,0.000116056,-0.000527019,0.00011127517923129236,24.655400156275395,23.5646540389806
PART-RIVERBANK-2,257,RiverBank/C3D8R,285.0,-5.0,-30.0,-0.00012104407,-0.000121042794,-0.00041759823,-0.00014065,-0.000116056,-0.000527019,0.00011127517923129236,24.655400156275395,23.5646540389806
PART-RIVERBANK-1,243,RiverBank/C3D8R,-285.0,5.0,-30.0,0.00012104407,0.000121042794,-0.00041759823,0.00014065,0.000116056,-0.000527019,0.00011127517923129236,24.655400156275395,23.5646540389806
PART-RIVERBANK-1,245,RiverBank/C3D8R,-285.0,-5.0,-30.0,0.00012104407,-0.000121042794,-0.00041759823,0.00014065,-0.000116056,-0.000527019,0.00011127517923129236,24.655400156275395,23.5646540389806
PART-RIVERBANK-2,153,RiverBank/C3D8R,260.0,10.0,-20.0,-0.00026313856,-4.871467e-05,-0.00050268794,-0.000298699,3.36909e-05,-0.000567469,0.00011068788820255857,19.436578072277165,12.763110416112742
PART-RIVERBANK-2,198,RiverBank/C3D8R,260.0,-10.0,-20.0,-0.00026313856,4.871467e-05,-0.00050268794,-0.000298699,-3.36909e-05,-0.000567469,0.00011068788820255857,19.436578072277165,12.763110416112742
PART-RIVERBANK-1,183,RiverBank/C3D8R,-260.0,10.0,-20.0,0.00026313856,-4.871467e-05,-0.00050268794,0.000298699,3.36909e-05,-0.000567469,0.00011068788820255857,19.436578072277165,12.763110416112742
PART-RIVERBANK-1,228,RiverBank/C3D8R,-260.0,-10.0,-20.0,0.00026313856,4.871467e-05,-0.00050268794,0.000298699,-3.36909e-05,-0.000567469,0.00011068788820255857,19.436578072277165,12.763110416112742
PART-RIVERBANK-2,285,RiverBank/C3D8R,290.0,5.0,0.0,-0.0003932828,2.3539e-06,-0.000440481,-0.000413326,-9.3352e-06,-0.000548598,0.00011057870777889383,18.72601123483953,16.3300703106753
PART-RIVERBANK-2,287,RiverBank/C3D8R,290.0,-5.0,0.0,-0.0003932828,-2.3539e-06,-0.000440481,-0.000413326,9.3352e-06,-0.000548598,0.00011057870777889383,18.72601123483953,16.3300703106753
PART-RIVERBANK-1,267,RiverBank/C3D8R,-290.0,5.0,0.0,0.0003932828,2.3539e-06,-0.000440481,0.000413326,-9.3352e-06,-0.000548598,0.00011057870777889383,18.72601123483953,16.3300703106753
PART-RIVERBANK-1,269,RiverBank/C3D8R,-290.0,-5.0,0.0,0.0003932828,-2.3539e-06,-0.000440481,0.000413326,9.3352e-06,-0.000548598,0.00011057870777889383,18.72601123483953,16.3300703106753
PART-RIVERBANK-2,54,RiverBank/C3D8R,295.0,10.0,-30.0,0.00014406483,-0.00012879596,-0.00012513345,9.96794e-05,-0.000116537,-2.53236e-05,0.00010991976461760186,47.74543937290316,32.486931046952385
PART-RIVERBANK-2,80,RiverBank/C3D8R,295.0,-10.0,-30.0,0.00014406483,0.00012879596,-0.00012513345,9.96794e-05,0.000116537,-2.53236e-05,0.00010991976461760186,47.74543937290316,32.486931046952385
PART-RIVERBANK-1,62,RiverBank/C3D8R,-295.0,10.0,-30.0,-0.00014406483,-0.00012879596,-0.00012513345,-9.96794e-05,-0.000116537,-2.53236e-05,0.00010991976461760186,47.74543937290316,32.486931046952385
PART-RIVERBANK-1,72,RiverBank/C3D8R,-295.0,-10.0,-30.0,-0.00014406483,0.00012879596,-0.00012513345,-9.96794e-05,0.000116537,-2.53236e-05,0.00010991976461760186,47.74543937290316,32.486931046952385
PART-RIVERBANK-2,172,RiverBank/C3D8R,280.0,10.0,-25.0,-9.5773845e-05,9.584027e-05,-0.0004221329,-0.000121656,3.7561e-07,-0.000467526,0.00010882977893926655,24.547462982180235,8.966125029500894
PART-RIVERBANK-2,217,RiverBank/C3D8R,280.0,-10.0,-25.0,-9.5773845e-05,-9.584027e-05,-0.0004221329,-0.000121656,-3.7561e-07,-0.000467526,0.00010882977893926655,24.547462982180235,8.966125029500894
PART-RIVERBANK-1,162,RiverBank/C3D8R,-280.0,10.0,-25.0,9.5773845e-05,9.584027e-05,-0.0004221329,0.000121656,3.7561e-07,-0.000467526,0.00010882977893926655,24.547462982180235,8.966125029500894
PART-RIVERBANK-1,207,RiverBank/C3D8R,-280.0,-10.0,-25.0,9.5773845e-05,-9.584027e-05,-0.0004221329,0.000121656,-3.7561e-07,-0.000467526,0.00010882977893926655,24.547462982180235,8.966125029500894
PART-RIVERBANK-2,313,RiverBank/C3D8R,260.0,-10.0,-40.0,-4.84934e-05,-7.40552e-06,-0.00030755543,-2.83049e-05,-0.000111718,-0.000319369,0.00010690289730472838,34.32501893946107,9.017376465230493
PART-RIVERBANK-2,340,RiverBank/C3D8R,260.0,10.0,-40.0,-4.84934e-05,7.40552e-06,-0.00030755543,-2.83049e-05,0.000111718,-0.000319369,0.00010690289730472838,34.32501893946107,9.017376465230493
PART-RIVERBANK-1,331,RiverBank/C3D8R,-260.0,-10.0,-40.0,4.84934e-05,-7.40552e-06,-0.00030755543,2.83049e-05,-0.000111718,-0.000319369,0.00010690289730472838,34.32501893946107,9.017376465230493
PART-RIVERBANK-1,358,RiverBank/C3D8R,-260.0,10.0,-40.0,4.84934e-05,7.40552e-06,-0.00030755543,2.83049e-05,0.000111718,-0.000319369,0.00010690289730472838,34.32501893946107,9.017376465230493
PART-RIVERBANK-2,56,RiverBank/C3D8R,285.0,10.0,-30.0,-4.789921e-06,-0.00016385912,-0.00014735808,-1.78682e-05,-0.000156173,-4.19955e-05,0.0001064490069775789,48.29263080073046,26.185783520483614
PART-RIVERBANK-2,78,RiverBank/C3D8R,285.0,-10.0,-30.0,-4.789921e-06,0.00016385912,-0.00014735808,-1.78682e-05,0.000156173,-4.19955e-05,0.0001064490069775789,48.29263080073046,26.185783520483614
PART-RIVERBANK-1,60,RiverBank/C3D8R,-285.0,10.0,-30.0,4.789921e-06,-0.00016385912,-0.00014735808,1.78682e-05,-0.000156173,-4.19955e-05,0.0001064490069775789,48.29263080073046,26.185783520483614
PART-RIVERBANK-1,74,RiverBank/C3D8R,-285.0,-10.0,-30.0,4.789921e-06,0.00016385912,-0.00014735808,1.78682e-05,0.000156173,-4.19955e-05,0.0001064490069775789,48.29263080073046,26.185783520483614
PART-RIVERBANK-2,402,RiverBank/C3D8R,255.0,5.0,-5.0,-0.0005438981,5.328886e-05,-0.00093052554,-0.000533858,-1.3071e-05,-0.00101282,0.0001061923385839167,9.840462033086972,6.101192862428941
PART-RIVERBANK-2,404,RiverBank/C3D8R,255.0,-5.0,-5.0,-0.0005438981,-5.328886e-05,-0.00093052554,-0.000533858,1.3071e-05,-0.00101282,0.0001061923385839167,9.840462033086972,6.101192862428941
PART-RIVERBANK-1,522,RiverBank/C3D8R,-255.0,5.0,-5.0,0.0005438981,5.328886e-05,-0.00093052554,0.000533858,-1.3071e-05,-0.00101282,0.0001061923385839167,9.840462033086972,6.101192862428941
PART-RIVERBANK-1,524,RiverBank/C3D8R,-255.0,-5.0,-5.0,0.0005438981,-5.328886e-05,-0.00093052554,0.000533858,1.3071e-05,-0.00101282,0.0001061923385839167,9.840462033086972,6.101192862428941
PART-RIVERBANK-2,436,RiverBank/C3D8R,270.0,0.0,-25.0,7.32629e-06,-9.431058e-18,-0.00057089154,-9.58881e-05,1.02999e-17,-0.000587542,0.00010454878345195461,18.311740189586985,4.269567023311048
PART-RIVERBANK-1,466,RiverBank/C3D8R,-270.0,0.0,-25.0,-7.32629e-06,1.4136932e-18,-0.00057089154,9.58881e-05,-3.92854e-17,-0.000587542,0.00010454878345195461,18.311740189586985,4.269567023311048
PART-RIVERBANK-2,177,RiverBank/C3D8R,285.0,10.0,-25.0,-8.738071e-05,-3.3755685e-05,-0.0003351761,-0.000127467,4.49721e-05,-0.000279566,0.00010439089040227754,29.99566678670168,10.772995305227068
PART-RIVERBANK-2,222,RiverBank/C3D8R,285.0,-10.0,-25.0,-8.738071e-05,3.3755685e-05,-0.0003351761,-0.000127467,-4.49721e-05,-0.000279566,0.00010439089040227754,29.99566678670168,10.772995305227068
PART-RIVERBANK-1,157,RiverBank/C3D8R,-285.0,10.0,-25.0,8.738071e-05,-3.3755685e-05,-0.0003351761,0.000127467,4.49721e-05,-0.000279566,0.00010439089040227754,29.99566678670168,10.772995305227068
PART-RIVERBANK-1,202,RiverBank/C3D8R,-285.0,-10.0,-25.0,8.738071e-05,3.3755685e-05,-0.0003351761,0.000127467,-4.49721e-05,-0.000279566,0.00010439089040227754,29.99566678670168,10.772995305227068
PART-RIVERBANK-2,259,RiverBank/C3D8R,290.0,0.0,-30.0,-0.00016888267,4.749121e-19,-0.00034490987,-0.000172157,3.29475e-18,-0.000446762,0.00010190474779167947,26.535159801148822,24.671477335208362
PART-RIVERBANK-1,241,RiverBank/C3D8R,-290.0,0.0,-30.0,0.00016888267,-1.2444733e-18,-0.00034490987,0.000172157,-3.78687e-18,-0.000446762,0.00010190474779167947,26.535159801148822,24.671477335208362
PART-RIVERBANK-2,155,RiverBank/C3D8R,260.0,10.0,-10.0,-0.00038937645,-7.51214e-05,-0.0006205553,-0.000481083,-4.57105e-05,-0.000642311,9.873400039602617e-05,13.406902866559815,9.146418709397288
PART-RIVERBANK-2,200,RiverBank/C3D8R,260.0,-10.0,-10.0,-0.00038937645,7.51214e-05,-0.0006205553,-0.000481083,4.57105e-05,-0.000642311,9.873400039602617e-05,13.406902866559815,9.146418709397288
PART-RIVERBANK-1,185,RiverBank/C3D8R,-260.0,10.0,-10.0,0.00038937645,-7.51214e-05,-0.0006205553,0.000481083,-4.57105e-05,-0.000642311,9.873400039602617e-05,13.406902866559815,9.146418709397288
PART-RIVERBANK-1,230,RiverBank/C3D8R,-260.0,-10.0,-10.0,0.00038937645,7.51214e-05,-0.0006205553,0.000481083,4.57105e-05,-0.000642311,9.873400039602617e-05,13.406902866559815,9.146418709397288
PART-RIVERBANK-2,36,RiverBank/C3D8R,300.0,-10.0,-25.0,-0.00018186243,-7.1913026e-05,-0.000278395,-0.00011794,-6.38185e-06,-0.000315102,9.86296909355792e-05,28.99003021334349,1.089904054126433
PART-RIVERBANK-2,40,RiverBank/C3D8R,300.0,10.0,-25.0,-0.00018186243,7.1913026e-05,-0.000278395,-0.00011794,6.38185e-06,-0.000315102,9.86296909355792e-05,28.99003021334349,1.089904054126433
PART-RIVERBANK-1,16,RiverBank/C3D8R,-300.0,-10.0,-25.0,0.00018186243,-7.1913026e-05,-0.000278395,0.00011794,-6.38185e-06,-0.000315102,9.86296909355792e-05,28.99003021334349,1.089904054126433
PART-RIVERBANK-1,28,RiverBank/C3D8R,-300.0,10.0,-25.0,0.00018186243,7.1913026e-05,-0.000278395,0.00011794,6.38185e-06,-0.000315102,9.86296909355792e-05,28.99003021334349,1.089904054126433
PART-RIVERBANK-2,121,RiverBank/C3D8R,250.0,0.0,-20.0,7.4406766e-05,-3.203383e-17,-0.0014095407,0.000171434,2.25717e-17,-0.00139586,9.798696694040874e-05,6.9420292680864595,0.3652278745893165
PART-RIVERBANK-1,136,RiverBank/C3D8R,-250.0,0.0,-20.0,-7.4406766e-05,5.9646555e-18,-0.0014095407,-0.000171434,-1.1397e-16,-0.00139586,9.798696694040874e-05,6.9420292680864595,0.3652278745893165
PART-RIVERBANK-2,417,RiverBank/C3D8R,260.0,5.0,-5.0,-0.0005063928,-2.0661677e-05,-0.00057620375,-0.000577106,4.6051e-05,-0.000578473,9.724241575726525e-05,12.672010742924716,6.65061171485775
PART-RIVERBANK-2,419,RiverBank/C3D8R,260.0,-5.0,-5.0,-0.0005063928,2.0661677e-05,-0.00057620375,-0.000577106,-4.6051e-05,-0.000578473,9.724241575726525e-05,12.672010742924716,6.65061171485775
PART-RIVERBANK-1,507,RiverBank/C3D8R,-260.0,5.0,-5.0,0.0005063928,-2.0661677e-05,-0.00057620375,0.000577106,4.6051e-05,-0.000578473,9.724241575726525e-05,12.672010742924716,6.65061171485775
PART-RIVERBANK-1,509,RiverBank/C3D8R,-260.0,-5.0,-5.0,0.0005063928,2.0661677e-05,-0.00057620375,0.000577106,-4.6051e-05,-0.000578473,9.724241575726525e-05,12.672010742924716,6.65061171485775
PART-RIVERBANK-2,408,RiverBank/C3D8R,260.0,5.0,-20.0,-0.00013818995,6.4316664e-05,-0.00067245465,-0.000192671,6.99567e-06,-0.000617127,9.651440315710932e-05,13.997471465506312,6.232071172924662
PART-RIVERBANK-2,410,RiverBank/C3D8R,260.0,-5.0,-20.0,-0.00013818995,-6.4316664e-05,-0.00067245465,-0.000192671,-6.99567e-06,-0.000617127,9.651440315710932e-05,13.997471465506312,6.232071172924662
PART-RIVERBANK-1,498,RiverBank/C3D8R,-260.0,5.0,-20.0,0.00013818995,6.4316664e-05,-0.00067245465,0.000192671,6.99567e-06,-0.000617127,9.651440315710932e-05,13.997471465506312,6.232071172924662
PART-RIVERBANK-1,500,RiverBank/C3D8R,-260.0,-5.0,-20.0,0.00013818995,-6.4316664e-05,-0.00067245465,0.000192671,-6.99567e-06,-0.000617127,9.651440315710932e-05,13.997471465506312,6.232071172924662
PART-RIVERBANK-2,552,RiverBank/C3D8R,270.0,-5.0,-35.0,-0.00016509237,2.5222287e-05,-0.00023331422,-0.000104348,-4.90192e-05,-0.000235967,9.596204520744891e-05,33.444744038753676,8.469844633718441
PART-RIVERBANK-2,554,RiverBank/C3D8R,270.0,5.0,-35.0,-0.00016509237,-2.5222287e-05,-0.00023331422,-0.000104348,4.90192e-05,-0.000235967,9.596204520744891e-05,33.444744038753676,8.469844633718441
PART-RIVERBANK-1,570,RiverBank/C3D8R,-270.0,-5.0,-35.0,0.00016509237,2.5222287e-05,-0.00023331422,0.000104348,-4.90192e-05,-0.000235967,9.596204520744891e-05,33.444744038753676,8.469844633718441
PART-RIVERBANK-1,572,RiverBank/C3D8R,-270.0,5.0,-35.0,0.00016509237,-2.5222287e-05,-0.00023331422,0.000104348,4.90192e-05,-0.000235967,9.596204520744891e-05,33.444744038753676,8.469844633718441
PART-RIVERBANK-2,55,RiverBank/C3D8R,290.0,10.0,-30.0,-0.00015473572,0.00019911543,-0.00039814477,-0.000160111,0.00018756,-0.000492704,9.541420007397325e-05,20.245550386358673,16.908768294505634
PART-RIVERBANK-2,79,RiverBank/C3D8R,290.0,-10.0,-30.0,-0.00015473572,-0.00019911543,-0.00039814477,-0.000160111,-0.00018756,-0.000492704,9.541420007397325e-05,20.245550386358673,16.908768294505634
PART-RIVERBANK-1,61,RiverBank/C3D8R,-290.0,10.0,-30.0,0.00015473572,0.00019911543,-0.00039814477,0.000160111,0.00018756,-0.000492704,9.541420007397325e-05,20.245550386358673,16.908768294505634
PART-RIVERBANK-1,73,RiverBank/C3D8R,-290.0,-10.0,-30.0,0.00015473572,-0.00019911543,-0.00039814477,0.000160111,-0.00018756,-0.000492704,9.541420007397325e-05,20.245550386358673,16.908768294505634
PART-RIVERBANK-2,261,RiverBank/C3D8R,295.0,5.0,-30.0,-0.00022040105,9.1000555e-05,-0.0003417675,-0.000208036,8.2868e-05,-0.000435971,9.535896562243388e-05,22.88274901783827,17.611110401646524
PART-RIVERBANK-2,263,RiverBank/C3D8R,295.0,-5.0,-30.0,-0.00022040105,-9.1000555e-05,-0.0003417675,-0.000208036,-8.2868e-05,-0.000435971,9.535896562243388e-05,22.88274901783827,17.611110401646524
PART-RIVERBANK-1,237,RiverBank/C3D8R,-295.0,5.0,-30.0,0.00022040105,9.1000555e-05,-0.0003417675,0.000208036,8.2868e-05,-0.000435971,9.535896562243388e-05,22.88274901783827,17.611110401646524
PART-RIVERBANK-1,239,RiverBank/C3D8R,-295.0,-5.0,-30.0,0.00022040105,-9.1000555e-05,-0.0003417675,0.000208036,-8.2868e-05,-0.000435971,9.535896562243388e-05,22.88274901783827,17.611110401646524
PART-RIVERBANK-2,511,RiverBank/C3D8R,295.0,0.0,-25.0,-2.1448525e-06,1.6988947e-19,-0.00022878543,-8.12699e-05,1.12003e-17,-0.000175821,9.521556588658263e-05,41.61601633772338,15.341346993221705
PART-RIVERBANK-1,391,RiverBank/C3D8R,-295.0,0.0,-25.0,2.1448525e-06,-1.3799492e-18,-0.00022878543,8.12699e-05,-3.7117e-18,-0.000175821,9.521556588658263e-05,41.61601633772338,15.341346993221705
PART-RIVERBANK-2,37,RiverBank/C3D8R,300.0,5.0,0.0,-0.00038289526,4.769249e-06,-0.00034538138,-0.000402136,-4.19118e-06,-0.000437599,9.462866797158267e-05,18.350477514385215,15.25230780169402
PART-RIVERBANK-2,39,RiverBank/C3D8R,300.0,-5.0,0.0,-0.00038289526,-4.769249e-06,-0.00034538138,-0.000402136,4.19118e-06,-0.000437599,9.462866797158267e-05,18.350477514385215,15.25230780169402
PART-RIVERBANK-1,21,RiverBank/C3D8R,-300.0,-5.0,0.0,0.00038289526,-4.769249e-06,-0.00034538138,0.000402136,4.19118e-06,-0.000437599,9.462866797158267e-05,18.350477514385215,15.25230780169402
PART-RIVERBANK-1,23,RiverBank/C3D8R,-300.0,5.0,0.0,0.00038289526,4.769249e-06,-0.00034538138,0.000402136,-4.19118e-06,-0.000437599,9.462866797158267e-05,18.350477514385215,15.25230780169402
PART-RIVERBANK-2,553,RiverBank/C3D8R,270.0,0.0,-35.0,0.0001063242,-3.7629517e-18,-0.00041743362,1.2518e-05,4.39441e-18,-0.000418488,9.381212541896914e-05,21.778194360311144,2.805853654023115
PART-RIVERBANK-1,571,RiverBank/C3D8R,-270.0,0.0,-35.0,-0.0001063242,4.7149455e-19,-0.00041743362,-1.2518e-05,-1.81604e-17,-0.000418488,9.381212541896914e-05,21.778194360311144,2.805853654023115
PART-RIVERBANK-2,435,RiverBank/C3D8R,270.0,5.0,-25.0,-0.00023325614,-3.3967874e-05,-0.00035006856,-0.000184873,4.47341e-05,-0.000341649,9.276754787289506e-05,21.981211884415373,7.346068945935144
PART-RIVERBANK-2,437,RiverBank/C3D8R,270.0,-5.0,-25.0,-0.00023325614,3.3967874e-05,-0.00035006856,-0.000184873,-4.47341e-05,-0.000341649,9.276754787289506e-05,21.981211884415373,7.346068945935144
PART-RIVERBANK-1,465,RiverBank/C3D8R,-270.0,5.0,-25.0,0.00023325614,-3.3967874e-05,-0.00035006856,0.000184873,4.47341e-05,-0.000341649,9.276754787289506e-05,21.981211884415373,7.346068945935144
PART-RIVERBANK-1,467,RiverBank/C3D8R,-270.0,-5.0,-25.0,0.00023325614,3.3967874e-05,-0.00035006856,0.000184873,-4.47341e-05,-0.000341649,9.276754787289506e-05,21.981211884415373,7.346068945935144
PART-RIVERBANK-2,399,RiverBank/C3D8R,255.0,5.0,-10.0,-0.0003637632,-4.996119e-05,-0.0007015017,-0.000403596,6.84215e-07,-0.000768013,9.260325065106529e-05,11.695495821734832,9.575439425391586
PART-RIVERBANK-2,401,RiverBank/C3D8R,255.0,-5.0,-10.0,-0.0003637632,4.996119e-05,-0.0007015017,-0.000403596,-6.84215e-07,-0.000768013,9.260325065106529e-05,11.695495821734832,9.575439425391586
PART-RIVERBANK-1,519,RiverBank/C3D8R,-255.0,5.0,-10.0,0.0003637632,-4.996119e-05,-0.0007015017,0.000403596,6.84215e-07,-0.000768013,9.260325065106529e-05,11.695495821734832,9.575439425391586
PART-RIVERBANK-1,521,RiverBank/C3D8R,-255.0,-5.0,-10.0,0.0003637632,4.996119e-05,-0.0007015017,0.000403596,-6.84215e-07,-0.000768013,9.260325065106529e-05,11.695495821734832,9.575439425391586
PART-RIVERBANK-2,30,RiverBank/C3D8R,300.0,0.0,-30.0,-0.00026609233,2.8139084e-18,-0.00026945767,-0.000245963,5.50836e-18,-0.000359368,9.213608070109015e-05,24.329665276011863,14.993948856249691
PART-RIVERBANK-1,14,RiverBank/C3D8R,-300.0,0.0,-30.0,0.00026609233,-2.4092535e-18,-0.00026945767,0.000245963,8.03329e-18,-0.000359368,9.213608070109015e-05,24.329665276011863,14.993948856249691
PART-RIVERBANK-2,83,RiverBank/C3D8R,250.0,10.0,-45.0,-0.00030875925,1.9017831e-06,-5.6779118e-05,-0.000382852,-5.15438e-05,-5.08734e-05,9.154803908635633e-05,29.160786207334944,24.112470326712604
PART-RIVERBANK-2,87,RiverBank/C3D8R,250.0,-10.0,-45.0,-0.00030875925,-1.9017831e-06,-5.6779118e-05,-0.000382852,5.15438e-05,-5.08734e-05,9.154803908635633e-05,29.160786207334944,24.112470326712604
PART-RIVERBANK-1,90,RiverBank/C3D8R,-250.0,10.0,-45.0,0.00030875925,1.9017831e-06,-5.6779118e-05,0.000382852,-5.15438e-05,-5.08734e-05,9.154803908635633e-05,29.160786207334944,24.112470326712604
PART-RIVERBANK-1,98,RiverBank/C3D8R,-250.0,-10.0,-45.0,0.00030875925,-1.9017831e-06,-5.6779118e-05,0.000382852,5.15438e-05,-5.08734e-05,9.154803908635633e-05,29.160786207334944,24.112470326712604
PART-RIVERBANK-2,161,RiverBank/C3D8R,265.0,10.0,-5.0,-0.00042108435,-6.948177e-05,-0.00068301935,-0.000490232,-1.18672e-05,-0.00069369,9.06349764066273e-05,11.253532802445333,5.478416878442472
PART-RIVERBANK-2,206,RiverBank/C3D8R,265.0,-10.0,-5.0,-0.00042108435,6.948177e-05,-0.00068301935,-0.000490232,1.18672e-05,-0.00069369,9.06349764066273e-05,11.253532802445333,5.478416878442472
PART-RIVERBANK-1,181,RiverBank/C3D8R,-265.0,10.0,-5.0,0.00042108435,-6.948177e-05,-0.00068301935,0.000490232,-1.18672e-05,-0.00069369,9.06349764066273e-05,11.253532802445333,5.478416878442472
PART-RIVERBANK-1,226,RiverBank/C3D8R,-265.0,-10.0,-5.0,0.00042108435,6.948177e-05,-0.00068301935,0.000490232,1.18672e-05,-0.00069369,9.06349764066273e-05,11.253532802445333,5.478416878442472
PART-RIVERBANK-2,324,RiverBank/C3D8R,280.0,-10.0,-35.0,-8.096031e-07,-0.00013552824,-0.00024960854,-2.24758e-05,-4.96329e-05,-0.000268658,9.061079101363574e-05,31.901849730899183,3.4865074913239513
PART-RIVERBANK-2,351,RiverBank/C3D8R,280.0,10.0,-35.0,-8.096031e-07,0.00013552824,-0.00024960854,-2.24758e-05,4.96329e-05,-0.000268658,9.061079101363574e-05,31.901849730899183,3.4865074913239513
PART-RIVERBANK-1,318,RiverBank/C3D8R,-280.0,-10.0,-35.0,8.096031e-07,-0.00013552824,-0.00024960854,2.24758e-05,-4.96329e-05,-0.000268658,9.061079101363574e-05,31.901849730899183,3.4865074913239513
PART-RIVERBANK-1,345,RiverBank/C3D8R,-280.0,10.0,-35.0,8.096031e-07,0.00013552824,-0.00024960854,2.24758e-05,4.96329e-05,-0.000268658,9.061079101363574e-05,31.901849730899183,3.4865074913239513
PART-RIVERBANK-2,159,RiverBank/C3D8R,265.0,10.0,-15.0,-0.0002702257,-3.67672e-05,-0.00053587666,-0.000345701,1.31471e-05,-0.00053399,9.050700382034312e-05,15.052390700103746,5.8176751893846905
PART-RIVERBANK-2,204,RiverBank/C3D8R,265.0,-10.0,-15.0,-0.0002702257,3.67672e-05,-0.00053587666,-0.000345701,-1.31471e-05,-0.00053399,9.050700382034312e-05,15.052390700103746,5.8176751893846905
PART-RIVERBANK-1,179,RiverBank/C3D8R,-265.0,10.0,-15.0,0.0002702257,-3.67672e-05,-0.00053587666,0.000345701,1.31471e-05,-0.00053399,9.050700382034312e-05,15.052390700103746,5.8176751893846905
PART-RIVERBANK-1,224,RiverBank/C3D8R,-265.0,-10.0,-15.0,0.0002702257,3.67672e-05,-0.00053587666,0.000345701,-1.31471e-05,-0.00053399,9.050700382034312e-05,15.052390700103746,5.8176751893846905
PART-RIVERBANK-2,450,RiverBank/C3D8R,275.0,5.0,-25.0,-6.7098474e-05,6.7199195e-05,-0.00048795374,-0.000123401,4.17685e-06,-0.00051979,9.030690922663284e-05,18.166440981702472,7.4722451520519355
PART-RIVERBANK-2,452,RiverBank/C3D8R,275.0,-5.0,-25.0,-6.7098474e-05,-6.7199195e-05,-0.00048795374,-0.000123401,-4.17685e-06,-0.00051979,9.030690922663284e-05,18.166440981702472,7.4722451520519355
PART-RIVERBANK-1,450,RiverBank/C3D8R,-275.0,5.0,-25.0,6.7098474e-05,6.7199195e-05,-0.00048795374,0.000123401,4.17685e-06,-0.00051979,9.030690922663284e-05,18.166440981702472,7.4722451520519355
PART-RIVERBANK-1,452,RiverBank/C3D8R,-275.0,-5.0,-25.0,6.7098474e-05,-6.7199195e-05,-0.00048795374,0.000123401,-4.17685e-06,-0.00051979,9.030690922663284e-05,18.166440981702472,7.4722451520519355
PART-RIVERBANK-2,300,RiverBank/C3D8R,300.0,-5.0,-35.0,0.00013758591,2.9644561e-05,-0.00014415296,5.73227e-05,4.06481e-06,-0.000114877,8.918289283628166e-05,44.26685537152713,36.243015721341855
PART-RIVERBANK-2,302,RiverBank/C3D8R,300.0,5.0,-35.0,0.00013758591,-2.9644561e-05,-0.00014415296,5.73227e-05,-4.06481e-06,-0.000114877,8.918289283628166e-05,44.26685537152713,36.243015721341855
PART-RIVERBANK-1,291,RiverBank/C3D8R,-300.0,-5.0,-35.0,-0.00013758591,2.9644561e-05,-0.00014415296,-5.73227e-05,4.06481e-06,-0.000114877,8.918289283628166e-05,44.26685537152713,36.243015721341855
PART-RIVERBANK-1,293,RiverBank/C3D8R,-300.0,5.0,-35.0,-0.00013758591,-2.9644561e-05,-0.00014415296,-5.73227e-05,-4.06481e-06,-0.000114877,8.918289283628166e-05,44.26685537152713,36.243015721341855
PART-RIVERBANK-2,333,RiverBank/C3D8R,295.0,-10.0,-35.0,0.00010361184,4.1539563e-05,-0.00021992662,4.23936e-05,-1.03667e-05,-0.000185948,8.715778602297772e-05,35.33881972993487,22.55716046196167
PART-RIVERBANK-2,360,RiverBank/C3D8R,295.0,10.0,-35.0,0.00010361184,-4.1539563e-05,-0.00021992662,4.23936e-05,1.03667e-05,-0.000185948,8.715778602297772e-05,35.33881972993487,22.55716046196167
PART-RIVERBANK-1,309,RiverBank/C3D8R,-295.0,-10.0,-35.0,-0.00010361184,4.1539563e-05,-0.00021992662,-4.23936e-05,-1.03667e-05,-0.000185948,8.715778602297772e-05,35.33881972993487,22.55716046196167
PART-RIVERBANK-1,336,RiverBank/C3D8R,-295.0,10.0,-35.0,-0.00010361184,-4.1539563e-05,-0.00021992662,-4.23936e-05,1.03667e-05,-0.000185948,8.715778602297772e-05,35.33881972993487,22.55716046196167
PART-RIVERBANK-2,176,RiverBank/C3D8R,280.0,10.0,-5.0,-0.00037295456,2.2127295e-05,-0.00048590425,-0.00041658,-3.47173e-05,-0.000436676,8.693622716664282e-05,14.18362769767202,1.374617114885188
PART-RIVERBANK-2,221,RiverBank/C3D8R,280.0,-10.0,-5.0,-0.00037295456,-2.2127295e-05,-0.00048590425,-0.00041658,3.47173e-05,-0.000436676,8.693622716664282e-05,14.18362769767202,1.374617114885188
PART-RIVERBANK-1,166,RiverBank/C3D8R,-280.0,10.0,-5.0,0.00037295456,2.2127295e-05,-0.00048590425,0.00041658,-3.47173e-05,-0.000436676,8.693622716664282e-05,14.18362769767202,1.374617114885188
PART-RIVERBANK-1,211,RiverBank/C3D8R,-280.0,-10.0,-5.0,0.00037295456,-2.2127295e-05,-0.00048590425,0.00041658,3.47173e-05,-0.000436676,8.693622716664282e-05,14.18362769767202,1.374617114885188
PART-RIVERBANK-2,411,RiverBank/C3D8R,260.0,5.0,-15.0,-0.0003215146,-1.745723e-05,-0.000570829,-0.0003658,3.00826e-05,-0.000628351,8.677564504853246e-05,13.24052096353478,11.034115345422075
PART-RIVERBANK-2,413,RiverBank/C3D8R,260.0,-5.0,-15.0,-0.0003215146,1.745723e-05,-0.000570829,-0.0003658,-3.00826e-05,-0.000628351,8.677564504853246e-05,13.24052096353478,11.034115345422075
PART-RIVERBANK-1,501,RiverBank/C3D8R,-260.0,5.0,-15.0,0.0003215146,-1.745723e-05,-0.000570829,0.0003658,3.00826e-05,-0.000628351,8.677564504853246e-05,13.24052096353478,11.034115345422075
PART-RIVERBANK-1,503,RiverBank/C3D8R,-260.0,-5.0,-15.0,0.0003215146,1.745723e-05,-0.000570829,0.0003658,-3.00826e-05,-0.000628351,8.677564504853246e-05,13.24052096353478,11.034115345422075
PART-RIVERBANK-2,462,RiverBank/C3D8R,275.0,5.0,-5.0,-0.00037078006,4.747072e-06,-0.00060655846,-0.000422544,-3.54059e-05,-0.000550701,8.60919420294837e-05,12.109858338115991,2.235549619239591
PART-RIVERBANK-2,464,RiverBank/C3D8R,275.0,-5.0,-5.0,-0.00037078006,-4.747072e-06,-0.00060655846,-0.000422544,3.54059e-05,-0.000550701,8.60919420294837e-05,12.109858338115991,2.235549619239591
PART-RIVERBANK-1,462,RiverBank/C3D8R,-275.0,5.0,-5.0,0.00037078006,4.747072e-06,-0.00060655846,0.000422544,-3.54059e-05,-0.000550701,8.60919420294837e-05,12.109858338115991,2.235549619239591
PART-RIVERBANK-1,464,RiverBank/C3D8R,-275.0,-5.0,-5.0,0.00037078006,-4.747072e-06,-0.00060655846,0.000422544,3.54059e-05,-0.000550701,8.60919420294837e-05,12.109858338115991,2.235549619239591
PART-RIVERBANK-2,5,RiverBank/C3D8R,300.0,-10.0,-30.0,-0.0002572243,-0.00016928493,-0.00031718044,-0.000239627,-0.000156843,-0.000400204,8.577516018340332e-05,19.403107961650505,11.32239642333907
PART-RIVERBANK-2,8,RiverBank/C3D8R,300.0,10.0,-30.0,-0.0002572243,0.00016928493,-0.00031718044,-0.000239627,0.000156843,-0.000400204,8.577516018340332e-05,19.403107961650505,11.32239642333907
PART-RIVERBANK-1,1,RiverBank/C3D8R,-300.0,10.0,-30.0,0.0002572243,0.00016928493,-0.00031718044,0.000239627,0.000156843,-0.000400204,8.577516018340332e-05,19.403107961650505,11.32239642333907
PART-RIVERBANK-1,2,RiverBank/C3D8R,-300.0,-10.0,-30.0,0.0002572243,-0.00016928493,-0.00031718044,0.000239627,-0.000156843,-0.000400204,8.577516018340332e-05,19.403107961650505,11.32239642333907
PART-RIVERBANK-2,298,RiverBank/C3D8R,250.0,0.0,-45.0,-0.00024495498,-1.759432e-18,-9.7094686e-05,-0.000329968,-2.12224e-18,-9.29178e-05,8.511556817749259e-05,32.30237229848048,30.09710446471644
PART-RIVERBANK-1,307,RiverBank/C3D8R,-250.0,0.0,-45.0,0.00024495498,8.47281e-19,-9.7094686e-05,0.000329968,-1.10119e-17,-9.29178e-05,8.511556817749259e-05,32.30237229848048,30.09710446471644
PART-RIVERBANK-2,182,RiverBank/C3D8R,290.0,10.0,-25.0,-0.00014306148,8.1119324e-05,-0.0003644746,-0.000127547,1.06619e-05,-0.000409165,8.486565582463956e-05,21.223799410113102,7.216455498167932
PART-RIVERBANK-2,227,RiverBank/C3D8R,290.0,-10.0,-25.0,-0.00014306148,-8.1119324e-05,-0.0003644746,-0.000127547,-1.06619e-05,-0.000409165,8.486565582463956e-05,21.223799410113102,7.216455498167932
PART-RIVERBANK-1,152,RiverBank/C3D8R,-290.0,10.0,-25.0,0.00014306148,8.1119324e-05,-0.0003644746,0.000127547,1.06619e-05,-0.000409165,8.486565582463956e-05,21.223799410113102,7.216455498167932
PART-RIVERBANK-1,197,RiverBank/C3D8R,-290.0,-10.0,-25.0,0.00014306148,-8.1119324e-05,-0.0003644746,0.000127547,-1.06619e-05,-0.000409165,8.486565582463956e-05,21.223799410113102,7.216455498167932
PART-RIVERBANK-2,163,RiverBank/C3D8R,270.0,10.0,-20.0,-0.00020799453,-1.1830296e-05,-0.00045059662,-0.000264025,4.36654e-05,-0.000419721,8.469055291666074e-05,17.060048216842944,0.27202830138735773
PART-RIVERBANK-2,208,RiverBank/C3D8R,270.0,-10.0,-20.0,-0.00020799453,1.1830296e-05,-0.00045059662,-0.000264025,-4.36654e-05,-0.000419721,8.469055291666074e-05,17.060048216842944,0.27202830138735773
PART-RIVERBANK-1,173,RiverBank/C3D8R,-270.0,10.0,-20.0,0.00020799453,-1.1830296e-05,-0.00045059662,0.000264025,4.36654e-05,-0.000419721,8.469055291666074e-05,17.060048216842944,0.27202830138735773
PART-RIVERBANK-1,218,RiverBank/C3D8R,-270.0,-10.0,-20.0,0.00020799453,1.1830296e-05,-0.00045059662,0.000264025,-4.36654e-05,-0.000419721,8.469055291666074e-05,17.060048216842944,0.27202830138735773
PART-RIVERBANK-2,311,RiverBank/C3D8R,255.0,-10.0,-45.0,-1.754392e-05,-4.6183355e-05,-0.0001822415,1.57771e-05,-0.000118806,-0.000209418,8.439728131217512e-05,44.6974260115505,27.787675099035514
PART-RIVERBANK-2,338,RiverBank/C3D8R,255.0,10.0,-45.0,-1.754392e-05,4.6183355e-05,-0.0001822415,1.57771e-05,0.000118806,-0.000209418,8.439728131217512e-05,44.6974260115505,27.787675099035514
PART-RIVERBANK-1,335,RiverBank/C3D8R,-255.0,-10.0,-45.0,1.754392e-05,-4.6183355e-05,-0.0001822415,-1.57771e-05,-0.000118806,-0.000209418,8.439728131217512e-05,44.6974260115505,27.787675099035514
PART-RIVERBANK-1,362,RiverBank/C3D8R,-255.0,10.0,-45.0,1.754392e-05,4.6183355e-05,-0.0001822415,-1.57771e-05,0.000118806,-0.000209418,8.439728131217512e-05,44.6974260115505,27.787675099035514
PART-RIVERBANK-2,492,RiverBank/C3D8R,285.0,5.0,-5.0,-0.00033359628,1.0806109e-05,-0.0005311809,-0.000381016,-1.5369e-05,-0.000467731,8.342455265717814e-05,13.298124595248579,3.8043213873198876
PART-RIVERBANK-2,494,RiverBank/C3D8R,285.0,-5.0,-5.0,-0.00033359628,-1.0806109e-05,-0.0005311809,-0.000381016,1.5369e-05,-0.000467731,8.342455265717814e-05,13.298124595248579,3.8043213873198876
PART-RIVERBANK-1,432,RiverBank/C3D8R,-285.0,5.0,-5.0,0.00033359628,1.0806109e-05,-0.0005311809,0.000381016,-1.5369e-05,-0.000467731,8.342455265717814e-05,13.298124595248579,3.8043213873198876
PART-RIVERBANK-1,434,RiverBank/C3D8R,-285.0,-5.0,-5.0,0.00033359628,-1.0806109e-05,-0.0005311809,0.000381016,1.5369e-05,-0.000467731,8.342455265717814e-05,13.298124595248579,3.8043213873198876
PART-RIVERBANK-2,171,RiverBank/C3D8R,275.0,10.0,-5.0,-0.0003661575,-3.936641e-05,-0.00058340095,-0.000398202,2.33261e-05,-0.000626245,8.241852589529008e-05,11.946248396761211,7.621103487479985
PART-RIVERBANK-2,216,RiverBank/C3D8R,275.0,-10.0,-5.0,-0.0003661575,3.936641e-05,-0.00058340095,-0.000398202,-2.33261e-05,-0.000626245,8.241852589529008e-05,11.946248396761211,7.621103487479985
PART-RIVERBANK-1,171,RiverBank/C3D8R,-275.0,10.0,-5.0,0.0003661575,-3.936641e-05,-0.00058340095,0.000398202,2.33261e-05,-0.000626245,8.241852589529008e-05,11.946248396761211,7.621103487479985
PART-RIVERBANK-1,216,RiverBank/C3D8R,-275.0,-10.0,-5.0,0.0003661575,3.936641e-05,-0.00058340095,0.000398202,-2.33261e-05,-0.000626245,8.241852589529008e-05,11.946248396761211,7.621103487479985
PART-RIVERBANK-2,17,RiverBank/C3D8R,250.0,-10.0,-20.0,0.0004105204,0.00014928315,-0.0013587953,0.000446657,0.000219556,-0.00133648,8.211029119892647e-05,5.7529084200687635,0.07982574814475944
PART-RIVERBANK-2,27,RiverBank/C3D8R,250.0,10.0,-20.0,0.0004105204,-0.00014928315,-0.0013587953,0.000446657,-0.000219556,-0.00133648,8.211029119892647e-05,5.7529084200687635,0.07982574814475944
PART-RIVERBANK-1,35,RiverBank/C3D8R,-250.0,-10.0,-20.0,-0.0004105204,0.00014928315,-0.0013587953,-0.000446657,0.000219556,-0.00133648,8.211029119892647e-05,5.7529084200687635,0.07982574814475944
PART-RIVERBANK-1,41,RiverBank/C3D8R,-250.0,10.0,-20.0,-0.0004105204,-0.00014928315,-0.0013587953,-0.000446657,-0.000219556,-0.00133648,8.211029119892647e-05,5.7529084200687635,0.07982574814475944
PART-RIVERBANK-2,186,RiverBank/C3D8R,290.0,10.0,-5.0,-0.0003405021,2.3250914e-05,-0.00042147693,-0.000378372,-2.24839e-05,-0.000367081,8.052775756339858e-05,14.848397002320498,2.706533327250552
PART-RIVERBANK-2,231,RiverBank/C3D8R,290.0,-10.0,-5.0,-0.0003405021,-2.3250914e-05,-0.00042147693,-0.000378372,2.24839e-05,-0.000367081,8.052775756339858e-05,14.848397002320498,2.706533327250552
PART-RIVERBANK-1,156,RiverBank/C3D8R,-290.0,10.0,-5.0,0.0003405021,2.3250914e-05,-0.00042147693,0.000378372,-2.24839e-05,-0.000367081,8.052775756339858e-05,14.848397002320498,2.706533327250552
PART-RIVERBANK-1,201,RiverBank/C3D8R,-290.0,-10.0,-5.0,0.0003405021,-2.3250914e-05,-0.00042147693,0.000378372,2.24839e-05,-0.000367081,8.052775756339858e-05,14.848397002320498,2.706533327250552
PART-RIVERBANK-2,495,RiverBank/C3D8R,290.0,5.0,-25.0,-5.47713e-05,-2.2541699e-05,-0.00024775314,-0.000111787,1.24062e-05,-0.000203947,7.99445032050597e-05,31.383467002186766,8.569589245406469
PART-RIVERBANK-2,497,RiverBank/C3D8R,290.0,-5.0,-25.0,-5.47713e-05,2.2541699e-05,-0.00024775314,-0.000111787,-1.24062e-05,-0.000203947,7.99445032050597e-05,31.383467002186766,8.569589245406469
PART-RIVERBANK-1,405,RiverBank/C3D8R,-290.0,5.0,-25.0,5.47713e-05,-2.2541699e-05,-0.00024775314,0.000111787,1.24062e-05,-0.000203947,7.99445032050597e-05,31.383467002186766,8.569589245406469
PART-RIVERBANK-1,407,RiverBank/C3D8R,-290.0,-5.0,-25.0,5.47713e-05,2.2541699e-05,-0.00024775314,0.000111787,-1.24062e-05,-0.000203947,7.99445032050597e-05,31.383467002186766,8.569589245406469
PART-RIVERBANK-2,92,RiverBank/C3D8R,300.0,10.0,-35.0,-0.00011114174,0.000103880724,-0.00017474304,-5.41842e-05,5.04187e-05,-0.000191265,7.984562940618462e-05,34.462728892635866,11.48139545654572
PART-RIVERBANK-2,96,RiverBank/C3D8R,300.0,-10.0,-35.0,-0.00011114174,-0.000103880724,-0.00017474304,-5.41842e-05,-5.04187e-05,-0.000191265,7.984562940618462e-05,34.462728892635866,11.48139545654572
PART-RIVERBANK-1,81,RiverBank/C3D8R,-300.0,10.0,-35.0,0.00011114174,0.000103880724,-0.00017474304,5.41842e-05,5.04187e-05,-0.000191265,7.984562940618462e-05,34.462728892635866,11.48139545654572
PART-RIVERBANK-1,89,RiverBank/C3D8R,-300.0,-10.0,-35.0,0.00011114174,-0.000103880724,-0.00017474304,5.41842e-05,-5.04187e-05,-0.000191265,7.984562940618462e-05,34.462728892635866,11.48139545654572
PART-RIVERBANK-2,447,RiverBank/C3D8R,270.0,5.0,-5.0,-0.00042021,-7.344266e-06,-0.0005162653,-0.000447885,4.15303e-05,-0.000571193,7.856004744129394e-05,11.801068777032485,9.213900589847993
PART-RIVERBANK-2,449,RiverBank/C3D8R,270.0,-5.0,-5.0,-0.00042021,7.344266e-06,-0.0005162653,-0.000447885,-4.15303e-05,-0.000571193,7.856004744129394e-05,11.801068777032485,9.213900589847993
PART-RIVERBANK-1,477,RiverBank/C3D8R,-270.0,5.0,-5.0,0.00042021,-7.344266e-06,-0.0005162653,0.000447885,4.15303e-05,-0.000571193,7.856004744129394e-05,11.801068777032485,9.213900589847993
PART-RIVERBANK-1,479,RiverBank/C3D8R,-270.0,-5.0,-5.0,0.00042021,7.344266e-06,-0.0005162653,0.000447885,-4.15303e-05,-0.000571193,7.856004744129394e-05,11.801068777032485,9.213900589847993
PART-RIVERBANK-2,522,RiverBank/C3D8R,295.0,5.0,-5.0,-0.00031791712,1.3374404e-05,-0.00044333964,-0.000353639,-6.12405e-06,-0.000376547,7.821444353374965e-05,14.332582909030704,5.33266604044902
PART-RIVERBANK-2,524,RiverBank/C3D8R,295.0,-5.0,-5.0,-0.00031791712,-1.3374404e-05,-0.00044333964,-0.000353639,6.12405e-06,-0.000376547,7.821444353374965e-05,14.332582909030704,5.33266604044902
PART-RIVERBANK-1,402,RiverBank/C3D8R,-295.0,5.0,-5.0,0.00031791712,1.3374404e-05,-0.00044333964,0.000353639,-6.12405e-06,-0.000376547,7.821444353374965e-05,14.332582909030704,5.33266604044902
PART-RIVERBANK-1,404,RiverBank/C3D8R,-295.0,-5.0,-5.0,0.00031791712,-1.3374404e-05,-0.00044333964,0.000353639,6.12405e-06,-0.000376547,7.821444353374965e-05,14.332582909030704,5.33266604044902
PART-RIVERBANK-2,327,RiverBank/C3D8R,285.0,-10.0,-35.0,4.548412e-07,3.095651e-05,-0.00026169748,-2.52647e-05,-3.60567e-05,-0.000234544,7.674357686577423e-05,29.122215539624108,9.442069628099626
PART-RIVERBANK-2,354,RiverBank/C3D8R,285.0,10.0,-35.0,4.548412e-07,-3.095651e-05,-0.00026169748,-2.52647e-05,3.60567e-05,-0.000234544,7.674357686577423e-05,29.122215539624108,9.442069628099626
PART-RIVERBANK-1,315,RiverBank/C3D8R,-285.0,-10.0,-35.0,-4.548412e-07,3.095651e-05,-0.00026169748,2.52647e-05,-3.60567e-05,-0.000234544,7.674357686577423e-05,29.122215539624108,9.442069628099626
PART-RIVERBANK-1,342,RiverBank/C3D8R,-285.0,10.0,-35.0,-4.548412e-07,-3.095651e-05,-0.00026169748,2.52647e-05,3.60567e-05,-0.000234544,7.674357686577423e-05,29.122215539624108,9.442069628099626
PART-RIVERBANK-2,166,RiverBank/C3D8R,270.0,10.0,-5.0,-0.0004412306,2.5115583e-05,-0.0005349149,-0.000470143,-3.95008e-05,-0.000505691,7.658485592447565e-05,11.037422614792817,0.3256990874598422
PART-RIVERBANK-2,211,RiverBank/C3D8R,270.0,-10.0,-5.0,-0.0004412306,-2.5115583e-05,-0.0005349149,-0.000470143,3.95008e-05,-0.000505691,7.658485592447565e-05,11.037422614792817,0.3256990874598422
PART-RIVERBANK-1,176,RiverBank/C3D8R,-270.0,10.0,-5.0,0.0004412306,2.5115583e-05,-0.0005349149,0.000470143,-3.95008e-05,-0.000505691,7.658485592447565e-05,11.037422614792817,0.3256990874598422
PART-RIVERBANK-1,221,RiverBank/C3D8R,-270.0,-10.0,-5.0,0.0004412306,-2.5115583e-05,-0.0005349149,0.000470143,3.95008e-05,-0.000505691,7.658485592447565e-05,11.037422614792817,0.3256990874598422
PART-RIVERBANK-2,561,RiverBank/C3D8R,275.0,-5.0,-35.0,3.1912758e-05,-8.1900434e-05,-0.00030174907,-1.65641e-05,-2.44266e-05,-0.000312738,7.598686688340703e-05,24.177260531115298,0.051908119154624774
PART-RIVERBANK-2,563,RiverBank/C3D8R,275.0,5.0,-35.0,3.1912758e-05,8.1900434e-05,-0.00030174907,-1.65641e-05,2.44266e-05,-0.000312738,7.598686688340703e-05,24.177260531115298,0.051908119154624774
PART-RIVERBANK-1,561,RiverBank/C3D8R,-275.0,-5.0,-35.0,-3.1912758e-05,-8.1900434e-05,-0.00030174907,1.65641e-05,-2.44266e-05,-0.000312738,7.598686688340703e-05,24.177260531115298,0.051908119154624774
PART-RIVERBANK-1,563,RiverBank/C3D8R,-275.0,5.0,-35.0,-3.1912758e-05,8.1900434e-05,-0.00030174907,1.65641e-05,2.44266e-05,-0.000312738,7.598686688340703e-05,24.177260531115298,0.051908119154624774
PART-RIVERBANK-2,297,RiverBank/C3D8R,250.0,-5.0,-45.0,8.225965e-05,-4.5477114e-05,-0.0002379918,0.000151046,-6.98781e-05,-0.00025885,7.590806657618606e-05,29.66541709592581,20.265259026038443
PART-RIVERBANK-2,299,RiverBank/C3D8R,250.0,5.0,-45.0,8.225965e-05,4.5477114e-05,-0.0002379918,0.000151046,6.98781e-05,-0.00025885,7.590806657618606e-05,29.66541709592581,20.265259026038443
PART-RIVERBANK-1,306,RiverBank/C3D8R,-250.0,-5.0,-45.0,-8.225965e-05,-4.5477114e-05,-0.0002379918,-0.000151046,-6.98781e-05,-0.00025885,7.590806657618606e-05,29.66541709592581,20.265259026038443
PART-RIVERBANK-1,308,RiverBank/C3D8R,-250.0,5.0,-45.0,-8.225965e-05,4.5477114e-05,-0.0002379918,-0.000151046,6.98781e-05,-0.00025885,7.590806657618606e-05,29.66541709592581,20.265259026038443
PART-RIVERBANK-2,478,RiverBank/C3D8R,280.0,0.0,-5.0,-0.00034437625,-1.35017805e-17,-0.0005014534,-0.00039664,3.69103e-17,-0.000446759,7.56503599160143e-05,12.435993681715175,1.7906025637936096
PART-RIVERBANK-1,448,RiverBank/C3D8R,-280.0,0.0,-5.0,0.00034437625,1.0676949e-18,-0.0005014534,0.00039664,-6.53977e-17,-0.000446759,7.56503599160143e-05,12.435993681715175,1.7906025637936096
PART-RIVERBANK-2,165,RiverBank/C3D8R,270.0,10.0,-10.0,-0.00031060894,-2.4332106e-05,-0.00057034084,-0.000361799,2.989e-05,-0.000580097,7.5204000424342e-05,11.571782240799937,5.298808073213845
PART-RIVERBANK-2,210,RiverBank/C3D8R,270.0,-10.0,-10.0,-0.00031060894,2.4332106e-05,-0.00057034084,-0.000361799,-2.989e-05,-0.000580097,7.5204000424342e-05,11.571782240799937,5.298808073213845
PART-RIVERBANK-1,175,RiverBank/C3D8R,-270.0,10.0,-10.0,0.00031060894,-2.4332106e-05,-0.00057034084,0.000361799,2.989e-05,-0.000580097,7.5204000424342e-05,11.571782240799937,5.298808073213845
PART-RIVERBANK-1,220,RiverBank/C3D8R,-270.0,-10.0,-10.0,0.00031060894,2.4332106e-05,-0.00057034084,0.000361799,-2.989e-05,-0.000580097,7.5204000424342e-05,11.571782240799937,5.298808073213845
PART-RIVERBANK-2,32,RiverBank/C3D8R,300.0,-10.0,-5.0,-0.00033792178,-2.5683468e-05,-0.0003231798,-0.000356028,1.57124e-05,-0.000264225,7.427732852763232e-05,15.861379889028585,5.263631921329095
PART-RIVERBANK-2,44,RiverBank/C3D8R,300.0,10.0,-5.0,-0.00033792178,2.5683468e-05,-0.0003231798,-0.000356028,-1.57124e-05,-0.000264225,7.427732852763232e-05,15.861379889028585,5.263631921329095
PART-RIVERBANK-1,20,RiverBank/C3D8R,-300.0,-10.0,-5.0,0.00033792178,-2.5683468e-05,-0.0003231798,0.000356028,1.57124e-05,-0.000264225,7.427732852763232e-05,15.861379889028585,5.263631921329095
PART-RIVERBANK-1,24,RiverBank/C3D8R,-300.0,10.0,-5.0,0.00033792178,2.5683468e-05,-0.0003231798,0.000356028,-1.57124e-05,-0.000264225,7.427732852763232e-05,15.861379889028585,5.263631921329095
PART-RIVERBANK-2,537,RiverBank/C3D8R,260.0,-5.0,-40.0,6.5469285e-05,-7.414465e-05,-0.00033325757,1.32094e-05,-2.61896e-05,-0.000313063,7.37468850745618e-05,21.21439545056353,9.548314073323532
PART-RIVERBANK-2,539,RiverBank/C3D8R,260.0,5.0,-40.0,6.5469285e-05,7.414465e-05,-0.00033325757,1.32094e-05,2.61896e-05,-0.000313063,7.37468850745618e-05,21.21439545056353,9.548314073323532
PART-RIVERBANK-1,591,RiverBank/C3D8R,-260.0,-5.0,-40.0,-6.5469285e-05,-7.414465e-05,-0.00033325757,-1.32094e-05,-2.61896e-05,-0.000313063,7.37468850745618e-05,21.21439545056353,9.548314073323532
PART-RIVERBANK-1,593,RiverBank/C3D8R,-260.0,5.0,-40.0,-6.5469285e-05,7.414465e-05,-0.00033325757,-1.32094e-05,2.61896e-05,-0.000313063,7.37468850745618e-05,21.21439545056353,9.548314073323532
PART-RIVERBANK-2,158,RiverBank/C3D8R,265.0,10.0,-20.0,-0.00015606047,9.2201335e-05,-0.0005786471,-0.000158161,2.03063e-05,-0.000594015,7.354917154082789e-05,12.129357799473185,1.4302101716789106
PART-RIVERBANK-2,203,RiverBank/C3D8R,265.0,-10.0,-20.0,-0.00015606047,-9.2201335e-05,-0.0005786471,-0.000158161,-2.03063e-05,-0.000594015,7.354917154082789e-05,12.129357799473185,1.4302101716789106
PART-RIVERBANK-1,178,RiverBank/C3D8R,-265.0,10.0,-20.0,0.00015606047,9.2201335e-05,-0.0005786471,0.000158161,2.03063e-05,-0.000594015,7.354917154082789e-05,12.129357799473185,1.4302101716789106
PART-RIVERBANK-1,223,RiverBank/C3D8R,-265.0,-10.0,-20.0,0.00015606047,-9.2201335e-05,-0.0005786471,0.000158161,-2.03063e-05,-0.000594015,7.354917154082789e-05,12.129357799473185,1.4302101716789106
PART-RIVERBANK-2,181,RiverBank/C3D8R,285.0,10.0,-5.0,-0.00034270654,-2.5702839e-05,-0.0005079303,-0.000372471,2.51841e-05,-0.000551072,7.305210413650879e-05,11.911875348585722,8.535898424307751
PART-RIVERBANK-2,226,RiverBank/C3D8R,285.0,-10.0,-5.0,-0.00034270654,2.5702839e-05,-0.0005079303,-0.000372471,-2.51841e-05,-0.000551072,7.305210413650879e-05,11.911875348585722,8.535898424307751
PART-RIVERBANK-1,161,RiverBank/C3D8R,-285.0,10.0,-5.0,0.00034270654,-2.5702839e-05,-0.0005079303,0.000372471,2.51841e-05,-0.000551072,7.305210413650879e-05,11.911875348585722,8.535898424307751
PART-RIVERBANK-1,206,RiverBank/C3D8R,-285.0,-10.0,-5.0,0.00034270654,2.5702839e-05,-0.0005079303,0.000372471,-2.51841e-05,-0.000551072,7.305210413650879e-05,11.911875348585722,8.535898424307751
PART-RIVERBANK-2,477,RiverBank/C3D8R,280.0,5.0,-5.0,-0.00037233526,-7.850138e-06,-0.00046177322,-0.000393281,2.40271e-05,-0.000523607,7.265190070290418e-05,12.246698753154698,10.46098424200818
PART-RIVERBANK-2,479,RiverBank/C3D8R,280.0,-5.0,-5.0,-0.00037233526,7.850138e-06,-0.00046177322,-0.000393281,-2.40271e-05,-0.000523607,7.265190070290418e-05,12.246698753154698,10.46098424200818
PART-RIVERBANK-1,447,RiverBank/C3D8R,-280.0,5.0,-5.0,0.00037233526,-7.850138e-06,-0.00046177322,0.000393281,2.40271e-05,-0.000523607,7.265190070290418e-05,12.246698753154698,10.46098424200818
PART-RIVERBANK-1,449,RiverBank/C3D8R,-280.0,-5.0,-5.0,0.00037233526,7.850138e-06,-0.00046177322,0.000393281,-2.40271e-05,-0.000523607,7.265190070290418e-05,12.246698753154698,10.46098424200818
PART-RIVERBANK-2,429,RiverBank/C3D8R,265.0,5.0,-10.0,-0.00037440608,-8.073825e-06,-0.0005464228,-0.000418792,4.06076e-05,-0.000575826,7.214249236418871e-05,10.890465989779068,7.658499571144932
PART-RIVERBANK-2,431,RiverBank/C3D8R,265.0,-5.0,-10.0,-0.00037440608,8.073825e-06,-0.0005464228,-0.000418792,-4.06076e-05,-0.000575826,7.214249236418871e-05,10.890465989779068,7.658499571144932
PART-RIVERBANK-1,489,RiverBank/C3D8R,-265.0,5.0,-10.0,0.00037440608,-8.073825e-06,-0.0005464228,0.000418792,4.06076e-05,-0.000575826,7.214249236418871e-05,10.890465989779068,7.658499571144932
PART-RIVERBANK-1,491,RiverBank/C3D8R,-265.0,-5.0,-10.0,0.00037440608,8.073825e-06,-0.0005464228,0.000418792,-4.06076e-05,-0.000575826,7.214249236418871e-05,10.890465989779068,7.658499571144932
PART-RIVERBANK-2,144,RiverBank/C3D8R,300.0,5.0,-5.0,-0.00033510997,-6.346008e-06,-0.00029478653,-0.000384605,1.20272e-05,-0.000341852,7.072829160408912e-05,15.845538890394176,15.312966407285057
PART-RIVERBANK-2,146,RiverBank/C3D8R,300.0,-5.0,-5.0,-0.00033510997,6.346008e-06,-0.00029478653,-0.000384605,-1.20272e-05,-0.000341852,7.072829160408912e-05,15.845538890394176,15.312966407285057
PART-RIVERBANK-1,129,RiverBank/C3D8R,-300.0,5.0,-5.0,0.00033510997,-6.346008e-06,-0.00029478653,0.000384605,1.20272e-05,-0.000341852,7.072829160408912e-05,15.845538890394176,15.312966407285057
PART-RIVERBANK-1,131,RiverBank/C3D8R,-300.0,-5.0,-5.0,0.00033510997,6.346008e-06,-0.00029478653,0.000384605,-1.20272e-05,-0.000341852,7.072829160408912e-05,15.845538890394176,15.312966407285057
PART-RIVERBANK-2,508,RiverBank/C3D8R,290.0,0.0,-5.0,-0.00033977037,-8.713975e-18,-0.00043548198,-0.000379944,4.15903e-17,-0.000378196,6.996859332541489e-05,12.667480749220553,2.9439354151411696
PART-RIVERBANK-1,418,RiverBank/C3D8R,-290.0,0.0,-5.0,0.00033977037,-1.3041322e-18,-0.00043548198,0.000379944,-3.89855e-17,-0.000378196,6.996859332541489e-05,12.667480749220553,2.9439354151411696
PART-RIVERBANK-2,432,RiverBank/C3D8R,265.0,5.0,-5.0,-0.00043254893,-2.2969796e-06,-0.0007123333,-0.000462391,-6.02975e-05,-0.000688872,6.931841101933681e-05,8.317741379862364,0.18279074784161545
PART-RIVERBANK-2,434,RiverBank/C3D8R,265.0,-5.0,-5.0,-0.00043254893,2.2969796e-06,-0.0007123333,-0.000462391,6.02975e-05,-0.000688872,6.931841101933681e-05,8.317741379862364,0.18279074784161545
PART-RIVERBANK-1,492,RiverBank/C3D8R,-265.0,5.0,-5.0,0.00043254893,-2.2969796e-06,-0.0007123333,0.000462391,-6.02975e-05,-0.000688872,6.931841101933681e-05,8.317741379862364,0.18279074784161545
PART-RIVERBANK-1,494,RiverBank/C3D8R,-265.0,-5.0,-5.0,0.00043254893,2.2969796e-06,-0.0007123333,0.000462391,6.02975e-05,-0.000688872,6.931841101933681e-05,8.317741379862364,0.18279074784161545
PART-RIVERBANK-2,133,RiverBank/C3D8R,300.0,0.0,-25.0,-0.00019632085,8.886303e-19,-0.00033454443,-0.000133222,2.15621e-17,-0.000362751,6.911639069343394e-05,17.81836494431987,0.3747046272096767
PART-RIVERBANK-1,118,RiverBank/C3D8R,-300.0,0.0,-25.0,0.00019632085,-2.8320363e-18,-0.00033454443,0.000133222,9.05986e-18,-0.000362751,6.911639069343394e-05,17.81836494431987,0.3747046272096767
PART-RIVERBANK-2,191,RiverBank/C3D8R,295.0,10.0,-5.0,-0.00032518271,-1.9351097e-05,-0.00042002354,-0.000365114,2.38543e-05,-0.000455768,6.883952840979743e-05,12.950884406198714,9.956668145622771
PART-RIVERBANK-2,236,RiverBank/C3D8R,295.0,-10.0,-5.0,-0.00032518271,1.9351097e-05,-0.00042002354,-0.000365114,-2.38543e-05,-0.000455768,6.883952840979743e-05,12.950884406198714,9.956668145622771
PART-RIVERBANK-1,151,RiverBank/C3D8R,-295.0,10.0,-5.0,0.00032518271,-1.9351097e-05,-0.00042002354,0.000365114,2.38543e-05,-0.000455768,6.883952840979743e-05,12.950884406198714,9.956668145622771
PART-RIVERBANK-1,196,RiverBank/C3D8R,-295.0,-10.0,-5.0,0.00032518271,1.9351097e-05,-0.00042002354,0.000365114,-2.38543e-05,-0.000455768,6.883952840979743e-05,12.950884406198714,9.956668145622771
PART-RIVERBANK-2,448,RiverBank/C3D8R,270.0,0.0,-5.0,-0.00035523952,-1.9065997e-17,-0.00056095235,-0.000408172,2.95665e-17,-0.000518654,6.775690261274416e-05,10.204738696771956,0.5979258722302866
PART-RIVERBANK-1,478,RiverBank/C3D8R,-270.0,0.0,-5.0,0.00035523952,3.5074274e-18,-0.00056095235,0.000408172,-9.54979e-17,-0.000518654,6.775690261274416e-05,10.204738696771956,0.5979258722302866
PART-RIVERBANK-2,403,RiverBank/C3D8R,255.0,0.0,-5.0,-0.0007880339,-3.6237985e-17,-0.00079064246,-0.000838428,4.09117e-18,-0.00074535,6.77567136722377e-05,6.069789542158642,0.49612417093084965
PART-RIVERBANK-1,523,RiverBank/C3D8R,-255.0,0.0,-5.0,0.0007880339,8.653904e-18,-0.00079064246,0.000838428,-1.54736e-16,-0.00074535,6.77567136722377e-05,6.069789542158642,0.49612417093084965
PART-RIVERBANK-2,400,RiverBank/C3D8R,255.0,0.0,-10.0,-8.9556204e-05,-2.2476401e-17,-0.00085103785,-0.000143387,-1.43521e-17,-0.000810233,6.75484298967497e-05,7.893597386204858,3.846294495903071
PART-RIVERBANK-1,520,RiverBank/C3D8R,-255.0,0.0,-10.0,8.9556204e-05,8.700403e-18,-0.00085103785,0.000143387,-1.34034e-16,-0.000810233,6.75484298967497e-05,7.893597386204858,3.846294495903071
PART-RIVERBANK-2,598,RiverBank/C3D8R,295.0,0.0,-35.0,9.564838e-05,9.476218e-19,-0.00017639312,3.48215e-05,3.78031e-18,-0.000147864,6.718496869470732e-05,33.482530223689444,24.294186157781212
PART-RIVERBANK-1,526,RiverBank/C3D8R,-295.0,0.0,-35.0,-9.564838e-05,-7.3756195e-19,-0.00017639312,-3.48215e-05,3.65749e-18,-0.000147864,6.718496869470732e-05,33.482530223689444,24.294186157781212
PART-RIVERBANK-2,173,RiverBank/C3D8R,280.0,10.0,-20.0,-0.00016492115,8.039512e-06,-0.0004284996,-0.000203458,3.58779e-05,-0.000381843,6.661008165376352e-05,14.505305362333907,5.457520800803565
PART-RIVERBANK-2,218,RiverBank/C3D8R,280.0,-10.0,-20.0,-0.00016492115,-8.039512e-06,-0.0004284996,-0.000203458,-3.58779e-05,-0.000381843,6.661008165376352e-05,14.505305362333907,5.457520800803565
PART-RIVERBANK-1,163,RiverBank/C3D8R,-280.0,10.0,-20.0,0.00016492115,8.039512e-06,-0.0004284996,0.000203458,3.58779e-05,-0.000381843,6.661008165376352e-05,14.505305362333907,5.457520800803565
PART-RIVERBANK-1,208,RiverBank/C3D8R,-280.0,-10.0,-20.0,0.00016492115,-8.039512e-06,-0.0004284996,0.000203458,-3.58779e-05,-0.000381843,6.661008165376352e-05,14.505305362333907,5.457520800803565
PART-RIVERBANK-2,169,RiverBank/C3D8R,275.0,10.0,-15.0,-0.00023339698,-6.4601854e-06,-0.00051528506,-0.000280443,3.14789e-05,-0.00048892,6.593799047311416e-05,11.65567034557739,0.21154679050455352
PART-RIVERBANK-2,214,RiverBank/C3D8R,275.0,-10.0,-15.0,-0.00023339698,6.4601854e-06,-0.00051528506,-0.000280443,-3.14789e-05,-0.00048892,6.593799047311416e-05,11.65567034557739,0.21154679050455352
PART-RIVERBANK-1,169,RiverBank/C3D8R,-275.0,10.0,-15.0,0.00023339698,-6.4601854e-06,-0.00051528506,0.000280443,3.14789e-05,-0.00048892,6.593799047311416e-05,11.65567034557739,0.21154679050455352
PART-RIVERBANK-1,214,RiverBank/C3D8R,-275.0,-10.0,-15.0,0.00023339698,6.4601854e-06,-0.00051528506,0.000280443,-3.14789e-05,-0.00048892,6.593799047311416e-05,11.65567034557739,0.21154679050455352
PART-RIVERBANK-2,507,RiverBank/C3D8R,290.0,5.0,-5.0,-0.0003476158,-7.3328465e-06,-0.00039488357,-0.000376753,1.43637e-05,-0.000449821,6.586226361788336e-05,12.518005466333026,11.554110538455136
PART-RIVERBANK-2,509,RiverBank/C3D8R,290.0,-5.0,-5.0,-0.0003476158,7.3328465e-06,-0.00039488357,-0.000376753,-1.43637e-05,-0.000449821,6.586226361788336e-05,12.518005466333026,11.554110538455136
PART-RIVERBANK-1,417,RiverBank/C3D8R,-290.0,5.0,-5.0,0.0003476158,-7.3328465e-06,-0.00039488357,0.000376753,1.43637e-05,-0.000449821,6.586226361788336e-05,12.518005466333026,11.554110538455136
PART-RIVERBANK-1,419,RiverBank/C3D8R,-290.0,-5.0,-5.0,0.0003476158,7.3328465e-06,-0.00039488357,0.000376753,-1.43637e-05,-0.000449821,6.586226361788336e-05,12.518005466333026,11.554110538455136
PART-RIVERBANK-2,409,RiverBank/C3D8R,260.0,0.0,-20.0,-0.00043800403,-1.7015886e-17,-0.00051428104,-0.00042781,6.79998e-18,-0.000578403,6.492722080824427e-05,9.611387888315305,6.498732058118111
PART-RIVERBANK-1,499,RiverBank/C3D8R,-260.0,0.0,-20.0,0.00043800403,3.7971763e-18,-0.00051428104,0.00042781,-7.78237e-17,-0.000578403,6.492722080824427e-05,9.611387888315305,6.498732058118111
PART-RIVERBANK-2,330,RiverBank/C3D8R,290.0,-10.0,-35.0,-5.6353078e-05,-0.00011616244,-0.00022032052,-3.88793e-05,-5.69735e-05,-0.000240307,6.48700463905128e-05,25.403022846626612,2.0963940455537178
PART-RIVERBANK-2,357,RiverBank/C3D8R,290.0,10.0,-35.0,-5.6353078e-05,0.00011616244,-0.00022032052,-3.88793e-05,5.69735e-05,-0.000240307,6.48700463905128e-05,25.403022846626612,2.0963940455537178
PART-RIVERBANK-1,312,RiverBank/C3D8R,-290.0,-10.0,-35.0,5.6353078e-05,-0.00011616244,-0.00022032052,3.88793e-05,-5.69735e-05,-0.000240307,6.48700463905128e-05,25.403022846626612,2.0963940455537178
PART-RIVERBANK-1,339,RiverBank/C3D8R,-290.0,10.0,-35.0,5.6353078e-05,0.00011616244,-0.00022032052,3.88793e-05,5.69735e-05,-0.000240307,6.48700463905128e-05,25.403022846626612,2.0963940455537178
PART-RIVERBANK-2,168,RiverBank/C3D8R,275.0,10.0,-20.0,-0.00018556611,5.5959412e-05,-0.00045202862,-0.00019186,1.46052e-05,-0.000500548,6.406179935856812e-05,13.02520869470461,9.03320033488746
PART-RIVERBANK-2,213,RiverBank/C3D8R,275.0,-10.0,-20.0,-0.00018556611,-5.5959412e-05,-0.00045202862,-0.00019186,-1.46052e-05,-0.000500548,6.406179935856812e-05,13.02520869470461,9.03320033488746
PART-RIVERBANK-1,168,RiverBank/C3D8R,-275.0,10.0,-20.0,0.00018556611,5.5959412e-05,-0.00045202862,0.00019186,1.46052e-05,-0.000500548,6.406179935856812e-05,13.02520869470461,9.03320033488746
PART-RIVERBANK-1,213,RiverBank/C3D8R,-275.0,-10.0,-20.0,0.00018556611,-5.5959412e-05,-0.00045202862,0.00019186,-1.46052e-05,-0.000500548,6.406179935856812e-05,13.02520869470461,9.03320033488746
PART-RIVERBANK-2,465,RiverBank/C3D8R,280.0,5.0,-25.0,-0.00013740544,-2.7372358e-05,-0.00029200132,-0.00015521,2.2425e-05,-0.000256109,6.391430086886785e-05,19.734319561823355,7.276269831788583
PART-RIVERBANK-2,467,RiverBank/C3D8R,280.0,-5.0,-25.0,-0.00013740544,2.7372358e-05,-0.00029200132,-0.00015521,-2.2425e-05,-0.000256109,6.391430086886785e-05,19.734319561823355,7.276269831788583
PART-RIVERBANK-1,435,RiverBank/C3D8R,-280.0,5.0,-25.0,0.00013740544,-2.7372358e-05,-0.00029200132,0.00015521,2.2425e-05,-0.000256109,6.391430086886785e-05,19.734319561823355,7.276269831788583
PART-RIVERBANK-1,437,RiverBank/C3D8R,-280.0,-5.0,-25.0,0.00013740544,2.7372358e-05,-0.00029200132,0.00015521,-2.2425e-05,-0.000256109,6.391430086886785e-05,19.734319561823355,7.276269831788583
PART-RIVERBANK-2,316,RiverBank/C3D8R,265.0,-10.0,-40.0,7.3939914e-06,-0.00012605457,-0.00015198161,1.95237e-06,-6.45307e-05,-0.000167041,6.35734461108562e-05,32.17400154040814,9.36756033846988
PART-RIVERBANK-2,343,RiverBank/C3D8R,265.0,10.0,-40.0,7.3939914e-06,0.00012605457,-0.00015198161,1.95237e-06,6.45307e-05,-0.000167041,6.35734461108562e-05,32.17400154040814,9.36756033846988
PART-RIVERBANK-1,328,RiverBank/C3D8R,-265.0,-10.0,-40.0,-7.3939914e-06,-0.00012605457,-0.00015198161,-1.95237e-06,-6.45307e-05,-0.000167041,6.35734461108562e-05,32.17400154040814,9.36756033846988
PART-RIVERBANK-1,355,RiverBank/C3D8R,-265.0,10.0,-40.0,-7.3939914e-06,0.00012605457,-0.00015198161,-1.95237e-06,6.45307e-05,-0.000167041,6.35734461108562e-05,32.17400154040814,9.36756033846988
PART-RIVERBANK-2,145,RiverBank/C3D8R,300.0,0.0,-5.0,-0.0003550472,-3.841105e-18,-0.00033685673,-0.000371698,4.73898e-17,-0.000275793,6.32931928579441e-05,12.932311804862081,5.430657760693604
PART-RIVERBANK-1,130,RiverBank/C3D8R,-300.0,0.0,-5.0,0.0003550472,-3.015855e-18,-0.00033685673,0.000371698,-1.43691e-17,-0.000275793,6.32931928579441e-05,12.932311804862081,5.430657760693604
PART-RIVERBANK-2,414,RiverBank/C3D8R,260.0,5.0,-10.0,-0.0003482554,2.052783e-05,-0.000767115,-0.0003654,-2.99661e-05,-0.000733689,6.293545703341555e-05,7.468177740447814,2.6726931232360625
PART-RIVERBANK-2,416,RiverBank/C3D8R,260.0,-5.0,-10.0,-0.0003482554,-2.052783e-05,-0.000767115,-0.0003654,2.99661e-05,-0.000733689,6.293545703341555e-05,7.468177740447814,2.6726931232360625
PART-RIVERBANK-1,504,RiverBank/C3D8R,-260.0,5.0,-10.0,0.0003482554,2.052783e-05,-0.000767115,0.0003654,-2.99661e-05,-0.000733689,6.293545703341555e-05,7.468177740447814,2.6726931232360625
PART-RIVERBANK-1,506,RiverBank/C3D8R,-260.0,-5.0,-10.0,0.0003482554,-2.052783e-05,-0.000767115,0.0003654,2.99661e-05,-0.000733689,6.293545703341555e-05,7.468177740447814,2.6726931232360625
PART-RIVERBANK-2,423,RiverBank/C3D8R,265.0,5.0,-20.0,-0.00024305956,-3.0152027e-05,-0.00047888662,-0.000281211,1.80533e-05,-0.000483197,6.162682290200372e-05,11.457264358960055,3.992842606223034
PART-RIVERBANK-2,425,RiverBank/C3D8R,265.0,-5.0,-20.0,-0.00024305956,3.0152027e-05,-0.00047888662,-0.000281211,-1.80533e-05,-0.000483197,6.162682290200372e-05,11.457264358960055,3.992842606223034
PART-RIVERBANK-1,483,RiverBank/C3D8R,-265.0,5.0,-20.0,0.00024305956,-3.0152027e-05,-0.00047888662,0.000281211,1.80533e-05,-0.000483197,6.162682290200372e-05,11.457264358960055,3.992842606223034
PART-RIVERBANK-1,485,RiverBank/C3D8R,-265.0,-5.0,-20.0,0.00024305956,3.0152027e-05,-0.00047888662,0.000281211,-1.80533e-05,-0.000483197,6.162682290200372e-05,11.457264358960055,3.992842606223034
PART-RIVERBANK-2,481,RiverBank/C3D8R,285.0,0.0,-25.0,-9.065052e-05,-2.4685288e-18,-0.00028124117,-0.000129439,8.6067e-18,-0.00023428,6.090892930005666e-05,20.612883242176444,9.418327578265988
PART-RIVERBANK-1,421,RiverBank/C3D8R,-285.0,0.0,-25.0,9.065052e-05,-3.0154792e-19,-0.00028124117,0.000129439,-1.71634e-17,-0.00023428,6.090892930005666e-05,20.612883242176444,9.418327578265988
PART-RIVERBANK-2,531,RiverBank/C3D8R,255.0,-5.0,-45.0,3.4220234e-06,-3.402642e-05,-0.00013021138,-4.48432e-05,-6.5114e-06,-0.000109616,5.925181678899565e-05,44.01173835195309,11.895491629072307
PART-RIVERBANK-2,533,RiverBank/C3D8R,255.0,5.0,-45.0,3.4220234e-06,3.402642e-05,-0.00013021138,-4.48432e-05,6.5114e-06,-0.000109616,5.925181678899565e-05,44.01173835195309,11.895491629072307
PART-RIVERBANK-1,603,RiverBank/C3D8R,-255.0,-5.0,-45.0,-3.4220234e-06,-3.402642e-05,-0.00013021138,4.48432e-05,-6.5114e-06,-0.000109616,5.925181678899565e-05,44.01173835195309,11.895491629072307
PART-RIVERBANK-1,605,RiverBank/C3D8R,-255.0,5.0,-45.0,-3.4220234e-06,3.402642e-05,-0.00013021138,4.48432e-05,6.5114e-06,-0.000109616,5.925181678899565e-05,44.01173835195309,11.895491629072307
PART-RIVERBANK-2,453,RiverBank/C3D8R,275.0,5.0,-20.0,-0.00018994231,-1.2302773e-05,-0.00041691525,-0.000230709,1.22717e-05,-0.00038232,5.8844363020992316e-05,12.839432652934182,2.5319483799725444
PART-RIVERBANK-2,455,RiverBank/C3D8R,275.0,-5.0,-20.0,-0.00018994231,1.2302773e-05,-0.00041691525,-0.000230709,-1.22717e-05,-0.00038232,5.8844363020992316e-05,12.839432652934182,2.5319483799725444
PART-RIVERBANK-1,453,RiverBank/C3D8R,-275.0,5.0,-20.0,0.00018994231,-1.2302773e-05,-0.00041691525,0.000230709,1.22717e-05,-0.00038232,5.8844363020992316e-05,12.839432652934182,2.5319483799725444
PART-RIVERBANK-1,455,RiverBank/C3D8R,-275.0,-5.0,-20.0,0.00018994231,1.2302773e-05,-0.00041691525,0.000230709,-1.22717e-05,-0.00038232,5.8844363020992316e-05,12.839432652934182,2.5319483799725444
PART-RIVERBANK-2,170,RiverBank/C3D8R,275.0,10.0,-10.0,-0.00034530976,2.9415478e-05,-0.00048719195,-0.000373476,-2.12441e-05,-0.000486051,5.7974405437039035e-05,9.696667839007004,2.5852130119973347
PART-RIVERBANK-2,215,RiverBank/C3D8R,275.0,-10.0,-10.0,-0.00034530976,-2.9415478e-05,-0.00048719195,-0.000373476,2.12441e-05,-0.000486051,5.7974405437039035e-05,9.696667839007004,2.5852130119973347
PART-RIVERBANK-1,170,RiverBank/C3D8R,-275.0,10.0,-10.0,0.00034530976,2.9415478e-05,-0.00048719195,0.000373476,-2.12441e-05,-0.000486051,5.7974405437039035e-05,9.696667839007004,2.5852130119973347
PART-RIVERBANK-1,215,RiverBank/C3D8R,-275.0,-10.0,-10.0,0.00034530976,-2.9415478e-05,-0.00048719195,0.000373476,2.12441e-05,-0.000486051,5.7974405437039035e-05,9.696667839007004,2.5852130119973347
PART-RIVERBANK-2,301,RiverBank/C3D8R,300.0,0.0,-35.0,-0.000112526475,2.1808255e-18,-0.00022742993,-5.64584e-05,8.75663e-18,-0.000237795,5.7018099848298394e-05,22.470620199416175,3.680733854863378
PART-RIVERBANK-1,292,RiverBank/C3D8R,-300.0,0.0,-35.0,0.000112526475,-1.7923304e-18,-0.00022742993,5.64584e-05,7.53012e-18,-0.000237795,5.7018099848298394e-05,22.470620199416175,3.680733854863378
PART-RIVERBANK-2,444,RiverBank/C3D8R,270.0,5.0,-10.0,-0.00033420275,6.552843e-06,-0.00062726176,-0.000368783,-3.39248e-05,-0.0006075,5.6786974133119236e-05,7.989518567689069,0.10053599828728473
PART-RIVERBANK-2,446,RiverBank/C3D8R,270.0,-5.0,-10.0,-0.00033420275,-6.552843e-06,-0.00062726176,-0.000368783,3.39248e-05,-0.0006075,5.6786974133119236e-05,7.989518567689069,0.10053599828728473
PART-RIVERBANK-1,474,RiverBank/C3D8R,-270.0,5.0,-10.0,0.00033420275,6.552843e-06,-0.00062726176,0.000368783,-3.39248e-05,-0.0006075,5.6786974133119236e-05,7.989518567689069,0.10053599828728473
PART-RIVERBANK-1,476,RiverBank/C3D8R,-270.0,-5.0,-10.0,0.00033420275,-6.552843e-06,-0.00062726176,0.000368783,3.39248e-05,-0.0006075,5.6786974133119236e-05,7.989518567689069,0.10053599828728473
PART-RIVERBANK-2,510,RiverBank/C3D8R,295.0,5.0,-25.0,-0.00015308765,4.3669832e-05,-0.00036537403,-0.000120078,1.14947e-05,-0.00039819,5.658413204583792e-05,14.197545329388822,4.393829560901498
PART-RIVERBANK-2,512,RiverBank/C3D8R,295.0,-5.0,-25.0,-0.00015308765,-4.3669832e-05,-0.00036537403,-0.000120078,-1.14947e-05,-0.00039819,5.658413204583792e-05,14.197545329388822,4.393829560901498
PART-RIVERBANK-1,390,RiverBank/C3D8R,-295.0,5.0,-25.0,0.00015308765,4.3669832e-05,-0.00036537403,0.000120078,1.14947e-05,-0.00039819,5.658413204583792e-05,14.197545329388822,4.393829560901498
PART-RIVERBANK-1,392,RiverBank/C3D8R,-295.0,-5.0,-25.0,0.00015308765,-4.3669832e-05,-0.00036537403,0.000120078,-1.14947e-05,-0.00039819,5.658413204583792e-05,14.197545329388822,4.393829560901498
PART-RIVERBANK-2,415,RiverBank/C3D8R,260.0,0.0,-10.0,-0.000556448,-2.6386792e-17,-0.0006321695,-0.000587379,1.81739e-17,-0.000679428,5.648090458951596e-05,6.706486209540209,6.642993225501445
PART-RIVERBANK-1,505,RiverBank/C3D8R,-260.0,0.0,-10.0,0.000556448,5.929488e-18,-0.0006321695,0.000587379,-1.09721e-16,-0.000679428,5.648090458951596e-05,6.706486209540209,6.642993225501445
PART-RIVERBANK-2,480,RiverBank/C3D8R,285.0,5.0,-25.0,-0.00012011613,5.3162767e-05,-0.0004338293,-0.000125597,1.20619e-05,-0.000471604,5.6091435747345496e-05,12.37458871287022,7.702048554930552
PART-RIVERBANK-2,482,RiverBank/C3D8R,285.0,-5.0,-25.0,-0.00012011613,-5.3162767e-05,-0.0004338293,-0.000125597,-1.20619e-05,-0.000471604,5.6091435747345496e-05,12.37458871287022,7.702048554930552
PART-RIVERBANK-1,420,RiverBank/C3D8R,-285.0,5.0,-25.0,0.00012011613,5.3162767e-05,-0.0004338293,0.000125597,1.20619e-05,-0.000471604,5.6091435747345496e-05,12.37458871287022,7.702048554930552
PART-RIVERBANK-1,422,RiverBank/C3D8R,-285.0,-5.0,-25.0,0.00012011613,-5.3162767e-05,-0.0004338293,0.000125597,-1.20619e-05,-0.000471604,5.6091435747345496e-05,12.37458871287022,7.702048554930552
PART-RIVERBANK-2,588,RiverBank/C3D8R,290.0,-5.0,-35.0,4.4247136e-05,2.441201e-05,-0.000194497,1.28114e-06,-4.97566e-06,-0.000174012,5.594056833194417e-05,27.837386183972722,13.369662371950932
PART-RIVERBANK-2,590,RiverBank/C3D8R,290.0,5.0,-35.0,4.4247136e-05,-2.441201e-05,-0.000194497,1.28114e-06,4.97566e-06,-0.000174012,5.594056833194417e-05,27.837386183972722,13.369662371950932
PART-RIVERBANK-1,534,RiverBank/C3D8R,-290.0,-5.0,-35.0,-4.4247136e-05,2.441201e-05,-0.000194497,-1.28114e-06,-4.97566e-06,-0.000174012,5.594056833194417e-05,27.837386183972722,13.369662371950932
PART-RIVERBANK-1,536,RiverBank/C3D8R,-290.0,5.0,-35.0,-4.4247136e-05,-2.441201e-05,-0.000194497,-1.28114e-06,4.97566e-06,-0.000174012,5.594056833194417e-05,27.837386183972722,13.369662371950932
PART-RIVERBANK-2,156,RiverBank/C3D8R,260.0,10.0,-5.0,-0.00048218793,6.28307e-05,-0.0006054423,-0.000455421,3.60943e-05,-0.000646586,5.589371768164022e-05,7.197796441735687,1.9519887067386419
PART-RIVERBANK-2,201,RiverBank/C3D8R,260.0,-10.0,-5.0,-0.00048218793,-6.28307e-05,-0.0006054423,-0.000455421,-3.60943e-05,-0.000646586,5.589371768164022e-05,7.197796441735687,1.9519887067386419
PART-RIVERBANK-1,186,RiverBank/C3D8R,-260.0,10.0,-5.0,0.00048218793,6.28307e-05,-0.0006054423,0.000455421,3.60943e-05,-0.000646586,5.589371768164022e-05,7.197796441735687,1.9519887067386419
PART-RIVERBANK-1,231,RiverBank/C3D8R,-260.0,-10.0,-5.0,0.00048218793,-6.28307e-05,-0.0006054423,0.000455421,-3.60943e-05,-0.000646586,5.589371768164022e-05,7.197796441735687,1.9519887067386419
PART-RIVERBANK-2,441,RiverBank/C3D8R,270.0,5.0,-15.0,-0.00026951646,-7.1243085e-06,-0.00047595316,-0.000314341,2.58122e-05,-0.000473239,5.569039093854319e-05,10.180849611185018,3.966886261695981
PART-RIVERBANK-2,443,RiverBank/C3D8R,270.0,-5.0,-15.0,-0.00026951646,7.1243085e-06,-0.00047595316,-0.000314341,-2.58122e-05,-0.000473239,5.569039093854319e-05,10.180849611185018,3.966886261695981
PART-RIVERBANK-1,471,RiverBank/C3D8R,-270.0,5.0,-15.0,0.00026951646,-7.1243085e-06,-0.00047595316,0.000314341,2.58122e-05,-0.000473239,5.569039093854319e-05,10.180849611185018,3.966886261695981
PART-RIVERBANK-1,473,RiverBank/C3D8R,-270.0,-5.0,-15.0,0.00026951646,7.1243085e-06,-0.00047595316,0.000314341,-2.58122e-05,-0.000473239,5.569039093854319e-05,10.180849611185018,3.966886261695981
PART-RIVERBANK-2,523,RiverBank/C3D8R,295.0,0.0,-5.0,-0.00031395306,-7.912552e-18,-0.00041604514,-0.000353302,4.11048e-17,-0.000453981,5.4657740102049594e-05,10.48669790316267,10.369553041412246
PART-RIVERBANK-1,403,RiverBank/C3D8R,-295.0,0.0,-5.0,0.00031395306,-2.4960615e-18,-0.00041604514,0.000353302,-1.87601e-17,-0.000453981,5.4657740102049594e-05,10.48669790316267,10.369553041412246
PART-RIVERBANK-2,412,RiverBank/C3D8R,260.0,0.0,-15.0,-8.332305e-05,-1.725858e-17,-0.00073752296,-0.000121556,-2.42082e-18,-0.000698665,5.451329673633852e-05,7.344679042188338,4.453468752829531
PART-RIVERBANK-1,502,RiverBank/C3D8R,-260.0,0.0,-15.0,8.332305e-05,4.926629e-18,-0.00073752296,0.000121556,-9.60705e-17,-0.000698665,5.451329673633852e-05,7.344679042188338,4.453468752829531
PART-RIVERBANK-2,463,RiverBank/C3D8R,275.0,0.0,-5.0,-0.00041102796,-1.873821e-17,-0.0005863554,-0.000428404,3.78285e-17,-0.000637233,5.376297004297283e-05,7.508057785067949,7.2313010187011475
PART-RIVERBANK-1,463,RiverBank/C3D8R,-275.0,0.0,-5.0,0.00041102796,9.359238e-19,-0.0005863554,0.000428404,-6.56196e-17,-0.000637233,5.376297004297283e-05,7.508057785067949,7.2313010187011475
PART-RIVERBANK-2,175,RiverBank/C3D8R,280.0,10.0,-10.0,-0.00028895683,-7.793752e-06,-0.00052282173,-0.000321694,3.44912e-05,-0.000527255,5.3659979017365484e-05,8.982094457188674,3.5480406050187345
PART-RIVERBANK-2,220,RiverBank/C3D8R,280.0,-10.0,-10.0,-0.00028895683,7.793752e-06,-0.00052282173,-0.000321694,-3.44912e-05,-0.000527255,5.3659979017365484e-05,8.982094457188674,3.5480406050187345
PART-RIVERBANK-1,165,RiverBank/C3D8R,-280.0,10.0,-10.0,0.00028895683,-7.793752e-06,-0.00052282173,0.000321694,3.44912e-05,-0.000527255,5.3659979017365484e-05,8.982094457188674,3.5480406050187345
PART-RIVERBANK-1,210,RiverBank/C3D8R,-280.0,-10.0,-10.0,0.00028895683,7.793752e-06,-0.00052282173,0.000321694,-3.44912e-05,-0.000527255,5.3659979017365484e-05,8.982094457188674,3.5480406050187345
PART-RIVERBANK-2,178,RiverBank/C3D8R,285.0,10.0,-20.0,-0.0001762605,3.324722e-05,-0.00037391673,-0.000199465,1.35447e-05,-0.000417908,5.349644802053026e-05,12.899631687402923,11.70799649798622
PART-RIVERBANK-2,223,RiverBank/C3D8R,285.0,-10.0,-20.0,-0.0001762605,-3.324722e-05,-0.00037391673,-0.000199465,-1.35447e-05,-0.000417908,5.349644802053026e-05,12.899631687402923,11.70799649798622
PART-RIVERBANK-1,158,RiverBank/C3D8R,-285.0,10.0,-20.0,0.0001762605,3.324722e-05,-0.00037391673,0.000199465,1.35447e-05,-0.000417908,5.349644802053026e-05,12.899631687402923,11.70799649798622
PART-RIVERBANK-1,203,RiverBank/C3D8R,-285.0,-10.0,-20.0,0.0001762605,-3.324722e-05,-0.00037391673,0.000199465,-1.35447e-05,-0.000417908,5.349644802053026e-05,12.899631687402923,11.70799649798622
PART-RIVERBANK-2,183,RiverBank/C3D8R,290.0,10.0,-20.0,-0.00014075646,1.4953135e-05,-0.0003883172,-0.000161014,2.79259e-05,-0.000340923,5.3149513189086016e-05,12.859438893250926,8.527555967789885
PART-RIVERBANK-2,228,RiverBank/C3D8R,290.0,-10.0,-20.0,-0.00014075646,-1.4953135e-05,-0.0003883172,-0.000161014,-2.79259e-05,-0.000340923,5.3149513189086016e-05,12.859438893250926,8.527555967789885
PART-RIVERBANK-1,153,RiverBank/C3D8R,-290.0,10.0,-20.0,0.00014075646,1.4953135e-05,-0.0003883172,0.000161014,2.79259e-05,-0.000340923,5.3149513189086016e-05,12.859438893250926,8.527555967789885
PART-RIVERBANK-1,198,RiverBank/C3D8R,-290.0,-10.0,-20.0,0.00014075646,-1.4953135e-05,-0.0003883172,0.000161014,-2.79259e-05,-0.000340923,5.3149513189086016e-05,12.859438893250926,8.527555967789885
PART-RIVERBANK-2,493,RiverBank/C3D8R,285.0,0.0,-5.0,-0.0003498651,-1.2816973e-17,-0.0005069961,-0.000374755,3.97682e-17,-0.000553799,5.300960828397051e-05,8.605516741440006,8.552922009822275
PART-RIVERBANK-1,433,RiverBank/C3D8R,-285.0,0.0,-5.0,0.0003498651,-1.1540559e-18,-0.0005069961,0.000374755,-3.96682e-17,-0.000553799,5.300960828397051e-05,8.605516741440006,8.552922009822275
PART-RIVERBANK-2,154,RiverBank/C3D8R,260.0,10.0,-15.0,-0.00023882385,0.00011100154,-0.0007312318,-0.000223149,7.07916e-05,-0.000701339,5.249875892976993e-05,6.754756128238946,4.867579094795742
PART-RIVERBANK-2,199,RiverBank/C3D8R,260.0,-10.0,-15.0,-0.00023882385,-0.00011100154,-0.0007312318,-0.000223149,-7.07916e-05,-0.000701339,5.249875892976993e-05,6.754756128238946,4.867579094795742
PART-RIVERBANK-1,184,RiverBank/C3D8R,-260.0,10.0,-15.0,0.00023882385,0.00011100154,-0.0007312318,0.000223149,7.07916e-05,-0.000701339,5.249875892976993e-05,6.754756128238946,4.867579094795742
PART-RIVERBANK-1,229,RiverBank/C3D8R,-260.0,-10.0,-15.0,0.00023882385,-0.00011100154,-0.0007312318,0.000223149,-7.07916e-05,-0.000701339,5.249875892976993e-05,6.754756128238946,4.867579094795742
PART-RIVERBANK-2,35,RiverBank/C3D8R,300.0,-10.0,-20.0,-0.00012318637,-1.3231634e-05,-0.00029833458,-0.000135175,-2.16953e-05,-0.000248405,5.204155887762065e-05,16.110047831635594,12.198044718951474
PART-RIVERBANK-2,41,RiverBank/C3D8R,300.0,10.0,-20.0,-0.00012318637,1.3231634e-05,-0.00029833458,-0.000135175,2.16953e-05,-0.000248405,5.204155887762065e-05,16.110047831635594,12.198044718951474
PART-RIVERBANK-1,17,RiverBank/C3D8R,-300.0,-10.0,-20.0,0.00012318637,-1.3231634e-05,-0.00029833458,0.000135175,-2.16953e-05,-0.000248405,5.204155887762065e-05,16.110047831635594,12.198044718951474
PART-RIVERBANK-1,27,RiverBank/C3D8R,-300.0,10.0,-20.0,0.00012318637,1.3231634e-05,-0.00029833458,0.000135175,2.16953e-05,-0.000248405,5.204155887762065e-05,16.110047831635594,12.198044718951474
PART-RIVERBANK-2,188,RiverBank/C3D8R,295.0,10.0,-20.0,-0.00015747103,2.306712e-05,-0.00029595202,-0.000195723,1.28311e-05,-0.000329677,5.2013109792836835e-05,15.478665308980059,14.160058650623867
PART-RIVERBANK-2,233,RiverBank/C3D8R,295.0,-10.0,-20.0,-0.00015747103,-2.306712e-05,-0.00029595202,-0.000195723,-1.28311e-05,-0.000329677,5.2013109792836835e-05,15.478665308980059,14.160058650623867
PART-RIVERBANK-1,148,RiverBank/C3D8R,-295.0,10.0,-20.0,0.00015747103,2.306712e-05,-0.00029595202,0.000195723,1.28311e-05,-0.000329677,5.2013109792836835e-05,15.478665308980059,14.160058650623867
PART-RIVERBANK-1,193,RiverBank/C3D8R,-295.0,-10.0,-20.0,0.00015747103,-2.306712e-05,-0.00029595202,0.000195723,-1.28311e-05,-0.000329677,5.2013109792836835e-05,15.478665308980059,14.160058650623867
PART-RIVERBANK-2,474,RiverBank/C3D8R,280.0,5.0,-10.0,-0.0002979473,8.095508e-06,-0.00054082123,-0.000339086,-1.61636e-05,-0.000520262,5.199595077348393e-05,8.42018176568306,0.5997074955464295
PART-RIVERBANK-2,476,RiverBank/C3D8R,280.0,-5.0,-10.0,-0.0002979473,-8.095508e-06,-0.00054082123,-0.000339086,1.61636e-05,-0.000520262,5.199595077348393e-05,8.42018176568306,0.5997074955464295
PART-RIVERBANK-1,444,RiverBank/C3D8R,-280.0,5.0,-10.0,0.0002979473,8.095508e-06,-0.00054082123,0.000339086,-1.61636e-05,-0.000520262,5.199595077348393e-05,8.42018176568306,0.5997074955464295
PART-RIVERBANK-1,446,RiverBank/C3D8R,-280.0,-5.0,-10.0,0.0002979473,-8.095508e-06,-0.00054082123,0.000339086,1.61636e-05,-0.000520262,5.199595077348393e-05,8.42018176568306,0.5997074955464295
PART-RIVERBANK-2,164,RiverBank/C3D8R,270.0,10.0,-15.0,-0.00028166085,4.468454e-05,-0.00054197724,-0.00028344,-1.6466e-06,-0.000564816,5.168509327417043e-05,8.439365451758636,3.187173296158078
PART-RIVERBANK-2,209,RiverBank/C3D8R,270.0,-10.0,-15.0,-0.00028166085,-4.468454e-05,-0.00054197724,-0.00028344,1.6466e-06,-0.000564816,5.168509327417043e-05,8.439365451758636,3.187173296158078
PART-RIVERBANK-1,174,RiverBank/C3D8R,-270.0,10.0,-15.0,0.00028166085,4.468454e-05,-0.00054197724,0.00028344,-1.6466e-06,-0.000564816,5.168509327417043e-05,8.439365451758636,3.187173296158078
PART-RIVERBANK-1,219,RiverBank/C3D8R,-270.0,-10.0,-15.0,0.00028166085,-4.468454e-05,-0.00054197724,0.00028344,1.6466e-06,-0.000564816,5.168509327417043e-05,8.439365451758636,3.187173296158078
PART-RIVERBANK-2,180,RiverBank/C3D8R,285.0,10.0,-10.0,-0.00029942603,2.3236287e-05,-0.0004201146,-0.000335592,-1.26272e-05,-0.000414529,5.123832562838164e-05,9.92178503563511,3.305711285344174
PART-RIVERBANK-2,225,RiverBank/C3D8R,285.0,-10.0,-10.0,-0.00029942603,-2.3236287e-05,-0.0004201146,-0.000335592,1.26272e-05,-0.000414529,5.123832562838164e-05,9.92178503563511,3.305711285344174
PART-RIVERBANK-1,160,RiverBank/C3D8R,-285.0,10.0,-10.0,0.00029942603,2.3236287e-05,-0.0004201146,0.000335592,-1.26272e-05,-0.000414529,5.123832562838164e-05,9.92178503563511,3.305711285344174
PART-RIVERBANK-1,205,RiverBank/C3D8R,-285.0,-10.0,-10.0,0.00029942603,-2.3236287e-05,-0.0004201146,0.000335592,1.26272e-05,-0.000414529,5.123832562838164e-05,9.92178503563511,3.305711285344174
PART-RIVERBANK-2,160,RiverBank/C3D8R,265.0,10.0,-10.0,-0.00038496347,5.424002e-05,-0.0005910206,-0.00038354,3.12933e-06,-0.000591551,5.1133259462672627e-05,7.228124862778605,0.34016614575698745
PART-RIVERBANK-2,205,RiverBank/C3D8R,265.0,-10.0,-10.0,-0.00038496347,-5.424002e-05,-0.0005910206,-0.00038354,-3.12933e-06,-0.000591551,5.1133259462672627e-05,7.228124862778605,0.34016614575698745
PART-RIVERBANK-1,180,RiverBank/C3D8R,-265.0,10.0,-10.0,0.00038496347,5.424002e-05,-0.0005910206,0.00038354,3.12933e-06,-0.000591551,5.1133259462672627e-05,7.228124862778605,0.34016614575698745
PART-RIVERBANK-1,225,RiverBank/C3D8R,-265.0,-10.0,-10.0,0.00038496347,-5.424002e-05,-0.0005910206,0.00038354,-3.12933e-06,-0.000591551,5.1133259462672627e-05,7.228124862778605,0.34016614575698745
PART-RIVERBANK-2,504,RiverBank/C3D8R,290.0,5.0,-10.0,-0.00026892003,9.29193e-06,-0.0004624445,-0.000310541,-4.48886e-06,-0.000438416,4.999584111718694e-05,9.344458158465201,0.41923229601974643
PART-RIVERBANK-2,506,RiverBank/C3D8R,290.0,-5.0,-10.0,-0.00026892003,-9.29193e-06,-0.0004624445,-0.000310541,4.48886e-06,-0.000438416,4.999584111718694e-05,9.344458158465201,0.41923229601974643
PART-RIVERBANK-1,414,RiverBank/C3D8R,-290.0,5.0,-10.0,0.00026892003,9.29193e-06,-0.0004624445,0.000310541,-4.48886e-06,-0.000438416,4.999584111718694e-05,9.344458158465201,0.41923229601974643
PART-RIVERBANK-1,416,RiverBank/C3D8R,-290.0,-5.0,-10.0,0.00026892003,-9.29193e-06,-0.0004624445,0.000310541,4.48886e-06,-0.000438416,4.999584111718694e-05,9.344458158465201,0.41923229601974643
PART-RIVERBANK-2,469,RiverBank/C3D8R,280.0,0.0,-20.0,-0.00017558917,-6.805664e-18,-0.0003861991,-0.000206968,1.36567e-17,-0.000347682,4.96809617920074e-05,11.710523257860398,4.624853248742874
PART-RIVERBANK-1,439,RiverBank/C3D8R,-280.0,0.0,-20.0,0.00017558917,2.198607e-19,-0.0003861991,0.000206968,-3.09574e-17,-0.000347682,4.96809617920074e-05,11.710523257860398,4.624853248742874
PART-RIVERBANK-2,319,RiverBank/C3D8R,270.0,-10.0,-40.0,-3.4915087e-05,-1.3661637e-05,-0.00024314804,-6.26611e-05,-4.85408e-05,-0.000225306,4.8007662308618386e-05,19.513589187885387,2.91838868364786
PART-RIVERBANK-2,346,RiverBank/C3D8R,270.0,10.0,-40.0,-3.4915087e-05,1.3661637e-05,-0.00024314804,-6.26611e-05,4.85408e-05,-0.000225306,4.8007662308618386e-05,19.513589187885387,2.91838868364786
PART-RIVERBANK-1,325,RiverBank/C3D8R,-270.0,-10.0,-40.0,3.4915087e-05,-1.3661637e-05,-0.00024314804,6.26611e-05,-4.85408e-05,-0.000225306,4.8007662308618386e-05,19.513589187885387,2.91838868364786
PART-RIVERBANK-1,352,RiverBank/C3D8R,-270.0,10.0,-40.0,3.4915087e-05,1.3661637e-05,-0.00024314804,6.26611e-05,4.85408e-05,-0.000225306,4.8007662308618386e-05,19.513589187885387,2.91838868364786
PART-RIVERBANK-2,141,RiverBank/C3D8R,300.0,5.0,-10.0,-0.0002501858,1.0109294e-05,-0.00035962195,-0.000286515,-5.49803e-08,-0.000330158,4.786697811945247e-05,10.923436694652855,0.24191097159184377
PART-RIVERBANK-2,143,RiverBank/C3D8R,300.0,-5.0,-10.0,-0.0002501858,-1.0109294e-05,-0.00035962195,-0.000286515,5.49803e-08,-0.000330158,4.786697811945247e-05,10.923436694652855,0.24191097159184377
PART-RIVERBANK-1,126,RiverBank/C3D8R,-300.0,5.0,-10.0,0.0002501858,1.0109294e-05,-0.00035962195,0.000286515,-5.49803e-08,-0.000330158,4.786697811945247e-05,10.923436694652855,0.24191097159184377
PART-RIVERBANK-1,128,RiverBank/C3D8R,-300.0,-5.0,-10.0,0.0002501858,-1.0109294e-05,-0.00035962195,0.000286515,5.49803e-08,-0.000330158,4.786697811945247e-05,10.923436694652855,0.24191097159184377
PART-RIVERBANK-2,532,RiverBank/C3D8R,255.0,0.0,-45.0,-0.0001222762,-2.005329e-18,-8.239167e-05,-8.0662e-05,1.16552e-18,-0.000104954,4.733709303145791e-05,32.10504249908605,10.224095511303021
PART-RIVERBANK-1,604,RiverBank/C3D8R,-255.0,0.0,-45.0,0.0001222762,1.3641061e-20,-8.239167e-05,8.0662e-05,-2.37127e-18,-0.000104954,4.733709303145791e-05,32.10504249908605,10.224095511303021
PART-RIVERBANK-2,514,RiverBank/C3D8R,295.0,0.0,-20.0,-0.00016749118,-1.2446919e-18,-0.0003434811,-0.000206753,2.5073e-17,-0.000369567,4.713772044257549e-05,12.335129832608034,10.81472423655688
PART-RIVERBANK-1,394,RiverBank/C3D8R,-295.0,0.0,-20.0,0.00016749118,-2.3891937e-18,-0.0003434811,0.000206753,-3.31275e-18,-0.000369567,4.713772044257549e-05,12.335129832608034,10.81472423655688
PART-RIVERBANK-2,570,RiverBank/C3D8R,280.0,-5.0,-35.0,-5.3883035e-05,2.6154063e-05,-0.00021867183,-6.12664e-05,-1.81361e-05,-0.000205045,4.6923588024986896e-05,20.69614396093732,5.273640402054683
PART-RIVERBANK-2,572,RiverBank/C3D8R,280.0,5.0,-35.0,-5.3883035e-05,-2.6154063e-05,-0.00021867183,-6.12664e-05,1.81361e-05,-0.000205045,4.6923588024986896e-05,20.69614396093732,5.273640402054683
PART-RIVERBANK-1,552,RiverBank/C3D8R,-280.0,-5.0,-35.0,5.3883035e-05,2.6154063e-05,-0.00021867183,6.12664e-05,-1.81361e-05,-0.000205045,4.6923588024986896e-05,20.69614396093732,5.273640402054683
PART-RIVERBANK-1,554,RiverBank/C3D8R,-280.0,5.0,-35.0,5.3883035e-05,-2.6154063e-05,-0.00021867183,6.12664e-05,1.81361e-05,-0.000205045,4.6923588024986896e-05,20.69614396093732,5.273640402054683
PART-RIVERBANK-2,190,RiverBank/C3D8R,295.0,10.0,-10.0,-0.00027593147,2.2044582e-05,-0.00033964866,-0.000313519,-3.80511e-06,-0.000328977,4.6849901975899194e-05,10.692386265679152,3.7199421435587197
PART-RIVERBANK-2,235,RiverBank/C3D8R,295.0,-10.0,-10.0,-0.00027593147,-2.2044582e-05,-0.00033964866,-0.000313519,3.80511e-06,-0.000328977,4.6849901975899194e-05,10.692386265679152,3.7199421435587197
PART-RIVERBANK-1,150,RiverBank/C3D8R,-295.0,10.0,-10.0,0.00027593147,2.2044582e-05,-0.00033964866,0.000313519,-3.80511e-06,-0.000328977,4.6849901975899194e-05,10.692386265679152,3.7199421435587197
PART-RIVERBANK-1,195,RiverBank/C3D8R,-295.0,-10.0,-10.0,0.00027593147,-2.2044582e-05,-0.00033964866,0.000313519,3.80511e-06,-0.000328977,4.6849901975899194e-05,10.692386265679152,3.7199421435587197
PART-RIVERBANK-2,483,RiverBank/C3D8R,285.0,5.0,-20.0,-0.00016139107,-1.6995315e-06,-0.00037689696,-0.000186314,7.99777e-06,-0.000338658,4.6662706287231176e-05,11.381104397292601,5.705610553043949
PART-RIVERBANK-2,485,RiverBank/C3D8R,285.0,-5.0,-20.0,-0.00016139107,1.6995315e-06,-0.00037689696,-0.000186314,-7.99777e-06,-0.000338658,4.6662706287231176e-05,11.381104397292601,5.705610553043949
PART-RIVERBANK-1,423,RiverBank/C3D8R,-285.0,5.0,-20.0,0.00016139107,-1.6995315e-06,-0.00037689696,0.000186314,7.99777e-06,-0.000338658,4.6662706287231176e-05,11.381104397292601,5.705610553043949
PART-RIVERBANK-1,425,RiverBank/C3D8R,-285.0,-5.0,-20.0,0.00016139107,1.6995315e-06,-0.00037689696,0.000186314,-7.99777e-06,-0.000338658,4.6662706287231176e-05,11.381104397292601,5.705610553043949
PART-RIVERBANK-2,179,RiverBank/C3D8R,285.0,10.0,-15.0,-0.00021677214,4.418285e-06,-0.0004769521,-0.000245462,2.73108e-05,-0.000448726,4.630213851491986e-05,8.837622013368986,2.236447736371788
PART-RIVERBANK-2,224,RiverBank/C3D8R,285.0,-10.0,-15.0,-0.00021677214,-4.418285e-06,-0.0004769521,-0.000245462,-2.73108e-05,-0.000448726,4.630213851491986e-05,8.837622013368986,2.236447736371788
PART-RIVERBANK-1,159,RiverBank/C3D8R,-285.0,10.0,-15.0,0.00021677214,4.418285e-06,-0.0004769521,0.000245462,2.73108e-05,-0.000448726,4.630213851491986e-05,8.837622013368986,2.236447736371788
PART-RIVERBANK-1,204,RiverBank/C3D8R,-285.0,-10.0,-15.0,0.00021677214,-4.418285e-06,-0.0004769521,0.000245462,-2.73108e-05,-0.000448726,4.630213851491986e-05,8.837622013368986,2.236447736371788
PART-RIVERBANK-2,150,RiverBank/C3D8R,255.0,10.0,-10.0,-0.00025328225,0.00019814212,-0.0008295474,-0.000236876,0.000230102,-0.000800391,4.626764128023921e-05,5.200380746701953,2.681234558556582
PART-RIVERBANK-2,195,RiverBank/C3D8R,255.0,-10.0,-10.0,-0.00025328225,-0.00019814212,-0.0008295474,-0.000236876,-0.000230102,-0.000800391,4.626764128023921e-05,5.200380746701953,2.681234558556582
PART-RIVERBANK-1,190,RiverBank/C3D8R,-255.0,10.0,-10.0,0.00025328225,0.00019814212,-0.0008295474,0.000236876,0.000230102,-0.000800391,4.626764128023921e-05,5.200380746701953,2.681234558556582
PART-RIVERBANK-1,235,RiverBank/C3D8R,-255.0,-10.0,-10.0,0.00025328225,-0.00019814212,-0.0008295474,0.000236876,-0.000230102,-0.000800391,4.626764128023921e-05,5.200380746701953,2.681234558556582
PART-RIVERBANK-2,459,RiverBank/C3D8R,275.0,5.0,-10.0,-0.0003249228,-4.810458e-06,-0.0004908104,-0.000352629,2.69456e-05,-0.000509892,4.626216809337152e-05,7.859209494872764,5.418989945383297
PART-RIVERBANK-2,461,RiverBank/C3D8R,275.0,-5.0,-10.0,-0.0003249228,4.810458e-06,-0.0004908104,-0.000352629,-2.69456e-05,-0.000509892,4.626216809337152e-05,7.859209494872764,5.418989945383297
PART-RIVERBANK-1,459,RiverBank/C3D8R,-275.0,5.0,-10.0,0.0003249228,-4.810458e-06,-0.0004908104,0.000352629,2.69456e-05,-0.000509892,4.626216809337152e-05,7.859209494872764,5.418989945383297
PART-RIVERBANK-1,461,RiverBank/C3D8R,-275.0,-5.0,-10.0,0.0003249228,4.810458e-06,-0.0004908104,0.000352629,-2.69456e-05,-0.000509892,4.626216809337152e-05,7.859209494872764,5.418989945383297
PART-RIVERBANK-2,466,RiverBank/C3D8R,280.0,0.0,-25.0,-9.3781826e-05,-5.2847664e-18,-0.00049967394,-0.000122217,1.48078e-17,-0.000535986,4.6120763456971076e-05,9.071773357712903,8.132403996503779
PART-RIVERBANK-1,436,RiverBank/C3D8R,-280.0,0.0,-25.0,9.3781826e-05,-2.403024e-19,-0.00049967394,0.000122217,-2.24836e-17,-0.000535986,4.6120763456971076e-05,9.071773357712903,8.132403996503779
PART-RIVERBANK-2,438,RiverBank/C3D8R,270.0,5.0,-20.0,-0.0001751562,4.6674897e-05,-0.0005698332,-0.000187344,1.043e-05,-0.000595493,4.605062826303901e-05,7.701160353147933,4.41233649029628
PART-RIVERBANK-2,440,RiverBank/C3D8R,270.0,-5.0,-20.0,-0.0001751562,-4.6674897e-05,-0.0005698332,-0.000187344,-1.043e-05,-0.000595493,4.605062826303901e-05,7.701160353147933,4.41233649029628
PART-RIVERBANK-1,468,RiverBank/C3D8R,-270.0,5.0,-20.0,0.0001751562,4.6674897e-05,-0.0005698332,0.000187344,1.043e-05,-0.000595493,4.605062826303901e-05,7.701160353147933,4.41233649029628
PART-RIVERBANK-1,470,RiverBank/C3D8R,-270.0,-5.0,-20.0,0.0001751562,-4.6674897e-05,-0.0005698332,0.000187344,-1.043e-05,-0.000595493,4.605062826303901e-05,7.701160353147933,4.41233649029628
PART-RIVERBANK-2,135,RiverBank/C3D8R,300.0,5.0,-20.0,-0.00013213677,1.28447755e-05,-0.0003119928,-0.000176093,9.77072e-06,-0.000324754,4.5874265100053436e-05,13.529664054430132,8.991981815849687
PART-RIVERBANK-2,137,RiverBank/C3D8R,300.0,-5.0,-20.0,-0.00013213677,-1.28447755e-05,-0.0003119928,-0.000176093,-9.77072e-06,-0.000324754,4.5874265100053436e-05,13.529664054430132,8.991981815849687
PART-RIVERBANK-1,120,RiverBank/C3D8R,-300.0,5.0,-20.0,0.00013213677,1.28447755e-05,-0.0003119928,0.000176093,9.77072e-06,-0.000324754,4.5874265100053436e-05,13.529664054430132,8.991981815849687
PART-RIVERBANK-1,122,RiverBank/C3D8R,-300.0,-5.0,-20.0,0.00013213677,-1.28447755e-05,-0.0003119928,0.000176093,-9.77072e-06,-0.000324754,4.5874265100053436e-05,13.529664054430132,8.991981815849687
PART-RIVERBANK-2,433,RiverBank/C3D8R,265.0,0.0,-5.0,-0.00053822686,-2.719164e-17,-0.00067891565,-0.000570956,3.41913e-17,-0.000710777,4.5676495366458446e-05,5.272107618818085,5.230800626835945
PART-RIVERBANK-1,493,RiverBank/C3D8R,-265.0,0.0,-5.0,0.00053822686,4.5820165e-18,-0.00067891565,0.000570956,-9.93434e-17,-0.000710777,4.5676495366458446e-05,5.272107618818085,5.230800626835945
PART-RIVERBANK-2,516,RiverBank/C3D8R,295.0,5.0,-15.0,-0.00019780919,1.2111626e-05,-0.00037648625,-0.000243068,6.47212e-06,-0.000375203,4.562686315212386e-05,10.724099980887084,5.086754079698549
PART-RIVERBANK-2,518,RiverBank/C3D8R,295.0,-5.0,-15.0,-0.00019780919,-1.2111626e-05,-0.00037648625,-0.000243068,-6.47212e-06,-0.000375203,4.562686315212386e-05,10.724099980887084,5.086754079698549
PART-RIVERBANK-1,396,RiverBank/C3D8R,-295.0,5.0,-15.0,0.00019780919,1.2111626e-05,-0.00037648625,0.000243068,6.47212e-06,-0.000375203,4.562686315212386e-05,10.724099980887084,5.086754079698549
PART-RIVERBANK-1,398,RiverBank/C3D8R,-295.0,-5.0,-15.0,0.00019780919,-1.2111626e-05,-0.00037648625,0.000243068,-6.47212e-06,-0.000375203,4.562686315212386e-05,10.724099980887084,5.086754079698549
PART-RIVERBANK-2,460,RiverBank/C3D8R,275.0,0.0,-10.0,-0.00029897862,-1.3659136e-17,-0.00051677885,-0.000343081,2.49062e-17,-0.000506137,4.536814844234776e-05,7.598932760457934,2.415860728834778
PART-RIVERBANK-1,460,RiverBank/C3D8R,-275.0,0.0,-10.0,0.00029897862,1.1872477e-18,-0.00051677885,0.000343081,-6.53317e-17,-0.000506137,4.536814844234776e-05,7.598932760457934,2.415860728834778
PART-RIVERBANK-2,484,RiverBank/C3D8R,285.0,0.0,-20.0,-0.00017727759,-4.7330555e-18,-0.00042945726,-0.000204503,2.04863e-17,-0.000465456,4.513460126394938e-05,9.714548847849613,9.425550553033004
PART-RIVERBANK-1,424,RiverBank/C3D8R,-285.0,0.0,-20.0,0.00017727759,-9.823519e-19,-0.00042945726,0.000204503,-2.14503e-17,-0.000465456,4.513460126394938e-05,9.714548847849613,9.425550553033004
PART-RIVERBANK-2,597,RiverBank/C3D8R,295.0,-5.0,-35.0,-7.9225305e-05,-5.5916356e-05,-0.00021772237,-4.60652e-05,-2.90151e-05,-0.000232031,4.5033399055206354e-05,18.894543644051492,0.0035688383860842015
PART-RIVERBANK-2,599,RiverBank/C3D8R,295.0,5.0,-35.0,-7.9225305e-05,5.5916356e-05,-0.00021772237,-4.60652e-05,2.90151e-05,-0.000232031,4.5033399055206354e-05,18.894543644051492,0.0035688383860842015
PART-RIVERBANK-1,525,RiverBank/C3D8R,-295.0,-5.0,-35.0,7.9225305e-05,-5.5916356e-05,-0.00021772237,4.60652e-05,-2.90151e-05,-0.000232031,4.5033399055206354e-05,18.894543644051492,0.0035688383860842015
PART-RIVERBANK-1,527,RiverBank/C3D8R,-295.0,5.0,-35.0,7.9225305e-05,5.5916356e-05,-0.00021772237,4.60652e-05,2.90151e-05,-0.000232031,4.5033399055206354e-05,18.894543644051492,0.0035688383860842015
PART-RIVERBANK-2,174,RiverBank/C3D8R,280.0,10.0,-15.0,-0.00025465834,2.4129846e-05,-0.00044231702,-0.000278203,-6.12481e-06,-0.000465266,4.468054282609305e-05,8.744475121855492,6.101170991931197
PART-RIVERBANK-2,219,RiverBank/C3D8R,280.0,-10.0,-15.0,-0.00025465834,-2.4129846e-05,-0.00044231702,-0.000278203,6.12481e-06,-0.000465266,4.468054282609305e-05,8.744475121855492,6.101170991931197
PART-RIVERBANK-1,164,RiverBank/C3D8R,-280.0,10.0,-15.0,0.00025465834,2.4129846e-05,-0.00044231702,0.000278203,-6.12481e-06,-0.000465266,4.468054282609305e-05,8.744475121855492,6.101170991931197
PART-RIVERBANK-1,209,RiverBank/C3D8R,-280.0,-10.0,-15.0,0.00025465834,-2.4129846e-05,-0.00044231702,0.000278203,6.12481e-06,-0.000465266,4.468054282609305e-05,8.744475121855492,6.101170991931197
PART-RIVERBANK-2,454,RiverBank/C3D8R,275.0,0.0,-20.0,-0.00016553438,-8.237304e-18,-0.0005122527,-0.000183733,1.39337e-17,-0.000552593,4.425527735755818e-05,8.220770701407034,8.173814787627046
PART-RIVERBANK-1,454,RiverBank/C3D8R,-275.0,0.0,-20.0,0.00016553438,7.565224e-19,-0.0005122527,0.000183733,-4.12268e-17,-0.000552593,4.425527735755818e-05,8.220770701407034,8.173814787627046
PART-RIVERBANK-2,136,RiverBank/C3D8R,300.0,0.0,-20.0,-0.000108965636,7.25732e-20,-0.00026005527,-0.000120799,2.02356e-17,-0.000217457,4.421132332954301e-05,15.679918300366023,11.776305308698353
PART-RIVERBANK-1,121,RiverBank/C3D8R,-300.0,0.0,-20.0,0.000108965636,-2.5905957e-18,-0.00026005527,0.000120799,2.32426e-18,-0.000217457,4.421132332954301e-05,15.679918300366023,11.776305308698353
PART-RIVERBANK-2,439,RiverBank/C3D8R,270.0,0.0,-20.0,-0.0002547941,-1.0795794e-17,-0.00041619837,-0.000291961,1.02499e-17,-0.000392513,4.407238599902322e-05,9.03128131406058,0.24463204204979325
PART-RIVERBANK-1,469,RiverBank/C3D8R,-270.0,0.0,-20.0,0.0002547941,1.697711e-18,-0.00041619837,0.000291961,-5.16029e-17,-0.000392513,4.407238599902322e-05,9.03128131406058,0.24463204204979325
PART-RIVERBANK-2,426,RiverBank/C3D8R,265.0,5.0,-15.0,-0.00025784987,3.2246804e-05,-0.0006370147,-0.000270827,-9.47599e-06,-0.000636071,4.370455367456962e-05,6.3526064325689555,0.4962433407596158
PART-RIVERBANK-2,428,RiverBank/C3D8R,265.0,-5.0,-15.0,-0.00025784987,-3.2246804e-05,-0.0006370147,-0.000270827,9.47599e-06,-0.000636071,4.370455367456962e-05,6.3526064325689555,0.4962433407596158
PART-RIVERBANK-1,486,RiverBank/C3D8R,-265.0,5.0,-15.0,0.00025784987,3.2246804e-05,-0.0006370147,0.000270827,-9.47599e-06,-0.000636071,4.370455367456962e-05,6.3526064325689555,0.4962433407596158
PART-RIVERBANK-1,488,RiverBank/C3D8R,-265.0,-5.0,-15.0,0.00025784987,-3.2246804e-05,-0.0006370147,0.000270827,9.47599e-06,-0.000636071,4.370455367456962e-05,6.3526064325689555,0.4962433407596158
PART-RIVERBANK-2,499,RiverBank/C3D8R,290.0,0.0,-20.0,-0.00013916501,-3.3426931e-18,-0.00034749878,-0.000157113,1.82171e-17,-0.000307751,4.361211253732729e-05,11.65073950571315,7.691912675779484
PART-RIVERBANK-1,409,RiverBank/C3D8R,-290.0,0.0,-20.0,0.00013916501,-9.886915e-19,-0.00034749878,0.000157113,-1.46808e-17,-0.000307751,4.361211253732729e-05,11.65073950571315,7.691912675779484
PART-RIVERBANK-2,34,RiverBank/C3D8R,300.0,-10.0,-15.0,-0.00020507236,-1.5450118e-05,-0.0002673223,-0.000246305,-3.26967e-06,-0.000271972,4.3244810381597284e-05,12.82181570999904,8.795676361946567
PART-RIVERBANK-2,42,RiverBank/C3D8R,300.0,10.0,-15.0,-0.00020507236,1.5450118e-05,-0.0002673223,-0.000246305,3.26967e-06,-0.000271972,4.3244810381597284e-05,12.82181570999904,8.795676361946567
PART-RIVERBANK-1,18,RiverBank/C3D8R,-300.0,-10.0,-15.0,0.00020507236,-1.5450118e-05,-0.0002673223,0.000246305,-3.26967e-06,-0.000271972,4.3244810381597284e-05,12.82181570999904,8.795676361946567
PART-RIVERBANK-1,26,RiverBank/C3D8R,-300.0,10.0,-15.0,0.00020507236,1.5450118e-05,-0.0002673223,0.000246305,3.26967e-06,-0.000271972,4.3244810381597284e-05,12.82181570999904,8.795676361946567
PART-RIVERBANK-2,430,RiverBank/C3D8R,265.0,0.0,-10.0,-0.00026575133,-1.8458621e-17,-0.0006219172,-0.000304891,1.35491e-17,-0.000604561,4.2815317891484846e-05,6.330657627487074,0.11446669239393195
PART-RIVERBANK-1,490,RiverBank/C3D8R,-265.0,0.0,-10.0,0.00026575133,3.410306e-18,-0.0006219172,0.000304891,-9.46983e-17,-0.000604561,4.2815317891484846e-05,6.330657627487074,0.11446669239393195
PART-RIVERBANK-2,490,RiverBank/C3D8R,285.0,0.0,-10.0,-0.00029043836,-9.185639e-18,-0.00044753466,-0.000331572,3.18501e-17,-0.000435991,4.272273897873589e-05,8.007737269696154,2.6672017136622688
PART-RIVERBANK-1,430,RiverBank/C3D8R,-285.0,0.0,-10.0,0.00029043836,-9.575349e-19,-0.00044753466,0.000331572,-3.96462e-17,-0.000435991,4.272273897873589e-05,8.007737269696154,2.6672017136622688
PART-RIVERBANK-2,184,RiverBank/C3D8R,290.0,10.0,-15.0,-0.00022428528,1.7128696e-05,-0.0003675829,-0.000260685,-5.28323e-07,-0.00038121,4.2689668427557015e-05,9.906036252801108,7.1643104482809115
PART-RIVERBANK-2,229,RiverBank/C3D8R,290.0,-10.0,-15.0,-0.00022428528,-1.7128696e-05,-0.0003675829,-0.000260685,5.28323e-07,-0.00038121,4.2689668427557015e-05,9.906036252801108,7.1643104482809115
PART-RIVERBANK-1,154,RiverBank/C3D8R,-290.0,10.0,-15.0,0.00022428528,1.7128696e-05,-0.0003675829,0.000260685,-5.28323e-07,-0.00038121,4.2689668427557015e-05,9.906036252801108,7.1643104482809115
PART-RIVERBANK-1,199,RiverBank/C3D8R,-290.0,-10.0,-15.0,0.00022428528,-1.7128696e-05,-0.0003675829,0.000260685,5.28323e-07,-0.00038121,4.2689668427557015e-05,9.906036252801108,7.1643104482809115
PART-PIER-2,141,Pier/C3D8R,-19.75,-20.0,-45.0,-0.00045940414,-0.00031364217,-0.0007947161,-0.000488898,-0.000312279,-0.000825266,4.248579056765326e-05,4.379752062719784,3.99084241340786
PART-PIER-2,191,Pier/C3D8R,19.75,-20.0,-45.0,0.00045940414,-0.00031364217,-0.0007947161,0.000488898,-0.000312279,-0.000825266,4.248579056765326e-05,4.379752062719784,3.99084241340786
PART-PIER-1,25,Pier/C3D8R,-19.75,20.0,-45.0,-0.00045940414,0.00031364217,-0.0007947161,-0.000488898,0.000312279,-0.000825266,4.248579056765326e-05,4.379752062719784,3.99084241340786
PART-PIER-1,268,Pier/C3D8R,19.75,20.0,-45.0,0.00045940414,0.00031364217,-0.0007947161,0.000488898,0.000312279,-0.000825266,4.248579056765326e-05,4.379752062719784,3.99084241340786
PART-RIVERBANK-2,498,RiverBank/C3D8R,290.0,5.0,-20.0,-0.00015754593,1.7136674e-05,-0.00041116527,-0.000192452,1.11931e-05,-0.000434422,4.236313592064774e-05,9.613811913894258,7.857842204809453
PART-RIVERBANK-2,500,RiverBank/C3D8R,290.0,-5.0,-20.0,-0.00015754593,-1.7136674e-05,-0.00041116527,-0.000192452,-1.11931e-05,-0.000434422,4.236313592064774e-05,9.613811913894258,7.857842204809453
PART-RIVERBANK-1,408,RiverBank/C3D8R,-290.0,5.0,-20.0,0.00015754593,1.7136674e-05,-0.00041116527,0.000192452,1.11931e-05,-0.000434422,4.236313592064774e-05,9.613811913894258,7.857842204809453
PART-RIVERBANK-1,410,RiverBank/C3D8R,-290.0,-5.0,-20.0,0.00015754593,-1.7136674e-05,-0.00041116527,0.000192452,-1.11931e-05,-0.000434422,4.236313592064774e-05,9.613811913894258,7.857842204809453
PART-RIVERBANK-2,33,RiverBank/C3D8R,300.0,-10.0,-10.0,-0.00026182845,-1.6870747e-06,-0.00035890308,-0.000294578,-2.52463e-05,-0.000350761,4.115657406375144e-05,9.26403956799035,3.260067069802005
PART-RIVERBANK-2,43,RiverBank/C3D8R,300.0,10.0,-10.0,-0.00026182845,1.6870747e-06,-0.00035890308,-0.000294578,2.52463e-05,-0.000350761,4.115657406375144e-05,9.26403956799035,3.260067069802005
PART-RIVERBANK-1,19,RiverBank/C3D8R,-300.0,-10.0,-10.0,0.00026182845,-1.6870747e-06,-0.00035890308,0.000294578,-2.52463e-05,-0.000350761,4.115657406375144e-05,9.26403956799035,3.260067069802005
PART-RIVERBANK-1,25,RiverBank/C3D8R,-300.0,10.0,-10.0,0.00026182845,1.6870747e-06,-0.00035890308,0.000294578,2.52463e-05,-0.000350761,4.115657406375144e-05,9.26403956799035,3.260067069802005
PART-RIVERBANK-2,520,RiverBank/C3D8R,295.0,0.0,-10.0,-0.00028502598,-4.780464e-18,-0.00036404523,-0.000323192,3.82114e-17,-0.000348742,4.111975110665555e-05,8.89361611956732,2.8379145945286326
PART-RIVERBANK-1,400,RiverBank/C3D8R,-295.0,0.0,-10.0,0.00028502598,-3.0408915e-18,-0.00036404523,0.000323192,-1.6435e-17,-0.000348742,4.111975110665555e-05,8.89361611956732,2.8379145945286326
PART-RIVERBANK-2,468,RiverBank/C3D8R,280.0,5.0,-20.0,-0.00017869052,2.771812e-05,-0.000486492,-0.00019829,1.13601e-05,-0.000518719,4.111330640547896e-05,7.92146163675604,7.019454631767147
PART-RIVERBANK-2,470,RiverBank/C3D8R,280.0,-5.0,-20.0,-0.00017869052,-2.771812e-05,-0.000486492,-0.00019829,-1.13601e-05,-0.000518719,4.111330640547896e-05,7.92146163675604,7.019454631767147
PART-RIVERBANK-1,438,RiverBank/C3D8R,-280.0,5.0,-20.0,0.00017869052,2.771812e-05,-0.000486492,0.00019829,1.13601e-05,-0.000518719,4.111330640547896e-05,7.92146163675604,7.019454631767147
PART-RIVERBANK-1,440,RiverBank/C3D8R,-280.0,-5.0,-20.0,0.00017869052,-2.771812e-05,-0.000486492,0.00019829,-1.13601e-05,-0.000518719,4.111330640547896e-05,7.92146163675604,7.019454631767147
PART-RIVERBANK-2,185,RiverBank/C3D8R,290.0,10.0,-10.0,-0.00027431588,-1.396848e-06,-0.00045933438,-0.00030247,2.78323e-05,-0.000457697,4.0616235412020924e-05,7.591631047234639,2.6735428657419336
PART-RIVERBANK-2,230,RiverBank/C3D8R,290.0,-10.0,-10.0,-0.00027431588,1.396848e-06,-0.00045933438,-0.00030247,-2.78323e-05,-0.000457697,4.0616235412020924e-05,7.591631047234639,2.6735428657419336
PART-RIVERBANK-1,155,RiverBank/C3D8R,-290.0,10.0,-10.0,0.00027431588,-1.396848e-06,-0.00045933438,0.00030247,2.78323e-05,-0.000457697,4.0616235412020924e-05,7.591631047234639,2.6735428657419336
PART-RIVERBANK-1,200,RiverBank/C3D8R,-290.0,-10.0,-10.0,0.00027431588,1.396848e-06,-0.00045933438,0.00030247,-2.78323e-05,-0.000457697,4.0616235412020924e-05,7.591631047234639,2.6735428657419336
PART-RIVERBANK-2,139,RiverBank/C3D8R,300.0,0.0,-15.0,-0.0002239153,-5.1967074e-19,-0.00030258077,-0.000264419,3.33494e-17,-0.000300898,4.053864117805257e-05,10.769479347290874,6.415495923415378
PART-RIVERBANK-1,124,RiverBank/C3D8R,-300.0,0.0,-15.0,0.0002239153,-3.4378218e-18,-0.00030258077,0.000264419,5.35325e-19,-0.000300898,4.053864117805257e-05,10.769479347290874,6.415495923415378
PART-RIVERBANK-2,513,RiverBank/C3D8R,295.0,5.0,-20.0,-0.00014707974,1.6620518e-06,-0.0003134471,-0.00015648,5.18737e-06,-0.00027469,4.003630298727455e-05,11.563061009480883,8.683710699751325
PART-RIVERBANK-2,515,RiverBank/C3D8R,295.0,-5.0,-20.0,-0.00014707974,-1.6620518e-06,-0.0003134471,-0.00015648,-5.18737e-06,-0.00027469,4.003630298727455e-05,11.563061009480883,8.683710699751325
PART-RIVERBANK-1,393,RiverBank/C3D8R,-295.0,5.0,-20.0,0.00014707974,1.6620518e-06,-0.0003134471,0.00015648,5.18737e-06,-0.00027469,4.003630298727455e-05,11.563061009480883,8.683710699751325
PART-RIVERBANK-1,395,RiverBank/C3D8R,-295.0,-5.0,-20.0,0.00014707974,-1.6620518e-06,-0.0003134471,0.00015648,-5.18737e-06,-0.00027469,4.003630298727455e-05,11.563061009480883,8.683710699751325
PART-RIVERBANK-2,502,RiverBank/C3D8R,290.0,0.0,-15.0,-0.00022740505,-4.69746e-18,-0.0004064382,-0.000266407,2.79826e-17,-0.000413307,3.960217818810604e-05,8.503235841521873,5.581818459807264
PART-RIVERBANK-1,412,RiverBank/C3D8R,-290.0,0.0,-15.0,0.00022740505,-2.0120585e-18,-0.0004064382,0.000266407,-1.98816e-17,-0.000413307,3.960217818810604e-05,8.503235841521873,5.581818459807264
PART-RIVERBANK-2,303,RiverBank/C3D8R,300.0,-5.0,-40.0,3.103296e-05,-2.6634085e-05,-0.00014268898,-7.5065e-06,-3.11674e-05,-0.000137908,3.9098576594822795e-05,26.340767546710325,4.613841492206213
PART-RIVERBANK-2,305,RiverBank/C3D8R,300.0,5.0,-40.0,3.103296e-05,2.6634085e-05,-0.00014268898,-7.5065e-06,3.11674e-05,-0.000137908,3.9098576594822795e-05,26.340767546710325,4.613841492206213
PART-RIVERBANK-1,294,RiverBank/C3D8R,-300.0,-5.0,-40.0,-3.103296e-05,-2.6634085e-05,-0.00014268898,7.5065e-06,-3.11674e-05,-0.000137908,3.9098576594822795e-05,26.340767546710325,4.613841492206213
PART-RIVERBANK-1,296,RiverBank/C3D8R,-300.0,5.0,-40.0,-3.103296e-05,2.6634085e-05,-0.00014268898,7.5065e-06,3.11674e-05,-0.000137908,3.9098576594822795e-05,26.340767546710325,4.613841492206213
PART-RIVERBANK-2,314,RiverBank/C3D8R,260.0,-10.0,-45.0,-2.0878857e-05,-0.00012777247,-0.00011467959,-2.36161e-05,-8.89445e-05,-0.000114673,3.892433425236775e-05,22.505579382601105,14.987222446768754
PART-RIVERBANK-2,341,RiverBank/C3D8R,260.0,10.0,-45.0,-2.0878857e-05,0.00012777247,-0.00011467959,-2.36161e-05,8.89445e-05,-0.000114673,3.892433425236775e-05,22.505579382601105,14.987222446768754
PART-RIVERBANK-1,332,RiverBank/C3D8R,-260.0,-10.0,-45.0,2.0878857e-05,-0.00012777247,-0.00011467959,2.36161e-05,-8.89445e-05,-0.000114673,3.892433425236775e-05,22.505579382601105,14.987222446768754
PART-RIVERBANK-1,359,RiverBank/C3D8R,-260.0,10.0,-45.0,2.0878857e-05,0.00012777247,-0.00011467959,2.36161e-05,8.89445e-05,-0.000114673,3.892433425236775e-05,22.505579382601105,14.987222446768754
PART-RIVERBANK-2,496,RiverBank/C3D8R,290.0,0.0,-25.0,-0.00014993957,-2.350628e-18,-0.0004278879,-0.000135066,1.80181e-17,-0.000463821,3.8889725637434126e-05,8.577388587333147,6.547992904291755
PART-RIVERBANK-1,406,RiverBank/C3D8R,-290.0,0.0,-25.0,0.00014993957,-1.7086526e-18,-0.0004278879,0.000135066,-6.73052e-18,-0.000463821,3.8889725637434126e-05,8.577388587333147,6.547992904291755
PART-RIVERBANK-2,538,RiverBank/C3D8R,260.0,0.0,-40.0,-0.00020554331,-2.6083474e-18,-9.993313e-05,-0.000172566,-2.24845e-18,-0.000120392,3.880809627530058e-05,16.98020223156774,7.935698918750145
PART-RIVERBANK-1,592,RiverBank/C3D8R,-260.0,0.0,-40.0,0.00020554331,6.3959476e-19,-9.993313e-05,0.000172566,-1.11664e-17,-0.000120392,3.880809627530058e-05,16.98020223156774,7.935698918750145
PART-RIVERBANK-2,579,RiverBank/C3D8R,285.0,-5.0,-35.0,-3.5724413e-05,-6.820618e-05,-0.0002541104,-3.51145e-05,-3.26093e-05,-0.000269501,3.878634331774483e-05,14.607739302679798,3.091741572024881
PART-RIVERBANK-2,581,RiverBank/C3D8R,285.0,5.0,-35.0,-3.5724413e-05,6.820618e-05,-0.0002541104,-3.51145e-05,3.26093e-05,-0.000269501,3.878634331774483e-05,14.607739302679798,3.091741572024881
PART-RIVERBANK-1,543,RiverBank/C3D8R,-285.0,-5.0,-35.0,3.5724413e-05,-6.820618e-05,-0.0002541104,3.51145e-05,-3.26093e-05,-0.000269501,3.878634331774483e-05,14.607739302679798,3.091741572024881
PART-RIVERBANK-1,545,RiverBank/C3D8R,-285.0,5.0,-35.0,3.5724413e-05,6.820618e-05,-0.0002541104,3.51145e-05,3.26093e-05,-0.000269501,3.878634331774483e-05,14.607739302679798,3.091741572024881
PART-RIVERBANK-2,486,RiverBank/C3D8R,285.0,5.0,-15.0,-0.00022502305,1.4599413e-05,-0.00046008563,-0.000260671,2.79771e-06,-0.000468398,3.8459745551935366e-05,7.506183346186622,4.621585506472813
PART-RIVERBANK-2,488,RiverBank/C3D8R,285.0,-5.0,-15.0,-0.00022502305,-1.4599413e-05,-0.00046008563,-0.000260671,-2.79771e-06,-0.000468398,3.8459745551935366e-05,7.506183346186622,4.621585506472813
PART-RIVERBANK-1,426,RiverBank/C3D8R,-285.0,5.0,-15.0,0.00022502305,1.4599413e-05,-0.00046008563,0.000260671,2.79771e-06,-0.000468398,3.8459745551935366e-05,7.506183346186622,4.621585506472813
PART-RIVERBANK-1,428,RiverBank/C3D8R,-285.0,-5.0,-15.0,0.00022502305,-1.4599413e-05,-0.00046008563,0.000260671,-2.79771e-06,-0.000468398,3.8459745551935366e-05,7.506183346186622,4.621585506472813
PART-RIVERBANK-2,427,RiverBank/C3D8R,265.0,0.0,-15.0,-0.00038205914,-1.88072e-17,-0.0005400119,-0.0004195,1.88804e-17,-0.000548001,3.8283726521194346e-05,5.787412814640161,4.3287169059930095
PART-RIVERBANK-1,487,RiverBank/C3D8R,-265.0,0.0,-15.0,0.00038205914,3.6726228e-18,-0.0005400119,0.0004195,-7.67903e-17,-0.000548001,3.8283726521194346e-05,5.787412814640161,4.3287169059930095
PART-RIVERBANK-2,456,RiverBank/C3D8R,275.0,5.0,-15.0,-0.0002526777,2.0860725e-05,-0.0005352782,-0.000277372,-3.96254e-06,-0.000550667,3.824680513703369e-05,6.457477938826063,4.103492271293115
PART-RIVERBANK-2,458,RiverBank/C3D8R,275.0,-5.0,-15.0,-0.0002526777,-2.0860725e-05,-0.0005352782,-0.000277372,3.96254e-06,-0.000550667,3.824680513703369e-05,6.457477938826063,4.103492271293115
PART-RIVERBANK-1,456,RiverBank/C3D8R,-275.0,5.0,-15.0,0.0002526777,2.0860725e-05,-0.0005352782,0.000277372,-3.96254e-06,-0.000550667,3.824680513703369e-05,6.457477938826063,4.103492271293115
PART-RIVERBANK-1,458,RiverBank/C3D8R,-275.0,-5.0,-15.0,0.0002526777,-2.0860725e-05,-0.0005352782,0.000277372,3.96254e-06,-0.000550667,3.824680513703369e-05,6.457477938826063,4.103492271293115
PART-RIVERBANK-2,189,RiverBank/C3D8R,295.0,10.0,-15.0,-0.00020451036,7.169837e-06,-0.00040586983,-0.000221987,2.11831e-05,-0.00037601,3.7328460097165356e-05,8.212367695329352,3.8231488532505735
PART-RIVERBANK-2,234,RiverBank/C3D8R,295.0,-10.0,-15.0,-0.00020451036,-7.169837e-06,-0.00040586983,-0.000221987,-2.11831e-05,-0.00037601,3.7328460097165356e-05,8.212367695329352,3.8231488532505735
PART-RIVERBANK-1,149,RiverBank/C3D8R,-295.0,10.0,-15.0,0.00020451036,7.169837e-06,-0.00040586983,0.000221987,2.11831e-05,-0.00037601,3.7328460097165356e-05,8.212367695329352,3.8231488532505735
PART-RIVERBANK-1,194,RiverBank/C3D8R,-295.0,-10.0,-15.0,0.00020451036,-7.169837e-06,-0.00040586983,0.000221987,-2.11831e-05,-0.00037601,3.7328460097165356e-05,8.212367695329352,3.8231488532505735
PART-RIVERBANK-2,457,RiverBank/C3D8R,275.0,0.0,-15.0,-0.00026871712,-1.2674346e-17,-0.00049440505,-0.000300409,2.267e-17,-0.000476621,3.634071672844252e-05,6.458133282593483,0.12118228390768017
PART-RIVERBANK-1,457,RiverBank/C3D8R,-275.0,0.0,-15.0,0.00026871712,1.3364127e-18,-0.00049440505,0.000300409,-4.90754e-17,-0.000476621,3.634071672844252e-05,6.458133282593483,0.12118228390768017
PART-RIVERBANK-2,546,RiverBank/C3D8R,265.0,-5.0,-40.0,-8.928027e-05,-1.5188999e-06,-0.00019899938,-0.000104602,-3.38576e-05,-0.000194644,3.604880399257429e-05,16.527451963474125,2.4915303812729133
PART-RIVERBANK-2,548,RiverBank/C3D8R,265.0,5.0,-40.0,-8.928027e-05,1.5188999e-06,-0.00019899938,-0.000104602,3.38576e-05,-0.000194644,3.604880399257429e-05,16.527451963474125,2.4915303812729133
PART-RIVERBANK-1,582,RiverBank/C3D8R,-265.0,-5.0,-40.0,8.928027e-05,-1.5188999e-06,-0.00019899938,0.000104602,-3.38576e-05,-0.000194644,3.604880399257429e-05,16.527451963474125,2.4915303812729133
PART-RIVERBANK-1,584,RiverBank/C3D8R,-265.0,5.0,-40.0,8.928027e-05,1.5188999e-06,-0.00019899938,0.000104602,3.38576e-05,-0.000194644,3.604880399257429e-05,16.527451963474125,2.4915303812729133
PART-RIVERBANK-2,471,RiverBank/C3D8R,280.0,5.0,-15.0,-0.00023983013,-2.222622e-07,-0.00043236776,-0.000269341,1.67126e-05,-0.000420747,3.595445826135456e-05,7.271909614045116,1.0967213201789179
PART-RIVERBANK-2,473,RiverBank/C3D8R,280.0,-5.0,-15.0,-0.00023983013,2.222622e-07,-0.00043236776,-0.000269341,-1.67126e-05,-0.000420747,3.595445826135456e-05,7.271909614045116,1.0967213201789179
PART-RIVERBANK-1,441,RiverBank/C3D8R,-280.0,5.0,-15.0,0.00023983013,-2.222622e-07,-0.00043236776,0.000269341,1.67126e-05,-0.000420747,3.595445826135456e-05,7.271909614045116,1.0967213201789179
PART-RIVERBANK-1,443,RiverBank/C3D8R,-280.0,-5.0,-15.0,0.00023983013,2.222622e-07,-0.00043236776,0.000269341,-1.67126e-05,-0.000420747,3.595445826135456e-05,7.271909614045116,1.0967213201789179
PART-RIVERBANK-2,472,RiverBank/C3D8R,280.0,0.0,-15.0,-0.00023871982,-8.387448e-18,-0.00048508754,-0.000271381,2.36475e-17,-0.000500075,3.593572924324759e-05,6.6468247526785085,5.23841811655726
PART-RIVERBANK-1,442,RiverBank/C3D8R,-280.0,0.0,-15.0,0.00023871982,-6.7112976e-20,-0.00048508754,0.000271381,-4.1281e-17,-0.000500075,3.593572924324759e-05,6.6468247526785085,5.23841811655726
PART-RIVERBANK-2,451,RiverBank/C3D8R,275.0,0.0,-25.0,-0.00020253606,-4.8516997e-18,-0.00031775996,-0.000190418,3.46775e-18,-0.000284298,3.558862381724249e-05,9.44449796562186,9.193457502959228
PART-RIVERBANK-1,451,RiverBank/C3D8R,-275.0,0.0,-25.0,0.00020253606,8.06205e-19,-0.00031775996,0.000190418,-3.20077e-17,-0.000284298,3.558862381724249e-05,9.44449796562186,9.193457502959228
PART-RIVERBANK-2,580,RiverBank/C3D8R,285.0,0.0,-35.0,-6.3809134e-06,-4.425705e-19,-0.00020603777,-3.36567e-05,1.59327e-18,-0.000185002,3.444520509652452e-05,16.70989666708155,8.779596633382706
PART-RIVERBANK-1,544,RiverBank/C3D8R,-285.0,0.0,-35.0,6.3809134e-06,-9.224207e-20,-0.00020603777,3.36567e-05,-4.90347e-18,-0.000185002,3.444520509652452e-05,16.70989666708155,8.779596633382706
PART-RIVERBANK-2,142,RiverBank/C3D8R,300.0,0.0,-10.0,-0.00024169114,-2.882784e-18,-0.00034366103,-0.00027579,3.5406e-17,-0.000339857,3.431039051862423e-05,8.166420979375873,4.174592319012711
PART-RIVERBANK-1,127,RiverBank/C3D8R,-300.0,0.0,-10.0,0.00024169114,-2.7717102e-18,-0.00034366103,0.00027579,-5.41254e-18,-0.000339857,3.431039051862423e-05,8.166420979375873,4.174592319012711
PART-RIVERBANK-2,424,RiverBank/C3D8R,265.0,0.0,-20.0,-7.388753e-05,-1.26059794e-17,-0.0006173192,-0.000106336,4.45709e-18,-0.000628375,3.428022635545017e-05,5.513725398301757,2.50648842531222
PART-RIVERBANK-1,484,RiverBank/C3D8R,-265.0,0.0,-20.0,7.388753e-05,2.843202e-18,-0.0006173192,0.000106336,-6.43898e-17,-0.000628375,3.428022635545017e-05,5.513725398301757,2.50648842531222
PART-RIVERBANK-2,445,RiverBank/C3D8R,270.0,0.0,-10.0,-0.00038688068,-1.8330619e-17,-0.00056662323,-0.000412363,3.00155e-17,-0.000589064,3.3954922924007706e-05,4.948947748368375,4.8025958331204395
PART-RIVERBANK-1,475,RiverBank/C3D8R,-270.0,0.0,-10.0,0.00038688068,2.8250154e-18,-0.00056662323,0.000412363,-7.26585e-17,-0.000589064,3.3954922924007706e-05,4.948947748368375,4.8025958331204395
PART-RIVERBANK-2,489,RiverBank/C3D8R,285.0,5.0,-10.0,-0.00029720066,-3.5121407e-06,-0.0004394892,-0.000321484,1.46117e-05,-0.00045187,3.273283385096035e-05,6.169516057395292,4.560561617811406
PART-RIVERBANK-2,491,RiverBank/C3D8R,285.0,-5.0,-10.0,-0.00029720066,3.5121407e-06,-0.0004394892,-0.000321484,-1.46117e-05,-0.00045187,3.273283385096035e-05,6.169516057395292,4.560561617811406
PART-RIVERBANK-1,429,RiverBank/C3D8R,-285.0,5.0,-10.0,0.00029720066,-3.5121407e-06,-0.0004394892,0.000321484,1.46117e-05,-0.00045187,3.273283385096035e-05,6.169516057395292,4.560561617811406
PART-RIVERBANK-1,431,RiverBank/C3D8R,-285.0,-5.0,-10.0,0.00029720066,3.5121407e-06,-0.0004394892,0.000321484,-1.46117e-05,-0.00045187,3.273283385096035e-05,6.169516057395292,4.560561617811406
PART-RIVERBANK-2,487,RiverBank/C3D8R,285.0,0.0,-15.0,-0.00022223243,-7.8653254e-18,-0.00044991303,-0.000245653,2.48418e-17,-0.000428693,3.160399930903996e-05,6.298054728654619,1.5379641842594118
PART-RIVERBANK-1,427,RiverBank/C3D8R,-285.0,0.0,-15.0,0.00022223243,-2.9741367e-19,-0.00044991303,0.000245653,-2.90177e-17,-0.000428693,3.160399930903996e-05,6.298054728654619,1.5379641842594118
PART-RIVERBANK-2,564,RiverBank/C3D8R,275.0,-5.0,-40.0,-1.5724523e-05,-1.0279023e-05,-0.00019579599,-4.24734e-05,-1.91003e-05,-0.000183877,3.0583977362206475e-05,15.548921644463038,3.5650967002362908
PART-RIVERBANK-2,566,RiverBank/C3D8R,275.0,5.0,-40.0,-1.5724523e-05,1.0279023e-05,-0.00019579599,-4.24734e-05,1.91003e-05,-0.000183877,3.0583977362206475e-05,15.548921644463038,3.5650967002362908
PART-RIVERBANK-1,564,RiverBank/C3D8R,-275.0,-5.0,-40.0,1.5724523e-05,-1.0279023e-05,-0.00019579599,4.24734e-05,-1.91003e-05,-0.000183877,3.0583977362206475e-05,15.548921644463038,3.5650967002362908
PART-RIVERBANK-1,566,RiverBank/C3D8R,-275.0,5.0,-40.0,1.5724523e-05,1.0279023e-05,-0.00019579599,4.24734e-05,1.91003e-05,-0.000183877,3.0583977362206475e-05,15.548921644463038,3.5650967002362908
PART-RIVERBANK-2,334,RiverBank/C3D8R,295.0,-10.0,-40.0,2.0030533e-05,-4.053173e-05,-0.00011547153,-7.89756e-06,-4.98333e-05,-0.000122084,3.016989132533376e-05,24.32919866946925,6.525765893486543
PART-RIVERBANK-2,361,RiverBank/C3D8R,295.0,10.0,-40.0,2.0030533e-05,4.053173e-05,-0.00011547153,-7.89756e-06,4.98333e-05,-0.000122084,3.016989132533376e-05,24.32919866946925,6.525765893486543
PART-RIVERBANK-1,310,RiverBank/C3D8R,-295.0,-10.0,-40.0,-2.0030533e-05,-4.053173e-05,-0.00011547153,7.89756e-06,-4.98333e-05,-0.000122084,3.016989132533376e-05,24.32919866946925,6.525765893486543
PART-RIVERBANK-1,337,RiverBank/C3D8R,-295.0,10.0,-40.0,-2.0030533e-05,4.053173e-05,-0.00011547153,7.89756e-06,4.98333e-05,-0.000122084,3.016989132533376e-05,24.32919866946925,6.525765893486543
PART-RIVERBANK-2,442,RiverBank/C3D8R,270.0,0.0,-15.0,-0.00021844041,-1.2639555e-17,-0.00057789177,-0.000245335,1.32645e-17,-0.000591028,2.9931246380346384e-05,4.844822627462552,3.581408964443293
PART-RIVERBANK-1,472,RiverBank/C3D8R,-270.0,0.0,-15.0,0.00021844041,1.9713883e-18,-0.00057789177,0.000245335,-6.59568e-17,-0.000591028,2.9931246380346384e-05,4.844822627462552,3.581408964443293
PART-RIVERBANK-2,556,RiverBank/C3D8R,270.0,0.0,-40.0,-6.809148e-05,-5.87064e-19,-0.00012016094,-9.55127e-05,-4.85477e-18,-0.000109747,2.9332123220319385e-05,21.237826861312953,5.340906055020684
PART-RIVERBANK-1,574,RiverBank/C3D8R,-270.0,0.0,-40.0,6.809148e-05,4.548831e-19,-0.00012016094,9.55127e-05,-9.84803e-18,-0.000109747,2.9332123220319385e-05,21.237826861312953,5.340906055020684
PART-RIVERBANK-2,601,RiverBank/C3D8R,295.0,0.0,-40.0,1.7240673e-05,1.3065754e-18,-0.00015420961,-1.17217e-05,3.85273e-18,-0.000155097,2.8975964363645068e-05,18.673644861815035,0.23776405982017199
PART-RIVERBANK-1,529,RiverBank/C3D8R,-295.0,0.0,-40.0,-1.7240673e-05,-8.5258483e-19,-0.00015420961,1.17217e-05,3.68205e-18,-0.000155097,2.8975964363645068e-05,18.673644861815035,0.23776405982017199
PART-RIVERBANK-2,517,RiverBank/C3D8R,295.0,0.0,-15.0,-0.00019556032,-3.8238595e-18,-0.00037816362,-0.000212074,2.64046e-17,-0.000354559,2.8807632885865514e-05,6.766540641380611,2.9579558559008756
PART-RIVERBANK-1,397,RiverBank/C3D8R,-295.0,0.0,-15.0,0.00019556032,-1.791994e-18,-0.00037816362,0.000212074,-1.08115e-17,-0.000354559,2.8807632885865514e-05,6.766540641380611,2.9579558559008756
PART-RIVERBANK-2,317,RiverBank/C3D8R,265.0,-10.0,-45.0,-6.8428335e-06,-4.5948556e-05,-0.00018474662,-2.71859e-05,-6.40347e-05,-0.000175477,2.8755431041049586e-05,15.094889620536426,0.9103506521073347
PART-RIVERBANK-2,344,RiverBank/C3D8R,265.0,10.0,-45.0,-6.8428335e-06,4.5948556e-05,-0.00018474662,-2.71859e-05,6.40347e-05,-0.000175477,2.8755431041049586e-05,15.094889620536426,0.9103506521073347
PART-RIVERBANK-1,329,RiverBank/C3D8R,-265.0,-10.0,-45.0,6.8428335e-06,-4.5948556e-05,-0.00018474662,2.71859e-05,-6.40347e-05,-0.000175477,2.8755431041049586e-05,15.094889620536426,0.9103506521073347
PART-RIVERBANK-1,356,RiverBank/C3D8R,-265.0,10.0,-45.0,6.8428335e-06,4.5948556e-05,-0.00018474662,2.71859e-05,6.40347e-05,-0.000175477,2.8755431041049586e-05,15.094889620536426,0.9103506521073347
PART-RIVERBANK-2,91,RiverBank/C3D8R,300.0,10.0,-40.0,7.027671e-05,1.6900327e-05,-0.00014399597,8.80987e-05,5.21708e-06,-0.000126762,2.7406774892059256e-05,17.010287010568188,4.134249546183219
PART-RIVERBANK-2,97,RiverBank/C3D8R,300.0,-10.0,-40.0,7.027671e-05,-1.6900327e-05,-0.00014399597,8.80987e-05,-5.21708e-06,-0.000126762,2.7406774892059256e-05,17.010287010568188,4.134249546183219
PART-RIVERBANK-1,82,RiverBank/C3D8R,-300.0,10.0,-40.0,-7.027671e-05,1.6900327e-05,-0.00014399597,-8.80987e-05,5.21708e-06,-0.000126762,2.7406774892059256e-05,17.010287010568188,4.134249546183219
PART-RIVERBANK-1,88,RiverBank/C3D8R,-300.0,-10.0,-40.0,-7.027671e-05,-1.6900327e-05,-0.00014399597,-8.80987e-05,-5.21708e-06,-0.000126762,2.7406774892059256e-05,17.010287010568188,4.134249546183219
PART-RIVERBANK-2,519,RiverBank/C3D8R,295.0,5.0,-10.0,-0.00028460164,-2.3722525e-06,-0.00036181964,-0.000308245,8.94352e-06,-0.000367283,2.6775053349171086e-05,5.816306294434416,4.1772935663700554
PART-RIVERBANK-2,521,RiverBank/C3D8R,295.0,-5.0,-10.0,-0.00028460164,2.3722525e-06,-0.00036181964,-0.000308245,-8.94352e-06,-0.000367283,2.6775053349171086e-05,5.816306294434416,4.1772935663700554
PART-RIVERBANK-1,399,RiverBank/C3D8R,-295.0,5.0,-10.0,0.00028460164,-2.3722525e-06,-0.00036181964,0.000308245,8.94352e-06,-0.000367283,2.6775053349171086e-05,5.816306294434416,4.1772935663700554
PART-RIVERBANK-1,401,RiverBank/C3D8R,-295.0,-5.0,-10.0,0.00028460164,2.3722525e-06,-0.00036181964,0.000308245,-8.94352e-06,-0.000367283,2.6775053349171086e-05,5.816306294434416,4.1772935663700554
PART-RIVERBANK-2,475,RiverBank/C3D8R,280.0,0.0,-10.0,-0.0003100709,-1.2302895e-17,-0.00051120727,-0.000333537,3.10573e-17,-0.000522811,2.6178319257028345e-05,4.3784239142492325,3.7214117394877184
PART-RIVERBANK-1,445,RiverBank/C3D8R,-280.0,0.0,-10.0,0.0003100709,4.6637115e-19,-0.00051120727,0.000333537,-4.57059e-17,-0.000522811,2.6178319257028345e-05,4.3784239142492325,3.7214117394877184
PART-RIVERBANK-2,505,RiverBank/C3D8R,290.0,0.0,-10.0,-0.00027177,-7.1866486e-18,-0.00044447777,-0.000297421,3.349e-17,-0.000447834,2.5869636271368423e-05,4.965578623354474,3.190421971492477
PART-RIVERBANK-1,415,RiverBank/C3D8R,-290.0,0.0,-10.0,0.00027177,-8.744808e-19,-0.00044447777,0.000297421,-2.51264e-17,-0.000447834,2.5869636271368423e-05,4.965578623354474,3.190421971492477
PART-RIVERBANK-2,322,RiverBank/C3D8R,275.0,-10.0,-40.0,-5.2335913e-06,-9.51619e-05,-0.00013816837,2.10095e-06,-7.89399e-05,-0.000156845,2.5802427952390554e-05,15.372298708054291,4.618671712662708
PART-RIVERBANK-2,349,RiverBank/C3D8R,275.0,10.0,-40.0,-5.2335913e-06,9.51619e-05,-0.00013816837,2.10095e-06,7.89399e-05,-0.000156845,2.5802427952390554e-05,15.372298708054291,4.618671712662708
PART-RIVERBANK-1,322,RiverBank/C3D8R,-275.0,-10.0,-40.0,5.2335913e-06,-9.51619e-05,-0.00013816837,-2.10095e-06,-7.89399e-05,-0.000156845,2.5802427952390554e-05,15.372298708054291,4.618671712662708
PART-RIVERBANK-1,349,RiverBank/C3D8R,-275.0,10.0,-40.0,5.2335913e-06,9.51619e-05,-0.00013816837,-2.10095e-06,7.89399e-05,-0.000156845,2.5802427952390554e-05,15.372298708054291,4.618671712662708
PART-RIVERBANK-2,307,RiverBank/C3D8R,300.0,0.0,-45.0,5.7570876e-05,1.0990918e-18,-9.773196e-05,3.50282e-05,2.1845e-18,-8.79969e-05,2.4554910597364763e-05,21.647989395427388,16.500125871737875
PART-RIVERBANK-1,298,RiverBank/C3D8R,-300.0,0.0,-45.0,-5.7570876e-05,-4.6152734e-19,-9.773196e-05,-3.50282e-05,4.81919e-18,-8.79969e-05,2.4554910597364763e-05,21.647989395427388,16.500125871737875
PART-RIVERBANK-2,418,RiverBank/C3D8R,260.0,0.0,-5.0,-0.00032082046,-2.3667914e-17,-0.0006753493,-0.000343427,2.12097e-17,-0.000683442,2.401140237598797e-05,3.2114628543705477,2.3001636535077226
PART-RIVERBANK-1,508,RiverBank/C3D8R,-260.0,0.0,-5.0,0.00032082046,6.4995944e-18,-0.0006753493,0.000343427,-1.31515e-16,-0.000683442,2.401140237598797e-05,3.2114628543705477,2.3001636535077226
PART-RIVERBANK-2,562,RiverBank/C3D8R,275.0,0.0,-35.0,-0.00012471034,-1.2388767e-18,-0.00021538806,-0.000104564,-3.71255e-18,-0.000202427,2.3955460582489323e-05,9.625039042860918,8.457065642312118
PART-RIVERBANK-1,562,RiverBank/C3D8R,-275.0,0.0,-35.0,0.00012471034,6.025407e-19,-0.00021538806,0.000104564,-1.36762e-17,-0.000202427,2.3955460582489323e-05,9.625039042860918,8.457065642312118
PART-RIVERBANK-2,325,RiverBank/C3D8R,280.0,-10.0,-40.0,4.930651e-06,-3.085593e-05,-0.00020170448,-1.33177e-05,-3.50259e-05,-0.00018695,2.3834547281005815e-05,11.677276308012477,6.5856488023059905
PART-RIVERBANK-2,352,RiverBank/C3D8R,280.0,10.0,-40.0,4.930651e-06,3.085593e-05,-0.00020170448,-1.33177e-05,3.50259e-05,-0.00018695,2.3834547281005815e-05,11.677276308012477,6.5856488023059905
PART-RIVERBANK-1,319,RiverBank/C3D8R,-280.0,-10.0,-40.0,-4.930651e-06,-3.085593e-05,-0.00020170448,1.33177e-05,-3.50259e-05,-0.00018695,2.3834547281005815e-05,11.677276308012477,6.5856488023059905
PART-RIVERBANK-1,346,RiverBank/C3D8R,-280.0,10.0,-40.0,-4.930651e-06,3.085593e-05,-0.00020170448,1.33177e-05,3.50259e-05,-0.00018695,2.3834547281005815e-05,11.677276308012477,6.5856488023059905
PART-RIVERBANK-2,571,RiverBank/C3D8R,280.0,0.0,-35.0,-3.1258492e-07,-1.4460977e-18,-0.00033463145,-2.00647e-05,5.44388e-18,-0.000347366,2.3501378977329466e-05,7.023060362074084,3.9785287436198273
PART-RIVERBANK-1,553,RiverBank/C3D8R,-280.0,0.0,-35.0,3.1258492e-07,-4.260167e-19,-0.00033463145,2.00647e-05,-9.934e-18,-0.000347366,2.3501378977329466e-05,7.023060362074084,3.9785287436198273
PART-RIVERBANK-2,501,RiverBank/C3D8R,290.0,5.0,-15.0,-0.00022436077,2.542826e-06,-0.00037922218,-0.000242554,1.01572e-05,-0.000366577,2.342803633421239e-05,5.316956073560421,0.2163964869683239
PART-RIVERBANK-2,503,RiverBank/C3D8R,290.0,-5.0,-15.0,-0.00022436077,-2.542826e-06,-0.00037922218,-0.000242554,-1.01572e-05,-0.000366577,2.342803633421239e-05,5.316956073560421,0.2163964869683239
PART-RIVERBANK-1,411,RiverBank/C3D8R,-290.0,5.0,-15.0,0.00022436077,2.542826e-06,-0.00037922218,0.000242554,1.01572e-05,-0.000366577,2.342803633421239e-05,5.316956073560421,0.2163964869683239
PART-RIVERBANK-1,413,RiverBank/C3D8R,-290.0,-5.0,-15.0,0.00022436077,-2.542826e-06,-0.00037922218,0.000242554,-1.01572e-05,-0.000366577,2.342803633421239e-05,5.316956073560421,0.2163964869683239
PART-RIVERBANK-2,555,RiverBank/C3D8R,270.0,-5.0,-40.0,9.113645e-06,-7.912276e-05,-0.0002457296,1.69855e-05,-5.96743e-05,-0.000255377,2.309287821542877e-05,8.939822027499153,1.7386381085121292
PART-RIVERBANK-2,557,RiverBank/C3D8R,270.0,5.0,-40.0,9.113645e-06,7.912276e-05,-0.0002457296,1.69855e-05,5.96743e-05,-0.000255377,2.309287821542877e-05,8.939822027499153,1.7386381085121292
PART-RIVERBANK-1,573,RiverBank/C3D8R,-270.0,-5.0,-40.0,-9.113645e-06,-7.912276e-05,-0.0002457296,-1.69855e-05,-5.96743e-05,-0.000255377,2.309287821542877e-05,8.939822027499153,1.7386381085121292
PART-RIVERBANK-1,575,RiverBank/C3D8R,-270.0,5.0,-40.0,-9.113645e-06,7.912276e-05,-0.0002457296,-1.69855e-05,5.96743e-05,-0.000255377,2.309287821542877e-05,8.939822027499153,1.7386381085121292
PART-RIVERBANK-2,589,RiverBank/C3D8R,290.0,0.0,-35.0,-6.277088e-05,2.5111172e-19,-0.00028167886,-4.46968e-05,7.07781e-18,-0.000295327,2.2648269101765838e-05,7.84795329406309,3.5004837618461626
PART-RIVERBANK-1,535,RiverBank/C3D8R,-290.0,0.0,-35.0,6.277088e-05,-1.2476217e-18,-0.00028167886,4.46968e-05,-2.00832e-18,-0.000295327,2.2648269101765838e-05,7.84795329406309,3.5004837618461626
PART-RIVERBANK-2,304,RiverBank/C3D8R,300.0,0.0,-40.0,5.5151548e-05,1.487017e-18,-0.00010295691,7.41367e-05,1.91387e-18,-9.11499e-05,2.235713491490366e-05,19.14167829753427,0.5946917502015747
PART-RIVERBANK-1,295,RiverBank/C3D8R,-300.0,0.0,-40.0,-5.5151548e-05,-8.3583323e-19,-0.00010295691,-7.41367e-05,6.28753e-18,-9.11499e-05,2.235713491490366e-05,19.14167829753427,0.5946917502015747
PART-RIVERBANK-2,138,RiverBank/C3D8R,300.0,5.0,-15.0,-0.00021840737,3.0690198e-06,-0.00028136955,-0.000231729,7.7119e-06,-0.000265193,2.1463991527927676e-05,6.025788245688545,1.107524623868493
PART-RIVERBANK-2,140,RiverBank/C3D8R,300.0,-5.0,-15.0,-0.00021840737,-3.0690198e-06,-0.00028136955,-0.000231729,-7.7119e-06,-0.000265193,2.1463991527927676e-05,6.025788245688545,1.107524623868493
PART-RIVERBANK-1,123,RiverBank/C3D8R,-300.0,5.0,-15.0,0.00021840737,3.0690198e-06,-0.00028136955,0.000231729,7.7119e-06,-0.000265193,2.1463991527927676e-05,6.025788245688545,1.107524623868493
PART-RIVERBANK-1,125,RiverBank/C3D8R,-300.0,-5.0,-15.0,0.00021840737,-3.0690198e-06,-0.00028136955,0.000231729,-7.7119e-06,-0.000265193,2.1463991527927676e-05,6.025788245688545,1.107524623868493
PART-RIVERBANK-2,90,RiverBank/C3D8R,300.0,10.0,-45.0,4.4517874e-05,4.067266e-05,-8.777665e-05,2.4712e-05,4.43957e-05,-8.09668e-05,2.1272229050289395e-05,19.97515975822611,10.239385226678648
PART-RIVERBANK-2,98,RiverBank/C3D8R,300.0,-10.0,-45.0,4.4517874e-05,-4.067266e-05,-8.777665e-05,2.4712e-05,-4.43957e-05,-8.09668e-05,2.1272229050289395e-05,19.97515975822611,10.239385226678648
PART-RIVERBANK-1,83,RiverBank/C3D8R,-300.0,10.0,-45.0,-4.4517874e-05,4.067266e-05,-8.777665e-05,-2.4712e-05,4.43957e-05,-8.09668e-05,2.1272229050289395e-05,19.97515975822611,10.239385226678648
PART-RIVERBANK-1,87,RiverBank/C3D8R,-300.0,-10.0,-45.0,-4.4517874e-05,-4.067266e-05,-8.777665e-05,-2.4712e-05,-4.43957e-05,-8.09668e-05,2.1272229050289395e-05,19.97515975822611,10.239385226678648
PART-RIVERBANK-2,558,RiverBank/C3D8R,270.0,-5.0,-45.0,-7.2405924e-06,-6.3728958e-06,-7.9998244e-05,-2.73573e-05,-1.02462e-05,-7.79144e-05,2.0591911419437765e-05,25.555360934666204,3.2680022428787896
PART-RIVERBANK-2,560,RiverBank/C3D8R,270.0,5.0,-45.0,-7.2405924e-06,6.3728958e-06,-7.9998244e-05,-2.73573e-05,1.02462e-05,-7.79144e-05,2.0591911419437765e-05,25.555360934666204,3.2680022428787896
PART-RIVERBANK-1,576,RiverBank/C3D8R,-270.0,-5.0,-45.0,7.2405924e-06,-6.3728958e-06,-7.9998244e-05,2.73573e-05,-1.02462e-05,-7.79144e-05,2.0591911419437765e-05,25.555360934666204,3.2680022428787896
PART-RIVERBANK-1,578,RiverBank/C3D8R,-270.0,5.0,-45.0,7.2405924e-06,6.3728958e-06,-7.9998244e-05,2.73573e-05,1.02462e-05,-7.79144e-05,2.0591911419437765e-05,25.555360934666204,3.2680022428787896
PART-RIVERBANK-2,574,RiverBank/C3D8R,280.0,0.0,-40.0,-4.2987745e-06,-2.0986703e-19,-0.00012928568,-2.26567e-05,-1.76649e-18,-0.000121067,2.0113680160675474e-05,15.54895389314111,4.783936867916163
PART-RIVERBANK-1,556,RiverBank/C3D8R,-280.0,0.0,-40.0,4.2987745e-06,7.037208e-20,-0.00012928568,2.26567e-05,-4.90601e-18,-0.000121067,2.0113680160675474e-05,15.54895389314111,4.783936867916163
PART-RIVERBANK-2,540,RiverBank/C3D8R,260.0,-5.0,-45.0,-6.9299655e-05,-5.568906e-06,-7.9270976e-05,-7.23778e-05,-2.41605e-05,-8.62452e-05,2.009383349448375e-05,19.057341034003038,9.214329496876678
PART-RIVERBANK-2,542,RiverBank/C3D8R,260.0,5.0,-45.0,-6.9299655e-05,5.568906e-06,-7.9270976e-05,-7.23778e-05,2.41605e-05,-8.62452e-05,2.009383349448375e-05,19.057341034003038,9.214329496876678
PART-RIVERBANK-1,594,RiverBank/C3D8R,-260.0,-5.0,-45.0,6.9299655e-05,-5.568906e-06,-7.9270976e-05,7.23778e-05,-2.41605e-05,-8.62452e-05,2.009383349448375e-05,19.057341034003038,9.214329496876678
PART-RIVERBANK-1,596,RiverBank/C3D8R,-260.0,5.0,-45.0,6.9299655e-05,5.568906e-06,-7.9270976e-05,7.23778e-05,2.41605e-05,-8.62452e-05,2.009383349448375e-05,19.057341034003038,9.214329496876678
PART-RIVERBANK-2,591,RiverBank/C3D8R,290.0,-5.0,-40.0,1.4467712e-06,-3.6191093e-05,-0.0001650832,-1.75028e-05,-3.96207e-05,-0.000166273,1.929414618163547e-05,11.415984802366333,1.6639592646611894
PART-RIVERBANK-2,593,RiverBank/C3D8R,290.0,5.0,-40.0,1.4467712e-06,3.6191093e-05,-0.0001650832,-1.75028e-05,3.96207e-05,-0.000166273,1.929414618163547e-05,11.415984802366333,1.6639592646611894
PART-RIVERBANK-1,537,RiverBank/C3D8R,-290.0,-5.0,-40.0,-1.4467712e-06,-3.6191093e-05,-0.0001650832,1.75028e-05,-3.96207e-05,-0.000166273,1.929414618163547e-05,11.415984802366333,1.6639592646611894
PART-RIVERBANK-1,539,RiverBank/C3D8R,-290.0,5.0,-40.0,-1.4467712e-06,3.6191093e-05,-0.0001650832,1.75028e-05,3.96207e-05,-0.000166273,1.929414618163547e-05,11.415984802366333,1.6639592646611894
PART-RIVERBANK-2,550,RiverBank/C3D8R,265.0,0.0,-45.0,-5.2717423e-05,-4.516362e-20,-7.047556e-05,-7.07371e-05,-4.35438e-18,-6.75781e-05,1.8251137872360977e-05,20.73734376014685,11.155596224128502
PART-RIVERBANK-1,586,RiverBank/C3D8R,-265.0,0.0,-45.0,5.2717423e-05,2.298626e-19,-7.047556e-05,7.07371e-05,-4.23199e-18,-6.75781e-05,1.8251137872360977e-05,20.73734376014685,11.155596224128502
PART-RIVERBANK-2,603,RiverBank/C3D8R,295.0,-5.0,-45.0,2.5548252e-05,-1.2861375e-05,-5.8924496e-05,8.64011e-06,-1.62755e-05,-5.40847e-05,1.7915500013379615e-05,27.351990098911465,12.766858034616128
PART-RIVERBANK-2,605,RiverBank/C3D8R,295.0,5.0,-45.0,2.5548252e-05,1.2861375e-05,-5.8924496e-05,8.64011e-06,1.62755e-05,-5.40847e-05,1.7915500013379615e-05,27.351990098911465,12.766858034616128
PART-RIVERBANK-1,531,RiverBank/C3D8R,-295.0,-5.0,-45.0,-2.5548252e-05,-1.2861375e-05,-5.8924496e-05,-8.64011e-06,-1.62755e-05,-5.40847e-05,1.7915500013379615e-05,27.351990098911465,12.766858034616128
PART-RIVERBANK-1,533,RiverBank/C3D8R,-295.0,5.0,-45.0,-2.5548252e-05,1.2861375e-05,-5.8924496e-05,-8.64011e-06,1.62755e-05,-5.40847e-05,1.7915500013379615e-05,27.351990098911465,12.766858034616128
PART-RIVERBANK-2,600,RiverBank/C3D8R,295.0,-5.0,-40.0,4.1801326e-05,-1.7338296e-05,-0.00015787502,5.44253e-05,-1.09719e-05,-0.00014757,1.7495403818771724e-05,10.652792219920153,3.9969980924517805
PART-RIVERBANK-2,602,RiverBank/C3D8R,295.0,5.0,-40.0,4.1801326e-05,1.7338296e-05,-0.00015787502,5.44253e-05,1.09719e-05,-0.00014757,1.7495403818771724e-05,10.652792219920153,3.9969980924517805
PART-RIVERBANK-1,528,RiverBank/C3D8R,-295.0,-5.0,-40.0,-4.1801326e-05,-1.7338296e-05,-0.00015787502,-5.44253e-05,-1.09719e-05,-0.00014757,1.7495403818771724e-05,10.652792219920153,3.9969980924517805
PART-RIVERBANK-1,530,RiverBank/C3D8R,-295.0,5.0,-40.0,-4.1801326e-05,1.7338296e-05,-0.00015787502,-5.44253e-05,1.09719e-05,-0.00014757,1.7495403818771724e-05,10.652792219920153,3.9969980924517805
PART-RIVERBANK-2,323,RiverBank/C3D8R,275.0,-10.0,-45.0,1.1023791e-05,-5.822659e-05,-0.00015155376,-4.34756e-06,-5.74205e-05,-0.000144373,1.6985038322915287e-05,10.4376864111051,4.482622997024284
PART-RIVERBANK-2,350,RiverBank/C3D8R,275.0,10.0,-45.0,1.1023791e-05,5.822659e-05,-0.00015155376,-4.34756e-06,5.74205e-05,-0.000144373,1.6985038322915287e-05,10.4376864111051,4.482622997024284
PART-RIVERBANK-1,323,RiverBank/C3D8R,-275.0,-10.0,-45.0,-1.1023791e-05,-5.822659e-05,-0.00015155376,4.34756e-06,-5.74205e-05,-0.000144373,1.6985038322915287e-05,10.4376864111051,4.482622997024284
PART-RIVERBANK-1,350,RiverBank/C3D8R,-275.0,10.0,-45.0,-1.1023791e-05,5.822659e-05,-0.00015155376,4.34756e-06,5.74205e-05,-0.000144373,1.6985038322915287e-05,10.4376864111051,4.482622997024284
PART-RIVERBANK-2,320,RiverBank/C3D8R,270.0,-10.0,-45.0,-4.85191e-06,-0.00010057893,-9.227023e-05,6.20049e-06,-9.33243e-05,-0.000100295,1.5465514403012918e-05,11.323604657448755,0.4106103058062845
PART-RIVERBANK-2,347,RiverBank/C3D8R,270.0,10.0,-45.0,-4.85191e-06,0.00010057893,-9.227023e-05,6.20049e-06,9.33243e-05,-0.000100295,1.5465514403012918e-05,11.323604657448755,0.4106103058062845
PART-RIVERBANK-1,326,RiverBank/C3D8R,-270.0,-10.0,-45.0,4.85191e-06,-0.00010057893,-9.227023e-05,-6.20049e-06,-9.33243e-05,-0.000100295,1.5465514403012918e-05,11.323604657448755,0.4106103058062845
PART-RIVERBANK-1,353,RiverBank/C3D8R,-270.0,10.0,-45.0,4.85191e-06,0.00010057893,-9.227023e-05,-6.20049e-06,9.33243e-05,-0.000100295,1.5465514403012918e-05,11.323604657448755,0.4106103058062845
PART-RIVERBANK-2,331,RiverBank/C3D8R,290.0,-10.0,-40.0,3.1374075e-05,-3.3709344e-05,-0.00016802047,3.34838e-05,-2.55726e-05,-0.000155962,1.4699123825523109e-05,8.437254484740961,7.269230206040827
PART-RIVERBANK-2,358,RiverBank/C3D8R,290.0,10.0,-40.0,3.1374075e-05,3.3709344e-05,-0.00016802047,3.34838e-05,2.55726e-05,-0.000155962,1.4699123825523109e-05,8.437254484740961,7.269230206040827
PART-RIVERBANK-1,313,RiverBank/C3D8R,-290.0,-10.0,-40.0,-3.1374075e-05,-3.3709344e-05,-0.00016802047,-3.34838e-05,-2.55726e-05,-0.000155962,1.4699123825523109e-05,8.437254484740961,7.269230206040827
PART-RIVERBANK-1,340,RiverBank/C3D8R,-290.0,10.0,-40.0,-3.1374075e-05,3.3709344e-05,-0.00016802047,-3.34838e-05,2.55726e-05,-0.000155962,1.4699123825523109e-05,8.437254484740961,7.269230206040827
PART-RIVERBANK-2,568,RiverBank/C3D8R,275.0,0.0,-45.0,-2.311105e-06,2.2075088e-19,-7.543249e-05,-1.67631e-05,-3.46924e-18,-7.38369e-05,1.4539809728057826e-05,19.266221143347487,0.3285640468070656
PART-RIVERBANK-1,568,RiverBank/C3D8R,-275.0,0.0,-45.0,2.311105e-06,7.602315e-20,-7.543249e-05,1.67631e-05,-3.0472e-18,-7.38369e-05,1.4539809728057826e-05,19.266221143347487,0.3285640468070656
PART-RIVERBANK-2,328,RiverBank/C3D8R,285.0,-10.0,-40.0,-4.8956176e-06,-6.185389e-05,-0.0001285658,-1.32207e-05,-6.46492e-05,-0.000140107,1.4502415398921984e-05,10.158943044800857,8.485452371224453
PART-RIVERBANK-2,355,RiverBank/C3D8R,285.0,10.0,-40.0,-4.8956176e-06,6.185389e-05,-0.0001285658,-1.32207e-05,6.46492e-05,-0.000140107,1.4502415398921984e-05,10.158943044800857,8.485452371224453
PART-RIVERBANK-1,316,RiverBank/C3D8R,-285.0,-10.0,-40.0,4.8956176e-06,-6.185389e-05,-0.0001285658,1.32207e-05,-6.46492e-05,-0.000140107,1.4502415398921984e-05,10.158943044800857,8.485452371224453
PART-RIVERBANK-1,343,RiverBank/C3D8R,-285.0,10.0,-40.0,4.8956176e-06,6.185389e-05,-0.0001285658,1.32207e-05,6.46492e-05,-0.000140107,1.4502415398921984e-05,10.158943044800857,8.485452371224453
PART-RIVERBANK-2,306,RiverBank/C3D8R,300.0,-5.0,-45.0,4.7609872e-05,-1.2570203e-05,-7.5828575e-05,6.07758e-05,-8.12284e-06,-7.49716e-05,1.3923185838937076e-05,15.399377577488,7.121259709675236
PART-RIVERBANK-2,308,RiverBank/C3D8R,300.0,5.0,-45.0,4.7609872e-05,1.2570203e-05,-7.5828575e-05,6.07758e-05,8.12284e-06,-7.49716e-05,1.3923185838937076e-05,15.399377577488,7.121259709675236
PART-RIVERBANK-1,297,RiverBank/C3D8R,-300.0,-5.0,-45.0,-4.7609872e-05,-1.2570203e-05,-7.5828575e-05,-6.07758e-05,-8.12284e-06,-7.49716e-05,1.3923185838937076e-05,15.399377577488,7.121259709675236
PART-RIVERBANK-1,299,RiverBank/C3D8R,-300.0,5.0,-45.0,-4.7609872e-05,1.2570203e-05,-7.5828575e-05,-6.07758e-05,8.12284e-06,-7.49716e-05,1.3923185838937076e-05,15.399377577488,7.121259709675236
PART-RIVERBANK-2,565,RiverBank/C3D8R,275.0,0.0,-40.0,2.5632703e-06,-5.5377917e-19,-0.00022052515,9.69001e-06,1.51704e-18,-0.000232369,1.3822706014889278e-05,6.267662599346739,5.455202907034738
PART-RIVERBANK-1,565,RiverBank/C3D8R,-275.0,0.0,-40.0,-2.5632703e-06,-9.197204e-21,-0.00022052515,-9.69001e-06,-5.61837e-18,-0.000232369,1.3822706014889278e-05,6.267662599346739,5.455202907034738
PART-RIVERBANK-2,549,RiverBank/C3D8R,265.0,-5.0,-45.0,1.471565e-05,-4.7393292e-05,-0.00011466039,2.35048e-05,-3.78646e-05,-0.000116887,1.315305747898426e-05,10.527608466632962,0.12514786362507205
PART-RIVERBANK-2,551,RiverBank/C3D8R,265.0,5.0,-45.0,1.471565e-05,4.7393292e-05,-0.00011466039,2.35048e-05,3.78646e-05,-0.000116887,1.315305747898426e-05,10.527608466632962,0.12514786362507205
PART-RIVERBANK-1,585,RiverBank/C3D8R,-265.0,-5.0,-45.0,-1.471565e-05,-4.7393292e-05,-0.00011466039,-2.35048e-05,-3.78646e-05,-0.000116887,1.315305747898426e-05,10.527608466632962,0.12514786362507205
PART-RIVERBANK-1,587,RiverBank/C3D8R,-265.0,5.0,-45.0,-1.471565e-05,4.7393292e-05,-0.00011466039,-2.35048e-05,3.78646e-05,-0.000116887,1.315305747898426e-05,10.527608466632962,0.12514786362507205
PART-RIVERBANK-2,595,RiverBank/C3D8R,290.0,0.0,-45.0,1.2182304e-05,4.7205657e-19,-9.626932e-05,5.39537e-07,1.76564e-18,-9.07554e-05,1.2882442981930451e-05,13.275797237068057,6.471809633177479
PART-RIVERBANK-1,541,RiverBank/C3D8R,-290.0,0.0,-45.0,-1.2182304e-05,-3.0865236e-19,-9.626932e-05,-5.39537e-07,1.76818e-18,-9.07554e-05,1.2882442981930451e-05,13.275797237068057,6.471809633177479
PART-RIVERBANK-2,335,RiverBank/C3D8R,295.0,-10.0,-45.0,3.0265968e-05,-4.8635913e-05,-9.396084e-05,3.94077e-05,-4.02408e-05,-9.16452e-05,1.2625821749581017e-05,11.473222737046699,2.2506933562981595
PART-RIVERBANK-2,362,RiverBank/C3D8R,295.0,10.0,-45.0,3.0265968e-05,4.8635913e-05,-9.396084e-05,3.94077e-05,4.02408e-05,-9.16452e-05,1.2625821749581017e-05,11.473222737046699,2.2506933562981595
PART-RIVERBANK-1,311,RiverBank/C3D8R,-295.0,-10.0,-45.0,-3.0265968e-05,-4.8635913e-05,-9.396084e-05,-3.94077e-05,-4.02408e-05,-9.16452e-05,1.2625821749581017e-05,11.473222737046699,2.2506933562981595
PART-RIVERBANK-1,338,RiverBank/C3D8R,-295.0,10.0,-45.0,-3.0265968e-05,4.8635913e-05,-9.396084e-05,-3.94077e-05,4.02408e-05,-9.16452e-05,1.2625821749581017e-05,11.473222737046699,2.2506933562981595
PART-RIVERBANK-2,582,RiverBank/C3D8R,285.0,-5.0,-40.0,1.434732e-05,-1.9191903e-05,-0.00018009692,6.23999e-06,-1.69705e-05,-0.000171313,1.2158152885356752e-05,6.691922779699092,5.184516322140924
PART-RIVERBANK-2,584,RiverBank/C3D8R,285.0,5.0,-40.0,1.434732e-05,1.9191903e-05,-0.00018009692,6.23999e-06,1.69705e-05,-0.000171313,1.2158152885356752e-05,6.691922779699092,5.184516322140924
PART-RIVERBANK-1,546,RiverBank/C3D8R,-285.0,-5.0,-40.0,-1.434732e-05,-1.9191903e-05,-0.00018009692,-6.23999e-06,-1.69705e-05,-0.000171313,1.2158152885356752e-05,6.691922779699092,5.184516322140924
PART-RIVERBANK-1,548,RiverBank/C3D8R,-285.0,5.0,-40.0,-1.434732e-05,1.9191903e-05,-0.00018009692,-6.23999e-06,1.69705e-05,-0.000171313,1.2158152885356752e-05,6.691922779699092,5.184516322140924
PART-RIVERBANK-2,332,RiverBank/C3D8R,290.0,-10.0,-45.0,1.5594724e-05,-5.2229814e-05,-8.465657e-05,4.71723e-06,-5.65437e-05,-8.23188e-05,1.1932923225845879e-05,11.851496522268814,0.7030944078982083
PART-RIVERBANK-2,359,RiverBank/C3D8R,290.0,10.0,-45.0,1.5594724e-05,5.2229814e-05,-8.465657e-05,4.71723e-06,5.65437e-05,-8.23188e-05,1.1932923225845879e-05,11.851496522268814,0.7030944078982083
PART-RIVERBANK-1,314,RiverBank/C3D8R,-290.0,-10.0,-45.0,-1.5594724e-05,-5.2229814e-05,-8.465657e-05,-4.71723e-06,-5.65437e-05,-8.23188e-05,1.1932923225845879e-05,11.851496522268814,0.7030944078982083
PART-RIVERBANK-1,341,RiverBank/C3D8R,-290.0,10.0,-45.0,-1.5594724e-05,5.2229814e-05,-8.465657e-05,-4.71723e-06,5.65437e-05,-8.23188e-05,1.1932923225845879e-05,11.851496522268814,0.7030944078982083
PART-RIVERBANK-2,547,RiverBank/C3D8R,265.0,0.0,-40.0,7.690217e-05,-1.6312713e-18,-0.00030291989,6.72466e-05,-3.84553e-19,-0.000309757,1.1831149782544406e-05,3.7856160890331254,1.4217426550163696
PART-RIVERBANK-1,583,RiverBank/C3D8R,-265.0,0.0,-40.0,-7.690217e-05,5.810553e-19,-0.00030291989,-6.72466e-05,-1.05151e-17,-0.000309757,1.1831149782544406e-05,3.7856160890331254,1.4217426550163696
PART-RIVERBANK-2,583,RiverBank/C3D8R,285.0,0.0,-40.0,-9.552221e-06,3.0940763e-19,-0.00017807397,-1.81353e-05,2.54025e-18,-0.000183616,1.0216816609939759e-05,5.729163596932196,3.4651662373358336
PART-RIVERBANK-1,547,RiverBank/C3D8R,-285.0,0.0,-40.0,9.552221e-06,-4.4522257e-19,-0.00017807397,1.81353e-05,-1.43403e-18,-0.000183616,1.0216816609939759e-05,5.729163596932196,3.4651662373358336
PART-RIVERBANK-2,559,RiverBank/C3D8R,270.0,0.0,-45.0,1.4099723e-05,-1.1200355e-19,-0.00014439049,2.34897e-05,9.50371e-19,-0.000146467,9.616837413652628e-06,6.628768976899531,2.2480096884444998
PART-RIVERBANK-1,577,RiverBank/C3D8R,-270.0,0.0,-45.0,-1.4099723e-05,6.5928486e-20,-0.00014439049,-2.34897e-05,-1.65426e-18,-0.000146467,9.616837413652628e-06,6.628768976899531,2.2480096884444998
PART-RIVERBANK-2,604,RiverBank/C3D8R,295.0,0.0,-45.0,2.5151774e-05,6.5566626e-19,-5.998427e-05,3.44444e-05,-5.49301e-19,-6.14584e-05,9.408823371324172e-06,14.465316786472865,8.315075000177421
PART-RIVERBANK-1,532,RiverBank/C3D8R,-295.0,0.0,-45.0,-2.5151774e-05,-2.4088533e-19,-5.998427e-05,-3.44444e-05,1.53821e-18,-6.14584e-05,9.408823371324172e-06,14.465316786472865,8.315075000177421
PART-RIVERBANK-2,541,RiverBank/C3D8R,260.0,0.0,-45.0,5.7852038e-05,-7.972108e-19,-0.000187997,4.9378e-05,-1.42302e-19,-0.000184219,9.278071137119175e-06,4.71693451298493,3.0377653180829793
PART-RIVERBANK-1,595,RiverBank/C3D8R,-260.0,0.0,-45.0,-5.7852038e-05,3.2072768e-19,-0.000187997,-4.9378e-05,-3.87602e-18,-0.000184219,9.278071137119175e-06,4.71693451298493,3.0377653180829793
PART-RIVERBANK-2,576,RiverBank/C3D8R,280.0,-5.0,-45.0,1.1028424e-05,-1.3705676e-05,-7.643559e-05,2.95779e-06,-1.17467e-05,-7.74352e-05,8.364923208412136e-06,10.664938232693915,0.07258497925482288
PART-RIVERBANK-2,578,RiverBank/C3D8R,280.0,5.0,-45.0,1.1028424e-05,1.3705676e-05,-7.643559e-05,2.95779e-06,1.17467e-05,-7.74352e-05,8.364923208412136e-06,10.664938232693915,0.07258497925482288
PART-RIVERBANK-1,558,RiverBank/C3D8R,-280.0,-5.0,-45.0,-1.1028424e-05,-1.3705676e-05,-7.643559e-05,-2.95779e-06,-1.17467e-05,-7.74352e-05,8.364923208412136e-06,10.664938232693915,0.07258497925482288
PART-RIVERBANK-1,560,RiverBank/C3D8R,-280.0,5.0,-45.0,-1.1028424e-05,1.3705676e-05,-7.643559e-05,-2.95779e-06,1.17467e-05,-7.74352e-05,8.364923208412136e-06,10.664938232693915,0.07258497925482288
PART-RIVERBANK-2,585,RiverBank/C3D8R,285.0,-5.0,-45.0,3.0533756e-06,-2.2386965e-05,-7.1624716e-05,-3.27618e-06,-2.50945e-05,-6.89605e-05,7.381874204046854e-06,9.828879652931088,2.192070336906072
PART-RIVERBANK-2,587,RiverBank/C3D8R,285.0,5.0,-45.0,3.0533756e-06,2.2386965e-05,-7.1624716e-05,-3.27618e-06,2.50945e-05,-6.89605e-05,7.381874204046854e-06,9.828879652931088,2.192070336906072
PART-RIVERBANK-1,549,RiverBank/C3D8R,-285.0,-5.0,-45.0,-3.0533756e-06,-2.2386965e-05,-7.1624716e-05,3.27618e-06,-2.50945e-05,-6.89605e-05,7.381874204046854e-06,9.828879652931088,2.192070336906072
PART-RIVERBANK-1,551,RiverBank/C3D8R,-285.0,5.0,-45.0,-3.0533756e-06,2.2386965e-05,-7.1624716e-05,3.27618e-06,2.50945e-05,-6.89605e-05,7.381874204046854e-06,9.828879652931088,2.192070336906072
PART-RIVERBANK-2,573,RiverBank/C3D8R,280.0,-5.0,-40.0,-1.39629965e-05,-5.538831e-05,-0.00019624262,-1.30694e-05,-5.21632e-05,-0.000202483,7.081115149558872e-06,3.464564459879918,2.5027666840398317
PART-RIVERBANK-2,575,RiverBank/C3D8R,280.0,5.0,-40.0,-1.39629965e-05,5.538831e-05,-0.00019624262,-1.30694e-05,5.21632e-05,-0.000202483,7.081115149558872e-06,3.464564459879918,2.5027666840398317
PART-RIVERBANK-1,555,RiverBank/C3D8R,-280.0,-5.0,-40.0,1.39629965e-05,-5.538831e-05,-0.00019624262,1.30694e-05,-5.21632e-05,-0.000202483,7.081115149558872e-06,3.464564459879918,2.5027666840398317
PART-RIVERBANK-1,557,RiverBank/C3D8R,-280.0,5.0,-40.0,1.39629965e-05,5.538831e-05,-0.00019624262,1.30694e-05,5.21632e-05,-0.000202483,7.081115149558872e-06,3.464564459879918,2.5027666840398317
PART-RIVERBANK-2,329,RiverBank/C3D8R,285.0,-10.0,-45.0,1.8834178e-05,-5.970829e-05,-0.00012128704,1.67357e-05,-5.36663e-05,-0.000118451,6.996597455776915e-06,5.125973479352001,3.94113620279736
PART-RIVERBANK-2,356,RiverBank/C3D8R,285.0,10.0,-45.0,1.8834178e-05,5.970829e-05,-0.00012128704,1.67357e-05,5.36663e-05,-0.000118451,6.996597455776915e-06,5.125973479352001,3.94113620279736
PART-RIVERBANK-1,317,RiverBank/C3D8R,-285.0,-10.0,-45.0,-1.8834178e-05,-5.970829e-05,-0.00012128704,-1.67357e-05,-5.36663e-05,-0.000118451,6.996597455776915e-06,5.125973479352001,3.94113620279736
PART-RIVERBANK-1,344,RiverBank/C3D8R,-285.0,10.0,-45.0,-1.8834178e-05,5.970829e-05,-0.00012128704,-1.67357e-05,5.36663e-05,-0.000118451,6.996597455776915e-06,5.125973479352001,3.94113620279736
PART-RIVERBANK-2,592,RiverBank/C3D8R,290.0,0.0,-40.0,2.5002215e-05,3.2354392e-19,-0.000120016564,2.72415e-05,1.12825e-18,-0.000113648,6.7507780835486665e-06,5.506650856480806,4.670625658597071
PART-RIVERBANK-1,538,RiverBank/C3D8R,-290.0,0.0,-40.0,-2.5002215e-05,-2.7217652e-19,-0.000120016564,-2.72415e-05,1.80842e-19,-0.000113648,6.7507780835486665e-06,5.506650856480806,4.670625658597071
PART-RIVERBANK-2,594,RiverBank/C3D8R,290.0,-5.0,-45.0,1.7778493e-05,-1.5932312e-05,-6.845435e-05,2.20787e-05,-1.21022e-05,-7.08665e-05,6.243396975837191e-06,8.611859411250096,3.7362192266767327
PART-RIVERBANK-2,596,RiverBank/C3D8R,290.0,5.0,-45.0,1.7778493e-05,1.5932312e-05,-6.845435e-05,2.20787e-05,1.21022e-05,-7.08665e-05,6.243396975837191e-06,8.611859411250096,3.7362192266767327
PART-RIVERBANK-1,540,RiverBank/C3D8R,-290.0,-5.0,-45.0,-1.7778493e-05,-1.5932312e-05,-6.845435e-05,-2.20787e-05,-1.21022e-05,-7.08665e-05,6.243396975837191e-06,8.611859411250096,3.7362192266767327
PART-RIVERBANK-1,542,RiverBank/C3D8R,-290.0,5.0,-45.0,-1.7778493e-05,1.5932312e-05,-6.845435e-05,-2.20787e-05,1.21022e-05,-7.08665e-05,6.243396975837191e-06,8.611859411250096,3.7362192266767327
PART-RIVERBANK-2,567,RiverBank/C3D8R,275.0,-5.0,-45.0,-4.8143565e-06,-3.512689e-05,-8.522637e-05,8.62233e-07,-3.47567e-05,-8.65271e-05,5.835461208894311e-06,6.321786549073952,1.0222838029718442
PART-RIVERBANK-2,569,RiverBank/C3D8R,275.0,5.0,-45.0,-4.8143565e-06,3.512689e-05,-8.522637e-05,8.62233e-07,3.47567e-05,-8.65271e-05,5.835461208894311e-06,6.321786549073952,1.0222838029718442
PART-RIVERBANK-1,567,RiverBank/C3D8R,-275.0,-5.0,-45.0,4.8143565e-06,-3.512689e-05,-8.522637e-05,-8.62233e-07,-3.47567e-05,-8.65271e-05,5.835461208894311e-06,6.321786549073952,1.0222838029718442
PART-RIVERBANK-1,569,RiverBank/C3D8R,-275.0,5.0,-45.0,4.8143565e-06,3.512689e-05,-8.522637e-05,-8.62233e-07,3.47567e-05,-8.65271e-05,5.835461208894311e-06,6.321786549073952,1.0222838029718442
PART-RIVERBANK-2,326,RiverBank/C3D8R,280.0,-10.0,-45.0,-1.4856206e-06,-7.173223e-05,-9.075589e-05,-1.13429e-06,-7.38817e-05,-9.27492e-05,2.9524463123817118e-06,2.5520157067549913,2.500991534226045
PART-RIVERBANK-2,353,RiverBank/C3D8R,280.0,10.0,-45.0,-1.4856206e-06,7.173223e-05,-9.075589e-05,-1.13429e-06,7.38817e-05,-9.27492e-05,2.9524463123817118e-06,2.5520157067549913,2.500991534226045
PART-RIVERBANK-1,320,RiverBank/C3D8R,-280.0,-10.0,-45.0,1.4856206e-06,-7.173223e-05,-9.075589e-05,1.13429e-06,-7.38817e-05,-9.27492e-05,2.9524463123817118e-06,2.5520157067549913,2.500991534226045
PART-RIVERBANK-1,347,RiverBank/C3D8R,-280.0,10.0,-45.0,1.4856206e-06,7.173223e-05,-9.075589e-05,1.13429e-06,7.38817e-05,-9.27492e-05,2.9524463123817118e-06,2.5520157067549913,2.500991534226045
PART-RIVERBANK-2,577,RiverBank/C3D8R,280.0,0.0,-45.0,-2.643193e-07,1.2873995e-19,-0.00011433884,-9.53423e-07,1.58183e-18,-0.000112082,2.3597013995320914e-06,2.063773862303446,1.9705328767284862
PART-RIVERBANK-1,559,RiverBank/C3D8R,-280.0,0.0,-45.0,2.643193e-07,-1.290096e-19,-0.00011433884,9.53423e-07,4.19281e-20,-0.000112082,2.3597013995320914e-06,2.063773862303446,1.9705328767284862
PART-RIVERBANK-2,586,RiverBank/C3D8R,285.0,0.0,-45.0,1.2298156e-05,3.0366563e-19,-7.2131406e-05,1.08372e-05,-1.62694e-18,-7.36131e-05,2.0808194404061106e-06,2.843725914070851,1.6867709424577875
PART-RIVERBANK-1,550,RiverBank/C3D8R,-285.0,0.0,-45.0,-1.2298156e-05,-3.294804e-20,-7.2131406e-05,-1.08372e-05,-1.05477e-18,-7.36131e-05,2.0808194404061106e-06,2.843725914070851,1.6867709424577875
PART-PIER-2,270,Pier/C3D8R,-13.33333,-15.0,-50.0,-2.148152e-29,-1.04808045e-30,-1.2262604e-28,0.0,0.0,0.0,1.244977905836954e-28,,
PART-PIER-2,508,Pier/C3D8R,13.33333,-15.0,-50.0,2.148152e-29,-1.04808045e-30,-1.2262604e-28,0.0,0.0,0.0,1.244977905836954e-28,,
PART-PIER-1,270,Pier/C3D8R,-13.33333,15.0,-50.0,-2.148152e-29,1.04808045e-30,-1.2262604e-28,0.0,0.0,0.0,1.244977905836954e-28,,
PART-PIER-1,508,Pier/C3D8R,13.33333,15.0,-50.0,2.148152e-29,1.04808045e-30,-1.2262604e-28,0.0,0.0,0.0,1.244977905836954e-28,,
PART-PIER-2,13,Pier/C3D8R,0.0,-15.0,-50.0,2.69e-43,7.559669e-31,-1.2065998e-28,0.0,0.0,0.0,1.2066234814371174e-28,,
PART-PIER-1,13,Pier/C3D8R,0.0,15.0,-50.0,3.78e-43,-7.559669e-31,-1.2065998e-28,0.0,0.0,0.0,1.2066234814371174e-28,,
PART-PIER-2,269,Pier/C3D8R,-6.66667,-15.0,-50.0,-8.248632e-30,7.5496553e-31,-1.1578856e-28,0.0,0.0,0.0,1.1608445429813809e-28,,
PART-PIER-2,507,Pier/C3D8R,6.66667,-15.0,-50.0,8.248632e-30,7.5496553e-31,-1.1578856e-28,0.0,0.0,0.0,1.1608445429813809e-28,,
PART-PIER-1,269,Pier/C3D8R,-6.66667,15.0,-50.0,-8.248632e-30,-7.5496553e-31,-1.1578856e-28,0.0,0.0,0.0,1.1608445429813809e-28,,
PART-PIER-1,507,Pier/C3D8R,6.66667,15.0,-50.0,8.248632e-30,-7.5496553e-31,-1.1578856e-28,0.0,0.0,0.0,1.1608445429813809e-28,,
PART-PIER-2,1,Pier/C3D8R,0.0,-10.0,-50.0,7.57e-43,8.938806e-30,-7.4390206e-29,0.0,0.0,0.0,7.492532950496829e-29,,
PART-PIER-1,2,Pier/C3D8R,0.0,10.0,-50.0,-2.02e-43,-8.938806e-30,-7.4390206e-29,0.0,0.0,0.0,7.492532950496829e-29,,
PART-PIER-2,17,Pier/C3D8R,-13.33333,-10.0,-50.0,-1.2111955e-29,7.939104e-30,-7.248601e-29,0.0,0.0,0.0,7.391853943338532e-29,,
PART-PIER-2,182,Pier/C3D8R,13.33333,-10.0,-50.0,1.2111955e-29,7.939104e-30,-7.248601e-29,0.0,0.0,0.0,7.391853943338532e-29,,
PART-PIER-1,15,Pier/C3D8R,-13.33333,10.0,-50.0,-1.2111955e-29,-7.939104e-30,-7.248601e-29,0.0,0.0,0.0,7.391853943338532e-29,,
PART-PIER-1,184,Pier/C3D8R,13.33333,10.0,-50.0,1.2111955e-29,-7.939104e-30,-7.248601e-29,0.0,0.0,0.0,7.391853943338532e-29,,
PART-PIER-2,16,Pier/C3D8R,-20.0,-15.0,-50.0,-1.7530672e-29,-1.4593326e-30,-6.981381e-29,0.0,0.0,0.0,7.199598724321451e-29,,
PART-PIER-2,183,Pier/C3D8R,20.0,-15.0,-50.0,1.7530672e-29,-1.4593326e-30,-6.981381e-29,0.0,0.0,0.0,7.199598724321451e-29,,
PART-PIER-1,16,Pier/C3D8R,-20.0,15.0,-50.0,-1.7530672e-29,1.4593326e-30,-6.981381e-29,0.0,0.0,0.0,7.199598724321451e-29,,
PART-PIER-1,183,Pier/C3D8R,20.0,15.0,-50.0,1.7530672e-29,1.4593326e-30,-6.981381e-29,0.0,0.0,0.0,7.199598724321451e-29,,
PART-PIER-2,18,Pier/C3D8R,-6.66667,-10.0,-50.0,-4.660444e-30,8.702126e-30,-7.1004036e-29,0.0,0.0,0.0,7.168695741546232e-29,,
PART-PIER-2,181,Pier/C3D8R,6.66667,-10.0,-50.0,4.660444e-30,8.702126e-30,-7.1004036e-29,0.0,0.0,0.0,7.168695741546232e-29,,
PART-PIER-1,14,Pier/C3D8R,-6.66667,10.0,-50.0,-4.660444e-30,-8.702126e-30,-7.1004036e-29,0.0,0.0,0.0,7.168695741546232e-29,,
PART-PIER-1,185,Pier/C3D8R,6.66667,10.0,-50.0,4.660444e-30,-8.702126e-30,-7.1004036e-29,0.0,0.0,0.0,7.168695741546232e-29,,
PART-PIER-2,15,Pier/C3D8R,-13.33333,-20.0,-50.0,-9.3620666e-30,-8.197619e-30,-5.4696254e-29,0.0,0.0,0.0,5.609393416337023e-29,,
PART-PIER-2,184,Pier/C3D8R,13.33333,-20.0,-50.0,9.3620666e-30,-8.197619e-30,-5.4696254e-29,0.0,0.0,0.0,5.609393416337023e-29,,
PART-PIER-1,17,Pier/C3D8R,-13.33333,20.0,-50.0,-9.3620666e-30,8.197619e-30,-5.4696254e-29,0.0,0.0,0.0,5.609393416337023e-29,,
PART-PIER-1,182,Pier/C3D8R,13.33333,20.0,-50.0,9.3620666e-30,8.197619e-30,-5.4696254e-29,0.0,0.0,0.0,5.609393416337023e-29,,
PART-PIER-2,2,Pier/C3D8R,0.0,-20.0,-50.0,-4.65e-43,-7.013041e-30,-5.0790275e-29,0.0,0.0,0.0,5.127216377961152e-29,,
PART-PIER-1,1,Pier/C3D8R,0.0,20.0,-50.0,6.11e-43,7.013041e-30,-5.0790275e-29,0.0,0.0,0.0,5.127216377961152e-29,,
PART-PIER-2,14,Pier/C3D8R,-6.66667,-20.0,-50.0,-3.5898977e-30,-6.906068e-30,-4.930727e-29,0.0,0.0,0.0,4.9917812608025895e-29,,
PART-PIER-2,185,Pier/C3D8R,6.66667,-20.0,-50.0,3.5898977e-30,-6.906068e-30,-4.930727e-29,0.0,0.0,0.0,4.9917812608025895e-29,,
PART-PIER-1,18,Pier/C3D8R,-6.66667,20.0,-50.0,-3.5898977e-30,6.906068e-30,-4.930727e-29,0.0,0.0,0.0,4.9917812608025895e-29,,
PART-PIER-1,181,Pier/C3D8R,6.66667,20.0,-50.0,3.5898977e-30,6.906068e-30,-4.930727e-29,0.0,0.0,0.0,4.9917812608025895e-29,,
PART-RIVERBANK-2,364,RiverBank/C3D8R,255.0,0.0,-50.0,4.3874715e-30,-9.1e-44,-4.5231927e-29,0.0,0.0,0.0,4.5444219943757874e-29,,
PART-RIVERBANK-1,388,RiverBank/C3D8R,-255.0,0.0,-50.0,-4.3874715e-30,3.2e-44,-4.5231927e-29,0.0,0.0,0.0,4.5444219943757874e-29,,
PART-RIVERBANK-2,363,RiverBank/C3D8R,255.0,-5.0,-50.0,-1.2226159e-29,-1.4233985e-30,-4.234705e-29,0.0,0.0,0.0,4.4099633455229345e-29,,
PART-RIVERBANK-2,365,RiverBank/C3D8R,255.0,5.0,-50.0,-1.2226159e-29,1.4233985e-30,-4.234705e-29,0.0,0.0,0.0,4.4099633455229345e-29,,
PART-RIVERBANK-1,387,RiverBank/C3D8R,-255.0,-5.0,-50.0,1.2226159e-29,-1.4233985e-30,-4.234705e-29,0.0,0.0,0.0,4.4099633455229345e-29,,
PART-RIVERBANK-1,389,RiverBank/C3D8R,-255.0,5.0,-50.0,1.2226159e-29,1.4233985e-30,-4.234705e-29,0.0,0.0,0.0,4.4099633455229345e-29,,
PART-RIVERBANK-2,366,RiverBank/C3D8R,260.0,-5.0,-50.0,-2.7571573e-31,-5.5358426e-30,-4.2300653e-29,0.0,0.0,0.0,4.2662241111809317e-29,,
PART-RIVERBANK-2,368,RiverBank/C3D8R,260.0,5.0,-50.0,-2.7571573e-31,5.5358426e-30,-4.2300653e-29,0.0,0.0,0.0,4.2662241111809317e-29,,
PART-RIVERBANK-1,384,RiverBank/C3D8R,-260.0,-5.0,-50.0,2.7571573e-31,-5.5358426e-30,-4.2300653e-29,0.0,0.0,0.0,4.2662241111809317e-29,,
PART-RIVERBANK-1,386,RiverBank/C3D8R,-260.0,5.0,-50.0,2.7571573e-31,5.5358426e-30,-4.2300653e-29,0.0,0.0,0.0,4.2662241111809317e-29,,
PART-PIER-2,4,Pier/C3D8R,-20.0,-10.0,-50.0,-9.797466e-30,3.6718193e-30,-4.0071657e-29,0.0,0.0,0.0,4.141509738873805e-29,,
PART-PIER-2,9,Pier/C3D8R,20.0,-10.0,-50.0,9.797466e-30,3.6718193e-30,-4.0071657e-29,0.0,0.0,0.0,4.141509738873805e-29,,
PART-PIER-1,3,Pier/C3D8R,-20.0,10.0,-50.0,-9.797466e-30,-3.6718193e-30,-4.0071657e-29,0.0,0.0,0.0,4.141509738873805e-29,,
PART-PIER-1,10,Pier/C3D8R,20.0,10.0,-50.0,9.797466e-30,-3.6718193e-30,-4.0071657e-29,0.0,0.0,0.0,4.141509738873805e-29,,
PART-RIVERBANK-2,369,RiverBank/C3D8R,265.0,-5.0,-50.0,-1.56670075e-30,-5.5253546e-30,-3.859725e-29,0.0,0.0,0.0,3.9022196276712714e-29,,
PART-RIVERBANK-2,371,RiverBank/C3D8R,265.0,5.0,-50.0,-1.56670075e-30,5.5253546e-30,-3.859725e-29,0.0,0.0,0.0,3.9022196276712714e-29,,
PART-RIVERBANK-1,381,RiverBank/C3D8R,-265.0,-5.0,-50.0,1.56670075e-30,-5.5253546e-30,-3.859725e-29,0.0,0.0,0.0,3.9022196276712714e-29,,
PART-RIVERBANK-1,383,RiverBank/C3D8R,-265.0,5.0,-50.0,1.56670075e-30,5.5253546e-30,-3.859725e-29,0.0,0.0,0.0,3.9022196276712714e-29,,
PART-RIVERBANK-2,370,RiverBank/C3D8R,265.0,0.0,-50.0,3.3493994e-30,9.1e-44,-3.8210276e-29,0.0,0.0,0.0,3.8356794291714424e-29,,
PART-RIVERBANK-1,382,RiverBank/C3D8R,-265.0,0.0,-50.0,-3.3493994e-30,7e-45,-3.8210276e-29,0.0,0.0,0.0,3.8356794291714424e-29,,
PART-RIVERBANK-2,372,RiverBank/C3D8R,270.0,-5.0,-50.0,6.3811292e-31,-4.748703e-30,-3.7553434e-29,0.0,0.0,0.0,3.785786276948602e-29,,
PART-RIVERBANK-2,374,RiverBank/C3D8R,270.0,5.0,-50.0,6.3811292e-31,4.748703e-30,-3.7553434e-29,0.0,0.0,0.0,3.785786276948602e-29,,
PART-RIVERBANK-1,378,RiverBank/C3D8R,-270.0,-5.0,-50.0,-6.3811292e-31,-4.748703e-30,-3.7553434e-29,0.0,0.0,0.0,3.785786276948602e-29,,
PART-RIVERBANK-1,380,RiverBank/C3D8R,-270.0,5.0,-50.0,-6.3811292e-31,4.748703e-30,-3.7553434e-29,0.0,0.0,0.0,3.785786276948602e-29,,
PART-RIVERBANK-2,367,RiverBank/C3D8R,260.0,0.0,-50.0,-8.496463e-30,-7.8e-44,-3.5583027e-29,0.0,0.0,0.0,3.6583352689346256e-29,,
PART-RIVERBANK-1,385,RiverBank/C3D8R,-260.0,0.0,-50.0,8.496463e-30,2.4e-44,-3.5583027e-29,0.0,0.0,0.0,3.6583352689346256e-29,,
PART-RIVERBANK-2,375,RiverBank/C3D8R,275.0,-5.0,-50.0,9.183085e-31,-4.7213834e-30,-3.4033496e-29,0.0,0.0,0.0,3.437169768418464e-29,,
PART-RIVERBANK-2,377,RiverBank/C3D8R,275.0,5.0,-50.0,9.183085e-31,4.7213834e-30,-3.4033496e-29,0.0,0.0,0.0,3.437169768418464e-29,,
PART-RIVERBANK-1,375,RiverBank/C3D8R,-275.0,-5.0,-50.0,-9.183085e-31,-4.7213834e-30,-3.4033496e-29,0.0,0.0,0.0,3.437169768418464e-29,,
PART-RIVERBANK-1,377,RiverBank/C3D8R,-275.0,5.0,-50.0,-9.183085e-31,4.7213834e-30,-3.4033496e-29,0.0,0.0,0.0,3.437169768418464e-29,,
PART-PIER-2,3,Pier/C3D8R,-20.0,-20.0,-50.0,-7.734494e-30,-4.7977804e-30,-3.1795214e-29,0.0,0.0,0.0,3.3072295467784757e-29,,
PART-PIER-2,10,Pier/C3D8R,20.0,-20.0,-50.0,7.734494e-30,-4.7977804e-30,-3.1795214e-29,0.0,0.0,0.0,3.3072295467784757e-29,,
PART-PIER-1,4,Pier/C3D8R,-20.0,20.0,-50.0,-7.734494e-30,4.7977804e-30,-3.1795214e-29,0.0,0.0,0.0,3.3072295467784757e-29,,
PART-PIER-1,9,Pier/C3D8R,20.0,20.0,-50.0,7.734494e-30,4.7977804e-30,-3.1795214e-29,0.0,0.0,0.0,3.3072295467784757e-29,,
PART-RIVERBANK-2,376,RiverBank/C3D8R,275.0,0.0,-50.0,2.6329855e-30,9.7e-44,-3.2947482e-29,0.0,0.0,0.0,3.3052521579805895e-29,,
PART-RIVERBANK-1,376,RiverBank/C3D8R,-275.0,0.0,-50.0,-2.6329855e-30,1e-45,-3.2947482e-29,0.0,0.0,0.0,3.3052521579805895e-29,,
PART-RIVERBANK-2,378,RiverBank/C3D8R,280.0,-5.0,-50.0,1.4356629e-30,-4.2129684e-30,-3.2141848e-29,0.0,0.0,0.0,3.244855348943831e-29,,
PART-RIVERBANK-2,380,RiverBank/C3D8R,280.0,5.0,-50.0,1.4356629e-30,4.2129684e-30,-3.2141848e-29,0.0,0.0,0.0,3.244855348943831e-29,,
PART-RIVERBANK-1,372,RiverBank/C3D8R,-280.0,-5.0,-50.0,-1.4356629e-30,-4.2129684e-30,-3.2141848e-29,0.0,0.0,0.0,3.244855348943831e-29,,
PART-RIVERBANK-1,374,RiverBank/C3D8R,-280.0,5.0,-50.0,-1.4356629e-30,4.2129684e-30,-3.2141848e-29,0.0,0.0,0.0,3.244855348943831e-29,,
PART-RIVERBANK-2,373,RiverBank/C3D8R,270.0,0.0,-50.0,-2.4956732e-30,2.8e-44,-3.188262e-29,0.0,0.0,0.0,3.1980147635456567e-29,,
PART-RIVERBANK-1,379,RiverBank/C3D8R,-270.0,0.0,-50.0,2.4956732e-30,1e-45,-3.188262e-29,0.0,0.0,0.0,3.1980147635456567e-29,,
PART-RIVERBANK-2,381,RiverBank/C3D8R,285.0,-5.0,-50.0,1.8473197e-30,-3.9773726e-30,-2.976734e-29,0.0,0.0,0.0,3.0088645924149507e-29,,
PART-RIVERBANK-2,383,RiverBank/C3D8R,285.0,5.0,-50.0,1.8473197e-30,3.9773726e-30,-2.976734e-29,0.0,0.0,0.0,3.0088645924149507e-29,,
PART-RIVERBANK-1,369,RiverBank/C3D8R,-285.0,-5.0,-50.0,-1.8473197e-30,-3.9773726e-30,-2.976734e-29,0.0,0.0,0.0,3.0088645924149507e-29,,
PART-RIVERBANK-1,371,RiverBank/C3D8R,-285.0,5.0,-50.0,-1.8473197e-30,3.9773726e-30,-2.976734e-29,0.0,0.0,0.0,3.0088645924149507e-29,,
PART-RIVERBANK-2,382,RiverBank/C3D8R,285.0,0.0,-50.0,2.4069238e-30,8e-44,-2.8443187e-29,0.0,0.0,0.0,2.8544844874267145e-29,,
PART-RIVERBANK-1,370,RiverBank/C3D8R,-285.0,0.0,-50.0,-2.4069238e-30,-1.1e-44,-2.8443187e-29,0.0,0.0,0.0,2.8544844874267145e-29,,
PART-RIVERBANK-2,99,RiverBank/C3D8R,255.0,-10.0,-50.0,-4.052223e-30,-1.2283068e-29,-2.5272507e-29,0.0,0.0,0.0,2.839003136312819e-29,,
PART-RIVERBANK-2,116,RiverBank/C3D8R,255.0,10.0,-50.0,-4.052223e-30,1.2283068e-29,-2.5272507e-29,0.0,0.0,0.0,2.839003136312819e-29,,
PART-RIVERBANK-1,107,RiverBank/C3D8R,-255.0,-10.0,-50.0,4.052223e-30,-1.2283068e-29,-2.5272507e-29,0.0,0.0,0.0,2.839003136312819e-29,,
PART-RIVERBANK-1,108,RiverBank/C3D8R,-255.0,10.0,-50.0,4.052223e-30,1.2283068e-29,-2.5272507e-29,0.0,0.0,0.0,2.839003136312819e-29,,
PART-RIVERBANK-2,84,RiverBank/C3D8R,250.0,5.0,-50.0,-1.2684676e-29,-9.882145e-32,-2.5263558e-29,0.0,0.0,0.0,2.8269385096307275e-29,,
PART-RIVERBANK-2,86,RiverBank/C3D8R,250.0,-5.0,-50.0,-1.2684676e-29,9.882145e-32,-2.5263558e-29,0.0,0.0,0.0,2.8269385096307275e-29,,
PART-RIVERBANK-1,93,RiverBank/C3D8R,-250.0,-5.0,-50.0,1.2684676e-29,9.882145e-32,-2.5263558e-29,0.0,0.0,0.0,2.8269385096307275e-29,,
PART-RIVERBANK-1,95,RiverBank/C3D8R,-250.0,5.0,-50.0,1.2684676e-29,-9.882145e-32,-2.5263558e-29,0.0,0.0,0.0,2.8269385096307275e-29,,
PART-RIVERBANK-2,85,RiverBank/C3D8R,250.0,0.0,-50.0,-1.9598767e-30,-2.8e-44,-2.7910833e-29,0.0,0.0,0.0,2.797955888560597e-29,,
PART-RIVERBANK-1,94,RiverBank/C3D8R,-250.0,0.0,-50.0,1.9598767e-30,1.3e-44,-2.7910833e-29,0.0,0.0,0.0,2.797955888560597e-29,,
PART-RIVERBANK-2,379,RiverBank/C3D8R,280.0,0.0,-50.0,1.0991214e-31,4.6e-44,-2.7894023e-29,0.0,0.0,0.0,2.7894239545165027e-29,,
PART-RIVERBANK-1,373,RiverBank/C3D8R,-280.0,0.0,-50.0,-1.0991214e-31,-6e-45,-2.7894023e-29,0.0,0.0,0.0,2.7894239545165027e-29,,
PART-RIVERBANK-2,384,RiverBank/C3D8R,290.0,-5.0,-50.0,3.359528e-30,-3.491022e-30,-2.6996675e-29,0.0,0.0,0.0,2.742798067745588e-29,,
PART-RIVERBANK-2,386,RiverBank/C3D8R,290.0,5.0,-50.0,3.359528e-30,3.491022e-30,-2.6996675e-29,0.0,0.0,0.0,2.742798067745588e-29,,
PART-RIVERBANK-1,366,RiverBank/C3D8R,-290.0,-5.0,-50.0,-3.359528e-30,-3.491022e-30,-2.6996675e-29,0.0,0.0,0.0,2.742798067745588e-29,,
PART-RIVERBANK-1,368,RiverBank/C3D8R,-290.0,5.0,-50.0,-3.359528e-30,3.491022e-30,-2.6996675e-29,0.0,0.0,0.0,2.742798067745588e-29,,
PART-RIVERBANK-2,387,RiverBank/C3D8R,295.0,-5.0,-50.0,4.169697e-30,-3.1135772e-30,-2.60909e-29,0.0,0.0,0.0,2.6604807814794844e-29,,
PART-RIVERBANK-2,389,RiverBank/C3D8R,295.0,5.0,-50.0,4.169697e-30,3.1135772e-30,-2.60909e-29,0.0,0.0,0.0,2.6604807814794844e-29,,
PART-RIVERBANK-1,363,RiverBank/C3D8R,-295.0,-5.0,-50.0,-4.169697e-30,-3.1135772e-30,-2.60909e-29,0.0,0.0,0.0,2.6604807814794844e-29,,
PART-RIVERBANK-1,365,RiverBank/C3D8R,-295.0,5.0,-50.0,-4.169697e-30,3.1135772e-30,-2.60909e-29,0.0,0.0,0.0,2.6604807814794844e-29,,
PART-RIVERBANK-2,388,RiverBank/C3D8R,295.0,0.0,-50.0,4.6248778e-30,1.15e-43,-2.485057e-29,0.0,0.0,0.0,2.527726891873077e-29,,
PART-RIVERBANK-1,364,RiverBank/C3D8R,-295.0,0.0,-50.0,-4.6248778e-30,-3.5e-44,-2.485057e-29,0.0,0.0,0.0,2.527726891873077e-29,,
PART-RIVERBANK-2,100,RiverBank/C3D8R,260.0,-10.0,-50.0,2.2869993e-30,-3.6536403e-30,-2.4769567e-29,0.0,0.0,0.0,2.514181581762689e-29,,
PART-RIVERBANK-2,115,RiverBank/C3D8R,260.0,10.0,-50.0,2.2869993e-30,3.6536403e-30,-2.4769567e-29,0.0,0.0,0.0,2.514181581762689e-29,,
PART-RIVERBANK-1,106,RiverBank/C3D8R,-260.0,-10.0,-50.0,-2.2869993e-30,-3.6536403e-30,-2.4769567e-29,0.0,0.0,0.0,2.514181581762689e-29,,
PART-RIVERBANK-1,109,RiverBank/C3D8R,-260.0,10.0,-50.0,-2.2869993e-30,3.6536403e-30,-2.4769567e-29,0.0,0.0,0.0,2.514181581762689e-29,,
PART-RIVERBANK-2,385,RiverBank/C3D8R,290.0,0.0,-50.0,2.6722662e-30,6.4e-44,-2.394254e-29,0.0,0.0,0.0,2.4091206451634223e-29,,
PART-RIVERBANK-1,367,RiverBank/C3D8R,-290.0,0.0,-50.0,-2.6722662e-30,-1.5e-44,-2.394254e-29,0.0,0.0,0.0,2.4091206451634223e-29,,
PART-RIVERBANK-2,102,RiverBank/C3D8R,270.0,-10.0,-50.0,2.0438552e-30,-4.5854703e-30,-2.2455643e-29,0.0,0.0,0.0,2.3009993144158e-29,,
PART-RIVERBANK-2,113,RiverBank/C3D8R,270.0,10.0,-50.0,2.0438552e-30,4.5854703e-30,-2.2455643e-29,0.0,0.0,0.0,2.3009993144158e-29,,
PART-RIVERBANK-1,104,RiverBank/C3D8R,-270.0,-10.0,-50.0,-2.0438552e-30,-4.5854703e-30,-2.2455643e-29,0.0,0.0,0.0,2.3009993144158e-29,,
PART-RIVERBANK-1,111,RiverBank/C3D8R,-270.0,10.0,-50.0,-2.0438552e-30,4.5854703e-30,-2.2455643e-29,0.0,0.0,0.0,2.3009993144158e-29,,
PART-RIVERBANK-2,101,RiverBank/C3D8R,265.0,-10.0,-50.0,-3.1516935e-30,-4.5156e-30,-2.0017096e-29,0.0,0.0,0.0,2.076073090117875e-29,,
PART-RIVERBANK-2,114,RiverBank/C3D8R,265.0,10.0,-50.0,-3.1516935e-30,4.5156e-30,-2.0017096e-29,0.0,0.0,0.0,2.076073090117875e-29,,
PART-RIVERBANK-1,105,RiverBank/C3D8R,-265.0,-10.0,-50.0,3.1516935e-30,-4.5156e-30,-2.0017096e-29,0.0,0.0,0.0,2.076073090117875e-29,,
PART-RIVERBANK-1,110,RiverBank/C3D8R,-265.0,10.0,-50.0,3.1516935e-30,4.5156e-30,-2.0017096e-29,0.0,0.0,0.0,2.076073090117875e-29,,
PART-RIVERBANK-2,104,RiverBank/C3D8R,280.0,-10.0,-50.0,1.4209361e-30,-3.8848644e-30,-1.8749695e-29,0.0,0.0,0.0,1.9200580548506744e-29,,
PART-RIVERBANK-2,111,RiverBank/C3D8R,280.0,10.0,-50.0,1.4209361e-30,3.8848644e-30,-1.8749695e-29,0.0,0.0,0.0,1.9200580548506744e-29,,
PART-RIVERBANK-1,102,RiverBank/C3D8R,-280.0,-10.0,-50.0,-1.4209361e-30,-3.8848644e-30,-1.8749695e-29,0.0,0.0,0.0,1.9200580548506744e-29,,
PART-RIVERBANK-1,113,RiverBank/C3D8R,-280.0,10.0,-50.0,-1.4209361e-30,3.8848644e-30,-1.8749695e-29,0.0,0.0,0.0,1.9200580548506744e-29,,
PART-RIVERBANK-2,103,RiverBank/C3D8R,275.0,-10.0,-50.0,-5.07631e-31,-3.7770037e-30,-1.8068112e-29,0.0,0.0,0.0,1.846564695391198e-29,,
PART-RIVERBANK-2,112,RiverBank/C3D8R,275.0,10.0,-50.0,-5.07631e-31,3.7770037e-30,-1.8068112e-29,0.0,0.0,0.0,1.846564695391198e-29,,
PART-RIVERBANK-1,103,RiverBank/C3D8R,-275.0,-10.0,-50.0,5.07631e-31,-3.7770037e-30,-1.8068112e-29,0.0,0.0,0.0,1.846564695391198e-29,,
PART-RIVERBANK-1,112,RiverBank/C3D8R,-275.0,10.0,-50.0,5.07631e-31,3.7770037e-30,-1.8068112e-29,0.0,0.0,0.0,1.846564695391198e-29,,
PART-RIVERBANK-2,9,RiverBank/C3D8R,250.0,10.0,-50.0,2.902703e-31,3.2498458e-30,-1.64508e-29,0.0,0.0,0.0,1.6771242506470404e-29,,
PART-RIVERBANK-2,10,RiverBank/C3D8R,250.0,-10.0,-50.0,2.902703e-31,-3.2498458e-30,-1.64508e-29,0.0,0.0,0.0,1.6771242506470404e-29,,
PART-RIVERBANK-1,11,RiverBank/C3D8R,-250.0,10.0,-50.0,-2.902703e-31,3.2498458e-30,-1.64508e-29,0.0,0.0,0.0,1.6771242506470404e-29,,
PART-RIVERBANK-1,12,RiverBank/C3D8R,-250.0,-10.0,-50.0,-2.902703e-31,-3.2498458e-30,-1.64508e-29,0.0,0.0,0.0,1.6771242506470404e-29,,
PART-RIVERBANK-2,105,RiverBank/C3D8R,285.0,-10.0,-50.0,6.617527e-31,-3.3517173e-30,-1.6047643e-29,0.0,0.0,0.0,1.6407277999428351e-29,,
PART-RIVERBANK-2,110,RiverBank/C3D8R,285.0,10.0,-50.0,6.617527e-31,3.3517173e-30,-1.6047643e-29,0.0,0.0,0.0,1.6407277999428351e-29,,
PART-RIVERBANK-1,101,RiverBank/C3D8R,-285.0,-10.0,-50.0,-6.617527e-31,-3.3517173e-30,-1.6047643e-29,0.0,0.0,0.0,1.6407277999428351e-29,,
PART-RIVERBANK-1,114,RiverBank/C3D8R,-285.0,10.0,-50.0,-6.617527e-31,3.3517173e-30,-1.6047643e-29,0.0,0.0,0.0,1.6407277999428351e-29,,
PART-RIVERBANK-2,106,RiverBank/C3D8R,290.0,-10.0,-50.0,1.9852371e-30,-3.126233e-30,-1.540173e-29,0.0,0.0,0.0,1.5840700303534734e-29,,
PART-RIVERBANK-2,109,RiverBank/C3D8R,290.0,10.0,-50.0,1.9852371e-30,3.126233e-30,-1.540173e-29,0.0,0.0,0.0,1.5840700303534734e-29,,
PART-RIVERBANK-1,100,RiverBank/C3D8R,-290.0,-10.0,-50.0,-1.9852371e-30,-3.126233e-30,-1.540173e-29,0.0,0.0,0.0,1.5840700303534734e-29,,
PART-RIVERBANK-1,115,RiverBank/C3D8R,-290.0,10.0,-50.0,-1.9852371e-30,3.126233e-30,-1.540173e-29,0.0,0.0,0.0,1.5840700303534734e-29,,
PART-RIVERBANK-2,93,RiverBank/C3D8R,300.0,-5.0,-50.0,4.16546e-30,-1.5109892e-30,-1.4756687e-29,0.0,0.0,0.0,1.5407594120760242e-29,,
PART-RIVERBANK-2,95,RiverBank/C3D8R,300.0,5.0,-50.0,4.16546e-30,1.5109892e-30,-1.4756687e-29,0.0,0.0,0.0,1.5407594120760242e-29,,
PART-RIVERBANK-1,84,RiverBank/C3D8R,-300.0,5.0,-50.0,-4.16546e-30,1.5109892e-30,-1.4756687e-29,0.0,0.0,0.0,1.5407594120760242e-29,,
PART-RIVERBANK-1,86,RiverBank/C3D8R,-300.0,-5.0,-50.0,-4.16546e-30,-1.5109892e-30,-1.4756687e-29,0.0,0.0,0.0,1.5407594120760242e-29,,
PART-RIVERBANK-2,107,RiverBank/C3D8R,295.0,-10.0,-50.0,1.9148152e-30,-2.7701113e-30,-1.4062323e-29,0.0,0.0,0.0,1.44599087832831e-29,,
PART-RIVERBANK-2,108,RiverBank/C3D8R,295.0,10.0,-50.0,1.9148152e-30,2.7701113e-30,-1.4062323e-29,0.0,0.0,0.0,1.44599087832831e-29,,
PART-RIVERBANK-1,99,RiverBank/C3D8R,-295.0,-10.0,-50.0,-1.9148152e-30,-2.7701113e-30,-1.4062323e-29,0.0,0.0,0.0,1.44599087832831e-29,,
PART-RIVERBANK-1,116,RiverBank/C3D8R,-295.0,10.0,-50.0,-1.9148152e-30,2.7701113e-30,-1.4062323e-29,0.0,0.0,0.0,1.44599087832831e-29,,
PART-RIVERBANK-2,94,RiverBank/C3D8R,300.0,0.0,-50.0,3.4331563e-30,6.4e-44,-1.3543463e-29,0.0,0.0,0.0,1.3971827089274998e-29,,
PART-RIVERBANK-1,85,RiverBank/C3D8R,-300.0,0.0,-50.0,-3.4331563e-30,-2e-44,-1.3543463e-29,0.0,0.0,0.0,1.3971827089274998e-29,,
PART-RIVERBANK-2,11,RiverBank/C3D8R,300.0,10.0,-50.0,2.4027968e-30,1.4842934e-30,-8.064127e-30,0.0,0.0,0.0,8.544396036672387e-30,,
PART-RIVERBANK-2,12,RiverBank/C3D8R,300.0,-10.0,-50.0,2.4027968e-30,-1.4842934e-30,-8.064127e-30,0.0,0.0,0.0,8.544396036672387e-30,,
PART-RIVERBANK-1,9,RiverBank/C3D8R,-300.0,10.0,-50.0,-2.4027968e-30,1.4842934e-30,-8.064127e-30,0.0,0.0,0.0,8.544396036672387e-30,,
PART-RIVERBANK-1,10,RiverBank/C3D8R,-300.0,-10.0,-50.0,-2.4027968e-30,-1.4842934e-30,-8.064127e-30,0.0,0.0,0.0,8.544396036672387e-30,,
