node,U1,U2,U3,R1,R2,R3
1,-0.013533,0.000198519,-0.150157,-0.0161723,0.00641904,0
2,-0.013533,-0.000198519,-0.150157,0.0161723,0.00641904,0
3,-0.00877783,0.000199433,-0.216492,0.0130214,-0.00277283,0
4,-0.00877783,-0.000199433,-0.216492,-0.0130214,-0.00277283,0
5,-0.00434281,0.000184095,-0.216224,0.0138124,0.000977886,0
6,-0.00434281,-0.000184095,-0.216224,-0.0138124,0.000977886,0
7,-0.00247609,0.00014185,-0.151768,0.0133146,0.00260563,0
8,-0.00247609,-0.00014185,-0.151768,-0.0133146,0.00260563,0
9,2.18385e-015,-0.000641997,-0.0249462,0.0143505,1.3909e-014,0
10,-3.43977e-015,0.000641997,-0.0249462,-0.0143505,1.15273e-014,0
11,0.00247609,0.00014185,-0.151768,0.0133146,-0.00260563,0
12,0.00247609,-0.00014185,-0.151768,-0.0133146,-0.00260563,0
13,0.00434281,0.000184095,-0.216224,0.0138124,-0.000977886,0
14,0.00434281,-0.000184095,-0.216224,-0.0138124,-0.000977886,0
15,0.00877783,0.000199433,-0.216492,0.0130214,0.00277283,0
16,0.00877783,-0.000199433,-0.216492,-0.0130214,0.00277283,0
17,0.013533,-0.000198519,-0.150157,0.0161723,-0.00641904,0
18,0.013533,0.000198519,-0.150157,-0.0161723,-0.00641904,0
19,0.00174684,-0.00104714,-0.00114454,0.00441399,0.0390669,0
20,0.00174684,0.00104714,-0.00114454,-0.00441399,0.0390669,0
21,-0.00174684,0.00104714,-0.00114454,-0.00441399,-0.0390669,0
22,-0.00174684,-0.00104714,-0.00114454,0.00441399,-0.0390669,0
23,-0.0104109,9.92657e-005,-0.218474,-0.0074447,0.00634982,0
24,-0.0101578,2.27629e-014,-0.227598,6.7243e-015,0.00611248,0
25,-0.0104109,-9.92657e-005,-0.218474,0.0074447,0.00634982,0
26,-0.0115141,-0.000418901,-0.170405,0.0100711,-0.00802,0
27,-0.0107643,-0.000134613,-0.217742,0.00444326,-0.0117637,0
28,-0.0104238,6.95503e-005,-0.289654,0.00130653,-0.0113578,0
29,-0.0101724,0.000148687,-0.3311,-0.000867936,-0.00794026,0
30,-0.00991928,0.000167699,-0.368788,-0.00133907,-0.00277607,0
31,-0.00965269,0.000170008,-0.35831,-0.00136243,0.00272419,0
32,-0.00937907,0.000175457,-0.342152,0.000396163,0.00719118,0
33,-0.00911171,0.000193854,-0.285712,0.00282718,0.00931111,0
34,-0.00888344,0.000220841,-0.248347,0.00789665,0.00794044,0
35,-0.00847611,9.9698e-005,-0.277768,0.00606912,-0.0027531,0
36,-0.00845161,5.24875e-014,-0.279638,1.42587e-014,-0.00269815,0
37,-0.00847611,-9.9698e-005,-0.277768,-0.00606912,-0.0027531,0
38,-0.00888344,-0.000220841,-0.248347,-0.00789665,0.00794044,0
39,-0.00911171,-0.000193854,-0.285712,-0.00282718,0.00931111,0
40,-0.00937907,-0.000175457,-0.342152,-0.000396163,0.00719118,0
41,-0.00965269,-0.000170008,-0.35831,0.00136243,0.00272419,0
42,-0.00991928,-0.000167699,-0.368788,0.00133907,-0.00277607,0
43,-0.0101724,-0.000148687,-0.3311,0.000867936,-0.00794026,0
44,-0.0104238,-6.95503e-005,-0.289654,-0.00130653,-0.0113578,0
45,-0.0107643,0.000134613,-0.217742,-0.00444326,-0.0117637,0
46,-0.0115141,0.000418901,-0.170405,-0.0100711,-0.00802,0
47,-0.00821822,0.000178187,-0.276208,0.00775903,-0.0133564,0
48,-0.00778126,0.000205745,-0.339207,0.00249369,-0.0143533,0
49,-0.00738393,0.000225679,-0.42071,-1.81293e-005,-0.0115998,0
50,-0.00699557,0.000233656,-0.455221,-0.00203712,-0.00625641,0
51,-0.00660806,0.000235423,-0.482988,-0.00204029,0.000381075,0
52,-0.00622108,0.000232832,-0.451304,-0.00191533,0.00692163,0
53,-0.00583358,0.000221588,-0.414487,0.000265186,0.011977,0
54,-0.00543342,0.000193061,-0.331242,0.00289458,0.0142504,0
55,-0.00497632,0.00015349,-0.271302,0.00842382,0.0125978,0
56,-0.00477678,9.20479e-005,-0.282231,0.00643959,0.00097556,0
57,-0.00481195,5.2153e-014,-0.283328,1.55223e-014,0.000965977,0
58,-0.00477678,-9.20479e-005,-0.282231,-0.00643959,0.00097556,0
59,-0.00497632,-0.00015349,-0.271302,-0.00842382,0.0125978,0
60,-0.00543342,-0.000193061,-0.331242,-0.00289458,0.0142504,0
61,-0.00583358,-0.000221588,-0.414487,-0.000265186,0.011977,0
62,-0.00622108,-0.000232832,-0.451304,0.00191533,0.00692163,0
63,-0.00660806,-0.000235423,-0.482988,0.00204029,0.000381075,0
64,-0.00699557,-0.000233656,-0.455221,0.00203712,-0.00625641,0
65,-0.00738393,-0.000225679,-0.42071,1.81293e-005,-0.0115998,0
66,-0.00778126,-0.000205745,-0.339207,-0.00249369,-0.0143533,0
67,-0.00821822,-0.000178187,-0.276208,-0.00775903,-0.0133564,0
68,-0.0043626,0.000214728,-0.261633,0.008454,-0.0106618,0
69,-0.00420599,0.000175196,-0.311725,0.00293405,-0.0123773,0
70,-0.00399247,0.00014677,-0.38631,0.000356271,-0.0102062,0
71,-0.00376647,0.00013569,-0.413916,-0.00183581,-0.0052965,0
72,-0.00354047,0.000133065,-0.438791,-0.00188576,0.00105919,0
73,-0.00331589,0.000133431,-0.403245,-0.00191385,0.00746872,0
74,-0.00309225,0.000135546,-0.364625,0.000209843,0.0125453,0
75,-0.00287098,0.00014038,-0.277537,0.00267895,0.0149898,0
76,-0.0026591,0.000146909,-0.213952,0.00810473,0.0136518,0
77,-0.00240501,7.09286e-005,-0.216556,0.00622177,0.00259991,0
78,-0.00239926,3.81197e-014,-0.216593,6.03281e-015,0.0025812,0
79,-0.00240501,-7.09286e-005,-0.216556,-0.00622177,0.00259991,0
80,-0.0026591,-0.000146909,-0.213952,-0.00810473,0.0136518,0
81,-0.00287098,-0.00014038,-0.277537,-0.00267895,0.0149898,0
82,-0.00309225,-0.000135546,-0.364625,-0.000209843,0.0125453,0
83,-0.00331589,-0.000133431,-0.403245,0.00191385,0.00746872,0
84,-0.00354047,-0.000133065,-0.438791,0.00188576,0.00105919,0
85,-0.00376647,-0.00013569,-0.413916,0.00183581,-0.0052965,0
86,-0.00399247,-0.00014677,-0.38631,-0.000356271,-0.0102062,0
87,-0.00420599,-0.000175196,-0.311725,-0.00293405,-0.0123773,0
88,-0.0043626,-0.000214728,-0.261633,-0.008454,-0.0106618,0
89,-0.00218605,0.00013684,-0.187962,0.00815708,-0.00848228,0
90,-0.00192482,0.000143288,-0.225842,0.00277641,-0.00994671,0
91,-0.00167273,0.000148074,-0.288339,0.000367132,-0.00771219,0
92,-0.00142248,0.000150688,-0.303216,-0.00171852,-0.00293024,0
93,-0.00117278,0.000153652,-0.317258,-0.00162237,0.00310117,0
94,-0.000926754,0.000158518,-0.272271,-0.00154058,0.00899426,0
95,-0.000693493,0.000161206,-0.227937,0.000730629,0.013358,0
96,-0.000486909,0.000129987,-0.138527,0.00333875,0.0148991,0
97,-0.000297442,2.53296e-005,-0.0781542,0.00896149,0.0124735,0
98,9.31087e-016,-0.000209704,-0.0938169,0.00670845,1.34247e-014,0
99,-2.79556e-016,3.78294e-014,-0.0947979,1.41186e-015,1.23345e-014,0
100,-1.54286e-015,0.000209704,-0.0938169,-0.00670845,1.20148e-014,0
101,-0.000297442,-2.53296e-005,-0.0781542,-0.00896149,0.0124735,0
102,-0.000486909,-0.000129987,-0.138527,-0.00333875,0.0148991,0
103,-0.000693493,-0.000161206,-0.227937,-0.000730629,0.013358,0
104,-0.000926754,-0.000158518,-0.272271,0.00154058,0.00899426,0
105,-0.00117278,-0.000153652,-0.317258,0.00162237,0.00310117,0
106,-0.00142248,-0.000150688,-0.303216,0.00171852,-0.00293024,0
107,-0.00167273,-0.000148074,-0.288339,-0.000367132,-0.00771219,0
108,-0.00192482,-0.000143288,-0.225842,-0.00277641,-0.00994671,0
109,-0.00218605,-0.00013684,-0.187962,-0.00815708,-0.00848228,0
110,0.000297442,2.53296e-005,-0.0781542,0.00896149,-0.0124735,0
111,0.000486909,0.000129987,-0.138527,0.00333875,-0.0148991,0
112,0.000693493,0.000161206,-0.227937,0.000730629,-0.013358,0
113,0.000926754,0.000158518,-0.272271,-0.00154058,-0.00899426,0
114,0.00117278,0.000153652,-0.317258,-0.00162237,-0.00310117,0
115,0.00142248,0.000150688,-0.303216,-0.00171852,0.00293024,0
116,0.00167273,0.000148074,-0.288339,0.000367132,0.00771219,0
117,0.00192482,0.000143288,-0.225842,0.00277641,0.00994671,0
118,0.00218605,0.00013684,-0.187962,0.00815708,0.00848228,0
119,0.00240501,7.09286e-005,-0.216556,0.00622177,-0.00259991,0
120,0.00239926,5.66676e-014,-0.216593,5.98269e-015,-0.0025812,0
121,0.00240501,-7.09286e-005,-0.216556,-0.00622177,-0.00259991,0
122,0.00218605,-0.00013684,-0.187962,-0.00815708,0.00848228,0
123,0.00192482,-0.000143288,-0.225842,-0.00277641,0.00994671,0
124,0.00167273,-0.000148074,-0.288339,-0.000367132,0.00771219,0
125,0.00142248,-0.000150688,-0.303216,0.00171852,0.00293024,0
126,0.00117278,-0.000153652,-0.317258,0.00162237,-0.00310117,0
127,0.000926754,-0.000158518,-0.272271,0.00154058,-0.00899426,0
128,0.000693493,-0.000161206,-0.227937,-0.000730629,-0.013358,0
129,0.000486909,-0.000129987,-0.138527,-0.00333875,-0.0148991,0
130,0.000297442,-2.53296e-005,-0.0781542,-0.00896149,-0.0124735,0
131,0.0026591,0.000146909,-0.213952,0.00810473,-0.0136518,0
132,0.00287098,0.00014038,-0.277537,0.00267895,-0.0149898,0
133,0.00309225,0.000135546,-0.364625,0.000209843,-0.0125453,0
134,0.00331589,0.000133431,-0.403245,-0.00191385,-0.00746872,0
135,0.00354047,0.000133065,-0.438791,-0.00188576,-0.00105919,0
136,0.00376647,0.00013569,-0.413916,-0.00183581,0.0052965,0
137,0.00399247,0.00014677,-0.38631,0.000356271,0.0102062,0
138,0.00420599,0.000175196,-0.311725,0.00293405,0.0123773,0
139,0.0043626,0.000214728,-0.261633,0.008454,0.0106618,0
140,0.00477678,9.20479e-005,-0.282231,0.00643959,-0.00097556,0
141,0.00481195,7.7192e-014,-0.283328,1.17153e-014,-0.000965977,0
142,0.00477678,-9.20479e-005,-0.282231,-0.00643959,-0.00097556,0
143,0.0043626,-0.000214728,-0.261633,-0.008454,0.0106618,0
144,0.00420599,-0.000175196,-0.311725,-0.00293405,0.0123773,0
145,0.00399247,-0.00014677,-0.38631,-0.000356271,0.0102062,0
146,0.00376647,-0.00013569,-0.413916,0.00183581,0.0052965,0
147,0.00354047,-0.000133065,-0.438791,0.00188576,-0.00105919,0
148,0.00331589,-0.000133431,-0.403245,0.00191385,-0.00746872,0
149,0.00309225,-0.000135546,-0.364625,-0.000209843,-0.0125453,0
150,0.00287098,-0.00014038,-0.277537,-0.00267895,-0.0149898,0
151,0.0026591,-0.000146909,-0.213952,-0.00810473,-0.0136518,0
152,0.00497632,0.00015349,-0.271302,0.00842382,-0.0125978,0
153,0.00543342,0.000193061,-0.331242,0.00289458,-0.0142504,0
154,0.00583358,0.000221588,-0.414487,0.000265186,-0.011977,0
155,0.00622108,0.000232832,-0.451304,-0.00191533,-0.00692163,0
156,0.00660806,0.000235423,-0.482988,-0.00204029,-0.000381075,0
157,0.00699557,0.000233656,-0.455221,-0.00203712,0.00625641,0
158,0.00738393,0.000225679,-0.42071,-1.81293e-005,0.0115998,0
159,0.00778126,0.000205745,-0.339207,0.00249369,0.0143533,0
160,0.00821822,0.000178187,-0.276208,0.00775903,0.0133564,0
161,0.00847611,9.9698e-005,-0.277768,0.00606912,0.0027531,0
162,0.00845161,7.5877e-014,-0.279638,1.32368e-014,0.00269815,0
163,0.00847611,-9.9698e-005,-0.277768,-0.00606912,0.0027531,0
164,0.00821822,-0.000178187,-0.276208,-0.00775903,0.0133564,0
165,0.00778126,-0.000205745,-0.339207,-0.00249369,0.0143533,0
166,0.00738393,-0.000225679,-0.42071,1.81293e-005,0.0115998,0
167,0.00699557,-0.000233656,-0.455221,0.00203712,0.00625641,0
168,0.00660806,-0.000235423,-0.482988,0.00204029,-0.000381075,0
169,0.00622108,-0.000232832,-0.451304,0.00191533,-0.00692163,0
170,0.00583358,-0.000221588,-0.414487,-0.000265186,-0.011977,0
171,0.00543342,-0.000193061,-0.331242,-0.00289458,-0.0142504,0
172,0.00497632,-0.00015349,-0.271302,-0.00842382,-0.0125978,0
173,0.00888344,0.000220841,-0.248347,0.00789665,-0.00794044,0
174,0.00911171,0.000193854,-0.285712,0.00282718,-0.00931111,0
175,0.00937907,0.000175457,-0.342152,0.000396163,-0.00719118,0
176,0.00965269,0.000170008,-0.35831,-0.00136243,-0.00272419,0
177,0.00991928,0.000167699,-0.368788,-0.00133907,0.00277607,0
178,0.0101724,0.000148687,-0.3311,-0.000867936,0.00794026,0
179,0.0104238,6.95503e-005,-0.289654,0.00130653,0.0113578,0
180,0.0107643,-0.000134613,-0.217742,0.00444326,0.0117637,0
181,0.0115141,-0.000418901,-0.170405,0.0100711,0.00802,0
182,0.0104109,-9.92657e-005,-0.218474,0.0074447,-0.00634982,0
183,0.0101578,3.32903e-014,-0.227598,1.5167e-014,-0.00611248,0
184,0.0104109,9.92657e-005,-0.218474,-0.0074447,-0.00634982,0
185,0.0115141,0.000418901,-0.170405,-0.0100711,0.00802,0
186,0.0107643,0.000134613,-0.217742,-0.00444326,0.0117637,0
187,0.0104238,-6.95503e-005,-0.289654,-0.00130653,0.0113578,0
188,0.0101724,-0.000148687,-0.3311,0.000867936,0.00794026,0
189,0.00991928,-0.000167699,-0.368788,0.00133907,0.00277607,0
190,0.00965269,-0.000170008,-0.35831,0.00136243,-0.00272419,0
191,0.00937907,-0.000175457,-0.342152,-0.000396163,-0.00719118,0
192,0.00911171,-0.000193854,-0.285712,-0.00282718,-0.00931111,0
193,0.00888344,-0.000220841,-0.248347,-0.00789665,-0.00794044,0
194,0.0108521,2.17516e-005,-0.233511,0.00938948,-0.0203452,0
195,0.00944033,-0.000262603,-0.341546,0.00324701,-0.0225025,0
196,0.00843789,-0.00046692,-0.457994,-0.000764159,-0.0194873,0
197,0.00752483,-0.000546335,-0.536887,-0.00331378,-0.012386,0
198,0.0066108,-0.000565413,-0.579572,-0.0049375,-0.00252674,0
199,0.00568478,-0.000566089,-0.562806,-0.00531968,0.00873904,0
200,0.00475252,-0.000562279,-0.49158,-0.00533398,0.0199448,0
201,0.00381765,-0.000565995,-0.365883,-0.0037836,0.0298324,0
202,0.00287368,-0.000483688,-0.195265,-0.00316617,0.0367931,0
203,0.00206157,-7.50372e-005,-0.00302749,-0.00162296,0.0391187,0
204,0.00180047,-3.41904e-016,-0.000975389,-1.22298e-016,0.0374045,0
205,0.00206157,7.50372e-005,-0.00302749,0.00162296,0.0391187,0
206,0.00287368,0.000483688,-0.195265,0.00316617,0.0367931,0
207,0.00381765,0.000565995,-0.365883,0.0037836,0.0298324,0
208,0.00475252,0.000562279,-0.49158,0.00533398,0.0199448,0
209,0.00568478,0.000566089,-0.562806,0.00531968,0.00873904,0
210,0.0066108,0.000565413,-0.579572,0.0049375,-0.00252674,0
211,0.00752483,0.000546335,-0.536887,0.00331378,-0.012386,0
212,0.00843789,0.00046692,-0.457994,0.000764159,-0.0194873,0
213,0.00944033,0.000262603,-0.341546,-0.00324701,-0.0225025,0
214,0.0108521,-2.17516e-005,-0.233511,-0.00938948,-0.0203452,0
215,-0.0108521,-2.17516e-005,-0.233511,-0.00938948,0.0203452,0
216,-0.00944033,0.000262603,-0.341546,-0.00324701,0.0225025,0
217,-0.00843789,0.00046692,-0.457994,0.000764159,0.0194873,0
218,-0.00752483,0.000546335,-0.536887,0.00331378,0.012386,0
219,-0.0066108,0.000565413,-0.579572,0.0049375,0.00252674,0
220,-0.00568478,0.000566089,-0.562806,0.00531968,-0.00873904,0
221,-0.00475252,0.000562279,-0.49158,0.00533398,-0.0199448,0
222,-0.00381765,0.000565995,-0.365883,0.0037836,-0.0298324,0
223,-0.00287368,0.000483688,-0.195265,0.00316617,-0.0367931,0
224,-0.00206157,7.50372e-005,-0.00302749,0.00162296,-0.0391187,0
225,-0.00180047,1.4203e-016,-0.000975389,1.44199e-017,-0.0374045,0
226,-0.00206157,-7.50372e-005,-0.00302749,-0.00162296,-0.0391187,0
227,-0.00287368,-0.000483688,-0.195265,-0.00316617,-0.0367931,0
228,-0.00381765,-0.000565995,-0.365883,-0.0037836,-0.0298324,0
229,-0.00475252,-0.000562279,-0.49158,-0.00533398,-0.0199448,0
230,-0.00568478,-0.000566089,-0.562806,-0.00531968,-0.00873904,0
231,-0.0066108,-0.000565413,-0.579572,-0.0049375,0.00252674,0
232,-0.00752483,-0.000546335,-0.536887,-0.00331378,0.012386,0
233,-0.00843789,-0.00046692,-0.457994,-0.000764159,0.0194873,0
234,-0.00944033,-0.000262603,-0.341546,0.00324701,0.0225025,0
235,-0.0108521,2.17516e-005,-0.233511,0.00938948,0.0203452,0
236,-0.0108853,0.00044657,-0.202426,-0.00627819,-0.00569754,0
237,-0.0104155,2.72175e-014,-0.227992,6.49036e-015,-0.000684281,0
238,-0.0108853,-0.00044657,-0.202426,0.00627819,-0.00569754,0
239,-0.0107425,0.000165403,-0.246373,-0.00332896,-0.0106358,0
240,-0.0106195,3.1315e-014,-0.245029,5.12567e-015,-0.00733878,0
241,-0.0107425,-0.000165403,-0.246373,0.00332896,-0.0106358,0
242,-0.0104902,-1.00117e-005,-0.286302,-0.00111836,-0.0107221,0
243,-0.0104867,3.49724e-014,-0.298863,5.22585e-015,-0.00874707,0
244,-0.0104902,1.00117e-005,-0.286302,0.00111836,-0.0107221,0
245,-0.0102135,-7.30852e-005,-0.339332,-0.000240728,-0.0075993,0
246,-0.0102284,3.83012e-014,-0.330054,6.26322e-015,-0.00658824,0
247,-0.0102135,7.30852e-005,-0.339332,0.000240728,-0.0075993,0
248,-0.00993547,-8.62019e-005,-0.354396,0.00036247,-0.00272442,0
249,-0.0099452,4.13241e-014,-0.363712,7.86339e-015,-0.00255011,0
250,-0.00993547,8.62019e-005,-0.354396,-0.00036247,-0.00272442,0
251,-0.00965977,-8.67557e-005,-0.365501,1.45389e-005,0.0025083,0
252,-0.00966437,4.40557e-014,-0.354857,8.89555e-015,0.00185426,0
253,-0.00965977,8.67557e-005,-0.365501,-1.45389e-005,0.0025083,0
254,-0.00938535,-9.07204e-005,-0.333594,-0.000617027,0.00667676,0
255,-0.00938568,4.65173e-014,-0.34636,1.04578e-014,0.00510263,0
256,-0.00938535,9.07204e-005,-0.333594,0.000617027,0.00667676,0
257,-0.00910912,-0.000106535,-0.310665,-0.00246027,0.00835801,0
258,-0.0090972,4.8721e-014,-0.304944,1.17089e-014,0.00555148,0
259,-0.00910912,0.000106535,-0.310665,0.00246027,0.00835801,0
260,-0.00882243,-0.000133323,-0.268352,-0.0050191,0.0059181,0
261,-0.00877694,5.07113e-014,-0.293724,1.32133e-014,0.00155214,0
262,-0.00882243,0.000133323,-0.268352,0.0050191,0.0059181,0
263,-0.0081575,-6.61702e-005,-0.295159,-0.00494514,-0.0113022,0
264,-0.00811211,5.39677e-014,-0.320824,1.71117e-014,-0.00682258,0
265,-0.0081575,6.61702e-005,-0.295159,0.00494514,-0.0113022,0
266,-0.00777924,-9.34112e-005,-0.363986,-0.00230274,-0.0133602,0
267,-0.00776736,5.50772e-014,-0.356914,1.83868e-014,-0.0104428,0
268,-0.00777924,9.34112e-005,-0.363986,0.00230274,-0.0133602,0
269,-0.00739038,-0.000110536,-0.408965,-0.000393762,-0.011053,0
270,-0.00738994,5.58103e-014,-0.42262,1.89865e-014,-0.00936287,0
271,-0.00739038,0.000110536,-0.408965,0.000393762,-0.011053,0
272,-0.00699908,-0.000116951,-0.462074,0.00033507,-0.00599811,0
273,-0.00700005,5.62016e-014,-0.448679,1.80851e-014,-0.00522794,0
274,-0.00699908,0.000116951,-0.462074,-0.00033507,-0.00599811,0
275,-0.00660744,-0.000118325,-0.463161,0.000743787,0.000364841,0
276,-0.00660706,5.62642e-014,-0.473992,1.71548e-014,0.000317571,0
277,-0.00660744,0.000118325,-0.463161,-0.000743787,0.000364841,0
278,-0.00621571,-0.000116423,-0.458982,0.000266262,0.00663252,0
279,-0.00621399,5.60168e-014,-0.445429,1.56819e-014,0.00576123,0
280,-0.00621571,0.000116423,-0.458982,-0.000266262,0.00663252,0
281,-0.00582432,-0.000107419,-0.403106,-0.000536557,0.0113927,0
282,-0.00582489,5.54737e-014,-0.417783,1.54464e-014,0.00959378,0
283,-0.00582432,0.000107419,-0.403106,0.000536557,0.0113927,0
284,-0.00543638,-8.29098e-005,-0.35867,-0.00253707,0.0132132,0
285,-0.00545348,5.46479e-014,-0.351179,1.58189e-014,0.0101582,0
286,-0.00543638,8.29098e-005,-0.35867,0.00253707,0.0132132,0
287,-0.00506368,-4.37828e-005,-0.291381,-0.00530129,0.0104569,0
288,-0.00512897,5.35275e-014,-0.319293,1.63544e-014,0.00580114,0
289,-0.00506368,4.37828e-005,-0.291381,0.00530129,0.0104569,0
290,-0.00444999,-0.000140323,-0.281614,-0.00531425,-0.00852788,0
291,-0.00451529,5.06363e-014,-0.309749,1.5665e-014,-0.00388963,0
292,-0.00444999,0.000140323,-0.281614,0.00531425,-0.00852788,0
293,-0.004209,-0.000101229,-0.339727,-0.00256126,-0.0113448,0
294,-0.0042261,4.90928e-014,-0.331913,1.52335e-014,-0.00830913,0
295,-0.004209,0.000101229,-0.339727,0.00256126,-0.0113448,0
296,-0.00398323,-7.68051e-005,-0.374628,-0.000575707,-0.00962919,0
297,-0.00398374,4.75614e-014,-0.389983,1.36583e-014,-0.00784811,0
298,-0.00398323,7.68051e-005,-0.374628,0.000575707,-0.00962919,0
299,-0.00376087,-6.79603e-005,-0.42276,0.000217126,-0.00501234,0
300,-0.00375891,4.60404e-014,-0.408548,1.11489e-014,-0.00416127,0
301,-0.00376087,6.79603e-005,-0.42276,-0.000217126,-0.00501234,0
302,-0.00353875,-6.61112e-005,-0.418447,0.000676899,0.00106754,0
303,-0.00353772,4.45464e-014,-0.430437,8.32147e-015,0.00109528,0
304,-0.00353875,6.61112e-005,-0.418447,-0.000676899,0.00106754,0
305,-0.00331638,-6.6512e-005,-0.411904,0.00025754,0.00720422,0
306,-0.00331627,4.30993e-014,-0.397494,7.02173e-015,0.00641003,0
307,-0.00331638,6.6512e-005,-0.411904,-0.00025754,0.00720422,0
308,-0.00309378,-6.82519e-005,-0.352151,-0.000495392,0.0119878,0
309,-0.0030936,4.17138e-014,-0.367501,6.6969e-015,0.0102705,0
310,-0.00309378,6.82519e-005,-0.352151,0.000495392,0.0119878,0
311,-0.00287055,-7.24055e-005,-0.304896,-0.00242373,0.0139848,0
312,-0.00286775,4.04106e-014,-0.296442,6.08194e-015,0.0110272,0
313,-0.00287055,7.24055e-005,-0.304896,0.00242373,0.0139848,0
314,-0.0026448,-7.88483e-005,-0.232096,-0.0051127,0.011566,0
315,-0.00263412,3.92062e-014,-0.260123,7.52631e-015,0.00703078,0
316,-0.0026448,7.88483e-005,-0.232096,0.0051127,0.011566,0
317,-0.00217177,-6.29989e-005,-0.206228,-0.00513811,-0.00640872,0
318,-0.0021611,3.71676e-014,-0.234387,5.48324e-015,-0.00191033,0
319,-0.00217177,6.29989e-005,-0.206228,0.00513811,-0.00640872,0
320,-0.00192448,-6.93706e-005,-0.253717,-0.0024741,-0.00895317,0
321,-0.00192179,3.63646e-014,-0.245253,4.15466e-015,-0.00603309,0
322,-0.00192448,6.93706e-005,-0.253717,0.0024741,-0.00895317,0
323,-0.00167473,-7.34441e-005,-0.276228,-0.000571742,-0.00716704,0
324,-0.00167488,3.57316e-014,-0.291975,3.08824e-015,-0.00548675,0
325,-0.00167473,7.34441e-005,-0.276228,0.000571742,-0.00716704,0
326,-0.00142445,-7.55013e-005,-0.312915,0.000156395,-0.00267736,0
327,-0.00142497,3.52893e-014,-0.298479,1.95167e-015,-0.00192112,0
328,-0.00142445,7.55013e-005,-0.312915,-0.000156395,-0.00267736,0
329,-0.00117396,-7.79069e-005,-0.297515,0.000548861,0.00308021,0
330,-0.00117326,3.50563e-014,-0.310177,1.03346e-015,0.00301462,0
331,-0.00117396,7.79069e-005,-0.297515,-0.000548861,0.00308021,0
332,-0.000922611,-8.24789e-005,-0.282699,6.33888e-005,0.0086978,0
333,-0.000917244,3.50538e-014,-0.268441,2.97071e-016,0.00780684,0
334,-0.000922611,8.24789e-005,-0.282699,-6.33888e-005,0.0086978,0
335,-0.000668372,-8.59984e-005,-0.217101,-0.000758914,0.0127669,0
336,-0.000651978,3.53013e-014,-0.233426,4.69243e-016,0.0109441,0
337,-0.000668372,8.59984e-005,-0.217101,0.000758914,0.0127669,0
338,-0.000410697,-7.09578e-005,-0.168716,-0.00277537,0.0138513,0
339,-0.000375467,3.58181e-014,-0.160838,5.6552e-016,0.0107675,0
340,-0.000410697,7.09578e-005,-0.168716,0.00277537,0.0138513,0
341,-0.000138664,5.86142e-005,-0.0993012,-0.00556835,0.0103151,0
342,-0.000151318,3.66542e-014,-0.128764,6.38378e-016,0.00562065,0
343,-0.000138664,-5.86142e-005,-0.0993012,0.00556835,0.0103151,0
344,0.000138664,5.86142e-005,-0.0993012,-0.00556835,-0.0103151,0
345,0.000151318,3.92825e-014,-0.128764,2.13458e-015,-0.00562065,0
346,0.000138664,-5.86142e-005,-0.0993012,0.00556835,-0.0103151,0
347,0.000410697,-7.09578e-005,-0.168716,-0.00277537,-0.0138513,0
348,0.000375467,4.08861e-014,-0.160838,3.00844e-015,-0.0107675,0
349,0.000410697,7.09578e-005,-0.168716,0.00277537,-0.0138513,0
350,0.000668372,-8.59984e-005,-0.217101,-0.000758914,-0.0127669,0
351,0.000651978,4.25837e-014,-0.233426,3.63902e-015,-0.0109441,0
352,0.000668372,8.59984e-005,-0.217101,0.000758914,-0.0127669,0
353,0.000922611,-8.24789e-005,-0.282699,6.33888e-005,-0.0086978,0
354,0.000917244,4.43796e-014,-0.268441,4.11303e-015,-0.00780684,0
355,0.000922611,8.24789e-005,-0.282699,-6.33888e-005,-0.0086978,0
356,0.00117396,-7.79069e-005,-0.297515,0.000548861,-0.00308021,0
357,0.00117326,4.62658e-014,-0.310177,5.10074e-015,-0.00301462,0
358,0.00117396,7.79069e-005,-0.297515,-0.000548861,-0.00308021,0
359,0.00142445,-7.55013e-005,-0.312915,0.000156395,0.00267736,0
360,0.00142497,4.82311e-014,-0.298479,6.52776e-015,0.00192112,0
361,0.00142445,7.55013e-005,-0.312915,-0.000156395,0.00267736,0
362,0.00167473,-7.34441e-005,-0.276228,-0.000571742,0.00716704,0
363,0.00167488,5.02657e-014,-0.291975,5.97656e-015,0.00548675,0
364,0.00167473,7.34441e-005,-0.276228,0.000571742,0.00716704,0
365,0.00192448,-6.93706e-005,-0.253717,-0.0024741,0.00895317,0
366,0.00192179,5.23569e-014,-0.245253,6.6917e-015,0.00603309,0
367,0.00192448,6.93706e-005,-0.253717,0.0024741,0.00895317,0
368,0.00217177,-6.29989e-005,-0.206228,-0.00513811,0.00640872,0
369,0.0021611,5.44949e-014,-0.234387,6.67906e-015,0.00191033,0
370,0.00217177,6.29989e-005,-0.206228,0.00513811,0.00640872,0
371,0.0026448,-7.88483e-005,-0.232096,-0.0051127,-0.011566,0
372,0.00263412,5.88596e-014,-0.260123,4.95741e-015,-0.00703078,0
373,0.0026448,7.88483e-005,-0.232096,0.0051127,-0.011566,0
374,0.00287055,-7.24055e-005,-0.304896,-0.00242373,-0.0139848,0
375,0.00286775,6.10538e-014,-0.296442,2.59601e-015,-0.0110272,0
376,0.00287055,7.24055e-005,-0.304896,0.00242373,-0.0139848,0
377,0.00309378,-6.82519e-005,-0.352151,-0.000495392,-0.0119878,0
378,0.0030936,6.32353e-014,-0.367501,1.26852e-015,-0.0102705,0
379,0.00309378,6.82519e-005,-0.352151,0.000495392,-0.0119878,0
380,0.00331638,-6.6512e-005,-0.411904,0.00025754,-0.00720422,0
381,0.00331627,6.53917e-014,-0.397494,7.50268e-017,-0.00641003,0
382,0.00331638,6.6512e-005,-0.411904,-0.00025754,-0.00720422,0
383,0.00353875,-6.61112e-005,-0.418447,0.000676899,-0.00106754,0
384,0.00353772,6.75106e-014,-0.430437,5.86608e-016,-0.00109528,0
385,0.00353875,6.61112e-005,-0.418447,-0.000676899,-0.00106754,0
386,0.00376087,-6.79603e-005,-0.42276,0.000217126,0.00501234,0
387,0.00375891,6.95807e-014,-0.408548,1.07726e-015,0.00416127,0
388,0.00376087,6.79603e-005,-0.42276,-0.000217126,0.00501234,0
389,0.00398323,-7.68051e-005,-0.374628,-0.000575707,0.00962919,0
390,0.00398374,7.15899e-014,-0.389983,4.20714e-015,0.00784811,0
391,0.00398323,7.68051e-005,-0.374628,0.000575707,0.00962919,0
392,0.004209,-0.000101229,-0.339727,-0.00256126,0.0113448,0
393,0.0042261,7.35248e-014,-0.331913,7.9459e-015,0.00830913,0
394,0.004209,0.000101229,-0.339727,0.00256126,0.0113448,0
395,0.00444999,-0.000140323,-0.281614,-0.00531425,0.00852788,0
396,0.00451529,7.5404e-014,-0.309749,1.03092e-014,0.00388963,0
397,0.00444999,0.000140323,-0.281614,0.00531425,0.00852788,0
398,0.00506368,-4.37828e-005,-0.291381,-0.00530129,-0.0104569,0
399,0.00512897,7.8753e-014,-0.319293,1.24737e-014,-0.00580114,0
400,0.00506368,4.37828e-005,-0.291381,0.00530129,-0.0104569,0
401,0.00543638,-8.29098e-005,-0.35867,-0.00253707,-0.0132132,0
402,0.00545348,7.99703e-014,-0.351179,1.28144e-014,-0.0101582,0
403,0.00543638,8.29098e-005,-0.35867,0.00253707,-0.0132132,0
404,0.00582432,-0.000107419,-0.403106,-0.000536557,-0.0113927,0
405,0.00582489,8.08133e-014,-0.417783,1.24488e-014,-0.00959378,0
406,0.00582432,0.000107419,-0.403106,0.000536557,-0.0113927,0
407,0.00621571,-0.000116423,-0.458982,0.000266262,-0.00663252,0
408,0.00621399,8.12969e-014,-0.445429,1.25681e-014,-0.00576123,0
409,0.00621571,0.000116423,-0.458982,-0.000266262,-0.00663252,0
410,0.00660744,-0.000118325,-0.463161,0.000743787,-0.000364841,0
411,0.00660706,8.14052e-014,-0.473992,1.09346e-014,-0.000317571,0
412,0.00660744,0.000118325,-0.463161,-0.000743787,-0.000364841,0
413,0.00699908,-0.000116951,-0.462074,0.00033507,0.00599811,0
414,0.00700005,8.11242e-014,-0.448679,9.30267e-015,0.00522794,0
415,0.00699908,0.000116951,-0.462074,-0.00033507,0.00599811,0
416,0.00739038,-0.000110536,-0.408965,-0.000393762,0.011053,0
417,0.00738994,8.0444e-014,-0.42262,1.06438e-014,0.00936287,0
418,0.00739038,0.000110536,-0.408965,0.000393762,0.011053,0
419,0.00777924,-9.34112e-005,-0.363986,-0.00230274,0.0133602,0
420,0.00776736,7.93508e-014,-0.356914,1.08789e-014,0.0104428,0
421,0.00777924,9.34112e-005,-0.363986,0.00230274,0.0133602,0
422,0.0081575,-6.61702e-005,-0.295159,-0.00494514,0.0113022,0
423,0.00811211,7.78302e-014,-0.320824,1.19715e-014,0.00682258,0
424,0.0081575,6.61702e-005,-0.295159,0.00494514,0.0113022,0
425,0.00882243,-0.000133323,-0.268352,-0.0050191,-0.0059181,0
426,0.00877694,7.35161e-014,-0.293724,1.42767e-014,-0.00155214,0
427,0.00882243,0.000133323,-0.268352,0.0050191,-0.0059181,0
428,0.00910912,-0.000106535,-0.310665,-0.00246027,-0.00835801,0
429,0.0090972,7.07804e-014,-0.304944,1.49091e-014,-0.00555148,0
430,0.00910912,0.000106535,-0.310665,0.00246027,-0.00835801,0
431,0.00938535,-9.07204e-005,-0.333594,-0.000617027,-0.00667676,0
432,0.00938568,6.76593e-014,-0.34636,1.60347e-014,-0.00510263,0
433,0.00938535,9.07204e-005,-0.333594,0.000617027,-0.00667676,0
434,0.00965977,-8.67557e-005,-0.365501,1.45389e-005,-0.0025083,0
435,0.00966437,6.41279e-014,-0.354857,1.82876e-014,-0.00185426,0
436,0.00965977,8.67557e-005,-0.365501,-1.45389e-005,-0.0025083,0
437,0.00993547,-8.62019e-005,-0.354396,0.00036247,0.00272442,0
438,0.0099452,6.01731e-014,-0.363712,1.91454e-014,0.00255011,0
439,0.00993547,8.62019e-005,-0.354396,-0.00036247,0.00272442,0
440,0.0102135,-7.30852e-005,-0.339332,-0.000240728,0.0075993,0
441,0.0102284,5.57834e-014,-0.330054,2.03648e-014,0.00658824,0
442,0.0102135,7.30852e-005,-0.339332,0.000240728,0.0075993,0
443,0.0104902,-1.00117e-005,-0.286302,-0.00111836,0.0107221,0
444,0.0104867,5.09443e-014,-0.298863,2.01041e-014,0.00874707,0
445,0.0104902,1.00117e-005,-0.286302,0.00111836,0.0107221,0
446,0.0107425,0.000165403,-0.246373,-0.00332896,0.0106358,0
447,0.0106195,4.56354e-014,-0.245029,1.77957e-014,0.00733878,0
448,0.0107425,-0.000165403,-0.246373,0.00332896,0.0106358,0
449,0.0108853,0.00044657,-0.202426,-0.00627819,0.00569754,0
450,0.0104155,3.97175e-014,-0.227992,1.64039e-014,0.000684281,0
451,0.0108853,-0.00044657,-0.202426,0.00627819,0.00569754,0
452,0.0102234,-0.000248009,-0.264543,-0.005949,-0.0178601,0
453,0.00975363,2.69454e-014,-0.287892,1.53098e-014,-0.0123802,0
454,0.0102234,0.000248009,-0.264543,0.005949,-0.0178601,0
455,0.00941866,3.32172e-005,-0.362514,-0.00269662,-0.0212335,0
456,0.00929564,2.12772e-014,-0.362388,1.73975e-014,-0.0174527,0
457,0.00941866,-3.32172e-005,-0.362514,0.00269662,-0.0212335,0
458,0.00850437,0.00020876,-0.451624,-0.000111524,-0.0186793,0
459,0.00850081,1.64142e-014,-0.457439,1.84575e-014,-0.0162136,0
460,0.00850437,-0.00020876,-0.451624,0.000111524,-0.0186793,0
461,0.00756569,0.000272091,-0.529426,0.00106684,-0.0118876,0
462,0.00758026,1.22005e-014,-0.522572,1.77271e-014,-0.0103408,0
463,0.00756569,-0.000272091,-0.529426,-0.00106684,-0.0118876,0
464,0.00662548,0.000285402,-0.559709,0.00215249,-0.00226076,0
465,0.00663421,8.61771e-015,-0.557343,1.4242e-014,-0.00148448,0
466,0.00662548,-0.000285402,-0.559709,-0.00215249,-0.00226076,0
467,0.0056873,0.000284721,-0.544842,0.00220451,0.00875884,0
468,0.00569016,5.65162e-015,-0.537494,1.19986e-014,0.00887422,0
469,0.0056873,-0.000284721,-0.544842,-0.00220451,0.00875884,0
470,0.00475087,0.00028292,-0.472773,0.002412,0.019827,0
471,0.00474978,3.28374e-015,-0.467538,8.25381e-015,0.0193405,0
472,0.00475087,-0.00028292,-0.472773,-0.002412,0.019827,0
473,0.00381253,0.000274124,-0.350528,0.00157749,0.0294662,0
474,0.00381585,1.50619e-015,-0.346829,5.52336e-015,0.0284813,0
475,0.00381253,-0.000274124,-0.350528,-0.00157749,0.0294662,0
476,0.00291935,0.000325033,-0.188669,0.000866327,0.0366842,0
477,0.0028243,3.16452e-016,-0.185341,2.80765e-015,0.034633,0
478,0.00291935,-0.000325033,-0.188669,-0.000866327,0.0366842,0
479,-0.0102234,0.000248009,-0.264543,0.005949,0.0178601,0
480,-0.00975363,1.83814e-014,-0.287892,6.51649e-015,0.0123802,0
481,-0.0102234,-0.000248009,-0.264543,-0.005949,0.0178601,0
482,-0.00941866,-3.32172e-005,-0.362514,0.00269662,0.0212335,0
483,-0.00929564,1.45073e-014,-0.362388,3.93956e-015,0.0174527,0
484,-0.00941866,3.32172e-005,-0.362514,-0.00269662,0.0212335,0
485,-0.00850437,-0.00020876,-0.451624,0.000111524,0.0186793,0
486,-0.00850081,1.12293e-014,-0.457439,1.07032e-015,0.0162136,0
487,-0.00850437,0.00020876,-0.451624,-0.000111524,0.0186793,0
488,-0.00756569,-0.000272091,-0.529426,-0.00106684,0.0118876,0
489,-0.00758026,8.428e-015,-0.522572,-1.56472e-015,0.0103408,0
490,-0.00756569,0.000272091,-0.529426,0.00106684,0.0118876,0
491,-0.00662548,-0.000285402,-0.559709,-0.00215249,0.00226076,0
492,-0.00663421,6.06121e-015,-0.557343,-2.73306e-015,0.00148448,0
493,-0.00662548,0.000285402,-0.559709,0.00215249,0.00226076,0
494,-0.0056873,-0.000284721,-0.544842,-0.00220451,-0.00875884,0
495,-0.00569016,4.1184e-015,-0.537494,-7.04081e-015,-0.00887422,0
496,-0.0056873,0.000284721,-0.544842,0.00220451,-0.00875884,0
497,-0.00475087,-0.00028292,-0.472773,-0.002412,-0.019827,0
498,-0.00474978,2.5821e-015,-0.467538,-6.8643e-015,-0.0193405,0
499,-0.00475087,0.00028292,-0.472773,0.002412,-0.019827,0
500,-0.00381253,-0.000274124,-0.350528,-0.00157749,-0.0294662,0
501,-0.00381585,1.42685e-015,-0.346829,-4.09395e-015,-0.0284813,0
502,-0.00381253,0.000274124,-0.350528,0.00157749,-0.0294662,0
503,-0.00291935,-0.000325033,-0.188669,-0.000866327,-0.0366842,0
504,-0.0028243,6.26533e-016,-0.185341,-2.4078e-015,-0.034633,0
505,-0.00291935,0.000325033,-0.188669,0.000866327,-0.0366842,0
506,0,0,0,0,0,0
507,0,0,0,0,0,0
508,0,0,0,0,0,0
509,0,0,0,0,0,0
510,-1.87368e-013,0.211558,-0.0797384,0,0,0
511,0.00390748,0.216488,-0.0192726,0,0,0
512,0.00719716,0.226752,-0.0381259,0,0,0
513,-1.04673e-013,0.237581,-0.123455,0,0,0
514,0,0,0,0,0,0
515,0,0,0,0,0,0
516,-0.00719716,0.226752,-0.0381259,0,0,0
517,-0.00390748,0.216488,-0.0192726,0,0,0
518,0,0,0,0,0,0
519,0,0,0,0,0,0
520,0,0,0,0,0,0
521,0,0,0,0,0,0
522,0,0,0,0,0,0
523,0,0,0,0,0,0
524,-1.739e-013,0.221127,0.012766,0,0,0
525,0.00233247,0.226513,-0.0382041,0,0,0
526,-0.00448319,0.220811,-0.00959596,0,0,0
527,-0.00395704,0.22167,-0.0514905,0,0,0
528,-0.00265756,0.221749,-0.0280009,0,0,0
529,-0.000751889,0.218081,-0.0735702,0,0,0
530,-0.00161543,0.000618102,-0.00242646,0,0,0
531,-0.00151245,0.000413552,-0.00290072,0,0,0
532,-0.00216058,-2.23717e-005,-0.00568267,0,0,0
533,-0.00210652,0.000203607,-0.00355696,0,0,0
534,-0.00175203,0.000337502,-0.00902458,0,0,0
535,-0.0023038,0.000403667,-0.00991583,0,0,0
536,-0.00189117,0.000634855,-0.010025,0,0,0
537,-0.00153154,0.00231267,-0.013825,0,0,0
538,-0.00247832,0.00147479,-0.0159631,0,0,0
539,8.77501e-006,0.00638946,-0.0143631,0,0,0
540,-0.00177467,0.00504005,-0.0196282,0,0,0
541,-0.00202171,0.0076374,-0.0211592,0,0,0
542,-0.00128536,0.00992249,-0.0232583,0,0,0
543,-0.00187527,0.0126623,-0.0245406,0,0,0
544,-0.0013248,0.0156287,-0.0265201,0,0,0
545,-0.00165441,0.0191478,-0.0278548,0,0,0
546,-0.00131215,0.022768,-0.0295906,0,0,0
547,-0.00148503,0.0269963,-0.031038,0,0,0
548,-0.00125323,0.0313751,-0.0325428,0,0,0
549,-0.00134535,0.0362801,-0.034059,0,0,0
550,-0.00118097,0.0414669,-0.0353857,0,0,0
551,-0.00121225,0.0470653,-0.0369204,0,0,0
552,-0.00111767,0.0530824,-0.0381099,0,0,0
553,-0.00106779,0.0594086,-0.0396261,0,0,0
554,-0.0010809,0.0662722,-0.0407143,0,0,0
555,-0.00089549,0.073367,-0.0421656,0,0,0
556,-0.00108593,0.0810939,-0.0432163,0,0,0
557,-0.000683147,0.0889973,-0.044505,0,0,0
558,-0.00113988,0.097616,-0.0456639,0,0,0
559,-0.000429919,0.106352,-0.0465679,0,0,0
560,-0.00123986,0.115919,-0.0481598,0,0,0
561,-0.000130572,0.125496,-0.0482155,0,0,0
562,-0.00142469,0.136041,-0.0508577,0,0,0
563,0.000337697,0.146629,-0.0493163,0,0,0
564,-0.00197162,0.157782,-0.0537678,0,0,0
565,0.00146053,0.170341,-0.0501648,0,0,0
566,-0.00362944,0.180454,-0.0560004,0,0,0
567,0.0039768,0.197604,-0.0525096,0,0,0
568,-0.00697073,0.203502,-0.0553961,0,0,0
569,-1.24124e-013,0.197243,-0.0283635,0,0,0
570,-1.05643e-013,0.203041,-0.0683674,0,0,0
571,-1.08815e-013,0.17716,-0.0468333,0,0,0
572,-9.83196e-014,0.173144,-0.0554951,0,0,0
573,-9.55682e-014,0.156651,-0.0511569,0,0,0
574,-8.94623e-014,0.147877,-0.0507312,0,0,0
575,-8.58022e-014,0.135984,-0.0505124,0,0,0
576,-8.12012e-014,0.126127,-0.0484612,0,0,0
577,-7.70709e-014,0.11622,-0.0484309,0,0,0
578,-7.09261e-014,0.106844,-0.046551,0,0,0
579,-6.76758e-014,0.0979899,-0.0460837,0,0,0
580,-6.17671e-014,0.0894918,-0.0444516,0,0,0
581,-5.79901e-014,0.0814923,-0.0436795,0,0,0
582,-5.31707e-014,0.0738617,-0.0421314,0,0,0
583,-4.95046e-014,0.0667188,-0.0411866,0,0,0
584,-4.49543e-014,0.0598743,-0.03964,0,0,0
585,-4.07482e-014,0.0536042,-0.0385686,0,0,0
586,-3.6733e-014,0.0474788,-0.0370025,0,0,0
587,-3.28384e-014,0.0420837,-0.0358166,0,0,0
588,-2.94183e-014,0.036621,-0.0342236,0,0,0
589,-2.59831e-014,0.0321101,-0.0329287,0,0,0
590,-2.23415e-014,0.0272327,-0.0313172,0,0,0
591,-1.9891e-014,0.0236598,-0.0298741,0,0,0
592,-1.64554e-014,0.0192253,-0.0283525,0,0,0
593,-1.43316e-014,0.0167343,-0.026539,0,0,0
594,-1.13938e-014,0.0124952,-0.025518,0,0,0
595,-9.87123e-015,0.0113366,-0.0226924,0,0,0
596,-7.25817e-015,0.00691918,-0.0230901,0,0,0
597,-6.28966e-015,0.00769556,-0.0182232,0,0,0
598,-3.49315e-015,0.00394296,-0.0149131,0,0,0
599,-1.17951e-015,0.0015415,-0.0151614,0,0,0
600,-1.42819e-015,0.0015805,-0.0163347,0,0,0
601,8.56821e-016,0.000151795,-0.0110366,0,0,0
602,-1.31245e-015,0.00101142,-0.00831332,0,0,0
603,4.6361e-015,9.52048e-005,-0.0120218,0,0,0
604,-7.74212e-016,0.000287077,-0.00429164,0,0,0
605,1.31143e-015,0.000465405,-0.0038091,0,0,0
606,1.4727e-016,0.000786046,-0.00153583,0,0,0
607,-0.00240417,0.211223,-0.0216501,0,0,0
608,0.000789546,0.19328,-0.0323927,0,0,0
609,0.000777836,0.181957,-0.0262786,0,0,0
610,-0.00122175,0.169981,-0.029662,0,0,0
611,0.00156815,0.15694,-0.0283338,0,0,0
612,-0.00135759,0.147182,-0.0290314,0,0,0
613,0.00116769,0.13495,-0.0287432,0,0,0
614,-0.000971384,0.12582,-0.0288295,0,0,0
615,0.000611446,0.115065,-0.0286635,0,0,0
616,-0.000644113,0.106335,-0.0284929,0,0,0
617,0.000193778,0.0969385,-0.0283279,0,0,0
618,-0.000478756,0.0887543,-0.0279628,0,0,0
619,-8.36869e-005,0.0804885,-0.0277505,0,0,0
620,-0.000434134,0.0729793,-0.0272511,0,0,0
621,-0.000274189,0.0656873,-0.0269407,0,0,0
622,-0.000460175,0.0589092,-0.0263545,0,0,0
623,-0.000419791,0.0525024,-0.025919,0,0,0
624,-0.000523395,0.0464616,-0.025265,0,0,0
625,-0.000546879,0.040894,-0.0247033,0,0,0
626,-0.000603593,0.0355668,-0.0239793,0,0,0
627,-0.000670483,0.0308194,-0.0233036,0,0,0
628,-0.000692042,0.0261668,-0.0225031,0,0,0
629,-0.000791282,0.022229,-0.0217163,0,0,0
630,-0.000798208,0.018224,-0.0208648,0,0,0
631,-0.000885415,0.0150541,-0.0198957,0,0,0
632,-0.000956527,0.0117281,-0.0191518,0,0,0
633,-0.000922538,0.00921993,-0.0177054,0,0,0
634,-0.00115551,0.00665819,-0.0175241,0,0,0
635,-0.00128522,0.00470816,-0.0150428,0,0,0
636,0.000390866,0.00337217,-0.0122735,0,0,0
637,-0.00160995,0.00204558,-0.0130238,0,0,0
638,-0.00139271,0.000175171,-0.0123394,0,0,0
639,-0.00142796,0.000197127,-0.00880037,0,0,0
640,-0.00174644,-0.000589854,-0.00936594,0,0,0
641,-0.001728,-0.000757277,-0.0081415,0,0,0
642,-0.00185375,-0.000941278,-0.00416144,0,0,0
643,-0.00190587,-0.000672925,-0.00511384,0,0,0
644,-0.00168955,-0.000670714,-0.00346105,0,0,0
645,-0.00148612,-0.000856212,-0.00236151,0,0,0
646,-6.56234e-016,-0.000826098,-0.00178398,0,0,0
647,-8.08984e-016,-0.0010282,-0.00357462,0,0,0
648,-3.38047e-015,-0.000478377,-0.00487656,0,0,0
649,-1.12764e-015,-0.000740519,-0.0102999,0,0,0
650,-6.90327e-015,-0.000775293,-0.00826546,0,0,0
651,-7.36196e-015,-0.000130484,-0.0101636,0,0,0
652,-1.06948e-014,0.00063755,-0.0142096,0,0,0
653,-1.27468e-014,0.000199688,-0.0132647,0,0,0
654,-1.63143e-014,0.00291119,-0.0131205,0,0,0
655,-1.8687e-014,0.00242817,-0.0198785,0,0,0
656,-2.28787e-014,0.00522273,-0.0153762,0,0,0
657,-2.61214e-014,0.00736782,-0.0178544,0,0,0
658,-3.03732e-014,0.00955471,-0.0181226,0,0,0
659,-3.41902e-014,0.012424,-0.019359,0,0,0
660,-3.89836e-014,0.0154898,-0.0203067,0,0,0
661,-4.32646e-014,0.0188118,-0.021048,0,0,0
662,-4.88106e-014,0.0227437,-0.0220648,0,0,0
663,-5.34203e-014,0.026675,-0.0227123,0,0,0
664,-5.92907e-014,0.0313695,-0.0235699,0,0,0
665,-6.50633e-014,0.036025,-0.0242209,0,0,0
666,-7.07961e-014,0.0414544,-0.0248885,0,0,0
667,-7.74596e-014,0.0468812,-0.0255353,0,0,0
668,-8.38736e-014,0.0530689,-0.0260275,0,0,0
669,-9.12175e-014,0.0592865,-0.0266479,0,0,0
670,-9.80854e-014,0.0662677,-0.026988,0,0,0
671,-1.05002e-013,0.0733029,-0.0275344,0,0,0
672,-1.12371e-013,0.0810969,-0.0278048,0,0,0
673,-1.19297e-013,0.0890036,-0.0281184,0,0,0
674,-1.27169e-013,0.0976108,-0.0285765,0,0,0
675,-1.34322e-013,0.106441,-0.0282564,0,0,0
676,-1.42107e-013,0.115931,-0.0294448,0,0,0
677,-1.50602e-013,0.125551,-0.0278307,0,0,0
678,-1.56268e-013,0.136395,-0.030368,0,0,0
679,-1.63762e-013,0.145952,-0.0271874,0,0,0
680,-1.70232e-013,0.15978,-0.0303758,0,0,0
681,-1.76107e-013,0.166783,-0.0282544,0,0,0
682,-1.8605e-013,0.187244,-0.0261399,0,0,0
683,-1.85224e-013,0.187293,-0.03635,0,0,0
684,-2.00982e-013,0.218388,-0.00892758,0,0,0
685,0,0,0,0,0,0
686,0,0,0,0,0,0
687,0,0,0,0,0,0
688,0,0,0,0,0,0
689,0,0,0,0,0,0
690,0.000751889,0.218081,-0.0735702,0,0,0
691,0.00265756,0.221749,-0.0280009,0,0,0
692,0.00395704,0.22167,-0.0514905,0,0,0
693,0.00448319,0.220811,-0.00959596,0,0,0
694,-0.00233247,0.226513,-0.0382041,0,0,0
695,0.00148612,-0.000856212,-0.00236151,0,0,0
696,0.00168955,-0.000670714,-0.00346105,0,0,0
697,0.00190587,-0.000672925,-0.00511384,0,0,0
698,0.00185375,-0.000941278,-0.00416144,0,0,0
699,0.001728,-0.000757277,-0.0081415,0,0,0
700,0.00174644,-0.000589854,-0.00936594,0,0,0
701,0.00142796,0.000197127,-0.00880037,0,0,0
702,0.00139271,0.000175171,-0.0123394,0,0,0
703,0.00160995,0.00204558,-0.0130238,0,0,0
704,-0.000390866,0.00337217,-0.0122735,0,0,0
705,0.00128522,0.00470816,-0.0150428,0,0,0
706,0.00115551,0.00665819,-0.0175241,0,0,0
707,0.000922538,0.00921993,-0.0177054,0,0,0
708,0.000956527,0.0117281,-0.0191518,0,0,0
709,0.000885415,0.0150541,-0.0198957,0,0,0
710,0.000798208,0.018224,-0.0208648,0,0,0
711,0.000791282,0.022229,-0.0217163,0,0,0
712,0.000692042,0.0261668,-0.0225031,0,0,0
713,0.000670483,0.0308194,-0.0233036,0,0,0
714,0.000603593,0.0355668,-0.0239793,0,0,0
715,0.000546879,0.040894,-0.0247033,0,0,0
716,0.000523395,0.0464616,-0.025265,0,0,0
717,0.000419791,0.0525024,-0.025919,0,0,0
718,0.000460175,0.0589092,-0.0263545,0,0,0
719,0.000274189,0.0656873,-0.0269407,0,0,0
720,0.000434134,0.0729793,-0.0272511,0,0,0
721,8.36869e-005,0.0804885,-0.0277505,0,0,0
722,0.000478756,0.0887543,-0.0279628,0,0,0
723,-0.000193778,0.0969385,-0.0283279,0,0,0
724,0.000644113,0.106335,-0.0284929,0,0,0
725,-0.000611446,0.115065,-0.0286635,0,0,0
726,0.000971384,0.12582,-0.0288295,0,0,0
727,-0.00116769,0.13495,-0.0287432,0,0,0
728,0.00135759,0.147182,-0.0290314,0,0,0
729,-0.00156815,0.15694,-0.0283338,0,0,0
730,0.00122175,0.169981,-0.029662,0,0,0
731,-0.000777836,0.181957,-0.0262786,0,0,0
732,-0.000789546,0.19328,-0.0323927,0,0,0
733,0.00240417,0.211223,-0.0216501,0,0,0
734,0.00697073,0.203502,-0.0553961,0,0,0
735,-0.0039768,0.197604,-0.0525096,0,0,0
736,0.00362944,0.180454,-0.0560004,0,0,0
737,-0.00146053,0.170341,-0.0501648,0,0,0
738,0.00197162,0.157782,-0.0537678,0,0,0
739,-0.000337697,0.146629,-0.0493163,0,0,0
740,0.00142469,0.136041,-0.0508577,0,0,0
741,0.000130572,0.125496,-0.0482155,0,0,0
742,0.00123986,0.115919,-0.0481598,0,0,0
743,0.000429919,0.106352,-0.0465679,0,0,0
744,0.00113988,0.097616,-0.0456639,0,0,0
745,0.000683147,0.0889973,-0.044505,0,0,0
746,0.00108593,0.0810939,-0.0432163,0,0,0
747,0.00089549,0.073367,-0.0421656,0,0,0
748,0.0010809,0.0662722,-0.0407143,0,0,0
749,0.00106779,0.0594086,-0.0396261,0,0,0
750,0.00111767,0.0530824,-0.0381099,0,0,0
751,0.00121225,0.0470653,-0.0369204,0,0,0
752,0.00118097,0.0414669,-0.0353857,0,0,0
753,0.00134535,0.0362801,-0.034059,0,0,0
754,0.00125323,0.0313751,-0.0325428,0,0,0
755,0.00148503,0.0269963,-0.031038,0,0,0
756,0.00131215,0.022768,-0.0295906,0,0,0
757,0.00165441,0.0191478,-0.0278548,0,0,0
758,0.0013248,0.0156287,-0.0265201,0,0,0
759,0.00187527,0.0126623,-0.0245406,0,0,0
760,0.00128536,0.00992249,-0.0232583,0,0,0
761,0.00202171,0.0076374,-0.0211592,0,0,0
762,0.00177467,0.00504005,-0.0196282,0,0,0
763,-8.77501e-006,0.00638946,-0.0143631,0,0,0
764,0.00247832,0.00147479,-0.0159631,0,0,0
765,0.00153154,0.00231267,-0.013825,0,0,0
766,0.00189117,0.000634855,-0.010025,0,0,0
767,0.0023038,0.000403667,-0.00991583,0,0,0
768,0.00175203,0.000337502,-0.00902458,0,0,0
769,0.00210652,0.000203607,-0.00355696,0,0,0
770,0.00216058,-2.23717e-005,-0.00568267,0,0,0
771,0.00151245,0.000413552,-0.00290072,0,0,0
772,0.00161543,0.000618102,-0.00242646,0,0,0
773,0,0,0,0,0,0
774,0,0,0,0,0,0
775,0.00496892,0.223552,-0.061447,0,0,0
776,-0.00165372,0.221068,-0.0295212,0,0,0
777,-0.000277682,0.000842596,-0.00217004,0,0,0
778,-0.00058617,0.000995425,-0.00168136,0,0,0
779,-0.000541506,0.000448973,-0.00241466,0,0,0
780,-0.00127298,0.000112545,-0.00312823,0,0,0
781,-0.000684931,0.000186919,-0.00630396,0,0,0
782,-0.00133308,0.000374157,-0.00543553,0,0,0
783,-0.000669246,0.000567428,-0.00303834,0,0,0
784,-0.00143178,0.000313148,-0.00979014,0,0,0
785,-0.000722914,0.000158145,-0.00967229,0,0,0
786,-0.0014625,0.000176471,-0.00889467,0,0,0
787,-0.00069305,0.00104583,-0.0106951,0,0,0
788,-0.00127574,0.00070926,-0.0107263,0,0,0
789,-0.000549362,0.000845929,-0.00981911,0,0,0
790,-0.00144277,0.0012302,-0.0151412,0,0,0
791,-0.000724004,0.00245649,-0.0144927,0,0,0
792,-0.00122859,0.00124664,-0.0144703,0,0,0
793,-0.000569235,0.00188949,-0.0169268,0,0,0
794,-0.00109465,0.00377012,-0.0160709,0,0,0
795,-4.65151e-005,0.00708265,-0.0137672,0,0,0
796,-0.00220548,0.00163171,-0.0217519,0,0,0
797,-0.000561201,0.00499508,-0.0207052,0,0,0
798,-0.00111663,0.0064383,-0.0195544,0,0,0
799,-0.000570767,0.0084856,-0.0212992,0,0,0
800,-0.000920385,0.00766704,-0.021864,0,0,0
801,-0.000493821,0.0100926,-0.0237134,0,0,0
802,-0.00128191,0.0103294,-0.0230386,0,0,0
803,-0.000581344,0.0133441,-0.0248802,0,0,0
804,-0.000871329,0.0128354,-0.0251357,0,0,0
805,-0.00044953,0.0159755,-0.0267924,0,0,0
806,-0.00118336,0.0160829,-0.0264255,0,0,0
807,-0.00055213,0.0197074,-0.028206,0,0,0
808,-0.00085968,0.0192836,-0.028251,0,0,0
809,-0.000431923,0.0231803,-0.029844,0,0,0
810,-0.00106522,0.0232098,-0.0296703,0,0,0
811,-0.000492704,0.027504,-0.0313441,0,0,0
812,-0.000838187,0.0271655,-0.0312499,0,0,0
813,-0.000429171,0.0317956,-0.032794,0,0,0
814,-0.000952836,0.0317489,-0.0327529,0,0,0
815,-0.00042246,0.036764,-0.0343328,0,0,0
816,-0.000807969,0.0365083,-0.03414,0,0,0
817,-0.000433886,0.0418783,-0.0356149,0,0,0
818,-0.000846586,0.0417633,-0.0356772,0,0,0
819,-0.000345204,0.0475309,-0.0371827,0,0,0
820,-0.000779242,0.0473504,-0.0369108,0,0,0
821,-0.000450935,0.0534841,-0.038301,0,0,0
822,-0.000736113,0.053307,-0.0384508,0,0,0
823,-0.000251562,0.0598503,-0.0398896,0,0,0
824,-0.000766366,0.0597439,-0.0395562,0,0,0
825,-0.000494962,0.0666753,-0.0408619,0,0,0
826,-0.000606027,0.0664302,-0.0410696,0,0,0
827,-0.000122497,0.0737666,-0.0424295,0,0,0
828,-0.000786444,0.0737497,-0.0420866,0,0,0
829,-0.00058983,0.0815232,-0.0433329,0,0,0
830,-0.000438126,0.0811834,-0.0435083,0,0,0
831,7.07221e-005,0.0893243,-0.0447465,0,0,0
832,-0.000858879,0.0894365,-0.0445378,0,0,0
833,-0.00076852,0.0981034,-0.0457835,0,0,0
834,-0.00021192,0.0976167,-0.0457109,0,0,0
835,0.000362437,0.10658,-0.0467544,0,0,0
836,-0.00100517,0.106881,-0.0469813,0,0,0
837,-0.00105935,0.116476,-0.0482984,0,0,0
838,9.46631e-005,0.115788,-0.0475824,0,0,0
839,0.000760473,0.125634,-0.0483796,0,0,0
840,-0.00124559,0.126146,-0.0495215,0,0,0
841,-0.00142281,0.136649,-0.0509053,0,0,0
842,0.000496942,0.135816,-0.0490179,0,0,0
843,0.00114112,0.146664,-0.0496565,0,0,0
844,-0.00157913,0.147187,-0.0522173,0,0,0
845,-0.00160507,0.158563,-0.0534758,0,0,0
846,0.000962852,0.158019,-0.0500654,0,0,0
847,0.00107808,0.169895,-0.0507767,0,0,0
848,-0.00193845,0.169672,-0.0547904,0,0,0
849,-0.00106088,0.1822,-0.0558399,0,0,0
850,0.00133232,0.183076,-0.0513854,0,0,0
851,-7.42242e-005,0.195344,-0.0515646,0,0,0
852,-0.00221863,0.192967,-0.0560039,0,0,0
853,0.000489893,0.208176,-0.0610872,0,0,0
854,0.00114819,0.211608,-0.0532526,0,0,0
855,-0.000256273,-0.00106993,-0.00212612,0,0,0
856,-0.000634716,-0.00111515,-0.00198496,0,0,0
857,-0.000570163,-0.000682818,-0.0029253,0,0,0
858,-0.00116193,-0.000522758,-0.00287392,0,0,0
859,-0.000579876,-0.000778467,-0.00560598,0,0,0
860,-0.00134011,-0.000826678,-0.00618489,0,0,0
861,-0.000609831,-0.000925839,-0.00382822,0,0,0
862,-0.00134719,-0.000782607,-0.00888781,0,0,0
863,-0.000754454,-0.000343786,-0.0086709,0,0,0
864,-0.00118469,-0.000530137,-0.00902446,0,0,0
865,-0.000506567,-0.000492217,-0.00993122,0,0,0
866,-0.00115221,-0.000386929,-0.00984992,0,0,0
867,-0.000424635,0.000352276,-0.00885286,0,0,0
868,-0.00123695,7.13042e-006,-0.0138793,0,0,0
869,-0.000739402,0.000914408,-0.0128489,0,0,0
870,-0.000807618,0.00117699,-0.0125348,0,0,0
871,-0.000330172,0.00188768,-0.0138219,0,0,0
872,-0.000976487,0.00167519,-0.0143677,0,0,0
873,7.46009e-005,0.00392822,-0.011929,0,0,0
874,-0.00185278,0.00282148,-0.0177148,0,0,0
875,-0.000526684,0.00508913,-0.0158631,0,0,0
876,-0.000691153,0.00496955,-0.0168036,0,0,0
877,-0.000306784,0.00711544,-0.0175767,0,0,0
878,-0.000657749,0.00709995,-0.0167153,0,0,0
879,-0.000353732,0.00967982,-0.0180871,0,0,0
880,-0.000712098,0.0093171,-0.0184522,0,0,0
881,-0.000299374,0.0122605,-0.0194417,0,0,0
882,-0.000583677,0.0122623,-0.0190351,0,0,0
883,-0.000292619,0.0154585,-0.020113,0,0,0
884,-0.000607172,0.0151137,-0.0201717,0,0,0
885,-0.00027441,0.018778,-0.02116,0,0,0
886,-0.000530273,0.0187462,-0.0209819,0,0,0
887,-0.000255212,0.0226276,-0.021924,0,0,0
888,-0.000520896,0.0223287,-0.021851,0,0,0
889,-0.000230642,0.0266913,-0.0227484,0,0,0
890,-0.000465355,0.0266161,-0.0226667,0,0,0
891,-0.000232191,0.0312301,-0.0235132,0,0,0
892,-0.000444412,0.0309827,-0.0233936,0,0,0
893,-0.000178792,0.0360548,-0.0241871,0,0,0
894,-0.000396377,0.03594,-0.0241495,0,0,0
895,-0.000215718,0.0413093,-0.0248958,0,0,0
896,-0.000375638,0.0411084,-0.0247578,0,0,0
897,-0.000124711,0.0469215,-0.025452,0,0,0
898,-0.000324365,0.0467729,-0.0254467,0,0,0
899,-0.000204082,0.0529122,-0.0260834,0,0,0
900,-0.000316319,0.0527564,-0.0259294,0,0,0
901,-6.68626e-005,0.0593486,-0.0265268,0,0,0
902,-0.000245911,0.0591616,-0.0265559,0,0,0
903,-0.000201816,0.0660853,-0.0270788,0,0,0
904,-0.00027124,0.0659886,-0.0269047,0,0,0
905,2.75543e-006,0.0734024,-0.0273997,0,0,0
906,-0.000154555,0.0731512,-0.0274673,0,0,0
907,-0.000220689,0.0808728,-0.027883,0,0,0
908,-0.000247679,0.0808758,-0.0276846,0,0,0
909,0.000100607,0.0891576,-0.0280573,0,0,0
910,-4.25341e-005,0.0887852,-0.0281659,0,0,0
911,-0.000281823,0.0973232,-0.0284948,0,0,0
912,-0.000252516,0.097499,-0.0282729,0,0,0
913,0.000250778,0.106686,-0.0284966,0,0,0
914,9.46741e-005,0.106107,-0.028633,0,0,0
915,-0.000406301,0.11551,-0.0288805,0,0,0
916,-0.00028586,0.115942,-0.0286792,0,0,0
917,0.000458519,0.126025,-0.0287807,0,0,0
918,0.000251855,0.125185,-0.0288304,0,0,0
919,-0.000557854,0.135571,-0.0288896,0,0,0
920,-0.000336518,0.136241,-0.028961,0,0,0
921,0.000606536,0.147147,-0.0291394,0,0,0
922,0.00041838,0.146207,-0.0286068,0,0,0
923,-0.000480986,0.157726,-0.0281624,0,0,0
924,-0.000407126,0.158236,-0.0294053,0,0,0
925,0.000226857,0.169971,-0.0299926,0,0,0
926,0.000615801,0.169669,-0.027392,0,0,0
927,0.000491554,0.182213,-0.0262931,0,0,0
928,-0.000631065,0.181399,-0.0309467,0,0,0
929,-0.00159664,0.194492,-0.0314657,0,0,0
930,0.000926217,0.196469,-0.0237791,0,0,0
931,0.00329157,0.209075,-0.0255235,0,0,0
932,-0.000885254,0.20511,-0.0337777,0,0,0
933,2.20522e-016,-8.80123e-005,-0.00129308,0,0,0
934,-8.3214e-016,-0.000129075,-0.00363061,0,0,0
935,2.59676e-016,-0.000351525,-0.00548632,0,0,0
936,-4.86323e-015,-0.000180025,-0.00360372,0,0,0
937,-1.49691e-015,-5.95038e-005,-0.00908015,0,0,0
938,-4.77574e-015,0.000249933,-0.0107395,0,0,0
939,-5.24947e-015,0.000536768,-0.0090952,0,0,0
940,-7.77477e-015,0.00178148,-0.0135333,0,0,0
941,-9.06208e-015,0.00171342,-0.0163955,0,0,0
942,-1.22765e-014,0.00544123,-0.0116872,0,0,0
943,-1.39022e-014,0.00500616,-0.0192962,0,0,0
944,-1.70908e-014,0.00786851,-0.0189337,0,0,0
945,-1.97262e-014,0.00982241,-0.0212109,0,0,0
946,-2.32987e-014,0.0128789,-0.0221361,0,0,0
947,-2.64056e-014,0.0156604,-0.0234628,0,0,0
948,-3.03583e-014,0.0193069,-0.0247964,0,0,0
949,-3.38376e-014,0.0228555,-0.0258494,0,0,0
950,-3.84655e-014,0.0271509,-0.0271378,0,0,0
951,-4.2578e-014,0.031467,-0.0281645,0,0,0
952,-4.70745e-014,0.0364558,-0.0292899,0,0,0
953,-5.24119e-014,0.0415461,-0.0303231,0,0,0
954,-5.70823e-014,0.0472686,-0.0312893,0,0,0
955,-6.25966e-014,0.053146,-0.0323063,0,0,0
956,-6.74482e-014,0.0596387,-0.0331386,0,0,0
957,-7.31495e-014,0.0663239,-0.0341038,0,0,0
958,-7.91178e-014,0.0736186,-0.0348519,0,0,0
959,-8.50951e-014,0.0811408,-0.035675,0,0,0
960,-9.15445e-014,0.089264,-0.0364897,0,0,0
961,-9.69481e-014,0.0976628,-0.0369193,0,0,0
962,-1.03521e-013,0.106635,-0.0381737,0,0,0
963,-1.09032e-013,0.115961,-0.0376943,0,0,0
964,-1.14279e-013,0.125797,-0.0399995,0,0,0
965,-1.21627e-013,0.136109,-0.0380308,0,0,0
966,-1.27334e-013,0.146829,-0.0416077,0,0,0
967,-1.33156e-013,0.158175,-0.0388717,0,0,0
968,-1.39511e-013,0.169827,-0.0410416,0,0,0
969,-1.41361e-013,0.182234,-0.043677,0,0,0
970,-1.53268e-013,0.194815,-0.0328846,0,0,0
971,-1.48101e-013,0.208554,-0.0618048,0,0,0
972,-0.00142086,-6.2118e-005,-0.00189543,0,0,0
973,-0.00167796,-0.000172132,-0.00368307,0,0,0
974,-0.00204158,-0.000368464,-0.00539493,0,0,0
975,-0.00194437,-0.000252695,-0.0092876,0,0,0
976,-0.00203122,-0.000431974,-0.00859028,0,0,0
977,-0.00176785,0.000101379,-0.0102503,0,0,0
978,-0.00186463,0.000167818,-0.0139983,0,0,0
979,-0.00179632,0.00126237,-0.0132107,0,0,0
980,-0.00124748,0.00209213,-0.0153345,0,0,0
981,-0.00321159,0.00229626,-0.018864,0,0,0
982,-0.00127882,0.00506814,-0.0184824,0,0,0
983,-0.00128308,0.0073216,-0.0187112,0,0,0
984,-0.00140669,0.00923191,-0.0207709,0,0,0
985,-0.00121007,0.0124041,-0.0217778,0,0,0
986,-0.00122894,0.0150733,-0.0231922,0,0,0
987,-0.00115472,0.0188089,-0.0244173,0,0,0
988,-0.00109655,0.0223029,-0.0256106,0,0,0
989,-0.00105448,0.026643,-0.0268115,0,0,0
990,-0.000995209,0.0309464,-0.0279082,0,0,0
991,-0.000937779,0.0359477,-0.0290362,0,0,0
992,-0.000907541,0.0410548,-0.0300446,0,0,0
993,-0.00081608,0.0467642,-0.0311037,0,0,0
994,-0.000832258,0.0526838,-0.0320142,0,0,0
995,-0.000685588,0.0591377,-0.0330063,0,0,0
996,-0.000778015,0.0658935,-0.0338206,0,0,0
997,-0.000533809,0.0731166,-0.0347317,0,0,0
998,-0.000761557,0.0807489,-0.0354692,0,0,0
999,-0.000338644,0.0887522,-0.0362678,0,0,0
1000,-0.000811315,0.0973209,-0.0369596,0,0,0
1001,-6.56292e-005,0.106099,-0.0376167,0,0,0
1002,-0.000963119,0.115686,-0.0382649,0,0,0
1003,0.000310068,0.125218,-0.0388122,0,0,0
1004,-0.00120207,0.135924,-0.0393378,0,0,0
1005,0.000685794,0.146181,-0.0398497,0,0,0
1006,-0.00126543,0.158104,-0.0403276,0,0,0
1007,0.000522498,0.1691,-0.0402352,0,0,0
1008,-0.000305683,0.182255,-0.0423322,0,0,0
1009,-0.00148654,0.194148,-0.0380239,0,0,0
1010,0.00316588,0.20845,-0.0461749,0,0,0
1011,0,0,0,0,0,0
1012,0,0,0,0,0,0
1013,-0.00496892,0.223552,-0.061447,0,0,0
1014,0.00165372,0.221068,-0.0295212,0,0,0
1015,0.000256273,-0.00106993,-0.00212612,0,0,0
1016,0.000634716,-0.00111515,-0.00198496,0,0,0
1017,0.000570163,-0.000682818,-0.0029253,0,0,0
1018,0.00116193,-0.000522758,-0.00287392,0,0,0
1019,0.000579876,-0.000778467,-0.00560598,0,0,0
1020,0.00134011,-0.000826678,-0.00618489,0,0,0
1021,0.000609831,-0.000925839,-0.00382822,0,0,0
1022,0.00134719,-0.000782607,-0.00888781,0,0,0
1023,0.000754454,-0.000343786,-0.0086709,0,0,0
1024,0.00118469,-0.000530137,-0.00902446,0,0,0
1025,0.000506567,-0.000492217,-0.00993122,0,0,0
1026,0.00115221,-0.000386929,-0.00984992,0,0,0
1027,0.000424635,0.000352276,-0.00885286,0,0,0
1028,0.00123695,7.13042e-006,-0.0138793,0,0,0
1029,0.000739402,0.000914408,-0.0128489,0,0,0
1030,0.000807618,0.00117699,-0.0125348,0,0,0
1031,0.000330172,0.00188768,-0.0138219,0,0,0
1032,0.000976487,0.00167519,-0.0143677,0,0,0
1033,-7.46009e-005,0.00392822,-0.011929,0,0,0
1034,0.00185278,0.00282148,-0.0177148,0,0,0
1035,0.000526684,0.00508913,-0.0158631,0,0,0
1036,0.000691153,0.00496955,-0.0168036,0,0,0
1037,0.000306784,0.00711544,-0.0175767,0,0,0
1038,0.000657749,0.00709995,-0.0167153,0,0,0
1039,0.000353732,0.00967982,-0.0180871,0,0,0
1040,0.000712098,0.0093171,-0.0184522,0,0,0
1041,0.000299374,0.0122605,-0.0194417,0,0,0
1042,0.000583677,0.0122623,-0.0190351,0,0,0
1043,0.000292619,0.0154585,-0.020113,0,0,0
1044,0.000607172,0.0151137,-0.0201717,0,0,0
1045,0.00027441,0.018778,-0.02116,0,0,0
1046,0.000530273,0.0187462,-0.0209819,0,0,0
1047,0.000255212,0.0226276,-0.021924,0,0,0
1048,0.000520896,0.0223287,-0.021851,0,0,0
1049,0.000230642,0.0266913,-0.0227484,0,0,0
1050,0.000465355,0.0266161,-0.0226667,0,0,0
1051,0.000232191,0.0312301,-0.0235132,0,0,0
1052,0.000444412,0.0309827,-0.0233936,0,0,0
1053,0.000178792,0.0360548,-0.0241871,0,0,0
1054,0.000396377,0.03594,-0.0241495,0,0,0
1055,0.000215718,0.0413093,-0.0248958,0,0,0
1056,0.000375638,0.0411084,-0.0247578,0,0,0
1057,0.000124711,0.0469215,-0.025452,0,0,0
1058,0.000324365,0.0467729,-0.0254467,0,0,0
1059,0.000204082,0.0529122,-0.0260834,0,0,0
1060,0.000316319,0.0527564,-0.0259294,0,0,0
1061,6.68626e-005,0.0593486,-0.0265268,0,0,0
1062,0.000245911,0.0591616,-0.0265559,0,0,0
1063,0.000201816,0.0660853,-0.0270788,0,0,0
1064,0.00027124,0.0659886,-0.0269047,0,0,0
1065,-2.75543e-006,0.0734024,-0.0273997,0,0,0
1066,0.000154555,0.0731512,-0.0274673,0,0,0
1067,0.000220689,0.0808728,-0.027883,0,0,0
1068,0.000247679,0.0808758,-0.0276846,0,0,0
1069,-0.000100607,0.0891576,-0.0280573,0,0,0
1070,4.25341e-005,0.0887852,-0.0281659,0,0,0
1071,0.000281823,0.0973232,-0.0284948,0,0,0
1072,0.000252516,0.097499,-0.0282729,0,0,0
1073,-0.000250778,0.106686,-0.0284966,0,0,0
1074,-9.46741e-005,0.106107,-0.028633,0,0,0
1075,0.000406301,0.11551,-0.0288805,0,0,0
1076,0.00028586,0.115942,-0.0286792,0,0,0
1077,-0.000458519,0.126025,-0.0287807,0,0,0
1078,-0.000251855,0.125185,-0.0288304,0,0,0
1079,0.000557854,0.135571,-0.0288896,0,0,0
1080,0.000336518,0.136241,-0.028961,0,0,0
1081,-0.000606536,0.147147,-0.0291394,0,0,0
1082,-0.00041838,0.146207,-0.0286068,0,0,0
1083,0.000480986,0.157726,-0.0281624,0,0,0
1084,0.000407126,0.158236,-0.0294053,0,0,0
1085,-0.000226857,0.169971,-0.0299926,0,0,0
1086,-0.000615801,0.169669,-0.027392,0,0,0
1087,-0.000491554,0.182213,-0.0262931,0,0,0
1088,0.000631065,0.181399,-0.0309467,0,0,0
1089,0.00159664,0.194492,-0.0314657,0,0,0
1090,-0.000926217,0.196469,-0.0237791,0,0,0
1091,-0.00329157,0.209075,-0.0255235,0,0,0
1092,0.000885254,0.20511,-0.0337777,0,0,0
1093,0.000277682,0.000842596,-0.00217004,0,0,0
1094,0.00058617,0.000995425,-0.00168136,0,0,0
1095,0.000541506,0.000448973,-0.00241466,0,0,0
1096,0.00127298,0.000112545,-0.00312823,0,0,0
1097,0.000684931,0.000186919,-0.00630396,0,0,0
1098,0.00133308,0.000374157,-0.00543553,0,0,0
1099,0.000669246,0.000567428,-0.00303834,0,0,0
1100,0.00143178,0.000313148,-0.00979014,0,0,0
1101,0.000722914,0.000158145,-0.00967229,0,0,0
1102,0.0014625,0.000176471,-0.00889467,0,0,0
1103,0.00069305,0.00104583,-0.0106951,0,0,0
1104,0.00127574,0.00070926,-0.0107263,0,0,0
1105,0.000549362,0.000845929,-0.00981911,0,0,0
1106,0.00144277,0.0012302,-0.0151412,0,0,0
1107,0.000724004,0.00245649,-0.0144927,0,0,0
1108,0.00122859,0.00124664,-0.0144703,0,0,0
1109,0.000569235,0.00188949,-0.0169268,0,0,0
1110,0.00109465,0.00377012,-0.0160709,0,0,0
1111,4.65151e-005,0.00708265,-0.0137672,0,0,0
1112,0.00220548,0.00163171,-0.0217519,0,0,0
1113,0.000561201,0.00499508,-0.0207052,0,0,0
1114,0.00111663,0.0064383,-0.0195544,0,0,0
1115,0.000570767,0.0084856,-0.0212992,0,0,0
1116,0.000920385,0.00766704,-0.021864,0,0,0
1117,0.000493821,0.0100926,-0.0237134,0,0,0
1118,0.00128191,0.0103294,-0.0230386,0,0,0
1119,0.000581344,0.0133441,-0.0248802,0,0,0
1120,0.000871329,0.0128354,-0.0251357,0,0,0
1121,0.00044953,0.0159755,-0.0267924,0,0,0
1122,0.00118336,0.0160829,-0.0264255,0,0,0
1123,0.00055213,0.0197074,-0.028206,0,0,0
1124,0.00085968,0.0192836,-0.028251,0,0,0
1125,0.000431923,0.0231803,-0.029844,0,0,0
1126,0.00106522,0.0232098,-0.0296703,0,0,0
1127,0.000492704,0.027504,-0.0313441,0,0,0
1128,0.000838187,0.0271655,-0.0312499,0,0,0
1129,0.000429171,0.0317956,-0.032794,0,0,0
1130,0.000952836,0.0317489,-0.0327529,0,0,0
1131,0.00042246,0.036764,-0.0343328,0,0,0
1132,0.000807969,0.0365083,-0.03414,0,0,0
1133,0.000433886,0.0418783,-0.0356149,0,0,0
1134,0.000846586,0.0417633,-0.0356772,0,0,0
1135,0.000345204,0.0475309,-0.0371827,0,0,0
1136,0.000779242,0.0473504,-0.0369108,0,0,0
1137,0.000450935,0.0534841,-0.038301,0,0,0
1138,0.000736113,0.053307,-0.0384508,0,0,0
1139,0.000251562,0.0598503,-0.0398896,0,0,0
1140,0.000766366,0.0597439,-0.0395562,0,0,0
1141,0.000494962,0.0666753,-0.0408619,0,0,0
1142,0.000606027,0.0664302,-0.0410696,0,0,0
1143,0.000122497,0.0737666,-0.0424295,0,0,0
1144,0.000786444,0.0737497,-0.0420866,0,0,0
1145,0.00058983,0.0815232,-0.0433329,0,0,0
1146,0.000438126,0.0811834,-0.0435083,0,0,0
1147,-7.07221e-005,0.0893243,-0.0447465,0,0,0
1148,0.000858879,0.0894365,-0.0445378,0,0,0
1149,0.00076852,0.0981034,-0.0457835,0,0,0
1150,0.00021192,0.0976167,-0.0457109,0,0,0
1151,-0.000362437,0.10658,-0.0467544,0,0,0
1152,0.00100517,0.106881,-0.0469813,0,0,0
1153,0.00105935,0.116476,-0.0482984,0,0,0
1154,-9.46631e-005,0.115788,-0.0475824,0,0,0
1155,-0.000760473,0.125634,-0.0483796,0,0,0
1156,0.00124559,0.126146,-0.0495215,0,0,0
1157,0.00142281,0.136649,-0.0509053,0,0,0
1158,-0.000496942,0.135816,-0.0490179,0,0,0
1159,-0.00114112,0.146664,-0.0496565,0,0,0
1160,0.00157913,0.147187,-0.0522173,0,0,0
1161,0.00160507,0.158563,-0.0534758,0,0,0
1162,-0.000962852,0.158019,-0.0500654,0,0,0
1163,-0.00107808,0.169895,-0.0507767,0,0,0
1164,0.00193845,0.169672,-0.0547904,0,0,0
1165,0.00106088,0.1822,-0.0558399,0,0,0
1166,-0.00133232,0.183076,-0.0513854,0,0,0
1167,7.42242e-005,0.195344,-0.0515646,0,0,0
1168,0.00221863,0.192967,-0.0560039,0,0,0
1169,-0.000489893,0.208176,-0.0610872,0,0,0
1170,-0.00114819,0.211608,-0.0532526,0,0,0
1171,0.00142086,-6.2118e-005,-0.00189543,0,0,0
1172,0.00167796,-0.000172132,-0.00368307,0,0,0
1173,0.00204158,-0.000368464,-0.00539493,0,0,0
1174,0.00194437,-0.000252695,-0.0092876,0,0,0
1175,0.00203122,-0.000431974,-0.00859028,0,0,0
1176,0.00176785,0.000101379,-0.0102503,0,0,0
1177,0.00186463,0.000167818,-0.0139983,0,0,0
1178,0.00179632,0.00126237,-0.0132107,0,0,0
1179,0.00124748,0.00209213,-0.0153345,0,0,0
1180,0.00321159,0.00229626,-0.018864,0,0,0
1181,0.00127882,0.00506814,-0.0184824,0,0,0
1182,0.00128308,0.0073216,-0.0187112,0,0,0
1183,0.00140669,0.00923191,-0.0207709,0,0,0
1184,0.00121007,0.0124041,-0.0217778,0,0,0
1185,0.00122894,0.0150733,-0.0231922,0,0,0
1186,0.00115472,0.0188089,-0.0244173,0,0,0
1187,0.00109655,0.0223029,-0.0256106,0,0,0
1188,0.00105448,0.026643,-0.0268115,0,0,0
1189,0.000995209,0.0309464,-0.0279082,0,0,0
1190,0.000937779,0.0359477,-0.0290362,0,0,0
1191,0.000907541,0.0410548,-0.0300446,0,0,0
1192,0.00081608,0.0467642,-0.0311037,0,0,0
1193,0.000832258,0.0526838,-0.0320142,0,0,0
1194,0.000685588,0.0591377,-0.0330063,0,0,0
1195,0.000778015,0.0658935,-0.0338206,0,0,0
1196,0.000533809,0.0731166,-0.0347317,0,0,0
1197,0.000761557,0.0807489,-0.0354692,0,0,0
1198,0.000338644,0.0887522,-0.0362678,0,0,0
1199,0.000811315,0.0973209,-0.0369596,0,0,0
1200,6.56292e-005,0.106099,-0.0376167,0,0,0
1201,0.000963119,0.115686,-0.0382649,0,0,0
1202,-0.000310068,0.125218,-0.0388122,0,0,0
1203,0.00120207,0.135924,-0.0393378,0,0,0
1204,-0.000685794,0.146181,-0.0398497,0,0,0
1205,0.00126543,0.158104,-0.0403276,0,0,0
1206,-0.000522498,0.1691,-0.0402352,0,0,0
1207,0.000305683,0.182255,-0.0423322,0,0,0
1208,0.00148654,0.194148,-0.0380239,0,0,0
1209,-0.00316588,0.20845,-0.0461749,0,0,0
1210,-0.000391409,-6.18852e-005,-0.00134901,0,0,0
1211,-0.000526816,-4.89346e-005,-0.000989735,0,0,0
1212,-0.000383131,-0.000173542,-0.00377948,0,0,0
1213,-0.00126656,-0.000220685,-0.00438397,0,0,0
1214,-0.000787962,-0.000274994,-0.00500563,0,0,0
1215,-0.00117219,-0.000190471,-0.00418802,0,0,0
1216,-0.000706037,-0.000160212,-0.0101389,0,0,0
1217,-0.00134539,-0.000385005,-0.00508145,0,0,0
1218,-0.00054154,-0.000176207,-0.0087725,0,0,0
1219,-0.00133469,-4.05098e-005,-0.00800308,0,0,0
1220,-0.000721875,0.000285549,-0.0104587,0,0,0
1221,-0.0012468,-5.30079e-005,-0.0105032,0,0,0
1222,-0.000716959,0.000571812,-0.0149569,0,0,0
1223,-0.00102337,0.0007682,-0.00925733,0,0,0
1224,-0.000322978,0.00141213,-0.013564,0,0,0
1225,-0.00128897,0.00110943,-0.0136481,0,0,0
1226,-0.000703475,0.00258247,-0.0153936,0,0,0
1227,-0.00103613,0.00226858,-0.014545,0,0,0
1228,-0.0010548,0.00240826,-0.0201273,0,0,0
1229,2.32096e-005,0.00479049,-0.0136968,0,0,0
1230,-0.000335405,0.00565124,-0.0183429,0,0,0
1231,-0.00105591,0.00530997,-0.0174056,0,0,0
1232,-0.000496419,0.00761597,-0.0193454,0,0,0
1233,-0.000960161,0.00720667,-0.0197248,0,0,0
1234,-0.000413953,0.00985529,-0.021017,0,0,0
1235,-0.000811068,0.00996678,-0.0205565,0,0,0
1236,-0.000421254,0.0127551,-0.0220703,0,0,0
1237,-0.000887439,0.0123175,-0.0221504,0,0,0
1238,-0.000407167,0.0156549,-0.0235256,0,0,0
1239,-0.000764797,0.0156975,-0.0233111,0,0,0
1240,-0.000374951,0.0192009,-0.024652,0,0,0
1241,-0.000799574,0.0188375,-0.0245934,0,0,0
1242,-0.000372843,0.0228389,-0.0259042,0,0,0
1243,-0.000710377,0.0228185,-0.0257966,0,0,0
1244,-0.00034924,0.0270543,-0.0270512,0,0,0
1245,-0.000716363,0.0267505,-0.026941,0,0,0
1246,-0.000322135,0.0314469,-0.028156,0,0,0
1247,-0.000648704,0.0313835,-0.0280951,0,0,0
1248,-0.000332784,0.0363626,-0.0292677,0,0,0
1249,-0.000640701,0.0361045,-0.0291401,0,0,0
1250,-0.000267409,0.0415286,-0.030266,0,0,0
1251,-0.0005818,0.0414354,-0.030232,0,0,0
1252,-0.000320351,0.0471743,-0.0313102,0,0,0
1253,-0.000574059,0.0469516,-0.0311764,0,0,0
1254,-0.000210315,0.0531346,-0.0322217,0,0,0
1255,-0.000510182,0.0530211,-0.0322068,0,0,0
1256,-0.000315058,0.0595416,-0.0331819,0,0,0
1257,-0.000517022,0.0593464,-0.0330485,0,0,0
1258,-0.000144149,0.0663183,-0.034015,0,0,0
1259,-0.000433157,0.0661922,-0.0340122,0,0,0
1260,-0.000327507,0.0735214,-0.0348852,0,0,0
1261,-0.00047067,0.0733463,-0.0347576,0,0,0
1262,-5.37895e-005,0.0811356,-0.0356331,0,0,0
1263,-0.0003496,0.0810043,-0.0356401,0,0,0
1264,-0.000378046,0.0891751,-0.0364298,0,0,0
1265,-0.000435409,0.0890127,-0.0363023,0,0,0
1266,8.64974e-005,0.0976464,-0.0370546,0,0,0
1267,-0.000260786,0.0975177,-0.037087,0,0,0
1268,-0.000495842,0.10657,-0.0378266,0,0,0
1269,-0.000407009,0.106411,-0.0376731,0,0,0
1270,0.000303236,0.115915,-0.0382736,0,0,0
1271,-0.000174665,0.115798,-0.0383573,0,0,0
1272,-0.000690639,0.125776,-0.0390377,0,0,0
1273,-0.000373539,0.125613,-0.0388586,0,0,0
1274,0.000564594,0.136012,-0.0393792,0,0,0
1275,-0.000102786,0.135915,-0.0394311,0,0,0
1276,-0.000846208,0.146869,-0.0398711,0,0,0
1277,-0.0003307,0.146693,-0.0399317,0,0,0
1278,0.000609211,0.158021,-0.0406578,0,0,0
1279,-2.77148e-005,0.157953,-0.0400836,0,0,0
1280,-0.000493795,0.169918,-0.0399389,0,0,0
1281,-0.000358474,0.169725,-0.0413758,0,0,0
1282,-0.000338545,0.182039,-0.0424806,0,0,0
1283,0.000159172,0.182001,-0.0393746,0,0,0
1284,0.00132695,0.195036,-0.0392689,0,0,0
1285,-0.000733361,0.194795,-0.0445668,0,0,0
1286,-0.00316152,0.207873,-0.0426089,0,0,0
1287,0.00080149,0.208343,-0.0369884,0,0,0
1288,0.000391409,-6.18852e-005,-0.00134901,0,0,0
1289,0.000526816,-4.89346e-005,-0.000989735,0,0,0
1290,0.000383131,-0.000173542,-0.00377948,0,0,0
1291,0.00126656,-0.000220685,-0.00438397,0,0,0
1292,0.000787962,-0.000274994,-0.00500563,0,0,0
1293,0.00117219,-0.000190471,-0.00418802,0,0,0
1294,0.000706037,-0.000160212,-0.0101389,0,0,0
1295,0.00134539,-0.000385005,-0.00508145,0,0,0
1296,0.00054154,-0.000176207,-0.0087725,0,0,0
1297,0.00133469,-4.05098e-005,-0.00800308,0,0,0
1298,0.000721875,0.000285549,-0.0104587,0,0,0
1299,0.0012468,-5.30079e-005,-0.0105032,0,0,0
1300,0.000716959,0.000571812,-0.0149569,0,0,0
1301,0.00102337,0.0007682,-0.00925733,0,0,0
1302,0.000322978,0.00141213,-0.013564,0,0,0
1303,0.00128897,0.00110943,-0.0136481,0,0,0
1304,0.000703475,0.00258247,-0.0153936,0,0,0
1305,0.00103613,0.00226858,-0.014545,0,0,0
1306,0.0010548,0.00240826,-0.0201273,0,0,0
1307,-2.32096e-005,0.00479049,-0.0136968,0,0,0
1308,0.000335405,0.00565124,-0.0183429,0,0,0
1309,0.00105591,0.00530997,-0.0174056,0,0,0
1310,0.000496419,0.00761597,-0.0193454,0,0,0
1311,0.000960161,0.00720667,-0.0197248,0,0,0
1312,0.000413953,0.00985529,-0.021017,0,0,0
1313,0.000811068,0.00996678,-0.0205565,0,0,0
1314,0.000421254,0.0127551,-0.0220703,0,0,0
1315,0.000887439,0.0123175,-0.0221504,0,0,0
1316,0.000407167,0.0156549,-0.0235256,0,0,0
1317,0.000764797,0.0156975,-0.0233111,0,0,0
1318,0.000374951,0.0192009,-0.024652,0,0,0
1319,0.000799574,0.0188375,-0.0245934,0,0,0
1320,0.000372843,0.0228389,-0.0259042,0,0,0
1321,0.000710377,0.0228185,-0.0257966,0,0,0
1322,0.00034924,0.0270543,-0.0270512,0,0,0
1323,0.000716363,0.0267505,-0.026941,0,0,0
1324,0.000322135,0.0314469,-0.028156,0,0,0
1325,0.000648704,0.0313835,-0.0280951,0,0,0
1326,0.000332784,0.0363626,-0.0292677,0,0,0
1327,0.000640701,0.0361045,-0.0291401,0,0,0
1328,0.000267409,0.0415286,-0.030266,0,0,0
1329,0.0005818,0.0414354,-0.030232,0,0,0
1330,0.000320351,0.0471743,-0.0313102,0,0,0
1331,0.000574059,0.0469516,-0.0311764,0,0,0
1332,0.000210315,0.0531346,-0.0322217,0,0,0
1333,0.000510182,0.0530211,-0.0322068,0,0,0
1334,0.000315058,0.0595416,-0.0331819,0,0,0
1335,0.000517022,0.0593464,-0.0330485,0,0,0
1336,0.000144149,0.0663183,-0.034015,0,0,0
1337,0.000433157,0.0661922,-0.0340122,0,0,0
1338,0.000327507,0.0735214,-0.0348852,0,0,0
1339,0.00047067,0.0733463,-0.0347576,0,0,0
1340,5.37895e-005,0.0811356,-0.0356331,0,0,0
1341,0.0003496,0.0810043,-0.0356401,0,0,0
1342,0.000378046,0.0891751,-0.0364298,0,0,0
1343,0.000435409,0.0890127,-0.0363023,0,0,0
1344,-8.64974e-005,0.0976464,-0.0370546,0,0,0
1345,0.000260786,0.0975177,-0.037087,0,0,0
1346,0.000495842,0.10657,-0.0378266,0,0,0
1347,0.000407009,0.106411,-0.0376731,0,0,0
1348,-0.000303236,0.115915,-0.0382736,0,0,0
1349,0.000174665,0.115798,-0.0383573,0,0,0
1350,0.000690639,0.125776,-0.0390377,0,0,0
1351,0.000373539,0.125613,-0.0388586,0,0,0
1352,-0.000564594,0.136012,-0.0393792,0,0,0
1353,0.000102786,0.135915,-0.0394311,0,0,0
1354,0.000846208,0.146869,-0.0398711,0,0,0
1355,0.0003307,0.146693,-0.0399317,0,0,0
1356,-0.000609211,0.158021,-0.0406578,0,0,0
1357,2.77148e-005,0.157953,-0.0400836,0,0,0
1358,0.000493795,0.169918,-0.0399389,0,0,0
1359,0.000358474,0.169725,-0.0413758,0,0,0
1360,0.000338545,0.182039,-0.0424806,0,0,0
1361,-0.000159172,0.182001,-0.0393746,0,0,0
1362,-0.00132695,0.195036,-0.0392689,0,0,0
1363,0.000733361,0.194795,-0.0445668,0,0,0
1364,0.00316152,0.207873,-0.0426089,0,0,0
1365,-0.00080149,0.208343,-0.0369884,0,0,0
1366,0,0,0,0,0,0
1367,0,0,0,0,0,0
1368,0,0,0,0,0,0
1369,0,0,0,0,0,0
1370,-5.75838e-014,-0.237581,-0.123455,0,0,0
1371,0.00719716,-0.226752,-0.0381259,0,0,0
1372,0.00390748,-0.216488,-0.0192726,0,0,0
1373,-2.07272e-013,-0.211558,-0.0797384,0,0,0
1374,0,0,0,0,0,0
1375,0,0,0,0,0,0
1376,-0.00390748,-0.216488,-0.0192726,0,0,0
1377,-0.00719716,-0.226752,-0.0381259,0,0,0
1378,0,0,0,0,0,0
1379,0,0,0,0,0,0
1380,0,0,0,0,0,0
1381,0,0,0,0,0,0
1382,0,0,0,0,0,0
1383,0,0,0,0,0,0
1384,-1.34785e-013,-0.221127,0.012766,0,0,0
1385,-0.000751889,-0.218081,-0.0735702,0,0,0
1386,-0.00265756,-0.221749,-0.0280009,0,0,0
1387,-0.00395704,-0.22167,-0.0514905,0,0,0
1388,-0.00448319,-0.220811,-0.00959596,0,0,0
1389,0.00233247,-0.226513,-0.0382041,0,0,0
1390,-0.00148612,0.000856212,-0.00236151,0,0,0
1391,-0.00168955,0.000670714,-0.00346105,0,0,0
1392,-0.00190587,0.000672925,-0.00511384,0,0,0
1393,-0.00185375,0.000941278,-0.00416144,0,0,0
1394,-0.001728,0.000757277,-0.0081415,0,0,0
1395,-0.00174644,0.000589854,-0.00936594,0,0,0
1396,-0.00142796,-0.000197127,-0.00880037,0,0,0
1397,-0.00139271,-0.000175171,-0.0123394,0,0,0
1398,-0.00160995,-0.00204558,-0.0130238,0,0,0
1399,0.000390866,-0.00337217,-0.0122735,0,0,0
1400,-0.00128522,-0.00470816,-0.0150428,0,0,0
1401,-0.00115551,-0.00665819,-0.0175241,0,0,0
1402,-0.000922538,-0.00921993,-0.0177054,0,0,0
1403,-0.000956527,-0.0117281,-0.0191518,0,0,0
1404,-0.000885415,-0.0150541,-0.0198957,0,0,0
1405,-0.000798208,-0.018224,-0.0208648,0,0,0
1406,-0.000791282,-0.022229,-0.0217163,0,0,0
1407,-0.000692042,-0.0261668,-0.0225031,0,0,0
1408,-0.000670483,-0.0308194,-0.0233036,0,0,0
1409,-0.000603593,-0.0355668,-0.0239793,0,0,0
1410,-0.000546879,-0.040894,-0.0247033,0,0,0
1411,-0.000523395,-0.0464616,-0.025265,0,0,0
1412,-0.000419791,-0.0525024,-0.025919,0,0,0
1413,-0.000460175,-0.0589092,-0.0263545,0,0,0
1414,-0.000274189,-0.0656873,-0.0269407,0,0,0
1415,-0.000434134,-0.0729793,-0.0272511,0,0,0
1416,-8.36869e-005,-0.0804885,-0.0277505,0,0,0
1417,-0.000478756,-0.0887543,-0.0279628,0,0,0
1418,0.000193778,-0.0969385,-0.0283279,0,0,0
1419,-0.000644113,-0.106335,-0.0284929,0,0,0
1420,0.000611446,-0.115065,-0.0286635,0,0,0
1421,-0.000971384,-0.12582,-0.0288295,0,0,0
1422,0.00116769,-0.13495,-0.0287432,0,0,0
1423,-0.00135759,-0.147182,-0.0290314,0,0,0
1424,0.00156815,-0.15694,-0.0283338,0,0,0
1425,-0.00122175,-0.169981,-0.029662,0,0,0
1426,0.000777836,-0.181957,-0.0262786,0,0,0
1427,0.000789546,-0.19328,-0.0323927,0,0,0
1428,-0.00240417,-0.211223,-0.0216501,0,0,0
1429,-2.03881e-013,-0.218388,-0.00892758,0,0,0
1430,-1.98031e-013,-0.187293,-0.03635,0,0,0
1431,-1.93879e-013,-0.187244,-0.0261399,0,0,0
1432,-1.86508e-013,-0.166783,-0.0282544,0,0,0
1433,-1.82896e-013,-0.15978,-0.0303758,0,0,0
1434,-1.74143e-013,-0.145952,-0.0271874,0,0,0
1435,-1.69834e-013,-0.136395,-0.030368,0,0,0
1436,-1.61692e-013,-0.125551,-0.0278307,0,0,0
1437,-1.54695e-013,-0.115931,-0.0294448,0,0,0
1438,-1.47477e-013,-0.106441,-0.0282564,0,0,0
1439,-1.40345e-013,-0.0976108,-0.0285765,0,0,0
1440,-1.33128e-013,-0.0890036,-0.0281184,0,0,0
1441,-1.26367e-013,-0.0810969,-0.0278048,0,0,0
1442,-1.18728e-013,-0.0733029,-0.0275344,0,0,0
1443,-1.12516e-013,-0.0662677,-0.026988,0,0,0
1444,-1.05514e-013,-0.0592865,-0.0266479,0,0,0
1445,-9.86196e-014,-0.0530689,-0.0260275,0,0,0
1446,-9.22244e-014,-0.0468812,-0.0255353,0,0,0
1447,-8.57919e-014,-0.0414544,-0.0248885,0,0,0
1448,-7.95075e-014,-0.036025,-0.0242209,0,0,0
1449,-7.3051e-014,-0.0313695,-0.0235699,0,0,0
1450,-6.72271e-014,-0.026675,-0.0227123,0,0,0
1451,-6.14056e-014,-0.0227437,-0.0220648,0,0,0
1452,-5.62268e-014,-0.0188118,-0.021048,0,0,0
1453,-5.04983e-014,-0.0154898,-0.0203067,0,0,0
1454,-4.58007e-014,-0.012424,-0.019359,0,0,0
1455,-4.06456e-014,-0.00955471,-0.0181226,0,0,0
1456,-3.63149e-014,-0.00736782,-0.0178544,0,0,0
1457,-3.08409e-014,-0.00522273,-0.0153762,0,0,0
1458,-2.97337e-014,-0.00242817,-0.0198785,0,0,0
1459,-2.24208e-014,-0.00291119,-0.0131205,0,0,0
1460,-1.97186e-014,-0.000199688,-0.0132647,0,0,0
1461,-1.58628e-014,-0.00063755,-0.0142096,0,0,0
1462,-1.21428e-014,0.000130484,-0.0101636,0,0,0
1463,-1.04659e-014,0.000775293,-0.00826546,0,0,0
1464,-3.43402e-015,0.000740519,-0.0102999,0,0,0
1465,-5.28508e-015,0.000478377,-0.00487656,0,0,0
1466,-1.95232e-015,0.0010282,-0.00357462,0,0,0
1467,-1.19538e-015,0.000826098,-0.00178398,0,0,0
1468,-0.00697073,-0.203502,-0.0553961,0,0,0
1469,0.0039768,-0.197604,-0.0525096,0,0,0
1470,-0.00362944,-0.180454,-0.0560004,0,0,0
1471,0.00146053,-0.170341,-0.0501648,0,0,0
1472,-0.00197162,-0.157782,-0.0537678,0,0,0
1473,0.000337697,-0.146629,-0.0493163,0,0,0
1474,-0.00142469,-0.136041,-0.0508577,0,0,0
1475,-0.000130572,-0.125496,-0.0482155,0,0,0
1476,-0.00123986,-0.115919,-0.0481598,0,0,0
1477,-0.000429919,-0.106352,-0.0465679,0,0,0
1478,-0.00113988,-0.097616,-0.0456639,0,0,0
1479,-0.000683147,-0.0889973,-0.044505,0,0,0
1480,-0.00108593,-0.0810939,-0.0432163,0,0,0
1481,-0.00089549,-0.073367,-0.0421656,0,0,0
1482,-0.0010809,-0.0662722,-0.0407143,0,0,0
1483,-0.00106779,-0.0594086,-0.0396261,0,0,0
1484,-0.00111767,-0.0530824,-0.0381099,0,0,0
1485,-0.00121225,-0.0470653,-0.0369204,0,0,0
1486,-0.00118097,-0.0414669,-0.0353857,0,0,0
1487,-0.00134535,-0.0362801,-0.034059,0,0,0
1488,-0.00125323,-0.0313751,-0.0325428,0,0,0
1489,-0.00148503,-0.0269963,-0.031038,0,0,0
1490,-0.00131215,-0.022768,-0.0295906,0,0,0
1491,-0.00165441,-0.0191478,-0.0278548,0,0,0
1492,-0.0013248,-0.0156287,-0.0265201,0,0,0
1493,-0.00187527,-0.0126623,-0.0245406,0,0,0
1494,-0.00128536,-0.00992249,-0.0232583,0,0,0
1495,-0.00202171,-0.0076374,-0.0211592,0,0,0
1496,-0.00177467,-0.00504005,-0.0196282,0,0,0
1497,8.77501e-006,-0.00638946,-0.0143631,0,0,0
1498,-0.00247832,-0.00147479,-0.0159631,0,0,0
1499,-0.00153154,-0.00231267,-0.013825,0,0,0
1500,-0.00189117,-0.000634855,-0.010025,0,0,0
1501,-0.0023038,-0.000403667,-0.00991583,0,0,0
1502,-0.00175203,-0.000337502,-0.00902458,0,0,0
1503,-0.00210652,-0.000203607,-0.00355696,0,0,0
1504,-0.00216058,2.23717e-005,-0.00568267,0,0,0
1505,-0.00151245,-0.000413552,-0.00290072,0,0,0
1506,-0.00161543,-0.000618102,-0.00242646,0,0,0
1507,6.79074e-016,-0.000786046,-0.00153583,0,0,0
1508,2.27711e-015,-0.000465405,-0.0038091,0,0,0
1509,9.60242e-016,-0.000287077,-0.00429164,0,0,0
1510,7.72076e-015,-9.52048e-005,-0.0120218,0,0,0
1511,2.46098e-015,-0.00101142,-0.00831332,0,0,0
1512,5.11216e-015,-0.000151795,-0.0110366,0,0,0
1513,4.99795e-015,-0.0015805,-0.0163347,0,0,0
1514,4.89862e-015,-0.0015415,-0.0151614,0,0,0
1515,6.76016e-015,-0.00394296,-0.0149131,0,0,0
1516,6.67925e-015,-0.00769556,-0.0182232,0,0,0
1517,4.72387e-015,-0.00691918,-0.0230901,0,0,0
1518,5.2771e-015,-0.0113366,-0.0226924,0,0,0
1519,4.13504e-015,-0.0124952,-0.025518,0,0,0
1520,4.16227e-015,-0.0167343,-0.026539,0,0,0
1521,2.76933e-015,-0.0192253,-0.0283525,0,0,0
1522,2.34793e-015,-0.0236598,-0.0298741,0,0,0
1523,1.0971e-015,-0.0272327,-0.0313172,0,0,0
1524,1.56945e-016,-0.0321101,-0.0329287,0,0,0
1525,-1.43624e-015,-0.036621,-0.0342236,0,0,0
1526,-2.66598e-015,-0.0420837,-0.0358166,0,0,0
1527,-4.34518e-015,-0.0474788,-0.0370025,0,0,0
1528,-5.73503e-015,-0.0536042,-0.0385686,0,0,0
1529,-7.71532e-015,-0.0598743,-0.03964,0,0,0
1530,-9.8688e-015,-0.0667188,-0.0411866,0,0,0
1531,-1.10537e-014,-0.0738617,-0.0421314,0,0,0
1532,-1.40473e-014,-0.0814923,-0.0436795,0,0,0
1533,-1.57958e-014,-0.0894918,-0.0444516,0,0,0
1534,-1.84923e-014,-0.0979899,-0.0460837,0,0,0
1535,-2.06847e-014,-0.106844,-0.046551,0,0,0
1536,-2.33196e-014,-0.11622,-0.0484309,0,0,0
1537,-2.61653e-014,-0.126127,-0.0484612,0,0,0
1538,-3.02007e-014,-0.135984,-0.0505124,0,0,0
1539,-3.08313e-014,-0.147877,-0.0507312,0,0,0
1540,-3.65976e-014,-0.156651,-0.0511569,0,0,0
1541,-3.91145e-014,-0.173144,-0.0554951,0,0,0
1542,-4.39367e-014,-0.17716,-0.0468333,0,0,0
1543,-4.85659e-014,-0.203041,-0.0683674,0,0,0
1544,-5.25606e-014,-0.197243,-0.0283635,0,0,0
1545,0,0,0,0,0,0
1546,0,0,0,0,0,0
1547,0,0,0,0,0,0
1548,0,0,0,0,0,0
1549,0,0,0,0,0,0
1550,-0.00233247,-0.226513,-0.0382041,0,0,0
1551,0.00448319,-0.220811,-0.00959596,0,0,0
1552,0.00395704,-0.22167,-0.0514905,0,0,0
1553,0.00265756,-0.221749,-0.0280009,0,0,0
1554,0.000751889,-0.218081,-0.0735702,0,0,0
1555,0.00161543,-0.000618102,-0.00242646,0,0,0
1556,0.00151245,-0.000413552,-0.00290072,0,0,0
1557,0.00216058,2.23717e-005,-0.00568267,0,0,0
1558,0.00210652,-0.000203607,-0.00355696,0,0,0
1559,0.00175203,-0.000337502,-0.00902458,0,0,0
1560,0.0023038,-0.000403667,-0.00991583,0,0,0
1561,0.00189117,-0.000634855,-0.010025,0,0,0
1562,0.00153154,-0.00231267,-0.013825,0,0,0
1563,0.00247832,-0.00147479,-0.0159631,0,0,0
1564,-8.77501e-006,-0.00638946,-0.0143631,0,0,0
1565,0.00177467,-0.00504005,-0.0196282,0,0,0
1566,0.00202171,-0.0076374,-0.0211592,0,0,0
1567,0.00128536,-0.00992249,-0.0232583,0,0,0
1568,0.00187527,-0.0126623,-0.0245406,0,0,0
1569,0.0013248,-0.0156287,-0.0265201,0,0,0
1570,0.00165441,-0.0191478,-0.0278548,0,0,0
1571,0.00131215,-0.022768,-0.0295906,0,0,0
1572,0.00148503,-0.0269963,-0.031038,0,0,0
1573,0.00125323,-0.0313751,-0.0325428,0,0,0
1574,0.00134535,-0.0362801,-0.034059,0,0,0
1575,0.00118097,-0.0414669,-0.0353857,0,0,0
1576,0.00121225,-0.0470653,-0.0369204,0,0,0
1577,0.00111767,-0.0530824,-0.0381099,0,0,0
1578,0.00106779,-0.0594086,-0.0396261,0,0,0
1579,0.0010809,-0.0662722,-0.0407143,0,0,0
1580,0.00089549,-0.073367,-0.0421656,0,0,0
1581,0.00108593,-0.0810939,-0.0432163,0,0,0
1582,0.000683147,-0.0889973,-0.044505,0,0,0
1583,0.00113988,-0.097616,-0.0456639,0,0,0
1584,0.000429919,-0.106352,-0.0465679,0,0,0
1585,0.00123986,-0.115919,-0.0481598,0,0,0
1586,0.000130572,-0.125496,-0.0482155,0,0,0
1587,0.00142469,-0.136041,-0.0508577,0,0,0
1588,-0.000337697,-0.146629,-0.0493163,0,0,0
1589,0.00197162,-0.157782,-0.0537678,0,0,0
1590,-0.00146053,-0.170341,-0.0501648,0,0,0
1591,0.00362944,-0.180454,-0.0560004,0,0,0
1592,-0.0039768,-0.197604,-0.0525096,0,0,0
1593,0.00697073,-0.203502,-0.0553961,0,0,0
1594,0.00240417,-0.211223,-0.0216501,0,0,0
1595,-0.000789546,-0.19328,-0.0323927,0,0,0
1596,-0.000777836,-0.181957,-0.0262786,0,0,0
1597,0.00122175,-0.169981,-0.029662,0,0,0
1598,-0.00156815,-0.15694,-0.0283338,0,0,0
1599,0.00135759,-0.147182,-0.0290314,0,0,0
1600,-0.00116769,-0.13495,-0.0287432,0,0,0
1601,0.000971384,-0.12582,-0.0288295,0,0,0
1602,-0.000611446,-0.115065,-0.0286635,0,0,0
1603,0.000644113,-0.106335,-0.0284929,0,0,0
1604,-0.000193778,-0.0969385,-0.0283279,0,0,0
1605,0.000478756,-0.0887543,-0.0279628,0,0,0
1606,8.36869e-005,-0.0804885,-0.0277505,0,0,0
1607,0.000434134,-0.0729793,-0.0272511,0,0,0
1608,0.000274189,-0.0656873,-0.0269407,0,0,0
1609,0.000460175,-0.0589092,-0.0263545,0,0,0
1610,0.000419791,-0.0525024,-0.025919,0,0,0
1611,0.000523395,-0.0464616,-0.025265,0,0,0
1612,0.000546879,-0.040894,-0.0247033,0,0,0
1613,0.000603593,-0.0355668,-0.0239793,0,0,0
1614,0.000670483,-0.0308194,-0.0233036,0,0,0
1615,0.000692042,-0.0261668,-0.0225031,0,0,0
1616,0.000791282,-0.022229,-0.0217163,0,0,0
1617,0.000798208,-0.018224,-0.0208648,0,0,0
1618,0.000885415,-0.0150541,-0.0198957,0,0,0
1619,0.000956527,-0.0117281,-0.0191518,0,0,0
1620,0.000922538,-0.00921993,-0.0177054,0,0,0
1621,0.00115551,-0.00665819,-0.0175241,0,0,0
1622,0.00128522,-0.00470816,-0.0150428,0,0,0
1623,-0.000390866,-0.00337217,-0.0122735,0,0,0
1624,0.00160995,-0.00204558,-0.0130238,0,0,0
1625,0.00139271,-0.000175171,-0.0123394,0,0,0
1626,0.00142796,-0.000197127,-0.00880037,0,0,0
1627,0.00174644,0.000589854,-0.00936594,0,0,0
1628,0.001728,0.000757277,-0.0081415,0,0,0
1629,0.00185375,0.000941278,-0.00416144,0,0,0
1630,0.00190587,0.000672925,-0.00511384,0,0,0
1631,0.00168955,0.000670714,-0.00346105,0,0,0
1632,0.00148612,0.000856212,-0.00236151,0,0,0
1633,0,0,0,0,0,0
1634,0,0,0,0,0,0
1635,0.00496892,-0.223552,-0.061447,0,0,0
1636,-0.00165372,-0.221068,-0.0295212,0,0,0
1637,-0.000256273,0.00106993,-0.00212612,0,0,0
1638,-0.000634716,0.00111515,-0.00198496,0,0,0
1639,-0.000570163,0.000682818,-0.0029253,0,0,0
1640,-0.00116193,0.000522758,-0.00287392,0,0,0
1641,-0.000579876,0.000778467,-0.00560598,0,0,0
1642,-0.00134011,0.000826678,-0.00618489,0,0,0
1643,-0.000609831,0.000925839,-0.00382822,0,0,0
1644,-0.00134719,0.000782607,-0.00888781,0,0,0
1645,-0.000754454,0.000343786,-0.0086709,0,0,0
1646,-0.00118469,0.000530137,-0.00902446,0,0,0
1647,-0.000506567,0.000492217,-0.00993122,0,0,0
1648,-0.00115221,0.000386929,-0.00984992,0,0,0
1649,-0.000424635,-0.000352276,-0.00885286,0,0,0
1650,-0.00123695,-7.13042e-006,-0.0138793,0,0,0
1651,-0.000739402,-0.000914408,-0.0128489,0,0,0
1652,-0.000807618,-0.00117699,-0.0125348,0,0,0
1653,-0.000330172,-0.00188768,-0.0138219,0,0,0
1654,-0.000976487,-0.00167519,-0.0143677,0,0,0
1655,7.46009e-005,-0.00392822,-0.011929,0,0,0
1656,-0.00185278,-0.00282148,-0.0177148,0,0,0
1657,-0.000526684,-0.00508913,-0.0158631,0,0,0
1658,-0.000691153,-0.00496955,-0.0168036,0,0,0
1659,-0.000306784,-0.00711544,-0.0175767,0,0,0
1660,-0.000657749,-0.00709995,-0.0167153,0,0,0
1661,-0.000353732,-0.00967982,-0.0180871,0,0,0
1662,-0.000712098,-0.0093171,-0.0184522,0,0,0
1663,-0.000299374,-0.0122605,-0.0194417,0,0,0
1664,-0.000583677,-0.0122623,-0.0190351,0,0,0
1665,-0.000292619,-0.0154585,-0.020113,0,0,0
1666,-0.000607172,-0.0151137,-0.0201717,0,0,0
1667,-0.00027441,-0.018778,-0.02116,0,0,0
1668,-0.000530273,-0.0187462,-0.0209819,0,0,0
1669,-0.000255212,-0.0226276,-0.021924,0,0,0
1670,-0.000520896,-0.0223287,-0.021851,0,0,0
1671,-0.000230642,-0.0266913,-0.0227484,0,0,0
1672,-0.000465355,-0.0266161,-0.0226667,0,0,0
1673,-0.000232191,-0.0312301,-0.0235132,0,0,0
1674,-0.000444412,-0.0309827,-0.0233936,0,0,0
1675,-0.000178792,-0.0360548,-0.0241871,0,0,0
1676,-0.000396377,-0.03594,-0.0241495,0,0,0
1677,-0.000215718,-0.0413093,-0.0248958,0,0,0
1678,-0.000375638,-0.0411084,-0.0247578,0,0,0
1679,-0.000124711,-0.0469215,-0.025452,0,0,0
1680,-0.000324365,-0.0467729,-0.0254467,0,0,0
1681,-0.000204082,-0.0529122,-0.0260834,0,0,0
1682,-0.000316319,-0.0527564,-0.0259294,0,0,0
1683,-6.68626e-005,-0.0593486,-0.0265268,0,0,0
1684,-0.000245911,-0.0591616,-0.0265559,0,0,0
1685,-0.000201816,-0.0660853,-0.0270788,0,0,0
1686,-0.00027124,-0.0659886,-0.0269047,0,0,0
1687,2.75543e-006,-0.0734024,-0.0273997,0,0,0
1688,-0.000154555,-0.0731512,-0.0274673,0,0,0
1689,-0.000220689,-0.0808728,-0.027883,0,0,0
1690,-0.000247679,-0.0808758,-0.0276846,0,0,0
1691,0.000100607,-0.0891576,-0.0280573,0,0,0
1692,-4.25341e-005,-0.0887852,-0.0281659,0,0,0
1693,-0.000281823,-0.0973232,-0.0284948,0,0,0
1694,-0.000252516,-0.097499,-0.0282729,0,0,0
1695,0.000250778,-0.106686,-0.0284966,0,0,0
1696,9.46741e-005,-0.106107,-0.028633,0,0,0
1697,-0.000406301,-0.11551,-0.0288805,0,0,0
1698,-0.00028586,-0.115942,-0.0286792,0,0,0
1699,0.000458519,-0.126025,-0.0287807,0,0,0
1700,0.000251855,-0.125185,-0.0288304,0,0,0
1701,-0.000557854,-0.135571,-0.0288896,0,0,0
1702,-0.000336518,-0.136241,-0.028961,0,0,0
1703,0.000606536,-0.147147,-0.0291394,0,0,0
1704,0.00041838,-0.146207,-0.0286068,0,0,0
1705,-0.000480986,-0.157726,-0.0281624,0,0,0
1706,-0.000407126,-0.158236,-0.0294053,0,0,0
1707,0.000226857,-0.169971,-0.0299926,0,0,0
1708,0.000615801,-0.169669,-0.027392,0,0,0
1709,0.000491554,-0.182213,-0.0262931,0,0,0
1710,-0.000631065,-0.181399,-0.0309467,0,0,0
1711,-0.00159664,-0.194492,-0.0314657,0,0,0
1712,0.000926217,-0.196469,-0.0237791,0,0,0
1713,0.00329157,-0.209075,-0.0255235,0,0,0
1714,-0.000885254,-0.20511,-0.0337777,0,0,0
1715,-0.000277682,-0.000842596,-0.00217004,0,0,0
1716,-0.00058617,-0.000995425,-0.00168136,0,0,0
1717,-0.000541506,-0.000448973,-0.00241466,0,0,0
1718,-0.00127298,-0.000112545,-0.00312823,0,0,0
1719,-0.000684931,-0.000186919,-0.00630396,0,0,0
1720,-0.00133308,-0.000374157,-0.00543553,0,0,0
1721,-0.000669246,-0.000567428,-0.00303834,0,0,0
1722,-0.00143178,-0.000313148,-0.00979014,0,0,0
1723,-0.000722914,-0.000158145,-0.00967229,0,0,0
1724,-0.0014625,-0.000176471,-0.00889467,0,0,0
1725,-0.00069305,-0.00104583,-0.0106951,0,0,0
1726,-0.00127574,-0.00070926,-0.0107263,0,0,0
1727,-0.000549362,-0.000845929,-0.00981911,0,0,0
1728,-0.00144277,-0.0012302,-0.0151412,0,0,0
1729,-0.000724004,-0.00245649,-0.0144927,0,0,0
1730,-0.00122859,-0.00124664,-0.0144703,0,0,0
1731,-0.000569235,-0.00188949,-0.0169268,0,0,0
1732,-0.00109465,-0.00377012,-0.0160709,0,0,0
1733,-4.65151e-005,-0.00708265,-0.0137672,0,0,0
1734,-0.00220548,-0.00163171,-0.0217519,0,0,0
1735,-0.000561201,-0.00499508,-0.0207052,0,0,0
1736,-0.00111663,-0.0064383,-0.0195544,0,0,0
1737,-0.000570767,-0.0084856,-0.0212992,0,0,0
1738,-0.000920385,-0.00766704,-0.021864,0,0,0
1739,-0.000493821,-0.0100926,-0.0237134,0,0,0
1740,-0.00128191,-0.0103294,-0.0230386,0,0,0
1741,-0.000581344,-0.0133441,-0.0248802,0,0,0
1742,-0.000871329,-0.0128354,-0.0251357,0,0,0
1743,-0.00044953,-0.0159755,-0.0267924,0,0,0
1744,-0.00118336,-0.0160829,-0.0264255,0,0,0
1745,-0.00055213,-0.0197074,-0.028206,0,0,0
1746,-0.00085968,-0.0192836,-0.028251,0,0,0
1747,-0.000431923,-0.0231803,-0.029844,0,0,0
1748,-0.00106522,-0.0232098,-0.0296703,0,0,0
1749,-0.000492704,-0.027504,-0.0313441,0,0,0
1750,-0.000838187,-0.0271655,-0.0312499,0,0,0
1751,-0.000429171,-0.0317956,-0.032794,0,0,0
1752,-0.000952836,-0.0317489,-0.0327529,0,0,0
1753,-0.00042246,-0.036764,-0.0343328,0,0,0
1754,-0.000807969,-0.0365083,-0.03414,0,0,0
1755,-0.000433886,-0.0418783,-0.0356149,0,0,0
1756,-0.000846586,-0.0417633,-0.0356772,0,0,0
1757,-0.000345204,-0.0475309,-0.0371827,0,0,0
1758,-0.000779242,-0.0473504,-0.0369108,0,0,0
1759,-0.000450935,-0.0534841,-0.038301,0,0,0
1760,-0.000736113,-0.053307,-0.0384508,0,0,0
1761,-0.000251562,-0.0598503,-0.0398896,0,0,0
1762,-0.000766366,-0.0597439,-0.0395562,0,0,0
1763,-0.000494962,-0.0666753,-0.0408619,0,0,0
1764,-0.000606027,-0.0664302,-0.0410696,0,0,0
1765,-0.000122497,-0.0737666,-0.0424295,0,0,0
1766,-0.000786444,-0.0737497,-0.0420866,0,0,0
1767,-0.00058983,-0.0815232,-0.0433329,0,0,0
1768,-0.000438126,-0.0811834,-0.0435083,0,0,0
1769,7.07221e-005,-0.0893243,-0.0447465,0,0,0
1770,-0.000858879,-0.0894365,-0.0445378,0,0,0
1771,-0.00076852,-0.0981034,-0.0457835,0,0,0
1772,-0.00021192,-0.0976167,-0.0457109,0,0,0
1773,0.000362437,-0.10658,-0.0467544,0,0,0
1774,-0.00100517,-0.106881,-0.0469813,0,0,0
1775,-0.00105935,-0.116476,-0.0482984,0,0,0
1776,9.46631e-005,-0.115788,-0.0475824,0,0,0
1777,0.000760473,-0.125634,-0.0483796,0,0,0
1778,-0.00124559,-0.126146,-0.0495215,0,0,0
1779,-0.00142281,-0.136649,-0.0509053,0,0,0
1780,0.000496942,-0.135816,-0.0490179,0,0,0
1781,0.00114112,-0.146664,-0.0496565,0,0,0
1782,-0.00157913,-0.147187,-0.0522173,0,0,0
1783,-0.00160507,-0.158563,-0.0534758,0,0,0
1784,0.000962852,-0.158019,-0.0500654,0,0,0
1785,0.00107808,-0.169895,-0.0507767,0,0,0
1786,-0.00193845,-0.169672,-0.0547904,0,0,0
1787,-0.00106088,-0.1822,-0.0558399,0,0,0
1788,0.00133232,-0.183076,-0.0513854,0,0,0
1789,-7.42242e-005,-0.195344,-0.0515646,0,0,0
1790,-0.00221863,-0.192967,-0.0560039,0,0,0
1791,0.000489893,-0.208176,-0.0610872,0,0,0
1792,0.00114819,-0.211608,-0.0532526,0,0,0
1793,1.46067e-016,8.80123e-005,-0.00129308,0,0,0
1794,-8.3994e-016,0.000129075,-0.00363061,0,0,0
1795,2.69504e-016,0.000351525,-0.00548632,0,0,0
1796,-5.23666e-015,0.000180025,-0.00360372,0,0,0
1797,-1.46715e-015,5.95038e-005,-0.00908015,0,0,0
1798,-4.31932e-015,-0.000249933,-0.0107395,0,0,0
1799,-5.34013e-015,-0.000536768,-0.0090952,0,0,0
1800,-6.68584e-015,-0.00178148,-0.0135333,0,0,0
1801,-9.80394e-015,-0.00171342,-0.0163955,0,0,0
1802,-8.23874e-015,-0.00544123,-0.0116872,0,0,0
1803,-1.39009e-014,-0.00500616,-0.0192962,0,0,0
1804,-1.51052e-014,-0.00786851,-0.0189337,0,0,0
1805,-1.80623e-014,-0.00982241,-0.0212109,0,0,0
1806,-2.05303e-014,-0.0128789,-0.0221361,0,0,0
1807,-2.37281e-014,-0.0156604,-0.0234628,0,0,0
1808,-2.64503e-014,-0.0193069,-0.0247964,0,0,0
1809,-2.9932e-014,-0.0228555,-0.0258494,0,0,0
1810,-3.32435e-014,-0.0271509,-0.0271378,0,0,0
1811,-3.68359e-014,-0.031467,-0.0281645,0,0,0
1812,-4.03407e-014,-0.0364558,-0.0292899,0,0,0
1813,-4.40774e-014,-0.0415461,-0.0303231,0,0,0
1814,-4.81927e-014,-0.0472686,-0.0312893,0,0,0
1815,-5.23408e-014,-0.053146,-0.0323063,0,0,0
1816,-5.65416e-014,-0.0596387,-0.0331386,0,0,0
1817,-6.05776e-014,-0.0663239,-0.0341038,0,0,0
1818,-6.60961e-014,-0.0736186,-0.0348519,0,0,0
1819,-6.98131e-014,-0.0811408,-0.035675,0,0,0
1820,-7.49843e-014,-0.089264,-0.0364897,0,0,0
1821,-7.93958e-014,-0.0976628,-0.0369193,0,0,0
1822,-8.4353e-014,-0.106635,-0.0381737,0,0,0
1823,-8.89949e-014,-0.115961,-0.0376943,0,0,0
1824,-9.3955e-014,-0.125797,-0.0399995,0,0,0
1825,-9.74291e-014,-0.136109,-0.0380308,0,0,0
1826,-1.05271e-013,-0.146829,-0.0416077,0,0,0
1827,-1.07612e-013,-0.158175,-0.0388717,0,0,0
1828,-1.14673e-013,-0.169827,-0.0410416,0,0,0
1829,-1.18248e-013,-0.182234,-0.043677,0,0,0
1830,-1.24149e-013,-0.194815,-0.0328846,0,0,0
1831,-1.28763e-013,-0.208554,-0.0618048,0,0,0
1832,-0.00142086,6.2118e-005,-0.00189543,0,0,0
1833,-0.00167796,0.000172132,-0.00368307,0,0,0
1834,-0.00204158,0.000368464,-0.00539493,0,0,0
1835,-0.00194437,0.000252695,-0.0092876,0,0,0
1836,-0.00203122,0.000431974,-0.00859028,0,0,0
1837,-0.00176785,-0.000101379,-0.0102503,0,0,0
1838,-0.00186463,-0.000167818,-0.0139983,0,0,0
1839,-0.00179632,-0.00126237,-0.0132107,0,0,0
1840,-0.00124748,-0.00209213,-0.0153345,0,0,0
1841,-0.00321159,-0.00229626,-0.018864,0,0,0
1842,-0.00127882,-0.00506814,-0.0184824,0,0,0
1843,-0.00128308,-0.0073216,-0.0187112,0,0,0
1844,-0.00140669,-0.00923191,-0.0207709,0,0,0
1845,-0.00121007,-0.0124041,-0.0217778,0,0,0
1846,-0.00122894,-0.0150733,-0.0231922,0,0,0
1847,-0.00115472,-0.0188089,-0.0244173,0,0,0
1848,-0.00109655,-0.0223029,-0.0256106,0,0,0
1849,-0.00105448,-0.026643,-0.0268115,0,0,0
1850,-0.000995209,-0.0309464,-0.0279082,0,0,0
1851,-0.000937779,-0.0359477,-0.0290362,0,0,0
1852,-0.000907541,-0.0410548,-0.0300446,0,0,0
1853,-0.00081608,-0.0467642,-0.0311037,0,0,0
1854,-0.000832258,-0.0526838,-0.0320142,0,0,0
1855,-0.000685588,-0.0591377,-0.0330063,0,0,0
1856,-0.000778015,-0.0658935,-0.0338206,0,0,0
1857,-0.000533809,-0.0731166,-0.0347317,0,0,0
1858,-0.000761557,-0.0807489,-0.0354692,0,0,0
1859,-0.000338644,-0.0887522,-0.0362678,0,0,0
1860,-0.000811315,-0.0973209,-0.0369596,0,0,0
1861,-6.56292e-005,-0.106099,-0.0376167,0,0,0
1862,-0.000963119,-0.115686,-0.0382649,0,0,0
1863,0.000310068,-0.125218,-0.0388122,0,0,0
1864,-0.00120207,-0.135924,-0.0393378,0,0,0
1865,0.000685794,-0.146181,-0.0398497,0,0,0
1866,-0.00126543,-0.158104,-0.0403276,0,0,0
1867,0.000522498,-0.1691,-0.0402352,0,0,0
1868,-0.000305683,-0.182255,-0.0423322,0,0,0
1869,-0.00148654,-0.194148,-0.0380239,0,0,0
1870,0.00316588,-0.20845,-0.0461749,0,0,0
1871,0,0,0,0,0,0
1872,0,0,0,0,0,0
1873,-0.00496892,-0.223552,-0.061447,0,0,0
1874,0.00165372,-0.221068,-0.0295212,0,0,0
1875,0.000277682,-0.000842596,-0.00217004,0,0,0
1876,0.00058617,-0.000995425,-0.00168136,0,0,0
1877,0.000541506,-0.000448973,-0.00241466,0,0,0
1878,0.00127298,-0.000112545,-0.00312823,0,0,0
1879,0.000684931,-0.000186919,-0.00630396,0,0,0
1880,0.00133308,-0.000374157,-0.00543553,0,0,0
1881,0.000669246,-0.000567428,-0.00303834,0,0,0
1882,0.00143178,-0.000313148,-0.00979014,0,0,0
1883,0.000722914,-0.000158145,-0.00967229,0,0,0
1884,0.0014625,-0.000176471,-0.00889467,0,0,0
1885,0.00069305,-0.00104583,-0.0106951,0,0,0
1886,0.00127574,-0.00070926,-0.0107263,0,0,0
1887,0.000549362,-0.000845929,-0.00981911,0,0,0
1888,0.00144277,-0.0012302,-0.0151412,0,0,0
1889,0.000724004,-0.00245649,-0.0144927,0,0,0
1890,0.00122859,-0.00124664,-0.0144703,0,0,0
1891,0.000569235,-0.00188949,-0.0169268,0,0,0
1892,0.00109465,-0.00377012,-0.0160709,0,0,0
1893,4.65151e-005,-0.00708265,-0.0137672,0,0,0
1894,0.00220548,-0.00163171,-0.0217519,0,0,0
1895,0.000561201,-0.00499508,-0.0207052,0,0,0
1896,0.00111663,-0.0064383,-0.0195544,0,0,0
1897,0.000570767,-0.0084856,-0.0212992,0,0,0
1898,0.000920385,-0.00766704,-0.021864,0,0,0
1899,0.000493821,-0.0100926,-0.0237134,0,0,0
1900,0.00128191,-0.0103294,-0.0230386,0,0,0
1901,0.000581344,-0.0133441,-0.0248802,0,0,0
1902,0.000871329,-0.0128354,-0.0251357,0,0,0
1903,0.00044953,-0.0159755,-0.0267924,0,0,0
1904,0.00118336,-0.0160829,-0.0264255,0,0,0
1905,0.00055213,-0.0197074,-0.028206,0,0,0
1906,0.00085968,-0.0192836,-0.028251,0,0,0
1907,0.000431923,-0.0231803,-0.029844,0,0,0
1908,0.00106522,-0.0232098,-0.0296703,0,0,0
1909,0.000492704,-0.027504,-0.0313441,0,0,0
1910,0.000838187,-0.0271655,-0.0312499,0,0,0
1911,0.000429171,-0.0317956,-0.032794,0,0,0
1912,0.000952836,-0.0317489,-0.0327529,0,0,0
1913,0.00042246,-0.036764,-0.0343328,0,0,0
1914,0.000807969,-0.0365083,-0.03414,0,0,0
1915,0.000433886,-0.0418783,-0.0356149,0,0,0
1916,0.000846586,-0.0417633,-0.0356772,0,0,0
1917,0.000345204,-0.0475309,-0.0371827,0,0,0
1918,0.000779242,-0.0473504,-0.0369108,0,0,0
1919,0.000450935,-0.0534841,-0.038301,0,0,0
1920,0.000736113,-0.053307,-0.0384508,0,0,0
1921,0.000251562,-0.0598503,-0.0398896,0,0,0
1922,0.000766366,-0.0597439,-0.0395562,0,0,0
1923,0.000494962,-0.0666753,-0.0408619,0,0,0
1924,0.000606027,-0.0664302,-0.0410696,0,0,0
1925,0.000122497,-0.0737666,-0.0424295,0,0,0
1926,0.000786444,-0.0737497,-0.0420866,0,0,0
1927,0.00058983,-0.0815232,-0.0433329,0,0,0
1928,0.000438126,-0.0811834,-0.0435083,0,0,0
1929,-7.07221e-005,-0.0893243,-0.0447465,0,0,0
1930,0.000858879,-0.0894365,-0.0445378,0,0,0
1931,0.00076852,-0.0981034,-0.0457835,0,0,0
1932,0.00021192,-0.0976167,-0.0457109,0,0,0
1933,-0.000362437,-0.10658,-0.0467544,0,0,0
1934,0.00100517,-0.106881,-0.0469813,0,0,0
1935,0.00105935,-0.116476,-0.0482984,0,0,0
1936,-9.46631e-005,-0.115788,-0.0475824,0,0,0
1937,-0.000760473,-0.125634,-0.0483796,0,0,0
1938,0.00124559,-0.126146,-0.0495215,0,0,0
1939,0.00142281,-0.136649,-0.0509053,0,0,0
1940,-0.000496942,-0.135816,-0.0490179,0,0,0
1941,-0.00114112,-0.146664,-0.0496565,0,0,0
1942,0.00157913,-0.147187,-0.0522173,0,0,0
1943,0.00160507,-0.158563,-0.0534758,0,0,0
1944,-0.000962852,-0.158019,-0.0500654,0,0,0
1945,-0.00107808,-0.169895,-0.0507767,0,0,0
1946,0.00193845,-0.169672,-0.0547904,0,0,0
1947,0.00106088,-0.1822,-0.0558399,0,0,0
1948,-0.00133232,-0.183076,-0.0513854,0,0,0
1949,7.42242e-005,-0.195344,-0.0515646,0,0,0
1950,0.00221863,-0.192967,-0.0560039,0,0,0
1951,-0.000489893,-0.208176,-0.0610872,0,0,0
1952,-0.00114819,-0.211608,-0.0532526,0,0,0
1953,0.000256273,0.00106993,-0.00212612,0,0,0
1954,0.000634716,0.00111515,-0.00198496,0,0,0
1955,0.000570163,0.000682818,-0.0029253,0,0,0
1956,0.00116193,0.000522758,-0.00287392,0,0,0
1957,0.000579876,0.000778467,-0.00560598,0,0,0
1958,0.00134011,0.000826678,-0.00618489,0,0,0
1959,0.000609831,0.000925839,-0.00382822,0,0,0
1960,0.00134719,0.000782607,-0.00888781,0,0,0
1961,0.000754454,0.000343786,-0.0086709,0,0,0
1962,0.00118469,0.000530137,-0.00902446,0,0,0
1963,0.000506567,0.000492217,-0.00993122,0,0,0
1964,0.00115221,0.000386929,-0.00984992,0,0,0
1965,0.000424635,-0.000352276,-0.00885286,0,0,0
1966,0.00123695,-7.13042e-006,-0.0138793,0,0,0
1967,0.000739402,-0.000914408,-0.0128489,0,0,0
1968,0.000807618,-0.00117699,-0.0125348,0,0,0
1969,0.000330172,-0.00188768,-0.0138219,0,0,0
1970,0.000976487,-0.00167519,-0.0143677,0,0,0
1971,-7.46009e-005,-0.00392822,-0.011929,0,0,0
1972,0.00185278,-0.00282148,-0.0177148,0,0,0
1973,0.000526684,-0.00508913,-0.0158631,0,0,0
1974,0.000691153,-0.00496955,-0.0168036,0,0,0
1975,0.000306784,-0.00711544,-0.0175767,0,0,0
1976,0.000657749,-0.00709995,-0.0167153,0,0,0
1977,0.000353732,-0.00967982,-0.0180871,0,0,0
1978,0.000712098,-0.0093171,-0.0184522,0,0,0
1979,0.000299374,-0.0122605,-0.0194417,0,0,0
1980,0.000583677,-0.0122623,-0.0190351,0,0,0
1981,0.000292619,-0.0154585,-0.020113,0,0,0
1982,0.000607172,-0.0151137,-0.0201717,0,0,0
1983,0.00027441,-0.018778,-0.02116,0,0,0
1984,0.000530273,-0.0187462,-0.0209819,0,0,0
1985,0.000255212,-0.0226276,-0.021924,0,0,0
1986,0.000520896,-0.0223287,-0.021851,0,0,0
1987,0.000230642,-0.0266913,-0.0227484,0,0,0
1988,0.000465355,-0.0266161,-0.0226667,0,0,0
1989,0.000232191,-0.0312301,-0.0235132,0,0,0
1990,0.000444412,-0.0309827,-0.0233936,0,0,0
1991,0.000178792,-0.0360548,-0.0241871,0,0,0
1992,0.000396377,-0.03594,-0.0241495,0,0,0
1993,0.000215718,-0.0413093,-0.0248958,0,0,0
1994,0.000375638,-0.0411084,-0.0247578,0,0,0
1995,0.000124711,-0.0469215,-0.025452,0,0,0
1996,0.000324365,-0.0467729,-0.0254467,0,0,0
1997,0.000204082,-0.0529122,-0.0260834,0,0,0
1998,0.000316319,-0.0527564,-0.0259294,0,0,0
1999,6.68626e-005,-0.0593486,-0.0265268,0,0,0
2000,0.000245911,-0.0591616,-0.0265559,0,0,0
2001,0.000201816,-0.0660853,-0.0270788,0,0,0
2002,0.00027124,-0.0659886,-0.0269047,0,0,0
2003,-2.75543e-006,-0.0734024,-0.0273997,0,0,0
2004,0.000154555,-0.0731512,-0.0274673,0,0,0
2005,0.000220689,-0.0808728,-0.027883,0,0,0
2006,0.000247679,-0.0808758,-0.0276846,0,0,0
2007,-0.000100607,-0.0891576,-0.0280573,0,0,0
2008,4.25341e-005,-0.0887852,-0.0281659,0,0,0
2009,0.000281823,-0.0973232,-0.0284948,0,0,0
2010,0.000252516,-0.097499,-0.0282729,0,0,0
2011,-0.000250778,-0.106686,-0.0284966,0,0,0
2012,-9.46741e-005,-0.106107,-0.028633,0,0,0
2013,0.000406301,-0.11551,-0.0288805,0,0,0
2014,0.00028586,-0.115942,-0.0286792,0,0,0
2015,-0.000458519,-0.126025,-0.0287807,0,0,0
2016,-0.000251855,-0.125185,-0.0288304,0,0,0
2017,0.000557854,-0.135571,-0.0288896,0,0,0
2018,0.000336518,-0.136241,-0.028961,0,0,0
2019,-0.000606536,-0.147147,-0.0291394,0,0,0
2020,-0.00041838,-0.146207,-0.0286068,0,0,0
2021,0.000480986,-0.157726,-0.0281624,0,0,0
2022,0.000407126,-0.158236,-0.0294053,0,0,0
2023,-0.000226857,-0.169971,-0.0299926,0,0,0
2024,-0.000615801,-0.169669,-0.027392,0,0,0
2025,-0.000491554,-0.182213,-0.0262931,0,0,0
2026,0.000631065,-0.181399,-0.0309467,0,0,0
2027,0.00159664,-0.194492,-0.0314657,0,0,0
2028,-0.000926217,-0.196469,-0.0237791,0,0,0
2029,-0.00329157,-0.209075,-0.0255235,0,0,0
2030,0.000885254,-0.20511,-0.0337777,0,0,0
2031,0.00142086,6.2118e-005,-0.00189543,0,0,0
2032,0.00167796,0.000172132,-0.00368307,0,0,0
2033,0.00204158,0.000368464,-0.00539493,0,0,0
2034,0.00194437,0.000252695,-0.0092876,0,0,0
2035,0.00203122,0.000431974,-0.00859028,0,0,0
2036,0.00176785,-0.000101379,-0.0102503,0,0,0
2037,0.00186463,-0.000167818,-0.0139983,0,0,0
2038,0.00179632,-0.00126237,-0.0132107,0,0,0
2039,0.00124748,-0.00209213,-0.0153345,0,0,0
2040,0.00321159,-0.00229626,-0.018864,0,0,0
2041,0.00127882,-0.00506814,-0.0184824,0,0,0
2042,0.00128308,-0.0073216,-0.0187112,0,0,0
2043,0.00140669,-0.00923191,-0.0207709,0,0,0
2044,0.00121007,-0.0124041,-0.0217778,0,0,0
2045,0.00122894,-0.0150733,-0.0231922,0,0,0
2046,0.00115472,-0.0188089,-0.0244173,0,0,0
2047,0.00109655,-0.0223029,-0.0256106,0,0,0
2048,0.00105448,-0.026643,-0.0268115,0,0,0
2049,0.000995209,-0.0309464,-0.0279082,0,0,0
2050,0.000937779,-0.0359477,-0.0290362,0,0,0
2051,0.000907541,-0.0410548,-0.0300446,0,0,0
2052,0.00081608,-0.0467642,-0.0311037,0,0,0
2053,0.000832258,-0.0526838,-0.0320142,0,0,0
2054,0.000685588,-0.0591377,-0.0330063,0,0,0
2055,0.000778015,-0.0658935,-0.0338206,0,0,0
2056,0.000533809,-0.0731166,-0.0347317,0,0,0
2057,0.000761557,-0.0807489,-0.0354692,0,0,0
2058,0.000338644,-0.0887522,-0.0362678,0,0,0
2059,0.000811315,-0.0973209,-0.0369596,0,0,0
2060,6.56292e-005,-0.106099,-0.0376167,0,0,0
2061,0.000963119,-0.115686,-0.0382649,0,0,0
2062,-0.000310068,-0.125218,-0.0388122,0,0,0
2063,0.00120207,-0.135924,-0.0393378,0,0,0
2064,-0.000685794,-0.146181,-0.0398497,0,0,0
2065,0.00126543,-0.158104,-0.0403276,0,0,0
2066,-0.000522498,-0.1691,-0.0402352,0,0,0
2067,0.000305683,-0.182255,-0.0423322,0,0,0
2068,0.00148654,-0.194148,-0.0380239,0,0,0
2069,-0.00316588,-0.20845,-0.0461749,0,0,0
2070,-0.000391409,6.18852e-005,-0.00134901,0,0,0
2071,-0.000526816,4.89346e-005,-0.000989735,0,0,0
2072,-0.000383131,0.000173542,-0.00377948,0,0,0
2073,-0.00126656,0.000220685,-0.00438397,0,0,0
2074,-0.000787962,0.000274994,-0.00500563,0,0,0
2075,-0.00117219,0.000190471,-0.00418802,0,0,0
2076,-0.000706037,0.000160212,-0.0101389,0,0,0
2077,-0.00134539,0.000385005,-0.00508145,0,0,0
2078,-0.00054154,0.000176207,-0.0087725,0,0,0
2079,-0.00133469,4.05098e-005,-0.00800308,0,0,0
2080,-0.000721875,-0.000285549,-0.0104587,0,0,0
2081,-0.0012468,5.30079e-005,-0.0105032,0,0,0
2082,-0.000716959,-0.000571812,-0.0149569,0,0,0
2083,-0.00102337,-0.0007682,-0.00925733,0,0,0
2084,-0.000322978,-0.00141213,-0.013564,0,0,0
2085,-0.00128897,-0.00110943,-0.0136481,0,0,0
2086,-0.000703475,-0.00258247,-0.0153936,0,0,0
2087,-0.00103613,-0.00226858,-0.014545,0,0,0
2088,-0.0010548,-0.00240826,-0.0201273,0,0,0
2089,2.32096e-005,-0.00479049,-0.0136968,0,0,0
2090,-0.000335405,-0.00565124,-0.0183429,0,0,0
2091,-0.00105591,-0.00530997,-0.0174056,0,0,0
2092,-0.000496419,-0.00761597,-0.0193454,0,0,0
2093,-0.000960161,-0.00720667,-0.0197248,0,0,0
2094,-0.000413953,-0.00985529,-0.021017,0,0,0
2095,-0.000811068,-0.00996678,-0.0205565,0,0,0
2096,-0.000421254,-0.0127551,-0.0220703,0,0,0
2097,-0.000887439,-0.0123175,-0.0221504,0,0,0
2098,-0.000407167,-0.0156549,-0.0235256,0,0,0
2099,-0.000764797,-0.0156975,-0.0233111,0,0,0
2100,-0.000374951,-0.0192009,-0.024652,0,0,0
2101,-0.000799574,-0.0188375,-0.0245934,0,0,0
2102,-0.000372843,-0.0228389,-0.0259042,0,0,0
2103,-0.000710377,-0.0228185,-0.0257966,0,0,0
2104,-0.00034924,-0.0270543,-0.0270512,0,0,0
2105,-0.000716363,-0.0267505,-0.026941,0,0,0
2106,-0.000322135,-0.0314469,-0.028156,0,0,0
2107,-0.000648704,-0.0313835,-0.0280951,0,0,0
2108,-0.000332784,-0.0363626,-0.0292677,0,0,0
2109,-0.000640701,-0.0361045,-0.0291401,0,0,0
2110,-0.000267409,-0.0415286,-0.030266,0,0,0
2111,-0.0005818,-0.0414354,-0.030232,0,0,0
2112,-0.000320351,-0.0471743,-0.0313102,0,0,0
2113,-0.000574059,-0.0469516,-0.0311764,0,0,0
2114,-0.000210315,-0.0531346,-0.0322217,0,0,0
2115,-0.000510182,-0.0530211,-0.0322068,0,0,0
2116,-0.000315058,-0.0595416,-0.0331819,0,0,0
2117,-0.000517022,-0.0593464,-0.0330485,0,0,0
2118,-0.000144149,-0.0663183,-0.034015,0,0,0
2119,-0.000433157,-0.0661922,-0.0340122,0,0,0
2120,-0.000327507,-0.0735214,-0.0348852,0,0,0
2121,-0.00047067,-0.0733463,-0.0347576,0,0,0
2122,-5.37895e-005,-0.0811356,-0.0356331,0,0,0
2123,-0.0003496,-0.0810043,-0.0356401,0,0,0
2124,-0.000378046,-0.0891751,-0.0364298,0,0,0
2125,-0.000435409,-0.0890127,-0.0363023,0,0,0
2126,8.64974e-005,-0.0976464,-0.0370546,0,0,0
2127,-0.000260786,-0.0975177,-0.037087,0,0,0
2128,-0.000495842,-0.10657,-0.0378266,0,0,0
2129,-0.000407009,-0.106411,-0.0376731,0,0,0
2130,0.000303236,-0.115915,-0.0382736,0,0,0
2131,-0.000174665,-0.115798,-0.0383573,0,0,0
2132,-0.000690639,-0.125776,-0.0390377,0,0,0
2133,-0.000373539,-0.125613,-0.0388586,0,0,0
2134,0.000564594,-0.136012,-0.0393792,0,0,0
2135,-0.000102786,-0.135915,-0.0394311,0,0,0
2136,-0.000846208,-0.146869,-0.0398711,0,0,0
2137,-0.0003307,-0.146693,-0.0399317,0,0,0
2138,0.000609211,-0.158021,-0.0406578,0,0,0
2139,-2.77148e-005,-0.157953,-0.0400836,0,0,0
2140,-0.000493795,-0.169918,-0.0399389,0,0,0
2141,-0.000358474,-0.169725,-0.0413758,0,0,0
2142,-0.000338545,-0.182039,-0.0424806,0,0,0
2143,0.000159172,-0.182001,-0.0393746,0,0,0
2144,0.00132695,-0.195036,-0.0392689,0,0,0
2145,-0.000733361,-0.194795,-0.0445668,0,0,0
2146,-0.00316152,-0.207873,-0.0426089,0,0,0
2147,0.00080149,-0.208343,-0.0369884,0,0,0
2148,0.000391409,6.18852e-005,-0.00134901,0,0,0
2149,0.000526816,4.89346e-005,-0.000989735,0,0,0
2150,0.000383131,0.000173542,-0.00377948,0,0,0
2151,0.00126656,0.000220685,-0.00438397,0,0,0
2152,0.000787962,0.000274994,-0.00500563,0,0,0
2153,0.00117219,0.000190471,-0.00418802,0,0,0
2154,0.000706037,0.000160212,-0.0101389,0,0,0
2155,0.00134539,0.000385005,-0.00508145,0,0,0
2156,0.00054154,0.000176207,-0.0087725,0,0,0
2157,0.00133469,4.05098e-005,-0.00800308,0,0,0
2158,0.000721875,-0.000285549,-0.0104587,0,0,0
2159,0.0012468,5.30079e-005,-0.0105032,0,0,0
2160,0.000716959,-0.000571812,-0.0149569,0,0,0
2161,0.00102337,-0.0007682,-0.00925733,0,0,0
2162,0.000322978,-0.00141213,-0.013564,0,0,0
2163,0.00128897,-0.00110943,-0.0136481,0,0,0
2164,0.000703475,-0.00258247,-0.0153936,0,0,0
2165,0.00103613,-0.00226858,-0.014545,0,0,0
2166,0.0010548,-0.00240826,-0.0201273,0,0,0
2167,-2.32096e-005,-0.00479049,-0.0136968,0,0,0
2168,0.000335405,-0.00565124,-0.0183429,0,0,0
2169,0.00105591,-0.00530997,-0.0174056,0,0,0
2170,0.000496419,-0.00761597,-0.0193454,0,0,0
2171,0.000960161,-0.00720667,-0.0197248,0,0,0
2172,0.000413953,-0.00985529,-0.021017,0,0,0
2173,0.000811068,-0.00996678,-0.0205565,0,0,0
2174,0.000421254,-0.0127551,-0.0220703,0,0,0
2175,0.000887439,-0.0123175,-0.0221504,0,0,0
2176,0.000407167,-0.0156549,-0.0235256,0,0,0
2177,0.000764797,-0.0156975,-0.0233111,0,0,0
2178,0.000374951,-0.0192009,-0.024652,0,0,0
2179,0.000799574,-0.0188375,-0.0245934,0,0,0
2180,0.000372843,-0.0228389,-0.0259042,0,0,0
2181,0.000710377,-0.0228185,-0.0257966,0,0,0
2182,0.00034924,-0.0270543,-0.0270512,0,0,0
2183,0.000716363,-0.0267505,-0.026941,0,0,0
2184,0.000322135,-0.0314469,-0.028156,0,0,0
2185,0.000648704,-0.0313835,-0.0280951,0,0,0
2186,0.000332784,-0.0363626,-0.0292677,0,0,0
2187,0.000640701,-0.0361045,-0.0291401,0,0,0
2188,0.000267409,-0.0415286,-0.030266,0,0,0
2189,0.0005818,-0.0414354,-0.030232,0,0,0
2190,0.000320351,-0.0471743,-0.0313102,0,0,0
2191,0.000574059,-0.0469516,-0.0311764,0,0,0
2192,0.000210315,-0.0531346,-0.0322217,0,0,0
2193,0.000510182,-0.0530211,-0.0322068,0,0,0
2194,0.000315058,-0.0595416,-0.0331819,0,0,0
2195,0.000517022,-0.0593464,-0.0330485,0,0,0
2196,0.000144149,-0.0663183,-0.034015,0,0,0
2197,0.000433157,-0.0661922,-0.0340122,0,0,0
2198,0.000327507,-0.0735214,-0.0348852,0,0,0
2199,0.00047067,-0.0733463,-0.0347576,0,0,0
2200,5.37895e-005,-0.0811356,-0.0356331,0,0,0
2201,0.0003496,-0.0810043,-0.0356401,0,0,0
2202,0.000378046,-0.0891751,-0.0364298,0,0,0
2203,0.000435409,-0.0890127,-0.0363023,0,0,0
2204,-8.64974e-005,-0.0976464,-0.0370546,0,0,0
2205,0.000260786,-0.0975177,-0.037087,0,0,0
2206,0.000495842,-0.10657,-0.0378266,0,0,0
2207,0.000407009,-0.106411,-0.0376731,0,0,0
2208,-0.000303236,-0.115915,-0.0382736,0,0,0
2209,0.000174665,-0.115798,-0.0383573,0,0,0
2210,0.000690639,-0.125776,-0.0390377,0,0,0
2211,0.000373539,-0.125613,-0.0388586,0,0,0
2212,-0.000564594,-0.136012,-0.0393792,0,0,0
2213,0.000102786,-0.135915,-0.0394311,0,0,0
2214,0.000846208,-0.146869,-0.0398711,0,0,0
2215,0.0003307,-0.146693,-0.0399317,0,0,0
2216,-0.000609211,-0.158021,-0.0406578,0,0,0
2217,2.77148e-005,-0.157953,-0.0400836,0,0,0
2218,0.000493795,-0.169918,-0.0399389,0,0,0
2219,0.000358474,-0.169725,-0.0413758,0,0,0
2220,0.000338545,-0.182039,-0.0424806,0,0,0
2221,-0.000159172,-0.182001,-0.0393746,0,0,0
2222,-0.00132695,-0.195036,-0.0392689,0,0,0
2223,0.000733361,-0.194795,-0.0445668,0,0,0
2224,0.00316152,-0.207873,-0.0426089,0,0,0
2225,-0.00080149,-0.208343,-0.0369884,0,0,0
2226,0.000409058,0.000264899,-0.000619286,0,0,0
2227,0.000409058,-0.000264899,-0.000619286,0,0,0
2228,0.000619005,-5.81927e-006,-0.000448438,0,0,0
2229,0.000619005,5.81927e-006,-0.000448438,0,0,0
2230,-0.00672395,-0.00273229,-0.00433432,0,0,0
2231,-0.00672395,0.00273229,-0.00433432,0,0,0
2232,0,0,0,0,0,0
2233,0,0,0,0,0,0
2234,0,0,0,0,0,0
2235,0,0,0,0,0,0
2236,-0.000318287,-0.000101194,1.1697e-006,0,0,0
2237,0.000419926,2.47521e-017,-0.000543911,0,0,0
2238,-0.000318287,0.000101194,1.1697e-006,0,0,0
2239,0.000178977,-6.82519e-006,-0.000455342,0,0,0
2240,0.000196496,-2.92419e-005,-0.000339089,0,0,0
2241,0.000367624,-5.27693e-006,-0.000366728,0,0,0
2242,0.000437711,-3.24696e-005,-0.000487095,0,0,0
2243,0.000536833,1.55089e-005,-0.000368482,0,0,0
2244,0.000619312,-1.5082e-006,-0.000569138,0,0,0
2245,0.000586727,-8.06634e-017,-0.000456872,0,0,0
2246,0.000619312,1.5082e-006,-0.000569138,0,0,0
2247,0.000536833,-1.55089e-005,-0.000368482,0,0,0
2248,0.000437711,3.24696e-005,-0.000487095,0,0,0
2249,0.000367624,5.27693e-006,-0.000366728,0,0,0
2250,0.000196496,2.92419e-005,-0.000339089,0,0,0
2251,0.000178977,6.82519e-006,-0.000455342,0,0,0
2252,0.00571753,0.000747432,0.00194023,0,0,0
2253,-0.00469375,-3.10494e-016,-0.00335011,0,0,0
2254,0.00571753,-0.000747432,0.00194023,0,0,0
2255,0.000865637,-0.000871425,-0.00148799,0,0,0
2256,0.000183289,0.000682015,-0.00159194,0,0,0
2257,0.00124954,-0.000696772,-0.00056287,0,0,0
2258,-0.000904608,0.000289693,-0.00216964,0,0,0
2259,0.00286597,0.000217402,0.00067565,0,0,0
2260,0.00286597,-0.000217402,0.00067565,0,0,0
2261,-0.000904608,-0.000289693,-0.00216964,0,0,0
2262,0.00124954,0.000696772,-0.00056287,0,0,0
2263,0.000183289,-0.000682015,-0.00159194,0,0,0
2264,0.000865637,0.000871425,-0.00148799,0,0,0
2265,0.000642243,-3.62727e-007,-0.00055724,0,0,0
2266,0.000625391,3.04127e-006,-0.000607345,0,0,0
2267,0.000650526,-1.00261e-005,-0.000699658,0,0,0
2268,0.000661543,-9.5498e-006,-0.000718725,0,0,0
2269,0.000701347,-1.98217e-005,-0.000826907,0,0,0
2270,0.000786864,-4.55599e-005,-0.000804822,0,0,0
2271,0.000739816,-2.86037e-006,-0.00100817,0,0,0
2272,0.00117759,-0.0001807,-0.000873234,0,0,0
2273,0.000695619,0.000185294,-0.00134675,0,0,0
2274,0.00326554,-0.00191567,0.00123418,0,0,0
2275,-0.00158637,0.00160191,-0.0019065,0,0,0
2276,0.00108526,-0.00107766,0.000337137,0,0,0
2277,-0.000330243,0.000914682,-0.00122095,0,0,0
2278,0.000316127,-0.000541463,9.27312e-005,0,0,0
2279,9.71339e-005,0.000499237,-0.0009265,0,0,0
2280,8.94044e-006,-0.000281659,1.33458e-005,0,0,0
2281,0.000260736,0.000315178,-0.000761706,0,0,0
2282,-0.000188899,-0.000210747,3.05896e-005,0,0,0
2283,0.000695619,-0.000185294,-0.00134675,0,0,0
2284,0.00117759,0.0001807,-0.000873234,0,0,0
2285,0.000739816,2.86037e-006,-0.00100817,0,0,0
2286,0.000786864,4.55599e-005,-0.000804822,0,0,0
2287,0.000701347,1.98217e-005,-0.000826907,0,0,0
2288,0.000661543,9.5498e-006,-0.000718725,0,0,0
2289,0.000650526,1.00261e-005,-0.000699658,0,0,0
2290,0.000625391,-3.04127e-006,-0.000607345,0,0,0
2291,0.000642243,3.62727e-007,-0.00055724,0,0,0
2292,-0.000188899,0.000210747,3.05896e-005,0,0,0
2293,0.000260736,-0.000315178,-0.000761706,0,0,0
2294,8.94044e-006,0.000281659,1.33458e-005,0,0,0
2295,9.71339e-005,-0.000499237,-0.0009265,0,0,0
2296,0.000316127,0.000541463,9.27312e-005,0,0,0
2297,-0.000330243,-0.000914682,-0.00122095,0,0,0
2298,0.00108526,0.00107766,0.000337137,0,0,0
2299,-0.00158637,-0.00160191,-0.0019065,0,0,0
2300,0.00326554,0.00191567,0.00123418,0,0,0
2301,9.62073e-005,7.8339e-005,-0.000266002,0,0,0
2302,-0.000143099,-4.59274e-007,-0.000183963,0,0,0
2303,-2.76835e-005,6.50712e-005,-0.000108605,0,0,0
2304,0,0,0,0,0,0
2305,0,0,0,0,0,0
2306,0,0,0,0,0,0
2307,-2.76835e-005,-6.50712e-005,-0.000108605,0,0,0
2308,-0.000143099,4.59274e-007,-0.000183963,0,0,0
2309,9.62073e-005,-7.8339e-005,-0.000266002,0,0,0
2310,0.000632692,-0.000109749,-4.03196e-005,0,0,0
2311,-0.00105619,0.000596184,-0.00107844,0,0,0
2312,0.00276109,-0.000893825,0.000696597,0,0,0
2313,0,0,0,0,0,0
2314,0,0,0,0,0,0
2315,0,0,0,0,0,0
2316,0.00276109,0.000893825,0.000696597,0,0,0
2317,-0.00105619,-0.000596184,-0.00107844,0,0,0
2318,0.000632692,0.000109749,-4.03196e-005,0,0,0
2319,0,0,0,0,0,0
2320,0,0,0,0,0,0
2321,0,0,0,0,0,0
2322,0,0,0,0,0,0
2323,0,0,0,0,0,0
2324,0,0,0,0,0,0
2325,0,0,0,0,0,0
2326,0,0,0,0,0,0
2327,0,0,0,0,0,0
2328,0,0,0,0,0,0
2329,0,0,0,0,0,0
2330,0,0,0,0,0,0
2331,0,0,0,0,0,0
2332,0,0,0,0,0,0
2333,0,0,0,0,0,0
2334,0,0,0,0,0,0
2335,0,0,0,0,0,0
2336,0,0,0,0,0,0
2337,0.000127319,8.33814e-006,-0.000122197,0,0,0
2338,0.000204051,-1.48722e-017,-0.000539492,0,0,0
2339,0.000127319,-8.33814e-006,-0.000122197,0,0,0
2340,0.000267194,1.58596e-005,-0.000462585,0,0,0
2341,0.000171167,-3.45589e-018,-0.000281587,0,0,0
2342,0.000267194,-1.58596e-005,-0.000462585,0,0,0
2343,0.000341387,8.57373e-006,-0.000357632,0,0,0
2344,0.00039975,-3.844e-017,-0.000416986,0,0,0
2345,0.000341387,-8.57373e-006,-0.000357632,0,0,0
2346,0.000431283,2.40335e-006,-0.000460224,0,0,0
2347,0.000404351,-5.62023e-017,-0.000466458,0,0,0
2348,0.000431283,-2.40335e-006,-0.000460224,0,0,0
2349,0.000565606,1.3278e-005,-0.000456456,0,0,0
2350,0.000565236,-8.59705e-017,-0.000385895,0,0,0
2351,0.000565606,-1.3278e-005,-0.000456456,0,0,0
2352,-0.00184457,0.000335877,-0.00268803,0,0,0
2353,0.00207967,-7.47049e-017,0.000665041,0,0,0
2354,-0.00184457,-0.000335877,-0.00268803,0,0,0
2355,0.0015787,0.00010318,2.31407e-006,0,0,0
2356,-0.000400128,-5.58066e-016,-0.00226025,0,0,0
2357,0.0015787,-0.00010318,2.31407e-006,0,0,0
2358,-0.000356193,-0.000141203,-0.00186396,0,0,0
2359,0.000937721,-1.00062e-016,-0.000534999,0,0,0
2360,-0.000356193,0.000141203,-0.00186396,0,0,0
2361,0.00137705,0.000245881,-0.00111915,0,0,0
2362,0.000457375,-3.70465e-016,-0.00165234,0,0,0
2363,0.00137705,-0.000245881,-0.00111915,0,0,0
2364,9.27282e-005,-0.000186443,-0.00120362,0,0,0
2365,0.000724309,-1.36098e-016,-0.00162956,0,0,0
2366,9.27282e-005,0.000186443,-0.00120362,0,0,0
2367,0.00011771,4.22677e-005,-0.000282683,0,0,0
2368,0.000293619,1.90766e-005,-0.000461787,0,0,0
2369,0.000328424,2.78149e-005,-0.000529866,0,0,0
2370,0.000467567,-1.79884e-006,-0.000455483,0,0,0
2371,0.000541985,2.64224e-005,-0.000628539,0,0,0
2372,0.000189278,1.38757e-005,-0.00059562,0,0,0
2373,0.000233271,3.77357e-005,-0.000475814,0,0,0
2374,0.000388845,8.17995e-007,-0.000532148,0,0,0
2375,0.000448308,3.55025e-005,-0.000644975,0,0,0
2376,0.000567235,-2.5388e-005,-0.000524316,0,0,0
2377,0.000183974,6.64583e-005,-0.000376327,0,0,0
2378,0.000296483,2.11011e-005,-0.000596763,0,0,0
2379,0.000359391,3.64746e-005,-0.000635482,0,0,0
2380,0.000503155,-1.46909e-005,-0.000586445,0,0,0
2381,0.000551066,2.83333e-005,-0.000770374,0,0,0
2382,0.000173673,-4.37862e-006,-0.000682957,0,0,0
2383,0.000294876,4.88541e-005,-0.000533501,0,0,0
2384,0.000416628,-5.9032e-006,-0.00066341,0,0,0
2385,0.000471141,4.41788e-005,-0.000745137,0,0,0
2386,0.000629415,-4.25719e-005,-0.000630756,0,0,0
2387,0.000255257,0.000128226,-0.000470739,0,0,0
2388,0.000280864,2.48382e-005,-0.000726646,0,0,0
2389,0.000405912,3.98586e-005,-0.000689659,0,0,0
2390,0.00056599,-2.44763e-005,-0.000701336,0,0,0
2391,0.000583953,2.18839e-005,-0.000881647,0,0,0
2392,0.000167978,-7.77887e-005,-0.000733385,0,0,0
2393,0.000382987,5.84841e-005,-0.000586498,0,0,0
2394,0.000426359,6.38997e-006,-0.00082466,0,0,0
2395,0.000523589,3.1777e-005,-0.000817695,0,0,0
2396,0.000717351,-4.41239e-005,-0.000740016,0,0,0
2397,0.00023893,0.000264403,-0.000699956,0,0,0
2398,0.000227384,3.65756e-005,-0.000875394,0,0,0
2399,0.000498417,4.24643e-006,-0.00074952,0,0,0
2400,0.000586002,2.01721e-005,-0.000873974,0,0,0
2401,0.000720598,-3.85202e-005,-0.000986066,0,0,0
2402,0.000410081,-0.000259601,-0.000609302,0,0,0
2403,0.000420713,4.10055e-005,-0.000814998,0,0,0
2404,0.000336052,0.000124974,-0.00104329,0,0,0
2405,0.000701437,-8.92216e-005,-0.000914484,0,0,0
2406,0.000693525,7.14885e-005,-0.000945364,0,0,0
2407,-0.000598054,0.000485079,-0.00146643,0,0,0
2408,0.000528438,0.000169133,-0.000733556,0,0,0
2409,0.000546631,-0.000206581,-0.0011655,0,0,0
2410,0.000370148,0.000351308,-0.00116133,0,0,0
2411,0.00112377,-0.000361097,-0.00107788,0,0,0
2412,0.00011771,-4.22677e-005,-0.000282683,0,0,0
2413,0.000293619,-1.90766e-005,-0.000461787,0,0,0
2414,0.000328424,-2.78149e-005,-0.000529866,0,0,0
2415,0.000467567,1.79884e-006,-0.000455483,0,0,0
2416,0.000541985,-2.64224e-005,-0.000628539,0,0,0
2417,0.000189278,-1.38757e-005,-0.00059562,0,0,0
2418,0.000233271,-3.77357e-005,-0.000475814,0,0,0
2419,0.000388845,-8.17995e-007,-0.000532148,0,0,0
2420,0.000448308,-3.55025e-005,-0.000644975,0,0,0
2421,0.000567235,2.5388e-005,-0.000524316,0,0,0
2422,0.000183974,-6.64583e-005,-0.000376327,0,0,0
2423,0.000296483,-2.11011e-005,-0.000596763,0,0,0
2424,0.000359391,-3.64746e-005,-0.000635482,0,0,0
2425,0.000503155,1.46909e-005,-0.000586445,0,0,0
2426,0.000551066,-2.83333e-005,-0.000770374,0,0,0
2427,0.000173673,4.37862e-006,-0.000682957,0,0,0
2428,0.000294876,-4.88541e-005,-0.000533501,0,0,0
2429,0.000416628,5.9032e-006,-0.00066341,0,0,0
2430,0.000471141,-4.41788e-005,-0.000745137,0,0,0
2431,0.000629415,4.25719e-005,-0.000630756,0,0,0
2432,0.000255257,-0.000128226,-0.000470739,0,0,0
2433,0.000280864,-2.48382e-005,-0.000726646,0,0,0
2434,0.000405912,-3.98586e-005,-0.000689659,0,0,0
2435,0.00056599,2.44763e-005,-0.000701336,0,0,0
2436,0.000583953,-2.18839e-005,-0.000881647,0,0,0
2437,0.000167978,7.77887e-005,-0.000733385,0,0,0
2438,0.000382987,-5.84841e-005,-0.000586498,0,0,0
2439,0.000426359,-6.38997e-006,-0.00082466,0,0,0
2440,0.000523589,-3.1777e-005,-0.000817695,0,0,0
2441,0.000717351,4.41239e-005,-0.000740016,0,0,0
2442,0.00023893,-0.000264403,-0.000699956,0,0,0
2443,0.000227384,-3.65756e-005,-0.000875394,0,0,0
2444,0.000498417,-4.24643e-006,-0.00074952,0,0,0
2445,0.000586002,-2.01721e-005,-0.000873974,0,0,0
2446,0.000720598,3.85202e-005,-0.000986066,0,0,0
2447,0.000410081,0.000259601,-0.000609302,0,0,0
2448,0.000420713,-4.10055e-005,-0.000814998,0,0,0
2449,0.000336052,-0.000124974,-0.00104329,0,0,0
2450,0.000701437,8.92216e-005,-0.000914484,0,0,0
2451,0.000693525,-7.14885e-005,-0.000945364,0,0,0
2452,-0.000598054,-0.000485079,-0.00146643,0,0,0
2453,0.000528438,-0.000169133,-0.000733556,0,0,0
2454,0.000546631,0.000206581,-0.0011655,0,0,0
2455,0.000370148,-0.000351308,-0.00116133,0,0,0
2456,0.00112377,0.000361097,-0.00107788,0,0,0
2457,0.000348348,0.000138969,-0.000660542,0,0,0
2458,-0.000183656,-1.7607e-017,-6.21343e-005,0,0,0
2459,0.000348348,-0.000138969,-0.000660542,0,0,0
2460,-0.000102817,-0.00011526,-8.23892e-005,0,0,0
2461,0.000282296,5.26727e-018,-0.000676962,0,0,0
2462,-0.000102817,0.00011526,-8.23892e-005,0,0,0
2463,0.000222125,0.000195159,-0.000802956,0,0,0
2464,-1.25824e-005,-4.38115e-017,-0.000102533,0,0,0
2465,0.000222125,-0.000195159,-0.000802956,0,0,0
2466,0.000107848,-0.000190548,-7.24249e-005,0,0,0
2467,0.000154149,3.90482e-019,-0.000814439,0,0,0
2468,0.000107848,0.000190548,-7.24249e-005,0,0,0
2469,-1.57593e-005,0.000329409,-0.00100124,0,0,0
2470,0.00024347,-7.89835e-017,-7.15206e-005,0,0,0
2471,-1.57593e-005,-0.000329409,-0.00100124,0,0,0
2472,0.000555485,-0.00035909,2.63752e-005,0,0,0
2473,-0.000207463,4.92719e-018,-0.00104645,0,0,0
2474,0.000555485,0.00035909,2.63752e-005,0,0,0
2475,-0.000707959,0.00055791,-0.00137914,0,0,0
2476,0.000904983,-1.49958e-016,8.05809e-005,0,0,0
2477,-0.000707959,-0.00055791,-0.00137914,0,0,0
2478,0.00175386,-0.000634299,0.000365594,0,0,0
2479,-0.00128548,3.39724e-017,-0.00158995,0,0,0
2480,0.00175386,0.000634299,0.000365594,0,0,0
2481,-0.00275928,0.000787381,-0.00237246,0,0,0
2482,0.00292545,-3.22742e-016,0.000744208,0,0,0
2483,-0.00275928,-0.000787381,-0.00237246,0,0,0
2484,0.000635728,-2.25393e-006,-0.000449267,0,0,0
2485,0.000657348,-1.53163e-016,-0.000561387,0,0,0
2486,0.000635728,2.25393e-006,-0.000449267,0,0,0
2487,0.000623707,-5.84153e-006,-0.000733189,0,0,0
2488,0.000618093,-1.23577e-016,-0.000620301,0,0,0
2489,0.000623707,5.84153e-006,-0.000733189,0,0,0
2490,0.000650642,2.88541e-006,-0.00058022,0,0,0
2491,0.000634343,-1.99844e-016,-0.000697168,0,0,0
2492,0.000650642,-2.88541e-006,-0.00058022,0,0,0
2493,0.000644366,-2.85359e-005,-0.000880417,0,0,0
2494,0.000692254,-1.76065e-016,-0.000750898,0,0,0
2495,0.000644366,2.85359e-005,-0.000880417,0,0,0
2496,0.000732332,1.94693e-005,-0.000648321,0,0,0
2497,0.000625888,-2.52487e-016,-0.000813953,0,0,0
2498,0.000732332,-1.94693e-005,-0.000648321,0,0,0
2499,0.00068598,-7.45685e-005,-0.0010947,0,0,0
2500,0.00089675,-2.32878e-016,-0.000855681,0,0,0
2501,0.00068598,7.45685e-005,-0.0010947,0,0,0
2502,0.000956055,5.11068e-005,-0.000615428,0,0,0
2503,0.00056084,-2.98973e-016,-0.0010216,0,0,0
2504,0.000956055,-5.11068e-005,-0.000615428,0,0,0
2505,0.000714552,-0.000138129,-0.00158607,0,0,0
2506,0.00139899,-2.8643e-016,-0.000887386,0,0,0
2507,0.000714552,0.000138129,-0.00158607,0,0,0
2508,0.0013214,3.50309e-005,-0.000312993,0,0,0
2509,0.00042789,-3.28385e-016,-0.00157486,0,0,0
2510,0.0013214,-3.50309e-005,-0.000312993,0,0,0
2511,-9.74061e-005,1.1566e-005,-0.000145586,0,0,0
2512,9.71919e-005,8.47033e-021,-0.000347961,0,0,0
2513,-9.74061e-005,-1.1566e-005,-0.000145586,0,0,0
2514,2.20649e-005,-4.77681e-005,-0.00019537,0,0,0
2515,-0.000118557,2.17044e-017,-0.00012104,0,0,0
2516,2.20649e-005,4.77681e-005,-0.00019537,0,0,0
2517,-9.1333e-005,-9.82152e-006,-0.000105834,0,0,0
2518,-4.6501e-005,6.60728e-018,-0.000125875,0,0,0
2519,-9.1333e-005,9.82152e-006,-0.000105834,0,0,0
2520,-0.00203372,-0.000454441,-0.00158135,0,0,0
2521,0.00214227,-1.73505e-016,0.000222857,0,0,0
2522,-0.00203372,0.000454441,-0.00158135,0,0,0
2523,0.00118292,0.000117942,-6.86018e-006,0,0,0
2524,-0.000743508,-1.20201e-016,-0.000775312,0,0,0
2525,0.00118292,-0.000117942,-6.86018e-006,0,0,0
2526,-0.000291924,-0.000114513,-0.00039055,0,0,0
2527,0.000536998,-2.01437e-017,-0.000119121,0,0,0
2528,-0.000291924,0.000114513,-0.00039055,0,0,0
2529,-7.47418e-005,-6.56741e-006,-0.000261604,0,0,0
2530,2.05393e-005,-7.59547e-005,-0.000163304,0,0,0
2531,-6.19276e-005,-5.47862e-005,-0.000134133,0,0,0
2532,6.10072e-005,-8.6792e-005,-0.000336143,0,0,0
2533,-5.7683e-005,-3.07288e-005,-0.000228861,0,0,0
2534,-5.00087e-006,-8.17979e-005,-0.000110368,0,0,0
2535,3.12713e-005,-4.7747e-005,-0.000337122,0,0,0
2536,1.95964e-005,-9.79376e-005,-0.00018909,0,0,0
2537,-2.92696e-005,-7.45821e-005,-0.000175782,0,0,0
2538,2.45401e-005,-7.14489e-005,-0.000376731,0,0,0
2539,1.39349e-005,-4.45127e-005,-0.00027813,0,0,0
2540,1.40109e-007,-0.000108946,-0.000124354,0,0,0
2541,0.000117981,-0.000127101,-0.000418662,0,0,0
2542,-1.31107e-005,-0.000120405,-0.000212449,0,0,0
2543,2.17041e-006,-7.90531e-005,-0.000217817,0,0,0
2544,1.93001e-005,2.16241e-005,-0.000398901,0,0,0
2545,8.99103e-005,-6.62638e-005,-0.000340221,0,0,0
2546,-1.58038e-005,-0.000140419,-0.000133684,0,0,0
2547,6.69921e-005,-0.00032622,-0.000595574,0,0,0
2548,-1.8236e-005,-9.42833e-005,-0.000224784,0,0,0
2549,3.60223e-005,-8.86881e-005,-0.000268549,0,0,0
2550,0.000371548,0.000331544,-0.000263302,0,0,0
2551,1.77004e-005,-0.000172994,-0.00049297,0,0,0
2552,3.1351e-005,-0.000131958,-0.000155403,0,0,0
2553,-0.000952353,-0.000787168,-0.00131473,0,0,0
2554,0.00045704,0.000127112,-0.000131701,0,0,0
2555,-4.66173e-005,-0.000179769,-0.00031894,0,0,0
2556,-7.47418e-005,6.56741e-006,-0.000261604,0,0,0
2557,2.05393e-005,7.59547e-005,-0.000163304,0,0,0
2558,-6.19276e-005,5.47862e-005,-0.000134133,0,0,0
2559,6.10072e-005,8.6792e-005,-0.000336143,0,0,0
2560,-5.7683e-005,3.07288e-005,-0.000228861,0,0,0
2561,-5.00087e-006,8.17979e-005,-0.000110368,0,0,0
2562,3.12713e-005,4.7747e-005,-0.000337122,0,0,0
2563,1.95964e-005,9.79376e-005,-0.00018909,0,0,0
2564,-2.92696e-005,7.45821e-005,-0.000175782,0,0,0
2565,2.45401e-005,7.14489e-005,-0.000376731,0,0,0
2566,1.39349e-005,4.45127e-005,-0.00027813,0,0,0
2567,1.40109e-007,0.000108946,-0.000124354,0,0,0
2568,0.000117981,0.000127101,-0.000418662,0,0,0
2569,-1.31107e-005,0.000120405,-0.000212449,0,0,0
2570,2.17041e-006,7.90531e-005,-0.000217817,0,0,0
2571,1.93001e-005,-2.16241e-005,-0.000398901,0,0,0
2572,8.99103e-005,6.62638e-005,-0.000340221,0,0,0
2573,-1.58038e-005,0.000140419,-0.000133684,0,0,0
2574,6.69921e-005,0.00032622,-0.000595574,0,0,0
2575,-1.8236e-005,9.42833e-005,-0.000224784,0,0,0
2576,3.60223e-005,8.86881e-005,-0.000268549,0,0,0
2577,0.000371548,-0.000331544,-0.000263302,0,0,0
2578,1.77004e-005,0.000172994,-0.00049297,0,0,0
2579,3.1351e-005,0.000131958,-0.000155403,0,0,0
2580,-0.000952353,0.000787168,-0.00131473,0,0,0
2581,0.00045704,-0.000127112,-0.000131701,0,0,0
2582,-4.66173e-005,0.000179769,-0.00031894,0,0,0
2583,0,0,0,0,0,0
2584,0,0,0,0,0,0
2585,0,0,0,0,0,0
2586,0,0,0,0,0,0
2587,0,0,0,0,0,0
2588,0,0,0,0,0,0
2589,0,0,0,0,0,0
2590,0,0,0,0,0,0
2591,0,0,0,0,0,0
2592,0,0,0,0,0,0
2593,0,0,0,0,0,0
2594,0,0,0,0,0,0
2595,0,0,0,0,0,0
2596,0,0,0,0,0,0
2597,0,0,0,0,0,0
2598,0,0,0,0,0,0
2599,0,0,0,0,0,0
2600,0,0,0,0,0,0
2601,0,0,0,0,0,0
2602,0,0,0,0,0,0
2603,0,0,0,0,0,0
2604,0,0,0,0,0,0
2605,0,0,0,0,0,0
2606,0,0,0,0,0,0
2607,0,0,0,0,0,0
2608,0,0,0,0,0,0
2609,0,0,0,0,0,0
2610,0.00018019,1.78519e-005,-0.000591326,0,0,0
2611,0.00011461,2.27767e-018,-0.000206881,0,0,0
2612,0.00018019,-1.78519e-005,-0.000591326,0,0,0
2613,0.000227362,4.2087e-006,-0.000366877,0,0,0
2614,0.000311689,-4.8518e-017,-0.000532362,0,0,0
2615,0.000227362,-4.2087e-006,-0.000366877,0,0,0
2616,0.000362858,1.15096e-005,-0.000529885,0,0,0
2617,0.000311616,-4.82436e-017,-0.000489558,0,0,0
2618,0.000362858,-1.15096e-005,-0.000529885,0,0,0
2619,0.000457657,9.69992e-006,-0.00050486,0,0,0
2620,0.000484324,-8.19267e-017,-0.000488562,0,0,0
2621,0.000457657,-9.69992e-006,-0.00050486,0,0,0
2622,0.000531014,-4.75833e-006,-0.00054073,0,0,0
2623,0.000521954,-9.4888e-017,-0.000624939,0,0,0
2624,0.000531014,4.75833e-006,-0.00054073,0,0,0
2625,0.000161767,1.5571e-005,-0.000251562,0,0,0
2626,0.000199849,-4.87451e-017,-0.000691789,0,0,0
2627,0.000161767,-1.5571e-005,-0.000251562,0,0,0
2628,0.00028679,1.89465e-005,-0.000628907,0,0,0
2629,0.000227785,-3.29089e-017,-0.00041376,0,0,0
2630,0.00028679,-1.89465e-005,-0.000628907,0,0,0
2631,0.000358181,1.16865e-005,-0.000506815,0,0,0
2632,0.000397345,-8.04071e-017,-0.000587999,0,0,0
2633,0.000358181,-1.16865e-005,-0.000506815,0,0,0
2634,0.000463056,-3.91294e-006,-0.000624906,0,0,0
2635,0.000440938,-9.6023e-017,-0.000625708,0,0,0
2636,0.000463056,3.91294e-006,-0.000624906,0,0,0
2637,0.000559954,1.66028e-005,-0.000616521,0,0,0
2638,0.000569185,-1.30507e-016,-0.000540799,0,0,0
2639,0.000559954,-1.66028e-005,-0.000616521,0,0,0
2640,0.000180795,1.88213e-005,-0.000703076,0,0,0
2641,0.000189778,-1.82307e-017,-0.000291993,0,0,0
2642,0.000180795,-1.88213e-005,-0.000703076,0,0,0
2643,0.000272435,7.69386e-006,-0.000458664,0,0,0
2644,0.000301942,-8.47677e-017,-0.000680477,0,0,0
2645,0.000272435,-7.69386e-006,-0.000458664,0,0,0
2646,0.000387085,6.52948e-006,-0.000673428,0,0,0
2647,0.000362399,-8.60484e-017,-0.000596481,0,0,0
2648,0.000387085,-6.52948e-006,-0.000673428,0,0,0
2649,0.000476984,1.82679e-005,-0.000628526,0,0,0
2650,0.000494026,-1.2098e-016,-0.000622434,0,0,0
2651,0.000476984,-1.82679e-005,-0.000628526,0,0,0
2652,0.000569979,-1.90601e-005,-0.000678268,0,0,0
2653,0.000557872,-1.43708e-016,-0.000774404,0,0,0
2654,0.000569979,1.90601e-005,-0.000678268,0,0,0
2655,0.000229641,3.13736e-005,-0.000328964,0,0,0
2656,0.000169153,-8.46965e-017,-0.000802777,0,0,0
2657,0.000229641,-3.13736e-005,-0.000328964,0,0,0
2658,0.000288726,2.05948e-005,-0.000760824,0,0,0
2659,0.000305711,-5.93855e-017,-0.000468315,0,0,0
2660,0.000288726,-2.05948e-005,-0.000760824,0,0,0
2661,0.000397498,2.07916e-005,-0.000582879,0,0,0
2662,0.000400014,-1.20333e-016,-0.000724365,0,0,0
2663,0.000397498,-2.07916e-005,-0.000582879,0,0,0
2664,0.000505279,-2.13178e-005,-0.000752695,0,0,0
2665,0.000496365,-1.43745e-016,-0.000734099,0,0,0
2666,0.000505279,2.13178e-005,-0.000752695,0,0,0
2667,0.000585694,3.13144e-005,-0.000726451,0,0,0
2668,0.000591379,-1.75204e-016,-0.000644632,0,0,0
2669,0.000585694,-3.13144e-005,-0.000726451,0,0,0
2670,0.000166717,5.81958e-006,-0.000776005,0,0,0
2671,0.000286473,-2.66714e-017,-0.000367461,0,0,0
2672,0.000166717,-5.81958e-006,-0.000776005,0,0,0
2673,0.000342252,1.25864e-005,-0.000519643,0,0,0
2674,0.000258182,-1.29017e-016,-0.000818667,0,0,0
2675,0.000342252,-1.25864e-005,-0.000519643,0,0,0
2676,0.000407221,-2.1174e-006,-0.000805206,0,0,0
2677,0.000448678,-1.26337e-016,-0.000661844,0,0,0
2678,0.000407221,2.1174e-006,-0.000805206,0,0,0
2679,0.000524195,3.64029e-005,-0.000710073,0,0,0
2680,0.000505957,-1.66862e-016,-0.000735491,0,0,0
2681,0.000524195,-3.64029e-005,-0.000710073,0,0,0
2682,0.000631057,-4.93494e-005,-0.000806359,0,0,0
2683,0.000644272,-1.99446e-016,-0.000899639,0,0,0
2684,0.000631057,4.93494e-005,-0.000806359,0,0,0
2685,0.000273982,6.78643e-005,-0.000463306,0,0,0
2686,0.000115753,-1.39318e-016,-0.000879036,0,0,0
2687,0.000273982,-6.78643e-005,-0.000463306,0,0,0
2688,0.000259017,2.1572e-005,-0.000883091,0,0,0
2689,0.000443955,-8.91214e-017,-0.000531844,0,0,0
2690,0.000259017,-2.1572e-005,-0.000883091,0,0,0
2691,0.000469665,3.26389e-005,-0.000654997,0,0,0
2692,0.000346355,-1.69556e-016,-0.000872553,0,0,0
2693,0.000469665,-3.26389e-005,-0.000654997,0,0,0
2694,0.000544136,-4.73192e-005,-0.000895228,0,0,0
2695,0.000624681,-1.97362e-016,-0.000826558,0,0,0
2696,0.000544136,4.73192e-005,-0.000895228,0,0,0
2697,0.000674766,5.76738e-005,-0.000796718,0,0,0
2698,0.000598234,-2.28889e-016,-0.00075797,0,0,0
2699,0.000674766,-5.76738e-005,-0.000796718,0,0,0
2700,0.000218883,-3.65971e-005,-0.00077271,0,0,0
2701,0.000349332,-4.9094e-017,-0.000578354,0,0,0
2702,0.000218883,3.65971e-005,-0.00077271,0,0,0
2703,0.000426737,1.89912e-005,-0.000672923,0,0,0
2704,0.000117291,-1.74702e-016,-0.000937112,0,0,0
2705,0.000426737,-1.89912e-005,-0.000672923,0,0,0
2706,0.000381765,-8.2882e-006,-0.000945976,0,0,0
2707,0.000647656,-1.87415e-016,-0.000763241,0,0,0
2708,0.000381765,8.2882e-006,-0.000945976,0,0,0
2709,0.000635932,5.64162e-005,-0.000802637,0,0,0
2710,0.000426613,-2.1641e-016,-0.000899624,0,0,0
2711,0.000635932,-5.64162e-005,-0.000802637,0,0,0
2712,0.000677483,-8.77329e-005,-0.00102238,0,0,0
2713,0.000882717,-2.59172e-016,-0.00101128,0,0,0
2714,0.000677483,8.77329e-005,-0.00102238,0,0,0
2715,0.000101388,0.000118056,-0.000871548,0,0,0
2716,0.000221174,-1.90693e-016,-0.000745523,0,0,0
2717,0.000101388,-0.000118056,-0.000871548,0,0,0
2718,0.000251902,1.60236e-005,-0.000910204,0,0,0
2719,0.000670129,-1.83633e-016,-0.00082767,0,0,0
2720,0.000251902,-1.60236e-005,-0.000910204,0,0,0
2721,0.000565678,3.85266e-005,-0.000893112,0,0,0
2722,0.000125326,-2.01953e-016,-0.00104462,0,0,0
2723,0.000565678,-3.85266e-005,-0.000893112,0,0,0
2724,0.000515197,-4.31004e-005,-0.00109743,0,0,0
2725,0.000923437,-2.62079e-016,-0.000961812,0,0,0
2726,0.000515197,4.31004e-005,-0.00109743,0,0,0
2727,0.000897546,6.79207e-005,-0.000819587,0,0,0
2728,0.00046239,-2.76133e-016,-0.00100843,0,0,0
2729,0.000897546,-6.79207e-005,-0.000819587,0,0,0
2730,0.000875765,-0.000117407,-0.000287599,0,0,0
2731,-2.15636e-005,-2.7299e-016,-0.00144582,0,0,0
2732,0.000875765,0.000117407,-0.000287599,0,0,0
2733,0.000302571,3.89669e-005,-0.00130528,0,0,0
2734,0.000149356,-1.80333e-016,-0.000716245,0,0,0
2735,0.000302571,-3.89669e-005,-0.00130528,0,0,0
2736,0.000457964,5.37163e-005,-0.000978349,0,0,0
2737,0.000867429,-3.19216e-016,-0.00122308,0,0,0
2738,0.000457964,-5.37163e-005,-0.000978349,0,0,0
2739,0.000627287,5.81778e-006,-0.00113877,0,0,0
2740,0.000147791,-1.93164e-016,-0.00118697,0,0,0
2741,0.000627287,-5.81778e-006,-0.00113877,0,0,0
2742,0.000762645,-3.47497e-005,-0.00146066,0,0,0
2743,0.00133323,-2.96116e-016,-0.00112846,0,0,0
2744,0.000762645,3.47497e-005,-0.00146066,0,0,0
2745,7.59556e-005,-4.57767e-005,-0.000336761,0,0,0
2746,-6.20055e-005,2.37457e-017,-0.000191057,0,0,0
2747,7.59556e-005,4.57767e-005,-0.000336761,0,0,0
2748,-8.82508e-005,-1.12461e-005,-0.000205395,0,0,0
2749,2.4917e-005,2.06337e-018,-0.00022342,0,0,0
2750,-8.82508e-005,1.12461e-005,-0.000205395,0,0,0
2751,-9.74142e-006,-2.42117e-005,-7.55209e-005,0,0,0
2752,-5.38068e-005,1.01907e-017,-8.45339e-005,0,0,0
2753,-9.74142e-006,2.42117e-005,-7.55209e-005,0,0,0
2754,-8.88305e-006,-2.19849e-006,-0.000234648,0,0,0
2755,6.83298e-005,-2.0754e-017,-0.000432355,0,0,0
2756,-8.88305e-006,2.19849e-006,-0.000234648,0,0,0
2757,2.91185e-005,-6.05249e-005,-0.000236497,0,0,0
2758,-4.7381e-005,1.29719e-017,-0.000154509,0,0,0
2759,2.91185e-005,6.05249e-005,-0.000236497,0,0,0
2760,-3.59808e-005,-1.54609e-005,-0.000100605,0,0,0
2761,5.25071e-007,-4.27328e-019,-0.000130594,0,0,0
2762,-3.59808e-005,1.54609e-005,-0.000100605,0,0,0
2763,4.71658e-005,-5.07643e-005,-0.000392658,0,0,0
2764,4.66959e-005,1.8262e-017,-0.000246227,0,0,0
2765,4.71658e-005,5.07643e-005,-0.000392658,0,0,0
2766,-1.48635e-005,-1.92313e-005,-0.000241285,0,0,0
2767,2.54659e-005,-1.17373e-017,-0.000267784,0,0,0
2768,-1.48635e-005,1.92313e-005,-0.000241285,0,0,0
2769,4.43409e-006,-3.80805e-005,-9.78653e-005,0,0,0
2770,-1.92582e-005,1.20927e-017,-0.000101848,0,0,0
2771,4.43409e-006,3.80805e-005,-9.78653e-005,0,0,0
2772,9.05724e-005,-2.3274e-005,-0.000281189,0,0,0
2773,1.6226e-005,-4.45539e-017,-0.000513361,0,0,0
2774,9.05724e-005,2.3274e-005,-0.000281189,0,0,0
2775,1.27499e-005,-8.08202e-005,-0.000292542,0,0,0
2776,3.11664e-005,1.84069e-017,-0.000163375,0,0,0
2777,1.27499e-005,8.08202e-005,-0.000292542,0,0,0
2778,-7.40741e-006,-1.38355e-005,-0.000110329,0,0,0
2779,-1.91144e-006,-7.51911e-018,-0.000164312,0,0,0
2780,-7.40741e-006,1.38355e-005,-0.000110329,0,0,0
2781,5.24966e-006,-3.61273e-005,-0.00046042,0,0,0
2782,0.000160377,2.68831e-017,-0.00026956,0,0,0
2783,5.24966e-006,3.61273e-005,-0.00046042,0,0,0
2784,6.29984e-005,-2.1272e-005,-0.00025842,0,0,0
2785,-2.98774e-005,-2.63393e-017,-0.000346312,0,0,0
2786,6.29984e-005,2.1272e-005,-0.00025842,0,0,0
2787,-7.45616e-006,-5.41994e-005,-0.000125668,0,0,0
2788,2.43575e-005,1.9334e-017,-0.000100363,0,0,0
2789,-7.45616e-006,5.41994e-005,-0.000125668,0,0,0
2790,0.000156827,-7.51261e-005,-0.000326691,0,0,0
2791,-4.79173e-005,-7.90468e-017,-0.000627225,0,0,0
2792,0.000156827,7.51261e-005,-0.000326691,0,0,0
2793,-4.70674e-005,-9.32459e-005,-0.00037777,0,0,0
2794,0.000149658,2.54406e-017,-0.000140798,0,0,0
2795,-4.70674e-005,9.32459e-005,-0.00037777,0,0,0
2796,4.14165e-005,-1.03949e-005,-0.000109579,0,0,0
2797,-4.78772e-005,-1.20194e-017,-0.000220135,0,0,0
2798,4.14165e-005,1.03949e-005,-0.000109579,0,0,0
2799,4.3662e-005,3.55847e-005,-0.000533395,0,0,0
2800,0.000208017,2.30774e-017,-0.000313638,0,0,0
2801,4.3662e-005,-3.55847e-005,-0.000533395,0,0,0
2802,0.000162689,-4.49347e-005,-0.000270997,0,0,0
2803,-0.000135932,-3.7754e-017,-0.000473164,0,0,0
2804,0.000162689,4.49347e-005,-0.000270997,0,0,0
2805,-5.09114e-005,-5.93618e-005,-0.000175432,0,0,0
2806,0.000112873,2.00357e-017,-8.78635e-005,0,0,0
2807,-5.09114e-005,5.93618e-005,-0.000175432,0,0,0
2808,-3.02792e-005,-0.000186172,-0.000501857,0,0,0
2809,0.000110702,-1.01766e-016,-0.0007028,0,0,0
2810,-3.02792e-005,0.000186172,-0.000501857,0,0,0
2811,-4.93577e-005,-3.59112e-005,-0.000471965,0,0,0
2812,0.00027208,-3.88026e-018,-0.000151753,0,0,0
2813,-4.93577e-005,3.59112e-005,-0.000471965,0,0,0
2814,0.000113458,-3.32616e-005,-0.000120256,0,0,0
2815,-9.71023e-005,-1.75581e-017,-0.000281203,0,0,0
2816,0.000113458,3.32616e-005,-0.000120256,0,0,0
2817,0.000756319,0.000246721,-0.000356733,0,0,0
2818,-0.000272079,-1.00678e-016,-0.00066351,0,0,0
2819,0.000756319,-0.000246721,-0.000356733,0,0,0
2820,1.02124e-005,-0.000152943,-0.000465464,0,0,0
2821,9.58005e-005,-4.46547e-017,-0.000446724,0,0,0
2822,1.02124e-005,0.000152943,-0.000465464,0,0,0
2823,5.95426e-005,-5.97845e-006,-0.000162891,0,0,0
2824,0.000122178,-2.33398e-017,-0.000146134,0,0,0
2825,5.95426e-005,5.97845e-006,-0.000162891,0,0,0
2826,0.00672395,0.00273229,-0.00433432,0,0,0
2827,0.00672395,-0.00273229,-0.00433432,0,0,0
2828,-0.000409058,-0.000264899,-0.000619286,0,0,0
2829,-0.000619005,-5.81927e-006,-0.000448438,0,0,0
2830,-0.000619005,5.81927e-006,-0.000448438,0,0,0
2831,-0.000409058,0.000264899,-0.000619286,0,0,0
2832,0,0,0,0,0,0
2833,0,0,0,0,0,0
2834,0,0,0,0,0,0
2835,0,0,0,0,0,0
2836,-0.00571753,-0.000747432,0.00194023,0,0,0
2837,0.00469375,-1.08885e-016,-0.00335011,0,0,0
2838,-0.00571753,0.000747432,0.00194023,0,0,0
2839,-0.00286597,0.000217402,0.00067565,0,0,0
2840,0.000904608,0.000289693,-0.00216964,0,0,0
2841,-0.00124954,-0.000696772,-0.00056287,0,0,0
2842,-0.000183289,0.000682015,-0.00159194,0,0,0
2843,-0.000865637,-0.000871425,-0.00148799,0,0,0
2844,-0.000865637,0.000871425,-0.00148799,0,0,0
2845,-0.000183289,-0.000682015,-0.00159194,0,0,0
2846,-0.00124954,0.000696772,-0.00056287,0,0,0
2847,0.000904608,-0.000289693,-0.00216964,0,0,0
2848,-0.00286597,-0.000217402,0.00067565,0,0,0
2849,0.000318287,0.000101194,1.1697e-006,0,0,0
2850,-0.000419926,1.76672e-017,-0.000543911,0,0,0
2851,0.000318287,-0.000101194,1.1697e-006,0,0,0
2852,-0.000536833,1.55089e-005,-0.000368482,0,0,0
2853,-0.000437711,-3.24696e-005,-0.000487095,0,0,0
2854,-0.000367624,-5.27693e-006,-0.000366728,0,0,0
2855,-0.000196496,-2.92419e-005,-0.000339089,0,0,0
2856,-0.000178977,-6.82519e-006,-0.000455342,0,0,0
2857,-0.000619312,1.5082e-006,-0.000569138,0,0,0
2858,-0.000586727,4.10066e-017,-0.000456872,0,0,0
2859,-0.000619312,-1.5082e-006,-0.000569138,0,0,0
2860,-0.000178977,6.82519e-006,-0.000455342,0,0,0
2861,-0.000196496,2.92419e-005,-0.000339089,0,0,0
2862,-0.000367624,5.27693e-006,-0.000366728,0,0,0
2863,-0.000437711,3.24696e-005,-0.000487095,0,0,0
2864,-0.000536833,-1.55089e-005,-0.000368482,0,0,0
2865,-0.000695619,0.000185294,-0.00134675,0,0,0
2866,-0.00117759,-0.0001807,-0.000873234,0,0,0
2867,-0.000739816,-2.86037e-006,-0.00100817,0,0,0
2868,-0.000786864,-4.55599e-005,-0.000804822,0,0,0
2869,-0.000701347,-1.98217e-005,-0.000826907,0,0,0
2870,-0.000661543,-9.5498e-006,-0.000718725,0,0,0
2871,-0.000650526,-1.00261e-005,-0.000699658,0,0,0
2872,-0.000625391,3.04127e-006,-0.000607345,0,0,0
2873,-0.000642243,-3.62727e-007,-0.00055724,0,0,0
2874,0.000188899,-0.000210747,3.05896e-005,0,0,0
2875,-0.000260736,0.000315178,-0.000761706,0,0,0
2876,-8.94044e-006,-0.000281659,1.33458e-005,0,0,0
2877,-9.71339e-005,0.000499237,-0.0009265,0,0,0
2878,-0.000316127,-0.000541463,9.27312e-005,0,0,0
2879,0.000330243,0.000914682,-0.00122095,0,0,0
2880,-0.00108526,-0.00107766,0.000337137,0,0,0
2881,0.00158637,0.00160191,-0.0019065,0,0,0
2882,-0.00326554,-0.00191567,0.00123418,0,0,0
2883,-0.000642243,3.62727e-007,-0.00055724,0,0,0
2884,-0.000625391,-3.04127e-006,-0.000607345,0,0,0
2885,-0.000650526,1.00261e-005,-0.000699658,0,0,0
2886,-0.000661543,9.5498e-006,-0.000718725,0,0,0
2887,-0.000701347,1.98217e-005,-0.000826907,0,0,0
2888,-0.000786864,4.55599e-005,-0.000804822,0,0,0
2889,-0.000739816,2.86037e-006,-0.00100817,0,0,0
2890,-0.00117759,0.0001807,-0.000873234,0,0,0
2891,-0.000695619,-0.000185294,-0.00134675,0,0,0
2892,-0.00326554,0.00191567,0.00123418,0,0,0
2893,0.00158637,-0.00160191,-0.0019065,0,0,0
2894,-0.00108526,0.00107766,0.000337137,0,0,0
2895,0.000330243,-0.000914682,-0.00122095,0,0,0
2896,-0.000316127,0.000541463,9.27312e-005,0,0,0
2897,-9.71339e-005,-0.000499237,-0.0009265,0,0,0
2898,-8.94044e-006,0.000281659,1.33458e-005,0,0,0
2899,-0.000260736,-0.000315178,-0.000761706,0,0,0
2900,0.000188899,0.000210747,3.05896e-005,0,0,0
2901,-0.00276109,-0.000893825,0.000696597,0,0,0
2902,0.00105619,0.000596184,-0.00107844,0,0,0
2903,-0.000632692,-0.000109749,-4.03196e-005,0,0,0
2904,0,0,0,0,0,0
2905,0,0,0,0,0,0
2906,0,0,0,0,0,0
2907,-0.000632692,0.000109749,-4.03196e-005,0,0,0
2908,0.00105619,-0.000596184,-0.00107844,0,0,0
2909,-0.00276109,0.000893825,0.000696597,0,0,0
2910,2.76835e-005,6.50712e-005,-0.000108605,0,0,0
2911,0.000143099,-4.59274e-007,-0.000183963,0,0,0
2912,-9.62073e-005,7.8339e-005,-0.000266002,0,0,0
2913,0,0,0,0,0,0
2914,0,0,0,0,0,0
2915,0,0,0,0,0,0
2916,-9.62073e-005,-7.8339e-005,-0.000266002,0,0,0
2917,0.000143099,4.59274e-007,-0.000183963,0,0,0
2918,2.76835e-005,-6.50712e-005,-0.000108605,0,0,0
2919,0,0,0,0,0,0
2920,0,0,0,0,0,0
2921,0,0,0,0,0,0
2922,0,0,0,0,0,0
2923,0,0,0,0,0,0
2924,0,0,0,0,0,0
2925,0,0,0,0,0,0
2926,0,0,0,0,0,0
2927,0,0,0,0,0,0
2928,0,0,0,0,0,0
2929,0,0,0,0,0,0
2930,0,0,0,0,0,0
2931,0,0,0,0,0,0
2932,0,0,0,0,0,0
2933,0,0,0,0,0,0
2934,0,0,0,0,0,0
2935,0,0,0,0,0,0
2936,0,0,0,0,0,0
2937,0.00184457,0.000335877,-0.00268803,0,0,0
2938,-0.00207967,4.7959e-017,0.000665041,0,0,0
2939,0.00184457,-0.000335877,-0.00268803,0,0,0
2940,-0.0015787,0.00010318,2.31407e-006,0,0,0
2941,0.000400128,-1.62685e-016,-0.00226025,0,0,0
2942,-0.0015787,-0.00010318,2.31407e-006,0,0,0
2943,0.000356193,-0.000141203,-0.00186396,0,0,0
2944,-0.000937721,1.21515e-016,-0.000534999,0,0,0
2945,0.000356193,0.000141203,-0.00186396,0,0,0
2946,-0.00137705,0.000245881,-0.00111915,0,0,0
2947,-0.000457375,2.20906e-017,-0.00165234,0,0,0
2948,-0.00137705,-0.000245881,-0.00111915,0,0,0
2949,-9.27282e-005,-0.000186443,-0.00120362,0,0,0
2950,-0.000724309,2.13842e-016,-0.00162956,0,0,0
2951,-9.27282e-005,0.000186443,-0.00120362,0,0,0
2952,-0.000127319,8.33814e-006,-0.000122197,0,0,0
2953,-0.000204051,5.69376e-018,-0.000539492,0,0,0
2954,-0.000127319,-8.33814e-006,-0.000122197,0,0,0
2955,-0.000267194,1.58596e-005,-0.000462585,0,0,0
2956,-0.000171167,2.34899e-017,-0.000281587,0,0,0
2957,-0.000267194,-1.58596e-005,-0.000462585,0,0,0
2958,-0.000341387,8.57373e-006,-0.000357632,0,0,0
2959,-0.00039975,1.50162e-017,-0.000416986,0,0,0
2960,-0.000341387,-8.57373e-006,-0.000357632,0,0,0
2961,-0.000431283,2.40335e-006,-0.000460224,0,0,0
2962,-0.000404351,2.56278e-017,-0.000466458,0,0,0
2963,-0.000431283,-2.40335e-006,-0.000460224,0,0,0
2964,-0.000565606,1.3278e-005,-0.000456456,0,0,0
2965,-0.000565236,2.61293e-017,-0.000385895,0,0,0
2966,-0.000565606,-1.3278e-005,-0.000456456,0,0,0
2967,0.000598054,0.000485079,-0.00146643,0,0,0
2968,-0.000528438,0.000169133,-0.000733556,0,0,0
2969,-0.000546631,-0.000206581,-0.0011655,0,0,0
2970,-0.000370148,0.000351308,-0.00116133,0,0,0
2971,-0.00112377,-0.000361097,-0.00107788,0,0,0
2972,-0.000410081,-0.000259601,-0.000609302,0,0,0
2973,-0.000420713,4.10055e-005,-0.000814998,0,0,0
2974,-0.000336052,0.000124974,-0.00104329,0,0,0
2975,-0.000701437,-8.92216e-005,-0.000914484,0,0,0
2976,-0.000693525,7.14885e-005,-0.000945364,0,0,0
2977,-0.00023893,0.000264403,-0.000699956,0,0,0
2978,-0.000227384,3.65756e-005,-0.000875394,0,0,0
2979,-0.000498417,4.24643e-006,-0.00074952,0,0,0
2980,-0.000586002,2.01721e-005,-0.000873974,0,0,0
2981,-0.000720598,-3.85202e-005,-0.000986066,0,0,0
2982,-0.000167978,-7.77887e-005,-0.000733385,0,0,0
2983,-0.000382987,5.84841e-005,-0.000586498,0,0,0
2984,-0.000426359,6.38997e-006,-0.00082466,0,0,0
2985,-0.000523589,3.1777e-005,-0.000817695,0,0,0
2986,-0.000717351,-4.41239e-005,-0.000740016,0,0,0
2987,-0.000255257,0.000128226,-0.000470739,0,0,0
2988,-0.000280864,2.48382e-005,-0.000726646,0,0,0
2989,-0.000405912,3.98586e-005,-0.000689659,0,0,0
2990,-0.00056599,-2.44763e-005,-0.000701336,0,0,0
2991,-0.000583953,2.18839e-005,-0.000881647,0,0,0
2992,-0.000173673,-4.37862e-006,-0.000682957,0,0,0
2993,-0.000294876,4.88541e-005,-0.000533501,0,0,0
2994,-0.000416628,-5.9032e-006,-0.00066341,0,0,0
2995,-0.000471141,4.41788e-005,-0.000745137,0,0,0
2996,-0.000629415,-4.25719e-005,-0.000630756,0,0,0
2997,-0.000183974,6.64583e-005,-0.000376327,0,0,0
2998,-0.000296483,2.11011e-005,-0.000596763,0,0,0
2999,-0.000359391,3.64746e-005,-0.000635482,0,0,0
3000,-0.000503155,-1.46909e-005,-0.000586445,0,0,0
3001,-0.000551066,2.83333e-005,-0.000770374,0,0,0
3002,-0.000189278,1.38757e-005,-0.00059562,0,0,0
3003,-0.000233271,3.77357e-005,-0.000475814,0,0,0
3004,-0.000388845,8.17995e-007,-0.000532148,0,0,0
3005,-0.000448308,3.55025e-005,-0.000644975,0,0,0
3006,-0.000567235,-2.5388e-005,-0.000524316,0,0,0
3007,-0.00011771,4.22677e-005,-0.000282683,0,0,0
3008,-0.000293619,1.90766e-005,-0.000461787,0,0,0
3009,-0.000328424,2.78149e-005,-0.000529866,0,0,0
3010,-0.000467567,-1.79884e-006,-0.000455483,0,0,0
3011,-0.000541985,2.64224e-005,-0.000628539,0,0,0
3012,0.000598054,-0.000485079,-0.00146643,0,0,0
3013,-0.000528438,-0.000169133,-0.000733556,0,0,0
3014,-0.000546631,0.000206581,-0.0011655,0,0,0
3015,-0.000370148,-0.000351308,-0.00116133,0,0,0
3016,-0.00112377,0.000361097,-0.00107788,0,0,0
3017,-0.000410081,0.000259601,-0.000609302,0,0,0
3018,-0.000420713,-4.10055e-005,-0.000814998,0,0,0
3019,-0.000336052,-0.000124974,-0.00104329,0,0,0
3020,-0.000701437,8.92216e-005,-0.000914484,0,0,0
3021,-0.000693525,-7.14885e-005,-0.000945364,0,0,0
3022,-0.00023893,-0.000264403,-0.000699956,0,0,0
3023,-0.000227384,-3.65756e-005,-0.000875394,0,0,0
3024,-0.000498417,-4.24643e-006,-0.00074952,0,0,0
3025,-0.000586002,-2.01721e-005,-0.000873974,0,0,0
3026,-0.000720598,3.85202e-005,-0.000986066,0,0,0
3027,-0.000167978,7.77887e-005,-0.000733385,0,0,0
3028,-0.000382987,-5.84841e-005,-0.000586498,0,0,0
3029,-0.000426359,-6.38997e-006,-0.00082466,0,0,0
3030,-0.000523589,-3.1777e-005,-0.000817695,0,0,0
3031,-0.000717351,4.41239e-005,-0.000740016,0,0,0
3032,-0.000255257,-0.000128226,-0.000470739,0,0,0
3033,-0.000280864,-2.48382e-005,-0.000726646,0,0,0
3034,-0.000405912,-3.98586e-005,-0.000689659,0,0,0
3035,-0.00056599,2.44763e-005,-0.000701336,0,0,0
3036,-0.000583953,-2.18839e-005,-0.000881647,0,0,0
3037,-0.000173673,4.37862e-006,-0.000682957,0,0,0
3038,-0.000294876,-4.88541e-005,-0.000533501,0,0,0
3039,-0.000416628,5.9032e-006,-0.00066341,0,0,0
3040,-0.000471141,-4.41788e-005,-0.000745137,0,0,0
3041,-0.000629415,4.25719e-005,-0.000630756,0,0,0
3042,-0.000183974,-6.64583e-005,-0.000376327,0,0,0
3043,-0.000296483,-2.11011e-005,-0.000596763,0,0,0
3044,-0.000359391,-3.64746e-005,-0.000635482,0,0,0
3045,-0.000503155,1.46909e-005,-0.000586445,0,0,0
3046,-0.000551066,-2.83333e-005,-0.000770374,0,0,0
3047,-0.000189278,-1.38757e-005,-0.00059562,0,0,0
3048,-0.000233271,-3.77357e-005,-0.000475814,0,0,0
3049,-0.000388845,-8.17995e-007,-0.000532148,0,0,0
3050,-0.000448308,-3.55025e-005,-0.000644975,0,0,0
3051,-0.000567235,2.5388e-005,-0.000524316,0,0,0
3052,-0.00011771,-4.22677e-005,-0.000282683,0,0,0
3053,-0.000293619,-1.90766e-005,-0.000461787,0,0,0
3054,-0.000328424,-2.78149e-005,-0.000529866,0,0,0
3055,-0.000467567,1.79884e-006,-0.000455483,0,0,0
3056,-0.000541985,-2.64224e-005,-0.000628539,0,0,0
3057,0.00275928,0.000787381,-0.00237246,0,0,0
3058,-0.00292545,-1.21296e-016,0.000744208,0,0,0
3059,0.00275928,-0.000787381,-0.00237246,0,0,0
3060,-0.00175386,-0.000634299,0.000365594,0,0,0
3061,0.00128548,8.24053e-017,-0.00158995,0,0,0
3062,-0.00175386,0.000634299,0.000365594,0,0,0
3063,0.000707959,0.00055791,-0.00137914,0,0,0
3064,-0.000904983,-3.42924e-017,8.05809e-005,0,0,0
3065,0.000707959,-0.00055791,-0.00137914,0,0,0
3066,-0.000555485,-0.00035909,2.63752e-005,0,0,0
3067,0.000207463,5.56725e-017,-0.00104645,0,0,0
3068,-0.000555485,0.00035909,2.63752e-005,0,0,0
3069,1.57593e-005,0.000329409,-0.00100124,0,0,0
3070,-0.00024347,-9.31082e-018,-7.15206e-005,0,0,0
3071,1.57593e-005,-0.000329409,-0.00100124,0,0,0
3072,-0.000107848,-0.000190548,-7.24249e-005,0,0,0
3073,-0.000154149,3.95658e-017,-0.000814439,0,0,0
3074,-0.000107848,0.000190548,-7.24249e-005,0,0,0
3075,-0.000222125,0.000195159,-0.000802956,0,0,0
3076,1.25824e-005,1.13778e-018,-0.000102533,0,0,0
3077,-0.000222125,-0.000195159,-0.000802956,0,0,0
3078,0.000102817,-0.00011526,-8.23892e-005,0,0,0
3079,-0.000282296,2.49462e-017,-0.000676962,0,0,0
3080,0.000102817,0.00011526,-8.23892e-005,0,0,0
3081,-0.000348348,0.000138969,-0.000660542,0,0,0
3082,0.000183656,4.54211e-018,-6.21343e-005,0,0,0
3083,-0.000348348,-0.000138969,-0.000660542,0,0,0
3084,-0.0013214,3.50309e-005,-0.000312993,0,0,0
3085,-0.00042789,1.06177e-016,-0.00157486,0,0,0
3086,-0.0013214,-3.50309e-005,-0.000312993,0,0,0
3087,-0.000714552,-0.000138129,-0.00158607,0,0,0
3088,-0.00139899,8.40502e-017,-0.000887386,0,0,0
3089,-0.000714552,0.000138129,-0.00158607,0,0,0
3090,-0.000956055,5.11068e-005,-0.000615428,0,0,0
3091,-0.00056084,5.20336e-017,-0.0010216,0,0,0
3092,-0.000956055,-5.11068e-005,-0.000615428,0,0,0
3093,-0.00068598,-7.45685e-005,-0.0010947,0,0,0
3094,-0.00089675,6.17648e-017,-0.000855681,0,0,0
3095,-0.00068598,7.45685e-005,-0.0010947,0,0,0
3096,-0.000732332,1.94693e-005,-0.000648321,0,0,0
3097,-0.000625888,2.87854e-017,-0.000813953,0,0,0
3098,-0.000732332,-1.94693e-005,-0.000648321,0,0,0
3099,-0.000644366,-2.85359e-005,-0.000880417,0,0,0
3100,-0.000692254,5.45337e-017,-0.000750898,0,0,0
3101,-0.000644366,2.85359e-005,-0.000880417,0,0,0
3102,-0.000650642,2.88541e-006,-0.00058022,0,0,0
3103,-0.000634343,2.16143e-017,-0.000697168,0,0,0
3104,-0.000650642,-2.88541e-006,-0.00058022,0,0,0
3105,-0.000623707,-5.84153e-006,-0.000733189,0,0,0
3106,-0.000618093,4.81808e-017,-0.000620301,0,0,0
3107,-0.000623707,5.84153e-006,-0.000733189,0,0,0
3108,-0.000635728,-2.25393e-006,-0.000449267,0,0,0
3109,-0.000657348,1.69457e-017,-0.000561387,0,0,0
3110,-0.000635728,2.25393e-006,-0.000449267,0,0,0
3111,0.00203372,-0.000454441,-0.00158135,0,0,0
3112,-0.00214227,-4.20687e-017,0.000222857,0,0,0
3113,0.00203372,0.000454441,-0.00158135,0,0,0
3114,-0.00118292,0.000117942,-6.86018e-006,0,0,0
3115,0.000743508,-6.83386e-017,-0.000775312,0,0,0
3116,-0.00118292,-0.000117942,-6.86018e-006,0,0,0
3117,0.000291924,-0.000114513,-0.00039055,0,0,0
3118,-0.000536998,2.25988e-018,-0.000119121,0,0,0
3119,0.000291924,0.000114513,-0.00039055,0,0,0
3120,9.74061e-005,1.1566e-005,-0.000145586,0,0,0
3121,-9.71919e-005,5.21772e-019,-0.000347961,0,0,0
3122,9.74061e-005,-1.1566e-005,-0.000145586,0,0,0
3123,-2.20649e-005,-4.77681e-005,-0.00019537,0,0,0
3124,0.000118557,9.42748e-018,-0.00012104,0,0,0
3125,-2.20649e-005,4.77681e-005,-0.00019537,0,0,0
3126,9.1333e-005,-9.82152e-006,-0.000105834,0,0,0
3127,4.6501e-005,4.75185e-019,-0.000125875,0,0,0
3128,9.1333e-005,9.82152e-006,-0.000105834,0,0,0
3129,0.000952353,-0.000787168,-0.00131473,0,0,0
3130,-0.00045704,0.000127112,-0.000131701,0,0,0
3131,4.66173e-005,-0.000179769,-0.00031894,0,0,0
3132,-0.000371548,0.000331544,-0.000263302,0,0,0
3133,-1.77004e-005,-0.000172994,-0.00049297,0,0,0
3134,-3.1351e-005,-0.000131958,-0.000155403,0,0,0
3135,-6.69921e-005,-0.00032622,-0.000595574,0,0,0
3136,1.8236e-005,-9.42833e-005,-0.000224784,0,0,0
3137,-3.60223e-005,-8.86881e-005,-0.000268549,0,0,0
3138,-1.93001e-005,2.16241e-005,-0.000398901,0,0,0
3139,-8.99103e-005,-6.62638e-005,-0.000340221,0,0,0
3140,1.58038e-005,-0.000140419,-0.000133684,0,0,0
3141,-0.000117981,-0.000127101,-0.000418662,0,0,0
3142,1.31107e-005,-0.000120405,-0.000212449,0,0,0
3143,-2.17041e-006,-7.90531e-005,-0.000217817,0,0,0
3144,-2.45401e-005,-7.14489e-005,-0.000376731,0,0,0
3145,-1.39349e-005,-4.45127e-005,-0.00027813,0,0,0
3146,-1.40109e-007,-0.000108946,-0.000124354,0,0,0
3147,-3.12713e-005,-4.7747e-005,-0.000337122,0,0,0
3148,-1.95964e-005,-9.79376e-005,-0.00018909,0,0,0
3149,2.92696e-005,-7.45821e-005,-0.000175782,0,0,0
3150,-6.10072e-005,-8.6792e-005,-0.000336143,0,0,0
3151,5.7683e-005,-3.07288e-005,-0.000228861,0,0,0
3152,5.00087e-006,-8.17979e-005,-0.000110368,0,0,0
3153,7.47418e-005,-6.56741e-006,-0.000261604,0,0,0
3154,-2.05393e-005,-7.59547e-005,-0.000163304,0,0,0
3155,6.19276e-005,-5.47862e-005,-0.000134133,0,0,0
3156,0.000952353,0.000787168,-0.00131473,0,0,0
3157,-0.00045704,-0.000127112,-0.000131701,0,0,0
3158,4.66173e-005,0.000179769,-0.00031894,0,0,0
3159,-0.000371548,-0.000331544,-0.000263302,0,0,0
3160,-1.77004e-005,0.000172994,-0.00049297,0,0,0
3161,-3.1351e-005,0.000131958,-0.000155403,0,0,0
3162,-6.69921e-005,0.00032622,-0.000595574,0,0,0
3163,1.8236e-005,9.42833e-005,-0.000224784,0,0,0
3164,-3.60223e-005,8.86881e-005,-0.000268549,0,0,0
3165,-1.93001e-005,-2.16241e-005,-0.000398901,0,0,0
3166,-8.99103e-005,6.62638e-005,-0.000340221,0,0,0
3167,1.58038e-005,0.000140419,-0.000133684,0,0,0
3168,-0.000117981,0.000127101,-0.000418662,0,0,0
3169,1.31107e-005,0.000120405,-0.000212449,0,0,0
3170,-2.17041e-006,7.90531e-005,-0.000217817,0,0,0
3171,-2.45401e-005,7.14489e-005,-0.000376731,0,0,0
3172,-1.39349e-005,4.45127e-005,-0.00027813,0,0,0
3173,-1.40109e-007,0.000108946,-0.000124354,0,0,0
3174,-3.12713e-005,4.7747e-005,-0.000337122,0,0,0
3175,-1.95964e-005,9.79376e-005,-0.00018909,0,0,0
3176,2.92696e-005,7.45821e-005,-0.000175782,0,0,0
3177,-6.10072e-005,8.6792e-005,-0.000336143,0,0,0
3178,5.7683e-005,3.07288e-005,-0.000228861,0,0,0
3179,5.00087e-006,8.17979e-005,-0.000110368,0,0,0
3180,7.47418e-005,6.56741e-006,-0.000261604,0,0,0
3181,-2.05393e-005,7.59547e-005,-0.000163304,0,0,0
3182,6.19276e-005,5.47862e-005,-0.000134133,0,0,0
3183,0,0,0,0,0,0
3184,0,0,0,0,0,0
3185,0,0,0,0,0,0
3186,0,0,0,0,0,0
3187,0,0,0,0,0,0
3188,0,0,0,0,0,0
3189,0,0,0,0,0,0
3190,0,0,0,0,0,0
3191,0,0,0,0,0,0
3192,0,0,0,0,0,0
3193,0,0,0,0,0,0
3194,0,0,0,0,0,0
3195,0,0,0,0,0,0
3196,0,0,0,0,0,0
3197,0,0,0,0,0,0
3198,0,0,0,0,0,0
3199,0,0,0,0,0,0
3200,0,0,0,0,0,0
3201,0,0,0,0,0,0
3202,0,0,0,0,0,0
3203,0,0,0,0,0,0
3204,0,0,0,0,0,0
3205,0,0,0,0,0,0
3206,0,0,0,0,0,0
3207,0,0,0,0,0,0
3208,0,0,0,0,0,0
3209,0,0,0,0,0,0
3210,-0.000875765,-0.000117407,-0.000287599,0,0,0
3211,2.15636e-005,-5.49995e-017,-0.00144582,0,0,0
3212,-0.000875765,0.000117407,-0.000287599,0,0,0
3213,-0.000302571,3.89669e-005,-0.00130528,0,0,0
3214,-0.000149356,3.1923e-017,-0.000716245,0,0,0
3215,-0.000302571,-3.89669e-005,-0.00130528,0,0,0
3216,-0.000457964,5.37163e-005,-0.000978349,0,0,0
3217,-0.000867429,-1.30782e-017,-0.00122308,0,0,0
3218,-0.000457964,-5.37163e-005,-0.000978349,0,0,0
3219,-0.000627287,5.81778e-006,-0.00113877,0,0,0
3220,-0.000147791,9.81677e-017,-0.00118697,0,0,0
3221,-0.000627287,-5.81778e-006,-0.00113877,0,0,0
3222,-0.000762645,-3.47497e-005,-0.00146066,0,0,0
3223,-0.00133323,7.7656e-017,-0.00112846,0,0,0
3224,-0.000762645,3.47497e-005,-0.00146066,0,0,0
3225,-0.000101388,0.000118056,-0.000871548,0,0,0
3226,-0.000221174,-1.9824e-017,-0.000745523,0,0,0
3227,-0.000101388,-0.000118056,-0.000871548,0,0,0
3228,-0.000251902,1.60236e-005,-0.000910204,0,0,0
3229,-0.000670129,1.42335e-017,-0.00082767,0,0,0
3230,-0.000251902,-1.60236e-005,-0.000910204,0,0,0
3231,-0.000565678,3.85266e-005,-0.000893112,0,0,0
3232,-0.000125326,3.33629e-017,-0.00104462,0,0,0
3233,-0.000565678,-3.85266e-005,-0.000893112,0,0,0
3234,-0.000515197,-4.31004e-005,-0.00109743,0,0,0
3235,-0.000923437,3.85366e-017,-0.000961812,0,0,0
3236,-0.000515197,4.31004e-005,-0.00109743,0,0,0
3237,-0.000897546,6.79207e-005,-0.000819587,0,0,0
3238,-0.00046239,6.32937e-017,-0.00100843,0,0,0
3239,-0.000897546,-6.79207e-005,-0.000819587,0,0,0
3240,-0.000218883,-3.65971e-005,-0.00077271,0,0,0
3241,-0.000349332,5.91466e-017,-0.000578354,0,0,0
3242,-0.000218883,3.65971e-005,-0.00077271,0,0,0
3243,-0.000426737,1.89912e-005,-0.000672923,0,0,0
3244,-0.000117291,2.41574e-018,-0.000937112,0,0,0
3245,-0.000426737,-1.89912e-005,-0.000672923,0,0,0
3246,-0.000381765,-8.2882e-006,-0.000945976,0,0,0
3247,-0.000647656,3.54399e-017,-0.000763241,0,0,0
3248,-0.000381765,8.2882e-006,-0.000945976,0,0,0
3249,-0.000635932,5.64162e-005,-0.000802637,0,0,0
3250,-0.000426613,3.3119e-017,-0.000899624,0,0,0
3251,-0.000635932,-5.64162e-005,-0.000802637,0,0,0
3252,-0.000677483,-8.77329e-005,-0.00102238,0,0,0
3253,-0.000882717,4.3673e-017,-0.00101128,0,0,0
3254,-0.000677483,8.77329e-005,-0.00102238,0,0,0
3255,-0.000273982,6.78643e-005,-0.000463306,0,0,0
3256,-0.000115753,-1.58243e-017,-0.000879036,0,0,0
3257,-0.000273982,-6.78643e-005,-0.000463306,0,0,0
3258,-0.000259017,2.1572e-005,-0.000883091,0,0,0
3259,-0.000443955,4.56314e-017,-0.000531844,0,0,0
3260,-0.000259017,-2.1572e-005,-0.000883091,0,0,0
3261,-0.000469665,3.26389e-005,-0.000654997,0,0,0
3262,-0.000346355,1.59954e-017,-0.000872553,0,0,0
3263,-0.000469665,-3.26389e-005,-0.000654997,0,0,0
3264,-0.000544136,-4.73192e-005,-0.000895228,0,0,0
3265,-0.000624681,3.46132e-017,-0.000826558,0,0,0
3266,-0.000544136,4.73192e-005,-0.000895228,0,0,0
3267,-0.000674766,5.76738e-005,-0.000796718,0,0,0
3268,-0.000598234,4.42964e-017,-0.00075797,0,0,0
3269,-0.000674766,-5.76738e-005,-0.000796718,0,0,0
3270,-0.000166717,5.81958e-006,-0.000776005,0,0,0
3271,-0.000286473,5.40653e-017,-0.000367461,0,0,0
3272,-0.000166717,-5.81958e-006,-0.000776005,0,0,0
3273,-0.000342252,1.25864e-005,-0.000519643,0,0,0
3274,-0.000258182,2.86636e-018,-0.000818667,0,0,0
3275,-0.000342252,-1.25864e-005,-0.000519643,0,0,0
3276,-0.000407221,-2.1174e-006,-0.000805206,0,0,0
3277,-0.000448678,3.98275e-017,-0.000661844,0,0,0
3278,-0.000407221,2.1174e-006,-0.000805206,0,0,0
3279,-0.000524195,3.64029e-005,-0.000710073,0,0,0
3280,-0.000505957,2.56312e-017,-0.000735491,0,0,0
3281,-0.000524195,-3.64029e-005,-0.000710073,0,0,0
3282,-0.000631057,-4.93494e-005,-0.000806359,0,0,0
3283,-0.000644272,3.67612e-017,-0.000899639,0,0,0
3284,-0.000631057,4.93494e-005,-0.000806359,0,0,0
3285,-0.000229641,3.13736e-005,-0.000328964,0,0,0
3286,-0.000169153,-3.42879e-018,-0.000802777,0,0,0
3287,-0.000229641,-3.13736e-005,-0.000328964,0,0,0
3288,-0.000288726,2.05948e-005,-0.000760824,0,0,0
3289,-0.000305711,4.11844e-017,-0.000468315,0,0,0
3290,-0.000288726,-2.05948e-005,-0.000760824,0,0,0
3291,-0.000397498,2.07916e-005,-0.000582879,0,0,0
3292,-0.000400014,1.35017e-017,-0.000724365,0,0,0
3293,-0.000397498,-2.07916e-005,-0.000582879,0,0,0
3294,-0.000505279,-2.13178e-005,-0.000752695,0,0,0
3295,-0.000496365,3.57719e-017,-0.000734099,0,0,0
3296,-0.000505279,2.13178e-005,-0.000752695,0,0,0
3297,-0.000585694,3.13144e-005,-0.000726451,0,0,0
3298,-0.000591379,3.26599e-017,-0.000644632,0,0,0
3299,-0.000585694,-3.13144e-005,-0.000726451,0,0,0
3300,-0.000180795,1.88213e-005,-0.000703076,0,0,0
3301,-0.000189778,3.70729e-017,-0.000291993,0,0,0
3302,-0.000180795,-1.88213e-005,-0.000703076,0,0,0
3303,-0.000272435,7.69386e-006,-0.000458664,0,0,0
3304,-0.000301942,8.76679e-018,-0.000680477,0,0,0
3305,-0.000272435,-7.69386e-006,-0.000458664,0,0,0
3306,-0.000387085,6.52948e-006,-0.000673428,0,0,0
3307,-0.000362399,3.42523e-017,-0.000596481,0,0,0
3308,-0.000387085,-6.52948e-006,-0.000673428,0,0,0
3309,-0.000476984,1.82679e-005,-0.000628526,0,0,0
3310,-0.000494026,2.31104e-017,-0.000622434,0,0,0
3311,-0.000476984,-1.82679e-005,-0.000628526,0,0,0
3312,-0.000569979,-1.90601e-005,-0.000678268,0,0,0
3313,-0.000557872,3.22008e-017,-0.000774404,0,0,0
3314,-0.000569979,1.90601e-005,-0.000678268,0,0,0
3315,-0.000161767,1.5571e-005,-0.000251562,0,0,0
3316,-0.000199849,3.55584e-018,-0.000691789,0,0,0
3317,-0.000161767,-1.5571e-005,-0.000251562,0,0,0
3318,-0.00028679,1.89465e-005,-0.000628907,0,0,0
3319,-0.000227785,3.08303e-017,-0.00041376,0,0,0
3320,-0.00028679,-1.89465e-005,-0.000628907,0,0,0
3321,-0.000358181,1.16865e-005,-0.000506815,0,0,0
3322,-0.000397345,1.55143e-017,-0.000587999,0,0,0
3323,-0.000358181,-1.16865e-005,-0.000506815,0,0,0
3324,-0.000463056,-3.91294e-006,-0.000624906,0,0,0
3325,-0.000440938,3.03678e-017,-0.000625708,0,0,0
3326,-0.000463056,3.91294e-006,-0.000624906,0,0,0
3327,-0.000559954,1.66028e-005,-0.000616521,0,0,0
3328,-0.000569185,2.8431e-017,-0.000540799,0,0,0
3329,-0.000559954,-1.66028e-005,-0.000616521,0,0,0
3330,-0.00018019,1.78519e-005,-0.000591326,0,0,0
3331,-0.00011461,2.65587e-017,-0.000206881,0,0,0
3332,-0.00018019,-1.78519e-005,-0.000591326,0,0,0
3333,-0.000227362,4.2087e-006,-0.000366877,0,0,0
3334,-0.000311689,1.1518e-017,-0.000532362,0,0,0
3335,-0.000227362,-4.2087e-006,-0.000366877,0,0,0
3336,-0.000362858,1.15096e-005,-0.000529885,0,0,0
3337,-0.000311616,2.80656e-017,-0.000489558,0,0,0
3338,-0.000362858,-1.15096e-005,-0.000529885,0,0,0
3339,-0.000457657,9.69992e-006,-0.00050486,0,0,0
3340,-0.000484324,2.12165e-017,-0.000488562,0,0,0
3341,-0.000457657,-9.69992e-006,-0.00050486,0,0,0
3342,-0.000531014,-4.75833e-006,-0.00054073,0,0,0
3343,-0.000521954,2.80741e-017,-0.000624939,0,0,0
3344,-0.000531014,4.75833e-006,-0.00054073,0,0,0
3345,-0.000756319,0.000246721,-0.000356733,0,0,0
3346,0.000272079,-2.90481e-017,-0.00066351,0,0,0
3347,-0.000756319,-0.000246721,-0.000356733,0,0,0
3348,-1.02124e-005,-0.000152943,-0.000465464,0,0,0
3349,-9.58005e-005,-5.12794e-018,-0.000446724,0,0,0
3350,-1.02124e-005,0.000152943,-0.000465464,0,0,0
3351,-5.95426e-005,-5.97845e-006,-0.000162891,0,0,0
3352,-0.000122178,-1.3935e-017,-0.000146134,0,0,0
3353,-5.95426e-005,5.97845e-006,-0.000162891,0,0,0
3354,3.02792e-005,-0.000186172,-0.000501857,0,0,0
3355,-0.000110702,-1.71863e-017,-0.0007028,0,0,0
3356,3.02792e-005,0.000186172,-0.000501857,0,0,0
3357,4.93577e-005,-3.59112e-005,-0.000471965,0,0,0
3358,-0.00027208,1.47862e-017,-0.000151753,0,0,0
3359,4.93577e-005,3.59112e-005,-0.000471965,0,0,0
3360,-0.000113458,-3.32616e-005,-0.000120256,0,0,0
3361,9.71023e-005,-2.21499e-018,-0.000281203,0,0,0
3362,-0.000113458,3.32616e-005,-0.000120256,0,0,0
3363,-4.3662e-005,3.55847e-005,-0.000533395,0,0,0
3364,-0.000208017,4.97107e-017,-0.000313638,0,0,0
3365,-4.3662e-005,-3.55847e-005,-0.000533395,0,0,0
3366,-0.000162689,-4.49347e-005,-0.000270997,0,0,0
3367,0.000135932,-9.54776e-018,-0.000473164,0,0,0
3368,-0.000162689,4.49347e-005,-0.000270997,0,0,0
3369,5.09114e-005,-5.93618e-005,-0.000175432,0,0,0
3370,-0.000112873,1.55325e-017,-8.78635e-005,0,0,0
3371,5.09114e-005,5.93618e-005,-0.000175432,0,0,0
3372,-0.000156827,-7.51261e-005,-0.000326691,0,0,0
3373,4.79173e-005,-1.64257e-017,-0.000627225,0,0,0
3374,-0.000156827,7.51261e-005,-0.000326691,0,0,0
3375,4.70674e-005,-9.32459e-005,-0.00037777,0,0,0
3376,-0.000149658,3.3833e-017,-0.000140798,0,0,0
3377,4.70674e-005,9.32459e-005,-0.00037777,0,0,0
3378,-4.14165e-005,-1.03949e-005,-0.000109579,0,0,0
3379,4.78772e-005,-2.4403e-018,-0.000220135,0,0,0
3380,-4.14165e-005,1.03949e-005,-0.000109579,0,0,0
3381,-5.24966e-006,-3.61273e-005,-0.00046042,0,0,0
3382,-0.000160377,4.45963e-017,-0.00026956,0,0,0
3383,-5.24966e-006,3.61273e-005,-0.00046042,0,0,0
3384,-6.29984e-005,-2.1272e-005,-0.00025842,0,0,0
3385,2.98774e-005,-8.03665e-018,-0.000346312,0,0,0
3386,-6.29984e-005,2.1272e-005,-0.00025842,0,0,0
3387,7.45616e-006,-5.41994e-005,-0.000125668,0,0,0
3388,-2.43575e-005,1.4782e-017,-0.000100363,0,0,0
3389,7.45616e-006,5.41994e-005,-0.000125668,0,0,0
3390,-9.05724e-005,-2.3274e-005,-0.000281189,0,0,0
3391,-1.6226e-005,-5.91907e-018,-0.000513361,0,0,0
3392,-9.05724e-005,2.3274e-005,-0.000281189,0,0,0
3393,-1.27499e-005,-8.08202e-005,-0.000292542,0,0,0
3394,-3.11664e-005,2.42692e-017,-0.000163375,0,0,0
3395,-1.27499e-005,8.08202e-005,-0.000292542,0,0,0
3396,7.40741e-006,-1.38355e-005,-0.000110329,0,0,0
3397,1.91144e-006,-1.37812e-018,-0.000164312,0,0,0
3398,7.40741e-006,1.38355e-005,-0.000110329,0,0,0
3399,-4.71658e-005,-5.07643e-005,-0.000392658,0,0,0
3400,-4.66959e-005,2.73414e-017,-0.000246227,0,0,0
3401,-4.71658e-005,5.07643e-005,-0.000392658,0,0,0
3402,1.48635e-005,-1.92313e-005,-0.000241285,0,0,0
3403,-2.54659e-005,-2.6258e-018,-0.000267784,0,0,0
3404,1.48635e-005,1.92313e-005,-0.000241285,0,0,0
3405,-4.43409e-006,-3.80805e-005,-9.78653e-005,0,0,0
3406,1.92582e-005,7.68428e-018,-0.000101848,0,0,0
3407,-4.43409e-006,3.80805e-005,-9.78653e-005,0,0,0
3408,8.88305e-006,-2.19849e-006,-0.000234648,0,0,0
3409,-6.83298e-005,-4.92126e-019,-0.000432355,0,0,0
3410,8.88305e-006,2.19849e-006,-0.000234648,0,0,0
3411,-2.91185e-005,-6.05249e-005,-0.000236497,0,0,0
3412,4.7381e-005,1.44038e-017,-0.000154509,0,0,0
3413,-2.91185e-005,6.05249e-005,-0.000236497,0,0,0
3414,3.59808e-005,-1.54609e-005,-0.000100605,0,0,0
3415,-5.25071e-007,4.43845e-019,-0.000130594,0,0,0
3416,3.59808e-005,1.54609e-005,-0.000100605,0,0,0
3417,-7.59556e-005,-4.57767e-005,-0.000336761,0,0,0
3418,6.20055e-005,1.77369e-017,-0.000191057,0,0,0
3419,-7.59556e-005,4.57767e-005,-0.000336761,0,0,0
3420,8.82508e-005,-1.12461e-005,-0.000205395,0,0,0
3421,-2.4917e-005,-2.21923e-019,-0.00022342,0,0,0
3422,8.82508e-005,1.12461e-005,-0.000205395,0,0,0
3423,9.74142e-006,-2.42117e-005,-7.55209e-005,0,0,0
3424,5.38068e-005,3.12619e-018,-8.45339e-005,0,0,0
3425,9.74142e-006,2.42117e-005,-7.55209e-005,0,0,0
3426,-0.00423199,-0.0014641,-0.150971,-5.25465e-005,0.00111748,1.97198e-005
3427,-0.00672395,-0.00273229,-0.00433432,-5.80729e-005,0.0054666,2.80068e-005
3428,0.013533,0.000198519,-0.150157,-5.74588e-005,0.000669656,1.49151e-005
3429,-0.00162188,-0.000832324,-0.212086,-2.49537e-005,0.000687698,4.83515e-006
3430,0.00877783,-0.000199433,-0.216492,-1.9205e-005,0.000179438,4.83515e-006
3431,0.00434281,-0.000184095,-0.216224,-5.51035e-006,-0.000326138,7.48612e-006
3432,0.026947,0.000300788,-0.146848,7.22127e-006,-0.00220898,1.22513e-005
3433,0.00247609,-0.00014185,-0.151768,1.84483e-005,-0.000132546,1.22513e-005
3434,0.0126835,-0.000363482,-0.216975,-6.59547e-006,-0.000443215,1.21694e-005
3435,-3.43977e-015,0.000641997,-0.0249462,7.54961e-005,-4.32472e-016,-2.33103e-018
3436,-0.026947,0.000300788,-0.146848,7.22127e-006,0.00220898,-1.22513e-005
3437,-0.0126835,-0.000363482,-0.216975,-6.59547e-006,0.000443215,-1.21694e-005
3438,-0.00434281,-0.000184095,-0.216224,-5.51035e-006,0.000326138,-7.48612e-006
3439,0.00162188,-0.000832324,-0.212086,-2.49537e-005,-0.000687698,-4.83515e-006
3440,-0.00247609,-0.00014185,-0.151768,1.84483e-005,0.000132546,-1.22513e-005
3441,0.00423199,-0.0014641,-0.150971,-5.25465e-005,-0.00111748,-1.97198e-005
3442,-0.013533,0.000198519,-0.150157,-5.74588e-005,-0.000669656,-1.49151e-005
3443,0.00672395,-0.00273229,-0.00433432,-5.80729e-005,-0.0054666,-2.80068e-005
3444,-0.00877783,-0.000199433,-0.216492,-1.9205e-005,-0.000179438,-4.83515e-006
3445,-0.00442368,-0.00154248,-0.147295,-5.29716e-005,0.000898771,2.09906e-005
3446,-0.00461537,-0.00162554,-0.143996,-5.33967e-005,0.000906139,2.21558e-005
3447,-0.00480706,-0.00171288,-0.140274,-5.38218e-005,0.00110307,2.32155e-005
3448,-0.00499875,-0.00180409,-0.13547,-5.42469e-005,0.00145306,2.41696e-005
3449,-0.00519044,-0.00189877,-0.129065,-5.4672e-005,0.0019196,2.50181e-005
3450,-0.00538212,-0.00199651,-0.120682,-5.50971e-005,0.00246617,2.57611e-005
3451,-0.00557381,-0.0020969,-0.110083,-5.55223e-005,0.00305628,2.63986e-005
3452,-0.0057655,-0.00219955,-0.0971707,-5.59474e-005,0.00365341,2.69305e-005
3453,-0.00595719,-0.00230403,-0.081988,-5.63725e-005,0.00422105,2.73568e-005
3454,-0.00614888,-0.00240996,-0.0647188,-5.67976e-005,0.0047227,2.76777e-005
3455,-0.00634057,-0.00251691,-0.0456871,-5.72227e-005,0.00512185,2.78929e-005
3456,-0.00653226,-0.00262449,-0.0253573,-5.76478e-005,0.00538198,2.80026e-005
3457,0.016031,3.07537e-005,-0.146891,-5.79079e-005,0.000223043,1.64683e-005
3458,0.0191615,-0.000142868,-0.144673,-5.82988e-005,2.59689e-005,1.79242e-005
3459,0.0224578,-0.000321903,-0.142725,-5.86314e-005,4.61122e-005,1.9283e-005
3460,0.0255178,-0.000505913,-0.140378,-5.89056e-005,0.000251177,2.05446e-005
3461,0.0280039,-0.000694457,-0.137068,-5.91215e-005,0.000608818,2.1709e-005
3462,0.0296433,-0.000887093,-0.132341,-5.92791e-005,0.00108671,2.27762e-005
3463,0.0302279,-0.00108338,-0.125851,-5.93783e-005,0.00165256,2.37462e-005
3464,0.029614,-0.00128288,-0.117357,-5.94193e-005,0.00227402,2.46189e-005
3465,0.0277227,-0.00148515,-0.106728,-5.94019e-005,0.00291878,2.53945e-005
3466,0.0245398,-0.00168975,-0.0939407,-5.93262e-005,0.00355452,2.60729e-005
3467,0.0201156,-0.00189624,-0.0790787,-5.91922e-005,0.00414891,2.66541e-005
3468,0.0145652,-0.00210418,-0.0623338,-5.89999e-005,0.00466963,2.7138e-005
3469,0.00806815,-0.00231313,-0.0440054,-5.87492e-005,0.00508438,2.75248e-005
3470,0.000868782,-0.00252264,-0.0245005,-5.84402e-005,0.00536081,2.78144e-005
3471,-0.00175061,-0.000793705,-0.209897,-2.80643e-005,0.00033191,3.93453e-006
3472,-0.00238905,-0.000746373,-0.208552,-3.10401e-005,0.000166833,3.25856e-006
3473,-0.00318812,-0.000691346,-0.207468,-3.38811e-005,0.000160146,2.80726e-006
3474,-0.00386334,-0.000629641,-0.206172,-3.65872e-005,0.000279538,2.58062e-006
3475,-0.00419489,-0.000562278,-0.204297,-3.91586e-005,0.000492677,2.57864e-006
3476,-0.00402759,-0.000490274,-0.201585,-4.15952e-005,0.000767243,2.80132e-006
3477,-0.0032709,-0.000414649,-0.197885,-4.3897e-005,0.00107092,3.24865e-006
3478,-0.00189892,-0.00033642,-0.193154,-4.6064e-005,0.00137139,3.92065e-006
3479,4.95888e-005,-0.000256607,-0.187456,-4.80962e-005,0.00163631,4.8173e-006
3480,0.00247124,-0.000176228,-0.180963,-4.99936e-005,0.00183339,5.93861e-006
3481,0.00519801,-9.63002e-005,-0.173957,-5.17563e-005,0.00193028,7.28459e-006
3482,0.0079972,-1.78432e-005,-0.166823,-5.33841e-005,0.00189467,8.85522e-006
3483,0.0105715,5.81247e-005,-0.160059,-5.48771e-005,0.00169425,1.06505e-005
3484,0.012559,0.000130585,-0.154266,-5.62353e-005,0.00129669,1.26705e-005
3485,0.000720415,-0.000741423,-0.212656,-2.36064e-005,0.000568575,4.83515e-006
3486,0.00264578,-0.000655238,-0.21322,-2.24387e-005,0.000465334,4.83515e-006
3487,0.00421377,-0.000573095,-0.213779,-2.14506e-005,0.000377977,4.83515e-006
3488,0.00548395,-0.000494321,-0.214333,-2.06422e-005,0.000306503,4.83515e-006
3489,0.00651589,-0.000418241,-0.214881,-2.00134e-005,0.000250912,4.83515e-006
3490,0.00736914,-0.000344182,-0.215423,-1.95643e-005,0.000211205,4.83515e-006
3491,0.00810326,-0.000271471,-0.21596,-1.92948e-005,0.00018738,4.83515e-006
3492,0.0113241,-1.63646e-005,-0.150278,-5.71121e-005,0.000532849,1.55157e-005
3493,0.00952503,-0.000229805,-0.150393,-5.66891e-005,0.000451124,1.61163e-005
3494,0.00792912,-0.000441516,-0.150503,-5.61896e-005,0.00042448,1.67169e-005
3495,0.00632984,-0.000651211,-0.150608,-5.56138e-005,0.000452917,1.73174e-005
3496,0.00452064,-0.000858604,-0.150706,-5.49616e-005,0.000536436,1.7918e-005
3497,0.00229497,-0.00106341,-0.1508,-5.42329e-005,0.000675035,1.85186e-005
3498,-0.000553719,-0.00126533,-0.150888,-5.34279e-005,0.000868716,1.91192e-005
3499,0.00535149,-0.000219541,-0.218333,-6.42457e-006,-0.00077371,6.6727e-006
3500,0.00703052,-0.000254309,-0.221554,-7.39336e-006,-0.00100763,5.95025e-006
3501,0.0089849,-0.000288814,-0.225227,-8.41672e-006,-0.00106021,5.31874e-006
3502,0.0108843,-0.000323466,-0.228803,-9.49466e-006,-0.000963789,4.77819e-006
3503,0.012463,-0.000358678,-0.231839,-1.06272e-005,-0.000750675,4.3286e-006
3504,0.01352,-0.000394863,-0.233999,-1.18142e-005,-0.000453192,3.96996e-006
3505,0.0139188,-0.000432432,-0.235056,-1.30559e-005,-0.000103662,3.70227e-006
3506,0.0135877,-0.000471799,-0.234891,-1.43521e-005,0.000265592,3.52554e-006
3507,0.0125196,-0.000513376,-0.233492,-1.57029e-005,0.000622251,3.43976e-006
3508,0.0107719,-0.000557574,-0.230954,-1.71083e-005,0.000933993,3.44494e-006
3509,0.00846677,-0.000604806,-0.227482,-1.85682e-005,0.0011685,3.54107e-006
3510,0.00579109,-0.000655485,-0.223386,-2.00828e-005,0.00129344,3.72816e-006
3511,0.00299626,-0.000710023,-0.219086,-2.16518e-005,0.0012765,4.0062e-006
3512,0.000398359,-0.000768831,-0.215108,-2.32755e-005,0.00108536,4.3752e-006
3513,0.0230376,0.000247335,-0.155519,6.26055e-006,-0.00255591,1.17471e-005
3514,0.018653,0.000197423,-0.164975,5.31583e-006,-0.00269529,1.12695e-005
3515,0.0141761,0.000150933,-0.174579,4.38709e-006,-0.00265944,1.08185e-005
3516,0.00992488,0.000107742,-0.183801,3.47435e-006,-0.00248067,1.03942e-005
3517,0.00615294,6.77311e-005,-0.192219,2.5776e-006,-0.00219133,9.9966e-006
3518,0.00304911,3.07786e-005,-0.199517,1.69685e-006,-0.00182371,9.62561e-006
3519,0.000737607,-3.23617e-006,-0.205489,8.32078e-007,-0.00141014,9.28128e-006
3520,-0.000721998,-3.4434e-005,-0.210035,-1.66952e-008,-0.000982955,8.9636e-006
3521,-0.00133478,-6.29358e-005,-0.213164,-8.49479e-007,-0.000574464,8.67257e-006
3522,-0.00117046,-8.88624e-005,-0.214992,-1.66627e-006,-0.000216989,8.4082e-006
3523,-0.000363375,-0.000112334,-0.215743,-2.46707e-006,5.71453e-005,8.17048e-006
3524,0.000887454,-0.000133473,-0.215748,-3.25188e-006,0.000215618,7.95941e-006
3525,0.00231839,-0.000152399,-0.215447,-4.0207e-006,0.000226111,7.77499e-006
3526,0.00360116,-0.000169233,-0.215388,-4.77352e-006,5.62994e-005,7.61723e-006
3527,0.0196298,0.000268483,-0.147482,9.85261e-006,-0.00172231,1.22513e-005
3528,0.014016,0.000226967,-0.148111,1.21331e-005,-0.00130054,1.22513e-005
3529,0.00986212,0.000177558,-0.148734,1.40628e-005,-0.000943652,1.22513e-005
3530,0.00692492,0.000121571,-0.149352,1.56416e-005,-0.000651654,1.22513e-005
3531,0.00496105,6.03203e-005,-0.149964,1.68695e-005,-0.000424544,1.22513e-005
3532,0.00372718,-4.87701e-006,-0.15057,1.77466e-005,-0.000262323,1.22513e-005
3533,0.00297997,-7.27057e-005,-0.151172,1.82729e-005,-0.000164991,1.22513e-005
3534,-0.00182266,-0.000853434,-0.210053,-2.70763e-005,0.000454116,6.13125e-006
3535,-0.00202343,-0.00087948,-0.208545,-2.91988e-005,0.00039884,7.40216e-006
3536,-0.00222421,-0.000910367,-0.206947,-3.13213e-005,0.00048536,8.64789e-006
3537,-0.00242499,-0.000945996,-0.204783,-3.34438e-005,0.000677167,9.86843e-006
3538,-0.00262577,-0.000986271,-0.20172,-3.55663e-005,0.000937754,1.10638e-005
3539,-0.00282655,-0.00103109,-0.197561,-3.76889e-005,0.00123061,1.22339e-005
3540,-0.00302732,-0.00108037,-0.192255,-3.98114e-005,0.00151923,1.33789e-005
3541,-0.0032281,-0.001134,-0.185886,-4.19339e-005,0.0017671,1.44987e-005
3542,-0.00342888,-0.00119189,-0.178682,-4.40564e-005,0.00193772,1.55933e-005
3543,-0.00362966,-0.00125394,-0.171011,-4.61789e-005,0.00199458,1.66627e-005
3544,-0.00383044,-0.00132006,-0.16338,-4.83014e-005,0.00190116,1.77069e-005
3545,-0.00403121,-0.00139014,-0.156437,-5.0424e-005,0.00162096,1.8726e-005
3546,0.011583,-0.000409963,-0.219487,-8.00765e-006,-0.000768147,1.19743e-005
3547,0.0104826,-0.000455576,-0.222829,-9.41982e-006,-0.000890559,1.17178e-005
3548,0.00938223,-0.000500083,-0.226293,-1.0832e-005,-0.000846962,1.13997e-005
3549,0.00828182,-0.000543249,-0.229309,-1.22442e-005,-0.000673863,1.10201e-005
3550,0.00718141,-0.000584837,-0.231451,-1.36563e-005,-0.000407771,1.0579e-005
3551,0.006081,-0.00062461,-0.232431,-1.50685e-005,-8.51944e-005,1.00764e-005
3552,0.00498058,-0.000662331,-0.232101,-1.64807e-005,0.000257359,9.51219e-006
3553,0.00388018,-0.000697764,-0.230456,-1.78929e-005,0.000583379,8.8865e-006
3554,0.00277976,-0.000730672,-0.227628,-1.9305e-005,0.000856359,8.19928e-006
3555,0.00167935,-0.000760819,-0.223892,-2.07172e-005,0.00103979,7.45053e-006
3556,0.000578943,-0.000787967,-0.219663,-2.21294e-005,0.00109716,6.64026e-006
3557,-0.000521465,-0.000811881,-0.215496,-2.35416e-005,0.000991968,5.76847e-006
3558,0.00544914,-0.000204914,-0.216337,-5.59907e-006,-0.000272553,8.07152e-006
3559,0.00639107,-0.000226091,-0.216444,-5.70119e-006,-0.000238459,8.65693e-006
3560,0.00724169,-0.000247676,-0.216546,-5.81672e-006,-0.000223857,9.24233e-006
3561,0.0080741,-0.000269719,-0.216643,-5.94566e-006,-0.000228746,9.82774e-006
3562,0.00896139,-0.000292271,-0.216734,-6.088e-006,-0.000253126,1.04131e-005
3563,0.00997665,-0.000315382,-0.21682,-6.24375e-006,-0.000296998,1.09985e-005
3564,0.011193,-0.000339102,-0.2169,-6.41291e-006,-0.000360361,1.1584e-005
3565,-0.0011848,0.000770353,-0.0281452,6.67709e-005,-0.000980802,7.77267e-006
3566,-0.000678269,0.000857602,-0.0341572,5.86419e-005,-0.00170247,1.45516e-005
3567,0.00103363,0.000908249,-0.0421724,5.11091e-005,-0.00219732,2.03369e-005
3568,0.0035296,0.000926799,-0.0514884,4.41726e-005,-0.00249768,2.51285e-005
3569,0.00645296,0.000917756,-0.061511,3.78323e-005,-0.00263586,2.89263e-005
3570,0.00951171,0.000885625,-0.0717533,3.20882e-005,-0.0026442,3.17305e-005
3571,0.0124785,0.000834911,-0.0818364,2.69403e-005,-0.00255501,3.35409e-005
3572,0.0151905,0.00077012,-0.0914891,2.23886e-005,-0.00240061,3.43577e-005
3573,0.0175496,0.000695754,-0.100548,1.84332e-005,-0.00221332,3.41808e-005
3574,0.0195225,0.00061632,-0.108957,1.5074e-005,-0.00202547,3.30101e-005
3575,0.0211404,0.000536322,-0.116769,1.2311e-005,-0.00186937,3.08457e-005
3576,0.0224989,0.000460266,-0.124142,1.01442e-005,-0.00177735,2.76877e-005
3577,0.0237587,0.000392654,-0.131345,8.5737e-006,-0.00178173,2.35359e-005
3578,0.0251448,0.000337994,-0.138753,7.59937e-006,-0.00191484,1.83905e-005
3579,0.0011848,0.000770353,-0.0281452,6.67709e-005,0.000980802,-7.77267e-006
3580,0.000678269,0.000857602,-0.0341572,5.86419e-005,0.00170247,-1.45516e-005
3581,-0.00103363,0.000908249,-0.0421724,5.11091e-005,0.00219732,-2.03369e-005
3582,-0.0035296,0.000926799,-0.0514884,4.41726e-005,0.00249768,-2.51285e-005
3583,-0.00645296,0.000917756,-0.061511,3.78323e-005,0.00263586,-2.89263e-005
3584,-0.00951171,0.000885625,-0.0717533,3.20882e-005,0.0026442,-3.17305e-005
3585,-0.0124785,0.000834911,-0.0818364,2.69403e-005,0.00255501,-3.35409e-005
3586,-0.0151905,0.00077012,-0.0914891,2.23886e-005,0.00240061,-3.43577e-005
3587,-0.0175496,0.000695754,-0.100548,1.84332e-005,0.00221332,-3.41808e-005
3588,-0.0195225,0.00061632,-0.108957,1.5074e-005,0.00202547,-3.30101e-005
3589,-0.0211404,0.000536322,-0.116769,1.2311e-005,0.00186937,-3.08457e-005
3590,-0.0224989,0.000460266,-0.124142,1.01442e-005,0.00177735,-2.76877e-005
3591,-0.0237587,0.000392654,-0.131345,8.5737e-006,0.00178173,-2.35359e-005
3592,-0.0251448,0.000337994,-0.138753,7.59937e-006,0.00191484,-1.83905e-005
3593,-0.00207284,0.000102298,-0.014687,5.55482e-007,0.0012435,3.37863e-006
3594,-0.00414569,0.000121001,-0.0215032,1.11096e-006,0.0021742,6.03709e-006
3595,-0.00621853,0.000148544,-0.0313374,1.66645e-006,0.00282861,7.97537e-006
3596,-0.00829138,0.000182156,-0.0431974,2.22193e-006,0.00324326,9.19349e-006
3597,-0.0103642,0.000219069,-0.056231,2.77741e-006,0.00345463,9.69142e-006
3598,-0.0124371,0.000256512,-0.0697266,3.33289e-006,0.00349924,9.46919e-006
3599,-0.0145099,0.000291716,-0.0831132,3.88838e-006,0.0034136,8.52678e-006
3600,-0.0165828,0.00032191,-0.0959599,4.44386e-006,0.00323422,6.8642e-006
3601,-0.0186556,0.000344324,-0.107976,4.99934e-006,0.00299761,4.48144e-006
3602,-0.0207284,0.000356189,-0.119013,5.55482e-006,0.00274027,1.37851e-006
3603,-0.0228013,0.000354734,-0.12906,6.1103e-006,0.00249871,-2.44459e-006
3604,-0.0248741,0.000337191,-0.138248,6.66579e-006,0.00230944,-6.98787e-006
3605,3.63733e-015,0.000340394,-0.0131082,-0.000100908,-4.11427e-016,0
3606,1.60995e-015,0.000837853,-0.0141892,-0.000134544,-5.48825e-016,0
3607,-4.21386e-016,0.00133531,-0.0152647,-0.000100908,-4.13352e-016,0
3608,-1.43174e-015,0.00148366,-0.0184958,4.41663e-005,-2.64052e-017,-5.43738e-019
3609,-1.64094e-015,0.0012528,-0.0206514,7.1471e-005,-1.07016e-016,-1.08748e-018
3610,-2.24482e-015,0.000951174,-0.0228015,8.19143e-005,-2.37061e-016,-1.63121e-018
3611,0.0258498,0.000252745,-0.156103,6.15844e-006,-0.002507,1.26988e-005
3612,0.0247526,0.000203126,-0.166078,5.09562e-006,-0.00259885,1.30706e-005
3613,0.0236554,0.000152222,-0.176049,4.03279e-006,-0.00252104,1.33668e-005
3614,0.0225582,0.000100324,-0.185435,2.96996e-006,-0.00231007,1.35874e-005
3615,0.021461,4.77236e-005,-0.193793,1.90714e-006,-0.00200245,1.37324e-005
3616,0.0203638,-5.28906e-006,-0.200822,8.44311e-007,-0.0016347,1.38017e-005
3617,0.0192666,-5.8423e-005,-0.206361,-2.18517e-007,-0.00124331,1.37954e-005
3618,0.0181694,-0.000111387,-0.210389,-1.28134e-006,-0.0008648,1.37134e-005
3619,0.0170722,-0.000163891,-0.213027,-2.34417e-006,-0.000535676,1.35559e-005
3620,0.015975,-0.000215643,-0.214533,-3.407e-006,-0.000292448,1.33227e-005
3621,0.0148778,-0.000266353,-0.215309,-4.46982e-006,-0.000171622,1.30139e-005
3622,0.0137806,-0.000315729,-0.215896,-5.53265e-006,-0.000209708,1.26294e-005
3623,0.00207284,0.000102298,-0.014687,5.55482e-007,-0.0012435,-3.37863e-006
3624,0.00414569,0.000121001,-0.0215032,1.11096e-006,-0.0021742,-6.03709e-006
3625,0.00621853,0.000148544,-0.0313374,1.66645e-006,-0.00282861,-7.97537e-006
3626,0.00829138,0.000182156,-0.0431974,2.22193e-006,-0.00324326,-9.19349e-006
3627,0.0103642,0.000219069,-0.056231,2.77741e-006,-0.00345463,-9.69142e-006
3628,0.0124371,0.000256512,-0.0697266,3.33289e-006,-0.00349924,-9.46919e-006
3629,0.0145099,0.000291716,-0.0831132,3.88838e-006,-0.0034136,-8.52678e-006
3630,0.0165828,0.00032191,-0.0959599,4.44386e-006,-0.00323422,-6.8642e-006
3631,0.0186556,0.000344324,-0.107976,4.99934e-006,-0.00299761,-4.48144e-006
3632,0.0207284,0.000356189,-0.119013,5.55482e-006,-0.00274027,-1.37851e-006
3633,0.0228013,0.000354734,-0.12906,6.1103e-006,-0.00249871,2.44459e-006
3634,0.0248741,0.000337191,-0.138248,6.66579e-006,-0.00230944,6.98787e-006
3635,-0.0258498,0.000252745,-0.156103,6.15844e-006,0.002507,-1.26988e-005
3636,-0.0247526,0.000203126,-0.166078,5.09562e-006,0.00259885,-1.30706e-005
3637,-0.0236554,0.000152222,-0.176049,4.03279e-006,0.00252104,-1.33668e-005
3638,-0.0225582,0.000100324,-0.185435,2.96996e-006,0.00231007,-1.35874e-005
3639,-0.021461,4.77236e-005,-0.193793,1.90714e-006,0.00200245,-1.37324e-005
3640,-0.0203638,-5.28906e-006,-0.200822,8.44311e-007,0.0016347,-1.38017e-005
3641,-0.0192666,-5.8423e-005,-0.206361,-2.18517e-007,0.00124331,-1.37954e-005
3642,-0.0181694,-0.000111387,-0.210389,-1.28134e-006,0.0008648,-1.37134e-005
3643,-0.0170722,-0.000163891,-0.213027,-2.34417e-006,0.000535676,-1.35559e-005
3644,-0.015975,-0.000215643,-0.214533,-3.407e-006,0.000292448,-1.33227e-005
3645,-0.0148778,-0.000266353,-0.215309,-4.46982e-006,0.000171622,-1.30139e-005
3646,-0.0137806,-0.000315729,-0.215896,-5.53265e-006,0.000209708,-1.26294e-005
3647,-0.0230376,0.000247335,-0.155519,6.26055e-006,0.00255591,-1.17471e-005
3648,-0.018653,0.000197423,-0.164975,5.31583e-006,0.00269529,-1.12695e-005
3649,-0.0141761,0.000150933,-0.174579,4.38709e-006,0.00265944,-1.08185e-005
3650,-0.00992488,0.000107742,-0.183801,3.47435e-006,0.00248067,-1.03942e-005
3651,-0.00615294,6.77311e-005,-0.192219,2.5776e-006,0.00219133,-9.9966e-006
3652,-0.00304911,3.07786e-005,-0.199517,1.69685e-006,0.00182371,-9.62561e-006
3653,-0.000737607,-3.23617e-006,-0.205489,8.32078e-007,0.00141014,-9.28128e-006
3654,0.000721998,-3.4434e-005,-0.210035,-1.66952e-008,0.000982955,-8.9636e-006
3655,0.00133478,-6.29358e-005,-0.213164,-8.49479e-007,0.000574464,-8.67257e-006
3656,0.00117046,-8.88624e-005,-0.214992,-1.66627e-006,0.000216989,-8.4082e-006
3657,0.000363375,-0.000112334,-0.215743,-2.46707e-006,-5.71453e-005,-8.17048e-006
3658,-0.000887454,-0.000133473,-0.215748,-3.25188e-006,-0.000215618,-7.95941e-006
3659,-0.00231839,-0.000152399,-0.215447,-4.0207e-006,-0.000226111,-7.77499e-006
3660,-0.00360116,-0.000169233,-0.215388,-4.77352e-006,-5.62994e-005,-7.61723e-006
3661,-0.00544914,-0.000204914,-0.216337,-5.59907e-006,0.000272553,-8.07152e-006
3662,-0.00639107,-0.000226091,-0.216444,-5.70119e-006,0.000238459,-8.65693e-006
3663,-0.00724169,-0.000247676,-0.216546,-5.81672e-006,0.000223857,-9.24233e-006
3664,-0.0080741,-0.000269719,-0.216643,-5.94566e-006,0.000228746,-9.82774e-006
3665,-0.00896139,-0.000292271,-0.216734,-6.088e-006,0.000253126,-1.04131e-005
3666,-0.00997665,-0.000315382,-0.21682,-6.24375e-006,0.000296998,-1.09985e-005
3667,-0.011193,-0.000339102,-0.2169,-6.41291e-006,0.000360361,-1.1584e-005
3668,-0.011583,-0.000409963,-0.219487,-8.00765e-006,0.000768147,-1.19743e-005
3669,-0.0104826,-0.000455576,-0.222829,-9.41982e-006,0.000890559,-1.17178e-005
3670,-0.00938223,-0.000500083,-0.226293,-1.0832e-005,0.000846962,-1.13997e-005
3671,-0.00828182,-0.000543249,-0.229309,-1.22442e-005,0.000673863,-1.10201e-005
3672,-0.00718141,-0.000584837,-0.231451,-1.36563e-005,0.000407771,-1.0579e-005
3673,-0.006081,-0.00062461,-0.232431,-1.50685e-005,8.51944e-005,-1.00764e-005
3674,-0.00498058,-0.000662331,-0.232101,-1.64807e-005,-0.000257359,-9.51219e-006
3675,-0.00388018,-0.000697764,-0.230456,-1.78929e-005,-0.000583379,-8.8865e-006
3676,-0.00277976,-0.000730672,-0.227628,-1.9305e-005,-0.000856359,-8.19928e-006
3677,-0.00167935,-0.000760819,-0.223892,-2.07172e-005,-0.00103979,-7.45053e-006
3678,-0.000578943,-0.000787967,-0.219663,-2.21294e-005,-0.00109716,-6.64026e-006
3679,0.000521465,-0.000811881,-0.215496,-2.35416e-005,-0.000991968,-5.76847e-006
3680,-0.0196298,0.000268483,-0.147482,9.85261e-006,0.00172231,-1.22513e-005
3681,-0.014016,0.000226967,-0.148111,1.21331e-005,0.00130054,-1.22513e-005
3682,-0.00986212,0.000177558,-0.148734,1.40628e-005,0.000943652,-1.22513e-005
3683,-0.00692492,0.000121571,-0.149352,1.56416e-005,0.000651654,-1.22513e-005
3684,-0.00496105,6.03203e-005,-0.149964,1.68695e-005,0.000424544,-1.22513e-005
3685,-0.00372718,-4.87701e-006,-0.15057,1.77466e-005,0.000262323,-1.22513e-005
3686,-0.00297997,-7.27057e-005,-0.151172,1.82729e-005,0.000164991,-1.22513e-005
3687,-0.00535149,-0.000219541,-0.218333,-6.42457e-006,0.00077371,-6.6727e-006
3688,-0.00703052,-0.000254309,-0.221554,-7.39336e-006,0.00100763,-5.95025e-006
3689,-0.0089849,-0.000288814,-0.225227,-8.41672e-006,0.00106021,-5.31874e-006
3690,-0.0108843,-0.000323466,-0.228803,-9.49466e-006,0.000963789,-4.77819e-006
3691,-0.012463,-0.000358678,-0.231839,-1.06272e-005,0.000750675,-4.3286e-006
3692,-0.01352,-0.000394863,-0.233999,-1.18142e-005,0.000453192,-3.96996e-006
3693,-0.0139188,-0.000432432,-0.235056,-1.30559e-005,0.000103662,-3.70227e-006
3694,-0.0135877,-0.000471799,-0.234891,-1.43521e-005,-0.000265592,-3.52554e-006
3695,-0.0125196,-0.000513376,-0.233492,-1.57029e-005,-0.000622251,-3.43976e-006
3696,-0.0107719,-0.000557574,-0.230954,-1.71083e-005,-0.000933993,-3.44494e-006
3697,-0.00846677,-0.000604806,-0.227482,-1.85682e-005,-0.0011685,-3.54107e-006
3698,-0.00579109,-0.000655485,-0.223386,-2.00828e-005,-0.00129344,-3.72816e-006
3699,-0.00299626,-0.000710023,-0.219086,-2.16518e-005,-0.0012765,-4.0062e-006
3700,-0.000398359,-0.000768831,-0.215108,-2.32755e-005,-0.00108536,-4.3752e-006
3701,0.00182266,-0.000853434,-0.210053,-2.70763e-005,-0.000454116,-6.13125e-006
3702,0.00202343,-0.00087948,-0.208545,-2.91988e-005,-0.00039884,-7.40216e-006
3703,0.00222421,-0.000910367,-0.206947,-3.13213e-005,-0.00048536,-8.64789e-006
3704,0.00242499,-0.000945996,-0.204783,-3.34438e-005,-0.000677167,-9.86843e-006
3705,0.00262577,-0.000986271,-0.20172,-3.55663e-005,-0.000937754,-1.10638e-005
3706,0.00282655,-0.00103109,-0.197561,-3.76889e-005,-0.00123061,-1.22339e-005
3707,0.00302732,-0.00108037,-0.192255,-3.98114e-005,-0.00151923,-1.33789e-005
3708,0.0032281,-0.001134,-0.185886,-4.19339e-005,-0.0017671,-1.44987e-005
3709,0.00342888,-0.00119189,-0.178682,-4.40564e-005,-0.00193772,-1.55933e-005
3710,0.00362966,-0.00125394,-0.171011,-4.61789e-005,-0.00199458,-1.66627e-005
3711,0.00383044,-0.00132006,-0.16338,-4.83014e-005,-0.00190116,-1.77069e-005
3712,0.00403121,-0.00139014,-0.156437,-5.0424e-005,-0.00162096,-1.8726e-005
3713,0.00175061,-0.000793705,-0.209897,-2.80643e-005,-0.00033191,-3.93453e-006
3714,0.00238905,-0.000746373,-0.208552,-3.10401e-005,-0.000166833,-3.25856e-006
3715,0.00318812,-0.000691346,-0.207468,-3.38811e-005,-0.000160146,-2.80726e-006
3716,0.00386334,-0.000629641,-0.206172,-3.65872e-005,-0.000279538,-2.58062e-006
3717,0.00419489,-0.000562278,-0.204297,-3.91586e-005,-0.000492677,-2.57864e-006
3718,0.00402759,-0.000490274,-0.201585,-4.15952e-005,-0.000767243,-2.80132e-006
3719,0.0032709,-0.000414649,-0.197885,-4.3897e-005,-0.00107092,-3.24865e-006
3720,0.00189892,-0.00033642,-0.193154,-4.6064e-005,-0.00137139,-3.92065e-006
3721,-4.95888e-005,-0.000256607,-0.187456,-4.80962e-005,-0.00163631,-4.8173e-006
3722,-0.00247124,-0.000176228,-0.180963,-4.99936e-005,-0.00183339,-5.93861e-006
3723,-0.00519801,-9.63002e-005,-0.173957,-5.17563e-005,-0.00193028,-7.28459e-006
3724,-0.0079972,-1.78432e-005,-0.166823,-5.33841e-005,-0.00189467,-8.85522e-006
3725,-0.0105715,5.81247e-005,-0.160059,-5.48771e-005,-0.00169425,-1.06505e-005
3726,-0.012559,0.000130585,-0.154266,-5.62353e-005,-0.00129669,-1.26705e-005
3727,-0.0113241,-1.63646e-005,-0.150278,-5.71121e-005,-0.000532849,-1.55157e-005
3728,-0.00952503,-0.000229805,-0.150393,-5.66891e-005,-0.000451124,-1.61163e-005
3729,-0.00792912,-0.000441516,-0.150503,-5.61896e-005,-0.00042448,-1.67169e-005
3730,-0.00632984,-0.000651211,-0.150608,-5.56138e-005,-0.000452917,-1.73174e-005
3731,-0.00452064,-0.000858604,-0.150706,-5.49616e-005,-0.000536436,-1.7918e-005
3732,-0.00229497,-0.00106341,-0.1508,-5.42329e-005,-0.000675035,-1.85186e-005
3733,0.000553719,-0.00126533,-0.150888,-5.34279e-005,-0.000868716,-1.91192e-005
3734,0.00442368,-0.00154248,-0.147295,-5.29716e-005,-0.000898771,-2.09906e-005
3735,0.00461537,-0.00162554,-0.143996,-5.33967e-005,-0.000906139,-2.21558e-005
3736,0.00480706,-0.00171288,-0.140274,-5.38218e-005,-0.00110307,-2.32155e-005
3737,0.00499875,-0.00180409,-0.13547,-5.42469e-005,-0.00145306,-2.41696e-005
3738,0.00519044,-0.00189877,-0.129065,-5.4672e-005,-0.0019196,-2.50181e-005
3739,0.00538212,-0.00199651,-0.120682,-5.50971e-005,-0.00246617,-2.57611e-005
3740,0.00557381,-0.0020969,-0.110083,-5.55223e-005,-0.00305628,-2.63986e-005
3741,0.0057655,-0.00219955,-0.0971707,-5.59474e-005,-0.00365341,-2.69305e-005
3742,0.00595719,-0.00230403,-0.081988,-5.63725e-005,-0.00422105,-2.73568e-005
3743,0.00614888,-0.00240996,-0.0647188,-5.67976e-005,-0.0047227,-2.76777e-005
3744,0.00634057,-0.00251691,-0.0456871,-5.72227e-005,-0.00512185,-2.78929e-005
3745,0.00653226,-0.00262449,-0.0253573,-5.76478e-005,-0.00538198,-2.80026e-005
3746,-0.000720415,-0.000741423,-0.212656,-2.36064e-005,-0.000568575,-4.83515e-006
3747,-0.00264578,-0.000655238,-0.21322,-2.24387e-005,-0.000465334,-4.83515e-006
3748,-0.00421377,-0.000573095,-0.213779,-2.14506e-005,-0.000377977,-4.83515e-006
3749,-0.00548395,-0.000494321,-0.214333,-2.06422e-005,-0.000306503,-4.83515e-006
3750,-0.00651589,-0.000418241,-0.214881,-2.00134e-005,-0.000250912,-4.83515e-006
3751,-0.00736914,-0.000344182,-0.215423,-1.95643e-005,-0.000211205,-4.83515e-006
3752,-0.00810326,-0.000271471,-0.21596,-1.92948e-005,-0.00018738,-4.83515e-006
3753,-0.016031,3.07537e-005,-0.146891,-5.79079e-005,-0.000223043,-1.64683e-005
3754,-0.0191615,-0.000142868,-0.144673,-5.82988e-005,-2.59689e-005,-1.79242e-005
3755,-0.0224578,-0.000321903,-0.142725,-5.86314e-005,-4.61122e-005,-1.9283e-005
3756,-0.0255178,-0.000505913,-0.140378,-5.89056e-005,-0.000251177,-2.05446e-005
3757,-0.0280039,-0.000694457,-0.137068,-5.91215e-005,-0.000608818,-2.1709e-005
3758,-0.0296433,-0.000887093,-0.132341,-5.92791e-005,-0.00108671,-2.27762e-005
3759,-0.0302279,-0.00108338,-0.125851,-5.93783e-005,-0.00165256,-2.37462e-005
3760,-0.029614,-0.00128288,-0.117357,-5.94193e-005,-0.00227402,-2.46189e-005
3761,-0.0277227,-0.00148515,-0.106728,-5.94019e-005,-0.00291878,-2.53945e-005
3762,-0.0245398,-0.00168975,-0.0939407,-5.93262e-005,-0.00355452,-2.60729e-005
3763,-0.0201156,-0.00189624,-0.0790787,-5.91922e-005,-0.00414891,-2.66541e-005
3764,-0.0145652,-0.00210418,-0.0623338,-5.89999e-005,-0.00466963,-2.7138e-005
3765,-0.00806815,-0.00231313,-0.0440054,-5.87492e-005,-0.00508438,-2.75248e-005
3766,-0.000868782,-0.00252264,-0.0245005,-5.84402e-005,-0.00536081,-2.78144e-005
3767,-0.00423199,0.0014641,-0.150971,5.25465e-005,0.00111748,-1.97198e-005
3768,-0.00672395,0.00273229,-0.00433432,5.80729e-005,0.0054666,-2.80068e-005
3769,0.013533,-0.000198519,-0.150157,5.74588e-005,0.000669656,-1.49151e-005
3770,-0.00162188,0.000832324,-0.212086,2.49537e-005,0.000687698,-4.83515e-006
3771,0.00877783,0.000199433,-0.216492,1.9205e-005,0.000179438,-4.83515e-006
3772,0.00434281,0.000184095,-0.216224,5.51035e-006,-0.000326138,-7.48612e-006
3773,0.026947,-0.000300788,-0.146848,-7.22127e-006,-0.00220898,-1.22513e-005
3774,0.00247609,0.00014185,-0.151768,-1.84483e-005,-0.000132546,-1.22513e-005
3775,0.0126835,0.000363482,-0.216975,6.59547e-006,-0.000443215,-1.21694e-005
3776,2.18385e-015,-0.000641997,-0.0249462,-7.54961e-005,3.72701e-016,-9.95975e-017
3777,-0.026947,-0.000300788,-0.146848,-7.22127e-006,0.00220898,1.22513e-005
3778,-0.0126835,0.000363482,-0.216975,6.59547e-006,0.000443215,1.21694e-005
3779,-0.00434281,0.000184095,-0.216224,5.51035e-006,0.000326138,7.48612e-006
3780,0.00162188,0.000832324,-0.212086,2.49537e-005,-0.000687698,4.83515e-006
3781,-0.00247609,0.00014185,-0.151768,-1.84483e-005,0.000132546,1.22513e-005
3782,0.00423199,0.0014641,-0.150971,5.25465e-005,-0.00111748,1.97198e-005
3783,-0.013533,-0.000198519,-0.150157,5.74588e-005,-0.000669656,1.49151e-005
3784,0.00672395,0.00273229,-0.00433432,5.80729e-005,-0.0054666,2.80068e-005
3785,-0.00877783,0.000199433,-0.216492,1.9205e-005,-0.000179438,4.83515e-006
3786,-0.00442368,0.00154248,-0.147295,5.29716e-005,0.000898771,-2.09906e-005
3787,-0.00461537,0.00162554,-0.143996,5.33967e-005,0.000906139,-2.21558e-005
3788,-0.00480706,0.00171288,-0.140274,5.38218e-005,0.00110307,-2.32155e-005
3789,-0.00499875,0.00180409,-0.13547,5.42469e-005,0.00145306,-2.41696e-005
3790,-0.00519044,0.00189877,-0.129065,5.4672e-005,0.0019196,-2.50181e-005
3791,-0.00538212,0.00199651,-0.120682,5.50971e-005,0.00246617,-2.57611e-005
3792,-0.00557381,0.0020969,-0.110083,5.55223e-005,0.00305628,-2.63986e-005
3793,-0.0057655,0.00219955,-0.0971707,5.59474e-005,0.00365341,-2.69305e-005
3794,-0.00595719,0.00230403,-0.081988,5.63725e-005,0.00422105,-2.73568e-005
3795,-0.00614888,0.00240996,-0.0647188,5.67976e-005,0.0047227,-2.76777e-005
3796,-0.00634057,0.00251691,-0.0456871,5.72227e-005,0.00512185,-2.78929e-005
3797,-0.00653226,0.00262449,-0.0253573,5.76478e-005,0.00538198,-2.80026e-005
3798,0.016031,-3.07537e-005,-0.146891,5.79079e-005,0.000223043,-1.64683e-005
3799,0.0191615,0.000142868,-0.144673,5.82988e-005,2.59689e-005,-1.79242e-005
3800,0.0224578,0.000321903,-0.142725,5.86314e-005,4.61122e-005,-1.9283e-005
3801,0.0255178,0.000505913,-0.140378,5.89056e-005,0.000251177,-2.05446e-005
3802,0.0280039,0.000694457,-0.137068,5.91215e-005,0.000608818,-2.1709e-005
3803,0.0296433,0.000887093,-0.132341,5.92791e-005,0.00108671,-2.27762e-005
3804,0.0302279,0.00108338,-0.125851,5.93783e-005,0.00165256,-2.37462e-005
3805,0.029614,0.00128288,-0.117357,5.94193e-005,0.00227402,-2.46189e-005
3806,0.0277227,0.00148515,-0.106728,5.94019e-005,0.00291878,-2.53945e-005
3807,0.0245398,0.00168975,-0.0939407,5.93262e-005,0.00355452,-2.60729e-005
3808,0.0201156,0.00189624,-0.0790787,5.91922e-005,0.00414891,-2.66541e-005
3809,0.0145652,0.00210418,-0.0623338,5.89999e-005,0.00466963,-2.7138e-005
3810,0.00806815,0.00231313,-0.0440054,5.87492e-005,0.00508438,-2.75248e-005
3811,0.000868782,0.00252264,-0.0245005,5.84402e-005,0.00536081,-2.78144e-005
3812,-0.00175061,0.000793705,-0.209897,2.80643e-005,0.00033191,-3.93453e-006
3813,-0.00238905,0.000746373,-0.208552,3.10401e-005,0.000166833,-3.25856e-006
3814,-0.00318812,0.000691346,-0.207468,3.38811e-005,0.000160146,-2.80726e-006
3815,-0.00386334,0.000629641,-0.206172,3.65872e-005,0.000279538,-2.58062e-006
3816,-0.00419489,0.000562278,-0.204297,3.91586e-005,0.000492677,-2.57864e-006
3817,-0.00402759,0.000490274,-0.201585,4.15952e-005,0.000767243,-2.80132e-006
3818,-0.0032709,0.000414649,-0.197885,4.3897e-005,0.00107092,-3.24865e-006
3819,-0.00189892,0.00033642,-0.193154,4.6064e-005,0.00137139,-3.92065e-006
3820,4.95888e-005,0.000256607,-0.187456,4.80962e-005,0.00163631,-4.8173e-006
3821,0.00247124,0.000176228,-0.180963,4.99936e-005,0.00183339,-5.93861e-006
3822,0.00519801,9.63002e-005,-0.173957,5.17563e-005,0.00193028,-7.28459e-006
3823,0.0079972,1.78432e-005,-0.166823,5.33841e-005,0.00189467,-8.85522e-006
3824,0.0105715,-5.81247e-005,-0.160059,5.48771e-005,0.00169425,-1.06505e-005
3825,0.012559,-0.000130585,-0.154266,5.62353e-005,0.00129669,-1.26705e-005
3826,0.000720415,0.000741423,-0.212656,2.36064e-005,0.000568575,-4.83515e-006
3827,0.00264578,0.000655238,-0.21322,2.24387e-005,0.000465334,-4.83515e-006
3828,0.00421377,0.000573095,-0.213779,2.14506e-005,0.000377977,-4.83515e-006
3829,0.00548395,0.000494321,-0.214333,2.06422e-005,0.000306503,-4.83515e-006
3830,0.00651589,0.000418241,-0.214881,2.00134e-005,0.000250912,-4.83515e-006
3831,0.00736914,0.000344182,-0.215423,1.95643e-005,0.000211205,-4.83515e-006
3832,0.00810326,0.000271471,-0.21596,1.92948e-005,0.00018738,-4.83515e-006
3833,0.0113241,1.63646e-005,-0.150278,5.71121e-005,0.000532849,-1.55157e-005
3834,0.00952503,0.000229805,-0.150393,5.66891e-005,0.000451124,-1.61163e-005
3835,0.00792912,0.000441516,-0.150503,5.61896e-005,0.00042448,-1.67169e-005
3836,0.00632984,0.000651211,-0.150608,5.56138e-005,0.000452917,-1.73174e-005
3837,0.00452064,0.000858604,-0.150706,5.49616e-005,0.000536436,-1.7918e-005
3838,0.00229497,0.00106341,-0.1508,5.42329e-005,0.000675035,-1.85186e-005
3839,-0.000553719,0.00126533,-0.150888,5.34279e-005,0.000868716,-1.91192e-005
3840,0.00535149,0.000219541,-0.218333,6.42457e-006,-0.00077371,-6.6727e-006
3841,0.00703052,0.000254309,-0.221554,7.39336e-006,-0.00100763,-5.95025e-006
3842,0.0089849,0.000288814,-0.225227,8.41672e-006,-0.00106021,-5.31874e-006
3843,0.0108843,0.000323466,-0.228803,9.49466e-006,-0.000963789,-4.77819e-006
3844,0.012463,0.000358678,-0.231839,1.06272e-005,-0.000750675,-4.3286e-006
3845,0.01352,0.000394863,-0.233999,1.18142e-005,-0.000453192,-3.96996e-006
3846,0.0139188,0.000432432,-0.235056,1.30559e-005,-0.000103662,-3.70227e-006
3847,0.0135877,0.000471799,-0.234891,1.43521e-005,0.000265592,-3.52554e-006
3848,0.0125196,0.000513376,-0.233492,1.57029e-005,0.000622251,-3.43976e-006
3849,0.0107719,0.000557574,-0.230954,1.71083e-005,0.000933993,-3.44494e-006
3850,0.00846677,0.000604806,-0.227482,1.85682e-005,0.0011685,-3.54107e-006
3851,0.00579109,0.000655485,-0.223386,2.00828e-005,0.00129344,-3.72816e-006
3852,0.00299626,0.000710023,-0.219086,2.16518e-005,0.0012765,-4.0062e-006
3853,0.000398359,0.000768831,-0.215108,2.32755e-005,0.00108536,-4.3752e-006
3854,0.0230376,-0.000247335,-0.155519,-6.26055e-006,-0.00255591,-1.17471e-005
3855,0.018653,-0.000197423,-0.164975,-5.31583e-006,-0.00269529,-1.12695e-005
3856,0.0141761,-0.000150933,-0.174579,-4.38709e-006,-0.00265944,-1.08185e-005
3857,0.00992488,-0.000107742,-0.183801,-3.47435e-006,-0.00248067,-1.03942e-005
3858,0.00615294,-6.77311e-005,-0.192219,-2.5776e-006,-0.00219133,-9.9966e-006
3859,0.00304911,-3.07786e-005,-0.199517,-1.69685e-006,-0.00182371,-9.62561e-006
3860,0.000737607,3.23617e-006,-0.205489,-8.32078e-007,-0.00141014,-9.28128e-006
3861,-0.000721998,3.4434e-005,-0.210035,1.66952e-008,-0.000982955,-8.9636e-006
3862,-0.00133478,6.29358e-005,-0.213164,8.49479e-007,-0.000574464,-8.67257e-006
3863,-0.00117046,8.88624e-005,-0.214992,1.66627e-006,-0.000216989,-8.4082e-006
3864,-0.000363375,0.000112334,-0.215743,2.46707e-006,5.71453e-005,-8.17048e-006
3865,0.000887454,0.000133473,-0.215748,3.25188e-006,0.000215618,-7.95941e-006
3866,0.00231839,0.000152399,-0.215447,4.0207e-006,0.000226111,-7.77499e-006
3867,0.00360116,0.000169233,-0.215388,4.77352e-006,5.62994e-005,-7.61723e-006
3868,0.0196298,-0.000268483,-0.147482,-9.85261e-006,-0.00172231,-1.22513e-005
3869,0.014016,-0.000226967,-0.148111,-1.21331e-005,-0.00130054,-1.22513e-005
3870,0.00986212,-0.000177558,-0.148734,-1.40628e-005,-0.000943652,-1.22513e-005
3871,0.00692492,-0.000121571,-0.149352,-1.56416e-005,-0.000651654,-1.22513e-005
3872,0.00496105,-6.03203e-005,-0.149964,-1.68695e-005,-0.000424544,-1.22513e-005
3873,0.00372718,4.87701e-006,-0.15057,-1.77466e-005,-0.000262323,-1.22513e-005
3874,0.00297997,7.27057e-005,-0.151172,-1.82729e-005,-0.000164991,-1.22513e-005
3875,-0.00182266,0.000853434,-0.210053,2.70763e-005,0.000454116,-6.13125e-006
3876,-0.00202343,0.00087948,-0.208545,2.91988e-005,0.00039884,-7.40216e-006
3877,-0.00222421,0.000910367,-0.206947,3.13213e-005,0.00048536,-8.64789e-006
3878,-0.00242499,0.000945996,-0.204783,3.34438e-005,0.000677167,-9.86843e-006
3879,-0.00262577,0.000986271,-0.20172,3.55663e-005,0.000937754,-1.10638e-005
3880,-0.00282655,0.00103109,-0.197561,3.76889e-005,0.00123061,-1.22339e-005
3881,-0.00302732,0.00108037,-0.192255,3.98114e-005,0.00151923,-1.33789e-005
3882,-0.0032281,0.001134,-0.185886,4.19339e-005,0.0017671,-1.44987e-005
3883,-0.00342888,0.00119189,-0.178682,4.40564e-005,0.00193772,-1.55933e-005
3884,-0.00362966,0.00125394,-0.171011,4.61789e-005,0.00199458,-1.66627e-005
3885,-0.00383044,0.00132006,-0.16338,4.83014e-005,0.00190116,-1.77069e-005
3886,-0.00403121,0.00139014,-0.156437,5.0424e-005,0.00162096,-1.8726e-005
3887,0.011583,0.000409963,-0.219487,8.00765e-006,-0.000768147,-1.19743e-005
3888,0.0104826,0.000455576,-0.222829,9.41982e-006,-0.000890559,-1.17178e-005
3889,0.00938223,0.000500083,-0.226293,1.0832e-005,-0.000846962,-1.13997e-005
3890,0.00828182,0.000543249,-0.229309,1.22442e-005,-0.000673863,-1.10201e-005
3891,0.00718141,0.000584837,-0.231451,1.36563e-005,-0.000407771,-1.0579e-005
3892,0.006081,0.00062461,-0.232431,1.50685e-005,-8.51944e-005,-1.00764e-005
3893,0.00498058,0.000662331,-0.232101,1.64807e-005,0.000257359,-9.51219e-006
3894,0.00388018,0.000697764,-0.230456,1.78929e-005,0.000583379,-8.8865e-006
3895,0.00277976,0.000730672,-0.227628,1.9305e-005,0.000856359,-8.19928e-006
3896,0.00167935,0.000760819,-0.223892,2.07172e-005,0.00103979,-7.45053e-006
3897,0.000578943,0.000787967,-0.219663,2.21294e-005,0.00109716,-6.64026e-006
3898,-0.000521465,0.000811881,-0.215496,2.35416e-005,0.000991968,-5.76847e-006
3899,0.00544914,0.000204914,-0.216337,5.59907e-006,-0.000272553,-8.07152e-006
3900,0.00639107,0.000226091,-0.216444,5.70119e-006,-0.000238459,-8.65693e-006
3901,0.00724169,0.000247676,-0.216546,5.81672e-006,-0.000223857,-9.24233e-006
3902,0.0080741,0.000269719,-0.216643,5.94566e-006,-0.000228746,-9.82774e-006
3903,0.00896139,0.000292271,-0.216734,6.088e-006,-0.000253126,-1.04131e-005
3904,0.00997665,0.000315382,-0.21682,6.24375e-006,-0.000296998,-1.09985e-005
3905,0.011193,0.000339102,-0.2169,6.41291e-006,-0.000360361,-1.1584e-005
3906,-0.0011848,-0.000770353,-0.0281452,-6.67709e-005,-0.000980802,-7.77267e-006
3907,-0.000678269,-0.000857602,-0.0341572,-5.86419e-005,-0.00170247,-1.45516e-005
3908,0.00103363,-0.000908249,-0.0421724,-5.11091e-005,-0.00219732,-2.03369e-005
3909,0.0035296,-0.000926799,-0.0514884,-4.41726e-005,-0.00249768,-2.51285e-005
3910,0.00645296,-0.000917756,-0.061511,-3.78323e-005,-0.00263586,-2.89263e-005
3911,0.00951171,-0.000885625,-0.0717533,-3.20882e-005,-0.0026442,-3.17305e-005
3912,0.0124785,-0.000834911,-0.0818364,-2.69403e-005,-0.00255501,-3.35409e-005
3913,0.0151905,-0.00077012,-0.0914891,-2.23886e-005,-0.00240061,-3.43577e-005
3914,0.0175496,-0.000695754,-0.100548,-1.84332e-005,-0.00221332,-3.41808e-005
3915,0.0195225,-0.00061632,-0.108957,-1.5074e-005,-0.00202547,-3.30101e-005
3916,0.0211404,-0.000536322,-0.116769,-1.2311e-005,-0.00186937,-3.08457e-005
3917,0.0224989,-0.000460266,-0.124142,-1.01442e-005,-0.00177735,-2.76877e-005
3918,0.0237587,-0.000392654,-0.131345,-8.5737e-006,-0.00178173,-2.35359e-005
3919,0.0251448,-0.000337994,-0.138753,-7.59937e-006,-0.00191484,-1.83905e-005
3920,0.0011848,-0.000770353,-0.0281452,-6.67709e-005,0.000980802,7.77267e-006
3921,0.000678269,-0.000857602,-0.0341572,-5.86419e-005,0.00170247,1.45516e-005
3922,-0.00103363,-0.000908249,-0.0421724,-5.11091e-005,0.00219732,2.03369e-005
3923,-0.0035296,-0.000926799,-0.0514884,-4.41726e-005,0.00249768,2.51285e-005
3924,-0.00645296,-0.000917756,-0.061511,-3.78323e-005,0.00263586,2.89263e-005
3925,-0.00951171,-0.000885625,-0.0717533,-3.20882e-005,0.0026442,3.17305e-005
3926,-0.0124785,-0.000834911,-0.0818364,-2.69403e-005,0.00255501,3.35409e-005
3927,-0.0151905,-0.00077012,-0.0914891,-2.23886e-005,0.00240061,3.43577e-005
3928,-0.0175496,-0.000695754,-0.100548,-1.84332e-005,0.00221332,3.41808e-005
3929,-0.0195225,-0.00061632,-0.108957,-1.5074e-005,0.00202547,3.30101e-005
3930,-0.0211404,-0.000536322,-0.116769,-1.2311e-005,0.00186937,3.08457e-005
3931,-0.0224989,-0.000460266,-0.124142,-1.01442e-005,0.00177735,2.76877e-005
3932,-0.0237587,-0.000392654,-0.131345,-8.5737e-006,0.00178173,2.35359e-005
3933,-0.0251448,-0.000337994,-0.138753,-7.59937e-006,0.00191484,1.83905e-005
3934,-0.00207284,-0.000102298,-0.014687,-5.55482e-007,0.0012435,-3.37863e-006
3935,-0.00414569,-0.000121001,-0.0215032,-1.11096e-006,0.0021742,-6.03709e-006
3936,-0.00621853,-0.000148544,-0.0313374,-1.66645e-006,0.00282861,-7.97537e-006
3937,-0.00829138,-0.000182156,-0.0431974,-2.22193e-006,0.00324326,-9.19349e-006
3938,-0.0103642,-0.000219069,-0.056231,-2.77741e-006,0.00345463,-9.69142e-006
3939,-0.0124371,-0.000256512,-0.0697266,-3.33289e-006,0.00349924,-9.46919e-006
3940,-0.0145099,-0.000291716,-0.0831132,-3.88838e-006,0.0034136,-8.52678e-006
3941,-0.0165828,-0.00032191,-0.0959599,-4.44386e-006,0.00323422,-6.8642e-006
3942,-0.0186556,-0.000344324,-0.107976,-4.99934e-006,0.00299761,-4.48144e-006
3943,-0.0207284,-0.000356189,-0.119013,-5.55482e-006,0.00274027,-1.37851e-006
3944,-0.0228013,-0.000354734,-0.12906,-6.1103e-006,0.00249871,2.44459e-006
3945,-0.0248741,-0.000337191,-0.138248,-6.66579e-006,0.00230944,6.98787e-006
3946,7.27207e-015,-0.000340394,-0.0131082,0.000100908,-1.83803e-016,0
3947,6.36354e-015,-0.000837853,-0.0141892,0.000134544,-2.46005e-016,0
3948,5.4521e-015,-0.00133531,-0.0152647,0.000100908,-1.85509e-016,0
3949,4.22372e-015,-0.00148366,-0.0184958,-4.41663e-005,-2.96771e-016,-2.49293e-017
3950,2.82865e-015,-0.0012528,-0.0206514,-7.1471e-005,-3.28874e-016,-4.98586e-017
3951,1.81358e-015,-0.000951174,-0.0228015,-8.19143e-005,-9.41046e-017,-7.47879e-017
3952,0.0258498,-0.000252745,-0.156103,-6.15844e-006,-0.002507,-1.26988e-005
3953,0.0247526,-0.000203126,-0.166078,-5.09562e-006,-0.00259885,-1.30706e-005
3954,0.0236554,-0.000152222,-0.176049,-4.03279e-006,-0.00252104,-1.33668e-005
3955,0.0225582,-0.000100324,-0.185435,-2.96996e-006,-0.00231007,-1.35874e-005
3956,0.021461,-4.77236e-005,-0.193793,-1.90714e-006,-0.00200245,-1.37324e-005
3957,0.0203638,5.28906e-006,-0.200822,-8.44311e-007,-0.0016347,-1.38017e-005
3958,0.0192666,5.8423e-005,-0.206361,2.18517e-007,-0.00124331,-1.37954e-005
3959,0.0181694,0.000111387,-0.210389,1.28134e-006,-0.0008648,-1.37134e-005
3960,0.0170722,0.000163891,-0.213027,2.34417e-006,-0.000535676,-1.35559e-005
3961,0.015975,0.000215643,-0.214533,3.407e-006,-0.000292448,-1.33227e-005
3962,0.0148778,0.000266353,-0.215309,4.46982e-006,-0.000171622,-1.30139e-005
3963,0.0137806,0.000315729,-0.215896,5.53265e-006,-0.000209708,-1.26294e-005
3964,0.00207284,-0.000102298,-0.014687,-5.55482e-007,-0.0012435,3.37863e-006
3965,0.00414569,-0.000121001,-0.0215032,-1.11096e-006,-0.0021742,6.03709e-006
3966,0.00621853,-0.000148544,-0.0313374,-1.66645e-006,-0.00282861,7.97537e-006
3967,0.00829138,-0.000182156,-0.0431974,-2.22193e-006,-0.00324326,9.19349e-006
3968,0.0103642,-0.000219069,-0.056231,-2.77741e-006,-0.00345463,9.69142e-006
3969,0.0124371,-0.000256512,-0.0697266,-3.33289e-006,-0.00349924,9.46919e-006
3970,0.0145099,-0.000291716,-0.0831132,-3.88838e-006,-0.0034136,8.52678e-006
3971,0.0165828,-0.00032191,-0.0959599,-4.44386e-006,-0.00323422,6.8642e-006
3972,0.0186556,-0.000344324,-0.107976,-4.99934e-006,-0.00299761,4.48144e-006
3973,0.0207284,-0.000356189,-0.119013,-5.55482e-006,-0.00274027,1.37851e-006
3974,0.0228013,-0.000354734,-0.12906,-6.1103e-006,-0.00249871,-2.44459e-006
3975,0.0248741,-0.000337191,-0.138248,-6.66579e-006,-0.00230944,-6.98787e-006
3976,-0.0258498,-0.000252745,-0.156103,-6.15844e-006,0.002507,1.26988e-005
3977,-0.0247526,-0.000203126,-0.166078,-5.09562e-006,0.00259885,1.30706e-005
3978,-0.0236554,-0.000152222,-0.176049,-4.03279e-006,0.00252104,1.33668e-005
3979,-0.0225582,-0.000100324,-0.185435,-2.96996e-006,0.00231007,1.35874e-005
3980,-0.021461,-4.77236e-005,-0.193793,-1.90714e-006,0.00200245,1.37324e-005
3981,-0.0203638,5.28906e-006,-0.200822,-8.44311e-007,0.0016347,1.38017e-005
3982,-0.0192666,5.8423e-005,-0.206361,2.18517e-007,0.00124331,1.37954e-005
3983,-0.0181694,0.000111387,-0.210389,1.28134e-006,0.0008648,1.37134e-005
3984,-0.0170722,0.000163891,-0.213027,2.34417e-006,0.000535676,1.35559e-005
3985,-0.015975,0.000215643,-0.214533,3.407e-006,0.000292448,1.33227e-005
3986,-0.0148778,0.000266353,-0.215309,4.46982e-006,0.000171622,1.30139e-005
3987,-0.0137806,0.000315729,-0.215896,5.53265e-006,0.000209708,1.26294e-005
3988,-0.0230376,-0.000247335,-0.155519,-6.26055e-006,0.00255591,1.17471e-005
3989,-0.018653,-0.000197423,-0.164975,-5.31583e-006,0.00269529,1.12695e-005
3990,-0.0141761,-0.000150933,-0.174579,-4.38709e-006,0.00265944,1.08185e-005
3991,-0.00992488,-0.000107742,-0.183801,-3.47435e-006,0.00248067,1.03942e-005
3992,-0.00615294,-6.77311e-005,-0.192219,-2.5776e-006,0.00219133,9.9966e-006
3993,-0.00304911,-3.07786e-005,-0.199517,-1.69685e-006,0.00182371,9.62561e-006
3994,-0.000737607,3.23617e-006,-0.205489,-8.32078e-007,0.00141014,9.28128e-006
3995,0.000721998,3.4434e-005,-0.210035,1.66952e-008,0.000982955,8.9636e-006
3996,0.00133478,6.29358e-005,-0.213164,8.49479e-007,0.000574464,8.67257e-006
3997,0.00117046,8.88624e-005,-0.214992,1.66627e-006,0.000216989,8.4082e-006
3998,0.000363375,0.000112334,-0.215743,2.46707e-006,-5.71453e-005,8.17048e-006
3999,-0.000887454,0.000133473,-0.215748,3.25188e-006,-0.000215618,7.95941e-006
4000,-0.00231839,0.000152399,-0.215447,4.0207e-006,-0.000226111,7.77499e-006
4001,-0.00360116,0.000169233,-0.215388,4.77352e-006,-5.62994e-005,7.61723e-006
4002,-0.00544914,0.000204914,-0.216337,5.59907e-006,0.000272553,8.07152e-006
4003,-0.00639107,0.000226091,-0.216444,5.70119e-006,0.000238459,8.65693e-006
4004,-0.00724169,0.000247676,-0.216546,5.81672e-006,0.000223857,9.24233e-006
4005,-0.0080741,0.000269719,-0.216643,5.94566e-006,0.000228746,9.82774e-006
4006,-0.00896139,0.000292271,-0.216734,6.088e-006,0.000253126,1.04131e-005
4007,-0.00997665,0.000315382,-0.21682,6.24375e-006,0.000296998,1.09985e-005
4008,-0.011193,0.000339102,-0.2169,6.41291e-006,0.000360361,1.1584e-005
4009,-0.011583,0.000409963,-0.219487,8.00765e-006,0.000768147,1.19743e-005
4010,-0.0104826,0.000455576,-0.222829,9.41982e-006,0.000890559,1.17178e-005
4011,-0.00938223,0.000500083,-0.226293,1.0832e-005,0.000846962,1.13997e-005
4012,-0.00828182,0.000543249,-0.229309,1.22442e-005,0.000673863,1.10201e-005
4013,-0.00718141,0.000584837,-0.231451,1.36563e-005,0.000407771,1.0579e-005
4014,-0.006081,0.00062461,-0.232431,1.50685e-005,8.51944e-005,1.00764e-005
4015,-0.00498058,0.000662331,-0.232101,1.64807e-005,-0.000257359,9.51219e-006
4016,-0.00388018,0.000697764,-0.230456,1.78929e-005,-0.000583379,8.8865e-006
4017,-0.00277976,0.000730672,-0.227628,1.9305e-005,-0.000856359,8.19928e-006
4018,-0.00167935,0.000760819,-0.223892,2.07172e-005,-0.00103979,7.45053e-006
4019,-0.000578943,0.000787967,-0.219663,2.21294e-005,-0.00109716,6.64026e-006
4020,0.000521465,0.000811881,-0.215496,2.35416e-005,-0.000991968,5.76847e-006
4021,-0.0196298,-0.000268483,-0.147482,-9.85261e-006,0.00172231,1.22513e-005
4022,-0.014016,-0.000226967,-0.148111,-1.21331e-005,0.00130054,1.22513e-005
4023,-0.00986212,-0.000177558,-0.148734,-1.40628e-005,0.000943652,1.22513e-005
4024,-0.00692492,-0.000121571,-0.149352,-1.56416e-005,0.000651654,1.22513e-005
4025,-0.00496105,-6.03203e-005,-0.149964,-1.68695e-005,0.000424544,1.22513e-005
4026,-0.00372718,4.87701e-006,-0.15057,-1.77466e-005,0.000262323,1.22513e-005
4027,-0.00297997,7.27057e-005,-0.151172,-1.82729e-005,0.000164991,1.22513e-005
4028,-0.00535149,0.000219541,-0.218333,6.42457e-006,0.00077371,6.6727e-006
4029,-0.00703052,0.000254309,-0.221554,7.39336e-006,0.00100763,5.95025e-006
4030,-0.0089849,0.000288814,-0.225227,8.41672e-006,0.00106021,5.31874e-006
4031,-0.0108843,0.000323466,-0.228803,9.49466e-006,0.000963789,4.77819e-006
4032,-0.012463,0.000358678,-0.231839,1.06272e-005,0.000750675,4.3286e-006
4033,-0.01352,0.000394863,-0.233999,1.18142e-005,0.000453192,3.96996e-006
4034,-0.0139188,0.000432432,-0.235056,1.30559e-005,0.000103662,3.70227e-006
4035,-0.0135877,0.000471799,-0.234891,1.43521e-005,-0.000265592,3.52554e-006
4036,-0.0125196,0.000513376,-0.233492,1.57029e-005,-0.000622251,3.43976e-006
4037,-0.0107719,0.000557574,-0.230954,1.71083e-005,-0.000933993,3.44494e-006
4038,-0.00846677,0.000604806,-0.227482,1.85682e-005,-0.0011685,3.54107e-006
4039,-0.00579109,0.000655485,-0.223386,2.00828e-005,-0.00129344,3.72816e-006
4040,-0.00299626,0.000710023,-0.219086,2.16518e-005,-0.0012765,4.0062e-006
4041,-0.000398359,0.000768831,-0.215108,2.32755e-005,-0.00108536,4.3752e-006
4042,0.00182266,0.000853434,-0.210053,2.70763e-005,-0.000454116,6.13125e-006
4043,0.00202343,0.00087948,-0.208545,2.91988e-005,-0.00039884,7.40216e-006
4044,0.00222421,0.000910367,-0.206947,3.13213e-005,-0.00048536,8.64789e-006
4045,0.00242499,0.000945996,-0.204783,3.34438e-005,-0.000677167,9.86843e-006
4046,0.00262577,0.000986271,-0.20172,3.55663e-005,-0.000937754,1.10638e-005
4047,0.00282655,0.00103109,-0.197561,3.76889e-005,-0.00123061,1.22339e-005
4048,0.00302732,0.00108037,-0.192255,3.98114e-005,-0.00151923,1.33789e-005
4049,0.0032281,0.001134,-0.185886,4.19339e-005,-0.0017671,1.44987e-005
4050,0.00342888,0.00119189,-0.178682,4.40564e-005,-0.00193772,1.55933e-005
4051,0.00362966,0.00125394,-0.171011,4.61789e-005,-0.00199458,1.66627e-005
4052,0.00383044,0.00132006,-0.16338,4.83014e-005,-0.00190116,1.77069e-005
4053,0.00403121,0.00139014,-0.156437,5.0424e-005,-0.00162096,1.8726e-005
4054,0.00175061,0.000793705,-0.209897,2.80643e-005,-0.00033191,3.93453e-006
4055,0.00238905,0.000746373,-0.208552,3.10401e-005,-0.000166833,3.25856e-006
4056,0.00318812,0.000691346,-0.207468,3.38811e-005,-0.000160146,2.80726e-006
4057,0.00386334,0.000629641,-0.206172,3.65872e-005,-0.000279538,2.58062e-006
4058,0.00419489,0.000562278,-0.204297,3.91586e-005,-0.000492677,2.57864e-006
4059,0.00402759,0.000490274,-0.201585,4.15952e-005,-0.000767243,2.80132e-006
4060,0.0032709,0.000414649,-0.197885,4.3897e-005,-0.00107092,3.24865e-006
4061,0.00189892,0.00033642,-0.193154,4.6064e-005,-0.00137139,3.92065e-006
4062,-4.95888e-005,0.000256607,-0.187456,4.80962e-005,-0.00163631,4.8173e-006
4063,-0.00247124,0.000176228,-0.180963,4.99936e-005,-0.00183339,5.93861e-006
4064,-0.00519801,9.63002e-005,-0.173957,5.17563e-005,-0.00193028,7.28459e-006
4065,-0.0079972,1.78432e-005,-0.166823,5.33841e-005,-0.00189467,8.85522e-006
4066,-0.0105715,-5.81247e-005,-0.160059,5.48771e-005,-0.00169425,1.06505e-005
4067,-0.012559,-0.000130585,-0.154266,5.62353e-005,-0.00129669,1.26705e-005
4068,-0.0113241,1.63646e-005,-0.150278,5.71121e-005,-0.000532849,1.55157e-005
4069,-0.00952503,0.000229805,-0.150393,5.66891e-005,-0.000451124,1.61163e-005
4070,-0.00792912,0.000441516,-0.150503,5.61896e-005,-0.00042448,1.67169e-005
4071,-0.00632984,0.000651211,-0.150608,5.56138e-005,-0.000452917,1.73174e-005
4072,-0.00452064,0.000858604,-0.150706,5.49616e-005,-0.000536436,1.7918e-005
4073,-0.00229497,0.00106341,-0.1508,5.42329e-005,-0.000675035,1.85186e-005
4074,0.000553719,0.00126533,-0.150888,5.34279e-005,-0.000868716,1.91192e-005
4075,0.00442368,0.00154248,-0.147295,5.29716e-005,-0.000898771,2.09906e-005
4076,0.00461537,0.00162554,-0.143996,5.33967e-005,-0.000906139,2.21558e-005
4077,0.00480706,0.00171288,-0.140274,5.38218e-005,-0.00110307,2.32155e-005
4078,0.00499875,0.00180409,-0.13547,5.42469e-005,-0.00145306,2.41696e-005
4079,0.00519044,0.00189877,-0.129065,5.4672e-005,-0.0019196,2.50181e-005
4080,0.00538212,0.00199651,-0.120682,5.50971e-005,-0.00246617,2.57611e-005
4081,0.00557381,0.0020969,-0.110083,5.55223e-005,-0.00305628,2.63986e-005
4082,0.0057655,0.00219955,-0.0971707,5.59474e-005,-0.00365341,2.69305e-005
4083,0.00595719,0.00230403,-0.081988,5.63725e-005,-0.00422105,2.73568e-005
4084,0.00614888,0.00240996,-0.0647188,5.67976e-005,-0.0047227,2.76777e-005
4085,0.00634057,0.00251691,-0.0456871,5.72227e-005,-0.00512185,2.78929e-005
4086,0.00653226,0.00262449,-0.0253573,5.76478e-005,-0.00538198,2.80026e-005
4087,-0.000720415,0.000741423,-0.212656,2.36064e-005,-0.000568575,4.83515e-006
4088,-0.00264578,0.000655238,-0.21322,2.24387e-005,-0.000465334,4.83515e-006
4089,-0.00421377,0.000573095,-0.213779,2.14506e-005,-0.000377977,4.83515e-006
4090,-0.00548395,0.000494321,-0.214333,2.06422e-005,-0.000306503,4.83515e-006
4091,-0.00651589,0.000418241,-0.214881,2.00134e-005,-0.000250912,4.83515e-006
4092,-0.00736914,0.000344182,-0.215423,1.95643e-005,-0.000211205,4.83515e-006
4093,-0.00810326,0.000271471,-0.21596,1.92948e-005,-0.00018738,4.83515e-006
4094,-0.016031,-3.07537e-005,-0.146891,5.79079e-005,-0.000223043,1.64683e-005
4095,-0.0191615,0.000142868,-0.144673,5.82988e-005,-2.59689e-005,1.79242e-005
4096,-0.0224578,0.000321903,-0.142725,5.86314e-005,-4.61122e-005,1.9283e-005
4097,-0.0255178,0.000505913,-0.140378,5.89056e-005,-0.000251177,2.05446e-005
4098,-0.0280039,0.000694457,-0.137068,5.91215e-005,-0.000608818,2.1709e-005
4099,-0.0296433,0.000887093,-0.132341,5.92791e-005,-0.00108671,2.27762e-005
4100,-0.0302279,0.00108338,-0.125851,5.93783e-005,-0.00165256,2.37462e-005
4101,-0.029614,0.00128288,-0.117357,5.94193e-005,-0.00227402,2.46189e-005
4102,-0.0277227,0.00148515,-0.106728,5.94019e-005,-0.00291878,2.53945e-005
4103,-0.0245398,0.00168975,-0.0939407,5.93262e-005,-0.00355452,2.60729e-005
4104,-0.0201156,0.00189624,-0.0790787,5.91922e-005,-0.00414891,2.66541e-005
4105,-0.0145652,0.00210418,-0.0623338,5.89999e-005,-0.00466963,2.7138e-005
4106,-0.00806815,0.00231313,-0.0440054,5.87492e-005,-0.00508438,2.75248e-005
4107,-0.000868782,0.00252264,-0.0245005,5.84402e-005,-0.00536081,2.78144e-005
