# vtk DataFile Version 2.0
Bridge-1: Cable-stayed bridge (3D conversion)
ASCII
DATASET UNSTRUCTURED_GRID

POINTS 4163 float
    2.000000e+02  -1.000000e+01   0.000000e+00
    2.000000e+02   1.000000e+01   0.000000e+00
    1.500000e+02   1.000000e+01   0.000000e+00
    1.500000e+02  -1.000000e+01   0.000000e+00
    1.000000e+02   1.000000e+01   0.000000e+00
    1.000000e+02  -1.000000e+01   0.000000e+00
    5.000000e+01   1.000000e+01   0.000000e+00
    5.000000e+01  -1.000000e+01   0.000000e+00
    0.000000e+00   1.000000e+01   0.000000e+00
    0.000000e+00  -1.000000e+01   0.000000e+00
   -5.000000e+01   1.000000e+01   0.000000e+00
   -5.000000e+01  -1.000000e+01   0.000000e+00
   -1.000000e+02   1.000000e+01   0.000000e+00
   -1.000000e+02  -1.000000e+01   0.000000e+00
   -1.500000e+02   1.000000e+01   0.000000e+00
   -1.500000e+02  -1.000000e+01   0.000000e+00
   -2.000000e+02   1.000000e+01   0.000000e+00
   -2.000000e+02  -1.000000e+01   0.000000e+00
   -2.500000e+02   1.000000e+01   0.000000e+00
   -2.500000e+02  -1.000000e+01   0.000000e+00
    2.500000e+02  -1.000000e+01   0.000000e+00
    2.500000e+02   1.000000e+01   0.000000e+00
    2.000000e+02  -5.000000e+00   0.000000e+00
    2.000000e+02   0.000000e+00   0.000000e+00
    2.000000e+02   5.000000e+00   0.000000e+00
    1.950000e+02   1.000000e+01   0.000000e+00
    1.900000e+02   1.000000e+01   0.000000e+00
    1.850000e+02   1.000000e+01   0.000000e+00
    1.800000e+02   1.000000e+01   0.000000e+00
    1.750000e+02   1.000000e+01   0.000000e+00
    1.700000e+02   1.000000e+01   0.000000e+00
    1.650000e+02   1.000000e+01   0.000000e+00
    1.600000e+02   1.000000e+01   0.000000e+00
    1.550000e+02   1.000000e+01   0.000000e+00
    1.500000e+02   5.000000e+00   0.000000e+00
    1.500000e+02   0.000000e+00   0.000000e+00
    1.500000e+02  -5.000000e+00   0.000000e+00
    1.550000e+02  -1.000000e+01   0.000000e+00
    1.600000e+02  -1.000000e+01   0.000000e+00
    1.650000e+02  -1.000000e+01   0.000000e+00
    1.700000e+02  -1.000000e+01   0.000000e+00
    1.750000e+02  -1.000000e+01   0.000000e+00
    1.800000e+02  -1.000000e+01   0.000000e+00
    1.850000e+02  -1.000000e+01   0.000000e+00
    1.900000e+02  -1.000000e+01   0.000000e+00
    1.950000e+02  -1.000000e+01   0.000000e+00
    1.450000e+02   1.000000e+01   0.000000e+00
    1.400000e+02   1.000000e+01   0.000000e+00
    1.350000e+02   1.000000e+01   0.000000e+00
    1.300000e+02   1.000000e+01   0.000000e+00
    1.250000e+02   1.000000e+01   0.000000e+00
    1.200000e+02   1.000000e+01   0.000000e+00
    1.150000e+02   1.000000e+01   0.000000e+00
    1.100000e+02   1.000000e+01   0.000000e+00
    1.050000e+02   1.000000e+01   0.000000e+00
    1.000000e+02   5.000000e+00   0.000000e+00
    1.000000e+02   0.000000e+00   0.000000e+00
    1.000000e+02  -5.000000e+00   0.000000e+00
    1.050000e+02  -1.000000e+01   0.000000e+00
    1.100000e+02  -1.000000e+01   0.000000e+00
    1.150000e+02  -1.000000e+01   0.000000e+00
    1.200000e+02  -1.000000e+01   0.000000e+00
    1.250000e+02  -1.000000e+01   0.000000e+00
    1.300000e+02  -1.000000e+01   0.000000e+00
    1.350000e+02  -1.000000e+01   0.000000e+00
    1.400000e+02  -1.000000e+01   0.000000e+00
    1.450000e+02  -1.000000e+01   0.000000e+00
    9.500000e+01   1.000000e+01   0.000000e+00
    9.000000e+01   1.000000e+01   0.000000e+00
    8.500000e+01   1.000000e+01   0.000000e+00
    8.000000e+01   1.000000e+01   0.000000e+00
    7.500000e+01   1.000000e+01   0.000000e+00
    7.000000e+01   1.000000e+01   0.000000e+00
    6.500000e+01   1.000000e+01   0.000000e+00
    6.000000e+01   1.000000e+01   0.000000e+00
    5.500000e+01   1.000000e+01   0.000000e+00
    5.000000e+01   5.000000e+00   0.000000e+00
    5.000000e+01   0.000000e+00   0.000000e+00
    5.000000e+01  -5.000000e+00   0.000000e+00
    5.500000e+01  -1.000000e+01   0.000000e+00
    6.000000e+01  -1.000000e+01   0.000000e+00
    6.500000e+01  -1.000000e+01   0.000000e+00
    7.000000e+01  -1.000000e+01   0.000000e+00
    7.500000e+01  -1.000000e+01   0.000000e+00
    8.000000e+01  -1.000000e+01   0.000000e+00
    8.500000e+01  -1.000000e+01   0.000000e+00
    9.000000e+01  -1.000000e+01   0.000000e+00
    9.500000e+01  -1.000000e+01   0.000000e+00
    4.500000e+01   1.000000e+01   0.000000e+00
    4.000000e+01   1.000000e+01   0.000000e+00
    3.500000e+01   1.000000e+01   0.000000e+00
    3.000000e+01   1.000000e+01   0.000000e+00
    2.500000e+01   1.000000e+01   0.000000e+00
    2.000000e+01   1.000000e+01   0.000000e+00
    1.500000e+01   1.000000e+01   0.000000e+00
    1.000000e+01   1.000000e+01   0.000000e+00
    5.000000e+00   1.000000e+01   0.000000e+00
    0.000000e+00   5.000000e+00   0.000000e+00
    0.000000e+00   0.000000e+00   0.000000e+00
    0.000000e+00  -5.000000e+00   0.000000e+00
    5.000000e+00  -1.000000e+01   0.000000e+00
    1.000000e+01  -1.000000e+01   0.000000e+00
    1.500000e+01  -1.000000e+01   0.000000e+00
    2.000000e+01  -1.000000e+01   0.000000e+00
    2.500000e+01  -1.000000e+01   0.000000e+00
    3.000000e+01  -1.000000e+01   0.000000e+00
    3.500000e+01  -1.000000e+01   0.000000e+00
    4.000000e+01  -1.000000e+01   0.000000e+00
    4.500000e+01  -1.000000e+01   0.000000e+00
   -5.000000e+00   1.000000e+01   0.000000e+00
   -1.000000e+01   1.000000e+01   0.000000e+00
   -1.500000e+01   1.000000e+01   0.000000e+00
   -2.000000e+01   1.000000e+01   0.000000e+00
   -2.500000e+01   1.000000e+01   0.000000e+00
   -3.000000e+01   1.000000e+01   0.000000e+00
   -3.500000e+01   1.000000e+01   0.000000e+00
   -4.000000e+01   1.000000e+01   0.000000e+00
   -4.500000e+01   1.000000e+01   0.000000e+00
   -5.000000e+01   5.000000e+00   0.000000e+00
   -5.000000e+01   0.000000e+00   0.000000e+00
   -5.000000e+01  -5.000000e+00   0.000000e+00
   -4.500000e+01  -1.000000e+01   0.000000e+00
   -4.000000e+01  -1.000000e+01   0.000000e+00
   -3.500000e+01  -1.000000e+01   0.000000e+00
   -3.000000e+01  -1.000000e+01   0.000000e+00
   -2.500000e+01  -1.000000e+01   0.000000e+00
   -2.000000e+01  -1.000000e+01   0.000000e+00
   -1.500000e+01  -1.000000e+01   0.000000e+00
   -1.000000e+01  -1.000000e+01   0.000000e+00
   -5.000000e+00  -1.000000e+01   0.000000e+00
   -5.500000e+01   1.000000e+01   0.000000e+00
   -6.000000e+01   1.000000e+01   0.000000e+00
   -6.500000e+01   1.000000e+01   0.000000e+00
   -7.000000e+01   1.000000e+01   0.000000e+00
   -7.500000e+01   1.000000e+01   0.000000e+00
   -8.000000e+01   1.000000e+01   0.000000e+00
   -8.500000e+01   1.000000e+01   0.000000e+00
   -9.000000e+01   1.000000e+01   0.000000e+00
   -9.500000e+01   1.000000e+01   0.000000e+00
   -1.000000e+02   5.000000e+00   0.000000e+00
   -1.000000e+02   0.000000e+00   0.000000e+00
   -1.000000e+02  -5.000000e+00   0.000000e+00
   -9.500000e+01  -1.000000e+01   0.000000e+00
   -9.000000e+01  -1.000000e+01   0.000000e+00
   -8.500000e+01  -1.000000e+01   0.000000e+00
   -8.000000e+01  -1.000000e+01   0.000000e+00
   -7.500000e+01  -1.000000e+01   0.000000e+00
   -7.000000e+01  -1.000000e+01   0.000000e+00
   -6.500000e+01  -1.000000e+01   0.000000e+00
   -6.000000e+01  -1.000000e+01   0.000000e+00
   -5.500000e+01  -1.000000e+01   0.000000e+00
   -1.050000e+02   1.000000e+01   0.000000e+00
   -1.100000e+02   1.000000e+01   0.000000e+00
   -1.150000e+02   1.000000e+01   0.000000e+00
   -1.200000e+02   1.000000e+01   0.000000e+00
   -1.250000e+02   1.000000e+01   0.000000e+00
   -1.300000e+02   1.000000e+01   0.000000e+00
   -1.350000e+02   1.000000e+01   0.000000e+00
   -1.400000e+02   1.000000e+01   0.000000e+00
   -1.450000e+02   1.000000e+01   0.000000e+00
   -1.500000e+02   5.000000e+00   0.000000e+00
   -1.500000e+02   0.000000e+00   0.000000e+00
   -1.500000e+02  -5.000000e+00   0.000000e+00
   -1.450000e+02  -1.000000e+01   0.000000e+00
   -1.400000e+02  -1.000000e+01   0.000000e+00
   -1.350000e+02  -1.000000e+01   0.000000e+00
   -1.300000e+02  -1.000000e+01   0.000000e+00
   -1.250000e+02  -1.000000e+01   0.000000e+00
   -1.200000e+02  -1.000000e+01   0.000000e+00
   -1.150000e+02  -1.000000e+01   0.000000e+00
   -1.100000e+02  -1.000000e+01   0.000000e+00
   -1.050000e+02  -1.000000e+01   0.000000e+00
   -1.550000e+02   1.000000e+01   0.000000e+00
   -1.600000e+02   1.000000e+01   0.000000e+00
   -1.650000e+02   1.000000e+01   0.000000e+00
   -1.700000e+02   1.000000e+01   0.000000e+00
   -1.750000e+02   1.000000e+01   0.000000e+00
   -1.800000e+02   1.000000e+01   0.000000e+00
   -1.850000e+02   1.000000e+01   0.000000e+00
   -1.900000e+02   1.000000e+01   0.000000e+00
   -1.950000e+02   1.000000e+01   0.000000e+00
   -2.000000e+02   5.000000e+00   0.000000e+00
   -2.000000e+02   0.000000e+00   0.000000e+00
   -2.000000e+02  -5.000000e+00   0.000000e+00
   -1.950000e+02  -1.000000e+01   0.000000e+00
   -1.900000e+02  -1.000000e+01   0.000000e+00
   -1.850000e+02  -1.000000e+01   0.000000e+00
   -1.800000e+02  -1.000000e+01   0.000000e+00
   -1.750000e+02  -1.000000e+01   0.000000e+00
   -1.700000e+02  -1.000000e+01   0.000000e+00
   -1.650000e+02  -1.000000e+01   0.000000e+00
   -1.600000e+02  -1.000000e+01   0.000000e+00
   -1.550000e+02  -1.000000e+01   0.000000e+00
   -2.050000e+02   1.000000e+01   0.000000e+00
   -2.100000e+02   1.000000e+01   0.000000e+00
   -2.150000e+02   1.000000e+01   0.000000e+00
   -2.200000e+02   1.000000e+01   0.000000e+00
   -2.250000e+02   1.000000e+01   0.000000e+00
   -2.300000e+02   1.000000e+01   0.000000e+00
   -2.350000e+02   1.000000e+01   0.000000e+00
   -2.400000e+02   1.000000e+01   0.000000e+00
   -2.450000e+02   1.000000e+01   0.000000e+00
   -2.500000e+02   5.000000e+00   0.000000e+00
   -2.500000e+02   0.000000e+00   0.000000e+00
   -2.500000e+02  -5.000000e+00   0.000000e+00
   -2.450000e+02  -1.000000e+01   0.000000e+00
   -2.400000e+02  -1.000000e+01   0.000000e+00
   -2.350000e+02  -1.000000e+01   0.000000e+00
   -2.300000e+02  -1.000000e+01   0.000000e+00
   -2.250000e+02  -1.000000e+01   0.000000e+00
   -2.200000e+02  -1.000000e+01   0.000000e+00
   -2.150000e+02  -1.000000e+01   0.000000e+00
   -2.100000e+02  -1.000000e+01   0.000000e+00
   -2.050000e+02  -1.000000e+01   0.000000e+00
    2.050000e+02  -1.000000e+01   0.000000e+00
    2.100000e+02  -1.000000e+01   0.000000e+00
    2.150000e+02  -1.000000e+01   0.000000e+00
    2.200000e+02  -1.000000e+01   0.000000e+00
    2.250000e+02  -1.000000e+01   0.000000e+00
    2.300000e+02  -1.000000e+01   0.000000e+00
    2.350000e+02  -1.000000e+01   0.000000e+00
    2.400000e+02  -1.000000e+01   0.000000e+00
    2.450000e+02  -1.000000e+01   0.000000e+00
    2.500000e+02  -5.000000e+00   0.000000e+00
    2.500000e+02   0.000000e+00   0.000000e+00
    2.500000e+02   5.000000e+00   0.000000e+00
    2.450000e+02   1.000000e+01   0.000000e+00
    2.400000e+02   1.000000e+01   0.000000e+00
    2.350000e+02   1.000000e+01   0.000000e+00
    2.300000e+02   1.000000e+01   0.000000e+00
    2.250000e+02   1.000000e+01   0.000000e+00
    2.200000e+02   1.000000e+01   0.000000e+00
    2.150000e+02   1.000000e+01   0.000000e+00
    2.100000e+02   1.000000e+01   0.000000e+00
    2.050000e+02   1.000000e+01   0.000000e+00
    1.950000e+02  -5.000000e+00   0.000000e+00
    1.950000e+02   0.000000e+00   0.000000e+00
    1.950000e+02   5.000000e+00   0.000000e+00
    1.900000e+02  -5.000000e+00   0.000000e+00
    1.900000e+02   0.000000e+00   0.000000e+00
    1.900000e+02   5.000000e+00   0.000000e+00
    1.850000e+02  -5.000000e+00   0.000000e+00
    1.850000e+02   0.000000e+00   0.000000e+00
    1.850000e+02   5.000000e+00   0.000000e+00
    1.800000e+02  -5.000000e+00   0.000000e+00
    1.800000e+02   0.000000e+00   0.000000e+00
    1.800000e+02   5.000000e+00   0.000000e+00
    1.750000e+02  -5.000000e+00   0.000000e+00
    1.750000e+02   0.000000e+00   0.000000e+00
    1.750000e+02   5.000000e+00   0.000000e+00
    1.700000e+02  -5.000000e+00   0.000000e+00
    1.700000e+02   0.000000e+00   0.000000e+00
    1.700000e+02   5.000000e+00   0.000000e+00
    1.650000e+02  -5.000000e+00   0.000000e+00
    1.650000e+02   0.000000e+00   0.000000e+00
    1.650000e+02   5.000000e+00   0.000000e+00
    1.600000e+02  -5.000000e+00   0.000000e+00
    1.600000e+02   0.000000e+00   0.000000e+00
    1.600000e+02   5.000000e+00   0.000000e+00
    1.550000e+02  -5.000000e+00   0.000000e+00
    1.550000e+02   0.000000e+00   0.000000e+00
    1.550000e+02   5.000000e+00   0.000000e+00
    1.450000e+02  -5.000000e+00   0.000000e+00
    1.450000e+02   0.000000e+00   0.000000e+00
    1.450000e+02   5.000000e+00   0.000000e+00
    1.400000e+02  -5.000000e+00   0.000000e+00
    1.400000e+02   0.000000e+00   0.000000e+00
    1.400000e+02   5.000000e+00   0.000000e+00
    1.350000e+02  -5.000000e+00   0.000000e+00
    1.350000e+02   0.000000e+00   0.000000e+00
    1.350000e+02   5.000000e+00   0.000000e+00
    1.300000e+02  -5.000000e+00   0.000000e+00
    1.300000e+02   0.000000e+00   0.000000e+00
    1.300000e+02   5.000000e+00   0.000000e+00
    1.250000e+02  -5.000000e+00   0.000000e+00
    1.250000e+02   0.000000e+00   0.000000e+00
    1.250000e+02   5.000000e+00   0.000000e+00
    1.200000e+02  -5.000000e+00   0.000000e+00
    1.200000e+02   0.000000e+00   0.000000e+00
    1.200000e+02   5.000000e+00   0.000000e+00
    1.150000e+02  -5.000000e+00   0.000000e+00
    1.150000e+02   0.000000e+00   0.000000e+00
    1.150000e+02   5.000000e+00   0.000000e+00
    1.100000e+02  -5.000000e+00   0.000000e+00
    1.100000e+02   0.000000e+00   0.000000e+00
    1.100000e+02   5.000000e+00   0.000000e+00
    1.050000e+02  -5.000000e+00   0.000000e+00
    1.050000e+02   0.000000e+00   0.000000e+00
    1.050000e+02   5.000000e+00   0.000000e+00
    9.500000e+01  -5.000000e+00   0.000000e+00
    9.500000e+01   0.000000e+00   0.000000e+00
    9.500000e+01   5.000000e+00   0.000000e+00
    9.000000e+01  -5.000000e+00   0.000000e+00
    9.000000e+01   0.000000e+00   0.000000e+00
    9.000000e+01   5.000000e+00   0.000000e+00
    8.500000e+01  -5.000000e+00   0.000000e+00
    8.500000e+01   0.000000e+00   0.000000e+00
    8.500000e+01   5.000000e+00   0.000000e+00
    8.000000e+01  -5.000000e+00   0.000000e+00
    8.000000e+01   0.000000e+00   0.000000e+00
    8.000000e+01   5.000000e+00   0.000000e+00
    7.500000e+01  -5.000000e+00   0.000000e+00
    7.500000e+01   0.000000e+00   0.000000e+00
    7.500000e+01   5.000000e+00   0.000000e+00
    7.000000e+01  -5.000000e+00   0.000000e+00
    7.000000e+01   0.000000e+00   0.000000e+00
    7.000000e+01   5.000000e+00   0.000000e+00
    6.500000e+01  -5.000000e+00   0.000000e+00
    6.500000e+01   0.000000e+00   0.000000e+00
    6.500000e+01   5.000000e+00   0.000000e+00
    6.000000e+01  -5.000000e+00   0.000000e+00
    6.000000e+01   0.000000e+00   0.000000e+00
    6.000000e+01   5.000000e+00   0.000000e+00
    5.500000e+01  -5.000000e+00   0.000000e+00
    5.500000e+01   0.000000e+00   0.000000e+00
    5.500000e+01   5.000000e+00   0.000000e+00
    4.500000e+01  -5.000000e+00   0.000000e+00
    4.500000e+01   0.000000e+00   0.000000e+00
    4.500000e+01   5.000000e+00   0.000000e+00
    4.000000e+01  -5.000000e+00   0.000000e+00
    4.000000e+01   0.000000e+00   0.000000e+00
    4.000000e+01   5.000000e+00   0.000000e+00
    3.500000e+01  -5.000000e+00   0.000000e+00
    3.500000e+01   0.000000e+00   0.000000e+00
    3.500000e+01   5.000000e+00   0.000000e+00
    3.000000e+01  -5.000000e+00   0.000000e+00
    3.000000e+01   0.000000e+00   0.000000e+00
    3.000000e+01   5.000000e+00   0.000000e+00
    2.500000e+01  -5.000000e+00   0.000000e+00
    2.500000e+01   0.000000e+00   0.000000e+00
    2.500000e+01   5.000000e+00   0.000000e+00
    2.000000e+01  -5.000000e+00   0.000000e+00
    2.000000e+01   0.000000e+00   0.000000e+00
    2.000000e+01   5.000000e+00   0.000000e+00
    1.500000e+01  -5.000000e+00   0.000000e+00
    1.500000e+01   0.000000e+00   0.000000e+00
    1.500000e+01   5.000000e+00   0.000000e+00
    1.000000e+01  -5.000000e+00   0.000000e+00
    1.000000e+01   0.000000e+00   0.000000e+00
    1.000000e+01   5.000000e+00   0.000000e+00
    5.000000e+00  -5.000000e+00   0.000000e+00
    5.000000e+00   0.000000e+00   0.000000e+00
    5.000000e+00   5.000000e+00   0.000000e+00
   -5.000000e+00  -5.000000e+00   0.000000e+00
   -5.000000e+00   0.000000e+00   0.000000e+00
   -5.000000e+00   5.000000e+00   0.000000e+00
   -1.000000e+01  -5.000000e+00   0.000000e+00
   -1.000000e+01   0.000000e+00   0.000000e+00
   -1.000000e+01   5.000000e+00   0.000000e+00
   -1.500000e+01  -5.000000e+00   0.000000e+00
   -1.500000e+01   0.000000e+00   0.000000e+00
   -1.500000e+01   5.000000e+00   0.000000e+00
   -2.000000e+01  -5.000000e+00   0.000000e+00
   -2.000000e+01   0.000000e+00   0.000000e+00
   -2.000000e+01   5.000000e+00   0.000000e+00
   -2.500000e+01  -5.000000e+00   0.000000e+00
   -2.500000e+01   0.000000e+00   0.000000e+00
   -2.500000e+01   5.000000e+00   0.000000e+00
   -3.000000e+01  -5.000000e+00   0.000000e+00
   -3.000000e+01   0.000000e+00   0.000000e+00
   -3.000000e+01   5.000000e+00   0.000000e+00
   -3.500000e+01  -5.000000e+00   0.000000e+00
   -3.500000e+01   0.000000e+00   0.000000e+00
   -3.500000e+01   5.000000e+00   0.000000e+00
   -4.000000e+01  -5.000000e+00   0.000000e+00
   -4.000000e+01   0.000000e+00   0.000000e+00
   -4.000000e+01   5.000000e+00   0.000000e+00
   -4.500000e+01  -5.000000e+00   0.000000e+00
   -4.500000e+01   0.000000e+00   0.000000e+00
   -4.500000e+01   5.000000e+00   0.000000e+00
   -5.500000e+01  -5.000000e+00   0.000000e+00
   -5.500000e+01   0.000000e+00   0.000000e+00
   -5.500000e+01   5.000000e+00   0.000000e+00
   -6.000000e+01  -5.000000e+00   0.000000e+00
   -6.000000e+01   0.000000e+00   0.000000e+00
   -6.000000e+01   5.000000e+00   0.000000e+00
   -6.500000e+01  -5.000000e+00   0.000000e+00
   -6.500000e+01   0.000000e+00   0.000000e+00
   -6.500000e+01   5.000000e+00   0.000000e+00
   -7.000000e+01  -5.000000e+00   0.000000e+00
   -7.000000e+01   0.000000e+00   0.000000e+00
   -7.000000e+01   5.000000e+00   0.000000e+00
   -7.500000e+01  -5.000000e+00   0.000000e+00
   -7.500000e+01   0.000000e+00   0.000000e+00
   -7.500000e+01   5.000000e+00   0.000000e+00
   -8.000000e+01  -5.000000e+00   0.000000e+00
   -8.000000e+01   0.000000e+00   0.000000e+00
   -8.000000e+01   5.000000e+00   0.000000e+00
   -8.500000e+01  -5.000000e+00   0.000000e+00
   -8.500000e+01   0.000000e+00   0.000000e+00
   -8.500000e+01   5.000000e+00   0.000000e+00
   -9.000000e+01  -5.000000e+00   0.000000e+00
   -9.000000e+01   0.000000e+00   0.000000e+00
   -9.000000e+01   5.000000e+00   0.000000e+00
   -9.500000e+01  -5.000000e+00   0.000000e+00
   -9.500000e+01   0.000000e+00   0.000000e+00
   -9.500000e+01   5.000000e+00   0.000000e+00
   -1.050000e+02  -5.000000e+00   0.000000e+00
   -1.050000e+02   0.000000e+00   0.000000e+00
   -1.050000e+02   5.000000e+00   0.000000e+00
   -1.100000e+02  -5.000000e+00   0.000000e+00
   -1.100000e+02   0.000000e+00   0.000000e+00
   -1.100000e+02   5.000000e+00   0.000000e+00
   -1.150000e+02  -5.000000e+00   0.000000e+00
   -1.150000e+02   0.000000e+00   0.000000e+00
   -1.150000e+02   5.000000e+00   0.000000e+00
   -1.200000e+02  -5.000000e+00   0.000000e+00
   -1.200000e+02   0.000000e+00   0.000000e+00
   -1.200000e+02   5.000000e+00   0.000000e+00
   -1.250000e+02  -5.000000e+00   0.000000e+00
   -1.250000e+02   0.000000e+00   0.000000e+00
   -1.250000e+02   5.000000e+00   0.000000e+00
   -1.300000e+02  -5.000000e+00   0.000000e+00
   -1.300000e+02   0.000000e+00   0.000000e+00
   -1.300000e+02   5.000000e+00   0.000000e+00
   -1.350000e+02  -5.000000e+00   0.000000e+00
   -1.350000e+02   0.000000e+00   0.000000e+00
   -1.350000e+02   5.000000e+00   0.000000e+00
   -1.400000e+02  -5.000000e+00   0.000000e+00
   -1.400000e+02   0.000000e+00   0.000000e+00
   -1.400000e+02   5.000000e+00   0.000000e+00
   -1.450000e+02  -5.000000e+00   0.000000e+00
   -1.450000e+02   0.000000e+00   0.000000e+00
   -1.450000e+02   5.000000e+00   0.000000e+00
   -1.550000e+02  -5.000000e+00   0.000000e+00
   -1.550000e+02   0.000000e+00   0.000000e+00
   -1.550000e+02   5.000000e+00   0.000000e+00
   -1.600000e+02  -5.000000e+00   0.000000e+00
   -1.600000e+02   0.000000e+00   0.000000e+00
   -1.600000e+02   5.000000e+00   0.000000e+00
   -1.650000e+02  -5.000000e+00   0.000000e+00
   -1.650000e+02   0.000000e+00   0.000000e+00
   -1.650000e+02   5.000000e+00   0.000000e+00
   -1.700000e+02  -5.000000e+00   0.000000e+00
   -1.700000e+02   0.000000e+00   0.000000e+00
   -1.700000e+02   5.000000e+00   0.000000e+00
   -1.750000e+02  -5.000000e+00   0.000000e+00
   -1.750000e+02   0.000000e+00   0.000000e+00
   -1.750000e+02   5.000000e+00   0.000000e+00
   -1.800000e+02  -5.000000e+00   0.000000e+00
   -1.800000e+02   0.000000e+00   0.000000e+00
   -1.800000e+02   5.000000e+00   0.000000e+00
   -1.850000e+02  -5.000000e+00   0.000000e+00
   -1.850000e+02   0.000000e+00   0.000000e+00
   -1.850000e+02   5.000000e+00   0.000000e+00
   -1.900000e+02  -5.000000e+00   0.000000e+00
   -1.900000e+02   0.000000e+00   0.000000e+00
   -1.900000e+02   5.000000e+00   0.000000e+00
   -1.950000e+02  -5.000000e+00   0.000000e+00
   -1.950000e+02   0.000000e+00   0.000000e+00
   -1.950000e+02   5.000000e+00   0.000000e+00
   -2.050000e+02  -5.000000e+00   0.000000e+00
   -2.050000e+02   0.000000e+00   0.000000e+00
   -2.050000e+02   5.000000e+00   0.000000e+00
   -2.100000e+02  -5.000000e+00   0.000000e+00
   -2.100000e+02   0.000000e+00   0.000000e+00
   -2.100000e+02   5.000000e+00   0.000000e+00
   -2.150000e+02  -5.000000e+00   0.000000e+00
   -2.150000e+02   0.000000e+00   0.000000e+00
   -2.150000e+02   5.000000e+00   0.000000e+00
   -2.200000e+02  -5.000000e+00   0.000000e+00
   -2.200000e+02   0.000000e+00   0.000000e+00
   -2.200000e+02   5.000000e+00   0.000000e+00
   -2.250000e+02  -5.000000e+00   0.000000e+00
   -2.250000e+02   0.000000e+00   0.000000e+00
   -2.250000e+02   5.000000e+00   0.000000e+00
   -2.300000e+02  -5.000000e+00   0.000000e+00
   -2.300000e+02   0.000000e+00   0.000000e+00
   -2.300000e+02   5.000000e+00   0.000000e+00
   -2.350000e+02  -5.000000e+00   0.000000e+00
   -2.350000e+02   0.000000e+00   0.000000e+00
   -2.350000e+02   5.000000e+00   0.000000e+00
   -2.400000e+02  -5.000000e+00   0.000000e+00
   -2.400000e+02   0.000000e+00   0.000000e+00
   -2.400000e+02   5.000000e+00   0.000000e+00
   -2.450000e+02  -5.000000e+00   0.000000e+00
   -2.450000e+02   0.000000e+00   0.000000e+00
   -2.450000e+02   5.000000e+00   0.000000e+00
    2.050000e+02   5.000000e+00   0.000000e+00
    2.050000e+02   0.000000e+00   0.000000e+00
    2.050000e+02  -5.000000e+00   0.000000e+00
    2.100000e+02   5.000000e+00   0.000000e+00
    2.100000e+02   0.000000e+00   0.000000e+00
    2.100000e+02  -5.000000e+00   0.000000e+00
    2.150000e+02   5.000000e+00   0.000000e+00
    2.150000e+02   0.000000e+00   0.000000e+00
    2.150000e+02  -5.000000e+00   0.000000e+00
    2.200000e+02   5.000000e+00   0.000000e+00
    2.200000e+02   0.000000e+00   0.000000e+00
    2.200000e+02  -5.000000e+00   0.000000e+00
    2.250000e+02   5.000000e+00   0.000000e+00
    2.250000e+02   0.000000e+00   0.000000e+00
    2.250000e+02  -5.000000e+00   0.000000e+00
    2.300000e+02   5.000000e+00   0.000000e+00
    2.300000e+02   0.000000e+00   0.000000e+00
    2.300000e+02  -5.000000e+00   0.000000e+00
    2.350000e+02   5.000000e+00   0.000000e+00
    2.350000e+02   0.000000e+00   0.000000e+00
    2.350000e+02  -5.000000e+00   0.000000e+00
    2.400000e+02   5.000000e+00   0.000000e+00
    2.400000e+02   0.000000e+00   0.000000e+00
    2.400000e+02  -5.000000e+00   0.000000e+00
    2.450000e+02   5.000000e+00   0.000000e+00
    2.450000e+02   0.000000e+00   0.000000e+00
    2.450000e+02  -5.000000e+00   0.000000e+00
    0.000000e+00  -1.000000e+01  -5.000000e+01
    0.000000e+00  -2.000000e+01  -5.000000e+01
   -2.000000e+01  -2.000000e+01  -5.000000e+01
   -2.000000e+01  -1.000000e+01  -5.000000e+01
    0.000000e+00  -2.000000e+01   1.500000e+02
   -1.000000e+01  -2.000000e+01   1.500000e+02
   -1.000000e+01  -1.000000e+01   1.500000e+02
    0.000000e+00  -1.000000e+01   1.500000e+02
    2.000000e+01  -1.000000e+01  -5.000000e+01
    2.000000e+01  -2.000000e+01  -5.000000e+01
    1.000000e+01  -1.000000e+01   1.500000e+02
    1.000000e+01  -2.000000e+01   1.500000e+02
    0.000000e+00  -1.500000e+01  -5.000000e+01
   -6.666667e+00  -2.000000e+01  -5.000000e+01
   -1.333333e+01  -2.000000e+01  -5.000000e+01
   -2.000000e+01  -1.500000e+01  -5.000000e+01
   -1.333333e+01  -1.000000e+01  -5.000000e+01
   -6.666667e+00  -1.000000e+01  -5.000000e+01
    0.000000e+00  -1.500000e+01   1.500000e+02
   -6.666667e+00  -2.000000e+01   1.500000e+02
   -3.333333e+00  -2.000000e+01   1.500000e+02
   -1.000000e+01  -1.500000e+01   1.500000e+02
   -3.333333e+00  -1.000000e+01   1.500000e+02
   -6.666667e+00  -1.000000e+01   1.500000e+02
   -1.975000e+01  -1.000000e+01  -4.500000e+01
   -1.950000e+01  -1.000000e+01  -4.000000e+01
   -1.925000e+01  -1.000000e+01  -3.500000e+01
   -1.900000e+01  -1.000000e+01  -3.000000e+01
   -1.875000e+01  -1.000000e+01  -2.500000e+01
   -1.850000e+01  -1.000000e+01  -2.000000e+01
   -1.825000e+01  -1.000000e+01  -1.500000e+01
   -1.800000e+01  -1.000000e+01  -1.000000e+01
   -1.775000e+01  -1.000000e+01  -5.000000e+00
   -1.750000e+01  -1.000000e+01   0.000000e+00
   -1.725000e+01  -1.000000e+01   5.000000e+00
   -1.700000e+01  -1.000000e+01   1.000000e+01
   -1.675000e+01  -1.000000e+01   1.500000e+01
   -1.650000e+01  -1.000000e+01   2.000000e+01
   -1.625000e+01  -1.000000e+01   2.500000e+01
   -1.600000e+01  -1.000000e+01   3.000000e+01
   -1.575000e+01  -1.000000e+01   3.500000e+01
   -1.550000e+01  -1.000000e+01   4.000000e+01
   -1.525000e+01  -1.000000e+01   4.500000e+01
   -1.500000e+01  -1.000000e+01   5.000000e+01
   -1.475000e+01  -1.000000e+01   5.500000e+01
   -1.450000e+01  -1.000000e+01   6.000000e+01
   -1.425000e+01  -1.000000e+01   6.500000e+01
   -1.400000e+01  -1.000000e+01   7.000000e+01
   -1.375000e+01  -1.000000e+01   7.500000e+01
   -1.350000e+01  -1.000000e+01   8.000000e+01
   -1.325000e+01  -1.000000e+01   8.500000e+01
   -1.300000e+01  -1.000000e+01   9.000000e+01
   -1.275000e+01  -1.000000e+01   9.500000e+01
   -1.250000e+01  -1.000000e+01   1.000000e+02
   -1.225000e+01  -1.000000e+01   1.050000e+02
   -1.200000e+01  -1.000000e+01   1.100000e+02
   -1.175000e+01  -1.000000e+01   1.150000e+02
   -1.150000e+01  -1.000000e+01   1.200000e+02
   -1.125000e+01  -1.000000e+01   1.250000e+02
   -1.100000e+01  -1.000000e+01   1.300000e+02
   -1.075000e+01  -1.000000e+01   1.350000e+02
   -1.050000e+01  -1.000000e+01   1.400000e+02
   -1.025000e+01  -1.000000e+01   1.450000e+02
    0.000000e+00  -1.000000e+01   1.450000e+02
    0.000000e+00  -1.000000e+01   1.400000e+02
    0.000000e+00  -1.000000e+01   1.350000e+02
    0.000000e+00  -1.000000e+01   1.300000e+02
    0.000000e+00  -1.000000e+01   1.250000e+02
    0.000000e+00  -1.000000e+01   1.200000e+02
    0.000000e+00  -1.000000e+01   1.150000e+02
    0.000000e+00  -1.000000e+01   1.100000e+02
    0.000000e+00  -1.000000e+01   1.050000e+02
    0.000000e+00  -1.000000e+01   1.000000e+02
    0.000000e+00  -1.000000e+01   9.500000e+01
    0.000000e+00  -1.000000e+01   9.000000e+01
    0.000000e+00  -1.000000e+01   8.500000e+01
    0.000000e+00  -1.000000e+01   8.000000e+01
    0.000000e+00  -1.000000e+01   7.500000e+01
    0.000000e+00  -1.000000e+01   7.000000e+01
    0.000000e+00  -1.000000e+01   6.500000e+01
    0.000000e+00  -1.000000e+01   6.000000e+01
    0.000000e+00  -1.000000e+01   5.500000e+01
    0.000000e+00  -1.000000e+01   5.000000e+01
    0.000000e+00  -1.000000e+01   4.500000e+01
    0.000000e+00  -1.000000e+01   4.000000e+01
    0.000000e+00  -1.000000e+01   3.500000e+01
    0.000000e+00  -1.000000e+01   3.000000e+01
    0.000000e+00  -1.000000e+01   2.500000e+01
    0.000000e+00  -1.000000e+01   2.000000e+01
    0.000000e+00  -1.000000e+01   1.500000e+01
    0.000000e+00  -1.000000e+01   1.000000e+01
    0.000000e+00  -1.000000e+01   5.000000e+00
    0.000000e+00  -1.000000e+01   0.000000e+00
    0.000000e+00  -1.000000e+01  -5.000000e+00
    0.000000e+00  -1.000000e+01  -1.000000e+01
    0.000000e+00  -1.000000e+01  -1.500000e+01
    0.000000e+00  -1.000000e+01  -2.000000e+01
    0.000000e+00  -1.000000e+01  -2.500000e+01
    0.000000e+00  -1.000000e+01  -3.000000e+01
    0.000000e+00  -1.000000e+01  -3.500000e+01
    0.000000e+00  -1.000000e+01  -4.000000e+01
    0.000000e+00  -1.000000e+01  -4.500000e+01
   -1.025000e+01  -2.000000e+01   1.450000e+02
   -1.050000e+01  -2.000000e+01   1.400000e+02
   -1.075000e+01  -2.000000e+01   1.350000e+02
   -1.100000e+01  -2.000000e+01   1.300000e+02
   -1.125000e+01  -2.000000e+01   1.250000e+02
   -1.150000e+01  -2.000000e+01   1.200000e+02
   -1.175000e+01  -2.000000e+01   1.150000e+02
   -1.200000e+01  -2.000000e+01   1.100000e+02
   -1.225000e+01  -2.000000e+01   1.050000e+02
   -1.250000e+01  -2.000000e+01   1.000000e+02
   -1.275000e+01  -2.000000e+01   9.500000e+01
   -1.300000e+01  -2.000000e+01   9.000000e+01
   -1.325000e+01  -2.000000e+01   8.500000e+01
   -1.350000e+01  -2.000000e+01   8.000000e+01
   -1.375000e+01  -2.000000e+01   7.500000e+01
   -1.400000e+01  -2.000000e+01   7.000000e+01
   -1.425000e+01  -2.000000e+01   6.500000e+01
   -1.450000e+01  -2.000000e+01   6.000000e+01
   -1.475000e+01  -2.000000e+01   5.500000e+01
   -1.500000e+01  -2.000000e+01   5.000000e+01
   -1.525000e+01  -2.000000e+01   4.500000e+01
   -1.550000e+01  -2.000000e+01   4.000000e+01
   -1.575000e+01  -2.000000e+01   3.500000e+01
   -1.600000e+01  -2.000000e+01   3.000000e+01
   -1.625000e+01  -2.000000e+01   2.500000e+01
   -1.650000e+01  -2.000000e+01   2.000000e+01
   -1.675000e+01  -2.000000e+01   1.500000e+01
   -1.700000e+01  -2.000000e+01   1.000000e+01
   -1.725000e+01  -2.000000e+01   5.000000e+00
   -1.750000e+01  -2.000000e+01   0.000000e+00
   -1.775000e+01  -2.000000e+01  -5.000000e+00
   -1.800000e+01  -2.000000e+01  -1.000000e+01
   -1.825000e+01  -2.000000e+01  -1.500000e+01
   -1.850000e+01  -2.000000e+01  -2.000000e+01
   -1.875000e+01  -2.000000e+01  -2.500000e+01
   -1.900000e+01  -2.000000e+01  -3.000000e+01
   -1.925000e+01  -2.000000e+01  -3.500000e+01
   -1.950000e+01  -2.000000e+01  -4.000000e+01
   -1.975000e+01  -2.000000e+01  -4.500000e+01
    0.000000e+00  -2.000000e+01  -4.500000e+01
    0.000000e+00  -2.000000e+01  -4.000000e+01
    0.000000e+00  -2.000000e+01  -3.500000e+01
    0.000000e+00  -2.000000e+01  -3.000000e+01
    0.000000e+00  -2.000000e+01  -2.500000e+01
    0.000000e+00  -2.000000e+01  -2.000000e+01
    0.000000e+00  -2.000000e+01  -1.500000e+01
    0.000000e+00  -2.000000e+01  -1.000000e+01
    0.000000e+00  -2.000000e+01  -5.000000e+00
    0.000000e+00  -2.000000e+01   0.000000e+00
    0.000000e+00  -2.000000e+01   5.000000e+00
    0.000000e+00  -2.000000e+01   1.000000e+01
    0.000000e+00  -2.000000e+01   1.500000e+01
    0.000000e+00  -2.000000e+01   2.000000e+01
    0.000000e+00  -2.000000e+01   2.500000e+01
    0.000000e+00  -2.000000e+01   3.000000e+01
    0.000000e+00  -2.000000e+01   3.500000e+01
    0.000000e+00  -2.000000e+01   4.000000e+01
    0.000000e+00  -2.000000e+01   4.500000e+01
    0.000000e+00  -2.000000e+01   5.000000e+01
    0.000000e+00  -2.000000e+01   5.500000e+01
    0.000000e+00  -2.000000e+01   6.000000e+01
    0.000000e+00  -2.000000e+01   6.500000e+01
    0.000000e+00  -2.000000e+01   7.000000e+01
    0.000000e+00  -2.000000e+01   7.500000e+01
    0.000000e+00  -2.000000e+01   8.000000e+01
    0.000000e+00  -2.000000e+01   8.500000e+01
    0.000000e+00  -2.000000e+01   9.000000e+01
    0.000000e+00  -2.000000e+01   9.500000e+01
    0.000000e+00  -2.000000e+01   1.000000e+02
    0.000000e+00  -2.000000e+01   1.050000e+02
    0.000000e+00  -2.000000e+01   1.100000e+02
    0.000000e+00  -2.000000e+01   1.150000e+02
    0.000000e+00  -2.000000e+01   1.200000e+02
    0.000000e+00  -2.000000e+01   1.250000e+02
    0.000000e+00  -2.000000e+01   1.300000e+02
    0.000000e+00  -2.000000e+01   1.350000e+02
    0.000000e+00  -2.000000e+01   1.400000e+02
    0.000000e+00  -2.000000e+01   1.450000e+02
    6.666667e+00  -1.000000e+01  -5.000000e+01
    1.333333e+01  -1.000000e+01  -5.000000e+01
    2.000000e+01  -1.500000e+01  -5.000000e+01
    1.333333e+01  -2.000000e+01  -5.000000e+01
    6.666667e+00  -2.000000e+01  -5.000000e+01
    6.666667e+00  -1.000000e+01   1.500000e+02
    3.333333e+00  -1.000000e+01   1.500000e+02
    1.000000e+01  -1.500000e+01   1.500000e+02
    3.333333e+00  -2.000000e+01   1.500000e+02
    6.666667e+00  -2.000000e+01   1.500000e+02
    1.975000e+01  -2.000000e+01  -4.500000e+01
    1.950000e+01  -2.000000e+01  -4.000000e+01
    1.925000e+01  -2.000000e+01  -3.500000e+01
    1.900000e+01  -2.000000e+01  -3.000000e+01
    1.875000e+01  -2.000000e+01  -2.500000e+01
    1.850000e+01  -2.000000e+01  -2.000000e+01
    1.825000e+01  -2.000000e+01  -1.500000e+01
    1.800000e+01  -2.000000e+01  -1.000000e+01
    1.775000e+01  -2.000000e+01  -5.000000e+00
    1.750000e+01  -2.000000e+01   0.000000e+00
    1.725000e+01  -2.000000e+01   5.000000e+00
    1.700000e+01  -2.000000e+01   1.000000e+01
    1.675000e+01  -2.000000e+01   1.500000e+01
    1.650000e+01  -2.000000e+01   2.000000e+01
    1.625000e+01  -2.000000e+01   2.500000e+01
    1.600000e+01  -2.000000e+01   3.000000e+01
    1.575000e+01  -2.000000e+01   3.500000e+01
    1.550000e+01  -2.000000e+01   4.000000e+01
    1.525000e+01  -2.000000e+01   4.500000e+01
    1.500000e+01  -2.000000e+01   5.000000e+01
    1.475000e+01  -2.000000e+01   5.500000e+01
    1.450000e+01  -2.000000e+01   6.000000e+01
    1.425000e+01  -2.000000e+01   6.500000e+01
    1.400000e+01  -2.000000e+01   7.000000e+01
    1.375000e+01  -2.000000e+01   7.500000e+01
    1.350000e+01  -2.000000e+01   8.000000e+01
    1.325000e+01  -2.000000e+01   8.500000e+01
    1.300000e+01  -2.000000e+01   9.000000e+01
    1.275000e+01  -2.000000e+01   9.500000e+01
    1.250000e+01  -2.000000e+01   1.000000e+02
    1.225000e+01  -2.000000e+01   1.050000e+02
    1.200000e+01  -2.000000e+01   1.100000e+02
    1.175000e+01  -2.000000e+01   1.150000e+02
    1.150000e+01  -2.000000e+01   1.200000e+02
    1.125000e+01  -2.000000e+01   1.250000e+02
    1.100000e+01  -2.000000e+01   1.300000e+02
    1.075000e+01  -2.000000e+01   1.350000e+02
    1.050000e+01  -2.000000e+01   1.400000e+02
    1.025000e+01  -2.000000e+01   1.450000e+02
    1.025000e+01  -1.000000e+01   1.450000e+02
    1.050000e+01  -1.000000e+01   1.400000e+02
    1.075000e+01  -1.000000e+01   1.350000e+02
    1.100000e+01  -1.000000e+01   1.300000e+02
    1.125000e+01  -1.000000e+01   1.250000e+02
    1.150000e+01  -1.000000e+01   1.200000e+02
    1.175000e+01  -1.000000e+01   1.150000e+02
    1.200000e+01  -1.000000e+01   1.100000e+02
    1.225000e+01  -1.000000e+01   1.050000e+02
    1.250000e+01  -1.000000e+01   1.000000e+02
    1.275000e+01  -1.000000e+01   9.500000e+01
    1.300000e+01  -1.000000e+01   9.000000e+01
    1.325000e+01  -1.000000e+01   8.500000e+01
    1.350000e+01  -1.000000e+01   8.000000e+01
    1.375000e+01  -1.000000e+01   7.500000e+01
    1.400000e+01  -1.000000e+01   7.000000e+01
    1.425000e+01  -1.000000e+01   6.500000e+01
    1.450000e+01  -1.000000e+01   6.000000e+01
    1.475000e+01  -1.000000e+01   5.500000e+01
    1.500000e+01  -1.000000e+01   5.000000e+01
    1.525000e+01  -1.000000e+01   4.500000e+01
    1.550000e+01  -1.000000e+01   4.000000e+01
    1.575000e+01  -1.000000e+01   3.500000e+01
    1.600000e+01  -1.000000e+01   3.000000e+01
    1.625000e+01  -1.000000e+01   2.500000e+01
    1.650000e+01  -1.000000e+01   2.000000e+01
    1.675000e+01  -1.000000e+01   1.500000e+01
    1.700000e+01  -1.000000e+01   1.000000e+01
    1.725000e+01  -1.000000e+01   5.000000e+00
    1.750000e+01  -1.000000e+01   0.000000e+00
    1.775000e+01  -1.000000e+01  -5.000000e+00
    1.800000e+01  -1.000000e+01  -1.000000e+01
    1.825000e+01  -1.000000e+01  -1.500000e+01
    1.850000e+01  -1.000000e+01  -2.000000e+01
    1.875000e+01  -1.000000e+01  -2.500000e+01
    1.900000e+01  -1.000000e+01  -3.000000e+01
    1.925000e+01  -1.000000e+01  -3.500000e+01
    1.950000e+01  -1.000000e+01  -4.000000e+01
    1.975000e+01  -1.000000e+01  -4.500000e+01
   -6.666667e+00  -1.500000e+01  -5.000000e+01
   -1.333333e+01  -1.500000e+01  -5.000000e+01
   -3.333333e+00  -1.500000e+01   1.500000e+02
   -6.666667e+00  -1.500000e+01   1.500000e+02
   -6.583333e+00  -1.000000e+01  -4.500000e+01
   -1.316667e+01  -1.000000e+01  -4.500000e+01
   -6.500000e+00  -1.000000e+01  -4.000000e+01
   -1.300000e+01  -1.000000e+01  -4.000000e+01
   -6.416667e+00  -1.000000e+01  -3.500000e+01
   -1.283333e+01  -1.000000e+01  -3.500000e+01
   -6.333333e+00  -1.000000e+01  -3.000000e+01
   -1.266667e+01  -1.000000e+01  -3.000000e+01
   -6.250000e+00  -1.000000e+01  -2.500000e+01
   -1.250000e+01  -1.000000e+01  -2.500000e+01
   -6.166667e+00  -1.000000e+01  -2.000000e+01
   -1.233333e+01  -1.000000e+01  -2.000000e+01
   -6.083333e+00  -1.000000e+01  -1.500000e+01
   -1.216667e+01  -1.000000e+01  -1.500000e+01
   -6.000000e+00  -1.000000e+01  -1.000000e+01
   -1.200000e+01  -1.000000e+01  -1.000000e+01
   -5.916667e+00  -1.000000e+01  -5.000000e+00
   -1.183333e+01  -1.000000e+01  -5.000000e+00
   -5.833333e+00  -1.000000e+01   0.000000e+00
   -1.166667e+01  -1.000000e+01   0.000000e+00
   -5.750000e+00  -1.000000e+01   5.000000e+00
   -1.150000e+01  -1.000000e+01   5.000000e+00
   -5.666667e+00  -1.000000e+01   1.000000e+01
   -1.133333e+01  -1.000000e+01   1.000000e+01
   -5.583333e+00  -1.000000e+01   1.500000e+01
   -1.116667e+01  -1.000000e+01   1.500000e+01
   -5.500000e+00  -1.000000e+01   2.000000e+01
   -1.100000e+01  -1.000000e+01   2.000000e+01
   -5.416667e+00  -1.000000e+01   2.500000e+01
   -1.083333e+01  -1.000000e+01   2.500000e+01
   -5.333333e+00  -1.000000e+01   3.000000e+01
   -1.066667e+01  -1.000000e+01   3.000000e+01
   -5.250000e+00  -1.000000e+01   3.500000e+01
   -1.050000e+01  -1.000000e+01   3.500000e+01
   -5.166667e+00  -1.000000e+01   4.000000e+01
   -1.033333e+01  -1.000000e+01   4.000000e+01
   -5.083333e+00  -1.000000e+01   4.500000e+01
   -1.016667e+01  -1.000000e+01   4.500000e+01
   -5.000000e+00  -1.000000e+01   5.000000e+01
   -1.000000e+01  -1.000000e+01   5.000000e+01
   -4.916667e+00  -1.000000e+01   5.500000e+01
   -9.833333e+00  -1.000000e+01   5.500000e+01
   -4.833333e+00  -1.000000e+01   6.000000e+01
   -9.666667e+00  -1.000000e+01   6.000000e+01
   -4.750000e+00  -1.000000e+01   6.500000e+01
   -9.500000e+00  -1.000000e+01   6.500000e+01
   -4.666667e+00  -1.000000e+01   7.000000e+01
   -9.333333e+00  -1.000000e+01   7.000000e+01
   -4.583333e+00  -1.000000e+01   7.500000e+01
   -9.166667e+00  -1.000000e+01   7.500000e+01
   -4.500000e+00  -1.000000e+01   8.000000e+01
   -9.000000e+00  -1.000000e+01   8.000000e+01
   -4.416667e+00  -1.000000e+01   8.500000e+01
   -8.833333e+00  -1.000000e+01   8.500000e+01
   -4.333333e+00  -1.000000e+01   9.000000e+01
   -8.666667e+00  -1.000000e+01   9.000000e+01
   -4.250000e+00  -1.000000e+01   9.500000e+01
   -8.500000e+00  -1.000000e+01   9.500000e+01
   -4.166667e+00  -1.000000e+01   1.000000e+02
   -8.333333e+00  -1.000000e+01   1.000000e+02
   -4.083333e+00  -1.000000e+01   1.050000e+02
   -8.166667e+00  -1.000000e+01   1.050000e+02
   -4.000000e+00  -1.000000e+01   1.100000e+02
   -8.000000e+00  -1.000000e+01   1.100000e+02
   -3.916667e+00  -1.000000e+01   1.150000e+02
   -7.833333e+00  -1.000000e+01   1.150000e+02
   -3.833333e+00  -1.000000e+01   1.200000e+02
   -7.666667e+00  -1.000000e+01   1.200000e+02
   -3.750000e+00  -1.000000e+01   1.250000e+02
   -7.500000e+00  -1.000000e+01   1.250000e+02
   -3.666667e+00  -1.000000e+01   1.300000e+02
   -7.333333e+00  -1.000000e+01   1.300000e+02
   -3.583333e+00  -1.000000e+01   1.350000e+02
   -7.166667e+00  -1.000000e+01   1.350000e+02
   -3.500000e+00  -1.000000e+01   1.400000e+02
   -7.000000e+00  -1.000000e+01   1.400000e+02
   -3.416667e+00  -1.000000e+01   1.450000e+02
   -6.833333e+00  -1.000000e+01   1.450000e+02
   -6.583333e+00  -2.000000e+01  -4.500000e+01
   -1.316667e+01  -2.000000e+01  -4.500000e+01
   -6.500000e+00  -2.000000e+01  -4.000000e+01
   -1.300000e+01  -2.000000e+01  -4.000000e+01
   -6.416667e+00  -2.000000e+01  -3.500000e+01
   -1.283333e+01  -2.000000e+01  -3.500000e+01
   -6.333333e+00  -2.000000e+01  -3.000000e+01
   -1.266667e+01  -2.000000e+01  -3.000000e+01
   -6.250000e+00  -2.000000e+01  -2.500000e+01
   -1.250000e+01  -2.000000e+01  -2.500000e+01
   -6.166667e+00  -2.000000e+01  -2.000000e+01
   -1.233333e+01  -2.000000e+01  -2.000000e+01
   -6.083333e+00  -2.000000e+01  -1.500000e+01
   -1.216667e+01  -2.000000e+01  -1.500000e+01
   -6.000000e+00  -2.000000e+01  -1.000000e+01
   -1.200000e+01  -2.000000e+01  -1.000000e+01
   -5.916667e+00  -2.000000e+01  -5.000000e+00
   -1.183333e+01  -2.000000e+01  -5.000000e+00
   -5.833333e+00  -2.000000e+01   0.000000e+00
   -1.166667e+01  -2.000000e+01   0.000000e+00
   -5.750000e+00  -2.000000e+01   5.000000e+00
   -1.150000e+01  -2.000000e+01   5.000000e+00
   -5.666667e+00  -2.000000e+01   1.000000e+01
   -1.133333e+01  -2.000000e+01   1.000000e+01
   -5.583333e+00  -2.000000e+01   1.500000e+01
   -1.116667e+01  -2.000000e+01   1.500000e+01
   -5.500000e+00  -2.000000e+01   2.000000e+01
   -1.100000e+01  -2.000000e+01   2.000000e+01
   -5.416667e+00  -2.000000e+01   2.500000e+01
   -1.083333e+01  -2.000000e+01   2.500000e+01
   -5.333333e+00  -2.000000e+01   3.000000e+01
   -1.066667e+01  -2.000000e+01   3.000000e+01
   -5.250000e+00  -2.000000e+01   3.500000e+01
   -1.050000e+01  -2.000000e+01   3.500000e+01
   -5.166667e+00  -2.000000e+01   4.000000e+01
   -1.033333e+01  -2.000000e+01   4.000000e+01
   -5.083333e+00  -2.000000e+01   4.500000e+01
   -1.016667e+01  -2.000000e+01   4.500000e+01
   -5.000000e+00  -2.000000e+01   5.000000e+01
   -1.000000e+01  -2.000000e+01   5.000000e+01
   -4.916667e+00  -2.000000e+01   5.500000e+01
   -9.833333e+00  -2.000000e+01   5.500000e+01
   -4.833333e+00  -2.000000e+01   6.000000e+01
   -9.666667e+00  -2.000000e+01   6.000000e+01
   -4.750000e+00  -2.000000e+01   6.500000e+01
   -9.500000e+00  -2.000000e+01   6.500000e+01
   -4.666667e+00  -2.000000e+01   7.000000e+01
   -9.333333e+00  -2.000000e+01   7.000000e+01
   -4.583333e+00  -2.000000e+01   7.500000e+01
   -9.166667e+00  -2.000000e+01   7.500000e+01
   -4.500000e+00  -2.000000e+01   8.000000e+01
   -9.000000e+00  -2.000000e+01   8.000000e+01
   -4.416667e+00  -2.000000e+01   8.500000e+01
   -8.833333e+00  -2.000000e+01   8.500000e+01
   -4.333333e+00  -2.000000e+01   9.000000e+01
   -8.666667e+00  -2.000000e+01   9.000000e+01
   -4.250000e+00  -2.000000e+01   9.500000e+01
   -8.500000e+00  -2.000000e+01   9.500000e+01
   -4.166667e+00  -2.000000e+01   1.000000e+02
   -8.333333e+00  -2.000000e+01   1.000000e+02
   -4.083333e+00  -2.000000e+01   1.050000e+02
   -8.166667e+00  -2.000000e+01   1.050000e+02
   -4.000000e+00  -2.000000e+01   1.100000e+02
   -8.000000e+00  -2.000000e+01   1.100000e+02
   -3.916667e+00  -2.000000e+01   1.150000e+02
   -7.833333e+00  -2.000000e+01   1.150000e+02
   -3.833333e+00  -2.000000e+01   1.200000e+02
   -7.666667e+00  -2.000000e+01   1.200000e+02
   -3.750000e+00  -2.000000e+01   1.250000e+02
   -7.500000e+00  -2.000000e+01   1.250000e+02
   -3.666667e+00  -2.000000e+01   1.300000e+02
   -7.333333e+00  -2.000000e+01   1.300000e+02
   -3.583333e+00  -2.000000e+01   1.350000e+02
   -7.166667e+00  -2.000000e+01   1.350000e+02
   -3.500000e+00  -2.000000e+01   1.400000e+02
   -7.000000e+00  -2.000000e+01   1.400000e+02
   -3.416667e+00  -2.000000e+01   1.450000e+02
   -6.833333e+00  -2.000000e+01   1.450000e+02
    0.000000e+00  -1.500000e+01  -4.500000e+01
    0.000000e+00  -1.500000e+01  -4.000000e+01
    0.000000e+00  -1.500000e+01  -3.500000e+01
    0.000000e+00  -1.500000e+01  -3.000000e+01
    0.000000e+00  -1.500000e+01  -2.500000e+01
    0.000000e+00  -1.500000e+01  -2.000000e+01
    0.000000e+00  -1.500000e+01  -1.500000e+01
    0.000000e+00  -1.500000e+01  -1.000000e+01
    0.000000e+00  -1.500000e+01  -5.000000e+00
    0.000000e+00  -1.500000e+01   0.000000e+00
    0.000000e+00  -1.500000e+01   5.000000e+00
    0.000000e+00  -1.500000e+01   1.000000e+01
    0.000000e+00  -1.500000e+01   1.500000e+01
    0.000000e+00  -1.500000e+01   2.000000e+01
    0.000000e+00  -1.500000e+01   2.500000e+01
    0.000000e+00  -1.500000e+01   3.000000e+01
    0.000000e+00  -1.500000e+01   3.500000e+01
    0.000000e+00  -1.500000e+01   4.000000e+01
    0.000000e+00  -1.500000e+01   4.500000e+01
    0.000000e+00  -1.500000e+01   5.000000e+01
    0.000000e+00  -1.500000e+01   5.500000e+01
    0.000000e+00  -1.500000e+01   6.000000e+01
    0.000000e+00  -1.500000e+01   6.500000e+01
    0.000000e+00  -1.500000e+01   7.000000e+01
    0.000000e+00  -1.500000e+01   7.500000e+01
    0.000000e+00  -1.500000e+01   8.000000e+01
    0.000000e+00  -1.500000e+01   8.500000e+01
    0.000000e+00  -1.500000e+01   9.000000e+01
    0.000000e+00  -1.500000e+01   9.500000e+01
    0.000000e+00  -1.500000e+01   1.000000e+02
    0.000000e+00  -1.500000e+01   1.050000e+02
    0.000000e+00  -1.500000e+01   1.100000e+02
    0.000000e+00  -1.500000e+01   1.150000e+02
    0.000000e+00  -1.500000e+01   1.200000e+02
    0.000000e+00  -1.500000e+01   1.250000e+02
    0.000000e+00  -1.500000e+01   1.300000e+02
    0.000000e+00  -1.500000e+01   1.350000e+02
    0.000000e+00  -1.500000e+01   1.400000e+02
    0.000000e+00  -1.500000e+01   1.450000e+02
   -1.975000e+01  -1.500000e+01  -4.500000e+01
   -1.950000e+01  -1.500000e+01  -4.000000e+01
   -1.925000e+01  -1.500000e+01  -3.500000e+01
   -1.900000e+01  -1.500000e+01  -3.000000e+01
   -1.875000e+01  -1.500000e+01  -2.500000e+01
   -1.850000e+01  -1.500000e+01  -2.000000e+01
   -1.825000e+01  -1.500000e+01  -1.500000e+01
   -1.800000e+01  -1.500000e+01  -1.000000e+01
   -1.775000e+01  -1.500000e+01  -5.000000e+00
   -1.750000e+01  -1.500000e+01   0.000000e+00
   -1.725000e+01  -1.500000e+01   5.000000e+00
   -1.700000e+01  -1.500000e+01   1.000000e+01
   -1.675000e+01  -1.500000e+01   1.500000e+01
   -1.650000e+01  -1.500000e+01   2.000000e+01
   -1.625000e+01  -1.500000e+01   2.500000e+01
   -1.600000e+01  -1.500000e+01   3.000000e+01
   -1.575000e+01  -1.500000e+01   3.500000e+01
   -1.550000e+01  -1.500000e+01   4.000000e+01
   -1.525000e+01  -1.500000e+01   4.500000e+01
   -1.500000e+01  -1.500000e+01   5.000000e+01
   -1.475000e+01  -1.500000e+01   5.500000e+01
   -1.450000e+01  -1.500000e+01   6.000000e+01
   -1.425000e+01  -1.500000e+01   6.500000e+01
   -1.400000e+01  -1.500000e+01   7.000000e+01
   -1.375000e+01  -1.500000e+01   7.500000e+01
   -1.350000e+01  -1.500000e+01   8.000000e+01
   -1.325000e+01  -1.500000e+01   8.500000e+01
   -1.300000e+01  -1.500000e+01   9.000000e+01
   -1.275000e+01  -1.500000e+01   9.500000e+01
   -1.250000e+01  -1.500000e+01   1.000000e+02
   -1.225000e+01  -1.500000e+01   1.050000e+02
   -1.200000e+01  -1.500000e+01   1.100000e+02
   -1.175000e+01  -1.500000e+01   1.150000e+02
   -1.150000e+01  -1.500000e+01   1.200000e+02
   -1.125000e+01  -1.500000e+01   1.250000e+02
   -1.100000e+01  -1.500000e+01   1.300000e+02
   -1.075000e+01  -1.500000e+01   1.350000e+02
   -1.050000e+01  -1.500000e+01   1.400000e+02
   -1.025000e+01  -1.500000e+01   1.450000e+02
    6.666667e+00  -1.500000e+01  -5.000000e+01
    1.333333e+01  -1.500000e+01  -5.000000e+01
    3.333333e+00  -1.500000e+01   1.500000e+02
    6.666667e+00  -1.500000e+01   1.500000e+02
    6.583333e+00  -2.000000e+01  -4.500000e+01
    1.316667e+01  -2.000000e+01  -4.500000e+01
    6.500000e+00  -2.000000e+01  -4.000000e+01
    1.300000e+01  -2.000000e+01  -4.000000e+01
    6.416667e+00  -2.000000e+01  -3.500000e+01
    1.283333e+01  -2.000000e+01  -3.500000e+01
    6.333333e+00  -2.000000e+01  -3.000000e+01
    1.266667e+01  -2.000000e+01  -3.000000e+01
    6.250000e+00  -2.000000e+01  -2.500000e+01
    1.250000e+01  -2.000000e+01  -2.500000e+01
    6.166667e+00  -2.000000e+01  -2.000000e+01
    1.233333e+01  -2.000000e+01  -2.000000e+01
    6.083333e+00  -2.000000e+01  -1.500000e+01
    1.216667e+01  -2.000000e+01  -1.500000e+01
    6.000000e+00  -2.000000e+01  -1.000000e+01
    1.200000e+01  -2.000000e+01  -1.000000e+01
    5.916667e+00  -2.000000e+01  -5.000000e+00
    1.183333e+01  -2.000000e+01  -5.000000e+00
    5.833333e+00  -2.000000e+01   0.000000e+00
    1.166667e+01  -2.000000e+01   0.000000e+00
    5.750000e+00  -2.000000e+01   5.000000e+00
    1.150000e+01  -2.000000e+01   5.000000e+00
    5.666667e+00  -2.000000e+01   1.000000e+01
    1.133333e+01  -2.000000e+01   1.000000e+01
    5.583333e+00  -2.000000e+01   1.500000e+01
    1.116667e+01  -2.000000e+01   1.500000e+01
    5.500000e+00  -2.000000e+01   2.000000e+01
    1.100000e+01  -2.000000e+01   2.000000e+01
    5.416667e+00  -2.000000e+01   2.500000e+01
    1.083333e+01  -2.000000e+01   2.500000e+01
    5.333333e+00  -2.000000e+01   3.000000e+01
    1.066667e+01  -2.000000e+01   3.000000e+01
    5.250000e+00  -2.000000e+01   3.500000e+01
    1.050000e+01  -2.000000e+01   3.500000e+01
    5.166667e+00  -2.000000e+01   4.000000e+01
    1.033333e+01  -2.000000e+01   4.000000e+01
    5.083333e+00  -2.000000e+01   4.500000e+01
    1.016667e+01  -2.000000e+01   4.500000e+01
    5.000000e+00  -2.000000e+01   5.000000e+01
    1.000000e+01  -2.000000e+01   5.000000e+01
    4.916667e+00  -2.000000e+01   5.500000e+01
    9.833333e+00  -2.000000e+01   5.500000e+01
    4.833333e+00  -2.000000e+01   6.000000e+01
    9.666667e+00  -2.000000e+01   6.000000e+01
    4.750000e+00  -2.000000e+01   6.500000e+01
    9.500000e+00  -2.000000e+01   6.500000e+01
    4.666667e+00  -2.000000e+01   7.000000e+01
    9.333333e+00  -2.000000e+01   7.000000e+01
    4.583333e+00  -2.000000e+01   7.500000e+01
    9.166667e+00  -2.000000e+01   7.500000e+01
    4.500000e+00  -2.000000e+01   8.000000e+01
    9.000000e+00  -2.000000e+01   8.000000e+01
    4.416667e+00  -2.000000e+01   8.500000e+01
    8.833333e+00  -2.000000e+01   8.500000e+01
    4.333333e+00  -2.000000e+01   9.000000e+01
    8.666667e+00  -2.000000e+01   9.000000e+01
    4.250000e+00  -2.000000e+01   9.500000e+01
    8.500000e+00  -2.000000e+01   9.500000e+01
    4.166667e+00  -2.000000e+01   1.000000e+02
    8.333333e+00  -2.000000e+01   1.000000e+02
    4.083333e+00  -2.000000e+01   1.050000e+02
    8.166667e+00  -2.000000e+01   1.050000e+02
    4.000000e+00  -2.000000e+01   1.100000e+02
    8.000000e+00  -2.000000e+01   1.100000e+02
    3.916667e+00  -2.000000e+01   1.150000e+02
    7.833333e+00  -2.000000e+01   1.150000e+02
    3.833333e+00  -2.000000e+01   1.200000e+02
    7.666667e+00  -2.000000e+01   1.200000e+02
    3.750000e+00  -2.000000e+01   1.250000e+02
    7.500000e+00  -2.000000e+01   1.250000e+02
    3.666667e+00  -2.000000e+01   1.300000e+02
    7.333333e+00  -2.000000e+01   1.300000e+02
    3.583333e+00  -2.000000e+01   1.350000e+02
    7.166667e+00  -2.000000e+01   1.350000e+02
    3.500000e+00  -2.000000e+01   1.400000e+02
    7.000000e+00  -2.000000e+01   1.400000e+02
    3.416667e+00  -2.000000e+01   1.450000e+02
    6.833333e+00  -2.000000e+01   1.450000e+02
    6.583333e+00  -1.000000e+01  -4.500000e+01
    1.316667e+01  -1.000000e+01  -4.500000e+01
    6.500000e+00  -1.000000e+01  -4.000000e+01
    1.300000e+01  -1.000000e+01  -4.000000e+01
    6.416667e+00  -1.000000e+01  -3.500000e+01
    1.283333e+01  -1.000000e+01  -3.500000e+01
    6.333333e+00  -1.000000e+01  -3.000000e+01
    1.266667e+01  -1.000000e+01  -3.000000e+01
    6.250000e+00  -1.000000e+01  -2.500000e+01
    1.250000e+01  -1.000000e+01  -2.500000e+01
    6.166667e+00  -1.000000e+01  -2.000000e+01
    1.233333e+01  -1.000000e+01  -2.000000e+01
    6.083333e+00  -1.000000e+01  -1.500000e+01
    1.216667e+01  -1.000000e+01  -1.500000e+01
    6.000000e+00  -1.000000e+01  -1.000000e+01
    1.200000e+01  -1.000000e+01  -1.000000e+01
    5.916667e+00  -1.000000e+01  -5.000000e+00
    1.183333e+01  -1.000000e+01  -5.000000e+00
    5.833333e+00  -1.000000e+01   0.000000e+00
    1.166667e+01  -1.000000e+01   0.000000e+00
    5.750000e+00  -1.000000e+01   5.000000e+00
    1.150000e+01  -1.000000e+01   5.000000e+00
    5.666667e+00  -1.000000e+01   1.000000e+01
    1.133333e+01  -1.000000e+01   1.000000e+01
    5.583333e+00  -1.000000e+01   1.500000e+01
    1.116667e+01  -1.000000e+01   1.500000e+01
    5.500000e+00  -1.000000e+01   2.000000e+01
    1.100000e+01  -1.000000e+01   2.000000e+01
    5.416667e+00  -1.000000e+01   2.500000e+01
    1.083333e+01  -1.000000e+01   2.500000e+01
    5.333333e+00  -1.000000e+01   3.000000e+01
    1.066667e+01  -1.000000e+01   3.000000e+01
    5.250000e+00  -1.000000e+01   3.500000e+01
    1.050000e+01  -1.000000e+01   3.500000e+01
    5.166667e+00  -1.000000e+01   4.000000e+01
    1.033333e+01  -1.000000e+01   4.000000e+01
    5.083333e+00  -1.000000e+01   4.500000e+01
    1.016667e+01  -1.000000e+01   4.500000e+01
    5.000000e+00  -1.000000e+01   5.000000e+01
    1.000000e+01  -1.000000e+01   5.000000e+01
    4.916667e+00  -1.000000e+01   5.500000e+01
    9.833333e+00  -1.000000e+01   5.500000e+01
    4.833333e+00  -1.000000e+01   6.000000e+01
    9.666667e+00  -1.000000e+01   6.000000e+01
    4.750000e+00  -1.000000e+01   6.500000e+01
    9.500000e+00  -1.000000e+01   6.500000e+01
    4.666667e+00  -1.000000e+01   7.000000e+01
    9.333333e+00  -1.000000e+01   7.000000e+01
    4.583333e+00  -1.000000e+01   7.500000e+01
    9.166667e+00  -1.000000e+01   7.500000e+01
    4.500000e+00  -1.000000e+01   8.000000e+01
    9.000000e+00  -1.000000e+01   8.000000e+01
    4.416667e+00  -1.000000e+01   8.500000e+01
    8.833333e+00  -1.000000e+01   8.500000e+01
    4.333333e+00  -1.000000e+01   9.000000e+01
    8.666667e+00  -1.000000e+01   9.000000e+01
    4.250000e+00  -1.000000e+01   9.500000e+01
    8.500000e+00  -1.000000e+01   9.500000e+01
    4.166667e+00  -1.000000e+01   1.000000e+02
    8.333333e+00  -1.000000e+01   1.000000e+02
    4.083333e+00  -1.000000e+01   1.050000e+02
    8.166667e+00  -1.000000e+01   1.050000e+02
    4.000000e+00  -1.000000e+01   1.100000e+02
    8.000000e+00  -1.000000e+01   1.100000e+02
    3.916667e+00  -1.000000e+01   1.150000e+02
    7.833333e+00  -1.000000e+01   1.150000e+02
    3.833333e+00  -1.000000e+01   1.200000e+02
    7.666667e+00  -1.000000e+01   1.200000e+02
    3.750000e+00  -1.000000e+01   1.250000e+02
    7.500000e+00  -1.000000e+01   1.250000e+02
    3.666667e+00  -1.000000e+01   1.300000e+02
    7.333333e+00  -1.000000e+01   1.300000e+02
    3.583333e+00  -1.000000e+01   1.350000e+02
    7.166667e+00  -1.000000e+01   1.350000e+02
    3.500000e+00  -1.000000e+01   1.400000e+02
    7.000000e+00  -1.000000e+01   1.400000e+02
    3.416667e+00  -1.000000e+01   1.450000e+02
    6.833333e+00  -1.000000e+01   1.450000e+02
    1.975000e+01  -1.500000e+01  -4.500000e+01
    1.950000e+01  -1.500000e+01  -4.000000e+01
    1.925000e+01  -1.500000e+01  -3.500000e+01
    1.900000e+01  -1.500000e+01  -3.000000e+01
    1.875000e+01  -1.500000e+01  -2.500000e+01
    1.850000e+01  -1.500000e+01  -2.000000e+01
    1.825000e+01  -1.500000e+01  -1.500000e+01
    1.800000e+01  -1.500000e+01  -1.000000e+01
    1.775000e+01  -1.500000e+01  -5.000000e+00
    1.750000e+01  -1.500000e+01   0.000000e+00
    1.725000e+01  -1.500000e+01   5.000000e+00
    1.700000e+01  -1.500000e+01   1.000000e+01
    1.675000e+01  -1.500000e+01   1.500000e+01
    1.650000e+01  -1.500000e+01   2.000000e+01
    1.625000e+01  -1.500000e+01   2.500000e+01
    1.600000e+01  -1.500000e+01   3.000000e+01
    1.575000e+01  -1.500000e+01   3.500000e+01
    1.550000e+01  -1.500000e+01   4.000000e+01
    1.525000e+01  -1.500000e+01   4.500000e+01
    1.500000e+01  -1.500000e+01   5.000000e+01
    1.475000e+01  -1.500000e+01   5.500000e+01
    1.450000e+01  -1.500000e+01   6.000000e+01
    1.425000e+01  -1.500000e+01   6.500000e+01
    1.400000e+01  -1.500000e+01   7.000000e+01
    1.375000e+01  -1.500000e+01   7.500000e+01
    1.350000e+01  -1.500000e+01   8.000000e+01
    1.325000e+01  -1.500000e+01   8.500000e+01
    1.300000e+01  -1.500000e+01   9.000000e+01
    1.275000e+01  -1.500000e+01   9.500000e+01
    1.250000e+01  -1.500000e+01   1.000000e+02
    1.225000e+01  -1.500000e+01   1.050000e+02
    1.200000e+01  -1.500000e+01   1.100000e+02
    1.175000e+01  -1.500000e+01   1.150000e+02
    1.150000e+01  -1.500000e+01   1.200000e+02
    1.125000e+01  -1.500000e+01   1.250000e+02
    1.100000e+01  -1.500000e+01   1.300000e+02
    1.075000e+01  -1.500000e+01   1.350000e+02
    1.050000e+01  -1.500000e+01   1.400000e+02
    1.025000e+01  -1.500000e+01   1.450000e+02
   -6.583333e+00  -1.500000e+01  -4.500000e+01
   -1.316667e+01  -1.500000e+01  -4.500000e+01
   -6.500000e+00  -1.500000e+01  -4.000000e+01
   -1.300000e+01  -1.500000e+01  -4.000000e+01
   -6.416667e+00  -1.500000e+01  -3.500000e+01
   -1.283333e+01  -1.500000e+01  -3.500000e+01
   -6.333333e+00  -1.500000e+01  -3.000000e+01
   -1.266667e+01  -1.500000e+01  -3.000000e+01
   -6.250000e+00  -1.500000e+01  -2.500000e+01
   -1.250000e+01  -1.500000e+01  -2.500000e+01
   -6.166667e+00  -1.500000e+01  -2.000000e+01
   -1.233333e+01  -1.500000e+01  -2.000000e+01
   -6.083333e+00  -1.500000e+01  -1.500000e+01
   -1.216667e+01  -1.500000e+01  -1.500000e+01
   -6.000000e+00  -1.500000e+01  -1.000000e+01
   -1.200000e+01  -1.500000e+01  -1.000000e+01
   -5.916667e+00  -1.500000e+01  -5.000000e+00
   -1.183333e+01  -1.500000e+01  -5.000000e+00
   -5.833333e+00  -1.500000e+01   0.000000e+00
   -1.166667e+01  -1.500000e+01   0.000000e+00
   -5.750000e+00  -1.500000e+01   5.000000e+00
   -1.150000e+01  -1.500000e+01   5.000000e+00
   -5.666667e+00  -1.500000e+01   1.000000e+01
   -1.133333e+01  -1.500000e+01   1.000000e+01
   -5.583333e+00  -1.500000e+01   1.500000e+01
   -1.116667e+01  -1.500000e+01   1.500000e+01
   -5.500000e+00  -1.500000e+01   2.000000e+01
   -1.100000e+01  -1.500000e+01   2.000000e+01
   -5.416667e+00  -1.500000e+01   2.500000e+01
   -1.083333e+01  -1.500000e+01   2.500000e+01
   -5.333333e+00  -1.500000e+01   3.000000e+01
   -1.066667e+01  -1.500000e+01   3.000000e+01
   -5.250000e+00  -1.500000e+01   3.500000e+01
   -1.050000e+01  -1.500000e+01   3.500000e+01
   -5.166667e+00  -1.500000e+01   4.000000e+01
   -1.033333e+01  -1.500000e+01   4.000000e+01
   -5.083333e+00  -1.500000e+01   4.500000e+01
   -1.016667e+01  -1.500000e+01   4.500000e+01
   -5.000000e+00  -1.500000e+01   5.000000e+01
   -1.000000e+01  -1.500000e+01   5.000000e+01
   -4.916667e+00  -1.500000e+01   5.500000e+01
   -9.833333e+00  -1.500000e+01   5.500000e+01
   -4.833333e+00  -1.500000e+01   6.000000e+01
   -9.666667e+00  -1.500000e+01   6.000000e+01
   -4.750000e+00  -1.500000e+01   6.500000e+01
   -9.500000e+00  -1.500000e+01   6.500000e+01
   -4.666667e+00  -1.500000e+01   7.000000e+01
   -9.333333e+00  -1.500000e+01   7.000000e+01
   -4.583333e+00  -1.500000e+01   7.500000e+01
   -9.166667e+00  -1.500000e+01   7.500000e+01
   -4.500000e+00  -1.500000e+01   8.000000e+01
   -9.000000e+00  -1.500000e+01   8.000000e+01
   -4.416667e+00  -1.500000e+01   8.500000e+01
   -8.833333e+00  -1.500000e+01   8.500000e+01
   -4.333333e+00  -1.500000e+01   9.000000e+01
   -8.666667e+00  -1.500000e+01   9.000000e+01
   -4.250000e+00  -1.500000e+01   9.500000e+01
   -8.500000e+00  -1.500000e+01   9.500000e+01
   -4.166667e+00  -1.500000e+01   1.000000e+02
   -8.333333e+00  -1.500000e+01   1.000000e+02
   -4.083333e+00  -1.500000e+01   1.050000e+02
   -8.166667e+00  -1.500000e+01   1.050000e+02
   -4.000000e+00  -1.500000e+01   1.100000e+02
   -8.000000e+00  -1.500000e+01   1.100000e+02
   -3.916667e+00  -1.500000e+01   1.150000e+02
   -7.833333e+00  -1.500000e+01   1.150000e+02
   -3.833333e+00  -1.500000e+01   1.200000e+02
   -7.666667e+00  -1.500000e+01   1.200000e+02
   -3.750000e+00  -1.500000e+01   1.250000e+02
   -7.500000e+00  -1.500000e+01   1.250000e+02
   -3.666667e+00  -1.500000e+01   1.300000e+02
   -7.333333e+00  -1.500000e+01   1.300000e+02
   -3.583333e+00  -1.500000e+01   1.350000e+02
   -7.166667e+00  -1.500000e+01   1.350000e+02
   -3.500000e+00  -1.500000e+01   1.400000e+02
   -7.000000e+00  -1.500000e+01   1.400000e+02
   -3.416667e+00  -1.500000e+01   1.450000e+02
   -6.833333e+00  -1.500000e+01   1.450000e+02
    6.583333e+00  -1.500000e+01  -4.500000e+01
    1.316667e+01  -1.500000e+01  -4.500000e+01
    6.500000e+00  -1.500000e+01  -4.000000e+01
    1.300000e+01  -1.500000e+01  -4.000000e+01
    6.416667e+00  -1.500000e+01  -3.500000e+01
    1.283333e+01  -1.500000e+01  -3.500000e+01
    6.333333e+00  -1.500000e+01  -3.000000e+01
    1.266667e+01  -1.500000e+01  -3.000000e+01
    6.250000e+00  -1.500000e+01  -2.500000e+01
    1.250000e+01  -1.500000e+01  -2.500000e+01
    6.166667e+00  -1.500000e+01  -2.000000e+01
    1.233333e+01  -1.500000e+01  -2.000000e+01
    6.083333e+00  -1.500000e+01  -1.500000e+01
    1.216667e+01  -1.500000e+01  -1.500000e+01
    6.000000e+00  -1.500000e+01  -1.000000e+01
    1.200000e+01  -1.500000e+01  -1.000000e+01
    5.916667e+00  -1.500000e+01  -5.000000e+00
    1.183333e+01  -1.500000e+01  -5.000000e+00
    5.833333e+00  -1.500000e+01   0.000000e+00
    1.166667e+01  -1.500000e+01   0.000000e+00
    5.750000e+00  -1.500000e+01   5.000000e+00
    1.150000e+01  -1.500000e+01   5.000000e+00
    5.666667e+00  -1.500000e+01   1.000000e+01
    1.133333e+01  -1.500000e+01   1.000000e+01
    5.583333e+00  -1.500000e+01   1.500000e+01
    1.116667e+01  -1.500000e+01   1.500000e+01
    5.500000e+00  -1.500000e+01   2.000000e+01
    1.100000e+01  -1.500000e+01   2.000000e+01
    5.416667e+00  -1.500000e+01   2.500000e+01
    1.083333e+01  -1.500000e+01   2.500000e+01
    5.333333e+00  -1.500000e+01   3.000000e+01
    1.066667e+01  -1.500000e+01   3.000000e+01
    5.250000e+00  -1.500000e+01   3.500000e+01
    1.050000e+01  -1.500000e+01   3.500000e+01
    5.166667e+00  -1.500000e+01   4.000000e+01
    1.033333e+01  -1.500000e+01   4.000000e+01
    5.083333e+00  -1.500000e+01   4.500000e+01
    1.016667e+01  -1.500000e+01   4.500000e+01
    5.000000e+00  -1.500000e+01   5.000000e+01
    1.000000e+01  -1.500000e+01   5.000000e+01
    4.916667e+00  -1.500000e+01   5.500000e+01
    9.833333e+00  -1.500000e+01   5.500000e+01
    4.833333e+00  -1.500000e+01   6.000000e+01
    9.666667e+00  -1.500000e+01   6.000000e+01
    4.750000e+00  -1.500000e+01   6.500000e+01
    9.500000e+00  -1.500000e+01   6.500000e+01
    4.666667e+00  -1.500000e+01   7.000000e+01
    9.333333e+00  -1.500000e+01   7.000000e+01
    4.583333e+00  -1.500000e+01   7.500000e+01
    9.166667e+00  -1.500000e+01   7.500000e+01
    4.500000e+00  -1.500000e+01   8.000000e+01
    9.000000e+00  -1.500000e+01   8.000000e+01
    4.416667e+00  -1.500000e+01   8.500000e+01
    8.833333e+00  -1.500000e+01   8.500000e+01
    4.333333e+00  -1.500000e+01   9.000000e+01
    8.666667e+00  -1.500000e+01   9.000000e+01
    4.250000e+00  -1.500000e+01   9.500000e+01
    8.500000e+00  -1.500000e+01   9.500000e+01
    4.166667e+00  -1.500000e+01   1.000000e+02
    8.333333e+00  -1.500000e+01   1.000000e+02
    4.083333e+00  -1.500000e+01   1.050000e+02
    8.166667e+00  -1.500000e+01   1.050000e+02
    4.000000e+00  -1.500000e+01   1.100000e+02
    8.000000e+00  -1.500000e+01   1.100000e+02
    3.916667e+00  -1.500000e+01   1.150000e+02
    7.833333e+00  -1.500000e+01   1.150000e+02
    3.833333e+00  -1.500000e+01   1.200000e+02
    7.666667e+00  -1.500000e+01   1.200000e+02
    3.750000e+00  -1.500000e+01   1.250000e+02
    7.500000e+00  -1.500000e+01   1.250000e+02
    3.666667e+00  -1.500000e+01   1.300000e+02
    7.333333e+00  -1.500000e+01   1.300000e+02
    3.583333e+00  -1.500000e+01   1.350000e+02
    7.166667e+00  -1.500000e+01   1.350000e+02
    3.500000e+00  -1.500000e+01   1.400000e+02
    7.000000e+00  -1.500000e+01   1.400000e+02
    3.416667e+00  -1.500000e+01   1.450000e+02
    6.833333e+00  -1.500000e+01   1.450000e+02
    0.000000e+00   2.000000e+01  -5.000000e+01
    0.000000e+00   1.000000e+01  -5.000000e+01
   -2.000000e+01   1.000000e+01  -5.000000e+01
   -2.000000e+01   2.000000e+01  -5.000000e+01
    0.000000e+00   1.000000e+01   1.500000e+02
   -1.000000e+01   1.000000e+01   1.500000e+02
   -1.000000e+01   2.000000e+01   1.500000e+02
    0.000000e+00   2.000000e+01   1.500000e+02
    2.000000e+01   2.000000e+01  -5.000000e+01
    2.000000e+01   1.000000e+01  -5.000000e+01
    1.000000e+01   2.000000e+01   1.500000e+02
    1.000000e+01   1.000000e+01   1.500000e+02
    0.000000e+00   1.500000e+01  -5.000000e+01
   -6.666667e+00   1.000000e+01  -5.000000e+01
   -1.333333e+01   1.000000e+01  -5.000000e+01
   -2.000000e+01   1.500000e+01  -5.000000e+01
   -1.333333e+01   2.000000e+01  -5.000000e+01
   -6.666667e+00   2.000000e+01  -5.000000e+01
    0.000000e+00   1.500000e+01   1.500000e+02
   -6.666667e+00   1.000000e+01   1.500000e+02
   -3.333333e+00   1.000000e+01   1.500000e+02
   -1.000000e+01   1.500000e+01   1.500000e+02
   -3.333333e+00   2.000000e+01   1.500000e+02
   -6.666667e+00   2.000000e+01   1.500000e+02
   -1.975000e+01   2.000000e+01  -4.500000e+01
   -1.950000e+01   2.000000e+01  -4.000000e+01
   -1.925000e+01   2.000000e+01  -3.500000e+01
   -1.900000e+01   2.000000e+01  -3.000000e+01
   -1.875000e+01   2.000000e+01  -2.500000e+01
   -1.850000e+01   2.000000e+01  -2.000000e+01
   -1.825000e+01   2.000000e+01  -1.500000e+01
   -1.800000e+01   2.000000e+01  -1.000000e+01
   -1.775000e+01   2.000000e+01  -5.000000e+00
   -1.750000e+01   2.000000e+01   0.000000e+00
   -1.725000e+01   2.000000e+01   5.000000e+00
   -1.700000e+01   2.000000e+01   1.000000e+01
   -1.675000e+01   2.000000e+01   1.500000e+01
   -1.650000e+01   2.000000e+01   2.000000e+01
   -1.625000e+01   2.000000e+01   2.500000e+01
   -1.600000e+01   2.000000e+01   3.000000e+01
   -1.575000e+01   2.000000e+01   3.500000e+01
   -1.550000e+01   2.000000e+01   4.000000e+01
   -1.525000e+01   2.000000e+01   4.500000e+01
   -1.500000e+01   2.000000e+01   5.000000e+01
   -1.475000e+01   2.000000e+01   5.500000e+01
   -1.450000e+01   2.000000e+01   6.000000e+01
   -1.425000e+01   2.000000e+01   6.500000e+01
   -1.400000e+01   2.000000e+01   7.000000e+01
   -1.375000e+01   2.000000e+01   7.500000e+01
   -1.350000e+01   2.000000e+01   8.000000e+01
   -1.325000e+01   2.000000e+01   8.500000e+01
   -1.300000e+01   2.000000e+01   9.000000e+01
   -1.275000e+01   2.000000e+01   9.500000e+01
   -1.250000e+01   2.000000e+01   1.000000e+02
   -1.225000e+01   2.000000e+01   1.050000e+02
   -1.200000e+01   2.000000e+01   1.100000e+02
   -1.175000e+01   2.000000e+01   1.150000e+02
   -1.150000e+01   2.000000e+01   1.200000e+02
   -1.125000e+01   2.000000e+01   1.250000e+02
   -1.100000e+01   2.000000e+01   1.300000e+02
   -1.075000e+01   2.000000e+01   1.350000e+02
   -1.050000e+01   2.000000e+01   1.400000e+02
   -1.025000e+01   2.000000e+01   1.450000e+02
    0.000000e+00   2.000000e+01   1.450000e+02
    0.000000e+00   2.000000e+01   1.400000e+02
    0.000000e+00   2.000000e+01   1.350000e+02
    0.000000e+00   2.000000e+01   1.300000e+02
    0.000000e+00   2.000000e+01   1.250000e+02
    0.000000e+00   2.000000e+01   1.200000e+02
    0.000000e+00   2.000000e+01   1.150000e+02
    0.000000e+00   2.000000e+01   1.100000e+02
    0.000000e+00   2.000000e+01   1.050000e+02
    0.000000e+00   2.000000e+01   1.000000e+02
    0.000000e+00   2.000000e+01   9.500000e+01
    0.000000e+00   2.000000e+01   9.000000e+01
    0.000000e+00   2.000000e+01   8.500000e+01
    0.000000e+00   2.000000e+01   8.000000e+01
    0.000000e+00   2.000000e+01   7.500000e+01
    0.000000e+00   2.000000e+01   7.000000e+01
    0.000000e+00   2.000000e+01   6.500000e+01
    0.000000e+00   2.000000e+01   6.000000e+01
    0.000000e+00   2.000000e+01   5.500000e+01
    0.000000e+00   2.000000e+01   5.000000e+01
    0.000000e+00   2.000000e+01   4.500000e+01
    0.000000e+00   2.000000e+01   4.000000e+01
    0.000000e+00   2.000000e+01   3.500000e+01
    0.000000e+00   2.000000e+01   3.000000e+01
    0.000000e+00   2.000000e+01   2.500000e+01
    0.000000e+00   2.000000e+01   2.000000e+01
    0.000000e+00   2.000000e+01   1.500000e+01
    0.000000e+00   2.000000e+01   1.000000e+01
    0.000000e+00   2.000000e+01   5.000000e+00
    0.000000e+00   2.000000e+01   0.000000e+00
    0.000000e+00   2.000000e+01  -5.000000e+00
    0.000000e+00   2.000000e+01  -1.000000e+01
    0.000000e+00   2.000000e+01  -1.500000e+01
    0.000000e+00   2.000000e+01  -2.000000e+01
    0.000000e+00   2.000000e+01  -2.500000e+01
    0.000000e+00   2.000000e+01  -3.000000e+01
    0.000000e+00   2.000000e+01  -3.500000e+01
    0.000000e+00   2.000000e+01  -4.000000e+01
    0.000000e+00   2.000000e+01  -4.500000e+01
   -1.025000e+01   1.000000e+01   1.450000e+02
   -1.050000e+01   1.000000e+01   1.400000e+02
   -1.075000e+01   1.000000e+01   1.350000e+02
   -1.100000e+01   1.000000e+01   1.300000e+02
   -1.125000e+01   1.000000e+01   1.250000e+02
   -1.150000e+01   1.000000e+01   1.200000e+02
   -1.175000e+01   1.000000e+01   1.150000e+02
   -1.200000e+01   1.000000e+01   1.100000e+02
   -1.225000e+01   1.000000e+01   1.050000e+02
   -1.250000e+01   1.000000e+01   1.000000e+02
   -1.275000e+01   1.000000e+01   9.500000e+01
   -1.300000e+01   1.000000e+01   9.000000e+01
   -1.325000e+01   1.000000e+01   8.500000e+01
   -1.350000e+01   1.000000e+01   8.000000e+01
   -1.375000e+01   1.000000e+01   7.500000e+01
   -1.400000e+01   1.000000e+01   7.000000e+01
   -1.425000e+01   1.000000e+01   6.500000e+01
   -1.450000e+01   1.000000e+01   6.000000e+01
   -1.475000e+01   1.000000e+01   5.500000e+01
   -1.500000e+01   1.000000e+01   5.000000e+01
   -1.525000e+01   1.000000e+01   4.500000e+01
   -1.550000e+01   1.000000e+01   4.000000e+01
   -1.575000e+01   1.000000e+01   3.500000e+01
   -1.600000e+01   1.000000e+01   3.000000e+01
   -1.625000e+01   1.000000e+01   2.500000e+01
   -1.650000e+01   1.000000e+01   2.000000e+01
   -1.675000e+01   1.000000e+01   1.500000e+01
   -1.700000e+01   1.000000e+01   1.000000e+01
   -1.725000e+01   1.000000e+01   5.000000e+00
   -1.750000e+01   1.000000e+01   0.000000e+00
   -1.775000e+01   1.000000e+01  -5.000000e+00
   -1.800000e+01   1.000000e+01  -1.000000e+01
   -1.825000e+01   1.000000e+01  -1.500000e+01
   -1.850000e+01   1.000000e+01  -2.000000e+01
   -1.875000e+01   1.000000e+01  -2.500000e+01
   -1.900000e+01   1.000000e+01  -3.000000e+01
   -1.925000e+01   1.000000e+01  -3.500000e+01
   -1.950000e+01   1.000000e+01  -4.000000e+01
   -1.975000e+01   1.000000e+01  -4.500000e+01
    0.000000e+00   1.000000e+01  -4.500000e+01
    0.000000e+00   1.000000e+01  -4.000000e+01
    0.000000e+00   1.000000e+01  -3.500000e+01
    0.000000e+00   1.000000e+01  -3.000000e+01
    0.000000e+00   1.000000e+01  -2.500000e+01
    0.000000e+00   1.000000e+01  -2.000000e+01
    0.000000e+00   1.000000e+01  -1.500000e+01
    0.000000e+00   1.000000e+01  -1.000000e+01
    0.000000e+00   1.000000e+01  -5.000000e+00
    0.000000e+00   1.000000e+01   0.000000e+00
    0.000000e+00   1.000000e+01   5.000000e+00
    0.000000e+00   1.000000e+01   1.000000e+01
    0.000000e+00   1.000000e+01   1.500000e+01
    0.000000e+00   1.000000e+01   2.000000e+01
    0.000000e+00   1.000000e+01   2.500000e+01
    0.000000e+00   1.000000e+01   3.000000e+01
    0.000000e+00   1.000000e+01   3.500000e+01
    0.000000e+00   1.000000e+01   4.000000e+01
    0.000000e+00   1.000000e+01   4.500000e+01
    0.000000e+00   1.000000e+01   5.000000e+01
    0.000000e+00   1.000000e+01   5.500000e+01
    0.000000e+00   1.000000e+01   6.000000e+01
    0.000000e+00   1.000000e+01   6.500000e+01
    0.000000e+00   1.000000e+01   7.000000e+01
    0.000000e+00   1.000000e+01   7.500000e+01
    0.000000e+00   1.000000e+01   8.000000e+01
    0.000000e+00   1.000000e+01   8.500000e+01
    0.000000e+00   1.000000e+01   9.000000e+01
    0.000000e+00   1.000000e+01   9.500000e+01
    0.000000e+00   1.000000e+01   1.000000e+02
    0.000000e+00   1.000000e+01   1.050000e+02
    0.000000e+00   1.000000e+01   1.100000e+02
    0.000000e+00   1.000000e+01   1.150000e+02
    0.000000e+00   1.000000e+01   1.200000e+02
    0.000000e+00   1.000000e+01   1.250000e+02
    0.000000e+00   1.000000e+01   1.300000e+02
    0.000000e+00   1.000000e+01   1.350000e+02
    0.000000e+00   1.000000e+01   1.400000e+02
    0.000000e+00   1.000000e+01   1.450000e+02
    6.666667e+00   2.000000e+01  -5.000000e+01
    1.333333e+01   2.000000e+01  -5.000000e+01
    2.000000e+01   1.500000e+01  -5.000000e+01
    1.333333e+01   1.000000e+01  -5.000000e+01
    6.666667e+00   1.000000e+01  -5.000000e+01
    6.666667e+00   2.000000e+01   1.500000e+02
    3.333333e+00   2.000000e+01   1.500000e+02
    1.000000e+01   1.500000e+01   1.500000e+02
    3.333333e+00   1.000000e+01   1.500000e+02
    6.666667e+00   1.000000e+01   1.500000e+02
    1.975000e+01   1.000000e+01  -4.500000e+01
    1.950000e+01   1.000000e+01  -4.000000e+01
    1.925000e+01   1.000000e+01  -3.500000e+01
    1.900000e+01   1.000000e+01  -3.000000e+01
    1.875000e+01   1.000000e+01  -2.500000e+01
    1.850000e+01   1.000000e+01  -2.000000e+01
    1.825000e+01   1.000000e+01  -1.500000e+01
    1.800000e+01   1.000000e+01  -1.000000e+01
    1.775000e+01   1.000000e+01  -5.000000e+00
    1.750000e+01   1.000000e+01   0.000000e+00
    1.725000e+01   1.000000e+01   5.000000e+00
    1.700000e+01   1.000000e+01   1.000000e+01
    1.675000e+01   1.000000e+01   1.500000e+01
    1.650000e+01   1.000000e+01   2.000000e+01
    1.625000e+01   1.000000e+01   2.500000e+01
    1.600000e+01   1.000000e+01   3.000000e+01
    1.575000e+01   1.000000e+01   3.500000e+01
    1.550000e+01   1.000000e+01   4.000000e+01
    1.525000e+01   1.000000e+01   4.500000e+01
    1.500000e+01   1.000000e+01   5.000000e+01
    1.475000e+01   1.000000e+01   5.500000e+01
    1.450000e+01   1.000000e+01   6.000000e+01
    1.425000e+01   1.000000e+01   6.500000e+01
    1.400000e+01   1.000000e+01   7.000000e+01
    1.375000e+01   1.000000e+01   7.500000e+01
    1.350000e+01   1.000000e+01   8.000000e+01
    1.325000e+01   1.000000e+01   8.500000e+01
    1.300000e+01   1.000000e+01   9.000000e+01
    1.275000e+01   1.000000e+01   9.500000e+01
    1.250000e+01   1.000000e+01   1.000000e+02
    1.225000e+01   1.000000e+01   1.050000e+02
    1.200000e+01   1.000000e+01   1.100000e+02
    1.175000e+01   1.000000e+01   1.150000e+02
    1.150000e+01   1.000000e+01   1.200000e+02
    1.125000e+01   1.000000e+01   1.250000e+02
    1.100000e+01   1.000000e+01   1.300000e+02
    1.075000e+01   1.000000e+01   1.350000e+02
    1.050000e+01   1.000000e+01   1.400000e+02
    1.025000e+01   1.000000e+01   1.450000e+02
    1.025000e+01   2.000000e+01   1.450000e+02
    1.050000e+01   2.000000e+01   1.400000e+02
    1.075000e+01   2.000000e+01   1.350000e+02
    1.100000e+01   2.000000e+01   1.300000e+02
    1.125000e+01   2.000000e+01   1.250000e+02
    1.150000e+01   2.000000e+01   1.200000e+02
    1.175000e+01   2.000000e+01   1.150000e+02
    1.200000e+01   2.000000e+01   1.100000e+02
    1.225000e+01   2.000000e+01   1.050000e+02
    1.250000e+01   2.000000e+01   1.000000e+02
    1.275000e+01   2.000000e+01   9.500000e+01
    1.300000e+01   2.000000e+01   9.000000e+01
    1.325000e+01   2.000000e+01   8.500000e+01
    1.350000e+01   2.000000e+01   8.000000e+01
    1.375000e+01   2.000000e+01   7.500000e+01
    1.400000e+01   2.000000e+01   7.000000e+01
    1.425000e+01   2.000000e+01   6.500000e+01
    1.450000e+01   2.000000e+01   6.000000e+01
    1.475000e+01   2.000000e+01   5.500000e+01
    1.500000e+01   2.000000e+01   5.000000e+01
    1.525000e+01   2.000000e+01   4.500000e+01
    1.550000e+01   2.000000e+01   4.000000e+01
    1.575000e+01   2.000000e+01   3.500000e+01
    1.600000e+01   2.000000e+01   3.000000e+01
    1.625000e+01   2.000000e+01   2.500000e+01
    1.650000e+01   2.000000e+01   2.000000e+01
    1.675000e+01   2.000000e+01   1.500000e+01
    1.700000e+01   2.000000e+01   1.000000e+01
    1.725000e+01   2.000000e+01   5.000000e+00
    1.750000e+01   2.000000e+01   0.000000e+00
    1.775000e+01   2.000000e+01  -5.000000e+00
    1.800000e+01   2.000000e+01  -1.000000e+01
    1.825000e+01   2.000000e+01  -1.500000e+01
    1.850000e+01   2.000000e+01  -2.000000e+01
    1.875000e+01   2.000000e+01  -2.500000e+01
    1.900000e+01   2.000000e+01  -3.000000e+01
    1.925000e+01   2.000000e+01  -3.500000e+01
    1.950000e+01   2.000000e+01  -4.000000e+01
    1.975000e+01   2.000000e+01  -4.500000e+01
   -6.666667e+00   1.500000e+01  -5.000000e+01
   -1.333333e+01   1.500000e+01  -5.000000e+01
   -3.333333e+00   1.500000e+01   1.500000e+02
   -6.666667e+00   1.500000e+01   1.500000e+02
   -6.583333e+00   2.000000e+01  -4.500000e+01
   -1.316667e+01   2.000000e+01  -4.500000e+01
   -6.500000e+00   2.000000e+01  -4.000000e+01
   -1.300000e+01   2.000000e+01  -4.000000e+01
   -6.416667e+00   2.000000e+01  -3.500000e+01
   -1.283333e+01   2.000000e+01  -3.500000e+01
   -6.333333e+00   2.000000e+01  -3.000000e+01
   -1.266667e+01   2.000000e+01  -3.000000e+01
   -6.250000e+00   2.000000e+01  -2.500000e+01
   -1.250000e+01   2.000000e+01  -2.500000e+01
   -6.166667e+00   2.000000e+01  -2.000000e+01
   -1.233333e+01   2.000000e+01  -2.000000e+01
   -6.083333e+00   2.000000e+01  -1.500000e+01
   -1.216667e+01   2.000000e+01  -1.500000e+01
   -6.000000e+00   2.000000e+01  -1.000000e+01
   -1.200000e+01   2.000000e+01  -1.000000e+01
   -5.916667e+00   2.000000e+01  -5.000000e+00
   -1.183333e+01   2.000000e+01  -5.000000e+00
   -5.833333e+00   2.000000e+01   0.000000e+00
   -1.166667e+01   2.000000e+01   0.000000e+00
   -5.750000e+00   2.000000e+01   5.000000e+00
   -1.150000e+01   2.000000e+01   5.000000e+00
   -5.666667e+00   2.000000e+01   1.000000e+01
   -1.133333e+01   2.000000e+01   1.000000e+01
   -5.583333e+00   2.000000e+01   1.500000e+01
   -1.116667e+01   2.000000e+01   1.500000e+01
   -5.500000e+00   2.000000e+01   2.000000e+01
   -1.100000e+01   2.000000e+01   2.000000e+01
   -5.416667e+00   2.000000e+01   2.500000e+01
   -1.083333e+01   2.000000e+01   2.500000e+01
   -5.333333e+00   2.000000e+01   3.000000e+01
   -1.066667e+01   2.000000e+01   3.000000e+01
   -5.250000e+00   2.000000e+01   3.500000e+01
   -1.050000e+01   2.000000e+01   3.500000e+01
   -5.166667e+00   2.000000e+01   4.000000e+01
   -1.033333e+01   2.000000e+01   4.000000e+01
   -5.083333e+00   2.000000e+01   4.500000e+01
   -1.016667e+01   2.000000e+01   4.500000e+01
   -5.000000e+00   2.000000e+01   5.000000e+01
   -1.000000e+01   2.000000e+01   5.000000e+01
   -4.916667e+00   2.000000e+01   5.500000e+01
   -9.833333e+00   2.000000e+01   5.500000e+01
   -4.833333e+00   2.000000e+01   6.000000e+01
   -9.666667e+00   2.000000e+01   6.000000e+01
   -4.750000e+00   2.000000e+01   6.500000e+01
   -9.500000e+00   2.000000e+01   6.500000e+01
   -4.666667e+00   2.000000e+01   7.000000e+01
   -9.333333e+00   2.000000e+01   7.000000e+01
   -4.583333e+00   2.000000e+01   7.500000e+01
   -9.166667e+00   2.000000e+01   7.500000e+01
   -4.500000e+00   2.000000e+01   8.000000e+01
   -9.000000e+00   2.000000e+01   8.000000e+01
   -4.416667e+00   2.000000e+01   8.500000e+01
   -8.833333e+00   2.000000e+01   8.500000e+01
   -4.333333e+00   2.000000e+01   9.000000e+01
   -8.666667e+00   2.000000e+01   9.000000e+01
   -4.250000e+00   2.000000e+01   9.500000e+01
   -8.500000e+00   2.000000e+01   9.500000e+01
   -4.166667e+00   2.000000e+01   1.000000e+02
   -8.333333e+00   2.000000e+01   1.000000e+02
   -4.083333e+00   2.000000e+01   1.050000e+02
   -8.166667e+00   2.000000e+01   1.050000e+02
   -4.000000e+00   2.000000e+01   1.100000e+02
   -8.000000e+00   2.000000e+01   1.100000e+02
   -3.916667e+00   2.000000e+01   1.150000e+02
   -7.833333e+00   2.000000e+01   1.150000e+02
   -3.833333e+00   2.000000e+01   1.200000e+02
   -7.666667e+00   2.000000e+01   1.200000e+02
   -3.750000e+00   2.000000e+01   1.250000e+02
   -7.500000e+00   2.000000e+01   1.250000e+02
   -3.666667e+00   2.000000e+01   1.300000e+02
   -7.333333e+00   2.000000e+01   1.300000e+02
   -3.583333e+00   2.000000e+01   1.350000e+02
   -7.166667e+00   2.000000e+01   1.350000e+02
   -3.500000e+00   2.000000e+01   1.400000e+02
   -7.000000e+00   2.000000e+01   1.400000e+02
   -3.416667e+00   2.000000e+01   1.450000e+02
   -6.833333e+00   2.000000e+01   1.450000e+02
   -6.583333e+00   1.000000e+01  -4.500000e+01
   -1.316667e+01   1.000000e+01  -4.500000e+01
   -6.500000e+00   1.000000e+01  -4.000000e+01
   -1.300000e+01   1.000000e+01  -4.000000e+01
   -6.416667e+00   1.000000e+01  -3.500000e+01
   -1.283333e+01   1.000000e+01  -3.500000e+01
   -6.333333e+00   1.000000e+01  -3.000000e+01
   -1.266667e+01   1.000000e+01  -3.000000e+01
   -6.250000e+00   1.000000e+01  -2.500000e+01
   -1.250000e+01   1.000000e+01  -2.500000e+01
   -6.166667e+00   1.000000e+01  -2.000000e+01
   -1.233333e+01   1.000000e+01  -2.000000e+01
   -6.083333e+00   1.000000e+01  -1.500000e+01
   -1.216667e+01   1.000000e+01  -1.500000e+01
   -6.000000e+00   1.000000e+01  -1.000000e+01
   -1.200000e+01   1.000000e+01  -1.000000e+01
   -5.916667e+00   1.000000e+01  -5.000000e+00
   -1.183333e+01   1.000000e+01  -5.000000e+00
   -5.833333e+00   1.000000e+01   0.000000e+00
   -1.166667e+01   1.000000e+01   0.000000e+00
   -5.750000e+00   1.000000e+01   5.000000e+00
   -1.150000e+01   1.000000e+01   5.000000e+00
   -5.666667e+00   1.000000e+01   1.000000e+01
   -1.133333e+01   1.000000e+01   1.000000e+01
   -5.583333e+00   1.000000e+01   1.500000e+01
   -1.116667e+01   1.000000e+01   1.500000e+01
   -5.500000e+00   1.000000e+01   2.000000e+01
   -1.100000e+01   1.000000e+01   2.000000e+01
   -5.416667e+00   1.000000e+01   2.500000e+01
   -1.083333e+01   1.000000e+01   2.500000e+01
   -5.333333e+00   1.000000e+01   3.000000e+01
   -1.066667e+01   1.000000e+01   3.000000e+01
   -5.250000e+00   1.000000e+01   3.500000e+01
   -1.050000e+01   1.000000e+01   3.500000e+01
   -5.166667e+00   1.000000e+01   4.000000e+01
   -1.033333e+01   1.000000e+01   4.000000e+01
   -5.083333e+00   1.000000e+01   4.500000e+01
   -1.016667e+01   1.000000e+01   4.500000e+01
   -5.000000e+00   1.000000e+01   5.000000e+01
   -1.000000e+01   1.000000e+01   5.000000e+01
   -4.916667e+00   1.000000e+01   5.500000e+01
   -9.833333e+00   1.000000e+01   5.500000e+01
   -4.833333e+00   1.000000e+01   6.000000e+01
   -9.666667e+00   1.000000e+01   6.000000e+01
   -4.750000e+00   1.000000e+01   6.500000e+01
   -9.500000e+00   1.000000e+01   6.500000e+01
   -4.666667e+00   1.000000e+01   7.000000e+01
   -9.333333e+00   1.000000e+01   7.000000e+01
   -4.583333e+00   1.000000e+01   7.500000e+01
   -9.166667e+00   1.000000e+01   7.500000e+01
   -4.500000e+00   1.000000e+01   8.000000e+01
   -9.000000e+00   1.000000e+01   8.000000e+01
   -4.416667e+00   1.000000e+01   8.500000e+01
   -8.833333e+00   1.000000e+01   8.500000e+01
   -4.333333e+00   1.000000e+01   9.000000e+01
   -8.666667e+00   1.000000e+01   9.000000e+01
   -4.250000e+00   1.000000e+01   9.500000e+01
   -8.500000e+00   1.000000e+01   9.500000e+01
   -4.166667e+00   1.000000e+01   1.000000e+02
   -8.333333e+00   1.000000e+01   1.000000e+02
   -4.083333e+00   1.000000e+01   1.050000e+02
   -8.166667e+00   1.000000e+01   1.050000e+02
   -4.000000e+00   1.000000e+01   1.100000e+02
   -8.000000e+00   1.000000e+01   1.100000e+02
   -3.916667e+00   1.000000e+01   1.150000e+02
   -7.833333e+00   1.000000e+01   1.150000e+02
   -3.833333e+00   1.000000e+01   1.200000e+02
   -7.666667e+00   1.000000e+01   1.200000e+02
   -3.750000e+00   1.000000e+01   1.250000e+02
   -7.500000e+00   1.000000e+01   1.250000e+02
   -3.666667e+00   1.000000e+01   1.300000e+02
   -7.333333e+00   1.000000e+01   1.300000e+02
   -3.583333e+00   1.000000e+01   1.350000e+02
   -7.166667e+00   1.000000e+01   1.350000e+02
   -3.500000e+00   1.000000e+01   1.400000e+02
   -7.000000e+00   1.000000e+01   1.400000e+02
   -3.416667e+00   1.000000e+01   1.450000e+02
   -6.833333e+00   1.000000e+01   1.450000e+02
    0.000000e+00   1.500000e+01  -4.500000e+01
    0.000000e+00   1.500000e+01  -4.000000e+01
    0.000000e+00   1.500000e+01  -3.500000e+01
    0.000000e+00   1.500000e+01  -3.000000e+01
    0.000000e+00   1.500000e+01  -2.500000e+01
    0.000000e+00   1.500000e+01  -2.000000e+01
    0.000000e+00   1.500000e+01  -1.500000e+01
    0.000000e+00   1.500000e+01  -1.000000e+01
    0.000000e+00   1.500000e+01  -5.000000e+00
    0.000000e+00   1.500000e+01   0.000000e+00
    0.000000e+00   1.500000e+01   5.000000e+00
    0.000000e+00   1.500000e+01   1.000000e+01
    0.000000e+00   1.500000e+01   1.500000e+01
    0.000000e+00   1.500000e+01   2.000000e+01
    0.000000e+00   1.500000e+01   2.500000e+01
    0.000000e+00   1.500000e+01   3.000000e+01
    0.000000e+00   1.500000e+01   3.500000e+01
    0.000000e+00   1.500000e+01   4.000000e+01
    0.000000e+00   1.500000e+01   4.500000e+01
    0.000000e+00   1.500000e+01   5.000000e+01
    0.000000e+00   1.500000e+01   5.500000e+01
    0.000000e+00   1.500000e+01   6.000000e+01
    0.000000e+00   1.500000e+01   6.500000e+01
    0.000000e+00   1.500000e+01   7.000000e+01
    0.000000e+00   1.500000e+01   7.500000e+01
    0.000000e+00   1.500000e+01   8.000000e+01
    0.000000e+00   1.500000e+01   8.500000e+01
    0.000000e+00   1.500000e+01   9.000000e+01
    0.000000e+00   1.500000e+01   9.500000e+01
    0.000000e+00   1.500000e+01   1.000000e+02
    0.000000e+00   1.500000e+01   1.050000e+02
    0.000000e+00   1.500000e+01   1.100000e+02
    0.000000e+00   1.500000e+01   1.150000e+02
    0.000000e+00   1.500000e+01   1.200000e+02
    0.000000e+00   1.500000e+01   1.250000e+02
    0.000000e+00   1.500000e+01   1.300000e+02
    0.000000e+00   1.500000e+01   1.350000e+02
    0.000000e+00   1.500000e+01   1.400000e+02
    0.000000e+00   1.500000e+01   1.450000e+02
   -1.975000e+01   1.500000e+01  -4.500000e+01
   -1.950000e+01   1.500000e+01  -4.000000e+01
   -1.925000e+01   1.500000e+01  -3.500000e+01
   -1.900000e+01   1.500000e+01  -3.000000e+01
   -1.875000e+01   1.500000e+01  -2.500000e+01
   -1.850000e+01   1.500000e+01  -2.000000e+01
   -1.825000e+01   1.500000e+01  -1.500000e+01
   -1.800000e+01   1.500000e+01  -1.000000e+01
   -1.775000e+01   1.500000e+01  -5.000000e+00
   -1.750000e+01   1.500000e+01   0.000000e+00
   -1.725000e+01   1.500000e+01   5.000000e+00
   -1.700000e+01   1.500000e+01   1.000000e+01
   -1.675000e+01   1.500000e+01   1.500000e+01
   -1.650000e+01   1.500000e+01   2.000000e+01
   -1.625000e+01   1.500000e+01   2.500000e+01
   -1.600000e+01   1.500000e+01   3.000000e+01
   -1.575000e+01   1.500000e+01   3.500000e+01
   -1.550000e+01   1.500000e+01   4.000000e+01
   -1.525000e+01   1.500000e+01   4.500000e+01
   -1.500000e+01   1.500000e+01   5.000000e+01
   -1.475000e+01   1.500000e+01   5.500000e+01
   -1.450000e+01   1.500000e+01   6.000000e+01
   -1.425000e+01   1.500000e+01   6.500000e+01
   -1.400000e+01   1.500000e+01   7.000000e+01
   -1.375000e+01   1.500000e+01   7.500000e+01
   -1.350000e+01   1.500000e+01   8.000000e+01
   -1.325000e+01   1.500000e+01   8.500000e+01
   -1.300000e+01   1.500000e+01   9.000000e+01
   -1.275000e+01   1.500000e+01   9.500000e+01
   -1.250000e+01   1.500000e+01   1.000000e+02
   -1.225000e+01   1.500000e+01   1.050000e+02
   -1.200000e+01   1.500000e+01   1.100000e+02
   -1.175000e+01   1.500000e+01   1.150000e+02
   -1.150000e+01   1.500000e+01   1.200000e+02
   -1.125000e+01   1.500000e+01   1.250000e+02
   -1.100000e+01   1.500000e+01   1.300000e+02
   -1.075000e+01   1.500000e+01   1.350000e+02
   -1.050000e+01   1.500000e+01   1.400000e+02
   -1.025000e+01   1.500000e+01   1.450000e+02
    6.666667e+00   1.500000e+01  -5.000000e+01
    1.333333e+01   1.500000e+01  -5.000000e+01
    3.333333e+00   1.500000e+01   1.500000e+02
    6.666667e+00   1.500000e+01   1.500000e+02
    6.583333e+00   1.000000e+01  -4.500000e+01
    1.316667e+01   1.000000e+01  -4.500000e+01
    6.500000e+00   1.000000e+01  -4.000000e+01
    1.300000e+01   1.000000e+01  -4.000000e+01
    6.416667e+00   1.000000e+01  -3.500000e+01
    1.283333e+01   1.000000e+01  -3.500000e+01
    6.333333e+00   1.000000e+01  -3.000000e+01
    1.266667e+01   1.000000e+01  -3.000000e+01
    6.250000e+00   1.000000e+01  -2.500000e+01
    1.250000e+01   1.000000e+01  -2.500000e+01
    6.166667e+00   1.000000e+01  -2.000000e+01
    1.233333e+01   1.000000e+01  -2.000000e+01
    6.083333e+00   1.000000e+01  -1.500000e+01
    1.216667e+01   1.000000e+01  -1.500000e+01
    6.000000e+00   1.000000e+01  -1.000000e+01
    1.200000e+01   1.000000e+01  -1.000000e+01
    5.916667e+00   1.000000e+01  -5.000000e+00
    1.183333e+01   1.000000e+01  -5.000000e+00
    5.833333e+00   1.000000e+01   0.000000e+00
    1.166667e+01   1.000000e+01   0.000000e+00
    5.750000e+00   1.000000e+01   5.000000e+00
    1.150000e+01   1.000000e+01   5.000000e+00
    5.666667e+00   1.000000e+01   1.000000e+01
    1.133333e+01   1.000000e+01   1.000000e+01
    5.583333e+00   1.000000e+01   1.500000e+01
    1.116667e+01   1.000000e+01   1.500000e+01
    5.500000e+00   1.000000e+01   2.000000e+01
    1.100000e+01   1.000000e+01   2.000000e+01
    5.416667e+00   1.000000e+01   2.500000e+01
    1.083333e+01   1.000000e+01   2.500000e+01
    5.333333e+00   1.000000e+01   3.000000e+01
    1.066667e+01   1.000000e+01   3.000000e+01
    5.250000e+00   1.000000e+01   3.500000e+01
    1.050000e+01   1.000000e+01   3.500000e+01
    5.166667e+00   1.000000e+01   4.000000e+01
    1.033333e+01   1.000000e+01   4.000000e+01
    5.083333e+00   1.000000e+01   4.500000e+01
    1.016667e+01   1.000000e+01   4.500000e+01
    5.000000e+00   1.000000e+01   5.000000e+01
    1.000000e+01   1.000000e+01   5.000000e+01
    4.916667e+00   1.000000e+01   5.500000e+01
    9.833333e+00   1.000000e+01   5.500000e+01
    4.833333e+00   1.000000e+01   6.000000e+01
    9.666667e+00   1.000000e+01   6.000000e+01
    4.750000e+00   1.000000e+01   6.500000e+01
    9.500000e+00   1.000000e+01   6.500000e+01
    4.666667e+00   1.000000e+01   7.000000e+01
    9.333333e+00   1.000000e+01   7.000000e+01
    4.583333e+00   1.000000e+01   7.500000e+01
    9.166667e+00   1.000000e+01   7.500000e+01
    4.500000e+00   1.000000e+01   8.000000e+01
    9.000000e+00   1.000000e+01   8.000000e+01
    4.416667e+00   1.000000e+01   8.500000e+01
    8.833333e+00   1.000000e+01   8.500000e+01
    4.333333e+00   1.000000e+01   9.000000e+01
    8.666667e+00   1.000000e+01   9.000000e+01
    4.250000e+00   1.000000e+01   9.500000e+01
    8.500000e+00   1.000000e+01   9.500000e+01
    4.166667e+00   1.000000e+01   1.000000e+02
    8.333333e+00   1.000000e+01   1.000000e+02
    4.083333e+00   1.000000e+01   1.050000e+02
    8.166667e+00   1.000000e+01   1.050000e+02
    4.000000e+00   1.000000e+01   1.100000e+02
    8.000000e+00   1.000000e+01   1.100000e+02
    3.916667e+00   1.000000e+01   1.150000e+02
    7.833333e+00   1.000000e+01   1.150000e+02
    3.833333e+00   1.000000e+01   1.200000e+02
    7.666667e+00   1.000000e+01   1.200000e+02
    3.750000e+00   1.000000e+01   1.250000e+02
    7.500000e+00   1.000000e+01   1.250000e+02
    3.666667e+00   1.000000e+01   1.300000e+02
    7.333333e+00   1.000000e+01   1.300000e+02
    3.583333e+00   1.000000e+01   1.350000e+02
    7.166667e+00   1.000000e+01   1.350000e+02
    3.500000e+00   1.000000e+01   1.400000e+02
    7.000000e+00   1.000000e+01   1.400000e+02
    3.416667e+00   1.000000e+01   1.450000e+02
    6.833333e+00   1.000000e+01   1.450000e+02
    6.583333e+00   2.000000e+01  -4.500000e+01
    1.316667e+01   2.000000e+01  -4.500000e+01
    6.500000e+00   2.000000e+01  -4.000000e+01
    1.300000e+01   2.000000e+01  -4.000000e+01
    6.416667e+00   2.000000e+01  -3.500000e+01
    1.283333e+01   2.000000e+01  -3.500000e+01
    6.333333e+00   2.000000e+01  -3.000000e+01
    1.266667e+01   2.000000e+01  -3.000000e+01
    6.250000e+00   2.000000e+01  -2.500000e+01
    1.250000e+01   2.000000e+01  -2.500000e+01
    6.166667e+00   2.000000e+01  -2.000000e+01
    1.233333e+01   2.000000e+01  -2.000000e+01
    6.083333e+00   2.000000e+01  -1.500000e+01
    1.216667e+01   2.000000e+01  -1.500000e+01
    6.000000e+00   2.000000e+01  -1.000000e+01
    1.200000e+01   2.000000e+01  -1.000000e+01
    5.916667e+00   2.000000e+01  -5.000000e+00
    1.183333e+01   2.000000e+01  -5.000000e+00
    5.833333e+00   2.000000e+01   0.000000e+00
    1.166667e+01   2.000000e+01   0.000000e+00
    5.750000e+00   2.000000e+01   5.000000e+00
    1.150000e+01   2.000000e+01   5.000000e+00
    5.666667e+00   2.000000e+01   1.000000e+01
    1.133333e+01   2.000000e+01   1.000000e+01
    5.583333e+00   2.000000e+01   1.500000e+01
    1.116667e+01   2.000000e+01   1.500000e+01
    5.500000e+00   2.000000e+01   2.000000e+01
    1.100000e+01   2.000000e+01   2.000000e+01
    5.416667e+00   2.000000e+01   2.500000e+01
    1.083333e+01   2.000000e+01   2.500000e+01
    5.333333e+00   2.000000e+01   3.000000e+01
    1.066667e+01   2.000000e+01   3.000000e+01
    5.250000e+00   2.000000e+01   3.500000e+01
    1.050000e+01   2.000000e+01   3.500000e+01
    5.166667e+00   2.000000e+01   4.000000e+01
    1.033333e+01   2.000000e+01   4.000000e+01
    5.083333e+00   2.000000e+01   4.500000e+01
    1.016667e+01   2.000000e+01   4.500000e+01
    5.000000e+00   2.000000e+01   5.000000e+01
    1.000000e+01   2.000000e+01   5.000000e+01
    4.916667e+00   2.000000e+01   5.500000e+01
    9.833333e+00   2.000000e+01   5.500000e+01
    4.833333e+00   2.000000e+01   6.000000e+01
    9.666667e+00   2.000000e+01   6.000000e+01
    4.750000e+00   2.000000e+01   6.500000e+01
    9.500000e+00   2.000000e+01   6.500000e+01
    4.666667e+00   2.000000e+01   7.000000e+01
    9.333333e+00   2.000000e+01   7.000000e+01
    4.583333e+00   2.000000e+01   7.500000e+01
    9.166667e+00   2.000000e+01   7.500000e+01
    4.500000e+00   2.000000e+01   8.000000e+01
    9.000000e+00   2.000000e+01   8.000000e+01
    4.416667e+00   2.000000e+01   8.500000e+01
    8.833333e+00   2.000000e+01   8.500000e+01
    4.333333e+00   2.000000e+01   9.000000e+01
    8.666667e+00   2.000000e+01   9.000000e+01
    4.250000e+00   2.000000e+01   9.500000e+01
    8.500000e+00   2.000000e+01   9.500000e+01
    4.166667e+00   2.000000e+01   1.000000e+02
    8.333333e+00   2.000000e+01   1.000000e+02
    4.083333e+00   2.000000e+01   1.050000e+02
    8.166667e+00   2.000000e+01   1.050000e+02
    4.000000e+00   2.000000e+01   1.100000e+02
    8.000000e+00   2.000000e+01   1.100000e+02
    3.916667e+00   2.000000e+01   1.150000e+02
    7.833333e+00   2.000000e+01   1.150000e+02
    3.833333e+00   2.000000e+01   1.200000e+02
    7.666667e+00   2.000000e+01   1.200000e+02
    3.750000e+00   2.000000e+01   1.250000e+02
    7.500000e+00   2.000000e+01   1.250000e+02
    3.666667e+00   2.000000e+01   1.300000e+02
    7.333333e+00   2.000000e+01   1.300000e+02
    3.583333e+00   2.000000e+01   1.350000e+02
    7.166667e+00   2.000000e+01   1.350000e+02
    3.500000e+00   2.000000e+01   1.400000e+02
    7.000000e+00   2.000000e+01   1.400000e+02
    3.416667e+00   2.000000e+01   1.450000e+02
    6.833333e+00   2.000000e+01   1.450000e+02
    1.975000e+01   1.500000e+01  -4.500000e+01
    1.950000e+01   1.500000e+01  -4.000000e+01
    1.925000e+01   1.500000e+01  -3.500000e+01
    1.900000e+01   1.500000e+01  -3.000000e+01
    1.875000e+01   1.500000e+01  -2.500000e+01
    1.850000e+01   1.500000e+01  -2.000000e+01
    1.825000e+01   1.500000e+01  -1.500000e+01
    1.800000e+01   1.500000e+01  -1.000000e+01
    1.775000e+01   1.500000e+01  -5.000000e+00
    1.750000e+01   1.500000e+01   0.000000e+00
    1.725000e+01   1.500000e+01   5.000000e+00
    1.700000e+01   1.500000e+01   1.000000e+01
    1.675000e+01   1.500000e+01   1.500000e+01
    1.650000e+01   1.500000e+01   2.000000e+01
    1.625000e+01   1.500000e+01   2.500000e+01
    1.600000e+01   1.500000e+01   3.000000e+01
    1.575000e+01   1.500000e+01   3.500000e+01
    1.550000e+01   1.500000e+01   4.000000e+01
    1.525000e+01   1.500000e+01   4.500000e+01
    1.500000e+01   1.500000e+01   5.000000e+01
    1.475000e+01   1.500000e+01   5.500000e+01
    1.450000e+01   1.500000e+01   6.000000e+01
    1.425000e+01   1.500000e+01   6.500000e+01
    1.400000e+01   1.500000e+01   7.000000e+01
    1.375000e+01   1.500000e+01   7.500000e+01
    1.350000e+01   1.500000e+01   8.000000e+01
    1.325000e+01   1.500000e+01   8.500000e+01
    1.300000e+01   1.500000e+01   9.000000e+01
    1.275000e+01   1.500000e+01   9.500000e+01
    1.250000e+01   1.500000e+01   1.000000e+02
    1.225000e+01   1.500000e+01   1.050000e+02
    1.200000e+01   1.500000e+01   1.100000e+02
    1.175000e+01   1.500000e+01   1.150000e+02
    1.150000e+01   1.500000e+01   1.200000e+02
    1.125000e+01   1.500000e+01   1.250000e+02
    1.100000e+01   1.500000e+01   1.300000e+02
    1.075000e+01   1.500000e+01   1.350000e+02
    1.050000e+01   1.500000e+01   1.400000e+02
    1.025000e+01   1.500000e+01   1.450000e+02
   -6.583333e+00   1.500000e+01  -4.500000e+01
   -1.316667e+01   1.500000e+01  -4.500000e+01
   -6.500000e+00   1.500000e+01  -4.000000e+01
   -1.300000e+01   1.500000e+01  -4.000000e+01
   -6.416667e+00   1.500000e+01  -3.500000e+01
   -1.283333e+01   1.500000e+01  -3.500000e+01
   -6.333333e+00   1.500000e+01  -3.000000e+01
   -1.266667e+01   1.500000e+01  -3.000000e+01
   -6.250000e+00   1.500000e+01  -2.500000e+01
   -1.250000e+01   1.500000e+01  -2.500000e+01
   -6.166667e+00   1.500000e+01  -2.000000e+01
   -1.233333e+01   1.500000e+01  -2.000000e+01
   -6.083333e+00   1.500000e+01  -1.500000e+01
   -1.216667e+01   1.500000e+01  -1.500000e+01
   -6.000000e+00   1.500000e+01  -1.000000e+01
   -1.200000e+01   1.500000e+01  -1.000000e+01
   -5.916667e+00   1.500000e+01  -5.000000e+00
   -1.183333e+01   1.500000e+01  -5.000000e+00
   -5.833333e+00   1.500000e+01   0.000000e+00
   -1.166667e+01   1.500000e+01   0.000000e+00
   -5.750000e+00   1.500000e+01   5.000000e+00
   -1.150000e+01   1.500000e+01   5.000000e+00
   -5.666667e+00   1.500000e+01   1.000000e+01
   -1.133333e+01   1.500000e+01   1.000000e+01
   -5.583333e+00   1.500000e+01   1.500000e+01
   -1.116667e+01   1.500000e+01   1.500000e+01
   -5.500000e+00   1.500000e+01   2.000000e+01
   -1.100000e+01   1.500000e+01   2.000000e+01
   -5.416667e+00   1.500000e+01   2.500000e+01
   -1.083333e+01   1.500000e+01   2.500000e+01
   -5.333333e+00   1.500000e+01   3.000000e+01
   -1.066667e+01   1.500000e+01   3.000000e+01
   -5.250000e+00   1.500000e+01   3.500000e+01
   -1.050000e+01   1.500000e+01   3.500000e+01
   -5.166667e+00   1.500000e+01   4.000000e+01
   -1.033333e+01   1.500000e+01   4.000000e+01
   -5.083333e+00   1.500000e+01   4.500000e+01
   -1.016667e+01   1.500000e+01   4.500000e+01
   -5.000000e+00   1.500000e+01   5.000000e+01
   -1.000000e+01   1.500000e+01   5.000000e+01
   -4.916667e+00   1.500000e+01   5.500000e+01
   -9.833333e+00   1.500000e+01   5.500000e+01
   -4.833333e+00   1.500000e+01   6.000000e+01
   -9.666667e+00   1.500000e+01   6.000000e+01
   -4.750000e+00   1.500000e+01   6.500000e+01
   -9.500000e+00   1.500000e+01   6.500000e+01
   -4.666667e+00   1.500000e+01   7.000000e+01
   -9.333333e+00   1.500000e+01   7.000000e+01
   -4.583333e+00   1.500000e+01   7.500000e+01
   -9.166667e+00   1.500000e+01   7.500000e+01
   -4.500000e+00   1.500000e+01   8.000000e+01
   -9.000000e+00   1.500000e+01   8.000000e+01
   -4.416667e+00   1.500000e+01   8.500000e+01
   -8.833333e+00   1.500000e+01   8.500000e+01
   -4.333333e+00   1.500000e+01   9.000000e+01
   -8.666667e+00   1.500000e+01   9.000000e+01
   -4.250000e+00   1.500000e+01   9.500000e+01
   -8.500000e+00   1.500000e+01   9.500000e+01
   -4.166667e+00   1.500000e+01   1.000000e+02
   -8.333333e+00   1.500000e+01   1.000000e+02
   -4.083333e+00   1.500000e+01   1.050000e+02
   -8.166667e+00   1.500000e+01   1.050000e+02
   -4.000000e+00   1.500000e+01   1.100000e+02
   -8.000000e+00   1.500000e+01   1.100000e+02
   -3.916667e+00   1.500000e+01   1.150000e+02
   -7.833333e+00   1.500000e+01   1.150000e+02
   -3.833333e+00   1.500000e+01   1.200000e+02
   -7.666667e+00   1.500000e+01   1.200000e+02
   -3.750000e+00   1.500000e+01   1.250000e+02
   -7.500000e+00   1.500000e+01   1.250000e+02
   -3.666667e+00   1.500000e+01   1.300000e+02
   -7.333333e+00   1.500000e+01   1.300000e+02
   -3.583333e+00   1.500000e+01   1.350000e+02
   -7.166667e+00   1.500000e+01   1.350000e+02
   -3.500000e+00   1.500000e+01   1.400000e+02
   -7.000000e+00   1.500000e+01   1.400000e+02
   -3.416667e+00   1.500000e+01   1.450000e+02
   -6.833333e+00   1.500000e+01   1.450000e+02
    6.583333e+00   1.500000e+01  -4.500000e+01
    1.316667e+01   1.500000e+01  -4.500000e+01
    6.500000e+00   1.500000e+01  -4.000000e+01
    1.300000e+01   1.500000e+01  -4.000000e+01
    6.416667e+00   1.500000e+01  -3.500000e+01
    1.283333e+01   1.500000e+01  -3.500000e+01
    6.333333e+00   1.500000e+01  -3.000000e+01
    1.266667e+01   1.500000e+01  -3.000000e+01
    6.250000e+00   1.500000e+01  -2.500000e+01
    1.250000e+01   1.500000e+01  -2.500000e+01
    6.166667e+00   1.500000e+01  -2.000000e+01
    1.233333e+01   1.500000e+01  -2.000000e+01
    6.083333e+00   1.500000e+01  -1.500000e+01
    1.216667e+01   1.500000e+01  -1.500000e+01
    6.000000e+00   1.500000e+01  -1.000000e+01
    1.200000e+01   1.500000e+01  -1.000000e+01
    5.916667e+00   1.500000e+01  -5.000000e+00
    1.183333e+01   1.500000e+01  -5.000000e+00
    5.833333e+00   1.500000e+01   0.000000e+00
    1.166667e+01   1.500000e+01   0.000000e+00
    5.750000e+00   1.500000e+01   5.000000e+00
    1.150000e+01   1.500000e+01   5.000000e+00
    5.666667e+00   1.500000e+01   1.000000e+01
    1.133333e+01   1.500000e+01   1.000000e+01
    5.583333e+00   1.500000e+01   1.500000e+01
    1.116667e+01   1.500000e+01   1.500000e+01
    5.500000e+00   1.500000e+01   2.000000e+01
    1.100000e+01   1.500000e+01   2.000000e+01
    5.416667e+00   1.500000e+01   2.500000e+01
    1.083333e+01   1.500000e+01   2.500000e+01
    5.333333e+00   1.500000e+01   3.000000e+01
    1.066667e+01   1.500000e+01   3.000000e+01
    5.250000e+00   1.500000e+01   3.500000e+01
    1.050000e+01   1.500000e+01   3.500000e+01
    5.166667e+00   1.500000e+01   4.000000e+01
    1.033333e+01   1.500000e+01   4.000000e+01
    5.083333e+00   1.500000e+01   4.500000e+01
    1.016667e+01   1.500000e+01   4.500000e+01
    5.000000e+00   1.500000e+01   5.000000e+01
    1.000000e+01   1.500000e+01   5.000000e+01
    4.916667e+00   1.500000e+01   5.500000e+01
    9.833333e+00   1.500000e+01   5.500000e+01
    4.833333e+00   1.500000e+01   6.000000e+01
    9.666667e+00   1.500000e+01   6.000000e+01
    4.750000e+00   1.500000e+01   6.500000e+01
    9.500000e+00   1.500000e+01   6.500000e+01
    4.666667e+00   1.500000e+01   7.000000e+01
    9.333333e+00   1.500000e+01   7.000000e+01
    4.583333e+00   1.500000e+01   7.500000e+01
    9.166667e+00   1.500000e+01   7.500000e+01
    4.500000e+00   1.500000e+01   8.000000e+01
    9.000000e+00   1.500000e+01   8.000000e+01
    4.416667e+00   1.500000e+01   8.500000e+01
    8.833333e+00   1.500000e+01   8.500000e+01
    4.333333e+00   1.500000e+01   9.000000e+01
    8.666667e+00   1.500000e+01   9.000000e+01
    4.250000e+00   1.500000e+01   9.500000e+01
    8.500000e+00   1.500000e+01   9.500000e+01
    4.166667e+00   1.500000e+01   1.000000e+02
    8.333333e+00   1.500000e+01   1.000000e+02
    4.083333e+00   1.500000e+01   1.050000e+02
    8.166667e+00   1.500000e+01   1.050000e+02
    4.000000e+00   1.500000e+01   1.100000e+02
    8.000000e+00   1.500000e+01   1.100000e+02
    3.916667e+00   1.500000e+01   1.150000e+02
    7.833333e+00   1.500000e+01   1.150000e+02
    3.833333e+00   1.500000e+01   1.200000e+02
    7.666667e+00   1.500000e+01   1.200000e+02
    3.750000e+00   1.500000e+01   1.250000e+02
    7.500000e+00   1.500000e+01   1.250000e+02
    3.666667e+00   1.500000e+01   1.300000e+02
    7.333333e+00   1.500000e+01   1.300000e+02
    3.583333e+00   1.500000e+01   1.350000e+02
    7.166667e+00   1.500000e+01   1.350000e+02
    3.500000e+00   1.500000e+01   1.400000e+02
    7.000000e+00   1.500000e+01   1.400000e+02
    3.416667e+00   1.500000e+01   1.450000e+02
    6.833333e+00   1.500000e+01   1.450000e+02
   -3.000000e+02   1.000000e+01  -3.000000e+01
   -3.000000e+02  -1.000000e+01  -3.000000e+01
   -3.000000e+02  -1.000000e+01   0.000000e+00
   -3.000000e+02   1.000000e+01   0.000000e+00
   -2.500000e+02  -1.000000e+01  -3.000000e+01
   -2.500000e+02  -1.000000e+01   0.000000e+00
   -2.500000e+02   1.000000e+01   0.000000e+00
   -2.500000e+02   1.000000e+01  -3.000000e+01
   -3.000000e+02   1.000000e+01  -5.000000e+01
   -3.000000e+02  -1.000000e+01  -5.000000e+01
   -2.500000e+02   1.000000e+01  -5.000000e+01
   -2.500000e+02  -1.000000e+01  -5.000000e+01
   -3.000000e+02   5.000000e+00  -3.000000e+01
   -3.000000e+02   0.000000e+00  -3.000000e+01
   -3.000000e+02  -5.000000e+00  -3.000000e+01
   -3.000000e+02  -1.000000e+01  -2.500000e+01
   -3.000000e+02  -1.000000e+01  -2.000000e+01
   -3.000000e+02  -1.000000e+01  -1.500000e+01
   -3.000000e+02  -1.000000e+01  -1.000000e+01
   -3.000000e+02  -1.000000e+01  -5.000000e+00
   -3.000000e+02  -5.000000e+00   0.000000e+00
   -3.000000e+02   0.000000e+00   0.000000e+00
   -3.000000e+02   5.000000e+00   0.000000e+00
   -3.000000e+02   1.000000e+01  -5.000000e+00
   -3.000000e+02   1.000000e+01  -1.000000e+01
   -3.000000e+02   1.000000e+01  -1.500000e+01
   -3.000000e+02   1.000000e+01  -2.000000e+01
   -3.000000e+02   1.000000e+01  -2.500000e+01
   -2.500000e+02  -5.000000e+00  -3.000000e+01
   -2.500000e+02   0.000000e+00  -3.000000e+01
   -2.500000e+02   5.000000e+00  -3.000000e+01
   -2.500000e+02  -1.000000e+01  -5.000000e+00
   -2.500000e+02  -1.000000e+01  -1.000000e+01
   -2.500000e+02  -1.000000e+01  -1.500000e+01
   -2.500000e+02  -1.000000e+01  -2.000000e+01
   -2.500000e+02  -1.000000e+01  -2.500000e+01
   -2.500000e+02   5.000000e+00   0.000000e+00
   -2.500000e+02   0.000000e+00   0.000000e+00
   -2.500000e+02  -5.000000e+00   0.000000e+00
   -2.500000e+02   1.000000e+01  -2.500000e+01
   -2.500000e+02   1.000000e+01  -2.000000e+01
   -2.500000e+02   1.000000e+01  -1.500000e+01
   -2.500000e+02   1.000000e+01  -1.000000e+01
   -2.500000e+02   1.000000e+01  -5.000000e+00
   -2.950000e+02   1.000000e+01   0.000000e+00
   -2.900000e+02   1.000000e+01   0.000000e+00
   -2.850000e+02   1.000000e+01   0.000000e+00
   -2.800000e+02   1.000000e+01   0.000000e+00
   -2.750000e+02   1.000000e+01   0.000000e+00
   -2.700000e+02   1.000000e+01   0.000000e+00
   -2.650000e+02   1.000000e+01   0.000000e+00
   -2.600000e+02   1.000000e+01   0.000000e+00
   -2.550000e+02   1.000000e+01   0.000000e+00
   -2.550000e+02   1.000000e+01  -3.000000e+01
   -2.600000e+02   1.000000e+01  -3.000000e+01
   -2.650000e+02   1.000000e+01  -3.000000e+01
   -2.700000e+02   1.000000e+01  -3.000000e+01
   -2.750000e+02   1.000000e+01  -3.000000e+01
   -2.800000e+02   1.000000e+01  -3.000000e+01
   -2.850000e+02   1.000000e+01  -3.000000e+01
   -2.900000e+02   1.000000e+01  -3.000000e+01
   -2.950000e+02   1.000000e+01  -3.000000e+01
   -2.550000e+02  -1.000000e+01   0.000000e+00
   -2.600000e+02  -1.000000e+01   0.000000e+00
   -2.650000e+02  -1.000000e+01   0.000000e+00
   -2.700000e+02  -1.000000e+01   0.000000e+00
   -2.750000e+02  -1.000000e+01   0.000000e+00
   -2.800000e+02  -1.000000e+01   0.000000e+00
   -2.850000e+02  -1.000000e+01   0.000000e+00
   -2.900000e+02  -1.000000e+01   0.000000e+00
   -2.950000e+02  -1.000000e+01   0.000000e+00
   -2.950000e+02  -1.000000e+01  -3.000000e+01
   -2.900000e+02  -1.000000e+01  -3.000000e+01
   -2.850000e+02  -1.000000e+01  -3.000000e+01
   -2.800000e+02  -1.000000e+01  -3.000000e+01
   -2.750000e+02  -1.000000e+01  -3.000000e+01
   -2.700000e+02  -1.000000e+01  -3.000000e+01
   -2.650000e+02  -1.000000e+01  -3.000000e+01
   -2.600000e+02  -1.000000e+01  -3.000000e+01
   -2.550000e+02  -1.000000e+01  -3.000000e+01
   -3.000000e+02   1.000000e+01  -3.500000e+01
   -3.000000e+02   1.000000e+01  -4.000000e+01
   -3.000000e+02   1.000000e+01  -4.500000e+01
   -3.000000e+02   5.000000e+00  -5.000000e+01
   -3.000000e+02   0.000000e+00  -5.000000e+01
   -3.000000e+02  -5.000000e+00  -5.000000e+01
   -3.000000e+02  -1.000000e+01  -4.500000e+01
   -3.000000e+02  -1.000000e+01  -4.000000e+01
   -3.000000e+02  -1.000000e+01  -3.500000e+01
   -2.500000e+02   1.000000e+01  -4.500000e+01
   -2.500000e+02   1.000000e+01  -4.000000e+01
   -2.500000e+02   1.000000e+01  -3.500000e+01
   -2.500000e+02  -5.000000e+00  -5.000000e+01
   -2.500000e+02   0.000000e+00  -5.000000e+01
   -2.500000e+02   5.000000e+00  -5.000000e+01
   -2.500000e+02  -1.000000e+01  -3.500000e+01
   -2.500000e+02  -1.000000e+01  -4.000000e+01
   -2.500000e+02  -1.000000e+01  -4.500000e+01
   -2.950000e+02  -1.000000e+01  -5.000000e+01
   -2.900000e+02  -1.000000e+01  -5.000000e+01
   -2.850000e+02  -1.000000e+01  -5.000000e+01
   -2.800000e+02  -1.000000e+01  -5.000000e+01
   -2.750000e+02  -1.000000e+01  -5.000000e+01
   -2.700000e+02  -1.000000e+01  -5.000000e+01
   -2.650000e+02  -1.000000e+01  -5.000000e+01
   -2.600000e+02  -1.000000e+01  -5.000000e+01
   -2.550000e+02  -1.000000e+01  -5.000000e+01
   -2.550000e+02   1.000000e+01  -5.000000e+01
   -2.600000e+02   1.000000e+01  -5.000000e+01
   -2.650000e+02   1.000000e+01  -5.000000e+01
   -2.700000e+02   1.000000e+01  -5.000000e+01
   -2.750000e+02   1.000000e+01  -5.000000e+01
   -2.800000e+02   1.000000e+01  -5.000000e+01
   -2.850000e+02   1.000000e+01  -5.000000e+01
   -2.900000e+02   1.000000e+01  -5.000000e+01
   -2.950000e+02   1.000000e+01  -5.000000e+01
   -3.000000e+02   5.000000e+00  -2.500000e+01
   -3.000000e+02   0.000000e+00  -2.500000e+01
   -3.000000e+02  -5.000000e+00  -2.500000e+01
   -3.000000e+02   5.000000e+00  -2.000000e+01
   -3.000000e+02   0.000000e+00  -2.000000e+01
   -3.000000e+02  -5.000000e+00  -2.000000e+01
   -3.000000e+02   5.000000e+00  -1.500000e+01
   -3.000000e+02   0.000000e+00  -1.500000e+01
   -3.000000e+02  -5.000000e+00  -1.500000e+01
   -3.000000e+02   5.000000e+00  -1.000000e+01
   -3.000000e+02   0.000000e+00  -1.000000e+01
   -3.000000e+02  -5.000000e+00  -1.000000e+01
   -3.000000e+02   5.000000e+00  -5.000000e+00
   -3.000000e+02   0.000000e+00  -5.000000e+00
   -3.000000e+02  -5.000000e+00  -5.000000e+00
   -2.500000e+02   5.000000e+00  -2.500000e+01
   -2.500000e+02   0.000000e+00  -2.500000e+01
   -2.500000e+02  -5.000000e+00  -2.500000e+01
   -2.500000e+02   5.000000e+00  -2.000000e+01
   -2.500000e+02   0.000000e+00  -2.000000e+01
   -2.500000e+02  -5.000000e+00  -2.000000e+01
   -2.500000e+02   5.000000e+00  -1.500000e+01
   -2.500000e+02   0.000000e+00  -1.500000e+01
   -2.500000e+02  -5.000000e+00  -1.500000e+01
   -2.500000e+02   5.000000e+00  -1.000000e+01
   -2.500000e+02   0.000000e+00  -1.000000e+01
   -2.500000e+02  -5.000000e+00  -1.000000e+01
   -2.500000e+02   5.000000e+00  -5.000000e+00
   -2.500000e+02   0.000000e+00  -5.000000e+00
   -2.500000e+02  -5.000000e+00  -5.000000e+00
   -2.950000e+02   1.000000e+01  -2.500000e+01
   -2.950000e+02   1.000000e+01  -2.000000e+01
   -2.950000e+02   1.000000e+01  -1.500000e+01
   -2.950000e+02   1.000000e+01  -1.000000e+01
   -2.950000e+02   1.000000e+01  -5.000000e+00
   -2.900000e+02   1.000000e+01  -2.500000e+01
   -2.900000e+02   1.000000e+01  -2.000000e+01
   -2.900000e+02   1.000000e+01  -1.500000e+01
   -2.900000e+02   1.000000e+01  -1.000000e+01
   -2.900000e+02   1.000000e+01  -5.000000e+00
   -2.850000e+02   1.000000e+01  -2.500000e+01
   -2.850000e+02   1.000000e+01  -2.000000e+01
   -2.850000e+02   1.000000e+01  -1.500000e+01
   -2.850000e+02   1.000000e+01  -1.000000e+01
   -2.850000e+02   1.000000e+01  -5.000000e+00
   -2.800000e+02   1.000000e+01  -2.500000e+01
   -2.800000e+02   1.000000e+01  -2.000000e+01
   -2.800000e+02   1.000000e+01  -1.500000e+01
   -2.800000e+02   1.000000e+01  -1.000000e+01
   -2.800000e+02   1.000000e+01  -5.000000e+00
   -2.750000e+02   1.000000e+01  -2.500000e+01
   -2.750000e+02   1.000000e+01  -2.000000e+01
   -2.750000e+02   1.000000e+01  -1.500000e+01
   -2.750000e+02   1.000000e+01  -1.000000e+01
   -2.750000e+02   1.000000e+01  -5.000000e+00
   -2.700000e+02   1.000000e+01  -2.500000e+01
   -2.700000e+02   1.000000e+01  -2.000000e+01
   -2.700000e+02   1.000000e+01  -1.500000e+01
   -2.700000e+02   1.000000e+01  -1.000000e+01
   -2.700000e+02   1.000000e+01  -5.000000e+00
   -2.650000e+02   1.000000e+01  -2.500000e+01
   -2.650000e+02   1.000000e+01  -2.000000e+01
   -2.650000e+02   1.000000e+01  -1.500000e+01
   -2.650000e+02   1.000000e+01  -1.000000e+01
   -2.650000e+02   1.000000e+01  -5.000000e+00
   -2.600000e+02   1.000000e+01  -2.500000e+01
   -2.600000e+02   1.000000e+01  -2.000000e+01
   -2.600000e+02   1.000000e+01  -1.500000e+01
   -2.600000e+02   1.000000e+01  -1.000000e+01
   -2.600000e+02   1.000000e+01  -5.000000e+00
   -2.550000e+02   1.000000e+01  -2.500000e+01
   -2.550000e+02   1.000000e+01  -2.000000e+01
   -2.550000e+02   1.000000e+01  -1.500000e+01
   -2.550000e+02   1.000000e+01  -1.000000e+01
   -2.550000e+02   1.000000e+01  -5.000000e+00
   -2.950000e+02  -1.000000e+01  -2.500000e+01
   -2.950000e+02  -1.000000e+01  -2.000000e+01
   -2.950000e+02  -1.000000e+01  -1.500000e+01
   -2.950000e+02  -1.000000e+01  -1.000000e+01
   -2.950000e+02  -1.000000e+01  -5.000000e+00
   -2.900000e+02  -1.000000e+01  -2.500000e+01
   -2.900000e+02  -1.000000e+01  -2.000000e+01
   -2.900000e+02  -1.000000e+01  -1.500000e+01
   -2.900000e+02  -1.000000e+01  -1.000000e+01
   -2.900000e+02  -1.000000e+01  -5.000000e+00
   -2.850000e+02  -1.000000e+01  -2.500000e+01
   -2.850000e+02  -1.000000e+01  -2.000000e+01
   -2.850000e+02  -1.000000e+01  -1.500000e+01
   -2.850000e+02  -1.000000e+01  -1.000000e+01
   -2.850000e+02  -1.000000e+01  -5.000000e+00
   -2.800000e+02  -1.000000e+01  -2.500000e+01
   -2.800000e+02  -1.000000e+01  -2.000000e+01
   -2.800000e+02  -1.000000e+01  -1.500000e+01
   -2.800000e+02  -1.000000e+01  -1.000000e+01
   -2.800000e+02  -1.000000e+01  -5.000000e+00
   -2.750000e+02  -1.000000e+01  -2.500000e+01
   -2.750000e+02  -1.000000e+01  -2.000000e+01
   -2.750000e+02  -1.000000e+01  -1.500000e+01
   -2.750000e+02  -1.000000e+01  -1.000000e+01
   -2.750000e+02  -1.000000e+01  -5.000000e+00
   -2.700000e+02  -1.000000e+01  -2.500000e+01
   -2.700000e+02  -1.000000e+01  -2.000000e+01
   -2.700000e+02  -1.000000e+01  -1.500000e+01
   -2.700000e+02  -1.000000e+01  -1.000000e+01
   -2.700000e+02  -1.000000e+01  -5.000000e+00
   -2.650000e+02  -1.000000e+01  -2.500000e+01
   -2.650000e+02  -1.000000e+01  -2.000000e+01
   -2.650000e+02  -1.000000e+01  -1.500000e+01
   -2.650000e+02  -1.000000e+01  -1.000000e+01
   -2.650000e+02  -1.000000e+01  -5.000000e+00
   -2.600000e+02  -1.000000e+01  -2.500000e+01
   -2.600000e+02  -1.000000e+01  -2.000000e+01
   -2.600000e+02  -1.000000e+01  -1.500000e+01
   -2.600000e+02  -1.000000e+01  -1.000000e+01
   -2.600000e+02  -1.000000e+01  -5.000000e+00
   -2.550000e+02  -1.000000e+01  -2.500000e+01
   -2.550000e+02  -1.000000e+01  -2.000000e+01
   -2.550000e+02  -1.000000e+01  -1.500000e+01
   -2.550000e+02  -1.000000e+01  -1.000000e+01
   -2.550000e+02  -1.000000e+01  -5.000000e+00
   -2.950000e+02   5.000000e+00  -3.000000e+01
   -2.950000e+02   0.000000e+00  -3.000000e+01
   -2.950000e+02  -5.000000e+00  -3.000000e+01
   -2.900000e+02   5.000000e+00  -3.000000e+01
   -2.900000e+02   0.000000e+00  -3.000000e+01
   -2.900000e+02  -5.000000e+00  -3.000000e+01
   -2.850000e+02   5.000000e+00  -3.000000e+01
   -2.850000e+02   0.000000e+00  -3.000000e+01
   -2.850000e+02  -5.000000e+00  -3.000000e+01
   -2.800000e+02   5.000000e+00  -3.000000e+01
   -2.800000e+02   0.000000e+00  -3.000000e+01
   -2.800000e+02  -5.000000e+00  -3.000000e+01
   -2.750000e+02   5.000000e+00  -3.000000e+01
   -2.750000e+02   0.000000e+00  -3.000000e+01
   -2.750000e+02  -5.000000e+00  -3.000000e+01
   -2.700000e+02   5.000000e+00  -3.000000e+01
   -2.700000e+02   0.000000e+00  -3.000000e+01
   -2.700000e+02  -5.000000e+00  -3.000000e+01
   -2.650000e+02   5.000000e+00  -3.000000e+01
   -2.650000e+02   0.000000e+00  -3.000000e+01
   -2.650000e+02  -5.000000e+00  -3.000000e+01
   -2.600000e+02   5.000000e+00  -3.000000e+01
   -2.600000e+02   0.000000e+00  -3.000000e+01
   -2.600000e+02  -5.000000e+00  -3.000000e+01
   -2.550000e+02   5.000000e+00  -3.000000e+01
   -2.550000e+02   0.000000e+00  -3.000000e+01
   -2.550000e+02  -5.000000e+00  -3.000000e+01
   -2.950000e+02   5.000000e+00   0.000000e+00
   -2.950000e+02   0.000000e+00   0.000000e+00
   -2.950000e+02  -5.000000e+00   0.000000e+00
   -2.900000e+02   5.000000e+00   0.000000e+00
   -2.900000e+02   0.000000e+00   0.000000e+00
   -2.900000e+02  -5.000000e+00   0.000000e+00
   -2.850000e+02   5.000000e+00   0.000000e+00
   -2.850000e+02   0.000000e+00   0.000000e+00
   -2.850000e+02  -5.000000e+00   0.000000e+00
   -2.800000e+02   5.000000e+00   0.000000e+00
   -2.800000e+02   0.000000e+00   0.000000e+00
   -2.800000e+02  -5.000000e+00   0.000000e+00
   -2.750000e+02   5.000000e+00   0.000000e+00
   -2.750000e+02   0.000000e+00   0.000000e+00
   -2.750000e+02  -5.000000e+00   0.000000e+00
   -2.700000e+02   5.000000e+00   0.000000e+00
   -2.700000e+02   0.000000e+00   0.000000e+00
   -2.700000e+02  -5.000000e+00   0.000000e+00
   -2.650000e+02   5.000000e+00   0.000000e+00
   -2.650000e+02   0.000000e+00   0.000000e+00
   -2.650000e+02  -5.000000e+00   0.000000e+00
   -2.600000e+02   5.000000e+00   0.000000e+00
   -2.600000e+02   0.000000e+00   0.000000e+00
   -2.600000e+02  -5.000000e+00   0.000000e+00
   -2.550000e+02   5.000000e+00   0.000000e+00
   -2.550000e+02   0.000000e+00   0.000000e+00
   -2.550000e+02  -5.000000e+00   0.000000e+00
   -3.000000e+02  -5.000000e+00  -3.500000e+01
   -3.000000e+02   0.000000e+00  -3.500000e+01
   -3.000000e+02   5.000000e+00  -3.500000e+01
   -3.000000e+02  -5.000000e+00  -4.000000e+01
   -3.000000e+02   0.000000e+00  -4.000000e+01
   -3.000000e+02   5.000000e+00  -4.000000e+01
   -3.000000e+02  -5.000000e+00  -4.500000e+01
   -3.000000e+02   0.000000e+00  -4.500000e+01
   -3.000000e+02   5.000000e+00  -4.500000e+01
   -2.500000e+02  -5.000000e+00  -3.500000e+01
   -2.500000e+02   0.000000e+00  -3.500000e+01
   -2.500000e+02   5.000000e+00  -3.500000e+01
   -2.500000e+02  -5.000000e+00  -4.000000e+01
   -2.500000e+02   0.000000e+00  -4.000000e+01
   -2.500000e+02   5.000000e+00  -4.000000e+01
   -2.500000e+02  -5.000000e+00  -4.500000e+01
   -2.500000e+02   0.000000e+00  -4.500000e+01
   -2.500000e+02   5.000000e+00  -4.500000e+01
   -2.950000e+02  -1.000000e+01  -3.500000e+01
   -2.950000e+02  -1.000000e+01  -4.000000e+01
   -2.950000e+02  -1.000000e+01  -4.500000e+01
   -2.900000e+02  -1.000000e+01  -3.500000e+01
   -2.900000e+02  -1.000000e+01  -4.000000e+01
   -2.900000e+02  -1.000000e+01  -4.500000e+01
   -2.850000e+02  -1.000000e+01  -3.500000e+01
   -2.850000e+02  -1.000000e+01  -4.000000e+01
   -2.850000e+02  -1.000000e+01  -4.500000e+01
   -2.800000e+02  -1.000000e+01  -3.500000e+01
   -2.800000e+02  -1.000000e+01  -4.000000e+01
   -2.800000e+02  -1.000000e+01  -4.500000e+01
   -2.750000e+02  -1.000000e+01  -3.500000e+01
   -2.750000e+02  -1.000000e+01  -4.000000e+01
   -2.750000e+02  -1.000000e+01  -4.500000e+01
   -2.700000e+02  -1.000000e+01  -3.500000e+01
   -2.700000e+02  -1.000000e+01  -4.000000e+01
   -2.700000e+02  -1.000000e+01  -4.500000e+01
   -2.650000e+02  -1.000000e+01  -3.500000e+01
   -2.650000e+02  -1.000000e+01  -4.000000e+01
   -2.650000e+02  -1.000000e+01  -4.500000e+01
   -2.600000e+02  -1.000000e+01  -3.500000e+01
   -2.600000e+02  -1.000000e+01  -4.000000e+01
   -2.600000e+02  -1.000000e+01  -4.500000e+01
   -2.550000e+02  -1.000000e+01  -3.500000e+01
   -2.550000e+02  -1.000000e+01  -4.000000e+01
   -2.550000e+02  -1.000000e+01  -4.500000e+01
   -2.950000e+02   1.000000e+01  -3.500000e+01
   -2.950000e+02   1.000000e+01  -4.000000e+01
   -2.950000e+02   1.000000e+01  -4.500000e+01
   -2.900000e+02   1.000000e+01  -3.500000e+01
   -2.900000e+02   1.000000e+01  -4.000000e+01
   -2.900000e+02   1.000000e+01  -4.500000e+01
   -2.850000e+02   1.000000e+01  -3.500000e+01
   -2.850000e+02   1.000000e+01  -4.000000e+01
   -2.850000e+02   1.000000e+01  -4.500000e+01
   -2.800000e+02   1.000000e+01  -3.500000e+01
   -2.800000e+02   1.000000e+01  -4.000000e+01
   -2.800000e+02   1.000000e+01  -4.500000e+01
   -2.750000e+02   1.000000e+01  -3.500000e+01
   -2.750000e+02   1.000000e+01  -4.000000e+01
   -2.750000e+02   1.000000e+01  -4.500000e+01
   -2.700000e+02   1.000000e+01  -3.500000e+01
   -2.700000e+02   1.000000e+01  -4.000000e+01
   -2.700000e+02   1.000000e+01  -4.500000e+01
   -2.650000e+02   1.000000e+01  -3.500000e+01
   -2.650000e+02   1.000000e+01  -4.000000e+01
   -2.650000e+02   1.000000e+01  -4.500000e+01
   -2.600000e+02   1.000000e+01  -3.500000e+01
   -2.600000e+02   1.000000e+01  -4.000000e+01
   -2.600000e+02   1.000000e+01  -4.500000e+01
   -2.550000e+02   1.000000e+01  -3.500000e+01
   -2.550000e+02   1.000000e+01  -4.000000e+01
   -2.550000e+02   1.000000e+01  -4.500000e+01
   -2.950000e+02  -5.000000e+00  -5.000000e+01
   -2.950000e+02   0.000000e+00  -5.000000e+01
   -2.950000e+02   5.000000e+00  -5.000000e+01
   -2.900000e+02  -5.000000e+00  -5.000000e+01
   -2.900000e+02   0.000000e+00  -5.000000e+01
   -2.900000e+02   5.000000e+00  -5.000000e+01
   -2.850000e+02  -5.000000e+00  -5.000000e+01
   -2.850000e+02   0.000000e+00  -5.000000e+01
   -2.850000e+02   5.000000e+00  -5.000000e+01
   -2.800000e+02  -5.000000e+00  -5.000000e+01
   -2.800000e+02   0.000000e+00  -5.000000e+01
   -2.800000e+02   5.000000e+00  -5.000000e+01
   -2.750000e+02  -5.000000e+00  -5.000000e+01
   -2.750000e+02   0.000000e+00  -5.000000e+01
   -2.750000e+02   5.000000e+00  -5.000000e+01
   -2.700000e+02  -5.000000e+00  -5.000000e+01
   -2.700000e+02   0.000000e+00  -5.000000e+01
   -2.700000e+02   5.000000e+00  -5.000000e+01
   -2.650000e+02  -5.000000e+00  -5.000000e+01
   -2.650000e+02   0.000000e+00  -5.000000e+01
   -2.650000e+02   5.000000e+00  -5.000000e+01
   -2.600000e+02  -5.000000e+00  -5.000000e+01
   -2.600000e+02   0.000000e+00  -5.000000e+01
   -2.600000e+02   5.000000e+00  -5.000000e+01
   -2.550000e+02  -5.000000e+00  -5.000000e+01
   -2.550000e+02   0.000000e+00  -5.000000e+01
   -2.550000e+02   5.000000e+00  -5.000000e+01
   -2.950000e+02   5.000000e+00  -2.500000e+01
   -2.950000e+02   0.000000e+00  -2.500000e+01
   -2.950000e+02  -5.000000e+00  -2.500000e+01
   -2.950000e+02   5.000000e+00  -2.000000e+01
   -2.950000e+02   0.000000e+00  -2.000000e+01
   -2.950000e+02  -5.000000e+00  -2.000000e+01
   -2.950000e+02   5.000000e+00  -1.500000e+01
   -2.950000e+02   0.000000e+00  -1.500000e+01
   -2.950000e+02  -5.000000e+00  -1.500000e+01
   -2.950000e+02   5.000000e+00  -1.000000e+01
   -2.950000e+02   0.000000e+00  -1.000000e+01
   -2.950000e+02  -5.000000e+00  -1.000000e+01
   -2.950000e+02   5.000000e+00  -5.000000e+00
   -2.950000e+02   0.000000e+00  -5.000000e+00
   -2.950000e+02  -5.000000e+00  -5.000000e+00
   -2.900000e+02   5.000000e+00  -2.500000e+01
   -2.900000e+02   0.000000e+00  -2.500000e+01
   -2.900000e+02  -5.000000e+00  -2.500000e+01
   -2.900000e+02   5.000000e+00  -2.000000e+01
   -2.900000e+02   0.000000e+00  -2.000000e+01
   -2.900000e+02  -5.000000e+00  -2.000000e+01
   -2.900000e+02   5.000000e+00  -1.500000e+01
   -2.900000e+02   0.000000e+00  -1.500000e+01
   -2.900000e+02  -5.000000e+00  -1.500000e+01
   -2.900000e+02   5.000000e+00  -1.000000e+01
   -2.900000e+02   0.000000e+00  -1.000000e+01
   -2.900000e+02  -5.000000e+00  -1.000000e+01
   -2.900000e+02   5.000000e+00  -5.000000e+00
   -2.900000e+02   0.000000e+00  -5.000000e+00
   -2.900000e+02  -5.000000e+00  -5.000000e+00
   -2.850000e+02   5.000000e+00  -2.500000e+01
   -2.850000e+02   0.000000e+00  -2.500000e+01
   -2.850000e+02  -5.000000e+00  -2.500000e+01
   -2.850000e+02   5.000000e+00  -2.000000e+01
   -2.850000e+02   0.000000e+00  -2.000000e+01
   -2.850000e+02  -5.000000e+00  -2.000000e+01
   -2.850000e+02   5.000000e+00  -1.500000e+01
   -2.850000e+02   0.000000e+00  -1.500000e+01
   -2.850000e+02  -5.000000e+00  -1.500000e+01
   -2.850000e+02   5.000000e+00  -1.000000e+01
   -2.850000e+02   0.000000e+00  -1.000000e+01
   -2.850000e+02  -5.000000e+00  -1.000000e+01
   -2.850000e+02   5.000000e+00  -5.000000e+00
   -2.850000e+02   0.000000e+00  -5.000000e+00
   -2.850000e+02  -5.000000e+00  -5.000000e+00
   -2.800000e+02   5.000000e+00  -2.500000e+01
   -2.800000e+02   0.000000e+00  -2.500000e+01
   -2.800000e+02  -5.000000e+00  -2.500000e+01
   -2.800000e+02   5.000000e+00  -2.000000e+01
   -2.800000e+02   0.000000e+00  -2.000000e+01
   -2.800000e+02  -5.000000e+00  -2.000000e+01
   -2.800000e+02   5.000000e+00  -1.500000e+01
   -2.800000e+02   0.000000e+00  -1.500000e+01
   -2.800000e+02  -5.000000e+00  -1.500000e+01
   -2.800000e+02   5.000000e+00  -1.000000e+01
   -2.800000e+02   0.000000e+00  -1.000000e+01
   -2.800000e+02  -5.000000e+00  -1.000000e+01
   -2.800000e+02   5.000000e+00  -5.000000e+00
   -2.800000e+02   0.000000e+00  -5.000000e+00
   -2.800000e+02  -5.000000e+00  -5.000000e+00
   -2.750000e+02   5.000000e+00  -2.500000e+01
   -2.750000e+02   0.000000e+00  -2.500000e+01
   -2.750000e+02  -5.000000e+00  -2.500000e+01
   -2.750000e+02   5.000000e+00  -2.000000e+01
   -2.750000e+02   0.000000e+00  -2.000000e+01
   -2.750000e+02  -5.000000e+00  -2.000000e+01
   -2.750000e+02   5.000000e+00  -1.500000e+01
   -2.750000e+02   0.000000e+00  -1.500000e+01
   -2.750000e+02  -5.000000e+00  -1.500000e+01
   -2.750000e+02   5.000000e+00  -1.000000e+01
   -2.750000e+02   0.000000e+00  -1.000000e+01
   -2.750000e+02  -5.000000e+00  -1.000000e+01
   -2.750000e+02   5.000000e+00  -5.000000e+00
   -2.750000e+02   0.000000e+00  -5.000000e+00
   -2.750000e+02  -5.000000e+00  -5.000000e+00
   -2.700000e+02   5.000000e+00  -2.500000e+01
   -2.700000e+02   0.000000e+00  -2.500000e+01
   -2.700000e+02  -5.000000e+00  -2.500000e+01
   -2.700000e+02   5.000000e+00  -2.000000e+01
   -2.700000e+02   0.000000e+00  -2.000000e+01
   -2.700000e+02  -5.000000e+00  -2.000000e+01
   -2.700000e+02   5.000000e+00  -1.500000e+01
   -2.700000e+02   0.000000e+00  -1.500000e+01
   -2.700000e+02  -5.000000e+00  -1.500000e+01
   -2.700000e+02   5.000000e+00  -1.000000e+01
   -2.700000e+02   0.000000e+00  -1.000000e+01
   -2.700000e+02  -5.000000e+00  -1.000000e+01
   -2.700000e+02   5.000000e+00  -5.000000e+00
   -2.700000e+02   0.000000e+00  -5.000000e+00
   -2.700000e+02  -5.000000e+00  -5.000000e+00
   -2.650000e+02   5.000000e+00  -2.500000e+01
   -2.650000e+02   0.000000e+00  -2.500000e+01
   -2.650000e+02  -5.000000e+00  -2.500000e+01
   -2.650000e+02   5.000000e+00  -2.000000e+01
   -2.650000e+02   0.000000e+00  -2.000000e+01
   -2.650000e+02  -5.000000e+00  -2.000000e+01
   -2.650000e+02   5.000000e+00  -1.500000e+01
   -2.650000e+02   0.000000e+00  -1.500000e+01
   -2.650000e+02  -5.000000e+00  -1.500000e+01
   -2.650000e+02   5.000000e+00  -1.000000e+01
   -2.650000e+02   0.000000e+00  -1.000000e+01
   -2.650000e+02  -5.000000e+00  -1.000000e+01
   -2.650000e+02   5.000000e+00  -5.000000e+00
   -2.650000e+02   0.000000e+00  -5.000000e+00
   -2.650000e+02  -5.000000e+00  -5.000000e+00
   -2.600000e+02   5.000000e+00  -2.500000e+01
   -2.600000e+02   0.000000e+00  -2.500000e+01
   -2.600000e+02  -5.000000e+00  -2.500000e+01
   -2.600000e+02   5.000000e+00  -2.000000e+01
   -2.600000e+02   0.000000e+00  -2.000000e+01
   -2.600000e+02  -5.000000e+00  -2.000000e+01
   -2.600000e+02   5.000000e+00  -1.500000e+01
   -2.600000e+02   0.000000e+00  -1.500000e+01
   -2.600000e+02  -5.000000e+00  -1.500000e+01
   -2.600000e+02   5.000000e+00  -1.000000e+01
   -2.600000e+02   0.000000e+00  -1.000000e+01
   -2.600000e+02  -5.000000e+00  -1.000000e+01
   -2.600000e+02   5.000000e+00  -5.000000e+00
   -2.600000e+02   0.000000e+00  -5.000000e+00
   -2.600000e+02  -5.000000e+00  -5.000000e+00
   -2.550000e+02   5.000000e+00  -2.500000e+01
   -2.550000e+02   0.000000e+00  -2.500000e+01
   -2.550000e+02  -5.000000e+00  -2.500000e+01
   -2.550000e+02   5.000000e+00  -2.000000e+01
   -2.550000e+02   0.000000e+00  -2.000000e+01
   -2.550000e+02  -5.000000e+00  -2.000000e+01
   -2.550000e+02   5.000000e+00  -1.500000e+01
   -2.550000e+02   0.000000e+00  -1.500000e+01
   -2.550000e+02  -5.000000e+00  -1.500000e+01
   -2.550000e+02   5.000000e+00  -1.000000e+01
   -2.550000e+02   0.000000e+00  -1.000000e+01
   -2.550000e+02  -5.000000e+00  -1.000000e+01
   -2.550000e+02   5.000000e+00  -5.000000e+00
   -2.550000e+02   0.000000e+00  -5.000000e+00
   -2.550000e+02  -5.000000e+00  -5.000000e+00
   -2.950000e+02  -5.000000e+00  -3.500000e+01
   -2.950000e+02   0.000000e+00  -3.500000e+01
   -2.950000e+02   5.000000e+00  -3.500000e+01
   -2.950000e+02  -5.000000e+00  -4.000000e+01
   -2.950000e+02   0.000000e+00  -4.000000e+01
   -2.950000e+02   5.000000e+00  -4.000000e+01
   -2.950000e+02  -5.000000e+00  -4.500000e+01
   -2.950000e+02   0.000000e+00  -4.500000e+01
   -2.950000e+02   5.000000e+00  -4.500000e+01
   -2.900000e+02  -5.000000e+00  -3.500000e+01
   -2.900000e+02   0.000000e+00  -3.500000e+01
   -2.900000e+02   5.000000e+00  -3.500000e+01
   -2.900000e+02  -5.000000e+00  -4.000000e+01
   -2.900000e+02   0.000000e+00  -4.000000e+01
   -2.900000e+02   5.000000e+00  -4.000000e+01
   -2.900000e+02  -5.000000e+00  -4.500000e+01
   -2.900000e+02   0.000000e+00  -4.500000e+01
   -2.900000e+02   5.000000e+00  -4.500000e+01
   -2.850000e+02  -5.000000e+00  -3.500000e+01
   -2.850000e+02   0.000000e+00  -3.500000e+01
   -2.850000e+02   5.000000e+00  -3.500000e+01
   -2.850000e+02  -5.000000e+00  -4.000000e+01
   -2.850000e+02   0.000000e+00  -4.000000e+01
   -2.850000e+02   5.000000e+00  -4.000000e+01
   -2.850000e+02  -5.000000e+00  -4.500000e+01
   -2.850000e+02   0.000000e+00  -4.500000e+01
   -2.850000e+02   5.000000e+00  -4.500000e+01
   -2.800000e+02  -5.000000e+00  -3.500000e+01
   -2.800000e+02   0.000000e+00  -3.500000e+01
   -2.800000e+02   5.000000e+00  -3.500000e+01
   -2.800000e+02  -5.000000e+00  -4.000000e+01
   -2.800000e+02   0.000000e+00  -4.000000e+01
   -2.800000e+02   5.000000e+00  -4.000000e+01
   -2.800000e+02  -5.000000e+00  -4.500000e+01
   -2.800000e+02   0.000000e+00  -4.500000e+01
   -2.800000e+02   5.000000e+00  -4.500000e+01
   -2.750000e+02  -5.000000e+00  -3.500000e+01
   -2.750000e+02   0.000000e+00  -3.500000e+01
   -2.750000e+02   5.000000e+00  -3.500000e+01
   -2.750000e+02  -5.000000e+00  -4.000000e+01
   -2.750000e+02   0.000000e+00  -4.000000e+01
   -2.750000e+02   5.000000e+00  -4.000000e+01
   -2.750000e+02  -5.000000e+00  -4.500000e+01
   -2.750000e+02   0.000000e+00  -4.500000e+01
   -2.750000e+02   5.000000e+00  -4.500000e+01
   -2.700000e+02  -5.000000e+00  -3.500000e+01
   -2.700000e+02   0.000000e+00  -3.500000e+01
   -2.700000e+02   5.000000e+00  -3.500000e+01
   -2.700000e+02  -5.000000e+00  -4.000000e+01
   -2.700000e+02   0.000000e+00  -4.000000e+01
   -2.700000e+02   5.000000e+00  -4.000000e+01
   -2.700000e+02  -5.000000e+00  -4.500000e+01
   -2.700000e+02   0.000000e+00  -4.500000e+01
   -2.700000e+02   5.000000e+00  -4.500000e+01
   -2.650000e+02  -5.000000e+00  -3.500000e+01
   -2.650000e+02   0.000000e+00  -3.500000e+01
   -2.650000e+02   5.000000e+00  -3.500000e+01
   -2.650000e+02  -5.000000e+00  -4.000000e+01
   -2.650000e+02   0.000000e+00  -4.000000e+01
   -2.650000e+02   5.000000e+00  -4.000000e+01
   -2.650000e+02  -5.000000e+00  -4.500000e+01
   -2.650000e+02   0.000000e+00  -4.500000e+01
   -2.650000e+02   5.000000e+00  -4.500000e+01
   -2.600000e+02  -5.000000e+00  -3.500000e+01
   -2.600000e+02   0.000000e+00  -3.500000e+01
   -2.600000e+02   5.000000e+00  -3.500000e+01
   -2.600000e+02  -5.000000e+00  -4.000000e+01
   -2.600000e+02   0.000000e+00  -4.000000e+01
   -2.600000e+02   5.000000e+00  -4.000000e+01
   -2.600000e+02  -5.000000e+00  -4.500000e+01
   -2.600000e+02   0.000000e+00  -4.500000e+01
   -2.600000e+02   5.000000e+00  -4.500000e+01
   -2.550000e+02  -5.000000e+00  -3.500000e+01
   -2.550000e+02   0.000000e+00  -3.500000e+01
   -2.550000e+02   5.000000e+00  -3.500000e+01
   -2.550000e+02  -5.000000e+00  -4.000000e+01
   -2.550000e+02   0.000000e+00  -4.000000e+01
   -2.550000e+02   5.000000e+00  -4.000000e+01
   -2.550000e+02  -5.000000e+00  -4.500000e+01
   -2.550000e+02   0.000000e+00  -4.500000e+01
   -2.550000e+02   5.000000e+00  -4.500000e+01
    2.500000e+02   1.000000e+01  -3.000000e+01
    2.500000e+02  -1.000000e+01  -3.000000e+01
    2.500000e+02  -1.000000e+01   0.000000e+00
    2.500000e+02   1.000000e+01   0.000000e+00
    3.000000e+02  -1.000000e+01  -3.000000e+01
    3.000000e+02  -1.000000e+01   0.000000e+00
    3.000000e+02   1.000000e+01   0.000000e+00
    3.000000e+02   1.000000e+01  -3.000000e+01
    2.500000e+02   1.000000e+01  -5.000000e+01
    2.500000e+02  -1.000000e+01  -5.000000e+01
    3.000000e+02   1.000000e+01  -5.000000e+01
    3.000000e+02  -1.000000e+01  -5.000000e+01
    2.500000e+02   5.000000e+00  -3.000000e+01
    2.500000e+02   0.000000e+00  -3.000000e+01
    2.500000e+02  -5.000000e+00  -3.000000e+01
    2.500000e+02  -1.000000e+01  -2.500000e+01
    2.500000e+02  -1.000000e+01  -2.000000e+01
    2.500000e+02  -1.000000e+01  -1.500000e+01
    2.500000e+02  -1.000000e+01  -1.000000e+01
    2.500000e+02  -1.000000e+01  -5.000000e+00
    2.500000e+02  -5.000000e+00   0.000000e+00
    2.500000e+02   0.000000e+00   0.000000e+00
    2.500000e+02   5.000000e+00   0.000000e+00
    2.500000e+02   1.000000e+01  -5.000000e+00
    2.500000e+02   1.000000e+01  -1.000000e+01
    2.500000e+02   1.000000e+01  -1.500000e+01
    2.500000e+02   1.000000e+01  -2.000000e+01
    2.500000e+02   1.000000e+01  -2.500000e+01
    3.000000e+02  -5.000000e+00  -3.000000e+01
    3.000000e+02   0.000000e+00  -3.000000e+01
    3.000000e+02   5.000000e+00  -3.000000e+01
    3.000000e+02  -1.000000e+01  -5.000000e+00
    3.000000e+02  -1.000000e+01  -1.000000e+01
    3.000000e+02  -1.000000e+01  -1.500000e+01
    3.000000e+02  -1.000000e+01  -2.000000e+01
    3.000000e+02  -1.000000e+01  -2.500000e+01
    3.000000e+02   5.000000e+00   0.000000e+00
    3.000000e+02   0.000000e+00   0.000000e+00
    3.000000e+02  -5.000000e+00   0.000000e+00
    3.000000e+02   1.000000e+01  -2.500000e+01
    3.000000e+02   1.000000e+01  -2.000000e+01
    3.000000e+02   1.000000e+01  -1.500000e+01
    3.000000e+02   1.000000e+01  -1.000000e+01
    3.000000e+02   1.000000e+01  -5.000000e+00
    2.550000e+02   1.000000e+01   0.000000e+00
    2.600000e+02   1.000000e+01   0.000000e+00
    2.650000e+02   1.000000e+01   0.000000e+00
    2.700000e+02   1.000000e+01   0.000000e+00
    2.750000e+02   1.000000e+01   0.000000e+00
    2.800000e+02   1.000000e+01   0.000000e+00
    2.850000e+02   1.000000e+01   0.000000e+00
    2.900000e+02   1.000000e+01   0.000000e+00
    2.950000e+02   1.000000e+01   0.000000e+00
    2.950000e+02   1.000000e+01  -3.000000e+01
    2.900000e+02   1.000000e+01  -3.000000e+01
    2.850000e+02   1.000000e+01  -3.000000e+01
    2.800000e+02   1.000000e+01  -3.000000e+01
    2.750000e+02   1.000000e+01  -3.000000e+01
    2.700000e+02   1.000000e+01  -3.000000e+01
    2.650000e+02   1.000000e+01  -3.000000e+01
    2.600000e+02   1.000000e+01  -3.000000e+01
    2.550000e+02   1.000000e+01  -3.000000e+01
    2.950000e+02  -1.000000e+01   0.000000e+00
    2.900000e+02  -1.000000e+01   0.000000e+00
    2.850000e+02  -1.000000e+01   0.000000e+00
    2.800000e+02  -1.000000e+01   0.000000e+00
    2.750000e+02  -1.000000e+01   0.000000e+00
    2.700000e+02  -1.000000e+01   0.000000e+00
    2.650000e+02  -1.000000e+01   0.000000e+00
    2.600000e+02  -1.000000e+01   0.000000e+00
    2.550000e+02  -1.000000e+01   0.000000e+00
    2.550000e+02  -1.000000e+01  -3.000000e+01
    2.600000e+02  -1.000000e+01  -3.000000e+01
    2.650000e+02  -1.000000e+01  -3.000000e+01
    2.700000e+02  -1.000000e+01  -3.000000e+01
    2.750000e+02  -1.000000e+01  -3.000000e+01
    2.800000e+02  -1.000000e+01  -3.000000e+01
    2.850000e+02  -1.000000e+01  -3.000000e+01
    2.900000e+02  -1.000000e+01  -3.000000e+01
    2.950000e+02  -1.000000e+01  -3.000000e+01
    2.500000e+02   1.000000e+01  -3.500000e+01
    2.500000e+02   1.000000e+01  -4.000000e+01
    2.500000e+02   1.000000e+01  -4.500000e+01
    2.500000e+02   5.000000e+00  -5.000000e+01
    2.500000e+02   0.000000e+00  -5.000000e+01
    2.500000e+02  -5.000000e+00  -5.000000e+01
    2.500000e+02  -1.000000e+01  -4.500000e+01
    2.500000e+02  -1.000000e+01  -4.000000e+01
    2.500000e+02  -1.000000e+01  -3.500000e+01
    3.000000e+02   1.000000e+01  -4.500000e+01
    3.000000e+02   1.000000e+01  -4.000000e+01
    3.000000e+02   1.000000e+01  -3.500000e+01
    3.000000e+02  -5.000000e+00  -5.000000e+01
    3.000000e+02   0.000000e+00  -5.000000e+01
    3.000000e+02   5.000000e+00  -5.000000e+01
    3.000000e+02  -1.000000e+01  -3.500000e+01
    3.000000e+02  -1.000000e+01  -4.000000e+01
    3.000000e+02  -1.000000e+01  -4.500000e+01
    2.550000e+02  -1.000000e+01  -5.000000e+01
    2.600000e+02  -1.000000e+01  -5.000000e+01
    2.650000e+02  -1.000000e+01  -5.000000e+01
    2.700000e+02  -1.000000e+01  -5.000000e+01
    2.750000e+02  -1.000000e+01  -5.000000e+01
    2.800000e+02  -1.000000e+01  -5.000000e+01
    2.850000e+02  -1.000000e+01  -5.000000e+01
    2.900000e+02  -1.000000e+01  -5.000000e+01
    2.950000e+02  -1.000000e+01  -5.000000e+01
    2.950000e+02   1.000000e+01  -5.000000e+01
    2.900000e+02   1.000000e+01  -5.000000e+01
    2.850000e+02   1.000000e+01  -5.000000e+01
    2.800000e+02   1.000000e+01  -5.000000e+01
    2.750000e+02   1.000000e+01  -5.000000e+01
    2.700000e+02   1.000000e+01  -5.000000e+01
    2.650000e+02   1.000000e+01  -5.000000e+01
    2.600000e+02   1.000000e+01  -5.000000e+01
    2.550000e+02   1.000000e+01  -5.000000e+01
    2.500000e+02   5.000000e+00  -2.500000e+01
    2.500000e+02   0.000000e+00  -2.500000e+01
    2.500000e+02  -5.000000e+00  -2.500000e+01
    2.500000e+02   5.000000e+00  -2.000000e+01
    2.500000e+02   0.000000e+00  -2.000000e+01
    2.500000e+02  -5.000000e+00  -2.000000e+01
    2.500000e+02   5.000000e+00  -1.500000e+01
    2.500000e+02   0.000000e+00  -1.500000e+01
    2.500000e+02  -5.000000e+00  -1.500000e+01
    2.500000e+02   5.000000e+00  -1.000000e+01
    2.500000e+02   0.000000e+00  -1.000000e+01
    2.500000e+02  -5.000000e+00  -1.000000e+01
    2.500000e+02   5.000000e+00  -5.000000e+00
    2.500000e+02   0.000000e+00  -5.000000e+00
    2.500000e+02  -5.000000e+00  -5.000000e+00
    3.000000e+02   5.000000e+00  -2.500000e+01
    3.000000e+02   0.000000e+00  -2.500000e+01
    3.000000e+02  -5.000000e+00  -2.500000e+01
    3.000000e+02   5.000000e+00  -2.000000e+01
    3.000000e+02   0.000000e+00  -2.000000e+01
    3.000000e+02  -5.000000e+00  -2.000000e+01
    3.000000e+02   5.000000e+00  -1.500000e+01
    3.000000e+02   0.000000e+00  -1.500000e+01
    3.000000e+02  -5.000000e+00  -1.500000e+01
    3.000000e+02   5.000000e+00  -1.000000e+01
    3.000000e+02   0.000000e+00  -1.000000e+01
    3.000000e+02  -5.000000e+00  -1.000000e+01
    3.000000e+02   5.000000e+00  -5.000000e+00
    3.000000e+02   0.000000e+00  -5.000000e+00
    3.000000e+02  -5.000000e+00  -5.000000e+00
    2.550000e+02   1.000000e+01  -2.500000e+01
    2.550000e+02   1.000000e+01  -2.000000e+01
    2.550000e+02   1.000000e+01  -1.500000e+01
    2.550000e+02   1.000000e+01  -1.000000e+01
    2.550000e+02   1.000000e+01  -5.000000e+00
    2.600000e+02   1.000000e+01  -2.500000e+01
    2.600000e+02   1.000000e+01  -2.000000e+01
    2.600000e+02   1.000000e+01  -1.500000e+01
    2.600000e+02   1.000000e+01  -1.000000e+01
    2.600000e+02   1.000000e+01  -5.000000e+00
    2.650000e+02   1.000000e+01  -2.500000e+01
    2.650000e+02   1.000000e+01  -2.000000e+01
    2.650000e+02   1.000000e+01  -1.500000e+01
    2.650000e+02   1.000000e+01  -1.000000e+01
    2.650000e+02   1.000000e+01  -5.000000e+00
    2.700000e+02   1.000000e+01  -2.500000e+01
    2.700000e+02   1.000000e+01  -2.000000e+01
    2.700000e+02   1.000000e+01  -1.500000e+01
    2.700000e+02   1.000000e+01  -1.000000e+01
    2.700000e+02   1.000000e+01  -5.000000e+00
    2.750000e+02   1.000000e+01  -2.500000e+01
    2.750000e+02   1.000000e+01  -2.000000e+01
    2.750000e+02   1.000000e+01  -1.500000e+01
    2.750000e+02   1.000000e+01  -1.000000e+01
    2.750000e+02   1.000000e+01  -5.000000e+00
    2.800000e+02   1.000000e+01  -2.500000e+01
    2.800000e+02   1.000000e+01  -2.000000e+01
    2.800000e+02   1.000000e+01  -1.500000e+01
    2.800000e+02   1.000000e+01  -1.000000e+01
    2.800000e+02   1.000000e+01  -5.000000e+00
    2.850000e+02   1.000000e+01  -2.500000e+01
    2.850000e+02   1.000000e+01  -2.000000e+01
    2.850000e+02   1.000000e+01  -1.500000e+01
    2.850000e+02   1.000000e+01  -1.000000e+01
    2.850000e+02   1.000000e+01  -5.000000e+00
    2.900000e+02   1.000000e+01  -2.500000e+01
    2.900000e+02   1.000000e+01  -2.000000e+01
    2.900000e+02   1.000000e+01  -1.500000e+01
    2.900000e+02   1.000000e+01  -1.000000e+01
    2.900000e+02   1.000000e+01  -5.000000e+00
    2.950000e+02   1.000000e+01  -2.500000e+01
    2.950000e+02   1.000000e+01  -2.000000e+01
    2.950000e+02   1.000000e+01  -1.500000e+01
    2.950000e+02   1.000000e+01  -1.000000e+01
    2.950000e+02   1.000000e+01  -5.000000e+00
    2.550000e+02  -1.000000e+01  -2.500000e+01
    2.550000e+02  -1.000000e+01  -2.000000e+01
    2.550000e+02  -1.000000e+01  -1.500000e+01
    2.550000e+02  -1.000000e+01  -1.000000e+01
    2.550000e+02  -1.000000e+01  -5.000000e+00
    2.600000e+02  -1.000000e+01  -2.500000e+01
    2.600000e+02  -1.000000e+01  -2.000000e+01
    2.600000e+02  -1.000000e+01  -1.500000e+01
    2.600000e+02  -1.000000e+01  -1.000000e+01
    2.600000e+02  -1.000000e+01  -5.000000e+00
    2.650000e+02  -1.000000e+01  -2.500000e+01
    2.650000e+02  -1.000000e+01  -2.000000e+01
    2.650000e+02  -1.000000e+01  -1.500000e+01
    2.650000e+02  -1.000000e+01  -1.000000e+01
    2.650000e+02  -1.000000e+01  -5.000000e+00
    2.700000e+02  -1.000000e+01  -2.500000e+01
    2.700000e+02  -1.000000e+01  -2.000000e+01
    2.700000e+02  -1.000000e+01  -1.500000e+01
    2.700000e+02  -1.000000e+01  -1.000000e+01
    2.700000e+02  -1.000000e+01  -5.000000e+00
    2.750000e+02  -1.000000e+01  -2.500000e+01
    2.750000e+02  -1.000000e+01  -2.000000e+01
    2.750000e+02  -1.000000e+01  -1.500000e+01
    2.750000e+02  -1.000000e+01  -1.000000e+01
    2.750000e+02  -1.000000e+01  -5.000000e+00
    2.800000e+02  -1.000000e+01  -2.500000e+01
    2.800000e+02  -1.000000e+01  -2.000000e+01
    2.800000e+02  -1.000000e+01  -1.500000e+01
    2.800000e+02  -1.000000e+01  -1.000000e+01
    2.800000e+02  -1.000000e+01  -5.000000e+00
    2.850000e+02  -1.000000e+01  -2.500000e+01
    2.850000e+02  -1.000000e+01  -2.000000e+01
    2.850000e+02  -1.000000e+01  -1.500000e+01
    2.850000e+02  -1.000000e+01  -1.000000e+01
    2.850000e+02  -1.000000e+01  -5.000000e+00
    2.900000e+02  -1.000000e+01  -2.500000e+01
    2.900000e+02  -1.000000e+01  -2.000000e+01
    2.900000e+02  -1.000000e+01  -1.500000e+01
    2.900000e+02  -1.000000e+01  -1.000000e+01
    2.900000e+02  -1.000000e+01  -5.000000e+00
    2.950000e+02  -1.000000e+01  -2.500000e+01
    2.950000e+02  -1.000000e+01  -2.000000e+01
    2.950000e+02  -1.000000e+01  -1.500000e+01
    2.950000e+02  -1.000000e+01  -1.000000e+01
    2.950000e+02  -1.000000e+01  -5.000000e+00
    2.550000e+02   5.000000e+00  -3.000000e+01
    2.550000e+02   0.000000e+00  -3.000000e+01
    2.550000e+02  -5.000000e+00  -3.000000e+01
    2.600000e+02   5.000000e+00  -3.000000e+01
    2.600000e+02   0.000000e+00  -3.000000e+01
    2.600000e+02  -5.000000e+00  -3.000000e+01
    2.650000e+02   5.000000e+00  -3.000000e+01
    2.650000e+02   0.000000e+00  -3.000000e+01
    2.650000e+02  -5.000000e+00  -3.000000e+01
    2.700000e+02   5.000000e+00  -3.000000e+01
    2.700000e+02   0.000000e+00  -3.000000e+01
    2.700000e+02  -5.000000e+00  -3.000000e+01
    2.750000e+02   5.000000e+00  -3.000000e+01
    2.750000e+02   0.000000e+00  -3.000000e+01
    2.750000e+02  -5.000000e+00  -3.000000e+01
    2.800000e+02   5.000000e+00  -3.000000e+01
    2.800000e+02   0.000000e+00  -3.000000e+01
    2.800000e+02  -5.000000e+00  -3.000000e+01
    2.850000e+02   5.000000e+00  -3.000000e+01
    2.850000e+02   0.000000e+00  -3.000000e+01
    2.850000e+02  -5.000000e+00  -3.000000e+01
    2.900000e+02   5.000000e+00  -3.000000e+01
    2.900000e+02   0.000000e+00  -3.000000e+01
    2.900000e+02  -5.000000e+00  -3.000000e+01
    2.950000e+02   5.000000e+00  -3.000000e+01
    2.950000e+02   0.000000e+00  -3.000000e+01
    2.950000e+02  -5.000000e+00  -3.000000e+01
    2.550000e+02   5.000000e+00   0.000000e+00
    2.550000e+02   0.000000e+00   0.000000e+00
    2.550000e+02  -5.000000e+00   0.000000e+00
    2.600000e+02   5.000000e+00   0.000000e+00
    2.600000e+02   0.000000e+00   0.000000e+00
    2.600000e+02  -5.000000e+00   0.000000e+00
    2.650000e+02   5.000000e+00   0.000000e+00
    2.650000e+02   0.000000e+00   0.000000e+00
    2.650000e+02  -5.000000e+00   0.000000e+00
    2.700000e+02   5.000000e+00   0.000000e+00
    2.700000e+02   0.000000e+00   0.000000e+00
    2.700000e+02  -5.000000e+00   0.000000e+00
    2.750000e+02   5.000000e+00   0.000000e+00
    2.750000e+02   0.000000e+00   0.000000e+00
    2.750000e+02  -5.000000e+00   0.000000e+00
    2.800000e+02   5.000000e+00   0.000000e+00
    2.800000e+02   0.000000e+00   0.000000e+00
    2.800000e+02  -5.000000e+00   0.000000e+00
    2.850000e+02   5.000000e+00   0.000000e+00
    2.850000e+02   0.000000e+00   0.000000e+00
    2.850000e+02  -5.000000e+00   0.000000e+00
    2.900000e+02   5.000000e+00   0.000000e+00
    2.900000e+02   0.000000e+00   0.000000e+00
    2.900000e+02  -5.000000e+00   0.000000e+00
    2.950000e+02   5.000000e+00   0.000000e+00
    2.950000e+02   0.000000e+00   0.000000e+00
    2.950000e+02  -5.000000e+00   0.000000e+00
    2.500000e+02  -5.000000e+00  -3.500000e+01
    2.500000e+02   0.000000e+00  -3.500000e+01
    2.500000e+02   5.000000e+00  -3.500000e+01
    2.500000e+02  -5.000000e+00  -4.000000e+01
    2.500000e+02   0.000000e+00  -4.000000e+01
    2.500000e+02   5.000000e+00  -4.000000e+01
    2.500000e+02  -5.000000e+00  -4.500000e+01
    2.500000e+02   0.000000e+00  -4.500000e+01
    2.500000e+02   5.000000e+00  -4.500000e+01
    3.000000e+02  -5.000000e+00  -3.500000e+01
    3.000000e+02   0.000000e+00  -3.500000e+01
    3.000000e+02   5.000000e+00  -3.500000e+01
    3.000000e+02  -5.000000e+00  -4.000000e+01
    3.000000e+02   0.000000e+00  -4.000000e+01
    3.000000e+02   5.000000e+00  -4.000000e+01
    3.000000e+02  -5.000000e+00  -4.500000e+01
    3.000000e+02   0.000000e+00  -4.500000e+01
    3.000000e+02   5.000000e+00  -4.500000e+01
    2.550000e+02  -1.000000e+01  -3.500000e+01
    2.550000e+02  -1.000000e+01  -4.000000e+01
    2.550000e+02  -1.000000e+01  -4.500000e+01
    2.600000e+02  -1.000000e+01  -3.500000e+01
    2.600000e+02  -1.000000e+01  -4.000000e+01
    2.600000e+02  -1.000000e+01  -4.500000e+01
    2.650000e+02  -1.000000e+01  -3.500000e+01
    2.650000e+02  -1.000000e+01  -4.000000e+01
    2.650000e+02  -1.000000e+01  -4.500000e+01
    2.700000e+02  -1.000000e+01  -3.500000e+01
    2.700000e+02  -1.000000e+01  -4.000000e+01
    2.700000e+02  -1.000000e+01  -4.500000e+01
    2.750000e+02  -1.000000e+01  -3.500000e+01
    2.750000e+02  -1.000000e+01  -4.000000e+01
    2.750000e+02  -1.000000e+01  -4.500000e+01
    2.800000e+02  -1.000000e+01  -3.500000e+01
    2.800000e+02  -1.000000e+01  -4.000000e+01
    2.800000e+02  -1.000000e+01  -4.500000e+01
    2.850000e+02  -1.000000e+01  -3.500000e+01
    2.850000e+02  -1.000000e+01  -4.000000e+01
    2.850000e+02  -1.000000e+01  -4.500000e+01
    2.900000e+02  -1.000000e+01  -3.500000e+01
    2.900000e+02  -1.000000e+01  -4.000000e+01
    2.900000e+02  -1.000000e+01  -4.500000e+01
    2.950000e+02  -1.000000e+01  -3.500000e+01
    2.950000e+02  -1.000000e+01  -4.000000e+01
    2.950000e+02  -1.000000e+01  -4.500000e+01
    2.550000e+02   1.000000e+01  -3.500000e+01
    2.550000e+02   1.000000e+01  -4.000000e+01
    2.550000e+02   1.000000e+01  -4.500000e+01
    2.600000e+02   1.000000e+01  -3.500000e+01
    2.600000e+02   1.000000e+01  -4.000000e+01
    2.600000e+02   1.000000e+01  -4.500000e+01
    2.650000e+02   1.000000e+01  -3.500000e+01
    2.650000e+02   1.000000e+01  -4.000000e+01
    2.650000e+02   1.000000e+01  -4.500000e+01
    2.700000e+02   1.000000e+01  -3.500000e+01
    2.700000e+02   1.000000e+01  -4.000000e+01
    2.700000e+02   1.000000e+01  -4.500000e+01
    2.750000e+02   1.000000e+01  -3.500000e+01
    2.750000e+02   1.000000e+01  -4.000000e+01
    2.750000e+02   1.000000e+01  -4.500000e+01
    2.800000e+02   1.000000e+01  -3.500000e+01
    2.800000e+02   1.000000e+01  -4.000000e+01
    2.800000e+02   1.000000e+01  -4.500000e+01
    2.850000e+02   1.000000e+01  -3.500000e+01
    2.850000e+02   1.000000e+01  -4.000000e+01
    2.850000e+02   1.000000e+01  -4.500000e+01
    2.900000e+02   1.000000e+01  -3.500000e+01
    2.900000e+02   1.000000e+01  -4.000000e+01
    2.900000e+02   1.000000e+01  -4.500000e+01
    2.950000e+02   1.000000e+01  -3.500000e+01
    2.950000e+02   1.000000e+01  -4.000000e+01
    2.950000e+02   1.000000e+01  -4.500000e+01
    2.550000e+02  -5.000000e+00  -5.000000e+01
    2.550000e+02   0.000000e+00  -5.000000e+01
    2.550000e+02   5.000000e+00  -5.000000e+01
    2.600000e+02  -5.000000e+00  -5.000000e+01
    2.600000e+02   0.000000e+00  -5.000000e+01
    2.600000e+02   5.000000e+00  -5.000000e+01
    2.650000e+02  -5.000000e+00  -5.000000e+01
    2.650000e+02   0.000000e+00  -5.000000e+01
    2.650000e+02   5.000000e+00  -5.000000e+01
    2.700000e+02  -5.000000e+00  -5.000000e+01
    2.700000e+02   0.000000e+00  -5.000000e+01
    2.700000e+02   5.000000e+00  -5.000000e+01
    2.750000e+02  -5.000000e+00  -5.000000e+01
    2.750000e+02   0.000000e+00  -5.000000e+01
    2.750000e+02   5.000000e+00  -5.000000e+01
    2.800000e+02  -5.000000e+00  -5.000000e+01
    2.800000e+02   0.000000e+00  -5.000000e+01
    2.800000e+02   5.000000e+00  -5.000000e+01
    2.850000e+02  -5.000000e+00  -5.000000e+01
    2.850000e+02   0.000000e+00  -5.000000e+01
    2.850000e+02   5.000000e+00  -5.000000e+01
    2.900000e+02  -5.000000e+00  -5.000000e+01
    2.900000e+02   0.000000e+00  -5.000000e+01
    2.900000e+02   5.000000e+00  -5.000000e+01
    2.950000e+02  -5.000000e+00  -5.000000e+01
    2.950000e+02   0.000000e+00  -5.000000e+01
    2.950000e+02   5.000000e+00  -5.000000e+01
    2.550000e+02   5.000000e+00  -2.500000e+01
    2.550000e+02   0.000000e+00  -2.500000e+01
    2.550000e+02  -5.000000e+00  -2.500000e+01
    2.550000e+02   5.000000e+00  -2.000000e+01
    2.550000e+02   0.000000e+00  -2.000000e+01
    2.550000e+02  -5.000000e+00  -2.000000e+01
    2.550000e+02   5.000000e+00  -1.500000e+01
    2.550000e+02   0.000000e+00  -1.500000e+01
    2.550000e+02  -5.000000e+00  -1.500000e+01
    2.550000e+02   5.000000e+00  -1.000000e+01
    2.550000e+02   0.000000e+00  -1.000000e+01
    2.550000e+02  -5.000000e+00  -1.000000e+01
    2.550000e+02   5.000000e+00  -5.000000e+00
    2.550000e+02   0.000000e+00  -5.000000e+00
    2.550000e+02  -5.000000e+00  -5.000000e+00
    2.600000e+02   5.000000e+00  -2.500000e+01
    2.600000e+02   0.000000e+00  -2.500000e+01
    2.600000e+02  -5.000000e+00  -2.500000e+01
    2.600000e+02   5.000000e+00  -2.000000e+01
    2.600000e+02   0.000000e+00  -2.000000e+01
    2.600000e+02  -5.000000e+00  -2.000000e+01
    2.600000e+02   5.000000e+00  -1.500000e+01
    2.600000e+02   0.000000e+00  -1.500000e+01
    2.600000e+02  -5.000000e+00  -1.500000e+01
    2.600000e+02   5.000000e+00  -1.000000e+01
    2.600000e+02   0.000000e+00  -1.000000e+01
    2.600000e+02  -5.000000e+00  -1.000000e+01
    2.600000e+02   5.000000e+00  -5.000000e+00
    2.600000e+02   0.000000e+00  -5.000000e+00
    2.600000e+02  -5.000000e+00  -5.000000e+00
    2.650000e+02   5.000000e+00  -2.500000e+01
    2.650000e+02   0.000000e+00  -2.500000e+01
    2.650000e+02  -5.000000e+00  -2.500000e+01
    2.650000e+02   5.000000e+00  -2.000000e+01
    2.650000e+02   0.000000e+00  -2.000000e+01
    2.650000e+02  -5.000000e+00  -2.000000e+01
    2.650000e+02   5.000000e+00  -1.500000e+01
    2.650000e+02   0.000000e+00  -1.500000e+01
    2.650000e+02  -5.000000e+00  -1.500000e+01
    2.650000e+02   5.000000e+00  -1.000000e+01
    2.650000e+02   0.000000e+00  -1.000000e+01
    2.650000e+02  -5.000000e+00  -1.000000e+01
    2.650000e+02   5.000000e+00  -5.000000e+00
    2.650000e+02   0.000000e+00  -5.000000e+00
    2.650000e+02  -5.000000e+00  -5.000000e+00
    2.700000e+02   5.000000e+00  -2.500000e+01
    2.700000e+02   0.000000e+00  -2.500000e+01
    2.700000e+02  -5.000000e+00  -2.500000e+01
    2.700000e+02   5.000000e+00  -2.000000e+01
    2.700000e+02   0.000000e+00  -2.000000e+01
    2.700000e+02  -5.000000e+00  -2.000000e+01
    2.700000e+02   5.000000e+00  -1.500000e+01
    2.700000e+02   0.000000e+00  -1.500000e+01
    2.700000e+02  -5.000000e+00  -1.500000e+01
    2.700000e+02   5.000000e+00  -1.000000e+01
    2.700000e+02   0.000000e+00  -1.000000e+01
    2.700000e+02  -5.000000e+00  -1.000000e+01
    2.700000e+02   5.000000e+00  -5.000000e+00
    2.700000e+02   0.000000e+00  -5.000000e+00
    2.700000e+02  -5.000000e+00  -5.000000e+00
    2.750000e+02   5.000000e+00  -2.500000e+01
    2.750000e+02   0.000000e+00  -2.500000e+01
    2.750000e+02  -5.000000e+00  -2.500000e+01
    2.750000e+02   5.000000e+00  -2.000000e+01
    2.750000e+02   0.000000e+00  -2.000000e+01
    2.750000e+02  -5.000000e+00  -2.000000e+01
    2.750000e+02   5.000000e+00  -1.500000e+01
    2.750000e+02   0.000000e+00  -1.500000e+01
    2.750000e+02  -5.000000e+00  -1.500000e+01
    2.750000e+02   5.000000e+00  -1.000000e+01
    2.750000e+02   0.000000e+00  -1.000000e+01
    2.750000e+02  -5.000000e+00  -1.000000e+01
    2.750000e+02   5.000000e+00  -5.000000e+00
    2.750000e+02   0.000000e+00  -5.000000e+00
    2.750000e+02  -5.000000e+00  -5.000000e+00
    2.800000e+02   5.000000e+00  -2.500000e+01
    2.800000e+02   0.000000e+00  -2.500000e+01
    2.800000e+02  -5.000000e+00  -2.500000e+01
    2.800000e+02   5.000000e+00  -2.000000e+01
    2.800000e+02   0.000000e+00  -2.000000e+01
    2.800000e+02  -5.000000e+00  -2.000000e+01
    2.800000e+02   5.000000e+00  -1.500000e+01
    2.800000e+02   0.000000e+00  -1.500000e+01
    2.800000e+02  -5.000000e+00  -1.500000e+01
    2.800000e+02   5.000000e+00  -1.000000e+01
    2.800000e+02   0.000000e+00  -1.000000e+01
    2.800000e+02  -5.000000e+00  -1.000000e+01
    2.800000e+02   5.000000e+00  -5.000000e+00
    2.800000e+02   0.000000e+00  -5.000000e+00
    2.800000e+02  -5.000000e+00  -5.000000e+00
    2.850000e+02   5.000000e+00  -2.500000e+01
    2.850000e+02   0.000000e+00  -2.500000e+01
    2.850000e+02  -5.000000e+00  -2.500000e+01
    2.850000e+02   5.000000e+00  -2.000000e+01
    2.850000e+02   0.000000e+00  -2.000000e+01
    2.850000e+02  -5.000000e+00  -2.000000e+01
    2.850000e+02   5.000000e+00  -1.500000e+01
    2.850000e+02   0.000000e+00  -1.500000e+01
    2.850000e+02  -5.000000e+00  -1.500000e+01
    2.850000e+02   5.000000e+00  -1.000000e+01
    2.850000e+02   0.000000e+00  -1.000000e+01
    2.850000e+02  -5.000000e+00  -1.000000e+01
    2.850000e+02   5.000000e+00  -5.000000e+00
    2.850000e+02   0.000000e+00  -5.000000e+00
    2.850000e+02  -5.000000e+00  -5.000000e+00
    2.900000e+02   5.000000e+00  -2.500000e+01
    2.900000e+02   0.000000e+00  -2.500000e+01
    2.900000e+02  -5.000000e+00  -2.500000e+01
    2.900000e+02   5.000000e+00  -2.000000e+01
    2.900000e+02   0.000000e+00  -2.000000e+01
    2.900000e+02  -5.000000e+00  -2.000000e+01
    2.900000e+02   5.000000e+00  -1.500000e+01
    2.900000e+02   0.000000e+00  -1.500000e+01
    2.900000e+02  -5.000000e+00  -1.500000e+01
    2.900000e+02   5.000000e+00  -1.000000e+01
    2.900000e+02   0.000000e+00  -1.000000e+01
    2.900000e+02  -5.000000e+00  -1.000000e+01
    2.900000e+02   5.000000e+00  -5.000000e+00
    2.900000e+02   0.000000e+00  -5.000000e+00
    2.900000e+02  -5.000000e+00  -5.000000e+00
    2.950000e+02   5.000000e+00  -2.500000e+01
    2.950000e+02   0.000000e+00  -2.500000e+01
    2.950000e+02  -5.000000e+00  -2.500000e+01
    2.950000e+02   5.000000e+00  -2.000000e+01
    2.950000e+02   0.000000e+00  -2.000000e+01
    2.950000e+02  -5.000000e+00  -2.000000e+01
    2.950000e+02   5.000000e+00  -1.500000e+01
    2.950000e+02   0.000000e+00  -1.500000e+01
    2.950000e+02  -5.000000e+00  -1.500000e+01
    2.950000e+02   5.000000e+00  -1.000000e+01
    2.950000e+02   0.000000e+00  -1.000000e+01
    2.950000e+02  -5.000000e+00  -1.000000e+01
    2.950000e+02   5.000000e+00  -5.000000e+00
    2.950000e+02   0.000000e+00  -5.000000e+00
    2.950000e+02  -5.000000e+00  -5.000000e+00
    2.550000e+02  -5.000000e+00  -3.500000e+01
    2.550000e+02   0.000000e+00  -3.500000e+01
    2.550000e+02   5.000000e+00  -3.500000e+01
    2.550000e+02  -5.000000e+00  -4.000000e+01
    2.550000e+02   0.000000e+00  -4.000000e+01
    2.550000e+02   5.000000e+00  -4.000000e+01
    2.550000e+02  -5.000000e+00  -4.500000e+01
    2.550000e+02   0.000000e+00  -4.500000e+01
    2.550000e+02   5.000000e+00  -4.500000e+01
    2.600000e+02  -5.000000e+00  -3.500000e+01
    2.600000e+02   0.000000e+00  -3.500000e+01
    2.600000e+02   5.000000e+00  -3.500000e+01
    2.600000e+02  -5.000000e+00  -4.000000e+01
    2.600000e+02   0.000000e+00  -4.000000e+01
    2.600000e+02   5.000000e+00  -4.000000e+01
    2.600000e+02  -5.000000e+00  -4.500000e+01
    2.600000e+02   0.000000e+00  -4.500000e+01
    2.600000e+02   5.000000e+00  -4.500000e+01
    2.650000e+02  -5.000000e+00  -3.500000e+01
    2.650000e+02   0.000000e+00  -3.500000e+01
    2.650000e+02   5.000000e+00  -3.500000e+01
    2.650000e+02  -5.000000e+00  -4.000000e+01
    2.650000e+02   0.000000e+00  -4.000000e+01
    2.650000e+02   5.000000e+00  -4.000000e+01
    2.650000e+02  -5.000000e+00  -4.500000e+01
    2.650000e+02   0.000000e+00  -4.500000e+01
    2.650000e+02   5.000000e+00  -4.500000e+01
    2.700000e+02  -5.000000e+00  -3.500000e+01
    2.700000e+02   0.000000e+00  -3.500000e+01
    2.700000e+02   5.000000e+00  -3.500000e+01
    2.700000e+02  -5.000000e+00  -4.000000e+01
    2.700000e+02   0.000000e+00  -4.000000e+01
    2.700000e+02   5.000000e+00  -4.000000e+01
    2.700000e+02  -5.000000e+00  -4.500000e+01
    2.700000e+02   0.000000e+00  -4.500000e+01
    2.700000e+02   5.000000e+00  -4.500000e+01
    2.750000e+02  -5.000000e+00  -3.500000e+01
    2.750000e+02   0.000000e+00  -3.500000e+01
    2.750000e+02   5.000000e+00  -3.500000e+01
    2.750000e+02  -5.000000e+00  -4.000000e+01
    2.750000e+02   0.000000e+00  -4.000000e+01
    2.750000e+02   5.000000e+00  -4.000000e+01
    2.750000e+02  -5.000000e+00  -4.500000e+01
    2.750000e+02   0.000000e+00  -4.500000e+01
    2.750000e+02   5.000000e+00  -4.500000e+01
    2.800000e+02  -5.000000e+00  -3.500000e+01
    2.800000e+02   0.000000e+00  -3.500000e+01
    2.800000e+02   5.000000e+00  -3.500000e+01
    2.800000e+02  -5.000000e+00  -4.000000e+01
    2.800000e+02   0.000000e+00  -4.000000e+01
    2.800000e+02   5.000000e+00  -4.000000e+01
    2.800000e+02  -5.000000e+00  -4.500000e+01
    2.800000e+02   0.000000e+00  -4.500000e+01
    2.800000e+02   5.000000e+00  -4.500000e+01
    2.850000e+02  -5.000000e+00  -3.500000e+01
    2.850000e+02   0.000000e+00  -3.500000e+01
    2.850000e+02   5.000000e+00  -3.500000e+01
    2.850000e+02  -5.000000e+00  -4.000000e+01
    2.850000e+02   0.000000e+00  -4.000000e+01
    2.850000e+02   5.000000e+00  -4.000000e+01
    2.850000e+02  -5.000000e+00  -4.500000e+01
    2.850000e+02   0.000000e+00  -4.500000e+01
    2.850000e+02   5.000000e+00  -4.500000e+01
    2.900000e+02  -5.000000e+00  -3.500000e+01
    2.900000e+02   0.000000e+00  -3.500000e+01
    2.900000e+02   5.000000e+00  -3.500000e+01
    2.900000e+02  -5.000000e+00  -4.000000e+01
    2.900000e+02   0.000000e+00  -4.000000e+01
    2.900000e+02   5.000000e+00  -4.000000e+01
    2.900000e+02  -5.000000e+00  -4.500000e+01
    2.900000e+02   0.000000e+00  -4.500000e+01
    2.900000e+02   5.000000e+00  -4.500000e+01
    2.950000e+02  -5.000000e+00  -3.500000e+01
    2.950000e+02   0.000000e+00  -3.500000e+01
    2.950000e+02   5.000000e+00  -3.500000e+01
    2.950000e+02  -5.000000e+00  -4.000000e+01
    2.950000e+02   0.000000e+00  -4.000000e+01
    2.950000e+02   5.000000e+00  -4.000000e+01
    2.950000e+02  -5.000000e+00  -4.500000e+01
    2.950000e+02   0.000000e+00  -4.500000e+01
    2.950000e+02   5.000000e+00  -4.500000e+01
   -2.000000e+02  -1.000000e+01  -3.000000e+01
   -2.500000e+02  -1.000000e+01  -3.000000e+01
   -2.000000e+02  -1.000000e+01   0.000000e+00
   -1.500000e+02  -1.000000e+01  -3.000000e+01
   -1.500000e+02  -1.000000e+01   0.000000e+00
   -1.000000e+02  -1.000000e+01   0.000000e+00
   -5.000000e+01  -1.000000e+01  -3.000000e+01
   -5.000000e+01  -1.000000e+01   0.000000e+00
   -1.000000e+02  -1.000000e+01  -3.000000e+01
    0.000000e+00  -1.000000e+01   0.000000e+00
    5.000000e+01  -1.000000e+01  -3.000000e+01
    0.000000e+00  -1.000000e+01  -3.000000e+01
    1.000000e+02  -1.000000e+01  -3.000000e+01
    1.000000e+02  -1.000000e+01   0.000000e+00
    1.500000e+02  -1.000000e+01  -3.000000e+01
    5.000000e+01  -1.000000e+01   0.000000e+00
    2.000000e+02  -1.000000e+01  -3.000000e+01
    2.000000e+02  -1.000000e+01   0.000000e+00
    2.500000e+02  -1.000000e+01  -3.000000e+01
    1.500000e+02  -1.000000e+01   0.000000e+00
   -2.038462e+02  -1.000000e+01  -3.000000e+01
   -2.076923e+02  -1.000000e+01  -3.000000e+01
   -2.115385e+02  -1.000000e+01  -3.000000e+01
   -2.153846e+02  -1.000000e+01  -3.000000e+01
   -2.192308e+02  -1.000000e+01  -3.000000e+01
   -2.230769e+02  -1.000000e+01  -3.000000e+01
   -2.269231e+02  -1.000000e+01  -3.000000e+01
   -2.307692e+02  -1.000000e+01  -3.000000e+01
   -2.346154e+02  -1.000000e+01  -3.000000e+01
   -2.384615e+02  -1.000000e+01  -3.000000e+01
   -2.423077e+02  -1.000000e+01  -3.000000e+01
   -2.461538e+02  -1.000000e+01  -3.000000e+01
   -2.033333e+02  -1.000000e+01  -2.000000e+00
   -2.066667e+02  -1.000000e+01  -4.000000e+00
   -2.100000e+02  -1.000000e+01  -6.000000e+00
   -2.133333e+02  -1.000000e+01  -8.000000e+00
   -2.166667e+02  -1.000000e+01  -1.000000e+01
   -2.200000e+02  -1.000000e+01  -1.200000e+01
   -2.233333e+02  -1.000000e+01  -1.400000e+01
   -2.266667e+02  -1.000000e+01  -1.600000e+01
   -2.300000e+02  -1.000000e+01  -1.800000e+01
   -2.333333e+02  -1.000000e+01  -2.000000e+01
   -2.366667e+02  -1.000000e+01  -2.200000e+01
   -2.400000e+02  -1.000000e+01  -2.400000e+01
   -2.433333e+02  -1.000000e+01  -2.600000e+01
   -2.466667e+02  -1.000000e+01  -2.800000e+01
   -1.533333e+02  -1.000000e+01  -2.800000e+01
   -1.566667e+02  -1.000000e+01  -2.600000e+01
   -1.600000e+02  -1.000000e+01  -2.400000e+01
   -1.633333e+02  -1.000000e+01  -2.200000e+01
   -1.666667e+02  -1.000000e+01  -2.000000e+01
   -1.700000e+02  -1.000000e+01  -1.800000e+01
   -1.733333e+02  -1.000000e+01  -1.600000e+01
   -1.766667e+02  -1.000000e+01  -1.400000e+01
   -1.800000e+02  -1.000000e+01  -1.200000e+01
   -1.833333e+02  -1.000000e+01  -1.000000e+01
   -1.866667e+02  -1.000000e+01  -8.000000e+00
   -1.900000e+02  -1.000000e+01  -6.000000e+00
   -1.933333e+02  -1.000000e+01  -4.000000e+00
   -1.966667e+02  -1.000000e+01  -2.000000e+00
   -1.500000e+02  -1.000000e+01  -2.625000e+01
   -1.500000e+02  -1.000000e+01  -2.250000e+01
   -1.500000e+02  -1.000000e+01  -1.875000e+01
   -1.500000e+02  -1.000000e+01  -1.500000e+01
   -1.500000e+02  -1.000000e+01  -1.125000e+01
   -1.500000e+02  -1.000000e+01  -7.500000e+00
   -1.500000e+02  -1.000000e+01  -3.750000e+00
   -2.000000e+02  -1.000000e+01  -3.750000e+00
   -2.000000e+02  -1.000000e+01  -7.500000e+00
   -2.000000e+02  -1.000000e+01  -1.125000e+01
   -2.000000e+02  -1.000000e+01  -1.500000e+01
   -2.000000e+02  -1.000000e+01  -1.875000e+01
   -2.000000e+02  -1.000000e+01  -2.250000e+01
   -2.000000e+02  -1.000000e+01  -2.625000e+01
   -1.033333e+02  -1.000000e+01  -2.000000e+00
   -1.066667e+02  -1.000000e+01  -4.000000e+00
   -1.100000e+02  -1.000000e+01  -6.000000e+00
   -1.133333e+02  -1.000000e+01  -8.000000e+00
   -1.166667e+02  -1.000000e+01  -1.000000e+01
   -1.200000e+02  -1.000000e+01  -1.200000e+01
   -1.233333e+02  -1.000000e+01  -1.400000e+01
   -1.266667e+02  -1.000000e+01  -1.600000e+01
   -1.300000e+02  -1.000000e+01  -1.800000e+01
   -1.333333e+02  -1.000000e+01  -2.000000e+01
   -1.366667e+02  -1.000000e+01  -2.200000e+01
   -1.400000e+02  -1.000000e+01  -2.400000e+01
   -1.433333e+02  -1.000000e+01  -2.600000e+01
   -1.466667e+02  -1.000000e+01  -2.800000e+01
   -5.333333e+01  -1.000000e+01  -2.800000e+01
   -5.666667e+01  -1.000000e+01  -2.600000e+01
   -6.000000e+01  -1.000000e+01  -2.400000e+01
   -6.333333e+01  -1.000000e+01  -2.200000e+01
   -6.666666e+01  -1.000000e+01  -2.000000e+01
   -7.000000e+01  -1.000000e+01  -1.800000e+01
   -7.333334e+01  -1.000000e+01  -1.600000e+01
   -7.666666e+01  -1.000000e+01  -1.400000e+01
   -8.000000e+01  -1.000000e+01  -1.200000e+01
   -8.333334e+01  -1.000000e+01  -1.000000e+01
   -8.666666e+01  -1.000000e+01  -8.000000e+00
   -9.000000e+01  -1.000000e+01  -6.000000e+00
   -9.333334e+01  -1.000000e+01  -4.000000e+00
   -9.666666e+01  -1.000000e+01  -2.000000e+00
   -5.000000e+01  -1.000000e+01  -2.625000e+01
   -5.000000e+01  -1.000000e+01  -2.250000e+01
   -5.000000e+01  -1.000000e+01  -1.875000e+01
   -5.000000e+01  -1.000000e+01  -1.500000e+01
   -5.000000e+01  -1.000000e+01  -1.125000e+01
   -5.000000e+01  -1.000000e+01  -7.500000e+00
   -5.000000e+01  -1.000000e+01  -3.750000e+00
   -1.538462e+02  -1.000000e+01  -3.000000e+01
   -1.576923e+02  -1.000000e+01  -3.000000e+01
   -1.615385e+02  -1.000000e+01  -3.000000e+01
   -1.653846e+02  -1.000000e+01  -3.000000e+01
   -1.692308e+02  -1.000000e+01  -3.000000e+01
   -1.730769e+02  -1.000000e+01  -3.000000e+01
   -1.769231e+02  -1.000000e+01  -3.000000e+01
   -1.807692e+02  -1.000000e+01  -3.000000e+01
   -1.846154e+02  -1.000000e+01  -3.000000e+01
   -1.884615e+02  -1.000000e+01  -3.000000e+01
   -1.923077e+02  -1.000000e+01  -3.000000e+01
   -1.961538e+02  -1.000000e+01  -3.000000e+01
   -1.038462e+02  -1.000000e+01  -3.000000e+01
   -1.076923e+02  -1.000000e+01  -3.000000e+01
   -1.115385e+02  -1.000000e+01  -3.000000e+01
   -1.153846e+02  -1.000000e+01  -3.000000e+01
   -1.192308e+02  -1.000000e+01  -3.000000e+01
   -1.230769e+02  -1.000000e+01  -3.000000e+01
   -1.269231e+02  -1.000000e+01  -3.000000e+01
   -1.307692e+02  -1.000000e+01  -3.000000e+01
   -1.346154e+02  -1.000000e+01  -3.000000e+01
   -1.384615e+02  -1.000000e+01  -3.000000e+01
   -1.423077e+02  -1.000000e+01  -3.000000e+01
   -1.461538e+02  -1.000000e+01  -3.000000e+01
   -1.000000e+02  -1.000000e+01  -3.750000e+00
   -1.000000e+02  -1.000000e+01  -7.500000e+00
   -1.000000e+02  -1.000000e+01  -1.125000e+01
   -1.000000e+02  -1.000000e+01  -1.500000e+01
   -1.000000e+02  -1.000000e+01  -1.875000e+01
   -1.000000e+02  -1.000000e+01  -2.250000e+01
   -1.000000e+02  -1.000000e+01  -2.625000e+01
   -3.333333e+00  -1.000000e+01  -2.000000e+00
   -6.666667e+00  -1.000000e+01  -4.000000e+00
   -1.000000e+01  -1.000000e+01  -6.000000e+00
   -1.333333e+01  -1.000000e+01  -8.000000e+00
   -1.666667e+01  -1.000000e+01  -1.000000e+01
   -2.000000e+01  -1.000000e+01  -1.200000e+01
   -2.333333e+01  -1.000000e+01  -1.400000e+01
   -2.666667e+01  -1.000000e+01  -1.600000e+01
   -3.000000e+01  -1.000000e+01  -1.800000e+01
   -3.333333e+01  -1.000000e+01  -2.000000e+01
   -3.666667e+01  -1.000000e+01  -2.200000e+01
   -4.000000e+01  -1.000000e+01  -2.400000e+01
   -4.333333e+01  -1.000000e+01  -2.600000e+01
   -4.666667e+01  -1.000000e+01  -2.800000e+01
    3.333333e+00  -1.000000e+01  -2.000000e+00
    6.666667e+00  -1.000000e+01  -4.000000e+00
    1.000000e+01  -1.000000e+01  -6.000000e+00
    1.333333e+01  -1.000000e+01  -8.000000e+00
    1.666667e+01  -1.000000e+01  -1.000000e+01
    2.000000e+01  -1.000000e+01  -1.200000e+01
    2.333333e+01  -1.000000e+01  -1.400000e+01
    2.666667e+01  -1.000000e+01  -1.600000e+01
    3.000000e+01  -1.000000e+01  -1.800000e+01
    3.333333e+01  -1.000000e+01  -2.000000e+01
    3.666667e+01  -1.000000e+01  -2.200000e+01
    4.000000e+01  -1.000000e+01  -2.400000e+01
    4.333333e+01  -1.000000e+01  -2.600000e+01
    4.666667e+01  -1.000000e+01  -2.800000e+01
    3.846154e+00  -1.000000e+01  -3.000000e+01
    7.692307e+00  -1.000000e+01  -3.000000e+01
    1.153846e+01  -1.000000e+01  -3.000000e+01
    1.538462e+01  -1.000000e+01  -3.000000e+01
    1.923077e+01  -1.000000e+01  -3.000000e+01
    2.307692e+01  -1.000000e+01  -3.000000e+01
    2.692308e+01  -1.000000e+01  -3.000000e+01
    3.076923e+01  -1.000000e+01  -3.000000e+01
    3.461538e+01  -1.000000e+01  -3.000000e+01
    3.846154e+01  -1.000000e+01  -3.000000e+01
    4.230769e+01  -1.000000e+01  -3.000000e+01
    4.615385e+01  -1.000000e+01  -3.000000e+01
    0.000000e+00  -1.000000e+01  -2.625000e+01
    0.000000e+00  -1.000000e+01  -2.250000e+01
    0.000000e+00  -1.000000e+01  -1.875000e+01
    0.000000e+00  -1.000000e+01  -1.500000e+01
    0.000000e+00  -1.000000e+01  -1.125000e+01
    0.000000e+00  -1.000000e+01  -7.500000e+00
    0.000000e+00  -1.000000e+01  -3.750000e+00
   -5.384615e+01  -1.000000e+01  -3.000000e+01
   -5.769231e+01  -1.000000e+01  -3.000000e+01
   -6.153846e+01  -1.000000e+01  -3.000000e+01
   -6.538461e+01  -1.000000e+01  -3.000000e+01
   -6.923077e+01  -1.000000e+01  -3.000000e+01
   -7.307692e+01  -1.000000e+01  -3.000000e+01
   -7.692308e+01  -1.000000e+01  -3.000000e+01
   -8.076923e+01  -1.000000e+01  -3.000000e+01
   -8.461539e+01  -1.000000e+01  -3.000000e+01
   -8.846154e+01  -1.000000e+01  -3.000000e+01
   -9.230769e+01  -1.000000e+01  -3.000000e+01
   -9.615385e+01  -1.000000e+01  -3.000000e+01
   -3.846154e+00  -1.000000e+01  -3.000000e+01
   -7.692307e+00  -1.000000e+01  -3.000000e+01
   -1.153846e+01  -1.000000e+01  -3.000000e+01
   -1.538462e+01  -1.000000e+01  -3.000000e+01
   -1.923077e+01  -1.000000e+01  -3.000000e+01
   -2.307692e+01  -1.000000e+01  -3.000000e+01
   -2.692308e+01  -1.000000e+01  -3.000000e+01
   -3.076923e+01  -1.000000e+01  -3.000000e+01
   -3.461538e+01  -1.000000e+01  -3.000000e+01
   -3.846154e+01  -1.000000e+01  -3.000000e+01
   -4.230769e+01  -1.000000e+01  -3.000000e+01
   -4.615385e+01  -1.000000e+01  -3.000000e+01
    5.384615e+01  -1.000000e+01  -3.000000e+01
    5.769231e+01  -1.000000e+01  -3.000000e+01
    6.153846e+01  -1.000000e+01  -3.000000e+01
    6.538461e+01  -1.000000e+01  -3.000000e+01
    6.923077e+01  -1.000000e+01  -3.000000e+01
    7.307692e+01  -1.000000e+01  -3.000000e+01
    7.692308e+01  -1.000000e+01  -3.000000e+01
    8.076923e+01  -1.000000e+01  -3.000000e+01
    8.461539e+01  -1.000000e+01  -3.000000e+01
    8.846154e+01  -1.000000e+01  -3.000000e+01
    9.230769e+01  -1.000000e+01  -3.000000e+01
    9.615385e+01  -1.000000e+01  -3.000000e+01
    5.333333e+01  -1.000000e+01  -2.800000e+01
    5.666667e+01  -1.000000e+01  -2.600000e+01
    6.000000e+01  -1.000000e+01  -2.400000e+01
    6.333333e+01  -1.000000e+01  -2.200000e+01
    6.666666e+01  -1.000000e+01  -2.000000e+01
    7.000000e+01  -1.000000e+01  -1.800000e+01
    7.333334e+01  -1.000000e+01  -1.600000e+01
    7.666666e+01  -1.000000e+01  -1.400000e+01
    8.000000e+01  -1.000000e+01  -1.200000e+01
    8.333334e+01  -1.000000e+01  -1.000000e+01
    8.666666e+01  -1.000000e+01  -8.000000e+00
    9.000000e+01  -1.000000e+01  -6.000000e+00
    9.333334e+01  -1.000000e+01  -4.000000e+00
    9.666666e+01  -1.000000e+01  -2.000000e+00
    1.000000e+02  -1.000000e+01  -3.750000e+00
    1.000000e+02  -1.000000e+01  -7.500000e+00
    1.000000e+02  -1.000000e+01  -1.125000e+01
    1.000000e+02  -1.000000e+01  -1.500000e+01
    1.000000e+02  -1.000000e+01  -1.875000e+01
    1.000000e+02  -1.000000e+01  -2.250000e+01
    1.000000e+02  -1.000000e+01  -2.625000e+01
    1.038462e+02  -1.000000e+01  -3.000000e+01
    1.076923e+02  -1.000000e+01  -3.000000e+01
    1.115385e+02  -1.000000e+01  -3.000000e+01
    1.153846e+02  -1.000000e+01  -3.000000e+01
    1.192308e+02  -1.000000e+01  -3.000000e+01
    1.230769e+02  -1.000000e+01  -3.000000e+01
    1.269231e+02  -1.000000e+01  -3.000000e+01
    1.307692e+02  -1.000000e+01  -3.000000e+01
    1.346154e+02  -1.000000e+01  -3.000000e+01
    1.384615e+02  -1.000000e+01  -3.000000e+01
    1.423077e+02  -1.000000e+01  -3.000000e+01
    1.461538e+02  -1.000000e+01  -3.000000e+01
    5.000000e+01  -1.000000e+01  -2.625000e+01
    5.000000e+01  -1.000000e+01  -2.250000e+01
    5.000000e+01  -1.000000e+01  -1.875000e+01
    5.000000e+01  -1.000000e+01  -1.500000e+01
    5.000000e+01  -1.000000e+01  -1.125000e+01
    5.000000e+01  -1.000000e+01  -7.500000e+00
    5.000000e+01  -1.000000e+01  -3.750000e+00
    1.033333e+02  -1.000000e+01  -2.000000e+00
    1.066667e+02  -1.000000e+01  -4.000000e+00
    1.100000e+02  -1.000000e+01  -6.000000e+00
    1.133333e+02  -1.000000e+01  -8.000000e+00
    1.166667e+02  -1.000000e+01  -1.000000e+01
    1.200000e+02  -1.000000e+01  -1.200000e+01
    1.233333e+02  -1.000000e+01  -1.400000e+01
    1.266667e+02  -1.000000e+01  -1.600000e+01
    1.300000e+02  -1.000000e+01  -1.800000e+01
    1.333333e+02  -1.000000e+01  -2.000000e+01
    1.366667e+02  -1.000000e+01  -2.200000e+01
    1.400000e+02  -1.000000e+01  -2.400000e+01
    1.433333e+02  -1.000000e+01  -2.600000e+01
    1.466667e+02  -1.000000e+01  -2.800000e+01
    1.538462e+02  -1.000000e+01  -3.000000e+01
    1.576923e+02  -1.000000e+01  -3.000000e+01
    1.615385e+02  -1.000000e+01  -3.000000e+01
    1.653846e+02  -1.000000e+01  -3.000000e+01
    1.692308e+02  -1.000000e+01  -3.000000e+01
    1.730769e+02  -1.000000e+01  -3.000000e+01
    1.769231e+02  -1.000000e+01  -3.000000e+01
    1.807692e+02  -1.000000e+01  -3.000000e+01
    1.846154e+02  -1.000000e+01  -3.000000e+01
    1.884615e+02  -1.000000e+01  -3.000000e+01
    1.923077e+02  -1.000000e+01  -3.000000e+01
    1.961538e+02  -1.000000e+01  -3.000000e+01
    1.533333e+02  -1.000000e+01  -2.800000e+01
    1.566667e+02  -1.000000e+01  -2.600000e+01
    1.600000e+02  -1.000000e+01  -2.400000e+01
    1.633333e+02  -1.000000e+01  -2.200000e+01
    1.666667e+02  -1.000000e+01  -2.000000e+01
    1.700000e+02  -1.000000e+01  -1.800000e+01
    1.733333e+02  -1.000000e+01  -1.600000e+01
    1.766667e+02  -1.000000e+01  -1.400000e+01
    1.800000e+02  -1.000000e+01  -1.200000e+01
    1.833333e+02  -1.000000e+01  -1.000000e+01
    1.866667e+02  -1.000000e+01  -8.000000e+00
    1.900000e+02  -1.000000e+01  -6.000000e+00
    1.933333e+02  -1.000000e+01  -4.000000e+00
    1.966667e+02  -1.000000e+01  -2.000000e+00
    2.000000e+02  -1.000000e+01  -3.750000e+00
    2.000000e+02  -1.000000e+01  -7.500000e+00
    2.000000e+02  -1.000000e+01  -1.125000e+01
    2.000000e+02  -1.000000e+01  -1.500000e+01
    2.000000e+02  -1.000000e+01  -1.875000e+01
    2.000000e+02  -1.000000e+01  -2.250000e+01
    2.000000e+02  -1.000000e+01  -2.625000e+01
    2.038462e+02  -1.000000e+01  -3.000000e+01
    2.076923e+02  -1.000000e+01  -3.000000e+01
    2.115385e+02  -1.000000e+01  -3.000000e+01
    2.153846e+02  -1.000000e+01  -3.000000e+01
    2.192308e+02  -1.000000e+01  -3.000000e+01
    2.230769e+02  -1.000000e+01  -3.000000e+01
    2.269231e+02  -1.000000e+01  -3.000000e+01
    2.307692e+02  -1.000000e+01  -3.000000e+01
    2.346154e+02  -1.000000e+01  -3.000000e+01
    2.384615e+02  -1.000000e+01  -3.000000e+01
    2.423077e+02  -1.000000e+01  -3.000000e+01
    2.461538e+02  -1.000000e+01  -3.000000e+01
    1.500000e+02  -1.000000e+01  -2.625000e+01
    1.500000e+02  -1.000000e+01  -2.250000e+01
    1.500000e+02  -1.000000e+01  -1.875000e+01
    1.500000e+02  -1.000000e+01  -1.500000e+01
    1.500000e+02  -1.000000e+01  -1.125000e+01
    1.500000e+02  -1.000000e+01  -7.500000e+00
    1.500000e+02  -1.000000e+01  -3.750000e+00
    2.033333e+02  -1.000000e+01  -2.000000e+00
    2.066667e+02  -1.000000e+01  -4.000000e+00
    2.100000e+02  -1.000000e+01  -6.000000e+00
    2.133333e+02  -1.000000e+01  -8.000000e+00
    2.166667e+02  -1.000000e+01  -1.000000e+01
    2.200000e+02  -1.000000e+01  -1.200000e+01
    2.233333e+02  -1.000000e+01  -1.400000e+01
    2.266667e+02  -1.000000e+01  -1.600000e+01
    2.300000e+02  -1.000000e+01  -1.800000e+01
    2.333333e+02  -1.000000e+01  -2.000000e+01
    2.366667e+02  -1.000000e+01  -2.200000e+01
    2.400000e+02  -1.000000e+01  -2.400000e+01
    2.433333e+02  -1.000000e+01  -2.600000e+01
    2.466667e+02  -1.000000e+01  -2.800000e+01
   -2.000000e+02   1.000000e+01  -3.000000e+01
   -2.500000e+02   1.000000e+01  -3.000000e+01
   -2.000000e+02   1.000000e+01   0.000000e+00
   -1.500000e+02   1.000000e+01  -3.000000e+01
   -1.500000e+02   1.000000e+01   0.000000e+00
   -1.000000e+02   1.000000e+01   0.000000e+00
   -5.000000e+01   1.000000e+01  -3.000000e+01
   -5.000000e+01   1.000000e+01   0.000000e+00
   -1.000000e+02   1.000000e+01  -3.000000e+01
    0.000000e+00   1.000000e+01   0.000000e+00
    5.000000e+01   1.000000e+01  -3.000000e+01
    0.000000e+00   1.000000e+01  -3.000000e+01
    1.000000e+02   1.000000e+01  -3.000000e+01
    1.000000e+02   1.000000e+01   0.000000e+00
    1.500000e+02   1.000000e+01  -3.000000e+01
    5.000000e+01   1.000000e+01   0.000000e+00
    2.000000e+02   1.000000e+01  -3.000000e+01
    2.000000e+02   1.000000e+01   0.000000e+00
    2.500000e+02   1.000000e+01  -3.000000e+01
    1.500000e+02   1.000000e+01   0.000000e+00
   -2.038462e+02   1.000000e+01  -3.000000e+01
   -2.076923e+02   1.000000e+01  -3.000000e+01
   -2.115385e+02   1.000000e+01  -3.000000e+01
   -2.153846e+02   1.000000e+01  -3.000000e+01
   -2.192308e+02   1.000000e+01  -3.000000e+01
   -2.230769e+02   1.000000e+01  -3.000000e+01
   -2.269231e+02   1.000000e+01  -3.000000e+01
   -2.307692e+02   1.000000e+01  -3.000000e+01
   -2.346154e+02   1.000000e+01  -3.000000e+01
   -2.384615e+02   1.000000e+01  -3.000000e+01
   -2.423077e+02   1.000000e+01  -3.000000e+01
   -2.461538e+02   1.000000e+01  -3.000000e+01
   -2.033333e+02   1.000000e+01  -2.000000e+00
   -2.066667e+02   1.000000e+01  -4.000000e+00
   -2.100000e+02   1.000000e+01  -6.000000e+00
   -2.133333e+02   1.000000e+01  -8.000000e+00
   -2.166667e+02   1.000000e+01  -1.000000e+01
   -2.200000e+02   1.000000e+01  -1.200000e+01
   -2.233333e+02   1.000000e+01  -1.400000e+01
   -2.266667e+02   1.000000e+01  -1.600000e+01
   -2.300000e+02   1.000000e+01  -1.800000e+01
   -2.333333e+02   1.000000e+01  -2.000000e+01
   -2.366667e+02   1.000000e+01  -2.200000e+01
   -2.400000e+02   1.000000e+01  -2.400000e+01
   -2.433333e+02   1.000000e+01  -2.600000e+01
   -2.466667e+02   1.000000e+01  -2.800000e+01
   -1.533333e+02   1.000000e+01  -2.800000e+01
   -1.566667e+02   1.000000e+01  -2.600000e+01
   -1.600000e+02   1.000000e+01  -2.400000e+01
   -1.633333e+02   1.000000e+01  -2.200000e+01
   -1.666667e+02   1.000000e+01  -2.000000e+01
   -1.700000e+02   1.000000e+01  -1.800000e+01
   -1.733333e+02   1.000000e+01  -1.600000e+01
   -1.766667e+02   1.000000e+01  -1.400000e+01
   -1.800000e+02   1.000000e+01  -1.200000e+01
   -1.833333e+02   1.000000e+01  -1.000000e+01
   -1.866667e+02   1.000000e+01  -8.000000e+00
   -1.900000e+02   1.000000e+01  -6.000000e+00
   -1.933333e+02   1.000000e+01  -4.000000e+00
   -1.966667e+02   1.000000e+01  -2.000000e+00
   -1.500000e+02   1.000000e+01  -2.625000e+01
   -1.500000e+02   1.000000e+01  -2.250000e+01
   -1.500000e+02   1.000000e+01  -1.875000e+01
   -1.500000e+02   1.000000e+01  -1.500000e+01
   -1.500000e+02   1.000000e+01  -1.125000e+01
   -1.500000e+02   1.000000e+01  -7.500000e+00
   -1.500000e+02   1.000000e+01  -3.750000e+00
   -2.000000e+02   1.000000e+01  -3.750000e+00
   -2.000000e+02   1.000000e+01  -7.500000e+00
   -2.000000e+02   1.000000e+01  -1.125000e+01
   -2.000000e+02   1.000000e+01  -1.500000e+01
   -2.000000e+02   1.000000e+01  -1.875000e+01
   -2.000000e+02   1.000000e+01  -2.250000e+01
   -2.000000e+02   1.000000e+01  -2.625000e+01
   -1.033333e+02   1.000000e+01  -2.000000e+00
   -1.066667e+02   1.000000e+01  -4.000000e+00
   -1.100000e+02   1.000000e+01  -6.000000e+00
   -1.133333e+02   1.000000e+01  -8.000000e+00
   -1.166667e+02   1.000000e+01  -1.000000e+01
   -1.200000e+02   1.000000e+01  -1.200000e+01
   -1.233333e+02   1.000000e+01  -1.400000e+01
   -1.266667e+02   1.000000e+01  -1.600000e+01
   -1.300000e+02   1.000000e+01  -1.800000e+01
   -1.333333e+02   1.000000e+01  -2.000000e+01
   -1.366667e+02   1.000000e+01  -2.200000e+01
   -1.400000e+02   1.000000e+01  -2.400000e+01
   -1.433333e+02   1.000000e+01  -2.600000e+01
   -1.466667e+02   1.000000e+01  -2.800000e+01
   -5.333333e+01   1.000000e+01  -2.800000e+01
   -5.666667e+01   1.000000e+01  -2.600000e+01
   -6.000000e+01   1.000000e+01  -2.400000e+01
   -6.333333e+01   1.000000e+01  -2.200000e+01
   -6.666666e+01   1.000000e+01  -2.000000e+01
   -7.000000e+01   1.000000e+01  -1.800000e+01
   -7.333334e+01   1.000000e+01  -1.600000e+01
   -7.666666e+01   1.000000e+01  -1.400000e+01
   -8.000000e+01   1.000000e+01  -1.200000e+01
   -8.333334e+01   1.000000e+01  -1.000000e+01
   -8.666666e+01   1.000000e+01  -8.000000e+00
   -9.000000e+01   1.000000e+01  -6.000000e+00
   -9.333334e+01   1.000000e+01  -4.000000e+00
   -9.666666e+01   1.000000e+01  -2.000000e+00
   -5.000000e+01   1.000000e+01  -2.625000e+01
   -5.000000e+01   1.000000e+01  -2.250000e+01
   -5.000000e+01   1.000000e+01  -1.875000e+01
   -5.000000e+01   1.000000e+01  -1.500000e+01
   -5.000000e+01   1.000000e+01  -1.125000e+01
   -5.000000e+01   1.000000e+01  -7.500000e+00
   -5.000000e+01   1.000000e+01  -3.750000e+00
   -1.538462e+02   1.000000e+01  -3.000000e+01
   -1.576923e+02   1.000000e+01  -3.000000e+01
   -1.615385e+02   1.000000e+01  -3.000000e+01
   -1.653846e+02   1.000000e+01  -3.000000e+01
   -1.692308e+02   1.000000e+01  -3.000000e+01
   -1.730769e+02   1.000000e+01  -3.000000e+01
   -1.769231e+02   1.000000e+01  -3.000000e+01
   -1.807692e+02   1.000000e+01  -3.000000e+01
   -1.846154e+02   1.000000e+01  -3.000000e+01
   -1.884615e+02   1.000000e+01  -3.000000e+01
   -1.923077e+02   1.000000e+01  -3.000000e+01
   -1.961538e+02   1.000000e+01  -3.000000e+01
   -1.038462e+02   1.000000e+01  -3.000000e+01
   -1.076923e+02   1.000000e+01  -3.000000e+01
   -1.115385e+02   1.000000e+01  -3.000000e+01
   -1.153846e+02   1.000000e+01  -3.000000e+01
   -1.192308e+02   1.000000e+01  -3.000000e+01
   -1.230769e+02   1.000000e+01  -3.000000e+01
   -1.269231e+02   1.000000e+01  -3.000000e+01
   -1.307692e+02   1.000000e+01  -3.000000e+01
   -1.346154e+02   1.000000e+01  -3.000000e+01
   -1.384615e+02   1.000000e+01  -3.000000e+01
   -1.423077e+02   1.000000e+01  -3.000000e+01
   -1.461538e+02   1.000000e+01  -3.000000e+01
   -1.000000e+02   1.000000e+01  -3.750000e+00
   -1.000000e+02   1.000000e+01  -7.500000e+00
   -1.000000e+02   1.000000e+01  -1.125000e+01
   -1.000000e+02   1.000000e+01  -1.500000e+01
   -1.000000e+02   1.000000e+01  -1.875000e+01
   -1.000000e+02   1.000000e+01  -2.250000e+01
   -1.000000e+02   1.000000e+01  -2.625000e+01
   -3.333333e+00   1.000000e+01  -2.000000e+00
   -6.666667e+00   1.000000e+01  -4.000000e+00
   -1.000000e+01   1.000000e+01  -6.000000e+00
   -1.333333e+01   1.000000e+01  -8.000000e+00
   -1.666667e+01   1.000000e+01  -1.000000e+01
   -2.000000e+01   1.000000e+01  -1.200000e+01
   -2.333333e+01   1.000000e+01  -1.400000e+01
   -2.666667e+01   1.000000e+01  -1.600000e+01
   -3.000000e+01   1.000000e+01  -1.800000e+01
   -3.333333e+01   1.000000e+01  -2.000000e+01
   -3.666667e+01   1.000000e+01  -2.200000e+01
   -4.000000e+01   1.000000e+01  -2.400000e+01
   -4.333333e+01   1.000000e+01  -2.600000e+01
   -4.666667e+01   1.000000e+01  -2.800000e+01
    3.333333e+00   1.000000e+01  -2.000000e+00
    6.666667e+00   1.000000e+01  -4.000000e+00
    1.000000e+01   1.000000e+01  -6.000000e+00
    1.333333e+01   1.000000e+01  -8.000000e+00
    1.666667e+01   1.000000e+01  -1.000000e+01
    2.000000e+01   1.000000e+01  -1.200000e+01
    2.333333e+01   1.000000e+01  -1.400000e+01
    2.666667e+01   1.000000e+01  -1.600000e+01
    3.000000e+01   1.000000e+01  -1.800000e+01
    3.333333e+01   1.000000e+01  -2.000000e+01
    3.666667e+01   1.000000e+01  -2.200000e+01
    4.000000e+01   1.000000e+01  -2.400000e+01
    4.333333e+01   1.000000e+01  -2.600000e+01
    4.666667e+01   1.000000e+01  -2.800000e+01
    3.846154e+00   1.000000e+01  -3.000000e+01
    7.692307e+00   1.000000e+01  -3.000000e+01
    1.153846e+01   1.000000e+01  -3.000000e+01
    1.538462e+01   1.000000e+01  -3.000000e+01
    1.923077e+01   1.000000e+01  -3.000000e+01
    2.307692e+01   1.000000e+01  -3.000000e+01
    2.692308e+01   1.000000e+01  -3.000000e+01
    3.076923e+01   1.000000e+01  -3.000000e+01
    3.461538e+01   1.000000e+01  -3.000000e+01
    3.846154e+01   1.000000e+01  -3.000000e+01
    4.230769e+01   1.000000e+01  -3.000000e+01
    4.615385e+01   1.000000e+01  -3.000000e+01
    0.000000e+00   1.000000e+01  -2.625000e+01
    0.000000e+00   1.000000e+01  -2.250000e+01
    0.000000e+00   1.000000e+01  -1.875000e+01
    0.000000e+00   1.000000e+01  -1.500000e+01
    0.000000e+00   1.000000e+01  -1.125000e+01
    0.000000e+00   1.000000e+01  -7.500000e+00
    0.000000e+00   1.000000e+01  -3.750000e+00
   -5.384615e+01   1.000000e+01  -3.000000e+01
   -5.769231e+01   1.000000e+01  -3.000000e+01
   -6.153846e+01   1.000000e+01  -3.000000e+01
   -6.538461e+01   1.000000e+01  -3.000000e+01
   -6.923077e+01   1.000000e+01  -3.000000e+01
   -7.307692e+01   1.000000e+01  -3.000000e+01
   -7.692308e+01   1.000000e+01  -3.000000e+01
   -8.076923e+01   1.000000e+01  -3.000000e+01
   -8.461539e+01   1.000000e+01  -3.000000e+01
   -8.846154e+01   1.000000e+01  -3.000000e+01
   -9.230769e+01   1.000000e+01  -3.000000e+01
   -9.615385e+01   1.000000e+01  -3.000000e+01
   -3.846154e+00   1.000000e+01  -3.000000e+01
   -7.692307e+00   1.000000e+01  -3.000000e+01
   -1.153846e+01   1.000000e+01  -3.000000e+01
   -1.538462e+01   1.000000e+01  -3.000000e+01
   -1.923077e+01   1.000000e+01  -3.000000e+01
   -2.307692e+01   1.000000e+01  -3.000000e+01
   -2.692308e+01   1.000000e+01  -3.000000e+01
   -3.076923e+01   1.000000e+01  -3.000000e+01
   -3.461538e+01   1.000000e+01  -3.000000e+01
   -3.846154e+01   1.000000e+01  -3.000000e+01
   -4.230769e+01   1.000000e+01  -3.000000e+01
   -4.615385e+01   1.000000e+01  -3.000000e+01
    5.384615e+01   1.000000e+01  -3.000000e+01
    5.769231e+01   1.000000e+01  -3.000000e+01
    6.153846e+01   1.000000e+01  -3.000000e+01
    6.538461e+01   1.000000e+01  -3.000000e+01
    6.923077e+01   1.000000e+01  -3.000000e+01
    7.307692e+01   1.000000e+01  -3.000000e+01
    7.692308e+01   1.000000e+01  -3.000000e+01
    8.076923e+01   1.000000e+01  -3.000000e+01
    8.461539e+01   1.000000e+01  -3.000000e+01
    8.846154e+01   1.000000e+01  -3.000000e+01
    9.230769e+01   1.000000e+01  -3.000000e+01
    9.615385e+01   1.000000e+01  -3.000000e+01
    5.333333e+01   1.000000e+01  -2.800000e+01
    5.666667e+01   1.000000e+01  -2.600000e+01
    6.000000e+01   1.000000e+01  -2.400000e+01
    6.333333e+01   1.000000e+01  -2.200000e+01
    6.666666e+01   1.000000e+01  -2.000000e+01
    7.000000e+01   1.000000e+01  -1.800000e+01
    7.333334e+01   1.000000e+01  -1.600000e+01
    7.666666e+01   1.000000e+01  -1.400000e+01
    8.000000e+01   1.000000e+01  -1.200000e+01
    8.333334e+01   1.000000e+01  -1.000000e+01
    8.666666e+01   1.000000e+01  -8.000000e+00
    9.000000e+01   1.000000e+01  -6.000000e+00
    9.333334e+01   1.000000e+01  -4.000000e+00
    9.666666e+01   1.000000e+01  -2.000000e+00
    1.000000e+02   1.000000e+01  -3.750000e+00
    1.000000e+02   1.000000e+01  -7.500000e+00
    1.000000e+02   1.000000e+01  -1.125000e+01
    1.000000e+02   1.000000e+01  -1.500000e+01
    1.000000e+02   1.000000e+01  -1.875000e+01
    1.000000e+02   1.000000e+01  -2.250000e+01
    1.000000e+02   1.000000e+01  -2.625000e+01
    1.038462e+02   1.000000e+01  -3.000000e+01
    1.076923e+02   1.000000e+01  -3.000000e+01
    1.115385e+02   1.000000e+01  -3.000000e+01
    1.153846e+02   1.000000e+01  -3.000000e+01
    1.192308e+02   1.000000e+01  -3.000000e+01
    1.230769e+02   1.000000e+01  -3.000000e+01
    1.269231e+02   1.000000e+01  -3.000000e+01
    1.307692e+02   1.000000e+01  -3.000000e+01
    1.346154e+02   1.000000e+01  -3.000000e+01
    1.384615e+02   1.000000e+01  -3.000000e+01
    1.423077e+02   1.000000e+01  -3.000000e+01
    1.461538e+02   1.000000e+01  -3.000000e+01
    5.000000e+01   1.000000e+01  -2.625000e+01
    5.000000e+01   1.000000e+01  -2.250000e+01
    5.000000e+01   1.000000e+01  -1.875000e+01
    5.000000e+01   1.000000e+01  -1.500000e+01
    5.000000e+01   1.000000e+01  -1.125000e+01
    5.000000e+01   1.000000e+01  -7.500000e+00
    5.000000e+01   1.000000e+01  -3.750000e+00
    1.033333e+02   1.000000e+01  -2.000000e+00
    1.066667e+02   1.000000e+01  -4.000000e+00
    1.100000e+02   1.000000e+01  -6.000000e+00
    1.133333e+02   1.000000e+01  -8.000000e+00
    1.166667e+02   1.000000e+01  -1.000000e+01
    1.200000e+02   1.000000e+01  -1.200000e+01
    1.233333e+02   1.000000e+01  -1.400000e+01
    1.266667e+02   1.000000e+01  -1.600000e+01
    1.300000e+02   1.000000e+01  -1.800000e+01
    1.333333e+02   1.000000e+01  -2.000000e+01
    1.366667e+02   1.000000e+01  -2.200000e+01
    1.400000e+02   1.000000e+01  -2.400000e+01
    1.433333e+02   1.000000e+01  -2.600000e+01
    1.466667e+02   1.000000e+01  -2.800000e+01
    1.538462e+02   1.000000e+01  -3.000000e+01
    1.576923e+02   1.000000e+01  -3.000000e+01
    1.615385e+02   1.000000e+01  -3.000000e+01
    1.653846e+02   1.000000e+01  -3.000000e+01
    1.692308e+02   1.000000e+01  -3.000000e+01
    1.730769e+02   1.000000e+01  -3.000000e+01
    1.769231e+02   1.000000e+01  -3.000000e+01
    1.807692e+02   1.000000e+01  -3.000000e+01
    1.846154e+02   1.000000e+01  -3.000000e+01
    1.884615e+02   1.000000e+01  -3.000000e+01
    1.923077e+02   1.000000e+01  -3.000000e+01
    1.961538e+02   1.000000e+01  -3.000000e+01
    1.533333e+02   1.000000e+01  -2.800000e+01
    1.566667e+02   1.000000e+01  -2.600000e+01
    1.600000e+02   1.000000e+01  -2.400000e+01
    1.633333e+02   1.000000e+01  -2.200000e+01
    1.666667e+02   1.000000e+01  -2.000000e+01
    1.700000e+02   1.000000e+01  -1.800000e+01
    1.733333e+02   1.000000e+01  -1.600000e+01
    1.766667e+02   1.000000e+01  -1.400000e+01
    1.800000e+02   1.000000e+01  -1.200000e+01
    1.833333e+02   1.000000e+01  -1.000000e+01
    1.866667e+02   1.000000e+01  -8.000000e+00
    1.900000e+02   1.000000e+01  -6.000000e+00
    1.933333e+02   1.000000e+01  -4.000000e+00
    1.966667e+02   1.000000e+01  -2.000000e+00
    2.000000e+02   1.000000e+01  -3.750000e+00
    2.000000e+02   1.000000e+01  -7.500000e+00
    2.000000e+02   1.000000e+01  -1.125000e+01
    2.000000e+02   1.000000e+01  -1.500000e+01
    2.000000e+02   1.000000e+01  -1.875000e+01
    2.000000e+02   1.000000e+01  -2.250000e+01
    2.000000e+02   1.000000e+01  -2.625000e+01
    2.038462e+02   1.000000e+01  -3.000000e+01
    2.076923e+02   1.000000e+01  -3.000000e+01
    2.115385e+02   1.000000e+01  -3.000000e+01
    2.153846e+02   1.000000e+01  -3.000000e+01
    2.192308e+02   1.000000e+01  -3.000000e+01
    2.230769e+02   1.000000e+01  -3.000000e+01
    2.269231e+02   1.000000e+01  -3.000000e+01
    2.307692e+02   1.000000e+01  -3.000000e+01
    2.346154e+02   1.000000e+01  -3.000000e+01
    2.384615e+02   1.000000e+01  -3.000000e+01
    2.423077e+02   1.000000e+01  -3.000000e+01
    2.461538e+02   1.000000e+01  -3.000000e+01
    1.500000e+02   1.000000e+01  -2.625000e+01
    1.500000e+02   1.000000e+01  -2.250000e+01
    1.500000e+02   1.000000e+01  -1.875000e+01
    1.500000e+02   1.000000e+01  -1.500000e+01
    1.500000e+02   1.000000e+01  -1.125000e+01
    1.500000e+02   1.000000e+01  -7.500000e+00
    1.500000e+02   1.000000e+01  -3.750000e+00
    2.033333e+02   1.000000e+01  -2.000000e+00
    2.066667e+02   1.000000e+01  -4.000000e+00
    2.100000e+02   1.000000e+01  -6.000000e+00
    2.133333e+02   1.000000e+01  -8.000000e+00
    2.166667e+02   1.000000e+01  -1.000000e+01
    2.200000e+02   1.000000e+01  -1.200000e+01
    2.233333e+02   1.000000e+01  -1.400000e+01
    2.266667e+02   1.000000e+01  -1.600000e+01
    2.300000e+02   1.000000e+01  -1.800000e+01
    2.333333e+02   1.000000e+01  -2.000000e+01
    2.366667e+02   1.000000e+01  -2.200000e+01
    2.400000e+02   1.000000e+01  -2.400000e+01
    2.433333e+02   1.000000e+01  -2.600000e+01
    2.466667e+02   1.000000e+01  -2.800000e+01
   -5.000000e+01  -1.000000e+01  -0.000000e+00
   -0.000000e+00  -1.000000e+01   1.500000e+02
   -1.000000e+02  -1.000000e+01  -0.000000e+00
   -0.000000e+00  -1.000000e+01   1.500000e+02
   -1.500000e+02  -1.000000e+01  -0.000000e+00
   -0.000000e+00  -1.000000e+01   1.500000e+02
   -2.000000e+02  -1.000000e+01  -0.000000e+00
   -0.000000e+00  -1.000000e+01   1.500000e+02
   -2.500000e+02  -1.000000e+01  -0.000000e+00
   -0.000000e+00  -1.000000e+01   1.500000e+02
   -5.000000e+01   1.000000e+01  -0.000000e+00
   -0.000000e+00   1.000000e+01   1.500000e+02
   -1.000000e+02   1.000000e+01  -0.000000e+00
   -0.000000e+00   1.000000e+01   1.500000e+02
   -1.500000e+02   1.000000e+01  -0.000000e+00
   -0.000000e+00   1.000000e+01   1.500000e+02
   -2.000000e+02   1.000000e+01  -0.000000e+00
   -0.000000e+00   1.000000e+01   1.500000e+02
   -2.500000e+02   1.000000e+01  -0.000000e+00
   -0.000000e+00   1.000000e+01   1.500000e+02
    5.000000e+01  -1.000000e+01   0.000000e+00
    0.000000e+00  -1.000000e+01   1.500000e+02
    1.000000e+02  -1.000000e+01   0.000000e+00
    0.000000e+00  -1.000000e+01   1.500000e+02
    1.500000e+02  -1.000000e+01   0.000000e+00
    0.000000e+00  -1.000000e+01   1.500000e+02
    2.000000e+02  -1.000000e+01   0.000000e+00
    0.000000e+00  -1.000000e+01   1.500000e+02
    2.500000e+02  -1.000000e+01   0.000000e+00
    0.000000e+00  -1.000000e+01   1.500000e+02
    5.000000e+01   1.000000e+01   0.000000e+00
    0.000000e+00   1.000000e+01   1.500000e+02
    1.000000e+02   1.000000e+01   0.000000e+00
    0.000000e+00   1.000000e+01   1.500000e+02
    1.500000e+02   1.000000e+01   0.000000e+00
    0.000000e+00   1.000000e+01   1.500000e+02
    2.000000e+02   1.000000e+01   0.000000e+00
    0.000000e+00   1.000000e+01   1.500000e+02
    2.500000e+02   1.000000e+01   0.000000e+00
    0.000000e+00   1.000000e+01   1.500000e+02

CELLS 2884 20012
  2 3437 3457
  2 3457 3458
  2 3458 3459
  2 3459 3460
  2 3460 3461
  2 3461 3462
  2 3462 3463
  2 3463 3464
  2 3464 3465
  2 3465 3466
  2 3466 3467
  2 3467 3468
  2 3468 2231
  2 17 3469
  2 3469 3470
  2 3470 3471
  2 3471 3472
  2 3472 3473
  2 3473 3474
  2 3474 3475
  2 3475 3476
  2 3476 3477
  2 3477 3478
  2 3478 3479
  2 3479 3480
  2 3480 3481
  2 3481 3482
  2 3482 2231
  2 3440 3483
  2 3483 3484
  2 3484 3485
  2 3485 3486
  2 3486 3487
  2 3487 3488
  2 3488 3489
  2 3489 3490
  2 3490 3491
  2 3491 3492
  2 3492 3493
  2 3493 3494
  2 3494 3495
  2 3495 3496
  2 3496 17
  2 3440 3497
  2 3497 3498
  2 3498 3499
  2 3499 3500
  2 3500 3501
  2 3501 3502
  2 3502 3503
  2 3503 15
  2 17 3504
  2 3504 3505
  2 3505 3506
  2 3506 3507
  2 3507 3508
  2 3508 3509
  2 3509 3510
  2 3510 3437
  2 13 3511
  2 3511 3512
  2 3512 3513
  2 3513 3514
  2 3514 3515
  2 3515 3516
  2 3516 3517
  2 3517 3518
  2 3518 3519
  2 3519 3520
  2 3520 3521
  2 3521 3522
  2 3522 3523
  2 3523 3524
  2 3524 3440
  2 3443 3525
  2 3525 3526
  2 3526 3527
  2 3527 3528
  2 3528 3529
  2 3529 3530
  2 3530 3531
  2 3531 3532
  2 3532 3533
  2 3533 3534
  2 3534 3535
  2 3535 3536
  2 3536 3537
  2 3537 3538
  2 3538 13
  2 3443 3539
  2 3539 3540
  2 3540 3541
  2 3541 3542
  2 3542 3543
  2 3543 3544
  2 3544 3545
  2 3545 11
  2 3440 3546
  2 3546 3547
  2 3547 3548
  2 3548 3549
  2 3549 3550
  2 3550 3551
  2 3551 3552
  2 3552 3553
  2 3553 3554
  2 3554 3555
  2 3555 3556
  2 3556 3557
  2 3557 3437
  2 3445 3558
  2 3558 3559
  2 3559 3560
  2 3560 3561
  2 3561 3562
  2 3562 3563
  2 3563 3564
  2 3564 3565
  2 3565 3566
  2 3566 3567
  2 3567 3568
  2 3568 3569
  2 3569 3440
  2 13 3570
  2 3570 3571
  2 3571 3572
  2 3572 3573
  2 3573 3574
  2 3574 3575
  2 3575 3576
  2 3576 3445
  2 9 3577
  2 3577 3578
  2 3578 3579
  2 3579 3580
  2 3580 3581
  2 3581 3582
  2 3582 3583
  2 3583 3584
  2 3584 3585
  2 3585 3586
  2 3586 3587
  2 3587 3588
  2 3588 3589
  2 3589 3590
  2 3590 3443
  2 9 3591
  2 3591 3592
  2 3592 3593
  2 3593 3594
  2 3594 3595
  2 3595 3596
  2 3596 3597
  2 3597 3598
  2 3598 3599
  2 3599 3600
  2 3600 3601
  2 3601 3602
  2 3602 3603
  2 3603 3604
  2 3604 3447
  2 3448 3605
  2 3605 3606
  2 3606 3607
  2 3607 3608
  2 3608 3609
  2 3609 3610
  2 3610 3611
  2 3611 3612
  2 3612 3613
  2 3613 3614
  2 3614 3615
  2 3615 3616
  2 3616 3447
  2 3448 3617
  2 3617 3618
  2 3618 3619
  2 3619 3620
  2 3620 3621
  2 3621 3622
  2 3622 3623
  2 3623 9
  2 3443 3624
  2 3624 3625
  2 3625 3626
  2 3626 3627
  2 3627 3628
  2 3628 3629
  2 3629 3630
  2 3630 3631
  2 3631 3632
  2 3632 3633
  2 3633 3634
  2 3634 3635
  2 3635 3445
  2 3448 3636
  2 3636 3637
  2 3637 3638
  2 3638 3639
  2 3639 3640
  2 3640 3641
  2 3641 3642
  2 3642 3643
  2 3643 3644
  2 3644 3645
  2 3645 3646
  2 3646 3647
  2 3647 3443
  2 3447 3648
  2 3648 3649
  2 3649 3650
  2 3650 3651
  2 3651 3652
  2 3652 3653
  2 3653 3654
  2 3654 3655
  2 3655 3656
  2 3656 3657
  2 3657 3658
  2 3658 3659
  2 3659 3449
  2 3447 3660
  2 3660 3661
  2 3661 3662
  2 3662 3663
  2 3663 3664
  2 3664 3665
  2 3665 3666
  2 3666 3667
  2 3667 3668
  2 3668 3669
  2 3669 3670
  2 3670 3671
  2 3671 3672
  2 3672 3673
  2 3673 5
  2 5 3674
  2 3674 3675
  2 3675 3676
  2 3676 3677
  2 3677 3678
  2 3678 3679
  2 3679 3680
  2 3680 3449
  2 3449 3681
  2 3681 3682
  2 3682 3683
  2 3683 3684
  2 3684 3685
  2 3685 3686
  2 3686 3687
  2 3687 3688
  2 3688 3689
  2 3689 3690
  2 3690 3691
  2 3691 3692
  2 3692 3451
  2 3447 3693
  2 3693 3694
  2 3694 3695
  2 3695 3696
  2 3696 3697
  2 3697 3698
  2 3698 3699
  2 3699 7
  2 5 3700
  2 3700 3701
  2 3701 3702
  2 3702 3703
  2 3703 3704
  2 3704 3705
  2 3705 3706
  2 3706 3707
  2 3707 3708
  2 3708 3709
  2 3709 3710
  2 3710 3711
  2 3711 3712
  2 3712 3713
  2 3713 3451
  2 3451 3714
  2 3714 3715
  2 3715 3716
  2 3716 3717
  2 3717 3718
  2 3718 3719
  2 3719 3720
  2 3720 3721
  2 3721 3722
  2 3722 3723
  2 3723 3724
  2 3724 3725
  2 3725 3453
  2 3451 3726
  2 3726 3727
  2 3727 3728
  2 3728 3729
  2 3729 3730
  2 3730 3731
  2 3731 3732
  2 3732 3733
  2 3733 3734
  2 3734 3735
  2 3735 3736
  2 3736 3737
  2 3737 3738
  2 3738 3739
  2 3739 0
  2 0 3740
  2 3740 3741
  2 3741 3742
  2 3742 3743
  2 3743 3744
  2 3744 3745
  2 3745 3746
  2 3746 3453
  2 3453 3747
  2 3747 3748
  2 3748 3749
  2 3749 3750
  2 3750 3751
  2 3751 3752
  2 3752 3753
  2 3753 3754
  2 3754 3755
  2 3755 3756
  2 3756 3757
  2 3757 3758
  2 3758 2833
  2 3451 3759
  2 3759 3760
  2 3760 3761
  2 3761 3762
  2 3762 3763
  2 3763 3764
  2 3764 3765
  2 3765 3
  2 0 3766
  2 3766 3767
  2 3767 3768
  2 3768 3769
  2 3769 3770
  2 3770 3771
  2 3771 3772
  2 3772 3773
  2 3773 3774
  2 3774 3775
  2 3775 3776
  2 3776 3777
  2 3777 3778
  2 3778 3779
  2 3779 2833
  2 3780 3800
  2 3800 3801
  2 3801 3802
  2 3802 3803
  2 3803 3804
  2 3804 3805
  2 3805 3806
  2 3806 3807
  2 3807 3808
  2 3808 3809
  2 3809 3810
  2 3810 3811
  2 3811 2234
  2 16 3812
  2 3812 3813
  2 3813 3814
  2 3814 3815
  2 3815 3816
  2 3816 3817
  2 3817 3818
  2 3818 3819
  2 3819 3820
  2 3820 3821
  2 3821 3822
  2 3822 3823
  2 3823 3824
  2 3824 3825
  2 3825 2234
  2 3783 3826
  2 3826 3827
  2 3827 3828
  2 3828 3829
  2 3829 3830
  2 3830 3831
  2 3831 3832
  2 3832 3833
  2 3833 3834
  2 3834 3835
  2 3835 3836
  2 3836 3837
  2 3837 3838
  2 3838 3839
  2 3839 16
  2 3783 3840
  2 3840 3841
  2 3841 3842
  2 3842 3843
  2 3843 3844
  2 3844 3845
  2 3845 3846
  2 3846 14
  2 16 3847
  2 3847 3848
  2 3848 3849
  2 3849 3850
  2 3850 3851
  2 3851 3852
  2 3852 3853
  2 3853 3780
  2 12 3854
  2 3854 3855
  2 3855 3856
  2 3856 3857
  2 3857 3858
  2 3858 3859
  2 3859 3860
  2 3860 3861
  2 3861 3862
  2 3862 3863
  2 3863 3864
  2 3864 3865
  2 3865 3866
  2 3866 3867
  2 3867 3783
  2 3786 3868
  2 3868 3869
  2 3869 3870
  2 3870 3871
  2 3871 3872
  2 3872 3873
  2 3873 3874
  2 3874 3875
  2 3875 3876
  2 3876 3877
  2 3877 3878
  2 3878 3879
  2 3879 3880
  2 3880 3881
  2 3881 12
  2 3786 3882
  2 3882 3883
  2 3883 3884
  2 3884 3885
  2 3885 3886
  2 3886 3887
  2 3887 3888
  2 3888 10
  2 3783 3889
  2 3889 3890
  2 3890 3891
  2 3891 3892
  2 3892 3893
  2 3893 3894
  2 3894 3895
  2 3895 3896
  2 3896 3897
  2 3897 3898
  2 3898 3899
  2 3899 3900
  2 3900 3780
  2 3788 3901
  2 3901 3902
  2 3902 3903
  2 3903 3904
  2 3904 3905
  2 3905 3906
  2 3906 3907
  2 3907 3908
  2 3908 3909
  2 3909 3910
  2 3910 3911
  2 3911 3912
  2 3912 3783
  2 12 3913
  2 3913 3914
  2 3914 3915
  2 3915 3916
  2 3916 3917
  2 3917 3918
  2 3918 3919
  2 3919 3788
  2 8 3920
  2 3920 3921
  2 3921 3922
  2 3922 3923
  2 3923 3924
  2 3924 3925
  2 3925 3926
  2 3926 3927
  2 3927 3928
  2 3928 3929
  2 3929 3930
  2 3930 3931
  2 3931 3932
  2 3932 3933
  2 3933 3786
  2 8 3934
  2 3934 3935
  2 3935 3936
  2 3936 3937
  2 3937 3938
  2 3938 3939
  2 3939 3940
  2 3940 3941
  2 3941 3942
  2 3942 3943
  2 3943 3944
  2 3944 3945
  2 3945 3946
  2 3946 3947
  2 3947 3790
  2 3791 3948
  2 3948 3949
  2 3949 3950
  2 3950 3951
  2 3951 3952
  2 3952 3953
  2 3953 3954
  2 3954 3955
  2 3955 3956
  2 3956 3957
  2 3957 3958
  2 3958 3959
  2 3959 3790
  2 3791 3960
  2 3960 3961
  2 3961 3962
  2 3962 3963
  2 3963 3964
  2 3964 3965
  2 3965 3966
  2 3966 8
  2 3786 3967
  2 3967 3968
  2 3968 3969
  2 3969 3970
  2 3970 3971
  2 3971 3972
  2 3972 3973
  2 3973 3974
  2 3974 3975
  2 3975 3976
  2 3976 3977
  2 3977 3978
  2 3978 3788
  2 3791 3979
  2 3979 3980
  2 3980 3981
  2 3981 3982
  2 3982 3983
  2 3983 3984
  2 3984 3985
  2 3985 3986
  2 3986 3987
  2 3987 3988
  2 3988 3989
  2 3989 3990
  2 3990 3786
  2 3790 3991
  2 3991 3992
  2 3992 3993
  2 3993 3994
  2 3994 3995
  2 3995 3996
  2 3996 3997
  2 3997 3998
  2 3998 3999
  2 3999 4000
  2 4000 4001
  2 4001 4002
  2 4002 3792
  2 3790 4003
  2 4003 4004
  2 4004 4005
  2 4005 4006
  2 4006 4007
  2 4007 4008
  2 4008 4009
  2 4009 4010
  2 4010 4011
  2 4011 4012
  2 4012 4013
  2 4013 4014
  2 4014 4015
  2 4015 4016
  2 4016 4
  2 4 4017
  2 4017 4018
  2 4018 4019
  2 4019 4020
  2 4020 4021
  2 4021 4022
  2 4022 4023
  2 4023 3792
  2 3792 4024
  2 4024 4025
  2 4025 4026
  2 4026 4027
  2 4027 4028
  2 4028 4029
  2 4029 4030
  2 4030 4031
  2 4031 4032
  2 4032 4033
  2 4033 4034
  2 4034 4035
  2 4035 3794
  2 3790 4036
  2 4036 4037
  2 4037 4038
  2 4038 4039
  2 4039 4040
  2 4040 4041
  2 4041 4042
  2 4042 6
  2 4 4043
  2 4043 4044
  2 4044 4045
  2 4045 4046
  2 4046 4047
  2 4047 4048
  2 4048 4049
  2 4049 4050
  2 4050 4051
  2 4051 4052
  2 4052 4053
  2 4053 4054
  2 4054 4055
  2 4055 4056
  2 4056 3794
  2 3794 4057
  2 4057 4058
  2 4058 4059
  2 4059 4060
  2 4060 4061
  2 4061 4062
  2 4062 4063
  2 4063 4064
  2 4064 4065
  2 4065 4066
  2 4066 4067
  2 4067 4068
  2 4068 3796
  2 3794 4069
  2 4069 4070
  2 4070 4071
  2 4071 4072
  2 4072 4073
  2 4073 4074
  2 4074 4075
  2 4075 4076
  2 4076 4077
  2 4077 4078
  2 4078 4079
  2 4079 4080
  2 4080 4081
  2 4081 4082
  2 4082 1
  2 1 4083
  2 4083 4084
  2 4084 4085
  2 4085 4086
  2 4086 4087
  2 4087 4088
  2 4088 4089
  2 4089 3796
  2 3796 4090
  2 4090 4091
  2 4091 4092
  2 4092 4093
  2 4093 4094
  2 4094 4095
  2 4095 4096
  2 4096 4097
  2 4097 4098
  2 4098 4099
  2 4099 4100
  2 4100 4101
  2 4101 2832
  2 3794 4102
  2 4102 4103
  2 4103 4104
  2 4104 4105
  2 4105 4106
  2 4106 4107
  2 4107 4108
  2 4108 2
  2 1 4109
  2 4109 4110
  2 4110 4111
  2 4111 4112
  2 4112 4113
  2 4113 4114
  2 4114 4115
  2 4115 4116
  2 4116 4117
  2 4117 4118
  2 4118 4119
  2 4119 4120
  2 4120 4121
  2 4121 4122
  2 4122 2832
  2 11 512
  2 13 512
  2 15 512
  2 17 512
  2 2233 512
  2 10 1370
  2 12 1370
  2 14 1370
  2 16 1370
  2 2232 1370
  2 7 512
  2 5 512
  2 3 512
  2 0 512
  2 2834 512
  2 6 1370
  2 4 1370
  2 2 1370
  2 1 1370
  2 2835 1370
  4 0 22 235 45
  4 22 23 236 235
  4 23 24 237 236
  4 24 1 25 237
  4 45 235 238 44
  4 235 236 239 238
  4 236 237 240 239
  4 237 25 26 240
  4 44 238 241 43
  4 238 239 242 241
  4 239 240 243 242
  4 240 26 27 243
  4 43 241 244 42
  4 241 242 245 244
  4 242 243 246 245
  4 243 27 28 246
  4 42 244 247 41
  4 244 245 248 247
  4 245 246 249 248
  4 246 28 29 249
  4 41 247 250 40
  4 247 248 251 250
  4 248 249 252 251
  4 249 29 30 252
  4 40 250 253 39
  4 250 251 254 253
  4 251 252 255 254
  4 252 30 31 255
  4 39 253 256 38
  4 253 254 257 256
  4 254 255 258 257
  4 255 31 32 258
  4 38 256 259 37
  4 256 257 260 259
  4 257 258 261 260
  4 258 32 33 261
  4 37 259 36 3
  4 259 260 35 36
  4 260 261 34 35
  4 261 33 2 34
  4 3 36 262 66
  4 36 35 263 262
  4 35 34 264 263
  4 34 2 46 264
  4 66 262 265 65
  4 262 263 266 265
  4 263 264 267 266
  4 264 46 47 267
  4 65 265 268 64
  4 265 266 269 268
  4 266 267 270 269
  4 267 47 48 270
  4 64 268 271 63
  4 268 269 272 271
  4 269 270 273 272
  4 270 48 49 273
  4 63 271 274 62
  4 271 272 275 274
  4 272 273 276 275
  4 273 49 50 276
  4 62 274 277 61
  4 274 275 278 277
  4 275 276 279 278
  4 276 50 51 279
  4 61 277 280 60
  4 277 278 281 280
  4 278 279 282 281
  4 279 51 52 282
  4 60 280 283 59
  4 280 281 284 283
  4 281 282 285 284
  4 282 52 53 285
  4 59 283 286 58
  4 283 284 287 286
  4 284 285 288 287
  4 285 53 54 288
  4 58 286 57 5
  4 286 287 56 57
  4 287 288 55 56
  4 288 54 4 55
  4 5 57 289 87
  4 57 56 290 289
  4 56 55 291 290
  4 55 4 67 291
  4 87 289 292 86
  4 289 290 293 292
  4 290 291 294 293
  4 291 67 68 294
  4 86 292 295 85
  4 292 293 296 295
  4 293 294 297 296
  4 294 68 69 297
  4 85 295 298 84
  4 295 296 299 298
  4 296 297 300 299
  4 297 69 70 300
  4 84 298 301 83
  4 298 299 302 301
  4 299 300 303 302
  4 300 70 71 303
  4 83 301 304 82
  4 301 302 305 304
  4 302 303 306 305
  4 303 71 72 306
  4 82 304 307 81
  4 304 305 308 307
  4 305 306 309 308
  4 306 72 73 309
  4 81 307 310 80
  4 307 308 311 310
  4 308 309 312 311
  4 309 73 74 312
  4 80 310 313 79
  4 310 311 314 313
  4 311 312 315 314
  4 312 74 75 315
  4 79 313 78 7
  4 313 314 77 78
  4 314 315 76 77
  4 315 75 6 76
  4 7 78 316 108
  4 78 77 317 316
  4 77 76 318 317
  4 76 6 88 318
  4 108 316 319 107
  4 316 317 320 319
  4 317 318 321 320
  4 318 88 89 321
  4 107 319 322 106
  4 319 320 323 322
  4 320 321 324 323
  4 321 89 90 324
  4 106 322 325 105
  4 322 323 326 325
  4 323 324 327 326
  4 324 90 91 327
  4 105 325 328 104
  4 325 326 329 328
  4 326 327 330 329
  4 327 91 92 330
  4 104 328 331 103
  4 328 329 332 331
  4 329 330 333 332
  4 330 92 93 333
  4 103 331 334 102
  4 331 332 335 334
  4 332 333 336 335
  4 333 93 94 336
  4 102 334 337 101
  4 334 335 338 337
  4 335 336 339 338
  4 336 94 95 339
  4 101 337 340 100
  4 337 338 341 340
  4 338 339 342 341
  4 339 95 96 342
  4 100 340 99 9
  4 340 341 98 99
  4 341 342 97 98
  4 342 96 8 97
  4 9 99 343 129
  4 99 98 344 343
  4 98 97 345 344
  4 97 8 109 345
  4 129 343 346 128
  4 343 344 347 346
  4 344 345 348 347
  4 345 109 110 348
  4 128 346 349 127
  4 346 347 350 349
  4 347 348 351 350
  4 348 110 111 351
  4 127 349 352 126
  4 349 350 353 352
  4 350 351 354 353
  4 351 111 112 354
  4 126 352 355 125
  4 352 353 356 355
  4 353 354 357 356
  4 354 112 113 357
  4 125 355 358 124
  4 355 356 359 358
  4 356 357 360 359
  4 357 113 114 360
  4 124 358 361 123
  4 358 359 362 361
  4 359 360 363 362
  4 360 114 115 363
  4 123 361 364 122
  4 361 362 365 364
  4 362 363 366 365
  4 363 115 116 366
  4 122 364 367 121
  4 364 365 368 367
  4 365 366 369 368
  4 366 116 117 369
  4 121 367 120 11
  4 367 368 119 120
  4 368 369 118 119
  4 369 117 10 118
  4 11 120 370 150
  4 120 119 371 370
  4 119 118 372 371
  4 118 10 130 372
  4 150 370 373 149
  4 370 371 374 373
  4 371 372 375 374
  4 372 130 131 375
  4 149 373 376 148
  4 373 374 377 376
  4 374 375 378 377
  4 375 131 132 378
  4 148 376 379 147
  4 376 377 380 379
  4 377 378 381 380
  4 378 132 133 381
  4 147 379 382 146
  4 379 380 383 382
  4 380 381 384 383
  4 381 133 134 384
  4 146 382 385 145
  4 382 383 386 385
  4 383 384 387 386
  4 384 134 135 387
  4 145 385 388 144
  4 385 386 389 388
  4 386 387 390 389
  4 387 135 136 390
  4 144 388 391 143
  4 388 389 392 391
  4 389 390 393 392
  4 390 136 137 393
  4 143 391 394 142
  4 391 392 395 394
  4 392 393 396 395
  4 393 137 138 396
  4 142 394 141 13
  4 394 395 140 141
  4 395 396 139 140
  4 396 138 12 139
  4 13 141 397 171
  4 141 140 398 397
  4 140 139 399 398
  4 139 12 151 399
  4 171 397 400 170
  4 397 398 401 400
  4 398 399 402 401
  4 399 151 152 402
  4 170 400 403 169
  4 400 401 404 403
  4 401 402 405 404
  4 402 152 153 405
  4 169 403 406 168
  4 403 404 407 406
  4 404 405 408 407
  4 405 153 154 408
  4 168 406 409 167
  4 406 407 410 409
  4 407 408 411 410
  4 408 154 155 411
  4 167 409 412 166
  4 409 410 413 412
  4 410 411 414 413
  4 411 155 156 414
  4 166 412 415 165
  4 412 413 416 415
  4 413 414 417 416
  4 414 156 157 417
  4 165 415 418 164
  4 415 416 419 418
  4 416 417 420 419
  4 417 157 158 420
  4 164 418 421 163
  4 418 419 422 421
  4 419 420 423 422
  4 420 158 159 423
  4 163 421 162 15
  4 421 422 161 162
  4 422 423 160 161
  4 423 159 14 160
  4 15 162 424 192
  4 162 161 425 424
  4 161 160 426 425
  4 160 14 172 426
  4 192 424 427 191
  4 424 425 428 427
  4 425 426 429 428
  4 426 172 173 429
  4 191 427 430 190
  4 427 428 431 430
  4 428 429 432 431
  4 429 173 174 432
  4 190 430 433 189
  4 430 431 434 433
  4 431 432 435 434
  4 432 174 175 435
  4 189 433 436 188
  4 433 434 437 436
  4 434 435 438 437
  4 435 175 176 438
  4 188 436 439 187
  4 436 437 440 439
  4 437 438 441 440
  4 438 176 177 441
  4 187 439 442 186
  4 439 440 443 442
  4 440 441 444 443
  4 441 177 178 444
  4 186 442 445 185
  4 442 443 446 445
  4 443 444 447 446
  4 444 178 179 447
  4 185 445 448 184
  4 445 446 449 448
  4 446 447 450 449
  4 447 179 180 450
  4 184 448 183 17
  4 448 449 182 183
  4 449 450 181 182
  4 450 180 16 181
  4 17 183 451 213
  4 183 182 452 451
  4 182 181 453 452
  4 181 16 193 453
  4 213 451 454 212
  4 451 452 455 454
  4 452 453 456 455
  4 453 193 194 456
  4 212 454 457 211
  4 454 455 458 457
  4 455 456 459 458
  4 456 194 195 459
  4 211 457 460 210
  4 457 458 461 460
  4 458 459 462 461
  4 459 195 196 462
  4 210 460 463 209
  4 460 461 464 463
  4 461 462 465 464
  4 462 196 197 465
  4 209 463 466 208
  4 463 464 467 466
  4 464 465 468 467
  4 465 197 198 468
  4 208 466 469 207
  4 466 467 470 469
  4 467 468 471 470
  4 468 198 199 471
  4 207 469 472 206
  4 469 470 473 472
  4 470 471 474 473
  4 471 199 200 474
  4 206 472 475 205
  4 472 473 476 475
  4 473 474 477 476
  4 474 200 201 477
  4 205 475 2265 2233
  4 475 476 2264 2265
  4 476 477 2263 2264
  4 477 201 2232 2263
  4 1 24 478 234
  4 24 23 479 478
  4 23 22 480 479
  4 22 0 214 480
  4 234 478 481 233
  4 478 479 482 481
  4 479 480 483 482
  4 480 214 215 483
  4 233 481 484 232
  4 481 482 485 484
  4 482 483 486 485
  4 483 215 216 486
  4 232 484 487 231
  4 484 485 488 487
  4 485 486 489 488
  4 486 216 217 489
  4 231 487 490 230
  4 487 488 491 490
  4 488 489 492 491
  4 489 217 218 492
  4 230 490 493 229
  4 490 491 494 493
  4 491 492 495 494
  4 492 218 219 495
  4 229 493 496 228
  4 493 494 497 496
  4 494 495 498 497
  4 495 219 220 498
  4 228 496 499 227
  4 496 497 500 499
  4 497 498 501 500
  4 498 220 221 501
  4 227 499 502 226
  4 499 500 503 502
  4 500 501 504 503
  4 501 221 222 504
  4 226 502 2854 2835
  4 502 503 2853 2854
  4 503 504 2852 2853
  4 504 222 2834 2852
  8 606 933 1210 777 505 517 773 522
  8 933 646 855 1210 517 506 518 773
  8 777 1210 1211 778 522 773 774 521
  8 1210 855 856 1211 773 518 519 774
  8 778 1211 972 529 521 774 520 508
  8 1211 856 645 972 774 519 507 520
  8 605 934 1212 779 606 933 1210 777
  8 934 647 857 1212 933 646 855 1210
  8 779 1212 1213 780 777 1210 1211 778
  8 1212 857 858 1213 1210 855 856 1211
  8 780 1213 973 530 778 1211 972 529
  8 1213 858 644 973 1211 856 645 972
  8 604 935 1214 781 605 934 1212 779
  8 935 648 859 1214 934 647 857 1212
  8 781 1214 1215 782 779 1212 1213 780
  8 1214 859 860 1215 1212 857 858 1213
  8 782 1215 974 531 780 1213 973 530
  8 1215 860 643 974 1213 858 644 973
  8 603 936 1216 783 604 935 1214 781
  8 936 649 861 1216 935 648 859 1214
  8 783 1216 1217 784 781 1214 1215 782
  8 1216 861 862 1217 1214 859 860 1215
  8 784 1217 975 532 782 1215 974 531
  8 1217 862 642 975 1215 860 643 974
  8 602 937 1218 785 603 936 1216 783
  8 937 650 863 1218 936 649 861 1216
  8 785 1218 1219 786 783 1216 1217 784
  8 1218 863 864 1219 1216 861 862 1217
  8 786 1219 976 533 784 1217 975 532
  8 1219 864 641 976 1217 862 642 975
  8 601 938 1220 787 602 937 1218 785
  8 938 651 865 1220 937 650 863 1218
  8 787 1220 1221 788 785 1218 1219 786
  8 1220 865 866 1221 1218 863 864 1219
  8 788 1221 977 534 786 1219 976 533
  8 1221 866 640 977 1219 864 641 976
  8 600 939 1222 789 601 938 1220 787
  8 939 652 867 1222 938 651 865 1220
  8 789 1222 1223 790 787 1220 1221 788
  8 1222 867 868 1223 1220 865 866 1221
  8 790 1223 978 535 788 1221 977 534
  8 1223 868 639 978 1221 866 640 977
  8 599 940 1224 791 600 939 1222 789
  8 940 653 869 1224 939 652 867 1222
  8 791 1224 1225 792 789 1222 1223 790
  8 1224 869 870 1225 1222 867 868 1223
  8 792 1225 979 536 790 1223 978 535
  8 1225 870 638 979 1223 868 639 978
  8 598 941 1226 793 599 940 1224 791
  8 941 654 871 1226 940 653 869 1224
  8 793 1226 1227 794 791 1224 1225 792
  8 1226 871 872 1227 1224 869 870 1225
  8 794 1227 980 537 792 1225 979 536
  8 1227 872 637 980 1225 870 638 979
  8 597 942 1228 795 598 941 1226 793
  8 942 655 873 1228 941 654 871 1226
  8 795 1228 1229 796 793 1226 1227 794
  8 1228 873 874 1229 1226 871 872 1227
  8 796 1229 981 538 794 1227 980 537
  8 1229 874 636 981 1227 872 637 980
  8 596 943 1230 797 597 942 1228 795
  8 943 656 875 1230 942 655 873 1228
  8 797 1230 1231 798 795 1228 1229 796
  8 1230 875 876 1231 1228 873 874 1229
  8 798 1231 982 539 796 1229 981 538
  8 1231 876 635 982 1229 874 636 981
  8 595 944 1232 799 596 943 1230 797
  8 944 657 877 1232 943 656 875 1230
  8 799 1232 1233 800 797 1230 1231 798
  8 1232 877 878 1233 1230 875 876 1231
  8 800 1233 983 540 798 1231 982 539
  8 1233 878 634 983 1231 876 635 982
  8 594 945 1234 801 595 944 1232 799
  8 945 658 879 1234 944 657 877 1232
  8 801 1234 1235 802 799 1232 1233 800
  8 1234 879 880 1235 1232 877 878 1233
  8 802 1235 984 541 800 1233 983 540
  8 1235 880 633 984 1233 878 634 983
  8 593 946 1236 803 594 945 1234 801
  8 946 659 881 1236 945 658 879 1234
  8 803 1236 1237 804 801 1234 1235 802
  8 1236 881 882 1237 1234 879 880 1235
  8 804 1237 985 542 802 1235 984 541
  8 1237 882 632 985 1235 880 633 984
  8 592 947 1238 805 593 946 1236 803
  8 947 660 883 1238 946 659 881 1236
  8 805 1238 1239 806 803 1236 1237 804
  8 1238 883 884 1239 1236 881 882 1237
  8 806 1239 986 543 804 1237 985 542
  8 1239 884 631 986 1237 882 632 985
  8 591 948 1240 807 592 947 1238 805
  8 948 661 885 1240 947 660 883 1238
  8 807 1240 1241 808 805 1238 1239 806
  8 1240 885 886 1241 1238 883 884 1239
  8 808 1241 987 544 806 1239 986 543
  8 1241 886 630 987 1239 884 631 986
  8 590 949 1242 809 591 948 1240 807
  8 949 662 887 1242 948 661 885 1240
  8 809 1242 1243 810 807 1240 1241 808
  8 1242 887 888 1243 1240 885 886 1241
  8 810 1243 988 545 808 1241 987 544
  8 1243 888 629 988 1241 886 630 987
  8 589 950 1244 811 590 949 1242 809
  8 950 663 889 1244 949 662 887 1242
  8 811 1244 1245 812 809 1242 1243 810
  8 1244 889 890 1245 1242 887 888 1243
  8 812 1245 989 546 810 1243 988 545
  8 1245 890 628 989 1243 888 629 988
  8 588 951 1246 813 589 950 1244 811
  8 951 664 891 1246 950 663 889 1244
  8 813 1246 1247 814 811 1244 1245 812
  8 1246 891 892 1247 1244 889 890 1245
  8 814 1247 990 547 812 1245 989 546
  8 1247 892 627 990 1245 890 628 989
  8 587 952 1248 815 588 951 1246 813
  8 952 665 893 1248 951 664 891 1246
  8 815 1248 1249 816 813 1246 1247 814
  8 1248 893 894 1249 1246 891 892 1247
  8 816 1249 991 548 814 1247 990 547
  8 1249 894 626 991 1247 892 627 990
  8 586 953 1250 817 587 952 1248 815
  8 953 666 895 1250 952 665 893 1248
  8 817 1250 1251 818 815 1248 1249 816
  8 1250 895 896 1251 1248 893 894 1249
  8 818 1251 992 549 816 1249 991 548
  8 1251 896 625 992 1249 894 626 991
  8 585 954 1252 819 586 953 1250 817
  8 954 667 897 1252 953 666 895 1250
  8 819 1252 1253 820 817 1250 1251 818
  8 1252 897 898 1253 1250 895 896 1251
  8 820 1253 993 550 818 1251 992 549
  8 1253 898 624 993 1251 896 625 992
  8 584 955 1254 821 585 954 1252 819
  8 955 668 899 1254 954 667 897 1252
  8 821 1254 1255 822 819 1252 1253 820
  8 1254 899 900 1255 1252 897 898 1253
  8 822 1255 994 551 820 1253 993 550
  8 1255 900 623 994 1253 898 624 993
  8 583 956 1256 823 584 955 1254 821
  8 956 669 901 1256 955 668 899 1254
  8 823 1256 1257 824 821 1254 1255 822
  8 1256 901 902 1257 1254 899 900 1255
  8 824 1257 995 552 822 1255 994 551
  8 1257 902 622 995 1255 900 623 994
  8 582 957 1258 825 583 956 1256 823
  8 957 670 903 1258 956 669 901 1256
  8 825 1258 1259 826 823 1256 1257 824
  8 1258 903 904 1259 1256 901 902 1257
  8 826 1259 996 553 824 1257 995 552
  8 1259 904 621 996 1257 902 622 995
  8 581 958 1260 827 582 957 1258 825
  8 958 671 905 1260 957 670 903 1258
  8 827 1260 1261 828 825 1258 1259 826
  8 1260 905 906 1261 1258 903 904 1259
  8 828 1261 997 554 826 1259 996 553
  8 1261 906 620 997 1259 904 621 996
  8 580 959 1262 829 581 958 1260 827
  8 959 672 907 1262 958 671 905 1260
  8 829 1262 1263 830 827 1260 1261 828
  8 1262 907 908 1263 1260 905 906 1261
  8 830 1263 998 555 828 1261 997 554
  8 1263 908 619 998 1261 906 620 997
  8 579 960 1264 831 580 959 1262 829
  8 960 673 909 1264 959 672 907 1262
  8 831 1264 1265 832 829 1262 1263 830
  8 1264 909 910 1265 1262 907 908 1263
  8 832 1265 999 556 830 1263 998 555
  8 1265 910 618 999 1263 908 619 998
  8 578 961 1266 833 579 960 1264 831
  8 961 674 911 1266 960 673 909 1264
  8 833 1266 1267 834 831 1264 1265 832
  8 1266 911 912 1267 1264 909 910 1265
  8 834 1267 1000 557 832 1265 999 556
  8 1267 912 617 1000 1265 910 618 999
  8 577 962 1268 835 578 961 1266 833
  8 962 675 913 1268 961 674 911 1266
  8 835 1268 1269 836 833 1266 1267 834
  8 1268 913 914 1269 1266 911 912 1267
  8 836 1269 1001 558 834 1267 1000 557
  8 1269 914 616 1001 1267 912 617 1000
  8 576 963 1270 837 577 962 1268 835
  8 963 676 915 1270 962 675 913 1268
  8 837 1270 1271 838 835 1268 1269 836
  8 1270 915 916 1271 1268 913 914 1269
  8 838 1271 1002 559 836 1269 1001 558
  8 1271 916 615 1002 1269 914 616 1001
  8 575 964 1272 839 576 963 1270 837
  8 964 677 917 1272 963 676 915 1270
  8 839 1272 1273 840 837 1270 1271 838
  8 1272 917 918 1273 1270 915 916 1271
  8 840 1273 1003 560 838 1271 1002 559
  8 1273 918 614 1003 1271 916 615 1002
  8 574 965 1274 841 575 964 1272 839
  8 965 678 919 1274 964 677 917 1272
  8 841 1274 1275 842 839 1272 1273 840
  8 1274 919 920 1275 1272 917 918 1273
  8 842 1275 1004 561 840 1273 1003 560
  8 1275 920 613 1004 1273 918 614 1003
  8 573 966 1276 843 574 965 1274 841
  8 966 679 921 1276 965 678 919 1274
  8 843 1276 1277 844 841 1274 1275 842
  8 1276 921 922 1277 1274 919 920 1275
  8 844 1277 1005 562 842 1275 1004 561
  8 1277 922 612 1005 1275 920 613 1004
  8 572 967 1278 845 573 966 1276 843
  8 967 680 923 1278 966 679 921 1276
  8 845 1278 1279 846 843 1276 1277 844
  8 1278 923 924 1279 1276 921 922 1277
  8 846 1279 1006 563 844 1277 1005 562
  8 1279 924 611 1006 1277 922 612 1005
  8 571 968 1280 847 572 967 1278 845
  8 968 681 925 1280 967 680 923 1278
  8 847 1280 1281 848 845 1278 1279 846
  8 1280 925 926 1281 1278 923 924 1279
  8 848 1281 1007 564 846 1279 1006 563
  8 1281 926 610 1007 1279 924 611 1006
  8 570 969 1282 849 571 968 1280 847
  8 969 682 927 1282 968 681 925 1280
  8 849 1282 1283 850 847 1280 1281 848
  8 1282 927 928 1283 1280 925 926 1281
  8 850 1283 1008 565 848 1281 1007 564
  8 1283 928 609 1008 1281 926 610 1007
  8 569 970 1284 851 570 969 1282 849
  8 970 683 929 1284 969 682 927 1282
  8 851 1284 1285 852 849 1282 1283 850
  8 1284 929 930 1285 1282 927 928 1283
  8 852 1285 1009 566 850 1283 1008 565
  8 1285 930 608 1009 1283 928 609 1008
  8 568 971 1286 853 569 970 1284 851
  8 971 684 931 1286 970 683 929 1284
  8 853 1286 1287 854 851 1284 1285 852
  8 1286 931 932 1287 1284 929 930 1285
  8 854 1287 1010 567 852 1285 1009 566
  8 1287 932 607 1010 1285 930 608 1009
  8 512 523 775 527 568 971 1286 853
  8 523 509 525 775 971 684 931 1286
  8 527 775 776 528 853 1286 1287 854
  8 775 525 524 776 1286 931 932 1287
  8 528 776 526 511 854 1287 1010 567
  8 776 524 510 526 1287 932 607 1010
  8 646 933 1288 1015 506 517 1011 689
  8 933 606 1093 1288 517 505 685 1011
  8 1015 1288 1289 1016 689 1011 1012 688
  8 1288 1093 1094 1289 1011 685 686 1012
  8 1016 1289 1171 695 688 1012 687 514
  8 1289 1094 772 1171 1012 686 513 687
  8 647 934 1290 1017 646 933 1288 1015
  8 934 605 1095 1290 933 606 1093 1288
  8 1017 1290 1291 1018 1015 1288 1289 1016
  8 1290 1095 1096 1291 1288 1093 1094 1289
  8 1018 1291 1172 696 1016 1289 1171 695
  8 1291 1096 771 1172 1289 1094 772 1171
  8 648 935 1292 1019 647 934 1290 1017
  8 935 604 1097 1292 934 605 1095 1290
  8 1019 1292 1293 1020 1017 1290 1291 1018
  8 1292 1097 1098 1293 1290 1095 1096 1291
  8 1020 1293 1173 697 1018 1291 1172 696
  8 1293 1098 770 1173 1291 1096 771 1172
  8 649 936 1294 1021 648 935 1292 1019
  8 936 603 1099 1294 935 604 1097 1292
  8 1021 1294 1295 1022 1019 1292 1293 1020
  8 1294 1099 1100 1295 1292 1097 1098 1293
  8 1022 1295 1174 698 1020 1293 1173 697
  8 1295 1100 769 1174 1293 1098 770 1173
  8 650 937 1296 1023 649 936 1294 1021
  8 937 602 1101 1296 936 603 1099 1294
  8 1023 1296 1297 1024 1021 1294 1295 1022
  8 1296 1101 1102 1297 1294 1099 1100 1295
  8 1024 1297 1175 699 1022 1295 1174 698
  8 1297 1102 768 1175 1295 1100 769 1174
  8 651 938 1298 1025 650 937 1296 1023
  8 938 601 1103 1298 937 602 1101 1296
  8 1025 1298 1299 1026 1023 1296 1297 1024
  8 1298 1103 1104 1299 1296 1101 1102 1297
  8 1026 1299 1176 700 1024 1297 1175 699
  8 1299 1104 767 1176 1297 1102 768 1175
  8 652 939 1300 1027 651 938 1298 1025
  8 939 600 1105 1300 938 601 1103 1298
  8 1027 1300 1301 1028 1025 1298 1299 1026
  8 1300 1105 1106 1301 1298 1103 1104 1299
  8 1028 1301 1177 701 1026 1299 1176 700
  8 1301 1106 766 1177 1299 1104 767 1176
  8 653 940 1302 1029 652 939 1300 1027
  8 940 599 1107 1302 939 600 1105 1300
  8 1029 1302 1303 1030 1027 1300 1301 1028
  8 1302 1107 1108 1303 1300 1105 1106 1301
  8 1030 1303 1178 702 1028 1301 1177 701
  8 1303 1108 765 1178 1301 1106 766 1177
  8 654 941 1304 1031 653 940 1302 1029
  8 941 598 1109 1304 940 599 1107 1302
  8 1031 1304 1305 1032 1029 1302 1303 1030
  8 1304 1109 1110 1305 1302 1107 1108 1303
  8 1032 1305 1179 703 1030 1303 1178 702
  8 1305 1110 764 1179 1303 1108 765 1178
  8 655 942 1306 1033 654 941 1304 1031
  8 942 597 1111 1306 941 598 1109 1304
  8 1033 1306 1307 1034 1031 1304 1305 1032
  8 1306 1111 1112 1307 1304 1109 1110 1305
  8 1034 1307 1180 704 1032 1305 1179 703
  8 1307 1112 763 1180 1305 1110 764 1179
  8 656 943 1308 1035 655 942 1306 1033
  8 943 596 1113 1308 942 597 1111 1306
  8 1035 1308 1309 1036 1033 1306 1307 1034
  8 1308 1113 1114 1309 1306 1111 1112 1307
  8 1036 1309 1181 705 1034 1307 1180 704
  8 1309 1114 762 1181 1307 1112 763 1180
  8 657 944 1310 1037 656 943 1308 1035
  8 944 595 1115 1310 943 596 1113 1308
  8 1037 1310 1311 1038 1035 1308 1309 1036
  8 1310 1115 1116 1311 1308 1113 1114 1309
  8 1038 1311 1182 706 1036 1309 1181 705
  8 1311 1116 761 1182 1309 1114 762 1181
  8 658 945 1312 1039 657 944 1310 1037
  8 945 594 1117 1312 944 595 1115 1310
  8 1039 1312 1313 1040 1037 1310 1311 1038
  8 1312 1117 1118 1313 1310 1115 1116 1311
  8 1040 1313 1183 707 1038 1311 1182 706
  8 1313 1118 760 1183 1311 1116 761 1182
  8 659 946 1314 1041 658 945 1312 1039
  8 946 593 1119 1314 945 594 1117 1312
  8 1041 1314 1315 1042 1039 1312 1313 1040
  8 1314 1119 1120 1315 1312 1117 1118 1313
  8 1042 1315 1184 708 1040 1313 1183 707
  8 1315 1120 759 1184 1313 1118 760 1183
  8 660 947 1316 1043 659 946 1314 1041
  8 947 592 1121 1316 946 593 1119 1314
  8 1043 1316 1317 1044 1041 1314 1315 1042
  8 1316 1121 1122 1317 1314 1119 1120 1315
  8 1044 1317 1185 709 1042 1315 1184 708
  8 1317 1122 758 1185 1315 1120 759 1184
  8 661 948 1318 1045 660 947 1316 1043
  8 948 591 1123 1318 947 592 1121 1316
  8 1045 1318 1319 1046 1043 1316 1317 1044
  8 1318 1123 1124 1319 1316 1121 1122 1317
  8 1046 1319 1186 710 1044 1317 1185 709
  8 1319 1124 757 1186 1317 1122 758 1185
  8 662 949 1320 1047 661 948 1318 1045
  8 949 590 1125 1320 948 591 1123 1318
  8 1047 1320 1321 1048 1045 1318 1319 1046
  8 1320 1125 1126 1321 1318 1123 1124 1319
  8 1048 1321 1187 711 1046 1319 1186 710
  8 1321 1126 756 1187 1319 1124 757 1186
  8 663 950 1322 1049 662 949 1320 1047
  8 950 589 1127 1322 949 590 1125 1320
  8 1049 1322 1323 1050 1047 1320 1321 1048
  8 1322 1127 1128 1323 1320 1125 1126 1321
  8 1050 1323 1188 712 1048 1321 1187 711
  8 1323 1128 755 1188 1321 1126 756 1187
  8 664 951 1324 1051 663 950 1322 1049
  8 951 588 1129 1324 950 589 1127 1322
  8 1051 1324 1325 1052 1049 1322 1323 1050
  8 1324 1129 1130 1325 1322 1127 1128 1323
  8 1052 1325 1189 713 1050 1323 1188 712
  8 1325 1130 754 1189 1323 1128 755 1188
  8 665 952 1326 1053 664 951 1324 1051
  8 952 587 1131 1326 951 588 1129 1324
  8 1053 1326 1327 1054 1051 1324 1325 1052
  8 1326 1131 1132 1327 1324 1129 1130 1325
  8 1054 1327 1190 714 1052 1325 1189 713
  8 1327 1132 753 1190 1325 1130 754 1189
  8 666 953 1328 1055 665 952 1326 1053
  8 953 586 1133 1328 952 587 1131 1326
  8 1055 1328 1329 1056 1053 1326 1327 1054
  8 1328 1133 1134 1329 1326 1131 1132 1327
  8 1056 1329 1191 715 1054 1327 1190 714
  8 1329 1134 752 1191 1327 1132 753 1190
  8 667 954 1330 1057 666 953 1328 1055
  8 954 585 1135 1330 953 586 1133 1328
  8 1057 1330 1331 1058 1055 1328 1329 1056
  8 1330 1135 1136 1331 1328 1133 1134 1329
  8 1058 1331 1192 716 1056 1329 1191 715
  8 1331 1136 751 1192 1329 1134 752 1191
  8 668 955 1332 1059 667 954 1330 1057
  8 955 584 1137 1332 954 585 1135 1330
  8 1059 1332 1333 1060 1057 1330 1331 1058
  8 1332 1137 1138 1333 1330 1135 1136 1331
  8 1060 1333 1193 717 1058 1331 1192 716
  8 1333 1138 750 1193 1331 1136 751 1192
  8 669 956 1334 1061 668 955 1332 1059
  8 956 583 1139 1334 955 584 1137 1332
  8 1061 1334 1335 1062 1059 1332 1333 1060
  8 1334 1139 1140 1335 1332 1137 1138 1333
  8 1062 1335 1194 718 1060 1333 1193 717
  8 1335 1140 749 1194 1333 1138 750 1193
  8 670 957 1336 1063 669 956 1334 1061
  8 957 582 1141 1336 956 583 1139 1334
  8 1063 1336 1337 1064 1061 1334 1335 1062
  8 1336 1141 1142 1337 1334 1139 1140 1335
  8 1064 1337 1195 719 1062 1335 1194 718
  8 1337 1142 748 1195 1335 1140 749 1194
  8 671 958 1338 1065 670 957 1336 1063
  8 958 581 1143 1338 957 582 1141 1336
  8 1065 1338 1339 1066 1063 1336 1337 1064
  8 1338 1143 1144 1339 1336 1141 1142 1337
  8 1066 1339 1196 720 1064 1337 1195 719
  8 1339 1144 747 1196 1337 1142 748 1195
  8 672 959 1340 1067 671 958 1338 1065
  8 959 580 1145 1340 958 581 1143 1338
  8 1067 1340 1341 1068 1065 1338 1339 1066
  8 1340 1145 1146 1341 1338 1143 1144 1339
  8 1068 1341 1197 721 1066 1339 1196 720
  8 1341 1146 746 1197 1339 1144 747 1196
  8 673 960 1342 1069 672 959 1340 1067
  8 960 579 1147 1342 959 580 1145 1340
  8 1069 1342 1343 1070 1067 1340 1341 1068
  8 1342 1147 1148 1343 1340 1145 1146 1341
  8 1070 1343 1198 722 1068 1341 1197 721
  8 1343 1148 745 1198 1341 1146 746 1197
  8 674 961 1344 1071 673 960 1342 1069
  8 961 578 1149 1344 960 579 1147 1342
  8 1071 1344 1345 1072 1069 1342 1343 1070
  8 1344 1149 1150 1345 1342 1147 1148 1343
  8 1072 1345 1199 723 1070 1343 1198 722
  8 1345 1150 744 1199 1343 1148 745 1198
  8 675 962 1346 1073 674 961 1344 1071
  8 962 577 1151 1346 961 578 1149 1344
  8 1073 1346 1347 1074 1071 1344 1345 1072
  8 1346 1151 1152 1347 1344 1149 1150 1345
  8 1074 1347 1200 724 1072 1345 1199 723
  8 1347 1152 743 1200 1345 1150 744 1199
  8 676 963 1348 1075 675 962 1346 1073
  8 963 576 1153 1348 962 577 1151 1346
  8 1075 1348 1349 1076 1073 1346 1347 1074
  8 1348 1153 1154 1349 1346 1151 1152 1347
  8 1076 1349 1201 725 1074 1347 1200 724
  8 1349 1154 742 1201 1347 1152 743 1200
  8 677 964 1350 1077 676 963 1348 1075
  8 964 575 1155 1350 963 576 1153 1348
  8 1077 1350 1351 1078 1075 1348 1349 1076
  8 1350 1155 1156 1351 1348 1153 1154 1349
  8 1078 1351 1202 726 1076 1349 1201 725
  8 1351 1156 741 1202 1349 1154 742 1201
  8 678 965 1352 1079 677 964 1350 1077
  8 965 574 1157 1352 964 575 1155 1350
  8 1079 1352 1353 1080 1077 1350 1351 1078
  8 1352 1157 1158 1353 1350 1155 1156 1351
  8 1080 1353 1203 727 1078 1351 1202 726
  8 1353 1158 740 1203 1351 1156 741 1202
  8 679 966 1354 1081 678 965 1352 1079
  8 966 573 1159 1354 965 574 1157 1352
  8 1081 1354 1355 1082 1079 1352 1353 1080
  8 1354 1159 1160 1355 1352 1157 1158 1353
  8 1082 1355 1204 728 1080 1353 1203 727
  8 1355 1160 739 1204 1353 1158 740 1203
  8 680 967 1356 1083 679 966 1354 1081
  8 967 572 1161 1356 966 573 1159 1354
  8 1083 1356 1357 1084 1081 1354 1355 1082
  8 1356 1161 1162 1357 1354 1159 1160 1355
  8 1084 1357 1205 729 1082 1355 1204 728
  8 1357 1162 738 1205 1355 1160 739 1204
  8 681 968 1358 1085 680 967 1356 1083
  8 968 571 1163 1358 967 572 1161 1356
  8 1085 1358 1359 1086 1083 1356 1357 1084
  8 1358 1163 1164 1359 1356 1161 1162 1357
  8 1086 1359 1206 730 1084 1357 1205 729
  8 1359 1164 737 1206 1357 1162 738 1205
  8 682 969 1360 1087 681 968 1358 1085
  8 969 570 1165 1360 968 571 1163 1358
  8 1087 1360 1361 1088 1085 1358 1359 1086
  8 1360 1165 1166 1361 1358 1163 1164 1359
  8 1088 1361 1207 731 1086 1359 1206 730
  8 1361 1166 736 1207 1359 1164 737 1206
  8 683 970 1362 1089 682 969 1360 1087
  8 970 569 1167 1362 969 570 1165 1360
  8 1089 1362 1363 1090 1087 1360 1361 1088
  8 1362 1167 1168 1363 1360 1165 1166 1361
  8 1090 1363 1208 732 1088 1361 1207 731
  8 1363 1168 735 1208 1361 1166 736 1207
  8 684 971 1364 1091 683 970 1362 1089
  8 971 568 1169 1364 970 569 1167 1362
  8 1091 1364 1365 1092 1089 1362 1363 1090
  8 1364 1169 1170 1365 1362 1167 1168 1363
  8 1092 1365 1209 733 1090 1363 1208 732
  8 1365 1170 734 1209 1363 1168 735 1208
  8 509 523 1013 693 684 971 1364 1091
  8 523 512 691 1013 971 568 1169 1364
  8 693 1013 1014 694 1091 1364 1365 1092
  8 1013 691 690 1014 1364 1169 1170 1365
  8 694 1014 692 516 1092 1365 1209 733
  8 1014 690 515 692 1365 1170 734 1209
  8 1467 1794 2071 1638 1366 1378 1634 1383
  8 1794 1507 1716 2071 1378 1367 1379 1634
  8 1638 2071 2072 1639 1383 1634 1635 1382
  8 2071 1716 1717 2072 1634 1379 1380 1635
  8 1639 2072 1833 1390 1382 1635 1381 1369
  8 2072 1717 1506 1833 1635 1380 1368 1381
  8 1466 1795 2073 1640 1467 1794 2071 1638
  8 1795 1508 1718 2073 1794 1507 1716 2071
  8 1640 2073 2074 1641 1638 2071 2072 1639
  8 2073 1718 1719 2074 2071 1716 1717 2072
  8 1641 2074 1834 1391 1639 2072 1833 1390
  8 2074 1719 1505 1834 2072 1717 1506 1833
  8 1465 1796 2075 1642 1466 1795 2073 1640
  8 1796 1509 1720 2075 1795 1508 1718 2073
  8 1642 2075 2076 1643 1640 2073 2074 1641
  8 2075 1720 1721 2076 2073 1718 1719 2074
  8 1643 2076 1835 1392 1641 2074 1834 1391
  8 2076 1721 1504 1835 2074 1719 1505 1834
  8 1464 1797 2077 1644 1465 1796 2075 1642
  8 1797 1510 1722 2077 1796 1509 1720 2075
  8 1644 2077 2078 1645 1642 2075 2076 1643
  8 2077 1722 1723 2078 2075 1720 1721 2076
  8 1645 2078 1836 1393 1643 2076 1835 1392
  8 2078 1723 1503 1836 2076 1721 1504 1835
  8 1463 1798 2079 1646 1464 1797 2077 1644
  8 1798 1511 1724 2079 1797 1510 1722 2077
  8 1646 2079 2080 1647 1644 2077 2078 1645
  8 2079 1724 1725 2080 2077 1722 1723 2078
  8 1647 2080 1837 1394 1645 2078 1836 1393
  8 2080 1725 1502 1837 2078 1723 1503 1836
  8 1462 1799 2081 1648 1463 1798 2079 1646
  8 1799 1512 1726 2081 1798 1511 1724 2079
  8 1648 2081 2082 1649 1646 2079 2080 1647
  8 2081 1726 1727 2082 2079 1724 1725 2080
  8 1649 2082 1838 1395 1647 2080 1837 1394
  8 2082 1727 1501 1838 2080 1725 1502 1837
  8 1461 1800 2083 1650 1462 1799 2081 1648
  8 1800 1513 1728 2083 1799 1512 1726 2081
  8 1650 2083 2084 1651 1648 2081 2082 1649
  8 2083 1728 1729 2084 2081 1726 1727 2082
  8 1651 2084 1839 1396 1649 2082 1838 1395
  8 2084 1729 1500 1839 2082 1727 1501 1838
  8 1460 1801 2085 1652 1461 1800 2083 1650
  8 1801 1514 1730 2085 1800 1513 1728 2083
  8 1652 2085 2086 1653 1650 2083 2084 1651
  8 2085 1730 1731 2086 2083 1728 1729 2084
  8 1653 2086 1840 1397 1651 2084 1839 1396
  8 2086 1731 1499 1840 2084 1729 1500 1839
  8 1459 1802 2087 1654 1460 1801 2085 1652
  8 1802 1515 1732 2087 1801 1514 1730 2085
  8 1654 2087 2088 1655 1652 2085 2086 1653
  8 2087 1732 1733 2088 2085 1730 1731 2086
  8 1655 2088 1841 1398 1653 2086 1840 1397
  8 2088 1733 1498 1841 2086 1731 1499 1840
  8 1458 1803 2089 1656 1459 1802 2087 1654
  8 1803 1516 1734 2089 1802 1515 1732 2087
  8 1656 2089 2090 1657 1654 2087 2088 1655
  8 2089 1734 1735 2090 2087 1732 1733 2088
  8 1657 2090 1842 1399 1655 2088 1841 1398
  8 2090 1735 1497 1842 2088 1733 1498 1841
  8 1457 1804 2091 1658 1458 1803 2089 1656
  8 1804 1517 1736 2091 1803 1516 1734 2089
  8 1658 2091 2092 1659 1656 2089 2090 1657
  8 2091 1736 1737 2092 2089 1734 1735 2090
  8 1659 2092 1843 1400 1657 2090 1842 1399
  8 2092 1737 1496 1843 2090 1735 1497 1842
  8 1456 1805 2093 1660 1457 1804 2091 1658
  8 1805 1518 1738 2093 1804 1517 1736 2091
  8 1660 2093 2094 1661 1658 2091 2092 1659
  8 2093 1738 1739 2094 2091 1736 1737 2092
  8 1661 2094 1844 1401 1659 2092 1843 1400
  8 2094 1739 1495 1844 2092 1737 1496 1843
  8 1455 1806 2095 1662 1456 1805 2093 1660
  8 1806 1519 1740 2095 1805 1518 1738 2093
  8 1662 2095 2096 1663 1660 2093 2094 1661
  8 2095 1740 1741 2096 2093 1738 1739 2094
  8 1663 2096 1845 1402 1661 2094 1844 1401
  8 2096 1741 1494 1845 2094 1739 1495 1844
  8 1454 1807 2097 1664 1455 1806 2095 1662
  8 1807 1520 1742 2097 1806 1519 1740 2095
  8 1664 2097 2098 1665 1662 2095 2096 1663
  8 2097 1742 1743 2098 2095 1740 1741 2096
  8 1665 2098 1846 1403 1663 2096 1845 1402
  8 2098 1743 1493 1846 2096 1741 1494 1845
  8 1453 1808 2099 1666 1454 1807 2097 1664
  8 1808 1521 1744 2099 1807 1520 1742 2097
  8 1666 2099 2100 1667 1664 2097 2098 1665
  8 2099 1744 1745 2100 2097 1742 1743 2098
  8 1667 2100 1847 1404 1665 2098 1846 1403
  8 2100 1745 1492 1847 2098 1743 1493 1846
  8 1452 1809 2101 1668 1453 1808 2099 1666
  8 1809 1522 1746 2101 1808 1521 1744 2099
  8 1668 2101 2102 1669 1666 2099 2100 1667
  8 2101 1746 1747 2102 2099 1744 1745 2100
  8 1669 2102 1848 1405 1667 2100 1847 1404
  8 2102 1747 1491 1848 2100 1745 1492 1847
  8 1451 1810 2103 1670 1452 1809 2101 1668
  8 1810 1523 1748 2103 1809 1522 1746 2101
  8 1670 2103 2104 1671 1668 2101 2102 1669
  8 2103 1748 1749 2104 2101 1746 1747 2102
  8 1671 2104 1849 1406 1669 2102 1848 1405
  8 2104 1749 1490 1849 2102 1747 1491 1848
  8 1450 1811 2105 1672 1451 1810 2103 1670
  8 1811 1524 1750 2105 1810 1523 1748 2103
  8 1672 2105 2106 1673 1670 2103 2104 1671
  8 2105 1750 1751 2106 2103 1748 1749 2104
  8 1673 2106 1850 1407 1671 2104 1849 1406
  8 2106 1751 1489 1850 2104 1749 1490 1849
  8 1449 1812 2107 1674 1450 1811 2105 1672
  8 1812 1525 1752 2107 1811 1524 1750 2105
  8 1674 2107 2108 1675 1672 2105 2106 1673
  8 2107 1752 1753 2108 2105 1750 1751 2106
  8 1675 2108 1851 1408 1673 2106 1850 1407
  8 2108 1753 1488 1851 2106 1751 1489 1850
  8 1448 1813 2109 1676 1449 1812 2107 1674
  8 1813 1526 1754 2109 1812 1525 1752 2107
  8 1676 2109 2110 1677 1674 2107 2108 1675
  8 2109 1754 1755 2110 2107 1752 1753 2108
  8 1677 2110 1852 1409 1675 2108 1851 1408
  8 2110 1755 1487 1852 2108 1753 1488 1851
  8 1447 1814 2111 1678 1448 1813 2109 1676
  8 1814 1527 1756 2111 1813 1526 1754 2109
  8 1678 2111 2112 1679 1676 2109 2110 1677
  8 2111 1756 1757 2112 2109 1754 1755 2110
  8 1679 2112 1853 1410 1677 2110 1852 1409
  8 2112 1757 1486 1853 2110 1755 1487 1852
  8 1446 1815 2113 1680 1447 1814 2111 1678
  8 1815 1528 1758 2113 1814 1527 1756 2111
  8 1680 2113 2114 1681 1678 2111 2112 1679
  8 2113 1758 1759 2114 2111 1756 1757 2112
  8 1681 2114 1854 1411 1679 2112 1853 1410
  8 2114 1759 1485 1854 2112 1757 1486 1853
  8 1445 1816 2115 1682 1446 1815 2113 1680
  8 1816 1529 1760 2115 1815 1528 1758 2113
  8 1682 2115 2116 1683 1680 2113 2114 1681
  8 2115 1760 1761 2116 2113 1758 1759 2114
  8 1683 2116 1855 1412 1681 2114 1854 1411
  8 2116 1761 1484 1855 2114 1759 1485 1854
  8 1444 1817 2117 1684 1445 1816 2115 1682
  8 1817 1530 1762 2117 1816 1529 1760 2115
  8 1684 2117 2118 1685 1682 2115 2116 1683
  8 2117 1762 1763 2118 2115 1760 1761 2116
  8 1685 2118 1856 1413 1683 2116 1855 1412
  8 2118 1763 1483 1856 2116 1761 1484 1855
  8 1443 1818 2119 1686 1444 1817 2117 1684
  8 1818 1531 1764 2119 1817 1530 1762 2117
  8 1686 2119 2120 1687 1684 2117 2118 1685
  8 2119 1764 1765 2120 2117 1762 1763 2118
  8 1687 2120 1857 1414 1685 2118 1856 1413
  8 2120 1765 1482 1857 2118 1763 1483 1856
  8 1442 1819 2121 1688 1443 1818 2119 1686
  8 1819 1532 1766 2121 1818 1531 1764 2119
  8 1688 2121 2122 1689 1686 2119 2120 1687
  8 2121 1766 1767 2122 2119 1764 1765 2120
  8 1689 2122 1858 1415 1687 2120 1857 1414
  8 2122 1767 1481 1858 2120 1765 1482 1857
  8 1441 1820 2123 1690 1442 1819 2121 1688
  8 1820 1533 1768 2123 1819 1532 1766 2121
  8 1690 2123 2124 1691 1688 2121 2122 1689
  8 2123 1768 1769 2124 2121 1766 1767 2122
  8 1691 2124 1859 1416 1689 2122 1858 1415
  8 2124 1769 1480 1859 2122 1767 1481 1858
  8 1440 1821 2125 1692 1441 1820 2123 1690
  8 1821 1534 1770 2125 1820 1533 1768 2123
  8 1692 2125 2126 1693 1690 2123 2124 1691
  8 2125 1770 1771 2126 2123 1768 1769 2124
  8 1693 2126 1860 1417 1691 2124 1859 1416
  8 2126 1771 1479 1860 2124 1769 1480 1859
  8 1439 1822 2127 1694 1440 1821 2125 1692
  8 1822 1535 1772 2127 1821 1534 1770 2125
  8 1694 2127 2128 1695 1692 2125 2126 1693
  8 2127 1772 1773 2128 2125 1770 1771 2126
  8 1695 2128 1861 1418 1693 2126 1860 1417
  8 2128 1773 1478 1861 2126 1771 1479 1860
  8 1438 1823 2129 1696 1439 1822 2127 1694
  8 1823 1536 1774 2129 1822 1535 1772 2127
  8 1696 2129 2130 1697 1694 2127 2128 1695
  8 2129 1774 1775 2130 2127 1772 1773 2128
  8 1697 2130 1862 1419 1695 2128 1861 1418
  8 2130 1775 1477 1862 2128 1773 1478 1861
  8 1437 1824 2131 1698 1438 1823 2129 1696
  8 1824 1537 1776 2131 1823 1536 1774 2129
  8 1698 2131 2132 1699 1696 2129 2130 1697
  8 2131 1776 1777 2132 2129 1774 1775 2130
  8 1699 2132 1863 1420 1697 2130 1862 1419
  8 2132 1777 1476 1863 2130 1775 1477 1862
  8 1436 1825 2133 1700 1437 1824 2131 1698
  8 1825 1538 1778 2133 1824 1537 1776 2131
  8 1700 2133 2134 1701 1698 2131 2132 1699
  8 2133 1778 1779 2134 2131 1776 1777 2132
  8 1701 2134 1864 1421 1699 2132 1863 1420
  8 2134 1779 1475 1864 2132 1777 1476 1863
  8 1435 1826 2135 1702 1436 1825 2133 1700
  8 1826 1539 1780 2135 1825 1538 1778 2133
  8 1702 2135 2136 1703 1700 2133 2134 1701
  8 2135 1780 1781 2136 2133 1778 1779 2134
  8 1703 2136 1865 1422 1701 2134 1864 1421
  8 2136 1781 1474 1865 2134 1779 1475 1864
  8 1434 1827 2137 1704 1435 1826 2135 1702
  8 1827 1540 1782 2137 1826 1539 1780 2135
  8 1704 2137 2138 1705 1702 2135 2136 1703
  8 2137 1782 1783 2138 2135 1780 1781 2136
  8 1705 2138 1866 1423 1703 2136 1865 1422
  8 2138 1783 1473 1866 2136 1781 1474 1865
  8 1433 1828 2139 1706 1434 1827 2137 1704
  8 1828 1541 1784 2139 1827 1540 1782 2137
  8 1706 2139 2140 1707 1704 2137 2138 1705
  8 2139 1784 1785 2140 2137 1782 1783 2138
  8 1707 2140 1867 1424 1705 2138 1866 1423
  8 2140 1785 1472 1867 2138 1783 1473 1866
  8 1432 1829 2141 1708 1433 1828 2139 1706
  8 1829 1542 1786 2141 1828 1541 1784 2139
  8 1708 2141 2142 1709 1706 2139 2140 1707
  8 2141 1786 1787 2142 2139 1784 1785 2140
  8 1709 2142 1868 1425 1707 2140 1867 1424
  8 2142 1787 1471 1868 2140 1785 1472 1867
  8 1431 1830 2143 1710 1432 1829 2141 1708
  8 1830 1543 1788 2143 1829 1542 1786 2141
  8 1710 2143 2144 1711 1708 2141 2142 1709
  8 2143 1788 1789 2144 2141 1786 1787 2142
  8 1711 2144 1869 1426 1709 2142 1868 1425
  8 2144 1789 1470 1869 2142 1787 1471 1868
  8 1430 1831 2145 1712 1431 1830 2143 1710
  8 1831 1544 1790 2145 1830 1543 1788 2143
  8 1712 2145 2146 1713 1710 2143 2144 1711
  8 2145 1790 1791 2146 2143 1788 1789 2144
  8 1713 2146 1870 1427 1711 2144 1869 1426
  8 2146 1791 1469 1870 2144 1789 1470 1869
  8 1429 1832 2147 1714 1430 1831 2145 1712
  8 1832 1545 1792 2147 1831 1544 1790 2145
  8 1714 2147 2148 1715 1712 2145 2146 1713
  8 2147 1792 1793 2148 2145 1790 1791 2146
  8 1715 2148 1871 1428 1713 2146 1870 1427
  8 2148 1793 1468 1871 2146 1791 1469 1870
  8 1373 1384 1636 1388 1429 1832 2147 1714
  8 1384 1370 1386 1636 1832 1545 1792 2147
  8 1388 1636 1637 1389 1714 2147 2148 1715
  8 1636 1386 1385 1637 2147 1792 1793 2148
  8 1389 1637 1387 1372 1715 2148 1871 1428
  8 1637 1385 1371 1387 2148 1793 1468 1871
  8 1507 1794 2149 1876 1367 1378 1872 1550
  8 1794 1467 1954 2149 1378 1366 1546 1872
  8 1876 2149 2150 1877 1550 1872 1873 1549
  8 2149 1954 1955 2150 1872 1546 1547 1873
  8 1877 2150 2032 1556 1549 1873 1548 1375
  8 2150 1955 1633 2032 1873 1547 1374 1548
  8 1508 1795 2151 1878 1507 1794 2149 1876
  8 1795 1466 1956 2151 1794 1467 1954 2149
  8 1878 2151 2152 1879 1876 2149 2150 1877
  8 2151 1956 1957 2152 2149 1954 1955 2150
  8 1879 2152 2033 1557 1877 2150 2032 1556
  8 2152 1957 1632 2033 2150 1955 1633 2032
  8 1509 1796 2153 1880 1508 1795 2151 1878
  8 1796 1465 1958 2153 1795 1466 1956 2151
  8 1880 2153 2154 1881 1878 2151 2152 1879
  8 2153 1958 1959 2154 2151 1956 1957 2152
  8 1881 2154 2034 1558 1879 2152 2033 1557
  8 2154 1959 1631 2034 2152 1957 1632 2033
  8 1510 1797 2155 1882 1509 1796 2153 1880
  8 1797 1464 1960 2155 1796 1465 1958 2153
  8 1882 2155 2156 1883 1880 2153 2154 1881
  8 2155 1960 1961 2156 2153 1958 1959 2154
  8 1883 2156 2035 1559 1881 2154 2034 1558
  8 2156 1961 1630 2035 2154 1959 1631 2034
  8 1511 1798 2157 1884 1510 1797 2155 1882
  8 1798 1463 1962 2157 1797 1464 1960 2155
  8 1884 2157 2158 1885 1882 2155 2156 1883
  8 2157 1962 1963 2158 2155 1960 1961 2156
  8 1885 2158 2036 1560 1883 2156 2035 1559
  8 2158 1963 1629 2036 2156 1961 1630 2035
  8 1512 1799 2159 1886 1511 1798 2157 1884
  8 1799 1462 1964 2159 1798 1463 1962 2157
  8 1886 2159 2160 1887 1884 2157 2158 1885
  8 2159 1964 1965 2160 2157 1962 1963 2158
  8 1887 2160 2037 1561 1885 2158 2036 1560
  8 2160 1965 1628 2037 2158 1963 1629 2036
  8 1513 1800 2161 1888 1512 1799 2159 1886
  8 1800 1461 1966 2161 1799 1462 1964 2159
  8 1888 2161 2162 1889 1886 2159 2160 1887
  8 2161 1966 1967 2162 2159 1964 1965 2160
  8 1889 2162 2038 1562 1887 2160 2037 1561
  8 2162 1967 1627 2038 2160 1965 1628 2037
  8 1514 1801 2163 1890 1513 1800 2161 1888
  8 1801 1460 1968 2163 1800 1461 1966 2161
  8 1890 2163 2164 1891 1888 2161 2162 1889
  8 2163 1968 1969 2164 2161 1966 1967 2162
  8 1891 2164 2039 1563 1889 2162 2038 1562
  8 2164 1969 1626 2039 2162 1967 1627 2038
  8 1515 1802 2165 1892 1514 1801 2163 1890
  8 1802 1459 1970 2165 1801 1460 1968 2163
  8 1892 2165 2166 1893 1890 2163 2164 1891
  8 2165 1970 1971 2166 2163 1968 1969 2164
  8 1893 2166 2040 1564 1891 2164 2039 1563
  8 2166 1971 1625 2040 2164 1969 1626 2039
  8 1516 1803 2167 1894 1515 1802 2165 1892
  8 1803 1458 1972 2167 1802 1459 1970 2165
  8 1894 2167 2168 1895 1892 2165 2166 1893
  8 2167 1972 1973 2168 2165 1970 1971 2166
  8 1895 2168 2041 1565 1893 2166 2040 1564
  8 2168 1973 1624 2041 2166 1971 1625 2040
  8 1517 1804 2169 1896 1516 1803 2167 1894
  8 1804 1457 1974 2169 1803 1458 1972 2167
  8 1896 2169 2170 1897 1894 2167 2168 1895
  8 2169 1974 1975 2170 2167 1972 1973 2168
  8 1897 2170 2042 1566 1895 2168 2041 1565
  8 2170 1975 1623 2042 2168 1973 1624 2041
  8 1518 1805 2171 1898 1517 1804 2169 1896
  8 1805 1456 1976 2171 1804 1457 1974 2169
  8 1898 2171 2172 1899 1896 2169 2170 1897
  8 2171 1976 1977 2172 2169 1974 1975 2170
  8 1899 2172 2043 1567 1897 2170 2042 1566
  8 2172 1977 1622 2043 2170 1975 1623 2042
  8 1519 1806 2173 1900 1518 1805 2171 1898
  8 1806 1455 1978 2173 1805 1456 1976 2171
  8 1900 2173 2174 1901 1898 2171 2172 1899
  8 2173 1978 1979 2174 2171 1976 1977 2172
  8 1901 2174 2044 1568 1899 2172 2043 1567
  8 2174 1979 1621 2044 2172 1977 1622 2043
  8 1520 1807 2175 1902 1519 1806 2173 1900
  8 1807 1454 1980 2175 1806 1455 1978 2173
  8 1902 2175 2176 1903 1900 2173 2174 1901
  8 2175 1980 1981 2176 2173 1978 1979 2174
  8 1903 2176 2045 1569 1901 2174 2044 1568
  8 2176 1981 1620 2045 2174 1979 1621 2044
  8 1521 1808 2177 1904 1520 1807 2175 1902
  8 1808 1453 1982 2177 1807 1454 1980 2175
  8 1904 2177 2178 1905 1902 2175 2176 1903
  8 2177 1982 1983 2178 2175 1980 1981 2176
  8 1905 2178 2046 1570 1903 2176 2045 1569
  8 2178 1983 1619 2046 2176 1981 1620 2045
  8 1522 1809 2179 1906 1521 1808 2177 1904
  8 1809 1452 1984 2179 1808 1453 1982 2177
  8 1906 2179 2180 1907 1904 2177 2178 1905
  8 2179 1984 1985 2180 2177 1982 1983 2178
  8 1907 2180 2047 1571 1905 2178 2046 1570
  8 2180 1985 1618 2047 2178 1983 1619 2046
  8 1523 1810 2181 1908 1522 1809 2179 1906
  8 1810 1451 1986 2181 1809 1452 1984 2179
  8 1908 2181 2182 1909 1906 2179 2180 1907
  8 2181 1986 1987 2182 2179 1984 1985 2180
  8 1909 2182 2048 1572 1907 2180 2047 1571
  8 2182 1987 1617 2048 2180 1985 1618 2047
  8 1524 1811 2183 1910 1523 1810 2181 1908
  8 1811 1450 1988 2183 1810 1451 1986 2181
  8 1910 2183 2184 1911 1908 2181 2182 1909
  8 2183 1988 1989 2184 2181 1986 1987 2182
  8 1911 2184 2049 1573 1909 2182 2048 1572
  8 2184 1989 1616 2049 2182 1987 1617 2048
  8 1525 1812 2185 1912 1524 1811 2183 1910
  8 1812 1449 1990 2185 1811 1450 1988 2183
  8 1912 2185 2186 1913 1910 2183 2184 1911
  8 2185 1990 1991 2186 2183 1988 1989 2184
  8 1913 2186 2050 1574 1911 2184 2049 1573
  8 2186 1991 1615 2050 2184 1989 1616 2049
  8 1526 1813 2187 1914 1525 1812 2185 1912
  8 1813 1448 1992 2187 1812 1449 1990 2185
  8 1914 2187 2188 1915 1912 2185 2186 1913
  8 2187 1992 1993 2188 2185 1990 1991 2186
  8 1915 2188 2051 1575 1913 2186 2050 1574
  8 2188 1993 1614 2051 2186 1991 1615 2050
  8 1527 1814 2189 1916 1526 1813 2187 1914
  8 1814 1447 1994 2189 1813 1448 1992 2187
  8 1916 2189 2190 1917 1914 2187 2188 1915
  8 2189 1994 1995 2190 2187 1992 1993 2188
  8 1917 2190 2052 1576 1915 2188 2051 1575
  8 2190 1995 1613 2052 2188 1993 1614 2051
  8 1528 1815 2191 1918 1527 1814 2189 1916
  8 1815 1446 1996 2191 1814 1447 1994 2189
  8 1918 2191 2192 1919 1916 2189 2190 1917
  8 2191 1996 1997 2192 2189 1994 1995 2190
  8 1919 2192 2053 1577 1917 2190 2052 1576
  8 2192 1997 1612 2053 2190 1995 1613 2052
  8 1529 1816 2193 1920 1528 1815 2191 1918
  8 1816 1445 1998 2193 1815 1446 1996 2191
  8 1920 2193 2194 1921 1918 2191 2192 1919
  8 2193 1998 1999 2194 2191 1996 1997 2192
  8 1921 2194 2054 1578 1919 2192 2053 1577
  8 2194 1999 1611 2054 2192 1997 1612 2053
  8 1530 1817 2195 1922 1529 1816 2193 1920
  8 1817 1444 2000 2195 1816 1445 1998 2193
  8 1922 2195 2196 1923 1920 2193 2194 1921
  8 2195 2000 2001 2196 2193 1998 1999 2194
  8 1923 2196 2055 1579 1921 2194 2054 1578
  8 2196 2001 1610 2055 2194 1999 1611 2054
  8 1531 1818 2197 1924 1530 1817 2195 1922
  8 1818 1443 2002 2197 1817 1444 2000 2195
  8 1924 2197 2198 1925 1922 2195 2196 1923
  8 2197 2002 2003 2198 2195 2000 2001 2196
  8 1925 2198 2056 1580 1923 2196 2055 1579
  8 2198 2003 1609 2056 2196 2001 1610 2055
  8 1532 1819 2199 1926 1531 1818 2197 1924
  8 1819 1442 2004 2199 1818 1443 2002 2197
  8 1926 2199 2200 1927 1924 2197 2198 1925
  8 2199 2004 2005 2200 2197 2002 2003 2198
  8 1927 2200 2057 1581 1925 2198 2056 1580
  8 2200 2005 1608 2057 2198 2003 1609 2056
  8 1533 1820 2201 1928 1532 1819 2199 1926
  8 1820 1441 2006 2201 1819 1442 2004 2199
  8 1928 2201 2202 1929 1926 2199 2200 1927
  8 2201 2006 2007 2202 2199 2004 2005 2200
  8 1929 2202 2058 1582 1927 2200 2057 1581
  8 2202 2007 1607 2058 2200 2005 1608 2057
  8 1534 1821 2203 1930 1533 1820 2201 1928
  8 1821 1440 2008 2203 1820 1441 2006 2201
  8 1930 2203 2204 1931 1928 2201 2202 1929
  8 2203 2008 2009 2204 2201 2006 2007 2202
  8 1931 2204 2059 1583 1929 2202 2058 1582
  8 2204 2009 1606 2059 2202 2007 1607 2058
  8 1535 1822 2205 1932 1534 1821 2203 1930
  8 1822 1439 2010 2205 1821 1440 2008 2203
  8 1932 2205 2206 1933 1930 2203 2204 1931
  8 2205 2010 2011 2206 2203 2008 2009 2204
  8 1933 2206 2060 1584 1931 2204 2059 1583
  8 2206 2011 1605 2060 2204 2009 1606 2059
  8 1536 1823 2207 1934 1535 1822 2205 1932
  8 1823 1438 2012 2207 1822 1439 2010 2205
  8 1934 2207 2208 1935 1932 2205 2206 1933
  8 2207 2012 2013 2208 2205 2010 2011 2206
  8 1935 2208 2061 1585 1933 2206 2060 1584
  8 2208 2013 1604 2061 2206 2011 1605 2060
  8 1537 1824 2209 1936 1536 1823 2207 1934
  8 1824 1437 2014 2209 1823 1438 2012 2207
  8 1936 2209 2210 1937 1934 2207 2208 1935
  8 2209 2014 2015 2210 2207 2012 2013 2208
  8 1937 2210 2062 1586 1935 2208 2061 1585
  8 2210 2015 1603 2062 2208 2013 1604 2061
  8 1538 1825 2211 1938 1537 1824 2209 1936
  8 1825 1436 2016 2211 1824 1437 2014 2209
  8 1938 2211 2212 1939 1936 2209 2210 1937
  8 2211 2016 2017 2212 2209 2014 2015 2210
  8 1939 2212 2063 1587 1937 2210 2062 1586
  8 2212 2017 1602 2063 2210 2015 1603 2062
  8 1539 1826 2213 1940 1538 1825 2211 1938
  8 1826 1435 2018 2213 1825 1436 2016 2211
  8 1940 2213 2214 1941 1938 2211 2212 1939
  8 2213 2018 2019 2214 2211 2016 2017 2212
  8 1941 2214 2064 1588 1939 2212 2063 1587
  8 2214 2019 1601 2064 2212 2017 1602 2063
  8 1540 1827 2215 1942 1539 1826 2213 1940
  8 1827 1434 2020 2215 1826 1435 2018 2213
  8 1942 2215 2216 1943 1940 2213 2214 1941
  8 2215 2020 2021 2216 2213 2018 2019 2214
  8 1943 2216 2065 1589 1941 2214 2064 1588
  8 2216 2021 1600 2065 2214 2019 1601 2064
  8 1541 1828 2217 1944 1540 1827 2215 1942
  8 1828 1433 2022 2217 1827 1434 2020 2215
  8 1944 2217 2218 1945 1942 2215 2216 1943
  8 2217 2022 2023 2218 2215 2020 2021 2216
  8 1945 2218 2066 1590 1943 2216 2065 1589
  8 2218 2023 1599 2066 2216 2021 1600 2065
  8 1542 1829 2219 1946 1541 1828 2217 1944
  8 1829 1432 2024 2219 1828 1433 2022 2217
  8 1946 2219 2220 1947 1944 2217 2218 1945
  8 2219 2024 2025 2220 2217 2022 2023 2218
  8 1947 2220 2067 1591 1945 2218 2066 1590
  8 2220 2025 1598 2067 2218 2023 1599 2066
  8 1543 1830 2221 1948 1542 1829 2219 1946
  8 1830 1431 2026 2221 1829 1432 2024 2219
  8 1948 2221 2222 1949 1946 2219 2220 1947
  8 2221 2026 2027 2222 2219 2024 2025 2220
  8 1949 2222 2068 1592 1947 2220 2067 1591
  8 2222 2027 1597 2068 2220 2025 1598 2067
  8 1544 1831 2223 1950 1543 1830 2221 1948
  8 1831 1430 2028 2223 1830 1431 2026 2221
  8 1950 2223 2224 1951 1948 2221 2222 1949
  8 2223 2028 2029 2224 2221 2026 2027 2222
  8 1951 2224 2069 1593 1949 2222 2068 1592
  8 2224 2029 1596 2069 2222 2027 1597 2068
  8 1545 1832 2225 1952 1544 1831 2223 1950
  8 1832 1429 2030 2225 1831 1430 2028 2223
  8 1952 2225 2226 1953 1950 2223 2224 1951
  8 2225 2030 2031 2226 2223 2028 2029 2224
  8 1953 2226 2070 1594 1951 2224 2069 1593
  8 2226 2031 1595 2070 2224 2029 1596 2069
  8 1370 1384 1874 1554 1545 1832 2225 1952
  8 1384 1373 1552 1874 1832 1429 2030 2225
  8 1554 1874 1875 1555 1952 2225 2226 1953
  8 1874 1552 1551 1875 2225 2030 2031 2226
  8 1555 1875 1553 1377 1953 2226 2070 1594
  8 1875 1551 1376 1553 2226 2031 1595 2070
  8 2288 2463 2616 2373 2227 2239 2343 2254
  8 2463 2464 2617 2616 2239 2240 2344 2343
  8 2464 2465 2618 2617 2240 2241 2345 2344
  8 2465 2298 2418 2618 2241 2228 2242 2345
  8 2373 2616 2619 2374 2254 2343 2346 2253
  8 2616 2617 2620 2619 2343 2344 2347 2346
  8 2617 2618 2621 2620 2344 2345 2348 2347
  8 2618 2418 2419 2621 2345 2242 2243 2348
  8 2374 2619 2622 2375 2253 2346 2349 2252
  8 2619 2620 2623 2622 2346 2347 2350 2349
  8 2620 2621 2624 2623 2347 2348 2351 2350
  8 2621 2419 2420 2624 2348 2243 2244 2351
  8 2375 2622 2625 2376 2252 2349 2352 2251
  8 2622 2623 2626 2625 2349 2350 2353 2352
  8 2623 2624 2627 2626 2350 2351 2354 2353
  8 2624 2420 2421 2627 2351 2244 2245 2354
  8 2376 2625 2628 2377 2251 2352 2355 2250
  8 2625 2626 2629 2628 2352 2353 2356 2355
  8 2626 2627 2630 2629 2353 2354 2357 2356
  8 2627 2421 2422 2630 2354 2245 2246 2357
  8 2377 2628 2490 2271 2250 2355 2249 2230
  8 2628 2629 2491 2490 2355 2356 2248 2249
  8 2629 2630 2492 2491 2356 2357 2247 2248
  8 2630 2422 2297 2492 2357 2246 2229 2247
  8 2287 2466 2631 2378 2288 2463 2616 2373
  8 2466 2467 2632 2631 2463 2464 2617 2616
  8 2467 2468 2633 2632 2464 2465 2618 2617
  8 2468 2299 2423 2633 2465 2298 2418 2618
  8 2378 2631 2634 2379 2373 2616 2619 2374
  8 2631 2632 2635 2634 2616 2617 2620 2619
  8 2632 2633 2636 2635 2617 2618 2621 2620
  8 2633 2423 2424 2636 2618 2418 2419 2621
  8 2379 2634 2637 2380 2374 2619 2622 2375
  8 2634 2635 2638 2637 2619 2620 2623 2622
  8 2635 2636 2639 2638 2620 2621 2624 2623
  8 2636 2424 2425 2639 2621 2419 2420 2624
  8 2380 2637 2640 2381 2375 2622 2625 2376
  8 2637 2638 2641 2640 2622 2623 2626 2625
  8 2638 2639 2642 2641 2623 2624 2627 2626
  8 2639 2425 2426 2642 2624 2420 2421 2627
  8 2381 2640 2643 2382 2376 2625 2628 2377
  8 2640 2641 2644 2643 2625 2626 2629 2628
  8 2641 2642 2645 2644 2626 2627 2630 2629
  8 2642 2426 2427 2645 2627 2421 2422 2630
  8 2382 2643 2493 2272 2377 2628 2490 2271
  8 2643 2644 2494 2493 2628 2629 2491 2490
  8 2644 2645 2495 2494 2629 2630 2492 2491
  8 2645 2427 2296 2495 2630 2422 2297 2492
  8 2286 2469 2646 2383 2287 2466 2631 2378
  8 2469 2470 2647 2646 2466 2467 2632 2631
  8 2470 2471 2648 2647 2467 2468 2633 2632
  8 2471 2300 2428 2648 2468 2299 2423 2633
  8 2383 2646 2649 2384 2378 2631 2634 2379
  8 2646 2647 2650 2649 2631 2632 2635 2634
  8 2647 2648 2651 2650 2632 2633 2636 2635
  8 2648 2428 2429 2651 2633 2423 2424 2636
  8 2384 2649 2652 2385 2379 2634 2637 2380
  8 2649 2650 2653 2652 2634 2635 2638 2637
  8 2650 2651 2654 2653 2635 2636 2639 2638
  8 2651 2429 2430 2654 2636 2424 2425 2639
  8 2385 2652 2655 2386 2380 2637 2640 2381
  8 2652 2653 2656 2655 2637 2638 2641 2640
  8 2653 2654 2657 2656 2638 2639 2642 2641
  8 2654 2430 2431 2657 2639 2425 2426 2642
  8 2386 2655 2658 2387 2381 2640 2643 2382
  8 2655 2656 2659 2658 2640 2641 2644 2643
  8 2656 2657 2660 2659 2641 2642 2645 2644
  8 2657 2431 2432 2660 2642 2426 2427 2645
  8 2387 2658 2496 2273 2382 2643 2493 2272
  8 2658 2659 2497 2496 2643 2644 2494 2493
  8 2659 2660 2498 2497 2644 2645 2495 2494
  8 2660 2432 2295 2498 2645 2427 2296 2495
  8 2285 2472 2661 2388 2286 2469 2646 2383
  8 2472 2473 2662 2661 2469 2470 2647 2646
  8 2473 2474 2663 2662 2470 2471 2648 2647
  8 2474 2301 2433 2663 2471 2300 2428 2648
  8 2388 2661 2664 2389 2383 2646 2649 2384
  8 2661 2662 2665 2664 2646 2647 2650 2649
  8 2662 2663 2666 2665 2647 2648 2651 2650
  8 2663 2433 2434 2666 2648 2428 2429 2651
  8 2389 2664 2667 2390 2384 2649 2652 2385
  8 2664 2665 2668 2667 2649 2650 2653 2652
  8 2665 2666 2669 2668 2650 2651 2654 2653
  8 2666 2434 2435 2669 2651 2429 2430 2654
  8 2390 2667 2670 2391 2385 2652 2655 2386
  8 2667 2668 2671 2670 2652 2653 2656 2655
  8 2668 2669 2672 2671 2653 2654 2657 2656
  8 2669 2435 2436 2672 2654 2430 2431 2657
  8 2391 2670 2673 2392 2386 2655 2658 2387
  8 2670 2671 2674 2673 2655 2656 2659 2658
  8 2671 2672 2675 2674 2656 2657 2660 2659
  8 2672 2436 2437 2675 2657 2431 2432 2660
  8 2392 2673 2499 2274 2387 2658 2496 2273
  8 2673 2674 2500 2499 2658 2659 2497 2496
  8 2674 2675 2501 2500 2659 2660 2498 2497
  8 2675 2437 2294 2501 2660 2432 2295 2498
  8 2284 2475 2676 2393 2285 2472 2661 2388
  8 2475 2476 2677 2676 2472 2473 2662 2661
  8 2476 2477 2678 2677 2473 2474 2663 2662
  8 2477 2302 2438 2678 2474 2301 2433 2663
  8 2393 2676 2679 2394 2388 2661 2664 2389
  8 2676 2677 2680 2679 2661 2662 2665 2664
  8 2677 2678 2681 2680 2662 2663 2666 2665
  8 2678 2438 2439 2681 2663 2433 2434 2666
  8 2394 2679 2682 2395 2389 2664 2667 2390
  8 2679 2680 2683 2682 2664 2665 2668 2667
  8 2680 2681 2684 2683 2665 2666 2669 2668
  8 2681 2439 2440 2684 2666 2434 2435 2669
  8 2395 2682 2685 2396 2390 2667 2670 2391
  8 2682 2683 2686 2685 2667 2668 2671 2670
  8 2683 2684 2687 2686 2668 2669 2672 2671
  8 2684 2440 2441 2687 2669 2435 2436 2672
  8 2396 2685 2688 2397 2391 2670 2673 2392
  8 2685 2686 2689 2688 2670 2671 2674 2673
  8 2686 2687 2690 2689 2671 2672 2675 2674
  8 2687 2441 2442 2690 2672 2436 2437 2675
  8 2397 2688 2502 2275 2392 2673 2499 2274
  8 2688 2689 2503 2502 2673 2674 2500 2499
  8 2689 2690 2504 2503 2674 2675 2501 2500
  8 2690 2442 2293 2504 2675 2437 2294 2501
  8 2283 2478 2691 2398 2284 2475 2676 2393
  8 2478 2479 2692 2691 2475 2476 2677 2676
  8 2479 2480 2693 2692 2476 2477 2678 2677
  8 2480 2303 2443 2693 2477 2302 2438 2678
  8 2398 2691 2694 2399 2393 2676 2679 2394
  8 2691 2692 2695 2694 2676 2677 2680 2679
  8 2692 2693 2696 2695 2677 2678 2681 2680
  8 2693 2443 2444 2696 2678 2438 2439 2681
  8 2399 2694 2697 2400 2394 2679 2682 2395
  8 2694 2695 2698 2697 2679 2680 2683 2682
  8 2695 2696 2699 2698 2680 2681 2684 2683
  8 2696 2444 2445 2699 2681 2439 2440 2684
  8 2400 2697 2700 2401 2395 2682 2685 2396
  8 2697 2698 2701 2700 2682 2683 2686 2685
  8 2698 2699 2702 2701 2683 2684 2687 2686
  8 2699 2445 2446 2702 2684 2440 2441 2687
  8 2401 2700 2703 2402 2396 2685 2688 2397
  8 2700 2701 2704 2703 2685 2686 2689 2688
  8 2701 2702 2705 2704 2686 2687 2690 2689
  8 2702 2446 2447 2705 2687 2441 2442 2690
  8 2402 2703 2505 2276 2397 2688 2502 2275
  8 2703 2704 2506 2505 2688 2689 2503 2502
  8 2704 2705 2507 2506 2689 2690 2504 2503
  8 2705 2447 2292 2507 2690 2442 2293 2504
  8 2282 2481 2706 2403 2283 2478 2691 2398
  8 2481 2482 2707 2706 2478 2479 2692 2691
  8 2482 2483 2708 2707 2479 2480 2693 2692
  8 2483 2304 2448 2708 2480 2303 2443 2693
  8 2403 2706 2709 2404 2398 2691 2694 2399
  8 2706 2707 2710 2709 2691 2692 2695 2694
  8 2707 2708 2711 2710 2692 2693 2696 2695
  8 2708 2448 2449 2711 2693 2443 2444 2696
  8 2404 2709 2712 2405 2399 2694 2697 2400
  8 2709 2710 2713 2712 2694 2695 2698 2697
  8 2710 2711 2714 2713 2695 2696 2699 2698
  8 2711 2449 2450 2714 2696 2444 2445 2699
  8 2405 2712 2715 2406 2400 2697 2700 2401
  8 2712 2713 2716 2715 2697 2698 2701 2700
  8 2713 2714 2717 2716 2698 2699 2702 2701
  8 2714 2450 2451 2717 2699 2445 2446 2702
  8 2406 2715 2718 2407 2401 2700 2703 2402
  8 2715 2716 2719 2718 2700 2701 2704 2703
  8 2716 2717 2720 2719 2701 2702 2705 2704
  8 2717 2451 2452 2720 2702 2446 2447 2705
  8 2407 2718 2508 2277 2402 2703 2505 2276
  8 2718 2719 2509 2508 2703 2704 2506 2505
  8 2719 2720 2510 2509 2704 2705 2507 2506
  8 2720 2452 2291 2510 2705 2447 2292 2507
  8 2281 2484 2721 2408 2282 2481 2706 2403
  8 2484 2485 2722 2721 2481 2482 2707 2706
  8 2485 2486 2723 2722 2482 2483 2708 2707
  8 2486 2305 2453 2723 2483 2304 2448 2708
  8 2408 2721 2724 2409 2403 2706 2709 2404
  8 2721 2722 2725 2724 2706 2707 2710 2709
  8 2722 2723 2726 2725 2707 2708 2711 2710
  8 2723 2453 2454 2726 2708 2448 2449 2711
  8 2409 2724 2727 2410 2404 2709 2712 2405
  8 2724 2725 2728 2727 2709 2710 2713 2712
  8 2725 2726 2729 2728 2710 2711 2714 2713
  8 2726 2454 2455 2729 2711 2449 2450 2714
  8 2410 2727 2730 2411 2405 2712 2715 2406
  8 2727 2728 2731 2730 2712 2713 2716 2715
  8 2728 2729 2732 2731 2713 2714 2717 2716
  8 2729 2455 2456 2732 2714 2450 2451 2717
  8 2411 2730 2733 2412 2406 2715 2718 2407
  8 2730 2731 2734 2733 2715 2716 2719 2718
  8 2731 2732 2735 2734 2716 2717 2720 2719
  8 2732 2456 2457 2735 2717 2451 2452 2720
  8 2412 2733 2511 2278 2407 2718 2508 2277
  8 2733 2734 2512 2511 2718 2719 2509 2508
  8 2734 2735 2513 2512 2719 2720 2510 2509
  8 2735 2457 2290 2513 2720 2452 2291 2510
  8 2280 2487 2736 2413 2281 2484 2721 2408
  8 2487 2488 2737 2736 2484 2485 2722 2721
  8 2488 2489 2738 2737 2485 2486 2723 2722
  8 2489 2306 2458 2738 2486 2305 2453 2723
  8 2413 2736 2739 2414 2408 2721 2724 2409
  8 2736 2737 2740 2739 2721 2722 2725 2724
  8 2737 2738 2741 2740 2722 2723 2726 2725
  8 2738 2458 2459 2741 2723 2453 2454 2726
  8 2414 2739 2742 2415 2409 2724 2727 2410
  8 2739 2740 2743 2742 2724 2725 2728 2727
  8 2740 2741 2744 2743 2725 2726 2729 2728
  8 2741 2459 2460 2744 2726 2454 2455 2729
  8 2415 2742 2745 2416 2410 2727 2730 2411
  8 2742 2743 2746 2745 2727 2728 2731 2730
  8 2743 2744 2747 2746 2728 2729 2732 2731
  8 2744 2460 2461 2747 2729 2455 2456 2732
  8 2416 2745 2748 2417 2411 2730 2733 2412
  8 2745 2746 2749 2748 2730 2731 2734 2733
  8 2746 2747 2750 2749 2731 2732 2735 2734
  8 2747 2461 2462 2750 2732 2456 2457 2735
  8 2417 2748 2514 2279 2412 2733 2511 2278
  8 2748 2749 2515 2514 2733 2734 2512 2511
  8 2749 2750 2516 2515 2734 2735 2513 2512
  8 2750 2462 2289 2516 2735 2457 2290 2513
  8 2234 2257 2358 2266 2280 2487 2736 2413
  8 2257 2256 2359 2358 2487 2488 2737 2736
  8 2256 2255 2360 2359 2488 2489 2738 2737
  8 2255 2231 2262 2360 2489 2306 2458 2738
  8 2266 2358 2361 2267 2413 2736 2739 2414
  8 2358 2359 2362 2361 2736 2737 2740 2739
  8 2359 2360 2363 2362 2737 2738 2741 2740
  8 2360 2262 2261 2363 2738 2458 2459 2741
  8 2267 2361 2364 2268 2414 2739 2742 2415
  8 2361 2362 2365 2364 2739 2740 2743 2742
  8 2362 2363 2366 2365 2740 2741 2744 2743
  8 2363 2261 2260 2366 2741 2459 2460 2744
  8 2268 2364 2367 2269 2415 2742 2745 2416
  8 2364 2365 2368 2367 2742 2743 2746 2745
  8 2365 2366 2369 2368 2743 2744 2747 2746
  8 2366 2260 2259 2369 2744 2460 2461 2747
  8 2269 2367 2370 2270 2416 2745 2748 2417
  8 2367 2368 2371 2370 2745 2746 2749 2748
  8 2368 2369 2372 2371 2746 2747 2750 2749
  8 2369 2259 2258 2372 2747 2461 2462 2750
  8 2270 2370 2263 2233 2417 2748 2514 2279
  8 2370 2371 2264 2263 2748 2749 2515 2514
  8 2371 2372 2265 2264 2749 2750 2516 2515
  8 2372 2258 2232 2265 2750 2462 2289 2516
  8 2298 2465 2751 2535 2228 2241 2517 2315
  8 2465 2464 2752 2751 2241 2240 2518 2517
  8 2464 2463 2753 2752 2240 2239 2519 2518
  8 2463 2288 2562 2753 2239 2227 2307 2519
  8 2535 2751 2754 2536 2315 2517 2520 2314
  8 2751 2752 2755 2754 2517 2518 2521 2520
  8 2752 2753 2756 2755 2518 2519 2522 2521
  8 2753 2562 2563 2756 2519 2307 2308 2522
  8 2536 2754 2757 2537 2314 2520 2523 2313
  8 2754 2755 2758 2757 2520 2521 2524 2523
  8 2755 2756 2759 2758 2521 2522 2525 2524
  8 2756 2563 2564 2759 2522 2308 2309 2525
  8 2537 2757 2589 2325 2313 2523 2312 2236
  8 2757 2758 2590 2589 2523 2524 2311 2312
  8 2758 2759 2591 2590 2524 2525 2310 2311
  8 2759 2564 2342 2591 2525 2309 2235 2310
  8 2299 2468 2760 2538 2298 2465 2751 2535
  8 2468 2467 2761 2760 2465 2464 2752 2751
  8 2467 2466 2762 2761 2464 2463 2753 2752
  8 2466 2287 2565 2762 2463 2288 2562 2753
  8 2538 2760 2763 2539 2535 2751 2754 2536
  8 2760 2761 2764 2763 2751 2752 2755 2754
  8 2761 2762 2765 2764 2752 2753 2756 2755
  8 2762 2565 2566 2765 2753 2562 2563 2756
  8 2539 2763 2766 2540 2536 2754 2757 2537
  8 2763 2764 2767 2766 2754 2755 2758 2757
  8 2764 2765 2768 2767 2755 2756 2759 2758
  8 2765 2566 2567 2768 2756 2563 2564 2759
  8 2540 2766 2592 2326 2537 2757 2589 2325
  8 2766 2767 2593 2592 2757 2758 2590 2589
  8 2767 2768 2594 2593 2758 2759 2591 2590
  8 2768 2567 2341 2594 2759 2564 2342 2591
  8 2300 2471 2769 2541 2299 2468 2760 2538
  8 2471 2470 2770 2769 2468 2467 2761 2760
  8 2470 2469 2771 2770 2467 2466 2762 2761
  8 2469 2286 2568 2771 2466 2287 2565 2762
  8 2541 2769 2772 2542 2538 2760 2763 2539
  8 2769 2770 2773 2772 2760 2761 2764 2763
  8 2770 2771 2774 2773 2761 2762 2765 2764
  8 2771 2568 2569 2774 2762 2565 2566 2765
  8 2542 2772 2775 2543 2539 2763 2766 2540
  8 2772 2773 2776 2775 2763 2764 2767 2766
  8 2773 2774 2777 2776 2764 2765 2768 2767
  8 2774 2569 2570 2777 2765 2566 2567 2768
  8 2543 2775 2595 2327 2540 2766 2592 2326
  8 2775 2776 2596 2595 2766 2767 2593 2592
  8 2776 2777 2597 2596 2767 2768 2594 2593
  8 2777 2570 2340 2597 2768 2567 2341 2594
  8 2301 2474 2778 2544 2300 2471 2769 2541
  8 2474 2473 2779 2778 2471 2470 2770 2769
  8 2473 2472 2780 2779 2470 2469 2771 2770
  8 2472 2285 2571 2780 2469 2286 2568 2771
  8 2544 2778 2781 2545 2541 2769 2772 2542
  8 2778 2779 2782 2781 2769 2770 2773 2772
  8 2779 2780 2783 2782 2770 2771 2774 2773
  8 2780 2571 2572 2783 2771 2568 2569 2774
  8 2545 2781 2784 2546 2542 2772 2775 2543
  8 2781 2782 2785 2784 2772 2773 2776 2775
  8 2782 2783 2786 2785 2773 2774 2777 2776
  8 2783 2572 2573 2786 2774 2569 2570 2777
  8 2546 2784 2598 2328 2543 2775 2595 2327
  8 2784 2785 2599 2598 2775 2776 2596 2595
  8 2785 2786 2600 2599 2776 2777 2597 2596
  8 2786 2573 2339 2600 2777 2570 2340 2597
  8 2302 2477 2787 2547 2301 2474 2778 2544
  8 2477 2476 2788 2787 2474 2473 2779 2778
  8 2476 2475 2789 2788 2473 2472 2780 2779
  8 2475 2284 2574 2789 2472 2285 2571 2780
  8 2547 2787 2790 2548 2544 2778 2781 2545
  8 2787 2788 2791 2790 2778 2779 2782 2781
  8 2788 2789 2792 2791 2779 2780 2783 2782
  8 2789 2574 2575 2792 2780 2571 2572 2783
  8 2548 2790 2793 2549 2545 2781 2784 2546
  8 2790 2791 2794 2793 2781 2782 2785 2784
  8 2791 2792 2795 2794 2782 2783 2786 2785
  8 2792 2575 2576 2795 2783 2572 2573 2786
  8 2549 2793 2601 2329 2546 2784 2598 2328
  8 2793 2794 2602 2601 2784 2785 2599 2598
  8 2794 2795 2603 2602 2785 2786 2600 2599
  8 2795 2576 2338 2603 2786 2573 2339 2600
  8 2303 2480 2796 2550 2302 2477 2787 2547
  8 2480 2479 2797 2796 2477 2476 2788 2787
  8 2479 2478 2798 2797 2476 2475 2789 2788
  8 2478 2283 2577 2798 2475 2284 2574 2789
  8 2550 2796 2799 2551 2547 2787 2790 2548
  8 2796 2797 2800 2799 2787 2788 2791 2790
  8 2797 2798 2801 2800 2788 2789 2792 2791
  8 2798 2577 2578 2801 2789 2574 2575 2792
  8 2551 2799 2802 2552 2548 2790 2793 2549
  8 2799 2800 2803 2802 2790 2791 2794 2793
  8 2800 2801 2804 2803 2791 2792 2795 2794
  8 2801 2578 2579 2804 2792 2575 2576 2795
  8 2552 2802 2604 2330 2549 2793 2601 2329
  8 2802 2803 2605 2604 2793 2794 2602 2601
  8 2803 2804 2606 2605 2794 2795 2603 2602
  8 2804 2579 2337 2606 2795 2576 2338 2603
  8 2304 2483 2805 2553 2303 2480 2796 2550
  8 2483 2482 2806 2805 2480 2479 2797 2796
  8 2482 2481 2807 2806 2479 2478 2798 2797
  8 2481 2282 2580 2807 2478 2283 2577 2798
  8 2553 2805 2808 2554 2550 2796 2799 2551
  8 2805 2806 2809 2808 2796 2797 2800 2799
  8 2806 2807 2810 2809 2797 2798 2801 2800
  8 2807 2580 2581 2810 2798 2577 2578 2801
  8 2554 2808 2811 2555 2551 2799 2802 2552
  8 2808 2809 2812 2811 2799 2800 2803 2802
  8 2809 2810 2813 2812 2800 2801 2804 2803
  8 2810 2581 2582 2813 2801 2578 2579 2804
  8 2555 2811 2607 2331 2552 2802 2604 2330
  8 2811 2812 2608 2607 2802 2803 2605 2604
  8 2812 2813 2609 2608 2803 2804 2606 2605
  8 2813 2582 2336 2609 2804 2579 2337 2606
  8 2305 2486 2814 2556 2304 2483 2805 2553
  8 2486 2485 2815 2814 2483 2482 2806 2805
  8 2485 2484 2816 2815 2482 2481 2807 2806
  8 2484 2281 2583 2816 2481 2282 2580 2807
  8 2556 2814 2817 2557 2553 2805 2808 2554
  8 2814 2815 2818 2817 2805 2806 2809 2808
  8 2815 2816 2819 2818 2806 2807 2810 2809
  8 2816 2583 2584 2819 2807 2580 2581 2810
  8 2557 2817 2820 2558 2554 2808 2811 2555
  8 2817 2818 2821 2820 2808 2809 2812 2811
  8 2818 2819 2822 2821 2809 2810 2813 2812
  8 2819 2584 2585 2822 2810 2581 2582 2813
  8 2558 2820 2610 2332 2555 2811 2607 2331
  8 2820 2821 2611 2610 2811 2812 2608 2607
  8 2821 2822 2612 2611 2812 2813 2609 2608
  8 2822 2585 2335 2612 2813 2582 2336 2609
  8 2306 2489 2823 2559 2305 2486 2814 2556
  8 2489 2488 2824 2823 2486 2485 2815 2814
  8 2488 2487 2825 2824 2485 2484 2816 2815
  8 2487 2280 2586 2825 2484 2281 2583 2816
  8 2559 2823 2826 2560 2556 2814 2817 2557
  8 2823 2824 2827 2826 2814 2815 2818 2817
  8 2824 2825 2828 2827 2815 2816 2819 2818
  8 2825 2586 2587 2828 2816 2583 2584 2819
  8 2560 2826 2829 2561 2557 2817 2820 2558
  8 2826 2827 2830 2829 2817 2818 2821 2820
  8 2827 2828 2831 2830 2818 2819 2822 2821
  8 2828 2587 2588 2831 2819 2584 2585 2822
  8 2561 2829 2613 2333 2558 2820 2610 2332
  8 2829 2830 2614 2613 2820 2821 2611 2610
  8 2830 2831 2615 2614 2821 2822 2612 2611
  8 2831 2588 2334 2615 2822 2585 2335 2612
  8 2231 2255 2526 2322 2306 2489 2823 2559
  8 2255 2256 2527 2526 2489 2488 2824 2823
  8 2256 2257 2528 2527 2488 2487 2825 2824
  8 2257 2234 2318 2528 2487 2280 2586 2825
  8 2322 2526 2529 2323 2559 2823 2826 2560
  8 2526 2527 2530 2529 2823 2824 2827 2826
  8 2527 2528 2531 2530 2824 2825 2828 2827
  8 2528 2318 2317 2531 2825 2586 2587 2828
  8 2323 2529 2532 2324 2560 2826 2829 2561
  8 2529 2530 2533 2532 2826 2827 2830 2829
  8 2530 2531 2534 2533 2827 2828 2831 2830
  8 2531 2317 2316 2534 2828 2587 2588 2831
  8 2324 2532 2319 2238 2561 2829 2613 2333
  8 2532 2533 2320 2319 2829 2830 2614 2613
  8 2533 2534 2321 2320 2830 2831 2615 2614
  8 2534 2316 2237 2321 2831 2588 2334 2615
  8 2893 3068 3221 2978 2832 2844 2948 2859
  8 3068 3069 3222 3221 2844 2845 2949 2948
  8 3069 3070 3223 3222 2845 2846 2950 2949
  8 3070 2903 3023 3223 2846 2833 2847 2950
  8 2978 3221 3224 2979 2859 2948 2951 2858
  8 3221 3222 3225 3224 2948 2949 2952 2951
  8 3222 3223 3226 3225 2949 2950 2953 2952
  8 3223 3023 3024 3226 2950 2847 2848 2953
  8 2979 3224 3227 2980 2858 2951 2954 2857
  8 3224 3225 3228 3227 2951 2952 2955 2954
  8 3225 3226 3229 3228 2952 2953 2956 2955
  8 3226 3024 3025 3229 2953 2848 2849 2956
  8 2980 3227 3230 2981 2857 2954 2957 2856
  8 3227 3228 3231 3230 2954 2955 2958 2957
  8 3228 3229 3232 3231 2955 2956 2959 2958
  8 3229 3025 3026 3232 2956 2849 2850 2959
  8 2981 3230 3233 2982 2856 2957 2960 2855
  8 3230 3231 3234 3233 2957 2958 2961 2960
  8 3231 3232 3235 3234 2958 2959 2962 2961
  8 3232 3026 3027 3235 2959 2850 2851 2962
  8 2982 3233 3095 2876 2855 2960 2854 2835
  8 3233 3234 3096 3095 2960 2961 2853 2854
  8 3234 3235 3097 3096 2961 2962 2852 2853
  8 3235 3027 2902 3097 2962 2851 2834 2852
  8 2892 3071 3236 2983 2893 3068 3221 2978
  8 3071 3072 3237 3236 3068 3069 3222 3221
  8 3072 3073 3238 3237 3069 3070 3223 3222
  8 3073 2904 3028 3238 3070 2903 3023 3223
  8 2983 3236 3239 2984 2978 3221 3224 2979
  8 3236 3237 3240 3239 3221 3222 3225 3224
  8 3237 3238 3241 3240 3222 3223 3226 3225
  8 3238 3028 3029 3241 3223 3023 3024 3226
  8 2984 3239 3242 2985 2979 3224 3227 2980
  8 3239 3240 3243 3242 3224 3225 3228 3227
  8 3240 3241 3244 3243 3225 3226 3229 3228
  8 3241 3029 3030 3244 3226 3024 3025 3229
  8 2985 3242 3245 2986 2980 3227 3230 2981
  8 3242 3243 3246 3245 3227 3228 3231 3230
  8 3243 3244 3247 3246 3228 3229 3232 3231
  8 3244 3030 3031 3247 3229 3025 3026 3232
  8 2986 3245 3248 2987 2981 3230 3233 2982
  8 3245 3246 3249 3248 3230 3231 3234 3233
  8 3246 3247 3250 3249 3231 3232 3235 3234
  8 3247 3031 3032 3250 3232 3026 3027 3235
  8 2987 3248 3098 2877 2982 3233 3095 2876
  8 3248 3249 3099 3098 3233 3234 3096 3095
  8 3249 3250 3100 3099 3234 3235 3097 3096
  8 3250 3032 2901 3100 3235 3027 2902 3097
  8 2891 3074 3251 2988 2892 3071 3236 2983
  8 3074 3075 3252 3251 3071 3072 3237 3236
  8 3075 3076 3253 3252 3072 3073 3238 3237
  8 3076 2905 3033 3253 3073 2904 3028 3238
  8 2988 3251 3254 2989 2983 3236 3239 2984
  8 3251 3252 3255 3254 3236 3237 3240 3239
  8 3252 3253 3256 3255 3237 3238 3241 3240
  8 3253 3033 3034 3256 3238 3028 3029 3241
  8 2989 3254 3257 2990 2984 3239 3242 2985
  8 3254 3255 3258 3257 3239 3240 3243 3242
  8 3255 3256 3259 3258 3240 3241 3244 3243
  8 3256 3034 3035 3259 3241 3029 3030 3244
  8 2990 3257 3260 2991 2985 3242 3245 2986
  8 3257 3258 3261 3260 3242 3243 3246 3245
  8 3258 3259 3262 3261 3243 3244 3247 3246
  8 3259 3035 3036 3262 3244 3030 3031 3247
  8 2991 3260 3263 2992 2986 3245 3248 2987
  8 3260 3261 3264 3263 3245 3246 3249 3248
  8 3261 3262 3265 3264 3246 3247 3250 3249
  8 3262 3036 3037 3265 3247 3031 3032 3250
  8 2992 3263 3101 2878 2987 3248 3098 2877
  8 3263 3264 3102 3101 3248 3249 3099 3098
  8 3264 3265 3103 3102 3249 3250 3100 3099
  8 3265 3037 2900 3103 3250 3032 2901 3100
  8 2890 3077 3266 2993 2891 3074 3251 2988
  8 3077 3078 3267 3266 3074 3075 3252 3251
  8 3078 3079 3268 3267 3075 3076 3253 3252
  8 3079 2906 3038 3268 3076 2905 3033 3253
  8 2993 3266 3269 2994 2988 3251 3254 2989
  8 3266 3267 3270 3269 3251 3252 3255 3254
  8 3267 3268 3271 3270 3252 3253 3256 3255
  8 3268 3038 3039 3271 3253 3033 3034 3256
  8 2994 3269 3272 2995 2989 3254 3257 2990
  8 3269 3270 3273 3272 3254 3255 3258 3257
  8 3270 3271 3274 3273 3255 3256 3259 3258
  8 3271 3039 3040 3274 3256 3034 3035 3259
  8 2995 3272 3275 2996 2990 3257 3260 2991
  8 3272 3273 3276 3275 3257 3258 3261 3260
  8 3273 3274 3277 3276 3258 3259 3262 3261
  8 3274 3040 3041 3277 3259 3035 3036 3262
  8 2996 3275 3278 2997 2991 3260 3263 2992
  8 3275 3276 3279 3278 3260 3261 3264 3263
  8 3276 3277 3280 3279 3261 3262 3265 3264
  8 3277 3041 3042 3280 3262 3036 3037 3265
  8 2997 3278 3104 2879 2992 3263 3101 2878
  8 3278 3279 3105 3104 3263 3264 3102 3101
  8 3279 3280 3106 3105 3264 3265 3103 3102
  8 3280 3042 2899 3106 3265 3037 2900 3103
  8 2889 3080 3281 2998 2890 3077 3266 2993
  8 3080 3081 3282 3281 3077 3078 3267 3266
  8 3081 3082 3283 3282 3078 3079 3268 3267
  8 3082 2907 3043 3283 3079 2906 3038 3268
  8 2998 3281 3284 2999 2993 3266 3269 2994
  8 3281 3282 3285 3284 3266 3267 3270 3269
  8 3282 3283 3286 3285 3267 3268 3271 3270
  8 3283 3043 3044 3286 3268 3038 3039 3271
  8 2999 3284 3287 3000 2994 3269 3272 2995
  8 3284 3285 3288 3287 3269 3270 3273 3272
  8 3285 3286 3289 3288 3270 3271 3274 3273
  8 3286 3044 3045 3289 3271 3039 3040 3274
  8 3000 3287 3290 3001 2995 3272 3275 2996
  8 3287 3288 3291 3290 3272 3273 3276 3275
  8 3288 3289 3292 3291 3273 3274 3277 3276
  8 3289 3045 3046 3292 3274 3040 3041 3277
  8 3001 3290 3293 3002 2996 3275 3278 2997
  8 3290 3291 3294 3293 3275 3276 3279 3278
  8 3291 3292 3295 3294 3276 3277 3280 3279
  8 3292 3046 3047 3295 3277 3041 3042 3280
  8 3002 3293 3107 2880 2997 3278 3104 2879
  8 3293 3294 3108 3107 3278 3279 3105 3104
  8 3294 3295 3109 3108 3279 3280 3106 3105
  8 3295 3047 2898 3109 3280 3042 2899 3106
  8 2888 3083 3296 3003 2889 3080 3281 2998
  8 3083 3084 3297 3296 3080 3081 3282 3281
  8 3084 3085 3298 3297 3081 3082 3283 3282
  8 3085 2908 3048 3298 3082 2907 3043 3283
  8 3003 3296 3299 3004 2998 3281 3284 2999
  8 3296 3297 3300 3299 3281 3282 3285 3284
  8 3297 3298 3301 3300 3282 3283 3286 3285
  8 3298 3048 3049 3301 3283 3043 3044 3286
  8 3004 3299 3302 3005 2999 3284 3287 3000
  8 3299 3300 3303 3302 3284 3285 3288 3287
  8 3300 3301 3304 3303 3285 3286 3289 3288
  8 3301 3049 3050 3304 3286 3044 3045 3289
  8 3005 3302 3305 3006 3000 3287 3290 3001
  8 3302 3303 3306 3305 3287 3288 3291 3290
  8 3303 3304 3307 3306 3288 3289 3292 3291
  8 3304 3050 3051 3307 3289 3045 3046 3292
  8 3006 3305 3308 3007 3001 3290 3293 3002
  8 3305 3306 3309 3308 3290 3291 3294 3293
  8 3306 3307 3310 3309 3291 3292 3295 3294
  8 3307 3051 3052 3310 3292 3046 3047 3295
  8 3007 3308 3110 2881 3002 3293 3107 2880
  8 3308 3309 3111 3110 3293 3294 3108 3107
  8 3309 3310 3112 3111 3294 3295 3109 3108
  8 3310 3052 2897 3112 3295 3047 2898 3109
  8 2887 3086 3311 3008 2888 3083 3296 3003
  8 3086 3087 3312 3311 3083 3084 3297 3296
  8 3087 3088 3313 3312 3084 3085 3298 3297
  8 3088 2909 3053 3313 3085 2908 3048 3298
  8 3008 3311 3314 3009 3003 3296 3299 3004
  8 3311 3312 3315 3314 3296 3297 3300 3299
  8 3312 3313 3316 3315 3297 3298 3301 3300
  8 3313 3053 3054 3316 3298 3048 3049 3301
  8 3009 3314 3317 3010 3004 3299 3302 3005
  8 3314 3315 3318 3317 3299 3300 3303 3302
  8 3315 3316 3319 3318 3300 3301 3304 3303
  8 3316 3054 3055 3319 3301 3049 3050 3304
  8 3010 3317 3320 3011 3005 3302 3305 3006
  8 3317 3318 3321 3320 3302 3303 3306 3305
  8 3318 3319 3322 3321 3303 3304 3307 3306
  8 3319 3055 3056 3322 3304 3050 3051 3307
  8 3011 3320 3323 3012 3006 3305 3308 3007
  8 3320 3321 3324 3323 3305 3306 3309 3308
  8 3321 3322 3325 3324 3306 3307 3310 3309
  8 3322 3056 3057 3325 3307 3051 3052 3310
  8 3012 3323 3113 2882 3007 3308 3110 2881
  8 3323 3324 3114 3113 3308 3309 3111 3110
  8 3324 3325 3115 3114 3309 3310 3112 3111
  8 3325 3057 2896 3115 3310 3052 2897 3112
  8 2886 3089 3326 3013 2887 3086 3311 3008
  8 3089 3090 3327 3326 3086 3087 3312 3311
  8 3090 3091 3328 3327 3087 3088 3313 3312
  8 3091 2910 3058 3328 3088 2909 3053 3313
  8 3013 3326 3329 3014 3008 3311 3314 3009
  8 3326 3327 3330 3329 3311 3312 3315 3314
  8 3327 3328 3331 3330 3312 3313 3316 3315
  8 3328 3058 3059 3331 3313 3053 3054 3316
  8 3014 3329 3332 3015 3009 3314 3317 3010
  8 3329 3330 3333 3332 3314 3315 3318 3317
  8 3330 3331 3334 3333 3315 3316 3319 3318
  8 3331 3059 3060 3334 3316 3054 3055 3319
  8 3015 3332 3335 3016 3010 3317 3320 3011
  8 3332 3333 3336 3335 3317 3318 3321 3320
  8 3333 3334 3337 3336 3318 3319 3322 3321
  8 3334 3060 3061 3337 3319 3055 3056 3322
  8 3016 3335 3338 3017 3011 3320 3323 3012
  8 3335 3336 3339 3338 3320 3321 3324 3323
  8 3336 3337 3340 3339 3321 3322 3325 3324
  8 3337 3061 3062 3340 3322 3056 3057 3325
  8 3017 3338 3116 2883 3012 3323 3113 2882
  8 3338 3339 3117 3116 3323 3324 3114 3113
  8 3339 3340 3118 3117 3324 3325 3115 3114
  8 3340 3062 2895 3118 3325 3057 2896 3115
  8 2885 3092 3341 3018 2886 3089 3326 3013
  8 3092 3093 3342 3341 3089 3090 3327 3326
  8 3093 3094 3343 3342 3090 3091 3328 3327
  8 3094 2911 3063 3343 3091 2910 3058 3328
  8 3018 3341 3344 3019 3013 3326 3329 3014
  8 3341 3342 3345 3344 3326 3327 3330 3329
  8 3342 3343 3346 3345 3327 3328 3331 3330
  8 3343 3063 3064 3346 3328 3058 3059 3331
  8 3019 3344 3347 3020 3014 3329 3332 3015
  8 3344 3345 3348 3347 3329 3330 3333 3332
  8 3345 3346 3349 3348 3330 3331 3334 3333
  8 3346 3064 3065 3349 3331 3059 3060 3334
  8 3020 3347 3350 3021 3015 3332 3335 3016
  8 3347 3348 3351 3350 3332 3333 3336 3335
  8 3348 3349 3352 3351 3333 3334 3337 3336
  8 3349 3065 3066 3352 3334 3060 3061 3337
  8 3021 3350 3353 3022 3016 3335 3338 3017
  8 3350 3351 3354 3353 3335 3336 3339 3338
  8 3351 3352 3355 3354 3336 3337 3340 3339
  8 3352 3066 3067 3355 3337 3061 3062 3340
  8 3022 3353 3119 2884 3017 3338 3116 2883
  8 3353 3354 3120 3119 3338 3339 3117 3116
  8 3354 3355 3121 3120 3339 3340 3118 3117
  8 3355 3067 2894 3121 3340 3062 2895 3118
  8 2839 2862 2963 2871 2885 3092 3341 3018
  8 2862 2861 2964 2963 3092 3093 3342 3341
  8 2861 2860 2965 2964 3093 3094 3343 3342
  8 2860 2836 2867 2965 3094 2911 3063 3343
  8 2871 2963 2966 2872 3018 3341 3344 3019
  8 2963 2964 2967 2966 3341 3342 3345 3344
  8 2964 2965 2968 2967 3342 3343 3346 3345
  8 2965 2867 2866 2968 3343 3063 3064 3346
  8 2872 2966 2969 2873 3019 3344 3347 3020
  8 2966 2967 2970 2969 3344 3345 3348 3347
  8 2967 2968 2971 2970 3345 3346 3349 3348
  8 2968 2866 2865 2971 3346 3064 3065 3349
  8 2873 2969 2972 2874 3020 3347 3350 3021
  8 2969 2970 2973 2972 3347 3348 3351 3350
  8 2970 2971 2974 2973 3348 3349 3352 3351
  8 2971 2865 2864 2974 3349 3065 3066 3352
  8 2874 2972 2975 2875 3021 3350 3353 3022
  8 2972 2973 2976 2975 3350 3351 3354 3353
  8 2973 2974 2977 2976 3351 3352 3355 3354
  8 2974 2864 2863 2977 3352 3066 3067 3355
  8 2875 2975 2868 2838 3022 3353 3119 2884
  8 2975 2976 2869 2868 3353 3354 3120 3119
  8 2976 2977 2870 2869 3354 3355 3121 3120
  8 2977 2863 2837 2870 3355 3067 2894 3121
  8 2903 3070 3356 3140 2833 2846 3122 2920
  8 3070 3069 3357 3356 2846 2845 3123 3122
  8 3069 3068 3358 3357 2845 2844 3124 3123
  8 3068 2893 3167 3358 2844 2832 2912 3124
  8 3140 3356 3359 3141 2920 3122 3125 2919
  8 3356 3357 3360 3359 3122 3123 3126 3125
  8 3357 3358 3361 3360 3123 3124 3127 3126
  8 3358 3167 3168 3361 3124 2912 2913 3127
  8 3141 3359 3362 3142 2919 3125 3128 2918
  8 3359 3360 3363 3362 3125 3126 3129 3128
  8 3360 3361 3364 3363 3126 3127 3130 3129
  8 3361 3168 3169 3364 3127 2913 2914 3130
  8 3142 3362 3194 2930 2918 3128 2917 2841
  8 3362 3363 3195 3194 3128 3129 2916 2917
  8 3363 3364 3196 3195 3129 3130 2915 2916
  8 3364 3169 2947 3196 3130 2914 2840 2915
  8 2904 3073 3365 3143 2903 3070 3356 3140
  8 3073 3072 3366 3365 3070 3069 3357 3356
  8 3072 3071 3367 3366 3069 3068 3358 3357
  8 3071 2892 3170 3367 3068 2893 3167 3358
  8 3143 3365 3368 3144 3140 3356 3359 3141
  8 3365 3366 3369 3368 3356 3357 3360 3359
  8 3366 3367 3370 3369 3357 3358 3361 3360
  8 3367 3170 3171 3370 3358 3167 3168 3361
  8 3144 3368 3371 3145 3141 3359 3362 3142
  8 3368 3369 3372 3371 3359 3360 3363 3362
  8 3369 3370 3373 3372 3360 3361 3364 3363
  8 3370 3171 3172 3373 3361 3168 3169 3364
  8 3145 3371 3197 2931 3142 3362 3194 2930
  8 3371 3372 3198 3197 3362 3363 3195 3194
  8 3372 3373 3199 3198 3363 3364 3196 3195
  8 3373 3172 2946 3199 3364 3169 2947 3196
  8 2905 3076 3374 3146 2904 3073 3365 3143
  8 3076 3075 3375 3374 3073 3072 3366 3365
  8 3075 3074 3376 3375 3072 3071 3367 3366
  8 3074 2891 3173 3376 3071 2892 3170 3367
  8 3146 3374 3377 3147 3143 3365 3368 3144
  8 3374 3375 3378 3377 3365 3366 3369 3368
  8 3375 3376 3379 3378 3366 3367 3370 3369
  8 3376 3173 3174 3379 3367 3170 3171 3370
  8 3147 3377 3380 3148 3144 3368 3371 3145
  8 3377 3378 3381 3380 3368 3369 3372 3371
  8 3378 3379 3382 3381 3369 3370 3373 3372
  8 3379 3174 3175 3382 3370 3171 3172 3373
  8 3148 3380 3200 2932 3145 3371 3197 2931
  8 3380 3381 3201 3200 3371 3372 3198 3197
  8 3381 3382 3202 3201 3372 3373 3199 3198
  8 3382 3175 2945 3202 3373 3172 2946 3199
  8 2906 3079 3383 3149 2905 3076 3374 3146
  8 3079 3078 3384 3383 3076 3075 3375 3374
  8 3078 3077 3385 3384 3075 3074 3376 3375
  8 3077 2890 3176 3385 3074 2891 3173 3376
  8 3149 3383 3386 3150 3146 3374 3377 3147
  8 3383 3384 3387 3386 3374 3375 3378 3377
  8 3384 3385 3388 3387 3375 3376 3379 3378
  8 3385 3176 3177 3388 3376 3173 3174 3379
  8 3150 3386 3389 3151 3147 3377 3380 3148
  8 3386 3387 3390 3389 3377 3378 3381 3380
  8 3387 3388 3391 3390 3378 3379 3382 3381
  8 3388 3177 3178 3391 3379 3174 3175 3382
  8 3151 3389 3203 2933 3148 3380 3200 2932
  8 3389 3390 3204 3203 3380 3381 3201 3200
  8 3390 3391 3205 3204 3381 3382 3202 3201
  8 3391 3178 2944 3205 3382 3175 2945 3202
  8 2907 3082 3392 3152 2906 3079 3383 3149
  8 3082 3081 3393 3392 3079 3078 3384 3383
  8 3081 3080 3394 3393 3078 3077 3385 3384
  8 3080 2889 3179 3394 3077 2890 3176 3385
  8 3152 3392 3395 3153 3149 3383 3386 3150
  8 3392 3393 3396 3395 3383 3384 3387 3386
  8 3393 3394 3397 3396 3384 3385 3388 3387
  8 3394 3179 3180 3397 3385 3176 3177 3388
  8 3153 3395 3398 3154 3150 3386 3389 3151
  8 3395 3396 3399 3398 3386 3387 3390 3389
  8 3396 3397 3400 3399 3387 3388 3391 3390
  8 3397 3180 3181 3400 3388 3177 3178 3391
  8 3154 3398 3206 2934 3151 3389 3203 2933
  8 3398 3399 3207 3206 3389 3390 3204 3203
  8 3399 3400 3208 3207 3390 3391 3205 3204
  8 3400 3181 2943 3208 3391 3178 2944 3205
  8 2908 3085 3401 3155 2907 3082 3392 3152
  8 3085 3084 3402 3401 3082 3081 3393 3392
  8 3084 3083 3403 3402 3081 3080 3394 3393
  8 3083 2888 3182 3403 3080 2889 3179 3394
  8 3155 3401 3404 3156 3152 3392 3395 3153
  8 3401 3402 3405 3404 3392 3393 3396 3395
  8 3402 3403 3406 3405 3393 3394 3397 3396
  8 3403 3182 3183 3406 3394 3179 3180 3397
  8 3156 3404 3407 3157 3153 3395 3398 3154
  8 3404 3405 3408 3407 3395 3396 3399 3398
  8 3405 3406 3409 3408 3396 3397 3400 3399
  8 3406 3183 3184 3409 3397 3180 3181 3400
  8 3157 3407 3209 2935 3154 3398 3206 2934
  8 3407 3408 3210 3209 3398 3399 3207 3206
  8 3408 3409 3211 3210 3399 3400 3208 3207
  8 3409 3184 2942 3211 3400 3181 2943 3208
  8 2909 3088 3410 3158 2908 3085 3401 3155
  8 3088 3087 3411 3410 3085 3084 3402 3401
  8 3087 3086 3412 3411 3084 3083 3403 3402
  8 3086 2887 3185 3412 3083 2888 3182 3403
  8 3158 3410 3413 3159 3155 3401 3404 3156
  8 3410 3411 3414 3413 3401 3402 3405 3404
  8 3411 3412 3415 3414 3402 3403 3406 3405
  8 3412 3185 3186 3415 3403 3182 3183 3406
  8 3159 3413 3416 3160 3156 3404 3407 3157
  8 3413 3414 3417 3416 3404 3405 3408 3407
  8 3414 3415 3418 3417 3405 3406 3409 3408
  8 3415 3186 3187 3418 3406 3183 3184 3409
  8 3160 3416 3212 2936 3157 3407 3209 2935
  8 3416 3417 3213 3212 3407 3408 3210 3209
  8 3417 3418 3214 3213 3408 3409 3211 3210
  8 3418 3187 2941 3214 3409 3184 2942 3211
  8 2910 3091 3419 3161 2909 3088 3410 3158
  8 3091 3090 3420 3419 3088 3087 3411 3410
  8 3090 3089 3421 3420 3087 3086 3412 3411
  8 3089 2886 3188 3421 3086 2887 3185 3412
  8 3161 3419 3422 3162 3158 3410 3413 3159
  8 3419 3420 3423 3422 3410 3411 3414 3413
  8 3420 3421 3424 3423 3411 3412 3415 3414
  8 3421 3188 3189 3424 3412 3185 3186 3415
  8 3162 3422 3425 3163 3159 3413 3416 3160
  8 3422 3423 3426 3425 3413 3414 3417 3416
  8 3423 3424 3427 3426 3414 3415 3418 3417
  8 3424 3189 3190 3427 3415 3186 3187 3418
  8 3163 3425 3215 2937 3160 3416 3212 2936
  8 3425 3426 3216 3215 3416 3417 3213 3212
  8 3426 3427 3217 3216 3417 3418 3214 3213
  8 3427 3190 2940 3217 3418 3187 2941 3214
  8 2911 3094 3428 3164 2910 3091 3419 3161
  8 3094 3093 3429 3428 3091 3090 3420 3419
  8 3093 3092 3430 3429 3090 3089 3421 3420
  8 3092 2885 3191 3430 3089 2886 3188 3421
  8 3164 3428 3431 3165 3161 3419 3422 3162
  8 3428 3429 3432 3431 3419 3420 3423 3422
  8 3429 3430 3433 3432 3420 3421 3424 3423
  8 3430 3191 3192 3433 3421 3188 3189 3424
  8 3165 3431 3434 3166 3162 3422 3425 3163
  8 3431 3432 3435 3434 3422 3423 3426 3425
  8 3432 3433 3436 3435 3423 3424 3427 3426
  8 3433 3192 3193 3436 3424 3189 3190 3427
  8 3166 3434 3218 2938 3163 3425 3215 2937
  8 3434 3435 3219 3218 3425 3426 3216 3215
  8 3435 3436 3220 3219 3426 3427 3217 3216
  8 3436 3193 2939 3220 3427 3190 2940 3217
  8 2836 2860 3131 2927 2911 3094 3428 3164
  8 2860 2861 3132 3131 3094 3093 3429 3428
  8 2861 2862 3133 3132 3093 3092 3430 3429
  8 2862 2839 2923 3133 3092 2885 3191 3430
  8 2927 3131 3134 2928 3164 3428 3431 3165
  8 3131 3132 3135 3134 3428 3429 3432 3431
  8 3132 3133 3136 3135 3429 3430 3433 3432
  8 3133 2923 2922 3136 3430 3191 3192 3433
  8 2928 3134 3137 2929 3165 3431 3434 3166
  8 3134 3135 3138 3137 3431 3432 3435 3434
  8 3135 3136 3139 3138 3432 3433 3436 3435
  8 3136 2922 2921 3139 3433 3192 3193 3436
  8 2929 3137 2924 2843 3166 3434 3218 2938
  8 3137 3138 2925 2924 3434 3435 3219 3218
  8 3138 3139 2926 2925 3435 3436 3220 3219
  8 3139 2921 2842 2926 3436 3193 2939 3220

CELL_TYPES 2884
  3
  3
  3
  3
  3
  3
  3
  3
  3
  3
  3
  3
  3
  3
  3
  3
  3
  3
  3
  3
  3
  3
  3
  3
  3
  3
  3
  3
  3
  3
  3
  3
  3
  3
  3
  3
  3
  3
  3
  3
  3
  3
  3
  3
  3
  3
  3
  3
  3
  3
  3
  3
  3
  3
  3
  3
  3
  3
  3
  3
  3
  3
  3
  3
  3
  3
  3
  3
  3
  3
  3
  3
  3
  3
  3
  3
  3
  3
  3
  3
  3
  3
  3
  3
  3
  3
  3
  3
  3
  3
  3
  3
  3
  3
  3
  3
  3
  3
  3
  3
  3
  3
  3
  3
  3
  3
  3
  3
  3
  3
  3
  3
  3
  3
  3
  3
  3
  3
  3
  3
  3
  3
  3
  3
  3
  3
  3
  3
  3
  3
  3
  3
  3
  3
  3
  3
  3
  3
  3
  3
  3
  3
  3
  3
  3
  3
  3
  3
  3
  3
  3
  3
  3
  3
  3
  3
  3
  3
  3
  3
  3
  3
  3
  3
  3
  3
  3
  3
  3
  3
  3
  3
  3
  3
  3
  3
  3
  3
  3
  3
  3
  3
  3
  3
  3
  3
  3
  3
  3
  3
  3
  3
  3
  3
  3
  3
  3
  3
  3
  3
  3
  3
  3
  3
  3
  3
  3
  3
  3
  3
  3
  3
  3
  3
  3
  3
  3
  3
  3
  3
  3
  3
  3
  3
  3
  3
  3
  3
  3
  3
  3
  3
  3
  3
  3
  3
  3
  3
  3
  3
  3
  3
  3
  3
  3
  3
  3
  3
  3
  3
  3
  3
  3
  3
  3
  3
  3
  3
  3
  3
  3
  3
  3
  3
  3
  3
  3
  3
  3
  3
  3
  3
  3
  3
  3
  3
  3
  3
  3
  3
  3
  3
  3
  3
  3
  3
  3
  3
  3
  3
  3
  3
  3
  3
  3
  3
  3
  3
  3
  3
  3
  3
  3
  3
  3
  3
  3
  3
  3
  3
  3
  3
  3
  3
  3
  3
  3
  3
  3
  3
  3
  3
  3
  3
  3
  3
  3
  3
  3
  3
  3
  3
  3
  3
  3
  3
  3
  3
  3
  3
  3
  3
  3
  3
  3
  3
  3
  3
  3
  3
  3
  3
  3
  3
  3
  3
  3
  3
  3
  3
  3
  3
  3
  3
  3
  3
  3
  3
  3
  3
  3
  3
  3
  3
  3
  3
  3
  3
  3
  3
  3
  3
  3
  3
  3
  3
  3
  3
  3
  3
  3
  3
  3
  3
  3
  3
  3
  3
  3
  3
  3
  3
  3
  3
  3
  3
  3
  3
  3
  3
  3
  3
  3
  3
  3
  3
  3
  3
  3
  3
  3
  3
  3
  3
  3
  3
  3
  3
  3
  3
  3
  3
  3
  3
  3
  3
  3
  3
  3
  3
  3
  3
  3
  3
  3
  3
  3
  3
  3
  3
  3
  3
  3
  3
  3
  3
  3
  3
  3
  3
  3
  3
  3
  3
  3
  3
  3
  3
  3
  3
  3
  3
  3
  3
  3
  3
  3
  3
  3
  3
  3
  3
  3
  3
  3
  3
  3
  3
  3
  3
  3
  3
  3
  3
  3
  3
  3
  3
  3
  3
  3
  3
  3
  3
  3
  3
  3
  3
  3
  3
  3
  3
  3
  3
  3
  3
  3
  3
  3
  3
  3
  3
  3
  3
  3
  3
  3
  3
  3
  3
  3
  3
  3
  3
  3
  3
  3
  3
  3
  3
  3
  3
  3
  3
  3
  3
  3
  3
  3
  3
  3
  3
  3
  3
  3
  3
  3
  3
  3
  3
  3
  3
  3
  3
  3
  3
  3
  3
  3
  3
  3
  3
  3
  3
  3
  3
  3
  3
  3
  3
  3
  3
  3
  3
  3
  3
  3
  3
  3
  3
  3
  3
  3
  3
  3
  3
  3
  3
  3
  3
  3
  3
  3
  3
  3
  3
  3
  3
  3
  3
  3
  3
  3
  3
  3
  3
  3
  3
  3
  3
  3
  3
  3
  3
  3
  3
  3
  3
  3
  3
  3
  3
  3
  3
  3
  3
  3
  3
  3
  3
  3
  3
  3
  3
  3
  3
  3
  3
  3
  3
  3
  3
  3
  3
  3
  3
  3
  3
  3
  3
  3
  3
  3
  3
  3
  3
  3
  3
  3
  3
  3
  3
  3
  3
  3
  3
  3
  3
  3
  3
  3
  3
  3
  3
  3
  3
  3
  3
  3
  3
  3
  3
  3
  3
  3
  3
  3
  3
  3
  3
  3
  3
  3
  3
  3
  3
  3
  3
  3
  3
  3
  3
  3
  3
  3
  3
  3
  3
  3
  3
  3
  3
  3
  3
  9
  9
  9
  9
  9
  9
  9
  9
  9
  9
  9
  9
  9
  9
  9
  9
  9
  9
  9
  9
  9
  9
  9
  9
  9
  9
  9
  9
  9
  9
  9
  9
  9
  9
  9
  9
  9
  9
  9
  9
  9
  9
  9
  9
  9
  9
  9
  9
  9
  9
  9
  9
  9
  9
  9
  9
  9
  9
  9
  9
  9
  9
  9
  9
  9
  9
  9
  9
  9
  9
  9
  9
  9
  9
  9
  9
  9
  9
  9
  9
  9
  9
  9
  9
  9
  9
  9
  9
  9
  9
  9
  9
  9
  9
  9
  9
  9
  9
  9
  9
  9
  9
  9
  9
  9
  9
  9
  9
  9
  9
  9
  9
  9
  9
  9
  9
  9
  9
  9
  9
  9
  9
  9
  9
  9
  9
  9
  9
  9
  9
  9
  9
  9
  9
  9
  9
  9
  9
  9
  9
  9
  9
  9
  9
  9
  9
  9
  9
  9
  9
  9
  9
  9
  9
  9
  9
  9
  9
  9
  9
  9
  9
  9
  9
  9
  9
  9
  9
  9
  9
  9
  9
  9
  9
  9
  9
  9
  9
  9
  9
  9
  9
  9
  9
  9
  9
  9
  9
  9
  9
  9
  9
  9
  9
  9
  9
  9
  9
  9
  9
  9
  9
  9
  9
  9
  9
  9
  9
  9
  9
  9
  9
  9
  9
  9
  9
  9
  9
  9
  9
  9
  9
  9
  9
  9
  9
  9
  9
  9
  9
  9
  9
  9
  9
  9
  9
  9
  9
  9
  9
  9
  9
  9
  9
  9
  9
  9
  9
  9
  9
  9
  9
  9
  9
  9
  9
  9
  9
  9
  9
  9
  9
  9
  9
  9
  9
  9
  9
  9
  9
  9
  9
  9
  9
  9
  9
  9
  9
  9
  9
  9
  9
  9
  9
  9
  9
  9
  9
  9
  9
  9
  9
  9
  9
  9
  9
  9
  9
  9
  9
  9
  9
  9
  9
  9
  9
  9
  9
  9
  9
  9
  9
  9
  9
  9
  9
  9
  9
  9
  9
  9
  9
  9
  9
  9
  9
  9
  9
  9
  9
  9
  9
  9
  9
  9
  9
  9
  9
  9
  9
  9
  9
  9
  9
  9
  9
  9
  9
  9
  9
  9
  9
  9
  9
  9
  9
  9
  9
  9
  9
  9
  9
  9
  9
  9
  9
  9
  9
  9
  9
  9
  9
  9
  9
  9
  9
  9
  9
  9
  9
  9
  9
  9
  9
  9
  9
  9
  9
  9
  9
  9
  9
  9
  9
  9
  9
  9
  9
  9
  9
  12
  12
  12
  12
  12
  12
  12
  12
  12
  12
  12
  12
  12
  12
  12
  12
  12
  12
  12
  12
  12
  12
  12
  12
  12
  12
  12
  12
  12
  12
  12
  12
  12
  12
  12
  12
  12
  12
  12
  12
  12
  12
  12
  12
  12
  12
  12
  12
  12
  12
  12
  12
  12
  12
  12
  12
  12
  12
  12
  12
  12
  12
  12
  12
  12
  12
  12
  12
  12
  12
  12
  12
  12
  12
  12
  12
  12
  12
  12
  12
  12
  12
  12
  12
  12
  12
  12
  12
  12
  12
  12
  12
  12
  12
  12
  12
  12
  12
  12
  12
  12
  12
  12
  12
  12
  12
  12
  12
  12
  12
  12
  12
  12
  12
  12
  12
  12
  12
  12
  12
  12
  12
  12
  12
  12
  12
  12
  12
  12
  12
  12
  12
  12
  12
  12
  12
  12
  12
  12
  12
  12
  12
  12
  12
  12
  12
  12
  12
  12
  12
  12
  12
  12
  12
  12
  12
  12
  12
  12
  12
  12
  12
  12
  12
  12
  12
  12
  12
  12
  12
  12
  12
  12
  12
  12
  12
  12
  12
  12
  12
  12
  12
  12
  12
  12
  12
  12
  12
  12
  12
  12
  12
  12
  12
  12
  12
  12
  12
  12
  12
  12
  12
  12
  12
  12
  12
  12
  12
  12
  12
  12
  12
  12
  12
  12
  12
  12
  12
  12
  12
  12
  12
  12
  12
  12
  12
  12
  12
  12
  12
  12
  12
  12
  12
  12
  12
  12
  12
  12
  12
  12
  12
  12
  12
  12
  12
  12
  12
  12
  12
  12
  12
  12
  12
  12
  12
  12
  12
  12
  12
  12
  12
  12
  12
  12
  12
  12
  12
  12
  12
  12
  12
  12
  12
  12
  12
  12
  12
  12
  12
  12
  12
  12
  12
  12
  12
  12
  12
  12
  12
  12
  12
  12
  12
  12
  12
  12
  12
  12
  12
  12
  12
  12
  12
  12
  12
  12
  12
  12
  12
  12
  12
  12
  12
  12
  12
  12
  12
  12
  12
  12
  12
  12
  12
  12
  12
  12
  12
  12
  12
  12
  12
  12
  12
  12
  12
  12
  12
  12
  12
  12
  12
  12
  12
  12
  12
  12
  12
  12
  12
  12
  12
  12
  12
  12
  12
  12
  12
  12
  12
  12
  12
  12
  12
  12
  12
  12
  12
  12
  12
  12
  12
  12
  12
  12
  12
  12
  12
  12
  12
  12
  12
  12
  12
  12
  12
  12
  12
  12
  12
  12
  12
  12
  12
  12
  12
  12
  12
  12
  12
  12
  12
  12
  12
  12
  12
  12
  12
  12
  12
  12
  12
  12
  12
  12
  12
  12
  12
  12
  12
  12
  12
  12
  12
  12
  12
  12
  12
  12
  12
  12
  12
  12
  12
  12
  12
  12
  12
  12
  12
  12
  12
  12
  12
  12
  12
  12
  12
  12
  12
  12
  12
  12
  12
  12
  12
  12
  12
  12
  12
  12
  12
  12
  12
  12
  12
  12
  12
  12
  12
  12
  12
  12
  12
  12
  12
  12
  12
  12
  12
  12
  12
  12
  12
  12
  12
  12
  12
  12
  12
  12
  12
  12
  12
  12
  12
  12
  12
  12
  12
  12
  12
  12
  12
  12
  12
  12
  12
  12
  12
  12
  12
  12
  12
  12
  12
  12
  12
  12
  12
  12
  12
  12
  12
  12
  12
  12
  12
  12
  12
  12
  12
  12
  12
  12
  12
  12
  12
  12
  12
  12
  12
  12
  12
  12
  12
  12
  12
  12
  12
  12
  12
  12
  12
  12
  12
  12
  12
  12
  12
  12
  12
  12
  12
  12
  12
  12
  12
  12
  12
  12
  12
  12
  12
  12
  12
  12
  12
  12
  12
  12
  12
  12
  12
  12
  12
  12
  12
  12
  12
  12
  12
  12
  12
  12
  12
  12
  12
  12
  12
  12
  12
  12
  12
  12
  12
  12
  12
  12
  12
  12
  12
  12
  12
  12
  12
  12
  12
  12
  12
  12
  12
  12
  12
  12
  12
  12
  12
  12
  12
  12
  12
  12
  12
  12
  12
  12
  12
  12
  12
  12
  12
  12
  12
  12
  12
  12
  12
  12
  12
  12
  12
  12
  12
  12
  12
  12
  12
  12
  12
  12
  12
  12
  12
  12
  12
  12
  12
  12
  12
  12
  12
  12
  12
  12
  12
  12
  12
  12
  12
  12
  12
  12
  12
  12
  12
  12
  12
  12
  12
  12
  12
  12
  12
  12
  12
  12
  12
  12
  12
  12
  12
  12
  12
  12
  12
  12
  12
  12
  12
  12
  12
  12
  12
  12
  12
  12
  12
  12
  12
  12
  12
  12
  12
  12
  12
  12
  12
  12
  12
  12
  12
  12
  12
  12
  12
  12
  12
  12
  12
  12
  12
  12
  12
  12
  12
  12
  12
  12
  12
  12
  12
  12
  12
  12
  12
  12
  12
  12
  12
  12
  12
  12
  12
  12
  12
  12
  12
  12
  12
  12
  12
  12
  12
  12
  12
  12
  12
  12
  12
  12
  12
  12
  12
  12
  12
  12
  12
  12
  12
  12
  12
  12
  12
  12
  12
  12
  12
  12
  12
  12
  12
  12
  12
  12
  12
  12
  12
  12
  12
  12
  12
  12
  12
  12
  12
  12
  12
  12
  12
  12
  12
  12
  12
  12
  12
  12
  12
  12
  12
  12
  12
  12
  12
  12
  12
  12
  12
  12
  12
  12
  12
  12
  12
  12
  12
  12
  12
  12
  12
  12
  12
  12
  12
  12
  12
  12
  12
  12
  12
  12
  12
  12
  12
  12
  12
  12
  12
  12
  12
  12
  12
  12
  12
  12
  12
  12
  12
  12
  12
  12
  12
  12
  12
  12
  12
  12
  12
  12
  12
  12
  12
  12
  12
  12
  12
  12
  12
  12
  12
  12
  12
  12
  12
  12
  12
  12
  12
  12
  12
  12
  12
  12
  12
  12
  12
  12
  12
  12
  12
  12
  12
  12
  12
  12
  12
  12
  12
  12
  12
  12
  12
  12
  12
  12
  12
  12
  12
  12
  12
  12
  12
  12
  12
  12
  12
  12
  12
  12
  12
  12
  12
  12
  12
  12
  12
  12
  12
  12
  12
  12
  12
  12
  12
  12
  12
  12
  12
  12
  12
  12
  12
  12
  12
  12
  12
  12
  12
  12
  12
  12
  12
  12
  12
  12
  12
  12
  12
  12
  12
  12
  12
  12
  12
  12
  12
  12
  12
  12
  12
  12
  12
  12
  12
  12
  12
  12
  12
  12
  12
  12
  12
  12
  12
  12
  12
  12
  12
  12
  12
  12
  12
  12
  12
  12
  12
  12
  12
  12
  12
  12
  12
  12
  12
  12
  12
  12
  12
  12
  12
  12
  12
  12
  12
  12
  12
  12
  12
  12
  12
  12
  12
  12
  12
  12
  12
  12
  12
  12
  12
  12
  12
  12
  12
  12
  12
  12
  12
  12
  12
  12
  12
  12
  12
  12
  12
  12
  12
  12
  12
  12
  12
  12
  12
  12
  12
  12
  12
  12
  12
  12
  12
  12
  12
  12
  12
  12
  12
  12
  12
  12
  12
  12
  12
  12
  12
  12
  12
  12
  12
  12
  12
  12
  12
  12
  12
  12
  12
  12
  12
  12
  12
  12
  12
  12
  12
  12
  12
  12
  12
  12
  12
  12
  12
  12
  12
  12
  12
  12
  12
  12
  12
  12
  12
  12
  12
  12
  12
  12
  12
  12
  12
  12
  12
  12
  12
  12
  12
  12
  12
  12
  12
  12
  12
  12
  12
  12
  12
  12
  12
  12
  12
  12
  12
  12
  12
  12
  12
  12
  12
  12
  12
  12
  12
  12
  12
  12
  12
  12
  12
  12
  12
  12
  12
  12
  12
  12
  12
  12
  12
  12
  12
  12
  12
  12
  12
  12
  12
  12
  12
  12
  12
  12
  12
  12
  12
  12
  12
  12
  12
  12
  12
  12
  12
  12
  12
  12
  12
  12
  12
  12
  12
  12
  12
  12
  12
  12
  12
  12
  12
  12
  12
  12
  12
  12
  12
  12
  12
  12
  12
  12
  12
  12
  12
  12
  12
  12
  12
  12
  12
  12
  12
  12
  12
  12
  12
  12
  12
  12
  12
  12
  12
  12
  12
  12
  12
  12
  12
  12
  12
  12
  12
  12
  12
  12
  12
  12
  12
  12
  12
  12
  12
  12
  12
  12
  12
  12
  12
  12
  12
  12
  12
  12
  12
  12
  12
  12
  12
  12
  12
  12
  12
  12
  12
  12
  12
  12
  12
  12
  12
  12
  12
  12
  12
  12
  12
  12
  12
  12
  12
  12
  12
  12
  12
  12
  12
  12
  12
  12
  12
  12
  12
  12
  12
  12
  12
  12
  12
  12
  12
  12
  12
  12
  12
  12
  12
  12
  12
  12
  12
  12
  12
  12
  12
  12
  12
  12
  12
  12
  12
  12
  12
  12
  12
  12
  12
  12
  12
  12
  12
  12
  12
  12
  12
  12
  12
  12
  12
  12
  12
  12
  12
  12
  12
  12
  12
  12
  12
  12
  12
  12
  12
  12
  12
  12
  12
  12
  12
  12
  12
  12
  12
  12
  12
  12
  12
  12
  12
  12
  12
  12
  12
  12
  12
  12
  12
  12
  12
  12
  12
  12
  12
  12
  12
  12
  12
  12
  12
  12
  12
  12
  12
  12
  12
  12
  12
  12
  12
  12
  12
  12
  12
  12
  12
  12
  12
  12
  12
  12
  12
  12
  12
  12
  12
  12
  12
  12
  12
  12
  12
  12
  12
  12
  12
  12
  12
  12
  12
  12
  12
  12
  12
  12
  12
  12
  12
  12
  12
  12
  12
  12
  12
  12
  12
  12
  12
  12
  12
  12
  12
  12
  12
  12
  12
  12
  12
  12
  12
  12
  12
  12
  12
  12
  12
  12
  12
  12
  12
  12
  12
  12
  12
  12
  12
  12
  12
  12
  12
  12
  12
  12
  12
  12
  12
  12
  12
  12
  12
  12
  12
  12
  12
  12
  12
  12
  12
  12
  12
  12
  12
  12
  12
  12
  12
  12
  12
  12
  12
  12
  12
  12
  12
  12
  12
  12
  12
  12
  12
  12
  12
  12
  12
  12
  12
  12
  12
  12
  12
  12
  12
  12
  12
  12
  12
  12
  12
  12
  12
  12
  12
  12
  12
  12
  12
  12
  12
  12
  12
  12
  12
  12
  12
  12
  12
  12
  12
  12
  12
  12
  12
  12
  12
  12
  12
  12
  12
  12
  12
  12
  12
  12
  12
  12
  12
  12
  12
  12
  12
  12
  12
  12
  12
  12
  12
  12
  12
  12
  12
  12
  12
  12
  12
  12
  12
  12
  12
  12
  12
  12
  12
  12
  12
  12
  12
  12
  12
  12
  12
  12
  12
  12
  12
  12
  12
  12
  12
  12
  12
  12
  12
  12
  12
  12
  12
  12
  12
  12
  12
  12
  12
  12
  12
  12
  12
  12
  12
  12
  12
  12
  12
  12
  12
  12
  12
  12
  12
  12
  12
  12
  12
  12
  12
  12
  12
  12
  12
  12
  12
  12
  12
  12
  12
  12
  12
  12
  12
  12
  12
  12
  12
  12
  12
  12
  12
  12
  12
  12
  12
  12
  12
  12
  12
  12
  12
  12
  12
  12
  12
  12
  12
  12
  12
  12
  12
  12
  12
  12
  12
  12
  12
  12
  12
  12
  12
  12
  12
  12
  12
  12
  12

CELL_DATA 2884
SCALARS ElementType int 1
LOOKUP_TABLE default
  1
  1
  1
  1
  1
  1
  1
  1
  1
  1
  1
  1
  1
  1
  1
  1
  1
  1
  1
  1
  1
  1
  1
  1
  1
  1
  1
  1
  1
  1
  1
  1
  1
  1
  1
  1
  1
  1
  1
  1
  1
  1
  1
  1
  1
  1
  1
  1
  1
  1
  1
  1
  1
  1
  1
  1
  1
  1
  1
  1
  1
  1
  1
  1
  1
  1
  1
  1
  1
  1
  1
  1
  1
  1
  1
  1
  1
  1
  1
  1
  1
  1
  1
  1
  1
  1
  1
  1
  1
  1
  1
  1
  1
  1
  1
  1
  1
  1
  1
  1
  1
  1
  1
  1
  1
  1
  1
  1
  1
  1
  1
  1
  1
  1
  1
  1
  1
  1
  1
  1
  1
  1
  1
  1
  1
  1
  1
  1
  1
  1
  1
  1
  1
  1
  1
  1
  1
  1
  1
  1
  1
  1
  1
  1
  1
  1
  1
  1
  1
  1
  1
  1
  1
  1
  1
  1
  1
  1
  1
  1
  1
  1
  1
  1
  1
  1
  1
  1
  1
  1
  1
  1
  1
  1
  1
  1
  1
  1
  1
  1
  1
  1
  1
  1
  1
  1
  1
  1
  1
  1
  1
  1
  1
  1
  1
  1
  1
  1
  1
  1
  1
  1
  1
  1
  1
  1
  1
  1
  1
  1
  1
  1
  1
  1
  1
  1
  1
  1
  1
  1
  1
  1
  1
  1
  1
  1
  1
  1
  1
  1
  1
  1
  1
  1
  1
  1
  1
  1
  1
  1
  1
  1
  1
  1
  1
  1
  1
  1
  1
  1
  1
  1
  1
  1
  1
  1
  1
  1
  1
  1
  1
  1
  1
  1
  1
  1
  1
  1
  1
  1
  1
  1
  1
  1
  1
  1
  1
  1
  1
  1
  1
  1
  1
  1
  1
  1
  1
  1
  1
  1
  1
  1
  1
  1
  1
  1
  1
  1
  1
  1
  1
  1
  1
  1
  1
  1
  1
  1
  1
  1
  1
  1
  1
  1
  1
  1
  1
  1
  1
  1
  1
  1
  1
  1
  1
  1
  1
  1
  1
  1
  1
  1
  1
  1
  1
  1
  1
  1
  1
  1
  1
  1
  1
  1
  1
  1
  1
  1
  1
  1
  1
  1
  1
  1
  1
  1
  1
  1
  1
  1
  1
  1
  1
  1
  1
  1
  1
  1
  1
  1
  1
  1
  1
  1
  1
  1
  1
  1
  1
  1
  1
  1
  1
  1
  1
  1
  1
  1
  1
  1
  1
  1
  1
  1
  1
  1
  1
  1
  1
  1
  1
  1
  1
  1
  1
  1
  1
  1
  1
  1
  1
  1
  1
  1
  1
  1
  1
  1
  1
  1
  1
  1
  1
  1
  1
  1
  1
  1
  1
  1
  1
  1
  1
  1
  1
  1
  1
  1
  1
  1
  1
  1
  1
  1
  1
  1
  1
  1
  1
  1
  1
  1
  1
  1
  1
  1
  1
  1
  1
  1
  1
  1
  1
  1
  1
  1
  1
  1
  1
  1
  1
  1
  1
  1
  1
  1
  1
  1
  1
  1
  1
  1
  1
  1
  1
  1
  1
  1
  1
  1
  1
  1
  1
  1
  1
  1
  1
  1
  1
  1
  1
  1
  1
  1
  1
  1
  1
  1
  1
  1
  1
  1
  1
  1
  1
  1
  1
  1
  1
  1
  1
  1
  1
  1
  1
  1
  1
  1
  1
  1
  1
  1
  1
  1
  1
  1
  1
  1
  1
  1
  1
  1
  1
  1
  1
  1
  1
  1
  1
  1
  1
  1
  1
  1
  1
  1
  1
  1
  1
  1
  1
  1
  1
  1
  1
  1
  1
  1
  1
  1
  1
  1
  1
  1
  1
  1
  1
  1
  1
  1
  1
  1
  1
  1
  1
  1
  1
  1
  1
  1
  1
  1
  1
  1
  1
  1
  1
  1
  1
  1
  1
  1
  1
  1
  1
  1
  1
  1
  1
  1
  1
  1
  1
  1
  1
  1
  1
  1
  1
  1
  1
  1
  1
  1
  1
  1
  1
  1
  1
  1
  1
  1
  1
  1
  1
  1
  1
  1
  1
  1
  1
  1
  1
  1
  1
  1
  1
  1
  1
  1
  1
  1
  1
  1
  1
  1
  1
  1
  1
  1
  1
  1
  1
  1
  1
  1
  1
  1
  1
  1
  1
  1
  1
  1
  1
  1
  1
  1
  1
  1
  1
  1
  1
  1
  1
  1
  1
  1
  1
  1
  1
  1
  1
  1
  1
  1
  1
  1
  1
  1
  1
  1
  1
  1
  1
  1
  1
  1
  1
  1
  1
  1
  1
  1
  1
  1
  1
  1
  1
  1
  1
  1
  1
  1
  2
  2
  2
  2
  2
  2
  2
  2
  2
  2
  2
  2
  2
  2
  2
  2
  2
  2
  2
  2
  2
  2
  2
  2
  2
  2
  2
  2
  2
  2
  2
  2
  2
  2
  2
  2
  2
  2
  2
  2
  2
  2
  2
  2
  2
  2
  2
  2
  2
  2
  2
  2
  2
  2
  2
  2
  2
  2
  2
  2
  2
  2
  2
  2
  2
  2
  2
  2
  2
  2
  2
  2
  2
  2
  2
  2
  2
  2
  2
  2
  2
  2
  2
  2
  2
  2
  2
  2
  2
  2
  2
  2
  2
  2
  2
  2
  2
  2
  2
  2
  2
  2
  2
  2
  2
  2
  2
  2
  2
  2
  2
  2
  2
  2
  2
  2
  2
  2
  2
  2
  2
  2
  2
  2
  2
  2
  2
  2
  2
  2
  2
  2
  2
  2
  2
  2
  2
  2
  2
  2
  2
  2
  2
  2
  2
  2
  2
  2
  2
  2
  2
  2
  2
  2
  2
  2
  2
  2
  2
  2
  2
  2
  2
  2
  2
  2
  2
  2
  2
  2
  2
  2
  2
  2
  2
  2
  2
  2
  2
  2
  2
  2
  2
  2
  2
  2
  2
  2
  2
  2
  2
  2
  2
  2
  2
  2
  2
  2
  2
  2
  2
  2
  2
  2
  2
  2
  2
  2
  2
  2
  2
  2
  2
  2
  2
  2
  2
  2
  2
  2
  2
  2
  2
  2
  2
  2
  2
  2
  2
  2
  2
  2
  2
  2
  2
  2
  2
  2
  2
  2
  2
  2
  2
  2
  2
  2
  2
  2
  2
  2
  2
  2
  2
  2
  2
  2
  2
  2
  2
  2
  2
  2
  2
  2
  2
  2
  2
  2
  2
  2
  2
  2
  2
  2
  2
  2
  2
  2
  2
  2
  2
  2
  2
  2
  2
  2
  2
  2
  2
  2
  2
  2
  2
  2
  2
  2
  2
  2
  2
  2
  2
  2
  2
  2
  2
  2
  2
  2
  2
  2
  2
  2
  2
  2
  2
  2
  2
  2
  2
  2
  2
  2
  2
  2
  2
  2
  2
  2
  2
  2
  2
  2
  2
  2
  2
  2
  2
  2
  2
  2
  2
  2
  2
  2
  2
  2
  2
  2
  2
  2
  2
  2
  2
  2
  2
  2
  2
  2
  2
  2
  2
  2
  2
  2
  2
  2
  2
  2
  2
  2
  2
  2
  2
  2
  2
  2
  2
  2
  2
  2
  2
  2
  2
  2
  2
  2
  2
  2
  2
  2
  2
  2
  2
  2
  2
  2
  2
  2
  2
  2
  5
  5
  5
  5
  5
  5
  5
  5
  5
  5
  5
  5
  5
  5
  5
  5
  5
  5
  5
  5
  5
  5
  5
  5
  5
  5
  5
  5
  5
  5
  5
  5
  5
  5
  5
  5
  5
  5
  5
  5
  5
  5
  5
  5
  5
  5
  5
  5
  5
  5
  5
  5
  5
  5
  5
  5
  5
  5
  5
  5
  5
  5
  5
  5
  5
  5
  5
  5
  5
  5
  5
  5
  5
  5
  5
  5
  5
  5
  5
  5
  5
  5
  5
  5
  5
  5
  5
  5
  5
  5
  5
  5
  5
  5
  5
  5
  5
  5
  5
  5
  5
  5
  5
  5
  5
  5
  5
  5
  5
  5
  5
  5
  5
  5
  5
  5
  5
  5
  5
  5
  5
  5
  5
  5
  5
  5
  5
  5
  5
  5
  5
  5
  5
  5
  5
  5
  5
  5
  5
  5
  5
  5
  5
  5
  5
  5
  5
  5
  5
  5
  5
  5
  5
  5
  5
  5
  5
  5
  5
  5
  5
  5
  5
  5
  5
  5
  5
  5
  5
  5
  5
  5
  5
  5
  5
  5
  5
  5
  5
  5
  5
  5
  5
  5
  5
  5
  5
  5
  5
  5
  5
  5
  5
  5
  5
  5
  5
  5
  5
  5
  5
  5
  5
  5
  5
  5
  5
  5
  5
  5
  5
  5
  5
  5
  5
  5
  5
  5
  5
  5
  5
  5
  5
  5
  5
  5
  5
  5
  5
  5
  5
  5
  5
  5
  5
  5
  5
  5
  5
  5
  5
  5
  5
  5
  5
  5
  5
  5
  5
  5
  5
  5
  5
  5
  5
  5
  5
  5
  5
  5
  5
  5
  5
  5
  5
  5
  5
  5
  5
  5
  5
  5
  5
  5
  5
  5
  5
  5
  5
  5
  5
  5
  5
  5
  5
  5
  5
  5
  5
  5
  5
  5
  5
  5
  5
  5
  5
  5
  5
  5
  5
  5
  5
  5
  5
  5
  5
  5
  5
  5
  5
  5
  5
  5
  5
  5
  5
  5
  5
  5
  5
  5
  5
  5
  5
  5
  5
  5
  5
  5
  5
  5
  5
  5
  5
  5
  5
  5
  5
  5
  5
  5
  5
  5
  5
  5
  5
  5
  5
  5
  5
  5
  5
  5
  5
  5
  5
  5
  5
  5
  5
  5
  5
  5
  5
  5
  5
  5
  5
  5
  5
  5
  5
  5
  5
  5
  5
  5
  5
  5
  5
  5
  5
  5
  5
  5
  5
  5
  5
  5
  5
  5
  5
  5
  5
  5
  5
  5
  5
  5
  5
  5
  5
  5
  5
  5
  5
  5
  5
  5
  5
  5
  5
  5
  5
  5
  5
  5
  5
  5
  5
  5
  5
  5
  5
  5
  5
  5
  5
  5
  5
  5
  5
  5
  5
  5
  5
  5
  5
  5
  5
  5
  5
  5
  5
  5
  5
  5
  5
  5
  5
  5
  5
  5
  5
  5
  5
  5
  5
  5
  5
  5
  5
  5
  5
  5
  5
  5
  5
  5
  5
  5
  5
  5
  5
  5
  5
  5
  5
  5
  5
  5
  5
  5
  5
  5
  5
  5
  5
  5
  5
  5
  5
  5
  5
  5
  5
  5
  5
  5
  5
  5
  5
  5
  5
  5
  5
  5
  5
  5
  5
  5
  5
  5
  5
  5
  5
  5
  5
  5
  5
  5
  5
  5
  5
  5
  5
  5
  5
  5
  5
  5
  5
  5
  5
  5
  5
  5
  5
  5
  5
  5
  5
  5
  5
  5
  5
  5
  5
  5
  5
  5
  5
  5
  5
  5
  5
  5
  5
  5
  5
  5
  5
  5
  5
  5
  5
  5
  5
  5
  5
  5
  5
  5
  5
  5
  5
  5
  5
  5
  5
  5
  5
  5
  5
  5
  5
  5
  5
  5
  5
  5
  5
  5
  5
  5
  5
  5
  5
  5
  5
  5
  5
  5
  5
  5
  5
  5
  5
  5
  5
  5
  5
  5
  5
  5
  5
  5
  5
  5
  5
  5
  5
  5
  5
  5
  5
  5
  5
  5
  5
  5
  5
  5
  5
  5
  5
  5
  5
  5
  5
  5
  5
  5
  5
  5
  5
  5
  5
  5
  5
  5
  5
  5
  5
  5
  5
  5
  5
  5
  5
  5
  5
  5
  5
  5
  5
  5
  5
  5
  5
  5
  5
  5
  5
  5
  5
  5
  5
  5
  5
  5
  5
  5
  5
  5
  5
  5
  5
  5
  5
  5
  5
  5
  5
  5
  5
  5
  5
  5
  5
  5
  5
  5
  5
  5
  5
  5
  5
  5
  5
  5
  5
  5
  5
  5
  5
  5
  5
  5
  5
  5
  5
  5
  5
  5
  5
  5
  5
  5
  5
  5
  5
  5
  5
  5
  5
  5
  5
  5
  5
  5
  5
  5
  5
  5
  5
  5
  5
  5
  5
  5
  5
  5
  5
  5
  5
  5
  5
  5
  5
  5
  5
  5
  5
  5
  5
  5
  5
  5
  5
  5
  5
  5
  5
  5
  5
  5
  5
  5
  5
  5
  5
  5
  5
  5
  5
  5
  5
  5
  5
  5
  5
  5
  5
  5
  5
  5
  5
  5
  5
  5
  5
  5
  5
  5
  5
  5
  5
  5
  5
  5
  5
  5
  5
  5
  5
  5
  5
  5
  5
  5
  5
  5
  5
  5
  5
  5
  5
  5
  5
  5
  5
  5
  5
  5
  5
  5
  5
  5
  5
  5
  5
  5
  5
  5
  5
  5
  5
  5
  5
  5
  5
  5
  5
  5
  5
  5
  5
  5
  5
  5
  5
  5
  5
  5
  5
  5
  5
  5
  5
  5
  5
  5
  5
  5
  5
  5
  5
  5
  5
  5
  5
  5
  5
  5
  5
  5
  5
  5
  5
  5
  5
  5
  5
  5
  5
  5
  5
  5
  5
  5
  5
  5
  5
  5
  5
  5
  5
  5
  5
  5
  5
  5
  5
  5
  5
  5
  5
  5
  5
  5
  5
  5
  5
  5
  5
  5
  5
  5
  5
  5
  5
  5
  5
  5
  5
  5
  5
  5
  5
  5
  5
  5
  5
  5
  5
  5
  5
  5
  5
  5
  5
  5
  5
  5
  5
  5
  5
  5
  5
  5
  5
  5
  5
  5
  5
  5
  5
  5
  5
  5
  5
  5
  5
  5
  5
  5
  5
  5
  5
  5
  5
  5
  5
  5
  5
  5
  5
  5
  5
  5
  5
  5
  5
  5
  5
  5
  5
  5
  5
  5
  5
  5
  5
  5
  5
  5
  5
  5
  5
  5
  5
  5
  5
  5
  5
  5
  5
  5
  5
  5
  5
  5
  5
  5
  5
  5
  5
  5
  5
  5
  5
  5
  5
  5
  5
  5
  5
  5
  5
  5
  5
  5
  5
  5
  5
  5
  5
  5
  5
  5
  5
  5
  5
  5
  5
  5
  5
  5
  5
  5
  5
  5
  5
  5
  5
  5
  5
  5
  5
  5
  5
  5
  5
  5
  5
  5
  5
  5
  5
  5
  5
  5
  5
  5
  5
  5
  5
  5
  5
  5
  5
  5
  5
  5
  5
  5
  5
  5
  5
  5
  5
  5
  5
  5
  5
  5
  5
  5
  5
  5
  5
  5
  5
  5
  5
  5
  5
  5
  5
  5
  5
  5
  5
  5
  5
  5
  5
  5
  5
  5
  5
  5
  5
  5
  5
  5
  5
  5
  5
  5
  5
  5
  5
  5
  5
  5
  5
  5
  5
  5
  5
  5
  5
  5
  5
  5
  5
  5
  5
  5
  5
  5
  5
  5
  5
  5
  5
  5
  5
  5
  5
  5
  5
  5
  5
  5
  5
  5
  5
  5
  5
  5
  5
  5
  5
  5
  5
  5
  5
  5
  5
  5
  5
  5
  5
  5
  5
  5
  5
  5
  5
  5
  5
  5
  5
  5
  5
  5
  5
  5
  5
  5
  5
  5
  5
  5
  5
  5
  5
  5
  5
  5
  5
  5
  5
  5
  5
  5
  5
  5
  5
  5
  5
  5
  5
  5
  5
  5
  5
  5
  5
  5
  5
  5
  5
  5
  5
  5
  5
  5
  5
  5
  5
  5
  5
  5
  5
  5
  5
  5
  5
  5
  5
  5
  5
  5
  5
  5
  5
  5
  5
  5
  5
  5
  5
  5
  5
  5
  5
  5
  5
  5
  5
  5
  5
  5
  5
  5
  5
  5
  5
  5
  5
  5
  5
  5
  5
  5
  5
  5
  5
  5
  5
  5
  5
  5
  5
  5
  5
  5
  5
  5
  5
  5
  5
  5
  5
  5
  5
  5
  5
  5
  5
  5
  5
  5
  5
  5
  5
  5
  5
  5
  5
  5
  5
  5
  5
  5
  5
  5
  5
  5
  5
  5
  5
  5
  5
  5
  5
  5
  5
  5
  5
  5
  5
  5
  5
  5
  5
  5
  5
  5
  5
  5
  5
  5
  5
  5
  5
  5
  5
  5
  5
  5
  5
  5
  5
  5
  5
  5
  5
  5
  5
  5
  5
  5
  5
  5
  5
  5
  5
  5
  5
  5
  5
  5
  5
  5
  5
  5
  5
  5
  5
  5
  5
  5
  5
  5
  5
  5
  5
  5
  5
  5
  5
  5
  5
  5
  5
  5
  5
  5
  5
  5
  5
  5
  5
  5
  5
  5
  5
  5
  5
  5
  5
  5
  5
  5
  5
  5
  5
  5
  5
  5
  5
  5
  5
  5
  5
  5
  5
  5
  5
  5
  5
  5
  5
  5
  5
  5
  5
  5
  5
  5
  5
  5
  5
  5
  5
  5
  5
  5
  5
  5
  5
  5
  5
  5
  5
  5
  5
  5
  5
  5
  5
  5
  5
  5
  5
  5
  5
  5
  5
  5
  5
  5
  5
  5
  5
  5
  5
  5
  5
  5
  5
  5
  5
  5
  5
  5
  5
  5
  5
  5
  5
  5
  5
  5
  5
  5
  5
  5
  5
  5
  5
  5
  5
  5
  5
  5
  5
  5
  5
  5
  5
  5
  5
  5
  5
  5
  5
  5
  5
  5
  5
  5
  5
  5
  5
  5
  5
  5
  5
  5
  5
  5
  5
  5
  5
  5
  5
  5
  5
  5
  5
  5
  5
  5
  5
  5
  5
  5
  5
  5
  5
  5
  5
  5
  5
  5
  5
  5
  5
  5
  5
  5
  5
  5
  5
  5
  5
  5
  5
  5
  5
  5
  5
  5
  5
  5
  5
  5
  5
  5
  5
  5
  5
  5
  5
  5
  5
  5
  5
  5
  5
  5
  5
  5
  5
  5
  5
  5
  5
  5
  5
  5
  5
  5
  5
  5
  5
  5
  5
  5
  5
  5
  5
  5
  5
  5
  5
  5
  5
  5
  5
  5
  5
  5
  5
  5
  5
  5
  5
  5
  5
  5
  5
  5
  5
  5
  5
  5
  5
  5
  5
  5
  5
  5
  5
  5
  5
  5
  5
  5
  5
  5
  5
  5
  5
  5
  5
  5
  5
  5
  5
  5
  5
  5
  5
  5
  5
  5
  5
  5
  5
  5
  5
  5
  5
  5
  5
  5
  5
  5
  5
  5
  5
  5
  5
  5
  5
  5
  5
  5
  5
  5
  5
  5
  5
  5
  5
  5
  5
  5
  5
  5
  5
  5
  5
  5
  5
  5
  5
  5
  5
  5
  5
  5
  5
  5
  5
  5
  5
  5
  5
  5
  5
  5
  5
  5
  5
  5
  5
  5
  5
  5
  5
  5
SCALARS ElementTypeName float 1
LOOKUP_TABLE default
  1.0
  1.0
  1.0
  1.0
  1.0
  1.0
  1.0
  1.0
  1.0
  1.0
  1.0
  1.0
  1.0
  1.0
  1.0
  1.0
  1.0
  1.0
  1.0
  1.0
  1.0
  1.0
  1.0
  1.0
  1.0
  1.0
  1.0
  1.0
  1.0
  1.0
  1.0
  1.0
  1.0
  1.0
  1.0
  1.0
  1.0
  1.0
  1.0
  1.0
  1.0
  1.0
  1.0
  1.0
  1.0
  1.0
  1.0
  1.0
  1.0
  1.0
  1.0
  1.0
  1.0
  1.0
  1.0
  1.0
  1.0
  1.0
  1.0
  1.0
  1.0
  1.0
  1.0
  1.0
  1.0
  1.0
  1.0
  1.0
  1.0
  1.0
  1.0
  1.0
  1.0
  1.0
  1.0
  1.0
  1.0
  1.0
  1.0
  1.0
  1.0
  1.0
  1.0
  1.0
  1.0
  1.0
  1.0
  1.0
  1.0
  1.0
  1.0
  1.0
  1.0
  1.0
  1.0
  1.0
  1.0
  1.0
  1.0
  1.0
  1.0
  1.0
  1.0
  1.0
  1.0
  1.0
  1.0
  1.0
  1.0
  1.0
  1.0
  1.0
  1.0
  1.0
  1.0
  1.0
  1.0
  1.0
  1.0
  1.0
  1.0
  1.0
  1.0
  1.0
  1.0
  1.0
  1.0
  1.0
  1.0
  1.0
  1.0
  1.0
  1.0
  1.0
  1.0
  1.0
  1.0
  1.0
  1.0
  1.0
  1.0
  1.0
  1.0
  1.0
  1.0
  1.0
  1.0
  1.0
  1.0
  1.0
  1.0
  1.0
  1.0
  1.0
  1.0
  1.0
  1.0
  1.0
  1.0
  1.0
  1.0
  1.0
  1.0
  1.0
  1.0
  1.0
  1.0
  1.0
  1.0
  1.0
  1.0
  1.0
  1.0
  1.0
  1.0
  1.0
  1.0
  1.0
  1.0
  1.0
  1.0
  1.0
  1.0
  1.0
  1.0
  1.0
  1.0
  1.0
  1.0
  1.0
  1.0
  1.0
  1.0
  1.0
  1.0
  1.0
  1.0
  1.0
  1.0
  1.0
  1.0
  1.0
  1.0
  1.0
  1.0
  1.0
  1.0
  1.0
  1.0
  1.0
  1.0
  1.0
  1.0
  1.0
  1.0
  1.0
  1.0
  1.0
  1.0
  1.0
  1.0
  1.0
  1.0
  1.0
  1.0
  1.0
  1.0
  1.0
  1.0
  1.0
  1.0
  1.0
  1.0
  1.0
  1.0
  1.0
  1.0
  1.0
  1.0
  1.0
  1.0
  1.0
  1.0
  1.0
  1.0
  1.0
  1.0
  1.0
  1.0
  1.0
  1.0
  1.0
  1.0
  1.0
  1.0
  1.0
  1.0
  1.0
  1.0
  1.0
  1.0
  1.0
  1.0
  1.0
  1.0
  1.0
  1.0
  1.0
  1.0
  1.0
  1.0
  1.0
  1.0
  1.0
  1.0
  1.0
  1.0
  1.0
  1.0
  1.0
  1.0
  1.0
  1.0
  1.0
  1.0
  1.0
  1.0
  1.0
  1.0
  1.0
  1.0
  1.0
  1.0
  1.0
  1.0
  1.0
  1.0
  1.0
  1.0
  1.0
  1.0
  1.0
  1.0
  1.0
  1.0
  1.0
  1.0
  1.0
  1.0
  1.0
  1.0
  1.0
  1.0
  1.0
  1.0
  1.0
  1.0
  1.0
  1.0
  1.0
  1.0
  1.0
  1.0
  1.0
  1.0
  1.0
  1.0
  1.0
  1.0
  1.0
  1.0
  1.0
  1.0
  1.0
  1.0
  1.0
  1.0
  1.0
  1.0
  1.0
  1.0
  1.0
  1.0
  1.0
  1.0
  1.0
  1.0
  1.0
  1.0
  1.0
  1.0
  1.0
  1.0
  1.0
  1.0
  1.0
  1.0
  1.0
  1.0
  1.0
  1.0
  1.0
  1.0
  1.0
  1.0
  1.0
  1.0
  1.0
  1.0
  1.0
  1.0
  1.0
  1.0
  1.0
  1.0
  1.0
  1.0
  1.0
  1.0
  1.0
  1.0
  1.0
  1.0
  1.0
  1.0
  1.0
  1.0
  1.0
  1.0
  1.0
  1.0
  1.0
  1.0
  1.0
  1.0
  1.0
  1.0
  1.0
  1.0
  1.0
  1.0
  1.0
  1.0
  1.0
  1.0
  1.0
  1.0
  1.0
  1.0
  1.0
  1.0
  1.0
  1.0
  1.0
  1.0
  1.0
  1.0
  1.0
  1.0
  1.0
  1.0
  1.0
  1.0
  1.0
  1.0
  1.0
  1.0
  1.0
  1.0
  1.0
  1.0
  1.0
  1.0
  1.0
  1.0
  1.0
  1.0
  1.0
  1.0
  1.0
  1.0
  1.0
  1.0
  1.0
  1.0
  1.0
  1.0
  1.0
  1.0
  1.0
  1.0
  1.0
  1.0
  1.0
  1.0
  1.0
  1.0
  1.0
  1.0
  1.0
  1.0
  1.0
  1.0
  1.0
  1.0
  1.0
  1.0
  1.0
  1.0
  1.0
  1.0
  1.0
  1.0
  1.0
  1.0
  1.0
  1.0
  1.0
  1.0
  1.0
  1.0
  1.0
  1.0
  1.0
  1.0
  1.0
  1.0
  1.0
  1.0
  1.0
  1.0
  1.0
  1.0
  1.0
  1.0
  1.0
  1.0
  1.0
  1.0
  1.0
  1.0
  1.0
  1.0
  1.0
  1.0
  1.0
  1.0
  1.0
  1.0
  1.0
  1.0
  1.0
  1.0
  1.0
  1.0
  1.0
  1.0
  1.0
  1.0
  1.0
  1.0
  1.0
  1.0
  1.0
  1.0
  1.0
  1.0
  1.0
  1.0
  1.0
  1.0
  1.0
  1.0
  1.0
  1.0
  1.0
  1.0
  1.0
  1.0
  1.0
  1.0
  1.0
  1.0
  1.0
  1.0
  1.0
  1.0
  1.0
  1.0
  1.0
  1.0
  1.0
  1.0
  1.0
  1.0
  1.0
  1.0
  1.0
  1.0
  1.0
  1.0
  1.0
  1.0
  1.0
  1.0
  1.0
  1.0
  1.0
  1.0
  1.0
  1.0
  1.0
  1.0
  1.0
  1.0
  1.0
  1.0
  1.0
  1.0
  1.0
  1.0
  1.0
  1.0
  1.0
  1.0
  1.0
  1.0
  1.0
  1.0
  1.0
  1.0
  1.0
  1.0
  1.0
  1.0
  1.0
  1.0
  1.0
  1.0
  1.0
  1.0
  1.0
  1.0
  1.0
  1.0
  1.0
  1.0
  1.0
  1.0
  1.0
  1.0
  1.0
  1.0
  1.0
  1.0
  1.0
  1.0
  1.0
  1.0
  1.0
  1.0
  1.0
  1.0
  1.0
  1.0
  1.0
  1.0
  1.0
  1.0
  1.0
  1.0
  1.0
  1.0
  1.0
  1.0
  1.0
  1.0
  1.0
  1.0
  1.0
  1.0
  1.0
  1.0
  1.0
  1.0
  1.0
  1.0
  1.0
  1.0
  1.0
  1.0
  1.0
  1.0
  1.0
  1.0
  1.0
  1.0
  1.0
  1.0
  1.0
  1.0
  1.0
  1.0
  1.0
  1.0
  1.0
  1.0
  1.0
  1.0
  1.0
  1.0
  1.0
  1.0
  1.0
  1.0
  1.0
  1.0
  1.0
  1.0
  1.0
  1.0
  1.0
  1.0
  1.0
  1.0
  1.0
  1.0
  1.0
  1.0
  1.0
  1.0
  1.0
  1.0
  1.0
  1.0
  1.0
  1.0
  1.0
  1.0
  1.0
  1.0
  1.0
  1.0
  1.0
  1.0
  1.0
  1.0
  1.0
  1.0
  1.0
  1.0
  1.0
  1.0
  1.0
  1.0
  1.0
  1.0
  1.0
  1.0
  1.0
  1.0
  1.0
  1.0
  1.0
  2.0
  2.0
  2.0
  2.0
  2.0
  2.0
  2.0
  2.0
  2.0
  2.0
  2.0
  2.0
  2.0
  2.0
  2.0
  2.0
  2.0
  2.0
  2.0
  2.0
  2.0
  2.0
  2.0
  2.0
  2.0
  2.0
  2.0
  2.0
  2.0
  2.0
  2.0
  2.0
  2.0
  2.0
  2.0
  2.0
  2.0
  2.0
  2.0
  2.0
  2.0
  2.0
  2.0
  2.0
  2.0
  2.0
  2.0
  2.0
  2.0
  2.0
  2.0
  2.0
  2.0
  2.0
  2.0
  2.0
  2.0
  2.0
  2.0
  2.0
  2.0
  2.0
  2.0
  2.0
  2.0
  2.0
  2.0
  2.0
  2.0
  2.0
  2.0
  2.0
  2.0
  2.0
  2.0
  2.0
  2.0
  2.0
  2.0
  2.0
  2.0
  2.0
  2.0
  2.0
  2.0
  2.0
  2.0
  2.0
  2.0
  2.0
  2.0
  2.0
  2.0
  2.0
  2.0
  2.0
  2.0
  2.0
  2.0
  2.0
  2.0
  2.0
  2.0
  2.0
  2.0
  2.0
  2.0
  2.0
  2.0
  2.0
  2.0
  2.0
  2.0
  2.0
  2.0
  2.0
  2.0
  2.0
  2.0
  2.0
  2.0
  2.0
  2.0
  2.0
  2.0
  2.0
  2.0
  2.0
  2.0
  2.0
  2.0
  2.0
  2.0
  2.0
  2.0
  2.0
  2.0
  2.0
  2.0
  2.0
  2.0
  2.0
  2.0
  2.0
  2.0
  2.0
  2.0
  2.0
  2.0
  2.0
  2.0
  2.0
  2.0
  2.0
  2.0
  2.0
  2.0
  2.0
  2.0
  2.0
  2.0
  2.0
  2.0
  2.0
  2.0
  2.0
  2.0
  2.0
  2.0
  2.0
  2.0
  2.0
  2.0
  2.0
  2.0
  2.0
  2.0
  2.0
  2.0
  2.0
  2.0
  2.0
  2.0
  2.0
  2.0
  2.0
  2.0
  2.0
  2.0
  2.0
  2.0
  2.0
  2.0
  2.0
  2.0
  2.0
  2.0
  2.0
  2.0
  2.0
  2.0
  2.0
  2.0
  2.0
  2.0
  2.0
  2.0
  2.0
  2.0
  2.0
  2.0
  2.0
  2.0
  2.0
  2.0
  2.0
  2.0
  2.0
  2.0
  2.0
  2.0
  2.0
  2.0
  2.0
  2.0
  2.0
  2.0
  2.0
  2.0
  2.0
  2.0
  2.0
  2.0
  2.0
  2.0
  2.0
  2.0
  2.0
  2.0
  2.0
  2.0
  2.0
  2.0
  2.0
  2.0
  2.0
  2.0
  2.0
  2.0
  2.0
  2.0
  2.0
  2.0
  2.0
  2.0
  2.0
  2.0
  2.0
  2.0
  2.0
  2.0
  2.0
  2.0
  2.0
  2.0
  2.0
  2.0
  2.0
  2.0
  2.0
  2.0
  2.0
  2.0
  2.0
  2.0
  2.0
  2.0
  2.0
  2.0
  2.0
  2.0
  2.0
  2.0
  2.0
  2.0
  2.0
  2.0
  2.0
  2.0
  2.0
  2.0
  2.0
  2.0
  2.0
  2.0
  2.0
  2.0
  2.0
  2.0
  2.0
  2.0
  2.0
  2.0
  2.0
  2.0
  2.0
  2.0
  2.0
  2.0
  2.0
  2.0
  2.0
  2.0
  2.0
  2.0
  2.0
  2.0
  2.0
  2.0
  2.0
  2.0
  2.0
  2.0
  2.0
  2.0
  2.0
  2.0
  2.0
  2.0
  2.0
  2.0
  2.0
  2.0
  2.0
  2.0
  2.0
  2.0
  2.0
  2.0
  2.0
  2.0
  2.0
  2.0
  2.0
  2.0
  2.0
  2.0
  2.0
  2.0
  2.0
  2.0
  2.0
  2.0
  2.0
  2.0
  2.0
  2.0
  2.0
  2.0
  2.0
  2.0
  2.0
  2.0
  2.0
  2.0
  2.0
  2.0
  2.0
  2.0
  2.0
  2.0
  2.0
  2.0
  2.0
  2.0
  2.0
  2.0
  2.0
  2.0
  2.0
  2.0
  2.0
  2.0
  2.0
  2.0
  2.0
  2.0
  2.0
  2.0
  2.0
  2.0
  2.0
  2.0
  2.0
  2.0
  2.0
  2.0
  2.0
  2.0
  2.0
  5.0
  5.0
  5.0
  5.0
  5.0
  5.0
  5.0
  5.0
  5.0
  5.0
  5.0
  5.0
  5.0
  5.0
  5.0
  5.0
  5.0
  5.0
  5.0
  5.0
  5.0
  5.0
  5.0
  5.0
  5.0
  5.0
  5.0
  5.0
  5.0
  5.0
  5.0
  5.0
  5.0
  5.0
  5.0
  5.0
  5.0
  5.0
  5.0
  5.0
  5.0
  5.0
  5.0
  5.0
  5.0
  5.0
  5.0
  5.0
  5.0
  5.0
  5.0
  5.0
  5.0
  5.0
  5.0
  5.0
  5.0
  5.0
  5.0
  5.0
  5.0
  5.0
  5.0
  5.0
  5.0
  5.0
  5.0
  5.0
  5.0
  5.0
  5.0
  5.0
  5.0
  5.0
  5.0
  5.0
  5.0
  5.0
  5.0
  5.0
  5.0
  5.0
  5.0
  5.0
  5.0
  5.0
  5.0
  5.0
  5.0
  5.0
  5.0
  5.0
  5.0
  5.0
  5.0
  5.0
  5.0
  5.0
  5.0
  5.0
  5.0
  5.0
  5.0
  5.0
  5.0
  5.0
  5.0
  5.0
  5.0
  5.0
  5.0
  5.0
  5.0
  5.0
  5.0
  5.0
  5.0
  5.0
  5.0
  5.0
  5.0
  5.0
  5.0
  5.0
  5.0
  5.0
  5.0
  5.0
  5.0
  5.0
  5.0
  5.0
  5.0
  5.0
  5.0
  5.0
  5.0
  5.0
  5.0
  5.0
  5.0
  5.0
  5.0
  5.0
  5.0
  5.0
  5.0
  5.0
  5.0
  5.0
  5.0
  5.0
  5.0
  5.0
  5.0
  5.0
  5.0
  5.0
  5.0
  5.0
  5.0
  5.0
  5.0
  5.0
  5.0
  5.0
  5.0
  5.0
  5.0
  5.0
  5.0
  5.0
  5.0
  5.0
  5.0
  5.0
  5.0
  5.0
  5.0
  5.0
  5.0
  5.0
  5.0
  5.0
  5.0
  5.0
  5.0
  5.0
  5.0
  5.0
  5.0
  5.0
  5.0
  5.0
  5.0
  5.0
  5.0
  5.0
  5.0
  5.0
  5.0
  5.0
  5.0
  5.0
  5.0
  5.0
  5.0
  5.0
  5.0
  5.0
  5.0
  5.0
  5.0
  5.0
  5.0
  5.0
  5.0
  5.0
  5.0
  5.0
  5.0
  5.0
  5.0
  5.0
  5.0
  5.0
  5.0
  5.0
  5.0
  5.0
  5.0
  5.0
  5.0
  5.0
  5.0
  5.0
  5.0
  5.0
  5.0
  5.0
  5.0
  5.0
  5.0
  5.0
  5.0
  5.0
  5.0
  5.0
  5.0
  5.0
  5.0
  5.0
  5.0
  5.0
  5.0
  5.0
  5.0
  5.0
  5.0
  5.0
  5.0
  5.0
  5.0
  5.0
  5.0
  5.0
  5.0
  5.0
  5.0
  5.0
  5.0
  5.0
  5.0
  5.0
  5.0
  5.0
  5.0
  5.0
  5.0
  5.0
  5.0
  5.0
  5.0
  5.0
  5.0
  5.0
  5.0
  5.0
  5.0
  5.0
  5.0
  5.0
  5.0
  5.0
  5.0
  5.0
  5.0
  5.0
  5.0
  5.0
  5.0
  5.0
  5.0
  5.0
  5.0
  5.0
  5.0
  5.0
  5.0
  5.0
  5.0
  5.0
  5.0
  5.0
  5.0
  5.0
  5.0
  5.0
  5.0
  5.0
  5.0
  5.0
  5.0
  5.0
  5.0
  5.0
  5.0
  5.0
  5.0
  5.0
  5.0
  5.0
  5.0
  5.0
  5.0
  5.0
  5.0
  5.0
  5.0
  5.0
  5.0
  5.0
  5.0
  5.0
  5.0
  5.0
  5.0
  5.0
  5.0
  5.0
  5.0
  5.0
  5.0
  5.0
  5.0
  5.0
  5.0
  5.0
  5.0
  5.0
  5.0
  5.0
  5.0
  5.0
  5.0
  5.0
  5.0
  5.0
  5.0
  5.0
  5.0
  5.0
  5.0
  5.0
  5.0
  5.0
  5.0
  5.0
  5.0
  5.0
  5.0
  5.0
  5.0
  5.0
  5.0
  5.0
  5.0
  5.0
  5.0
  5.0
  5.0
  5.0
  5.0
  5.0
  5.0
  5.0
  5.0
  5.0
  5.0
  5.0
  5.0
  5.0
  5.0
  5.0
  5.0
  5.0
  5.0
  5.0
  5.0
  5.0
  5.0
  5.0
  5.0
  5.0
  5.0
  5.0
  5.0
  5.0
  5.0
  5.0
  5.0
  5.0
  5.0
  5.0
  5.0
  5.0
  5.0
  5.0
  5.0
  5.0
  5.0
  5.0
  5.0
  5.0
  5.0
  5.0
  5.0
  5.0
  5.0
  5.0
  5.0
  5.0
  5.0
  5.0
  5.0
  5.0
  5.0
  5.0
  5.0
  5.0
  5.0
  5.0
  5.0
  5.0
  5.0
  5.0
  5.0
  5.0
  5.0
  5.0
  5.0
  5.0
  5.0
  5.0
  5.0
  5.0
  5.0
  5.0
  5.0
  5.0
  5.0
  5.0
  5.0
  5.0
  5.0
  5.0
  5.0
  5.0
  5.0
  5.0
  5.0
  5.0
  5.0
  5.0
  5.0
  5.0
  5.0
  5.0
  5.0
  5.0
  5.0
  5.0
  5.0
  5.0
  5.0
  5.0
  5.0
  5.0
  5.0
  5.0
  5.0
  5.0
  5.0
  5.0
  5.0
  5.0
  5.0
  5.0
  5.0
  5.0
  5.0
  5.0
  5.0
  5.0
  5.0
  5.0
  5.0
  5.0
  5.0
  5.0
  5.0
  5.0
  5.0
  5.0
  5.0
  5.0
  5.0
  5.0
  5.0
  5.0
  5.0
  5.0
  5.0
  5.0
  5.0
  5.0
  5.0
  5.0
  5.0
  5.0
  5.0
  5.0
  5.0
  5.0
  5.0
  5.0
  5.0
  5.0
  5.0
  5.0
  5.0
  5.0
  5.0
  5.0
  5.0
  5.0
  5.0
  5.0
  5.0
  5.0
  5.0
  5.0
  5.0
  5.0
  5.0
  5.0
  5.0
  5.0
  5.0
  5.0
  5.0
  5.0
  5.0
  5.0
  5.0
  5.0
  5.0
  5.0
  5.0
  5.0
  5.0
  5.0
  5.0
  5.0
  5.0
  5.0
  5.0
  5.0
  5.0
  5.0
  5.0
  5.0
  5.0
  5.0
  5.0
  5.0
  5.0
  5.0
  5.0
  5.0
  5.0
  5.0
  5.0
  5.0
  5.0
  5.0
  5.0
  5.0
  5.0
  5.0
  5.0
  5.0
  5.0
  5.0
  5.0
  5.0
  5.0
  5.0
  5.0
  5.0
  5.0
  5.0
  5.0
  5.0
  5.0
  5.0
  5.0
  5.0
  5.0
  5.0
  5.0
  5.0
  5.0
  5.0
  5.0
  5.0
  5.0
  5.0
  5.0
  5.0
  5.0
  5.0
  5.0
  5.0
  5.0
  5.0
  5.0
  5.0
  5.0
  5.0
  5.0
  5.0
  5.0
  5.0
  5.0
  5.0
  5.0
  5.0
  5.0
  5.0
  5.0
  5.0
  5.0
  5.0
  5.0
  5.0
  5.0
  5.0
  5.0
  5.0
  5.0
  5.0
  5.0
  5.0
  5.0
  5.0
  5.0
  5.0
  5.0
  5.0
  5.0
  5.0
  5.0
  5.0
  5.0
  5.0
  5.0
  5.0
  5.0
  5.0
  5.0
  5.0
  5.0
  5.0
  5.0
  5.0
  5.0
  5.0
  5.0
  5.0
  5.0
  5.0
  5.0
  5.0
  5.0
  5.0
  5.0
  5.0
  5.0
  5.0
  5.0
  5.0
  5.0
  5.0
  5.0
  5.0
  5.0
  5.0
  5.0
  5.0
  5.0
  5.0
  5.0
  5.0
  5.0
  5.0
  5.0
  5.0
  5.0
  5.0
  5.0
  5.0
  5.0
  5.0
  5.0
  5.0
  5.0
  5.0
  5.0
  5.0
  5.0
  5.0
  5.0
  5.0
  5.0
  5.0
  5.0
  5.0
  5.0
  5.0
  5.0
  5.0
  5.0
  5.0
  5.0
  5.0
  5.0
  5.0
  5.0
  5.0
  5.0
  5.0
  5.0
  5.0
  5.0
  5.0
  5.0
  5.0
  5.0
  5.0
  5.0
  5.0
  5.0
  5.0
  5.0
  5.0
  5.0
  5.0
  5.0
  5.0
  5.0
  5.0
  5.0
  5.0
  5.0
  5.0
  5.0
  5.0
  5.0
  5.0
  5.0
  5.0
  5.0
  5.0
  5.0
  5.0
  5.0
  5.0
  5.0
  5.0
  5.0
  5.0
  5.0
  5.0
  5.0
  5.0
  5.0
  5.0
  5.0
  5.0
  5.0
  5.0
  5.0
  5.0
  5.0
  5.0
  5.0
  5.0
  5.0
  5.0
  5.0
  5.0
  5.0
  5.0
  5.0
  5.0
  5.0
  5.0
  5.0
  5.0
  5.0
  5.0
  5.0
  5.0
  5.0
  5.0
  5.0
  5.0
  5.0
  5.0
  5.0
  5.0
  5.0
  5.0
  5.0
  5.0
  5.0
  5.0
  5.0
  5.0
  5.0
  5.0
  5.0
  5.0
  5.0
  5.0
  5.0
  5.0
  5.0
  5.0
  5.0
  5.0
  5.0
  5.0
  5.0
  5.0
  5.0
  5.0
  5.0
  5.0
  5.0
  5.0
  5.0
  5.0
  5.0
  5.0
  5.0
  5.0
  5.0
  5.0
  5.0
  5.0
  5.0
  5.0
  5.0
  5.0
  5.0
  5.0
  5.0
  5.0
  5.0
  5.0
  5.0
  5.0
  5.0
  5.0
  5.0
  5.0
  5.0
  5.0
  5.0
  5.0
  5.0
  5.0
  5.0
  5.0
  5.0
  5.0
  5.0
  5.0
  5.0
  5.0
  5.0
  5.0
  5.0
  5.0
  5.0
  5.0
  5.0
  5.0
  5.0
  5.0
  5.0
  5.0
  5.0
  5.0
  5.0
  5.0
  5.0
  5.0
  5.0
  5.0
  5.0
  5.0
  5.0
  5.0
  5.0
  5.0
  5.0
  5.0
  5.0
  5.0
  5.0
  5.0
  5.0
  5.0
  5.0
  5.0
  5.0
  5.0
  5.0
  5.0
  5.0
  5.0
  5.0
  5.0
  5.0
  5.0
  5.0
  5.0
  5.0
  5.0
  5.0
  5.0
  5.0
  5.0
  5.0
  5.0
  5.0
  5.0
  5.0
  5.0
  5.0
  5.0
  5.0
  5.0
  5.0
  5.0
  5.0
  5.0
  5.0
  5.0
  5.0
  5.0
  5.0
  5.0
  5.0
  5.0
  5.0
  5.0
  5.0
  5.0
  5.0
  5.0
  5.0
  5.0
  5.0
  5.0
  5.0
  5.0
  5.0
  5.0
  5.0
  5.0
  5.0
  5.0
  5.0
  5.0
  5.0
  5.0
  5.0
  5.0
  5.0
  5.0
  5.0
  5.0
  5.0
  5.0
  5.0
  5.0
  5.0
  5.0
  5.0
  5.0
  5.0
  5.0
  5.0
  5.0
  5.0
  5.0
  5.0
  5.0
  5.0
  5.0
  5.0
  5.0
  5.0
  5.0
  5.0
  5.0
  5.0
  5.0
  5.0
  5.0
  5.0
  5.0
  5.0
  5.0
  5.0
  5.0
  5.0
  5.0
  5.0
  5.0
  5.0
  5.0
  5.0
  5.0
  5.0
  5.0
  5.0
  5.0
  5.0
  5.0
  5.0
  5.0
  5.0
  5.0
  5.0
  5.0
  5.0
  5.0
  5.0
  5.0
  5.0
  5.0
  5.0
  5.0
  5.0
  5.0
  5.0
  5.0
  5.0
  5.0
  5.0
  5.0
  5.0
  5.0
  5.0
  5.0
  5.0
  5.0
  5.0
  5.0
  5.0
  5.0
  5.0
  5.0
  5.0
  5.0
  5.0
  5.0
  5.0
  5.0
  5.0
  5.0
  5.0
  5.0
  5.0
  5.0
  5.0
  5.0
  5.0
  5.0
  5.0
  5.0
  5.0
  5.0
  5.0
  5.0
  5.0
  5.0
  5.0
  5.0
  5.0
  5.0
  5.0
  5.0
  5.0
  5.0
  5.0
  5.0
  5.0
  5.0
  5.0
  5.0
  5.0
  5.0
  5.0
  5.0
  5.0
  5.0
  5.0
  5.0
  5.0
  5.0
  5.0
  5.0
  5.0
  5.0
  5.0
  5.0
  5.0
  5.0
  5.0
  5.0
  5.0
  5.0
  5.0
  5.0
  5.0
  5.0
  5.0
  5.0
  5.0
  5.0
  5.0
  5.0
  5.0
  5.0
  5.0
  5.0
  5.0
  5.0
  5.0
  5.0
  5.0
  5.0
  5.0
  5.0
  5.0
  5.0
  5.0
  5.0
  5.0
  5.0
  5.0
  5.0
  5.0
  5.0
  5.0
  5.0
  5.0
  5.0
  5.0
  5.0
  5.0
  5.0
  5.0
  5.0
  5.0
  5.0
  5.0
  5.0
  5.0
  5.0
  5.0
  5.0
  5.0
  5.0
  5.0
  5.0
  5.0
  5.0
  5.0
  5.0
  5.0
  5.0
  5.0
  5.0
  5.0
  5.0
  5.0
  5.0
  5.0
  5.0
  5.0
  5.0
  5.0
  5.0
  5.0
  5.0
  5.0
  5.0
  5.0
  5.0
  5.0
  5.0
  5.0
  5.0
  5.0
  5.0
  5.0
  5.0
  5.0
  5.0
  5.0
  5.0
  5.0
  5.0
  5.0
  5.0
  5.0
  5.0
  5.0
  5.0
  5.0
  5.0
  5.0
  5.0
  5.0
  5.0
  5.0
  5.0
  5.0
  5.0
  5.0
  5.0
  5.0
  5.0
  5.0
  5.0
  5.0
  5.0
  5.0
  5.0
  5.0
  5.0
  5.0
  5.0
  5.0
  5.0
  5.0
  5.0
  5.0
  5.0
  5.0
  5.0
  5.0
  5.0
  5.0
  5.0
  5.0
  5.0
  5.0
  5.0
  5.0
  5.0
  5.0
  5.0
  5.0
  5.0
  5.0
  5.0
  5.0
  5.0
  5.0
  5.0
  5.0
  5.0
  5.0
  5.0
  5.0
  5.0
  5.0
  5.0
  5.0
  5.0
  5.0
  5.0
  5.0
  5.0
  5.0
  5.0
  5.0
  5.0
  5.0
  5.0
  5.0
  5.0
  5.0
  5.0
  5.0
  5.0
  5.0
  5.0
  5.0
  5.0
  5.0
  5.0
  5.0
  5.0
  5.0
  5.0
  5.0
  5.0
  5.0
  5.0
  5.0
  5.0
  5.0
  5.0
  5.0
  5.0
  5.0
  5.0
  5.0
  5.0
  5.0
  5.0
  5.0
  5.0
  5.0
  5.0
  5.0
  5.0
  5.0
  5.0
  5.0
  5.0
  5.0
  5.0
  5.0
  5.0
  5.0
  5.0
  5.0
  5.0
  5.0
  5.0
  5.0
  5.0
  5.0
  5.0
  5.0
  5.0
  5.0
  5.0
  5.0
  5.0
  5.0
  5.0
  5.0
  5.0
  5.0
  5.0
  5.0
  5.0
  5.0
  5.0
  5.0
  5.0
  5.0
  5.0
  5.0
  5.0
  5.0
  5.0
  5.0
  5.0
  5.0
  5.0
  5.0
  5.0
  5.0
  5.0
  5.0
  5.0
  5.0
  5.0
  5.0
  5.0
  5.0
  5.0
  5.0
  5.0
  5.0
  5.0
  5.0
  5.0
  5.0
  5.0
  5.0
  5.0
  5.0
  5.0
  5.0
  5.0
  5.0
  5.0
  5.0
  5.0
  5.0
  5.0
  5.0
  5.0
  5.0
  5.0
  5.0
  5.0
  5.0
  5.0
  5.0
  5.0
  5.0
  5.0
  5.0
  5.0
  5.0
  5.0
  5.0
  5.0
  5.0
  5.0
  5.0
  5.0
  5.0
  5.0
  5.0
  5.0
  5.0
  5.0
  5.0
  5.0
  5.0
  5.0
  5.0
  5.0
  5.0
  5.0
  5.0
  5.0
  5.0
  5.0
  5.0
  5.0
  5.0
  5.0
  5.0
  5.0
  5.0
  5.0
  5.0
  5.0
  5.0
  5.0
  5.0
  5.0
  5.0
  5.0
  5.0
  5.0
  5.0
  5.0
  5.0
  5.0
  5.0
  5.0
  5.0
  5.0
  5.0
  5.0
  5.0
  5.0
  5.0
  5.0
  5.0
  5.0
  5.0
  5.0
  5.0
  5.0
  5.0
  5.0
  5.0
  5.0
  5.0
  5.0
  5.0
  5.0
  5.0
  5.0
  5.0
  5.0
  5.0
  5.0
  5.0
  5.0
  5.0
  5.0
  5.0
  5.0
  5.0
  5.0
  5.0
  5.0
  5.0
  5.0
  5.0
  5.0
  5.0
  5.0
  5.0
  5.0
  5.0
  5.0
  5.0
  5.0
  5.0
  5.0
  5.0
  5.0
  5.0
  5.0
  5.0
  5.0
  5.0
  5.0
  5.0
  5.0
  5.0
  5.0
  5.0
  5.0
  5.0
  5.0
  5.0
  5.0
  5.0
  5.0
  5.0
  5.0
  5.0
  5.0
  5.0
  5.0
  5.0
  5.0
  5.0
  5.0
  5.0
  5.0
  5.0
  5.0
  5.0
  5.0
  5.0
  5.0
  5.0
  5.0
  5.0
  5.0
  5.0
  5.0
  5.0
  5.0
  5.0
  5.0
  5.0
  5.0
  5.0
  5.0
  5.0
  5.0
  5.0
  5.0
  5.0
  5.0
  5.0
  5.0
  5.0
  5.0
  5.0
  5.0
  5.0
  5.0
  5.0
  5.0
  5.0
  5.0
  5.0
  5.0
  5.0
  5.0
  5.0
  5.0
  5.0
  5.0
  5.0
  5.0
  5.0
  5.0
  5.0
  5.0
  5.0
  5.0
  5.0
  5.0
  5.0
  5.0
  5.0
  5.0
  5.0
  5.0
  5.0
  5.0
  5.0
  5.0
  5.0
  5.0
  5.0
  5.0
  5.0
  5.0
  5.0
  5.0
  5.0
  5.0
  5.0
  5.0
  5.0
  5.0
  5.0
  5.0
  5.0
  5.0
  5.0
  5.0
  5.0
  5.0
  5.0
  5.0
  5.0
  5.0
  5.0
  5.0
  5.0
  5.0
  5.0
  5.0
  5.0
  5.0
  5.0
  5.0
  5.0
  5.0
  5.0
  5.0
  5.0
  5.0
  5.0
  5.0
  5.0
  5.0
  5.0
  5.0
  5.0
  5.0
  5.0
  5.0
  5.0
  5.0
  5.0
  5.0
  5.0
  5.0
  5.0
  5.0
  5.0
  5.0
  5.0
  5.0
  5.0
  5.0
  5.0
  5.0
  5.0
  5.0
  5.0
  5.0
  5.0
  5.0
  5.0
  5.0
  5.0
  5.0
  5.0
  5.0
  5.0
  5.0
  5.0
  5.0
  5.0
  5.0
  5.0
  5.0
  5.0
  5.0
  5.0
  5.0
  5.0
  5.0
  5.0
  5.0
  5.0
  5.0
  5.0
  5.0
  5.0
  5.0
