Bridge-1: Cable-stayed bridge (3D conversion)
4163  5  1  1
  1  0  0  0  200.000000  -10.000000  0.000000
  2  0  0  0  200.000000  10.000000  0.000000
  3  0  0  0  150.000000  10.000000  0.000000
  4  0  0  0  150.000000  -10.000000  0.000000
  5  0  0  0  100.000000  10.000000  0.000000
  6  0  0  0  100.000000  -10.000000  0.000000
  7  0  0  0  50.000000  10.000000  0.000000
  8  0  0  0  50.000000  -10.000000  0.000000
  9  0  0  0  0.000000  10.000000  0.000000
  10  0  0  0  0.000000  -10.000000  0.000000
  11  0  0  0  -50.000000  10.000000  0.000000
  12  0  0  0  -50.000000  -10.000000  0.000000
  13  0  0  0  -100.000000  10.000000  0.000000
  14  0  0  0  -100.000000  -10.000000  0.000000
  15  0  0  0  -150.000000  10.000000  0.000000
  16  0  0  0  -150.000000  -10.000000  0.000000
  17  0  0  0  -200.000000  10.000000  0.000000
  18  0  0  0  -200.000000  -10.000000  0.000000
  19  1  1  1  -250.000000  10.000000  0.000000
  20  1  1  1  -250.000000  -10.000000  0.000000
  21  1  1  1  250.000000  -10.000000  0.000000
  22  1  1  1  250.000000  10.000000  0.000000
  23  0  0  1  200.000000  -5.000000  0.000000
  24  0  0  1  200.000000  0.000000  0.000000
  25  0  0  1  200.000000  5.000000  0.000000
  26  0  0  1  195.000000  10.000000  0.000000
  27  0  0  1  190.000000  10.000000  0.000000
  28  0  0  1  185.000000  10.000000  0.000000
  29  0  0  1  180.000000  10.000000  0.000000
  30  0  0  1  175.000000  10.000000  0.000000
  31  0  0  1  170.000000  10.000000  0.000000
  32  0  0  1  165.000000  10.000000  0.000000
  33  0  0  1  160.000000  10.000000  0.000000
  34  0  0  1  155.000000  10.000000  0.000000
  35  0  0  1  150.000000  5.000000  0.000000
  36  0  0  1  150.000000  0.000000  0.000000
  37  0  0  1  150.000000  -5.000000  0.000000
  38  0  0  1  155.000000  -10.000000  0.000000
  39  0  0  1  160.000000  -10.000000  0.000000
  40  0  0  1  165.000000  -10.000000  0.000000
  41  0  0  1  170.000000  -10.000000  0.000000
  42  0  0  1  175.000000  -10.000000  0.000000
  43  0  0  1  180.000000  -10.000000  0.000000
  44  0  0  1  185.000000  -10.000000  0.000000
  45  0  0  1  190.000000  -10.000000  0.000000
  46  0  0  1  195.000000  -10.000000  0.000000
  47  0  0  1  145.000000  10.000000  0.000000
  48  0  0  1  140.000000  10.000000  0.000000
  49  0  0  1  135.000000  10.000000  0.000000
  50  0  0  1  130.000000  10.000000  0.000000
  51  0  0  1  125.000000  10.000000  0.000000
  52  0  0  1  120.000000  10.000000  0.000000
  53  0  0  1  115.000000  10.000000  0.000000
  54  0  0  1  110.000000  10.000000  0.000000
  55  0  0  1  105.000000  10.000000  0.000000
  56  0  0  1  100.000000  5.000000  0.000000
  57  0  0  1  100.000000  0.000000  0.000000
  58  0  0  1  100.000000  -5.000000  0.000000
  59  0  0  1  105.000000  -10.000000  0.000000
  60  0  0  1  110.000000  -10.000000  0.000000
  61  0  0  1  115.000000  -10.000000  0.000000
  62  0  0  1  120.000000  -10.000000  0.000000
  63  0  0  1  125.000000  -10.000000  0.000000
  64  0  0  1  130.000000  -10.000000  0.000000
  65  0  0  1  135.000000  -10.000000  0.000000
  66  0  0  1  140.000000  -10.000000  0.000000
  67  0  0  1  145.000000  -10.000000  0.000000
  68  0  0  1  95.000000  10.000000  0.000000
  69  0  0  1  90.000000  10.000000  0.000000
  70  0  0  1  85.000000  10.000000  0.000000
  71  0  0  1  80.000000  10.000000  0.000000
  72  0  0  1  75.000000  10.000000  0.000000
  73  0  0  1  70.000000  10.000000  0.000000
  74  0  0  1  65.000000  10.000000  0.000000
  75  0  0  1  60.000000  10.000000  0.000000
  76  0  0  1  55.000000  10.000000  0.000000
  77  0  0  1  50.000000  5.000000  0.000000
  78  0  0  1  50.000000  0.000000  0.000000
  79  0  0  1  50.000000  -5.000000  0.000000
  80  0  0  1  55.000000  -10.000000  0.000000
  81  0  0  1  60.000000  -10.000000  0.000000
  82  0  0  1  65.000000  -10.000000  0.000000
  83  0  0  1  70.000000  -10.000000  0.000000
  84  0  0  1  75.000000  -10.000000  0.000000
  85  0  0  1  80.000000  -10.000000  0.000000
  86  0  0  1  85.000000  -10.000000  0.000000
  87  0  0  1  90.000000  -10.000000  0.000000
  88  0  0  1  95.000000  -10.000000  0.000000
  89  0  0  1  45.000000  10.000000  0.000000
  90  0  0  1  40.000000  10.000000  0.000000
  91  0  0  1  35.000000  10.000000  0.000000
  92  0  0  1  30.000000  10.000000  0.000000
  93  0  0  1  25.000000  10.000000  0.000000
  94  0  0  1  20.000000  10.000000  0.000000
  95  0  0  1  15.000000  10.000000  0.000000
  96  0  0  1  10.000000  10.000000  0.000000
  97  0  0  1  5.000000  10.000000  0.000000
  98  0  0  1  0.000000  5.000000  0.000000
  99  0  0  1  0.000000  0.000000  0.000000
  100  0  0  1  0.000000  -5.000000  0.000000
  101  0  0  1  5.000000  -10.000000  0.000000
  102  0  0  1  10.000000  -10.000000  0.000000
  103  0  0  1  15.000000  -10.000000  0.000000
  104  0  0  1  20.000000  -10.000000  0.000000
  105  0  0  1  25.000000  -10.000000  0.000000
  106  0  0  1  30.000000  -10.000000  0.000000
  107  0  0  1  35.000000  -10.000000  0.000000
  108  0  0  1  40.000000  -10.000000  0.000000
  109  0  0  1  45.000000  -10.000000  0.000000
  110  0  0  1  -5.000000  10.000000  0.000000
  111  0  0  1  -10.000000  10.000000  0.000000
  112  0  0  1  -15.000000  10.000000  0.000000
  113  0  0  1  -20.000000  10.000000  0.000000
  114  0  0  1  -25.000000  10.000000  0.000000
  115  0  0  1  -30.000000  10.000000  0.000000
  116  0  0  1  -35.000000  10.000000  0.000000
  117  0  0  1  -40.000000  10.000000  0.000000
  118  0  0  1  -45.000000  10.000000  0.000000
  119  0  0  1  -50.000000  5.000000  0.000000
  120  0  0  1  -50.000000  0.000000  0.000000
  121  0  0  1  -50.000000  -5.000000  0.000000
  122  0  0  1  -45.000000  -10.000000  0.000000
  123  0  0  1  -40.000000  -10.000000  0.000000
  124  0  0  1  -35.000000  -10.000000  0.000000
  125  0  0  1  -30.000000  -10.000000  0.000000
  126  0  0  1  -25.000000  -10.000000  0.000000
  127  0  0  1  -20.000000  -10.000000  0.000000
  128  0  0  1  -15.000000  -10.000000  0.000000
  129  0  0  1  -10.000000  -10.000000  0.000000
  130  0  0  1  -5.000000  -10.000000  0.000000
  131  0  0  1  -55.000000  10.000000  0.000000
  132  0  0  1  -60.000000  10.000000  0.000000
  133  0  0  1  -65.000000  10.000000  0.000000
  134  0  0  1  -70.000000  10.000000  0.000000
  135  0  0  1  -75.000000  10.000000  0.000000
  136  0  0  1  -80.000000  10.000000  0.000000
  137  0  0  1  -85.000000  10.000000  0.000000
  138  0  0  1  -90.000000  10.000000  0.000000
  139  0  0  1  -95.000000  10.000000  0.000000
  140  0  0  1  -100.000000  5.000000  0.000000
  141  0  0  1  -100.000000  0.000000  0.000000
  142  0  0  1  -100.000000  -5.000000  0.000000
  143  0  0  1  -95.000000  -10.000000  0.000000
  144  0  0  1  -90.000000  -10.000000  0.000000
  145  0  0  1  -85.000000  -10.000000  0.000000
  146  0  0  1  -80.000000  -10.000000  0.000000
  147  0  0  1  -75.000000  -10.000000  0.000000
  148  0  0  1  -70.000000  -10.000000  0.000000
  149  0  0  1  -65.000000  -10.000000  0.000000
  150  0  0  1  -60.000000  -10.000000  0.000000
  151  0  0  1  -55.000000  -10.000000  0.000000
  152  0  0  1  -105.000000  10.000000  0.000000
  153  0  0  1  -110.000000  10.000000  0.000000
  154  0  0  1  -115.000000  10.000000  0.000000
  155  0  0  1  -120.000000  10.000000  0.000000
  156  0  0  1  -125.000000  10.000000  0.000000
  157  0  0  1  -130.000000  10.000000  0.000000
  158  0  0  1  -135.000000  10.000000  0.000000
  159  0  0  1  -140.000000  10.000000  0.000000
  160  0  0  1  -145.000000  10.000000  0.000000
  161  0  0  1  -150.000000  5.000000  0.000000
  162  0  0  1  -150.000000  0.000000  0.000000
  163  0  0  1  -150.000000  -5.000000  0.000000
  164  0  0  1  -145.000000  -10.000000  0.000000
  165  0  0  1  -140.000000  -10.000000  0.000000
  166  0  0  1  -135.000000  -10.000000  0.000000
  167  0  0  1  -130.000000  -10.000000  0.000000
  168  0  0  1  -125.000000  -10.000000  0.000000
  169  0  0  1  -120.000000  -10.000000  0.000000
  170  0  0  1  -115.000000  -10.000000  0.000000
  171  0  0  1  -110.000000  -10.000000  0.000000
  172  0  0  1  -105.000000  -10.000000  0.000000
  173  0  0  1  -155.000000  10.000000  0.000000
  174  0  0  1  -160.000000  10.000000  0.000000
  175  0  0  1  -165.000000  10.000000  0.000000
  176  0  0  1  -170.000000  10.000000  0.000000
  177  0  0  1  -175.000000  10.000000  0.000000
  178  0  0  1  -180.000000  10.000000  0.000000
  179  0  0  1  -185.000000  10.000000  0.000000
  180  0  0  1  -190.000000  10.000000  0.000000
  181  0  0  1  -195.000000  10.000000  0.000000
  182  0  0  1  -200.000000  5.000000  0.000000
  183  0  0  1  -200.000000  0.000000  0.000000
  184  0  0  1  -200.000000  -5.000000  0.000000
  185  0  0  1  -195.000000  -10.000000  0.000000
  186  0  0  1  -190.000000  -10.000000  0.000000
  187  0  0  1  -185.000000  -10.000000  0.000000
  188  0  0  1  -180.000000  -10.000000  0.000000
  189  0  0  1  -175.000000  -10.000000  0.000000
  190  0  0  1  -170.000000  -10.000000  0.000000
  191  0  0  1  -165.000000  -10.000000  0.000000
  192  0  0  1  -160.000000  -10.000000  0.000000
  193  0  0  1  -155.000000  -10.000000  0.000000
  194  0  0  1  -205.000000  10.000000  0.000000
  195  0  0  1  -210.000000  10.000000  0.000000
  196  0  0  1  -215.000000  10.000000  0.000000
  197  0  0  1  -220.000000  10.000000  0.000000
  198  0  0  1  -225.000000  10.000000  0.000000
  199  0  0  1  -230.000000  10.000000  0.000000
  200  0  0  1  -235.000000  10.000000  0.000000
  201  0  0  1  -240.000000  10.000000  0.000000
  202  0  0  1  -245.000000  10.000000  0.000000
  203  1  1  1  -250.000000  5.000000  0.000000
  204  1  1  1  -250.000000  0.000000  0.000000
  205  1  1  1  -250.000000  -5.000000  0.000000
  206  0  0  1  -245.000000  -10.000000  0.000000
  207  0  0  1  -240.000000  -10.000000  0.000000
  208  0  0  1  -235.000000  -10.000000  0.000000
  209  0  0  1  -230.000000  -10.000000  0.000000
  210  0  0  1  -225.000000  -10.000000  0.000000
  211  0  0  1  -220.000000  -10.000000  0.000000
  212  0  0  1  -215.000000  -10.000000  0.000000
  213  0  0  1  -210.000000  -10.000000  0.000000
  214  0  0  1  -205.000000  -10.000000  0.000000
  215  0  0  1  205.000000  -10.000000  0.000000
  216  0  0  1  210.000000  -10.000000  0.000000
  217  0  0  1  215.000000  -10.000000  0.000000
  218  0  0  1  220.000000  -10.000000  0.000000
  219  0  0  1  225.000000  -10.000000  0.000000
  220  0  0  1  230.000000  -10.000000  0.000000
  221  0  0  1  235.000000  -10.000000  0.000000
  222  0  0  1  240.000000  -10.000000  0.000000
  223  0  0  1  245.000000  -10.000000  0.000000
  224  1  1  1  250.000000  -5.000000  0.000000
  225  1  1  1  250.000000  0.000000  0.000000
  226  1  1  1  250.000000  5.000000  0.000000
  227  0  0  1  245.000000  10.000000  0.000000
  228  0  0  1  240.000000  10.000000  0.000000
  229  0  0  1  235.000000  10.000000  0.000000
  230  0  0  1  230.000000  10.000000  0.000000
  231  0  0  1  225.000000  10.000000  0.000000
  232  0  0  1  220.000000  10.000000  0.000000
  233  0  0  1  215.000000  10.000000  0.000000
  234  0  0  1  210.000000  10.000000  0.000000
  235  0  0  1  205.000000  10.000000  0.000000
  236  0  0  1  195.000000  -5.000000  0.000000
  237  0  0  1  195.000000  0.000000  0.000000
  238  0  0  1  195.000000  5.000000  0.000000
  239  0  0  1  190.000000  -5.000000  0.000000
  240  0  0  1  190.000000  0.000000  0.000000
  241  0  0  1  190.000000  5.000000  0.000000
  242  0  0  1  185.000000  -5.000000  0.000000
  243  0  0  1  185.000000  0.000000  0.000000
  244  0  0  1  185.000000  5.000000  0.000000
  245  0  0  1  180.000000  -5.000000  0.000000
  246  0  0  1  180.000000  0.000000  0.000000
  247  0  0  1  180.000000  5.000000  0.000000
  248  0  0  1  175.000000  -5.000000  0.000000
  249  0  0  1  175.000000  0.000000  0.000000
  250  0  0  1  175.000000  5.000000  0.000000
  251  0  0  1  170.000000  -5.000000  0.000000
  252  0  0  1  170.000000  0.000000  0.000000
  253  0  0  1  170.000000  5.000000  0.000000
  254  0  0  1  165.000000  -5.000000  0.000000
  255  0  0  1  165.000000  0.000000  0.000000
  256  0  0  1  165.000000  5.000000  0.000000
  257  0  0  1  160.000000  -5.000000  0.000000
  258  0  0  1  160.000000  0.000000  0.000000
  259  0  0  1  160.000000  5.000000  0.000000
  260  0  0  1  155.000000  -5.000000  0.000000
  261  0  0  1  155.000000  0.000000  0.000000
  262  0  0  1  155.000000  5.000000  0.000000
  263  0  0  1  145.000000  -5.000000  0.000000
  264  0  0  1  145.000000  0.000000  0.000000
  265  0  0  1  145.000000  5.000000  0.000000
  266  0  0  1  140.000000  -5.000000  0.000000
  267  0  0  1  140.000000  0.000000  0.000000
  268  0  0  1  140.000000  5.000000  0.000000
  269  0  0  1  135.000000  -5.000000  0.000000
  270  0  0  1  135.000000  0.000000  0.000000
  271  0  0  1  135.000000  5.000000  0.000000
  272  0  0  1  130.000000  -5.000000  0.000000
  273  0  0  1  130.000000  0.000000  0.000000
  274  0  0  1  130.000000  5.000000  0.000000
  275  0  0  1  125.000000  -5.000000  0.000000
  276  0  0  1  125.000000  0.000000  0.000000
  277  0  0  1  125.000000  5.000000  0.000000
  278  0  0  1  120.000000  -5.000000  0.000000
  279  0  0  1  120.000000  0.000000  0.000000
  280  0  0  1  120.000000  5.000000  0.000000
  281  0  0  1  115.000000  -5.000000  0.000000
  282  0  0  1  115.000000  0.000000  0.000000
  283  0  0  1  115.000000  5.000000  0.000000
  284  0  0  1  110.000000  -5.000000  0.000000
  285  0  0  1  110.000000  0.000000  0.000000
  286  0  0  1  110.000000  5.000000  0.000000
  287  0  0  1  105.000000  -5.000000  0.000000
  288  0  0  1  105.000000  0.000000  0.000000
  289  0  0  1  105.000000  5.000000  0.000000
  290  0  0  1  95.000000  -5.000000  0.000000
  291  0  0  1  95.000000  0.000000  0.000000
  292  0  0  1  95.000000  5.000000  0.000000
  293  0  0  1  90.000000  -5.000000  0.000000
  294  0  0  1  90.000000  0.000000  0.000000
  295  0  0  1  90.000000  5.000000  0.000000
  296  0  0  1  85.000000  -5.000000  0.000000
  297  0  0  1  85.000000  0.000000  0.000000
  298  0  0  1  85.000000  5.000000  0.000000
  299  0  0  1  80.000000  -5.000000  0.000000
  300  0  0  1  80.000000  0.000000  0.000000
  301  0  0  1  80.000000  5.000000  0.000000
  302  0  0  1  75.000000  -5.000000  0.000000
  303  0  0  1  75.000000  0.000000  0.000000
  304  0  0  1  75.000000  5.000000  0.000000
  305  0  0  1  70.000000  -5.000000  0.000000
  306  0  0  1  70.000000  0.000000  0.000000
  307  0  0  1  70.000000  5.000000  0.000000
  308  0  0  1  65.000000  -5.000000  0.000000
  309  0  0  1  65.000000  0.000000  0.000000
  310  0  0  1  65.000000  5.000000  0.000000
  311  0  0  1  60.000000  -5.000000  0.000000
  312  0  0  1  60.000000  0.000000  0.000000
  313  0  0  1  60.000000  5.000000  0.000000
  314  0  0  1  55.000000  -5.000000  0.000000
  315  0  0  1  55.000000  0.000000  0.000000
  316  0  0  1  55.000000  5.000000  0.000000
  317  0  0  1  45.000000  -5.000000  0.000000
  318  0  0  1  45.000000  0.000000  0.000000
  319  0  0  1  45.000000  5.000000  0.000000
  320  0  0  1  40.000000  -5.000000  0.000000
  321  0  0  1  40.000000  0.000000  0.000000
  322  0  0  1  40.000000  5.000000  0.000000
  323  0  0  1  35.000000  -5.000000  0.000000
  324  0  0  1  35.000000  0.000000  0.000000
  325  0  0  1  35.000000  5.000000  0.000000
  326  0  0  1  30.000000  -5.000000  0.000000
  327  0  0  1  30.000000  0.000000  0.000000
  328  0  0  1  30.000000  5.000000  0.000000
  329  0  0  1  25.000000  -5.000000  0.000000
  330  0  0  1  25.000000  0.000000  0.000000
  331  0  0  1  25.000000  5.000000  0.000000
  332  0  0  1  20.000000  -5.000000  0.000000
  333  0  0  1  20.000000  0.000000  0.000000
  334  0  0  1  20.000000  5.000000  0.000000
  335  0  0  1  15.000000  -5.000000  0.000000
  336  0  0  1  15.000000  0.000000  0.000000
  337  0  0  1  15.000000  5.000000  0.000000
  338  0  0  1  10.000000  -5.000000  0.000000
  339  0  0  1  10.000000  0.000000  0.000000
  340  0  0  1  10.000000  5.000000  0.000000
  341  0  0  1  5.000000  -5.000000  0.000000
  342  0  0  1  5.000000  0.000000  0.000000
  343  0  0  1  5.000000  5.000000  0.000000
  344  0  0  1  -5.000000  -5.000000  0.000000
  345  0  0  1  -5.000000  0.000000  0.000000
  346  0  0  1  -5.000000  5.000000  0.000000
  347  0  0  1  -10.000000  -5.000000  0.000000
  348  0  0  1  -10.000000  0.000000  0.000000
  349  0  0  1  -10.000000  5.000000  0.000000
  350  0  0  1  -15.000000  -5.000000  0.000000
  351  0  0  1  -15.000000  0.000000  0.000000
  352  0  0  1  -15.000000  5.000000  0.000000
  353  0  0  1  -20.000000  -5.000000  0.000000
  354  0  0  1  -20.000000  0.000000  0.000000
  355  0  0  1  -20.000000  5.000000  0.000000
  356  0  0  1  -25.000000  -5.000000  0.000000
  357  0  0  1  -25.000000  0.000000  0.000000
  358  0  0  1  -25.000000  5.000000  0.000000
  359  0  0  1  -30.000000  -5.000000  0.000000
  360  0  0  1  -30.000000  0.000000  0.000000
  361  0  0  1  -30.000000  5.000000  0.000000
  362  0  0  1  -35.000000  -5.000000  0.000000
  363  0  0  1  -35.000000  0.000000  0.000000
  364  0  0  1  -35.000000  5.000000  0.000000
  365  0  0  1  -40.000000  -5.000000  0.000000
  366  0  0  1  -40.000000  0.000000  0.000000
  367  0  0  1  -40.000000  5.000000  0.000000
  368  0  0  1  -45.000000  -5.000000  0.000000
  369  0  0  1  -45.000000  0.000000  0.000000
  370  0  0  1  -45.000000  5.000000  0.000000
  371  0  0  1  -55.000000  -5.000000  0.000000
  372  0  0  1  -55.000000  0.000000  0.000000
  373  0  0  1  -55.000000  5.000000  0.000000
  374  0  0  1  -60.000000  -5.000000  0.000000
  375  0  0  1  -60.000000  0.000000  0.000000
  376  0  0  1  -60.000000  5.000000  0.000000
  377  0  0  1  -65.000000  -5.000000  0.000000
  378  0  0  1  -65.000000  0.000000  0.000000
  379  0  0  1  -65.000000  5.000000  0.000000
  380  0  0  1  -70.000000  -5.000000  0.000000
  381  0  0  1  -70.000000  0.000000  0.000000
  382  0  0  1  -70.000000  5.000000  0.000000
  383  0  0  1  -75.000000  -5.000000  0.000000
  384  0  0  1  -75.000000  0.000000  0.000000
  385  0  0  1  -75.000000  5.000000  0.000000
  386  0  0  1  -80.000000  -5.000000  0.000000
  387  0  0  1  -80.000000  0.000000  0.000000
  388  0  0  1  -80.000000  5.000000  0.000000
  389  0  0  1  -85.000000  -5.000000  0.000000
  390  0  0  1  -85.000000  0.000000  0.000000
  391  0  0  1  -85.000000  5.000000  0.000000
  392  0  0  1  -90.000000  -5.000000  0.000000
  393  0  0  1  -90.000000  0.000000  0.000000
  394  0  0  1  -90.000000  5.000000  0.000000
  395  0  0  1  -95.000000  -5.000000  0.000000
  396  0  0  1  -95.000000  0.000000  0.000000
  397  0  0  1  -95.000000  5.000000  0.000000
  398  0  0  1  -105.000000  -5.000000  0.000000
  399  0  0  1  -105.000000  0.000000  0.000000
  400  0  0  1  -105.000000  5.000000  0.000000
  401  0  0  1  -110.000000  -5.000000  0.000000
  402  0  0  1  -110.000000  0.000000  0.000000
  403  0  0  1  -110.000000  5.000000  0.000000
  404  0  0  1  -115.000000  -5.000000  0.000000
  405  0  0  1  -115.000000  0.000000  0.000000
  406  0  0  1  -115.000000  5.000000  0.000000
  407  0  0  1  -120.000000  -5.000000  0.000000
  408  0  0  1  -120.000000  0.000000  0.000000
  409  0  0  1  -120.000000  5.000000  0.000000
  410  0  0  1  -125.000000  -5.000000  0.000000
  411  0  0  1  -125.000000  0.000000  0.000000
  412  0  0  1  -125.000000  5.000000  0.000000
  413  0  0  1  -130.000000  -5.000000  0.000000
  414  0  0  1  -130.000000  0.000000  0.000000
  415  0  0  1  -130.000000  5.000000  0.000000
  416  0  0  1  -135.000000  -5.000000  0.000000
  417  0  0  1  -135.000000  0.000000  0.000000
  418  0  0  1  -135.000000  5.000000  0.000000
  419  0  0  1  -140.000000  -5.000000  0.000000
  420  0  0  1  -140.000000  0.000000  0.000000
  421  0  0  1  -140.000000  5.000000  0.000000
  422  0  0  1  -145.000000  -5.000000  0.000000
  423  0  0  1  -145.000000  0.000000  0.000000
  424  0  0  1  -145.000000  5.000000  0.000000
  425  0  0  1  -155.000000  -5.000000  0.000000
  426  0  0  1  -155.000000  0.000000  0.000000
  427  0  0  1  -155.000000  5.000000  0.000000
  428  0  0  1  -160.000000  -5.000000  0.000000
  429  0  0  1  -160.000000  0.000000  0.000000
  430  0  0  1  -160.000000  5.000000  0.000000
  431  0  0  1  -165.000000  -5.000000  0.000000
  432  0  0  1  -165.000000  0.000000  0.000000
  433  0  0  1  -165.000000  5.000000  0.000000
  434  0  0  1  -170.000000  -5.000000  0.000000
  435  0  0  1  -170.000000  0.000000  0.000000
  436  0  0  1  -170.000000  5.000000  0.000000
  437  0  0  1  -175.000000  -5.000000  0.000000
  438  0  0  1  -175.000000  0.000000  0.000000
  439  0  0  1  -175.000000  5.000000  0.000000
  440  0  0  1  -180.000000  -5.000000  0.000000
  441  0  0  1  -180.000000  0.000000  0.000000
  442  0  0  1  -180.000000  5.000000  0.000000
  443  0  0  1  -185.000000  -5.000000  0.000000
  444  0  0  1  -185.000000  0.000000  0.000000
  445  0  0  1  -185.000000  5.000000  0.000000
  446  0  0  1  -190.000000  -5.000000  0.000000
  447  0  0  1  -190.000000  0.000000  0.000000
  448  0  0  1  -190.000000  5.000000  0.000000
  449  0  0  1  -195.000000  -5.000000  0.000000
  450  0  0  1  -195.000000  0.000000  0.000000
  451  0  0  1  -195.000000  5.000000  0.000000
  452  0  0  1  -205.000000  -5.000000  0.000000
  453  0  0  1  -205.000000  0.000000  0.000000
  454  0  0  1  -205.000000  5.000000  0.000000
  455  0  0  1  -210.000000  -5.000000  0.000000
  456  0  0  1  -210.000000  0.000000  0.000000
  457  0  0  1  -210.000000  5.000000  0.000000
  458  0  0  1  -215.000000  -5.000000  0.000000
  459  0  0  1  -215.000000  0.000000  0.000000
  460  0  0  1  -215.000000  5.000000  0.000000
  461  0  0  1  -220.000000  -5.000000  0.000000
  462  0  0  1  -220.000000  0.000000  0.000000
  463  0  0  1  -220.000000  5.000000  0.000000
  464  0  0  1  -225.000000  -5.000000  0.000000
  465  0  0  1  -225.000000  0.000000  0.000000
  466  0  0  1  -225.000000  5.000000  0.000000
  467  0  0  1  -230.000000  -5.000000  0.000000
  468  0  0  1  -230.000000  0.000000  0.000000
  469  0  0  1  -230.000000  5.000000  0.000000
  470  0  0  1  -235.000000  -5.000000  0.000000
  471  0  0  1  -235.000000  0.000000  0.000000
  472  0  0  1  -235.000000  5.000000  0.000000
  473  0  0  1  -240.000000  -5.000000  0.000000
  474  0  0  1  -240.000000  0.000000  0.000000
  475  0  0  1  -240.000000  5.000000  0.000000
  476  0  0  1  -245.000000  -5.000000  0.000000
  477  0  0  1  -245.000000  0.000000  0.000000
  478  0  0  1  -245.000000  5.000000  0.000000
  479  0  0  1  205.000000  5.000000  0.000000
  480  0  0  1  205.000000  0.000000  0.000000
  481  0  0  1  205.000000  -5.000000  0.000000
  482  0  0  1  210.000000  5.000000  0.000000
  483  0  0  1  210.000000  0.000000  0.000000
  484  0  0  1  210.000000  -5.000000  0.000000
  485  0  0  1  215.000000  5.000000  0.000000
  486  0  0  1  215.000000  0.000000  0.000000
  487  0  0  1  215.000000  -5.000000  0.000000
  488  0  0  1  220.000000  5.000000  0.000000
  489  0  0  1  220.000000  0.000000  0.000000
  490  0  0  1  220.000000  -5.000000  0.000000
  491  0  0  1  225.000000  5.000000  0.000000
  492  0  0  1  225.000000  0.000000  0.000000
  493  0  0  1  225.000000  -5.000000  0.000000
  494  0  0  1  230.000000  5.000000  0.000000
  495  0  0  1  230.000000  0.000000  0.000000
  496  0  0  1  230.000000  -5.000000  0.000000
  497  0  0  1  235.000000  5.000000  0.000000
  498  0  0  1  235.000000  0.000000  0.000000
  499  0  0  1  235.000000  -5.000000  0.000000
  500  0  0  1  240.000000  5.000000  0.000000
  501  0  0  1  240.000000  0.000000  0.000000
  502  0  0  1  240.000000  -5.000000  0.000000
  503  0  0  1  245.000000  5.000000  0.000000
  504  0  0  1  245.000000  0.000000  0.000000
  505  0  0  1  245.000000  -5.000000  0.000000
  506  1  1  1  0.000000  -10.000000  -50.000000
  507  1  1  1  0.000000  -20.000000  -50.000000
  508  1  1  1  -20.000000  -20.000000  -50.000000
  509  1  1  1  -20.000000  -10.000000  -50.000000
  510  0  0  0  0.000000  -20.000000  150.000000
  511  0  0  0  -10.000000  -20.000000  150.000000
  512  0  0  0  -10.000000  -10.000000  150.000000
  513  0  0  0  0.000000  -10.000000  150.000000
  514  1  1  1  20.000000  -10.000000  -50.000000
  515  1  1  1  20.000000  -20.000000  -50.000000
  516  0  0  0  10.000000  -10.000000  150.000000
  517  0  0  0  10.000000  -20.000000  150.000000
  518  1  1  1  0.000000  -15.000000  -50.000000
  519  1  1  1  -6.666667  -20.000000  -50.000000
  520  1  1  1  -13.333333  -20.000000  -50.000000
  521  1  1  1  -20.000000  -15.000000  -50.000000
  522  1  1  1  -13.333333  -10.000000  -50.000000
  523  1  1  1  -6.666667  -10.000000  -50.000000
  524  0  0  0  0.000000  -15.000000  150.000000
  525  0  0  0  -6.666667  -20.000000  150.000000
  526  0  0  0  -3.333333  -20.000000  150.000000
  527  0  0  0  -10.000000  -15.000000  150.000000
  528  0  0  0  -3.333333  -10.000000  150.000000
  529  0  0  0  -6.666667  -10.000000  150.000000
  530  0  0  0  -19.750000  -10.000000  -45.000000
  531  0  0  0  -19.500000  -10.000000  -40.000000
  532  0  0  0  -19.250000  -10.000000  -35.000000
  533  0  0  0  -19.000000  -10.000000  -30.000000
  534  0  0  0  -18.750000  -10.000000  -25.000000
  535  0  0  0  -18.500000  -10.000000  -20.000000
  536  0  0  0  -18.250000  -10.000000  -15.000000
  537  0  0  0  -18.000000  -10.000000  -10.000000
  538  0  0  0  -17.750000  -10.000000  -5.000000
  539  0  0  0  -17.500000  -10.000000  0.000000
  540  0  0  0  -17.250000  -10.000000  5.000000
  541  0  0  0  -17.000000  -10.000000  10.000000
  542  0  0  0  -16.750000  -10.000000  15.000000
  543  0  0  0  -16.500000  -10.000000  20.000000
  544  0  0  0  -16.250000  -10.000000  25.000000
  545  0  0  0  -16.000000  -10.000000  30.000000
  546  0  0  0  -15.750000  -10.000000  35.000000
  547  0  0  0  -15.500000  -10.000000  40.000000
  548  0  0  0  -15.250000  -10.000000  45.000000
  549  0  0  0  -15.000000  -10.000000  50.000000
  550  0  0  0  -14.750000  -10.000000  55.000000
  551  0  0  0  -14.500000  -10.000000  60.000000
  552  0  0  0  -14.250000  -10.000000  65.000000
  553  0  0  0  -14.000000  -10.000000  70.000000
  554  0  0  0  -13.750000  -10.000000  75.000000
  555  0  0  0  -13.500000  -10.000000  80.000000
  556  0  0  0  -13.250000  -10.000000  85.000000
  557  0  0  0  -13.000000  -10.000000  90.000000
  558  0  0  0  -12.750000  -10.000000  95.000000
  559  0  0  0  -12.500000  -10.000000  100.000000
  560  0  0  0  -12.250000  -10.000000  105.000000
  561  0  0  0  -12.000000  -10.000000  110.000000
  562  0  0  0  -11.750000  -10.000000  115.000000
  563  0  0  0  -11.500000  -10.000000  120.000000
  564  0  0  0  -11.250000  -10.000000  125.000000
  565  0  0  0  -11.000000  -10.000000  130.000000
  566  0  0  0  -10.750000  -10.000000  135.000000
  567  0  0  0  -10.500000  -10.000000  140.000000
  568  0  0  0  -10.250000  -10.000000  145.000000
  569  0  0  0  0.000000  -10.000000  145.000000
  570  0  0  0  0.000000  -10.000000  140.000000
  571  0  0  0  0.000000  -10.000000  135.000000
  572  0  0  0  0.000000  -10.000000  130.000000
  573  0  0  0  0.000000  -10.000000  125.000000
  574  0  0  0  0.000000  -10.000000  120.000000
  575  0  0  0  0.000000  -10.000000  115.000000
  576  0  0  0  0.000000  -10.000000  110.000000
  577  0  0  0  0.000000  -10.000000  105.000000
  578  0  0  0  0.000000  -10.000000  100.000000
  579  0  0  0  0.000000  -10.000000  95.000000
  580  0  0  0  0.000000  -10.000000  90.000000
  581  0  0  0  0.000000  -10.000000  85.000000
  582  0  0  0  0.000000  -10.000000  80.000000
  583  0  0  0  0.000000  -10.000000  75.000000
  584  0  0  0  0.000000  -10.000000  70.000000
  585  0  0  0  0.000000  -10.000000  65.000000
  586  0  0  0  0.000000  -10.000000  60.000000
  587  0  0  0  0.000000  -10.000000  55.000000
  588  0  0  0  0.000000  -10.000000  50.000000
  589  0  0  0  0.000000  -10.000000  45.000000
  590  0  0  0  0.000000  -10.000000  40.000000
  591  0  0  0  0.000000  -10.000000  35.000000
  592  0  0  0  0.000000  -10.000000  30.000000
  593  0  0  0  0.000000  -10.000000  25.000000
  594  0  0  0  0.000000  -10.000000  20.000000
  595  0  0  0  0.000000  -10.000000  15.000000
  596  0  0  0  0.000000  -10.000000  10.000000
  597  0  0  0  0.000000  -10.000000  5.000000
  598  0  0  0  0.000000  -10.000000  0.000000
  599  0  0  0  0.000000  -10.000000  -5.000000
  600  0  0  0  0.000000  -10.000000  -10.000000
  601  0  0  0  0.000000  -10.000000  -15.000000
  602  0  0  0  0.000000  -10.000000  -20.000000
  603  0  0  0  0.000000  -10.000000  -25.000000
  604  0  0  0  0.000000  -10.000000  -30.000000
  605  0  0  0  0.000000  -10.000000  -35.000000
  606  0  0  0  0.000000  -10.000000  -40.000000
  607  0  0  0  0.000000  -10.000000  -45.000000
  608  0  0  0  -10.250000  -20.000000  145.000000
  609  0  0  0  -10.500000  -20.000000  140.000000
  610  0  0  0  -10.750000  -20.000000  135.000000
  611  0  0  0  -11.000000  -20.000000  130.000000
  612  0  0  0  -11.250000  -20.000000  125.000000
  613  0  0  0  -11.500000  -20.000000  120.000000
  614  0  0  0  -11.750000  -20.000000  115.000000
  615  0  0  0  -12.000000  -20.000000  110.000000
  616  0  0  0  -12.250000  -20.000000  105.000000
  617  0  0  0  -12.500000  -20.000000  100.000000
  618  0  0  0  -12.750000  -20.000000  95.000000
  619  0  0  0  -13.000000  -20.000000  90.000000
  620  0  0  0  -13.250000  -20.000000  85.000000
  621  0  0  0  -13.500000  -20.000000  80.000000
  622  0  0  0  -13.750000  -20.000000  75.000000
  623  0  0  0  -14.000000  -20.000000  70.000000
  624  0  0  0  -14.250000  -20.000000  65.000000
  625  0  0  0  -14.500000  -20.000000  60.000000
  626  0  0  0  -14.750000  -20.000000  55.000000
  627  0  0  0  -15.000000  -20.000000  50.000000
  628  0  0  0  -15.250000  -20.000000  45.000000
  629  0  0  0  -15.500000  -20.000000  40.000000
  630  0  0  0  -15.750000  -20.000000  35.000000
  631  0  0  0  -16.000000  -20.000000  30.000000
  632  0  0  0  -16.250000  -20.000000  25.000000
  633  0  0  0  -16.500000  -20.000000  20.000000
  634  0  0  0  -16.750000  -20.000000  15.000000
  635  0  0  0  -17.000000  -20.000000  10.000000
  636  0  0  0  -17.250000  -20.000000  5.000000
  637  0  0  0  -17.500000  -20.000000  0.000000
  638  0  0  0  -17.750000  -20.000000  -5.000000
  639  0  0  0  -18.000000  -20.000000  -10.000000
  640  0  0  0  -18.250000  -20.000000  -15.000000
  641  0  0  0  -18.500000  -20.000000  -20.000000
  642  0  0  0  -18.750000  -20.000000  -25.000000
  643  0  0  0  -19.000000  -20.000000  -30.000000
  644  0  0  0  -19.250000  -20.000000  -35.000000
  645  0  0  0  -19.500000  -20.000000  -40.000000
  646  0  0  0  -19.750000  -20.000000  -45.000000
  647  0  0  0  0.000000  -20.000000  -45.000000
  648  0  0  0  0.000000  -20.000000  -40.000000
  649  0  0  0  0.000000  -20.000000  -35.000000
  650  0  0  0  0.000000  -20.000000  -30.000000
  651  0  0  0  0.000000  -20.000000  -25.000000
  652  0  0  0  0.000000  -20.000000  -20.000000
  653  0  0  0  0.000000  -20.000000  -15.000000
  654  0  0  0  0.000000  -20.000000  -10.000000
  655  0  0  0  0.000000  -20.000000  -5.000000
  656  0  0  0  0.000000  -20.000000  0.000000
  657  0  0  0  0.000000  -20.000000  5.000000
  658  0  0  0  0.000000  -20.000000  10.000000
  659  0  0  0  0.000000  -20.000000  15.000000
  660  0  0  0  0.000000  -20.000000  20.000000
  661  0  0  0  0.000000  -20.000000  25.000000
  662  0  0  0  0.000000  -20.000000  30.000000
  663  0  0  0  0.000000  -20.000000  35.000000
  664  0  0  0  0.000000  -20.000000  40.000000
  665  0  0  0  0.000000  -20.000000  45.000000
  666  0  0  0  0.000000  -20.000000  50.000000
  667  0  0  0  0.000000  -20.000000  55.000000
  668  0  0  0  0.000000  -20.000000  60.000000
  669  0  0  0  0.000000  -20.000000  65.000000
  670  0  0  0  0.000000  -20.000000  70.000000
  671  0  0  0  0.000000  -20.000000  75.000000
  672  0  0  0  0.000000  -20.000000  80.000000
  673  0  0  0  0.000000  -20.000000  85.000000
  674  0  0  0  0.000000  -20.000000  90.000000
  675  0  0  0  0.000000  -20.000000  95.000000
  676  0  0  0  0.000000  -20.000000  100.000000
  677  0  0  0  0.000000  -20.000000  105.000000
  678  0  0  0  0.000000  -20.000000  110.000000
  679  0  0  0  0.000000  -20.000000  115.000000
  680  0  0  0  0.000000  -20.000000  120.000000
  681  0  0  0  0.000000  -20.000000  125.000000
  682  0  0  0  0.000000  -20.000000  130.000000
  683  0  0  0  0.000000  -20.000000  135.000000
  684  0  0  0  0.000000  -20.000000  140.000000
  685  0  0  0  0.000000  -20.000000  145.000000
  686  1  1  1  6.666667  -10.000000  -50.000000
  687  1  1  1  13.333333  -10.000000  -50.000000
  688  1  1  1  20.000000  -15.000000  -50.000000
  689  1  1  1  13.333333  -20.000000  -50.000000
  690  1  1  1  6.666667  -20.000000  -50.000000
  691  0  0  0  6.666667  -10.000000  150.000000
  692  0  0  0  3.333333  -10.000000  150.000000
  693  0  0  0  10.000000  -15.000000  150.000000
  694  0  0  0  3.333333  -20.000000  150.000000
  695  0  0  0  6.666667  -20.000000  150.000000
  696  0  0  0  19.750000  -20.000000  -45.000000
  697  0  0  0  19.500000  -20.000000  -40.000000
  698  0  0  0  19.250000  -20.000000  -35.000000
  699  0  0  0  19.000000  -20.000000  -30.000000
  700  0  0  0  18.750000  -20.000000  -25.000000
  701  0  0  0  18.500000  -20.000000  -20.000000
  702  0  0  0  18.250000  -20.000000  -15.000000
  703  0  0  0  18.000000  -20.000000  -10.000000
  704  0  0  0  17.750000  -20.000000  -5.000000
  705  0  0  0  17.500000  -20.000000  0.000000
  706  0  0  0  17.250000  -20.000000  5.000000
  707  0  0  0  17.000000  -20.000000  10.000000
  708  0  0  0  16.750000  -20.000000  15.000000
  709  0  0  0  16.500000  -20.000000  20.000000
  710  0  0  0  16.250000  -20.000000  25.000000
  711  0  0  0  16.000000  -20.000000  30.000000
  712  0  0  0  15.750000  -20.000000  35.000000
  713  0  0  0  15.500000  -20.000000  40.000000
  714  0  0  0  15.250000  -20.000000  45.000000
  715  0  0  0  15.000000  -20.000000  50.000000
  716  0  0  0  14.750000  -20.000000  55.000000
  717  0  0  0  14.500000  -20.000000  60.000000
  718  0  0  0  14.250000  -20.000000  65.000000
  719  0  0  0  14.000000  -20.000000  70.000000
  720  0  0  0  13.750000  -20.000000  75.000000
  721  0  0  0  13.500000  -20.000000  80.000000
  722  0  0  0  13.250000  -20.000000  85.000000
  723  0  0  0  13.000000  -20.000000  90.000000
  724  0  0  0  12.750000  -20.000000  95.000000
  725  0  0  0  12.500000  -20.000000  100.000000
  726  0  0  0  12.250000  -20.000000  105.000000
  727  0  0  0  12.000000  -20.000000  110.000000
  728  0  0  0  11.750000  -20.000000  115.000000
  729  0  0  0  11.500000  -20.000000  120.000000
  730  0  0  0  11.250000  -20.000000  125.000000
  731  0  0  0  11.000000  -20.000000  130.000000
  732  0  0  0  10.750000  -20.000000  135.000000
  733  0  0  0  10.500000  -20.000000  140.000000
  734  0  0  0  10.250000  -20.000000  145.000000
  735  0  0  0  10.250000  -10.000000  145.000000
  736  0  0  0  10.500000  -10.000000  140.000000
  737  0  0  0  10.750000  -10.000000  135.000000
  738  0  0  0  11.000000  -10.000000  130.000000
  739  0  0  0  11.250000  -10.000000  125.000000
  740  0  0  0  11.500000  -10.000000  120.000000
  741  0  0  0  11.750000  -10.000000  115.000000
  742  0  0  0  12.000000  -10.000000  110.000000
  743  0  0  0  12.250000  -10.000000  105.000000
  744  0  0  0  12.500000  -10.000000  100.000000
  745  0  0  0  12.750000  -10.000000  95.000000
  746  0  0  0  13.000000  -10.000000  90.000000
  747  0  0  0  13.250000  -10.000000  85.000000
  748  0  0  0  13.500000  -10.000000  80.000000
  749  0  0  0  13.750000  -10.000000  75.000000
  750  0  0  0  14.000000  -10.000000  70.000000
  751  0  0  0  14.250000  -10.000000  65.000000
  752  0  0  0  14.500000  -10.000000  60.000000
  753  0  0  0  14.750000  -10.000000  55.000000
  754  0  0  0  15.000000  -10.000000  50.000000
  755  0  0  0  15.250000  -10.000000  45.000000
  756  0  0  0  15.500000  -10.000000  40.000000
  757  0  0  0  15.750000  -10.000000  35.000000
  758  0  0  0  16.000000  -10.000000  30.000000
  759  0  0  0  16.250000  -10.000000  25.000000
  760  0  0  0  16.500000  -10.000000  20.000000
  761  0  0  0  16.750000  -10.000000  15.000000
  762  0  0  0  17.000000  -10.000000  10.000000
  763  0  0  0  17.250000  -10.000000  5.000000
  764  0  0  0  17.500000  -10.000000  0.000000
  765  0  0  0  17.750000  -10.000000  -5.000000
  766  0  0  0  18.000000  -10.000000  -10.000000
  767  0  0  0  18.250000  -10.000000  -15.000000
  768  0  0  0  18.500000  -10.000000  -20.000000
  769  0  0  0  18.750000  -10.000000  -25.000000
  770  0  0  0  19.000000  -10.000000  -30.000000
  771  0  0  0  19.250000  -10.000000  -35.000000
  772  0  0  0  19.500000  -10.000000  -40.000000
  773  0  0  0  19.750000  -10.000000  -45.000000
  774  1  1  1  -6.666667  -15.000000  -50.000000
  775  1  1  1  -13.333333  -15.000000  -50.000000
  776  0  0  0  -3.333333  -15.000000  150.000000
  777  0  0  0  -6.666667  -15.000000  150.000000
  778  0  0  0  -6.583333  -10.000000  -45.000000
  779  0  0  0  -13.166667  -10.000000  -45.000000
  780  0  0  0  -6.500000  -10.000000  -40.000000
  781  0  0  0  -13.000000  -10.000000  -40.000000
  782  0  0  0  -6.416667  -10.000000  -35.000000
  783  0  0  0  -12.833333  -10.000000  -35.000000
  784  0  0  0  -6.333333  -10.000000  -30.000000
  785  0  0  0  -12.666667  -10.000000  -30.000000
  786  0  0  0  -6.250000  -10.000000  -25.000000
  787  0  0  0  -12.500000  -10.000000  -25.000000
  788  0  0  0  -6.166667  -10.000000  -20.000000
  789  0  0  0  -12.333333  -10.000000  -20.000000
  790  0  0  0  -6.083333  -10.000000  -15.000000
  791  0  0  0  -12.166667  -10.000000  -15.000000
  792  0  0  0  -6.000000  -10.000000  -10.000000
  793  0  0  0  -12.000000  -10.000000  -10.000000
  794  0  0  0  -5.916667  -10.000000  -5.000000
  795  0  0  0  -11.833333  -10.000000  -5.000000
  796  0  0  0  -5.833333  -10.000000  0.000000
  797  0  0  0  -11.666667  -10.000000  0.000000
  798  0  0  0  -5.750000  -10.000000  5.000000
  799  0  0  0  -11.500000  -10.000000  5.000000
  800  0  0  0  -5.666667  -10.000000  10.000000
  801  0  0  0  -11.333333  -10.000000  10.000000
  802  0  0  0  -5.583333  -10.000000  15.000000
  803  0  0  0  -11.166667  -10.000000  15.000000
  804  0  0  0  -5.500000  -10.000000  20.000000
  805  0  0  0  -11.000000  -10.000000  20.000000
  806  0  0  0  -5.416667  -10.000000  25.000000
  807  0  0  0  -10.833333  -10.000000  25.000000
  808  0  0  0  -5.333333  -10.000000  30.000000
  809  0  0  0  -10.666667  -10.000000  30.000000
  810  0  0  0  -5.250000  -10.000000  35.000000
  811  0  0  0  -10.500000  -10.000000  35.000000
  812  0  0  0  -5.166667  -10.000000  40.000000
  813  0  0  0  -10.333333  -10.000000  40.000000
  814  0  0  0  -5.083333  -10.000000  45.000000
  815  0  0  0  -10.166667  -10.000000  45.000000
  816  0  0  0  -5.000000  -10.000000  50.000000
  817  0  0  0  -10.000000  -10.000000  50.000000
  818  0  0  0  -4.916667  -10.000000  55.000000
  819  0  0  0  -9.833333  -10.000000  55.000000
  820  0  0  0  -4.833333  -10.000000  60.000000
  821  0  0  0  -9.666667  -10.000000  60.000000
  822  0  0  0  -4.750000  -10.000000  65.000000
  823  0  0  0  -9.500000  -10.000000  65.000000
  824  0  0  0  -4.666667  -10.000000  70.000000
  825  0  0  0  -9.333333  -10.000000  70.000000
  826  0  0  0  -4.583333  -10.000000  75.000000
  827  0  0  0  -9.166667  -10.000000  75.000000
  828  0  0  0  -4.500000  -10.000000  80.000000
  829  0  0  0  -9.000000  -10.000000  80.000000
  830  0  0  0  -4.416667  -10.000000  85.000000
  831  0  0  0  -8.833333  -10.000000  85.000000
  832  0  0  0  -4.333333  -10.000000  90.000000
  833  0  0  0  -8.666667  -10.000000  90.000000
  834  0  0  0  -4.250000  -10.000000  95.000000
  835  0  0  0  -8.500000  -10.000000  95.000000
  836  0  0  0  -4.166667  -10.000000  100.000000
  837  0  0  0  -8.333333  -10.000000  100.000000
  838  0  0  0  -4.083333  -10.000000  105.000000
  839  0  0  0  -8.166667  -10.000000  105.000000
  840  0  0  0  -4.000000  -10.000000  110.000000
  841  0  0  0  -8.000000  -10.000000  110.000000
  842  0  0  0  -3.916667  -10.000000  115.000000
  843  0  0  0  -7.833333  -10.000000  115.000000
  844  0  0  0  -3.833333  -10.000000  120.000000
  845  0  0  0  -7.666667  -10.000000  120.000000
  846  0  0  0  -3.750000  -10.000000  125.000000
  847  0  0  0  -7.500000  -10.000000  125.000000
  848  0  0  0  -3.666667  -10.000000  130.000000
  849  0  0  0  -7.333333  -10.000000  130.000000
  850  0  0  0  -3.583333  -10.000000  135.000000
  851  0  0  0  -7.166667  -10.000000  135.000000
  852  0  0  0  -3.500000  -10.000000  140.000000
  853  0  0  0  -7.000000  -10.000000  140.000000
  854  0  0  0  -3.416667  -10.000000  145.000000
  855  0  0  0  -6.833333  -10.000000  145.000000
  856  0  0  0  -6.583333  -20.000000  -45.000000
  857  0  0  0  -13.166667  -20.000000  -45.000000
  858  0  0  0  -6.500000  -20.000000  -40.000000
  859  0  0  0  -13.000000  -20.000000  -40.000000
  860  0  0  0  -6.416667  -20.000000  -35.000000
  861  0  0  0  -12.833333  -20.000000  -35.000000
  862  0  0  0  -6.333333  -20.000000  -30.000000
  863  0  0  0  -12.666667  -20.000000  -30.000000
  864  0  0  0  -6.250000  -20.000000  -25.000000
  865  0  0  0  -12.500000  -20.000000  -25.000000
  866  0  0  0  -6.166667  -20.000000  -20.000000
  867  0  0  0  -12.333333  -20.000000  -20.000000
  868  0  0  0  -6.083333  -20.000000  -15.000000
  869  0  0  0  -12.166667  -20.000000  -15.000000
  870  0  0  0  -6.000000  -20.000000  -10.000000
  871  0  0  0  -12.000000  -20.000000  -10.000000
  872  0  0  0  -5.916667  -20.000000  -5.000000
  873  0  0  0  -11.833333  -20.000000  -5.000000
  874  0  0  0  -5.833333  -20.000000  0.000000
  875  0  0  0  -11.666667  -20.000000  0.000000
  876  0  0  0  -5.750000  -20.000000  5.000000
  877  0  0  0  -11.500000  -20.000000  5.000000
  878  0  0  0  -5.666667  -20.000000  10.000000
  879  0  0  0  -11.333333  -20.000000  10.000000
  880  0  0  0  -5.583333  -20.000000  15.000000
  881  0  0  0  -11.166667  -20.000000  15.000000
  882  0  0  0  -5.500000  -20.000000  20.000000
  883  0  0  0  -11.000000  -20.000000  20.000000
  884  0  0  0  -5.416667  -20.000000  25.000000
  885  0  0  0  -10.833333  -20.000000  25.000000
  886  0  0  0  -5.333333  -20.000000  30.000000
  887  0  0  0  -10.666667  -20.000000  30.000000
  888  0  0  0  -5.250000  -20.000000  35.000000
  889  0  0  0  -10.500000  -20.000000  35.000000
  890  0  0  0  -5.166667  -20.000000  40.000000
  891  0  0  0  -10.333333  -20.000000  40.000000
  892  0  0  0  -5.083333  -20.000000  45.000000
  893  0  0  0  -10.166667  -20.000000  45.000000
  894  0  0  0  -5.000000  -20.000000  50.000000
  895  0  0  0  -10.000000  -20.000000  50.000000
  896  0  0  0  -4.916667  -20.000000  55.000000
  897  0  0  0  -9.833333  -20.000000  55.000000
  898  0  0  0  -4.833333  -20.000000  60.000000
  899  0  0  0  -9.666667  -20.000000  60.000000
  900  0  0  0  -4.750000  -20.000000  65.000000
  901  0  0  0  -9.500000  -20.000000  65.000000
  902  0  0  0  -4.666667  -20.000000  70.000000
  903  0  0  0  -9.333333  -20.000000  70.000000
  904  0  0  0  -4.583333  -20.000000  75.000000
  905  0  0  0  -9.166667  -20.000000  75.000000
  906  0  0  0  -4.500000  -20.000000  80.000000
  907  0  0  0  -9.000000  -20.000000  80.000000
  908  0  0  0  -4.416667  -20.000000  85.000000
  909  0  0  0  -8.833333  -20.000000  85.000000
  910  0  0  0  -4.333333  -20.000000  90.000000
  911  0  0  0  -8.666667  -20.000000  90.000000
  912  0  0  0  -4.250000  -20.000000  95.000000
  913  0  0  0  -8.500000  -20.000000  95.000000
  914  0  0  0  -4.166667  -20.000000  100.000000
  915  0  0  0  -8.333333  -20.000000  100.000000
  916  0  0  0  -4.083333  -20.000000  105.000000
  917  0  0  0  -8.166667  -20.000000  105.000000
  918  0  0  0  -4.000000  -20.000000  110.000000
  919  0  0  0  -8.000000  -20.000000  110.000000
  920  0  0  0  -3.916667  -20.000000  115.000000
  921  0  0  0  -7.833333  -20.000000  115.000000
  922  0  0  0  -3.833333  -20.000000  120.000000
  923  0  0  0  -7.666667  -20.000000  120.000000
  924  0  0  0  -3.750000  -20.000000  125.000000
  925  0  0  0  -7.500000  -20.000000  125.000000
  926  0  0  0  -3.666667  -20.000000  130.000000
  927  0  0  0  -7.333333  -20.000000  130.000000
  928  0  0  0  -3.583333  -20.000000  135.000000
  929  0  0  0  -7.166667  -20.000000  135.000000
  930  0  0  0  -3.500000  -20.000000  140.000000
  931  0  0  0  -7.000000  -20.000000  140.000000
  932  0  0  0  -3.416667  -20.000000  145.000000
  933  0  0  0  -6.833333  -20.000000  145.000000
  934  0  0  0  0.000000  -15.000000  -45.000000
  935  0  0  0  0.000000  -15.000000  -40.000000
  936  0  0  0  0.000000  -15.000000  -35.000000
  937  0  0  0  0.000000  -15.000000  -30.000000
  938  0  0  0  0.000000  -15.000000  -25.000000
  939  0  0  0  0.000000  -15.000000  -20.000000
  940  0  0  0  0.000000  -15.000000  -15.000000
  941  0  0  0  0.000000  -15.000000  -10.000000
  942  0  0  0  0.000000  -15.000000  -5.000000
  943  0  0  0  0.000000  -15.000000  0.000000
  944  0  0  0  0.000000  -15.000000  5.000000
  945  0  0  0  0.000000  -15.000000  10.000000
  946  0  0  0  0.000000  -15.000000  15.000000
  947  0  0  0  0.000000  -15.000000  20.000000
  948  0  0  0  0.000000  -15.000000  25.000000
  949  0  0  0  0.000000  -15.000000  30.000000
  950  0  0  0  0.000000  -15.000000  35.000000
  951  0  0  0  0.000000  -15.000000  40.000000
  952  0  0  0  0.000000  -15.000000  45.000000
  953  0  0  0  0.000000  -15.000000  50.000000
  954  0  0  0  0.000000  -15.000000  55.000000
  955  0  0  0  0.000000  -15.000000  60.000000
  956  0  0  0  0.000000  -15.000000  65.000000
  957  0  0  0  0.000000  -15.000000  70.000000
  958  0  0  0  0.000000  -15.000000  75.000000
  959  0  0  0  0.000000  -15.000000  80.000000
  960  0  0  0  0.000000  -15.000000  85.000000
  961  0  0  0  0.000000  -15.000000  90.000000
  962  0  0  0  0.000000  -15.000000  95.000000
  963  0  0  0  0.000000  -15.000000  100.000000
  964  0  0  0  0.000000  -15.000000  105.000000
  965  0  0  0  0.000000  -15.000000  110.000000
  966  0  0  0  0.000000  -15.000000  115.000000
  967  0  0  0  0.000000  -15.000000  120.000000
  968  0  0  0  0.000000  -15.000000  125.000000
  969  0  0  0  0.000000  -15.000000  130.000000
  970  0  0  0  0.000000  -15.000000  135.000000
  971  0  0  0  0.000000  -15.000000  140.000000
  972  0  0  0  0.000000  -15.000000  145.000000
  973  0  0  0  -19.750000  -15.000000  -45.000000
  974  0  0  0  -19.500000  -15.000000  -40.000000
  975  0  0  0  -19.250000  -15.000000  -35.000000
  976  0  0  0  -19.000000  -15.000000  -30.000000
  977  0  0  0  -18.750000  -15.000000  -25.000000
  978  0  0  0  -18.500000  -15.000000  -20.000000
  979  0  0  0  -18.250000  -15.000000  -15.000000
  980  0  0  0  -18.000000  -15.000000  -10.000000
  981  0  0  0  -17.750000  -15.000000  -5.000000
  982  0  0  0  -17.500000  -15.000000  0.000000
  983  0  0  0  -17.250000  -15.000000  5.000000
  984  0  0  0  -17.000000  -15.000000  10.000000
  985  0  0  0  -16.750000  -15.000000  15.000000
  986  0  0  0  -16.500000  -15.000000  20.000000
  987  0  0  0  -16.250000  -15.000000  25.000000
  988  0  0  0  -16.000000  -15.000000  30.000000
  989  0  0  0  -15.750000  -15.000000  35.000000
  990  0  0  0  -15.500000  -15.000000  40.000000
  991  0  0  0  -15.250000  -15.000000  45.000000
  992  0  0  0  -15.000000  -15.000000  50.000000
  993  0  0  0  -14.750000  -15.000000  55.000000
  994  0  0  0  -14.500000  -15.000000  60.000000
  995  0  0  0  -14.250000  -15.000000  65.000000
  996  0  0  0  -14.000000  -15.000000  70.000000
  997  0  0  0  -13.750000  -15.000000  75.000000
  998  0  0  0  -13.500000  -15.000000  80.000000
  999  0  0  0  -13.250000  -15.000000  85.000000
  1000  0  0  0  -13.000000  -15.000000  90.000000
  1001  0  0  0  -12.750000  -15.000000  95.000000
  1002  0  0  0  -12.500000  -15.000000  100.000000
  1003  0  0  0  -12.250000  -15.000000  105.000000
  1004  0  0  0  -12.000000  -15.000000  110.000000
  1005  0  0  0  -11.750000  -15.000000  115.000000
  1006  0  0  0  -11.500000  -15.000000  120.000000
  1007  0  0  0  -11.250000  -15.000000  125.000000
  1008  0  0  0  -11.000000  -15.000000  130.000000
  1009  0  0  0  -10.750000  -15.000000  135.000000
  1010  0  0  0  -10.500000  -15.000000  140.000000
  1011  0  0  0  -10.250000  -15.000000  145.000000
  1012  1  1  1  6.666667  -15.000000  -50.000000
  1013  1  1  1  13.333333  -15.000000  -50.000000
  1014  0  0  0  3.333333  -15.000000  150.000000
  1015  0  0  0  6.666667  -15.000000  150.000000
  1016  0  0  0  6.583333  -20.000000  -45.000000
  1017  0  0  0  13.166667  -20.000000  -45.000000
  1018  0  0  0  6.500000  -20.000000  -40.000000
  1019  0  0  0  13.000000  -20.000000  -40.000000
  1020  0  0  0  6.416667  -20.000000  -35.000000
  1021  0  0  0  12.833333  -20.000000  -35.000000
  1022  0  0  0  6.333333  -20.000000  -30.000000
  1023  0  0  0  12.666667  -20.000000  -30.000000
  1024  0  0  0  6.250000  -20.000000  -25.000000
  1025  0  0  0  12.500000  -20.000000  -25.000000
  1026  0  0  0  6.166667  -20.000000  -20.000000
  1027  0  0  0  12.333333  -20.000000  -20.000000
  1028  0  0  0  6.083333  -20.000000  -15.000000
  1029  0  0  0  12.166667  -20.000000  -15.000000
  1030  0  0  0  6.000000  -20.000000  -10.000000
  1031  0  0  0  12.000000  -20.000000  -10.000000
  1032  0  0  0  5.916667  -20.000000  -5.000000
  1033  0  0  0  11.833333  -20.000000  -5.000000
  1034  0  0  0  5.833333  -20.000000  0.000000
  1035  0  0  0  11.666667  -20.000000  0.000000
  1036  0  0  0  5.750000  -20.000000  5.000000
  1037  0  0  0  11.500000  -20.000000  5.000000
  1038  0  0  0  5.666667  -20.000000  10.000000
  1039  0  0  0  11.333333  -20.000000  10.000000
  1040  0  0  0  5.583333  -20.000000  15.000000
  1041  0  0  0  11.166667  -20.000000  15.000000
  1042  0  0  0  5.500000  -20.000000  20.000000
  1043  0  0  0  11.000000  -20.000000  20.000000
  1044  0  0  0  5.416667  -20.000000  25.000000
  1045  0  0  0  10.833333  -20.000000  25.000000
  1046  0  0  0  5.333333  -20.000000  30.000000
  1047  0  0  0  10.666667  -20.000000  30.000000
  1048  0  0  0  5.250000  -20.000000  35.000000
  1049  0  0  0  10.500000  -20.000000  35.000000
  1050  0  0  0  5.166667  -20.000000  40.000000
  1051  0  0  0  10.333333  -20.000000  40.000000
  1052  0  0  0  5.083333  -20.000000  45.000000
  1053  0  0  0  10.166667  -20.000000  45.000000
  1054  0  0  0  5.000000  -20.000000  50.000000
  1055  0  0  0  10.000000  -20.000000  50.000000
  1056  0  0  0  4.916667  -20.000000  55.000000
  1057  0  0  0  9.833333  -20.000000  55.000000
  1058  0  0  0  4.833333  -20.000000  60.000000
  1059  0  0  0  9.666667  -20.000000  60.000000
  1060  0  0  0  4.750000  -20.000000  65.000000
  1061  0  0  0  9.500000  -20.000000  65.000000
  1062  0  0  0  4.666667  -20.000000  70.000000
  1063  0  0  0  9.333333  -20.000000  70.000000
  1064  0  0  0  4.583333  -20.000000  75.000000
  1065  0  0  0  9.166667  -20.000000  75.000000
  1066  0  0  0  4.500000  -20.000000  80.000000
  1067  0  0  0  9.000000  -20.000000  80.000000
  1068  0  0  0  4.416667  -20.000000  85.000000
  1069  0  0  0  8.833333  -20.000000  85.000000
  1070  0  0  0  4.333333  -20.000000  90.000000
  1071  0  0  0  8.666667  -20.000000  90.000000
  1072  0  0  0  4.250000  -20.000000  95.000000
  1073  0  0  0  8.500000  -20.000000  95.000000
  1074  0  0  0  4.166667  -20.000000  100.000000
  1075  0  0  0  8.333333  -20.000000  100.000000
  1076  0  0  0  4.083333  -20.000000  105.000000
  1077  0  0  0  8.166667  -20.000000  105.000000
  1078  0  0  0  4.000000  -20.000000  110.000000
  1079  0  0  0  8.000000  -20.000000  110.000000
  1080  0  0  0  3.916667  -20.000000  115.000000
  1081  0  0  0  7.833333  -20.000000  115.000000
  1082  0  0  0  3.833333  -20.000000  120.000000
  1083  0  0  0  7.666667  -20.000000  120.000000
  1084  0  0  0  3.750000  -20.000000  125.000000
  1085  0  0  0  7.500000  -20.000000  125.000000
  1086  0  0  0  3.666667  -20.000000  130.000000
  1087  0  0  0  7.333333  -20.000000  130.000000
  1088  0  0  0  3.583333  -20.000000  135.000000
  1089  0  0  0  7.166667  -20.000000  135.000000
  1090  0  0  0  3.500000  -20.000000  140.000000
  1091  0  0  0  7.000000  -20.000000  140.000000
  1092  0  0  0  3.416667  -20.000000  145.000000
  1093  0  0  0  6.833333  -20.000000  145.000000
  1094  0  0  0  6.583333  -10.000000  -45.000000
  1095  0  0  0  13.166667  -10.000000  -45.000000
  1096  0  0  0  6.500000  -10.000000  -40.000000
  1097  0  0  0  13.000000  -10.000000  -40.000000
  1098  0  0  0  6.416667  -10.000000  -35.000000
  1099  0  0  0  12.833333  -10.000000  -35.000000
  1100  0  0  0  6.333333  -10.000000  -30.000000
  1101  0  0  0  12.666667  -10.000000  -30.000000
  1102  0  0  0  6.250000  -10.000000  -25.000000
  1103  0  0  0  12.500000  -10.000000  -25.000000
  1104  0  0  0  6.166667  -10.000000  -20.000000
  1105  0  0  0  12.333333  -10.000000  -20.000000
  1106  0  0  0  6.083333  -10.000000  -15.000000
  1107  0  0  0  12.166667  -10.000000  -15.000000
  1108  0  0  0  6.000000  -10.000000  -10.000000
  1109  0  0  0  12.000000  -10.000000  -10.000000
  1110  0  0  0  5.916667  -10.000000  -5.000000
  1111  0  0  0  11.833333  -10.000000  -5.000000
  1112  0  0  0  5.833333  -10.000000  0.000000
  1113  0  0  0  11.666667  -10.000000  0.000000
  1114  0  0  0  5.750000  -10.000000  5.000000
  1115  0  0  0  11.500000  -10.000000  5.000000
  1116  0  0  0  5.666667  -10.000000  10.000000
  1117  0  0  0  11.333333  -10.000000  10.000000
  1118  0  0  0  5.583333  -10.000000  15.000000
  1119  0  0  0  11.166667  -10.000000  15.000000
  1120  0  0  0  5.500000  -10.000000  20.000000
  1121  0  0  0  11.000000  -10.000000  20.000000
  1122  0  0  0  5.416667  -10.000000  25.000000
  1123  0  0  0  10.833333  -10.000000  25.000000
  1124  0  0  0  5.333333  -10.000000  30.000000
  1125  0  0  0  10.666667  -10.000000  30.000000
  1126  0  0  0  5.250000  -10.000000  35.000000
  1127  0  0  0  10.500000  -10.000000  35.000000
  1128  0  0  0  5.166667  -10.000000  40.000000
  1129  0  0  0  10.333333  -10.000000  40.000000
  1130  0  0  0  5.083333  -10.000000  45.000000
  1131  0  0  0  10.166667  -10.000000  45.000000
  1132  0  0  0  5.000000  -10.000000  50.000000
  1133  0  0  0  10.000000  -10.000000  50.000000
  1134  0  0  0  4.916667  -10.000000  55.000000
  1135  0  0  0  9.833333  -10.000000  55.000000
  1136  0  0  0  4.833333  -10.000000  60.000000
  1137  0  0  0  9.666667  -10.000000  60.000000
  1138  0  0  0  4.750000  -10.000000  65.000000
  1139  0  0  0  9.500000  -10.000000  65.000000
  1140  0  0  0  4.666667  -10.000000  70.000000
  1141  0  0  0  9.333333  -10.000000  70.000000
  1142  0  0  0  4.583333  -10.000000  75.000000
  1143  0  0  0  9.166667  -10.000000  75.000000
  1144  0  0  0  4.500000  -10.000000  80.000000
  1145  0  0  0  9.000000  -10.000000  80.000000
  1146  0  0  0  4.416667  -10.000000  85.000000
  1147  0  0  0  8.833333  -10.000000  85.000000
  1148  0  0  0  4.333333  -10.000000  90.000000
  1149  0  0  0  8.666667  -10.000000  90.000000
  1150  0  0  0  4.250000  -10.000000  95.000000
  1151  0  0  0  8.500000  -10.000000  95.000000
  1152  0  0  0  4.166667  -10.000000  100.000000
  1153  0  0  0  8.333333  -10.000000  100.000000
  1154  0  0  0  4.083333  -10.000000  105.000000
  1155  0  0  0  8.166667  -10.000000  105.000000
  1156  0  0  0  4.000000  -10.000000  110.000000
  1157  0  0  0  8.000000  -10.000000  110.000000
  1158  0  0  0  3.916667  -10.000000  115.000000
  1159  0  0  0  7.833333  -10.000000  115.000000
  1160  0  0  0  3.833333  -10.000000  120.000000
  1161  0  0  0  7.666667  -10.000000  120.000000
  1162  0  0  0  3.750000  -10.000000  125.000000
  1163  0  0  0  7.500000  -10.000000  125.000000
  1164  0  0  0  3.666667  -10.000000  130.000000
  1165  0  0  0  7.333333  -10.000000  130.000000
  1166  0  0  0  3.583333  -10.000000  135.000000
  1167  0  0  0  7.166667  -10.000000  135.000000
  1168  0  0  0  3.500000  -10.000000  140.000000
  1169  0  0  0  7.000000  -10.000000  140.000000
  1170  0  0  0  3.416667  -10.000000  145.000000
  1171  0  0  0  6.833333  -10.000000  145.000000
  1172  0  0  0  19.750000  -15.000000  -45.000000
  1173  0  0  0  19.500000  -15.000000  -40.000000
  1174  0  0  0  19.250000  -15.000000  -35.000000
  1175  0  0  0  19.000000  -15.000000  -30.000000
  1176  0  0  0  18.750000  -15.000000  -25.000000
  1177  0  0  0  18.500000  -15.000000  -20.000000
  1178  0  0  0  18.250000  -15.000000  -15.000000
  1179  0  0  0  18.000000  -15.000000  -10.000000
  1180  0  0  0  17.750000  -15.000000  -5.000000
  1181  0  0  0  17.500000  -15.000000  0.000000
  1182  0  0  0  17.250000  -15.000000  5.000000
  1183  0  0  0  17.000000  -15.000000  10.000000
  1184  0  0  0  16.750000  -15.000000  15.000000
  1185  0  0  0  16.500000  -15.000000  20.000000
  1186  0  0  0  16.250000  -15.000000  25.000000
  1187  0  0  0  16.000000  -15.000000  30.000000
  1188  0  0  0  15.750000  -15.000000  35.000000
  1189  0  0  0  15.500000  -15.000000  40.000000
  1190  0  0  0  15.250000  -15.000000  45.000000
  1191  0  0  0  15.000000  -15.000000  50.000000
  1192  0  0  0  14.750000  -15.000000  55.000000
  1193  0  0  0  14.500000  -15.000000  60.000000
  1194  0  0  0  14.250000  -15.000000  65.000000
  1195  0  0  0  14.000000  -15.000000  70.000000
  1196  0  0  0  13.750000  -15.000000  75.000000
  1197  0  0  0  13.500000  -15.000000  80.000000
  1198  0  0  0  13.250000  -15.000000  85.000000
  1199  0  0  0  13.000000  -15.000000  90.000000
  1200  0  0  0  12.750000  -15.000000  95.000000
  1201  0  0  0  12.500000  -15.000000  100.000000
  1202  0  0  0  12.250000  -15.000000  105.000000
  1203  0  0  0  12.000000  -15.000000  110.000000
  1204  0  0  0  11.750000  -15.000000  115.000000
  1205  0  0  0  11.500000  -15.000000  120.000000
  1206  0  0  0  11.250000  -15.000000  125.000000
  1207  0  0  0  11.000000  -15.000000  130.000000
  1208  0  0  0  10.750000  -15.000000  135.000000
  1209  0  0  0  10.500000  -15.000000  140.000000
  1210  0  0  0  10.250000  -15.000000  145.000000
  1211  0  0  0  -6.583333  -15.000000  -45.000000
  1212  0  0  0  -13.166667  -15.000000  -45.000000
  1213  0  0  0  -6.500000  -15.000000  -40.000000
  1214  0  0  0  -13.000000  -15.000000  -40.000000
  1215  0  0  0  -6.416667  -15.000000  -35.000000
  1216  0  0  0  -12.833333  -15.000000  -35.000000
  1217  0  0  0  -6.333333  -15.000000  -30.000000
  1218  0  0  0  -12.666667  -15.000000  -30.000000
  1219  0  0  0  -6.250000  -15.000000  -25.000000
  1220  0  0  0  -12.500000  -15.000000  -25.000000
  1221  0  0  0  -6.166667  -15.000000  -20.000000
  1222  0  0  0  -12.333333  -15.000000  -20.000000
  1223  0  0  0  -6.083333  -15.000000  -15.000000
  1224  0  0  0  -12.166667  -15.000000  -15.000000
  1225  0  0  0  -6.000000  -15.000000  -10.000000
  1226  0  0  0  -12.000000  -15.000000  -10.000000
  1227  0  0  0  -5.916667  -15.000000  -5.000000
  1228  0  0  0  -11.833333  -15.000000  -5.000000
  1229  0  0  0  -5.833333  -15.000000  0.000000
  1230  0  0  0  -11.666667  -15.000000  0.000000
  1231  0  0  0  -5.750000  -15.000000  5.000000
  1232  0  0  0  -11.500000  -15.000000  5.000000
  1233  0  0  0  -5.666667  -15.000000  10.000000
  1234  0  0  0  -11.333333  -15.000000  10.000000
  1235  0  0  0  -5.583333  -15.000000  15.000000
  1236  0  0  0  -11.166667  -15.000000  15.000000
  1237  0  0  0  -5.500000  -15.000000  20.000000
  1238  0  0  0  -11.000000  -15.000000  20.000000
  1239  0  0  0  -5.416667  -15.000000  25.000000
  1240  0  0  0  -10.833333  -15.000000  25.000000
  1241  0  0  0  -5.333333  -15.000000  30.000000
  1242  0  0  0  -10.666667  -15.000000  30.000000
  1243  0  0  0  -5.250000  -15.000000  35.000000
  1244  0  0  0  -10.500000  -15.000000  35.000000
  1245  0  0  0  -5.166667  -15.000000  40.000000
  1246  0  0  0  -10.333333  -15.000000  40.000000
  1247  0  0  0  -5.083333  -15.000000  45.000000
  1248  0  0  0  -10.166667  -15.000000  45.000000
  1249  0  0  0  -5.000000  -15.000000  50.000000
  1250  0  0  0  -10.000000  -15.000000  50.000000
  1251  0  0  0  -4.916667  -15.000000  55.000000
  1252  0  0  0  -9.833333  -15.000000  55.000000
  1253  0  0  0  -4.833333  -15.000000  60.000000
  1254  0  0  0  -9.666667  -15.000000  60.000000
  1255  0  0  0  -4.750000  -15.000000  65.000000
  1256  0  0  0  -9.500000  -15.000000  65.000000
  1257  0  0  0  -4.666667  -15.000000  70.000000
  1258  0  0  0  -9.333333  -15.000000  70.000000
  1259  0  0  0  -4.583333  -15.000000  75.000000
  1260  0  0  0  -9.166667  -15.000000  75.000000
  1261  0  0  0  -4.500000  -15.000000  80.000000
  1262  0  0  0  -9.000000  -15.000000  80.000000
  1263  0  0  0  -4.416667  -15.000000  85.000000
  1264  0  0  0  -8.833333  -15.000000  85.000000
  1265  0  0  0  -4.333333  -15.000000  90.000000
  1266  0  0  0  -8.666667  -15.000000  90.000000
  1267  0  0  0  -4.250000  -15.000000  95.000000
  1268  0  0  0  -8.500000  -15.000000  95.000000
  1269  0  0  0  -4.166667  -15.000000  100.000000
  1270  0  0  0  -8.333333  -15.000000  100.000000
  1271  0  0  0  -4.083333  -15.000000  105.000000
  1272  0  0  0  -8.166667  -15.000000  105.000000
  1273  0  0  0  -4.000000  -15.000000  110.000000
  1274  0  0  0  -8.000000  -15.000000  110.000000
  1275  0  0  0  -3.916667  -15.000000  115.000000
  1276  0  0  0  -7.833333  -15.000000  115.000000
  1277  0  0  0  -3.833333  -15.000000  120.000000
  1278  0  0  0  -7.666667  -15.000000  120.000000
  1279  0  0  0  -3.750000  -15.000000  125.000000
  1280  0  0  0  -7.500000  -15.000000  125.000000
  1281  0  0  0  -3.666667  -15.000000  130.000000
  1282  0  0  0  -7.333333  -15.000000  130.000000
  1283  0  0  0  -3.583333  -15.000000  135.000000
  1284  0  0  0  -7.166667  -15.000000  135.000000
  1285  0  0  0  -3.500000  -15.000000  140.000000
  1286  0  0  0  -7.000000  -15.000000  140.000000
  1287  0  0  0  -3.416667  -15.000000  145.000000
  1288  0  0  0  -6.833333  -15.000000  145.000000
  1289  0  0  0  6.583333  -15.000000  -45.000000
  1290  0  0  0  13.166667  -15.000000  -45.000000
  1291  0  0  0  6.500000  -15.000000  -40.000000
  1292  0  0  0  13.000000  -15.000000  -40.000000
  1293  0  0  0  6.416667  -15.000000  -35.000000
  1294  0  0  0  12.833333  -15.000000  -35.000000
  1295  0  0  0  6.333333  -15.000000  -30.000000
  1296  0  0  0  12.666667  -15.000000  -30.000000
  1297  0  0  0  6.250000  -15.000000  -25.000000
  1298  0  0  0  12.500000  -15.000000  -25.000000
  1299  0  0  0  6.166667  -15.000000  -20.000000
  1300  0  0  0  12.333333  -15.000000  -20.000000
  1301  0  0  0  6.083333  -15.000000  -15.000000
  1302  0  0  0  12.166667  -15.000000  -15.000000
  1303  0  0  0  6.000000  -15.000000  -10.000000
  1304  0  0  0  12.000000  -15.000000  -10.000000
  1305  0  0  0  5.916667  -15.000000  -5.000000
  1306  0  0  0  11.833333  -15.000000  -5.000000
  1307  0  0  0  5.833333  -15.000000  0.000000
  1308  0  0  0  11.666667  -15.000000  0.000000
  1309  0  0  0  5.750000  -15.000000  5.000000
  1310  0  0  0  11.500000  -15.000000  5.000000
  1311  0  0  0  5.666667  -15.000000  10.000000
  1312  0  0  0  11.333333  -15.000000  10.000000
  1313  0  0  0  5.583333  -15.000000  15.000000
  1314  0  0  0  11.166667  -15.000000  15.000000
  1315  0  0  0  5.500000  -15.000000  20.000000
  1316  0  0  0  11.000000  -15.000000  20.000000
  1317  0  0  0  5.416667  -15.000000  25.000000
  1318  0  0  0  10.833333  -15.000000  25.000000
  1319  0  0  0  5.333333  -15.000000  30.000000
  1320  0  0  0  10.666667  -15.000000  30.000000
  1321  0  0  0  5.250000  -15.000000  35.000000
  1322  0  0  0  10.500000  -15.000000  35.000000
  1323  0  0  0  5.166667  -15.000000  40.000000
  1324  0  0  0  10.333333  -15.000000  40.000000
  1325  0  0  0  5.083333  -15.000000  45.000000
  1326  0  0  0  10.166667  -15.000000  45.000000
  1327  0  0  0  5.000000  -15.000000  50.000000
  1328  0  0  0  10.000000  -15.000000  50.000000
  1329  0  0  0  4.916667  -15.000000  55.000000
  1330  0  0  0  9.833333  -15.000000  55.000000
  1331  0  0  0  4.833333  -15.000000  60.000000
  1332  0  0  0  9.666667  -15.000000  60.000000
  1333  0  0  0  4.750000  -15.000000  65.000000
  1334  0  0  0  9.500000  -15.000000  65.000000
  1335  0  0  0  4.666667  -15.000000  70.000000
  1336  0  0  0  9.333333  -15.000000  70.000000
  1337  0  0  0  4.583333  -15.000000  75.000000
  1338  0  0  0  9.166667  -15.000000  75.000000
  1339  0  0  0  4.500000  -15.000000  80.000000
  1340  0  0  0  9.000000  -15.000000  80.000000
  1341  0  0  0  4.416667  -15.000000  85.000000
  1342  0  0  0  8.833333  -15.000000  85.000000
  1343  0  0  0  4.333333  -15.000000  90.000000
  1344  0  0  0  8.666667  -15.000000  90.000000
  1345  0  0  0  4.250000  -15.000000  95.000000
  1346  0  0  0  8.500000  -15.000000  95.000000
  1347  0  0  0  4.166667  -15.000000  100.000000
  1348  0  0  0  8.333333  -15.000000  100.000000
  1349  0  0  0  4.083333  -15.000000  105.000000
  1350  0  0  0  8.166667  -15.000000  105.000000
  1351  0  0  0  4.000000  -15.000000  110.000000
  1352  0  0  0  8.000000  -15.000000  110.000000
  1353  0  0  0  3.916667  -15.000000  115.000000
  1354  0  0  0  7.833333  -15.000000  115.000000
  1355  0  0  0  3.833333  -15.000000  120.000000
  1356  0  0  0  7.666667  -15.000000  120.000000
  1357  0  0  0  3.750000  -15.000000  125.000000
  1358  0  0  0  7.500000  -15.000000  125.000000
  1359  0  0  0  3.666667  -15.000000  130.000000
  1360  0  0  0  7.333333  -15.000000  130.000000
  1361  0  0  0  3.583333  -15.000000  135.000000
  1362  0  0  0  7.166667  -15.000000  135.000000
  1363  0  0  0  3.500000  -15.000000  140.000000
  1364  0  0  0  7.000000  -15.000000  140.000000
  1365  0  0  0  3.416667  -15.000000  145.000000
  1366  0  0  0  6.833333  -15.000000  145.000000
  1367  1  1  1  0.000000  20.000000  -50.000000
  1368  1  1  1  0.000000  10.000000  -50.000000
  1369  1  1  1  -20.000000  10.000000  -50.000000
  1370  1  1  1  -20.000000  20.000000  -50.000000
  1371  0  0  0  0.000000  10.000000  150.000000
  1372  0  0  0  -10.000000  10.000000  150.000000
  1373  0  0  0  -10.000000  20.000000  150.000000
  1374  0  0  0  0.000000  20.000000  150.000000
  1375  1  1  1  20.000000  20.000000  -50.000000
  1376  1  1  1  20.000000  10.000000  -50.000000
  1377  0  0  0  10.000000  20.000000  150.000000
  1378  0  0  0  10.000000  10.000000  150.000000
  1379  1  1  1  0.000000  15.000000  -50.000000
  1380  1  1  1  -6.666667  10.000000  -50.000000
  1381  1  1  1  -13.333333  10.000000  -50.000000
  1382  1  1  1  -20.000000  15.000000  -50.000000
  1383  1  1  1  -13.333333  20.000000  -50.000000
  1384  1  1  1  -6.666667  20.000000  -50.000000
  1385  0  0  0  0.000000  15.000000  150.000000
  1386  0  0  0  -6.666667  10.000000  150.000000
  1387  0  0  0  -3.333333  10.000000  150.000000
  1388  0  0  0  -10.000000  15.000000  150.000000
  1389  0  0  0  -3.333333  20.000000  150.000000
  1390  0  0  0  -6.666667  20.000000  150.000000
  1391  0  0  0  -19.750000  20.000000  -45.000000
  1392  0  0  0  -19.500000  20.000000  -40.000000
  1393  0  0  0  -19.250000  20.000000  -35.000000
  1394  0  0  0  -19.000000  20.000000  -30.000000
  1395  0  0  0  -18.750000  20.000000  -25.000000
  1396  0  0  0  -18.500000  20.000000  -20.000000
  1397  0  0  0  -18.250000  20.000000  -15.000000
  1398  0  0  0  -18.000000  20.000000  -10.000000
  1399  0  0  0  -17.750000  20.000000  -5.000000
  1400  0  0  0  -17.500000  20.000000  0.000000
  1401  0  0  0  -17.250000  20.000000  5.000000
  1402  0  0  0  -17.000000  20.000000  10.000000
  1403  0  0  0  -16.750000  20.000000  15.000000
  1404  0  0  0  -16.500000  20.000000  20.000000
  1405  0  0  0  -16.250000  20.000000  25.000000
  1406  0  0  0  -16.000000  20.000000  30.000000
  1407  0  0  0  -15.750000  20.000000  35.000000
  1408  0  0  0  -15.500000  20.000000  40.000000
  1409  0  0  0  -15.250000  20.000000  45.000000
  1410  0  0  0  -15.000000  20.000000  50.000000
  1411  0  0  0  -14.750000  20.000000  55.000000
  1412  0  0  0  -14.500000  20.000000  60.000000
  1413  0  0  0  -14.250000  20.000000  65.000000
  1414  0  0  0  -14.000000  20.000000  70.000000
  1415  0  0  0  -13.750000  20.000000  75.000000
  1416  0  0  0  -13.500000  20.000000  80.000000
  1417  0  0  0  -13.250000  20.000000  85.000000
  1418  0  0  0  -13.000000  20.000000  90.000000
  1419  0  0  0  -12.750000  20.000000  95.000000
  1420  0  0  0  -12.500000  20.000000  100.000000
  1421  0  0  0  -12.250000  20.000000  105.000000
  1422  0  0  0  -12.000000  20.000000  110.000000
  1423  0  0  0  -11.750000  20.000000  115.000000
  1424  0  0  0  -11.500000  20.000000  120.000000
  1425  0  0  0  -11.250000  20.000000  125.000000
  1426  0  0  0  -11.000000  20.000000  130.000000
  1427  0  0  0  -10.750000  20.000000  135.000000
  1428  0  0  0  -10.500000  20.000000  140.000000
  1429  0  0  0  -10.250000  20.000000  145.000000
  1430  0  0  0  0.000000  20.000000  145.000000
  1431  0  0  0  0.000000  20.000000  140.000000
  1432  0  0  0  0.000000  20.000000  135.000000
  1433  0  0  0  0.000000  20.000000  130.000000
  1434  0  0  0  0.000000  20.000000  125.000000
  1435  0  0  0  0.000000  20.000000  120.000000
  1436  0  0  0  0.000000  20.000000  115.000000
  1437  0  0  0  0.000000  20.000000  110.000000
  1438  0  0  0  0.000000  20.000000  105.000000
  1439  0  0  0  0.000000  20.000000  100.000000
  1440  0  0  0  0.000000  20.000000  95.000000
  1441  0  0  0  0.000000  20.000000  90.000000
  1442  0  0  0  0.000000  20.000000  85.000000
  1443  0  0  0  0.000000  20.000000  80.000000
  1444  0  0  0  0.000000  20.000000  75.000000
  1445  0  0  0  0.000000  20.000000  70.000000
  1446  0  0  0  0.000000  20.000000  65.000000
  1447  0  0  0  0.000000  20.000000  60.000000
  1448  0  0  0  0.000000  20.000000  55.000000
  1449  0  0  0  0.000000  20.000000  50.000000
  1450  0  0  0  0.000000  20.000000  45.000000
  1451  0  0  0  0.000000  20.000000  40.000000
  1452  0  0  0  0.000000  20.000000  35.000000
  1453  0  0  0  0.000000  20.000000  30.000000
  1454  0  0  0  0.000000  20.000000  25.000000
  1455  0  0  0  0.000000  20.000000  20.000000
  1456  0  0  0  0.000000  20.000000  15.000000
  1457  0  0  0  0.000000  20.000000  10.000000
  1458  0  0  0  0.000000  20.000000  5.000000
  1459  0  0  0  0.000000  20.000000  0.000000
  1460  0  0  0  0.000000  20.000000  -5.000000
  1461  0  0  0  0.000000  20.000000  -10.000000
  1462  0  0  0  0.000000  20.000000  -15.000000
  1463  0  0  0  0.000000  20.000000  -20.000000
  1464  0  0  0  0.000000  20.000000  -25.000000
  1465  0  0  0  0.000000  20.000000  -30.000000
  1466  0  0  0  0.000000  20.000000  -35.000000
  1467  0  0  0  0.000000  20.000000  -40.000000
  1468  0  0  0  0.000000  20.000000  -45.000000
  1469  0  0  0  -10.250000  10.000000  145.000000
  1470  0  0  0  -10.500000  10.000000  140.000000
  1471  0  0  0  -10.750000  10.000000  135.000000
  1472  0  0  0  -11.000000  10.000000  130.000000
  1473  0  0  0  -11.250000  10.000000  125.000000
  1474  0  0  0  -11.500000  10.000000  120.000000
  1475  0  0  0  -11.750000  10.000000  115.000000
  1476  0  0  0  -12.000000  10.000000  110.000000
  1477  0  0  0  -12.250000  10.000000  105.000000
  1478  0  0  0  -12.500000  10.000000  100.000000
  1479  0  0  0  -12.750000  10.000000  95.000000
  1480  0  0  0  -13.000000  10.000000  90.000000
  1481  0  0  0  -13.250000  10.000000  85.000000
  1482  0  0  0  -13.500000  10.000000  80.000000
  1483  0  0  0  -13.750000  10.000000  75.000000
  1484  0  0  0  -14.000000  10.000000  70.000000
  1485  0  0  0  -14.250000  10.000000  65.000000
  1486  0  0  0  -14.500000  10.000000  60.000000
  1487  0  0  0  -14.750000  10.000000  55.000000
  1488  0  0  0  -15.000000  10.000000  50.000000
  1489  0  0  0  -15.250000  10.000000  45.000000
  1490  0  0  0  -15.500000  10.000000  40.000000
  1491  0  0  0  -15.750000  10.000000  35.000000
  1492  0  0  0  -16.000000  10.000000  30.000000
  1493  0  0  0  -16.250000  10.000000  25.000000
  1494  0  0  0  -16.500000  10.000000  20.000000
  1495  0  0  0  -16.750000  10.000000  15.000000
  1496  0  0  0  -17.000000  10.000000  10.000000
  1497  0  0  0  -17.250000  10.000000  5.000000
  1498  0  0  0  -17.500000  10.000000  0.000000
  1499  0  0  0  -17.750000  10.000000  -5.000000
  1500  0  0  0  -18.000000  10.000000  -10.000000
  1501  0  0  0  -18.250000  10.000000  -15.000000
  1502  0  0  0  -18.500000  10.000000  -20.000000
  1503  0  0  0  -18.750000  10.000000  -25.000000
  1504  0  0  0  -19.000000  10.000000  -30.000000
  1505  0  0  0  -19.250000  10.000000  -35.000000
  1506  0  0  0  -19.500000  10.000000  -40.000000
  1507  0  0  0  -19.750000  10.000000  -45.000000
  1508  0  0  0  0.000000  10.000000  -45.000000
  1509  0  0  0  0.000000  10.000000  -40.000000
  1510  0  0  0  0.000000  10.000000  -35.000000
  1511  0  0  0  0.000000  10.000000  -30.000000
  1512  0  0  0  0.000000  10.000000  -25.000000
  1513  0  0  0  0.000000  10.000000  -20.000000
  1514  0  0  0  0.000000  10.000000  -15.000000
  1515  0  0  0  0.000000  10.000000  -10.000000
  1516  0  0  0  0.000000  10.000000  -5.000000
  1517  0  0  0  0.000000  10.000000  0.000000
  1518  0  0  0  0.000000  10.000000  5.000000
  1519  0  0  0  0.000000  10.000000  10.000000
  1520  0  0  0  0.000000  10.000000  15.000000
  1521  0  0  0  0.000000  10.000000  20.000000
  1522  0  0  0  0.000000  10.000000  25.000000
  1523  0  0  0  0.000000  10.000000  30.000000
  1524  0  0  0  0.000000  10.000000  35.000000
  1525  0  0  0  0.000000  10.000000  40.000000
  1526  0  0  0  0.000000  10.000000  45.000000
  1527  0  0  0  0.000000  10.000000  50.000000
  1528  0  0  0  0.000000  10.000000  55.000000
  1529  0  0  0  0.000000  10.000000  60.000000
  1530  0  0  0  0.000000  10.000000  65.000000
  1531  0  0  0  0.000000  10.000000  70.000000
  1532  0  0  0  0.000000  10.000000  75.000000
  1533  0  0  0  0.000000  10.000000  80.000000
  1534  0  0  0  0.000000  10.000000  85.000000
  1535  0  0  0  0.000000  10.000000  90.000000
  1536  0  0  0  0.000000  10.000000  95.000000
  1537  0  0  0  0.000000  10.000000  100.000000
  1538  0  0  0  0.000000  10.000000  105.000000
  1539  0  0  0  0.000000  10.000000  110.000000
  1540  0  0  0  0.000000  10.000000  115.000000
  1541  0  0  0  0.000000  10.000000  120.000000
  1542  0  0  0  0.000000  10.000000  125.000000
  1543  0  0  0  0.000000  10.000000  130.000000
  1544  0  0  0  0.000000  10.000000  135.000000
  1545  0  0  0  0.000000  10.000000  140.000000
  1546  0  0  0  0.000000  10.000000  145.000000
  1547  1  1  1  6.666667  20.000000  -50.000000
  1548  1  1  1  13.333333  20.000000  -50.000000
  1549  1  1  1  20.000000  15.000000  -50.000000
  1550  1  1  1  13.333333  10.000000  -50.000000
  1551  1  1  1  6.666667  10.000000  -50.000000
  1552  0  0  0  6.666667  20.000000  150.000000
  1553  0  0  0  3.333333  20.000000  150.000000
  1554  0  0  0  10.000000  15.000000  150.000000
  1555  0  0  0  3.333333  10.000000  150.000000
  1556  0  0  0  6.666667  10.000000  150.000000
  1557  0  0  0  19.750000  10.000000  -45.000000
  1558  0  0  0  19.500000  10.000000  -40.000000
  1559  0  0  0  19.250000  10.000000  -35.000000
  1560  0  0  0  19.000000  10.000000  -30.000000
  1561  0  0  0  18.750000  10.000000  -25.000000
  1562  0  0  0  18.500000  10.000000  -20.000000
  1563  0  0  0  18.250000  10.000000  -15.000000
  1564  0  0  0  18.000000  10.000000  -10.000000
  1565  0  0  0  17.750000  10.000000  -5.000000
  1566  0  0  0  17.500000  10.000000  0.000000
  1567  0  0  0  17.250000  10.000000  5.000000
  1568  0  0  0  17.000000  10.000000  10.000000
  1569  0  0  0  16.750000  10.000000  15.000000
  1570  0  0  0  16.500000  10.000000  20.000000
  1571  0  0  0  16.250000  10.000000  25.000000
  1572  0  0  0  16.000000  10.000000  30.000000
  1573  0  0  0  15.750000  10.000000  35.000000
  1574  0  0  0  15.500000  10.000000  40.000000
  1575  0  0  0  15.250000  10.000000  45.000000
  1576  0  0  0  15.000000  10.000000  50.000000
  1577  0  0  0  14.750000  10.000000  55.000000
  1578  0  0  0  14.500000  10.000000  60.000000
  1579  0  0  0  14.250000  10.000000  65.000000
  1580  0  0  0  14.000000  10.000000  70.000000
  1581  0  0  0  13.750000  10.000000  75.000000
  1582  0  0  0  13.500000  10.000000  80.000000
  1583  0  0  0  13.250000  10.000000  85.000000
  1584  0  0  0  13.000000  10.000000  90.000000
  1585  0  0  0  12.750000  10.000000  95.000000
  1586  0  0  0  12.500000  10.000000  100.000000
  1587  0  0  0  12.250000  10.000000  105.000000
  1588  0  0  0  12.000000  10.000000  110.000000
  1589  0  0  0  11.750000  10.000000  115.000000
  1590  0  0  0  11.500000  10.000000  120.000000
  1591  0  0  0  11.250000  10.000000  125.000000
  1592  0  0  0  11.000000  10.000000  130.000000
  1593  0  0  0  10.750000  10.000000  135.000000
  1594  0  0  0  10.500000  10.000000  140.000000
  1595  0  0  0  10.250000  10.000000  145.000000
  1596  0  0  0  10.250000  20.000000  145.000000
  1597  0  0  0  10.500000  20.000000  140.000000
  1598  0  0  0  10.750000  20.000000  135.000000
  1599  0  0  0  11.000000  20.000000  130.000000
  1600  0  0  0  11.250000  20.000000  125.000000
  1601  0  0  0  11.500000  20.000000  120.000000
  1602  0  0  0  11.750000  20.000000  115.000000
  1603  0  0  0  12.000000  20.000000  110.000000
  1604  0  0  0  12.250000  20.000000  105.000000
  1605  0  0  0  12.500000  20.000000  100.000000
  1606  0  0  0  12.750000  20.000000  95.000000
  1607  0  0  0  13.000000  20.000000  90.000000
  1608  0  0  0  13.250000  20.000000  85.000000
  1609  0  0  0  13.500000  20.000000  80.000000
  1610  0  0  0  13.750000  20.000000  75.000000
  1611  0  0  0  14.000000  20.000000  70.000000
  1612  0  0  0  14.250000  20.000000  65.000000
  1613  0  0  0  14.500000  20.000000  60.000000
  1614  0  0  0  14.750000  20.000000  55.000000
  1615  0  0  0  15.000000  20.000000  50.000000
  1616  0  0  0  15.250000  20.000000  45.000000
  1617  0  0  0  15.500000  20.000000  40.000000
  1618  0  0  0  15.750000  20.000000  35.000000
  1619  0  0  0  16.000000  20.000000  30.000000
  1620  0  0  0  16.250000  20.000000  25.000000
  1621  0  0  0  16.500000  20.000000  20.000000
  1622  0  0  0  16.750000  20.000000  15.000000
  1623  0  0  0  17.000000  20.000000  10.000000
  1624  0  0  0  17.250000  20.000000  5.000000
  1625  0  0  0  17.500000  20.000000  0.000000
  1626  0  0  0  17.750000  20.000000  -5.000000
  1627  0  0  0  18.000000  20.000000  -10.000000
  1628  0  0  0  18.250000  20.000000  -15.000000
  1629  0  0  0  18.500000  20.000000  -20.000000
  1630  0  0  0  18.750000  20.000000  -25.000000
  1631  0  0  0  19.000000  20.000000  -30.000000
  1632  0  0  0  19.250000  20.000000  -35.000000
  1633  0  0  0  19.500000  20.000000  -40.000000
  1634  0  0  0  19.750000  20.000000  -45.000000
  1635  1  1  1  -6.666667  15.000000  -50.000000
  1636  1  1  1  -13.333333  15.000000  -50.000000
  1637  0  0  0  -3.333333  15.000000  150.000000
  1638  0  0  0  -6.666667  15.000000  150.000000
  1639  0  0  0  -6.583333  20.000000  -45.000000
  1640  0  0  0  -13.166667  20.000000  -45.000000
  1641  0  0  0  -6.500000  20.000000  -40.000000
  1642  0  0  0  -13.000000  20.000000  -40.000000
  1643  0  0  0  -6.416667  20.000000  -35.000000
  1644  0  0  0  -12.833333  20.000000  -35.000000
  1645  0  0  0  -6.333333  20.000000  -30.000000
  1646  0  0  0  -12.666667  20.000000  -30.000000
  1647  0  0  0  -6.250000  20.000000  -25.000000
  1648  0  0  0  -12.500000  20.000000  -25.000000
  1649  0  0  0  -6.166667  20.000000  -20.000000
  1650  0  0  0  -12.333333  20.000000  -20.000000
  1651  0  0  0  -6.083333  20.000000  -15.000000
  1652  0  0  0  -12.166667  20.000000  -15.000000
  1653  0  0  0  -6.000000  20.000000  -10.000000
  1654  0  0  0  -12.000000  20.000000  -10.000000
  1655  0  0  0  -5.916667  20.000000  -5.000000
  1656  0  0  0  -11.833333  20.000000  -5.000000
  1657  0  0  0  -5.833333  20.000000  0.000000
  1658  0  0  0  -11.666667  20.000000  0.000000
  1659  0  0  0  -5.750000  20.000000  5.000000
  1660  0  0  0  -11.500000  20.000000  5.000000
  1661  0  0  0  -5.666667  20.000000  10.000000
  1662  0  0  0  -11.333333  20.000000  10.000000
  1663  0  0  0  -5.583333  20.000000  15.000000
  1664  0  0  0  -11.166667  20.000000  15.000000
  1665  0  0  0  -5.500000  20.000000  20.000000
  1666  0  0  0  -11.000000  20.000000  20.000000
  1667  0  0  0  -5.416667  20.000000  25.000000
  1668  0  0  0  -10.833333  20.000000  25.000000
  1669  0  0  0  -5.333333  20.000000  30.000000
  1670  0  0  0  -10.666667  20.000000  30.000000
  1671  0  0  0  -5.250000  20.000000  35.000000
  1672  0  0  0  -10.500000  20.000000  35.000000
  1673  0  0  0  -5.166667  20.000000  40.000000
  1674  0  0  0  -10.333333  20.000000  40.000000
  1675  0  0  0  -5.083333  20.000000  45.000000
  1676  0  0  0  -10.166667  20.000000  45.000000
  1677  0  0  0  -5.000000  20.000000  50.000000
  1678  0  0  0  -10.000000  20.000000  50.000000
  1679  0  0  0  -4.916667  20.000000  55.000000
  1680  0  0  0  -9.833333  20.000000  55.000000
  1681  0  0  0  -4.833333  20.000000  60.000000
  1682  0  0  0  -9.666667  20.000000  60.000000
  1683  0  0  0  -4.750000  20.000000  65.000000
  1684  0  0  0  -9.500000  20.000000  65.000000
  1685  0  0  0  -4.666667  20.000000  70.000000
  1686  0  0  0  -9.333333  20.000000  70.000000
  1687  0  0  0  -4.583333  20.000000  75.000000
  1688  0  0  0  -9.166667  20.000000  75.000000
  1689  0  0  0  -4.500000  20.000000  80.000000
  1690  0  0  0  -9.000000  20.000000  80.000000
  1691  0  0  0  -4.416667  20.000000  85.000000
  1692  0  0  0  -8.833333  20.000000  85.000000
  1693  0  0  0  -4.333333  20.000000  90.000000
  1694  0  0  0  -8.666667  20.000000  90.000000
  1695  0  0  0  -4.250000  20.000000  95.000000
  1696  0  0  0  -8.500000  20.000000  95.000000
  1697  0  0  0  -4.166667  20.000000  100.000000
  1698  0  0  0  -8.333333  20.000000  100.000000
  1699  0  0  0  -4.083333  20.000000  105.000000
  1700  0  0  0  -8.166667  20.000000  105.000000
  1701  0  0  0  -4.000000  20.000000  110.000000
  1702  0  0  0  -8.000000  20.000000  110.000000
  1703  0  0  0  -3.916667  20.000000  115.000000
  1704  0  0  0  -7.833333  20.000000  115.000000
  1705  0  0  0  -3.833333  20.000000  120.000000
  1706  0  0  0  -7.666667  20.000000  120.000000
  1707  0  0  0  -3.750000  20.000000  125.000000
  1708  0  0  0  -7.500000  20.000000  125.000000
  1709  0  0  0  -3.666667  20.000000  130.000000
  1710  0  0  0  -7.333333  20.000000  130.000000
  1711  0  0  0  -3.583333  20.000000  135.000000
  1712  0  0  0  -7.166667  20.000000  135.000000
  1713  0  0  0  -3.500000  20.000000  140.000000
  1714  0  0  0  -7.000000  20.000000  140.000000
  1715  0  0  0  -3.416667  20.000000  145.000000
  1716  0  0  0  -6.833333  20.000000  145.000000
  1717  0  0  0  -6.583333  10.000000  -45.000000
  1718  0  0  0  -13.166667  10.000000  -45.000000
  1719  0  0  0  -6.500000  10.000000  -40.000000
  1720  0  0  0  -13.000000  10.000000  -40.000000
  1721  0  0  0  -6.416667  10.000000  -35.000000
  1722  0  0  0  -12.833333  10.000000  -35.000000
  1723  0  0  0  -6.333333  10.000000  -30.000000
  1724  0  0  0  -12.666667  10.000000  -30.000000
  1725  0  0  0  -6.250000  10.000000  -25.000000
  1726  0  0  0  -12.500000  10.000000  -25.000000
  1727  0  0  0  -6.166667  10.000000  -20.000000
  1728  0  0  0  -12.333333  10.000000  -20.000000
  1729  0  0  0  -6.083333  10.000000  -15.000000
  1730  0  0  0  -12.166667  10.000000  -15.000000
  1731  0  0  0  -6.000000  10.000000  -10.000000
  1732  0  0  0  -12.000000  10.000000  -10.000000
  1733  0  0  0  -5.916667  10.000000  -5.000000
  1734  0  0  0  -11.833333  10.000000  -5.000000
  1735  0  0  0  -5.833333  10.000000  0.000000
  1736  0  0  0  -11.666667  10.000000  0.000000
  1737  0  0  0  -5.750000  10.000000  5.000000
  1738  0  0  0  -11.500000  10.000000  5.000000
  1739  0  0  0  -5.666667  10.000000  10.000000
  1740  0  0  0  -11.333333  10.000000  10.000000
  1741  0  0  0  -5.583333  10.000000  15.000000
  1742  0  0  0  -11.166667  10.000000  15.000000
  1743  0  0  0  -5.500000  10.000000  20.000000
  1744  0  0  0  -11.000000  10.000000  20.000000
  1745  0  0  0  -5.416667  10.000000  25.000000
  1746  0  0  0  -10.833333  10.000000  25.000000
  1747  0  0  0  -5.333333  10.000000  30.000000
  1748  0  0  0  -10.666667  10.000000  30.000000
  1749  0  0  0  -5.250000  10.000000  35.000000
  1750  0  0  0  -10.500000  10.000000  35.000000
  1751  0  0  0  -5.166667  10.000000  40.000000
  1752  0  0  0  -10.333333  10.000000  40.000000
  1753  0  0  0  -5.083333  10.000000  45.000000
  1754  0  0  0  -10.166667  10.000000  45.000000
  1755  0  0  0  -5.000000  10.000000  50.000000
  1756  0  0  0  -10.000000  10.000000  50.000000
  1757  0  0  0  -4.916667  10.000000  55.000000
  1758  0  0  0  -9.833333  10.000000  55.000000
  1759  0  0  0  -4.833333  10.000000  60.000000
  1760  0  0  0  -9.666667  10.000000  60.000000
  1761  0  0  0  -4.750000  10.000000  65.000000
  1762  0  0  0  -9.500000  10.000000  65.000000
  1763  0  0  0  -4.666667  10.000000  70.000000
  1764  0  0  0  -9.333333  10.000000  70.000000
  1765  0  0  0  -4.583333  10.000000  75.000000
  1766  0  0  0  -9.166667  10.000000  75.000000
  1767  0  0  0  -4.500000  10.000000  80.000000
  1768  0  0  0  -9.000000  10.000000  80.000000
  1769  0  0  0  -4.416667  10.000000  85.000000
  1770  0  0  0  -8.833333  10.000000  85.000000
  1771  0  0  0  -4.333333  10.000000  90.000000
  1772  0  0  0  -8.666667  10.000000  90.000000
  1773  0  0  0  -4.250000  10.000000  95.000000
  1774  0  0  0  -8.500000  10.000000  95.000000
  1775  0  0  0  -4.166667  10.000000  100.000000
  1776  0  0  0  -8.333333  10.000000  100.000000
  1777  0  0  0  -4.083333  10.000000  105.000000
  1778  0  0  0  -8.166667  10.000000  105.000000
  1779  0  0  0  -4.000000  10.000000  110.000000
  1780  0  0  0  -8.000000  10.000000  110.000000
  1781  0  0  0  -3.916667  10.000000  115.000000
  1782  0  0  0  -7.833333  10.000000  115.000000
  1783  0  0  0  -3.833333  10.000000  120.000000
  1784  0  0  0  -7.666667  10.000000  120.000000
  1785  0  0  0  -3.750000  10.000000  125.000000
  1786  0  0  0  -7.500000  10.000000  125.000000
  1787  0  0  0  -3.666667  10.000000  130.000000
  1788  0  0  0  -7.333333  10.000000  130.000000
  1789  0  0  0  -3.583333  10.000000  135.000000
  1790  0  0  0  -7.166667  10.000000  135.000000
  1791  0  0  0  -3.500000  10.000000  140.000000
  1792  0  0  0  -7.000000  10.000000  140.000000
  1793  0  0  0  -3.416667  10.000000  145.000000
  1794  0  0  0  -6.833333  10.000000  145.000000
  1795  0  0  0  0.000000  15.000000  -45.000000
  1796  0  0  0  0.000000  15.000000  -40.000000
  1797  0  0  0  0.000000  15.000000  -35.000000
  1798  0  0  0  0.000000  15.000000  -30.000000
  1799  0  0  0  0.000000  15.000000  -25.000000
  1800  0  0  0  0.000000  15.000000  -20.000000
  1801  0  0  0  0.000000  15.000000  -15.000000
  1802  0  0  0  0.000000  15.000000  -10.000000
  1803  0  0  0  0.000000  15.000000  -5.000000
  1804  0  0  0  0.000000  15.000000  0.000000
  1805  0  0  0  0.000000  15.000000  5.000000
  1806  0  0  0  0.000000  15.000000  10.000000
  1807  0  0  0  0.000000  15.000000  15.000000
  1808  0  0  0  0.000000  15.000000  20.000000
  1809  0  0  0  0.000000  15.000000  25.000000
  1810  0  0  0  0.000000  15.000000  30.000000
  1811  0  0  0  0.000000  15.000000  35.000000
  1812  0  0  0  0.000000  15.000000  40.000000
  1813  0  0  0  0.000000  15.000000  45.000000
  1814  0  0  0  0.000000  15.000000  50.000000
  1815  0  0  0  0.000000  15.000000  55.000000
  1816  0  0  0  0.000000  15.000000  60.000000
  1817  0  0  0  0.000000  15.000000  65.000000
  1818  0  0  0  0.000000  15.000000  70.000000
  1819  0  0  0  0.000000  15.000000  75.000000
  1820  0  0  0  0.000000  15.000000  80.000000
  1821  0  0  0  0.000000  15.000000  85.000000
  1822  0  0  0  0.000000  15.000000  90.000000
  1823  0  0  0  0.000000  15.000000  95.000000
  1824  0  0  0  0.000000  15.000000  100.000000
  1825  0  0  0  0.000000  15.000000  105.000000
  1826  0  0  0  0.000000  15.000000  110.000000
  1827  0  0  0  0.000000  15.000000  115.000000
  1828  0  0  0  0.000000  15.000000  120.000000
  1829  0  0  0  0.000000  15.000000  125.000000
  1830  0  0  0  0.000000  15.000000  130.000000
  1831  0  0  0  0.000000  15.000000  135.000000
  1832  0  0  0  0.000000  15.000000  140.000000
  1833  0  0  0  0.000000  15.000000  145.000000
  1834  0  0  0  -19.750000  15.000000  -45.000000
  1835  0  0  0  -19.500000  15.000000  -40.000000
  1836  0  0  0  -19.250000  15.000000  -35.000000
  1837  0  0  0  -19.000000  15.000000  -30.000000
  1838  0  0  0  -18.750000  15.000000  -25.000000
  1839  0  0  0  -18.500000  15.000000  -20.000000
  1840  0  0  0  -18.250000  15.000000  -15.000000
  1841  0  0  0  -18.000000  15.000000  -10.000000
  1842  0  0  0  -17.750000  15.000000  -5.000000
  1843  0  0  0  -17.500000  15.000000  0.000000
  1844  0  0  0  -17.250000  15.000000  5.000000
  1845  0  0  0  -17.000000  15.000000  10.000000
  1846  0  0  0  -16.750000  15.000000  15.000000
  1847  0  0  0  -16.500000  15.000000  20.000000
  1848  0  0  0  -16.250000  15.000000  25.000000
  1849  0  0  0  -16.000000  15.000000  30.000000
  1850  0  0  0  -15.750000  15.000000  35.000000
  1851  0  0  0  -15.500000  15.000000  40.000000
  1852  0  0  0  -15.250000  15.000000  45.000000
  1853  0  0  0  -15.000000  15.000000  50.000000
  1854  0  0  0  -14.750000  15.000000  55.000000
  1855  0  0  0  -14.500000  15.000000  60.000000
  1856  0  0  0  -14.250000  15.000000  65.000000
  1857  0  0  0  -14.000000  15.000000  70.000000
  1858  0  0  0  -13.750000  15.000000  75.000000
  1859  0  0  0  -13.500000  15.000000  80.000000
  1860  0  0  0  -13.250000  15.000000  85.000000
  1861  0  0  0  -13.000000  15.000000  90.000000
  1862  0  0  0  -12.750000  15.000000  95.000000
  1863  0  0  0  -12.500000  15.000000  100.000000
  1864  0  0  0  -12.250000  15.000000  105.000000
  1865  0  0  0  -12.000000  15.000000  110.000000
  1866  0  0  0  -11.750000  15.000000  115.000000
  1867  0  0  0  -11.500000  15.000000  120.000000
  1868  0  0  0  -11.250000  15.000000  125.000000
  1869  0  0  0  -11.000000  15.000000  130.000000
  1870  0  0  0  -10.750000  15.000000  135.000000
  1871  0  0  0  -10.500000  15.000000  140.000000
  1872  0  0  0  -10.250000  15.000000  145.000000
  1873  1  1  1  6.666667  15.000000  -50.000000
  1874  1  1  1  13.333333  15.000000  -50.000000
  1875  0  0  0  3.333333  15.000000  150.000000
  1876  0  0  0  6.666667  15.000000  150.000000
  1877  0  0  0  6.583333  10.000000  -45.000000
  1878  0  0  0  13.166667  10.000000  -45.000000
  1879  0  0  0  6.500000  10.000000  -40.000000
  1880  0  0  0  13.000000  10.000000  -40.000000
  1881  0  0  0  6.416667  10.000000  -35.000000
  1882  0  0  0  12.833333  10.000000  -35.000000
  1883  0  0  0  6.333333  10.000000  -30.000000
  1884  0  0  0  12.666667  10.000000  -30.000000
  1885  0  0  0  6.250000  10.000000  -25.000000
  1886  0  0  0  12.500000  10.000000  -25.000000
  1887  0  0  0  6.166667  10.000000  -20.000000
  1888  0  0  0  12.333333  10.000000  -20.000000
  1889  0  0  0  6.083333  10.000000  -15.000000
  1890  0  0  0  12.166667  10.000000  -15.000000
  1891  0  0  0  6.000000  10.000000  -10.000000
  1892  0  0  0  12.000000  10.000000  -10.000000
  1893  0  0  0  5.916667  10.000000  -5.000000
  1894  0  0  0  11.833333  10.000000  -5.000000
  1895  0  0  0  5.833333  10.000000  0.000000
  1896  0  0  0  11.666667  10.000000  0.000000
  1897  0  0  0  5.750000  10.000000  5.000000
  1898  0  0  0  11.500000  10.000000  5.000000
  1899  0  0  0  5.666667  10.000000  10.000000
  1900  0  0  0  11.333333  10.000000  10.000000
  1901  0  0  0  5.583333  10.000000  15.000000
  1902  0  0  0  11.166667  10.000000  15.000000
  1903  0  0  0  5.500000  10.000000  20.000000
  1904  0  0  0  11.000000  10.000000  20.000000
  1905  0  0  0  5.416667  10.000000  25.000000
  1906  0  0  0  10.833333  10.000000  25.000000
  1907  0  0  0  5.333333  10.000000  30.000000
  1908  0  0  0  10.666667  10.000000  30.000000
  1909  0  0  0  5.250000  10.000000  35.000000
  1910  0  0  0  10.500000  10.000000  35.000000
  1911  0  0  0  5.166667  10.000000  40.000000
  1912  0  0  0  10.333333  10.000000  40.000000
  1913  0  0  0  5.083333  10.000000  45.000000
  1914  0  0  0  10.166667  10.000000  45.000000
  1915  0  0  0  5.000000  10.000000  50.000000
  1916  0  0  0  10.000000  10.000000  50.000000
  1917  0  0  0  4.916667  10.000000  55.000000
  1918  0  0  0  9.833333  10.000000  55.000000
  1919  0  0  0  4.833333  10.000000  60.000000
  1920  0  0  0  9.666667  10.000000  60.000000
  1921  0  0  0  4.750000  10.000000  65.000000
  1922  0  0  0  9.500000  10.000000  65.000000
  1923  0  0  0  4.666667  10.000000  70.000000
  1924  0  0  0  9.333333  10.000000  70.000000
  1925  0  0  0  4.583333  10.000000  75.000000
  1926  0  0  0  9.166667  10.000000  75.000000
  1927  0  0  0  4.500000  10.000000  80.000000
  1928  0  0  0  9.000000  10.000000  80.000000
  1929  0  0  0  4.416667  10.000000  85.000000
  1930  0  0  0  8.833333  10.000000  85.000000
  1931  0  0  0  4.333333  10.000000  90.000000
  1932  0  0  0  8.666667  10.000000  90.000000
  1933  0  0  0  4.250000  10.000000  95.000000
  1934  0  0  0  8.500000  10.000000  95.000000
  1935  0  0  0  4.166667  10.000000  100.000000
  1936  0  0  0  8.333333  10.000000  100.000000
  1937  0  0  0  4.083333  10.000000  105.000000
  1938  0  0  0  8.166667  10.000000  105.000000
  1939  0  0  0  4.000000  10.000000  110.000000
  1940  0  0  0  8.000000  10.000000  110.000000
  1941  0  0  0  3.916667  10.000000  115.000000
  1942  0  0  0  7.833333  10.000000  115.000000
  1943  0  0  0  3.833333  10.000000  120.000000
  1944  0  0  0  7.666667  10.000000  120.000000
  1945  0  0  0  3.750000  10.000000  125.000000
  1946  0  0  0  7.500000  10.000000  125.000000
  1947  0  0  0  3.666667  10.000000  130.000000
  1948  0  0  0  7.333333  10.000000  130.000000
  1949  0  0  0  3.583333  10.000000  135.000000
  1950  0  0  0  7.166667  10.000000  135.000000
  1951  0  0  0  3.500000  10.000000  140.000000
  1952  0  0  0  7.000000  10.000000  140.000000
  1953  0  0  0  3.416667  10.000000  145.000000
  1954  0  0  0  6.833333  10.000000  145.000000
  1955  0  0  0  6.583333  20.000000  -45.000000
  1956  0  0  0  13.166667  20.000000  -45.000000
  1957  0  0  0  6.500000  20.000000  -40.000000
  1958  0  0  0  13.000000  20.000000  -40.000000
  1959  0  0  0  6.416667  20.000000  -35.000000
  1960  0  0  0  12.833333  20.000000  -35.000000
  1961  0  0  0  6.333333  20.000000  -30.000000
  1962  0  0  0  12.666667  20.000000  -30.000000
  1963  0  0  0  6.250000  20.000000  -25.000000
  1964  0  0  0  12.500000  20.000000  -25.000000
  1965  0  0  0  6.166667  20.000000  -20.000000
  1966  0  0  0  12.333333  20.000000  -20.000000
  1967  0  0  0  6.083333  20.000000  -15.000000
  1968  0  0  0  12.166667  20.000000  -15.000000
  1969  0  0  0  6.000000  20.000000  -10.000000
  1970  0  0  0  12.000000  20.000000  -10.000000
  1971  0  0  0  5.916667  20.000000  -5.000000
  1972  0  0  0  11.833333  20.000000  -5.000000
  1973  0  0  0  5.833333  20.000000  0.000000
  1974  0  0  0  11.666667  20.000000  0.000000
  1975  0  0  0  5.750000  20.000000  5.000000
  1976  0  0  0  11.500000  20.000000  5.000000
  1977  0  0  0  5.666667  20.000000  10.000000
  1978  0  0  0  11.333333  20.000000  10.000000
  1979  0  0  0  5.583333  20.000000  15.000000
  1980  0  0  0  11.166667  20.000000  15.000000
  1981  0  0  0  5.500000  20.000000  20.000000
  1982  0  0  0  11.000000  20.000000  20.000000
  1983  0  0  0  5.416667  20.000000  25.000000
  1984  0  0  0  10.833333  20.000000  25.000000
  1985  0  0  0  5.333333  20.000000  30.000000
  1986  0  0  0  10.666667  20.000000  30.000000
  1987  0  0  0  5.250000  20.000000  35.000000
  1988  0  0  0  10.500000  20.000000  35.000000
  1989  0  0  0  5.166667  20.000000  40.000000
  1990  0  0  0  10.333333  20.000000  40.000000
  1991  0  0  0  5.083333  20.000000  45.000000
  1992  0  0  0  10.166667  20.000000  45.000000
  1993  0  0  0  5.000000  20.000000  50.000000
  1994  0  0  0  10.000000  20.000000  50.000000
  1995  0  0  0  4.916667  20.000000  55.000000
  1996  0  0  0  9.833333  20.000000  55.000000
  1997  0  0  0  4.833333  20.000000  60.000000
  1998  0  0  0  9.666667  20.000000  60.000000
  1999  0  0  0  4.750000  20.000000  65.000000
  2000  0  0  0  9.500000  20.000000  65.000000
  2001  0  0  0  4.666667  20.000000  70.000000
  2002  0  0  0  9.333333  20.000000  70.000000
  2003  0  0  0  4.583333  20.000000  75.000000
  2004  0  0  0  9.166667  20.000000  75.000000
  2005  0  0  0  4.500000  20.000000  80.000000
  2006  0  0  0  9.000000  20.000000  80.000000
  2007  0  0  0  4.416667  20.000000  85.000000
  2008  0  0  0  8.833333  20.000000  85.000000
  2009  0  0  0  4.333333  20.000000  90.000000
  2010  0  0  0  8.666667  20.000000  90.000000
  2011  0  0  0  4.250000  20.000000  95.000000
  2012  0  0  0  8.500000  20.000000  95.000000
  2013  0  0  0  4.166667  20.000000  100.000000
  2014  0  0  0  8.333333  20.000000  100.000000
  2015  0  0  0  4.083333  20.000000  105.000000
  2016  0  0  0  8.166667  20.000000  105.000000
  2017  0  0  0  4.000000  20.000000  110.000000
  2018  0  0  0  8.000000  20.000000  110.000000
  2019  0  0  0  3.916667  20.000000  115.000000
  2020  0  0  0  7.833333  20.000000  115.000000
  2021  0  0  0  3.833333  20.000000  120.000000
  2022  0  0  0  7.666667  20.000000  120.000000
  2023  0  0  0  3.750000  20.000000  125.000000
  2024  0  0  0  7.500000  20.000000  125.000000
  2025  0  0  0  3.666667  20.000000  130.000000
  2026  0  0  0  7.333333  20.000000  130.000000
  2027  0  0  0  3.583333  20.000000  135.000000
  2028  0  0  0  7.166667  20.000000  135.000000
  2029  0  0  0  3.500000  20.000000  140.000000
  2030  0  0  0  7.000000  20.000000  140.000000
  2031  0  0  0  3.416667  20.000000  145.000000
  2032  0  0  0  6.833333  20.000000  145.000000
  2033  0  0  0  19.750000  15.000000  -45.000000
  2034  0  0  0  19.500000  15.000000  -40.000000
  2035  0  0  0  19.250000  15.000000  -35.000000
  2036  0  0  0  19.000000  15.000000  -30.000000
  2037  0  0  0  18.750000  15.000000  -25.000000
  2038  0  0  0  18.500000  15.000000  -20.000000
  2039  0  0  0  18.250000  15.000000  -15.000000
  2040  0  0  0  18.000000  15.000000  -10.000000
  2041  0  0  0  17.750000  15.000000  -5.000000
  2042  0  0  0  17.500000  15.000000  0.000000
  2043  0  0  0  17.250000  15.000000  5.000000
  2044  0  0  0  17.000000  15.000000  10.000000
  2045  0  0  0  16.750000  15.000000  15.000000
  2046  0  0  0  16.500000  15.000000  20.000000
  2047  0  0  0  16.250000  15.000000  25.000000
  2048  0  0  0  16.000000  15.000000  30.000000
  2049  0  0  0  15.750000  15.000000  35.000000
  2050  0  0  0  15.500000  15.000000  40.000000
  2051  0  0  0  15.250000  15.000000  45.000000
  2052  0  0  0  15.000000  15.000000  50.000000
  2053  0  0  0  14.750000  15.000000  55.000000
  2054  0  0  0  14.500000  15.000000  60.000000
  2055  0  0  0  14.250000  15.000000  65.000000
  2056  0  0  0  14.000000  15.000000  70.000000
  2057  0  0  0  13.750000  15.000000  75.000000
  2058  0  0  0  13.500000  15.000000  80.000000
  2059  0  0  0  13.250000  15.000000  85.000000
  2060  0  0  0  13.000000  15.000000  90.000000
  2061  0  0  0  12.750000  15.000000  95.000000
  2062  0  0  0  12.500000  15.000000  100.000000
  2063  0  0  0  12.250000  15.000000  105.000000
  2064  0  0  0  12.000000  15.000000  110.000000
  2065  0  0  0  11.750000  15.000000  115.000000
  2066  0  0  0  11.500000  15.000000  120.000000
  2067  0  0  0  11.250000  15.000000  125.000000
  2068  0  0  0  11.000000  15.000000  130.000000
  2069  0  0  0  10.750000  15.000000  135.000000
  2070  0  0  0  10.500000  15.000000  140.000000
  2071  0  0  0  10.250000  15.000000  145.000000
  2072  0  0  0  -6.583333  15.000000  -45.000000
  2073  0  0  0  -13.166667  15.000000  -45.000000
  2074  0  0  0  -6.500000  15.000000  -40.000000
  2075  0  0  0  -13.000000  15.000000  -40.000000
  2076  0  0  0  -6.416667  15.000000  -35.000000
  2077  0  0  0  -12.833333  15.000000  -35.000000
  2078  0  0  0  -6.333333  15.000000  -30.000000
  2079  0  0  0  -12.666667  15.000000  -30.000000
  2080  0  0  0  -6.250000  15.000000  -25.000000
  2081  0  0  0  -12.500000  15.000000  -25.000000
  2082  0  0  0  -6.166667  15.000000  -20.000000
  2083  0  0  0  -12.333333  15.000000  -20.000000
  2084  0  0  0  -6.083333  15.000000  -15.000000
  2085  0  0  0  -12.166667  15.000000  -15.000000
  2086  0  0  0  -6.000000  15.000000  -10.000000
  2087  0  0  0  -12.000000  15.000000  -10.000000
  2088  0  0  0  -5.916667  15.000000  -5.000000
  2089  0  0  0  -11.833333  15.000000  -5.000000
  2090  0  0  0  -5.833333  15.000000  0.000000
  2091  0  0  0  -11.666667  15.000000  0.000000
  2092  0  0  0  -5.750000  15.000000  5.000000
  2093  0  0  0  -11.500000  15.000000  5.000000
  2094  0  0  0  -5.666667  15.000000  10.000000
  2095  0  0  0  -11.333333  15.000000  10.000000
  2096  0  0  0  -5.583333  15.000000  15.000000
  2097  0  0  0  -11.166667  15.000000  15.000000
  2098  0  0  0  -5.500000  15.000000  20.000000
  2099  0  0  0  -11.000000  15.000000  20.000000
  2100  0  0  0  -5.416667  15.000000  25.000000
  2101  0  0  0  -10.833333  15.000000  25.000000
  2102  0  0  0  -5.333333  15.000000  30.000000
  2103  0  0  0  -10.666667  15.000000  30.000000
  2104  0  0  0  -5.250000  15.000000  35.000000
  2105  0  0  0  -10.500000  15.000000  35.000000
  2106  0  0  0  -5.166667  15.000000  40.000000
  2107  0  0  0  -10.333333  15.000000  40.000000
  2108  0  0  0  -5.083333  15.000000  45.000000
  2109  0  0  0  -10.166667  15.000000  45.000000
  2110  0  0  0  -5.000000  15.000000  50.000000
  2111  0  0  0  -10.000000  15.000000  50.000000
  2112  0  0  0  -4.916667  15.000000  55.000000
  2113  0  0  0  -9.833333  15.000000  55.000000
  2114  0  0  0  -4.833333  15.000000  60.000000
  2115  0  0  0  -9.666667  15.000000  60.000000
  2116  0  0  0  -4.750000  15.000000  65.000000
  2117  0  0  0  -9.500000  15.000000  65.000000
  2118  0  0  0  -4.666667  15.000000  70.000000
  2119  0  0  0  -9.333333  15.000000  70.000000
  2120  0  0  0  -4.583333  15.000000  75.000000
  2121  0  0  0  -9.166667  15.000000  75.000000
  2122  0  0  0  -4.500000  15.000000  80.000000
  2123  0  0  0  -9.000000  15.000000  80.000000
  2124  0  0  0  -4.416667  15.000000  85.000000
  2125  0  0  0  -8.833333  15.000000  85.000000
  2126  0  0  0  -4.333333  15.000000  90.000000
  2127  0  0  0  -8.666667  15.000000  90.000000
  2128  0  0  0  -4.250000  15.000000  95.000000
  2129  0  0  0  -8.500000  15.000000  95.000000
  2130  0  0  0  -4.166667  15.000000  100.000000
  2131  0  0  0  -8.333333  15.000000  100.000000
  2132  0  0  0  -4.083333  15.000000  105.000000
  2133  0  0  0  -8.166667  15.000000  105.000000
  2134  0  0  0  -4.000000  15.000000  110.000000
  2135  0  0  0  -8.000000  15.000000  110.000000
  2136  0  0  0  -3.916667  15.000000  115.000000
  2137  0  0  0  -7.833333  15.000000  115.000000
  2138  0  0  0  -3.833333  15.000000  120.000000
  2139  0  0  0  -7.666667  15.000000  120.000000
  2140  0  0  0  -3.750000  15.000000  125.000000
  2141  0  0  0  -7.500000  15.000000  125.000000
  2142  0  0  0  -3.666667  15.000000  130.000000
  2143  0  0  0  -7.333333  15.000000  130.000000
  2144  0  0  0  -3.583333  15.000000  135.000000
  2145  0  0  0  -7.166667  15.000000  135.000000
  2146  0  0  0  -3.500000  15.000000  140.000000
  2147  0  0  0  -7.000000  15.000000  140.000000
  2148  0  0  0  -3.416667  15.000000  145.000000
  2149  0  0  0  -6.833333  15.000000  145.000000
  2150  0  0  0  6.583333  15.000000  -45.000000
  2151  0  0  0  13.166667  15.000000  -45.000000
  2152  0  0  0  6.500000  15.000000  -40.000000
  2153  0  0  0  13.000000  15.000000  -40.000000
  2154  0  0  0  6.416667  15.000000  -35.000000
  2155  0  0  0  12.833333  15.000000  -35.000000
  2156  0  0  0  6.333333  15.000000  -30.000000
  2157  0  0  0  12.666667  15.000000  -30.000000
  2158  0  0  0  6.250000  15.000000  -25.000000
  2159  0  0  0  12.500000  15.000000  -25.000000
  2160  0  0  0  6.166667  15.000000  -20.000000
  2161  0  0  0  12.333333  15.000000  -20.000000
  2162  0  0  0  6.083333  15.000000  -15.000000
  2163  0  0  0  12.166667  15.000000  -15.000000
  2164  0  0  0  6.000000  15.000000  -10.000000
  2165  0  0  0  12.000000  15.000000  -10.000000
  2166  0  0  0  5.916667  15.000000  -5.000000
  2167  0  0  0  11.833333  15.000000  -5.000000
  2168  0  0  0  5.833333  15.000000  0.000000
  2169  0  0  0  11.666667  15.000000  0.000000
  2170  0  0  0  5.750000  15.000000  5.000000
  2171  0  0  0  11.500000  15.000000  5.000000
  2172  0  0  0  5.666667  15.000000  10.000000
  2173  0  0  0  11.333333  15.000000  10.000000
  2174  0  0  0  5.583333  15.000000  15.000000
  2175  0  0  0  11.166667  15.000000  15.000000
  2176  0  0  0  5.500000  15.000000  20.000000
  2177  0  0  0  11.000000  15.000000  20.000000
  2178  0  0  0  5.416667  15.000000  25.000000
  2179  0  0  0  10.833333  15.000000  25.000000
  2180  0  0  0  5.333333  15.000000  30.000000
  2181  0  0  0  10.666667  15.000000  30.000000
  2182  0  0  0  5.250000  15.000000  35.000000
  2183  0  0  0  10.500000  15.000000  35.000000
  2184  0  0  0  5.166667  15.000000  40.000000
  2185  0  0  0  10.333333  15.000000  40.000000
  2186  0  0  0  5.083333  15.000000  45.000000
  2187  0  0  0  10.166667  15.000000  45.000000
  2188  0  0  0  5.000000  15.000000  50.000000
  2189  0  0  0  10.000000  15.000000  50.000000
  2190  0  0  0  4.916667  15.000000  55.000000
  2191  0  0  0  9.833333  15.000000  55.000000
  2192  0  0  0  4.833333  15.000000  60.000000
  2193  0  0  0  9.666667  15.000000  60.000000
  2194  0  0  0  4.750000  15.000000  65.000000
  2195  0  0  0  9.500000  15.000000  65.000000
  2196  0  0  0  4.666667  15.000000  70.000000
  2197  0  0  0  9.333333  15.000000  70.000000
  2198  0  0  0  4.583333  15.000000  75.000000
  2199  0  0  0  9.166667  15.000000  75.000000
  2200  0  0  0  4.500000  15.000000  80.000000
  2201  0  0  0  9.000000  15.000000  80.000000
  2202  0  0  0  4.416667  15.000000  85.000000
  2203  0  0  0  8.833333  15.000000  85.000000
  2204  0  0  0  4.333333  15.000000  90.000000
  2205  0  0  0  8.666667  15.000000  90.000000
  2206  0  0  0  4.250000  15.000000  95.000000
  2207  0  0  0  8.500000  15.000000  95.000000
  2208  0  0  0  4.166667  15.000000  100.000000
  2209  0  0  0  8.333333  15.000000  100.000000
  2210  0  0  0  4.083333  15.000000  105.000000
  2211  0  0  0  8.166667  15.000000  105.000000
  2212  0  0  0  4.000000  15.000000  110.000000
  2213  0  0  0  8.000000  15.000000  110.000000
  2214  0  0  0  3.916667  15.000000  115.000000
  2215  0  0  0  7.833333  15.000000  115.000000
  2216  0  0  0  3.833333  15.000000  120.000000
  2217  0  0  0  7.666667  15.000000  120.000000
  2218  0  0  0  3.750000  15.000000  125.000000
  2219  0  0  0  7.500000  15.000000  125.000000
  2220  0  0  0  3.666667  15.000000  130.000000
  2221  0  0  0  7.333333  15.000000  130.000000
  2222  0  0  0  3.583333  15.000000  135.000000
  2223  0  0  0  7.166667  15.000000  135.000000
  2224  0  0  0  3.500000  15.000000  140.000000
  2225  0  0  0  7.000000  15.000000  140.000000
  2226  0  0  0  3.416667  15.000000  145.000000
  2227  0  0  0  6.833333  15.000000  145.000000
  2228  0  0  0  -300.000000  10.000000  -30.000000
  2229  0  0  0  -300.000000  -10.000000  -30.000000
  2230  0  0  0  -300.000000  -10.000000  0.000000
  2231  0  0  0  -300.000000  10.000000  0.000000
  2232  0  0  0  -250.000000  -10.000000  -30.000000
  2233  0  0  0  -250.000000  -10.000000  0.000000
  2234  0  0  0  -250.000000  10.000000  0.000000
  2235  0  0  0  -250.000000  10.000000  -30.000000
  2236  1  1  1  -300.000000  10.000000  -50.000000
  2237  1  1  1  -300.000000  -10.000000  -50.000000
  2238  1  1  1  -250.000000  10.000000  -50.000000
  2239  1  1  1  -250.000000  -10.000000  -50.000000
  2240  0  0  0  -300.000000  5.000000  -30.000000
  2241  0  0  0  -300.000000  0.000000  -30.000000
  2242  0  0  0  -300.000000  -5.000000  -30.000000
  2243  0  0  0  -300.000000  -10.000000  -25.000000
  2244  0  0  0  -300.000000  -10.000000  -20.000000
  2245  0  0  0  -300.000000  -10.000000  -15.000000
  2246  0  0  0  -300.000000  -10.000000  -10.000000
  2247  0  0  0  -300.000000  -10.000000  -5.000000
  2248  0  0  0  -300.000000  -5.000000  0.000000
  2249  0  0  0  -300.000000  0.000000  0.000000
  2250  0  0  0  -300.000000  5.000000  0.000000
  2251  0  0  0  -300.000000  10.000000  -5.000000
  2252  0  0  0  -300.000000  10.000000  -10.000000
  2253  0  0  0  -300.000000  10.000000  -15.000000
  2254  0  0  0  -300.000000  10.000000  -20.000000
  2255  0  0  0  -300.000000  10.000000  -25.000000
  2256  0  0  0  -250.000000  -5.000000  -30.000000
  2257  0  0  0  -250.000000  0.000000  -30.000000
  2258  0  0  0  -250.000000  5.000000  -30.000000
  2259  0  0  0  -250.000000  -10.000000  -5.000000
  2260  0  0  0  -250.000000  -10.000000  -10.000000
  2261  0  0  0  -250.000000  -10.000000  -15.000000
  2262  0  0  0  -250.000000  -10.000000  -20.000000
  2263  0  0  0  -250.000000  -10.000000  -25.000000
  2264  0  0  0  -250.000000  5.000000  0.000000
  2265  0  0  0  -250.000000  0.000000  0.000000
  2266  0  0  0  -250.000000  -5.000000  0.000000
  2267  0  0  0  -250.000000  10.000000  -25.000000
  2268  0  0  0  -250.000000  10.000000  -20.000000
  2269  0  0  0  -250.000000  10.000000  -15.000000
  2270  0  0  0  -250.000000  10.000000  -10.000000
  2271  0  0  0  -250.000000  10.000000  -5.000000
  2272  0  0  0  -295.000000  10.000000  0.000000
  2273  0  0  0  -290.000000  10.000000  0.000000
  2274  0  0  0  -285.000000  10.000000  0.000000
  2275  0  0  0  -280.000000  10.000000  0.000000
  2276  0  0  0  -275.000000  10.000000  0.000000
  2277  0  0  0  -270.000000  10.000000  0.000000
  2278  0  0  0  -265.000000  10.000000  0.000000
  2279  0  0  0  -260.000000  10.000000  0.000000
  2280  0  0  0  -255.000000  10.000000  0.000000
  2281  0  0  0  -255.000000  10.000000  -30.000000
  2282  0  0  0  -260.000000  10.000000  -30.000000
  2283  0  0  0  -265.000000  10.000000  -30.000000
  2284  0  0  0  -270.000000  10.000000  -30.000000
  2285  0  0  0  -275.000000  10.000000  -30.000000
  2286  0  0  0  -280.000000  10.000000  -30.000000
  2287  0  0  0  -285.000000  10.000000  -30.000000
  2288  0  0  0  -290.000000  10.000000  -30.000000
  2289  0  0  0  -295.000000  10.000000  -30.000000
  2290  0  0  0  -255.000000  -10.000000  0.000000
  2291  0  0  0  -260.000000  -10.000000  0.000000
  2292  0  0  0  -265.000000  -10.000000  0.000000
  2293  0  0  0  -270.000000  -10.000000  0.000000
  2294  0  0  0  -275.000000  -10.000000  0.000000
  2295  0  0  0  -280.000000  -10.000000  0.000000
  2296  0  0  0  -285.000000  -10.000000  0.000000
  2297  0  0  0  -290.000000  -10.000000  0.000000
  2298  0  0  0  -295.000000  -10.000000  0.000000
  2299  0  0  0  -295.000000  -10.000000  -30.000000
  2300  0  0  0  -290.000000  -10.000000  -30.000000
  2301  0  0  0  -285.000000  -10.000000  -30.000000
  2302  0  0  0  -280.000000  -10.000000  -30.000000
  2303  0  0  0  -275.000000  -10.000000  -30.000000
  2304  0  0  0  -270.000000  -10.000000  -30.000000
  2305  0  0  0  -265.000000  -10.000000  -30.000000
  2306  0  0  0  -260.000000  -10.000000  -30.000000
  2307  0  0  0  -255.000000  -10.000000  -30.000000
  2308  0  0  0  -300.000000  10.000000  -35.000000
  2309  0  0  0  -300.000000  10.000000  -40.000000
  2310  0  0  0  -300.000000  10.000000  -45.000000
  2311  1  1  1  -300.000000  5.000000  -50.000000
  2312  1  1  1  -300.000000  0.000000  -50.000000
  2313  1  1  1  -300.000000  -5.000000  -50.000000
  2314  0  0  0  -300.000000  -10.000000  -45.000000
  2315  0  0  0  -300.000000  -10.000000  -40.000000
  2316  0  0  0  -300.000000  -10.000000  -35.000000
  2317  0  0  0  -250.000000  10.000000  -45.000000
  2318  0  0  0  -250.000000  10.000000  -40.000000
  2319  0  0  0  -250.000000  10.000000  -35.000000
  2320  1  1  1  -250.000000  -5.000000  -50.000000
  2321  1  1  1  -250.000000  0.000000  -50.000000
  2322  1  1  1  -250.000000  5.000000  -50.000000
  2323  0  0  0  -250.000000  -10.000000  -35.000000
  2324  0  0  0  -250.000000  -10.000000  -40.000000
  2325  0  0  0  -250.000000  -10.000000  -45.000000
  2326  1  1  1  -295.000000  -10.000000  -50.000000
  2327  1  1  1  -290.000000  -10.000000  -50.000000
  2328  1  1  1  -285.000000  -10.000000  -50.000000
  2329  1  1  1  -280.000000  -10.000000  -50.000000
  2330  1  1  1  -275.000000  -10.000000  -50.000000
  2331  1  1  1  -270.000000  -10.000000  -50.000000
  2332  1  1  1  -265.000000  -10.000000  -50.000000
  2333  1  1  1  -260.000000  -10.000000  -50.000000
  2334  1  1  1  -255.000000  -10.000000  -50.000000
  2335  1  1  1  -255.000000  10.000000  -50.000000
  2336  1  1  1  -260.000000  10.000000  -50.000000
  2337  1  1  1  -265.000000  10.000000  -50.000000
  2338  1  1  1  -270.000000  10.000000  -50.000000
  2339  1  1  1  -275.000000  10.000000  -50.000000
  2340  1  1  1  -280.000000  10.000000  -50.000000
  2341  1  1  1  -285.000000  10.000000  -50.000000
  2342  1  1  1  -290.000000  10.000000  -50.000000
  2343  1  1  1  -295.000000  10.000000  -50.000000
  2344  0  0  0  -300.000000  5.000000  -25.000000
  2345  0  0  0  -300.000000  0.000000  -25.000000
  2346  0  0  0  -300.000000  -5.000000  -25.000000
  2347  0  0  0  -300.000000  5.000000  -20.000000
  2348  0  0  0  -300.000000  0.000000  -20.000000
  2349  0  0  0  -300.000000  -5.000000  -20.000000
  2350  0  0  0  -300.000000  5.000000  -15.000000
  2351  0  0  0  -300.000000  0.000000  -15.000000
  2352  0  0  0  -300.000000  -5.000000  -15.000000
  2353  0  0  0  -300.000000  5.000000  -10.000000
  2354  0  0  0  -300.000000  0.000000  -10.000000
  2355  0  0  0  -300.000000  -5.000000  -10.000000
  2356  0  0  0  -300.000000  5.000000  -5.000000
  2357  0  0  0  -300.000000  0.000000  -5.000000
  2358  0  0  0  -300.000000  -5.000000  -5.000000
  2359  0  0  0  -250.000000  5.000000  -25.000000
  2360  0  0  0  -250.000000  0.000000  -25.000000
  2361  0  0  0  -250.000000  -5.000000  -25.000000
  2362  0  0  0  -250.000000  5.000000  -20.000000
  2363  0  0  0  -250.000000  0.000000  -20.000000
  2364  0  0  0  -250.000000  -5.000000  -20.000000
  2365  0  0  0  -250.000000  5.000000  -15.000000
  2366  0  0  0  -250.000000  0.000000  -15.000000
  2367  0  0  0  -250.000000  -5.000000  -15.000000
  2368  0  0  0  -250.000000  5.000000  -10.000000
  2369  0  0  0  -250.000000  0.000000  -10.000000
  2370  0  0  0  -250.000000  -5.000000  -10.000000
  2371  0  0  0  -250.000000  5.000000  -5.000000
  2372  0  0  0  -250.000000  0.000000  -5.000000
  2373  0  0  0  -250.000000  -5.000000  -5.000000
  2374  0  0  0  -295.000000  10.000000  -25.000000
  2375  0  0  0  -295.000000  10.000000  -20.000000
  2376  0  0  0  -295.000000  10.000000  -15.000000
  2377  0  0  0  -295.000000  10.000000  -10.000000
  2378  0  0  0  -295.000000  10.000000  -5.000000
  2379  0  0  0  -290.000000  10.000000  -25.000000
  2380  0  0  0  -290.000000  10.000000  -20.000000
  2381  0  0  0  -290.000000  10.000000  -15.000000
  2382  0  0  0  -290.000000  10.000000  -10.000000
  2383  0  0  0  -290.000000  10.000000  -5.000000
  2384  0  0  0  -285.000000  10.000000  -25.000000
  2385  0  0  0  -285.000000  10.000000  -20.000000
  2386  0  0  0  -285.000000  10.000000  -15.000000
  2387  0  0  0  -285.000000  10.000000  -10.000000
  2388  0  0  0  -285.000000  10.000000  -5.000000
  2389  0  0  0  -280.000000  10.000000  -25.000000
  2390  0  0  0  -280.000000  10.000000  -20.000000
  2391  0  0  0  -280.000000  10.000000  -15.000000
  2392  0  0  0  -280.000000  10.000000  -10.000000
  2393  0  0  0  -280.000000  10.000000  -5.000000
  2394  0  0  0  -275.000000  10.000000  -25.000000
  2395  0  0  0  -275.000000  10.000000  -20.000000
  2396  0  0  0  -275.000000  10.000000  -15.000000
  2397  0  0  0  -275.000000  10.000000  -10.000000
  2398  0  0  0  -275.000000  10.000000  -5.000000
  2399  0  0  0  -270.000000  10.000000  -25.000000
  2400  0  0  0  -270.000000  10.000000  -20.000000
  2401  0  0  0  -270.000000  10.000000  -15.000000
  2402  0  0  0  -270.000000  10.000000  -10.000000
  2403  0  0  0  -270.000000  10.000000  -5.000000
  2404  0  0  0  -265.000000  10.000000  -25.000000
  2405  0  0  0  -265.000000  10.000000  -20.000000
  2406  0  0  0  -265.000000  10.000000  -15.000000
  2407  0  0  0  -265.000000  10.000000  -10.000000
  2408  0  0  0  -265.000000  10.000000  -5.000000
  2409  0  0  0  -260.000000  10.000000  -25.000000
  2410  0  0  0  -260.000000  10.000000  -20.000000
  2411  0  0  0  -260.000000  10.000000  -15.000000
  2412  0  0  0  -260.000000  10.000000  -10.000000
  2413  0  0  0  -260.000000  10.000000  -5.000000
  2414  0  0  0  -255.000000  10.000000  -25.000000
  2415  0  0  0  -255.000000  10.000000  -20.000000
  2416  0  0  0  -255.000000  10.000000  -15.000000
  2417  0  0  0  -255.000000  10.000000  -10.000000
  2418  0  0  0  -255.000000  10.000000  -5.000000
  2419  0  0  0  -295.000000  -10.000000  -25.000000
  2420  0  0  0  -295.000000  -10.000000  -20.000000
  2421  0  0  0  -295.000000  -10.000000  -15.000000
  2422  0  0  0  -295.000000  -10.000000  -10.000000
  2423  0  0  0  -295.000000  -10.000000  -5.000000
  2424  0  0  0  -290.000000  -10.000000  -25.000000
  2425  0  0  0  -290.000000  -10.000000  -20.000000
  2426  0  0  0  -290.000000  -10.000000  -15.000000
  2427  0  0  0  -290.000000  -10.000000  -10.000000
  2428  0  0  0  -290.000000  -10.000000  -5.000000
  2429  0  0  0  -285.000000  -10.000000  -25.000000
  2430  0  0  0  -285.000000  -10.000000  -20.000000
  2431  0  0  0  -285.000000  -10.000000  -15.000000
  2432  0  0  0  -285.000000  -10.000000  -10.000000
  2433  0  0  0  -285.000000  -10.000000  -5.000000
  2434  0  0  0  -280.000000  -10.000000  -25.000000
  2435  0  0  0  -280.000000  -10.000000  -20.000000
  2436  0  0  0  -280.000000  -10.000000  -15.000000
  2437  0  0  0  -280.000000  -10.000000  -10.000000
  2438  0  0  0  -280.000000  -10.000000  -5.000000
  2439  0  0  0  -275.000000  -10.000000  -25.000000
  2440  0  0  0  -275.000000  -10.000000  -20.000000
  2441  0  0  0  -275.000000  -10.000000  -15.000000
  2442  0  0  0  -275.000000  -10.000000  -10.000000
  2443  0  0  0  -275.000000  -10.000000  -5.000000
  2444  0  0  0  -270.000000  -10.000000  -25.000000
  2445  0  0  0  -270.000000  -10.000000  -20.000000
  2446  0  0  0  -270.000000  -10.000000  -15.000000
  2447  0  0  0  -270.000000  -10.000000  -10.000000
  2448  0  0  0  -270.000000  -10.000000  -5.000000
  2449  0  0  0  -265.000000  -10.000000  -25.000000
  2450  0  0  0  -265.000000  -10.000000  -20.000000
  2451  0  0  0  -265.000000  -10.000000  -15.000000
  2452  0  0  0  -265.000000  -10.000000  -10.000000
  2453  0  0  0  -265.000000  -10.000000  -5.000000
  2454  0  0  0  -260.000000  -10.000000  -25.000000
  2455  0  0  0  -260.000000  -10.000000  -20.000000
  2456  0  0  0  -260.000000  -10.000000  -15.000000
  2457  0  0  0  -260.000000  -10.000000  -10.000000
  2458  0  0  0  -260.000000  -10.000000  -5.000000
  2459  0  0  0  -255.000000  -10.000000  -25.000000
  2460  0  0  0  -255.000000  -10.000000  -20.000000
  2461  0  0  0  -255.000000  -10.000000  -15.000000
  2462  0  0  0  -255.000000  -10.000000  -10.000000
  2463  0  0  0  -255.000000  -10.000000  -5.000000
  2464  0  0  0  -295.000000  5.000000  -30.000000
  2465  0  0  0  -295.000000  0.000000  -30.000000
  2466  0  0  0  -295.000000  -5.000000  -30.000000
  2467  0  0  0  -290.000000  5.000000  -30.000000
  2468  0  0  0  -290.000000  0.000000  -30.000000
  2469  0  0  0  -290.000000  -5.000000  -30.000000
  2470  0  0  0  -285.000000  5.000000  -30.000000
  2471  0  0  0  -285.000000  0.000000  -30.000000
  2472  0  0  0  -285.000000  -5.000000  -30.000000
  2473  0  0  0  -280.000000  5.000000  -30.000000
  2474  0  0  0  -280.000000  0.000000  -30.000000
  2475  0  0  0  -280.000000  -5.000000  -30.000000
  2476  0  0  0  -275.000000  5.000000  -30.000000
  2477  0  0  0  -275.000000  0.000000  -30.000000
  2478  0  0  0  -275.000000  -5.000000  -30.000000
  2479  0  0  0  -270.000000  5.000000  -30.000000
  2480  0  0  0  -270.000000  0.000000  -30.000000
  2481  0  0  0  -270.000000  -5.000000  -30.000000
  2482  0  0  0  -265.000000  5.000000  -30.000000
  2483  0  0  0  -265.000000  0.000000  -30.000000
  2484  0  0  0  -265.000000  -5.000000  -30.000000
  2485  0  0  0  -260.000000  5.000000  -30.000000
  2486  0  0  0  -260.000000  0.000000  -30.000000
  2487  0  0  0  -260.000000  -5.000000  -30.000000
  2488  0  0  0  -255.000000  5.000000  -30.000000
  2489  0  0  0  -255.000000  0.000000  -30.000000
  2490  0  0  0  -255.000000  -5.000000  -30.000000
  2491  0  0  0  -295.000000  5.000000  0.000000
  2492  0  0  0  -295.000000  0.000000  0.000000
  2493  0  0  0  -295.000000  -5.000000  0.000000
  2494  0  0  0  -290.000000  5.000000  0.000000
  2495  0  0  0  -290.000000  0.000000  0.000000
  2496  0  0  0  -290.000000  -5.000000  0.000000
  2497  0  0  0  -285.000000  5.000000  0.000000
  2498  0  0  0  -285.000000  0.000000  0.000000
  2499  0  0  0  -285.000000  -5.000000  0.000000
  2500  0  0  0  -280.000000  5.000000  0.000000
  2501  0  0  0  -280.000000  0.000000  0.000000
  2502  0  0  0  -280.000000  -5.000000  0.000000
  2503  0  0  0  -275.000000  5.000000  0.000000
  2504  0  0  0  -275.000000  0.000000  0.000000
  2505  0  0  0  -275.000000  -5.000000  0.000000
  2506  0  0  0  -270.000000  5.000000  0.000000
  2507  0  0  0  -270.000000  0.000000  0.000000
  2508  0  0  0  -270.000000  -5.000000  0.000000
  2509  0  0  0  -265.000000  5.000000  0.000000
  2510  0  0  0  -265.000000  0.000000  0.000000
  2511  0  0  0  -265.000000  -5.000000  0.000000
  2512  0  0  0  -260.000000  5.000000  0.000000
  2513  0  0  0  -260.000000  0.000000  0.000000
  2514  0  0  0  -260.000000  -5.000000  0.000000
  2515  0  0  0  -255.000000  5.000000  0.000000
  2516  0  0  0  -255.000000  0.000000  0.000000
  2517  0  0  0  -255.000000  -5.000000  0.000000
  2518  0  0  0  -300.000000  -5.000000  -35.000000
  2519  0  0  0  -300.000000  0.000000  -35.000000
  2520  0  0  0  -300.000000  5.000000  -35.000000
  2521  0  0  0  -300.000000  -5.000000  -40.000000
  2522  0  0  0  -300.000000  0.000000  -40.000000
  2523  0  0  0  -300.000000  5.000000  -40.000000
  2524  0  0  0  -300.000000  -5.000000  -45.000000
  2525  0  0  0  -300.000000  0.000000  -45.000000
  2526  0  0  0  -300.000000  5.000000  -45.000000
  2527  0  0  0  -250.000000  -5.000000  -35.000000
  2528  0  0  0  -250.000000  0.000000  -35.000000
  2529  0  0  0  -250.000000  5.000000  -35.000000
  2530  0  0  0  -250.000000  -5.000000  -40.000000
  2531  0  0  0  -250.000000  0.000000  -40.000000
  2532  0  0  0  -250.000000  5.000000  -40.000000
  2533  0  0  0  -250.000000  -5.000000  -45.000000
  2534  0  0  0  -250.000000  0.000000  -45.000000
  2535  0  0  0  -250.000000  5.000000  -45.000000
  2536  0  0  0  -295.000000  -10.000000  -35.000000
  2537  0  0  0  -295.000000  -10.000000  -40.000000
  2538  0  0  0  -295.000000  -10.000000  -45.000000
  2539  0  0  0  -290.000000  -10.000000  -35.000000
  2540  0  0  0  -290.000000  -10.000000  -40.000000
  2541  0  0  0  -290.000000  -10.000000  -45.000000
  2542  0  0  0  -285.000000  -10.000000  -35.000000
  2543  0  0  0  -285.000000  -10.000000  -40.000000
  2544  0  0  0  -285.000000  -10.000000  -45.000000
  2545  0  0  0  -280.000000  -10.000000  -35.000000
  2546  0  0  0  -280.000000  -10.000000  -40.000000
  2547  0  0  0  -280.000000  -10.000000  -45.000000
  2548  0  0  0  -275.000000  -10.000000  -35.000000
  2549  0  0  0  -275.000000  -10.000000  -40.000000
  2550  0  0  0  -275.000000  -10.000000  -45.000000
  2551  0  0  0  -270.000000  -10.000000  -35.000000
  2552  0  0  0  -270.000000  -10.000000  -40.000000
  2553  0  0  0  -270.000000  -10.000000  -45.000000
  2554  0  0  0  -265.000000  -10.000000  -35.000000
  2555  0  0  0  -265.000000  -10.000000  -40.000000
  2556  0  0  0  -265.000000  -10.000000  -45.000000
  2557  0  0  0  -260.000000  -10.000000  -35.000000
  2558  0  0  0  -260.000000  -10.000000  -40.000000
  2559  0  0  0  -260.000000  -10.000000  -45.000000
  2560  0  0  0  -255.000000  -10.000000  -35.000000
  2561  0  0  0  -255.000000  -10.000000  -40.000000
  2562  0  0  0  -255.000000  -10.000000  -45.000000
  2563  0  0  0  -295.000000  10.000000  -35.000000
  2564  0  0  0  -295.000000  10.000000  -40.000000
  2565  0  0  0  -295.000000  10.000000  -45.000000
  2566  0  0  0  -290.000000  10.000000  -35.000000
  2567  0  0  0  -290.000000  10.000000  -40.000000
  2568  0  0  0  -290.000000  10.000000  -45.000000
  2569  0  0  0  -285.000000  10.000000  -35.000000
  2570  0  0  0  -285.000000  10.000000  -40.000000
  2571  0  0  0  -285.000000  10.000000  -45.000000
  2572  0  0  0  -280.000000  10.000000  -35.000000
  2573  0  0  0  -280.000000  10.000000  -40.000000
  2574  0  0  0  -280.000000  10.000000  -45.000000
  2575  0  0  0  -275.000000  10.000000  -35.000000
  2576  0  0  0  -275.000000  10.000000  -40.000000
  2577  0  0  0  -275.000000  10.000000  -45.000000
  2578  0  0  0  -270.000000  10.000000  -35.000000
  2579  0  0  0  -270.000000  10.000000  -40.000000
  2580  0  0  0  -270.000000  10.000000  -45.000000
  2581  0  0  0  -265.000000  10.000000  -35.000000
  2582  0  0  0  -265.000000  10.000000  -40.000000
  2583  0  0  0  -265.000000  10.000000  -45.000000
  2584  0  0  0  -260.000000  10.000000  -35.000000
  2585  0  0  0  -260.000000  10.000000  -40.000000
  2586  0  0  0  -260.000000  10.000000  -45.000000
  2587  0  0  0  -255.000000  10.000000  -35.000000
  2588  0  0  0  -255.000000  10.000000  -40.000000
  2589  0  0  0  -255.000000  10.000000  -45.000000
  2590  1  1  1  -295.000000  -5.000000  -50.000000
  2591  1  1  1  -295.000000  0.000000  -50.000000
  2592  1  1  1  -295.000000  5.000000  -50.000000
  2593  1  1  1  -290.000000  -5.000000  -50.000000
  2594  1  1  1  -290.000000  0.000000  -50.000000
  2595  1  1  1  -290.000000  5.000000  -50.000000
  2596  1  1  1  -285.000000  -5.000000  -50.000000
  2597  1  1  1  -285.000000  0.000000  -50.000000
  2598  1  1  1  -285.000000  5.000000  -50.000000
  2599  1  1  1  -280.000000  -5.000000  -50.000000
  2600  1  1  1  -280.000000  0.000000  -50.000000
  2601  1  1  1  -280.000000  5.000000  -50.000000
  2602  1  1  1  -275.000000  -5.000000  -50.000000
  2603  1  1  1  -275.000000  0.000000  -50.000000
  2604  1  1  1  -275.000000  5.000000  -50.000000
  2605  1  1  1  -270.000000  -5.000000  -50.000000
  2606  1  1  1  -270.000000  0.000000  -50.000000
  2607  1  1  1  -270.000000  5.000000  -50.000000
  2608  1  1  1  -265.000000  -5.000000  -50.000000
  2609  1  1  1  -265.000000  0.000000  -50.000000
  2610  1  1  1  -265.000000  5.000000  -50.000000
  2611  1  1  1  -260.000000  -5.000000  -50.000000
  2612  1  1  1  -260.000000  0.000000  -50.000000
  2613  1  1  1  -260.000000  5.000000  -50.000000
  2614  1  1  1  -255.000000  -5.000000  -50.000000
  2615  1  1  1  -255.000000  0.000000  -50.000000
  2616  1  1  1  -255.000000  5.000000  -50.000000
  2617  0  0  0  -295.000000  5.000000  -25.000000
  2618  0  0  0  -295.000000  0.000000  -25.000000
  2619  0  0  0  -295.000000  -5.000000  -25.000000
  2620  0  0  0  -295.000000  5.000000  -20.000000
  2621  0  0  0  -295.000000  0.000000  -20.000000
  2622  0  0  0  -295.000000  -5.000000  -20.000000
  2623  0  0  0  -295.000000  5.000000  -15.000000
  2624  0  0  0  -295.000000  0.000000  -15.000000
  2625  0  0  0  -295.000000  -5.000000  -15.000000
  2626  0  0  0  -295.000000  5.000000  -10.000000
  2627  0  0  0  -295.000000  0.000000  -10.000000
  2628  0  0  0  -295.000000  -5.000000  -10.000000
  2629  0  0  0  -295.000000  5.000000  -5.000000
  2630  0  0  0  -295.000000  0.000000  -5.000000
  2631  0  0  0  -295.000000  -5.000000  -5.000000
  2632  0  0  0  -290.000000  5.000000  -25.000000
  2633  0  0  0  -290.000000  0.000000  -25.000000
  2634  0  0  0  -290.000000  -5.000000  -25.000000
  2635  0  0  0  -290.000000  5.000000  -20.000000
  2636  0  0  0  -290.000000  0.000000  -20.000000
  2637  0  0  0  -290.000000  -5.000000  -20.000000
  2638  0  0  0  -290.000000  5.000000  -15.000000
  2639  0  0  0  -290.000000  0.000000  -15.000000
  2640  0  0  0  -290.000000  -5.000000  -15.000000
  2641  0  0  0  -290.000000  5.000000  -10.000000
  2642  0  0  0  -290.000000  0.000000  -10.000000
  2643  0  0  0  -290.000000  -5.000000  -10.000000
  2644  0  0  0  -290.000000  5.000000  -5.000000
  2645  0  0  0  -290.000000  0.000000  -5.000000
  2646  0  0  0  -290.000000  -5.000000  -5.000000
  2647  0  0  0  -285.000000  5.000000  -25.000000
  2648  0  0  0  -285.000000  0.000000  -25.000000
  2649  0  0  0  -285.000000  -5.000000  -25.000000
  2650  0  0  0  -285.000000  5.000000  -20.000000
  2651  0  0  0  -285.000000  0.000000  -20.000000
  2652  0  0  0  -285.000000  -5.000000  -20.000000
  2653  0  0  0  -285.000000  5.000000  -15.000000
  2654  0  0  0  -285.000000  0.000000  -15.000000
  2655  0  0  0  -285.000000  -5.000000  -15.000000
  2656  0  0  0  -285.000000  5.000000  -10.000000
  2657  0  0  0  -285.000000  0.000000  -10.000000
  2658  0  0  0  -285.000000  -5.000000  -10.000000
  2659  0  0  0  -285.000000  5.000000  -5.000000
  2660  0  0  0  -285.000000  0.000000  -5.000000
  2661  0  0  0  -285.000000  -5.000000  -5.000000
  2662  0  0  0  -280.000000  5.000000  -25.000000
  2663  0  0  0  -280.000000  0.000000  -25.000000
  2664  0  0  0  -280.000000  -5.000000  -25.000000
  2665  0  0  0  -280.000000  5.000000  -20.000000
  2666  0  0  0  -280.000000  0.000000  -20.000000
  2667  0  0  0  -280.000000  -5.000000  -20.000000
  2668  0  0  0  -280.000000  5.000000  -15.000000
  2669  0  0  0  -280.000000  0.000000  -15.000000
  2670  0  0  0  -280.000000  -5.000000  -15.000000
  2671  0  0  0  -280.000000  5.000000  -10.000000
  2672  0  0  0  -280.000000  0.000000  -10.000000
  2673  0  0  0  -280.000000  -5.000000  -10.000000
  2674  0  0  0  -280.000000  5.000000  -5.000000
  2675  0  0  0  -280.000000  0.000000  -5.000000
  2676  0  0  0  -280.000000  -5.000000  -5.000000
  2677  0  0  0  -275.000000  5.000000  -25.000000
  2678  0  0  0  -275.000000  0.000000  -25.000000
  2679  0  0  0  -275.000000  -5.000000  -25.000000
  2680  0  0  0  -275.000000  5.000000  -20.000000
  2681  0  0  0  -275.000000  0.000000  -20.000000
  2682  0  0  0  -275.000000  -5.000000  -20.000000
  2683  0  0  0  -275.000000  5.000000  -15.000000
  2684  0  0  0  -275.000000  0.000000  -15.000000
  2685  0  0  0  -275.000000  -5.000000  -15.000000
  2686  0  0  0  -275.000000  5.000000  -10.000000
  2687  0  0  0  -275.000000  0.000000  -10.000000
  2688  0  0  0  -275.000000  -5.000000  -10.000000
  2689  0  0  0  -275.000000  5.000000  -5.000000
  2690  0  0  0  -275.000000  0.000000  -5.000000
  2691  0  0  0  -275.000000  -5.000000  -5.000000
  2692  0  0  0  -270.000000  5.000000  -25.000000
  2693  0  0  0  -270.000000  0.000000  -25.000000
  2694  0  0  0  -270.000000  -5.000000  -25.000000
  2695  0  0  0  -270.000000  5.000000  -20.000000
  2696  0  0  0  -270.000000  0.000000  -20.000000
  2697  0  0  0  -270.000000  -5.000000  -20.000000
  2698  0  0  0  -270.000000  5.000000  -15.000000
  2699  0  0  0  -270.000000  0.000000  -15.000000
  2700  0  0  0  -270.000000  -5.000000  -15.000000
  2701  0  0  0  -270.000000  5.000000  -10.000000
  2702  0  0  0  -270.000000  0.000000  -10.000000
  2703  0  0  0  -270.000000  -5.000000  -10.000000
  2704  0  0  0  -270.000000  5.000000  -5.000000
  2705  0  0  0  -270.000000  0.000000  -5.000000
  2706  0  0  0  -270.000000  -5.000000  -5.000000
  2707  0  0  0  -265.000000  5.000000  -25.000000
  2708  0  0  0  -265.000000  0.000000  -25.000000
  2709  0  0  0  -265.000000  -5.000000  -25.000000
  2710  0  0  0  -265.000000  5.000000  -20.000000
  2711  0  0  0  -265.000000  0.000000  -20.000000
  2712  0  0  0  -265.000000  -5.000000  -20.000000
  2713  0  0  0  -265.000000  5.000000  -15.000000
  2714  0  0  0  -265.000000  0.000000  -15.000000
  2715  0  0  0  -265.000000  -5.000000  -15.000000
  2716  0  0  0  -265.000000  5.000000  -10.000000
  2717  0  0  0  -265.000000  0.000000  -10.000000
  2718  0  0  0  -265.000000  -5.000000  -10.000000
  2719  0  0  0  -265.000000  5.000000  -5.000000
  2720  0  0  0  -265.000000  0.000000  -5.000000
  2721  0  0  0  -265.000000  -5.000000  -5.000000
  2722  0  0  0  -260.000000  5.000000  -25.000000
  2723  0  0  0  -260.000000  0.000000  -25.000000
  2724  0  0  0  -260.000000  -5.000000  -25.000000
  2725  0  0  0  -260.000000  5.000000  -20.000000
  2726  0  0  0  -260.000000  0.000000  -20.000000
  2727  0  0  0  -260.000000  -5.000000  -20.000000
  2728  0  0  0  -260.000000  5.000000  -15.000000
  2729  0  0  0  -260.000000  0.000000  -15.000000
  2730  0  0  0  -260.000000  -5.000000  -15.000000
  2731  0  0  0  -260.000000  5.000000  -10.000000
  2732  0  0  0  -260.000000  0.000000  -10.000000
  2733  0  0  0  -260.000000  -5.000000  -10.000000
  2734  0  0  0  -260.000000  5.000000  -5.000000
  2735  0  0  0  -260.000000  0.000000  -5.000000
  2736  0  0  0  -260.000000  -5.000000  -5.000000
  2737  0  0  0  -255.000000  5.000000  -25.000000
  2738  0  0  0  -255.000000  0.000000  -25.000000
  2739  0  0  0  -255.000000  -5.000000  -25.000000
  2740  0  0  0  -255.000000  5.000000  -20.000000
  2741  0  0  0  -255.000000  0.000000  -20.000000
  2742  0  0  0  -255.000000  -5.000000  -20.000000
  2743  0  0  0  -255.000000  5.000000  -15.000000
  2744  0  0  0  -255.000000  0.000000  -15.000000
  2745  0  0  0  -255.000000  -5.000000  -15.000000
  2746  0  0  0  -255.000000  5.000000  -10.000000
  2747  0  0  0  -255.000000  0.000000  -10.000000
  2748  0  0  0  -255.000000  -5.000000  -10.000000
  2749  0  0  0  -255.000000  5.000000  -5.000000
  2750  0  0  0  -255.000000  0.000000  -5.000000
  2751  0  0  0  -255.000000  -5.000000  -5.000000
  2752  0  0  0  -295.000000  -5.000000  -35.000000
  2753  0  0  0  -295.000000  0.000000  -35.000000
  2754  0  0  0  -295.000000  5.000000  -35.000000
  2755  0  0  0  -295.000000  -5.000000  -40.000000
  2756  0  0  0  -295.000000  0.000000  -40.000000
  2757  0  0  0  -295.000000  5.000000  -40.000000
  2758  0  0  0  -295.000000  -5.000000  -45.000000
  2759  0  0  0  -295.000000  0.000000  -45.000000
  2760  0  0  0  -295.000000  5.000000  -45.000000
  2761  0  0  0  -290.000000  -5.000000  -35.000000
  2762  0  0  0  -290.000000  0.000000  -35.000000
  2763  0  0  0  -290.000000  5.000000  -35.000000
  2764  0  0  0  -290.000000  -5.000000  -40.000000
  2765  0  0  0  -290.000000  0.000000  -40.000000
  2766  0  0  0  -290.000000  5.000000  -40.000000
  2767  0  0  0  -290.000000  -5.000000  -45.000000
  2768  0  0  0  -290.000000  0.000000  -45.000000
  2769  0  0  0  -290.000000  5.000000  -45.000000
  2770  0  0  0  -285.000000  -5.000000  -35.000000
  2771  0  0  0  -285.000000  0.000000  -35.000000
  2772  0  0  0  -285.000000  5.000000  -35.000000
  2773  0  0  0  -285.000000  -5.000000  -40.000000
  2774  0  0  0  -285.000000  0.000000  -40.000000
  2775  0  0  0  -285.000000  5.000000  -40.000000
  2776  0  0  0  -285.000000  -5.000000  -45.000000
  2777  0  0  0  -285.000000  0.000000  -45.000000
  2778  0  0  0  -285.000000  5.000000  -45.000000
  2779  0  0  0  -280.000000  -5.000000  -35.000000
  2780  0  0  0  -280.000000  0.000000  -35.000000
  2781  0  0  0  -280.000000  5.000000  -35.000000
  2782  0  0  0  -280.000000  -5.000000  -40.000000
  2783  0  0  0  -280.000000  0.000000  -40.000000
  2784  0  0  0  -280.000000  5.000000  -40.000000
  2785  0  0  0  -280.000000  -5.000000  -45.000000
  2786  0  0  0  -280.000000  0.000000  -45.000000
  2787  0  0  0  -280.000000  5.000000  -45.000000
  2788  0  0  0  -275.000000  -5.000000  -35.000000
  2789  0  0  0  -275.000000  0.000000  -35.000000
  2790  0  0  0  -275.000000  5.000000  -35.000000
  2791  0  0  0  -275.000000  -5.000000  -40.000000
  2792  0  0  0  -275.000000  0.000000  -40.000000
  2793  0  0  0  -275.000000  5.000000  -40.000000
  2794  0  0  0  -275.000000  -5.000000  -45.000000
  2795  0  0  0  -275.000000  0.000000  -45.000000
  2796  0  0  0  -275.000000  5.000000  -45.000000
  2797  0  0  0  -270.000000  -5.000000  -35.000000
  2798  0  0  0  -270.000000  0.000000  -35.000000
  2799  0  0  0  -270.000000  5.000000  -35.000000
  2800  0  0  0  -270.000000  -5.000000  -40.000000
  2801  0  0  0  -270.000000  0.000000  -40.000000
  2802  0  0  0  -270.000000  5.000000  -40.000000
  2803  0  0  0  -270.000000  -5.000000  -45.000000
  2804  0  0  0  -270.000000  0.000000  -45.000000
  2805  0  0  0  -270.000000  5.000000  -45.000000
  2806  0  0  0  -265.000000  -5.000000  -35.000000
  2807  0  0  0  -265.000000  0.000000  -35.000000
  2808  0  0  0  -265.000000  5.000000  -35.000000
  2809  0  0  0  -265.000000  -5.000000  -40.000000
  2810  0  0  0  -265.000000  0.000000  -40.000000
  2811  0  0  0  -265.000000  5.000000  -40.000000
  2812  0  0  0  -265.000000  -5.000000  -45.000000
  2813  0  0  0  -265.000000  0.000000  -45.000000
  2814  0  0  0  -265.000000  5.000000  -45.000000
  2815  0  0  0  -260.000000  -5.000000  -35.000000
  2816  0  0  0  -260.000000  0.000000  -35.000000
  2817  0  0  0  -260.000000  5.000000  -35.000000
  2818  0  0  0  -260.000000  -5.000000  -40.000000
  2819  0  0  0  -260.000000  0.000000  -40.000000
  2820  0  0  0  -260.000000  5.000000  -40.000000
  2821  0  0  0  -260.000000  -5.000000  -45.000000
  2822  0  0  0  -260.000000  0.000000  -45.000000
  2823  0  0  0  -260.000000  5.000000  -45.000000
  2824  0  0  0  -255.000000  -5.000000  -35.000000
  2825  0  0  0  -255.000000  0.000000  -35.000000
  2826  0  0  0  -255.000000  5.000000  -35.000000
  2827  0  0  0  -255.000000  -5.000000  -40.000000
  2828  0  0  0  -255.000000  0.000000  -40.000000
  2829  0  0  0  -255.000000  5.000000  -40.000000
  2830  0  0  0  -255.000000  -5.000000  -45.000000
  2831  0  0  0  -255.000000  0.000000  -45.000000
  2832  0  0  0  -255.000000  5.000000  -45.000000
  2833  0  0  0  250.000000  10.000000  -30.000000
  2834  0  0  0  250.000000  -10.000000  -30.000000
  2835  0  0  0  250.000000  -10.000000  0.000000
  2836  0  0  0  250.000000  10.000000  0.000000
  2837  0  0  0  300.000000  -10.000000  -30.000000
  2838  0  0  0  300.000000  -10.000000  0.000000
  2839  0  0  0  300.000000  10.000000  0.000000
  2840  0  0  0  300.000000  10.000000  -30.000000
  2841  1  1  1  250.000000  10.000000  -50.000000
  2842  1  1  1  250.000000  -10.000000  -50.000000
  2843  1  1  1  300.000000  10.000000  -50.000000
  2844  1  1  1  300.000000  -10.000000  -50.000000
  2845  0  0  0  250.000000  5.000000  -30.000000
  2846  0  0  0  250.000000  0.000000  -30.000000
  2847  0  0  0  250.000000  -5.000000  -30.000000
  2848  0  0  0  250.000000  -10.000000  -25.000000
  2849  0  0  0  250.000000  -10.000000  -20.000000
  2850  0  0  0  250.000000  -10.000000  -15.000000
  2851  0  0  0  250.000000  -10.000000  -10.000000
  2852  0  0  0  250.000000  -10.000000  -5.000000
  2853  0  0  0  250.000000  -5.000000  0.000000
  2854  0  0  0  250.000000  0.000000  0.000000
  2855  0  0  0  250.000000  5.000000  0.000000
  2856  0  0  0  250.000000  10.000000  -5.000000
  2857  0  0  0  250.000000  10.000000  -10.000000
  2858  0  0  0  250.000000  10.000000  -15.000000
  2859  0  0  0  250.000000  10.000000  -20.000000
  2860  0  0  0  250.000000  10.000000  -25.000000
  2861  0  0  0  300.000000  -5.000000  -30.000000
  2862  0  0  0  300.000000  0.000000  -30.000000
  2863  0  0  0  300.000000  5.000000  -30.000000
  2864  0  0  0  300.000000  -10.000000  -5.000000
  2865  0  0  0  300.000000  -10.000000  -10.000000
  2866  0  0  0  300.000000  -10.000000  -15.000000
  2867  0  0  0  300.000000  -10.000000  -20.000000
  2868  0  0  0  300.000000  -10.000000  -25.000000
  2869  0  0  0  300.000000  5.000000  0.000000
  2870  0  0  0  300.000000  0.000000  0.000000
  2871  0  0  0  300.000000  -5.000000  0.000000
  2872  0  0  0  300.000000  10.000000  -25.000000
  2873  0  0  0  300.000000  10.000000  -20.000000
  2874  0  0  0  300.000000  10.000000  -15.000000
  2875  0  0  0  300.000000  10.000000  -10.000000
  2876  0  0  0  300.000000  10.000000  -5.000000
  2877  0  0  0  255.000000  10.000000  0.000000
  2878  0  0  0  260.000000  10.000000  0.000000
  2879  0  0  0  265.000000  10.000000  0.000000
  2880  0  0  0  270.000000  10.000000  0.000000
  2881  0  0  0  275.000000  10.000000  0.000000
  2882  0  0  0  280.000000  10.000000  0.000000
  2883  0  0  0  285.000000  10.000000  0.000000
  2884  0  0  0  290.000000  10.000000  0.000000
  2885  0  0  0  295.000000  10.000000  0.000000
  2886  0  0  0  295.000000  10.000000  -30.000000
  2887  0  0  0  290.000000  10.000000  -30.000000
  2888  0  0  0  285.000000  10.000000  -30.000000
  2889  0  0  0  280.000000  10.000000  -30.000000
  2890  0  0  0  275.000000  10.000000  -30.000000
  2891  0  0  0  270.000000  10.000000  -30.000000
  2892  0  0  0  265.000000  10.000000  -30.000000
  2893  0  0  0  260.000000  10.000000  -30.000000
  2894  0  0  0  255.000000  10.000000  -30.000000
  2895  0  0  0  295.000000  -10.000000  0.000000
  2896  0  0  0  290.000000  -10.000000  0.000000
  2897  0  0  0  285.000000  -10.000000  0.000000
  2898  0  0  0  280.000000  -10.000000  0.000000
  2899  0  0  0  275.000000  -10.000000  0.000000
  2900  0  0  0  270.000000  -10.000000  0.000000
  2901  0  0  0  265.000000  -10.000000  0.000000
  2902  0  0  0  260.000000  -10.000000  0.000000
  2903  0  0  0  255.000000  -10.000000  0.000000
  2904  0  0  0  255.000000  -10.000000  -30.000000
  2905  0  0  0  260.000000  -10.000000  -30.000000
  2906  0  0  0  265.000000  -10.000000  -30.000000
  2907  0  0  0  270.000000  -10.000000  -30.000000
  2908  0  0  0  275.000000  -10.000000  -30.000000
  2909  0  0  0  280.000000  -10.000000  -30.000000
  2910  0  0  0  285.000000  -10.000000  -30.000000
  2911  0  0  0  290.000000  -10.000000  -30.000000
  2912  0  0  0  295.000000  -10.000000  -30.000000
  2913  0  0  0  250.000000  10.000000  -35.000000
  2914  0  0  0  250.000000  10.000000  -40.000000
  2915  0  0  0  250.000000  10.000000  -45.000000
  2916  1  1  1  250.000000  5.000000  -50.000000
  2917  1  1  1  250.000000  0.000000  -50.000000
  2918  1  1  1  250.000000  -5.000000  -50.000000
  2919  0  0  0  250.000000  -10.000000  -45.000000
  2920  0  0  0  250.000000  -10.000000  -40.000000
  2921  0  0  0  250.000000  -10.000000  -35.000000
  2922  0  0  0  300.000000  10.000000  -45.000000
  2923  0  0  0  300.000000  10.000000  -40.000000
  2924  0  0  0  300.000000  10.000000  -35.000000
  2925  1  1  1  300.000000  -5.000000  -50.000000
  2926  1  1  1  300.000000  0.000000  -50.000000
  2927  1  1  1  300.000000  5.000000  -50.000000
  2928  0  0  0  300.000000  -10.000000  -35.000000
  2929  0  0  0  300.000000  -10.000000  -40.000000
  2930  0  0  0  300.000000  -10.000000  -45.000000
  2931  1  1  1  255.000000  -10.000000  -50.000000
  2932  1  1  1  260.000000  -10.000000  -50.000000
  2933  1  1  1  265.000000  -10.000000  -50.000000
  2934  1  1  1  270.000000  -10.000000  -50.000000
  2935  1  1  1  275.000000  -10.000000  -50.000000
  2936  1  1  1  280.000000  -10.000000  -50.000000
  2937  1  1  1  285.000000  -10.000000  -50.000000
  2938  1  1  1  290.000000  -10.000000  -50.000000
  2939  1  1  1  295.000000  -10.000000  -50.000000
  2940  1  1  1  295.000000  10.000000  -50.000000
  2941  1  1  1  290.000000  10.000000  -50.000000
  2942  1  1  1  285.000000  10.000000  -50.000000
  2943  1  1  1  280.000000  10.000000  -50.000000
  2944  1  1  1  275.000000  10.000000  -50.000000
  2945  1  1  1  270.000000  10.000000  -50.000000
  2946  1  1  1  265.000000  10.000000  -50.000000
  2947  1  1  1  260.000000  10.000000  -50.000000
  2948  1  1  1  255.000000  10.000000  -50.000000
  2949  0  0  0  250.000000  5.000000  -25.000000
  2950  0  0  0  250.000000  0.000000  -25.000000
  2951  0  0  0  250.000000  -5.000000  -25.000000
  2952  0  0  0  250.000000  5.000000  -20.000000
  2953  0  0  0  250.000000  0.000000  -20.000000
  2954  0  0  0  250.000000  -5.000000  -20.000000
  2955  0  0  0  250.000000  5.000000  -15.000000
  2956  0  0  0  250.000000  0.000000  -15.000000
  2957  0  0  0  250.000000  -5.000000  -15.000000
  2958  0  0  0  250.000000  5.000000  -10.000000
  2959  0  0  0  250.000000  0.000000  -10.000000
  2960  0  0  0  250.000000  -5.000000  -10.000000
  2961  0  0  0  250.000000  5.000000  -5.000000
  2962  0  0  0  250.000000  0.000000  -5.000000
  2963  0  0  0  250.000000  -5.000000  -5.000000
  2964  0  0  0  300.000000  5.000000  -25.000000
  2965  0  0  0  300.000000  0.000000  -25.000000
  2966  0  0  0  300.000000  -5.000000  -25.000000
  2967  0  0  0  300.000000  5.000000  -20.000000
  2968  0  0  0  300.000000  0.000000  -20.000000
  2969  0  0  0  300.000000  -5.000000  -20.000000
  2970  0  0  0  300.000000  5.000000  -15.000000
  2971  0  0  0  300.000000  0.000000  -15.000000
  2972  0  0  0  300.000000  -5.000000  -15.000000
  2973  0  0  0  300.000000  5.000000  -10.000000
  2974  0  0  0  300.000000  0.000000  -10.000000
  2975  0  0  0  300.000000  -5.000000  -10.000000
  2976  0  0  0  300.000000  5.000000  -5.000000
  2977  0  0  0  300.000000  0.000000  -5.000000
  2978  0  0  0  300.000000  -5.000000  -5.000000
  2979  0  0  0  255.000000  10.000000  -25.000000
  2980  0  0  0  255.000000  10.000000  -20.000000
  2981  0  0  0  255.000000  10.000000  -15.000000
  2982  0  0  0  255.000000  10.000000  -10.000000
  2983  0  0  0  255.000000  10.000000  -5.000000
  2984  0  0  0  260.000000  10.000000  -25.000000
  2985  0  0  0  260.000000  10.000000  -20.000000
  2986  0  0  0  260.000000  10.000000  -15.000000
  2987  0  0  0  260.000000  10.000000  -10.000000
  2988  0  0  0  260.000000  10.000000  -5.000000
  2989  0  0  0  265.000000  10.000000  -25.000000
  2990  0  0  0  265.000000  10.000000  -20.000000
  2991  0  0  0  265.000000  10.000000  -15.000000
  2992  0  0  0  265.000000  10.000000  -10.000000
  2993  0  0  0  265.000000  10.000000  -5.000000
  2994  0  0  0  270.000000  10.000000  -25.000000
  2995  0  0  0  270.000000  10.000000  -20.000000
  2996  0  0  0  270.000000  10.000000  -15.000000
  2997  0  0  0  270.000000  10.000000  -10.000000
  2998  0  0  0  270.000000  10.000000  -5.000000
  2999  0  0  0  275.000000  10.000000  -25.000000
  3000  0  0  0  275.000000  10.000000  -20.000000
  3001  0  0  0  275.000000  10.000000  -15.000000
  3002  0  0  0  275.000000  10.000000  -10.000000
  3003  0  0  0  275.000000  10.000000  -5.000000
  3004  0  0  0  280.000000  10.000000  -25.000000
  3005  0  0  0  280.000000  10.000000  -20.000000
  3006  0  0  0  280.000000  10.000000  -15.000000
  3007  0  0  0  280.000000  10.000000  -10.000000
  3008  0  0  0  280.000000  10.000000  -5.000000
  3009  0  0  0  285.000000  10.000000  -25.000000
  3010  0  0  0  285.000000  10.000000  -20.000000
  3011  0  0  0  285.000000  10.000000  -15.000000
  3012  0  0  0  285.000000  10.000000  -10.000000
  3013  0  0  0  285.000000  10.000000  -5.000000
  3014  0  0  0  290.000000  10.000000  -25.000000
  3015  0  0  0  290.000000  10.000000  -20.000000
  3016  0  0  0  290.000000  10.000000  -15.000000
  3017  0  0  0  290.000000  10.000000  -10.000000
  3018  0  0  0  290.000000  10.000000  -5.000000
  3019  0  0  0  295.000000  10.000000  -25.000000
  3020  0  0  0  295.000000  10.000000  -20.000000
  3021  0  0  0  295.000000  10.000000  -15.000000
  3022  0  0  0  295.000000  10.000000  -10.000000
  3023  0  0  0  295.000000  10.000000  -5.000000
  3024  0  0  0  255.000000  -10.000000  -25.000000
  3025  0  0  0  255.000000  -10.000000  -20.000000
  3026  0  0  0  255.000000  -10.000000  -15.000000
  3027  0  0  0  255.000000  -10.000000  -10.000000
  3028  0  0  0  255.000000  -10.000000  -5.000000
  3029  0  0  0  260.000000  -10.000000  -25.000000
  3030  0  0  0  260.000000  -10.000000  -20.000000
  3031  0  0  0  260.000000  -10.000000  -15.000000
  3032  0  0  0  260.000000  -10.000000  -10.000000
  3033  0  0  0  260.000000  -10.000000  -5.000000
  3034  0  0  0  265.000000  -10.000000  -25.000000
  3035  0  0  0  265.000000  -10.000000  -20.000000
  3036  0  0  0  265.000000  -10.000000  -15.000000
  3037  0  0  0  265.000000  -10.000000  -10.000000
  3038  0  0  0  265.000000  -10.000000  -5.000000
  3039  0  0  0  270.000000  -10.000000  -25.000000
  3040  0  0  0  270.000000  -10.000000  -20.000000
  3041  0  0  0  270.000000  -10.000000  -15.000000
  3042  0  0  0  270.000000  -10.000000  -10.000000
  3043  0  0  0  270.000000  -10.000000  -5.000000
  3044  0  0  0  275.000000  -10.000000  -25.000000
  3045  0  0  0  275.000000  -10.000000  -20.000000
  3046  0  0  0  275.000000  -10.000000  -15.000000
  3047  0  0  0  275.000000  -10.000000  -10.000000
  3048  0  0  0  275.000000  -10.000000  -5.000000
  3049  0  0  0  280.000000  -10.000000  -25.000000
  3050  0  0  0  280.000000  -10.000000  -20.000000
  3051  0  0  0  280.000000  -10.000000  -15.000000
  3052  0  0  0  280.000000  -10.000000  -10.000000
  3053  0  0  0  280.000000  -10.000000  -5.000000
  3054  0  0  0  285.000000  -10.000000  -25.000000
  3055  0  0  0  285.000000  -10.000000  -20.000000
  3056  0  0  0  285.000000  -10.000000  -15.000000
  3057  0  0  0  285.000000  -10.000000  -10.000000
  3058  0  0  0  285.000000  -10.000000  -5.000000
  3059  0  0  0  290.000000  -10.000000  -25.000000
  3060  0  0  0  290.000000  -10.000000  -20.000000
  3061  0  0  0  290.000000  -10.000000  -15.000000
  3062  0  0  0  290.000000  -10.000000  -10.000000
  3063  0  0  0  290.000000  -10.000000  -5.000000
  3064  0  0  0  295.000000  -10.000000  -25.000000
  3065  0  0  0  295.000000  -10.000000  -20.000000
  3066  0  0  0  295.000000  -10.000000  -15.000000
  3067  0  0  0  295.000000  -10.000000  -10.000000
  3068  0  0  0  295.000000  -10.000000  -5.000000
  3069  0  0  0  255.000000  5.000000  -30.000000
  3070  0  0  0  255.000000  0.000000  -30.000000
  3071  0  0  0  255.000000  -5.000000  -30.000000
  3072  0  0  0  260.000000  5.000000  -30.000000
  3073  0  0  0  260.000000  0.000000  -30.000000
  3074  0  0  0  260.000000  -5.000000  -30.000000
  3075  0  0  0  265.000000  5.000000  -30.000000
  3076  0  0  0  265.000000  0.000000  -30.000000
  3077  0  0  0  265.000000  -5.000000  -30.000000
  3078  0  0  0  270.000000  5.000000  -30.000000
  3079  0  0  0  270.000000  0.000000  -30.000000
  3080  0  0  0  270.000000  -5.000000  -30.000000
  3081  0  0  0  275.000000  5.000000  -30.000000
  3082  0  0  0  275.000000  0.000000  -30.000000
  3083  0  0  0  275.000000  -5.000000  -30.000000
  3084  0  0  0  280.000000  5.000000  -30.000000
  3085  0  0  0  280.000000  0.000000  -30.000000
  3086  0  0  0  280.000000  -5.000000  -30.000000
  3087  0  0  0  285.000000  5.000000  -30.000000
  3088  0  0  0  285.000000  0.000000  -30.000000
  3089  0  0  0  285.000000  -5.000000  -30.000000
  3090  0  0  0  290.000000  5.000000  -30.000000
  3091  0  0  0  290.000000  0.000000  -30.000000
  3092  0  0  0  290.000000  -5.000000  -30.000000
  3093  0  0  0  295.000000  5.000000  -30.000000
  3094  0  0  0  295.000000  0.000000  -30.000000
  3095  0  0  0  295.000000  -5.000000  -30.000000
  3096  0  0  0  255.000000  5.000000  0.000000
  3097  0  0  0  255.000000  0.000000  0.000000
  3098  0  0  0  255.000000  -5.000000  0.000000
  3099  0  0  0  260.000000  5.000000  0.000000
  3100  0  0  0  260.000000  0.000000  0.000000
  3101  0  0  0  260.000000  -5.000000  0.000000
  3102  0  0  0  265.000000  5.000000  0.000000
  3103  0  0  0  265.000000  0.000000  0.000000
  3104  0  0  0  265.000000  -5.000000  0.000000
  3105  0  0  0  270.000000  5.000000  0.000000
  3106  0  0  0  270.000000  0.000000  0.000000
  3107  0  0  0  270.000000  -5.000000  0.000000
  3108  0  0  0  275.000000  5.000000  0.000000
  3109  0  0  0  275.000000  0.000000  0.000000
  3110  0  0  0  275.000000  -5.000000  0.000000
  3111  0  0  0  280.000000  5.000000  0.000000
  3112  0  0  0  280.000000  0.000000  0.000000
  3113  0  0  0  280.000000  -5.000000  0.000000
  3114  0  0  0  285.000000  5.000000  0.000000
  3115  0  0  0  285.000000  0.000000  0.000000
  3116  0  0  0  285.000000  -5.000000  0.000000
  3117  0  0  0  290.000000  5.000000  0.000000
  3118  0  0  0  290.000000  0.000000  0.000000
  3119  0  0  0  290.000000  -5.000000  0.000000
  3120  0  0  0  295.000000  5.000000  0.000000
  3121  0  0  0  295.000000  0.000000  0.000000
  3122  0  0  0  295.000000  -5.000000  0.000000
  3123  0  0  0  250.000000  -5.000000  -35.000000
  3124  0  0  0  250.000000  0.000000  -35.000000
  3125  0  0  0  250.000000  5.000000  -35.000000
  3126  0  0  0  250.000000  -5.000000  -40.000000
  3127  0  0  0  250.000000  0.000000  -40.000000
  3128  0  0  0  250.000000  5.000000  -40.000000
  3129  0  0  0  250.000000  -5.000000  -45.000000
  3130  0  0  0  250.000000  0.000000  -45.000000
  3131  0  0  0  250.000000  5.000000  -45.000000
  3132  0  0  0  300.000000  -5.000000  -35.000000
  3133  0  0  0  300.000000  0.000000  -35.000000
  3134  0  0  0  300.000000  5.000000  -35.000000
  3135  0  0  0  300.000000  -5.000000  -40.000000
  3136  0  0  0  300.000000  0.000000  -40.000000
  3137  0  0  0  300.000000  5.000000  -40.000000
  3138  0  0  0  300.000000  -5.000000  -45.000000
  3139  0  0  0  300.000000  0.000000  -45.000000
  3140  0  0  0  300.000000  5.000000  -45.000000
  3141  0  0  0  255.000000  -10.000000  -35.000000
  3142  0  0  0  255.000000  -10.000000  -40.000000
  3143  0  0  0  255.000000  -10.000000  -45.000000
  3144  0  0  0  260.000000  -10.000000  -35.000000
  3145  0  0  0  260.000000  -10.000000  -40.000000
  3146  0  0  0  260.000000  -10.000000  -45.000000
  3147  0  0  0  265.000000  -10.000000  -35.000000
  3148  0  0  0  265.000000  -10.000000  -40.000000
  3149  0  0  0  265.000000  -10.000000  -45.000000
  3150  0  0  0  270.000000  -10.000000  -35.000000
  3151  0  0  0  270.000000  -10.000000  -40.000000
  3152  0  0  0  270.000000  -10.000000  -45.000000
  3153  0  0  0  275.000000  -10.000000  -35.000000
  3154  0  0  0  275.000000  -10.000000  -40.000000
  3155  0  0  0  275.000000  -10.000000  -45.000000
  3156  0  0  0  280.000000  -10.000000  -35.000000
  3157  0  0  0  280.000000  -10.000000  -40.000000
  3158  0  0  0  280.000000  -10.000000  -45.000000
  3159  0  0  0  285.000000  -10.000000  -35.000000
  3160  0  0  0  285.000000  -10.000000  -40.000000
  3161  0  0  0  285.000000  -10.000000  -45.000000
  3162  0  0  0  290.000000  -10.000000  -35.000000
  3163  0  0  0  290.000000  -10.000000  -40.000000
  3164  0  0  0  290.000000  -10.000000  -45.000000
  3165  0  0  0  295.000000  -10.000000  -35.000000
  3166  0  0  0  295.000000  -10.000000  -40.000000
  3167  0  0  0  295.000000  -10.000000  -45.000000
  3168  0  0  0  255.000000  10.000000  -35.000000
  3169  0  0  0  255.000000  10.000000  -40.000000
  3170  0  0  0  255.000000  10.000000  -45.000000
  3171  0  0  0  260.000000  10.000000  -35.000000
  3172  0  0  0  260.000000  10.000000  -40.000000
  3173  0  0  0  260.000000  10.000000  -45.000000
  3174  0  0  0  265.000000  10.000000  -35.000000
  3175  0  0  0  265.000000  10.000000  -40.000000
  3176  0  0  0  265.000000  10.000000  -45.000000
  3177  0  0  0  270.000000  10.000000  -35.000000
  3178  0  0  0  270.000000  10.000000  -40.000000
  3179  0  0  0  270.000000  10.000000  -45.000000
  3180  0  0  0  275.000000  10.000000  -35.000000
  3181  0  0  0  275.000000  10.000000  -40.000000
  3182  0  0  0  275.000000  10.000000  -45.000000
  3183  0  0  0  280.000000  10.000000  -35.000000
  3184  0  0  0  280.000000  10.000000  -40.000000
  3185  0  0  0  280.000000  10.000000  -45.000000
  3186  0  0  0  285.000000  10.000000  -35.000000
  3187  0  0  0  285.000000  10.000000  -40.000000
  3188  0  0  0  285.000000  10.000000  -45.000000
  3189  0  0  0  290.000000  10.000000  -35.000000
  3190  0  0  0  290.000000  10.000000  -40.000000
  3191  0  0  0  290.000000  10.000000  -45.000000
  3192  0  0  0  295.000000  10.000000  -35.000000
  3193  0  0  0  295.000000  10.000000  -40.000000
  3194  0  0  0  295.000000  10.000000  -45.000000
  3195  1  1  1  255.000000  -5.000000  -50.000000
  3196  1  1  1  255.000000  0.000000  -50.000000
  3197  1  1  1  255.000000  5.000000  -50.000000
  3198  1  1  1  260.000000  -5.000000  -50.000000
  3199  1  1  1  260.000000  0.000000  -50.000000
  3200  1  1  1  260.000000  5.000000  -50.000000
  3201  1  1  1  265.000000  -5.000000  -50.000000
  3202  1  1  1  265.000000  0.000000  -50.000000
  3203  1  1  1  265.000000  5.000000  -50.000000
  3204  1  1  1  270.000000  -5.000000  -50.000000
  3205  1  1  1  270.000000  0.000000  -50.000000
  3206  1  1  1  270.000000  5.000000  -50.000000
  3207  1  1  1  275.000000  -5.000000  -50.000000
  3208  1  1  1  275.000000  0.000000  -50.000000
  3209  1  1  1  275.000000  5.000000  -50.000000
  3210  1  1  1  280.000000  -5.000000  -50.000000
  3211  1  1  1  280.000000  0.000000  -50.000000
  3212  1  1  1  280.000000  5.000000  -50.000000
  3213  1  1  1  285.000000  -5.000000  -50.000000
  3214  1  1  1  285.000000  0.000000  -50.000000
  3215  1  1  1  285.000000  5.000000  -50.000000
  3216  1  1  1  290.000000  -5.000000  -50.000000
  3217  1  1  1  290.000000  0.000000  -50.000000
  3218  1  1  1  290.000000  5.000000  -50.000000
  3219  1  1  1  295.000000  -5.000000  -50.000000
  3220  1  1  1  295.000000  0.000000  -50.000000
  3221  1  1  1  295.000000  5.000000  -50.000000
  3222  0  0  0  255.000000  5.000000  -25.000000
  3223  0  0  0  255.000000  0.000000  -25.000000
  3224  0  0  0  255.000000  -5.000000  -25.000000
  3225  0  0  0  255.000000  5.000000  -20.000000
  3226  0  0  0  255.000000  0.000000  -20.000000
  3227  0  0  0  255.000000  -5.000000  -20.000000
  3228  0  0  0  255.000000  5.000000  -15.000000
  3229  0  0  0  255.000000  0.000000  -15.000000
  3230  0  0  0  255.000000  -5.000000  -15.000000
  3231  0  0  0  255.000000  5.000000  -10.000000
  3232  0  0  0  255.000000  0.000000  -10.000000
  3233  0  0  0  255.000000  -5.000000  -10.000000
  3234  0  0  0  255.000000  5.000000  -5.000000
  3235  0  0  0  255.000000  0.000000  -5.000000
  3236  0  0  0  255.000000  -5.000000  -5.000000
  3237  0  0  0  260.000000  5.000000  -25.000000
  3238  0  0  0  260.000000  0.000000  -25.000000
  3239  0  0  0  260.000000  -5.000000  -25.000000
  3240  0  0  0  260.000000  5.000000  -20.000000
  3241  0  0  0  260.000000  0.000000  -20.000000
  3242  0  0  0  260.000000  -5.000000  -20.000000
  3243  0  0  0  260.000000  5.000000  -15.000000
  3244  0  0  0  260.000000  0.000000  -15.000000
  3245  0  0  0  260.000000  -5.000000  -15.000000
  3246  0  0  0  260.000000  5.000000  -10.000000
  3247  0  0  0  260.000000  0.000000  -10.000000
  3248  0  0  0  260.000000  -5.000000  -10.000000
  3249  0  0  0  260.000000  5.000000  -5.000000
  3250  0  0  0  260.000000  0.000000  -5.000000
  3251  0  0  0  260.000000  -5.000000  -5.000000
  3252  0  0  0  265.000000  5.000000  -25.000000
  3253  0  0  0  265.000000  0.000000  -25.000000
  3254  0  0  0  265.000000  -5.000000  -25.000000
  3255  0  0  0  265.000000  5.000000  -20.000000
  3256  0  0  0  265.000000  0.000000  -20.000000
  3257  0  0  0  265.000000  -5.000000  -20.000000
  3258  0  0  0  265.000000  5.000000  -15.000000
  3259  0  0  0  265.000000  0.000000  -15.000000
  3260  0  0  0  265.000000  -5.000000  -15.000000
  3261  0  0  0  265.000000  5.000000  -10.000000
  3262  0  0  0  265.000000  0.000000  -10.000000
  3263  0  0  0  265.000000  -5.000000  -10.000000
  3264  0  0  0  265.000000  5.000000  -5.000000
  3265  0  0  0  265.000000  0.000000  -5.000000
  3266  0  0  0  265.000000  -5.000000  -5.000000
  3267  0  0  0  270.000000  5.000000  -25.000000
  3268  0  0  0  270.000000  0.000000  -25.000000
  3269  0  0  0  270.000000  -5.000000  -25.000000
  3270  0  0  0  270.000000  5.000000  -20.000000
  3271  0  0  0  270.000000  0.000000  -20.000000
  3272  0  0  0  270.000000  -5.000000  -20.000000
  3273  0  0  0  270.000000  5.000000  -15.000000
  3274  0  0  0  270.000000  0.000000  -15.000000
  3275  0  0  0  270.000000  -5.000000  -15.000000
  3276  0  0  0  270.000000  5.000000  -10.000000
  3277  0  0  0  270.000000  0.000000  -10.000000
  3278  0  0  0  270.000000  -5.000000  -10.000000
  3279  0  0  0  270.000000  5.000000  -5.000000
  3280  0  0  0  270.000000  0.000000  -5.000000
  3281  0  0  0  270.000000  -5.000000  -5.000000
  3282  0  0  0  275.000000  5.000000  -25.000000
  3283  0  0  0  275.000000  0.000000  -25.000000
  3284  0  0  0  275.000000  -5.000000  -25.000000
  3285  0  0  0  275.000000  5.000000  -20.000000
  3286  0  0  0  275.000000  0.000000  -20.000000
  3287  0  0  0  275.000000  -5.000000  -20.000000
  3288  0  0  0  275.000000  5.000000  -15.000000
  3289  0  0  0  275.000000  0.000000  -15.000000
  3290  0  0  0  275.000000  -5.000000  -15.000000
  3291  0  0  0  275.000000  5.000000  -10.000000
  3292  0  0  0  275.000000  0.000000  -10.000000
  3293  0  0  0  275.000000  -5.000000  -10.000000
  3294  0  0  0  275.000000  5.000000  -5.000000
  3295  0  0  0  275.000000  0.000000  -5.000000
  3296  0  0  0  275.000000  -5.000000  -5.000000
  3297  0  0  0  280.000000  5.000000  -25.000000
  3298  0  0  0  280.000000  0.000000  -25.000000
  3299  0  0  0  280.000000  -5.000000  -25.000000
  3300  0  0  0  280.000000  5.000000  -20.000000
  3301  0  0  0  280.000000  0.000000  -20.000000
  3302  0  0  0  280.000000  -5.000000  -20.000000
  3303  0  0  0  280.000000  5.000000  -15.000000
  3304  0  0  0  280.000000  0.000000  -15.000000
  3305  0  0  0  280.000000  -5.000000  -15.000000
  3306  0  0  0  280.000000  5.000000  -10.000000
  3307  0  0  0  280.000000  0.000000  -10.000000
  3308  0  0  0  280.000000  -5.000000  -10.000000
  3309  0  0  0  280.000000  5.000000  -5.000000
  3310  0  0  0  280.000000  0.000000  -5.000000
  3311  0  0  0  280.000000  -5.000000  -5.000000
  3312  0  0  0  285.000000  5.000000  -25.000000
  3313  0  0  0  285.000000  0.000000  -25.000000
  3314  0  0  0  285.000000  -5.000000  -25.000000
  3315  0  0  0  285.000000  5.000000  -20.000000
  3316  0  0  0  285.000000  0.000000  -20.000000
  3317  0  0  0  285.000000  -5.000000  -20.000000
  3318  0  0  0  285.000000  5.000000  -15.000000
  3319  0  0  0  285.000000  0.000000  -15.000000
  3320  0  0  0  285.000000  -5.000000  -15.000000
  3321  0  0  0  285.000000  5.000000  -10.000000
  3322  0  0  0  285.000000  0.000000  -10.000000
  3323  0  0  0  285.000000  -5.000000  -10.000000
  3324  0  0  0  285.000000  5.000000  -5.000000
  3325  0  0  0  285.000000  0.000000  -5.000000
  3326  0  0  0  285.000000  -5.000000  -5.000000
  3327  0  0  0  290.000000  5.000000  -25.000000
  3328  0  0  0  290.000000  0.000000  -25.000000
  3329  0  0  0  290.000000  -5.000000  -25.000000
  3330  0  0  0  290.000000  5.000000  -20.000000
  3331  0  0  0  290.000000  0.000000  -20.000000
  3332  0  0  0  290.000000  -5.000000  -20.000000
  3333  0  0  0  290.000000  5.000000  -15.000000
  3334  0  0  0  290.000000  0.000000  -15.000000
  3335  0  0  0  290.000000  -5.000000  -15.000000
  3336  0  0  0  290.000000  5.000000  -10.000000
  3337  0  0  0  290.000000  0.000000  -10.000000
  3338  0  0  0  290.000000  -5.000000  -10.000000
  3339  0  0  0  290.000000  5.000000  -5.000000
  3340  0  0  0  290.000000  0.000000  -5.000000
  3341  0  0  0  290.000000  -5.000000  -5.000000
  3342  0  0  0  295.000000  5.000000  -25.000000
  3343  0  0  0  295.000000  0.000000  -25.000000
  3344  0  0  0  295.000000  -5.000000  -25.000000
  3345  0  0  0  295.000000  5.000000  -20.000000
  3346  0  0  0  295.000000  0.000000  -20.000000
  3347  0  0  0  295.000000  -5.000000  -20.000000
  3348  0  0  0  295.000000  5.000000  -15.000000
  3349  0  0  0  295.000000  0.000000  -15.000000
  3350  0  0  0  295.000000  -5.000000  -15.000000
  3351  0  0  0  295.000000  5.000000  -10.000000
  3352  0  0  0  295.000000  0.000000  -10.000000
  3353  0  0  0  295.000000  -5.000000  -10.000000
  3354  0  0  0  295.000000  5.000000  -5.000000
  3355  0  0  0  295.000000  0.000000  -5.000000
  3356  0  0  0  295.000000  -5.000000  -5.000000
  3357  0  0  0  255.000000  -5.000000  -35.000000
  3358  0  0  0  255.000000  0.000000  -35.000000
  3359  0  0  0  255.000000  5.000000  -35.000000
  3360  0  0  0  255.000000  -5.000000  -40.000000
  3361  0  0  0  255.000000  0.000000  -40.000000
  3362  0  0  0  255.000000  5.000000  -40.000000
  3363  0  0  0  255.000000  -5.000000  -45.000000
  3364  0  0  0  255.000000  0.000000  -45.000000
  3365  0  0  0  255.000000  5.000000  -45.000000
  3366  0  0  0  260.000000  -5.000000  -35.000000
  3367  0  0  0  260.000000  0.000000  -35.000000
  3368  0  0  0  260.000000  5.000000  -35.000000
  3369  0  0  0  260.000000  -5.000000  -40.000000
  3370  0  0  0  260.000000  0.000000  -40.000000
  3371  0  0  0  260.000000  5.000000  -40.000000
  3372  0  0  0  260.000000  -5.000000  -45.000000
  3373  0  0  0  260.000000  0.000000  -45.000000
  3374  0  0  0  260.000000  5.000000  -45.000000
  3375  0  0  0  265.000000  -5.000000  -35.000000
  3376  0  0  0  265.000000  0.000000  -35.000000
  3377  0  0  0  265.000000  5.000000  -35.000000
  3378  0  0  0  265.000000  -5.000000  -40.000000
  3379  0  0  0  265.000000  0.000000  -40.000000
  3380  0  0  0  265.000000  5.000000  -40.000000
  3381  0  0  0  265.000000  -5.000000  -45.000000
  3382  0  0  0  265.000000  0.000000  -45.000000
  3383  0  0  0  265.000000  5.000000  -45.000000
  3384  0  0  0  270.000000  -5.000000  -35.000000
  3385  0  0  0  270.000000  0.000000  -35.000000
  3386  0  0  0  270.000000  5.000000  -35.000000
  3387  0  0  0  270.000000  -5.000000  -40.000000
  3388  0  0  0  270.000000  0.000000  -40.000000
  3389  0  0  0  270.000000  5.000000  -40.000000
  3390  0  0  0  270.000000  -5.000000  -45.000000
  3391  0  0  0  270.000000  0.000000  -45.000000
  3392  0  0  0  270.000000  5.000000  -45.000000
  3393  0  0  0  275.000000  -5.000000  -35.000000
  3394  0  0  0  275.000000  0.000000  -35.000000
  3395  0  0  0  275.000000  5.000000  -35.000000
  3396  0  0  0  275.000000  -5.000000  -40.000000
  3397  0  0  0  275.000000  0.000000  -40.000000
  3398  0  0  0  275.000000  5.000000  -40.000000
  3399  0  0  0  275.000000  -5.000000  -45.000000
  3400  0  0  0  275.000000  0.000000  -45.000000
  3401  0  0  0  275.000000  5.000000  -45.000000
  3402  0  0  0  280.000000  -5.000000  -35.000000
  3403  0  0  0  280.000000  0.000000  -35.000000
  3404  0  0  0  280.000000  5.000000  -35.000000
  3405  0  0  0  280.000000  -5.000000  -40.000000
  3406  0  0  0  280.000000  0.000000  -40.000000
  3407  0  0  0  280.000000  5.000000  -40.000000
  3408  0  0  0  280.000000  -5.000000  -45.000000
  3409  0  0  0  280.000000  0.000000  -45.000000
  3410  0  0  0  280.000000  5.000000  -45.000000
  3411  0  0  0  285.000000  -5.000000  -35.000000
  3412  0  0  0  285.000000  0.000000  -35.000000
  3413  0  0  0  285.000000  5.000000  -35.000000
  3414  0  0  0  285.000000  -5.000000  -40.000000
  3415  0  0  0  285.000000  0.000000  -40.000000
  3416  0  0  0  285.000000  5.000000  -40.000000
  3417  0  0  0  285.000000  -5.000000  -45.000000
  3418  0  0  0  285.000000  0.000000  -45.000000
  3419  0  0  0  285.000000  5.000000  -45.000000
  3420  0  0  0  290.000000  -5.000000  -35.000000
  3421  0  0  0  290.000000  0.000000  -35.000000
  3422  0  0  0  290.000000  5.000000  -35.000000
  3423  0  0  0  290.000000  -5.000000  -40.000000
  3424  0  0  0  290.000000  0.000000  -40.000000
  3425  0  0  0  290.000000  5.000000  -40.000000
  3426  0  0  0  290.000000  -5.000000  -45.000000
  3427  0  0  0  290.000000  0.000000  -45.000000
  3428  0  0  0  290.000000  5.000000  -45.000000
  3429  0  0  0  295.000000  -5.000000  -35.000000
  3430  0  0  0  295.000000  0.000000  -35.000000
  3431  0  0  0  295.000000  5.000000  -35.000000
  3432  0  0  0  295.000000  -5.000000  -40.000000
  3433  0  0  0  295.000000  0.000000  -40.000000
  3434  0  0  0  295.000000  5.000000  -40.000000
  3435  0  0  0  295.000000  -5.000000  -45.000000
  3436  0  0  0  295.000000  0.000000  -45.000000
  3437  0  0  0  295.000000  5.000000  -45.000000
  3438  1  1  1  -200.000000  -10.000000  -30.000000
  3439  1  1  1  -250.000000  -10.000000  -30.000000
  3440  1  1  1  -200.000000  -10.000000  0.000000
  3441  1  1  1  -150.000000  -10.000000  -30.000000
  3442  1  1  1  -150.000000  -10.000000  0.000000
  3443  1  1  1  -100.000000  -10.000000  0.000000
  3444  1  1  1  -50.000000  -10.000000  -30.000000
  3445  1  1  1  -50.000000  -10.000000  0.000000
  3446  1  1  1  -100.000000  -10.000000  -30.000000
  3447  1  1  1  0.000000  -10.000000  0.000000
  3448  1  1  1  50.000000  -10.000000  -30.000000
  3449  1  1  1  0.000000  -10.000000  -30.000000
  3450  1  1  1  100.000000  -10.000000  -30.000000
  3451  1  1  1  100.000000  -10.000000  0.000000
  3452  1  1  1  150.000000  -10.000000  -30.000000
  3453  1  1  1  50.000000  -10.000000  0.000000
  3454  1  1  1  200.000000  -10.000000  -30.000000
  3455  1  1  1  200.000000  -10.000000  0.000000
  3456  1  1  1  250.000000  -10.000000  -30.000000
  3457  1  1  1  150.000000  -10.000000  0.000000
  3458  1  1  1  -203.846161  -10.000000  -30.000000
  3459  1  1  1  -207.692307  -10.000000  -30.000000
  3460  1  1  1  -211.538467  -10.000000  -30.000000
  3461  1  1  1  -215.384613  -10.000000  -30.000000
  3462  1  1  1  -219.230774  -10.000000  -30.000000
  3463  1  1  1  -223.076920  -10.000000  -30.000000
  3464  1  1  1  -226.923080  -10.000000  -30.000000
  3465  1  1  1  -230.769226  -10.000000  -30.000000
  3466  1  1  1  -234.615387  -10.000000  -30.000000
  3467  1  1  1  -238.461533  -10.000000  -30.000000
  3468  1  1  1  -242.307693  -10.000000  -30.000000
  3469  1  1  1  -246.153839  -10.000000  -30.000000
  3470  1  1  1  -203.333328  -10.000000  -2.000000
  3471  1  1  1  -206.666672  -10.000000  -4.000000
  3472  1  1  1  -210.000000  -10.000000  -6.000000
  3473  1  1  1  -213.333328  -10.000000  -8.000000
  3474  1  1  1  -216.666672  -10.000000  -10.000000
  3475  1  1  1  -220.000000  -10.000000  -12.000000
  3476  1  1  1  -223.333328  -10.000000  -14.000000
  3477  1  1  1  -226.666672  -10.000000  -16.000000
  3478  1  1  1  -230.000000  -10.000000  -18.000000
  3479  1  1  1  -233.333328  -10.000000  -20.000000
  3480  1  1  1  -236.666672  -10.000000  -22.000000
  3481  1  1  1  -240.000000  -10.000000  -24.000000
  3482  1  1  1  -243.333328  -10.000000  -26.000000
  3483  1  1  1  -246.666672  -10.000000  -28.000000
  3484  1  1  1  -153.333328  -10.000000  -28.000000
  3485  1  1  1  -156.666672  -10.000000  -26.000000
  3486  1  1  1  -160.000000  -10.000000  -24.000000
  3487  1  1  1  -163.333328  -10.000000  -22.000000
  3488  1  1  1  -166.666672  -10.000000  -20.000000
  3489  1  1  1  -170.000000  -10.000000  -18.000000
  3490  1  1  1  -173.333328  -10.000000  -16.000000
  3491  1  1  1  -176.666672  -10.000000  -14.000000
  3492  1  1  1  -180.000000  -10.000000  -12.000000
  3493  1  1  1  -183.333328  -10.000000  -10.000000
  3494  1  1  1  -186.666672  -10.000000  -8.000000
  3495  1  1  1  -190.000000  -10.000000  -6.000000
  3496  1  1  1  -193.333328  -10.000000  -4.000000
  3497  1  1  1  -196.666672  -10.000000  -2.000000
  3498  1  1  1  -150.000000  -10.000000  -26.250000
  3499  1  1  1  -150.000000  -10.000000  -22.500000
  3500  1  1  1  -150.000000  -10.000000  -18.750000
  3501  1  1  1  -150.000000  -10.000000  -15.000000
  3502  1  1  1  -150.000000  -10.000000  -11.250000
  3503  1  1  1  -150.000000  -10.000000  -7.500000
  3504  1  1  1  -150.000000  -10.000000  -3.750000
  3505  1  1  1  -200.000000  -10.000000  -3.750000
  3506  1  1  1  -200.000000  -10.000000  -7.500000
  3507  1  1  1  -200.000000  -10.000000  -11.250000
  3508  1  1  1  -200.000000  -10.000000  -15.000000
  3509  1  1  1  -200.000000  -10.000000  -18.750000
  3510  1  1  1  -200.000000  -10.000000  -22.500000
  3511  1  1  1  -200.000000  -10.000000  -26.250000
  3512  1  1  1  -103.333336  -10.000000  -2.000000
  3513  1  1  1  -106.666664  -10.000000  -4.000000
  3514  1  1  1  -110.000000  -10.000000  -6.000000
  3515  1  1  1  -113.333336  -10.000000  -8.000000
  3516  1  1  1  -116.666664  -10.000000  -10.000000
  3517  1  1  1  -120.000000  -10.000000  -12.000000
  3518  1  1  1  -123.333336  -10.000000  -14.000000
  3519  1  1  1  -126.666664  -10.000000  -16.000000
  3520  1  1  1  -130.000000  -10.000000  -18.000000
  3521  1  1  1  -133.333328  -10.000000  -20.000000
  3522  1  1  1  -136.666672  -10.000000  -22.000000
  3523  1  1  1  -140.000000  -10.000000  -24.000000
  3524  1  1  1  -143.333328  -10.000000  -26.000000
  3525  1  1  1  -146.666672  -10.000000  -28.000000
  3526  1  1  1  -53.333332  -10.000000  -28.000000
  3527  1  1  1  -56.666668  -10.000000  -26.000000
  3528  1  1  1  -60.000000  -10.000000  -24.000000
  3529  1  1  1  -63.333332  -10.000000  -22.000000
  3530  1  1  1  -66.666664  -10.000000  -20.000000
  3531  1  1  1  -70.000000  -10.000000  -18.000000
  3532  1  1  1  -73.333336  -10.000000  -16.000000
  3533  1  1  1  -76.666664  -10.000000  -14.000000
  3534  1  1  1  -80.000000  -10.000000  -12.000000
  3535  1  1  1  -83.333336  -10.000000  -10.000000
  3536  1  1  1  -86.666664  -10.000000  -8.000000
  3537  1  1  1  -90.000000  -10.000000  -6.000000
  3538  1  1  1  -93.333336  -10.000000  -4.000000
  3539  1  1  1  -96.666664  -10.000000  -2.000000
  3540  1  1  1  -50.000000  -10.000000  -26.250000
  3541  1  1  1  -50.000000  -10.000000  -22.500000
  3542  1  1  1  -50.000000  -10.000000  -18.750000
  3543  1  1  1  -50.000000  -10.000000  -15.000000
  3544  1  1  1  -50.000000  -10.000000  -11.250000
  3545  1  1  1  -50.000000  -10.000000  -7.500000
  3546  1  1  1  -50.000000  -10.000000  -3.750000
  3547  1  1  1  -153.846161  -10.000000  -30.000000
  3548  1  1  1  -157.692307  -10.000000  -30.000000
  3549  1  1  1  -161.538467  -10.000000  -30.000000
  3550  1  1  1  -165.384613  -10.000000  -30.000000
  3551  1  1  1  -169.230774  -10.000000  -30.000000
  3552  1  1  1  -173.076920  -10.000000  -30.000000
  3553  1  1  1  -176.923080  -10.000000  -30.000000
  3554  1  1  1  -180.769226  -10.000000  -30.000000
  3555  1  1  1  -184.615387  -10.000000  -30.000000
  3556  1  1  1  -188.461533  -10.000000  -30.000000
  3557  1  1  1  -192.307693  -10.000000  -30.000000
  3558  1  1  1  -196.153839  -10.000000  -30.000000
  3559  1  1  1  -103.846153  -10.000000  -30.000000
  3560  1  1  1  -107.692307  -10.000000  -30.000000
  3561  1  1  1  -111.538460  -10.000000  -30.000000
  3562  1  1  1  -115.384613  -10.000000  -30.000000
  3563  1  1  1  -119.230766  -10.000000  -30.000000
  3564  1  1  1  -123.076920  -10.000000  -30.000000
  3565  1  1  1  -126.923080  -10.000000  -30.000000
  3566  1  1  1  -130.769226  -10.000000  -30.000000
  3567  1  1  1  -134.615387  -10.000000  -30.000000
  3568  1  1  1  -138.461533  -10.000000  -30.000000
  3569  1  1  1  -142.307693  -10.000000  -30.000000
  3570  1  1  1  -146.153839  -10.000000  -30.000000
  3571  1  1  1  -100.000000  -10.000000  -3.750000
  3572  1  1  1  -100.000000  -10.000000  -7.500000
  3573  1  1  1  -100.000000  -10.000000  -11.250000
  3574  1  1  1  -100.000000  -10.000000  -15.000000
  3575  1  1  1  -100.000000  -10.000000  -18.750000
  3576  1  1  1  -100.000000  -10.000000  -22.500000
  3577  1  1  1  -100.000000  -10.000000  -26.250000
  3578  1  1  1  -3.333333  -10.000000  -2.000000
  3579  1  1  1  -6.666667  -10.000000  -4.000000
  3580  1  1  1  -10.000000  -10.000000  -6.000000
  3581  1  1  1  -13.333333  -10.000000  -8.000000
  3582  1  1  1  -16.666666  -10.000000  -10.000000
  3583  1  1  1  -20.000000  -10.000000  -12.000000
  3584  1  1  1  -23.333334  -10.000000  -14.000000
  3585  1  1  1  -26.666666  -10.000000  -16.000000
  3586  1  1  1  -30.000000  -10.000000  -18.000000
  3587  1  1  1  -33.333332  -10.000000  -20.000000
  3588  1  1  1  -36.666668  -10.000000  -22.000000
  3589  1  1  1  -40.000000  -10.000000  -24.000000
  3590  1  1  1  -43.333332  -10.000000  -26.000000
  3591  1  1  1  -46.666668  -10.000000  -28.000000
  3592  1  1  1  3.333333  -10.000000  -2.000000
  3593  1  1  1  6.666667  -10.000000  -4.000000
  3594  1  1  1  10.000000  -10.000000  -6.000000
  3595  1  1  1  13.333333  -10.000000  -8.000000
  3596  1  1  1  16.666666  -10.000000  -10.000000
  3597  1  1  1  20.000000  -10.000000  -12.000000
  3598  1  1  1  23.333334  -10.000000  -14.000000
  3599  1  1  1  26.666666  -10.000000  -16.000000
  3600  1  1  1  30.000000  -10.000000  -18.000000
  3601  1  1  1  33.333332  -10.000000  -20.000000
  3602  1  1  1  36.666668  -10.000000  -22.000000
  3603  1  1  1  40.000000  -10.000000  -24.000000
  3604  1  1  1  43.333332  -10.000000  -26.000000
  3605  1  1  1  46.666668  -10.000000  -28.000000
  3606  1  1  1  3.846154  -10.000000  -30.000000
  3607  1  1  1  7.692307  -10.000000  -30.000000
  3608  1  1  1  11.538462  -10.000000  -30.000000
  3609  1  1  1  15.384615  -10.000000  -30.000000
  3610  1  1  1  19.230770  -10.000000  -30.000000
  3611  1  1  1  23.076923  -10.000000  -30.000000
  3612  1  1  1  26.923077  -10.000000  -30.000000
  3613  1  1  1  30.769230  -10.000000  -30.000000
  3614  1  1  1  34.615383  -10.000000  -30.000000
  3615  1  1  1  38.461540  -10.000000  -30.000000
  3616  1  1  1  42.307693  -10.000000  -30.000000
  3617  1  1  1  46.153847  -10.000000  -30.000000
  3618  1  1  1  0.000000  -10.000000  -26.250000
  3619  1  1  1  0.000000  -10.000000  -22.500000
  3620  1  1  1  0.000000  -10.000000  -18.750000
  3621  1  1  1  0.000000  -10.000000  -15.000000
  3622  1  1  1  0.000000  -10.000000  -11.250000
  3623  1  1  1  0.000000  -10.000000  -7.500000
  3624  1  1  1  0.000000  -10.000000  -3.750000
  3625  1  1  1  -53.846153  -10.000000  -30.000000
  3626  1  1  1  -57.692307  -10.000000  -30.000000
  3627  1  1  1  -61.538460  -10.000000  -30.000000
  3628  1  1  1  -65.384613  -10.000000  -30.000000
  3629  1  1  1  -69.230766  -10.000000  -30.000000
  3630  1  1  1  -73.076920  -10.000000  -30.000000
  3631  1  1  1  -76.923080  -10.000000  -30.000000
  3632  1  1  1  -80.769234  -10.000000  -30.000000
  3633  1  1  1  -84.615387  -10.000000  -30.000000
  3634  1  1  1  -88.461540  -10.000000  -30.000000
  3635  1  1  1  -92.307693  -10.000000  -30.000000
  3636  1  1  1  -96.153847  -10.000000  -30.000000
  3637  1  1  1  -3.846154  -10.000000  -30.000000
  3638  1  1  1  -7.692307  -10.000000  -30.000000
  3639  1  1  1  -11.538462  -10.000000  -30.000000
  3640  1  1  1  -15.384615  -10.000000  -30.000000
  3641  1  1  1  -19.230770  -10.000000  -30.000000
  3642  1  1  1  -23.076923  -10.000000  -30.000000
  3643  1  1  1  -26.923077  -10.000000  -30.000000
  3644  1  1  1  -30.769230  -10.000000  -30.000000
  3645  1  1  1  -34.615383  -10.000000  -30.000000
  3646  1  1  1  -38.461540  -10.000000  -30.000000
  3647  1  1  1  -42.307693  -10.000000  -30.000000
  3648  1  1  1  -46.153847  -10.000000  -30.000000
  3649  1  1  1  53.846153  -10.000000  -30.000000
  3650  1  1  1  57.692307  -10.000000  -30.000000
  3651  1  1  1  61.538460  -10.000000  -30.000000
  3652  1  1  1  65.384613  -10.000000  -30.000000
  3653  1  1  1  69.230766  -10.000000  -30.000000
  3654  1  1  1  73.076920  -10.000000  -30.000000
  3655  1  1  1  76.923080  -10.000000  -30.000000
  3656  1  1  1  80.769234  -10.000000  -30.000000
  3657  1  1  1  84.615387  -10.000000  -30.000000
  3658  1  1  1  88.461540  -10.000000  -30.000000
  3659  1  1  1  92.307693  -10.000000  -30.000000
  3660  1  1  1  96.153847  -10.000000  -30.000000
  3661  1  1  1  53.333332  -10.000000  -28.000000
  3662  1  1  1  56.666668  -10.000000  -26.000000
  3663  1  1  1  60.000000  -10.000000  -24.000000
  3664  1  1  1  63.333332  -10.000000  -22.000000
  3665  1  1  1  66.666664  -10.000000  -20.000000
  3666  1  1  1  70.000000  -10.000000  -18.000000
  3667  1  1  1  73.333336  -10.000000  -16.000000
  3668  1  1  1  76.666664  -10.000000  -14.000000
  3669  1  1  1  80.000000  -10.000000  -12.000000
  3670  1  1  1  83.333336  -10.000000  -10.000000
  3671  1  1  1  86.666664  -10.000000  -8.000000
  3672  1  1  1  90.000000  -10.000000  -6.000000
  3673  1  1  1  93.333336  -10.000000  -4.000000
  3674  1  1  1  96.666664  -10.000000  -2.000000
  3675  1  1  1  100.000000  -10.000000  -3.750000
  3676  1  1  1  100.000000  -10.000000  -7.500000
  3677  1  1  1  100.000000  -10.000000  -11.250000
  3678  1  1  1  100.000000  -10.000000  -15.000000
  3679  1  1  1  100.000000  -10.000000  -18.750000
  3680  1  1  1  100.000000  -10.000000  -22.500000
  3681  1  1  1  100.000000  -10.000000  -26.250000
  3682  1  1  1  103.846153  -10.000000  -30.000000
  3683  1  1  1  107.692307  -10.000000  -30.000000
  3684  1  1  1  111.538460  -10.000000  -30.000000
  3685  1  1  1  115.384613  -10.000000  -30.000000
  3686  1  1  1  119.230766  -10.000000  -30.000000
  3687  1  1  1  123.076920  -10.000000  -30.000000
  3688  1  1  1  126.923080  -10.000000  -30.000000
  3689  1  1  1  130.769226  -10.000000  -30.000000
  3690  1  1  1  134.615387  -10.000000  -30.000000
  3691  1  1  1  138.461533  -10.000000  -30.000000
  3692  1  1  1  142.307693  -10.000000  -30.000000
  3693  1  1  1  146.153839  -10.000000  -30.000000
  3694  1  1  1  50.000000  -10.000000  -26.250000
  3695  1  1  1  50.000000  -10.000000  -22.500000
  3696  1  1  1  50.000000  -10.000000  -18.750000
  3697  1  1  1  50.000000  -10.000000  -15.000000
  3698  1  1  1  50.000000  -10.000000  -11.250000
  3699  1  1  1  50.000000  -10.000000  -7.500000
  3700  1  1  1  50.000000  -10.000000  -3.750000
  3701  1  1  1  103.333336  -10.000000  -2.000000
  3702  1  1  1  106.666664  -10.000000  -4.000000
  3703  1  1  1  110.000000  -10.000000  -6.000000
  3704  1  1  1  113.333336  -10.000000  -8.000000
  3705  1  1  1  116.666664  -10.000000  -10.000000
  3706  1  1  1  120.000000  -10.000000  -12.000000
  3707  1  1  1  123.333336  -10.000000  -14.000000
  3708  1  1  1  126.666664  -10.000000  -16.000000
  3709  1  1  1  130.000000  -10.000000  -18.000000
  3710  1  1  1  133.333328  -10.000000  -20.000000
  3711  1  1  1  136.666672  -10.000000  -22.000000
  3712  1  1  1  140.000000  -10.000000  -24.000000
  3713  1  1  1  143.333328  -10.000000  -26.000000
  3714  1  1  1  146.666672  -10.000000  -28.000000
  3715  1  1  1  153.846161  -10.000000  -30.000000
  3716  1  1  1  157.692307  -10.000000  -30.000000
  3717  1  1  1  161.538467  -10.000000  -30.000000
  3718  1  1  1  165.384613  -10.000000  -30.000000
  3719  1  1  1  169.230774  -10.000000  -30.000000
  3720  1  1  1  173.076920  -10.000000  -30.000000
  3721  1  1  1  176.923080  -10.000000  -30.000000
  3722  1  1  1  180.769226  -10.000000  -30.000000
  3723  1  1  1  184.615387  -10.000000  -30.000000
  3724  1  1  1  188.461533  -10.000000  -30.000000
  3725  1  1  1  192.307693  -10.000000  -30.000000
  3726  1  1  1  196.153839  -10.000000  -30.000000
  3727  1  1  1  153.333328  -10.000000  -28.000000
  3728  1  1  1  156.666672  -10.000000  -26.000000
  3729  1  1  1  160.000000  -10.000000  -24.000000
  3730  1  1  1  163.333328  -10.000000  -22.000000
  3731  1  1  1  166.666672  -10.000000  -20.000000
  3732  1  1  1  170.000000  -10.000000  -18.000000
  3733  1  1  1  173.333328  -10.000000  -16.000000
  3734  1  1  1  176.666672  -10.000000  -14.000000
  3735  1  1  1  180.000000  -10.000000  -12.000000
  3736  1  1  1  183.333328  -10.000000  -10.000000
  3737  1  1  1  186.666672  -10.000000  -8.000000
  3738  1  1  1  190.000000  -10.000000  -6.000000
  3739  1  1  1  193.333328  -10.000000  -4.000000
  3740  1  1  1  196.666672  -10.000000  -2.000000
  3741  1  1  1  200.000000  -10.000000  -3.750000
  3742  1  1  1  200.000000  -10.000000  -7.500000
  3743  1  1  1  200.000000  -10.000000  -11.250000
  3744  1  1  1  200.000000  -10.000000  -15.000000
  3745  1  1  1  200.000000  -10.000000  -18.750000
  3746  1  1  1  200.000000  -10.000000  -22.500000
  3747  1  1  1  200.000000  -10.000000  -26.250000
  3748  1  1  1  203.846161  -10.000000  -30.000000
  3749  1  1  1  207.692307  -10.000000  -30.000000
  3750  1  1  1  211.538467  -10.000000  -30.000000
  3751  1  1  1  215.384613  -10.000000  -30.000000
  3752  1  1  1  219.230774  -10.000000  -30.000000
  3753  1  1  1  223.076920  -10.000000  -30.000000
  3754  1  1  1  226.923080  -10.000000  -30.000000
  3755  1  1  1  230.769226  -10.000000  -30.000000
  3756  1  1  1  234.615387  -10.000000  -30.000000
  3757  1  1  1  238.461533  -10.000000  -30.000000
  3758  1  1  1  242.307693  -10.000000  -30.000000
  3759  1  1  1  246.153839  -10.000000  -30.000000
  3760  1  1  1  150.000000  -10.000000  -26.250000
  3761  1  1  1  150.000000  -10.000000  -22.500000
  3762  1  1  1  150.000000  -10.000000  -18.750000
  3763  1  1  1  150.000000  -10.000000  -15.000000
  3764  1  1  1  150.000000  -10.000000  -11.250000
  3765  1  1  1  150.000000  -10.000000  -7.500000
  3766  1  1  1  150.000000  -10.000000  -3.750000
  3767  1  1  1  203.333328  -10.000000  -2.000000
  3768  1  1  1  206.666672  -10.000000  -4.000000
  3769  1  1  1  210.000000  -10.000000  -6.000000
  3770  1  1  1  213.333328  -10.000000  -8.000000
  3771  1  1  1  216.666672  -10.000000  -10.000000
  3772  1  1  1  220.000000  -10.000000  -12.000000
  3773  1  1  1  223.333328  -10.000000  -14.000000
  3774  1  1  1  226.666672  -10.000000  -16.000000
  3775  1  1  1  230.000000  -10.000000  -18.000000
  3776  1  1  1  233.333328  -10.000000  -20.000000
  3777  1  1  1  236.666672  -10.000000  -22.000000
  3778  1  1  1  240.000000  -10.000000  -24.000000
  3779  1  1  1  243.333328  -10.000000  -26.000000
  3780  1  1  1  246.666672  -10.000000  -28.000000
  3781  1  1  1  -200.000000  10.000000  -30.000000
  3782  1  1  1  -250.000000  10.000000  -30.000000
  3783  1  1  1  -200.000000  10.000000  0.000000
  3784  1  1  1  -150.000000  10.000000  -30.000000
  3785  1  1  1  -150.000000  10.000000  0.000000
  3786  1  1  1  -100.000000  10.000000  0.000000
  3787  1  1  1  -50.000000  10.000000  -30.000000
  3788  1  1  1  -50.000000  10.000000  0.000000
  3789  1  1  1  -100.000000  10.000000  -30.000000
  3790  1  1  1  0.000000  10.000000  0.000000
  3791  1  1  1  50.000000  10.000000  -30.000000
  3792  1  1  1  0.000000  10.000000  -30.000000
  3793  1  1  1  100.000000  10.000000  -30.000000
  3794  1  1  1  100.000000  10.000000  0.000000
  3795  1  1  1  150.000000  10.000000  -30.000000
  3796  1  1  1  50.000000  10.000000  0.000000
  3797  1  1  1  200.000000  10.000000  -30.000000
  3798  1  1  1  200.000000  10.000000  0.000000
  3799  1  1  1  250.000000  10.000000  -30.000000
  3800  1  1  1  150.000000  10.000000  0.000000
  3801  1  1  1  -203.846161  10.000000  -30.000000
  3802  1  1  1  -207.692307  10.000000  -30.000000
  3803  1  1  1  -211.538467  10.000000  -30.000000
  3804  1  1  1  -215.384613  10.000000  -30.000000
  3805  1  1  1  -219.230774  10.000000  -30.000000
  3806  1  1  1  -223.076920  10.000000  -30.000000
  3807  1  1  1  -226.923080  10.000000  -30.000000
  3808  1  1  1  -230.769226  10.000000  -30.000000
  3809  1  1  1  -234.615387  10.000000  -30.000000
  3810  1  1  1  -238.461533  10.000000  -30.000000
  3811  1  1  1  -242.307693  10.000000  -30.000000
  3812  1  1  1  -246.153839  10.000000  -30.000000
  3813  1  1  1  -203.333328  10.000000  -2.000000
  3814  1  1  1  -206.666672  10.000000  -4.000000
  3815  1  1  1  -210.000000  10.000000  -6.000000
  3816  1  1  1  -213.333328  10.000000  -8.000000
  3817  1  1  1  -216.666672  10.000000  -10.000000
  3818  1  1  1  -220.000000  10.000000  -12.000000
  3819  1  1  1  -223.333328  10.000000  -14.000000
  3820  1  1  1  -226.666672  10.000000  -16.000000
  3821  1  1  1  -230.000000  10.000000  -18.000000
  3822  1  1  1  -233.333328  10.000000  -20.000000
  3823  1  1  1  -236.666672  10.000000  -22.000000
  3824  1  1  1  -240.000000  10.000000  -24.000000
  3825  1  1  1  -243.333328  10.000000  -26.000000
  3826  1  1  1  -246.666672  10.000000  -28.000000
  3827  1  1  1  -153.333328  10.000000  -28.000000
  3828  1  1  1  -156.666672  10.000000  -26.000000
  3829  1  1  1  -160.000000  10.000000  -24.000000
  3830  1  1  1  -163.333328  10.000000  -22.000000
  3831  1  1  1  -166.666672  10.000000  -20.000000
  3832  1  1  1  -170.000000  10.000000  -18.000000
  3833  1  1  1  -173.333328  10.000000  -16.000000
  3834  1  1  1  -176.666672  10.000000  -14.000000
  3835  1  1  1  -180.000000  10.000000  -12.000000
  3836  1  1  1  -183.333328  10.000000  -10.000000
  3837  1  1  1  -186.666672  10.000000  -8.000000
  3838  1  1  1  -190.000000  10.000000  -6.000000
  3839  1  1  1  -193.333328  10.000000  -4.000000
  3840  1  1  1  -196.666672  10.000000  -2.000000
  3841  1  1  1  -150.000000  10.000000  -26.250000
  3842  1  1  1  -150.000000  10.000000  -22.500000
  3843  1  1  1  -150.000000  10.000000  -18.750000
  3844  1  1  1  -150.000000  10.000000  -15.000000
  3845  1  1  1  -150.000000  10.000000  -11.250000
  3846  1  1  1  -150.000000  10.000000  -7.500000
  3847  1  1  1  -150.000000  10.000000  -3.750000
  3848  1  1  1  -200.000000  10.000000  -3.750000
  3849  1  1  1  -200.000000  10.000000  -7.500000
  3850  1  1  1  -200.000000  10.000000  -11.250000
  3851  1  1  1  -200.000000  10.000000  -15.000000
  3852  1  1  1  -200.000000  10.000000  -18.750000
  3853  1  1  1  -200.000000  10.000000  -22.500000
  3854  1  1  1  -200.000000  10.000000  -26.250000
  3855  1  1  1  -103.333336  10.000000  -2.000000
  3856  1  1  1  -106.666664  10.000000  -4.000000
  3857  1  1  1  -110.000000  10.000000  -6.000000
  3858  1  1  1  -113.333336  10.000000  -8.000000
  3859  1  1  1  -116.666664  10.000000  -10.000000
  3860  1  1  1  -120.000000  10.000000  -12.000000
  3861  1  1  1  -123.333336  10.000000  -14.000000
  3862  1  1  1  -126.666664  10.000000  -16.000000
  3863  1  1  1  -130.000000  10.000000  -18.000000
  3864  1  1  1  -133.333328  10.000000  -20.000000
  3865  1  1  1  -136.666672  10.000000  -22.000000
  3866  1  1  1  -140.000000  10.000000  -24.000000
  3867  1  1  1  -143.333328  10.000000  -26.000000
  3868  1  1  1  -146.666672  10.000000  -28.000000
  3869  1  1  1  -53.333332  10.000000  -28.000000
  3870  1  1  1  -56.666668  10.000000  -26.000000
  3871  1  1  1  -60.000000  10.000000  -24.000000
  3872  1  1  1  -63.333332  10.000000  -22.000000
  3873  1  1  1  -66.666664  10.000000  -20.000000
  3874  1  1  1  -70.000000  10.000000  -18.000000
  3875  1  1  1  -73.333336  10.000000  -16.000000
  3876  1  1  1  -76.666664  10.000000  -14.000000
  3877  1  1  1  -80.000000  10.000000  -12.000000
  3878  1  1  1  -83.333336  10.000000  -10.000000
  3879  1  1  1  -86.666664  10.000000  -8.000000
  3880  1  1  1  -90.000000  10.000000  -6.000000
  3881  1  1  1  -93.333336  10.000000  -4.000000
  3882  1  1  1  -96.666664  10.000000  -2.000000
  3883  1  1  1  -50.000000  10.000000  -26.250000
  3884  1  1  1  -50.000000  10.000000  -22.500000
  3885  1  1  1  -50.000000  10.000000  -18.750000
  3886  1  1  1  -50.000000  10.000000  -15.000000
  3887  1  1  1  -50.000000  10.000000  -11.250000
  3888  1  1  1  -50.000000  10.000000  -7.500000
  3889  1  1  1  -50.000000  10.000000  -3.750000
  3890  1  1  1  -153.846161  10.000000  -30.000000
  3891  1  1  1  -157.692307  10.000000  -30.000000
  3892  1  1  1  -161.538467  10.000000  -30.000000
  3893  1  1  1  -165.384613  10.000000  -30.000000
  3894  1  1  1  -169.230774  10.000000  -30.000000
  3895  1  1  1  -173.076920  10.000000  -30.000000
  3896  1  1  1  -176.923080  10.000000  -30.000000
  3897  1  1  1  -180.769226  10.000000  -30.000000
  3898  1  1  1  -184.615387  10.000000  -30.000000
  3899  1  1  1  -188.461533  10.000000  -30.000000
  3900  1  1  1  -192.307693  10.000000  -30.000000
  3901  1  1  1  -196.153839  10.000000  -30.000000
  3902  1  1  1  -103.846153  10.000000  -30.000000
  3903  1  1  1  -107.692307  10.000000  -30.000000
  3904  1  1  1  -111.538460  10.000000  -30.000000
  3905  1  1  1  -115.384613  10.000000  -30.000000
  3906  1  1  1  -119.230766  10.000000  -30.000000
  3907  1  1  1  -123.076920  10.000000  -30.000000
  3908  1  1  1  -126.923080  10.000000  -30.000000
  3909  1  1  1  -130.769226  10.000000  -30.000000
  3910  1  1  1  -134.615387  10.000000  -30.000000
  3911  1  1  1  -138.461533  10.000000  -30.000000
  3912  1  1  1  -142.307693  10.000000  -30.000000
  3913  1  1  1  -146.153839  10.000000  -30.000000
  3914  1  1  1  -100.000000  10.000000  -3.750000
  3915  1  1  1  -100.000000  10.000000  -7.500000
  3916  1  1  1  -100.000000  10.000000  -11.250000
  3917  1  1  1  -100.000000  10.000000  -15.000000
  3918  1  1  1  -100.000000  10.000000  -18.750000
  3919  1  1  1  -100.000000  10.000000  -22.500000
  3920  1  1  1  -100.000000  10.000000  -26.250000
  3921  1  1  1  -3.333333  10.000000  -2.000000
  3922  1  1  1  -6.666667  10.000000  -4.000000
  3923  1  1  1  -10.000000  10.000000  -6.000000
  3924  1  1  1  -13.333333  10.000000  -8.000000
  3925  1  1  1  -16.666666  10.000000  -10.000000
  3926  1  1  1  -20.000000  10.000000  -12.000000
  3927  1  1  1  -23.333334  10.000000  -14.000000
  3928  1  1  1  -26.666666  10.000000  -16.000000
  3929  1  1  1  -30.000000  10.000000  -18.000000
  3930  1  1  1  -33.333332  10.000000  -20.000000
  3931  1  1  1  -36.666668  10.000000  -22.000000
  3932  1  1  1  -40.000000  10.000000  -24.000000
  3933  1  1  1  -43.333332  10.000000  -26.000000
  3934  1  1  1  -46.666668  10.000000  -28.000000
  3935  1  1  1  3.333333  10.000000  -2.000000
  3936  1  1  1  6.666667  10.000000  -4.000000
  3937  1  1  1  10.000000  10.000000  -6.000000
  3938  1  1  1  13.333333  10.000000  -8.000000
  3939  1  1  1  16.666666  10.000000  -10.000000
  3940  1  1  1  20.000000  10.000000  -12.000000
  3941  1  1  1  23.333334  10.000000  -14.000000
  3942  1  1  1  26.666666  10.000000  -16.000000
  3943  1  1  1  30.000000  10.000000  -18.000000
  3944  1  1  1  33.333332  10.000000  -20.000000
  3945  1  1  1  36.666668  10.000000  -22.000000
  3946  1  1  1  40.000000  10.000000  -24.000000
  3947  1  1  1  43.333332  10.000000  -26.000000
  3948  1  1  1  46.666668  10.000000  -28.000000
  3949  1  1  1  3.846154  10.000000  -30.000000
  3950  1  1  1  7.692307  10.000000  -30.000000
  3951  1  1  1  11.538462  10.000000  -30.000000
  3952  1  1  1  15.384615  10.000000  -30.000000
  3953  1  1  1  19.230770  10.000000  -30.000000
  3954  1  1  1  23.076923  10.000000  -30.000000
  3955  1  1  1  26.923077  10.000000  -30.000000
  3956  1  1  1  30.769230  10.000000  -30.000000
  3957  1  1  1  34.615383  10.000000  -30.000000
  3958  1  1  1  38.461540  10.000000  -30.000000
  3959  1  1  1  42.307693  10.000000  -30.000000
  3960  1  1  1  46.153847  10.000000  -30.000000
  3961  1  1  1  0.000000  10.000000  -26.250000
  3962  1  1  1  0.000000  10.000000  -22.500000
  3963  1  1  1  0.000000  10.000000  -18.750000
  3964  1  1  1  0.000000  10.000000  -15.000000
  3965  1  1  1  0.000000  10.000000  -11.250000
  3966  1  1  1  0.000000  10.000000  -7.500000
  3967  1  1  1  0.000000  10.000000  -3.750000
  3968  1  1  1  -53.846153  10.000000  -30.000000
  3969  1  1  1  -57.692307  10.000000  -30.000000
  3970  1  1  1  -61.538460  10.000000  -30.000000
  3971  1  1  1  -65.384613  10.000000  -30.000000
  3972  1  1  1  -69.230766  10.000000  -30.000000
  3973  1  1  1  -73.076920  10.000000  -30.000000
  3974  1  1  1  -76.923080  10.000000  -30.000000
  3975  1  1  1  -80.769234  10.000000  -30.000000
  3976  1  1  1  -84.615387  10.000000  -30.000000
  3977  1  1  1  -88.461540  10.000000  -30.000000
  3978  1  1  1  -92.307693  10.000000  -30.000000
  3979  1  1  1  -96.153847  10.000000  -30.000000
  3980  1  1  1  -3.846154  10.000000  -30.000000
  3981  1  1  1  -7.692307  10.000000  -30.000000
  3982  1  1  1  -11.538462  10.000000  -30.000000
  3983  1  1  1  -15.384615  10.000000  -30.000000
  3984  1  1  1  -19.230770  10.000000  -30.000000
  3985  1  1  1  -23.076923  10.000000  -30.000000
  3986  1  1  1  -26.923077  10.000000  -30.000000
  3987  1  1  1  -30.769230  10.000000  -30.000000
  3988  1  1  1  -34.615383  10.000000  -30.000000
  3989  1  1  1  -38.461540  10.000000  -30.000000
  3990  1  1  1  -42.307693  10.000000  -30.000000
  3991  1  1  1  -46.153847  10.000000  -30.000000
  3992  1  1  1  53.846153  10.000000  -30.000000
  3993  1  1  1  57.692307  10.000000  -30.000000
  3994  1  1  1  61.538460  10.000000  -30.000000
  3995  1  1  1  65.384613  10.000000  -30.000000
  3996  1  1  1  69.230766  10.000000  -30.000000
  3997  1  1  1  73.076920  10.000000  -30.000000
  3998  1  1  1  76.923080  10.000000  -30.000000
  3999  1  1  1  80.769234  10.000000  -30.000000
  4000  1  1  1  84.615387  10.000000  -30.000000
  4001  1  1  1  88.461540  10.000000  -30.000000
  4002  1  1  1  92.307693  10.000000  -30.000000
  4003  1  1  1  96.153847  10.000000  -30.000000
  4004  1  1  1  53.333332  10.000000  -28.000000
  4005  1  1  1  56.666668  10.000000  -26.000000
  4006  1  1  1  60.000000  10.000000  -24.000000
  4007  1  1  1  63.333332  10.000000  -22.000000
  4008  1  1  1  66.666664  10.000000  -20.000000
  4009  1  1  1  70.000000  10.000000  -18.000000
  4010  1  1  1  73.333336  10.000000  -16.000000
  4011  1  1  1  76.666664  10.000000  -14.000000
  4012  1  1  1  80.000000  10.000000  -12.000000
  4013  1  1  1  83.333336  10.000000  -10.000000
  4014  1  1  1  86.666664  10.000000  -8.000000
  4015  1  1  1  90.000000  10.000000  -6.000000
  4016  1  1  1  93.333336  10.000000  -4.000000
  4017  1  1  1  96.666664  10.000000  -2.000000
  4018  1  1  1  100.000000  10.000000  -3.750000
  4019  1  1  1  100.000000  10.000000  -7.500000
  4020  1  1  1  100.000000  10.000000  -11.250000
  4021  1  1  1  100.000000  10.000000  -15.000000
  4022  1  1  1  100.000000  10.000000  -18.750000
  4023  1  1  1  100.000000  10.000000  -22.500000
  4024  1  1  1  100.000000  10.000000  -26.250000
  4025  1  1  1  103.846153  10.000000  -30.000000
  4026  1  1  1  107.692307  10.000000  -30.000000
  4027  1  1  1  111.538460  10.000000  -30.000000
  4028  1  1  1  115.384613  10.000000  -30.000000
  4029  1  1  1  119.230766  10.000000  -30.000000
  4030  1  1  1  123.076920  10.000000  -30.000000
  4031  1  1  1  126.923080  10.000000  -30.000000
  4032  1  1  1  130.769226  10.000000  -30.000000
  4033  1  1  1  134.615387  10.000000  -30.000000
  4034  1  1  1  138.461533  10.000000  -30.000000
  4035  1  1  1  142.307693  10.000000  -30.000000
  4036  1  1  1  146.153839  10.000000  -30.000000
  4037  1  1  1  50.000000  10.000000  -26.250000
  4038  1  1  1  50.000000  10.000000  -22.500000
  4039  1  1  1  50.000000  10.000000  -18.750000
  4040  1  1  1  50.000000  10.000000  -15.000000
  4041  1  1  1  50.000000  10.000000  -11.250000
  4042  1  1  1  50.000000  10.000000  -7.500000
  4043  1  1  1  50.000000  10.000000  -3.750000
  4044  1  1  1  103.333336  10.000000  -2.000000
  4045  1  1  1  106.666664  10.000000  -4.000000
  4046  1  1  1  110.000000  10.000000  -6.000000
  4047  1  1  1  113.333336  10.000000  -8.000000
  4048  1  1  1  116.666664  10.000000  -10.000000
  4049  1  1  1  120.000000  10.000000  -12.000000
  4050  1  1  1  123.333336  10.000000  -14.000000
  4051  1  1  1  126.666664  10.000000  -16.000000
  4052  1  1  1  130.000000  10.000000  -18.000000
  4053  1  1  1  133.333328  10.000000  -20.000000
  4054  1  1  1  136.666672  10.000000  -22.000000
  4055  1  1  1  140.000000  10.000000  -24.000000
  4056  1  1  1  143.333328  10.000000  -26.000000
  4057  1  1  1  146.666672  10.000000  -28.000000
  4058  1  1  1  153.846161  10.000000  -30.000000
  4059  1  1  1  157.692307  10.000000  -30.000000
  4060  1  1  1  161.538467  10.000000  -30.000000
  4061  1  1  1  165.384613  10.000000  -30.000000
  4062  1  1  1  169.230774  10.000000  -30.000000
  4063  1  1  1  173.076920  10.000000  -30.000000
  4064  1  1  1  176.923080  10.000000  -30.000000
  4065  1  1  1  180.769226  10.000000  -30.000000
  4066  1  1  1  184.615387  10.000000  -30.000000
  4067  1  1  1  188.461533  10.000000  -30.000000
  4068  1  1  1  192.307693  10.000000  -30.000000
  4069  1  1  1  196.153839  10.000000  -30.000000
  4070  1  1  1  153.333328  10.000000  -28.000000
  4071  1  1  1  156.666672  10.000000  -26.000000
  4072  1  1  1  160.000000  10.000000  -24.000000
  4073  1  1  1  163.333328  10.000000  -22.000000
  4074  1  1  1  166.666672  10.000000  -20.000000
  4075  1  1  1  170.000000  10.000000  -18.000000
  4076  1  1  1  173.333328  10.000000  -16.000000
  4077  1  1  1  176.666672  10.000000  -14.000000
  4078  1  1  1  180.000000  10.000000  -12.000000
  4079  1  1  1  183.333328  10.000000  -10.000000
  4080  1  1  1  186.666672  10.000000  -8.000000
  4081  1  1  1  190.000000  10.000000  -6.000000
  4082  1  1  1  193.333328  10.000000  -4.000000
  4083  1  1  1  196.666672  10.000000  -2.000000
  4084  1  1  1  200.000000  10.000000  -3.750000
  4085  1  1  1  200.000000  10.000000  -7.500000
  4086  1  1  1  200.000000  10.000000  -11.250000
  4087  1  1  1  200.000000  10.000000  -15.000000
  4088  1  1  1  200.000000  10.000000  -18.750000
  4089  1  1  1  200.000000  10.000000  -22.500000
  4090  1  1  1  200.000000  10.000000  -26.250000
  4091  1  1  1  203.846161  10.000000  -30.000000
  4092  1  1  1  207.692307  10.000000  -30.000000
  4093  1  1  1  211.538467  10.000000  -30.000000
  4094  1  1  1  215.384613  10.000000  -30.000000
  4095  1  1  1  219.230774  10.000000  -30.000000
  4096  1  1  1  223.076920  10.000000  -30.000000
  4097  1  1  1  226.923080  10.000000  -30.000000
  4098  1  1  1  230.769226  10.000000  -30.000000
  4099  1  1  1  234.615387  10.000000  -30.000000
  4100  1  1  1  238.461533  10.000000  -30.000000
  4101  1  1  1  242.307693  10.000000  -30.000000
  4102  1  1  1  246.153839  10.000000  -30.000000
  4103  1  1  1  150.000000  10.000000  -26.250000
  4104  1  1  1  150.000000  10.000000  -22.500000
  4105  1  1  1  150.000000  10.000000  -18.750000
  4106  1  1  1  150.000000  10.000000  -15.000000
  4107  1  1  1  150.000000  10.000000  -11.250000
  4108  1  1  1  150.000000  10.000000  -7.500000
  4109  1  1  1  150.000000  10.000000  -3.750000
  4110  1  1  1  203.333328  10.000000  -2.000000
  4111  1  1  1  206.666672  10.000000  -4.000000
  4112  1  1  1  210.000000  10.000000  -6.000000
  4113  1  1  1  213.333328  10.000000  -8.000000
  4114  1  1  1  216.666672  10.000000  -10.000000
  4115  1  1  1  220.000000  10.000000  -12.000000
  4116  1  1  1  223.333328  10.000000  -14.000000
  4117  1  1  1  226.666672  10.000000  -16.000000
  4118  1  1  1  230.000000  10.000000  -18.000000
  4119  1  1  1  233.333328  10.000000  -20.000000
  4120  1  1  1  236.666672  10.000000  -22.000000
  4121  1  1  1  240.000000  10.000000  -24.000000
  4122  1  1  1  243.333328  10.000000  -26.000000
  4123  1  1  1  246.666672  10.000000  -28.000000
  4124  1  1  1  -50.000000  -10.000000  -0.000000
  4125  1  1  1  -0.000000  -10.000000  150.000000
  4126  1  1  1  -100.000000  -10.000000  -0.000000
  4127  1  1  1  -0.000000  -10.000000  150.000000
  4128  1  1  1  -150.000000  -10.000000  -0.000000
  4129  1  1  1  -0.000000  -10.000000  150.000000
  4130  1  1  1  -200.000000  -10.000000  -0.000000
  4131  1  1  1  -0.000000  -10.000000  150.000000
  4132  1  1  1  -250.000000  -10.000000  -0.000000
  4133  1  1  1  -0.000000  -10.000000  150.000000
  4134  1  1  1  -50.000000  10.000000  -0.000000
  4135  1  1  1  -0.000000  10.000000  150.000000
  4136  1  1  1  -100.000000  10.000000  -0.000000
  4137  1  1  1  -0.000000  10.000000  150.000000
  4138  1  1  1  -150.000000  10.000000  -0.000000
  4139  1  1  1  -0.000000  10.000000  150.000000
  4140  1  1  1  -200.000000  10.000000  -0.000000
  4141  1  1  1  -0.000000  10.000000  150.000000
  4142  1  1  1  -250.000000  10.000000  -0.000000
  4143  1  1  1  -0.000000  10.000000  150.000000
  4144  1  1  1  50.000000  -10.000000  0.000000
  4145  1  1  1  0.000000  -10.000000  150.000000
  4146  1  1  1  100.000000  -10.000000  0.000000
  4147  1  1  1  0.000000  -10.000000  150.000000
  4148  1  1  1  150.000000  -10.000000  0.000000
  4149  1  1  1  0.000000  -10.000000  150.000000
  4150  1  1  1  200.000000  -10.000000  0.000000
  4151  1  1  1  0.000000  -10.000000  150.000000
  4152  1  1  1  250.000000  -10.000000  0.000000
  4153  1  1  1  0.000000  -10.000000  150.000000
  4154  1  1  1  50.000000  10.000000  0.000000
  4155  1  1  1  0.000000  10.000000  150.000000
  4156  1  1  1  100.000000  10.000000  0.000000
  4157  1  1  1  0.000000  10.000000  150.000000
  4158  1  1  1  150.000000  10.000000  0.000000
  4159  1  1  1  0.000000  10.000000  150.000000
  4160  1  1  1  200.000000  10.000000  0.000000
  4161  1  1  1  0.000000  10.000000  150.000000
  4162  1  1  1  250.000000  10.000000  0.000000
  4163  1  1  1  0.000000  10.000000  150.000000
  1  4091  1  3  -2.632930e+06  2  3  -2.632930e+06  3  3  -2.180815e+06  4  3  -2.180815e+06  5  3  -1.947907e+06  6  3  -1.947907e+06  7  3  -1.650086e+06  8  3  -1.650086e+06  9  3  -1.766804e+05  10  3  -1.766804e+05  11  3  -1.650086e+06  12  3  -1.650086e+06  13  3  -1.947907e+06  14  3  -1.947907e+06  15  3  -2.180815e+06  16  3  -2.180815e+06  17  3  -2.632930e+06  18  3  -2.632930e+06  23  3  -1.160000e+05  24  3  -1.160000e+05  25  3  -1.160000e+05  26  3  -5.800000e+04  27  3  -5.800000e+04  28  3  -5.800000e+04  29  3  -5.800000e+04  30  3  -5.800000e+04  31  3  -5.800000e+04  32  3  -5.800000e+04  33  3  -5.800000e+04  34  3  -5.800000e+04  35  3  -1.160000e+05  36  3  -1.160000e+05  37  3  -1.160000e+05  38  3  -5.800000e+04  39  3  -5.800000e+04  40  3  -5.800000e+04  41  3  -5.800000e+04  42  3  -5.800000e+04  43  3  -5.800000e+04  44  3  -5.800000e+04  45  3  -5.800000e+04  46  3  -5.800000e+04  47  3  -5.800000e+04  48  3  -5.800000e+04  49  3  -5.800000e+04  50  3  -5.800000e+04  51  3  -5.800000e+04  52  3  -5.800000e+04  53  3  -5.800000e+04  54  3  -5.800000e+04  55  3  -5.800000e+04  56  3  -1.160000e+05  57  3  -1.160000e+05  58  3  -1.160000e+05  59  3  -5.800000e+04  60  3  -5.800000e+04  61  3  -5.800000e+04  62  3  -5.800000e+04  63  3  -5.800000e+04  64  3  -5.800000e+04  65  3  -5.800000e+04  66  3  -5.800000e+04  67  3  -5.800000e+04  68  3  -5.800000e+04  69  3  -5.800000e+04  70  3  -5.800000e+04  71  3  -5.800000e+04  72  3  -5.800000e+04  73  3  -5.800000e+04  74  3  -5.800000e+04  75  3  -5.800000e+04  76  3  -5.800000e+04  77  3  -1.160000e+05  78  3  -1.160000e+05  79  3  -1.160000e+05  80  3  -5.800000e+04  81  3  -5.800000e+04  82  3  -5.800000e+04  83  3  -5.800000e+04  84  3  -5.800000e+04  85  3  -5.800000e+04  86  3  -5.800000e+04  87  3  -5.800000e+04  88  3  -5.800000e+04  89  3  -5.800000e+04  90  3  -5.800000e+04  91  3  -5.800000e+04  92  3  -5.800000e+04  93  3  -5.800000e+04  94  3  -5.800000e+04  95  3  -5.800000e+04  96  3  -5.800000e+04  97  3  -5.800000e+04  98  3  -1.160000e+05  99  3  -1.160000e+05  100  3  -1.160000e+05  101  3  -5.800000e+04  102  3  -5.800000e+04  103  3  -5.800000e+04  104  3  -5.800000e+04  105  3  -5.800000e+04  106  3  -5.800000e+04  107  3  -5.800000e+04  108  3  -5.800000e+04  109  3  -5.800000e+04  110  3  -5.800000e+04  111  3  -5.800000e+04  112  3  -5.800000e+04  113  3  -5.800000e+04  114  3  -5.800000e+04  115  3  -5.800000e+04  116  3  -5.800000e+04  117  3  -5.800000e+04  118  3  -5.800000e+04  119  3  -1.160000e+05  120  3  -1.160000e+05  121  3  -1.160000e+05  122  3  -5.800000e+04  123  3  -5.800000e+04  124  3  -5.800000e+04  125  3  -5.800000e+04  126  3  -5.800000e+04  127  3  -5.800000e+04  128  3  -5.800000e+04  129  3  -5.800000e+04  130  3  -5.800000e+04  131  3  -5.800000e+04  132  3  -5.800000e+04  133  3  -5.800000e+04  134  3  -5.800000e+04  135  3  -5.800000e+04  136  3  -5.800000e+04  137  3  -5.800000e+04  138  3  -5.800000e+04  139  3  -5.800000e+04  140  3  -1.160000e+05  141  3  -1.160000e+05  142  3  -1.160000e+05  143  3  -5.800000e+04  144  3  -5.800000e+04  145  3  -5.800000e+04  146  3  -5.800000e+04  147  3  -5.800000e+04  148  3  -5.800000e+04  149  3  -5.800000e+04  150  3  -5.800000e+04  151  3  -5.800000e+04  152  3  -5.800000e+04  153  3  -5.800000e+04  154  3  -5.800000e+04  155  3  -5.800000e+04  156  3  -5.800000e+04  157  3  -5.800000e+04  158  3  -5.800000e+04  159  3  -5.800000e+04  160  3  -5.800000e+04  161  3  -1.160000e+05  162  3  -1.160000e+05  163  3  -1.160000e+05  164  3  -5.800000e+04  165  3  -5.800000e+04  166  3  -5.800000e+04  167  3  -5.800000e+04  168  3  -5.800000e+04  169  3  -5.800000e+04  170  3  -5.800000e+04  171  3  -5.800000e+04  172  3  -5.800000e+04  173  3  -5.800000e+04  174  3  -5.800000e+04  175  3  -5.800000e+04  176  3  -5.800000e+04  177  3  -5.800000e+04  178  3  -5.800000e+04  179  3  -5.800000e+04  180  3  -5.800000e+04  181  3  -5.800000e+04  182  3  -1.160000e+05  183  3  -1.160000e+05  184  3  -1.160000e+05  185  3  -5.800000e+04  186  3  -5.800000e+04  187  3  -5.800000e+04  188  3  -5.800000e+04  189  3  -5.800000e+04  190  3  -5.800000e+04  191  3  -5.800000e+04  192  3  -5.800000e+04  193  3  -5.800000e+04  194  3  -5.800000e+04  195  3  -5.800000e+04  196  3  -5.800000e+04  197  3  -5.800000e+04  198  3  -5.800000e+04  199  3  -5.800000e+04  200  3  -5.800000e+04  201  3  -5.800000e+04  202  3  -5.800000e+04  206  3  -5.800000e+04  207  3  -5.800000e+04  208  3  -5.800000e+04  209  3  -5.800000e+04  210  3  -5.800000e+04  211  3  -5.800000e+04  212  3  -5.800000e+04  213  3  -5.800000e+04  214  3  -5.800000e+04  215  3  -5.800000e+04  216  3  -5.800000e+04  217  3  -5.800000e+04  218  3  -5.800000e+04  219  3  -5.800000e+04  220  3  -5.800000e+04  221  3  -5.800000e+04  222  3  -5.800000e+04  223  3  -5.800000e+04  227  3  -5.800000e+04  228  3  -5.800000e+04  229  3  -5.800000e+04  230  3  -5.800000e+04  231  3  -5.800000e+04  232  3  -5.800000e+04  233  3  -5.800000e+04  234  3  -5.800000e+04  235  3  -5.800000e+04  236  3  -1.160000e+05  237  3  -1.160000e+05  238  3  -1.160000e+05  239  3  -1.160000e+05  240  3  -1.160000e+05  241  3  -1.160000e+05  242  3  -1.160000e+05  243  3  -1.160000e+05  244  3  -1.160000e+05  245  3  -1.160000e+05  246  3  -1.160000e+05  247  3  -1.160000e+05  248  3  -1.160000e+05  249  3  -1.160000e+05  250  3  -1.160000e+05  251  3  -1.160000e+05  252  3  -1.160000e+05  253  3  -1.160000e+05  254  3  -1.160000e+05  255  3  -1.160000e+05  256  3  -1.160000e+05  257  3  -1.160000e+05  258  3  -1.160000e+05  259  3  -1.160000e+05  260  3  -1.160000e+05  261  3  -1.160000e+05  262  3  -1.160000e+05  263  3  -1.160000e+05  264  3  -1.160000e+05  265  3  -1.160000e+05  266  3  -1.160000e+05  267  3  -1.160000e+05  268  3  -1.160000e+05  269  3  -1.160000e+05  270  3  -1.160000e+05  271  3  -1.160000e+05  272  3  -1.160000e+05  273  3  -1.160000e+05  274  3  -1.160000e+05  275  3  -1.160000e+05  276  3  -1.160000e+05  277  3  -1.160000e+05  278  3  -1.160000e+05  279  3  -1.160000e+05  280  3  -1.160000e+05  281  3  -1.160000e+05  282  3  -1.160000e+05  283  3  -1.160000e+05  284  3  -1.160000e+05  285  3  -1.160000e+05  286  3  -1.160000e+05  287  3  -1.160000e+05  288  3  -1.160000e+05  289  3  -1.160000e+05  290  3  -1.160000e+05  291  3  -1.160000e+05  292  3  -1.160000e+05  293  3  -1.160000e+05  294  3  -1.160000e+05  295  3  -1.160000e+05  296  3  -1.160000e+05  297  3  -1.160000e+05  298  3  -1.160000e+05  299  3  -1.160000e+05  300  3  -1.160000e+05  301  3  -1.160000e+05  302  3  -1.160000e+05  303  3  -1.160000e+05  304  3  -1.160000e+05  305  3  -1.160000e+05  306  3  -1.160000e+05  307  3  -1.160000e+05  308  3  -1.160000e+05  309  3  -1.160000e+05  310  3  -1.160000e+05  311  3  -1.160000e+05  312  3  -1.160000e+05  313  3  -1.160000e+05  314  3  -1.160000e+05  315  3  -1.160000e+05  316  3  -1.160000e+05  317  3  -1.160000e+05  318  3  -1.160000e+05  319  3  -1.160000e+05  320  3  -1.160000e+05  321  3  -1.160000e+05  322  3  -1.160000e+05  323  3  -1.160000e+05  324  3  -1.160000e+05  325  3  -1.160000e+05  326  3  -1.160000e+05  327  3  -1.160000e+05  328  3  -1.160000e+05  329  3  -1.160000e+05  330  3  -1.160000e+05  331  3  -1.160000e+05  332  3  -1.160000e+05  333  3  -1.160000e+05  334  3  -1.160000e+05  335  3  -1.160000e+05  336  3  -1.160000e+05  337  3  -1.160000e+05  338  3  -1.160000e+05  339  3  -1.160000e+05  340  3  -1.160000e+05  341  3  -1.160000e+05  342  3  -1.160000e+05  343  3  -1.160000e+05  344  3  -1.160000e+05  345  3  -1.160000e+05  346  3  -1.160000e+05  347  3  -1.160000e+05  348  3  -1.160000e+05  349  3  -1.160000e+05  350  3  -1.160000e+05  351  3  -1.160000e+05  352  3  -1.160000e+05  353  3  -1.160000e+05  354  3  -1.160000e+05  355  3  -1.160000e+05  356  3  -1.160000e+05  357  3  -1.160000e+05  358  3  -1.160000e+05  359  3  -1.160000e+05  360  3  -1.160000e+05  361  3  -1.160000e+05  362  3  -1.160000e+05  363  3  -1.160000e+05  364  3  -1.160000e+05  365  3  -1.160000e+05  366  3  -1.160000e+05  367  3  -1.160000e+05  368  3  -1.160000e+05  369  3  -1.160000e+05  370  3  -1.160000e+05  371  3  -1.160000e+05  372  3  -1.160000e+05  373  3  -1.160000e+05  374  3  -1.160000e+05  375  3  -1.160000e+05  376  3  -1.160000e+05  377  3  -1.160000e+05  378  3  -1.160000e+05  379  3  -1.160000e+05  380  3  -1.160000e+05  381  3  -1.160000e+05  382  3  -1.160000e+05  383  3  -1.160000e+05  384  3  -1.160000e+05  385  3  -1.160000e+05  386  3  -1.160000e+05  387  3  -1.160000e+05  388  3  -1.160000e+05  389  3  -1.160000e+05  390  3  -1.160000e+05  391  3  -1.160000e+05  392  3  -1.160000e+05  393  3  -1.160000e+05  394  3  -1.160000e+05  395  3  -1.160000e+05  396  3  -1.160000e+05  397  3  -1.160000e+05  398  3  -1.160000e+05  399  3  -1.160000e+05  400  3  -1.160000e+05  401  3  -1.160000e+05  402  3  -1.160000e+05  403  3  -1.160000e+05  404  3  -1.160000e+05  405  3  -1.160000e+05  406  3  -1.160000e+05  407  3  -1.160000e+05  408  3  -1.160000e+05  409  3  -1.160000e+05  410  3  -1.160000e+05  411  3  -1.160000e+05  412  3  -1.160000e+05  413  3  -1.160000e+05  414  3  -1.160000e+05  415  3  -1.160000e+05  416  3  -1.160000e+05  417  3  -1.160000e+05  418  3  -1.160000e+05  419  3  -1.160000e+05  420  3  -1.160000e+05  421  3  -1.160000e+05  422  3  -1.160000e+05  423  3  -1.160000e+05  424  3  -1.160000e+05  425  3  -1.160000e+05  426  3  -1.160000e+05  427  3  -1.160000e+05  428  3  -1.160000e+05  429  3  -1.160000e+05  430  3  -1.160000e+05  431  3  -1.160000e+05  432  3  -1.160000e+05  433  3  -1.160000e+05  434  3  -1.160000e+05  435  3  -1.160000e+05  436  3  -1.160000e+05  437  3  -1.160000e+05  438  3  -1.160000e+05  439  3  -1.160000e+05  440  3  -1.160000e+05  441  3  -1.160000e+05  442  3  -1.160000e+05  443  3  -1.160000e+05  444  3  -1.160000e+05  445  3  -1.160000e+05  446  3  -1.160000e+05  447  3  -1.160000e+05  448  3  -1.160000e+05  449  3  -1.160000e+05  450  3  -1.160000e+05  451  3  -1.160000e+05  452  3  -1.160000e+05  453  3  -1.160000e+05  454  3  -1.160000e+05  455  3  -1.160000e+05  456  3  -1.160000e+05  457  3  -1.160000e+05  458  3  -1.160000e+05  459  3  -1.160000e+05  460  3  -1.160000e+05  461  3  -1.160000e+05  462  3  -1.160000e+05  463  3  -1.160000e+05  464  3  -1.160000e+05  465  3  -1.160000e+05  466  3  -1.160000e+05  467  3  -1.160000e+05  468  3  -1.160000e+05  469  3  -1.160000e+05  470  3  -1.160000e+05  471  3  -1.160000e+05  472  3  -1.160000e+05  473  3  -1.160000e+05  474  3  -1.160000e+05  475  3  -1.160000e+05  476  3  -1.160000e+05  477  3  -1.160000e+05  478  3  -1.160000e+05  479  3  -1.160000e+05  480  3  -1.160000e+05  481  3  -1.160000e+05  482  3  -1.160000e+05  483  3  -1.160000e+05  484  3  -1.160000e+05  485  3  -1.160000e+05  486  3  -1.160000e+05  487  3  -1.160000e+05  488  3  -1.160000e+05  489  3  -1.160000e+05  490  3  -1.160000e+05  491  3  -1.160000e+05  492  3  -1.160000e+05  493  3  -1.160000e+05  494  3  -1.160000e+05  495  3  -1.160000e+05  496  3  -1.160000e+05  497  3  -1.160000e+05  498  3  -1.160000e+05  499  3  -1.160000e+05  500  3  -1.160000e+05  501  3  -1.160000e+05  502  3  -1.160000e+05  503  3  -1.160000e+05  504  3  -1.160000e+05  505  3  -1.160000e+05  506  3  -9.606250e+05  507  3  -9.606250e+05  508  3  -4.803125e+05  509  3  -4.803125e+05  510  3  -4.893750e+05  511  3  -2.446875e+05  512  3  -2.446875e+05  513  3  -2.195530e+07  514  3  -4.803125e+05  515  3  -4.803125e+05  516  3  -2.446875e+05  517  3  -2.446875e+05  518  3  -1.921250e+06  519  3  -9.606250e+05  520  3  -9.606250e+05  521  3  -9.606250e+05  522  3  -9.606250e+05  523  3  -9.606250e+05  524  3  -9.787500e+05  525  3  -4.893750e+05  526  3  -4.893750e+05  527  3  -4.893750e+05  528  3  -4.893750e+05  529  3  -4.893750e+05  530  3  -9.545833e+05  531  3  -9.425000e+05  532  3  -9.304167e+05  533  3  -9.183333e+05  534  3  -9.062500e+05  535  3  -8.941667e+05  536  3  -8.820833e+05  537  3  -8.700000e+05  538  3  -8.579167e+05  539  3  -8.458333e+05  540  3  -8.337500e+05  541  3  -8.216667e+05  542  3  -8.095833e+05  543  3  -7.975000e+05  544  3  -7.854167e+05  545  3  -7.733333e+05  546  3  -7.612500e+05  547  3  -7.491667e+05  548  3  -7.370833e+05  549  3  -7.250000e+05  550  3  -7.129167e+05  551  3  -7.008333e+05  552  3  -6.887500e+05  553  3  -6.766667e+05  554  3  -6.645833e+05  555  3  -6.525000e+05  556  3  -6.404167e+05  557  3  -6.283333e+05  558  3  -6.162500e+05  559  3  -6.041667e+05  560  3  -5.920833e+05  561  3  -5.800000e+05  562  3  -5.679167e+05  563  3  -5.558333e+05  564  3  -5.437500e+05  565  3  -5.316667e+05  566  3  -5.195833e+05  567  3  -5.075000e+05  568  3  -4.954167e+05  569  3  -9.908333e+05  570  3  -1.015000e+06  571  3  -1.039167e+06  572  3  -1.063333e+06  573  3  -1.087500e+06  574  3  -1.111667e+06  575  3  -1.135833e+06  576  3  -1.160000e+06  577  3  -1.184167e+06  578  3  -1.208333e+06  579  3  -1.232500e+06  580  3  -1.256667e+06  581  3  -1.280833e+06  582  3  -1.305000e+06  583  3  -1.329167e+06  584  3  -1.353333e+06  585  3  -1.377500e+06  586  3  -1.401667e+06  587  3  -1.425833e+06  588  3  -1.450000e+06  589  3  -1.474167e+06  590  3  -1.498333e+06  591  3  -1.522500e+06  592  3  -1.546667e+06  593  3  -1.570833e+06  594  3  -1.595000e+06  595  3  -1.619167e+06  596  3  -1.643333e+06  597  3  -1.667500e+06  598  3  -1.691667e+06  599  3  -1.715833e+06  600  3  -1.740000e+06  601  3  -1.764167e+06  602  3  -1.788333e+06  603  3  -1.812500e+06  604  3  -1.836667e+06  605  3  -1.860833e+06  606  3  -1.885000e+06  607  3  -1.909167e+06  608  3  -4.954167e+05  609  3  -5.075000e+05  610  3  -5.195833e+05  611  3  -5.316667e+05  612  3  -5.437500e+05  613  3  -5.558333e+05  614  3  -5.679167e+05  615  3  -5.800000e+05  616  3  -5.920833e+05  617  3  -6.041667e+05  618  3  -6.162500e+05  619  3  -6.283333e+05  620  3  -6.404167e+05  621  3  -6.525000e+05  622  3  -6.645833e+05  623  3  -6.766667e+05  624  3  -6.887500e+05  625  3  -7.008333e+05  626  3  -7.129167e+05  627  3  -7.250000e+05  628  3  -7.370833e+05  629  3  -7.491667e+05  630  3  -7.612500e+05  631  3  -7.733333e+05  632  3  -7.854167e+05  633  3  -7.975000e+05  634  3  -8.095833e+05  635  3  -8.216667e+05  636  3  -8.337500e+05  637  3  -8.458333e+05  638  3  -8.579167e+05  639  3  -8.700000e+05  640  3  -8.820833e+05  641  3  -8.941667e+05  642  3  -9.062500e+05  643  3  -9.183333e+05  644  3  -9.304167e+05  645  3  -9.425000e+05  646  3  -9.545833e+05  647  3  -1.909167e+06  648  3  -1.885000e+06  649  3  -1.860833e+06  650  3  -1.836667e+06  651  3  -1.812500e+06  652  3  -1.788333e+06  653  3  -1.764167e+06  654  3  -1.740000e+06  655  3  -1.715833e+06  656  3  -1.691667e+06  657  3  -1.667500e+06  658  3  -1.643333e+06  659  3  -1.619167e+06  660  3  -1.595000e+06  661  3  -1.570833e+06  662  3  -1.546667e+06  663  3  -1.522500e+06  664  3  -1.498333e+06  665  3  -1.474167e+06  666  3  -1.450000e+06  667  3  -1.425833e+06  668  3  -1.401667e+06  669  3  -1.377500e+06  670  3  -1.353333e+06  671  3  -1.329167e+06  672  3  -1.305000e+06  673  3  -1.280833e+06  674  3  -1.256667e+06  675  3  -1.232500e+06  676  3  -1.208333e+06  677  3  -1.184167e+06  678  3  -1.160000e+06  679  3  -1.135833e+06  680  3  -1.111667e+06  681  3  -1.087500e+06  682  3  -1.063333e+06  683  3  -1.039167e+06  684  3  -1.015000e+06  685  3  -9.908333e+05  686  3  -9.606250e+05  687  3  -9.606250e+05  688  3  -9.606250e+05  689  3  -9.606250e+05  690  3  -9.606250e+05  691  3  -4.893750e+05  692  3  -4.893750e+05  693  3  -4.893750e+05  694  3  -4.893750e+05  695  3  -4.893750e+05  696  3  -9.545833e+05  697  3  -9.425000e+05  698  3  -9.304167e+05  699  3  -9.183333e+05  700  3  -9.062500e+05  701  3  -8.941667e+05  702  3  -8.820833e+05  703  3  -8.700000e+05  704  3  -8.579167e+05  705  3  -8.458333e+05  706  3  -8.337500e+05  707  3  -8.216667e+05  708  3  -8.095833e+05  709  3  -7.975000e+05  710  3  -7.854167e+05  711  3  -7.733333e+05  712  3  -7.612500e+05  713  3  -7.491667e+05  714  3  -7.370833e+05  715  3  -7.250000e+05  716  3  -7.129167e+05  717  3  -7.008333e+05  718  3  -6.887500e+05  719  3  -6.766667e+05  720  3  -6.645833e+05  721  3  -6.525000e+05  722  3  -6.404167e+05  723  3  -6.283333e+05  724  3  -6.162500e+05  725  3  -6.041667e+05  726  3  -5.920833e+05  727  3  -5.800000e+05  728  3  -5.679167e+05  729  3  -5.558333e+05  730  3  -5.437500e+05  731  3  -5.316667e+05  732  3  -5.195833e+05  733  3  -5.075000e+05  734  3  -4.954167e+05  735  3  -4.954167e+05  736  3  -5.075000e+05  737  3  -5.195833e+05  738  3  -5.316667e+05  739  3  -5.437500e+05  740  3  -5.558333e+05  741  3  -5.679167e+05  742  3  -5.800000e+05  743  3  -5.920833e+05  744  3  -6.041667e+05  745  3  -6.162500e+05  746  3  -6.283333e+05  747  3  -6.404167e+05  748  3  -6.525000e+05  749  3  -6.645833e+05  750  3  -6.766667e+05  751  3  -6.887500e+05  752  3  -7.008333e+05  753  3  -7.129167e+05  754  3  -7.250000e+05  755  3  -7.370833e+05  756  3  -7.491667e+05  757  3  -7.612500e+05  758  3  -7.733333e+05  759  3  -7.854167e+05  760  3  -7.975000e+05  761  3  -8.095833e+05  762  3  -8.216667e+05  763  3  -8.337500e+05  764  3  -8.458333e+05  765  3  -8.579167e+05  766  3  -8.700000e+05  767  3  -8.820833e+05  768  3  -8.941667e+05  769  3  -9.062500e+05  770  3  -9.183333e+05  771  3  -9.304167e+05  772  3  -9.425000e+05  773  3  -9.545833e+05  774  3  -1.921250e+06  775  3  -1.921250e+06  776  3  -9.787500e+05  777  3  -9.787500e+05  778  3  -1.909167e+06  779  3  -1.909167e+06  780  3  -1.885000e+06  781  3  -1.885000e+06  782  3  -1.860833e+06  783  3  -1.860833e+06  784  3  -1.836667e+06  785  3  -1.836667e+06  786  3  -1.812500e+06  787  3  -1.812500e+06  788  3  -1.788333e+06  789  3  -1.788333e+06  790  3  -1.764167e+06  791  3  -1.764167e+06  792  3  -1.740000e+06  793  3  -1.740000e+06  794  3  -1.715833e+06  795  3  -1.715833e+06  796  3  -1.691667e+06  797  3  -1.691667e+06  798  3  -1.667500e+06  799  3  -1.667500e+06  800  3  -1.643333e+06  801  3  -1.643333e+06  802  3  -1.619167e+06  803  3  -1.619167e+06  804  3  -1.595000e+06  805  3  -1.595000e+06  806  3  -1.570833e+06  807  3  -1.570833e+06  808  3  -1.546667e+06  809  3  -1.546667e+06  810  3  -1.522500e+06  811  3  -1.522500e+06  812  3  -1.498333e+06  813  3  -1.498333e+06  814  3  -1.474167e+06  815  3  -1.474167e+06  816  3  -1.450000e+06  817  3  -1.450000e+06  818  3  -1.425833e+06  819  3  -1.425833e+06  820  3  -1.401667e+06  821  3  -1.401667e+06  822  3  -1.377500e+06  823  3  -1.377500e+06  824  3  -1.353333e+06  825  3  -1.353333e+06  826  3  -1.329167e+06  827  3  -1.329167e+06  828  3  -1.305000e+06  829  3  -1.305000e+06  830  3  -1.280833e+06  831  3  -1.280833e+06  832  3  -1.256667e+06  833  3  -1.256667e+06  834  3  -1.232500e+06  835  3  -1.232500e+06  836  3  -1.208333e+06  837  3  -1.208333e+06  838  3  -1.184167e+06  839  3  -1.184167e+06  840  3  -1.160000e+06  841  3  -1.160000e+06  842  3  -1.135833e+06  843  3  -1.135833e+06  844  3  -1.111667e+06  845  3  -1.111667e+06  846  3  -1.087500e+06  847  3  -1.087500e+06  848  3  -1.063333e+06  849  3  -1.063333e+06  850  3  -1.039167e+06  851  3  -1.039167e+06  852  3  -1.015000e+06  853  3  -1.015000e+06  854  3  -9.908333e+05  855  3  -9.908333e+05  856  3  -1.909167e+06  857  3  -1.909167e+06  858  3  -1.885000e+06  859  3  -1.885000e+06  860  3  -1.860833e+06  861  3  -1.860833e+06  862  3  -1.836667e+06  863  3  -1.836667e+06  864  3  -1.812500e+06  865  3  -1.812500e+06  866  3  -1.788333e+06  867  3  -1.788333e+06  868  3  -1.764167e+06  869  3  -1.764167e+06  870  3  -1.740000e+06  871  3  -1.740000e+06  872  3  -1.715833e+06  873  3  -1.715833e+06  874  3  -1.691667e+06  875  3  -1.691667e+06  876  3  -1.667500e+06  877  3  -1.667500e+06  878  3  -1.643333e+06  879  3  -1.643333e+06  880  3  -1.619167e+06  881  3  -1.619167e+06  882  3  -1.595000e+06  883  3  -1.595000e+06  884  3  -1.570833e+06  885  3  -1.570833e+06  886  3  -1.546667e+06  887  3  -1.546667e+06  888  3  -1.522500e+06  889  3  -1.522500e+06  890  3  -1.498333e+06  891  3  -1.498333e+06  892  3  -1.474167e+06  893  3  -1.474167e+06  894  3  -1.450000e+06  895  3  -1.450000e+06  896  3  -1.425833e+06  897  3  -1.425833e+06  898  3  -1.401667e+06  899  3  -1.401667e+06  900  3  -1.377500e+06  901  3  -1.377500e+06  902  3  -1.353333e+06  903  3  -1.353333e+06  904  3  -1.329167e+06  905  3  -1.329167e+06  906  3  -1.305000e+06  907  3  -1.305000e+06  908  3  -1.280833e+06  909  3  -1.280833e+06  910  3  -1.256667e+06  911  3  -1.256667e+06  912  3  -1.232500e+06  913  3  -1.232500e+06  914  3  -1.208333e+06  915  3  -1.208333e+06  916  3  -1.184167e+06  917  3  -1.184167e+06  918  3  -1.160000e+06  919  3  -1.160000e+06  920  3  -1.135833e+06  921  3  -1.135833e+06  922  3  -1.111667e+06  923  3  -1.111667e+06  924  3  -1.087500e+06  925  3  -1.087500e+06  926  3  -1.063333e+06  927  3  -1.063333e+06  928  3  -1.039167e+06  929  3  -1.039167e+06  930  3  -1.015000e+06  931  3  -1.015000e+06  932  3  -9.908333e+05  933  3  -9.908333e+05  934  3  -3.818333e+06  935  3  -3.770000e+06  936  3  -3.721667e+06  937  3  -3.673333e+06  938  3  -3.625000e+06  939  3  -3.576667e+06  940  3  -3.528333e+06  941  3  -3.480000e+06  942  3  -3.431667e+06  943  3  -3.383333e+06  944  3  -3.335000e+06  945  3  -3.286667e+06  946  3  -3.238333e+06  947  3  -3.190000e+06  948  3  -3.141667e+06  949  3  -3.093333e+06  950  3  -3.045000e+06  951  3  -2.996667e+06  952  3  -2.948333e+06  953  3  -2.900000e+06  954  3  -2.851667e+06  955  3  -2.803333e+06  956  3  -2.755000e+06  957  3  -2.706667e+06  958  3  -2.658333e+06  959  3  -2.610000e+06  960  3  -2.561667e+06  961  3  -2.513333e+06  962  3  -2.465000e+06  963  3  -2.416667e+06  964  3  -2.368333e+06  965  3  -2.320000e+06  966  3  -2.271667e+06  967  3  -2.223333e+06  968  3  -2.175000e+06  969  3  -2.126667e+06  970  3  -2.078333e+06  971  3  -2.030000e+06  972  3  -1.981667e+06  973  3  -1.909167e+06  974  3  -1.885000e+06  975  3  -1.860833e+06  976  3  -1.836667e+06  977  3  -1.812500e+06  978  3  -1.788333e+06  979  3  -1.764167e+06  980  3  -1.740000e+06  981  3  -1.715833e+06  982  3  -1.691667e+06  983  3  -1.667500e+06  984  3  -1.643333e+06  985  3  -1.619167e+06  986  3  -1.595000e+06  987  3  -1.570833e+06  988  3  -1.546667e+06  989  3  -1.522500e+06  990  3  -1.498333e+06  991  3  -1.474167e+06  992  3  -1.450000e+06  993  3  -1.425833e+06  994  3  -1.401667e+06  995  3  -1.377500e+06  996  3  -1.353333e+06  997  3  -1.329167e+06  998  3  -1.305000e+06  999  3  -1.280833e+06  1000  3  -1.256667e+06  1001  3  -1.232500e+06  1002  3  -1.208333e+06  1003  3  -1.184167e+06  1004  3  -1.160000e+06  1005  3  -1.135833e+06  1006  3  -1.111667e+06  1007  3  -1.087500e+06  1008  3  -1.063333e+06  1009  3  -1.039167e+06  1010  3  -1.015000e+06  1011  3  -9.908333e+05  1012  3  -1.921250e+06  1013  3  -1.921250e+06  1014  3  -9.787500e+05  1015  3  -9.787500e+05  1016  3  -1.909167e+06  1017  3  -1.909167e+06  1018  3  -1.885000e+06  1019  3  -1.885000e+06  1020  3  -1.860833e+06  1021  3  -1.860833e+06  1022  3  -1.836667e+06  1023  3  -1.836667e+06  1024  3  -1.812500e+06  1025  3  -1.812500e+06  1026  3  -1.788333e+06  1027  3  -1.788333e+06  1028  3  -1.764167e+06  1029  3  -1.764167e+06  1030  3  -1.740000e+06  1031  3  -1.740000e+06  1032  3  -1.715833e+06  1033  3  -1.715833e+06  1034  3  -1.691667e+06  1035  3  -1.691667e+06  1036  3  -1.667500e+06  1037  3  -1.667500e+06  1038  3  -1.643333e+06  1039  3  -1.643333e+06  1040  3  -1.619167e+06  1041  3  -1.619167e+06  1042  3  -1.595000e+06  1043  3  -1.595000e+06  1044  3  -1.570833e+06  1045  3  -1.570833e+06  1046  3  -1.546667e+06  1047  3  -1.546667e+06  1048  3  -1.522500e+06  1049  3  -1.522500e+06  1050  3  -1.498333e+06  1051  3  -1.498333e+06  1052  3  -1.474167e+06  1053  3  -1.474167e+06  1054  3  -1.450000e+06  1055  3  -1.450000e+06  1056  3  -1.425833e+06  1057  3  -1.425833e+06  1058  3  -1.401667e+06  1059  3  -1.401667e+06  1060  3  -1.377500e+06  1061  3  -1.377500e+06  1062  3  -1.353333e+06  1063  3  -1.353333e+06  1064  3  -1.329167e+06  1065  3  -1.329167e+06  1066  3  -1.305000e+06  1067  3  -1.305000e+06  1068  3  -1.280833e+06  1069  3  -1.280833e+06  1070  3  -1.256667e+06  1071  3  -1.256667e+06  1072  3  -1.232500e+06  1073  3  -1.232500e+06  1074  3  -1.208333e+06  1075  3  -1.208333e+06  1076  3  -1.184167e+06  1077  3  -1.184167e+06  1078  3  -1.160000e+06  1079  3  -1.160000e+06  1080  3  -1.135833e+06  1081  3  -1.135833e+06  1082  3  -1.111667e+06  1083  3  -1.111667e+06  1084  3  -1.087500e+06  1085  3  -1.087500e+06  1086  3  -1.063333e+06  1087  3  -1.063333e+06  1088  3  -1.039167e+06  1089  3  -1.039167e+06  1090  3  -1.015000e+06  1091  3  -1.015000e+06  1092  3  -9.908333e+05  1093  3  -9.908333e+05  1094  3  -1.909167e+06  1095  3  -1.909167e+06  1096  3  -1.885000e+06  1097  3  -1.885000e+06  1098  3  -1.860833e+06  1099  3  -1.860833e+06  1100  3  -1.836667e+06  1101  3  -1.836667e+06  1102  3  -1.812500e+06  1103  3  -1.812500e+06  1104  3  -1.788333e+06  1105  3  -1.788333e+06  1106  3  -1.764167e+06  1107  3  -1.764167e+06  1108  3  -1.740000e+06  1109  3  -1.740000e+06  1110  3  -1.715833e+06  1111  3  -1.715833e+06  1112  3  -1.691667e+06  1113  3  -1.691667e+06  1114  3  -1.667500e+06  1115  3  -1.667500e+06  1116  3  -1.643333e+06  1117  3  -1.643333e+06  1118  3  -1.619167e+06  1119  3  -1.619167e+06  1120  3  -1.595000e+06  1121  3  -1.595000e+06  1122  3  -1.570833e+06  1123  3  -1.570833e+06  1124  3  -1.546667e+06  1125  3  -1.546667e+06  1126  3  -1.522500e+06  1127  3  -1.522500e+06  1128  3  -1.498333e+06  1129  3  -1.498333e+06  1130  3  -1.474167e+06  1131  3  -1.474167e+06  1132  3  -1.450000e+06  1133  3  -1.450000e+06  1134  3  -1.425833e+06  1135  3  -1.425833e+06  1136  3  -1.401667e+06  1137  3  -1.401667e+06  1138  3  -1.377500e+06  1139  3  -1.377500e+06  1140  3  -1.353333e+06  1141  3  -1.353333e+06  1142  3  -1.329167e+06  1143  3  -1.329167e+06  1144  3  -1.305000e+06  1145  3  -1.305000e+06  1146  3  -1.280833e+06  1147  3  -1.280833e+06  1148  3  -1.256667e+06  1149  3  -1.256667e+06  1150  3  -1.232500e+06  1151  3  -1.232500e+06  1152  3  -1.208333e+06  1153  3  -1.208333e+06  1154  3  -1.184167e+06  1155  3  -1.184167e+06  1156  3  -1.160000e+06  1157  3  -1.160000e+06  1158  3  -1.135833e+06  1159  3  -1.135833e+06  1160  3  -1.111667e+06  1161  3  -1.111667e+06  1162  3  -1.087500e+06  1163  3  -1.087500e+06  1164  3  -1.063333e+06  1165  3  -1.063333e+06  1166  3  -1.039167e+06  1167  3  -1.039167e+06  1168  3  -1.015000e+06  1169  3  -1.015000e+06  1170  3  -9.908333e+05  1171  3  -9.908333e+05  1172  3  -1.909167e+06  1173  3  -1.885000e+06  1174  3  -1.860833e+06  1175  3  -1.836667e+06  1176  3  -1.812500e+06  1177  3  -1.788333e+06  1178  3  -1.764167e+06  1179  3  -1.740000e+06  1180  3  -1.715833e+06  1181  3  -1.691667e+06  1182  3  -1.667500e+06  1183  3  -1.643333e+06  1184  3  -1.619167e+06  1185  3  -1.595000e+06  1186  3  -1.570833e+06  1187  3  -1.546667e+06  1188  3  -1.522500e+06  1189  3  -1.498333e+06  1190  3  -1.474167e+06  1191  3  -1.450000e+06  1192  3  -1.425833e+06  1193  3  -1.401667e+06  1194  3  -1.377500e+06  1195  3  -1.353333e+06  1196  3  -1.329167e+06  1197  3  -1.305000e+06  1198  3  -1.280833e+06  1199  3  -1.256667e+06  1200  3  -1.232500e+06  1201  3  -1.208333e+06  1202  3  -1.184167e+06  1203  3  -1.160000e+06  1204  3  -1.135833e+06  1205  3  -1.111667e+06  1206  3  -1.087500e+06  1207  3  -1.063333e+06  1208  3  -1.039167e+06  1209  3  -1.015000e+06  1210  3  -9.908333e+05  1211  3  -3.818333e+06  1212  3  -3.818333e+06  1213  3  -3.770000e+06  1214  3  -3.770000e+06  1215  3  -3.721667e+06  1216  3  -3.721667e+06  1217  3  -3.673333e+06  1218  3  -3.673333e+06  1219  3  -3.625000e+06  1220  3  -3.625000e+06  1221  3  -3.576667e+06  1222  3  -3.576667e+06  1223  3  -3.528333e+06  1224  3  -3.528333e+06  1225  3  -3.480000e+06  1226  3  -3.480000e+06  1227  3  -3.431667e+06  1228  3  -3.431667e+06  1229  3  -3.383333e+06  1230  3  -3.383333e+06  1231  3  -3.335000e+06  1232  3  -3.335000e+06  1233  3  -3.286667e+06  1234  3  -3.286667e+06  1235  3  -3.238333e+06  1236  3  -3.238333e+06  1237  3  -3.190000e+06  1238  3  -3.190000e+06  1239  3  -3.141667e+06  1240  3  -3.141667e+06  1241  3  -3.093333e+06  1242  3  -3.093333e+06  1243  3  -3.045000e+06  1244  3  -3.045000e+06  1245  3  -2.996667e+06  1246  3  -2.996667e+06  1247  3  -2.948333e+06  1248  3  -2.948333e+06  1249  3  -2.900000e+06  1250  3  -2.900000e+06  1251  3  -2.851667e+06  1252  3  -2.851667e+06  1253  3  -2.803333e+06  1254  3  -2.803333e+06  1255  3  -2.755000e+06  1256  3  -2.755000e+06  1257  3  -2.706667e+06  1258  3  -2.706667e+06  1259  3  -2.658333e+06  1260  3  -2.658333e+06  1261  3  -2.610000e+06  1262  3  -2.610000e+06  1263  3  -2.561667e+06  1264  3  -2.561667e+06  1265  3  -2.513333e+06  1266  3  -2.513333e+06  1267  3  -2.465000e+06  1268  3  -2.465000e+06  1269  3  -2.416667e+06  1270  3  -2.416667e+06  1271  3  -2.368333e+06  1272  3  -2.368333e+06  1273  3  -2.320000e+06  1274  3  -2.320000e+06  1275  3  -2.271667e+06  1276  3  -2.271667e+06  1277  3  -2.223333e+06  1278  3  -2.223333e+06  1279  3  -2.175000e+06  1280  3  -2.175000e+06  1281  3  -2.126667e+06  1282  3  -2.126667e+06  1283  3  -2.078333e+06  1284  3  -2.078333e+06  1285  3  -2.030000e+06  1286  3  -2.030000e+06  1287  3  -1.981667e+06  1288  3  -1.981667e+06  1289  3  -3.818333e+06  1290  3  -3.818333e+06  1291  3  -3.770000e+06  1292  3  -3.770000e+06  1293  3  -3.721667e+06  1294  3  -3.721667e+06  1295  3  -3.673333e+06  1296  3  -3.673333e+06  1297  3  -3.625000e+06  1298  3  -3.625000e+06  1299  3  -3.576667e+06  1300  3  -3.576667e+06  1301  3  -3.528333e+06  1302  3  -3.528333e+06  1303  3  -3.480000e+06  1304  3  -3.480000e+06  1305  3  -3.431667e+06  1306  3  -3.431667e+06  1307  3  -3.383333e+06  1308  3  -3.383333e+06  1309  3  -3.335000e+06  1310  3  -3.335000e+06  1311  3  -3.286667e+06  1312  3  -3.286667e+06  1313  3  -3.238333e+06  1314  3  -3.238333e+06  1315  3  -3.190000e+06  1316  3  -3.190000e+06  1317  3  -3.141667e+06  1318  3  -3.141667e+06  1319  3  -3.093333e+06  1320  3  -3.093333e+06  1321  3  -3.045000e+06  1322  3  -3.045000e+06  1323  3  -2.996667e+06  1324  3  -2.996667e+06  1325  3  -2.948333e+06  1326  3  -2.948333e+06  1327  3  -2.900000e+06  1328  3  -2.900000e+06  1329  3  -2.851667e+06  1330  3  -2.851667e+06  1331  3  -2.803333e+06  1332  3  -2.803333e+06  1333  3  -2.755000e+06  1334  3  -2.755000e+06  1335  3  -2.706667e+06  1336  3  -2.706667e+06  1337  3  -2.658333e+06  1338  3  -2.658333e+06  1339  3  -2.610000e+06  1340  3  -2.610000e+06  1341  3  -2.561667e+06  1342  3  -2.561667e+06  1343  3  -2.513333e+06  1344  3  -2.513333e+06  1345  3  -2.465000e+06  1346  3  -2.465000e+06  1347  3  -2.416667e+06  1348  3  -2.416667e+06  1349  3  -2.368333e+06  1350  3  -2.368333e+06  1351  3  -2.320000e+06  1352  3  -2.320000e+06  1353  3  -2.271667e+06  1354  3  -2.271667e+06  1355  3  -2.223333e+06  1356  3  -2.223333e+06  1357  3  -2.175000e+06  1358  3  -2.175000e+06  1359  3  -2.126667e+06  1360  3  -2.126667e+06  1361  3  -2.078333e+06  1362  3  -2.078333e+06  1363  3  -2.030000e+06  1364  3  -2.030000e+06  1365  3  -1.981667e+06  1366  3  -1.981667e+06  1367  3  -9.606250e+05  1368  3  -9.606250e+05  1369  3  -4.803125e+05  1370  3  -4.803125e+05  1371  3  -2.195530e+07  1372  3  -2.446875e+05  1373  3  -2.446875e+05  1374  3  -4.893750e+05  1375  3  -4.803125e+05  1376  3  -4.803125e+05  1377  3  -2.446875e+05  1378  3  -2.446875e+05  1379  3  -1.921250e+06  1380  3  -9.606250e+05  1381  3  -9.606250e+05  1382  3  -9.606250e+05  1383  3  -9.606250e+05  1384  3  -9.606250e+05  1385  3  -9.787500e+05  1386  3  -4.893750e+05  1387  3  -4.893750e+05  1388  3  -4.893750e+05  1389  3  -4.893750e+05  1390  3  -4.893750e+05  1391  3  -9.545833e+05  1392  3  -9.425000e+05  1393  3  -9.304167e+05  1394  3  -9.183333e+05  1395  3  -9.062500e+05  1396  3  -8.941667e+05  1397  3  -8.820833e+05  1398  3  -8.700000e+05  1399  3  -8.579167e+05  1400  3  -8.458333e+05  1401  3  -8.337500e+05  1402  3  -8.216667e+05  1403  3  -8.095833e+05  1404  3  -7.975000e+05  1405  3  -7.854167e+05  1406  3  -7.733333e+05  1407  3  -7.612500e+05  1408  3  -7.491667e+05  1409  3  -7.370833e+05  1410  3  -7.250000e+05  1411  3  -7.129167e+05  1412  3  -7.008333e+05  1413  3  -6.887500e+05  1414  3  -6.766667e+05  1415  3  -6.645833e+05  1416  3  -6.525000e+05  1417  3  -6.404167e+05  1418  3  -6.283333e+05  1419  3  -6.162500e+05  1420  3  -6.041667e+05  1421  3  -5.920833e+05  1422  3  -5.800000e+05  1423  3  -5.679167e+05  1424  3  -5.558333e+05  1425  3  -5.437500e+05  1426  3  -5.316667e+05  1427  3  -5.195833e+05  1428  3  -5.075000e+05  1429  3  -4.954167e+05  1430  3  -9.908333e+05  1431  3  -1.015000e+06  1432  3  -1.039167e+06  1433  3  -1.063333e+06  1434  3  -1.087500e+06  1435  3  -1.111667e+06  1436  3  -1.135833e+06  1437  3  -1.160000e+06  1438  3  -1.184167e+06  1439  3  -1.208333e+06  1440  3  -1.232500e+06  1441  3  -1.256667e+06  1442  3  -1.280833e+06  1443  3  -1.305000e+06  1444  3  -1.329167e+06  1445  3  -1.353333e+06  1446  3  -1.377500e+06  1447  3  -1.401667e+06  1448  3  -1.425833e+06  1449  3  -1.450000e+06  1450  3  -1.474167e+06  1451  3  -1.498333e+06  1452  3  -1.522500e+06  1453  3  -1.546667e+06  1454  3  -1.570833e+06  1455  3  -1.595000e+06  1456  3  -1.619167e+06  1457  3  -1.643333e+06  1458  3  -1.667500e+06  1459  3  -1.691667e+06  1460  3  -1.715833e+06  1461  3  -1.740000e+06  1462  3  -1.764167e+06  1463  3  -1.788333e+06  1464  3  -1.812500e+06  1465  3  -1.836667e+06  1466  3  -1.860833e+06  1467  3  -1.885000e+06  1468  3  -1.909167e+06  1469  3  -4.954167e+05  1470  3  -5.075000e+05  1471  3  -5.195833e+05  1472  3  -5.316667e+05  1473  3  -5.437500e+05  1474  3  -5.558333e+05  1475  3  -5.679167e+05  1476  3  -5.800000e+05  1477  3  -5.920833e+05  1478  3  -6.041667e+05  1479  3  -6.162500e+05  1480  3  -6.283333e+05  1481  3  -6.404167e+05  1482  3  -6.525000e+05  1483  3  -6.645833e+05  1484  3  -6.766667e+05  1485  3  -6.887500e+05  1486  3  -7.008333e+05  1487  3  -7.129167e+05  1488  3  -7.250000e+05  1489  3  -7.370833e+05  1490  3  -7.491667e+05  1491  3  -7.612500e+05  1492  3  -7.733333e+05  1493  3  -7.854167e+05  1494  3  -7.975000e+05  1495  3  -8.095833e+05  1496  3  -8.216667e+05  1497  3  -8.337500e+05  1498  3  -8.458333e+05  1499  3  -8.579167e+05  1500  3  -8.700000e+05  1501  3  -8.820833e+05  1502  3  -8.941667e+05  1503  3  -9.062500e+05  1504  3  -9.183333e+05  1505  3  -9.304167e+05  1506  3  -9.425000e+05  1507  3  -9.545833e+05  1508  3  -1.909167e+06  1509  3  -1.885000e+06  1510  3  -1.860833e+06  1511  3  -1.836667e+06  1512  3  -1.812500e+06  1513  3  -1.788333e+06  1514  3  -1.764167e+06  1515  3  -1.740000e+06  1516  3  -1.715833e+06  1517  3  -1.691667e+06  1518  3  -1.667500e+06  1519  3  -1.643333e+06  1520  3  -1.619167e+06  1521  3  -1.595000e+06  1522  3  -1.570833e+06  1523  3  -1.546667e+06  1524  3  -1.522500e+06  1525  3  -1.498333e+06  1526  3  -1.474167e+06  1527  3  -1.450000e+06  1528  3  -1.425833e+06  1529  3  -1.401667e+06  1530  3  -1.377500e+06  1531  3  -1.353333e+06  1532  3  -1.329167e+06  1533  3  -1.305000e+06  1534  3  -1.280833e+06  1535  3  -1.256667e+06  1536  3  -1.232500e+06  1537  3  -1.208333e+06  1538  3  -1.184167e+06  1539  3  -1.160000e+06  1540  3  -1.135833e+06  1541  3  -1.111667e+06  1542  3  -1.087500e+06  1543  3  -1.063333e+06  1544  3  -1.039167e+06  1545  3  -1.015000e+06  1546  3  -9.908333e+05  1547  3  -9.606250e+05  1548  3  -9.606250e+05  1549  3  -9.606250e+05  1550  3  -9.606250e+05  1551  3  -9.606250e+05  1552  3  -4.893750e+05  1553  3  -4.893750e+05  1554  3  -4.893750e+05  1555  3  -4.893750e+05  1556  3  -4.893750e+05  1557  3  -9.545833e+05  1558  3  -9.425000e+05  1559  3  -9.304167e+05  1560  3  -9.183333e+05  1561  3  -9.062500e+05  1562  3  -8.941667e+05  1563  3  -8.820833e+05  1564  3  -8.700000e+05  1565  3  -8.579167e+05  1566  3  -8.458333e+05  1567  3  -8.337500e+05  1568  3  -8.216667e+05  1569  3  -8.095833e+05  1570  3  -7.975000e+05  1571  3  -7.854167e+05  1572  3  -7.733333e+05  1573  3  -7.612500e+05  1574  3  -7.491667e+05  1575  3  -7.370833e+05  1576  3  -7.250000e+05  1577  3  -7.129167e+05  1578  3  -7.008333e+05  1579  3  -6.887500e+05  1580  3  -6.766667e+05  1581  3  -6.645833e+05  1582  3  -6.525000e+05  1583  3  -6.404167e+05  1584  3  -6.283333e+05  1585  3  -6.162500e+05  1586  3  -6.041667e+05  1587  3  -5.920833e+05  1588  3  -5.800000e+05  1589  3  -5.679167e+05  1590  3  -5.558333e+05  1591  3  -5.437500e+05  1592  3  -5.316667e+05  1593  3  -5.195833e+05  1594  3  -5.075000e+05  1595  3  -4.954167e+05  1596  3  -4.954167e+05  1597  3  -5.075000e+05  1598  3  -5.195833e+05  1599  3  -5.316667e+05  1600  3  -5.437500e+05  1601  3  -5.558333e+05  1602  3  -5.679167e+05  1603  3  -5.800000e+05  1604  3  -5.920833e+05  1605  3  -6.041667e+05  1606  3  -6.162500e+05  1607  3  -6.283333e+05  1608  3  -6.404167e+05  1609  3  -6.525000e+05  1610  3  -6.645833e+05  1611  3  -6.766667e+05  1612  3  -6.887500e+05  1613  3  -7.008333e+05  1614  3  -7.129167e+05  1615  3  -7.250000e+05  1616  3  -7.370833e+05  1617  3  -7.491667e+05  1618  3  -7.612500e+05  1619  3  -7.733333e+05  1620  3  -7.854167e+05  1621  3  -7.975000e+05  1622  3  -8.095833e+05  1623  3  -8.216667e+05  1624  3  -8.337500e+05  1625  3  -8.458333e+05  1626  3  -8.579167e+05  1627  3  -8.700000e+05  1628  3  -8.820833e+05  1629  3  -8.941667e+05  1630  3  -9.062500e+05  1631  3  -9.183333e+05  1632  3  -9.304167e+05  1633  3  -9.425000e+05  1634  3  -9.545833e+05  1635  3  -1.921250e+06  1636  3  -1.921250e+06  1637  3  -9.787500e+05  1638  3  -9.787500e+05  1639  3  -1.909167e+06  1640  3  -1.909167e+06  1641  3  -1.885000e+06  1642  3  -1.885000e+06  1643  3  -1.860833e+06  1644  3  -1.860833e+06  1645  3  -1.836667e+06  1646  3  -1.836667e+06  1647  3  -1.812500e+06  1648  3  -1.812500e+06  1649  3  -1.788333e+06  1650  3  -1.788333e+06  1651  3  -1.764167e+06  1652  3  -1.764167e+06  1653  3  -1.740000e+06  1654  3  -1.740000e+06  1655  3  -1.715833e+06  1656  3  -1.715833e+06  1657  3  -1.691667e+06  1658  3  -1.691667e+06  1659  3  -1.667500e+06  1660  3  -1.667500e+06  1661  3  -1.643333e+06  1662  3  -1.643333e+06  1663  3  -1.619167e+06  1664  3  -1.619167e+06  1665  3  -1.595000e+06  1666  3  -1.595000e+06  1667  3  -1.570833e+06  1668  3  -1.570833e+06  1669  3  -1.546667e+06  1670  3  -1.546667e+06  1671  3  -1.522500e+06  1672  3  -1.522500e+06  1673  3  -1.498333e+06  1674  3  -1.498333e+06  1675  3  -1.474167e+06  1676  3  -1.474167e+06  1677  3  -1.450000e+06  1678  3  -1.450000e+06  1679  3  -1.425833e+06  1680  3  -1.425833e+06  1681  3  -1.401667e+06  1682  3  -1.401667e+06  1683  3  -1.377500e+06  1684  3  -1.377500e+06  1685  3  -1.353333e+06  1686  3  -1.353333e+06  1687  3  -1.329167e+06  1688  3  -1.329167e+06  1689  3  -1.305000e+06  1690  3  -1.305000e+06  1691  3  -1.280833e+06  1692  3  -1.280833e+06  1693  3  -1.256667e+06  1694  3  -1.256667e+06  1695  3  -1.232500e+06  1696  3  -1.232500e+06  1697  3  -1.208333e+06  1698  3  -1.208333e+06  1699  3  -1.184167e+06  1700  3  -1.184167e+06  1701  3  -1.160000e+06  1702  3  -1.160000e+06  1703  3  -1.135833e+06  1704  3  -1.135833e+06  1705  3  -1.111667e+06  1706  3  -1.111667e+06  1707  3  -1.087500e+06  1708  3  -1.087500e+06  1709  3  -1.063333e+06  1710  3  -1.063333e+06  1711  3  -1.039167e+06  1712  3  -1.039167e+06  1713  3  -1.015000e+06  1714  3  -1.015000e+06  1715  3  -9.908333e+05  1716  3  -9.908333e+05  1717  3  -1.909167e+06  1718  3  -1.909167e+06  1719  3  -1.885000e+06  1720  3  -1.885000e+06  1721  3  -1.860833e+06  1722  3  -1.860833e+06  1723  3  -1.836667e+06  1724  3  -1.836667e+06  1725  3  -1.812500e+06  1726  3  -1.812500e+06  1727  3  -1.788333e+06  1728  3  -1.788333e+06  1729  3  -1.764167e+06  1730  3  -1.764167e+06  1731  3  -1.740000e+06  1732  3  -1.740000e+06  1733  3  -1.715833e+06  1734  3  -1.715833e+06  1735  3  -1.691667e+06  1736  3  -1.691667e+06  1737  3  -1.667500e+06  1738  3  -1.667500e+06  1739  3  -1.643333e+06  1740  3  -1.643333e+06  1741  3  -1.619167e+06  1742  3  -1.619167e+06  1743  3  -1.595000e+06  1744  3  -1.595000e+06  1745  3  -1.570833e+06  1746  3  -1.570833e+06  1747  3  -1.546667e+06  1748  3  -1.546667e+06  1749  3  -1.522500e+06  1750  3  -1.522500e+06  1751  3  -1.498333e+06  1752  3  -1.498333e+06  1753  3  -1.474167e+06  1754  3  -1.474167e+06  1755  3  -1.450000e+06  1756  3  -1.450000e+06  1757  3  -1.425833e+06  1758  3  -1.425833e+06  1759  3  -1.401667e+06  1760  3  -1.401667e+06  1761  3  -1.377500e+06  1762  3  -1.377500e+06  1763  3  -1.353333e+06  1764  3  -1.353333e+06  1765  3  -1.329167e+06  1766  3  -1.329167e+06  1767  3  -1.305000e+06  1768  3  -1.305000e+06  1769  3  -1.280833e+06  1770  3  -1.280833e+06  1771  3  -1.256667e+06  1772  3  -1.256667e+06  1773  3  -1.232500e+06  1774  3  -1.232500e+06  1775  3  -1.208333e+06  1776  3  -1.208333e+06  1777  3  -1.184167e+06  1778  3  -1.184167e+06  1779  3  -1.160000e+06  1780  3  -1.160000e+06  1781  3  -1.135833e+06  1782  3  -1.135833e+06  1783  3  -1.111667e+06  1784  3  -1.111667e+06  1785  3  -1.087500e+06  1786  3  -1.087500e+06  1787  3  -1.063333e+06  1788  3  -1.063333e+06  1789  3  -1.039167e+06  1790  3  -1.039167e+06  1791  3  -1.015000e+06  1792  3  -1.015000e+06  1793  3  -9.908333e+05  1794  3  -9.908333e+05  1795  3  -3.818333e+06  1796  3  -3.770000e+06  1797  3  -3.721667e+06  1798  3  -3.673333e+06  1799  3  -3.625000e+06  1800  3  -3.576667e+06  1801  3  -3.528333e+06  1802  3  -3.480000e+06  1803  3  -3.431667e+06  1804  3  -3.383333e+06  1805  3  -3.335000e+06  1806  3  -3.286667e+06  1807  3  -3.238333e+06  1808  3  -3.190000e+06  1809  3  -3.141667e+06  1810  3  -3.093333e+06  1811  3  -3.045000e+06  1812  3  -2.996667e+06  1813  3  -2.948333e+06  1814  3  -2.900000e+06  1815  3  -2.851667e+06  1816  3  -2.803333e+06  1817  3  -2.755000e+06  1818  3  -2.706667e+06  1819  3  -2.658333e+06  1820  3  -2.610000e+06  1821  3  -2.561667e+06  1822  3  -2.513333e+06  1823  3  -2.465000e+06  1824  3  -2.416667e+06  1825  3  -2.368333e+06  1826  3  -2.320000e+06  1827  3  -2.271667e+06  1828  3  -2.223333e+06  1829  3  -2.175000e+06  1830  3  -2.126667e+06  1831  3  -2.078333e+06  1832  3  -2.030000e+06  1833  3  -1.981667e+06  1834  3  -1.909167e+06  1835  3  -1.885000e+06  1836  3  -1.860833e+06  1837  3  -1.836667e+06  1838  3  -1.812500e+06  1839  3  -1.788333e+06  1840  3  -1.764167e+06  1841  3  -1.740000e+06  1842  3  -1.715833e+06  1843  3  -1.691667e+06  1844  3  -1.667500e+06  1845  3  -1.643333e+06  1846  3  -1.619167e+06  1847  3  -1.595000e+06  1848  3  -1.570833e+06  1849  3  -1.546667e+06  1850  3  -1.522500e+06  1851  3  -1.498333e+06  1852  3  -1.474167e+06  1853  3  -1.450000e+06  1854  3  -1.425833e+06  1855  3  -1.401667e+06  1856  3  -1.377500e+06  1857  3  -1.353333e+06  1858  3  -1.329167e+06  1859  3  -1.305000e+06  1860  3  -1.280833e+06  1861  3  -1.256667e+06  1862  3  -1.232500e+06  1863  3  -1.208333e+06  1864  3  -1.184167e+06  1865  3  -1.160000e+06  1866  3  -1.135833e+06  1867  3  -1.111667e+06  1868  3  -1.087500e+06  1869  3  -1.063333e+06  1870  3  -1.039167e+06  1871  3  -1.015000e+06  1872  3  -9.908333e+05  1873  3  -1.921250e+06  1874  3  -1.921250e+06  1875  3  -9.787500e+05  1876  3  -9.787500e+05  1877  3  -1.909167e+06  1878  3  -1.909167e+06  1879  3  -1.885000e+06  1880  3  -1.885000e+06  1881  3  -1.860833e+06  1882  3  -1.860833e+06  1883  3  -1.836667e+06  1884  3  -1.836667e+06  1885  3  -1.812500e+06  1886  3  -1.812500e+06  1887  3  -1.788333e+06  1888  3  -1.788333e+06  1889  3  -1.764167e+06  1890  3  -1.764167e+06  1891  3  -1.740000e+06  1892  3  -1.740000e+06  1893  3  -1.715833e+06  1894  3  -1.715833e+06  1895  3  -1.691667e+06  1896  3  -1.691667e+06  1897  3  -1.667500e+06  1898  3  -1.667500e+06  1899  3  -1.643333e+06  1900  3  -1.643333e+06  1901  3  -1.619167e+06  1902  3  -1.619167e+06  1903  3  -1.595000e+06  1904  3  -1.595000e+06  1905  3  -1.570833e+06  1906  3  -1.570833e+06  1907  3  -1.546667e+06  1908  3  -1.546667e+06  1909  3  -1.522500e+06  1910  3  -1.522500e+06  1911  3  -1.498333e+06  1912  3  -1.498333e+06  1913  3  -1.474167e+06  1914  3  -1.474167e+06  1915  3  -1.450000e+06  1916  3  -1.450000e+06  1917  3  -1.425833e+06  1918  3  -1.425833e+06  1919  3  -1.401667e+06  1920  3  -1.401667e+06  1921  3  -1.377500e+06  1922  3  -1.377500e+06  1923  3  -1.353333e+06  1924  3  -1.353333e+06  1925  3  -1.329167e+06  1926  3  -1.329167e+06  1927  3  -1.305000e+06  1928  3  -1.305000e+06  1929  3  -1.280833e+06  1930  3  -1.280833e+06  1931  3  -1.256667e+06  1932  3  -1.256667e+06  1933  3  -1.232500e+06  1934  3  -1.232500e+06  1935  3  -1.208333e+06  1936  3  -1.208333e+06  1937  3  -1.184167e+06  1938  3  -1.184167e+06  1939  3  -1.160000e+06  1940  3  -1.160000e+06  1941  3  -1.135833e+06  1942  3  -1.135833e+06  1943  3  -1.111667e+06  1944  3  -1.111667e+06  1945  3  -1.087500e+06  1946  3  -1.087500e+06  1947  3  -1.063333e+06  1948  3  -1.063333e+06  1949  3  -1.039167e+06  1950  3  -1.039167e+06  1951  3  -1.015000e+06  1952  3  -1.015000e+06  1953  3  -9.908333e+05  1954  3  -9.908333e+05  1955  3  -1.909167e+06  1956  3  -1.909167e+06  1957  3  -1.885000e+06  1958  3  -1.885000e+06  1959  3  -1.860833e+06  1960  3  -1.860833e+06  1961  3  -1.836667e+06  1962  3  -1.836667e+06  1963  3  -1.812500e+06  1964  3  -1.812500e+06  1965  3  -1.788333e+06  1966  3  -1.788333e+06  1967  3  -1.764167e+06  1968  3  -1.764167e+06  1969  3  -1.740000e+06  1970  3  -1.740000e+06  1971  3  -1.715833e+06  1972  3  -1.715833e+06  1973  3  -1.691667e+06  1974  3  -1.691667e+06  1975  3  -1.667500e+06  1976  3  -1.667500e+06  1977  3  -1.643333e+06  1978  3  -1.643333e+06  1979  3  -1.619167e+06  1980  3  -1.619167e+06  1981  3  -1.595000e+06  1982  3  -1.595000e+06  1983  3  -1.570833e+06  1984  3  -1.570833e+06  1985  3  -1.546667e+06  1986  3  -1.546667e+06  1987  3  -1.522500e+06  1988  3  -1.522500e+06  1989  3  -1.498333e+06  1990  3  -1.498333e+06  1991  3  -1.474167e+06  1992  3  -1.474167e+06  1993  3  -1.450000e+06  1994  3  -1.450000e+06  1995  3  -1.425833e+06  1996  3  -1.425833e+06  1997  3  -1.401667e+06  1998  3  -1.401667e+06  1999  3  -1.377500e+06  2000  3  -1.377500e+06  2001  3  -1.353333e+06  2002  3  -1.353333e+06  2003  3  -1.329167e+06  2004  3  -1.329167e+06  2005  3  -1.305000e+06  2006  3  -1.305000e+06  2007  3  -1.280833e+06  2008  3  -1.280833e+06  2009  3  -1.256667e+06  2010  3  -1.256667e+06  2011  3  -1.232500e+06  2012  3  -1.232500e+06  2013  3  -1.208333e+06  2014  3  -1.208333e+06  2015  3  -1.184167e+06  2016  3  -1.184167e+06  2017  3  -1.160000e+06  2018  3  -1.160000e+06  2019  3  -1.135833e+06  2020  3  -1.135833e+06  2021  3  -1.111667e+06  2022  3  -1.111667e+06  2023  3  -1.087500e+06  2024  3  -1.087500e+06  2025  3  -1.063333e+06  2026  3  -1.063333e+06  2027  3  -1.039167e+06  2028  3  -1.039167e+06  2029  3  -1.015000e+06  2030  3  -1.015000e+06  2031  3  -9.908333e+05  2032  3  -9.908333e+05  2033  3  -1.909167e+06  2034  3  -1.885000e+06  2035  3  -1.860833e+06  2036  3  -1.836667e+06  2037  3  -1.812500e+06  2038  3  -1.788333e+06  2039  3  -1.764167e+06  2040  3  -1.740000e+06  2041  3  -1.715833e+06  2042  3  -1.691667e+06  2043  3  -1.667500e+06  2044  3  -1.643333e+06  2045  3  -1.619167e+06  2046  3  -1.595000e+06  2047  3  -1.570833e+06  2048  3  -1.546667e+06  2049  3  -1.522500e+06  2050  3  -1.498333e+06  2051  3  -1.474167e+06  2052  3  -1.450000e+06  2053  3  -1.425833e+06  2054  3  -1.401667e+06  2055  3  -1.377500e+06  2056  3  -1.353333e+06  2057  3  -1.329167e+06  2058  3  -1.305000e+06  2059  3  -1.280833e+06  2060  3  -1.256667e+06  2061  3  -1.232500e+06  2062  3  -1.208333e+06  2063  3  -1.184167e+06  2064  3  -1.160000e+06  2065  3  -1.135833e+06  2066  3  -1.111667e+06  2067  3  -1.087500e+06  2068  3  -1.063333e+06  2069  3  -1.039167e+06  2070  3  -1.015000e+06  2071  3  -9.908333e+05  2072  3  -3.818333e+06  2073  3  -3.818333e+06  2074  3  -3.770000e+06  2075  3  -3.770000e+06  2076  3  -3.721667e+06  2077  3  -3.721667e+06  2078  3  -3.673333e+06  2079  3  -3.673333e+06  2080  3  -3.625000e+06  2081  3  -3.625000e+06  2082  3  -3.576667e+06  2083  3  -3.576667e+06  2084  3  -3.528333e+06  2085  3  -3.528333e+06  2086  3  -3.480000e+06  2087  3  -3.480000e+06  2088  3  -3.431667e+06  2089  3  -3.431667e+06  2090  3  -3.383333e+06  2091  3  -3.383333e+06  2092  3  -3.335000e+06  2093  3  -3.335000e+06  2094  3  -3.286667e+06  2095  3  -3.286667e+06  2096  3  -3.238333e+06  2097  3  -3.238333e+06  2098  3  -3.190000e+06  2099  3  -3.190000e+06  2100  3  -3.141667e+06  2101  3  -3.141667e+06  2102  3  -3.093333e+06  2103  3  -3.093333e+06  2104  3  -3.045000e+06  2105  3  -3.045000e+06  2106  3  -2.996667e+06  2107  3  -2.996667e+06  2108  3  -2.948333e+06  2109  3  -2.948333e+06  2110  3  -2.900000e+06  2111  3  -2.900000e+06  2112  3  -2.851667e+06  2113  3  -2.851667e+06  2114  3  -2.803333e+06  2115  3  -2.803333e+06  2116  3  -2.755000e+06  2117  3  -2.755000e+06  2118  3  -2.706667e+06  2119  3  -2.706667e+06  2120  3  -2.658333e+06  2121  3  -2.658333e+06  2122  3  -2.610000e+06  2123  3  -2.610000e+06  2124  3  -2.561667e+06  2125  3  -2.561667e+06  2126  3  -2.513333e+06  2127  3  -2.513333e+06  2128  3  -2.465000e+06  2129  3  -2.465000e+06  2130  3  -2.416667e+06  2131  3  -2.416667e+06  2132  3  -2.368333e+06  2133  3  -2.368333e+06  2134  3  -2.320000e+06  2135  3  -2.320000e+06  2136  3  -2.271667e+06  2137  3  -2.271667e+06  2138  3  -2.223333e+06  2139  3  -2.223333e+06  2140  3  -2.175000e+06  2141  3  -2.175000e+06  2142  3  -2.126667e+06  2143  3  -2.126667e+06  2144  3  -2.078333e+06  2145  3  -2.078333e+06  2146  3  -2.030000e+06  2147  3  -2.030000e+06  2148  3  -1.981667e+06  2149  3  -1.981667e+06  2150  3  -3.818333e+06  2151  3  -3.818333e+06  2152  3  -3.770000e+06  2153  3  -3.770000e+06  2154  3  -3.721667e+06  2155  3  -3.721667e+06  2156  3  -3.673333e+06  2157  3  -3.673333e+06  2158  3  -3.625000e+06  2159  3  -3.625000e+06  2160  3  -3.576667e+06  2161  3  -3.576667e+06  2162  3  -3.528333e+06  2163  3  -3.528333e+06  2164  3  -3.480000e+06  2165  3  -3.480000e+06  2166  3  -3.431667e+06  2167  3  -3.431667e+06  2168  3  -3.383333e+06  2169  3  -3.383333e+06  2170  3  -3.335000e+06  2171  3  -3.335000e+06  2172  3  -3.286667e+06  2173  3  -3.286667e+06  2174  3  -3.238333e+06  2175  3  -3.238333e+06  2176  3  -3.190000e+06  2177  3  -3.190000e+06  2178  3  -3.141667e+06  2179  3  -3.141667e+06  2180  3  -3.093333e+06  2181  3  -3.093333e+06  2182  3  -3.045000e+06  2183  3  -3.045000e+06  2184  3  -2.996667e+06  2185  3  -2.996667e+06  2186  3  -2.948333e+06  2187  3  -2.948333e+06  2188  3  -2.900000e+06  2189  3  -2.900000e+06  2190  3  -2.851667e+06  2191  3  -2.851667e+06  2192  3  -2.803333e+06  2193  3  -2.803333e+06  2194  3  -2.755000e+06  2195  3  -2.755000e+06  2196  3  -2.706667e+06  2197  3  -2.706667e+06  2198  3  -2.658333e+06  2199  3  -2.658333e+06  2200  3  -2.610000e+06  2201  3  -2.610000e+06  2202  3  -2.561667e+06  2203  3  -2.561667e+06  2204  3  -2.513333e+06  2205  3  -2.513333e+06  2206  3  -2.465000e+06  2207  3  -2.465000e+06  2208  3  -2.416667e+06  2209  3  -2.416667e+06  2210  3  -2.368333e+06  2211  3  -2.368333e+06  2212  3  -2.320000e+06  2213  3  -2.320000e+06  2214  3  -2.271667e+06  2215  3  -2.271667e+06  2216  3  -2.223333e+06  2217  3  -2.223333e+06  2218  3  -2.175000e+06  2219  3  -2.175000e+06  2220  3  -2.126667e+06  2221  3  -2.126667e+06  2222  3  -2.078333e+06  2223  3  -2.078333e+06  2224  3  -2.030000e+06  2225  3  -2.030000e+06  2226  3  -1.981667e+06  2227  3  -1.981667e+06  2228  3  -8.656250e+05  2229  3  -8.656250e+05  2230  3  -4.328125e+05  2231  3  -4.328125e+05  2232  3  -9.452641e+05  2233  3  -3.333000e+06  2234  3  -3.333000e+06  2235  3  -9.452641e+05  2236  3  -4.328125e+05  2237  3  -4.328125e+05  2238  3  -4.328125e+05  2239  3  -4.328125e+05  2240  3  -1.731250e+06  2241  3  -1.731250e+06  2242  3  -1.731250e+06  2243  3  -8.656250e+05  2244  3  -8.656250e+05  2245  3  -8.656250e+05  2246  3  -8.656250e+05  2247  3  -8.656250e+05  2248  3  -8.656250e+05  2249  3  -8.656250e+05  2250  3  -8.656250e+05  2251  3  -8.656250e+05  2252  3  -8.656250e+05  2253  3  -8.656250e+05  2254  3  -8.656250e+05  2255  3  -8.656250e+05  2256  3  -1.731250e+06  2257  3  -1.731250e+06  2258  3  -1.731250e+06  2259  3  -8.656250e+05  2260  3  -8.656250e+05  2261  3  -8.656250e+05  2262  3  -8.656250e+05  2263  3  -8.656250e+05  2264  3  -9.236250e+05  2265  3  -9.236250e+05  2266  3  -9.236250e+05  2267  3  -8.656250e+05  2268  3  -8.656250e+05  2269  3  -8.656250e+05  2270  3  -8.656250e+05  2271  3  -8.656250e+05  2272  3  -8.656250e+05  2273  3  -8.656250e+05  2274  3  -8.656250e+05  2275  3  -8.656250e+05  2276  3  -8.656250e+05  2277  3  -8.656250e+05  2278  3  -8.656250e+05  2279  3  -8.656250e+05  2280  3  -8.656250e+05  2281  3  -1.731250e+06  2282  3  -1.731250e+06  2283  3  -1.731250e+06  2284  3  -1.731250e+06  2285  3  -1.731250e+06  2286  3  -1.731250e+06  2287  3  -1.731250e+06  2288  3  -1.731250e+06  2289  3  -1.731250e+06  2290  3  -8.656250e+05  2291  3  -8.656250e+05  2292  3  -8.656250e+05  2293  3  -8.656250e+05  2294  3  -8.656250e+05  2295  3  -8.656250e+05  2296  3  -8.656250e+05  2297  3  -8.656250e+05  2298  3  -8.656250e+05  2299  3  -1.731250e+06  2300  3  -1.731250e+06  2301  3  -1.731250e+06  2302  3  -1.731250e+06  2303  3  -1.731250e+06  2304  3  -1.731250e+06  2305  3  -1.731250e+06  2306  3  -1.731250e+06  2307  3  -1.731250e+06  2308  3  -8.656250e+05  2309  3  -8.656250e+05  2310  3  -8.656250e+05  2311  3  -8.656250e+05  2312  3  -8.656250e+05  2313  3  -8.656250e+05  2314  3  -8.656250e+05  2315  3  -8.656250e+05  2316  3  -8.656250e+05  2317  3  -8.656250e+05  2318  3  -8.656250e+05  2319  3  -8.656250e+05  2320  3  -8.656250e+05  2321  3  -8.656250e+05  2322  3  -8.656250e+05  2323  3  -8.656250e+05  2324  3  -8.656250e+05  2325  3  -8.656250e+05  2326  3  -8.656250e+05  2327  3  -8.656250e+05  2328  3  -8.656250e+05  2329  3  -8.656250e+05  2330  3  -8.656250e+05  2331  3  -8.656250e+05  2332  3  -8.656250e+05  2333  3  -8.656250e+05  2334  3  -8.656250e+05  2335  3  -8.656250e+05  2336  3  -8.656250e+05  2337  3  -8.656250e+05  2338  3  -8.656250e+05  2339  3  -8.656250e+05  2340  3  -8.656250e+05  2341  3  -8.656250e+05  2342  3  -8.656250e+05  2343  3  -8.656250e+05  2344  3  -1.731250e+06  2345  3  -1.731250e+06  2346  3  -1.731250e+06  2347  3  -1.731250e+06  2348  3  -1.731250e+06  2349  3  -1.731250e+06  2350  3  -1.731250e+06  2351  3  -1.731250e+06  2352  3  -1.731250e+06  2353  3  -1.731250e+06  2354  3  -1.731250e+06  2355  3  -1.731250e+06  2356  3  -1.731250e+06  2357  3  -1.731250e+06  2358  3  -1.731250e+06  2359  3  -1.731250e+06  2360  3  -1.731250e+06  2361  3  -1.731250e+06  2362  3  -1.731250e+06  2363  3  -1.731250e+06  2364  3  -1.731250e+06  2365  3  -1.731250e+06  2366  3  -1.731250e+06  2367  3  -1.731250e+06  2368  3  -1.731250e+06  2369  3  -1.731250e+06  2370  3  -1.731250e+06  2371  3  -1.731250e+06  2372  3  -1.731250e+06  2373  3  -1.731250e+06  2374  3  -1.731250e+06  2375  3  -1.731250e+06  2376  3  -1.731250e+06  2377  3  -1.731250e+06  2378  3  -1.731250e+06  2379  3  -1.731250e+06  2380  3  -1.731250e+06  2381  3  -1.731250e+06  2382  3  -1.731250e+06  2383  3  -1.731250e+06  2384  3  -1.731250e+06  2385  3  -1.731250e+06  2386  3  -1.731250e+06  2387  3  -1.731250e+06  2388  3  -1.731250e+06  2389  3  -1.731250e+06  2390  3  -1.731250e+06  2391  3  -1.731250e+06  2392  3  -1.731250e+06  2393  3  -1.731250e+06  2394  3  -1.731250e+06  2395  3  -1.731250e+06  2396  3  -1.731250e+06  2397  3  -1.731250e+06  2398  3  -1.731250e+06  2399  3  -1.731250e+06  2400  3  -1.731250e+06  2401  3  -1.731250e+06  2402  3  -1.731250e+06  2403  3  -1.731250e+06  2404  3  -1.731250e+06  2405  3  -1.731250e+06  2406  3  -1.731250e+06  2407  3  -1.731250e+06  2408  3  -1.731250e+06  2409  3  -1.731250e+06  2410  3  -1.731250e+06  2411  3  -1.731250e+06  2412  3  -1.731250e+06  2413  3  -1.731250e+06  2414  3  -1.731250e+06  2415  3  -1.731250e+06  2416  3  -1.731250e+06  2417  3  -1.731250e+06  2418  3  -1.731250e+06  2419  3  -1.731250e+06  2420  3  -1.731250e+06  2421  3  -1.731250e+06  2422  3  -1.731250e+06  2423  3  -1.731250e+06  2424  3  -1.731250e+06  2425  3  -1.731250e+06  2426  3  -1.731250e+06  2427  3  -1.731250e+06  2428  3  -1.731250e+06  2429  3  -1.731250e+06  2430  3  -1.731250e+06  2431  3  -1.731250e+06  2432  3  -1.731250e+06  2433  3  -1.731250e+06  2434  3  -1.731250e+06  2435  3  -1.731250e+06  2436  3  -1.731250e+06  2437  3  -1.731250e+06  2438  3  -1.731250e+06  2439  3  -1.731250e+06  2440  3  -1.731250e+06  2441  3  -1.731250e+06  2442  3  -1.731250e+06  2443  3  -1.731250e+06  2444  3  -1.731250e+06  2445  3  -1.731250e+06  2446  3  -1.731250e+06  2447  3  -1.731250e+06  2448  3  -1.731250e+06  2449  3  -1.731250e+06  2450  3  -1.731250e+06  2451  3  -1.731250e+06  2452  3  -1.731250e+06  2453  3  -1.731250e+06  2454  3  -1.731250e+06  2455  3  -1.731250e+06  2456  3  -1.731250e+06  2457  3  -1.731250e+06  2458  3  -1.731250e+06  2459  3  -1.731250e+06  2460  3  -1.731250e+06  2461  3  -1.731250e+06  2462  3  -1.731250e+06  2463  3  -1.731250e+06  2464  3  -3.462500e+06  2465  3  -3.462500e+06  2466  3  -3.462500e+06  2467  3  -3.462500e+06  2468  3  -3.462500e+06  2469  3  -3.462500e+06  2470  3  -3.462500e+06  2471  3  -3.462500e+06  2472  3  -3.462500e+06  2473  3  -3.462500e+06  2474  3  -3.462500e+06  2475  3  -3.462500e+06  2476  3  -3.462500e+06  2477  3  -3.462500e+06  2478  3  -3.462500e+06  2479  3  -3.462500e+06  2480  3  -3.462500e+06  2481  3  -3.462500e+06  2482  3  -3.462500e+06  2483  3  -3.462500e+06  2484  3  -3.462500e+06  2485  3  -3.462500e+06  2486  3  -3.462500e+06  2487  3  -3.462500e+06  2488  3  -3.462500e+06  2489  3  -3.462500e+06  2490  3  -3.462500e+06  2491  3  -1.731250e+06  2492  3  -1.731250e+06  2493  3  -1.731250e+06  2494  3  -1.731250e+06  2495  3  -1.731250e+06  2496  3  -1.731250e+06  2497  3  -1.731250e+06  2498  3  -1.731250e+06  2499  3  -1.731250e+06  2500  3  -1.731250e+06  2501  3  -1.731250e+06  2502  3  -1.731250e+06  2503  3  -1.731250e+06  2504  3  -1.731250e+06  2505  3  -1.731250e+06  2506  3  -1.731250e+06  2507  3  -1.731250e+06  2508  3  -1.731250e+06  2509  3  -1.731250e+06  2510  3  -1.731250e+06  2511  3  -1.731250e+06  2512  3  -1.731250e+06  2513  3  -1.731250e+06  2514  3  -1.731250e+06  2515  3  -1.731250e+06  2516  3  -1.731250e+06  2517  3  -1.731250e+06  2518  3  -1.731250e+06  2519  3  -1.731250e+06  2520  3  -1.731250e+06  2521  3  -1.731250e+06  2522  3  -1.731250e+06  2523  3  -1.731250e+06  2524  3  -1.731250e+06  2525  3  -1.731250e+06  2526  3  -1.731250e+06  2527  3  -1.731250e+06  2528  3  -1.731250e+06  2529  3  -1.731250e+06  2530  3  -1.731250e+06  2531  3  -1.731250e+06  2532  3  -1.731250e+06  2533  3  -1.731250e+06  2534  3  -1.731250e+06  2535  3  -1.731250e+06  2536  3  -1.731250e+06  2537  3  -1.731250e+06  2538  3  -1.731250e+06  2539  3  -1.731250e+06  2540  3  -1.731250e+06  2541  3  -1.731250e+06  2542  3  -1.731250e+06  2543  3  -1.731250e+06  2544  3  -1.731250e+06  2545  3  -1.731250e+06  2546  3  -1.731250e+06  2547  3  -1.731250e+06  2548  3  -1.731250e+06  2549  3  -1.731250e+06  2550  3  -1.731250e+06  2551  3  -1.731250e+06  2552  3  -1.731250e+06  2553  3  -1.731250e+06  2554  3  -1.731250e+06  2555  3  -1.731250e+06  2556  3  -1.731250e+06  2557  3  -1.731250e+06  2558  3  -1.731250e+06  2559  3  -1.731250e+06  2560  3  -1.731250e+06  2561  3  -1.731250e+06  2562  3  -1.731250e+06  2563  3  -1.731250e+06  2564  3  -1.731250e+06  2565  3  -1.731250e+06  2566  3  -1.731250e+06  2567  3  -1.731250e+06  2568  3  -1.731250e+06  2569  3  -1.731250e+06  2570  3  -1.731250e+06  2571  3  -1.731250e+06  2572  3  -1.731250e+06  2573  3  -1.731250e+06  2574  3  -1.731250e+06  2575  3  -1.731250e+06  2576  3  -1.731250e+06  2577  3  -1.731250e+06  2578  3  -1.731250e+06  2579  3  -1.731250e+06  2580  3  -1.731250e+06  2581  3  -1.731250e+06  2582  3  -1.731250e+06  2583  3  -1.731250e+06  2584  3  -1.731250e+06  2585  3  -1.731250e+06  2586  3  -1.731250e+06  2587  3  -1.731250e+06  2588  3  -1.731250e+06  2589  3  -1.731250e+06  2590  3  -1.731250e+06  2591  3  -1.731250e+06  2592  3  -1.731250e+06  2593  3  -1.731250e+06  2594  3  -1.731250e+06  2595  3  -1.731250e+06  2596  3  -1.731250e+06  2597  3  -1.731250e+06  2598  3  -1.731250e+06  2599  3  -1.731250e+06  2600  3  -1.731250e+06  2601  3  -1.731250e+06  2602  3  -1.731250e+06  2603  3  -1.731250e+06  2604  3  -1.731250e+06  2605  3  -1.731250e+06  2606  3  -1.731250e+06  2607  3  -1.731250e+06  2608  3  -1.731250e+06  2609  3  -1.731250e+06  2610  3  -1.731250e+06  2611  3  -1.731250e+06  2612  3  -1.731250e+06  2613  3  -1.731250e+06  2614  3  -1.731250e+06  2615  3  -1.731250e+06  2616  3  -1.731250e+06  2617  3  -3.462500e+06  2618  3  -3.462500e+06  2619  3  -3.462500e+06  2620  3  -3.462500e+06  2621  3  -3.462500e+06  2622  3  -3.462500e+06  2623  3  -3.462500e+06  2624  3  -3.462500e+06  2625  3  -3.462500e+06  2626  3  -3.462500e+06  2627  3  -3.462500e+06  2628  3  -3.462500e+06  2629  3  -3.462500e+06  2630  3  -3.462500e+06  2631  3  -3.462500e+06  2632  3  -3.462500e+06  2633  3  -3.462500e+06  2634  3  -3.462500e+06  2635  3  -3.462500e+06  2636  3  -3.462500e+06  2637  3  -3.462500e+06  2638  3  -3.462500e+06  2639  3  -3.462500e+06  2640  3  -3.462500e+06  2641  3  -3.462500e+06  2642  3  -3.462500e+06  2643  3  -3.462500e+06  2644  3  -3.462500e+06  2645  3  -3.462500e+06  2646  3  -3.462500e+06  2647  3  -3.462500e+06  2648  3  -3.462500e+06  2649  3  -3.462500e+06  2650  3  -3.462500e+06  2651  3  -3.462500e+06  2652  3  -3.462500e+06  2653  3  -3.462500e+06  2654  3  -3.462500e+06  2655  3  -3.462500e+06  2656  3  -3.462500e+06  2657  3  -3.462500e+06  2658  3  -3.462500e+06  2659  3  -3.462500e+06  2660  3  -3.462500e+06  2661  3  -3.462500e+06  2662  3  -3.462500e+06  2663  3  -3.462500e+06  2664  3  -3.462500e+06  2665  3  -3.462500e+06  2666  3  -3.462500e+06  2667  3  -3.462500e+06  2668  3  -3.462500e+06  2669  3  -3.462500e+06  2670  3  -3.462500e+06  2671  3  -3.462500e+06  2672  3  -3.462500e+06  2673  3  -3.462500e+06  2674  3  -3.462500e+06  2675  3  -3.462500e+06  2676  3  -3.462500e+06  2677  3  -3.462500e+06  2678  3  -3.462500e+06  2679  3  -3.462500e+06  2680  3  -3.462500e+06  2681  3  -3.462500e+06  2682  3  -3.462500e+06  2683  3  -3.462500e+06  2684  3  -3.462500e+06  2685  3  -3.462500e+06  2686  3  -3.462500e+06  2687  3  -3.462500e+06  2688  3  -3.462500e+06  2689  3  -3.462500e+06  2690  3  -3.462500e+06  2691  3  -3.462500e+06  2692  3  -3.462500e+06  2693  3  -3.462500e+06  2694  3  -3.462500e+06  2695  3  -3.462500e+06  2696  3  -3.462500e+06  2697  3  -3.462500e+06  2698  3  -3.462500e+06  2699  3  -3.462500e+06  2700  3  -3.462500e+06  2701  3  -3.462500e+06  2702  3  -3.462500e+06  2703  3  -3.462500e+06  2704  3  -3.462500e+06  2705  3  -3.462500e+06  2706  3  -3.462500e+06  2707  3  -3.462500e+06  2708  3  -3.462500e+06  2709  3  -3.462500e+06  2710  3  -3.462500e+06  2711  3  -3.462500e+06  2712  3  -3.462500e+06  2713  3  -3.462500e+06  2714  3  -3.462500e+06  2715  3  -3.462500e+06  2716  3  -3.462500e+06  2717  3  -3.462500e+06  2718  3  -3.462500e+06  2719  3  -3.462500e+06  2720  3  -3.462500e+06  2721  3  -3.462500e+06  2722  3  -3.462500e+06  2723  3  -3.462500e+06  2724  3  -3.462500e+06  2725  3  -3.462500e+06  2726  3  -3.462500e+06  2727  3  -3.462500e+06  2728  3  -3.462500e+06  2729  3  -3.462500e+06  2730  3  -3.462500e+06  2731  3  -3.462500e+06  2732  3  -3.462500e+06  2733  3  -3.462500e+06  2734  3  -3.462500e+06  2735  3  -3.462500e+06  2736  3  -3.462500e+06  2737  3  -3.462500e+06  2738  3  -3.462500e+06  2739  3  -3.462500e+06  2740  3  -3.462500e+06  2741  3  -3.462500e+06  2742  3  -3.462500e+06  2743  3  -3.462500e+06  2744  3  -3.462500e+06  2745  3  -3.462500e+06  2746  3  -3.462500e+06  2747  3  -3.462500e+06  2748  3  -3.462500e+06  2749  3  -3.462500e+06  2750  3  -3.462500e+06  2751  3  -3.462500e+06  2752  3  -3.462500e+06  2753  3  -3.462500e+06  2754  3  -3.462500e+06  2755  3  -3.462500e+06  2756  3  -3.462500e+06  2757  3  -3.462500e+06  2758  3  -3.462500e+06  2759  3  -3.462500e+06  2760  3  -3.462500e+06  2761  3  -3.462500e+06  2762  3  -3.462500e+06  2763  3  -3.462500e+06  2764  3  -3.462500e+06  2765  3  -3.462500e+06  2766  3  -3.462500e+06  2767  3  -3.462500e+06  2768  3  -3.462500e+06  2769  3  -3.462500e+06  2770  3  -3.462500e+06  2771  3  -3.462500e+06  2772  3  -3.462500e+06  2773  3  -3.462500e+06  2774  3  -3.462500e+06  2775  3  -3.462500e+06  2776  3  -3.462500e+06  2777  3  -3.462500e+06  2778  3  -3.462500e+06  2779  3  -3.462500e+06  2780  3  -3.462500e+06  2781  3  -3.462500e+06  2782  3  -3.462500e+06  2783  3  -3.462500e+06  2784  3  -3.462500e+06  2785  3  -3.462500e+06  2786  3  -3.462500e+06  2787  3  -3.462500e+06  2788  3  -3.462500e+06  2789  3  -3.462500e+06  2790  3  -3.462500e+06  2791  3  -3.462500e+06  2792  3  -3.462500e+06  2793  3  -3.462500e+06  2794  3  -3.462500e+06  2795  3  -3.462500e+06  2796  3  -3.462500e+06  2797  3  -3.462500e+06  2798  3  -3.462500e+06  2799  3  -3.462500e+06  2800  3  -3.462500e+06  2801  3  -3.462500e+06  2802  3  -3.462500e+06  2803  3  -3.462500e+06  2804  3  -3.462500e+06  2805  3  -3.462500e+06  2806  3  -3.462500e+06  2807  3  -3.462500e+06  2808  3  -3.462500e+06  2809  3  -3.462500e+06  2810  3  -3.462500e+06  2811  3  -3.462500e+06  2812  3  -3.462500e+06  2813  3  -3.462500e+06  2814  3  -3.462500e+06  2815  3  -3.462500e+06  2816  3  -3.462500e+06  2817  3  -3.462500e+06  2818  3  -3.462500e+06  2819  3  -3.462500e+06  2820  3  -3.462500e+06  2821  3  -3.462500e+06  2822  3  -3.462500e+06  2823  3  -3.462500e+06  2824  3  -3.462500e+06  2825  3  -3.462500e+06  2826  3  -3.462500e+06  2827  3  -3.462500e+06  2828  3  -3.462500e+06  2829  3  -3.462500e+06  2830  3  -3.462500e+06  2831  3  -3.462500e+06  2832  3  -3.462500e+06  2833  3  -9.452641e+05  2834  3  -9.452641e+05  2835  3  -3.326268e+06  2836  3  -3.326268e+06  2837  3  -8.656250e+05  2838  3  -4.328125e+05  2839  3  -4.328125e+05  2840  3  -8.656250e+05  2841  3  -4.328125e+05  2842  3  -4.328125e+05  2843  3  -4.328125e+05  2844  3  -4.328125e+05  2845  3  -1.731250e+06  2846  3  -1.731250e+06  2847  3  -1.731250e+06  2848  3  -8.656250e+05  2849  3  -8.656250e+05  2850  3  -8.656250e+05  2851  3  -8.656250e+05  2852  3  -8.656250e+05  2853  3  -9.236250e+05  2854  3  -9.236250e+05  2855  3  -9.236250e+05  2856  3  -8.656250e+05  2857  3  -8.656250e+05  2858  3  -8.656250e+05  2859  3  -8.656250e+05  2860  3  -8.656250e+05  2861  3  -1.731250e+06  2862  3  -1.731250e+06  2863  3  -1.731250e+06  2864  3  -8.656250e+05  2865  3  -8.656250e+05  2866  3  -8.656250e+05  2867  3  -8.656250e+05  2868  3  -8.656250e+05  2869  3  -8.656250e+05  2870  3  -8.656250e+05  2871  3  -8.656250e+05  2872  3  -8.656250e+05  2873  3  -8.656250e+05  2874  3  -8.656250e+05  2875  3  -8.656250e+05  2876  3  -8.656250e+05  2877  3  -8.656250e+05  2878  3  -8.656250e+05  2879  3  -8.656250e+05  2880  3  -8.656250e+05  2881  3  -8.656250e+05  2882  3  -8.656250e+05  2883  3  -8.656250e+05  2884  3  -8.656250e+05  2885  3  -8.656250e+05  2886  3  -1.731250e+06  2887  3  -1.731250e+06  2888  3  -1.731250e+06  2889  3  -1.731250e+06  2890  3  -1.731250e+06  2891  3  -1.731250e+06  2892  3  -1.731250e+06  2893  3  -1.731250e+06  2894  3  -1.731250e+06  2895  3  -8.656250e+05  2896  3  -8.656250e+05  2897  3  -8.656250e+05  2898  3  -8.656250e+05  2899  3  -8.656250e+05  2900  3  -8.656250e+05  2901  3  -8.656250e+05  2902  3  -8.656250e+05  2903  3  -8.656250e+05  2904  3  -1.731250e+06  2905  3  -1.731250e+06  2906  3  -1.731250e+06  2907  3  -1.731250e+06  2908  3  -1.731250e+06  2909  3  -1.731250e+06  2910  3  -1.731250e+06  2911  3  -1.731250e+06  2912  3  -1.731250e+06  2913  3  -8.656250e+05  2914  3  -8.656250e+05  2915  3  -8.656250e+05  2916  3  -8.656250e+05  2917  3  -8.656250e+05  2918  3  -8.656250e+05  2919  3  -8.656250e+05  2920  3  -8.656250e+05  2921  3  -8.656250e+05  2922  3  -8.656250e+05  2923  3  -8.656250e+05  2924  3  -8.656250e+05  2925  3  -8.656250e+05  2926  3  -8.656250e+05  2927  3  -8.656250e+05  2928  3  -8.656250e+05  2929  3  -8.656250e+05  2930  3  -8.656250e+05  2931  3  -8.656250e+05  2932  3  -8.656250e+05  2933  3  -8.656250e+05  2934  3  -8.656250e+05  2935  3  -8.656250e+05  2936  3  -8.656250e+05  2937  3  -8.656250e+05  2938  3  -8.656250e+05  2939  3  -8.656250e+05  2940  3  -8.656250e+05  2941  3  -8.656250e+05  2942  3  -8.656250e+05  2943  3  -8.656250e+05  2944  3  -8.656250e+05  2945  3  -8.656250e+05  2946  3  -8.656250e+05  2947  3  -8.656250e+05  2948  3  -8.656250e+05  2949  3  -1.731250e+06  2950  3  -1.731250e+06  2951  3  -1.731250e+06  2952  3  -1.731250e+06  2953  3  -1.731250e+06  2954  3  -1.731250e+06  2955  3  -1.731250e+06  2956  3  -1.731250e+06  2957  3  -1.731250e+06  2958  3  -1.731250e+06  2959  3  -1.731250e+06  2960  3  -1.731250e+06  2961  3  -1.731250e+06  2962  3  -1.731250e+06  2963  3  -1.731250e+06  2964  3  -1.731250e+06  2965  3  -1.731250e+06  2966  3  -1.731250e+06  2967  3  -1.731250e+06  2968  3  -1.731250e+06  2969  3  -1.731250e+06  2970  3  -1.731250e+06  2971  3  -1.731250e+06  2972  3  -1.731250e+06  2973  3  -1.731250e+06  2974  3  -1.731250e+06  2975  3  -1.731250e+06  2976  3  -1.731250e+06  2977  3  -1.731250e+06  2978  3  -1.731250e+06  2979  3  -1.731250e+06  2980  3  -1.731250e+06  2981  3  -1.731250e+06  2982  3  -1.731250e+06  2983  3  -1.731250e+06  2984  3  -1.731250e+06  2985  3  -1.731250e+06  2986  3  -1.731250e+06  2987  3  -1.731250e+06  2988  3  -1.731250e+06  2989  3  -1.731250e+06  2990  3  -1.731250e+06  2991  3  -1.731250e+06  2992  3  -1.731250e+06  2993  3  -1.731250e+06  2994  3  -1.731250e+06  2995  3  -1.731250e+06  2996  3  -1.731250e+06  2997  3  -1.731250e+06  2998  3  -1.731250e+06  2999  3  -1.731250e+06  3000  3  -1.731250e+06  3001  3  -1.731250e+06  3002  3  -1.731250e+06  3003  3  -1.731250e+06  3004  3  -1.731250e+06  3005  3  -1.731250e+06  3006  3  -1.731250e+06  3007  3  -1.731250e+06  3008  3  -1.731250e+06  3009  3  -1.731250e+06  3010  3  -1.731250e+06  3011  3  -1.731250e+06  3012  3  -1.731250e+06  3013  3  -1.731250e+06  3014  3  -1.731250e+06  3015  3  -1.731250e+06  3016  3  -1.731250e+06  3017  3  -1.731250e+06  3018  3  -1.731250e+06  3019  3  -1.731250e+06  3020  3  -1.731250e+06  3021  3  -1.731250e+06  3022  3  -1.731250e+06  3023  3  -1.731250e+06  3024  3  -1.731250e+06  3025  3  -1.731250e+06  3026  3  -1.731250e+06  3027  3  -1.731250e+06  3028  3  -1.731250e+06  3029  3  -1.731250e+06  3030  3  -1.731250e+06  3031  3  -1.731250e+06  3032  3  -1.731250e+06  3033  3  -1.731250e+06  3034  3  -1.731250e+06  3035  3  -1.731250e+06  3036  3  -1.731250e+06  3037  3  -1.731250e+06  3038  3  -1.731250e+06  3039  3  -1.731250e+06  3040  3  -1.731250e+06  3041  3  -1.731250e+06  3042  3  -1.731250e+06  3043  3  -1.731250e+06  3044  3  -1.731250e+06  3045  3  -1.731250e+06  3046  3  -1.731250e+06  3047  3  -1.731250e+06  3048  3  -1.731250e+06  3049  3  -1.731250e+06  3050  3  -1.731250e+06  3051  3  -1.731250e+06  3052  3  -1.731250e+06  3053  3  -1.731250e+06  3054  3  -1.731250e+06  3055  3  -1.731250e+06  3056  3  -1.731250e+06  3057  3  -1.731250e+06  3058  3  -1.731250e+06  3059  3  -1.731250e+06  3060  3  -1.731250e+06  3061  3  -1.731250e+06  3062  3  -1.731250e+06  3063  3  -1.731250e+06  3064  3  -1.731250e+06  3065  3  -1.731250e+06  3066  3  -1.731250e+06  3067  3  -1.731250e+06  3068  3  -1.731250e+06  3069  3  -3.462500e+06  3070  3  -3.462500e+06  3071  3  -3.462500e+06  3072  3  -3.462500e+06  3073  3  -3.462500e+06  3074  3  -3.462500e+06  3075  3  -3.462500e+06  3076  3  -3.462500e+06  3077  3  -3.462500e+06  3078  3  -3.462500e+06  3079  3  -3.462500e+06  3080  3  -3.462500e+06  3081  3  -3.462500e+06  3082  3  -3.462500e+06  3083  3  -3.462500e+06  3084  3  -3.462500e+06  3085  3  -3.462500e+06  3086  3  -3.462500e+06  3087  3  -3.462500e+06  3088  3  -3.462500e+06  3089  3  -3.462500e+06  3090  3  -3.462500e+06  3091  3  -3.462500e+06  3092  3  -3.462500e+06  3093  3  -3.462500e+06  3094  3  -3.462500e+06  3095  3  -3.462500e+06  3096  3  -1.731250e+06  3097  3  -1.731250e+06  3098  3  -1.731250e+06  3099  3  -1.731250e+06  3100  3  -1.731250e+06  3101  3  -1.731250e+06  3102  3  -1.731250e+06  3103  3  -1.731250e+06  3104  3  -1.731250e+06  3105  3  -1.731250e+06  3106  3  -1.731250e+06  3107  3  -1.731250e+06  3108  3  -1.731250e+06  3109  3  -1.731250e+06  3110  3  -1.731250e+06  3111  3  -1.731250e+06  3112  3  -1.731250e+06  3113  3  -1.731250e+06  3114  3  -1.731250e+06  3115  3  -1.731250e+06  3116  3  -1.731250e+06  3117  3  -1.731250e+06  3118  3  -1.731250e+06  3119  3  -1.731250e+06  3120  3  -1.731250e+06  3121  3  -1.731250e+06  3122  3  -1.731250e+06  3123  3  -1.731250e+06  3124  3  -1.731250e+06  3125  3  -1.731250e+06  3126  3  -1.731250e+06  3127  3  -1.731250e+06  3128  3  -1.731250e+06  3129  3  -1.731250e+06  3130  3  -1.731250e+06  3131  3  -1.731250e+06  3132  3  -1.731250e+06  3133  3  -1.731250e+06  3134  3  -1.731250e+06  3135  3  -1.731250e+06  3136  3  -1.731250e+06  3137  3  -1.731250e+06  3138  3  -1.731250e+06  3139  3  -1.731250e+06  3140  3  -1.731250e+06  3141  3  -1.731250e+06  3142  3  -1.731250e+06  3143  3  -1.731250e+06  3144  3  -1.731250e+06  3145  3  -1.731250e+06  3146  3  -1.731250e+06  3147  3  -1.731250e+06  3148  3  -1.731250e+06  3149  3  -1.731250e+06  3150  3  -1.731250e+06  3151  3  -1.731250e+06  3152  3  -1.731250e+06  3153  3  -1.731250e+06  3154  3  -1.731250e+06  3155  3  -1.731250e+06  3156  3  -1.731250e+06  3157  3  -1.731250e+06  3158  3  -1.731250e+06  3159  3  -1.731250e+06  3160  3  -1.731250e+06  3161  3  -1.731250e+06  3162  3  -1.731250e+06  3163  3  -1.731250e+06  3164  3  -1.731250e+06  3165  3  -1.731250e+06  3166  3  -1.731250e+06  3167  3  -1.731250e+06  3168  3  -1.731250e+06  3169  3  -1.731250e+06  3170  3  -1.731250e+06  3171  3  -1.731250e+06  3172  3  -1.731250e+06  3173  3  -1.731250e+06  3174  3  -1.731250e+06  3175  3  -1.731250e+06  3176  3  -1.731250e+06  3177  3  -1.731250e+06  3178  3  -1.731250e+06  3179  3  -1.731250e+06  3180  3  -1.731250e+06  3181  3  -1.731250e+06  3182  3  -1.731250e+06  3183  3  -1.731250e+06  3184  3  -1.731250e+06  3185  3  -1.731250e+06  3186  3  -1.731250e+06  3187  3  -1.731250e+06  3188  3  -1.731250e+06  3189  3  -1.731250e+06  3190  3  -1.731250e+06  3191  3  -1.731250e+06  3192  3  -1.731250e+06  3193  3  -1.731250e+06  3194  3  -1.731250e+06  3195  3  -1.731250e+06  3196  3  -1.731250e+06  3197  3  -1.731250e+06  3198  3  -1.731250e+06  3199  3  -1.731250e+06  3200  3  -1.731250e+06  3201  3  -1.731250e+06  3202  3  -1.731250e+06  3203  3  -1.731250e+06  3204  3  -1.731250e+06  3205  3  -1.731250e+06  3206  3  -1.731250e+06  3207  3  -1.731250e+06  3208  3  -1.731250e+06  3209  3  -1.731250e+06  3210  3  -1.731250e+06  3211  3  -1.731250e+06  3212  3  -1.731250e+06  3213  3  -1.731250e+06  3214  3  -1.731250e+06  3215  3  -1.731250e+06  3216  3  -1.731250e+06  3217  3  -1.731250e+06  3218  3  -1.731250e+06  3219  3  -1.731250e+06  3220  3  -1.731250e+06  3221  3  -1.731250e+06  3222  3  -3.462500e+06  3223  3  -3.462500e+06  3224  3  -3.462500e+06  3225  3  -3.462500e+06  3226  3  -3.462500e+06  3227  3  -3.462500e+06  3228  3  -3.462500e+06  3229  3  -3.462500e+06  3230  3  -3.462500e+06  3231  3  -3.462500e+06  3232  3  -3.462500e+06  3233  3  -3.462500e+06  3234  3  -3.462500e+06  3235  3  -3.462500e+06  3236  3  -3.462500e+06  3237  3  -3.462500e+06  3238  3  -3.462500e+06  3239  3  -3.462500e+06  3240  3  -3.462500e+06  3241  3  -3.462500e+06  3242  3  -3.462500e+06  3243  3  -3.462500e+06  3244  3  -3.462500e+06  3245  3  -3.462500e+06  3246  3  -3.462500e+06  3247  3  -3.462500e+06  3248  3  -3.462500e+06  3249  3  -3.462500e+06  3250  3  -3.462500e+06  3251  3  -3.462500e+06  3252  3  -3.462500e+06  3253  3  -3.462500e+06  3254  3  -3.462500e+06  3255  3  -3.462500e+06  3256  3  -3.462500e+06  3257  3  -3.462500e+06  3258  3  -3.462500e+06  3259  3  -3.462500e+06  3260  3  -3.462500e+06  3261  3  -3.462500e+06  3262  3  -3.462500e+06  3263  3  -3.462500e+06  3264  3  -3.462500e+06  3265  3  -3.462500e+06  3266  3  -3.462500e+06  3267  3  -3.462500e+06  3268  3  -3.462500e+06  3269  3  -3.462500e+06  3270  3  -3.462500e+06  3271  3  -3.462500e+06  3272  3  -3.462500e+06  3273  3  -3.462500e+06  3274  3  -3.462500e+06  3275  3  -3.462500e+06  3276  3  -3.462500e+06  3277  3  -3.462500e+06  3278  3  -3.462500e+06  3279  3  -3.462500e+06  3280  3  -3.462500e+06  3281  3  -3.462500e+06  3282  3  -3.462500e+06  3283  3  -3.462500e+06  3284  3  -3.462500e+06  3285  3  -3.462500e+06  3286  3  -3.462500e+06  3287  3  -3.462500e+06  3288  3  -3.462500e+06  3289  3  -3.462500e+06  3290  3  -3.462500e+06  3291  3  -3.462500e+06  3292  3  -3.462500e+06  3293  3  -3.462500e+06  3294  3  -3.462500e+06  3295  3  -3.462500e+06  3296  3  -3.462500e+06  3297  3  -3.462500e+06  3298  3  -3.462500e+06  3299  3  -3.462500e+06  3300  3  -3.462500e+06  3301  3  -3.462500e+06  3302  3  -3.462500e+06  3303  3  -3.462500e+06  3304  3  -3.462500e+06  3305  3  -3.462500e+06  3306  3  -3.462500e+06  3307  3  -3.462500e+06  3308  3  -3.462500e+06  3309  3  -3.462500e+06  3310  3  -3.462500e+06  3311  3  -3.462500e+06  3312  3  -3.462500e+06  3313  3  -3.462500e+06  3314  3  -3.462500e+06  3315  3  -3.462500e+06  3316  3  -3.462500e+06  3317  3  -3.462500e+06  3318  3  -3.462500e+06  3319  3  -3.462500e+06  3320  3  -3.462500e+06  3321  3  -3.462500e+06  3322  3  -3.462500e+06  3323  3  -3.462500e+06  3324  3  -3.462500e+06  3325  3  -3.462500e+06  3326  3  -3.462500e+06  3327  3  -3.462500e+06  3328  3  -3.462500e+06  3329  3  -3.462500e+06  3330  3  -3.462500e+06  3331  3  -3.462500e+06  3332  3  -3.462500e+06  3333  3  -3.462500e+06  3334  3  -3.462500e+06  3335  3  -3.462500e+06  3336  3  -3.462500e+06  3337  3  -3.462500e+06  3338  3  -3.462500e+06  3339  3  -3.462500e+06  3340  3  -3.462500e+06  3341  3  -3.462500e+06  3342  3  -3.462500e+06  3343  3  -3.462500e+06  3344  3  -3.462500e+06  3345  3  -3.462500e+06  3346  3  -3.462500e+06  3347  3  -3.462500e+06  3348  3  -3.462500e+06  3349  3  -3.462500e+06  3350  3  -3.462500e+06  3351  3  -3.462500e+06  3352  3  -3.462500e+06  3353  3  -3.462500e+06  3354  3  -3.462500e+06  3355  3  -3.462500e+06  3356  3  -3.462500e+06  3357  3  -3.462500e+06  3358  3  -3.462500e+06  3359  3  -3.462500e+06  3360  3  -3.462500e+06  3361  3  -3.462500e+06  3362  3  -3.462500e+06  3363  3  -3.462500e+06  3364  3  -3.462500e+06  3365  3  -3.462500e+06  3366  3  -3.462500e+06  3367  3  -3.462500e+06  3368  3  -3.462500e+06  3369  3  -3.462500e+06  3370  3  -3.462500e+06  3371  3  -3.462500e+06  3372  3  -3.462500e+06  3373  3  -3.462500e+06  3374  3  -3.462500e+06  3375  3  -3.462500e+06  3376  3  -3.462500e+06  3377  3  -3.462500e+06  3378  3  -3.462500e+06  3379  3  -3.462500e+06  3380  3  -3.462500e+06  3381  3  -3.462500e+06  3382  3  -3.462500e+06  3383  3  -3.462500e+06  3384  3  -3.462500e+06  3385  3  -3.462500e+06  3386  3  -3.462500e+06  3387  3  -3.462500e+06  3388  3  -3.462500e+06  3389  3  -3.462500e+06  3390  3  -3.462500e+06  3391  3  -3.462500e+06  3392  3  -3.462500e+06  3393  3  -3.462500e+06  3394  3  -3.462500e+06  3395  3  -3.462500e+06  3396  3  -3.462500e+06  3397  3  -3.462500e+06  3398  3  -3.462500e+06  3399  3  -3.462500e+06  3400  3  -3.462500e+06  3401  3  -3.462500e+06  3402  3  -3.462500e+06  3403  3  -3.462500e+06  3404  3  -3.462500e+06  3405  3  -3.462500e+06  3406  3  -3.462500e+06  3407  3  -3.462500e+06  3408  3  -3.462500e+06  3409  3  -3.462500e+06  3410  3  -3.462500e+06  3411  3  -3.462500e+06  3412  3  -3.462500e+06  3413  3  -3.462500e+06  3414  3  -3.462500e+06  3415  3  -3.462500e+06  3416  3  -3.462500e+06  3417  3  -3.462500e+06  3418  3  -3.462500e+06  3419  3  -3.462500e+06  3420  3  -3.462500e+06  3421  3  -3.462500e+06  3422  3  -3.462500e+06  3423  3  -3.462500e+06  3424  3  -3.462500e+06  3425  3  -3.462500e+06  3426  3  -3.462500e+06  3427  3  -3.462500e+06  3428  3  -3.462500e+06  3429  3  -3.462500e+06  3430  3  -3.462500e+06  3431  3  -3.462500e+06  3432  3  -3.462500e+06  3433  3  -3.462500e+06  3434  3  -3.462500e+06  3435  3  -3.462500e+06  3436  3  -3.462500e+06  3437  3  -3.462500e+06  3438  3  -1.178330e+05  3441  3  -1.978958e+05  3444  3  -1.978957e+05  3446  3  -1.178329e+05  3448  3  -1.978957e+05  3449  3  -1.178329e+05  3450  3  -1.178329e+05  3452  3  -1.978958e+05  3454  3  -1.178330e+05  3458  3  -7.921538e+04  3459  3  -7.921537e+04  3460  3  -7.921537e+04  3461  3  -7.921538e+04  3462  3  -7.921538e+04  3463  3  -7.921537e+04  3464  3  -7.921537e+04  3465  3  -7.921538e+04  3466  3  -7.921538e+04  3467  3  -7.921537e+04  3468  3  -7.921537e+04  3469  3  -7.921538e+04  3470  3  -8.006290e+04  3471  3  -8.006290e+04  3472  3  -8.006276e+04  3473  3  -8.006290e+04  3474  3  -8.006290e+04  3475  3  -8.006276e+04  3476  3  -8.006290e+04  3477  3  -8.006290e+04  3478  3  -8.006276e+04  3479  3  -8.006290e+04  3480  3  -8.006290e+04  3481  3  -8.006276e+04  3482  3  -8.006290e+04  3483  3  -8.006290e+04  3484  3  -8.006290e+04  3485  3  -8.006290e+04  3486  3  -8.006276e+04  3487  3  -8.006290e+04  3488  3  -8.006290e+04  3489  3  -8.006276e+04  3490  3  -8.006290e+04  3491  3  -8.006290e+04  3492  3  -8.006276e+04  3493  3  -8.006290e+04  3494  3  -8.006290e+04  3495  3  -8.006276e+04  3496  3  -8.006290e+04  3497  3  -8.006290e+04  3498  3  -7.723500e+04  3499  3  -7.723500e+04  3500  3  -7.723500e+04  3501  3  -7.723500e+04  3502  3  -7.723500e+04  3503  3  -7.723500e+04  3504  3  -7.723500e+04  3505  3  -7.723500e+04  3506  3  -7.723500e+04  3507  3  -7.723500e+04  3508  3  -7.723500e+04  3509  3  -7.723500e+04  3510  3  -7.723500e+04  3511  3  -7.723500e+04  3512  3  -8.006283e+04  3513  3  -8.006283e+04  3514  3  -8.006290e+04  3515  3  -8.006283e+04  3516  3  -8.006283e+04  3517  3  -8.006290e+04  3518  3  -8.006283e+04  3519  3  -8.006283e+04  3520  3  -8.006283e+04  3521  3  -8.006290e+04  3522  3  -8.006290e+04  3523  3  -8.006276e+04  3524  3  -8.006290e+04  3525  3  -8.006290e+04  3526  3  -8.006287e+04  3527  3  -8.006287e+04  3528  3  -8.006284e+04  3529  3  -8.006283e+04  3530  3  -8.006287e+04  3531  3  -8.006290e+04  3532  3  -8.006283e+04  3533  3  -8.006283e+04  3534  3  -8.006290e+04  3535  3  -8.006283e+04  3536  3  -8.006283e+04  3537  3  -8.006290e+04  3538  3  -8.006283e+04  3539  3  -8.006283e+04  3540  3  -7.723500e+04  3541  3  -7.723500e+04  3542  3  -7.723500e+04  3543  3  -7.723500e+04  3544  3  -7.723500e+04  3545  3  -7.723500e+04  3546  3  -7.723500e+04  3547  3  -7.921538e+04  3548  3  -7.921537e+04  3549  3  -7.921537e+04  3550  3  -7.921538e+04  3551  3  -7.921538e+04  3552  3  -7.921537e+04  3553  3  -7.921537e+04  3554  3  -7.921538e+04  3555  3  -7.921538e+04  3556  3  -7.921537e+04  3557  3  -7.921537e+04  3558  3  -7.921538e+04  3559  3  -7.921538e+04  3560  3  -7.921538e+04  3561  3  -7.921537e+04  3562  3  -7.921537e+04  3563  3  -7.921538e+04  3564  3  -7.921545e+04  3565  3  -7.921537e+04  3566  3  -7.921538e+04  3567  3  -7.921538e+04  3568  3  -7.921537e+04  3569  3  -7.921537e+04  3570  3  -7.921538e+04  3571  3  -7.723500e+04  3572  3  -7.723500e+04  3573  3  -7.723500e+04  3574  3  -7.723500e+04  3575  3  -7.723500e+04  3576  3  -7.723500e+04  3577  3  -7.723500e+04  3578  3  -8.006286e+04  3579  3  -8.006286e+04  3580  3  -8.006286e+04  3581  3  -8.006285e+04  3582  3  -8.006286e+04  3583  3  -8.006287e+04  3584  3  -8.006285e+04  3585  3  -8.006285e+04  3586  3  -8.006285e+04  3587  3  -8.006287e+04  3588  3  -8.006287e+04  3589  3  -8.006284e+04  3590  3  -8.006287e+04  3591  3  -8.006287e+04  3592  3  -8.006286e+04  3593  3  -8.006286e+04  3594  3  -8.006286e+04  3595  3  -8.006285e+04  3596  3  -8.006286e+04  3597  3  -8.006287e+04  3598  3  -8.006285e+04  3599  3  -8.006285e+04  3600  3  -8.006285e+04  3601  3  -8.006287e+04  3602  3  -8.006287e+04  3603  3  -8.006284e+04  3604  3  -8.006287e+04  3605  3  -8.006287e+04  3606  3  -7.921538e+04  3607  3  -7.921539e+04  3608  3  -7.921538e+04  3609  3  -7.921539e+04  3610  3  -7.921539e+04  3611  3  -7.921537e+04  3612  3  -7.921537e+04  3613  3  -7.921537e+04  3614  3  -7.921541e+04  3615  3  -7.921541e+04  3616  3  -7.921537e+04  3617  3  -7.921537e+04  3618  3  -7.723500e+04  3619  3  -7.723500e+04  3620  3  -7.723500e+04  3621  3  -7.723500e+04  3622  3  -7.723500e+04  3623  3  -7.723500e+04  3624  3  -7.723500e+04  3625  3  -7.921537e+04  3626  3  -7.921537e+04  3627  3  -7.921537e+04  3628  3  -7.921537e+04  3629  3  -7.921537e+04  3630  3  -7.921545e+04  3631  3  -7.921545e+04  3632  3  -7.921537e+04  3633  3  -7.921537e+04  3634  3  -7.921537e+04  3635  3  -7.921537e+04  3636  3  -7.921537e+04  3637  3  -7.921538e+04  3638  3  -7.921539e+04  3639  3  -7.921538e+04  3640  3  -7.921539e+04  3641  3  -7.921539e+04  3642  3  -7.921537e+04  3643  3  -7.921537e+04  3644  3  -7.921537e+04  3645  3  -7.921541e+04  3646  3  -7.921541e+04  3647  3  -7.921537e+04  3648  3  -7.921537e+04  3649  3  -7.921537e+04  3650  3  -7.921537e+04  3651  3  -7.921537e+04  3652  3  -7.921537e+04  3653  3  -7.921537e+04  3654  3  -7.921545e+04  3655  3  -7.921545e+04  3656  3  -7.921537e+04  3657  3  -7.921537e+04  3658  3  -7.921537e+04  3659  3  -7.921537e+04  3660  3  -7.921537e+04  3661  3  -8.006287e+04  3662  3  -8.006287e+04  3663  3  -8.006284e+04  3664  3  -8.006283e+04  3665  3  -8.006287e+04  3666  3  -8.006290e+04  3667  3  -8.006283e+04  3668  3  -8.006283e+04  3669  3  -8.006290e+04  3670  3  -8.006283e+04  3671  3  -8.006283e+04  3672  3  -8.006290e+04  3673  3  -8.006283e+04  3674  3  -8.006283e+04  3675  3  -7.723500e+04  3676  3  -7.723500e+04  3677  3  -7.723500e+04  3678  3  -7.723500e+04  3679  3  -7.723500e+04  3680  3  -7.723500e+04  3681  3  -7.723500e+04  3682  3  -7.921538e+04  3683  3  -7.921538e+04  3684  3  -7.921537e+04  3685  3  -7.921537e+04  3686  3  -7.921538e+04  3687  3  -7.921545e+04  3688  3  -7.921537e+04  3689  3  -7.921538e+04  3690  3  -7.921538e+04  3691  3  -7.921537e+04  3692  3  -7.921537e+04  3693  3  -7.921538e+04  3694  3  -7.723500e+04  3695  3  -7.723500e+04  3696  3  -7.723500e+04  3697  3  -7.723500e+04  3698  3  -7.723500e+04  3699  3  -7.723500e+04  3700  3  -7.723500e+04  3701  3  -8.006283e+04  3702  3  -8.006283e+04  3703  3  -8.006290e+04  3704  3  -8.006283e+04  3705  3  -8.006283e+04  3706  3  -8.006290e+04  3707  3  -8.006283e+04  3708  3  -8.006283e+04  3709  3  -8.006283e+04  3710  3  -8.006290e+04  3711  3  -8.006290e+04  3712  3  -8.006276e+04  3713  3  -8.006290e+04  3714  3  -8.006290e+04  3715  3  -7.921538e+04  3716  3  -7.921537e+04  3717  3  -7.921537e+04  3718  3  -7.921538e+04  3719  3  -7.921538e+04  3720  3  -7.921537e+04  3721  3  -7.921537e+04  3722  3  -7.921538e+04  3723  3  -7.921538e+04  3724  3  -7.921537e+04  3725  3  -7.921537e+04  3726  3  -7.921538e+04  3727  3  -8.006290e+04  3728  3  -8.006290e+04  3729  3  -8.006276e+04  3730  3  -8.006290e+04  3731  3  -8.006290e+04  3732  3  -8.006276e+04  3733  3  -8.006290e+04  3734  3  -8.006290e+04  3735  3  -8.006276e+04  3736  3  -8.006290e+04  3737  3  -8.006290e+04  3738  3  -8.006276e+04  3739  3  -8.006290e+04  3740  3  -8.006290e+04  3741  3  -7.723500e+04  3742  3  -7.723500e+04  3743  3  -7.723500e+04  3744  3  -7.723500e+04  3745  3  -7.723500e+04  3746  3  -7.723500e+04  3747  3  -7.723500e+04  3748  3  -7.921538e+04  3749  3  -7.921537e+04  3750  3  -7.921537e+04  3751  3  -7.921538e+04  3752  3  -7.921538e+04  3753  3  -7.921537e+04  3754  3  -7.921537e+04  3755  3  -7.921538e+04  3756  3  -7.921538e+04  3757  3  -7.921537e+04  3758  3  -7.921537e+04  3759  3  -7.921538e+04  3760  3  -7.723500e+04  3761  3  -7.723500e+04  3762  3  -7.723500e+04  3763  3  -7.723500e+04  3764  3  -7.723500e+04  3765  3  -7.723500e+04  3766  3  -7.723500e+04  3767  3  -8.006290e+04  3768  3  -8.006290e+04  3769  3  -8.006276e+04  3770  3  -8.006290e+04  3771  3  -8.006290e+04  3772  3  -8.006276e+04  3773  3  -8.006290e+04  3774  3  -8.006290e+04  3775  3  -8.006276e+04  3776  3  -8.006290e+04  3777  3  -8.006290e+04  3778  3  -8.006276e+04  3779  3  -8.006290e+04  3780  3  -8.006290e+04  3781  3  -1.178330e+05  3784  3  -1.978958e+05  3787  3  -1.978957e+05  3789  3  -1.178329e+05  3791  3  -1.978957e+05  3792  3  -1.178329e+05  3793  3  -1.178329e+05  3795  3  -1.978958e+05  3797  3  -1.178330e+05  3801  3  -7.921538e+04  3802  3  -7.921537e+04  3803  3  -7.921537e+04  3804  3  -7.921538e+04  3805  3  -7.921538e+04  3806  3  -7.921537e+04  3807  3  -7.921537e+04  3808  3  -7.921538e+04  3809  3  -7.921538e+04  3810  3  -7.921537e+04  3811  3  -7.921537e+04  3812  3  -7.921538e+04  3813  3  -8.006290e+04  3814  3  -8.006290e+04  3815  3  -8.006276e+04  3816  3  -8.006290e+04  3817  3  -8.006290e+04  3818  3  -8.006276e+04  3819  3  -8.006290e+04  3820  3  -8.006290e+04  3821  3  -8.006276e+04  3822  3  -8.006290e+04  3823  3  -8.006290e+04  3824  3  -8.006276e+04  3825  3  -8.006290e+04  3826  3  -8.006290e+04  3827  3  -8.006290e+04  3828  3  -8.006290e+04  3829  3  -8.006276e+04  3830  3  -8.006290e+04  3831  3  -8.006290e+04  3832  3  -8.006276e+04  3833  3  -8.006290e+04  3834  3  -8.006290e+04  3835  3  -8.006276e+04  3836  3  -8.006290e+04  3837  3  -8.006290e+04  3838  3  -8.006276e+04  3839  3  -8.006290e+04  3840  3  -8.006290e+04  3841  3  -7.723500e+04  3842  3  -7.723500e+04  3843  3  -7.723500e+04  3844  3  -7.723500e+04  3845  3  -7.723500e+04  3846  3  -7.723500e+04  3847  3  -7.723500e+04  3848  3  -7.723500e+04  3849  3  -7.723500e+04  3850  3  -7.723500e+04  3851  3  -7.723500e+04  3852  3  -7.723500e+04  3853  3  -7.723500e+04  3854  3  -7.723500e+04  3855  3  -8.006283e+04  3856  3  -8.006283e+04  3857  3  -8.006290e+04  3858  3  -8.006283e+04  3859  3  -8.006283e+04  3860  3  -8.006290e+04  3861  3  -8.006283e+04  3862  3  -8.006283e+04  3863  3  -8.006283e+04  3864  3  -8.006290e+04  3865  3  -8.006290e+04  3866  3  -8.006276e+04  3867  3  -8.006290e+04  3868  3  -8.006290e+04  3869  3  -8.006287e+04  3870  3  -8.006287e+04  3871  3  -8.006284e+04  3872  3  -8.006283e+04  3873  3  -8.006287e+04  3874  3  -8.006290e+04  3875  3  -8.006283e+04  3876  3  -8.006283e+04  3877  3  -8.006290e+04  3878  3  -8.006283e+04  3879  3  -8.006283e+04  3880  3  -8.006290e+04  3881  3  -8.006283e+04  3882  3  -8.006283e+04  3883  3  -7.723500e+04  3884  3  -7.723500e+04  3885  3  -7.723500e+04  3886  3  -7.723500e+04  3887  3  -7.723500e+04  3888  3  -7.723500e+04  3889  3  -7.723500e+04  3890  3  -7.921538e+04  3891  3  -7.921537e+04  3892  3  -7.921537e+04  3893  3  -7.921538e+04  3894  3  -7.921538e+04  3895  3  -7.921537e+04  3896  3  -7.921537e+04  3897  3  -7.921538e+04  3898  3  -7.921538e+04  3899  3  -7.921537e+04  3900  3  -7.921537e+04  3901  3  -7.921538e+04  3902  3  -7.921538e+04  3903  3  -7.921538e+04  3904  3  -7.921537e+04  3905  3  -7.921537e+04  3906  3  -7.921538e+04  3907  3  -7.921545e+04  3908  3  -7.921537e+04  3909  3  -7.921538e+04  3910  3  -7.921538e+04  3911  3  -7.921537e+04  3912  3  -7.921537e+04  3913  3  -7.921538e+04  3914  3  -7.723500e+04  3915  3  -7.723500e+04  3916  3  -7.723500e+04  3917  3  -7.723500e+04  3918  3  -7.723500e+04  3919  3  -7.723500e+04  3920  3  -7.723500e+04  3921  3  -8.006286e+04  3922  3  -8.006286e+04  3923  3  -8.006286e+04  3924  3  -8.006285e+04  3925  3  -8.006286e+04  3926  3  -8.006287e+04  3927  3  -8.006285e+04  3928  3  -8.006285e+04  3929  3  -8.006285e+04  3930  3  -8.006287e+04  3931  3  -8.006287e+04  3932  3  -8.006284e+04  3933  3  -8.006287e+04  3934  3  -8.006287e+04  3935  3  -8.006286e+04  3936  3  -8.006286e+04  3937  3  -8.006286e+04  3938  3  -8.006285e+04  3939  3  -8.006286e+04  3940  3  -8.006287e+04  3941  3  -8.006285e+04  3942  3  -8.006285e+04  3943  3  -8.006285e+04  3944  3  -8.006287e+04  3945  3  -8.006287e+04  3946  3  -8.006284e+04  3947  3  -8.006287e+04  3948  3  -8.006287e+04  3949  3  -7.921538e+04  3950  3  -7.921539e+04  3951  3  -7.921538e+04  3952  3  -7.921539e+04  3953  3  -7.921539e+04  3954  3  -7.921537e+04  3955  3  -7.921537e+04  3956  3  -7.921537e+04  3957  3  -7.921541e+04  3958  3  -7.921541e+04  3959  3  -7.921537e+04  3960  3  -7.921537e+04  3961  3  -7.723500e+04  3962  3  -7.723500e+04  3963  3  -7.723500e+04  3964  3  -7.723500e+04  3965  3  -7.723500e+04  3966  3  -7.723500e+04  3967  3  -7.723500e+04  3968  3  -7.921537e+04  3969  3  -7.921537e+04  3970  3  -7.921537e+04  3971  3  -7.921537e+04  3972  3  -7.921537e+04  3973  3  -7.921545e+04  3974  3  -7.921545e+04  3975  3  -7.921537e+04  3976  3  -7.921537e+04  3977  3  -7.921537e+04  3978  3  -7.921537e+04  3979  3  -7.921537e+04  3980  3  -7.921538e+04  3981  3  -7.921539e+04  3982  3  -7.921538e+04  3983  3  -7.921539e+04  3984  3  -7.921539e+04  3985  3  -7.921537e+04  3986  3  -7.921537e+04  3987  3  -7.921537e+04  3988  3  -7.921541e+04  3989  3  -7.921541e+04  3990  3  -7.921537e+04  3991  3  -7.921537e+04  3992  3  -7.921537e+04  3993  3  -7.921537e+04  3994  3  -7.921537e+04  3995  3  -7.921537e+04  3996  3  -7.921537e+04  3997  3  -7.921545e+04  3998  3  -7.921545e+04  3999  3  -7.921537e+04  4000  3  -7.921537e+04  4001  3  -7.921537e+04  4002  3  -7.921537e+04  4003  3  -7.921537e+04  4004  3  -8.006287e+04  4005  3  -8.006287e+04  4006  3  -8.006284e+04  4007  3  -8.006283e+04  4008  3  -8.006287e+04  4009  3  -8.006290e+04  4010  3  -8.006283e+04  4011  3  -8.006283e+04  4012  3  -8.006290e+04  4013  3  -8.006283e+04  4014  3  -8.006283e+04  4015  3  -8.006290e+04  4016  3  -8.006283e+04  4017  3  -8.006283e+04  4018  3  -7.723500e+04  4019  3  -7.723500e+04  4020  3  -7.723500e+04  4021  3  -7.723500e+04  4022  3  -7.723500e+04  4023  3  -7.723500e+04  4024  3  -7.723500e+04  4025  3  -7.921538e+04  4026  3  -7.921538e+04  4027  3  -7.921537e+04  4028  3  -7.921537e+04  4029  3  -7.921538e+04  4030  3  -7.921545e+04  4031  3  -7.921537e+04  4032  3  -7.921538e+04  4033  3  -7.921538e+04  4034  3  -7.921537e+04  4035  3  -7.921537e+04  4036  3  -7.921538e+04  4037  3  -7.723500e+04  4038  3  -7.723500e+04  4039  3  -7.723500e+04  4040  3  -7.723500e+04  4041  3  -7.723500e+04  4042  3  -7.723500e+04  4043  3  -7.723500e+04  4044  3  -8.006283e+04  4045  3  -8.006283e+04  4046  3  -8.006290e+04  4047  3  -8.006283e+04  4048  3  -8.006283e+04  4049  3  -8.006290e+04  4050  3  -8.006283e+04  4051  3  -8.006283e+04  4052  3  -8.006283e+04  4053  3  -8.006290e+04  4054  3  -8.006290e+04  4055  3  -8.006276e+04  4056  3  -8.006290e+04  4057  3  -8.006290e+04  4058  3  -7.921538e+04  4059  3  -7.921537e+04  4060  3  -7.921537e+04  4061  3  -7.921538e+04  4062  3  -7.921538e+04  4063  3  -7.921537e+04  4064  3  -7.921537e+04  4065  3  -7.921538e+04  4066  3  -7.921538e+04  4067  3  -7.921537e+04  4068  3  -7.921537e+04  4069  3  -7.921538e+04  4070  3  -8.006290e+04  4071  3  -8.006290e+04  4072  3  -8.006276e+04  4073  3  -8.006290e+04  4074  3  -8.006290e+04  4075  3  -8.006276e+04  4076  3  -8.006290e+04  4077  3  -8.006290e+04  4078  3  -8.006276e+04  4079  3  -8.006290e+04  4080  3  -8.006290e+04  4081  3  -8.006276e+04  4082  3  -8.006290e+04  4083  3  -8.006290e+04  4084  3  -7.723500e+04  4085  3  -7.723500e+04  4086  3  -7.723500e+04  4087  3  -7.723500e+04  4088  3  -7.723500e+04  4089  3  -7.723500e+04  4090  3  -7.723500e+04  4091  3  -7.921538e+04  4092  3  -7.921537e+04  4093  3  -7.921537e+04  4094  3  -7.921538e+04  4095  3  -7.921538e+04  4096  3  -7.921537e+04  4097  3  -7.921537e+04  4098  3  -7.921538e+04  4099  3  -7.921538e+04  4100  3  -7.921537e+04  4101  3  -7.921537e+04  4102  3  -7.921538e+04  4103  3  -7.723500e+04  4104  3  -7.723500e+04  4105  3  -7.723500e+04  4106  3  -7.723500e+04  4107  3  -7.723500e+04  4108  3  -7.723500e+04  4109  3  -7.723500e+04  4110  3  -8.006290e+04  4111  3  -8.006290e+04  4112  3  -8.006276e+04  4113  3  -8.006290e+04  4114  3  -8.006290e+04  4115  3  -8.006276e+04  4116  3  -8.006290e+04  4117  3  -8.006290e+04  4118  3  -8.006276e+04  4119  3  -8.006290e+04  4120  3  -8.006290e+04  4121  3  -8.006276e+04  4122  3  -8.006290e+04  4123  3  -8.006290e+04
  1  704  1
    1  7.000000e+10  0.760000
    1  3438  3458  1
    2  3458  3459  1
    3  3459  3460  1
    4  3460  3461  1
    5  3461  3462  1
    6  3462  3463  1
    7  3463  3464  1
    8  3464  3465  1
    9  3465  3466  1
    10  3466  3467  1
    11  3467  3468  1
    12  3468  3469  1
    13  3469  2232  1
    14  18  3470  1
    15  3470  3471  1
    16  3471  3472  1
    17  3472  3473  1
    18  3473  3474  1
    19  3474  3475  1
    20  3475  3476  1
    21  3476  3477  1
    22  3477  3478  1
    23  3478  3479  1
    24  3479  3480  1
    25  3480  3481  1
    26  3481  3482  1
    27  3482  3483  1
    28  3483  2232  1
    29  3441  3484  1
    30  3484  3485  1
    31  3485  3486  1
    32  3486  3487  1
    33  3487  3488  1
    34  3488  3489  1
    35  3489  3490  1
    36  3490  3491  1
    37  3491  3492  1
    38  3492  3493  1
    39  3493  3494  1
    40  3494  3495  1
    41  3495  3496  1
    42  3496  3497  1
    43  3497  18  1
    44  3441  3498  1
    45  3498  3499  1
    46  3499  3500  1
    47  3500  3501  1
    48  3501  3502  1
    49  3502  3503  1
    50  3503  3504  1
    51  3504  16  1
    52  18  3505  1
    53  3505  3506  1
    54  3506  3507  1
    55  3507  3508  1
    56  3508  3509  1
    57  3509  3510  1
    58  3510  3511  1
    59  3511  3438  1
    60  14  3512  1
    61  3512  3513  1
    62  3513  3514  1
    63  3514  3515  1
    64  3515  3516  1
    65  3516  3517  1
    66  3517  3518  1
    67  3518  3519  1
    68  3519  3520  1
    69  3520  3521  1
    70  3521  3522  1
    71  3522  3523  1
    72  3523  3524  1
    73  3524  3525  1
    74  3525  3441  1
    75  3444  3526  1
    76  3526  3527  1
    77  3527  3528  1
    78  3528  3529  1
    79  3529  3530  1
    80  3530  3531  1
    81  3531  3532  1
    82  3532  3533  1
    83  3533  3534  1
    84  3534  3535  1
    85  3535  3536  1
    86  3536  3537  1
    87  3537  3538  1
    88  3538  3539  1
    89  3539  14  1
    90  3444  3540  1
    91  3540  3541  1
    92  3541  3542  1
    93  3542  3543  1
    94  3543  3544  1
    95  3544  3545  1
    96  3545  3546  1
    97  3546  12  1
    98  3441  3547  1
    99  3547  3548  1
    100  3548  3549  1
    101  3549  3550  1
    102  3550  3551  1
    103  3551  3552  1
    104  3552  3553  1
    105  3553  3554  1
    106  3554  3555  1
    107  3555  3556  1
    108  3556  3557  1
    109  3557  3558  1
    110  3558  3438  1
    111  3446  3559  1
    112  3559  3560  1
    113  3560  3561  1
    114  3561  3562  1
    115  3562  3563  1
    116  3563  3564  1
    117  3564  3565  1
    118  3565  3566  1
    119  3566  3567  1
    120  3567  3568  1
    121  3568  3569  1
    122  3569  3570  1
    123  3570  3441  1
    124  14  3571  1
    125  3571  3572  1
    126  3572  3573  1
    127  3573  3574  1
    128  3574  3575  1
    129  3575  3576  1
    130  3576  3577  1
    131  3577  3446  1
    132  10  3578  1
    133  3578  3579  1
    134  3579  3580  1
    135  3580  3581  1
    136  3581  3582  1
    137  3582  3583  1
    138  3583  3584  1
    139  3584  3585  1
    140  3585  3586  1
    141  3586  3587  1
    142  3587  3588  1
    143  3588  3589  1
    144  3589  3590  1
    145  3590  3591  1
    146  3591  3444  1
    147  10  3592  1
    148  3592  3593  1
    149  3593  3594  1
    150  3594  3595  1
    151  3595  3596  1
    152  3596  3597  1
    153  3597  3598  1
    154  3598  3599  1
    155  3599  3600  1
    156  3600  3601  1
    157  3601  3602  1
    158  3602  3603  1
    159  3603  3604  1
    160  3604  3605  1
    161  3605  3448  1
    162  3449  3606  1
    163  3606  3607  1
    164  3607  3608  1
    165  3608  3609  1
    166  3609  3610  1
    167  3610  3611  1
    168  3611  3612  1
    169  3612  3613  1
    170  3613  3614  1
    171  3614  3615  1
    172  3615  3616  1
    173  3616  3617  1
    174  3617  3448  1
    175  3449  3618  1
    176  3618  3619  1
    177  3619  3620  1
    178  3620  3621  1
    179  3621  3622  1
    180  3622  3623  1
    181  3623  3624  1
    182  3624  10  1
    183  3444  3625  1
    184  3625  3626  1
    185  3626  3627  1
    186  3627  3628  1
    187  3628  3629  1
    188  3629  3630  1
    189  3630  3631  1
    190  3631  3632  1
    191  3632  3633  1
    192  3633  3634  1
    193  3634  3635  1
    194  3635  3636  1
    195  3636  3446  1
    196  3449  3637  1
    197  3637  3638  1
    198  3638  3639  1
    199  3639  3640  1
    200  3640  3641  1
    201  3641  3642  1
    202  3642  3643  1
    203  3643  3644  1
    204  3644  3645  1
    205  3645  3646  1
    206  3646  3647  1
    207  3647  3648  1
    208  3648  3444  1
    209  3448  3649  1
    210  3649  3650  1
    211  3650  3651  1
    212  3651  3652  1
    213  3652  3653  1
    214  3653  3654  1
    215  3654  3655  1
    216  3655  3656  1
    217  3656  3657  1
    218  3657  3658  1
    219  3658  3659  1
    220  3659  3660  1
    221  3660  3450  1
    222  3448  3661  1
    223  3661  3662  1
    224  3662  3663  1
    225  3663  3664  1
    226  3664  3665  1
    227  3665  3666  1
    228  3666  3667  1
    229  3667  3668  1
    230  3668  3669  1
    231  3669  3670  1
    232  3670  3671  1
    233  3671  3672  1
    234  3672  3673  1
    235  3673  3674  1
    236  3674  6  1
    237  6  3675  1
    238  3675  3676  1
    239  3676  3677  1
    240  3677  3678  1
    241  3678  3679  1
    242  3679  3680  1
    243  3680  3681  1
    244  3681  3450  1
    245  3450  3682  1
    246  3682  3683  1
    247  3683  3684  1
    248  3684  3685  1
    249  3685  3686  1
    250  3686  3687  1
    251  3687  3688  1
    252  3688  3689  1
    253  3689  3690  1
    254  3690  3691  1
    255  3691  3692  1
    256  3692  3693  1
    257  3693  3452  1
    258  3448  3694  1
    259  3694  3695  1
    260  3695  3696  1
    261  3696  3697  1
    262  3697  3698  1
    263  3698  3699  1
    264  3699  3700  1
    265  3700  8  1
    266  6  3701  1
    267  3701  3702  1
    268  3702  3703  1
    269  3703  3704  1
    270  3704  3705  1
    271  3705  3706  1
    272  3706  3707  1
    273  3707  3708  1
    274  3708  3709  1
    275  3709  3710  1
    276  3710  3711  1
    277  3711  3712  1
    278  3712  3713  1
    279  3713  3714  1
    280  3714  3452  1
    281  3452  3715  1
    282  3715  3716  1
    283  3716  3717  1
    284  3717  3718  1
    285  3718  3719  1
    286  3719  3720  1
    287  3720  3721  1
    288  3721  3722  1
    289  3722  3723  1
    290  3723  3724  1
    291  3724  3725  1
    292  3725  3726  1
    293  3726  3454  1
    294  3452  3727  1
    295  3727  3728  1
    296  3728  3729  1
    297  3729  3730  1
    298  3730  3731  1
    299  3731  3732  1
    300  3732  3733  1
    301  3733  3734  1
    302  3734  3735  1
    303  3735  3736  1
    304  3736  3737  1
    305  3737  3738  1
    306  3738  3739  1
    307  3739  3740  1
    308  3740  1  1
    309  1  3741  1
    310  3741  3742  1
    311  3742  3743  1
    312  3743  3744  1
    313  3744  3745  1
    314  3745  3746  1
    315  3746  3747  1
    316  3747  3454  1
    317  3454  3748  1
    318  3748  3749  1
    319  3749  3750  1
    320  3750  3751  1
    321  3751  3752  1
    322  3752  3753  1
    323  3753  3754  1
    324  3754  3755  1
    325  3755  3756  1
    326  3756  3757  1
    327  3757  3758  1
    328  3758  3759  1
    329  3759  2834  1
    330  3452  3760  1
    331  3760  3761  1
    332  3761  3762  1
    333  3762  3763  1
    334  3763  3764  1
    335  3764  3765  1
    336  3765  3766  1
    337  3766  4  1
    338  1  3767  1
    339  3767  3768  1
    340  3768  3769  1
    341  3769  3770  1
    342  3770  3771  1
    343  3771  3772  1
    344  3772  3773  1
    345  3773  3774  1
    346  3774  3775  1
    347  3775  3776  1
    348  3776  3777  1
    349  3777  3778  1
    350  3778  3779  1
    351  3779  3780  1
    352  3780  2834  1
    353  3781  3801  1
    354  3801  3802  1
    355  3802  3803  1
    356  3803  3804  1
    357  3804  3805  1
    358  3805  3806  1
    359  3806  3807  1
    360  3807  3808  1
    361  3808  3809  1
    362  3809  3810  1
    363  3810  3811  1
    364  3811  3812  1
    365  3812  2235  1
    366  17  3813  1
    367  3813  3814  1
    368  3814  3815  1
    369  3815  3816  1
    370  3816  3817  1
    371  3817  3818  1
    372  3818  3819  1
    373  3819  3820  1
    374  3820  3821  1
    375  3821  3822  1
    376  3822  3823  1
    377  3823  3824  1
    378  3824  3825  1
    379  3825  3826  1
    380  3826  2235  1
    381  3784  3827  1
    382  3827  3828  1
    383  3828  3829  1
    384  3829  3830  1
    385  3830  3831  1
    386  3831  3832  1
    387  3832  3833  1
    388  3833  3834  1
    389  3834  3835  1
    390  3835  3836  1
    391  3836  3837  1
    392  3837  3838  1
    393  3838  3839  1
    394  3839  3840  1
    395  3840  17  1
    396  3784  3841  1
    397  3841  3842  1
    398  3842  3843  1
    399  3843  3844  1
    400  3844  3845  1
    401  3845  3846  1
    402  3846  3847  1
    403  3847  15  1
    404  17  3848  1
    405  3848  3849  1
    406  3849  3850  1
    407  3850  3851  1
    408  3851  3852  1
    409  3852  3853  1
    410  3853  3854  1
    411  3854  3781  1
    412  13  3855  1
    413  3855  3856  1
    414  3856  3857  1
    415  3857  3858  1
    416  3858  3859  1
    417  3859  3860  1
    418  3860  3861  1
    419  3861  3862  1
    420  3862  3863  1
    421  3863  3864  1
    422  3864  3865  1
    423  3865  3866  1
    424  3866  3867  1
    425  3867  3868  1
    426  3868  3784  1
    427  3787  3869  1
    428  3869  3870  1
    429  3870  3871  1
    430  3871  3872  1
    431  3872  3873  1
    432  3873  3874  1
    433  3874  3875  1
    434  3875  3876  1
    435  3876  3877  1
    436  3877  3878  1
    437  3878  3879  1
    438  3879  3880  1
    439  3880  3881  1
    440  3881  3882  1
    441  3882  13  1
    442  3787  3883  1
    443  3883  3884  1
    444  3884  3885  1
    445  3885  3886  1
    446  3886  3887  1
    447  3887  3888  1
    448  3888  3889  1
    449  3889  11  1
    450  3784  3890  1
    451  3890  3891  1
    452  3891  3892  1
    453  3892  3893  1
    454  3893  3894  1
    455  3894  3895  1
    456  3895  3896  1
    457  3896  3897  1
    458  3897  3898  1
    459  3898  3899  1
    460  3899  3900  1
    461  3900  3901  1
    462  3901  3781  1
    463  3789  3902  1
    464  3902  3903  1
    465  3903  3904  1
    466  3904  3905  1
    467  3905  3906  1
    468  3906  3907  1
    469  3907  3908  1
    470  3908  3909  1
    471  3909  3910  1
    472  3910  3911  1
    473  3911  3912  1
    474  3912  3913  1
    475  3913  3784  1
    476  13  3914  1
    477  3914  3915  1
    478  3915  3916  1
    479  3916  3917  1
    480  3917  3918  1
    481  3918  3919  1
    482  3919  3920  1
    483  3920  3789  1
    484  9  3921  1
    485  3921  3922  1
    486  3922  3923  1
    487  3923  3924  1
    488  3924  3925  1
    489  3925  3926  1
    490  3926  3927  1
    491  3927  3928  1
    492  3928  3929  1
    493  3929  3930  1
    494  3930  3931  1
    495  3931  3932  1
    496  3932  3933  1
    497  3933  3934  1
    498  3934  3787  1
    499  9  3935  1
    500  3935  3936  1
    501  3936  3937  1
    502  3937  3938  1
    503  3938  3939  1
    504  3939  3940  1
    505  3940  3941  1
    506  3941  3942  1
    507  3942  3943  1
    508  3943  3944  1
    509  3944  3945  1
    510  3945  3946  1
    511  3946  3947  1
    512  3947  3948  1
    513  3948  3791  1
    514  3792  3949  1
    515  3949  3950  1
    516  3950  3951  1
    517  3951  3952  1
    518  3952  3953  1
    519  3953  3954  1
    520  3954  3955  1
    521  3955  3956  1
    522  3956  3957  1
    523  3957  3958  1
    524  3958  3959  1
    525  3959  3960  1
    526  3960  3791  1
    527  3792  3961  1
    528  3961  3962  1
    529  3962  3963  1
    530  3963  3964  1
    531  3964  3965  1
    532  3965  3966  1
    533  3966  3967  1
    534  3967  9  1
    535  3787  3968  1
    536  3968  3969  1
    537  3969  3970  1
    538  3970  3971  1
    539  3971  3972  1
    540  3972  3973  1
    541  3973  3974  1
    542  3974  3975  1
    543  3975  3976  1
    544  3976  3977  1
    545  3977  3978  1
    546  3978  3979  1
    547  3979  3789  1
    548  3792  3980  1
    549  3980  3981  1
    550  3981  3982  1
    551  3982  3983  1
    552  3983  3984  1
    553  3984  3985  1
    554  3985  3986  1
    555  3986  3987  1
    556  3987  3988  1
    557  3988  3989  1
    558  3989  3990  1
    559  3990  3991  1
    560  3991  3787  1
    561  3791  3992  1
    562  3992  3993  1
    563  3993  3994  1
    564  3994  3995  1
    565  3995  3996  1
    566  3996  3997  1
    567  3997  3998  1
    568  3998  3999  1
    569  3999  4000  1
    570  4000  4001  1
    571  4001  4002  1
    572  4002  4003  1
    573  4003  3793  1
    574  3791  4004  1
    575  4004  4005  1
    576  4005  4006  1
    577  4006  4007  1
    578  4007  4008  1
    579  4008  4009  1
    580  4009  4010  1
    581  4010  4011  1
    582  4011  4012  1
    583  4012  4013  1
    584  4013  4014  1
    585  4014  4015  1
    586  4015  4016  1
    587  4016  4017  1
    588  4017  5  1
    589  5  4018  1
    590  4018  4019  1
    591  4019  4020  1
    592  4020  4021  1
    593  4021  4022  1
    594  4022  4023  1
    595  4023  4024  1
    596  4024  3793  1
    597  3793  4025  1
    598  4025  4026  1
    599  4026  4027  1
    600  4027  4028  1
    601  4028  4029  1
    602  4029  4030  1
    603  4030  4031  1
    604  4031  4032  1
    605  4032  4033  1
    606  4033  4034  1
    607  4034  4035  1
    608  4035  4036  1
    609  4036  3795  1
    610  3791  4037  1
    611  4037  4038  1
    612  4038  4039  1
    613  4039  4040  1
    614  4040  4041  1
    615  4041  4042  1
    616  4042  4043  1
    617  4043  7  1
    618  5  4044  1
    619  4044  4045  1
    620  4045  4046  1
    621  4046  4047  1
    622  4047  4048  1
    623  4048  4049  1
    624  4049  4050  1
    625  4050  4051  1
    626  4051  4052  1
    627  4052  4053  1
    628  4053  4054  1
    629  4054  4055  1
    630  4055  4056  1
    631  4056  4057  1
    632  4057  3795  1
    633  3795  4058  1
    634  4058  4059  1
    635  4059  4060  1
    636  4060  4061  1
    637  4061  4062  1
    638  4062  4063  1
    639  4063  4064  1
    640  4064  4065  1
    641  4065  4066  1
    642  4066  4067  1
    643  4067  4068  1
    644  4068  4069  1
    645  4069  3797  1
    646  3795  4070  1
    647  4070  4071  1
    648  4071  4072  1
    649  4072  4073  1
    650  4073  4074  1
    651  4074  4075  1
    652  4075  4076  1
    653  4076  4077  1
    654  4077  4078  1
    655  4078  4079  1
    656  4079  4080  1
    657  4080  4081  1
    658  4081  4082  1
    659  4082  4083  1
    660  4083  2  1
    661  2  4084  1
    662  4084  4085  1
    663  4085  4086  1
    664  4086  4087  1
    665  4087  4088  1
    666  4088  4089  1
    667  4089  4090  1
    668  4090  3797  1
    669  3797  4091  1
    670  4091  4092  1
    671  4092  4093  1
    672  4093  4094  1
    673  4094  4095  1
    674  4095  4096  1
    675  4096  4097  1
    676  4097  4098  1
    677  4098  4099  1
    678  4099  4100  1
    679  4100  4101  1
    680  4101  4102  1
    681  4102  2833  1
    682  3795  4103  1
    683  4103  4104  1
    684  4104  4105  1
    685  4105  4106  1
    686  4106  4107  1
    687  4107  4108  1
    688  4108  4109  1
    689  4109  3  1
    690  2  4110  1
    691  4110  4111  1
    692  4111  4112  1
    693  4112  4113  1
    694  4113  4114  1
    695  4114  4115  1
    696  4115  4116  1
    697  4116  4117  1
    698  4117  4118  1
    699  4118  4119  1
    700  4119  4120  1
    701  4120  4121  1
    702  4121  4122  1
    703  4122  4123  1
    704  4123  2833  1
  1  20  1
    1  1.170000e+11  0.250000
    1  12  513  1
    2  14  513  1
    3  16  513  1
    4  18  513  1
    5  2234  513  1
    6  11  1371  1
    7  13  1371  1
    8  15  1371  1
    9  17  1371  1
    10  2233  1371  1
    11  8  513  1
    12  6  513  1
    13  4  513  1
    14  1  513  1
    15  2835  513  1
    16  7  1371  1
    17  5  1371  1
    18  3  1371  1
    19  2  1371  1
    20  2836  1371  1
  2  400  1
    1  2.500000e+10  0.300000  0.200000
    1  1  23  236  46  1
    2  23  24  237  236  1
    3  24  25  238  237  1
    4  25  2  26  238  1
    5  46  236  239  45  1
    6  236  237  240  239  1
    7  237  238  241  240  1
    8  238  26  27  241  1
    9  45  239  242  44  1
    10  239  240  243  242  1
    11  240  241  244  243  1
    12  241  27  28  244  1
    13  44  242  245  43  1
    14  242  243  246  245  1
    15  243  244  247  246  1
    16  244  28  29  247  1
    17  43  245  248  42  1
    18  245  246  249  248  1
    19  246  247  250  249  1
    20  247  29  30  250  1
    21  42  248  251  41  1
    22  248  249  252  251  1
    23  249  250  253  252  1
    24  250  30  31  253  1
    25  41  251  254  40  1
    26  251  252  255  254  1
    27  252  253  256  255  1
    28  253  31  32  256  1
    29  40  254  257  39  1
    30  254  255  258  257  1
    31  255  256  259  258  1
    32  256  32  33  259  1
    33  39  257  260  38  1
    34  257  258  261  260  1
    35  258  259  262  261  1
    36  259  33  34  262  1
    37  38  260  37  4  1
    38  260  261  36  37  1
    39  261  262  35  36  1
    40  262  34  3  35  1
    41  4  37  263  67  1
    42  37  36  264  263  1
    43  36  35  265  264  1
    44  35  3  47  265  1
    45  67  263  266  66  1
    46  263  264  267  266  1
    47  264  265  268  267  1
    48  265  47  48  268  1
    49  66  266  269  65  1
    50  266  267  270  269  1
    51  267  268  271  270  1
    52  268  48  49  271  1
    53  65  269  272  64  1
    54  269  270  273  272  1
    55  270  271  274  273  1
    56  271  49  50  274  1
    57  64  272  275  63  1
    58  272  273  276  275  1
    59  273  274  277  276  1
    60  274  50  51  277  1
    61  63  275  278  62  1
    62  275  276  279  278  1
    63  276  277  280  279  1
    64  277  51  52  280  1
    65  62  278  281  61  1
    66  278  279  282  281  1
    67  279  280  283  282  1
    68  280  52  53  283  1
    69  61  281  284  60  1
    70  281  282  285  284  1
    71  282  283  286  285  1
    72  283  53  54  286  1
    73  60  284  287  59  1
    74  284  285  288  287  1
    75  285  286  289  288  1
    76  286  54  55  289  1
    77  59  287  58  6  1
    78  287  288  57  58  1
    79  288  289  56  57  1
    80  289  55  5  56  1
    81  6  58  290  88  1
    82  58  57  291  290  1
    83  57  56  292  291  1
    84  56  5  68  292  1
    85  88  290  293  87  1
    86  290  291  294  293  1
    87  291  292  295  294  1
    88  292  68  69  295  1
    89  87  293  296  86  1
    90  293  294  297  296  1
    91  294  295  298  297  1
    92  295  69  70  298  1
    93  86  296  299  85  1
    94  296  297  300  299  1
    95  297  298  301  300  1
    96  298  70  71  301  1
    97  85  299  302  84  1
    98  299  300  303  302  1
    99  300  301  304  303  1
    100  301  71  72  304  1
    101  84  302  305  83  1
    102  302  303  306  305  1
    103  303  304  307  306  1
    104  304  72  73  307  1
    105  83  305  308  82  1
    106  305  306  309  308  1
    107  306  307  310  309  1
    108  307  73  74  310  1
    109  82  308  311  81  1
    110  308  309  312  311  1
    111  309  310  313  312  1
    112  310  74  75  313  1
    113  81  311  314  80  1
    114  311  312  315  314  1
    115  312  313  316  315  1
    116  313  75  76  316  1
    117  80  314  79  8  1
    118  314  315  78  79  1
    119  315  316  77  78  1
    120  316  76  7  77  1
    121  8  79  317  109  1
    122  79  78  318  317  1
    123  78  77  319  318  1
    124  77  7  89  319  1
    125  109  317  320  108  1
    126  317  318  321  320  1
    127  318  319  322  321  1
    128  319  89  90  322  1
    129  108  320  323  107  1
    130  320  321  324  323  1
    131  321  322  325  324  1
    132  322  90  91  325  1
    133  107  323  326  106  1
    134  323  324  327  326  1
    135  324  325  328  327  1
    136  325  91  92  328  1
    137  106  326  329  105  1
    138  326  327  330  329  1
    139  327  328  331  330  1
    140  328  92  93  331  1
    141  105  329  332  104  1
    142  329  330  333  332  1
    143  330  331  334  333  1
    144  331  93  94  334  1
    145  104  332  335  103  1
    146  332  333  336  335  1
    147  333  334  337  336  1
    148  334  94  95  337  1
    149  103  335  338  102  1
    150  335  336  339  338  1
    151  336  337  340  339  1
    152  337  95  96  340  1
    153  102  338  341  101  1
    154  338  339  342  341  1
    155  339  340  343  342  1
    156  340  96  97  343  1
    157  101  341  100  10  1
    158  341  342  99  100  1
    159  342  343  98  99  1
    160  343  97  9  98  1
    161  10  100  344  130  1
    162  100  99  345  344  1
    163  99  98  346  345  1
    164  98  9  110  346  1
    165  130  344  347  129  1
    166  344  345  348  347  1
    167  345  346  349  348  1
    168  346  110  111  349  1
    169  129  347  350  128  1
    170  347  348  351  350  1
    171  348  349  352  351  1
    172  349  111  112  352  1
    173  128  350  353  127  1
    174  350  351  354  353  1
    175  351  352  355  354  1
    176  352  112  113  355  1
    177  127  353  356  126  1
    178  353  354  357  356  1
    179  354  355  358  357  1
    180  355  113  114  358  1
    181  126  356  359  125  1
    182  356  357  360  359  1
    183  357  358  361  360  1
    184  358  114  115  361  1
    185  125  359  362  124  1
    186  359  360  363  362  1
    187  360  361  364  363  1
    188  361  115  116  364  1
    189  124  362  365  123  1
    190  362  363  366  365  1
    191  363  364  367  366  1
    192  364  116  117  367  1
    193  123  365  368  122  1
    194  365  366  369  368  1
    195  366  367  370  369  1
    196  367  117  118  370  1
    197  122  368  121  12  1
    198  368  369  120  121  1
    199  369  370  119  120  1
    200  370  118  11  119  1
    201  12  121  371  151  1
    202  121  120  372  371  1
    203  120  119  373  372  1
    204  119  11  131  373  1
    205  151  371  374  150  1
    206  371  372  375  374  1
    207  372  373  376  375  1
    208  373  131  132  376  1
    209  150  374  377  149  1
    210  374  375  378  377  1
    211  375  376  379  378  1
    212  376  132  133  379  1
    213  149  377  380  148  1
    214  377  378  381  380  1
    215  378  379  382  381  1
    216  379  133  134  382  1
    217  148  380  383  147  1
    218  380  381  384  383  1
    219  381  382  385  384  1
    220  382  134  135  385  1
    221  147  383  386  146  1
    222  383  384  387  386  1
    223  384  385  388  387  1
    224  385  135  136  388  1
    225  146  386  389  145  1
    226  386  387  390  389  1
    227  387  388  391  390  1
    228  388  136  137  391  1
    229  145  389  392  144  1
    230  389  390  393  392  1
    231  390  391  394  393  1
    232  391  137  138  394  1
    233  144  392  395  143  1
    234  392  393  396  395  1
    235  393  394  397  396  1
    236  394  138  139  397  1
    237  143  395  142  14  1
    238  395  396  141  142  1
    239  396  397  140  141  1
    240  397  139  13  140  1
    241  14  142  398  172  1
    242  142  141  399  398  1
    243  141  140  400  399  1
    244  140  13  152  400  1
    245  172  398  401  171  1
    246  398  399  402  401  1
    247  399  400  403  402  1
    248  400  152  153  403  1
    249  171  401  404  170  1
    250  401  402  405  404  1
    251  402  403  406  405  1
    252  403  153  154  406  1
    253  170  404  407  169  1
    254  404  405  408  407  1
    255  405  406  409  408  1
    256  406  154  155  409  1
    257  169  407  410  168  1
    258  407  408  411  410  1
    259  408  409  412  411  1
    260  409  155  156  412  1
    261  168  410  413  167  1
    262  410  411  414  413  1
    263  411  412  415  414  1
    264  412  156  157  415  1
    265  167  413  416  166  1
    266  413  414  417  416  1
    267  414  415  418  417  1
    268  415  157  158  418  1
    269  166  416  419  165  1
    270  416  417  420  419  1
    271  417  418  421  420  1
    272  418  158  159  421  1
    273  165  419  422  164  1
    274  419  420  423  422  1
    275  420  421  424  423  1
    276  421  159  160  424  1
    277  164  422  163  16  1
    278  422  423  162  163  1
    279  423  424  161  162  1
    280  424  160  15  161  1
    281  16  163  425  193  1
    282  163  162  426  425  1
    283  162  161  427  426  1
    284  161  15  173  427  1
    285  193  425  428  192  1
    286  425  426  429  428  1
    287  426  427  430  429  1
    288  427  173  174  430  1
    289  192  428  431  191  1
    290  428  429  432  431  1
    291  429  430  433  432  1
    292  430  174  175  433  1
    293  191  431  434  190  1
    294  431  432  435  434  1
    295  432  433  436  435  1
    296  433  175  176  436  1
    297  190  434  437  189  1
    298  434  435  438  437  1
    299  435  436  439  438  1
    300  436  176  177  439  1
    301  189  437  440  188  1
    302  437  438  441  440  1
    303  438  439  442  441  1
    304  439  177  178  442  1
    305  188  440  443  187  1
    306  440  441  444  443  1
    307  441  442  445  444  1
    308  442  178  179  445  1
    309  187  443  446  186  1
    310  443  444  447  446  1
    311  444  445  448  447  1
    312  445  179  180  448  1
    313  186  446  449  185  1
    314  446  447  450  449  1
    315  447  448  451  450  1
    316  448  180  181  451  1
    317  185  449  184  18  1
    318  449  450  183  184  1
    319  450  451  182  183  1
    320  451  181  17  182  1
    321  18  184  452  214  1
    322  184  183  453  452  1
    323  183  182  454  453  1
    324  182  17  194  454  1
    325  214  452  455  213  1
    326  452  453  456  455  1
    327  453  454  457  456  1
    328  454  194  195  457  1
    329  213  455  458  212  1
    330  455  456  459  458  1
    331  456  457  460  459  1
    332  457  195  196  460  1
    333  212  458  461  211  1
    334  458  459  462  461  1
    335  459  460  463  462  1
    336  460  196  197  463  1
    337  211  461  464  210  1
    338  461  462  465  464  1
    339  462  463  466  465  1
    340  463  197  198  466  1
    341  210  464  467  209  1
    342  464  465  468  467  1
    343  465  466  469  468  1
    344  466  198  199  469  1
    345  209  467  470  208  1
    346  467  468  471  470  1
    347  468  469  472  471  1
    348  469  199  200  472  1
    349  208  470  473  207  1
    350  470  471  474  473  1
    351  471  472  475  474  1
    352  472  200  201  475  1
    353  207  473  476  206  1
    354  473  474  477  476  1
    355  474  475  478  477  1
    356  475  201  202  478  1
    357  206  476  2266  2234  1
    358  476  477  2265  2266  1
    359  477  478  2264  2265  1
    360  478  202  2233  2264  1
    361  2  25  479  235  1
    362  25  24  480  479  1
    363  24  23  481  480  1
    364  23  1  215  481  1
    365  235  479  482  234  1
    366  479  480  483  482  1
    367  480  481  484  483  1
    368  481  215  216  484  1
    369  234  482  485  233  1
    370  482  483  486  485  1
    371  483  484  487  486  1
    372  484  216  217  487  1
    373  233  485  488  232  1
    374  485  486  489  488  1
    375  486  487  490  489  1
    376  487  217  218  490  1
    377  232  488  491  231  1
    378  488  489  492  491  1
    379  489  490  493  492  1
    380  490  218  219  493  1
    381  231  491  494  230  1
    382  491  492  495  494  1
    383  492  493  496  495  1
    384  493  219  220  496  1
    385  230  494  497  229  1
    386  494  495  498  497  1
    387  495  496  499  498  1
    388  496  220  221  499  1
    389  229  497  500  228  1
    390  497  498  501  500  1
    391  498  499  502  501  1
    392  499  221  222  502  1
    393  228  500  503  227  1
    394  500  501  504  503  1
    395  501  502  505  504  1
    396  502  222  223  505  1
    397  227  503  2855  2836  1
    398  503  504  2854  2855  1
    399  504  505  2853  2854  1
    400  505  223  2835  2853  1
  5  960  1
    1  2.500000e+10  0.300000
    1  607  934  1211  778  506  518  774  523  1
    2  934  647  856  1211  518  507  519  774  1
    3  778  1211  1212  779  523  774  775  522  1
    4  1211  856  857  1212  774  519  520  775  1
    5  779  1212  973  530  522  775  521  509  1
    6  1212  857  646  973  775  520  508  521  1
    7  606  935  1213  780  607  934  1211  778  1
    8  935  648  858  1213  934  647  856  1211  1
    9  780  1213  1214  781  778  1211  1212  779  1
    10  1213  858  859  1214  1211  856  857  1212  1
    11  781  1214  974  531  779  1212  973  530  1
    12  1214  859  645  974  1212  857  646  973  1
    13  605  936  1215  782  606  935  1213  780  1
    14  936  649  860  1215  935  648  858  1213  1
    15  782  1215  1216  783  780  1213  1214  781  1
    16  1215  860  861  1216  1213  858  859  1214  1
    17  783  1216  975  532  781  1214  974  531  1
    18  1216  861  644  975  1214  859  645  974  1
    19  604  937  1217  784  605  936  1215  782  1
    20  937  650  862  1217  936  649  860  1215  1
    21  784  1217  1218  785  782  1215  1216  783  1
    22  1217  862  863  1218  1215  860  861  1216  1
    23  785  1218  976  533  783  1216  975  532  1
    24  1218  863  643  976  1216  861  644  975  1
    25  603  938  1219  786  604  937  1217  784  1
    26  938  651  864  1219  937  650  862  1217  1
    27  786  1219  1220  787  784  1217  1218  785  1
    28  1219  864  865  1220  1217  862  863  1218  1
    29  787  1220  977  534  785  1218  976  533  1
    30  1220  865  642  977  1218  863  643  976  1
    31  602  939  1221  788  603  938  1219  786  1
    32  939  652  866  1221  938  651  864  1219  1
    33  788  1221  1222  789  786  1219  1220  787  1
    34  1221  866  867  1222  1219  864  865  1220  1
    35  789  1222  978  535  787  1220  977  534  1
    36  1222  867  641  978  1220  865  642  977  1
    37  601  940  1223  790  602  939  1221  788  1
    38  940  653  868  1223  939  652  866  1221  1
    39  790  1223  1224  791  788  1221  1222  789  1
    40  1223  868  869  1224  1221  866  867  1222  1
    41  791  1224  979  536  789  1222  978  535  1
    42  1224  869  640  979  1222  867  641  978  1
    43  600  941  1225  792  601  940  1223  790  1
    44  941  654  870  1225  940  653  868  1223  1
    45  792  1225  1226  793  790  1223  1224  791  1
    46  1225  870  871  1226  1223  868  869  1224  1
    47  793  1226  980  537  791  1224  979  536  1
    48  1226  871  639  980  1224  869  640  979  1
    49  599  942  1227  794  600  941  1225  792  1
    50  942  655  872  1227  941  654  870  1225  1
    51  794  1227  1228  795  792  1225  1226  793  1
    52  1227  872  873  1228  1225  870  871  1226  1
    53  795  1228  981  538  793  1226  980  537  1
    54  1228  873  638  981  1226  871  639  980  1
    55  598  943  1229  796  599  942  1227  794  1
    56  943  656  874  1229  942  655  872  1227  1
    57  796  1229  1230  797  794  1227  1228  795  1
    58  1229  874  875  1230  1227  872  873  1228  1
    59  797  1230  982  539  795  1228  981  538  1
    60  1230  875  637  982  1228  873  638  981  1
    61  597  944  1231  798  598  943  1229  796  1
    62  944  657  876  1231  943  656  874  1229  1
    63  798  1231  1232  799  796  1229  1230  797  1
    64  1231  876  877  1232  1229  874  875  1230  1
    65  799  1232  983  540  797  1230  982  539  1
    66  1232  877  636  983  1230  875  637  982  1
    67  596  945  1233  800  597  944  1231  798  1
    68  945  658  878  1233  944  657  876  1231  1
    69  800  1233  1234  801  798  1231  1232  799  1
    70  1233  878  879  1234  1231  876  877  1232  1
    71  801  1234  984  541  799  1232  983  540  1
    72  1234  879  635  984  1232  877  636  983  1
    73  595  946  1235  802  596  945  1233  800  1
    74  946  659  880  1235  945  658  878  1233  1
    75  802  1235  1236  803  800  1233  1234  801  1
    76  1235  880  881  1236  1233  878  879  1234  1
    77  803  1236  985  542  801  1234  984  541  1
    78  1236  881  634  985  1234  879  635  984  1
    79  594  947  1237  804  595  946  1235  802  1
    80  947  660  882  1237  946  659  880  1235  1
    81  804  1237  1238  805  802  1235  1236  803  1
    82  1237  882  883  1238  1235  880  881  1236  1
    83  805  1238  986  543  803  1236  985  542  1
    84  1238  883  633  986  1236  881  634  985  1
    85  593  948  1239  806  594  947  1237  804  1
    86  948  661  884  1239  947  660  882  1237  1
    87  806  1239  1240  807  804  1237  1238  805  1
    88  1239  884  885  1240  1237  882  883  1238  1
    89  807  1240  987  544  805  1238  986  543  1
    90  1240  885  632  987  1238  883  633  986  1
    91  592  949  1241  808  593  948  1239  806  1
    92  949  662  886  1241  948  661  884  1239  1
    93  808  1241  1242  809  806  1239  1240  807  1
    94  1241  886  887  1242  1239  884  885  1240  1
    95  809  1242  988  545  807  1240  987  544  1
    96  1242  887  631  988  1240  885  632  987  1
    97  591  950  1243  810  592  949  1241  808  1
    98  950  663  888  1243  949  662  886  1241  1
    99  810  1243  1244  811  808  1241  1242  809  1
    100  1243  888  889  1244  1241  886  887  1242  1
    101  811  1244  989  546  809  1242  988  545  1
    102  1244  889  630  989  1242  887  631  988  1
    103  590  951  1245  812  591  950  1243  810  1
    104  951  664  890  1245  950  663  888  1243  1
    105  812  1245  1246  813  810  1243  1244  811  1
    106  1245  890  891  1246  1243  888  889  1244  1
    107  813  1246  990  547  811  1244  989  546  1
    108  1246  891  629  990  1244  889  630  989  1
    109  589  952  1247  814  590  951  1245  812  1
    110  952  665  892  1247  951  664  890  1245  1
    111  814  1247  1248  815  812  1245  1246  813  1
    112  1247  892  893  1248  1245  890  891  1246  1
    113  815  1248  991  548  813  1246  990  547  1
    114  1248  893  628  991  1246  891  629  990  1
    115  588  953  1249  816  589  952  1247  814  1
    116  953  666  894  1249  952  665  892  1247  1
    117  816  1249  1250  817  814  1247  1248  815  1
    118  1249  894  895  1250  1247  892  893  1248  1
    119  817  1250  992  549  815  1248  991  548  1
    120  1250  895  627  992  1248  893  628  991  1
    121  587  954  1251  818  588  953  1249  816  1
    122  954  667  896  1251  953  666  894  1249  1
    123  818  1251  1252  819  816  1249  1250  817  1
    124  1251  896  897  1252  1249  894  895  1250  1
    125  819  1252  993  550  817  1250  992  549  1
    126  1252  897  626  993  1250  895  627  992  1
    127  586  955  1253  820  587  954  1251  818  1
    128  955  668  898  1253  954  667  896  1251  1
    129  820  1253  1254  821  818  1251  1252  819  1
    130  1253  898  899  1254  1251  896  897  1252  1
    131  821  1254  994  551  819  1252  993  550  1
    132  1254  899  625  994  1252  897  626  993  1
    133  585  956  1255  822  586  955  1253  820  1
    134  956  669  900  1255  955  668  898  1253  1
    135  822  1255  1256  823  820  1253  1254  821  1
    136  1255  900  901  1256  1253  898  899  1254  1
    137  823  1256  995  552  821  1254  994  551  1
    138  1256  901  624  995  1254  899  625  994  1
    139  584  957  1257  824  585  956  1255  822  1
    140  957  670  902  1257  956  669  900  1255  1
    141  824  1257  1258  825  822  1255  1256  823  1
    142  1257  902  903  1258  1255  900  901  1256  1
    143  825  1258  996  553  823  1256  995  552  1
    144  1258  903  623  996  1256  901  624  995  1
    145  583  958  1259  826  584  957  1257  824  1
    146  958  671  904  1259  957  670  902  1257  1
    147  826  1259  1260  827  824  1257  1258  825  1
    148  1259  904  905  1260  1257  902  903  1258  1
    149  827  1260  997  554  825  1258  996  553  1
    150  1260  905  622  997  1258  903  623  996  1
    151  582  959  1261  828  583  958  1259  826  1
    152  959  672  906  1261  958  671  904  1259  1
    153  828  1261  1262  829  826  1259  1260  827  1
    154  1261  906  907  1262  1259  904  905  1260  1
    155  829  1262  998  555  827  1260  997  554  1
    156  1262  907  621  998  1260  905  622  997  1
    157  581  960  1263  830  582  959  1261  828  1
    158  960  673  908  1263  959  672  906  1261  1
    159  830  1263  1264  831  828  1261  1262  829  1
    160  1263  908  909  1264  1261  906  907  1262  1
    161  831  1264  999  556  829  1262  998  555  1
    162  1264  909  620  999  1262  907  621  998  1
    163  580  961  1265  832  581  960  1263  830  1
    164  961  674  910  1265  960  673  908  1263  1
    165  832  1265  1266  833  830  1263  1264  831  1
    166  1265  910  911  1266  1263  908  909  1264  1
    167  833  1266  1000  557  831  1264  999  556  1
    168  1266  911  619  1000  1264  909  620  999  1
    169  579  962  1267  834  580  961  1265  832  1
    170  962  675  912  1267  961  674  910  1265  1
    171  834  1267  1268  835  832  1265  1266  833  1
    172  1267  912  913  1268  1265  910  911  1266  1
    173  835  1268  1001  558  833  1266  1000  557  1
    174  1268  913  618  1001  1266  911  619  1000  1
    175  578  963  1269  836  579  962  1267  834  1
    176  963  676  914  1269  962  675  912  1267  1
    177  836  1269  1270  837  834  1267  1268  835  1
    178  1269  914  915  1270  1267  912  913  1268  1
    179  837  1270  1002  559  835  1268  1001  558  1
    180  1270  915  617  1002  1268  913  618  1001  1
    181  577  964  1271  838  578  963  1269  836  1
    182  964  677  916  1271  963  676  914  1269  1
    183  838  1271  1272  839  836  1269  1270  837  1
    184  1271  916  917  1272  1269  914  915  1270  1
    185  839  1272  1003  560  837  1270  1002  559  1
    186  1272  917  616  1003  1270  915  617  1002  1
    187  576  965  1273  840  577  964  1271  838  1
    188  965  678  918  1273  964  677  916  1271  1
    189  840  1273  1274  841  838  1271  1272  839  1
    190  1273  918  919  1274  1271  916  917  1272  1
    191  841  1274  1004  561  839  1272  1003  560  1
    192  1274  919  615  1004  1272  917  616  1003  1
    193  575  966  1275  842  576  965  1273  840  1
    194  966  679  920  1275  965  678  918  1273  1
    195  842  1275  1276  843  840  1273  1274  841  1
    196  1275  920  921  1276  1273  918  919  1274  1
    197  843  1276  1005  562  841  1274  1004  561  1
    198  1276  921  614  1005  1274  919  615  1004  1
    199  574  967  1277  844  575  966  1275  842  1
    200  967  680  922  1277  966  679  920  1275  1
    201  844  1277  1278  845  842  1275  1276  843  1
    202  1277  922  923  1278  1275  920  921  1276  1
    203  845  1278  1006  563  843  1276  1005  562  1
    204  1278  923  613  1006  1276  921  614  1005  1
    205  573  968  1279  846  574  967  1277  844  1
    206  968  681  924  1279  967  680  922  1277  1
    207  846  1279  1280  847  844  1277  1278  845  1
    208  1279  924  925  1280  1277  922  923  1278  1
    209  847  1280  1007  564  845  1278  1006  563  1
    210  1280  925  612  1007  1278  923  613  1006  1
    211  572  969  1281  848  573  968  1279  846  1
    212  969  682  926  1281  968  681  924  1279  1
    213  848  1281  1282  849  846  1279  1280  847  1
    214  1281  926  927  1282  1279  924  925  1280  1
    215  849  1282  1008  565  847  1280  1007  564  1
    216  1282  927  611  1008  1280  925  612  1007  1
    217  571  970  1283  850  572  969  1281  848  1
    218  970  683  928  1283  969  682  926  1281  1
    219  850  1283  1284  851  848  1281  1282  849  1
    220  1283  928  929  1284  1281  926  927  1282  1
    221  851  1284  1009  566  849  1282  1008  565  1
    222  1284  929  610  1009  1282  927  611  1008  1
    223  570  971  1285  852  571  970  1283  850  1
    224  971  684  930  1285  970  683  928  1283  1
    225  852  1285  1286  853  850  1283  1284  851  1
    226  1285  930  931  1286  1283  928  929  1284  1
    227  853  1286  1010  567  851  1284  1009  566  1
    228  1286  931  609  1010  1284  929  610  1009  1
    229  569  972  1287  854  570  971  1285  852  1
    230  972  685  932  1287  971  684  930  1285  1
    231  854  1287  1288  855  852  1285  1286  853  1
    232  1287  932  933  1288  1285  930  931  1286  1
    233  855  1288  1011  568  853  1286  1010  567  1
    234  1288  933  608  1011  1286  931  609  1010  1
    235  513  524  776  528  569  972  1287  854  1
    236  524  510  526  776  972  685  932  1287  1
    237  528  776  777  529  854  1287  1288  855  1
    238  776  526  525  777  1287  932  933  1288  1
    239  529  777  527  512  855  1288  1011  568  1
    240  777  525  511  527  1288  933  608  1011  1
    241  647  934  1289  1016  507  518  1012  690  1
    242  934  607  1094  1289  518  506  686  1012  1
    243  1016  1289  1290  1017  690  1012  1013  689  1
    244  1289  1094  1095  1290  1012  686  687  1013  1
    245  1017  1290  1172  696  689  1013  688  515  1
    246  1290  1095  773  1172  1013  687  514  688  1
    247  648  935  1291  1018  647  934  1289  1016  1
    248  935  606  1096  1291  934  607  1094  1289  1
    249  1018  1291  1292  1019  1016  1289  1290  1017  1
    250  1291  1096  1097  1292  1289  1094  1095  1290  1
    251  1019  1292  1173  697  1017  1290  1172  696  1
    252  1292  1097  772  1173  1290  1095  773  1172  1
    253  649  936  1293  1020  648  935  1291  1018  1
    254  936  605  1098  1293  935  606  1096  1291  1
    255  1020  1293  1294  1021  1018  1291  1292  1019  1
    256  1293  1098  1099  1294  1291  1096  1097  1292  1
    257  1021  1294  1174  698  1019  1292  1173  697  1
    258  1294  1099  771  1174  1292  1097  772  1173  1
    259  650  937  1295  1022  649  936  1293  1020  1
    260  937  604  1100  1295  936  605  1098  1293  1
    261  1022  1295  1296  1023  1020  1293  1294  1021  1
    262  1295  1100  1101  1296  1293  1098  1099  1294  1
    263  1023  1296  1175  699  1021  1294  1174  698  1
    264  1296  1101  770  1175  1294  1099  771  1174  1
    265  651  938  1297  1024  650  937  1295  1022  1
    266  938  603  1102  1297  937  604  1100  1295  1
    267  1024  1297  1298  1025  1022  1295  1296  1023  1
    268  1297  1102  1103  1298  1295  1100  1101  1296  1
    269  1025  1298  1176  700  1023  1296  1175  699  1
    270  1298  1103  769  1176  1296  1101  770  1175  1
    271  652  939  1299  1026  651  938  1297  1024  1
    272  939  602  1104  1299  938  603  1102  1297  1
    273  1026  1299  1300  1027  1024  1297  1298  1025  1
    274  1299  1104  1105  1300  1297  1102  1103  1298  1
    275  1027  1300  1177  701  1025  1298  1176  700  1
    276  1300  1105  768  1177  1298  1103  769  1176  1
    277  653  940  1301  1028  652  939  1299  1026  1
    278  940  601  1106  1301  939  602  1104  1299  1
    279  1028  1301  1302  1029  1026  1299  1300  1027  1
    280  1301  1106  1107  1302  1299  1104  1105  1300  1
    281  1029  1302  1178  702  1027  1300  1177  701  1
    282  1302  1107  767  1178  1300  1105  768  1177  1
    283  654  941  1303  1030  653  940  1301  1028  1
    284  941  600  1108  1303  940  601  1106  1301  1
    285  1030  1303  1304  1031  1028  1301  1302  1029  1
    286  1303  1108  1109  1304  1301  1106  1107  1302  1
    287  1031  1304  1179  703  1029  1302  1178  702  1
    288  1304  1109  766  1179  1302  1107  767  1178  1
    289  655  942  1305  1032  654  941  1303  1030  1
    290  942  599  1110  1305  941  600  1108  1303  1
    291  1032  1305  1306  1033  1030  1303  1304  1031  1
    292  1305  1110  1111  1306  1303  1108  1109  1304  1
    293  1033  1306  1180  704  1031  1304  1179  703  1
    294  1306  1111  765  1180  1304  1109  766  1179  1
    295  656  943  1307  1034  655  942  1305  1032  1
    296  943  598  1112  1307  942  599  1110  1305  1
    297  1034  1307  1308  1035  1032  1305  1306  1033  1
    298  1307  1112  1113  1308  1305  1110  1111  1306  1
    299  1035  1308  1181  705  1033  1306  1180  704  1
    300  1308  1113  764  1181  1306  1111  765  1180  1
    301  657  944  1309  1036  656  943  1307  1034  1
    302  944  597  1114  1309  943  598  1112  1307  1
    303  1036  1309  1310  1037  1034  1307  1308  1035  1
    304  1309  1114  1115  1310  1307  1112  1113  1308  1
    305  1037  1310  1182  706  1035  1308  1181  705  1
    306  1310  1115  763  1182  1308  1113  764  1181  1
    307  658  945  1311  1038  657  944  1309  1036  1
    308  945  596  1116  1311  944  597  1114  1309  1
    309  1038  1311  1312  1039  1036  1309  1310  1037  1
    310  1311  1116  1117  1312  1309  1114  1115  1310  1
    311  1039  1312  1183  707  1037  1310  1182  706  1
    312  1312  1117  762  1183  1310  1115  763  1182  1
    313  659  946  1313  1040  658  945  1311  1038  1
    314  946  595  1118  1313  945  596  1116  1311  1
    315  1040  1313  1314  1041  1038  1311  1312  1039  1
    316  1313  1118  1119  1314  1311  1116  1117  1312  1
    317  1041  1314  1184  708  1039  1312  1183  707  1
    318  1314  1119  761  1184  1312  1117  762  1183  1
    319  660  947  1315  1042  659  946  1313  1040  1
    320  947  594  1120  1315  946  595  1118  1313  1
    321  1042  1315  1316  1043  1040  1313  1314  1041  1
    322  1315  1120  1121  1316  1313  1118  1119  1314  1
    323  1043  1316  1185  709  1041  1314  1184  708  1
    324  1316  1121  760  1185  1314  1119  761  1184  1
    325  661  948  1317  1044  660  947  1315  1042  1
    326  948  593  1122  1317  947  594  1120  1315  1
    327  1044  1317  1318  1045  1042  1315  1316  1043  1
    328  1317  1122  1123  1318  1315  1120  1121  1316  1
    329  1045  1318  1186  710  1043  1316  1185  709  1
    330  1318  1123  759  1186  1316  1121  760  1185  1
    331  662  949  1319  1046  661  948  1317  1044  1
    332  949  592  1124  1319  948  593  1122  1317  1
    333  1046  1319  1320  1047  1044  1317  1318  1045  1
    334  1319  1124  1125  1320  1317  1122  1123  1318  1
    335  1047  1320  1187  711  1045  1318  1186  710  1
    336  1320  1125  758  1187  1318  1123  759  1186  1
    337  663  950  1321  1048  662  949  1319  1046  1
    338  950  591  1126  1321  949  592  1124  1319  1
    339  1048  1321  1322  1049  1046  1319  1320  1047  1
    340  1321  1126  1127  1322  1319  1124  1125  1320  1
    341  1049  1322  1188  712  1047  1320  1187  711  1
    342  1322  1127  757  1188  1320  1125  758  1187  1
    343  664  951  1323  1050  663  950  1321  1048  1
    344  951  590  1128  1323  950  591  1126  1321  1
    345  1050  1323  1324  1051  1048  1321  1322  1049  1
    346  1323  1128  1129  1324  1321  1126  1127  1322  1
    347  1051  1324  1189  713  1049  1322  1188  712  1
    348  1324  1129  756  1189  1322  1127  757  1188  1
    349  665  952  1325  1052  664  951  1323  1050  1
    350  952  589  1130  1325  951  590  1128  1323  1
    351  1052  1325  1326  1053  1050  1323  1324  1051  1
    352  1325  1130  1131  1326  1323  1128  1129  1324  1
    353  1053  1326  1190  714  1051  1324  1189  713  1
    354  1326  1131  755  1190  1324  1129  756  1189  1
    355  666  953  1327  1054  665  952  1325  1052  1
    356  953  588  1132  1327  952  589  1130  1325  1
    357  1054  1327  1328  1055  1052  1325  1326  1053  1
    358  1327  1132  1133  1328  1325  1130  1131  1326  1
    359  1055  1328  1191  715  1053  1326  1190  714  1
    360  1328  1133  754  1191  1326  1131  755  1190  1
    361  667  954  1329  1056  666  953  1327  1054  1
    362  954  587  1134  1329  953  588  1132  1327  1
    363  1056  1329  1330  1057  1054  1327  1328  1055  1
    364  1329  1134  1135  1330  1327  1132  1133  1328  1
    365  1057  1330  1192  716  1055  1328  1191  715  1
    366  1330  1135  753  1192  1328  1133  754  1191  1
    367  668  955  1331  1058  667  954  1329  1056  1
    368  955  586  1136  1331  954  587  1134  1329  1
    369  1058  1331  1332  1059  1056  1329  1330  1057  1
    370  1331  1136  1137  1332  1329  1134  1135  1330  1
    371  1059  1332  1193  717  1057  1330  1192  716  1
    372  1332  1137  752  1193  1330  1135  753  1192  1
    373  669  956  1333  1060  668  955  1331  1058  1
    374  956  585  1138  1333  955  586  1136  1331  1
    375  1060  1333  1334  1061  1058  1331  1332  1059  1
    376  1333  1138  1139  1334  1331  1136  1137  1332  1
    377  1061  1334  1194  718  1059  1332  1193  717  1
    378  1334  1139  751  1194  1332  1137  752  1193  1
    379  670  957  1335  1062  669  956  1333  1060  1
    380  957  584  1140  1335  956  585  1138  1333  1
    381  1062  1335  1336  1063  1060  1333  1334  1061  1
    382  1335  1140  1141  1336  1333  1138  1139  1334  1
    383  1063  1336  1195  719  1061  1334  1194  718  1
    384  1336  1141  750  1195  1334  1139  751  1194  1
    385  671  958  1337  1064  670  957  1335  1062  1
    386  958  583  1142  1337  957  584  1140  1335  1
    387  1064  1337  1338  1065  1062  1335  1336  1063  1
    388  1337  1142  1143  1338  1335  1140  1141  1336  1
    389  1065  1338  1196  720  1063  1336  1195  719  1
    390  1338  1143  749  1196  1336  1141  750  1195  1
    391  672  959  1339  1066  671  958  1337  1064  1
    392  959  582  1144  1339  958  583  1142  1337  1
    393  1066  1339  1340  1067  1064  1337  1338  1065  1
    394  1339  1144  1145  1340  1337  1142  1143  1338  1
    395  1067  1340  1197  721  1065  1338  1196  720  1
    396  1340  1145  748  1197  1338  1143  749  1196  1
    397  673  960  1341  1068  672  959  1339  1066  1
    398  960  581  1146  1341  959  582  1144  1339  1
    399  1068  1341  1342  1069  1066  1339  1340  1067  1
    400  1341  1146  1147  1342  1339  1144  1145  1340  1
    401  1069  1342  1198  722  1067  1340  1197  721  1
    402  1342  1147  747  1198  1340  1145  748  1197  1
    403  674  961  1343  1070  673  960  1341  1068  1
    404  961  580  1148  1343  960  581  1146  1341  1
    405  1070  1343  1344  1071  1068  1341  1342  1069  1
    406  1343  1148  1149  1344  1341  1146  1147  1342  1
    407  1071  1344  1199  723  1069  1342  1198  722  1
    408  1344  1149  746  1199  1342  1147  747  1198  1
    409  675  962  1345  1072  674  961  1343  1070  1
    410  962  579  1150  1345  961  580  1148  1343  1
    411  1072  1345  1346  1073  1070  1343  1344  1071  1
    412  1345  1150  1151  1346  1343  1148  1149  1344  1
    413  1073  1346  1200  724  1071  1344  1199  723  1
    414  1346  1151  745  1200  1344  1149  746  1199  1
    415  676  963  1347  1074  675  962  1345  1072  1
    416  963  578  1152  1347  962  579  1150  1345  1
    417  1074  1347  1348  1075  1072  1345  1346  1073  1
    418  1347  1152  1153  1348  1345  1150  1151  1346  1
    419  1075  1348  1201  725  1073  1346  1200  724  1
    420  1348  1153  744  1201  1346  1151  745  1200  1
    421  677  964  1349  1076  676  963  1347  1074  1
    422  964  577  1154  1349  963  578  1152  1347  1
    423  1076  1349  1350  1077  1074  1347  1348  1075  1
    424  1349  1154  1155  1350  1347  1152  1153  1348  1
    425  1077  1350  1202  726  1075  1348  1201  725  1
    426  1350  1155  743  1202  1348  1153  744  1201  1
    427  678  965  1351  1078  677  964  1349  1076  1
    428  965  576  1156  1351  964  577  1154  1349  1
    429  1078  1351  1352  1079  1076  1349  1350  1077  1
    430  1351  1156  1157  1352  1349  1154  1155  1350  1
    431  1079  1352  1203  727  1077  1350  1202  726  1
    432  1352  1157  742  1203  1350  1155  743  1202  1
    433  679  966  1353  1080  678  965  1351  1078  1
    434  966  575  1158  1353  965  576  1156  1351  1
    435  1080  1353  1354  1081  1078  1351  1352  1079  1
    436  1353  1158  1159  1354  1351  1156  1157  1352  1
    437  1081  1354  1204  728  1079  1352  1203  727  1
    438  1354  1159  741  1204  1352  1157  742  1203  1
    439  680  967  1355  1082  679  966  1353  1080  1
    440  967  574  1160  1355  966  575  1158  1353  1
    441  1082  1355  1356  1083  1080  1353  1354  1081  1
    442  1355  1160  1161  1356  1353  1158  1159  1354  1
    443  1083  1356  1205  729  1081  1354  1204  728  1
    444  1356  1161  740  1205  1354  1159  741  1204  1
    445  681  968  1357  1084  680  967  1355  1082  1
    446  968  573  1162  1357  967  574  1160  1355  1
    447  1084  1357  1358  1085  1082  1355  1356  1083  1
    448  1357  1162  1163  1358  1355  1160  1161  1356  1
    449  1085  1358  1206  730  1083  1356  1205  729  1
    450  1358  1163  739  1206  1356  1161  740  1205  1
    451  682  969  1359  1086  681  968  1357  1084  1
    452  969  572  1164  1359  968  573  1162  1357  1
    453  1086  1359  1360  1087  1084  1357  1358  1085  1
    454  1359  1164  1165  1360  1357  1162  1163  1358  1
    455  1087  1360  1207  731  1085  1358  1206  730  1
    456  1360  1165  738  1207  1358  1163  739  1206  1
    457  683  970  1361  1088  682  969  1359  1086  1
    458  970  571  1166  1361  969  572  1164  1359  1
    459  1088  1361  1362  1089  1086  1359  1360  1087  1
    460  1361  1166  1167  1362  1359  1164  1165  1360  1
    461  1089  1362  1208  732  1087  1360  1207  731  1
    462  1362  1167  737  1208  1360  1165  738  1207  1
    463  684  971  1363  1090  683  970  1361  1088  1
    464  971  570  1168  1363  970  571  1166  1361  1
    465  1090  1363  1364  1091  1088  1361  1362  1089  1
    466  1363  1168  1169  1364  1361  1166  1167  1362  1
    467  1091  1364  1209  733  1089  1362  1208  732  1
    468  1364  1169  736  1209  1362  1167  737  1208  1
    469  685  972  1365  1092  684  971  1363  1090  1
    470  972  569  1170  1365  971  570  1168  1363  1
    471  1092  1365  1366  1093  1090  1363  1364  1091  1
    472  1365  1170  1171  1366  1363  1168  1169  1364  1
    473  1093  1366  1210  734  1091  1364  1209  733  1
    474  1366  1171  735  1210  1364  1169  736  1209  1
    475  510  524  1014  694  685  972  1365  1092  1
    476  524  513  692  1014  972  569  1170  1365  1
    477  694  1014  1015  695  1092  1365  1366  1093  1
    478  1014  692  691  1015  1365  1170  1171  1366  1
    479  695  1015  693  517  1093  1366  1210  734  1
    480  1015  691  516  693  1366  1171  735  1210  1
    481  1468  1795  2072  1639  1367  1379  1635  1384  1
    482  1795  1508  1717  2072  1379  1368  1380  1635  1
    483  1639  2072  2073  1640  1384  1635  1636  1383  1
    484  2072  1717  1718  2073  1635  1380  1381  1636  1
    485  1640  2073  1834  1391  1383  1636  1382  1370  1
    486  2073  1718  1507  1834  1636  1381  1369  1382  1
    487  1467  1796  2074  1641  1468  1795  2072  1639  1
    488  1796  1509  1719  2074  1795  1508  1717  2072  1
    489  1641  2074  2075  1642  1639  2072  2073  1640  1
    490  2074  1719  1720  2075  2072  1717  1718  2073  1
    491  1642  2075  1835  1392  1640  2073  1834  1391  1
    492  2075  1720  1506  1835  2073  1718  1507  1834  1
    493  1466  1797  2076  1643  1467  1796  2074  1641  1
    494  1797  1510  1721  2076  1796  1509  1719  2074  1
    495  1643  2076  2077  1644  1641  2074  2075  1642  1
    496  2076  1721  1722  2077  2074  1719  1720  2075  1
    497  1644  2077  1836  1393  1642  2075  1835  1392  1
    498  2077  1722  1505  1836  2075  1720  1506  1835  1
    499  1465  1798  2078  1645  1466  1797  2076  1643  1
    500  1798  1511  1723  2078  1797  1510  1721  2076  1
    501  1645  2078  2079  1646  1643  2076  2077  1644  1
    502  2078  1723  1724  2079  2076  1721  1722  2077  1
    503  1646  2079  1837  1394  1644  2077  1836  1393  1
    504  2079  1724  1504  1837  2077  1722  1505  1836  1
    505  1464  1799  2080  1647  1465  1798  2078  1645  1
    506  1799  1512  1725  2080  1798  1511  1723  2078  1
    507  1647  2080  2081  1648  1645  2078  2079  1646  1
    508  2080  1725  1726  2081  2078  1723  1724  2079  1
    509  1648  2081  1838  1395  1646  2079  1837  1394  1
    510  2081  1726  1503  1838  2079  1724  1504  1837  1
    511  1463  1800  2082  1649  1464  1799  2080  1647  1
    512  1800  1513  1727  2082  1799  1512  1725  2080  1
    513  1649  2082  2083  1650  1647  2080  2081  1648  1
    514  2082  1727  1728  2083  2080  1725  1726  2081  1
    515  1650  2083  1839  1396  1648  2081  1838  1395  1
    516  2083  1728  1502  1839  2081  1726  1503  1838  1
    517  1462  1801  2084  1651  1463  1800  2082  1649  1
    518  1801  1514  1729  2084  1800  1513  1727  2082  1
    519  1651  2084  2085  1652  1649  2082  2083  1650  1
    520  2084  1729  1730  2085  2082  1727  1728  2083  1
    521  1652  2085  1840  1397  1650  2083  1839  1396  1
    522  2085  1730  1501  1840  2083  1728  1502  1839  1
    523  1461  1802  2086  1653  1462  1801  2084  1651  1
    524  1802  1515  1731  2086  1801  1514  1729  2084  1
    525  1653  2086  2087  1654  1651  2084  2085  1652  1
    526  2086  1731  1732  2087  2084  1729  1730  2085  1
    527  1654  2087  1841  1398  1652  2085  1840  1397  1
    528  2087  1732  1500  1841  2085  1730  1501  1840  1
    529  1460  1803  2088  1655  1461  1802  2086  1653  1
    530  1803  1516  1733  2088  1802  1515  1731  2086  1
    531  1655  2088  2089  1656  1653  2086  2087  1654  1
    532  2088  1733  1734  2089  2086  1731  1732  2087  1
    533  1656  2089  1842  1399  1654  2087  1841  1398  1
    534  2089  1734  1499  1842  2087  1732  1500  1841  1
    535  1459  1804  2090  1657  1460  1803  2088  1655  1
    536  1804  1517  1735  2090  1803  1516  1733  2088  1
    537  1657  2090  2091  1658  1655  2088  2089  1656  1
    538  2090  1735  1736  2091  2088  1733  1734  2089  1
    539  1658  2091  1843  1400  1656  2089  1842  1399  1
    540  2091  1736  1498  1843  2089  1734  1499  1842  1
    541  1458  1805  2092  1659  1459  1804  2090  1657  1
    542  1805  1518  1737  2092  1804  1517  1735  2090  1
    543  1659  2092  2093  1660  1657  2090  2091  1658  1
    544  2092  1737  1738  2093  2090  1735  1736  2091  1
    545  1660  2093  1844  1401  1658  2091  1843  1400  1
    546  2093  1738  1497  1844  2091  1736  1498  1843  1
    547  1457  1806  2094  1661  1458  1805  2092  1659  1
    548  1806  1519  1739  2094  1805  1518  1737  2092  1
    549  1661  2094  2095  1662  1659  2092  2093  1660  1
    550  2094  1739  1740  2095  2092  1737  1738  2093  1
    551  1662  2095  1845  1402  1660  2093  1844  1401  1
    552  2095  1740  1496  1845  2093  1738  1497  1844  1
    553  1456  1807  2096  1663  1457  1806  2094  1661  1
    554  1807  1520  1741  2096  1806  1519  1739  2094  1
    555  1663  2096  2097  1664  1661  2094  2095  1662  1
    556  2096  1741  1742  2097  2094  1739  1740  2095  1
    557  1664  2097  1846  1403  1662  2095  1845  1402  1
    558  2097  1742  1495  1846  2095  1740  1496  1845  1
    559  1455  1808  2098  1665  1456  1807  2096  1663  1
    560  1808  1521  1743  2098  1807  1520  1741  2096  1
    561  1665  2098  2099  1666  1663  2096  2097  1664  1
    562  2098  1743  1744  2099  2096  1741  1742  2097  1
    563  1666  2099  1847  1404  1664  2097  1846  1403  1
    564  2099  1744  1494  1847  2097  1742  1495  1846  1
    565  1454  1809  2100  1667  1455  1808  2098  1665  1
    566  1809  1522  1745  2100  1808  1521  1743  2098  1
    567  1667  2100  2101  1668  1665  2098  2099  1666  1
    568  2100  1745  1746  2101  2098  1743  1744  2099  1
    569  1668  2101  1848  1405  1666  2099  1847  1404  1
    570  2101  1746  1493  1848  2099  1744  1494  1847  1
    571  1453  1810  2102  1669  1454  1809  2100  1667  1
    572  1810  1523  1747  2102  1809  1522  1745  2100  1
    573  1669  2102  2103  1670  1667  2100  2101  1668  1
    574  2102  1747  1748  2103  2100  1745  1746  2101  1
    575  1670  2103  1849  1406  1668  2101  1848  1405  1
    576  2103  1748  1492  1849  2101  1746  1493  1848  1
    577  1452  1811  2104  1671  1453  1810  2102  1669  1
    578  1811  1524  1749  2104  1810  1523  1747  2102  1
    579  1671  2104  2105  1672  1669  2102  2103  1670  1
    580  2104  1749  1750  2105  2102  1747  1748  2103  1
    581  1672  2105  1850  1407  1670  2103  1849  1406  1
    582  2105  1750  1491  1850  2103  1748  1492  1849  1
    583  1451  1812  2106  1673  1452  1811  2104  1671  1
    584  1812  1525  1751  2106  1811  1524  1749  2104  1
    585  1673  2106  2107  1674  1671  2104  2105  1672  1
    586  2106  1751  1752  2107  2104  1749  1750  2105  1
    587  1674  2107  1851  1408  1672  2105  1850  1407  1
    588  2107  1752  1490  1851  2105  1750  1491  1850  1
    589  1450  1813  2108  1675  1451  1812  2106  1673  1
    590  1813  1526  1753  2108  1812  1525  1751  2106  1
    591  1675  2108  2109  1676  1673  2106  2107  1674  1
    592  2108  1753  1754  2109  2106  1751  1752  2107  1
    593  1676  2109  1852  1409  1674  2107  1851  1408  1
    594  2109  1754  1489  1852  2107  1752  1490  1851  1
    595  1449  1814  2110  1677  1450  1813  2108  1675  1
    596  1814  1527  1755  2110  1813  1526  1753  2108  1
    597  1677  2110  2111  1678  1675  2108  2109  1676  1
    598  2110  1755  1756  2111  2108  1753  1754  2109  1
    599  1678  2111  1853  1410  1676  2109  1852  1409  1
    600  2111  1756  1488  1853  2109  1754  1489  1852  1
    601  1448  1815  2112  1679  1449  1814  2110  1677  1
    602  1815  1528  1757  2112  1814  1527  1755  2110  1
    603  1679  2112  2113  1680  1677  2110  2111  1678  1
    604  2112  1757  1758  2113  2110  1755  1756  2111  1
    605  1680  2113  1854  1411  1678  2111  1853  1410  1
    606  2113  1758  1487  1854  2111  1756  1488  1853  1
    607  1447  1816  2114  1681  1448  1815  2112  1679  1
    608  1816  1529  1759  2114  1815  1528  1757  2112  1
    609  1681  2114  2115  1682  1679  2112  2113  1680  1
    610  2114  1759  1760  2115  2112  1757  1758  2113  1
    611  1682  2115  1855  1412  1680  2113  1854  1411  1
    612  2115  1760  1486  1855  2113  1758  1487  1854  1
    613  1446  1817  2116  1683  1447  1816  2114  1681  1
    614  1817  1530  1761  2116  1816  1529  1759  2114  1
    615  1683  2116  2117  1684  1681  2114  2115  1682  1
    616  2116  1761  1762  2117  2114  1759  1760  2115  1
    617  1684  2117  1856  1413  1682  2115  1855  1412  1
    618  2117  1762  1485  1856  2115  1760  1486  1855  1
    619  1445  1818  2118  1685  1446  1817  2116  1683  1
    620  1818  1531  1763  2118  1817  1530  1761  2116  1
    621  1685  2118  2119  1686  1683  2116  2117  1684  1
    622  2118  1763  1764  2119  2116  1761  1762  2117  1
    623  1686  2119  1857  1414  1684  2117  1856  1413  1
    624  2119  1764  1484  1857  2117  1762  1485  1856  1
    625  1444  1819  2120  1687  1445  1818  2118  1685  1
    626  1819  1532  1765  2120  1818  1531  1763  2118  1
    627  1687  2120  2121  1688  1685  2118  2119  1686  1
    628  2120  1765  1766  2121  2118  1763  1764  2119  1
    629  1688  2121  1858  1415  1686  2119  1857  1414  1
    630  2121  1766  1483  1858  2119  1764  1484  1857  1
    631  1443  1820  2122  1689  1444  1819  2120  1687  1
    632  1820  1533  1767  2122  1819  1532  1765  2120  1
    633  1689  2122  2123  1690  1687  2120  2121  1688  1
    634  2122  1767  1768  2123  2120  1765  1766  2121  1
    635  1690  2123  1859  1416  1688  2121  1858  1415  1
    636  2123  1768  1482  1859  2121  1766  1483  1858  1
    637  1442  1821  2124  1691  1443  1820  2122  1689  1
    638  1821  1534  1769  2124  1820  1533  1767  2122  1
    639  1691  2124  2125  1692  1689  2122  2123  1690  1
    640  2124  1769  1770  2125  2122  1767  1768  2123  1
    641  1692  2125  1860  1417  1690  2123  1859  1416  1
    642  2125  1770  1481  1860  2123  1768  1482  1859  1
    643  1441  1822  2126  1693  1442  1821  2124  1691  1
    644  1822  1535  1771  2126  1821  1534  1769  2124  1
    645  1693  2126  2127  1694  1691  2124  2125  1692  1
    646  2126  1771  1772  2127  2124  1769  1770  2125  1
    647  1694  2127  1861  1418  1692  2125  1860  1417  1
    648  2127  1772  1480  1861  2125  1770  1481  1860  1
    649  1440  1823  2128  1695  1441  1822  2126  1693  1
    650  1823  1536  1773  2128  1822  1535  1771  2126  1
    651  1695  2128  2129  1696  1693  2126  2127  1694  1
    652  2128  1773  1774  2129  2126  1771  1772  2127  1
    653  1696  2129  1862  1419  1694  2127  1861  1418  1
    654  2129  1774  1479  1862  2127  1772  1480  1861  1
    655  1439  1824  2130  1697  1440  1823  2128  1695  1
    656  1824  1537  1775  2130  1823  1536  1773  2128  1
    657  1697  2130  2131  1698  1695  2128  2129  1696  1
    658  2130  1775  1776  2131  2128  1773  1774  2129  1
    659  1698  2131  1863  1420  1696  2129  1862  1419  1
    660  2131  1776  1478  1863  2129  1774  1479  1862  1
    661  1438  1825  2132  1699  1439  1824  2130  1697  1
    662  1825  1538  1777  2132  1824  1537  1775  2130  1
    663  1699  2132  2133  1700  1697  2130  2131  1698  1
    664  2132  1777  1778  2133  2130  1775  1776  2131  1
    665  1700  2133  1864  1421  1698  2131  1863  1420  1
    666  2133  1778  1477  1864  2131  1776  1478  1863  1
    667  1437  1826  2134  1701  1438  1825  2132  1699  1
    668  1826  1539  1779  2134  1825  1538  1777  2132  1
    669  1701  2134  2135  1702  1699  2132  2133  1700  1
    670  2134  1779  1780  2135  2132  1777  1778  2133  1
    671  1702  2135  1865  1422  1700  2133  1864  1421  1
    672  2135  1780  1476  1865  2133  1778  1477  1864  1
    673  1436  1827  2136  1703  1437  1826  2134  1701  1
    674  1827  1540  1781  2136  1826  1539  1779  2134  1
    675  1703  2136  2137  1704  1701  2134  2135  1702  1
    676  2136  1781  1782  2137  2134  1779  1780  2135  1
    677  1704  2137  1866  1423  1702  2135  1865  1422  1
    678  2137  1782  1475  1866  2135  1780  1476  1865  1
    679  1435  1828  2138  1705  1436  1827  2136  1703  1
    680  1828  1541  1783  2138  1827  1540  1781  2136  1
    681  1705  2138  2139  1706  1703  2136  2137  1704  1
    682  2138  1783  1784  2139  2136  1781  1782  2137  1
    683  1706  2139  1867  1424  1704  2137  1866  1423  1
    684  2139  1784  1474  1867  2137  1782  1475  1866  1
    685  1434  1829  2140  1707  1435  1828  2138  1705  1
    686  1829  1542  1785  2140  1828  1541  1783  2138  1
    687  1707  2140  2141  1708  1705  2138  2139  1706  1
    688  2140  1785  1786  2141  2138  1783  1784  2139  1
    689  1708  2141  1868  1425  1706  2139  1867  1424  1
    690  2141  1786  1473  1868  2139  1784  1474  1867  1
    691  1433  1830  2142  1709  1434  1829  2140  1707  1
    692  1830  1543  1787  2142  1829  1542  1785  2140  1
    693  1709  2142  2143  1710  1707  2140  2141  1708  1
    694  2142  1787  1788  2143  2140  1785  1786  2141  1
    695  1710  2143  1869  1426  1708  2141  1868  1425  1
    696  2143  1788  1472  1869  2141  1786  1473  1868  1
    697  1432  1831  2144  1711  1433  1830  2142  1709  1
    698  1831  1544  1789  2144  1830  1543  1787  2142  1
    699  1711  2144  2145  1712  1709  2142  2143  1710  1
    700  2144  1789  1790  2145  2142  1787  1788  2143  1
    701  1712  2145  1870  1427  1710  2143  1869  1426  1
    702  2145  1790  1471  1870  2143  1788  1472  1869  1
    703  1431  1832  2146  1713  1432  1831  2144  1711  1
    704  1832  1545  1791  2146  1831  1544  1789  2144  1
    705  1713  2146  2147  1714  1711  2144  2145  1712  1
    706  2146  1791  1792  2147  2144  1789  1790  2145  1
    707  1714  2147  1871  1428  1712  2145  1870  1427  1
    708  2147  1792  1470  1871  2145  1790  1471  1870  1
    709  1430  1833  2148  1715  1431  1832  2146  1713  1
    710  1833  1546  1793  2148  1832  1545  1791  2146  1
    711  1715  2148  2149  1716  1713  2146  2147  1714  1
    712  2148  1793  1794  2149  2146  1791  1792  2147  1
    713  1716  2149  1872  1429  1714  2147  1871  1428  1
    714  2149  1794  1469  1872  2147  1792  1470  1871  1
    715  1374  1385  1637  1389  1430  1833  2148  1715  1
    716  1385  1371  1387  1637  1833  1546  1793  2148  1
    717  1389  1637  1638  1390  1715  2148  2149  1716  1
    718  1637  1387  1386  1638  2148  1793  1794  2149  1
    719  1390  1638  1388  1373  1716  2149  1872  1429  1
    720  1638  1386  1372  1388  2149  1794  1469  1872  1
    721  1508  1795  2150  1877  1368  1379  1873  1551  1
    722  1795  1468  1955  2150  1379  1367  1547  1873  1
    723  1877  2150  2151  1878  1551  1873  1874  1550  1
    724  2150  1955  1956  2151  1873  1547  1548  1874  1
    725  1878  2151  2033  1557  1550  1874  1549  1376  1
    726  2151  1956  1634  2033  1874  1548  1375  1549  1
    727  1509  1796  2152  1879  1508  1795  2150  1877  1
    728  1796  1467  1957  2152  1795  1468  1955  2150  1
    729  1879  2152  2153  1880  1877  2150  2151  1878  1
    730  2152  1957  1958  2153  2150  1955  1956  2151  1
    731  1880  2153  2034  1558  1878  2151  2033  1557  1
    732  2153  1958  1633  2034  2151  1956  1634  2033  1
    733  1510  1797  2154  1881  1509  1796  2152  1879  1
    734  1797  1466  1959  2154  1796  1467  1957  2152  1
    735  1881  2154  2155  1882  1879  2152  2153  1880  1
    736  2154  1959  1960  2155  2152  1957  1958  2153  1
    737  1882  2155  2035  1559  1880  2153  2034  1558  1
    738  2155  1960  1632  2035  2153  1958  1633  2034  1
    739  1511  1798  2156  1883  1510  1797  2154  1881  1
    740  1798  1465  1961  2156  1797  1466  1959  2154  1
    741  1883  2156  2157  1884  1881  2154  2155  1882  1
    742  2156  1961  1962  2157  2154  1959  1960  2155  1
    743  1884  2157  2036  1560  1882  2155  2035  1559  1
    744  2157  1962  1631  2036  2155  1960  1632  2035  1
    745  1512  1799  2158  1885  1511  1798  2156  1883  1
    746  1799  1464  1963  2158  1798  1465  1961  2156  1
    747  1885  2158  2159  1886  1883  2156  2157  1884  1
    748  2158  1963  1964  2159  2156  1961  1962  2157  1
    749  1886  2159  2037  1561  1884  2157  2036  1560  1
    750  2159  1964  1630  2037  2157  1962  1631  2036  1
    751  1513  1800  2160  1887  1512  1799  2158  1885  1
    752  1800  1463  1965  2160  1799  1464  1963  2158  1
    753  1887  2160  2161  1888  1885  2158  2159  1886  1
    754  2160  1965  1966  2161  2158  1963  1964  2159  1
    755  1888  2161  2038  1562  1886  2159  2037  1561  1
    756  2161  1966  1629  2038  2159  1964  1630  2037  1
    757  1514  1801  2162  1889  1513  1800  2160  1887  1
    758  1801  1462  1967  2162  1800  1463  1965  2160  1
    759  1889  2162  2163  1890  1887  2160  2161  1888  1
    760  2162  1967  1968  2163  2160  1965  1966  2161  1
    761  1890  2163  2039  1563  1888  2161  2038  1562  1
    762  2163  1968  1628  2039  2161  1966  1629  2038  1
    763  1515  1802  2164  1891  1514  1801  2162  1889  1
    764  1802  1461  1969  2164  1801  1462  1967  2162  1
    765  1891  2164  2165  1892  1889  2162  2163  1890  1
    766  2164  1969  1970  2165  2162  1967  1968  2163  1
    767  1892  2165  2040  1564  1890  2163  2039  1563  1
    768  2165  1970  1627  2040  2163  1968  1628  2039  1
    769  1516  1803  2166  1893  1515  1802  2164  1891  1
    770  1803  1460  1971  2166  1802  1461  1969  2164  1
    771  1893  2166  2167  1894  1891  2164  2165  1892  1
    772  2166  1971  1972  2167  2164  1969  1970  2165  1
    773  1894  2167  2041  1565  1892  2165  2040  1564  1
    774  2167  1972  1626  2041  2165  1970  1627  2040  1
    775  1517  1804  2168  1895  1516  1803  2166  1893  1
    776  1804  1459  1973  2168  1803  1460  1971  2166  1
    777  1895  2168  2169  1896  1893  2166  2167  1894  1
    778  2168  1973  1974  2169  2166  1971  1972  2167  1
    779  1896  2169  2042  1566  1894  2167  2041  1565  1
    780  2169  1974  1625  2042  2167  1972  1626  2041  1
    781  1518  1805  2170  1897  1517  1804  2168  1895  1
    782  1805  1458  1975  2170  1804  1459  1973  2168  1
    783  1897  2170  2171  1898  1895  2168  2169  1896  1
    784  2170  1975  1976  2171  2168  1973  1974  2169  1
    785  1898  2171  2043  1567  1896  2169  2042  1566  1
    786  2171  1976  1624  2043  2169  1974  1625  2042  1
    787  1519  1806  2172  1899  1518  1805  2170  1897  1
    788  1806  1457  1977  2172  1805  1458  1975  2170  1
    789  1899  2172  2173  1900  1897  2170  2171  1898  1
    790  2172  1977  1978  2173  2170  1975  1976  2171  1
    791  1900  2173  2044  1568  1898  2171  2043  1567  1
    792  2173  1978  1623  2044  2171  1976  1624  2043  1
    793  1520  1807  2174  1901  1519  1806  2172  1899  1
    794  1807  1456  1979  2174  1806  1457  1977  2172  1
    795  1901  2174  2175  1902  1899  2172  2173  1900  1
    796  2174  1979  1980  2175  2172  1977  1978  2173  1
    797  1902  2175  2045  1569  1900  2173  2044  1568  1
    798  2175  1980  1622  2045  2173  1978  1623  2044  1
    799  1521  1808  2176  1903  1520  1807  2174  1901  1
    800  1808  1455  1981  2176  1807  1456  1979  2174  1
    801  1903  2176  2177  1904  1901  2174  2175  1902  1
    802  2176  1981  1982  2177  2174  1979  1980  2175  1
    803  1904  2177  2046  1570  1902  2175  2045  1569  1
    804  2177  1982  1621  2046  2175  1980  1622  2045  1
    805  1522  1809  2178  1905  1521  1808  2176  1903  1
    806  1809  1454  1983  2178  1808  1455  1981  2176  1
    807  1905  2178  2179  1906  1903  2176  2177  1904  1
    808  2178  1983  1984  2179  2176  1981  1982  2177  1
    809  1906  2179  2047  1571  1904  2177  2046  1570  1
    810  2179  1984  1620  2047  2177  1982  1621  2046  1
    811  1523  1810  2180  1907  1522  1809  2178  1905  1
    812  1810  1453  1985  2180  1809  1454  1983  2178  1
    813  1907  2180  2181  1908  1905  2178  2179  1906  1
    814  2180  1985  1986  2181  2178  1983  1984  2179  1
    815  1908  2181  2048  1572  1906  2179  2047  1571  1
    816  2181  1986  1619  2048  2179  1984  1620  2047  1
    817  1524  1811  2182  1909  1523  1810  2180  1907  1
    818  1811  1452  1987  2182  1810  1453  1985  2180  1
    819  1909  2182  2183  1910  1907  2180  2181  1908  1
    820  2182  1987  1988  2183  2180  1985  1986  2181  1
    821  1910  2183  2049  1573  1908  2181  2048  1572  1
    822  2183  1988  1618  2049  2181  1986  1619  2048  1
    823  1525  1812  2184  1911  1524  1811  2182  1909  1
    824  1812  1451  1989  2184  1811  1452  1987  2182  1
    825  1911  2184  2185  1912  1909  2182  2183  1910  1
    826  2184  1989  1990  2185  2182  1987  1988  2183  1
    827  1912  2185  2050  1574  1910  2183  2049  1573  1
    828  2185  1990  1617  2050  2183  1988  1618  2049  1
    829  1526  1813  2186  1913  1525  1812  2184  1911  1
    830  1813  1450  1991  2186  1812  1451  1989  2184  1
    831  1913  2186  2187  1914  1911  2184  2185  1912  1
    832  2186  1991  1992  2187  2184  1989  1990  2185  1
    833  1914  2187  2051  1575  1912  2185  2050  1574  1
    834  2187  1992  1616  2051  2185  1990  1617  2050  1
    835  1527  1814  2188  1915  1526  1813  2186  1913  1
    836  1814  1449  1993  2188  1813  1450  1991  2186  1
    837  1915  2188  2189  1916  1913  2186  2187  1914  1
    838  2188  1993  1994  2189  2186  1991  1992  2187  1
    839  1916  2189  2052  1576  1914  2187  2051  1575  1
    840  2189  1994  1615  2052  2187  1992  1616  2051  1
    841  1528  1815  2190  1917  1527  1814  2188  1915  1
    842  1815  1448  1995  2190  1814  1449  1993  2188  1
    843  1917  2190  2191  1918  1915  2188  2189  1916  1
    844  2190  1995  1996  2191  2188  1993  1994  2189  1
    845  1918  2191  2053  1577  1916  2189  2052  1576  1
    846  2191  1996  1614  2053  2189  1994  1615  2052  1
    847  1529  1816  2192  1919  1528  1815  2190  1917  1
    848  1816  1447  1997  2192  1815  1448  1995  2190  1
    849  1919  2192  2193  1920  1917  2190  2191  1918  1
    850  2192  1997  1998  2193  2190  1995  1996  2191  1
    851  1920  2193  2054  1578  1918  2191  2053  1577  1
    852  2193  1998  1613  2054  2191  1996  1614  2053  1
    853  1530  1817  2194  1921  1529  1816  2192  1919  1
    854  1817  1446  1999  2194  1816  1447  1997  2192  1
    855  1921  2194  2195  1922  1919  2192  2193  1920  1
    856  2194  1999  2000  2195  2192  1997  1998  2193  1
    857  1922  2195  2055  1579  1920  2193  2054  1578  1
    858  2195  2000  1612  2055  2193  1998  1613  2054  1
    859  1531  1818  2196  1923  1530  1817  2194  1921  1
    860  1818  1445  2001  2196  1817  1446  1999  2194  1
    861  1923  2196  2197  1924  1921  2194  2195  1922  1
    862  2196  2001  2002  2197  2194  1999  2000  2195  1
    863  1924  2197  2056  1580  1922  2195  2055  1579  1
    864  2197  2002  1611  2056  2195  2000  1612  2055  1
    865  1532  1819  2198  1925  1531  1818  2196  1923  1
    866  1819  1444  2003  2198  1818  1445  2001  2196  1
    867  1925  2198  2199  1926  1923  2196  2197  1924  1
    868  2198  2003  2004  2199  2196  2001  2002  2197  1
    869  1926  2199  2057  1581  1924  2197  2056  1580  1
    870  2199  2004  1610  2057  2197  2002  1611  2056  1
    871  1533  1820  2200  1927  1532  1819  2198  1925  1
    872  1820  1443  2005  2200  1819  1444  2003  2198  1
    873  1927  2200  2201  1928  1925  2198  2199  1926  1
    874  2200  2005  2006  2201  2198  2003  2004  2199  1
    875  1928  2201  2058  1582  1926  2199  2057  1581  1
    876  2201  2006  1609  2058  2199  2004  1610  2057  1
    877  1534  1821  2202  1929  1533  1820  2200  1927  1
    878  1821  1442  2007  2202  1820  1443  2005  2200  1
    879  1929  2202  2203  1930  1927  2200  2201  1928  1
    880  2202  2007  2008  2203  2200  2005  2006  2201  1
    881  1930  2203  2059  1583  1928  2201  2058  1582  1
    882  2203  2008  1608  2059  2201  2006  1609  2058  1
    883  1535  1822  2204  1931  1534  1821  2202  1929  1
    884  1822  1441  2009  2204  1821  1442  2007  2202  1
    885  1931  2204  2205  1932  1929  2202  2203  1930  1
    886  2204  2009  2010  2205  2202  2007  2008  2203  1
    887  1932  2205  2060  1584  1930  2203  2059  1583  1
    888  2205  2010  1607  2060  2203  2008  1608  2059  1
    889  1536  1823  2206  1933  1535  1822  2204  1931  1
    890  1823  1440  2011  2206  1822  1441  2009  2204  1
    891  1933  2206  2207  1934  1931  2204  2205  1932  1
    892  2206  2011  2012  2207  2204  2009  2010  2205  1
    893  1934  2207  2061  1585  1932  2205  2060  1584  1
    894  2207  2012  1606  2061  2205  2010  1607  2060  1
    895  1537  1824  2208  1935  1536  1823  2206  1933  1
    896  1824  1439  2013  2208  1823  1440  2011  2206  1
    897  1935  2208  2209  1936  1933  2206  2207  1934  1
    898  2208  2013  2014  2209  2206  2011  2012  2207  1
    899  1936  2209  2062  1586  1934  2207  2061  1585  1
    900  2209  2014  1605  2062  2207  2012  1606  2061  1
    901  1538  1825  2210  1937  1537  1824  2208  1935  1
    902  1825  1438  2015  2210  1824  1439  2013  2208  1
    903  1937  2210  2211  1938  1935  2208  2209  1936  1
    904  2210  2015  2016  2211  2208  2013  2014  2209  1
    905  1938  2211  2063  1587  1936  2209  2062  1586  1
    906  2211  2016  1604  2063  2209  2014  1605  2062  1
    907  1539  1826  2212  1939  1538  1825  2210  1937  1
    908  1826  1437  2017  2212  1825  1438  2015  2210  1
    909  1939  2212  2213  1940  1937  2210  2211  1938  1
    910  2212  2017  2018  2213  2210  2015  2016  2211  1
    911  1940  2213  2064  1588  1938  2211  2063  1587  1
    912  2213  2018  1603  2064  2211  2016  1604  2063  1
    913  1540  1827  2214  1941  1539  1826  2212  1939  1
    914  1827  1436  2019  2214  1826  1437  2017  2212  1
    915  1941  2214  2215  1942  1939  2212  2213  1940  1
    916  2214  2019  2020  2215  2212  2017  2018  2213  1
    917  1942  2215  2065  1589  1940  2213  2064  1588  1
    918  2215  2020  1602  2065  2213  2018  1603  2064  1
    919  1541  1828  2216  1943  1540  1827  2214  1941  1
    920  1828  1435  2021  2216  1827  1436  2019  2214  1
    921  1943  2216  2217  1944  1941  2214  2215  1942  1
    922  2216  2021  2022  2217  2214  2019  2020  2215  1
    923  1944  2217  2066  1590  1942  2215  2065  1589  1
    924  2217  2022  1601  2066  2215  2020  1602  2065  1
    925  1542  1829  2218  1945  1541  1828  2216  1943  1
    926  1829  1434  2023  2218  1828  1435  2021  2216  1
    927  1945  2218  2219  1946  1943  2216  2217  1944  1
    928  2218  2023  2024  2219  2216  2021  2022  2217  1
    929  1946  2219  2067  1591  1944  2217  2066  1590  1
    930  2219  2024  1600  2067  2217  2022  1601  2066  1
    931  1543  1830  2220  1947  1542  1829  2218  1945  1
    932  1830  1433  2025  2220  1829  1434  2023  2218  1
    933  1947  2220  2221  1948  1945  2218  2219  1946  1
    934  2220  2025  2026  2221  2218  2023  2024  2219  1
    935  1948  2221  2068  1592  1946  2219  2067  1591  1
    936  2221  2026  1599  2068  2219  2024  1600  2067  1
    937  1544  1831  2222  1949  1543  1830  2220  1947  1
    938  1831  1432  2027  2222  1830  1433  2025  2220  1
    939  1949  2222  2223  1950  1947  2220  2221  1948  1
    940  2222  2027  2028  2223  2220  2025  2026  2221  1
    941  1950  2223  2069  1593  1948  2221  2068  1592  1
    942  2223  2028  1598  2069  2221  2026  1599  2068  1
    943  1545  1832  2224  1951  1544  1831  2222  1949  1
    944  1832  1431  2029  2224  1831  1432  2027  2222  1
    945  1951  2224  2225  1952  1949  2222  2223  1950  1
    946  2224  2029  2030  2225  2222  2027  2028  2223  1
    947  1952  2225  2070  1594  1950  2223  2069  1593  1
    948  2225  2030  1597  2070  2223  2028  1598  2069  1
    949  1546  1833  2226  1953  1545  1832  2224  1951  1
    950  1833  1430  2031  2226  1832  1431  2029  2224  1
    951  1953  2226  2227  1954  1951  2224  2225  1952  1
    952  2226  2031  2032  2227  2224  2029  2030  2225  1
    953  1954  2227  2071  1595  1952  2225  2070  1594  1
    954  2227  2032  1596  2071  2225  2030  1597  2070  1
    955  1371  1385  1875  1555  1546  1833  2226  1953  1
    956  1385  1374  1553  1875  1833  1430  2031  2226  1
    957  1555  1875  1876  1556  1953  2226  2227  1954  1
    958  1875  1553  1552  1876  2226  2031  2032  2227  1
    959  1556  1876  1554  1378  1954  2227  2071  1595  1
    960  1876  1552  1377  1554  2227  2032  1596  2071  1
  5  800  1
    1  6.000000e+10  0.270000
    1  2289  2464  2617  2374  2228  2240  2344  2255  1
    2  2464  2465  2618  2617  2240  2241  2345  2344  1
    3  2465  2466  2619  2618  2241  2242  2346  2345  1
    4  2466  2299  2419  2619  2242  2229  2243  2346  1
    5  2374  2617  2620  2375  2255  2344  2347  2254  1
    6  2617  2618  2621  2620  2344  2345  2348  2347  1
    7  2618  2619  2622  2621  2345  2346  2349  2348  1
    8  2619  2419  2420  2622  2346  2243  2244  2349  1
    9  2375  2620  2623  2376  2254  2347  2350  2253  1
    10  2620  2621  2624  2623  2347  2348  2351  2350  1
    11  2621  2622  2625  2624  2348  2349  2352  2351  1
    12  2622  2420  2421  2625  2349  2244  2245  2352  1
    13  2376  2623  2626  2377  2253  2350  2353  2252  1
    14  2623  2624  2627  2626  2350  2351  2354  2353  1
    15  2624  2625  2628  2627  2351  2352  2355  2354  1
    16  2625  2421  2422  2628  2352  2245  2246  2355  1
    17  2377  2626  2629  2378  2252  2353  2356  2251  1
    18  2626  2627  2630  2629  2353  2354  2357  2356  1
    19  2627  2628  2631  2630  2354  2355  2358  2357  1
    20  2628  2422  2423  2631  2355  2246  2247  2358  1
    21  2378  2629  2491  2272  2251  2356  2250  2231  1
    22  2629  2630  2492  2491  2356  2357  2249  2250  1
    23  2630  2631  2493  2492  2357  2358  2248  2249  1
    24  2631  2423  2298  2493  2358  2247  2230  2248  1
    25  2288  2467  2632  2379  2289  2464  2617  2374  1
    26  2467  2468  2633  2632  2464  2465  2618  2617  1
    27  2468  2469  2634  2633  2465  2466  2619  2618  1
    28  2469  2300  2424  2634  2466  2299  2419  2619  1
    29  2379  2632  2635  2380  2374  2617  2620  2375  1
    30  2632  2633  2636  2635  2617  2618  2621  2620  1
    31  2633  2634  2637  2636  2618  2619  2622  2621  1
    32  2634  2424  2425  2637  2619  2419  2420  2622  1
    33  2380  2635  2638  2381  2375  2620  2623  2376  1
    34  2635  2636  2639  2638  2620  2621  2624  2623  1
    35  2636  2637  2640  2639  2621  2622  2625  2624  1
    36  2637  2425  2426  2640  2622  2420  2421  2625  1
    37  2381  2638  2641  2382  2376  2623  2626  2377  1
    38  2638  2639  2642  2641  2623  2624  2627  2626  1
    39  2639  2640  2643  2642  2624  2625  2628  2627  1
    40  2640  2426  2427  2643  2625  2421  2422  2628  1
    41  2382  2641  2644  2383  2377  2626  2629  2378  1
    42  2641  2642  2645  2644  2626  2627  2630  2629  1
    43  2642  2643  2646  2645  2627  2628  2631  2630  1
    44  2643  2427  2428  2646  2628  2422  2423  2631  1
    45  2383  2644  2494  2273  2378  2629  2491  2272  1
    46  2644  2645  2495  2494  2629  2630  2492  2491  1
    47  2645  2646  2496  2495  2630  2631  2493  2492  1
    48  2646  2428  2297  2496  2631  2423  2298  2493  1
    49  2287  2470  2647  2384  2288  2467  2632  2379  1
    50  2470  2471  2648  2647  2467  2468  2633  2632  1
    51  2471  2472  2649  2648  2468  2469  2634  2633  1
    52  2472  2301  2429  2649  2469  2300  2424  2634  1
    53  2384  2647  2650  2385  2379  2632  2635  2380  1
    54  2647  2648  2651  2650  2632  2633  2636  2635  1
    55  2648  2649  2652  2651  2633  2634  2637  2636  1
    56  2649  2429  2430  2652  2634  2424  2425  2637  1
    57  2385  2650  2653  2386  2380  2635  2638  2381  1
    58  2650  2651  2654  2653  2635  2636  2639  2638  1
    59  2651  2652  2655  2654  2636  2637  2640  2639  1
    60  2652  2430  2431  2655  2637  2425  2426  2640  1
    61  2386  2653  2656  2387  2381  2638  2641  2382  1
    62  2653  2654  2657  2656  2638  2639  2642  2641  1
    63  2654  2655  2658  2657  2639  2640  2643  2642  1
    64  2655  2431  2432  2658  2640  2426  2427  2643  1
    65  2387  2656  2659  2388  2382  2641  2644  2383  1
    66  2656  2657  2660  2659  2641  2642  2645  2644  1
    67  2657  2658  2661  2660  2642  2643  2646  2645  1
    68  2658  2432  2433  2661  2643  2427  2428  2646  1
    69  2388  2659  2497  2274  2383  2644  2494  2273  1
    70  2659  2660  2498  2497  2644  2645  2495  2494  1
    71  2660  2661  2499  2498  2645  2646  2496  2495  1
    72  2661  2433  2296  2499  2646  2428  2297  2496  1
    73  2286  2473  2662  2389  2287  2470  2647  2384  1
    74  2473  2474  2663  2662  2470  2471  2648  2647  1
    75  2474  2475  2664  2663  2471  2472  2649  2648  1
    76  2475  2302  2434  2664  2472  2301  2429  2649  1
    77  2389  2662  2665  2390  2384  2647  2650  2385  1
    78  2662  2663  2666  2665  2647  2648  2651  2650  1
    79  2663  2664  2667  2666  2648  2649  2652  2651  1
    80  2664  2434  2435  2667  2649  2429  2430  2652  1
    81  2390  2665  2668  2391  2385  2650  2653  2386  1
    82  2665  2666  2669  2668  2650  2651  2654  2653  1
    83  2666  2667  2670  2669  2651  2652  2655  2654  1
    84  2667  2435  2436  2670  2652  2430  2431  2655  1
    85  2391  2668  2671  2392  2386  2653  2656  2387  1
    86  2668  2669  2672  2671  2653  2654  2657  2656  1
    87  2669  2670  2673  2672  2654  2655  2658  2657  1
    88  2670  2436  2437  2673  2655  2431  2432  2658  1
    89  2392  2671  2674  2393  2387  2656  2659  2388  1
    90  2671  2672  2675  2674  2656  2657  2660  2659  1
    91  2672  2673  2676  2675  2657  2658  2661  2660  1
    92  2673  2437  2438  2676  2658  2432  2433  2661  1
    93  2393  2674  2500  2275  2388  2659  2497  2274  1
    94  2674  2675  2501  2500  2659  2660  2498  2497  1
    95  2675  2676  2502  2501  2660  2661  2499  2498  1
    96  2676  2438  2295  2502  2661  2433  2296  2499  1
    97  2285  2476  2677  2394  2286  2473  2662  2389  1
    98  2476  2477  2678  2677  2473  2474  2663  2662  1
    99  2477  2478  2679  2678  2474  2475  2664  2663  1
    100  2478  2303  2439  2679  2475  2302  2434  2664  1
    101  2394  2677  2680  2395  2389  2662  2665  2390  1
    102  2677  2678  2681  2680  2662  2663  2666  2665  1
    103  2678  2679  2682  2681  2663  2664  2667  2666  1
    104  2679  2439  2440  2682  2664  2434  2435  2667  1
    105  2395  2680  2683  2396  2390  2665  2668  2391  1
    106  2680  2681  2684  2683  2665  2666  2669  2668  1
    107  2681  2682  2685  2684  2666  2667  2670  2669  1
    108  2682  2440  2441  2685  2667  2435  2436  2670  1
    109  2396  2683  2686  2397  2391  2668  2671  2392  1
    110  2683  2684  2687  2686  2668  2669  2672  2671  1
    111  2684  2685  2688  2687  2669  2670  2673  2672  1
    112  2685  2441  2442  2688  2670  2436  2437  2673  1
    113  2397  2686  2689  2398  2392  2671  2674  2393  1
    114  2686  2687  2690  2689  2671  2672  2675  2674  1
    115  2687  2688  2691  2690  2672  2673  2676  2675  1
    116  2688  2442  2443  2691  2673  2437  2438  2676  1
    117  2398  2689  2503  2276  2393  2674  2500  2275  1
    118  2689  2690  2504  2503  2674  2675  2501  2500  1
    119  2690  2691  2505  2504  2675  2676  2502  2501  1
    120  2691  2443  2294  2505  2676  2438  2295  2502  1
    121  2284  2479  2692  2399  2285  2476  2677  2394  1
    122  2479  2480  2693  2692  2476  2477  2678  2677  1
    123  2480  2481  2694  2693  2477  2478  2679  2678  1
    124  2481  2304  2444  2694  2478  2303  2439  2679  1
    125  2399  2692  2695  2400  2394  2677  2680  2395  1
    126  2692  2693  2696  2695  2677  2678  2681  2680  1
    127  2693  2694  2697  2696  2678  2679  2682  2681  1
    128  2694  2444  2445  2697  2679  2439  2440  2682  1
    129  2400  2695  2698  2401  2395  2680  2683  2396  1
    130  2695  2696  2699  2698  2680  2681  2684  2683  1
    131  2696  2697  2700  2699  2681  2682  2685  2684  1
    132  2697  2445  2446  2700  2682  2440  2441  2685  1
    133  2401  2698  2701  2402  2396  2683  2686  2397  1
    134  2698  2699  2702  2701  2683  2684  2687  2686  1
    135  2699  2700  2703  2702  2684  2685  2688  2687  1
    136  2700  2446  2447  2703  2685  2441  2442  2688  1
    137  2402  2701  2704  2403  2397  2686  2689  2398  1
    138  2701  2702  2705  2704  2686  2687  2690  2689  1
    139  2702  2703  2706  2705  2687  2688  2691  2690  1
    140  2703  2447  2448  2706  2688  2442  2443  2691  1
    141  2403  2704  2506  2277  2398  2689  2503  2276  1
    142  2704  2705  2507  2506  2689  2690  2504  2503  1
    143  2705  2706  2508  2507  2690  2691  2505  2504  1
    144  2706  2448  2293  2508  2691  2443  2294  2505  1
    145  2283  2482  2707  2404  2284  2479  2692  2399  1
    146  2482  2483  2708  2707  2479  2480  2693  2692  1
    147  2483  2484  2709  2708  2480  2481  2694  2693  1
    148  2484  2305  2449  2709  2481  2304  2444  2694  1
    149  2404  2707  2710  2405  2399  2692  2695  2400  1
    150  2707  2708  2711  2710  2692  2693  2696  2695  1
    151  2708  2709  2712  2711  2693  2694  2697  2696  1
    152  2709  2449  2450  2712  2694  2444  2445  2697  1
    153  2405  2710  2713  2406  2400  2695  2698  2401  1
    154  2710  2711  2714  2713  2695  2696  2699  2698  1
    155  2711  2712  2715  2714  2696  2697  2700  2699  1
    156  2712  2450  2451  2715  2697  2445  2446  2700  1
    157  2406  2713  2716  2407  2401  2698  2701  2402  1
    158  2713  2714  2717  2716  2698  2699  2702  2701  1
    159  2714  2715  2718  2717  2699  2700  2703  2702  1
    160  2715  2451  2452  2718  2700  2446  2447  2703  1
    161  2407  2716  2719  2408  2402  2701  2704  2403  1
    162  2716  2717  2720  2719  2701  2702  2705  2704  1
    163  2717  2718  2721  2720  2702  2703  2706  2705  1
    164  2718  2452  2453  2721  2703  2447  2448  2706  1
    165  2408  2719  2509  2278  2403  2704  2506  2277  1
    166  2719  2720  2510  2509  2704  2705  2507  2506  1
    167  2720  2721  2511  2510  2705  2706  2508  2507  1
    168  2721  2453  2292  2511  2706  2448  2293  2508  1
    169  2282  2485  2722  2409  2283  2482  2707  2404  1
    170  2485  2486  2723  2722  2482  2483  2708  2707  1
    171  2486  2487  2724  2723  2483  2484  2709  2708  1
    172  2487  2306  2454  2724  2484  2305  2449  2709  1
    173  2409  2722  2725  2410  2404  2707  2710  2405  1
    174  2722  2723  2726  2725  2707  2708  2711  2710  1
    175  2723  2724  2727  2726  2708  2709  2712  2711  1
    176  2724  2454  2455  2727  2709  2449  2450  2712  1
    177  2410  2725  2728  2411  2405  2710  2713  2406  1
    178  2725  2726  2729  2728  2710  2711  2714  2713  1
    179  2726  2727  2730  2729  2711  2712  2715  2714  1
    180  2727  2455  2456  2730  2712  2450  2451  2715  1
    181  2411  2728  2731  2412  2406  2713  2716  2407  1
    182  2728  2729  2732  2731  2713  2714  2717  2716  1
    183  2729  2730  2733  2732  2714  2715  2718  2717  1
    184  2730  2456  2457  2733  2715  2451  2452  2718  1
    185  2412  2731  2734  2413  2407  2716  2719  2408  1
    186  2731  2732  2735  2734  2716  2717  2720  2719  1
    187  2732  2733  2736  2735  2717  2718  2721  2720  1
    188  2733  2457  2458  2736  2718  2452  2453  2721  1
    189  2413  2734  2512  2279  2408  2719  2509  2278  1
    190  2734  2735  2513  2512  2719  2720  2510  2509  1
    191  2735  2736  2514  2513  2720  2721  2511  2510  1
    192  2736  2458  2291  2514  2721  2453  2292  2511  1
    193  2281  2488  2737  2414  2282  2485  2722  2409  1
    194  2488  2489  2738  2737  2485  2486  2723  2722  1
    195  2489  2490  2739  2738  2486  2487  2724  2723  1
    196  2490  2307  2459  2739  2487  2306  2454  2724  1
    197  2414  2737  2740  2415  2409  2722  2725  2410  1
    198  2737  2738  2741  2740  2722  2723  2726  2725  1
    199  2738  2739  2742  2741  2723  2724  2727  2726  1
    200  2739  2459  2460  2742  2724  2454  2455  2727  1
    201  2415  2740  2743  2416  2410  2725  2728  2411  1
    202  2740  2741  2744  2743  2725  2726  2729  2728  1
    203  2741  2742  2745  2744  2726  2727  2730  2729  1
    204  2742  2460  2461  2745  2727  2455  2456  2730  1
    205  2416  2743  2746  2417  2411  2728  2731  2412  1
    206  2743  2744  2747  2746  2728  2729  2732  2731  1
    207  2744  2745  2748  2747  2729  2730  2733  2732  1
    208  2745  2461  2462  2748  2730  2456  2457  2733  1
    209  2417  2746  2749  2418  2412  2731  2734  2413  1
    210  2746  2747  2750  2749  2731  2732  2735  2734  1
    211  2747  2748  2751  2750  2732  2733  2736  2735  1
    212  2748  2462  2463  2751  2733  2457  2458  2736  1
    213  2418  2749  2515  2280  2413  2734  2512  2279  1
    214  2749  2750  2516  2515  2734  2735  2513  2512  1
    215  2750  2751  2517  2516  2735  2736  2514  2513  1
    216  2751  2463  2290  2517  2736  2458  2291  2514  1
    217  2235  2258  2359  2267  2281  2488  2737  2414  1
    218  2258  2257  2360  2359  2488  2489  2738  2737  1
    219  2257  2256  2361  2360  2489  2490  2739  2738  1
    220  2256  2232  2263  2361  2490  2307  2459  2739  1
    221  2267  2359  2362  2268  2414  2737  2740  2415  1
    222  2359  2360  2363  2362  2737  2738  2741  2740  1
    223  2360  2361  2364  2363  2738  2739  2742  2741  1
    224  2361  2263  2262  2364  2739  2459  2460  2742  1
    225  2268  2362  2365  2269  2415  2740  2743  2416  1
    226  2362  2363  2366  2365  2740  2741  2744  2743  1
    227  2363  2364  2367  2366  2741  2742  2745  2744  1
    228  2364  2262  2261  2367  2742  2460  2461  2745  1
    229  2269  2365  2368  2270  2416  2743  2746  2417  1
    230  2365  2366  2369  2368  2743  2744  2747  2746  1
    231  2366  2367  2370  2369  2744  2745  2748  2747  1
    232  2367  2261  2260  2370  2745  2461  2462  2748  1
    233  2270  2368  2371  2271  2417  2746  2749  2418  1
    234  2368  2369  2372  2371  2746  2747  2750  2749  1
    235  2369  2370  2373  2372  2747  2748  2751  2750  1
    236  2370  2260  2259  2373  2748  2462  2463  2751  1
    237  2271  2371  2264  2234  2418  2749  2515  2280  1
    238  2371  2372  2265  2264  2749  2750  2516  2515  1
    239  2372  2373  2266  2265  2750  2751  2517  2516  1
    240  2373  2259  2233  2266  2751  2463  2290  2517  1
    241  2299  2466  2752  2536  2229  2242  2518  2316  1
    242  2466  2465  2753  2752  2242  2241  2519  2518  1
    243  2465  2464  2754  2753  2241  2240  2520  2519  1
    244  2464  2289  2563  2754  2240  2228  2308  2520  1
    245  2536  2752  2755  2537  2316  2518  2521  2315  1
    246  2752  2753  2756  2755  2518  2519  2522  2521  1
    247  2753  2754  2757  2756  2519  2520  2523  2522  1
    248  2754  2563  2564  2757  2520  2308  2309  2523  1
    249  2537  2755  2758  2538  2315  2521  2524  2314  1
    250  2755  2756  2759  2758  2521  2522  2525  2524  1
    251  2756  2757  2760  2759  2522  2523  2526  2525  1
    252  2757  2564  2565  2760  2523  2309  2310  2526  1
    253  2538  2758  2590  2326  2314  2524  2313  2237  1
    254  2758  2759  2591  2590  2524  2525  2312  2313  1
    255  2759  2760  2592  2591  2525  2526  2311  2312  1
    256  2760  2565  2343  2592  2526  2310  2236  2311  1
    257  2300  2469  2761  2539  2299  2466  2752  2536  1
    258  2469  2468  2762  2761  2466  2465  2753  2752  1
    259  2468  2467  2763  2762  2465  2464  2754  2753  1
    260  2467  2288  2566  2763  2464  2289  2563  2754  1
    261  2539  2761  2764  2540  2536  2752  2755  2537  1
    262  2761  2762  2765  2764  2752  2753  2756  2755  1
    263  2762  2763  2766  2765  2753  2754  2757  2756  1
    264  2763  2566  2567  2766  2754  2563  2564  2757  1
    265  2540  2764  2767  2541  2537  2755  2758  2538  1
    266  2764  2765  2768  2767  2755  2756  2759  2758  1
    267  2765  2766  2769  2768  2756  2757  2760  2759  1
    268  2766  2567  2568  2769  2757  2564  2565  2760  1
    269  2541  2767  2593  2327  2538  2758  2590  2326  1
    270  2767  2768  2594  2593  2758  2759  2591  2590  1
    271  2768  2769  2595  2594  2759  2760  2592  2591  1
    272  2769  2568  2342  2595  2760  2565  2343  2592  1
    273  2301  2472  2770  2542  2300  2469  2761  2539  1
    274  2472  2471  2771  2770  2469  2468  2762  2761  1
    275  2471  2470  2772  2771  2468  2467  2763  2762  1
    276  2470  2287  2569  2772  2467  2288  2566  2763  1
    277  2542  2770  2773  2543  2539  2761  2764  2540  1
    278  2770  2771  2774  2773  2761  2762  2765  2764  1
    279  2771  2772  2775  2774  2762  2763  2766  2765  1
    280  2772  2569  2570  2775  2763  2566  2567  2766  1
    281  2543  2773  2776  2544  2540  2764  2767  2541  1
    282  2773  2774  2777  2776  2764  2765  2768  2767  1
    283  2774  2775  2778  2777  2765  2766  2769  2768  1
    284  2775  2570  2571  2778  2766  2567  2568  2769  1
    285  2544  2776  2596  2328  2541  2767  2593  2327  1
    286  2776  2777  2597  2596  2767  2768  2594  2593  1
    287  2777  2778  2598  2597  2768  2769  2595  2594  1
    288  2778  2571  2341  2598  2769  2568  2342  2595  1
    289  2302  2475  2779  2545  2301  2472  2770  2542  1
    290  2475  2474  2780  2779  2472  2471  2771  2770  1
    291  2474  2473  2781  2780  2471  2470  2772  2771  1
    292  2473  2286  2572  2781  2470  2287  2569  2772  1
    293  2545  2779  2782  2546  2542  2770  2773  2543  1
    294  2779  2780  2783  2782  2770  2771  2774  2773  1
    295  2780  2781  2784  2783  2771  2772  2775  2774  1
    296  2781  2572  2573  2784  2772  2569  2570  2775  1
    297  2546  2782  2785  2547  2543  2773  2776  2544  1
    298  2782  2783  2786  2785  2773  2774  2777  2776  1
    299  2783  2784  2787  2786  2774  2775  2778  2777  1
    300  2784  2573  2574  2787  2775  2570  2571  2778  1
    301  2547  2785  2599  2329  2544  2776  2596  2328  1
    302  2785  2786  2600  2599  2776  2777  2597  2596  1
    303  2786  2787  2601  2600  2777  2778  2598  2597  1
    304  2787  2574  2340  2601  2778  2571  2341  2598  1
    305  2303  2478  2788  2548  2302  2475  2779  2545  1
    306  2478  2477  2789  2788  2475  2474  2780  2779  1
    307  2477  2476  2790  2789  2474  2473  2781  2780  1
    308  2476  2285  2575  2790  2473  2286  2572  2781  1
    309  2548  2788  2791  2549  2545  2779  2782  2546  1
    310  2788  2789  2792  2791  2779  2780  2783  2782  1
    311  2789  2790  2793  2792  2780  2781  2784  2783  1
    312  2790  2575  2576  2793  2781  2572  2573  2784  1
    313  2549  2791  2794  2550  2546  2782  2785  2547  1
    314  2791  2792  2795  2794  2782  2783  2786  2785  1
    315  2792  2793  2796  2795  2783  2784  2787  2786  1
    316  2793  2576  2577  2796  2784  2573  2574  2787  1
    317  2550  2794  2602  2330  2547  2785  2599  2329  1
    318  2794  2795  2603  2602  2785  2786  2600  2599  1
    319  2795  2796  2604  2603  2786  2787  2601  2600  1
    320  2796  2577  2339  2604  2787  2574  2340  2601  1
    321  2304  2481  2797  2551  2303  2478  2788  2548  1
    322  2481  2480  2798  2797  2478  2477  2789  2788  1
    323  2480  2479  2799  2798  2477  2476  2790  2789  1
    324  2479  2284  2578  2799  2476  2285  2575  2790  1
    325  2551  2797  2800  2552  2548  2788  2791  2549  1
    326  2797  2798  2801  2800  2788  2789  2792  2791  1
    327  2798  2799  2802  2801  2789  2790  2793  2792  1
    328  2799  2578  2579  2802  2790  2575  2576  2793  1
    329  2552  2800  2803  2553  2549  2791  2794  2550  1
    330  2800  2801  2804  2803  2791  2792  2795  2794  1
    331  2801  2802  2805  2804  2792  2793  2796  2795  1
    332  2802  2579  2580  2805  2793  2576  2577  2796  1
    333  2553  2803  2605  2331  2550  2794  2602  2330  1
    334  2803  2804  2606  2605  2794  2795  2603  2602  1
    335  2804  2805  2607  2606  2795  2796  2604  2603  1
    336  2805  2580  2338  2607  2796  2577  2339  2604  1
    337  2305  2484  2806  2554  2304  2481  2797  2551  1
    338  2484  2483  2807  2806  2481  2480  2798  2797  1
    339  2483  2482  2808  2807  2480  2479  2799  2798  1
    340  2482  2283  2581  2808  2479  2284  2578  2799  1
    341  2554  2806  2809  2555  2551  2797  2800  2552  1
    342  2806  2807  2810  2809  2797  2798  2801  2800  1
    343  2807  2808  2811  2810  2798  2799  2802  2801  1
    344  2808  2581  2582  2811  2799  2578  2579  2802  1
    345  2555  2809  2812  2556  2552  2800  2803  2553  1
    346  2809  2810  2813  2812  2800  2801  2804  2803  1
    347  2810  2811  2814  2813  2801  2802  2805  2804  1
    348  2811  2582  2583  2814  2802  2579  2580  2805  1
    349  2556  2812  2608  2332  2553  2803  2605  2331  1
    350  2812  2813  2609  2608  2803  2804  2606  2605  1
    351  2813  2814  2610  2609  2804  2805  2607  2606  1
    352  2814  2583  2337  2610  2805  2580  2338  2607  1
    353  2306  2487  2815  2557  2305  2484  2806  2554  1
    354  2487  2486  2816  2815  2484  2483  2807  2806  1
    355  2486  2485  2817  2816  2483  2482  2808  2807  1
    356  2485  2282  2584  2817  2482  2283  2581  2808  1
    357  2557  2815  2818  2558  2554  2806  2809  2555  1
    358  2815  2816  2819  2818  2806  2807  2810  2809  1
    359  2816  2817  2820  2819  2807  2808  2811  2810  1
    360  2817  2584  2585  2820  2808  2581  2582  2811  1
    361  2558  2818  2821  2559  2555  2809  2812  2556  1
    362  2818  2819  2822  2821  2809  2810  2813  2812  1
    363  2819  2820  2823  2822  2810  2811  2814  2813  1
    364  2820  2585  2586  2823  2811  2582  2583  2814  1
    365  2559  2821  2611  2333  2556  2812  2608  2332  1
    366  2821  2822  2612  2611  2812  2813  2609  2608  1
    367  2822  2823  2613  2612  2813  2814  2610  2609  1
    368  2823  2586  2336  2613  2814  2583  2337  2610  1
    369  2307  2490  2824  2560  2306  2487  2815  2557  1
    370  2490  2489  2825  2824  2487  2486  2816  2815  1
    371  2489  2488  2826  2825  2486  2485  2817  2816  1
    372  2488  2281  2587  2826  2485  2282  2584  2817  1
    373  2560  2824  2827  2561  2557  2815  2818  2558  1
    374  2824  2825  2828  2827  2815  2816  2819  2818  1
    375  2825  2826  2829  2828  2816  2817  2820  2819  1
    376  2826  2587  2588  2829  2817  2584  2585  2820  1
    377  2561  2827  2830  2562  2558  2818  2821  2559  1
    378  2827  2828  2831  2830  2818  2819  2822  2821  1
    379  2828  2829  2832  2831  2819  2820  2823  2822  1
    380  2829  2588  2589  2832  2820  2585  2586  2823  1
    381  2562  2830  2614  2334  2559  2821  2611  2333  1
    382  2830  2831  2615  2614  2821  2822  2612  2611  1
    383  2831  2832  2616  2615  2822  2823  2613  2612  1
    384  2832  2589  2335  2616  2823  2586  2336  2613  1
    385  2232  2256  2527  2323  2307  2490  2824  2560  1
    386  2256  2257  2528  2527  2490  2489  2825  2824  1
    387  2257  2258  2529  2528  2489  2488  2826  2825  1
    388  2258  2235  2319  2529  2488  2281  2587  2826  1
    389  2323  2527  2530  2324  2560  2824  2827  2561  1
    390  2527  2528  2531  2530  2824  2825  2828  2827  1
    391  2528  2529  2532  2531  2825  2826  2829  2828  1
    392  2529  2319  2318  2532  2826  2587  2588  2829  1
    393  2324  2530  2533  2325  2561  2827  2830  2562  1
    394  2530  2531  2534  2533  2827  2828  2831  2830  1
    395  2531  2532  2535  2534  2828  2829  2832  2831  1
    396  2532  2318  2317  2535  2829  2588  2589  2832  1
    397  2325  2533  2320  2239  2562  2830  2614  2334  1
    398  2533  2534  2321  2320  2830  2831  2615  2614  1
    399  2534  2535  2322  2321  2831  2832  2616  2615  1
    400  2535  2317  2238  2322  2832  2589  2335  2616  1
    401  2894  3069  3222  2979  2833  2845  2949  2860  1
    402  3069  3070  3223  3222  2845  2846  2950  2949  1
    403  3070  3071  3224  3223  2846  2847  2951  2950  1
    404  3071  2904  3024  3224  2847  2834  2848  2951  1
    405  2979  3222  3225  2980  2860  2949  2952  2859  1
    406  3222  3223  3226  3225  2949  2950  2953  2952  1
    407  3223  3224  3227  3226  2950  2951  2954  2953  1
    408  3224  3024  3025  3227  2951  2848  2849  2954  1
    409  2980  3225  3228  2981  2859  2952  2955  2858  1
    410  3225  3226  3229  3228  2952  2953  2956  2955  1
    411  3226  3227  3230  3229  2953  2954  2957  2956  1
    412  3227  3025  3026  3230  2954  2849  2850  2957  1
    413  2981  3228  3231  2982  2858  2955  2958  2857  1
    414  3228  3229  3232  3231  2955  2956  2959  2958  1
    415  3229  3230  3233  3232  2956  2957  2960  2959  1
    416  3230  3026  3027  3233  2957  2850  2851  2960  1
    417  2982  3231  3234  2983  2857  2958  2961  2856  1
    418  3231  3232  3235  3234  2958  2959  2962  2961  1
    419  3232  3233  3236  3235  2959  2960  2963  2962  1
    420  3233  3027  3028  3236  2960  2851  2852  2963  1
    421  2983  3234  3096  2877  2856  2961  2855  2836  1
    422  3234  3235  3097  3096  2961  2962  2854  2855  1
    423  3235  3236  3098  3097  2962  2963  2853  2854  1
    424  3236  3028  2903  3098  2963  2852  2835  2853  1
    425  2893  3072  3237  2984  2894  3069  3222  2979  1
    426  3072  3073  3238  3237  3069  3070  3223  3222  1
    427  3073  3074  3239  3238  3070  3071  3224  3223  1
    428  3074  2905  3029  3239  3071  2904  3024  3224  1
    429  2984  3237  3240  2985  2979  3222  3225  2980  1
    430  3237  3238  3241  3240  3222  3223  3226  3225  1
    431  3238  3239  3242  3241  3223  3224  3227  3226  1
    432  3239  3029  3030  3242  3224  3024  3025  3227  1
    433  2985  3240  3243  2986  2980  3225  3228  2981  1
    434  3240  3241  3244  3243  3225  3226  3229  3228  1
    435  3241  3242  3245  3244  3226  3227  3230  3229  1
    436  3242  3030  3031  3245  3227  3025  3026  3230  1
    437  2986  3243  3246  2987  2981  3228  3231  2982  1
    438  3243  3244  3247  3246  3228  3229  3232  3231  1
    439  3244  3245  3248  3247  3229  3230  3233  3232  1
    440  3245  3031  3032  3248  3230  3026  3027  3233  1
    441  2987  3246  3249  2988  2982  3231  3234  2983  1
    442  3246  3247  3250  3249  3231  3232  3235  3234  1
    443  3247  3248  3251  3250  3232  3233  3236  3235  1
    444  3248  3032  3033  3251  3233  3027  3028  3236  1
    445  2988  3249  3099  2878  2983  3234  3096  2877  1
    446  3249  3250  3100  3099  3234  3235  3097  3096  1
    447  3250  3251  3101  3100  3235  3236  3098  3097  1
    448  3251  3033  2902  3101  3236  3028  2903  3098  1
    449  2892  3075  3252  2989  2893  3072  3237  2984  1
    450  3075  3076  3253  3252  3072  3073  3238  3237  1
    451  3076  3077  3254  3253  3073  3074  3239  3238  1
    452  3077  2906  3034  3254  3074  2905  3029  3239  1
    453  2989  3252  3255  2990  2984  3237  3240  2985  1
    454  3252  3253  3256  3255  3237  3238  3241  3240  1
    455  3253  3254  3257  3256  3238  3239  3242  3241  1
    456  3254  3034  3035  3257  3239  3029  3030  3242  1
    457  2990  3255  3258  2991  2985  3240  3243  2986  1
    458  3255  3256  3259  3258  3240  3241  3244  3243  1
    459  3256  3257  3260  3259  3241  3242  3245  3244  1
    460  3257  3035  3036  3260  3242  3030  3031  3245  1
    461  2991  3258  3261  2992  2986  3243  3246  2987  1
    462  3258  3259  3262  3261  3243  3244  3247  3246  1
    463  3259  3260  3263  3262  3244  3245  3248  3247  1
    464  3260  3036  3037  3263  3245  3031  3032  3248  1
    465  2992  3261  3264  2993  2987  3246  3249  2988  1
    466  3261  3262  3265  3264  3246  3247  3250  3249  1
    467  3262  3263  3266  3265  3247  3248  3251  3250  1
    468  3263  3037  3038  3266  3248  3032  3033  3251  1
    469  2993  3264  3102  2879  2988  3249  3099  2878  1
    470  3264  3265  3103  3102  3249  3250  3100  3099  1
    471  3265  3266  3104  3103  3250  3251  3101  3100  1
    472  3266  3038  2901  3104  3251  3033  2902  3101  1
    473  2891  3078  3267  2994  2892  3075  3252  2989  1
    474  3078  3079  3268  3267  3075  3076  3253  3252  1
    475  3079  3080  3269  3268  3076  3077  3254  3253  1
    476  3080  2907  3039  3269  3077  2906  3034  3254  1
    477  2994  3267  3270  2995  2989  3252  3255  2990  1
    478  3267  3268  3271  3270  3252  3253  3256  3255  1
    479  3268  3269  3272  3271  3253  3254  3257  3256  1
    480  3269  3039  3040  3272  3254  3034  3035  3257  1
    481  2995  3270  3273  2996  2990  3255  3258  2991  1
    482  3270  3271  3274  3273  3255  3256  3259  3258  1
    483  3271  3272  3275  3274  3256  3257  3260  3259  1
    484  3272  3040  3041  3275  3257  3035  3036  3260  1
    485  2996  3273  3276  2997  2991  3258  3261  2992  1
    486  3273  3274  3277  3276  3258  3259  3262  3261  1
    487  3274  3275  3278  3277  3259  3260  3263  3262  1
    488  3275  3041  3042  3278  3260  3036  3037  3263  1
    489  2997  3276  3279  2998  2992  3261  3264  2993  1
    490  3276  3277  3280  3279  3261  3262  3265  3264  1
    491  3277  3278  3281  3280  3262  3263  3266  3265  1
    492  3278  3042  3043  3281  3263  3037  3038  3266  1
    493  2998  3279  3105  2880  2993  3264  3102  2879  1
    494  3279  3280  3106  3105  3264  3265  3103  3102  1
    495  3280  3281  3107  3106  3265  3266  3104  3103  1
    496  3281  3043  2900  3107  3266  3038  2901  3104  1
    497  2890  3081  3282  2999  2891  3078  3267  2994  1
    498  3081  3082  3283  3282  3078  3079  3268  3267  1
    499  3082  3083  3284  3283  3079  3080  3269  3268  1
    500  3083  2908  3044  3284  3080  2907  3039  3269  1
    501  2999  3282  3285  3000  2994  3267  3270  2995  1
    502  3282  3283  3286  3285  3267  3268  3271  3270  1
    503  3283  3284  3287  3286  3268  3269  3272  3271  1
    504  3284  3044  3045  3287  3269  3039  3040  3272  1
    505  3000  3285  3288  3001  2995  3270  3273  2996  1
    506  3285  3286  3289  3288  3270  3271  3274  3273  1
    507  3286  3287  3290  3289  3271  3272  3275  3274  1
    508  3287  3045  3046  3290  3272  3040  3041  3275  1
    509  3001  3288  3291  3002  2996  3273  3276  2997  1
    510  3288  3289  3292  3291  3273  3274  3277  3276  1
    511  3289  3290  3293  3292  3274  3275  3278  3277  1
    512  3290  3046  3047  3293  3275  3041  3042  3278  1
    513  3002  3291  3294  3003  2997  3276  3279  2998  1
    514  3291  3292  3295  3294  3276  3277  3280  3279  1
    515  3292  3293  3296  3295  3277  3278  3281  3280  1
    516  3293  3047  3048  3296  3278  3042  3043  3281  1
    517  3003  3294  3108  2881  2998  3279  3105  2880  1
    518  3294  3295  3109  3108  3279  3280  3106  3105  1
    519  3295  3296  3110  3109  3280  3281  3107  3106  1
    520  3296  3048  2899  3110  3281  3043  2900  3107  1
    521  2889  3084  3297  3004  2890  3081  3282  2999  1
    522  3084  3085  3298  3297  3081  3082  3283  3282  1
    523  3085  3086  3299  3298  3082  3083  3284  3283  1
    524  3086  2909  3049  3299  3083  2908  3044  3284  1
    525  3004  3297  3300  3005  2999  3282  3285  3000  1
    526  3297  3298  3301  3300  3282  3283  3286  3285  1
    527  3298  3299  3302  3301  3283  3284  3287  3286  1
    528  3299  3049  3050  3302  3284  3044  3045  3287  1
    529  3005  3300  3303  3006  3000  3285  3288  3001  1
    530  3300  3301  3304  3303  3285  3286  3289  3288  1
    531  3301  3302  3305  3304  3286  3287  3290  3289  1
    532  3302  3050  3051  3305  3287  3045  3046  3290  1
    533  3006  3303  3306  3007  3001  3288  3291  3002  1
    534  3303  3304  3307  3306  3288  3289  3292  3291  1
    535  3304  3305  3308  3307  3289  3290  3293  3292  1
    536  3305  3051  3052  3308  3290  3046  3047  3293  1
    537  3007  3306  3309  3008  3002  3291  3294  3003  1
    538  3306  3307  3310  3309  3291  3292  3295  3294  1
    539  3307  3308  3311  3310  3292  3293  3296  3295  1
    540  3308  3052  3053  3311  3293  3047  3048  3296  1
    541  3008  3309  3111  2882  3003  3294  3108  2881  1
    542  3309  3310  3112  3111  3294  3295  3109  3108  1
    543  3310  3311  3113  3112  3295  3296  3110  3109  1
    544  3311  3053  2898  3113  3296  3048  2899  3110  1
    545  2888  3087  3312  3009  2889  3084  3297  3004  1
    546  3087  3088  3313  3312  3084  3085  3298  3297  1
    547  3088  3089  3314  3313  3085  3086  3299  3298  1
    548  3089  2910  3054  3314  3086  2909  3049  3299  1
    549  3009  3312  3315  3010  3004  3297  3300  3005  1
    550  3312  3313  3316  3315  3297  3298  3301  3300  1
    551  3313  3314  3317  3316  3298  3299  3302  3301  1
    552  3314  3054  3055  3317  3299  3049  3050  3302  1
    553  3010  3315  3318  3011  3005  3300  3303  3006  1
    554  3315  3316  3319  3318  3300  3301  3304  3303  1
    555  3316  3317  3320  3319  3301  3302  3305  3304  1
    556  3317  3055  3056  3320  3302  3050  3051  3305  1
    557  3011  3318  3321  3012  3006  3303  3306  3007  1
    558  3318  3319  3322  3321  3303  3304  3307  3306  1
    559  3319  3320  3323  3322  3304  3305  3308  3307  1
    560  3320  3056  3057  3323  3305  3051  3052  3308  1
    561  3012  3321  3324  3013  3007  3306  3309  3008  1
    562  3321  3322  3325  3324  3306  3307  3310  3309  1
    563  3322  3323  3326  3325  3307  3308  3311  3310  1
    564  3323  3057  3058  3326  3308  3052  3053  3311  1
    565  3013  3324  3114  2883  3008  3309  3111  2882  1
    566  3324  3325  3115  3114  3309  3310  3112  3111  1
    567  3325  3326  3116  3115  3310  3311  3113  3112  1
    568  3326  3058  2897  3116  3311  3053  2898  3113  1
    569  2887  3090  3327  3014  2888  3087  3312  3009  1
    570  3090  3091  3328  3327  3087  3088  3313  3312  1
    571  3091  3092  3329  3328  3088  3089  3314  3313  1
    572  3092  2911  3059  3329  3089  2910  3054  3314  1
    573  3014  3327  3330  3015  3009  3312  3315  3010  1
    574  3327  3328  3331  3330  3312  3313  3316  3315  1
    575  3328  3329  3332  3331  3313  3314  3317  3316  1
    576  3329  3059  3060  3332  3314  3054  3055  3317  1
    577  3015  3330  3333  3016  3010  3315  3318  3011  1
    578  3330  3331  3334  3333  3315  3316  3319  3318  1
    579  3331  3332  3335  3334  3316  3317  3320  3319  1
    580  3332  3060  3061  3335  3317  3055  3056  3320  1
    581  3016  3333  3336  3017  3011  3318  3321  3012  1
    582  3333  3334  3337  3336  3318  3319  3322  3321  1
    583  3334  3335  3338  3337  3319  3320  3323  3322  1
    584  3335  3061  3062  3338  3320  3056  3057  3323  1
    585  3017  3336  3339  3018  3012  3321  3324  3013  1
    586  3336  3337  3340  3339  3321  3322  3325  3324  1
    587  3337  3338  3341  3340  3322  3323  3326  3325  1
    588  3338  3062  3063  3341  3323  3057  3058  3326  1
    589  3018  3339  3117  2884  3013  3324  3114  2883  1
    590  3339  3340  3118  3117  3324  3325  3115  3114  1
    591  3340  3341  3119  3118  3325  3326  3116  3115  1
    592  3341  3063  2896  3119  3326  3058  2897  3116  1
    593  2886  3093  3342  3019  2887  3090  3327  3014  1
    594  3093  3094  3343  3342  3090  3091  3328  3327  1
    595  3094  3095  3344  3343  3091  3092  3329  3328  1
    596  3095  2912  3064  3344  3092  2911  3059  3329  1
    597  3019  3342  3345  3020  3014  3327  3330  3015  1
    598  3342  3343  3346  3345  3327  3328  3331  3330  1
    599  3343  3344  3347  3346  3328  3329  3332  3331  1
    600  3344  3064  3065  3347  3329  3059  3060  3332  1
    601  3020  3345  3348  3021  3015  3330  3333  3016  1
    602  3345  3346  3349  3348  3330  3331  3334  3333  1
    603  3346  3347  3350  3349  3331  3332  3335  3334  1
    604  3347  3065  3066  3350  3332  3060  3061  3335  1
    605  3021  3348  3351  3022  3016  3333  3336  3017  1
    606  3348  3349  3352  3351  3333  3334  3337  3336  1
    607  3349  3350  3353  3352  3334  3335  3338  3337  1
    608  3350  3066  3067  3353  3335  3061  3062  3338  1
    609  3022  3351  3354  3023  3017  3336  3339  3018  1
    610  3351  3352  3355  3354  3336  3337  3340  3339  1
    611  3352  3353  3356  3355  3337  3338  3341  3340  1
    612  3353  3067  3068  3356  3338  3062  3063  3341  1
    613  3023  3354  3120  2885  3018  3339  3117  2884  1
    614  3354  3355  3121  3120  3339  3340  3118  3117  1
    615  3355  3356  3122  3121  3340  3341  3119  3118  1
    616  3356  3068  2895  3122  3341  3063  2896  3119  1
    617  2840  2863  2964  2872  2886  3093  3342  3019  1
    618  2863  2862  2965  2964  3093  3094  3343  3342  1
    619  2862  2861  2966  2965  3094  3095  3344  3343  1
    620  2861  2837  2868  2966  3095  2912  3064  3344  1
    621  2872  2964  2967  2873  3019  3342  3345  3020  1
    622  2964  2965  2968  2967  3342  3343  3346  3345  1
    623  2965  2966  2969  2968  3343  3344  3347  3346  1
    624  2966  2868  2867  2969  3344  3064  3065  3347  1
    625  2873  2967  2970  2874  3020  3345  3348  3021  1
    626  2967  2968  2971  2970  3345  3346  3349  3348  1
    627  2968  2969  2972  2971  3346  3347  3350  3349  1
    628  2969  2867  2866  2972  3347  3065  3066  3350  1
    629  2874  2970  2973  2875  3021  3348  3351  3022  1
    630  2970  2971  2974  2973  3348  3349  3352  3351  1
    631  2971  2972  2975  2974  3349  3350  3353  3352  1
    632  2972  2866  2865  2975  3350  3066  3067  3353  1
    633  2875  2973  2976  2876  3022  3351  3354  3023  1
    634  2973  2974  2977  2976  3351  3352  3355  3354  1
    635  2974  2975  2978  2977  3352  3353  3356  3355  1
    636  2975  2865  2864  2978  3353  3067  3068  3356  1
    637  2876  2976  2869  2839  3023  3354  3120  2885  1
    638  2976  2977  2870  2869  3354  3355  3121  3120  1
    639  2977  2978  2871  2870  3355  3356  3122  3121  1
    640  2978  2864  2838  2871  3356  3068  2895  3122  1
    641  2904  3071  3357  3141  2834  2847  3123  2921  1
    642  3071  3070  3358  3357  2847  2846  3124  3123  1
    643  3070  3069  3359  3358  2846  2845  3125  3124  1
    644  3069  2894  3168  3359  2845  2833  2913  3125  1
    645  3141  3357  3360  3142  2921  3123  3126  2920  1
    646  3357  3358  3361  3360  3123  3124  3127  3126  1
    647  3358  3359  3362  3361  3124  3125  3128  3127  1
    648  3359  3168  3169  3362  3125  2913  2914  3128  1
    649  3142  3360  3363  3143  2920  3126  3129  2919  1
    650  3360  3361  3364  3363  3126  3127  3130  3129  1
    651  3361  3362  3365  3364  3127  3128  3131  3130  1
    652  3362  3169  3170  3365  3128  2914  2915  3131  1
    653  3143  3363  3195  2931  2919  3129  2918  2842  1
    654  3363  3364  3196  3195  3129  3130  2917  2918  1
    655  3364  3365  3197  3196  3130  3131  2916  2917  1
    656  3365  3170  2948  3197  3131  2915  2841  2916  1
    657  2905  3074  3366  3144  2904  3071  3357  3141  1
    658  3074  3073  3367  3366  3071  3070  3358  3357  1
    659  3073  3072  3368  3367  3070  3069  3359  3358  1
    660  3072  2893  3171  3368  3069  2894  3168  3359  1
    661  3144  3366  3369  3145  3141  3357  3360  3142  1
    662  3366  3367  3370  3369  3357  3358  3361  3360  1
    663  3367  3368  3371  3370  3358  3359  3362  3361  1
    664  3368  3171  3172  3371  3359  3168  3169  3362  1
    665  3145  3369  3372  3146  3142  3360  3363  3143  1
    666  3369  3370  3373  3372  3360  3361  3364  3363  1
    667  3370  3371  3374  3373  3361  3362  3365  3364  1
    668  3371  3172  3173  3374  3362  3169  3170  3365  1
    669  3146  3372  3198  2932  3143  3363  3195  2931  1
    670  3372  3373  3199  3198  3363  3364  3196  3195  1
    671  3373  3374  3200  3199  3364  3365  3197  3196  1
    672  3374  3173  2947  3200  3365  3170  2948  3197  1
    673  2906  3077  3375  3147  2905  3074  3366  3144  1
    674  3077  3076  3376  3375  3074  3073  3367  3366  1
    675  3076  3075  3377  3376  3073  3072  3368  3367  1
    676  3075  2892  3174  3377  3072  2893  3171  3368  1
    677  3147  3375  3378  3148  3144  3366  3369  3145  1
    678  3375  3376  3379  3378  3366  3367  3370  3369  1
    679  3376  3377  3380  3379  3367  3368  3371  3370  1
    680  3377  3174  3175  3380  3368  3171  3172  3371  1
    681  3148  3378  3381  3149  3145  3369  3372  3146  1
    682  3378  3379  3382  3381  3369  3370  3373  3372  1
    683  3379  3380  3383  3382  3370  3371  3374  3373  1
    684  3380  3175  3176  3383  3371  3172  3173  3374  1
    685  3149  3381  3201  2933  3146  3372  3198  2932  1
    686  3381  3382  3202  3201  3372  3373  3199  3198  1
    687  3382  3383  3203  3202  3373  3374  3200  3199  1
    688  3383  3176  2946  3203  3374  3173  2947  3200  1
    689  2907  3080  3384  3150  2906  3077  3375  3147  1
    690  3080  3079  3385  3384  3077  3076  3376  3375  1
    691  3079  3078  3386  3385  3076  3075  3377  3376  1
    692  3078  2891  3177  3386  3075  2892  3174  3377  1
    693  3150  3384  3387  3151  3147  3375  3378  3148  1
    694  3384  3385  3388  3387  3375  3376  3379  3378  1
    695  3385  3386  3389  3388  3376  3377  3380  3379  1
    696  3386  3177  3178  3389  3377  3174  3175  3380  1
    697  3151  3387  3390  3152  3148  3378  3381  3149  1
    698  3387  3388  3391  3390  3378  3379  3382  3381  1
    699  3388  3389  3392  3391  3379  3380  3383  3382  1
    700  3389  3178  3179  3392  3380  3175  3176  3383  1
    701  3152  3390  3204  2934  3149  3381  3201  2933  1
    702  3390  3391  3205  3204  3381  3382  3202  3201  1
    703  3391  3392  3206  3205  3382  3383  3203  3202  1
    704  3392  3179  2945  3206  3383  3176  2946  3203  1
    705  2908  3083  3393  3153  2907  3080  3384  3150  1
    706  3083  3082  3394  3393  3080  3079  3385  3384  1
    707  3082  3081  3395  3394  3079  3078  3386  3385  1
    708  3081  2890  3180  3395  3078  2891  3177  3386  1
    709  3153  3393  3396  3154  3150  3384  3387  3151  1
    710  3393  3394  3397  3396  3384  3385  3388  3387  1
    711  3394  3395  3398  3397  3385  3386  3389  3388  1
    712  3395  3180  3181  3398  3386  3177  3178  3389  1
    713  3154  3396  3399  3155  3151  3387  3390  3152  1
    714  3396  3397  3400  3399  3387  3388  3391  3390  1
    715  3397  3398  3401  3400  3388  3389  3392  3391  1
    716  3398  3181  3182  3401  3389  3178  3179  3392  1
    717  3155  3399  3207  2935  3152  3390  3204  2934  1
    718  3399  3400  3208  3207  3390  3391  3205  3204  1
    719  3400  3401  3209  3208  3391  3392  3206  3205  1
    720  3401  3182  2944  3209  3392  3179  2945  3206  1
    721  2909  3086  3402  3156  2908  3083  3393  3153  1
    722  3086  3085  3403  3402  3083  3082  3394  3393  1
    723  3085  3084  3404  3403  3082  3081  3395  3394  1
    724  3084  2889  3183  3404  3081  2890  3180  3395  1
    725  3156  3402  3405  3157  3153  3393  3396  3154  1
    726  3402  3403  3406  3405  3393  3394  3397  3396  1
    727  3403  3404  3407  3406  3394  3395  3398  3397  1
    728  3404  3183  3184  3407  3395  3180  3181  3398  1
    729  3157  3405  3408  3158  3154  3396  3399  3155  1
    730  3405  3406  3409  3408  3396  3397  3400  3399  1
    731  3406  3407  3410  3409  3397  3398  3401  3400  1
    732  3407  3184  3185  3410  3398  3181  3182  3401  1
    733  3158  3408  3210  2936  3155  3399  3207  2935  1
    734  3408  3409  3211  3210  3399  3400  3208  3207  1
    735  3409  3410  3212  3211  3400  3401  3209  3208  1
    736  3410  3185  2943  3212  3401  3182  2944  3209  1
    737  2910  3089  3411  3159  2909  3086  3402  3156  1
    738  3089  3088  3412  3411  3086  3085  3403  3402  1
    739  3088  3087  3413  3412  3085  3084  3404  3403  1
    740  3087  2888  3186  3413  3084  2889  3183  3404  1
    741  3159  3411  3414  3160  3156  3402  3405  3157  1
    742  3411  3412  3415  3414  3402  3403  3406  3405  1
    743  3412  3413  3416  3415  3403  3404  3407  3406  1
    744  3413  3186  3187  3416  3404  3183  3184  3407  1
    745  3160  3414  3417  3161  3157  3405  3408  3158  1
    746  3414  3415  3418  3417  3405  3406  3409  3408  1
    747  3415  3416  3419  3418  3406  3407  3410  3409  1
    748  3416  3187  3188  3419  3407  3184  3185  3410  1
    749  3161  3417  3213  2937  3158  3408  3210  2936  1
    750  3417  3418  3214  3213  3408  3409  3211  3210  1
    751  3418  3419  3215  3214  3409  3410  3212  3211  1
    752  3419  3188  2942  3215  3410  3185  2943  3212  1
    753  2911  3092  3420  3162  2910  3089  3411  3159  1
    754  3092  3091  3421  3420  3089  3088  3412  3411  1
    755  3091  3090  3422  3421  3088  3087  3413  3412  1
    756  3090  2887  3189  3422  3087  2888  3186  3413  1
    757  3162  3420  3423  3163  3159  3411  3414  3160  1
    758  3420  3421  3424  3423  3411  3412  3415  3414  1
    759  3421  3422  3425  3424  3412  3413  3416  3415  1
    760  3422  3189  3190  3425  3413  3186  3187  3416  1
    761  3163  3423  3426  3164  3160  3414  3417  3161  1
    762  3423  3424  3427  3426  3414  3415  3418  3417  1
    763  3424  3425  3428  3427  3415  3416  3419  3418  1
    764  3425  3190  3191  3428  3416  3187  3188  3419  1
    765  3164  3426  3216  2938  3161  3417  3213  2937  1
    766  3426  3427  3217  3216  3417  3418  3214  3213  1
    767  3427  3428  3218  3217  3418  3419  3215  3214  1
    768  3428  3191  2941  3218  3419  3188  2942  3215  1
    769  2912  3095  3429  3165  2911  3092  3420  3162  1
    770  3095  3094  3430  3429  3092  3091  3421  3420  1
    771  3094  3093  3431  3430  3091  3090  3422  3421  1
    772  3093  2886  3192  3431  3090  2887  3189  3422  1
    773  3165  3429  3432  3166  3162  3420  3423  3163  1
    774  3429  3430  3433  3432  3420  3421  3424  3423  1
    775  3430  3431  3434  3433  3421  3422  3425  3424  1
    776  3431  3192  3193  3434  3422  3189  3190  3425  1
    777  3166  3432  3435  3167  3163  3423  3426  3164  1
    778  3432  3433  3436  3435  3423  3424  3427  3426  1
    779  3433  3434  3437  3436  3424  3425  3428  3427  1
    780  3434  3193  3194  3437  3425  3190  3191  3428  1
    781  3167  3435  3219  2939  3164  3426  3216  2938  1
    782  3435  3436  3220  3219  3426  3427  3217  3216  1
    783  3436  3437  3221  3220  3427  3428  3218  3217  1
    784  3437  3194  2940  3221  3428  3191  2941  3218  1
    785  2837  2861  3132  2928  2912  3095  3429  3165  1
    786  2861  2862  3133  3132  3095  3094  3430  3429  1
    787  2862  2863  3134  3133  3094  3093  3431  3430  1
    788  2863  2840  2924  3134  3093  2886  3192  3431  1
    789  2928  3132  3135  2929  3165  3429  3432  3166  1
    790  3132  3133  3136  3135  3429  3430  3433  3432  1
    791  3133  3134  3137  3136  3430  3431  3434  3433  1
    792  3134  2924  2923  3137  3431  3192  3193  3434  1
    793  2929  3135  3138  2930  3166  3432  3435  3167  1
    794  3135  3136  3139  3138  3432  3433  3436  3435  1
    795  3136  3137  3140  3139  3433  3434  3437  3436  1
    796  3137  2923  2922  3140  3434  3193  3194  3437  1
    797  2930  3138  2925  2844  3167  3435  3219  2939  1
    798  3138  3139  2926  2925  3435  3436  3220  3219  1
    799  3139  3140  2927  2926  3436  3437  3221  3220  1
    800  3140  2922  2843  2927  3437  3194  2940  3221  1
  0
