TITLE : H8 Convergence Test - 32x16x1 Mesh
        (12:59:47 on June 2, 2026, Tuesday)

C O N T R O L   I N F O R M A T I O N

      NUMBER OF NODAL POINTS . . . . . . . . . . (NUMNP)  =  1122
      NUMBER OF ELEMENT GROUPS . . . . . . . . . (NUMEG)  =     1
      NUMBER OF LOAD CASES . . . . . . . . . . . (NLCASE) =     1
      SOLUTION MODE  . . . . . . . . . . . . . . (MODEX)  =     1
         EQ.0, DATA CHECK
         EQ.1, EXECUTION

 N O D A L   P O I N T   D A T A

    NODE       BOUNDARY                         NODAL POINT
   NUMBER  CONDITION  CODES                     COORDINATES
        1    1    1    1       0.00000e+00   -5.00000e-01   -5.00000e-02
        2    1    1    1       0.00000e+00   -5.00000e-01    5.00000e-02
        3    1    1    1       0.00000e+00   -4.37500e-01   -5.00000e-02
        4    1    1    1       0.00000e+00   -4.37500e-01    5.00000e-02
        5    1    1    1       0.00000e+00   -3.75000e-01   -5.00000e-02
        6    1    1    1       0.00000e+00   -3.75000e-01    5.00000e-02
        7    1    1    1       0.00000e+00   -3.12500e-01   -5.00000e-02
        8    1    1    1       0.00000e+00   -3.12500e-01    5.00000e-02
        9    1    1    1       0.00000e+00   -2.50000e-01   -5.00000e-02
       10    1    1    1       0.00000e+00   -2.50000e-01    5.00000e-02
       11    1    1    1       0.00000e+00   -1.87500e-01   -5.00000e-02
       12    1    1    1       0.00000e+00   -1.87500e-01    5.00000e-02
       13    1    1    1       0.00000e+00   -1.25000e-01   -5.00000e-02
       14    1    1    1       0.00000e+00   -1.25000e-01    5.00000e-02
       15    1    1    1       0.00000e+00   -6.25000e-02   -5.00000e-02
       16    1    1    1       0.00000e+00   -6.25000e-02    5.00000e-02
       17    1    1    1       0.00000e+00    0.00000e+00   -5.00000e-02
       18    1    1    1       0.00000e+00    0.00000e+00    5.00000e-02
       19    1    1    1       0.00000e+00    6.25000e-02   -5.00000e-02
       20    1    1    1       0.00000e+00    6.25000e-02    5.00000e-02
       21    1    1    1       0.00000e+00    1.25000e-01   -5.00000e-02
       22    1    1    1       0.00000e+00    1.25000e-01    5.00000e-02
       23    1    1    1       0.00000e+00    1.87500e-01   -5.00000e-02
       24    1    1    1       0.00000e+00    1.87500e-01    5.00000e-02
       25    1    1    1       0.00000e+00    2.50000e-01   -5.00000e-02
       26    1    1    1       0.00000e+00    2.50000e-01    5.00000e-02
       27    1    1    1       0.00000e+00    3.12500e-01   -5.00000e-02
       28    1    1    1       0.00000e+00    3.12500e-01    5.00000e-02
       29    1    1    1       0.00000e+00    3.75000e-01   -5.00000e-02
       30    1    1    1       0.00000e+00    3.75000e-01    5.00000e-02
       31    1    1    1       0.00000e+00    4.37500e-01   -5.00000e-02
       32    1    1    1       0.00000e+00    4.37500e-01    5.00000e-02
       33    1    1    1       0.00000e+00    5.00000e-01   -5.00000e-02
       34    1    1    1       0.00000e+00    5.00000e-01    5.00000e-02
       35    0    0    0       3.12500e-01   -5.00000e-01   -5.00000e-02
       36    0    0    0       3.12500e-01   -5.00000e-01    5.00000e-02
       37    0    0    0       3.12500e-01   -4.37500e-01   -5.00000e-02
       38    0    0    0       3.12500e-01   -4.37500e-01    5.00000e-02
       39    0    0    0       3.12500e-01   -3.75000e-01   -5.00000e-02
       40    0    0    0       3.12500e-01   -3.75000e-01    5.00000e-02
       41    0    0    0       3.12500e-01   -3.12500e-01   -5.00000e-02
       42    0    0    0       3.12500e-01   -3.12500e-01    5.00000e-02
       43    0    0    0       3.12500e-01   -2.50000e-01   -5.00000e-02
       44    0    0    0       3.12500e-01   -2.50000e-01    5.00000e-02
       45    0    0    0       3.12500e-01   -1.87500e-01   -5.00000e-02
       46    0    0    0       3.12500e-01   -1.87500e-01    5.00000e-02
       47    0    0    0       3.12500e-01   -1.25000e-01   -5.00000e-02
       48    0    0    0       3.12500e-01   -1.25000e-01    5.00000e-02
       49    0    0    0       3.12500e-01   -6.25000e-02   -5.00000e-02
       50    0    0    0       3.12500e-01   -6.25000e-02    5.00000e-02
       51    0    0    0       3.12500e-01    0.00000e+00   -5.00000e-02
       52    0    0    0       3.12500e-01    0.00000e+00    5.00000e-02
       53    0    0    0       3.12500e-01    6.25000e-02   -5.00000e-02
       54    0    0    0       3.12500e-01    6.25000e-02    5.00000e-02
       55    0    0    0       3.12500e-01    1.25000e-01   -5.00000e-02
       56    0    0    0       3.12500e-01    1.25000e-01    5.00000e-02
       57    0    0    0       3.12500e-01    1.87500e-01   -5.00000e-02
       58    0    0    0       3.12500e-01    1.87500e-01    5.00000e-02
       59    0    0    0       3.12500e-01    2.50000e-01   -5.00000e-02
       60    0    0    0       3.12500e-01    2.50000e-01    5.00000e-02
       61    0    0    0       3.12500e-01    3.12500e-01   -5.00000e-02
       62    0    0    0       3.12500e-01    3.12500e-01    5.00000e-02
       63    0    0    0       3.12500e-01    3.75000e-01   -5.00000e-02
       64    0    0    0       3.12500e-01    3.75000e-01    5.00000e-02
       65    0    0    0       3.12500e-01    4.37500e-01   -5.00000e-02
       66    0    0    0       3.12500e-01    4.37500e-01    5.00000e-02
       67    0    0    0       3.12500e-01    5.00000e-01   -5.00000e-02
       68    0    0    0       3.12500e-01    5.00000e-01    5.00000e-02
       69    0    0    0       6.25000e-01   -5.00000e-01   -5.00000e-02
       70    0    0    0       6.25000e-01   -5.00000e-01    5.00000e-02
       71    0    0    0       6.25000e-01   -4.37500e-01   -5.00000e-02
       72    0    0    0       6.25000e-01   -4.37500e-01    5.00000e-02
       73    0    0    0       6.25000e-01   -3.75000e-01   -5.00000e-02
       74    0    0    0       6.25000e-01   -3.75000e-01    5.00000e-02
       75    0    0    0       6.25000e-01   -3.12500e-01   -5.00000e-02
       76    0    0    0       6.25000e-01   -3.12500e-01    5.00000e-02
       77    0    0    0       6.25000e-01   -2.50000e-01   -5.00000e-02
       78    0    0    0       6.25000e-01   -2.50000e-01    5.00000e-02
       79    0    0    0       6.25000e-01   -1.87500e-01   -5.00000e-02
       80    0    0    0       6.25000e-01   -1.87500e-01    5.00000e-02
       81    0    0    0       6.25000e-01   -1.25000e-01   -5.00000e-02
       82    0    0    0       6.25000e-01   -1.25000e-01    5.00000e-02
       83    0    0    0       6.25000e-01   -6.25000e-02   -5.00000e-02
       84    0    0    0       6.25000e-01   -6.25000e-02    5.00000e-02
       85    0    0    0       6.25000e-01    0.00000e+00   -5.00000e-02
       86    0    0    0       6.25000e-01    0.00000e+00    5.00000e-02
       87    0    0    0       6.25000e-01    6.25000e-02   -5.00000e-02
       88    0    0    0       6.25000e-01    6.25000e-02    5.00000e-02
       89    0    0    0       6.25000e-01    1.25000e-01   -5.00000e-02
       90    0    0    0       6.25000e-01    1.25000e-01    5.00000e-02
       91    0    0    0       6.25000e-01    1.87500e-01   -5.00000e-02
       92    0    0    0       6.25000e-01    1.87500e-01    5.00000e-02
       93    0    0    0       6.25000e-01    2.50000e-01   -5.00000e-02
       94    0    0    0       6.25000e-01    2.50000e-01    5.00000e-02
       95    0    0    0       6.25000e-01    3.12500e-01   -5.00000e-02
       96    0    0    0       6.25000e-01    3.12500e-01    5.00000e-02
       97    0    0    0       6.25000e-01    3.75000e-01   -5.00000e-02
       98    0    0    0       6.25000e-01    3.75000e-01    5.00000e-02
       99    0    0    0       6.25000e-01    4.37500e-01   -5.00000e-02
      100    0    0    0       6.25000e-01    4.37500e-01    5.00000e-02
      101    0    0    0       6.25000e-01    5.00000e-01   -5.00000e-02
      102    0    0    0       6.25000e-01    5.00000e-01    5.00000e-02
      103    0    0    0       9.37500e-01   -5.00000e-01   -5.00000e-02
      104    0    0    0       9.37500e-01   -5.00000e-01    5.00000e-02
      105    0    0    0       9.37500e-01   -4.37500e-01   -5.00000e-02
      106    0    0    0       9.37500e-01   -4.37500e-01    5.00000e-02
      107    0    0    0       9.37500e-01   -3.75000e-01   -5.00000e-02
      108    0    0    0       9.37500e-01   -3.75000e-01    5.00000e-02
      109    0    0    0       9.37500e-01   -3.12500e-01   -5.00000e-02
      110    0    0    0       9.37500e-01   -3.12500e-01    5.00000e-02
      111    0    0    0       9.37500e-01   -2.50000e-01   -5.00000e-02
      112    0    0    0       9.37500e-01   -2.50000e-01    5.00000e-02
      113    0    0    0       9.37500e-01   -1.87500e-01   -5.00000e-02
      114    0    0    0       9.37500e-01   -1.87500e-01    5.00000e-02
      115    0    0    0       9.37500e-01   -1.25000e-01   -5.00000e-02
      116    0    0    0       9.37500e-01   -1.25000e-01    5.00000e-02
      117    0    0    0       9.37500e-01   -6.25000e-02   -5.00000e-02
      118    0    0    0       9.37500e-01   -6.25000e-02    5.00000e-02
      119    0    0    0       9.37500e-01    0.00000e+00   -5.00000e-02
      120    0    0    0       9.37500e-01    0.00000e+00    5.00000e-02
      121    0    0    0       9.37500e-01    6.25000e-02   -5.00000e-02
      122    0    0    0       9.37500e-01    6.25000e-02    5.00000e-02
      123    0    0    0       9.37500e-01    1.25000e-01   -5.00000e-02
      124    0    0    0       9.37500e-01    1.25000e-01    5.00000e-02
      125    0    0    0       9.37500e-01    1.87500e-01   -5.00000e-02
      126    0    0    0       9.37500e-01    1.87500e-01    5.00000e-02
      127    0    0    0       9.37500e-01    2.50000e-01   -5.00000e-02
      128    0    0    0       9.37500e-01    2.50000e-01    5.00000e-02
      129    0    0    0       9.37500e-01    3.12500e-01   -5.00000e-02
      130    0    0    0       9.37500e-01    3.12500e-01    5.00000e-02
      131    0    0    0       9.37500e-01    3.75000e-01   -5.00000e-02
      132    0    0    0       9.37500e-01    3.75000e-01    5.00000e-02
      133    0    0    0       9.37500e-01    4.37500e-01   -5.00000e-02
      134    0    0    0       9.37500e-01    4.37500e-01    5.00000e-02
      135    0    0    0       9.37500e-01    5.00000e-01   -5.00000e-02
      136    0    0    0       9.37500e-01    5.00000e-01    5.00000e-02
      137    0    0    0       1.25000e+00   -5.00000e-01   -5.00000e-02
      138    0    0    0       1.25000e+00   -5.00000e-01    5.00000e-02
      139    0    0    0       1.25000e+00   -4.37500e-01   -5.00000e-02
      140    0    0    0       1.25000e+00   -4.37500e-01    5.00000e-02
      141    0    0    0       1.25000e+00   -3.75000e-01   -5.00000e-02
      142    0    0    0       1.25000e+00   -3.75000e-01    5.00000e-02
      143    0    0    0       1.25000e+00   -3.12500e-01   -5.00000e-02
      144    0    0    0       1.25000e+00   -3.12500e-01    5.00000e-02
      145    0    0    0       1.25000e+00   -2.50000e-01   -5.00000e-02
      146    0    0    0       1.25000e+00   -2.50000e-01    5.00000e-02
      147    0    0    0       1.25000e+00   -1.87500e-01   -5.00000e-02
      148    0    0    0       1.25000e+00   -1.87500e-01    5.00000e-02
      149    0    0    0       1.25000e+00   -1.25000e-01   -5.00000e-02
      150    0    0    0       1.25000e+00   -1.25000e-01    5.00000e-02
      151    0    0    0       1.25000e+00   -6.25000e-02   -5.00000e-02
      152    0    0    0       1.25000e+00   -6.25000e-02    5.00000e-02
      153    0    0    0       1.25000e+00    0.00000e+00   -5.00000e-02
      154    0    0    0       1.25000e+00    0.00000e+00    5.00000e-02
      155    0    0    0       1.25000e+00    6.25000e-02   -5.00000e-02
      156    0    0    0       1.25000e+00    6.25000e-02    5.00000e-02
      157    0    0    0       1.25000e+00    1.25000e-01   -5.00000e-02
      158    0    0    0       1.25000e+00    1.25000e-01    5.00000e-02
      159    0    0    0       1.25000e+00    1.87500e-01   -5.00000e-02
      160    0    0    0       1.25000e+00    1.87500e-01    5.00000e-02
      161    0    0    0       1.25000e+00    2.50000e-01   -5.00000e-02
      162    0    0    0       1.25000e+00    2.50000e-01    5.00000e-02
      163    0    0    0       1.25000e+00    3.12500e-01   -5.00000e-02
      164    0    0    0       1.25000e+00    3.12500e-01    5.00000e-02
      165    0    0    0       1.25000e+00    3.75000e-01   -5.00000e-02
      166    0    0    0       1.25000e+00    3.75000e-01    5.00000e-02
      167    0    0    0       1.25000e+00    4.37500e-01   -5.00000e-02
      168    0    0    0       1.25000e+00    4.37500e-01    5.00000e-02
      169    0    0    0       1.25000e+00    5.00000e-01   -5.00000e-02
      170    0    0    0       1.25000e+00    5.00000e-01    5.00000e-02
      171    0    0    0       1.56250e+00   -5.00000e-01   -5.00000e-02
      172    0    0    0       1.56250e+00   -5.00000e-01    5.00000e-02
      173    0    0    0       1.56250e+00   -4.37500e-01   -5.00000e-02
      174    0    0    0       1.56250e+00   -4.37500e-01    5.00000e-02
      175    0    0    0       1.56250e+00   -3.75000e-01   -5.00000e-02
      176    0    0    0       1.56250e+00   -3.75000e-01    5.00000e-02
      177    0    0    0       1.56250e+00   -3.12500e-01   -5.00000e-02
      178    0    0    0       1.56250e+00   -3.12500e-01    5.00000e-02
      179    0    0    0       1.56250e+00   -2.50000e-01   -5.00000e-02
      180    0    0    0       1.56250e+00   -2.50000e-01    5.00000e-02
      181    0    0    0       1.56250e+00   -1.87500e-01   -5.00000e-02
      182    0    0    0       1.56250e+00   -1.87500e-01    5.00000e-02
      183    0    0    0       1.56250e+00   -1.25000e-01   -5.00000e-02
      184    0    0    0       1.56250e+00   -1.25000e-01    5.00000e-02
      185    0    0    0       1.56250e+00   -6.25000e-02   -5.00000e-02
      186    0    0    0       1.56250e+00   -6.25000e-02    5.00000e-02
      187    0    0    0       1.56250e+00    0.00000e+00   -5.00000e-02
      188    0    0    0       1.56250e+00    0.00000e+00    5.00000e-02
      189    0    0    0       1.56250e+00    6.25000e-02   -5.00000e-02
      190    0    0    0       1.56250e+00    6.25000e-02    5.00000e-02
      191    0    0    0       1.56250e+00    1.25000e-01   -5.00000e-02
      192    0    0    0       1.56250e+00    1.25000e-01    5.00000e-02
      193    0    0    0       1.56250e+00    1.87500e-01   -5.00000e-02
      194    0    0    0       1.56250e+00    1.87500e-01    5.00000e-02
      195    0    0    0       1.56250e+00    2.50000e-01   -5.00000e-02
      196    0    0    0       1.56250e+00    2.50000e-01    5.00000e-02
      197    0    0    0       1.56250e+00    3.12500e-01   -5.00000e-02
      198    0    0    0       1.56250e+00    3.12500e-01    5.00000e-02
      199    0    0    0       1.56250e+00    3.75000e-01   -5.00000e-02
      200    0    0    0       1.56250e+00    3.75000e-01    5.00000e-02
      201    0    0    0       1.56250e+00    4.37500e-01   -5.00000e-02
      202    0    0    0       1.56250e+00    4.37500e-01    5.00000e-02
      203    0    0    0       1.56250e+00    5.00000e-01   -5.00000e-02
      204    0    0    0       1.56250e+00    5.00000e-01    5.00000e-02
      205    0    0    0       1.87500e+00   -5.00000e-01   -5.00000e-02
      206    0    0    0       1.87500e+00   -5.00000e-01    5.00000e-02
      207    0    0    0       1.87500e+00   -4.37500e-01   -5.00000e-02
      208    0    0    0       1.87500e+00   -4.37500e-01    5.00000e-02
      209    0    0    0       1.87500e+00   -3.75000e-01   -5.00000e-02
      210    0    0    0       1.87500e+00   -3.75000e-01    5.00000e-02
      211    0    0    0       1.87500e+00   -3.12500e-01   -5.00000e-02
      212    0    0    0       1.87500e+00   -3.12500e-01    5.00000e-02
      213    0    0    0       1.87500e+00   -2.50000e-01   -5.00000e-02
      214    0    0    0       1.87500e+00   -2.50000e-01    5.00000e-02
      215    0    0    0       1.87500e+00   -1.87500e-01   -5.00000e-02
      216    0    0    0       1.87500e+00   -1.87500e-01    5.00000e-02
      217    0    0    0       1.87500e+00   -1.25000e-01   -5.00000e-02
      218    0    0    0       1.87500e+00   -1.25000e-01    5.00000e-02
      219    0    0    0       1.87500e+00   -6.25000e-02   -5.00000e-02
      220    0    0    0       1.87500e+00   -6.25000e-02    5.00000e-02
      221    0    0    0       1.87500e+00    0.00000e+00   -5.00000e-02
      222    0    0    0       1.87500e+00    0.00000e+00    5.00000e-02
      223    0    0    0       1.87500e+00    6.25000e-02   -5.00000e-02
      224    0    0    0       1.87500e+00    6.25000e-02    5.00000e-02
      225    0    0    0       1.87500e+00    1.25000e-01   -5.00000e-02
      226    0    0    0       1.87500e+00    1.25000e-01    5.00000e-02
      227    0    0    0       1.87500e+00    1.87500e-01   -5.00000e-02
      228    0    0    0       1.87500e+00    1.87500e-01    5.00000e-02
      229    0    0    0       1.87500e+00    2.50000e-01   -5.00000e-02
      230    0    0    0       1.87500e+00    2.50000e-01    5.00000e-02
      231    0    0    0       1.87500e+00    3.12500e-01   -5.00000e-02
      232    0    0    0       1.87500e+00    3.12500e-01    5.00000e-02
      233    0    0    0       1.87500e+00    3.75000e-01   -5.00000e-02
      234    0    0    0       1.87500e+00    3.75000e-01    5.00000e-02
      235    0    0    0       1.87500e+00    4.37500e-01   -5.00000e-02
      236    0    0    0       1.87500e+00    4.37500e-01    5.00000e-02
      237    0    0    0       1.87500e+00    5.00000e-01   -5.00000e-02
      238    0    0    0       1.87500e+00    5.00000e-01    5.00000e-02
      239    0    0    0       2.18750e+00   -5.00000e-01   -5.00000e-02
      240    0    0    0       2.18750e+00   -5.00000e-01    5.00000e-02
      241    0    0    0       2.18750e+00   -4.37500e-01   -5.00000e-02
      242    0    0    0       2.18750e+00   -4.37500e-01    5.00000e-02
      243    0    0    0       2.18750e+00   -3.75000e-01   -5.00000e-02
      244    0    0    0       2.18750e+00   -3.75000e-01    5.00000e-02
      245    0    0    0       2.18750e+00   -3.12500e-01   -5.00000e-02
      246    0    0    0       2.18750e+00   -3.12500e-01    5.00000e-02
      247    0    0    0       2.18750e+00   -2.50000e-01   -5.00000e-02
      248    0    0    0       2.18750e+00   -2.50000e-01    5.00000e-02
      249    0    0    0       2.18750e+00   -1.87500e-01   -5.00000e-02
      250    0    0    0       2.18750e+00   -1.87500e-01    5.00000e-02
      251    0    0    0       2.18750e+00   -1.25000e-01   -5.00000e-02
      252    0    0    0       2.18750e+00   -1.25000e-01    5.00000e-02
      253    0    0    0       2.18750e+00   -6.25000e-02   -5.00000e-02
      254    0    0    0       2.18750e+00   -6.25000e-02    5.00000e-02
      255    0    0    0       2.18750e+00    0.00000e+00   -5.00000e-02
      256    0    0    0       2.18750e+00    0.00000e+00    5.00000e-02
      257    0    0    0       2.18750e+00    6.25000e-02   -5.00000e-02
      258    0    0    0       2.18750e+00    6.25000e-02    5.00000e-02
      259    0    0    0       2.18750e+00    1.25000e-01   -5.00000e-02
      260    0    0    0       2.18750e+00    1.25000e-01    5.00000e-02
      261    0    0    0       2.18750e+00    1.87500e-01   -5.00000e-02
      262    0    0    0       2.18750e+00    1.87500e-01    5.00000e-02
      263    0    0    0       2.18750e+00    2.50000e-01   -5.00000e-02
      264    0    0    0       2.18750e+00    2.50000e-01    5.00000e-02
      265    0    0    0       2.18750e+00    3.12500e-01   -5.00000e-02
      266    0    0    0       2.18750e+00    3.12500e-01    5.00000e-02
      267    0    0    0       2.18750e+00    3.75000e-01   -5.00000e-02
      268    0    0    0       2.18750e+00    3.75000e-01    5.00000e-02
      269    0    0    0       2.18750e+00    4.37500e-01   -5.00000e-02
      270    0    0    0       2.18750e+00    4.37500e-01    5.00000e-02
      271    0    0    0       2.18750e+00    5.00000e-01   -5.00000e-02
      272    0    0    0       2.18750e+00    5.00000e-01    5.00000e-02
      273    0    0    0       2.50000e+00   -5.00000e-01   -5.00000e-02
      274    0    0    0       2.50000e+00   -5.00000e-01    5.00000e-02
      275    0    0    0       2.50000e+00   -4.37500e-01   -5.00000e-02
      276    0    0    0       2.50000e+00   -4.37500e-01    5.00000e-02
      277    0    0    0       2.50000e+00   -3.75000e-01   -5.00000e-02
      278    0    0    0       2.50000e+00   -3.75000e-01    5.00000e-02
      279    0    0    0       2.50000e+00   -3.12500e-01   -5.00000e-02
      280    0    0    0       2.50000e+00   -3.12500e-01    5.00000e-02
      281    0    0    0       2.50000e+00   -2.50000e-01   -5.00000e-02
      282    0    0    0       2.50000e+00   -2.50000e-01    5.00000e-02
      283    0    0    0       2.50000e+00   -1.87500e-01   -5.00000e-02
      284    0    0    0       2.50000e+00   -1.87500e-01    5.00000e-02
      285    0    0    0       2.50000e+00   -1.25000e-01   -5.00000e-02
      286    0    0    0       2.50000e+00   -1.25000e-01    5.00000e-02
      287    0    0    0       2.50000e+00   -6.25000e-02   -5.00000e-02
      288    0    0    0       2.50000e+00   -6.25000e-02    5.00000e-02
      289    0    0    0       2.50000e+00    0.00000e+00   -5.00000e-02
      290    0    0    0       2.50000e+00    0.00000e+00    5.00000e-02
      291    0    0    0       2.50000e+00    6.25000e-02   -5.00000e-02
      292    0    0    0       2.50000e+00    6.25000e-02    5.00000e-02
      293    0    0    0       2.50000e+00    1.25000e-01   -5.00000e-02
      294    0    0    0       2.50000e+00    1.25000e-01    5.00000e-02
      295    0    0    0       2.50000e+00    1.87500e-01   -5.00000e-02
      296    0    0    0       2.50000e+00    1.87500e-01    5.00000e-02
      297    0    0    0       2.50000e+00    2.50000e-01   -5.00000e-02
      298    0    0    0       2.50000e+00    2.50000e-01    5.00000e-02
      299    0    0    0       2.50000e+00    3.12500e-01   -5.00000e-02
      300    0    0    0       2.50000e+00    3.12500e-01    5.00000e-02
      301    0    0    0       2.50000e+00    3.75000e-01   -5.00000e-02
      302    0    0    0       2.50000e+00    3.75000e-01    5.00000e-02
      303    0    0    0       2.50000e+00    4.37500e-01   -5.00000e-02
      304    0    0    0       2.50000e+00    4.37500e-01    5.00000e-02
      305    0    0    0       2.50000e+00    5.00000e-01   -5.00000e-02
      306    0    0    0       2.50000e+00    5.00000e-01    5.00000e-02
      307    0    0    0       2.81250e+00   -5.00000e-01   -5.00000e-02
      308    0    0    0       2.81250e+00   -5.00000e-01    5.00000e-02
      309    0    0    0       2.81250e+00   -4.37500e-01   -5.00000e-02
      310    0    0    0       2.81250e+00   -4.37500e-01    5.00000e-02
      311    0    0    0       2.81250e+00   -3.75000e-01   -5.00000e-02
      312    0    0    0       2.81250e+00   -3.75000e-01    5.00000e-02
      313    0    0    0       2.81250e+00   -3.12500e-01   -5.00000e-02
      314    0    0    0       2.81250e+00   -3.12500e-01    5.00000e-02
      315    0    0    0       2.81250e+00   -2.50000e-01   -5.00000e-02
      316    0    0    0       2.81250e+00   -2.50000e-01    5.00000e-02
      317    0    0    0       2.81250e+00   -1.87500e-01   -5.00000e-02
      318    0    0    0       2.81250e+00   -1.87500e-01    5.00000e-02
      319    0    0    0       2.81250e+00   -1.25000e-01   -5.00000e-02
      320    0    0    0       2.81250e+00   -1.25000e-01    5.00000e-02
      321    0    0    0       2.81250e+00   -6.25000e-02   -5.00000e-02
      322    0    0    0       2.81250e+00   -6.25000e-02    5.00000e-02
      323    0    0    0       2.81250e+00    0.00000e+00   -5.00000e-02
      324    0    0    0       2.81250e+00    0.00000e+00    5.00000e-02
      325    0    0    0       2.81250e+00    6.25000e-02   -5.00000e-02
      326    0    0    0       2.81250e+00    6.25000e-02    5.00000e-02
      327    0    0    0       2.81250e+00    1.25000e-01   -5.00000e-02
      328    0    0    0       2.81250e+00    1.25000e-01    5.00000e-02
      329    0    0    0       2.81250e+00    1.87500e-01   -5.00000e-02
      330    0    0    0       2.81250e+00    1.87500e-01    5.00000e-02
      331    0    0    0       2.81250e+00    2.50000e-01   -5.00000e-02
      332    0    0    0       2.81250e+00    2.50000e-01    5.00000e-02
      333    0    0    0       2.81250e+00    3.12500e-01   -5.00000e-02
      334    0    0    0       2.81250e+00    3.12500e-01    5.00000e-02
      335    0    0    0       2.81250e+00    3.75000e-01   -5.00000e-02
      336    0    0    0       2.81250e+00    3.75000e-01    5.00000e-02
      337    0    0    0       2.81250e+00    4.37500e-01   -5.00000e-02
      338    0    0    0       2.81250e+00    4.37500e-01    5.00000e-02
      339    0    0    0       2.81250e+00    5.00000e-01   -5.00000e-02
      340    0    0    0       2.81250e+00    5.00000e-01    5.00000e-02
      341    0    0    0       3.12500e+00   -5.00000e-01   -5.00000e-02
      342    0    0    0       3.12500e+00   -5.00000e-01    5.00000e-02
      343    0    0    0       3.12500e+00   -4.37500e-01   -5.00000e-02
      344    0    0    0       3.12500e+00   -4.37500e-01    5.00000e-02
      345    0    0    0       3.12500e+00   -3.75000e-01   -5.00000e-02
      346    0    0    0       3.12500e+00   -3.75000e-01    5.00000e-02
      347    0    0    0       3.12500e+00   -3.12500e-01   -5.00000e-02
      348    0    0    0       3.12500e+00   -3.12500e-01    5.00000e-02
      349    0    0    0       3.12500e+00   -2.50000e-01   -5.00000e-02
      350    0    0    0       3.12500e+00   -2.50000e-01    5.00000e-02
      351    0    0    0       3.12500e+00   -1.87500e-01   -5.00000e-02
      352    0    0    0       3.12500e+00   -1.87500e-01    5.00000e-02
      353    0    0    0       3.12500e+00   -1.25000e-01   -5.00000e-02
      354    0    0    0       3.12500e+00   -1.25000e-01    5.00000e-02
      355    0    0    0       3.12500e+00   -6.25000e-02   -5.00000e-02
      356    0    0    0       3.12500e+00   -6.25000e-02    5.00000e-02
      357    0    0    0       3.12500e+00    0.00000e+00   -5.00000e-02
      358    0    0    0       3.12500e+00    0.00000e+00    5.00000e-02
      359    0    0    0       3.12500e+00    6.25000e-02   -5.00000e-02
      360    0    0    0       3.12500e+00    6.25000e-02    5.00000e-02
      361    0    0    0       3.12500e+00    1.25000e-01   -5.00000e-02
      362    0    0    0       3.12500e+00    1.25000e-01    5.00000e-02
      363    0    0    0       3.12500e+00    1.87500e-01   -5.00000e-02
      364    0    0    0       3.12500e+00    1.87500e-01    5.00000e-02
      365    0    0    0       3.12500e+00    2.50000e-01   -5.00000e-02
      366    0    0    0       3.12500e+00    2.50000e-01    5.00000e-02
      367    0    0    0       3.12500e+00    3.12500e-01   -5.00000e-02
      368    0    0    0       3.12500e+00    3.12500e-01    5.00000e-02
      369    0    0    0       3.12500e+00    3.75000e-01   -5.00000e-02
      370    0    0    0       3.12500e+00    3.75000e-01    5.00000e-02
      371    0    0    0       3.12500e+00    4.37500e-01   -5.00000e-02
      372    0    0    0       3.12500e+00    4.37500e-01    5.00000e-02
      373    0    0    0       3.12500e+00    5.00000e-01   -5.00000e-02
      374    0    0    0       3.12500e+00    5.00000e-01    5.00000e-02
      375    0    0    0       3.43750e+00   -5.00000e-01   -5.00000e-02
      376    0    0    0       3.43750e+00   -5.00000e-01    5.00000e-02
      377    0    0    0       3.43750e+00   -4.37500e-01   -5.00000e-02
      378    0    0    0       3.43750e+00   -4.37500e-01    5.00000e-02
      379    0    0    0       3.43750e+00   -3.75000e-01   -5.00000e-02
      380    0    0    0       3.43750e+00   -3.75000e-01    5.00000e-02
      381    0    0    0       3.43750e+00   -3.12500e-01   -5.00000e-02
      382    0    0    0       3.43750e+00   -3.12500e-01    5.00000e-02
      383    0    0    0       3.43750e+00   -2.50000e-01   -5.00000e-02
      384    0    0    0       3.43750e+00   -2.50000e-01    5.00000e-02
      385    0    0    0       3.43750e+00   -1.87500e-01   -5.00000e-02
      386    0    0    0       3.43750e+00   -1.87500e-01    5.00000e-02
      387    0    0    0       3.43750e+00   -1.25000e-01   -5.00000e-02
      388    0    0    0       3.43750e+00   -1.25000e-01    5.00000e-02
      389    0    0    0       3.43750e+00   -6.25000e-02   -5.00000e-02
      390    0    0    0       3.43750e+00   -6.25000e-02    5.00000e-02
      391    0    0    0       3.43750e+00    0.00000e+00   -5.00000e-02
      392    0    0    0       3.43750e+00    0.00000e+00    5.00000e-02
      393    0    0    0       3.43750e+00    6.25000e-02   -5.00000e-02
      394    0    0    0       3.43750e+00    6.25000e-02    5.00000e-02
      395    0    0    0       3.43750e+00    1.25000e-01   -5.00000e-02
      396    0    0    0       3.43750e+00    1.25000e-01    5.00000e-02
      397    0    0    0       3.43750e+00    1.87500e-01   -5.00000e-02
      398    0    0    0       3.43750e+00    1.87500e-01    5.00000e-02
      399    0    0    0       3.43750e+00    2.50000e-01   -5.00000e-02
      400    0    0    0       3.43750e+00    2.50000e-01    5.00000e-02
      401    0    0    0       3.43750e+00    3.12500e-01   -5.00000e-02
      402    0    0    0       3.43750e+00    3.12500e-01    5.00000e-02
      403    0    0    0       3.43750e+00    3.75000e-01   -5.00000e-02
      404    0    0    0       3.43750e+00    3.75000e-01    5.00000e-02
      405    0    0    0       3.43750e+00    4.37500e-01   -5.00000e-02
      406    0    0    0       3.43750e+00    4.37500e-01    5.00000e-02
      407    0    0    0       3.43750e+00    5.00000e-01   -5.00000e-02
      408    0    0    0       3.43750e+00    5.00000e-01    5.00000e-02
      409    0    0    0       3.75000e+00   -5.00000e-01   -5.00000e-02
      410    0    0    0       3.75000e+00   -5.00000e-01    5.00000e-02
      411    0    0    0       3.75000e+00   -4.37500e-01   -5.00000e-02
      412    0    0    0       3.75000e+00   -4.37500e-01    5.00000e-02
      413    0    0    0       3.75000e+00   -3.75000e-01   -5.00000e-02
      414    0    0    0       3.75000e+00   -3.75000e-01    5.00000e-02
      415    0    0    0       3.75000e+00   -3.12500e-01   -5.00000e-02
      416    0    0    0       3.75000e+00   -3.12500e-01    5.00000e-02
      417    0    0    0       3.75000e+00   -2.50000e-01   -5.00000e-02
      418    0    0    0       3.75000e+00   -2.50000e-01    5.00000e-02
      419    0    0    0       3.75000e+00   -1.87500e-01   -5.00000e-02
      420    0    0    0       3.75000e+00   -1.87500e-01    5.00000e-02
      421    0    0    0       3.75000e+00   -1.25000e-01   -5.00000e-02
      422    0    0    0       3.75000e+00   -1.25000e-01    5.00000e-02
      423    0    0    0       3.75000e+00   -6.25000e-02   -5.00000e-02
      424    0    0    0       3.75000e+00   -6.25000e-02    5.00000e-02
      425    0    0    0       3.75000e+00    0.00000e+00   -5.00000e-02
      426    0    0    0       3.75000e+00    0.00000e+00    5.00000e-02
      427    0    0    0       3.75000e+00    6.25000e-02   -5.00000e-02
      428    0    0    0       3.75000e+00    6.25000e-02    5.00000e-02
      429    0    0    0       3.75000e+00    1.25000e-01   -5.00000e-02
      430    0    0    0       3.75000e+00    1.25000e-01    5.00000e-02
      431    0    0    0       3.75000e+00    1.87500e-01   -5.00000e-02
      432    0    0    0       3.75000e+00    1.87500e-01    5.00000e-02
      433    0    0    0       3.75000e+00    2.50000e-01   -5.00000e-02
      434    0    0    0       3.75000e+00    2.50000e-01    5.00000e-02
      435    0    0    0       3.75000e+00    3.12500e-01   -5.00000e-02
      436    0    0    0       3.75000e+00    3.12500e-01    5.00000e-02
      437    0    0    0       3.75000e+00    3.75000e-01   -5.00000e-02
      438    0    0    0       3.75000e+00    3.75000e-01    5.00000e-02
      439    0    0    0       3.75000e+00    4.37500e-01   -5.00000e-02
      440    0    0    0       3.75000e+00    4.37500e-01    5.00000e-02
      441    0    0    0       3.75000e+00    5.00000e-01   -5.00000e-02
      442    0    0    0       3.75000e+00    5.00000e-01    5.00000e-02
      443    0    0    0       4.06250e+00   -5.00000e-01   -5.00000e-02
      444    0    0    0       4.06250e+00   -5.00000e-01    5.00000e-02
      445    0    0    0       4.06250e+00   -4.37500e-01   -5.00000e-02
      446    0    0    0       4.06250e+00   -4.37500e-01    5.00000e-02
      447    0    0    0       4.06250e+00   -3.75000e-01   -5.00000e-02
      448    0    0    0       4.06250e+00   -3.75000e-01    5.00000e-02
      449    0    0    0       4.06250e+00   -3.12500e-01   -5.00000e-02
      450    0    0    0       4.06250e+00   -3.12500e-01    5.00000e-02
      451    0    0    0       4.06250e+00   -2.50000e-01   -5.00000e-02
      452    0    0    0       4.06250e+00   -2.50000e-01    5.00000e-02
      453    0    0    0       4.06250e+00   -1.87500e-01   -5.00000e-02
      454    0    0    0       4.06250e+00   -1.87500e-01    5.00000e-02
      455    0    0    0       4.06250e+00   -1.25000e-01   -5.00000e-02
      456    0    0    0       4.06250e+00   -1.25000e-01    5.00000e-02
      457    0    0    0       4.06250e+00   -6.25000e-02   -5.00000e-02
      458    0    0    0       4.06250e+00   -6.25000e-02    5.00000e-02
      459    0    0    0       4.06250e+00    0.00000e+00   -5.00000e-02
      460    0    0    0       4.06250e+00    0.00000e+00    5.00000e-02
      461    0    0    0       4.06250e+00    6.25000e-02   -5.00000e-02
      462    0    0    0       4.06250e+00    6.25000e-02    5.00000e-02
      463    0    0    0       4.06250e+00    1.25000e-01   -5.00000e-02
      464    0    0    0       4.06250e+00    1.25000e-01    5.00000e-02
      465    0    0    0       4.06250e+00    1.87500e-01   -5.00000e-02
      466    0    0    0       4.06250e+00    1.87500e-01    5.00000e-02
      467    0    0    0       4.06250e+00    2.50000e-01   -5.00000e-02
      468    0    0    0       4.06250e+00    2.50000e-01    5.00000e-02
      469    0    0    0       4.06250e+00    3.12500e-01   -5.00000e-02
      470    0    0    0       4.06250e+00    3.12500e-01    5.00000e-02
      471    0    0    0       4.06250e+00    3.75000e-01   -5.00000e-02
      472    0    0    0       4.06250e+00    3.75000e-01    5.00000e-02
      473    0    0    0       4.06250e+00    4.37500e-01   -5.00000e-02
      474    0    0    0       4.06250e+00    4.37500e-01    5.00000e-02
      475    0    0    0       4.06250e+00    5.00000e-01   -5.00000e-02
      476    0    0    0       4.06250e+00    5.00000e-01    5.00000e-02
      477    0    0    0       4.37500e+00   -5.00000e-01   -5.00000e-02
      478    0    0    0       4.37500e+00   -5.00000e-01    5.00000e-02
      479    0    0    0       4.37500e+00   -4.37500e-01   -5.00000e-02
      480    0    0    0       4.37500e+00   -4.37500e-01    5.00000e-02
      481    0    0    0       4.37500e+00   -3.75000e-01   -5.00000e-02
      482    0    0    0       4.37500e+00   -3.75000e-01    5.00000e-02
      483    0    0    0       4.37500e+00   -3.12500e-01   -5.00000e-02
      484    0    0    0       4.37500e+00   -3.12500e-01    5.00000e-02
      485    0    0    0       4.37500e+00   -2.50000e-01   -5.00000e-02
      486    0    0    0       4.37500e+00   -2.50000e-01    5.00000e-02
      487    0    0    0       4.37500e+00   -1.87500e-01   -5.00000e-02
      488    0    0    0       4.37500e+00   -1.87500e-01    5.00000e-02
      489    0    0    0       4.37500e+00   -1.25000e-01   -5.00000e-02
      490    0    0    0       4.37500e+00   -1.25000e-01    5.00000e-02
      491    0    0    0       4.37500e+00   -6.25000e-02   -5.00000e-02
      492    0    0    0       4.37500e+00   -6.25000e-02    5.00000e-02
      493    0    0    0       4.37500e+00    0.00000e+00   -5.00000e-02
      494    0    0    0       4.37500e+00    0.00000e+00    5.00000e-02
      495    0    0    0       4.37500e+00    6.25000e-02   -5.00000e-02
      496    0    0    0       4.37500e+00    6.25000e-02    5.00000e-02
      497    0    0    0       4.37500e+00    1.25000e-01   -5.00000e-02
      498    0    0    0       4.37500e+00    1.25000e-01    5.00000e-02
      499    0    0    0       4.37500e+00    1.87500e-01   -5.00000e-02
      500    0    0    0       4.37500e+00    1.87500e-01    5.00000e-02
      501    0    0    0       4.37500e+00    2.50000e-01   -5.00000e-02
      502    0    0    0       4.37500e+00    2.50000e-01    5.00000e-02
      503    0    0    0       4.37500e+00    3.12500e-01   -5.00000e-02
      504    0    0    0       4.37500e+00    3.12500e-01    5.00000e-02
      505    0    0    0       4.37500e+00    3.75000e-01   -5.00000e-02
      506    0    0    0       4.37500e+00    3.75000e-01    5.00000e-02
      507    0    0    0       4.37500e+00    4.37500e-01   -5.00000e-02
      508    0    0    0       4.37500e+00    4.37500e-01    5.00000e-02
      509    0    0    0       4.37500e+00    5.00000e-01   -5.00000e-02
      510    0    0    0       4.37500e+00    5.00000e-01    5.00000e-02
      511    0    0    0       4.68750e+00   -5.00000e-01   -5.00000e-02
      512    0    0    0       4.68750e+00   -5.00000e-01    5.00000e-02
      513    0    0    0       4.68750e+00   -4.37500e-01   -5.00000e-02
      514    0    0    0       4.68750e+00   -4.37500e-01    5.00000e-02
      515    0    0    0       4.68750e+00   -3.75000e-01   -5.00000e-02
      516    0    0    0       4.68750e+00   -3.75000e-01    5.00000e-02
      517    0    0    0       4.68750e+00   -3.12500e-01   -5.00000e-02
      518    0    0    0       4.68750e+00   -3.12500e-01    5.00000e-02
      519    0    0    0       4.68750e+00   -2.50000e-01   -5.00000e-02
      520    0    0    0       4.68750e+00   -2.50000e-01    5.00000e-02
      521    0    0    0       4.68750e+00   -1.87500e-01   -5.00000e-02
      522    0    0    0       4.68750e+00   -1.87500e-01    5.00000e-02
      523    0    0    0       4.68750e+00   -1.25000e-01   -5.00000e-02
      524    0    0    0       4.68750e+00   -1.25000e-01    5.00000e-02
      525    0    0    0       4.68750e+00   -6.25000e-02   -5.00000e-02
      526    0    0    0       4.68750e+00   -6.25000e-02    5.00000e-02
      527    0    0    0       4.68750e+00    0.00000e+00   -5.00000e-02
      528    0    0    0       4.68750e+00    0.00000e+00    5.00000e-02
      529    0    0    0       4.68750e+00    6.25000e-02   -5.00000e-02
      530    0    0    0       4.68750e+00    6.25000e-02    5.00000e-02
      531    0    0    0       4.68750e+00    1.25000e-01   -5.00000e-02
      532    0    0    0       4.68750e+00    1.25000e-01    5.00000e-02
      533    0    0    0       4.68750e+00    1.87500e-01   -5.00000e-02
      534    0    0    0       4.68750e+00    1.87500e-01    5.00000e-02
      535    0    0    0       4.68750e+00    2.50000e-01   -5.00000e-02
      536    0    0    0       4.68750e+00    2.50000e-01    5.00000e-02
      537    0    0    0       4.68750e+00    3.12500e-01   -5.00000e-02
      538    0    0    0       4.68750e+00    3.12500e-01    5.00000e-02
      539    0    0    0       4.68750e+00    3.75000e-01   -5.00000e-02
      540    0    0    0       4.68750e+00    3.75000e-01    5.00000e-02
      541    0    0    0       4.68750e+00    4.37500e-01   -5.00000e-02
      542    0    0    0       4.68750e+00    4.37500e-01    5.00000e-02
      543    0    0    0       4.68750e+00    5.00000e-01   -5.00000e-02
      544    0    0    0       4.68750e+00    5.00000e-01    5.00000e-02
      545    0    0    0       5.00000e+00   -5.00000e-01   -5.00000e-02
      546    0    0    0       5.00000e+00   -5.00000e-01    5.00000e-02
      547    0    0    0       5.00000e+00   -4.37500e-01   -5.00000e-02
      548    0    0    0       5.00000e+00   -4.37500e-01    5.00000e-02
      549    0    0    0       5.00000e+00   -3.75000e-01   -5.00000e-02
      550    0    0    0       5.00000e+00   -3.75000e-01    5.00000e-02
      551    0    0    0       5.00000e+00   -3.12500e-01   -5.00000e-02
      552    0    0    0       5.00000e+00   -3.12500e-01    5.00000e-02
      553    0    0    0       5.00000e+00   -2.50000e-01   -5.00000e-02
      554    0    0    0       5.00000e+00   -2.50000e-01    5.00000e-02
      555    0    0    0       5.00000e+00   -1.87500e-01   -5.00000e-02
      556    0    0    0       5.00000e+00   -1.87500e-01    5.00000e-02
      557    0    0    0       5.00000e+00   -1.25000e-01   -5.00000e-02
      558    0    0    0       5.00000e+00   -1.25000e-01    5.00000e-02
      559    0    0    0       5.00000e+00   -6.25000e-02   -5.00000e-02
      560    0    0    0       5.00000e+00   -6.25000e-02    5.00000e-02
      561    0    0    0       5.00000e+00    0.00000e+00   -5.00000e-02
      562    0    0    0       5.00000e+00    0.00000e+00    5.00000e-02
      563    0    0    0       5.00000e+00    6.25000e-02   -5.00000e-02
      564    0    0    0       5.00000e+00    6.25000e-02    5.00000e-02
      565    0    0    0       5.00000e+00    1.25000e-01   -5.00000e-02
      566    0    0    0       5.00000e+00    1.25000e-01    5.00000e-02
      567    0    0    0       5.00000e+00    1.87500e-01   -5.00000e-02
      568    0    0    0       5.00000e+00    1.87500e-01    5.00000e-02
      569    0    0    0       5.00000e+00    2.50000e-01   -5.00000e-02
      570    0    0    0       5.00000e+00    2.50000e-01    5.00000e-02
      571    0    0    0       5.00000e+00    3.12500e-01   -5.00000e-02
      572    0    0    0       5.00000e+00    3.12500e-01    5.00000e-02
      573    0    0    0       5.00000e+00    3.75000e-01   -5.00000e-02
      574    0    0    0       5.00000e+00    3.75000e-01    5.00000e-02
      575    0    0    0       5.00000e+00    4.37500e-01   -5.00000e-02
      576    0    0    0       5.00000e+00    4.37500e-01    5.00000e-02
      577    0    0    0       5.00000e+00    5.00000e-01   -5.00000e-02
      578    0    0    0       5.00000e+00    5.00000e-01    5.00000e-02
      579    0    0    0       5.31250e+00   -5.00000e-01   -5.00000e-02
      580    0    0    0       5.31250e+00   -5.00000e-01    5.00000e-02
      581    0    0    0       5.31250e+00   -4.37500e-01   -5.00000e-02
      582    0    0    0       5.31250e+00   -4.37500e-01    5.00000e-02
      583    0    0    0       5.31250e+00   -3.75000e-01   -5.00000e-02
      584    0    0    0       5.31250e+00   -3.75000e-01    5.00000e-02
      585    0    0    0       5.31250e+00   -3.12500e-01   -5.00000e-02
      586    0    0    0       5.31250e+00   -3.12500e-01    5.00000e-02
      587    0    0    0       5.31250e+00   -2.50000e-01   -5.00000e-02
      588    0    0    0       5.31250e+00   -2.50000e-01    5.00000e-02
      589    0    0    0       5.31250e+00   -1.87500e-01   -5.00000e-02
      590    0    0    0       5.31250e+00   -1.87500e-01    5.00000e-02
      591    0    0    0       5.31250e+00   -1.25000e-01   -5.00000e-02
      592    0    0    0       5.31250e+00   -1.25000e-01    5.00000e-02
      593    0    0    0       5.31250e+00   -6.25000e-02   -5.00000e-02
      594    0    0    0       5.31250e+00   -6.25000e-02    5.00000e-02
      595    0    0    0       5.31250e+00    0.00000e+00   -5.00000e-02
      596    0    0    0       5.31250e+00    0.00000e+00    5.00000e-02
      597    0    0    0       5.31250e+00    6.25000e-02   -5.00000e-02
      598    0    0    0       5.31250e+00    6.25000e-02    5.00000e-02
      599    0    0    0       5.31250e+00    1.25000e-01   -5.00000e-02
      600    0    0    0       5.31250e+00    1.25000e-01    5.00000e-02
      601    0    0    0       5.31250e+00    1.87500e-01   -5.00000e-02
      602    0    0    0       5.31250e+00    1.87500e-01    5.00000e-02
      603    0    0    0       5.31250e+00    2.50000e-01   -5.00000e-02
      604    0    0    0       5.31250e+00    2.50000e-01    5.00000e-02
      605    0    0    0       5.31250e+00    3.12500e-01   -5.00000e-02
      606    0    0    0       5.31250e+00    3.12500e-01    5.00000e-02
      607    0    0    0       5.31250e+00    3.75000e-01   -5.00000e-02
      608    0    0    0       5.31250e+00    3.75000e-01    5.00000e-02
      609    0    0    0       5.31250e+00    4.37500e-01   -5.00000e-02
      610    0    0    0       5.31250e+00    4.37500e-01    5.00000e-02
      611    0    0    0       5.31250e+00    5.00000e-01   -5.00000e-02
      612    0    0    0       5.31250e+00    5.00000e-01    5.00000e-02
      613    0    0    0       5.62500e+00   -5.00000e-01   -5.00000e-02
      614    0    0    0       5.62500e+00   -5.00000e-01    5.00000e-02
      615    0    0    0       5.62500e+00   -4.37500e-01   -5.00000e-02
      616    0    0    0       5.62500e+00   -4.37500e-01    5.00000e-02
      617    0    0    0       5.62500e+00   -3.75000e-01   -5.00000e-02
      618    0    0    0       5.62500e+00   -3.75000e-01    5.00000e-02
      619    0    0    0       5.62500e+00   -3.12500e-01   -5.00000e-02
      620    0    0    0       5.62500e+00   -3.12500e-01    5.00000e-02
      621    0    0    0       5.62500e+00   -2.50000e-01   -5.00000e-02
      622    0    0    0       5.62500e+00   -2.50000e-01    5.00000e-02
      623    0    0    0       5.62500e+00   -1.87500e-01   -5.00000e-02
      624    0    0    0       5.62500e+00   -1.87500e-01    5.00000e-02
      625    0    0    0       5.62500e+00   -1.25000e-01   -5.00000e-02
      626    0    0    0       5.62500e+00   -1.25000e-01    5.00000e-02
      627    0    0    0       5.62500e+00   -6.25000e-02   -5.00000e-02
      628    0    0    0       5.62500e+00   -6.25000e-02    5.00000e-02
      629    0    0    0       5.62500e+00    0.00000e+00   -5.00000e-02
      630    0    0    0       5.62500e+00    0.00000e+00    5.00000e-02
      631    0    0    0       5.62500e+00    6.25000e-02   -5.00000e-02
      632    0    0    0       5.62500e+00    6.25000e-02    5.00000e-02
      633    0    0    0       5.62500e+00    1.25000e-01   -5.00000e-02
      634    0    0    0       5.62500e+00    1.25000e-01    5.00000e-02
      635    0    0    0       5.62500e+00    1.87500e-01   -5.00000e-02
      636    0    0    0       5.62500e+00    1.87500e-01    5.00000e-02
      637    0    0    0       5.62500e+00    2.50000e-01   -5.00000e-02
      638    0    0    0       5.62500e+00    2.50000e-01    5.00000e-02
      639    0    0    0       5.62500e+00    3.12500e-01   -5.00000e-02
      640    0    0    0       5.62500e+00    3.12500e-01    5.00000e-02
      641    0    0    0       5.62500e+00    3.75000e-01   -5.00000e-02
      642    0    0    0       5.62500e+00    3.75000e-01    5.00000e-02
      643    0    0    0       5.62500e+00    4.37500e-01   -5.00000e-02
      644    0    0    0       5.62500e+00    4.37500e-01    5.00000e-02
      645    0    0    0       5.62500e+00    5.00000e-01   -5.00000e-02
      646    0    0    0       5.62500e+00    5.00000e-01    5.00000e-02
      647    0    0    0       5.93750e+00   -5.00000e-01   -5.00000e-02
      648    0    0    0       5.93750e+00   -5.00000e-01    5.00000e-02
      649    0    0    0       5.93750e+00   -4.37500e-01   -5.00000e-02
      650    0    0    0       5.93750e+00   -4.37500e-01    5.00000e-02
      651    0    0    0       5.93750e+00   -3.75000e-01   -5.00000e-02
      652    0    0    0       5.93750e+00   -3.75000e-01    5.00000e-02
      653    0    0    0       5.93750e+00   -3.12500e-01   -5.00000e-02
      654    0    0    0       5.93750e+00   -3.12500e-01    5.00000e-02
      655    0    0    0       5.93750e+00   -2.50000e-01   -5.00000e-02
      656    0    0    0       5.93750e+00   -2.50000e-01    5.00000e-02
      657    0    0    0       5.93750e+00   -1.87500e-01   -5.00000e-02
      658    0    0    0       5.93750e+00   -1.87500e-01    5.00000e-02
      659    0    0    0       5.93750e+00   -1.25000e-01   -5.00000e-02
      660    0    0    0       5.93750e+00   -1.25000e-01    5.00000e-02
      661    0    0    0       5.93750e+00   -6.25000e-02   -5.00000e-02
      662    0    0    0       5.93750e+00   -6.25000e-02    5.00000e-02
      663    0    0    0       5.93750e+00    0.00000e+00   -5.00000e-02
      664    0    0    0       5.93750e+00    0.00000e+00    5.00000e-02
      665    0    0    0       5.93750e+00    6.25000e-02   -5.00000e-02
      666    0    0    0       5.93750e+00    6.25000e-02    5.00000e-02
      667    0    0    0       5.93750e+00    1.25000e-01   -5.00000e-02
      668    0    0    0       5.93750e+00    1.25000e-01    5.00000e-02
      669    0    0    0       5.93750e+00    1.87500e-01   -5.00000e-02
      670    0    0    0       5.93750e+00    1.87500e-01    5.00000e-02
      671    0    0    0       5.93750e+00    2.50000e-01   -5.00000e-02
      672    0    0    0       5.93750e+00    2.50000e-01    5.00000e-02
      673    0    0    0       5.93750e+00    3.12500e-01   -5.00000e-02
      674    0    0    0       5.93750e+00    3.12500e-01    5.00000e-02
      675    0    0    0       5.93750e+00    3.75000e-01   -5.00000e-02
      676    0    0    0       5.93750e+00    3.75000e-01    5.00000e-02
      677    0    0    0       5.93750e+00    4.37500e-01   -5.00000e-02
      678    0    0    0       5.93750e+00    4.37500e-01    5.00000e-02
      679    0    0    0       5.93750e+00    5.00000e-01   -5.00000e-02
      680    0    0    0       5.93750e+00    5.00000e-01    5.00000e-02
      681    0    0    0       6.25000e+00   -5.00000e-01   -5.00000e-02
      682    0    0    0       6.25000e+00   -5.00000e-01    5.00000e-02
      683    0    0    0       6.25000e+00   -4.37500e-01   -5.00000e-02
      684    0    0    0       6.25000e+00   -4.37500e-01    5.00000e-02
      685    0    0    0       6.25000e+00   -3.75000e-01   -5.00000e-02
      686    0    0    0       6.25000e+00   -3.75000e-01    5.00000e-02
      687    0    0    0       6.25000e+00   -3.12500e-01   -5.00000e-02
      688    0    0    0       6.25000e+00   -3.12500e-01    5.00000e-02
      689    0    0    0       6.25000e+00   -2.50000e-01   -5.00000e-02
      690    0    0    0       6.25000e+00   -2.50000e-01    5.00000e-02
      691    0    0    0       6.25000e+00   -1.87500e-01   -5.00000e-02
      692    0    0    0       6.25000e+00   -1.87500e-01    5.00000e-02
      693    0    0    0       6.25000e+00   -1.25000e-01   -5.00000e-02
      694    0    0    0       6.25000e+00   -1.25000e-01    5.00000e-02
      695    0    0    0       6.25000e+00   -6.25000e-02   -5.00000e-02
      696    0    0    0       6.25000e+00   -6.25000e-02    5.00000e-02
      697    0    0    0       6.25000e+00    0.00000e+00   -5.00000e-02
      698    0    0    0       6.25000e+00    0.00000e+00    5.00000e-02
      699    0    0    0       6.25000e+00    6.25000e-02   -5.00000e-02
      700    0    0    0       6.25000e+00    6.25000e-02    5.00000e-02
      701    0    0    0       6.25000e+00    1.25000e-01   -5.00000e-02
      702    0    0    0       6.25000e+00    1.25000e-01    5.00000e-02
      703    0    0    0       6.25000e+00    1.87500e-01   -5.00000e-02
      704    0    0    0       6.25000e+00    1.87500e-01    5.00000e-02
      705    0    0    0       6.25000e+00    2.50000e-01   -5.00000e-02
      706    0    0    0       6.25000e+00    2.50000e-01    5.00000e-02
      707    0    0    0       6.25000e+00    3.12500e-01   -5.00000e-02
      708    0    0    0       6.25000e+00    3.12500e-01    5.00000e-02
      709    0    0    0       6.25000e+00    3.75000e-01   -5.00000e-02
      710    0    0    0       6.25000e+00    3.75000e-01    5.00000e-02
      711    0    0    0       6.25000e+00    4.37500e-01   -5.00000e-02
      712    0    0    0       6.25000e+00    4.37500e-01    5.00000e-02
      713    0    0    0       6.25000e+00    5.00000e-01   -5.00000e-02
      714    0    0    0       6.25000e+00    5.00000e-01    5.00000e-02
      715    0    0    0       6.56250e+00   -5.00000e-01   -5.00000e-02
      716    0    0    0       6.56250e+00   -5.00000e-01    5.00000e-02
      717    0    0    0       6.56250e+00   -4.37500e-01   -5.00000e-02
      718    0    0    0       6.56250e+00   -4.37500e-01    5.00000e-02
      719    0    0    0       6.56250e+00   -3.75000e-01   -5.00000e-02
      720    0    0    0       6.56250e+00   -3.75000e-01    5.00000e-02
      721    0    0    0       6.56250e+00   -3.12500e-01   -5.00000e-02
      722    0    0    0       6.56250e+00   -3.12500e-01    5.00000e-02
      723    0    0    0       6.56250e+00   -2.50000e-01   -5.00000e-02
      724    0    0    0       6.56250e+00   -2.50000e-01    5.00000e-02
      725    0    0    0       6.56250e+00   -1.87500e-01   -5.00000e-02
      726    0    0    0       6.56250e+00   -1.87500e-01    5.00000e-02
      727    0    0    0       6.56250e+00   -1.25000e-01   -5.00000e-02
      728    0    0    0       6.56250e+00   -1.25000e-01    5.00000e-02
      729    0    0    0       6.56250e+00   -6.25000e-02   -5.00000e-02
      730    0    0    0       6.56250e+00   -6.25000e-02    5.00000e-02
      731    0    0    0       6.56250e+00    0.00000e+00   -5.00000e-02
      732    0    0    0       6.56250e+00    0.00000e+00    5.00000e-02
      733    0    0    0       6.56250e+00    6.25000e-02   -5.00000e-02
      734    0    0    0       6.56250e+00    6.25000e-02    5.00000e-02
      735    0    0    0       6.56250e+00    1.25000e-01   -5.00000e-02
      736    0    0    0       6.56250e+00    1.25000e-01    5.00000e-02
      737    0    0    0       6.56250e+00    1.87500e-01   -5.00000e-02
      738    0    0    0       6.56250e+00    1.87500e-01    5.00000e-02
      739    0    0    0       6.56250e+00    2.50000e-01   -5.00000e-02
      740    0    0    0       6.56250e+00    2.50000e-01    5.00000e-02
      741    0    0    0       6.56250e+00    3.12500e-01   -5.00000e-02
      742    0    0    0       6.56250e+00    3.12500e-01    5.00000e-02
      743    0    0    0       6.56250e+00    3.75000e-01   -5.00000e-02
      744    0    0    0       6.56250e+00    3.75000e-01    5.00000e-02
      745    0    0    0       6.56250e+00    4.37500e-01   -5.00000e-02
      746    0    0    0       6.56250e+00    4.37500e-01    5.00000e-02
      747    0    0    0       6.56250e+00    5.00000e-01   -5.00000e-02
      748    0    0    0       6.56250e+00    5.00000e-01    5.00000e-02
      749    0    0    0       6.87500e+00   -5.00000e-01   -5.00000e-02
      750    0    0    0       6.87500e+00   -5.00000e-01    5.00000e-02
      751    0    0    0       6.87500e+00   -4.37500e-01   -5.00000e-02
      752    0    0    0       6.87500e+00   -4.37500e-01    5.00000e-02
      753    0    0    0       6.87500e+00   -3.75000e-01   -5.00000e-02
      754    0    0    0       6.87500e+00   -3.75000e-01    5.00000e-02
      755    0    0    0       6.87500e+00   -3.12500e-01   -5.00000e-02
      756    0    0    0       6.87500e+00   -3.12500e-01    5.00000e-02
      757    0    0    0       6.87500e+00   -2.50000e-01   -5.00000e-02
      758    0    0    0       6.87500e+00   -2.50000e-01    5.00000e-02
      759    0    0    0       6.87500e+00   -1.87500e-01   -5.00000e-02
      760    0    0    0       6.87500e+00   -1.87500e-01    5.00000e-02
      761    0    0    0       6.87500e+00   -1.25000e-01   -5.00000e-02
      762    0    0    0       6.87500e+00   -1.25000e-01    5.00000e-02
      763    0    0    0       6.87500e+00   -6.25000e-02   -5.00000e-02
      764    0    0    0       6.87500e+00   -6.25000e-02    5.00000e-02
      765    0    0    0       6.87500e+00    0.00000e+00   -5.00000e-02
      766    0    0    0       6.87500e+00    0.00000e+00    5.00000e-02
      767    0    0    0       6.87500e+00    6.25000e-02   -5.00000e-02
      768    0    0    0       6.87500e+00    6.25000e-02    5.00000e-02
      769    0    0    0       6.87500e+00    1.25000e-01   -5.00000e-02
      770    0    0    0       6.87500e+00    1.25000e-01    5.00000e-02
      771    0    0    0       6.87500e+00    1.87500e-01   -5.00000e-02
      772    0    0    0       6.87500e+00    1.87500e-01    5.00000e-02
      773    0    0    0       6.87500e+00    2.50000e-01   -5.00000e-02
      774    0    0    0       6.87500e+00    2.50000e-01    5.00000e-02
      775    0    0    0       6.87500e+00    3.12500e-01   -5.00000e-02
      776    0    0    0       6.87500e+00    3.12500e-01    5.00000e-02
      777    0    0    0       6.87500e+00    3.75000e-01   -5.00000e-02
      778    0    0    0       6.87500e+00    3.75000e-01    5.00000e-02
      779    0    0    0       6.87500e+00    4.37500e-01   -5.00000e-02
      780    0    0    0       6.87500e+00    4.37500e-01    5.00000e-02
      781    0    0    0       6.87500e+00    5.00000e-01   -5.00000e-02
      782    0    0    0       6.87500e+00    5.00000e-01    5.00000e-02
      783    0    0    0       7.18750e+00   -5.00000e-01   -5.00000e-02
      784    0    0    0       7.18750e+00   -5.00000e-01    5.00000e-02
      785    0    0    0       7.18750e+00   -4.37500e-01   -5.00000e-02
      786    0    0    0       7.18750e+00   -4.37500e-01    5.00000e-02
      787    0    0    0       7.18750e+00   -3.75000e-01   -5.00000e-02
      788    0    0    0       7.18750e+00   -3.75000e-01    5.00000e-02
      789    0    0    0       7.18750e+00   -3.12500e-01   -5.00000e-02
      790    0    0    0       7.18750e+00   -3.12500e-01    5.00000e-02
      791    0    0    0       7.18750e+00   -2.50000e-01   -5.00000e-02
      792    0    0    0       7.18750e+00   -2.50000e-01    5.00000e-02
      793    0    0    0       7.18750e+00   -1.87500e-01   -5.00000e-02
      794    0    0    0       7.18750e+00   -1.87500e-01    5.00000e-02
      795    0    0    0       7.18750e+00   -1.25000e-01   -5.00000e-02
      796    0    0    0       7.18750e+00   -1.25000e-01    5.00000e-02
      797    0    0    0       7.18750e+00   -6.25000e-02   -5.00000e-02
      798    0    0    0       7.18750e+00   -6.25000e-02    5.00000e-02
      799    0    0    0       7.18750e+00    0.00000e+00   -5.00000e-02
      800    0    0    0       7.18750e+00    0.00000e+00    5.00000e-02
      801    0    0    0       7.18750e+00    6.25000e-02   -5.00000e-02
      802    0    0    0       7.18750e+00    6.25000e-02    5.00000e-02
      803    0    0    0       7.18750e+00    1.25000e-01   -5.00000e-02
      804    0    0    0       7.18750e+00    1.25000e-01    5.00000e-02
      805    0    0    0       7.18750e+00    1.87500e-01   -5.00000e-02
      806    0    0    0       7.18750e+00    1.87500e-01    5.00000e-02
      807    0    0    0       7.18750e+00    2.50000e-01   -5.00000e-02
      808    0    0    0       7.18750e+00    2.50000e-01    5.00000e-02
      809    0    0    0       7.18750e+00    3.12500e-01   -5.00000e-02
      810    0    0    0       7.18750e+00    3.12500e-01    5.00000e-02
      811    0    0    0       7.18750e+00    3.75000e-01   -5.00000e-02
      812    0    0    0       7.18750e+00    3.75000e-01    5.00000e-02
      813    0    0    0       7.18750e+00    4.37500e-01   -5.00000e-02
      814    0    0    0       7.18750e+00    4.37500e-01    5.00000e-02
      815    0    0    0       7.18750e+00    5.00000e-01   -5.00000e-02
      816    0    0    0       7.18750e+00    5.00000e-01    5.00000e-02
      817    0    0    0       7.50000e+00   -5.00000e-01   -5.00000e-02
      818    0    0    0       7.50000e+00   -5.00000e-01    5.00000e-02
      819    0    0    0       7.50000e+00   -4.37500e-01   -5.00000e-02
      820    0    0    0       7.50000e+00   -4.37500e-01    5.00000e-02
      821    0    0    0       7.50000e+00   -3.75000e-01   -5.00000e-02
      822    0    0    0       7.50000e+00   -3.75000e-01    5.00000e-02
      823    0    0    0       7.50000e+00   -3.12500e-01   -5.00000e-02
      824    0    0    0       7.50000e+00   -3.12500e-01    5.00000e-02
      825    0    0    0       7.50000e+00   -2.50000e-01   -5.00000e-02
      826    0    0    0       7.50000e+00   -2.50000e-01    5.00000e-02
      827    0    0    0       7.50000e+00   -1.87500e-01   -5.00000e-02
      828    0    0    0       7.50000e+00   -1.87500e-01    5.00000e-02
      829    0    0    0       7.50000e+00   -1.25000e-01   -5.00000e-02
      830    0    0    0       7.50000e+00   -1.25000e-01    5.00000e-02
      831    0    0    0       7.50000e+00   -6.25000e-02   -5.00000e-02
      832    0    0    0       7.50000e+00   -6.25000e-02    5.00000e-02
      833    0    0    0       7.50000e+00    0.00000e+00   -5.00000e-02
      834    0    0    0       7.50000e+00    0.00000e+00    5.00000e-02
      835    0    0    0       7.50000e+00    6.25000e-02   -5.00000e-02
      836    0    0    0       7.50000e+00    6.25000e-02    5.00000e-02
      837    0    0    0       7.50000e+00    1.25000e-01   -5.00000e-02
      838    0    0    0       7.50000e+00    1.25000e-01    5.00000e-02
      839    0    0    0       7.50000e+00    1.87500e-01   -5.00000e-02
      840    0    0    0       7.50000e+00    1.87500e-01    5.00000e-02
      841    0    0    0       7.50000e+00    2.50000e-01   -5.00000e-02
      842    0    0    0       7.50000e+00    2.50000e-01    5.00000e-02
      843    0    0    0       7.50000e+00    3.12500e-01   -5.00000e-02
      844    0    0    0       7.50000e+00    3.12500e-01    5.00000e-02
      845    0    0    0       7.50000e+00    3.75000e-01   -5.00000e-02
      846    0    0    0       7.50000e+00    3.75000e-01    5.00000e-02
      847    0    0    0       7.50000e+00    4.37500e-01   -5.00000e-02
      848    0    0    0       7.50000e+00    4.37500e-01    5.00000e-02
      849    0    0    0       7.50000e+00    5.00000e-01   -5.00000e-02
      850    0    0    0       7.50000e+00    5.00000e-01    5.00000e-02
      851    0    0    0       7.81250e+00   -5.00000e-01   -5.00000e-02
      852    0    0    0       7.81250e+00   -5.00000e-01    5.00000e-02
      853    0    0    0       7.81250e+00   -4.37500e-01   -5.00000e-02
      854    0    0    0       7.81250e+00   -4.37500e-01    5.00000e-02
      855    0    0    0       7.81250e+00   -3.75000e-01   -5.00000e-02
      856    0    0    0       7.81250e+00   -3.75000e-01    5.00000e-02
      857    0    0    0       7.81250e+00   -3.12500e-01   -5.00000e-02
      858    0    0    0       7.81250e+00   -3.12500e-01    5.00000e-02
      859    0    0    0       7.81250e+00   -2.50000e-01   -5.00000e-02
      860    0    0    0       7.81250e+00   -2.50000e-01    5.00000e-02
      861    0    0    0       7.81250e+00   -1.87500e-01   -5.00000e-02
      862    0    0    0       7.81250e+00   -1.87500e-01    5.00000e-02
      863    0    0    0       7.81250e+00   -1.25000e-01   -5.00000e-02
      864    0    0    0       7.81250e+00   -1.25000e-01    5.00000e-02
      865    0    0    0       7.81250e+00   -6.25000e-02   -5.00000e-02
      866    0    0    0       7.81250e+00   -6.25000e-02    5.00000e-02
      867    0    0    0       7.81250e+00    0.00000e+00   -5.00000e-02
      868    0    0    0       7.81250e+00    0.00000e+00    5.00000e-02
      869    0    0    0       7.81250e+00    6.25000e-02   -5.00000e-02
      870    0    0    0       7.81250e+00    6.25000e-02    5.00000e-02
      871    0    0    0       7.81250e+00    1.25000e-01   -5.00000e-02
      872    0    0    0       7.81250e+00    1.25000e-01    5.00000e-02
      873    0    0    0       7.81250e+00    1.87500e-01   -5.00000e-02
      874    0    0    0       7.81250e+00    1.87500e-01    5.00000e-02
      875    0    0    0       7.81250e+00    2.50000e-01   -5.00000e-02
      876    0    0    0       7.81250e+00    2.50000e-01    5.00000e-02
      877    0    0    0       7.81250e+00    3.12500e-01   -5.00000e-02
      878    0    0    0       7.81250e+00    3.12500e-01    5.00000e-02
      879    0    0    0       7.81250e+00    3.75000e-01   -5.00000e-02
      880    0    0    0       7.81250e+00    3.75000e-01    5.00000e-02
      881    0    0    0       7.81250e+00    4.37500e-01   -5.00000e-02
      882    0    0    0       7.81250e+00    4.37500e-01    5.00000e-02
      883    0    0    0       7.81250e+00    5.00000e-01   -5.00000e-02
      884    0    0    0       7.81250e+00    5.00000e-01    5.00000e-02
      885    0    0    0       8.12500e+00   -5.00000e-01   -5.00000e-02
      886    0    0    0       8.12500e+00   -5.00000e-01    5.00000e-02
      887    0    0    0       8.12500e+00   -4.37500e-01   -5.00000e-02
      888    0    0    0       8.12500e+00   -4.37500e-01    5.00000e-02
      889    0    0    0       8.12500e+00   -3.75000e-01   -5.00000e-02
      890    0    0    0       8.12500e+00   -3.75000e-01    5.00000e-02
      891    0    0    0       8.12500e+00   -3.12500e-01   -5.00000e-02
      892    0    0    0       8.12500e+00   -3.12500e-01    5.00000e-02
      893    0    0    0       8.12500e+00   -2.50000e-01   -5.00000e-02
      894    0    0    0       8.12500e+00   -2.50000e-01    5.00000e-02
      895    0    0    0       8.12500e+00   -1.87500e-01   -5.00000e-02
      896    0    0    0       8.12500e+00   -1.87500e-01    5.00000e-02
      897    0    0    0       8.12500e+00   -1.25000e-01   -5.00000e-02
      898    0    0    0       8.12500e+00   -1.25000e-01    5.00000e-02
      899    0    0    0       8.12500e+00   -6.25000e-02   -5.00000e-02
      900    0    0    0       8.12500e+00   -6.25000e-02    5.00000e-02
      901    0    0    0       8.12500e+00    0.00000e+00   -5.00000e-02
      902    0    0    0       8.12500e+00    0.00000e+00    5.00000e-02
      903    0    0    0       8.12500e+00    6.25000e-02   -5.00000e-02
      904    0    0    0       8.12500e+00    6.25000e-02    5.00000e-02
      905    0    0    0       8.12500e+00    1.25000e-01   -5.00000e-02
      906    0    0    0       8.12500e+00    1.25000e-01    5.00000e-02
      907    0    0    0       8.12500e+00    1.87500e-01   -5.00000e-02
      908    0    0    0       8.12500e+00    1.87500e-01    5.00000e-02
      909    0    0    0       8.12500e+00    2.50000e-01   -5.00000e-02
      910    0    0    0       8.12500e+00    2.50000e-01    5.00000e-02
      911    0    0    0       8.12500e+00    3.12500e-01   -5.00000e-02
      912    0    0    0       8.12500e+00    3.12500e-01    5.00000e-02
      913    0    0    0       8.12500e+00    3.75000e-01   -5.00000e-02
      914    0    0    0       8.12500e+00    3.75000e-01    5.00000e-02
      915    0    0    0       8.12500e+00    4.37500e-01   -5.00000e-02
      916    0    0    0       8.12500e+00    4.37500e-01    5.00000e-02
      917    0    0    0       8.12500e+00    5.00000e-01   -5.00000e-02
      918    0    0    0       8.12500e+00    5.00000e-01    5.00000e-02
      919    0    0    0       8.43750e+00   -5.00000e-01   -5.00000e-02
      920    0    0    0       8.43750e+00   -5.00000e-01    5.00000e-02
      921    0    0    0       8.43750e+00   -4.37500e-01   -5.00000e-02
      922    0    0    0       8.43750e+00   -4.37500e-01    5.00000e-02
      923    0    0    0       8.43750e+00   -3.75000e-01   -5.00000e-02
      924    0    0    0       8.43750e+00   -3.75000e-01    5.00000e-02
      925    0    0    0       8.43750e+00   -3.12500e-01   -5.00000e-02
      926    0    0    0       8.43750e+00   -3.12500e-01    5.00000e-02
      927    0    0    0       8.43750e+00   -2.50000e-01   -5.00000e-02
      928    0    0    0       8.43750e+00   -2.50000e-01    5.00000e-02
      929    0    0    0       8.43750e+00   -1.87500e-01   -5.00000e-02
      930    0    0    0       8.43750e+00   -1.87500e-01    5.00000e-02
      931    0    0    0       8.43750e+00   -1.25000e-01   -5.00000e-02
      932    0    0    0       8.43750e+00   -1.25000e-01    5.00000e-02
      933    0    0    0       8.43750e+00   -6.25000e-02   -5.00000e-02
      934    0    0    0       8.43750e+00   -6.25000e-02    5.00000e-02
      935    0    0    0       8.43750e+00    0.00000e+00   -5.00000e-02
      936    0    0    0       8.43750e+00    0.00000e+00    5.00000e-02
      937    0    0    0       8.43750e+00    6.25000e-02   -5.00000e-02
      938    0    0    0       8.43750e+00    6.25000e-02    5.00000e-02
      939    0    0    0       8.43750e+00    1.25000e-01   -5.00000e-02
      940    0    0    0       8.43750e+00    1.25000e-01    5.00000e-02
      941    0    0    0       8.43750e+00    1.87500e-01   -5.00000e-02
      942    0    0    0       8.43750e+00    1.87500e-01    5.00000e-02
      943    0    0    0       8.43750e+00    2.50000e-01   -5.00000e-02
      944    0    0    0       8.43750e+00    2.50000e-01    5.00000e-02
      945    0    0    0       8.43750e+00    3.12500e-01   -5.00000e-02
      946    0    0    0       8.43750e+00    3.12500e-01    5.00000e-02
      947    0    0    0       8.43750e+00    3.75000e-01   -5.00000e-02
      948    0    0    0       8.43750e+00    3.75000e-01    5.00000e-02
      949    0    0    0       8.43750e+00    4.37500e-01   -5.00000e-02
      950    0    0    0       8.43750e+00    4.37500e-01    5.00000e-02
      951    0    0    0       8.43750e+00    5.00000e-01   -5.00000e-02
      952    0    0    0       8.43750e+00    5.00000e-01    5.00000e-02
      953    0    0    0       8.75000e+00   -5.00000e-01   -5.00000e-02
      954    0    0    0       8.75000e+00   -5.00000e-01    5.00000e-02
      955    0    0    0       8.75000e+00   -4.37500e-01   -5.00000e-02
      956    0    0    0       8.75000e+00   -4.37500e-01    5.00000e-02
      957    0    0    0       8.75000e+00   -3.75000e-01   -5.00000e-02
      958    0    0    0       8.75000e+00   -3.75000e-01    5.00000e-02
      959    0    0    0       8.75000e+00   -3.12500e-01   -5.00000e-02
      960    0    0    0       8.75000e+00   -3.12500e-01    5.00000e-02
      961    0    0    0       8.75000e+00   -2.50000e-01   -5.00000e-02
      962    0    0    0       8.75000e+00   -2.50000e-01    5.00000e-02
      963    0    0    0       8.75000e+00   -1.87500e-01   -5.00000e-02
      964    0    0    0       8.75000e+00   -1.87500e-01    5.00000e-02
      965    0    0    0       8.75000e+00   -1.25000e-01   -5.00000e-02
      966    0    0    0       8.75000e+00   -1.25000e-01    5.00000e-02
      967    0    0    0       8.75000e+00   -6.25000e-02   -5.00000e-02
      968    0    0    0       8.75000e+00   -6.25000e-02    5.00000e-02
      969    0    0    0       8.75000e+00    0.00000e+00   -5.00000e-02
      970    0    0    0       8.75000e+00    0.00000e+00    5.00000e-02
      971    0    0    0       8.75000e+00    6.25000e-02   -5.00000e-02
      972    0    0    0       8.75000e+00    6.25000e-02    5.00000e-02
      973    0    0    0       8.75000e+00    1.25000e-01   -5.00000e-02
      974    0    0    0       8.75000e+00    1.25000e-01    5.00000e-02
      975    0    0    0       8.75000e+00    1.87500e-01   -5.00000e-02
      976    0    0    0       8.75000e+00    1.87500e-01    5.00000e-02
      977    0    0    0       8.75000e+00    2.50000e-01   -5.00000e-02
      978    0    0    0       8.75000e+00    2.50000e-01    5.00000e-02
      979    0    0    0       8.75000e+00    3.12500e-01   -5.00000e-02
      980    0    0    0       8.75000e+00    3.12500e-01    5.00000e-02
      981    0    0    0       8.75000e+00    3.75000e-01   -5.00000e-02
      982    0    0    0       8.75000e+00    3.75000e-01    5.00000e-02
      983    0    0    0       8.75000e+00    4.37500e-01   -5.00000e-02
      984    0    0    0       8.75000e+00    4.37500e-01    5.00000e-02
      985    0    0    0       8.75000e+00    5.00000e-01   -5.00000e-02
      986    0    0    0       8.75000e+00    5.00000e-01    5.00000e-02
      987    0    0    0       9.06250e+00   -5.00000e-01   -5.00000e-02
      988    0    0    0       9.06250e+00   -5.00000e-01    5.00000e-02
      989    0    0    0       9.06250e+00   -4.37500e-01   -5.00000e-02
      990    0    0    0       9.06250e+00   -4.37500e-01    5.00000e-02
      991    0    0    0       9.06250e+00   -3.75000e-01   -5.00000e-02
      992    0    0    0       9.06250e+00   -3.75000e-01    5.00000e-02
      993    0    0    0       9.06250e+00   -3.12500e-01   -5.00000e-02
      994    0    0    0       9.06250e+00   -3.12500e-01    5.00000e-02
      995    0    0    0       9.06250e+00   -2.50000e-01   -5.00000e-02
      996    0    0    0       9.06250e+00   -2.50000e-01    5.00000e-02
      997    0    0    0       9.06250e+00   -1.87500e-01   -5.00000e-02
      998    0    0    0       9.06250e+00   -1.87500e-01    5.00000e-02
      999    0    0    0       9.06250e+00   -1.25000e-01   -5.00000e-02
     1000    0    0    0       9.06250e+00   -1.25000e-01    5.00000e-02
     1001    0    0    0       9.06250e+00   -6.25000e-02   -5.00000e-02
     1002    0    0    0       9.06250e+00   -6.25000e-02    5.00000e-02
     1003    0    0    0       9.06250e+00    0.00000e+00   -5.00000e-02
     1004    0    0    0       9.06250e+00    0.00000e+00    5.00000e-02
     1005    0    0    0       9.06250e+00    6.25000e-02   -5.00000e-02
     1006    0    0    0       9.06250e+00    6.25000e-02    5.00000e-02
     1007    0    0    0       9.06250e+00    1.25000e-01   -5.00000e-02
     1008    0    0    0       9.06250e+00    1.25000e-01    5.00000e-02
     1009    0    0    0       9.06250e+00    1.87500e-01   -5.00000e-02
     1010    0    0    0       9.06250e+00    1.87500e-01    5.00000e-02
     1011    0    0    0       9.06250e+00    2.50000e-01   -5.00000e-02
     1012    0    0    0       9.06250e+00    2.50000e-01    5.00000e-02
     1013    0    0    0       9.06250e+00    3.12500e-01   -5.00000e-02
     1014    0    0    0       9.06250e+00    3.12500e-01    5.00000e-02
     1015    0    0    0       9.06250e+00    3.75000e-01   -5.00000e-02
     1016    0    0    0       9.06250e+00    3.75000e-01    5.00000e-02
     1017    0    0    0       9.06250e+00    4.37500e-01   -5.00000e-02
     1018    0    0    0       9.06250e+00    4.37500e-01    5.00000e-02
     1019    0    0    0       9.06250e+00    5.00000e-01   -5.00000e-02
     1020    0    0    0       9.06250e+00    5.00000e-01    5.00000e-02
     1021    0    0    0       9.37500e+00   -5.00000e-01   -5.00000e-02
     1022    0    0    0       9.37500e+00   -5.00000e-01    5.00000e-02
     1023    0    0    0       9.37500e+00   -4.37500e-01   -5.00000e-02
     1024    0    0    0       9.37500e+00   -4.37500e-01    5.00000e-02
     1025    0    0    0       9.37500e+00   -3.75000e-01   -5.00000e-02
     1026    0    0    0       9.37500e+00   -3.75000e-01    5.00000e-02
     1027    0    0    0       9.37500e+00   -3.12500e-01   -5.00000e-02
     1028    0    0    0       9.37500e+00   -3.12500e-01    5.00000e-02
     1029    0    0    0       9.37500e+00   -2.50000e-01   -5.00000e-02
     1030    0    0    0       9.37500e+00   -2.50000e-01    5.00000e-02
     1031    0    0    0       9.37500e+00   -1.87500e-01   -5.00000e-02
     1032    0    0    0       9.37500e+00   -1.87500e-01    5.00000e-02
     1033    0    0    0       9.37500e+00   -1.25000e-01   -5.00000e-02
     1034    0    0    0       9.37500e+00   -1.25000e-01    5.00000e-02
     1035    0    0    0       9.37500e+00   -6.25000e-02   -5.00000e-02
     1036    0    0    0       9.37500e+00   -6.25000e-02    5.00000e-02
     1037    0    0    0       9.37500e+00    0.00000e+00   -5.00000e-02
     1038    0    0    0       9.37500e+00    0.00000e+00    5.00000e-02
     1039    0    0    0       9.37500e+00    6.25000e-02   -5.00000e-02
     1040    0    0    0       9.37500e+00    6.25000e-02    5.00000e-02
     1041    0    0    0       9.37500e+00    1.25000e-01   -5.00000e-02
     1042    0    0    0       9.37500e+00    1.25000e-01    5.00000e-02
     1043    0    0    0       9.37500e+00    1.87500e-01   -5.00000e-02
     1044    0    0    0       9.37500e+00    1.87500e-01    5.00000e-02
     1045    0    0    0       9.37500e+00    2.50000e-01   -5.00000e-02
     1046    0    0    0       9.37500e+00    2.50000e-01    5.00000e-02
     1047    0    0    0       9.37500e+00    3.12500e-01   -5.00000e-02
     1048    0    0    0       9.37500e+00    3.12500e-01    5.00000e-02
     1049    0    0    0       9.37500e+00    3.75000e-01   -5.00000e-02
     1050    0    0    0       9.37500e+00    3.75000e-01    5.00000e-02
     1051    0    0    0       9.37500e+00    4.37500e-01   -5.00000e-02
     1052    0    0    0       9.37500e+00    4.37500e-01    5.00000e-02
     1053    0    0    0       9.37500e+00    5.00000e-01   -5.00000e-02
     1054    0    0    0       9.37500e+00    5.00000e-01    5.00000e-02
     1055    0    0    0       9.68750e+00   -5.00000e-01   -5.00000e-02
     1056    0    0    0       9.68750e+00   -5.00000e-01    5.00000e-02
     1057    0    0    0       9.68750e+00   -4.37500e-01   -5.00000e-02
     1058    0    0    0       9.68750e+00   -4.37500e-01    5.00000e-02
     1059    0    0    0       9.68750e+00   -3.75000e-01   -5.00000e-02
     1060    0    0    0       9.68750e+00   -3.75000e-01    5.00000e-02
     1061    0    0    0       9.68750e+00   -3.12500e-01   -5.00000e-02
     1062    0    0    0       9.68750e+00   -3.12500e-01    5.00000e-02
     1063    0    0    0       9.68750e+00   -2.50000e-01   -5.00000e-02
     1064    0    0    0       9.68750e+00   -2.50000e-01    5.00000e-02
     1065    0    0    0       9.68750e+00   -1.87500e-01   -5.00000e-02
     1066    0    0    0       9.68750e+00   -1.87500e-01    5.00000e-02
     1067    0    0    0       9.68750e+00   -1.25000e-01   -5.00000e-02
     1068    0    0    0       9.68750e+00   -1.25000e-01    5.00000e-02
     1069    0    0    0       9.68750e+00   -6.25000e-02   -5.00000e-02
     1070    0    0    0       9.68750e+00   -6.25000e-02    5.00000e-02
     1071    0    0    0       9.68750e+00    0.00000e+00   -5.00000e-02
     1072    0    0    0       9.68750e+00    0.00000e+00    5.00000e-02
     1073    0    0    0       9.68750e+00    6.25000e-02   -5.00000e-02
     1074    0    0    0       9.68750e+00    6.25000e-02    5.00000e-02
     1075    0    0    0       9.68750e+00    1.25000e-01   -5.00000e-02
     1076    0    0    0       9.68750e+00    1.25000e-01    5.00000e-02
     1077    0    0    0       9.68750e+00    1.87500e-01   -5.00000e-02
     1078    0    0    0       9.68750e+00    1.87500e-01    5.00000e-02
     1079    0    0    0       9.68750e+00    2.50000e-01   -5.00000e-02
     1080    0    0    0       9.68750e+00    2.50000e-01    5.00000e-02
     1081    0    0    0       9.68750e+00    3.12500e-01   -5.00000e-02
     1082    0    0    0       9.68750e+00    3.12500e-01    5.00000e-02
     1083    0    0    0       9.68750e+00    3.75000e-01   -5.00000e-02
     1084    0    0    0       9.68750e+00    3.75000e-01    5.00000e-02
     1085    0    0    0       9.68750e+00    4.37500e-01   -5.00000e-02
     1086    0    0    0       9.68750e+00    4.37500e-01    5.00000e-02
     1087    0    0    0       9.68750e+00    5.00000e-01   -5.00000e-02
     1088    0    0    0       9.68750e+00    5.00000e-01    5.00000e-02
     1089    0    0    0       1.00000e+01   -5.00000e-01   -5.00000e-02
     1090    0    0    0       1.00000e+01   -5.00000e-01    5.00000e-02
     1091    0    0    0       1.00000e+01   -4.37500e-01   -5.00000e-02
     1092    0    0    0       1.00000e+01   -4.37500e-01    5.00000e-02
     1093    0    0    0       1.00000e+01   -3.75000e-01   -5.00000e-02
     1094    0    0    0       1.00000e+01   -3.75000e-01    5.00000e-02
     1095    0    0    0       1.00000e+01   -3.12500e-01   -5.00000e-02
     1096    0    0    0       1.00000e+01   -3.12500e-01    5.00000e-02
     1097    0    0    0       1.00000e+01   -2.50000e-01   -5.00000e-02
     1098    0    0    0       1.00000e+01   -2.50000e-01    5.00000e-02
     1099    0    0    0       1.00000e+01   -1.87500e-01   -5.00000e-02
     1100    0    0    0       1.00000e+01   -1.87500e-01    5.00000e-02
     1101    0    0    0       1.00000e+01   -1.25000e-01   -5.00000e-02
     1102    0    0    0       1.00000e+01   -1.25000e-01    5.00000e-02
     1103    0    0    0       1.00000e+01   -6.25000e-02   -5.00000e-02
     1104    0    0    0       1.00000e+01   -6.25000e-02    5.00000e-02
     1105    0    0    0       1.00000e+01    0.00000e+00   -5.00000e-02
     1106    0    0    0       1.00000e+01    0.00000e+00    5.00000e-02
     1107    0    0    0       1.00000e+01    6.25000e-02   -5.00000e-02
     1108    0    0    0       1.00000e+01    6.25000e-02    5.00000e-02
     1109    0    0    0       1.00000e+01    1.25000e-01   -5.00000e-02
     1110    0    0    0       1.00000e+01    1.25000e-01    5.00000e-02
     1111    0    0    0       1.00000e+01    1.87500e-01   -5.00000e-02
     1112    0    0    0       1.00000e+01    1.87500e-01    5.00000e-02
     1113    0    0    0       1.00000e+01    2.50000e-01   -5.00000e-02
     1114    0    0    0       1.00000e+01    2.50000e-01    5.00000e-02
     1115    0    0    0       1.00000e+01    3.12500e-01   -5.00000e-02
     1116    0    0    0       1.00000e+01    3.12500e-01    5.00000e-02
     1117    0    0    0       1.00000e+01    3.75000e-01   -5.00000e-02
     1118    0    0    0       1.00000e+01    3.75000e-01    5.00000e-02
     1119    0    0    0       1.00000e+01    4.37500e-01   -5.00000e-02
     1120    0    0    0       1.00000e+01    4.37500e-01    5.00000e-02
     1121    0    0    0       1.00000e+01    5.00000e-01   -5.00000e-02
     1122    0    0    0       1.00000e+01    5.00000e-01    5.00000e-02

 EQUATION NUMBERS

   NODE NUMBER   DEGREES OF FREEDOM
        N           X    Y    Z
        1           0    0    0
        2           0    0    0
        3           0    0    0
        4           0    0    0
        5           0    0    0
        6           0    0    0
        7           0    0    0
        8           0    0    0
        9           0    0    0
       10           0    0    0
       11           0    0    0
       12           0    0    0
       13           0    0    0
       14           0    0    0
       15           0    0    0
       16           0    0    0
       17           0    0    0
       18           0    0    0
       19           0    0    0
       20           0    0    0
       21           0    0    0
       22           0    0    0
       23           0    0    0
       24           0    0    0
       25           0    0    0
       26           0    0    0
       27           0    0    0
       28           0    0    0
       29           0    0    0
       30           0    0    0
       31           0    0    0
       32           0    0    0
       33           0    0    0
       34           0    0    0
       35           1    2    3
       36           4    5    6
       37           7    8    9
       38          10   11   12
       39          13   14   15
       40          16   17   18
       41          19   20   21
       42          22   23   24
       43          25   26   27
       44          28   29   30
       45          31   32   33
       46          34   35   36
       47          37   38   39
       48          40   41   42
       49          43   44   45
       50          46   47   48
       51          49   50   51
       52          52   53   54
       53          55   56   57
       54          58   59   60
       55          61   62   63
       56          64   65   66
       57          67   68   69
       58          70   71   72
       59          73   74   75
       60          76   77   78
       61          79   80   81
       62          82   83   84
       63          85   86   87
       64          88   89   90
       65          91   92   93
       66          94   95   96
       67          97   98   99
       68         100  101  102
       69         103  104  105
       70         106  107  108
       71         109  110  111
       72         112  113  114
       73         115  116  117
       74         118  119  120
       75         121  122  123
       76         124  125  126
       77         127  128  129
       78         130  131  132
       79         133  134  135
       80         136  137  138
       81         139  140  141
       82         142  143  144
       83         145  146  147
       84         148  149  150
       85         151  152  153
       86         154  155  156
       87         157  158  159
       88         160  161  162
       89         163  164  165
       90         166  167  168
       91         169  170  171
       92         172  173  174
       93         175  176  177
       94         178  179  180
       95         181  182  183
       96         184  185  186
       97         187  188  189
       98         190  191  192
       99         193  194  195
      100         196  197  198
      101         199  200  201
      102         202  203  204
      103         205  206  207
      104         208  209  210
      105         211  212  213
      106         214  215  216
      107         217  218  219
      108         220  221  222
      109         223  224  225
      110         226  227  228
      111         229  230  231
      112         232  233  234
      113         235  236  237
      114         238  239  240
      115         241  242  243
      116         244  245  246
      117         247  248  249
      118         250  251  252
      119         253  254  255
      120         256  257  258
      121         259  260  261
      122         262  263  264
      123         265  266  267
      124         268  269  270
      125         271  272  273
      126         274  275  276
      127         277  278  279
      128         280  281  282
      129         283  284  285
      130         286  287  288
      131         289  290  291
      132         292  293  294
      133         295  296  297
      134         298  299  300
      135         301  302  303
      136         304  305  306
      137         307  308  309
      138         310  311  312
      139         313  314  315
      140         316  317  318
      141         319  320  321
      142         322  323  324
      143         325  326  327
      144         328  329  330
      145         331  332  333
      146         334  335  336
      147         337  338  339
      148         340  341  342
      149         343  344  345
      150         346  347  348
      151         349  350  351
      152         352  353  354
      153         355  356  357
      154         358  359  360
      155         361  362  363
      156         364  365  366
      157         367  368  369
      158         370  371  372
      159         373  374  375
      160         376  377  378
      161         379  380  381
      162         382  383  384
      163         385  386  387
      164         388  389  390
      165         391  392  393
      166         394  395  396
      167         397  398  399
      168         400  401  402
      169         403  404  405
      170         406  407  408
      171         409  410  411
      172         412  413  414
      173         415  416  417
      174         418  419  420
      175         421  422  423
      176         424  425  426
      177         427  428  429
      178         430  431  432
      179         433  434  435
      180         436  437  438
      181         439  440  441
      182         442  443  444
      183         445  446  447
      184         448  449  450
      185         451  452  453
      186         454  455  456
      187         457  458  459
      188         460  461  462
      189         463  464  465
      190         466  467  468
      191         469  470  471
      192         472  473  474
      193         475  476  477
      194         478  479  480
      195         481  482  483
      196         484  485  486
      197         487  488  489
      198         490  491  492
      199         493  494  495
      200         496  497  498
      201         499  500  501
      202         502  503  504
      203         505  506  507
      204         508  509  510
      205         511  512  513
      206         514  515  516
      207         517  518  519
      208         520  521  522
      209         523  524  525
      210         526  527  528
      211         529  530  531
      212         532  533  534
      213         535  536  537
      214         538  539  540
      215         541  542  543
      216         544  545  546
      217         547  548  549
      218         550  551  552
      219         553  554  555
      220         556  557  558
      221         559  560  561
      222         562  563  564
      223         565  566  567
      224         568  569  570
      225         571  572  573
      226         574  575  576
      227         577  578  579
      228         580  581  582
      229         583  584  585
      230         586  587  588
      231         589  590  591
      232         592  593  594
      233         595  596  597
      234         598  599  600
      235         601  602  603
      236         604  605  606
      237         607  608  609
      238         610  611  612
      239         613  614  615
      240         616  617  618
      241         619  620  621
      242         622  623  624
      243         625  626  627
      244         628  629  630
      245         631  632  633
      246         634  635  636
      247         637  638  639
      248         640  641  642
      249         643  644  645
      250         646  647  648
      251         649  650  651
      252         652  653  654
      253         655  656  657
      254         658  659  660
      255         661  662  663
      256         664  665  666
      257         667  668  669
      258         670  671  672
      259         673  674  675
      260         676  677  678
      261         679  680  681
      262         682  683  684
      263         685  686  687
      264         688  689  690
      265         691  692  693
      266         694  695  696
      267         697  698  699
      268         700  701  702
      269         703  704  705
      270         706  707  708
      271         709  710  711
      272         712  713  714
      273         715  716  717
      274         718  719  720
      275         721  722  723
      276         724  725  726
      277         727  728  729
      278         730  731  732
      279         733  734  735
      280         736  737  738
      281         739  740  741
      282         742  743  744
      283         745  746  747
      284         748  749  750
      285         751  752  753
      286         754  755  756
      287         757  758  759
      288         760  761  762
      289         763  764  765
      290         766  767  768
      291         769  770  771
      292         772  773  774
      293         775  776  777
      294         778  779  780
      295         781  782  783
      296         784  785  786
      297         787  788  789
      298         790  791  792
      299         793  794  795
      300         796  797  798
      301         799  800  801
      302         802  803  804
      303         805  806  807
      304         808  809  810
      305         811  812  813
      306         814  815  816
      307         817  818  819
      308         820  821  822
      309         823  824  825
      310         826  827  828
      311         829  830  831
      312         832  833  834
      313         835  836  837
      314         838  839  840
      315         841  842  843
      316         844  845  846
      317         847  848  849
      318         850  851  852
      319         853  854  855
      320         856  857  858
      321         859  860  861
      322         862  863  864
      323         865  866  867
      324         868  869  870
      325         871  872  873
      326         874  875  876
      327         877  878  879
      328         880  881  882
      329         883  884  885
      330         886  887  888
      331         889  890  891
      332         892  893  894
      333         895  896  897
      334         898  899  900
      335         901  902  903
      336         904  905  906
      337         907  908  909
      338         910  911  912
      339         913  914  915
      340         916  917  918
      341         919  920  921
      342         922  923  924
      343         925  926  927
      344         928  929  930
      345         931  932  933
      346         934  935  936
      347         937  938  939
      348         940  941  942
      349         943  944  945
      350         946  947  948
      351         949  950  951
      352         952  953  954
      353         955  956  957
      354         958  959  960
      355         961  962  963
      356         964  965  966
      357         967  968  969
      358         970  971  972
      359         973  974  975
      360         976  977  978
      361         979  980  981
      362         982  983  984
      363         985  986  987
      364         988  989  990
      365         991  992  993
      366         994  995  996
      367         997  998  999
      368        1000 1001 1002
      369        1003 1004 1005
      370        1006 1007 1008
      371        1009 1010 1011
      372        1012 1013 1014
      373        1015 1016 1017
      374        1018 1019 1020
      375        1021 1022 1023
      376        1024 1025 1026
      377        1027 1028 1029
      378        1030 1031 1032
      379        1033 1034 1035
      380        1036 1037 1038
      381        1039 1040 1041
      382        1042 1043 1044
      383        1045 1046 1047
      384        1048 1049 1050
      385        1051 1052 1053
      386        1054 1055 1056
      387        1057 1058 1059
      388        1060 1061 1062
      389        1063 1064 1065
      390        1066 1067 1068
      391        1069 1070 1071
      392        1072 1073 1074
      393        1075 1076 1077
      394        1078 1079 1080
      395        1081 1082 1083
      396        1084 1085 1086
      397        1087 1088 1089
      398        1090 1091 1092
      399        1093 1094 1095
      400        1096 1097 1098
      401        1099 1100 1101
      402        1102 1103 1104
      403        1105 1106 1107
      404        1108 1109 1110
      405        1111 1112 1113
      406        1114 1115 1116
      407        1117 1118 1119
      408        1120 1121 1122
      409        1123 1124 1125
      410        1126 1127 1128
      411        1129 1130 1131
      412        1132 1133 1134
      413        1135 1136 1137
      414        1138 1139 1140
      415        1141 1142 1143
      416        1144 1145 1146
      417        1147 1148 1149
      418        1150 1151 1152
      419        1153 1154 1155
      420        1156 1157 1158
      421        1159 1160 1161
      422        1162 1163 1164
      423        1165 1166 1167
      424        1168 1169 1170
      425        1171 1172 1173
      426        1174 1175 1176
      427        1177 1178 1179
      428        1180 1181 1182
      429        1183 1184 1185
      430        1186 1187 1188
      431        1189 1190 1191
      432        1192 1193 1194
      433        1195 1196 1197
      434        1198 1199 1200
      435        1201 1202 1203
      436        1204 1205 1206
      437        1207 1208 1209
      438        1210 1211 1212
      439        1213 1214 1215
      440        1216 1217 1218
      441        1219 1220 1221
      442        1222 1223 1224
      443        1225 1226 1227
      444        1228 1229 1230
      445        1231 1232 1233
      446        1234 1235 1236
      447        1237 1238 1239
      448        1240 1241 1242
      449        1243 1244 1245
      450        1246 1247 1248
      451        1249 1250 1251
      452        1252 1253 1254
      453        1255 1256 1257
      454        1258 1259 1260
      455        1261 1262 1263
      456        1264 1265 1266
      457        1267 1268 1269
      458        1270 1271 1272
      459        1273 1274 1275
      460        1276 1277 1278
      461        1279 1280 1281
      462        1282 1283 1284
      463        1285 1286 1287
      464        1288 1289 1290
      465        1291 1292 1293
      466        1294 1295 1296
      467        1297 1298 1299
      468        1300 1301 1302
      469        1303 1304 1305
      470        1306 1307 1308
      471        1309 1310 1311
      472        1312 1313 1314
      473        1315 1316 1317
      474        1318 1319 1320
      475        1321 1322 1323
      476        1324 1325 1326
      477        1327 1328 1329
      478        1330 1331 1332
      479        1333 1334 1335
      480        1336 1337 1338
      481        1339 1340 1341
      482        1342 1343 1344
      483        1345 1346 1347
      484        1348 1349 1350
      485        1351 1352 1353
      486        1354 1355 1356
      487        1357 1358 1359
      488        1360 1361 1362
      489        1363 1364 1365
      490        1366 1367 1368
      491        1369 1370 1371
      492        1372 1373 1374
      493        1375 1376 1377
      494        1378 1379 1380
      495        1381 1382 1383
      496        1384 1385 1386
      497        1387 1388 1389
      498        1390 1391 1392
      499        1393 1394 1395
      500        1396 1397 1398
      501        1399 1400 1401
      502        1402 1403 1404
      503        1405 1406 1407
      504        1408 1409 1410
      505        1411 1412 1413
      506        1414 1415 1416
      507        1417 1418 1419
      508        1420 1421 1422
      509        1423 1424 1425
      510        1426 1427 1428
      511        1429 1430 1431
      512        1432 1433 1434
      513        1435 1436 1437
      514        1438 1439 1440
      515        1441 1442 1443
      516        1444 1445 1446
      517        1447 1448 1449
      518        1450 1451 1452
      519        1453 1454 1455
      520        1456 1457 1458
      521        1459 1460 1461
      522        1462 1463 1464
      523        1465 1466 1467
      524        1468 1469 1470
      525        1471 1472 1473
      526        1474 1475 1476
      527        1477 1478 1479
      528        1480 1481 1482
      529        1483 1484 1485
      530        1486 1487 1488
      531        1489 1490 1491
      532        1492 1493 1494
      533        1495 1496 1497
      534        1498 1499 1500
      535        1501 1502 1503
      536        1504 1505 1506
      537        1507 1508 1509
      538        1510 1511 1512
      539        1513 1514 1515
      540        1516 1517 1518
      541        1519 1520 1521
      542        1522 1523 1524
      543        1525 1526 1527
      544        1528 1529 1530
      545        1531 1532 1533
      546        1534 1535 1536
      547        1537 1538 1539
      548        1540 1541 1542
      549        1543 1544 1545
      550        1546 1547 1548
      551        1549 1550 1551
      552        1552 1553 1554
      553        1555 1556 1557
      554        1558 1559 1560
      555        1561 1562 1563
      556        1564 1565 1566
      557        1567 1568 1569
      558        1570 1571 1572
      559        1573 1574 1575
      560        1576 1577 1578
      561        1579 1580 1581
      562        1582 1583 1584
      563        1585 1586 1587
      564        1588 1589 1590
      565        1591 1592 1593
      566        1594 1595 1596
      567        1597 1598 1599
      568        1600 1601 1602
      569        1603 1604 1605
      570        1606 1607 1608
      571        1609 1610 1611
      572        1612 1613 1614
      573        1615 1616 1617
      574        1618 1619 1620
      575        1621 1622 1623
      576        1624 1625 1626
      577        1627 1628 1629
      578        1630 1631 1632
      579        1633 1634 1635
      580        1636 1637 1638
      581        1639 1640 1641
      582        1642 1643 1644
      583        1645 1646 1647
      584        1648 1649 1650
      585        1651 1652 1653
      586        1654 1655 1656
      587        1657 1658 1659
      588        1660 1661 1662
      589        1663 1664 1665
      590        1666 1667 1668
      591        1669 1670 1671
      592        1672 1673 1674
      593        1675 1676 1677
      594        1678 1679 1680
      595        1681 1682 1683
      596        1684 1685 1686
      597        1687 1688 1689
      598        1690 1691 1692
      599        1693 1694 1695
      600        1696 1697 1698
      601        1699 1700 1701
      602        1702 1703 1704
      603        1705 1706 1707
      604        1708 1709 1710
      605        1711 1712 1713
      606        1714 1715 1716
      607        1717 1718 1719
      608        1720 1721 1722
      609        1723 1724 1725
      610        1726 1727 1728
      611        1729 1730 1731
      612        1732 1733 1734
      613        1735 1736 1737
      614        1738 1739 1740
      615        1741 1742 1743
      616        1744 1745 1746
      617        1747 1748 1749
      618        1750 1751 1752
      619        1753 1754 1755
      620        1756 1757 1758
      621        1759 1760 1761
      622        1762 1763 1764
      623        1765 1766 1767
      624        1768 1769 1770
      625        1771 1772 1773
      626        1774 1775 1776
      627        1777 1778 1779
      628        1780 1781 1782
      629        1783 1784 1785
      630        1786 1787 1788
      631        1789 1790 1791
      632        1792 1793 1794
      633        1795 1796 1797
      634        1798 1799 1800
      635        1801 1802 1803
      636        1804 1805 1806
      637        1807 1808 1809
      638        1810 1811 1812
      639        1813 1814 1815
      640        1816 1817 1818
      641        1819 1820 1821
      642        1822 1823 1824
      643        1825 1826 1827
      644        1828 1829 1830
      645        1831 1832 1833
      646        1834 1835 1836
      647        1837 1838 1839
      648        1840 1841 1842
      649        1843 1844 1845
      650        1846 1847 1848
      651        1849 1850 1851
      652        1852 1853 1854
      653        1855 1856 1857
      654        1858 1859 1860
      655        1861 1862 1863
      656        1864 1865 1866
      657        1867 1868 1869
      658        1870 1871 1872
      659        1873 1874 1875
      660        1876 1877 1878
      661        1879 1880 1881
      662        1882 1883 1884
      663        1885 1886 1887
      664        1888 1889 1890
      665        1891 1892 1893
      666        1894 1895 1896
      667        1897 1898 1899
      668        1900 1901 1902
      669        1903 1904 1905
      670        1906 1907 1908
      671        1909 1910 1911
      672        1912 1913 1914
      673        1915 1916 1917
      674        1918 1919 1920
      675        1921 1922 1923
      676        1924 1925 1926
      677        1927 1928 1929
      678        1930 1931 1932
      679        1933 1934 1935
      680        1936 1937 1938
      681        1939 1940 1941
      682        1942 1943 1944
      683        1945 1946 1947
      684        1948 1949 1950
      685        1951 1952 1953
      686        1954 1955 1956
      687        1957 1958 1959
      688        1960 1961 1962
      689        1963 1964 1965
      690        1966 1967 1968
      691        1969 1970 1971
      692        1972 1973 1974
      693        1975 1976 1977
      694        1978 1979 1980
      695        1981 1982 1983
      696        1984 1985 1986
      697        1987 1988 1989
      698        1990 1991 1992
      699        1993 1994 1995
      700        1996 1997 1998
      701        1999 2000 2001
      702        2002 2003 2004
      703        2005 2006 2007
      704        2008 2009 2010
      705        2011 2012 2013
      706        2014 2015 2016
      707        2017 2018 2019
      708        2020 2021 2022
      709        2023 2024 2025
      710        2026 2027 2028
      711        2029 2030 2031
      712        2032 2033 2034
      713        2035 2036 2037
      714        2038 2039 2040
      715        2041 2042 2043
      716        2044 2045 2046
      717        2047 2048 2049
      718        2050 2051 2052
      719        2053 2054 2055
      720        2056 2057 2058
      721        2059 2060 2061
      722        2062 2063 2064
      723        2065 2066 2067
      724        2068 2069 2070
      725        2071 2072 2073
      726        2074 2075 2076
      727        2077 2078 2079
      728        2080 2081 2082
      729        2083 2084 2085
      730        2086 2087 2088
      731        2089 2090 2091
      732        2092 2093 2094
      733        2095 2096 2097
      734        2098 2099 2100
      735        2101 2102 2103
      736        2104 2105 2106
      737        2107 2108 2109
      738        2110 2111 2112
      739        2113 2114 2115
      740        2116 2117 2118
      741        2119 2120 2121
      742        2122 2123 2124
      743        2125 2126 2127
      744        2128 2129 2130
      745        2131 2132 2133
      746        2134 2135 2136
      747        2137 2138 2139
      748        2140 2141 2142
      749        2143 2144 2145
      750        2146 2147 2148
      751        2149 2150 2151
      752        2152 2153 2154
      753        2155 2156 2157
      754        2158 2159 2160
      755        2161 2162 2163
      756        2164 2165 2166
      757        2167 2168 2169
      758        2170 2171 2172
      759        2173 2174 2175
      760        2176 2177 2178
      761        2179 2180 2181
      762        2182 2183 2184
      763        2185 2186 2187
      764        2188 2189 2190
      765        2191 2192 2193
      766        2194 2195 2196
      767        2197 2198 2199
      768        2200 2201 2202
      769        2203 2204 2205
      770        2206 2207 2208
      771        2209 2210 2211
      772        2212 2213 2214
      773        2215 2216 2217
      774        2218 2219 2220
      775        2221 2222 2223
      776        2224 2225 2226
      777        2227 2228 2229
      778        2230 2231 2232
      779        2233 2234 2235
      780        2236 2237 2238
      781        2239 2240 2241
      782        2242 2243 2244
      783        2245 2246 2247
      784        2248 2249 2250
      785        2251 2252 2253
      786        2254 2255 2256
      787        2257 2258 2259
      788        2260 2261 2262
      789        2263 2264 2265
      790        2266 2267 2268
      791        2269 2270 2271
      792        2272 2273 2274
      793        2275 2276 2277
      794        2278 2279 2280
      795        2281 2282 2283
      796        2284 2285 2286
      797        2287 2288 2289
      798        2290 2291 2292
      799        2293 2294 2295
      800        2296 2297 2298
      801        2299 2300 2301
      802        2302 2303 2304
      803        2305 2306 2307
      804        2308 2309 2310
      805        2311 2312 2313
      806        2314 2315 2316
      807        2317 2318 2319
      808        2320 2321 2322
      809        2323 2324 2325
      810        2326 2327 2328
      811        2329 2330 2331
      812        2332 2333 2334
      813        2335 2336 2337
      814        2338 2339 2340
      815        2341 2342 2343
      816        2344 2345 2346
      817        2347 2348 2349
      818        2350 2351 2352
      819        2353 2354 2355
      820        2356 2357 2358
      821        2359 2360 2361
      822        2362 2363 2364
      823        2365 2366 2367
      824        2368 2369 2370
      825        2371 2372 2373
      826        2374 2375 2376
      827        2377 2378 2379
      828        2380 2381 2382
      829        2383 2384 2385
      830        2386 2387 2388
      831        2389 2390 2391
      832        2392 2393 2394
      833        2395 2396 2397
      834        2398 2399 2400
      835        2401 2402 2403
      836        2404 2405 2406
      837        2407 2408 2409
      838        2410 2411 2412
      839        2413 2414 2415
      840        2416 2417 2418
      841        2419 2420 2421
      842        2422 2423 2424
      843        2425 2426 2427
      844        2428 2429 2430
      845        2431 2432 2433
      846        2434 2435 2436
      847        2437 2438 2439
      848        2440 2441 2442
      849        2443 2444 2445
      850        2446 2447 2448
      851        2449 2450 2451
      852        2452 2453 2454
      853        2455 2456 2457
      854        2458 2459 2460
      855        2461 2462 2463
      856        2464 2465 2466
      857        2467 2468 2469
      858        2470 2471 2472
      859        2473 2474 2475
      860        2476 2477 2478
      861        2479 2480 2481
      862        2482 2483 2484
      863        2485 2486 2487
      864        2488 2489 2490
      865        2491 2492 2493
      866        2494 2495 2496
      867        2497 2498 2499
      868        2500 2501 2502
      869        2503 2504 2505
      870        2506 2507 2508
      871        2509 2510 2511
      872        2512 2513 2514
      873        2515 2516 2517
      874        2518 2519 2520
      875        2521 2522 2523
      876        2524 2525 2526
      877        2527 2528 2529
      878        2530 2531 2532
      879        2533 2534 2535
      880        2536 2537 2538
      881        2539 2540 2541
      882        2542 2543 2544
      883        2545 2546 2547
      884        2548 2549 2550
      885        2551 2552 2553
      886        2554 2555 2556
      887        2557 2558 2559
      888        2560 2561 2562
      889        2563 2564 2565
      890        2566 2567 2568
      891        2569 2570 2571
      892        2572 2573 2574
      893        2575 2576 2577
      894        2578 2579 2580
      895        2581 2582 2583
      896        2584 2585 2586
      897        2587 2588 2589
      898        2590 2591 2592
      899        2593 2594 2595
      900        2596 2597 2598
      901        2599 2600 2601
      902        2602 2603 2604
      903        2605 2606 2607
      904        2608 2609 2610
      905        2611 2612 2613
      906        2614 2615 2616
      907        2617 2618 2619
      908        2620 2621 2622
      909        2623 2624 2625
      910        2626 2627 2628
      911        2629 2630 2631
      912        2632 2633 2634
      913        2635 2636 2637
      914        2638 2639 2640
      915        2641 2642 2643
      916        2644 2645 2646
      917        2647 2648 2649
      918        2650 2651 2652
      919        2653 2654 2655
      920        2656 2657 2658
      921        2659 2660 2661
      922        2662 2663 2664
      923        2665 2666 2667
      924        2668 2669 2670
      925        2671 2672 2673
      926        2674 2675 2676
      927        2677 2678 2679
      928        2680 2681 2682
      929        2683 2684 2685
      930        2686 2687 2688
      931        2689 2690 2691
      932        2692 2693 2694
      933        2695 2696 2697
      934        2698 2699 2700
      935        2701 2702 2703
      936        2704 2705 2706
      937        2707 2708 2709
      938        2710 2711 2712
      939        2713 2714 2715
      940        2716 2717 2718
      941        2719 2720 2721
      942        2722 2723 2724
      943        2725 2726 2727
      944        2728 2729 2730
      945        2731 2732 2733
      946        2734 2735 2736
      947        2737 2738 2739
      948        2740 2741 2742
      949        2743 2744 2745
      950        2746 2747 2748
      951        2749 2750 2751
      952        2752 2753 2754
      953        2755 2756 2757
      954        2758 2759 2760
      955        2761 2762 2763
      956        2764 2765 2766
      957        2767 2768 2769
      958        2770 2771 2772
      959        2773 2774 2775
      960        2776 2777 2778
      961        2779 2780 2781
      962        2782 2783 2784
      963        2785 2786 2787
      964        2788 2789 2790
      965        2791 2792 2793
      966        2794 2795 2796
      967        2797 2798 2799
      968        2800 2801 2802
      969        2803 2804 2805
      970        2806 2807 2808
      971        2809 2810 2811
      972        2812 2813 2814
      973        2815 2816 2817
      974        2818 2819 2820
      975        2821 2822 2823
      976        2824 2825 2826
      977        2827 2828 2829
      978        2830 2831 2832
      979        2833 2834 2835
      980        2836 2837 2838
      981        2839 2840 2841
      982        2842 2843 2844
      983        2845 2846 2847
      984        2848 2849 2850
      985        2851 2852 2853
      986        2854 2855 2856
      987        2857 2858 2859
      988        2860 2861 2862
      989        2863 2864 2865
      990        2866 2867 2868
      991        2869 2870 2871
      992        2872 2873 2874
      993        2875 2876 2877
      994        2878 2879 2880
      995        2881 2882 2883
      996        2884 2885 2886
      997        2887 2888 2889
      998        2890 2891 2892
      999        2893 2894 2895
     1000        2896 2897 2898
     1001        2899 2900 2901
     1002        2902 2903 2904
     1003        2905 2906 2907
     1004        2908 2909 2910
     1005        2911 2912 2913
     1006        2914 2915 2916
     1007        2917 2918 2919
     1008        2920 2921 2922
     1009        2923 2924 2925
     1010        2926 2927 2928
     1011        2929 2930 2931
     1012        2932 2933 2934
     1013        2935 2936 2937
     1014        2938 2939 2940
     1015        2941 2942 2943
     1016        2944 2945 2946
     1017        2947 2948 2949
     1018        2950 2951 2952
     1019        2953 2954 2955
     1020        2956 2957 2958
     1021        2959 2960 2961
     1022        2962 2963 2964
     1023        2965 2966 2967
     1024        2968 2969 2970
     1025        2971 2972 2973
     1026        2974 2975 2976
     1027        2977 2978 2979
     1028        2980 2981 2982
     1029        2983 2984 2985
     1030        2986 2987 2988
     1031        2989 2990 2991
     1032        2992 2993 2994
     1033        2995 2996 2997
     1034        2998 2999 3000
     1035        3001 3002 3003
     1036        3004 3005 3006
     1037        3007 3008 3009
     1038        3010 3011 3012
     1039        3013 3014 3015
     1040        3016 3017 3018
     1041        3019 3020 3021
     1042        3022 3023 3024
     1043        3025 3026 3027
     1044        3028 3029 3030
     1045        3031 3032 3033
     1046        3034 3035 3036
     1047        3037 3038 3039
     1048        3040 3041 3042
     1049        3043 3044 3045
     1050        3046 3047 3048
     1051        3049 3050 3051
     1052        3052 3053 3054
     1053        3055 3056 3057
     1054        3058 3059 3060
     1055        3061 3062 3063
     1056        3064 3065 3066
     1057        3067 3068 3069
     1058        3070 3071 3072
     1059        3073 3074 3075
     1060        3076 3077 3078
     1061        3079 3080 3081
     1062        3082 3083 3084
     1063        3085 3086 3087
     1064        3088 3089 3090
     1065        3091 3092 3093
     1066        3094 3095 3096
     1067        3097 3098 3099
     1068        3100 3101 3102
     1069        3103 3104 3105
     1070        3106 3107 3108
     1071        3109 3110 3111
     1072        3112 3113 3114
     1073        3115 3116 3117
     1074        3118 3119 3120
     1075        3121 3122 3123
     1076        3124 3125 3126
     1077        3127 3128 3129
     1078        3130 3131 3132
     1079        3133 3134 3135
     1080        3136 3137 3138
     1081        3139 3140 3141
     1082        3142 3143 3144
     1083        3145 3146 3147
     1084        3148 3149 3150
     1085        3151 3152 3153
     1086        3154 3155 3156
     1087        3157 3158 3159
     1088        3160 3161 3162
     1089        3163 3164 3165
     1090        3166 3167 3168
     1091        3169 3170 3171
     1092        3172 3173 3174
     1093        3175 3176 3177
     1094        3178 3179 3180
     1095        3181 3182 3183
     1096        3184 3185 3186
     1097        3187 3188 3189
     1098        3190 3191 3192
     1099        3193 3194 3195
     1100        3196 3197 3198
     1101        3199 3200 3201
     1102        3202 3203 3204
     1103        3205 3206 3207
     1104        3208 3209 3210
     1105        3211 3212 3213
     1106        3214 3215 3216
     1107        3217 3218 3219
     1108        3220 3221 3222
     1109        3223 3224 3225
     1110        3226 3227 3228
     1111        3229 3230 3231
     1112        3232 3233 3234
     1113        3235 3236 3237
     1114        3238 3239 3240
     1115        3241 3242 3243
     1116        3244 3245 3246
     1117        3247 3248 3249
     1118        3250 3251 3252
     1119        3253 3254 3255
     1120        3256 3257 3258
     1121        3259 3260 3261
     1122        3262 3263 3264

 L O A D   C A S E   D A T A

     LOAD CASE NUMBER . . . . . . . =     1
     NUMBER OF CONCENTRATED LOADS . =    34

    NODE       DIRECTION      LOAD
   NUMBER                   MAGNITUDE
   1089            2       -2.94118e+03
   1090            2       -2.94118e+03
   1091            2       -2.94118e+03
   1092            2       -2.94118e+03
   1093            2       -2.94118e+03
   1094            2       -2.94118e+03
   1095            2       -2.94118e+03
   1096            2       -2.94118e+03
   1097            2       -2.94118e+03
   1098            2       -2.94118e+03
   1099            2       -2.94118e+03
   1100            2       -2.94118e+03
   1101            2       -2.94118e+03
   1102            2       -2.94118e+03
   1103            2       -2.94118e+03
   1104            2       -2.94118e+03
   1105            2       -2.94118e+03
   1106            2       -2.94118e+03
   1107            2       -2.94118e+03
   1108            2       -2.94118e+03
   1109            2       -2.94118e+03
   1110            2       -2.94118e+03
   1111            2       -2.94118e+03
   1112            2       -2.94118e+03
   1113            2       -2.94118e+03
   1114            2       -2.94118e+03
   1115            2       -2.94118e+03
   1116            2       -2.94118e+03
   1117            2       -2.94118e+03
   1118            2       -2.94118e+03
   1119            2       -2.94118e+03
   1120            2       -2.94118e+03
   1121            2       -2.94118e+03
   1122            2       -2.94118e+03

 E L E M E N T   G R O U P   D A T A


 E L E M E N T   D E F I N I T I O N

 ELEMENT TYPE  . . . . . . . . . . . . .( NPAR(1) ) . . =    5
     EQ.1, TRUSS ELEMENTS
     EQ.2, FOUR-NODE PLANE ELEMENTS (FULL INTEGRATION)
     EQ.3, FOUR-NODE PLANE ELEMENTS (REDUCED INTEGRATION)
     EQ.4, THREE-NODE TRIANGULAR PLANE ELEMENTS (CST)
     EQ.5, EIGHT-NODE HEXAHEDRAL ELEMENTS
     EQ.6, TWO-NODE BEAM ELEMENTS

 NUMBER OF ELEMENTS. . . . . . . . . . .( NPAR(2) ) . . =  512

 M A T E R I A L   D E F I N I T I O N

 NUMBER OF DIFFERENT SETS OF MATERIAL
 AND SECTION CONSTANTS  . . . . . . .( NPAR(3) ) . . =    1

  SET       YOUNG'S     POISSON'S
 NUMBER     MODULUS       RATIO
               E            Nu
    1     2.00000e+11     3.00000e-01


 E L E M E N T   I N F O R M A T I O N
 ELEMENT      N1        N2        N3        N4
 NUMBER-N     N5        N6        N7        N8       MATERIAL
                                                      SET NUMBER
    1        1       35       37        3        2       36       38        4           1
    2        3       37       39        5        4       38       40        6           1
    3        5       39       41        7        6       40       42        8           1
    4        7       41       43        9        8       42       44       10           1
    5        9       43       45       11       10       44       46       12           1
    6       11       45       47       13       12       46       48       14           1
    7       13       47       49       15       14       48       50       16           1
    8       15       49       51       17       16       50       52       18           1
    9       17       51       53       19       18       52       54       20           1
   10       19       53       55       21       20       54       56       22           1
   11       21       55       57       23       22       56       58       24           1
   12       23       57       59       25       24       58       60       26           1
   13       25       59       61       27       26       60       62       28           1
   14       27       61       63       29       28       62       64       30           1
   15       29       63       65       31       30       64       66       32           1
   16       31       65       67       33       32       66       68       34           1
   17       35       69       71       37       36       70       72       38           1
   18       37       71       73       39       38       72       74       40           1
   19       39       73       75       41       40       74       76       42           1
   20       41       75       77       43       42       76       78       44           1
   21       43       77       79       45       44       78       80       46           1
   22       45       79       81       47       46       80       82       48           1
   23       47       81       83       49       48       82       84       50           1
   24       49       83       85       51       50       84       86       52           1
   25       51       85       87       53       52       86       88       54           1
   26       53       87       89       55       54       88       90       56           1
   27       55       89       91       57       56       90       92       58           1
   28       57       91       93       59       58       92       94       60           1
   29       59       93       95       61       60       94       96       62           1
   30       61       95       97       63       62       96       98       64           1
   31       63       97       99       65       64       98      100       66           1
   32       65       99      101       67       66      100      102       68           1
   33       69      103      105       71       70      104      106       72           1
   34       71      105      107       73       72      106      108       74           1
   35       73      107      109       75       74      108      110       76           1
   36       75      109      111       77       76      110      112       78           1
   37       77      111      113       79       78      112      114       80           1
   38       79      113      115       81       80      114      116       82           1
   39       81      115      117       83       82      116      118       84           1
   40       83      117      119       85       84      118      120       86           1
   41       85      119      121       87       86      120      122       88           1
   42       87      121      123       89       88      122      124       90           1
   43       89      123      125       91       90      124      126       92           1
   44       91      125      127       93       92      126      128       94           1
   45       93      127      129       95       94      128      130       96           1
   46       95      129      131       97       96      130      132       98           1
   47       97      131      133       99       98      132      134      100           1
   48       99      133      135      101      100      134      136      102           1
   49      103      137      139      105      104      138      140      106           1
   50      105      139      141      107      106      140      142      108           1
   51      107      141      143      109      108      142      144      110           1
   52      109      143      145      111      110      144      146      112           1
   53      111      145      147      113      112      146      148      114           1
   54      113      147      149      115      114      148      150      116           1
   55      115      149      151      117      116      150      152      118           1
   56      117      151      153      119      118      152      154      120           1
   57      119      153      155      121      120      154      156      122           1
   58      121      155      157      123      122      156      158      124           1
   59      123      157      159      125      124      158      160      126           1
   60      125      159      161      127      126      160      162      128           1
   61      127      161      163      129      128      162      164      130           1
   62      129      163      165      131      130      164      166      132           1
   63      131      165      167      133      132      166      168      134           1
   64      133      167      169      135      134      168      170      136           1
   65      137      171      173      139      138      172      174      140           1
   66      139      173      175      141      140      174      176      142           1
   67      141      175      177      143      142      176      178      144           1
   68      143      177      179      145      144      178      180      146           1
   69      145      179      181      147      146      180      182      148           1
   70      147      181      183      149      148      182      184      150           1
   71      149      183      185      151      150      184      186      152           1
   72      151      185      187      153      152      186      188      154           1
   73      153      187      189      155      154      188      190      156           1
   74      155      189      191      157      156      190      192      158           1
   75      157      191      193      159      158      192      194      160           1
   76      159      193      195      161      160      194      196      162           1
   77      161      195      197      163      162      196      198      164           1
   78      163      197      199      165      164      198      200      166           1
   79      165      199      201      167      166      200      202      168           1
   80      167      201      203      169      168      202      204      170           1
   81      171      205      207      173      172      206      208      174           1
   82      173      207      209      175      174      208      210      176           1
   83      175      209      211      177      176      210      212      178           1
   84      177      211      213      179      178      212      214      180           1
   85      179      213      215      181      180      214      216      182           1
   86      181      215      217      183      182      216      218      184           1
   87      183      217      219      185      184      218      220      186           1
   88      185      219      221      187      186      220      222      188           1
   89      187      221      223      189      188      222      224      190           1
   90      189      223      225      191      190      224      226      192           1
   91      191      225      227      193      192      226      228      194           1
   92      193      227      229      195      194      228      230      196           1
   93      195      229      231      197      196      230      232      198           1
   94      197      231      233      199      198      232      234      200           1
   95      199      233      235      201      200      234      236      202           1
   96      201      235      237      203      202      236      238      204           1
   97      205      239      241      207      206      240      242      208           1
   98      207      241      243      209      208      242      244      210           1
   99      209      243      245      211      210      244      246      212           1
  100      211      245      247      213      212      246      248      214           1
  101      213      247      249      215      214      248      250      216           1
  102      215      249      251      217      216      250      252      218           1
  103      217      251      253      219      218      252      254      220           1
  104      219      253      255      221      220      254      256      222           1
  105      221      255      257      223      222      256      258      224           1
  106      223      257      259      225      224      258      260      226           1
  107      225      259      261      227      226      260      262      228           1
  108      227      261      263      229      228      262      264      230           1
  109      229      263      265      231      230      264      266      232           1
  110      231      265      267      233      232      266      268      234           1
  111      233      267      269      235      234      268      270      236           1
  112      235      269      271      237      236      270      272      238           1
  113      239      273      275      241      240      274      276      242           1
  114      241      275      277      243      242      276      278      244           1
  115      243      277      279      245      244      278      280      246           1
  116      245      279      281      247      246      280      282      248           1
  117      247      281      283      249      248      282      284      250           1
  118      249      283      285      251      250      284      286      252           1
  119      251      285      287      253      252      286      288      254           1
  120      253      287      289      255      254      288      290      256           1
  121      255      289      291      257      256      290      292      258           1
  122      257      291      293      259      258      292      294      260           1
  123      259      293      295      261      260      294      296      262           1
  124      261      295      297      263      262      296      298      264           1
  125      263      297      299      265      264      298      300      266           1
  126      265      299      301      267      266      300      302      268           1
  127      267      301      303      269      268      302      304      270           1
  128      269      303      305      271      270      304      306      272           1
  129      273      307      309      275      274      308      310      276           1
  130      275      309      311      277      276      310      312      278           1
  131      277      311      313      279      278      312      314      280           1
  132      279      313      315      281      280      314      316      282           1
  133      281      315      317      283      282      316      318      284           1
  134      283      317      319      285      284      318      320      286           1
  135      285      319      321      287      286      320      322      288           1
  136      287      321      323      289      288      322      324      290           1
  137      289      323      325      291      290      324      326      292           1
  138      291      325      327      293      292      326      328      294           1
  139      293      327      329      295      294      328      330      296           1
  140      295      329      331      297      296      330      332      298           1
  141      297      331      333      299      298      332      334      300           1
  142      299      333      335      301      300      334      336      302           1
  143      301      335      337      303      302      336      338      304           1
  144      303      337      339      305      304      338      340      306           1
  145      307      341      343      309      308      342      344      310           1
  146      309      343      345      311      310      344      346      312           1
  147      311      345      347      313      312      346      348      314           1
  148      313      347      349      315      314      348      350      316           1
  149      315      349      351      317      316      350      352      318           1
  150      317      351      353      319      318      352      354      320           1
  151      319      353      355      321      320      354      356      322           1
  152      321      355      357      323      322      356      358      324           1
  153      323      357      359      325      324      358      360      326           1
  154      325      359      361      327      326      360      362      328           1
  155      327      361      363      329      328      362      364      330           1
  156      329      363      365      331      330      364      366      332           1
  157      331      365      367      333      332      366      368      334           1
  158      333      367      369      335      334      368      370      336           1
  159      335      369      371      337      336      370      372      338           1
  160      337      371      373      339      338      372      374      340           1
  161      341      375      377      343      342      376      378      344           1
  162      343      377      379      345      344      378      380      346           1
  163      345      379      381      347      346      380      382      348           1
  164      347      381      383      349      348      382      384      350           1
  165      349      383      385      351      350      384      386      352           1
  166      351      385      387      353      352      386      388      354           1
  167      353      387      389      355      354      388      390      356           1
  168      355      389      391      357      356      390      392      358           1
  169      357      391      393      359      358      392      394      360           1
  170      359      393      395      361      360      394      396      362           1
  171      361      395      397      363      362      396      398      364           1
  172      363      397      399      365      364      398      400      366           1
  173      365      399      401      367      366      400      402      368           1
  174      367      401      403      369      368      402      404      370           1
  175      369      403      405      371      370      404      406      372           1
  176      371      405      407      373      372      406      408      374           1
  177      375      409      411      377      376      410      412      378           1
  178      377      411      413      379      378      412      414      380           1
  179      379      413      415      381      380      414      416      382           1
  180      381      415      417      383      382      416      418      384           1
  181      383      417      419      385      384      418      420      386           1
  182      385      419      421      387      386      420      422      388           1
  183      387      421      423      389      388      422      424      390           1
  184      389      423      425      391      390      424      426      392           1
  185      391      425      427      393      392      426      428      394           1
  186      393      427      429      395      394      428      430      396           1
  187      395      429      431      397      396      430      432      398           1
  188      397      431      433      399      398      432      434      400           1
  189      399      433      435      401      400      434      436      402           1
  190      401      435      437      403      402      436      438      404           1
  191      403      437      439      405      404      438      440      406           1
  192      405      439      441      407      406      440      442      408           1
  193      409      443      445      411      410      444      446      412           1
  194      411      445      447      413      412      446      448      414           1
  195      413      447      449      415      414      448      450      416           1
  196      415      449      451      417      416      450      452      418           1
  197      417      451      453      419      418      452      454      420           1
  198      419      453      455      421      420      454      456      422           1
  199      421      455      457      423      422      456      458      424           1
  200      423      457      459      425      424      458      460      426           1
  201      425      459      461      427      426      460      462      428           1
  202      427      461      463      429      428      462      464      430           1
  203      429      463      465      431      430      464      466      432           1
  204      431      465      467      433      432      466      468      434           1
  205      433      467      469      435      434      468      470      436           1
  206      435      469      471      437      436      470      472      438           1
  207      437      471      473      439      438      472      474      440           1
  208      439      473      475      441      440      474      476      442           1
  209      443      477      479      445      444      478      480      446           1
  210      445      479      481      447      446      480      482      448           1
  211      447      481      483      449      448      482      484      450           1
  212      449      483      485      451      450      484      486      452           1
  213      451      485      487      453      452      486      488      454           1
  214      453      487      489      455      454      488      490      456           1
  215      455      489      491      457      456      490      492      458           1
  216      457      491      493      459      458      492      494      460           1
  217      459      493      495      461      460      494      496      462           1
  218      461      495      497      463      462      496      498      464           1
  219      463      497      499      465      464      498      500      466           1
  220      465      499      501      467      466      500      502      468           1
  221      467      501      503      469      468      502      504      470           1
  222      469      503      505      471      470      504      506      472           1
  223      471      505      507      473      472      506      508      474           1
  224      473      507      509      475      474      508      510      476           1
  225      477      511      513      479      478      512      514      480           1
  226      479      513      515      481      480      514      516      482           1
  227      481      515      517      483      482      516      518      484           1
  228      483      517      519      485      484      518      520      486           1
  229      485      519      521      487      486      520      522      488           1
  230      487      521      523      489      488      522      524      490           1
  231      489      523      525      491      490      524      526      492           1
  232      491      525      527      493      492      526      528      494           1
  233      493      527      529      495      494      528      530      496           1
  234      495      529      531      497      496      530      532      498           1
  235      497      531      533      499      498      532      534      500           1
  236      499      533      535      501      500      534      536      502           1
  237      501      535      537      503      502      536      538      504           1
  238      503      537      539      505      504      538      540      506           1
  239      505      539      541      507      506      540      542      508           1
  240      507      541      543      509      508      542      544      510           1
  241      511      545      547      513      512      546      548      514           1
  242      513      547      549      515      514      548      550      516           1
  243      515      549      551      517      516      550      552      518           1
  244      517      551      553      519      518      552      554      520           1
  245      519      553      555      521      520      554      556      522           1
  246      521      555      557      523      522      556      558      524           1
  247      523      557      559      525      524      558      560      526           1
  248      525      559      561      527      526      560      562      528           1
  249      527      561      563      529      528      562      564      530           1
  250      529      563      565      531      530      564      566      532           1
  251      531      565      567      533      532      566      568      534           1
  252      533      567      569      535      534      568      570      536           1
  253      535      569      571      537      536      570      572      538           1
  254      537      571      573      539      538      572      574      540           1
  255      539      573      575      541      540      574      576      542           1
  256      541      575      577      543      542      576      578      544           1
  257      545      579      581      547      546      580      582      548           1
  258      547      581      583      549      548      582      584      550           1
  259      549      583      585      551      550      584      586      552           1
  260      551      585      587      553      552      586      588      554           1
  261      553      587      589      555      554      588      590      556           1
  262      555      589      591      557      556      590      592      558           1
  263      557      591      593      559      558      592      594      560           1
  264      559      593      595      561      560      594      596      562           1
  265      561      595      597      563      562      596      598      564           1
  266      563      597      599      565      564      598      600      566           1
  267      565      599      601      567      566      600      602      568           1
  268      567      601      603      569      568      602      604      570           1
  269      569      603      605      571      570      604      606      572           1
  270      571      605      607      573      572      606      608      574           1
  271      573      607      609      575      574      608      610      576           1
  272      575      609      611      577      576      610      612      578           1
  273      579      613      615      581      580      614      616      582           1
  274      581      615      617      583      582      616      618      584           1
  275      583      617      619      585      584      618      620      586           1
  276      585      619      621      587      586      620      622      588           1
  277      587      621      623      589      588      622      624      590           1
  278      589      623      625      591      590      624      626      592           1
  279      591      625      627      593      592      626      628      594           1
  280      593      627      629      595      594      628      630      596           1
  281      595      629      631      597      596      630      632      598           1
  282      597      631      633      599      598      632      634      600           1
  283      599      633      635      601      600      634      636      602           1
  284      601      635      637      603      602      636      638      604           1
  285      603      637      639      605      604      638      640      606           1
  286      605      639      641      607      606      640      642      608           1
  287      607      641      643      609      608      642      644      610           1
  288      609      643      645      611      610      644      646      612           1
  289      613      647      649      615      614      648      650      616           1
  290      615      649      651      617      616      650      652      618           1
  291      617      651      653      619      618      652      654      620           1
  292      619      653      655      621      620      654      656      622           1
  293      621      655      657      623      622      656      658      624           1
  294      623      657      659      625      624      658      660      626           1
  295      625      659      661      627      626      660      662      628           1
  296      627      661      663      629      628      662      664      630           1
  297      629      663      665      631      630      664      666      632           1
  298      631      665      667      633      632      666      668      634           1
  299      633      667      669      635      634      668      670      636           1
  300      635      669      671      637      636      670      672      638           1
  301      637      671      673      639      638      672      674      640           1
  302      639      673      675      641      640      674      676      642           1
  303      641      675      677      643      642      676      678      644           1
  304      643      677      679      645      644      678      680      646           1
  305      647      681      683      649      648      682      684      650           1
  306      649      683      685      651      650      684      686      652           1
  307      651      685      687      653      652      686      688      654           1
  308      653      687      689      655      654      688      690      656           1
  309      655      689      691      657      656      690      692      658           1
  310      657      691      693      659      658      692      694      660           1
  311      659      693      695      661      660      694      696      662           1
  312      661      695      697      663      662      696      698      664           1
  313      663      697      699      665      664      698      700      666           1
  314      665      699      701      667      666      700      702      668           1
  315      667      701      703      669      668      702      704      670           1
  316      669      703      705      671      670      704      706      672           1
  317      671      705      707      673      672      706      708      674           1
  318      673      707      709      675      674      708      710      676           1
  319      675      709      711      677      676      710      712      678           1
  320      677      711      713      679      678      712      714      680           1
  321      681      715      717      683      682      716      718      684           1
  322      683      717      719      685      684      718      720      686           1
  323      685      719      721      687      686      720      722      688           1
  324      687      721      723      689      688      722      724      690           1
  325      689      723      725      691      690      724      726      692           1
  326      691      725      727      693      692      726      728      694           1
  327      693      727      729      695      694      728      730      696           1
  328      695      729      731      697      696      730      732      698           1
  329      697      731      733      699      698      732      734      700           1
  330      699      733      735      701      700      734      736      702           1
  331      701      735      737      703      702      736      738      704           1
  332      703      737      739      705      704      738      740      706           1
  333      705      739      741      707      706      740      742      708           1
  334      707      741      743      709      708      742      744      710           1
  335      709      743      745      711      710      744      746      712           1
  336      711      745      747      713      712      746      748      714           1
  337      715      749      751      717      716      750      752      718           1
  338      717      751      753      719      718      752      754      720           1
  339      719      753      755      721      720      754      756      722           1
  340      721      755      757      723      722      756      758      724           1
  341      723      757      759      725      724      758      760      726           1
  342      725      759      761      727      726      760      762      728           1
  343      727      761      763      729      728      762      764      730           1
  344      729      763      765      731      730      764      766      732           1
  345      731      765      767      733      732      766      768      734           1
  346      733      767      769      735      734      768      770      736           1
  347      735      769      771      737      736      770      772      738           1
  348      737      771      773      739      738      772      774      740           1
  349      739      773      775      741      740      774      776      742           1
  350      741      775      777      743      742      776      778      744           1
  351      743      777      779      745      744      778      780      746           1
  352      745      779      781      747      746      780      782      748           1
  353      749      783      785      751      750      784      786      752           1
  354      751      785      787      753      752      786      788      754           1
  355      753      787      789      755      754      788      790      756           1
  356      755      789      791      757      756      790      792      758           1
  357      757      791      793      759      758      792      794      760           1
  358      759      793      795      761      760      794      796      762           1
  359      761      795      797      763      762      796      798      764           1
  360      763      797      799      765      764      798      800      766           1
  361      765      799      801      767      766      800      802      768           1
  362      767      801      803      769      768      802      804      770           1
  363      769      803      805      771      770      804      806      772           1
  364      771      805      807      773      772      806      808      774           1
  365      773      807      809      775      774      808      810      776           1
  366      775      809      811      777      776      810      812      778           1
  367      777      811      813      779      778      812      814      780           1
  368      779      813      815      781      780      814      816      782           1
  369      783      817      819      785      784      818      820      786           1
  370      785      819      821      787      786      820      822      788           1
  371      787      821      823      789      788      822      824      790           1
  372      789      823      825      791      790      824      826      792           1
  373      791      825      827      793      792      826      828      794           1
  374      793      827      829      795      794      828      830      796           1
  375      795      829      831      797      796      830      832      798           1
  376      797      831      833      799      798      832      834      800           1
  377      799      833      835      801      800      834      836      802           1
  378      801      835      837      803      802      836      838      804           1
  379      803      837      839      805      804      838      840      806           1
  380      805      839      841      807      806      840      842      808           1
  381      807      841      843      809      808      842      844      810           1
  382      809      843      845      811      810      844      846      812           1
  383      811      845      847      813      812      846      848      814           1
  384      813      847      849      815      814      848      850      816           1
  385      817      851      853      819      818      852      854      820           1
  386      819      853      855      821      820      854      856      822           1
  387      821      855      857      823      822      856      858      824           1
  388      823      857      859      825      824      858      860      826           1
  389      825      859      861      827      826      860      862      828           1
  390      827      861      863      829      828      862      864      830           1
  391      829      863      865      831      830      864      866      832           1
  392      831      865      867      833      832      866      868      834           1
  393      833      867      869      835      834      868      870      836           1
  394      835      869      871      837      836      870      872      838           1
  395      837      871      873      839      838      872      874      840           1
  396      839      873      875      841      840      874      876      842           1
  397      841      875      877      843      842      876      878      844           1
  398      843      877      879      845      844      878      880      846           1
  399      845      879      881      847      846      880      882      848           1
  400      847      881      883      849      848      882      884      850           1
  401      851      885      887      853      852      886      888      854           1
  402      853      887      889      855      854      888      890      856           1
  403      855      889      891      857      856      890      892      858           1
  404      857      891      893      859      858      892      894      860           1
  405      859      893      895      861      860      894      896      862           1
  406      861      895      897      863      862      896      898      864           1
  407      863      897      899      865      864      898      900      866           1
  408      865      899      901      867      866      900      902      868           1
  409      867      901      903      869      868      902      904      870           1
  410      869      903      905      871      870      904      906      872           1
  411      871      905      907      873      872      906      908      874           1
  412      873      907      909      875      874      908      910      876           1
  413      875      909      911      877      876      910      912      878           1
  414      877      911      913      879      878      912      914      880           1
  415      879      913      915      881      880      914      916      882           1
  416      881      915      917      883      882      916      918      884           1
  417      885      919      921      887      886      920      922      888           1
  418      887      921      923      889      888      922      924      890           1
  419      889      923      925      891      890      924      926      892           1
  420      891      925      927      893      892      926      928      894           1
  421      893      927      929      895      894      928      930      896           1
  422      895      929      931      897      896      930      932      898           1
  423      897      931      933      899      898      932      934      900           1
  424      899      933      935      901      900      934      936      902           1
  425      901      935      937      903      902      936      938      904           1
  426      903      937      939      905      904      938      940      906           1
  427      905      939      941      907      906      940      942      908           1
  428      907      941      943      909      908      942      944      910           1
  429      909      943      945      911      910      944      946      912           1
  430      911      945      947      913      912      946      948      914           1
  431      913      947      949      915      914      948      950      916           1
  432      915      949      951      917      916      950      952      918           1
  433      919      953      955      921      920      954      956      922           1
  434      921      955      957      923      922      956      958      924           1
  435      923      957      959      925      924      958      960      926           1
  436      925      959      961      927      926      960      962      928           1
  437      927      961      963      929      928      962      964      930           1
  438      929      963      965      931      930      964      966      932           1
  439      931      965      967      933      932      966      968      934           1
  440      933      967      969      935      934      968      970      936           1
  441      935      969      971      937      936      970      972      938           1
  442      937      971      973      939      938      972      974      940           1
  443      939      973      975      941      940      974      976      942           1
  444      941      975      977      943      942      976      978      944           1
  445      943      977      979      945      944      978      980      946           1
  446      945      979      981      947      946      980      982      948           1
  447      947      981      983      949      948      982      984      950           1
  448      949      983      985      951      950      984      986      952           1
  449      953      987      989      955      954      988      990      956           1
  450      955      989      991      957      956      990      992      958           1
  451      957      991      993      959      958      992      994      960           1
  452      959      993      995      961      960      994      996      962           1
  453      961      995      997      963      962      996      998      964           1
  454      963      997      999      965      964      998     1000      966           1
  455      965      999     1001      967      966     1000     1002      968           1
  456      967     1001     1003      969      968     1002     1004      970           1
  457      969     1003     1005      971      970     1004     1006      972           1
  458      971     1005     1007      973      972     1006     1008      974           1
  459      973     1007     1009      975      974     1008     1010      976           1
  460      975     1009     1011      977      976     1010     1012      978           1
  461      977     1011     1013      979      978     1012     1014      980           1
  462      979     1013     1015      981      980     1014     1016      982           1
  463      981     1015     1017      983      982     1016     1018      984           1
  464      983     1017     1019      985      984     1018     1020      986           1
  465      987     1021     1023      989      988     1022     1024      990           1
  466      989     1023     1025      991      990     1024     1026      992           1
  467      991     1025     1027      993      992     1026     1028      994           1
  468      993     1027     1029      995      994     1028     1030      996           1
  469      995     1029     1031      997      996     1030     1032      998           1
  470      997     1031     1033      999      998     1032     1034     1000           1
  471      999     1033     1035     1001     1000     1034     1036     1002           1
  472     1001     1035     1037     1003     1002     1036     1038     1004           1
  473     1003     1037     1039     1005     1004     1038     1040     1006           1
  474     1005     1039     1041     1007     1006     1040     1042     1008           1
  475     1007     1041     1043     1009     1008     1042     1044     1010           1
  476     1009     1043     1045     1011     1010     1044     1046     1012           1
  477     1011     1045     1047     1013     1012     1046     1048     1014           1
  478     1013     1047     1049     1015     1014     1048     1050     1016           1
  479     1015     1049     1051     1017     1016     1050     1052     1018           1
  480     1017     1051     1053     1019     1018     1052     1054     1020           1
  481     1021     1055     1057     1023     1022     1056     1058     1024           1
  482     1023     1057     1059     1025     1024     1058     1060     1026           1
  483     1025     1059     1061     1027     1026     1060     1062     1028           1
  484     1027     1061     1063     1029     1028     1062     1064     1030           1
  485     1029     1063     1065     1031     1030     1064     1066     1032           1
  486     1031     1065     1067     1033     1032     1066     1068     1034           1
  487     1033     1067     1069     1035     1034     1068     1070     1036           1
  488     1035     1069     1071     1037     1036     1070     1072     1038           1
  489     1037     1071     1073     1039     1038     1072     1074     1040           1
  490     1039     1073     1075     1041     1040     1074     1076     1042           1
  491     1041     1075     1077     1043     1042     1076     1078     1044           1
  492     1043     1077     1079     1045     1044     1078     1080     1046           1
  493     1045     1079     1081     1047     1046     1080     1082     1048           1
  494     1047     1081     1083     1049     1048     1082     1084     1050           1
  495     1049     1083     1085     1051     1050     1084     1086     1052           1
  496     1051     1085     1087     1053     1052     1086     1088     1054           1
  497     1055     1089     1091     1057     1056     1090     1092     1058           1
  498     1057     1091     1093     1059     1058     1092     1094     1060           1
  499     1059     1093     1095     1061     1060     1094     1096     1062           1
  500     1061     1095     1097     1063     1062     1096     1098     1064           1
  501     1063     1097     1099     1065     1064     1098     1100     1066           1
  502     1065     1099     1101     1067     1066     1100     1102     1068           1
  503     1067     1101     1103     1069     1068     1102     1104     1070           1
  504     1069     1103     1105     1071     1070     1104     1106     1072           1
  505     1071     1105     1107     1073     1072     1106     1108     1074           1
  506     1073     1107     1109     1075     1074     1108     1110     1076           1
  507     1075     1109     1111     1077     1076     1110     1112     1078           1
  508     1077     1111     1113     1079     1078     1112     1114     1080           1
  509     1079     1113     1115     1081     1080     1114     1116     1082           1
  510     1081     1115     1117     1083     1082     1116     1118     1084           1
  511     1083     1117     1119     1085     1084     1118     1120     1086           1
  512     1085     1119     1121     1087     1086     1120     1122     1088           1

	TOTAL SYSTEM DATA

     NUMBER OF EQUATIONS . . . . . . . . . . . . . .(NEQ) = 3264
     NUMBER OF MATRIX ELEMENTS . . . . . . . . . . .(NWK) = 352380
     MAXIMUM HALF BANDWIDTH  . . . . . . . . . . . .(MK ) = 114
     MEAN HALF BANDWIDTH . . . . . . . . . . . . . .(MM ) = 107


 LOAD CASE    1


 D I S P L A C E M E N T S

  NODE           X-DISPLACEMENT    Y-DISPLACEMENT    Z-DISPLACEMENT
    1               0.00000e+00       0.00000e+00       0.00000e+00
    2               0.00000e+00       0.00000e+00       0.00000e+00
    3               0.00000e+00       0.00000e+00       0.00000e+00
    4               0.00000e+00       0.00000e+00       0.00000e+00
    5               0.00000e+00       0.00000e+00       0.00000e+00
    6               0.00000e+00       0.00000e+00       0.00000e+00
    7               0.00000e+00       0.00000e+00       0.00000e+00
    8               0.00000e+00       0.00000e+00       0.00000e+00
    9               0.00000e+00       0.00000e+00       0.00000e+00
   10               0.00000e+00       0.00000e+00       0.00000e+00
   11               0.00000e+00       0.00000e+00       0.00000e+00
   12               0.00000e+00       0.00000e+00       0.00000e+00
   13               0.00000e+00       0.00000e+00       0.00000e+00
   14               0.00000e+00       0.00000e+00       0.00000e+00
   15               0.00000e+00       0.00000e+00       0.00000e+00
   16               0.00000e+00       0.00000e+00       0.00000e+00
   17               0.00000e+00       0.00000e+00       0.00000e+00
   18               0.00000e+00       0.00000e+00       0.00000e+00
   19               0.00000e+00       0.00000e+00       0.00000e+00
   20               0.00000e+00       0.00000e+00       0.00000e+00
   21               0.00000e+00       0.00000e+00       0.00000e+00
   22               0.00000e+00       0.00000e+00       0.00000e+00
   23               0.00000e+00       0.00000e+00       0.00000e+00
   24               0.00000e+00       0.00000e+00       0.00000e+00
   25               0.00000e+00       0.00000e+00       0.00000e+00
   26               0.00000e+00       0.00000e+00       0.00000e+00
   27               0.00000e+00       0.00000e+00       0.00000e+00
   28               0.00000e+00       0.00000e+00       0.00000e+00
   29               0.00000e+00       0.00000e+00       0.00000e+00
   30               0.00000e+00       0.00000e+00       0.00000e+00
   31               0.00000e+00       0.00000e+00       0.00000e+00
   32               0.00000e+00       0.00000e+00       0.00000e+00
   33               0.00000e+00       0.00000e+00       0.00000e+00
   34               0.00000e+00       0.00000e+00       0.00000e+00
   35              -8.27809e-05      -4.50539e-05      -5.07453e-06
   36              -8.27809e-05      -4.50539e-05       5.07453e-06
   37              -7.01610e-05      -3.92555e-05      -4.51600e-06
   38              -7.01610e-05      -3.92555e-05       4.51600e-06
   39              -5.89488e-05      -3.45440e-05      -3.92368e-06
   40              -5.89488e-05      -3.45440e-05       3.92368e-06
   41              -4.84751e-05      -3.07821e-05      -3.30103e-06
   42              -4.84751e-05      -3.07821e-05       3.30103e-06
   43              -3.84268e-05      -2.78500e-05      -2.65912e-06
   44              -3.84268e-05      -2.78500e-05       2.65912e-06
   45              -2.86390e-05      -2.56557e-05      -2.00412e-06
   46              -2.86390e-05      -2.56557e-05       2.00412e-06
   47              -1.90137e-05      -2.41325e-05      -1.34045e-06
   48              -1.90137e-05      -2.41325e-05       1.34045e-06
   49              -9.48440e-06      -2.32357e-05      -6.71487e-07
   50              -9.48440e-06      -2.32357e-05       6.71487e-07
   51               3.70054e-15      -2.29395e-05       1.19048e-14
   52              -3.64130e-15      -2.29395e-05       1.19004e-14
   53               9.48440e-06      -2.32357e-05       6.71487e-07
   54               9.48440e-06      -2.32357e-05      -6.71487e-07
   55               1.90137e-05      -2.41325e-05       1.34045e-06
   56               1.90137e-05      -2.41325e-05      -1.34045e-06
   57               2.86390e-05      -2.56557e-05       2.00412e-06
   58               2.86390e-05      -2.56557e-05      -2.00412e-06
   59               3.84268e-05      -2.78500e-05       2.65912e-06
   60               3.84268e-05      -2.78500e-05      -2.65912e-06
   61               4.84751e-05      -3.07821e-05       3.30103e-06
   62               4.84751e-05      -3.07821e-05      -3.30103e-06
   63               5.89488e-05      -3.45440e-05       3.92368e-06
   64               5.89488e-05      -3.45440e-05      -3.92368e-06
   65               7.01610e-05      -3.92555e-05       4.51600e-06
   66               7.01610e-05      -3.92555e-05      -4.51600e-06
   67               8.27809e-05      -4.50539e-05       5.07453e-06
   68               8.27809e-05      -4.50539e-05      -5.07453e-06
   69              -1.67949e-04      -1.26002e-04      -3.73777e-06
   70              -1.67949e-04      -1.26002e-04       3.73777e-06
   71              -1.46729e-04      -1.21418e-04      -3.34339e-06
   72              -1.46729e-04      -1.21418e-04       3.34339e-06
   73              -1.25239e-04      -1.17249e-04      -2.86576e-06
   74              -1.25239e-04      -1.17249e-04       2.86576e-06
   75              -1.03890e-04      -1.13618e-04      -2.39270e-06
   76              -1.03890e-04      -1.13618e-04       2.39270e-06
   77              -8.27732e-05      -1.10602e-04      -1.91687e-06
   78              -8.27732e-05      -1.10602e-04       1.91687e-06
   79              -6.18768e-05      -1.08236e-04      -1.43932e-06
   80              -6.18768e-05      -1.08236e-04       1.43932e-06
   81              -4.11536e-05      -1.06540e-04      -9.60364e-07
   82              -4.11536e-05      -1.06540e-04       9.60365e-07
   83              -2.05475e-05      -1.05521e-04      -4.80433e-07
   84              -2.05475e-05      -1.05521e-04       4.80433e-07
   85               7.03955e-15      -1.05181e-04       4.54046e-14
   86              -6.90980e-15      -1.05181e-04       4.54014e-14
   87               2.05475e-05      -1.05521e-04       4.80433e-07
   88               2.05475e-05      -1.05521e-04      -4.80433e-07
   89               4.11536e-05      -1.06540e-04       9.60365e-07
   90               4.11536e-05      -1.06540e-04      -9.60364e-07
   91               6.18768e-05      -1.08236e-04       1.43932e-06
   92               6.18768e-05      -1.08236e-04      -1.43932e-06
   93               8.27732e-05      -1.10602e-04       1.91687e-06
   94               8.27732e-05      -1.10602e-04      -1.91687e-06
   95               1.03890e-04      -1.13618e-04       2.39270e-06
   96               1.03890e-04      -1.13618e-04      -2.39270e-06
   97               1.25239e-04      -1.17249e-04       2.86576e-06
   98               1.25239e-04      -1.17249e-04      -2.86576e-06
   99               1.46729e-04      -1.21418e-04       3.34339e-06
  100               1.46729e-04      -1.21418e-04      -3.34339e-06
  101               1.67949e-04      -1.26002e-04       3.73777e-06
  102               1.67949e-04      -1.26002e-04      -3.73777e-06
  103              -2.51018e-04      -2.60369e-04      -3.96368e-06
  104              -2.51018e-04      -2.60369e-04       3.96368e-06
  105              -2.19036e-04      -2.55726e-04      -3.48152e-06
  106              -2.19036e-04      -2.55726e-04       3.48152e-06
  107              -1.87390e-04      -2.51768e-04      -2.98060e-06
  108              -1.87390e-04      -2.51768e-04       2.98060e-06
  109              -1.55903e-04      -2.48422e-04      -2.48425e-06
  110              -1.55903e-04      -2.48422e-04       2.48425e-06
  111              -1.24541e-04      -2.45672e-04      -1.98805e-06
  112              -1.24541e-04      -2.45672e-04       1.98805e-06
  113              -9.32914e-05      -2.43522e-04      -1.49157e-06
  114              -9.32914e-05      -2.43522e-04       1.49157e-06
  115              -6.21368e-05      -2.41979e-04      -9.94660e-07
  116              -6.21368e-05      -2.41979e-04       9.94660e-07
  117              -3.10506e-05      -2.41050e-04      -4.97419e-07
  118              -3.10506e-05      -2.41050e-04       4.97419e-07
  119               1.02496e-14      -2.40740e-04       9.90145e-14
  120              -1.00490e-14      -2.40740e-04       9.90113e-14
  121               3.10506e-05      -2.41050e-04       4.97419e-07
  122               3.10506e-05      -2.41050e-04      -4.97419e-07
  123               6.21368e-05      -2.41979e-04       9.94660e-07
  124               6.21368e-05      -2.41979e-04      -9.94660e-07
  125               9.32914e-05      -2.43522e-04       1.49157e-06
  126               9.32914e-05      -2.43522e-04      -1.49157e-06
  127               1.24541e-04      -2.45672e-04       1.98805e-06
  128               1.24541e-04      -2.45672e-04      -1.98805e-06
  129               1.55903e-04      -2.48422e-04       2.48425e-06
  130               1.55903e-04      -2.48422e-04      -2.48425e-06
  131               1.87390e-04      -2.51768e-04       2.98060e-06
  132               1.87390e-04      -2.51768e-04      -2.98060e-06
  133               2.19036e-04      -2.55726e-04       3.48152e-06
  134               2.19036e-04      -2.55726e-04      -3.48152e-06
  135               2.51018e-04      -2.60369e-04       3.96368e-06
  136               2.51018e-04      -2.60369e-04      -3.96368e-06
  137              -3.31511e-04      -4.46038e-04      -3.74094e-06
  138              -3.31511e-04      -4.46038e-04       3.74094e-06
  139              -2.89510e-04      -4.41589e-04      -3.31396e-06
  140              -2.89510e-04      -4.41589e-04       3.31397e-06
  141              -2.47717e-04      -4.37729e-04      -2.83641e-06
  142              -2.47717e-04      -4.37729e-04       2.83641e-06
  143              -2.06135e-04      -4.34467e-04      -2.36305e-06
  144              -2.06135e-04      -4.34467e-04       2.36305e-06
  145              -1.64722e-04      -4.31804e-04      -1.88987e-06
  146              -1.64722e-04      -4.31804e-04       1.88987e-06
  147              -1.23435e-04      -4.29736e-04      -1.41715e-06
  148              -1.23435e-04      -4.29736e-04       1.41715e-06
  149              -8.22402e-05      -4.28260e-04      -9.44671e-07
  150              -8.22402e-05      -4.28260e-04       9.44672e-07
  151              -4.11052e-05      -4.27374e-04      -4.72314e-07
  152              -4.11052e-05      -4.27374e-04       4.72315e-07
  153               1.33881e-14      -4.27079e-04       1.72218e-13
  154              -1.31178e-14      -4.27079e-04       1.72215e-13
  155               4.11052e-05      -4.27374e-04       4.72315e-07
  156               4.11052e-05      -4.27374e-04      -4.72314e-07
  157               8.22402e-05      -4.28260e-04       9.44672e-07
  158               8.22402e-05      -4.28260e-04      -9.44671e-07
  159               1.23435e-04      -4.29736e-04       1.41715e-06
  160               1.23435e-04      -4.29736e-04      -1.41715e-06
  161               1.64722e-04      -4.31804e-04       1.88987e-06
  162               1.64722e-04      -4.31804e-04      -1.88987e-06
  163               2.06135e-04      -4.34467e-04       2.36305e-06
  164               2.06135e-04      -4.34467e-04      -2.36305e-06
  165               2.47717e-04      -4.37729e-04       2.83641e-06
  166               2.47717e-04      -4.37729e-04      -2.83641e-06
  167               2.89510e-04      -4.41589e-04       3.31397e-06
  168               2.89510e-04      -4.41589e-04      -3.31396e-06
  169               3.31511e-04      -4.46038e-04       3.74094e-06
  170               3.31511e-04      -4.46038e-04      -3.74094e-06
  171              -4.09091e-04      -6.81087e-04      -3.62689e-06
  172              -4.09091e-04      -6.81087e-04       3.62690e-06
  173              -3.57386e-04      -6.76793e-04      -3.20373e-06
  174              -3.57386e-04      -6.76793e-04       3.20373e-06
  175              -3.05912e-04      -6.73083e-04      -2.74399e-06
  176              -3.05912e-04      -6.73083e-04       2.74399e-06
  177              -2.54628e-04      -6.69940e-04      -2.28710e-06
  178              -2.54628e-04      -6.69940e-04       2.28710e-06
  179              -2.03505e-04      -6.67369e-04      -1.82968e-06
  180              -2.03505e-04      -6.67369e-04       1.82968e-06
  181              -1.52515e-04      -6.65369e-04      -1.37222e-06
  182              -1.52515e-04      -6.65369e-04       1.37222e-06
  183              -1.01622e-04      -6.63941e-04      -9.14770e-07
  184              -1.01622e-04      -6.63941e-04       9.14771e-07
  185              -5.07948e-05      -6.63084e-04      -4.57370e-07
  186              -5.07948e-05      -6.63084e-04       4.57370e-07
  187               1.64276e-14      -6.62799e-04       2.64520e-13
  188              -1.60892e-14      -6.62799e-04       2.64516e-13
  189               5.07948e-05      -6.63084e-04       4.57370e-07
  190               5.07948e-05      -6.63084e-04      -4.57370e-07
  191               1.01622e-04      -6.63941e-04       9.14771e-07
  192               1.01622e-04      -6.63941e-04      -9.14770e-07
  193               1.52515e-04      -6.65369e-04       1.37222e-06
  194               1.52515e-04      -6.65369e-04      -1.37222e-06
  195               2.03505e-04      -6.67369e-04       1.82968e-06
  196               2.03505e-04      -6.67369e-04      -1.82968e-06
  197               2.54628e-04      -6.69940e-04       2.28710e-06
  198               2.54628e-04      -6.69940e-04      -2.28710e-06
  199               3.05912e-04      -6.73083e-04       2.74399e-06
  200               3.05912e-04      -6.73083e-04      -2.74399e-06
  201               3.57386e-04      -6.76793e-04       3.20373e-06
  202               3.57386e-04      -6.76793e-04      -3.20373e-06
  203               4.09091e-04      -6.81087e-04       3.62690e-06
  204               4.09091e-04      -6.81087e-04      -3.62689e-06
  205              -4.83860e-04      -9.63748e-04      -3.48778e-06
  206              -4.83860e-04      -9.63748e-04       3.48778e-06
  207              -4.22810e-04      -9.59614e-04      -3.08353e-06
  208              -4.22810e-04      -9.59614e-04       3.08353e-06
  209              -3.61986e-04      -9.56038e-04      -2.64013e-06
  210              -3.61986e-04      -9.56038e-04       2.64013e-06
  211              -3.01358e-04      -9.53012e-04      -2.20032e-06
  212              -3.01358e-04      -9.53012e-04       2.20032e-06
  213              -2.40892e-04      -9.50537e-04      -1.76028e-06
  214              -2.40892e-04      -9.50537e-04       1.76028e-06
  215              -1.80555e-04      -9.48611e-04      -1.32024e-06
  216              -1.80555e-04      -9.48611e-04       1.32024e-06
  217              -1.20316e-04      -9.47235e-04      -8.80180e-07
  218              -1.20316e-04      -9.47235e-04       8.80181e-07
  219              -6.01416e-05      -9.46410e-04      -4.40095e-07
  220              -6.01416e-05      -9.46410e-04       4.40096e-07
  221               1.93482e-14      -9.46135e-04       3.75232e-13
  222              -1.89393e-14      -9.46135e-04       3.75229e-13
  223               6.01416e-05      -9.46410e-04       4.40096e-07
  224               6.01416e-05      -9.46410e-04      -4.40095e-07
  225               1.20316e-04      -9.47235e-04       8.80181e-07
  226               1.20316e-04      -9.47235e-04      -8.80180e-07
  227               1.80555e-04      -9.48611e-04       1.32024e-06
  228               1.80555e-04      -9.48611e-04      -1.32024e-06
  229               2.40892e-04      -9.50537e-04       1.76028e-06
  230               2.40892e-04      -9.50537e-04      -1.76028e-06
  231               3.01358e-04      -9.53012e-04       2.20032e-06
  232               3.01358e-04      -9.53012e-04      -2.20032e-06
  233               3.61986e-04      -9.56038e-04       2.64013e-06
  234               3.61986e-04      -9.56038e-04      -2.64013e-06
  235               4.22810e-04      -9.59614e-04       3.08353e-06
  236               4.22810e-04      -9.59614e-04      -3.08353e-06
  237               4.83860e-04      -9.63748e-04       3.48778e-06
  238               4.83860e-04      -9.63748e-04      -3.48778e-06
  239              -5.55805e-04      -1.29226e-03      -3.35478e-06
  240              -5.55805e-04      -1.29226e-03       3.35478e-06
  241              -4.85762e-04      -1.28828e-03      -2.96520e-06
  242              -4.85762e-04      -1.28828e-03       2.96520e-06
  243              -4.15946e-04      -1.28484e-03      -2.53915e-06
  244              -4.15946e-04      -1.28484e-03       2.53915e-06
  245              -3.46324e-04      -1.28193e-03      -2.11616e-06
  246              -3.46324e-04      -1.28193e-03       2.11616e-06
  247              -2.76864e-04      -1.27955e-03      -1.69290e-06
  248              -2.76864e-04      -1.27955e-03       1.69290e-06
  249              -2.07535e-04      -1.27770e-03      -1.26967e-06
  250              -2.07535e-04      -1.27770e-03       1.26967e-06
  251              -1.38302e-04      -1.27638e-03      -8.46442e-07
  252              -1.38302e-04      -1.27638e-03       8.46443e-07
  253              -6.91350e-05      -1.27559e-03      -4.23221e-07
  254              -6.91350e-05      -1.27559e-03       4.23222e-07
  255               2.21388e-14      -1.27532e-03       5.03574e-13
  256              -2.16580e-14      -1.27532e-03       5.03571e-13
  257               6.91350e-05      -1.27559e-03       4.23222e-07
  258               6.91350e-05      -1.27559e-03      -4.23221e-07
  259               1.38302e-04      -1.27638e-03       8.46443e-07
  260               1.38302e-04      -1.27638e-03      -8.46442e-07
  261               2.07535e-04      -1.27770e-03       1.26967e-06
  262               2.07535e-04      -1.27770e-03      -1.26967e-06
  263               2.76864e-04      -1.27955e-03       1.69290e-06
  264               2.76864e-04      -1.27955e-03      -1.69290e-06
  265               3.46324e-04      -1.28193e-03       2.11616e-06
  266               3.46324e-04      -1.28193e-03      -2.11616e-06
  267               4.15946e-04      -1.28484e-03       2.53915e-06
  268               4.15946e-04      -1.28484e-03      -2.53915e-06
  269               4.85762e-04      -1.28828e-03       2.96520e-06
  270               4.85762e-04      -1.28828e-03      -2.96520e-06
  271               5.55805e-04      -1.29226e-03       3.35478e-06
  272               5.55805e-04      -1.29226e-03      -3.35478e-06
  273              -6.24930e-04      -1.66485e-03      -3.22033e-06
  274              -6.24930e-04      -1.66485e-03       3.22034e-06
  275              -5.46246e-04      -1.66103e-03      -2.84656e-06
  276              -5.46246e-04      -1.66103e-03       2.84656e-06
  277              -4.67789e-04      -1.65773e-03      -2.43744e-06
  278              -4.67789e-04      -1.65773e-03       2.43744e-06
  279              -3.89527e-04      -1.65494e-03      -2.03141e-06
  280              -3.89527e-04      -1.65494e-03       2.03141e-06
  281              -3.11427e-04      -1.65265e-03      -1.62512e-06
  282              -3.11427e-04      -1.65265e-03       1.62512e-06
  283              -2.33456e-04      -1.65088e-03      -1.21884e-06
  284              -2.33456e-04      -1.65088e-03       1.21884e-06
  285              -1.55584e-04      -1.64961e-03      -8.12559e-07
  286              -1.55584e-04      -1.64961e-03       8.12560e-07
  287              -7.77755e-05      -1.64884e-03      -4.06279e-07
  288              -7.77755e-05      -1.64884e-03       4.06280e-07
  289               2.47963e-14      -1.64859e-03       6.48717e-13
  290              -2.42455e-14      -1.64859e-03       6.48714e-13
  291               7.77755e-05      -1.64884e-03       4.06280e-07
  292               7.77755e-05      -1.64884e-03      -4.06279e-07
  293               1.55584e-04      -1.64961e-03       8.12560e-07
  294               1.55584e-04      -1.64961e-03      -8.12559e-07
  295               2.33456e-04      -1.65088e-03       1.21884e-06
  296               2.33456e-04      -1.65088e-03      -1.21884e-06
  297               3.11427e-04      -1.65265e-03       1.62512e-06
  298               3.11427e-04      -1.65265e-03      -1.62512e-06
  299               3.89527e-04      -1.65494e-03       2.03141e-06
  300               3.89527e-04      -1.65494e-03      -2.03141e-06
  301               4.67789e-04      -1.65773e-03       2.43744e-06
  302               4.67789e-04      -1.65773e-03      -2.43744e-06
  303               5.46246e-04      -1.66103e-03       2.84656e-06
  304               5.46246e-04      -1.66103e-03      -2.84656e-06
  305               6.24930e-04      -1.66485e-03       3.22034e-06
  306               6.24930e-04      -1.66485e-03      -3.22033e-06
  307              -6.91233e-04      -2.07976e-03      -3.08621e-06
  308              -6.91233e-04      -2.07976e-03       3.08621e-06
  309              -6.04261e-04      -2.07610e-03      -2.72795e-06
  310              -6.04261e-04      -2.07610e-03       2.72796e-06
  311              -5.17516e-04      -2.07294e-03      -2.33592e-06
  312              -5.17516e-04      -2.07294e-03       2.33592e-06
  313              -4.30966e-04      -2.07026e-03      -1.94679e-06
  314              -4.30966e-04      -2.07026e-03       1.94679e-06
  315              -3.44578e-04      -2.06807e-03      -1.55742e-06
  316              -3.44578e-04      -2.06807e-03       1.55742e-06
  317              -2.58320e-04      -2.06637e-03      -1.16806e-06
  318              -2.58320e-04      -2.06637e-03       1.16807e-06
  319              -1.72159e-04      -2.06515e-03      -7.78709e-07
  320              -1.72159e-04      -2.06515e-03       7.78711e-07
  321              -8.60634e-05      -2.06442e-03      -3.89354e-07
  322              -8.60634e-05      -2.06442e-03       3.89356e-07
  323               2.73186e-14      -2.06418e-03       8.09837e-13
  324              -2.67008e-14      -2.06418e-03       8.09834e-13
  325               8.60634e-05      -2.06442e-03       3.89356e-07
  326               8.60634e-05      -2.06442e-03      -3.89354e-07
  327               1.72159e-04      -2.06515e-03       7.78711e-07
  328               1.72159e-04      -2.06515e-03      -7.78709e-07
  329               2.58320e-04      -2.06637e-03       1.16807e-06
  330               2.58320e-04      -2.06637e-03      -1.16806e-06
  331               3.44578e-04      -2.06807e-03       1.55742e-06
  332               3.44578e-04      -2.06807e-03      -1.55742e-06
  333               4.30966e-04      -2.07026e-03       1.94679e-06
  334               4.30966e-04      -2.07026e-03      -1.94679e-06
  335               5.17516e-04      -2.07294e-03       2.33592e-06
  336               5.17516e-04      -2.07294e-03      -2.33592e-06
  337               6.04261e-04      -2.07610e-03       2.72796e-06
  338               6.04261e-04      -2.07610e-03      -2.72795e-06
  339               6.91233e-04      -2.07976e-03       3.08621e-06
  340               6.91233e-04      -2.07976e-03      -3.08621e-06
  341              -7.54714e-04      -2.53523e-03      -2.95201e-06
  342              -7.54714e-04      -2.53523e-03       2.95202e-06
  343              -6.59807e-04      -2.53173e-03      -2.60935e-06
  344              -6.59807e-04      -2.53173e-03       2.60935e-06
  345              -5.65127e-04      -2.52871e-03      -2.23435e-06
  346              -5.65127e-04      -2.52871e-03       2.23435e-06
  347              -4.70642e-04      -2.52615e-03      -1.86214e-06
  348              -4.70642e-04      -2.52615e-03       1.86215e-06
  349              -3.76319e-04      -2.52405e-03      -1.48970e-06
  350              -3.76319e-04      -2.52405e-03       1.48970e-06
  351              -2.82126e-04      -2.52242e-03      -1.11728e-06
  352              -2.82126e-04      -2.52242e-03       1.11728e-06
  353              -1.88030e-04      -2.52126e-03      -7.44850e-07
  354              -1.88030e-04      -2.52126e-03       7.44852e-07
  355              -9.39986e-05      -2.52056e-03      -3.72425e-07
  356              -9.39986e-05      -2.52056e-03       3.72427e-07
  357               2.97060e-14      -2.52033e-03       9.86086e-13
  358              -2.90178e-14      -2.52033e-03       9.86085e-13
  359               9.39986e-05      -2.52056e-03       3.72427e-07
  360               9.39986e-05      -2.52056e-03      -3.72425e-07
  361               1.88030e-04      -2.52126e-03       7.44852e-07
  362               1.88030e-04      -2.52126e-03      -7.44850e-07
  363               2.82126e-04      -2.52242e-03       1.11728e-06
  364               2.82126e-04      -2.52242e-03      -1.11728e-06
  365               3.76319e-04      -2.52405e-03       1.48970e-06
  366               3.76319e-04      -2.52405e-03      -1.48970e-06
  367               4.70642e-04      -2.52615e-03       1.86215e-06
  368               4.70642e-04      -2.52615e-03      -1.86214e-06
  369               5.65127e-04      -2.52871e-03       2.23435e-06
  370               5.65127e-04      -2.52871e-03      -2.23435e-06
  371               6.59807e-04      -2.53173e-03       2.60935e-06
  372               6.59807e-04      -2.53173e-03      -2.60935e-06
  373               7.54714e-04      -2.53523e-03       2.95202e-06
  374               7.54714e-04      -2.53523e-03      -2.95201e-06
  375              -8.15375e-04      -3.02950e-03      -2.81784e-06
  376              -8.15375e-04      -3.02950e-03       2.81784e-06
  377              -7.12885e-04      -3.02616e-03      -2.49074e-06
  378              -7.12885e-04      -3.02616e-03       2.49074e-06
  379              -6.10623e-04      -3.02327e-03      -2.13279e-06
  380              -6.10623e-04      -3.02327e-03       2.13279e-06
  381              -5.08555e-04      -3.02083e-03      -1.77750e-06
  382              -5.08555e-04      -3.02083e-03       1.77750e-06
  383              -4.06649e-04      -3.01883e-03      -1.42199e-06
  384              -4.06649e-04      -3.01883e-03       1.42199e-06
  385              -3.04873e-04      -3.01727e-03      -1.06649e-06
  386              -3.04873e-04      -3.01727e-03       1.06649e-06
  387              -2.03195e-04      -3.01616e-03      -7.10993e-07
  388              -2.03195e-04      -3.01616e-03       7.10996e-07
  389              -1.01581e-04      -3.01549e-03      -3.55496e-07
  390              -1.01581e-04      -3.01549e-03       3.55498e-07
  391               3.19577e-14      -3.01527e-03       1.17661e-12
  392              -3.11994e-14      -3.01527e-03       1.17660e-12
  393               1.01581e-04      -3.01549e-03       3.55498e-07
  394               1.01581e-04      -3.01549e-03      -3.55496e-07
  395               2.03195e-04      -3.01616e-03       7.10996e-07
  396               2.03195e-04      -3.01616e-03      -7.10993e-07
  397               3.04873e-04      -3.01727e-03       1.06649e-06
  398               3.04873e-04      -3.01727e-03      -1.06649e-06
  399               4.06649e-04      -3.01883e-03       1.42199e-06
  400               4.06649e-04      -3.01883e-03      -1.42199e-06
  401               5.08555e-04      -3.02083e-03       1.77750e-06
  402               5.08555e-04      -3.02083e-03      -1.77750e-06
  403               6.10623e-04      -3.02327e-03       2.13279e-06
  404               6.10623e-04      -3.02327e-03      -2.13279e-06
  405               7.12885e-04      -3.02616e-03       2.49074e-06
  406               7.12885e-04      -3.02616e-03      -2.49074e-06
  407               8.15375e-04      -3.02950e-03       2.81784e-06
  408               8.15375e-04      -3.02950e-03      -2.81784e-06
  409              -8.73214e-04      -3.56079e-03      -2.68365e-06
  410              -8.73214e-04      -3.56079e-03       2.68365e-06
  411              -7.63494e-04      -3.55761e-03      -2.37213e-06
  412              -7.63494e-04      -3.55761e-03       2.37214e-06
  413              -6.54002e-04      -3.55486e-03      -2.03123e-06
  414              -6.54002e-04      -3.55486e-03       2.03123e-06
  415              -5.44704e-04      -3.55254e-03      -1.69286e-06
  416              -5.44704e-04      -3.55254e-03       1.69286e-06
  417              -4.35569e-04      -3.55063e-03      -1.35427e-06
  418              -4.35569e-04      -3.55063e-03       1.35428e-06
  419              -3.26563e-04      -3.54915e-03      -1.01571e-06
  420              -3.26563e-04      -3.54915e-03       1.01571e-06
  421              -2.17654e-04      -3.54809e-03      -6.77136e-07
  422              -2.17654e-04      -3.54809e-03       6.77139e-07
  423              -1.08811e-04      -3.54746e-03      -3.38567e-07
  424              -1.08811e-04      -3.54746e-03       3.38570e-07
  425               3.40699e-14      -3.54725e-03       1.38057e-12
  426              -3.32460e-14      -3.54725e-03       1.38056e-12
  427               1.08811e-04      -3.54746e-03       3.38570e-07
  428               1.08811e-04      -3.54746e-03      -3.38567e-07
  429               2.17654e-04      -3.54809e-03       6.77139e-07
  430               2.17654e-04      -3.54809e-03      -6.77136e-07
  431               3.26563e-04      -3.54915e-03       1.01571e-06
  432               3.26563e-04      -3.54915e-03      -1.01571e-06
  433               4.35569e-04      -3.55063e-03       1.35428e-06
  434               4.35569e-04      -3.55063e-03      -1.35427e-06
  435               5.44704e-04      -3.55254e-03       1.69286e-06
  436               5.44704e-04      -3.55254e-03      -1.69286e-06
  437               6.54002e-04      -3.55486e-03       2.03123e-06
  438               6.54002e-04      -3.55486e-03      -2.03123e-06
  439               7.63494e-04      -3.55761e-03       2.37214e-06
  440               7.63494e-04      -3.55761e-03      -2.37213e-06
  441               8.73214e-04      -3.56079e-03       2.68365e-06
  442               8.73214e-04      -3.56079e-03      -2.68365e-06
  443              -9.28231e-04      -4.12736e-03      -2.54947e-06
  444              -9.28231e-04      -4.12736e-03       2.54947e-06
  445              -8.11634e-04      -4.12434e-03      -2.25353e-06
  446              -8.11634e-04      -4.12434e-03       2.25353e-06
  447              -6.95265e-04      -4.12172e-03      -1.92966e-06
  448              -6.95265e-04      -4.12172e-03       1.92967e-06
  449              -5.79090e-04      -4.11951e-03      -1.60822e-06
  450              -5.79090e-04      -4.11951e-03       1.60822e-06
  451              -4.63077e-04      -4.11770e-03      -1.28656e-06
  452              -4.63077e-04      -4.11770e-03       1.28656e-06
  453              -3.47194e-04      -4.11630e-03      -9.64920e-07
  454              -3.47194e-04      -4.11630e-03       9.64923e-07
  455              -2.31409e-04      -4.11529e-03      -6.43279e-07
  456              -2.31409e-04      -4.11529e-03       6.43282e-07
  457              -1.15688e-04      -4.11469e-03      -3.21639e-07
  458              -1.15688e-04      -4.11469e-03       3.21642e-07
  459               3.60411e-14      -4.11449e-03       1.59708e-12
  460              -3.51548e-14      -4.11449e-03       1.59707e-12
  461               1.15688e-04      -4.11469e-03       3.21642e-07
  462               1.15688e-04      -4.11469e-03      -3.21639e-07
  463               2.31409e-04      -4.11529e-03       6.43282e-07
  464               2.31409e-04      -4.11529e-03      -6.43279e-07
  465               3.47194e-04      -4.11630e-03       9.64923e-07
  466               3.47194e-04      -4.11630e-03      -9.64920e-07
  467               4.63077e-04      -4.11770e-03       1.28656e-06
  468               4.63077e-04      -4.11770e-03      -1.28656e-06
  469               5.79090e-04      -4.11951e-03       1.60822e-06
  470               5.79090e-04      -4.11951e-03      -1.60822e-06
  471               6.95265e-04      -4.12172e-03       1.92967e-06
  472               6.95265e-04      -4.12172e-03      -1.92966e-06
  473               8.11634e-04      -4.12434e-03       2.25353e-06
  474               8.11634e-04      -4.12434e-03      -2.25353e-06
  475               9.28231e-04      -4.12736e-03       2.54947e-06
  476               9.28231e-04      -4.12736e-03      -2.54947e-06
  477              -9.80427e-04      -4.72743e-03      -2.41529e-06
  478              -9.80427e-04      -4.72743e-03       2.41529e-06
  479              -8.57306e-04      -4.72456e-03      -2.13492e-06
  480              -8.57306e-04      -4.72456e-03       2.13492e-06
  481              -7.34412e-04      -4.72209e-03      -1.82810e-06
  482              -7.34412e-04      -4.72209e-03       1.82811e-06
  483              -6.11712e-04      -4.71999e-03      -1.52357e-06
  484              -6.11712e-04      -4.71999e-03       1.52358e-06
  485              -4.89175e-04      -4.71828e-03      -1.21884e-06
  486              -4.89175e-04      -4.71828e-03       1.21885e-06
  487              -3.66768e-04      -4.71695e-03      -9.14134e-07
  488              -3.66768e-04      -4.71695e-03       9.14138e-07
  489              -2.44458e-04      -4.71600e-03      -6.09422e-07
  490              -2.44458e-04      -4.71600e-03       6.09426e-07
  491              -1.22213e-04      -4.71542e-03      -3.04710e-07
  492              -1.22213e-04      -4.71542e-03       3.04714e-07
  493               3.78714e-14      -4.71523e-03       1.82529e-12
  494              -3.69313e-14      -4.71523e-03       1.82528e-12
  495               1.22213e-04      -4.71542e-03       3.04714e-07
  496               1.22213e-04      -4.71542e-03      -3.04710e-07
  497               2.44458e-04      -4.71600e-03       6.09426e-07
  498               2.44458e-04      -4.71600e-03      -6.09422e-07
  499               3.66768e-04      -4.71695e-03       9.14138e-07
  500               3.66768e-04      -4.71695e-03      -9.14134e-07
  501               4.89175e-04      -4.71828e-03       1.21885e-06
  502               4.89175e-04      -4.71828e-03      -1.21884e-06
  503               6.11712e-04      -4.71999e-03       1.52358e-06
  504               6.11712e-04      -4.71999e-03      -1.52357e-06
  505               7.34412e-04      -4.72209e-03       1.82811e-06
  506               7.34412e-04      -4.72209e-03      -1.82810e-06
  507               8.57306e-04      -4.72456e-03       2.13492e-06
  508               8.57306e-04      -4.72456e-03      -2.13492e-06
  509               9.80427e-04      -4.72743e-03       2.41529e-06
  510               9.80427e-04      -4.72743e-03      -2.41529e-06
  511              -1.02980e-03      -5.35924e-03      -2.28110e-06
  512              -1.02980e-03      -5.35924e-03       2.28111e-06
  513              -9.00509e-04      -5.35653e-03      -2.01631e-06
  514              -9.00509e-04      -5.35653e-03       2.01632e-06
  515              -7.71443e-04      -5.35420e-03      -1.72654e-06
  516              -7.71443e-04      -5.35420e-03       1.72654e-06
  517              -6.42572e-04      -5.35222e-03      -1.43893e-06
  518              -6.42572e-04      -5.35222e-03       1.43893e-06
  519              -5.13863e-04      -5.35060e-03      -1.15113e-06
  520              -5.13863e-04      -5.35060e-03       1.15113e-06
  521              -3.85283e-04      -5.34934e-03      -8.63349e-07
  522              -3.85283e-04      -5.34934e-03       8.63353e-07
  523              -2.56801e-04      -5.34844e-03      -5.75565e-07
  524              -2.56801e-04      -5.34844e-03       5.75569e-07
  525              -1.28385e-04      -5.34790e-03      -2.87781e-07
  526              -1.28385e-04      -5.34790e-03       2.87786e-07
  527               3.95722e-14      -5.34772e-03       2.06435e-12
  528              -3.85747e-14      -5.34772e-03       2.06435e-12
  529               1.28385e-04      -5.34790e-03       2.87786e-07
  530               1.28385e-04      -5.34790e-03      -2.87781e-07
  531               2.56801e-04      -5.34844e-03       5.75569e-07
  532               2.56801e-04      -5.34844e-03      -5.75565e-07
  533               3.85283e-04      -5.34934e-03       8.63353e-07
  534               3.85283e-04      -5.34934e-03      -8.63349e-07
  535               5.13863e-04      -5.35060e-03       1.15113e-06
  536               5.13863e-04      -5.35060e-03      -1.15113e-06
  537               6.42572e-04      -5.35222e-03       1.43893e-06
  538               6.42572e-04      -5.35222e-03      -1.43893e-06
  539               7.71443e-04      -5.35420e-03       1.72654e-06
  540               7.71443e-04      -5.35420e-03      -1.72654e-06
  541               9.00509e-04      -5.35653e-03       2.01632e-06
  542               9.00509e-04      -5.35653e-03      -2.01631e-06
  543               1.02980e-03      -5.35924e-03       2.28111e-06
  544               1.02980e-03      -5.35924e-03      -2.28110e-06
  545              -1.07635e-03      -6.02102e-03      -2.14692e-06
  546              -1.07635e-03      -6.02102e-03       2.14692e-06
  547              -9.41243e-04      -6.01848e-03      -1.89771e-06
  548              -9.41243e-04      -6.01848e-03       1.89771e-06
  549              -8.06358e-04      -6.01628e-03      -1.62498e-06
  550              -8.06358e-04      -6.01628e-03       1.62498e-06
  551              -6.71667e-04      -6.01442e-03      -1.35429e-06
  552              -6.71667e-04      -6.01442e-03       1.35429e-06
  553              -5.37139e-04      -6.01289e-03      -1.08342e-06
  554              -5.37139e-04      -6.01289e-03       1.08342e-06
  555              -4.02741e-04      -6.01171e-03      -8.12563e-07
  556              -4.02741e-04      -6.01171e-03       8.12568e-07
  557              -2.68440e-04      -6.01086e-03      -5.41708e-07
  558              -2.68440e-04      -6.01086e-03       5.41712e-07
  559              -1.34204e-04      -6.01035e-03      -2.70853e-07
  560              -1.34204e-04      -6.01035e-03       2.70857e-07
  561               4.11490e-14      -6.01018e-03       2.31346e-12
  562              -4.00788e-14      -6.01018e-03       2.31345e-12
  563               1.34204e-04      -6.01035e-03       2.70857e-07
  564               1.34204e-04      -6.01035e-03      -2.70853e-07
  565               2.68440e-04      -6.01086e-03       5.41712e-07
  566               2.68440e-04      -6.01086e-03      -5.41708e-07
  567               4.02741e-04      -6.01171e-03       8.12568e-07
  568               4.02741e-04      -6.01171e-03      -8.12563e-07
  569               5.37139e-04      -6.01289e-03       1.08342e-06
  570               5.37139e-04      -6.01289e-03      -1.08342e-06
  571               6.71667e-04      -6.01442e-03       1.35429e-06
  572               6.71667e-04      -6.01442e-03      -1.35429e-06
  573               8.06358e-04      -6.01628e-03       1.62498e-06
  574               8.06358e-04      -6.01628e-03      -1.62498e-06
  575               9.41243e-04      -6.01848e-03       1.89771e-06
  576               9.41243e-04      -6.01848e-03      -1.89771e-06
  577               1.07635e-03      -6.02102e-03       2.14692e-06
  578               1.07635e-03      -6.02102e-03      -2.14692e-06
  579              -1.12009e-03      -6.71102e-03      -2.01274e-06
  580              -1.12009e-03      -6.71102e-03       2.01274e-06
  581              -9.79508e-04      -6.70864e-03      -1.77910e-06
  582              -9.79508e-04      -6.70864e-03       1.77910e-06
  583              -8.39157e-04      -6.70658e-03      -1.52342e-06
  584              -8.39157e-04      -6.70658e-03       1.52342e-06
  585              -6.99000e-04      -6.70483e-03      -1.26964e-06
  586              -6.99000e-04      -6.70483e-03       1.26965e-06
  587              -5.59005e-04      -6.70340e-03      -1.01570e-06
  588              -5.59005e-04      -6.70340e-03       1.01571e-06
  589              -4.19140e-04      -6.70229e-03      -7.61777e-07
  590              -4.19140e-04      -6.70229e-03       7.61783e-07
  591              -2.79373e-04      -6.70150e-03      -5.07851e-07
  592              -2.79373e-04      -6.70150e-03       5.07856e-07
  593              -1.39670e-04      -6.70102e-03      -2.53924e-07
  594              -1.39670e-04      -6.70102e-03       2.53929e-07
  595               4.25937e-14      -6.70086e-03       2.57177e-12
  596              -4.14488e-14      -6.70086e-03       2.57177e-12
  597               1.39670e-04      -6.70102e-03       2.53929e-07
  598               1.39670e-04      -6.70102e-03      -2.53924e-07
  599               2.79373e-04      -6.70150e-03       5.07856e-07
  600               2.79373e-04      -6.70150e-03      -5.07851e-07
  601               4.19140e-04      -6.70229e-03       7.61783e-07
  602               4.19140e-04      -6.70229e-03      -7.61777e-07
  603               5.59005e-04      -6.70340e-03       1.01571e-06
  604               5.59005e-04      -6.70340e-03      -1.01570e-06
  605               6.99000e-04      -6.70483e-03       1.26965e-06
  606               6.99000e-04      -6.70483e-03      -1.26964e-06
  607               8.39157e-04      -6.70658e-03       1.52342e-06
  608               8.39157e-04      -6.70658e-03      -1.52342e-06
  609               9.79508e-04      -6.70864e-03       1.77910e-06
  610               9.79508e-04      -6.70864e-03      -1.77910e-06
  611               1.12009e-03      -6.71102e-03       2.01274e-06
  612               1.12009e-03      -6.71102e-03      -2.01274e-06
  613              -1.16100e-03      -7.42747e-03      -1.87855e-06
  614              -1.16100e-03      -7.42747e-03       1.87856e-06
  615              -1.01530e-03      -7.42525e-03      -1.66049e-06
  616              -1.01530e-03      -7.42525e-03       1.66050e-06
  617              -8.69839e-04      -7.42332e-03      -1.42186e-06
  618              -8.69839e-04      -7.42332e-03       1.42186e-06
  619              -7.24569e-04      -7.42169e-03      -1.18500e-06
  620              -7.24569e-04      -7.42169e-03       1.18501e-06
  621              -5.79460e-04      -7.42036e-03      -9.47989e-07
  622              -5.79460e-04      -7.42036e-03       9.47995e-07
  623              -4.34482e-04      -7.41932e-03      -7.10992e-07
  624              -4.34482e-04      -7.41932e-03       7.10997e-07
  625              -2.89600e-04      -7.41858e-03      -4.73994e-07
  626              -2.89600e-04      -7.41858e-03       4.73999e-07
  627              -1.44784e-04      -7.41814e-03      -2.36995e-07
  628              -1.44784e-04      -7.41814e-03       2.37001e-07
  629               4.38933e-14      -7.41799e-03       2.83849e-12
  630              -4.27026e-14      -7.41799e-03       2.83848e-12
  631               1.44784e-04      -7.41814e-03       2.37001e-07
  632               1.44784e-04      -7.41814e-03      -2.36995e-07
  633               2.89600e-04      -7.41858e-03       4.73999e-07
  634               2.89600e-04      -7.41858e-03      -4.73994e-07
  635               4.34482e-04      -7.41932e-03       7.10997e-07
  636               4.34482e-04      -7.41932e-03      -7.10992e-07
  637               5.79460e-04      -7.42036e-03       9.47995e-07
  638               5.79460e-04      -7.42036e-03      -9.47989e-07
  639               7.24569e-04      -7.42169e-03       1.18501e-06
  640               7.24569e-04      -7.42169e-03      -1.18500e-06
  641               8.69839e-04      -7.42332e-03       1.42186e-06
  642               8.69839e-04      -7.42332e-03      -1.42186e-06
  643               1.01530e-03      -7.42525e-03       1.66050e-06
  644               1.01530e-03      -7.42525e-03      -1.66049e-06
  645               1.16100e-03      -7.42747e-03       1.87856e-06
  646               1.16100e-03      -7.42747e-03      -1.87855e-06
  647              -1.19909e-03      -8.16861e-03      -1.74437e-06
  648              -1.19909e-03      -8.16861e-03       1.74438e-06
  649              -1.04863e-03      -8.16655e-03      -1.54188e-06
  650              -1.04863e-03      -8.16655e-03       1.54189e-06
  651              -8.98406e-04      -8.16476e-03      -1.32029e-06
  652              -8.98406e-04      -8.16476e-03       1.32030e-06
  653              -7.48374e-04      -8.16325e-03      -1.10036e-06
  654              -7.48374e-04      -8.16325e-03       1.10036e-06
  655              -5.98505e-04      -8.16201e-03      -8.80275e-07
  656              -5.98505e-04      -8.16201e-03       8.80281e-07
  657              -4.48765e-04      -8.16104e-03      -6.60206e-07
  658              -4.48765e-04      -8.16104e-03       6.60212e-07
  659              -2.99123e-04      -8.16036e-03      -4.40136e-07
  660              -2.99123e-04      -8.16036e-03       4.40143e-07
  661              -1.49545e-04      -8.15994e-03      -2.20067e-07
  662              -1.49545e-04      -8.15994e-03       2.20073e-07
  663               4.50683e-14      -8.15981e-03       3.11277e-12
  664              -4.38285e-14      -8.15981e-03       3.11277e-12
  665               1.49545e-04      -8.15994e-03       2.20073e-07
  666               1.49545e-04      -8.15994e-03      -2.20067e-07
  667               2.99123e-04      -8.16036e-03       4.40143e-07
  668               2.99123e-04      -8.16036e-03      -4.40136e-07
  669               4.48765e-04      -8.16104e-03       6.60212e-07
  670               4.48765e-04      -8.16104e-03      -6.60206e-07
  671               5.98505e-04      -8.16201e-03       8.80281e-07
  672               5.98505e-04      -8.16201e-03      -8.80275e-07
  673               7.48374e-04      -8.16325e-03       1.10036e-06
  674               7.48374e-04      -8.16325e-03      -1.10036e-06
  675               8.98406e-04      -8.16476e-03       1.32030e-06
  676               8.98406e-04      -8.16476e-03      -1.32029e-06
  677               1.04863e-03      -8.16655e-03       1.54189e-06
  678               1.04863e-03      -8.16655e-03      -1.54188e-06
  679               1.19909e-03      -8.16861e-03       1.74438e-06
  680               1.19909e-03      -8.16861e-03      -1.74437e-06
  681              -1.23435e-03      -8.93268e-03      -1.61019e-06
  682              -1.23435e-03      -8.93268e-03       1.61020e-06
  683              -1.07949e-03      -8.93077e-03      -1.42328e-06
  684              -1.07949e-03      -8.93077e-03       1.42328e-06
  685              -9.24857e-04      -8.92912e-03      -1.21873e-06
  686              -9.24857e-04      -8.92912e-03       1.21874e-06
  687              -7.70417e-04      -8.92772e-03      -1.01571e-06
  688              -7.70417e-04      -8.92772e-03       1.01572e-06
  689              -6.16139e-04      -8.92658e-03      -8.12561e-07
  690              -6.16139e-04      -8.92658e-03       8.12568e-07
  691              -4.61990e-04      -8.92569e-03      -6.09421e-07
  692              -4.61990e-04      -8.92569e-03       6.09427e-07
  693              -3.07940e-04      -8.92505e-03      -4.06279e-07
  694              -3.07940e-04      -8.92505e-03       4.06286e-07
  695              -1.53954e-04      -8.92467e-03      -2.03138e-07
  696              -1.53954e-04      -8.92467e-03       2.03145e-07
  697               4.61458e-14      -8.92455e-03       3.39388e-12
  698              -4.48264e-14      -8.92455e-03       3.39388e-12
  699               1.53954e-04      -8.92467e-03       2.03145e-07
  700               1.53954e-04      -8.92467e-03      -2.03138e-07
  701               3.07940e-04      -8.92505e-03       4.06286e-07
  702               3.07940e-04      -8.92505e-03      -4.06279e-07
  703               4.61990e-04      -8.92569e-03       6.09427e-07
  704               4.61990e-04      -8.92569e-03      -6.09421e-07
  705               6.16139e-04      -8.92658e-03       8.12568e-07
  706               6.16139e-04      -8.92658e-03      -8.12561e-07
  707               7.70417e-04      -8.92772e-03       1.01572e-06
  708               7.70417e-04      -8.92772e-03      -1.01571e-06
  709               9.24857e-04      -8.92912e-03       1.21874e-06
  710               9.24857e-04      -8.92912e-03      -1.21873e-06
  711               1.07949e-03      -8.93077e-03       1.42328e-06
  712               1.07949e-03      -8.93077e-03      -1.42328e-06
  713               1.23435e-03      -8.93268e-03       1.61020e-06
  714               1.23435e-03      -8.93268e-03      -1.61019e-06
  715              -1.26680e-03      -9.71790e-03      -1.47601e-06
  716              -1.26680e-03      -9.71790e-03       1.47601e-06
  717              -1.10788e-03      -9.71615e-03      -1.30467e-06
  718              -1.10788e-03      -9.71615e-03       1.30468e-06
  719              -9.49191e-04      -9.71464e-03      -1.11717e-06
  720              -9.49191e-04      -9.71464e-03       1.11718e-06
  721              -7.90695e-04      -9.71336e-03      -9.31070e-07
  722              -7.90695e-04      -9.71336e-03       9.31077e-07
  723              -6.32362e-04      -9.71231e-03      -7.44847e-07
  724              -6.32362e-04      -9.71231e-03       7.44854e-07
  725              -4.74158e-04      -9.71149e-03      -5.58635e-07
  726              -4.74158e-04      -9.71149e-03       5.58642e-07
  727              -3.16051e-04      -9.71091e-03      -3.72422e-07
  728              -3.16051e-04      -9.71091e-03       3.72429e-07
  729              -1.58009e-04      -9.71056e-03      -1.86209e-07
  730              -1.58009e-04      -9.71056e-03       1.86217e-07
  731               4.70906e-14      -9.71045e-03       3.68114e-12
  732              -4.57266e-14      -9.71045e-03       3.68113e-12
  733               1.58009e-04      -9.71056e-03       1.86217e-07
  734               1.58009e-04      -9.71056e-03      -1.86209e-07
  735               3.16051e-04      -9.71091e-03       3.72429e-07
  736               3.16051e-04      -9.71091e-03      -3.72422e-07
  737               4.74158e-04      -9.71149e-03       5.58642e-07
  738               4.74158e-04      -9.71149e-03      -5.58635e-07
  739               6.32362e-04      -9.71231e-03       7.44854e-07
  740               6.32362e-04      -9.71231e-03      -7.44847e-07
  741               7.90695e-04      -9.71336e-03       9.31077e-07
  742               7.90695e-04      -9.71336e-03      -9.31069e-07
  743               9.49191e-04      -9.71464e-03       1.11718e-06
  744               9.49191e-04      -9.71464e-03      -1.11717e-06
  745               1.10788e-03      -9.71615e-03       1.30468e-06
  746               1.10788e-03      -9.71615e-03      -1.30467e-06
  747               1.26680e-03      -9.71790e-03       1.47601e-06
  748               1.26680e-03      -9.71790e-03      -1.47601e-06
  749              -1.29642e-03      -1.05225e-02      -1.34182e-06
  750              -1.29642e-03      -1.05225e-02       1.34183e-06
  751              -1.13380e-03      -1.05209e-02      -1.18606e-06
  752              -1.13380e-03      -1.05209e-02       1.18607e-06
  753              -9.71410e-04      -1.05196e-02      -1.01561e-06
  754              -9.71410e-04      -1.05196e-02       1.01562e-06
  755              -8.09211e-04      -1.05184e-02      -8.46426e-07
  756              -8.09211e-04      -1.05184e-02       8.46434e-07
  757              -6.47174e-04      -1.05174e-02      -6.77133e-07
  758              -6.47174e-04      -1.05174e-02       6.77141e-07
  759              -4.85267e-04      -1.05167e-02      -5.07849e-07
  760              -4.85267e-04      -1.05167e-02       5.07857e-07
  761              -3.23457e-04      -1.05162e-02      -3.38565e-07
  762              -3.23457e-04      -1.05162e-02       3.38573e-07
  763              -1.61712e-04      -1.05159e-02      -1.69280e-07
  764              -1.61712e-04      -1.05159e-02       1.69288e-07
  765               4.79241e-14      -1.05157e-02       3.97379e-12
  766              -4.65246e-14      -1.05157e-02       3.97379e-12
  767               1.61712e-04      -1.05159e-02       1.69288e-07
  768               1.61712e-04      -1.05159e-02      -1.69280e-07
  769               3.23457e-04      -1.05162e-02       3.38573e-07
  770               3.23457e-04      -1.05162e-02      -3.38565e-07
  771               4.85267e-04      -1.05167e-02       5.07857e-07
  772               4.85267e-04      -1.05167e-02      -5.07849e-07
  773               6.47174e-04      -1.05174e-02       6.77141e-07
  774               6.47174e-04      -1.05174e-02      -6.77133e-07
  775               8.09211e-04      -1.05184e-02       8.46434e-07
  776               8.09211e-04      -1.05184e-02      -8.46426e-07
  777               9.71410e-04      -1.05196e-02       1.01562e-06
  778               9.71410e-04      -1.05196e-02      -1.01561e-06
  779               1.13380e-03      -1.05209e-02       1.18607e-06
  780               1.13380e-03      -1.05209e-02      -1.18606e-06
  781               1.29642e-03      -1.05225e-02       1.34183e-06
  782               1.29642e-03      -1.05225e-02      -1.34182e-06
  783              -1.32323e-03      -1.13448e-02      -1.20764e-06
  784              -1.32323e-03      -1.13448e-02       1.20765e-06
  785              -1.15726e-03      -1.13433e-02      -1.06746e-06
  786              -1.15726e-03      -1.13433e-02       1.06747e-06
  787              -9.91513e-04      -1.13421e-02      -9.14048e-07
  788              -9.91513e-04      -1.13421e-02       9.14056e-07
  789              -8.25963e-04      -1.13411e-02      -7.61783e-07
  790              -8.25963e-04      -1.13411e-02       7.61791e-07
  791              -6.60576e-04      -1.13402e-02      -6.09419e-07
  792              -6.60576e-04      -1.13402e-02       6.09428e-07
  793              -4.95318e-04      -1.13395e-02      -4.57064e-07
  794              -4.95318e-04      -1.13395e-02       4.57072e-07
  795              -3.30158e-04      -1.13391e-02      -3.04708e-07
  796              -3.30158e-04      -1.13391e-02       3.04716e-07
  797              -1.65063e-04      -1.13388e-02      -1.52352e-07
  798              -1.65063e-04      -1.13388e-02       1.52360e-07
  799               4.86648e-14      -1.13387e-02       4.27127e-12
  800              -4.72175e-14      -1.13387e-02       4.27126e-12
  801               1.65063e-04      -1.13388e-02       1.52360e-07
  802               1.65063e-04      -1.13388e-02      -1.52352e-07
  803               3.30158e-04      -1.13391e-02       3.04716e-07
  804               3.30158e-04      -1.13391e-02      -3.04708e-07
  805               4.95318e-04      -1.13395e-02       4.57072e-07
  806               4.95318e-04      -1.13395e-02      -4.57064e-07
  807               6.60576e-04      -1.13402e-02       6.09428e-07
  808               6.60576e-04      -1.13402e-02      -6.09419e-07
  809               8.25963e-04      -1.13411e-02       7.61791e-07
  810               8.25963e-04      -1.13411e-02      -7.61783e-07
  811               9.91513e-04      -1.13421e-02       9.14056e-07
  812               9.91513e-04      -1.13421e-02      -9.14048e-07
  813               1.15726e-03      -1.13433e-02       1.06747e-06
  814               1.15726e-03      -1.13433e-02      -1.06746e-06
  815               1.32323e-03      -1.13448e-02       1.20765e-06
  816               1.32323e-03      -1.13448e-02      -1.20764e-06
  817              -1.34721e-03      -1.21829e-02      -1.07346e-06
  818              -1.34721e-03      -1.21829e-02       1.07347e-06
  819              -1.17824e-03      -1.21816e-02      -9.48848e-07
  820              -1.17824e-03      -1.21816e-02       9.48857e-07
  821              -1.00950e-03      -1.21805e-02      -8.12486e-07
  822              -1.00950e-03      -1.21805e-02       8.12495e-07
  823              -8.40952e-04      -1.21796e-02      -6.77140e-07
  824              -8.40952e-04      -1.21796e-02       6.77149e-07
  825              -6.72567e-04      -1.21788e-02      -5.41705e-07
  826              -6.72567e-04      -1.21788e-02       5.41714e-07
  827              -5.04311e-04      -1.21782e-02      -4.06278e-07
  828              -5.04311e-04      -1.21782e-02       4.06287e-07
  829              -3.36154e-04      -1.21778e-02      -2.70850e-07
  830              -3.36154e-04      -1.21778e-02       2.70860e-07
  831              -1.68061e-04      -1.21776e-02      -1.35423e-07
  832              -1.68061e-04      -1.21776e-02       1.35432e-07
  833               4.93174e-14      -1.21775e-02       4.57289e-12
  834              -4.78108e-14      -1.21775e-02       4.57289e-12
  835               1.68061e-04      -1.21776e-02       1.35432e-07
  836               1.68061e-04      -1.21776e-02      -1.35423e-07
  837               3.36154e-04      -1.21778e-02       2.70860e-07
  838               3.36154e-04      -1.21778e-02      -2.70850e-07
  839               5.04311e-04      -1.21782e-02       4.06287e-07
  840               5.04311e-04      -1.21782e-02      -4.06278e-07
  841               6.72567e-04      -1.21788e-02       5.41714e-07
  842               6.72567e-04      -1.21788e-02      -5.41705e-07
  843               8.40952e-04      -1.21796e-02       6.77149e-07
  844               8.40952e-04      -1.21796e-02      -6.77139e-07
  845               1.00950e-03      -1.21805e-02       8.12495e-07
  846               1.00950e-03      -1.21805e-02      -8.12486e-07
  847               1.17824e-03      -1.21816e-02       9.48857e-07
  848               1.17824e-03      -1.21816e-02      -9.48848e-07
  849               1.34721e-03      -1.21829e-02       1.07347e-06
  850               1.34721e-03      -1.21829e-02      -1.07346e-06
  851              -1.36837e-03      -1.30351e-02      -9.39267e-07
  852              -1.36837e-03      -1.30351e-02       9.39276e-07
  853              -1.19676e-03      -1.30340e-02      -8.30246e-07
  854              -1.19676e-03      -1.30340e-02       8.30255e-07
  855              -1.02537e-03      -1.30331e-02      -7.10925e-07
  856              -1.02537e-03      -1.30331e-02       7.10935e-07
  857              -8.54177e-04      -1.30322e-02      -5.92497e-07
  858              -8.54177e-04      -1.30322e-02       5.92506e-07
  859              -6.83147e-04      -1.30316e-02      -4.73992e-07
  860              -6.83147e-04      -1.30316e-02       4.74002e-07
  861              -5.12247e-04      -1.30311e-02      -3.55494e-07
  862              -5.12247e-04      -1.30311e-02       3.55503e-07
  863              -3.41444e-04      -1.30307e-02      -2.36994e-07
  864              -3.41444e-04      -1.30307e-02       2.37004e-07
  865              -1.70706e-04      -1.30305e-02      -1.18495e-07
  866              -1.70706e-04      -1.30305e-02       1.18504e-07
  867               4.98975e-14      -1.30304e-02       4.87818e-12
  868              -4.83358e-14      -1.30304e-02       4.87818e-12
  869               1.70706e-04      -1.30305e-02       1.18504e-07
  870               1.70706e-04      -1.30305e-02      -1.18495e-07
  871               3.41444e-04      -1.30307e-02       2.37004e-07
  872               3.41444e-04      -1.30307e-02      -2.36994e-07
  873               5.12247e-04      -1.30311e-02       3.55503e-07
  874               5.12247e-04      -1.30311e-02      -3.55493e-07
  875               6.83147e-04      -1.30316e-02       4.74002e-07
  876               6.83147e-04      -1.30316e-02      -4.73992e-07
  877               8.54177e-04      -1.30322e-02       5.92506e-07
  878               8.54177e-04      -1.30322e-02      -5.92497e-07
  879               1.02537e-03      -1.30331e-02       7.10935e-07
  880               1.02537e-03      -1.30331e-02      -7.10925e-07
  881               1.19676e-03      -1.30340e-02       8.30255e-07
  882               1.19676e-03      -1.30340e-02      -8.30246e-07
  883               1.36837e-03      -1.30351e-02       9.39276e-07
  884               1.36837e-03      -1.30351e-02      -9.39267e-07
  885              -1.38671e-03      -1.38997e-02      -8.05120e-07
  886              -1.38671e-03      -1.38997e-02       8.05131e-07
  887              -1.21280e-03      -1.38987e-02      -7.11627e-07
  888              -1.21280e-03      -1.38987e-02       7.11637e-07
  889              -1.03912e-03      -1.38979e-02      -6.09361e-07
  890              -1.03912e-03      -1.38979e-02       6.09371e-07
  891              -8.65639e-04      -1.38972e-02      -5.07852e-07
  892              -8.65639e-04      -1.38972e-02       5.07863e-07
  893              -6.92317e-04      -1.38967e-02      -4.06275e-07
  894              -6.92317e-04      -1.38967e-02       4.06286e-07
  895              -5.19124e-04      -1.38962e-02      -3.04704e-07
  896              -5.19124e-04      -1.38962e-02       3.04714e-07
  897              -3.46028e-04      -1.38959e-02      -2.03133e-07
  898              -3.46028e-04      -1.38959e-02       2.03143e-07
  899              -1.72998e-04      -1.38957e-02      -1.01564e-07
  900              -1.72998e-04      -1.38957e-02       1.01574e-07
  901               5.03589e-14      -1.38956e-02       5.18667e-12
  902              -4.87671e-14      -1.38956e-02       5.18667e-12
  903               1.72998e-04      -1.38957e-02       1.01574e-07
  904               1.72998e-04      -1.38957e-02      -1.01564e-07
  905               3.46028e-04      -1.38959e-02       2.03143e-07
  906               3.46028e-04      -1.38959e-02      -2.03133e-07
  907               5.19124e-04      -1.38962e-02       3.04714e-07
  908               5.19124e-04      -1.38962e-02      -3.04704e-07
  909               6.92317e-04      -1.38967e-02       4.06286e-07
  910               6.92317e-04      -1.38967e-02      -4.06275e-07
  911               8.65639e-04      -1.38972e-02       5.07863e-07
  912               8.65639e-04      -1.38972e-02      -5.07852e-07
  913               1.03912e-03      -1.38979e-02       6.09371e-07
  914               1.03912e-03      -1.38979e-02      -6.09360e-07
  915               1.21280e-03      -1.38987e-02       7.11637e-07
  916               1.21280e-03      -1.38987e-02      -7.11627e-07
  917               1.38671e-03      -1.38997e-02       8.05131e-07
  918               1.38671e-03      -1.38997e-02      -8.05120e-07
  919              -1.40223e-03      -1.47749e-02      -6.70820e-07
  920              -1.40223e-03      -1.47749e-02       6.70831e-07
  921              -1.22638e-03      -1.47741e-02      -5.93066e-07
  922              -1.22638e-03      -1.47741e-02       5.93077e-07
  923              -1.05076e-03      -1.47734e-02      -5.07827e-07
  924              -1.05076e-03      -1.47734e-02       5.07838e-07
  925              -8.75338e-04      -1.47728e-02      -4.23219e-07
  926              -8.75338e-04      -1.47728e-02       4.23230e-07
  927              -7.00075e-04      -1.47723e-02      -3.38563e-07
  928              -7.00075e-04      -1.47723e-02       3.38574e-07
  929              -5.24943e-04      -1.47719e-02      -2.53918e-07
  930              -5.24943e-04      -1.47719e-02       2.53929e-07
  931              -3.49908e-04      -1.47717e-02      -1.69276e-07
  932              -3.49908e-04      -1.47717e-02       1.69287e-07
  933              -1.74938e-04      -1.47715e-02      -8.46353e-08
  934              -1.74938e-04      -1.47715e-02       8.46463e-08
  935               5.07020e-14      -1.47715e-02       5.49750e-12
  936              -4.90804e-14      -1.47715e-02       5.49750e-12
  937               1.74938e-04      -1.47715e-02       8.46463e-08
  938               1.74938e-04      -1.47715e-02      -8.46353e-08
  939               3.49908e-04      -1.47717e-02       1.69287e-07
  940               3.49908e-04      -1.47717e-02      -1.69276e-07
  941               5.24943e-04      -1.47719e-02       2.53929e-07
  942               5.24943e-04      -1.47719e-02      -2.53918e-07
  943               7.00075e-04      -1.47723e-02       3.38574e-07
  944               7.00075e-04      -1.47723e-02      -3.38563e-07
  945               8.75338e-04      -1.47728e-02       4.23230e-07
  946               8.75338e-04      -1.47728e-02      -4.23219e-07
  947               1.05076e-03      -1.47734e-02       5.07838e-07
  948               1.05076e-03      -1.47734e-02      -5.07827e-07
  949               1.22638e-03      -1.47741e-02       5.93077e-07
  950               1.22638e-03      -1.47741e-02      -5.93066e-07
  951               1.40223e-03      -1.47749e-02       6.70831e-07
  952               1.40223e-03      -1.47749e-02      -6.70820e-07
  953              -1.41492e-03      -1.56588e-02      -5.37046e-07
  954              -1.41492e-03      -1.56588e-02       5.37058e-07
  955              -1.23749e-03      -1.56582e-02      -4.74309e-07
  956              -1.23749e-03      -1.56582e-02       4.74320e-07
  957              -1.06028e-03      -1.56576e-02      -4.06083e-07
  958              -1.06028e-03      -1.56576e-02       4.06095e-07
  959              -8.83273e-04      -1.56572e-02      -3.38450e-07
  960              -8.83273e-04      -1.56572e-02       3.38462e-07
  961              -7.06424e-04      -1.56568e-02      -2.70791e-07
  962              -7.06424e-04      -1.56568e-02       2.70803e-07
  963              -5.29705e-04      -1.56565e-02      -2.03121e-07
  964              -5.29705e-04      -1.56565e-02       2.03133e-07
  965              -3.53083e-04      -1.56563e-02      -1.35428e-07
  966              -3.53083e-04      -1.56563e-02       1.35439e-07
  967              -1.76525e-04      -1.56562e-02      -6.77160e-08
  968              -1.76525e-04      -1.56562e-02       6.77276e-08
  969               5.09235e-14      -1.56561e-02       5.81010e-12
  970              -4.93076e-14      -1.56561e-02       5.81009e-12
  971               1.76525e-04      -1.56562e-02       6.77276e-08
  972               1.76525e-04      -1.56562e-02      -6.77160e-08
  973               3.53083e-04      -1.56563e-02       1.35439e-07
  974               3.53083e-04      -1.56563e-02      -1.35428e-07
  975               5.29705e-04      -1.56565e-02       2.03133e-07
  976               5.29705e-04      -1.56565e-02      -2.03121e-07
  977               7.06424e-04      -1.56568e-02       2.70803e-07
  978               7.06424e-04      -1.56568e-02      -2.70791e-07
  979               8.83273e-04      -1.56572e-02       3.38462e-07
  980               8.83273e-04      -1.56572e-02      -3.38450e-07
  981               1.06028e-03      -1.56576e-02       4.06095e-07
  982               1.06028e-03      -1.56576e-02      -4.06083e-07
  983               1.23749e-03      -1.56582e-02       4.74321e-07
  984               1.23749e-03      -1.56582e-02      -4.74309e-07
  985               1.41492e-03      -1.56588e-02       5.37058e-07
  986               1.41492e-03      -1.56588e-02      -5.37046e-07
  987              -1.42479e-03      -1.65499e-02      -4.00756e-07
  988              -1.42479e-03      -1.65499e-02       4.00768e-07
  989              -1.24613e-03      -1.65494e-02      -3.55441e-07
  990              -1.24613e-03      -1.65494e-02       3.55453e-07
  991              -1.06769e-03      -1.65490e-02      -3.04918e-07
  992              -1.06769e-03      -1.65490e-02       3.04930e-07
  993              -8.89449e-04      -1.65486e-02      -2.54407e-07
  994              -8.89449e-04      -1.65486e-02       2.54419e-07
  995              -7.11367e-04      -1.65483e-02      -2.03645e-07
  996              -7.11367e-04      -1.65483e-02       2.03657e-07
  997              -5.33414e-04      -1.65481e-02      -1.52776e-07
  998              -5.33414e-04      -1.65481e-02       1.52788e-07
  999              -3.55556e-04      -1.65479e-02      -1.01860e-07
 1000              -3.55556e-04      -1.65479e-02       1.01872e-07
 1001              -1.77762e-04      -1.65479e-02      -5.09282e-08
 1002              -1.77762e-04      -1.65479e-02       5.09405e-08
 1003               5.10508e-14      -1.65478e-02       6.12378e-12
 1004              -4.94537e-14      -1.65478e-02       6.12377e-12
 1005               1.77762e-04      -1.65479e-02       5.09405e-08
 1006               1.77762e-04      -1.65479e-02      -5.09282e-08
 1007               3.55556e-04      -1.65479e-02       1.01872e-07
 1008               3.55556e-04      -1.65479e-02      -1.01860e-07
 1009               5.33414e-04      -1.65481e-02       1.52788e-07
 1010               5.33414e-04      -1.65481e-02      -1.52776e-07
 1011               7.11367e-04      -1.65483e-02       2.03657e-07
 1012               7.11367e-04      -1.65483e-02      -2.03645e-07
 1013               8.89449e-04      -1.65486e-02       2.54419e-07
 1014               8.89449e-04      -1.65486e-02      -2.54407e-07
 1015               1.06769e-03      -1.65490e-02       3.04930e-07
 1016               1.06769e-03      -1.65490e-02      -3.04918e-07
 1017               1.24613e-03      -1.65494e-02       3.55453e-07
 1018               1.24613e-03      -1.65494e-02      -3.55441e-07
 1019               1.42479e-03      -1.65499e-02       4.00768e-07
 1020               1.42479e-03      -1.65499e-02      -4.00756e-07
 1021              -1.43183e-03      -1.74462e-02      -2.72054e-07
 1022              -1.43183e-03      -1.74462e-02       2.72066e-07
 1023              -1.25231e-03      -1.74458e-02      -2.39053e-07
 1024              -1.25231e-03      -1.74458e-02       2.39066e-07
 1025              -1.07299e-03      -1.74455e-02      -2.03525e-07
 1026              -1.07299e-03      -1.74455e-02       2.03538e-07
 1027              -8.93855e-04      -1.74453e-02      -1.68775e-07
 1028              -8.93855e-04      -1.74453e-02       1.68788e-07
 1029              -7.14880e-04      -1.74451e-02      -1.34439e-07
 1030              -7.14880e-04      -1.74451e-02       1.34452e-07
 1031              -5.36039e-04      -1.74450e-02      -1.00478e-07
 1032              -5.36039e-04      -1.74450e-02       1.00491e-07
 1033              -3.57301e-04      -1.74449e-02      -6.68112e-08
 1034              -3.57301e-04      -1.74449e-02       6.68241e-08
 1035              -1.78633e-04      -1.74449e-02      -3.33498e-08
 1036              -1.78633e-04      -1.74449e-02       3.33626e-08
 1037               5.11203e-14      -1.74448e-02       6.43812e-12
 1038              -4.95372e-14      -1.74448e-02       6.43812e-12
 1039               1.78633e-04      -1.74449e-02       3.33626e-08
 1040               1.78633e-04      -1.74449e-02      -3.33498e-08
 1041               3.57301e-04      -1.74449e-02       6.68241e-08
 1042               3.57301e-04      -1.74449e-02      -6.68112e-08
 1043               5.36039e-04      -1.74450e-02       1.00491e-07
 1044               5.36039e-04      -1.74450e-02      -1.00478e-07
 1045               7.14880e-04      -1.74451e-02       1.34452e-07
 1046               7.14880e-04      -1.74451e-02      -1.34439e-07
 1047               8.93855e-04      -1.74453e-02       1.68788e-07
 1048               8.93855e-04      -1.74453e-02      -1.68775e-07
 1049               1.07299e-03      -1.74455e-02       2.03538e-07
 1050               1.07299e-03      -1.74455e-02      -2.03525e-07
 1051               1.25231e-03      -1.74458e-02       2.39066e-07
 1052               1.25231e-03      -1.74458e-02      -2.39053e-07
 1053               1.43183e-03      -1.74462e-02       2.72067e-07
 1054               1.43183e-03      -1.74462e-02      -2.72054e-07
 1055              -1.43626e-03      -1.83459e-02      -1.50584e-07
 1056              -1.43626e-03      -1.83459e-02       1.50597e-07
 1057              -1.25606e-03      -1.83458e-02      -1.29624e-07
 1058              -1.25606e-03      -1.83458e-02       1.29637e-07
 1059              -1.07610e-03      -1.83457e-02      -1.09533e-07
 1060              -1.07610e-03      -1.83457e-02       1.09547e-07
 1061              -8.96376e-04      -1.83456e-02      -8.91532e-08
 1062              -8.96376e-04      -1.83456e-02       8.91667e-08
 1063              -7.16851e-04      -1.83456e-02      -6.95645e-08
 1064              -7.16851e-04      -1.83456e-02       6.95780e-08
 1065              -5.37491e-04      -1.83455e-02      -5.09908e-08
 1066              -5.37491e-04      -1.83455e-02       5.10042e-08
 1067              -3.58257e-04      -1.83455e-02      -3.33796e-08
 1068              -3.58257e-04      -1.83455e-02       3.33931e-08
 1069              -1.79107e-04      -1.83455e-02      -1.64936e-08
 1070              -1.79107e-04      -1.83455e-02       1.65071e-08
 1071               5.11454e-14      -1.83455e-02       6.75279e-12
 1072              -4.95589e-14      -1.83455e-02       6.75280e-12
 1073               1.79107e-04      -1.83455e-02       1.65071e-08
 1074               1.79107e-04      -1.83455e-02      -1.64936e-08
 1075               3.58257e-04      -1.83455e-02       3.33931e-08
 1076               3.58257e-04      -1.83455e-02      -3.33796e-08
 1077               5.37491e-04      -1.83455e-02       5.10043e-08
 1078               5.37491e-04      -1.83455e-02      -5.09907e-08
 1079               7.16851e-04      -1.83456e-02       6.95780e-08
 1080               7.16851e-04      -1.83456e-02      -6.95645e-08
 1081               8.96376e-04      -1.83456e-02       8.91667e-08
 1082               8.96376e-04      -1.83456e-02      -8.91532e-08
 1083               1.07610e-03      -1.83457e-02       1.09547e-07
 1084               1.07610e-03      -1.83457e-02      -1.09533e-07
 1085               1.25606e-03      -1.83458e-02       1.29637e-07
 1086               1.25606e-03      -1.83458e-02      -1.29624e-07
 1087               1.43626e-03      -1.83459e-02       1.50597e-07
 1088               1.43626e-03      -1.83459e-02      -1.50584e-07
 1089              -1.43814e-03      -1.92490e-02      -1.47314e-08
 1090              -1.43814e-03      -1.92490e-02       1.47455e-08
 1091              -1.25758e-03      -1.92488e-02       1.48148e-08
 1092              -1.25758e-03      -1.92488e-02      -1.48008e-08
 1093              -1.07735e-03      -1.92485e-02       4.71383e-08
 1094              -1.07735e-03      -1.92485e-02      -4.71242e-08
 1095              -8.97398e-04      -1.92481e-02       5.95043e-08
 1096              -8.97398e-04      -1.92481e-02      -5.94902e-08
 1097              -7.17660e-04      -1.92478e-02       5.98946e-08
 1098              -7.17660e-04      -1.92478e-02      -5.98805e-08
 1099              -5.38095e-04      -1.92475e-02       5.16527e-08
 1100              -5.38095e-04      -1.92475e-02      -5.16386e-08
 1101              -3.58659e-04      -1.92473e-02       3.75058e-08
 1102              -3.58659e-04      -1.92473e-02      -3.74917e-08
 1103              -1.79308e-04      -1.92472e-02       1.96513e-08
 1104              -1.79308e-04      -1.92472e-02      -1.96372e-08
 1105               5.11657e-14      -1.92472e-02       7.06749e-12
 1106              -4.95422e-14      -1.92472e-02       7.06750e-12
 1107               1.79308e-04      -1.92472e-02      -1.96372e-08
 1108               1.79308e-04      -1.92472e-02       1.96514e-08
 1109               3.58659e-04      -1.92473e-02      -3.74916e-08
 1110               3.58659e-04      -1.92473e-02       3.75058e-08
 1111               5.38095e-04      -1.92475e-02      -5.16386e-08
 1112               5.38095e-04      -1.92475e-02       5.16528e-08
 1113               7.17660e-04      -1.92478e-02      -5.98805e-08
 1114               7.17660e-04      -1.92478e-02       5.98946e-08
 1115               8.97398e-04      -1.92481e-02      -5.94901e-08
 1116               8.97398e-04      -1.92481e-02       5.95043e-08
 1117               1.07735e-03      -1.92485e-02      -4.71241e-08
 1118               1.07735e-03      -1.92485e-02       4.71383e-08
 1119               1.25758e-03      -1.92488e-02      -1.48007e-08
 1120               1.25758e-03      -1.92488e-02       1.48149e-08
 1121               1.43814e-03      -1.92490e-02       1.47455e-08
 1122               1.43814e-03      -1.92490e-02      -1.47313e-08

 S T R E S S  C A L C U L A T I O N S  F O R  E L E M E N T  G R O U P    1

  ELEMENT          SIGMA-X          SIGMA-Y          SIGMA-Z
                    TAU-XY           TAU-YZ           TAU-ZX
  NUMBER
    1      -5.49973e+07      -1.02135e+07      -9.97271e+06
           -2.61048e+06      -1.82532e-05      -2.72135e-04
    2      -4.63984e+07      -8.81866e+06      -8.12542e+06
           -2.18315e+06      -3.88009e-05      -6.77019e-05
    3      -3.86343e+07      -7.56154e+06      -6.63404e+06
           -1.59479e+06      -4.17243e-05       1.52080e-05
    4      -3.12896e+07      -6.28961e+06      -5.31361e+06
           -1.03269e+06      -3.61318e-05       6.05893e-05
    5      -2.41740e+07      -4.96480e+06      -4.07841e+06
           -5.62083e+05      -2.78920e-05       8.44477e-05
    6      -1.71917e+07      -3.58713e+06      -2.88908e+06
           -2.04500e+05      -1.96110e-05       9.63641e-05
    7      -1.02875e+07      -2.16885e+06      -1.72497e+06
            3.42476e+04      -1.21251e-05       1.02168e-04
    8      -3.42483e+06      -7.25719e+05      -5.73677e+05
            1.53450e+05      -5.32411e-06       1.05080e-04
    9       3.42483e+06       7.25719e+05       5.73677e+05
            1.53450e+05       1.24830e-06       1.06519e-04
   10       1.02875e+07       2.16885e+06       1.72497e+06
            3.42476e+04       8.17673e-06       1.06560e-04
   11       1.71917e+07       3.58713e+06       2.88908e+06
           -2.04500e+05       1.59709e-05       1.03905e-04
   12       2.41740e+07       4.96480e+06       4.07841e+06
           -5.62083e+05       2.47813e-05       9.54329e-05
   13       3.12896e+07       6.28961e+06       5.31361e+06
           -1.03269e+06       3.38878e-05       7.52574e-05
   14       3.86343e+07       7.56154e+06       6.63404e+06
           -1.59479e+06       4.07102e-05       3.35109e-05
   15       4.63984e+07       8.81866e+06       8.12542e+06
           -2.18315e+06       3.92625e-05      -4.62100e-05
   16       5.49973e+07       1.02135e+07       9.97271e+06
           -2.61048e+06       1.92712e-05      -2.41493e-04
   17      -5.04681e+07       2.12249e+06       2.16801e+06
            7.49518e+05      -1.72680e-05      -6.08065e-05
   18      -4.48904e+07       1.20384e+06       1.54287e+06
           -1.67095e+05      -3.67930e-05       2.01177e-06
   19      -3.84008e+07       6.56053e+05       1.15976e+06
           -7.90984e+05      -4.26991e-05       4.29302e-06
   20      -3.15580e+07       3.20156e+05       8.98366e+05
           -1.20173e+06      -4.09305e-05       1.53174e-05
   21      -2.45856e+07       1.23728e+05       6.80881e+05
           -1.46599e+06      -3.47882e-05       2.93383e-05
   22      -1.75695e+07       2.40125e+04       4.80623e+05
           -1.63033e+06      -2.64685e-05       4.18201e-05
   23      -1.05421e+07      -1.07223e+04       2.86881e+05
           -1.72510e+06      -1.71645e-05       5.08438e-05
   24      -3.51388e+06      -7.70907e+03       9.54426e+04
           -1.76829e+06      -7.50555e-06       5.58565e-05
   25       3.51388e+06       7.70907e+03      -9.54426e+04
           -1.76829e+06       2.31061e-06       5.67921e-05
   26       1.05421e+07       1.07223e+04      -2.86881e+05
           -1.72510e+06       1.21799e-05       5.36105e-05
   27       1.75695e+07      -2.40125e+04      -4.80623e+05
           -1.63033e+06       2.19507e-05       4.63107e-05
   28       2.45856e+07      -1.23728e+05      -6.80881e+05
           -1.46599e+06       3.10290e-05       3.53813e-05
   29       3.15580e+07      -3.20156e+05      -8.98366e+05
           -1.20173e+06       3.82497e-05       2.27315e-05
   30       3.84008e+07      -6.56053e+05      -1.15976e+06
           -7.90984e+05       4.14077e-05       1.30306e-05
   31       4.48904e+07      -1.20384e+06      -1.54287e+06
           -1.67095e+05       3.70940e-05       1.33170e-05
   32       5.04681e+07      -2.12249e+06      -2.16801e+06
            7.49518e+05       1.83037e-05      -2.23396e-05
   33      -5.00337e+07      -4.30426e+05      -6.12884e+05
           -3.27976e+05      -1.16382e-06      -1.48485e-05
   34      -4.31092e+07      -9.69222e+03      -2.64379e+05
           -3.87730e+05      -1.39070e-06       2.48203e-05
   35      -3.65517e+07       1.37948e+05      -2.00806e+05
           -6.32722e+05      -3.45238e-06       2.49532e-05
   36      -3.00087e+07       1.73034e+05      -1.68840e+05
           -9.20689e+05      -6.26049e-06       2.25095e-05
   37      -2.34129e+07       1.58583e+05      -1.40484e+05
           -1.18476e+06      -7.83558e-06       2.13000e-05
   38      -1.67626e+07       1.21898e+05      -1.06301e+05
           -1.39511e+06      -7.62460e-06       2.15824e-05
   39      -1.00728e+07       7.55803e+04      -6.62879e+04
           -1.53911e+06      -5.78859e-06       2.25964e-05
   40      -3.36007e+06       2.55099e+04      -2.25174e+04
           -1.61190e+06      -2.82992e-06       2.35733e-05
   41       3.36007e+06      -2.55099e+04       2.25174e+04
           -1.61190e+06       5.85756e-07       2.40619e-05
   42       1.00728e+07      -7.55803e+04       6.62879e+04
           -1.53911e+06       3.72089e-06       2.40224e-05
   43       1.67626e+07      -1.21898e+05       1.06301e+05
           -1.39511e+06       5.80348e-06       2.39178e-05
   44       2.34129e+07      -1.58583e+05       1.40484e+05
           -1.18476e+06       6.34832e-06       2.45794e-05
   45       3.00087e+07      -1.73034e+05       1.68840e+05
           -9.20689e+05       5.16703e-06       2.66939e-05
   46       3.65517e+07      -1.37948e+05       2.00806e+05
           -6.32722e+05       2.76406e-06       3.00801e-05
   47       4.31092e+07       9.69222e+03       2.64379e+05
           -3.87730e+05       1.18050e-06       3.21074e-05
   48       5.00337e+07       4.30426e+05       6.12884e+05
           -3.27976e+05       1.27263e-06       2.57130e-05
   49      -4.82744e+07       7.60533e+04       4.05900e+04
           -1.98852e+05      -2.02324e-06       3.97747e-06
   50      -4.18517e+07      -3.23267e+04       4.73015e+04
           -5.69544e+05      -3.11604e-06       2.41862e-05
   51      -3.53728e+07      -2.50043e+04       4.49745e+04
           -8.19978e+05      -2.21141e-06       2.36659e-05
   52      -2.89170e+07       4.86372e+02       5.02513e+04
           -1.02137e+06      -1.24318e-06       2.24230e-05
   53      -2.24846e+07       1.81520e+04       4.67057e+04
           -1.18951e+06      -5.67382e-07       2.09460e-05
   54      -1.60611e+07       2.34900e+04       3.67684e+04
           -1.32263e+06      -3.53278e-07       1.95216e-05
   55      -9.63807e+06       1.84564e+04       2.31809e+04
           -1.41528e+06      -3.28323e-07       1.82986e-05
   56      -3.21304e+06       6.88803e+03       7.88867e+03
           -1.46283e+06      -4.51631e-07       1.77112e-05
   57       3.21304e+06      -6.88803e+03      -7.88867e+03
           -1.46283e+06      -6.45830e-07       1.79893e-05
   58       9.63807e+06      -1.84564e+04      -2.31809e+04
           -1.41528e+06      -7.37440e-07       1.90305e-05
   59       1.60611e+07      -2.34900e+04      -3.67684e+04
           -1.32263e+06      -7.42392e-07       2.06950e-05
   60       2.24846e+07      -1.81520e+04      -4.67057e+04
           -1.18951e+06      -4.25341e-07       2.27591e-05
   61       2.89170e+07      -4.86372e+02      -5.02513e+04
           -1.02137e+06       3.66439e-07       2.47792e-05
   62       3.53728e+07       2.50043e+04      -4.49745e+04
           -8.19978e+05       1.84106e-06       2.64500e-05
   63       4.18517e+07       3.23267e+04      -4.73015e+04
           -5.69544e+05       3.22602e-06       2.88768e-05
   64       4.82744e+07      -7.60533e+04      -4.05900e+04
           -1.98852e+05       2.36179e-06       4.57397e-05
   65      -4.65768e+07      -1.28518e+04      -9.13789e+04
           -2.12156e+05       8.28789e-08       9.29752e-06
   66      -4.03395e+07       1.09062e+04      -4.68908e+02
           -5.19495e+05       3.20569e-07       2.24822e-05
   67      -3.41440e+07      -7.10975e+02      -1.28508e+04
           -7.99762e+05       2.99198e-07       2.18577e-05
   68      -2.79351e+07      -9.28023e+03      -1.36106e+04
           -1.02903e+06       4.19346e-07       2.08220e-05
   69      -2.17229e+07      -1.13396e+04      -1.13573e+04
           -1.20744e+06       2.24008e-07       1.99070e-05
   70      -1.55128e+07      -9.47324e+03      -7.87427e+03
           -1.33866e+06       1.22624e-07       1.93614e-05
   71      -9.30604e+06      -5.97352e+03      -4.47740e+03
           -1.42520e+06      -2.96624e-08       1.91694e-05
   72      -3.10173e+06      -2.01325e+03      -1.43811e+03
           -1.46826e+06      -1.73316e-07       1.92142e-05
   73       3.10173e+06       2.01325e+03       1.43811e+03
           -1.46826e+06      -5.42622e-07       1.94155e-05
   74       9.30604e+06       5.97352e+03       4.47740e+03
           -1.42520e+06      -7.96863e-07       1.98026e-05
   75       1.55128e+07       9.47324e+03       7.87427e+03
           -1.33866e+06      -8.53027e-07       2.03768e-05
   76       2.17229e+07       1.13396e+04       1.13573e+04
           -1.20744e+06      -5.26724e-07       2.10463e-05
   77       2.79351e+07       9.28023e+03       1.36106e+04
           -1.02903e+06      -4.13873e-07       2.19053e-05
   78       3.41440e+07       7.10975e+02       1.28508e+04
           -7.99762e+05      -4.53488e-08       2.31810e-05
   79       4.03395e+07      -1.09062e+04       4.68908e+02
           -5.19495e+05       2.46030e-07       2.56448e-05
   80       4.65768e+07       1.28518e+04       9.13789e+04
           -2.12156e+05       4.26905e-07       5.30673e-05
   81      -4.48797e+07       2.29930e+03      -6.12811e+04
           -2.10074e+05      -2.18925e-07       9.88996e-06
   82      -3.88781e+07      -3.07181e+03       7.01480e+03
           -5.27661e+05       2.12670e-07       2.08258e-05
   83      -3.28962e+07       7.64260e+02       2.89898e+03
           -7.95840e+05       3.76343e-07       2.09432e-05
   84      -2.69158e+07       1.64805e+03       3.11670e+03
           -1.02135e+06       5.77286e-07       2.08780e-05
   85      -2.09357e+07       7.99378e+02       1.93773e+03
           -1.20271e+06       3.58099e-07       2.07426e-05
   86      -1.49546e+07      -1.02991e+02       9.84764e+02
           -1.33875e+06       4.73361e-07       2.04393e-05
   87      -8.97293e+06      -4.25200e+02       4.10246e+02
           -1.42924e+06       1.86168e-07       2.02232e-05
   88      -2.99099e+06      -2.09775e+02       1.06393e+02
           -1.47438e+06       2.41535e-07       1.99697e-05
   89       2.99099e+06       2.09775e+02      -1.06393e+02
           -1.47438e+06      -1.03338e-07       1.97869e-05
   90       8.97293e+06       4.25200e+02      -4.10246e+02
           -1.42924e+06      -3.29952e-07       2.00028e-05
   91       1.49546e+07       1.02991e+02      -9.84764e+02
           -1.33875e+06      -3.76083e-07       2.04824e-05
   92       2.09357e+07      -7.99378e+02      -1.93773e+03
           -1.20271e+06      -5.62430e-07       2.09626e-05
   93       2.69158e+07      -1.64805e+03      -3.11670e+03
           -1.02135e+06      -3.91981e-07       2.14722e-05
   94       3.28962e+07      -7.64260e+02      -2.89898e+03
           -7.95840e+05      -4.56616e-07       2.22258e-05
   95       3.88781e+07       3.07181e+03      -7.01480e+03
           -5.27661e+05      -3.44026e-07       2.42432e-05
   96       4.48797e+07      -2.29930e+03       6.12811e+04
           -2.10074e+05       1.38132e-08       5.50214e-05
   97      -4.31865e+07      -3.87669e+02      -6.47858e+04
           -2.09814e+05       8.86127e-08       9.19630e-06
   98      -3.74100e+07       7.05392e+02       5.22436e+03
           -5.25582e+05      -6.25501e-09       2.01590e-05
   99      -3.16568e+07      -4.37551e+02      -1.39806e+03
           -7.97099e+05      -4.48276e-07       2.04760e-05
  100      -2.59006e+07      -3.42316e+02      -6.29727e+02
           -1.02268e+06      -3.63573e-07       2.03022e-05
  101      -2.01448e+07       5.36455e+01      -3.40104e+02
           -1.20308e+06      -2.54631e-07       2.03530e-05
  102      -1.43892e+07       2.56764e+02      -1.48291e+02
           -1.33854e+06      -6.32017e-08       2.03831e-05
  103      -8.63359e+06       2.36699e+02      -6.57710e+01
           -1.42897e+06      -4.07227e-10       2.04998e-05
  104      -2.87788e+06       9.11273e+01      -1.98623e+01
           -1.47423e+06      -1.07899e-07       2.08720e-05
  105       2.87788e+06      -9.11273e+01       1.98623e+01
           -1.47423e+06      -3.28388e-08       2.12532e-05
  106       8.63359e+06      -2.36699e+02       6.57710e+01
           -1.42897e+06      -1.36047e-07       2.13451e-05
  107       1.43892e+07      -2.56764e+02       1.48291e+02
           -1.33854e+06      -6.20289e-08       2.13921e-05
  108       2.01448e+07      -5.36455e+01       3.40104e+02
           -1.20308e+06      -1.77225e-08       2.15308e-05
  109       2.59006e+07       3.42316e+02       6.29727e+02
           -1.02268e+06       4.54531e-07       2.17249e-05
  110       3.16568e+07       4.37551e+02       1.39806e+03
           -7.97099e+05       1.83480e-07       2.18159e-05
  111       3.74100e+07      -7.05392e+02      -5.22436e+03
           -5.25582e+05       1.62630e-07       2.28025e-05
  112       4.31865e+07       3.87669e+02       6.47858e+04
           -2.09814e+05       1.15196e-07       5.33765e-05
  113      -4.14931e+07       5.71612e+01      -6.10271e+04
           -2.10043e+05      -9.38252e-09       1.06470e-05
  114      -3.59432e+07      -1.31032e+02       5.36036e+03
           -5.26056e+05       4.81636e-07       2.16844e-05
  115      -3.04148e+07       1.91690e+02      -2.19576e+02
           -7.96761e+05       1.62109e-07       2.17400e-05
  116      -2.48848e+07       1.07491e+02       1.77450e+02
           -1.02256e+06       1.70449e-07       2.09577e-05
  117      -1.93549e+07       1.23908e+01       6.20366e+01
           -1.20318e+06       1.95209e-07       2.06625e-05
  118      -1.38249e+07      -7.87843e+00       4.43111e+01
           -1.33859e+06       2.58019e-08       2.03928e-05
  119      -8.29490e+06       4.98408e-01       3.31749e+01
           -1.42884e+06      -2.04135e-07       2.06190e-05
  120      -2.76496e+06       2.46083e+00       1.30104e+01
           -1.47396e+06      -3.15618e-07       2.05079e-05
  121       2.76496e+06      -2.46083e+00      -1.30104e+01
           -1.47396e+06      -3.23958e-07       1.98148e-05
  122       8.29490e+06      -4.98413e-01      -3.31749e+01
           -1.42884e+06      -1.84783e-07       1.95735e-05
  123       1.38249e+07       7.87843e+00      -4.43111e+01
           -1.33859e+06      -3.64876e-09       2.00585e-05
  124       1.93549e+07      -1.23909e+01      -6.20366e+01
           -1.20318e+06      -3.33601e-08       2.04264e-05
  125       2.48848e+07      -1.07491e+02      -1.77450e+02
           -1.02256e+06      -1.92863e-07       2.07352e-05
  126       3.04148e+07      -1.91690e+02       2.19576e+02
           -7.96761e+05      -3.87811e-07       2.15014e-05
  127       3.59432e+07       1.31032e+02      -5.36036e+03
           -5.26056e+05      -4.37851e-08       2.36844e-05
  128       4.14931e+07      -5.71612e+01       6.10271e+04
           -2.10043e+05      -3.21091e-07       5.59090e-05
  129      -3.97995e+07      -9.04879e+00      -5.87811e+04
           -2.09986e+05      -2.91901e-07       9.04221e-06
  130      -3.44761e+07       2.35653e+01       5.06172e+03
           -5.26005e+05      -4.05533e-07       1.94800e-05
  131      -2.91735e+07      -5.27707e+01      -4.96301e+02
           -7.96889e+05      -7.61027e-08       1.99011e-05
  132      -2.38691e+07      -1.36648e+01       1.57014e+01
           -1.02257e+06       4.32117e-07       2.07119e-05
  133      -1.85648e+07       3.22491e+00      -1.33882e+01
           -1.20313e+06       1.04354e-06       2.16772e-05
  134      -1.32606e+07      -3.19488e+00      -1.13436e+01
           -1.33857e+06       8.20970e-07       2.17817e-05
  135      -7.95637e+06      -8.44087e+00      -1.09024e+01
           -1.42885e+06       8.91470e-07       2.13527e-05
  136      -2.65213e+06      -4.29745e+00      -4.42224e+00
           -1.47400e+06       1.00992e-06       2.12503e-05
  137       2.65213e+06       4.29745e+00       4.42224e+00
           -1.47400e+06       5.73637e-07       2.18033e-05
  138       7.95637e+06       8.44087e+00       1.09024e+01
           -1.42885e+06       2.92422e-07       2.20050e-05
  139       1.32606e+07       3.19488e+00       1.13436e+01
           -1.33857e+06       2.24659e-07       2.16692e-05
  140       1.85648e+07      -3.22491e+00       1.33882e+01
           -1.20313e+06      -3.59663e-08       2.15278e-05
  141       2.38691e+07       1.36648e+01      -1.57014e+01
           -1.02257e+06      -8.49639e-07       2.16855e-05
  142       2.91735e+07       5.27707e+01       4.96301e+02
           -7.96889e+05      -8.54852e-07       2.11344e-05
  143       3.44761e+07      -2.35653e+01      -5.06172e+03
           -5.26005e+05      -3.51323e-07       2.18878e-05
  144       3.97995e+07       9.04879e+00       5.87811e+04
           -2.09986e+05      -5.64515e-07       5.26917e-05
  145      -3.81059e+07       1.75564e+00      -5.62276e+04
           -2.10000e+05       1.02478e-06       9.55616e-06
  146      -3.30090e+07      -4.39397e+00       4.86720e+03
           -5.26006e+05       1.50120e-06       1.96891e-05
  147      -2.79321e+07       1.15324e+01      -4.07397e+02
           -7.96854e+05       1.50537e-06       1.97283e-05
  148      -2.28534e+07      -2.26039e+00       3.87565e+01
           -1.02258e+06       1.66018e-06       1.96256e-05
  149      -1.77749e+07      -3.67039e+00      -1.74965e+00
           -1.20314e+06       5.00662e-07       1.96707e-05
  150      -1.26963e+07       4.56363e-01       3.24673e+00
           -1.33857e+06       3.53799e-07       1.97818e-05
  151      -7.61780e+06       2.30930e+00       2.78420e+00
           -1.42885e+06       4.94895e-07       2.05613e-05
  152      -2.53927e+06       1.13923e+00       1.09218e+00
           -1.47400e+06       1.48296e-07       2.14593e-05
  153       2.53927e+06      -1.13924e+00      -1.09218e+00
           -1.47400e+06       8.66059e-07       2.18294e-05
  154       7.61780e+06      -2.30930e+00      -2.78419e+00
           -1.42885e+06       4.73296e-07       2.21965e-05
  155       1.26963e+07      -4.56360e-01      -3.24673e+00
           -1.33857e+06       4.34723e-07       2.21842e-05
  156       1.77749e+07       3.67040e+00       1.74965e+00
           -1.20314e+06       5.49399e-07       2.17693e-05
  157       2.28534e+07       2.26039e+00      -3.87565e+01
           -1.02258e+06      -9.59102e-08       2.13696e-05
  158       2.79321e+07      -1.15324e+01       4.07397e+02
           -7.96854e+05       3.75301e-08       2.14631e-05
  159       3.30090e+07       4.39397e+00      -4.86720e+03
           -5.26006e+05      -3.09623e-07       2.36575e-05
  160       3.81059e+07      -1.75564e+00       5.62276e+04
           -2.10000e+05      -5.40016e-07       5.43782e-05
  161      -3.64123e+07      -3.42438e-01      -5.37403e+04
           -2.09995e+05      -4.69126e-07       4.77088e-06
  162      -3.15419e+07       6.55302e-01       4.64524e+03
           -5.26006e+05      -2.77306e-07       2.03117e-05
  163      -2.66906e+07      -2.65615e+00      -4.04674e+02
           -7.96861e+05       3.12751e-09       2.26242e-05
  164      -2.18377e+07       1.24932e+00       3.46740e+01
           -1.02257e+06       9.85164e-07       2.31884e-05
  165      -1.69849e+07       6.96046e-01      -3.40266e+00
           -1.20314e+06       1.37193e-06       2.31927e-05
  166      -1.21321e+07      -5.48479e-01      -6.02919e-01
           -1.33857e+06       1.67973e-06       2.26600e-05
  167      -7.27923e+06      -7.29789e-01      -6.80146e-01
           -1.42886e+06       2.19759e-06       2.15894e-05
  168      -2.42641e+06      -2.85287e-01      -2.17290e-01
           -1.47400e+06       1.92889e-06       2.06367e-05
  169       2.42641e+06       2.85284e-01       2.17291e-01
           -1.47400e+06       2.20307e-06       2.03694e-05
  170       7.27923e+06       7.29789e-01       6.80148e-01
           -1.42886e+06       1.14310e-06       2.05522e-05
  171       1.21321e+07       5.48481e-01       6.02921e-01
           -1.33857e+06       4.74860e-07       2.09369e-05
  172       1.69849e+07      -6.96043e-01       3.40266e+00
           -1.20314e+06       4.70168e-07       2.15300e-05
  173       2.18377e+07      -1.24932e+00      -3.46740e+01
           -1.02257e+06      -1.54290e-07       2.21019e-05
  174       2.66906e+07       2.65615e+00       4.04674e+02
           -7.96861e+05      -1.20930e-07       2.23087e-05
  175       3.15419e+07      -6.55309e-01      -4.64524e+03
           -5.26006e+05      -7.21411e-07       2.30493e-05
  176       3.64123e+07       3.42439e-01       5.37403e+04
           -2.09995e+05      -7.86047e-07       5.18553e-05
  177      -3.47187e+07       7.11600e-02      -5.12382e+04
           -2.09997e+05      -1.27498e-06       1.66781e-05
  178      -3.00749e+07      -4.40204e-02       4.43064e+03
           -5.26006e+05      -1.02999e-06       2.09760e-05
  179      -2.54492e+07       6.38061e-01      -3.82428e+02
           -7.96860e+05      -3.91981e-07       1.92404e-05
  180      -2.08220e+07      -3.55049e-01       3.30521e+01
           -1.02257e+06      -2.00682e-07       1.90921e-05
  181      -1.61949e+07      -2.06730e-03      -2.71172e+00
           -1.20314e+06       5.96311e-07       1.93146e-05
  182      -1.15678e+07       2.47032e-01       4.73872e-01
           -1.33857e+06       6.85184e-07       1.97305e-05
  183      -6.94066e+06       1.65383e-01       9.43701e-02
           -1.42886e+06       7.99697e-07       2.09403e-05
  184      -2.31355e+06       4.29445e-02       2.73051e-02
           -1.47400e+06      -3.75301e-08       2.25989e-05
  185       2.31355e+06      -4.29389e-02      -2.73049e-02
           -1.47400e+06       3.52366e-07       2.35868e-05
  186       6.94066e+06      -1.65382e-01      -9.43696e-02
           -1.42886e+06      -3.51323e-07       2.35324e-05
  187       1.15678e+07      -2.47037e-01      -4.73872e-01
           -1.33857e+06      -2.08500e-07       2.27532e-05
  188       1.61949e+07       2.06892e-03       2.71172e+00
           -1.20314e+06      -2.58541e-07       2.19426e-05
  189       2.08220e+07       3.55049e-01      -3.30521e+01
           -1.02257e+06       1.79310e-07       2.16449e-05
  190       2.54492e+07      -6.38057e-01       3.82428e+02
           -7.96860e+05      -4.58701e-08       2.19735e-05
  191       3.00749e+07       4.40245e-02      -4.43064e+03
           -5.26006e+05      -1.39695e-07       2.38070e-05
  192       3.47187e+07      -7.11590e-02       5.12382e+04
           -2.09997e+05       2.71051e-08       5.34708e-05
  193      -3.30251e+07      -1.92955e-02      -4.87393e+04
           -2.09996e+05       2.03288e-07       1.19556e-05
  194      -2.86078e+07      -9.67304e-03       4.21415e+03
           -5.26006e+05       1.05293e-07       2.10391e-05
  195      -2.42078e+07      -1.37474e-01      -3.64516e+02
           -7.96860e+05      -1.92863e-07       2.16892e-05
  196      -1.98063e+07       1.03899e-01       3.15394e+01
           -1.02257e+06      -4.80593e-07       2.21771e-05
  197      -1.54049e+07      -2.69984e-02      -2.77474e+00
           -1.20314e+06      -1.34014e-06       2.26109e-05
  198      -1.10035e+07      -5.54977e-02       1.86857e-01
           -1.33857e+06      -1.61041e-06       2.28201e-05
  199      -6.60209e+06      -8.57713e-03      -2.90442e-02
           -1.42886e+06      -2.07710e-06       2.25415e-05
  200      -2.20070e+06       6.39118e-03       5.26428e-03
           -1.47400e+06      -2.64274e-06       2.13547e-05
  201       2.20070e+06      -6.37517e-03      -5.26036e-03
           -1.47400e+06      -2.17414e-06       2.04133e-05
  202       6.60209e+06       8.58202e-03       2.90450e-02
           -1.42886e+06      -1.73733e-06       2.04586e-05
  203       1.10035e+07       5.55024e-02      -1.86855e-01
           -1.33857e+06      -1.91403e-06       2.09543e-05
  204       1.54049e+07       2.70004e-02       2.77474e+00
           -1.20314e+06      -1.83585e-06       2.15875e-05
  205       1.98063e+07      -1.03899e-01      -3.15394e+01
           -1.02257e+06      -3.47153e-07       2.18836e-05
  206       2.42078e+07       1.37480e-01       3.64516e+02
           -7.96860e+05      -5.52526e-07       2.17412e-05
  207       2.86078e+07       9.67666e-03      -4.21415e+03
           -5.26006e+05      -2.73136e-07       2.25994e-05
  208       3.30251e+07       1.93017e-02       4.87393e+04
           -2.09996e+05       1.38653e-07       5.12134e-05
  209      -3.13315e+07       5.85118e-03      -4.62397e+04
           -2.09996e+05       4.85806e-07       1.07448e-05
  210      -2.71407e+07       5.16350e-03       3.99813e+03
           -5.26006e+05       1.48035e-07       2.16644e-05
  211      -2.29664e+07       2.67109e-02      -3.45668e+02
           -7.96860e+05       2.87731e-07       2.34379e-05
  212      -1.87906e+07      -2.84402e-02       2.98798e+01
           -1.02257e+06       1.38653e-07       2.37179e-05
  213      -1.46149e+07       1.29463e-02      -2.56846e+00
           -1.20314e+06       1.97867e-06       2.32299e-05
  214      -1.04392e+07       9.66785e-03       2.32872e-01
           -1.33857e+06       1.44595e-06       2.13798e-05
  215      -6.26352e+06      -6.44333e-03      -2.16061e-02
           -1.42886e+06       1.19803e-06       2.01509e-05
  216      -2.08784e+06      -5.35141e-03      -7.53689e-04
           -1.47400e+06       2.11393e-06       2.10815e-05
  217       2.08784e+06       5.36824e-03       7.53909e-04
           -1.47400e+06       1.72951e-06       2.17026e-05
  218       6.26352e+06       6.45474e-03       2.16041e-02
           -1.42886e+06       2.09334e-06       2.12037e-05
  219       1.04392e+07      -9.65526e-03      -2.32872e-01
           -1.33857e+06       7.01604e-07       2.08632e-05
  220       1.46149e+07      -1.29373e-02       2.56846e+00
           -1.20314e+06       3.07538e-07       2.02047e-05
  221       1.87906e+07       2.84399e-02      -2.98798e+01
           -1.02257e+06       3.24427e-06       1.94339e-05
  222       2.29664e+07      -2.67063e-02       3.45668e+02
           -7.96860e+05       1.87650e-06       1.91504e-05
  223       2.71407e+07      -5.15957e-03      -3.99813e+03
           -5.26006e+05       1.33232e-06       2.06570e-05
  224       3.13315e+07      -5.85426e-03       4.62397e+04
           -2.09996e+05       5.11869e-07       5.25065e-05
  225      -2.96379e+07      -1.76009e-03      -4.37403e+04
           -2.09996e+05      -5.83801e-08       1.27085e-05
  226      -2.56737e+07      -1.65938e-03       3.78199e+03
           -5.26006e+05      -2.87731e-07       1.91095e-05
  227      -2.17249e+07      -4.96705e-03      -3.27014e+02
           -7.96860e+05       1.63673e-06       1.90382e-05
  228      -1.77749e+07       6.69527e-03       2.82775e+01
           -1.02257e+06       1.76808e-06       1.92254e-05
  229      -1.38249e+07      -5.32454e-03      -2.44963e+00
           -1.20314e+06       2.50513e-06       1.92765e-05
  230      -9.87492e+06      -1.85850e-03       2.09695e-01
           -1.33857e+06       1.82907e-06       1.96886e-05
  231      -5.92495e+06       2.59907e-03      -1.71492e-02
           -1.42886e+06       2.88460e-06       2.02790e-05
  232      -1.97498e+06       1.61723e-03       2.45067e-03
           -1.47400e+06       1.49156e-06       1.96452e-05
  233       1.97498e+06      -1.60772e-03      -2.44932e-03
           -1.47400e+06       6.02045e-07       1.84937e-05
  234       5.92495e+06      -2.59376e-03       1.71482e-02
           -1.42886e+06       2.17935e-06       1.85443e-05
  235       9.87492e+06       1.86906e-03      -2.09695e-01
           -1.33857e+06       1.24058e-06       1.89973e-05
  236       1.38249e+07       5.32782e-03       2.44963e+00
           -1.20314e+06      -2.51243e-07       1.90788e-05
  237       1.77749e+07      -6.68210e-03      -2.82775e+01
           -1.02257e+06      -2.29350e-07       1.97250e-05
  238       2.17249e+07       4.97052e-03       3.27014e+02
           -7.96860e+05      -8.13152e-08       2.11866e-05
  239       2.56737e+07       1.66024e-03      -3.78199e+03
           -5.26006e+05      -6.73456e-07       2.42741e-05
  240       2.96379e+07       1.75758e-03       4.37403e+04
           -2.09996e+05      -1.43970e-06       5.50318e-05
  241      -2.79443e+07       5.47996e-04      -4.12409e+04
           -2.09996e+05      -5.25421e-07       1.72321e-05
  242      -2.42066e+07       4.17924e-04       3.56588e+03
           -5.26006e+05       7.63112e-07       2.11678e-05
  243      -2.04835e+07       8.31728e-04      -3.08322e+02
           -7.96860e+05       3.04411e-06       1.98309e-05
  244      -1.67591e+07      -1.52479e-03       2.66583e+01
           -1.02257e+06       2.05894e-06       1.95575e-05
  245      -1.30349e+07       1.72411e-03      -2.30371e+00
           -1.20314e+06       2.99719e-07       1.98593e-05
  246      -9.31064e+06       2.63562e-04       1.99525e-01
           -1.33857e+06       6.83881e-07       1.97792e-05
  247      -5.58639e+06      -7.15526e-04      -1.75654e-02
           -1.42886e+06       8.36445e-07       1.99930e-05
  248      -1.86213e+06      -3.47718e-04       1.48639e-03
           -1.47400e+06       3.35686e-07       2.07201e-05
  249       1.86213e+06       3.34171e-04      -1.48619e-03
           -1.47400e+06       9.85686e-07       2.12342e-05
  250       5.58639e+06       6.89549e-04       1.75621e-02
           -1.42886e+06       2.39619e-06       2.16802e-05
  251       9.31064e+06      -2.75201e-04      -1.99524e-01
           -1.33857e+06       2.05686e-06       2.24136e-05
  252       1.30349e+07      -1.73867e-03       2.30371e+00
           -1.20314e+06       1.06335e-06       2.25689e-05
  253       1.67591e+07       1.52034e-03      -2.66583e+01
           -1.02257e+06       1.88484e-06       2.14138e-05
  254       2.04835e+07      -8.45003e-04       3.08322e+02
           -7.96860e+05       6.15076e-07       1.98163e-05
  255       2.42066e+07      -4.22632e-04      -3.56588e+03
           -5.26006e+05       1.85565e-07       2.00390e-05
  256       2.79443e+07      -5.41749e-04       4.12409e+04
           -2.09996e+05       1.07169e-06       4.26267e-05
  257      -2.62507e+07      -2.53185e-04      -3.87414e+04
           -2.09996e+05      -1.45950e-08       1.12452e-05
  258      -2.27395e+07      -7.53640e-05       3.34977e+03
           -5.26006e+05       9.38252e-08       2.01707e-05
  259      -1.92421e+07      -2.12466e-04      -2.89637e+02
           -7.96860e+05       8.23577e-08       2.28018e-05
  260      -1.57434e+07       4.04350e-04       2.50436e+01
           -1.02257e+06       4.26383e-07       2.37438e-05
  261      -1.22449e+07      -5.38558e-04      -2.16574e+00
           -1.20314e+06      -4.74338e-08       2.30346e-05
  262      -8.74636e+06      -2.53282e-05       1.87231e-01
           -1.33857e+06       7.01083e-08       2.23122e-05
  263      -5.24782e+06       1.71189e-04      -1.61135e-02
           -1.42886e+06      -6.17178e-07       2.12270e-05
  264      -1.74927e+06       5.83266e-05       1.53820e-03
           -1.47400e+06       1.11756e-06       2.02973e-05
  265       1.74927e+06      -6.22281e-05      -1.53606e-03
           -1.47400e+06      -7.53729e-07       1.97323e-05
  266       5.24782e+06      -1.95544e-04       1.61124e-02
           -1.42886e+06      -1.74515e-06       1.90874e-05
  267       8.74636e+06      -2.47569e-06      -1.87232e-01
           -1.33857e+06      -1.08733e-06       1.93395e-05
  268       1.22449e+07       5.24907e-04       2.16574e+00
           -1.20314e+06      -5.90056e-07       2.09481e-05
  269       1.57434e+07      -4.32371e-04      -2.50436e+01
           -1.02257e+06       1.13424e-06       2.35055e-05
  270       1.92421e+07       1.94171e-04       2.89637e+02
           -7.96860e+05      -6.88051e-08       2.34659e-05
  271       2.27395e+07       7.47736e-05      -3.34977e+03
           -5.26006e+05      -3.10666e-07       2.28271e-05
  272       2.62507e+07       2.49798e-04       3.87414e+04
           -2.09996e+05      -4.54531e-07       4.90902e-05
  273      -2.45571e+07       3.68076e-04      -3.62420e+04
           -2.09996e+05       1.35108e-06       1.81645e-05
  274      -2.12725e+07      -1.66736e-04       3.13365e+03
           -5.26006e+05       1.73055e-07       2.18629e-05
  275      -1.80007e+07       3.62705e-04      -2.70950e+02
           -7.96860e+05      -1.27290e-06       1.91430e-05
  276      -1.47277e+07      -4.65738e-04       2.34273e+01
           -1.02257e+06       2.37690e-07       1.77601e-05
  277      -1.14549e+07       2.21579e-04      -2.02552e+00
           -1.20314e+06      -2.86688e-07       1.81185e-05
  278      -8.18208e+06       4.88996e-05       1.75157e-01
           -1.33857e+06      -1.03156e-06       1.85477e-05
  279      -4.90925e+06      -1.41502e-04      -1.52478e-02
           -1.42886e+06       2.29350e-08       2.03501e-05
  280      -1.63642e+06      -6.06038e-05       1.38054e-03
           -1.47400e+06      -7.78749e-07       2.20828e-05
  281       1.63642e+06       8.99340e-05      -1.38104e-03
           -1.47400e+06       4.43063e-07       2.16371e-05
  282       4.90925e+06       1.54189e-04       1.52435e-02
           -1.42886e+06       3.63833e-07       2.07489e-05
  283       8.18208e+06      -3.60024e-05      -1.75159e-01
           -1.33857e+06      -8.28789e-07       2.02986e-05
  284       1.14549e+07      -2.25259e-04       2.02552e+00
           -1.20314e+06      -3.12229e-06       1.95763e-05
  285       1.47277e+07       4.56356e-04      -2.34273e+01
           -1.02257e+06      -4.05950e-06       1.82492e-05
  286       1.80007e+07      -3.82794e-04       2.70950e+02
           -7.96860e+05      -3.30890e-06       1.79223e-05
  287       2.12725e+07       1.40013e-04      -3.13365e+03
           -5.26006e+05      -2.61668e-06       1.98188e-05
  288       2.45571e+07      -3.81739e-04       3.62420e+04
           -2.09996e+05      -2.40818e-06       4.12610e-05
  289      -2.28635e+07      -1.26415e-03      -3.37425e+04
           -2.09996e+05       8.61107e-07       1.13637e-05
  290      -1.98054e+07       7.45196e-04       2.91754e+03
           -5.26006e+05      -3.77386e-07       1.82433e-05
  291      -1.67592e+07      -1.70126e-03      -2.52265e+02
           -7.96860e+05      -2.53328e-07       1.92193e-05
  292      -1.37120e+07       1.51727e-03       2.18132e+01
           -1.02257e+06      -3.27346e-07       1.92608e-05
  293      -1.06649e+07      -4.92244e-05      -1.88597e+00
           -1.20314e+06      -5.01444e-07       1.88987e-05
  294      -7.61780e+06      -3.38900e-04       1.62933e-01
           -1.33857e+06      -2.58827e-06       1.87806e-05
  295      -4.57068e+06       2.03221e-04      -1.39090e-02
           -1.42886e+06      -2.95458e-06       1.83109e-05
  296      -1.52356e+06       2.16483e-04       1.47640e-03
           -1.47400e+06      -2.72875e-06       1.80103e-05
  297       1.52356e+06      -1.91321e-04      -1.47589e-03
           -1.47400e+06      -5.40537e-07       1.91826e-05
  298       4.57068e+06      -1.96999e-04       1.39055e-02
           -1.42886e+06       2.12253e-06       2.09660e-05
  299       7.61780e+06       3.46920e-04      -1.62935e-01
           -1.33857e+06       3.87811e-06       2.22095e-05
  300       1.06649e+07       5.56193e-05       1.88597e+00
           -1.20314e+06       2.74804e-06       2.15781e-05
  301       1.37120e+07      -1.51793e-03      -2.18132e+01
           -1.02257e+06       3.96985e-06       1.90253e-05
  302       1.67592e+07       1.68084e-03       2.52265e+02
           -7.96860e+05       2.91275e-06       1.54103e-05
  303       1.98054e+07      -7.67649e-04      -2.91754e+03
           -5.26006e+05       1.55124e-06       1.59294e-05
  304       2.28635e+07       1.25244e-03       3.37425e+04
           -2.09996e+05       1.04250e-07       4.21463e-05
  305      -2.11699e+07       4.64039e-03      -3.12431e+04
           -2.09996e+05      -5.27506e-07       1.77463e-05
  306      -1.83383e+07      -3.58009e-03       2.70142e+03
           -5.26006e+05      -8.40257e-07       2.08579e-05
  307      -1.55178e+07       7.79051e-03      -2.33575e+02
           -7.96860e+05      -2.08500e-08       2.00802e-05
  308      -1.26963e+07      -4.62268e-03       2.01916e+01
           -1.02257e+06      -1.00914e-06       1.77926e-05
  309      -9.87493e+06      -3.32450e-04      -1.74712e+00
           -1.20314e+06      -1.27342e-06       1.64477e-05
  310      -7.05352e+06       2.64735e-03       1.51852e-01
           -1.33857e+06       1.18949e-06       1.76164e-05
  311      -4.23211e+06       1.50913e-03      -1.29163e-02
           -1.42886e+06       1.93154e-06       1.81035e-05
  312      -1.41070e+06       2.69989e-04       1.07490e-03
           -1.47400e+06       3.50255e-06       1.65056e-05
  313       1.41070e+06      -2.83548e-04      -1.06687e-03
           -1.47400e+06       6.22895e-07       1.55238e-05
  314       4.23211e+06      -1.52322e-03       1.29215e-02
           -1.42886e+06       1.57105e-06       1.43859e-05
  315       7.05352e+06      -2.65538e-03      -1.51848e-01
           -1.33857e+06      -6.98476e-07       1.33403e-05
  316       9.87493e+06       3.28894e-04       1.74712e+00
           -1.20314e+06       5.05614e-07       1.38934e-05
  317       1.26963e+07       4.61390e-03      -2.01916e+01
           -1.02257e+06       4.52446e-07       1.62326e-05
  318       1.55178e+07      -7.78888e-03       2.33575e+02
           -7.96860e+05       2.75429e-06       1.89781e-05
  319       1.83383e+07       3.59132e-03      -2.70142e+03
           -5.26006e+05       1.59711e-06       2.10777e-05
  320       2.11699e+07      -4.64315e-03       3.12431e+04
           -2.09996e+05      -2.93986e-07       5.04725e-05
  321      -1.94763e+07      -1.80511e-02      -2.87436e+04
           -2.09996e+05       4.42021e-07       4.95562e-06
  322      -1.68713e+07       1.88677e-02       2.48533e+03
           -5.26006e+05       2.21844e-06       1.31405e-05
  323      -1.42764e+07      -3.10122e-02      -2.14905e+02
           -7.96860e+05       3.11083e-06       1.35325e-05
  324      -1.16806e+07       1.55698e-02       1.85967e+01
           -1.02257e+06       3.66544e-06       1.65941e-05
  325      -9.08493e+06       7.05080e-03      -1.59971e+00
           -1.20314e+06       9.64314e-08       1.90927e-05
  326      -6.48924e+06      -9.21939e-03       1.35814e-01
           -1.33857e+06      -5.94747e-07       1.75179e-05
  327      -3.89354e+06      -1.06218e-02      -1.56072e-02
           -1.42886e+06      -1.41459e-06       1.67828e-05
  328      -1.29785e+06      -3.97071e-03       4.66261e-06
           -1.47400e+06       5.37149e-07       1.94931e-05
  329       1.29785e+06       3.99254e-03      -4.53118e-06
           -1.47400e+06      -2.80954e-07       2.18053e-05
  330       3.89354e+06       1.06453e-02       1.56103e-02
           -1.42886e+06       1.25205e-06       2.14703e-05
  331       6.48924e+06       9.22409e-03      -1.35813e-01
           -1.33857e+06       6.19246e-07       1.90816e-05
  332       9.08493e+06      -7.06806e-03       1.59971e+00
           -1.20314e+06      -9.36167e-07       1.77780e-05
  333       1.16806e+07      -1.55890e-02      -1.85967e+01
           -1.02257e+06      -2.95445e-06       1.84085e-05
  334       1.42764e+07       3.10163e-02       2.14905e+02
           -7.96860e+05      -4.32638e-06       2.01941e-05
  335       1.68713e+07      -1.88673e-02      -2.48533e+03
           -5.26006e+05      -5.82967e-06       2.33237e-05
  336       1.94763e+07       1.80577e-02       2.87436e+04
           -2.09996e+05      -2.79391e-06       5.04521e-05
  337      -1.77827e+07       7.48530e-02      -2.62441e+04
           -2.09996e+05      -2.29350e-07      -5.56532e-06
  338      -1.54042e+07      -9.84639e-02       2.26912e+03
           -5.26006e+05       1.21973e-06       1.46480e-05
  339      -1.30350e+07       1.06809e-01      -1.96150e+02
           -7.96860e+05       1.57626e-06       1.93205e-05
  340      -1.06649e+07      -6.57557e-02       1.69092e+01
           -1.02257e+06       1.94010e-06       1.92310e-05
  341      -8.29494e+06      -7.56196e-02      -1.51184e+00
           -1.20314e+06       3.49395e-06       1.80696e-05
  342      -5.92495e+06      -1.11317e-02       1.23958e-01
           -1.33857e+06       1.82229e-06       1.77384e-05
  343      -3.55497e+06       2.11178e-02       1.72063e-03
           -1.42886e+06       1.32874e-06       1.68930e-05
  344      -1.18499e+06       1.19559e-02       7.32580e-03
           -1.47400e+06      -2.43893e-06       1.41234e-05
  345       1.18499e+06      -1.19202e-02      -7.32761e-03
           -1.47400e+06      -1.18585e-06       1.18006e-05
  346       3.55497e+06      -2.10712e-02      -1.71541e-03
           -1.42886e+06      -5.29591e-07       1.31063e-05
  347       5.92495e+06       1.11371e-02      -1.23961e-01
           -1.33857e+06      -1.16864e-06       1.74475e-05
  348       8.29494e+06       7.56308e-02       1.51185e+00
           -1.20314e+06      -1.02374e-06       2.06111e-05
  349       1.06649e+07       6.57499e-02      -1.69092e+01
           -1.02257e+06      -1.63881e-06       2.02771e-05
  350       1.30350e+07      -1.06812e-01       1.96150e+02
           -7.96860e+05      -1.14675e-06       1.86975e-05
  351       1.54042e+07       9.84670e-02      -2.26912e+03
           -5.26006e+05       1.37819e-06       1.78389e-05
  352       1.77827e+07      -7.48500e-02       2.62441e+04
           -2.09996e+05       1.30938e-06       3.41324e-05
  353      -1.60891e+07      -2.98298e-01      -2.37450e+04
           -2.09996e+05      -6.17161e-07       1.22398e-05
  354      -1.39371e+07       4.33118e-01       2.05343e+03
           -5.26006e+05      -2.43737e-06       1.15230e-05
  355      -1.17935e+07      -4.77416e-01      -1.77742e+02
           -7.96860e+05      -5.35638e-06       9.06434e-06
  356      -9.64921e+06       5.00676e-02       1.54854e+01
           -1.02257e+06      -4.63184e-06       1.01070e-05
  357      -7.50494e+06       2.43265e-01      -1.13664e+00
           -1.20314e+06      -4.13352e-07       1.20489e-05
  358      -5.36067e+06       9.40422e-02       1.77208e-01
           -1.33857e+06       2.47594e-07       1.46006e-05
  359      -3.21640e+06      -3.96467e-02      -3.28176e-02
           -1.42886e+06      -3.72469e-06       1.68437e-05
  360      -1.07213e+06      -3.50815e-02      -1.88367e-02
           -1.47400e+06      -1.03051e-06       1.95412e-05
  361       1.07213e+06       3.50960e-02       1.88359e-02
           -1.47400e+06      -3.48665e-06       2.16366e-05
  362       3.21640e+06       3.96623e-02       3.28226e-02
           -1.42886e+06      -1.95365e-06       2.04518e-05
  363       5.36067e+06      -9.40540e-02      -1.77210e-01
           -1.33857e+06      -2.36648e-06       1.67697e-05
  364       7.50494e+06      -2.43279e-01       1.13664e+00
           -1.20314e+06       1.34691e-06       1.22573e-05
  365       9.64921e+06      -5.00626e-02      -1.54854e+01
           -1.02257e+06      -1.25100e-07       9.62606e-06
  366       1.17935e+07       4.77425e-01       1.77742e+02
           -7.96860e+05      -9.19487e-07       9.70487e-06
  367       1.39371e+07      -4.33134e-01      -2.05343e+03
           -5.26006e+05      -1.10088e-06       1.37310e-05
  368       1.60891e+07       2.98292e-01       2.37450e+04
           -2.09996e+05      -1.87650e-07       3.96159e-05
  369      -1.43955e+07       1.16359e+00      -2.12445e+04
           -2.09996e+05      -1.41780e-07       1.57810e-05
  370      -1.24701e+07      -1.82290e+00       1.83538e+03
           -5.26006e+05       7.48516e-07       1.80916e-05
  371      -1.05521e+07       2.32145e+00      -1.57959e+02
           -7.96861e+05      -1.78685e-06       1.70441e-05
  372      -8.63350e+06       1.33097e+00       1.37380e+01
           -1.02257e+06      -5.41476e-06       1.63785e-05
  373      -6.71495e+06       2.64741e-01      -1.64372e+00
           -1.20314e+06      -5.34491e-06       1.64313e-05
  374      -4.79639e+06       1.88755e-01      -1.44820e-01
           -1.33857e+06      -7.92745e-06       1.51197e-05
  375      -2.87783e+06       3.28424e-01       4.64605e-03
           -1.42885e+06      -6.94149e-06       1.35080e-05
  376      -9.59278e+05       1.71109e-01       4.59412e-02
           -1.47400e+06      -4.42777e-06       1.22766e-05
  377       9.59278e+05      -1.71116e-01      -4.59398e-02
           -1.47400e+06      -2.91953e-06       1.06320e-05
  378       2.87783e+06      -3.28432e-01      -4.64522e-03
           -1.42885e+06      -1.11026e-06       1.01167e-05
  379       4.79639e+06      -1.88755e-01       1.44824e-01
           -1.33857e+06      -3.26616e-06       1.16120e-05
  380       6.71495e+06      -2.64771e-01       1.64371e+00
           -1.20314e+06      -4.14082e-06       1.48728e-05
  381       8.63350e+06      -1.33098e+00      -1.37380e+01
           -1.02257e+06      -6.42807e-06       1.77255e-05
  382       1.05521e+07      -2.32145e+00       1.57959e+02
           -7.96861e+05      -7.33087e-06       1.77659e-05
  383       1.24701e+07       1.82290e+00      -1.83538e+03
           -5.26006e+05      -6.64699e-06       1.49670e-05
  384       1.43955e+07      -1.16360e+00       2.12445e+04
           -2.09996e+05      -1.43657e-06       2.73890e-05
  385      -1.27020e+07      -5.52573e+00      -1.87503e+04
           -2.09997e+05       5.83801e-08       1.03500e-05
  386      -1.10030e+07       9.27936e+00       1.62755e+03
           -5.26011e+05       3.63625e-06       1.21898e-05
  387      -9.31069e+06      -5.74862e+00      -1.42663e+02
           -7.96857e+05       6.72622e-06       1.48210e-05
  388      -7.61780e+06      -4.84360e+00       1.10686e+01
           -1.02257e+06       8.19407e-06       1.39870e-05
  389      -5.92496e+06       8.82265e-04       3.13864e-01
           -1.20314e+06       6.07049e-06       1.01817e-05
  390      -4.23211e+06       2.26561e+00       1.89259e+00
           -1.33857e+06       9.60431e-06       8.34570e-06
  391      -2.53927e+06       2.00102e+00       1.11548e+00
           -1.42885e+06       2.81954e-06       8.20145e-06
  392      -8.46423e+05       7.26176e-01       3.43216e-01
           -1.47399e+06       1.00758e-06       8.88097e-06
  393       8.46423e+05      -7.26172e-01      -3.43210e-01
           -1.47399e+06      -2.53954e-06       1.08203e-05
  394       2.53927e+06      -2.00102e+00      -1.11548e+00
           -1.42885e+06      -5.57739e-06       1.37773e-05
  395       4.23211e+06      -2.26561e+00      -1.89258e+00
           -1.33857e+06      -6.83047e-06       1.67618e-05
  396       5.92496e+06      -8.97020e-04      -3.13861e-01
           -1.20314e+06      -5.77546e-06       1.67643e-05
  397       7.61780e+06       4.84356e+00      -1.10686e+01
           -1.02257e+06      -3.43192e-06       1.33966e-05
  398       9.31069e+06       5.74860e+00       1.42663e+02
           -7.96857e+05      -6.38011e-07       8.01393e-06
  399       1.10030e+07      -9.27937e+00      -1.62755e+03
           -5.26011e+05      -6.17161e-07       6.01483e-06
  400       1.27020e+07       5.52573e+00       1.87503e+04
           -2.09997e+05       1.45950e-07       1.87792e-05
  401      -1.10084e+07       2.87870e+01      -1.62208e+04
           -2.09996e+05       2.50201e-07      -1.12424e-06
  402      -9.53595e+06      -4.57161e+01       1.37808e+03
           -5.25977e+05       2.24972e-06       9.91836e-06
  403      -8.06924e+06      -3.41795e+00      -1.19563e+02
           -7.96862e+05       4.00321e-06       7.91300e-06
  404      -6.60208e+06      -4.34562e-01       1.22935e+01
           -1.02258e+06      -2.91901e-06       9.08060e-06
  405      -5.13496e+06      -1.78333e+01      -8.59696e+00
           -1.20314e+06      -5.92767e-06       1.47998e-05
  406      -3.66783e+06      -2.92542e+01      -1.25558e+01
           -1.33857e+06      -4.67536e-06       2.24590e-05
  407      -2.20070e+06      -2.57196e+01      -1.06230e+01
           -1.42886e+06      -4.00348e-06       2.77957e-05
  408      -7.33565e+05      -1.00496e+01      -4.02958e+00
           -1.47401e+06      -1.39565e-06       2.89512e-05
  409       7.33565e+05       1.00497e+01       4.02959e+00
           -1.47401e+06      -3.43974e-06       2.66654e-05
  410       2.20070e+06       2.57196e+01       1.06230e+01
           -1.42886e+06      -2.29350e-06       2.16740e-05
  411       3.66783e+06       2.92542e+01       1.25558e+01
           -1.33857e+06      -1.81395e-07       1.59023e-05
  412       5.13496e+06       1.78333e+01       8.59696e+00
           -1.20314e+06      -1.46784e-06       1.31539e-05
  413       6.60208e+06       4.34559e-01      -1.22935e+01
           -1.02258e+06       2.50201e-07       1.57560e-05
  414       8.06924e+06       3.41794e+00       1.19563e+02
           -7.96862e+05      -1.28853e-06       2.04606e-05
  415       9.53595e+06       4.57161e+01      -1.37808e+03
           -5.25977e+05      -1.86816e-06       2.15773e-05
  416       1.10084e+07      -2.87870e+01       1.62208e+04
           -2.09996e+05      -3.20257e-06       2.65413e-05
  417      -9.31487e+06      -1.28943e+02      -1.38470e+04
           -2.09937e+05      -8.86127e-07       1.61433e-05
  418      -8.06883e+06       1.67515e+02       1.30392e+03
           -5.26058e+05      -3.27554e-06       2.44675e-05
  419      -6.82788e+06       2.26984e+01      -7.66068e+01
           -7.96799e+05      -1.76391e-06       2.94294e-05
  420      -5.58637e+06      -6.63863e+01      -1.09289e+00
           -1.02248e+06      -6.39367e-06       2.90410e-05
  421      -4.34487e+06      -6.41117e+01      -3.32209e-01
           -1.20310e+06      -3.89479e-06       2.45513e-05
  422      -3.10342e+06      -2.81138e+01       1.76361e+01
           -1.33859e+06       3.37171e-06       1.67279e-05
  423      -1.86203e+06      -2.00887e+00       2.08266e+01
           -1.42893e+06       3.34012e-06       9.81371e-06
  424      -6.20671e+05       2.61190e+00       8.96284e+00
           -1.47410e+06       8.32933e-06       7.39045e-06
  425       6.20671e+05      -2.61190e+00      -8.96284e+00
           -1.47410e+06       5.51327e-06       1.01747e-05
  426       1.86203e+06       2.00892e+00      -2.08266e+01
           -1.42893e+06       6.12887e-06       1.73608e-05
  427       3.10342e+06       2.81139e+01      -1.76362e+01
           -1.33859e+06       4.78300e-06       2.42736e-05
  428       4.34487e+06       6.41117e+01       3.32206e-01
           -1.20310e+06       2.92318e-06       2.58199e-05
  429       5.58637e+06       6.63864e+01       1.09289e+00
           -1.02248e+06       4.06993e-06       2.39325e-05
  430       6.82788e+06      -2.26984e+01       7.66068e+01
           -7.96799e+05       7.11403e-06       2.09418e-05
  431       8.06883e+06      -1.67515e+02      -1.30392e+03
           -5.26058e+05       7.00978e-06       1.64991e-05
  432       9.31487e+06       1.28943e+02       1.38470e+04
           -2.09937e+05       2.85229e-06       2.84728e-05
  433      -7.62099e+06       5.92225e+02      -1.08566e+04
           -2.10279e+05      -7.48516e-07       4.14962e-05
  434      -6.60211e+06      -5.46247e+02       5.11215e+02
           -5.25767e+05      -1.99326e-06       1.96808e-05
  435      -5.58627e+06      -1.19821e+02      -3.15619e+02
           -7.96974e+05       6.51147e-06       1.00001e-05
  436      -4.57049e+06       4.92235e+02       4.77424e+01
           -1.02292e+06       2.83873e-06       4.49964e-06
  437      -3.55500e+06       8.39317e+02       1.67887e+02
           -1.20342e+06       2.21636e-06       5.78171e-06
  438      -2.53948e+06       8.56894e+02       1.77205e+02
           -1.33857e+06       1.60597e-06       1.24357e-05
  439      -1.52380e+06       6.16457e+02       1.22403e+02
           -1.42856e+06       2.69486e-06       1.87682e-05
  440      -5.07955e+05       2.22226e+02       4.27499e+01
           -1.47351e+06      -6.87530e-07       2.07412e-05
  441       5.07955e+05      -2.22226e+02      -4.27499e+01
           -1.47351e+06      -1.86243e-06       1.80241e-05
  442       1.52380e+06      -6.16457e+02      -1.22403e+02
           -1.42856e+06      -2.39150e-06       1.28699e-05
  443       2.53948e+06      -8.56894e+02      -1.77204e+02
           -1.33857e+06      -5.45437e-06       9.33081e-06
  444       3.55500e+06      -8.39317e+02      -1.67887e+02
           -1.20342e+06      -4.04699e-06       1.00935e-05
  445       4.57049e+06      -4.92235e+02      -4.77424e+01
           -1.02292e+06       7.08901e-08       1.32231e-05
  446       5.58627e+06       1.19821e+02       3.15619e+02
           -7.96974e+05      -8.17322e-07       1.95390e-05
  447       6.60211e+06       5.46247e+02      -5.11215e+02
           -5.25767e+05      -3.27346e-07       3.01563e-05
  448       7.62099e+06      -5.92225e+02       1.08566e+04
           -2.10279e+05       3.19631e-06       7.16520e-05
  449      -5.92610e+06      -3.45032e+03      -1.12901e+04
           -2.09338e+05       5.51067e-06       2.69604e-05
  450      -5.13174e+06       1.93646e+03       1.83425e+03
           -5.28929e+05       7.47265e-06       1.56125e-05
  451      -4.34482e+06       3.21942e+03       1.40155e+03
           -7.99671e+05       8.67153e-06       1.76546e-05
  452      -3.55729e+06       2.60088e+03       9.10067e+02
           -1.02388e+06       6.11115e-06       1.90907e-05
  453      -2.76835e+06       1.46780e+03       2.92793e+02
           -1.20286e+06       3.89375e-06       1.62582e-05
  454      -1.97814e+06       5.39738e+02      -7.34413e+01
           -1.33710e+06       2.65838e-08       9.44225e-06
  455      -1.18715e+06       6.24086e+01      -1.69975e+02
           -1.42669e+06      -2.94645e-07       3.69601e-06
  456      -3.95754e+05      -2.84085e+01      -7.86022e+01
           -1.47153e+06      -4.21953e-07       3.65400e-06
  457       3.95754e+05       2.84086e+01       7.86022e+01
           -1.47153e+06       2.55622e-06       8.32501e-06
  458       1.18715e+06      -6.24085e+01       1.69975e+02
           -1.42669e+06       3.23176e-08       1.18881e-05
  459       1.97814e+06      -5.39738e+02       7.34413e+01
           -1.33710e+06      -7.18284e-07       1.28038e-05
  460       2.76835e+06      -1.46780e+03      -2.92793e+02
           -1.20286e+06      -8.52767e-07       1.25171e-05
  461       3.55729e+06      -2.60088e+03      -9.10067e+02
           -1.02388e+06      -3.92815e-06       1.18945e-05
  462       4.34482e+06      -3.21942e+03      -1.40155e+03
           -7.99671e+05      -7.96889e-06       1.09012e-05
  463       5.13174e+06      -1.93646e+03      -1.83425e+03
           -5.28929e+05      -7.85421e-06       1.19992e-05
  464       5.92610e+06       3.45032e+03       1.12901e+04
           -2.09338e+05      -4.32638e-06       2.61389e-05
  465      -4.22438e+06       1.79465e+04       5.39669e+03
           -2.19888e+05      -2.17674e-06       5.19916e-06
  466      -3.67548e+06       1.10740e+03       6.51159e+02
           -5.22306e+05       2.16632e-06       9.02097e-06
  467      -3.11191e+06      -1.20348e+04      -5.53417e+03
           -7.87078e+05       1.65758e-06       9.62313e-06
  468      -2.54222e+06      -1.96115e+04      -7.25912e+03
           -1.01336e+06       7.36840e-06       7.07316e-06
  469      -1.97264e+06      -2.16522e+04      -6.92698e+03
           -1.19853e+06       7.27354e-06       8.77682e-06
  470      -1.40573e+06      -1.89912e+04      -5.46698e+03
           -1.33993e+06       1.00435e-05       1.18040e-05
  471      -8.41906e+05      -1.28260e+04      -3.44574e+03
           -1.43540e+06       7.62498e-06       1.24128e-05
  472      -2.80360e+05      -4.51559e+03      -1.17225e+03
           -1.48350e+06       6.30740e-06       1.01029e-05
  473       2.80360e+05       4.51559e+03       1.17225e+03
           -1.48350e+06       3.25052e-06       7.82335e-06
  474       8.41906e+05       1.28260e+04       3.44574e+03
           -1.43540e+06       2.92735e-06       6.91387e-06
  475       1.40573e+06       1.89912e+04       5.46698e+03
           -1.33993e+06       1.96929e-06       8.09962e-06
  476       1.97264e+06       2.16522e+04       6.92698e+03
           -1.19853e+06      -2.12045e-06       1.27873e-05
  477       2.54222e+06       1.96115e+04       7.25912e+03
           -1.01336e+06       3.56536e-07       1.52543e-05
  478       3.11191e+06       1.20348e+04       5.53417e+03
           -7.87078e+05      -6.71371e-07       1.26043e-05
  479       3.67548e+06      -1.10740e+03      -6.51159e+02
           -5.22306e+05      -6.23416e-07       6.93681e-06
  480       4.22438e+06      -1.79465e+04      -5.39669e+03
           -2.19888e+05       3.64459e-06       8.99060e-07
  481      -2.64460e+06      -6.93293e+04      -2.28383e+04
           -1.34593e+05      -1.25726e-06       8.43801e-06
  482      -2.22140e+06      -8.04520e+04      -8.79391e+03
           -4.57027e+05       4.73296e-07       2.61418e-06
  483      -1.82454e+06      -7.60328e+04       8.39987e+02
           -7.54150e+05      -7.08901e-08      -5.06241e-07
  484      -1.45475e+06      -6.44049e+04       6.21079e+03
           -1.01191e+06      -4.52029e-06       2.46864e-06
  485      -1.10797e+06      -4.99993e+04       8.10863e+03
           -1.22292e+06      -4.25341e-06       4.91060e-06
  486      -7.78965e+05      -3.51015e+04       7.46584e+03
           -1.38330e+06      -5.96051e-06       5.02851e-06
  487      -4.62458e+05      -2.06634e+04       5.12409e+03
           -1.49102e+06      -4.98010e-06       6.54297e-06
  488      -1.53339e+05      -6.80674e+03       1.81291e+03
           -1.54508e+06      -3.38970e-06       9.50842e-06
  489       1.53339e+05       6.80674e+03      -1.81291e+03
           -1.54508e+06      -2.48115e-07       1.03128e-05
  490       4.62458e+05       2.06634e+04      -5.12409e+03
           -1.49102e+06       1.60233e-06       8.61169e-06
  491       7.78965e+05       3.51015e+04      -7.46584e+03
           -1.38330e+06      -2.95966e-06       4.91540e-06
  492       1.10797e+06       4.99993e+04      -8.10863e+03
           -1.22292e+06      -2.42486e-06       3.44862e-07
  493       1.45475e+06       6.44049e+04      -6.21079e+03
           -1.01191e+06       1.41780e-06      -2.69883e-06
  494       1.82454e+06       7.60328e+04      -8.39987e+02
           -7.54150e+05       9.91211e-06      -4.12414e-06
  495       2.22140e+06       8.04520e+04       8.79391e+03
           -4.57027e+05       2.77306e-06      -4.17084e-06
  496       2.64460e+06       6.93293e+04       2.28383e+04
           -1.34593e+05       4.08452e-06      -7.24872e-06
  497      -9.72167e+05       3.03620e+05       7.95874e+04
           -2.75942e+05      -7.08901e-07      -1.52439e-05
  498      -7.31695e+05       4.30795e+05       8.69614e+04
           -5.95972e+05      -8.53809e-06       4.79009e-06
  499      -5.62156e+05       4.82933e+05       6.83045e+04
           -8.46489e+05      -2.66672e-06       7.55230e-06
  500      -4.27607e+05       4.74328e+05       5.33627e+04
           -1.04088e+06      -5.49294e-06       6.39617e-06
  501      -3.15090e+05       4.17486e+05       3.97543e+04
           -1.18803e+06      -1.82959e-06       8.61920e-06
  502      -2.16552e+05       3.23936e+05       2.74546e+04
           -1.29392e+06      -8.24098e-07       1.04197e-05
  503      -1.26738e+05       2.04576e+05       1.60952e+04
           -1.36252e+06       3.61186e-06       8.04132e-06
  504      -4.17326e+04       6.98864e+04       5.30221e+03
           -1.39625e+06       6.71971e-06       2.66254e-06
  505       4.17326e+04      -6.98864e+04      -5.30221e+03
           -1.39625e+06       5.82863e-06      -2.22407e-06
  506       1.26738e+05      -2.04576e+05      -1.60952e+04
           -1.36252e+06       5.72751e-06      -4.91686e-06
  507       2.16552e+05      -3.23936e+05      -2.74546e+04
           -1.29392e+06       8.52037e-06      -4.91331e-06
  508       3.15090e+05      -4.17486e+05      -3.97543e+04
           -1.18803e+06       1.28186e-05      -4.05158e-06
  509       4.27607e+05      -4.74328e+05      -5.33627e+04
           -1.04088e+06       5.63577e-06      -3.61581e-06
  510       5.62156e+05      -4.82933e+05      -6.83045e+04
           -8.46489e+05      -2.02245e-06      -2.50451e-06
  511       7.31695e+05      -4.30795e+05      -8.69614e+04
           -5.95972e+05      -9.21572e-07      -6.36342e-07
  512       9.72167e+05      -3.03620e+05      -7.95874e+04
           -2.75942e+05      -2.03705e-06       1.93893e-05


 S O L U T I O N   T I M E   L O G   I N   S E C 

     TIME FOR INPUT PHASE = 3.90000e-02
     TIME FOR CALCULATION OF STIFFNESS MATRIX = 2.40000e-02
     TIME FOR FACTORIZATION AND LOAD CASE SOLUTIONS = 8.70000e-02

     T O T A L   S O L U T I O N   T I M E = 1.50000e-01

