TITLE : Q4R Cantilever Convergence Test 32x16 Mesh
        (1:50:38 on June 2, 2026, Tuesday)

C O N T R O L   I N F O R M A T I O N

      NUMBER OF NODAL POINTS . . . . . . . . . . (NUMNP)  =   561
      NUMBER OF ELEMENT GROUPS . . . . . . . . . (NUMEG)  =     1
      NUMBER OF LOAD CASES . . . . . . . . . . . (NLCASE) =     1
      SOLUTION MODE  . . . . . . . . . . . . . . (MODEX)  =     1
         EQ.0, DATA CHECK
         EQ.1, EXECUTION

 N O D A L   P O I N T   D A T A

    NODE       BOUNDARY                         NODAL POINT
   NUMBER  CONDITION  CODES                     COORDINATES
        1    1    1    1       0.00000e+00    0.00000e+00    0.00000e+00
        2    0    0    1       3.12500e-01    0.00000e+00    0.00000e+00
        3    0    0    1       6.25000e-01    0.00000e+00    0.00000e+00
        4    0    0    1       9.37500e-01    0.00000e+00    0.00000e+00
        5    0    0    1       1.25000e+00    0.00000e+00    0.00000e+00
        6    0    0    1       1.56250e+00    0.00000e+00    0.00000e+00
        7    0    0    1       1.87500e+00    0.00000e+00    0.00000e+00
        8    0    0    1       2.18750e+00    0.00000e+00    0.00000e+00
        9    0    0    1       2.50000e+00    0.00000e+00    0.00000e+00
       10    0    0    1       2.81250e+00    0.00000e+00    0.00000e+00
       11    0    0    1       3.12500e+00    0.00000e+00    0.00000e+00
       12    0    0    1       3.43750e+00    0.00000e+00    0.00000e+00
       13    0    0    1       3.75000e+00    0.00000e+00    0.00000e+00
       14    0    0    1       4.06250e+00    0.00000e+00    0.00000e+00
       15    0    0    1       4.37500e+00    0.00000e+00    0.00000e+00
       16    0    0    1       4.68750e+00    0.00000e+00    0.00000e+00
       17    0    0    1       5.00000e+00    0.00000e+00    0.00000e+00
       18    0    0    1       5.31250e+00    0.00000e+00    0.00000e+00
       19    0    0    1       5.62500e+00    0.00000e+00    0.00000e+00
       20    0    0    1       5.93750e+00    0.00000e+00    0.00000e+00
       21    0    0    1       6.25000e+00    0.00000e+00    0.00000e+00
       22    0    0    1       6.56250e+00    0.00000e+00    0.00000e+00
       23    0    0    1       6.87500e+00    0.00000e+00    0.00000e+00
       24    0    0    1       7.18750e+00    0.00000e+00    0.00000e+00
       25    0    0    1       7.50000e+00    0.00000e+00    0.00000e+00
       26    0    0    1       7.81250e+00    0.00000e+00    0.00000e+00
       27    0    0    1       8.12500e+00    0.00000e+00    0.00000e+00
       28    0    0    1       8.43750e+00    0.00000e+00    0.00000e+00
       29    0    0    1       8.75000e+00    0.00000e+00    0.00000e+00
       30    0    0    1       9.06250e+00    0.00000e+00    0.00000e+00
       31    0    0    1       9.37500e+00    0.00000e+00    0.00000e+00
       32    0    0    1       9.68750e+00    0.00000e+00    0.00000e+00
       33    0    0    1       1.00000e+01    0.00000e+00    0.00000e+00
       34    1    1    1       0.00000e+00    6.25000e-02    0.00000e+00
       35    0    0    1       3.12500e-01    6.25000e-02    0.00000e+00
       36    0    0    1       6.25000e-01    6.25000e-02    0.00000e+00
       37    0    0    1       9.37500e-01    6.25000e-02    0.00000e+00
       38    0    0    1       1.25000e+00    6.25000e-02    0.00000e+00
       39    0    0    1       1.56250e+00    6.25000e-02    0.00000e+00
       40    0    0    1       1.87500e+00    6.25000e-02    0.00000e+00
       41    0    0    1       2.18750e+00    6.25000e-02    0.00000e+00
       42    0    0    1       2.50000e+00    6.25000e-02    0.00000e+00
       43    0    0    1       2.81250e+00    6.25000e-02    0.00000e+00
       44    0    0    1       3.12500e+00    6.25000e-02    0.00000e+00
       45    0    0    1       3.43750e+00    6.25000e-02    0.00000e+00
       46    0    0    1       3.75000e+00    6.25000e-02    0.00000e+00
       47    0    0    1       4.06250e+00    6.25000e-02    0.00000e+00
       48    0    0    1       4.37500e+00    6.25000e-02    0.00000e+00
       49    0    0    1       4.68750e+00    6.25000e-02    0.00000e+00
       50    0    0    1       5.00000e+00    6.25000e-02    0.00000e+00
       51    0    0    1       5.31250e+00    6.25000e-02    0.00000e+00
       52    0    0    1       5.62500e+00    6.25000e-02    0.00000e+00
       53    0    0    1       5.93750e+00    6.25000e-02    0.00000e+00
       54    0    0    1       6.25000e+00    6.25000e-02    0.00000e+00
       55    0    0    1       6.56250e+00    6.25000e-02    0.00000e+00
       56    0    0    1       6.87500e+00    6.25000e-02    0.00000e+00
       57    0    0    1       7.18750e+00    6.25000e-02    0.00000e+00
       58    0    0    1       7.50000e+00    6.25000e-02    0.00000e+00
       59    0    0    1       7.81250e+00    6.25000e-02    0.00000e+00
       60    0    0    1       8.12500e+00    6.25000e-02    0.00000e+00
       61    0    0    1       8.43750e+00    6.25000e-02    0.00000e+00
       62    0    0    1       8.75000e+00    6.25000e-02    0.00000e+00
       63    0    0    1       9.06250e+00    6.25000e-02    0.00000e+00
       64    0    0    1       9.37500e+00    6.25000e-02    0.00000e+00
       65    0    0    1       9.68750e+00    6.25000e-02    0.00000e+00
       66    0    0    1       1.00000e+01    6.25000e-02    0.00000e+00
       67    1    1    1       0.00000e+00    1.25000e-01    0.00000e+00
       68    0    0    1       3.12500e-01    1.25000e-01    0.00000e+00
       69    0    0    1       6.25000e-01    1.25000e-01    0.00000e+00
       70    0    0    1       9.37500e-01    1.25000e-01    0.00000e+00
       71    0    0    1       1.25000e+00    1.25000e-01    0.00000e+00
       72    0    0    1       1.56250e+00    1.25000e-01    0.00000e+00
       73    0    0    1       1.87500e+00    1.25000e-01    0.00000e+00
       74    0    0    1       2.18750e+00    1.25000e-01    0.00000e+00
       75    0    0    1       2.50000e+00    1.25000e-01    0.00000e+00
       76    0    0    1       2.81250e+00    1.25000e-01    0.00000e+00
       77    0    0    1       3.12500e+00    1.25000e-01    0.00000e+00
       78    0    0    1       3.43750e+00    1.25000e-01    0.00000e+00
       79    0    0    1       3.75000e+00    1.25000e-01    0.00000e+00
       80    0    0    1       4.06250e+00    1.25000e-01    0.00000e+00
       81    0    0    1       4.37500e+00    1.25000e-01    0.00000e+00
       82    0    0    1       4.68750e+00    1.25000e-01    0.00000e+00
       83    0    0    1       5.00000e+00    1.25000e-01    0.00000e+00
       84    0    0    1       5.31250e+00    1.25000e-01    0.00000e+00
       85    0    0    1       5.62500e+00    1.25000e-01    0.00000e+00
       86    0    0    1       5.93750e+00    1.25000e-01    0.00000e+00
       87    0    0    1       6.25000e+00    1.25000e-01    0.00000e+00
       88    0    0    1       6.56250e+00    1.25000e-01    0.00000e+00
       89    0    0    1       6.87500e+00    1.25000e-01    0.00000e+00
       90    0    0    1       7.18750e+00    1.25000e-01    0.00000e+00
       91    0    0    1       7.50000e+00    1.25000e-01    0.00000e+00
       92    0    0    1       7.81250e+00    1.25000e-01    0.00000e+00
       93    0    0    1       8.12500e+00    1.25000e-01    0.00000e+00
       94    0    0    1       8.43750e+00    1.25000e-01    0.00000e+00
       95    0    0    1       8.75000e+00    1.25000e-01    0.00000e+00
       96    0    0    1       9.06250e+00    1.25000e-01    0.00000e+00
       97    0    0    1       9.37500e+00    1.25000e-01    0.00000e+00
       98    0    0    1       9.68750e+00    1.25000e-01    0.00000e+00
       99    0    0    1       1.00000e+01    1.25000e-01    0.00000e+00
      100    1    1    1       0.00000e+00    1.87500e-01    0.00000e+00
      101    0    0    1       3.12500e-01    1.87500e-01    0.00000e+00
      102    0    0    1       6.25000e-01    1.87500e-01    0.00000e+00
      103    0    0    1       9.37500e-01    1.87500e-01    0.00000e+00
      104    0    0    1       1.25000e+00    1.87500e-01    0.00000e+00
      105    0    0    1       1.56250e+00    1.87500e-01    0.00000e+00
      106    0    0    1       1.87500e+00    1.87500e-01    0.00000e+00
      107    0    0    1       2.18750e+00    1.87500e-01    0.00000e+00
      108    0    0    1       2.50000e+00    1.87500e-01    0.00000e+00
      109    0    0    1       2.81250e+00    1.87500e-01    0.00000e+00
      110    0    0    1       3.12500e+00    1.87500e-01    0.00000e+00
      111    0    0    1       3.43750e+00    1.87500e-01    0.00000e+00
      112    0    0    1       3.75000e+00    1.87500e-01    0.00000e+00
      113    0    0    1       4.06250e+00    1.87500e-01    0.00000e+00
      114    0    0    1       4.37500e+00    1.87500e-01    0.00000e+00
      115    0    0    1       4.68750e+00    1.87500e-01    0.00000e+00
      116    0    0    1       5.00000e+00    1.87500e-01    0.00000e+00
      117    0    0    1       5.31250e+00    1.87500e-01    0.00000e+00
      118    0    0    1       5.62500e+00    1.87500e-01    0.00000e+00
      119    0    0    1       5.93750e+00    1.87500e-01    0.00000e+00
      120    0    0    1       6.25000e+00    1.87500e-01    0.00000e+00
      121    0    0    1       6.56250e+00    1.87500e-01    0.00000e+00
      122    0    0    1       6.87500e+00    1.87500e-01    0.00000e+00
      123    0    0    1       7.18750e+00    1.87500e-01    0.00000e+00
      124    0    0    1       7.50000e+00    1.87500e-01    0.00000e+00
      125    0    0    1       7.81250e+00    1.87500e-01    0.00000e+00
      126    0    0    1       8.12500e+00    1.87500e-01    0.00000e+00
      127    0    0    1       8.43750e+00    1.87500e-01    0.00000e+00
      128    0    0    1       8.75000e+00    1.87500e-01    0.00000e+00
      129    0    0    1       9.06250e+00    1.87500e-01    0.00000e+00
      130    0    0    1       9.37500e+00    1.87500e-01    0.00000e+00
      131    0    0    1       9.68750e+00    1.87500e-01    0.00000e+00
      132    0    0    1       1.00000e+01    1.87500e-01    0.00000e+00
      133    1    1    1       0.00000e+00    2.50000e-01    0.00000e+00
      134    0    0    1       3.12500e-01    2.50000e-01    0.00000e+00
      135    0    0    1       6.25000e-01    2.50000e-01    0.00000e+00
      136    0    0    1       9.37500e-01    2.50000e-01    0.00000e+00
      137    0    0    1       1.25000e+00    2.50000e-01    0.00000e+00
      138    0    0    1       1.56250e+00    2.50000e-01    0.00000e+00
      139    0    0    1       1.87500e+00    2.50000e-01    0.00000e+00
      140    0    0    1       2.18750e+00    2.50000e-01    0.00000e+00
      141    0    0    1       2.50000e+00    2.50000e-01    0.00000e+00
      142    0    0    1       2.81250e+00    2.50000e-01    0.00000e+00
      143    0    0    1       3.12500e+00    2.50000e-01    0.00000e+00
      144    0    0    1       3.43750e+00    2.50000e-01    0.00000e+00
      145    0    0    1       3.75000e+00    2.50000e-01    0.00000e+00
      146    0    0    1       4.06250e+00    2.50000e-01    0.00000e+00
      147    0    0    1       4.37500e+00    2.50000e-01    0.00000e+00
      148    0    0    1       4.68750e+00    2.50000e-01    0.00000e+00
      149    0    0    1       5.00000e+00    2.50000e-01    0.00000e+00
      150    0    0    1       5.31250e+00    2.50000e-01    0.00000e+00
      151    0    0    1       5.62500e+00    2.50000e-01    0.00000e+00
      152    0    0    1       5.93750e+00    2.50000e-01    0.00000e+00
      153    0    0    1       6.25000e+00    2.50000e-01    0.00000e+00
      154    0    0    1       6.56250e+00    2.50000e-01    0.00000e+00
      155    0    0    1       6.87500e+00    2.50000e-01    0.00000e+00
      156    0    0    1       7.18750e+00    2.50000e-01    0.00000e+00
      157    0    0    1       7.50000e+00    2.50000e-01    0.00000e+00
      158    0    0    1       7.81250e+00    2.50000e-01    0.00000e+00
      159    0    0    1       8.12500e+00    2.50000e-01    0.00000e+00
      160    0    0    1       8.43750e+00    2.50000e-01    0.00000e+00
      161    0    0    1       8.75000e+00    2.50000e-01    0.00000e+00
      162    0    0    1       9.06250e+00    2.50000e-01    0.00000e+00
      163    0    0    1       9.37500e+00    2.50000e-01    0.00000e+00
      164    0    0    1       9.68750e+00    2.50000e-01    0.00000e+00
      165    0    0    1       1.00000e+01    2.50000e-01    0.00000e+00
      166    1    1    1       0.00000e+00    3.12500e-01    0.00000e+00
      167    0    0    1       3.12500e-01    3.12500e-01    0.00000e+00
      168    0    0    1       6.25000e-01    3.12500e-01    0.00000e+00
      169    0    0    1       9.37500e-01    3.12500e-01    0.00000e+00
      170    0    0    1       1.25000e+00    3.12500e-01    0.00000e+00
      171    0    0    1       1.56250e+00    3.12500e-01    0.00000e+00
      172    0    0    1       1.87500e+00    3.12500e-01    0.00000e+00
      173    0    0    1       2.18750e+00    3.12500e-01    0.00000e+00
      174    0    0    1       2.50000e+00    3.12500e-01    0.00000e+00
      175    0    0    1       2.81250e+00    3.12500e-01    0.00000e+00
      176    0    0    1       3.12500e+00    3.12500e-01    0.00000e+00
      177    0    0    1       3.43750e+00    3.12500e-01    0.00000e+00
      178    0    0    1       3.75000e+00    3.12500e-01    0.00000e+00
      179    0    0    1       4.06250e+00    3.12500e-01    0.00000e+00
      180    0    0    1       4.37500e+00    3.12500e-01    0.00000e+00
      181    0    0    1       4.68750e+00    3.12500e-01    0.00000e+00
      182    0    0    1       5.00000e+00    3.12500e-01    0.00000e+00
      183    0    0    1       5.31250e+00    3.12500e-01    0.00000e+00
      184    0    0    1       5.62500e+00    3.12500e-01    0.00000e+00
      185    0    0    1       5.93750e+00    3.12500e-01    0.00000e+00
      186    0    0    1       6.25000e+00    3.12500e-01    0.00000e+00
      187    0    0    1       6.56250e+00    3.12500e-01    0.00000e+00
      188    0    0    1       6.87500e+00    3.12500e-01    0.00000e+00
      189    0    0    1       7.18750e+00    3.12500e-01    0.00000e+00
      190    0    0    1       7.50000e+00    3.12500e-01    0.00000e+00
      191    0    0    1       7.81250e+00    3.12500e-01    0.00000e+00
      192    0    0    1       8.12500e+00    3.12500e-01    0.00000e+00
      193    0    0    1       8.43750e+00    3.12500e-01    0.00000e+00
      194    0    0    1       8.75000e+00    3.12500e-01    0.00000e+00
      195    0    0    1       9.06250e+00    3.12500e-01    0.00000e+00
      196    0    0    1       9.37500e+00    3.12500e-01    0.00000e+00
      197    0    0    1       9.68750e+00    3.12500e-01    0.00000e+00
      198    0    0    1       1.00000e+01    3.12500e-01    0.00000e+00
      199    1    1    1       0.00000e+00    3.75000e-01    0.00000e+00
      200    0    0    1       3.12500e-01    3.75000e-01    0.00000e+00
      201    0    0    1       6.25000e-01    3.75000e-01    0.00000e+00
      202    0    0    1       9.37500e-01    3.75000e-01    0.00000e+00
      203    0    0    1       1.25000e+00    3.75000e-01    0.00000e+00
      204    0    0    1       1.56250e+00    3.75000e-01    0.00000e+00
      205    0    0    1       1.87500e+00    3.75000e-01    0.00000e+00
      206    0    0    1       2.18750e+00    3.75000e-01    0.00000e+00
      207    0    0    1       2.50000e+00    3.75000e-01    0.00000e+00
      208    0    0    1       2.81250e+00    3.75000e-01    0.00000e+00
      209    0    0    1       3.12500e+00    3.75000e-01    0.00000e+00
      210    0    0    1       3.43750e+00    3.75000e-01    0.00000e+00
      211    0    0    1       3.75000e+00    3.75000e-01    0.00000e+00
      212    0    0    1       4.06250e+00    3.75000e-01    0.00000e+00
      213    0    0    1       4.37500e+00    3.75000e-01    0.00000e+00
      214    0    0    1       4.68750e+00    3.75000e-01    0.00000e+00
      215    0    0    1       5.00000e+00    3.75000e-01    0.00000e+00
      216    0    0    1       5.31250e+00    3.75000e-01    0.00000e+00
      217    0    0    1       5.62500e+00    3.75000e-01    0.00000e+00
      218    0    0    1       5.93750e+00    3.75000e-01    0.00000e+00
      219    0    0    1       6.25000e+00    3.75000e-01    0.00000e+00
      220    0    0    1       6.56250e+00    3.75000e-01    0.00000e+00
      221    0    0    1       6.87500e+00    3.75000e-01    0.00000e+00
      222    0    0    1       7.18750e+00    3.75000e-01    0.00000e+00
      223    0    0    1       7.50000e+00    3.75000e-01    0.00000e+00
      224    0    0    1       7.81250e+00    3.75000e-01    0.00000e+00
      225    0    0    1       8.12500e+00    3.75000e-01    0.00000e+00
      226    0    0    1       8.43750e+00    3.75000e-01    0.00000e+00
      227    0    0    1       8.75000e+00    3.75000e-01    0.00000e+00
      228    0    0    1       9.06250e+00    3.75000e-01    0.00000e+00
      229    0    0    1       9.37500e+00    3.75000e-01    0.00000e+00
      230    0    0    1       9.68750e+00    3.75000e-01    0.00000e+00
      231    0    0    1       1.00000e+01    3.75000e-01    0.00000e+00
      232    1    1    1       0.00000e+00    4.37500e-01    0.00000e+00
      233    0    0    1       3.12500e-01    4.37500e-01    0.00000e+00
      234    0    0    1       6.25000e-01    4.37500e-01    0.00000e+00
      235    0    0    1       9.37500e-01    4.37500e-01    0.00000e+00
      236    0    0    1       1.25000e+00    4.37500e-01    0.00000e+00
      237    0    0    1       1.56250e+00    4.37500e-01    0.00000e+00
      238    0    0    1       1.87500e+00    4.37500e-01    0.00000e+00
      239    0    0    1       2.18750e+00    4.37500e-01    0.00000e+00
      240    0    0    1       2.50000e+00    4.37500e-01    0.00000e+00
      241    0    0    1       2.81250e+00    4.37500e-01    0.00000e+00
      242    0    0    1       3.12500e+00    4.37500e-01    0.00000e+00
      243    0    0    1       3.43750e+00    4.37500e-01    0.00000e+00
      244    0    0    1       3.75000e+00    4.37500e-01    0.00000e+00
      245    0    0    1       4.06250e+00    4.37500e-01    0.00000e+00
      246    0    0    1       4.37500e+00    4.37500e-01    0.00000e+00
      247    0    0    1       4.68750e+00    4.37500e-01    0.00000e+00
      248    0    0    1       5.00000e+00    4.37500e-01    0.00000e+00
      249    0    0    1       5.31250e+00    4.37500e-01    0.00000e+00
      250    0    0    1       5.62500e+00    4.37500e-01    0.00000e+00
      251    0    0    1       5.93750e+00    4.37500e-01    0.00000e+00
      252    0    0    1       6.25000e+00    4.37500e-01    0.00000e+00
      253    0    0    1       6.56250e+00    4.37500e-01    0.00000e+00
      254    0    0    1       6.87500e+00    4.37500e-01    0.00000e+00
      255    0    0    1       7.18750e+00    4.37500e-01    0.00000e+00
      256    0    0    1       7.50000e+00    4.37500e-01    0.00000e+00
      257    0    0    1       7.81250e+00    4.37500e-01    0.00000e+00
      258    0    0    1       8.12500e+00    4.37500e-01    0.00000e+00
      259    0    0    1       8.43750e+00    4.37500e-01    0.00000e+00
      260    0    0    1       8.75000e+00    4.37500e-01    0.00000e+00
      261    0    0    1       9.06250e+00    4.37500e-01    0.00000e+00
      262    0    0    1       9.37500e+00    4.37500e-01    0.00000e+00
      263    0    0    1       9.68750e+00    4.37500e-01    0.00000e+00
      264    0    0    1       1.00000e+01    4.37500e-01    0.00000e+00
      265    1    1    1       0.00000e+00    5.00000e-01    0.00000e+00
      266    0    0    1       3.12500e-01    5.00000e-01    0.00000e+00
      267    0    0    1       6.25000e-01    5.00000e-01    0.00000e+00
      268    0    0    1       9.37500e-01    5.00000e-01    0.00000e+00
      269    0    0    1       1.25000e+00    5.00000e-01    0.00000e+00
      270    0    0    1       1.56250e+00    5.00000e-01    0.00000e+00
      271    0    0    1       1.87500e+00    5.00000e-01    0.00000e+00
      272    0    0    1       2.18750e+00    5.00000e-01    0.00000e+00
      273    0    0    1       2.50000e+00    5.00000e-01    0.00000e+00
      274    0    0    1       2.81250e+00    5.00000e-01    0.00000e+00
      275    0    0    1       3.12500e+00    5.00000e-01    0.00000e+00
      276    0    0    1       3.43750e+00    5.00000e-01    0.00000e+00
      277    0    0    1       3.75000e+00    5.00000e-01    0.00000e+00
      278    0    0    1       4.06250e+00    5.00000e-01    0.00000e+00
      279    0    0    1       4.37500e+00    5.00000e-01    0.00000e+00
      280    0    0    1       4.68750e+00    5.00000e-01    0.00000e+00
      281    0    0    1       5.00000e+00    5.00000e-01    0.00000e+00
      282    0    0    1       5.31250e+00    5.00000e-01    0.00000e+00
      283    0    0    1       5.62500e+00    5.00000e-01    0.00000e+00
      284    0    0    1       5.93750e+00    5.00000e-01    0.00000e+00
      285    0    0    1       6.25000e+00    5.00000e-01    0.00000e+00
      286    0    0    1       6.56250e+00    5.00000e-01    0.00000e+00
      287    0    0    1       6.87500e+00    5.00000e-01    0.00000e+00
      288    0    0    1       7.18750e+00    5.00000e-01    0.00000e+00
      289    0    0    1       7.50000e+00    5.00000e-01    0.00000e+00
      290    0    0    1       7.81250e+00    5.00000e-01    0.00000e+00
      291    0    0    1       8.12500e+00    5.00000e-01    0.00000e+00
      292    0    0    1       8.43750e+00    5.00000e-01    0.00000e+00
      293    0    0    1       8.75000e+00    5.00000e-01    0.00000e+00
      294    0    0    1       9.06250e+00    5.00000e-01    0.00000e+00
      295    0    0    1       9.37500e+00    5.00000e-01    0.00000e+00
      296    0    0    1       9.68750e+00    5.00000e-01    0.00000e+00
      297    0    0    1       1.00000e+01    5.00000e-01    0.00000e+00
      298    1    1    1       0.00000e+00    5.62500e-01    0.00000e+00
      299    0    0    1       3.12500e-01    5.62500e-01    0.00000e+00
      300    0    0    1       6.25000e-01    5.62500e-01    0.00000e+00
      301    0    0    1       9.37500e-01    5.62500e-01    0.00000e+00
      302    0    0    1       1.25000e+00    5.62500e-01    0.00000e+00
      303    0    0    1       1.56250e+00    5.62500e-01    0.00000e+00
      304    0    0    1       1.87500e+00    5.62500e-01    0.00000e+00
      305    0    0    1       2.18750e+00    5.62500e-01    0.00000e+00
      306    0    0    1       2.50000e+00    5.62500e-01    0.00000e+00
      307    0    0    1       2.81250e+00    5.62500e-01    0.00000e+00
      308    0    0    1       3.12500e+00    5.62500e-01    0.00000e+00
      309    0    0    1       3.43750e+00    5.62500e-01    0.00000e+00
      310    0    0    1       3.75000e+00    5.62500e-01    0.00000e+00
      311    0    0    1       4.06250e+00    5.62500e-01    0.00000e+00
      312    0    0    1       4.37500e+00    5.62500e-01    0.00000e+00
      313    0    0    1       4.68750e+00    5.62500e-01    0.00000e+00
      314    0    0    1       5.00000e+00    5.62500e-01    0.00000e+00
      315    0    0    1       5.31250e+00    5.62500e-01    0.00000e+00
      316    0    0    1       5.62500e+00    5.62500e-01    0.00000e+00
      317    0    0    1       5.93750e+00    5.62500e-01    0.00000e+00
      318    0    0    1       6.25000e+00    5.62500e-01    0.00000e+00
      319    0    0    1       6.56250e+00    5.62500e-01    0.00000e+00
      320    0    0    1       6.87500e+00    5.62500e-01    0.00000e+00
      321    0    0    1       7.18750e+00    5.62500e-01    0.00000e+00
      322    0    0    1       7.50000e+00    5.62500e-01    0.00000e+00
      323    0    0    1       7.81250e+00    5.62500e-01    0.00000e+00
      324    0    0    1       8.12500e+00    5.62500e-01    0.00000e+00
      325    0    0    1       8.43750e+00    5.62500e-01    0.00000e+00
      326    0    0    1       8.75000e+00    5.62500e-01    0.00000e+00
      327    0    0    1       9.06250e+00    5.62500e-01    0.00000e+00
      328    0    0    1       9.37500e+00    5.62500e-01    0.00000e+00
      329    0    0    1       9.68750e+00    5.62500e-01    0.00000e+00
      330    0    0    1       1.00000e+01    5.62500e-01    0.00000e+00
      331    1    1    1       0.00000e+00    6.25000e-01    0.00000e+00
      332    0    0    1       3.12500e-01    6.25000e-01    0.00000e+00
      333    0    0    1       6.25000e-01    6.25000e-01    0.00000e+00
      334    0    0    1       9.37500e-01    6.25000e-01    0.00000e+00
      335    0    0    1       1.25000e+00    6.25000e-01    0.00000e+00
      336    0    0    1       1.56250e+00    6.25000e-01    0.00000e+00
      337    0    0    1       1.87500e+00    6.25000e-01    0.00000e+00
      338    0    0    1       2.18750e+00    6.25000e-01    0.00000e+00
      339    0    0    1       2.50000e+00    6.25000e-01    0.00000e+00
      340    0    0    1       2.81250e+00    6.25000e-01    0.00000e+00
      341    0    0    1       3.12500e+00    6.25000e-01    0.00000e+00
      342    0    0    1       3.43750e+00    6.25000e-01    0.00000e+00
      343    0    0    1       3.75000e+00    6.25000e-01    0.00000e+00
      344    0    0    1       4.06250e+00    6.25000e-01    0.00000e+00
      345    0    0    1       4.37500e+00    6.25000e-01    0.00000e+00
      346    0    0    1       4.68750e+00    6.25000e-01    0.00000e+00
      347    0    0    1       5.00000e+00    6.25000e-01    0.00000e+00
      348    0    0    1       5.31250e+00    6.25000e-01    0.00000e+00
      349    0    0    1       5.62500e+00    6.25000e-01    0.00000e+00
      350    0    0    1       5.93750e+00    6.25000e-01    0.00000e+00
      351    0    0    1       6.25000e+00    6.25000e-01    0.00000e+00
      352    0    0    1       6.56250e+00    6.25000e-01    0.00000e+00
      353    0    0    1       6.87500e+00    6.25000e-01    0.00000e+00
      354    0    0    1       7.18750e+00    6.25000e-01    0.00000e+00
      355    0    0    1       7.50000e+00    6.25000e-01    0.00000e+00
      356    0    0    1       7.81250e+00    6.25000e-01    0.00000e+00
      357    0    0    1       8.12500e+00    6.25000e-01    0.00000e+00
      358    0    0    1       8.43750e+00    6.25000e-01    0.00000e+00
      359    0    0    1       8.75000e+00    6.25000e-01    0.00000e+00
      360    0    0    1       9.06250e+00    6.25000e-01    0.00000e+00
      361    0    0    1       9.37500e+00    6.25000e-01    0.00000e+00
      362    0    0    1       9.68750e+00    6.25000e-01    0.00000e+00
      363    0    0    1       1.00000e+01    6.25000e-01    0.00000e+00
      364    1    1    1       0.00000e+00    6.87500e-01    0.00000e+00
      365    0    0    1       3.12500e-01    6.87500e-01    0.00000e+00
      366    0    0    1       6.25000e-01    6.87500e-01    0.00000e+00
      367    0    0    1       9.37500e-01    6.87500e-01    0.00000e+00
      368    0    0    1       1.25000e+00    6.87500e-01    0.00000e+00
      369    0    0    1       1.56250e+00    6.87500e-01    0.00000e+00
      370    0    0    1       1.87500e+00    6.87500e-01    0.00000e+00
      371    0    0    1       2.18750e+00    6.87500e-01    0.00000e+00
      372    0    0    1       2.50000e+00    6.87500e-01    0.00000e+00
      373    0    0    1       2.81250e+00    6.87500e-01    0.00000e+00
      374    0    0    1       3.12500e+00    6.87500e-01    0.00000e+00
      375    0    0    1       3.43750e+00    6.87500e-01    0.00000e+00
      376    0    0    1       3.75000e+00    6.87500e-01    0.00000e+00
      377    0    0    1       4.06250e+00    6.87500e-01    0.00000e+00
      378    0    0    1       4.37500e+00    6.87500e-01    0.00000e+00
      379    0    0    1       4.68750e+00    6.87500e-01    0.00000e+00
      380    0    0    1       5.00000e+00    6.87500e-01    0.00000e+00
      381    0    0    1       5.31250e+00    6.87500e-01    0.00000e+00
      382    0    0    1       5.62500e+00    6.87500e-01    0.00000e+00
      383    0    0    1       5.93750e+00    6.87500e-01    0.00000e+00
      384    0    0    1       6.25000e+00    6.87500e-01    0.00000e+00
      385    0    0    1       6.56250e+00    6.87500e-01    0.00000e+00
      386    0    0    1       6.87500e+00    6.87500e-01    0.00000e+00
      387    0    0    1       7.18750e+00    6.87500e-01    0.00000e+00
      388    0    0    1       7.50000e+00    6.87500e-01    0.00000e+00
      389    0    0    1       7.81250e+00    6.87500e-01    0.00000e+00
      390    0    0    1       8.12500e+00    6.87500e-01    0.00000e+00
      391    0    0    1       8.43750e+00    6.87500e-01    0.00000e+00
      392    0    0    1       8.75000e+00    6.87500e-01    0.00000e+00
      393    0    0    1       9.06250e+00    6.87500e-01    0.00000e+00
      394    0    0    1       9.37500e+00    6.87500e-01    0.00000e+00
      395    0    0    1       9.68750e+00    6.87500e-01    0.00000e+00
      396    0    0    1       1.00000e+01    6.87500e-01    0.00000e+00
      397    1    1    1       0.00000e+00    7.50000e-01    0.00000e+00
      398    0    0    1       3.12500e-01    7.50000e-01    0.00000e+00
      399    0    0    1       6.25000e-01    7.50000e-01    0.00000e+00
      400    0    0    1       9.37500e-01    7.50000e-01    0.00000e+00
      401    0    0    1       1.25000e+00    7.50000e-01    0.00000e+00
      402    0    0    1       1.56250e+00    7.50000e-01    0.00000e+00
      403    0    0    1       1.87500e+00    7.50000e-01    0.00000e+00
      404    0    0    1       2.18750e+00    7.50000e-01    0.00000e+00
      405    0    0    1       2.50000e+00    7.50000e-01    0.00000e+00
      406    0    0    1       2.81250e+00    7.50000e-01    0.00000e+00
      407    0    0    1       3.12500e+00    7.50000e-01    0.00000e+00
      408    0    0    1       3.43750e+00    7.50000e-01    0.00000e+00
      409    0    0    1       3.75000e+00    7.50000e-01    0.00000e+00
      410    0    0    1       4.06250e+00    7.50000e-01    0.00000e+00
      411    0    0    1       4.37500e+00    7.50000e-01    0.00000e+00
      412    0    0    1       4.68750e+00    7.50000e-01    0.00000e+00
      413    0    0    1       5.00000e+00    7.50000e-01    0.00000e+00
      414    0    0    1       5.31250e+00    7.50000e-01    0.00000e+00
      415    0    0    1       5.62500e+00    7.50000e-01    0.00000e+00
      416    0    0    1       5.93750e+00    7.50000e-01    0.00000e+00
      417    0    0    1       6.25000e+00    7.50000e-01    0.00000e+00
      418    0    0    1       6.56250e+00    7.50000e-01    0.00000e+00
      419    0    0    1       6.87500e+00    7.50000e-01    0.00000e+00
      420    0    0    1       7.18750e+00    7.50000e-01    0.00000e+00
      421    0    0    1       7.50000e+00    7.50000e-01    0.00000e+00
      422    0    0    1       7.81250e+00    7.50000e-01    0.00000e+00
      423    0    0    1       8.12500e+00    7.50000e-01    0.00000e+00
      424    0    0    1       8.43750e+00    7.50000e-01    0.00000e+00
      425    0    0    1       8.75000e+00    7.50000e-01    0.00000e+00
      426    0    0    1       9.06250e+00    7.50000e-01    0.00000e+00
      427    0    0    1       9.37500e+00    7.50000e-01    0.00000e+00
      428    0    0    1       9.68750e+00    7.50000e-01    0.00000e+00
      429    0    0    1       1.00000e+01    7.50000e-01    0.00000e+00
      430    1    1    1       0.00000e+00    8.12500e-01    0.00000e+00
      431    0    0    1       3.12500e-01    8.12500e-01    0.00000e+00
      432    0    0    1       6.25000e-01    8.12500e-01    0.00000e+00
      433    0    0    1       9.37500e-01    8.12500e-01    0.00000e+00
      434    0    0    1       1.25000e+00    8.12500e-01    0.00000e+00
      435    0    0    1       1.56250e+00    8.12500e-01    0.00000e+00
      436    0    0    1       1.87500e+00    8.12500e-01    0.00000e+00
      437    0    0    1       2.18750e+00    8.12500e-01    0.00000e+00
      438    0    0    1       2.50000e+00    8.12500e-01    0.00000e+00
      439    0    0    1       2.81250e+00    8.12500e-01    0.00000e+00
      440    0    0    1       3.12500e+00    8.12500e-01    0.00000e+00
      441    0    0    1       3.43750e+00    8.12500e-01    0.00000e+00
      442    0    0    1       3.75000e+00    8.12500e-01    0.00000e+00
      443    0    0    1       4.06250e+00    8.12500e-01    0.00000e+00
      444    0    0    1       4.37500e+00    8.12500e-01    0.00000e+00
      445    0    0    1       4.68750e+00    8.12500e-01    0.00000e+00
      446    0    0    1       5.00000e+00    8.12500e-01    0.00000e+00
      447    0    0    1       5.31250e+00    8.12500e-01    0.00000e+00
      448    0    0    1       5.62500e+00    8.12500e-01    0.00000e+00
      449    0    0    1       5.93750e+00    8.12500e-01    0.00000e+00
      450    0    0    1       6.25000e+00    8.12500e-01    0.00000e+00
      451    0    0    1       6.56250e+00    8.12500e-01    0.00000e+00
      452    0    0    1       6.87500e+00    8.12500e-01    0.00000e+00
      453    0    0    1       7.18750e+00    8.12500e-01    0.00000e+00
      454    0    0    1       7.50000e+00    8.12500e-01    0.00000e+00
      455    0    0    1       7.81250e+00    8.12500e-01    0.00000e+00
      456    0    0    1       8.12500e+00    8.12500e-01    0.00000e+00
      457    0    0    1       8.43750e+00    8.12500e-01    0.00000e+00
      458    0    0    1       8.75000e+00    8.12500e-01    0.00000e+00
      459    0    0    1       9.06250e+00    8.12500e-01    0.00000e+00
      460    0    0    1       9.37500e+00    8.12500e-01    0.00000e+00
      461    0    0    1       9.68750e+00    8.12500e-01    0.00000e+00
      462    0    0    1       1.00000e+01    8.12500e-01    0.00000e+00
      463    1    1    1       0.00000e+00    8.75000e-01    0.00000e+00
      464    0    0    1       3.12500e-01    8.75000e-01    0.00000e+00
      465    0    0    1       6.25000e-01    8.75000e-01    0.00000e+00
      466    0    0    1       9.37500e-01    8.75000e-01    0.00000e+00
      467    0    0    1       1.25000e+00    8.75000e-01    0.00000e+00
      468    0    0    1       1.56250e+00    8.75000e-01    0.00000e+00
      469    0    0    1       1.87500e+00    8.75000e-01    0.00000e+00
      470    0    0    1       2.18750e+00    8.75000e-01    0.00000e+00
      471    0    0    1       2.50000e+00    8.75000e-01    0.00000e+00
      472    0    0    1       2.81250e+00    8.75000e-01    0.00000e+00
      473    0    0    1       3.12500e+00    8.75000e-01    0.00000e+00
      474    0    0    1       3.43750e+00    8.75000e-01    0.00000e+00
      475    0    0    1       3.75000e+00    8.75000e-01    0.00000e+00
      476    0    0    1       4.06250e+00    8.75000e-01    0.00000e+00
      477    0    0    1       4.37500e+00    8.75000e-01    0.00000e+00
      478    0    0    1       4.68750e+00    8.75000e-01    0.00000e+00
      479    0    0    1       5.00000e+00    8.75000e-01    0.00000e+00
      480    0    0    1       5.31250e+00    8.75000e-01    0.00000e+00
      481    0    0    1       5.62500e+00    8.75000e-01    0.00000e+00
      482    0    0    1       5.93750e+00    8.75000e-01    0.00000e+00
      483    0    0    1       6.25000e+00    8.75000e-01    0.00000e+00
      484    0    0    1       6.56250e+00    8.75000e-01    0.00000e+00
      485    0    0    1       6.87500e+00    8.75000e-01    0.00000e+00
      486    0    0    1       7.18750e+00    8.75000e-01    0.00000e+00
      487    0    0    1       7.50000e+00    8.75000e-01    0.00000e+00
      488    0    0    1       7.81250e+00    8.75000e-01    0.00000e+00
      489    0    0    1       8.12500e+00    8.75000e-01    0.00000e+00
      490    0    0    1       8.43750e+00    8.75000e-01    0.00000e+00
      491    0    0    1       8.75000e+00    8.75000e-01    0.00000e+00
      492    0    0    1       9.06250e+00    8.75000e-01    0.00000e+00
      493    0    0    1       9.37500e+00    8.75000e-01    0.00000e+00
      494    0    0    1       9.68750e+00    8.75000e-01    0.00000e+00
      495    0    0    1       1.00000e+01    8.75000e-01    0.00000e+00
      496    1    1    1       0.00000e+00    9.37500e-01    0.00000e+00
      497    0    0    1       3.12500e-01    9.37500e-01    0.00000e+00
      498    0    0    1       6.25000e-01    9.37500e-01    0.00000e+00
      499    0    0    1       9.37500e-01    9.37500e-01    0.00000e+00
      500    0    0    1       1.25000e+00    9.37500e-01    0.00000e+00
      501    0    0    1       1.56250e+00    9.37500e-01    0.00000e+00
      502    0    0    1       1.87500e+00    9.37500e-01    0.00000e+00
      503    0    0    1       2.18750e+00    9.37500e-01    0.00000e+00
      504    0    0    1       2.50000e+00    9.37500e-01    0.00000e+00
      505    0    0    1       2.81250e+00    9.37500e-01    0.00000e+00
      506    0    0    1       3.12500e+00    9.37500e-01    0.00000e+00
      507    0    0    1       3.43750e+00    9.37500e-01    0.00000e+00
      508    0    0    1       3.75000e+00    9.37500e-01    0.00000e+00
      509    0    0    1       4.06250e+00    9.37500e-01    0.00000e+00
      510    0    0    1       4.37500e+00    9.37500e-01    0.00000e+00
      511    0    0    1       4.68750e+00    9.37500e-01    0.00000e+00
      512    0    0    1       5.00000e+00    9.37500e-01    0.00000e+00
      513    0    0    1       5.31250e+00    9.37500e-01    0.00000e+00
      514    0    0    1       5.62500e+00    9.37500e-01    0.00000e+00
      515    0    0    1       5.93750e+00    9.37500e-01    0.00000e+00
      516    0    0    1       6.25000e+00    9.37500e-01    0.00000e+00
      517    0    0    1       6.56250e+00    9.37500e-01    0.00000e+00
      518    0    0    1       6.87500e+00    9.37500e-01    0.00000e+00
      519    0    0    1       7.18750e+00    9.37500e-01    0.00000e+00
      520    0    0    1       7.50000e+00    9.37500e-01    0.00000e+00
      521    0    0    1       7.81250e+00    9.37500e-01    0.00000e+00
      522    0    0    1       8.12500e+00    9.37500e-01    0.00000e+00
      523    0    0    1       8.43750e+00    9.37500e-01    0.00000e+00
      524    0    0    1       8.75000e+00    9.37500e-01    0.00000e+00
      525    0    0    1       9.06250e+00    9.37500e-01    0.00000e+00
      526    0    0    1       9.37500e+00    9.37500e-01    0.00000e+00
      527    0    0    1       9.68750e+00    9.37500e-01    0.00000e+00
      528    0    0    1       1.00000e+01    9.37500e-01    0.00000e+00
      529    1    1    1       0.00000e+00    1.00000e+00    0.00000e+00
      530    0    0    1       3.12500e-01    1.00000e+00    0.00000e+00
      531    0    0    1       6.25000e-01    1.00000e+00    0.00000e+00
      532    0    0    1       9.37500e-01    1.00000e+00    0.00000e+00
      533    0    0    1       1.25000e+00    1.00000e+00    0.00000e+00
      534    0    0    1       1.56250e+00    1.00000e+00    0.00000e+00
      535    0    0    1       1.87500e+00    1.00000e+00    0.00000e+00
      536    0    0    1       2.18750e+00    1.00000e+00    0.00000e+00
      537    0    0    1       2.50000e+00    1.00000e+00    0.00000e+00
      538    0    0    1       2.81250e+00    1.00000e+00    0.00000e+00
      539    0    0    1       3.12500e+00    1.00000e+00    0.00000e+00
      540    0    0    1       3.43750e+00    1.00000e+00    0.00000e+00
      541    0    0    1       3.75000e+00    1.00000e+00    0.00000e+00
      542    0    0    1       4.06250e+00    1.00000e+00    0.00000e+00
      543    0    0    1       4.37500e+00    1.00000e+00    0.00000e+00
      544    0    0    1       4.68750e+00    1.00000e+00    0.00000e+00
      545    0    0    1       5.00000e+00    1.00000e+00    0.00000e+00
      546    0    0    1       5.31250e+00    1.00000e+00    0.00000e+00
      547    0    0    1       5.62500e+00    1.00000e+00    0.00000e+00
      548    0    0    1       5.93750e+00    1.00000e+00    0.00000e+00
      549    0    0    1       6.25000e+00    1.00000e+00    0.00000e+00
      550    0    0    1       6.56250e+00    1.00000e+00    0.00000e+00
      551    0    0    1       6.87500e+00    1.00000e+00    0.00000e+00
      552    0    0    1       7.18750e+00    1.00000e+00    0.00000e+00
      553    0    0    1       7.50000e+00    1.00000e+00    0.00000e+00
      554    0    0    1       7.81250e+00    1.00000e+00    0.00000e+00
      555    0    0    1       8.12500e+00    1.00000e+00    0.00000e+00
      556    0    0    1       8.43750e+00    1.00000e+00    0.00000e+00
      557    0    0    1       8.75000e+00    1.00000e+00    0.00000e+00
      558    0    0    1       9.06250e+00    1.00000e+00    0.00000e+00
      559    0    0    1       9.37500e+00    1.00000e+00    0.00000e+00
      560    0    0    1       9.68750e+00    1.00000e+00    0.00000e+00
      561    0    0    1       1.00000e+01    1.00000e+00    0.00000e+00

 EQUATION NUMBERS

   NODE NUMBER   DEGREES OF FREEDOM
        N           X    Y    Z
        1           0    0    0
        2           1    2    0
        3           3    4    0
        4           5    6    0
        5           7    8    0
        6           9   10    0
        7          11   12    0
        8          13   14    0
        9          15   16    0
       10          17   18    0
       11          19   20    0
       12          21   22    0
       13          23   24    0
       14          25   26    0
       15          27   28    0
       16          29   30    0
       17          31   32    0
       18          33   34    0
       19          35   36    0
       20          37   38    0
       21          39   40    0
       22          41   42    0
       23          43   44    0
       24          45   46    0
       25          47   48    0
       26          49   50    0
       27          51   52    0
       28          53   54    0
       29          55   56    0
       30          57   58    0
       31          59   60    0
       32          61   62    0
       33          63   64    0
       34           0    0    0
       35          65   66    0
       36          67   68    0
       37          69   70    0
       38          71   72    0
       39          73   74    0
       40          75   76    0
       41          77   78    0
       42          79   80    0
       43          81   82    0
       44          83   84    0
       45          85   86    0
       46          87   88    0
       47          89   90    0
       48          91   92    0
       49          93   94    0
       50          95   96    0
       51          97   98    0
       52          99  100    0
       53         101  102    0
       54         103  104    0
       55         105  106    0
       56         107  108    0
       57         109  110    0
       58         111  112    0
       59         113  114    0
       60         115  116    0
       61         117  118    0
       62         119  120    0
       63         121  122    0
       64         123  124    0
       65         125  126    0
       66         127  128    0
       67           0    0    0
       68         129  130    0
       69         131  132    0
       70         133  134    0
       71         135  136    0
       72         137  138    0
       73         139  140    0
       74         141  142    0
       75         143  144    0
       76         145  146    0
       77         147  148    0
       78         149  150    0
       79         151  152    0
       80         153  154    0
       81         155  156    0
       82         157  158    0
       83         159  160    0
       84         161  162    0
       85         163  164    0
       86         165  166    0
       87         167  168    0
       88         169  170    0
       89         171  172    0
       90         173  174    0
       91         175  176    0
       92         177  178    0
       93         179  180    0
       94         181  182    0
       95         183  184    0
       96         185  186    0
       97         187  188    0
       98         189  190    0
       99         191  192    0
      100           0    0    0
      101         193  194    0
      102         195  196    0
      103         197  198    0
      104         199  200    0
      105         201  202    0
      106         203  204    0
      107         205  206    0
      108         207  208    0
      109         209  210    0
      110         211  212    0
      111         213  214    0
      112         215  216    0
      113         217  218    0
      114         219  220    0
      115         221  222    0
      116         223  224    0
      117         225  226    0
      118         227  228    0
      119         229  230    0
      120         231  232    0
      121         233  234    0
      122         235  236    0
      123         237  238    0
      124         239  240    0
      125         241  242    0
      126         243  244    0
      127         245  246    0
      128         247  248    0
      129         249  250    0
      130         251  252    0
      131         253  254    0
      132         255  256    0
      133           0    0    0
      134         257  258    0
      135         259  260    0
      136         261  262    0
      137         263  264    0
      138         265  266    0
      139         267  268    0
      140         269  270    0
      141         271  272    0
      142         273  274    0
      143         275  276    0
      144         277  278    0
      145         279  280    0
      146         281  282    0
      147         283  284    0
      148         285  286    0
      149         287  288    0
      150         289  290    0
      151         291  292    0
      152         293  294    0
      153         295  296    0
      154         297  298    0
      155         299  300    0
      156         301  302    0
      157         303  304    0
      158         305  306    0
      159         307  308    0
      160         309  310    0
      161         311  312    0
      162         313  314    0
      163         315  316    0
      164         317  318    0
      165         319  320    0
      166           0    0    0
      167         321  322    0
      168         323  324    0
      169         325  326    0
      170         327  328    0
      171         329  330    0
      172         331  332    0
      173         333  334    0
      174         335  336    0
      175         337  338    0
      176         339  340    0
      177         341  342    0
      178         343  344    0
      179         345  346    0
      180         347  348    0
      181         349  350    0
      182         351  352    0
      183         353  354    0
      184         355  356    0
      185         357  358    0
      186         359  360    0
      187         361  362    0
      188         363  364    0
      189         365  366    0
      190         367  368    0
      191         369  370    0
      192         371  372    0
      193         373  374    0
      194         375  376    0
      195         377  378    0
      196         379  380    0
      197         381  382    0
      198         383  384    0
      199           0    0    0
      200         385  386    0
      201         387  388    0
      202         389  390    0
      203         391  392    0
      204         393  394    0
      205         395  396    0
      206         397  398    0
      207         399  400    0
      208         401  402    0
      209         403  404    0
      210         405  406    0
      211         407  408    0
      212         409  410    0
      213         411  412    0
      214         413  414    0
      215         415  416    0
      216         417  418    0
      217         419  420    0
      218         421  422    0
      219         423  424    0
      220         425  426    0
      221         427  428    0
      222         429  430    0
      223         431  432    0
      224         433  434    0
      225         435  436    0
      226         437  438    0
      227         439  440    0
      228         441  442    0
      229         443  444    0
      230         445  446    0
      231         447  448    0
      232           0    0    0
      233         449  450    0
      234         451  452    0
      235         453  454    0
      236         455  456    0
      237         457  458    0
      238         459  460    0
      239         461  462    0
      240         463  464    0
      241         465  466    0
      242         467  468    0
      243         469  470    0
      244         471  472    0
      245         473  474    0
      246         475  476    0
      247         477  478    0
      248         479  480    0
      249         481  482    0
      250         483  484    0
      251         485  486    0
      252         487  488    0
      253         489  490    0
      254         491  492    0
      255         493  494    0
      256         495  496    0
      257         497  498    0
      258         499  500    0
      259         501  502    0
      260         503  504    0
      261         505  506    0
      262         507  508    0
      263         509  510    0
      264         511  512    0
      265           0    0    0
      266         513  514    0
      267         515  516    0
      268         517  518    0
      269         519  520    0
      270         521  522    0
      271         523  524    0
      272         525  526    0
      273         527  528    0
      274         529  530    0
      275         531  532    0
      276         533  534    0
      277         535  536    0
      278         537  538    0
      279         539  540    0
      280         541  542    0
      281         543  544    0
      282         545  546    0
      283         547  548    0
      284         549  550    0
      285         551  552    0
      286         553  554    0
      287         555  556    0
      288         557  558    0
      289         559  560    0
      290         561  562    0
      291         563  564    0
      292         565  566    0
      293         567  568    0
      294         569  570    0
      295         571  572    0
      296         573  574    0
      297         575  576    0
      298           0    0    0
      299         577  578    0
      300         579  580    0
      301         581  582    0
      302         583  584    0
      303         585  586    0
      304         587  588    0
      305         589  590    0
      306         591  592    0
      307         593  594    0
      308         595  596    0
      309         597  598    0
      310         599  600    0
      311         601  602    0
      312         603  604    0
      313         605  606    0
      314         607  608    0
      315         609  610    0
      316         611  612    0
      317         613  614    0
      318         615  616    0
      319         617  618    0
      320         619  620    0
      321         621  622    0
      322         623  624    0
      323         625  626    0
      324         627  628    0
      325         629  630    0
      326         631  632    0
      327         633  634    0
      328         635  636    0
      329         637  638    0
      330         639  640    0
      331           0    0    0
      332         641  642    0
      333         643  644    0
      334         645  646    0
      335         647  648    0
      336         649  650    0
      337         651  652    0
      338         653  654    0
      339         655  656    0
      340         657  658    0
      341         659  660    0
      342         661  662    0
      343         663  664    0
      344         665  666    0
      345         667  668    0
      346         669  670    0
      347         671  672    0
      348         673  674    0
      349         675  676    0
      350         677  678    0
      351         679  680    0
      352         681  682    0
      353         683  684    0
      354         685  686    0
      355         687  688    0
      356         689  690    0
      357         691  692    0
      358         693  694    0
      359         695  696    0
      360         697  698    0
      361         699  700    0
      362         701  702    0
      363         703  704    0
      364           0    0    0
      365         705  706    0
      366         707  708    0
      367         709  710    0
      368         711  712    0
      369         713  714    0
      370         715  716    0
      371         717  718    0
      372         719  720    0
      373         721  722    0
      374         723  724    0
      375         725  726    0
      376         727  728    0
      377         729  730    0
      378         731  732    0
      379         733  734    0
      380         735  736    0
      381         737  738    0
      382         739  740    0
      383         741  742    0
      384         743  744    0
      385         745  746    0
      386         747  748    0
      387         749  750    0
      388         751  752    0
      389         753  754    0
      390         755  756    0
      391         757  758    0
      392         759  760    0
      393         761  762    0
      394         763  764    0
      395         765  766    0
      396         767  768    0
      397           0    0    0
      398         769  770    0
      399         771  772    0
      400         773  774    0
      401         775  776    0
      402         777  778    0
      403         779  780    0
      404         781  782    0
      405         783  784    0
      406         785  786    0
      407         787  788    0
      408         789  790    0
      409         791  792    0
      410         793  794    0
      411         795  796    0
      412         797  798    0
      413         799  800    0
      414         801  802    0
      415         803  804    0
      416         805  806    0
      417         807  808    0
      418         809  810    0
      419         811  812    0
      420         813  814    0
      421         815  816    0
      422         817  818    0
      423         819  820    0
      424         821  822    0
      425         823  824    0
      426         825  826    0
      427         827  828    0
      428         829  830    0
      429         831  832    0
      430           0    0    0
      431         833  834    0
      432         835  836    0
      433         837  838    0
      434         839  840    0
      435         841  842    0
      436         843  844    0
      437         845  846    0
      438         847  848    0
      439         849  850    0
      440         851  852    0
      441         853  854    0
      442         855  856    0
      443         857  858    0
      444         859  860    0
      445         861  862    0
      446         863  864    0
      447         865  866    0
      448         867  868    0
      449         869  870    0
      450         871  872    0
      451         873  874    0
      452         875  876    0
      453         877  878    0
      454         879  880    0
      455         881  882    0
      456         883  884    0
      457         885  886    0
      458         887  888    0
      459         889  890    0
      460         891  892    0
      461         893  894    0
      462         895  896    0
      463           0    0    0
      464         897  898    0
      465         899  900    0
      466         901  902    0
      467         903  904    0
      468         905  906    0
      469         907  908    0
      470         909  910    0
      471         911  912    0
      472         913  914    0
      473         915  916    0
      474         917  918    0
      475         919  920    0
      476         921  922    0
      477         923  924    0
      478         925  926    0
      479         927  928    0
      480         929  930    0
      481         931  932    0
      482         933  934    0
      483         935  936    0
      484         937  938    0
      485         939  940    0
      486         941  942    0
      487         943  944    0
      488         945  946    0
      489         947  948    0
      490         949  950    0
      491         951  952    0
      492         953  954    0
      493         955  956    0
      494         957  958    0
      495         959  960    0
      496           0    0    0
      497         961  962    0
      498         963  964    0
      499         965  966    0
      500         967  968    0
      501         969  970    0
      502         971  972    0
      503         973  974    0
      504         975  976    0
      505         977  978    0
      506         979  980    0
      507         981  982    0
      508         983  984    0
      509         985  986    0
      510         987  988    0
      511         989  990    0
      512         991  992    0
      513         993  994    0
      514         995  996    0
      515         997  998    0
      516         999 1000    0
      517        1001 1002    0
      518        1003 1004    0
      519        1005 1006    0
      520        1007 1008    0
      521        1009 1010    0
      522        1011 1012    0
      523        1013 1014    0
      524        1015 1016    0
      525        1017 1018    0
      526        1019 1020    0
      527        1021 1022    0
      528        1023 1024    0
      529           0    0    0
      530        1025 1026    0
      531        1027 1028    0
      532        1029 1030    0
      533        1031 1032    0
      534        1033 1034    0
      535        1035 1036    0
      536        1037 1038    0
      537        1039 1040    0
      538        1041 1042    0
      539        1043 1044    0
      540        1045 1046    0
      541        1047 1048    0
      542        1049 1050    0
      543        1051 1052    0
      544        1053 1054    0
      545        1055 1056    0
      546        1057 1058    0
      547        1059 1060    0
      548        1061 1062    0
      549        1063 1064    0
      550        1065 1066    0
      551        1067 1068    0
      552        1069 1070    0
      553        1071 1072    0
      554        1073 1074    0
      555        1075 1076    0
      556        1077 1078    0
      557        1079 1080    0
      558        1081 1082    0
      559        1083 1084    0
      560        1085 1086    0
      561        1087 1088    0

 L O A D   C A S E   D A T A

     LOAD CASE NUMBER . . . . . . . =     1
     NUMBER OF CONCENTRATED LOADS . =    17

    NODE       DIRECTION      LOAD
   NUMBER                   MAGNITUDE
     33            2       -5.88235e+03
     66            2       -5.88235e+03
     99            2       -5.88235e+03
    132            2       -5.88235e+03
    165            2       -5.88235e+03
    198            2       -5.88235e+03
    231            2       -5.88235e+03
    264            2       -5.88235e+03
    297            2       -5.88235e+03
    330            2       -5.88235e+03
    363            2       -5.88235e+03
    396            2       -5.88235e+03
    429            2       -5.88235e+03
    462            2       -5.88235e+03
    495            2       -5.88235e+03
    528            2       -5.88235e+03
    561            2       -5.88235e+03

 E L E M E N T   G R O U P   D A T A


 E L E M E N T   D E F I N I T I O N

 ELEMENT TYPE  . . . . . . . . . . . . .( NPAR(1) ) . . =    3
     EQ.1, TRUSS ELEMENTS
     EQ.2, FOUR-NODE PLANE ELEMENTS (FULL INTEGRATION)
     EQ.3, FOUR-NODE PLANE ELEMENTS (REDUCED INTEGRATION)

 NUMBER OF ELEMENTS. . . . . . . . . . .( NPAR(2) ) . . =  512

 M A T E R I A L   D E F I N I T I O N

 NUMBER OF DIFFERENT SETS OF MATERIAL
 AND THICKNESS / POISSON RATIO . . . . .( NPAR(3) ) . . =    1

  SET       YOUNG'S    POISSON'S    THICKNESS
 NUMBER     MODULUS      RATIO
               E          NU          T
    1     2.00000e+11     3.00000e-01     1.00000e-01


 E L E M E N T   I N F O R M A T I O N
 ELEMENT     NODE     NODE     NODE     NODE      MATERIAL
 NUMBER-N      I        J        K        L       SET NUMBER
    1          1        2       35       34           1
    2          2        3       36       35           1
    3          3        4       37       36           1
    4          4        5       38       37           1
    5          5        6       39       38           1
    6          6        7       40       39           1
    7          7        8       41       40           1
    8          8        9       42       41           1
    9          9       10       43       42           1
   10         10       11       44       43           1
   11         11       12       45       44           1
   12         12       13       46       45           1
   13         13       14       47       46           1
   14         14       15       48       47           1
   15         15       16       49       48           1
   16         16       17       50       49           1
   17         17       18       51       50           1
   18         18       19       52       51           1
   19         19       20       53       52           1
   20         20       21       54       53           1
   21         21       22       55       54           1
   22         22       23       56       55           1
   23         23       24       57       56           1
   24         24       25       58       57           1
   25         25       26       59       58           1
   26         26       27       60       59           1
   27         27       28       61       60           1
   28         28       29       62       61           1
   29         29       30       63       62           1
   30         30       31       64       63           1
   31         31       32       65       64           1
   32         32       33       66       65           1
   33         34       35       68       67           1
   34         35       36       69       68           1
   35         36       37       70       69           1
   36         37       38       71       70           1
   37         38       39       72       71           1
   38         39       40       73       72           1
   39         40       41       74       73           1
   40         41       42       75       74           1
   41         42       43       76       75           1
   42         43       44       77       76           1
   43         44       45       78       77           1
   44         45       46       79       78           1
   45         46       47       80       79           1
   46         47       48       81       80           1
   47         48       49       82       81           1
   48         49       50       83       82           1
   49         50       51       84       83           1
   50         51       52       85       84           1
   51         52       53       86       85           1
   52         53       54       87       86           1
   53         54       55       88       87           1
   54         55       56       89       88           1
   55         56       57       90       89           1
   56         57       58       91       90           1
   57         58       59       92       91           1
   58         59       60       93       92           1
   59         60       61       94       93           1
   60         61       62       95       94           1
   61         62       63       96       95           1
   62         63       64       97       96           1
   63         64       65       98       97           1
   64         65       66       99       98           1
   65         67       68      101      100           1
   66         68       69      102      101           1
   67         69       70      103      102           1
   68         70       71      104      103           1
   69         71       72      105      104           1
   70         72       73      106      105           1
   71         73       74      107      106           1
   72         74       75      108      107           1
   73         75       76      109      108           1
   74         76       77      110      109           1
   75         77       78      111      110           1
   76         78       79      112      111           1
   77         79       80      113      112           1
   78         80       81      114      113           1
   79         81       82      115      114           1
   80         82       83      116      115           1
   81         83       84      117      116           1
   82         84       85      118      117           1
   83         85       86      119      118           1
   84         86       87      120      119           1
   85         87       88      121      120           1
   86         88       89      122      121           1
   87         89       90      123      122           1
   88         90       91      124      123           1
   89         91       92      125      124           1
   90         92       93      126      125           1
   91         93       94      127      126           1
   92         94       95      128      127           1
   93         95       96      129      128           1
   94         96       97      130      129           1
   95         97       98      131      130           1
   96         98       99      132      131           1
   97        100      101      134      133           1
   98        101      102      135      134           1
   99        102      103      136      135           1
  100        103      104      137      136           1
  101        104      105      138      137           1
  102        105      106      139      138           1
  103        106      107      140      139           1
  104        107      108      141      140           1
  105        108      109      142      141           1
  106        109      110      143      142           1
  107        110      111      144      143           1
  108        111      112      145      144           1
  109        112      113      146      145           1
  110        113      114      147      146           1
  111        114      115      148      147           1
  112        115      116      149      148           1
  113        116      117      150      149           1
  114        117      118      151      150           1
  115        118      119      152      151           1
  116        119      120      153      152           1
  117        120      121      154      153           1
  118        121      122      155      154           1
  119        122      123      156      155           1
  120        123      124      157      156           1
  121        124      125      158      157           1
  122        125      126      159      158           1
  123        126      127      160      159           1
  124        127      128      161      160           1
  125        128      129      162      161           1
  126        129      130      163      162           1
  127        130      131      164      163           1
  128        131      132      165      164           1
  129        133      134      167      166           1
  130        134      135      168      167           1
  131        135      136      169      168           1
  132        136      137      170      169           1
  133        137      138      171      170           1
  134        138      139      172      171           1
  135        139      140      173      172           1
  136        140      141      174      173           1
  137        141      142      175      174           1
  138        142      143      176      175           1
  139        143      144      177      176           1
  140        144      145      178      177           1
  141        145      146      179      178           1
  142        146      147      180      179           1
  143        147      148      181      180           1
  144        148      149      182      181           1
  145        149      150      183      182           1
  146        150      151      184      183           1
  147        151      152      185      184           1
  148        152      153      186      185           1
  149        153      154      187      186           1
  150        154      155      188      187           1
  151        155      156      189      188           1
  152        156      157      190      189           1
  153        157      158      191      190           1
  154        158      159      192      191           1
  155        159      160      193      192           1
  156        160      161      194      193           1
  157        161      162      195      194           1
  158        162      163      196      195           1
  159        163      164      197      196           1
  160        164      165      198      197           1
  161        166      167      200      199           1
  162        167      168      201      200           1
  163        168      169      202      201           1
  164        169      170      203      202           1
  165        170      171      204      203           1
  166        171      172      205      204           1
  167        172      173      206      205           1
  168        173      174      207      206           1
  169        174      175      208      207           1
  170        175      176      209      208           1
  171        176      177      210      209           1
  172        177      178      211      210           1
  173        178      179      212      211           1
  174        179      180      213      212           1
  175        180      181      214      213           1
  176        181      182      215      214           1
  177        182      183      216      215           1
  178        183      184      217      216           1
  179        184      185      218      217           1
  180        185      186      219      218           1
  181        186      187      220      219           1
  182        187      188      221      220           1
  183        188      189      222      221           1
  184        189      190      223      222           1
  185        190      191      224      223           1
  186        191      192      225      224           1
  187        192      193      226      225           1
  188        193      194      227      226           1
  189        194      195      228      227           1
  190        195      196      229      228           1
  191        196      197      230      229           1
  192        197      198      231      230           1
  193        199      200      233      232           1
  194        200      201      234      233           1
  195        201      202      235      234           1
  196        202      203      236      235           1
  197        203      204      237      236           1
  198        204      205      238      237           1
  199        205      206      239      238           1
  200        206      207      240      239           1
  201        207      208      241      240           1
  202        208      209      242      241           1
  203        209      210      243      242           1
  204        210      211      244      243           1
  205        211      212      245      244           1
  206        212      213      246      245           1
  207        213      214      247      246           1
  208        214      215      248      247           1
  209        215      216      249      248           1
  210        216      217      250      249           1
  211        217      218      251      250           1
  212        218      219      252      251           1
  213        219      220      253      252           1
  214        220      221      254      253           1
  215        221      222      255      254           1
  216        222      223      256      255           1
  217        223      224      257      256           1
  218        224      225      258      257           1
  219        225      226      259      258           1
  220        226      227      260      259           1
  221        227      228      261      260           1
  222        228      229      262      261           1
  223        229      230      263      262           1
  224        230      231      264      263           1
  225        232      233      266      265           1
  226        233      234      267      266           1
  227        234      235      268      267           1
  228        235      236      269      268           1
  229        236      237      270      269           1
  230        237      238      271      270           1
  231        238      239      272      271           1
  232        239      240      273      272           1
  233        240      241      274      273           1
  234        241      242      275      274           1
  235        242      243      276      275           1
  236        243      244      277      276           1
  237        244      245      278      277           1
  238        245      246      279      278           1
  239        246      247      280      279           1
  240        247      248      281      280           1
  241        248      249      282      281           1
  242        249      250      283      282           1
  243        250      251      284      283           1
  244        251      252      285      284           1
  245        252      253      286      285           1
  246        253      254      287      286           1
  247        254      255      288      287           1
  248        255      256      289      288           1
  249        256      257      290      289           1
  250        257      258      291      290           1
  251        258      259      292      291           1
  252        259      260      293      292           1
  253        260      261      294      293           1
  254        261      262      295      294           1
  255        262      263      296      295           1
  256        263      264      297      296           1
  257        265      266      299      298           1
  258        266      267      300      299           1
  259        267      268      301      300           1
  260        268      269      302      301           1
  261        269      270      303      302           1
  262        270      271      304      303           1
  263        271      272      305      304           1
  264        272      273      306      305           1
  265        273      274      307      306           1
  266        274      275      308      307           1
  267        275      276      309      308           1
  268        276      277      310      309           1
  269        277      278      311      310           1
  270        278      279      312      311           1
  271        279      280      313      312           1
  272        280      281      314      313           1
  273        281      282      315      314           1
  274        282      283      316      315           1
  275        283      284      317      316           1
  276        284      285      318      317           1
  277        285      286      319      318           1
  278        286      287      320      319           1
  279        287      288      321      320           1
  280        288      289      322      321           1
  281        289      290      323      322           1
  282        290      291      324      323           1
  283        291      292      325      324           1
  284        292      293      326      325           1
  285        293      294      327      326           1
  286        294      295      328      327           1
  287        295      296      329      328           1
  288        296      297      330      329           1
  289        298      299      332      331           1
  290        299      300      333      332           1
  291        300      301      334      333           1
  292        301      302      335      334           1
  293        302      303      336      335           1
  294        303      304      337      336           1
  295        304      305      338      337           1
  296        305      306      339      338           1
  297        306      307      340      339           1
  298        307      308      341      340           1
  299        308      309      342      341           1
  300        309      310      343      342           1
  301        310      311      344      343           1
  302        311      312      345      344           1
  303        312      313      346      345           1
  304        313      314      347      346           1
  305        314      315      348      347           1
  306        315      316      349      348           1
  307        316      317      350      349           1
  308        317      318      351      350           1
  309        318      319      352      351           1
  310        319      320      353      352           1
  311        320      321      354      353           1
  312        321      322      355      354           1
  313        322      323      356      355           1
  314        323      324      357      356           1
  315        324      325      358      357           1
  316        325      326      359      358           1
  317        326      327      360      359           1
  318        327      328      361      360           1
  319        328      329      362      361           1
  320        329      330      363      362           1
  321        331      332      365      364           1
  322        332      333      366      365           1
  323        333      334      367      366           1
  324        334      335      368      367           1
  325        335      336      369      368           1
  326        336      337      370      369           1
  327        337      338      371      370           1
  328        338      339      372      371           1
  329        339      340      373      372           1
  330        340      341      374      373           1
  331        341      342      375      374           1
  332        342      343      376      375           1
  333        343      344      377      376           1
  334        344      345      378      377           1
  335        345      346      379      378           1
  336        346      347      380      379           1
  337        347      348      381      380           1
  338        348      349      382      381           1
  339        349      350      383      382           1
  340        350      351      384      383           1
  341        351      352      385      384           1
  342        352      353      386      385           1
  343        353      354      387      386           1
  344        354      355      388      387           1
  345        355      356      389      388           1
  346        356      357      390      389           1
  347        357      358      391      390           1
  348        358      359      392      391           1
  349        359      360      393      392           1
  350        360      361      394      393           1
  351        361      362      395      394           1
  352        362      363      396      395           1
  353        364      365      398      397           1
  354        365      366      399      398           1
  355        366      367      400      399           1
  356        367      368      401      400           1
  357        368      369      402      401           1
  358        369      370      403      402           1
  359        370      371      404      403           1
  360        371      372      405      404           1
  361        372      373      406      405           1
  362        373      374      407      406           1
  363        374      375      408      407           1
  364        375      376      409      408           1
  365        376      377      410      409           1
  366        377      378      411      410           1
  367        378      379      412      411           1
  368        379      380      413      412           1
  369        380      381      414      413           1
  370        381      382      415      414           1
  371        382      383      416      415           1
  372        383      384      417      416           1
  373        384      385      418      417           1
  374        385      386      419      418           1
  375        386      387      420      419           1
  376        387      388      421      420           1
  377        388      389      422      421           1
  378        389      390      423      422           1
  379        390      391      424      423           1
  380        391      392      425      424           1
  381        392      393      426      425           1
  382        393      394      427      426           1
  383        394      395      428      427           1
  384        395      396      429      428           1
  385        397      398      431      430           1
  386        398      399      432      431           1
  387        399      400      433      432           1
  388        400      401      434      433           1
  389        401      402      435      434           1
  390        402      403      436      435           1
  391        403      404      437      436           1
  392        404      405      438      437           1
  393        405      406      439      438           1
  394        406      407      440      439           1
  395        407      408      441      440           1
  396        408      409      442      441           1
  397        409      410      443      442           1
  398        410      411      444      443           1
  399        411      412      445      444           1
  400        412      413      446      445           1
  401        413      414      447      446           1
  402        414      415      448      447           1
  403        415      416      449      448           1
  404        416      417      450      449           1
  405        417      418      451      450           1
  406        418      419      452      451           1
  407        419      420      453      452           1
  408        420      421      454      453           1
  409        421      422      455      454           1
  410        422      423      456      455           1
  411        423      424      457      456           1
  412        424      425      458      457           1
  413        425      426      459      458           1
  414        426      427      460      459           1
  415        427      428      461      460           1
  416        428      429      462      461           1
  417        430      431      464      463           1
  418        431      432      465      464           1
  419        432      433      466      465           1
  420        433      434      467      466           1
  421        434      435      468      467           1
  422        435      436      469      468           1
  423        436      437      470      469           1
  424        437      438      471      470           1
  425        438      439      472      471           1
  426        439      440      473      472           1
  427        440      441      474      473           1
  428        441      442      475      474           1
  429        442      443      476      475           1
  430        443      444      477      476           1
  431        444      445      478      477           1
  432        445      446      479      478           1
  433        446      447      480      479           1
  434        447      448      481      480           1
  435        448      449      482      481           1
  436        449      450      483      482           1
  437        450      451      484      483           1
  438        451      452      485      484           1
  439        452      453      486      485           1
  440        453      454      487      486           1
  441        454      455      488      487           1
  442        455      456      489      488           1
  443        456      457      490      489           1
  444        457      458      491      490           1
  445        458      459      492      491           1
  446        459      460      493      492           1
  447        460      461      494      493           1
  448        461      462      495      494           1
  449        463      464      497      496           1
  450        464      465      498      497           1
  451        465      466      499      498           1
  452        466      467      500      499           1
  453        467      468      501      500           1
  454        468      469      502      501           1
  455        469      470      503      502           1
  456        470      471      504      503           1
  457        471      472      505      504           1
  458        472      473      506      505           1
  459        473      474      507      506           1
  460        474      475      508      507           1
  461        475      476      509      508           1
  462        476      477      510      509           1
  463        477      478      511      510           1
  464        478      479      512      511           1
  465        479      480      513      512           1
  466        480      481      514      513           1
  467        481      482      515      514           1
  468        482      483      516      515           1
  469        483      484      517      516           1
  470        484      485      518      517           1
  471        485      486      519      518           1
  472        486      487      520      519           1
  473        487      488      521      520           1
  474        488      489      522      521           1
  475        489      490      523      522           1
  476        490      491      524      523           1
  477        491      492      525      524           1
  478        492      493      526      525           1
  479        493      494      527      526           1
  480        494      495      528      527           1
  481        496      497      530      529           1
  482        497      498      531      530           1
  483        498      499      532      531           1
  484        499      500      533      532           1
  485        500      501      534      533           1
  486        501      502      535      534           1
  487        502      503      536      535           1
  488        503      504      537      536           1
  489        504      505      538      537           1
  490        505      506      539      538           1
  491        506      507      540      539           1
  492        507      508      541      540           1
  493        508      509      542      541           1
  494        509      510      543      542           1
  495        510      511      544      543           1
  496        511      512      545      544           1
  497        512      513      546      545           1
  498        513      514      547      546           1
  499        514      515      548      547           1
  500        515      516      549      548           1
  501        516      517      550      549           1
  502        517      518      551      550           1
  503        518      519      552      551           1
  504        519      520      553      552           1
  505        520      521      554      553           1
  506        521      522      555      554           1
  507        522      523      556      555           1
  508        523      524      557      556           1
  509        524      525      558      557           1
  510        525      526      559      558           1
  511        526      527      560      559           1
  512        527      528      561      560           1

	TOTAL SYSTEM DATA

     NUMBER OF EQUATIONS . . . . . . . . . . . . . .(NEQ) = 1088
     NUMBER OF MATRIX ELEMENTS . . . . . . . . . . .(NWK) = 69276
     MAXIMUM HALF BANDWIDTH  . . . . . . . . . . . .(MK ) = 68
     MEAN HALF BANDWIDTH . . . . . . . . . . . . . .(MM ) = 63


 LOAD CASE    1


 D I S P L A C E M E N T S

  NODE           X-DISPLACEMENT    Y-DISPLACEMENT    Z-DISPLACEMENT
    1               0.00000e+00       0.00000e+00       0.00000e+00
    2              -9.51054e-05      -5.40018e-05       0.00000e+00
    3              -1.79117e-04      -1.35280e-04       0.00000e+00
    4              -2.69059e-04      -2.82427e-04       0.00000e+00
    5              -3.50674e-04      -4.77762e-04       0.00000e+00
    6              -4.32723e-04      -7.27337e-04       0.00000e+00
    7              -5.09595e-04      -1.02468e-03       0.00000e+00
    8              -5.85056e-04      -1.37081e-03       0.00000e+00
    9              -6.56540e-04      -1.76211e-03       0.00000e+00
   10              -7.25805e-04      -2.19788e-03       0.00000e+00
   11              -7.91640e-04      -2.67555e-03       0.00000e+00
   12              -8.54884e-04      -3.19377e-03       0.00000e+00
   13              -9.14953e-04      -3.75038e-03       0.00000e+00
   14              -9.72255e-04      -4.34376e-03       0.00000e+00
   15              -1.02650e-03      -4.97194e-03       0.00000e+00
   16              -1.07790e-03      -5.63318e-03       0.00000e+00
   17              -1.12630e-03      -6.32558e-03       0.00000e+00
   18              -1.17181e-03      -7.04734e-03       0.00000e+00
   19              -1.21436e-03      -7.79661e-03       0.00000e+00
   20              -1.25399e-03      -8.57157e-03       0.00000e+00
   21              -1.29067e-03      -9.37037e-03       0.00000e+00
   22              -1.32443e-03      -1.01912e-02       0.00000e+00
   23              -1.35524e-03      -1.10322e-02       0.00000e+00
   24              -1.38314e-03      -1.18915e-02       0.00000e+00
   25              -1.40806e-03      -1.27674e-02       0.00000e+00
   26              -1.43011e-03      -1.36579e-02       0.00000e+00
   27              -1.44914e-03      -1.45613e-02       0.00000e+00
   28              -1.46534e-03      -1.54755e-02       0.00000e+00
   29              -1.47847e-03      -1.63993e-02       0.00000e+00
   30              -1.48886e-03      -1.73299e-02       0.00000e+00
   31              -1.49599e-03      -1.82667e-02       0.00000e+00
   32              -1.50062e-03      -1.92055e-02       0.00000e+00
   33              -1.50338e-03      -2.01508e-02       0.00000e+00
   34               0.00000e+00       0.00000e+00       0.00000e+00
   35              -7.92969e-05      -4.54644e-05       0.00000e+00
   36              -1.58996e-04      -1.32755e-04       0.00000e+00
   37              -2.32763e-04      -2.75930e-04       0.00000e+00
   38              -3.07724e-04      -4.74333e-04       0.00000e+00
   39              -3.76996e-04      -7.22046e-04       0.00000e+00
   40              -4.46045e-04      -1.02097e-03       0.00000e+00
   41              -5.10810e-04      -1.36627e-03       0.00000e+00
   42              -5.74251e-04      -1.75844e-03       0.00000e+00
   43              -6.34228e-04      -2.19388e-03       0.00000e+00
   44              -6.92279e-04      -2.67206e-03       0.00000e+00
   45              -7.47302e-04      -3.19020e-03       0.00000e+00
   46              -8.00086e-04      -3.74715e-03       0.00000e+00
   47              -8.50066e-04      -4.34058e-03       0.00000e+00
   48              -8.97647e-04      -4.96901e-03       0.00000e+00
   49              -9.42539e-04      -5.63035e-03       0.00000e+00
   50              -9.84950e-04      -6.32296e-03       0.00000e+00
   51              -1.02473e-03      -7.04486e-03       0.00000e+00
   52              -1.06199e-03      -7.79431e-03       0.00000e+00
   53              -1.09664e-03      -8.56942e-03       0.00000e+00
   54              -1.12876e-03      -9.36839e-03       0.00000e+00
   55              -1.15827e-03      -1.01894e-02       0.00000e+00
   56              -1.18526e-03      -1.10305e-02       0.00000e+00
   57              -1.20963e-03      -1.18900e-02       0.00000e+00
   58              -1.23149e-03      -1.27660e-02       0.00000e+00
   59              -1.25071e-03      -1.36567e-02       0.00000e+00
   60              -1.26746e-03      -1.45602e-02       0.00000e+00
   61              -1.28152e-03      -1.54748e-02       0.00000e+00
   62              -1.29315e-03      -1.63985e-02       0.00000e+00
   63              -1.30206e-03      -1.73295e-02       0.00000e+00
   64              -1.30850e-03      -1.82662e-02       0.00000e+00
   65              -1.31251e-03      -1.92057e-02       0.00000e+00
   66              -1.31397e-03      -2.01502e-02       0.00000e+00
   67               0.00000e+00       0.00000e+00       0.00000e+00
   68              -6.66304e-05      -3.91665e-05       0.00000e+00
   69              -1.35634e-04      -1.29045e-04       0.00000e+00
   70              -1.99733e-04      -2.71764e-04       0.00000e+00
   71              -2.62604e-04      -4.70110e-04       0.00000e+00
   72              -3.23346e-04      -7.18472e-04       0.00000e+00
   73              -3.81349e-04      -1.01696e-03       0.00000e+00
   74              -4.37825e-04      -1.36295e-03       0.00000e+00
   75              -4.91445e-04      -1.75479e-03       0.00000e+00
   76              -5.43437e-04      -2.19076e-03       0.00000e+00
   77              -5.92753e-04      -2.66878e-03       0.00000e+00
   78              -6.40247e-04      -3.18730e-03       0.00000e+00
   79              -6.85244e-04      -3.74421e-03       0.00000e+00
   80              -7.28267e-04      -4.33792e-03       0.00000e+00
   81              -7.68915e-04      -4.96639e-03       0.00000e+00
   82              -8.07495e-04      -5.62795e-03       0.00000e+00
   83              -8.43772e-04      -6.32064e-03       0.00000e+00
   84              -8.77925e-04      -7.04273e-03       0.00000e+00
   85              -9.09816e-04      -7.79229e-03       0.00000e+00
   86              -9.39555e-04      -8.56757e-03       0.00000e+00
   87              -9.67052e-04      -9.36667e-03       0.00000e+00
   88              -9.92384e-04      -1.01878e-02       0.00000e+00
   89              -1.01548e-03      -1.10291e-02       0.00000e+00
   90              -1.03641e-03      -1.18887e-02       0.00000e+00
   91              -1.05510e-03      -1.27649e-02       0.00000e+00
   92              -1.07163e-03      -1.36557e-02       0.00000e+00
   93              -1.08593e-03      -1.45594e-02       0.00000e+00
   94              -1.09803e-03      -1.54741e-02       0.00000e+00
   95              -1.10797e-03      -1.63979e-02       0.00000e+00
   96              -1.11559e-03      -1.73292e-02       0.00000e+00
   97              -1.12124e-03      -1.82657e-02       0.00000e+00
   98              -1.12436e-03      -1.92059e-02       0.00000e+00
   99              -1.12552e-03      -2.01496e-02       0.00000e+00
  100               0.00000e+00       0.00000e+00       0.00000e+00
  101              -5.47200e-05      -3.44718e-05       0.00000e+00
  102              -1.12555e-04      -1.25317e-04       0.00000e+00
  103              -1.66309e-04      -2.68525e-04       0.00000e+00
  104              -2.18498e-04      -4.66497e-04       0.00000e+00
  105              -2.69068e-04      -7.15343e-04       0.00000e+00
  106              -3.17613e-04      -1.01375e-03       0.00000e+00
  107              -3.64396e-04      -1.35994e-03       0.00000e+00
  108              -4.09374e-04      -1.75190e-03       0.00000e+00
  109              -4.52423e-04      -2.18795e-03       0.00000e+00
  110              -4.93764e-04      -2.66615e-03       0.00000e+00
  111              -5.33136e-04      -3.18472e-03       0.00000e+00
  112              -5.70803e-04      -3.74182e-03       0.00000e+00
  113              -6.06519e-04      -4.33559e-03       0.00000e+00
  114              -6.40501e-04      -4.96423e-03       0.00000e+00
  115              -6.72565e-04      -5.62587e-03       0.00000e+00
  116              -7.02863e-04      -6.31872e-03       0.00000e+00
  117              -7.31271e-04      -7.04090e-03       0.00000e+00
  118              -7.57890e-04      -7.79061e-03       0.00000e+00
  119              -7.82638e-04      -8.56599e-03       0.00000e+00
  120              -8.05580e-04      -9.36522e-03       0.00000e+00
  121              -8.26666e-04      -1.01865e-02       0.00000e+00
  122              -8.45934e-04      -1.10279e-02       0.00000e+00
  123              -8.63357e-04      -1.18876e-02       0.00000e+00
  124              -8.78949e-04      -1.27639e-02       0.00000e+00
  125              -8.92712e-04      -1.36549e-02       0.00000e+00
  126              -9.04625e-04      -1.45587e-02       0.00000e+00
  127              -9.14728e-04      -1.54735e-02       0.00000e+00
  128              -9.22971e-04      -1.63974e-02       0.00000e+00
  129              -9.29379e-04      -1.73288e-02       0.00000e+00
  130              -9.34070e-04      -1.82654e-02       0.00000e+00
  131              -9.36523e-04      -1.92060e-02       0.00000e+00
  132              -9.37454e-04      -2.01490e-02       0.00000e+00
  133               0.00000e+00       0.00000e+00       0.00000e+00
  134              -4.33603e-05      -3.09451e-05       0.00000e+00
  135              -8.96324e-05      -1.22070e-04       0.00000e+00
  136              -1.32991e-04      -2.65874e-04       0.00000e+00
  137              -1.74551e-04      -4.63624e-04       0.00000e+00
  138              -2.15059e-04      -7.12697e-04       0.00000e+00
  139              -2.53882e-04      -1.01117e-03       0.00000e+00
  140              -2.91330e-04      -1.35745e-03       0.00000e+00
  141              -3.27271e-04      -1.74953e-03       0.00000e+00
  142              -3.61768e-04      -2.18566e-03       0.00000e+00
  143              -3.94775e-04      -2.66397e-03       0.00000e+00
  144              -4.26341e-04      -3.18264e-03       0.00000e+00
  145              -4.56408e-04      -3.73983e-03       0.00000e+00
  146              -4.85042e-04      -4.33371e-03       0.00000e+00
  147              -5.12173e-04      -4.96244e-03       0.00000e+00
  148              -5.37871e-04      -5.62420e-03       0.00000e+00
  149              -5.62070e-04      -6.31713e-03       0.00000e+00
  150              -5.84829e-04      -7.03942e-03       0.00000e+00
  151              -6.06097e-04      -7.78922e-03       0.00000e+00
  152              -6.25917e-04      -8.56470e-03       0.00000e+00
  153              -6.44254e-04      -9.36403e-03       0.00000e+00
  154              -6.61136e-04      -1.01854e-02       0.00000e+00
  155              -6.76541e-04      -1.10269e-02       0.00000e+00
  156              -6.90485e-04      -1.18868e-02       0.00000e+00
  157              -7.02956e-04      -1.27631e-02       0.00000e+00
  158              -7.13966e-04      -1.36542e-02       0.00000e+00
  159              -7.23499e-04      -1.45581e-02       0.00000e+00
  160              -7.31582e-04      -1.54730e-02       0.00000e+00
  161              -7.38164e-04      -1.63970e-02       0.00000e+00
  162              -7.43323e-04      -1.73285e-02       0.00000e+00
  163              -7.47045e-04      -1.82653e-02       0.00000e+00
  164              -7.48924e-04      -1.92060e-02       0.00000e+00
  165              -7.49667e-04      -2.01485e-02       0.00000e+00
  166               0.00000e+00       0.00000e+00       0.00000e+00
  167              -3.22992e-05      -2.83743e-05       0.00000e+00
  168              -6.69860e-05      -1.19463e-04       0.00000e+00
  169              -9.96707e-05      -2.63790e-04       0.00000e+00
  170              -1.30812e-04      -4.61435e-04       0.00000e+00
  171              -1.61147e-04      -7.10609e-04       0.00000e+00
  172              -1.90317e-04      -1.00919e-03       0.00000e+00
  173              -2.18363e-04      -1.35552e-03       0.00000e+00
  174              -2.45347e-04      -1.74769e-03       0.00000e+00
  175              -2.71198e-04      -2.18389e-03       0.00000e+00
  176              -2.95972e-04      -2.66228e-03       0.00000e+00
  177              -3.19628e-04      -3.18102e-03       0.00000e+00
  178              -3.42198e-04      -3.73829e-03       0.00000e+00
  179              -3.63654e-04      -4.33225e-03       0.00000e+00
  180              -3.84021e-04      -4.96106e-03       0.00000e+00
  181              -4.03276e-04      -5.62289e-03       0.00000e+00
  182              -4.21442e-04      -6.31590e-03       0.00000e+00
  183              -4.38497e-04      -7.03826e-03       0.00000e+00
  184              -4.54461e-04      -7.78814e-03       0.00000e+00
  185              -4.69315e-04      -8.56370e-03       0.00000e+00
  186              -4.83076e-04      -9.36311e-03       0.00000e+00
  187              -4.95731e-04      -1.01845e-02       0.00000e+00
  188              -5.07290e-04      -1.10261e-02       0.00000e+00
  189              -5.17743e-04      -1.18861e-02       0.00000e+00
  190              -5.27101e-04      -1.27625e-02       0.00000e+00
  191              -5.35354e-04      -1.36536e-02       0.00000e+00
  192              -5.42509e-04      -1.45576e-02       0.00000e+00
  193              -5.48566e-04      -1.54726e-02       0.00000e+00
  194              -5.53502e-04      -1.63967e-02       0.00000e+00
  195              -5.57387e-04      -1.73282e-02       0.00000e+00
  196              -5.60154e-04      -1.82651e-02       0.00000e+00
  197              -5.61522e-04      -1.92061e-02       0.00000e+00
  198              -5.62082e-04      -2.01481e-02       0.00000e+00
  199               0.00000e+00       0.00000e+00       0.00000e+00
  200              -2.14377e-05      -2.66178e-05       0.00000e+00
  201              -4.45382e-05      -1.17574e-04       0.00000e+00
  202              -6.64105e-05      -2.62278e-04       0.00000e+00
  203              -8.71584e-05      -4.59896e-04       0.00000e+00
  204              -1.07367e-04      -7.09105e-04       0.00000e+00
  205              -1.26823e-04      -1.00777e-03       0.00000e+00
  206              -1.45522e-04      -1.35414e-03       0.00000e+00
  207              -1.63504e-04      -1.74637e-03       0.00000e+00
  208              -1.80747e-04      -2.18262e-03       0.00000e+00
  209              -1.97254e-04      -2.66107e-03       0.00000e+00
  210              -2.13033e-04      -3.17987e-03       0.00000e+00
  211              -2.28072e-04      -3.73719e-03       0.00000e+00
  212              -2.42383e-04      -4.33120e-03       0.00000e+00
  213              -2.55955e-04      -4.96007e-03       0.00000e+00
  214              -2.68798e-04      -5.62195e-03       0.00000e+00
  215              -2.80902e-04      -6.31502e-03       0.00000e+00
  216              -2.92278e-04      -7.03744e-03       0.00000e+00
  217              -3.02915e-04      -7.78737e-03       0.00000e+00
  218              -3.12823e-04      -8.56299e-03       0.00000e+00
  219              -3.21993e-04      -9.36245e-03       0.00000e+00
  220              -3.30432e-04      -1.01839e-02       0.00000e+00
  221              -3.38136e-04      -1.10256e-02       0.00000e+00
  222              -3.45107e-04      -1.18856e-02       0.00000e+00
  223              -3.51344e-04      -1.27621e-02       0.00000e+00
  224              -3.56846e-04      -1.36533e-02       0.00000e+00
  225              -3.61617e-04      -1.45573e-02       0.00000e+00
  226              -3.65654e-04      -1.54723e-02       0.00000e+00
  227              -3.68945e-04      -1.63965e-02       0.00000e+00
  228              -3.71541e-04      -1.73280e-02       0.00000e+00
  229              -3.73372e-04      -1.82650e-02       0.00000e+00
  230              -3.74267e-04      -1.92061e-02       0.00000e+00
  231              -3.74642e-04      -2.01479e-02       0.00000e+00
  232               0.00000e+00       0.00000e+00       0.00000e+00
  233              -1.06914e-05      -2.55940e-05       0.00000e+00
  234              -2.22340e-05      -1.16432e-04       0.00000e+00
  235              -3.31917e-05      -2.61361e-04       0.00000e+00
  236              -4.35666e-05      -4.58981e-04       0.00000e+00
  237              -5.36630e-05      -7.08200e-04       0.00000e+00
  238              -6.33966e-05      -1.00692e-03       0.00000e+00
  239              -7.27433e-05      -1.35331e-03       0.00000e+00
  240              -8.17357e-05      -1.74558e-03       0.00000e+00
  241              -9.03560e-05      -2.18186e-03       0.00000e+00
  242              -9.86111e-05      -2.66034e-03       0.00000e+00
  243              -1.06499e-04      -3.17917e-03       0.00000e+00
  244              -1.14020e-04      -3.73653e-03       0.00000e+00
  245              -1.21173e-04      -4.33058e-03       0.00000e+00
  246              -1.27961e-04      -4.95947e-03       0.00000e+00
  247              -1.34381e-04      -5.62139e-03       0.00000e+00
  248              -1.40435e-04      -6.31449e-03       0.00000e+00
  249              -1.46121e-04      -7.03694e-03       0.00000e+00
  250              -1.51441e-04      -7.78691e-03       0.00000e+00
  251              -1.56394e-04      -8.56256e-03       0.00000e+00
  252              -1.60980e-04      -9.36205e-03       0.00000e+00
  253              -1.65199e-04      -1.01836e-02       0.00000e+00
  254              -1.69051e-04      -1.10252e-02       0.00000e+00
  255              -1.72536e-04      -1.18853e-02       0.00000e+00
  256              -1.75655e-04      -1.27618e-02       0.00000e+00
  257              -1.78406e-04      -1.36530e-02       0.00000e+00
  258              -1.80792e-04      -1.45571e-02       0.00000e+00
  259              -1.82809e-04      -1.54721e-02       0.00000e+00
  260              -1.84456e-04      -1.63964e-02       0.00000e+00
  261              -1.85755e-04      -1.73279e-02       0.00000e+00
  262              -1.86667e-04      -1.82650e-02       0.00000e+00
  263              -1.87109e-04      -1.92061e-02       0.00000e+00
  264              -1.87298e-04      -2.01477e-02       0.00000e+00
  265               0.00000e+00       0.00000e+00       0.00000e+00
  266              -1.78694e-17      -2.52574e-05       0.00000e+00
  267              -3.71356e-17      -1.16051e-04       0.00000e+00
  268              -5.67427e-17      -2.61053e-04       0.00000e+00
  269              -7.66209e-17      -4.58678e-04       0.00000e+00
  270              -9.63043e-17      -7.07898e-04       0.00000e+00
  271              -1.16047e-16      -1.00663e-03       0.00000e+00
  272              -1.33716e-16      -1.35303e-03       0.00000e+00
  273              -1.52181e-16      -1.74531e-03       0.00000e+00
  274              -1.73330e-16      -2.18161e-03       0.00000e+00
  275              -1.91267e-16      -2.66010e-03       0.00000e+00
  276              -2.10322e-16      -3.17894e-03       0.00000e+00
  277              -2.25460e-16      -3.73631e-03       0.00000e+00
  278              -2.42306e-16      -4.33037e-03       0.00000e+00
  279              -2.66375e-16      -4.95927e-03       0.00000e+00
  280              -2.78532e-16      -5.62120e-03       0.00000e+00
  281              -3.02113e-16      -6.31431e-03       0.00000e+00
  282              -3.17590e-16      -7.03678e-03       0.00000e+00
  283              -3.36970e-16      -7.78675e-03       0.00000e+00
  284              -3.42283e-16      -8.56241e-03       0.00000e+00
  285              -3.70553e-16      -9.36192e-03       0.00000e+00
  286              -3.80609e-16      -1.01834e-02       0.00000e+00
  287              -3.94135e-16      -1.10251e-02       0.00000e+00
  288              -4.09395e-16      -1.18852e-02       0.00000e+00
  289              -4.38750e-16      -1.27617e-02       0.00000e+00
  290              -4.44198e-16      -1.36529e-02       0.00000e+00
  291              -4.53901e-16      -1.45570e-02       0.00000e+00
  292              -4.18123e-16      -1.54721e-02       0.00000e+00
  293              -4.24953e-16      -1.63963e-02       0.00000e+00
  294              -4.28097e-16      -1.73279e-02       0.00000e+00
  295              -4.43656e-16      -1.82650e-02       0.00000e+00
  296              -4.77049e-16      -1.92061e-02       0.00000e+00
  297              -4.92228e-16      -2.01476e-02       0.00000e+00
  298               0.00000e+00       0.00000e+00       0.00000e+00
  299               1.06914e-05      -2.55940e-05       0.00000e+00
  300               2.22340e-05      -1.16432e-04       0.00000e+00
  301               3.31917e-05      -2.61361e-04       0.00000e+00
  302               4.35666e-05      -4.58981e-04       0.00000e+00
  303               5.36630e-05      -7.08200e-04       0.00000e+00
  304               6.33966e-05      -1.00692e-03       0.00000e+00
  305               7.27433e-05      -1.35331e-03       0.00000e+00
  306               8.17357e-05      -1.74558e-03       0.00000e+00
  307               9.03560e-05      -2.18186e-03       0.00000e+00
  308               9.86111e-05      -2.66034e-03       0.00000e+00
  309               1.06499e-04      -3.17917e-03       0.00000e+00
  310               1.14020e-04      -3.73653e-03       0.00000e+00
  311               1.21173e-04      -4.33058e-03       0.00000e+00
  312               1.27961e-04      -4.95947e-03       0.00000e+00
  313               1.34381e-04      -5.62139e-03       0.00000e+00
  314               1.40435e-04      -6.31449e-03       0.00000e+00
  315               1.46121e-04      -7.03694e-03       0.00000e+00
  316               1.51441e-04      -7.78691e-03       0.00000e+00
  317               1.56394e-04      -8.56256e-03       0.00000e+00
  318               1.60980e-04      -9.36205e-03       0.00000e+00
  319               1.65199e-04      -1.01836e-02       0.00000e+00
  320               1.69051e-04      -1.10252e-02       0.00000e+00
  321               1.72536e-04      -1.18853e-02       0.00000e+00
  322               1.75655e-04      -1.27618e-02       0.00000e+00
  323               1.78406e-04      -1.36530e-02       0.00000e+00
  324               1.80792e-04      -1.45571e-02       0.00000e+00
  325               1.82809e-04      -1.54721e-02       0.00000e+00
  326               1.84456e-04      -1.63964e-02       0.00000e+00
  327               1.85755e-04      -1.73279e-02       0.00000e+00
  328               1.86667e-04      -1.82650e-02       0.00000e+00
  329               1.87109e-04      -1.92061e-02       0.00000e+00
  330               1.87298e-04      -2.01477e-02       0.00000e+00
  331               0.00000e+00       0.00000e+00       0.00000e+00
  332               2.14377e-05      -2.66178e-05       0.00000e+00
  333               4.45382e-05      -1.17574e-04       0.00000e+00
  334               6.64105e-05      -2.62278e-04       0.00000e+00
  335               8.71584e-05      -4.59896e-04       0.00000e+00
  336               1.07367e-04      -7.09105e-04       0.00000e+00
  337               1.26823e-04      -1.00777e-03       0.00000e+00
  338               1.45522e-04      -1.35414e-03       0.00000e+00
  339               1.63504e-04      -1.74637e-03       0.00000e+00
  340               1.80747e-04      -2.18262e-03       0.00000e+00
  341               1.97254e-04      -2.66107e-03       0.00000e+00
  342               2.13033e-04      -3.17987e-03       0.00000e+00
  343               2.28072e-04      -3.73719e-03       0.00000e+00
  344               2.42383e-04      -4.33120e-03       0.00000e+00
  345               2.55955e-04      -4.96007e-03       0.00000e+00
  346               2.68798e-04      -5.62195e-03       0.00000e+00
  347               2.80902e-04      -6.31502e-03       0.00000e+00
  348               2.92278e-04      -7.03744e-03       0.00000e+00
  349               3.02915e-04      -7.78737e-03       0.00000e+00
  350               3.12823e-04      -8.56299e-03       0.00000e+00
  351               3.21993e-04      -9.36245e-03       0.00000e+00
  352               3.30432e-04      -1.01839e-02       0.00000e+00
  353               3.38136e-04      -1.10256e-02       0.00000e+00
  354               3.45107e-04      -1.18856e-02       0.00000e+00
  355               3.51344e-04      -1.27621e-02       0.00000e+00
  356               3.56846e-04      -1.36533e-02       0.00000e+00
  357               3.61617e-04      -1.45573e-02       0.00000e+00
  358               3.65654e-04      -1.54723e-02       0.00000e+00
  359               3.68945e-04      -1.63965e-02       0.00000e+00
  360               3.71541e-04      -1.73280e-02       0.00000e+00
  361               3.73372e-04      -1.82650e-02       0.00000e+00
  362               3.74267e-04      -1.92061e-02       0.00000e+00
  363               3.74642e-04      -2.01479e-02       0.00000e+00
  364               0.00000e+00       0.00000e+00       0.00000e+00
  365               3.22992e-05      -2.83743e-05       0.00000e+00
  366               6.69860e-05      -1.19463e-04       0.00000e+00
  367               9.96707e-05      -2.63790e-04       0.00000e+00
  368               1.30812e-04      -4.61435e-04       0.00000e+00
  369               1.61147e-04      -7.10609e-04       0.00000e+00
  370               1.90317e-04      -1.00919e-03       0.00000e+00
  371               2.18363e-04      -1.35552e-03       0.00000e+00
  372               2.45347e-04      -1.74769e-03       0.00000e+00
  373               2.71198e-04      -2.18389e-03       0.00000e+00
  374               2.95972e-04      -2.66228e-03       0.00000e+00
  375               3.19628e-04      -3.18102e-03       0.00000e+00
  376               3.42198e-04      -3.73829e-03       0.00000e+00
  377               3.63654e-04      -4.33225e-03       0.00000e+00
  378               3.84021e-04      -4.96106e-03       0.00000e+00
  379               4.03276e-04      -5.62289e-03       0.00000e+00
  380               4.21442e-04      -6.31590e-03       0.00000e+00
  381               4.38497e-04      -7.03826e-03       0.00000e+00
  382               4.54461e-04      -7.78814e-03       0.00000e+00
  383               4.69315e-04      -8.56370e-03       0.00000e+00
  384               4.83076e-04      -9.36311e-03       0.00000e+00
  385               4.95731e-04      -1.01845e-02       0.00000e+00
  386               5.07290e-04      -1.10261e-02       0.00000e+00
  387               5.17743e-04      -1.18861e-02       0.00000e+00
  388               5.27101e-04      -1.27625e-02       0.00000e+00
  389               5.35354e-04      -1.36536e-02       0.00000e+00
  390               5.42509e-04      -1.45576e-02       0.00000e+00
  391               5.48566e-04      -1.54726e-02       0.00000e+00
  392               5.53502e-04      -1.63967e-02       0.00000e+00
  393               5.57387e-04      -1.73282e-02       0.00000e+00
  394               5.60154e-04      -1.82651e-02       0.00000e+00
  395               5.61522e-04      -1.92061e-02       0.00000e+00
  396               5.62082e-04      -2.01481e-02       0.00000e+00
  397               0.00000e+00       0.00000e+00       0.00000e+00
  398               4.33603e-05      -3.09451e-05       0.00000e+00
  399               8.96324e-05      -1.22070e-04       0.00000e+00
  400               1.32991e-04      -2.65874e-04       0.00000e+00
  401               1.74551e-04      -4.63624e-04       0.00000e+00
  402               2.15059e-04      -7.12697e-04       0.00000e+00
  403               2.53882e-04      -1.01117e-03       0.00000e+00
  404               2.91330e-04      -1.35745e-03       0.00000e+00
  405               3.27271e-04      -1.74953e-03       0.00000e+00
  406               3.61768e-04      -2.18566e-03       0.00000e+00
  407               3.94775e-04      -2.66397e-03       0.00000e+00
  408               4.26341e-04      -3.18264e-03       0.00000e+00
  409               4.56408e-04      -3.73983e-03       0.00000e+00
  410               4.85042e-04      -4.33371e-03       0.00000e+00
  411               5.12173e-04      -4.96244e-03       0.00000e+00
  412               5.37871e-04      -5.62420e-03       0.00000e+00
  413               5.62070e-04      -6.31713e-03       0.00000e+00
  414               5.84829e-04      -7.03942e-03       0.00000e+00
  415               6.06097e-04      -7.78922e-03       0.00000e+00
  416               6.25917e-04      -8.56470e-03       0.00000e+00
  417               6.44254e-04      -9.36403e-03       0.00000e+00
  418               6.61136e-04      -1.01854e-02       0.00000e+00
  419               6.76541e-04      -1.10269e-02       0.00000e+00
  420               6.90485e-04      -1.18868e-02       0.00000e+00
  421               7.02956e-04      -1.27631e-02       0.00000e+00
  422               7.13966e-04      -1.36542e-02       0.00000e+00
  423               7.23499e-04      -1.45581e-02       0.00000e+00
  424               7.31582e-04      -1.54730e-02       0.00000e+00
  425               7.38164e-04      -1.63970e-02       0.00000e+00
  426               7.43323e-04      -1.73285e-02       0.00000e+00
  427               7.47045e-04      -1.82653e-02       0.00000e+00
  428               7.48924e-04      -1.92060e-02       0.00000e+00
  429               7.49667e-04      -2.01485e-02       0.00000e+00
  430               0.00000e+00       0.00000e+00       0.00000e+00
  431               5.47200e-05      -3.44718e-05       0.00000e+00
  432               1.12555e-04      -1.25317e-04       0.00000e+00
  433               1.66309e-04      -2.68525e-04       0.00000e+00
  434               2.18498e-04      -4.66497e-04       0.00000e+00
  435               2.69068e-04      -7.15343e-04       0.00000e+00
  436               3.17613e-04      -1.01375e-03       0.00000e+00
  437               3.64396e-04      -1.35994e-03       0.00000e+00
  438               4.09374e-04      -1.75190e-03       0.00000e+00
  439               4.52423e-04      -2.18795e-03       0.00000e+00
  440               4.93764e-04      -2.66615e-03       0.00000e+00
  441               5.33136e-04      -3.18472e-03       0.00000e+00
  442               5.70803e-04      -3.74182e-03       0.00000e+00
  443               6.06519e-04      -4.33559e-03       0.00000e+00
  444               6.40501e-04      -4.96423e-03       0.00000e+00
  445               6.72565e-04      -5.62587e-03       0.00000e+00
  446               7.02863e-04      -6.31872e-03       0.00000e+00
  447               7.31271e-04      -7.04090e-03       0.00000e+00
  448               7.57890e-04      -7.79061e-03       0.00000e+00
  449               7.82638e-04      -8.56599e-03       0.00000e+00
  450               8.05580e-04      -9.36522e-03       0.00000e+00
  451               8.26666e-04      -1.01865e-02       0.00000e+00
  452               8.45934e-04      -1.10279e-02       0.00000e+00
  453               8.63357e-04      -1.18876e-02       0.00000e+00
  454               8.78949e-04      -1.27639e-02       0.00000e+00
  455               8.92712e-04      -1.36549e-02       0.00000e+00
  456               9.04625e-04      -1.45587e-02       0.00000e+00
  457               9.14728e-04      -1.54735e-02       0.00000e+00
  458               9.22971e-04      -1.63974e-02       0.00000e+00
  459               9.29379e-04      -1.73288e-02       0.00000e+00
  460               9.34070e-04      -1.82654e-02       0.00000e+00
  461               9.36523e-04      -1.92060e-02       0.00000e+00
  462               9.37454e-04      -2.01490e-02       0.00000e+00
  463               0.00000e+00       0.00000e+00       0.00000e+00
  464               6.66304e-05      -3.91665e-05       0.00000e+00
  465               1.35634e-04      -1.29045e-04       0.00000e+00
  466               1.99733e-04      -2.71764e-04       0.00000e+00
  467               2.62604e-04      -4.70110e-04       0.00000e+00
  468               3.23346e-04      -7.18472e-04       0.00000e+00
  469               3.81349e-04      -1.01696e-03       0.00000e+00
  470               4.37825e-04      -1.36295e-03       0.00000e+00
  471               4.91445e-04      -1.75479e-03       0.00000e+00
  472               5.43437e-04      -2.19076e-03       0.00000e+00
  473               5.92753e-04      -2.66878e-03       0.00000e+00
  474               6.40247e-04      -3.18730e-03       0.00000e+00
  475               6.85244e-04      -3.74421e-03       0.00000e+00
  476               7.28267e-04      -4.33792e-03       0.00000e+00
  477               7.68915e-04      -4.96639e-03       0.00000e+00
  478               8.07495e-04      -5.62795e-03       0.00000e+00
  479               8.43772e-04      -6.32064e-03       0.00000e+00
  480               8.77925e-04      -7.04273e-03       0.00000e+00
  481               9.09816e-04      -7.79229e-03       0.00000e+00
  482               9.39555e-04      -8.56757e-03       0.00000e+00
  483               9.67052e-04      -9.36667e-03       0.00000e+00
  484               9.92384e-04      -1.01878e-02       0.00000e+00
  485               1.01548e-03      -1.10291e-02       0.00000e+00
  486               1.03641e-03      -1.18887e-02       0.00000e+00
  487               1.05510e-03      -1.27649e-02       0.00000e+00
  488               1.07163e-03      -1.36557e-02       0.00000e+00
  489               1.08593e-03      -1.45594e-02       0.00000e+00
  490               1.09803e-03      -1.54741e-02       0.00000e+00
  491               1.10797e-03      -1.63979e-02       0.00000e+00
  492               1.11559e-03      -1.73292e-02       0.00000e+00
  493               1.12124e-03      -1.82657e-02       0.00000e+00
  494               1.12436e-03      -1.92059e-02       0.00000e+00
  495               1.12552e-03      -2.01496e-02       0.00000e+00
  496               0.00000e+00       0.00000e+00       0.00000e+00
  497               7.92969e-05      -4.54644e-05       0.00000e+00
  498               1.58996e-04      -1.32755e-04       0.00000e+00
  499               2.32763e-04      -2.75930e-04       0.00000e+00
  500               3.07724e-04      -4.74333e-04       0.00000e+00
  501               3.76996e-04      -7.22046e-04       0.00000e+00
  502               4.46045e-04      -1.02097e-03       0.00000e+00
  503               5.10810e-04      -1.36627e-03       0.00000e+00
  504               5.74251e-04      -1.75844e-03       0.00000e+00
  505               6.34228e-04      -2.19388e-03       0.00000e+00
  506               6.92279e-04      -2.67206e-03       0.00000e+00
  507               7.47302e-04      -3.19020e-03       0.00000e+00
  508               8.00086e-04      -3.74715e-03       0.00000e+00
  509               8.50066e-04      -4.34058e-03       0.00000e+00
  510               8.97647e-04      -4.96901e-03       0.00000e+00
  511               9.42539e-04      -5.63035e-03       0.00000e+00
  512               9.84950e-04      -6.32296e-03       0.00000e+00
  513               1.02473e-03      -7.04486e-03       0.00000e+00
  514               1.06199e-03      -7.79431e-03       0.00000e+00
  515               1.09664e-03      -8.56942e-03       0.00000e+00
  516               1.12876e-03      -9.36839e-03       0.00000e+00
  517               1.15827e-03      -1.01894e-02       0.00000e+00
  518               1.18526e-03      -1.10305e-02       0.00000e+00
  519               1.20963e-03      -1.18900e-02       0.00000e+00
  520               1.23149e-03      -1.27660e-02       0.00000e+00
  521               1.25071e-03      -1.36567e-02       0.00000e+00
  522               1.26746e-03      -1.45602e-02       0.00000e+00
  523               1.28152e-03      -1.54748e-02       0.00000e+00
  524               1.29315e-03      -1.63985e-02       0.00000e+00
  525               1.30206e-03      -1.73295e-02       0.00000e+00
  526               1.30850e-03      -1.82662e-02       0.00000e+00
  527               1.31251e-03      -1.92057e-02       0.00000e+00
  528               1.31397e-03      -2.01502e-02       0.00000e+00
  529               0.00000e+00       0.00000e+00       0.00000e+00
  530               9.51054e-05      -5.40018e-05       0.00000e+00
  531               1.79117e-04      -1.35280e-04       0.00000e+00
  532               2.69059e-04      -2.82427e-04       0.00000e+00
  533               3.50674e-04      -4.77762e-04       0.00000e+00
  534               4.32723e-04      -7.27337e-04       0.00000e+00
  535               5.09595e-04      -1.02468e-03       0.00000e+00
  536               5.85056e-04      -1.37081e-03       0.00000e+00
  537               6.56540e-04      -1.76211e-03       0.00000e+00
  538               7.25805e-04      -2.19788e-03       0.00000e+00
  539               7.91640e-04      -2.67555e-03       0.00000e+00
  540               8.54884e-04      -3.19377e-03       0.00000e+00
  541               9.14953e-04      -3.75038e-03       0.00000e+00
  542               9.72255e-04      -4.34376e-03       0.00000e+00
  543               1.02650e-03      -4.97194e-03       0.00000e+00
  544               1.07790e-03      -5.63318e-03       0.00000e+00
  545               1.12630e-03      -6.32558e-03       0.00000e+00
  546               1.17181e-03      -7.04734e-03       0.00000e+00
  547               1.21436e-03      -7.79661e-03       0.00000e+00
  548               1.25399e-03      -8.57157e-03       0.00000e+00
  549               1.29067e-03      -9.37037e-03       0.00000e+00
  550               1.32443e-03      -1.01912e-02       0.00000e+00
  551               1.35524e-03      -1.10322e-02       0.00000e+00
  552               1.38314e-03      -1.18915e-02       0.00000e+00
  553               1.40806e-03      -1.27674e-02       0.00000e+00
  554               1.43011e-03      -1.36579e-02       0.00000e+00
  555               1.44914e-03      -1.45613e-02       0.00000e+00
  556               1.46534e-03      -1.54755e-02       0.00000e+00
  557               1.47847e-03      -1.63993e-02       0.00000e+00
  558               1.48886e-03      -1.73299e-02       0.00000e+00
  559               1.49599e-03      -1.82667e-02       0.00000e+00
  560               1.50062e-03      -1.92055e-02       0.00000e+00
  561               1.50338e-03      -2.01508e-02       0.00000e+00

 S T R E S S  C A L C U L A T I O N S  F O R  E L E M E N T  G R O U P    1

  ELEMENT            SIGMA-X           SIGMA-Y          TAU-XY
  NUMBER
    1      -5.68251e+07      -3.38777e+06      -2.51369e+06
    2      -5.17334e+07       2.17990e+06       1.36398e+06
    3      -5.28094e+07      -1.40780e+06      -1.01322e+06
    4      -4.98239e+07       9.34527e+05       3.07317e+05
    5      -4.86116e+07      -6.30628e+05      -4.79800e+05
    6      -4.65660e+07       4.29491e+05       1.40618e+04
    7      -4.49608e+07      -2.94543e+05      -3.02265e+05
    8      -4.31148e+07       2.03207e+05      -9.72544e+04
    9      -4.13997e+07      -1.40921e+05      -2.31542e+05
   10      -3.96142e+07       9.81740e+04      -1.42749e+05
   11      -3.78660e+07      -6.86868e+04      -2.01898e+05
   12      -3.60985e+07       4.82696e+04      -1.62283e+05
   13      -3.43405e+07      -3.40998e+04      -1.88905e+05
   14      -3.25783e+07       2.42636e+04      -1.71002e+05
   15      -3.08176e+07      -1.74592e+04      -1.82997e+05
   16      -2.90567e+07       1.28026e+04      -1.75061e+05
   17      -2.72955e+07      -9.69882e+03      -1.80143e+05
   18      -2.55347e+07       7.75851e+03      -1.77153e+05
   19      -2.37736e+07      -6.74360e+03      -1.78493e+05
   20      -2.20124e+07       6.53554e+03      -1.78607e+05
   21      -2.02519e+07      -7.12019e+03      -1.77014e+05
   22      -1.84898e+07       8.58779e+03      -1.80340e+05
   23      -1.67309e+07      -1.11484e+04      -1.74752e+05
   24      -1.49662e+07       1.51667e+04      -1.83513e+05
   25      -1.32117e+07      -2.12224e+04      -1.70102e+05
   26      -1.14394e+07       3.02093e+04      -1.90508e+05
   27      -9.69760e+06      -4.34820e+04      -1.59444e+05
   28      -7.90378e+06       6.30941e+04      -2.06915e+05
   29      -6.20502e+06      -9.23926e+04      -1.32699e+05
   30      -4.30095e+06       1.37815e+05      -2.57442e+05
   31      -2.82584e+06      -2.10488e+05      -3.82180e+04
   32      -1.26052e+06       3.00536e+05      -2.67036e+05
   33      -4.79931e+07      -4.32128e+06      -2.62133e+06
   34      -4.70121e+07       1.90872e+06       3.65922e+05
   35      -4.43265e+07      -6.97331e+05      -4.84397e+05
   36      -4.40438e+07       2.08124e+05      -7.38661e+05
   37      -4.16064e+07      -7.10352e+03      -2.74396e+05
   38      -4.06789e+07      -7.30436e+04      -7.00594e+05
   39      -3.87679e+07       9.72464e+04      -3.55204e+05
   40      -3.74882e+07      -9.59475e+04      -6.21638e+05
   41      -3.58045e+07       8.44321e+04      -4.22130e+05
   42      -3.43786e+07      -7.00933e+04      -5.68684e+05
   43      -3.27887e+07       5.62425e+04      -4.62345e+05
   44      -3.13028e+07      -4.41733e+04      -5.38866e+05
   45      -2.97511e+07       3.42226e+04      -4.84156e+05
   46      -2.82410e+07      -2.63009e+04      -5.23024e+05
   47      -2.67046e+07       2.01525e+04      -4.95638e+05
   48      -2.51850e+07      -1.54815e+04      -5.14676e+05
   49      -2.36544e+07       1.20072e+04      -5.01773e+05
   50      -2.21314e+07      -9.48563e+03      -5.10067e+05
   51      -2.06025e+07       7.71073e+03      -5.05375e+05
   52      -1.90791e+07      -6.50577e+03      -5.07072e+05
   53      -1.75493e+07       5.70543e+03      -5.08080e+05
   54      -1.60281e+07      -5.12719e+03      -5.04401e+05
   55      -1.44947e+07       4.52428e+03      -5.10916e+05
   56      -1.29792e+07      -3.50442e+03      -5.01283e+05
   57      -1.14370e+07       1.38531e+03      -5.14262e+05
   58      -9.93440e+06       3.05571e+03      -4.98100e+05
   59      -8.37364e+06      -1.19894e+04      -5.16288e+05
   60      -6.89693e+06       2.93028e+04      -4.99612e+05
   61      -5.30610e+06      -6.31460e+04      -5.02726e+05
   62      -3.83251e+06       1.35196e+05      -5.59325e+05
   63      -2.36692e+06      -2.92631e+05      -3.22687e+05
   64      -6.89992e+05       4.92506e+05      -6.45591e+05
   65      -4.01963e+07      -4.54736e+06      -1.73370e+06
   66      -4.01598e+07       1.42867e+06      -7.11176e+05
   67      -3.77675e+07      -1.81573e+05      -4.20563e+05
   68      -3.68462e+07      -9.00390e+04      -1.06709e+06
   69      -3.55865e+07       1.10417e+05      -6.50555e+05
   70      -3.41204e+07      -8.25822e+04      -8.40062e+05
   71      -3.30276e+07       5.05407e+04      -7.82293e+05
   72      -3.15587e+07      -2.47744e+04      -7.73797e+05
   73      -3.04109e+07       7.18183e+03      -8.11851e+05
   74      -2.90094e+07       3.40666e+03      -7.64081e+05
   75      -2.77998e+07      -8.95113e+03      -8.11377e+05
   76      -2.64488e+07       1.12255e+04      -7.69217e+05
   77      -2.52002e+07      -1.15508e+04      -8.04624e+05
   78      -2.38783e+07       1.08186e+04      -7.76026e+05
   79      -2.26086e+07      -9.59133e+03      -7.98470e+05
   80      -2.13017e+07       8.20031e+03      -7.81275e+05
   81      -2.00216e+07      -6.82227e+03      -7.94146e+05
   82      -1.87217e+07       5.53230e+03      -7.84756e+05
   83      -1.74370e+07      -4.33816e+03      -7.91399e+05
   84      -1.61397e+07       3.20062e+03      -7.86858e+05
   85      -1.48541e+07      -2.04479e+03      -7.89902e+05
   86      -1.35566e+07       7.67470e+02      -7.87709e+05
   87      -1.22720e+07       7.50639e+02      -7.89861e+05
   88      -1.09729e+07      -2.61024e+03      -7.86604e+05
   89      -9.68957e+06       4.80090e+03      -7.92686e+05
   90      -8.39120e+06      -6.99984e+03      -7.81142e+05
   91      -7.10201e+06       8.21034e+03      -8.02245e+05
   92      -5.82101e+06      -5.87351e+03      -7.65533e+05
   93      -4.49083e+06      -8.71207e+03      -8.21940e+05
   94      -3.29057e+06       7.09348e+04      -7.71959e+05
   95      -1.86593e+06      -2.78022e+05      -6.92708e+05
   96      -4.98731e+05       5.68092e+05      -8.82585e+05
   97      -3.26295e+07      -4.14618e+06      -1.06070e+06
   98      -3.30367e+07       9.25785e+05      -1.29924e+06
   99      -3.10392e+07       1.22623e+05      -7.14381e+05
  100      -3.00529e+07      -1.77850e+05      -1.15599e+06
  101      -2.91162e+07       9.60873e+04      -1.00158e+06
  102      -2.79704e+07      -4.16414e+04      -1.00714e+06
  103      -2.69495e+07       1.41867e+04      -1.04505e+06
  104      -2.58948e+07      -1.81097e+03      -1.00717e+06
  105      -2.48154e+07      -2.55048e+03      -1.03287e+06
  106      -2.37905e+07       2.98817e+03      -1.01980e+06
  107      -2.27007e+07      -1.86611e+03      -1.02325e+06
  108      -2.16747e+07       4.17878e+02      -1.02603e+06
  109      -2.05917e+07       8.14550e+02      -1.01980e+06
  110      -1.95569e+07      -1.66215e+03      -1.02750e+06
  111      -1.84828e+07       2.13038e+03      -1.01958e+06
  112      -1.74400e+07      -2.29034e+03      -1.02702e+06
  113      -1.63726e+07       2.22570e+03      -1.02040e+06
  114      -1.53245e+07      -2.01103e+03      -1.02611e+06
  115      -1.42612e+07       1.70714e+03      -1.02122e+06
  116      -1.32098e+07      -1.36602e+03      -1.02548e+06
  117      -1.21492e+07       1.04240e+03      -1.02160e+06
  118      -1.10955e+07      -8.11855e+02      -1.02539e+06
  119      -1.00373e+07       7.95356e+02      -1.02141e+06
  120      -8.98057e+06      -1.18696e+03      -1.02574e+06
  121      -7.92653e+06       2.27345e+03      -1.02126e+06
  122      -6.86404e+06      -4.44542e+03      -1.02480e+06
  123      -5.81724e+06       8.26094e+03      -1.02538e+06
  124      -4.74822e+06      -1.42603e+04      -1.01315e+06
  125      -3.69595e+06       1.80327e+04      -1.04992e+06
  126      -2.68659e+06       1.91552e+04      -9.86314e+05
  127      -1.45569e+06      -2.31637e+05      -1.01052e+06
  128      -3.67524e+05       5.60683e+05      -1.05533e+06
  129      -2.52495e+07      -3.46147e+06      -4.94045e+05
  130      -2.57375e+07       5.64442e+05      -1.68320e+06
  131      -2.42656e+07       2.27354e+05      -1.02135e+06
  132      -2.33109e+07      -1.55635e+05      -1.24282e+06
  133      -2.26556e+07       4.75998e+04      -1.22947e+06
  134      -2.17594e+07      -4.54169e+03      -1.18974e+06
  135      -2.09599e+07      -6.55140e+03      -1.22496e+06
  136      -2.01341e+07       7.30085e+03      -1.20504e+06
  137      -1.93127e+07      -5.44279e+03      -1.21319e+06
  138      -1.84890e+07       3.43642e+03      -1.21144e+06
  139      -1.76715e+07      -1.97249e+03      -1.21068e+06
  140      -1.68434e+07       1.10610e+03      -1.21178e+06
  141      -1.60290e+07      -6.87216e+02      -1.21128e+06
  142      -1.51996e+07       5.40905e+02      -1.21095e+06
  143      -1.43850e+07      -5.30875e+02      -1.21201e+06
  144      -1.35567e+07       5.70280e+02      -1.21043e+06
  145      -1.27406e+07      -6.13443e+02      -1.21231e+06
  146      -1.19140e+07       6.43777e+02      -1.21031e+06
  147      -1.10960e+07      -6.63361e+02      -1.21230e+06
  148      -1.02713e+07       6.84944e+02      -1.21041e+06
  149      -9.45163e+06      -7.24802e+02      -1.21211e+06
  150      -8.62839e+06       7.93058e+02      -1.21073e+06
  151      -7.80739e+06      -8.76124e+02      -1.21158e+06
  152      -6.98517e+06       9.03385e+02      -1.21157e+06
  153      -6.16394e+06      -6.81724e+02      -1.21037e+06
  154      -5.34026e+06      -2.69676e+02      -1.21299e+06
  155      -4.52396e+06       3.20814e+03      -1.20971e+06
  156      -3.68923e+06      -1.09509e+04      -1.20980e+06
  157      -2.88673e+06       2.41682e+04      -1.22377e+06
  158      -2.07919e+06      -9.45836e+03      -1.17629e+06
  159      -1.09229e+06      -1.77834e+05      -1.26467e+06
  160      -2.69417e+05       4.93108e+05      -1.18269e+06
  161      -1.79700e+07      -2.58064e+06      -8.42774e+04
  162      -1.83980e+07       3.13115e+05      -1.90748e+06
  163      -1.73908e+07       2.24605e+05      -1.29131e+06
  164      -1.66376e+07      -1.10304e+05      -1.31634e+06
  165      -1.61690e+07       1.68602e+04      -1.38099e+06
  166      -1.55581e+07       8.16952e+03      -1.33839e+06
  167      -1.49607e+07      -8.47167e+03      -1.35702e+06
  168      -1.43878e+07       4.67054e+03      -1.35159e+06
  169      -1.37905e+07      -1.78685e+03      -1.35132e+06
  170      -1.32100e+07       2.38007e+02      -1.35330e+06
  171      -1.26189e+07       4.11095e+02      -1.35134e+06
  172      -1.20349e+07      -5.83267e+02      -1.35276e+06
  173      -1.14453e+07       5.52277e+02      -1.35185e+06
  174      -1.08607e+07      -4.63573e+02      -1.35245e+06
  175      -1.02714e+07       3.80449e+02      -1.35199e+06
  176      -9.68664e+06      -3.22238e+02      -1.35242e+06
  177      -9.09750e+06       2.88444e+02      -1.35196e+06
  178      -8.51246e+06      -2.71328e+02      -1.35246e+06
  179      -7.92371e+06       2.60856e+02      -1.35195e+06
  180      -7.33824e+06      -2.45050e+02      -1.35243e+06
  181      -6.74989e+06       2.07763e+02      -1.35201e+06
  182      -6.16413e+06      -1.25866e+02      -1.35236e+06
  183      -5.57588e+06      -3.05650e+01      -1.35203e+06
  184      -4.99025e+06       2.86401e+02      -1.35250e+06
  185      -4.40172e+06      -6.11274e+02      -1.35156e+06
  186      -3.81596e+06       7.29346e+02      -1.35352e+06
  187      -3.22992e+06       5.27093e+02      -1.34980e+06
  188      -2.63475e+06      -6.55080e+03      -1.35564e+06
  189      -2.06775e+06       2.09380e+04      -1.35166e+06
  190      -1.47702e+06      -1.96329e+04      -1.32843e+06
  191      -7.61421e+05      -1.24141e+05      -1.45324e+06
  192      -1.84857e+05       3.81811e+05      -1.27356e+06
  193      -1.07581e+07      -1.58931e+06       1.87082e+05
  194      -1.10401e+07       1.52349e+05      -2.03585e+06
  195      -1.04589e+07       1.55748e+05      -1.47912e+06
  196      -9.97797e+06      -6.22597e+04      -1.37676e+06
  197      -9.69713e+06       2.00547e+03      -1.47037e+06
  198      -9.33787e+06       9.27182e+03      -1.44280e+06
  199      -8.97634e+06      -6.17180e+03      -1.44441e+06
  200      -8.63104e+06       2.50933e+03      -1.44805e+06
  201      -8.27652e+06      -5.79468e+02      -1.44488e+06
  202      -7.92387e+06      -1.13091e+02      -1.44673e+06
  203      -7.57322e+06       2.20006e+02      -1.44592e+06
  204      -7.21927e+06      -1.28560e+02      -1.44612e+06
  205      -6.86866e+06       1.33413e+01      -1.44622e+06
  206      -6.51510e+06       6.84856e+01      -1.44600e+06
  207      -6.16407e+06      -1.11313e+02      -1.44624e+06
  208      -5.81084e+06       1.25747e+02      -1.44602e+06
  209      -5.45956e+06      -1.23305e+02      -1.44622e+06
  210      -5.10651e+06       1.11774e+02      -1.44603e+06
  211      -4.75510e+06      -9.54581e+01      -1.44621e+06
  212      -4.40216e+06       7.76551e+01      -1.44602e+06
  213      -4.05063e+06      -6.46888e+01      -1.44624e+06
  214      -3.69786e+06       7.16185e+01      -1.44597e+06
  215      -3.34605e+06      -1.29025e+02      -1.44631e+06
  216      -2.99377e+06       2.86189e+02      -1.44589e+06
  217      -2.64119e+06      -5.89772e+02      -1.44632e+06
  218      -2.28978e+06       9.52127e+02      -1.44623e+06
  219      -1.93745e+06      -6.37938e+02      -1.44477e+06
  220      -1.58093e+06      -2.92156e+03      -1.45101e+06
  221      -1.24273e+06       1.33588e+04      -1.43723e+06
  222      -8.82468e+05      -1.66613e+04      -1.43336e+06
  223      -4.49886e+05      -7.30472e+04      -1.57799e+06
  224      -1.08245e+05       2.40715e+05      -1.33220e+06
  225      -3.58205e+06      -5.36047e+05       3.20671e+05
  226      -3.68025e+06       4.46507e+04      -2.09295e+06
  227      -3.48989e+06       5.52835e+04      -1.57567e+06
  228      -3.32595e+06      -2.00063e+04      -1.40965e+06
  229      -3.23103e+06      -5.62581e+02      -1.51284e+06
  230      -3.11368e+06       3.58532e+03      -1.49533e+06
  231      -2.99153e+06      -2.00661e+03      -1.48880e+06
  232      -2.87738e+06       5.99800e+02      -1.49546e+06
  233      -2.75850e+06       3.80894e+01      -1.49222e+06
  234      -2.64169e+06      -2.10625e+02      -1.49322e+06
  235      -2.52395e+06       1.96461e+02      -1.49319e+06
  236      -2.40691e+06      -1.38874e+02      -1.49295e+06
  237      -2.28906e+06       9.13285e+01      -1.49317e+06
  238      -2.17218e+06      -6.43638e+01      -1.49305e+06
  239      -2.05423e+06       5.32763e+01      -1.49308e+06
  240      -1.93737e+06      -5.09324e+01      -1.49310e+06
  241      -1.81946e+06       5.22028e+01      -1.49305e+06
  242      -1.70253e+06      -5.45876e+01      -1.49311e+06
  243      -1.58470e+06       5.74621e+01      -1.49305e+06
  244      -1.46769e+06      -6.08567e+01      -1.49312e+06
  245      -1.34995e+06       6.37952e+01      -1.49305e+06
  246      -1.23285e+06      -6.18120e+01      -1.49309e+06
  247      -1.11516e+06       4.34303e+01      -1.49314e+06
  248      -9.98093e+05       1.31550e+01      -1.49290e+06
  249      -8.80227e+05      -1.35643e+02      -1.49343e+06
  250      -7.63454e+05       3.12487e+02      -1.49272e+06
  251      -6.45584e+05      -3.01093e+02      -1.49236e+06
  252      -5.27140e+05      -8.38800e+02      -1.49835e+06
  253      -4.14461e+05       4.58338e+03      -1.48006e+06
  254      -2.93576e+05      -6.38406e+03      -1.48688e+06
  255      -1.48783e+05      -2.40562e+04      -1.63997e+06
  256      -3.57258e+04       8.21468e+04      -1.36101e+06
  257       3.58205e+06       5.36047e+05       3.20671e+05
  258       3.68025e+06      -4.46507e+04      -2.09295e+06
  259       3.48989e+06      -5.52835e+04      -1.57567e+06
  260       3.32595e+06       2.00063e+04      -1.40965e+06
  261       3.23103e+06       5.62581e+02      -1.51284e+06
  262       3.11368e+06      -3.58532e+03      -1.49533e+06
  263       2.99153e+06       2.00661e+03      -1.48880e+06
  264       2.87738e+06      -5.99800e+02      -1.49546e+06
  265       2.75850e+06      -3.80894e+01      -1.49222e+06
  266       2.64169e+06       2.10625e+02      -1.49322e+06
  267       2.52395e+06      -1.96461e+02      -1.49319e+06
  268       2.40691e+06       1.38874e+02      -1.49295e+06
  269       2.28906e+06      -9.13285e+01      -1.49317e+06
  270       2.17218e+06       6.43638e+01      -1.49305e+06
  271       2.05423e+06      -5.32763e+01      -1.49308e+06
  272       1.93737e+06       5.09324e+01      -1.49310e+06
  273       1.81946e+06      -5.22028e+01      -1.49305e+06
  274       1.70253e+06       5.45877e+01      -1.49311e+06
  275       1.58470e+06      -5.74622e+01      -1.49305e+06
  276       1.46769e+06       6.08568e+01      -1.49312e+06
  277       1.34995e+06      -6.37952e+01      -1.49305e+06
  278       1.23285e+06       6.18119e+01      -1.49309e+06
  279       1.11516e+06      -4.34303e+01      -1.49314e+06
  280       9.98093e+05      -1.31549e+01      -1.49290e+06
  281       8.80227e+05       1.35643e+02      -1.49343e+06
  282       7.63454e+05      -3.12487e+02      -1.49272e+06
  283       6.45584e+05       3.01093e+02      -1.49236e+06
  284       5.27140e+05       8.38800e+02      -1.49835e+06
  285       4.14461e+05      -4.58338e+03      -1.48006e+06
  286       2.93576e+05       6.38406e+03      -1.48688e+06
  287       1.48783e+05       2.40562e+04      -1.63997e+06
  288       3.57258e+04      -8.21468e+04      -1.36101e+06
  289       1.07581e+07       1.58931e+06       1.87082e+05
  290       1.10401e+07      -1.52349e+05      -2.03585e+06
  291       1.04589e+07      -1.55748e+05      -1.47912e+06
  292       9.97797e+06       6.22597e+04      -1.37676e+06
  293       9.69713e+06      -2.00547e+03      -1.47037e+06
  294       9.33787e+06      -9.27182e+03      -1.44280e+06
  295       8.97634e+06       6.17180e+03      -1.44441e+06
  296       8.63104e+06      -2.50933e+03      -1.44805e+06
  297       8.27652e+06       5.79468e+02      -1.44488e+06
  298       7.92387e+06       1.13091e+02      -1.44673e+06
  299       7.57322e+06      -2.20006e+02      -1.44592e+06
  300       7.21927e+06       1.28560e+02      -1.44612e+06
  301       6.86866e+06      -1.33414e+01      -1.44622e+06
  302       6.51510e+06      -6.84856e+01      -1.44600e+06
  303       6.16407e+06       1.11313e+02      -1.44624e+06
  304       5.81084e+06      -1.25747e+02      -1.44602e+06
  305       5.45956e+06       1.23305e+02      -1.44622e+06
  306       5.10651e+06      -1.11774e+02      -1.44603e+06
  307       4.75510e+06       9.54581e+01      -1.44621e+06
  308       4.40216e+06      -7.76551e+01      -1.44602e+06
  309       4.05063e+06       6.46888e+01      -1.44624e+06
  310       3.69786e+06      -7.16185e+01      -1.44597e+06
  311       3.34605e+06       1.29025e+02      -1.44631e+06
  312       2.99377e+06      -2.86189e+02      -1.44589e+06
  313       2.64119e+06       5.89772e+02      -1.44632e+06
  314       2.28978e+06      -9.52128e+02      -1.44623e+06
  315       1.93745e+06       6.37938e+02      -1.44477e+06
  316       1.58093e+06       2.92156e+03      -1.45101e+06
  317       1.24273e+06      -1.33588e+04      -1.43723e+06
  318       8.82468e+05       1.66613e+04      -1.43336e+06
  319       4.49886e+05       7.30472e+04      -1.57799e+06
  320       1.08245e+05      -2.40715e+05      -1.33220e+06
  321       1.79700e+07       2.58064e+06      -8.42774e+04
  322       1.83980e+07      -3.13115e+05      -1.90748e+06
  323       1.73908e+07      -2.24605e+05      -1.29131e+06
  324       1.66376e+07       1.10304e+05      -1.31634e+06
  325       1.61690e+07      -1.68602e+04      -1.38099e+06
  326       1.55581e+07      -8.16952e+03      -1.33839e+06
  327       1.49607e+07       8.47167e+03      -1.35702e+06
  328       1.43878e+07      -4.67054e+03      -1.35159e+06
  329       1.37905e+07       1.78685e+03      -1.35132e+06
  330       1.32100e+07      -2.38007e+02      -1.35330e+06
  331       1.26189e+07      -4.11095e+02      -1.35134e+06
  332       1.20349e+07       5.83267e+02      -1.35276e+06
  333       1.14453e+07      -5.52277e+02      -1.35185e+06
  334       1.08607e+07       4.63573e+02      -1.35245e+06
  335       1.02714e+07      -3.80449e+02      -1.35199e+06
  336       9.68664e+06       3.22238e+02      -1.35242e+06
  337       9.09750e+06      -2.88444e+02      -1.35196e+06
  338       8.51246e+06       2.71328e+02      -1.35246e+06
  339       7.92371e+06      -2.60856e+02      -1.35195e+06
  340       7.33824e+06       2.45050e+02      -1.35243e+06
  341       6.74989e+06      -2.07763e+02      -1.35201e+06
  342       6.16413e+06       1.25866e+02      -1.35236e+06
  343       5.57588e+06       3.05650e+01      -1.35203e+06
  344       4.99025e+06      -2.86401e+02      -1.35250e+06
  345       4.40172e+06       6.11274e+02      -1.35156e+06
  346       3.81596e+06      -7.29346e+02      -1.35352e+06
  347       3.22992e+06      -5.27094e+02      -1.34980e+06
  348       2.63475e+06       6.55080e+03      -1.35564e+06
  349       2.06775e+06      -2.09380e+04      -1.35166e+06
  350       1.47702e+06       1.96329e+04      -1.32843e+06
  351       7.61421e+05       1.24141e+05      -1.45324e+06
  352       1.84857e+05      -3.81811e+05      -1.27356e+06
  353       2.52495e+07       3.46147e+06      -4.94045e+05
  354       2.57375e+07      -5.64442e+05      -1.68320e+06
  355       2.42656e+07      -2.27354e+05      -1.02135e+06
  356       2.33109e+07       1.55635e+05      -1.24282e+06
  357       2.26556e+07      -4.75998e+04      -1.22947e+06
  358       2.17594e+07       4.54169e+03      -1.18974e+06
  359       2.09599e+07       6.55140e+03      -1.22496e+06
  360       2.01341e+07      -7.30085e+03      -1.20504e+06
  361       1.93127e+07       5.44279e+03      -1.21319e+06
  362       1.84890e+07      -3.43642e+03      -1.21144e+06
  363       1.76715e+07       1.97249e+03      -1.21068e+06
  364       1.68434e+07      -1.10610e+03      -1.21178e+06
  365       1.60290e+07       6.87216e+02      -1.21128e+06
  366       1.51996e+07      -5.40905e+02      -1.21095e+06
  367       1.43850e+07       5.30875e+02      -1.21201e+06
  368       1.35567e+07      -5.70280e+02      -1.21043e+06
  369       1.27406e+07       6.13443e+02      -1.21231e+06
  370       1.19140e+07      -6.43777e+02      -1.21031e+06
  371       1.10960e+07       6.63361e+02      -1.21230e+06
  372       1.02713e+07      -6.84944e+02      -1.21041e+06
  373       9.45163e+06       7.24802e+02      -1.21211e+06
  374       8.62839e+06      -7.93058e+02      -1.21073e+06
  375       7.80739e+06       8.76124e+02      -1.21158e+06
  376       6.98517e+06      -9.03385e+02      -1.21157e+06
  377       6.16394e+06       6.81724e+02      -1.21037e+06
  378       5.34026e+06       2.69676e+02      -1.21299e+06
  379       4.52396e+06      -3.20814e+03      -1.20971e+06
  380       3.68923e+06       1.09509e+04      -1.20980e+06
  381       2.88673e+06      -2.41682e+04      -1.22377e+06
  382       2.07919e+06       9.45836e+03      -1.17629e+06
  383       1.09229e+06       1.77834e+05      -1.26467e+06
  384       2.69417e+05      -4.93108e+05      -1.18269e+06
  385       3.26295e+07       4.14618e+06      -1.06070e+06
  386       3.30367e+07      -9.25785e+05      -1.29924e+06
  387       3.10392e+07      -1.22623e+05      -7.14381e+05
  388       3.00529e+07       1.77850e+05      -1.15599e+06
  389       2.91162e+07      -9.60873e+04      -1.00158e+06
  390       2.79704e+07       4.16414e+04      -1.00714e+06
  391       2.69495e+07      -1.41867e+04      -1.04505e+06
  392       2.58948e+07       1.81097e+03      -1.00717e+06
  393       2.48154e+07       2.55048e+03      -1.03287e+06
  394       2.37905e+07      -2.98817e+03      -1.01980e+06
  395       2.27007e+07       1.86611e+03      -1.02325e+06
  396       2.16747e+07      -4.17878e+02      -1.02603e+06
  397       2.05917e+07      -8.14550e+02      -1.01980e+06
  398       1.95569e+07       1.66215e+03      -1.02750e+06
  399       1.84828e+07      -2.13038e+03      -1.01958e+06
  400       1.74400e+07       2.29034e+03      -1.02702e+06
  401       1.63726e+07      -2.22570e+03      -1.02040e+06
  402       1.53245e+07       2.01103e+03      -1.02611e+06
  403       1.42612e+07      -1.70714e+03      -1.02122e+06
  404       1.32098e+07       1.36602e+03      -1.02548e+06
  405       1.21492e+07      -1.04240e+03      -1.02160e+06
  406       1.10955e+07       8.11855e+02      -1.02539e+06
  407       1.00373e+07      -7.95356e+02      -1.02141e+06
  408       8.98057e+06       1.18696e+03      -1.02574e+06
  409       7.92653e+06      -2.27345e+03      -1.02126e+06
  410       6.86404e+06       4.44542e+03      -1.02480e+06
  411       5.81724e+06      -8.26094e+03      -1.02538e+06
  412       4.74822e+06       1.42603e+04      -1.01315e+06
  413       3.69595e+06      -1.80327e+04      -1.04992e+06
  414       2.68659e+06      -1.91552e+04      -9.86314e+05
  415       1.45569e+06       2.31637e+05      -1.01052e+06
  416       3.67524e+05      -5.60683e+05      -1.05533e+06
  417       4.01963e+07       4.54736e+06      -1.73370e+06
  418       4.01598e+07      -1.42867e+06      -7.11176e+05
  419       3.77675e+07       1.81573e+05      -4.20563e+05
  420       3.68462e+07       9.00390e+04      -1.06709e+06
  421       3.55865e+07      -1.10417e+05      -6.50555e+05
  422       3.41204e+07       8.25822e+04      -8.40062e+05
  423       3.30276e+07      -5.05407e+04      -7.82293e+05
  424       3.15587e+07       2.47744e+04      -7.73797e+05
  425       3.04109e+07      -7.18183e+03      -8.11851e+05
  426       2.90094e+07      -3.40666e+03      -7.64081e+05
  427       2.77998e+07       8.95113e+03      -8.11377e+05
  428       2.64488e+07      -1.12255e+04      -7.69217e+05
  429       2.52002e+07       1.15508e+04      -8.04624e+05
  430       2.38783e+07      -1.08186e+04      -7.76026e+05
  431       2.26086e+07       9.59133e+03      -7.98470e+05
  432       2.13017e+07      -8.20031e+03      -7.81275e+05
  433       2.00216e+07       6.82227e+03      -7.94146e+05
  434       1.87217e+07      -5.53230e+03      -7.84756e+05
  435       1.74370e+07       4.33816e+03      -7.91399e+05
  436       1.61397e+07      -3.20062e+03      -7.86858e+05
  437       1.48541e+07       2.04479e+03      -7.89902e+05
  438       1.35566e+07      -7.67470e+02      -7.87709e+05
  439       1.22720e+07      -7.50638e+02      -7.89861e+05
  440       1.09729e+07       2.61024e+03      -7.86604e+05
  441       9.68957e+06      -4.80090e+03      -7.92686e+05
  442       8.39120e+06       6.99984e+03      -7.81142e+05
  443       7.10201e+06      -8.21034e+03      -8.02245e+05
  444       5.82101e+06       5.87351e+03      -7.65533e+05
  445       4.49083e+06       8.71207e+03      -8.21940e+05
  446       3.29057e+06      -7.09348e+04      -7.71959e+05
  447       1.86593e+06       2.78022e+05      -6.92708e+05
  448       4.98731e+05      -5.68092e+05      -8.82585e+05
  449       4.79931e+07       4.32128e+06      -2.62133e+06
  450       4.70121e+07      -1.90872e+06       3.65922e+05
  451       4.43265e+07       6.97331e+05      -4.84397e+05
  452       4.40438e+07      -2.08124e+05      -7.38661e+05
  453       4.16064e+07       7.10352e+03      -2.74396e+05
  454       4.06789e+07       7.30436e+04      -7.00594e+05
  455       3.87679e+07      -9.72464e+04      -3.55204e+05
  456       3.74882e+07       9.59475e+04      -6.21638e+05
  457       3.58045e+07      -8.44321e+04      -4.22130e+05
  458       3.43786e+07       7.00933e+04      -5.68684e+05
  459       3.27887e+07      -5.62425e+04      -4.62345e+05
  460       3.13028e+07       4.41733e+04      -5.38866e+05
  461       2.97511e+07      -3.42226e+04      -4.84156e+05
  462       2.82410e+07       2.63009e+04      -5.23024e+05
  463       2.67046e+07      -2.01525e+04      -4.95638e+05
  464       2.51850e+07       1.54815e+04      -5.14676e+05
  465       2.36544e+07      -1.20072e+04      -5.01773e+05
  466       2.21314e+07       9.48563e+03      -5.10067e+05
  467       2.06025e+07      -7.71073e+03      -5.05375e+05
  468       1.90791e+07       6.50577e+03      -5.07072e+05
  469       1.75493e+07      -5.70543e+03      -5.08080e+05
  470       1.60281e+07       5.12719e+03      -5.04401e+05
  471       1.44947e+07      -4.52428e+03      -5.10916e+05
  472       1.29792e+07       3.50442e+03      -5.01283e+05
  473       1.14370e+07      -1.38531e+03      -5.14262e+05
  474       9.93440e+06      -3.05571e+03      -4.98100e+05
  475       8.37364e+06       1.19894e+04      -5.16288e+05
  476       6.89693e+06      -2.93028e+04      -4.99612e+05
  477       5.30610e+06       6.31460e+04      -5.02726e+05
  478       3.83251e+06      -1.35196e+05      -5.59325e+05
  479       2.36692e+06       2.92631e+05      -3.22687e+05
  480       6.89992e+05      -4.92506e+05      -6.45591e+05
  481       5.68251e+07       3.38777e+06      -2.51369e+06
  482       5.17334e+07      -2.17990e+06       1.36398e+06
  483       5.28094e+07       1.40780e+06      -1.01322e+06
  484       4.98239e+07      -9.34527e+05       3.07317e+05
  485       4.86116e+07       6.30628e+05      -4.79800e+05
  486       4.65660e+07      -4.29491e+05       1.40618e+04
  487       4.49608e+07       2.94543e+05      -3.02265e+05
  488       4.31148e+07      -2.03207e+05      -9.72544e+04
  489       4.13997e+07       1.40921e+05      -2.31542e+05
  490       3.96142e+07      -9.81740e+04      -1.42749e+05
  491       3.78660e+07       6.86868e+04      -2.01898e+05
  492       3.60985e+07      -4.82696e+04      -1.62283e+05
  493       3.43405e+07       3.40998e+04      -1.88905e+05
  494       3.25783e+07      -2.42636e+04      -1.71002e+05
  495       3.08176e+07       1.74592e+04      -1.82997e+05
  496       2.90567e+07      -1.28026e+04      -1.75061e+05
  497       2.72955e+07       9.69882e+03      -1.80143e+05
  498       2.55347e+07      -7.75851e+03      -1.77153e+05
  499       2.37736e+07       6.74360e+03      -1.78493e+05
  500       2.20124e+07      -6.53554e+03      -1.78607e+05
  501       2.02519e+07       7.12019e+03      -1.77014e+05
  502       1.84898e+07      -8.58779e+03      -1.80340e+05
  503       1.67309e+07       1.11484e+04      -1.74752e+05
  504       1.49662e+07      -1.51667e+04      -1.83513e+05
  505       1.32117e+07       2.12224e+04      -1.70102e+05
  506       1.14394e+07      -3.02093e+04      -1.90508e+05
  507       9.69760e+06       4.34820e+04      -1.59444e+05
  508       7.90378e+06      -6.30941e+04      -2.06915e+05
  509       6.20502e+06       9.23926e+04      -1.32699e+05
  510       4.30095e+06      -1.37815e+05      -2.57442e+05
  511       2.82584e+06       2.10488e+05      -3.82180e+04
  512       1.26052e+06      -3.00536e+05      -2.67036e+05


 S O L U T I O N   T I M E   L O G   I N   S E C 

     TIME FOR INPUT PHASE = 1.80000e-02
     TIME FOR CALCULATION OF STIFFNESS MATRIX = 1.00000e-03
     TIME FOR FACTORIZATION AND LOAD CASE SOLUTIONS = 1.20000e-02

     T O T A L   S O L U T I O N   T I M E = 3.10000e-02

