TITLE : T3 Cantilever Convergence Test 32x16 Mesh (1024 triangles)
        (12:6:23 on June 2, 2026, Tuesday)

C O N T R O L   I N F O R M A T I O N

      NUMBER OF NODAL POINTS . . . . . . . . . . (NUMNP)  =   561
      NUMBER OF ELEMENT GROUPS . . . . . . . . . (NUMEG)  =     1
      NUMBER OF LOAD CASES . . . . . . . . . . . (NLCASE) =     1
      SOLUTION MODE  . . . . . . . . . . . . . . (MODEX)  =     1
         EQ.0, DATA CHECK
         EQ.1, EXECUTION

 N O D A L   P O I N T   D A T A

    NODE       BOUNDARY                         NODAL POINT
   NUMBER  CONDITION  CODES                     COORDINATES
        1    1    1    1       0.00000e+00    0.00000e+00    0.00000e+00
        2    0    0    1       3.12500e-01    0.00000e+00    0.00000e+00
        3    0    0    1       6.25000e-01    0.00000e+00    0.00000e+00
        4    0    0    1       9.37500e-01    0.00000e+00    0.00000e+00
        5    0    0    1       1.25000e+00    0.00000e+00    0.00000e+00
        6    0    0    1       1.56250e+00    0.00000e+00    0.00000e+00
        7    0    0    1       1.87500e+00    0.00000e+00    0.00000e+00
        8    0    0    1       2.18750e+00    0.00000e+00    0.00000e+00
        9    0    0    1       2.50000e+00    0.00000e+00    0.00000e+00
       10    0    0    1       2.81250e+00    0.00000e+00    0.00000e+00
       11    0    0    1       3.12500e+00    0.00000e+00    0.00000e+00
       12    0    0    1       3.43750e+00    0.00000e+00    0.00000e+00
       13    0    0    1       3.75000e+00    0.00000e+00    0.00000e+00
       14    0    0    1       4.06250e+00    0.00000e+00    0.00000e+00
       15    0    0    1       4.37500e+00    0.00000e+00    0.00000e+00
       16    0    0    1       4.68750e+00    0.00000e+00    0.00000e+00
       17    0    0    1       5.00000e+00    0.00000e+00    0.00000e+00
       18    0    0    1       5.31250e+00    0.00000e+00    0.00000e+00
       19    0    0    1       5.62500e+00    0.00000e+00    0.00000e+00
       20    0    0    1       5.93750e+00    0.00000e+00    0.00000e+00
       21    0    0    1       6.25000e+00    0.00000e+00    0.00000e+00
       22    0    0    1       6.56250e+00    0.00000e+00    0.00000e+00
       23    0    0    1       6.87500e+00    0.00000e+00    0.00000e+00
       24    0    0    1       7.18750e+00    0.00000e+00    0.00000e+00
       25    0    0    1       7.50000e+00    0.00000e+00    0.00000e+00
       26    0    0    1       7.81250e+00    0.00000e+00    0.00000e+00
       27    0    0    1       8.12500e+00    0.00000e+00    0.00000e+00
       28    0    0    1       8.43750e+00    0.00000e+00    0.00000e+00
       29    0    0    1       8.75000e+00    0.00000e+00    0.00000e+00
       30    0    0    1       9.06250e+00    0.00000e+00    0.00000e+00
       31    0    0    1       9.37500e+00    0.00000e+00    0.00000e+00
       32    0    0    1       9.68750e+00    0.00000e+00    0.00000e+00
       33    0    0    1       1.00000e+01    0.00000e+00    0.00000e+00
       34    1    1    1       0.00000e+00    6.25000e-02    0.00000e+00
       35    0    0    1       3.12500e-01    6.25000e-02    0.00000e+00
       36    0    0    1       6.25000e-01    6.25000e-02    0.00000e+00
       37    0    0    1       9.37500e-01    6.25000e-02    0.00000e+00
       38    0    0    1       1.25000e+00    6.25000e-02    0.00000e+00
       39    0    0    1       1.56250e+00    6.25000e-02    0.00000e+00
       40    0    0    1       1.87500e+00    6.25000e-02    0.00000e+00
       41    0    0    1       2.18750e+00    6.25000e-02    0.00000e+00
       42    0    0    1       2.50000e+00    6.25000e-02    0.00000e+00
       43    0    0    1       2.81250e+00    6.25000e-02    0.00000e+00
       44    0    0    1       3.12500e+00    6.25000e-02    0.00000e+00
       45    0    0    1       3.43750e+00    6.25000e-02    0.00000e+00
       46    0    0    1       3.75000e+00    6.25000e-02    0.00000e+00
       47    0    0    1       4.06250e+00    6.25000e-02    0.00000e+00
       48    0    0    1       4.37500e+00    6.25000e-02    0.00000e+00
       49    0    0    1       4.68750e+00    6.25000e-02    0.00000e+00
       50    0    0    1       5.00000e+00    6.25000e-02    0.00000e+00
       51    0    0    1       5.31250e+00    6.25000e-02    0.00000e+00
       52    0    0    1       5.62500e+00    6.25000e-02    0.00000e+00
       53    0    0    1       5.93750e+00    6.25000e-02    0.00000e+00
       54    0    0    1       6.25000e+00    6.25000e-02    0.00000e+00
       55    0    0    1       6.56250e+00    6.25000e-02    0.00000e+00
       56    0    0    1       6.87500e+00    6.25000e-02    0.00000e+00
       57    0    0    1       7.18750e+00    6.25000e-02    0.00000e+00
       58    0    0    1       7.50000e+00    6.25000e-02    0.00000e+00
       59    0    0    1       7.81250e+00    6.25000e-02    0.00000e+00
       60    0    0    1       8.12500e+00    6.25000e-02    0.00000e+00
       61    0    0    1       8.43750e+00    6.25000e-02    0.00000e+00
       62    0    0    1       8.75000e+00    6.25000e-02    0.00000e+00
       63    0    0    1       9.06250e+00    6.25000e-02    0.00000e+00
       64    0    0    1       9.37500e+00    6.25000e-02    0.00000e+00
       65    0    0    1       9.68750e+00    6.25000e-02    0.00000e+00
       66    0    0    1       1.00000e+01    6.25000e-02    0.00000e+00
       67    1    1    1       0.00000e+00    1.25000e-01    0.00000e+00
       68    0    0    1       3.12500e-01    1.25000e-01    0.00000e+00
       69    0    0    1       6.25000e-01    1.25000e-01    0.00000e+00
       70    0    0    1       9.37500e-01    1.25000e-01    0.00000e+00
       71    0    0    1       1.25000e+00    1.25000e-01    0.00000e+00
       72    0    0    1       1.56250e+00    1.25000e-01    0.00000e+00
       73    0    0    1       1.87500e+00    1.25000e-01    0.00000e+00
       74    0    0    1       2.18750e+00    1.25000e-01    0.00000e+00
       75    0    0    1       2.50000e+00    1.25000e-01    0.00000e+00
       76    0    0    1       2.81250e+00    1.25000e-01    0.00000e+00
       77    0    0    1       3.12500e+00    1.25000e-01    0.00000e+00
       78    0    0    1       3.43750e+00    1.25000e-01    0.00000e+00
       79    0    0    1       3.75000e+00    1.25000e-01    0.00000e+00
       80    0    0    1       4.06250e+00    1.25000e-01    0.00000e+00
       81    0    0    1       4.37500e+00    1.25000e-01    0.00000e+00
       82    0    0    1       4.68750e+00    1.25000e-01    0.00000e+00
       83    0    0    1       5.00000e+00    1.25000e-01    0.00000e+00
       84    0    0    1       5.31250e+00    1.25000e-01    0.00000e+00
       85    0    0    1       5.62500e+00    1.25000e-01    0.00000e+00
       86    0    0    1       5.93750e+00    1.25000e-01    0.00000e+00
       87    0    0    1       6.25000e+00    1.25000e-01    0.00000e+00
       88    0    0    1       6.56250e+00    1.25000e-01    0.00000e+00
       89    0    0    1       6.87500e+00    1.25000e-01    0.00000e+00
       90    0    0    1       7.18750e+00    1.25000e-01    0.00000e+00
       91    0    0    1       7.50000e+00    1.25000e-01    0.00000e+00
       92    0    0    1       7.81250e+00    1.25000e-01    0.00000e+00
       93    0    0    1       8.12500e+00    1.25000e-01    0.00000e+00
       94    0    0    1       8.43750e+00    1.25000e-01    0.00000e+00
       95    0    0    1       8.75000e+00    1.25000e-01    0.00000e+00
       96    0    0    1       9.06250e+00    1.25000e-01    0.00000e+00
       97    0    0    1       9.37500e+00    1.25000e-01    0.00000e+00
       98    0    0    1       9.68750e+00    1.25000e-01    0.00000e+00
       99    0    0    1       1.00000e+01    1.25000e-01    0.00000e+00
      100    1    1    1       0.00000e+00    1.87500e-01    0.00000e+00
      101    0    0    1       3.12500e-01    1.87500e-01    0.00000e+00
      102    0    0    1       6.25000e-01    1.87500e-01    0.00000e+00
      103    0    0    1       9.37500e-01    1.87500e-01    0.00000e+00
      104    0    0    1       1.25000e+00    1.87500e-01    0.00000e+00
      105    0    0    1       1.56250e+00    1.87500e-01    0.00000e+00
      106    0    0    1       1.87500e+00    1.87500e-01    0.00000e+00
      107    0    0    1       2.18750e+00    1.87500e-01    0.00000e+00
      108    0    0    1       2.50000e+00    1.87500e-01    0.00000e+00
      109    0    0    1       2.81250e+00    1.87500e-01    0.00000e+00
      110    0    0    1       3.12500e+00    1.87500e-01    0.00000e+00
      111    0    0    1       3.43750e+00    1.87500e-01    0.00000e+00
      112    0    0    1       3.75000e+00    1.87500e-01    0.00000e+00
      113    0    0    1       4.06250e+00    1.87500e-01    0.00000e+00
      114    0    0    1       4.37500e+00    1.87500e-01    0.00000e+00
      115    0    0    1       4.68750e+00    1.87500e-01    0.00000e+00
      116    0    0    1       5.00000e+00    1.87500e-01    0.00000e+00
      117    0    0    1       5.31250e+00    1.87500e-01    0.00000e+00
      118    0    0    1       5.62500e+00    1.87500e-01    0.00000e+00
      119    0    0    1       5.93750e+00    1.87500e-01    0.00000e+00
      120    0    0    1       6.25000e+00    1.87500e-01    0.00000e+00
      121    0    0    1       6.56250e+00    1.87500e-01    0.00000e+00
      122    0    0    1       6.87500e+00    1.87500e-01    0.00000e+00
      123    0    0    1       7.18750e+00    1.87500e-01    0.00000e+00
      124    0    0    1       7.50000e+00    1.87500e-01    0.00000e+00
      125    0    0    1       7.81250e+00    1.87500e-01    0.00000e+00
      126    0    0    1       8.12500e+00    1.87500e-01    0.00000e+00
      127    0    0    1       8.43750e+00    1.87500e-01    0.00000e+00
      128    0    0    1       8.75000e+00    1.87500e-01    0.00000e+00
      129    0    0    1       9.06250e+00    1.87500e-01    0.00000e+00
      130    0    0    1       9.37500e+00    1.87500e-01    0.00000e+00
      131    0    0    1       9.68750e+00    1.87500e-01    0.00000e+00
      132    0    0    1       1.00000e+01    1.87500e-01    0.00000e+00
      133    1    1    1       0.00000e+00    2.50000e-01    0.00000e+00
      134    0    0    1       3.12500e-01    2.50000e-01    0.00000e+00
      135    0    0    1       6.25000e-01    2.50000e-01    0.00000e+00
      136    0    0    1       9.37500e-01    2.50000e-01    0.00000e+00
      137    0    0    1       1.25000e+00    2.50000e-01    0.00000e+00
      138    0    0    1       1.56250e+00    2.50000e-01    0.00000e+00
      139    0    0    1       1.87500e+00    2.50000e-01    0.00000e+00
      140    0    0    1       2.18750e+00    2.50000e-01    0.00000e+00
      141    0    0    1       2.50000e+00    2.50000e-01    0.00000e+00
      142    0    0    1       2.81250e+00    2.50000e-01    0.00000e+00
      143    0    0    1       3.12500e+00    2.50000e-01    0.00000e+00
      144    0    0    1       3.43750e+00    2.50000e-01    0.00000e+00
      145    0    0    1       3.75000e+00    2.50000e-01    0.00000e+00
      146    0    0    1       4.06250e+00    2.50000e-01    0.00000e+00
      147    0    0    1       4.37500e+00    2.50000e-01    0.00000e+00
      148    0    0    1       4.68750e+00    2.50000e-01    0.00000e+00
      149    0    0    1       5.00000e+00    2.50000e-01    0.00000e+00
      150    0    0    1       5.31250e+00    2.50000e-01    0.00000e+00
      151    0    0    1       5.62500e+00    2.50000e-01    0.00000e+00
      152    0    0    1       5.93750e+00    2.50000e-01    0.00000e+00
      153    0    0    1       6.25000e+00    2.50000e-01    0.00000e+00
      154    0    0    1       6.56250e+00    2.50000e-01    0.00000e+00
      155    0    0    1       6.87500e+00    2.50000e-01    0.00000e+00
      156    0    0    1       7.18750e+00    2.50000e-01    0.00000e+00
      157    0    0    1       7.50000e+00    2.50000e-01    0.00000e+00
      158    0    0    1       7.81250e+00    2.50000e-01    0.00000e+00
      159    0    0    1       8.12500e+00    2.50000e-01    0.00000e+00
      160    0    0    1       8.43750e+00    2.50000e-01    0.00000e+00
      161    0    0    1       8.75000e+00    2.50000e-01    0.00000e+00
      162    0    0    1       9.06250e+00    2.50000e-01    0.00000e+00
      163    0    0    1       9.37500e+00    2.50000e-01    0.00000e+00
      164    0    0    1       9.68750e+00    2.50000e-01    0.00000e+00
      165    0    0    1       1.00000e+01    2.50000e-01    0.00000e+00
      166    1    1    1       0.00000e+00    3.12500e-01    0.00000e+00
      167    0    0    1       3.12500e-01    3.12500e-01    0.00000e+00
      168    0    0    1       6.25000e-01    3.12500e-01    0.00000e+00
      169    0    0    1       9.37500e-01    3.12500e-01    0.00000e+00
      170    0    0    1       1.25000e+00    3.12500e-01    0.00000e+00
      171    0    0    1       1.56250e+00    3.12500e-01    0.00000e+00
      172    0    0    1       1.87500e+00    3.12500e-01    0.00000e+00
      173    0    0    1       2.18750e+00    3.12500e-01    0.00000e+00
      174    0    0    1       2.50000e+00    3.12500e-01    0.00000e+00
      175    0    0    1       2.81250e+00    3.12500e-01    0.00000e+00
      176    0    0    1       3.12500e+00    3.12500e-01    0.00000e+00
      177    0    0    1       3.43750e+00    3.12500e-01    0.00000e+00
      178    0    0    1       3.75000e+00    3.12500e-01    0.00000e+00
      179    0    0    1       4.06250e+00    3.12500e-01    0.00000e+00
      180    0    0    1       4.37500e+00    3.12500e-01    0.00000e+00
      181    0    0    1       4.68750e+00    3.12500e-01    0.00000e+00
      182    0    0    1       5.00000e+00    3.12500e-01    0.00000e+00
      183    0    0    1       5.31250e+00    3.12500e-01    0.00000e+00
      184    0    0    1       5.62500e+00    3.12500e-01    0.00000e+00
      185    0    0    1       5.93750e+00    3.12500e-01    0.00000e+00
      186    0    0    1       6.25000e+00    3.12500e-01    0.00000e+00
      187    0    0    1       6.56250e+00    3.12500e-01    0.00000e+00
      188    0    0    1       6.87500e+00    3.12500e-01    0.00000e+00
      189    0    0    1       7.18750e+00    3.12500e-01    0.00000e+00
      190    0    0    1       7.50000e+00    3.12500e-01    0.00000e+00
      191    0    0    1       7.81250e+00    3.12500e-01    0.00000e+00
      192    0    0    1       8.12500e+00    3.12500e-01    0.00000e+00
      193    0    0    1       8.43750e+00    3.12500e-01    0.00000e+00
      194    0    0    1       8.75000e+00    3.12500e-01    0.00000e+00
      195    0    0    1       9.06250e+00    3.12500e-01    0.00000e+00
      196    0    0    1       9.37500e+00    3.12500e-01    0.00000e+00
      197    0    0    1       9.68750e+00    3.12500e-01    0.00000e+00
      198    0    0    1       1.00000e+01    3.12500e-01    0.00000e+00
      199    1    1    1       0.00000e+00    3.75000e-01    0.00000e+00
      200    0    0    1       3.12500e-01    3.75000e-01    0.00000e+00
      201    0    0    1       6.25000e-01    3.75000e-01    0.00000e+00
      202    0    0    1       9.37500e-01    3.75000e-01    0.00000e+00
      203    0    0    1       1.25000e+00    3.75000e-01    0.00000e+00
      204    0    0    1       1.56250e+00    3.75000e-01    0.00000e+00
      205    0    0    1       1.87500e+00    3.75000e-01    0.00000e+00
      206    0    0    1       2.18750e+00    3.75000e-01    0.00000e+00
      207    0    0    1       2.50000e+00    3.75000e-01    0.00000e+00
      208    0    0    1       2.81250e+00    3.75000e-01    0.00000e+00
      209    0    0    1       3.12500e+00    3.75000e-01    0.00000e+00
      210    0    0    1       3.43750e+00    3.75000e-01    0.00000e+00
      211    0    0    1       3.75000e+00    3.75000e-01    0.00000e+00
      212    0    0    1       4.06250e+00    3.75000e-01    0.00000e+00
      213    0    0    1       4.37500e+00    3.75000e-01    0.00000e+00
      214    0    0    1       4.68750e+00    3.75000e-01    0.00000e+00
      215    0    0    1       5.00000e+00    3.75000e-01    0.00000e+00
      216    0    0    1       5.31250e+00    3.75000e-01    0.00000e+00
      217    0    0    1       5.62500e+00    3.75000e-01    0.00000e+00
      218    0    0    1       5.93750e+00    3.75000e-01    0.00000e+00
      219    0    0    1       6.25000e+00    3.75000e-01    0.00000e+00
      220    0    0    1       6.56250e+00    3.75000e-01    0.00000e+00
      221    0    0    1       6.87500e+00    3.75000e-01    0.00000e+00
      222    0    0    1       7.18750e+00    3.75000e-01    0.00000e+00
      223    0    0    1       7.50000e+00    3.75000e-01    0.00000e+00
      224    0    0    1       7.81250e+00    3.75000e-01    0.00000e+00
      225    0    0    1       8.12500e+00    3.75000e-01    0.00000e+00
      226    0    0    1       8.43750e+00    3.75000e-01    0.00000e+00
      227    0    0    1       8.75000e+00    3.75000e-01    0.00000e+00
      228    0    0    1       9.06250e+00    3.75000e-01    0.00000e+00
      229    0    0    1       9.37500e+00    3.75000e-01    0.00000e+00
      230    0    0    1       9.68750e+00    3.75000e-01    0.00000e+00
      231    0    0    1       1.00000e+01    3.75000e-01    0.00000e+00
      232    1    1    1       0.00000e+00    4.37500e-01    0.00000e+00
      233    0    0    1       3.12500e-01    4.37500e-01    0.00000e+00
      234    0    0    1       6.25000e-01    4.37500e-01    0.00000e+00
      235    0    0    1       9.37500e-01    4.37500e-01    0.00000e+00
      236    0    0    1       1.25000e+00    4.37500e-01    0.00000e+00
      237    0    0    1       1.56250e+00    4.37500e-01    0.00000e+00
      238    0    0    1       1.87500e+00    4.37500e-01    0.00000e+00
      239    0    0    1       2.18750e+00    4.37500e-01    0.00000e+00
      240    0    0    1       2.50000e+00    4.37500e-01    0.00000e+00
      241    0    0    1       2.81250e+00    4.37500e-01    0.00000e+00
      242    0    0    1       3.12500e+00    4.37500e-01    0.00000e+00
      243    0    0    1       3.43750e+00    4.37500e-01    0.00000e+00
      244    0    0    1       3.75000e+00    4.37500e-01    0.00000e+00
      245    0    0    1       4.06250e+00    4.37500e-01    0.00000e+00
      246    0    0    1       4.37500e+00    4.37500e-01    0.00000e+00
      247    0    0    1       4.68750e+00    4.37500e-01    0.00000e+00
      248    0    0    1       5.00000e+00    4.37500e-01    0.00000e+00
      249    0    0    1       5.31250e+00    4.37500e-01    0.00000e+00
      250    0    0    1       5.62500e+00    4.37500e-01    0.00000e+00
      251    0    0    1       5.93750e+00    4.37500e-01    0.00000e+00
      252    0    0    1       6.25000e+00    4.37500e-01    0.00000e+00
      253    0    0    1       6.56250e+00    4.37500e-01    0.00000e+00
      254    0    0    1       6.87500e+00    4.37500e-01    0.00000e+00
      255    0    0    1       7.18750e+00    4.37500e-01    0.00000e+00
      256    0    0    1       7.50000e+00    4.37500e-01    0.00000e+00
      257    0    0    1       7.81250e+00    4.37500e-01    0.00000e+00
      258    0    0    1       8.12500e+00    4.37500e-01    0.00000e+00
      259    0    0    1       8.43750e+00    4.37500e-01    0.00000e+00
      260    0    0    1       8.75000e+00    4.37500e-01    0.00000e+00
      261    0    0    1       9.06250e+00    4.37500e-01    0.00000e+00
      262    0    0    1       9.37500e+00    4.37500e-01    0.00000e+00
      263    0    0    1       9.68750e+00    4.37500e-01    0.00000e+00
      264    0    0    1       1.00000e+01    4.37500e-01    0.00000e+00
      265    1    1    1       0.00000e+00    5.00000e-01    0.00000e+00
      266    0    0    1       3.12500e-01    5.00000e-01    0.00000e+00
      267    0    0    1       6.25000e-01    5.00000e-01    0.00000e+00
      268    0    0    1       9.37500e-01    5.00000e-01    0.00000e+00
      269    0    0    1       1.25000e+00    5.00000e-01    0.00000e+00
      270    0    0    1       1.56250e+00    5.00000e-01    0.00000e+00
      271    0    0    1       1.87500e+00    5.00000e-01    0.00000e+00
      272    0    0    1       2.18750e+00    5.00000e-01    0.00000e+00
      273    0    0    1       2.50000e+00    5.00000e-01    0.00000e+00
      274    0    0    1       2.81250e+00    5.00000e-01    0.00000e+00
      275    0    0    1       3.12500e+00    5.00000e-01    0.00000e+00
      276    0    0    1       3.43750e+00    5.00000e-01    0.00000e+00
      277    0    0    1       3.75000e+00    5.00000e-01    0.00000e+00
      278    0    0    1       4.06250e+00    5.00000e-01    0.00000e+00
      279    0    0    1       4.37500e+00    5.00000e-01    0.00000e+00
      280    0    0    1       4.68750e+00    5.00000e-01    0.00000e+00
      281    0    0    1       5.00000e+00    5.00000e-01    0.00000e+00
      282    0    0    1       5.31250e+00    5.00000e-01    0.00000e+00
      283    0    0    1       5.62500e+00    5.00000e-01    0.00000e+00
      284    0    0    1       5.93750e+00    5.00000e-01    0.00000e+00
      285    0    0    1       6.25000e+00    5.00000e-01    0.00000e+00
      286    0    0    1       6.56250e+00    5.00000e-01    0.00000e+00
      287    0    0    1       6.87500e+00    5.00000e-01    0.00000e+00
      288    0    0    1       7.18750e+00    5.00000e-01    0.00000e+00
      289    0    0    1       7.50000e+00    5.00000e-01    0.00000e+00
      290    0    0    1       7.81250e+00    5.00000e-01    0.00000e+00
      291    0    0    1       8.12500e+00    5.00000e-01    0.00000e+00
      292    0    0    1       8.43750e+00    5.00000e-01    0.00000e+00
      293    0    0    1       8.75000e+00    5.00000e-01    0.00000e+00
      294    0    0    1       9.06250e+00    5.00000e-01    0.00000e+00
      295    0    0    1       9.37500e+00    5.00000e-01    0.00000e+00
      296    0    0    1       9.68750e+00    5.00000e-01    0.00000e+00
      297    0    0    1       1.00000e+01    5.00000e-01    0.00000e+00
      298    1    1    1       0.00000e+00    5.62500e-01    0.00000e+00
      299    0    0    1       3.12500e-01    5.62500e-01    0.00000e+00
      300    0    0    1       6.25000e-01    5.62500e-01    0.00000e+00
      301    0    0    1       9.37500e-01    5.62500e-01    0.00000e+00
      302    0    0    1       1.25000e+00    5.62500e-01    0.00000e+00
      303    0    0    1       1.56250e+00    5.62500e-01    0.00000e+00
      304    0    0    1       1.87500e+00    5.62500e-01    0.00000e+00
      305    0    0    1       2.18750e+00    5.62500e-01    0.00000e+00
      306    0    0    1       2.50000e+00    5.62500e-01    0.00000e+00
      307    0    0    1       2.81250e+00    5.62500e-01    0.00000e+00
      308    0    0    1       3.12500e+00    5.62500e-01    0.00000e+00
      309    0    0    1       3.43750e+00    5.62500e-01    0.00000e+00
      310    0    0    1       3.75000e+00    5.62500e-01    0.00000e+00
      311    0    0    1       4.06250e+00    5.62500e-01    0.00000e+00
      312    0    0    1       4.37500e+00    5.62500e-01    0.00000e+00
      313    0    0    1       4.68750e+00    5.62500e-01    0.00000e+00
      314    0    0    1       5.00000e+00    5.62500e-01    0.00000e+00
      315    0    0    1       5.31250e+00    5.62500e-01    0.00000e+00
      316    0    0    1       5.62500e+00    5.62500e-01    0.00000e+00
      317    0    0    1       5.93750e+00    5.62500e-01    0.00000e+00
      318    0    0    1       6.25000e+00    5.62500e-01    0.00000e+00
      319    0    0    1       6.56250e+00    5.62500e-01    0.00000e+00
      320    0    0    1       6.87500e+00    5.62500e-01    0.00000e+00
      321    0    0    1       7.18750e+00    5.62500e-01    0.00000e+00
      322    0    0    1       7.50000e+00    5.62500e-01    0.00000e+00
      323    0    0    1       7.81250e+00    5.62500e-01    0.00000e+00
      324    0    0    1       8.12500e+00    5.62500e-01    0.00000e+00
      325    0    0    1       8.43750e+00    5.62500e-01    0.00000e+00
      326    0    0    1       8.75000e+00    5.62500e-01    0.00000e+00
      327    0    0    1       9.06250e+00    5.62500e-01    0.00000e+00
      328    0    0    1       9.37500e+00    5.62500e-01    0.00000e+00
      329    0    0    1       9.68750e+00    5.62500e-01    0.00000e+00
      330    0    0    1       1.00000e+01    5.62500e-01    0.00000e+00
      331    1    1    1       0.00000e+00    6.25000e-01    0.00000e+00
      332    0    0    1       3.12500e-01    6.25000e-01    0.00000e+00
      333    0    0    1       6.25000e-01    6.25000e-01    0.00000e+00
      334    0    0    1       9.37500e-01    6.25000e-01    0.00000e+00
      335    0    0    1       1.25000e+00    6.25000e-01    0.00000e+00
      336    0    0    1       1.56250e+00    6.25000e-01    0.00000e+00
      337    0    0    1       1.87500e+00    6.25000e-01    0.00000e+00
      338    0    0    1       2.18750e+00    6.25000e-01    0.00000e+00
      339    0    0    1       2.50000e+00    6.25000e-01    0.00000e+00
      340    0    0    1       2.81250e+00    6.25000e-01    0.00000e+00
      341    0    0    1       3.12500e+00    6.25000e-01    0.00000e+00
      342    0    0    1       3.43750e+00    6.25000e-01    0.00000e+00
      343    0    0    1       3.75000e+00    6.25000e-01    0.00000e+00
      344    0    0    1       4.06250e+00    6.25000e-01    0.00000e+00
      345    0    0    1       4.37500e+00    6.25000e-01    0.00000e+00
      346    0    0    1       4.68750e+00    6.25000e-01    0.00000e+00
      347    0    0    1       5.00000e+00    6.25000e-01    0.00000e+00
      348    0    0    1       5.31250e+00    6.25000e-01    0.00000e+00
      349    0    0    1       5.62500e+00    6.25000e-01    0.00000e+00
      350    0    0    1       5.93750e+00    6.25000e-01    0.00000e+00
      351    0    0    1       6.25000e+00    6.25000e-01    0.00000e+00
      352    0    0    1       6.56250e+00    6.25000e-01    0.00000e+00
      353    0    0    1       6.87500e+00    6.25000e-01    0.00000e+00
      354    0    0    1       7.18750e+00    6.25000e-01    0.00000e+00
      355    0    0    1       7.50000e+00    6.25000e-01    0.00000e+00
      356    0    0    1       7.81250e+00    6.25000e-01    0.00000e+00
      357    0    0    1       8.12500e+00    6.25000e-01    0.00000e+00
      358    0    0    1       8.43750e+00    6.25000e-01    0.00000e+00
      359    0    0    1       8.75000e+00    6.25000e-01    0.00000e+00
      360    0    0    1       9.06250e+00    6.25000e-01    0.00000e+00
      361    0    0    1       9.37500e+00    6.25000e-01    0.00000e+00
      362    0    0    1       9.68750e+00    6.25000e-01    0.00000e+00
      363    0    0    1       1.00000e+01    6.25000e-01    0.00000e+00
      364    1    1    1       0.00000e+00    6.87500e-01    0.00000e+00
      365    0    0    1       3.12500e-01    6.87500e-01    0.00000e+00
      366    0    0    1       6.25000e-01    6.87500e-01    0.00000e+00
      367    0    0    1       9.37500e-01    6.87500e-01    0.00000e+00
      368    0    0    1       1.25000e+00    6.87500e-01    0.00000e+00
      369    0    0    1       1.56250e+00    6.87500e-01    0.00000e+00
      370    0    0    1       1.87500e+00    6.87500e-01    0.00000e+00
      371    0    0    1       2.18750e+00    6.87500e-01    0.00000e+00
      372    0    0    1       2.50000e+00    6.87500e-01    0.00000e+00
      373    0    0    1       2.81250e+00    6.87500e-01    0.00000e+00
      374    0    0    1       3.12500e+00    6.87500e-01    0.00000e+00
      375    0    0    1       3.43750e+00    6.87500e-01    0.00000e+00
      376    0    0    1       3.75000e+00    6.87500e-01    0.00000e+00
      377    0    0    1       4.06250e+00    6.87500e-01    0.00000e+00
      378    0    0    1       4.37500e+00    6.87500e-01    0.00000e+00
      379    0    0    1       4.68750e+00    6.87500e-01    0.00000e+00
      380    0    0    1       5.00000e+00    6.87500e-01    0.00000e+00
      381    0    0    1       5.31250e+00    6.87500e-01    0.00000e+00
      382    0    0    1       5.62500e+00    6.87500e-01    0.00000e+00
      383    0    0    1       5.93750e+00    6.87500e-01    0.00000e+00
      384    0    0    1       6.25000e+00    6.87500e-01    0.00000e+00
      385    0    0    1       6.56250e+00    6.87500e-01    0.00000e+00
      386    0    0    1       6.87500e+00    6.87500e-01    0.00000e+00
      387    0    0    1       7.18750e+00    6.87500e-01    0.00000e+00
      388    0    0    1       7.50000e+00    6.87500e-01    0.00000e+00
      389    0    0    1       7.81250e+00    6.87500e-01    0.00000e+00
      390    0    0    1       8.12500e+00    6.87500e-01    0.00000e+00
      391    0    0    1       8.43750e+00    6.87500e-01    0.00000e+00
      392    0    0    1       8.75000e+00    6.87500e-01    0.00000e+00
      393    0    0    1       9.06250e+00    6.87500e-01    0.00000e+00
      394    0    0    1       9.37500e+00    6.87500e-01    0.00000e+00
      395    0    0    1       9.68750e+00    6.87500e-01    0.00000e+00
      396    0    0    1       1.00000e+01    6.87500e-01    0.00000e+00
      397    1    1    1       0.00000e+00    7.50000e-01    0.00000e+00
      398    0    0    1       3.12500e-01    7.50000e-01    0.00000e+00
      399    0    0    1       6.25000e-01    7.50000e-01    0.00000e+00
      400    0    0    1       9.37500e-01    7.50000e-01    0.00000e+00
      401    0    0    1       1.25000e+00    7.50000e-01    0.00000e+00
      402    0    0    1       1.56250e+00    7.50000e-01    0.00000e+00
      403    0    0    1       1.87500e+00    7.50000e-01    0.00000e+00
      404    0    0    1       2.18750e+00    7.50000e-01    0.00000e+00
      405    0    0    1       2.50000e+00    7.50000e-01    0.00000e+00
      406    0    0    1       2.81250e+00    7.50000e-01    0.00000e+00
      407    0    0    1       3.12500e+00    7.50000e-01    0.00000e+00
      408    0    0    1       3.43750e+00    7.50000e-01    0.00000e+00
      409    0    0    1       3.75000e+00    7.50000e-01    0.00000e+00
      410    0    0    1       4.06250e+00    7.50000e-01    0.00000e+00
      411    0    0    1       4.37500e+00    7.50000e-01    0.00000e+00
      412    0    0    1       4.68750e+00    7.50000e-01    0.00000e+00
      413    0    0    1       5.00000e+00    7.50000e-01    0.00000e+00
      414    0    0    1       5.31250e+00    7.50000e-01    0.00000e+00
      415    0    0    1       5.62500e+00    7.50000e-01    0.00000e+00
      416    0    0    1       5.93750e+00    7.50000e-01    0.00000e+00
      417    0    0    1       6.25000e+00    7.50000e-01    0.00000e+00
      418    0    0    1       6.56250e+00    7.50000e-01    0.00000e+00
      419    0    0    1       6.87500e+00    7.50000e-01    0.00000e+00
      420    0    0    1       7.18750e+00    7.50000e-01    0.00000e+00
      421    0    0    1       7.50000e+00    7.50000e-01    0.00000e+00
      422    0    0    1       7.81250e+00    7.50000e-01    0.00000e+00
      423    0    0    1       8.12500e+00    7.50000e-01    0.00000e+00
      424    0    0    1       8.43750e+00    7.50000e-01    0.00000e+00
      425    0    0    1       8.75000e+00    7.50000e-01    0.00000e+00
      426    0    0    1       9.06250e+00    7.50000e-01    0.00000e+00
      427    0    0    1       9.37500e+00    7.50000e-01    0.00000e+00
      428    0    0    1       9.68750e+00    7.50000e-01    0.00000e+00
      429    0    0    1       1.00000e+01    7.50000e-01    0.00000e+00
      430    1    1    1       0.00000e+00    8.12500e-01    0.00000e+00
      431    0    0    1       3.12500e-01    8.12500e-01    0.00000e+00
      432    0    0    1       6.25000e-01    8.12500e-01    0.00000e+00
      433    0    0    1       9.37500e-01    8.12500e-01    0.00000e+00
      434    0    0    1       1.25000e+00    8.12500e-01    0.00000e+00
      435    0    0    1       1.56250e+00    8.12500e-01    0.00000e+00
      436    0    0    1       1.87500e+00    8.12500e-01    0.00000e+00
      437    0    0    1       2.18750e+00    8.12500e-01    0.00000e+00
      438    0    0    1       2.50000e+00    8.12500e-01    0.00000e+00
      439    0    0    1       2.81250e+00    8.12500e-01    0.00000e+00
      440    0    0    1       3.12500e+00    8.12500e-01    0.00000e+00
      441    0    0    1       3.43750e+00    8.12500e-01    0.00000e+00
      442    0    0    1       3.75000e+00    8.12500e-01    0.00000e+00
      443    0    0    1       4.06250e+00    8.12500e-01    0.00000e+00
      444    0    0    1       4.37500e+00    8.12500e-01    0.00000e+00
      445    0    0    1       4.68750e+00    8.12500e-01    0.00000e+00
      446    0    0    1       5.00000e+00    8.12500e-01    0.00000e+00
      447    0    0    1       5.31250e+00    8.12500e-01    0.00000e+00
      448    0    0    1       5.62500e+00    8.12500e-01    0.00000e+00
      449    0    0    1       5.93750e+00    8.12500e-01    0.00000e+00
      450    0    0    1       6.25000e+00    8.12500e-01    0.00000e+00
      451    0    0    1       6.56250e+00    8.12500e-01    0.00000e+00
      452    0    0    1       6.87500e+00    8.12500e-01    0.00000e+00
      453    0    0    1       7.18750e+00    8.12500e-01    0.00000e+00
      454    0    0    1       7.50000e+00    8.12500e-01    0.00000e+00
      455    0    0    1       7.81250e+00    8.12500e-01    0.00000e+00
      456    0    0    1       8.12500e+00    8.12500e-01    0.00000e+00
      457    0    0    1       8.43750e+00    8.12500e-01    0.00000e+00
      458    0    0    1       8.75000e+00    8.12500e-01    0.00000e+00
      459    0    0    1       9.06250e+00    8.12500e-01    0.00000e+00
      460    0    0    1       9.37500e+00    8.12500e-01    0.00000e+00
      461    0    0    1       9.68750e+00    8.12500e-01    0.00000e+00
      462    0    0    1       1.00000e+01    8.12500e-01    0.00000e+00
      463    1    1    1       0.00000e+00    8.75000e-01    0.00000e+00
      464    0    0    1       3.12500e-01    8.75000e-01    0.00000e+00
      465    0    0    1       6.25000e-01    8.75000e-01    0.00000e+00
      466    0    0    1       9.37500e-01    8.75000e-01    0.00000e+00
      467    0    0    1       1.25000e+00    8.75000e-01    0.00000e+00
      468    0    0    1       1.56250e+00    8.75000e-01    0.00000e+00
      469    0    0    1       1.87500e+00    8.75000e-01    0.00000e+00
      470    0    0    1       2.18750e+00    8.75000e-01    0.00000e+00
      471    0    0    1       2.50000e+00    8.75000e-01    0.00000e+00
      472    0    0    1       2.81250e+00    8.75000e-01    0.00000e+00
      473    0    0    1       3.12500e+00    8.75000e-01    0.00000e+00
      474    0    0    1       3.43750e+00    8.75000e-01    0.00000e+00
      475    0    0    1       3.75000e+00    8.75000e-01    0.00000e+00
      476    0    0    1       4.06250e+00    8.75000e-01    0.00000e+00
      477    0    0    1       4.37500e+00    8.75000e-01    0.00000e+00
      478    0    0    1       4.68750e+00    8.75000e-01    0.00000e+00
      479    0    0    1       5.00000e+00    8.75000e-01    0.00000e+00
      480    0    0    1       5.31250e+00    8.75000e-01    0.00000e+00
      481    0    0    1       5.62500e+00    8.75000e-01    0.00000e+00
      482    0    0    1       5.93750e+00    8.75000e-01    0.00000e+00
      483    0    0    1       6.25000e+00    8.75000e-01    0.00000e+00
      484    0    0    1       6.56250e+00    8.75000e-01    0.00000e+00
      485    0    0    1       6.87500e+00    8.75000e-01    0.00000e+00
      486    0    0    1       7.18750e+00    8.75000e-01    0.00000e+00
      487    0    0    1       7.50000e+00    8.75000e-01    0.00000e+00
      488    0    0    1       7.81250e+00    8.75000e-01    0.00000e+00
      489    0    0    1       8.12500e+00    8.75000e-01    0.00000e+00
      490    0    0    1       8.43750e+00    8.75000e-01    0.00000e+00
      491    0    0    1       8.75000e+00    8.75000e-01    0.00000e+00
      492    0    0    1       9.06250e+00    8.75000e-01    0.00000e+00
      493    0    0    1       9.37500e+00    8.75000e-01    0.00000e+00
      494    0    0    1       9.68750e+00    8.75000e-01    0.00000e+00
      495    0    0    1       1.00000e+01    8.75000e-01    0.00000e+00
      496    1    1    1       0.00000e+00    9.37500e-01    0.00000e+00
      497    0    0    1       3.12500e-01    9.37500e-01    0.00000e+00
      498    0    0    1       6.25000e-01    9.37500e-01    0.00000e+00
      499    0    0    1       9.37500e-01    9.37500e-01    0.00000e+00
      500    0    0    1       1.25000e+00    9.37500e-01    0.00000e+00
      501    0    0    1       1.56250e+00    9.37500e-01    0.00000e+00
      502    0    0    1       1.87500e+00    9.37500e-01    0.00000e+00
      503    0    0    1       2.18750e+00    9.37500e-01    0.00000e+00
      504    0    0    1       2.50000e+00    9.37500e-01    0.00000e+00
      505    0    0    1       2.81250e+00    9.37500e-01    0.00000e+00
      506    0    0    1       3.12500e+00    9.37500e-01    0.00000e+00
      507    0    0    1       3.43750e+00    9.37500e-01    0.00000e+00
      508    0    0    1       3.75000e+00    9.37500e-01    0.00000e+00
      509    0    0    1       4.06250e+00    9.37500e-01    0.00000e+00
      510    0    0    1       4.37500e+00    9.37500e-01    0.00000e+00
      511    0    0    1       4.68750e+00    9.37500e-01    0.00000e+00
      512    0    0    1       5.00000e+00    9.37500e-01    0.00000e+00
      513    0    0    1       5.31250e+00    9.37500e-01    0.00000e+00
      514    0    0    1       5.62500e+00    9.37500e-01    0.00000e+00
      515    0    0    1       5.93750e+00    9.37500e-01    0.00000e+00
      516    0    0    1       6.25000e+00    9.37500e-01    0.00000e+00
      517    0    0    1       6.56250e+00    9.37500e-01    0.00000e+00
      518    0    0    1       6.87500e+00    9.37500e-01    0.00000e+00
      519    0    0    1       7.18750e+00    9.37500e-01    0.00000e+00
      520    0    0    1       7.50000e+00    9.37500e-01    0.00000e+00
      521    0    0    1       7.81250e+00    9.37500e-01    0.00000e+00
      522    0    0    1       8.12500e+00    9.37500e-01    0.00000e+00
      523    0    0    1       8.43750e+00    9.37500e-01    0.00000e+00
      524    0    0    1       8.75000e+00    9.37500e-01    0.00000e+00
      525    0    0    1       9.06250e+00    9.37500e-01    0.00000e+00
      526    0    0    1       9.37500e+00    9.37500e-01    0.00000e+00
      527    0    0    1       9.68750e+00    9.37500e-01    0.00000e+00
      528    0    0    1       1.00000e+01    9.37500e-01    0.00000e+00
      529    1    1    1       0.00000e+00    1.00000e+00    0.00000e+00
      530    0    0    1       3.12500e-01    1.00000e+00    0.00000e+00
      531    0    0    1       6.25000e-01    1.00000e+00    0.00000e+00
      532    0    0    1       9.37500e-01    1.00000e+00    0.00000e+00
      533    0    0    1       1.25000e+00    1.00000e+00    0.00000e+00
      534    0    0    1       1.56250e+00    1.00000e+00    0.00000e+00
      535    0    0    1       1.87500e+00    1.00000e+00    0.00000e+00
      536    0    0    1       2.18750e+00    1.00000e+00    0.00000e+00
      537    0    0    1       2.50000e+00    1.00000e+00    0.00000e+00
      538    0    0    1       2.81250e+00    1.00000e+00    0.00000e+00
      539    0    0    1       3.12500e+00    1.00000e+00    0.00000e+00
      540    0    0    1       3.43750e+00    1.00000e+00    0.00000e+00
      541    0    0    1       3.75000e+00    1.00000e+00    0.00000e+00
      542    0    0    1       4.06250e+00    1.00000e+00    0.00000e+00
      543    0    0    1       4.37500e+00    1.00000e+00    0.00000e+00
      544    0    0    1       4.68750e+00    1.00000e+00    0.00000e+00
      545    0    0    1       5.00000e+00    1.00000e+00    0.00000e+00
      546    0    0    1       5.31250e+00    1.00000e+00    0.00000e+00
      547    0    0    1       5.62500e+00    1.00000e+00    0.00000e+00
      548    0    0    1       5.93750e+00    1.00000e+00    0.00000e+00
      549    0    0    1       6.25000e+00    1.00000e+00    0.00000e+00
      550    0    0    1       6.56250e+00    1.00000e+00    0.00000e+00
      551    0    0    1       6.87500e+00    1.00000e+00    0.00000e+00
      552    0    0    1       7.18750e+00    1.00000e+00    0.00000e+00
      553    0    0    1       7.50000e+00    1.00000e+00    0.00000e+00
      554    0    0    1       7.81250e+00    1.00000e+00    0.00000e+00
      555    0    0    1       8.12500e+00    1.00000e+00    0.00000e+00
      556    0    0    1       8.43750e+00    1.00000e+00    0.00000e+00
      557    0    0    1       8.75000e+00    1.00000e+00    0.00000e+00
      558    0    0    1       9.06250e+00    1.00000e+00    0.00000e+00
      559    0    0    1       9.37500e+00    1.00000e+00    0.00000e+00
      560    0    0    1       9.68750e+00    1.00000e+00    0.00000e+00
      561    0    0    1       1.00000e+01    1.00000e+00    0.00000e+00

 EQUATION NUMBERS

   NODE NUMBER   DEGREES OF FREEDOM
        N           X    Y    Z
        1           0    0    0
        2           1    2    0
        3           3    4    0
        4           5    6    0
        5           7    8    0
        6           9   10    0
        7          11   12    0
        8          13   14    0
        9          15   16    0
       10          17   18    0
       11          19   20    0
       12          21   22    0
       13          23   24    0
       14          25   26    0
       15          27   28    0
       16          29   30    0
       17          31   32    0
       18          33   34    0
       19          35   36    0
       20          37   38    0
       21          39   40    0
       22          41   42    0
       23          43   44    0
       24          45   46    0
       25          47   48    0
       26          49   50    0
       27          51   52    0
       28          53   54    0
       29          55   56    0
       30          57   58    0
       31          59   60    0
       32          61   62    0
       33          63   64    0
       34           0    0    0
       35          65   66    0
       36          67   68    0
       37          69   70    0
       38          71   72    0
       39          73   74    0
       40          75   76    0
       41          77   78    0
       42          79   80    0
       43          81   82    0
       44          83   84    0
       45          85   86    0
       46          87   88    0
       47          89   90    0
       48          91   92    0
       49          93   94    0
       50          95   96    0
       51          97   98    0
       52          99  100    0
       53         101  102    0
       54         103  104    0
       55         105  106    0
       56         107  108    0
       57         109  110    0
       58         111  112    0
       59         113  114    0
       60         115  116    0
       61         117  118    0
       62         119  120    0
       63         121  122    0
       64         123  124    0
       65         125  126    0
       66         127  128    0
       67           0    0    0
       68         129  130    0
       69         131  132    0
       70         133  134    0
       71         135  136    0
       72         137  138    0
       73         139  140    0
       74         141  142    0
       75         143  144    0
       76         145  146    0
       77         147  148    0
       78         149  150    0
       79         151  152    0
       80         153  154    0
       81         155  156    0
       82         157  158    0
       83         159  160    0
       84         161  162    0
       85         163  164    0
       86         165  166    0
       87         167  168    0
       88         169  170    0
       89         171  172    0
       90         173  174    0
       91         175  176    0
       92         177  178    0
       93         179  180    0
       94         181  182    0
       95         183  184    0
       96         185  186    0
       97         187  188    0
       98         189  190    0
       99         191  192    0
      100           0    0    0
      101         193  194    0
      102         195  196    0
      103         197  198    0
      104         199  200    0
      105         201  202    0
      106         203  204    0
      107         205  206    0
      108         207  208    0
      109         209  210    0
      110         211  212    0
      111         213  214    0
      112         215  216    0
      113         217  218    0
      114         219  220    0
      115         221  222    0
      116         223  224    0
      117         225  226    0
      118         227  228    0
      119         229  230    0
      120         231  232    0
      121         233  234    0
      122         235  236    0
      123         237  238    0
      124         239  240    0
      125         241  242    0
      126         243  244    0
      127         245  246    0
      128         247  248    0
      129         249  250    0
      130         251  252    0
      131         253  254    0
      132         255  256    0
      133           0    0    0
      134         257  258    0
      135         259  260    0
      136         261  262    0
      137         263  264    0
      138         265  266    0
      139         267  268    0
      140         269  270    0
      141         271  272    0
      142         273  274    0
      143         275  276    0
      144         277  278    0
      145         279  280    0
      146         281  282    0
      147         283  284    0
      148         285  286    0
      149         287  288    0
      150         289  290    0
      151         291  292    0
      152         293  294    0
      153         295  296    0
      154         297  298    0
      155         299  300    0
      156         301  302    0
      157         303  304    0
      158         305  306    0
      159         307  308    0
      160         309  310    0
      161         311  312    0
      162         313  314    0
      163         315  316    0
      164         317  318    0
      165         319  320    0
      166           0    0    0
      167         321  322    0
      168         323  324    0
      169         325  326    0
      170         327  328    0
      171         329  330    0
      172         331  332    0
      173         333  334    0
      174         335  336    0
      175         337  338    0
      176         339  340    0
      177         341  342    0
      178         343  344    0
      179         345  346    0
      180         347  348    0
      181         349  350    0
      182         351  352    0
      183         353  354    0
      184         355  356    0
      185         357  358    0
      186         359  360    0
      187         361  362    0
      188         363  364    0
      189         365  366    0
      190         367  368    0
      191         369  370    0
      192         371  372    0
      193         373  374    0
      194         375  376    0
      195         377  378    0
      196         379  380    0
      197         381  382    0
      198         383  384    0
      199           0    0    0
      200         385  386    0
      201         387  388    0
      202         389  390    0
      203         391  392    0
      204         393  394    0
      205         395  396    0
      206         397  398    0
      207         399  400    0
      208         401  402    0
      209         403  404    0
      210         405  406    0
      211         407  408    0
      212         409  410    0
      213         411  412    0
      214         413  414    0
      215         415  416    0
      216         417  418    0
      217         419  420    0
      218         421  422    0
      219         423  424    0
      220         425  426    0
      221         427  428    0
      222         429  430    0
      223         431  432    0
      224         433  434    0
      225         435  436    0
      226         437  438    0
      227         439  440    0
      228         441  442    0
      229         443  444    0
      230         445  446    0
      231         447  448    0
      232           0    0    0
      233         449  450    0
      234         451  452    0
      235         453  454    0
      236         455  456    0
      237         457  458    0
      238         459  460    0
      239         461  462    0
      240         463  464    0
      241         465  466    0
      242         467  468    0
      243         469  470    0
      244         471  472    0
      245         473  474    0
      246         475  476    0
      247         477  478    0
      248         479  480    0
      249         481  482    0
      250         483  484    0
      251         485  486    0
      252         487  488    0
      253         489  490    0
      254         491  492    0
      255         493  494    0
      256         495  496    0
      257         497  498    0
      258         499  500    0
      259         501  502    0
      260         503  504    0
      261         505  506    0
      262         507  508    0
      263         509  510    0
      264         511  512    0
      265           0    0    0
      266         513  514    0
      267         515  516    0
      268         517  518    0
      269         519  520    0
      270         521  522    0
      271         523  524    0
      272         525  526    0
      273         527  528    0
      274         529  530    0
      275         531  532    0
      276         533  534    0
      277         535  536    0
      278         537  538    0
      279         539  540    0
      280         541  542    0
      281         543  544    0
      282         545  546    0
      283         547  548    0
      284         549  550    0
      285         551  552    0
      286         553  554    0
      287         555  556    0
      288         557  558    0
      289         559  560    0
      290         561  562    0
      291         563  564    0
      292         565  566    0
      293         567  568    0
      294         569  570    0
      295         571  572    0
      296         573  574    0
      297         575  576    0
      298           0    0    0
      299         577  578    0
      300         579  580    0
      301         581  582    0
      302         583  584    0
      303         585  586    0
      304         587  588    0
      305         589  590    0
      306         591  592    0
      307         593  594    0
      308         595  596    0
      309         597  598    0
      310         599  600    0
      311         601  602    0
      312         603  604    0
      313         605  606    0
      314         607  608    0
      315         609  610    0
      316         611  612    0
      317         613  614    0
      318         615  616    0
      319         617  618    0
      320         619  620    0
      321         621  622    0
      322         623  624    0
      323         625  626    0
      324         627  628    0
      325         629  630    0
      326         631  632    0
      327         633  634    0
      328         635  636    0
      329         637  638    0
      330         639  640    0
      331           0    0    0
      332         641  642    0
      333         643  644    0
      334         645  646    0
      335         647  648    0
      336         649  650    0
      337         651  652    0
      338         653  654    0
      339         655  656    0
      340         657  658    0
      341         659  660    0
      342         661  662    0
      343         663  664    0
      344         665  666    0
      345         667  668    0
      346         669  670    0
      347         671  672    0
      348         673  674    0
      349         675  676    0
      350         677  678    0
      351         679  680    0
      352         681  682    0
      353         683  684    0
      354         685  686    0
      355         687  688    0
      356         689  690    0
      357         691  692    0
      358         693  694    0
      359         695  696    0
      360         697  698    0
      361         699  700    0
      362         701  702    0
      363         703  704    0
      364           0    0    0
      365         705  706    0
      366         707  708    0
      367         709  710    0
      368         711  712    0
      369         713  714    0
      370         715  716    0
      371         717  718    0
      372         719  720    0
      373         721  722    0
      374         723  724    0
      375         725  726    0
      376         727  728    0
      377         729  730    0
      378         731  732    0
      379         733  734    0
      380         735  736    0
      381         737  738    0
      382         739  740    0
      383         741  742    0
      384         743  744    0
      385         745  746    0
      386         747  748    0
      387         749  750    0
      388         751  752    0
      389         753  754    0
      390         755  756    0
      391         757  758    0
      392         759  760    0
      393         761  762    0
      394         763  764    0
      395         765  766    0
      396         767  768    0
      397           0    0    0
      398         769  770    0
      399         771  772    0
      400         773  774    0
      401         775  776    0
      402         777  778    0
      403         779  780    0
      404         781  782    0
      405         783  784    0
      406         785  786    0
      407         787  788    0
      408         789  790    0
      409         791  792    0
      410         793  794    0
      411         795  796    0
      412         797  798    0
      413         799  800    0
      414         801  802    0
      415         803  804    0
      416         805  806    0
      417         807  808    0
      418         809  810    0
      419         811  812    0
      420         813  814    0
      421         815  816    0
      422         817  818    0
      423         819  820    0
      424         821  822    0
      425         823  824    0
      426         825  826    0
      427         827  828    0
      428         829  830    0
      429         831  832    0
      430           0    0    0
      431         833  834    0
      432         835  836    0
      433         837  838    0
      434         839  840    0
      435         841  842    0
      436         843  844    0
      437         845  846    0
      438         847  848    0
      439         849  850    0
      440         851  852    0
      441         853  854    0
      442         855  856    0
      443         857  858    0
      444         859  860    0
      445         861  862    0
      446         863  864    0
      447         865  866    0
      448         867  868    0
      449         869  870    0
      450         871  872    0
      451         873  874    0
      452         875  876    0
      453         877  878    0
      454         879  880    0
      455         881  882    0
      456         883  884    0
      457         885  886    0
      458         887  888    0
      459         889  890    0
      460         891  892    0
      461         893  894    0
      462         895  896    0
      463           0    0    0
      464         897  898    0
      465         899  900    0
      466         901  902    0
      467         903  904    0
      468         905  906    0
      469         907  908    0
      470         909  910    0
      471         911  912    0
      472         913  914    0
      473         915  916    0
      474         917  918    0
      475         919  920    0
      476         921  922    0
      477         923  924    0
      478         925  926    0
      479         927  928    0
      480         929  930    0
      481         931  932    0
      482         933  934    0
      483         935  936    0
      484         937  938    0
      485         939  940    0
      486         941  942    0
      487         943  944    0
      488         945  946    0
      489         947  948    0
      490         949  950    0
      491         951  952    0
      492         953  954    0
      493         955  956    0
      494         957  958    0
      495         959  960    0
      496           0    0    0
      497         961  962    0
      498         963  964    0
      499         965  966    0
      500         967  968    0
      501         969  970    0
      502         971  972    0
      503         973  974    0
      504         975  976    0
      505         977  978    0
      506         979  980    0
      507         981  982    0
      508         983  984    0
      509         985  986    0
      510         987  988    0
      511         989  990    0
      512         991  992    0
      513         993  994    0
      514         995  996    0
      515         997  998    0
      516         999 1000    0
      517        1001 1002    0
      518        1003 1004    0
      519        1005 1006    0
      520        1007 1008    0
      521        1009 1010    0
      522        1011 1012    0
      523        1013 1014    0
      524        1015 1016    0
      525        1017 1018    0
      526        1019 1020    0
      527        1021 1022    0
      528        1023 1024    0
      529           0    0    0
      530        1025 1026    0
      531        1027 1028    0
      532        1029 1030    0
      533        1031 1032    0
      534        1033 1034    0
      535        1035 1036    0
      536        1037 1038    0
      537        1039 1040    0
      538        1041 1042    0
      539        1043 1044    0
      540        1045 1046    0
      541        1047 1048    0
      542        1049 1050    0
      543        1051 1052    0
      544        1053 1054    0
      545        1055 1056    0
      546        1057 1058    0
      547        1059 1060    0
      548        1061 1062    0
      549        1063 1064    0
      550        1065 1066    0
      551        1067 1068    0
      552        1069 1070    0
      553        1071 1072    0
      554        1073 1074    0
      555        1075 1076    0
      556        1077 1078    0
      557        1079 1080    0
      558        1081 1082    0
      559        1083 1084    0
      560        1085 1086    0
      561        1087 1088    0

 L O A D   C A S E   D A T A

     LOAD CASE NUMBER . . . . . . . =     1
     NUMBER OF CONCENTRATED LOADS . =    17

    NODE       DIRECTION      LOAD
   NUMBER                   MAGNITUDE
     33            2       -5.88235e+03
     66            2       -5.88235e+03
     99            2       -5.88235e+03
    132            2       -5.88235e+03
    165            2       -5.88235e+03
    198            2       -5.88235e+03
    231            2       -5.88235e+03
    264            2       -5.88235e+03
    297            2       -5.88235e+03
    330            2       -5.88235e+03
    363            2       -5.88235e+03
    396            2       -5.88235e+03
    429            2       -5.88235e+03
    462            2       -5.88235e+03
    495            2       -5.88235e+03
    528            2       -5.88235e+03
    561            2       -5.88235e+03

 E L E M E N T   G R O U P   D A T A


 E L E M E N T   D E F I N I T I O N

 ELEMENT TYPE  . . . . . . . . . . . . .( NPAR(1) ) . . =    4
     EQ.1, TRUSS ELEMENTS
     EQ.2, FOUR-NODE PLANE ELEMENTS (FULL INTEGRATION)
     EQ.3, FOUR-NODE PLANE ELEMENTS (REDUCED INTEGRATION)
     EQ.4, THREE-NODE TRIANGULAR PLANE ELEMENTS (CST)

 NUMBER OF ELEMENTS. . . . . . . . . . .( NPAR(2) ) . . = 1024

 M A T E R I A L   D E F I N I T I O N

 NUMBER OF DIFFERENT SETS OF MATERIAL
 AND THICKNESS / POISSON RATIO . . . . .( NPAR(3) ) . . =    1

  SET       YOUNG'S    POISSON'S    THICKNESS
 NUMBER     MODULUS      RATIO
               E          NU          T
    1     2.00000e+11     3.00000e-01     1.00000e-01


 E L E M E N T   I N F O R M A T I O N
 ELEMENT     NODE     NODE     NODE      MATERIAL
 NUMBER-N      I        J        K       SET NUMBER
    1          1        2       35           1
    2          1       35       34           1
    3          2        3       35           1
    4          3       36       35           1
    5          3        4       37           1
    6          3       37       36           1
    7          4        5       37           1
    8          5       38       37           1
    9          5        6       39           1
   10          5       39       38           1
   11          6        7       39           1
   12          7       40       39           1
   13          7        8       41           1
   14          7       41       40           1
   15          8        9       41           1
   16          9       42       41           1
   17          9       10       43           1
   18          9       43       42           1
   19         10       11       43           1
   20         11       44       43           1
   21         11       12       45           1
   22         11       45       44           1
   23         12       13       45           1
   24         13       46       45           1
   25         13       14       47           1
   26         13       47       46           1
   27         14       15       47           1
   28         15       48       47           1
   29         15       16       49           1
   30         15       49       48           1
   31         16       17       49           1
   32         17       50       49           1
   33         17       18       51           1
   34         17       51       50           1
   35         18       19       51           1
   36         19       52       51           1
   37         19       20       53           1
   38         19       53       52           1
   39         20       21       53           1
   40         21       54       53           1
   41         21       22       55           1
   42         21       55       54           1
   43         22       23       55           1
   44         23       56       55           1
   45         23       24       57           1
   46         23       57       56           1
   47         24       25       57           1
   48         25       58       57           1
   49         25       26       59           1
   50         25       59       58           1
   51         26       27       59           1
   52         27       60       59           1
   53         27       28       61           1
   54         27       61       60           1
   55         28       29       61           1
   56         29       62       61           1
   57         29       30       63           1
   58         29       63       62           1
   59         30       31       63           1
   60         31       64       63           1
   61         31       32       65           1
   62         31       65       64           1
   63         32       33       65           1
   64         33       66       65           1
   65         34       35       67           1
   66         35       68       67           1
   67         35       36       69           1
   68         35       69       68           1
   69         36       37       69           1
   70         37       70       69           1
   71         37       38       71           1
   72         37       71       70           1
   73         38       39       71           1
   74         39       72       71           1
   75         39       40       73           1
   76         39       73       72           1
   77         40       41       73           1
   78         41       74       73           1
   79         41       42       75           1
   80         41       75       74           1
   81         42       43       75           1
   82         43       76       75           1
   83         43       44       77           1
   84         43       77       76           1
   85         44       45       77           1
   86         45       78       77           1
   87         45       46       79           1
   88         45       79       78           1
   89         46       47       79           1
   90         47       80       79           1
   91         47       48       81           1
   92         47       81       80           1
   93         48       49       81           1
   94         49       82       81           1
   95         49       50       83           1
   96         49       83       82           1
   97         50       51       83           1
   98         51       84       83           1
   99         51       52       85           1
  100         51       85       84           1
  101         52       53       85           1
  102         53       86       85           1
  103         53       54       87           1
  104         53       87       86           1
  105         54       55       87           1
  106         55       88       87           1
  107         55       56       89           1
  108         55       89       88           1
  109         56       57       89           1
  110         57       90       89           1
  111         57       58       91           1
  112         57       91       90           1
  113         58       59       91           1
  114         59       92       91           1
  115         59       60       93           1
  116         59       93       92           1
  117         60       61       93           1
  118         61       94       93           1
  119         61       62       95           1
  120         61       95       94           1
  121         62       63       95           1
  122         63       96       95           1
  123         63       64       97           1
  124         63       97       96           1
  125         64       65       97           1
  126         65       98       97           1
  127         65       66       99           1
  128         65       99       98           1
  129         67       68      101           1
  130         67      101      100           1
  131         68       69      101           1
  132         69      102      101           1
  133         69       70      103           1
  134         69      103      102           1
  135         70       71      103           1
  136         71      104      103           1
  137         71       72      105           1
  138         71      105      104           1
  139         72       73      105           1
  140         73      106      105           1
  141         73       74      107           1
  142         73      107      106           1
  143         74       75      107           1
  144         75      108      107           1
  145         75       76      109           1
  146         75      109      108           1
  147         76       77      109           1
  148         77      110      109           1
  149         77       78      111           1
  150         77      111      110           1
  151         78       79      111           1
  152         79      112      111           1
  153         79       80      113           1
  154         79      113      112           1
  155         80       81      113           1
  156         81      114      113           1
  157         81       82      115           1
  158         81      115      114           1
  159         82       83      115           1
  160         83      116      115           1
  161         83       84      117           1
  162         83      117      116           1
  163         84       85      117           1
  164         85      118      117           1
  165         85       86      119           1
  166         85      119      118           1
  167         86       87      119           1
  168         87      120      119           1
  169         87       88      121           1
  170         87      121      120           1
  171         88       89      121           1
  172         89      122      121           1
  173         89       90      123           1
  174         89      123      122           1
  175         90       91      123           1
  176         91      124      123           1
  177         91       92      125           1
  178         91      125      124           1
  179         92       93      125           1
  180         93      126      125           1
  181         93       94      127           1
  182         93      127      126           1
  183         94       95      127           1
  184         95      128      127           1
  185         95       96      129           1
  186         95      129      128           1
  187         96       97      129           1
  188         97      130      129           1
  189         97       98      131           1
  190         97      131      130           1
  191         98       99      131           1
  192         99      132      131           1
  193        100      101      133           1
  194        101      134      133           1
  195        101      102      135           1
  196        101      135      134           1
  197        102      103      135           1
  198        103      136      135           1
  199        103      104      137           1
  200        103      137      136           1
  201        104      105      137           1
  202        105      138      137           1
  203        105      106      139           1
  204        105      139      138           1
  205        106      107      139           1
  206        107      140      139           1
  207        107      108      141           1
  208        107      141      140           1
  209        108      109      141           1
  210        109      142      141           1
  211        109      110      143           1
  212        109      143      142           1
  213        110      111      143           1
  214        111      144      143           1
  215        111      112      145           1
  216        111      145      144           1
  217        112      113      145           1
  218        113      146      145           1
  219        113      114      147           1
  220        113      147      146           1
  221        114      115      147           1
  222        115      148      147           1
  223        115      116      149           1
  224        115      149      148           1
  225        116      117      149           1
  226        117      150      149           1
  227        117      118      151           1
  228        117      151      150           1
  229        118      119      151           1
  230        119      152      151           1
  231        119      120      153           1
  232        119      153      152           1
  233        120      121      153           1
  234        121      154      153           1
  235        121      122      155           1
  236        121      155      154           1
  237        122      123      155           1
  238        123      156      155           1
  239        123      124      157           1
  240        123      157      156           1
  241        124      125      157           1
  242        125      158      157           1
  243        125      126      159           1
  244        125      159      158           1
  245        126      127      159           1
  246        127      160      159           1
  247        127      128      161           1
  248        127      161      160           1
  249        128      129      161           1
  250        129      162      161           1
  251        129      130      163           1
  252        129      163      162           1
  253        130      131      163           1
  254        131      164      163           1
  255        131      132      165           1
  256        131      165      164           1
  257        133      134      167           1
  258        133      167      166           1
  259        134      135      167           1
  260        135      168      167           1
  261        135      136      169           1
  262        135      169      168           1
  263        136      137      169           1
  264        137      170      169           1
  265        137      138      171           1
  266        137      171      170           1
  267        138      139      171           1
  268        139      172      171           1
  269        139      140      173           1
  270        139      173      172           1
  271        140      141      173           1
  272        141      174      173           1
  273        141      142      175           1
  274        141      175      174           1
  275        142      143      175           1
  276        143      176      175           1
  277        143      144      177           1
  278        143      177      176           1
  279        144      145      177           1
  280        145      178      177           1
  281        145      146      179           1
  282        145      179      178           1
  283        146      147      179           1
  284        147      180      179           1
  285        147      148      181           1
  286        147      181      180           1
  287        148      149      181           1
  288        149      182      181           1
  289        149      150      183           1
  290        149      183      182           1
  291        150      151      183           1
  292        151      184      183           1
  293        151      152      185           1
  294        151      185      184           1
  295        152      153      185           1
  296        153      186      185           1
  297        153      154      187           1
  298        153      187      186           1
  299        154      155      187           1
  300        155      188      187           1
  301        155      156      189           1
  302        155      189      188           1
  303        156      157      189           1
  304        157      190      189           1
  305        157      158      191           1
  306        157      191      190           1
  307        158      159      191           1
  308        159      192      191           1
  309        159      160      193           1
  310        159      193      192           1
  311        160      161      193           1
  312        161      194      193           1
  313        161      162      195           1
  314        161      195      194           1
  315        162      163      195           1
  316        163      196      195           1
  317        163      164      197           1
  318        163      197      196           1
  319        164      165      197           1
  320        165      198      197           1
  321        166      167      199           1
  322        167      200      199           1
  323        167      168      201           1
  324        167      201      200           1
  325        168      169      201           1
  326        169      202      201           1
  327        169      170      203           1
  328        169      203      202           1
  329        170      171      203           1
  330        171      204      203           1
  331        171      172      205           1
  332        171      205      204           1
  333        172      173      205           1
  334        173      206      205           1
  335        173      174      207           1
  336        173      207      206           1
  337        174      175      207           1
  338        175      208      207           1
  339        175      176      209           1
  340        175      209      208           1
  341        176      177      209           1
  342        177      210      209           1
  343        177      178      211           1
  344        177      211      210           1
  345        178      179      211           1
  346        179      212      211           1
  347        179      180      213           1
  348        179      213      212           1
  349        180      181      213           1
  350        181      214      213           1
  351        181      182      215           1
  352        181      215      214           1
  353        182      183      215           1
  354        183      216      215           1
  355        183      184      217           1
  356        183      217      216           1
  357        184      185      217           1
  358        185      218      217           1
  359        185      186      219           1
  360        185      219      218           1
  361        186      187      219           1
  362        187      220      219           1
  363        187      188      221           1
  364        187      221      220           1
  365        188      189      221           1
  366        189      222      221           1
  367        189      190      223           1
  368        189      223      222           1
  369        190      191      223           1
  370        191      224      223           1
  371        191      192      225           1
  372        191      225      224           1
  373        192      193      225           1
  374        193      226      225           1
  375        193      194      227           1
  376        193      227      226           1
  377        194      195      227           1
  378        195      228      227           1
  379        195      196      229           1
  380        195      229      228           1
  381        196      197      229           1
  382        197      230      229           1
  383        197      198      231           1
  384        197      231      230           1
  385        199      200      233           1
  386        199      233      232           1
  387        200      201      233           1
  388        201      234      233           1
  389        201      202      235           1
  390        201      235      234           1
  391        202      203      235           1
  392        203      236      235           1
  393        203      204      237           1
  394        203      237      236           1
  395        204      205      237           1
  396        205      238      237           1
  397        205      206      239           1
  398        205      239      238           1
  399        206      207      239           1
  400        207      240      239           1
  401        207      208      241           1
  402        207      241      240           1
  403        208      209      241           1
  404        209      242      241           1
  405        209      210      243           1
  406        209      243      242           1
  407        210      211      243           1
  408        211      244      243           1
  409        211      212      245           1
  410        211      245      244           1
  411        212      213      245           1
  412        213      246      245           1
  413        213      214      247           1
  414        213      247      246           1
  415        214      215      247           1
  416        215      248      247           1
  417        215      216      249           1
  418        215      249      248           1
  419        216      217      249           1
  420        217      250      249           1
  421        217      218      251           1
  422        217      251      250           1
  423        218      219      251           1
  424        219      252      251           1
  425        219      220      253           1
  426        219      253      252           1
  427        220      221      253           1
  428        221      254      253           1
  429        221      222      255           1
  430        221      255      254           1
  431        222      223      255           1
  432        223      256      255           1
  433        223      224      257           1
  434        223      257      256           1
  435        224      225      257           1
  436        225      258      257           1
  437        225      226      259           1
  438        225      259      258           1
  439        226      227      259           1
  440        227      260      259           1
  441        227      228      261           1
  442        227      261      260           1
  443        228      229      261           1
  444        229      262      261           1
  445        229      230      263           1
  446        229      263      262           1
  447        230      231      263           1
  448        231      264      263           1
  449        232      233      265           1
  450        233      266      265           1
  451        233      234      267           1
  452        233      267      266           1
  453        234      235      267           1
  454        235      268      267           1
  455        235      236      269           1
  456        235      269      268           1
  457        236      237      269           1
  458        237      270      269           1
  459        237      238      271           1
  460        237      271      270           1
  461        238      239      271           1
  462        239      272      271           1
  463        239      240      273           1
  464        239      273      272           1
  465        240      241      273           1
  466        241      274      273           1
  467        241      242      275           1
  468        241      275      274           1
  469        242      243      275           1
  470        243      276      275           1
  471        243      244      277           1
  472        243      277      276           1
  473        244      245      277           1
  474        245      278      277           1
  475        245      246      279           1
  476        245      279      278           1
  477        246      247      279           1
  478        247      280      279           1
  479        247      248      281           1
  480        247      281      280           1
  481        248      249      281           1
  482        249      282      281           1
  483        249      250      283           1
  484        249      283      282           1
  485        250      251      283           1
  486        251      284      283           1
  487        251      252      285           1
  488        251      285      284           1
  489        252      253      285           1
  490        253      286      285           1
  491        253      254      287           1
  492        253      287      286           1
  493        254      255      287           1
  494        255      288      287           1
  495        255      256      289           1
  496        255      289      288           1
  497        256      257      289           1
  498        257      290      289           1
  499        257      258      291           1
  500        257      291      290           1
  501        258      259      291           1
  502        259      292      291           1
  503        259      260      293           1
  504        259      293      292           1
  505        260      261      293           1
  506        261      294      293           1
  507        261      262      295           1
  508        261      295      294           1
  509        262      263      295           1
  510        263      296      295           1
  511        263      264      297           1
  512        263      297      296           1
  513        265      266      299           1
  514        265      299      298           1
  515        266      267      299           1
  516        267      300      299           1
  517        267      268      301           1
  518        267      301      300           1
  519        268      269      301           1
  520        269      302      301           1
  521        269      270      303           1
  522        269      303      302           1
  523        270      271      303           1
  524        271      304      303           1
  525        271      272      305           1
  526        271      305      304           1
  527        272      273      305           1
  528        273      306      305           1
  529        273      274      307           1
  530        273      307      306           1
  531        274      275      307           1
  532        275      308      307           1
  533        275      276      309           1
  534        275      309      308           1
  535        276      277      309           1
  536        277      310      309           1
  537        277      278      311           1
  538        277      311      310           1
  539        278      279      311           1
  540        279      312      311           1
  541        279      280      313           1
  542        279      313      312           1
  543        280      281      313           1
  544        281      314      313           1
  545        281      282      315           1
  546        281      315      314           1
  547        282      283      315           1
  548        283      316      315           1
  549        283      284      317           1
  550        283      317      316           1
  551        284      285      317           1
  552        285      318      317           1
  553        285      286      319           1
  554        285      319      318           1
  555        286      287      319           1
  556        287      320      319           1
  557        287      288      321           1
  558        287      321      320           1
  559        288      289      321           1
  560        289      322      321           1
  561        289      290      323           1
  562        289      323      322           1
  563        290      291      323           1
  564        291      324      323           1
  565        291      292      325           1
  566        291      325      324           1
  567        292      293      325           1
  568        293      326      325           1
  569        293      294      327           1
  570        293      327      326           1
  571        294      295      327           1
  572        295      328      327           1
  573        295      296      329           1
  574        295      329      328           1
  575        296      297      329           1
  576        297      330      329           1
  577        298      299      331           1
  578        299      332      331           1
  579        299      300      333           1
  580        299      333      332           1
  581        300      301      333           1
  582        301      334      333           1
  583        301      302      335           1
  584        301      335      334           1
  585        302      303      335           1
  586        303      336      335           1
  587        303      304      337           1
  588        303      337      336           1
  589        304      305      337           1
  590        305      338      337           1
  591        305      306      339           1
  592        305      339      338           1
  593        306      307      339           1
  594        307      340      339           1
  595        307      308      341           1
  596        307      341      340           1
  597        308      309      341           1
  598        309      342      341           1
  599        309      310      343           1
  600        309      343      342           1
  601        310      311      343           1
  602        311      344      343           1
  603        311      312      345           1
  604        311      345      344           1
  605        312      313      345           1
  606        313      346      345           1
  607        313      314      347           1
  608        313      347      346           1
  609        314      315      347           1
  610        315      348      347           1
  611        315      316      349           1
  612        315      349      348           1
  613        316      317      349           1
  614        317      350      349           1
  615        317      318      351           1
  616        317      351      350           1
  617        318      319      351           1
  618        319      352      351           1
  619        319      320      353           1
  620        319      353      352           1
  621        320      321      353           1
  622        321      354      353           1
  623        321      322      355           1
  624        321      355      354           1
  625        322      323      355           1
  626        323      356      355           1
  627        323      324      357           1
  628        323      357      356           1
  629        324      325      357           1
  630        325      358      357           1
  631        325      326      359           1
  632        325      359      358           1
  633        326      327      359           1
  634        327      360      359           1
  635        327      328      361           1
  636        327      361      360           1
  637        328      329      361           1
  638        329      362      361           1
  639        329      330      363           1
  640        329      363      362           1
  641        331      332      365           1
  642        331      365      364           1
  643        332      333      365           1
  644        333      366      365           1
  645        333      334      367           1
  646        333      367      366           1
  647        334      335      367           1
  648        335      368      367           1
  649        335      336      369           1
  650        335      369      368           1
  651        336      337      369           1
  652        337      370      369           1
  653        337      338      371           1
  654        337      371      370           1
  655        338      339      371           1
  656        339      372      371           1
  657        339      340      373           1
  658        339      373      372           1
  659        340      341      373           1
  660        341      374      373           1
  661        341      342      375           1
  662        341      375      374           1
  663        342      343      375           1
  664        343      376      375           1
  665        343      344      377           1
  666        343      377      376           1
  667        344      345      377           1
  668        345      378      377           1
  669        345      346      379           1
  670        345      379      378           1
  671        346      347      379           1
  672        347      380      379           1
  673        347      348      381           1
  674        347      381      380           1
  675        348      349      381           1
  676        349      382      381           1
  677        349      350      383           1
  678        349      383      382           1
  679        350      351      383           1
  680        351      384      383           1
  681        351      352      385           1
  682        351      385      384           1
  683        352      353      385           1
  684        353      386      385           1
  685        353      354      387           1
  686        353      387      386           1
  687        354      355      387           1
  688        355      388      387           1
  689        355      356      389           1
  690        355      389      388           1
  691        356      357      389           1
  692        357      390      389           1
  693        357      358      391           1
  694        357      391      390           1
  695        358      359      391           1
  696        359      392      391           1
  697        359      360      393           1
  698        359      393      392           1
  699        360      361      393           1
  700        361      394      393           1
  701        361      362      395           1
  702        361      395      394           1
  703        362      363      395           1
  704        363      396      395           1
  705        364      365      397           1
  706        365      398      397           1
  707        365      366      399           1
  708        365      399      398           1
  709        366      367      399           1
  710        367      400      399           1
  711        367      368      401           1
  712        367      401      400           1
  713        368      369      401           1
  714        369      402      401           1
  715        369      370      403           1
  716        369      403      402           1
  717        370      371      403           1
  718        371      404      403           1
  719        371      372      405           1
  720        371      405      404           1
  721        372      373      405           1
  722        373      406      405           1
  723        373      374      407           1
  724        373      407      406           1
  725        374      375      407           1
  726        375      408      407           1
  727        375      376      409           1
  728        375      409      408           1
  729        376      377      409           1
  730        377      410      409           1
  731        377      378      411           1
  732        377      411      410           1
  733        378      379      411           1
  734        379      412      411           1
  735        379      380      413           1
  736        379      413      412           1
  737        380      381      413           1
  738        381      414      413           1
  739        381      382      415           1
  740        381      415      414           1
  741        382      383      415           1
  742        383      416      415           1
  743        383      384      417           1
  744        383      417      416           1
  745        384      385      417           1
  746        385      418      417           1
  747        385      386      419           1
  748        385      419      418           1
  749        386      387      419           1
  750        387      420      419           1
  751        387      388      421           1
  752        387      421      420           1
  753        388      389      421           1
  754        389      422      421           1
  755        389      390      423           1
  756        389      423      422           1
  757        390      391      423           1
  758        391      424      423           1
  759        391      392      425           1
  760        391      425      424           1
  761        392      393      425           1
  762        393      426      425           1
  763        393      394      427           1
  764        393      427      426           1
  765        394      395      427           1
  766        395      428      427           1
  767        395      396      429           1
  768        395      429      428           1
  769        397      398      431           1
  770        397      431      430           1
  771        398      399      431           1
  772        399      432      431           1
  773        399      400      433           1
  774        399      433      432           1
  775        400      401      433           1
  776        401      434      433           1
  777        401      402      435           1
  778        401      435      434           1
  779        402      403      435           1
  780        403      436      435           1
  781        403      404      437           1
  782        403      437      436           1
  783        404      405      437           1
  784        405      438      437           1
  785        405      406      439           1
  786        405      439      438           1
  787        406      407      439           1
  788        407      440      439           1
  789        407      408      441           1
  790        407      441      440           1
  791        408      409      441           1
  792        409      442      441           1
  793        409      410      443           1
  794        409      443      442           1
  795        410      411      443           1
  796        411      444      443           1
  797        411      412      445           1
  798        411      445      444           1
  799        412      413      445           1
  800        413      446      445           1
  801        413      414      447           1
  802        413      447      446           1
  803        414      415      447           1
  804        415      448      447           1
  805        415      416      449           1
  806        415      449      448           1
  807        416      417      449           1
  808        417      450      449           1
  809        417      418      451           1
  810        417      451      450           1
  811        418      419      451           1
  812        419      452      451           1
  813        419      420      453           1
  814        419      453      452           1
  815        420      421      453           1
  816        421      454      453           1
  817        421      422      455           1
  818        421      455      454           1
  819        422      423      455           1
  820        423      456      455           1
  821        423      424      457           1
  822        423      457      456           1
  823        424      425      457           1
  824        425      458      457           1
  825        425      426      459           1
  826        425      459      458           1
  827        426      427      459           1
  828        427      460      459           1
  829        427      428      461           1
  830        427      461      460           1
  831        428      429      461           1
  832        429      462      461           1
  833        430      431      463           1
  834        431      464      463           1
  835        431      432      465           1
  836        431      465      464           1
  837        432      433      465           1
  838        433      466      465           1
  839        433      434      467           1
  840        433      467      466           1
  841        434      435      467           1
  842        435      468      467           1
  843        435      436      469           1
  844        435      469      468           1
  845        436      437      469           1
  846        437      470      469           1
  847        437      438      471           1
  848        437      471      470           1
  849        438      439      471           1
  850        439      472      471           1
  851        439      440      473           1
  852        439      473      472           1
  853        440      441      473           1
  854        441      474      473           1
  855        441      442      475           1
  856        441      475      474           1
  857        442      443      475           1
  858        443      476      475           1
  859        443      444      477           1
  860        443      477      476           1
  861        444      445      477           1
  862        445      478      477           1
  863        445      446      479           1
  864        445      479      478           1
  865        446      447      479           1
  866        447      480      479           1
  867        447      448      481           1
  868        447      481      480           1
  869        448      449      481           1
  870        449      482      481           1
  871        449      450      483           1
  872        449      483      482           1
  873        450      451      483           1
  874        451      484      483           1
  875        451      452      485           1
  876        451      485      484           1
  877        452      453      485           1
  878        453      486      485           1
  879        453      454      487           1
  880        453      487      486           1
  881        454      455      487           1
  882        455      488      487           1
  883        455      456      489           1
  884        455      489      488           1
  885        456      457      489           1
  886        457      490      489           1
  887        457      458      491           1
  888        457      491      490           1
  889        458      459      491           1
  890        459      492      491           1
  891        459      460      493           1
  892        459      493      492           1
  893        460      461      493           1
  894        461      494      493           1
  895        461      462      495           1
  896        461      495      494           1
  897        463      464      497           1
  898        463      497      496           1
  899        464      465      497           1
  900        465      498      497           1
  901        465      466      499           1
  902        465      499      498           1
  903        466      467      499           1
  904        467      500      499           1
  905        467      468      501           1
  906        467      501      500           1
  907        468      469      501           1
  908        469      502      501           1
  909        469      470      503           1
  910        469      503      502           1
  911        470      471      503           1
  912        471      504      503           1
  913        471      472      505           1
  914        471      505      504           1
  915        472      473      505           1
  916        473      506      505           1
  917        473      474      507           1
  918        473      507      506           1
  919        474      475      507           1
  920        475      508      507           1
  921        475      476      509           1
  922        475      509      508           1
  923        476      477      509           1
  924        477      510      509           1
  925        477      478      511           1
  926        477      511      510           1
  927        478      479      511           1
  928        479      512      511           1
  929        479      480      513           1
  930        479      513      512           1
  931        480      481      513           1
  932        481      514      513           1
  933        481      482      515           1
  934        481      515      514           1
  935        482      483      515           1
  936        483      516      515           1
  937        483      484      517           1
  938        483      517      516           1
  939        484      485      517           1
  940        485      518      517           1
  941        485      486      519           1
  942        485      519      518           1
  943        486      487      519           1
  944        487      520      519           1
  945        487      488      521           1
  946        487      521      520           1
  947        488      489      521           1
  948        489      522      521           1
  949        489      490      523           1
  950        489      523      522           1
  951        490      491      523           1
  952        491      524      523           1
  953        491      492      525           1
  954        491      525      524           1
  955        492      493      525           1
  956        493      526      525           1
  957        493      494      527           1
  958        493      527      526           1
  959        494      495      527           1
  960        495      528      527           1
  961        496      497      529           1
  962        497      530      529           1
  963        497      498      531           1
  964        497      531      530           1
  965        498      499      531           1
  966        499      532      531           1
  967        499      500      533           1
  968        499      533      532           1
  969        500      501      533           1
  970        501      534      533           1
  971        501      502      535           1
  972        501      535      534           1
  973        502      503      535           1
  974        503      536      535           1
  975        503      504      537           1
  976        503      537      536           1
  977        504      505      537           1
  978        505      538      537           1
  979        505      506      539           1
  980        505      539      538           1
  981        506      507      539           1
  982        507      540      539           1
  983        507      508      541           1
  984        507      541      540           1
  985        508      509      541           1
  986        509      542      541           1
  987        509      510      543           1
  988        509      543      542           1
  989        510      511      543           1
  990        511      544      543           1
  991        511      512      545           1
  992        511      545      544           1
  993        512      513      545           1
  994        513      546      545           1
  995        513      514      547           1
  996        513      547      546           1
  997        514      515      547           1
  998        515      548      547           1
  999        515      516      549           1
 1000        515      549      548           1
 1001        516      517      549           1
 1002        517      550      549           1
 1003        517      518      551           1
 1004        517      551      550           1
 1005        518      519      551           1
 1006        519      552      551           1
 1007        519      520      553           1
 1008        519      553      552           1
 1009        520      521      553           1
 1010        521      554      553           1
 1011        521      522      555           1
 1012        521      555      554           1
 1013        522      523      555           1
 1014        523      556      555           1
 1015        523      524      557           1
 1016        523      557      556           1
 1017        524      525      557           1
 1018        525      558      557           1
 1019        525      526      559           1
 1020        525      559      558           1
 1021        526      527      559           1
 1022        527      560      559           1
 1023        527      528      561           1
 1024        527      561      560           1

	TOTAL SYSTEM DATA

     NUMBER OF EQUATIONS . . . . . . . . . . . . . .(NEQ) = 1088
     NUMBER OF MATRIX ELEMENTS . . . . . . . . . . .(NWK) = 68284
     MAXIMUM HALF BANDWIDTH  . . . . . . . . . . . .(MK ) = 68
     MEAN HALF BANDWIDTH . . . . . . . . . . . . . .(MM ) = 62


 LOAD CASE    1


 D I S P L A C E M E N T S

  NODE           X-DISPLACEMENT    Y-DISPLACEMENT    Z-DISPLACEMENT
    1               0.00000e+00       0.00000e+00       0.00000e+00
    2              -8.13704e-05      -4.16831e-05       0.00000e+00
    3              -1.60092e-04      -1.21349e-04       0.00000e+00
    4              -2.37186e-04      -2.49703e-04       0.00000e+00
    5              -3.11970e-04      -4.24324e-04       0.00000e+00
    6              -3.84114e-04      -6.46064e-04       0.00000e+00
    7              -4.53695e-04      -9.10964e-04       0.00000e+00
    8              -5.20590e-04      -1.21961e-03       0.00000e+00
    9              -5.84921e-04      -1.56821e-03       0.00000e+00
   10              -6.46566e-04      -1.95719e-03       0.00000e+00
   11              -7.05647e-04      -2.38293e-03       0.00000e+00
   12              -7.62043e-04      -2.84568e-03       0.00000e+00
   13              -8.15876e-04      -3.34199e-03       0.00000e+00
   14              -8.67023e-04      -3.87195e-03       0.00000e+00
   15              -9.15607e-04      -4.43228e-03       0.00000e+00
   16              -9.61505e-04      -5.02289e-03       0.00000e+00
   17              -1.00484e-03      -5.64067e-03       0.00000e+00
   18              -1.04549e-03      -6.28536e-03       0.00000e+00
   19              -1.08357e-03      -6.95403e-03       0.00000e+00
   20              -1.11897e-03      -7.64626e-03       0.00000e+00
   21              -1.15181e-03      -8.35926e-03       0.00000e+00
   22              -1.18196e-03      -9.09245e-03       0.00000e+00
   23              -1.20955e-03      -9.84322e-03       0.00000e+00
   24              -1.23445e-03      -1.06108e-02       0.00000e+00
   25              -1.25679e-03      -1.13928e-02       0.00000e+00
   26              -1.27644e-03      -1.21882e-02       0.00000e+00
   27              -1.29353e-03      -1.29949e-02       0.00000e+00
   28              -1.30794e-03      -1.38116e-02       0.00000e+00
   29              -1.31978e-03      -1.46363e-02       0.00000e+00
   30              -1.32894e-03      -1.54677e-02       0.00000e+00
   31              -1.33555e-03      -1.63040e-02       0.00000e+00
   32              -1.33958e-03      -1.71437e-02       0.00000e+00
   33              -1.34115e-03      -1.79858e-02       0.00000e+00
   34               0.00000e+00       0.00000e+00       0.00000e+00
   35              -6.93868e-05      -3.66145e-05       0.00000e+00
   36              -1.39348e-04      -1.17516e-04       0.00000e+00
   37              -2.07020e-04      -2.44822e-04       0.00000e+00
   38              -2.72425e-04      -4.20780e-04       0.00000e+00
   39              -3.35596e-04      -6.41510e-04       0.00000e+00
   40              -3.96432e-04      -9.07673e-04       0.00000e+00
   41              -4.55012e-04      -1.21539e-03       0.00000e+00
   42              -5.11254e-04      -1.56517e-03       0.00000e+00
   43              -5.65240e-04      -1.95331e-03       0.00000e+00
   44              -6.16890e-04      -2.38014e-03       0.00000e+00
   45              -6.66283e-04      -2.84213e-03       0.00000e+00
   46              -7.13340e-04      -3.33946e-03       0.00000e+00
   47              -7.58141e-04      -3.86874e-03       0.00000e+00
   48              -8.00604e-04      -4.43000e-03       0.00000e+00
   49              -8.40812e-04      -5.02002e-03       0.00000e+00
   50              -8.78683e-04      -5.63864e-03       0.00000e+00
   51              -9.14298e-04      -6.28283e-03       0.00000e+00
   52              -9.47576e-04      -6.95226e-03       0.00000e+00
   53              -9.78598e-04      -7.64407e-03       0.00000e+00
   54              -1.00728e-03      -8.35774e-03       0.00000e+00
   55              -1.03371e-03      -9.09060e-03       0.00000e+00
   56              -1.05780e-03      -9.84196e-03       0.00000e+00
   57              -1.07964e-03      -1.06093e-02       0.00000e+00
   58              -1.09914e-03      -1.13918e-02       0.00000e+00
   59              -1.11638e-03      -1.21871e-02       0.00000e+00
   60              -1.13129e-03      -1.29941e-02       0.00000e+00
   61              -1.14394e-03      -1.38107e-02       0.00000e+00
   62              -1.15425e-03      -1.46358e-02       0.00000e+00
   63              -1.16231e-03      -1.54672e-02       0.00000e+00
   64              -1.16804e-03      -1.63037e-02       0.00000e+00
   65              -1.17154e-03      -1.71435e-02       0.00000e+00
   66              -1.17288e-03      -1.79856e-02       0.00000e+00
   67               0.00000e+00       0.00000e+00       0.00000e+00
   68              -5.88821e-05      -3.36055e-05       0.00000e+00
   69              -1.18866e-04      -1.13033e-04       0.00000e+00
   70              -1.77002e-04      -2.41706e-04       0.00000e+00
   71              -2.33134e-04      -4.16608e-04       0.00000e+00
   72              -2.87243e-04      -6.38623e-04       0.00000e+00
   73              -3.39426e-04      -9.03800e-04       0.00000e+00
   74              -3.89598e-04      -1.21272e-03       0.00000e+00
   75              -4.37844e-04      -1.56160e-03       0.00000e+00
   76              -4.84080e-04      -1.95085e-03       0.00000e+00
   77              -5.28389e-04      -2.37686e-03       0.00000e+00
   78              -5.70688e-04      -2.83989e-03       0.00000e+00
   79              -6.11061e-04      -3.33648e-03       0.00000e+00
   80              -6.49423e-04      -3.86671e-03       0.00000e+00
   81              -6.85859e-04      -4.42732e-03       0.00000e+00
   82              -7.20285e-04      -5.01820e-03       0.00000e+00
   83              -7.52784e-04      -5.63626e-03       0.00000e+00
   84              -7.83273e-04      -6.28123e-03       0.00000e+00
   85              -8.11835e-04      -6.95018e-03       0.00000e+00
   86              -8.38387e-04      -7.64268e-03       0.00000e+00
   87              -8.63013e-04      -8.35595e-03       0.00000e+00
   88              -8.85628e-04      -9.08942e-03       0.00000e+00
   89              -9.06317e-04      -9.84047e-03       0.00000e+00
   90              -9.24995e-04      -1.06083e-02       0.00000e+00
   91              -9.41747e-04      -1.13906e-02       0.00000e+00
   92              -9.56489e-04      -1.21863e-02       0.00000e+00
   93              -9.69305e-04      -1.29932e-02       0.00000e+00
   94              -9.80110e-04      -1.38102e-02       0.00000e+00
   95              -9.88988e-04      -1.46352e-02       0.00000e+00
   96              -9.95856e-04      -1.54669e-02       0.00000e+00
   97              -1.00079e-03      -1.63034e-02       0.00000e+00
   98              -1.00372e-03      -1.71434e-02       0.00000e+00
   99              -1.00484e-03      -1.79854e-02       0.00000e+00
  100               0.00000e+00       0.00000e+00       0.00000e+00
  101              -4.82514e-05      -2.99550e-05       0.00000e+00
  102              -9.86360e-05      -1.10374e-04       0.00000e+00
  103              -1.47214e-04      -2.37942e-04       0.00000e+00
  104              -1.93981e-04      -4.14161e-04       0.00000e+00
  105              -2.39110e-04      -6.35132e-04       0.00000e+00
  106              -2.82562e-04      -9.01532e-04       0.00000e+00
  107              -3.24405e-04      -1.20949e-03       0.00000e+00
  108              -3.64577e-04      -1.55950e-03       0.00000e+00
  109              -4.03140e-04      -1.94788e-03       0.00000e+00
  110              -4.40031e-04      -2.37494e-03       0.00000e+00
  111              -4.75314e-04      -2.83717e-03       0.00000e+00
  112              -5.08924e-04      -3.33473e-03       0.00000e+00
  113              -5.40926e-04      -3.86426e-03       0.00000e+00
  114              -5.71256e-04      -4.42575e-03       0.00000e+00
  115              -5.99977e-04      -5.01600e-03       0.00000e+00
  116              -6.27027e-04      -5.63486e-03       0.00000e+00
  117              -6.52467e-04      -6.27929e-03       0.00000e+00
  118              -6.76236e-04      -6.94896e-03       0.00000e+00
  119              -6.98396e-04      -7.64100e-03       0.00000e+00
  120              -7.18884e-04      -8.35491e-03       0.00000e+00
  121              -7.37763e-04      -9.08800e-03       0.00000e+00
  122              -7.54971e-04      -9.83960e-03       0.00000e+00
  123              -7.70569e-04      -1.06072e-02       0.00000e+00
  124              -7.84496e-04      -1.13899e-02       0.00000e+00
  125              -7.96814e-04      -1.21854e-02       0.00000e+00
  126              -8.07461e-04      -1.29927e-02       0.00000e+00
  127              -8.16498e-04      -1.38096e-02       0.00000e+00
  128              -8.23864e-04      -1.46348e-02       0.00000e+00
  129              -8.29618e-04      -1.54665e-02       0.00000e+00
  130              -8.33686e-04      -1.63032e-02       0.00000e+00
  131              -8.36108e-04      -1.71432e-02       0.00000e+00
  132              -8.37059e-04      -1.79852e-02       0.00000e+00
  133               0.00000e+00       0.00000e+00       0.00000e+00
  134              -3.84871e-05      -2.82145e-05       0.00000e+00
  135              -7.86124e-05      -1.07055e-04       0.00000e+00
  136              -1.17547e-04      -2.35958e-04       0.00000e+00
  137              -1.55016e-04      -4.11087e-04       0.00000e+00
  138              -1.91094e-04      -6.33307e-04       0.00000e+00
  139              -2.25882e-04      -8.98682e-04       0.00000e+00
  140              -2.59330e-04      -1.20780e-03       0.00000e+00
  141              -2.91494e-04      -1.55687e-03       0.00000e+00
  142              -3.22318e-04      -1.94632e-03       0.00000e+00
  143              -3.51857e-04      -2.37253e-03       0.00000e+00
  144              -3.80057e-04      -2.83575e-03       0.00000e+00
  145              -4.06971e-04      -3.33254e-03       0.00000e+00
  146              -4.32547e-04      -3.86297e-03       0.00000e+00
  147              -4.56837e-04      -4.42377e-03       0.00000e+00
  148              -4.79788e-04      -5.01485e-03       0.00000e+00
  149              -5.01453e-04      -5.63311e-03       0.00000e+00
  150              -5.21780e-04      -6.27828e-03       0.00000e+00
  151              -5.40821e-04      -6.94742e-03       0.00000e+00
  152              -5.58522e-04      -7.64012e-03       0.00000e+00
  153              -5.74939e-04      -8.35359e-03       0.00000e+00
  154              -5.90016e-04      -9.08726e-03       0.00000e+00
  155              -6.03808e-04      -9.83850e-03       0.00000e+00
  156              -6.16261e-04      -1.06066e-02       0.00000e+00
  157              -6.27429e-04      -1.13890e-02       0.00000e+00
  158              -6.37257e-04      -1.21849e-02       0.00000e+00
  159              -6.45800e-04      -1.29920e-02       0.00000e+00
  160              -6.53004e-04      -1.38092e-02       0.00000e+00
  161              -6.58923e-04      -1.46344e-02       0.00000e+00
  162              -6.63498e-04      -1.54663e-02       0.00000e+00
  163              -6.66769e-04      -1.63030e-02       0.00000e+00
  164              -6.68675e-04      -1.71432e-02       0.00000e+00
  165              -6.69413e-04      -1.79849e-02       0.00000e+00
  166               0.00000e+00       0.00000e+00       0.00000e+00
  167              -2.85355e-05      -2.57653e-05       0.00000e+00
  168              -5.88039e-05      -1.05599e-04       0.00000e+00
  169              -8.80474e-05      -2.33327e-04       0.00000e+00
  170              -1.16142e-04      -4.09741e-04       0.00000e+00
  171              -1.43225e-04      -6.30879e-04       0.00000e+00
  172              -1.69296e-04      -8.97438e-04       0.00000e+00
  173              -1.94402e-04      -1.20555e-03       0.00000e+00
  174              -2.18505e-04      -1.55572e-03       0.00000e+00
  175              -2.41643e-04      -1.94425e-03       0.00000e+00
  176              -2.63777e-04      -2.37148e-03       0.00000e+00
  177              -2.84947e-04      -2.83387e-03       0.00000e+00
  178              -3.05113e-04      -3.33158e-03       0.00000e+00
  179              -3.24314e-04      -3.86126e-03       0.00000e+00
  180              -3.42512e-04      -4.42291e-03       0.00000e+00
  181              -3.59745e-04      -5.01333e-03       0.00000e+00
  182              -3.75974e-04      -5.63234e-03       0.00000e+00
  183              -3.91239e-04      -6.27693e-03       0.00000e+00
  184              -4.05500e-04      -6.94675e-03       0.00000e+00
  185              -4.18796e-04      -7.63895e-03       0.00000e+00
  186              -4.31089e-04      -8.35302e-03       0.00000e+00
  187              -4.42417e-04      -9.08627e-03       0.00000e+00
  188              -4.52741e-04      -9.83802e-03       0.00000e+00
  189              -4.62100e-04      -1.06058e-02       0.00000e+00
  190              -4.70456e-04      -1.13886e-02       0.00000e+00
  191              -4.77847e-04      -1.21843e-02       0.00000e+00
  192              -4.84235e-04      -1.29917e-02       0.00000e+00
  193              -4.89658e-04      -1.38088e-02       0.00000e+00
  194              -4.94076e-04      -1.46342e-02       0.00000e+00
  195              -4.97527e-04      -1.54660e-02       0.00000e+00
  196              -4.99954e-04      -1.63029e-02       0.00000e+00
  197              -5.01375e-04      -1.71431e-02       0.00000e+00
  198              -5.01951e-04      -1.79847e-02       0.00000e+00
  199               0.00000e+00       0.00000e+00       0.00000e+00
  200              -1.90511e-05      -2.51265e-05       0.00000e+00
  201              -3.91126e-05      -1.03473e-04       0.00000e+00
  202              -5.86304e-05      -2.32493e-04       0.00000e+00
  203              -7.73843e-05      -4.07769e-04       0.00000e+00
  204              -9.54265e-05      -6.30117e-04       0.00000e+00
  205              -1.12820e-04      -8.95611e-04       0.00000e+00
  206              -1.29544e-04      -1.20485e-03       0.00000e+00
  207              -1.45626e-04      -1.55404e-03       0.00000e+00
  208              -1.61038e-04      -1.94361e-03       0.00000e+00
  209              -1.75808e-04      -2.36993e-03       0.00000e+00
  210              -1.89908e-04      -2.83327e-03       0.00000e+00
  211              -2.03365e-04      -3.33018e-03       0.00000e+00
  212              -2.16153e-04      -3.86073e-03       0.00000e+00
  213              -2.28298e-04      -4.42165e-03       0.00000e+00
  214              -2.39773e-04      -5.01285e-03       0.00000e+00
  215              -2.50606e-04      -5.63122e-03       0.00000e+00
  216              -2.60769e-04      -6.27651e-03       0.00000e+00
  217              -2.70290e-04      -6.94577e-03       0.00000e+00
  218              -2.79141e-04      -7.63858e-03       0.00000e+00
  219              -2.87349e-04      -8.35218e-03       0.00000e+00
  220              -2.94888e-04      -9.08596e-03       0.00000e+00
  221              -3.01783e-04      -9.83732e-03       0.00000e+00
  222              -3.08010e-04      -1.06055e-02       0.00000e+00
  223              -3.13594e-04      -1.13881e-02       0.00000e+00
  224              -3.18508e-04      -1.21841e-02       0.00000e+00
  225              -3.22779e-04      -1.29913e-02       0.00000e+00
  226              -3.26382e-04      -1.38086e-02       0.00000e+00
  227              -3.29341e-04      -1.46339e-02       0.00000e+00
  228              -3.31626e-04      -1.54660e-02       0.00000e+00
  229              -3.33254e-04      -1.63028e-02       0.00000e+00
  230              -3.34193e-04      -1.71430e-02       0.00000e+00
  231              -3.34562e-04      -1.79846e-02       0.00000e+00
  232               0.00000e+00       0.00000e+00       0.00000e+00
  233              -9.45123e-06      -2.37427e-05       0.00000e+00
  234              -1.95378e-05      -1.03216e-04       0.00000e+00
  235              -2.93007e-05      -2.31011e-04       0.00000e+00
  236              -3.86726e-05      -4.07528e-04       0.00000e+00
  237              -4.77016e-05      -6.28752e-04       0.00000e+00
  238              -5.63918e-05      -8.95390e-04       0.00000e+00
  239              -6.47604e-05      -1.20358e-03       0.00000e+00
  240              -7.27946e-05      -1.55383e-03       0.00000e+00
  241              -8.05073e-05      -1.94244e-03       0.00000e+00
  242              -8.78855e-05      -2.36975e-03       0.00000e+00
  243              -9.49421e-05      -2.83221e-03       0.00000e+00
  244              -1.01664e-04      -3.33001e-03       0.00000e+00
  245              -1.08065e-04      -3.85977e-03       0.00000e+00
  246              -1.14130e-04      -4.42149e-03       0.00000e+00
  247              -1.19875e-04      -5.01199e-03       0.00000e+00
  248              -1.25285e-04      -5.63108e-03       0.00000e+00
  249              -1.30373e-04      -6.27575e-03       0.00000e+00
  250              -1.35126e-04      -6.94565e-03       0.00000e+00
  251              -1.39558e-04      -7.63793e-03       0.00000e+00
  252              -1.43656e-04      -8.35207e-03       0.00000e+00
  253              -1.47432e-04      -9.08540e-03       0.00000e+00
  254              -1.50873e-04      -9.83723e-03       0.00000e+00
  255              -1.53993e-04      -1.06050e-02       0.00000e+00
  256              -1.56778e-04      -1.13880e-02       0.00000e+00
  257              -1.59242e-04      -1.21837e-02       0.00000e+00
  258              -1.61371e-04      -1.29913e-02       0.00000e+00
  259              -1.63179e-04      -1.38084e-02       0.00000e+00
  260              -1.64652e-04      -1.46339e-02       0.00000e+00
  261              -1.65801e-04      -1.54658e-02       0.00000e+00
  262              -1.66608e-04      -1.63028e-02       0.00000e+00
  263              -1.67076e-04      -1.71430e-02       0.00000e+00
  264              -1.67269e-04      -1.79845e-02       0.00000e+00
  265               0.00000e+00       0.00000e+00       0.00000e+00
  266               9.31990e-18      -2.41210e-05       0.00000e+00
  267               1.94927e-17      -1.02282e-04       0.00000e+00
  268               2.98744e-17      -2.31335e-04       0.00000e+00
  269               3.96640e-17      -4.06662e-04       0.00000e+00
  270               4.97191e-17      -6.29054e-04       0.00000e+00
  271               6.08170e-17      -8.94588e-04       0.00000e+00
  272               7.16827e-17      -1.20386e-03       0.00000e+00
  273               8.21419e-17      -1.55309e-03       0.00000e+00
  274               9.18827e-17      -1.94270e-03       0.00000e+00
  275               1.03006e-16      -2.36907e-03       0.00000e+00
  276               1.13814e-16      -2.83245e-03       0.00000e+00
  277               1.23389e-16      -3.32939e-03       0.00000e+00
  278               1.30626e-16      -3.85998e-03       0.00000e+00
  279               1.37450e-16      -4.42094e-03       0.00000e+00
  280               1.50379e-16      -5.01218e-03       0.00000e+00
  281               1.62942e-16      -5.63059e-03       0.00000e+00
  282               1.72619e-16      -6.27591e-03       0.00000e+00
  283               1.78392e-16      -6.94522e-03       0.00000e+00
  284               1.82715e-16      -7.63807e-03       0.00000e+00
  285               1.94397e-16      -8.35170e-03       0.00000e+00
  286               2.03125e-16      -9.08552e-03       0.00000e+00
  287               2.04603e-16      -9.83692e-03       0.00000e+00
  288               2.01418e-16      -1.06051e-02       0.00000e+00
  289               1.98016e-16      -1.13878e-02       0.00000e+00
  290               2.05971e-16      -1.21838e-02       0.00000e+00
  291               2.16529e-16      -1.29911e-02       0.00000e+00
  292               2.25189e-16      -1.38084e-02       0.00000e+00
  293               2.37657e-16      -1.46338e-02       0.00000e+00
  294               2.46981e-16      -1.54659e-02       0.00000e+00
  295               2.56753e-16      -1.63027e-02       0.00000e+00
  296               2.52185e-16      -1.71430e-02       0.00000e+00
  297               2.39067e-16      -1.79845e-02       0.00000e+00
  298               0.00000e+00       0.00000e+00       0.00000e+00
  299               9.45123e-06      -2.37427e-05       0.00000e+00
  300               1.95378e-05      -1.03216e-04       0.00000e+00
  301               2.93007e-05      -2.31011e-04       0.00000e+00
  302               3.86726e-05      -4.07528e-04       0.00000e+00
  303               4.77016e-05      -6.28752e-04       0.00000e+00
  304               5.63918e-05      -8.95390e-04       0.00000e+00
  305               6.47604e-05      -1.20358e-03       0.00000e+00
  306               7.27946e-05      -1.55383e-03       0.00000e+00
  307               8.05073e-05      -1.94244e-03       0.00000e+00
  308               8.78855e-05      -2.36975e-03       0.00000e+00
  309               9.49421e-05      -2.83221e-03       0.00000e+00
  310               1.01664e-04      -3.33001e-03       0.00000e+00
  311               1.08065e-04      -3.85977e-03       0.00000e+00
  312               1.14130e-04      -4.42149e-03       0.00000e+00
  313               1.19875e-04      -5.01199e-03       0.00000e+00
  314               1.25285e-04      -5.63108e-03       0.00000e+00
  315               1.30373e-04      -6.27575e-03       0.00000e+00
  316               1.35126e-04      -6.94565e-03       0.00000e+00
  317               1.39558e-04      -7.63793e-03       0.00000e+00
  318               1.43656e-04      -8.35207e-03       0.00000e+00
  319               1.47432e-04      -9.08540e-03       0.00000e+00
  320               1.50873e-04      -9.83723e-03       0.00000e+00
  321               1.53993e-04      -1.06050e-02       0.00000e+00
  322               1.56778e-04      -1.13880e-02       0.00000e+00
  323               1.59242e-04      -1.21837e-02       0.00000e+00
  324               1.61371e-04      -1.29913e-02       0.00000e+00
  325               1.63179e-04      -1.38084e-02       0.00000e+00
  326               1.64652e-04      -1.46339e-02       0.00000e+00
  327               1.65801e-04      -1.54658e-02       0.00000e+00
  328               1.66608e-04      -1.63028e-02       0.00000e+00
  329               1.67076e-04      -1.71430e-02       0.00000e+00
  330               1.67269e-04      -1.79845e-02       0.00000e+00
  331               0.00000e+00       0.00000e+00       0.00000e+00
  332               1.90511e-05      -2.51265e-05       0.00000e+00
  333               3.91126e-05      -1.03473e-04       0.00000e+00
  334               5.86304e-05      -2.32493e-04       0.00000e+00
  335               7.73843e-05      -4.07769e-04       0.00000e+00
  336               9.54265e-05      -6.30117e-04       0.00000e+00
  337               1.12820e-04      -8.95611e-04       0.00000e+00
  338               1.29544e-04      -1.20485e-03       0.00000e+00
  339               1.45626e-04      -1.55404e-03       0.00000e+00
  340               1.61038e-04      -1.94361e-03       0.00000e+00
  341               1.75808e-04      -2.36993e-03       0.00000e+00
  342               1.89908e-04      -2.83327e-03       0.00000e+00
  343               2.03365e-04      -3.33018e-03       0.00000e+00
  344               2.16153e-04      -3.86073e-03       0.00000e+00
  345               2.28298e-04      -4.42165e-03       0.00000e+00
  346               2.39773e-04      -5.01285e-03       0.00000e+00
  347               2.50606e-04      -5.63122e-03       0.00000e+00
  348               2.60769e-04      -6.27651e-03       0.00000e+00
  349               2.70290e-04      -6.94577e-03       0.00000e+00
  350               2.79141e-04      -7.63858e-03       0.00000e+00
  351               2.87349e-04      -8.35218e-03       0.00000e+00
  352               2.94888e-04      -9.08596e-03       0.00000e+00
  353               3.01783e-04      -9.83732e-03       0.00000e+00
  354               3.08010e-04      -1.06055e-02       0.00000e+00
  355               3.13594e-04      -1.13881e-02       0.00000e+00
  356               3.18508e-04      -1.21841e-02       0.00000e+00
  357               3.22779e-04      -1.29913e-02       0.00000e+00
  358               3.26382e-04      -1.38086e-02       0.00000e+00
  359               3.29341e-04      -1.46339e-02       0.00000e+00
  360               3.31626e-04      -1.54660e-02       0.00000e+00
  361               3.33254e-04      -1.63028e-02       0.00000e+00
  362               3.34193e-04      -1.71430e-02       0.00000e+00
  363               3.34562e-04      -1.79846e-02       0.00000e+00
  364               0.00000e+00       0.00000e+00       0.00000e+00
  365               2.85355e-05      -2.57653e-05       0.00000e+00
  366               5.88039e-05      -1.05599e-04       0.00000e+00
  367               8.80474e-05      -2.33327e-04       0.00000e+00
  368               1.16142e-04      -4.09741e-04       0.00000e+00
  369               1.43225e-04      -6.30879e-04       0.00000e+00
  370               1.69296e-04      -8.97438e-04       0.00000e+00
  371               1.94402e-04      -1.20555e-03       0.00000e+00
  372               2.18505e-04      -1.55572e-03       0.00000e+00
  373               2.41643e-04      -1.94425e-03       0.00000e+00
  374               2.63777e-04      -2.37148e-03       0.00000e+00
  375               2.84947e-04      -2.83387e-03       0.00000e+00
  376               3.05113e-04      -3.33158e-03       0.00000e+00
  377               3.24314e-04      -3.86126e-03       0.00000e+00
  378               3.42512e-04      -4.42291e-03       0.00000e+00
  379               3.59745e-04      -5.01333e-03       0.00000e+00
  380               3.75974e-04      -5.63234e-03       0.00000e+00
  381               3.91239e-04      -6.27693e-03       0.00000e+00
  382               4.05500e-04      -6.94675e-03       0.00000e+00
  383               4.18796e-04      -7.63895e-03       0.00000e+00
  384               4.31089e-04      -8.35302e-03       0.00000e+00
  385               4.42417e-04      -9.08627e-03       0.00000e+00
  386               4.52741e-04      -9.83802e-03       0.00000e+00
  387               4.62100e-04      -1.06058e-02       0.00000e+00
  388               4.70456e-04      -1.13886e-02       0.00000e+00
  389               4.77847e-04      -1.21843e-02       0.00000e+00
  390               4.84235e-04      -1.29917e-02       0.00000e+00
  391               4.89658e-04      -1.38088e-02       0.00000e+00
  392               4.94076e-04      -1.46342e-02       0.00000e+00
  393               4.97527e-04      -1.54660e-02       0.00000e+00
  394               4.99954e-04      -1.63029e-02       0.00000e+00
  395               5.01375e-04      -1.71431e-02       0.00000e+00
  396               5.01951e-04      -1.79847e-02       0.00000e+00
  397               0.00000e+00       0.00000e+00       0.00000e+00
  398               3.84871e-05      -2.82145e-05       0.00000e+00
  399               7.86124e-05      -1.07055e-04       0.00000e+00
  400               1.17547e-04      -2.35958e-04       0.00000e+00
  401               1.55016e-04      -4.11087e-04       0.00000e+00
  402               1.91094e-04      -6.33307e-04       0.00000e+00
  403               2.25882e-04      -8.98682e-04       0.00000e+00
  404               2.59330e-04      -1.20780e-03       0.00000e+00
  405               2.91494e-04      -1.55687e-03       0.00000e+00
  406               3.22318e-04      -1.94632e-03       0.00000e+00
  407               3.51857e-04      -2.37253e-03       0.00000e+00
  408               3.80057e-04      -2.83575e-03       0.00000e+00
  409               4.06971e-04      -3.33254e-03       0.00000e+00
  410               4.32547e-04      -3.86297e-03       0.00000e+00
  411               4.56837e-04      -4.42377e-03       0.00000e+00
  412               4.79788e-04      -5.01485e-03       0.00000e+00
  413               5.01453e-04      -5.63311e-03       0.00000e+00
  414               5.21780e-04      -6.27828e-03       0.00000e+00
  415               5.40821e-04      -6.94742e-03       0.00000e+00
  416               5.58522e-04      -7.64012e-03       0.00000e+00
  417               5.74939e-04      -8.35359e-03       0.00000e+00
  418               5.90016e-04      -9.08726e-03       0.00000e+00
  419               6.03808e-04      -9.83850e-03       0.00000e+00
  420               6.16261e-04      -1.06066e-02       0.00000e+00
  421               6.27429e-04      -1.13890e-02       0.00000e+00
  422               6.37257e-04      -1.21849e-02       0.00000e+00
  423               6.45800e-04      -1.29920e-02       0.00000e+00
  424               6.53004e-04      -1.38092e-02       0.00000e+00
  425               6.58923e-04      -1.46344e-02       0.00000e+00
  426               6.63498e-04      -1.54663e-02       0.00000e+00
  427               6.66769e-04      -1.63030e-02       0.00000e+00
  428               6.68675e-04      -1.71432e-02       0.00000e+00
  429               6.69413e-04      -1.79849e-02       0.00000e+00
  430               0.00000e+00       0.00000e+00       0.00000e+00
  431               4.82514e-05      -2.99550e-05       0.00000e+00
  432               9.86360e-05      -1.10374e-04       0.00000e+00
  433               1.47214e-04      -2.37942e-04       0.00000e+00
  434               1.93981e-04      -4.14161e-04       0.00000e+00
  435               2.39110e-04      -6.35132e-04       0.00000e+00
  436               2.82562e-04      -9.01532e-04       0.00000e+00
  437               3.24405e-04      -1.20949e-03       0.00000e+00
  438               3.64577e-04      -1.55950e-03       0.00000e+00
  439               4.03140e-04      -1.94788e-03       0.00000e+00
  440               4.40031e-04      -2.37494e-03       0.00000e+00
  441               4.75314e-04      -2.83717e-03       0.00000e+00
  442               5.08924e-04      -3.33473e-03       0.00000e+00
  443               5.40926e-04      -3.86426e-03       0.00000e+00
  444               5.71256e-04      -4.42575e-03       0.00000e+00
  445               5.99977e-04      -5.01600e-03       0.00000e+00
  446               6.27027e-04      -5.63486e-03       0.00000e+00
  447               6.52467e-04      -6.27929e-03       0.00000e+00
  448               6.76236e-04      -6.94896e-03       0.00000e+00
  449               6.98396e-04      -7.64100e-03       0.00000e+00
  450               7.18884e-04      -8.35491e-03       0.00000e+00
  451               7.37763e-04      -9.08800e-03       0.00000e+00
  452               7.54971e-04      -9.83960e-03       0.00000e+00
  453               7.70569e-04      -1.06072e-02       0.00000e+00
  454               7.84496e-04      -1.13899e-02       0.00000e+00
  455               7.96814e-04      -1.21854e-02       0.00000e+00
  456               8.07461e-04      -1.29927e-02       0.00000e+00
  457               8.16498e-04      -1.38096e-02       0.00000e+00
  458               8.23864e-04      -1.46348e-02       0.00000e+00
  459               8.29618e-04      -1.54665e-02       0.00000e+00
  460               8.33686e-04      -1.63032e-02       0.00000e+00
  461               8.36108e-04      -1.71432e-02       0.00000e+00
  462               8.37059e-04      -1.79852e-02       0.00000e+00
  463               0.00000e+00       0.00000e+00       0.00000e+00
  464               5.88821e-05      -3.36055e-05       0.00000e+00
  465               1.18866e-04      -1.13033e-04       0.00000e+00
  466               1.77002e-04      -2.41706e-04       0.00000e+00
  467               2.33134e-04      -4.16608e-04       0.00000e+00
  468               2.87243e-04      -6.38623e-04       0.00000e+00
  469               3.39426e-04      -9.03800e-04       0.00000e+00
  470               3.89598e-04      -1.21272e-03       0.00000e+00
  471               4.37844e-04      -1.56160e-03       0.00000e+00
  472               4.84080e-04      -1.95085e-03       0.00000e+00
  473               5.28389e-04      -2.37686e-03       0.00000e+00
  474               5.70688e-04      -2.83989e-03       0.00000e+00
  475               6.11061e-04      -3.33648e-03       0.00000e+00
  476               6.49423e-04      -3.86671e-03       0.00000e+00
  477               6.85859e-04      -4.42732e-03       0.00000e+00
  478               7.20285e-04      -5.01820e-03       0.00000e+00
  479               7.52784e-04      -5.63626e-03       0.00000e+00
  480               7.83273e-04      -6.28123e-03       0.00000e+00
  481               8.11835e-04      -6.95018e-03       0.00000e+00
  482               8.38387e-04      -7.64268e-03       0.00000e+00
  483               8.63013e-04      -8.35595e-03       0.00000e+00
  484               8.85628e-04      -9.08942e-03       0.00000e+00
  485               9.06317e-04      -9.84047e-03       0.00000e+00
  486               9.24995e-04      -1.06083e-02       0.00000e+00
  487               9.41747e-04      -1.13906e-02       0.00000e+00
  488               9.56489e-04      -1.21863e-02       0.00000e+00
  489               9.69305e-04      -1.29932e-02       0.00000e+00
  490               9.80110e-04      -1.38102e-02       0.00000e+00
  491               9.88988e-04      -1.46352e-02       0.00000e+00
  492               9.95856e-04      -1.54669e-02       0.00000e+00
  493               1.00079e-03      -1.63034e-02       0.00000e+00
  494               1.00372e-03      -1.71434e-02       0.00000e+00
  495               1.00484e-03      -1.79854e-02       0.00000e+00
  496               0.00000e+00       0.00000e+00       0.00000e+00
  497               6.93868e-05      -3.66145e-05       0.00000e+00
  498               1.39348e-04      -1.17516e-04       0.00000e+00
  499               2.07020e-04      -2.44822e-04       0.00000e+00
  500               2.72425e-04      -4.20780e-04       0.00000e+00
  501               3.35596e-04      -6.41510e-04       0.00000e+00
  502               3.96432e-04      -9.07673e-04       0.00000e+00
  503               4.55012e-04      -1.21539e-03       0.00000e+00
  504               5.11254e-04      -1.56517e-03       0.00000e+00
  505               5.65240e-04      -1.95331e-03       0.00000e+00
  506               6.16890e-04      -2.38014e-03       0.00000e+00
  507               6.66283e-04      -2.84213e-03       0.00000e+00
  508               7.13340e-04      -3.33946e-03       0.00000e+00
  509               7.58141e-04      -3.86874e-03       0.00000e+00
  510               8.00604e-04      -4.43000e-03       0.00000e+00
  511               8.40812e-04      -5.02002e-03       0.00000e+00
  512               8.78683e-04      -5.63864e-03       0.00000e+00
  513               9.14298e-04      -6.28283e-03       0.00000e+00
  514               9.47576e-04      -6.95226e-03       0.00000e+00
  515               9.78598e-04      -7.64407e-03       0.00000e+00
  516               1.00728e-03      -8.35774e-03       0.00000e+00
  517               1.03371e-03      -9.09060e-03       0.00000e+00
  518               1.05780e-03      -9.84196e-03       0.00000e+00
  519               1.07964e-03      -1.06093e-02       0.00000e+00
  520               1.09914e-03      -1.13918e-02       0.00000e+00
  521               1.11638e-03      -1.21871e-02       0.00000e+00
  522               1.13129e-03      -1.29941e-02       0.00000e+00
  523               1.14394e-03      -1.38107e-02       0.00000e+00
  524               1.15425e-03      -1.46358e-02       0.00000e+00
  525               1.16231e-03      -1.54672e-02       0.00000e+00
  526               1.16804e-03      -1.63037e-02       0.00000e+00
  527               1.17154e-03      -1.71435e-02       0.00000e+00
  528               1.17288e-03      -1.79856e-02       0.00000e+00
  529               0.00000e+00       0.00000e+00       0.00000e+00
  530               8.13704e-05      -4.16831e-05       0.00000e+00
  531               1.60092e-04      -1.21349e-04       0.00000e+00
  532               2.37186e-04      -2.49703e-04       0.00000e+00
  533               3.11970e-04      -4.24324e-04       0.00000e+00
  534               3.84114e-04      -6.46064e-04       0.00000e+00
  535               4.53695e-04      -9.10964e-04       0.00000e+00
  536               5.20590e-04      -1.21961e-03       0.00000e+00
  537               5.84921e-04      -1.56821e-03       0.00000e+00
  538               6.46566e-04      -1.95719e-03       0.00000e+00
  539               7.05647e-04      -2.38293e-03       0.00000e+00
  540               7.62043e-04      -2.84568e-03       0.00000e+00
  541               8.15876e-04      -3.34199e-03       0.00000e+00
  542               8.67023e-04      -3.87195e-03       0.00000e+00
  543               9.15607e-04      -4.43228e-03       0.00000e+00
  544               9.61505e-04      -5.02289e-03       0.00000e+00
  545               1.00484e-03      -5.64067e-03       0.00000e+00
  546               1.04549e-03      -6.28536e-03       0.00000e+00
  547               1.08357e-03      -6.95403e-03       0.00000e+00
  548               1.11897e-03      -7.64626e-03       0.00000e+00
  549               1.15181e-03      -8.35926e-03       0.00000e+00
  550               1.18196e-03      -9.09245e-03       0.00000e+00
  551               1.20955e-03      -9.84322e-03       0.00000e+00
  552               1.23445e-03      -1.06108e-02       0.00000e+00
  553               1.25679e-03      -1.13928e-02       0.00000e+00
  554               1.27644e-03      -1.21882e-02       0.00000e+00
  555               1.29353e-03      -1.29949e-02       0.00000e+00
  556               1.30794e-03      -1.38116e-02       0.00000e+00
  557               1.31978e-03      -1.46363e-02       0.00000e+00
  558               1.32894e-03      -1.54677e-02       0.00000e+00
  559               1.33555e-03      -1.63040e-02       0.00000e+00
  560               1.33958e-03      -1.71437e-02       0.00000e+00
  561               1.34115e-03      -1.79858e-02       0.00000e+00

 S T R E S S  C A L C U L A T I O N S  F O R  E L E M E N T  G R O U P    1

  ELEMENT            SIGMA-X           SIGMA-Y          TAU-XY
  NUMBER
    1      -5.18804e+07       6.55552e+05       4.48859e+06
    2      -4.87995e+07      -1.46399e+07      -9.01279e+06
    3      -5.00176e+07       1.21440e+06      -4.86115e+06
    4      -4.51596e+07      -1.28086e+06       5.61672e+06
    5      -4.90713e+07       8.95340e+05       5.53223e+06
    6      -4.35494e+07      -7.97818e+05      -5.80597e+06
    7      -4.74474e+07       1.38251e+06      -5.85701e+06
    8      -4.22592e+07      -1.33448e+06       5.35915e+06
    9      -4.59340e+07       7.92194e+05       5.13205e+06
   10      -4.06887e+07      -8.63332e+05      -5.66184e+06
   11      -4.41324e+07       1.33269e+06      -5.49238e+06
   12      -3.93130e+07      -1.26093e+06       4.96124e+06
   13      -4.25984e+07       7.13124e+05       4.73744e+06
   14      -3.77267e+07      -7.85030e+05      -5.26803e+06
   15      -4.07956e+07       1.25396e+06      -5.09800e+06
   16      -3.63495e+07      -1.18211e+06       4.56766e+06
   17      -3.92624e+07       6.34477e+05       4.34402e+06
   18      -3.47635e+07      -7.06290e+05      -4.87431e+06
   19      -3.74599e+07       1.17523e+06      -4.70453e+06
   20      -3.33865e+07      -1.10342e+06       4.17425e+06
   21      -3.59266e+07       5.55795e+05       3.95061e+06
   22      -3.18004e+07      -6.27606e+05      -4.48089e+06
   23      -3.41241e+07       1.09655e+06      -4.31111e+06
   24      -3.04234e+07      -1.02474e+06       3.78083e+06
   25      -3.25909e+07       4.77112e+05       3.55720e+06
   26      -2.88374e+07      -5.48923e+05      -4.08748e+06
   27      -3.07884e+07       1.01787e+06      -3.91770e+06
   28      -2.74604e+07      -9.46055e+05       3.38742e+06
   29      -2.92551e+07       3.98429e+05       3.16378e+06
   30      -2.58743e+07      -4.70240e+05      -3.69406e+06
   31      -2.74526e+07       9.39184e+05      -3.52428e+06
   32      -2.44973e+07      -8.67372e+05       2.99400e+06
   33      -2.59194e+07       3.19746e+05       2.77036e+06
   34      -2.29113e+07      -3.91557e+05      -3.30065e+06
   35      -2.41169e+07       8.60501e+05      -3.13087e+06
   36      -2.15343e+07      -7.88689e+05       2.60059e+06
   37      -2.25836e+07       2.41063e+05       2.37695e+06
   38      -1.99483e+07      -3.12874e+05      -2.90723e+06
   39      -2.07811e+07       7.81818e+05      -2.73745e+06
   40      -1.85713e+07      -7.10006e+05       2.20717e+06
   41      -1.92479e+07       1.62379e+05       1.98353e+06
   42      -1.69852e+07      -2.34191e+05      -2.51382e+06
   43      -1.74454e+07       7.03135e+05      -2.34404e+06
   44      -1.56082e+07      -6.31323e+05       1.81375e+06
   45      -1.59121e+07       8.36964e+04       1.59012e+06
   46      -1.40222e+07      -1.55508e+05      -2.12040e+06
   47      -1.41096e+07       6.24452e+05      -1.95062e+06
   48      -1.26452e+07      -5.52640e+05       1.42034e+06
   49      -1.25764e+07       5.00920e+03       1.19670e+06
   50      -1.10591e+07      -7.68243e+04      -1.72699e+06
   51      -1.07738e+07       5.45772e+05      -1.55721e+06
   52      -9.68213e+06      -4.73952e+05       1.02690e+06
   53      -9.24052e+06      -7.37051e+04       8.03170e+05
   54      -8.09604e+06       1.87612e+03      -1.33356e+06
   55      -7.43791e+06       4.67078e+05      -1.16369e+06
   56      -6.71907e+06      -3.95282e+05       6.33288e+05
   57      -5.90595e+06      -1.50038e+05       4.11694e+05
   58      -5.13411e+06       8.02052e+04      -9.39680e+05
   59      -4.11844e+06       3.86215e+05      -7.69196e+05
   60      -3.76478e+06      -3.24057e+05       2.57903e+05
   61      -2.64012e+06      -2.01637e+05       1.17258e+05
   62      -2.19537e+06       1.46766e+05      -5.53568e+05
   63      -9.08664e+05       3.17799e+05      -4.63549e+05
   64      -7.69298e+05       2.83761e+05      -1.81733e+05
   65      -4.87995e+07      -1.46399e+07      -9.01279e+06
   66      -3.82373e+07      -1.84248e+06       4.65682e+06
   67      -4.44742e+07       1.00368e+06       5.29469e+06
   68      -3.90122e+07      -2.07497e+06      -6.62244e+06
   69      -4.28641e+07       1.48672e+06      -6.12799e+06
   70      -3.75992e+07      -1.30637e+06       5.27178e+06
   71      -4.15979e+07       8.69719e+05       5.04506e+06
   72      -3.61893e+07      -8.83412e+05      -6.10784e+06
   73      -4.00274e+07       1.34087e+06      -5.97593e+06
   74      -3.50092e+07      -1.26506e+06       4.86167e+06
   75      -3.86992e+07       7.84920e+05       4.64397e+06
   76      -3.36545e+07      -8.58652e+05      -5.76278e+06
   77      -3.71129e+07       1.26082e+06      -5.58530e+06
   78      -3.24665e+07      -1.18684e+06       4.46673e+06
   79      -3.57830e+07       7.06279e+05       4.25044e+06
   80      -3.11115e+07      -7.80356e+05      -5.36870e+06
   81      -3.41969e+07       1.18210e+06      -5.19153e+06
   82      -2.99234e+07      -1.10810e+06       4.07335e+06
   83      -3.28672e+07       6.27607e+05       3.85704e+06
   84      -2.85684e+07      -7.01610e+05      -4.97521e+06
   85      -3.12811e+07       1.10342e+06      -4.79810e+06
   86      -2.73803e+07      -1.02942e+06       3.67993e+06
   87      -2.99513e+07       5.48923e+05       3.46362e+06
   88      -2.60253e+07      -6.22926e+05      -4.58179e+06
   89      -2.83653e+07       1.02474e+06      -4.40469e+06
   90      -2.48371e+07      -9.50736e+05       3.28652e+06
   91      -2.70355e+07       4.70240e+05       3.07021e+06
   92      -2.34822e+07      -5.44243e+05      -4.18838e+06
   93      -2.54494e+07       9.46055e+05      -4.01127e+06
   94      -2.22940e+07      -8.72053e+05       2.89310e+06
   95      -2.41197e+07       3.91557e+05       2.67679e+06
   96      -2.09390e+07      -4.65560e+05      -3.79496e+06
   97      -2.25336e+07       8.67372e+05      -3.61786e+06
   98      -1.97509e+07      -7.93369e+05       2.49969e+06
   99      -2.12038e+07       3.12874e+05       2.28338e+06
  100      -1.83959e+07      -3.86877e+05      -3.40154e+06
  101      -1.96178e+07       7.88689e+05      -3.22444e+06
  102      -1.72078e+07      -7.14686e+05       2.10627e+06
  103      -1.82880e+07       2.34191e+05       1.88996e+06
  104      -1.58528e+07      -3.08194e+05      -3.00813e+06
  105      -1.67020e+07       7.10006e+05      -2.83103e+06
  106      -1.46646e+07      -6.36003e+05       1.71286e+06
  107      -1.53722e+07       1.55508e+05       1.49654e+06
  108      -1.33097e+07      -2.29511e+05      -2.61471e+06
  109      -1.37861e+07       6.31323e+05      -2.43761e+06
  110      -1.21215e+07      -5.57320e+05       1.31944e+06
  111      -1.24563e+07       7.68252e+04       1.10313e+06
  112      -1.07666e+07      -1.50828e+05      -2.22130e+06
  113      -1.08703e+07       5.52641e+05      -2.04420e+06
  114      -9.57841e+06      -4.78631e+05       9.26020e+05
  115      -9.54050e+06      -1.86027e+03       7.09678e+05
  116      -8.22343e+06      -7.21391e+04      -1.82789e+06
  117      -7.95441e+06       4.73967e+05      -1.65078e+06
  118      -7.03529e+06      -3.99949e+05       5.32504e+05
  119      -6.62469e+06      -8.06887e+04       3.16296e+05
  120      -5.68034e+06       6.53687e+03      -1.43436e+06
  121      -5.03973e+06       3.94799e+05      -1.25667e+06
  122      -4.49287e+06      -3.25452e+05       1.42500e+05
  123      -3.71609e+06      -1.61763e+05      -5.59790e+04
  124      -3.13478e+06       8.19746e+04      -1.03860e+06
  125      -2.14668e+06       3.09060e+05      -8.67450e+05
  126      -1.93819e+06      -2.09202e+05      -2.12186e+05
  127      -6.95745e+05       5.28937e+05      -4.74741e+05
  128      -6.65996e+05       1.72455e+05      -7.09505e+05
  129      -3.75605e+07       4.13369e+05       4.81181e+06
  130      -3.39350e+07      -1.01805e+07      -7.37354e+06
  131      -3.83355e+07       1.80885e+05      -6.46745e+06
  132      -3.26303e+07      -1.28057e+06       5.10306e+06
  133      -3.69164e+07       9.69550e+05       4.98981e+06
  134      -3.13595e+07      -8.99332e+05      -6.50277e+06
  135      -3.55066e+07       1.39251e+06      -6.38981e+06
  136      -3.03101e+07      -1.26262e+06       4.81095e+06
  137      -3.43718e+07       8.59830e+05       4.59073e+06
  138      -2.91574e+07      -9.16803e+05      -6.20482e+06
  139      -3.30171e+07       1.26624e+06      -6.03372e+06
  140      -2.81669e+07      -1.19269e+06       4.41105e+06
  141      -3.18764e+07       7.80245e+05       4.19574e+06
  142      -2.70358e+07      -8.53359e+05      -5.81813e+06
  143      -3.05214e+07       1.18673e+06      -5.63969e+06
  144      -2.60441e+07      -1.11393e+06       4.01753e+06
  145      -2.93805e+07       7.01608e+05       3.80235e+06
  146      -2.49127e+07      -7.74510e+05      -5.42444e+06
  147      -2.80255e+07       1.10810e+06      -5.24620e+06
  148      -2.39209e+07      -1.03523e+06       3.62413e+06
  149      -2.68845e+07       6.22926e+05       3.40894e+06
  150      -2.27895e+07      -6.95801e+05      -5.03101e+06
  151      -2.55296e+07       1.02942e+06      -4.85279e+06
  152      -2.17977e+07      -9.56544e+05       3.23071e+06
  153      -2.43886e+07       5.44243e+05       3.01552e+06
  154      -2.06663e+07      -6.17118e+05      -4.63760e+06
  155      -2.30337e+07       9.50736e+05      -4.45937e+06
  156      -1.96745e+07      -8.77861e+05       2.83730e+06
  157      -2.18927e+07       4.65560e+05       2.62211e+06
  158      -1.85431e+07      -5.38435e+05      -4.24418e+06
  159      -2.05378e+07       8.72053e+05      -4.06596e+06
  160      -1.75513e+07      -7.99178e+05       2.44388e+06
  161      -1.93968e+07       3.86877e+05       2.22869e+06
  162      -1.64199e+07      -4.59752e+05      -3.85076e+06
  163      -1.80418e+07       7.93369e+05      -3.67254e+06
  164      -1.54281e+07      -7.20495e+05       2.05047e+06
  165      -1.69009e+07       3.08194e+05       1.83528e+06
  166      -1.42967e+07      -3.81069e+05      -3.45735e+06
  167      -1.55459e+07       7.14686e+05      -3.27912e+06
  168      -1.33049e+07      -6.41811e+05       1.65705e+06
  169      -1.44050e+07       2.29511e+05       1.44186e+06
  170      -1.21735e+07      -3.02386e+05      -3.06393e+06
  171      -1.30500e+07       6.36003e+05      -2.88571e+06
  172      -1.11817e+07      -5.63128e+05       1.26364e+06
  173      -1.19091e+07       1.50828e+05       1.04845e+06
  174      -1.00503e+07      -2.23703e+05      -2.67052e+06
  175      -1.05541e+07       5.57320e+05      -2.49229e+06
  176      -9.05851e+06      -4.84443e+05       8.70220e+05
  177      -9.41317e+06       7.21503e+04       6.55025e+05
  178      -7.92710e+06      -1.45018e+05      -2.27710e+06
  179      -8.05820e+06       4.78642e+05      -2.09888e+06
  180      -6.93532e+06      -4.05731e+05       4.76775e+05
  181      -6.91728e+06      -6.57583e+03       2.61513e+05
  182      -5.80395e+06      -6.63189e+04      -1.88369e+06
  183      -5.56233e+06       3.99910e+05      -1.70535e+06
  184      -4.81231e+06      -3.28196e+05       8.37247e+04
  185      -4.42200e+06      -8.92324e+04      -1.29118e+05
  186      -3.67937e+06       1.16872e+04      -1.48966e+06
  187      -3.06391e+06       3.18194e+05      -1.31022e+06
  188      -2.68388e+06      -2.67057e+05      -2.95520e+05
  189      -1.90835e+06      -1.09738e+05      -4.66624e+05
  190      -1.52584e+06       8.03536e+04      -1.09834e+06
  191      -6.36157e+05       2.71918e+05      -9.63942e+05
  192      -4.37120e+05       5.70718e+05      -7.35172e+05
  193      -3.39350e+07      -1.01805e+07      -7.37354e+06
  194      -2.52317e+07      -1.99995e+06       5.07250e+06
  195      -3.19340e+07       1.04060e+06       4.84890e+06
  196      -2.63839e+07      -2.34561e+06      -7.38929e+06
  197      -3.06632e+07       1.42183e+06      -6.75692e+06
  198      -2.52896e+07      -1.23865e+06       4.78310e+06
  199      -2.96492e+07       9.40533e+05       4.58041e+06
  200      -2.42591e+07      -9.29499e+05      -6.59578e+06
  201      -2.84965e+07       1.28635e+06      -6.43536e+06
  202      -2.34490e+07      -1.19670e+06       4.39644e+06
  203      -2.75531e+07       8.53145e+05       4.18483e+06
  204      -2.25414e+07      -9.24446e+05      -6.22620e+06
  205      -2.64220e+07       1.19248e+06      -6.04435e+06
  206      -2.17428e+07      -1.11920e+06       4.00213e+06
  207      -2.54776e+07       7.74469e+05       3.79126e+06
  208      -2.08390e+07      -8.48075e+05      -5.83331e+06
  209      -2.43462e+07       1.11388e+06      -5.65071e+06
  210      -2.00397e+07      -1.04046e+06       3.60872e+06
  211      -2.34016e+07       6.95801e+05       3.39784e+06
  212      -1.91357e+07      -7.69260e+05      -5.43984e+06
  213      -2.22702e+07       1.03523e+06      -5.25729e+06
  214      -1.83365e+07      -9.61772e+05       3.21530e+06
  215      -2.13256e+07       6.17118e+05       3.00443e+06
  216      -1.74325e+07      -6.90573e+05      -5.04642e+06
  217      -2.01942e+07       9.56544e+05      -4.86388e+06
  218      -1.66332e+07      -8.83089e+05       2.82189e+06
  219      -1.92496e+07       5.38435e+05       2.61101e+06
  220      -1.57292e+07      -6.11890e+05      -4.65301e+06
  221      -1.81182e+07       8.77861e+05      -4.47046e+06
  222      -1.49299e+07      -8.04406e+05       2.42847e+06
  223      -1.71736e+07       4.59752e+05       2.21760e+06
  224      -1.40259e+07      -5.33207e+05      -4.25959e+06
  225      -1.60422e+07       7.99178e+05      -4.07705e+06
  226      -1.32266e+07      -7.25723e+05       2.03506e+06
  227      -1.50976e+07       3.81069e+05       1.82418e+06
  228      -1.23226e+07      -4.54524e+05      -3.86618e+06
  229      -1.39662e+07       7.20495e+05      -3.68363e+06
  230      -1.15233e+07      -6.47040e+05       1.64164e+06
  231      -1.30217e+07       3.02386e+05       1.43077e+06
  232      -1.06193e+07      -3.75841e+05      -3.47276e+06
  233      -1.18902e+07       6.41811e+05      -3.29022e+06
  234      -9.82005e+06      -5.68356e+05       1.24823e+06
  235      -1.09457e+07       2.23703e+05       1.03735e+06
  236      -8.91605e+06      -2.97158e+05      -3.07934e+06
  237      -9.81425e+06       5.63128e+05      -2.89680e+06
  238      -8.11677e+06      -4.89673e+05       8.54810e+05
  239      -8.86967e+06       1.45022e+05       6.43937e+05
  240      -7.21277e+06      -2.18474e+05      -2.68593e+06
  241      -7.73826e+06       4.84447e+05      -2.50339e+06
  242      -6.41349e+06      -4.10976e+05       4.61390e+05
  243      -6.79369e+06       6.63615e+04       2.50500e+05
  244      -5.50951e+06      -1.39785e+05      -2.29251e+06
  245      -5.66232e+06       4.05774e+05      -2.10996e+06
  246      -4.71029e+06      -3.32405e+05       6.79814e+04
  247      -4.71791e+06      -1.35195e+04      -1.42864e+05
  248      -3.80615e+06      -6.11628e+04      -1.89903e+06
  249      -3.58497e+06       3.26364e+05      -1.71625e+06
  250      -3.00634e+06      -2.61411e+05      -3.22976e+05
  251      -2.63571e+06      -1.06493e+05      -5.27127e+05
  252      -2.08924e+06       1.37201e+04      -1.50531e+06
  253      -1.47767e+06       2.40918e+05      -1.32995e+06
  254      -1.25623e+06      -1.20741e+05      -7.28373e+05
  255      -4.22718e+05       6.18726e+05      -9.07140e+05
  256      -4.34672e+05       1.25726e+05      -1.13093e+06
  257      -2.44840e+07       4.92410e+05       5.30294e+06
  258      -2.00689e+07      -6.02068e+06      -6.34222e+06
  259      -2.56362e+07       1.46749e+05      -7.15885e+06
  260      -1.97521e+07      -1.26773e+06       4.72819e+06
  261      -2.46069e+07       1.03713e+06       4.57700e+06
  262      -1.90313e+07      -1.05149e+06      -7.06093e+06
  263      -2.35764e+07       1.34628e+06      -6.80188e+06
  264      -1.83390e+07      -1.19420e+06       4.41941e+06
  265      -2.28116e+07       9.27827e+05       4.21493e+06
  266      -1.76274e+07      -9.80721e+05      -6.58935e+06
  267      -2.19041e+07       1.20008e+06      -6.40770e+06
  268      -1.70225e+07      -1.12468e+06       4.02965e+06
  269      -2.11526e+07       8.47884e+05       3.82138e+06
  270      -1.63442e+07      -9.21180e+05      -6.19920e+06
  271      -2.02489e+07       1.11901e+06      -6.01406e+06
  272      -1.57396e+07      -1.04600e+06       3.63613e+06
  273      -1.94968e+07       7.69254e+05       3.42792e+06
  274      -1.50611e+07      -8.42449e+05      -5.80585e+06
  275      -1.85928e+07       1.04045e+06      -5.62064e+06
  276      -1.44563e+07      -9.67298e+05       3.24271e+06
  277      -1.78408e+07       6.90573e+05       3.03450e+06
  278      -1.37777e+07      -7.63730e+05      -5.41243e+06
  279      -1.69368e+07       9.61772e+05      -5.22722e+06
  280      -1.31729e+07      -8.88614e+05       2.84929e+06
  281      -1.61847e+07       6.11890e+05       2.64109e+06
  282      -1.24943e+07      -6.85047e+05      -5.01902e+06
  283      -1.52807e+07       8.83089e+05      -4.83381e+06
  284      -1.18895e+07      -8.09931e+05       2.45588e+06
  285      -1.45286e+07       5.33207e+05       2.24767e+06
  286      -1.12110e+07      -6.06364e+05      -4.62560e+06
  287      -1.36246e+07       8.04406e+05      -4.44039e+06
  288      -1.06062e+07      -7.31248e+05       2.06246e+06
  289      -1.28725e+07       4.54524e+05       1.85426e+06
  290      -9.92762e+06      -5.27681e+05      -4.23218e+06
  291      -1.19685e+07       7.25723e+05      -4.04697e+06
  292      -9.32282e+06      -6.52565e+05       1.66905e+06
  293      -1.12165e+07       3.75841e+05       1.46084e+06
  294      -8.64426e+06      -4.48998e+05      -3.83877e+06
  295      -1.03125e+07       6.47040e+05      -3.65356e+06
  296      -8.03945e+06      -5.73882e+05       1.27563e+06
  297      -9.56039e+06       2.97158e+05       1.06743e+06
  298      -7.36090e+06      -3.70315e+05      -3.44535e+06
  299      -8.65640e+06       5.68356e+05      -3.26014e+06
  300      -6.75609e+06      -4.95199e+05       8.82216e+05
  301      -7.90432e+06       2.18475e+05       6.74011e+05
  302      -6.07753e+06      -2.91632e+05      -3.05194e+06
  303      -7.00033e+06       4.89674e+05      -2.86673e+06
  304      -5.47273e+06      -4.16513e+05       4.88800e+05
  305      -6.24825e+06       1.39805e+05       2.80596e+05
  306      -4.79418e+06      -2.12947e+05      -2.65852e+06
  307      -5.34428e+06       4.10996e+05      -2.47331e+06
  308      -4.18939e+06      -3.37803e+05       9.53866e+04
  309      -4.59227e+06       6.09972e+04      -1.12847e+05
  310      -3.51089e+06      -1.34254e+05      -2.26510e+06
  311      -3.68813e+06       3.32239e+05      -2.07986e+06
  312      -2.90620e+06      -2.60713e+05      -2.97715e+05
  313      -2.93540e+06      -2.49442e+04      -5.06397e+05
  314      -2.22498e+06      -5.63456e+04      -1.87191e+06
  315      -2.01830e+06       2.50187e+05      -1.68873e+06
  316      -1.61243e+06      -1.96247e+05      -6.94369e+05
  317      -1.23207e+06      -4.02298e+04      -8.92684e+05
  318      -9.04693e+05       1.60757e+04      -1.48655e+06
  319      -4.10518e+05       2.06236e+05      -1.29524e+06
  320      -2.15295e+05       5.09963e+05      -1.07618e+06
  321      -2.00689e+07      -6.02068e+06      -6.34222e+06
  322      -1.27248e+07      -1.77350e+06       5.48813e+06
  323      -1.90448e+07       1.09009e+06       4.58402e+06
  324      -1.34353e+07      -1.98667e+06      -7.61225e+06
  325      -1.83239e+07       1.30634e+06      -7.20509e+06
  326      -1.28469e+07      -1.18514e+06       4.44693e+06
  327      -1.76785e+07       1.00755e+06       4.27709e+06
  328      -1.23097e+07      -1.02396e+06      -6.93936e+06
  329      -1.69669e+07       1.22103e+06      -6.73167e+06
  330      -1.18857e+07      -1.12891e+06       4.09756e+06
  331      -1.64088e+07       9.21091e+05       3.89399e+06
  332      -1.14297e+07      -9.92114e+05      -6.52291e+06
  333      -1.57305e+07       1.12459e+06      -6.33486e+06
  334      -1.10189e+07      -1.05140e+06       3.70517e+06
  335      -1.51730e+07       8.42399e+05       3.50043e+06
  336      -1.05670e+07      -9.15828e+05      -6.13026e+06
  337      -1.44946e+07       1.04595e+06      -5.94155e+06
  338      -1.01556e+07      -9.72674e+05       3.31168e+06
  339      -1.39370e+07       7.63730e+05       3.10700e+06
  340      -9.70355e+06      -8.37043e+05      -5.73688e+06
  341      -1.32584e+07       9.67298e+05      -5.54814e+06
  342      -9.29221e+06      -8.93989e+05       2.91826e+06
  343      -1.27008e+07       6.85047e+05       2.71358e+06
  344      -8.84010e+06      -7.58356e+05      -5.34346e+06
  345      -1.20222e+07       8.88615e+05      -5.15473e+06
  346      -8.42877e+06      -8.15306e+05       2.52485e+06
  347      -1.14647e+07       6.06364e+05       2.32017e+06
  348      -7.97666e+06      -6.79673e+05      -4.95005e+06
  349      -1.07861e+07       8.09931e+05      -4.76131e+06
  350      -7.56532e+06      -7.36623e+05       2.13143e+06
  351      -1.02285e+07       5.27681e+05       1.92675e+06
  352      -7.11321e+06      -6.00990e+05      -4.55663e+06
  353      -9.54994e+06       7.31248e+05      -4.36790e+06
  354      -6.70188e+06      -6.57940e+05       1.73802e+06
  355      -8.99235e+06       4.48998e+05       1.53334e+06
  356      -6.24977e+06      -5.22307e+05      -4.16321e+06
  357      -8.31379e+06       6.52565e+05      -3.97448e+06
  358      -5.83844e+06      -5.79257e+05       1.34460e+06
  359      -7.75620e+06       3.70315e+05       1.13992e+06
  360      -5.38633e+06      -4.43624e+05      -3.76980e+06
  361      -7.07764e+06       5.73882e+05      -3.58107e+06
  362      -4.97499e+06      -5.00574e+05       9.51187e+05
  363      -6.52004e+06       2.91632e+05       7.46505e+05
  364      -4.52288e+06      -3.64940e+05      -3.37638e+06
  365      -5.84149e+06       4.95199e+05      -3.18765e+06
  366      -4.11155e+06      -4.21890e+05       5.57771e+05
  367      -5.28389e+06       2.12952e+05       3.53090e+05
  368      -3.65944e+06      -2.86257e+05      -2.98297e+06
  369      -4.60534e+06       4.16517e+05      -2.79423e+06
  370      -3.24811e+06      -3.43196e+05       1.64358e+05
  371      -4.04776e+06       1.34294e+05      -4.03127e+04
  372      -2.79602e+06      -2.07569e+05      -2.58955e+06
  373      -3.36926e+06       3.37843e+05      -2.40079e+06
  374      -2.38475e+06      -2.64648e+05      -2.28972e+05
  375      -2.81175e+06       5.41252e+04      -4.33960e+05
  376      -1.93245e+06      -1.28958e+05      -2.19617e+06
  377      -2.13052e+06       2.58492e+05      -2.00815e+06
  378      -1.52037e+06      -1.91743e+05      -6.23746e+05
  379      -1.56490e+06      -3.78100e+04      -8.35918e+05
  380      -1.05779e+06      -5.29681e+04      -1.80701e+06
  381      -8.57162e+05       1.74512e+05      -1.62810e+06
  382      -6.20114e+05      -6.43453e+04      -1.05828e+06
  383      -2.36922e+05       4.37874e+05      -1.16662e+06
  384      -2.19027e+05       5.59809e+04      -1.39157e+06
  385      -1.19387e+07       8.46576e+05       5.63024e+06
  386      -6.64702e+06      -1.99410e+06      -5.84436e+06
  387      -1.26493e+07       6.33403e+05      -7.47013e+06
  388      -6.82224e+06      -1.22281e+06       4.52941e+06
  389      -1.21638e+07       1.09212e+06       4.33948e+06
  390      -6.59459e+06      -1.15452e+06      -7.36527e+06
  391      -1.16265e+07       1.25330e+06      -7.04681e+06
  392      -6.33727e+06      -1.13088e+06       4.19481e+06
  393      -1.12484e+07       9.95184e+05       4.00636e+06
  394      -6.09619e+06      -1.05855e+06      -6.80980e+06
  395      -1.07925e+07       1.13198e+06      -6.61411e+06
  396      -5.87872e+06      -1.05677e+06       3.81638e+06
  397      -1.04287e+07       9.15685e+05       3.61479e+06
  398      -5.65261e+06      -9.88940e+05      -6.41217e+06
  399      -9.97683e+06       1.05126e+06      -6.22064e+06
  400      -5.43534e+06      -9.78129e+05       3.42290e+06
  401      -9.61274e+06       8.37037e+05       3.22126e+06
  402      -5.20921e+06      -9.10292e+05      -6.01910e+06
  403      -9.16063e+06       9.72668e+05      -5.82730e+06
  404      -4.99184e+06      -8.99437e+05       3.02945e+06
  405      -8.79651e+06       7.58356e+05       2.82784e+06
  406      -4.76569e+06      -8.31591e+05      -5.62569e+06
  407      -8.34440e+06       8.93989e+05      -5.43388e+06
  408      -4.54832e+06      -8.20754e+05       2.63604e+06
  409      -7.98027e+06       6.79673e+05       2.43443e+06
  410      -4.32216e+06      -7.52908e+05      -5.23227e+06
  411      -7.52816e+06       8.15306e+05      -5.04047e+06
  412      -4.10480e+06      -7.42071e+05       2.24262e+06
  413      -7.16404e+06       6.00990e+05       2.04101e+06
  414      -3.87864e+06      -6.74225e+05      -4.83886e+06
  415      -6.71193e+06       7.36623e+05      -4.64705e+06
  416      -3.66127e+06      -6.63388e+05       1.84921e+06
  417      -6.34781e+06       5.22307e+05       1.64760e+06
  418      -3.43512e+06      -5.95541e+05      -4.44544e+06
  419      -5.89570e+06       6.57940e+05      -4.25364e+06
  420      -3.21775e+06      -5.84705e+05       1.45579e+06
  421      -5.53157e+06       4.43624e+05       1.25418e+06
  422      -2.99159e+06      -5.16858e+05      -4.05203e+06
  423      -5.07946e+06       5.79257e+05      -3.86022e+06
  424      -2.77422e+06      -5.06022e+05       1.06237e+06
  425      -4.71534e+06       3.64940e+05       8.60764e+05
  426      -2.54807e+06      -4.38175e+05      -3.65861e+06
  427      -4.26323e+06       5.00574e+05      -3.46681e+06
  428      -2.33070e+06      -4.27339e+05       6.68959e+05
  429      -3.89911e+06       2.86258e+05       4.67349e+05
  430      -2.10454e+06      -3.59492e+05      -3.26520e+06
  431      -3.44700e+06       4.21891e+05      -3.07339e+06
  432      -1.88717e+06      -3.48654e+05       2.75544e+05
  433      -3.08287e+06       2.07585e+05       7.39400e+04
  434      -1.66102e+06      -2.80808e+05      -2.87178e+06
  435      -2.63079e+06       3.43211e+05      -2.67996e+06
  436      -1.44366e+06      -2.69962e+05      -1.17838e+05
  437      -2.26671e+06       1.28792e+05      -3.19431e+05
  438      -1.21753e+06      -2.02123e+05      -2.47834e+06
  439      -1.81442e+06       2.64482e+05      -2.28663e+06
  440      -1.00022e+06      -1.92085e+05      -5.11379e+05
  441      -1.44938e+06       4.49101e+04      -7.16262e+05
  442      -7.72795e+05      -1.23857e+05      -2.08615e+06
  443      -9.86794e+05       1.83685e+05      -1.89953e+06
  444      -5.51686e+05      -1.18302e+05      -9.21830e+05
  445      -6.00117e+05       2.31202e+03      -1.13850e+06
  446      -3.13838e+05      -4.69477e+04      -1.70706e+06
  447      -1.99030e+05       1.22638e+05      -1.47179e+06
  448      -5.10977e+04       2.41674e+05      -1.25023e+06
  449      -6.64702e+06      -1.99410e+06      -5.84436e+06
  450      -3.99064e+05      -1.33021e+06       5.69480e+06
  451      -6.10856e+06       1.15613e+06       4.48388e+06
  452      -3.99064e+05      -1.33021e+06      -7.60733e+06
  453      -5.88091e+06       1.22442e+06      -7.41080e+06
  454      -3.41712e+05      -1.13904e+06       4.29541e+06
  455      -5.67700e+06       1.07004e+06       4.14659e+06
  456      -3.41712e+05      -1.13904e+06      -7.09499e+06
  457      -5.43591e+06       1.14237e+06      -6.85802e+06
  458      -3.18586e+05      -1.06195e+06       3.96706e+06
  459      -5.26500e+06       9.88937e+05       3.77116e+06
  460      -3.18586e+05      -1.06195e+06      -6.65248e+06
  461      -5.03890e+06       1.05677e+06      -6.45739e+06
  462      -2.95062e+05      -9.83542e+05       3.57605e+06
  463      -4.86882e+06       9.10269e+05       3.37767e+06
  464      -2.95062e+05      -9.83542e+05      -6.25937e+06
  465      -4.64269e+06       9.78106e+05      -6.06432e+06
  466      -2.71457e+05      -9.04856e+05       3.18251e+06
  467      -4.47254e+06       8.31591e+05       2.98422e+06
  468      -2.71457e+05      -9.04856e+05      -5.86605e+06
  469      -4.24638e+06       8.99437e+05      -5.67092e+06
  470      -2.47852e+05      -8.26172e+05       2.78909e+06
  471      -4.07622e+06       7.52908e+05       2.59081e+06
  472      -2.47852e+05      -8.26172e+05      -5.47264e+06
  473      -3.85007e+06       8.20754e+05      -5.27750e+06
  474      -2.24247e+05      -7.47489e+05       2.39567e+06
  475      -3.67991e+06       6.74225e+05       2.19739e+06
  476      -2.24247e+05      -7.47489e+05      -5.07922e+06
  477      -3.45375e+06       7.42071e+05      -4.88409e+06
  478      -2.00642e+05      -6.68806e+05       2.00226e+06
  479      -3.28359e+06       5.95541e+05       1.80397e+06
  480      -2.00642e+05      -6.68806e+05      -4.68580e+06
  481      -3.05744e+06       6.63388e+05      -4.49067e+06
  482      -1.77037e+05      -5.90123e+05       1.60884e+06
  483      -2.88728e+06       5.16858e+05       1.41056e+06
  484      -1.77037e+05      -5.90123e+05      -4.29239e+06
  485      -2.66112e+06       5.84705e+05      -4.09726e+06
  486      -1.53432e+05      -5.11440e+05       1.21543e+06
  487      -2.49096e+06       4.38175e+05       1.01714e+06
  488      -1.53432e+05      -5.11440e+05      -3.89897e+06
  489      -2.26481e+06       5.06022e+05      -3.70384e+06
  490      -1.29827e+05      -4.32757e+05       8.22012e+05
  491      -2.09465e+06       3.59492e+05       6.23728e+05
  492      -1.29827e+05      -4.32757e+05      -3.50556e+06
  493      -1.86849e+06       4.27339e+05      -3.31043e+06
  494      -1.06222e+05      -3.54074e+05       4.28596e+05
  495      -1.69833e+06       2.80810e+05       2.30313e+05
  496      -1.06222e+05      -3.54074e+05      -3.11214e+06
  497      -1.47218e+06       3.48656e+05      -2.91701e+06
  498      -8.26171e+04      -2.75390e+05       3.51885e+04
  499      -1.30203e+06       2.02138e+05      -1.63064e+05
  500      -8.26171e+04      -2.75390e+05      -2.71871e+06
  501      -1.07590e+06       2.69977e+05      -2.52356e+06
  502      -5.90186e+04      -1.96729e+05      -3.58136e+05
  503      -9.05734e+05       1.22870e+05      -5.56865e+05
  504      -5.90186e+04      -1.96729e+05      -2.32542e+06
  505      -6.78309e+05       1.91097e+05      -2.13164e+06
  506      -3.55076e+04      -1.18359e+05      -7.55588e+05
  507      -5.04572e+05       3.87439e+04      -9.69399e+05
  508      -3.55076e+04      -1.18359e+05      -1.93917e+06
  509      -2.66724e+05       1.10098e+05      -1.75463e+06
  510      -9.24834e+03      -3.08278e+04      -1.19496e+06
  511      -8.98761e+04       1.12413e+05      -1.27843e+06
  512      -9.24834e+03      -3.08278e+04      -1.50324e+06
  513       3.99064e+05       1.33021e+06       5.69480e+06
  514       6.64702e+06       1.99410e+06      -5.84436e+06
  515       3.99064e+05       1.33021e+06      -7.60733e+06
  516       6.10856e+06      -1.15613e+06       4.48388e+06
  517       3.41712e+05       1.13904e+06       4.29541e+06
  518       5.88091e+06      -1.22442e+06      -7.41080e+06
  519       3.41712e+05       1.13904e+06      -7.09499e+06
  520       5.67700e+06      -1.07004e+06       4.14659e+06
  521       3.18586e+05       1.06195e+06       3.96706e+06
  522       5.43591e+06      -1.14237e+06      -6.85802e+06
  523       3.18586e+05       1.06195e+06      -6.65248e+06
  524       5.26500e+06      -9.88937e+05       3.77116e+06
  525       2.95062e+05       9.83542e+05       3.57605e+06
  526       5.03890e+06      -1.05677e+06      -6.45739e+06
  527       2.95062e+05       9.83542e+05      -6.25937e+06
  528       4.86882e+06      -9.10269e+05       3.37767e+06
  529       2.71457e+05       9.04856e+05       3.18251e+06
  530       4.64269e+06      -9.78106e+05      -6.06432e+06
  531       2.71457e+05       9.04856e+05      -5.86605e+06
  532       4.47254e+06      -8.31591e+05       2.98422e+06
  533       2.47852e+05       8.26172e+05       2.78909e+06
  534       4.24638e+06      -8.99437e+05      -5.67092e+06
  535       2.47852e+05       8.26172e+05      -5.47264e+06
  536       4.07622e+06      -7.52908e+05       2.59081e+06
  537       2.24247e+05       7.47489e+05       2.39567e+06
  538       3.85007e+06      -8.20754e+05      -5.27750e+06
  539       2.24247e+05       7.47489e+05      -5.07922e+06
  540       3.67991e+06      -6.74225e+05       2.19739e+06
  541       2.00642e+05       6.68806e+05       2.00226e+06
  542       3.45375e+06      -7.42071e+05      -4.88409e+06
  543       2.00642e+05       6.68806e+05      -4.68580e+06
  544       3.28359e+06      -5.95541e+05       1.80397e+06
  545       1.77037e+05       5.90123e+05       1.60884e+06
  546       3.05744e+06      -6.63388e+05      -4.49067e+06
  547       1.77037e+05       5.90123e+05      -4.29239e+06
  548       2.88728e+06      -5.16858e+05       1.41056e+06
  549       1.53432e+05       5.11440e+05       1.21543e+06
  550       2.66112e+06      -5.84705e+05      -4.09726e+06
  551       1.53432e+05       5.11440e+05      -3.89897e+06
  552       2.49096e+06      -4.38175e+05       1.01714e+06
  553       1.29827e+05       4.32757e+05       8.22012e+05
  554       2.26481e+06      -5.06022e+05      -3.70384e+06
  555       1.29827e+05       4.32757e+05      -3.50556e+06
  556       2.09465e+06      -3.59492e+05       6.23728e+05
  557       1.06222e+05       3.54074e+05       4.28596e+05
  558       1.86849e+06      -4.27339e+05      -3.31043e+06
  559       1.06222e+05       3.54074e+05      -3.11214e+06
  560       1.69833e+06      -2.80810e+05       2.30313e+05
  561       8.26171e+04       2.75390e+05       3.51885e+04
  562       1.47218e+06      -3.48656e+05      -2.91701e+06
  563       8.26171e+04       2.75390e+05      -2.71871e+06
  564       1.30203e+06      -2.02138e+05      -1.63064e+05
  565       5.90186e+04       1.96729e+05      -3.58136e+05
  566       1.07590e+06      -2.69977e+05      -2.52356e+06
  567       5.90186e+04       1.96729e+05      -2.32542e+06
  568       9.05734e+05      -1.22870e+05      -5.56865e+05
  569       3.55076e+04       1.18359e+05      -7.55588e+05
  570       6.78309e+05      -1.91097e+05      -2.13164e+06
  571       3.55076e+04       1.18359e+05      -1.93917e+06
  572       5.04572e+05      -3.87439e+04      -9.69399e+05
  573       9.24834e+03       3.08278e+04      -1.19496e+06
  574       2.66724e+05      -1.10098e+05      -1.75463e+06
  575       9.24834e+03       3.08278e+04      -1.50324e+06
  576       8.98761e+04      -1.12413e+05      -1.27843e+06
  577       6.64702e+06       1.99410e+06      -5.84436e+06
  578       1.19387e+07      -8.46576e+05       5.63024e+06
  579       6.82224e+06       1.22281e+06       4.52941e+06
  580       1.26493e+07      -6.33403e+05      -7.47013e+06
  581       6.59459e+06       1.15452e+06      -7.36527e+06
  582       1.21638e+07      -1.09212e+06       4.33948e+06
  583       6.33727e+06       1.13088e+06       4.19481e+06
  584       1.16265e+07      -1.25330e+06      -7.04681e+06
  585       6.09619e+06       1.05855e+06      -6.80980e+06
  586       1.12484e+07      -9.95184e+05       4.00636e+06
  587       5.87872e+06       1.05677e+06       3.81638e+06
  588       1.07925e+07      -1.13198e+06      -6.61411e+06
  589       5.65261e+06       9.88940e+05      -6.41217e+06
  590       1.04287e+07      -9.15685e+05       3.61479e+06
  591       5.43534e+06       9.78129e+05       3.42290e+06
  592       9.97683e+06      -1.05126e+06      -6.22064e+06
  593       5.20921e+06       9.10292e+05      -6.01910e+06
  594       9.61274e+06      -8.37037e+05       3.22126e+06
  595       4.99184e+06       8.99437e+05       3.02945e+06
  596       9.16063e+06      -9.72668e+05      -5.82730e+06
  597       4.76569e+06       8.31591e+05      -5.62569e+06
  598       8.79651e+06      -7.58356e+05       2.82784e+06
  599       4.54832e+06       8.20754e+05       2.63604e+06
  600       8.34440e+06      -8.93989e+05      -5.43388e+06
  601       4.32216e+06       7.52908e+05      -5.23227e+06
  602       7.98027e+06      -6.79673e+05       2.43443e+06
  603       4.10480e+06       7.42071e+05       2.24262e+06
  604       7.52816e+06      -8.15306e+05      -5.04047e+06
  605       3.87864e+06       6.74225e+05      -4.83886e+06
  606       7.16404e+06      -6.00990e+05       2.04101e+06
  607       3.66127e+06       6.63388e+05       1.84921e+06
  608       6.71193e+06      -7.36623e+05      -4.64705e+06
  609       3.43512e+06       5.95541e+05      -4.44544e+06
  610       6.34781e+06      -5.22307e+05       1.64760e+06
  611       3.21775e+06       5.84705e+05       1.45579e+06
  612       5.89570e+06      -6.57940e+05      -4.25364e+06
  613       2.99159e+06       5.16858e+05      -4.05203e+06
  614       5.53157e+06      -4.43624e+05       1.25418e+06
  615       2.77422e+06       5.06022e+05       1.06237e+06
  616       5.07946e+06      -5.79257e+05      -3.86022e+06
  617       2.54807e+06       4.38175e+05      -3.65861e+06
  618       4.71534e+06      -3.64940e+05       8.60764e+05
  619       2.33070e+06       4.27339e+05       6.68959e+05
  620       4.26323e+06      -5.00574e+05      -3.46681e+06
  621       2.10454e+06       3.59492e+05      -3.26520e+06
  622       3.89911e+06      -2.86258e+05       4.67349e+05
  623       1.88717e+06       3.48654e+05       2.75544e+05
  624       3.44700e+06      -4.21891e+05      -3.07339e+06
  625       1.66102e+06       2.80808e+05      -2.87178e+06
  626       3.08287e+06      -2.07585e+05       7.39400e+04
  627       1.44366e+06       2.69962e+05      -1.17838e+05
  628       2.63079e+06      -3.43211e+05      -2.67996e+06
  629       1.21753e+06       2.02123e+05      -2.47834e+06
  630       2.26671e+06      -1.28792e+05      -3.19431e+05
  631       1.00022e+06       1.92085e+05      -5.11379e+05
  632       1.81442e+06      -2.64482e+05      -2.28663e+06
  633       7.72795e+05       1.23857e+05      -2.08615e+06
  634       1.44938e+06      -4.49101e+04      -7.16262e+05
  635       5.51686e+05       1.18302e+05      -9.21830e+05
  636       9.86794e+05      -1.83685e+05      -1.89953e+06
  637       3.13838e+05       4.69477e+04      -1.70706e+06
  638       6.00117e+05      -2.31202e+03      -1.13850e+06
  639       5.10977e+04      -2.41674e+05      -1.25023e+06
  640       1.99030e+05      -1.22638e+05      -1.47179e+06
  641       1.27248e+07       1.77350e+06       5.48813e+06
  642       2.00689e+07       6.02068e+06      -6.34222e+06
  643       1.34353e+07       1.98667e+06      -7.61225e+06
  644       1.90448e+07      -1.09009e+06       4.58402e+06
  645       1.28469e+07       1.18514e+06       4.44693e+06
  646       1.83239e+07      -1.30634e+06      -7.20509e+06
  647       1.23097e+07       1.02396e+06      -6.93936e+06
  648       1.76785e+07      -1.00755e+06       4.27709e+06
  649       1.18857e+07       1.12891e+06       4.09756e+06
  650       1.69669e+07      -1.22103e+06      -6.73167e+06
  651       1.14297e+07       9.92114e+05      -6.52291e+06
  652       1.64088e+07      -9.21091e+05       3.89399e+06
  653       1.10189e+07       1.05140e+06       3.70517e+06
  654       1.57305e+07      -1.12459e+06      -6.33486e+06
  655       1.05670e+07       9.15828e+05      -6.13026e+06
  656       1.51730e+07      -8.42399e+05       3.50043e+06
  657       1.01556e+07       9.72674e+05       3.31168e+06
  658       1.44946e+07      -1.04595e+06      -5.94155e+06
  659       9.70355e+06       8.37043e+05      -5.73688e+06
  660       1.39370e+07      -7.63730e+05       3.10700e+06
  661       9.29221e+06       8.93989e+05       2.91826e+06
  662       1.32584e+07      -9.67298e+05      -5.54814e+06
  663       8.84010e+06       7.58356e+05      -5.34346e+06
  664       1.27008e+07      -6.85047e+05       2.71358e+06
  665       8.42877e+06       8.15306e+05       2.52485e+06
  666       1.20222e+07      -8.88615e+05      -5.15473e+06
  667       7.97666e+06       6.79673e+05      -4.95005e+06
  668       1.14647e+07      -6.06364e+05       2.32017e+06
  669       7.56532e+06       7.36623e+05       2.13143e+06
  670       1.07861e+07      -8.09931e+05      -4.76131e+06
  671       7.11321e+06       6.00990e+05      -4.55663e+06
  672       1.02285e+07      -5.27681e+05       1.92675e+06
  673       6.70188e+06       6.57940e+05       1.73802e+06
  674       9.54994e+06      -7.31248e+05      -4.36790e+06
  675       6.24977e+06       5.22307e+05      -4.16321e+06
  676       8.99235e+06      -4.48998e+05       1.53334e+06
  677       5.83844e+06       5.79257e+05       1.34460e+06
  678       8.31379e+06      -6.52565e+05      -3.97448e+06
  679       5.38633e+06       4.43624e+05      -3.76980e+06
  680       7.75620e+06      -3.70315e+05       1.13992e+06
  681       4.97499e+06       5.00574e+05       9.51187e+05
  682       7.07764e+06      -5.73882e+05      -3.58107e+06
  683       4.52288e+06       3.64940e+05      -3.37638e+06
  684       6.52004e+06      -2.91632e+05       7.46505e+05
  685       4.11155e+06       4.21890e+05       5.57771e+05
  686       5.84149e+06      -4.95199e+05      -3.18765e+06
  687       3.65944e+06       2.86257e+05      -2.98297e+06
  688       5.28389e+06      -2.12952e+05       3.53090e+05
  689       3.24811e+06       3.43196e+05       1.64358e+05
  690       4.60534e+06      -4.16517e+05      -2.79423e+06
  691       2.79602e+06       2.07569e+05      -2.58955e+06
  692       4.04776e+06      -1.34294e+05      -4.03127e+04
  693       2.38475e+06       2.64648e+05      -2.28972e+05
  694       3.36926e+06      -3.37843e+05      -2.40079e+06
  695       1.93245e+06       1.28958e+05      -2.19617e+06
  696       2.81175e+06      -5.41252e+04      -4.33960e+05
  697       1.52037e+06       1.91743e+05      -6.23746e+05
  698       2.13052e+06      -2.58492e+05      -2.00815e+06
  699       1.05779e+06       5.29681e+04      -1.80701e+06
  700       1.56490e+06       3.78100e+04      -8.35918e+05
  701       6.20114e+05       6.43453e+04      -1.05828e+06
  702       8.57162e+05      -1.74512e+05      -1.62810e+06
  703       2.19027e+05      -5.59809e+04      -1.39157e+06
  704       2.36922e+05      -4.37874e+05      -1.16662e+06
  705       2.00689e+07       6.02068e+06      -6.34222e+06
  706       2.44840e+07      -4.92410e+05       5.30294e+06
  707       1.97521e+07       1.26773e+06       4.72819e+06
  708       2.56362e+07      -1.46749e+05      -7.15885e+06
  709       1.90313e+07       1.05149e+06      -7.06093e+06
  710       2.46069e+07      -1.03713e+06       4.57700e+06
  711       1.83390e+07       1.19420e+06       4.41941e+06
  712       2.35764e+07      -1.34628e+06      -6.80188e+06
  713       1.76274e+07       9.80721e+05      -6.58935e+06
  714       2.28116e+07      -9.27827e+05       4.21493e+06
  715       1.70225e+07       1.12468e+06       4.02965e+06
  716       2.19041e+07      -1.20008e+06      -6.40770e+06
  717       1.63442e+07       9.21180e+05      -6.19920e+06
  718       2.11526e+07      -8.47884e+05       3.82138e+06
  719       1.57396e+07       1.04600e+06       3.63613e+06
  720       2.02489e+07      -1.11901e+06      -6.01406e+06
  721       1.50611e+07       8.42449e+05      -5.80585e+06
  722       1.94968e+07      -7.69254e+05       3.42792e+06
  723       1.44563e+07       9.67298e+05       3.24271e+06
  724       1.85928e+07      -1.04045e+06      -5.62064e+06
  725       1.37777e+07       7.63730e+05      -5.41243e+06
  726       1.78408e+07      -6.90573e+05       3.03450e+06
  727       1.31729e+07       8.88614e+05       2.84929e+06
  728       1.69368e+07      -9.61772e+05      -5.22722e+06
  729       1.24943e+07       6.85047e+05      -5.01902e+06
  730       1.61847e+07      -6.11890e+05       2.64109e+06
  731       1.18895e+07       8.09931e+05       2.45588e+06
  732       1.52807e+07      -8.83089e+05      -4.83381e+06
  733       1.12110e+07       6.06364e+05      -4.62560e+06
  734       1.45286e+07      -5.33207e+05       2.24767e+06
  735       1.06062e+07       7.31248e+05       2.06246e+06
  736       1.36246e+07      -8.04406e+05      -4.44039e+06
  737       9.92762e+06       5.27681e+05      -4.23218e+06
  738       1.28725e+07      -4.54524e+05       1.85426e+06
  739       9.32282e+06       6.52565e+05       1.66905e+06
  740       1.19685e+07      -7.25723e+05      -4.04697e+06
  741       8.64426e+06       4.48998e+05      -3.83877e+06
  742       1.12165e+07      -3.75841e+05       1.46084e+06
  743       8.03945e+06       5.73882e+05       1.27563e+06
  744       1.03125e+07      -6.47040e+05      -3.65356e+06
  745       7.36090e+06       3.70315e+05      -3.44535e+06
  746       9.56039e+06      -2.97158e+05       1.06743e+06
  747       6.75609e+06       4.95199e+05       8.82216e+05
  748       8.65640e+06      -5.68356e+05      -3.26014e+06
  749       6.07753e+06       2.91632e+05      -3.05194e+06
  750       7.90432e+06      -2.18475e+05       6.74011e+05
  751       5.47273e+06       4.16513e+05       4.88800e+05
  752       7.00033e+06      -4.89674e+05      -2.86673e+06
  753       4.79418e+06       2.12947e+05      -2.65852e+06
  754       6.24825e+06      -1.39805e+05       2.80596e+05
  755       4.18939e+06       3.37803e+05       9.53866e+04
  756       5.34428e+06      -4.10996e+05      -2.47331e+06
  757       3.51089e+06       1.34254e+05      -2.26510e+06
  758       4.59227e+06      -6.09972e+04      -1.12847e+05
  759       2.90620e+06       2.60713e+05      -2.97715e+05
  760       3.68813e+06      -3.32239e+05      -2.07986e+06
  761       2.22498e+06       5.63456e+04      -1.87191e+06
  762       2.93540e+06       2.49442e+04      -5.06397e+05
  763       1.61243e+06       1.96247e+05      -6.94369e+05
  764       2.01830e+06      -2.50187e+05      -1.68873e+06
  765       9.04693e+05      -1.60757e+04      -1.48655e+06
  766       1.23207e+06       4.02298e+04      -8.92684e+05
  767       2.15295e+05      -5.09963e+05      -1.07618e+06
  768       4.10518e+05      -2.06236e+05      -1.29524e+06
  769       2.52317e+07       1.99995e+06       5.07250e+06
  770       3.39350e+07       1.01805e+07      -7.37354e+06
  771       2.63839e+07       2.34561e+06      -7.38929e+06
  772       3.19340e+07      -1.04060e+06       4.84890e+06
  773       2.52896e+07       1.23865e+06       4.78310e+06
  774       3.06632e+07      -1.42183e+06      -6.75692e+06
  775       2.42591e+07       9.29499e+05      -6.59578e+06
  776       2.96492e+07      -9.40533e+05       4.58041e+06
  777       2.34490e+07       1.19670e+06       4.39644e+06
  778       2.84965e+07      -1.28635e+06      -6.43536e+06
  779       2.25414e+07       9.24446e+05      -6.22620e+06
  780       2.75531e+07      -8.53145e+05       4.18483e+06
  781       2.17428e+07       1.11920e+06       4.00213e+06
  782       2.64220e+07      -1.19248e+06      -6.04435e+06
  783       2.08390e+07       8.48075e+05      -5.83331e+06
  784       2.54776e+07      -7.74469e+05       3.79126e+06
  785       2.00397e+07       1.04046e+06       3.60872e+06
  786       2.43462e+07      -1.11388e+06      -5.65071e+06
  787       1.91357e+07       7.69260e+05      -5.43984e+06
  788       2.34016e+07      -6.95801e+05       3.39784e+06
  789       1.83365e+07       9.61772e+05       3.21530e+06
  790       2.22702e+07      -1.03523e+06      -5.25729e+06
  791       1.74325e+07       6.90573e+05      -5.04642e+06
  792       2.13256e+07      -6.17118e+05       3.00443e+06
  793       1.66332e+07       8.83089e+05       2.82189e+06
  794       2.01942e+07      -9.56544e+05      -4.86388e+06
  795       1.57292e+07       6.11890e+05      -4.65301e+06
  796       1.92496e+07      -5.38435e+05       2.61101e+06
  797       1.49299e+07       8.04406e+05       2.42847e+06
  798       1.81182e+07      -8.77861e+05      -4.47046e+06
  799       1.40259e+07       5.33207e+05      -4.25959e+06
  800       1.71736e+07      -4.59752e+05       2.21760e+06
  801       1.32266e+07       7.25723e+05       2.03506e+06
  802       1.60422e+07      -7.99178e+05      -4.07705e+06
  803       1.23226e+07       4.54524e+05      -3.86618e+06
  804       1.50976e+07      -3.81069e+05       1.82418e+06
  805       1.15233e+07       6.47040e+05       1.64164e+06
  806       1.39662e+07      -7.20495e+05      -3.68363e+06
  807       1.06193e+07       3.75841e+05      -3.47276e+06
  808       1.30217e+07      -3.02386e+05       1.43077e+06
  809       9.82005e+06       5.68356e+05       1.24823e+06
  810       1.18902e+07      -6.41811e+05      -3.29022e+06
  811       8.91605e+06       2.97158e+05      -3.07934e+06
  812       1.09457e+07      -2.23703e+05       1.03735e+06
  813       8.11677e+06       4.89673e+05       8.54810e+05
  814       9.81425e+06      -5.63128e+05      -2.89680e+06
  815       7.21277e+06       2.18474e+05      -2.68593e+06
  816       8.86967e+06      -1.45022e+05       6.43937e+05
  817       6.41349e+06       4.10976e+05       4.61390e+05
  818       7.73826e+06      -4.84447e+05      -2.50339e+06
  819       5.50951e+06       1.39785e+05      -2.29251e+06
  820       6.79369e+06      -6.63615e+04       2.50500e+05
  821       4.71029e+06       3.32405e+05       6.79814e+04
  822       5.66232e+06      -4.05774e+05      -2.10996e+06
  823       3.80615e+06       6.11628e+04      -1.89903e+06
  824       4.71791e+06       1.35195e+04      -1.42864e+05
  825       3.00634e+06       2.61411e+05      -3.22976e+05
  826       3.58497e+06      -3.26364e+05      -1.71625e+06
  827       2.08924e+06      -1.37201e+04      -1.50531e+06
  828       2.63571e+06       1.06493e+05      -5.27127e+05
  829       1.25623e+06       1.20741e+05      -7.28373e+05
  830       1.47767e+06      -2.40918e+05      -1.32995e+06
  831       4.34672e+05      -1.25726e+05      -1.13093e+06
  832       4.22718e+05      -6.18726e+05      -9.07140e+05
  833       3.39350e+07       1.01805e+07      -7.37354e+06
  834       3.75605e+07      -4.13369e+05       4.81181e+06
  835       3.26303e+07       1.28057e+06       5.10306e+06
  836       3.83355e+07      -1.80885e+05      -6.46745e+06
  837       3.13595e+07       8.99332e+05      -6.50277e+06
  838       3.69164e+07      -9.69550e+05       4.98981e+06
  839       3.03101e+07       1.26262e+06       4.81095e+06
  840       3.55066e+07      -1.39251e+06      -6.38981e+06
  841       2.91574e+07       9.16803e+05      -6.20482e+06
  842       3.43718e+07      -8.59830e+05       4.59073e+06
  843       2.81669e+07       1.19269e+06       4.41105e+06
  844       3.30171e+07      -1.26624e+06      -6.03372e+06
  845       2.70358e+07       8.53359e+05      -5.81813e+06
  846       3.18764e+07      -7.80245e+05       4.19574e+06
  847       2.60441e+07       1.11393e+06       4.01753e+06
  848       3.05214e+07      -1.18673e+06      -5.63969e+06
  849       2.49127e+07       7.74510e+05      -5.42444e+06
  850       2.93805e+07      -7.01608e+05       3.80235e+06
  851       2.39209e+07       1.03523e+06       3.62413e+06
  852       2.80255e+07      -1.10810e+06      -5.24620e+06
  853       2.27895e+07       6.95801e+05      -5.03101e+06
  854       2.68845e+07      -6.22926e+05       3.40894e+06
  855       2.17977e+07       9.56544e+05       3.23071e+06
  856       2.55296e+07      -1.02942e+06      -4.85279e+06
  857       2.06663e+07       6.17118e+05      -4.63760e+06
  858       2.43886e+07      -5.44243e+05       3.01552e+06
  859       1.96745e+07       8.77861e+05       2.83730e+06
  860       2.30337e+07      -9.50736e+05      -4.45937e+06
  861       1.85431e+07       5.38435e+05      -4.24418e+06
  862       2.18927e+07      -4.65560e+05       2.62211e+06
  863       1.75513e+07       7.99178e+05       2.44388e+06
  864       2.05378e+07      -8.72053e+05      -4.06596e+06
  865       1.64199e+07       4.59752e+05      -3.85076e+06
  866       1.93968e+07      -3.86877e+05       2.22869e+06
  867       1.54281e+07       7.20495e+05       2.05047e+06
  868       1.80418e+07      -7.93369e+05      -3.67254e+06
  869       1.42967e+07       3.81069e+05      -3.45735e+06
  870       1.69009e+07      -3.08194e+05       1.83528e+06
  871       1.33049e+07       6.41811e+05       1.65705e+06
  872       1.55459e+07      -7.14686e+05      -3.27912e+06
  873       1.21735e+07       3.02386e+05      -3.06393e+06
  874       1.44050e+07      -2.29511e+05       1.44186e+06
  875       1.11817e+07       5.63128e+05       1.26364e+06
  876       1.30500e+07      -6.36003e+05      -2.88571e+06
  877       1.00503e+07       2.23703e+05      -2.67052e+06
  878       1.19091e+07      -1.50828e+05       1.04845e+06
  879       9.05851e+06       4.84443e+05       8.70220e+05
  880       1.05541e+07      -5.57320e+05      -2.49229e+06
  881       7.92710e+06       1.45018e+05      -2.27710e+06
  882       9.41317e+06      -7.21503e+04       6.55025e+05
  883       6.93532e+06       4.05731e+05       4.76775e+05
  884       8.05820e+06      -4.78642e+05      -2.09888e+06
  885       5.80395e+06       6.63189e+04      -1.88369e+06
  886       6.91728e+06       6.57583e+03       2.61513e+05
  887       4.81231e+06       3.28196e+05       8.37247e+04
  888       5.56233e+06      -3.99910e+05      -1.70535e+06
  889       3.67937e+06      -1.16872e+04      -1.48966e+06
  890       4.42200e+06       8.92324e+04      -1.29118e+05
  891       2.68388e+06       2.67057e+05      -2.95520e+05
  892       3.06391e+06      -3.18194e+05      -1.31022e+06
  893       1.52584e+06      -8.03536e+04      -1.09834e+06
  894       1.90835e+06       1.09738e+05      -4.66624e+05
  895       4.37120e+05      -5.70718e+05      -7.35172e+05
  896       6.36157e+05      -2.71918e+05      -9.63942e+05
  897       3.82373e+07       1.84248e+06       4.65682e+06
  898       4.87995e+07       1.46399e+07      -9.01279e+06
  899       3.90122e+07       2.07497e+06      -6.62244e+06
  900       4.44742e+07      -1.00368e+06       5.29469e+06
  901       3.75992e+07       1.30637e+06       5.27178e+06
  902       4.28641e+07      -1.48672e+06      -6.12799e+06
  903       3.61893e+07       8.83412e+05      -6.10784e+06
  904       4.15979e+07      -8.69719e+05       5.04506e+06
  905       3.50092e+07       1.26506e+06       4.86167e+06
  906       4.00274e+07      -1.34087e+06      -5.97593e+06
  907       3.36545e+07       8.58652e+05      -5.76278e+06
  908       3.86992e+07      -7.84920e+05       4.64397e+06
  909       3.24665e+07       1.18684e+06       4.46673e+06
  910       3.71129e+07      -1.26082e+06      -5.58530e+06
  911       3.11115e+07       7.80356e+05      -5.36870e+06
  912       3.57830e+07      -7.06279e+05       4.25044e+06
  913       2.99234e+07       1.10810e+06       4.07335e+06
  914       3.41969e+07      -1.18210e+06      -5.19153e+06
  915       2.85684e+07       7.01610e+05      -4.97521e+06
  916       3.28672e+07      -6.27607e+05       3.85704e+06
  917       2.73803e+07       1.02942e+06       3.67993e+06
  918       3.12811e+07      -1.10342e+06      -4.79810e+06
  919       2.60253e+07       6.22926e+05      -4.58179e+06
  920       2.99513e+07      -5.48923e+05       3.46362e+06
  921       2.48371e+07       9.50736e+05       3.28652e+06
  922       2.83653e+07      -1.02474e+06      -4.40469e+06
  923       2.34822e+07       5.44243e+05      -4.18838e+06
  924       2.70355e+07      -4.70240e+05       3.07021e+06
  925       2.22940e+07       8.72053e+05       2.89310e+06
  926       2.54494e+07      -9.46055e+05      -4.01127e+06
  927       2.09390e+07       4.65560e+05      -3.79496e+06
  928       2.41197e+07      -3.91557e+05       2.67679e+06
  929       1.97509e+07       7.93369e+05       2.49969e+06
  930       2.25336e+07      -8.67372e+05      -3.61786e+06
  931       1.83959e+07       3.86877e+05      -3.40154e+06
  932       2.12038e+07      -3.12874e+05       2.28338e+06
  933       1.72078e+07       7.14686e+05       2.10627e+06
  934       1.96178e+07      -7.88689e+05      -3.22444e+06
  935       1.58528e+07       3.08194e+05      -3.00813e+06
  936       1.82880e+07      -2.34191e+05       1.88996e+06
  937       1.46646e+07       6.36003e+05       1.71286e+06
  938       1.67020e+07      -7.10006e+05      -2.83103e+06
  939       1.33097e+07       2.29511e+05      -2.61471e+06
  940       1.53722e+07      -1.55508e+05       1.49654e+06
  941       1.21215e+07       5.57320e+05       1.31944e+06
  942       1.37861e+07      -6.31323e+05      -2.43761e+06
  943       1.07666e+07       1.50828e+05      -2.22130e+06
  944       1.24563e+07      -7.68252e+04       1.10313e+06
  945       9.57841e+06       4.78631e+05       9.26020e+05
  946       1.08703e+07      -5.52641e+05      -2.04420e+06
  947       8.22343e+06       7.21391e+04      -1.82789e+06
  948       9.54050e+06       1.86027e+03       7.09678e+05
  949       7.03529e+06       3.99949e+05       5.32504e+05
  950       7.95441e+06      -4.73967e+05      -1.65078e+06
  951       5.68034e+06      -6.53687e+03      -1.43436e+06
  952       6.62469e+06       8.06887e+04       3.16296e+05
  953       4.49287e+06       3.25452e+05       1.42500e+05
  954       5.03973e+06      -3.94799e+05      -1.25667e+06
  955       3.13478e+06      -8.19746e+04      -1.03860e+06
  956       3.71609e+06       1.61763e+05      -5.59790e+04
  957       1.93819e+06       2.09202e+05      -2.12186e+05
  958       2.14668e+06      -3.09060e+05      -8.67450e+05
  959       6.65996e+05      -1.72455e+05      -7.09505e+05
  960       6.95745e+05      -5.28937e+05      -4.74741e+05
  961       4.87995e+07       1.46399e+07      -9.01279e+06
  962       5.18804e+07      -6.55552e+05       4.48859e+06
  963       4.51596e+07       1.28086e+06       5.61672e+06
  964       5.00176e+07      -1.21440e+06      -4.86115e+06
  965       4.35494e+07       7.97818e+05      -5.80597e+06
  966       4.90713e+07      -8.95340e+05       5.53223e+06
  967       4.22592e+07       1.33448e+06       5.35915e+06
  968       4.74474e+07      -1.38251e+06      -5.85701e+06
  969       4.06887e+07       8.63332e+05      -5.66184e+06
  970       4.59340e+07      -7.92194e+05       5.13205e+06
  971       3.93130e+07       1.26093e+06       4.96124e+06
  972       4.41324e+07      -1.33269e+06      -5.49238e+06
  973       3.77267e+07       7.85030e+05      -5.26803e+06
  974       4.25984e+07      -7.13124e+05       4.73744e+06
  975       3.63495e+07       1.18211e+06       4.56766e+06
  976       4.07956e+07      -1.25396e+06      -5.09800e+06
  977       3.47635e+07       7.06290e+05      -4.87431e+06
  978       3.92624e+07      -6.34477e+05       4.34402e+06
  979       3.33865e+07       1.10342e+06       4.17425e+06
  980       3.74599e+07      -1.17523e+06      -4.70453e+06
  981       3.18004e+07       6.27606e+05      -4.48089e+06
  982       3.59266e+07      -5.55795e+05       3.95061e+06
  983       3.04234e+07       1.02474e+06       3.78083e+06
  984       3.41241e+07      -1.09655e+06      -4.31111e+06
  985       2.88374e+07       5.48923e+05      -4.08748e+06
  986       3.25909e+07      -4.77112e+05       3.55720e+06
  987       2.74604e+07       9.46055e+05       3.38742e+06
  988       3.07884e+07      -1.01787e+06      -3.91770e+06
  989       2.58743e+07       4.70240e+05      -3.69406e+06
  990       2.92551e+07      -3.98429e+05       3.16378e+06
  991       2.44973e+07       8.67372e+05       2.99400e+06
  992       2.74526e+07      -9.39184e+05      -3.52428e+06
  993       2.29113e+07       3.91557e+05      -3.30065e+06
  994       2.59194e+07      -3.19746e+05       2.77036e+06
  995       2.15343e+07       7.88689e+05       2.60059e+06
  996       2.41169e+07      -8.60501e+05      -3.13087e+06
  997       1.99483e+07       3.12874e+05      -2.90723e+06
  998       2.25836e+07      -2.41063e+05       2.37695e+06
  999       1.85713e+07       7.10006e+05       2.20717e+06
 1000       2.07811e+07      -7.81818e+05      -2.73745e+06
 1001       1.69852e+07       2.34191e+05      -2.51382e+06
 1002       1.92479e+07      -1.62379e+05       1.98353e+06
 1003       1.56082e+07       6.31323e+05       1.81375e+06
 1004       1.74454e+07      -7.03135e+05      -2.34404e+06
 1005       1.40222e+07       1.55508e+05      -2.12040e+06
 1006       1.59121e+07      -8.36964e+04       1.59012e+06
 1007       1.26452e+07       5.52640e+05       1.42034e+06
 1008       1.41096e+07      -6.24452e+05      -1.95062e+06
 1009       1.10591e+07       7.68243e+04      -1.72699e+06
 1010       1.25764e+07      -5.00920e+03       1.19670e+06
 1011       9.68213e+06       4.73952e+05       1.02690e+06
 1012       1.07738e+07      -5.45772e+05      -1.55721e+06
 1013       8.09604e+06      -1.87612e+03      -1.33356e+06
 1014       9.24052e+06       7.37051e+04       8.03170e+05
 1015       6.71907e+06       3.95282e+05       6.33288e+05
 1016       7.43791e+06      -4.67078e+05      -1.16369e+06
 1017       5.13411e+06      -8.02052e+04      -9.39680e+05
 1018       5.90595e+06       1.50038e+05       4.11694e+05
 1019       3.76478e+06       3.24057e+05       2.57903e+05
 1020       4.11844e+06      -3.86215e+05      -7.69196e+05
 1021       2.19537e+06      -1.46766e+05      -5.53568e+05
 1022       2.64012e+06       2.01637e+05       1.17258e+05
 1023       7.69298e+05      -2.83761e+05      -1.81733e+05
 1024       9.08664e+05      -3.17799e+05      -4.63549e+05


 S O L U T I O N   T I M E   L O G   I N   S E C 

     TIME FOR INPUT PHASE = 2.90000e-02
     TIME FOR CALCULATION OF STIFFNESS MATRIX = 0.00000e+00
     TIME FOR FACTORIZATION AND LOAD CASE SOLUTIONS = 1.90000e-02

     T O T A L   S O L U T I O N   T I M E = 4.80000e-02

