TITLE : H8 Convergence Test - 16x8x1 Mesh
        (17:56:43 on June 14, 2026, Sunday)

C O N T R O L   I N F O R M A T I O N

      NUMBER OF NODAL POINTS . . . . . . . . . . (NUMNP)  =   306
      NUMBER OF ELEMENT GROUPS . . . . . . . . . (NUMEG)  =     1
      NUMBER OF LOAD CASES . . . . . . . . . . . (NLCASE) =     1
      SOLUTION MODE  . . . . . . . . . . . . . . (MODEX)  =     1
         EQ.0, DATA CHECK
         EQ.1, EXECUTION

 N O D A L   P O I N T   D A T A

    NODE       BOUNDARY                         NODAL POINT
   NUMBER  CONDITION  CODES                     COORDINATES
        1    1    1    1    1    1    1       0.00000e+00   -5.00000e-01   -5.00000e-02
        2    1    1    1    1    1    1       0.00000e+00   -5.00000e-01    5.00000e-02
        3    1    1    1    1    1    1       0.00000e+00   -3.75000e-01   -5.00000e-02
        4    1    1    1    1    1    1       0.00000e+00   -3.75000e-01    5.00000e-02
        5    1    1    1    1    1    1       0.00000e+00   -2.50000e-01   -5.00000e-02
        6    1    1    1    1    1    1       0.00000e+00   -2.50000e-01    5.00000e-02
        7    1    1    1    1    1    1       0.00000e+00   -1.25000e-01   -5.00000e-02
        8    1    1    1    1    1    1       0.00000e+00   -1.25000e-01    5.00000e-02
        9    1    1    1    1    1    1       0.00000e+00    0.00000e+00   -5.00000e-02
       10    1    1    1    1    1    1       0.00000e+00    0.00000e+00    5.00000e-02
       11    1    1    1    1    1    1       0.00000e+00    1.25000e-01   -5.00000e-02
       12    1    1    1    1    1    1       0.00000e+00    1.25000e-01    5.00000e-02
       13    1    1    1    1    1    1       0.00000e+00    2.50000e-01   -5.00000e-02
       14    1    1    1    1    1    1       0.00000e+00    2.50000e-01    5.00000e-02
       15    1    1    1    1    1    1       0.00000e+00    3.75000e-01   -5.00000e-02
       16    1    1    1    1    1    1       0.00000e+00    3.75000e-01    5.00000e-02
       17    1    1    1    1    1    1       0.00000e+00    5.00000e-01   -5.00000e-02
       18    1    1    1    1    1    1       0.00000e+00    5.00000e-01    5.00000e-02
       19    0    0    0    1    1    1       6.25000e-01   -5.00000e-01   -5.00000e-02
       20    0    0    0    1    1    1       6.25000e-01   -5.00000e-01    5.00000e-02
       21    0    0    0    1    1    1       6.25000e-01   -3.75000e-01   -5.00000e-02
       22    0    0    0    1    1    1       6.25000e-01   -3.75000e-01    5.00000e-02
       23    0    0    0    1    1    1       6.25000e-01   -2.50000e-01   -5.00000e-02
       24    0    0    0    1    1    1       6.25000e-01   -2.50000e-01    5.00000e-02
       25    0    0    0    1    1    1       6.25000e-01   -1.25000e-01   -5.00000e-02
       26    0    0    0    1    1    1       6.25000e-01   -1.25000e-01    5.00000e-02
       27    0    0    0    1    1    1       6.25000e-01    0.00000e+00   -5.00000e-02
       28    0    0    0    1    1    1       6.25000e-01    0.00000e+00    5.00000e-02
       29    0    0    0    1    1    1       6.25000e-01    1.25000e-01   -5.00000e-02
       30    0    0    0    1    1    1       6.25000e-01    1.25000e-01    5.00000e-02
       31    0    0    0    1    1    1       6.25000e-01    2.50000e-01   -5.00000e-02
       32    0    0    0    1    1    1       6.25000e-01    2.50000e-01    5.00000e-02
       33    0    0    0    1    1    1       6.25000e-01    3.75000e-01   -5.00000e-02
       34    0    0    0    1    1    1       6.25000e-01    3.75000e-01    5.00000e-02
       35    0    0    0    1    1    1       6.25000e-01    5.00000e-01   -5.00000e-02
       36    0    0    0    1    1    1       6.25000e-01    5.00000e-01    5.00000e-02
       37    0    0    0    1    1    1       1.25000e+00   -5.00000e-01   -5.00000e-02
       38    0    0    0    1    1    1       1.25000e+00   -5.00000e-01    5.00000e-02
       39    0    0    0    1    1    1       1.25000e+00   -3.75000e-01   -5.00000e-02
       40    0    0    0    1    1    1       1.25000e+00   -3.75000e-01    5.00000e-02
       41    0    0    0    1    1    1       1.25000e+00   -2.50000e-01   -5.00000e-02
       42    0    0    0    1    1    1       1.25000e+00   -2.50000e-01    5.00000e-02
       43    0    0    0    1    1    1       1.25000e+00   -1.25000e-01   -5.00000e-02
       44    0    0    0    1    1    1       1.25000e+00   -1.25000e-01    5.00000e-02
       45    0    0    0    1    1    1       1.25000e+00    0.00000e+00   -5.00000e-02
       46    0    0    0    1    1    1       1.25000e+00    0.00000e+00    5.00000e-02
       47    0    0    0    1    1    1       1.25000e+00    1.25000e-01   -5.00000e-02
       48    0    0    0    1    1    1       1.25000e+00    1.25000e-01    5.00000e-02
       49    0    0    0    1    1    1       1.25000e+00    2.50000e-01   -5.00000e-02
       50    0    0    0    1    1    1       1.25000e+00    2.50000e-01    5.00000e-02
       51    0    0    0    1    1    1       1.25000e+00    3.75000e-01   -5.00000e-02
       52    0    0    0    1    1    1       1.25000e+00    3.75000e-01    5.00000e-02
       53    0    0    0    1    1    1       1.25000e+00    5.00000e-01   -5.00000e-02
       54    0    0    0    1    1    1       1.25000e+00    5.00000e-01    5.00000e-02
       55    0    0    0    1    1    1       1.87500e+00   -5.00000e-01   -5.00000e-02
       56    0    0    0    1    1    1       1.87500e+00   -5.00000e-01    5.00000e-02
       57    0    0    0    1    1    1       1.87500e+00   -3.75000e-01   -5.00000e-02
       58    0    0    0    1    1    1       1.87500e+00   -3.75000e-01    5.00000e-02
       59    0    0    0    1    1    1       1.87500e+00   -2.50000e-01   -5.00000e-02
       60    0    0    0    1    1    1       1.87500e+00   -2.50000e-01    5.00000e-02
       61    0    0    0    1    1    1       1.87500e+00   -1.25000e-01   -5.00000e-02
       62    0    0    0    1    1    1       1.87500e+00   -1.25000e-01    5.00000e-02
       63    0    0    0    1    1    1       1.87500e+00    0.00000e+00   -5.00000e-02
       64    0    0    0    1    1    1       1.87500e+00    0.00000e+00    5.00000e-02
       65    0    0    0    1    1    1       1.87500e+00    1.25000e-01   -5.00000e-02
       66    0    0    0    1    1    1       1.87500e+00    1.25000e-01    5.00000e-02
       67    0    0    0    1    1    1       1.87500e+00    2.50000e-01   -5.00000e-02
       68    0    0    0    1    1    1       1.87500e+00    2.50000e-01    5.00000e-02
       69    0    0    0    1    1    1       1.87500e+00    3.75000e-01   -5.00000e-02
       70    0    0    0    1    1    1       1.87500e+00    3.75000e-01    5.00000e-02
       71    0    0    0    1    1    1       1.87500e+00    5.00000e-01   -5.00000e-02
       72    0    0    0    1    1    1       1.87500e+00    5.00000e-01    5.00000e-02
       73    0    0    0    1    1    1       2.50000e+00   -5.00000e-01   -5.00000e-02
       74    0    0    0    1    1    1       2.50000e+00   -5.00000e-01    5.00000e-02
       75    0    0    0    1    1    1       2.50000e+00   -3.75000e-01   -5.00000e-02
       76    0    0    0    1    1    1       2.50000e+00   -3.75000e-01    5.00000e-02
       77    0    0    0    1    1    1       2.50000e+00   -2.50000e-01   -5.00000e-02
       78    0    0    0    1    1    1       2.50000e+00   -2.50000e-01    5.00000e-02
       79    0    0    0    1    1    1       2.50000e+00   -1.25000e-01   -5.00000e-02
       80    0    0    0    1    1    1       2.50000e+00   -1.25000e-01    5.00000e-02
       81    0    0    0    1    1    1       2.50000e+00    0.00000e+00   -5.00000e-02
       82    0    0    0    1    1    1       2.50000e+00    0.00000e+00    5.00000e-02
       83    0    0    0    1    1    1       2.50000e+00    1.25000e-01   -5.00000e-02
       84    0    0    0    1    1    1       2.50000e+00    1.25000e-01    5.00000e-02
       85    0    0    0    1    1    1       2.50000e+00    2.50000e-01   -5.00000e-02
       86    0    0    0    1    1    1       2.50000e+00    2.50000e-01    5.00000e-02
       87    0    0    0    1    1    1       2.50000e+00    3.75000e-01   -5.00000e-02
       88    0    0    0    1    1    1       2.50000e+00    3.75000e-01    5.00000e-02
       89    0    0    0    1    1    1       2.50000e+00    5.00000e-01   -5.00000e-02
       90    0    0    0    1    1    1       2.50000e+00    5.00000e-01    5.00000e-02
       91    0    0    0    1    1    1       3.12500e+00   -5.00000e-01   -5.00000e-02
       92    0    0    0    1    1    1       3.12500e+00   -5.00000e-01    5.00000e-02
       93    0    0    0    1    1    1       3.12500e+00   -3.75000e-01   -5.00000e-02
       94    0    0    0    1    1    1       3.12500e+00   -3.75000e-01    5.00000e-02
       95    0    0    0    1    1    1       3.12500e+00   -2.50000e-01   -5.00000e-02
       96    0    0    0    1    1    1       3.12500e+00   -2.50000e-01    5.00000e-02
       97    0    0    0    1    1    1       3.12500e+00   -1.25000e-01   -5.00000e-02
       98    0    0    0    1    1    1       3.12500e+00   -1.25000e-01    5.00000e-02
       99    0    0    0    1    1    1       3.12500e+00    0.00000e+00   -5.00000e-02
      100    0    0    0    1    1    1       3.12500e+00    0.00000e+00    5.00000e-02
      101    0    0    0    1    1    1       3.12500e+00    1.25000e-01   -5.00000e-02
      102    0    0    0    1    1    1       3.12500e+00    1.25000e-01    5.00000e-02
      103    0    0    0    1    1    1       3.12500e+00    2.50000e-01   -5.00000e-02
      104    0    0    0    1    1    1       3.12500e+00    2.50000e-01    5.00000e-02
      105    0    0    0    1    1    1       3.12500e+00    3.75000e-01   -5.00000e-02
      106    0    0    0    1    1    1       3.12500e+00    3.75000e-01    5.00000e-02
      107    0    0    0    1    1    1       3.12500e+00    5.00000e-01   -5.00000e-02
      108    0    0    0    1    1    1       3.12500e+00    5.00000e-01    5.00000e-02
      109    0    0    0    1    1    1       3.75000e+00   -5.00000e-01   -5.00000e-02
      110    0    0    0    1    1    1       3.75000e+00   -5.00000e-01    5.00000e-02
      111    0    0    0    1    1    1       3.75000e+00   -3.75000e-01   -5.00000e-02
      112    0    0    0    1    1    1       3.75000e+00   -3.75000e-01    5.00000e-02
      113    0    0    0    1    1    1       3.75000e+00   -2.50000e-01   -5.00000e-02
      114    0    0    0    1    1    1       3.75000e+00   -2.50000e-01    5.00000e-02
      115    0    0    0    1    1    1       3.75000e+00   -1.25000e-01   -5.00000e-02
      116    0    0    0    1    1    1       3.75000e+00   -1.25000e-01    5.00000e-02
      117    0    0    0    1    1    1       3.75000e+00    0.00000e+00   -5.00000e-02
      118    0    0    0    1    1    1       3.75000e+00    0.00000e+00    5.00000e-02
      119    0    0    0    1    1    1       3.75000e+00    1.25000e-01   -5.00000e-02
      120    0    0    0    1    1    1       3.75000e+00    1.25000e-01    5.00000e-02
      121    0    0    0    1    1    1       3.75000e+00    2.50000e-01   -5.00000e-02
      122    0    0    0    1    1    1       3.75000e+00    2.50000e-01    5.00000e-02
      123    0    0    0    1    1    1       3.75000e+00    3.75000e-01   -5.00000e-02
      124    0    0    0    1    1    1       3.75000e+00    3.75000e-01    5.00000e-02
      125    0    0    0    1    1    1       3.75000e+00    5.00000e-01   -5.00000e-02
      126    0    0    0    1    1    1       3.75000e+00    5.00000e-01    5.00000e-02
      127    0    0    0    1    1    1       4.37500e+00   -5.00000e-01   -5.00000e-02
      128    0    0    0    1    1    1       4.37500e+00   -5.00000e-01    5.00000e-02
      129    0    0    0    1    1    1       4.37500e+00   -3.75000e-01   -5.00000e-02
      130    0    0    0    1    1    1       4.37500e+00   -3.75000e-01    5.00000e-02
      131    0    0    0    1    1    1       4.37500e+00   -2.50000e-01   -5.00000e-02
      132    0    0    0    1    1    1       4.37500e+00   -2.50000e-01    5.00000e-02
      133    0    0    0    1    1    1       4.37500e+00   -1.25000e-01   -5.00000e-02
      134    0    0    0    1    1    1       4.37500e+00   -1.25000e-01    5.00000e-02
      135    0    0    0    1    1    1       4.37500e+00    0.00000e+00   -5.00000e-02
      136    0    0    0    1    1    1       4.37500e+00    0.00000e+00    5.00000e-02
      137    0    0    0    1    1    1       4.37500e+00    1.25000e-01   -5.00000e-02
      138    0    0    0    1    1    1       4.37500e+00    1.25000e-01    5.00000e-02
      139    0    0    0    1    1    1       4.37500e+00    2.50000e-01   -5.00000e-02
      140    0    0    0    1    1    1       4.37500e+00    2.50000e-01    5.00000e-02
      141    0    0    0    1    1    1       4.37500e+00    3.75000e-01   -5.00000e-02
      142    0    0    0    1    1    1       4.37500e+00    3.75000e-01    5.00000e-02
      143    0    0    0    1    1    1       4.37500e+00    5.00000e-01   -5.00000e-02
      144    0    0    0    1    1    1       4.37500e+00    5.00000e-01    5.00000e-02
      145    0    0    0    1    1    1       5.00000e+00   -5.00000e-01   -5.00000e-02
      146    0    0    0    1    1    1       5.00000e+00   -5.00000e-01    5.00000e-02
      147    0    0    0    1    1    1       5.00000e+00   -3.75000e-01   -5.00000e-02
      148    0    0    0    1    1    1       5.00000e+00   -3.75000e-01    5.00000e-02
      149    0    0    0    1    1    1       5.00000e+00   -2.50000e-01   -5.00000e-02
      150    0    0    0    1    1    1       5.00000e+00   -2.50000e-01    5.00000e-02
      151    0    0    0    1    1    1       5.00000e+00   -1.25000e-01   -5.00000e-02
      152    0    0    0    1    1    1       5.00000e+00   -1.25000e-01    5.00000e-02
      153    0    0    0    1    1    1       5.00000e+00    0.00000e+00   -5.00000e-02
      154    0    0    0    1    1    1       5.00000e+00    0.00000e+00    5.00000e-02
      155    0    0    0    1    1    1       5.00000e+00    1.25000e-01   -5.00000e-02
      156    0    0    0    1    1    1       5.00000e+00    1.25000e-01    5.00000e-02
      157    0    0    0    1    1    1       5.00000e+00    2.50000e-01   -5.00000e-02
      158    0    0    0    1    1    1       5.00000e+00    2.50000e-01    5.00000e-02
      159    0    0    0    1    1    1       5.00000e+00    3.75000e-01   -5.00000e-02
      160    0    0    0    1    1    1       5.00000e+00    3.75000e-01    5.00000e-02
      161    0    0    0    1    1    1       5.00000e+00    5.00000e-01   -5.00000e-02
      162    0    0    0    1    1    1       5.00000e+00    5.00000e-01    5.00000e-02
      163    0    0    0    1    1    1       5.62500e+00   -5.00000e-01   -5.00000e-02
      164    0    0    0    1    1    1       5.62500e+00   -5.00000e-01    5.00000e-02
      165    0    0    0    1    1    1       5.62500e+00   -3.75000e-01   -5.00000e-02
      166    0    0    0    1    1    1       5.62500e+00   -3.75000e-01    5.00000e-02
      167    0    0    0    1    1    1       5.62500e+00   -2.50000e-01   -5.00000e-02
      168    0    0    0    1    1    1       5.62500e+00   -2.50000e-01    5.00000e-02
      169    0    0    0    1    1    1       5.62500e+00   -1.25000e-01   -5.00000e-02
      170    0    0    0    1    1    1       5.62500e+00   -1.25000e-01    5.00000e-02
      171    0    0    0    1    1    1       5.62500e+00    0.00000e+00   -5.00000e-02
      172    0    0    0    1    1    1       5.62500e+00    0.00000e+00    5.00000e-02
      173    0    0    0    1    1    1       5.62500e+00    1.25000e-01   -5.00000e-02
      174    0    0    0    1    1    1       5.62500e+00    1.25000e-01    5.00000e-02
      175    0    0    0    1    1    1       5.62500e+00    2.50000e-01   -5.00000e-02
      176    0    0    0    1    1    1       5.62500e+00    2.50000e-01    5.00000e-02
      177    0    0    0    1    1    1       5.62500e+00    3.75000e-01   -5.00000e-02
      178    0    0    0    1    1    1       5.62500e+00    3.75000e-01    5.00000e-02
      179    0    0    0    1    1    1       5.62500e+00    5.00000e-01   -5.00000e-02
      180    0    0    0    1    1    1       5.62500e+00    5.00000e-01    5.00000e-02
      181    0    0    0    1    1    1       6.25000e+00   -5.00000e-01   -5.00000e-02
      182    0    0    0    1    1    1       6.25000e+00   -5.00000e-01    5.00000e-02
      183    0    0    0    1    1    1       6.25000e+00   -3.75000e-01   -5.00000e-02
      184    0    0    0    1    1    1       6.25000e+00   -3.75000e-01    5.00000e-02
      185    0    0    0    1    1    1       6.25000e+00   -2.50000e-01   -5.00000e-02
      186    0    0    0    1    1    1       6.25000e+00   -2.50000e-01    5.00000e-02
      187    0    0    0    1    1    1       6.25000e+00   -1.25000e-01   -5.00000e-02
      188    0    0    0    1    1    1       6.25000e+00   -1.25000e-01    5.00000e-02
      189    0    0    0    1    1    1       6.25000e+00    0.00000e+00   -5.00000e-02
      190    0    0    0    1    1    1       6.25000e+00    0.00000e+00    5.00000e-02
      191    0    0    0    1    1    1       6.25000e+00    1.25000e-01   -5.00000e-02
      192    0    0    0    1    1    1       6.25000e+00    1.25000e-01    5.00000e-02
      193    0    0    0    1    1    1       6.25000e+00    2.50000e-01   -5.00000e-02
      194    0    0    0    1    1    1       6.25000e+00    2.50000e-01    5.00000e-02
      195    0    0    0    1    1    1       6.25000e+00    3.75000e-01   -5.00000e-02
      196    0    0    0    1    1    1       6.25000e+00    3.75000e-01    5.00000e-02
      197    0    0    0    1    1    1       6.25000e+00    5.00000e-01   -5.00000e-02
      198    0    0    0    1    1    1       6.25000e+00    5.00000e-01    5.00000e-02
      199    0    0    0    1    1    1       6.87500e+00   -5.00000e-01   -5.00000e-02
      200    0    0    0    1    1    1       6.87500e+00   -5.00000e-01    5.00000e-02
      201    0    0    0    1    1    1       6.87500e+00   -3.75000e-01   -5.00000e-02
      202    0    0    0    1    1    1       6.87500e+00   -3.75000e-01    5.00000e-02
      203    0    0    0    1    1    1       6.87500e+00   -2.50000e-01   -5.00000e-02
      204    0    0    0    1    1    1       6.87500e+00   -2.50000e-01    5.00000e-02
      205    0    0    0    1    1    1       6.87500e+00   -1.25000e-01   -5.00000e-02
      206    0    0    0    1    1    1       6.87500e+00   -1.25000e-01    5.00000e-02
      207    0    0    0    1    1    1       6.87500e+00    0.00000e+00   -5.00000e-02
      208    0    0    0    1    1    1       6.87500e+00    0.00000e+00    5.00000e-02
      209    0    0    0    1    1    1       6.87500e+00    1.25000e-01   -5.00000e-02
      210    0    0    0    1    1    1       6.87500e+00    1.25000e-01    5.00000e-02
      211    0    0    0    1    1    1       6.87500e+00    2.50000e-01   -5.00000e-02
      212    0    0    0    1    1    1       6.87500e+00    2.50000e-01    5.00000e-02
      213    0    0    0    1    1    1       6.87500e+00    3.75000e-01   -5.00000e-02
      214    0    0    0    1    1    1       6.87500e+00    3.75000e-01    5.00000e-02
      215    0    0    0    1    1    1       6.87500e+00    5.00000e-01   -5.00000e-02
      216    0    0    0    1    1    1       6.87500e+00    5.00000e-01    5.00000e-02
      217    0    0    0    1    1    1       7.50000e+00   -5.00000e-01   -5.00000e-02
      218    0    0    0    1    1    1       7.50000e+00   -5.00000e-01    5.00000e-02
      219    0    0    0    1    1    1       7.50000e+00   -3.75000e-01   -5.00000e-02
      220    0    0    0    1    1    1       7.50000e+00   -3.75000e-01    5.00000e-02
      221    0    0    0    1    1    1       7.50000e+00   -2.50000e-01   -5.00000e-02
      222    0    0    0    1    1    1       7.50000e+00   -2.50000e-01    5.00000e-02
      223    0    0    0    1    1    1       7.50000e+00   -1.25000e-01   -5.00000e-02
      224    0    0    0    1    1    1       7.50000e+00   -1.25000e-01    5.00000e-02
      225    0    0    0    1    1    1       7.50000e+00    0.00000e+00   -5.00000e-02
      226    0    0    0    1    1    1       7.50000e+00    0.00000e+00    5.00000e-02
      227    0    0    0    1    1    1       7.50000e+00    1.25000e-01   -5.00000e-02
      228    0    0    0    1    1    1       7.50000e+00    1.25000e-01    5.00000e-02
      229    0    0    0    1    1    1       7.50000e+00    2.50000e-01   -5.00000e-02
      230    0    0    0    1    1    1       7.50000e+00    2.50000e-01    5.00000e-02
      231    0    0    0    1    1    1       7.50000e+00    3.75000e-01   -5.00000e-02
      232    0    0    0    1    1    1       7.50000e+00    3.75000e-01    5.00000e-02
      233    0    0    0    1    1    1       7.50000e+00    5.00000e-01   -5.00000e-02
      234    0    0    0    1    1    1       7.50000e+00    5.00000e-01    5.00000e-02
      235    0    0    0    1    1    1       8.12500e+00   -5.00000e-01   -5.00000e-02
      236    0    0    0    1    1    1       8.12500e+00   -5.00000e-01    5.00000e-02
      237    0    0    0    1    1    1       8.12500e+00   -3.75000e-01   -5.00000e-02
      238    0    0    0    1    1    1       8.12500e+00   -3.75000e-01    5.00000e-02
      239    0    0    0    1    1    1       8.12500e+00   -2.50000e-01   -5.00000e-02
      240    0    0    0    1    1    1       8.12500e+00   -2.50000e-01    5.00000e-02
      241    0    0    0    1    1    1       8.12500e+00   -1.25000e-01   -5.00000e-02
      242    0    0    0    1    1    1       8.12500e+00   -1.25000e-01    5.00000e-02
      243    0    0    0    1    1    1       8.12500e+00    0.00000e+00   -5.00000e-02
      244    0    0    0    1    1    1       8.12500e+00    0.00000e+00    5.00000e-02
      245    0    0    0    1    1    1       8.12500e+00    1.25000e-01   -5.00000e-02
      246    0    0    0    1    1    1       8.12500e+00    1.25000e-01    5.00000e-02
      247    0    0    0    1    1    1       8.12500e+00    2.50000e-01   -5.00000e-02
      248    0    0    0    1    1    1       8.12500e+00    2.50000e-01    5.00000e-02
      249    0    0    0    1    1    1       8.12500e+00    3.75000e-01   -5.00000e-02
      250    0    0    0    1    1    1       8.12500e+00    3.75000e-01    5.00000e-02
      251    0    0    0    1    1    1       8.12500e+00    5.00000e-01   -5.00000e-02
      252    0    0    0    1    1    1       8.12500e+00    5.00000e-01    5.00000e-02
      253    0    0    0    1    1    1       8.75000e+00   -5.00000e-01   -5.00000e-02
      254    0    0    0    1    1    1       8.75000e+00   -5.00000e-01    5.00000e-02
      255    0    0    0    1    1    1       8.75000e+00   -3.75000e-01   -5.00000e-02
      256    0    0    0    1    1    1       8.75000e+00   -3.75000e-01    5.00000e-02
      257    0    0    0    1    1    1       8.75000e+00   -2.50000e-01   -5.00000e-02
      258    0    0    0    1    1    1       8.75000e+00   -2.50000e-01    5.00000e-02
      259    0    0    0    1    1    1       8.75000e+00   -1.25000e-01   -5.00000e-02
      260    0    0    0    1    1    1       8.75000e+00   -1.25000e-01    5.00000e-02
      261    0    0    0    1    1    1       8.75000e+00    0.00000e+00   -5.00000e-02
      262    0    0    0    1    1    1       8.75000e+00    0.00000e+00    5.00000e-02
      263    0    0    0    1    1    1       8.75000e+00    1.25000e-01   -5.00000e-02
      264    0    0    0    1    1    1       8.75000e+00    1.25000e-01    5.00000e-02
      265    0    0    0    1    1    1       8.75000e+00    2.50000e-01   -5.00000e-02
      266    0    0    0    1    1    1       8.75000e+00    2.50000e-01    5.00000e-02
      267    0    0    0    1    1    1       8.75000e+00    3.75000e-01   -5.00000e-02
      268    0    0    0    1    1    1       8.75000e+00    3.75000e-01    5.00000e-02
      269    0    0    0    1    1    1       8.75000e+00    5.00000e-01   -5.00000e-02
      270    0    0    0    1    1    1       8.75000e+00    5.00000e-01    5.00000e-02
      271    0    0    0    1    1    1       9.37500e+00   -5.00000e-01   -5.00000e-02
      272    0    0    0    1    1    1       9.37500e+00   -5.00000e-01    5.00000e-02
      273    0    0    0    1    1    1       9.37500e+00   -3.75000e-01   -5.00000e-02
      274    0    0    0    1    1    1       9.37500e+00   -3.75000e-01    5.00000e-02
      275    0    0    0    1    1    1       9.37500e+00   -2.50000e-01   -5.00000e-02
      276    0    0    0    1    1    1       9.37500e+00   -2.50000e-01    5.00000e-02
      277    0    0    0    1    1    1       9.37500e+00   -1.25000e-01   -5.00000e-02
      278    0    0    0    1    1    1       9.37500e+00   -1.25000e-01    5.00000e-02
      279    0    0    0    1    1    1       9.37500e+00    0.00000e+00   -5.00000e-02
      280    0    0    0    1    1    1       9.37500e+00    0.00000e+00    5.00000e-02
      281    0    0    0    1    1    1       9.37500e+00    1.25000e-01   -5.00000e-02
      282    0    0    0    1    1    1       9.37500e+00    1.25000e-01    5.00000e-02
      283    0    0    0    1    1    1       9.37500e+00    2.50000e-01   -5.00000e-02
      284    0    0    0    1    1    1       9.37500e+00    2.50000e-01    5.00000e-02
      285    0    0    0    1    1    1       9.37500e+00    3.75000e-01   -5.00000e-02
      286    0    0    0    1    1    1       9.37500e+00    3.75000e-01    5.00000e-02
      287    0    0    0    1    1    1       9.37500e+00    5.00000e-01   -5.00000e-02
      288    0    0    0    1    1    1       9.37500e+00    5.00000e-01    5.00000e-02
      289    0    0    0    1    1    1       1.00000e+01   -5.00000e-01   -5.00000e-02
      290    0    0    0    1    1    1       1.00000e+01   -5.00000e-01    5.00000e-02
      291    0    0    0    1    1    1       1.00000e+01   -3.75000e-01   -5.00000e-02
      292    0    0    0    1    1    1       1.00000e+01   -3.75000e-01    5.00000e-02
      293    0    0    0    1    1    1       1.00000e+01   -2.50000e-01   -5.00000e-02
      294    0    0    0    1    1    1       1.00000e+01   -2.50000e-01    5.00000e-02
      295    0    0    0    1    1    1       1.00000e+01   -1.25000e-01   -5.00000e-02
      296    0    0    0    1    1    1       1.00000e+01   -1.25000e-01    5.00000e-02
      297    0    0    0    1    1    1       1.00000e+01    0.00000e+00   -5.00000e-02
      298    0    0    0    1    1    1       1.00000e+01    0.00000e+00    5.00000e-02
      299    0    0    0    1    1    1       1.00000e+01    1.25000e-01   -5.00000e-02
      300    0    0    0    1    1    1       1.00000e+01    1.25000e-01    5.00000e-02
      301    0    0    0    1    1    1       1.00000e+01    2.50000e-01   -5.00000e-02
      302    0    0    0    1    1    1       1.00000e+01    2.50000e-01    5.00000e-02
      303    0    0    0    1    1    1       1.00000e+01    3.75000e-01   -5.00000e-02
      304    0    0    0    1    1    1       1.00000e+01    3.75000e-01    5.00000e-02
      305    0    0    0    1    1    1       1.00000e+01    5.00000e-01   -5.00000e-02
      306    0    0    0    1    1    1       1.00000e+01    5.00000e-01    5.00000e-02

 L O A D   C A S E   D A T A

     LOAD CASE NUMBER . . . . . . . =     1
     NUMBER OF CONCENTRATED LOADS . =    18

    NODE       DIRECTION      LOAD
   NUMBER                   MAGNITUDE
    289            2       -5.55556e+03
    290            2       -5.55556e+03
    291            2       -5.55556e+03
    292            2       -5.55556e+03
    293            2       -5.55556e+03
    294            2       -5.55556e+03
    295            2       -5.55556e+03
    296            2       -5.55556e+03
    297            2       -5.55556e+03
    298            2       -5.55556e+03
    299            2       -5.55556e+03
    300            2       -5.55556e+03
    301            2       -5.55556e+03
    302            2       -5.55556e+03
    303            2       -5.55556e+03
    304            2       -5.55556e+03
    305            2       -5.55556e+03
    306            2       -5.55556e+03

 EQUATION NUMBERS

   NODE NUMBER   DEGREES OF FREEDOM
        N           X    Y    Z   RX   RY   RZ
        1           0    0    0    0    0    0
        2           0    0    0    0    0    0
        3           0    0    0    0    0    0
        4           0    0    0    0    0    0
        5           0    0    0    0    0    0
        6           0    0    0    0    0    0
        7           0    0    0    0    0    0
        8           0    0    0    0    0    0
        9           0    0    0    0    0    0
       10           0    0    0    0    0    0
       11           0    0    0    0    0    0
       12           0    0    0    0    0    0
       13           0    0    0    0    0    0
       14           0    0    0    0    0    0
       15           0    0    0    0    0    0
       16           0    0    0    0    0    0
       17           0    0    0    0    0    0
       18           0    0    0    0    0    0
       19           1    2    3    0    0    0
       20           4    5    6    0    0    0
       21           7    8    9    0    0    0
       22          10   11   12    0    0    0
       23          13   14   15    0    0    0
       24          16   17   18    0    0    0
       25          19   20   21    0    0    0
       26          22   23   24    0    0    0
       27          25   26   27    0    0    0
       28          28   29   30    0    0    0
       29          31   32   33    0    0    0
       30          34   35   36    0    0    0
       31          37   38   39    0    0    0
       32          40   41   42    0    0    0
       33          43   44   45    0    0    0
       34          46   47   48    0    0    0
       35          49   50   51    0    0    0
       36          52   53   54    0    0    0
       37          55   56   57    0    0    0
       38          58   59   60    0    0    0
       39          61   62   63    0    0    0
       40          64   65   66    0    0    0
       41          67   68   69    0    0    0
       42          70   71   72    0    0    0
       43          73   74   75    0    0    0
       44          76   77   78    0    0    0
       45          79   80   81    0    0    0
       46          82   83   84    0    0    0
       47          85   86   87    0    0    0
       48          88   89   90    0    0    0
       49          91   92   93    0    0    0
       50          94   95   96    0    0    0
       51          97   98   99    0    0    0
       52         100  101  102    0    0    0
       53         103  104  105    0    0    0
       54         106  107  108    0    0    0
       55         109  110  111    0    0    0
       56         112  113  114    0    0    0
       57         115  116  117    0    0    0
       58         118  119  120    0    0    0
       59         121  122  123    0    0    0
       60         124  125  126    0    0    0
       61         127  128  129    0    0    0
       62         130  131  132    0    0    0
       63         133  134  135    0    0    0
       64         136  137  138    0    0    0
       65         139  140  141    0    0    0
       66         142  143  144    0    0    0
       67         145  146  147    0    0    0
       68         148  149  150    0    0    0
       69         151  152  153    0    0    0
       70         154  155  156    0    0    0
       71         157  158  159    0    0    0
       72         160  161  162    0    0    0
       73         163  164  165    0    0    0
       74         166  167  168    0    0    0
       75         169  170  171    0    0    0
       76         172  173  174    0    0    0
       77         175  176  177    0    0    0
       78         178  179  180    0    0    0
       79         181  182  183    0    0    0
       80         184  185  186    0    0    0
       81         187  188  189    0    0    0
       82         190  191  192    0    0    0
       83         193  194  195    0    0    0
       84         196  197  198    0    0    0
       85         199  200  201    0    0    0
       86         202  203  204    0    0    0
       87         205  206  207    0    0    0
       88         208  209  210    0    0    0
       89         211  212  213    0    0    0
       90         214  215  216    0    0    0
       91         217  218  219    0    0    0
       92         220  221  222    0    0    0
       93         223  224  225    0    0    0
       94         226  227  228    0    0    0
       95         229  230  231    0    0    0
       96         232  233  234    0    0    0
       97         235  236  237    0    0    0
       98         238  239  240    0    0    0
       99         241  242  243    0    0    0
      100         244  245  246    0    0    0
      101         247  248  249    0    0    0
      102         250  251  252    0    0    0
      103         253  254  255    0    0    0
      104         256  257  258    0    0    0
      105         259  260  261    0    0    0
      106         262  263  264    0    0    0
      107         265  266  267    0    0    0
      108         268  269  270    0    0    0
      109         271  272  273    0    0    0
      110         274  275  276    0    0    0
      111         277  278  279    0    0    0
      112         280  281  282    0    0    0
      113         283  284  285    0    0    0
      114         286  287  288    0    0    0
      115         289  290  291    0    0    0
      116         292  293  294    0    0    0
      117         295  296  297    0    0    0
      118         298  299  300    0    0    0
      119         301  302  303    0    0    0
      120         304  305  306    0    0    0
      121         307  308  309    0    0    0
      122         310  311  312    0    0    0
      123         313  314  315    0    0    0
      124         316  317  318    0    0    0
      125         319  320  321    0    0    0
      126         322  323  324    0    0    0
      127         325  326  327    0    0    0
      128         328  329  330    0    0    0
      129         331  332  333    0    0    0
      130         334  335  336    0    0    0
      131         337  338  339    0    0    0
      132         340  341  342    0    0    0
      133         343  344  345    0    0    0
      134         346  347  348    0    0    0
      135         349  350  351    0    0    0
      136         352  353  354    0    0    0
      137         355  356  357    0    0    0
      138         358  359  360    0    0    0
      139         361  362  363    0    0    0
      140         364  365  366    0    0    0
      141         367  368  369    0    0    0
      142         370  371  372    0    0    0
      143         373  374  375    0    0    0
      144         376  377  378    0    0    0
      145         379  380  381    0    0    0
      146         382  383  384    0    0    0
      147         385  386  387    0    0    0
      148         388  389  390    0    0    0
      149         391  392  393    0    0    0
      150         394  395  396    0    0    0
      151         397  398  399    0    0    0
      152         400  401  402    0    0    0
      153         403  404  405    0    0    0
      154         406  407  408    0    0    0
      155         409  410  411    0    0    0
      156         412  413  414    0    0    0
      157         415  416  417    0    0    0
      158         418  419  420    0    0    0
      159         421  422  423    0    0    0
      160         424  425  426    0    0    0
      161         427  428  429    0    0    0
      162         430  431  432    0    0    0
      163         433  434  435    0    0    0
      164         436  437  438    0    0    0
      165         439  440  441    0    0    0
      166         442  443  444    0    0    0
      167         445  446  447    0    0    0
      168         448  449  450    0    0    0
      169         451  452  453    0    0    0
      170         454  455  456    0    0    0
      171         457  458  459    0    0    0
      172         460  461  462    0    0    0
      173         463  464  465    0    0    0
      174         466  467  468    0    0    0
      175         469  470  471    0    0    0
      176         472  473  474    0    0    0
      177         475  476  477    0    0    0
      178         478  479  480    0    0    0
      179         481  482  483    0    0    0
      180         484  485  486    0    0    0
      181         487  488  489    0    0    0
      182         490  491  492    0    0    0
      183         493  494  495    0    0    0
      184         496  497  498    0    0    0
      185         499  500  501    0    0    0
      186         502  503  504    0    0    0
      187         505  506  507    0    0    0
      188         508  509  510    0    0    0
      189         511  512  513    0    0    0
      190         514  515  516    0    0    0
      191         517  518  519    0    0    0
      192         520  521  522    0    0    0
      193         523  524  525    0    0    0
      194         526  527  528    0    0    0
      195         529  530  531    0    0    0
      196         532  533  534    0    0    0
      197         535  536  537    0    0    0
      198         538  539  540    0    0    0
      199         541  542  543    0    0    0
      200         544  545  546    0    0    0
      201         547  548  549    0    0    0
      202         550  551  552    0    0    0
      203         553  554  555    0    0    0
      204         556  557  558    0    0    0
      205         559  560  561    0    0    0
      206         562  563  564    0    0    0
      207         565  566  567    0    0    0
      208         568  569  570    0    0    0
      209         571  572  573    0    0    0
      210         574  575  576    0    0    0
      211         577  578  579    0    0    0
      212         580  581  582    0    0    0
      213         583  584  585    0    0    0
      214         586  587  588    0    0    0
      215         589  590  591    0    0    0
      216         592  593  594    0    0    0
      217         595  596  597    0    0    0
      218         598  599  600    0    0    0
      219         601  602  603    0    0    0
      220         604  605  606    0    0    0
      221         607  608  609    0    0    0
      222         610  611  612    0    0    0
      223         613  614  615    0    0    0
      224         616  617  618    0    0    0
      225         619  620  621    0    0    0
      226         622  623  624    0    0    0
      227         625  626  627    0    0    0
      228         628  629  630    0    0    0
      229         631  632  633    0    0    0
      230         634  635  636    0    0    0
      231         637  638  639    0    0    0
      232         640  641  642    0    0    0
      233         643  644  645    0    0    0
      234         646  647  648    0    0    0
      235         649  650  651    0    0    0
      236         652  653  654    0    0    0
      237         655  656  657    0    0    0
      238         658  659  660    0    0    0
      239         661  662  663    0    0    0
      240         664  665  666    0    0    0
      241         667  668  669    0    0    0
      242         670  671  672    0    0    0
      243         673  674  675    0    0    0
      244         676  677  678    0    0    0
      245         679  680  681    0    0    0
      246         682  683  684    0    0    0
      247         685  686  687    0    0    0
      248         688  689  690    0    0    0
      249         691  692  693    0    0    0
      250         694  695  696    0    0    0
      251         697  698  699    0    0    0
      252         700  701  702    0    0    0
      253         703  704  705    0    0    0
      254         706  707  708    0    0    0
      255         709  710  711    0    0    0
      256         712  713  714    0    0    0
      257         715  716  717    0    0    0
      258         718  719  720    0    0    0
      259         721  722  723    0    0    0
      260         724  725  726    0    0    0
      261         727  728  729    0    0    0
      262         730  731  732    0    0    0
      263         733  734  735    0    0    0
      264         736  737  738    0    0    0
      265         739  740  741    0    0    0
      266         742  743  744    0    0    0
      267         745  746  747    0    0    0
      268         748  749  750    0    0    0
      269         751  752  753    0    0    0
      270         754  755  756    0    0    0
      271         757  758  759    0    0    0
      272         760  761  762    0    0    0
      273         763  764  765    0    0    0
      274         766  767  768    0    0    0
      275         769  770  771    0    0    0
      276         772  773  774    0    0    0
      277         775  776  777    0    0    0
      278         778  779  780    0    0    0
      279         781  782  783    0    0    0
      280         784  785  786    0    0    0
      281         787  788  789    0    0    0
      282         790  791  792    0    0    0
      283         793  794  795    0    0    0
      284         796  797  798    0    0    0
      285         799  800  801    0    0    0
      286         802  803  804    0    0    0
      287         805  806  807    0    0    0
      288         808  809  810    0    0    0
      289         811  812  813    0    0    0
      290         814  815  816    0    0    0
      291         817  818  819    0    0    0
      292         820  821  822    0    0    0
      293         823  824  825    0    0    0
      294         826  827  828    0    0    0
      295         829  830  831    0    0    0
      296         832  833  834    0    0    0
      297         835  836  837    0    0    0
      298         838  839  840    0    0    0
      299         841  842  843    0    0    0
      300         844  845  846    0    0    0
      301         847  848  849    0    0    0
      302         850  851  852    0    0    0
      303         853  854  855    0    0    0
      304         856  857  858    0    0    0
      305         859  860  861    0    0    0
      306         862  863  864    0    0    0

 E L E M E N T   G R O U P   D A T A


 E L E M E N T   D E F I N I T I O N

 ELEMENT TYPE  . . . . . . . . . . . . .( NPAR(1) ) . . =    5
     EQ.1, TRUSS ELEMENTS
     EQ.2, FOUR-NODE PLANE ELEMENTS (FULL INTEGRATION)
     EQ.3, FOUR-NODE PLANE ELEMENTS (REDUCED INTEGRATION)
     EQ.4, THREE-NODE TRIANGULAR PLANE ELEMENTS (CST)
     EQ.5, EIGHT-NODE HEXAHEDRAL ELEMENTS
     EQ.6, TWO-NODE BEAM ELEMENTS
     EQ.7, FOUR-NODE PLATE BENDING ELEMENTS
     EQ.9, TWO-NODE 3D EULER-BERNOULLI BEAM ELEMENTS
     EQ.10, FOUR-NODE FLAT SHELL ELEMENTS
     EQ.11, TWO-NODE 3D TIMOSHENKO BEAM ELEMENTS
     EQ.12, EIGHT-NODE REDUCED-INTEGRATION HEXAHEDRAL ELEMENTS
     EQ.14, PIER-LOCAL REDUCED-INTEGRATION HEXAHEDRAL ELEMENTS

 NUMBER OF ELEMENTS. . . . . . . . . . .( NPAR(2) ) . . =  128

 M A T E R I A L   D E F I N I T I O N

 NUMBER OF DIFFERENT SETS OF MATERIAL
 AND SECTION CONSTANTS  . . . . . . .( NPAR(3) ) . . =    1

  SET       YOUNG'S     POISSON'S
 NUMBER     MODULUS       RATIO
               E            Nu
    1     2.00000e+11     3.00000e-01


 E L E M E N T   I N F O R M A T I O N
 ELEMENT      N1        N2        N3        N4
 NUMBER-N     N5        N6        N7        N8       MATERIAL
                                                      SET NUMBER
    1        1       19       21        3        2       20       22        4           1
    2        3       21       23        5        4       22       24        6           1
    3        5       23       25        7        6       24       26        8           1
    4        7       25       27        9        8       26       28       10           1
    5        9       27       29       11       10       28       30       12           1
    6       11       29       31       13       12       30       32       14           1
    7       13       31       33       15       14       32       34       16           1
    8       15       33       35       17       16       34       36       18           1
    9       19       37       39       21       20       38       40       22           1
   10       21       39       41       23       22       40       42       24           1
   11       23       41       43       25       24       42       44       26           1
   12       25       43       45       27       26       44       46       28           1
   13       27       45       47       29       28       46       48       30           1
   14       29       47       49       31       30       48       50       32           1
   15       31       49       51       33       32       50       52       34           1
   16       33       51       53       35       34       52       54       36           1
   17       37       55       57       39       38       56       58       40           1
   18       39       57       59       41       40       58       60       42           1
   19       41       59       61       43       42       60       62       44           1
   20       43       61       63       45       44       62       64       46           1
   21       45       63       65       47       46       64       66       48           1
   22       47       65       67       49       48       66       68       50           1
   23       49       67       69       51       50       68       70       52           1
   24       51       69       71       53       52       70       72       54           1
   25       55       73       75       57       56       74       76       58           1
   26       57       75       77       59       58       76       78       60           1
   27       59       77       79       61       60       78       80       62           1
   28       61       79       81       63       62       80       82       64           1
   29       63       81       83       65       64       82       84       66           1
   30       65       83       85       67       66       84       86       68           1
   31       67       85       87       69       68       86       88       70           1
   32       69       87       89       71       70       88       90       72           1
   33       73       91       93       75       74       92       94       76           1
   34       75       93       95       77       76       94       96       78           1
   35       77       95       97       79       78       96       98       80           1
   36       79       97       99       81       80       98      100       82           1
   37       81       99      101       83       82      100      102       84           1
   38       83      101      103       85       84      102      104       86           1
   39       85      103      105       87       86      104      106       88           1
   40       87      105      107       89       88      106      108       90           1
   41       91      109      111       93       92      110      112       94           1
   42       93      111      113       95       94      112      114       96           1
   43       95      113      115       97       96      114      116       98           1
   44       97      115      117       99       98      116      118      100           1
   45       99      117      119      101      100      118      120      102           1
   46      101      119      121      103      102      120      122      104           1
   47      103      121      123      105      104      122      124      106           1
   48      105      123      125      107      106      124      126      108           1
   49      109      127      129      111      110      128      130      112           1
   50      111      129      131      113      112      130      132      114           1
   51      113      131      133      115      114      132      134      116           1
   52      115      133      135      117      116      134      136      118           1
   53      117      135      137      119      118      136      138      120           1
   54      119      137      139      121      120      138      140      122           1
   55      121      139      141      123      122      140      142      124           1
   56      123      141      143      125      124      142      144      126           1
   57      127      145      147      129      128      146      148      130           1
   58      129      147      149      131      130      148      150      132           1
   59      131      149      151      133      132      150      152      134           1
   60      133      151      153      135      134      152      154      136           1
   61      135      153      155      137      136      154      156      138           1
   62      137      155      157      139      138      156      158      140           1
   63      139      157      159      141      140      158      160      142           1
   64      141      159      161      143      142      160      162      144           1
   65      145      163      165      147      146      164      166      148           1
   66      147      165      167      149      148      166      168      150           1
   67      149      167      169      151      150      168      170      152           1
   68      151      169      171      153      152      170      172      154           1
   69      153      171      173      155      154      172      174      156           1
   70      155      173      175      157      156      174      176      158           1
   71      157      175      177      159      158      176      178      160           1
   72      159      177      179      161      160      178      180      162           1
   73      163      181      183      165      164      182      184      166           1
   74      165      183      185      167      166      184      186      168           1
   75      167      185      187      169      168      186      188      170           1
   76      169      187      189      171      170      188      190      172           1
   77      171      189      191      173      172      190      192      174           1
   78      173      191      193      175      174      192      194      176           1
   79      175      193      195      177      176      194      196      178           1
   80      177      195      197      179      178      196      198      180           1
   81      181      199      201      183      182      200      202      184           1
   82      183      201      203      185      184      202      204      186           1
   83      185      203      205      187      186      204      206      188           1
   84      187      205      207      189      188      206      208      190           1
   85      189      207      209      191      190      208      210      192           1
   86      191      209      211      193      192      210      212      194           1
   87      193      211      213      195      194      212      214      196           1
   88      195      213      215      197      196      214      216      198           1
   89      199      217      219      201      200      218      220      202           1
   90      201      219      221      203      202      220      222      204           1
   91      203      221      223      205      204      222      224      206           1
   92      205      223      225      207      206      224      226      208           1
   93      207      225      227      209      208      226      228      210           1
   94      209      227      229      211      210      228      230      212           1
   95      211      229      231      213      212      230      232      214           1
   96      213      231      233      215      214      232      234      216           1
   97      217      235      237      219      218      236      238      220           1
   98      219      237      239      221      220      238      240      222           1
   99      221      239      241      223      222      240      242      224           1
  100      223      241      243      225      224      242      244      226           1
  101      225      243      245      227      226      244      246      228           1
  102      227      245      247      229      228      246      248      230           1
  103      229      247      249      231      230      248      250      232           1
  104      231      249      251      233      232      250      252      234           1
  105      235      253      255      237      236      254      256      238           1
  106      237      255      257      239      238      256      258      240           1
  107      239      257      259      241      240      258      260      242           1
  108      241      259      261      243      242      260      262      244           1
  109      243      261      263      245      244      262      264      246           1
  110      245      263      265      247      246      264      266      248           1
  111      247      265      267      249      248      266      268      250           1
  112      249      267      269      251      250      268      270      252           1
  113      253      271      273      255      254      272      274      256           1
  114      255      273      275      257      256      274      276      258           1
  115      257      275      277      259      258      276      278      260           1
  116      259      277      279      261      260      278      280      262           1
  117      261      279      281      263      262      280      282      264           1
  118      263      281      283      265      264      282      284      266           1
  119      265      283      285      267      266      284      286      268           1
  120      267      285      287      269      268      286      288      270           1
  121      271      289      291      273      272      290      292      274           1
  122      273      291      293      275      274      292      294      276           1
  123      275      293      295      277      276      294      296      278           1
  124      277      295      297      279      278      296      298      280           1
  125      279      297      299      281      280      298      300      282           1
  126      281      299      301      283      282      300      302      284           1
  127      283      301      303      285      284      302      304      286           1
  128      285      303      305      287      286      304      306      288           1

	TOTAL SYSTEM DATA

     NUMBER OF EQUATIONS . . . . . . . . . . . . . .(NEQ) = 864
     NUMBER OF MATRIX ELEMENTS . . . . . . . . . . .(NWK) = 51372
     MAXIMUM HALF BANDWIDTH  . . . . . . . . . . . .(MK ) = 66
     MEAN HALF BANDWIDTH . . . . . . . . . . . . . .(MM ) = 59


 LOAD CASE    1


 D I S P L A C E M E N T S

  NODE           X-DISPLACEMENT    Y-DISPLACEMENT    Z-DISPLACEMENT    RX-ROTATION      RY-ROTATION      RZ-ROTATION
    1               0.00000e+00       0.00000e+00       0.00000e+00       0.00000e+00       0.00000e+00       0.00000e+00
    2               0.00000e+00       0.00000e+00       0.00000e+00       0.00000e+00       0.00000e+00       0.00000e+00
    3               0.00000e+00       0.00000e+00       0.00000e+00       0.00000e+00       0.00000e+00       0.00000e+00
    4               0.00000e+00       0.00000e+00       0.00000e+00       0.00000e+00       0.00000e+00       0.00000e+00
    5               0.00000e+00       0.00000e+00       0.00000e+00       0.00000e+00       0.00000e+00       0.00000e+00
    6               0.00000e+00       0.00000e+00       0.00000e+00       0.00000e+00       0.00000e+00       0.00000e+00
    7               0.00000e+00       0.00000e+00       0.00000e+00       0.00000e+00       0.00000e+00       0.00000e+00
    8               0.00000e+00       0.00000e+00       0.00000e+00       0.00000e+00       0.00000e+00       0.00000e+00
    9               0.00000e+00       0.00000e+00       0.00000e+00       0.00000e+00       0.00000e+00       0.00000e+00
   10               0.00000e+00       0.00000e+00       0.00000e+00       0.00000e+00       0.00000e+00       0.00000e+00
   11               0.00000e+00       0.00000e+00       0.00000e+00       0.00000e+00       0.00000e+00       0.00000e+00
   12               0.00000e+00       0.00000e+00       0.00000e+00       0.00000e+00       0.00000e+00       0.00000e+00
   13               0.00000e+00       0.00000e+00       0.00000e+00       0.00000e+00       0.00000e+00       0.00000e+00
   14               0.00000e+00       0.00000e+00       0.00000e+00       0.00000e+00       0.00000e+00       0.00000e+00
   15               0.00000e+00       0.00000e+00       0.00000e+00       0.00000e+00       0.00000e+00       0.00000e+00
   16               0.00000e+00       0.00000e+00       0.00000e+00       0.00000e+00       0.00000e+00       0.00000e+00
   17               0.00000e+00       0.00000e+00       0.00000e+00       0.00000e+00       0.00000e+00       0.00000e+00
   18               0.00000e+00       0.00000e+00       0.00000e+00       0.00000e+00       0.00000e+00       0.00000e+00
   19              -1.84570e-04      -1.47281e-04      -8.44964e-06       0.00000e+00       0.00000e+00       0.00000e+00
   20              -1.84570e-04      -1.47281e-04       8.44964e-06       0.00000e+00       0.00000e+00       0.00000e+00
   21              -1.33834e-04      -1.30241e-04      -6.75134e-06       0.00000e+00       0.00000e+00       0.00000e+00
   22              -1.33834e-04      -1.30241e-04       6.75134e-06       0.00000e+00       0.00000e+00       0.00000e+00
   23              -8.84043e-05      -1.19855e-04      -4.50767e-06       0.00000e+00       0.00000e+00       0.00000e+00
   24              -8.84043e-05      -1.19855e-04       4.50767e-06       0.00000e+00       0.00000e+00       0.00000e+00
   25              -4.37752e-05      -1.14083e-04      -2.28093e-06       0.00000e+00       0.00000e+00       0.00000e+00
   26              -4.37752e-05      -1.14083e-04       2.28093e-06       0.00000e+00       0.00000e+00       0.00000e+00
   27              -9.40401e-15      -1.12210e-04      -5.86137e-14       0.00000e+00       0.00000e+00       0.00000e+00
   28               9.39915e-15      -1.12210e-04      -5.86171e-14       0.00000e+00       0.00000e+00       0.00000e+00
   29               4.37752e-05      -1.14083e-04       2.28093e-06       0.00000e+00       0.00000e+00       0.00000e+00
   30               4.37752e-05      -1.14083e-04      -2.28093e-06       0.00000e+00       0.00000e+00       0.00000e+00
   31               8.84043e-05      -1.19855e-04       4.50767e-06       0.00000e+00       0.00000e+00       0.00000e+00
   32               8.84043e-05      -1.19855e-04      -4.50767e-06       0.00000e+00       0.00000e+00       0.00000e+00
   33               1.33834e-04      -1.30241e-04       6.75134e-06       0.00000e+00       0.00000e+00       0.00000e+00
   34               1.33834e-04      -1.30241e-04      -6.75134e-06       0.00000e+00       0.00000e+00       0.00000e+00
   35               1.84570e-04      -1.47281e-04       8.44964e-06       0.00000e+00       0.00000e+00       0.00000e+00
   36               1.84570e-04      -1.47281e-04      -8.44964e-06       0.00000e+00       0.00000e+00       0.00000e+00
   37              -3.53090e-04      -4.74425e-04      -2.31263e-08       0.00000e+00       0.00000e+00       0.00000e+00
   38              -3.53090e-04      -4.74425e-04       2.31275e-08       0.00000e+00       0.00000e+00       0.00000e+00
   39              -2.68160e-04      -4.71758e-04       5.00959e-07       0.00000e+00       0.00000e+00       0.00000e+00
   40              -2.68160e-04      -4.71758e-04      -5.00958e-07       0.00000e+00       0.00000e+00       0.00000e+00
   41              -1.77832e-04      -4.66922e-04       2.69347e-07       0.00000e+00       0.00000e+00       0.00000e+00
   42              -1.77832e-04      -4.66922e-04      -2.69346e-07       0.00000e+00       0.00000e+00       0.00000e+00
   43              -8.90105e-05      -4.63520e-04       1.64398e-07       0.00000e+00       0.00000e+00       0.00000e+00
   44              -8.90105e-05      -4.63520e-04      -1.64398e-07       0.00000e+00       0.00000e+00       0.00000e+00
   45              -1.75638e-14      -4.62325e-04      -2.27057e-13       0.00000e+00       0.00000e+00       0.00000e+00
   46               1.75542e-14      -4.62325e-04      -2.27049e-13       0.00000e+00       0.00000e+00       0.00000e+00
   47               8.90105e-05      -4.63520e-04      -1.64398e-07       0.00000e+00       0.00000e+00       0.00000e+00
   48               8.90105e-05      -4.63520e-04       1.64397e-07       0.00000e+00       0.00000e+00       0.00000e+00
   49               1.77832e-04      -4.66922e-04      -2.69347e-07       0.00000e+00       0.00000e+00       0.00000e+00
   50               1.77832e-04      -4.66922e-04       2.69346e-07       0.00000e+00       0.00000e+00       0.00000e+00
   51               2.68160e-04      -4.71758e-04      -5.00959e-07       0.00000e+00       0.00000e+00       0.00000e+00
   52               2.68160e-04      -4.71758e-04       5.00958e-07       0.00000e+00       0.00000e+00       0.00000e+00
   53               3.53090e-04      -4.74425e-04       2.31259e-08       0.00000e+00       0.00000e+00       0.00000e+00
   54               3.53090e-04      -4.74425e-04      -2.31279e-08       0.00000e+00       0.00000e+00       0.00000e+00
   55              -5.18140e-04      -1.03668e-03      -7.55096e-06       0.00000e+00       0.00000e+00       0.00000e+00
   56              -5.18140e-04      -1.03668e-03       7.55096e-06       0.00000e+00       0.00000e+00       0.00000e+00
   57              -3.83513e-04      -1.02365e-03      -6.13344e-06       0.00000e+00       0.00000e+00       0.00000e+00
   58              -3.83513e-04      -1.02365e-03       6.13344e-06       0.00000e+00       0.00000e+00       0.00000e+00
   59              -2.56447e-04      -1.01782e-03      -3.96130e-06       0.00000e+00       0.00000e+00       0.00000e+00
   60              -2.56447e-04      -1.01782e-03       3.96130e-06       0.00000e+00       0.00000e+00       0.00000e+00
   61              -1.27854e-04      -1.01457e-03      -2.00671e-06       0.00000e+00       0.00000e+00       0.00000e+00
   62              -1.27854e-04      -1.01457e-03       2.00671e-06       0.00000e+00       0.00000e+00       0.00000e+00
   63              -2.51442e-14      -1.01354e-03      -4.93912e-13       0.00000e+00       0.00000e+00       0.00000e+00
   64               2.51274e-14      -1.01354e-03      -4.93920e-13       0.00000e+00       0.00000e+00       0.00000e+00
   65               1.27854e-04      -1.01457e-03       2.00671e-06       0.00000e+00       0.00000e+00       0.00000e+00
   66               1.27854e-04      -1.01457e-03      -2.00671e-06       0.00000e+00       0.00000e+00       0.00000e+00
   67               2.56447e-04      -1.01782e-03       3.96130e-06       0.00000e+00       0.00000e+00       0.00000e+00
   68               2.56447e-04      -1.01782e-03      -3.96130e-06       0.00000e+00       0.00000e+00       0.00000e+00
   69               3.83513e-04      -1.02365e-03       6.13344e-06       0.00000e+00       0.00000e+00       0.00000e+00
   70               3.83513e-04      -1.02365e-03      -6.13344e-06       0.00000e+00       0.00000e+00       0.00000e+00
   71               5.18140e-04      -1.03668e-03       7.55096e-06       0.00000e+00       0.00000e+00       0.00000e+00
   72               5.18140e-04      -1.03668e-03      -7.55096e-06       0.00000e+00       0.00000e+00       0.00000e+00
   73              -6.62820e-04      -1.77483e-03       2.74990e-07       0.00000e+00       0.00000e+00       0.00000e+00
   74              -6.62820e-04      -1.77483e-03      -2.74987e-07       0.00000e+00       0.00000e+00       0.00000e+00
   75              -4.99856e-04      -1.77136e-03       5.91407e-07       0.00000e+00       0.00000e+00       0.00000e+00
   76              -4.99856e-04      -1.77136e-03      -5.91405e-07       0.00000e+00       0.00000e+00       0.00000e+00
   77              -3.31107e-04      -1.76527e-03       2.16700e-07       0.00000e+00       0.00000e+00       0.00000e+00
   78              -3.31107e-04      -1.76527e-03      -2.16699e-07       0.00000e+00       0.00000e+00       0.00000e+00
   79              -1.65727e-04      -1.76175e-03       1.38620e-07       0.00000e+00       0.00000e+00       0.00000e+00
   80              -1.65727e-04      -1.76175e-03      -1.38621e-07       0.00000e+00       0.00000e+00       0.00000e+00
   81              -3.19876e-14      -1.76051e-03      -8.50886e-13       0.00000e+00       0.00000e+00       0.00000e+00
   82               3.19633e-14      -1.76051e-03      -8.50868e-13       0.00000e+00       0.00000e+00       0.00000e+00
   83               1.65727e-04      -1.76175e-03      -1.38622e-07       0.00000e+00       0.00000e+00       0.00000e+00
   84               1.65727e-04      -1.76175e-03       1.38619e-07       0.00000e+00       0.00000e+00       0.00000e+00
   85               3.31107e-04      -1.76527e-03      -2.16701e-07       0.00000e+00       0.00000e+00       0.00000e+00
   86               3.31107e-04      -1.76527e-03       2.16697e-07       0.00000e+00       0.00000e+00       0.00000e+00
   87               4.99856e-04      -1.77136e-03      -5.91409e-07       0.00000e+00       0.00000e+00       0.00000e+00
   88               4.99856e-04      -1.77136e-03       5.91403e-07       0.00000e+00       0.00000e+00       0.00000e+00
   89               6.62820e-04      -1.77483e-03      -2.74992e-07       0.00000e+00       0.00000e+00       0.00000e+00
   90               6.62820e-04      -1.77483e-03       2.74985e-07       0.00000e+00       0.00000e+00       0.00000e+00
   91              -8.02895e-04      -2.70313e-03      -6.69891e-06       0.00000e+00       0.00000e+00       0.00000e+00
   92              -8.02895e-04      -2.70313e-03       6.69892e-06       0.00000e+00       0.00000e+00       0.00000e+00
   93              -5.97989e-04      -2.69294e-03      -5.30611e-06       0.00000e+00       0.00000e+00       0.00000e+00
   94              -5.97989e-04      -2.69294e-03       5.30611e-06       0.00000e+00       0.00000e+00       0.00000e+00
   95              -4.00070e-04      -2.68916e-03      -3.33858e-06       0.00000e+00       0.00000e+00       0.00000e+00
   96              -4.00070e-04      -2.68916e-03       3.33859e-06       0.00000e+00       0.00000e+00       0.00000e+00
   97              -1.99478e-04      -2.68639e-03      -1.70362e-06       0.00000e+00       0.00000e+00       0.00000e+00
   98              -1.99478e-04      -2.68639e-03       1.70362e-06       0.00000e+00       0.00000e+00       0.00000e+00
   99              -3.80210e-14      -2.68556e-03      -1.28829e-12       0.00000e+00       0.00000e+00       0.00000e+00
  100               3.79904e-14      -2.68556e-03      -1.28831e-12       0.00000e+00       0.00000e+00       0.00000e+00
  101               1.99478e-04      -2.68639e-03       1.70362e-06       0.00000e+00       0.00000e+00       0.00000e+00
  102               1.99478e-04      -2.68639e-03      -1.70362e-06       0.00000e+00       0.00000e+00       0.00000e+00
  103               4.00070e-04      -2.68916e-03       3.33858e-06       0.00000e+00       0.00000e+00       0.00000e+00
  104               4.00070e-04      -2.68916e-03      -3.33859e-06       0.00000e+00       0.00000e+00       0.00000e+00
  105               5.97989e-04      -2.69294e-03       5.30611e-06       0.00000e+00       0.00000e+00       0.00000e+00
  106               5.97989e-04      -2.69294e-03      -5.30612e-06       0.00000e+00       0.00000e+00       0.00000e+00
  107               8.02895e-04      -2.70313e-03       6.69891e-06       0.00000e+00       0.00000e+00       0.00000e+00
  108               8.02895e-04      -2.70313e-03      -6.69892e-06       0.00000e+00       0.00000e+00       0.00000e+00
  109              -9.25082e-04      -3.78659e-03       5.52696e-07       0.00000e+00       0.00000e+00       0.00000e+00
  110              -9.25082e-04      -3.78659e-03      -5.52691e-07       0.00000e+00       0.00000e+00       0.00000e+00
  111              -6.95653e-04      -3.78311e-03       6.11290e-07       0.00000e+00       0.00000e+00       0.00000e+00
  112              -6.95653e-04      -3.78311e-03      -6.11287e-07       0.00000e+00       0.00000e+00       0.00000e+00
  113              -4.61423e-04      -3.77733e-03       1.97410e-07       0.00000e+00       0.00000e+00       0.00000e+00
  114              -4.61423e-04      -3.77733e-03      -1.97409e-07       0.00000e+00       0.00000e+00       0.00000e+00
  115              -2.31097e-04      -3.77470e-03       1.41404e-07       0.00000e+00       0.00000e+00       0.00000e+00
  116              -2.31097e-04      -3.77470e-03      -1.41405e-07       0.00000e+00       0.00000e+00       0.00000e+00
  117              -4.43887e-14      -3.77368e-03      -1.80318e-12       0.00000e+00       0.00000e+00       0.00000e+00
  118               4.43518e-14      -3.77368e-03      -1.80315e-12       0.00000e+00       0.00000e+00       0.00000e+00
  119               2.31097e-04      -3.77470e-03      -1.41408e-07       0.00000e+00       0.00000e+00       0.00000e+00
  120               2.31097e-04      -3.77470e-03       1.41402e-07       0.00000e+00       0.00000e+00       0.00000e+00
  121               4.61423e-04      -3.77733e-03      -1.97413e-07       0.00000e+00       0.00000e+00       0.00000e+00
  122               4.61423e-04      -3.77733e-03       1.97405e-07       0.00000e+00       0.00000e+00       0.00000e+00
  123               6.95653e-04      -3.78311e-03      -6.11293e-07       0.00000e+00       0.00000e+00       0.00000e+00
  124               6.95653e-04      -3.78311e-03       6.11283e-07       0.00000e+00       0.00000e+00       0.00000e+00
  125               9.25082e-04      -3.78659e-03      -5.52700e-07       0.00000e+00       0.00000e+00       0.00000e+00
  126               9.25082e-04      -3.78659e-03       5.52687e-07       0.00000e+00       0.00000e+00       0.00000e+00
  127              -1.04031e-03      -5.02497e-03      -5.83402e-06       0.00000e+00       0.00000e+00       0.00000e+00
  128              -1.04031e-03      -5.02497e-03       5.83402e-06       0.00000e+00       0.00000e+00       0.00000e+00
  129              -7.76833e-04      -5.01705e-03      -4.49059e-06       0.00000e+00       0.00000e+00       0.00000e+00
  130              -7.76833e-04      -5.01705e-03       4.49059e-06       0.00000e+00       0.00000e+00       0.00000e+00
  131              -5.19250e-04      -5.01442e-03      -2.78892e-06       0.00000e+00       0.00000e+00       0.00000e+00
  132              -5.19250e-04      -5.01442e-03       2.78893e-06       0.00000e+00       0.00000e+00       0.00000e+00
  133              -2.58893e-04      -5.01176e-03      -1.44179e-06       0.00000e+00       0.00000e+00       0.00000e+00
  134              -2.58893e-04      -5.01176e-03       1.44179e-06       0.00000e+00       0.00000e+00       0.00000e+00
  135              -5.06463e-14      -5.01109e-03      -2.39687e-12       0.00000e+00       0.00000e+00       0.00000e+00
  136               5.06124e-14      -5.01109e-03      -2.39690e-12       0.00000e+00       0.00000e+00       0.00000e+00
  137               2.58893e-04      -5.01176e-03       1.44179e-06       0.00000e+00       0.00000e+00       0.00000e+00
  138               2.58893e-04      -5.01176e-03      -1.44179e-06       0.00000e+00       0.00000e+00       0.00000e+00
  139               5.19250e-04      -5.01442e-03       2.78892e-06       0.00000e+00       0.00000e+00       0.00000e+00
  140               5.19250e-04      -5.01442e-03      -2.78893e-06       0.00000e+00       0.00000e+00       0.00000e+00
  141               7.76833e-04      -5.01705e-03       4.49058e-06       0.00000e+00       0.00000e+00       0.00000e+00
  142               7.76833e-04      -5.01705e-03      -4.49060e-06       0.00000e+00       0.00000e+00       0.00000e+00
  143               1.04031e-03      -5.02497e-03       5.83401e-06       0.00000e+00       0.00000e+00       0.00000e+00
  144               1.04031e-03      -5.02497e-03      -5.83403e-06       0.00000e+00       0.00000e+00       0.00000e+00
  145              -1.13949e-03      -6.39236e-03       8.44581e-07       0.00000e+00       0.00000e+00       0.00000e+00
  146              -1.13949e-03      -6.39236e-03      -8.44574e-07       0.00000e+00       0.00000e+00       0.00000e+00
  147              -8.55813e-04      -6.38928e-03       6.86327e-07       0.00000e+00       0.00000e+00       0.00000e+00
  148              -8.55813e-04      -6.38928e-03      -6.86324e-07       0.00000e+00       0.00000e+00       0.00000e+00
  149              -5.68389e-04      -6.38431e-03       2.59099e-07       0.00000e+00       0.00000e+00       0.00000e+00
  150              -5.68389e-04      -6.38431e-03      -2.59099e-07       0.00000e+00       0.00000e+00       0.00000e+00
  151              -2.84690e-04      -6.38262e-03       1.81997e-07       0.00000e+00       0.00000e+00       0.00000e+00
  152              -2.84690e-04      -6.38262e-03      -1.82000e-07       0.00000e+00       0.00000e+00       0.00000e+00
  153              -5.65936e-14      -6.38175e-03      -3.06693e-12       0.00000e+00       0.00000e+00       0.00000e+00
  154               5.65421e-14      -6.38175e-03      -3.06687e-12       0.00000e+00       0.00000e+00       0.00000e+00
  155               2.84690e-04      -6.38262e-03      -1.82003e-07       0.00000e+00       0.00000e+00       0.00000e+00
  156               2.84690e-04      -6.38262e-03       1.81994e-07       0.00000e+00       0.00000e+00       0.00000e+00
  157               5.68389e-04      -6.38431e-03      -2.59106e-07       0.00000e+00       0.00000e+00       0.00000e+00
  158               5.68389e-04      -6.38431e-03       2.59093e-07       0.00000e+00       0.00000e+00       0.00000e+00
  159               8.55813e-04      -6.38928e-03      -6.86333e-07       0.00000e+00       0.00000e+00       0.00000e+00
  160               8.55813e-04      -6.38928e-03       6.86317e-07       0.00000e+00       0.00000e+00       0.00000e+00
  161               1.13949e-03      -6.39236e-03      -8.44587e-07       0.00000e+00       0.00000e+00       0.00000e+00
  162               1.13949e-03      -6.39236e-03       8.44568e-07       0.00000e+00       0.00000e+00       0.00000e+00
  163              -1.23038e-03      -7.88240e-03      -5.01037e-06       0.00000e+00       0.00000e+00       0.00000e+00
  164              -1.23038e-03      -7.88240e-03       5.01038e-06       0.00000e+00       0.00000e+00       0.00000e+00
  165              -9.19912e-04      -7.87644e-03      -3.75024e-06       0.00000e+00       0.00000e+00       0.00000e+00
  166              -9.19912e-04      -7.87644e-03       3.75024e-06       0.00000e+00       0.00000e+00       0.00000e+00
  167              -6.14374e-04      -7.87470e-03      -2.31615e-06       0.00000e+00       0.00000e+00       0.00000e+00
  168              -6.14374e-04      -7.87470e-03       2.31615e-06       0.00000e+00       0.00000e+00       0.00000e+00
  169              -3.06412e-04      -7.87222e-03      -1.21028e-06       0.00000e+00       0.00000e+00       0.00000e+00
  170              -3.06412e-04      -7.87222e-03       1.21028e-06       0.00000e+00       0.00000e+00       0.00000e+00
  171              -6.13660e-14      -7.87179e-03      -3.80385e-12       0.00000e+00       0.00000e+00       0.00000e+00
  172               6.13240e-14      -7.87179e-03      -3.80388e-12       0.00000e+00       0.00000e+00       0.00000e+00
  173               3.06412e-04      -7.87222e-03       1.21028e-06       0.00000e+00       0.00000e+00       0.00000e+00
  174               3.06412e-04      -7.87222e-03      -1.21029e-06       0.00000e+00       0.00000e+00       0.00000e+00
  175               6.14374e-04      -7.87470e-03       2.31615e-06       0.00000e+00       0.00000e+00       0.00000e+00
  176               6.14374e-04      -7.87470e-03      -2.31616e-06       0.00000e+00       0.00000e+00       0.00000e+00
  177               9.19912e-04      -7.87644e-03       3.75023e-06       0.00000e+00       0.00000e+00       0.00000e+00
  178               9.19912e-04      -7.87644e-03      -3.75025e-06       0.00000e+00       0.00000e+00       0.00000e+00
  179               1.23038e-03      -7.88240e-03       5.01036e-06       0.00000e+00       0.00000e+00       0.00000e+00
  180               1.23038e-03      -7.88240e-03      -5.01039e-06       0.00000e+00       0.00000e+00       0.00000e+00
  181              -1.30615e-03      -9.47367e-03       1.19999e-06       0.00000e+00       0.00000e+00       0.00000e+00
  182              -1.30615e-03      -9.47367e-03      -1.19998e-06       0.00000e+00       0.00000e+00       0.00000e+00
  183              -9.80388e-04      -9.47123e-03       8.44250e-07       0.00000e+00       0.00000e+00       0.00000e+00
  184              -9.80388e-04      -9.47123e-03      -8.44247e-07       0.00000e+00       0.00000e+00       0.00000e+00
  185              -6.51732e-04      -9.46717e-03       3.90875e-07       0.00000e+00       0.00000e+00       0.00000e+00
  186              -6.51732e-04      -9.46717e-03      -3.90876e-07       0.00000e+00       0.00000e+00       0.00000e+00
  187              -3.26350e-04      -9.46630e-03       2.45577e-07       0.00000e+00       0.00000e+00       0.00000e+00
  188              -3.26350e-04      -9.46630e-03      -2.45582e-07       0.00000e+00       0.00000e+00       0.00000e+00
  189              -6.47180e-14      -9.46553e-03      -4.59160e-12       0.00000e+00       0.00000e+00       0.00000e+00
  190               6.46475e-14      -9.46553e-03      -4.59159e-12       0.00000e+00       0.00000e+00       0.00000e+00
  191               3.26350e-04      -9.46630e-03      -2.45586e-07       0.00000e+00       0.00000e+00       0.00000e+00
  192               3.26350e-04      -9.46630e-03       2.45572e-07       0.00000e+00       0.00000e+00       0.00000e+00
  193               6.51732e-04      -9.46717e-03      -3.90884e-07       0.00000e+00       0.00000e+00       0.00000e+00
  194               6.51732e-04      -9.46717e-03       3.90866e-07       0.00000e+00       0.00000e+00       0.00000e+00
  195               9.80388e-04      -9.47123e-03      -8.44259e-07       0.00000e+00       0.00000e+00       0.00000e+00
  196               9.80388e-04      -9.47123e-03       8.44237e-07       0.00000e+00       0.00000e+00       0.00000e+00
  197               1.30615e-03      -9.47367e-03      -1.20000e-06       0.00000e+00       0.00000e+00       0.00000e+00
  198               1.30615e-03      -9.47367e-03       1.19998e-06       0.00000e+00       0.00000e+00       0.00000e+00
  199              -1.37301e-03      -1.11562e-02      -4.26774e-06       0.00000e+00       0.00000e+00       0.00000e+00
  200              -1.37301e-03      -1.11562e-02       4.26775e-06       0.00000e+00       0.00000e+00       0.00000e+00
  201              -1.02722e-03      -1.11520e-02      -3.09527e-06       0.00000e+00       0.00000e+00       0.00000e+00
  202              -1.02722e-03      -1.11520e-02       3.09527e-06       0.00000e+00       0.00000e+00       0.00000e+00
  203              -6.85603e-04      -1.11512e-02      -1.90817e-06       0.00000e+00       0.00000e+00       0.00000e+00
  204              -6.85603e-04      -1.11512e-02       1.90817e-06       0.00000e+00       0.00000e+00       0.00000e+00
  205              -3.42071e-04      -1.11490e-02      -9.95512e-07       0.00000e+00       0.00000e+00       0.00000e+00
  206              -3.42071e-04      -1.11490e-02       9.95506e-07       0.00000e+00       0.00000e+00       0.00000e+00
  207              -6.70369e-14      -1.11488e-02      -5.41490e-12       0.00000e+00       0.00000e+00       0.00000e+00
  208               6.70101e-14      -1.11488e-02      -5.41494e-12       0.00000e+00       0.00000e+00       0.00000e+00
  209               3.42071e-04      -1.11490e-02       9.95501e-07       0.00000e+00       0.00000e+00       0.00000e+00
  210               3.42071e-04      -1.11490e-02      -9.95517e-07       0.00000e+00       0.00000e+00       0.00000e+00
  211               6.85603e-04      -1.11512e-02       1.90816e-06       0.00000e+00       0.00000e+00       0.00000e+00
  212               6.85603e-04      -1.11512e-02      -1.90818e-06       0.00000e+00       0.00000e+00       0.00000e+00
  213               1.02722e-03      -1.11520e-02       3.09525e-06       0.00000e+00       0.00000e+00       0.00000e+00
  214               1.02722e-03      -1.11520e-02      -3.09528e-06       0.00000e+00       0.00000e+00       0.00000e+00
  215               1.37301e-03      -1.11562e-02       4.26773e-06       0.00000e+00       0.00000e+00       0.00000e+00
  216               1.37301e-03      -1.11562e-02      -4.26776e-06       0.00000e+00       0.00000e+00       0.00000e+00
  217              -1.42515e-03      -1.29118e-02       1.64969e-06       0.00000e+00       0.00000e+00       0.00000e+00
  218              -1.42515e-03      -1.29118e-02      -1.64969e-06       0.00000e+00       0.00000e+00       0.00000e+00
  219              -1.06934e-03      -1.29101e-02       1.08942e-06       0.00000e+00       0.00000e+00       0.00000e+00
  220              -1.06934e-03      -1.29101e-02      -1.08942e-06       0.00000e+00       0.00000e+00       0.00000e+00
  221              -7.11369e-04      -1.29069e-02       5.86063e-07       0.00000e+00       0.00000e+00       0.00000e+00
  222              -7.11369e-04      -1.29069e-02      -5.86065e-07       0.00000e+00       0.00000e+00       0.00000e+00
  223              -3.56121e-04      -1.29067e-02       3.20829e-07       0.00000e+00       0.00000e+00       0.00000e+00
  224              -3.56121e-04      -1.29067e-02      -3.20837e-07       0.00000e+00       0.00000e+00       0.00000e+00
  225              -6.81331e-14      -1.29060e-02      -6.25929e-12       0.00000e+00       0.00000e+00       0.00000e+00
  226               6.80411e-14      -1.29060e-02      -6.25928e-12       0.00000e+00       0.00000e+00       0.00000e+00
  227               3.56121e-04      -1.29067e-02      -3.20842e-07       0.00000e+00       0.00000e+00       0.00000e+00
  228               3.56121e-04      -1.29067e-02       3.20824e-07       0.00000e+00       0.00000e+00       0.00000e+00
  229               7.11369e-04      -1.29069e-02      -5.86075e-07       0.00000e+00       0.00000e+00       0.00000e+00
  230               7.11369e-04      -1.29069e-02       5.86053e-07       0.00000e+00       0.00000e+00       0.00000e+00
  231               1.06934e-03      -1.29101e-02      -1.08943e-06       0.00000e+00       0.00000e+00       0.00000e+00
  232               1.06934e-03      -1.29101e-02       1.08941e-06       0.00000e+00       0.00000e+00       0.00000e+00
  233               1.42515e-03      -1.29118e-02      -1.64971e-06       0.00000e+00       0.00000e+00       0.00000e+00
  234               1.42515e-03      -1.29118e-02       1.64967e-06       0.00000e+00       0.00000e+00       0.00000e+00
  235              -1.46807e-03      -1.47271e-02      -3.62718e-06       0.00000e+00       0.00000e+00       0.00000e+00
  236              -1.46807e-03      -1.47271e-02       3.62719e-06       0.00000e+00       0.00000e+00       0.00000e+00
  237              -1.09884e-03      -1.47247e-02      -2.53207e-06       0.00000e+00       0.00000e+00       0.00000e+00
  238              -1.09884e-03      -1.47247e-02       2.53207e-06       0.00000e+00       0.00000e+00       0.00000e+00
  239              -7.32984e-04      -1.47249e-02      -1.56881e-06       0.00000e+00       0.00000e+00       0.00000e+00
  240              -7.32984e-04      -1.47249e-02       1.56881e-06       0.00000e+00       0.00000e+00       0.00000e+00
  241              -3.65780e-04      -1.47233e-02      -7.89211e-07       0.00000e+00       0.00000e+00       0.00000e+00
  242              -3.65780e-04      -1.47233e-02       7.89202e-07       0.00000e+00       0.00000e+00       0.00000e+00
  243              -7.11643e-14      -1.47234e-02      -7.12916e-12       0.00000e+00       0.00000e+00       0.00000e+00
  244               7.10976e-14      -1.47234e-02      -7.12915e-12       0.00000e+00       0.00000e+00       0.00000e+00
  245               3.65780e-04      -1.47233e-02       7.89197e-07       0.00000e+00       0.00000e+00       0.00000e+00
  246               3.65780e-04      -1.47233e-02      -7.89217e-07       0.00000e+00       0.00000e+00       0.00000e+00
  247               7.32984e-04      -1.47249e-02       1.56879e-06       0.00000e+00       0.00000e+00       0.00000e+00
  248               7.32984e-04      -1.47249e-02      -1.56882e-06       0.00000e+00       0.00000e+00       0.00000e+00
  249               1.09884e-03      -1.47247e-02       2.53205e-06       0.00000e+00       0.00000e+00       0.00000e+00
  250               1.09884e-03      -1.47247e-02      -2.53208e-06       0.00000e+00       0.00000e+00       0.00000e+00
  251               1.46807e-03      -1.47271e-02       3.62717e-06       0.00000e+00       0.00000e+00       0.00000e+00
  252               1.46807e-03      -1.47271e-02      -3.62720e-06       0.00000e+00       0.00000e+00       0.00000e+00
  253              -1.49676e-03      -1.65882e-02       2.19793e-06       0.00000e+00       0.00000e+00       0.00000e+00
  254              -1.49676e-03      -1.65882e-02      -2.19793e-06       0.00000e+00       0.00000e+00       0.00000e+00
  255              -1.12258e-03      -1.65873e-02       1.43574e-06       0.00000e+00       0.00000e+00       0.00000e+00
  256              -1.12258e-03      -1.65873e-02      -1.43574e-06       0.00000e+00       0.00000e+00       0.00000e+00
  257              -7.47217e-04      -1.65846e-02       8.66024e-07       0.00000e+00       0.00000e+00       0.00000e+00
  258              -7.47217e-04      -1.65846e-02      -8.66029e-07       0.00000e+00       0.00000e+00       0.00000e+00
  259              -3.74080e-04      -1.65847e-02       4.05645e-07       0.00000e+00       0.00000e+00       0.00000e+00
  260              -3.74080e-04      -1.65847e-02      -4.05656e-07       0.00000e+00       0.00000e+00       0.00000e+00
  261              -7.49020e-14      -1.65841e-02      -8.04177e-12       0.00000e+00       0.00000e+00       0.00000e+00
  262               7.48065e-14      -1.65841e-02      -8.04174e-12       0.00000e+00       0.00000e+00       0.00000e+00
  263               3.74080e-04      -1.65847e-02      -4.05661e-07       0.00000e+00       0.00000e+00       0.00000e+00
  264               3.74080e-04      -1.65847e-02       4.05640e-07       0.00000e+00       0.00000e+00       0.00000e+00
  265               7.47217e-04      -1.65846e-02      -8.66040e-07       0.00000e+00       0.00000e+00       0.00000e+00
  266               7.47217e-04      -1.65846e-02       8.66013e-07       0.00000e+00       0.00000e+00       0.00000e+00
  267               1.12258e-03      -1.65873e-02      -1.43576e-06       0.00000e+00       0.00000e+00       0.00000e+00
  268               1.12258e-03      -1.65873e-02       1.43573e-06       0.00000e+00       0.00000e+00       0.00000e+00
  269               1.49676e-03      -1.65882e-02      -2.19795e-06       0.00000e+00       0.00000e+00       0.00000e+00
  270               1.49676e-03      -1.65882e-02       2.19791e-06       0.00000e+00       0.00000e+00       0.00000e+00
  271              -1.51498e-03      -1.84758e-02      -3.05546e-06       0.00000e+00       0.00000e+00       0.00000e+00
  272              -1.51498e-03      -1.84758e-02       3.05547e-06       0.00000e+00       0.00000e+00       0.00000e+00
  273              -1.13485e-03      -1.84752e-02      -2.08405e-06       0.00000e+00       0.00000e+00       0.00000e+00
  274              -1.13485e-03      -1.84752e-02       2.08404e-06       0.00000e+00       0.00000e+00       0.00000e+00
  275              -7.56789e-04      -1.84769e-02      -1.34851e-06       0.00000e+00       0.00000e+00       0.00000e+00
  276              -7.56789e-04      -1.84769e-02       1.34851e-06       0.00000e+00       0.00000e+00       0.00000e+00
  277              -3.77602e-04      -1.84762e-02      -6.03518e-07       0.00000e+00       0.00000e+00       0.00000e+00
  278              -3.77602e-04      -1.84762e-02       6.03506e-07       0.00000e+00       0.00000e+00       0.00000e+00
  279              -7.92669e-14      -1.84767e-02      -9.00512e-12       0.00000e+00       0.00000e+00       0.00000e+00
  280               7.91833e-14      -1.84767e-02      -9.00523e-12       0.00000e+00       0.00000e+00       0.00000e+00
  281               3.77602e-04      -1.84762e-02       6.03500e-07       0.00000e+00       0.00000e+00       0.00000e+00
  282               3.77602e-04      -1.84762e-02      -6.03524e-07       0.00000e+00       0.00000e+00       0.00000e+00
  283               7.56789e-04      -1.84769e-02       1.34850e-06       0.00000e+00       0.00000e+00       0.00000e+00
  284               7.56789e-04      -1.84769e-02      -1.34853e-06       0.00000e+00       0.00000e+00       0.00000e+00
  285               1.13485e-03      -1.84752e-02       2.08403e-06       0.00000e+00       0.00000e+00       0.00000e+00
  286               1.13485e-03      -1.84752e-02      -2.08406e-06       0.00000e+00       0.00000e+00       0.00000e+00
  287               1.51498e-03      -1.84758e-02       3.05544e-06       0.00000e+00       0.00000e+00       0.00000e+00
  288               1.51498e-03      -1.84758e-02      -3.05549e-06       0.00000e+00       0.00000e+00       0.00000e+00
  289              -1.52217e-03      -2.03845e-02       2.72741e-06       0.00000e+00       0.00000e+00       0.00000e+00
  290              -1.52217e-03      -2.03845e-02      -2.72741e-06       0.00000e+00       0.00000e+00       0.00000e+00
  291              -1.14002e-03      -2.03840e-02       1.90880e-06       0.00000e+00       0.00000e+00       0.00000e+00
  292              -1.14002e-03      -2.03840e-02      -1.90880e-06       0.00000e+00       0.00000e+00       0.00000e+00
  293              -7.58496e-04      -2.03815e-02       1.32740e-06       0.00000e+00       0.00000e+00       0.00000e+00
  294              -7.58496e-04      -2.03815e-02      -1.32740e-06       0.00000e+00       0.00000e+00       0.00000e+00
  295              -3.79731e-04      -2.03817e-02       5.42601e-07       0.00000e+00       0.00000e+00       0.00000e+00
  296              -3.79731e-04      -2.03817e-02      -5.42615e-07       0.00000e+00       0.00000e+00       0.00000e+00
  297              -8.26274e-14      -2.03809e-02      -1.00165e-11       0.00000e+00       0.00000e+00       0.00000e+00
  298               8.25156e-14      -2.03809e-02      -1.00164e-11       0.00000e+00       0.00000e+00       0.00000e+00
  299               3.79731e-04      -2.03817e-02      -5.42621e-07       0.00000e+00       0.00000e+00       0.00000e+00
  300               3.79731e-04      -2.03817e-02       5.42595e-07       0.00000e+00       0.00000e+00       0.00000e+00
  301               7.58496e-04      -2.03815e-02      -1.32742e-06       0.00000e+00       0.00000e+00       0.00000e+00
  302               7.58496e-04      -2.03815e-02       1.32738e-06       0.00000e+00       0.00000e+00       0.00000e+00
  303               1.14002e-03      -2.03840e-02      -1.90882e-06       0.00000e+00       0.00000e+00       0.00000e+00
  304               1.14002e-03      -2.03840e-02       1.90878e-06       0.00000e+00       0.00000e+00       0.00000e+00
  305               1.52217e-03      -2.03845e-02      -2.72743e-06       0.00000e+00       0.00000e+00       0.00000e+00
  306               1.52217e-03      -2.03845e-02       2.72739e-06       0.00000e+00       0.00000e+00       0.00000e+00

 S T R E S S  C A L C U L A T I O N S  F O R  E L E M E N T  G R O U P    1

  ELEMENT          SIGMA-X          SIGMA-Y          SIGMA-Z
                    TAU-XY           TAU-YZ           TAU-ZX
  NUMBER
    1      -5.19448e+07      -2.27046e+06      -1.06361e+06
           -1.46723e+06       1.08251e-06       2.58237e-05
    2      -3.65774e+07      -2.83338e+06      -5.64222e+05
           -1.41222e+06       2.47255e-06       4.99898e-06
    3      -2.18889e+07      -2.06871e+06      -3.98701e+05
           -6.64160e+05       4.19503e-06       1.20042e-05
    4      -7.24790e+06      -7.07265e+05      -1.05625e+05
           -4.56392e+05       4.66721e-06      -6.33366e-06
    5       7.24790e+06       7.07265e+05       1.05625e+05
           -4.56392e+05       1.53306e-06       3.82880e-06
    6       2.18889e+07       2.06871e+06       3.98701e+05
           -6.64160e+05       5.16195e-06      -1.36744e-05
    7       3.65774e+07       2.83338e+06       5.64222e+05
           -1.41222e+06       2.03562e-06      -9.34574e-06
    8       5.19448e+07       2.27046e+06       1.06361e+06
           -1.46723e+06      -3.24661e-06      -2.24727e-05
    9      -4.76385e+07       1.76258e+06       9.60375e+05
            5.95212e+05      -1.97828e-06       2.99710e-05
   10      -3.51162e+07       1.79007e+06       4.90855e+05
           -6.02840e+05       5.08480e-07      -1.78384e-05
   11      -2.11036e+07       1.11610e+06       3.58599e+05
           -1.80016e+06       5.17081e-07       2.56166e-05
   12      -7.10569e+06       3.50006e+05       8.98222e+04
           -2.19221e+06       1.84451e-07      -2.01451e-05
   13       7.10569e+06      -3.50006e+05      -8.98222e+04
           -2.19221e+06       3.25111e-06       1.85495e-05
   14       2.11036e+07      -1.11610e+06      -3.58599e+05
           -1.80016e+06      -8.30353e-07      -2.66788e-05
   15       3.51162e+07      -1.79007e+06      -4.90855e+05
           -6.02840e+05      -4.70559e-07       1.80235e-05
   16       4.76385e+07      -1.76258e+06      -9.60375e+05
            5.95212e+05       1.22781e-06      -3.22837e-05
   17      -4.55313e+07      -1.36126e+06      -8.61196e+05
           -1.00662e+06       1.95756e-06       3.01046e-05
   18      -3.14751e+07      -1.03792e+06      -4.29478e+05
           -9.73495e+05       4.43324e-07      -2.26609e-05
   19      -1.90354e+07      -4.85186e+05      -3.21915e+05
           -9.15586e+05       1.15122e-06       2.55746e-05
   20      -6.27644e+06      -1.26516e+05      -7.85732e+04
           -1.10430e+06       2.77227e-06      -2.52442e-05
   21       6.27644e+06       1.26516e+05       7.85732e+04
           -1.10430e+06      -4.72775e-07       2.47718e-05
   22       1.90354e+07       4.85186e+05       3.21915e+05
           -9.15586e+05       2.43476e-06      -2.68181e-05
   23       3.14751e+07       1.03792e+06       4.29478e+05
           -9.73495e+05       1.30964e-06       2.04380e-05
   24       4.55313e+07       1.36126e+06       8.61196e+05
           -1.00662e+06      -1.16030e-06      -3.11247e-05
   25      -4.12124e+07       1.06395e+06       7.73481e+05
            1.29145e+05      -2.55048e-06       3.23272e-05
   26      -3.02805e+07       5.62376e+05       3.71205e+05
           -9.89793e+05      -9.14796e-08      -3.02927e-05
   27      -1.78730e+07       1.46524e+05       2.94736e+05
           -1.52424e+06      -3.95304e-07       2.97995e-05
   28      -6.03445e+06       2.05254e+04       6.39150e+04
           -1.61511e+06      -2.13140e-06      -2.88371e-05
   29       6.03445e+06      -2.05254e+04      -6.39150e+04
           -1.61511e+06       1.56910e-06       2.69364e-05
   30       1.78730e+07      -1.46524e+05      -2.94736e+05
           -1.52424e+06      -8.90818e-07      -3.09301e-05
   31       3.02805e+07      -5.62376e+05      -3.71205e+05
           -9.89793e+05      -8.55894e-07       2.97733e-05
   32       4.12124e+07      -1.06395e+06      -7.73481e+05
            1.29145e+05       7.75622e-07      -3.37987e-05
   33      -3.85737e+07      -8.46957e+05      -6.87549e+05
           -6.48132e+05       2.54423e-06       3.28812e-05
   34      -2.69177e+07      -2.83778e+05      -3.23844e+05
           -7.46254e+05      -1.71231e-07      -2.98197e-05
   35      -1.65134e+07       2.30860e+03      -2.66453e+05
           -1.14922e+06      -3.31271e-07       3.04064e-05
   36      -5.41209e+06       1.42260e+04      -5.43570e+04
           -1.45639e+06       2.07536e-06      -3.11517e-05
   37       5.41209e+06      -1.42260e+04       5.43570e+04
           -1.45639e+06      -1.03273e-06       3.07327e-05
   38       1.65134e+07      -2.30860e+03       2.66453e+05
           -1.14922e+06       7.54250e-07      -3.13475e-05
   39       2.69177e+07       2.83778e+05       3.23844e+05
           -7.46254e+05       3.60184e-07       2.88445e-05
   40       3.85737e+07       8.46957e+05       6.87549e+05
           -6.48132e+05      -8.69447e-07      -3.31028e-05
   41      -3.47869e+07       6.86998e+05       6.11090e+05
           -1.20376e+05      -2.33051e-06       3.32423e-05
   42      -2.53206e+07       1.28713e+05       2.78448e+05
           -1.08329e+06       5.38974e-07      -3.36514e-05
   43      -1.48172e+07      -4.91857e+04       2.43464e+05
           -1.34711e+06       1.45866e-06       3.17940e-05
   44      -5.05112e+06      -1.55056e+04       4.22292e+04
           -1.44922e+06      -3.67899e-06      -2.93393e-05
   45       5.05112e+06       1.55056e+04      -4.22292e+04
           -1.44922e+06       6.22374e-07       3.08370e-05
   46       1.48172e+07       4.91857e+04      -2.43464e+05
           -1.34711e+06      -1.00289e-06      -3.09911e-05
   47       2.53206e+07      -1.28713e+05      -2.78448e+05
           -1.08329e+06      -1.71961e-06       3.43312e-05
   48       3.47869e+07      -6.86998e+05      -6.11090e+05
           -1.20376e+05      -1.79310e-07      -3.39847e-05
   49      -3.17560e+07      -5.66757e+05      -5.36195e+05
           -4.79665e+05       3.26329e-06       3.51761e-05
   50      -2.23275e+07      -4.62103e+04      -2.41291e+05
           -7.35954e+05       4.63913e-08      -3.30324e-05
   51      -1.37500e+07       5.05440e+04      -2.17934e+05
           -1.27566e+06      -1.42772e-06       3.34771e-05
   52      -4.45585e+06       6.12824e+03      -3.45319e+04
           -1.50872e+06       1.79180e-06      -3.50160e-05
   53       4.45585e+06      -6.12824e+03       3.45319e+04
           -1.50872e+06       3.24218e-07       3.34870e-05
   54       1.37500e+07      -5.05440e+04       2.17934e+05
           -1.27566e+06       5.51223e-07      -3.30933e-05
   55       2.23275e+07       4.62103e+04       2.41291e+05
           -7.35954e+05       2.09856e-06       3.28736e-05
   56       3.17560e+07       5.66757e+05       5.36195e+05
           -4.79665e+05       9.54932e-07      -3.41782e-05
   57      -2.82231e+07       4.74725e+05       4.69196e+05
           -2.35770e+05      -2.69852e-06       3.77328e-05
   58      -2.04359e+07       5.44144e+03       2.04950e+05
           -1.05134e+06       6.66159e-07      -3.61154e-05
   59      -1.19420e+07      -3.68699e+04       1.95959e+05
           -1.26002e+06      -9.68875e-08       3.33327e-05
   60      -4.11924e+06       2.78308e+03       2.48536e+04
           -1.45287e+06      -1.10245e-06      -3.21376e-05
   61       4.11924e+06      -2.78308e+03      -2.48536e+04
           -1.45287e+06       2.30914e-07       3.27218e-05
   62       1.19420e+07       3.68699e+04      -1.95959e+05
           -1.26002e+06      -8.89515e-07      -3.68317e-05
   63       2.04359e+07      -5.44144e+03      -2.04950e+05
           -1.05134e+06      -2.03392e-06       3.37535e-05
   64       2.82231e+07      -4.74725e+05      -4.69196e+05
           -2.35770e+05       3.62791e-07      -3.99845e-05
   65      -2.50402e+07      -4.03706e+05      -4.03462e+05
           -3.96551e+05       3.75457e-06       3.71061e-05
   66      -1.76626e+07       1.03852e+04      -1.74694e+05
           -7.83955e+05      -1.42302e-07      -3.44025e-05
   67      -1.08781e+07       2.18060e+04      -1.71543e+05
           -1.33459e+06      -2.15140e-06       3.69879e-05
   68      -3.48342e+06      -7.29736e+03      -1.89321e+04
           -1.48490e+06       1.98779e-06      -3.77585e-05
   69       3.48342e+06       7.29736e+03       1.89321e+04
           -1.48490e+06       2.18039e-06       3.34444e-05
   70       1.08781e+07      -2.18060e+04       1.71543e+05
           -1.33459e+06       7.62590e-07      -3.48870e-05
   71       1.76626e+07      -1.03852e+04       1.74694e+05
           -7.83955e+05       2.25910e-06       3.52768e-05
   72       2.50402e+07       4.03706e+05       4.03462e+05
           -3.96551e+05      -3.00241e-07      -3.92448e-05
   73      -2.15910e+07       3.49432e+05       3.43896e+05
           -3.00635e+05      -3.28023e-06       4.04279e-05
   74      -1.56127e+07      -9.10722e+03       1.44723e+05
           -1.00246e+06      -1.15666e-06      -3.14674e-05
   75      -9.12506e+06      -9.06454e+03       1.49746e+05
           -1.22002e+06       1.57252e-06       3.28587e-05
   76      -3.18429e+06       7.44483e+03       1.16491e+04
           -1.47688e+06      -2.99407e-06      -3.08472e-05
   77       3.18429e+06      -7.44483e+03      -1.16491e+04
           -1.47688e+06      -1.10297e-06       3.16708e-05
   78       9.12506e+06       9.06454e+03      -1.49746e+05
           -1.22002e+06      -3.11864e-06      -3.87111e-05
   79       1.56127e+07       9.10722e+03      -1.44723e+05
           -1.00246e+06      -5.89118e-06       2.73993e-05
   80       2.15910e+07      -3.49432e+05      -3.43896e+05
           -3.00635e+05      -1.27602e-06      -4.23589e-05
   81      -1.83702e+07      -3.09634e+05      -2.85188e+05
           -3.40462e+05       4.21822e-06       3.06349e-05
   82      -1.29513e+07      -7.25958e+03      -1.19250e+05
           -8.24618e+05       2.45353e-06      -3.30201e-05
   83      -7.97361e+06      -3.69965e+03      -1.25966e+05
           -1.36265e+06      -3.24050e-06       2.97481e-05
   84      -2.51919e+06      -5.53163e+03      -7.48587e+03
           -1.47227e+06       2.93256e-06      -3.22585e-05
   85       2.51919e+06       5.53163e+03       7.48587e+03
           -1.47227e+06       4.71472e-06       2.82221e-05
   86       7.97361e+06       3.69965e+03       1.25966e+05
           -1.36265e+06       2.96409e-06      -3.07503e-05
   87       1.29513e+07       7.25958e+03       1.19250e+05
           -8.24618e+05       3.05036e-06       2.96608e-05
   88       1.83702e+07       3.09634e+05       2.85188e+05
           -3.40462e+05      -7.08901e-08      -3.49872e-05
   89      -1.49269e+07       2.83472e+05       2.30869e+05
           -3.54592e+05      -4.49735e-06       2.66734e-05
   90      -1.08207e+07       4.08600e+04       9.40051e+04
           -9.76647e+05      -5.25421e-06      -2.16040e-05
   91      -6.33251e+06       2.32492e+04       1.04007e+05
           -1.19926e+06      -1.35493e-06       2.55279e-05
   92      -2.24568e+06       5.57347e+03       2.64457e+03
           -1.46950e+06      -6.69703e-06      -2.48382e-05
   93       2.24568e+06      -5.57347e+03      -2.64457e+03
           -1.46950e+06      -8.08148e-06       2.47115e-05
   94       6.33251e+06      -2.32492e+04      -1.04007e+05
           -1.19926e+06      -2.40192e-06      -2.44829e-05
   95       1.08207e+07      -4.08600e+04      -9.40051e+04
           -9.76647e+05      -2.26953e-06       2.78826e-05
   96       1.49269e+07      -2.83472e+05      -2.30869e+05
           -3.54592e+05      -1.50120e-06      -2.45130e-05
   97      -1.17195e+07      -2.70998e+05      -1.77004e+05
           -2.84693e+05       1.24292e-06       2.53519e-05
   98      -8.22809e+06      -9.66575e+04      -7.20311e+04
           -8.30242e+05       5.81039e-06      -2.96049e-05
   99      -5.04591e+06      -5.97981e+04      -8.05950e+04
           -1.37789e+06       4.66155e-06       2.10937e-05
  100      -1.54946e+06      -1.31156e+04      -3.99375e+02
           -1.50717e+06       2.89034e-06      -1.96987e-05
  101       1.54946e+06       1.31156e+04       3.99375e+02
           -1.50717e+06       1.07930e-05       2.42742e-05
  102       5.04591e+06       5.97981e+04       8.05950e+04
           -1.37789e+06       3.80930e-06      -1.82025e-05
  103       8.22809e+06       9.66575e+04       7.20311e+04
           -8.30242e+05       5.33970e-06       2.29713e-05
  104       1.17195e+07       2.70998e+05       1.77004e+05
           -2.84693e+05      -2.50201e-08      -1.62680e-05
  105      -8.27119e+06       2.72034e+05       1.25838e+05
           -4.10376e+05      -5.22424e-06       1.37750e-05
  106      -6.00814e+06       1.79227e+05       5.04340e+04
           -9.92006e+05      -5.50389e-06      -1.16061e-05
  107      -3.55066e+06       1.23870e+05       5.82990e+04
           -1.19229e+06      -7.22257e-06       1.75541e-05
  108      -1.31826e+06       3.41334e+04      -1.68094e+03
           -1.40532e+06      -1.15196e-07      -1.94595e-05
  109       1.31826e+06      -3.41334e+04       1.68094e+03
           -1.40532e+06      -1.01566e-05       1.68649e-05
  110       3.55066e+06      -1.23870e+05      -5.82990e+04
           -1.19229e+06      -8.72079e-06      -1.71276e-05
  111       6.00814e+06      -1.79227e+05      -5.04340e+04
           -9.92006e+05      -1.65758e-07       2.02360e-05
  112       8.27119e+06      -2.72034e+05      -1.25838e+05
           -4.10376e+05       2.25180e-06      -1.65633e-05
  113      -4.98633e+06      -2.83199e+05      -7.50204e+04
           -2.45921e+05       5.99230e-06       1.76300e-05
  114      -3.58880e+06      -2.83211e+05      -3.08174e+04
           -8.10140e+05       3.03994e-06      -2.49875e-05
  115      -2.16996e+06      -2.15069e+05      -3.51636e+04
           -1.36544e+06       2.37722e-06       1.71804e-05
  116      -5.84108e+05      -7.02810e+04       1.54508e+03
           -1.57850e+06       1.75297e-06      -1.37533e-05
  117       5.84108e+05       7.02810e+04      -1.54508e+03
           -1.57850e+06       6.31131e-06       1.87338e-05
  118       2.16996e+06       2.15069e+05       3.51636e+04
           -1.36544e+06       1.65549e-06      -1.56567e-05
  119       3.58880e+06       2.83211e+05       3.08174e+04
           -8.10140e+05       1.93280e-06       2.01499e-05
  120       4.98633e+06       2.83199e+05       7.50204e+04
           -2.45921e+05       5.50441e-07      -2.21144e-05
  121      -1.88148e+06       2.90547e+05       2.60214e+04
           -3.77564e+05       1.67322e-07       1.13757e-05
  122      -9.85729e+05       3.68323e+05       1.11326e+04
           -9.51927e+05      -4.58857e-06      -1.54120e-05
  123      -5.22986e+05       2.90497e+05       1.22676e+04
           -1.25122e+06      -1.99813e-06       1.03142e-05
  124      -3.09299e+05       1.04732e+05      -4.65870e+02
           -1.41929e+06      -4.86327e-06      -2.03672e-05
  125       3.09299e+05      -1.04732e+05       4.65870e+02
           -1.41929e+06      -1.51788e-06       1.12457e-05
  126       5.22986e+05      -2.90497e+05      -1.22676e+04
           -1.25122e+06      -4.86692e-06      -1.84222e-05
  127       9.85729e+05      -3.68323e+05      -1.11326e+04
           -9.51927e+05      -2.23512e-06       1.18895e-05
  128       1.88148e+06      -2.90547e+05      -2.60214e+04
           -3.77564e+05      -1.24266e-06      -1.43498e-05

     DISPLACEMENT CSV = D:\STAPpp-master\STAPpp\data\H8\convergence\h8_conv_16x8x1.displacements.csv


 S O L U T I O N   T I M E   L O G   I N   S E C 

     READ_TIME = 1.20000e-02
     MPC_ALIAS_TIME = 0.00000e+00
     CSR_PATTERN_TIME = 0.00000e+00
     CSR_ASSEMBLY_TIME = 0.00000e+00
     ELEMENT_VALUE_ASSEMBLY_TIME = 0.00000e+00
     MPC_VALUE_ASSEMBLY_TIME = 0.00000e+00
     ELEMENT_STIFFNESS_TIME = 0.00000e+00
     PATTERN_INSERT_TIME = 0.00000e+00
     VALUE_INSERT_TIME = 0.00000e+00
     ACTIVE_DOF_PACK_TIME = 0.00000e+00
     MPC_PATTERN_TIME = 0.00000e+00
     EXPORT_UPPER_CSR_TIME = 0.00000e+00
     SYMMETRY_CHECK_TIME = 0.00000e+00
     SCALING_TIME = 0.00000e+00
     PRECOND_SETUP_TIME = 0.00000e+00
     ITER_SOLVE_TIME = 0.00000e+00
     RESIDUAL_CHECK_TIME = 0.00000e+00
     CSV_WRITE_TIME = 1.00000e-03
     TOTAL_TIME = 2.20000e-02

