TITLE : H8 Convergence Test - 32x16x1 Mesh
        (17:56:43 on June 14, 2026, Sunday)

C O N T R O L   I N F O R M A T I O N

      NUMBER OF NODAL POINTS . . . . . . . . . . (NUMNP)  =  1122
      NUMBER OF ELEMENT GROUPS . . . . . . . . . (NUMEG)  =     1
      NUMBER OF LOAD CASES . . . . . . . . . . . (NLCASE) =     1
      SOLUTION MODE  . . . . . . . . . . . . . . (MODEX)  =     1
         EQ.0, DATA CHECK
         EQ.1, EXECUTION

 N O D A L   P O I N T   D A T A

    NODE       BOUNDARY                         NODAL POINT
   NUMBER  CONDITION  CODES                     COORDINATES
        1    1    1    1    1    1    1       0.00000e+00   -5.00000e-01   -5.00000e-02
        2    1    1    1    1    1    1       0.00000e+00   -5.00000e-01    5.00000e-02
        3    1    1    1    1    1    1       0.00000e+00   -4.37500e-01   -5.00000e-02
        4    1    1    1    1    1    1       0.00000e+00   -4.37500e-01    5.00000e-02
        5    1    1    1    1    1    1       0.00000e+00   -3.75000e-01   -5.00000e-02
        6    1    1    1    1    1    1       0.00000e+00   -3.75000e-01    5.00000e-02
        7    1    1    1    1    1    1       0.00000e+00   -3.12500e-01   -5.00000e-02
        8    1    1    1    1    1    1       0.00000e+00   -3.12500e-01    5.00000e-02
        9    1    1    1    1    1    1       0.00000e+00   -2.50000e-01   -5.00000e-02
       10    1    1    1    1    1    1       0.00000e+00   -2.50000e-01    5.00000e-02
       11    1    1    1    1    1    1       0.00000e+00   -1.87500e-01   -5.00000e-02
       12    1    1    1    1    1    1       0.00000e+00   -1.87500e-01    5.00000e-02
       13    1    1    1    1    1    1       0.00000e+00   -1.25000e-01   -5.00000e-02
       14    1    1    1    1    1    1       0.00000e+00   -1.25000e-01    5.00000e-02
       15    1    1    1    1    1    1       0.00000e+00   -6.25000e-02   -5.00000e-02
       16    1    1    1    1    1    1       0.00000e+00   -6.25000e-02    5.00000e-02
       17    1    1    1    1    1    1       0.00000e+00    0.00000e+00   -5.00000e-02
       18    1    1    1    1    1    1       0.00000e+00    0.00000e+00    5.00000e-02
       19    1    1    1    1    1    1       0.00000e+00    6.25000e-02   -5.00000e-02
       20    1    1    1    1    1    1       0.00000e+00    6.25000e-02    5.00000e-02
       21    1    1    1    1    1    1       0.00000e+00    1.25000e-01   -5.00000e-02
       22    1    1    1    1    1    1       0.00000e+00    1.25000e-01    5.00000e-02
       23    1    1    1    1    1    1       0.00000e+00    1.87500e-01   -5.00000e-02
       24    1    1    1    1    1    1       0.00000e+00    1.87500e-01    5.00000e-02
       25    1    1    1    1    1    1       0.00000e+00    2.50000e-01   -5.00000e-02
       26    1    1    1    1    1    1       0.00000e+00    2.50000e-01    5.00000e-02
       27    1    1    1    1    1    1       0.00000e+00    3.12500e-01   -5.00000e-02
       28    1    1    1    1    1    1       0.00000e+00    3.12500e-01    5.00000e-02
       29    1    1    1    1    1    1       0.00000e+00    3.75000e-01   -5.00000e-02
       30    1    1    1    1    1    1       0.00000e+00    3.75000e-01    5.00000e-02
       31    1    1    1    1    1    1       0.00000e+00    4.37500e-01   -5.00000e-02
       32    1    1    1    1    1    1       0.00000e+00    4.37500e-01    5.00000e-02
       33    1    1    1    1    1    1       0.00000e+00    5.00000e-01   -5.00000e-02
       34    1    1    1    1    1    1       0.00000e+00    5.00000e-01    5.00000e-02
       35    0    0    0    1    1    1       3.12500e-01   -5.00000e-01   -5.00000e-02
       36    0    0    0    1    1    1       3.12500e-01   -5.00000e-01    5.00000e-02
       37    0    0    0    1    1    1       3.12500e-01   -4.37500e-01   -5.00000e-02
       38    0    0    0    1    1    1       3.12500e-01   -4.37500e-01    5.00000e-02
       39    0    0    0    1    1    1       3.12500e-01   -3.75000e-01   -5.00000e-02
       40    0    0    0    1    1    1       3.12500e-01   -3.75000e-01    5.00000e-02
       41    0    0    0    1    1    1       3.12500e-01   -3.12500e-01   -5.00000e-02
       42    0    0    0    1    1    1       3.12500e-01   -3.12500e-01    5.00000e-02
       43    0    0    0    1    1    1       3.12500e-01   -2.50000e-01   -5.00000e-02
       44    0    0    0    1    1    1       3.12500e-01   -2.50000e-01    5.00000e-02
       45    0    0    0    1    1    1       3.12500e-01   -1.87500e-01   -5.00000e-02
       46    0    0    0    1    1    1       3.12500e-01   -1.87500e-01    5.00000e-02
       47    0    0    0    1    1    1       3.12500e-01   -1.25000e-01   -5.00000e-02
       48    0    0    0    1    1    1       3.12500e-01   -1.25000e-01    5.00000e-02
       49    0    0    0    1    1    1       3.12500e-01   -6.25000e-02   -5.00000e-02
       50    0    0    0    1    1    1       3.12500e-01   -6.25000e-02    5.00000e-02
       51    0    0    0    1    1    1       3.12500e-01    0.00000e+00   -5.00000e-02
       52    0    0    0    1    1    1       3.12500e-01    0.00000e+00    5.00000e-02
       53    0    0    0    1    1    1       3.12500e-01    6.25000e-02   -5.00000e-02
       54    0    0    0    1    1    1       3.12500e-01    6.25000e-02    5.00000e-02
       55    0    0    0    1    1    1       3.12500e-01    1.25000e-01   -5.00000e-02
       56    0    0    0    1    1    1       3.12500e-01    1.25000e-01    5.00000e-02
       57    0    0    0    1    1    1       3.12500e-01    1.87500e-01   -5.00000e-02
       58    0    0    0    1    1    1       3.12500e-01    1.87500e-01    5.00000e-02
       59    0    0    0    1    1    1       3.12500e-01    2.50000e-01   -5.00000e-02
       60    0    0    0    1    1    1       3.12500e-01    2.50000e-01    5.00000e-02
       61    0    0    0    1    1    1       3.12500e-01    3.12500e-01   -5.00000e-02
       62    0    0    0    1    1    1       3.12500e-01    3.12500e-01    5.00000e-02
       63    0    0    0    1    1    1       3.12500e-01    3.75000e-01   -5.00000e-02
       64    0    0    0    1    1    1       3.12500e-01    3.75000e-01    5.00000e-02
       65    0    0    0    1    1    1       3.12500e-01    4.37500e-01   -5.00000e-02
       66    0    0    0    1    1    1       3.12500e-01    4.37500e-01    5.00000e-02
       67    0    0    0    1    1    1       3.12500e-01    5.00000e-01   -5.00000e-02
       68    0    0    0    1    1    1       3.12500e-01    5.00000e-01    5.00000e-02
       69    0    0    0    1    1    1       6.25000e-01   -5.00000e-01   -5.00000e-02
       70    0    0    0    1    1    1       6.25000e-01   -5.00000e-01    5.00000e-02
       71    0    0    0    1    1    1       6.25000e-01   -4.37500e-01   -5.00000e-02
       72    0    0    0    1    1    1       6.25000e-01   -4.37500e-01    5.00000e-02
       73    0    0    0    1    1    1       6.25000e-01   -3.75000e-01   -5.00000e-02
       74    0    0    0    1    1    1       6.25000e-01   -3.75000e-01    5.00000e-02
       75    0    0    0    1    1    1       6.25000e-01   -3.12500e-01   -5.00000e-02
       76    0    0    0    1    1    1       6.25000e-01   -3.12500e-01    5.00000e-02
       77    0    0    0    1    1    1       6.25000e-01   -2.50000e-01   -5.00000e-02
       78    0    0    0    1    1    1       6.25000e-01   -2.50000e-01    5.00000e-02
       79    0    0    0    1    1    1       6.25000e-01   -1.87500e-01   -5.00000e-02
       80    0    0    0    1    1    1       6.25000e-01   -1.87500e-01    5.00000e-02
       81    0    0    0    1    1    1       6.25000e-01   -1.25000e-01   -5.00000e-02
       82    0    0    0    1    1    1       6.25000e-01   -1.25000e-01    5.00000e-02
       83    0    0    0    1    1    1       6.25000e-01   -6.25000e-02   -5.00000e-02
       84    0    0    0    1    1    1       6.25000e-01   -6.25000e-02    5.00000e-02
       85    0    0    0    1    1    1       6.25000e-01    0.00000e+00   -5.00000e-02
       86    0    0    0    1    1    1       6.25000e-01    0.00000e+00    5.00000e-02
       87    0    0    0    1    1    1       6.25000e-01    6.25000e-02   -5.00000e-02
       88    0    0    0    1    1    1       6.25000e-01    6.25000e-02    5.00000e-02
       89    0    0    0    1    1    1       6.25000e-01    1.25000e-01   -5.00000e-02
       90    0    0    0    1    1    1       6.25000e-01    1.25000e-01    5.00000e-02
       91    0    0    0    1    1    1       6.25000e-01    1.87500e-01   -5.00000e-02
       92    0    0    0    1    1    1       6.25000e-01    1.87500e-01    5.00000e-02
       93    0    0    0    1    1    1       6.25000e-01    2.50000e-01   -5.00000e-02
       94    0    0    0    1    1    1       6.25000e-01    2.50000e-01    5.00000e-02
       95    0    0    0    1    1    1       6.25000e-01    3.12500e-01   -5.00000e-02
       96    0    0    0    1    1    1       6.25000e-01    3.12500e-01    5.00000e-02
       97    0    0    0    1    1    1       6.25000e-01    3.75000e-01   -5.00000e-02
       98    0    0    0    1    1    1       6.25000e-01    3.75000e-01    5.00000e-02
       99    0    0    0    1    1    1       6.25000e-01    4.37500e-01   -5.00000e-02
      100    0    0    0    1    1    1       6.25000e-01    4.37500e-01    5.00000e-02
      101    0    0    0    1    1    1       6.25000e-01    5.00000e-01   -5.00000e-02
      102    0    0    0    1    1    1       6.25000e-01    5.00000e-01    5.00000e-02
      103    0    0    0    1    1    1       9.37500e-01   -5.00000e-01   -5.00000e-02
      104    0    0    0    1    1    1       9.37500e-01   -5.00000e-01    5.00000e-02
      105    0    0    0    1    1    1       9.37500e-01   -4.37500e-01   -5.00000e-02
      106    0    0    0    1    1    1       9.37500e-01   -4.37500e-01    5.00000e-02
      107    0    0    0    1    1    1       9.37500e-01   -3.75000e-01   -5.00000e-02
      108    0    0    0    1    1    1       9.37500e-01   -3.75000e-01    5.00000e-02
      109    0    0    0    1    1    1       9.37500e-01   -3.12500e-01   -5.00000e-02
      110    0    0    0    1    1    1       9.37500e-01   -3.12500e-01    5.00000e-02
      111    0    0    0    1    1    1       9.37500e-01   -2.50000e-01   -5.00000e-02
      112    0    0    0    1    1    1       9.37500e-01   -2.50000e-01    5.00000e-02
      113    0    0    0    1    1    1       9.37500e-01   -1.87500e-01   -5.00000e-02
      114    0    0    0    1    1    1       9.37500e-01   -1.87500e-01    5.00000e-02
      115    0    0    0    1    1    1       9.37500e-01   -1.25000e-01   -5.00000e-02
      116    0    0    0    1    1    1       9.37500e-01   -1.25000e-01    5.00000e-02
      117    0    0    0    1    1    1       9.37500e-01   -6.25000e-02   -5.00000e-02
      118    0    0    0    1    1    1       9.37500e-01   -6.25000e-02    5.00000e-02
      119    0    0    0    1    1    1       9.37500e-01    0.00000e+00   -5.00000e-02
      120    0    0    0    1    1    1       9.37500e-01    0.00000e+00    5.00000e-02
      121    0    0    0    1    1    1       9.37500e-01    6.25000e-02   -5.00000e-02
      122    0    0    0    1    1    1       9.37500e-01    6.25000e-02    5.00000e-02
      123    0    0    0    1    1    1       9.37500e-01    1.25000e-01   -5.00000e-02
      124    0    0    0    1    1    1       9.37500e-01    1.25000e-01    5.00000e-02
      125    0    0    0    1    1    1       9.37500e-01    1.87500e-01   -5.00000e-02
      126    0    0    0    1    1    1       9.37500e-01    1.87500e-01    5.00000e-02
      127    0    0    0    1    1    1       9.37500e-01    2.50000e-01   -5.00000e-02
      128    0    0    0    1    1    1       9.37500e-01    2.50000e-01    5.00000e-02
      129    0    0    0    1    1    1       9.37500e-01    3.12500e-01   -5.00000e-02
      130    0    0    0    1    1    1       9.37500e-01    3.12500e-01    5.00000e-02
      131    0    0    0    1    1    1       9.37500e-01    3.75000e-01   -5.00000e-02
      132    0    0    0    1    1    1       9.37500e-01    3.75000e-01    5.00000e-02
      133    0    0    0    1    1    1       9.37500e-01    4.37500e-01   -5.00000e-02
      134    0    0    0    1    1    1       9.37500e-01    4.37500e-01    5.00000e-02
      135    0    0    0    1    1    1       9.37500e-01    5.00000e-01   -5.00000e-02
      136    0    0    0    1    1    1       9.37500e-01    5.00000e-01    5.00000e-02
      137    0    0    0    1    1    1       1.25000e+00   -5.00000e-01   -5.00000e-02
      138    0    0    0    1    1    1       1.25000e+00   -5.00000e-01    5.00000e-02
      139    0    0    0    1    1    1       1.25000e+00   -4.37500e-01   -5.00000e-02
      140    0    0    0    1    1    1       1.25000e+00   -4.37500e-01    5.00000e-02
      141    0    0    0    1    1    1       1.25000e+00   -3.75000e-01   -5.00000e-02
      142    0    0    0    1    1    1       1.25000e+00   -3.75000e-01    5.00000e-02
      143    0    0    0    1    1    1       1.25000e+00   -3.12500e-01   -5.00000e-02
      144    0    0    0    1    1    1       1.25000e+00   -3.12500e-01    5.00000e-02
      145    0    0    0    1    1    1       1.25000e+00   -2.50000e-01   -5.00000e-02
      146    0    0    0    1    1    1       1.25000e+00   -2.50000e-01    5.00000e-02
      147    0    0    0    1    1    1       1.25000e+00   -1.87500e-01   -5.00000e-02
      148    0    0    0    1    1    1       1.25000e+00   -1.87500e-01    5.00000e-02
      149    0    0    0    1    1    1       1.25000e+00   -1.25000e-01   -5.00000e-02
      150    0    0    0    1    1    1       1.25000e+00   -1.25000e-01    5.00000e-02
      151    0    0    0    1    1    1       1.25000e+00   -6.25000e-02   -5.00000e-02
      152    0    0    0    1    1    1       1.25000e+00   -6.25000e-02    5.00000e-02
      153    0    0    0    1    1    1       1.25000e+00    0.00000e+00   -5.00000e-02
      154    0    0    0    1    1    1       1.25000e+00    0.00000e+00    5.00000e-02
      155    0    0    0    1    1    1       1.25000e+00    6.25000e-02   -5.00000e-02
      156    0    0    0    1    1    1       1.25000e+00    6.25000e-02    5.00000e-02
      157    0    0    0    1    1    1       1.25000e+00    1.25000e-01   -5.00000e-02
      158    0    0    0    1    1    1       1.25000e+00    1.25000e-01    5.00000e-02
      159    0    0    0    1    1    1       1.25000e+00    1.87500e-01   -5.00000e-02
      160    0    0    0    1    1    1       1.25000e+00    1.87500e-01    5.00000e-02
      161    0    0    0    1    1    1       1.25000e+00    2.50000e-01   -5.00000e-02
      162    0    0    0    1    1    1       1.25000e+00    2.50000e-01    5.00000e-02
      163    0    0    0    1    1    1       1.25000e+00    3.12500e-01   -5.00000e-02
      164    0    0    0    1    1    1       1.25000e+00    3.12500e-01    5.00000e-02
      165    0    0    0    1    1    1       1.25000e+00    3.75000e-01   -5.00000e-02
      166    0    0    0    1    1    1       1.25000e+00    3.75000e-01    5.00000e-02
      167    0    0    0    1    1    1       1.25000e+00    4.37500e-01   -5.00000e-02
      168    0    0    0    1    1    1       1.25000e+00    4.37500e-01    5.00000e-02
      169    0    0    0    1    1    1       1.25000e+00    5.00000e-01   -5.00000e-02
      170    0    0    0    1    1    1       1.25000e+00    5.00000e-01    5.00000e-02
      171    0    0    0    1    1    1       1.56250e+00   -5.00000e-01   -5.00000e-02
      172    0    0    0    1    1    1       1.56250e+00   -5.00000e-01    5.00000e-02
      173    0    0    0    1    1    1       1.56250e+00   -4.37500e-01   -5.00000e-02
      174    0    0    0    1    1    1       1.56250e+00   -4.37500e-01    5.00000e-02
      175    0    0    0    1    1    1       1.56250e+00   -3.75000e-01   -5.00000e-02
      176    0    0    0    1    1    1       1.56250e+00   -3.75000e-01    5.00000e-02
      177    0    0    0    1    1    1       1.56250e+00   -3.12500e-01   -5.00000e-02
      178    0    0    0    1    1    1       1.56250e+00   -3.12500e-01    5.00000e-02
      179    0    0    0    1    1    1       1.56250e+00   -2.50000e-01   -5.00000e-02
      180    0    0    0    1    1    1       1.56250e+00   -2.50000e-01    5.00000e-02
      181    0    0    0    1    1    1       1.56250e+00   -1.87500e-01   -5.00000e-02
      182    0    0    0    1    1    1       1.56250e+00   -1.87500e-01    5.00000e-02
      183    0    0    0    1    1    1       1.56250e+00   -1.25000e-01   -5.00000e-02
      184    0    0    0    1    1    1       1.56250e+00   -1.25000e-01    5.00000e-02
      185    0    0    0    1    1    1       1.56250e+00   -6.25000e-02   -5.00000e-02
      186    0    0    0    1    1    1       1.56250e+00   -6.25000e-02    5.00000e-02
      187    0    0    0    1    1    1       1.56250e+00    0.00000e+00   -5.00000e-02
      188    0    0    0    1    1    1       1.56250e+00    0.00000e+00    5.00000e-02
      189    0    0    0    1    1    1       1.56250e+00    6.25000e-02   -5.00000e-02
      190    0    0    0    1    1    1       1.56250e+00    6.25000e-02    5.00000e-02
      191    0    0    0    1    1    1       1.56250e+00    1.25000e-01   -5.00000e-02
      192    0    0    0    1    1    1       1.56250e+00    1.25000e-01    5.00000e-02
      193    0    0    0    1    1    1       1.56250e+00    1.87500e-01   -5.00000e-02
      194    0    0    0    1    1    1       1.56250e+00    1.87500e-01    5.00000e-02
      195    0    0    0    1    1    1       1.56250e+00    2.50000e-01   -5.00000e-02
      196    0    0    0    1    1    1       1.56250e+00    2.50000e-01    5.00000e-02
      197    0    0    0    1    1    1       1.56250e+00    3.12500e-01   -5.00000e-02
      198    0    0    0    1    1    1       1.56250e+00    3.12500e-01    5.00000e-02
      199    0    0    0    1    1    1       1.56250e+00    3.75000e-01   -5.00000e-02
      200    0    0    0    1    1    1       1.56250e+00    3.75000e-01    5.00000e-02
      201    0    0    0    1    1    1       1.56250e+00    4.37500e-01   -5.00000e-02
      202    0    0    0    1    1    1       1.56250e+00    4.37500e-01    5.00000e-02
      203    0    0    0    1    1    1       1.56250e+00    5.00000e-01   -5.00000e-02
      204    0    0    0    1    1    1       1.56250e+00    5.00000e-01    5.00000e-02
      205    0    0    0    1    1    1       1.87500e+00   -5.00000e-01   -5.00000e-02
      206    0    0    0    1    1    1       1.87500e+00   -5.00000e-01    5.00000e-02
      207    0    0    0    1    1    1       1.87500e+00   -4.37500e-01   -5.00000e-02
      208    0    0    0    1    1    1       1.87500e+00   -4.37500e-01    5.00000e-02
      209    0    0    0    1    1    1       1.87500e+00   -3.75000e-01   -5.00000e-02
      210    0    0    0    1    1    1       1.87500e+00   -3.75000e-01    5.00000e-02
      211    0    0    0    1    1    1       1.87500e+00   -3.12500e-01   -5.00000e-02
      212    0    0    0    1    1    1       1.87500e+00   -3.12500e-01    5.00000e-02
      213    0    0    0    1    1    1       1.87500e+00   -2.50000e-01   -5.00000e-02
      214    0    0    0    1    1    1       1.87500e+00   -2.50000e-01    5.00000e-02
      215    0    0    0    1    1    1       1.87500e+00   -1.87500e-01   -5.00000e-02
      216    0    0    0    1    1    1       1.87500e+00   -1.87500e-01    5.00000e-02
      217    0    0    0    1    1    1       1.87500e+00   -1.25000e-01   -5.00000e-02
      218    0    0    0    1    1    1       1.87500e+00   -1.25000e-01    5.00000e-02
      219    0    0    0    1    1    1       1.87500e+00   -6.25000e-02   -5.00000e-02
      220    0    0    0    1    1    1       1.87500e+00   -6.25000e-02    5.00000e-02
      221    0    0    0    1    1    1       1.87500e+00    0.00000e+00   -5.00000e-02
      222    0    0    0    1    1    1       1.87500e+00    0.00000e+00    5.00000e-02
      223    0    0    0    1    1    1       1.87500e+00    6.25000e-02   -5.00000e-02
      224    0    0    0    1    1    1       1.87500e+00    6.25000e-02    5.00000e-02
      225    0    0    0    1    1    1       1.87500e+00    1.25000e-01   -5.00000e-02
      226    0    0    0    1    1    1       1.87500e+00    1.25000e-01    5.00000e-02
      227    0    0    0    1    1    1       1.87500e+00    1.87500e-01   -5.00000e-02
      228    0    0    0    1    1    1       1.87500e+00    1.87500e-01    5.00000e-02
      229    0    0    0    1    1    1       1.87500e+00    2.50000e-01   -5.00000e-02
      230    0    0    0    1    1    1       1.87500e+00    2.50000e-01    5.00000e-02
      231    0    0    0    1    1    1       1.87500e+00    3.12500e-01   -5.00000e-02
      232    0    0    0    1    1    1       1.87500e+00    3.12500e-01    5.00000e-02
      233    0    0    0    1    1    1       1.87500e+00    3.75000e-01   -5.00000e-02
      234    0    0    0    1    1    1       1.87500e+00    3.75000e-01    5.00000e-02
      235    0    0    0    1    1    1       1.87500e+00    4.37500e-01   -5.00000e-02
      236    0    0    0    1    1    1       1.87500e+00    4.37500e-01    5.00000e-02
      237    0    0    0    1    1    1       1.87500e+00    5.00000e-01   -5.00000e-02
      238    0    0    0    1    1    1       1.87500e+00    5.00000e-01    5.00000e-02
      239    0    0    0    1    1    1       2.18750e+00   -5.00000e-01   -5.00000e-02
      240    0    0    0    1    1    1       2.18750e+00   -5.00000e-01    5.00000e-02
      241    0    0    0    1    1    1       2.18750e+00   -4.37500e-01   -5.00000e-02
      242    0    0    0    1    1    1       2.18750e+00   -4.37500e-01    5.00000e-02
      243    0    0    0    1    1    1       2.18750e+00   -3.75000e-01   -5.00000e-02
      244    0    0    0    1    1    1       2.18750e+00   -3.75000e-01    5.00000e-02
      245    0    0    0    1    1    1       2.18750e+00   -3.12500e-01   -5.00000e-02
      246    0    0    0    1    1    1       2.18750e+00   -3.12500e-01    5.00000e-02
      247    0    0    0    1    1    1       2.18750e+00   -2.50000e-01   -5.00000e-02
      248    0    0    0    1    1    1       2.18750e+00   -2.50000e-01    5.00000e-02
      249    0    0    0    1    1    1       2.18750e+00   -1.87500e-01   -5.00000e-02
      250    0    0    0    1    1    1       2.18750e+00   -1.87500e-01    5.00000e-02
      251    0    0    0    1    1    1       2.18750e+00   -1.25000e-01   -5.00000e-02
      252    0    0    0    1    1    1       2.18750e+00   -1.25000e-01    5.00000e-02
      253    0    0    0    1    1    1       2.18750e+00   -6.25000e-02   -5.00000e-02
      254    0    0    0    1    1    1       2.18750e+00   -6.25000e-02    5.00000e-02
      255    0    0    0    1    1    1       2.18750e+00    0.00000e+00   -5.00000e-02
      256    0    0    0    1    1    1       2.18750e+00    0.00000e+00    5.00000e-02
      257    0    0    0    1    1    1       2.18750e+00    6.25000e-02   -5.00000e-02
      258    0    0    0    1    1    1       2.18750e+00    6.25000e-02    5.00000e-02
      259    0    0    0    1    1    1       2.18750e+00    1.25000e-01   -5.00000e-02
      260    0    0    0    1    1    1       2.18750e+00    1.25000e-01    5.00000e-02
      261    0    0    0    1    1    1       2.18750e+00    1.87500e-01   -5.00000e-02
      262    0    0    0    1    1    1       2.18750e+00    1.87500e-01    5.00000e-02
      263    0    0    0    1    1    1       2.18750e+00    2.50000e-01   -5.00000e-02
      264    0    0    0    1    1    1       2.18750e+00    2.50000e-01    5.00000e-02
      265    0    0    0    1    1    1       2.18750e+00    3.12500e-01   -5.00000e-02
      266    0    0    0    1    1    1       2.18750e+00    3.12500e-01    5.00000e-02
      267    0    0    0    1    1    1       2.18750e+00    3.75000e-01   -5.00000e-02
      268    0    0    0    1    1    1       2.18750e+00    3.75000e-01    5.00000e-02
      269    0    0    0    1    1    1       2.18750e+00    4.37500e-01   -5.00000e-02
      270    0    0    0    1    1    1       2.18750e+00    4.37500e-01    5.00000e-02
      271    0    0    0    1    1    1       2.18750e+00    5.00000e-01   -5.00000e-02
      272    0    0    0    1    1    1       2.18750e+00    5.00000e-01    5.00000e-02
      273    0    0    0    1    1    1       2.50000e+00   -5.00000e-01   -5.00000e-02
      274    0    0    0    1    1    1       2.50000e+00   -5.00000e-01    5.00000e-02
      275    0    0    0    1    1    1       2.50000e+00   -4.37500e-01   -5.00000e-02
      276    0    0    0    1    1    1       2.50000e+00   -4.37500e-01    5.00000e-02
      277    0    0    0    1    1    1       2.50000e+00   -3.75000e-01   -5.00000e-02
      278    0    0    0    1    1    1       2.50000e+00   -3.75000e-01    5.00000e-02
      279    0    0    0    1    1    1       2.50000e+00   -3.12500e-01   -5.00000e-02
      280    0    0    0    1    1    1       2.50000e+00   -3.12500e-01    5.00000e-02
      281    0    0    0    1    1    1       2.50000e+00   -2.50000e-01   -5.00000e-02
      282    0    0    0    1    1    1       2.50000e+00   -2.50000e-01    5.00000e-02
      283    0    0    0    1    1    1       2.50000e+00   -1.87500e-01   -5.00000e-02
      284    0    0    0    1    1    1       2.50000e+00   -1.87500e-01    5.00000e-02
      285    0    0    0    1    1    1       2.50000e+00   -1.25000e-01   -5.00000e-02
      286    0    0    0    1    1    1       2.50000e+00   -1.25000e-01    5.00000e-02
      287    0    0    0    1    1    1       2.50000e+00   -6.25000e-02   -5.00000e-02
      288    0    0    0    1    1    1       2.50000e+00   -6.25000e-02    5.00000e-02
      289    0    0    0    1    1    1       2.50000e+00    0.00000e+00   -5.00000e-02
      290    0    0    0    1    1    1       2.50000e+00    0.00000e+00    5.00000e-02
      291    0    0    0    1    1    1       2.50000e+00    6.25000e-02   -5.00000e-02
      292    0    0    0    1    1    1       2.50000e+00    6.25000e-02    5.00000e-02
      293    0    0    0    1    1    1       2.50000e+00    1.25000e-01   -5.00000e-02
      294    0    0    0    1    1    1       2.50000e+00    1.25000e-01    5.00000e-02
      295    0    0    0    1    1    1       2.50000e+00    1.87500e-01   -5.00000e-02
      296    0    0    0    1    1    1       2.50000e+00    1.87500e-01    5.00000e-02
      297    0    0    0    1    1    1       2.50000e+00    2.50000e-01   -5.00000e-02
      298    0    0    0    1    1    1       2.50000e+00    2.50000e-01    5.00000e-02
      299    0    0    0    1    1    1       2.50000e+00    3.12500e-01   -5.00000e-02
      300    0    0    0    1    1    1       2.50000e+00    3.12500e-01    5.00000e-02
      301    0    0    0    1    1    1       2.50000e+00    3.75000e-01   -5.00000e-02
      302    0    0    0    1    1    1       2.50000e+00    3.75000e-01    5.00000e-02
      303    0    0    0    1    1    1       2.50000e+00    4.37500e-01   -5.00000e-02
      304    0    0    0    1    1    1       2.50000e+00    4.37500e-01    5.00000e-02
      305    0    0    0    1    1    1       2.50000e+00    5.00000e-01   -5.00000e-02
      306    0    0    0    1    1    1       2.50000e+00    5.00000e-01    5.00000e-02
      307    0    0    0    1    1    1       2.81250e+00   -5.00000e-01   -5.00000e-02
      308    0    0    0    1    1    1       2.81250e+00   -5.00000e-01    5.00000e-02
      309    0    0    0    1    1    1       2.81250e+00   -4.37500e-01   -5.00000e-02
      310    0    0    0    1    1    1       2.81250e+00   -4.37500e-01    5.00000e-02
      311    0    0    0    1    1    1       2.81250e+00   -3.75000e-01   -5.00000e-02
      312    0    0    0    1    1    1       2.81250e+00   -3.75000e-01    5.00000e-02
      313    0    0    0    1    1    1       2.81250e+00   -3.12500e-01   -5.00000e-02
      314    0    0    0    1    1    1       2.81250e+00   -3.12500e-01    5.00000e-02
      315    0    0    0    1    1    1       2.81250e+00   -2.50000e-01   -5.00000e-02
      316    0    0    0    1    1    1       2.81250e+00   -2.50000e-01    5.00000e-02
      317    0    0    0    1    1    1       2.81250e+00   -1.87500e-01   -5.00000e-02
      318    0    0    0    1    1    1       2.81250e+00   -1.87500e-01    5.00000e-02
      319    0    0    0    1    1    1       2.81250e+00   -1.25000e-01   -5.00000e-02
      320    0    0    0    1    1    1       2.81250e+00   -1.25000e-01    5.00000e-02
      321    0    0    0    1    1    1       2.81250e+00   -6.25000e-02   -5.00000e-02
      322    0    0    0    1    1    1       2.81250e+00   -6.25000e-02    5.00000e-02
      323    0    0    0    1    1    1       2.81250e+00    0.00000e+00   -5.00000e-02
      324    0    0    0    1    1    1       2.81250e+00    0.00000e+00    5.00000e-02
      325    0    0    0    1    1    1       2.81250e+00    6.25000e-02   -5.00000e-02
      326    0    0    0    1    1    1       2.81250e+00    6.25000e-02    5.00000e-02
      327    0    0    0    1    1    1       2.81250e+00    1.25000e-01   -5.00000e-02
      328    0    0    0    1    1    1       2.81250e+00    1.25000e-01    5.00000e-02
      329    0    0    0    1    1    1       2.81250e+00    1.87500e-01   -5.00000e-02
      330    0    0    0    1    1    1       2.81250e+00    1.87500e-01    5.00000e-02
      331    0    0    0    1    1    1       2.81250e+00    2.50000e-01   -5.00000e-02
      332    0    0    0    1    1    1       2.81250e+00    2.50000e-01    5.00000e-02
      333    0    0    0    1    1    1       2.81250e+00    3.12500e-01   -5.00000e-02
      334    0    0    0    1    1    1       2.81250e+00    3.12500e-01    5.00000e-02
      335    0    0    0    1    1    1       2.81250e+00    3.75000e-01   -5.00000e-02
      336    0    0    0    1    1    1       2.81250e+00    3.75000e-01    5.00000e-02
      337    0    0    0    1    1    1       2.81250e+00    4.37500e-01   -5.00000e-02
      338    0    0    0    1    1    1       2.81250e+00    4.37500e-01    5.00000e-02
      339    0    0    0    1    1    1       2.81250e+00    5.00000e-01   -5.00000e-02
      340    0    0    0    1    1    1       2.81250e+00    5.00000e-01    5.00000e-02
      341    0    0    0    1    1    1       3.12500e+00   -5.00000e-01   -5.00000e-02
      342    0    0    0    1    1    1       3.12500e+00   -5.00000e-01    5.00000e-02
      343    0    0    0    1    1    1       3.12500e+00   -4.37500e-01   -5.00000e-02
      344    0    0    0    1    1    1       3.12500e+00   -4.37500e-01    5.00000e-02
      345    0    0    0    1    1    1       3.12500e+00   -3.75000e-01   -5.00000e-02
      346    0    0    0    1    1    1       3.12500e+00   -3.75000e-01    5.00000e-02
      347    0    0    0    1    1    1       3.12500e+00   -3.12500e-01   -5.00000e-02
      348    0    0    0    1    1    1       3.12500e+00   -3.12500e-01    5.00000e-02
      349    0    0    0    1    1    1       3.12500e+00   -2.50000e-01   -5.00000e-02
      350    0    0    0    1    1    1       3.12500e+00   -2.50000e-01    5.00000e-02
      351    0    0    0    1    1    1       3.12500e+00   -1.87500e-01   -5.00000e-02
      352    0    0    0    1    1    1       3.12500e+00   -1.87500e-01    5.00000e-02
      353    0    0    0    1    1    1       3.12500e+00   -1.25000e-01   -5.00000e-02
      354    0    0    0    1    1    1       3.12500e+00   -1.25000e-01    5.00000e-02
      355    0    0    0    1    1    1       3.12500e+00   -6.25000e-02   -5.00000e-02
      356    0    0    0    1    1    1       3.12500e+00   -6.25000e-02    5.00000e-02
      357    0    0    0    1    1    1       3.12500e+00    0.00000e+00   -5.00000e-02
      358    0    0    0    1    1    1       3.12500e+00    0.00000e+00    5.00000e-02
      359    0    0    0    1    1    1       3.12500e+00    6.25000e-02   -5.00000e-02
      360    0    0    0    1    1    1       3.12500e+00    6.25000e-02    5.00000e-02
      361    0    0    0    1    1    1       3.12500e+00    1.25000e-01   -5.00000e-02
      362    0    0    0    1    1    1       3.12500e+00    1.25000e-01    5.00000e-02
      363    0    0    0    1    1    1       3.12500e+00    1.87500e-01   -5.00000e-02
      364    0    0    0    1    1    1       3.12500e+00    1.87500e-01    5.00000e-02
      365    0    0    0    1    1    1       3.12500e+00    2.50000e-01   -5.00000e-02
      366    0    0    0    1    1    1       3.12500e+00    2.50000e-01    5.00000e-02
      367    0    0    0    1    1    1       3.12500e+00    3.12500e-01   -5.00000e-02
      368    0    0    0    1    1    1       3.12500e+00    3.12500e-01    5.00000e-02
      369    0    0    0    1    1    1       3.12500e+00    3.75000e-01   -5.00000e-02
      370    0    0    0    1    1    1       3.12500e+00    3.75000e-01    5.00000e-02
      371    0    0    0    1    1    1       3.12500e+00    4.37500e-01   -5.00000e-02
      372    0    0    0    1    1    1       3.12500e+00    4.37500e-01    5.00000e-02
      373    0    0    0    1    1    1       3.12500e+00    5.00000e-01   -5.00000e-02
      374    0    0    0    1    1    1       3.12500e+00    5.00000e-01    5.00000e-02
      375    0    0    0    1    1    1       3.43750e+00   -5.00000e-01   -5.00000e-02
      376    0    0    0    1    1    1       3.43750e+00   -5.00000e-01    5.00000e-02
      377    0    0    0    1    1    1       3.43750e+00   -4.37500e-01   -5.00000e-02
      378    0    0    0    1    1    1       3.43750e+00   -4.37500e-01    5.00000e-02
      379    0    0    0    1    1    1       3.43750e+00   -3.75000e-01   -5.00000e-02
      380    0    0    0    1    1    1       3.43750e+00   -3.75000e-01    5.00000e-02
      381    0    0    0    1    1    1       3.43750e+00   -3.12500e-01   -5.00000e-02
      382    0    0    0    1    1    1       3.43750e+00   -3.12500e-01    5.00000e-02
      383    0    0    0    1    1    1       3.43750e+00   -2.50000e-01   -5.00000e-02
      384    0    0    0    1    1    1       3.43750e+00   -2.50000e-01    5.00000e-02
      385    0    0    0    1    1    1       3.43750e+00   -1.87500e-01   -5.00000e-02
      386    0    0    0    1    1    1       3.43750e+00   -1.87500e-01    5.00000e-02
      387    0    0    0    1    1    1       3.43750e+00   -1.25000e-01   -5.00000e-02
      388    0    0    0    1    1    1       3.43750e+00   -1.25000e-01    5.00000e-02
      389    0    0    0    1    1    1       3.43750e+00   -6.25000e-02   -5.00000e-02
      390    0    0    0    1    1    1       3.43750e+00   -6.25000e-02    5.00000e-02
      391    0    0    0    1    1    1       3.43750e+00    0.00000e+00   -5.00000e-02
      392    0    0    0    1    1    1       3.43750e+00    0.00000e+00    5.00000e-02
      393    0    0    0    1    1    1       3.43750e+00    6.25000e-02   -5.00000e-02
      394    0    0    0    1    1    1       3.43750e+00    6.25000e-02    5.00000e-02
      395    0    0    0    1    1    1       3.43750e+00    1.25000e-01   -5.00000e-02
      396    0    0    0    1    1    1       3.43750e+00    1.25000e-01    5.00000e-02
      397    0    0    0    1    1    1       3.43750e+00    1.87500e-01   -5.00000e-02
      398    0    0    0    1    1    1       3.43750e+00    1.87500e-01    5.00000e-02
      399    0    0    0    1    1    1       3.43750e+00    2.50000e-01   -5.00000e-02
      400    0    0    0    1    1    1       3.43750e+00    2.50000e-01    5.00000e-02
      401    0    0    0    1    1    1       3.43750e+00    3.12500e-01   -5.00000e-02
      402    0    0    0    1    1    1       3.43750e+00    3.12500e-01    5.00000e-02
      403    0    0    0    1    1    1       3.43750e+00    3.75000e-01   -5.00000e-02
      404    0    0    0    1    1    1       3.43750e+00    3.75000e-01    5.00000e-02
      405    0    0    0    1    1    1       3.43750e+00    4.37500e-01   -5.00000e-02
      406    0    0    0    1    1    1       3.43750e+00    4.37500e-01    5.00000e-02
      407    0    0    0    1    1    1       3.43750e+00    5.00000e-01   -5.00000e-02
      408    0    0    0    1    1    1       3.43750e+00    5.00000e-01    5.00000e-02
      409    0    0    0    1    1    1       3.75000e+00   -5.00000e-01   -5.00000e-02
      410    0    0    0    1    1    1       3.75000e+00   -5.00000e-01    5.00000e-02
      411    0    0    0    1    1    1       3.75000e+00   -4.37500e-01   -5.00000e-02
      412    0    0    0    1    1    1       3.75000e+00   -4.37500e-01    5.00000e-02
      413    0    0    0    1    1    1       3.75000e+00   -3.75000e-01   -5.00000e-02
      414    0    0    0    1    1    1       3.75000e+00   -3.75000e-01    5.00000e-02
      415    0    0    0    1    1    1       3.75000e+00   -3.12500e-01   -5.00000e-02
      416    0    0    0    1    1    1       3.75000e+00   -3.12500e-01    5.00000e-02
      417    0    0    0    1    1    1       3.75000e+00   -2.50000e-01   -5.00000e-02
      418    0    0    0    1    1    1       3.75000e+00   -2.50000e-01    5.00000e-02
      419    0    0    0    1    1    1       3.75000e+00   -1.87500e-01   -5.00000e-02
      420    0    0    0    1    1    1       3.75000e+00   -1.87500e-01    5.00000e-02
      421    0    0    0    1    1    1       3.75000e+00   -1.25000e-01   -5.00000e-02
      422    0    0    0    1    1    1       3.75000e+00   -1.25000e-01    5.00000e-02
      423    0    0    0    1    1    1       3.75000e+00   -6.25000e-02   -5.00000e-02
      424    0    0    0    1    1    1       3.75000e+00   -6.25000e-02    5.00000e-02
      425    0    0    0    1    1    1       3.75000e+00    0.00000e+00   -5.00000e-02
      426    0    0    0    1    1    1       3.75000e+00    0.00000e+00    5.00000e-02
      427    0    0    0    1    1    1       3.75000e+00    6.25000e-02   -5.00000e-02
      428    0    0    0    1    1    1       3.75000e+00    6.25000e-02    5.00000e-02
      429    0    0    0    1    1    1       3.75000e+00    1.25000e-01   -5.00000e-02
      430    0    0    0    1    1    1       3.75000e+00    1.25000e-01    5.00000e-02
      431    0    0    0    1    1    1       3.75000e+00    1.87500e-01   -5.00000e-02
      432    0    0    0    1    1    1       3.75000e+00    1.87500e-01    5.00000e-02
      433    0    0    0    1    1    1       3.75000e+00    2.50000e-01   -5.00000e-02
      434    0    0    0    1    1    1       3.75000e+00    2.50000e-01    5.00000e-02
      435    0    0    0    1    1    1       3.75000e+00    3.12500e-01   -5.00000e-02
      436    0    0    0    1    1    1       3.75000e+00    3.12500e-01    5.00000e-02
      437    0    0    0    1    1    1       3.75000e+00    3.75000e-01   -5.00000e-02
      438    0    0    0    1    1    1       3.75000e+00    3.75000e-01    5.00000e-02
      439    0    0    0    1    1    1       3.75000e+00    4.37500e-01   -5.00000e-02
      440    0    0    0    1    1    1       3.75000e+00    4.37500e-01    5.00000e-02
      441    0    0    0    1    1    1       3.75000e+00    5.00000e-01   -5.00000e-02
      442    0    0    0    1    1    1       3.75000e+00    5.00000e-01    5.00000e-02
      443    0    0    0    1    1    1       4.06250e+00   -5.00000e-01   -5.00000e-02
      444    0    0    0    1    1    1       4.06250e+00   -5.00000e-01    5.00000e-02
      445    0    0    0    1    1    1       4.06250e+00   -4.37500e-01   -5.00000e-02
      446    0    0    0    1    1    1       4.06250e+00   -4.37500e-01    5.00000e-02
      447    0    0    0    1    1    1       4.06250e+00   -3.75000e-01   -5.00000e-02
      448    0    0    0    1    1    1       4.06250e+00   -3.75000e-01    5.00000e-02
      449    0    0    0    1    1    1       4.06250e+00   -3.12500e-01   -5.00000e-02
      450    0    0    0    1    1    1       4.06250e+00   -3.12500e-01    5.00000e-02
      451    0    0    0    1    1    1       4.06250e+00   -2.50000e-01   -5.00000e-02
      452    0    0    0    1    1    1       4.06250e+00   -2.50000e-01    5.00000e-02
      453    0    0    0    1    1    1       4.06250e+00   -1.87500e-01   -5.00000e-02
      454    0    0    0    1    1    1       4.06250e+00   -1.87500e-01    5.00000e-02
      455    0    0    0    1    1    1       4.06250e+00   -1.25000e-01   -5.00000e-02
      456    0    0    0    1    1    1       4.06250e+00   -1.25000e-01    5.00000e-02
      457    0    0    0    1    1    1       4.06250e+00   -6.25000e-02   -5.00000e-02
      458    0    0    0    1    1    1       4.06250e+00   -6.25000e-02    5.00000e-02
      459    0    0    0    1    1    1       4.06250e+00    0.00000e+00   -5.00000e-02
      460    0    0    0    1    1    1       4.06250e+00    0.00000e+00    5.00000e-02
      461    0    0    0    1    1    1       4.06250e+00    6.25000e-02   -5.00000e-02
      462    0    0    0    1    1    1       4.06250e+00    6.25000e-02    5.00000e-02
      463    0    0    0    1    1    1       4.06250e+00    1.25000e-01   -5.00000e-02
      464    0    0    0    1    1    1       4.06250e+00    1.25000e-01    5.00000e-02
      465    0    0    0    1    1    1       4.06250e+00    1.87500e-01   -5.00000e-02
      466    0    0    0    1    1    1       4.06250e+00    1.87500e-01    5.00000e-02
      467    0    0    0    1    1    1       4.06250e+00    2.50000e-01   -5.00000e-02
      468    0    0    0    1    1    1       4.06250e+00    2.50000e-01    5.00000e-02
      469    0    0    0    1    1    1       4.06250e+00    3.12500e-01   -5.00000e-02
      470    0    0    0    1    1    1       4.06250e+00    3.12500e-01    5.00000e-02
      471    0    0    0    1    1    1       4.06250e+00    3.75000e-01   -5.00000e-02
      472    0    0    0    1    1    1       4.06250e+00    3.75000e-01    5.00000e-02
      473    0    0    0    1    1    1       4.06250e+00    4.37500e-01   -5.00000e-02
      474    0    0    0    1    1    1       4.06250e+00    4.37500e-01    5.00000e-02
      475    0    0    0    1    1    1       4.06250e+00    5.00000e-01   -5.00000e-02
      476    0    0    0    1    1    1       4.06250e+00    5.00000e-01    5.00000e-02
      477    0    0    0    1    1    1       4.37500e+00   -5.00000e-01   -5.00000e-02
      478    0    0    0    1    1    1       4.37500e+00   -5.00000e-01    5.00000e-02
      479    0    0    0    1    1    1       4.37500e+00   -4.37500e-01   -5.00000e-02
      480    0    0    0    1    1    1       4.37500e+00   -4.37500e-01    5.00000e-02
      481    0    0    0    1    1    1       4.37500e+00   -3.75000e-01   -5.00000e-02
      482    0    0    0    1    1    1       4.37500e+00   -3.75000e-01    5.00000e-02
      483    0    0    0    1    1    1       4.37500e+00   -3.12500e-01   -5.00000e-02
      484    0    0    0    1    1    1       4.37500e+00   -3.12500e-01    5.00000e-02
      485    0    0    0    1    1    1       4.37500e+00   -2.50000e-01   -5.00000e-02
      486    0    0    0    1    1    1       4.37500e+00   -2.50000e-01    5.00000e-02
      487    0    0    0    1    1    1       4.37500e+00   -1.87500e-01   -5.00000e-02
      488    0    0    0    1    1    1       4.37500e+00   -1.87500e-01    5.00000e-02
      489    0    0    0    1    1    1       4.37500e+00   -1.25000e-01   -5.00000e-02
      490    0    0    0    1    1    1       4.37500e+00   -1.25000e-01    5.00000e-02
      491    0    0    0    1    1    1       4.37500e+00   -6.25000e-02   -5.00000e-02
      492    0    0    0    1    1    1       4.37500e+00   -6.25000e-02    5.00000e-02
      493    0    0    0    1    1    1       4.37500e+00    0.00000e+00   -5.00000e-02
      494    0    0    0    1    1    1       4.37500e+00    0.00000e+00    5.00000e-02
      495    0    0    0    1    1    1       4.37500e+00    6.25000e-02   -5.00000e-02
      496    0    0    0    1    1    1       4.37500e+00    6.25000e-02    5.00000e-02
      497    0    0    0    1    1    1       4.37500e+00    1.25000e-01   -5.00000e-02
      498    0    0    0    1    1    1       4.37500e+00    1.25000e-01    5.00000e-02
      499    0    0    0    1    1    1       4.37500e+00    1.87500e-01   -5.00000e-02
      500    0    0    0    1    1    1       4.37500e+00    1.87500e-01    5.00000e-02
      501    0    0    0    1    1    1       4.37500e+00    2.50000e-01   -5.00000e-02
      502    0    0    0    1    1    1       4.37500e+00    2.50000e-01    5.00000e-02
      503    0    0    0    1    1    1       4.37500e+00    3.12500e-01   -5.00000e-02
      504    0    0    0    1    1    1       4.37500e+00    3.12500e-01    5.00000e-02
      505    0    0    0    1    1    1       4.37500e+00    3.75000e-01   -5.00000e-02
      506    0    0    0    1    1    1       4.37500e+00    3.75000e-01    5.00000e-02
      507    0    0    0    1    1    1       4.37500e+00    4.37500e-01   -5.00000e-02
      508    0    0    0    1    1    1       4.37500e+00    4.37500e-01    5.00000e-02
      509    0    0    0    1    1    1       4.37500e+00    5.00000e-01   -5.00000e-02
      510    0    0    0    1    1    1       4.37500e+00    5.00000e-01    5.00000e-02
      511    0    0    0    1    1    1       4.68750e+00   -5.00000e-01   -5.00000e-02
      512    0    0    0    1    1    1       4.68750e+00   -5.00000e-01    5.00000e-02
      513    0    0    0    1    1    1       4.68750e+00   -4.37500e-01   -5.00000e-02
      514    0    0    0    1    1    1       4.68750e+00   -4.37500e-01    5.00000e-02
      515    0    0    0    1    1    1       4.68750e+00   -3.75000e-01   -5.00000e-02
      516    0    0    0    1    1    1       4.68750e+00   -3.75000e-01    5.00000e-02
      517    0    0    0    1    1    1       4.68750e+00   -3.12500e-01   -5.00000e-02
      518    0    0    0    1    1    1       4.68750e+00   -3.12500e-01    5.00000e-02
      519    0    0    0    1    1    1       4.68750e+00   -2.50000e-01   -5.00000e-02
      520    0    0    0    1    1    1       4.68750e+00   -2.50000e-01    5.00000e-02
      521    0    0    0    1    1    1       4.68750e+00   -1.87500e-01   -5.00000e-02
      522    0    0    0    1    1    1       4.68750e+00   -1.87500e-01    5.00000e-02
      523    0    0    0    1    1    1       4.68750e+00   -1.25000e-01   -5.00000e-02
      524    0    0    0    1    1    1       4.68750e+00   -1.25000e-01    5.00000e-02
      525    0    0    0    1    1    1       4.68750e+00   -6.25000e-02   -5.00000e-02
      526    0    0    0    1    1    1       4.68750e+00   -6.25000e-02    5.00000e-02
      527    0    0    0    1    1    1       4.68750e+00    0.00000e+00   -5.00000e-02
      528    0    0    0    1    1    1       4.68750e+00    0.00000e+00    5.00000e-02
      529    0    0    0    1    1    1       4.68750e+00    6.25000e-02   -5.00000e-02
      530    0    0    0    1    1    1       4.68750e+00    6.25000e-02    5.00000e-02
      531    0    0    0    1    1    1       4.68750e+00    1.25000e-01   -5.00000e-02
      532    0    0    0    1    1    1       4.68750e+00    1.25000e-01    5.00000e-02
      533    0    0    0    1    1    1       4.68750e+00    1.87500e-01   -5.00000e-02
      534    0    0    0    1    1    1       4.68750e+00    1.87500e-01    5.00000e-02
      535    0    0    0    1    1    1       4.68750e+00    2.50000e-01   -5.00000e-02
      536    0    0    0    1    1    1       4.68750e+00    2.50000e-01    5.00000e-02
      537    0    0    0    1    1    1       4.68750e+00    3.12500e-01   -5.00000e-02
      538    0    0    0    1    1    1       4.68750e+00    3.12500e-01    5.00000e-02
      539    0    0    0    1    1    1       4.68750e+00    3.75000e-01   -5.00000e-02
      540    0    0    0    1    1    1       4.68750e+00    3.75000e-01    5.00000e-02
      541    0    0    0    1    1    1       4.68750e+00    4.37500e-01   -5.00000e-02
      542    0    0    0    1    1    1       4.68750e+00    4.37500e-01    5.00000e-02
      543    0    0    0    1    1    1       4.68750e+00    5.00000e-01   -5.00000e-02
      544    0    0    0    1    1    1       4.68750e+00    5.00000e-01    5.00000e-02
      545    0    0    0    1    1    1       5.00000e+00   -5.00000e-01   -5.00000e-02
      546    0    0    0    1    1    1       5.00000e+00   -5.00000e-01    5.00000e-02
      547    0    0    0    1    1    1       5.00000e+00   -4.37500e-01   -5.00000e-02
      548    0    0    0    1    1    1       5.00000e+00   -4.37500e-01    5.00000e-02
      549    0    0    0    1    1    1       5.00000e+00   -3.75000e-01   -5.00000e-02
      550    0    0    0    1    1    1       5.00000e+00   -3.75000e-01    5.00000e-02
      551    0    0    0    1    1    1       5.00000e+00   -3.12500e-01   -5.00000e-02
      552    0    0    0    1    1    1       5.00000e+00   -3.12500e-01    5.00000e-02
      553    0    0    0    1    1    1       5.00000e+00   -2.50000e-01   -5.00000e-02
      554    0    0    0    1    1    1       5.00000e+00   -2.50000e-01    5.00000e-02
      555    0    0    0    1    1    1       5.00000e+00   -1.87500e-01   -5.00000e-02
      556    0    0    0    1    1    1       5.00000e+00   -1.87500e-01    5.00000e-02
      557    0    0    0    1    1    1       5.00000e+00   -1.25000e-01   -5.00000e-02
      558    0    0    0    1    1    1       5.00000e+00   -1.25000e-01    5.00000e-02
      559    0    0    0    1    1    1       5.00000e+00   -6.25000e-02   -5.00000e-02
      560    0    0    0    1    1    1       5.00000e+00   -6.25000e-02    5.00000e-02
      561    0    0    0    1    1    1       5.00000e+00    0.00000e+00   -5.00000e-02
      562    0    0    0    1    1    1       5.00000e+00    0.00000e+00    5.00000e-02
      563    0    0    0    1    1    1       5.00000e+00    6.25000e-02   -5.00000e-02
      564    0    0    0    1    1    1       5.00000e+00    6.25000e-02    5.00000e-02
      565    0    0    0    1    1    1       5.00000e+00    1.25000e-01   -5.00000e-02
      566    0    0    0    1    1    1       5.00000e+00    1.25000e-01    5.00000e-02
      567    0    0    0    1    1    1       5.00000e+00    1.87500e-01   -5.00000e-02
      568    0    0    0    1    1    1       5.00000e+00    1.87500e-01    5.00000e-02
      569    0    0    0    1    1    1       5.00000e+00    2.50000e-01   -5.00000e-02
      570    0    0    0    1    1    1       5.00000e+00    2.50000e-01    5.00000e-02
      571    0    0    0    1    1    1       5.00000e+00    3.12500e-01   -5.00000e-02
      572    0    0    0    1    1    1       5.00000e+00    3.12500e-01    5.00000e-02
      573    0    0    0    1    1    1       5.00000e+00    3.75000e-01   -5.00000e-02
      574    0    0    0    1    1    1       5.00000e+00    3.75000e-01    5.00000e-02
      575    0    0    0    1    1    1       5.00000e+00    4.37500e-01   -5.00000e-02
      576    0    0    0    1    1    1       5.00000e+00    4.37500e-01    5.00000e-02
      577    0    0    0    1    1    1       5.00000e+00    5.00000e-01   -5.00000e-02
      578    0    0    0    1    1    1       5.00000e+00    5.00000e-01    5.00000e-02
      579    0    0    0    1    1    1       5.31250e+00   -5.00000e-01   -5.00000e-02
      580    0    0    0    1    1    1       5.31250e+00   -5.00000e-01    5.00000e-02
      581    0    0    0    1    1    1       5.31250e+00   -4.37500e-01   -5.00000e-02
      582    0    0    0    1    1    1       5.31250e+00   -4.37500e-01    5.00000e-02
      583    0    0    0    1    1    1       5.31250e+00   -3.75000e-01   -5.00000e-02
      584    0    0    0    1    1    1       5.31250e+00   -3.75000e-01    5.00000e-02
      585    0    0    0    1    1    1       5.31250e+00   -3.12500e-01   -5.00000e-02
      586    0    0    0    1    1    1       5.31250e+00   -3.12500e-01    5.00000e-02
      587    0    0    0    1    1    1       5.31250e+00   -2.50000e-01   -5.00000e-02
      588    0    0    0    1    1    1       5.31250e+00   -2.50000e-01    5.00000e-02
      589    0    0    0    1    1    1       5.31250e+00   -1.87500e-01   -5.00000e-02
      590    0    0    0    1    1    1       5.31250e+00   -1.87500e-01    5.00000e-02
      591    0    0    0    1    1    1       5.31250e+00   -1.25000e-01   -5.00000e-02
      592    0    0    0    1    1    1       5.31250e+00   -1.25000e-01    5.00000e-02
      593    0    0    0    1    1    1       5.31250e+00   -6.25000e-02   -5.00000e-02
      594    0    0    0    1    1    1       5.31250e+00   -6.25000e-02    5.00000e-02
      595    0    0    0    1    1    1       5.31250e+00    0.00000e+00   -5.00000e-02
      596    0    0    0    1    1    1       5.31250e+00    0.00000e+00    5.00000e-02
      597    0    0    0    1    1    1       5.31250e+00    6.25000e-02   -5.00000e-02
      598    0    0    0    1    1    1       5.31250e+00    6.25000e-02    5.00000e-02
      599    0    0    0    1    1    1       5.31250e+00    1.25000e-01   -5.00000e-02
      600    0    0    0    1    1    1       5.31250e+00    1.25000e-01    5.00000e-02
      601    0    0    0    1    1    1       5.31250e+00    1.87500e-01   -5.00000e-02
      602    0    0    0    1    1    1       5.31250e+00    1.87500e-01    5.00000e-02
      603    0    0    0    1    1    1       5.31250e+00    2.50000e-01   -5.00000e-02
      604    0    0    0    1    1    1       5.31250e+00    2.50000e-01    5.00000e-02
      605    0    0    0    1    1    1       5.31250e+00    3.12500e-01   -5.00000e-02
      606    0    0    0    1    1    1       5.31250e+00    3.12500e-01    5.00000e-02
      607    0    0    0    1    1    1       5.31250e+00    3.75000e-01   -5.00000e-02
      608    0    0    0    1    1    1       5.31250e+00    3.75000e-01    5.00000e-02
      609    0    0    0    1    1    1       5.31250e+00    4.37500e-01   -5.00000e-02
      610    0    0    0    1    1    1       5.31250e+00    4.37500e-01    5.00000e-02
      611    0    0    0    1    1    1       5.31250e+00    5.00000e-01   -5.00000e-02
      612    0    0    0    1    1    1       5.31250e+00    5.00000e-01    5.00000e-02
      613    0    0    0    1    1    1       5.62500e+00   -5.00000e-01   -5.00000e-02
      614    0    0    0    1    1    1       5.62500e+00   -5.00000e-01    5.00000e-02
      615    0    0    0    1    1    1       5.62500e+00   -4.37500e-01   -5.00000e-02
      616    0    0    0    1    1    1       5.62500e+00   -4.37500e-01    5.00000e-02
      617    0    0    0    1    1    1       5.62500e+00   -3.75000e-01   -5.00000e-02
      618    0    0    0    1    1    1       5.62500e+00   -3.75000e-01    5.00000e-02
      619    0    0    0    1    1    1       5.62500e+00   -3.12500e-01   -5.00000e-02
      620    0    0    0    1    1    1       5.62500e+00   -3.12500e-01    5.00000e-02
      621    0    0    0    1    1    1       5.62500e+00   -2.50000e-01   -5.00000e-02
      622    0    0    0    1    1    1       5.62500e+00   -2.50000e-01    5.00000e-02
      623    0    0    0    1    1    1       5.62500e+00   -1.87500e-01   -5.00000e-02
      624    0    0    0    1    1    1       5.62500e+00   -1.87500e-01    5.00000e-02
      625    0    0    0    1    1    1       5.62500e+00   -1.25000e-01   -5.00000e-02
      626    0    0    0    1    1    1       5.62500e+00   -1.25000e-01    5.00000e-02
      627    0    0    0    1    1    1       5.62500e+00   -6.25000e-02   -5.00000e-02
      628    0    0    0    1    1    1       5.62500e+00   -6.25000e-02    5.00000e-02
      629    0    0    0    1    1    1       5.62500e+00    0.00000e+00   -5.00000e-02
      630    0    0    0    1    1    1       5.62500e+00    0.00000e+00    5.00000e-02
      631    0    0    0    1    1    1       5.62500e+00    6.25000e-02   -5.00000e-02
      632    0    0    0    1    1    1       5.62500e+00    6.25000e-02    5.00000e-02
      633    0    0    0    1    1    1       5.62500e+00    1.25000e-01   -5.00000e-02
      634    0    0    0    1    1    1       5.62500e+00    1.25000e-01    5.00000e-02
      635    0    0    0    1    1    1       5.62500e+00    1.87500e-01   -5.00000e-02
      636    0    0    0    1    1    1       5.62500e+00    1.87500e-01    5.00000e-02
      637    0    0    0    1    1    1       5.62500e+00    2.50000e-01   -5.00000e-02
      638    0    0    0    1    1    1       5.62500e+00    2.50000e-01    5.00000e-02
      639    0    0    0    1    1    1       5.62500e+00    3.12500e-01   -5.00000e-02
      640    0    0    0    1    1    1       5.62500e+00    3.12500e-01    5.00000e-02
      641    0    0    0    1    1    1       5.62500e+00    3.75000e-01   -5.00000e-02
      642    0    0    0    1    1    1       5.62500e+00    3.75000e-01    5.00000e-02
      643    0    0    0    1    1    1       5.62500e+00    4.37500e-01   -5.00000e-02
      644    0    0    0    1    1    1       5.62500e+00    4.37500e-01    5.00000e-02
      645    0    0    0    1    1    1       5.62500e+00    5.00000e-01   -5.00000e-02
      646    0    0    0    1    1    1       5.62500e+00    5.00000e-01    5.00000e-02
      647    0    0    0    1    1    1       5.93750e+00   -5.00000e-01   -5.00000e-02
      648    0    0    0    1    1    1       5.93750e+00   -5.00000e-01    5.00000e-02
      649    0    0    0    1    1    1       5.93750e+00   -4.37500e-01   -5.00000e-02
      650    0    0    0    1    1    1       5.93750e+00   -4.37500e-01    5.00000e-02
      651    0    0    0    1    1    1       5.93750e+00   -3.75000e-01   -5.00000e-02
      652    0    0    0    1    1    1       5.93750e+00   -3.75000e-01    5.00000e-02
      653    0    0    0    1    1    1       5.93750e+00   -3.12500e-01   -5.00000e-02
      654    0    0    0    1    1    1       5.93750e+00   -3.12500e-01    5.00000e-02
      655    0    0    0    1    1    1       5.93750e+00   -2.50000e-01   -5.00000e-02
      656    0    0    0    1    1    1       5.93750e+00   -2.50000e-01    5.00000e-02
      657    0    0    0    1    1    1       5.93750e+00   -1.87500e-01   -5.00000e-02
      658    0    0    0    1    1    1       5.93750e+00   -1.87500e-01    5.00000e-02
      659    0    0    0    1    1    1       5.93750e+00   -1.25000e-01   -5.00000e-02
      660    0    0    0    1    1    1       5.93750e+00   -1.25000e-01    5.00000e-02
      661    0    0    0    1    1    1       5.93750e+00   -6.25000e-02   -5.00000e-02
      662    0    0    0    1    1    1       5.93750e+00   -6.25000e-02    5.00000e-02
      663    0    0    0    1    1    1       5.93750e+00    0.00000e+00   -5.00000e-02
      664    0    0    0    1    1    1       5.93750e+00    0.00000e+00    5.00000e-02
      665    0    0    0    1    1    1       5.93750e+00    6.25000e-02   -5.00000e-02
      666    0    0    0    1    1    1       5.93750e+00    6.25000e-02    5.00000e-02
      667    0    0    0    1    1    1       5.93750e+00    1.25000e-01   -5.00000e-02
      668    0    0    0    1    1    1       5.93750e+00    1.25000e-01    5.00000e-02
      669    0    0    0    1    1    1       5.93750e+00    1.87500e-01   -5.00000e-02
      670    0    0    0    1    1    1       5.93750e+00    1.87500e-01    5.00000e-02
      671    0    0    0    1    1    1       5.93750e+00    2.50000e-01   -5.00000e-02
      672    0    0    0    1    1    1       5.93750e+00    2.50000e-01    5.00000e-02
      673    0    0    0    1    1    1       5.93750e+00    3.12500e-01   -5.00000e-02
      674    0    0    0    1    1    1       5.93750e+00    3.12500e-01    5.00000e-02
      675    0    0    0    1    1    1       5.93750e+00    3.75000e-01   -5.00000e-02
      676    0    0    0    1    1    1       5.93750e+00    3.75000e-01    5.00000e-02
      677    0    0    0    1    1    1       5.93750e+00    4.37500e-01   -5.00000e-02
      678    0    0    0    1    1    1       5.93750e+00    4.37500e-01    5.00000e-02
      679    0    0    0    1    1    1       5.93750e+00    5.00000e-01   -5.00000e-02
      680    0    0    0    1    1    1       5.93750e+00    5.00000e-01    5.00000e-02
      681    0    0    0    1    1    1       6.25000e+00   -5.00000e-01   -5.00000e-02
      682    0    0    0    1    1    1       6.25000e+00   -5.00000e-01    5.00000e-02
      683    0    0    0    1    1    1       6.25000e+00   -4.37500e-01   -5.00000e-02
      684    0    0    0    1    1    1       6.25000e+00   -4.37500e-01    5.00000e-02
      685    0    0    0    1    1    1       6.25000e+00   -3.75000e-01   -5.00000e-02
      686    0    0    0    1    1    1       6.25000e+00   -3.75000e-01    5.00000e-02
      687    0    0    0    1    1    1       6.25000e+00   -3.12500e-01   -5.00000e-02
      688    0    0    0    1    1    1       6.25000e+00   -3.12500e-01    5.00000e-02
      689    0    0    0    1    1    1       6.25000e+00   -2.50000e-01   -5.00000e-02
      690    0    0    0    1    1    1       6.25000e+00   -2.50000e-01    5.00000e-02
      691    0    0    0    1    1    1       6.25000e+00   -1.87500e-01   -5.00000e-02
      692    0    0    0    1    1    1       6.25000e+00   -1.87500e-01    5.00000e-02
      693    0    0    0    1    1    1       6.25000e+00   -1.25000e-01   -5.00000e-02
      694    0    0    0    1    1    1       6.25000e+00   -1.25000e-01    5.00000e-02
      695    0    0    0    1    1    1       6.25000e+00   -6.25000e-02   -5.00000e-02
      696    0    0    0    1    1    1       6.25000e+00   -6.25000e-02    5.00000e-02
      697    0    0    0    1    1    1       6.25000e+00    0.00000e+00   -5.00000e-02
      698    0    0    0    1    1    1       6.25000e+00    0.00000e+00    5.00000e-02
      699    0    0    0    1    1    1       6.25000e+00    6.25000e-02   -5.00000e-02
      700    0    0    0    1    1    1       6.25000e+00    6.25000e-02    5.00000e-02
      701    0    0    0    1    1    1       6.25000e+00    1.25000e-01   -5.00000e-02
      702    0    0    0    1    1    1       6.25000e+00    1.25000e-01    5.00000e-02
      703    0    0    0    1    1    1       6.25000e+00    1.87500e-01   -5.00000e-02
      704    0    0    0    1    1    1       6.25000e+00    1.87500e-01    5.00000e-02
      705    0    0    0    1    1    1       6.25000e+00    2.50000e-01   -5.00000e-02
      706    0    0    0    1    1    1       6.25000e+00    2.50000e-01    5.00000e-02
      707    0    0    0    1    1    1       6.25000e+00    3.12500e-01   -5.00000e-02
      708    0    0    0    1    1    1       6.25000e+00    3.12500e-01    5.00000e-02
      709    0    0    0    1    1    1       6.25000e+00    3.75000e-01   -5.00000e-02
      710    0    0    0    1    1    1       6.25000e+00    3.75000e-01    5.00000e-02
      711    0    0    0    1    1    1       6.25000e+00    4.37500e-01   -5.00000e-02
      712    0    0    0    1    1    1       6.25000e+00    4.37500e-01    5.00000e-02
      713    0    0    0    1    1    1       6.25000e+00    5.00000e-01   -5.00000e-02
      714    0    0    0    1    1    1       6.25000e+00    5.00000e-01    5.00000e-02
      715    0    0    0    1    1    1       6.56250e+00   -5.00000e-01   -5.00000e-02
      716    0    0    0    1    1    1       6.56250e+00   -5.00000e-01    5.00000e-02
      717    0    0    0    1    1    1       6.56250e+00   -4.37500e-01   -5.00000e-02
      718    0    0    0    1    1    1       6.56250e+00   -4.37500e-01    5.00000e-02
      719    0    0    0    1    1    1       6.56250e+00   -3.75000e-01   -5.00000e-02
      720    0    0    0    1    1    1       6.56250e+00   -3.75000e-01    5.00000e-02
      721    0    0    0    1    1    1       6.56250e+00   -3.12500e-01   -5.00000e-02
      722    0    0    0    1    1    1       6.56250e+00   -3.12500e-01    5.00000e-02
      723    0    0    0    1    1    1       6.56250e+00   -2.50000e-01   -5.00000e-02
      724    0    0    0    1    1    1       6.56250e+00   -2.50000e-01    5.00000e-02
      725    0    0    0    1    1    1       6.56250e+00   -1.87500e-01   -5.00000e-02
      726    0    0    0    1    1    1       6.56250e+00   -1.87500e-01    5.00000e-02
      727    0    0    0    1    1    1       6.56250e+00   -1.25000e-01   -5.00000e-02
      728    0    0    0    1    1    1       6.56250e+00   -1.25000e-01    5.00000e-02
      729    0    0    0    1    1    1       6.56250e+00   -6.25000e-02   -5.00000e-02
      730    0    0    0    1    1    1       6.56250e+00   -6.25000e-02    5.00000e-02
      731    0    0    0    1    1    1       6.56250e+00    0.00000e+00   -5.00000e-02
      732    0    0    0    1    1    1       6.56250e+00    0.00000e+00    5.00000e-02
      733    0    0    0    1    1    1       6.56250e+00    6.25000e-02   -5.00000e-02
      734    0    0    0    1    1    1       6.56250e+00    6.25000e-02    5.00000e-02
      735    0    0    0    1    1    1       6.56250e+00    1.25000e-01   -5.00000e-02
      736    0    0    0    1    1    1       6.56250e+00    1.25000e-01    5.00000e-02
      737    0    0    0    1    1    1       6.56250e+00    1.87500e-01   -5.00000e-02
      738    0    0    0    1    1    1       6.56250e+00    1.87500e-01    5.00000e-02
      739    0    0    0    1    1    1       6.56250e+00    2.50000e-01   -5.00000e-02
      740    0    0    0    1    1    1       6.56250e+00    2.50000e-01    5.00000e-02
      741    0    0    0    1    1    1       6.56250e+00    3.12500e-01   -5.00000e-02
      742    0    0    0    1    1    1       6.56250e+00    3.12500e-01    5.00000e-02
      743    0    0    0    1    1    1       6.56250e+00    3.75000e-01   -5.00000e-02
      744    0    0    0    1    1    1       6.56250e+00    3.75000e-01    5.00000e-02
      745    0    0    0    1    1    1       6.56250e+00    4.37500e-01   -5.00000e-02
      746    0    0    0    1    1    1       6.56250e+00    4.37500e-01    5.00000e-02
      747    0    0    0    1    1    1       6.56250e+00    5.00000e-01   -5.00000e-02
      748    0    0    0    1    1    1       6.56250e+00    5.00000e-01    5.00000e-02
      749    0    0    0    1    1    1       6.87500e+00   -5.00000e-01   -5.00000e-02
      750    0    0    0    1    1    1       6.87500e+00   -5.00000e-01    5.00000e-02
      751    0    0    0    1    1    1       6.87500e+00   -4.37500e-01   -5.00000e-02
      752    0    0    0    1    1    1       6.87500e+00   -4.37500e-01    5.00000e-02
      753    0    0    0    1    1    1       6.87500e+00   -3.75000e-01   -5.00000e-02
      754    0    0    0    1    1    1       6.87500e+00   -3.75000e-01    5.00000e-02
      755    0    0    0    1    1    1       6.87500e+00   -3.12500e-01   -5.00000e-02
      756    0    0    0    1    1    1       6.87500e+00   -3.12500e-01    5.00000e-02
      757    0    0    0    1    1    1       6.87500e+00   -2.50000e-01   -5.00000e-02
      758    0    0    0    1    1    1       6.87500e+00   -2.50000e-01    5.00000e-02
      759    0    0    0    1    1    1       6.87500e+00   -1.87500e-01   -5.00000e-02
      760    0    0    0    1    1    1       6.87500e+00   -1.87500e-01    5.00000e-02
      761    0    0    0    1    1    1       6.87500e+00   -1.25000e-01   -5.00000e-02
      762    0    0    0    1    1    1       6.87500e+00   -1.25000e-01    5.00000e-02
      763    0    0    0    1    1    1       6.87500e+00   -6.25000e-02   -5.00000e-02
      764    0    0    0    1    1    1       6.87500e+00   -6.25000e-02    5.00000e-02
      765    0    0    0    1    1    1       6.87500e+00    0.00000e+00   -5.00000e-02
      766    0    0    0    1    1    1       6.87500e+00    0.00000e+00    5.00000e-02
      767    0    0    0    1    1    1       6.87500e+00    6.25000e-02   -5.00000e-02
      768    0    0    0    1    1    1       6.87500e+00    6.25000e-02    5.00000e-02
      769    0    0    0    1    1    1       6.87500e+00    1.25000e-01   -5.00000e-02
      770    0    0    0    1    1    1       6.87500e+00    1.25000e-01    5.00000e-02
      771    0    0    0    1    1    1       6.87500e+00    1.87500e-01   -5.00000e-02
      772    0    0    0    1    1    1       6.87500e+00    1.87500e-01    5.00000e-02
      773    0    0    0    1    1    1       6.87500e+00    2.50000e-01   -5.00000e-02
      774    0    0    0    1    1    1       6.87500e+00    2.50000e-01    5.00000e-02
      775    0    0    0    1    1    1       6.87500e+00    3.12500e-01   -5.00000e-02
      776    0    0    0    1    1    1       6.87500e+00    3.12500e-01    5.00000e-02
      777    0    0    0    1    1    1       6.87500e+00    3.75000e-01   -5.00000e-02
      778    0    0    0    1    1    1       6.87500e+00    3.75000e-01    5.00000e-02
      779    0    0    0    1    1    1       6.87500e+00    4.37500e-01   -5.00000e-02
      780    0    0    0    1    1    1       6.87500e+00    4.37500e-01    5.00000e-02
      781    0    0    0    1    1    1       6.87500e+00    5.00000e-01   -5.00000e-02
      782    0    0    0    1    1    1       6.87500e+00    5.00000e-01    5.00000e-02
      783    0    0    0    1    1    1       7.18750e+00   -5.00000e-01   -5.00000e-02
      784    0    0    0    1    1    1       7.18750e+00   -5.00000e-01    5.00000e-02
      785    0    0    0    1    1    1       7.18750e+00   -4.37500e-01   -5.00000e-02
      786    0    0    0    1    1    1       7.18750e+00   -4.37500e-01    5.00000e-02
      787    0    0    0    1    1    1       7.18750e+00   -3.75000e-01   -5.00000e-02
      788    0    0    0    1    1    1       7.18750e+00   -3.75000e-01    5.00000e-02
      789    0    0    0    1    1    1       7.18750e+00   -3.12500e-01   -5.00000e-02
      790    0    0    0    1    1    1       7.18750e+00   -3.12500e-01    5.00000e-02
      791    0    0    0    1    1    1       7.18750e+00   -2.50000e-01   -5.00000e-02
      792    0    0    0    1    1    1       7.18750e+00   -2.50000e-01    5.00000e-02
      793    0    0    0    1    1    1       7.18750e+00   -1.87500e-01   -5.00000e-02
      794    0    0    0    1    1    1       7.18750e+00   -1.87500e-01    5.00000e-02
      795    0    0    0    1    1    1       7.18750e+00   -1.25000e-01   -5.00000e-02
      796    0    0    0    1    1    1       7.18750e+00   -1.25000e-01    5.00000e-02
      797    0    0    0    1    1    1       7.18750e+00   -6.25000e-02   -5.00000e-02
      798    0    0    0    1    1    1       7.18750e+00   -6.25000e-02    5.00000e-02
      799    0    0    0    1    1    1       7.18750e+00    0.00000e+00   -5.00000e-02
      800    0    0    0    1    1    1       7.18750e+00    0.00000e+00    5.00000e-02
      801    0    0    0    1    1    1       7.18750e+00    6.25000e-02   -5.00000e-02
      802    0    0    0    1    1    1       7.18750e+00    6.25000e-02    5.00000e-02
      803    0    0    0    1    1    1       7.18750e+00    1.25000e-01   -5.00000e-02
      804    0    0    0    1    1    1       7.18750e+00    1.25000e-01    5.00000e-02
      805    0    0    0    1    1    1       7.18750e+00    1.87500e-01   -5.00000e-02
      806    0    0    0    1    1    1       7.18750e+00    1.87500e-01    5.00000e-02
      807    0    0    0    1    1    1       7.18750e+00    2.50000e-01   -5.00000e-02
      808    0    0    0    1    1    1       7.18750e+00    2.50000e-01    5.00000e-02
      809    0    0    0    1    1    1       7.18750e+00    3.12500e-01   -5.00000e-02
      810    0    0    0    1    1    1       7.18750e+00    3.12500e-01    5.00000e-02
      811    0    0    0    1    1    1       7.18750e+00    3.75000e-01   -5.00000e-02
      812    0    0    0    1    1    1       7.18750e+00    3.75000e-01    5.00000e-02
      813    0    0    0    1    1    1       7.18750e+00    4.37500e-01   -5.00000e-02
      814    0    0    0    1    1    1       7.18750e+00    4.37500e-01    5.00000e-02
      815    0    0    0    1    1    1       7.18750e+00    5.00000e-01   -5.00000e-02
      816    0    0    0    1    1    1       7.18750e+00    5.00000e-01    5.00000e-02
      817    0    0    0    1    1    1       7.50000e+00   -5.00000e-01   -5.00000e-02
      818    0    0    0    1    1    1       7.50000e+00   -5.00000e-01    5.00000e-02
      819    0    0    0    1    1    1       7.50000e+00   -4.37500e-01   -5.00000e-02
      820    0    0    0    1    1    1       7.50000e+00   -4.37500e-01    5.00000e-02
      821    0    0    0    1    1    1       7.50000e+00   -3.75000e-01   -5.00000e-02
      822    0    0    0    1    1    1       7.50000e+00   -3.75000e-01    5.00000e-02
      823    0    0    0    1    1    1       7.50000e+00   -3.12500e-01   -5.00000e-02
      824    0    0    0    1    1    1       7.50000e+00   -3.12500e-01    5.00000e-02
      825    0    0    0    1    1    1       7.50000e+00   -2.50000e-01   -5.00000e-02
      826    0    0    0    1    1    1       7.50000e+00   -2.50000e-01    5.00000e-02
      827    0    0    0    1    1    1       7.50000e+00   -1.87500e-01   -5.00000e-02
      828    0    0    0    1    1    1       7.50000e+00   -1.87500e-01    5.00000e-02
      829    0    0    0    1    1    1       7.50000e+00   -1.25000e-01   -5.00000e-02
      830    0    0    0    1    1    1       7.50000e+00   -1.25000e-01    5.00000e-02
      831    0    0    0    1    1    1       7.50000e+00   -6.25000e-02   -5.00000e-02
      832    0    0    0    1    1    1       7.50000e+00   -6.25000e-02    5.00000e-02
      833    0    0    0    1    1    1       7.50000e+00    0.00000e+00   -5.00000e-02
      834    0    0    0    1    1    1       7.50000e+00    0.00000e+00    5.00000e-02
      835    0    0    0    1    1    1       7.50000e+00    6.25000e-02   -5.00000e-02
      836    0    0    0    1    1    1       7.50000e+00    6.25000e-02    5.00000e-02
      837    0    0    0    1    1    1       7.50000e+00    1.25000e-01   -5.00000e-02
      838    0    0    0    1    1    1       7.50000e+00    1.25000e-01    5.00000e-02
      839    0    0    0    1    1    1       7.50000e+00    1.87500e-01   -5.00000e-02
      840    0    0    0    1    1    1       7.50000e+00    1.87500e-01    5.00000e-02
      841    0    0    0    1    1    1       7.50000e+00    2.50000e-01   -5.00000e-02
      842    0    0    0    1    1    1       7.50000e+00    2.50000e-01    5.00000e-02
      843    0    0    0    1    1    1       7.50000e+00    3.12500e-01   -5.00000e-02
      844    0    0    0    1    1    1       7.50000e+00    3.12500e-01    5.00000e-02
      845    0    0    0    1    1    1       7.50000e+00    3.75000e-01   -5.00000e-02
      846    0    0    0    1    1    1       7.50000e+00    3.75000e-01    5.00000e-02
      847    0    0    0    1    1    1       7.50000e+00    4.37500e-01   -5.00000e-02
      848    0    0    0    1    1    1       7.50000e+00    4.37500e-01    5.00000e-02
      849    0    0    0    1    1    1       7.50000e+00    5.00000e-01   -5.00000e-02
      850    0    0    0    1    1    1       7.50000e+00    5.00000e-01    5.00000e-02
      851    0    0    0    1    1    1       7.81250e+00   -5.00000e-01   -5.00000e-02
      852    0    0    0    1    1    1       7.81250e+00   -5.00000e-01    5.00000e-02
      853    0    0    0    1    1    1       7.81250e+00   -4.37500e-01   -5.00000e-02
      854    0    0    0    1    1    1       7.81250e+00   -4.37500e-01    5.00000e-02
      855    0    0    0    1    1    1       7.81250e+00   -3.75000e-01   -5.00000e-02
      856    0    0    0    1    1    1       7.81250e+00   -3.75000e-01    5.00000e-02
      857    0    0    0    1    1    1       7.81250e+00   -3.12500e-01   -5.00000e-02
      858    0    0    0    1    1    1       7.81250e+00   -3.12500e-01    5.00000e-02
      859    0    0    0    1    1    1       7.81250e+00   -2.50000e-01   -5.00000e-02
      860    0    0    0    1    1    1       7.81250e+00   -2.50000e-01    5.00000e-02
      861    0    0    0    1    1    1       7.81250e+00   -1.87500e-01   -5.00000e-02
      862    0    0    0    1    1    1       7.81250e+00   -1.87500e-01    5.00000e-02
      863    0    0    0    1    1    1       7.81250e+00   -1.25000e-01   -5.00000e-02
      864    0    0    0    1    1    1       7.81250e+00   -1.25000e-01    5.00000e-02
      865    0    0    0    1    1    1       7.81250e+00   -6.25000e-02   -5.00000e-02
      866    0    0    0    1    1    1       7.81250e+00   -6.25000e-02    5.00000e-02
      867    0    0    0    1    1    1       7.81250e+00    0.00000e+00   -5.00000e-02
      868    0    0    0    1    1    1       7.81250e+00    0.00000e+00    5.00000e-02
      869    0    0    0    1    1    1       7.81250e+00    6.25000e-02   -5.00000e-02
      870    0    0    0    1    1    1       7.81250e+00    6.25000e-02    5.00000e-02
      871    0    0    0    1    1    1       7.81250e+00    1.25000e-01   -5.00000e-02
      872    0    0    0    1    1    1       7.81250e+00    1.25000e-01    5.00000e-02
      873    0    0    0    1    1    1       7.81250e+00    1.87500e-01   -5.00000e-02
      874    0    0    0    1    1    1       7.81250e+00    1.87500e-01    5.00000e-02
      875    0    0    0    1    1    1       7.81250e+00    2.50000e-01   -5.00000e-02
      876    0    0    0    1    1    1       7.81250e+00    2.50000e-01    5.00000e-02
      877    0    0    0    1    1    1       7.81250e+00    3.12500e-01   -5.00000e-02
      878    0    0    0    1    1    1       7.81250e+00    3.12500e-01    5.00000e-02
      879    0    0    0    1    1    1       7.81250e+00    3.75000e-01   -5.00000e-02
      880    0    0    0    1    1    1       7.81250e+00    3.75000e-01    5.00000e-02
      881    0    0    0    1    1    1       7.81250e+00    4.37500e-01   -5.00000e-02
      882    0    0    0    1    1    1       7.81250e+00    4.37500e-01    5.00000e-02
      883    0    0    0    1    1    1       7.81250e+00    5.00000e-01   -5.00000e-02
      884    0    0    0    1    1    1       7.81250e+00    5.00000e-01    5.00000e-02
      885    0    0    0    1    1    1       8.12500e+00   -5.00000e-01   -5.00000e-02
      886    0    0    0    1    1    1       8.12500e+00   -5.00000e-01    5.00000e-02
      887    0    0    0    1    1    1       8.12500e+00   -4.37500e-01   -5.00000e-02
      888    0    0    0    1    1    1       8.12500e+00   -4.37500e-01    5.00000e-02
      889    0    0    0    1    1    1       8.12500e+00   -3.75000e-01   -5.00000e-02
      890    0    0    0    1    1    1       8.12500e+00   -3.75000e-01    5.00000e-02
      891    0    0    0    1    1    1       8.12500e+00   -3.12500e-01   -5.00000e-02
      892    0    0    0    1    1    1       8.12500e+00   -3.12500e-01    5.00000e-02
      893    0    0    0    1    1    1       8.12500e+00   -2.50000e-01   -5.00000e-02
      894    0    0    0    1    1    1       8.12500e+00   -2.50000e-01    5.00000e-02
      895    0    0    0    1    1    1       8.12500e+00   -1.87500e-01   -5.00000e-02
      896    0    0    0    1    1    1       8.12500e+00   -1.87500e-01    5.00000e-02
      897    0    0    0    1    1    1       8.12500e+00   -1.25000e-01   -5.00000e-02
      898    0    0    0    1    1    1       8.12500e+00   -1.25000e-01    5.00000e-02
      899    0    0    0    1    1    1       8.12500e+00   -6.25000e-02   -5.00000e-02
      900    0    0    0    1    1    1       8.12500e+00   -6.25000e-02    5.00000e-02
      901    0    0    0    1    1    1       8.12500e+00    0.00000e+00   -5.00000e-02
      902    0    0    0    1    1    1       8.12500e+00    0.00000e+00    5.00000e-02
      903    0    0    0    1    1    1       8.12500e+00    6.25000e-02   -5.00000e-02
      904    0    0    0    1    1    1       8.12500e+00    6.25000e-02    5.00000e-02
      905    0    0    0    1    1    1       8.12500e+00    1.25000e-01   -5.00000e-02
      906    0    0    0    1    1    1       8.12500e+00    1.25000e-01    5.00000e-02
      907    0    0    0    1    1    1       8.12500e+00    1.87500e-01   -5.00000e-02
      908    0    0    0    1    1    1       8.12500e+00    1.87500e-01    5.00000e-02
      909    0    0    0    1    1    1       8.12500e+00    2.50000e-01   -5.00000e-02
      910    0    0    0    1    1    1       8.12500e+00    2.50000e-01    5.00000e-02
      911    0    0    0    1    1    1       8.12500e+00    3.12500e-01   -5.00000e-02
      912    0    0    0    1    1    1       8.12500e+00    3.12500e-01    5.00000e-02
      913    0    0    0    1    1    1       8.12500e+00    3.75000e-01   -5.00000e-02
      914    0    0    0    1    1    1       8.12500e+00    3.75000e-01    5.00000e-02
      915    0    0    0    1    1    1       8.12500e+00    4.37500e-01   -5.00000e-02
      916    0    0    0    1    1    1       8.12500e+00    4.37500e-01    5.00000e-02
      917    0    0    0    1    1    1       8.12500e+00    5.00000e-01   -5.00000e-02
      918    0    0    0    1    1    1       8.12500e+00    5.00000e-01    5.00000e-02
      919    0    0    0    1    1    1       8.43750e+00   -5.00000e-01   -5.00000e-02
      920    0    0    0    1    1    1       8.43750e+00   -5.00000e-01    5.00000e-02
      921    0    0    0    1    1    1       8.43750e+00   -4.37500e-01   -5.00000e-02
      922    0    0    0    1    1    1       8.43750e+00   -4.37500e-01    5.00000e-02
      923    0    0    0    1    1    1       8.43750e+00   -3.75000e-01   -5.00000e-02
      924    0    0    0    1    1    1       8.43750e+00   -3.75000e-01    5.00000e-02
      925    0    0    0    1    1    1       8.43750e+00   -3.12500e-01   -5.00000e-02
      926    0    0    0    1    1    1       8.43750e+00   -3.12500e-01    5.00000e-02
      927    0    0    0    1    1    1       8.43750e+00   -2.50000e-01   -5.00000e-02
      928    0    0    0    1    1    1       8.43750e+00   -2.50000e-01    5.00000e-02
      929    0    0    0    1    1    1       8.43750e+00   -1.87500e-01   -5.00000e-02
      930    0    0    0    1    1    1       8.43750e+00   -1.87500e-01    5.00000e-02
      931    0    0    0    1    1    1       8.43750e+00   -1.25000e-01   -5.00000e-02
      932    0    0    0    1    1    1       8.43750e+00   -1.25000e-01    5.00000e-02
      933    0    0    0    1    1    1       8.43750e+00   -6.25000e-02   -5.00000e-02
      934    0    0    0    1    1    1       8.43750e+00   -6.25000e-02    5.00000e-02
      935    0    0    0    1    1    1       8.43750e+00    0.00000e+00   -5.00000e-02
      936    0    0    0    1    1    1       8.43750e+00    0.00000e+00    5.00000e-02
      937    0    0    0    1    1    1       8.43750e+00    6.25000e-02   -5.00000e-02
      938    0    0    0    1    1    1       8.43750e+00    6.25000e-02    5.00000e-02
      939    0    0    0    1    1    1       8.43750e+00    1.25000e-01   -5.00000e-02
      940    0    0    0    1    1    1       8.43750e+00    1.25000e-01    5.00000e-02
      941    0    0    0    1    1    1       8.43750e+00    1.87500e-01   -5.00000e-02
      942    0    0    0    1    1    1       8.43750e+00    1.87500e-01    5.00000e-02
      943    0    0    0    1    1    1       8.43750e+00    2.50000e-01   -5.00000e-02
      944    0    0    0    1    1    1       8.43750e+00    2.50000e-01    5.00000e-02
      945    0    0    0    1    1    1       8.43750e+00    3.12500e-01   -5.00000e-02
      946    0    0    0    1    1    1       8.43750e+00    3.12500e-01    5.00000e-02
      947    0    0    0    1    1    1       8.43750e+00    3.75000e-01   -5.00000e-02
      948    0    0    0    1    1    1       8.43750e+00    3.75000e-01    5.00000e-02
      949    0    0    0    1    1    1       8.43750e+00    4.37500e-01   -5.00000e-02
      950    0    0    0    1    1    1       8.43750e+00    4.37500e-01    5.00000e-02
      951    0    0    0    1    1    1       8.43750e+00    5.00000e-01   -5.00000e-02
      952    0    0    0    1    1    1       8.43750e+00    5.00000e-01    5.00000e-02
      953    0    0    0    1    1    1       8.75000e+00   -5.00000e-01   -5.00000e-02
      954    0    0    0    1    1    1       8.75000e+00   -5.00000e-01    5.00000e-02
      955    0    0    0    1    1    1       8.75000e+00   -4.37500e-01   -5.00000e-02
      956    0    0    0    1    1    1       8.75000e+00   -4.37500e-01    5.00000e-02
      957    0    0    0    1    1    1       8.75000e+00   -3.75000e-01   -5.00000e-02
      958    0    0    0    1    1    1       8.75000e+00   -3.75000e-01    5.00000e-02
      959    0    0    0    1    1    1       8.75000e+00   -3.12500e-01   -5.00000e-02
      960    0    0    0    1    1    1       8.75000e+00   -3.12500e-01    5.00000e-02
      961    0    0    0    1    1    1       8.75000e+00   -2.50000e-01   -5.00000e-02
      962    0    0    0    1    1    1       8.75000e+00   -2.50000e-01    5.00000e-02
      963    0    0    0    1    1    1       8.75000e+00   -1.87500e-01   -5.00000e-02
      964    0    0    0    1    1    1       8.75000e+00   -1.87500e-01    5.00000e-02
      965    0    0    0    1    1    1       8.75000e+00   -1.25000e-01   -5.00000e-02
      966    0    0    0    1    1    1       8.75000e+00   -1.25000e-01    5.00000e-02
      967    0    0    0    1    1    1       8.75000e+00   -6.25000e-02   -5.00000e-02
      968    0    0    0    1    1    1       8.75000e+00   -6.25000e-02    5.00000e-02
      969    0    0    0    1    1    1       8.75000e+00    0.00000e+00   -5.00000e-02
      970    0    0    0    1    1    1       8.75000e+00    0.00000e+00    5.00000e-02
      971    0    0    0    1    1    1       8.75000e+00    6.25000e-02   -5.00000e-02
      972    0    0    0    1    1    1       8.75000e+00    6.25000e-02    5.00000e-02
      973    0    0    0    1    1    1       8.75000e+00    1.25000e-01   -5.00000e-02
      974    0    0    0    1    1    1       8.75000e+00    1.25000e-01    5.00000e-02
      975    0    0    0    1    1    1       8.75000e+00    1.87500e-01   -5.00000e-02
      976    0    0    0    1    1    1       8.75000e+00    1.87500e-01    5.00000e-02
      977    0    0    0    1    1    1       8.75000e+00    2.50000e-01   -5.00000e-02
      978    0    0    0    1    1    1       8.75000e+00    2.50000e-01    5.00000e-02
      979    0    0    0    1    1    1       8.75000e+00    3.12500e-01   -5.00000e-02
      980    0    0    0    1    1    1       8.75000e+00    3.12500e-01    5.00000e-02
      981    0    0    0    1    1    1       8.75000e+00    3.75000e-01   -5.00000e-02
      982    0    0    0    1    1    1       8.75000e+00    3.75000e-01    5.00000e-02
      983    0    0    0    1    1    1       8.75000e+00    4.37500e-01   -5.00000e-02
      984    0    0    0    1    1    1       8.75000e+00    4.37500e-01    5.00000e-02
      985    0    0    0    1    1    1       8.75000e+00    5.00000e-01   -5.00000e-02
      986    0    0    0    1    1    1       8.75000e+00    5.00000e-01    5.00000e-02
      987    0    0    0    1    1    1       9.06250e+00   -5.00000e-01   -5.00000e-02
      988    0    0    0    1    1    1       9.06250e+00   -5.00000e-01    5.00000e-02
      989    0    0    0    1    1    1       9.06250e+00   -4.37500e-01   -5.00000e-02
      990    0    0    0    1    1    1       9.06250e+00   -4.37500e-01    5.00000e-02
      991    0    0    0    1    1    1       9.06250e+00   -3.75000e-01   -5.00000e-02
      992    0    0    0    1    1    1       9.06250e+00   -3.75000e-01    5.00000e-02
      993    0    0    0    1    1    1       9.06250e+00   -3.12500e-01   -5.00000e-02
      994    0    0    0    1    1    1       9.06250e+00   -3.12500e-01    5.00000e-02
      995    0    0    0    1    1    1       9.06250e+00   -2.50000e-01   -5.00000e-02
      996    0    0    0    1    1    1       9.06250e+00   -2.50000e-01    5.00000e-02
      997    0    0    0    1    1    1       9.06250e+00   -1.87500e-01   -5.00000e-02
      998    0    0    0    1    1    1       9.06250e+00   -1.87500e-01    5.00000e-02
      999    0    0    0    1    1    1       9.06250e+00   -1.25000e-01   -5.00000e-02
     1000    0    0    0    1    1    1       9.06250e+00   -1.25000e-01    5.00000e-02
     1001    0    0    0    1    1    1       9.06250e+00   -6.25000e-02   -5.00000e-02
     1002    0    0    0    1    1    1       9.06250e+00   -6.25000e-02    5.00000e-02
     1003    0    0    0    1    1    1       9.06250e+00    0.00000e+00   -5.00000e-02
     1004    0    0    0    1    1    1       9.06250e+00    0.00000e+00    5.00000e-02
     1005    0    0    0    1    1    1       9.06250e+00    6.25000e-02   -5.00000e-02
     1006    0    0    0    1    1    1       9.06250e+00    6.25000e-02    5.00000e-02
     1007    0    0    0    1    1    1       9.06250e+00    1.25000e-01   -5.00000e-02
     1008    0    0    0    1    1    1       9.06250e+00    1.25000e-01    5.00000e-02
     1009    0    0    0    1    1    1       9.06250e+00    1.87500e-01   -5.00000e-02
     1010    0    0    0    1    1    1       9.06250e+00    1.87500e-01    5.00000e-02
     1011    0    0    0    1    1    1       9.06250e+00    2.50000e-01   -5.00000e-02
     1012    0    0    0    1    1    1       9.06250e+00    2.50000e-01    5.00000e-02
     1013    0    0    0    1    1    1       9.06250e+00    3.12500e-01   -5.00000e-02
     1014    0    0    0    1    1    1       9.06250e+00    3.12500e-01    5.00000e-02
     1015    0    0    0    1    1    1       9.06250e+00    3.75000e-01   -5.00000e-02
     1016    0    0    0    1    1    1       9.06250e+00    3.75000e-01    5.00000e-02
     1017    0    0    0    1    1    1       9.06250e+00    4.37500e-01   -5.00000e-02
     1018    0    0    0    1    1    1       9.06250e+00    4.37500e-01    5.00000e-02
     1019    0    0    0    1    1    1       9.06250e+00    5.00000e-01   -5.00000e-02
     1020    0    0    0    1    1    1       9.06250e+00    5.00000e-01    5.00000e-02
     1021    0    0    0    1    1    1       9.37500e+00   -5.00000e-01   -5.00000e-02
     1022    0    0    0    1    1    1       9.37500e+00   -5.00000e-01    5.00000e-02
     1023    0    0    0    1    1    1       9.37500e+00   -4.37500e-01   -5.00000e-02
     1024    0    0    0    1    1    1       9.37500e+00   -4.37500e-01    5.00000e-02
     1025    0    0    0    1    1    1       9.37500e+00   -3.75000e-01   -5.00000e-02
     1026    0    0    0    1    1    1       9.37500e+00   -3.75000e-01    5.00000e-02
     1027    0    0    0    1    1    1       9.37500e+00   -3.12500e-01   -5.00000e-02
     1028    0    0    0    1    1    1       9.37500e+00   -3.12500e-01    5.00000e-02
     1029    0    0    0    1    1    1       9.37500e+00   -2.50000e-01   -5.00000e-02
     1030    0    0    0    1    1    1       9.37500e+00   -2.50000e-01    5.00000e-02
     1031    0    0    0    1    1    1       9.37500e+00   -1.87500e-01   -5.00000e-02
     1032    0    0    0    1    1    1       9.37500e+00   -1.87500e-01    5.00000e-02
     1033    0    0    0    1    1    1       9.37500e+00   -1.25000e-01   -5.00000e-02
     1034    0    0    0    1    1    1       9.37500e+00   -1.25000e-01    5.00000e-02
     1035    0    0    0    1    1    1       9.37500e+00   -6.25000e-02   -5.00000e-02
     1036    0    0    0    1    1    1       9.37500e+00   -6.25000e-02    5.00000e-02
     1037    0    0    0    1    1    1       9.37500e+00    0.00000e+00   -5.00000e-02
     1038    0    0    0    1    1    1       9.37500e+00    0.00000e+00    5.00000e-02
     1039    0    0    0    1    1    1       9.37500e+00    6.25000e-02   -5.00000e-02
     1040    0    0    0    1    1    1       9.37500e+00    6.25000e-02    5.00000e-02
     1041    0    0    0    1    1    1       9.37500e+00    1.25000e-01   -5.00000e-02
     1042    0    0    0    1    1    1       9.37500e+00    1.25000e-01    5.00000e-02
     1043    0    0    0    1    1    1       9.37500e+00    1.87500e-01   -5.00000e-02
     1044    0    0    0    1    1    1       9.37500e+00    1.87500e-01    5.00000e-02
     1045    0    0    0    1    1    1       9.37500e+00    2.50000e-01   -5.00000e-02
     1046    0    0    0    1    1    1       9.37500e+00    2.50000e-01    5.00000e-02
     1047    0    0    0    1    1    1       9.37500e+00    3.12500e-01   -5.00000e-02
     1048    0    0    0    1    1    1       9.37500e+00    3.12500e-01    5.00000e-02
     1049    0    0    0    1    1    1       9.37500e+00    3.75000e-01   -5.00000e-02
     1050    0    0    0    1    1    1       9.37500e+00    3.75000e-01    5.00000e-02
     1051    0    0    0    1    1    1       9.37500e+00    4.37500e-01   -5.00000e-02
     1052    0    0    0    1    1    1       9.37500e+00    4.37500e-01    5.00000e-02
     1053    0    0    0    1    1    1       9.37500e+00    5.00000e-01   -5.00000e-02
     1054    0    0    0    1    1    1       9.37500e+00    5.00000e-01    5.00000e-02
     1055    0    0    0    1    1    1       9.68750e+00   -5.00000e-01   -5.00000e-02
     1056    0    0    0    1    1    1       9.68750e+00   -5.00000e-01    5.00000e-02
     1057    0    0    0    1    1    1       9.68750e+00   -4.37500e-01   -5.00000e-02
     1058    0    0    0    1    1    1       9.68750e+00   -4.37500e-01    5.00000e-02
     1059    0    0    0    1    1    1       9.68750e+00   -3.75000e-01   -5.00000e-02
     1060    0    0    0    1    1    1       9.68750e+00   -3.75000e-01    5.00000e-02
     1061    0    0    0    1    1    1       9.68750e+00   -3.12500e-01   -5.00000e-02
     1062    0    0    0    1    1    1       9.68750e+00   -3.12500e-01    5.00000e-02
     1063    0    0    0    1    1    1       9.68750e+00   -2.50000e-01   -5.00000e-02
     1064    0    0    0    1    1    1       9.68750e+00   -2.50000e-01    5.00000e-02
     1065    0    0    0    1    1    1       9.68750e+00   -1.87500e-01   -5.00000e-02
     1066    0    0    0    1    1    1       9.68750e+00   -1.87500e-01    5.00000e-02
     1067    0    0    0    1    1    1       9.68750e+00   -1.25000e-01   -5.00000e-02
     1068    0    0    0    1    1    1       9.68750e+00   -1.25000e-01    5.00000e-02
     1069    0    0    0    1    1    1       9.68750e+00   -6.25000e-02   -5.00000e-02
     1070    0    0    0    1    1    1       9.68750e+00   -6.25000e-02    5.00000e-02
     1071    0    0    0    1    1    1       9.68750e+00    0.00000e+00   -5.00000e-02
     1072    0    0    0    1    1    1       9.68750e+00    0.00000e+00    5.00000e-02
     1073    0    0    0    1    1    1       9.68750e+00    6.25000e-02   -5.00000e-02
     1074    0    0    0    1    1    1       9.68750e+00    6.25000e-02    5.00000e-02
     1075    0    0    0    1    1    1       9.68750e+00    1.25000e-01   -5.00000e-02
     1076    0    0    0    1    1    1       9.68750e+00    1.25000e-01    5.00000e-02
     1077    0    0    0    1    1    1       9.68750e+00    1.87500e-01   -5.00000e-02
     1078    0    0    0    1    1    1       9.68750e+00    1.87500e-01    5.00000e-02
     1079    0    0    0    1    1    1       9.68750e+00    2.50000e-01   -5.00000e-02
     1080    0    0    0    1    1    1       9.68750e+00    2.50000e-01    5.00000e-02
     1081    0    0    0    1    1    1       9.68750e+00    3.12500e-01   -5.00000e-02
     1082    0    0    0    1    1    1       9.68750e+00    3.12500e-01    5.00000e-02
     1083    0    0    0    1    1    1       9.68750e+00    3.75000e-01   -5.00000e-02
     1084    0    0    0    1    1    1       9.68750e+00    3.75000e-01    5.00000e-02
     1085    0    0    0    1    1    1       9.68750e+00    4.37500e-01   -5.00000e-02
     1086    0    0    0    1    1    1       9.68750e+00    4.37500e-01    5.00000e-02
     1087    0    0    0    1    1    1       9.68750e+00    5.00000e-01   -5.00000e-02
     1088    0    0    0    1    1    1       9.68750e+00    5.00000e-01    5.00000e-02
     1089    0    0    0    1    1    1       1.00000e+01   -5.00000e-01   -5.00000e-02
     1090    0    0    0    1    1    1       1.00000e+01   -5.00000e-01    5.00000e-02
     1091    0    0    0    1    1    1       1.00000e+01   -4.37500e-01   -5.00000e-02
     1092    0    0    0    1    1    1       1.00000e+01   -4.37500e-01    5.00000e-02
     1093    0    0    0    1    1    1       1.00000e+01   -3.75000e-01   -5.00000e-02
     1094    0    0    0    1    1    1       1.00000e+01   -3.75000e-01    5.00000e-02
     1095    0    0    0    1    1    1       1.00000e+01   -3.12500e-01   -5.00000e-02
     1096    0    0    0    1    1    1       1.00000e+01   -3.12500e-01    5.00000e-02
     1097    0    0    0    1    1    1       1.00000e+01   -2.50000e-01   -5.00000e-02
     1098    0    0    0    1    1    1       1.00000e+01   -2.50000e-01    5.00000e-02
     1099    0    0    0    1    1    1       1.00000e+01   -1.87500e-01   -5.00000e-02
     1100    0    0    0    1    1    1       1.00000e+01   -1.87500e-01    5.00000e-02
     1101    0    0    0    1    1    1       1.00000e+01   -1.25000e-01   -5.00000e-02
     1102    0    0    0    1    1    1       1.00000e+01   -1.25000e-01    5.00000e-02
     1103    0    0    0    1    1    1       1.00000e+01   -6.25000e-02   -5.00000e-02
     1104    0    0    0    1    1    1       1.00000e+01   -6.25000e-02    5.00000e-02
     1105    0    0    0    1    1    1       1.00000e+01    0.00000e+00   -5.00000e-02
     1106    0    0    0    1    1    1       1.00000e+01    0.00000e+00    5.00000e-02
     1107    0    0    0    1    1    1       1.00000e+01    6.25000e-02   -5.00000e-02
     1108    0    0    0    1    1    1       1.00000e+01    6.25000e-02    5.00000e-02
     1109    0    0    0    1    1    1       1.00000e+01    1.25000e-01   -5.00000e-02
     1110    0    0    0    1    1    1       1.00000e+01    1.25000e-01    5.00000e-02
     1111    0    0    0    1    1    1       1.00000e+01    1.87500e-01   -5.00000e-02
     1112    0    0    0    1    1    1       1.00000e+01    1.87500e-01    5.00000e-02
     1113    0    0    0    1    1    1       1.00000e+01    2.50000e-01   -5.00000e-02
     1114    0    0    0    1    1    1       1.00000e+01    2.50000e-01    5.00000e-02
     1115    0    0    0    1    1    1       1.00000e+01    3.12500e-01   -5.00000e-02
     1116    0    0    0    1    1    1       1.00000e+01    3.12500e-01    5.00000e-02
     1117    0    0    0    1    1    1       1.00000e+01    3.75000e-01   -5.00000e-02
     1118    0    0    0    1    1    1       1.00000e+01    3.75000e-01    5.00000e-02
     1119    0    0    0    1    1    1       1.00000e+01    4.37500e-01   -5.00000e-02
     1120    0    0    0    1    1    1       1.00000e+01    4.37500e-01    5.00000e-02
     1121    0    0    0    1    1    1       1.00000e+01    5.00000e-01   -5.00000e-02
     1122    0    0    0    1    1    1       1.00000e+01    5.00000e-01    5.00000e-02

 L O A D   C A S E   D A T A

     LOAD CASE NUMBER . . . . . . . =     1
     NUMBER OF CONCENTRATED LOADS . =    34

    NODE       DIRECTION      LOAD
   NUMBER                   MAGNITUDE
   1089            2       -2.94118e+03
   1090            2       -2.94118e+03
   1091            2       -2.94118e+03
   1092            2       -2.94118e+03
   1093            2       -2.94118e+03
   1094            2       -2.94118e+03
   1095            2       -2.94118e+03
   1096            2       -2.94118e+03
   1097            2       -2.94118e+03
   1098            2       -2.94118e+03
   1099            2       -2.94118e+03
   1100            2       -2.94118e+03
   1101            2       -2.94118e+03
   1102            2       -2.94118e+03
   1103            2       -2.94118e+03
   1104            2       -2.94118e+03
   1105            2       -2.94118e+03
   1106            2       -2.94118e+03
   1107            2       -2.94118e+03
   1108            2       -2.94118e+03
   1109            2       -2.94118e+03
   1110            2       -2.94118e+03
   1111            2       -2.94118e+03
   1112            2       -2.94118e+03
   1113            2       -2.94118e+03
   1114            2       -2.94118e+03
   1115            2       -2.94118e+03
   1116            2       -2.94118e+03
   1117            2       -2.94118e+03
   1118            2       -2.94118e+03
   1119            2       -2.94118e+03
   1120            2       -2.94118e+03
   1121            2       -2.94118e+03
   1122            2       -2.94118e+03

 EQUATION NUMBERS

   NODE NUMBER   DEGREES OF FREEDOM
        N           X    Y    Z   RX   RY   RZ
        1           0    0    0    0    0    0
        2           0    0    0    0    0    0
        3           0    0    0    0    0    0
        4           0    0    0    0    0    0
        5           0    0    0    0    0    0
        6           0    0    0    0    0    0
        7           0    0    0    0    0    0
        8           0    0    0    0    0    0
        9           0    0    0    0    0    0
       10           0    0    0    0    0    0
       11           0    0    0    0    0    0
       12           0    0    0    0    0    0
       13           0    0    0    0    0    0
       14           0    0    0    0    0    0
       15           0    0    0    0    0    0
       16           0    0    0    0    0    0
       17           0    0    0    0    0    0
       18           0    0    0    0    0    0
       19           0    0    0    0    0    0
       20           0    0    0    0    0    0
       21           0    0    0    0    0    0
       22           0    0    0    0    0    0
       23           0    0    0    0    0    0
       24           0    0    0    0    0    0
       25           0    0    0    0    0    0
       26           0    0    0    0    0    0
       27           0    0    0    0    0    0
       28           0    0    0    0    0    0
       29           0    0    0    0    0    0
       30           0    0    0    0    0    0
       31           0    0    0    0    0    0
       32           0    0    0    0    0    0
       33           0    0    0    0    0    0
       34           0    0    0    0    0    0
       35           1    2    3    0    0    0
       36           4    5    6    0    0    0
       37           7    8    9    0    0    0
       38          10   11   12    0    0    0
       39          13   14   15    0    0    0
       40          16   17   18    0    0    0
       41          19   20   21    0    0    0
       42          22   23   24    0    0    0
       43          25   26   27    0    0    0
       44          28   29   30    0    0    0
       45          31   32   33    0    0    0
       46          34   35   36    0    0    0
       47          37   38   39    0    0    0
       48          40   41   42    0    0    0
       49          43   44   45    0    0    0
       50          46   47   48    0    0    0
       51          49   50   51    0    0    0
       52          52   53   54    0    0    0
       53          55   56   57    0    0    0
       54          58   59   60    0    0    0
       55          61   62   63    0    0    0
       56          64   65   66    0    0    0
       57          67   68   69    0    0    0
       58          70   71   72    0    0    0
       59          73   74   75    0    0    0
       60          76   77   78    0    0    0
       61          79   80   81    0    0    0
       62          82   83   84    0    0    0
       63          85   86   87    0    0    0
       64          88   89   90    0    0    0
       65          91   92   93    0    0    0
       66          94   95   96    0    0    0
       67          97   98   99    0    0    0
       68         100  101  102    0    0    0
       69         103  104  105    0    0    0
       70         106  107  108    0    0    0
       71         109  110  111    0    0    0
       72         112  113  114    0    0    0
       73         115  116  117    0    0    0
       74         118  119  120    0    0    0
       75         121  122  123    0    0    0
       76         124  125  126    0    0    0
       77         127  128  129    0    0    0
       78         130  131  132    0    0    0
       79         133  134  135    0    0    0
       80         136  137  138    0    0    0
       81         139  140  141    0    0    0
       82         142  143  144    0    0    0
       83         145  146  147    0    0    0
       84         148  149  150    0    0    0
       85         151  152  153    0    0    0
       86         154  155  156    0    0    0
       87         157  158  159    0    0    0
       88         160  161  162    0    0    0
       89         163  164  165    0    0    0
       90         166  167  168    0    0    0
       91         169  170  171    0    0    0
       92         172  173  174    0    0    0
       93         175  176  177    0    0    0
       94         178  179  180    0    0    0
       95         181  182  183    0    0    0
       96         184  185  186    0    0    0
       97         187  188  189    0    0    0
       98         190  191  192    0    0    0
       99         193  194  195    0    0    0
      100         196  197  198    0    0    0
      101         199  200  201    0    0    0
      102         202  203  204    0    0    0
      103         205  206  207    0    0    0
      104         208  209  210    0    0    0
      105         211  212  213    0    0    0
      106         214  215  216    0    0    0
      107         217  218  219    0    0    0
      108         220  221  222    0    0    0
      109         223  224  225    0    0    0
      110         226  227  228    0    0    0
      111         229  230  231    0    0    0
      112         232  233  234    0    0    0
      113         235  236  237    0    0    0
      114         238  239  240    0    0    0
      115         241  242  243    0    0    0
      116         244  245  246    0    0    0
      117         247  248  249    0    0    0
      118         250  251  252    0    0    0
      119         253  254  255    0    0    0
      120         256  257  258    0    0    0
      121         259  260  261    0    0    0
      122         262  263  264    0    0    0
      123         265  266  267    0    0    0
      124         268  269  270    0    0    0
      125         271  272  273    0    0    0
      126         274  275  276    0    0    0
      127         277  278  279    0    0    0
      128         280  281  282    0    0    0
      129         283  284  285    0    0    0
      130         286  287  288    0    0    0
      131         289  290  291    0    0    0
      132         292  293  294    0    0    0
      133         295  296  297    0    0    0
      134         298  299  300    0    0    0
      135         301  302  303    0    0    0
      136         304  305  306    0    0    0
      137         307  308  309    0    0    0
      138         310  311  312    0    0    0
      139         313  314  315    0    0    0
      140         316  317  318    0    0    0
      141         319  320  321    0    0    0
      142         322  323  324    0    0    0
      143         325  326  327    0    0    0
      144         328  329  330    0    0    0
      145         331  332  333    0    0    0
      146         334  335  336    0    0    0
      147         337  338  339    0    0    0
      148         340  341  342    0    0    0
      149         343  344  345    0    0    0
      150         346  347  348    0    0    0
      151         349  350  351    0    0    0
      152         352  353  354    0    0    0
      153         355  356  357    0    0    0
      154         358  359  360    0    0    0
      155         361  362  363    0    0    0
      156         364  365  366    0    0    0
      157         367  368  369    0    0    0
      158         370  371  372    0    0    0
      159         373  374  375    0    0    0
      160         376  377  378    0    0    0
      161         379  380  381    0    0    0
      162         382  383  384    0    0    0
      163         385  386  387    0    0    0
      164         388  389  390    0    0    0
      165         391  392  393    0    0    0
      166         394  395  396    0    0    0
      167         397  398  399    0    0    0
      168         400  401  402    0    0    0
      169         403  404  405    0    0    0
      170         406  407  408    0    0    0
      171         409  410  411    0    0    0
      172         412  413  414    0    0    0
      173         415  416  417    0    0    0
      174         418  419  420    0    0    0
      175         421  422  423    0    0    0
      176         424  425  426    0    0    0
      177         427  428  429    0    0    0
      178         430  431  432    0    0    0
      179         433  434  435    0    0    0
      180         436  437  438    0    0    0
      181         439  440  441    0    0    0
      182         442  443  444    0    0    0
      183         445  446  447    0    0    0
      184         448  449  450    0    0    0
      185         451  452  453    0    0    0
      186         454  455  456    0    0    0
      187         457  458  459    0    0    0
      188         460  461  462    0    0    0
      189         463  464  465    0    0    0
      190         466  467  468    0    0    0
      191         469  470  471    0    0    0
      192         472  473  474    0    0    0
      193         475  476  477    0    0    0
      194         478  479  480    0    0    0
      195         481  482  483    0    0    0
      196         484  485  486    0    0    0
      197         487  488  489    0    0    0
      198         490  491  492    0    0    0
      199         493  494  495    0    0    0
      200         496  497  498    0    0    0
      201         499  500  501    0    0    0
      202         502  503  504    0    0    0
      203         505  506  507    0    0    0
      204         508  509  510    0    0    0
      205         511  512  513    0    0    0
      206         514  515  516    0    0    0
      207         517  518  519    0    0    0
      208         520  521  522    0    0    0
      209         523  524  525    0    0    0
      210         526  527  528    0    0    0
      211         529  530  531    0    0    0
      212         532  533  534    0    0    0
      213         535  536  537    0    0    0
      214         538  539  540    0    0    0
      215         541  542  543    0    0    0
      216         544  545  546    0    0    0
      217         547  548  549    0    0    0
      218         550  551  552    0    0    0
      219         553  554  555    0    0    0
      220         556  557  558    0    0    0
      221         559  560  561    0    0    0
      222         562  563  564    0    0    0
      223         565  566  567    0    0    0
      224         568  569  570    0    0    0
      225         571  572  573    0    0    0
      226         574  575  576    0    0    0
      227         577  578  579    0    0    0
      228         580  581  582    0    0    0
      229         583  584  585    0    0    0
      230         586  587  588    0    0    0
      231         589  590  591    0    0    0
      232         592  593  594    0    0    0
      233         595  596  597    0    0    0
      234         598  599  600    0    0    0
      235         601  602  603    0    0    0
      236         604  605  606    0    0    0
      237         607  608  609    0    0    0
      238         610  611  612    0    0    0
      239         613  614  615    0    0    0
      240         616  617  618    0    0    0
      241         619  620  621    0    0    0
      242         622  623  624    0    0    0
      243         625  626  627    0    0    0
      244         628  629  630    0    0    0
      245         631  632  633    0    0    0
      246         634  635  636    0    0    0
      247         637  638  639    0    0    0
      248         640  641  642    0    0    0
      249         643  644  645    0    0    0
      250         646  647  648    0    0    0
      251         649  650  651    0    0    0
      252         652  653  654    0    0    0
      253         655  656  657    0    0    0
      254         658  659  660    0    0    0
      255         661  662  663    0    0    0
      256         664  665  666    0    0    0
      257         667  668  669    0    0    0
      258         670  671  672    0    0    0
      259         673  674  675    0    0    0
      260         676  677  678    0    0    0
      261         679  680  681    0    0    0
      262         682  683  684    0    0    0
      263         685  686  687    0    0    0
      264         688  689  690    0    0    0
      265         691  692  693    0    0    0
      266         694  695  696    0    0    0
      267         697  698  699    0    0    0
      268         700  701  702    0    0    0
      269         703  704  705    0    0    0
      270         706  707  708    0    0    0
      271         709  710  711    0    0    0
      272         712  713  714    0    0    0
      273         715  716  717    0    0    0
      274         718  719  720    0    0    0
      275         721  722  723    0    0    0
      276         724  725  726    0    0    0
      277         727  728  729    0    0    0
      278         730  731  732    0    0    0
      279         733  734  735    0    0    0
      280         736  737  738    0    0    0
      281         739  740  741    0    0    0
      282         742  743  744    0    0    0
      283         745  746  747    0    0    0
      284         748  749  750    0    0    0
      285         751  752  753    0    0    0
      286         754  755  756    0    0    0
      287         757  758  759    0    0    0
      288         760  761  762    0    0    0
      289         763  764  765    0    0    0
      290         766  767  768    0    0    0
      291         769  770  771    0    0    0
      292         772  773  774    0    0    0
      293         775  776  777    0    0    0
      294         778  779  780    0    0    0
      295         781  782  783    0    0    0
      296         784  785  786    0    0    0
      297         787  788  789    0    0    0
      298         790  791  792    0    0    0
      299         793  794  795    0    0    0
      300         796  797  798    0    0    0
      301         799  800  801    0    0    0
      302         802  803  804    0    0    0
      303         805  806  807    0    0    0
      304         808  809  810    0    0    0
      305         811  812  813    0    0    0
      306         814  815  816    0    0    0
      307         817  818  819    0    0    0
      308         820  821  822    0    0    0
      309         823  824  825    0    0    0
      310         826  827  828    0    0    0
      311         829  830  831    0    0    0
      312         832  833  834    0    0    0
      313         835  836  837    0    0    0
      314         838  839  840    0    0    0
      315         841  842  843    0    0    0
      316         844  845  846    0    0    0
      317         847  848  849    0    0    0
      318         850  851  852    0    0    0
      319         853  854  855    0    0    0
      320         856  857  858    0    0    0
      321         859  860  861    0    0    0
      322         862  863  864    0    0    0
      323         865  866  867    0    0    0
      324         868  869  870    0    0    0
      325         871  872  873    0    0    0
      326         874  875  876    0    0    0
      327         877  878  879    0    0    0
      328         880  881  882    0    0    0
      329         883  884  885    0    0    0
      330         886  887  888    0    0    0
      331         889  890  891    0    0    0
      332         892  893  894    0    0    0
      333         895  896  897    0    0    0
      334         898  899  900    0    0    0
      335         901  902  903    0    0    0
      336         904  905  906    0    0    0
      337         907  908  909    0    0    0
      338         910  911  912    0    0    0
      339         913  914  915    0    0    0
      340         916  917  918    0    0    0
      341         919  920  921    0    0    0
      342         922  923  924    0    0    0
      343         925  926  927    0    0    0
      344         928  929  930    0    0    0
      345         931  932  933    0    0    0
      346         934  935  936    0    0    0
      347         937  938  939    0    0    0
      348         940  941  942    0    0    0
      349         943  944  945    0    0    0
      350         946  947  948    0    0    0
      351         949  950  951    0    0    0
      352         952  953  954    0    0    0
      353         955  956  957    0    0    0
      354         958  959  960    0    0    0
      355         961  962  963    0    0    0
      356         964  965  966    0    0    0
      357         967  968  969    0    0    0
      358         970  971  972    0    0    0
      359         973  974  975    0    0    0
      360         976  977  978    0    0    0
      361         979  980  981    0    0    0
      362         982  983  984    0    0    0
      363         985  986  987    0    0    0
      364         988  989  990    0    0    0
      365         991  992  993    0    0    0
      366         994  995  996    0    0    0
      367         997  998  999    0    0    0
      368        1000 1001 1002    0    0    0
      369        1003 1004 1005    0    0    0
      370        1006 1007 1008    0    0    0
      371        1009 1010 1011    0    0    0
      372        1012 1013 1014    0    0    0
      373        1015 1016 1017    0    0    0
      374        1018 1019 1020    0    0    0
      375        1021 1022 1023    0    0    0
      376        1024 1025 1026    0    0    0
      377        1027 1028 1029    0    0    0
      378        1030 1031 1032    0    0    0
      379        1033 1034 1035    0    0    0
      380        1036 1037 1038    0    0    0
      381        1039 1040 1041    0    0    0
      382        1042 1043 1044    0    0    0
      383        1045 1046 1047    0    0    0
      384        1048 1049 1050    0    0    0
      385        1051 1052 1053    0    0    0
      386        1054 1055 1056    0    0    0
      387        1057 1058 1059    0    0    0
      388        1060 1061 1062    0    0    0
      389        1063 1064 1065    0    0    0
      390        1066 1067 1068    0    0    0
      391        1069 1070 1071    0    0    0
      392        1072 1073 1074    0    0    0
      393        1075 1076 1077    0    0    0
      394        1078 1079 1080    0    0    0
      395        1081 1082 1083    0    0    0
      396        1084 1085 1086    0    0    0
      397        1087 1088 1089    0    0    0
      398        1090 1091 1092    0    0    0
      399        1093 1094 1095    0    0    0
      400        1096 1097 1098    0    0    0
      401        1099 1100 1101    0    0    0
      402        1102 1103 1104    0    0    0
      403        1105 1106 1107    0    0    0
      404        1108 1109 1110    0    0    0
      405        1111 1112 1113    0    0    0
      406        1114 1115 1116    0    0    0
      407        1117 1118 1119    0    0    0
      408        1120 1121 1122    0    0    0
      409        1123 1124 1125    0    0    0
      410        1126 1127 1128    0    0    0
      411        1129 1130 1131    0    0    0
      412        1132 1133 1134    0    0    0
      413        1135 1136 1137    0    0    0
      414        1138 1139 1140    0    0    0
      415        1141 1142 1143    0    0    0
      416        1144 1145 1146    0    0    0
      417        1147 1148 1149    0    0    0
      418        1150 1151 1152    0    0    0
      419        1153 1154 1155    0    0    0
      420        1156 1157 1158    0    0    0
      421        1159 1160 1161    0    0    0
      422        1162 1163 1164    0    0    0
      423        1165 1166 1167    0    0    0
      424        1168 1169 1170    0    0    0
      425        1171 1172 1173    0    0    0
      426        1174 1175 1176    0    0    0
      427        1177 1178 1179    0    0    0
      428        1180 1181 1182    0    0    0
      429        1183 1184 1185    0    0    0
      430        1186 1187 1188    0    0    0
      431        1189 1190 1191    0    0    0
      432        1192 1193 1194    0    0    0
      433        1195 1196 1197    0    0    0
      434        1198 1199 1200    0    0    0
      435        1201 1202 1203    0    0    0
      436        1204 1205 1206    0    0    0
      437        1207 1208 1209    0    0    0
      438        1210 1211 1212    0    0    0
      439        1213 1214 1215    0    0    0
      440        1216 1217 1218    0    0    0
      441        1219 1220 1221    0    0    0
      442        1222 1223 1224    0    0    0
      443        1225 1226 1227    0    0    0
      444        1228 1229 1230    0    0    0
      445        1231 1232 1233    0    0    0
      446        1234 1235 1236    0    0    0
      447        1237 1238 1239    0    0    0
      448        1240 1241 1242    0    0    0
      449        1243 1244 1245    0    0    0
      450        1246 1247 1248    0    0    0
      451        1249 1250 1251    0    0    0
      452        1252 1253 1254    0    0    0
      453        1255 1256 1257    0    0    0
      454        1258 1259 1260    0    0    0
      455        1261 1262 1263    0    0    0
      456        1264 1265 1266    0    0    0
      457        1267 1268 1269    0    0    0
      458        1270 1271 1272    0    0    0
      459        1273 1274 1275    0    0    0
      460        1276 1277 1278    0    0    0
      461        1279 1280 1281    0    0    0
      462        1282 1283 1284    0    0    0
      463        1285 1286 1287    0    0    0
      464        1288 1289 1290    0    0    0
      465        1291 1292 1293    0    0    0
      466        1294 1295 1296    0    0    0
      467        1297 1298 1299    0    0    0
      468        1300 1301 1302    0    0    0
      469        1303 1304 1305    0    0    0
      470        1306 1307 1308    0    0    0
      471        1309 1310 1311    0    0    0
      472        1312 1313 1314    0    0    0
      473        1315 1316 1317    0    0    0
      474        1318 1319 1320    0    0    0
      475        1321 1322 1323    0    0    0
      476        1324 1325 1326    0    0    0
      477        1327 1328 1329    0    0    0
      478        1330 1331 1332    0    0    0
      479        1333 1334 1335    0    0    0
      480        1336 1337 1338    0    0    0
      481        1339 1340 1341    0    0    0
      482        1342 1343 1344    0    0    0
      483        1345 1346 1347    0    0    0
      484        1348 1349 1350    0    0    0
      485        1351 1352 1353    0    0    0
      486        1354 1355 1356    0    0    0
      487        1357 1358 1359    0    0    0
      488        1360 1361 1362    0    0    0
      489        1363 1364 1365    0    0    0
      490        1366 1367 1368    0    0    0
      491        1369 1370 1371    0    0    0
      492        1372 1373 1374    0    0    0
      493        1375 1376 1377    0    0    0
      494        1378 1379 1380    0    0    0
      495        1381 1382 1383    0    0    0
      496        1384 1385 1386    0    0    0
      497        1387 1388 1389    0    0    0
      498        1390 1391 1392    0    0    0
      499        1393 1394 1395    0    0    0
      500        1396 1397 1398    0    0    0
      501        1399 1400 1401    0    0    0
      502        1402 1403 1404    0    0    0
      503        1405 1406 1407    0    0    0
      504        1408 1409 1410    0    0    0
      505        1411 1412 1413    0    0    0
      506        1414 1415 1416    0    0    0
      507        1417 1418 1419    0    0    0
      508        1420 1421 1422    0    0    0
      509        1423 1424 1425    0    0    0
      510        1426 1427 1428    0    0    0
      511        1429 1430 1431    0    0    0
      512        1432 1433 1434    0    0    0
      513        1435 1436 1437    0    0    0
      514        1438 1439 1440    0    0    0
      515        1441 1442 1443    0    0    0
      516        1444 1445 1446    0    0    0
      517        1447 1448 1449    0    0    0
      518        1450 1451 1452    0    0    0
      519        1453 1454 1455    0    0    0
      520        1456 1457 1458    0    0    0
      521        1459 1460 1461    0    0    0
      522        1462 1463 1464    0    0    0
      523        1465 1466 1467    0    0    0
      524        1468 1469 1470    0    0    0
      525        1471 1472 1473    0    0    0
      526        1474 1475 1476    0    0    0
      527        1477 1478 1479    0    0    0
      528        1480 1481 1482    0    0    0
      529        1483 1484 1485    0    0    0
      530        1486 1487 1488    0    0    0
      531        1489 1490 1491    0    0    0
      532        1492 1493 1494    0    0    0
      533        1495 1496 1497    0    0    0
      534        1498 1499 1500    0    0    0
      535        1501 1502 1503    0    0    0
      536        1504 1505 1506    0    0    0
      537        1507 1508 1509    0    0    0
      538        1510 1511 1512    0    0    0
      539        1513 1514 1515    0    0    0
      540        1516 1517 1518    0    0    0
      541        1519 1520 1521    0    0    0
      542        1522 1523 1524    0    0    0
      543        1525 1526 1527    0    0    0
      544        1528 1529 1530    0    0    0
      545        1531 1532 1533    0    0    0
      546        1534 1535 1536    0    0    0
      547        1537 1538 1539    0    0    0
      548        1540 1541 1542    0    0    0
      549        1543 1544 1545    0    0    0
      550        1546 1547 1548    0    0    0
      551        1549 1550 1551    0    0    0
      552        1552 1553 1554    0    0    0
      553        1555 1556 1557    0    0    0
      554        1558 1559 1560    0    0    0
      555        1561 1562 1563    0    0    0
      556        1564 1565 1566    0    0    0
      557        1567 1568 1569    0    0    0
      558        1570 1571 1572    0    0    0
      559        1573 1574 1575    0    0    0
      560        1576 1577 1578    0    0    0
      561        1579 1580 1581    0    0    0
      562        1582 1583 1584    0    0    0
      563        1585 1586 1587    0    0    0
      564        1588 1589 1590    0    0    0
      565        1591 1592 1593    0    0    0
      566        1594 1595 1596    0    0    0
      567        1597 1598 1599    0    0    0
      568        1600 1601 1602    0    0    0
      569        1603 1604 1605    0    0    0
      570        1606 1607 1608    0    0    0
      571        1609 1610 1611    0    0    0
      572        1612 1613 1614    0    0    0
      573        1615 1616 1617    0    0    0
      574        1618 1619 1620    0    0    0
      575        1621 1622 1623    0    0    0
      576        1624 1625 1626    0    0    0
      577        1627 1628 1629    0    0    0
      578        1630 1631 1632    0    0    0
      579        1633 1634 1635    0    0    0
      580        1636 1637 1638    0    0    0
      581        1639 1640 1641    0    0    0
      582        1642 1643 1644    0    0    0
      583        1645 1646 1647    0    0    0
      584        1648 1649 1650    0    0    0
      585        1651 1652 1653    0    0    0
      586        1654 1655 1656    0    0    0
      587        1657 1658 1659    0    0    0
      588        1660 1661 1662    0    0    0
      589        1663 1664 1665    0    0    0
      590        1666 1667 1668    0    0    0
      591        1669 1670 1671    0    0    0
      592        1672 1673 1674    0    0    0
      593        1675 1676 1677    0    0    0
      594        1678 1679 1680    0    0    0
      595        1681 1682 1683    0    0    0
      596        1684 1685 1686    0    0    0
      597        1687 1688 1689    0    0    0
      598        1690 1691 1692    0    0    0
      599        1693 1694 1695    0    0    0
      600        1696 1697 1698    0    0    0
      601        1699 1700 1701    0    0    0
      602        1702 1703 1704    0    0    0
      603        1705 1706 1707    0    0    0
      604        1708 1709 1710    0    0    0
      605        1711 1712 1713    0    0    0
      606        1714 1715 1716    0    0    0
      607        1717 1718 1719    0    0    0
      608        1720 1721 1722    0    0    0
      609        1723 1724 1725    0    0    0
      610        1726 1727 1728    0    0    0
      611        1729 1730 1731    0    0    0
      612        1732 1733 1734    0    0    0
      613        1735 1736 1737    0    0    0
      614        1738 1739 1740    0    0    0
      615        1741 1742 1743    0    0    0
      616        1744 1745 1746    0    0    0
      617        1747 1748 1749    0    0    0
      618        1750 1751 1752    0    0    0
      619        1753 1754 1755    0    0    0
      620        1756 1757 1758    0    0    0
      621        1759 1760 1761    0    0    0
      622        1762 1763 1764    0    0    0
      623        1765 1766 1767    0    0    0
      624        1768 1769 1770    0    0    0
      625        1771 1772 1773    0    0    0
      626        1774 1775 1776    0    0    0
      627        1777 1778 1779    0    0    0
      628        1780 1781 1782    0    0    0
      629        1783 1784 1785    0    0    0
      630        1786 1787 1788    0    0    0
      631        1789 1790 1791    0    0    0
      632        1792 1793 1794    0    0    0
      633        1795 1796 1797    0    0    0
      634        1798 1799 1800    0    0    0
      635        1801 1802 1803    0    0    0
      636        1804 1805 1806    0    0    0
      637        1807 1808 1809    0    0    0
      638        1810 1811 1812    0    0    0
      639        1813 1814 1815    0    0    0
      640        1816 1817 1818    0    0    0
      641        1819 1820 1821    0    0    0
      642        1822 1823 1824    0    0    0
      643        1825 1826 1827    0    0    0
      644        1828 1829 1830    0    0    0
      645        1831 1832 1833    0    0    0
      646        1834 1835 1836    0    0    0
      647        1837 1838 1839    0    0    0
      648        1840 1841 1842    0    0    0
      649        1843 1844 1845    0    0    0
      650        1846 1847 1848    0    0    0
      651        1849 1850 1851    0    0    0
      652        1852 1853 1854    0    0    0
      653        1855 1856 1857    0    0    0
      654        1858 1859 1860    0    0    0
      655        1861 1862 1863    0    0    0
      656        1864 1865 1866    0    0    0
      657        1867 1868 1869    0    0    0
      658        1870 1871 1872    0    0    0
      659        1873 1874 1875    0    0    0
      660        1876 1877 1878    0    0    0
      661        1879 1880 1881    0    0    0
      662        1882 1883 1884    0    0    0
      663        1885 1886 1887    0    0    0
      664        1888 1889 1890    0    0    0
      665        1891 1892 1893    0    0    0
      666        1894 1895 1896    0    0    0
      667        1897 1898 1899    0    0    0
      668        1900 1901 1902    0    0    0
      669        1903 1904 1905    0    0    0
      670        1906 1907 1908    0    0    0
      671        1909 1910 1911    0    0    0
      672        1912 1913 1914    0    0    0
      673        1915 1916 1917    0    0    0
      674        1918 1919 1920    0    0    0
      675        1921 1922 1923    0    0    0
      676        1924 1925 1926    0    0    0
      677        1927 1928 1929    0    0    0
      678        1930 1931 1932    0    0    0
      679        1933 1934 1935    0    0    0
      680        1936 1937 1938    0    0    0
      681        1939 1940 1941    0    0    0
      682        1942 1943 1944    0    0    0
      683        1945 1946 1947    0    0    0
      684        1948 1949 1950    0    0    0
      685        1951 1952 1953    0    0    0
      686        1954 1955 1956    0    0    0
      687        1957 1958 1959    0    0    0
      688        1960 1961 1962    0    0    0
      689        1963 1964 1965    0    0    0
      690        1966 1967 1968    0    0    0
      691        1969 1970 1971    0    0    0
      692        1972 1973 1974    0    0    0
      693        1975 1976 1977    0    0    0
      694        1978 1979 1980    0    0    0
      695        1981 1982 1983    0    0    0
      696        1984 1985 1986    0    0    0
      697        1987 1988 1989    0    0    0
      698        1990 1991 1992    0    0    0
      699        1993 1994 1995    0    0    0
      700        1996 1997 1998    0    0    0
      701        1999 2000 2001    0    0    0
      702        2002 2003 2004    0    0    0
      703        2005 2006 2007    0    0    0
      704        2008 2009 2010    0    0    0
      705        2011 2012 2013    0    0    0
      706        2014 2015 2016    0    0    0
      707        2017 2018 2019    0    0    0
      708        2020 2021 2022    0    0    0
      709        2023 2024 2025    0    0    0
      710        2026 2027 2028    0    0    0
      711        2029 2030 2031    0    0    0
      712        2032 2033 2034    0    0    0
      713        2035 2036 2037    0    0    0
      714        2038 2039 2040    0    0    0
      715        2041 2042 2043    0    0    0
      716        2044 2045 2046    0    0    0
      717        2047 2048 2049    0    0    0
      718        2050 2051 2052    0    0    0
      719        2053 2054 2055    0    0    0
      720        2056 2057 2058    0    0    0
      721        2059 2060 2061    0    0    0
      722        2062 2063 2064    0    0    0
      723        2065 2066 2067    0    0    0
      724        2068 2069 2070    0    0    0
      725        2071 2072 2073    0    0    0
      726        2074 2075 2076    0    0    0
      727        2077 2078 2079    0    0    0
      728        2080 2081 2082    0    0    0
      729        2083 2084 2085    0    0    0
      730        2086 2087 2088    0    0    0
      731        2089 2090 2091    0    0    0
      732        2092 2093 2094    0    0    0
      733        2095 2096 2097    0    0    0
      734        2098 2099 2100    0    0    0
      735        2101 2102 2103    0    0    0
      736        2104 2105 2106    0    0    0
      737        2107 2108 2109    0    0    0
      738        2110 2111 2112    0    0    0
      739        2113 2114 2115    0    0    0
      740        2116 2117 2118    0    0    0
      741        2119 2120 2121    0    0    0
      742        2122 2123 2124    0    0    0
      743        2125 2126 2127    0    0    0
      744        2128 2129 2130    0    0    0
      745        2131 2132 2133    0    0    0
      746        2134 2135 2136    0    0    0
      747        2137 2138 2139    0    0    0
      748        2140 2141 2142    0    0    0
      749        2143 2144 2145    0    0    0
      750        2146 2147 2148    0    0    0
      751        2149 2150 2151    0    0    0
      752        2152 2153 2154    0    0    0
      753        2155 2156 2157    0    0    0
      754        2158 2159 2160    0    0    0
      755        2161 2162 2163    0    0    0
      756        2164 2165 2166    0    0    0
      757        2167 2168 2169    0    0    0
      758        2170 2171 2172    0    0    0
      759        2173 2174 2175    0    0    0
      760        2176 2177 2178    0    0    0
      761        2179 2180 2181    0    0    0
      762        2182 2183 2184    0    0    0
      763        2185 2186 2187    0    0    0
      764        2188 2189 2190    0    0    0
      765        2191 2192 2193    0    0    0
      766        2194 2195 2196    0    0    0
      767        2197 2198 2199    0    0    0
      768        2200 2201 2202    0    0    0
      769        2203 2204 2205    0    0    0
      770        2206 2207 2208    0    0    0
      771        2209 2210 2211    0    0    0
      772        2212 2213 2214    0    0    0
      773        2215 2216 2217    0    0    0
      774        2218 2219 2220    0    0    0
      775        2221 2222 2223    0    0    0
      776        2224 2225 2226    0    0    0
      777        2227 2228 2229    0    0    0
      778        2230 2231 2232    0    0    0
      779        2233 2234 2235    0    0    0
      780        2236 2237 2238    0    0    0
      781        2239 2240 2241    0    0    0
      782        2242 2243 2244    0    0    0
      783        2245 2246 2247    0    0    0
      784        2248 2249 2250    0    0    0
      785        2251 2252 2253    0    0    0
      786        2254 2255 2256    0    0    0
      787        2257 2258 2259    0    0    0
      788        2260 2261 2262    0    0    0
      789        2263 2264 2265    0    0    0
      790        2266 2267 2268    0    0    0
      791        2269 2270 2271    0    0    0
      792        2272 2273 2274    0    0    0
      793        2275 2276 2277    0    0    0
      794        2278 2279 2280    0    0    0
      795        2281 2282 2283    0    0    0
      796        2284 2285 2286    0    0    0
      797        2287 2288 2289    0    0    0
      798        2290 2291 2292    0    0    0
      799        2293 2294 2295    0    0    0
      800        2296 2297 2298    0    0    0
      801        2299 2300 2301    0    0    0
      802        2302 2303 2304    0    0    0
      803        2305 2306 2307    0    0    0
      804        2308 2309 2310    0    0    0
      805        2311 2312 2313    0    0    0
      806        2314 2315 2316    0    0    0
      807        2317 2318 2319    0    0    0
      808        2320 2321 2322    0    0    0
      809        2323 2324 2325    0    0    0
      810        2326 2327 2328    0    0    0
      811        2329 2330 2331    0    0    0
      812        2332 2333 2334    0    0    0
      813        2335 2336 2337    0    0    0
      814        2338 2339 2340    0    0    0
      815        2341 2342 2343    0    0    0
      816        2344 2345 2346    0    0    0
      817        2347 2348 2349    0    0    0
      818        2350 2351 2352    0    0    0
      819        2353 2354 2355    0    0    0
      820        2356 2357 2358    0    0    0
      821        2359 2360 2361    0    0    0
      822        2362 2363 2364    0    0    0
      823        2365 2366 2367    0    0    0
      824        2368 2369 2370    0    0    0
      825        2371 2372 2373    0    0    0
      826        2374 2375 2376    0    0    0
      827        2377 2378 2379    0    0    0
      828        2380 2381 2382    0    0    0
      829        2383 2384 2385    0    0    0
      830        2386 2387 2388    0    0    0
      831        2389 2390 2391    0    0    0
      832        2392 2393 2394    0    0    0
      833        2395 2396 2397    0    0    0
      834        2398 2399 2400    0    0    0
      835        2401 2402 2403    0    0    0
      836        2404 2405 2406    0    0    0
      837        2407 2408 2409    0    0    0
      838        2410 2411 2412    0    0    0
      839        2413 2414 2415    0    0    0
      840        2416 2417 2418    0    0    0
      841        2419 2420 2421    0    0    0
      842        2422 2423 2424    0    0    0
      843        2425 2426 2427    0    0    0
      844        2428 2429 2430    0    0    0
      845        2431 2432 2433    0    0    0
      846        2434 2435 2436    0    0    0
      847        2437 2438 2439    0    0    0
      848        2440 2441 2442    0    0    0
      849        2443 2444 2445    0    0    0
      850        2446 2447 2448    0    0    0
      851        2449 2450 2451    0    0    0
      852        2452 2453 2454    0    0    0
      853        2455 2456 2457    0    0    0
      854        2458 2459 2460    0    0    0
      855        2461 2462 2463    0    0    0
      856        2464 2465 2466    0    0    0
      857        2467 2468 2469    0    0    0
      858        2470 2471 2472    0    0    0
      859        2473 2474 2475    0    0    0
      860        2476 2477 2478    0    0    0
      861        2479 2480 2481    0    0    0
      862        2482 2483 2484    0    0    0
      863        2485 2486 2487    0    0    0
      864        2488 2489 2490    0    0    0
      865        2491 2492 2493    0    0    0
      866        2494 2495 2496    0    0    0
      867        2497 2498 2499    0    0    0
      868        2500 2501 2502    0    0    0
      869        2503 2504 2505    0    0    0
      870        2506 2507 2508    0    0    0
      871        2509 2510 2511    0    0    0
      872        2512 2513 2514    0    0    0
      873        2515 2516 2517    0    0    0
      874        2518 2519 2520    0    0    0
      875        2521 2522 2523    0    0    0
      876        2524 2525 2526    0    0    0
      877        2527 2528 2529    0    0    0
      878        2530 2531 2532    0    0    0
      879        2533 2534 2535    0    0    0
      880        2536 2537 2538    0    0    0
      881        2539 2540 2541    0    0    0
      882        2542 2543 2544    0    0    0
      883        2545 2546 2547    0    0    0
      884        2548 2549 2550    0    0    0
      885        2551 2552 2553    0    0    0
      886        2554 2555 2556    0    0    0
      887        2557 2558 2559    0    0    0
      888        2560 2561 2562    0    0    0
      889        2563 2564 2565    0    0    0
      890        2566 2567 2568    0    0    0
      891        2569 2570 2571    0    0    0
      892        2572 2573 2574    0    0    0
      893        2575 2576 2577    0    0    0
      894        2578 2579 2580    0    0    0
      895        2581 2582 2583    0    0    0
      896        2584 2585 2586    0    0    0
      897        2587 2588 2589    0    0    0
      898        2590 2591 2592    0    0    0
      899        2593 2594 2595    0    0    0
      900        2596 2597 2598    0    0    0
      901        2599 2600 2601    0    0    0
      902        2602 2603 2604    0    0    0
      903        2605 2606 2607    0    0    0
      904        2608 2609 2610    0    0    0
      905        2611 2612 2613    0    0    0
      906        2614 2615 2616    0    0    0
      907        2617 2618 2619    0    0    0
      908        2620 2621 2622    0    0    0
      909        2623 2624 2625    0    0    0
      910        2626 2627 2628    0    0    0
      911        2629 2630 2631    0    0    0
      912        2632 2633 2634    0    0    0
      913        2635 2636 2637    0    0    0
      914        2638 2639 2640    0    0    0
      915        2641 2642 2643    0    0    0
      916        2644 2645 2646    0    0    0
      917        2647 2648 2649    0    0    0
      918        2650 2651 2652    0    0    0
      919        2653 2654 2655    0    0    0
      920        2656 2657 2658    0    0    0
      921        2659 2660 2661    0    0    0
      922        2662 2663 2664    0    0    0
      923        2665 2666 2667    0    0    0
      924        2668 2669 2670    0    0    0
      925        2671 2672 2673    0    0    0
      926        2674 2675 2676    0    0    0
      927        2677 2678 2679    0    0    0
      928        2680 2681 2682    0    0    0
      929        2683 2684 2685    0    0    0
      930        2686 2687 2688    0    0    0
      931        2689 2690 2691    0    0    0
      932        2692 2693 2694    0    0    0
      933        2695 2696 2697    0    0    0
      934        2698 2699 2700    0    0    0
      935        2701 2702 2703    0    0    0
      936        2704 2705 2706    0    0    0
      937        2707 2708 2709    0    0    0
      938        2710 2711 2712    0    0    0
      939        2713 2714 2715    0    0    0
      940        2716 2717 2718    0    0    0
      941        2719 2720 2721    0    0    0
      942        2722 2723 2724    0    0    0
      943        2725 2726 2727    0    0    0
      944        2728 2729 2730    0    0    0
      945        2731 2732 2733    0    0    0
      946        2734 2735 2736    0    0    0
      947        2737 2738 2739    0    0    0
      948        2740 2741 2742    0    0    0
      949        2743 2744 2745    0    0    0
      950        2746 2747 2748    0    0    0
      951        2749 2750 2751    0    0    0
      952        2752 2753 2754    0    0    0
      953        2755 2756 2757    0    0    0
      954        2758 2759 2760    0    0    0
      955        2761 2762 2763    0    0    0
      956        2764 2765 2766    0    0    0
      957        2767 2768 2769    0    0    0
      958        2770 2771 2772    0    0    0
      959        2773 2774 2775    0    0    0
      960        2776 2777 2778    0    0    0
      961        2779 2780 2781    0    0    0
      962        2782 2783 2784    0    0    0
      963        2785 2786 2787    0    0    0
      964        2788 2789 2790    0    0    0
      965        2791 2792 2793    0    0    0
      966        2794 2795 2796    0    0    0
      967        2797 2798 2799    0    0    0
      968        2800 2801 2802    0    0    0
      969        2803 2804 2805    0    0    0
      970        2806 2807 2808    0    0    0
      971        2809 2810 2811    0    0    0
      972        2812 2813 2814    0    0    0
      973        2815 2816 2817    0    0    0
      974        2818 2819 2820    0    0    0
      975        2821 2822 2823    0    0    0
      976        2824 2825 2826    0    0    0
      977        2827 2828 2829    0    0    0
      978        2830 2831 2832    0    0    0
      979        2833 2834 2835    0    0    0
      980        2836 2837 2838    0    0    0
      981        2839 2840 2841    0    0    0
      982        2842 2843 2844    0    0    0
      983        2845 2846 2847    0    0    0
      984        2848 2849 2850    0    0    0
      985        2851 2852 2853    0    0    0
      986        2854 2855 2856    0    0    0
      987        2857 2858 2859    0    0    0
      988        2860 2861 2862    0    0    0
      989        2863 2864 2865    0    0    0
      990        2866 2867 2868    0    0    0
      991        2869 2870 2871    0    0    0
      992        2872 2873 2874    0    0    0
      993        2875 2876 2877    0    0    0
      994        2878 2879 2880    0    0    0
      995        2881 2882 2883    0    0    0
      996        2884 2885 2886    0    0    0
      997        2887 2888 2889    0    0    0
      998        2890 2891 2892    0    0    0
      999        2893 2894 2895    0    0    0
     1000        2896 2897 2898    0    0    0
     1001        2899 2900 2901    0    0    0
     1002        2902 2903 2904    0    0    0
     1003        2905 2906 2907    0    0    0
     1004        2908 2909 2910    0    0    0
     1005        2911 2912 2913    0    0    0
     1006        2914 2915 2916    0    0    0
     1007        2917 2918 2919    0    0    0
     1008        2920 2921 2922    0    0    0
     1009        2923 2924 2925    0    0    0
     1010        2926 2927 2928    0    0    0
     1011        2929 2930 2931    0    0    0
     1012        2932 2933 2934    0    0    0
     1013        2935 2936 2937    0    0    0
     1014        2938 2939 2940    0    0    0
     1015        2941 2942 2943    0    0    0
     1016        2944 2945 2946    0    0    0
     1017        2947 2948 2949    0    0    0
     1018        2950 2951 2952    0    0    0
     1019        2953 2954 2955    0    0    0
     1020        2956 2957 2958    0    0    0
     1021        2959 2960 2961    0    0    0
     1022        2962 2963 2964    0    0    0
     1023        2965 2966 2967    0    0    0
     1024        2968 2969 2970    0    0    0
     1025        2971 2972 2973    0    0    0
     1026        2974 2975 2976    0    0    0
     1027        2977 2978 2979    0    0    0
     1028        2980 2981 2982    0    0    0
     1029        2983 2984 2985    0    0    0
     1030        2986 2987 2988    0    0    0
     1031        2989 2990 2991    0    0    0
     1032        2992 2993 2994    0    0    0
     1033        2995 2996 2997    0    0    0
     1034        2998 2999 3000    0    0    0
     1035        3001 3002 3003    0    0    0
     1036        3004 3005 3006    0    0    0
     1037        3007 3008 3009    0    0    0
     1038        3010 3011 3012    0    0    0
     1039        3013 3014 3015    0    0    0
     1040        3016 3017 3018    0    0    0
     1041        3019 3020 3021    0    0    0
     1042        3022 3023 3024    0    0    0
     1043        3025 3026 3027    0    0    0
     1044        3028 3029 3030    0    0    0
     1045        3031 3032 3033    0    0    0
     1046        3034 3035 3036    0    0    0
     1047        3037 3038 3039    0    0    0
     1048        3040 3041 3042    0    0    0
     1049        3043 3044 3045    0    0    0
     1050        3046 3047 3048    0    0    0
     1051        3049 3050 3051    0    0    0
     1052        3052 3053 3054    0    0    0
     1053        3055 3056 3057    0    0    0
     1054        3058 3059 3060    0    0    0
     1055        3061 3062 3063    0    0    0
     1056        3064 3065 3066    0    0    0
     1057        3067 3068 3069    0    0    0
     1058        3070 3071 3072    0    0    0
     1059        3073 3074 3075    0    0    0
     1060        3076 3077 3078    0    0    0
     1061        3079 3080 3081    0    0    0
     1062        3082 3083 3084    0    0    0
     1063        3085 3086 3087    0    0    0
     1064        3088 3089 3090    0    0    0
     1065        3091 3092 3093    0    0    0
     1066        3094 3095 3096    0    0    0
     1067        3097 3098 3099    0    0    0
     1068        3100 3101 3102    0    0    0
     1069        3103 3104 3105    0    0    0
     1070        3106 3107 3108    0    0    0
     1071        3109 3110 3111    0    0    0
     1072        3112 3113 3114    0    0    0
     1073        3115 3116 3117    0    0    0
     1074        3118 3119 3120    0    0    0
     1075        3121 3122 3123    0    0    0
     1076        3124 3125 3126    0    0    0
     1077        3127 3128 3129    0    0    0
     1078        3130 3131 3132    0    0    0
     1079        3133 3134 3135    0    0    0
     1080        3136 3137 3138    0    0    0
     1081        3139 3140 3141    0    0    0
     1082        3142 3143 3144    0    0    0
     1083        3145 3146 3147    0    0    0
     1084        3148 3149 3150    0    0    0
     1085        3151 3152 3153    0    0    0
     1086        3154 3155 3156    0    0    0
     1087        3157 3158 3159    0    0    0
     1088        3160 3161 3162    0    0    0
     1089        3163 3164 3165    0    0    0
     1090        3166 3167 3168    0    0    0
     1091        3169 3170 3171    0    0    0
     1092        3172 3173 3174    0    0    0
     1093        3175 3176 3177    0    0    0
     1094        3178 3179 3180    0    0    0
     1095        3181 3182 3183    0    0    0
     1096        3184 3185 3186    0    0    0
     1097        3187 3188 3189    0    0    0
     1098        3190 3191 3192    0    0    0
     1099        3193 3194 3195    0    0    0
     1100        3196 3197 3198    0    0    0
     1101        3199 3200 3201    0    0    0
     1102        3202 3203 3204    0    0    0
     1103        3205 3206 3207    0    0    0
     1104        3208 3209 3210    0    0    0
     1105        3211 3212 3213    0    0    0
     1106        3214 3215 3216    0    0    0
     1107        3217 3218 3219    0    0    0
     1108        3220 3221 3222    0    0    0
     1109        3223 3224 3225    0    0    0
     1110        3226 3227 3228    0    0    0
     1111        3229 3230 3231    0    0    0
     1112        3232 3233 3234    0    0    0
     1113        3235 3236 3237    0    0    0
     1114        3238 3239 3240    0    0    0
     1115        3241 3242 3243    0    0    0
     1116        3244 3245 3246    0    0    0
     1117        3247 3248 3249    0    0    0
     1118        3250 3251 3252    0    0    0
     1119        3253 3254 3255    0    0    0
     1120        3256 3257 3258    0    0    0
     1121        3259 3260 3261    0    0    0
     1122        3262 3263 3264    0    0    0

 E L E M E N T   G R O U P   D A T A


 E L E M E N T   D E F I N I T I O N

 ELEMENT TYPE  . . . . . . . . . . . . .( NPAR(1) ) . . =    5
     EQ.1, TRUSS ELEMENTS
     EQ.2, FOUR-NODE PLANE ELEMENTS (FULL INTEGRATION)
     EQ.3, FOUR-NODE PLANE ELEMENTS (REDUCED INTEGRATION)
     EQ.4, THREE-NODE TRIANGULAR PLANE ELEMENTS (CST)
     EQ.5, EIGHT-NODE HEXAHEDRAL ELEMENTS
     EQ.6, TWO-NODE BEAM ELEMENTS
     EQ.7, FOUR-NODE PLATE BENDING ELEMENTS
     EQ.9, TWO-NODE 3D EULER-BERNOULLI BEAM ELEMENTS
     EQ.10, FOUR-NODE FLAT SHELL ELEMENTS
     EQ.11, TWO-NODE 3D TIMOSHENKO BEAM ELEMENTS
     EQ.12, EIGHT-NODE REDUCED-INTEGRATION HEXAHEDRAL ELEMENTS
     EQ.14, PIER-LOCAL REDUCED-INTEGRATION HEXAHEDRAL ELEMENTS

 NUMBER OF ELEMENTS. . . . . . . . . . .( NPAR(2) ) . . =  512

 M A T E R I A L   D E F I N I T I O N

 NUMBER OF DIFFERENT SETS OF MATERIAL
 AND SECTION CONSTANTS  . . . . . . .( NPAR(3) ) . . =    1

  SET       YOUNG'S     POISSON'S
 NUMBER     MODULUS       RATIO
               E            Nu
    1     2.00000e+11     3.00000e-01


 E L E M E N T   I N F O R M A T I O N
 ELEMENT      N1        N2        N3        N4
 NUMBER-N     N5        N6        N7        N8       MATERIAL
                                                      SET NUMBER
    1        1       35       37        3        2       36       38        4           1
    2        3       37       39        5        4       38       40        6           1
    3        5       39       41        7        6       40       42        8           1
    4        7       41       43        9        8       42       44       10           1
    5        9       43       45       11       10       44       46       12           1
    6       11       45       47       13       12       46       48       14           1
    7       13       47       49       15       14       48       50       16           1
    8       15       49       51       17       16       50       52       18           1
    9       17       51       53       19       18       52       54       20           1
   10       19       53       55       21       20       54       56       22           1
   11       21       55       57       23       22       56       58       24           1
   12       23       57       59       25       24       58       60       26           1
   13       25       59       61       27       26       60       62       28           1
   14       27       61       63       29       28       62       64       30           1
   15       29       63       65       31       30       64       66       32           1
   16       31       65       67       33       32       66       68       34           1
   17       35       69       71       37       36       70       72       38           1
   18       37       71       73       39       38       72       74       40           1
   19       39       73       75       41       40       74       76       42           1
   20       41       75       77       43       42       76       78       44           1
   21       43       77       79       45       44       78       80       46           1
   22       45       79       81       47       46       80       82       48           1
   23       47       81       83       49       48       82       84       50           1
   24       49       83       85       51       50       84       86       52           1
   25       51       85       87       53       52       86       88       54           1
   26       53       87       89       55       54       88       90       56           1
   27       55       89       91       57       56       90       92       58           1
   28       57       91       93       59       58       92       94       60           1
   29       59       93       95       61       60       94       96       62           1
   30       61       95       97       63       62       96       98       64           1
   31       63       97       99       65       64       98      100       66           1
   32       65       99      101       67       66      100      102       68           1
   33       69      103      105       71       70      104      106       72           1
   34       71      105      107       73       72      106      108       74           1
   35       73      107      109       75       74      108      110       76           1
   36       75      109      111       77       76      110      112       78           1
   37       77      111      113       79       78      112      114       80           1
   38       79      113      115       81       80      114      116       82           1
   39       81      115      117       83       82      116      118       84           1
   40       83      117      119       85       84      118      120       86           1
   41       85      119      121       87       86      120      122       88           1
   42       87      121      123       89       88      122      124       90           1
   43       89      123      125       91       90      124      126       92           1
   44       91      125      127       93       92      126      128       94           1
   45       93      127      129       95       94      128      130       96           1
   46       95      129      131       97       96      130      132       98           1
   47       97      131      133       99       98      132      134      100           1
   48       99      133      135      101      100      134      136      102           1
   49      103      137      139      105      104      138      140      106           1
   50      105      139      141      107      106      140      142      108           1
   51      107      141      143      109      108      142      144      110           1
   52      109      143      145      111      110      144      146      112           1
   53      111      145      147      113      112      146      148      114           1
   54      113      147      149      115      114      148      150      116           1
   55      115      149      151      117      116      150      152      118           1
   56      117      151      153      119      118      152      154      120           1
   57      119      153      155      121      120      154      156      122           1
   58      121      155      157      123      122      156      158      124           1
   59      123      157      159      125      124      158      160      126           1
   60      125      159      161      127      126      160      162      128           1
   61      127      161      163      129      128      162      164      130           1
   62      129      163      165      131      130      164      166      132           1
   63      131      165      167      133      132      166      168      134           1
   64      133      167      169      135      134      168      170      136           1
   65      137      171      173      139      138      172      174      140           1
   66      139      173      175      141      140      174      176      142           1
   67      141      175      177      143      142      176      178      144           1
   68      143      177      179      145      144      178      180      146           1
   69      145      179      181      147      146      180      182      148           1
   70      147      181      183      149      148      182      184      150           1
   71      149      183      185      151      150      184      186      152           1
   72      151      185      187      153      152      186      188      154           1
   73      153      187      189      155      154      188      190      156           1
   74      155      189      191      157      156      190      192      158           1
   75      157      191      193      159      158      192      194      160           1
   76      159      193      195      161      160      194      196      162           1
   77      161      195      197      163      162      196      198      164           1
   78      163      197      199      165      164      198      200      166           1
   79      165      199      201      167      166      200      202      168           1
   80      167      201      203      169      168      202      204      170           1
   81      171      205      207      173      172      206      208      174           1
   82      173      207      209      175      174      208      210      176           1
   83      175      209      211      177      176      210      212      178           1
   84      177      211      213      179      178      212      214      180           1
   85      179      213      215      181      180      214      216      182           1
   86      181      215      217      183      182      216      218      184           1
   87      183      217      219      185      184      218      220      186           1
   88      185      219      221      187      186      220      222      188           1
   89      187      221      223      189      188      222      224      190           1
   90      189      223      225      191      190      224      226      192           1
   91      191      225      227      193      192      226      228      194           1
   92      193      227      229      195      194      228      230      196           1
   93      195      229      231      197      196      230      232      198           1
   94      197      231      233      199      198      232      234      200           1
   95      199      233      235      201      200      234      236      202           1
   96      201      235      237      203      202      236      238      204           1
   97      205      239      241      207      206      240      242      208           1
   98      207      241      243      209      208      242      244      210           1
   99      209      243      245      211      210      244      246      212           1
  100      211      245      247      213      212      246      248      214           1
  101      213      247      249      215      214      248      250      216           1
  102      215      249      251      217      216      250      252      218           1
  103      217      251      253      219      218      252      254      220           1
  104      219      253      255      221      220      254      256      222           1
  105      221      255      257      223      222      256      258      224           1
  106      223      257      259      225      224      258      260      226           1
  107      225      259      261      227      226      260      262      228           1
  108      227      261      263      229      228      262      264      230           1
  109      229      263      265      231      230      264      266      232           1
  110      231      265      267      233      232      266      268      234           1
  111      233      267      269      235      234      268      270      236           1
  112      235      269      271      237      236      270      272      238           1
  113      239      273      275      241      240      274      276      242           1
  114      241      275      277      243      242      276      278      244           1
  115      243      277      279      245      244      278      280      246           1
  116      245      279      281      247      246      280      282      248           1
  117      247      281      283      249      248      282      284      250           1
  118      249      283      285      251      250      284      286      252           1
  119      251      285      287      253      252      286      288      254           1
  120      253      287      289      255      254      288      290      256           1
  121      255      289      291      257      256      290      292      258           1
  122      257      291      293      259      258      292      294      260           1
  123      259      293      295      261      260      294      296      262           1
  124      261      295      297      263      262      296      298      264           1
  125      263      297      299      265      264      298      300      266           1
  126      265      299      301      267      266      300      302      268           1
  127      267      301      303      269      268      302      304      270           1
  128      269      303      305      271      270      304      306      272           1
  129      273      307      309      275      274      308      310      276           1
  130      275      309      311      277      276      310      312      278           1
  131      277      311      313      279      278      312      314      280           1
  132      279      313      315      281      280      314      316      282           1
  133      281      315      317      283      282      316      318      284           1
  134      283      317      319      285      284      318      320      286           1
  135      285      319      321      287      286      320      322      288           1
  136      287      321      323      289      288      322      324      290           1
  137      289      323      325      291      290      324      326      292           1
  138      291      325      327      293      292      326      328      294           1
  139      293      327      329      295      294      328      330      296           1
  140      295      329      331      297      296      330      332      298           1
  141      297      331      333      299      298      332      334      300           1
  142      299      333      335      301      300      334      336      302           1
  143      301      335      337      303      302      336      338      304           1
  144      303      337      339      305      304      338      340      306           1
  145      307      341      343      309      308      342      344      310           1
  146      309      343      345      311      310      344      346      312           1
  147      311      345      347      313      312      346      348      314           1
  148      313      347      349      315      314      348      350      316           1
  149      315      349      351      317      316      350      352      318           1
  150      317      351      353      319      318      352      354      320           1
  151      319      353      355      321      320      354      356      322           1
  152      321      355      357      323      322      356      358      324           1
  153      323      357      359      325      324      358      360      326           1
  154      325      359      361      327      326      360      362      328           1
  155      327      361      363      329      328      362      364      330           1
  156      329      363      365      331      330      364      366      332           1
  157      331      365      367      333      332      366      368      334           1
  158      333      367      369      335      334      368      370      336           1
  159      335      369      371      337      336      370      372      338           1
  160      337      371      373      339      338      372      374      340           1
  161      341      375      377      343      342      376      378      344           1
  162      343      377      379      345      344      378      380      346           1
  163      345      379      381      347      346      380      382      348           1
  164      347      381      383      349      348      382      384      350           1
  165      349      383      385      351      350      384      386      352           1
  166      351      385      387      353      352      386      388      354           1
  167      353      387      389      355      354      388      390      356           1
  168      355      389      391      357      356      390      392      358           1
  169      357      391      393      359      358      392      394      360           1
  170      359      393      395      361      360      394      396      362           1
  171      361      395      397      363      362      396      398      364           1
  172      363      397      399      365      364      398      400      366           1
  173      365      399      401      367      366      400      402      368           1
  174      367      401      403      369      368      402      404      370           1
  175      369      403      405      371      370      404      406      372           1
  176      371      405      407      373      372      406      408      374           1
  177      375      409      411      377      376      410      412      378           1
  178      377      411      413      379      378      412      414      380           1
  179      379      413      415      381      380      414      416      382           1
  180      381      415      417      383      382      416      418      384           1
  181      383      417      419      385      384      418      420      386           1
  182      385      419      421      387      386      420      422      388           1
  183      387      421      423      389      388      422      424      390           1
  184      389      423      425      391      390      424      426      392           1
  185      391      425      427      393      392      426      428      394           1
  186      393      427      429      395      394      428      430      396           1
  187      395      429      431      397      396      430      432      398           1
  188      397      431      433      399      398      432      434      400           1
  189      399      433      435      401      400      434      436      402           1
  190      401      435      437      403      402      436      438      404           1
  191      403      437      439      405      404      438      440      406           1
  192      405      439      441      407      406      440      442      408           1
  193      409      443      445      411      410      444      446      412           1
  194      411      445      447      413      412      446      448      414           1
  195      413      447      449      415      414      448      450      416           1
  196      415      449      451      417      416      450      452      418           1
  197      417      451      453      419      418      452      454      420           1
  198      419      453      455      421      420      454      456      422           1
  199      421      455      457      423      422      456      458      424           1
  200      423      457      459      425      424      458      460      426           1
  201      425      459      461      427      426      460      462      428           1
  202      427      461      463      429      428      462      464      430           1
  203      429      463      465      431      430      464      466      432           1
  204      431      465      467      433      432      466      468      434           1
  205      433      467      469      435      434      468      470      436           1
  206      435      469      471      437      436      470      472      438           1
  207      437      471      473      439      438      472      474      440           1
  208      439      473      475      441      440      474      476      442           1
  209      443      477      479      445      444      478      480      446           1
  210      445      479      481      447      446      480      482      448           1
  211      447      481      483      449      448      482      484      450           1
  212      449      483      485      451      450      484      486      452           1
  213      451      485      487      453      452      486      488      454           1
  214      453      487      489      455      454      488      490      456           1
  215      455      489      491      457      456      490      492      458           1
  216      457      491      493      459      458      492      494      460           1
  217      459      493      495      461      460      494      496      462           1
  218      461      495      497      463      462      496      498      464           1
  219      463      497      499      465      464      498      500      466           1
  220      465      499      501      467      466      500      502      468           1
  221      467      501      503      469      468      502      504      470           1
  222      469      503      505      471      470      504      506      472           1
  223      471      505      507      473      472      506      508      474           1
  224      473      507      509      475      474      508      510      476           1
  225      477      511      513      479      478      512      514      480           1
  226      479      513      515      481      480      514      516      482           1
  227      481      515      517      483      482      516      518      484           1
  228      483      517      519      485      484      518      520      486           1
  229      485      519      521      487      486      520      522      488           1
  230      487      521      523      489      488      522      524      490           1
  231      489      523      525      491      490      524      526      492           1
  232      491      525      527      493      492      526      528      494           1
  233      493      527      529      495      494      528      530      496           1
  234      495      529      531      497      496      530      532      498           1
  235      497      531      533      499      498      532      534      500           1
  236      499      533      535      501      500      534      536      502           1
  237      501      535      537      503      502      536      538      504           1
  238      503      537      539      505      504      538      540      506           1
  239      505      539      541      507      506      540      542      508           1
  240      507      541      543      509      508      542      544      510           1
  241      511      545      547      513      512      546      548      514           1
  242      513      547      549      515      514      548      550      516           1
  243      515      549      551      517      516      550      552      518           1
  244      517      551      553      519      518      552      554      520           1
  245      519      553      555      521      520      554      556      522           1
  246      521      555      557      523      522      556      558      524           1
  247      523      557      559      525      524      558      560      526           1
  248      525      559      561      527      526      560      562      528           1
  249      527      561      563      529      528      562      564      530           1
  250      529      563      565      531      530      564      566      532           1
  251      531      565      567      533      532      566      568      534           1
  252      533      567      569      535      534      568      570      536           1
  253      535      569      571      537      536      570      572      538           1
  254      537      571      573      539      538      572      574      540           1
  255      539      573      575      541      540      574      576      542           1
  256      541      575      577      543      542      576      578      544           1
  257      545      579      581      547      546      580      582      548           1
  258      547      581      583      549      548      582      584      550           1
  259      549      583      585      551      550      584      586      552           1
  260      551      585      587      553      552      586      588      554           1
  261      553      587      589      555      554      588      590      556           1
  262      555      589      591      557      556      590      592      558           1
  263      557      591      593      559      558      592      594      560           1
  264      559      593      595      561      560      594      596      562           1
  265      561      595      597      563      562      596      598      564           1
  266      563      597      599      565      564      598      600      566           1
  267      565      599      601      567      566      600      602      568           1
  268      567      601      603      569      568      602      604      570           1
  269      569      603      605      571      570      604      606      572           1
  270      571      605      607      573      572      606      608      574           1
  271      573      607      609      575      574      608      610      576           1
  272      575      609      611      577      576      610      612      578           1
  273      579      613      615      581      580      614      616      582           1
  274      581      615      617      583      582      616      618      584           1
  275      583      617      619      585      584      618      620      586           1
  276      585      619      621      587      586      620      622      588           1
  277      587      621      623      589      588      622      624      590           1
  278      589      623      625      591      590      624      626      592           1
  279      591      625      627      593      592      626      628      594           1
  280      593      627      629      595      594      628      630      596           1
  281      595      629      631      597      596      630      632      598           1
  282      597      631      633      599      598      632      634      600           1
  283      599      633      635      601      600      634      636      602           1
  284      601      635      637      603      602      636      638      604           1
  285      603      637      639      605      604      638      640      606           1
  286      605      639      641      607      606      640      642      608           1
  287      607      641      643      609      608      642      644      610           1
  288      609      643      645      611      610      644      646      612           1
  289      613      647      649      615      614      648      650      616           1
  290      615      649      651      617      616      650      652      618           1
  291      617      651      653      619      618      652      654      620           1
  292      619      653      655      621      620      654      656      622           1
  293      621      655      657      623      622      656      658      624           1
  294      623      657      659      625      624      658      660      626           1
  295      625      659      661      627      626      660      662      628           1
  296      627      661      663      629      628      662      664      630           1
  297      629      663      665      631      630      664      666      632           1
  298      631      665      667      633      632      666      668      634           1
  299      633      667      669      635      634      668      670      636           1
  300      635      669      671      637      636      670      672      638           1
  301      637      671      673      639      638      672      674      640           1
  302      639      673      675      641      640      674      676      642           1
  303      641      675      677      643      642      676      678      644           1
  304      643      677      679      645      644      678      680      646           1
  305      647      681      683      649      648      682      684      650           1
  306      649      683      685      651      650      684      686      652           1
  307      651      685      687      653      652      686      688      654           1
  308      653      687      689      655      654      688      690      656           1
  309      655      689      691      657      656      690      692      658           1
  310      657      691      693      659      658      692      694      660           1
  311      659      693      695      661      660      694      696      662           1
  312      661      695      697      663      662      696      698      664           1
  313      663      697      699      665      664      698      700      666           1
  314      665      699      701      667      666      700      702      668           1
  315      667      701      703      669      668      702      704      670           1
  316      669      703      705      671      670      704      706      672           1
  317      671      705      707      673      672      706      708      674           1
  318      673      707      709      675      674      708      710      676           1
  319      675      709      711      677      676      710      712      678           1
  320      677      711      713      679      678      712      714      680           1
  321      681      715      717      683      682      716      718      684           1
  322      683      717      719      685      684      718      720      686           1
  323      685      719      721      687      686      720      722      688           1
  324      687      721      723      689      688      722      724      690           1
  325      689      723      725      691      690      724      726      692           1
  326      691      725      727      693      692      726      728      694           1
  327      693      727      729      695      694      728      730      696           1
  328      695      729      731      697      696      730      732      698           1
  329      697      731      733      699      698      732      734      700           1
  330      699      733      735      701      700      734      736      702           1
  331      701      735      737      703      702      736      738      704           1
  332      703      737      739      705      704      738      740      706           1
  333      705      739      741      707      706      740      742      708           1
  334      707      741      743      709      708      742      744      710           1
  335      709      743      745      711      710      744      746      712           1
  336      711      745      747      713      712      746      748      714           1
  337      715      749      751      717      716      750      752      718           1
  338      717      751      753      719      718      752      754      720           1
  339      719      753      755      721      720      754      756      722           1
  340      721      755      757      723      722      756      758      724           1
  341      723      757      759      725      724      758      760      726           1
  342      725      759      761      727      726      760      762      728           1
  343      727      761      763      729      728      762      764      730           1
  344      729      763      765      731      730      764      766      732           1
  345      731      765      767      733      732      766      768      734           1
  346      733      767      769      735      734      768      770      736           1
  347      735      769      771      737      736      770      772      738           1
  348      737      771      773      739      738      772      774      740           1
  349      739      773      775      741      740      774      776      742           1
  350      741      775      777      743      742      776      778      744           1
  351      743      777      779      745      744      778      780      746           1
  352      745      779      781      747      746      780      782      748           1
  353      749      783      785      751      750      784      786      752           1
  354      751      785      787      753      752      786      788      754           1
  355      753      787      789      755      754      788      790      756           1
  356      755      789      791      757      756      790      792      758           1
  357      757      791      793      759      758      792      794      760           1
  358      759      793      795      761      760      794      796      762           1
  359      761      795      797      763      762      796      798      764           1
  360      763      797      799      765      764      798      800      766           1
  361      765      799      801      767      766      800      802      768           1
  362      767      801      803      769      768      802      804      770           1
  363      769      803      805      771      770      804      806      772           1
  364      771      805      807      773      772      806      808      774           1
  365      773      807      809      775      774      808      810      776           1
  366      775      809      811      777      776      810      812      778           1
  367      777      811      813      779      778      812      814      780           1
  368      779      813      815      781      780      814      816      782           1
  369      783      817      819      785      784      818      820      786           1
  370      785      819      821      787      786      820      822      788           1
  371      787      821      823      789      788      822      824      790           1
  372      789      823      825      791      790      824      826      792           1
  373      791      825      827      793      792      826      828      794           1
  374      793      827      829      795      794      828      830      796           1
  375      795      829      831      797      796      830      832      798           1
  376      797      831      833      799      798      832      834      800           1
  377      799      833      835      801      800      834      836      802           1
  378      801      835      837      803      802      836      838      804           1
  379      803      837      839      805      804      838      840      806           1
  380      805      839      841      807      806      840      842      808           1
  381      807      841      843      809      808      842      844      810           1
  382      809      843      845      811      810      844      846      812           1
  383      811      845      847      813      812      846      848      814           1
  384      813      847      849      815      814      848      850      816           1
  385      817      851      853      819      818      852      854      820           1
  386      819      853      855      821      820      854      856      822           1
  387      821      855      857      823      822      856      858      824           1
  388      823      857      859      825      824      858      860      826           1
  389      825      859      861      827      826      860      862      828           1
  390      827      861      863      829      828      862      864      830           1
  391      829      863      865      831      830      864      866      832           1
  392      831      865      867      833      832      866      868      834           1
  393      833      867      869      835      834      868      870      836           1
  394      835      869      871      837      836      870      872      838           1
  395      837      871      873      839      838      872      874      840           1
  396      839      873      875      841      840      874      876      842           1
  397      841      875      877      843      842      876      878      844           1
  398      843      877      879      845      844      878      880      846           1
  399      845      879      881      847      846      880      882      848           1
  400      847      881      883      849      848      882      884      850           1
  401      851      885      887      853      852      886      888      854           1
  402      853      887      889      855      854      888      890      856           1
  403      855      889      891      857      856      890      892      858           1
  404      857      891      893      859      858      892      894      860           1
  405      859      893      895      861      860      894      896      862           1
  406      861      895      897      863      862      896      898      864           1
  407      863      897      899      865      864      898      900      866           1
  408      865      899      901      867      866      900      902      868           1
  409      867      901      903      869      868      902      904      870           1
  410      869      903      905      871      870      904      906      872           1
  411      871      905      907      873      872      906      908      874           1
  412      873      907      909      875      874      908      910      876           1
  413      875      909      911      877      876      910      912      878           1
  414      877      911      913      879      878      912      914      880           1
  415      879      913      915      881      880      914      916      882           1
  416      881      915      917      883      882      916      918      884           1
  417      885      919      921      887      886      920      922      888           1
  418      887      921      923      889      888      922      924      890           1
  419      889      923      925      891      890      924      926      892           1
  420      891      925      927      893      892      926      928      894           1
  421      893      927      929      895      894      928      930      896           1
  422      895      929      931      897      896      930      932      898           1
  423      897      931      933      899      898      932      934      900           1
  424      899      933      935      901      900      934      936      902           1
  425      901      935      937      903      902      936      938      904           1
  426      903      937      939      905      904      938      940      906           1
  427      905      939      941      907      906      940      942      908           1
  428      907      941      943      909      908      942      944      910           1
  429      909      943      945      911      910      944      946      912           1
  430      911      945      947      913      912      946      948      914           1
  431      913      947      949      915      914      948      950      916           1
  432      915      949      951      917      916      950      952      918           1
  433      919      953      955      921      920      954      956      922           1
  434      921      955      957      923      922      956      958      924           1
  435      923      957      959      925      924      958      960      926           1
  436      925      959      961      927      926      960      962      928           1
  437      927      961      963      929      928      962      964      930           1
  438      929      963      965      931      930      964      966      932           1
  439      931      965      967      933      932      966      968      934           1
  440      933      967      969      935      934      968      970      936           1
  441      935      969      971      937      936      970      972      938           1
  442      937      971      973      939      938      972      974      940           1
  443      939      973      975      941      940      974      976      942           1
  444      941      975      977      943      942      976      978      944           1
  445      943      977      979      945      944      978      980      946           1
  446      945      979      981      947      946      980      982      948           1
  447      947      981      983      949      948      982      984      950           1
  448      949      983      985      951      950      984      986      952           1
  449      953      987      989      955      954      988      990      956           1
  450      955      989      991      957      956      990      992      958           1
  451      957      991      993      959      958      992      994      960           1
  452      959      993      995      961      960      994      996      962           1
  453      961      995      997      963      962      996      998      964           1
  454      963      997      999      965      964      998     1000      966           1
  455      965      999     1001      967      966     1000     1002      968           1
  456      967     1001     1003      969      968     1002     1004      970           1
  457      969     1003     1005      971      970     1004     1006      972           1
  458      971     1005     1007      973      972     1006     1008      974           1
  459      973     1007     1009      975      974     1008     1010      976           1
  460      975     1009     1011      977      976     1010     1012      978           1
  461      977     1011     1013      979      978     1012     1014      980           1
  462      979     1013     1015      981      980     1014     1016      982           1
  463      981     1015     1017      983      982     1016     1018      984           1
  464      983     1017     1019      985      984     1018     1020      986           1
  465      987     1021     1023      989      988     1022     1024      990           1
  466      989     1023     1025      991      990     1024     1026      992           1
  467      991     1025     1027      993      992     1026     1028      994           1
  468      993     1027     1029      995      994     1028     1030      996           1
  469      995     1029     1031      997      996     1030     1032      998           1
  470      997     1031     1033      999      998     1032     1034     1000           1
  471      999     1033     1035     1001     1000     1034     1036     1002           1
  472     1001     1035     1037     1003     1002     1036     1038     1004           1
  473     1003     1037     1039     1005     1004     1038     1040     1006           1
  474     1005     1039     1041     1007     1006     1040     1042     1008           1
  475     1007     1041     1043     1009     1008     1042     1044     1010           1
  476     1009     1043     1045     1011     1010     1044     1046     1012           1
  477     1011     1045     1047     1013     1012     1046     1048     1014           1
  478     1013     1047     1049     1015     1014     1048     1050     1016           1
  479     1015     1049     1051     1017     1016     1050     1052     1018           1
  480     1017     1051     1053     1019     1018     1052     1054     1020           1
  481     1021     1055     1057     1023     1022     1056     1058     1024           1
  482     1023     1057     1059     1025     1024     1058     1060     1026           1
  483     1025     1059     1061     1027     1026     1060     1062     1028           1
  484     1027     1061     1063     1029     1028     1062     1064     1030           1
  485     1029     1063     1065     1031     1030     1064     1066     1032           1
  486     1031     1065     1067     1033     1032     1066     1068     1034           1
  487     1033     1067     1069     1035     1034     1068     1070     1036           1
  488     1035     1069     1071     1037     1036     1070     1072     1038           1
  489     1037     1071     1073     1039     1038     1072     1074     1040           1
  490     1039     1073     1075     1041     1040     1074     1076     1042           1
  491     1041     1075     1077     1043     1042     1076     1078     1044           1
  492     1043     1077     1079     1045     1044     1078     1080     1046           1
  493     1045     1079     1081     1047     1046     1080     1082     1048           1
  494     1047     1081     1083     1049     1048     1082     1084     1050           1
  495     1049     1083     1085     1051     1050     1084     1086     1052           1
  496     1051     1085     1087     1053     1052     1086     1088     1054           1
  497     1055     1089     1091     1057     1056     1090     1092     1058           1
  498     1057     1091     1093     1059     1058     1092     1094     1060           1
  499     1059     1093     1095     1061     1060     1094     1096     1062           1
  500     1061     1095     1097     1063     1062     1096     1098     1064           1
  501     1063     1097     1099     1065     1064     1098     1100     1066           1
  502     1065     1099     1101     1067     1066     1100     1102     1068           1
  503     1067     1101     1103     1069     1068     1102     1104     1070           1
  504     1069     1103     1105     1071     1070     1104     1106     1072           1
  505     1071     1105     1107     1073     1072     1106     1108     1074           1
  506     1073     1107     1109     1075     1074     1108     1110     1076           1
  507     1075     1109     1111     1077     1076     1110     1112     1078           1
  508     1077     1111     1113     1079     1078     1112     1114     1080           1
  509     1079     1113     1115     1081     1080     1114     1116     1082           1
  510     1081     1115     1117     1083     1082     1116     1118     1084           1
  511     1083     1117     1119     1085     1084     1118     1120     1086           1
  512     1085     1119     1121     1087     1086     1120     1122     1088           1

	TOTAL SYSTEM DATA

     NUMBER OF EQUATIONS . . . . . . . . . . . . . .(NEQ) = 3264
     NUMBER OF MATRIX ELEMENTS . . . . . . . . . . .(NWK) = 352380
     MAXIMUM HALF BANDWIDTH  . . . . . . . . . . . .(MK ) = 114
     MEAN HALF BANDWIDTH . . . . . . . . . . . . . .(MM ) = 107


 LOAD CASE    1


 D I S P L A C E M E N T S

  NODE           X-DISPLACEMENT    Y-DISPLACEMENT    Z-DISPLACEMENT    RX-ROTATION      RY-ROTATION      RZ-ROTATION
    1               0.00000e+00       0.00000e+00       0.00000e+00       0.00000e+00       0.00000e+00       0.00000e+00
    2               0.00000e+00       0.00000e+00       0.00000e+00       0.00000e+00       0.00000e+00       0.00000e+00
    3               0.00000e+00       0.00000e+00       0.00000e+00       0.00000e+00       0.00000e+00       0.00000e+00
    4               0.00000e+00       0.00000e+00       0.00000e+00       0.00000e+00       0.00000e+00       0.00000e+00
    5               0.00000e+00       0.00000e+00       0.00000e+00       0.00000e+00       0.00000e+00       0.00000e+00
    6               0.00000e+00       0.00000e+00       0.00000e+00       0.00000e+00       0.00000e+00       0.00000e+00
    7               0.00000e+00       0.00000e+00       0.00000e+00       0.00000e+00       0.00000e+00       0.00000e+00
    8               0.00000e+00       0.00000e+00       0.00000e+00       0.00000e+00       0.00000e+00       0.00000e+00
    9               0.00000e+00       0.00000e+00       0.00000e+00       0.00000e+00       0.00000e+00       0.00000e+00
   10               0.00000e+00       0.00000e+00       0.00000e+00       0.00000e+00       0.00000e+00       0.00000e+00
   11               0.00000e+00       0.00000e+00       0.00000e+00       0.00000e+00       0.00000e+00       0.00000e+00
   12               0.00000e+00       0.00000e+00       0.00000e+00       0.00000e+00       0.00000e+00       0.00000e+00
   13               0.00000e+00       0.00000e+00       0.00000e+00       0.00000e+00       0.00000e+00       0.00000e+00
   14               0.00000e+00       0.00000e+00       0.00000e+00       0.00000e+00       0.00000e+00       0.00000e+00
   15               0.00000e+00       0.00000e+00       0.00000e+00       0.00000e+00       0.00000e+00       0.00000e+00
   16               0.00000e+00       0.00000e+00       0.00000e+00       0.00000e+00       0.00000e+00       0.00000e+00
   17               0.00000e+00       0.00000e+00       0.00000e+00       0.00000e+00       0.00000e+00       0.00000e+00
   18               0.00000e+00       0.00000e+00       0.00000e+00       0.00000e+00       0.00000e+00       0.00000e+00
   19               0.00000e+00       0.00000e+00       0.00000e+00       0.00000e+00       0.00000e+00       0.00000e+00
   20               0.00000e+00       0.00000e+00       0.00000e+00       0.00000e+00       0.00000e+00       0.00000e+00
   21               0.00000e+00       0.00000e+00       0.00000e+00       0.00000e+00       0.00000e+00       0.00000e+00
   22               0.00000e+00       0.00000e+00       0.00000e+00       0.00000e+00       0.00000e+00       0.00000e+00
   23               0.00000e+00       0.00000e+00       0.00000e+00       0.00000e+00       0.00000e+00       0.00000e+00
   24               0.00000e+00       0.00000e+00       0.00000e+00       0.00000e+00       0.00000e+00       0.00000e+00
   25               0.00000e+00       0.00000e+00       0.00000e+00       0.00000e+00       0.00000e+00       0.00000e+00
   26               0.00000e+00       0.00000e+00       0.00000e+00       0.00000e+00       0.00000e+00       0.00000e+00
   27               0.00000e+00       0.00000e+00       0.00000e+00       0.00000e+00       0.00000e+00       0.00000e+00
   28               0.00000e+00       0.00000e+00       0.00000e+00       0.00000e+00       0.00000e+00       0.00000e+00
   29               0.00000e+00       0.00000e+00       0.00000e+00       0.00000e+00       0.00000e+00       0.00000e+00
   30               0.00000e+00       0.00000e+00       0.00000e+00       0.00000e+00       0.00000e+00       0.00000e+00
   31               0.00000e+00       0.00000e+00       0.00000e+00       0.00000e+00       0.00000e+00       0.00000e+00
   32               0.00000e+00       0.00000e+00       0.00000e+00       0.00000e+00       0.00000e+00       0.00000e+00
   33               0.00000e+00       0.00000e+00       0.00000e+00       0.00000e+00       0.00000e+00       0.00000e+00
   34               0.00000e+00       0.00000e+00       0.00000e+00       0.00000e+00       0.00000e+00       0.00000e+00
   35              -9.50289e-05      -5.46146e-05      -8.60842e-06       0.00000e+00       0.00000e+00       0.00000e+00
   36              -9.50289e-05      -5.46146e-05       8.60842e-06       0.00000e+00       0.00000e+00       0.00000e+00
   37              -7.88289e-05      -4.55364e-05      -8.01187e-06       0.00000e+00       0.00000e+00       0.00000e+00
   38              -7.88289e-05      -4.55364e-05       8.01187e-06       0.00000e+00       0.00000e+00       0.00000e+00
   39              -6.63842e-05      -3.91601e-05      -6.91435e-06       0.00000e+00       0.00000e+00       0.00000e+00
   40              -6.63842e-05      -3.91601e-05       6.91435e-06       0.00000e+00       0.00000e+00       0.00000e+00
   41              -5.44099e-05      -3.44143e-05      -5.81135e-06       0.00000e+00       0.00000e+00       0.00000e+00
   42              -5.44099e-05      -3.44143e-05       5.81135e-06       0.00000e+00       0.00000e+00       0.00000e+00
   43              -4.31635e-05      -3.08511e-05      -4.68370e-06       0.00000e+00       0.00000e+00       0.00000e+00
   44              -4.31635e-05      -3.08511e-05       4.68370e-06       0.00000e+00       0.00000e+00       0.00000e+00
   45              -3.21183e-05      -2.82692e-05      -3.51325e-06       0.00000e+00       0.00000e+00       0.00000e+00
   46              -3.21183e-05      -2.82692e-05       3.51325e-06       0.00000e+00       0.00000e+00       0.00000e+00
   47              -2.13333e-05      -2.64970e-05      -2.35472e-06       0.00000e+00       0.00000e+00       0.00000e+00
   48              -2.13333e-05      -2.64970e-05       2.35472e-06       0.00000e+00       0.00000e+00       0.00000e+00
   49              -1.06316e-05      -2.54721e-05      -1.17469e-06       0.00000e+00       0.00000e+00       0.00000e+00
   50              -1.06316e-05      -2.54721e-05       1.17469e-06       0.00000e+00       0.00000e+00       0.00000e+00
   51               2.28085e-13      -2.51298e-05       7.11202e-13       0.00000e+00       0.00000e+00       0.00000e+00
   52              -2.28082e-13      -2.51298e-05       7.11202e-13       0.00000e+00       0.00000e+00       0.00000e+00
   53               1.06316e-05      -2.54721e-05       1.17469e-06       0.00000e+00       0.00000e+00       0.00000e+00
   54               1.06316e-05      -2.54721e-05      -1.17469e-06       0.00000e+00       0.00000e+00       0.00000e+00
   55               2.13333e-05      -2.64970e-05       2.35472e-06       0.00000e+00       0.00000e+00       0.00000e+00
   56               2.13333e-05      -2.64970e-05      -2.35472e-06       0.00000e+00       0.00000e+00       0.00000e+00
   57               3.21183e-05      -2.82692e-05       3.51325e-06       0.00000e+00       0.00000e+00       0.00000e+00
   58               3.21183e-05      -2.82692e-05      -3.51325e-06       0.00000e+00       0.00000e+00       0.00000e+00
   59               4.31635e-05      -3.08511e-05       4.68370e-06       0.00000e+00       0.00000e+00       0.00000e+00
   60               4.31635e-05      -3.08511e-05      -4.68370e-06       0.00000e+00       0.00000e+00       0.00000e+00
   61               5.44099e-05      -3.44143e-05       5.81135e-06       0.00000e+00       0.00000e+00       0.00000e+00
   62               5.44099e-05      -3.44143e-05      -5.81135e-06       0.00000e+00       0.00000e+00       0.00000e+00
   63               6.63842e-05      -3.91601e-05       6.91435e-06       0.00000e+00       0.00000e+00       0.00000e+00
   64               6.63842e-05      -3.91601e-05      -6.91435e-06       0.00000e+00       0.00000e+00       0.00000e+00
   65               7.88289e-05      -4.55364e-05       8.01187e-06       0.00000e+00       0.00000e+00       0.00000e+00
   66               7.88289e-05      -4.55364e-05      -8.01187e-06       0.00000e+00       0.00000e+00       0.00000e+00
   67               9.50289e-05      -5.46146e-05       8.60842e-06       0.00000e+00       0.00000e+00       0.00000e+00
   68               9.50289e-05      -5.46146e-05      -8.60842e-06       0.00000e+00       0.00000e+00       0.00000e+00
   69              -1.78991e-04      -1.34504e-04       6.36399e-08       0.00000e+00       0.00000e+00       0.00000e+00
   70              -1.78991e-04      -1.34504e-04      -6.36355e-08       0.00000e+00       0.00000e+00       0.00000e+00
   71              -1.59649e-04      -1.32788e-04       4.47244e-07       0.00000e+00       0.00000e+00       0.00000e+00
   72              -1.59649e-04      -1.32788e-04      -4.47239e-07       0.00000e+00       0.00000e+00       0.00000e+00
   73              -1.35840e-04      -1.29032e-04       2.71177e-07       0.00000e+00       0.00000e+00       0.00000e+00
   74              -1.35840e-04      -1.29032e-04      -2.71172e-07       0.00000e+00       0.00000e+00       0.00000e+00
   75              -1.12904e-04      -1.25292e-04       1.95647e-07       0.00000e+00       0.00000e+00       0.00000e+00
   76              -1.12904e-04      -1.25292e-04      -1.95642e-07       0.00000e+00       0.00000e+00       0.00000e+00
   77              -8.97954e-05      -1.22033e-04       1.62931e-07       0.00000e+00       0.00000e+00       0.00000e+00
   78              -8.97954e-05      -1.22033e-04      -1.62926e-07       0.00000e+00       0.00000e+00       0.00000e+00
   79              -6.71650e-05      -1.19395e-04       8.85503e-08       0.00000e+00       0.00000e+00       0.00000e+00
   80              -6.71650e-05      -1.19395e-04      -8.85449e-08       0.00000e+00       0.00000e+00       0.00000e+00
   81              -4.46225e-05      -1.17502e-04       7.04205e-08       0.00000e+00       0.00000e+00       0.00000e+00
   82              -4.46225e-05      -1.17502e-04      -7.04150e-08       0.00000e+00       0.00000e+00       0.00000e+00
   83              -2.22897e-05      -1.16344e-04       2.55905e-08       0.00000e+00       0.00000e+00       0.00000e+00
   84              -2.22897e-05      -1.16344e-04      -2.55850e-08       0.00000e+00       0.00000e+00       0.00000e+00
   85               4.34281e-13      -1.15967e-04       2.77905e-12       0.00000e+00       0.00000e+00       0.00000e+00
   86              -4.34278e-13      -1.15967e-04       2.77905e-12       0.00000e+00       0.00000e+00       0.00000e+00
   87               2.22897e-05      -1.16344e-04      -2.55850e-08       0.00000e+00       0.00000e+00       0.00000e+00
   88               2.22897e-05      -1.16344e-04       2.55906e-08       0.00000e+00       0.00000e+00       0.00000e+00
   89               4.46225e-05      -1.17502e-04      -7.04150e-08       0.00000e+00       0.00000e+00       0.00000e+00
   90               4.46225e-05      -1.17502e-04       7.04206e-08       0.00000e+00       0.00000e+00       0.00000e+00
   91               6.71650e-05      -1.19395e-04      -8.85448e-08       0.00000e+00       0.00000e+00       0.00000e+00
   92               6.71650e-05      -1.19395e-04       8.85504e-08       0.00000e+00       0.00000e+00       0.00000e+00
   93               8.97954e-05      -1.22033e-04      -1.62926e-07       0.00000e+00       0.00000e+00       0.00000e+00
   94               8.97954e-05      -1.22033e-04       1.62931e-07       0.00000e+00       0.00000e+00       0.00000e+00
   95               1.12904e-04      -1.25292e-04      -1.95642e-07       0.00000e+00       0.00000e+00       0.00000e+00
   96               1.12904e-04      -1.25292e-04       1.95647e-07       0.00000e+00       0.00000e+00       0.00000e+00
   97               1.35840e-04      -1.29032e-04      -2.71172e-07       0.00000e+00       0.00000e+00       0.00000e+00
   98               1.35840e-04      -1.29032e-04       2.71178e-07       0.00000e+00       0.00000e+00       0.00000e+00
   99               1.59649e-04      -1.32788e-04      -4.47239e-07       0.00000e+00       0.00000e+00       0.00000e+00
  100               1.59649e-04      -1.32788e-04       4.47244e-07       0.00000e+00       0.00000e+00       0.00000e+00
  101               1.78991e-04      -1.34504e-04      -6.36352e-08       0.00000e+00       0.00000e+00       0.00000e+00
  102               1.78991e-04      -1.34504e-04       6.36402e-08       0.00000e+00       0.00000e+00       0.00000e+00
  103              -2.69619e-04      -2.83193e-04      -8.28819e-06       0.00000e+00       0.00000e+00       0.00000e+00
  104              -2.69619e-04      -2.83193e-04       8.28820e-06       0.00000e+00       0.00000e+00       0.00000e+00
  105              -2.32284e-04      -2.75734e-04      -7.48707e-06       0.00000e+00       0.00000e+00       0.00000e+00
  106              -2.32284e-04      -2.75734e-04       7.48708e-06       0.00000e+00       0.00000e+00       0.00000e+00
  107              -1.99884e-04      -2.71751e-04      -6.18669e-06       0.00000e+00       0.00000e+00       0.00000e+00
  108              -1.99884e-04      -2.71751e-04       6.18670e-06       0.00000e+00       0.00000e+00       0.00000e+00
  109              -1.66187e-04      -2.68535e-04      -5.11433e-06       0.00000e+00       0.00000e+00       0.00000e+00
  110              -1.66187e-04      -2.68535e-04       5.11434e-06       0.00000e+00       0.00000e+00       0.00000e+00
  111              -1.33062e-04      -2.65901e-04      -4.08827e-06       0.00000e+00       0.00000e+00       0.00000e+00
  112              -1.33062e-04      -2.65901e-04       4.08828e-06       0.00000e+00       0.00000e+00       0.00000e+00
  113              -9.96393e-05      -2.63840e-04      -3.03236e-06       0.00000e+00       0.00000e+00       0.00000e+00
  114              -9.96393e-05      -2.63840e-04       3.03237e-06       0.00000e+00       0.00000e+00       0.00000e+00
  115              -6.64392e-05      -2.62322e-04      -2.03331e-06       0.00000e+00       0.00000e+00       0.00000e+00
  116              -6.64392e-05      -2.62322e-04       2.03332e-06       0.00000e+00       0.00000e+00       0.00000e+00
  117              -3.31858e-05      -2.61416e-04      -1.00730e-06       0.00000e+00       0.00000e+00       0.00000e+00
  118              -3.31858e-05      -2.61416e-04       1.00732e-06       0.00000e+00       0.00000e+00       0.00000e+00
  119               6.34012e-13      -2.61100e-04       6.11687e-12       0.00000e+00       0.00000e+00       0.00000e+00
  120              -6.34000e-13      -2.61100e-04       6.11687e-12       0.00000e+00       0.00000e+00       0.00000e+00
  121               3.31858e-05      -2.61416e-04       1.00732e-06       0.00000e+00       0.00000e+00       0.00000e+00
  122               3.31858e-05      -2.61416e-04      -1.00730e-06       0.00000e+00       0.00000e+00       0.00000e+00
  123               6.64392e-05      -2.62322e-04       2.03332e-06       0.00000e+00       0.00000e+00       0.00000e+00
  124               6.64392e-05      -2.62322e-04      -2.03331e-06       0.00000e+00       0.00000e+00       0.00000e+00
  125               9.96393e-05      -2.63840e-04       3.03237e-06       0.00000e+00       0.00000e+00       0.00000e+00
  126               9.96393e-05      -2.63840e-04      -3.03236e-06       0.00000e+00       0.00000e+00       0.00000e+00
  127               1.33062e-04      -2.65901e-04       4.08828e-06       0.00000e+00       0.00000e+00       0.00000e+00
  128               1.33062e-04      -2.65901e-04      -4.08827e-06       0.00000e+00       0.00000e+00       0.00000e+00
  129               1.66187e-04      -2.68535e-04       5.11434e-06       0.00000e+00       0.00000e+00       0.00000e+00
  130               1.66187e-04      -2.68535e-04      -5.11433e-06       0.00000e+00       0.00000e+00       0.00000e+00
  131               1.99884e-04      -2.71751e-04       6.18670e-06       0.00000e+00       0.00000e+00       0.00000e+00
  132               1.99884e-04      -2.71751e-04      -6.18669e-06       0.00000e+00       0.00000e+00       0.00000e+00
  133               2.32284e-04      -2.75734e-04       7.48708e-06       0.00000e+00       0.00000e+00       0.00000e+00
  134               2.32284e-04      -2.75734e-04      -7.48707e-06       0.00000e+00       0.00000e+00       0.00000e+00
  135               2.69619e-04      -2.83193e-04       8.28820e-06       0.00000e+00       0.00000e+00       0.00000e+00
  136               2.69619e-04      -2.83193e-04      -8.28819e-06       0.00000e+00       0.00000e+00       0.00000e+00
  137              -3.50755e-04      -4.77396e-04       5.33605e-08       0.00000e+00       0.00000e+00       0.00000e+00
  138              -3.50755e-04      -4.77396e-04      -5.33412e-08       0.00000e+00       0.00000e+00       0.00000e+00
  139              -3.08844e-04      -4.74947e-04       1.31671e-07       0.00000e+00       0.00000e+00       0.00000e+00
  140              -3.08844e-04      -4.74947e-04      -1.31652e-07       0.00000e+00       0.00000e+00       0.00000e+00
  141              -2.62845e-04      -4.70387e-04      -1.64710e-07       0.00000e+00       0.00000e+00       0.00000e+00
  142              -2.62845e-04      -4.70387e-04       1.64730e-07       0.00000e+00       0.00000e+00       0.00000e+00
  143              -2.19031e-04      -4.66755e-04      -1.65077e-07       0.00000e+00       0.00000e+00       0.00000e+00
  144              -2.19031e-04      -4.66755e-04       1.65098e-07       0.00000e+00       0.00000e+00       0.00000e+00
  145              -1.74771e-04      -4.63860e-04      -1.30164e-07       0.00000e+00       0.00000e+00       0.00000e+00
  146              -1.74771e-04      -4.63860e-04       1.30185e-07       0.00000e+00       0.00000e+00       0.00000e+00
  147              -1.31092e-04      -4.61654e-04      -1.27427e-07       0.00000e+00       0.00000e+00       0.00000e+00
  148              -1.31092e-04      -4.61654e-04       1.27448e-07       0.00000e+00       0.00000e+00       0.00000e+00
  149              -8.72843e-05      -4.60125e-04      -7.06052e-08       0.00000e+00       0.00000e+00       0.00000e+00
  150              -8.72843e-05      -4.60125e-04       7.06263e-08       0.00000e+00       0.00000e+00       0.00000e+00
  151              -4.36566e-05      -4.59200e-04      -4.43200e-08       0.00000e+00       0.00000e+00       0.00000e+00
  152              -4.36566e-05      -4.59200e-04       4.43412e-08       0.00000e+00       0.00000e+00       0.00000e+00
  153               8.32888e-13      -4.58906e-04       1.07007e-11       0.00000e+00       0.00000e+00       0.00000e+00
  154              -8.32883e-13      -4.58906e-04       1.07007e-11       0.00000e+00       0.00000e+00       0.00000e+00
  155               4.36566e-05      -4.59200e-04       4.43413e-08       0.00000e+00       0.00000e+00       0.00000e+00
  156               4.36566e-05      -4.59200e-04      -4.43198e-08       0.00000e+00       0.00000e+00       0.00000e+00
  157               8.72843e-05      -4.60125e-04       7.06265e-08       0.00000e+00       0.00000e+00       0.00000e+00
  158               8.72843e-05      -4.60125e-04      -7.06050e-08       0.00000e+00       0.00000e+00       0.00000e+00
  159               1.31092e-04      -4.61654e-04       1.27448e-07       0.00000e+00       0.00000e+00       0.00000e+00
  160               1.31092e-04      -4.61654e-04      -1.27427e-07       0.00000e+00       0.00000e+00       0.00000e+00
  161               1.74771e-04      -4.63860e-04       1.30185e-07       0.00000e+00       0.00000e+00       0.00000e+00
  162               1.74771e-04      -4.63860e-04      -1.30164e-07       0.00000e+00       0.00000e+00       0.00000e+00
  163               2.19031e-04      -4.66755e-04       1.65098e-07       0.00000e+00       0.00000e+00       0.00000e+00
  164               2.19031e-04      -4.66755e-04      -1.65077e-07       0.00000e+00       0.00000e+00       0.00000e+00
  165               2.62845e-04      -4.70387e-04       1.64730e-07       0.00000e+00       0.00000e+00       0.00000e+00
  166               2.62845e-04      -4.70387e-04      -1.64709e-07       0.00000e+00       0.00000e+00       0.00000e+00
  167               3.08844e-04      -4.74947e-04      -1.31651e-07       0.00000e+00       0.00000e+00       0.00000e+00
  168               3.08844e-04      -4.74947e-04       1.31672e-07       0.00000e+00       0.00000e+00       0.00000e+00
  169               3.50755e-04      -4.77396e-04      -5.33403e-08       0.00000e+00       0.00000e+00       0.00000e+00
  170               3.50755e-04      -4.77396e-04       5.33614e-08       0.00000e+00       0.00000e+00       0.00000e+00
  171              -4.33615e-04      -7.28482e-04      -7.57897e-06       0.00000e+00       0.00000e+00       0.00000e+00
  172              -4.33615e-04      -7.28482e-04       7.57900e-06       0.00000e+00       0.00000e+00       0.00000e+00
  173              -3.76716e-04      -7.22218e-04      -6.61468e-06       0.00000e+00       0.00000e+00       0.00000e+00
  174              -3.76716e-04      -7.22218e-04       6.61471e-06       0.00000e+00       0.00000e+00       0.00000e+00
  175              -3.23920e-04      -7.19072e-04      -5.36894e-06       0.00000e+00       0.00000e+00       0.00000e+00
  176              -3.23920e-04      -7.19072e-04       5.36897e-06       0.00000e+00       0.00000e+00       0.00000e+00
  177              -2.69129e-04      -7.15907e-04      -4.47713e-06       0.00000e+00       0.00000e+00       0.00000e+00
  178              -2.69129e-04      -7.15907e-04       4.47716e-06       0.00000e+00       0.00000e+00       0.00000e+00
  179              -2.15344e-04      -7.13267e-04      -3.57806e-06       0.00000e+00       0.00000e+00       0.00000e+00
  180              -2.15344e-04      -7.13267e-04       3.57810e-06       0.00000e+00       0.00000e+00       0.00000e+00
  181              -1.61218e-04      -7.11175e-04      -2.66393e-06       0.00000e+00       0.00000e+00       0.00000e+00
  182              -1.61218e-04      -7.11175e-04       2.66396e-06       0.00000e+00       0.00000e+00       0.00000e+00
  183              -1.07488e-04      -7.09653e-04      -1.78671e-06       0.00000e+00       0.00000e+00       0.00000e+00
  184              -1.07488e-04      -7.09653e-04       1.78674e-06       0.00000e+00       0.00000e+00       0.00000e+00
  185              -5.36905e-05      -7.08753e-04      -8.86769e-07       0.00000e+00       0.00000e+00       0.00000e+00
  186              -5.36905e-05      -7.08753e-04       8.86802e-07       0.00000e+00       0.00000e+00       0.00000e+00
  187               1.02908e-12      -7.08440e-04       1.65193e-11       0.00000e+00       0.00000e+00       0.00000e+00
  188              -1.02906e-12      -7.08440e-04       1.65193e-11       0.00000e+00       0.00000e+00       0.00000e+00
  189               5.36905e-05      -7.08753e-04       8.86802e-07       0.00000e+00       0.00000e+00       0.00000e+00
  190               5.36905e-05      -7.08753e-04      -8.86769e-07       0.00000e+00       0.00000e+00       0.00000e+00
  191               1.07488e-04      -7.09653e-04       1.78674e-06       0.00000e+00       0.00000e+00       0.00000e+00
  192               1.07488e-04      -7.09653e-04      -1.78671e-06       0.00000e+00       0.00000e+00       0.00000e+00
  193               1.61218e-04      -7.11175e-04       2.66396e-06       0.00000e+00       0.00000e+00       0.00000e+00
  194               1.61218e-04      -7.11175e-04      -2.66393e-06       0.00000e+00       0.00000e+00       0.00000e+00
  195               2.15344e-04      -7.13267e-04       3.57810e-06       0.00000e+00       0.00000e+00       0.00000e+00
  196               2.15344e-04      -7.13267e-04      -3.57806e-06       0.00000e+00       0.00000e+00       0.00000e+00
  197               2.69129e-04      -7.15907e-04       4.47716e-06       0.00000e+00       0.00000e+00       0.00000e+00
  198               2.69129e-04      -7.15907e-04      -4.47713e-06       0.00000e+00       0.00000e+00       0.00000e+00
  199               3.23920e-04      -7.19072e-04       5.36897e-06       0.00000e+00       0.00000e+00       0.00000e+00
  200               3.23920e-04      -7.19072e-04      -5.36894e-06       0.00000e+00       0.00000e+00       0.00000e+00
  201               3.76716e-04      -7.22218e-04       6.61471e-06       0.00000e+00       0.00000e+00       0.00000e+00
  202               3.76716e-04      -7.22218e-04      -6.61468e-06       0.00000e+00       0.00000e+00       0.00000e+00
  203               4.33615e-04      -7.28482e-04       7.57900e-06       0.00000e+00       0.00000e+00       0.00000e+00
  204               4.33615e-04      -7.28482e-04      -7.57897e-06       0.00000e+00       0.00000e+00       0.00000e+00
  205              -5.09989e-04      -1.02516e-03      -1.46631e-07       0.00000e+00       0.00000e+00       0.00000e+00
  206              -5.09989e-04      -1.02516e-03       1.46676e-07       0.00000e+00       0.00000e+00       0.00000e+00
  207              -4.47411e-04      -1.02235e-03      -2.29606e-07       0.00000e+00       0.00000e+00       0.00000e+00
  208              -4.47411e-04      -1.02235e-03       2.29651e-07       0.00000e+00       0.00000e+00       0.00000e+00
  209              -3.81661e-04      -1.01783e-03      -4.90065e-07       0.00000e+00       0.00000e+00       0.00000e+00
  210              -3.81661e-04      -1.01783e-03       4.90110e-07       0.00000e+00       0.00000e+00       0.00000e+00
  211              -3.18357e-04      -1.01469e-03      -3.86189e-07       0.00000e+00       0.00000e+00       0.00000e+00
  212              -3.18357e-04      -1.01469e-03       3.86234e-07       0.00000e+00       0.00000e+00       0.00000e+00
  213              -2.54210e-04      -1.01210e-03      -3.14374e-07       0.00000e+00       0.00000e+00       0.00000e+00
  214              -2.54210e-04      -1.01210e-03       3.14420e-07       0.00000e+00       0.00000e+00       0.00000e+00
  215              -1.90724e-04      -1.01012e-03      -2.51399e-07       0.00000e+00       0.00000e+00       0.00000e+00
  216              -1.90724e-04      -1.01012e-03       2.51446e-07       0.00000e+00       0.00000e+00       0.00000e+00
  217              -1.27010e-04      -1.00871e-03      -1.58288e-07       0.00000e+00       0.00000e+00       0.00000e+00
  218              -1.27010e-04      -1.00871e-03       1.58334e-07       0.00000e+00       0.00000e+00       0.00000e+00
  219              -6.35272e-05      -1.00785e-03      -8.49371e-08       0.00000e+00       0.00000e+00       0.00000e+00
  220              -6.35272e-05      -1.00785e-03       8.49840e-08       0.00000e+00       0.00000e+00       0.00000e+00
  221               1.22058e-12      -1.00757e-03       2.35496e-11       0.00000e+00       0.00000e+00       0.00000e+00
  222              -1.22057e-12      -1.00757e-03       2.35496e-11       0.00000e+00       0.00000e+00       0.00000e+00
  223               6.35272e-05      -1.00785e-03       8.49842e-08       0.00000e+00       0.00000e+00       0.00000e+00
  224               6.35272e-05      -1.00785e-03      -8.49369e-08       0.00000e+00       0.00000e+00       0.00000e+00
  225               1.27010e-04      -1.00871e-03       1.58335e-07       0.00000e+00       0.00000e+00       0.00000e+00
  226               1.27010e-04      -1.00871e-03      -1.58287e-07       0.00000e+00       0.00000e+00       0.00000e+00
  227               1.90724e-04      -1.01012e-03       2.51446e-07       0.00000e+00       0.00000e+00       0.00000e+00
  228               1.90724e-04      -1.01012e-03      -2.51399e-07       0.00000e+00       0.00000e+00       0.00000e+00
  229               2.54210e-04      -1.01210e-03       3.14421e-07       0.00000e+00       0.00000e+00       0.00000e+00
  230               2.54210e-04      -1.01210e-03      -3.14373e-07       0.00000e+00       0.00000e+00       0.00000e+00
  231               3.18357e-04      -1.01469e-03       3.86235e-07       0.00000e+00       0.00000e+00       0.00000e+00
  232               3.18357e-04      -1.01469e-03      -3.86188e-07       0.00000e+00       0.00000e+00       0.00000e+00
  233               3.81661e-04      -1.01783e-03       4.90111e-07       0.00000e+00       0.00000e+00       0.00000e+00
  234               3.81661e-04      -1.01783e-03      -4.90064e-07       0.00000e+00       0.00000e+00       0.00000e+00
  235               4.47411e-04      -1.02235e-03       2.29652e-07       0.00000e+00       0.00000e+00       0.00000e+00
  236               4.47411e-04      -1.02235e-03      -2.29605e-07       0.00000e+00       0.00000e+00       0.00000e+00
  237               5.09989e-04      -1.02516e-03       1.46677e-07       0.00000e+00       0.00000e+00       0.00000e+00
  238               5.09989e-04      -1.02516e-03      -1.46630e-07       0.00000e+00       0.00000e+00       0.00000e+00
  239              -5.86190e-04      -1.37269e-03      -6.79554e-06       0.00000e+00       0.00000e+00       0.00000e+00
  240              -5.86190e-04      -1.37269e-03       6.79560e-06       0.00000e+00       0.00000e+00       0.00000e+00
  241              -5.10843e-04      -1.36732e-03      -5.79929e-06       0.00000e+00       0.00000e+00       0.00000e+00
  242              -5.10843e-04      -1.36732e-03       5.79935e-06       0.00000e+00       0.00000e+00       0.00000e+00
  243              -4.38715e-04      -1.36453e-03      -4.68487e-06       0.00000e+00       0.00000e+00       0.00000e+00
  244              -4.38715e-04      -1.36453e-03       4.68494e-06       0.00000e+00       0.00000e+00       0.00000e+00
  245              -3.64605e-04      -1.36138e-03      -3.94851e-06       0.00000e+00       0.00000e+00       0.00000e+00
  246              -3.64605e-04      -1.36138e-03       3.94857e-06       0.00000e+00       0.00000e+00       0.00000e+00
  247              -2.91793e-04      -1.35891e-03      -3.14348e-06       0.00000e+00       0.00000e+00       0.00000e+00
  248              -2.91793e-04      -1.35891e-03       3.14354e-06       0.00000e+00       0.00000e+00       0.00000e+00
  249              -2.18533e-04      -1.35695e-03      -2.34997e-06       0.00000e+00       0.00000e+00       0.00000e+00
  250              -2.18533e-04      -1.35695e-03       2.35004e-06       0.00000e+00       0.00000e+00       0.00000e+00
  251              -1.45731e-04      -1.35556e-03      -1.57105e-06       0.00000e+00       0.00000e+00       0.00000e+00
  252              -1.45731e-04      -1.35556e-03       1.57111e-06       0.00000e+00       0.00000e+00       0.00000e+00
  253              -7.28063e-05      -1.35474e-03      -7.82006e-07       0.00000e+00       0.00000e+00       0.00000e+00
  254              -7.28063e-05      -1.35474e-03       7.82069e-07       0.00000e+00       0.00000e+00       0.00000e+00
  255               1.40660e-12      -1.35446e-03       3.17597e-11       0.00000e+00       0.00000e+00       0.00000e+00
  256              -1.40657e-12      -1.35446e-03       3.17597e-11       0.00000e+00       0.00000e+00       0.00000e+00
  257               7.28063e-05      -1.35474e-03       7.82069e-07       0.00000e+00       0.00000e+00       0.00000e+00
  258               7.28063e-05      -1.35474e-03      -7.82005e-07       0.00000e+00       0.00000e+00       0.00000e+00
  259               1.45731e-04      -1.35556e-03       1.57111e-06       0.00000e+00       0.00000e+00       0.00000e+00
  260               1.45731e-04      -1.35556e-03      -1.57104e-06       0.00000e+00       0.00000e+00       0.00000e+00
  261               2.18533e-04      -1.35695e-03       2.35004e-06       0.00000e+00       0.00000e+00       0.00000e+00
  262               2.18533e-04      -1.35695e-03      -2.34997e-06       0.00000e+00       0.00000e+00       0.00000e+00
  263               2.91793e-04      -1.35891e-03       3.14354e-06       0.00000e+00       0.00000e+00       0.00000e+00
  264               2.91793e-04      -1.35891e-03      -3.14348e-06       0.00000e+00       0.00000e+00       0.00000e+00
  265               3.64605e-04      -1.36138e-03       3.94857e-06       0.00000e+00       0.00000e+00       0.00000e+00
  266               3.64605e-04      -1.36138e-03      -3.94851e-06       0.00000e+00       0.00000e+00       0.00000e+00
  267               4.38715e-04      -1.36453e-03       4.68494e-06       0.00000e+00       0.00000e+00       0.00000e+00
  268               4.38715e-04      -1.36453e-03      -4.68487e-06       0.00000e+00       0.00000e+00       0.00000e+00
  269               5.10843e-04      -1.36732e-03       5.79936e-06       0.00000e+00       0.00000e+00       0.00000e+00
  270               5.10843e-04      -1.36732e-03      -5.79929e-06       0.00000e+00       0.00000e+00       0.00000e+00
  271               5.86190e-04      -1.37269e-03       6.79560e-06       0.00000e+00       0.00000e+00       0.00000e+00
  272               5.86190e-04      -1.37269e-03      -6.79553e-06       0.00000e+00       0.00000e+00       0.00000e+00
  273              -6.57263e-04      -1.76378e-03      -3.64842e-07       0.00000e+00       0.00000e+00       0.00000e+00
  274              -6.57263e-04      -1.76378e-03       3.64921e-07       0.00000e+00       0.00000e+00       0.00000e+00
  275              -5.75765e-04      -1.76085e-03      -5.03862e-07       0.00000e+00       0.00000e+00       0.00000e+00
  276              -5.75765e-04      -1.76085e-03       5.03941e-07       0.00000e+00       0.00000e+00       0.00000e+00
  277              -4.91902e-04      -1.75664e-03      -6.94698e-07       0.00000e+00       0.00000e+00       0.00000e+00
  278              -4.91902e-04      -1.75664e-03       6.94778e-07       0.00000e+00       0.00000e+00       0.00000e+00
  279              -4.10314e-04      -1.75392e-03      -5.26640e-07       0.00000e+00       0.00000e+00       0.00000e+00
  280              -4.10314e-04      -1.75392e-03       5.26720e-07       0.00000e+00       0.00000e+00       0.00000e+00
  281              -3.27702e-04      -1.75152e-03      -4.39589e-07       0.00000e+00       0.00000e+00       0.00000e+00
  282              -3.27702e-04      -1.75152e-03       4.39670e-07       0.00000e+00       0.00000e+00       0.00000e+00
  283              -2.45859e-04      -1.74969e-03      -3.35051e-07       0.00000e+00       0.00000e+00       0.00000e+00
  284              -2.45859e-04      -1.74969e-03       3.35132e-07       0.00000e+00       0.00000e+00       0.00000e+00
  285              -1.63741e-04      -1.74837e-03      -2.20274e-07       0.00000e+00       0.00000e+00       0.00000e+00
  286              -1.63741e-04      -1.74837e-03       2.20356e-07       0.00000e+00       0.00000e+00       0.00000e+00
  287              -8.18991e-05      -1.74757e-03      -1.13056e-07       0.00000e+00       0.00000e+00       0.00000e+00
  288              -8.18991e-05      -1.74757e-03       1.13138e-07       0.00000e+00       0.00000e+00       0.00000e+00
  289               1.58712e-12      -1.74731e-03       4.11152e-11       0.00000e+00       0.00000e+00       0.00000e+00
  290              -1.58711e-12      -1.74731e-03       4.11152e-11       0.00000e+00       0.00000e+00       0.00000e+00
  291               8.18991e-05      -1.74757e-03       1.13138e-07       0.00000e+00       0.00000e+00       0.00000e+00
  292               8.18991e-05      -1.74757e-03      -1.13055e-07       0.00000e+00       0.00000e+00       0.00000e+00
  293               1.63741e-04      -1.74837e-03       2.20357e-07       0.00000e+00       0.00000e+00       0.00000e+00
  294               1.63741e-04      -1.74837e-03      -2.20274e-07       0.00000e+00       0.00000e+00       0.00000e+00
  295               2.45859e-04      -1.74969e-03       3.35133e-07       0.00000e+00       0.00000e+00       0.00000e+00
  296               2.45859e-04      -1.74969e-03      -3.35050e-07       0.00000e+00       0.00000e+00       0.00000e+00
  297               3.27702e-04      -1.75152e-03       4.39671e-07       0.00000e+00       0.00000e+00       0.00000e+00
  298               3.27702e-04      -1.75152e-03      -4.39588e-07       0.00000e+00       0.00000e+00       0.00000e+00
  299               4.10314e-04      -1.75392e-03       5.26721e-07       0.00000e+00       0.00000e+00       0.00000e+00
  300               4.10314e-04      -1.75392e-03      -5.26638e-07       0.00000e+00       0.00000e+00       0.00000e+00
  301               4.91902e-04      -1.75664e-03       6.94779e-07       0.00000e+00       0.00000e+00       0.00000e+00
  302               4.91902e-04      -1.75664e-03      -6.94696e-07       0.00000e+00       0.00000e+00       0.00000e+00
  303               5.75765e-04      -1.76085e-03       5.03943e-07       0.00000e+00       0.00000e+00       0.00000e+00
  304               5.75765e-04      -1.76085e-03      -5.03860e-07       0.00000e+00       0.00000e+00       0.00000e+00
  305               6.57263e-04      -1.76378e-03       3.64923e-07       0.00000e+00       0.00000e+00       0.00000e+00
  306               6.57263e-04      -1.76378e-03      -3.64840e-07       0.00000e+00       0.00000e+00       0.00000e+00
  307              -7.27142e-04      -2.20086e-03      -6.02679e-06       0.00000e+00       0.00000e+00       0.00000e+00
  308              -7.27142e-04      -2.20086e-03       6.02689e-06       0.00000e+00       0.00000e+00       0.00000e+00
  309              -6.34595e-04      -2.19619e-03      -5.07826e-06       0.00000e+00       0.00000e+00       0.00000e+00
  310              -6.34595e-04      -2.19619e-03       5.07836e-06       0.00000e+00       0.00000e+00       0.00000e+00
  311              -5.44552e-04      -2.19361e-03      -4.10528e-06       0.00000e+00       0.00000e+00       0.00000e+00
  312              -5.44552e-04      -2.19361e-03       4.10538e-06       0.00000e+00       0.00000e+00       0.00000e+00
  313              -4.52781e-04      -2.19057e-03      -3.48395e-06       0.00000e+00       0.00000e+00       0.00000e+00
  314              -4.52781e-04      -2.19057e-03       3.48405e-06       0.00000e+00       0.00000e+00       0.00000e+00
  315              -3.62394e-04      -2.18834e-03      -2.76084e-06       0.00000e+00       0.00000e+00       0.00000e+00
  316              -3.62394e-04      -2.18834e-03       2.76094e-06       0.00000e+00       0.00000e+00       0.00000e+00
  317              -2.71468e-04      -2.18654e-03      -2.07127e-06       0.00000e+00       0.00000e+00       0.00000e+00
  318              -2.71468e-04      -2.18654e-03       2.07137e-06       0.00000e+00       0.00000e+00       0.00000e+00
  319              -1.81038e-04      -2.18528e-03      -1.38011e-06       0.00000e+00       0.00000e+00       0.00000e+00
  320              -1.81038e-04      -2.18528e-03       1.38021e-06       0.00000e+00       0.00000e+00       0.00000e+00
  321              -9.04534e-05      -2.18452e-03      -6.88943e-07       0.00000e+00       0.00000e+00       0.00000e+00
  322              -9.04534e-05      -2.18452e-03       6.89046e-07       0.00000e+00       0.00000e+00       0.00000e+00
  323               1.76208e-12      -2.18426e-03       5.15815e-11       0.00000e+00       0.00000e+00       0.00000e+00
  324              -1.76205e-12      -2.18426e-03       5.15815e-11       0.00000e+00       0.00000e+00       0.00000e+00
  325               9.04534e-05      -2.18452e-03       6.89046e-07       0.00000e+00       0.00000e+00       0.00000e+00
  326               9.04534e-05      -2.18452e-03      -6.88943e-07       0.00000e+00       0.00000e+00       0.00000e+00
  327               1.81038e-04      -2.18528e-03       1.38021e-06       0.00000e+00       0.00000e+00       0.00000e+00
  328               1.81038e-04      -2.18528e-03      -1.38011e-06       0.00000e+00       0.00000e+00       0.00000e+00
  329               2.71468e-04      -2.18654e-03       2.07137e-06       0.00000e+00       0.00000e+00       0.00000e+00
  330               2.71468e-04      -2.18654e-03      -2.07127e-06       0.00000e+00       0.00000e+00       0.00000e+00
  331               3.62394e-04      -2.18834e-03       2.76094e-06       0.00000e+00       0.00000e+00       0.00000e+00
  332               3.62394e-04      -2.18834e-03      -2.76084e-06       0.00000e+00       0.00000e+00       0.00000e+00
  333               4.52781e-04      -2.19057e-03       3.48405e-06       0.00000e+00       0.00000e+00       0.00000e+00
  334               4.52781e-04      -2.19057e-03      -3.48395e-06       0.00000e+00       0.00000e+00       0.00000e+00
  335               5.44552e-04      -2.19361e-03       4.10539e-06       0.00000e+00       0.00000e+00       0.00000e+00
  336               5.44552e-04      -2.19361e-03      -4.10528e-06       0.00000e+00       0.00000e+00       0.00000e+00
  337               6.34595e-04      -2.19619e-03       5.07836e-06       0.00000e+00       0.00000e+00       0.00000e+00
  338               6.34595e-04      -2.19619e-03      -5.07826e-06       0.00000e+00       0.00000e+00       0.00000e+00
  339               7.27142e-04      -2.20086e-03       6.02689e-06       0.00000e+00       0.00000e+00       0.00000e+00
  340               7.27142e-04      -2.20086e-03      -6.02679e-06       0.00000e+00       0.00000e+00       0.00000e+00
  341              -7.92674e-04      -2.67871e-03      -5.47309e-07       0.00000e+00       0.00000e+00       0.00000e+00
  342              -7.92674e-04      -2.67871e-03       5.47431e-07       0.00000e+00       0.00000e+00       0.00000e+00
  343              -6.93904e-04      -2.67579e-03      -6.85180e-07       0.00000e+00       0.00000e+00       0.00000e+00
  344              -6.93904e-04      -2.67579e-03       6.85303e-07       0.00000e+00       0.00000e+00       0.00000e+00
  345              -5.93396e-04      -2.67199e-03      -8.09567e-07       0.00000e+00       0.00000e+00       0.00000e+00
  346              -5.93396e-04      -2.67199e-03       8.09691e-07       0.00000e+00       0.00000e+00       0.00000e+00
  347              -4.94866e-04      -2.66960e-03      -6.13076e-07       0.00000e+00       0.00000e+00       0.00000e+00
  348              -4.94866e-04      -2.66960e-03       6.13200e-07       0.00000e+00       0.00000e+00       0.00000e+00
  349              -3.95303e-04      -2.66734e-03      -5.17159e-07       0.00000e+00       0.00000e+00       0.00000e+00
  350              -3.95303e-04      -2.66734e-03       5.17284e-07       0.00000e+00       0.00000e+00       0.00000e+00
  351              -2.96576e-04      -2.66567e-03      -3.86445e-07       0.00000e+00       0.00000e+00       0.00000e+00
  352              -2.96576e-04      -2.66567e-03       3.86570e-07       0.00000e+00       0.00000e+00       0.00000e+00
  353              -1.97540e-04      -2.66445e-03      -2.58653e-07       0.00000e+00       0.00000e+00       0.00000e+00
  354              -1.97540e-04      -2.66445e-03       2.58779e-07       0.00000e+00       0.00000e+00       0.00000e+00
  355              -9.88047e-05      -2.66372e-03      -1.30192e-07       0.00000e+00       0.00000e+00       0.00000e+00
  356              -9.88047e-05      -2.66372e-03       1.30318e-07       0.00000e+00       0.00000e+00       0.00000e+00
  357               1.93099e-12      -2.66348e-03       6.31225e-11       0.00000e+00       0.00000e+00       0.00000e+00
  358              -1.93098e-12      -2.66348e-03       6.31225e-11       0.00000e+00       0.00000e+00       0.00000e+00
  359               9.88047e-05      -2.66372e-03       1.30318e-07       0.00000e+00       0.00000e+00       0.00000e+00
  360               9.88047e-05      -2.66372e-03      -1.30192e-07       0.00000e+00       0.00000e+00       0.00000e+00
  361               1.97540e-04      -2.66445e-03       2.58779e-07       0.00000e+00       0.00000e+00       0.00000e+00
  362               1.97540e-04      -2.66445e-03      -2.58653e-07       0.00000e+00       0.00000e+00       0.00000e+00
  363               2.96576e-04      -2.66567e-03       3.86571e-07       0.00000e+00       0.00000e+00       0.00000e+00
  364               2.96576e-04      -2.66567e-03      -3.86444e-07       0.00000e+00       0.00000e+00       0.00000e+00
  365               3.95303e-04      -2.66734e-03       5.17285e-07       0.00000e+00       0.00000e+00       0.00000e+00
  366               3.95303e-04      -2.66734e-03      -5.17158e-07       0.00000e+00       0.00000e+00       0.00000e+00
  367               4.94866e-04      -2.66960e-03       6.13202e-07       0.00000e+00       0.00000e+00       0.00000e+00
  368               4.94866e-04      -2.66960e-03      -6.13074e-07       0.00000e+00       0.00000e+00       0.00000e+00
  369               5.93396e-04      -2.67199e-03       8.09693e-07       0.00000e+00       0.00000e+00       0.00000e+00
  370               5.93396e-04      -2.67199e-03      -8.09565e-07       0.00000e+00       0.00000e+00       0.00000e+00
  371               6.93904e-04      -2.67579e-03       6.85305e-07       0.00000e+00       0.00000e+00       0.00000e+00
  372               6.93904e-04      -2.67579e-03      -6.85177e-07       0.00000e+00       0.00000e+00       0.00000e+00
  373               7.92674e-04      -2.67871e-03       5.47434e-07       0.00000e+00       0.00000e+00       0.00000e+00
  374               7.92674e-04      -2.67871e-03      -5.47306e-07       0.00000e+00       0.00000e+00       0.00000e+00
  375              -8.56408e-04      -3.19820e-03      -5.30683e-06       0.00000e+00       0.00000e+00       0.00000e+00
  376              -8.56408e-04      -3.19820e-03       5.30698e-06       0.00000e+00       0.00000e+00       0.00000e+00
  377              -7.47988e-04      -3.19412e-03      -4.44480e-06       0.00000e+00       0.00000e+00       0.00000e+00
  378              -7.47988e-04      -3.19412e-03       4.44495e-06       0.00000e+00       0.00000e+00       0.00000e+00
  379              -6.41529e-04      -3.19170e-03      -3.60284e-06       0.00000e+00       0.00000e+00       0.00000e+00
  380              -6.41529e-04      -3.19170e-03       3.60299e-06       0.00000e+00       0.00000e+00       0.00000e+00
  381              -5.33653e-04      -3.18886e-03      -3.06689e-06       0.00000e+00       0.00000e+00       0.00000e+00
  382              -5.33653e-04      -3.18886e-03       3.06704e-06       0.00000e+00       0.00000e+00       0.00000e+00
  383              -4.27111e-04      -3.18687e-03      -2.42214e-06       0.00000e+00       0.00000e+00       0.00000e+00
  384              -4.27111e-04      -3.18687e-03       2.42229e-06       0.00000e+00       0.00000e+00       0.00000e+00
  385              -3.19992e-04      -3.18521e-03      -1.82224e-06       0.00000e+00       0.00000e+00       0.00000e+00
  386              -3.19992e-04      -3.18521e-03       1.82239e-06       0.00000e+00       0.00000e+00       0.00000e+00
  387              -2.13396e-04      -3.18407e-03      -1.21113e-06       0.00000e+00       0.00000e+00       0.00000e+00
  388              -2.13396e-04      -3.18407e-03       1.21128e-06       0.00000e+00       0.00000e+00       0.00000e+00
  389              -1.06627e-04      -3.18337e-03      -6.05996e-07       0.00000e+00       0.00000e+00       0.00000e+00
  390              -1.06627e-04      -3.18337e-03       6.06147e-07       0.00000e+00       0.00000e+00       0.00000e+00
  391               2.09372e-12      -3.18314e-03       7.56998e-11       0.00000e+00       0.00000e+00       0.00000e+00
  392              -2.09368e-12      -3.18314e-03       7.56998e-11       0.00000e+00       0.00000e+00       0.00000e+00
  393               1.06627e-04      -3.18337e-03       6.06147e-07       0.00000e+00       0.00000e+00       0.00000e+00
  394               1.06627e-04      -3.18337e-03      -6.05996e-07       0.00000e+00       0.00000e+00       0.00000e+00
  395               2.13396e-04      -3.18407e-03       1.21128e-06       0.00000e+00       0.00000e+00       0.00000e+00
  396               2.13396e-04      -3.18407e-03      -1.21113e-06       0.00000e+00       0.00000e+00       0.00000e+00
  397               3.19992e-04      -3.18521e-03       1.82239e-06       0.00000e+00       0.00000e+00       0.00000e+00
  398               3.19992e-04      -3.18521e-03      -1.82224e-06       0.00000e+00       0.00000e+00       0.00000e+00
  399               4.27111e-04      -3.18687e-03       2.42229e-06       0.00000e+00       0.00000e+00       0.00000e+00
  400               4.27111e-04      -3.18687e-03      -2.42214e-06       0.00000e+00       0.00000e+00       0.00000e+00
  401               5.33653e-04      -3.18886e-03       3.06704e-06       0.00000e+00       0.00000e+00       0.00000e+00
  402               5.33653e-04      -3.18886e-03      -3.06688e-06       0.00000e+00       0.00000e+00       0.00000e+00
  403               6.41529e-04      -3.19170e-03       3.60299e-06       0.00000e+00       0.00000e+00       0.00000e+00
  404               6.41529e-04      -3.19170e-03      -3.60284e-06       0.00000e+00       0.00000e+00       0.00000e+00
  405               7.47988e-04      -3.19412e-03       4.44495e-06       0.00000e+00       0.00000e+00       0.00000e+00
  406               7.47988e-04      -3.19412e-03      -4.44480e-06       0.00000e+00       0.00000e+00       0.00000e+00
  407               8.56408e-04      -3.19820e-03       5.30698e-06       0.00000e+00       0.00000e+00       0.00000e+00
  408               8.56408e-04      -3.19820e-03      -5.30683e-06       0.00000e+00       0.00000e+00       0.00000e+00
  409              -9.16266e-04      -3.75530e-03      -6.73478e-07       0.00000e+00       0.00000e+00       0.00000e+00
  410              -9.16266e-04      -3.75530e-03       6.73652e-07       0.00000e+00       0.00000e+00       0.00000e+00
  411              -8.01810e-04      -3.75250e-03      -7.85825e-07       0.00000e+00       0.00000e+00       0.00000e+00
  412              -8.01810e-04      -3.75250e-03       7.86000e-07       0.00000e+00       0.00000e+00       0.00000e+00
  413              -6.86084e-04      -3.74911e-03      -8.57796e-07       0.00000e+00       0.00000e+00       0.00000e+00
  414              -6.86084e-04      -3.74911e-03       8.57971e-07       0.00000e+00       0.00000e+00       0.00000e+00
  415              -5.72030e-04      -3.74698e-03      -6.56501e-07       0.00000e+00       0.00000e+00       0.00000e+00
  416              -5.72030e-04      -3.74698e-03       6.56677e-07       0.00000e+00       0.00000e+00       0.00000e+00
  417              -4.57034e-04      -3.74488e-03      -5.54318e-07       0.00000e+00       0.00000e+00       0.00000e+00
  418              -4.57034e-04      -3.74488e-03       5.54495e-07       0.00000e+00       0.00000e+00       0.00000e+00
  419              -3.42882e-04      -3.74338e-03      -4.10538e-07       0.00000e+00       0.00000e+00       0.00000e+00
  420              -3.42882e-04      -3.74338e-03       4.10715e-07       0.00000e+00       0.00000e+00       0.00000e+00
  421              -2.28406e-04      -3.74225e-03      -2.76913e-07       0.00000e+00       0.00000e+00       0.00000e+00
  422              -2.28406e-04      -3.74225e-03       2.77091e-07       0.00000e+00       0.00000e+00       0.00000e+00
  423              -1.14241e-04      -3.74160e-03      -1.38067e-07       0.00000e+00       0.00000e+00       0.00000e+00
  424              -1.14241e-04      -3.74160e-03       1.38246e-07       0.00000e+00       0.00000e+00       0.00000e+00
  425               2.25063e-12      -3.74138e-03       8.92760e-11       0.00000e+00       0.00000e+00       0.00000e+00
  426              -2.25063e-12      -3.74138e-03       8.92760e-11       0.00000e+00       0.00000e+00       0.00000e+00
  427               1.14241e-04      -3.74160e-03       1.38246e-07       0.00000e+00       0.00000e+00       0.00000e+00
  428               1.14241e-04      -3.74160e-03      -1.38067e-07       0.00000e+00       0.00000e+00       0.00000e+00
  429               2.28406e-04      -3.74225e-03       2.77091e-07       0.00000e+00       0.00000e+00       0.00000e+00
  430               2.28406e-04      -3.74225e-03      -2.76912e-07       0.00000e+00       0.00000e+00       0.00000e+00
  431               3.42882e-04      -3.74338e-03       4.10716e-07       0.00000e+00       0.00000e+00       0.00000e+00
  432               3.42882e-04      -3.74338e-03      -4.10537e-07       0.00000e+00       0.00000e+00       0.00000e+00
  433               4.57034e-04      -3.74488e-03       5.54496e-07       0.00000e+00       0.00000e+00       0.00000e+00
  434               4.57034e-04      -3.74488e-03      -5.54316e-07       0.00000e+00       0.00000e+00       0.00000e+00
  435               5.72030e-04      -3.74698e-03       6.56679e-07       0.00000e+00       0.00000e+00       0.00000e+00
  436               5.72030e-04      -3.74698e-03      -6.56499e-07       0.00000e+00       0.00000e+00       0.00000e+00
  437               6.86084e-04      -3.74911e-03       8.57974e-07       0.00000e+00       0.00000e+00       0.00000e+00
  438               6.86084e-04      -3.74911e-03      -8.57793e-07       0.00000e+00       0.00000e+00       0.00000e+00
  439               8.01810e-04      -3.75250e-03       7.86003e-07       0.00000e+00       0.00000e+00       0.00000e+00
  440               8.01810e-04      -3.75250e-03      -7.85823e-07       0.00000e+00       0.00000e+00       0.00000e+00
  441               9.16266e-04      -3.75530e-03       6.73655e-07       0.00000e+00       0.00000e+00       0.00000e+00
  442               9.16266e-04      -3.75530e-03      -6.73475e-07       0.00000e+00       0.00000e+00       0.00000e+00
  443              -9.73956e-04      -4.34995e-03      -4.64692e-06       0.00000e+00       0.00000e+00       0.00000e+00
  444              -9.73956e-04      -4.34995e-03       4.64712e-06       0.00000e+00       0.00000e+00       0.00000e+00
  445              -8.51039e-04      -4.34639e-03      -3.88478e-06       0.00000e+00       0.00000e+00       0.00000e+00
  446              -8.51039e-04      -4.34639e-03       3.88498e-06       0.00000e+00       0.00000e+00       0.00000e+00
  447              -7.29682e-04      -4.34413e-03      -3.15836e-06       0.00000e+00       0.00000e+00       0.00000e+00
  448              -7.29682e-04      -4.34413e-03       3.15856e-06       0.00000e+00       0.00000e+00       0.00000e+00
  449              -6.07198e-04      -4.34153e-03      -2.68946e-06       0.00000e+00       0.00000e+00       0.00000e+00
  450              -6.07198e-04      -4.34153e-03       2.68967e-06       0.00000e+00       0.00000e+00       0.00000e+00
  451              -4.85933e-04      -4.33978e-03      -2.12042e-06       0.00000e+00       0.00000e+00       0.00000e+00
  452              -4.85933e-04      -4.33978e-03       2.12062e-06       0.00000e+00       0.00000e+00       0.00000e+00
  453              -3.64107e-04      -4.33825e-03      -1.59830e-06       0.00000e+00       0.00000e+00       0.00000e+00
  454              -3.64107e-04      -4.33825e-03       1.59850e-06       0.00000e+00       0.00000e+00       0.00000e+00
  455              -2.42807e-04      -4.33724e-03      -1.06043e-06       0.00000e+00       0.00000e+00       0.00000e+00
  456              -2.42807e-04      -4.33724e-03       1.06064e-06       0.00000e+00       0.00000e+00       0.00000e+00
  457              -1.21331e-04      -4.33659e-03      -5.31501e-07       0.00000e+00       0.00000e+00       0.00000e+00
  458              -1.21331e-04      -4.33659e-03       5.31708e-07       0.00000e+00       0.00000e+00       0.00000e+00
  459               2.40054e-12      -4.33639e-03       1.03811e-10       0.00000e+00       0.00000e+00       0.00000e+00
  460              -2.40050e-12      -4.33639e-03       1.03811e-10       0.00000e+00       0.00000e+00       0.00000e+00
  461               1.21331e-04      -4.33659e-03       5.31709e-07       0.00000e+00       0.00000e+00       0.00000e+00
  462               1.21331e-04      -4.33659e-03      -5.31500e-07       0.00000e+00       0.00000e+00       0.00000e+00
  463               2.42807e-04      -4.33724e-03       1.06064e-06       0.00000e+00       0.00000e+00       0.00000e+00
  464               2.42807e-04      -4.33724e-03      -1.06043e-06       0.00000e+00       0.00000e+00       0.00000e+00
  465               3.64107e-04      -4.33825e-03       1.59850e-06       0.00000e+00       0.00000e+00       0.00000e+00
  466               3.64107e-04      -4.33825e-03      -1.59829e-06       0.00000e+00       0.00000e+00       0.00000e+00
  467               4.85933e-04      -4.33978e-03       2.12062e-06       0.00000e+00       0.00000e+00       0.00000e+00
  468               4.85933e-04      -4.33978e-03      -2.12041e-06       0.00000e+00       0.00000e+00       0.00000e+00
  469               6.07198e-04      -4.34153e-03       2.68967e-06       0.00000e+00       0.00000e+00       0.00000e+00
  470               6.07198e-04      -4.34153e-03      -2.68946e-06       0.00000e+00       0.00000e+00       0.00000e+00
  471               7.29682e-04      -4.34413e-03       3.15856e-06       0.00000e+00       0.00000e+00       0.00000e+00
  472               7.29682e-04      -4.34413e-03      -3.15835e-06       0.00000e+00       0.00000e+00       0.00000e+00
  473               8.51039e-04      -4.34639e-03       3.88498e-06       0.00000e+00       0.00000e+00       0.00000e+00
  474               8.51039e-04      -4.34639e-03      -3.88477e-06       0.00000e+00       0.00000e+00       0.00000e+00
  475               9.73956e-04      -4.34995e-03       4.64713e-06       0.00000e+00       0.00000e+00       0.00000e+00
  476               9.73956e-04      -4.34995e-03      -4.64692e-06       0.00000e+00       0.00000e+00       0.00000e+00
  477              -1.02806e-03      -4.97889e-03      -7.38300e-07       0.00000e+00       0.00000e+00       0.00000e+00
  478              -1.02806e-03      -4.97889e-03       7.38534e-07       0.00000e+00       0.00000e+00       0.00000e+00
  479              -8.99468e-04      -4.97626e-03      -8.19976e-07       0.00000e+00       0.00000e+00       0.00000e+00
  480              -8.99468e-04      -4.97626e-03       8.20211e-07       0.00000e+00       0.00000e+00       0.00000e+00
  481              -7.69946e-04      -4.97326e-03      -8.55205e-07       0.00000e+00       0.00000e+00       0.00000e+00
  482              -7.69946e-04      -4.97326e-03       8.55441e-07       0.00000e+00       0.00000e+00       0.00000e+00
  483              -6.41828e-04      -4.97137e-03      -6.63020e-07       0.00000e+00       0.00000e+00       0.00000e+00
  484              -6.41828e-04      -4.97137e-03       6.63256e-07       0.00000e+00       0.00000e+00       0.00000e+00
  485              -5.12897e-04      -4.96944e-03      -5.57798e-07       0.00000e+00       0.00000e+00       0.00000e+00
  486              -5.12897e-04      -4.96944e-03       5.58034e-07       0.00000e+00       0.00000e+00       0.00000e+00
  487              -3.84776e-04      -4.96812e-03      -4.11584e-07       0.00000e+00       0.00000e+00       0.00000e+00
  488              -3.84776e-04      -4.96812e-03       4.11821e-07       0.00000e+00       0.00000e+00       0.00000e+00
  489              -2.56336e-04      -4.96709e-03      -2.78598e-07       0.00000e+00       0.00000e+00       0.00000e+00
  490              -2.56336e-04      -4.96709e-03       2.78836e-07       0.00000e+00       0.00000e+00       0.00000e+00
  491              -1.28207e-04      -4.96651e-03      -1.38205e-07       0.00000e+00       0.00000e+00       0.00000e+00
  492              -1.28207e-04      -4.96651e-03       1.38444e-07       0.00000e+00       0.00000e+00       0.00000e+00
  493               2.54427e-12      -4.96630e-03       1.19264e-10       0.00000e+00       0.00000e+00       0.00000e+00
  494              -2.54427e-12      -4.96630e-03       1.19264e-10       0.00000e+00       0.00000e+00       0.00000e+00
  495               1.28207e-04      -4.96651e-03       1.38444e-07       0.00000e+00       0.00000e+00       0.00000e+00
  496               1.28207e-04      -4.96651e-03      -1.38205e-07       0.00000e+00       0.00000e+00       0.00000e+00
  497               2.56336e-04      -4.96709e-03       2.78837e-07       0.00000e+00       0.00000e+00       0.00000e+00
  498               2.56336e-04      -4.96709e-03      -2.78598e-07       0.00000e+00       0.00000e+00       0.00000e+00
  499               3.84776e-04      -4.96812e-03       4.11822e-07       0.00000e+00       0.00000e+00       0.00000e+00
  500               3.84776e-04      -4.96812e-03      -4.11583e-07       0.00000e+00       0.00000e+00       0.00000e+00
  501               5.12897e-04      -4.96944e-03       5.58036e-07       0.00000e+00       0.00000e+00       0.00000e+00
  502               5.12897e-04      -4.96944e-03      -5.57796e-07       0.00000e+00       0.00000e+00       0.00000e+00
  503               6.41828e-04      -4.97137e-03       6.63258e-07       0.00000e+00       0.00000e+00       0.00000e+00
  504               6.41828e-04      -4.97137e-03      -6.63018e-07       0.00000e+00       0.00000e+00       0.00000e+00
  505               7.69946e-04      -4.97326e-03       8.55443e-07       0.00000e+00       0.00000e+00       0.00000e+00
  506               7.69946e-04      -4.97326e-03      -8.55203e-07       0.00000e+00       0.00000e+00       0.00000e+00
  507               8.99468e-04      -4.97626e-03       8.20214e-07       0.00000e+00       0.00000e+00       0.00000e+00
  508               8.99468e-04      -4.97626e-03      -8.19973e-07       0.00000e+00       0.00000e+00       0.00000e+00
  509               1.02806e-03      -4.97889e-03       7.38538e-07       0.00000e+00       0.00000e+00       0.00000e+00
  510               1.02806e-03      -4.97889e-03      -7.38296e-07       0.00000e+00       0.00000e+00       0.00000e+00
  511              -1.07977e-03      -5.64140e-03      -4.04802e-06       0.00000e+00       0.00000e+00       0.00000e+00
  512              -1.07977e-03      -5.64140e-03       4.04829e-06       0.00000e+00       0.00000e+00       0.00000e+00
  513              -9.43762e-04      -5.63831e-03      -3.38481e-06       0.00000e+00       0.00000e+00       0.00000e+00
  514              -9.43762e-04      -5.63831e-03       3.38508e-06       0.00000e+00       0.00000e+00       0.00000e+00
  515              -8.09022e-04      -5.63623e-03      -2.75874e-06       0.00000e+00       0.00000e+00       0.00000e+00
  516              -8.09022e-04      -5.63623e-03       2.75901e-06       0.00000e+00       0.00000e+00       0.00000e+00
  517              -6.73402e-04      -5.63390e-03      -2.34654e-06       0.00000e+00       0.00000e+00       0.00000e+00
  518              -6.73402e-04      -5.63390e-03       2.34681e-06       0.00000e+00       0.00000e+00       0.00000e+00
  519              -5.38863e-04      -5.63236e-03      -1.84924e-06       0.00000e+00       0.00000e+00       0.00000e+00
  520              -5.38863e-04      -5.63236e-03       1.84951e-06       0.00000e+00       0.00000e+00       0.00000e+00
  521              -4.03813e-04      -5.63097e-03      -1.39552e-06       0.00000e+00       0.00000e+00       0.00000e+00
  522              -4.03813e-04      -5.63097e-03       1.39579e-06       0.00000e+00       0.00000e+00       0.00000e+00
  523              -2.69275e-04      -5.63008e-03      -9.24739e-07       0.00000e+00       0.00000e+00       0.00000e+00
  524              -2.69275e-04      -5.63008e-03       9.25009e-07       0.00000e+00       0.00000e+00       0.00000e+00
  525              -1.34565e-04      -5.62949e-03      -4.64087e-07       0.00000e+00       0.00000e+00       0.00000e+00
  526              -1.34565e-04      -5.62949e-03       4.64358e-07       0.00000e+00       0.00000e+00       0.00000e+00
  527               2.68197e-12      -5.62932e-03       1.35596e-10       0.00000e+00       0.00000e+00       0.00000e+00
  528              -2.68193e-12      -5.62932e-03       1.35596e-10       0.00000e+00       0.00000e+00       0.00000e+00
  529               1.34565e-04      -5.62949e-03       4.64358e-07       0.00000e+00       0.00000e+00       0.00000e+00
  530               1.34565e-04      -5.62949e-03      -4.64087e-07       0.00000e+00       0.00000e+00       0.00000e+00
  531               2.69275e-04      -5.63008e-03       9.25010e-07       0.00000e+00       0.00000e+00       0.00000e+00
  532               2.69275e-04      -5.63008e-03      -9.24738e-07       0.00000e+00       0.00000e+00       0.00000e+00
  533               4.03813e-04      -5.63097e-03       1.39579e-06       0.00000e+00       0.00000e+00       0.00000e+00
  534               4.03813e-04      -5.63097e-03      -1.39551e-06       0.00000e+00       0.00000e+00       0.00000e+00
  535               5.38863e-04      -5.63236e-03       1.84951e-06       0.00000e+00       0.00000e+00       0.00000e+00
  536               5.38863e-04      -5.63236e-03      -1.84924e-06       0.00000e+00       0.00000e+00       0.00000e+00
  537               6.73402e-04      -5.63390e-03       2.34682e-06       0.00000e+00       0.00000e+00       0.00000e+00
  538               6.73402e-04      -5.63390e-03      -2.34654e-06       0.00000e+00       0.00000e+00       0.00000e+00
  539               8.09022e-04      -5.63623e-03       2.75901e-06       0.00000e+00       0.00000e+00       0.00000e+00
  540               8.09022e-04      -5.63623e-03      -2.75874e-06       0.00000e+00       0.00000e+00       0.00000e+00
  541               9.43762e-04      -5.63831e-03       3.38508e-06       0.00000e+00       0.00000e+00       0.00000e+00
  542               9.43762e-04      -5.63831e-03      -3.38481e-06       0.00000e+00       0.00000e+00       0.00000e+00
  543               1.07977e-03      -5.64140e-03       4.04829e-06       0.00000e+00       0.00000e+00       0.00000e+00
  544               1.07977e-03      -5.64140e-03      -4.04802e-06       0.00000e+00       0.00000e+00       0.00000e+00
  545              -1.12807e-03      -6.33478e-03      -7.43449e-07       0.00000e+00       0.00000e+00       0.00000e+00
  546              -1.12807e-03      -6.33478e-03       7.43749e-07       0.00000e+00       0.00000e+00       0.00000e+00
  547              -9.86865e-04      -6.33236e-03      -7.99878e-07       0.00000e+00       0.00000e+00       0.00000e+00
  548              -9.86865e-04      -6.33236e-03       8.00179e-07       0.00000e+00       0.00000e+00       0.00000e+00
  549              -8.44976e-04      -6.32975e-03      -8.12739e-07       0.00000e+00       0.00000e+00       0.00000e+00
  550              -8.44976e-04      -6.32975e-03       8.13042e-07       0.00000e+00       0.00000e+00       0.00000e+00
  551              -7.04269e-04      -6.32807e-03      -6.37217e-07       0.00000e+00       0.00000e+00       0.00000e+00
  552              -7.04269e-04      -6.32807e-03       6.37520e-07       0.00000e+00       0.00000e+00       0.00000e+00
  553              -5.62889e-04      -6.32632e-03      -5.33605e-07       0.00000e+00       0.00000e+00       0.00000e+00
  554              -5.62889e-04      -6.32632e-03       5.33909e-07       0.00000e+00       0.00000e+00       0.00000e+00
  555              -4.22256e-04      -6.32517e-03      -3.93161e-07       0.00000e+00       0.00000e+00       0.00000e+00
  556              -4.22256e-04      -6.32517e-03       3.93465e-07       0.00000e+00       0.00000e+00       0.00000e+00
  557              -2.81328e-04      -6.32424e-03      -2.66669e-07       0.00000e+00       0.00000e+00       0.00000e+00
  558              -2.81328e-04      -6.32424e-03       2.66974e-07       0.00000e+00       0.00000e+00       0.00000e+00
  559              -1.40701e-04      -6.32374e-03      -1.31838e-07       0.00000e+00       0.00000e+00       0.00000e+00
  560              -1.40701e-04      -6.32374e-03       1.32143e-07       0.00000e+00       0.00000e+00       0.00000e+00
  561               2.81344e-12      -6.32355e-03       1.52769e-10       0.00000e+00       0.00000e+00       0.00000e+00
  562              -2.81343e-12      -6.32355e-03       1.52769e-10       0.00000e+00       0.00000e+00       0.00000e+00
  563               1.40701e-04      -6.32374e-03       1.32144e-07       0.00000e+00       0.00000e+00       0.00000e+00
  564               1.40701e-04      -6.32374e-03      -1.31838e-07       0.00000e+00       0.00000e+00       0.00000e+00
  565               2.81328e-04      -6.32424e-03       2.66975e-07       0.00000e+00       0.00000e+00       0.00000e+00
  566               2.81328e-04      -6.32424e-03      -2.66668e-07       0.00000e+00       0.00000e+00       0.00000e+00
  567               4.22256e-04      -6.32517e-03       3.93466e-07       0.00000e+00       0.00000e+00       0.00000e+00
  568               4.22256e-04      -6.32517e-03      -3.93159e-07       0.00000e+00       0.00000e+00       0.00000e+00
  569               5.62889e-04      -6.32632e-03       5.33911e-07       0.00000e+00       0.00000e+00       0.00000e+00
  570               5.62889e-04      -6.32632e-03      -5.33603e-07       0.00000e+00       0.00000e+00       0.00000e+00
  571               7.04269e-04      -6.32807e-03       6.37522e-07       0.00000e+00       0.00000e+00       0.00000e+00
  572               7.04269e-04      -6.32807e-03      -6.37215e-07       0.00000e+00       0.00000e+00       0.00000e+00
  573               8.44976e-04      -6.32975e-03       8.13045e-07       0.00000e+00       0.00000e+00       0.00000e+00
  574               8.44976e-04      -6.32975e-03      -8.12737e-07       0.00000e+00       0.00000e+00       0.00000e+00
  575               9.86865e-04      -6.33236e-03       8.00183e-07       0.00000e+00       0.00000e+00       0.00000e+00
  576               9.86865e-04      -6.33236e-03      -7.99874e-07       0.00000e+00       0.00000e+00       0.00000e+00
  577               1.12807e-03      -6.33478e-03       7.43753e-07       0.00000e+00       0.00000e+00       0.00000e+00
  578               1.12807e-03      -6.33478e-03      -7.43445e-07       0.00000e+00       0.00000e+00       0.00000e+00
  579              -1.17384e-03      -7.05784e-03      -3.50685e-06       0.00000e+00       0.00000e+00       0.00000e+00
  580              -1.17384e-03      -7.05784e-03       3.50719e-06       0.00000e+00       0.00000e+00       0.00000e+00
  581              -1.02617e-03      -7.05518e-03      -2.93389e-06       0.00000e+00       0.00000e+00       0.00000e+00
  582              -1.02617e-03      -7.05518e-03       2.93423e-06       0.00000e+00       0.00000e+00       0.00000e+00
  583              -8.79551e-04      -7.05330e-03      -2.39474e-06       0.00000e+00       0.00000e+00       0.00000e+00
  584              -8.79551e-04      -7.05330e-03       2.39508e-06       0.00000e+00       0.00000e+00       0.00000e+00
  585              -7.32256e-04      -7.05124e-03      -2.03389e-06       0.00000e+00       0.00000e+00       0.00000e+00
  586              -7.32256e-04      -7.05124e-03       2.03423e-06       0.00000e+00       0.00000e+00       0.00000e+00
  587              -5.85903e-04      -7.04991e-03      -1.60310e-06       0.00000e+00       0.00000e+00       0.00000e+00
  588              -5.85903e-04      -7.04991e-03       1.60344e-06       0.00000e+00       0.00000e+00       0.00000e+00
  589              -4.39111e-04      -7.04867e-03      -1.21065e-06       0.00000e+00       0.00000e+00       0.00000e+00
  590              -4.39111e-04      -7.04867e-03       1.21099e-06       0.00000e+00       0.00000e+00       0.00000e+00
  591              -2.92800e-04      -7.04789e-03      -8.01407e-07       0.00000e+00       0.00000e+00       0.00000e+00
  592              -2.92800e-04      -7.04789e-03       8.01747e-07       0.00000e+00       0.00000e+00       0.00000e+00
  593              -1.46330e-04      -7.04736e-03      -4.02645e-07       0.00000e+00       0.00000e+00       0.00000e+00
  594              -1.46330e-04      -7.04736e-03       4.02986e-07       0.00000e+00       0.00000e+00       0.00000e+00
  595               2.93567e-12      -7.04722e-03       1.70735e-10       0.00000e+00       0.00000e+00       0.00000e+00
  596              -2.93558e-12      -7.04722e-03       1.70735e-10       0.00000e+00       0.00000e+00       0.00000e+00
  597               1.46330e-04      -7.04736e-03       4.02986e-07       0.00000e+00       0.00000e+00       0.00000e+00
  598               1.46330e-04      -7.04736e-03      -4.02644e-07       0.00000e+00       0.00000e+00       0.00000e+00
  599               2.92800e-04      -7.04789e-03       8.01748e-07       0.00000e+00       0.00000e+00       0.00000e+00
  600               2.92800e-04      -7.04789e-03      -8.01406e-07       0.00000e+00       0.00000e+00       0.00000e+00
  601               4.39111e-04      -7.04867e-03       1.21099e-06       0.00000e+00       0.00000e+00       0.00000e+00
  602               4.39111e-04      -7.04867e-03      -1.21065e-06       0.00000e+00       0.00000e+00       0.00000e+00
  603               5.85903e-04      -7.04991e-03       1.60344e-06       0.00000e+00       0.00000e+00       0.00000e+00
  604               5.85903e-04      -7.04991e-03      -1.60310e-06       0.00000e+00       0.00000e+00       0.00000e+00
  605               7.32256e-04      -7.05124e-03       2.03423e-06       0.00000e+00       0.00000e+00       0.00000e+00
  606               7.32256e-04      -7.05124e-03      -2.03389e-06       0.00000e+00       0.00000e+00       0.00000e+00
  607               8.79551e-04      -7.05330e-03       2.39509e-06       0.00000e+00       0.00000e+00       0.00000e+00
  608               8.79551e-04      -7.05330e-03      -2.39474e-06       0.00000e+00       0.00000e+00       0.00000e+00
  609               1.02617e-03      -7.05518e-03       2.93423e-06       0.00000e+00       0.00000e+00       0.00000e+00
  610               1.02617e-03      -7.05518e-03      -2.93389e-06       0.00000e+00       0.00000e+00       0.00000e+00
  611               1.17384e-03      -7.05784e-03       3.50720e-06       0.00000e+00       0.00000e+00       0.00000e+00
  612               1.17384e-03      -7.05784e-03      -3.50685e-06       0.00000e+00       0.00000e+00       0.00000e+00
  613              -1.21631e-03      -7.80828e-03      -6.93090e-07       0.00000e+00       0.00000e+00       0.00000e+00
  614              -1.21631e-03      -7.80828e-03       6.93464e-07       0.00000e+00       0.00000e+00       0.00000e+00
  615              -1.06399e-03      -7.80609e-03      -7.35337e-07       0.00000e+00       0.00000e+00       0.00000e+00
  616              -1.06399e-03      -7.80609e-03       7.35712e-07       0.00000e+00       0.00000e+00       0.00000e+00
  617              -9.11175e-04      -7.80385e-03      -7.38310e-07       0.00000e+00       0.00000e+00       0.00000e+00
  618              -9.11175e-04      -7.80385e-03       7.38685e-07       0.00000e+00       0.00000e+00       0.00000e+00
  619              -7.59360e-04      -7.80238e-03      -5.83082e-07       0.00000e+00       0.00000e+00       0.00000e+00
  620              -7.59360e-04      -7.80238e-03       5.83458e-07       0.00000e+00       0.00000e+00       0.00000e+00
  621              -6.07007e-04      -7.80083e-03      -4.86750e-07       0.00000e+00       0.00000e+00       0.00000e+00
  622              -6.07007e-04      -7.80083e-03       4.87126e-07       0.00000e+00       0.00000e+00       0.00000e+00
  623              -4.55324e-04      -7.79985e-03      -3.58232e-07       0.00000e+00       0.00000e+00       0.00000e+00
  624              -4.55324e-04      -7.79985e-03       3.58609e-07       0.00000e+00       0.00000e+00       0.00000e+00
  625              -3.03382e-04      -7.79902e-03      -2.43484e-07       0.00000e+00       0.00000e+00       0.00000e+00
  626              -3.03382e-04      -7.79902e-03       2.43862e-07       0.00000e+00       0.00000e+00       0.00000e+00
  627              -1.51725e-04      -7.79859e-03      -1.19972e-07       0.00000e+00       0.00000e+00       0.00000e+00
  628              -1.51725e-04      -7.79859e-03       1.20350e-07       0.00000e+00       0.00000e+00       0.00000e+00
  629               3.04719e-12      -7.79841e-03       1.89432e-10       0.00000e+00       0.00000e+00       0.00000e+00
  630              -3.04717e-12      -7.79841e-03       1.89432e-10       0.00000e+00       0.00000e+00       0.00000e+00
  631               1.51725e-04      -7.79859e-03       1.20351e-07       0.00000e+00       0.00000e+00       0.00000e+00
  632               1.51725e-04      -7.79859e-03      -1.19971e-07       0.00000e+00       0.00000e+00       0.00000e+00
  633               3.03382e-04      -7.79902e-03       2.43863e-07       0.00000e+00       0.00000e+00       0.00000e+00
  634               3.03382e-04      -7.79902e-03      -2.43483e-07       0.00000e+00       0.00000e+00       0.00000e+00
  635               4.55324e-04      -7.79985e-03       3.58611e-07       0.00000e+00       0.00000e+00       0.00000e+00
  636               4.55324e-04      -7.79985e-03      -3.58230e-07       0.00000e+00       0.00000e+00       0.00000e+00
  637               6.07007e-04      -7.80083e-03       4.87128e-07       0.00000e+00       0.00000e+00       0.00000e+00
  638               6.07007e-04      -7.80083e-03      -4.86748e-07       0.00000e+00       0.00000e+00       0.00000e+00
  639               7.59360e-04      -7.80238e-03       5.83460e-07       0.00000e+00       0.00000e+00       0.00000e+00
  640               7.59360e-04      -7.80238e-03      -5.83079e-07       0.00000e+00       0.00000e+00       0.00000e+00
  641               9.11175e-04      -7.80385e-03       7.38688e-07       0.00000e+00       0.00000e+00       0.00000e+00
  642               9.11175e-04      -7.80385e-03      -7.38307e-07       0.00000e+00       0.00000e+00       0.00000e+00
  643               1.06399e-03      -7.80609e-03       7.35716e-07       0.00000e+00       0.00000e+00       0.00000e+00
  644               1.06399e-03      -7.80609e-03      -7.35334e-07       0.00000e+00       0.00000e+00       0.00000e+00
  645               1.21631e-03      -7.80828e-03       6.93469e-07       0.00000e+00       0.00000e+00       0.00000e+00
  646               1.21631e-03      -7.80828e-03      -6.93086e-07       0.00000e+00       0.00000e+00       0.00000e+00
  647              -1.25616e-03      -8.58455e-03      -3.01889e-06       0.00000e+00       0.00000e+00       0.00000e+00
  648              -1.25616e-03      -8.58455e-03       3.01930e-06       0.00000e+00       0.00000e+00       0.00000e+00
  649              -1.09826e-03      -8.58232e-03      -2.52336e-06       0.00000e+00       0.00000e+00       0.00000e+00
  650              -1.09826e-03      -8.58232e-03       2.52377e-06       0.00000e+00       0.00000e+00       0.00000e+00
  651              -9.41269e-04      -8.58065e-03      -2.05951e-06       0.00000e+00       0.00000e+00       0.00000e+00
  652              -9.41269e-04      -8.58065e-03       2.05992e-06       0.00000e+00       0.00000e+00       0.00000e+00
  653              -7.83756e-04      -8.57886e-03      -1.74773e-06       0.00000e+00       0.00000e+00       0.00000e+00
  654              -7.83756e-04      -8.57886e-03       1.74814e-06       0.00000e+00       0.00000e+00       0.00000e+00
  655              -6.27056e-04      -8.57773e-03      -1.37751e-06       0.00000e+00       0.00000e+00       0.00000e+00
  656              -6.27056e-04      -8.57773e-03       1.37793e-06       0.00000e+00       0.00000e+00       0.00000e+00
  657              -4.69999e-04      -8.57663e-03      -1.04099e-06       0.00000e+00       0.00000e+00       0.00000e+00
  658              -4.69999e-04      -8.57663e-03       1.04141e-06       0.00000e+00       0.00000e+00       0.00000e+00
  659              -3.13383e-04      -8.57597e-03      -6.88340e-07       0.00000e+00       0.00000e+00       0.00000e+00
  660              -3.13383e-04      -8.57597e-03       6.88756e-07       0.00000e+00       0.00000e+00       0.00000e+00
  661              -1.56625e-04      -8.57550e-03      -3.46259e-07       0.00000e+00       0.00000e+00       0.00000e+00
  662              -1.56625e-04      -8.57550e-03       3.46676e-07       0.00000e+00       0.00000e+00       0.00000e+00
  663               3.15042e-12      -8.57538e-03       2.08799e-10       0.00000e+00       0.00000e+00       0.00000e+00
  664              -3.15035e-12      -8.57538e-03       2.08799e-10       0.00000e+00       0.00000e+00       0.00000e+00
  665               1.56625e-04      -8.57550e-03       3.46677e-07       0.00000e+00       0.00000e+00       0.00000e+00
  666               1.56625e-04      -8.57550e-03      -3.46258e-07       0.00000e+00       0.00000e+00       0.00000e+00
  667               3.13383e-04      -8.57597e-03       6.88757e-07       0.00000e+00       0.00000e+00       0.00000e+00
  668               3.13383e-04      -8.57597e-03      -6.88339e-07       0.00000e+00       0.00000e+00       0.00000e+00
  669               4.69999e-04      -8.57663e-03       1.04141e-06       0.00000e+00       0.00000e+00       0.00000e+00
  670               4.69999e-04      -8.57663e-03      -1.04099e-06       0.00000e+00       0.00000e+00       0.00000e+00
  671               6.27056e-04      -8.57773e-03       1.37793e-06       0.00000e+00       0.00000e+00       0.00000e+00
  672               6.27056e-04      -8.57773e-03      -1.37751e-06       0.00000e+00       0.00000e+00       0.00000e+00
  673               7.83756e-04      -8.57886e-03       1.74814e-06       0.00000e+00       0.00000e+00       0.00000e+00
  674               7.83756e-04      -8.57886e-03      -1.74772e-06       0.00000e+00       0.00000e+00       0.00000e+00
  675               9.41269e-04      -8.58065e-03       2.05993e-06       0.00000e+00       0.00000e+00       0.00000e+00
  676               9.41269e-04      -8.58065e-03      -2.05951e-06       0.00000e+00       0.00000e+00       0.00000e+00
  677               1.09826e-03      -8.58232e-03       2.52377e-06       0.00000e+00       0.00000e+00       0.00000e+00
  678               1.09826e-03      -8.58232e-03      -2.52335e-06       0.00000e+00       0.00000e+00       0.00000e+00
  679               1.25616e-03      -8.58455e-03       3.01930e-06       0.00000e+00       0.00000e+00       0.00000e+00
  680               1.25616e-03      -8.58455e-03      -3.01888e-06       0.00000e+00       0.00000e+00       0.00000e+00
  681              -1.29277e-03      -9.38469e-03      -5.91734e-07       0.00000e+00       0.00000e+00       0.00000e+00
  682              -1.29277e-03      -9.38469e-03       5.92187e-07       0.00000e+00       0.00000e+00       0.00000e+00
  683              -1.13085e-03      -9.38275e-03      -6.33937e-07       0.00000e+00       0.00000e+00       0.00000e+00
  684              -1.13085e-03      -9.38275e-03       6.34390e-07       0.00000e+00       0.00000e+00       0.00000e+00
  685              -9.68544e-04      -9.38086e-03      -6.37935e-07       0.00000e+00       0.00000e+00       0.00000e+00
  686              -9.68544e-04      -9.38086e-03       6.38390e-07       0.00000e+00       0.00000e+00       0.00000e+00
  687              -8.07102e-04      -9.37961e-03      -5.04193e-07       0.00000e+00       0.00000e+00       0.00000e+00
  688              -8.07102e-04      -9.37961e-03       5.04648e-07       0.00000e+00       0.00000e+00       0.00000e+00
  689              -6.45248e-04      -9.37826e-03      -4.21170e-07       0.00000e+00       0.00000e+00       0.00000e+00
  690              -6.45248e-04      -9.37826e-03       4.21625e-07       0.00000e+00       0.00000e+00       0.00000e+00
  691              -4.83980e-04      -9.37743e-03      -3.09264e-07       0.00000e+00       0.00000e+00       0.00000e+00
  692              -4.83980e-04      -9.37743e-03       3.09720e-07       0.00000e+00       0.00000e+00       0.00000e+00
  693              -3.22496e-04      -9.37671e-03      -2.10895e-07       0.00000e+00       0.00000e+00       0.00000e+00
  694              -3.22496e-04      -9.37671e-03       2.11351e-07       0.00000e+00       0.00000e+00       0.00000e+00
  695              -1.61279e-04      -9.37635e-03      -1.03443e-07       0.00000e+00       0.00000e+00       0.00000e+00
  696              -1.61279e-04      -9.37635e-03       1.03900e-07       0.00000e+00       0.00000e+00       0.00000e+00
  697               3.24361e-12      -9.37619e-03       2.28781e-10       0.00000e+00       0.00000e+00       0.00000e+00
  698              -3.24360e-12      -9.37619e-03       2.28781e-10       0.00000e+00       0.00000e+00       0.00000e+00
  699               1.61279e-04      -9.37635e-03       1.03901e-07       0.00000e+00       0.00000e+00       0.00000e+00
  700               1.61279e-04      -9.37635e-03      -1.03443e-07       0.00000e+00       0.00000e+00       0.00000e+00
  701               3.22496e-04      -9.37671e-03       2.11352e-07       0.00000e+00       0.00000e+00       0.00000e+00
  702               3.22496e-04      -9.37671e-03      -2.10894e-07       0.00000e+00       0.00000e+00       0.00000e+00
  703               4.83980e-04      -9.37743e-03       3.09722e-07       0.00000e+00       0.00000e+00       0.00000e+00
  704               4.83980e-04      -9.37743e-03      -3.09263e-07       0.00000e+00       0.00000e+00       0.00000e+00
  705               6.45248e-04      -9.37826e-03       4.21627e-07       0.00000e+00       0.00000e+00       0.00000e+00
  706               6.45248e-04      -9.37826e-03      -4.21168e-07       0.00000e+00       0.00000e+00       0.00000e+00
  707               8.07102e-04      -9.37961e-03       5.04650e-07       0.00000e+00       0.00000e+00       0.00000e+00
  708               8.07102e-04      -9.37961e-03      -5.04190e-07       0.00000e+00       0.00000e+00       0.00000e+00
  709               9.68544e-04      -9.38086e-03       6.38393e-07       0.00000e+00       0.00000e+00       0.00000e+00
  710               9.68544e-04      -9.38086e-03      -6.37932e-07       0.00000e+00       0.00000e+00       0.00000e+00
  711               1.13085e-03      -9.38275e-03       6.34394e-07       0.00000e+00       0.00000e+00       0.00000e+00
  712               1.13085e-03      -9.38275e-03      -6.33933e-07       0.00000e+00       0.00000e+00       0.00000e+00
  713               1.29277e-03      -9.38469e-03       5.92191e-07       0.00000e+00       0.00000e+00       0.00000e+00
  714               1.29277e-03      -9.38469e-03      -5.91730e-07       0.00000e+00       0.00000e+00       0.00000e+00
  715              -1.32672e-03      -1.02068e-02      -2.57991e-06       0.00000e+00       0.00000e+00       0.00000e+00
  716              -1.32672e-03      -1.02068e-02       2.58041e-06       0.00000e+00       0.00000e+00       0.00000e+00
  717              -1.16004e-03      -1.02050e-02      -2.14665e-06       0.00000e+00       0.00000e+00       0.00000e+00
  718              -1.16004e-03      -1.02050e-02       2.14714e-06       0.00000e+00       0.00000e+00       0.00000e+00
  719              -9.94171e-04      -1.02036e-02      -1.74769e-06       0.00000e+00       0.00000e+00       0.00000e+00
  720              -9.94171e-04      -1.02036e-02       1.74818e-06       0.00000e+00       0.00000e+00       0.00000e+00
  721              -8.27903e-04      -1.02020e-02      -1.48465e-06       0.00000e+00       0.00000e+00       0.00000e+00
  722              -8.27904e-04      -1.02020e-02       1.48514e-06       0.00000e+00       0.00000e+00       0.00000e+00
  723              -6.62327e-04      -1.02011e-02      -1.16907e-06       0.00000e+00       0.00000e+00       0.00000e+00
  724              -6.62327e-04      -1.02011e-02       1.16957e-06       0.00000e+00       0.00000e+00       0.00000e+00
  725              -4.96477e-04      -1.02002e-02      -8.84280e-07       0.00000e+00       0.00000e+00       0.00000e+00
  726              -4.96477e-04      -1.02002e-02       8.84777e-07       0.00000e+00       0.00000e+00       0.00000e+00
  727              -3.31024e-04      -1.01996e-02      -5.83916e-07       0.00000e+00       0.00000e+00       0.00000e+00
  728              -3.31024e-04      -1.01996e-02       5.84414e-07       0.00000e+00       0.00000e+00       0.00000e+00
  729              -1.65450e-04      -1.01992e-02      -2.94161e-07       0.00000e+00       0.00000e+00       0.00000e+00
  730              -1.65450e-04      -1.01992e-02       2.94659e-07       0.00000e+00       0.00000e+00       0.00000e+00
  731               3.33020e-12      -1.01991e-02       2.49324e-10       0.00000e+00       0.00000e+00       0.00000e+00
  732              -3.33009e-12      -1.01991e-02       2.49324e-10       0.00000e+00       0.00000e+00       0.00000e+00
  733               1.65450e-04      -1.01992e-02       2.94660e-07       0.00000e+00       0.00000e+00       0.00000e+00
  734               1.65450e-04      -1.01992e-02      -2.94161e-07       0.00000e+00       0.00000e+00       0.00000e+00
  735               3.31024e-04      -1.01996e-02       5.84415e-07       0.00000e+00       0.00000e+00       0.00000e+00
  736               3.31024e-04      -1.01996e-02      -5.83915e-07       0.00000e+00       0.00000e+00       0.00000e+00
  737               4.96477e-04      -1.02002e-02       8.84779e-07       0.00000e+00       0.00000e+00       0.00000e+00
  738               4.96477e-04      -1.02002e-02      -8.84279e-07       0.00000e+00       0.00000e+00       0.00000e+00
  739               6.62327e-04      -1.02011e-02       1.16957e-06       0.00000e+00       0.00000e+00       0.00000e+00
  740               6.62327e-04      -1.02011e-02      -1.16907e-06       0.00000e+00       0.00000e+00       0.00000e+00
  741               8.27904e-04      -1.02020e-02       1.48514e-06       0.00000e+00       0.00000e+00       0.00000e+00
  742               8.27903e-04      -1.02020e-02      -1.48464e-06       0.00000e+00       0.00000e+00       0.00000e+00
  743               9.94171e-04      -1.02036e-02       1.74818e-06       0.00000e+00       0.00000e+00       0.00000e+00
  744               9.94171e-04      -1.02036e-02      -1.74768e-06       0.00000e+00       0.00000e+00       0.00000e+00
  745               1.16004e-03      -1.02050e-02       2.14715e-06       0.00000e+00       0.00000e+00       0.00000e+00
  746               1.16004e-03      -1.02050e-02      -2.14664e-06       0.00000e+00       0.00000e+00       0.00000e+00
  747               1.32672e-03      -1.02068e-02       2.58041e-06       0.00000e+00       0.00000e+00       0.00000e+00
  748               1.32672e-03      -1.02068e-02      -2.57991e-06       0.00000e+00       0.00000e+00       0.00000e+00
  749              -1.35747e-03      -1.10493e-02      -4.43085e-07       0.00000e+00       0.00000e+00       0.00000e+00
  750              -1.35747e-03      -1.10493e-02       4.43621e-07       0.00000e+00       0.00000e+00       0.00000e+00
  751              -1.18742e-03      -1.10476e-02      -5.01233e-07       0.00000e+00       0.00000e+00       0.00000e+00
  752              -1.18742e-03      -1.10476e-02       5.01769e-07       0.00000e+00       0.00000e+00       0.00000e+00
  753              -1.01709e-03      -1.10461e-02      -5.16435e-07       0.00000e+00       0.00000e+00       0.00000e+00
  754              -1.01709e-03      -1.10461e-02       5.16972e-07       0.00000e+00       0.00000e+00       0.00000e+00
  755              -8.47495e-04      -1.10451e-02      -4.03826e-07       0.00000e+00       0.00000e+00       0.00000e+00
  756              -8.47495e-04      -1.10451e-02       4.04364e-07       0.00000e+00       0.00000e+00       0.00000e+00
  757              -6.77609e-04      -1.10439e-02      -3.39737e-07       0.00000e+00       0.00000e+00       0.00000e+00
  758              -6.77609e-04      -1.10439e-02       3.40276e-07       0.00000e+00       0.00000e+00       0.00000e+00
  759              -5.08226e-04      -1.10432e-02      -2.48358e-07       0.00000e+00       0.00000e+00       0.00000e+00
  760              -5.08226e-04      -1.10432e-02       2.48897e-07       0.00000e+00       0.00000e+00       0.00000e+00
  761              -3.38671e-04      -1.10426e-02      -1.70302e-07       0.00000e+00       0.00000e+00       0.00000e+00
  762              -3.38671e-04      -1.10426e-02       1.70842e-07       0.00000e+00       0.00000e+00       0.00000e+00
  763              -1.69362e-04      -1.10423e-02      -8.29661e-08       0.00000e+00       0.00000e+00       0.00000e+00
  764              -1.69362e-04      -1.10423e-02       8.35063e-08       0.00000e+00       0.00000e+00       0.00000e+00
  765               3.40643e-12      -1.10422e-02       2.70376e-10       0.00000e+00       0.00000e+00       0.00000e+00
  766              -3.40640e-12      -1.10422e-02       2.70376e-10       0.00000e+00       0.00000e+00       0.00000e+00
  767               1.69362e-04      -1.10423e-02       8.35068e-08       0.00000e+00       0.00000e+00       0.00000e+00
  768               1.69362e-04      -1.10423e-02      -8.29656e-08       0.00000e+00       0.00000e+00       0.00000e+00
  769               3.38671e-04      -1.10426e-02       1.70843e-07       0.00000e+00       0.00000e+00       0.00000e+00
  770               3.38671e-04      -1.10426e-02      -1.70301e-07       0.00000e+00       0.00000e+00       0.00000e+00
  771               5.08226e-04      -1.10432e-02       2.48899e-07       0.00000e+00       0.00000e+00       0.00000e+00
  772               5.08226e-04      -1.10432e-02      -2.48357e-07       0.00000e+00       0.00000e+00       0.00000e+00
  773               6.77609e-04      -1.10439e-02       3.40278e-07       0.00000e+00       0.00000e+00       0.00000e+00
  774               6.77609e-04      -1.10439e-02      -3.39735e-07       0.00000e+00       0.00000e+00       0.00000e+00
  775               8.47495e-04      -1.10451e-02       4.04367e-07       0.00000e+00       0.00000e+00       0.00000e+00
  776               8.47495e-04      -1.10451e-02      -4.03824e-07       0.00000e+00       0.00000e+00       0.00000e+00
  777               1.01709e-03      -1.10461e-02       5.16975e-07       0.00000e+00       0.00000e+00       0.00000e+00
  778               1.01709e-03      -1.10461e-02      -5.16432e-07       0.00000e+00       0.00000e+00       0.00000e+00
  779               1.18742e-03      -1.10476e-02       5.01773e-07       0.00000e+00       0.00000e+00       0.00000e+00
  780               1.18742e-03      -1.10476e-02      -5.01229e-07       0.00000e+00       0.00000e+00       0.00000e+00
  781               1.35747e-03      -1.10493e-02       4.43625e-07       0.00000e+00       0.00000e+00       0.00000e+00
  782               1.35747e-03      -1.10493e-02      -4.43081e-07       0.00000e+00       0.00000e+00       0.00000e+00
  783              -1.38553e-03      -1.19100e-02      -2.18688e-06       0.00000e+00       0.00000e+00       0.00000e+00
  784              -1.38553e-03      -1.19100e-02       2.18746e-06       0.00000e+00       0.00000e+00       0.00000e+00
  785              -1.21153e-03      -1.19086e-02      -1.79925e-06       0.00000e+00       0.00000e+00       0.00000e+00
  786              -1.21153e-03      -1.19086e-02       1.79983e-06       0.00000e+00       0.00000e+00       0.00000e+00
  787              -1.03825e-03      -1.19074e-02      -1.45489e-06       0.00000e+00       0.00000e+00       0.00000e+00
  788              -1.03825e-03      -1.19074e-02       1.45547e-06       0.00000e+00       0.00000e+00       0.00000e+00
  789              -8.64699e-04      -1.19061e-02      -1.24143e-06       0.00000e+00       0.00000e+00       0.00000e+00
  790              -8.64699e-04      -1.19061e-02       1.24201e-06       0.00000e+00       0.00000e+00       0.00000e+00
  791              -6.91717e-04      -1.19053e-02      -9.75448e-07       0.00000e+00       0.00000e+00       0.00000e+00
  792              -6.91717e-04      -1.19053e-02       9.76029e-07       0.00000e+00       0.00000e+00       0.00000e+00
  793              -5.18544e-04      -1.19045e-02      -7.38548e-07       0.00000e+00       0.00000e+00       0.00000e+00
  794              -5.18544e-04      -1.19045e-02       7.39130e-07       0.00000e+00       0.00000e+00       0.00000e+00
  795              -3.45723e-04      -1.19041e-02      -4.86966e-07       0.00000e+00       0.00000e+00       0.00000e+00
  796              -3.45723e-04      -1.19041e-02       4.87549e-07       0.00000e+00       0.00000e+00       0.00000e+00
  797              -1.72804e-04      -1.19038e-02      -2.45682e-07       0.00000e+00       0.00000e+00       0.00000e+00
  798              -1.72804e-04      -1.19038e-02       2.46265e-07       0.00000e+00       0.00000e+00       0.00000e+00
  799               3.47220e-12      -1.19037e-02       2.91872e-10       0.00000e+00       0.00000e+00       0.00000e+00
  800              -3.47209e-12      -1.19037e-02       2.91872e-10       0.00000e+00       0.00000e+00       0.00000e+00
  801               1.72804e-04      -1.19038e-02       2.46265e-07       0.00000e+00       0.00000e+00       0.00000e+00
  802               1.72804e-04      -1.19038e-02      -2.45681e-07       0.00000e+00       0.00000e+00       0.00000e+00
  803               3.45723e-04      -1.19041e-02       4.87550e-07       0.00000e+00       0.00000e+00       0.00000e+00
  804               3.45723e-04      -1.19041e-02      -4.86965e-07       0.00000e+00       0.00000e+00       0.00000e+00
  805               5.18544e-04      -1.19045e-02       7.39132e-07       0.00000e+00       0.00000e+00       0.00000e+00
  806               5.18544e-04      -1.19045e-02      -7.38547e-07       0.00000e+00       0.00000e+00       0.00000e+00
  807               6.91717e-04      -1.19053e-02       9.76031e-07       0.00000e+00       0.00000e+00       0.00000e+00
  808               6.91717e-04      -1.19053e-02      -9.75446e-07       0.00000e+00       0.00000e+00       0.00000e+00
  809               8.64699e-04      -1.19061e-02       1.24201e-06       0.00000e+00       0.00000e+00       0.00000e+00
  810               8.64699e-04      -1.19061e-02      -1.24143e-06       0.00000e+00       0.00000e+00       0.00000e+00
  811               1.03825e-03      -1.19074e-02       1.45548e-06       0.00000e+00       0.00000e+00       0.00000e+00
  812               1.03825e-03      -1.19074e-02      -1.45489e-06       0.00000e+00       0.00000e+00       0.00000e+00
  813               1.21153e-03      -1.19086e-02       1.79983e-06       0.00000e+00       0.00000e+00       0.00000e+00
  814               1.21153e-03      -1.19086e-02      -1.79924e-06       0.00000e+00       0.00000e+00       0.00000e+00
  815               1.38553e-03      -1.19100e-02       2.18746e-06       0.00000e+00       0.00000e+00       0.00000e+00
  816               1.38553e-03      -1.19100e-02      -2.18687e-06       0.00000e+00       0.00000e+00       0.00000e+00
  817              -1.41040e-03      -1.27875e-02      -2.49448e-07       0.00000e+00       0.00000e+00       0.00000e+00
  818              -1.41040e-03      -1.27875e-02       2.50071e-07       0.00000e+00       0.00000e+00       0.00000e+00
  819              -1.23371e-03      -1.27860e-02      -3.40578e-07       0.00000e+00       0.00000e+00       0.00000e+00
  820              -1.23371e-03      -1.27860e-02       3.41202e-07       0.00000e+00       0.00000e+00       0.00000e+00
  821              -1.05681e-03      -1.27848e-02      -3.77805e-07       0.00000e+00       0.00000e+00       0.00000e+00
  822              -1.05681e-03      -1.27848e-02       3.78429e-07       0.00000e+00       0.00000e+00       0.00000e+00
  823              -8.80536e-04      -1.27840e-02      -2.85284e-07       0.00000e+00       0.00000e+00       0.00000e+00
  824              -8.80536e-04      -1.27840e-02       2.85909e-07       0.00000e+00       0.00000e+00       0.00000e+00
  825              -7.04086e-04      -1.27831e-02      -2.44238e-07       0.00000e+00       0.00000e+00       0.00000e+00
  826              -7.04086e-04      -1.27831e-02       2.44864e-07       0.00000e+00       0.00000e+00       0.00000e+00
  827              -5.28062e-04      -1.27826e-02      -1.77395e-07       0.00000e+00       0.00000e+00       0.00000e+00
  828              -5.28062e-04      -1.27826e-02       1.78021e-07       0.00000e+00       0.00000e+00       0.00000e+00
  829              -3.51907e-04      -1.27820e-02      -1.22621e-07       0.00000e+00       0.00000e+00       0.00000e+00
  830              -3.51907e-04      -1.27820e-02       1.23247e-07       0.00000e+00       0.00000e+00       0.00000e+00
  831              -1.75975e-04      -1.27818e-02      -5.91830e-08       0.00000e+00       0.00000e+00       0.00000e+00
  832              -1.75975e-04      -1.27818e-02       5.98100e-08       0.00000e+00       0.00000e+00       0.00000e+00
  833               3.52966e-12      -1.27817e-02       3.13752e-10       0.00000e+00       0.00000e+00       0.00000e+00
  834              -3.52963e-12      -1.27817e-02       3.13752e-10       0.00000e+00       0.00000e+00       0.00000e+00
  835               1.75975e-04      -1.27818e-02       5.98105e-08       0.00000e+00       0.00000e+00       0.00000e+00
  836               1.75975e-04      -1.27818e-02      -5.91825e-08       0.00000e+00       0.00000e+00       0.00000e+00
  837               3.51907e-04      -1.27820e-02       1.23248e-07       0.00000e+00       0.00000e+00       0.00000e+00
  838               3.51907e-04      -1.27820e-02      -1.22620e-07       0.00000e+00       0.00000e+00       0.00000e+00
  839               5.28062e-04      -1.27826e-02       1.78022e-07       0.00000e+00       0.00000e+00       0.00000e+00
  840               5.28062e-04      -1.27826e-02      -1.77394e-07       0.00000e+00       0.00000e+00       0.00000e+00
  841               7.04086e-04      -1.27831e-02       2.44865e-07       0.00000e+00       0.00000e+00       0.00000e+00
  842               7.04086e-04      -1.27831e-02      -2.44236e-07       0.00000e+00       0.00000e+00       0.00000e+00
  843               8.80536e-04      -1.27840e-02       2.85911e-07       0.00000e+00       0.00000e+00       0.00000e+00
  844               8.80536e-04      -1.27840e-02      -2.85281e-07       0.00000e+00       0.00000e+00       0.00000e+00
  845               1.05681e-03      -1.27848e-02       3.78432e-07       0.00000e+00       0.00000e+00       0.00000e+00
  846               1.05681e-03      -1.27848e-02      -3.77802e-07       0.00000e+00       0.00000e+00       0.00000e+00
  847               1.23371e-03      -1.27860e-02       3.41205e-07       0.00000e+00       0.00000e+00       0.00000e+00
  848               1.23371e-03      -1.27860e-02      -3.40575e-07       0.00000e+00       0.00000e+00       0.00000e+00
  849               1.41040e-03      -1.27875e-02       2.50075e-07       0.00000e+00       0.00000e+00       0.00000e+00
  850               1.41040e-03      -1.27875e-02      -2.49444e-07       0.00000e+00       0.00000e+00       0.00000e+00
  851              -1.43258e-03      -1.36792e-02      -1.83827e-06       0.00000e+00       0.00000e+00       0.00000e+00
  852              -1.43258e-03      -1.36792e-02       1.83894e-06       0.00000e+00       0.00000e+00       0.00000e+00
  853              -1.25272e-03      -1.36783e-02      -1.47923e-06       0.00000e+00       0.00000e+00       0.00000e+00
  854              -1.25272e-03      -1.36783e-02       1.47990e-06       0.00000e+00       0.00000e+00       0.00000e+00
  855              -1.07351e-03      -1.36773e-02      -1.17753e-06       0.00000e+00       0.00000e+00       0.00000e+00
  856              -1.07351e-03      -1.36773e-02       1.17820e-06       0.00000e+00       0.00000e+00       0.00000e+00
  857              -8.94142e-04      -1.36763e-02      -1.01450e-06       0.00000e+00       0.00000e+00       0.00000e+00
  858              -8.94142e-04      -1.36763e-02       1.01517e-06       0.00000e+00       0.00000e+00       0.00000e+00
  859              -7.15231e-04      -1.36757e-02      -7.95408e-07       0.00000e+00       0.00000e+00       0.00000e+00
  860              -7.15231e-04      -1.36757e-02       7.96078e-07       0.00000e+00       0.00000e+00       0.00000e+00
  861              -5.36198e-04      -1.36751e-02      -6.01942e-07       0.00000e+00       0.00000e+00       0.00000e+00
  862              -5.36198e-04      -1.36751e-02       6.02612e-07       0.00000e+00       0.00000e+00       0.00000e+00
  863              -3.57482e-04      -1.36748e-02      -3.96885e-07       0.00000e+00       0.00000e+00       0.00000e+00
  864              -3.57482e-04      -1.36748e-02       3.97556e-07       0.00000e+00       0.00000e+00       0.00000e+00
  865              -1.78687e-04      -1.36745e-02      -2.00193e-07       0.00000e+00       0.00000e+00       0.00000e+00
  866              -1.78687e-04      -1.36745e-02       2.00865e-07       0.00000e+00       0.00000e+00       0.00000e+00
  867               3.57820e-12      -1.36745e-02       3.35964e-10       0.00000e+00       0.00000e+00       0.00000e+00
  868              -3.57809e-12      -1.36745e-02       3.35965e-10       0.00000e+00       0.00000e+00       0.00000e+00
  869               1.78687e-04      -1.36745e-02       2.00865e-07       0.00000e+00       0.00000e+00       0.00000e+00
  870               1.78687e-04      -1.36745e-02      -2.00193e-07       0.00000e+00       0.00000e+00       0.00000e+00
  871               3.57482e-04      -1.36748e-02       3.97557e-07       0.00000e+00       0.00000e+00       0.00000e+00
  872               3.57482e-04      -1.36748e-02      -3.96884e-07       0.00000e+00       0.00000e+00       0.00000e+00
  873               5.36198e-04      -1.36751e-02       6.02614e-07       0.00000e+00       0.00000e+00       0.00000e+00
  874               5.36198e-04      -1.36751e-02      -6.01941e-07       0.00000e+00       0.00000e+00       0.00000e+00
  875               7.15231e-04      -1.36757e-02       7.96079e-07       0.00000e+00       0.00000e+00       0.00000e+00
  876               7.15231e-04      -1.36757e-02      -7.95406e-07       0.00000e+00       0.00000e+00       0.00000e+00
  877               8.94142e-04      -1.36763e-02       1.01517e-06       0.00000e+00       0.00000e+00       0.00000e+00
  878               8.94142e-04      -1.36763e-02      -1.01450e-06       0.00000e+00       0.00000e+00       0.00000e+00
  879               1.07351e-03      -1.36773e-02       1.17821e-06       0.00000e+00       0.00000e+00       0.00000e+00
  880               1.07351e-03      -1.36773e-02      -1.17753e-06       0.00000e+00       0.00000e+00       0.00000e+00
  881               1.25272e-03      -1.36783e-02       1.47990e-06       0.00000e+00       0.00000e+00       0.00000e+00
  882               1.25272e-03      -1.36783e-02      -1.47923e-06       0.00000e+00       0.00000e+00       0.00000e+00
  883               1.43258e-03      -1.36792e-02       1.83894e-06       0.00000e+00       0.00000e+00       0.00000e+00
  884               1.43258e-03      -1.36792e-02      -1.83826e-06       0.00000e+00       0.00000e+00       0.00000e+00
  885              -1.45156e-03      -1.45845e-02      -1.16117e-08       0.00000e+00       0.00000e+00       0.00000e+00
  886              -1.45156e-03      -1.45845e-02       1.23249e-08       0.00000e+00       0.00000e+00       0.00000e+00
  887              -1.26971e-03      -1.45832e-02      -1.51983e-07       0.00000e+00       0.00000e+00       0.00000e+00
  888              -1.26971e-03      -1.45832e-02       1.52696e-07       0.00000e+00       0.00000e+00       0.00000e+00
  889              -1.08772e-03      -1.45823e-02      -2.25119e-07       0.00000e+00       0.00000e+00       0.00000e+00
  890              -1.08772e-03      -1.45823e-02       2.25833e-07       0.00000e+00       0.00000e+00       0.00000e+00
  891              -9.06229e-04      -1.45818e-02      -1.52697e-07       0.00000e+00       0.00000e+00       0.00000e+00
  892              -9.06229e-04      -1.45818e-02       1.53412e-07       0.00000e+00       0.00000e+00       0.00000e+00
  893              -7.24675e-04      -1.45810e-02      -1.35386e-07       0.00000e+00       0.00000e+00       0.00000e+00
  894              -7.24675e-04      -1.45810e-02       1.36101e-07       0.00000e+00       0.00000e+00       0.00000e+00
  895              -5.43487e-04      -1.45807e-02      -9.82882e-08       0.00000e+00       0.00000e+00       0.00000e+00
  896              -5.43487e-04      -1.45807e-02       9.90037e-08       0.00000e+00       0.00000e+00       0.00000e+00
  897              -3.62201e-04      -1.45803e-02      -6.80625e-08       0.00000e+00       0.00000e+00       0.00000e+00
  898              -3.62201e-04      -1.45803e-02       6.87786e-08       0.00000e+00       0.00000e+00       0.00000e+00
  899              -1.81119e-04      -1.45801e-02      -3.27141e-08       0.00000e+00       0.00000e+00       0.00000e+00
  900              -1.81119e-04      -1.45801e-02       3.34305e-08       0.00000e+00       0.00000e+00       0.00000e+00
  901               3.61722e-12      -1.45800e-02       3.58450e-10       0.00000e+00       0.00000e+00       0.00000e+00
  902              -3.61714e-12      -1.45800e-02       3.58450e-10       0.00000e+00       0.00000e+00       0.00000e+00
  903               1.81119e-04      -1.45801e-02       3.34310e-08       0.00000e+00       0.00000e+00       0.00000e+00
  904               1.81119e-04      -1.45801e-02      -3.27136e-08       0.00000e+00       0.00000e+00       0.00000e+00
  905               3.62201e-04      -1.45803e-02       6.87794e-08       0.00000e+00       0.00000e+00       0.00000e+00
  906               3.62201e-04      -1.45803e-02      -6.80617e-08       0.00000e+00       0.00000e+00       0.00000e+00
  907               5.43487e-04      -1.45807e-02       9.90050e-08       0.00000e+00       0.00000e+00       0.00000e+00
  908               5.43487e-04      -1.45807e-02      -9.82869e-08       0.00000e+00       0.00000e+00       0.00000e+00
  909               7.24675e-04      -1.45810e-02       1.36103e-07       0.00000e+00       0.00000e+00       0.00000e+00
  910               7.24675e-04      -1.45810e-02      -1.35384e-07       0.00000e+00       0.00000e+00       0.00000e+00
  911               9.06229e-04      -1.45818e-02       1.53414e-07       0.00000e+00       0.00000e+00       0.00000e+00
  912               9.06229e-04      -1.45818e-02      -1.52695e-07       0.00000e+00       0.00000e+00       0.00000e+00
  913               1.08772e-03      -1.45823e-02       2.25836e-07       0.00000e+00       0.00000e+00       0.00000e+00
  914               1.08772e-03      -1.45823e-02      -2.25116e-07       0.00000e+00       0.00000e+00       0.00000e+00
  915               1.26971e-03      -1.45832e-02       1.52699e-07       0.00000e+00       0.00000e+00       0.00000e+00
  916               1.26971e-03      -1.45832e-02      -1.51980e-07       0.00000e+00       0.00000e+00       0.00000e+00
  917               1.45156e-03      -1.45845e-02       1.23283e-08       0.00000e+00       0.00000e+00       0.00000e+00
  918               1.45156e-03      -1.45845e-02      -1.16083e-08       0.00000e+00       0.00000e+00       0.00000e+00
  919              -1.46786e-03      -1.54999e-02      -1.53374e-06       0.00000e+00       0.00000e+00       0.00000e+00
  920              -1.46786e-03      -1.54999e-02       1.53449e-06       0.00000e+00       0.00000e+00       0.00000e+00
  921              -1.28362e-03      -1.54994e-02      -1.18935e-06       0.00000e+00       0.00000e+00       0.00000e+00
  922              -1.28362e-03      -1.54994e-02       1.19011e-06       0.00000e+00       0.00000e+00       0.00000e+00
  923              -1.09992e-03      -1.54988e-02      -9.13394e-07       0.00000e+00       0.00000e+00       0.00000e+00
  924              -1.09992e-03      -1.54988e-02       9.14154e-07       0.00000e+00       0.00000e+00       0.00000e+00
  925              -9.16227e-04      -1.54980e-02      -7.98791e-07       0.00000e+00       0.00000e+00       0.00000e+00
  926              -9.16227e-04      -1.54980e-02       7.99551e-07       0.00000e+00       0.00000e+00       0.00000e+00
  927              -7.32875e-04      -1.54976e-02      -6.28621e-07       0.00000e+00       0.00000e+00       0.00000e+00
  928              -7.32875e-04      -1.54976e-02       6.29382e-07       0.00000e+00       0.00000e+00       0.00000e+00
  929              -5.49446e-04      -1.54971e-02      -4.72301e-07       0.00000e+00       0.00000e+00       0.00000e+00
  930              -5.49446e-04      -1.54971e-02       4.73062e-07       0.00000e+00       0.00000e+00       0.00000e+00
  931              -3.66305e-04      -1.54969e-02      -3.13938e-07       0.00000e+00       0.00000e+00       0.00000e+00
  932              -3.66305e-04      -1.54969e-02       3.14699e-07       0.00000e+00       0.00000e+00       0.00000e+00
  933              -1.83101e-04      -1.54967e-02      -1.57072e-07       0.00000e+00       0.00000e+00       0.00000e+00
  934              -1.83101e-04      -1.54967e-02       1.57834e-07       0.00000e+00       0.00000e+00       0.00000e+00
  935               3.64565e-12      -1.54967e-02       3.81146e-10       0.00000e+00       0.00000e+00       0.00000e+00
  936              -3.64551e-12      -1.54967e-02       3.81147e-10       0.00000e+00       0.00000e+00       0.00000e+00
  937               1.83101e-04      -1.54967e-02       1.57834e-07       0.00000e+00       0.00000e+00       0.00000e+00
  938               1.83101e-04      -1.54967e-02      -1.57072e-07       0.00000e+00       0.00000e+00       0.00000e+00
  939               3.66305e-04      -1.54969e-02       3.14700e-07       0.00000e+00       0.00000e+00       0.00000e+00
  940               3.66305e-04      -1.54969e-02      -3.13937e-07       0.00000e+00       0.00000e+00       0.00000e+00
  941               5.49446e-04      -1.54971e-02       4.73063e-07       0.00000e+00       0.00000e+00       0.00000e+00
  942               5.49446e-04      -1.54971e-02      -4.72300e-07       0.00000e+00       0.00000e+00       0.00000e+00
  943               7.32875e-04      -1.54976e-02       6.29383e-07       0.00000e+00       0.00000e+00       0.00000e+00
  944               7.32875e-04      -1.54976e-02      -6.28620e-07       0.00000e+00       0.00000e+00       0.00000e+00
  945               9.16227e-04      -1.54980e-02       7.99553e-07       0.00000e+00       0.00000e+00       0.00000e+00
  946               9.16227e-04      -1.54980e-02      -7.98789e-07       0.00000e+00       0.00000e+00       0.00000e+00
  947               1.09992e-03      -1.54988e-02       9.14156e-07       0.00000e+00       0.00000e+00       0.00000e+00
  948               1.09992e-03      -1.54988e-02      -9.13392e-07       0.00000e+00       0.00000e+00       0.00000e+00
  949               1.28362e-03      -1.54994e-02       1.19012e-06       0.00000e+00       0.00000e+00       0.00000e+00
  950               1.28362e-03      -1.54994e-02      -1.18935e-06       0.00000e+00       0.00000e+00       0.00000e+00
  951               1.46786e-03      -1.54999e-02       1.53450e-06       0.00000e+00       0.00000e+00       0.00000e+00
  952               1.46786e-03      -1.54999e-02      -1.53373e-06       0.00000e+00       0.00000e+00       0.00000e+00
  953              -1.48098e-03      -1.64256e-02       2.69934e-07       0.00000e+00       0.00000e+00       0.00000e+00
  954              -1.48098e-03      -1.64256e-02      -2.69129e-07       0.00000e+00       0.00000e+00       0.00000e+00
  955              -1.29540e-03      -1.64246e-02       7.15953e-08       0.00000e+00       0.00000e+00       0.00000e+00
  956              -1.29540e-03      -1.64246e-02      -7.07899e-08       0.00000e+00       0.00000e+00       0.00000e+00
  957              -1.10985e-03      -1.64239e-02      -5.89963e-08       0.00000e+00       0.00000e+00       0.00000e+00
  958              -1.10985e-03      -1.64239e-02       5.98020e-08       0.00000e+00       0.00000e+00       0.00000e+00
  959              -9.24588e-04      -1.64236e-02      -1.25743e-08       0.00000e+00       0.00000e+00       0.00000e+00
  960              -9.24588e-04      -1.64236e-02       1.33805e-08       0.00000e+00       0.00000e+00       0.00000e+00
  961              -7.39372e-04      -1.64231e-02      -1.36569e-08       0.00000e+00       0.00000e+00       0.00000e+00
  962              -7.39372e-04      -1.64231e-02       1.44635e-08       0.00000e+00       0.00000e+00       0.00000e+00
  963              -5.54491e-04      -1.64229e-02      -1.40285e-08       0.00000e+00       0.00000e+00       0.00000e+00
  964              -5.54491e-04      -1.64229e-02       1.48354e-08       0.00000e+00       0.00000e+00       0.00000e+00
  965              -3.69541e-04      -1.64226e-02      -6.02866e-09       0.00000e+00       0.00000e+00       0.00000e+00
  966              -3.69541e-04      -1.64226e-02       6.83592e-09       0.00000e+00       0.00000e+00       0.00000e+00
  967              -1.84787e-04      -1.64225e-02      -4.32067e-09       0.00000e+00       0.00000e+00       0.00000e+00
  968              -1.84787e-04      -1.64225e-02       5.12830e-09       0.00000e+00       0.00000e+00       0.00000e+00
  969               3.66500e-12      -1.64225e-02       4.03992e-10       0.00000e+00       0.00000e+00       0.00000e+00
  970              -3.66490e-12      -1.64225e-02       4.03992e-10       0.00000e+00       0.00000e+00       0.00000e+00
  971               1.84787e-04      -1.64225e-02       5.12865e-09       0.00000e+00       0.00000e+00       0.00000e+00
  972               1.84787e-04      -1.64225e-02      -4.32032e-09       0.00000e+00       0.00000e+00       0.00000e+00
  973               3.69541e-04      -1.64226e-02       6.83663e-09       0.00000e+00       0.00000e+00       0.00000e+00
  974               3.69541e-04      -1.64226e-02      -6.02795e-09       0.00000e+00       0.00000e+00       0.00000e+00
  975               5.54491e-04      -1.64229e-02       1.48365e-08       0.00000e+00       0.00000e+00       0.00000e+00
  976               5.54491e-04      -1.64229e-02      -1.40274e-08       0.00000e+00       0.00000e+00       0.00000e+00
  977               7.39372e-04      -1.64231e-02       1.44649e-08       0.00000e+00       0.00000e+00       0.00000e+00
  978               7.39372e-04      -1.64231e-02      -1.36555e-08       0.00000e+00       0.00000e+00       0.00000e+00
  979               9.24588e-04      -1.64236e-02       1.33822e-08       0.00000e+00       0.00000e+00       0.00000e+00
  980               9.24588e-04      -1.64236e-02      -1.25725e-08       0.00000e+00       0.00000e+00       0.00000e+00
  981               1.10985e-03      -1.64239e-02       5.98041e-08       0.00000e+00       0.00000e+00       0.00000e+00
  982               1.10985e-03      -1.64239e-02      -5.89941e-08       0.00000e+00       0.00000e+00       0.00000e+00
  983               1.29540e-03      -1.64246e-02      -7.07875e-08       0.00000e+00       0.00000e+00       0.00000e+00
  984               1.29540e-03      -1.64246e-02       7.15978e-08       0.00000e+00       0.00000e+00       0.00000e+00
  985               1.48098e-03      -1.64256e-02      -2.69126e-07       0.00000e+00       0.00000e+00       0.00000e+00
  986               1.48098e-03      -1.64256e-02       2.69937e-07       0.00000e+00       0.00000e+00       0.00000e+00
  987              -1.49137e-03      -1.73573e-02      -1.27255e-06       0.00000e+00       0.00000e+00       0.00000e+00
  988              -1.49137e-03      -1.73573e-02       1.27340e-06       0.00000e+00       0.00000e+00       0.00000e+00
  989              -1.30427e-03      -1.73573e-02      -9.44667e-07       0.00000e+00       0.00000e+00       0.00000e+00
  990              -1.30427e-03      -1.73573e-02       9.45519e-07       0.00000e+00       0.00000e+00       0.00000e+00
  991              -1.11747e-03      -1.73570e-02      -6.65658e-07       0.00000e+00       0.00000e+00       0.00000e+00
  992              -1.11747e-03      -1.73570e-02       6.66510e-07       0.00000e+00       0.00000e+00       0.00000e+00
  993              -9.30916e-04      -1.73565e-02      -5.86066e-07       0.00000e+00       0.00000e+00       0.00000e+00
  994              -9.30916e-04      -1.73565e-02       5.86918e-07       0.00000e+00       0.00000e+00       0.00000e+00
  995              -7.44633e-04      -1.73563e-02      -4.73041e-07       0.00000e+00       0.00000e+00       0.00000e+00
  996              -7.44633e-04      -1.73563e-02       4.73893e-07       0.00000e+00       0.00000e+00       0.00000e+00
  997              -5.58291e-04      -1.73559e-02      -3.44039e-07       0.00000e+00       0.00000e+00       0.00000e+00
  998              -5.58291e-04      -1.73559e-02       3.44892e-07       0.00000e+00       0.00000e+00       0.00000e+00
  999              -3.72206e-04      -1.73558e-02      -2.37900e-07       0.00000e+00       0.00000e+00       0.00000e+00
 1000              -3.72206e-04      -1.73558e-02       2.38753e-07       0.00000e+00       0.00000e+00       0.00000e+00
 1001              -1.86055e-04      -1.73556e-02      -1.14725e-07       0.00000e+00       0.00000e+00       0.00000e+00
 1002              -1.86055e-04      -1.73556e-02       1.15578e-07       0.00000e+00       0.00000e+00       0.00000e+00
 1003               3.67664e-12      -1.73556e-02       4.26935e-10       0.00000e+00       0.00000e+00       0.00000e+00
 1004              -3.67650e-12      -1.73556e-02       4.26935e-10       0.00000e+00       0.00000e+00       0.00000e+00
 1005               1.86055e-04      -1.73556e-02       1.15579e-07       0.00000e+00       0.00000e+00       0.00000e+00
 1006               1.86055e-04      -1.73556e-02      -1.14724e-07       0.00000e+00       0.00000e+00       0.00000e+00
 1007               3.72206e-04      -1.73558e-02       2.38754e-07       0.00000e+00       0.00000e+00       0.00000e+00
 1008               3.72206e-04      -1.73558e-02      -2.37899e-07       0.00000e+00       0.00000e+00       0.00000e+00
 1009               5.58291e-04      -1.73559e-02       3.44893e-07       0.00000e+00       0.00000e+00       0.00000e+00
 1010               5.58291e-04      -1.73559e-02      -3.44038e-07       0.00000e+00       0.00000e+00       0.00000e+00
 1011               7.44633e-04      -1.73563e-02       4.73895e-07       0.00000e+00       0.00000e+00       0.00000e+00
 1012               7.44633e-04      -1.73563e-02      -4.73039e-07       0.00000e+00       0.00000e+00       0.00000e+00
 1013               9.30916e-04      -1.73565e-02       5.86920e-07       0.00000e+00       0.00000e+00       0.00000e+00
 1014               9.30916e-04      -1.73565e-02      -5.86065e-07       0.00000e+00       0.00000e+00       0.00000e+00
 1015               1.11747e-03      -1.73570e-02       6.66512e-07       0.00000e+00       0.00000e+00       0.00000e+00
 1016               1.11747e-03      -1.73570e-02      -6.65656e-07       0.00000e+00       0.00000e+00       0.00000e+00
 1017               1.30427e-03      -1.73573e-02       9.45521e-07       0.00000e+00       0.00000e+00       0.00000e+00
 1018               1.30427e-03      -1.73573e-02      -9.44665e-07       0.00000e+00       0.00000e+00       0.00000e+00
 1019               1.49137e-03      -1.73573e-02       1.27341e-06       0.00000e+00       0.00000e+00       0.00000e+00
 1020               1.49137e-03      -1.73573e-02      -1.27255e-06       0.00000e+00       0.00000e+00       0.00000e+00
 1021              -1.49862e-03      -1.82964e-02       5.96385e-07       0.00000e+00       0.00000e+00       0.00000e+00
 1022              -1.49862e-03      -1.82964e-02      -5.95487e-07       0.00000e+00       0.00000e+00       0.00000e+00
 1023              -1.31068e-03      -1.82955e-02       3.64443e-07       0.00000e+00       0.00000e+00       0.00000e+00
 1024              -1.31068e-03      -1.82955e-02      -3.63545e-07       0.00000e+00       0.00000e+00       0.00000e+00
 1025              -1.12318e-03      -1.82949e-02       1.36824e-07       0.00000e+00       0.00000e+00       0.00000e+00
 1026              -1.12318e-03      -1.82949e-02      -1.35926e-07       0.00000e+00       0.00000e+00       0.00000e+00
 1027              -9.35709e-04      -1.82948e-02       1.29530e-07       0.00000e+00       0.00000e+00       0.00000e+00
 1028              -9.35709e-04      -1.82948e-02      -1.28632e-07       0.00000e+00       0.00000e+00       0.00000e+00
 1029              -7.48280e-04      -1.82945e-02       1.17061e-07       0.00000e+00       0.00000e+00       0.00000e+00
 1030              -7.48280e-04      -1.82945e-02      -1.16163e-07       0.00000e+00       0.00000e+00       0.00000e+00
 1031              -5.61156e-04      -1.82945e-02       6.47724e-08       0.00000e+00       0.00000e+00       0.00000e+00
 1032              -5.61156e-04      -1.82945e-02      -6.38734e-08       0.00000e+00       0.00000e+00       0.00000e+00
 1033              -3.73978e-04      -1.82943e-02       5.97971e-08       0.00000e+00       0.00000e+00       0.00000e+00
 1034              -3.73978e-04      -1.82943e-02      -5.88978e-08       0.00000e+00       0.00000e+00       0.00000e+00
 1035              -1.87003e-04      -1.82943e-02       2.19024e-08       0.00000e+00       0.00000e+00       0.00000e+00
 1036              -1.87003e-04      -1.82943e-02      -2.10028e-08       0.00000e+00       0.00000e+00       0.00000e+00
 1037               3.68210e-12      -1.82943e-02       4.49931e-10       0.00000e+00       0.00000e+00       0.00000e+00
 1038              -3.68197e-12      -1.82943e-02       4.49931e-10       0.00000e+00       0.00000e+00       0.00000e+00
 1039               1.87003e-04      -1.82943e-02      -2.10025e-08       0.00000e+00       0.00000e+00       0.00000e+00
 1040               1.87003e-04      -1.82943e-02       2.19027e-08       0.00000e+00       0.00000e+00       0.00000e+00
 1041               3.73978e-04      -1.82943e-02      -5.88972e-08       0.00000e+00       0.00000e+00       0.00000e+00
 1042               3.73978e-04      -1.82943e-02       5.97977e-08       0.00000e+00       0.00000e+00       0.00000e+00
 1043               5.61156e-04      -1.82945e-02      -6.38725e-08       0.00000e+00       0.00000e+00       0.00000e+00
 1044               5.61156e-04      -1.82945e-02       6.47732e-08       0.00000e+00       0.00000e+00       0.00000e+00
 1045               7.48280e-04      -1.82945e-02      -1.16162e-07       0.00000e+00       0.00000e+00       0.00000e+00
 1046               7.48280e-04      -1.82945e-02       1.17063e-07       0.00000e+00       0.00000e+00       0.00000e+00
 1047               9.35709e-04      -1.82948e-02      -1.28631e-07       0.00000e+00       0.00000e+00       0.00000e+00
 1048               9.35709e-04      -1.82948e-02       1.29532e-07       0.00000e+00       0.00000e+00       0.00000e+00
 1049               1.12318e-03      -1.82949e-02      -1.35924e-07       0.00000e+00       0.00000e+00       0.00000e+00
 1050               1.12318e-03      -1.82949e-02       1.36826e-07       0.00000e+00       0.00000e+00       0.00000e+00
 1051               1.31068e-03      -1.82955e-02      -3.63543e-07       0.00000e+00       0.00000e+00       0.00000e+00
 1052               1.31068e-03      -1.82955e-02       3.64445e-07       0.00000e+00       0.00000e+00       0.00000e+00
 1053               1.49862e-03      -1.82964e-02      -5.95485e-07       0.00000e+00       0.00000e+00       0.00000e+00
 1054               1.49862e-03      -1.82964e-02       5.96387e-07       0.00000e+00       0.00000e+00       0.00000e+00
 1055              -1.50299e-03      -1.92360e-02      -1.04508e-06       0.00000e+00       0.00000e+00       0.00000e+00
 1056              -1.50299e-03      -1.92360e-02       1.04603e-06       0.00000e+00       0.00000e+00       0.00000e+00
 1057              -1.31486e-03      -1.92365e-02      -8.20290e-07       0.00000e+00       0.00000e+00       0.00000e+00
 1058              -1.31486e-03      -1.92365e-02       8.21234e-07       0.00000e+00       0.00000e+00       0.00000e+00
 1059              -1.12626e-03      -1.92369e-02      -4.94831e-07       0.00000e+00       0.00000e+00       0.00000e+00
 1060              -1.12626e-03      -1.92369e-02       4.95776e-07       0.00000e+00       0.00000e+00       0.00000e+00
 1061              -9.38074e-04      -1.92368e-02      -4.03700e-07       0.00000e+00       0.00000e+00       0.00000e+00
 1062              -9.38074e-04      -1.92368e-02       4.04645e-07       0.00000e+00       0.00000e+00       0.00000e+00
 1063              -7.50234e-04      -1.92370e-02      -3.43510e-07       0.00000e+00       0.00000e+00       0.00000e+00
 1064              -7.50234e-04      -1.92370e-02       3.44455e-07       0.00000e+00       0.00000e+00       0.00000e+00
 1065              -5.62425e-04      -1.92370e-02      -2.14714e-07       0.00000e+00       0.00000e+00       0.00000e+00
 1066              -5.62425e-04      -1.92370e-02       2.15660e-07       0.00000e+00       0.00000e+00       0.00000e+00
 1067              -3.74931e-04      -1.92370e-02      -1.68156e-07       0.00000e+00       0.00000e+00       0.00000e+00
 1068              -3.74931e-04      -1.92370e-02       1.69101e-07       0.00000e+00       0.00000e+00       0.00000e+00
 1069              -1.87407e-04      -1.92370e-02      -6.93444e-08       0.00000e+00       0.00000e+00       0.00000e+00
 1070              -1.87407e-04      -1.92370e-02       7.02901e-08       0.00000e+00       0.00000e+00       0.00000e+00
 1071               3.68501e-12      -1.92370e-02       4.72953e-10       0.00000e+00       0.00000e+00       0.00000e+00
 1072              -3.68493e-12      -1.92370e-02       4.72953e-10       0.00000e+00       0.00000e+00       0.00000e+00
 1073               1.87407e-04      -1.92370e-02       7.02903e-08       0.00000e+00       0.00000e+00       0.00000e+00
 1074               1.87407e-04      -1.92370e-02      -6.93442e-08       0.00000e+00       0.00000e+00       0.00000e+00
 1075               3.74931e-04      -1.92370e-02       1.69101e-07       0.00000e+00       0.00000e+00       0.00000e+00
 1076               3.74931e-04      -1.92370e-02      -1.68155e-07       0.00000e+00       0.00000e+00       0.00000e+00
 1077               5.62425e-04      -1.92370e-02       2.15660e-07       0.00000e+00       0.00000e+00       0.00000e+00
 1078               5.62425e-04      -1.92370e-02      -2.14714e-07       0.00000e+00       0.00000e+00       0.00000e+00
 1079               7.50234e-04      -1.92370e-02       3.44456e-07       0.00000e+00       0.00000e+00       0.00000e+00
 1080               7.50234e-04      -1.92370e-02      -3.43509e-07       0.00000e+00       0.00000e+00       0.00000e+00
 1081               9.38074e-04      -1.92368e-02       4.04646e-07       0.00000e+00       0.00000e+00       0.00000e+00
 1082               9.38074e-04      -1.92368e-02      -4.03699e-07       0.00000e+00       0.00000e+00       0.00000e+00
 1083               1.12626e-03      -1.92369e-02       4.95777e-07       0.00000e+00       0.00000e+00       0.00000e+00
 1084               1.12626e-03      -1.92369e-02      -4.94830e-07       0.00000e+00       0.00000e+00       0.00000e+00
 1085               1.31486e-03      -1.92365e-02       8.21236e-07       0.00000e+00       0.00000e+00       0.00000e+00
 1086               1.31486e-03      -1.92365e-02      -8.20288e-07       0.00000e+00       0.00000e+00       0.00000e+00
 1087               1.50299e-03      -1.92360e-02       1.04603e-06       0.00000e+00       0.00000e+00       0.00000e+00
 1088               1.50299e-03      -1.92360e-02      -1.04508e-06       0.00000e+00       0.00000e+00       0.00000e+00
 1089              -1.50629e-03      -2.01838e-02       7.67177e-07       0.00000e+00       0.00000e+00       0.00000e+00
 1090              -1.50629e-03      -2.01838e-02      -7.66187e-07       0.00000e+00       0.00000e+00       0.00000e+00
 1091              -1.31605e-03      -2.01828e-02       7.88153e-07       0.00000e+00       0.00000e+00       0.00000e+00
 1092              -1.31605e-03      -2.01828e-02      -7.87163e-07       0.00000e+00       0.00000e+00       0.00000e+00
 1093              -1.12743e-03      -2.01820e-02       4.96245e-07       0.00000e+00       0.00000e+00       0.00000e+00
 1094              -1.12743e-03      -2.01820e-02      -4.95254e-07       0.00000e+00       0.00000e+00       0.00000e+00
 1095              -9.39069e-04      -2.01816e-02       4.20614e-07       0.00000e+00       0.00000e+00       0.00000e+00
 1096              -9.39069e-04      -2.01816e-02      -4.19623e-07       0.00000e+00       0.00000e+00       0.00000e+00
 1097              -7.50885e-04      -2.01810e-02       3.89471e-07       0.00000e+00       0.00000e+00       0.00000e+00
 1098              -7.50885e-04      -2.01810e-02      -3.88480e-07       0.00000e+00       0.00000e+00       0.00000e+00
 1099              -5.63077e-04      -2.01807e-02       2.39601e-07       0.00000e+00       0.00000e+00       0.00000e+00
 1100              -5.63077e-04      -2.01807e-02      -2.38610e-07       0.00000e+00       0.00000e+00       0.00000e+00
 1101              -3.75240e-04      -2.01803e-02       2.01951e-07       0.00000e+00       0.00000e+00       0.00000e+00
 1102              -3.75240e-04      -2.01803e-02      -2.00959e-07       0.00000e+00       0.00000e+00       0.00000e+00
 1103              -1.87632e-04      -2.01802e-02       8.07307e-08       0.00000e+00       0.00000e+00       0.00000e+00
 1104              -1.87632e-04      -2.01802e-02      -7.97390e-08       0.00000e+00       0.00000e+00       0.00000e+00
 1105               3.68623e-12      -2.01801e-02       4.95988e-10       0.00000e+00       0.00000e+00       0.00000e+00
 1106              -3.68600e-12      -2.01801e-02       4.95988e-10       0.00000e+00       0.00000e+00       0.00000e+00
 1107               1.87632e-04      -2.01802e-02      -7.97388e-08       0.00000e+00       0.00000e+00       0.00000e+00
 1108               1.87632e-04      -2.01802e-02       8.07309e-08       0.00000e+00       0.00000e+00       0.00000e+00
 1109               3.75240e-04      -2.01803e-02      -2.00959e-07       0.00000e+00       0.00000e+00       0.00000e+00
 1110               3.75240e-04      -2.01803e-02       2.01951e-07       0.00000e+00       0.00000e+00       0.00000e+00
 1111               5.63077e-04      -2.01807e-02      -2.38609e-07       0.00000e+00       0.00000e+00       0.00000e+00
 1112               5.63077e-04      -2.01807e-02       2.39602e-07       0.00000e+00       0.00000e+00       0.00000e+00
 1113               7.50885e-04      -2.01810e-02      -3.88479e-07       0.00000e+00       0.00000e+00       0.00000e+00
 1114               7.50885e-04      -2.01810e-02       3.89472e-07       0.00000e+00       0.00000e+00       0.00000e+00
 1115               9.39069e-04      -2.01816e-02      -4.19622e-07       0.00000e+00       0.00000e+00       0.00000e+00
 1116               9.39069e-04      -2.01816e-02       4.20615e-07       0.00000e+00       0.00000e+00       0.00000e+00
 1117               1.12743e-03      -2.01820e-02      -4.95253e-07       0.00000e+00       0.00000e+00       0.00000e+00
 1118               1.12743e-03      -2.01820e-02       4.96246e-07       0.00000e+00       0.00000e+00       0.00000e+00
 1119               1.31605e-03      -2.01828e-02      -7.87161e-07       0.00000e+00       0.00000e+00       0.00000e+00
 1120               1.31605e-03      -2.01828e-02       7.88155e-07       0.00000e+00       0.00000e+00       0.00000e+00
 1121               1.50629e-03      -2.01838e-02      -7.66185e-07       0.00000e+00       0.00000e+00       0.00000e+00
 1122               1.50629e-03      -2.01838e-02       7.67179e-07       0.00000e+00       0.00000e+00       0.00000e+00

 S T R E S S  C A L C U L A T I O N S  F O R  E L E M E N T  G R O U P    1

  ELEMENT          SIGMA-X          SIGMA-Y          SIGMA-Z
                    TAU-XY           TAU-YZ           TAU-ZX
  NUMBER
    1      -5.69241e+07      -2.95514e+06      -1.34349e+06
           -2.35705e+06      -4.99650e-05      -2.32497e-04
    2      -4.80562e+07      -4.46364e+06      -8.29732e+05
           -2.76585e+06      -5.31298e-05       1.24215e-04
    3      -4.03119e+07      -4.73705e+06      -7.88983e+05
           -1.68653e+06      -1.01456e-05      -5.95624e-05
    4      -3.26877e+07      -4.28411e+06      -5.96479e+05
           -1.11180e+06      -1.58601e-05       7.87952e-05
    5      -2.53168e+07      -3.60819e+06      -4.80537e+05
           -4.79280e+05      -9.08241e-06      -9.84151e-06
    6      -1.80040e+07      -2.66555e+06      -3.32900e+05
           -1.03518e+05      -7.11247e-06       5.50670e-05
    7      -1.07873e+07      -1.65759e+06      -2.04035e+05
            1.89415e+05      -5.35325e-06       1.50333e-05
    8      -3.58607e+06      -5.47712e+05      -6.54414e+04
            3.14613e+05      -3.95345e-06       3.81420e-05
    9       3.58607e+06       5.47712e+05       6.54414e+04
            3.14613e+05      -3.86788e-06       3.32730e-05
   10       1.07873e+07       1.65759e+06       2.04035e+05
            1.89415e+05      -3.78181e-06       2.17587e-05
   11       1.80040e+07       2.66555e+06       3.32900e+05
           -1.03518e+05      -4.03188e-06       5.48974e-05
   12       2.53168e+07       3.60819e+06       4.80537e+05
           -4.79280e+05      -6.34128e-06       7.47050e-07
   13       3.26877e+07       4.28411e+06       5.96479e+05
           -1.11180e+06       2.39046e-06       8.12682e-05
   14       4.03119e+07       4.73705e+06       7.88983e+05
           -1.68653e+06       6.52606e-07      -4.38329e-05
   15       4.80562e+07       4.46364e+06       8.29732e+05
           -2.76585e+06       6.06627e-05       1.37876e-04
   16       5.69241e+07       2.95514e+06       1.34349e+06
           -2.35705e+06       6.11844e-05      -2.14667e-04
   17      -5.17251e+07       2.12230e+06       1.22857e+06
            1.30036e+06       9.19695e-06      -2.78654e-05
   18      -4.71846e+07       2.27713e+06       7.35576e+05
            5.10546e+05      -4.85988e-06       6.53720e-06
   19      -4.02113e+07       1.72847e+06       7.14047e+05
           -7.63160e+05      -2.69080e-05      -4.79675e-05
   20      -3.31398e+07       1.13396e+06       5.34728e+05
           -1.26551e+06      -1.63245e-05       4.28951e-05
   21      -2.57830e+07       7.46135e+05       4.34423e+05
           -1.71445e+06      -1.31982e-05      -2.32089e-05
   22      -1.84518e+07       4.19731e+05       2.99396e+05
           -1.90688e+06      -9.76824e-06       4.10825e-05
   23      -1.10589e+07       2.29557e+05       1.84605e+05
           -2.05598e+06      -5.34230e-06      -1.57722e-06
   24      -3.69499e+06       6.00608e+04       5.86262e+04
           -2.10494e+06      -1.88095e-06       3.00756e-05
   25       3.69499e+06      -6.00608e+04      -5.86262e+04
           -2.10494e+06       3.18152e-06       1.59545e-05
   26       1.10589e+07      -2.29557e+05      -1.84605e+05
           -2.05598e+06       7.54185e-06       1.65360e-05
   27       1.84518e+07      -4.19731e+05      -2.99396e+05
           -1.90688e+06       1.46633e-05       2.61269e-05
   28       2.57830e+07      -7.46135e+05      -4.34423e+05
           -1.71445e+06       2.29468e-05      -4.27002e-07
   29       3.31398e+07      -1.13396e+06      -5.34728e+05
           -1.26551e+06       2.50618e-05       2.78755e-05
   30       4.02113e+07      -1.72847e+06      -7.14047e+05
           -7.63160e+05       3.25031e-05      -1.85504e-05
   31       4.71846e+07      -2.27713e+06      -7.35576e+05
            5.10546e+05      -1.70814e-06      -1.90225e-05
   32       5.17251e+07      -2.12230e+06      -1.22857e+06
            1.30036e+06      -1.59545e-05       1.22549e-05
   33      -5.30522e+07      -1.57137e+06      -1.12270e+06
           -1.01587e+06      -5.25747e-06      -5.04006e-05
   34      -4.42597e+07      -1.09174e+06      -6.50097e+05
           -5.68248e+05       1.88615e-06       6.54747e-05
   35      -3.78686e+07      -4.25836e+05      -6.54116e+05
           -3.44685e+05       7.45558e-06      -2.44754e-05
   36      -3.10486e+07      -2.98832e+04      -4.79502e+05
           -7.31231e+05      -2.94455e-06       1.98152e-05
   37      -2.43267e+07       1.00186e+05      -3.98777e+05
           -9.90447e+05      -3.84214e-06      -1.27749e-05
   38      -1.74070e+07       1.55843e+05      -2.68622e+05
           -1.29864e+06      -4.15861e-06       1.64551e-05
   39      -1.04884e+07       1.03298e+05      -1.70899e+05
           -1.47211e+06      -3.23420e-06      -5.29125e-06
   40      -3.48772e+06       4.71509e+04      -5.04475e+04
           -1.57878e+06      -3.23410e-06       1.79020e-05
   41       3.48772e+06      -4.71509e+04       5.04475e+04
           -1.57878e+06      -2.21844e-06      -3.53262e-06
   42       1.04884e+07      -1.03298e+05       1.70899e+05
           -1.47211e+06      -2.47099e-06       1.67483e-05
   43       1.74070e+07      -1.55843e+05       2.68622e+05
           -1.29864e+06      -4.10407e-06      -3.31292e-06
   44       2.43267e+07      -1.00186e+05       3.98777e+05
           -9.90447e+05      -8.99262e-06       1.30721e-05
   45       3.10486e+07       2.98832e+04       4.79502e+05
           -7.31231e+05      -7.53260e-06      -4.90195e-06
   46       3.78686e+07       4.25836e+05       6.54116e+05
           -3.44685e+05      -1.32132e-05       7.13624e-06
   47       4.42597e+07       1.09174e+06       6.50097e+05
           -5.68248e+05       4.47155e-06       3.92395e-05
   48       5.30522e+07       1.57137e+06       1.12270e+06
           -1.01587e+06       1.21127e-05      -1.05841e-05
   49      -4.97902e+07       1.22189e+06       1.01975e+06
            3.46273e+05      -2.06780e-06      -1.17746e-05
   50      -4.43081e+07       5.49071e+05       5.79115e+05
           -7.20420e+05      -6.60529e-06       1.46633e-05
   51      -3.68531e+07       8.15537e+04       5.99360e+05
           -1.14471e+06      -4.96309e-06      -1.28619e-05
   52      -3.01475e+07      -6.84940e+04       4.33075e+05
           -1.13920e+06       1.36985e-06       3.02571e-05
   53      -2.33201e+07      -5.85088e+04       3.64683e+05
           -1.26365e+06       4.10225e-07      -1.46329e-05
   54      -1.66792e+07      -5.58627e+04       2.43207e+05
           -1.30171e+06       1.20409e-07       2.16187e-05
   55      -9.97963e+06      -1.80916e+04       1.56255e+05
           -1.37617e+06      -5.48747e-07      -1.20041e-05
   56      -3.34110e+06      -1.34328e+04       4.52801e+04
           -1.40041e+06       1.56470e-06       1.46417e-05
   57       3.34110e+06       1.34328e+04      -4.52801e+04
           -1.40041e+06       1.72508e-06      -6.67758e-06
   58       9.97963e+06       1.80916e+04      -1.56255e+05
           -1.37617e+06       3.60119e-06       1.17806e-05
   59       1.66792e+07       5.58627e+04      -2.43207e+05
           -1.30171e+06       6.37282e-06      -3.57803e-06
   60       2.33201e+07       5.85088e+04      -3.64683e+05
           -1.26365e+06       1.14868e-05       1.27481e-05
   61       3.01475e+07       6.84940e+04      -4.33075e+05
           -1.13920e+06       8.43775e-06       3.70017e-06
   62       3.68531e+07      -8.15537e+04      -5.99360e+05
           -1.14471e+06       9.64731e-06       2.16795e-05
   63       4.43081e+07      -5.49071e+05      -5.79115e+05
           -7.20420e+05       3.05453e-07      -2.15615e-05
   64       4.97902e+07      -1.22189e+06      -1.01975e+06
            3.46273e+05      -4.01885e-06       3.30597e-05
   65      -4.88063e+07      -9.79352e+05      -9.27013e+05
           -5.29712e+05       3.17598e-06      -1.94002e-05
   66      -4.15003e+07      -2.74955e+05      -5.15855e+05
           -2.43475e+05       6.23195e-06       3.13764e-05
   67      -3.57453e+07      -1.42468e+04      -5.51944e+05
           -5.92444e+05       1.52388e-06      -1.28398e-05
   68      -2.91315e+07       1.16648e+02      -3.88917e+05
           -1.02592e+06      -1.85194e-06       1.42273e-05
   69      -2.27374e+07      -4.44939e+04      -3.34923e+05
           -1.21889e+06       4.50882e-07      -5.69967e-06
   70      -1.61827e+07      -3.98538e+04      -2.18049e+05
           -1.39781e+06       4.86767e-07       1.40169e-05
   71      -9.73226e+06      -4.32843e+04      -1.44209e+05
           -1.47151e+06       1.52369e-06      -5.88692e-06
   72      -3.22508e+06      -8.45770e+03      -3.89443e+04
           -1.52024e+06      -1.94177e-06       1.61240e-05
   73       3.22508e+06       8.45770e+03       3.89443e+04
           -1.52024e+06      -2.02112e-06      -8.94973e-06
   74       9.73226e+06       4.32843e+04       1.44209e+05
           -1.47151e+06      -4.95162e-06       1.87838e-05
   75       1.61827e+07       3.98538e+04       2.18049e+05
           -1.39781e+06      -8.23414e-06      -9.54130e-06
   76       2.27374e+07       4.44939e+04       3.34923e+05
           -1.21889e+06      -1.39973e-05       2.25303e-05
   77       2.91315e+07      -1.16648e+02       3.88917e+05
           -1.02592e+06      -8.88446e-06      -1.61024e-05
   78       3.57453e+07       1.42468e+04       5.51944e+05
           -5.92444e+05      -6.12783e-06       2.19388e-05
   79       4.15003e+07       2.74955e+05       5.15855e+05
           -2.43475e+05       2.38733e-07      -4.45128e-06
   80       4.88063e+07       9.79352e+05       9.27013e+05
           -5.29712e+05       2.94403e-06       2.55822e-05
   81      -4.65701e+07       8.00448e+05       8.39063e+05
            7.05451e+04      -4.43845e-06      -1.09969e-05
   82      -4.09234e+07       1.24417e+05       4.63657e+05
           -7.58433e+05      -5.94539e-06       1.57357e-05
   83      -3.40733e+07       1.79155e+04       5.05776e+05
           -8.70312e+05       3.61748e-07      -7.53670e-06
   84      -2.80690e+07       5.24445e+04       3.50870e+05
           -9.79457e+05       1.74124e-06       2.01214e-05
   85      -2.17616e+07       8.61769e+04       3.05230e+05
           -1.19662e+06      -1.24970e-06      -9.55212e-06
   86      -1.56101e+07       6.58205e+04       1.97110e+05
           -1.32590e+06      -8.86127e-07       1.81266e-05
   87      -9.33931e+06       5.36250e+04       1.31073e+05
           -1.44602e+06      -2.12110e-06      -8.30236e-06
   88      -3.13366e+06       1.17805e+04       3.51825e+04
           -1.49379e+06       2.12221e-06       1.52122e-05
   89       3.13366e+06      -1.17805e+04      -3.51825e+04
           -1.49379e+06       1.94143e-06      -6.03364e-06
   90       9.33931e+06      -5.36250e+04      -1.31073e+05
           -1.44602e+06       4.56381e-06       1.60567e-05
   91       1.56101e+07      -6.58205e+04      -1.97110e+05
           -1.32590e+06       7.93891e-06      -8.29063e-06
   92       2.17616e+07      -8.61769e+04      -3.05230e+05
           -1.19662e+06       1.47553e-05       1.83711e-05
   93       2.80690e+07      -5.24445e+04      -3.50870e+05
           -9.79457e+05       8.57510e-06      -8.12344e-06
   94       3.40733e+07      -1.79155e+04      -5.05776e+05
           -8.70312e+05       3.44338e-06       2.63130e-05
   95       4.09234e+07      -1.24417e+05      -4.63657e+05
           -7.58433e+05      -1.09046e-06      -2.16477e-05
   96       4.65701e+07      -8.00448e+05      -8.39063e+05
            7.05451e+04      -1.94687e-06       3.38996e-05
   97      -4.51101e+07      -6.64081e+05      -7.61088e+05
           -3.53430e+05       3.91824e-06      -1.00778e-05
   98      -3.86923e+07      -4.06105e+04      -4.15943e+05
           -2.80216e+05       4.98101e-06       2.07429e-05
   99      -3.32081e+07      -4.06168e+04      -4.64883e+05
           -7.76182e+05      -1.76795e-06      -9.36754e-06
  100      -2.69440e+07      -7.93709e+04      -3.14363e+05
           -1.07021e+06      -1.82316e-06       1.49413e-05
  101      -2.10373e+07      -9.29955e+04      -2.79741e+05
           -1.22017e+06       1.12463e-06      -5.21560e-06
  102      -1.49613e+07      -6.28365e+04      -1.76417e+05
           -1.36722e+06       1.00395e-06       1.31474e-05
  103      -9.01032e+06      -4.67599e+04      -1.20740e+05
           -1.44182e+06       2.74890e-06      -4.63931e-06
  104      -2.98117e+06      -9.40504e+03      -3.01743e+04
           -1.49075e+06      -2.19840e-06       1.67360e-05
  105       2.98117e+06       9.40504e+03       3.01743e+04
           -1.49075e+06      -1.64388e-06      -8.22725e-06
  106       9.01032e+06       4.67599e+04       1.20740e+05
           -1.44182e+06      -4.71272e-06       1.79645e-05
  107       1.49613e+07       6.28365e+04       1.76417e+05
           -1.36722e+06      -8.75720e-06      -8.73196e-06
  108       2.10373e+07       9.29955e+04       2.79741e+05
           -1.22017e+06      -1.59745e-05       2.05738e-05
  109       2.69440e+07       7.93709e+04       3.14363e+05
           -1.07021e+06      -9.50899e-06      -1.37157e-05
  110       3.32081e+07       4.06168e+04       4.64883e+05
           -7.76182e+05      -2.91275e-06       2.40180e-05
  111       3.86923e+07       4.06105e+04       4.15943e+05
           -2.80216e+05       1.79936e-06      -1.46580e-05
  112       4.51101e+07       6.64081e+05       7.61088e+05
           -3.53430e+05       2.41756e-06       3.05914e-05
  113      -4.31452e+07       5.57691e+05       6.87425e+05
           -4.80591e+04      -3.28597e-06      -9.89132e-06
  114      -3.76836e+07      -5.05878e+03       3.76261e+05
           -7.00625e+05      -3.80174e-06       1.74670e-05
  115      -3.14998e+07       6.54576e+04       4.24561e+05
           -7.59246e+05       2.04278e-06      -5.02730e-06
  116      -2.60061e+07       8.92840e+04       2.83303e+05
           -9.88709e+05       1.52648e-06       1.54656e-05
  117      -2.01328e+07       8.70614e+04       2.54502e+05
           -1.21021e+06      -6.98216e-07      -7.28300e-06
  118      -1.44437e+07       5.37417e+04       1.59514e+05
           -1.34574e+06      -1.64572e-06       1.67990e-05
  119      -8.62839e+06       3.85541e+04       1.09576e+05
           -1.45202e+06      -3.99409e-06      -6.85024e-06
  120      -2.89941e+06       6.90533e+03       2.73823e+04
           -1.49539e+06       9.66611e-07       1.40316e-05
  121       2.89941e+06      -6.90533e+03      -2.73823e+04
           -1.49539e+06       1.25794e-06      -5.55917e-06
  122       8.62839e+06      -3.85541e+04      -1.09576e+05
           -1.45202e+06       3.80240e-06       1.65834e-05
  123       1.44437e+07      -5.37417e+04      -1.59514e+05
           -1.34574e+06       8.41416e-06      -9.80931e-06
  124       2.01328e+07      -8.70614e+04      -2.54502e+05
           -1.21021e+06       1.71961e-05       2.01831e-05
  125       2.60061e+07      -8.92840e+04      -2.83303e+05
           -9.88709e+05       9.79118e-06      -1.16393e-05
  126       3.14998e+07      -6.54576e+04      -4.24561e+05
           -7.59246e+05       2.60209e-06       2.59042e-05
  127       3.76836e+07       5.05878e+03      -3.76261e+05
           -7.00625e+05      -3.06913e-06      -1.88050e-05
  128       4.31452e+07      -5.57691e+05      -6.87425e+05
           -4.80591e+04      -2.76941e-06       3.13319e-05
  129      -4.15155e+07      -4.73077e+05      -6.22649e+05
           -2.71561e+05       2.75221e-06      -8.80706e-06
  130      -3.57665e+07       2.88560e+04      -3.39005e+05
           -3.41782e+05       3.81048e-06       1.69621e-05
  131      -3.05798e+07      -8.59068e+04      -3.88948e+05
           -8.39979e+05      -1.11639e-06      -9.63463e-06
  132      -2.47936e+07      -8.86140e+04      -2.53454e+05
           -1.04313e+06      -1.03231e-06       1.79090e-05
  133      -1.93893e+07      -7.75753e+04      -2.33142e+05
           -1.20958e+06       7.78651e-07      -4.10223e-06
  134      -1.37863e+07      -4.53425e+04      -1.42589e+05
           -1.35617e+06       1.82602e-06       1.25526e-05
  135      -8.31272e+06      -3.25196e+04      -1.01007e+05
           -1.44344e+06       5.59712e-06      -5.02214e-06
  136      -2.74596e+06      -5.29869e+03      -2.32876e+04
           -1.49436e+06      -2.19821e-07       1.59728e-05
  137       2.74596e+06       5.29869e+03       2.32876e+04
           -1.49436e+06      -6.37327e-07      -7.18131e-06
  138       8.31272e+06       3.25196e+04       1.01007e+05
           -1.44344e+06      -2.55420e-06       1.70591e-05
  139       1.37863e+07       4.53425e+04       1.42589e+05
           -1.35617e+06      -9.34825e-06      -6.45702e-06
  140       1.93893e+07       7.75753e+04       2.33142e+05
           -1.20958e+06      -1.83148e-05       1.86683e-05
  141       2.47936e+07       8.86140e+04       2.53454e+05
           -1.04313e+06      -1.07088e-05      -1.11189e-05
  142       3.05798e+07       8.59068e+04       3.88948e+05
           -8.39979e+05      -2.37795e-06       2.31438e-05
  143       3.57665e+07      -2.88560e+04       3.39005e+05
           -3.41782e+05       3.89479e-06      -1.63014e-05
  144       4.15155e+07       4.73077e+05       6.22649e+05
           -2.71561e+05       3.11083e-06       3.07697e-05
  145      -3.96592e+07       4.04723e+05       5.61429e+05
           -1.05920e+05      -2.09856e-06      -1.01422e-05
  146      -3.45288e+07      -4.01510e+04       3.07836e+05
           -6.42810e+05      -3.39465e-06       2.03780e-05
  147      -2.89610e+07       1.00159e+05       3.53855e+05
           -7.25815e+05      -1.35291e-06      -3.27228e-06
  148      -2.39048e+07       8.18610e+04       2.28374e+05
           -1.01797e+06      -7.99599e-07       1.30352e-05
  149      -1.84816e+07       6.80442e+04       2.11890e+05
           -1.21429e+06      -4.57528e-07      -7.21938e-06
  150      -1.32648e+07       3.87999e+04       1.28898e+05
           -1.35151e+06      -2.37528e-06       1.77255e-05
  151      -7.91686e+06       2.84664e+04       9.16085e+04
           -1.44885e+06      -6.73580e-06      -3.92833e-06
  152      -2.66476e+06       4.35627e+03       2.11280e+04
           -1.49284e+06      -6.33320e-07       1.48525e-05
  153       2.66476e+06      -4.35627e+03      -2.11280e+04
           -1.49284e+06       2.49386e-07      -3.96801e-06
  154       7.91686e+06      -2.84664e+04      -9.16085e+04
           -1.44885e+06       2.73605e-06       1.64306e-05
  155       1.32648e+07      -3.87999e+04      -1.28898e+05
           -1.35151e+06       1.00042e-05      -7.97561e-06
  156       1.84816e+07      -6.80442e+04      -2.11890e+05
           -1.21429e+06       1.90881e-05       2.01199e-05
  157       2.39048e+07      -8.18610e+04      -2.28374e+05
           -1.01797e+06       1.09069e-05      -1.06582e-05
  158       2.89610e+07      -1.00159e+05      -3.53855e+05
           -7.25815e+05       3.28597e-06       2.23780e-05
  159       3.45288e+07       4.01510e+04      -3.07836e+05
           -6.42810e+05      -5.03529e-06      -1.41317e-05
  160       3.96592e+07      -4.04723e+05      -5.61429e+05
           -1.05920e+05      -4.07670e-06       2.69330e-05
  161      -3.79589e+07      -3.48822e+05      -5.07922e+05
           -2.29712e+05       6.80754e-07      -3.61228e-06
  162      -3.27795e+07       4.43461e+04      -2.77890e+05
           -3.92939e+05       3.68463e-06       1.17197e-05
  163      -2.79440e+07      -1.08529e+05      -3.23124e+05
           -8.54059e+05       3.22733e-06      -7.91464e-06
  164      -2.26734e+07      -7.21882e+04      -2.04130e+05
           -1.01773e+06       3.06105e-06       1.82763e-05
  165      -1.77479e+07      -5.97428e+04      -1.94035e+05
           -1.21082e+06       4.89715e-07       2.74015e-07
  166      -1.26119e+07      -3.38343e+04      -1.14967e+05
           -1.35303e+06       9.99825e-07       1.17146e-05
  167      -7.61022e+06      -2.56516e+04      -8.45152e+04
           -1.44641e+06       7.40625e-06      -5.49947e-06
  168      -2.50969e+06      -3.74396e+03      -1.77038e+04
           -1.49529e+06       3.41908e-07       1.51714e-05
  169       2.50969e+06       3.74396e+03       1.77038e+04
           -1.49529e+06       5.16462e-07      -5.40838e-06
  170       7.61022e+06       2.56516e+04       8.45152e+04
           -1.44641e+06      -1.70768e-06       1.56705e-05
  171       1.26119e+07       3.38343e+04       1.14967e+05
           -1.35303e+06      -9.82161e-06      -6.02374e-06
  172       1.77479e+07       5.97428e+04       1.94035e+05
           -1.21082e+06      -1.93956e-05       1.71798e-05
  173       2.26734e+07       7.21882e+04       2.04130e+05
           -1.01773e+06      -1.09285e-05      -1.00274e-05
  174       2.79440e+07       1.08529e+05       3.23124e+05
           -8.54059e+05      -3.45172e-06       2.16772e-05
  175       3.27795e+07      -4.43461e+04       2.77890e+05
           -3.92939e+05       6.41347e-06      -1.58844e-05
  176       3.79589e+07       3.48822e+05       5.07922e+05
           -2.29712e+05       5.68268e-06       2.60853e-05
  177      -3.61494e+07       3.02677e+05       4.57223e+05
           -1.36829e+05       1.08733e-06      -9.33815e-06
  178      -3.14182e+07      -4.45914e+04       2.52742e+05
           -5.98839e+05      -3.21117e-06       2.28066e-05
  179      -2.64169e+07       1.12049e+05       2.92902e+05
           -7.23736e+05      -6.18178e-06       2.88903e-07
  180      -2.17823e+07       6.16551e+04       1.83966e+05
           -1.03773e+06      -5.01470e-06       1.05739e-05
  181      -1.68312e+07       5.29670e+04       1.76105e+05
           -1.20983e+06      -5.19296e-07      -5.81757e-06
  182      -1.20877e+07       2.99399e+04       1.03820e+05
           -1.35365e+06       1.00862e-07       1.61961e-05
  183      -7.20967e+06       2.35079e+04       7.65873e+04
           -1.44645e+06      -8.63752e-06       1.18540e-06
  184      -2.43065e+06       3.24879e+03       1.60088e+04
           -1.49293e+06      -1.82884e-06       1.28299e-05
  185       2.43065e+06      -3.24879e+03      -1.60088e+04
           -1.49293e+06      -1.37845e-06      -3.31635e-06
  186       7.20967e+06      -2.35079e+04      -7.65873e+04
           -1.44645e+06       7.04080e-07       1.53466e-05
  187       1.20877e+07      -2.99399e+04      -1.03820e+05
           -1.35365e+06       1.04357e-05      -6.36055e-06
  188       1.68312e+07      -5.29670e+04      -1.76105e+05
           -1.20983e+06       2.17087e-05       1.84432e-05
  189       2.17823e+07      -6.16551e+04      -1.83966e+05
           -1.03773e+06       1.30128e-05      -6.87928e-06
  190       2.64169e+07      -1.12049e+05      -2.92902e+05
           -7.23736e+05       4.40353e-06       1.89219e-05
  191       3.14182e+07       4.45914e+04      -2.52742e+05
           -5.98839e+05      -7.32879e-06      -1.05472e-05
  192       3.61494e+07      -3.02677e+05      -4.57223e+05
           -1.36829e+05      -7.05878e-06       2.61850e-05
  193      -3.44174e+07      -2.64323e+05      -4.13125e+05
           -2.06449e+05      -9.63272e-07      -3.74384e-06
  194      -2.97602e+07       4.27471e+04      -2.28116e+05
           -4.30240e+05       3.33138e-06       9.51187e-06
  195      -2.53187e+07      -1.11839e+05      -2.66662e+05
           -8.49007e+05       9.22249e-06      -7.29220e-06
  196      -2.05664e+07      -5.14781e+04      -1.64290e+05
           -1.00353e+06       7.78449e-06       1.65910e-05
  197      -1.61026e+07      -4.75820e+04      -1.61108e+05
           -1.21670e+06       2.15615e-06       1.21675e-06
  198      -1.14362e+07      -2.66978e+04      -9.23158e+04
           -1.35107e+06       1.70146e-06       1.10455e-05
  199      -6.90491e+06      -2.17080e+04      -7.06896e+04
           -1.44828e+06       1.34077e-05      -5.40288e-06
  200      -2.27356e+06      -2.77052e+03      -1.31368e+04
           -1.49472e+06       4.88790e-06       1.64547e-05
  201       2.27356e+06       2.77052e+03       1.31368e+04
           -1.49472e+06       4.13463e-06      -7.90228e-07
  202       6.90491e+06       2.17080e+04       7.06896e+04
           -1.44828e+06       2.37182e-06       1.37654e-05
  203       1.14362e+07       2.66978e+04       9.23158e+04
           -1.35107e+06      -8.16918e-06      -1.78724e-06
  204       1.61026e+07       4.75820e+04       1.61108e+05
           -1.21670e+06      -2.05219e-05       1.54635e-05
  205       2.05664e+07       5.14781e+04       1.64290e+05
           -1.00353e+06      -1.16367e-05      -6.03269e-06
  206       2.53187e+07       1.11839e+05       2.66662e+05
           -8.49007e+05      -3.90000e-06       2.23640e-05
  207       2.97602e+07      -4.27471e+04       2.28116e+05
           -4.30240e+05       6.28420e-06      -1.05910e-05
  208       3.44174e+07       2.64323e+05       4.13125e+05
           -2.06449e+05       6.95557e-06       2.26615e-05
  209      -3.26298e+07       2.32305e+05       3.71175e+05
           -1.54658e+05       2.69174e-06      -9.05188e-06
  210      -2.83313e+07      -3.99152e+04       2.07386e+05
           -5.67335e+05      -2.68301e-06       2.17869e-05
  211      -2.38609e+07       1.08875e+05       2.40866e+05
           -7.32749e+05      -1.42213e-05      -2.84365e-06
  212      -1.96526e+07       4.22975e+04       1.48060e+05
           -1.04715e+06      -1.01183e-05       1.00367e-05
  213      -1.51854e+07       4.33036e+04       1.45899e+05
           -1.20377e+06      -1.78014e-06      -7.28512e-06
  214      -1.09109e+07       2.38306e+04       8.32251e+04
           -1.35571e+06      -2.37378e-06       1.58421e-05
  215      -6.50412e+06       2.00941e+04       6.39720e+04
           -1.44498e+06      -1.78270e-05       1.06757e-06
  216      -2.19598e+06       2.27729e+03       1.18167e+04
           -1.49364e+06      -7.28269e-06       9.04032e-06
  217       2.19598e+06      -2.27729e+03      -1.18167e+04
           -1.49364e+06      -7.90047e-06      -2.97188e-06
  218       6.50412e+06      -2.00941e+04      -6.39720e+04
           -1.44498e+06      -5.51705e-06       1.72664e-05
  219       1.09109e+07      -2.38306e+04      -8.32251e+04
           -1.35571e+06       5.44707e-06      -5.66973e-06
  220       1.51854e+07      -4.33036e+04      -1.45899e+05
           -1.20377e+06       2.13017e-05       1.66164e-05
  221       1.96526e+07      -4.22975e+04      -1.48060e+05
           -1.04715e+06       1.28379e-05      -8.11200e-06
  222       2.38609e+07      -1.08875e+05      -2.40866e+05
           -7.32749e+05       5.83801e-06       1.66167e-05
  223       2.83313e+07       3.99152e+04      -2.07386e+05
           -5.67335e+05      -6.64282e-06      -1.22823e-05
  224       3.26298e+07      -2.32305e+05      -3.71175e+05
           -1.54658e+05      -6.21018e-06       2.49211e-05
  225      -3.08826e+07      -2.05525e+05      -3.34820e+05
           -1.92522e+05      -3.06287e-06      -7.08494e-07
  226      -2.67235e+07       3.67395e+04      -1.86777e+05
           -4.56873e+05       7.15339e-06       4.32392e-06
  227      -2.27049e+07      -1.03940e+05      -2.18621e+05
           -8.38066e+05       1.93043e-05      -1.74250e-06
  228      -1.84628e+07      -3.43903e+04      -1.32041e+05
           -9.97880e+05       1.36002e-05       1.53544e-05
  229      -1.44530e+07      -3.98364e+04      -1.33214e+05
           -1.22223e+06       2.77872e-06       4.90029e-06
  230      -1.02610e+07      -2.11812e+04      -7.37194e+04
           -1.34890e+06       2.15635e-06       3.70204e-06
  231      -6.19863e+06      -1.86036e+04      -5.90306e+04
           -1.44947e+06       2.36945e-05      -3.69724e-06
  232      -2.03813e+06      -1.76989e+03      -9.42212e+03
           -1.49406e+06       1.41055e-05       1.70735e-05
  233       2.03813e+06       1.76989e+03       9.42212e+03
           -1.49406e+06       1.07915e-05      -2.89305e-06
  234       6.19863e+06       1.86036e+04       5.90306e+04
           -1.44947e+06       9.63572e-06       7.47706e-06
  235       1.02610e+07       2.11812e+04       7.37194e+04
           -1.34890e+06      -2.18104e-06      -1.78390e-06
  236       1.44530e+07       3.98364e+04       1.33214e+05
           -1.22223e+06      -1.92435e-05       1.50944e-05
  237       1.84628e+07       3.43903e+04       1.32041e+05
           -9.97880e+05      -9.82662e-06      -4.39310e-06
  238       2.27049e+07       1.03940e+05       2.18621e+05
           -8.38066e+05      -5.82759e-06       1.93001e-05
  239       2.67235e+07      -3.67395e+04       1.86777e+05
           -4.56873e+05       8.25245e-06      -7.24830e-06
  240       3.08826e+07       2.05525e+05       3.34820e+05
           -1.92522e+05       7.30585e-06       2.52669e-05
  241      -2.91054e+07       1.83151e+05       3.00066e+05
           -1.65772e+05       3.76343e-06      -2.09380e-06
  242      -2.52576e+07      -3.35791e+04       1.69396e+05
           -5.44714e+05      -7.50484e-06       1.61260e-05
  243      -2.12946e+07       9.76189e+04       1.96713e+05
           -7.44326e+05      -2.19382e-05       1.94247e-07
  244      -1.75220e+07       2.78160e+04       1.18915e+05
           -1.05002e+06      -1.58028e-05       5.85603e-06
  245      -1.35431e+07       3.69323e+04       1.20235e+05
           -1.19910e+06       5.20925e-07      -3.09327e-06
  246      -9.73320e+06       1.86754e+04       6.63012e+04
           -1.35787e+06       7.68845e-08       2.28146e-05
  247      -5.79923e+06       1.72169e+04       5.33045e+04
           -1.44398e+06      -2.38021e-05       4.94390e-06
  248      -1.96060e+06       1.26034e+03       8.41015e+03
           -1.49421e+06      -1.32156e-05       2.69192e-06
  249       1.96060e+06      -1.26034e+03      -8.41015e+03
           -1.49421e+06      -8.49548e-06       1.47726e-06
  250       5.79923e+06      -1.72169e+04      -5.33045e+04
           -1.44398e+06      -9.61591e-06       2.01261e-05
  251       9.73320e+06      -1.86754e+04      -6.63012e+04
           -1.35787e+06       1.89045e-06       6.69433e-07
  252       1.35431e+07      -3.69323e+04      -1.20235e+05
           -1.19910e+06       1.63144e-05       1.57224e-05
  253       1.75220e+07      -2.78160e+04      -1.18915e+05
           -1.05002e+06       9.45523e-06      -2.97856e-06
  254       2.12946e+07      -9.76189e+04      -1.96713e+05
           -7.44326e+05       2.74387e-06       2.11820e-05
  255       2.52576e+07       3.35791e+04      -1.69396e+05
           -5.44714e+05      -1.10088e-05      -7.41923e-06
  256       2.91054e+07      -1.83151e+05      -3.00066e+05
           -1.65772e+05      -1.11339e-05       2.29167e-05
  257      -2.73512e+07      -1.64550e+05      -2.70012e+05
           -1.83419e+05      -5.43144e-06       2.63418e-06
  258      -2.36766e+07       3.06111e+04      -1.51918e+05
           -4.76236e+05       8.57471e-06       9.34057e-06
  259      -2.01001e+07      -9.03356e+04      -1.77898e+05
           -8.26672e+05       2.36512e-05       2.20530e-06
  260      -1.63584e+07      -2.25100e+04      -1.05806e+05
           -9.96954e+05       1.17017e-05       1.70318e-05
  261      -1.28008e+07      -3.44070e+04      -1.09421e+05
           -1.22592e+06      -8.58396e-06       3.69837e-06
  262      -9.08696e+06      -1.62893e+04      -5.84452e+04
           -1.34690e+06      -2.36889e-06      -1.03577e-06
  263      -5.49182e+06      -1.59281e+04      -4.91201e+04
           -1.45032e+06       3.15762e-05      -1.09940e-06
  264      -1.80336e+06      -7.61544e+02      -6.43053e+03
           -1.49358e+06       1.76216e-05       2.42915e-05
  265       1.80336e+06       7.61543e+02       6.43053e+03
           -1.49358e+06       7.00327e-06       6.55072e-06
  266       5.49182e+06       1.59281e+04       4.91201e+04
           -1.45032e+06       9.17102e-06       1.09427e-05
  267       9.08696e+06       1.62893e+04       5.84452e+04
           -1.34690e+06       2.31618e-06       1.47165e-06
  268       1.28008e+07       3.44070e+04       1.09421e+05
           -1.22592e+06      -1.26747e-05       1.81041e-05
  269       1.63584e+07       2.25100e+04       1.05806e+05
           -9.96954e+05      -1.07260e-05      -1.56776e-06
  270       2.01001e+07       9.03356e+04       1.77898e+05
           -8.26672e+05       5.60866e-07       2.03442e-05
  271       2.36766e+07      -3.06111e+04       1.51918e+05
           -4.76236e+05       1.49745e-05      -2.60792e-06
  272       2.73512e+07       1.64550e+05       2.70012e+05
           -1.83419e+05       1.29750e-05       2.09839e-05
  273      -2.55785e+07       1.49244e+05       2.41120e+05
           -1.73472e+05       4.64956e-06       1.43089e-05
  274      -2.21916e+07      -2.78900e+04       1.37146e+05
           -5.27963e+05      -9.56665e-06       3.92157e-06
  275      -1.87205e+07       8.23765e+04       1.59295e+05
           -7.55007e+05      -2.53716e-05       9.38776e-06
  276      -1.53931e+07       1.83373e+04       9.51160e+04
           -1.04972e+06      -1.08161e-05       4.21818e-06
  277      -1.19027e+07       3.21384e+04       9.82755e+04
           -1.19638e+06       1.39814e-05       7.38186e-06
  278      -8.55439e+06       1.40275e+04       5.23791e+04
           -1.35960e+06       4.37551e-06       2.07322e-05
  279      -5.09481e+06       1.47320e+04       4.42042e+04
           -1.44326e+06      -3.85964e-05       1.18117e-05
  280      -1.72465e+06       2.83658e+02       5.66684e+03
           -1.49460e+06      -2.30562e-05       3.94439e-06
  281       1.72465e+06      -2.83658e+02      -5.66684e+03
           -1.49460e+06      -7.88281e-06       3.13115e-06
  282       5.09481e+06      -1.47320e+04      -4.42042e+04
           -1.44326e+06      -1.10454e-05       1.69426e-05
  283       8.55439e+06      -1.40275e+04      -5.23791e+04
           -1.35960e+06      -1.85943e-06       1.28596e-06
  284       1.19027e+07      -3.21384e+04      -9.82755e+04
           -1.19638e+06       1.38059e-05       1.50931e-05
  285       1.53931e+07      -1.83373e+04      -9.51160e+04
           -1.04972e+06       1.14362e-05       8.81973e-07
  286       1.87205e+07      -8.23765e+04      -1.59295e+05
           -7.55007e+05       1.53873e-06       1.60521e-05
  287       2.21916e+07       2.78900e+04      -1.37146e+05
           -5.27963e+05      -1.44324e-05      -1.18119e-05
  288       2.55785e+07      -1.49244e+05      -2.41120e+05
           -1.73472e+05      -1.15092e-05       2.77022e-05
  289      -2.38218e+07      -1.36882e+05      -2.16132e+05
           -1.76644e+05      -5.94852e-06       1.21185e-05
  290      -2.06237e+07       2.53804e+04      -1.22179e+05
           -4.90913e+05       7.76938e-06       1.40253e-05
  291      -1.75019e+07      -7.39207e+04      -1.43319e+05
           -8.17065e+05       2.38144e-05       1.19839e-05
  292      -1.42522e+07      -1.51212e+04      -8.43238e+04
           -9.97914e+05       4.98759e-06       1.34007e-05
  293      -1.11474e+07      -3.00548e+04      -8.89737e+04
           -1.22774e+06      -2.24830e-05       1.02212e-05
  294      -7.91381e+06      -1.19109e+04      -4.58769e+04
           -1.34555e+06      -1.07926e-05       4.57213e-06
  295      -4.78458e+06      -1.36210e+04      -4.06120e+04
           -1.45092e+06       3.66598e-05       3.15310e-06
  296      -1.56908e+06       1.65906e+02      -4.04492e+03
           -1.49326e+06       2.06754e-05       1.15565e-05
  297       1.56908e+06      -1.65906e+02       4.04492e+03
           -1.49326e+06       5.30764e-06       5.97411e-06
  298       4.78458e+06       1.36210e+04       4.06120e+04
           -1.45092e+06       1.17725e-05       9.27650e-06
  299       7.91381e+06       1.19109e+04       4.58769e+04
           -1.34555e+06       2.45770e-06       3.95536e-06
  300       1.11474e+07       3.00548e+04       8.89737e+04
           -1.22774e+06      -1.53071e-05       1.20386e-05
  301       1.42522e+07       1.51212e+04       8.43238e+04
           -9.97914e+05      -1.21259e-05      -3.50958e-06
  302       1.75019e+07       7.39207e+04       1.43319e+05
           -8.17065e+05       1.59294e-06       1.90703e-05
  303       2.06237e+07      -2.53804e+04       1.22179e+05
           -4.90913e+05       1.22974e-05       1.08846e-05
  304       2.38218e+07       1.36882e+05       2.16132e+05
           -1.76644e+05       8.41925e-06       1.72246e-05
  305      -2.20500e+07       1.27220e+05       1.91962e+05
           -1.79719e+05       1.79727e-06       2.12578e-05
  306      -1.91307e+07      -2.29700e+04       1.09495e+05
           -5.14921e+05      -6.83204e-06      -8.60160e-06
  307      -1.61411e+07       6.50651e+04       1.27432e+05
           -7.63254e+05      -1.96131e-05       1.72733e-05
  308      -1.32657e+07       1.26528e+04       7.55433e+04
           -1.04854e+06      -4.51964e-06       4.66692e-06
  309      -1.02630e+07       2.81202e+04       7.93349e+04
           -1.19541e+06       2.75142e-05       9.18224e-06
  310      -7.37488e+06       9.97097e+03       4.08897e+04
           -1.36053e+06       1.08857e-05       6.46978e-06
  311      -4.39077e+06       1.25879e+04       3.63560e+04
           -1.44278e+06      -3.81255e-05       7.80607e-06
  312      -1.48830e+06      -5.80587e+02       3.47541e+03
           -1.49484e+06      -2.34081e-05       1.01071e-05
  313       1.48830e+06       5.80587e+02      -3.47541e+03
           -1.49484e+06      -9.43829e-06       3.14867e-06
  314       4.39077e+06      -1.25879e+04      -3.63560e+04
           -1.44278e+06      -1.66836e-05       7.50672e-06
  315       7.37488e+06      -9.97097e+03      -4.08897e+04
           -1.36053e+06      -4.72710e-06      -1.87349e-06
  316       1.02630e+07      -2.81202e+04      -7.93349e+04
           -1.19541e+06       1.48054e-05       1.22044e-05
  317       1.32657e+07      -1.26528e+04      -7.55433e+04
           -1.04854e+06       6.45622e-06       1.11454e-05
  318       1.61411e+07      -6.50651e+04      -1.27432e+05
           -7.63254e+05      -7.09110e-06       9.89170e-06
  319       1.91307e+07       2.29700e+04      -1.09495e+05
           -5.14921e+05      -1.39320e-05      -1.13582e-05
  320       2.20500e+07      -1.27220e+05      -1.91962e+05
           -1.79719e+05      -9.70986e-06       2.36995e-05
  321      -2.02938e+07      -1.20108e+05      -1.70988e+05
           -1.70568e+05       1.24683e-06       3.60705e-06
  322      -1.75663e+07       2.04678e+04      -9.65986e+04
           -5.02665e+05       1.19770e-05       1.21095e-05
  323      -1.49079e+07      -5.58496e+04      -1.13711e+05
           -8.10457e+05       2.38379e-05       4.62662e-06
  324      -1.21447e+07      -1.06883e+04      -6.65989e+04
           -9.99002e+05       4.57346e-06      -3.10877e-07
  325      -9.49363e+06      -2.63148e+04      -7.12451e+04
           -1.22789e+06      -2.67303e-05       9.69954e-06
  326      -6.74108e+06      -8.24911e+03      -3.54900e+04
           -1.34504e+06      -9.85757e-06       1.46383e-05
  327      -4.07699e+06      -1.16321e+04      -3.32176e+04
           -1.45128e+06       3.66454e-05       1.24384e-05
  328      -1.33510e+06       9.51480e+02      -2.16149e+03
           -1.49310e+06       2.59270e-05       1.49765e-06
  329       1.33510e+06      -9.51480e+02       2.16149e+03
           -1.49310e+06       1.12446e-05       2.00200e-06
  330       4.07699e+06       1.16321e+04       3.32176e+04
           -1.45128e+06       1.76890e-05       1.43665e-05
  331       6.74108e+06       8.24911e+03       3.54900e+04
           -1.34504e+06       4.68761e-06       9.73437e-06
  332       9.49363e+06       2.63148e+04       7.12451e+04
           -1.22789e+06      -1.99256e-05       1.31725e-05
  333       1.21447e+07       1.06883e+04       6.65989e+04
           -9.99002e+05      -7.71973e-06      -9.42484e-06
  334       1.49079e+07       5.58496e+04       1.13711e+05
           -8.10457e+05       1.10005e-05       1.85632e-05
  335       1.75663e+07      -2.04678e+04       9.65986e+04
           -5.02665e+05       2.03955e-05       9.69862e-06
  336       2.02938e+07       1.20108e+05       1.70988e+05
           -1.70568e+05       9.25325e-06       1.16869e-05
  337      -1.85200e+07       1.15492e+05       1.50565e+05
           -1.85972e+05      -1.25934e-06       1.90336e-05
  338      -1.60737e+07      -1.75854e+04       8.56320e+04
           -5.04221e+05      -1.14160e-05      -9.54629e-06
  339      -1.35585e+07       4.62871e+04       9.99683e+04
           -7.67900e+05      -2.73975e-05       1.98577e-05
  340      -1.11390e+07       8.93705e+03       5.93080e+04
           -1.04771e+06      -9.66921e-06       5.76356e-06
  341      -8.62343e+06       2.46095e+04       6.28348e+04
           -1.19612e+06       1.71497e-05       9.55713e-06
  342      -6.19527e+06       6.79454e+03       3.13521e+04
           -1.36066e+06       7.52224e-06      -5.76621e-06
  343      -3.68708e+06       1.07686e+04       2.94917e+04
           -1.44253e+06      -3.86856e-05       5.67880e-06
  344      -1.25175e+06      -1.26307e+03       1.74274e+03
           -1.49489e+06      -2.70287e-05       1.97538e-05
  345       1.25175e+06       1.26307e+03      -1.74274e+03
           -1.49489e+06      -1.13143e-05       1.44259e-05
  346       3.68708e+06      -1.07686e+04      -2.94917e+04
           -1.44253e+06      -1.78413e-05       4.70250e-06
  347       6.19527e+06      -6.79454e+03      -3.13521e+04
           -1.36066e+06       1.81969e-06       2.41163e-06
  348       8.62343e+06      -2.46095e+04      -6.28348e+04
           -1.19612e+06       2.71556e-05       9.08719e-06
  349       1.11390e+07      -8.93706e+03      -5.93080e+04
           -1.04771e+06       1.06476e-05       1.68123e-05
  350       1.35585e+07      -4.62871e+04      -9.99683e+04
           -7.67900e+05      -9.71612e-06      -4.58685e-07
  351       1.60737e+07       1.75854e+04      -8.56320e+04
           -5.04221e+05      -2.23554e-05      -1.80058e-06
  352       1.85200e+07      -1.15492e+05      -1.50565e+05
           -1.85972e+05      -1.24183e-05       1.65483e-05
  353      -1.67674e+07      -1.13413e+05      -1.32701e+05
           -1.63766e+05       8.06897e-07       2.69270e-05
  354      -1.45053e+07       1.38981e+04      -7.45000e+04
           -5.12419e+05       6.69703e-06       8.55678e-07
  355      -1.23158e+07      -3.64094e+04      -8.79474e+04
           -8.08193e+05       2.04414e-05       1.19913e-05
  356      -1.00376e+07      -7.04634e+03      -5.18308e+04
           -9.99585e+05       9.14743e-06      -8.91850e-06
  357      -7.84010e+06      -2.29286e+04      -5.56970e+04
           -1.22622e+06      -1.81135e-05       1.68733e-05
  358      -5.56816e+06      -5.65555e+03      -2.68482e+04
           -1.34518e+06      -1.04988e-05       3.19398e-06
  359      -3.36904e+06      -1.00339e+04      -2.66826e+04
           -1.45142e+06       3.52650e-05       1.78836e-05
  360      -1.10119e+06       1.48874e+03      -7.02284e+02
           -1.49322e+06       2.64799e-05      -8.55296e-06
  361       1.10119e+06      -1.48874e+03       7.02284e+02
           -1.49322e+06       1.79550e-05       1.49522e-05
  362       3.36904e+06       1.00339e+04       2.66826e+04
           -1.45142e+06       1.83705e-05       9.39305e-06
  363       5.56816e+06       5.65555e+03       2.68482e+04
           -1.34518e+06      -9.77711e-06       1.85387e-05
  364       7.84010e+06       2.29286e+04       5.56970e+04
           -1.22622e+06      -3.55936e-05       8.80397e-07
  365       1.00376e+07       7.04634e+03       5.18308e+04
           -9.99585e+05      -1.02254e-05       1.65967e-05
  366       1.23158e+07       3.64094e+04       8.79474e+04
           -8.08193e+05       1.12319e-05       1.26322e-05
  367       1.45053e+07      -1.38981e+04       7.45000e+04
           -5.12419e+05       1.44949e-05       3.16020e-05
  368       1.67674e+07       1.13413e+05       1.32701e+05
           -1.63766e+05       8.48597e-06      -1.89377e-05
  369      -1.49879e+07       1.14022e+05       1.15182e+05
           -1.93768e+05       5.27298e-06       2.06561e-05
  370      -1.30203e+07      -8.77276e+03       6.50007e+04
           -4.95502e+05       1.81044e-06      -1.45401e-05
  371      -1.09757e+07       2.63488e+04       7.58149e+04
           -7.67224e+05      -1.16202e-05       2.61765e-05
  372      -9.01102e+06       4.59465e+03       4.56775e+04
           -1.04708e+06      -1.50381e-06       5.03788e-06
  373      -6.98299e+06       2.10959e+04       4.82682e+04
           -1.19887e+06       2.51622e-05       1.90101e-05
  374      -5.01605e+06       4.84908e+03       2.33778e+04
           -1.36046e+06       1.90495e-05       2.00642e-06
  375      -2.98380e+06       9.48077e+03       2.33643e+04
           -1.44254e+06      -3.26105e-05       1.14385e-05
  376      -1.01527e+06      -1.58952e+03       4.12333e+02
           -1.49456e+06      -2.51910e-05       1.24394e-05
  377       1.01527e+06       1.58952e+03      -4.12333e+02
           -1.49456e+06      -2.13704e-05       5.98629e-06
  378       2.98380e+06      -9.48077e+03      -2.33643e+04
           -1.44254e+06      -1.64035e-05      -2.14531e-06
  379       5.01605e+06      -4.84908e+03      -2.33778e+04
           -1.36046e+06       1.40865e-05       1.84831e-05
  380       6.98299e+06      -2.10959e+04      -4.82682e+04
           -1.19887e+06       3.71175e-05       4.85302e-06
  381       9.01102e+06      -4.59465e+03      -4.56775e+04
           -1.04708e+06       7.42731e-06      -1.11010e-07
  382       1.09757e+07      -2.63488e+04      -7.58149e+04
           -7.67224e+05      -7.50602e-06      -4.06323e-06
  383       1.30203e+07       8.77276e+03      -6.50007e+04
           -4.95502e+05      -2.21010e-07      -1.13983e-05
  384       1.49879e+07      -1.14022e+05      -1.15182e+05
           -1.93768e+05       1.76391e-06       2.86305e-05
  385      -1.32439e+07      -1.17611e+05      -9.96386e+04
           -1.54398e+05      -3.89270e-06       2.61322e-05
  386      -1.14408e+07       1.24564e+03      -5.54322e+04
           -5.19694e+05      -8.53444e-06       6.58413e-06
  387      -9.72153e+06      -1.64917e+04      -6.49927e+04
           -8.12523e+05      -1.01227e-06       2.35545e-05
  388      -7.93240e+06      -1.11432e+03      -3.93323e+04
           -1.00100e+06      -5.06669e-06      -7.50015e-06
  389      -6.18832e+06      -1.87478e+04      -4.18427e+04
           -1.22237e+06      -3.05082e-05       1.85349e-05
  390      -4.39490e+06      -4.27385e+03      -1.96141e+04
           -1.34514e+06      -2.72119e-05      -4.64019e-07
  391      -2.66067e+06      -9.12936e+03      -2.07592e+04
           -1.45111e+06       2.63240e-05       1.47946e-05
  392      -8.67082e+05       1.52816e+03       3.59145e+02
           -1.49376e+06       2.87130e-05      -1.28078e-05
  393       8.67082e+05      -1.52816e+03      -3.59145e+02
           -1.49376e+06       2.28877e-05       2.22790e-05
  394       2.66067e+06       9.12936e+03       2.07592e+04
           -1.45111e+06       2.07536e-05       5.63045e-06
  395       4.39490e+06       4.27385e+03       1.96141e+04
           -1.34514e+06      -9.01191e-06      -3.40846e-06
  396       6.18832e+06       1.87478e+04       4.18427e+04
           -1.22237e+06      -3.59924e-05       4.00258e-06
  397       7.93240e+06       1.11432e+03       3.93323e+04
           -1.00100e+06      -1.12924e-05       2.58641e-05
  398       9.72153e+06       1.64917e+04       6.49927e+04
           -8.12523e+05      -2.01828e-06       6.25502e-06
  399       1.14408e+07      -1.24564e+03       5.54322e+04
           -5.19694e+05      -1.27310e-05       2.82268e-05
  400       1.32439e+07       1.17611e+05       9.96386e+04
           -1.54398e+05      -1.04354e-05      -2.15785e-05
  401      -1.14520e+07       1.24650e+05       8.42821e+04
           -2.05500e+05      -9.13232e-07       5.38189e-05
  402      -9.97020e+06       1.01754e+04       4.72422e+04
           -4.90593e+05       1.13540e-05      -3.19146e-05
  403      -8.39845e+06       7.74286e+03       5.40188e+04
           -7.58353e+05       6.32330e-06       3.37968e-05
  404      -6.88078e+06      -3.84801e+03       3.39859e+04
           -1.04334e+06       8.24228e-06      -1.31977e-05
  405      -5.33933e+06       1.51522e+04       3.51555e+04
           -1.20343e+06       3.38701e-05       3.34215e-05
  406      -3.83640e+06       3.45498e+03       1.66818e+04
           -1.36105e+06       3.70133e-05      -1.91821e-05
  407      -2.28053e+06       8.77295e+03       1.77144e+04
           -1.44356e+06      -1.69284e-05       2.22708e-05
  408      -7.79003e+05      -1.33864e+03      -5.01524e+02
           -1.49417e+06      -2.24381e-05       9.12954e-06
  409       7.79003e+05       1.33864e+03       5.01524e+02
           -1.49417e+06      -2.12801e-05       1.11515e-05
  410       2.28053e+06      -8.77295e+03      -1.77144e+04
           -1.44356e+06      -1.40647e-05      -1.25532e-06
  411       3.83640e+06      -3.45498e+03      -1.66818e+04
           -1.36105e+06       1.43036e-05       3.85858e-05
  412       5.33933e+06      -1.51522e+04      -3.51555e+04
           -1.20343e+06       3.60041e-05       8.18951e-07
  413       6.88078e+06       3.84801e+03      -3.39859e+04
           -1.04334e+06       8.39527e-06       2.35085e-06
  414       8.39845e+06      -7.74286e+03      -5.40188e+04
           -7.58353e+05       5.66079e-06      -3.21381e-06
  415       9.97020e+06      -1.01754e+04      -4.72422e+04
           -4.90593e+05       2.16924e-05       7.46433e-06
  416       1.14520e+07      -1.24650e+05      -8.42821e+04
           -2.05500e+05       2.10711e-05       2.30543e-05
  417      -9.72586e+06      -1.35856e+05      -7.03592e+04
           -1.39215e+05       7.63320e-06       1.87696e-05
  418      -8.37365e+06      -2.77983e+04      -3.91106e+04
           -5.20526e+05       4.12518e-06      -1.67845e-05
  419      -7.11639e+06      -1.93259e+03      -4.40221e+04
           -8.27021e+05       9.50241e-06       2.93579e-05
  420      -5.82869e+06       1.06706e+04      -2.84339e+04
           -1.01004e+06       7.50080e-06      -9.93692e-06
  421      -4.54213e+06      -8.74996e+03      -2.91923e+04
           -1.21862e+06      -2.18919e-05       1.11371e-05
  422      -3.22456e+06      -8.31934e+02      -1.35497e+04
           -1.34383e+06      -2.58477e-05       1.75044e-05
  423      -1.95404e+06      -7.37751e+03      -1.51620e+04
           -1.44827e+06       1.21137e-05       3.50089e-05
  424      -6.33251e+05       1.35583e+03       9.56756e+02
           -1.49248e+06       1.78680e-05      -1.27763e-05
  425       6.33251e+05      -1.35583e+03      -9.56756e+02
           -1.49248e+06       1.73889e-05       2.68657e-05
  426       1.95404e+06       7.37751e+03       1.51620e+04
           -1.44827e+06       4.29824e-06      -8.91443e-06
  427       3.22456e+06       8.31934e+02       1.35497e+04
           -1.34383e+06      -9.87693e-06      -5.56399e-06
  428       4.54213e+06       8.74996e+03       2.91923e+04
           -1.21862e+06      -2.67516e-05      -8.18051e-06
  429       5.82869e+06      -1.06706e+04       2.84339e+04
           -1.01004e+06      -8.14611e-06       3.55564e-05
  430       7.11639e+06       1.93259e+03       4.40221e+04
           -8.27021e+05      -8.24411e-06       2.73636e-06
  431       8.37365e+06       2.77983e+04       3.91106e+04
           -5.20526e+05      -2.29601e-05       2.93452e-05
  432       9.72586e+06       1.35856e+05       7.03592e+04
           -1.39215e+05      -1.69928e-05      -1.68510e-05
  433      -7.90770e+06       1.52295e+05       5.65031e+04
           -2.25748e+05      -1.74661e-05       4.26179e-05
  434      -6.92063e+06       5.52956e+04       3.21133e+04
           -4.97142e+05      -1.67848e-05      -1.33498e-05
  435      -5.84061e+06       2.74594e+03       3.39631e+04
           -7.37418e+05      -1.97413e-05       2.11487e-05
  436      -4.75310e+06      -1.91481e+04       2.35361e+04
           -1.02378e+06      -1.23830e-05      -1.07407e-05
  437      -3.68736e+06      -3.30714e+03       2.29762e+04
           -1.20236e+06       9.37926e-06       4.54754e-05
  438      -2.64866e+06      -7.38927e+03       1.10486e+04
           -1.36234e+06       1.82710e-05      -3.24389e-05
  439      -1.57103e+06       1.96180e+03       1.22064e+04
           -1.45035e+06      -1.63201e-05      -7.48364e-07
  440      -5.40839e+05      -2.67034e+03      -8.75444e+02
           -1.50086e+06      -1.86384e-05       6.76744e-07
  441       5.40839e+05       2.67034e+03       8.75444e+02
           -1.50086e+06      -1.48441e-05       1.58408e-05
  442       1.57103e+06      -1.96180e+03      -1.22064e+04
           -1.45035e+06      -6.90736e-06       2.33057e-06
  443       2.64866e+06       7.38927e+03      -1.10486e+04
           -1.36234e+06       1.44230e-06       4.10280e-05
  444       3.68736e+06       3.30714e+03      -2.29762e+04
           -1.20236e+06       1.17422e-05      -6.73529e-06
  445       4.75310e+06       1.91481e+04      -2.35361e+04
           -1.02378e+06       3.28909e-07       4.57127e-06
  446       5.84061e+06      -2.74594e+03      -3.39631e+04
           -7.37418e+05       1.61484e-05      -1.09959e-05
  447       6.92063e+06      -5.52956e+04      -3.21133e+04
           -4.97142e+05       2.00077e-05       1.45200e-05
  448       7.90770e+06      -1.52295e+05      -5.65031e+04
           -2.25748e+05       1.75662e-05      -4.02028e-06
  449      -6.22724e+06      -1.75821e+05      -4.35701e+04
           -1.10113e+05       1.46075e-05       4.90335e-05
  450      -5.31560e+06      -9.98917e+04      -2.52647e+04
           -4.96839e+05       1.74812e-05      -2.30186e-05
  451      -4.47869e+06      -2.03739e+04      -2.47666e+04
           -8.49497e+05       1.76501e-05       4.86251e-05
  452      -3.70738e+06       2.27203e+04      -1.84011e+04
           -1.04534e+06       8.28164e-06      -2.80008e-05
  453      -2.89894e+06       2.02287e+04      -1.71901e+04
           -1.23255e+06       1.25530e-06       3.97900e-06
  454      -2.06428e+06       2.40759e+04      -8.40573e+03
           -1.34801e+06       5.12149e-06       5.91793e-06
  455      -1.25788e+06       1.08658e+04      -9.46984e+03
           -1.43884e+06       1.87428e-05       4.42933e-05
  456      -4.03216e+05       6.69994e+03       9.21103e+02
           -1.47882e+06       1.19184e-05      -1.84337e-05
  457       4.03216e+05      -6.69994e+03      -9.21103e+02
           -1.47882e+06       6.99897e-06       2.26920e-05
  458       1.25788e+06      -1.08658e+04       9.46984e+03
           -1.43884e+06       7.53442e-06      -1.12897e-05
  459       2.06428e+06      -2.40759e+04       8.40573e+03
           -1.34801e+06       2.55752e-06       8.60247e-06
  460       2.89894e+06      -2.02287e+04       1.71901e+04
           -1.23255e+06      -4.83148e-06      -4.98848e-06
  461       3.70738e+06      -2.27203e+04       1.84011e+04
           -1.04534e+06       3.11708e-06       2.95408e-05
  462       4.47869e+06       2.03739e+04       2.47666e+04
           -8.49497e+05      -1.39195e-05      -1.30621e-05
  463       5.31560e+06       9.98917e+04       2.52647e+04
           -4.96839e+05      -2.43445e-05       1.99009e-05
  464       6.22724e+06       1.75821e+05       4.35701e+04
           -1.10113e+05      -2.23304e-05      -2.10477e-05
  465      -4.30258e+06       2.10684e+05       3.05725e+04
           -2.75678e+05      -1.13195e-05       2.15794e-05
  466      -3.81959e+06       1.80708e+05       1.91426e+04
           -5.72897e+05      -1.80006e-05      -8.23604e-06
  467      -3.32838e+06       9.12041e+04       1.59683e+04
           -7.49309e+05      -1.76610e-05       1.11316e-05
  468      -2.69004e+06       2.12242e+04       1.36202e+04
           -9.86417e+05      -1.64568e-05       7.54143e-06
  469      -2.08157e+06      -4.22936e+03       1.12573e+04
           -1.16711e+06      -1.45952e-05       3.08414e-05
  470      -1.48841e+06      -2.14940e+04       6.15159e+03
           -1.32950e+06      -2.68412e-06      -2.36559e-05
  471      -8.73021e+05      -1.47561e+04       6.34485e+03
           -1.43149e+06      -8.65434e-06      -9.59622e-07
  472      -3.06009e+05      -8.08697e+03      -5.29807e+02
           -1.48760e+06      -7.64219e-07       3.74840e-06
  473       3.06009e+05       8.08697e+03       5.29807e+02
           -1.48760e+06       4.55977e-06       7.44141e-06
  474       8.73021e+05       1.47561e+04      -6.34485e+03
           -1.43149e+06      -3.00319e-06      -1.05400e-05
  475       1.48841e+06       2.14940e+04      -6.15159e+03
           -1.32950e+06      -4.99306e-06       2.49678e-05
  476       2.08157e+06       4.22936e+03      -1.12573e+04
           -1.16711e+06      -1.93176e-06      -2.87626e-06
  477       2.69004e+06      -2.12242e+04      -1.36202e+04
           -9.86417e+05       4.39154e-06       6.27410e-06
  478       3.32838e+06      -9.12041e+04      -1.59683e+04
           -7.49309e+05       1.08650e-05      -1.23223e-06
  479       3.81959e+06      -1.80708e+05      -1.91426e+04
           -5.72897e+05       2.30768e-05       1.61880e-05
  480       4.30258e+06      -2.10684e+05      -3.05725e+04
           -2.75678e+05       1.23578e-05      -3.73256e-06
  481      -2.81648e+06      -2.64545e+05      -1.79233e+04
           -2.23579e+04       2.34146e-06       3.69684e-05
  482      -2.42385e+06      -3.37613e+05      -1.27428e+04
           -3.00193e+05       1.10281e-05      -2.66719e-05
  483      -1.83507e+06      -3.06718e+05      -8.51798e+03
           -7.02359e+05       1.46466e-05       2.91430e-05
  484      -1.45868e+06      -2.45505e+05      -8.79279e+03
           -1.01085e+06       1.85960e-05      -1.96053e-05
  485      -1.09036e+06      -1.90472e+05      -6.01400e+03
           -1.27386e+06       2.51277e-05       1.32424e-05
  486      -7.51058e+05      -1.29283e+05      -3.95761e+03
           -1.45805e+06       2.39906e-05       5.21823e-06
  487      -4.58927e+05      -7.79719e+04      -3.42422e+03
           -1.58570e+06       1.82739e-05       9.70592e-06
  488      -1.36668e+05      -2.41668e+04       1.14124e+02
           -1.64663e+06      -4.59352e-08      -1.61273e-05
  489       1.36668e+05       2.41668e+04      -1.14124e+02
           -1.64663e+06      -2.01646e-06       8.27710e-06
  490       4.58927e+05       7.79719e+04       3.42422e+03
           -1.58570e+06      -3.07251e-06       3.39281e-07
  491       7.51058e+05       1.29283e+05       3.95761e+03
           -1.45805e+06      -2.46317e-06      -8.11760e-06
  492       1.09036e+06       1.90472e+05       6.01400e+03
           -1.27386e+06      -6.09603e-07      -1.38860e-05
  493       1.45868e+06       2.45505e+05       8.79279e+03
           -1.01085e+06      -1.66018e-06       1.04668e-05
  494       1.83507e+06       3.06718e+05       8.51798e+03
           -7.02359e+05      -6.91179e-06      -5.64995e-06
  495       2.42385e+06       3.37613e+05       1.27428e+04
           -3.00193e+05      -1.08837e-05       1.96841e-05
  496       2.81648e+06       2.64545e+05       1.79233e+04
           -2.23579e+04      -1.05209e-05      -1.16511e-06
  497      -1.33963e+06       3.19730e+05       6.00573e+03
           -2.70593e+05      -2.08500e-08       1.08062e-05
  498      -6.02123e+05       5.11702e+05       5.53117e+03
           -6.56281e+05      -6.95870e-08      -1.46445e-05
  499      -5.19540e+05       5.82864e+05       2.60485e+03
           -8.80841e+05       3.58099e-06       1.06596e-05
  500      -3.54163e+05       5.70097e+05       3.84083e+03
           -1.05578e+06      -3.15435e-06      -1.19692e-05
  501      -2.65861e+05       5.01400e+05       1.75035e+03
           -1.17936e+06      -4.99580e-06       6.21334e-06
  502      -1.91011e+05       3.86523e+05       1.90776e+03
           -1.27117e+06      -8.78139e-06      -1.09989e-05
  503      -9.72146e+04       2.44243e+05       8.63870e+02
           -1.32849e+06      -8.78601e-07       6.61421e-06
  504      -4.69281e+04       8.27943e+04       3.42243e+02
           -1.35749e+06       8.85606e-07       2.45506e-06
  505       4.69281e+04      -8.27943e+04      -3.42243e+02
           -1.35749e+06       2.98195e-06       6.56769e-06
  506       9.72146e+04      -2.44243e+05      -8.63870e+02
           -1.32849e+06      -3.29952e-06      -1.60858e-06
  507       1.91011e+05      -3.86523e+05      -1.90776e+03
           -1.27117e+06      -2.54266e-06       6.74353e-06
  508       2.65861e+05      -5.01400e+05      -1.75035e+03
           -1.17936e+06      -5.60136e-06       5.99752e-06
  509       3.54163e+05      -5.70097e+05      -3.84083e+03
           -1.05578e+06      -9.37053e-06       2.78818e-06
  510       5.19540e+05      -5.82864e+05      -2.60485e+03
           -8.80841e+05       7.08901e-07      -3.31765e-06
  511       6.02123e+05      -5.11702e+05      -5.53117e+03
           -6.56281e+05       3.29431e-06      -1.10338e-05
  512       1.33963e+06      -3.19730e+05      -6.00573e+03
           -2.70593e+05       4.47233e-06      -3.03617e-06

     DISPLACEMENT CSV = D:\STAPpp-master\STAPpp\data\H8\convergence\h8_conv_32x16x1.displacements.csv


 S O L U T I O N   T I M E   L O G   I N   S E C 

     READ_TIME = 3.70000e-02
     MPC_ALIAS_TIME = 0.00000e+00
     CSR_PATTERN_TIME = 0.00000e+00
     CSR_ASSEMBLY_TIME = 0.00000e+00
     ELEMENT_VALUE_ASSEMBLY_TIME = 0.00000e+00
     MPC_VALUE_ASSEMBLY_TIME = 0.00000e+00
     ELEMENT_STIFFNESS_TIME = 0.00000e+00
     PATTERN_INSERT_TIME = 0.00000e+00
     VALUE_INSERT_TIME = 0.00000e+00
     ACTIVE_DOF_PACK_TIME = 0.00000e+00
     MPC_PATTERN_TIME = 0.00000e+00
     EXPORT_UPPER_CSR_TIME = 0.00000e+00
     SYMMETRY_CHECK_TIME = 0.00000e+00
     SCALING_TIME = 0.00000e+00
     PRECOND_SETUP_TIME = 0.00000e+00
     ITER_SOLVE_TIME = 0.00000e+00
     RESIDUAL_CHECK_TIME = 0.00000e+00
     CSV_WRITE_TIME = 5.00000e-03
     TOTAL_TIME = 8.80000e-02

