# vtk DataFile Version 2.0
H8 Convergence Test - 32x16x1 Mesh
ASCII
DATASET UNSTRUCTURED_GRID
POINTS 1122 float
  0.000000e+00  -5.000000e-01  -5.000000e-02
  0.000000e+00  -5.000000e-01   5.000000e-02
  0.000000e+00  -4.375000e-01  -5.000000e-02
  0.000000e+00  -4.375000e-01   5.000000e-02
  0.000000e+00  -3.750000e-01  -5.000000e-02
  0.000000e+00  -3.750000e-01   5.000000e-02
  0.000000e+00  -3.125000e-01  -5.000000e-02
  0.000000e+00  -3.125000e-01   5.000000e-02
  0.000000e+00  -2.500000e-01  -5.000000e-02
  0.000000e+00  -2.500000e-01   5.000000e-02
  0.000000e+00  -1.875000e-01  -5.000000e-02
  0.000000e+00  -1.875000e-01   5.000000e-02
  0.000000e+00  -1.250000e-01  -5.000000e-02
  0.000000e+00  -1.250000e-01   5.000000e-02
  0.000000e+00  -6.250000e-02  -5.000000e-02
  0.000000e+00  -6.250000e-02   5.000000e-02
  0.000000e+00   0.000000e+00  -5.000000e-02
  0.000000e+00   0.000000e+00   5.000000e-02
  0.000000e+00   6.250000e-02  -5.000000e-02
  0.000000e+00   6.250000e-02   5.000000e-02
  0.000000e+00   1.250000e-01  -5.000000e-02
  0.000000e+00   1.250000e-01   5.000000e-02
  0.000000e+00   1.875000e-01  -5.000000e-02
  0.000000e+00   1.875000e-01   5.000000e-02
  0.000000e+00   2.500000e-01  -5.000000e-02
  0.000000e+00   2.500000e-01   5.000000e-02
  0.000000e+00   3.125000e-01  -5.000000e-02
  0.000000e+00   3.125000e-01   5.000000e-02
  0.000000e+00   3.750000e-01  -5.000000e-02
  0.000000e+00   3.750000e-01   5.000000e-02
  0.000000e+00   4.375000e-01  -5.000000e-02
  0.000000e+00   4.375000e-01   5.000000e-02
  0.000000e+00   5.000000e-01  -5.000000e-02
  0.000000e+00   5.000000e-01   5.000000e-02
  3.125000e-01  -5.000000e-01  -5.000000e-02
  3.125000e-01  -5.000000e-01   5.000000e-02
  3.125000e-01  -4.375000e-01  -5.000000e-02
  3.125000e-01  -4.375000e-01   5.000000e-02
  3.125000e-01  -3.750000e-01  -5.000000e-02
  3.125000e-01  -3.750000e-01   5.000000e-02
  3.125000e-01  -3.125000e-01  -5.000000e-02
  3.125000e-01  -3.125000e-01   5.000000e-02
  3.125000e-01  -2.500000e-01  -5.000000e-02
  3.125000e-01  -2.500000e-01   5.000000e-02
  3.125000e-01  -1.875000e-01  -5.000000e-02
  3.125000e-01  -1.875000e-01   5.000000e-02
  3.125000e-01  -1.250000e-01  -5.000000e-02
  3.125000e-01  -1.250000e-01   5.000000e-02
  3.125000e-01  -6.250000e-02  -5.000000e-02
  3.125000e-01  -6.250000e-02   5.000000e-02
  3.125000e-01   0.000000e+00  -5.000000e-02
  3.125000e-01   0.000000e+00   5.000000e-02
  3.125000e-01   6.250000e-02  -5.000000e-02
  3.125000e-01   6.250000e-02   5.000000e-02
  3.125000e-01   1.250000e-01  -5.000000e-02
  3.125000e-01   1.250000e-01   5.000000e-02
  3.125000e-01   1.875000e-01  -5.000000e-02
  3.125000e-01   1.875000e-01   5.000000e-02
  3.125000e-01   2.500000e-01  -5.000000e-02
  3.125000e-01   2.500000e-01   5.000000e-02
  3.125000e-01   3.125000e-01  -5.000000e-02
  3.125000e-01   3.125000e-01   5.000000e-02
  3.125000e-01   3.750000e-01  -5.000000e-02
  3.125000e-01   3.750000e-01   5.000000e-02
  3.125000e-01   4.375000e-01  -5.000000e-02
  3.125000e-01   4.375000e-01   5.000000e-02
  3.125000e-01   5.000000e-01  -5.000000e-02
  3.125000e-01   5.000000e-01   5.000000e-02
  6.250000e-01  -5.000000e-01  -5.000000e-02
  6.250000e-01  -5.000000e-01   5.000000e-02
  6.250000e-01  -4.375000e-01  -5.000000e-02
  6.250000e-01  -4.375000e-01   5.000000e-02
  6.250000e-01  -3.750000e-01  -5.000000e-02
  6.250000e-01  -3.750000e-01   5.000000e-02
  6.250000e-01  -3.125000e-01  -5.000000e-02
  6.250000e-01  -3.125000e-01   5.000000e-02
  6.250000e-01  -2.500000e-01  -5.000000e-02
  6.250000e-01  -2.500000e-01   5.000000e-02
  6.250000e-01  -1.875000e-01  -5.000000e-02
  6.250000e-01  -1.875000e-01   5.000000e-02
  6.250000e-01  -1.250000e-01  -5.000000e-02
  6.250000e-01  -1.250000e-01   5.000000e-02
  6.250000e-01  -6.250000e-02  -5.000000e-02
  6.250000e-01  -6.250000e-02   5.000000e-02
  6.250000e-01   0.000000e+00  -5.000000e-02
  6.250000e-01   0.000000e+00   5.000000e-02
  6.250000e-01   6.250000e-02  -5.000000e-02
  6.250000e-01   6.250000e-02   5.000000e-02
  6.250000e-01   1.250000e-01  -5.000000e-02
  6.250000e-01   1.250000e-01   5.000000e-02
  6.250000e-01   1.875000e-01  -5.000000e-02
  6.250000e-01   1.875000e-01   5.000000e-02
  6.250000e-01   2.500000e-01  -5.000000e-02
  6.250000e-01   2.500000e-01   5.000000e-02
  6.250000e-01   3.125000e-01  -5.000000e-02
  6.250000e-01   3.125000e-01   5.000000e-02
  6.250000e-01   3.750000e-01  -5.000000e-02
  6.250000e-01   3.750000e-01   5.000000e-02
  6.250000e-01   4.375000e-01  -5.000000e-02
  6.250000e-01   4.375000e-01   5.000000e-02
  6.250000e-01   5.000000e-01  -5.000000e-02
  6.250000e-01   5.000000e-01   5.000000e-02
  9.375000e-01  -5.000000e-01  -5.000000e-02
  9.375000e-01  -5.000000e-01   5.000000e-02
  9.375000e-01  -4.375000e-01  -5.000000e-02
  9.375000e-01  -4.375000e-01   5.000000e-02
  9.375000e-01  -3.750000e-01  -5.000000e-02
  9.375000e-01  -3.750000e-01   5.000000e-02
  9.375000e-01  -3.125000e-01  -5.000000e-02
  9.375000e-01  -3.125000e-01   5.000000e-02
  9.375000e-01  -2.500000e-01  -5.000000e-02
  9.375000e-01  -2.500000e-01   5.000000e-02
  9.375000e-01  -1.875000e-01  -5.000000e-02
  9.375000e-01  -1.875000e-01   5.000000e-02
  9.375000e-01  -1.250000e-01  -5.000000e-02
  9.375000e-01  -1.250000e-01   5.000000e-02
  9.375000e-01  -6.250000e-02  -5.000000e-02
  9.375000e-01  -6.250000e-02   5.000000e-02
  9.375000e-01   0.000000e+00  -5.000000e-02
  9.375000e-01   0.000000e+00   5.000000e-02
  9.375000e-01   6.250000e-02  -5.000000e-02
  9.375000e-01   6.250000e-02   5.000000e-02
  9.375000e-01   1.250000e-01  -5.000000e-02
  9.375000e-01   1.250000e-01   5.000000e-02
  9.375000e-01   1.875000e-01  -5.000000e-02
  9.375000e-01   1.875000e-01   5.000000e-02
  9.375000e-01   2.500000e-01  -5.000000e-02
  9.375000e-01   2.500000e-01   5.000000e-02
  9.375000e-01   3.125000e-01  -5.000000e-02
  9.375000e-01   3.125000e-01   5.000000e-02
  9.375000e-01   3.750000e-01  -5.000000e-02
  9.375000e-01   3.750000e-01   5.000000e-02
  9.375000e-01   4.375000e-01  -5.000000e-02
  9.375000e-01   4.375000e-01   5.000000e-02
  9.375000e-01   5.000000e-01  -5.000000e-02
  9.375000e-01   5.000000e-01   5.000000e-02
  1.250000e+00  -5.000000e-01  -5.000000e-02
  1.250000e+00  -5.000000e-01   5.000000e-02
  1.250000e+00  -4.375000e-01  -5.000000e-02
  1.250000e+00  -4.375000e-01   5.000000e-02
  1.250000e+00  -3.750000e-01  -5.000000e-02
  1.250000e+00  -3.750000e-01   5.000000e-02
  1.250000e+00  -3.125000e-01  -5.000000e-02
  1.250000e+00  -3.125000e-01   5.000000e-02
  1.250000e+00  -2.500000e-01  -5.000000e-02
  1.250000e+00  -2.500000e-01   5.000000e-02
  1.250000e+00  -1.875000e-01  -5.000000e-02
  1.250000e+00  -1.875000e-01   5.000000e-02
  1.250000e+00  -1.250000e-01  -5.000000e-02
  1.250000e+00  -1.250000e-01   5.000000e-02
  1.250000e+00  -6.250000e-02  -5.000000e-02
  1.250000e+00  -6.250000e-02   5.000000e-02
  1.250000e+00   0.000000e+00  -5.000000e-02
  1.250000e+00   0.000000e+00   5.000000e-02
  1.250000e+00   6.250000e-02  -5.000000e-02
  1.250000e+00   6.250000e-02   5.000000e-02
  1.250000e+00   1.250000e-01  -5.000000e-02
  1.250000e+00   1.250000e-01   5.000000e-02
  1.250000e+00   1.875000e-01  -5.000000e-02
  1.250000e+00   1.875000e-01   5.000000e-02
  1.250000e+00   2.500000e-01  -5.000000e-02
  1.250000e+00   2.500000e-01   5.000000e-02
  1.250000e+00   3.125000e-01  -5.000000e-02
  1.250000e+00   3.125000e-01   5.000000e-02
  1.250000e+00   3.750000e-01  -5.000000e-02
  1.250000e+00   3.750000e-01   5.000000e-02
  1.250000e+00   4.375000e-01  -5.000000e-02
  1.250000e+00   4.375000e-01   5.000000e-02
  1.250000e+00   5.000000e-01  -5.000000e-02
  1.250000e+00   5.000000e-01   5.000000e-02
  1.562500e+00  -5.000000e-01  -5.000000e-02
  1.562500e+00  -5.000000e-01   5.000000e-02
  1.562500e+00  -4.375000e-01  -5.000000e-02
  1.562500e+00  -4.375000e-01   5.000000e-02
  1.562500e+00  -3.750000e-01  -5.000000e-02
  1.562500e+00  -3.750000e-01   5.000000e-02
  1.562500e+00  -3.125000e-01  -5.000000e-02
  1.562500e+00  -3.125000e-01   5.000000e-02
  1.562500e+00  -2.500000e-01  -5.000000e-02
  1.562500e+00  -2.500000e-01   5.000000e-02
  1.562500e+00  -1.875000e-01  -5.000000e-02
  1.562500e+00  -1.875000e-01   5.000000e-02
  1.562500e+00  -1.250000e-01  -5.000000e-02
  1.562500e+00  -1.250000e-01   5.000000e-02
  1.562500e+00  -6.250000e-02  -5.000000e-02
  1.562500e+00  -6.250000e-02   5.000000e-02
  1.562500e+00   0.000000e+00  -5.000000e-02
  1.562500e+00   0.000000e+00   5.000000e-02
  1.562500e+00   6.250000e-02  -5.000000e-02
  1.562500e+00   6.250000e-02   5.000000e-02
  1.562500e+00   1.250000e-01  -5.000000e-02
  1.562500e+00   1.250000e-01   5.000000e-02
  1.562500e+00   1.875000e-01  -5.000000e-02
  1.562500e+00   1.875000e-01   5.000000e-02
  1.562500e+00   2.500000e-01  -5.000000e-02
  1.562500e+00   2.500000e-01   5.000000e-02
  1.562500e+00   3.125000e-01  -5.000000e-02
  1.562500e+00   3.125000e-01   5.000000e-02
  1.562500e+00   3.750000e-01  -5.000000e-02
  1.562500e+00   3.750000e-01   5.000000e-02
  1.562500e+00   4.375000e-01  -5.000000e-02
  1.562500e+00   4.375000e-01   5.000000e-02
  1.562500e+00   5.000000e-01  -5.000000e-02
  1.562500e+00   5.000000e-01   5.000000e-02
  1.875000e+00  -5.000000e-01  -5.000000e-02
  1.875000e+00  -5.000000e-01   5.000000e-02
  1.875000e+00  -4.375000e-01  -5.000000e-02
  1.875000e+00  -4.375000e-01   5.000000e-02
  1.875000e+00  -3.750000e-01  -5.000000e-02
  1.875000e+00  -3.750000e-01   5.000000e-02
  1.875000e+00  -3.125000e-01  -5.000000e-02
  1.875000e+00  -3.125000e-01   5.000000e-02
  1.875000e+00  -2.500000e-01  -5.000000e-02
  1.875000e+00  -2.500000e-01   5.000000e-02
  1.875000e+00  -1.875000e-01  -5.000000e-02
  1.875000e+00  -1.875000e-01   5.000000e-02
  1.875000e+00  -1.250000e-01  -5.000000e-02
  1.875000e+00  -1.250000e-01   5.000000e-02
  1.875000e+00  -6.250000e-02  -5.000000e-02
  1.875000e+00  -6.250000e-02   5.000000e-02
  1.875000e+00   0.000000e+00  -5.000000e-02
  1.875000e+00   0.000000e+00   5.000000e-02
  1.875000e+00   6.250000e-02  -5.000000e-02
  1.875000e+00   6.250000e-02   5.000000e-02
  1.875000e+00   1.250000e-01  -5.000000e-02
  1.875000e+00   1.250000e-01   5.000000e-02
  1.875000e+00   1.875000e-01  -5.000000e-02
  1.875000e+00   1.875000e-01   5.000000e-02
  1.875000e+00   2.500000e-01  -5.000000e-02
  1.875000e+00   2.500000e-01   5.000000e-02
  1.875000e+00   3.125000e-01  -5.000000e-02
  1.875000e+00   3.125000e-01   5.000000e-02
  1.875000e+00   3.750000e-01  -5.000000e-02
  1.875000e+00   3.750000e-01   5.000000e-02
  1.875000e+00   4.375000e-01  -5.000000e-02
  1.875000e+00   4.375000e-01   5.000000e-02
  1.875000e+00   5.000000e-01  -5.000000e-02
  1.875000e+00   5.000000e-01   5.000000e-02
  2.187500e+00  -5.000000e-01  -5.000000e-02
  2.187500e+00  -5.000000e-01   5.000000e-02
  2.187500e+00  -4.375000e-01  -5.000000e-02
  2.187500e+00  -4.375000e-01   5.000000e-02
  2.187500e+00  -3.750000e-01  -5.000000e-02
  2.187500e+00  -3.750000e-01   5.000000e-02
  2.187500e+00  -3.125000e-01  -5.000000e-02
  2.187500e+00  -3.125000e-01   5.000000e-02
  2.187500e+00  -2.500000e-01  -5.000000e-02
  2.187500e+00  -2.500000e-01   5.000000e-02
  2.187500e+00  -1.875000e-01  -5.000000e-02
  2.187500e+00  -1.875000e-01   5.000000e-02
  2.187500e+00  -1.250000e-01  -5.000000e-02
  2.187500e+00  -1.250000e-01   5.000000e-02
  2.187500e+00  -6.250000e-02  -5.000000e-02
  2.187500e+00  -6.250000e-02   5.000000e-02
  2.187500e+00   0.000000e+00  -5.000000e-02
  2.187500e+00   0.000000e+00   5.000000e-02
  2.187500e+00   6.250000e-02  -5.000000e-02
  2.187500e+00   6.250000e-02   5.000000e-02
  2.187500e+00   1.250000e-01  -5.000000e-02
  2.187500e+00   1.250000e-01   5.000000e-02
  2.187500e+00   1.875000e-01  -5.000000e-02
  2.187500e+00   1.875000e-01   5.000000e-02
  2.187500e+00   2.500000e-01  -5.000000e-02
  2.187500e+00   2.500000e-01   5.000000e-02
  2.187500e+00   3.125000e-01  -5.000000e-02
  2.187500e+00   3.125000e-01   5.000000e-02
  2.187500e+00   3.750000e-01  -5.000000e-02
  2.187500e+00   3.750000e-01   5.000000e-02
  2.187500e+00   4.375000e-01  -5.000000e-02
  2.187500e+00   4.375000e-01   5.000000e-02
  2.187500e+00   5.000000e-01  -5.000000e-02
  2.187500e+00   5.000000e-01   5.000000e-02
  2.500000e+00  -5.000000e-01  -5.000000e-02
  2.500000e+00  -5.000000e-01   5.000000e-02
  2.500000e+00  -4.375000e-01  -5.000000e-02
  2.500000e+00  -4.375000e-01   5.000000e-02
  2.500000e+00  -3.750000e-01  -5.000000e-02
  2.500000e+00  -3.750000e-01   5.000000e-02
  2.500000e+00  -3.125000e-01  -5.000000e-02
  2.500000e+00  -3.125000e-01   5.000000e-02
  2.500000e+00  -2.500000e-01  -5.000000e-02
  2.500000e+00  -2.500000e-01   5.000000e-02
  2.500000e+00  -1.875000e-01  -5.000000e-02
  2.500000e+00  -1.875000e-01   5.000000e-02
  2.500000e+00  -1.250000e-01  -5.000000e-02
  2.500000e+00  -1.250000e-01   5.000000e-02
  2.500000e+00  -6.250000e-02  -5.000000e-02
  2.500000e+00  -6.250000e-02   5.000000e-02
  2.500000e+00   0.000000e+00  -5.000000e-02
  2.500000e+00   0.000000e+00   5.000000e-02
  2.500000e+00   6.250000e-02  -5.000000e-02
  2.500000e+00   6.250000e-02   5.000000e-02
  2.500000e+00   1.250000e-01  -5.000000e-02
  2.500000e+00   1.250000e-01   5.000000e-02
  2.500000e+00   1.875000e-01  -5.000000e-02
  2.500000e+00   1.875000e-01   5.000000e-02
  2.500000e+00   2.500000e-01  -5.000000e-02
  2.500000e+00   2.500000e-01   5.000000e-02
  2.500000e+00   3.125000e-01  -5.000000e-02
  2.500000e+00   3.125000e-01   5.000000e-02
  2.500000e+00   3.750000e-01  -5.000000e-02
  2.500000e+00   3.750000e-01   5.000000e-02
  2.500000e+00   4.375000e-01  -5.000000e-02
  2.500000e+00   4.375000e-01   5.000000e-02
  2.500000e+00   5.000000e-01  -5.000000e-02
  2.500000e+00   5.000000e-01   5.000000e-02
  2.812500e+00  -5.000000e-01  -5.000000e-02
  2.812500e+00  -5.000000e-01   5.000000e-02
  2.812500e+00  -4.375000e-01  -5.000000e-02
  2.812500e+00  -4.375000e-01   5.000000e-02
  2.812500e+00  -3.750000e-01  -5.000000e-02
  2.812500e+00  -3.750000e-01   5.000000e-02
  2.812500e+00  -3.125000e-01  -5.000000e-02
  2.812500e+00  -3.125000e-01   5.000000e-02
  2.812500e+00  -2.500000e-01  -5.000000e-02
  2.812500e+00  -2.500000e-01   5.000000e-02
  2.812500e+00  -1.875000e-01  -5.000000e-02
  2.812500e+00  -1.875000e-01   5.000000e-02
  2.812500e+00  -1.250000e-01  -5.000000e-02
  2.812500e+00  -1.250000e-01   5.000000e-02
  2.812500e+00  -6.250000e-02  -5.000000e-02
  2.812500e+00  -6.250000e-02   5.000000e-02
  2.812500e+00   0.000000e+00  -5.000000e-02
  2.812500e+00   0.000000e+00   5.000000e-02
  2.812500e+00   6.250000e-02  -5.000000e-02
  2.812500e+00   6.250000e-02   5.000000e-02
  2.812500e+00   1.250000e-01  -5.000000e-02
  2.812500e+00   1.250000e-01   5.000000e-02
  2.812500e+00   1.875000e-01  -5.000000e-02
  2.812500e+00   1.875000e-01   5.000000e-02
  2.812500e+00   2.500000e-01  -5.000000e-02
  2.812500e+00   2.500000e-01   5.000000e-02
  2.812500e+00   3.125000e-01  -5.000000e-02
  2.812500e+00   3.125000e-01   5.000000e-02
  2.812500e+00   3.750000e-01  -5.000000e-02
  2.812500e+00   3.750000e-01   5.000000e-02
  2.812500e+00   4.375000e-01  -5.000000e-02
  2.812500e+00   4.375000e-01   5.000000e-02
  2.812500e+00   5.000000e-01  -5.000000e-02
  2.812500e+00   5.000000e-01   5.000000e-02
  3.125000e+00  -5.000000e-01  -5.000000e-02
  3.125000e+00  -5.000000e-01   5.000000e-02
  3.125000e+00  -4.375000e-01  -5.000000e-02
  3.125000e+00  -4.375000e-01   5.000000e-02
  3.125000e+00  -3.750000e-01  -5.000000e-02
  3.125000e+00  -3.750000e-01   5.000000e-02
  3.125000e+00  -3.125000e-01  -5.000000e-02
  3.125000e+00  -3.125000e-01   5.000000e-02
  3.125000e+00  -2.500000e-01  -5.000000e-02
  3.125000e+00  -2.500000e-01   5.000000e-02
  3.125000e+00  -1.875000e-01  -5.000000e-02
  3.125000e+00  -1.875000e-01   5.000000e-02
  3.125000e+00  -1.250000e-01  -5.000000e-02
  3.125000e+00  -1.250000e-01   5.000000e-02
  3.125000e+00  -6.250000e-02  -5.000000e-02
  3.125000e+00  -6.250000e-02   5.000000e-02
  3.125000e+00   0.000000e+00  -5.000000e-02
  3.125000e+00   0.000000e+00   5.000000e-02
  3.125000e+00   6.250000e-02  -5.000000e-02
  3.125000e+00   6.250000e-02   5.000000e-02
  3.125000e+00   1.250000e-01  -5.000000e-02
  3.125000e+00   1.250000e-01   5.000000e-02
  3.125000e+00   1.875000e-01  -5.000000e-02
  3.125000e+00   1.875000e-01   5.000000e-02
  3.125000e+00   2.500000e-01  -5.000000e-02
  3.125000e+00   2.500000e-01   5.000000e-02
  3.125000e+00   3.125000e-01  -5.000000e-02
  3.125000e+00   3.125000e-01   5.000000e-02
  3.125000e+00   3.750000e-01  -5.000000e-02
  3.125000e+00   3.750000e-01   5.000000e-02
  3.125000e+00   4.375000e-01  -5.000000e-02
  3.125000e+00   4.375000e-01   5.000000e-02
  3.125000e+00   5.000000e-01  -5.000000e-02
  3.125000e+00   5.000000e-01   5.000000e-02
  3.437500e+00  -5.000000e-01  -5.000000e-02
  3.437500e+00  -5.000000e-01   5.000000e-02
  3.437500e+00  -4.375000e-01  -5.000000e-02
  3.437500e+00  -4.375000e-01   5.000000e-02
  3.437500e+00  -3.750000e-01  -5.000000e-02
  3.437500e+00  -3.750000e-01   5.000000e-02
  3.437500e+00  -3.125000e-01  -5.000000e-02
  3.437500e+00  -3.125000e-01   5.000000e-02
  3.437500e+00  -2.500000e-01  -5.000000e-02
  3.437500e+00  -2.500000e-01   5.000000e-02
  3.437500e+00  -1.875000e-01  -5.000000e-02
  3.437500e+00  -1.875000e-01   5.000000e-02
  3.437500e+00  -1.250000e-01  -5.000000e-02
  3.437500e+00  -1.250000e-01   5.000000e-02
  3.437500e+00  -6.250000e-02  -5.000000e-02
  3.437500e+00  -6.250000e-02   5.000000e-02
  3.437500e+00   0.000000e+00  -5.000000e-02
  3.437500e+00   0.000000e+00   5.000000e-02
  3.437500e+00   6.250000e-02  -5.000000e-02
  3.437500e+00   6.250000e-02   5.000000e-02
  3.437500e+00   1.250000e-01  -5.000000e-02
  3.437500e+00   1.250000e-01   5.000000e-02
  3.437500e+00   1.875000e-01  -5.000000e-02
  3.437500e+00   1.875000e-01   5.000000e-02
  3.437500e+00   2.500000e-01  -5.000000e-02
  3.437500e+00   2.500000e-01   5.000000e-02
  3.437500e+00   3.125000e-01  -5.000000e-02
  3.437500e+00   3.125000e-01   5.000000e-02
  3.437500e+00   3.750000e-01  -5.000000e-02
  3.437500e+00   3.750000e-01   5.000000e-02
  3.437500e+00   4.375000e-01  -5.000000e-02
  3.437500e+00   4.375000e-01   5.000000e-02
  3.437500e+00   5.000000e-01  -5.000000e-02
  3.437500e+00   5.000000e-01   5.000000e-02
  3.750000e+00  -5.000000e-01  -5.000000e-02
  3.750000e+00  -5.000000e-01   5.000000e-02
  3.750000e+00  -4.375000e-01  -5.000000e-02
  3.750000e+00  -4.375000e-01   5.000000e-02
  3.750000e+00  -3.750000e-01  -5.000000e-02
  3.750000e+00  -3.750000e-01   5.000000e-02
  3.750000e+00  -3.125000e-01  -5.000000e-02
  3.750000e+00  -3.125000e-01   5.000000e-02
  3.750000e+00  -2.500000e-01  -5.000000e-02
  3.750000e+00  -2.500000e-01   5.000000e-02
  3.750000e+00  -1.875000e-01  -5.000000e-02
  3.750000e+00  -1.875000e-01   5.000000e-02
  3.750000e+00  -1.250000e-01  -5.000000e-02
  3.750000e+00  -1.250000e-01   5.000000e-02
  3.750000e+00  -6.250000e-02  -5.000000e-02
  3.750000e+00  -6.250000e-02   5.000000e-02
  3.750000e+00   0.000000e+00  -5.000000e-02
  3.750000e+00   0.000000e+00   5.000000e-02
  3.750000e+00   6.250000e-02  -5.000000e-02
  3.750000e+00   6.250000e-02   5.000000e-02
  3.750000e+00   1.250000e-01  -5.000000e-02
  3.750000e+00   1.250000e-01   5.000000e-02
  3.750000e+00   1.875000e-01  -5.000000e-02
  3.750000e+00   1.875000e-01   5.000000e-02
  3.750000e+00   2.500000e-01  -5.000000e-02
  3.750000e+00   2.500000e-01   5.000000e-02
  3.750000e+00   3.125000e-01  -5.000000e-02
  3.750000e+00   3.125000e-01   5.000000e-02
  3.750000e+00   3.750000e-01  -5.000000e-02
  3.750000e+00   3.750000e-01   5.000000e-02
  3.750000e+00   4.375000e-01  -5.000000e-02
  3.750000e+00   4.375000e-01   5.000000e-02
  3.750000e+00   5.000000e-01  -5.000000e-02
  3.750000e+00   5.000000e-01   5.000000e-02
  4.062500e+00  -5.000000e-01  -5.000000e-02
  4.062500e+00  -5.000000e-01   5.000000e-02
  4.062500e+00  -4.375000e-01  -5.000000e-02
  4.062500e+00  -4.375000e-01   5.000000e-02
  4.062500e+00  -3.750000e-01  -5.000000e-02
  4.062500e+00  -3.750000e-01   5.000000e-02
  4.062500e+00  -3.125000e-01  -5.000000e-02
  4.062500e+00  -3.125000e-01   5.000000e-02
  4.062500e+00  -2.500000e-01  -5.000000e-02
  4.062500e+00  -2.500000e-01   5.000000e-02
  4.062500e+00  -1.875000e-01  -5.000000e-02
  4.062500e+00  -1.875000e-01   5.000000e-02
  4.062500e+00  -1.250000e-01  -5.000000e-02
  4.062500e+00  -1.250000e-01   5.000000e-02
  4.062500e+00  -6.250000e-02  -5.000000e-02
  4.062500e+00  -6.250000e-02   5.000000e-02
  4.062500e+00   0.000000e+00  -5.000000e-02
  4.062500e+00   0.000000e+00   5.000000e-02
  4.062500e+00   6.250000e-02  -5.000000e-02
  4.062500e+00   6.250000e-02   5.000000e-02
  4.062500e+00   1.250000e-01  -5.000000e-02
  4.062500e+00   1.250000e-01   5.000000e-02
  4.062500e+00   1.875000e-01  -5.000000e-02
  4.062500e+00   1.875000e-01   5.000000e-02
  4.062500e+00   2.500000e-01  -5.000000e-02
  4.062500e+00   2.500000e-01   5.000000e-02
  4.062500e+00   3.125000e-01  -5.000000e-02
  4.062500e+00   3.125000e-01   5.000000e-02
  4.062500e+00   3.750000e-01  -5.000000e-02
  4.062500e+00   3.750000e-01   5.000000e-02
  4.062500e+00   4.375000e-01  -5.000000e-02
  4.062500e+00   4.375000e-01   5.000000e-02
  4.062500e+00   5.000000e-01  -5.000000e-02
  4.062500e+00   5.000000e-01   5.000000e-02
  4.375000e+00  -5.000000e-01  -5.000000e-02
  4.375000e+00  -5.000000e-01   5.000000e-02
  4.375000e+00  -4.375000e-01  -5.000000e-02
  4.375000e+00  -4.375000e-01   5.000000e-02
  4.375000e+00  -3.750000e-01  -5.000000e-02
  4.375000e+00  -3.750000e-01   5.000000e-02
  4.375000e+00  -3.125000e-01  -5.000000e-02
  4.375000e+00  -3.125000e-01   5.000000e-02
  4.375000e+00  -2.500000e-01  -5.000000e-02
  4.375000e+00  -2.500000e-01   5.000000e-02
  4.375000e+00  -1.875000e-01  -5.000000e-02
  4.375000e+00  -1.875000e-01   5.000000e-02
  4.375000e+00  -1.250000e-01  -5.000000e-02
  4.375000e+00  -1.250000e-01   5.000000e-02
  4.375000e+00  -6.250000e-02  -5.000000e-02
  4.375000e+00  -6.250000e-02   5.000000e-02
  4.375000e+00   0.000000e+00  -5.000000e-02
  4.375000e+00   0.000000e+00   5.000000e-02
  4.375000e+00   6.250000e-02  -5.000000e-02
  4.375000e+00   6.250000e-02   5.000000e-02
  4.375000e+00   1.250000e-01  -5.000000e-02
  4.375000e+00   1.250000e-01   5.000000e-02
  4.375000e+00   1.875000e-01  -5.000000e-02
  4.375000e+00   1.875000e-01   5.000000e-02
  4.375000e+00   2.500000e-01  -5.000000e-02
  4.375000e+00   2.500000e-01   5.000000e-02
  4.375000e+00   3.125000e-01  -5.000000e-02
  4.375000e+00   3.125000e-01   5.000000e-02
  4.375000e+00   3.750000e-01  -5.000000e-02
  4.375000e+00   3.750000e-01   5.000000e-02
  4.375000e+00   4.375000e-01  -5.000000e-02
  4.375000e+00   4.375000e-01   5.000000e-02
  4.375000e+00   5.000000e-01  -5.000000e-02
  4.375000e+00   5.000000e-01   5.000000e-02
  4.687500e+00  -5.000000e-01  -5.000000e-02
  4.687500e+00  -5.000000e-01   5.000000e-02
  4.687500e+00  -4.375000e-01  -5.000000e-02
  4.687500e+00  -4.375000e-01   5.000000e-02
  4.687500e+00  -3.750000e-01  -5.000000e-02
  4.687500e+00  -3.750000e-01   5.000000e-02
  4.687500e+00  -3.125000e-01  -5.000000e-02
  4.687500e+00  -3.125000e-01   5.000000e-02
  4.687500e+00  -2.500000e-01  -5.000000e-02
  4.687500e+00  -2.500000e-01   5.000000e-02
  4.687500e+00  -1.875000e-01  -5.000000e-02
  4.687500e+00  -1.875000e-01   5.000000e-02
  4.687500e+00  -1.250000e-01  -5.000000e-02
  4.687500e+00  -1.250000e-01   5.000000e-02
  4.687500e+00  -6.250000e-02  -5.000000e-02
  4.687500e+00  -6.250000e-02   5.000000e-02
  4.687500e+00   0.000000e+00  -5.000000e-02
  4.687500e+00   0.000000e+00   5.000000e-02
  4.687500e+00   6.250000e-02  -5.000000e-02
  4.687500e+00   6.250000e-02   5.000000e-02
  4.687500e+00   1.250000e-01  -5.000000e-02
  4.687500e+00   1.250000e-01   5.000000e-02
  4.687500e+00   1.875000e-01  -5.000000e-02
  4.687500e+00   1.875000e-01   5.000000e-02
  4.687500e+00   2.500000e-01  -5.000000e-02
  4.687500e+00   2.500000e-01   5.000000e-02
  4.687500e+00   3.125000e-01  -5.000000e-02
  4.687500e+00   3.125000e-01   5.000000e-02
  4.687500e+00   3.750000e-01  -5.000000e-02
  4.687500e+00   3.750000e-01   5.000000e-02
  4.687500e+00   4.375000e-01  -5.000000e-02
  4.687500e+00   4.375000e-01   5.000000e-02
  4.687500e+00   5.000000e-01  -5.000000e-02
  4.687500e+00   5.000000e-01   5.000000e-02
  5.000000e+00  -5.000000e-01  -5.000000e-02
  5.000000e+00  -5.000000e-01   5.000000e-02
  5.000000e+00  -4.375000e-01  -5.000000e-02
  5.000000e+00  -4.375000e-01   5.000000e-02
  5.000000e+00  -3.750000e-01  -5.000000e-02
  5.000000e+00  -3.750000e-01   5.000000e-02
  5.000000e+00  -3.125000e-01  -5.000000e-02
  5.000000e+00  -3.125000e-01   5.000000e-02
  5.000000e+00  -2.500000e-01  -5.000000e-02
  5.000000e+00  -2.500000e-01   5.000000e-02
  5.000000e+00  -1.875000e-01  -5.000000e-02
  5.000000e+00  -1.875000e-01   5.000000e-02
  5.000000e+00  -1.250000e-01  -5.000000e-02
  5.000000e+00  -1.250000e-01   5.000000e-02
  5.000000e+00  -6.250000e-02  -5.000000e-02
  5.000000e+00  -6.250000e-02   5.000000e-02
  5.000000e+00   0.000000e+00  -5.000000e-02
  5.000000e+00   0.000000e+00   5.000000e-02
  5.000000e+00   6.250000e-02  -5.000000e-02
  5.000000e+00   6.250000e-02   5.000000e-02
  5.000000e+00   1.250000e-01  -5.000000e-02
  5.000000e+00   1.250000e-01   5.000000e-02
  5.000000e+00   1.875000e-01  -5.000000e-02
  5.000000e+00   1.875000e-01   5.000000e-02
  5.000000e+00   2.500000e-01  -5.000000e-02
  5.000000e+00   2.500000e-01   5.000000e-02
  5.000000e+00   3.125000e-01  -5.000000e-02
  5.000000e+00   3.125000e-01   5.000000e-02
  5.000000e+00   3.750000e-01  -5.000000e-02
  5.000000e+00   3.750000e-01   5.000000e-02
  5.000000e+00   4.375000e-01  -5.000000e-02
  5.000000e+00   4.375000e-01   5.000000e-02
  5.000000e+00   5.000000e-01  -5.000000e-02
  5.000000e+00   5.000000e-01   5.000000e-02
  5.312500e+00  -5.000000e-01  -5.000000e-02
  5.312500e+00  -5.000000e-01   5.000000e-02
  5.312500e+00  -4.375000e-01  -5.000000e-02
  5.312500e+00  -4.375000e-01   5.000000e-02
  5.312500e+00  -3.750000e-01  -5.000000e-02
  5.312500e+00  -3.750000e-01   5.000000e-02
  5.312500e+00  -3.125000e-01  -5.000000e-02
  5.312500e+00  -3.125000e-01   5.000000e-02
  5.312500e+00  -2.500000e-01  -5.000000e-02
  5.312500e+00  -2.500000e-01   5.000000e-02
  5.312500e+00  -1.875000e-01  -5.000000e-02
  5.312500e+00  -1.875000e-01   5.000000e-02
  5.312500e+00  -1.250000e-01  -5.000000e-02
  5.312500e+00  -1.250000e-01   5.000000e-02
  5.312500e+00  -6.250000e-02  -5.000000e-02
  5.312500e+00  -6.250000e-02   5.000000e-02
  5.312500e+00   0.000000e+00  -5.000000e-02
  5.312500e+00   0.000000e+00   5.000000e-02
  5.312500e+00   6.250000e-02  -5.000000e-02
  5.312500e+00   6.250000e-02   5.000000e-02
  5.312500e+00   1.250000e-01  -5.000000e-02
  5.312500e+00   1.250000e-01   5.000000e-02
  5.312500e+00   1.875000e-01  -5.000000e-02
  5.312500e+00   1.875000e-01   5.000000e-02
  5.312500e+00   2.500000e-01  -5.000000e-02
  5.312500e+00   2.500000e-01   5.000000e-02
  5.312500e+00   3.125000e-01  -5.000000e-02
  5.312500e+00   3.125000e-01   5.000000e-02
  5.312500e+00   3.750000e-01  -5.000000e-02
  5.312500e+00   3.750000e-01   5.000000e-02
  5.312500e+00   4.375000e-01  -5.000000e-02
  5.312500e+00   4.375000e-01   5.000000e-02
  5.312500e+00   5.000000e-01  -5.000000e-02
  5.312500e+00   5.000000e-01   5.000000e-02
  5.625000e+00  -5.000000e-01  -5.000000e-02
  5.625000e+00  -5.000000e-01   5.000000e-02
  5.625000e+00  -4.375000e-01  -5.000000e-02
  5.625000e+00  -4.375000e-01   5.000000e-02
  5.625000e+00  -3.750000e-01  -5.000000e-02
  5.625000e+00  -3.750000e-01   5.000000e-02
  5.625000e+00  -3.125000e-01  -5.000000e-02
  5.625000e+00  -3.125000e-01   5.000000e-02
  5.625000e+00  -2.500000e-01  -5.000000e-02
  5.625000e+00  -2.500000e-01   5.000000e-02
  5.625000e+00  -1.875000e-01  -5.000000e-02
  5.625000e+00  -1.875000e-01   5.000000e-02
  5.625000e+00  -1.250000e-01  -5.000000e-02
  5.625000e+00  -1.250000e-01   5.000000e-02
  5.625000e+00  -6.250000e-02  -5.000000e-02
  5.625000e+00  -6.250000e-02   5.000000e-02
  5.625000e+00   0.000000e+00  -5.000000e-02
  5.625000e+00   0.000000e+00   5.000000e-02
  5.625000e+00   6.250000e-02  -5.000000e-02
  5.625000e+00   6.250000e-02   5.000000e-02
  5.625000e+00   1.250000e-01  -5.000000e-02
  5.625000e+00   1.250000e-01   5.000000e-02
  5.625000e+00   1.875000e-01  -5.000000e-02
  5.625000e+00   1.875000e-01   5.000000e-02
  5.625000e+00   2.500000e-01  -5.000000e-02
  5.625000e+00   2.500000e-01   5.000000e-02
  5.625000e+00   3.125000e-01  -5.000000e-02
  5.625000e+00   3.125000e-01   5.000000e-02
  5.625000e+00   3.750000e-01  -5.000000e-02
  5.625000e+00   3.750000e-01   5.000000e-02
  5.625000e+00   4.375000e-01  -5.000000e-02
  5.625000e+00   4.375000e-01   5.000000e-02
  5.625000e+00   5.000000e-01  -5.000000e-02
  5.625000e+00   5.000000e-01   5.000000e-02
  5.937500e+00  -5.000000e-01  -5.000000e-02
  5.937500e+00  -5.000000e-01   5.000000e-02
  5.937500e+00  -4.375000e-01  -5.000000e-02
  5.937500e+00  -4.375000e-01   5.000000e-02
  5.937500e+00  -3.750000e-01  -5.000000e-02
  5.937500e+00  -3.750000e-01   5.000000e-02
  5.937500e+00  -3.125000e-01  -5.000000e-02
  5.937500e+00  -3.125000e-01   5.000000e-02
  5.937500e+00  -2.500000e-01  -5.000000e-02
  5.937500e+00  -2.500000e-01   5.000000e-02
  5.937500e+00  -1.875000e-01  -5.000000e-02
  5.937500e+00  -1.875000e-01   5.000000e-02
  5.937500e+00  -1.250000e-01  -5.000000e-02
  5.937500e+00  -1.250000e-01   5.000000e-02
  5.937500e+00  -6.250000e-02  -5.000000e-02
  5.937500e+00  -6.250000e-02   5.000000e-02
  5.937500e+00   0.000000e+00  -5.000000e-02
  5.937500e+00   0.000000e+00   5.000000e-02
  5.937500e+00   6.250000e-02  -5.000000e-02
  5.937500e+00   6.250000e-02   5.000000e-02
  5.937500e+00   1.250000e-01  -5.000000e-02
  5.937500e+00   1.250000e-01   5.000000e-02
  5.937500e+00   1.875000e-01  -5.000000e-02
  5.937500e+00   1.875000e-01   5.000000e-02
  5.937500e+00   2.500000e-01  -5.000000e-02
  5.937500e+00   2.500000e-01   5.000000e-02
  5.937500e+00   3.125000e-01  -5.000000e-02
  5.937500e+00   3.125000e-01   5.000000e-02
  5.937500e+00   3.750000e-01  -5.000000e-02
  5.937500e+00   3.750000e-01   5.000000e-02
  5.937500e+00   4.375000e-01  -5.000000e-02
  5.937500e+00   4.375000e-01   5.000000e-02
  5.937500e+00   5.000000e-01  -5.000000e-02
  5.937500e+00   5.000000e-01   5.000000e-02
  6.250000e+00  -5.000000e-01  -5.000000e-02
  6.250000e+00  -5.000000e-01   5.000000e-02
  6.250000e+00  -4.375000e-01  -5.000000e-02
  6.250000e+00  -4.375000e-01   5.000000e-02
  6.250000e+00  -3.750000e-01  -5.000000e-02
  6.250000e+00  -3.750000e-01   5.000000e-02
  6.250000e+00  -3.125000e-01  -5.000000e-02
  6.250000e+00  -3.125000e-01   5.000000e-02
  6.250000e+00  -2.500000e-01  -5.000000e-02
  6.250000e+00  -2.500000e-01   5.000000e-02
  6.250000e+00  -1.875000e-01  -5.000000e-02
  6.250000e+00  -1.875000e-01   5.000000e-02
  6.250000e+00  -1.250000e-01  -5.000000e-02
  6.250000e+00  -1.250000e-01   5.000000e-02
  6.250000e+00  -6.250000e-02  -5.000000e-02
  6.250000e+00  -6.250000e-02   5.000000e-02
  6.250000e+00   0.000000e+00  -5.000000e-02
  6.250000e+00   0.000000e+00   5.000000e-02
  6.250000e+00   6.250000e-02  -5.000000e-02
  6.250000e+00   6.250000e-02   5.000000e-02
  6.250000e+00   1.250000e-01  -5.000000e-02
  6.250000e+00   1.250000e-01   5.000000e-02
  6.250000e+00   1.875000e-01  -5.000000e-02
  6.250000e+00   1.875000e-01   5.000000e-02
  6.250000e+00   2.500000e-01  -5.000000e-02
  6.250000e+00   2.500000e-01   5.000000e-02
  6.250000e+00   3.125000e-01  -5.000000e-02
  6.250000e+00   3.125000e-01   5.000000e-02
  6.250000e+00   3.750000e-01  -5.000000e-02
  6.250000e+00   3.750000e-01   5.000000e-02
  6.250000e+00   4.375000e-01  -5.000000e-02
  6.250000e+00   4.375000e-01   5.000000e-02
  6.250000e+00   5.000000e-01  -5.000000e-02
  6.250000e+00   5.000000e-01   5.000000e-02
  6.562500e+00  -5.000000e-01  -5.000000e-02
  6.562500e+00  -5.000000e-01   5.000000e-02
  6.562500e+00  -4.375000e-01  -5.000000e-02
  6.562500e+00  -4.375000e-01   5.000000e-02
  6.562500e+00  -3.750000e-01  -5.000000e-02
  6.562500e+00  -3.750000e-01   5.000000e-02
  6.562500e+00  -3.125000e-01  -5.000000e-02
  6.562500e+00  -3.125000e-01   5.000000e-02
  6.562500e+00  -2.500000e-01  -5.000000e-02
  6.562500e+00  -2.500000e-01   5.000000e-02
  6.562500e+00  -1.875000e-01  -5.000000e-02
  6.562500e+00  -1.875000e-01   5.000000e-02
  6.562500e+00  -1.250000e-01  -5.000000e-02
  6.562500e+00  -1.250000e-01   5.000000e-02
  6.562500e+00  -6.250000e-02  -5.000000e-02
  6.562500e+00  -6.250000e-02   5.000000e-02
  6.562500e+00   0.000000e+00  -5.000000e-02
  6.562500e+00   0.000000e+00   5.000000e-02
  6.562500e+00   6.250000e-02  -5.000000e-02
  6.562500e+00   6.250000e-02   5.000000e-02
  6.562500e+00   1.250000e-01  -5.000000e-02
  6.562500e+00   1.250000e-01   5.000000e-02
  6.562500e+00   1.875000e-01  -5.000000e-02
  6.562500e+00   1.875000e-01   5.000000e-02
  6.562500e+00   2.500000e-01  -5.000000e-02
  6.562500e+00   2.500000e-01   5.000000e-02
  6.562500e+00   3.125000e-01  -5.000000e-02
  6.562500e+00   3.125000e-01   5.000000e-02
  6.562500e+00   3.750000e-01  -5.000000e-02
  6.562500e+00   3.750000e-01   5.000000e-02
  6.562500e+00   4.375000e-01  -5.000000e-02
  6.562500e+00   4.375000e-01   5.000000e-02
  6.562500e+00   5.000000e-01  -5.000000e-02
  6.562500e+00   5.000000e-01   5.000000e-02
  6.875000e+00  -5.000000e-01  -5.000000e-02
  6.875000e+00  -5.000000e-01   5.000000e-02
  6.875000e+00  -4.375000e-01  -5.000000e-02
  6.875000e+00  -4.375000e-01   5.000000e-02
  6.875000e+00  -3.750000e-01  -5.000000e-02
  6.875000e+00  -3.750000e-01   5.000000e-02
  6.875000e+00  -3.125000e-01  -5.000000e-02
  6.875000e+00  -3.125000e-01   5.000000e-02
  6.875000e+00  -2.500000e-01  -5.000000e-02
  6.875000e+00  -2.500000e-01   5.000000e-02
  6.875000e+00  -1.875000e-01  -5.000000e-02
  6.875000e+00  -1.875000e-01   5.000000e-02
  6.875000e+00  -1.250000e-01  -5.000000e-02
  6.875000e+00  -1.250000e-01   5.000000e-02
  6.875000e+00  -6.250000e-02  -5.000000e-02
  6.875000e+00  -6.250000e-02   5.000000e-02
  6.875000e+00   0.000000e+00  -5.000000e-02
  6.875000e+00   0.000000e+00   5.000000e-02
  6.875000e+00   6.250000e-02  -5.000000e-02
  6.875000e+00   6.250000e-02   5.000000e-02
  6.875000e+00   1.250000e-01  -5.000000e-02
  6.875000e+00   1.250000e-01   5.000000e-02
  6.875000e+00   1.875000e-01  -5.000000e-02
  6.875000e+00   1.875000e-01   5.000000e-02
  6.875000e+00   2.500000e-01  -5.000000e-02
  6.875000e+00   2.500000e-01   5.000000e-02
  6.875000e+00   3.125000e-01  -5.000000e-02
  6.875000e+00   3.125000e-01   5.000000e-02
  6.875000e+00   3.750000e-01  -5.000000e-02
  6.875000e+00   3.750000e-01   5.000000e-02
  6.875000e+00   4.375000e-01  -5.000000e-02
  6.875000e+00   4.375000e-01   5.000000e-02
  6.875000e+00   5.000000e-01  -5.000000e-02
  6.875000e+00   5.000000e-01   5.000000e-02
  7.187500e+00  -5.000000e-01  -5.000000e-02
  7.187500e+00  -5.000000e-01   5.000000e-02
  7.187500e+00  -4.375000e-01  -5.000000e-02
  7.187500e+00  -4.375000e-01   5.000000e-02
  7.187500e+00  -3.750000e-01  -5.000000e-02
  7.187500e+00  -3.750000e-01   5.000000e-02
  7.187500e+00  -3.125000e-01  -5.000000e-02
  7.187500e+00  -3.125000e-01   5.000000e-02
  7.187500e+00  -2.500000e-01  -5.000000e-02
  7.187500e+00  -2.500000e-01   5.000000e-02
  7.187500e+00  -1.875000e-01  -5.000000e-02
  7.187500e+00  -1.875000e-01   5.000000e-02
  7.187500e+00  -1.250000e-01  -5.000000e-02
  7.187500e+00  -1.250000e-01   5.000000e-02
  7.187500e+00  -6.250000e-02  -5.000000e-02
  7.187500e+00  -6.250000e-02   5.000000e-02
  7.187500e+00   0.000000e+00  -5.000000e-02
  7.187500e+00   0.000000e+00   5.000000e-02
  7.187500e+00   6.250000e-02  -5.000000e-02
  7.187500e+00   6.250000e-02   5.000000e-02
  7.187500e+00   1.250000e-01  -5.000000e-02
  7.187500e+00   1.250000e-01   5.000000e-02
  7.187500e+00   1.875000e-01  -5.000000e-02
  7.187500e+00   1.875000e-01   5.000000e-02
  7.187500e+00   2.500000e-01  -5.000000e-02
  7.187500e+00   2.500000e-01   5.000000e-02
  7.187500e+00   3.125000e-01  -5.000000e-02
  7.187500e+00   3.125000e-01   5.000000e-02
  7.187500e+00   3.750000e-01  -5.000000e-02
  7.187500e+00   3.750000e-01   5.000000e-02
  7.187500e+00   4.375000e-01  -5.000000e-02
  7.187500e+00   4.375000e-01   5.000000e-02
  7.187500e+00   5.000000e-01  -5.000000e-02
  7.187500e+00   5.000000e-01   5.000000e-02
  7.500000e+00  -5.000000e-01  -5.000000e-02
  7.500000e+00  -5.000000e-01   5.000000e-02
  7.500000e+00  -4.375000e-01  -5.000000e-02
  7.500000e+00  -4.375000e-01   5.000000e-02
  7.500000e+00  -3.750000e-01  -5.000000e-02
  7.500000e+00  -3.750000e-01   5.000000e-02
  7.500000e+00  -3.125000e-01  -5.000000e-02
  7.500000e+00  -3.125000e-01   5.000000e-02
  7.500000e+00  -2.500000e-01  -5.000000e-02
  7.500000e+00  -2.500000e-01   5.000000e-02
  7.500000e+00  -1.875000e-01  -5.000000e-02
  7.500000e+00  -1.875000e-01   5.000000e-02
  7.500000e+00  -1.250000e-01  -5.000000e-02
  7.500000e+00  -1.250000e-01   5.000000e-02
  7.500000e+00  -6.250000e-02  -5.000000e-02
  7.500000e+00  -6.250000e-02   5.000000e-02
  7.500000e+00   0.000000e+00  -5.000000e-02
  7.500000e+00   0.000000e+00   5.000000e-02
  7.500000e+00   6.250000e-02  -5.000000e-02
  7.500000e+00   6.250000e-02   5.000000e-02
  7.500000e+00   1.250000e-01  -5.000000e-02
  7.500000e+00   1.250000e-01   5.000000e-02
  7.500000e+00   1.875000e-01  -5.000000e-02
  7.500000e+00   1.875000e-01   5.000000e-02
  7.500000e+00   2.500000e-01  -5.000000e-02
  7.500000e+00   2.500000e-01   5.000000e-02
  7.500000e+00   3.125000e-01  -5.000000e-02
  7.500000e+00   3.125000e-01   5.000000e-02
  7.500000e+00   3.750000e-01  -5.000000e-02
  7.500000e+00   3.750000e-01   5.000000e-02
  7.500000e+00   4.375000e-01  -5.000000e-02
  7.500000e+00   4.375000e-01   5.000000e-02
  7.500000e+00   5.000000e-01  -5.000000e-02
  7.500000e+00   5.000000e-01   5.000000e-02
  7.812500e+00  -5.000000e-01  -5.000000e-02
  7.812500e+00  -5.000000e-01   5.000000e-02
  7.812500e+00  -4.375000e-01  -5.000000e-02
  7.812500e+00  -4.375000e-01   5.000000e-02
  7.812500e+00  -3.750000e-01  -5.000000e-02
  7.812500e+00  -3.750000e-01   5.000000e-02
  7.812500e+00  -3.125000e-01  -5.000000e-02
  7.812500e+00  -3.125000e-01   5.000000e-02
  7.812500e+00  -2.500000e-01  -5.000000e-02
  7.812500e+00  -2.500000e-01   5.000000e-02
  7.812500e+00  -1.875000e-01  -5.000000e-02
  7.812500e+00  -1.875000e-01   5.000000e-02
  7.812500e+00  -1.250000e-01  -5.000000e-02
  7.812500e+00  -1.250000e-01   5.000000e-02
  7.812500e+00  -6.250000e-02  -5.000000e-02
  7.812500e+00  -6.250000e-02   5.000000e-02
  7.812500e+00   0.000000e+00  -5.000000e-02
  7.812500e+00   0.000000e+00   5.000000e-02
  7.812500e+00   6.250000e-02  -5.000000e-02
  7.812500e+00   6.250000e-02   5.000000e-02
  7.812500e+00   1.250000e-01  -5.000000e-02
  7.812500e+00   1.250000e-01   5.000000e-02
  7.812500e+00   1.875000e-01  -5.000000e-02
  7.812500e+00   1.875000e-01   5.000000e-02
  7.812500e+00   2.500000e-01  -5.000000e-02
  7.812500e+00   2.500000e-01   5.000000e-02
  7.812500e+00   3.125000e-01  -5.000000e-02
  7.812500e+00   3.125000e-01   5.000000e-02
  7.812500e+00   3.750000e-01  -5.000000e-02
  7.812500e+00   3.750000e-01   5.000000e-02
  7.812500e+00   4.375000e-01  -5.000000e-02
  7.812500e+00   4.375000e-01   5.000000e-02
  7.812500e+00   5.000000e-01  -5.000000e-02
  7.812500e+00   5.000000e-01   5.000000e-02
  8.125000e+00  -5.000000e-01  -5.000000e-02
  8.125000e+00  -5.000000e-01   5.000000e-02
  8.125000e+00  -4.375000e-01  -5.000000e-02
  8.125000e+00  -4.375000e-01   5.000000e-02
  8.125000e+00  -3.750000e-01  -5.000000e-02
  8.125000e+00  -3.750000e-01   5.000000e-02
  8.125000e+00  -3.125000e-01  -5.000000e-02
  8.125000e+00  -3.125000e-01   5.000000e-02
  8.125000e+00  -2.500000e-01  -5.000000e-02
  8.125000e+00  -2.500000e-01   5.000000e-02
  8.125000e+00  -1.875000e-01  -5.000000e-02
  8.125000e+00  -1.875000e-01   5.000000e-02
  8.125000e+00  -1.250000e-01  -5.000000e-02
  8.125000e+00  -1.250000e-01   5.000000e-02
  8.125000e+00  -6.250000e-02  -5.000000e-02
  8.125000e+00  -6.250000e-02   5.000000e-02
  8.125000e+00   0.000000e+00  -5.000000e-02
  8.125000e+00   0.000000e+00   5.000000e-02
  8.125000e+00   6.250000e-02  -5.000000e-02
  8.125000e+00   6.250000e-02   5.000000e-02
  8.125000e+00   1.250000e-01  -5.000000e-02
  8.125000e+00   1.250000e-01   5.000000e-02
  8.125000e+00   1.875000e-01  -5.000000e-02
  8.125000e+00   1.875000e-01   5.000000e-02
  8.125000e+00   2.500000e-01  -5.000000e-02
  8.125000e+00   2.500000e-01   5.000000e-02
  8.125000e+00   3.125000e-01  -5.000000e-02
  8.125000e+00   3.125000e-01   5.000000e-02
  8.125000e+00   3.750000e-01  -5.000000e-02
  8.125000e+00   3.750000e-01   5.000000e-02
  8.125000e+00   4.375000e-01  -5.000000e-02
  8.125000e+00   4.375000e-01   5.000000e-02
  8.125000e+00   5.000000e-01  -5.000000e-02
  8.125000e+00   5.000000e-01   5.000000e-02
  8.437500e+00  -5.000000e-01  -5.000000e-02
  8.437500e+00  -5.000000e-01   5.000000e-02
  8.437500e+00  -4.375000e-01  -5.000000e-02
  8.437500e+00  -4.375000e-01   5.000000e-02
  8.437500e+00  -3.750000e-01  -5.000000e-02
  8.437500e+00  -3.750000e-01   5.000000e-02
  8.437500e+00  -3.125000e-01  -5.000000e-02
  8.437500e+00  -3.125000e-01   5.000000e-02
  8.437500e+00  -2.500000e-01  -5.000000e-02
  8.437500e+00  -2.500000e-01   5.000000e-02
  8.437500e+00  -1.875000e-01  -5.000000e-02
  8.437500e+00  -1.875000e-01   5.000000e-02
  8.437500e+00  -1.250000e-01  -5.000000e-02
  8.437500e+00  -1.250000e-01   5.000000e-02
  8.437500e+00  -6.250000e-02  -5.000000e-02
  8.437500e+00  -6.250000e-02   5.000000e-02
  8.437500e+00   0.000000e+00  -5.000000e-02
  8.437500e+00   0.000000e+00   5.000000e-02
  8.437500e+00   6.250000e-02  -5.000000e-02
  8.437500e+00   6.250000e-02   5.000000e-02
  8.437500e+00   1.250000e-01  -5.000000e-02
  8.437500e+00   1.250000e-01   5.000000e-02
  8.437500e+00   1.875000e-01  -5.000000e-02
  8.437500e+00   1.875000e-01   5.000000e-02
  8.437500e+00   2.500000e-01  -5.000000e-02
  8.437500e+00   2.500000e-01   5.000000e-02
  8.437500e+00   3.125000e-01  -5.000000e-02
  8.437500e+00   3.125000e-01   5.000000e-02
  8.437500e+00   3.750000e-01  -5.000000e-02
  8.437500e+00   3.750000e-01   5.000000e-02
  8.437500e+00   4.375000e-01  -5.000000e-02
  8.437500e+00   4.375000e-01   5.000000e-02
  8.437500e+00   5.000000e-01  -5.000000e-02
  8.437500e+00   5.000000e-01   5.000000e-02
  8.750000e+00  -5.000000e-01  -5.000000e-02
  8.750000e+00  -5.000000e-01   5.000000e-02
  8.750000e+00  -4.375000e-01  -5.000000e-02
  8.750000e+00  -4.375000e-01   5.000000e-02
  8.750000e+00  -3.750000e-01  -5.000000e-02
  8.750000e+00  -3.750000e-01   5.000000e-02
  8.750000e+00  -3.125000e-01  -5.000000e-02
  8.750000e+00  -3.125000e-01   5.000000e-02
  8.750000e+00  -2.500000e-01  -5.000000e-02
  8.750000e+00  -2.500000e-01   5.000000e-02
  8.750000e+00  -1.875000e-01  -5.000000e-02
  8.750000e+00  -1.875000e-01   5.000000e-02
  8.750000e+00  -1.250000e-01  -5.000000e-02
  8.750000e+00  -1.250000e-01   5.000000e-02
  8.750000e+00  -6.250000e-02  -5.000000e-02
  8.750000e+00  -6.250000e-02   5.000000e-02
  8.750000e+00   0.000000e+00  -5.000000e-02
  8.750000e+00   0.000000e+00   5.000000e-02
  8.750000e+00   6.250000e-02  -5.000000e-02
  8.750000e+00   6.250000e-02   5.000000e-02
  8.750000e+00   1.250000e-01  -5.000000e-02
  8.750000e+00   1.250000e-01   5.000000e-02
  8.750000e+00   1.875000e-01  -5.000000e-02
  8.750000e+00   1.875000e-01   5.000000e-02
  8.750000e+00   2.500000e-01  -5.000000e-02
  8.750000e+00   2.500000e-01   5.000000e-02
  8.750000e+00   3.125000e-01  -5.000000e-02
  8.750000e+00   3.125000e-01   5.000000e-02
  8.750000e+00   3.750000e-01  -5.000000e-02
  8.750000e+00   3.750000e-01   5.000000e-02
  8.750000e+00   4.375000e-01  -5.000000e-02
  8.750000e+00   4.375000e-01   5.000000e-02
  8.750000e+00   5.000000e-01  -5.000000e-02
  8.750000e+00   5.000000e-01   5.000000e-02
  9.062500e+00  -5.000000e-01  -5.000000e-02
  9.062500e+00  -5.000000e-01   5.000000e-02
  9.062500e+00  -4.375000e-01  -5.000000e-02
  9.062500e+00  -4.375000e-01   5.000000e-02
  9.062500e+00  -3.750000e-01  -5.000000e-02
  9.062500e+00  -3.750000e-01   5.000000e-02
  9.062500e+00  -3.125000e-01  -5.000000e-02
  9.062500e+00  -3.125000e-01   5.000000e-02
  9.062500e+00  -2.500000e-01  -5.000000e-02
  9.062500e+00  -2.500000e-01   5.000000e-02
  9.062500e+00  -1.875000e-01  -5.000000e-02
  9.062500e+00  -1.875000e-01   5.000000e-02
  9.062500e+00  -1.250000e-01  -5.000000e-02
  9.062500e+00  -1.250000e-01   5.000000e-02
  9.062500e+00  -6.250000e-02  -5.000000e-02
  9.062500e+00  -6.250000e-02   5.000000e-02
  9.062500e+00   0.000000e+00  -5.000000e-02
  9.062500e+00   0.000000e+00   5.000000e-02
  9.062500e+00   6.250000e-02  -5.000000e-02
  9.062500e+00   6.250000e-02   5.000000e-02
  9.062500e+00   1.250000e-01  -5.000000e-02
  9.062500e+00   1.250000e-01   5.000000e-02
  9.062500e+00   1.875000e-01  -5.000000e-02
  9.062500e+00   1.875000e-01   5.000000e-02
  9.062500e+00   2.500000e-01  -5.000000e-02
  9.062500e+00   2.500000e-01   5.000000e-02
  9.062500e+00   3.125000e-01  -5.000000e-02
  9.062500e+00   3.125000e-01   5.000000e-02
  9.062500e+00   3.750000e-01  -5.000000e-02
  9.062500e+00   3.750000e-01   5.000000e-02
  9.062500e+00   4.375000e-01  -5.000000e-02
  9.062500e+00   4.375000e-01   5.000000e-02
  9.062500e+00   5.000000e-01  -5.000000e-02
  9.062500e+00   5.000000e-01   5.000000e-02
  9.375000e+00  -5.000000e-01  -5.000000e-02
  9.375000e+00  -5.000000e-01   5.000000e-02
  9.375000e+00  -4.375000e-01  -5.000000e-02
  9.375000e+00  -4.375000e-01   5.000000e-02
  9.375000e+00  -3.750000e-01  -5.000000e-02
  9.375000e+00  -3.750000e-01   5.000000e-02
  9.375000e+00  -3.125000e-01  -5.000000e-02
  9.375000e+00  -3.125000e-01   5.000000e-02
  9.375000e+00  -2.500000e-01  -5.000000e-02
  9.375000e+00  -2.500000e-01   5.000000e-02
  9.375000e+00  -1.875000e-01  -5.000000e-02
  9.375000e+00  -1.875000e-01   5.000000e-02
  9.375000e+00  -1.250000e-01  -5.000000e-02
  9.375000e+00  -1.250000e-01   5.000000e-02
  9.375000e+00  -6.250000e-02  -5.000000e-02
  9.375000e+00  -6.250000e-02   5.000000e-02
  9.375000e+00   0.000000e+00  -5.000000e-02
  9.375000e+00   0.000000e+00   5.000000e-02
  9.375000e+00   6.250000e-02  -5.000000e-02
  9.375000e+00   6.250000e-02   5.000000e-02
  9.375000e+00   1.250000e-01  -5.000000e-02
  9.375000e+00   1.250000e-01   5.000000e-02
  9.375000e+00   1.875000e-01  -5.000000e-02
  9.375000e+00   1.875000e-01   5.000000e-02
  9.375000e+00   2.500000e-01  -5.000000e-02
  9.375000e+00   2.500000e-01   5.000000e-02
  9.375000e+00   3.125000e-01  -5.000000e-02
  9.375000e+00   3.125000e-01   5.000000e-02
  9.375000e+00   3.750000e-01  -5.000000e-02
  9.375000e+00   3.750000e-01   5.000000e-02
  9.375000e+00   4.375000e-01  -5.000000e-02
  9.375000e+00   4.375000e-01   5.000000e-02
  9.375000e+00   5.000000e-01  -5.000000e-02
  9.375000e+00   5.000000e-01   5.000000e-02
  9.687500e+00  -5.000000e-01  -5.000000e-02
  9.687500e+00  -5.000000e-01   5.000000e-02
  9.687500e+00  -4.375000e-01  -5.000000e-02
  9.687500e+00  -4.375000e-01   5.000000e-02
  9.687500e+00  -3.750000e-01  -5.000000e-02
  9.687500e+00  -3.750000e-01   5.000000e-02
  9.687500e+00  -3.125000e-01  -5.000000e-02
  9.687500e+00  -3.125000e-01   5.000000e-02
  9.687500e+00  -2.500000e-01  -5.000000e-02
  9.687500e+00  -2.500000e-01   5.000000e-02
  9.687500e+00  -1.875000e-01  -5.000000e-02
  9.687500e+00  -1.875000e-01   5.000000e-02
  9.687500e+00  -1.250000e-01  -5.000000e-02
  9.687500e+00  -1.250000e-01   5.000000e-02
  9.687500e+00  -6.250000e-02  -5.000000e-02
  9.687500e+00  -6.250000e-02   5.000000e-02
  9.687500e+00   0.000000e+00  -5.000000e-02
  9.687500e+00   0.000000e+00   5.000000e-02
  9.687500e+00   6.250000e-02  -5.000000e-02
  9.687500e+00   6.250000e-02   5.000000e-02
  9.687500e+00   1.250000e-01  -5.000000e-02
  9.687500e+00   1.250000e-01   5.000000e-02
  9.687500e+00   1.875000e-01  -5.000000e-02
  9.687500e+00   1.875000e-01   5.000000e-02
  9.687500e+00   2.500000e-01  -5.000000e-02
  9.687500e+00   2.500000e-01   5.000000e-02
  9.687500e+00   3.125000e-01  -5.000000e-02
  9.687500e+00   3.125000e-01   5.000000e-02
  9.687500e+00   3.750000e-01  -5.000000e-02
  9.687500e+00   3.750000e-01   5.000000e-02
  9.687500e+00   4.375000e-01  -5.000000e-02
  9.687500e+00   4.375000e-01   5.000000e-02
  9.687500e+00   5.000000e-01  -5.000000e-02
  9.687500e+00   5.000000e-01   5.000000e-02
  1.000000e+01  -5.000000e-01  -5.000000e-02
  1.000000e+01  -5.000000e-01   5.000000e-02
  1.000000e+01  -4.375000e-01  -5.000000e-02
  1.000000e+01  -4.375000e-01   5.000000e-02
  1.000000e+01  -3.750000e-01  -5.000000e-02
  1.000000e+01  -3.750000e-01   5.000000e-02
  1.000000e+01  -3.125000e-01  -5.000000e-02
  1.000000e+01  -3.125000e-01   5.000000e-02
  1.000000e+01  -2.500000e-01  -5.000000e-02
  1.000000e+01  -2.500000e-01   5.000000e-02
  1.000000e+01  -1.875000e-01  -5.000000e-02
  1.000000e+01  -1.875000e-01   5.000000e-02
  1.000000e+01  -1.250000e-01  -5.000000e-02
  1.000000e+01  -1.250000e-01   5.000000e-02
  1.000000e+01  -6.250000e-02  -5.000000e-02
  1.000000e+01  -6.250000e-02   5.000000e-02
  1.000000e+01   0.000000e+00  -5.000000e-02
  1.000000e+01   0.000000e+00   5.000000e-02
  1.000000e+01   6.250000e-02  -5.000000e-02
  1.000000e+01   6.250000e-02   5.000000e-02
  1.000000e+01   1.250000e-01  -5.000000e-02
  1.000000e+01   1.250000e-01   5.000000e-02
  1.000000e+01   1.875000e-01  -5.000000e-02
  1.000000e+01   1.875000e-01   5.000000e-02
  1.000000e+01   2.500000e-01  -5.000000e-02
  1.000000e+01   2.500000e-01   5.000000e-02
  1.000000e+01   3.125000e-01  -5.000000e-02
  1.000000e+01   3.125000e-01   5.000000e-02
  1.000000e+01   3.750000e-01  -5.000000e-02
  1.000000e+01   3.750000e-01   5.000000e-02
  1.000000e+01   4.375000e-01  -5.000000e-02
  1.000000e+01   4.375000e-01   5.000000e-02
  1.000000e+01   5.000000e-01  -5.000000e-02
  1.000000e+01   5.000000e-01   5.000000e-02

CELLS 512 4608
8 0 34 36 2 1 35 37 3
8 2 36 38 4 3 37 39 5
8 4 38 40 6 5 39 41 7
8 6 40 42 8 7 41 43 9
8 8 42 44 10 9 43 45 11
8 10 44 46 12 11 45 47 13
8 12 46 48 14 13 47 49 15
8 14 48 50 16 15 49 51 17
8 16 50 52 18 17 51 53 19
8 18 52 54 20 19 53 55 21
8 20 54 56 22 21 55 57 23
8 22 56 58 24 23 57 59 25
8 24 58 60 26 25 59 61 27
8 26 60 62 28 27 61 63 29
8 28 62 64 30 29 63 65 31
8 30 64 66 32 31 65 67 33
8 34 68 70 36 35 69 71 37
8 36 70 72 38 37 71 73 39
8 38 72 74 40 39 73 75 41
8 40 74 76 42 41 75 77 43
8 42 76 78 44 43 77 79 45
8 44 78 80 46 45 79 81 47
8 46 80 82 48 47 81 83 49
8 48 82 84 50 49 83 85 51
8 50 84 86 52 51 85 87 53
8 52 86 88 54 53 87 89 55
8 54 88 90 56 55 89 91 57
8 56 90 92 58 57 91 93 59
8 58 92 94 60 59 93 95 61
8 60 94 96 62 61 95 97 63
8 62 96 98 64 63 97 99 65
8 64 98 100 66 65 99 101 67
8 68 102 104 70 69 103 105 71
8 70 104 106 72 71 105 107 73
8 72 106 108 74 73 107 109 75
8 74 108 110 76 75 109 111 77
8 76 110 112 78 77 111 113 79
8 78 112 114 80 79 113 115 81
8 80 114 116 82 81 115 117 83
8 82 116 118 84 83 117 119 85
8 84 118 120 86 85 119 121 87
8 86 120 122 88 87 121 123 89
8 88 122 124 90 89 123 125 91
8 90 124 126 92 91 125 127 93
8 92 126 128 94 93 127 129 95
8 94 128 130 96 95 129 131 97
8 96 130 132 98 97 131 133 99
8 98 132 134 100 99 133 135 101
8 102 136 138 104 103 137 139 105
8 104 138 140 106 105 139 141 107
8 106 140 142 108 107 141 143 109
8 108 142 144 110 109 143 145 111
8 110 144 146 112 111 145 147 113
8 112 146 148 114 113 147 149 115
8 114 148 150 116 115 149 151 117
8 116 150 152 118 117 151 153 119
8 118 152 154 120 119 153 155 121
8 120 154 156 122 121 155 157 123
8 122 156 158 124 123 157 159 125
8 124 158 160 126 125 159 161 127
8 126 160 162 128 127 161 163 129
8 128 162 164 130 129 163 165 131
8 130 164 166 132 131 165 167 133
8 132 166 168 134 133 167 169 135
8 136 170 172 138 137 171 173 139
8 138 172 174 140 139 173 175 141
8 140 174 176 142 141 175 177 143
8 142 176 178 144 143 177 179 145
8 144 178 180 146 145 179 181 147
8 146 180 182 148 147 181 183 149
8 148 182 184 150 149 183 185 151
8 150 184 186 152 151 185 187 153
8 152 186 188 154 153 187 189 155
8 154 188 190 156 155 189 191 157
8 156 190 192 158 157 191 193 159
8 158 192 194 160 159 193 195 161
8 160 194 196 162 161 195 197 163
8 162 196 198 164 163 197 199 165
8 164 198 200 166 165 199 201 167
8 166 200 202 168 167 201 203 169
8 170 204 206 172 171 205 207 173
8 172 206 208 174 173 207 209 175
8 174 208 210 176 175 209 211 177
8 176 210 212 178 177 211 213 179
8 178 212 214 180 179 213 215 181
8 180 214 216 182 181 215 217 183
8 182 216 218 184 183 217 219 185
8 184 218 220 186 185 219 221 187
8 186 220 222 188 187 221 223 189
8 188 222 224 190 189 223 225 191
8 190 224 226 192 191 225 227 193
8 192 226 228 194 193 227 229 195
8 194 228 230 196 195 229 231 197
8 196 230 232 198 197 231 233 199
8 198 232 234 200 199 233 235 201
8 200 234 236 202 201 235 237 203
8 204 238 240 206 205 239 241 207
8 206 240 242 208 207 241 243 209
8 208 242 244 210 209 243 245 211
8 210 244 246 212 211 245 247 213
8 212 246 248 214 213 247 249 215
8 214 248 250 216 215 249 251 217
8 216 250 252 218 217 251 253 219
8 218 252 254 220 219 253 255 221
8 220 254 256 222 221 255 257 223
8 222 256 258 224 223 257 259 225
8 224 258 260 226 225 259 261 227
8 226 260 262 228 227 261 263 229
8 228 262 264 230 229 263 265 231
8 230 264 266 232 231 265 267 233
8 232 266 268 234 233 267 269 235
8 234 268 270 236 235 269 271 237
8 238 272 274 240 239 273 275 241
8 240 274 276 242 241 275 277 243
8 242 276 278 244 243 277 279 245
8 244 278 280 246 245 279 281 247
8 246 280 282 248 247 281 283 249
8 248 282 284 250 249 283 285 251
8 250 284 286 252 251 285 287 253
8 252 286 288 254 253 287 289 255
8 254 288 290 256 255 289 291 257
8 256 290 292 258 257 291 293 259
8 258 292 294 260 259 293 295 261
8 260 294 296 262 261 295 297 263
8 262 296 298 264 263 297 299 265
8 264 298 300 266 265 299 301 267
8 266 300 302 268 267 301 303 269
8 268 302 304 270 269 303 305 271
8 272 306 308 274 273 307 309 275
8 274 308 310 276 275 309 311 277
8 276 310 312 278 277 311 313 279
8 278 312 314 280 279 313 315 281
8 280 314 316 282 281 315 317 283
8 282 316 318 284 283 317 319 285
8 284 318 320 286 285 319 321 287
8 286 320 322 288 287 321 323 289
8 288 322 324 290 289 323 325 291
8 290 324 326 292 291 325 327 293
8 292 326 328 294 293 327 329 295
8 294 328 330 296 295 329 331 297
8 296 330 332 298 297 331 333 299
8 298 332 334 300 299 333 335 301
8 300 334 336 302 301 335 337 303
8 302 336 338 304 303 337 339 305
8 306 340 342 308 307 341 343 309
8 308 342 344 310 309 343 345 311
8 310 344 346 312 311 345 347 313
8 312 346 348 314 313 347 349 315
8 314 348 350 316 315 349 351 317
8 316 350 352 318 317 351 353 319
8 318 352 354 320 319 353 355 321
8 320 354 356 322 321 355 357 323
8 322 356 358 324 323 357 359 325
8 324 358 360 326 325 359 361 327
8 326 360 362 328 327 361 363 329
8 328 362 364 330 329 363 365 331
8 330 364 366 332 331 365 367 333
8 332 366 368 334 333 367 369 335
8 334 368 370 336 335 369 371 337
8 336 370 372 338 337 371 373 339
8 340 374 376 342 341 375 377 343
8 342 376 378 344 343 377 379 345
8 344 378 380 346 345 379 381 347
8 346 380 382 348 347 381 383 349
8 348 382 384 350 349 383 385 351
8 350 384 386 352 351 385 387 353
8 352 386 388 354 353 387 389 355
8 354 388 390 356 355 389 391 357
8 356 390 392 358 357 391 393 359
8 358 392 394 360 359 393 395 361
8 360 394 396 362 361 395 397 363
8 362 396 398 364 363 397 399 365
8 364 398 400 366 365 399 401 367
8 366 400 402 368 367 401 403 369
8 368 402 404 370 369 403 405 371
8 370 404 406 372 371 405 407 373
8 374 408 410 376 375 409 411 377
8 376 410 412 378 377 411 413 379
8 378 412 414 380 379 413 415 381
8 380 414 416 382 381 415 417 383
8 382 416 418 384 383 417 419 385
8 384 418 420 386 385 419 421 387
8 386 420 422 388 387 421 423 389
8 388 422 424 390 389 423 425 391
8 390 424 426 392 391 425 427 393
8 392 426 428 394 393 427 429 395
8 394 428 430 396 395 429 431 397
8 396 430 432 398 397 431 433 399
8 398 432 434 400 399 433 435 401
8 400 434 436 402 401 435 437 403
8 402 436 438 404 403 437 439 405
8 404 438 440 406 405 439 441 407
8 408 442 444 410 409 443 445 411
8 410 444 446 412 411 445 447 413
8 412 446 448 414 413 447 449 415
8 414 448 450 416 415 449 451 417
8 416 450 452 418 417 451 453 419
8 418 452 454 420 419 453 455 421
8 420 454 456 422 421 455 457 423
8 422 456 458 424 423 457 459 425
8 424 458 460 426 425 459 461 427
8 426 460 462 428 427 461 463 429
8 428 462 464 430 429 463 465 431
8 430 464 466 432 431 465 467 433
8 432 466 468 434 433 467 469 435
8 434 468 470 436 435 469 471 437
8 436 470 472 438 437 471 473 439
8 438 472 474 440 439 473 475 441
8 442 476 478 444 443 477 479 445
8 444 478 480 446 445 479 481 447
8 446 480 482 448 447 481 483 449
8 448 482 484 450 449 483 485 451
8 450 484 486 452 451 485 487 453
8 452 486 488 454 453 487 489 455
8 454 488 490 456 455 489 491 457
8 456 490 492 458 457 491 493 459
8 458 492 494 460 459 493 495 461
8 460 494 496 462 461 495 497 463
8 462 496 498 464 463 497 499 465
8 464 498 500 466 465 499 501 467
8 466 500 502 468 467 501 503 469
8 468 502 504 470 469 503 505 471
8 470 504 506 472 471 505 507 473
8 472 506 508 474 473 507 509 475
8 476 510 512 478 477 511 513 479
8 478 512 514 480 479 513 515 481
8 480 514 516 482 481 515 517 483
8 482 516 518 484 483 517 519 485
8 484 518 520 486 485 519 521 487
8 486 520 522 488 487 521 523 489
8 488 522 524 490 489 523 525 491
8 490 524 526 492 491 525 527 493
8 492 526 528 494 493 527 529 495
8 494 528 530 496 495 529 531 497
8 496 530 532 498 497 531 533 499
8 498 532 534 500 499 533 535 501
8 500 534 536 502 501 535 537 503
8 502 536 538 504 503 537 539 505
8 504 538 540 506 505 539 541 507
8 506 540 542 508 507 541 543 509
8 510 544 546 512 511 545 547 513
8 512 546 548 514 513 547 549 515
8 514 548 550 516 515 549 551 517
8 516 550 552 518 517 551 553 519
8 518 552 554 520 519 553 555 521
8 520 554 556 522 521 555 557 523
8 522 556 558 524 523 557 559 525
8 524 558 560 526 525 559 561 527
8 526 560 562 528 527 561 563 529
8 528 562 564 530 529 563 565 531
8 530 564 566 532 531 565 567 533
8 532 566 568 534 533 567 569 535
8 534 568 570 536 535 569 571 537
8 536 570 572 538 537 571 573 539
8 538 572 574 540 539 573 575 541
8 540 574 576 542 541 575 577 543
8 544 578 580 546 545 579 581 547
8 546 580 582 548 547 581 583 549
8 548 582 584 550 549 583 585 551
8 550 584 586 552 551 585 587 553
8 552 586 588 554 553 587 589 555
8 554 588 590 556 555 589 591 557
8 556 590 592 558 557 591 593 559
8 558 592 594 560 559 593 595 561
8 560 594 596 562 561 595 597 563
8 562 596 598 564 563 597 599 565
8 564 598 600 566 565 599 601 567
8 566 600 602 568 567 601 603 569
8 568 602 604 570 569 603 605 571
8 570 604 606 572 571 605 607 573
8 572 606 608 574 573 607 609 575
8 574 608 610 576 575 609 611 577
8 578 612 614 580 579 613 615 581
8 580 614 616 582 581 615 617 583
8 582 616 618 584 583 617 619 585
8 584 618 620 586 585 619 621 587
8 586 620 622 588 587 621 623 589
8 588 622 624 590 589 623 625 591
8 590 624 626 592 591 625 627 593
8 592 626 628 594 593 627 629 595
8 594 628 630 596 595 629 631 597
8 596 630 632 598 597 631 633 599
8 598 632 634 600 599 633 635 601
8 600 634 636 602 601 635 637 603
8 602 636 638 604 603 637 639 605
8 604 638 640 606 605 639 641 607
8 606 640 642 608 607 641 643 609
8 608 642 644 610 609 643 645 611
8 612 646 648 614 613 647 649 615
8 614 648 650 616 615 649 651 617
8 616 650 652 618 617 651 653 619
8 618 652 654 620 619 653 655 621
8 620 654 656 622 621 655 657 623
8 622 656 658 624 623 657 659 625
8 624 658 660 626 625 659 661 627
8 626 660 662 628 627 661 663 629
8 628 662 664 630 629 663 665 631
8 630 664 666 632 631 665 667 633
8 632 666 668 634 633 667 669 635
8 634 668 670 636 635 669 671 637
8 636 670 672 638 637 671 673 639
8 638 672 674 640 639 673 675 641
8 640 674 676 642 641 675 677 643
8 642 676 678 644 643 677 679 645
8 646 680 682 648 647 681 683 649
8 648 682 684 650 649 683 685 651
8 650 684 686 652 651 685 687 653
8 652 686 688 654 653 687 689 655
8 654 688 690 656 655 689 691 657
8 656 690 692 658 657 691 693 659
8 658 692 694 660 659 693 695 661
8 660 694 696 662 661 695 697 663
8 662 696 698 664 663 697 699 665
8 664 698 700 666 665 699 701 667
8 666 700 702 668 667 701 703 669
8 668 702 704 670 669 703 705 671
8 670 704 706 672 671 705 707 673
8 672 706 708 674 673 707 709 675
8 674 708 710 676 675 709 711 677
8 676 710 712 678 677 711 713 679
8 680 714 716 682 681 715 717 683
8 682 716 718 684 683 717 719 685
8 684 718 720 686 685 719 721 687
8 686 720 722 688 687 721 723 689
8 688 722 724 690 689 723 725 691
8 690 724 726 692 691 725 727 693
8 692 726 728 694 693 727 729 695
8 694 728 730 696 695 729 731 697
8 696 730 732 698 697 731 733 699
8 698 732 734 700 699 733 735 701
8 700 734 736 702 701 735 737 703
8 702 736 738 704 703 737 739 705
8 704 738 740 706 705 739 741 707
8 706 740 742 708 707 741 743 709
8 708 742 744 710 709 743 745 711
8 710 744 746 712 711 745 747 713
8 714 748 750 716 715 749 751 717
8 716 750 752 718 717 751 753 719
8 718 752 754 720 719 753 755 721
8 720 754 756 722 721 755 757 723
8 722 756 758 724 723 757 759 725
8 724 758 760 726 725 759 761 727
8 726 760 762 728 727 761 763 729
8 728 762 764 730 729 763 765 731
8 730 764 766 732 731 765 767 733
8 732 766 768 734 733 767 769 735
8 734 768 770 736 735 769 771 737
8 736 770 772 738 737 771 773 739
8 738 772 774 740 739 773 775 741
8 740 774 776 742 741 775 777 743
8 742 776 778 744 743 777 779 745
8 744 778 780 746 745 779 781 747
8 748 782 784 750 749 783 785 751
8 750 784 786 752 751 785 787 753
8 752 786 788 754 753 787 789 755
8 754 788 790 756 755 789 791 757
8 756 790 792 758 757 791 793 759
8 758 792 794 760 759 793 795 761
8 760 794 796 762 761 795 797 763
8 762 796 798 764 763 797 799 765
8 764 798 800 766 765 799 801 767
8 766 800 802 768 767 801 803 769
8 768 802 804 770 769 803 805 771
8 770 804 806 772 771 805 807 773
8 772 806 808 774 773 807 809 775
8 774 808 810 776 775 809 811 777
8 776 810 812 778 777 811 813 779
8 778 812 814 780 779 813 815 781
8 782 816 818 784 783 817 819 785
8 784 818 820 786 785 819 821 787
8 786 820 822 788 787 821 823 789
8 788 822 824 790 789 823 825 791
8 790 824 826 792 791 825 827 793
8 792 826 828 794 793 827 829 795
8 794 828 830 796 795 829 831 797
8 796 830 832 798 797 831 833 799
8 798 832 834 800 799 833 835 801
8 800 834 836 802 801 835 837 803
8 802 836 838 804 803 837 839 805
8 804 838 840 806 805 839 841 807
8 806 840 842 808 807 841 843 809
8 808 842 844 810 809 843 845 811
8 810 844 846 812 811 845 847 813
8 812 846 848 814 813 847 849 815
8 816 850 852 818 817 851 853 819
8 818 852 854 820 819 853 855 821
8 820 854 856 822 821 855 857 823
8 822 856 858 824 823 857 859 825
8 824 858 860 826 825 859 861 827
8 826 860 862 828 827 861 863 829
8 828 862 864 830 829 863 865 831
8 830 864 866 832 831 865 867 833
8 832 866 868 834 833 867 869 835
8 834 868 870 836 835 869 871 837
8 836 870 872 838 837 871 873 839
8 838 872 874 840 839 873 875 841
8 840 874 876 842 841 875 877 843
8 842 876 878 844 843 877 879 845
8 844 878 880 846 845 879 881 847
8 846 880 882 848 847 881 883 849
8 850 884 886 852 851 885 887 853
8 852 886 888 854 853 887 889 855
8 854 888 890 856 855 889 891 857
8 856 890 892 858 857 891 893 859
8 858 892 894 860 859 893 895 861
8 860 894 896 862 861 895 897 863
8 862 896 898 864 863 897 899 865
8 864 898 900 866 865 899 901 867
8 866 900 902 868 867 901 903 869
8 868 902 904 870 869 903 905 871
8 870 904 906 872 871 905 907 873
8 872 906 908 874 873 907 909 875
8 874 908 910 876 875 909 911 877
8 876 910 912 878 877 911 913 879
8 878 912 914 880 879 913 915 881
8 880 914 916 882 881 915 917 883
8 884 918 920 886 885 919 921 887
8 886 920 922 888 887 921 923 889
8 888 922 924 890 889 923 925 891
8 890 924 926 892 891 925 927 893
8 892 926 928 894 893 927 929 895
8 894 928 930 896 895 929 931 897
8 896 930 932 898 897 931 933 899
8 898 932 934 900 899 933 935 901
8 900 934 936 902 901 935 937 903
8 902 936 938 904 903 937 939 905
8 904 938 940 906 905 939 941 907
8 906 940 942 908 907 941 943 909
8 908 942 944 910 909 943 945 911
8 910 944 946 912 911 945 947 913
8 912 946 948 914 913 947 949 915
8 914 948 950 916 915 949 951 917
8 918 952 954 920 919 953 955 921
8 920 954 956 922 921 955 957 923
8 922 956 958 924 923 957 959 925
8 924 958 960 926 925 959 961 927
8 926 960 962 928 927 961 963 929
8 928 962 964 930 929 963 965 931
8 930 964 966 932 931 965 967 933
8 932 966 968 934 933 967 969 935
8 934 968 970 936 935 969 971 937
8 936 970 972 938 937 971 973 939
8 938 972 974 940 939 973 975 941
8 940 974 976 942 941 975 977 943
8 942 976 978 944 943 977 979 945
8 944 978 980 946 945 979 981 947
8 946 980 982 948 947 981 983 949
8 948 982 984 950 949 983 985 951
8 952 986 988 954 953 987 989 955
8 954 988 990 956 955 989 991 957
8 956 990 992 958 957 991 993 959
8 958 992 994 960 959 993 995 961
8 960 994 996 962 961 995 997 963
8 962 996 998 964 963 997 999 965
8 964 998 1000 966 965 999 1001 967
8 966 1000 1002 968 967 1001 1003 969
8 968 1002 1004 970 969 1003 1005 971
8 970 1004 1006 972 971 1005 1007 973
8 972 1006 1008 974 973 1007 1009 975
8 974 1008 1010 976 975 1009 1011 977
8 976 1010 1012 978 977 1011 1013 979
8 978 1012 1014 980 979 1013 1015 981
8 980 1014 1016 982 981 1015 1017 983
8 982 1016 1018 984 983 1017 1019 985
8 986 1020 1022 988 987 1021 1023 989
8 988 1022 1024 990 989 1023 1025 991
8 990 1024 1026 992 991 1025 1027 993
8 992 1026 1028 994 993 1027 1029 995
8 994 1028 1030 996 995 1029 1031 997
8 996 1030 1032 998 997 1031 1033 999
8 998 1032 1034 1000 999 1033 1035 1001
8 1000 1034 1036 1002 1001 1035 1037 1003
8 1002 1036 1038 1004 1003 1037 1039 1005
8 1004 1038 1040 1006 1005 1039 1041 1007
8 1006 1040 1042 1008 1007 1041 1043 1009
8 1008 1042 1044 1010 1009 1043 1045 1011
8 1010 1044 1046 1012 1011 1045 1047 1013
8 1012 1046 1048 1014 1013 1047 1049 1015
8 1014 1048 1050 1016 1015 1049 1051 1017
8 1016 1050 1052 1018 1017 1051 1053 1019
8 1020 1054 1056 1022 1021 1055 1057 1023
8 1022 1056 1058 1024 1023 1057 1059 1025
8 1024 1058 1060 1026 1025 1059 1061 1027
8 1026 1060 1062 1028 1027 1061 1063 1029
8 1028 1062 1064 1030 1029 1063 1065 1031
8 1030 1064 1066 1032 1031 1065 1067 1033
8 1032 1066 1068 1034 1033 1067 1069 1035
8 1034 1068 1070 1036 1035 1069 1071 1037
8 1036 1070 1072 1038 1037 1071 1073 1039
8 1038 1072 1074 1040 1039 1073 1075 1041
8 1040 1074 1076 1042 1041 1075 1077 1043
8 1042 1076 1078 1044 1043 1077 1079 1045
8 1044 1078 1080 1046 1045 1079 1081 1047
8 1046 1080 1082 1048 1047 1081 1083 1049
8 1048 1082 1084 1050 1049 1083 1085 1051
8 1050 1084 1086 1052 1051 1085 1087 1053
8 1054 1088 1090 1056 1055 1089 1091 1057
8 1056 1090 1092 1058 1057 1091 1093 1059
8 1058 1092 1094 1060 1059 1093 1095 1061
8 1060 1094 1096 1062 1061 1095 1097 1063
8 1062 1096 1098 1064 1063 1097 1099 1065
8 1064 1098 1100 1066 1065 1099 1101 1067
8 1066 1100 1102 1068 1067 1101 1103 1069
8 1068 1102 1104 1070 1069 1103 1105 1071
8 1070 1104 1106 1072 1071 1105 1107 1073
8 1072 1106 1108 1074 1073 1107 1109 1075
8 1074 1108 1110 1076 1075 1109 1111 1077
8 1076 1110 1112 1078 1077 1111 1113 1079
8 1078 1112 1114 1080 1079 1113 1115 1081
8 1080 1114 1116 1082 1081 1115 1117 1083
8 1082 1116 1118 1084 1083 1117 1119 1085
8 1084 1118 1120 1086 1085 1119 1121 1087

CELL_TYPES 512
12
12
12
12
12
12
12
12
12
12
12
12
12
12
12
12
12
12
12
12
12
12
12
12
12
12
12
12
12
12
12
12
12
12
12
12
12
12
12
12
12
12
12
12
12
12
12
12
12
12
12
12
12
12
12
12
12
12
12
12
12
12
12
12
12
12
12
12
12
12
12
12
12
12
12
12
12
12
12
12
12
12
12
12
12
12
12
12
12
12
12
12
12
12
12
12
12
12
12
12
12
12
12
12
12
12
12
12
12
12
12
12
12
12
12
12
12
12
12
12
12
12
12
12
12
12
12
12
12
12
12
12
12
12
12
12
12
12
12
12
12
12
12
12
12
12
12
12
12
12
12
12
12
12
12
12
12
12
12
12
12
12
12
12
12
12
12
12
12
12
12
12
12
12
12
12
12
12
12
12
12
12
12
12
12
12
12
12
12
12
12
12
12
12
12
12
12
12
12
12
12
12
12
12
12
12
12
12
12
12
12
12
12
12
12
12
12
12
12
12
12
12
12
12
12
12
12
12
12
12
12
12
12
12
12
12
12
12
12
12
12
12
12
12
12
12
12
12
12
12
12
12
12
12
12
12
12
12
12
12
12
12
12
12
12
12
12
12
12
12
12
12
12
12
12
12
12
12
12
12
12
12
12
12
12
12
12
12
12
12
12
12
12
12
12
12
12
12
12
12
12
12
12
12
12
12
12
12
12
12
12
12
12
12
12
12
12
12
12
12
12
12
12
12
12
12
12
12
12
12
12
12
12
12
12
12
12
12
12
12
12
12
12
12
12
12
12
12
12
12
12
12
12
12
12
12
12
12
12
12
12
12
12
12
12
12
12
12
12
12
12
12
12
12
12
12
12
12
12
12
12
12
12
12
12
12
12
12
12
12
12
12
12
12
12
12
12
12
12
12
12
12
12
12
12
12
12
12
12
12
12
12
12
12
12
12
12
12
12
12
12
12
12
12
12
12
12
12
12
12
12
12
12
12
12
12
12
12
12
12
12
12
12
12
12
12
12
12
12
12
12
12
12
12
12
12
12
12
12
12
12
12
12
12
12
12
12
12
12
12
12
12
12
12
12
12
12
12
12
12
12
12
12
12
12
12
12
12
12
12
12
12
12
12
12
12
12
12
12
12
12
12
12
12
12
12
12
12
12
12
12
12

POINT_DATA 1122
VECTORS Displacement float
  0.000000e+00   0.000000e+00   0.000000e+00
  0.000000e+00   0.000000e+00   0.000000e+00
  0.000000e+00   0.000000e+00   0.000000e+00
  0.000000e+00   0.000000e+00   0.000000e+00
  0.000000e+00   0.000000e+00   0.000000e+00
  0.000000e+00   0.000000e+00   0.000000e+00
  0.000000e+00   0.000000e+00   0.000000e+00
  0.000000e+00   0.000000e+00   0.000000e+00
  0.000000e+00   0.000000e+00   0.000000e+00
  0.000000e+00   0.000000e+00   0.000000e+00
  0.000000e+00   0.000000e+00   0.000000e+00
  0.000000e+00   0.000000e+00   0.000000e+00
  0.000000e+00   0.000000e+00   0.000000e+00
  0.000000e+00   0.000000e+00   0.000000e+00
  0.000000e+00   0.000000e+00   0.000000e+00
  0.000000e+00   0.000000e+00   0.000000e+00
  0.000000e+00   0.000000e+00   0.000000e+00
  0.000000e+00   0.000000e+00   0.000000e+00
  0.000000e+00   0.000000e+00   0.000000e+00
  0.000000e+00   0.000000e+00   0.000000e+00
  0.000000e+00   0.000000e+00   0.000000e+00
  0.000000e+00   0.000000e+00   0.000000e+00
  0.000000e+00   0.000000e+00   0.000000e+00
  0.000000e+00   0.000000e+00   0.000000e+00
  0.000000e+00   0.000000e+00   0.000000e+00
  0.000000e+00   0.000000e+00   0.000000e+00
  0.000000e+00   0.000000e+00   0.000000e+00
  0.000000e+00   0.000000e+00   0.000000e+00
  0.000000e+00   0.000000e+00   0.000000e+00
  0.000000e+00   0.000000e+00   0.000000e+00
  0.000000e+00   0.000000e+00   0.000000e+00
  0.000000e+00   0.000000e+00   0.000000e+00
  0.000000e+00   0.000000e+00   0.000000e+00
  0.000000e+00   0.000000e+00   0.000000e+00
 -8.278090e-05  -4.505390e-05  -5.074530e-06
 -8.278090e-05  -4.505390e-05   5.074530e-06
 -7.016100e-05  -3.925550e-05  -4.516000e-06
 -7.016100e-05  -3.925550e-05   4.516000e-06
 -5.894880e-05  -3.454400e-05  -3.923680e-06
 -5.894880e-05  -3.454400e-05   3.923680e-06
 -4.847510e-05  -3.078210e-05  -3.301030e-06
 -4.847510e-05  -3.078210e-05   3.301030e-06
 -3.842680e-05  -2.785000e-05  -2.659120e-06
 -3.842680e-05  -2.785000e-05   2.659120e-06
 -2.863900e-05  -2.565570e-05  -2.004120e-06
 -2.863900e-05  -2.565570e-05   2.004120e-06
 -1.901370e-05  -2.413250e-05  -1.340450e-06
 -1.901370e-05  -2.413250e-05   1.340450e-06
 -9.484400e-06  -2.323570e-05  -6.714870e-07
 -9.484400e-06  -2.323570e-05   6.714870e-07
  3.700540e-15  -2.293950e-05   1.190480e-14
 -3.641300e-15  -2.293950e-05   1.190040e-14
  9.484400e-06  -2.323570e-05   6.714870e-07
  9.484400e-06  -2.323570e-05  -6.714870e-07
  1.901370e-05  -2.413250e-05   1.340450e-06
  1.901370e-05  -2.413250e-05  -1.340450e-06
  2.863900e-05  -2.565570e-05   2.004120e-06
  2.863900e-05  -2.565570e-05  -2.004120e-06
  3.842680e-05  -2.785000e-05   2.659120e-06
  3.842680e-05  -2.785000e-05  -2.659120e-06
  4.847510e-05  -3.078210e-05   3.301030e-06
  4.847510e-05  -3.078210e-05  -3.301030e-06
  5.894880e-05  -3.454400e-05   3.923680e-06
  5.894880e-05  -3.454400e-05  -3.923680e-06
  7.016100e-05  -3.925550e-05   4.516000e-06
  7.016100e-05  -3.925550e-05  -4.516000e-06
  8.278090e-05  -4.505390e-05   5.074530e-06
  8.278090e-05  -4.505390e-05  -5.074530e-06
 -1.679490e-04  -1.260020e-04  -3.737770e-06
 -1.679490e-04  -1.260020e-04   3.737770e-06
 -1.467290e-04  -1.214180e-04  -3.343390e-06
 -1.467290e-04  -1.214180e-04   3.343390e-06
 -1.252390e-04  -1.172490e-04  -2.865760e-06
 -1.252390e-04  -1.172490e-04   2.865760e-06
 -1.038900e-04  -1.136180e-04  -2.392700e-06
 -1.038900e-04  -1.136180e-04   2.392700e-06
 -8.277320e-05  -1.106020e-04  -1.916870e-06
 -8.277320e-05  -1.106020e-04   1.916870e-06
 -6.187680e-05  -1.082360e-04  -1.439320e-06
 -6.187680e-05  -1.082360e-04   1.439320e-06
 -4.115360e-05  -1.065400e-04  -9.603640e-07
 -4.115360e-05  -1.065400e-04   9.603650e-07
 -2.054750e-05  -1.055210e-04  -4.804330e-07
 -2.054750e-05  -1.055210e-04   4.804330e-07
  7.039550e-15  -1.051810e-04   4.540460e-14
 -6.909800e-15  -1.051810e-04   4.540140e-14
  2.054750e-05  -1.055210e-04   4.804330e-07
  2.054750e-05  -1.055210e-04  -4.804330e-07
  4.115360e-05  -1.065400e-04   9.603650e-07
  4.115360e-05  -1.065400e-04  -9.603640e-07
  6.187680e-05  -1.082360e-04   1.439320e-06
  6.187680e-05  -1.082360e-04  -1.439320e-06
  8.277320e-05  -1.106020e-04   1.916870e-06
  8.277320e-05  -1.106020e-04  -1.916870e-06
  1.038900e-04  -1.136180e-04   2.392700e-06
  1.038900e-04  -1.136180e-04  -2.392700e-06
  1.252390e-04  -1.172490e-04   2.865760e-06
  1.252390e-04  -1.172490e-04  -2.865760e-06
  1.467290e-04  -1.214180e-04   3.343390e-06
  1.467290e-04  -1.214180e-04  -3.343390e-06
  1.679490e-04  -1.260020e-04   3.737770e-06
  1.679490e-04  -1.260020e-04  -3.737770e-06
 -2.510180e-04  -2.603690e-04  -3.963680e-06
 -2.510180e-04  -2.603690e-04   3.963680e-06
 -2.190360e-04  -2.557260e-04  -3.481520e-06
 -2.190360e-04  -2.557260e-04   3.481520e-06
 -1.873900e-04  -2.517680e-04  -2.980600e-06
 -1.873900e-04  -2.517680e-04   2.980600e-06
 -1.559030e-04  -2.484220e-04  -2.484250e-06
 -1.559030e-04  -2.484220e-04   2.484250e-06
 -1.245410e-04  -2.456720e-04  -1.988050e-06
 -1.245410e-04  -2.456720e-04   1.988050e-06
 -9.329140e-05  -2.435220e-04  -1.491570e-06
 -9.329140e-05  -2.435220e-04   1.491570e-06
 -6.213680e-05  -2.419790e-04  -9.946600e-07
 -6.213680e-05  -2.419790e-04   9.946600e-07
 -3.105060e-05  -2.410500e-04  -4.974190e-07
 -3.105060e-05  -2.410500e-04   4.974190e-07
  1.024960e-14  -2.407400e-04   9.901450e-14
 -1.004900e-14  -2.407400e-04   9.901130e-14
  3.105060e-05  -2.410500e-04   4.974190e-07
  3.105060e-05  -2.410500e-04  -4.974190e-07
  6.213680e-05  -2.419790e-04   9.946600e-07
  6.213680e-05  -2.419790e-04  -9.946600e-07
  9.329140e-05  -2.435220e-04   1.491570e-06
  9.329140e-05  -2.435220e-04  -1.491570e-06
  1.245410e-04  -2.456720e-04   1.988050e-06
  1.245410e-04  -2.456720e-04  -1.988050e-06
  1.559030e-04  -2.484220e-04   2.484250e-06
  1.559030e-04  -2.484220e-04  -2.484250e-06
  1.873900e-04  -2.517680e-04   2.980600e-06
  1.873900e-04  -2.517680e-04  -2.980600e-06
  2.190360e-04  -2.557260e-04   3.481520e-06
  2.190360e-04  -2.557260e-04  -3.481520e-06
  2.510180e-04  -2.603690e-04   3.963680e-06
  2.510180e-04  -2.603690e-04  -3.963680e-06
 -3.315110e-04  -4.460380e-04  -3.740940e-06
 -3.315110e-04  -4.460380e-04   3.740940e-06
 -2.895100e-04  -4.415890e-04  -3.313960e-06
 -2.895100e-04  -4.415890e-04   3.313970e-06
 -2.477170e-04  -4.377290e-04  -2.836410e-06
 -2.477170e-04  -4.377290e-04   2.836410e-06
 -2.061350e-04  -4.344670e-04  -2.363050e-06
 -2.061350e-04  -4.344670e-04   2.363050e-06
 -1.647220e-04  -4.318040e-04  -1.889870e-06
 -1.647220e-04  -4.318040e-04   1.889870e-06
 -1.234350e-04  -4.297360e-04  -1.417150e-06
 -1.234350e-04  -4.297360e-04   1.417150e-06
 -8.224020e-05  -4.282600e-04  -9.446710e-07
 -8.224020e-05  -4.282600e-04   9.446720e-07
 -4.110520e-05  -4.273740e-04  -4.723140e-07
 -4.110520e-05  -4.273740e-04   4.723150e-07
  1.338810e-14  -4.270790e-04   1.722180e-13
 -1.311780e-14  -4.270790e-04   1.722150e-13
  4.110520e-05  -4.273740e-04   4.723150e-07
  4.110520e-05  -4.273740e-04  -4.723140e-07
  8.224020e-05  -4.282600e-04   9.446720e-07
  8.224020e-05  -4.282600e-04  -9.446710e-07
  1.234350e-04  -4.297360e-04   1.417150e-06
  1.234350e-04  -4.297360e-04  -1.417150e-06
  1.647220e-04  -4.318040e-04   1.889870e-06
  1.647220e-04  -4.318040e-04  -1.889870e-06
  2.061350e-04  -4.344670e-04   2.363050e-06
  2.061350e-04  -4.344670e-04  -2.363050e-06
  2.477170e-04  -4.377290e-04   2.836410e-06
  2.477170e-04  -4.377290e-04  -2.836410e-06
  2.895100e-04  -4.415890e-04   3.313970e-06
  2.895100e-04  -4.415890e-04  -3.313960e-06
  3.315110e-04  -4.460380e-04   3.740940e-06
  3.315110e-04  -4.460380e-04  -3.740940e-06
 -4.090910e-04  -6.810870e-04  -3.626890e-06
 -4.090910e-04  -6.810870e-04   3.626900e-06
 -3.573860e-04  -6.767930e-04  -3.203730e-06
 -3.573860e-04  -6.767930e-04   3.203730e-06
 -3.059120e-04  -6.730830e-04  -2.743990e-06
 -3.059120e-04  -6.730830e-04   2.743990e-06
 -2.546280e-04  -6.699400e-04  -2.287100e-06
 -2.546280e-04  -6.699400e-04   2.287100e-06
 -2.035050e-04  -6.673690e-04  -1.829680e-06
 -2.035050e-04  -6.673690e-04   1.829680e-06
 -1.525150e-04  -6.653690e-04  -1.372220e-06
 -1.525150e-04  -6.653690e-04   1.372220e-06
 -1.016220e-04  -6.639410e-04  -9.147700e-07
 -1.016220e-04  -6.639410e-04   9.147710e-07
 -5.079480e-05  -6.630840e-04  -4.573700e-07
 -5.079480e-05  -6.630840e-04   4.573700e-07
  1.642760e-14  -6.627990e-04   2.645200e-13
 -1.608920e-14  -6.627990e-04   2.645160e-13
  5.079480e-05  -6.630840e-04   4.573700e-07
  5.079480e-05  -6.630840e-04  -4.573700e-07
  1.016220e-04  -6.639410e-04   9.147710e-07
  1.016220e-04  -6.639410e-04  -9.147700e-07
  1.525150e-04  -6.653690e-04   1.372220e-06
  1.525150e-04  -6.653690e-04  -1.372220e-06
  2.035050e-04  -6.673690e-04   1.829680e-06
  2.035050e-04  -6.673690e-04  -1.829680e-06
  2.546280e-04  -6.699400e-04   2.287100e-06
  2.546280e-04  -6.699400e-04  -2.287100e-06
  3.059120e-04  -6.730830e-04   2.743990e-06
  3.059120e-04  -6.730830e-04  -2.743990e-06
  3.573860e-04  -6.767930e-04   3.203730e-06
  3.573860e-04  -6.767930e-04  -3.203730e-06
  4.090910e-04  -6.810870e-04   3.626900e-06
  4.090910e-04  -6.810870e-04  -3.626890e-06
 -4.838600e-04  -9.637480e-04  -3.487780e-06
 -4.838600e-04  -9.637480e-04   3.487780e-06
 -4.228100e-04  -9.596140e-04  -3.083530e-06
 -4.228100e-04  -9.596140e-04   3.083530e-06
 -3.619860e-04  -9.560380e-04  -2.640130e-06
 -3.619860e-04  -9.560380e-04   2.640130e-06
 -3.013580e-04  -9.530120e-04  -2.200320e-06
 -3.013580e-04  -9.530120e-04   2.200320e-06
 -2.408920e-04  -9.505370e-04  -1.760280e-06
 -2.408920e-04  -9.505370e-04   1.760280e-06
 -1.805550e-04  -9.486110e-04  -1.320240e-06
 -1.805550e-04  -9.486110e-04   1.320240e-06
 -1.203160e-04  -9.472350e-04  -8.801800e-07
 -1.203160e-04  -9.472350e-04   8.801810e-07
 -6.014160e-05  -9.464100e-04  -4.400950e-07
 -6.014160e-05  -9.464100e-04   4.400960e-07
  1.934820e-14  -9.461350e-04   3.752320e-13
 -1.893930e-14  -9.461350e-04   3.752290e-13
  6.014160e-05  -9.464100e-04   4.400960e-07
  6.014160e-05  -9.464100e-04  -4.400950e-07
  1.203160e-04  -9.472350e-04   8.801810e-07
  1.203160e-04  -9.472350e-04  -8.801800e-07
  1.805550e-04  -9.486110e-04   1.320240e-06
  1.805550e-04  -9.486110e-04  -1.320240e-06
  2.408920e-04  -9.505370e-04   1.760280e-06
  2.408920e-04  -9.505370e-04  -1.760280e-06
  3.013580e-04  -9.530120e-04   2.200320e-06
  3.013580e-04  -9.530120e-04  -2.200320e-06
  3.619860e-04  -9.560380e-04   2.640130e-06
  3.619860e-04  -9.560380e-04  -2.640130e-06
  4.228100e-04  -9.596140e-04   3.083530e-06
  4.228100e-04  -9.596140e-04  -3.083530e-06
  4.838600e-04  -9.637480e-04   3.487780e-06
  4.838600e-04  -9.637480e-04  -3.487780e-06
 -5.558050e-04  -1.292260e-03  -3.354780e-06
 -5.558050e-04  -1.292260e-03   3.354780e-06
 -4.857620e-04  -1.288280e-03  -2.965200e-06
 -4.857620e-04  -1.288280e-03   2.965200e-06
 -4.159460e-04  -1.284840e-03  -2.539150e-06
 -4.159460e-04  -1.284840e-03   2.539150e-06
 -3.463240e-04  -1.281930e-03  -2.116160e-06
 -3.463240e-04  -1.281930e-03   2.116160e-06
 -2.768640e-04  -1.279550e-03  -1.692900e-06
 -2.768640e-04  -1.279550e-03   1.692900e-06
 -2.075350e-04  -1.277700e-03  -1.269670e-06
 -2.075350e-04  -1.277700e-03   1.269670e-06
 -1.383020e-04  -1.276380e-03  -8.464420e-07
 -1.383020e-04  -1.276380e-03   8.464430e-07
 -6.913500e-05  -1.275590e-03  -4.232210e-07
 -6.913500e-05  -1.275590e-03   4.232220e-07
  2.213880e-14  -1.275320e-03   5.035740e-13
 -2.165800e-14  -1.275320e-03   5.035710e-13
  6.913500e-05  -1.275590e-03   4.232220e-07
  6.913500e-05  -1.275590e-03  -4.232210e-07
  1.383020e-04  -1.276380e-03   8.464430e-07
  1.383020e-04  -1.276380e-03  -8.464420e-07
  2.075350e-04  -1.277700e-03   1.269670e-06
  2.075350e-04  -1.277700e-03  -1.269670e-06
  2.768640e-04  -1.279550e-03   1.692900e-06
  2.768640e-04  -1.279550e-03  -1.692900e-06
  3.463240e-04  -1.281930e-03   2.116160e-06
  3.463240e-04  -1.281930e-03  -2.116160e-06
  4.159460e-04  -1.284840e-03   2.539150e-06
  4.159460e-04  -1.284840e-03  -2.539150e-06
  4.857620e-04  -1.288280e-03   2.965200e-06
  4.857620e-04  -1.288280e-03  -2.965200e-06
  5.558050e-04  -1.292260e-03   3.354780e-06
  5.558050e-04  -1.292260e-03  -3.354780e-06
 -6.249300e-04  -1.664850e-03  -3.220330e-06
 -6.249300e-04  -1.664850e-03   3.220340e-06
 -5.462460e-04  -1.661030e-03  -2.846560e-06
 -5.462460e-04  -1.661030e-03   2.846560e-06
 -4.677890e-04  -1.657730e-03  -2.437440e-06
 -4.677890e-04  -1.657730e-03   2.437440e-06
 -3.895270e-04  -1.654940e-03  -2.031410e-06
 -3.895270e-04  -1.654940e-03   2.031410e-06
 -3.114270e-04  -1.652650e-03  -1.625120e-06
 -3.114270e-04  -1.652650e-03   1.625120e-06
 -2.334560e-04  -1.650880e-03  -1.218840e-06
 -2.334560e-04  -1.650880e-03   1.218840e-06
 -1.555840e-04  -1.649610e-03  -8.125590e-07
 -1.555840e-04  -1.649610e-03   8.125600e-07
 -7.777550e-05  -1.648840e-03  -4.062790e-07
 -7.777550e-05  -1.648840e-03   4.062800e-07
  2.479630e-14  -1.648590e-03   6.487170e-13
 -2.424550e-14  -1.648590e-03   6.487140e-13
  7.777550e-05  -1.648840e-03   4.062800e-07
  7.777550e-05  -1.648840e-03  -4.062790e-07
  1.555840e-04  -1.649610e-03   8.125600e-07
  1.555840e-04  -1.649610e-03  -8.125590e-07
  2.334560e-04  -1.650880e-03   1.218840e-06
  2.334560e-04  -1.650880e-03  -1.218840e-06
  3.114270e-04  -1.652650e-03   1.625120e-06
  3.114270e-04  -1.652650e-03  -1.625120e-06
  3.895270e-04  -1.654940e-03   2.031410e-06
  3.895270e-04  -1.654940e-03  -2.031410e-06
  4.677890e-04  -1.657730e-03   2.437440e-06
  4.677890e-04  -1.657730e-03  -2.437440e-06
  5.462460e-04  -1.661030e-03   2.846560e-06
  5.462460e-04  -1.661030e-03  -2.846560e-06
  6.249300e-04  -1.664850e-03   3.220340e-06
  6.249300e-04  -1.664850e-03  -3.220330e-06
 -6.912330e-04  -2.079760e-03  -3.086210e-06
 -6.912330e-04  -2.079760e-03   3.086210e-06
 -6.042610e-04  -2.076100e-03  -2.727950e-06
 -6.042610e-04  -2.076100e-03   2.727960e-06
 -5.175160e-04  -2.072940e-03  -2.335920e-06
 -5.175160e-04  -2.072940e-03   2.335920e-06
 -4.309660e-04  -2.070260e-03  -1.946790e-06
 -4.309660e-04  -2.070260e-03   1.946790e-06
 -3.445780e-04  -2.068070e-03  -1.557420e-06
 -3.445780e-04  -2.068070e-03   1.557420e-06
 -2.583200e-04  -2.066370e-03  -1.168060e-06
 -2.583200e-04  -2.066370e-03   1.168070e-06
 -1.721590e-04  -2.065150e-03  -7.787090e-07
 -1.721590e-04  -2.065150e-03   7.787110e-07
 -8.606340e-05  -2.064420e-03  -3.893540e-07
 -8.606340e-05  -2.064420e-03   3.893560e-07
  2.731860e-14  -2.064180e-03   8.098370e-13
 -2.670080e-14  -2.064180e-03   8.098340e-13
  8.606340e-05  -2.064420e-03   3.893560e-07
  8.606340e-05  -2.064420e-03  -3.893540e-07
  1.721590e-04  -2.065150e-03   7.787110e-07
  1.721590e-04  -2.065150e-03  -7.787090e-07
  2.583200e-04  -2.066370e-03   1.168070e-06
  2.583200e-04  -2.066370e-03  -1.168060e-06
  3.445780e-04  -2.068070e-03   1.557420e-06
  3.445780e-04  -2.068070e-03  -1.557420e-06
  4.309660e-04  -2.070260e-03   1.946790e-06
  4.309660e-04  -2.070260e-03  -1.946790e-06
  5.175160e-04  -2.072940e-03   2.335920e-06
  5.175160e-04  -2.072940e-03  -2.335920e-06
  6.042610e-04  -2.076100e-03   2.727960e-06
  6.042610e-04  -2.076100e-03  -2.727950e-06
  6.912330e-04  -2.079760e-03   3.086210e-06
  6.912330e-04  -2.079760e-03  -3.086210e-06
 -7.547140e-04  -2.535230e-03  -2.952010e-06
 -7.547140e-04  -2.535230e-03   2.952020e-06
 -6.598070e-04  -2.531730e-03  -2.609350e-06
 -6.598070e-04  -2.531730e-03   2.609350e-06
 -5.651270e-04  -2.528710e-03  -2.234350e-06
 -5.651270e-04  -2.528710e-03   2.234350e-06
 -4.706420e-04  -2.526150e-03  -1.862140e-06
 -4.706420e-04  -2.526150e-03   1.862150e-06
 -3.763190e-04  -2.524050e-03  -1.489700e-06
 -3.763190e-04  -2.524050e-03   1.489700e-06
 -2.821260e-04  -2.522420e-03  -1.117280e-06
 -2.821260e-04  -2.522420e-03   1.117280e-06
 -1.880300e-04  -2.521260e-03  -7.448500e-07
 -1.880300e-04  -2.521260e-03   7.448520e-07
 -9.399860e-05  -2.520560e-03  -3.724250e-07
 -9.399860e-05  -2.520560e-03   3.724270e-07
  2.970600e-14  -2.520330e-03   9.860860e-13
 -2.901780e-14  -2.520330e-03   9.860850e-13
  9.399860e-05  -2.520560e-03   3.724270e-07
  9.399860e-05  -2.520560e-03  -3.724250e-07
  1.880300e-04  -2.521260e-03   7.448520e-07
  1.880300e-04  -2.521260e-03  -7.448500e-07
  2.821260e-04  -2.522420e-03   1.117280e-06
  2.821260e-04  -2.522420e-03  -1.117280e-06
  3.763190e-04  -2.524050e-03   1.489700e-06
  3.763190e-04  -2.524050e-03  -1.489700e-06
  4.706420e-04  -2.526150e-03   1.862150e-06
  4.706420e-04  -2.526150e-03  -1.862140e-06
  5.651270e-04  -2.528710e-03   2.234350e-06
  5.651270e-04  -2.528710e-03  -2.234350e-06
  6.598070e-04  -2.531730e-03   2.609350e-06
  6.598070e-04  -2.531730e-03  -2.609350e-06
  7.547140e-04  -2.535230e-03   2.952020e-06
  7.547140e-04  -2.535230e-03  -2.952010e-06
 -8.153750e-04  -3.029500e-03  -2.817840e-06
 -8.153750e-04  -3.029500e-03   2.817840e-06
 -7.128850e-04  -3.026160e-03  -2.490740e-06
 -7.128850e-04  -3.026160e-03   2.490740e-06
 -6.106230e-04  -3.023270e-03  -2.132790e-06
 -6.106230e-04  -3.023270e-03   2.132790e-06
 -5.085550e-04  -3.020830e-03  -1.777500e-06
 -5.085550e-04  -3.020830e-03   1.777500e-06
 -4.066490e-04  -3.018830e-03  -1.421990e-06
 -4.066490e-04  -3.018830e-03   1.421990e-06
 -3.048730e-04  -3.017270e-03  -1.066490e-06
 -3.048730e-04  -3.017270e-03   1.066490e-06
 -2.031950e-04  -3.016160e-03  -7.109930e-07
 -2.031950e-04  -3.016160e-03   7.109960e-07
 -1.015810e-04  -3.015490e-03  -3.554960e-07
 -1.015810e-04  -3.015490e-03   3.554980e-07
  3.195770e-14  -3.015270e-03   1.176610e-12
 -3.119940e-14  -3.015270e-03   1.176600e-12
  1.015810e-04  -3.015490e-03   3.554980e-07
  1.015810e-04  -3.015490e-03  -3.554960e-07
  2.031950e-04  -3.016160e-03   7.109960e-07
  2.031950e-04  -3.016160e-03  -7.109930e-07
  3.048730e-04  -3.017270e-03   1.066490e-06
  3.048730e-04  -3.017270e-03  -1.066490e-06
  4.066490e-04  -3.018830e-03   1.421990e-06
  4.066490e-04  -3.018830e-03  -1.421990e-06
  5.085550e-04  -3.020830e-03   1.777500e-06
  5.085550e-04  -3.020830e-03  -1.777500e-06
  6.106230e-04  -3.023270e-03   2.132790e-06
  6.106230e-04  -3.023270e-03  -2.132790e-06
  7.128850e-04  -3.026160e-03   2.490740e-06
  7.128850e-04  -3.026160e-03  -2.490740e-06
  8.153750e-04  -3.029500e-03   2.817840e-06
  8.153750e-04  -3.029500e-03  -2.817840e-06
 -8.732140e-04  -3.560790e-03  -2.683650e-06
 -8.732140e-04  -3.560790e-03   2.683650e-06
 -7.634940e-04  -3.557610e-03  -2.372130e-06
 -7.634940e-04  -3.557610e-03   2.372140e-06
 -6.540020e-04  -3.554860e-03  -2.031230e-06
 -6.540020e-04  -3.554860e-03   2.031230e-06
 -5.447040e-04  -3.552540e-03  -1.692860e-06
 -5.447040e-04  -3.552540e-03   1.692860e-06
 -4.355690e-04  -3.550630e-03  -1.354270e-06
 -4.355690e-04  -3.550630e-03   1.354280e-06
 -3.265630e-04  -3.549150e-03  -1.015710e-06
 -3.265630e-04  -3.549150e-03   1.015710e-06
 -2.176540e-04  -3.548090e-03  -6.771360e-07
 -2.176540e-04  -3.548090e-03   6.771390e-07
 -1.088110e-04  -3.547460e-03  -3.385670e-07
 -1.088110e-04  -3.547460e-03   3.385700e-07
  3.406990e-14  -3.547250e-03   1.380570e-12
 -3.324600e-14  -3.547250e-03   1.380560e-12
  1.088110e-04  -3.547460e-03   3.385700e-07
  1.088110e-04  -3.547460e-03  -3.385670e-07
  2.176540e-04  -3.548090e-03   6.771390e-07
  2.176540e-04  -3.548090e-03  -6.771360e-07
  3.265630e-04  -3.549150e-03   1.015710e-06
  3.265630e-04  -3.549150e-03  -1.015710e-06
  4.355690e-04  -3.550630e-03   1.354280e-06
  4.355690e-04  -3.550630e-03  -1.354270e-06
  5.447040e-04  -3.552540e-03   1.692860e-06
  5.447040e-04  -3.552540e-03  -1.692860e-06
  6.540020e-04  -3.554860e-03   2.031230e-06
  6.540020e-04  -3.554860e-03  -2.031230e-06
  7.634940e-04  -3.557610e-03   2.372140e-06
  7.634940e-04  -3.557610e-03  -2.372130e-06
  8.732140e-04  -3.560790e-03   2.683650e-06
  8.732140e-04  -3.560790e-03  -2.683650e-06
 -9.282310e-04  -4.127360e-03  -2.549470e-06
 -9.282310e-04  -4.127360e-03   2.549470e-06
 -8.116340e-04  -4.124340e-03  -2.253530e-06
 -8.116340e-04  -4.124340e-03   2.253530e-06
 -6.952650e-04  -4.121720e-03  -1.929660e-06
 -6.952650e-04  -4.121720e-03   1.929670e-06
 -5.790900e-04  -4.119510e-03  -1.608220e-06
 -5.790900e-04  -4.119510e-03   1.608220e-06
 -4.630770e-04  -4.117700e-03  -1.286560e-06
 -4.630770e-04  -4.117700e-03   1.286560e-06
 -3.471940e-04  -4.116300e-03  -9.649200e-07
 -3.471940e-04  -4.116300e-03   9.649230e-07
 -2.314090e-04  -4.115290e-03  -6.432790e-07
 -2.314090e-04  -4.115290e-03   6.432820e-07
 -1.156880e-04  -4.114690e-03  -3.216390e-07
 -1.156880e-04  -4.114690e-03   3.216420e-07
  3.604110e-14  -4.114490e-03   1.597080e-12
 -3.515480e-14  -4.114490e-03   1.597070e-12
  1.156880e-04  -4.114690e-03   3.216420e-07
  1.156880e-04  -4.114690e-03  -3.216390e-07
  2.314090e-04  -4.115290e-03   6.432820e-07
  2.314090e-04  -4.115290e-03  -6.432790e-07
  3.471940e-04  -4.116300e-03   9.649230e-07
  3.471940e-04  -4.116300e-03  -9.649200e-07
  4.630770e-04  -4.117700e-03   1.286560e-06
  4.630770e-04  -4.117700e-03  -1.286560e-06
  5.790900e-04  -4.119510e-03   1.608220e-06
  5.790900e-04  -4.119510e-03  -1.608220e-06
  6.952650e-04  -4.121720e-03   1.929670e-06
  6.952650e-04  -4.121720e-03  -1.929660e-06
  8.116340e-04  -4.124340e-03   2.253530e-06
  8.116340e-04  -4.124340e-03  -2.253530e-06
  9.282310e-04  -4.127360e-03   2.549470e-06
  9.282310e-04  -4.127360e-03  -2.549470e-06
 -9.804270e-04  -4.727430e-03  -2.415290e-06
 -9.804270e-04  -4.727430e-03   2.415290e-06
 -8.573060e-04  -4.724560e-03  -2.134920e-06
 -8.573060e-04  -4.724560e-03   2.134920e-06
 -7.344120e-04  -4.722090e-03  -1.828100e-06
 -7.344120e-04  -4.722090e-03   1.828110e-06
 -6.117120e-04  -4.719990e-03  -1.523570e-06
 -6.117120e-04  -4.719990e-03   1.523580e-06
 -4.891750e-04  -4.718280e-03  -1.218840e-06
 -4.891750e-04  -4.718280e-03   1.218850e-06
 -3.667680e-04  -4.716950e-03  -9.141340e-07
 -3.667680e-04  -4.716950e-03   9.141380e-07
 -2.444580e-04  -4.716000e-03  -6.094220e-07
 -2.444580e-04  -4.716000e-03   6.094260e-07
 -1.222130e-04  -4.715420e-03  -3.047100e-07
 -1.222130e-04  -4.715420e-03   3.047140e-07
  3.787140e-14  -4.715230e-03   1.825290e-12
 -3.693130e-14  -4.715230e-03   1.825280e-12
  1.222130e-04  -4.715420e-03   3.047140e-07
  1.222130e-04  -4.715420e-03  -3.047100e-07
  2.444580e-04  -4.716000e-03   6.094260e-07
  2.444580e-04  -4.716000e-03  -6.094220e-07
  3.667680e-04  -4.716950e-03   9.141380e-07
  3.667680e-04  -4.716950e-03  -9.141340e-07
  4.891750e-04  -4.718280e-03   1.218850e-06
  4.891750e-04  -4.718280e-03  -1.218840e-06
  6.117120e-04  -4.719990e-03   1.523580e-06
  6.117120e-04  -4.719990e-03  -1.523570e-06
  7.344120e-04  -4.722090e-03   1.828110e-06
  7.344120e-04  -4.722090e-03  -1.828100e-06
  8.573060e-04  -4.724560e-03   2.134920e-06
  8.573060e-04  -4.724560e-03  -2.134920e-06
  9.804270e-04  -4.727430e-03   2.415290e-06
  9.804270e-04  -4.727430e-03  -2.415290e-06
 -1.029800e-03  -5.359240e-03  -2.281100e-06
 -1.029800e-03  -5.359240e-03   2.281110e-06
 -9.005090e-04  -5.356530e-03  -2.016310e-06
 -9.005090e-04  -5.356530e-03   2.016320e-06
 -7.714430e-04  -5.354200e-03  -1.726540e-06
 -7.714430e-04  -5.354200e-03   1.726540e-06
 -6.425720e-04  -5.352220e-03  -1.438930e-06
 -6.425720e-04  -5.352220e-03   1.438930e-06
 -5.138630e-04  -5.350600e-03  -1.151130e-06
 -5.138630e-04  -5.350600e-03   1.151130e-06
 -3.852830e-04  -5.349340e-03  -8.633490e-07
 -3.852830e-04  -5.349340e-03   8.633530e-07
 -2.568010e-04  -5.348440e-03  -5.755650e-07
 -2.568010e-04  -5.348440e-03   5.755690e-07
 -1.283850e-04  -5.347900e-03  -2.877810e-07
 -1.283850e-04  -5.347900e-03   2.877860e-07
  3.957220e-14  -5.347720e-03   2.064350e-12
 -3.857470e-14  -5.347720e-03   2.064350e-12
  1.283850e-04  -5.347900e-03   2.877860e-07
  1.283850e-04  -5.347900e-03  -2.877810e-07
  2.568010e-04  -5.348440e-03   5.755690e-07
  2.568010e-04  -5.348440e-03  -5.755650e-07
  3.852830e-04  -5.349340e-03   8.633530e-07
  3.852830e-04  -5.349340e-03  -8.633490e-07
  5.138630e-04  -5.350600e-03   1.151130e-06
  5.138630e-04  -5.350600e-03  -1.151130e-06
  6.425720e-04  -5.352220e-03   1.438930e-06
  6.425720e-04  -5.352220e-03  -1.438930e-06
  7.714430e-04  -5.354200e-03   1.726540e-06
  7.714430e-04  -5.354200e-03  -1.726540e-06
  9.005090e-04  -5.356530e-03   2.016320e-06
  9.005090e-04  -5.356530e-03  -2.016310e-06
  1.029800e-03  -5.359240e-03   2.281110e-06
  1.029800e-03  -5.359240e-03  -2.281100e-06
 -1.076350e-03  -6.021020e-03  -2.146920e-06
 -1.076350e-03  -6.021020e-03   2.146920e-06
 -9.412430e-04  -6.018480e-03  -1.897710e-06
 -9.412430e-04  -6.018480e-03   1.897710e-06
 -8.063580e-04  -6.016280e-03  -1.624980e-06
 -8.063580e-04  -6.016280e-03   1.624980e-06
 -6.716670e-04  -6.014420e-03  -1.354290e-06
 -6.716670e-04  -6.014420e-03   1.354290e-06
 -5.371390e-04  -6.012890e-03  -1.083420e-06
 -5.371390e-04  -6.012890e-03   1.083420e-06
 -4.027410e-04  -6.011710e-03  -8.125630e-07
 -4.027410e-04  -6.011710e-03   8.125680e-07
 -2.684400e-04  -6.010860e-03  -5.417080e-07
 -2.684400e-04  -6.010860e-03   5.417120e-07
 -1.342040e-04  -6.010350e-03  -2.708530e-07
 -1.342040e-04  -6.010350e-03   2.708570e-07
  4.114900e-14  -6.010180e-03   2.313460e-12
 -4.007880e-14  -6.010180e-03   2.313450e-12
  1.342040e-04  -6.010350e-03   2.708570e-07
  1.342040e-04  -6.010350e-03  -2.708530e-07
  2.684400e-04  -6.010860e-03   5.417120e-07
  2.684400e-04  -6.010860e-03  -5.417080e-07
  4.027410e-04  -6.011710e-03   8.125680e-07
  4.027410e-04  -6.011710e-03  -8.125630e-07
  5.371390e-04  -6.012890e-03   1.083420e-06
  5.371390e-04  -6.012890e-03  -1.083420e-06
  6.716670e-04  -6.014420e-03   1.354290e-06
  6.716670e-04  -6.014420e-03  -1.354290e-06
  8.063580e-04  -6.016280e-03   1.624980e-06
  8.063580e-04  -6.016280e-03  -1.624980e-06
  9.412430e-04  -6.018480e-03   1.897710e-06
  9.412430e-04  -6.018480e-03  -1.897710e-06
  1.076350e-03  -6.021020e-03   2.146920e-06
  1.076350e-03  -6.021020e-03  -2.146920e-06
 -1.120090e-03  -6.711020e-03  -2.012740e-06
 -1.120090e-03  -6.711020e-03   2.012740e-06
 -9.795080e-04  -6.708640e-03  -1.779100e-06
 -9.795080e-04  -6.708640e-03   1.779100e-06
 -8.391570e-04  -6.706580e-03  -1.523420e-06
 -8.391570e-04  -6.706580e-03   1.523420e-06
 -6.990000e-04  -6.704830e-03  -1.269640e-06
 -6.990000e-04  -6.704830e-03   1.269650e-06
 -5.590050e-04  -6.703400e-03  -1.015700e-06
 -5.590050e-04  -6.703400e-03   1.015710e-06
 -4.191400e-04  -6.702290e-03  -7.617770e-07
 -4.191400e-04  -6.702290e-03   7.617830e-07
 -2.793730e-04  -6.701500e-03  -5.078510e-07
 -2.793730e-04  -6.701500e-03   5.078560e-07
 -1.396700e-04  -6.701020e-03  -2.539240e-07
 -1.396700e-04  -6.701020e-03   2.539290e-07
  4.259370e-14  -6.700860e-03   2.571770e-12
 -4.144880e-14  -6.700860e-03   2.571770e-12
  1.396700e-04  -6.701020e-03   2.539290e-07
  1.396700e-04  -6.701020e-03  -2.539240e-07
  2.793730e-04  -6.701500e-03   5.078560e-07
  2.793730e-04  -6.701500e-03  -5.078510e-07
  4.191400e-04  -6.702290e-03   7.617830e-07
  4.191400e-04  -6.702290e-03  -7.617770e-07
  5.590050e-04  -6.703400e-03   1.015710e-06
  5.590050e-04  -6.703400e-03  -1.015700e-06
  6.990000e-04  -6.704830e-03   1.269650e-06
  6.990000e-04  -6.704830e-03  -1.269640e-06
  8.391570e-04  -6.706580e-03   1.523420e-06
  8.391570e-04  -6.706580e-03  -1.523420e-06
  9.795080e-04  -6.708640e-03   1.779100e-06
  9.795080e-04  -6.708640e-03  -1.779100e-06
  1.120090e-03  -6.711020e-03   2.012740e-06
  1.120090e-03  -6.711020e-03  -2.012740e-06
 -1.161000e-03  -7.427470e-03  -1.878550e-06
 -1.161000e-03  -7.427470e-03   1.878560e-06
 -1.015300e-03  -7.425250e-03  -1.660490e-06
 -1.015300e-03  -7.425250e-03   1.660500e-06
 -8.698390e-04  -7.423320e-03  -1.421860e-06
 -8.698390e-04  -7.423320e-03   1.421860e-06
 -7.245690e-04  -7.421690e-03  -1.185000e-06
 -7.245690e-04  -7.421690e-03   1.185010e-06
 -5.794600e-04  -7.420360e-03  -9.479890e-07
 -5.794600e-04  -7.420360e-03   9.479950e-07
 -4.344820e-04  -7.419320e-03  -7.109920e-07
 -4.344820e-04  -7.419320e-03   7.109970e-07
 -2.896000e-04  -7.418580e-03  -4.739940e-07
 -2.896000e-04  -7.418580e-03   4.739990e-07
 -1.447840e-04  -7.418140e-03  -2.369950e-07
 -1.447840e-04  -7.418140e-03   2.370010e-07
  4.389330e-14  -7.417990e-03   2.838490e-12
 -4.270260e-14  -7.417990e-03   2.838480e-12
  1.447840e-04  -7.418140e-03   2.370010e-07
  1.447840e-04  -7.418140e-03  -2.369950e-07
  2.896000e-04  -7.418580e-03   4.739990e-07
  2.896000e-04  -7.418580e-03  -4.739940e-07
  4.344820e-04  -7.419320e-03   7.109970e-07
  4.344820e-04  -7.419320e-03  -7.109920e-07
  5.794600e-04  -7.420360e-03   9.479950e-07
  5.794600e-04  -7.420360e-03  -9.479890e-07
  7.245690e-04  -7.421690e-03   1.185010e-06
  7.245690e-04  -7.421690e-03  -1.185000e-06
  8.698390e-04  -7.423320e-03   1.421860e-06
  8.698390e-04  -7.423320e-03  -1.421860e-06
  1.015300e-03  -7.425250e-03   1.660500e-06
  1.015300e-03  -7.425250e-03  -1.660490e-06
  1.161000e-03  -7.427470e-03   1.878560e-06
  1.161000e-03  -7.427470e-03  -1.878550e-06
 -1.199090e-03  -8.168610e-03  -1.744370e-06
 -1.199090e-03  -8.168610e-03   1.744380e-06
 -1.048630e-03  -8.166550e-03  -1.541880e-06
 -1.048630e-03  -8.166550e-03   1.541890e-06
 -8.984060e-04  -8.164760e-03  -1.320290e-06
 -8.984060e-04  -8.164760e-03   1.320300e-06
 -7.483740e-04  -8.163250e-03  -1.100360e-06
 -7.483740e-04  -8.163250e-03   1.100360e-06
 -5.985050e-04  -8.162010e-03  -8.802750e-07
 -5.985050e-04  -8.162010e-03   8.802810e-07
 -4.487650e-04  -8.161040e-03  -6.602060e-07
 -4.487650e-04  -8.161040e-03   6.602120e-07
 -2.991230e-04  -8.160360e-03  -4.401360e-07
 -2.991230e-04  -8.160360e-03   4.401430e-07
 -1.495450e-04  -8.159940e-03  -2.200670e-07
 -1.495450e-04  -8.159940e-03   2.200730e-07
  4.506830e-14  -8.159810e-03   3.112770e-12
 -4.382850e-14  -8.159810e-03   3.112770e-12
  1.495450e-04  -8.159940e-03   2.200730e-07
  1.495450e-04  -8.159940e-03  -2.200670e-07
  2.991230e-04  -8.160360e-03   4.401430e-07
  2.991230e-04  -8.160360e-03  -4.401360e-07
  4.487650e-04  -8.161040e-03   6.602120e-07
  4.487650e-04  -8.161040e-03  -6.602060e-07
  5.985050e-04  -8.162010e-03   8.802810e-07
  5.985050e-04  -8.162010e-03  -8.802750e-07
  7.483740e-04  -8.163250e-03   1.100360e-06
  7.483740e-04  -8.163250e-03  -1.100360e-06
  8.984060e-04  -8.164760e-03   1.320300e-06
  8.984060e-04  -8.164760e-03  -1.320290e-06
  1.048630e-03  -8.166550e-03   1.541890e-06
  1.048630e-03  -8.166550e-03  -1.541880e-06
  1.199090e-03  -8.168610e-03   1.744380e-06
  1.199090e-03  -8.168610e-03  -1.744370e-06
 -1.234350e-03  -8.932680e-03  -1.610190e-06
 -1.234350e-03  -8.932680e-03   1.610200e-06
 -1.079490e-03  -8.930770e-03  -1.423280e-06
 -1.079490e-03  -8.930770e-03   1.423280e-06
 -9.248570e-04  -8.929120e-03  -1.218730e-06
 -9.248570e-04  -8.929120e-03   1.218740e-06
 -7.704170e-04  -8.927720e-03  -1.015710e-06
 -7.704170e-04  -8.927720e-03   1.015720e-06
 -6.161390e-04  -8.926580e-03  -8.125610e-07
 -6.161390e-04  -8.926580e-03   8.125680e-07
 -4.619900e-04  -8.925690e-03  -6.094210e-07
 -4.619900e-04  -8.925690e-03   6.094270e-07
 -3.079400e-04  -8.925050e-03  -4.062790e-07
 -3.079400e-04  -8.925050e-03   4.062860e-07
 -1.539540e-04  -8.924670e-03  -2.031380e-07
 -1.539540e-04  -8.924670e-03   2.031450e-07
  4.614580e-14  -8.924550e-03   3.393880e-12
 -4.482640e-14  -8.924550e-03   3.393880e-12
  1.539540e-04  -8.924670e-03   2.031450e-07
  1.539540e-04  -8.924670e-03  -2.031380e-07
  3.079400e-04  -8.925050e-03   4.062860e-07
  3.079400e-04  -8.925050e-03  -4.062790e-07
  4.619900e-04  -8.925690e-03   6.094270e-07
  4.619900e-04  -8.925690e-03  -6.094210e-07
  6.161390e-04  -8.926580e-03   8.125680e-07
  6.161390e-04  -8.926580e-03  -8.125610e-07
  7.704170e-04  -8.927720e-03   1.015720e-06
  7.704170e-04  -8.927720e-03  -1.015710e-06
  9.248570e-04  -8.929120e-03   1.218740e-06
  9.248570e-04  -8.929120e-03  -1.218730e-06
  1.079490e-03  -8.930770e-03   1.423280e-06
  1.079490e-03  -8.930770e-03  -1.423280e-06
  1.234350e-03  -8.932680e-03   1.610200e-06
  1.234350e-03  -8.932680e-03  -1.610190e-06
 -1.266800e-03  -9.717900e-03  -1.476010e-06
 -1.266800e-03  -9.717900e-03   1.476010e-06
 -1.107880e-03  -9.716150e-03  -1.304670e-06
 -1.107880e-03  -9.716150e-03   1.304680e-06
 -9.491910e-04  -9.714640e-03  -1.117170e-06
 -9.491910e-04  -9.714640e-03   1.117180e-06
 -7.906950e-04  -9.713360e-03  -9.310700e-07
 -7.906950e-04  -9.713360e-03   9.310770e-07
 -6.323620e-04  -9.712310e-03  -7.448470e-07
 -6.323620e-04  -9.712310e-03   7.448540e-07
 -4.741580e-04  -9.711490e-03  -5.586350e-07
 -4.741580e-04  -9.711490e-03   5.586420e-07
 -3.160510e-04  -9.710910e-03  -3.724220e-07
 -3.160510e-04  -9.710910e-03   3.724290e-07
 -1.580090e-04  -9.710560e-03  -1.862090e-07
 -1.580090e-04  -9.710560e-03   1.862170e-07
  4.709060e-14  -9.710450e-03   3.681140e-12
 -4.572660e-14  -9.710450e-03   3.681130e-12
  1.580090e-04  -9.710560e-03   1.862170e-07
  1.580090e-04  -9.710560e-03  -1.862090e-07
  3.160510e-04  -9.710910e-03   3.724290e-07
  3.160510e-04  -9.710910e-03  -3.724220e-07
  4.741580e-04  -9.711490e-03   5.586420e-07
  4.741580e-04  -9.711490e-03  -5.586350e-07
  6.323620e-04  -9.712310e-03   7.448540e-07
  6.323620e-04  -9.712310e-03  -7.448470e-07
  7.906950e-04  -9.713360e-03   9.310770e-07
  7.906950e-04  -9.713360e-03  -9.310690e-07
  9.491910e-04  -9.714640e-03   1.117180e-06
  9.491910e-04  -9.714640e-03  -1.117170e-06
  1.107880e-03  -9.716150e-03   1.304680e-06
  1.107880e-03  -9.716150e-03  -1.304670e-06
  1.266800e-03  -9.717900e-03   1.476010e-06
  1.266800e-03  -9.717900e-03  -1.476010e-06
 -1.296420e-03  -1.052250e-02  -1.341820e-06
 -1.296420e-03  -1.052250e-02   1.341830e-06
 -1.133800e-03  -1.052090e-02  -1.186060e-06
 -1.133800e-03  -1.052090e-02   1.186070e-06
 -9.714100e-04  -1.051960e-02  -1.015610e-06
 -9.714100e-04  -1.051960e-02   1.015620e-06
 -8.092110e-04  -1.051840e-02  -8.464260e-07
 -8.092110e-04  -1.051840e-02   8.464340e-07
 -6.471740e-04  -1.051740e-02  -6.771330e-07
 -6.471740e-04  -1.051740e-02   6.771410e-07
 -4.852670e-04  -1.051670e-02  -5.078490e-07
 -4.852670e-04  -1.051670e-02   5.078570e-07
 -3.234570e-04  -1.051620e-02  -3.385650e-07
 -3.234570e-04  -1.051620e-02   3.385730e-07
 -1.617120e-04  -1.051590e-02  -1.692800e-07
 -1.617120e-04  -1.051590e-02   1.692880e-07
  4.792410e-14  -1.051570e-02   3.973790e-12
 -4.652460e-14  -1.051570e-02   3.973790e-12
  1.617120e-04  -1.051590e-02   1.692880e-07
  1.617120e-04  -1.051590e-02  -1.692800e-07
  3.234570e-04  -1.051620e-02   3.385730e-07
  3.234570e-04  -1.051620e-02  -3.385650e-07
  4.852670e-04  -1.051670e-02   5.078570e-07
  4.852670e-04  -1.051670e-02  -5.078490e-07
  6.471740e-04  -1.051740e-02   6.771410e-07
  6.471740e-04  -1.051740e-02  -6.771330e-07
  8.092110e-04  -1.051840e-02   8.464340e-07
  8.092110e-04  -1.051840e-02  -8.464260e-07
  9.714100e-04  -1.051960e-02   1.015620e-06
  9.714100e-04  -1.051960e-02  -1.015610e-06
  1.133800e-03  -1.052090e-02   1.186070e-06
  1.133800e-03  -1.052090e-02  -1.186060e-06
  1.296420e-03  -1.052250e-02   1.341830e-06
  1.296420e-03  -1.052250e-02  -1.341820e-06
 -1.323230e-03  -1.134480e-02  -1.207640e-06
 -1.323230e-03  -1.134480e-02   1.207650e-06
 -1.157260e-03  -1.134330e-02  -1.067460e-06
 -1.157260e-03  -1.134330e-02   1.067470e-06
 -9.915130e-04  -1.134210e-02  -9.140480e-07
 -9.915130e-04  -1.134210e-02   9.140560e-07
 -8.259630e-04  -1.134110e-02  -7.617830e-07
 -8.259630e-04  -1.134110e-02   7.617910e-07
 -6.605760e-04  -1.134020e-02  -6.094190e-07
 -6.605760e-04  -1.134020e-02   6.094280e-07
 -4.953180e-04  -1.133950e-02  -4.570640e-07
 -4.953180e-04  -1.133950e-02   4.570720e-07
 -3.301580e-04  -1.133910e-02  -3.047080e-07
 -3.301580e-04  -1.133910e-02   3.047160e-07
 -1.650630e-04  -1.133880e-02  -1.523520e-07
 -1.650630e-04  -1.133880e-02   1.523600e-07
  4.866480e-14  -1.133870e-02   4.271270e-12
 -4.721750e-14  -1.133870e-02   4.271260e-12
  1.650630e-04  -1.133880e-02   1.523600e-07
  1.650630e-04  -1.133880e-02  -1.523520e-07
  3.301580e-04  -1.133910e-02   3.047160e-07
  3.301580e-04  -1.133910e-02  -3.047080e-07
  4.953180e-04  -1.133950e-02   4.570720e-07
  4.953180e-04  -1.133950e-02  -4.570640e-07
  6.605760e-04  -1.134020e-02   6.094280e-07
  6.605760e-04  -1.134020e-02  -6.094190e-07
  8.259630e-04  -1.134110e-02   7.617910e-07
  8.259630e-04  -1.134110e-02  -7.617830e-07
  9.915130e-04  -1.134210e-02   9.140560e-07
  9.915130e-04  -1.134210e-02  -9.140480e-07
  1.157260e-03  -1.134330e-02   1.067470e-06
  1.157260e-03  -1.134330e-02  -1.067460e-06
  1.323230e-03  -1.134480e-02   1.207650e-06
  1.323230e-03  -1.134480e-02  -1.207640e-06
 -1.347210e-03  -1.218290e-02  -1.073460e-06
 -1.347210e-03  -1.218290e-02   1.073470e-06
 -1.178240e-03  -1.218160e-02  -9.488480e-07
 -1.178240e-03  -1.218160e-02   9.488570e-07
 -1.009500e-03  -1.218050e-02  -8.124860e-07
 -1.009500e-03  -1.218050e-02   8.124950e-07
 -8.409520e-04  -1.217960e-02  -6.771400e-07
 -8.409520e-04  -1.217960e-02   6.771490e-07
 -6.725670e-04  -1.217880e-02  -5.417050e-07
 -6.725670e-04  -1.217880e-02   5.417140e-07
 -5.043110e-04  -1.217820e-02  -4.062780e-07
 -5.043110e-04  -1.217820e-02   4.062870e-07
 -3.361540e-04  -1.217780e-02  -2.708500e-07
 -3.361540e-04  -1.217780e-02   2.708600e-07
 -1.680610e-04  -1.217760e-02  -1.354230e-07
 -1.680610e-04  -1.217760e-02   1.354320e-07
  4.931740e-14  -1.217750e-02   4.572890e-12
 -4.781080e-14  -1.217750e-02   4.572890e-12
  1.680610e-04  -1.217760e-02   1.354320e-07
  1.680610e-04  -1.217760e-02  -1.354230e-07
  3.361540e-04  -1.217780e-02   2.708600e-07
  3.361540e-04  -1.217780e-02  -2.708500e-07
  5.043110e-04  -1.217820e-02   4.062870e-07
  5.043110e-04  -1.217820e-02  -4.062780e-07
  6.725670e-04  -1.217880e-02   5.417140e-07
  6.725670e-04  -1.217880e-02  -5.417050e-07
  8.409520e-04  -1.217960e-02   6.771490e-07
  8.409520e-04  -1.217960e-02  -6.771390e-07
  1.009500e-03  -1.218050e-02   8.124950e-07
  1.009500e-03  -1.218050e-02  -8.124860e-07
  1.178240e-03  -1.218160e-02   9.488570e-07
  1.178240e-03  -1.218160e-02  -9.488480e-07
  1.347210e-03  -1.218290e-02   1.073470e-06
  1.347210e-03  -1.218290e-02  -1.073460e-06
 -1.368370e-03  -1.303510e-02  -9.392670e-07
 -1.368370e-03  -1.303510e-02   9.392760e-07
 -1.196760e-03  -1.303400e-02  -8.302460e-07
 -1.196760e-03  -1.303400e-02   8.302550e-07
 -1.025370e-03  -1.303310e-02  -7.109250e-07
 -1.025370e-03  -1.303310e-02   7.109350e-07
 -8.541770e-04  -1.303220e-02  -5.924970e-07
 -8.541770e-04  -1.303220e-02   5.925060e-07
 -6.831470e-04  -1.303160e-02  -4.739920e-07
 -6.831470e-04  -1.303160e-02   4.740020e-07
 -5.122470e-04  -1.303110e-02  -3.554940e-07
 -5.122470e-04  -1.303110e-02   3.555030e-07
 -3.414440e-04  -1.303070e-02  -2.369940e-07
 -3.414440e-04  -1.303070e-02   2.370040e-07
 -1.707060e-04  -1.303050e-02  -1.184950e-07
 -1.707060e-04  -1.303050e-02   1.185040e-07
  4.989750e-14  -1.303040e-02   4.878180e-12
 -4.833580e-14  -1.303040e-02   4.878180e-12
  1.707060e-04  -1.303050e-02   1.185040e-07
  1.707060e-04  -1.303050e-02  -1.184950e-07
  3.414440e-04  -1.303070e-02   2.370040e-07
  3.414440e-04  -1.303070e-02  -2.369940e-07
  5.122470e-04  -1.303110e-02   3.555030e-07
  5.122470e-04  -1.303110e-02  -3.554930e-07
  6.831470e-04  -1.303160e-02   4.740020e-07
  6.831470e-04  -1.303160e-02  -4.739920e-07
  8.541770e-04  -1.303220e-02   5.925060e-07
  8.541770e-04  -1.303220e-02  -5.924970e-07
  1.025370e-03  -1.303310e-02   7.109350e-07
  1.025370e-03  -1.303310e-02  -7.109250e-07
  1.196760e-03  -1.303400e-02   8.302550e-07
  1.196760e-03  -1.303400e-02  -8.302460e-07
  1.368370e-03  -1.303510e-02   9.392760e-07
  1.368370e-03  -1.303510e-02  -9.392670e-07
 -1.386710e-03  -1.389970e-02  -8.051200e-07
 -1.386710e-03  -1.389970e-02   8.051310e-07
 -1.212800e-03  -1.389870e-02  -7.116270e-07
 -1.212800e-03  -1.389870e-02   7.116370e-07
 -1.039120e-03  -1.389790e-02  -6.093610e-07
 -1.039120e-03  -1.389790e-02   6.093710e-07
 -8.656390e-04  -1.389720e-02  -5.078520e-07
 -8.656390e-04  -1.389720e-02   5.078630e-07
 -6.923170e-04  -1.389670e-02  -4.062750e-07
 -6.923170e-04  -1.389670e-02   4.062860e-07
 -5.191240e-04  -1.389620e-02  -3.047040e-07
 -5.191240e-04  -1.389620e-02   3.047140e-07
 -3.460280e-04  -1.389590e-02  -2.031330e-07
 -3.460280e-04  -1.389590e-02   2.031430e-07
 -1.729980e-04  -1.389570e-02  -1.015640e-07
 -1.729980e-04  -1.389570e-02   1.015740e-07
  5.035890e-14  -1.389560e-02   5.186670e-12
 -4.876710e-14  -1.389560e-02   5.186670e-12
  1.729980e-04  -1.389570e-02   1.015740e-07
  1.729980e-04  -1.389570e-02  -1.015640e-07
  3.460280e-04  -1.389590e-02   2.031430e-07
  3.460280e-04  -1.389590e-02  -2.031330e-07
  5.191240e-04  -1.389620e-02   3.047140e-07
  5.191240e-04  -1.389620e-02  -3.047040e-07
  6.923170e-04  -1.389670e-02   4.062860e-07
  6.923170e-04  -1.389670e-02  -4.062750e-07
  8.656390e-04  -1.389720e-02   5.078630e-07
  8.656390e-04  -1.389720e-02  -5.078520e-07
  1.039120e-03  -1.389790e-02   6.093710e-07
  1.039120e-03  -1.389790e-02  -6.093600e-07
  1.212800e-03  -1.389870e-02   7.116370e-07
  1.212800e-03  -1.389870e-02  -7.116270e-07
  1.386710e-03  -1.389970e-02   8.051310e-07
  1.386710e-03  -1.389970e-02  -8.051200e-07
 -1.402230e-03  -1.477490e-02  -6.708200e-07
 -1.402230e-03  -1.477490e-02   6.708310e-07
 -1.226380e-03  -1.477410e-02  -5.930660e-07
 -1.226380e-03  -1.477410e-02   5.930770e-07
 -1.050760e-03  -1.477340e-02  -5.078270e-07
 -1.050760e-03  -1.477340e-02   5.078380e-07
 -8.753380e-04  -1.477280e-02  -4.232190e-07
 -8.753380e-04  -1.477280e-02   4.232300e-07
 -7.000750e-04  -1.477230e-02  -3.385630e-07
 -7.000750e-04  -1.477230e-02   3.385740e-07
 -5.249430e-04  -1.477190e-02  -2.539180e-07
 -5.249430e-04  -1.477190e-02   2.539290e-07
 -3.499080e-04  -1.477170e-02  -1.692760e-07
 -3.499080e-04  -1.477170e-02   1.692870e-07
 -1.749380e-04  -1.477150e-02  -8.463530e-08
 -1.749380e-04  -1.477150e-02   8.464630e-08
  5.070200e-14  -1.477150e-02   5.497500e-12
 -4.908040e-14  -1.477150e-02   5.497500e-12
  1.749380e-04  -1.477150e-02   8.464630e-08
  1.749380e-04  -1.477150e-02  -8.463530e-08
  3.499080e-04  -1.477170e-02   1.692870e-07
  3.499080e-04  -1.477170e-02  -1.692760e-07
  5.249430e-04  -1.477190e-02   2.539290e-07
  5.249430e-04  -1.477190e-02  -2.539180e-07
  7.000750e-04  -1.477230e-02   3.385740e-07
  7.000750e-04  -1.477230e-02  -3.385630e-07
  8.753380e-04  -1.477280e-02   4.232300e-07
  8.753380e-04  -1.477280e-02  -4.232190e-07
  1.050760e-03  -1.477340e-02   5.078380e-07
  1.050760e-03  -1.477340e-02  -5.078270e-07
  1.226380e-03  -1.477410e-02   5.930770e-07
  1.226380e-03  -1.477410e-02  -5.930660e-07
  1.402230e-03  -1.477490e-02   6.708310e-07
  1.402230e-03  -1.477490e-02  -6.708200e-07
 -1.414920e-03  -1.565880e-02  -5.370460e-07
 -1.414920e-03  -1.565880e-02   5.370580e-07
 -1.237490e-03  -1.565820e-02  -4.743090e-07
 -1.237490e-03  -1.565820e-02   4.743200e-07
 -1.060280e-03  -1.565760e-02  -4.060830e-07
 -1.060280e-03  -1.565760e-02   4.060950e-07
 -8.832730e-04  -1.565720e-02  -3.384500e-07
 -8.832730e-04  -1.565720e-02   3.384620e-07
 -7.064240e-04  -1.565680e-02  -2.707910e-07
 -7.064240e-04  -1.565680e-02   2.708030e-07
 -5.297050e-04  -1.565650e-02  -2.031210e-07
 -5.297050e-04  -1.565650e-02   2.031330e-07
 -3.530830e-04  -1.565630e-02  -1.354280e-07
 -3.530830e-04  -1.565630e-02   1.354390e-07
 -1.765250e-04  -1.565620e-02  -6.771600e-08
 -1.765250e-04  -1.565620e-02   6.772760e-08
  5.092350e-14  -1.565610e-02   5.810100e-12
 -4.930760e-14  -1.565610e-02   5.810090e-12
  1.765250e-04  -1.565620e-02   6.772760e-08
  1.765250e-04  -1.565620e-02  -6.771600e-08
  3.530830e-04  -1.565630e-02   1.354390e-07
  3.530830e-04  -1.565630e-02  -1.354280e-07
  5.297050e-04  -1.565650e-02   2.031330e-07
  5.297050e-04  -1.565650e-02  -2.031210e-07
  7.064240e-04  -1.565680e-02   2.708030e-07
  7.064240e-04  -1.565680e-02  -2.707910e-07
  8.832730e-04  -1.565720e-02   3.384620e-07
  8.832730e-04  -1.565720e-02  -3.384500e-07
  1.060280e-03  -1.565760e-02   4.060950e-07
  1.060280e-03  -1.565760e-02  -4.060830e-07
  1.237490e-03  -1.565820e-02   4.743210e-07
  1.237490e-03  -1.565820e-02  -4.743090e-07
  1.414920e-03  -1.565880e-02   5.370580e-07
  1.414920e-03  -1.565880e-02  -5.370460e-07
 -1.424790e-03  -1.654990e-02  -4.007560e-07
 -1.424790e-03  -1.654990e-02   4.007680e-07
 -1.246130e-03  -1.654940e-02  -3.554410e-07
 -1.246130e-03  -1.654940e-02   3.554530e-07
 -1.067690e-03  -1.654900e-02  -3.049180e-07
 -1.067690e-03  -1.654900e-02   3.049300e-07
 -8.894490e-04  -1.654860e-02  -2.544070e-07
 -8.894490e-04  -1.654860e-02   2.544190e-07
 -7.113670e-04  -1.654830e-02  -2.036450e-07
 -7.113670e-04  -1.654830e-02   2.036570e-07
 -5.334140e-04  -1.654810e-02  -1.527760e-07
 -5.334140e-04  -1.654810e-02   1.527880e-07
 -3.555560e-04  -1.654790e-02  -1.018600e-07
 -3.555560e-04  -1.654790e-02   1.018720e-07
 -1.777620e-04  -1.654790e-02  -5.092820e-08
 -1.777620e-04  -1.654790e-02   5.094050e-08
  5.105080e-14  -1.654780e-02   6.123780e-12
 -4.945370e-14  -1.654780e-02   6.123770e-12
  1.777620e-04  -1.654790e-02   5.094050e-08
  1.777620e-04  -1.654790e-02  -5.092820e-08
  3.555560e-04  -1.654790e-02   1.018720e-07
  3.555560e-04  -1.654790e-02  -1.018600e-07
  5.334140e-04  -1.654810e-02   1.527880e-07
  5.334140e-04  -1.654810e-02  -1.527760e-07
  7.113670e-04  -1.654830e-02   2.036570e-07
  7.113670e-04  -1.654830e-02  -2.036450e-07
  8.894490e-04  -1.654860e-02   2.544190e-07
  8.894490e-04  -1.654860e-02  -2.544070e-07
  1.067690e-03  -1.654900e-02   3.049300e-07
  1.067690e-03  -1.654900e-02  -3.049180e-07
  1.246130e-03  -1.654940e-02   3.554530e-07
  1.246130e-03  -1.654940e-02  -3.554410e-07
  1.424790e-03  -1.654990e-02   4.007680e-07
  1.424790e-03  -1.654990e-02  -4.007560e-07
 -1.431830e-03  -1.744620e-02  -2.720540e-07
 -1.431830e-03  -1.744620e-02   2.720660e-07
 -1.252310e-03  -1.744580e-02  -2.390530e-07
 -1.252310e-03  -1.744580e-02   2.390660e-07
 -1.072990e-03  -1.744550e-02  -2.035250e-07
 -1.072990e-03  -1.744550e-02   2.035380e-07
 -8.938550e-04  -1.744530e-02  -1.687750e-07
 -8.938550e-04  -1.744530e-02   1.687880e-07
 -7.148800e-04  -1.744510e-02  -1.344390e-07
 -7.148800e-04  -1.744510e-02   1.344520e-07
 -5.360390e-04  -1.744500e-02  -1.004780e-07
 -5.360390e-04  -1.744500e-02   1.004910e-07
 -3.573010e-04  -1.744490e-02  -6.681120e-08
 -3.573010e-04  -1.744490e-02   6.682410e-08
 -1.786330e-04  -1.744490e-02  -3.334980e-08
 -1.786330e-04  -1.744490e-02   3.336260e-08
  5.112030e-14  -1.744480e-02   6.438120e-12
 -4.953720e-14  -1.744480e-02   6.438120e-12
  1.786330e-04  -1.744490e-02   3.336260e-08
  1.786330e-04  -1.744490e-02  -3.334980e-08
  3.573010e-04  -1.744490e-02   6.682410e-08
  3.573010e-04  -1.744490e-02  -6.681120e-08
  5.360390e-04  -1.744500e-02   1.004910e-07
  5.360390e-04  -1.744500e-02  -1.004780e-07
  7.148800e-04  -1.744510e-02   1.344520e-07
  7.148800e-04  -1.744510e-02  -1.344390e-07
  8.938550e-04  -1.744530e-02   1.687880e-07
  8.938550e-04  -1.744530e-02  -1.687750e-07
  1.072990e-03  -1.744550e-02   2.035380e-07
  1.072990e-03  -1.744550e-02  -2.035250e-07
  1.252310e-03  -1.744580e-02   2.390660e-07
  1.252310e-03  -1.744580e-02  -2.390530e-07
  1.431830e-03  -1.744620e-02   2.720670e-07
  1.431830e-03  -1.744620e-02  -2.720540e-07
 -1.436260e-03  -1.834590e-02  -1.505840e-07
 -1.436260e-03  -1.834590e-02   1.505970e-07
 -1.256060e-03  -1.834580e-02  -1.296240e-07
 -1.256060e-03  -1.834580e-02   1.296370e-07
 -1.076100e-03  -1.834570e-02  -1.095330e-07
 -1.076100e-03  -1.834570e-02   1.095470e-07
 -8.963760e-04  -1.834560e-02  -8.915320e-08
 -8.963760e-04  -1.834560e-02   8.916670e-08
 -7.168510e-04  -1.834560e-02  -6.956450e-08
 -7.168510e-04  -1.834560e-02   6.957800e-08
 -5.374910e-04  -1.834550e-02  -5.099080e-08
 -5.374910e-04  -1.834550e-02   5.100420e-08
 -3.582570e-04  -1.834550e-02  -3.337960e-08
 -3.582570e-04  -1.834550e-02   3.339310e-08
 -1.791070e-04  -1.834550e-02  -1.649360e-08
 -1.791070e-04  -1.834550e-02   1.650710e-08
  5.114540e-14  -1.834550e-02   6.752790e-12
 -4.955890e-14  -1.834550e-02   6.752800e-12
  1.791070e-04  -1.834550e-02   1.650710e-08
  1.791070e-04  -1.834550e-02  -1.649360e-08
  3.582570e-04  -1.834550e-02   3.339310e-08
  3.582570e-04  -1.834550e-02  -3.337960e-08
  5.374910e-04  -1.834550e-02   5.100430e-08
  5.374910e-04  -1.834550e-02  -5.099070e-08
  7.168510e-04  -1.834560e-02   6.957800e-08
  7.168510e-04  -1.834560e-02  -6.956450e-08
  8.963760e-04  -1.834560e-02   8.916670e-08
  8.963760e-04  -1.834560e-02  -8.915320e-08
  1.076100e-03  -1.834570e-02   1.095470e-07
  1.076100e-03  -1.834570e-02  -1.095330e-07
  1.256060e-03  -1.834580e-02   1.296370e-07
  1.256060e-03  -1.834580e-02  -1.296240e-07
  1.436260e-03  -1.834590e-02   1.505970e-07
  1.436260e-03  -1.834590e-02  -1.505840e-07
 -1.438140e-03  -1.924900e-02  -1.473140e-08
 -1.438140e-03  -1.924900e-02   1.474550e-08
 -1.257580e-03  -1.924880e-02   1.481480e-08
 -1.257580e-03  -1.924880e-02  -1.480080e-08
 -1.077350e-03  -1.924850e-02   4.713830e-08
 -1.077350e-03  -1.924850e-02  -4.712420e-08
 -8.973980e-04  -1.924810e-02   5.950430e-08
 -8.973980e-04  -1.924810e-02  -5.949020e-08
 -7.176600e-04  -1.924780e-02   5.989460e-08
 -7.176600e-04  -1.924780e-02  -5.988050e-08
 -5.380950e-04  -1.924750e-02   5.165270e-08
 -5.380950e-04  -1.924750e-02  -5.163860e-08
 -3.586590e-04  -1.924730e-02   3.750580e-08
 -3.586590e-04  -1.924730e-02  -3.749170e-08
 -1.793080e-04  -1.924720e-02   1.965130e-08
 -1.793080e-04  -1.924720e-02  -1.963720e-08
  5.116570e-14  -1.924720e-02   7.067490e-12
 -4.954220e-14  -1.924720e-02   7.067500e-12
  1.793080e-04  -1.924720e-02  -1.963720e-08
  1.793080e-04  -1.924720e-02   1.965140e-08
  3.586590e-04  -1.924730e-02  -3.749160e-08
  3.586590e-04  -1.924730e-02   3.750580e-08
  5.380950e-04  -1.924750e-02  -5.163860e-08
  5.380950e-04  -1.924750e-02   5.165280e-08
  7.176600e-04  -1.924780e-02  -5.988050e-08
  7.176600e-04  -1.924780e-02   5.989460e-08
  8.973980e-04  -1.924810e-02  -5.949010e-08
  8.973980e-04  -1.924810e-02   5.950430e-08
  1.077350e-03  -1.924850e-02  -4.712410e-08
  1.077350e-03  -1.924850e-02   4.713830e-08
  1.257580e-03  -1.924880e-02  -1.480070e-08
  1.257580e-03  -1.924880e-02   1.481490e-08
  1.438140e-03  -1.924900e-02   1.474550e-08
  1.438140e-03  -1.924900e-02  -1.473130e-08

CELL_DATA 512
SCALARS Sigma_X float 1
LOOKUP_TABLE default
 -5.499730e+07
 -4.639840e+07
 -3.863430e+07
 -3.128960e+07
 -2.417400e+07
 -1.719170e+07
 -1.028750e+07
 -3.424830e+06
  3.424830e+06
  1.028750e+07
  1.719170e+07
  2.417400e+07
  3.128960e+07
  3.863430e+07
  4.639840e+07
  5.499730e+07
 -5.046810e+07
 -4.489040e+07
 -3.840080e+07
 -3.155800e+07
 -2.458560e+07
 -1.756950e+07
 -1.054210e+07
 -3.513880e+06
  3.513880e+06
  1.054210e+07
  1.756950e+07
  2.458560e+07
  3.155800e+07
  3.840080e+07
  4.489040e+07
  5.046810e+07
 -5.003370e+07
 -4.310920e+07
 -3.655170e+07
 -3.000870e+07
 -2.341290e+07
 -1.676260e+07
 -1.007280e+07
 -3.360070e+06
  3.360070e+06
  1.007280e+07
  1.676260e+07
  2.341290e+07
  3.000870e+07
  3.655170e+07
  4.310920e+07
  5.003370e+07
 -4.827440e+07
 -4.185170e+07
 -3.537280e+07
 -2.891700e+07
 -2.248460e+07
 -1.606110e+07
 -9.638070e+06
 -3.213040e+06
  3.213040e+06
  9.638070e+06
  1.606110e+07
  2.248460e+07
  2.891700e+07
  3.537280e+07
  4.185170e+07
  4.827440e+07
 -4.657680e+07
 -4.033950e+07
 -3.414400e+07
 -2.793510e+07
 -2.172290e+07
 -1.551280e+07
 -9.306040e+06
 -3.101730e+06
  3.101730e+06
  9.306040e+06
  1.551280e+07
  2.172290e+07
  2.793510e+07
  3.414400e+07
  4.033950e+07
  4.657680e+07
 -4.487970e+07
 -3.887810e+07
 -3.289620e+07
 -2.691580e+07
 -2.093570e+07
 -1.495460e+07
 -8.972930e+06
 -2.990990e+06
  2.990990e+06
  8.972930e+06
  1.495460e+07
  2.093570e+07
  2.691580e+07
  3.289620e+07
  3.887810e+07
  4.487970e+07
 -4.318650e+07
 -3.741000e+07
 -3.165680e+07
 -2.590060e+07
 -2.014480e+07
 -1.438920e+07
 -8.633590e+06
 -2.877880e+06
  2.877880e+06
  8.633590e+06
  1.438920e+07
  2.014480e+07
  2.590060e+07
  3.165680e+07
  3.741000e+07
  4.318650e+07
 -4.149310e+07
 -3.594320e+07
 -3.041480e+07
 -2.488480e+07
 -1.935490e+07
 -1.382490e+07
 -8.294900e+06
 -2.764960e+06
  2.764960e+06
  8.294900e+06
  1.382490e+07
  1.935490e+07
  2.488480e+07
  3.041480e+07
  3.594320e+07
  4.149310e+07
 -3.979950e+07
 -3.447610e+07
 -2.917350e+07
 -2.386910e+07
 -1.856480e+07
 -1.326060e+07
 -7.956370e+06
 -2.652130e+06
  2.652130e+06
  7.956370e+06
  1.326060e+07
  1.856480e+07
  2.386910e+07
  2.917350e+07
  3.447610e+07
  3.979950e+07
 -3.810590e+07
 -3.300900e+07
 -2.793210e+07
 -2.285340e+07
 -1.777490e+07
 -1.269630e+07
 -7.617800e+06
 -2.539270e+06
  2.539270e+06
  7.617800e+06
  1.269630e+07
  1.777490e+07
  2.285340e+07
  2.793210e+07
  3.300900e+07
  3.810590e+07
 -3.641230e+07
 -3.154190e+07
 -2.669060e+07
 -2.183770e+07
 -1.698490e+07
 -1.213210e+07
 -7.279230e+06
 -2.426410e+06
  2.426410e+06
  7.279230e+06
  1.213210e+07
  1.698490e+07
  2.183770e+07
  2.669060e+07
  3.154190e+07
  3.641230e+07
 -3.471870e+07
 -3.007490e+07
 -2.544920e+07
 -2.082200e+07
 -1.619490e+07
 -1.156780e+07
 -6.940660e+06
 -2.313550e+06
  2.313550e+06
  6.940660e+06
  1.156780e+07
  1.619490e+07
  2.082200e+07
  2.544920e+07
  3.007490e+07
  3.471870e+07
 -3.302510e+07
 -2.860780e+07
 -2.420780e+07
 -1.980630e+07
 -1.540490e+07
 -1.100350e+07
 -6.602090e+06
 -2.200700e+06
  2.200700e+06
  6.602090e+06
  1.100350e+07
  1.540490e+07
  1.980630e+07
  2.420780e+07
  2.860780e+07
  3.302510e+07
 -3.133150e+07
 -2.714070e+07
 -2.296640e+07
 -1.879060e+07
 -1.461490e+07
 -1.043920e+07
 -6.263520e+06
 -2.087840e+06
  2.087840e+06
  6.263520e+06
  1.043920e+07
  1.461490e+07
  1.879060e+07
  2.296640e+07
  2.714070e+07
  3.133150e+07
 -2.963790e+07
 -2.567370e+07
 -2.172490e+07
 -1.777490e+07
 -1.382490e+07
 -9.874920e+06
 -5.924950e+06
 -1.974980e+06
  1.974980e+06
  5.924950e+06
  9.874920e+06
  1.382490e+07
  1.777490e+07
  2.172490e+07
  2.567370e+07
  2.963790e+07
 -2.794430e+07
 -2.420660e+07
 -2.048350e+07
 -1.675910e+07
 -1.303490e+07
 -9.310640e+06
 -5.586390e+06
 -1.862130e+06
  1.862130e+06
  5.586390e+06
  9.310640e+06
  1.303490e+07
  1.675910e+07
  2.048350e+07
  2.420660e+07
  2.794430e+07
 -2.625070e+07
 -2.273950e+07
 -1.924210e+07
 -1.574340e+07
 -1.224490e+07
 -8.746360e+06
 -5.247820e+06
 -1.749270e+06
  1.749270e+06
  5.247820e+06
  8.746360e+06
  1.224490e+07
  1.574340e+07
  1.924210e+07
  2.273950e+07
  2.625070e+07
 -2.455710e+07
 -2.127250e+07
 -1.800070e+07
 -1.472770e+07
 -1.145490e+07
 -8.182080e+06
 -4.909250e+06
 -1.636420e+06
  1.636420e+06
  4.909250e+06
  8.182080e+06
  1.145490e+07
  1.472770e+07
  1.800070e+07
  2.127250e+07
  2.455710e+07
 -2.286350e+07
 -1.980540e+07
 -1.675920e+07
 -1.371200e+07
 -1.066490e+07
 -7.617800e+06
 -4.570680e+06
 -1.523560e+06
  1.523560e+06
  4.570680e+06
  7.617800e+06
  1.066490e+07
  1.371200e+07
  1.675920e+07
  1.980540e+07
  2.286350e+07
 -2.116990e+07
 -1.833830e+07
 -1.551780e+07
 -1.269630e+07
 -9.874930e+06
 -7.053520e+06
 -4.232110e+06
 -1.410700e+06
  1.410700e+06
  4.232110e+06
  7.053520e+06
  9.874930e+06
  1.269630e+07
  1.551780e+07
  1.833830e+07
  2.116990e+07
 -1.947630e+07
 -1.687130e+07
 -1.427640e+07
 -1.168060e+07
 -9.084930e+06
 -6.489240e+06
 -3.893540e+06
 -1.297850e+06
  1.297850e+06
  3.893540e+06
  6.489240e+06
  9.084930e+06
  1.168060e+07
  1.427640e+07
  1.687130e+07
  1.947630e+07
 -1.778270e+07
 -1.540420e+07
 -1.303500e+07
 -1.066490e+07
 -8.294940e+06
 -5.924950e+06
 -3.554970e+06
 -1.184990e+06
  1.184990e+06
  3.554970e+06
  5.924950e+06
  8.294940e+06
  1.066490e+07
  1.303500e+07
  1.540420e+07
  1.778270e+07
 -1.608910e+07
 -1.393710e+07
 -1.179350e+07
 -9.649210e+06
 -7.504940e+06
 -5.360670e+06
 -3.216400e+06
 -1.072130e+06
  1.072130e+06
  3.216400e+06
  5.360670e+06
  7.504940e+06
  9.649210e+06
  1.179350e+07
  1.393710e+07
  1.608910e+07
 -1.439550e+07
 -1.247010e+07
 -1.055210e+07
 -8.633500e+06
 -6.714950e+06
 -4.796390e+06
 -2.877830e+06
 -9.592780e+05
  9.592780e+05
  2.877830e+06
  4.796390e+06
  6.714950e+06
  8.633500e+06
  1.055210e+07
  1.247010e+07
  1.439550e+07
 -1.270200e+07
 -1.100300e+07
 -9.310690e+06
 -7.617800e+06
 -5.924960e+06
 -4.232110e+06
 -2.539270e+06
 -8.464230e+05
  8.464230e+05
  2.539270e+06
  4.232110e+06
  5.924960e+06
  7.617800e+06
  9.310690e+06
  1.100300e+07
  1.270200e+07
 -1.100840e+07
 -9.535950e+06
 -8.069240e+06
 -6.602080e+06
 -5.134960e+06
 -3.667830e+06
 -2.200700e+06
 -7.335650e+05
  7.335650e+05
  2.200700e+06
  3.667830e+06
  5.134960e+06
  6.602080e+06
  8.069240e+06
  9.535950e+06
  1.100840e+07
 -9.314870e+06
 -8.068830e+06
 -6.827880e+06
 -5.586370e+06
 -4.344870e+06
 -3.103420e+06
 -1.862030e+06
 -6.206710e+05
  6.206710e+05
  1.862030e+06
  3.103420e+06
  4.344870e+06
  5.586370e+06
  6.827880e+06
  8.068830e+06
  9.314870e+06
 -7.620990e+06
 -6.602110e+06
 -5.586270e+06
 -4.570490e+06
 -3.555000e+06
 -2.539480e+06
 -1.523800e+06
 -5.079550e+05
  5.079550e+05
  1.523800e+06
  2.539480e+06
  3.555000e+06
  4.570490e+06
  5.586270e+06
  6.602110e+06
  7.620990e+06
 -5.926100e+06
 -5.131740e+06
 -4.344820e+06
 -3.557290e+06
 -2.768350e+06
 -1.978140e+06
 -1.187150e+06
 -3.957540e+05
  3.957540e+05
  1.187150e+06
  1.978140e+06
  2.768350e+06
  3.557290e+06
  4.344820e+06
  5.131740e+06
  5.926100e+06
 -4.224380e+06
 -3.675480e+06
 -3.111910e+06
 -2.542220e+06
 -1.972640e+06
 -1.405730e+06
 -8.419060e+05
 -2.803600e+05
  2.803600e+05
  8.419060e+05
  1.405730e+06
  1.972640e+06
  2.542220e+06
  3.111910e+06
  3.675480e+06
  4.224380e+06
 -2.644600e+06
 -2.221400e+06
 -1.824540e+06
 -1.454750e+06
 -1.107970e+06
 -7.789650e+05
 -4.624580e+05
 -1.533390e+05
  1.533390e+05
  4.624580e+05
  7.789650e+05
  1.107970e+06
  1.454750e+06
  1.824540e+06
  2.221400e+06
  2.644600e+06
 -9.721670e+05
 -7.316950e+05
 -5.621560e+05
 -4.276070e+05
 -3.150900e+05
 -2.165520e+05
 -1.267380e+05
 -4.173260e+04
  4.173260e+04
  1.267380e+05
  2.165520e+05
  3.150900e+05
  4.276070e+05
  5.621560e+05
  7.316950e+05
  9.721670e+05
SCALARS Sigma_Y float 1
LOOKUP_TABLE default
 -1.021350e+07
 -8.818660e+06
 -7.561540e+06
 -6.289610e+06
 -4.964800e+06
 -3.587130e+06
 -2.168850e+06
 -7.257190e+05
  7.257190e+05
  2.168850e+06
  3.587130e+06
  4.964800e+06
  6.289610e+06
  7.561540e+06
  8.818660e+06
  1.021350e+07
  2.122490e+06
  1.203840e+06
  6.560530e+05
  3.201560e+05
  1.237280e+05
  2.401250e+04
 -1.072230e+04
 -7.709070e+03
  7.709070e+03
  1.072230e+04
 -2.401250e+04
 -1.237280e+05
 -3.201560e+05
 -6.560530e+05
 -1.203840e+06
 -2.122490e+06
 -4.304260e+05
 -9.692220e+03
  1.379480e+05
  1.730340e+05
  1.585830e+05
  1.218980e+05
  7.558030e+04
  2.550990e+04
 -2.550990e+04
 -7.558030e+04
 -1.218980e+05
 -1.585830e+05
 -1.730340e+05
 -1.379480e+05
  9.692220e+03
  4.304260e+05
  7.605330e+04
 -3.232670e+04
 -2.500430e+04
  4.863720e+02
  1.815200e+04
  2.349000e+04
  1.845640e+04
  6.888030e+03
 -6.888030e+03
 -1.845640e+04
 -2.349000e+04
 -1.815200e+04
 -4.863720e+02
  2.500430e+04
  3.232670e+04
 -7.605330e+04
 -1.285180e+04
  1.090620e+04
 -7.109750e+02
 -9.280230e+03
 -1.133960e+04
 -9.473240e+03
 -5.973520e+03
 -2.013250e+03
  2.013250e+03
  5.973520e+03
  9.473240e+03
  1.133960e+04
  9.280230e+03
  7.109750e+02
 -1.090620e+04
  1.285180e+04
  2.299300e+03
 -3.071810e+03
  7.642600e+02
  1.648050e+03
  7.993780e+02
 -1.029910e+02
 -4.252000e+02
 -2.097750e+02
  2.097750e+02
  4.252000e+02
  1.029910e+02
 -7.993780e+02
 -1.648050e+03
 -7.642600e+02
  3.071810e+03
 -2.299300e+03
 -3.876690e+02
  7.053920e+02
 -4.375510e+02
 -3.423160e+02
  5.364550e+01
  2.567640e+02
  2.366990e+02
  9.112730e+01
 -9.112730e+01
 -2.366990e+02
 -2.567640e+02
 -5.364550e+01
  3.423160e+02
  4.375510e+02
 -7.053920e+02
  3.876690e+02
  5.716120e+01
 -1.310320e+02
  1.916900e+02
  1.074910e+02
  1.239080e+01
 -7.878430e+00
  4.984080e-01
  2.460830e+00
 -2.460830e+00
 -4.984130e-01
  7.878430e+00
 -1.239090e+01
 -1.074910e+02
 -1.916900e+02
  1.310320e+02
 -5.716120e+01
 -9.048790e+00
  2.356530e+01
 -5.277070e+01
 -1.366480e+01
  3.224910e+00
 -3.194880e+00
 -8.440870e+00
 -4.297450e+00
  4.297450e+00
  8.440870e+00
  3.194880e+00
 -3.224910e+00
  1.366480e+01
  5.277070e+01
 -2.356530e+01
  9.048790e+00
  1.755640e+00
 -4.393970e+00
  1.153240e+01
 -2.260390e+00
 -3.670390e+00
  4.563630e-01
  2.309300e+00
  1.139230e+00
 -1.139240e+00
 -2.309300e+00
 -4.563600e-01
  3.670400e+00
  2.260390e+00
 -1.153240e+01
  4.393970e+00
 -1.755640e+00
 -3.424380e-01
  6.553020e-01
 -2.656150e+00
  1.249320e+00
  6.960460e-01
 -5.484790e-01
 -7.297890e-01
 -2.852870e-01
  2.852840e-01
  7.297890e-01
  5.484810e-01
 -6.960430e-01
 -1.249320e+00
  2.656150e+00
 -6.553090e-01
  3.424390e-01
  7.116000e-02
 -4.402040e-02
  6.380610e-01
 -3.550490e-01
 -2.067300e-03
  2.470320e-01
  1.653830e-01
  4.294450e-02
 -4.293890e-02
 -1.653820e-01
 -2.470370e-01
  2.068920e-03
  3.550490e-01
 -6.380570e-01
  4.402450e-02
 -7.115900e-02
 -1.929550e-02
 -9.673040e-03
 -1.374740e-01
  1.038990e-01
 -2.699840e-02
 -5.549770e-02
 -8.577130e-03
  6.391180e-03
 -6.375170e-03
  8.582020e-03
  5.550240e-02
  2.700040e-02
 -1.038990e-01
  1.374800e-01
  9.676660e-03
  1.930170e-02
  5.851180e-03
  5.163500e-03
  2.671090e-02
 -2.844020e-02
  1.294630e-02
  9.667850e-03
 -6.443330e-03
 -5.351410e-03
  5.368240e-03
  6.454740e-03
 -9.655260e-03
 -1.293730e-02
  2.843990e-02
 -2.670630e-02
 -5.159570e-03
 -5.854260e-03
 -1.760090e-03
 -1.659380e-03
 -4.967050e-03
  6.695270e-03
 -5.324540e-03
 -1.858500e-03
  2.599070e-03
  1.617230e-03
 -1.607720e-03
 -2.593760e-03
  1.869060e-03
  5.327820e-03
 -6.682100e-03
  4.970520e-03
  1.660240e-03
  1.757580e-03
  5.479960e-04
  4.179240e-04
  8.317280e-04
 -1.524790e-03
  1.724110e-03
  2.635620e-04
 -7.155260e-04
 -3.477180e-04
  3.341710e-04
  6.895490e-04
 -2.752010e-04
 -1.738670e-03
  1.520340e-03
 -8.450030e-04
 -4.226320e-04
 -5.417490e-04
 -2.531850e-04
 -7.536400e-05
 -2.124660e-04
  4.043500e-04
 -5.385580e-04
 -2.532820e-05
  1.711890e-04
  5.832660e-05
 -6.222810e-05
 -1.955440e-04
 -2.475690e-06
  5.249070e-04
 -4.323710e-04
  1.941710e-04
  7.477360e-05
  2.497980e-04
  3.680760e-04
 -1.667360e-04
  3.627050e-04
 -4.657380e-04
  2.215790e-04
  4.889960e-05
 -1.415020e-04
 -6.060380e-05
  8.993400e-05
  1.541890e-04
 -3.600240e-05
 -2.252590e-04
  4.563560e-04
 -3.827940e-04
  1.400130e-04
 -3.817390e-04
 -1.264150e-03
  7.451960e-04
 -1.701260e-03
  1.517270e-03
 -4.922440e-05
 -3.389000e-04
  2.032210e-04
  2.164830e-04
 -1.913210e-04
 -1.969990e-04
  3.469200e-04
  5.561930e-05
 -1.517930e-03
  1.680840e-03
 -7.676490e-04
  1.252440e-03
  4.640390e-03
 -3.580090e-03
  7.790510e-03
 -4.622680e-03
 -3.324500e-04
  2.647350e-03
  1.509130e-03
  2.699890e-04
 -2.835480e-04
 -1.523220e-03
 -2.655380e-03
  3.288940e-04
  4.613900e-03
 -7.788880e-03
  3.591320e-03
 -4.643150e-03
 -1.805110e-02
  1.886770e-02
 -3.101220e-02
  1.556980e-02
  7.050800e-03
 -9.219390e-03
 -1.062180e-02
 -3.970710e-03
  3.992540e-03
  1.064530e-02
  9.224090e-03
 -7.068060e-03
 -1.558900e-02
  3.101630e-02
 -1.886730e-02
  1.805770e-02
  7.485300e-02
 -9.846390e-02
  1.068090e-01
 -6.575570e-02
 -7.561960e-02
 -1.113170e-02
  2.111780e-02
  1.195590e-02
 -1.192020e-02
 -2.107120e-02
  1.113710e-02
  7.563080e-02
  6.574990e-02
 -1.068120e-01
  9.846700e-02
 -7.485000e-02
 -2.982980e-01
  4.331180e-01
 -4.774160e-01
  5.006760e-02
  2.432650e-01
  9.404220e-02
 -3.964670e-02
 -3.508150e-02
  3.509600e-02
  3.966230e-02
 -9.405400e-02
 -2.432790e-01
 -5.006260e-02
  4.774250e-01
 -4.331340e-01
  2.982920e-01
  1.163590e+00
 -1.822900e+00
  2.321450e+00
  1.330970e+00
  2.647410e-01
  1.887550e-01
  3.284240e-01
  1.711090e-01
 -1.711160e-01
 -3.284320e-01
 -1.887550e-01
 -2.647710e-01
 -1.330980e+00
 -2.321450e+00
  1.822900e+00
 -1.163600e+00
 -5.525730e+00
  9.279360e+00
 -5.748620e+00
 -4.843600e+00
  8.822650e-04
  2.265610e+00
  2.001020e+00
  7.261760e-01
 -7.261720e-01
 -2.001020e+00
 -2.265610e+00
 -8.970200e-04
  4.843560e+00
  5.748600e+00
 -9.279370e+00
  5.525730e+00
  2.878700e+01
 -4.571610e+01
 -3.417950e+00
 -4.345620e-01
 -1.783330e+01
 -2.925420e+01
 -2.571960e+01
 -1.004960e+01
  1.004970e+01
  2.571960e+01
  2.925420e+01
  1.783330e+01
  4.345590e-01
  3.417940e+00
  4.571610e+01
 -2.878700e+01
 -1.289430e+02
  1.675150e+02
  2.269840e+01
 -6.638630e+01
 -6.411170e+01
 -2.811380e+01
 -2.008870e+00
  2.611900e+00
 -2.611900e+00
  2.008920e+00
  2.811390e+01
  6.411170e+01
  6.638640e+01
 -2.269840e+01
 -1.675150e+02
  1.289430e+02
  5.922250e+02
 -5.462470e+02
 -1.198210e+02
  4.922350e+02
  8.393170e+02
  8.568940e+02
  6.164570e+02
  2.222260e+02
 -2.222260e+02
 -6.164570e+02
 -8.568940e+02
 -8.393170e+02
 -4.922350e+02
  1.198210e+02
  5.462470e+02
 -5.922250e+02
 -3.450320e+03
  1.936460e+03
  3.219420e+03
  2.600880e+03
  1.467800e+03
  5.397380e+02
  6.240860e+01
 -2.840850e+01
  2.840860e+01
 -6.240850e+01
 -5.397380e+02
 -1.467800e+03
 -2.600880e+03
 -3.219420e+03
 -1.936460e+03
  3.450320e+03
  1.794650e+04
  1.107400e+03
 -1.203480e+04
 -1.961150e+04
 -2.165220e+04
 -1.899120e+04
 -1.282600e+04
 -4.515590e+03
  4.515590e+03
  1.282600e+04
  1.899120e+04
  2.165220e+04
  1.961150e+04
  1.203480e+04
 -1.107400e+03
 -1.794650e+04
 -6.932930e+04
 -8.045200e+04
 -7.603280e+04
 -6.440490e+04
 -4.999930e+04
 -3.510150e+04
 -2.066340e+04
 -6.806740e+03
  6.806740e+03
  2.066340e+04
  3.510150e+04
  4.999930e+04
  6.440490e+04
  7.603280e+04
  8.045200e+04
  6.932930e+04
  3.036200e+05
  4.307950e+05
  4.829330e+05
  4.743280e+05
  4.174860e+05
  3.239360e+05
  2.045760e+05
  6.988640e+04
 -6.988640e+04
 -2.045760e+05
 -3.239360e+05
 -4.174860e+05
 -4.743280e+05
 -4.829330e+05
 -4.307950e+05
 -3.036200e+05
SCALARS Sigma_Z float 1
LOOKUP_TABLE default
 -9.972710e+06
 -8.125420e+06
 -6.634040e+06
 -5.313610e+06
 -4.078410e+06
 -2.889080e+06
 -1.724970e+06
 -5.736770e+05
  5.736770e+05
  1.724970e+06
  2.889080e+06
  4.078410e+06
  5.313610e+06
  6.634040e+06
  8.125420e+06
  9.972710e+06
  2.168010e+06
  1.542870e+06
  1.159760e+06
  8.983660e+05
  6.808810e+05
  4.806230e+05
  2.868810e+05
  9.544260e+04
 -9.544260e+04
 -2.868810e+05
 -4.806230e+05
 -6.808810e+05
 -8.983660e+05
 -1.159760e+06
 -1.542870e+06
 -2.168010e+06
 -6.128840e+05
 -2.643790e+05
 -2.008060e+05
 -1.688400e+05
 -1.404840e+05
 -1.063010e+05
 -6.628790e+04
 -2.251740e+04
  2.251740e+04
  6.628790e+04
  1.063010e+05
  1.404840e+05
  1.688400e+05
  2.008060e+05
  2.643790e+05
  6.128840e+05
  4.059000e+04
  4.730150e+04
  4.497450e+04
  5.025130e+04
  4.670570e+04
  3.676840e+04
  2.318090e+04
  7.888670e+03
 -7.888670e+03
 -2.318090e+04
 -3.676840e+04
 -4.670570e+04
 -5.025130e+04
 -4.497450e+04
 -4.730150e+04
 -4.059000e+04
 -9.137890e+04
 -4.689080e+02
 -1.285080e+04
 -1.361060e+04
 -1.135730e+04
 -7.874270e+03
 -4.477400e+03
 -1.438110e+03
  1.438110e+03
  4.477400e+03
  7.874270e+03
  1.135730e+04
  1.361060e+04
  1.285080e+04
  4.689080e+02
  9.137890e+04
 -6.128110e+04
  7.014800e+03
  2.898980e+03
  3.116700e+03
  1.937730e+03
  9.847640e+02
  4.102460e+02
  1.063930e+02
 -1.063930e+02
 -4.102460e+02
 -9.847640e+02
 -1.937730e+03
 -3.116700e+03
 -2.898980e+03
 -7.014800e+03
  6.128110e+04
 -6.478580e+04
  5.224360e+03
 -1.398060e+03
 -6.297270e+02
 -3.401040e+02
 -1.482910e+02
 -6.577100e+01
 -1.986230e+01
  1.986230e+01
  6.577100e+01
  1.482910e+02
  3.401040e+02
  6.297270e+02
  1.398060e+03
 -5.224360e+03
  6.478580e+04
 -6.102710e+04
  5.360360e+03
 -2.195760e+02
  1.774500e+02
  6.203660e+01
  4.431110e+01
  3.317490e+01
  1.301040e+01
 -1.301040e+01
 -3.317490e+01
 -4.431110e+01
 -6.203660e+01
 -1.774500e+02
  2.195760e+02
 -5.360360e+03
  6.102710e+04
 -5.878110e+04
  5.061720e+03
 -4.963010e+02
  1.570140e+01
 -1.338820e+01
 -1.134360e+01
 -1.090240e+01
 -4.422240e+00
  4.422240e+00
  1.090240e+01
  1.134360e+01
  1.338820e+01
 -1.570140e+01
  4.963010e+02
 -5.061720e+03
  5.878110e+04
 -5.622760e+04
  4.867200e+03
 -4.073970e+02
  3.875650e+01
 -1.749650e+00
  3.246730e+00
  2.784200e+00
  1.092180e+00
 -1.092180e+00
 -2.784190e+00
 -3.246730e+00
  1.749650e+00
 -3.875650e+01
  4.073970e+02
 -4.867200e+03
  5.622760e+04
 -5.374030e+04
  4.645240e+03
 -4.046740e+02
  3.467400e+01
 -3.402660e+00
 -6.029190e-01
 -6.801460e-01
 -2.172900e-01
  2.172910e-01
  6.801480e-01
  6.029210e-01
  3.402660e+00
 -3.467400e+01
  4.046740e+02
 -4.645240e+03
  5.374030e+04
 -5.123820e+04
  4.430640e+03
 -3.824280e+02
  3.305210e+01
 -2.711720e+00
  4.738720e-01
  9.437010e-02
  2.730510e-02
 -2.730490e-02
 -9.436960e-02
 -4.738720e-01
  2.711720e+00
 -3.305210e+01
  3.824280e+02
 -4.430640e+03
  5.123820e+04
 -4.873930e+04
  4.214150e+03
 -3.645160e+02
  3.153940e+01
 -2.774740e+00
  1.868570e-01
 -2.904420e-02
  5.264280e-03
 -5.260360e-03
  2.904500e-02
 -1.868550e-01
  2.774740e+00
 -3.153940e+01
  3.645160e+02
 -4.214150e+03
  4.873930e+04
 -4.623970e+04
  3.998130e+03
 -3.456680e+02
  2.987980e+01
 -2.568460e+00
  2.328720e-01
 -2.160610e-02
 -7.536890e-04
  7.539090e-04
  2.160410e-02
 -2.328720e-01
  2.568460e+00
 -2.987980e+01
  3.456680e+02
 -3.998130e+03
  4.623970e+04
 -4.374030e+04
  3.781990e+03
 -3.270140e+02
  2.827750e+01
 -2.449630e+00
  2.096950e-01
 -1.714920e-02
  2.450670e-03
 -2.449320e-03
  1.714820e-02
 -2.096950e-01
  2.449630e+00
 -2.827750e+01
  3.270140e+02
 -3.781990e+03
  4.374030e+04
 -4.124090e+04
  3.565880e+03
 -3.083220e+02
  2.665830e+01
 -2.303710e+00
  1.995250e-01
 -1.756540e-02
  1.486390e-03
 -1.486190e-03
  1.756210e-02
 -1.995240e-01
  2.303710e+00
 -2.665830e+01
  3.083220e+02
 -3.565880e+03
  4.124090e+04
 -3.874140e+04
  3.349770e+03
 -2.896370e+02
  2.504360e+01
 -2.165740e+00
  1.872310e-01
 -1.611350e-02
  1.538200e-03
 -1.536060e-03
  1.611240e-02
 -1.872320e-01
  2.165740e+00
 -2.504360e+01
  2.896370e+02
 -3.349770e+03
  3.874140e+04
 -3.624200e+04
  3.133650e+03
 -2.709500e+02
  2.342730e+01
 -2.025520e+00
  1.751570e-01
 -1.524780e-02
  1.380540e-03
 -1.381040e-03
  1.524350e-02
 -1.751590e-01
  2.025520e+00
 -2.342730e+01
  2.709500e+02
 -3.133650e+03
  3.624200e+04
 -3.374250e+04
  2.917540e+03
 -2.522650e+02
  2.181320e+01
 -1.885970e+00
  1.629330e-01
 -1.390900e-02
  1.476400e-03
 -1.475890e-03
  1.390550e-02
 -1.629350e-01
  1.885970e+00
 -2.181320e+01
  2.522650e+02
 -2.917540e+03
  3.374250e+04
 -3.124310e+04
  2.701420e+03
 -2.335750e+02
  2.019160e+01
 -1.747120e+00
  1.518520e-01
 -1.291630e-02
  1.074900e-03
 -1.066870e-03
  1.292150e-02
 -1.518480e-01
  1.747120e+00
 -2.019160e+01
  2.335750e+02
 -2.701420e+03
  3.124310e+04
 -2.874360e+04
  2.485330e+03
 -2.149050e+02
  1.859670e+01
 -1.599710e+00
  1.358140e-01
 -1.560720e-02
  4.662610e-06
 -4.531180e-06
  1.561030e-02
 -1.358130e-01
  1.599710e+00
 -1.859670e+01
  2.149050e+02
 -2.485330e+03
  2.874360e+04
 -2.624410e+04
  2.269120e+03
 -1.961500e+02
  1.690920e+01
 -1.511840e+00
  1.239580e-01
  1.720630e-03
  7.325800e-03
 -7.327610e-03
 -1.715410e-03
 -1.239610e-01
  1.511850e+00
 -1.690920e+01
  1.961500e+02
 -2.269120e+03
  2.624410e+04
 -2.374500e+04
  2.053430e+03
 -1.777420e+02
  1.548540e+01
 -1.136640e+00
  1.772080e-01
 -3.281760e-02
 -1.883670e-02
  1.883590e-02
  3.282260e-02
 -1.772100e-01
  1.136640e+00
 -1.548540e+01
  1.777420e+02
 -2.053430e+03
  2.374500e+04
 -2.124450e+04
  1.835380e+03
 -1.579590e+02
  1.373800e+01
 -1.643720e+00
 -1.448200e-01
  4.646050e-03
  4.594120e-02
 -4.593980e-02
 -4.645220e-03
  1.448240e-01
  1.643710e+00
 -1.373800e+01
  1.579590e+02
 -1.835380e+03
  2.124450e+04
 -1.875030e+04
  1.627550e+03
 -1.426630e+02
  1.106860e+01
  3.138640e-01
  1.892590e+00
  1.115480e+00
  3.432160e-01
 -3.432100e-01
 -1.115480e+00
 -1.892580e+00
 -3.138610e-01
 -1.106860e+01
  1.426630e+02
 -1.627550e+03
  1.875030e+04
 -1.622080e+04
  1.378080e+03
 -1.195630e+02
  1.229350e+01
 -8.596960e+00
 -1.255580e+01
 -1.062300e+01
 -4.029580e+00
  4.029590e+00
  1.062300e+01
  1.255580e+01
  8.596960e+00
 -1.229350e+01
  1.195630e+02
 -1.378080e+03
  1.622080e+04
 -1.384700e+04
  1.303920e+03
 -7.660680e+01
 -1.092890e+00
 -3.322090e-01
  1.763610e+01
  2.082660e+01
  8.962840e+00
 -8.962840e+00
 -2.082660e+01
 -1.763620e+01
  3.322060e-01
  1.092890e+00
  7.660680e+01
 -1.303920e+03
  1.384700e+04
 -1.085660e+04
  5.112150e+02
 -3.156190e+02
  4.774240e+01
  1.678870e+02
  1.772050e+02
  1.224030e+02
  4.274990e+01
 -4.274990e+01
 -1.224030e+02
 -1.772040e+02
 -1.678870e+02
 -4.774240e+01
  3.156190e+02
 -5.112150e+02
  1.085660e+04
 -1.129010e+04
  1.834250e+03
  1.401550e+03
  9.100670e+02
  2.927930e+02
 -7.344130e+01
 -1.699750e+02
 -7.860220e+01
  7.860220e+01
  1.699750e+02
  7.344130e+01
 -2.927930e+02
 -9.100670e+02
 -1.401550e+03
 -1.834250e+03
  1.129010e+04
  5.396690e+03
  6.511590e+02
 -5.534170e+03
 -7.259120e+03
 -6.926980e+03
 -5.466980e+03
 -3.445740e+03
 -1.172250e+03
  1.172250e+03
  3.445740e+03
  5.466980e+03
  6.926980e+03
  7.259120e+03
  5.534170e+03
 -6.511590e+02
 -5.396690e+03
 -2.283830e+04
 -8.793910e+03
  8.399870e+02
  6.210790e+03
  8.108630e+03
  7.465840e+03
  5.124090e+03
  1.812910e+03
 -1.812910e+03
 -5.124090e+03
 -7.465840e+03
 -8.108630e+03
 -6.210790e+03
 -8.399870e+02
  8.793910e+03
  2.283830e+04
  7.958740e+04
  8.696140e+04
  6.830450e+04
  5.336270e+04
  3.975430e+04
  2.745460e+04
  1.609520e+04
  5.302210e+03
 -5.302210e+03
 -1.609520e+04
 -2.745460e+04
 -3.975430e+04
 -5.336270e+04
 -6.830450e+04
 -8.696140e+04
 -7.958740e+04
SCALARS Tau_XY float 1
LOOKUP_TABLE default
 -2.610480e+06
 -2.183150e+06
 -1.594790e+06
 -1.032690e+06
 -5.620830e+05
 -2.045000e+05
  3.424760e+04
  1.534500e+05
  1.534500e+05
  3.424760e+04
 -2.045000e+05
 -5.620830e+05
 -1.032690e+06
 -1.594790e+06
 -2.183150e+06
 -2.610480e+06
  7.495180e+05
 -1.670950e+05
 -7.909840e+05
 -1.201730e+06
 -1.465990e+06
 -1.630330e+06
 -1.725100e+06
 -1.768290e+06
 -1.768290e+06
 -1.725100e+06
 -1.630330e+06
 -1.465990e+06
 -1.201730e+06
 -7.909840e+05
 -1.670950e+05
  7.495180e+05
 -3.279760e+05
 -3.877300e+05
 -6.327220e+05
 -9.206890e+05
 -1.184760e+06
 -1.395110e+06
 -1.539110e+06
 -1.611900e+06
 -1.611900e+06
 -1.539110e+06
 -1.395110e+06
 -1.184760e+06
 -9.206890e+05
 -6.327220e+05
 -3.877300e+05
 -3.279760e+05
 -1.988520e+05
 -5.695440e+05
 -8.199780e+05
 -1.021370e+06
 -1.189510e+06
 -1.322630e+06
 -1.415280e+06
 -1.462830e+06
 -1.462830e+06
 -1.415280e+06
 -1.322630e+06
 -1.189510e+06
 -1.021370e+06
 -8.199780e+05
 -5.695440e+05
 -1.988520e+05
 -2.121560e+05
 -5.194950e+05
 -7.997620e+05
 -1.029030e+06
 -1.207440e+06
 -1.338660e+06
 -1.425200e+06
 -1.468260e+06
 -1.468260e+06
 -1.425200e+06
 -1.338660e+06
 -1.207440e+06
 -1.029030e+06
 -7.997620e+05
 -5.194950e+05
 -2.121560e+05
 -2.100740e+05
 -5.276610e+05
 -7.958400e+05
 -1.021350e+06
 -1.202710e+06
 -1.338750e+06
 -1.429240e+06
 -1.474380e+06
 -1.474380e+06
 -1.429240e+06
 -1.338750e+06
 -1.202710e+06
 -1.021350e+06
 -7.958400e+05
 -5.276610e+05
 -2.100740e+05
 -2.098140e+05
 -5.255820e+05
 -7.970990e+05
 -1.022680e+06
 -1.203080e+06
 -1.338540e+06
 -1.428970e+06
 -1.474230e+06
 -1.474230e+06
 -1.428970e+06
 -1.338540e+06
 -1.203080e+06
 -1.022680e+06
 -7.970990e+05
 -5.255820e+05
 -2.098140e+05
 -2.100430e+05
 -5.260560e+05
 -7.967610e+05
 -1.022560e+06
 -1.203180e+06
 -1.338590e+06
 -1.428840e+06
 -1.473960e+06
 -1.473960e+06
 -1.428840e+06
 -1.338590e+06
 -1.203180e+06
 -1.022560e+06
 -7.967610e+05
 -5.260560e+05
 -2.100430e+05
 -2.099860e+05
 -5.260050e+05
 -7.968890e+05
 -1.022570e+06
 -1.203130e+06
 -1.338570e+06
 -1.428850e+06
 -1.474000e+06
 -1.474000e+06
 -1.428850e+06
 -1.338570e+06
 -1.203130e+06
 -1.022570e+06
 -7.968890e+05
 -5.260050e+05
 -2.099860e+05
 -2.100000e+05
 -5.260060e+05
 -7.968540e+05
 -1.022580e+06
 -1.203140e+06
 -1.338570e+06
 -1.428850e+06
 -1.474000e+06
 -1.474000e+06
 -1.428850e+06
 -1.338570e+06
 -1.203140e+06
 -1.022580e+06
 -7.968540e+05
 -5.260060e+05
 -2.100000e+05
 -2.099950e+05
 -5.260060e+05
 -7.968610e+05
 -1.022570e+06
 -1.203140e+06
 -1.338570e+06
 -1.428860e+06
 -1.474000e+06
 -1.474000e+06
 -1.428860e+06
 -1.338570e+06
 -1.203140e+06
 -1.022570e+06
 -7.968610e+05
 -5.260060e+05
 -2.099950e+05
 -2.099970e+05
 -5.260060e+05
 -7.968600e+05
 -1.022570e+06
 -1.203140e+06
 -1.338570e+06
 -1.428860e+06
 -1.474000e+06
 -1.474000e+06
 -1.428860e+06
 -1.338570e+06
 -1.203140e+06
 -1.022570e+06
 -7.968600e+05
 -5.260060e+05
 -2.099970e+05
 -2.099960e+05
 -5.260060e+05
 -7.968600e+05
 -1.022570e+06
 -1.203140e+06
 -1.338570e+06
 -1.428860e+06
 -1.474000e+06
 -1.474000e+06
 -1.428860e+06
 -1.338570e+06
 -1.203140e+06
 -1.022570e+06
 -7.968600e+05
 -5.260060e+05
 -2.099960e+05
 -2.099960e+05
 -5.260060e+05
 -7.968600e+05
 -1.022570e+06
 -1.203140e+06
 -1.338570e+06
 -1.428860e+06
 -1.474000e+06
 -1.474000e+06
 -1.428860e+06
 -1.338570e+06
 -1.203140e+06
 -1.022570e+06
 -7.968600e+05
 -5.260060e+05
 -2.099960e+05
 -2.099960e+05
 -5.260060e+05
 -7.968600e+05
 -1.022570e+06
 -1.203140e+06
 -1.338570e+06
 -1.428860e+06
 -1.474000e+06
 -1.474000e+06
 -1.428860e+06
 -1.338570e+06
 -1.203140e+06
 -1.022570e+06
 -7.968600e+05
 -5.260060e+05
 -2.099960e+05
 -2.099960e+05
 -5.260060e+05
 -7.968600e+05
 -1.022570e+06
 -1.203140e+06
 -1.338570e+06
 -1.428860e+06
 -1.474000e+06
 -1.474000e+06
 -1.428860e+06
 -1.338570e+06
 -1.203140e+06
 -1.022570e+06
 -7.968600e+05
 -5.260060e+05
 -2.099960e+05
 -2.099960e+05
 -5.260060e+05
 -7.968600e+05
 -1.022570e+06
 -1.203140e+06
 -1.338570e+06
 -1.428860e+06
 -1.474000e+06
 -1.474000e+06
 -1.428860e+06
 -1.338570e+06
 -1.203140e+06
 -1.022570e+06
 -7.968600e+05
 -5.260060e+05
 -2.099960e+05
 -2.099960e+05
 -5.260060e+05
 -7.968600e+05
 -1.022570e+06
 -1.203140e+06
 -1.338570e+06
 -1.428860e+06
 -1.474000e+06
 -1.474000e+06
 -1.428860e+06
 -1.338570e+06
 -1.203140e+06
 -1.022570e+06
 -7.968600e+05
 -5.260060e+05
 -2.099960e+05
 -2.099960e+05
 -5.260060e+05
 -7.968600e+05
 -1.022570e+06
 -1.203140e+06
 -1.338570e+06
 -1.428860e+06
 -1.474000e+06
 -1.474000e+06
 -1.428860e+06
 -1.338570e+06
 -1.203140e+06
 -1.022570e+06
 -7.968600e+05
 -5.260060e+05
 -2.099960e+05
 -2.099960e+05
 -5.260060e+05
 -7.968600e+05
 -1.022570e+06
 -1.203140e+06
 -1.338570e+06
 -1.428860e+06
 -1.474000e+06
 -1.474000e+06
 -1.428860e+06
 -1.338570e+06
 -1.203140e+06
 -1.022570e+06
 -7.968600e+05
 -5.260060e+05
 -2.099960e+05
 -2.099960e+05
 -5.260060e+05
 -7.968600e+05
 -1.022570e+06
 -1.203140e+06
 -1.338570e+06
 -1.428860e+06
 -1.474000e+06
 -1.474000e+06
 -1.428860e+06
 -1.338570e+06
 -1.203140e+06
 -1.022570e+06
 -7.968600e+05
 -5.260060e+05
 -2.099960e+05
 -2.099960e+05
 -5.260060e+05
 -7.968600e+05
 -1.022570e+06
 -1.203140e+06
 -1.338570e+06
 -1.428860e+06
 -1.474000e+06
 -1.474000e+06
 -1.428860e+06
 -1.338570e+06
 -1.203140e+06
 -1.022570e+06
 -7.968600e+05
 -5.260060e+05
 -2.099960e+05
 -2.099960e+05
 -5.260060e+05
 -7.968600e+05
 -1.022570e+06
 -1.203140e+06
 -1.338570e+06
 -1.428860e+06
 -1.474000e+06
 -1.474000e+06
 -1.428860e+06
 -1.338570e+06
 -1.203140e+06
 -1.022570e+06
 -7.968600e+05
 -5.260060e+05
 -2.099960e+05
 -2.099960e+05
 -5.260060e+05
 -7.968610e+05
 -1.022570e+06
 -1.203140e+06
 -1.338570e+06
 -1.428850e+06
 -1.474000e+06
 -1.474000e+06
 -1.428850e+06
 -1.338570e+06
 -1.203140e+06
 -1.022570e+06
 -7.968610e+05
 -5.260060e+05
 -2.099960e+05
 -2.099970e+05
 -5.260110e+05
 -7.968570e+05
 -1.022570e+06
 -1.203140e+06
 -1.338570e+06
 -1.428850e+06
 -1.473990e+06
 -1.473990e+06
 -1.428850e+06
 -1.338570e+06
 -1.203140e+06
 -1.022570e+06
 -7.968570e+05
 -5.260110e+05
 -2.099970e+05
 -2.099960e+05
 -5.259770e+05
 -7.968620e+05
 -1.022580e+06
 -1.203140e+06
 -1.338570e+06
 -1.428860e+06
 -1.474010e+06
 -1.474010e+06
 -1.428860e+06
 -1.338570e+06
 -1.203140e+06
 -1.022580e+06
 -7.968620e+05
 -5.259770e+05
 -2.099960e+05
 -2.099370e+05
 -5.260580e+05
 -7.967990e+05
 -1.022480e+06
 -1.203100e+06
 -1.338590e+06
 -1.428930e+06
 -1.474100e+06
 -1.474100e+06
 -1.428930e+06
 -1.338590e+06
 -1.203100e+06
 -1.022480e+06
 -7.967990e+05
 -5.260580e+05
 -2.099370e+05
 -2.102790e+05
 -5.257670e+05
 -7.969740e+05
 -1.022920e+06
 -1.203420e+06
 -1.338570e+06
 -1.428560e+06
 -1.473510e+06
 -1.473510e+06
 -1.428560e+06
 -1.338570e+06
 -1.203420e+06
 -1.022920e+06
 -7.969740e+05
 -5.257670e+05
 -2.102790e+05
 -2.093380e+05
 -5.289290e+05
 -7.996710e+05
 -1.023880e+06
 -1.202860e+06
 -1.337100e+06
 -1.426690e+06
 -1.471530e+06
 -1.471530e+06
 -1.426690e+06
 -1.337100e+06
 -1.202860e+06
 -1.023880e+06
 -7.996710e+05
 -5.289290e+05
 -2.093380e+05
 -2.198880e+05
 -5.223060e+05
 -7.870780e+05
 -1.013360e+06
 -1.198530e+06
 -1.339930e+06
 -1.435400e+06
 -1.483500e+06
 -1.483500e+06
 -1.435400e+06
 -1.339930e+06
 -1.198530e+06
 -1.013360e+06
 -7.870780e+05
 -5.223060e+05
 -2.198880e+05
 -1.345930e+05
 -4.570270e+05
 -7.541500e+05
 -1.011910e+06
 -1.222920e+06
 -1.383300e+06
 -1.491020e+06
 -1.545080e+06
 -1.545080e+06
 -1.491020e+06
 -1.383300e+06
 -1.222920e+06
 -1.011910e+06
 -7.541500e+05
 -4.570270e+05
 -1.345930e+05
 -2.759420e+05
 -5.959720e+05
 -8.464890e+05
 -1.040880e+06
 -1.188030e+06
 -1.293920e+06
 -1.362520e+06
 -1.396250e+06
 -1.396250e+06
 -1.362520e+06
 -1.293920e+06
 -1.188030e+06
 -1.040880e+06
 -8.464890e+05
 -5.959720e+05
 -2.759420e+05
SCALARS Tau_YZ float 1
LOOKUP_TABLE default
 -1.825320e-05
 -3.880090e-05
 -4.172430e-05
 -3.613180e-05
 -2.789200e-05
 -1.961100e-05
 -1.212510e-05
 -5.324110e-06
  1.248300e-06
  8.176730e-06
  1.597090e-05
  2.478130e-05
  3.388780e-05
  4.071020e-05
  3.926250e-05
  1.927120e-05
 -1.726800e-05
 -3.679300e-05
 -4.269910e-05
 -4.093050e-05
 -3.478820e-05
 -2.646850e-05
 -1.716450e-05
 -7.505550e-06
  2.310610e-06
  1.217990e-05
  2.195070e-05
  3.102900e-05
  3.824970e-05
  4.140770e-05
  3.709400e-05
  1.830370e-05
 -1.163820e-06
 -1.390700e-06
 -3.452380e-06
 -6.260490e-06
 -7.835580e-06
 -7.624600e-06
 -5.788590e-06
 -2.829920e-06
  5.857560e-07
  3.720890e-06
  5.803480e-06
  6.348320e-06
  5.167030e-06
  2.764060e-06
  1.180500e-06
  1.272630e-06
 -2.023240e-06
 -3.116040e-06
 -2.211410e-06
 -1.243180e-06
 -5.673820e-07
 -3.532780e-07
 -3.283230e-07
 -4.516310e-07
 -6.458300e-07
 -7.374400e-07
 -7.423920e-07
 -4.253410e-07
  3.664390e-07
  1.841060e-06
  3.226020e-06
  2.361790e-06
  8.287890e-08
  3.205690e-07
  2.991980e-07
  4.193460e-07
  2.240080e-07
  1.226240e-07
 -2.966240e-08
 -1.733160e-07
 -5.426220e-07
 -7.968630e-07
 -8.530270e-07
 -5.267240e-07
 -4.138730e-07
 -4.534880e-08
  2.460300e-07
  4.269050e-07
 -2.189250e-07
  2.126700e-07
  3.763430e-07
  5.772860e-07
  3.580990e-07
  4.733610e-07
  1.861680e-07
  2.415350e-07
 -1.033380e-07
 -3.299520e-07
 -3.760830e-07
 -5.624300e-07
 -3.919810e-07
 -4.566160e-07
 -3.440260e-07
  1.381320e-08
  8.861270e-08
 -6.255010e-09
 -4.482760e-07
 -3.635730e-07
 -2.546310e-07
 -6.320170e-08
 -4.072270e-10
 -1.078990e-07
 -3.283880e-08
 -1.360470e-07
 -6.202890e-08
 -1.772250e-08
  4.545310e-07
  1.834800e-07
  1.626300e-07
  1.151960e-07
 -9.382520e-09
  4.816360e-07
  1.621090e-07
  1.704490e-07
  1.952090e-07
  2.580190e-08
 -2.041350e-07
 -3.156180e-07
 -3.239580e-07
 -1.847830e-07
 -3.648760e-09
 -3.336010e-08
 -1.928630e-07
 -3.878110e-07
 -4.378510e-08
 -3.210910e-07
 -2.919010e-07
 -4.055330e-07
 -7.610270e-08
  4.321170e-07
  1.043540e-06
  8.209700e-07
  8.914700e-07
  1.009920e-06
  5.736370e-07
  2.924220e-07
  2.246590e-07
 -3.596630e-08
 -8.496390e-07
 -8.548520e-07
 -3.513230e-07
 -5.645150e-07
  1.024780e-06
  1.501200e-06
  1.505370e-06
  1.660180e-06
  5.006620e-07
  3.537990e-07
  4.948950e-07
  1.482960e-07
  8.660590e-07
  4.732960e-07
  4.347230e-07
  5.493990e-07
 -9.591020e-08
  3.753010e-08
 -3.096230e-07
 -5.400160e-07
 -4.691260e-07
 -2.773060e-07
  3.127510e-09
  9.851640e-07
  1.371930e-06
  1.679730e-06
  2.197590e-06
  1.928890e-06
  2.203070e-06
  1.143100e-06
  4.748600e-07
  4.701680e-07
 -1.542900e-07
 -1.209300e-07
 -7.214110e-07
 -7.860470e-07
 -1.274980e-06
 -1.029990e-06
 -3.919810e-07
 -2.006820e-07
  5.963110e-07
  6.851840e-07
  7.996970e-07
 -3.753010e-08
  3.523660e-07
 -3.513230e-07
 -2.085000e-07
 -2.585410e-07
  1.793100e-07
 -4.587010e-08
 -1.396950e-07
  2.710510e-08
  2.032880e-07
  1.052930e-07
 -1.928630e-07
 -4.805930e-07
 -1.340140e-06
 -1.610410e-06
 -2.077100e-06
 -2.642740e-06
 -2.174140e-06
 -1.737330e-06
 -1.914030e-06
 -1.835850e-06
 -3.471530e-07
 -5.525260e-07
 -2.731360e-07
  1.386530e-07
  4.858060e-07
  1.480350e-07
  2.877310e-07
  1.386530e-07
  1.978670e-06
  1.445950e-06
  1.198030e-06
  2.113930e-06
  1.729510e-06
  2.093340e-06
  7.016040e-07
  3.075380e-07
  3.244270e-06
  1.876500e-06
  1.332320e-06
  5.118690e-07
 -5.838010e-08
 -2.877310e-07
  1.636730e-06
  1.768080e-06
  2.505130e-06
  1.829070e-06
  2.884600e-06
  1.491560e-06
  6.020450e-07
  2.179350e-06
  1.240580e-06
 -2.512430e-07
 -2.293500e-07
 -8.131520e-08
 -6.734560e-07
 -1.439700e-06
 -5.254210e-07
  7.631120e-07
  3.044110e-06
  2.058940e-06
  2.997190e-07
  6.838810e-07
  8.364450e-07
  3.356860e-07
  9.856860e-07
  2.396190e-06
  2.056860e-06
  1.063350e-06
  1.884840e-06
  6.150760e-07
  1.855650e-07
  1.071690e-06
 -1.459500e-08
  9.382520e-08
  8.235770e-08
  4.263830e-07
 -4.743380e-08
  7.010830e-08
 -6.171780e-07
  1.117560e-06
 -7.537290e-07
 -1.745150e-06
 -1.087330e-06
 -5.900560e-07
  1.134240e-06
 -6.880510e-08
 -3.106660e-07
 -4.545310e-07
  1.351080e-06
  1.730550e-07
 -1.272900e-06
  2.376900e-07
 -2.866880e-07
 -1.031560e-06
  2.293500e-08
 -7.787490e-07
  4.430630e-07
  3.638330e-07
 -8.287890e-07
 -3.122290e-06
 -4.059500e-06
 -3.308900e-06
 -2.616680e-06
 -2.408180e-06
  8.611070e-07
 -3.773860e-07
 -2.533280e-07
 -3.273460e-07
 -5.014440e-07
 -2.588270e-06
 -2.954580e-06
 -2.728750e-06
 -5.405370e-07
  2.122530e-06
  3.878110e-06
  2.748040e-06
  3.969850e-06
  2.912750e-06
  1.551240e-06
  1.042500e-07
 -5.275060e-07
 -8.402570e-07
 -2.085000e-08
 -1.009140e-06
 -1.273420e-06
  1.189490e-06
  1.931540e-06
  3.502550e-06
  6.228950e-07
  1.571050e-06
 -6.984760e-07
  5.056140e-07
  4.524460e-07
  2.754290e-06
  1.597110e-06
 -2.939860e-07
  4.420210e-07
  2.218440e-06
  3.110830e-06
  3.665440e-06
  9.643140e-08
 -5.947470e-07
 -1.414590e-06
  5.371490e-07
 -2.809540e-07
  1.252050e-06
  6.192460e-07
 -9.361670e-07
 -2.954450e-06
 -4.326380e-06
 -5.829670e-06
 -2.793910e-06
 -2.293500e-07
  1.219730e-06
  1.576260e-06
  1.940100e-06
  3.493950e-06
  1.822290e-06
  1.328740e-06
 -2.438930e-06
 -1.185850e-06
 -5.295910e-07
 -1.168640e-06
 -1.023740e-06
 -1.638810e-06
 -1.146750e-06
  1.378190e-06
  1.309380e-06
 -6.171610e-07
 -2.437370e-06
 -5.356380e-06
 -4.631840e-06
 -4.133520e-07
  2.475940e-07
 -3.724690e-06
 -1.030510e-06
 -3.486650e-06
 -1.953650e-06
 -2.366480e-06
  1.346910e-06
 -1.251000e-07
 -9.194870e-07
 -1.100880e-06
 -1.876500e-07
 -1.417800e-07
  7.485160e-07
 -1.786850e-06
 -5.414760e-06
 -5.344910e-06
 -7.927450e-06
 -6.941490e-06
 -4.427770e-06
 -2.919530e-06
 -1.110260e-06
 -3.266160e-06
 -4.140820e-06
 -6.428070e-06
 -7.330870e-06
 -6.646990e-06
 -1.436570e-06
  5.838010e-08
  3.636250e-06
  6.726220e-06
  8.194070e-06
  6.070490e-06
  9.604310e-06
  2.819540e-06
  1.007580e-06
 -2.539540e-06
 -5.577390e-06
 -6.830470e-06
 -5.775460e-06
 -3.431920e-06
 -6.380110e-07
 -6.171610e-07
  1.459500e-07
  2.502010e-07
  2.249720e-06
  4.003210e-06
 -2.919010e-06
 -5.927670e-06
 -4.675360e-06
 -4.003480e-06
 -1.395650e-06
 -3.439740e-06
 -2.293500e-06
 -1.813950e-07
 -1.467840e-06
  2.502010e-07
 -1.288530e-06
 -1.868160e-06
 -3.202570e-06
 -8.861270e-07
 -3.275540e-06
 -1.763910e-06
 -6.393670e-06
 -3.894790e-06
  3.371710e-06
  3.340120e-06
  8.329330e-06
  5.513270e-06
  6.128870e-06
  4.783000e-06
  2.923180e-06
  4.069930e-06
  7.114030e-06
  7.009780e-06
  2.852290e-06
 -7.485160e-07
 -1.993260e-06
  6.511470e-06
  2.838730e-06
  2.216360e-06
  1.605970e-06
  2.694860e-06
 -6.875300e-07
 -1.862430e-06
 -2.391500e-06
 -5.454370e-06
 -4.046990e-06
  7.089010e-08
 -8.173220e-07
 -3.273460e-07
  3.196310e-06
  5.510670e-06
  7.472650e-06
  8.671530e-06
  6.111150e-06
  3.893750e-06
  2.658380e-08
 -2.946450e-07
 -4.219530e-07
  2.556220e-06
  3.231760e-08
 -7.182840e-07
 -8.527670e-07
 -3.928150e-06
 -7.968890e-06
 -7.854210e-06
 -4.326380e-06
 -2.176740e-06
  2.166320e-06
  1.657580e-06
  7.368400e-06
  7.273540e-06
  1.004350e-05
  7.624980e-06
  6.307400e-06
  3.250520e-06
  2.927350e-06
  1.969290e-06
 -2.120450e-06
  3.565360e-07
 -6.713710e-07
 -6.234160e-07
  3.644590e-06
 -1.257260e-06
  4.732960e-07
 -7.089010e-08
 -4.520290e-06
 -4.253410e-06
 -5.960510e-06
 -4.980100e-06
 -3.389700e-06
 -2.481150e-07
  1.602330e-06
 -2.959660e-06
 -2.424860e-06
  1.417800e-06
  9.912110e-06
  2.773060e-06
  4.084520e-06
 -7.089010e-07
 -8.538090e-06
 -2.666720e-06
 -5.492940e-06
 -1.829590e-06
 -8.240980e-07
  3.611860e-06
  6.719710e-06
  5.828630e-06
  5.727510e-06
  8.520370e-06
  1.281860e-05
  5.635770e-06
 -2.022450e-06
 -9.215720e-07
 -2.037050e-06
SCALARS Tau_ZX float 1
LOOKUP_TABLE default
 -2.721350e-04
 -6.770190e-05
  1.520800e-05
  6.058930e-05
  8.444770e-05
  9.636410e-05
  1.021680e-04
  1.050800e-04
  1.065190e-04
  1.065600e-04
  1.039050e-04
  9.543290e-05
  7.525740e-05
  3.351090e-05
 -4.621000e-05
 -2.414930e-04
 -6.080650e-05
  2.011770e-06
  4.293020e-06
  1.531740e-05
  2.933830e-05
  4.182010e-05
  5.084380e-05
  5.585650e-05
  5.679210e-05
  5.361050e-05
  4.631070e-05
  3.538130e-05
  2.273150e-05
  1.303060e-05
  1.331700e-05
 -2.233960e-05
 -1.484850e-05
  2.482030e-05
  2.495320e-05
  2.250950e-05
  2.130000e-05
  2.158240e-05
  2.259640e-05
  2.357330e-05
  2.406190e-05
  2.402240e-05
  2.391780e-05
  2.457940e-05
  2.669390e-05
  3.008010e-05
  3.210740e-05
  2.571300e-05
  3.977470e-06
  2.418620e-05
  2.366590e-05
  2.242300e-05
  2.094600e-05
  1.952160e-05
  1.829860e-05
  1.771120e-05
  1.798930e-05
  1.903050e-05
  2.069500e-05
  2.275910e-05
  2.477920e-05
  2.645000e-05
  2.887680e-05
  4.573970e-05
  9.297520e-06
  2.248220e-05
  2.185770e-05
  2.082200e-05
  1.990700e-05
  1.936140e-05
  1.916940e-05
  1.921420e-05
  1.941550e-05
  1.980260e-05
  2.037680e-05
  2.104630e-05
  2.190530e-05
  2.318100e-05
  2.564480e-05
  5.306730e-05
  9.889960e-06
  2.082580e-05
  2.094320e-05
  2.087800e-05
  2.074260e-05
  2.043930e-05
  2.022320e-05
  1.996970e-05
  1.978690e-05
  2.000280e-05
  2.048240e-05
  2.096260e-05
  2.147220e-05
  2.222580e-05
  2.424320e-05
  5.502140e-05
  9.196300e-06
  2.015900e-05
  2.047600e-05
  2.030220e-05
  2.035300e-05
  2.038310e-05
  2.049980e-05
  2.087200e-05
  2.125320e-05
  2.134510e-05
  2.139210e-05
  2.153080e-05
  2.172490e-05
  2.181590e-05
  2.280250e-05
  5.337650e-05
  1.064700e-05
  2.168440e-05
  2.174000e-05
  2.095770e-05
  2.066250e-05
  2.039280e-05
  2.061900e-05
  2.050790e-05
  1.981480e-05
  1.957350e-05
  2.005850e-05
  2.042640e-05
  2.073520e-05
  2.150140e-05
  2.368440e-05
  5.590900e-05
  9.042210e-06
  1.948000e-05
  1.990110e-05
  2.071190e-05
  2.167720e-05
  2.178170e-05
  2.135270e-05
  2.125030e-05
  2.180330e-05
  2.200500e-05
  2.166920e-05
  2.152780e-05
  2.168550e-05
  2.113440e-05
  2.188780e-05
  5.269170e-05
  9.556160e-06
  1.968910e-05
  1.972830e-05
  1.962560e-05
  1.967070e-05
  1.978180e-05
  2.056130e-05
  2.145930e-05
  2.182940e-05
  2.219650e-05
  2.218420e-05
  2.176930e-05
  2.136960e-05
  2.146310e-05
  2.365750e-05
  5.437820e-05
  4.770880e-06
  2.031170e-05
  2.262420e-05
  2.318840e-05
  2.319270e-05
  2.266000e-05
  2.158940e-05
  2.063670e-05
  2.036940e-05
  2.055220e-05
  2.093690e-05
  2.153000e-05
  2.210190e-05
  2.230870e-05
  2.304930e-05
  5.185530e-05
  1.667810e-05
  2.097600e-05
  1.924040e-05
  1.909210e-05
  1.931460e-05
  1.973050e-05
  2.094030e-05
  2.259890e-05
  2.358680e-05
  2.353240e-05
  2.275320e-05
  2.194260e-05
  2.164490e-05
  2.197350e-05
  2.380700e-05
  5.347080e-05
  1.195560e-05
  2.103910e-05
  2.168920e-05
  2.217710e-05
  2.261090e-05
  2.282010e-05
  2.254150e-05
  2.135470e-05
  2.041330e-05
  2.045860e-05
  2.095430e-05
  2.158750e-05
  2.188360e-05
  2.174120e-05
  2.259940e-05
  5.121340e-05
  1.074480e-05
  2.166440e-05
  2.343790e-05
  2.371790e-05
  2.322990e-05
  2.137980e-05
  2.015090e-05
  2.108150e-05
  2.170260e-05
  2.120370e-05
  2.086320e-05
  2.020470e-05
  1.943390e-05
  1.915040e-05
  2.065700e-05
  5.250650e-05
  1.270850e-05
  1.910950e-05
  1.903820e-05
  1.922540e-05
  1.927650e-05
  1.968860e-05
  2.027900e-05
  1.964520e-05
  1.849370e-05
  1.854430e-05
  1.899730e-05
  1.907880e-05
  1.972500e-05
  2.118660e-05
  2.427410e-05
  5.503180e-05
  1.723210e-05
  2.116780e-05
  1.983090e-05
  1.955750e-05
  1.985930e-05
  1.977920e-05
  1.999300e-05
  2.072010e-05
  2.123420e-05
  2.168020e-05
  2.241360e-05
  2.256890e-05
  2.141380e-05
  1.981630e-05
  2.003900e-05
  4.262670e-05
  1.124520e-05
  2.017070e-05
  2.280180e-05
  2.374380e-05
  2.303460e-05
  2.231220e-05
  2.122700e-05
  2.029730e-05
  1.973230e-05
  1.908740e-05
  1.933950e-05
  2.094810e-05
  2.350550e-05
  2.346590e-05
  2.282710e-05
  4.909020e-05
  1.816450e-05
  2.186290e-05
  1.914300e-05
  1.776010e-05
  1.811850e-05
  1.854770e-05
  2.035010e-05
  2.208280e-05
  2.163710e-05
  2.074890e-05
  2.029860e-05
  1.957630e-05
  1.824920e-05
  1.792230e-05
  1.981880e-05
  4.126100e-05
  1.136370e-05
  1.824330e-05
  1.921930e-05
  1.926080e-05
  1.889870e-05
  1.878060e-05
  1.831090e-05
  1.801030e-05
  1.918260e-05
  2.096600e-05
  2.220950e-05
  2.157810e-05
  1.902530e-05
  1.541030e-05
  1.592940e-05
  4.214630e-05
  1.774630e-05
  2.085790e-05
  2.008020e-05
  1.779260e-05
  1.644770e-05
  1.761640e-05
  1.810350e-05
  1.650560e-05
  1.552380e-05
  1.438590e-05
  1.334030e-05
  1.389340e-05
  1.623260e-05
  1.897810e-05
  2.107770e-05
  5.047250e-05
  4.955620e-06
  1.314050e-05
  1.353250e-05
  1.659410e-05
  1.909270e-05
  1.751790e-05
  1.678280e-05
  1.949310e-05
  2.180530e-05
  2.147030e-05
  1.908160e-05
  1.777800e-05
  1.840850e-05
  2.019410e-05
  2.332370e-05
  5.045210e-05
 -5.565320e-06
  1.464800e-05
  1.932050e-05
  1.923100e-05
  1.806960e-05
  1.773840e-05
  1.689300e-05
  1.412340e-05
  1.180060e-05
  1.310630e-05
  1.744750e-05
  2.061110e-05
  2.027710e-05
  1.869750e-05
  1.783890e-05
  3.413240e-05
  1.223980e-05
  1.152300e-05
  9.064340e-06
  1.010700e-05
  1.204890e-05
  1.460060e-05
  1.684370e-05
  1.954120e-05
  2.163660e-05
  2.045180e-05
  1.676970e-05
  1.225730e-05
  9.626060e-06
  9.704870e-06
  1.373100e-05
  3.961590e-05
  1.578100e-05
  1.809160e-05
  1.704410e-05
  1.637850e-05
  1.643130e-05
  1.511970e-05
  1.350800e-05
  1.227660e-05
  1.063200e-05
  1.011670e-05
  1.161200e-05
  1.487280e-05
  1.772550e-05
  1.776590e-05
  1.496700e-05
  2.738900e-05
  1.035000e-05
  1.218980e-05
  1.482100e-05
  1.398700e-05
  1.018170e-05
  8.345700e-06
  8.201450e-06
  8.880970e-06
  1.082030e-05
  1.377730e-05
  1.676180e-05
  1.676430e-05
  1.339660e-05
  8.013930e-06
  6.014830e-06
  1.877920e-05
 -1.124240e-06
  9.918360e-06
  7.913000e-06
  9.080600e-06
  1.479980e-05
  2.245900e-05
  2.779570e-05
  2.895120e-05
  2.666540e-05
  2.167400e-05
  1.590230e-05
  1.315390e-05
  1.575600e-05
  2.046060e-05
  2.157730e-05
  2.654130e-05
  1.614330e-05
  2.446750e-05
  2.942940e-05
  2.904100e-05
  2.455130e-05
  1.672790e-05
  9.813710e-06
  7.390450e-06
  1.017470e-05
  1.736080e-05
  2.427360e-05
  2.581990e-05
  2.393250e-05
  2.094180e-05
  1.649910e-05
  2.847280e-05
  4.149620e-05
  1.968080e-05
  1.000010e-05
  4.499640e-06
  5.781710e-06
  1.243570e-05
  1.876820e-05
  2.074120e-05
  1.802410e-05
  1.286990e-05
  9.330810e-06
  1.009350e-05
  1.322310e-05
  1.953900e-05
  3.015630e-05
  7.165200e-05
  2.696040e-05
  1.561250e-05
  1.765460e-05
  1.909070e-05
  1.625820e-05
  9.442250e-06
  3.696010e-06
  3.654000e-06
  8.325010e-06
  1.188810e-05
  1.280380e-05
  1.251710e-05
  1.189450e-05
  1.090120e-05
  1.199920e-05
  2.613890e-05
  5.199160e-06
  9.020970e-06
  9.623130e-06
  7.073160e-06
  8.776820e-06
  1.180400e-05
  1.241280e-05
  1.010290e-05
  7.823350e-06
  6.913870e-06
  8.099620e-06
  1.278730e-05
  1.525430e-05
  1.260430e-05
  6.936810e-06
  8.990600e-07
  8.438010e-06
  2.614180e-06
 -5.062410e-07
  2.468640e-06
  4.910600e-06
  5.028510e-06
  6.542970e-06
  9.508420e-06
  1.031280e-05
  8.611690e-06
  4.915400e-06
  3.448620e-07
 -2.698830e-06
 -4.124140e-06
 -4.170840e-06
 -7.248720e-06
 -1.524390e-05
  4.790090e-06
  7.552300e-06
  6.396170e-06
  8.619200e-06
  1.041970e-05
  8.041320e-06
  2.662540e-06
 -2.224070e-06
 -4.916860e-06
 -4.913310e-06
 -4.051580e-06
 -3.615810e-06
 -2.504510e-06
 -6.363420e-07
  1.938930e-05
