# vtk DataFile Version 2.0
T3 Cantilever Convergence Test 32x16 Mesh (1024 triangles)
ASCII
DATASET UNSTRUCTURED_GRID
POINTS 561 float
  0.000000e+00   0.000000e+00   0.000000e+00
  3.125000e-01   0.000000e+00   0.000000e+00
  6.250000e-01   0.000000e+00   0.000000e+00
  9.375000e-01   0.000000e+00   0.000000e+00
  1.250000e+00   0.000000e+00   0.000000e+00
  1.562500e+00   0.000000e+00   0.000000e+00
  1.875000e+00   0.000000e+00   0.000000e+00
  2.187500e+00   0.000000e+00   0.000000e+00
  2.500000e+00   0.000000e+00   0.000000e+00
  2.812500e+00   0.000000e+00   0.000000e+00
  3.125000e+00   0.000000e+00   0.000000e+00
  3.437500e+00   0.000000e+00   0.000000e+00
  3.750000e+00   0.000000e+00   0.000000e+00
  4.062500e+00   0.000000e+00   0.000000e+00
  4.375000e+00   0.000000e+00   0.000000e+00
  4.687500e+00   0.000000e+00   0.000000e+00
  5.000000e+00   0.000000e+00   0.000000e+00
  5.312500e+00   0.000000e+00   0.000000e+00
  5.625000e+00   0.000000e+00   0.000000e+00
  5.937500e+00   0.000000e+00   0.000000e+00
  6.250000e+00   0.000000e+00   0.000000e+00
  6.562500e+00   0.000000e+00   0.000000e+00
  6.875000e+00   0.000000e+00   0.000000e+00
  7.187500e+00   0.000000e+00   0.000000e+00
  7.500000e+00   0.000000e+00   0.000000e+00
  7.812500e+00   0.000000e+00   0.000000e+00
  8.125000e+00   0.000000e+00   0.000000e+00
  8.437500e+00   0.000000e+00   0.000000e+00
  8.750000e+00   0.000000e+00   0.000000e+00
  9.062500e+00   0.000000e+00   0.000000e+00
  9.375000e+00   0.000000e+00   0.000000e+00
  9.687500e+00   0.000000e+00   0.000000e+00
  1.000000e+01   0.000000e+00   0.000000e+00
  0.000000e+00   6.250000e-02   0.000000e+00
  3.125000e-01   6.250000e-02   0.000000e+00
  6.250000e-01   6.250000e-02   0.000000e+00
  9.375000e-01   6.250000e-02   0.000000e+00
  1.250000e+00   6.250000e-02   0.000000e+00
  1.562500e+00   6.250000e-02   0.000000e+00
  1.875000e+00   6.250000e-02   0.000000e+00
  2.187500e+00   6.250000e-02   0.000000e+00
  2.500000e+00   6.250000e-02   0.000000e+00
  2.812500e+00   6.250000e-02   0.000000e+00
  3.125000e+00   6.250000e-02   0.000000e+00
  3.437500e+00   6.250000e-02   0.000000e+00
  3.750000e+00   6.250000e-02   0.000000e+00
  4.062500e+00   6.250000e-02   0.000000e+00
  4.375000e+00   6.250000e-02   0.000000e+00
  4.687500e+00   6.250000e-02   0.000000e+00
  5.000000e+00   6.250000e-02   0.000000e+00
  5.312500e+00   6.250000e-02   0.000000e+00
  5.625000e+00   6.250000e-02   0.000000e+00
  5.937500e+00   6.250000e-02   0.000000e+00
  6.250000e+00   6.250000e-02   0.000000e+00
  6.562500e+00   6.250000e-02   0.000000e+00
  6.875000e+00   6.250000e-02   0.000000e+00
  7.187500e+00   6.250000e-02   0.000000e+00
  7.500000e+00   6.250000e-02   0.000000e+00
  7.812500e+00   6.250000e-02   0.000000e+00
  8.125000e+00   6.250000e-02   0.000000e+00
  8.437500e+00   6.250000e-02   0.000000e+00
  8.750000e+00   6.250000e-02   0.000000e+00
  9.062500e+00   6.250000e-02   0.000000e+00
  9.375000e+00   6.250000e-02   0.000000e+00
  9.687500e+00   6.250000e-02   0.000000e+00
  1.000000e+01   6.250000e-02   0.000000e+00
  0.000000e+00   1.250000e-01   0.000000e+00
  3.125000e-01   1.250000e-01   0.000000e+00
  6.250000e-01   1.250000e-01   0.000000e+00
  9.375000e-01   1.250000e-01   0.000000e+00
  1.250000e+00   1.250000e-01   0.000000e+00
  1.562500e+00   1.250000e-01   0.000000e+00
  1.875000e+00   1.250000e-01   0.000000e+00
  2.187500e+00   1.250000e-01   0.000000e+00
  2.500000e+00   1.250000e-01   0.000000e+00
  2.812500e+00   1.250000e-01   0.000000e+00
  3.125000e+00   1.250000e-01   0.000000e+00
  3.437500e+00   1.250000e-01   0.000000e+00
  3.750000e+00   1.250000e-01   0.000000e+00
  4.062500e+00   1.250000e-01   0.000000e+00
  4.375000e+00   1.250000e-01   0.000000e+00
  4.687500e+00   1.250000e-01   0.000000e+00
  5.000000e+00   1.250000e-01   0.000000e+00
  5.312500e+00   1.250000e-01   0.000000e+00
  5.625000e+00   1.250000e-01   0.000000e+00
  5.937500e+00   1.250000e-01   0.000000e+00
  6.250000e+00   1.250000e-01   0.000000e+00
  6.562500e+00   1.250000e-01   0.000000e+00
  6.875000e+00   1.250000e-01   0.000000e+00
  7.187500e+00   1.250000e-01   0.000000e+00
  7.500000e+00   1.250000e-01   0.000000e+00
  7.812500e+00   1.250000e-01   0.000000e+00
  8.125000e+00   1.250000e-01   0.000000e+00
  8.437500e+00   1.250000e-01   0.000000e+00
  8.750000e+00   1.250000e-01   0.000000e+00
  9.062500e+00   1.250000e-01   0.000000e+00
  9.375000e+00   1.250000e-01   0.000000e+00
  9.687500e+00   1.250000e-01   0.000000e+00
  1.000000e+01   1.250000e-01   0.000000e+00
  0.000000e+00   1.875000e-01   0.000000e+00
  3.125000e-01   1.875000e-01   0.000000e+00
  6.250000e-01   1.875000e-01   0.000000e+00
  9.375000e-01   1.875000e-01   0.000000e+00
  1.250000e+00   1.875000e-01   0.000000e+00
  1.562500e+00   1.875000e-01   0.000000e+00
  1.875000e+00   1.875000e-01   0.000000e+00
  2.187500e+00   1.875000e-01   0.000000e+00
  2.500000e+00   1.875000e-01   0.000000e+00
  2.812500e+00   1.875000e-01   0.000000e+00
  3.125000e+00   1.875000e-01   0.000000e+00
  3.437500e+00   1.875000e-01   0.000000e+00
  3.750000e+00   1.875000e-01   0.000000e+00
  4.062500e+00   1.875000e-01   0.000000e+00
  4.375000e+00   1.875000e-01   0.000000e+00
  4.687500e+00   1.875000e-01   0.000000e+00
  5.000000e+00   1.875000e-01   0.000000e+00
  5.312500e+00   1.875000e-01   0.000000e+00
  5.625000e+00   1.875000e-01   0.000000e+00
  5.937500e+00   1.875000e-01   0.000000e+00
  6.250000e+00   1.875000e-01   0.000000e+00
  6.562500e+00   1.875000e-01   0.000000e+00
  6.875000e+00   1.875000e-01   0.000000e+00
  7.187500e+00   1.875000e-01   0.000000e+00
  7.500000e+00   1.875000e-01   0.000000e+00
  7.812500e+00   1.875000e-01   0.000000e+00
  8.125000e+00   1.875000e-01   0.000000e+00
  8.437500e+00   1.875000e-01   0.000000e+00
  8.750000e+00   1.875000e-01   0.000000e+00
  9.062500e+00   1.875000e-01   0.000000e+00
  9.375000e+00   1.875000e-01   0.000000e+00
  9.687500e+00   1.875000e-01   0.000000e+00
  1.000000e+01   1.875000e-01   0.000000e+00
  0.000000e+00   2.500000e-01   0.000000e+00
  3.125000e-01   2.500000e-01   0.000000e+00
  6.250000e-01   2.500000e-01   0.000000e+00
  9.375000e-01   2.500000e-01   0.000000e+00
  1.250000e+00   2.500000e-01   0.000000e+00
  1.562500e+00   2.500000e-01   0.000000e+00
  1.875000e+00   2.500000e-01   0.000000e+00
  2.187500e+00   2.500000e-01   0.000000e+00
  2.500000e+00   2.500000e-01   0.000000e+00
  2.812500e+00   2.500000e-01   0.000000e+00
  3.125000e+00   2.500000e-01   0.000000e+00
  3.437500e+00   2.500000e-01   0.000000e+00
  3.750000e+00   2.500000e-01   0.000000e+00
  4.062500e+00   2.500000e-01   0.000000e+00
  4.375000e+00   2.500000e-01   0.000000e+00
  4.687500e+00   2.500000e-01   0.000000e+00
  5.000000e+00   2.500000e-01   0.000000e+00
  5.312500e+00   2.500000e-01   0.000000e+00
  5.625000e+00   2.500000e-01   0.000000e+00
  5.937500e+00   2.500000e-01   0.000000e+00
  6.250000e+00   2.500000e-01   0.000000e+00
  6.562500e+00   2.500000e-01   0.000000e+00
  6.875000e+00   2.500000e-01   0.000000e+00
  7.187500e+00   2.500000e-01   0.000000e+00
  7.500000e+00   2.500000e-01   0.000000e+00
  7.812500e+00   2.500000e-01   0.000000e+00
  8.125000e+00   2.500000e-01   0.000000e+00
  8.437500e+00   2.500000e-01   0.000000e+00
  8.750000e+00   2.500000e-01   0.000000e+00
  9.062500e+00   2.500000e-01   0.000000e+00
  9.375000e+00   2.500000e-01   0.000000e+00
  9.687500e+00   2.500000e-01   0.000000e+00
  1.000000e+01   2.500000e-01   0.000000e+00
  0.000000e+00   3.125000e-01   0.000000e+00
  3.125000e-01   3.125000e-01   0.000000e+00
  6.250000e-01   3.125000e-01   0.000000e+00
  9.375000e-01   3.125000e-01   0.000000e+00
  1.250000e+00   3.125000e-01   0.000000e+00
  1.562500e+00   3.125000e-01   0.000000e+00
  1.875000e+00   3.125000e-01   0.000000e+00
  2.187500e+00   3.125000e-01   0.000000e+00
  2.500000e+00   3.125000e-01   0.000000e+00
  2.812500e+00   3.125000e-01   0.000000e+00
  3.125000e+00   3.125000e-01   0.000000e+00
  3.437500e+00   3.125000e-01   0.000000e+00
  3.750000e+00   3.125000e-01   0.000000e+00
  4.062500e+00   3.125000e-01   0.000000e+00
  4.375000e+00   3.125000e-01   0.000000e+00
  4.687500e+00   3.125000e-01   0.000000e+00
  5.000000e+00   3.125000e-01   0.000000e+00
  5.312500e+00   3.125000e-01   0.000000e+00
  5.625000e+00   3.125000e-01   0.000000e+00
  5.937500e+00   3.125000e-01   0.000000e+00
  6.250000e+00   3.125000e-01   0.000000e+00
  6.562500e+00   3.125000e-01   0.000000e+00
  6.875000e+00   3.125000e-01   0.000000e+00
  7.187500e+00   3.125000e-01   0.000000e+00
  7.500000e+00   3.125000e-01   0.000000e+00
  7.812500e+00   3.125000e-01   0.000000e+00
  8.125000e+00   3.125000e-01   0.000000e+00
  8.437500e+00   3.125000e-01   0.000000e+00
  8.750000e+00   3.125000e-01   0.000000e+00
  9.062500e+00   3.125000e-01   0.000000e+00
  9.375000e+00   3.125000e-01   0.000000e+00
  9.687500e+00   3.125000e-01   0.000000e+00
  1.000000e+01   3.125000e-01   0.000000e+00
  0.000000e+00   3.750000e-01   0.000000e+00
  3.125000e-01   3.750000e-01   0.000000e+00
  6.250000e-01   3.750000e-01   0.000000e+00
  9.375000e-01   3.750000e-01   0.000000e+00
  1.250000e+00   3.750000e-01   0.000000e+00
  1.562500e+00   3.750000e-01   0.000000e+00
  1.875000e+00   3.750000e-01   0.000000e+00
  2.187500e+00   3.750000e-01   0.000000e+00
  2.500000e+00   3.750000e-01   0.000000e+00
  2.812500e+00   3.750000e-01   0.000000e+00
  3.125000e+00   3.750000e-01   0.000000e+00
  3.437500e+00   3.750000e-01   0.000000e+00
  3.750000e+00   3.750000e-01   0.000000e+00
  4.062500e+00   3.750000e-01   0.000000e+00
  4.375000e+00   3.750000e-01   0.000000e+00
  4.687500e+00   3.750000e-01   0.000000e+00
  5.000000e+00   3.750000e-01   0.000000e+00
  5.312500e+00   3.750000e-01   0.000000e+00
  5.625000e+00   3.750000e-01   0.000000e+00
  5.937500e+00   3.750000e-01   0.000000e+00
  6.250000e+00   3.750000e-01   0.000000e+00
  6.562500e+00   3.750000e-01   0.000000e+00
  6.875000e+00   3.750000e-01   0.000000e+00
  7.187500e+00   3.750000e-01   0.000000e+00
  7.500000e+00   3.750000e-01   0.000000e+00
  7.812500e+00   3.750000e-01   0.000000e+00
  8.125000e+00   3.750000e-01   0.000000e+00
  8.437500e+00   3.750000e-01   0.000000e+00
  8.750000e+00   3.750000e-01   0.000000e+00
  9.062500e+00   3.750000e-01   0.000000e+00
  9.375000e+00   3.750000e-01   0.000000e+00
  9.687500e+00   3.750000e-01   0.000000e+00
  1.000000e+01   3.750000e-01   0.000000e+00
  0.000000e+00   4.375000e-01   0.000000e+00
  3.125000e-01   4.375000e-01   0.000000e+00
  6.250000e-01   4.375000e-01   0.000000e+00
  9.375000e-01   4.375000e-01   0.000000e+00
  1.250000e+00   4.375000e-01   0.000000e+00
  1.562500e+00   4.375000e-01   0.000000e+00
  1.875000e+00   4.375000e-01   0.000000e+00
  2.187500e+00   4.375000e-01   0.000000e+00
  2.500000e+00   4.375000e-01   0.000000e+00
  2.812500e+00   4.375000e-01   0.000000e+00
  3.125000e+00   4.375000e-01   0.000000e+00
  3.437500e+00   4.375000e-01   0.000000e+00
  3.750000e+00   4.375000e-01   0.000000e+00
  4.062500e+00   4.375000e-01   0.000000e+00
  4.375000e+00   4.375000e-01   0.000000e+00
  4.687500e+00   4.375000e-01   0.000000e+00
  5.000000e+00   4.375000e-01   0.000000e+00
  5.312500e+00   4.375000e-01   0.000000e+00
  5.625000e+00   4.375000e-01   0.000000e+00
  5.937500e+00   4.375000e-01   0.000000e+00
  6.250000e+00   4.375000e-01   0.000000e+00
  6.562500e+00   4.375000e-01   0.000000e+00
  6.875000e+00   4.375000e-01   0.000000e+00
  7.187500e+00   4.375000e-01   0.000000e+00
  7.500000e+00   4.375000e-01   0.000000e+00
  7.812500e+00   4.375000e-01   0.000000e+00
  8.125000e+00   4.375000e-01   0.000000e+00
  8.437500e+00   4.375000e-01   0.000000e+00
  8.750000e+00   4.375000e-01   0.000000e+00
  9.062500e+00   4.375000e-01   0.000000e+00
  9.375000e+00   4.375000e-01   0.000000e+00
  9.687500e+00   4.375000e-01   0.000000e+00
  1.000000e+01   4.375000e-01   0.000000e+00
  0.000000e+00   5.000000e-01   0.000000e+00
  3.125000e-01   5.000000e-01   0.000000e+00
  6.250000e-01   5.000000e-01   0.000000e+00
  9.375000e-01   5.000000e-01   0.000000e+00
  1.250000e+00   5.000000e-01   0.000000e+00
  1.562500e+00   5.000000e-01   0.000000e+00
  1.875000e+00   5.000000e-01   0.000000e+00
  2.187500e+00   5.000000e-01   0.000000e+00
  2.500000e+00   5.000000e-01   0.000000e+00
  2.812500e+00   5.000000e-01   0.000000e+00
  3.125000e+00   5.000000e-01   0.000000e+00
  3.437500e+00   5.000000e-01   0.000000e+00
  3.750000e+00   5.000000e-01   0.000000e+00
  4.062500e+00   5.000000e-01   0.000000e+00
  4.375000e+00   5.000000e-01   0.000000e+00
  4.687500e+00   5.000000e-01   0.000000e+00
  5.000000e+00   5.000000e-01   0.000000e+00
  5.312500e+00   5.000000e-01   0.000000e+00
  5.625000e+00   5.000000e-01   0.000000e+00
  5.937500e+00   5.000000e-01   0.000000e+00
  6.250000e+00   5.000000e-01   0.000000e+00
  6.562500e+00   5.000000e-01   0.000000e+00
  6.875000e+00   5.000000e-01   0.000000e+00
  7.187500e+00   5.000000e-01   0.000000e+00
  7.500000e+00   5.000000e-01   0.000000e+00
  7.812500e+00   5.000000e-01   0.000000e+00
  8.125000e+00   5.000000e-01   0.000000e+00
  8.437500e+00   5.000000e-01   0.000000e+00
  8.750000e+00   5.000000e-01   0.000000e+00
  9.062500e+00   5.000000e-01   0.000000e+00
  9.375000e+00   5.000000e-01   0.000000e+00
  9.687500e+00   5.000000e-01   0.000000e+00
  1.000000e+01   5.000000e-01   0.000000e+00
  0.000000e+00   5.625000e-01   0.000000e+00
  3.125000e-01   5.625000e-01   0.000000e+00
  6.250000e-01   5.625000e-01   0.000000e+00
  9.375000e-01   5.625000e-01   0.000000e+00
  1.250000e+00   5.625000e-01   0.000000e+00
  1.562500e+00   5.625000e-01   0.000000e+00
  1.875000e+00   5.625000e-01   0.000000e+00
  2.187500e+00   5.625000e-01   0.000000e+00
  2.500000e+00   5.625000e-01   0.000000e+00
  2.812500e+00   5.625000e-01   0.000000e+00
  3.125000e+00   5.625000e-01   0.000000e+00
  3.437500e+00   5.625000e-01   0.000000e+00
  3.750000e+00   5.625000e-01   0.000000e+00
  4.062500e+00   5.625000e-01   0.000000e+00
  4.375000e+00   5.625000e-01   0.000000e+00
  4.687500e+00   5.625000e-01   0.000000e+00
  5.000000e+00   5.625000e-01   0.000000e+00
  5.312500e+00   5.625000e-01   0.000000e+00
  5.625000e+00   5.625000e-01   0.000000e+00
  5.937500e+00   5.625000e-01   0.000000e+00
  6.250000e+00   5.625000e-01   0.000000e+00
  6.562500e+00   5.625000e-01   0.000000e+00
  6.875000e+00   5.625000e-01   0.000000e+00
  7.187500e+00   5.625000e-01   0.000000e+00
  7.500000e+00   5.625000e-01   0.000000e+00
  7.812500e+00   5.625000e-01   0.000000e+00
  8.125000e+00   5.625000e-01   0.000000e+00
  8.437500e+00   5.625000e-01   0.000000e+00
  8.750000e+00   5.625000e-01   0.000000e+00
  9.062500e+00   5.625000e-01   0.000000e+00
  9.375000e+00   5.625000e-01   0.000000e+00
  9.687500e+00   5.625000e-01   0.000000e+00
  1.000000e+01   5.625000e-01   0.000000e+00
  0.000000e+00   6.250000e-01   0.000000e+00
  3.125000e-01   6.250000e-01   0.000000e+00
  6.250000e-01   6.250000e-01   0.000000e+00
  9.375000e-01   6.250000e-01   0.000000e+00
  1.250000e+00   6.250000e-01   0.000000e+00
  1.562500e+00   6.250000e-01   0.000000e+00
  1.875000e+00   6.250000e-01   0.000000e+00
  2.187500e+00   6.250000e-01   0.000000e+00
  2.500000e+00   6.250000e-01   0.000000e+00
  2.812500e+00   6.250000e-01   0.000000e+00
  3.125000e+00   6.250000e-01   0.000000e+00
  3.437500e+00   6.250000e-01   0.000000e+00
  3.750000e+00   6.250000e-01   0.000000e+00
  4.062500e+00   6.250000e-01   0.000000e+00
  4.375000e+00   6.250000e-01   0.000000e+00
  4.687500e+00   6.250000e-01   0.000000e+00
  5.000000e+00   6.250000e-01   0.000000e+00
  5.312500e+00   6.250000e-01   0.000000e+00
  5.625000e+00   6.250000e-01   0.000000e+00
  5.937500e+00   6.250000e-01   0.000000e+00
  6.250000e+00   6.250000e-01   0.000000e+00
  6.562500e+00   6.250000e-01   0.000000e+00
  6.875000e+00   6.250000e-01   0.000000e+00
  7.187500e+00   6.250000e-01   0.000000e+00
  7.500000e+00   6.250000e-01   0.000000e+00
  7.812500e+00   6.250000e-01   0.000000e+00
  8.125000e+00   6.250000e-01   0.000000e+00
  8.437500e+00   6.250000e-01   0.000000e+00
  8.750000e+00   6.250000e-01   0.000000e+00
  9.062500e+00   6.250000e-01   0.000000e+00
  9.375000e+00   6.250000e-01   0.000000e+00
  9.687500e+00   6.250000e-01   0.000000e+00
  1.000000e+01   6.250000e-01   0.000000e+00
  0.000000e+00   6.875000e-01   0.000000e+00
  3.125000e-01   6.875000e-01   0.000000e+00
  6.250000e-01   6.875000e-01   0.000000e+00
  9.375000e-01   6.875000e-01   0.000000e+00
  1.250000e+00   6.875000e-01   0.000000e+00
  1.562500e+00   6.875000e-01   0.000000e+00
  1.875000e+00   6.875000e-01   0.000000e+00
  2.187500e+00   6.875000e-01   0.000000e+00
  2.500000e+00   6.875000e-01   0.000000e+00
  2.812500e+00   6.875000e-01   0.000000e+00
  3.125000e+00   6.875000e-01   0.000000e+00
  3.437500e+00   6.875000e-01   0.000000e+00
  3.750000e+00   6.875000e-01   0.000000e+00
  4.062500e+00   6.875000e-01   0.000000e+00
  4.375000e+00   6.875000e-01   0.000000e+00
  4.687500e+00   6.875000e-01   0.000000e+00
  5.000000e+00   6.875000e-01   0.000000e+00
  5.312500e+00   6.875000e-01   0.000000e+00
  5.625000e+00   6.875000e-01   0.000000e+00
  5.937500e+00   6.875000e-01   0.000000e+00
  6.250000e+00   6.875000e-01   0.000000e+00
  6.562500e+00   6.875000e-01   0.000000e+00
  6.875000e+00   6.875000e-01   0.000000e+00
  7.187500e+00   6.875000e-01   0.000000e+00
  7.500000e+00   6.875000e-01   0.000000e+00
  7.812500e+00   6.875000e-01   0.000000e+00
  8.125000e+00   6.875000e-01   0.000000e+00
  8.437500e+00   6.875000e-01   0.000000e+00
  8.750000e+00   6.875000e-01   0.000000e+00
  9.062500e+00   6.875000e-01   0.000000e+00
  9.375000e+00   6.875000e-01   0.000000e+00
  9.687500e+00   6.875000e-01   0.000000e+00
  1.000000e+01   6.875000e-01   0.000000e+00
  0.000000e+00   7.500000e-01   0.000000e+00
  3.125000e-01   7.500000e-01   0.000000e+00
  6.250000e-01   7.500000e-01   0.000000e+00
  9.375000e-01   7.500000e-01   0.000000e+00
  1.250000e+00   7.500000e-01   0.000000e+00
  1.562500e+00   7.500000e-01   0.000000e+00
  1.875000e+00   7.500000e-01   0.000000e+00
  2.187500e+00   7.500000e-01   0.000000e+00
  2.500000e+00   7.500000e-01   0.000000e+00
  2.812500e+00   7.500000e-01   0.000000e+00
  3.125000e+00   7.500000e-01   0.000000e+00
  3.437500e+00   7.500000e-01   0.000000e+00
  3.750000e+00   7.500000e-01   0.000000e+00
  4.062500e+00   7.500000e-01   0.000000e+00
  4.375000e+00   7.500000e-01   0.000000e+00
  4.687500e+00   7.500000e-01   0.000000e+00
  5.000000e+00   7.500000e-01   0.000000e+00
  5.312500e+00   7.500000e-01   0.000000e+00
  5.625000e+00   7.500000e-01   0.000000e+00
  5.937500e+00   7.500000e-01   0.000000e+00
  6.250000e+00   7.500000e-01   0.000000e+00
  6.562500e+00   7.500000e-01   0.000000e+00
  6.875000e+00   7.500000e-01   0.000000e+00
  7.187500e+00   7.500000e-01   0.000000e+00
  7.500000e+00   7.500000e-01   0.000000e+00
  7.812500e+00   7.500000e-01   0.000000e+00
  8.125000e+00   7.500000e-01   0.000000e+00
  8.437500e+00   7.500000e-01   0.000000e+00
  8.750000e+00   7.500000e-01   0.000000e+00
  9.062500e+00   7.500000e-01   0.000000e+00
  9.375000e+00   7.500000e-01   0.000000e+00
  9.687500e+00   7.500000e-01   0.000000e+00
  1.000000e+01   7.500000e-01   0.000000e+00
  0.000000e+00   8.125000e-01   0.000000e+00
  3.125000e-01   8.125000e-01   0.000000e+00
  6.250000e-01   8.125000e-01   0.000000e+00
  9.375000e-01   8.125000e-01   0.000000e+00
  1.250000e+00   8.125000e-01   0.000000e+00
  1.562500e+00   8.125000e-01   0.000000e+00
  1.875000e+00   8.125000e-01   0.000000e+00
  2.187500e+00   8.125000e-01   0.000000e+00
  2.500000e+00   8.125000e-01   0.000000e+00
  2.812500e+00   8.125000e-01   0.000000e+00
  3.125000e+00   8.125000e-01   0.000000e+00
  3.437500e+00   8.125000e-01   0.000000e+00
  3.750000e+00   8.125000e-01   0.000000e+00
  4.062500e+00   8.125000e-01   0.000000e+00
  4.375000e+00   8.125000e-01   0.000000e+00
  4.687500e+00   8.125000e-01   0.000000e+00
  5.000000e+00   8.125000e-01   0.000000e+00
  5.312500e+00   8.125000e-01   0.000000e+00
  5.625000e+00   8.125000e-01   0.000000e+00
  5.937500e+00   8.125000e-01   0.000000e+00
  6.250000e+00   8.125000e-01   0.000000e+00
  6.562500e+00   8.125000e-01   0.000000e+00
  6.875000e+00   8.125000e-01   0.000000e+00
  7.187500e+00   8.125000e-01   0.000000e+00
  7.500000e+00   8.125000e-01   0.000000e+00
  7.812500e+00   8.125000e-01   0.000000e+00
  8.125000e+00   8.125000e-01   0.000000e+00
  8.437500e+00   8.125000e-01   0.000000e+00
  8.750000e+00   8.125000e-01   0.000000e+00
  9.062500e+00   8.125000e-01   0.000000e+00
  9.375000e+00   8.125000e-01   0.000000e+00
  9.687500e+00   8.125000e-01   0.000000e+00
  1.000000e+01   8.125000e-01   0.000000e+00
  0.000000e+00   8.750000e-01   0.000000e+00
  3.125000e-01   8.750000e-01   0.000000e+00
  6.250000e-01   8.750000e-01   0.000000e+00
  9.375000e-01   8.750000e-01   0.000000e+00
  1.250000e+00   8.750000e-01   0.000000e+00
  1.562500e+00   8.750000e-01   0.000000e+00
  1.875000e+00   8.750000e-01   0.000000e+00
  2.187500e+00   8.750000e-01   0.000000e+00
  2.500000e+00   8.750000e-01   0.000000e+00
  2.812500e+00   8.750000e-01   0.000000e+00
  3.125000e+00   8.750000e-01   0.000000e+00
  3.437500e+00   8.750000e-01   0.000000e+00
  3.750000e+00   8.750000e-01   0.000000e+00
  4.062500e+00   8.750000e-01   0.000000e+00
  4.375000e+00   8.750000e-01   0.000000e+00
  4.687500e+00   8.750000e-01   0.000000e+00
  5.000000e+00   8.750000e-01   0.000000e+00
  5.312500e+00   8.750000e-01   0.000000e+00
  5.625000e+00   8.750000e-01   0.000000e+00
  5.937500e+00   8.750000e-01   0.000000e+00
  6.250000e+00   8.750000e-01   0.000000e+00
  6.562500e+00   8.750000e-01   0.000000e+00
  6.875000e+00   8.750000e-01   0.000000e+00
  7.187500e+00   8.750000e-01   0.000000e+00
  7.500000e+00   8.750000e-01   0.000000e+00
  7.812500e+00   8.750000e-01   0.000000e+00
  8.125000e+00   8.750000e-01   0.000000e+00
  8.437500e+00   8.750000e-01   0.000000e+00
  8.750000e+00   8.750000e-01   0.000000e+00
  9.062500e+00   8.750000e-01   0.000000e+00
  9.375000e+00   8.750000e-01   0.000000e+00
  9.687500e+00   8.750000e-01   0.000000e+00
  1.000000e+01   8.750000e-01   0.000000e+00
  0.000000e+00   9.375000e-01   0.000000e+00
  3.125000e-01   9.375000e-01   0.000000e+00
  6.250000e-01   9.375000e-01   0.000000e+00
  9.375000e-01   9.375000e-01   0.000000e+00
  1.250000e+00   9.375000e-01   0.000000e+00
  1.562500e+00   9.375000e-01   0.000000e+00
  1.875000e+00   9.375000e-01   0.000000e+00
  2.187500e+00   9.375000e-01   0.000000e+00
  2.500000e+00   9.375000e-01   0.000000e+00
  2.812500e+00   9.375000e-01   0.000000e+00
  3.125000e+00   9.375000e-01   0.000000e+00
  3.437500e+00   9.375000e-01   0.000000e+00
  3.750000e+00   9.375000e-01   0.000000e+00
  4.062500e+00   9.375000e-01   0.000000e+00
  4.375000e+00   9.375000e-01   0.000000e+00
  4.687500e+00   9.375000e-01   0.000000e+00
  5.000000e+00   9.375000e-01   0.000000e+00
  5.312500e+00   9.375000e-01   0.000000e+00
  5.625000e+00   9.375000e-01   0.000000e+00
  5.937500e+00   9.375000e-01   0.000000e+00
  6.250000e+00   9.375000e-01   0.000000e+00
  6.562500e+00   9.375000e-01   0.000000e+00
  6.875000e+00   9.375000e-01   0.000000e+00
  7.187500e+00   9.375000e-01   0.000000e+00
  7.500000e+00   9.375000e-01   0.000000e+00
  7.812500e+00   9.375000e-01   0.000000e+00
  8.125000e+00   9.375000e-01   0.000000e+00
  8.437500e+00   9.375000e-01   0.000000e+00
  8.750000e+00   9.375000e-01   0.000000e+00
  9.062500e+00   9.375000e-01   0.000000e+00
  9.375000e+00   9.375000e-01   0.000000e+00
  9.687500e+00   9.375000e-01   0.000000e+00
  1.000000e+01   9.375000e-01   0.000000e+00
  0.000000e+00   1.000000e+00   0.000000e+00
  3.125000e-01   1.000000e+00   0.000000e+00
  6.250000e-01   1.000000e+00   0.000000e+00
  9.375000e-01   1.000000e+00   0.000000e+00
  1.250000e+00   1.000000e+00   0.000000e+00
  1.562500e+00   1.000000e+00   0.000000e+00
  1.875000e+00   1.000000e+00   0.000000e+00
  2.187500e+00   1.000000e+00   0.000000e+00
  2.500000e+00   1.000000e+00   0.000000e+00
  2.812500e+00   1.000000e+00   0.000000e+00
  3.125000e+00   1.000000e+00   0.000000e+00
  3.437500e+00   1.000000e+00   0.000000e+00
  3.750000e+00   1.000000e+00   0.000000e+00
  4.062500e+00   1.000000e+00   0.000000e+00
  4.375000e+00   1.000000e+00   0.000000e+00
  4.687500e+00   1.000000e+00   0.000000e+00
  5.000000e+00   1.000000e+00   0.000000e+00
  5.312500e+00   1.000000e+00   0.000000e+00
  5.625000e+00   1.000000e+00   0.000000e+00
  5.937500e+00   1.000000e+00   0.000000e+00
  6.250000e+00   1.000000e+00   0.000000e+00
  6.562500e+00   1.000000e+00   0.000000e+00
  6.875000e+00   1.000000e+00   0.000000e+00
  7.187500e+00   1.000000e+00   0.000000e+00
  7.500000e+00   1.000000e+00   0.000000e+00
  7.812500e+00   1.000000e+00   0.000000e+00
  8.125000e+00   1.000000e+00   0.000000e+00
  8.437500e+00   1.000000e+00   0.000000e+00
  8.750000e+00   1.000000e+00   0.000000e+00
  9.062500e+00   1.000000e+00   0.000000e+00
  9.375000e+00   1.000000e+00   0.000000e+00
  9.687500e+00   1.000000e+00   0.000000e+00
  1.000000e+01   1.000000e+00   0.000000e+00

CELLS 1024 4096
3 0 1 34
3 0 34 33
3 1 2 34
3 2 35 34
3 2 3 36
3 2 36 35
3 3 4 36
3 4 37 36
3 4 5 38
3 4 38 37
3 5 6 38
3 6 39 38
3 6 7 40
3 6 40 39
3 7 8 40
3 8 41 40
3 8 9 42
3 8 42 41
3 9 10 42
3 10 43 42
3 10 11 44
3 10 44 43
3 11 12 44
3 12 45 44
3 12 13 46
3 12 46 45
3 13 14 46
3 14 47 46
3 14 15 48
3 14 48 47
3 15 16 48
3 16 49 48
3 16 17 50
3 16 50 49
3 17 18 50
3 18 51 50
3 18 19 52
3 18 52 51
3 19 20 52
3 20 53 52
3 20 21 54
3 20 54 53
3 21 22 54
3 22 55 54
3 22 23 56
3 22 56 55
3 23 24 56
3 24 57 56
3 24 25 58
3 24 58 57
3 25 26 58
3 26 59 58
3 26 27 60
3 26 60 59
3 27 28 60
3 28 61 60
3 28 29 62
3 28 62 61
3 29 30 62
3 30 63 62
3 30 31 64
3 30 64 63
3 31 32 64
3 32 65 64
3 33 34 66
3 34 67 66
3 34 35 68
3 34 68 67
3 35 36 68
3 36 69 68
3 36 37 70
3 36 70 69
3 37 38 70
3 38 71 70
3 38 39 72
3 38 72 71
3 39 40 72
3 40 73 72
3 40 41 74
3 40 74 73
3 41 42 74
3 42 75 74
3 42 43 76
3 42 76 75
3 43 44 76
3 44 77 76
3 44 45 78
3 44 78 77
3 45 46 78
3 46 79 78
3 46 47 80
3 46 80 79
3 47 48 80
3 48 81 80
3 48 49 82
3 48 82 81
3 49 50 82
3 50 83 82
3 50 51 84
3 50 84 83
3 51 52 84
3 52 85 84
3 52 53 86
3 52 86 85
3 53 54 86
3 54 87 86
3 54 55 88
3 54 88 87
3 55 56 88
3 56 89 88
3 56 57 90
3 56 90 89
3 57 58 90
3 58 91 90
3 58 59 92
3 58 92 91
3 59 60 92
3 60 93 92
3 60 61 94
3 60 94 93
3 61 62 94
3 62 95 94
3 62 63 96
3 62 96 95
3 63 64 96
3 64 97 96
3 64 65 98
3 64 98 97
3 66 67 100
3 66 100 99
3 67 68 100
3 68 101 100
3 68 69 102
3 68 102 101
3 69 70 102
3 70 103 102
3 70 71 104
3 70 104 103
3 71 72 104
3 72 105 104
3 72 73 106
3 72 106 105
3 73 74 106
3 74 107 106
3 74 75 108
3 74 108 107
3 75 76 108
3 76 109 108
3 76 77 110
3 76 110 109
3 77 78 110
3 78 111 110
3 78 79 112
3 78 112 111
3 79 80 112
3 80 113 112
3 80 81 114
3 80 114 113
3 81 82 114
3 82 115 114
3 82 83 116
3 82 116 115
3 83 84 116
3 84 117 116
3 84 85 118
3 84 118 117
3 85 86 118
3 86 119 118
3 86 87 120
3 86 120 119
3 87 88 120
3 88 121 120
3 88 89 122
3 88 122 121
3 89 90 122
3 90 123 122
3 90 91 124
3 90 124 123
3 91 92 124
3 92 125 124
3 92 93 126
3 92 126 125
3 93 94 126
3 94 127 126
3 94 95 128
3 94 128 127
3 95 96 128
3 96 129 128
3 96 97 130
3 96 130 129
3 97 98 130
3 98 131 130
3 99 100 132
3 100 133 132
3 100 101 134
3 100 134 133
3 101 102 134
3 102 135 134
3 102 103 136
3 102 136 135
3 103 104 136
3 104 137 136
3 104 105 138
3 104 138 137
3 105 106 138
3 106 139 138
3 106 107 140
3 106 140 139
3 107 108 140
3 108 141 140
3 108 109 142
3 108 142 141
3 109 110 142
3 110 143 142
3 110 111 144
3 110 144 143
3 111 112 144
3 112 145 144
3 112 113 146
3 112 146 145
3 113 114 146
3 114 147 146
3 114 115 148
3 114 148 147
3 115 116 148
3 116 149 148
3 116 117 150
3 116 150 149
3 117 118 150
3 118 151 150
3 118 119 152
3 118 152 151
3 119 120 152
3 120 153 152
3 120 121 154
3 120 154 153
3 121 122 154
3 122 155 154
3 122 123 156
3 122 156 155
3 123 124 156
3 124 157 156
3 124 125 158
3 124 158 157
3 125 126 158
3 126 159 158
3 126 127 160
3 126 160 159
3 127 128 160
3 128 161 160
3 128 129 162
3 128 162 161
3 129 130 162
3 130 163 162
3 130 131 164
3 130 164 163
3 132 133 166
3 132 166 165
3 133 134 166
3 134 167 166
3 134 135 168
3 134 168 167
3 135 136 168
3 136 169 168
3 136 137 170
3 136 170 169
3 137 138 170
3 138 171 170
3 138 139 172
3 138 172 171
3 139 140 172
3 140 173 172
3 140 141 174
3 140 174 173
3 141 142 174
3 142 175 174
3 142 143 176
3 142 176 175
3 143 144 176
3 144 177 176
3 144 145 178
3 144 178 177
3 145 146 178
3 146 179 178
3 146 147 180
3 146 180 179
3 147 148 180
3 148 181 180
3 148 149 182
3 148 182 181
3 149 150 182
3 150 183 182
3 150 151 184
3 150 184 183
3 151 152 184
3 152 185 184
3 152 153 186
3 152 186 185
3 153 154 186
3 154 187 186
3 154 155 188
3 154 188 187
3 155 156 188
3 156 189 188
3 156 157 190
3 156 190 189
3 157 158 190
3 158 191 190
3 158 159 192
3 158 192 191
3 159 160 192
3 160 193 192
3 160 161 194
3 160 194 193
3 161 162 194
3 162 195 194
3 162 163 196
3 162 196 195
3 163 164 196
3 164 197 196
3 165 166 198
3 166 199 198
3 166 167 200
3 166 200 199
3 167 168 200
3 168 201 200
3 168 169 202
3 168 202 201
3 169 170 202
3 170 203 202
3 170 171 204
3 170 204 203
3 171 172 204
3 172 205 204
3 172 173 206
3 172 206 205
3 173 174 206
3 174 207 206
3 174 175 208
3 174 208 207
3 175 176 208
3 176 209 208
3 176 177 210
3 176 210 209
3 177 178 210
3 178 211 210
3 178 179 212
3 178 212 211
3 179 180 212
3 180 213 212
3 180 181 214
3 180 214 213
3 181 182 214
3 182 215 214
3 182 183 216
3 182 216 215
3 183 184 216
3 184 217 216
3 184 185 218
3 184 218 217
3 185 186 218
3 186 219 218
3 186 187 220
3 186 220 219
3 187 188 220
3 188 221 220
3 188 189 222
3 188 222 221
3 189 190 222
3 190 223 222
3 190 191 224
3 190 224 223
3 191 192 224
3 192 225 224
3 192 193 226
3 192 226 225
3 193 194 226
3 194 227 226
3 194 195 228
3 194 228 227
3 195 196 228
3 196 229 228
3 196 197 230
3 196 230 229
3 198 199 232
3 198 232 231
3 199 200 232
3 200 233 232
3 200 201 234
3 200 234 233
3 201 202 234
3 202 235 234
3 202 203 236
3 202 236 235
3 203 204 236
3 204 237 236
3 204 205 238
3 204 238 237
3 205 206 238
3 206 239 238
3 206 207 240
3 206 240 239
3 207 208 240
3 208 241 240
3 208 209 242
3 208 242 241
3 209 210 242
3 210 243 242
3 210 211 244
3 210 244 243
3 211 212 244
3 212 245 244
3 212 213 246
3 212 246 245
3 213 214 246
3 214 247 246
3 214 215 248
3 214 248 247
3 215 216 248
3 216 249 248
3 216 217 250
3 216 250 249
3 217 218 250
3 218 251 250
3 218 219 252
3 218 252 251
3 219 220 252
3 220 253 252
3 220 221 254
3 220 254 253
3 221 222 254
3 222 255 254
3 222 223 256
3 222 256 255
3 223 224 256
3 224 257 256
3 224 225 258
3 224 258 257
3 225 226 258
3 226 259 258
3 226 227 260
3 226 260 259
3 227 228 260
3 228 261 260
3 228 229 262
3 228 262 261
3 229 230 262
3 230 263 262
3 231 232 264
3 232 265 264
3 232 233 266
3 232 266 265
3 233 234 266
3 234 267 266
3 234 235 268
3 234 268 267
3 235 236 268
3 236 269 268
3 236 237 270
3 236 270 269
3 237 238 270
3 238 271 270
3 238 239 272
3 238 272 271
3 239 240 272
3 240 273 272
3 240 241 274
3 240 274 273
3 241 242 274
3 242 275 274
3 242 243 276
3 242 276 275
3 243 244 276
3 244 277 276
3 244 245 278
3 244 278 277
3 245 246 278
3 246 279 278
3 246 247 280
3 246 280 279
3 247 248 280
3 248 281 280
3 248 249 282
3 248 282 281
3 249 250 282
3 250 283 282
3 250 251 284
3 250 284 283
3 251 252 284
3 252 285 284
3 252 253 286
3 252 286 285
3 253 254 286
3 254 287 286
3 254 255 288
3 254 288 287
3 255 256 288
3 256 289 288
3 256 257 290
3 256 290 289
3 257 258 290
3 258 291 290
3 258 259 292
3 258 292 291
3 259 260 292
3 260 293 292
3 260 261 294
3 260 294 293
3 261 262 294
3 262 295 294
3 262 263 296
3 262 296 295
3 264 265 298
3 264 298 297
3 265 266 298
3 266 299 298
3 266 267 300
3 266 300 299
3 267 268 300
3 268 301 300
3 268 269 302
3 268 302 301
3 269 270 302
3 270 303 302
3 270 271 304
3 270 304 303
3 271 272 304
3 272 305 304
3 272 273 306
3 272 306 305
3 273 274 306
3 274 307 306
3 274 275 308
3 274 308 307
3 275 276 308
3 276 309 308
3 276 277 310
3 276 310 309
3 277 278 310
3 278 311 310
3 278 279 312
3 278 312 311
3 279 280 312
3 280 313 312
3 280 281 314
3 280 314 313
3 281 282 314
3 282 315 314
3 282 283 316
3 282 316 315
3 283 284 316
3 284 317 316
3 284 285 318
3 284 318 317
3 285 286 318
3 286 319 318
3 286 287 320
3 286 320 319
3 287 288 320
3 288 321 320
3 288 289 322
3 288 322 321
3 289 290 322
3 290 323 322
3 290 291 324
3 290 324 323
3 291 292 324
3 292 325 324
3 292 293 326
3 292 326 325
3 293 294 326
3 294 327 326
3 294 295 328
3 294 328 327
3 295 296 328
3 296 329 328
3 297 298 330
3 298 331 330
3 298 299 332
3 298 332 331
3 299 300 332
3 300 333 332
3 300 301 334
3 300 334 333
3 301 302 334
3 302 335 334
3 302 303 336
3 302 336 335
3 303 304 336
3 304 337 336
3 304 305 338
3 304 338 337
3 305 306 338
3 306 339 338
3 306 307 340
3 306 340 339
3 307 308 340
3 308 341 340
3 308 309 342
3 308 342 341
3 309 310 342
3 310 343 342
3 310 311 344
3 310 344 343
3 311 312 344
3 312 345 344
3 312 313 346
3 312 346 345
3 313 314 346
3 314 347 346
3 314 315 348
3 314 348 347
3 315 316 348
3 316 349 348
3 316 317 350
3 316 350 349
3 317 318 350
3 318 351 350
3 318 319 352
3 318 352 351
3 319 320 352
3 320 353 352
3 320 321 354
3 320 354 353
3 321 322 354
3 322 355 354
3 322 323 356
3 322 356 355
3 323 324 356
3 324 357 356
3 324 325 358
3 324 358 357
3 325 326 358
3 326 359 358
3 326 327 360
3 326 360 359
3 327 328 360
3 328 361 360
3 328 329 362
3 328 362 361
3 330 331 364
3 330 364 363
3 331 332 364
3 332 365 364
3 332 333 366
3 332 366 365
3 333 334 366
3 334 367 366
3 334 335 368
3 334 368 367
3 335 336 368
3 336 369 368
3 336 337 370
3 336 370 369
3 337 338 370
3 338 371 370
3 338 339 372
3 338 372 371
3 339 340 372
3 340 373 372
3 340 341 374
3 340 374 373
3 341 342 374
3 342 375 374
3 342 343 376
3 342 376 375
3 343 344 376
3 344 377 376
3 344 345 378
3 344 378 377
3 345 346 378
3 346 379 378
3 346 347 380
3 346 380 379
3 347 348 380
3 348 381 380
3 348 349 382
3 348 382 381
3 349 350 382
3 350 383 382
3 350 351 384
3 350 384 383
3 351 352 384
3 352 385 384
3 352 353 386
3 352 386 385
3 353 354 386
3 354 387 386
3 354 355 388
3 354 388 387
3 355 356 388
3 356 389 388
3 356 357 390
3 356 390 389
3 357 358 390
3 358 391 390
3 358 359 392
3 358 392 391
3 359 360 392
3 360 393 392
3 360 361 394
3 360 394 393
3 361 362 394
3 362 395 394
3 363 364 396
3 364 397 396
3 364 365 398
3 364 398 397
3 365 366 398
3 366 399 398
3 366 367 400
3 366 400 399
3 367 368 400
3 368 401 400
3 368 369 402
3 368 402 401
3 369 370 402
3 370 403 402
3 370 371 404
3 370 404 403
3 371 372 404
3 372 405 404
3 372 373 406
3 372 406 405
3 373 374 406
3 374 407 406
3 374 375 408
3 374 408 407
3 375 376 408
3 376 409 408
3 376 377 410
3 376 410 409
3 377 378 410
3 378 411 410
3 378 379 412
3 378 412 411
3 379 380 412
3 380 413 412
3 380 381 414
3 380 414 413
3 381 382 414
3 382 415 414
3 382 383 416
3 382 416 415
3 383 384 416
3 384 417 416
3 384 385 418
3 384 418 417
3 385 386 418
3 386 419 418
3 386 387 420
3 386 420 419
3 387 388 420
3 388 421 420
3 388 389 422
3 388 422 421
3 389 390 422
3 390 423 422
3 390 391 424
3 390 424 423
3 391 392 424
3 392 425 424
3 392 393 426
3 392 426 425
3 393 394 426
3 394 427 426
3 394 395 428
3 394 428 427
3 396 397 430
3 396 430 429
3 397 398 430
3 398 431 430
3 398 399 432
3 398 432 431
3 399 400 432
3 400 433 432
3 400 401 434
3 400 434 433
3 401 402 434
3 402 435 434
3 402 403 436
3 402 436 435
3 403 404 436
3 404 437 436
3 404 405 438
3 404 438 437
3 405 406 438
3 406 439 438
3 406 407 440
3 406 440 439
3 407 408 440
3 408 441 440
3 408 409 442
3 408 442 441
3 409 410 442
3 410 443 442
3 410 411 444
3 410 444 443
3 411 412 444
3 412 445 444
3 412 413 446
3 412 446 445
3 413 414 446
3 414 447 446
3 414 415 448
3 414 448 447
3 415 416 448
3 416 449 448
3 416 417 450
3 416 450 449
3 417 418 450
3 418 451 450
3 418 419 452
3 418 452 451
3 419 420 452
3 420 453 452
3 420 421 454
3 420 454 453
3 421 422 454
3 422 455 454
3 422 423 456
3 422 456 455
3 423 424 456
3 424 457 456
3 424 425 458
3 424 458 457
3 425 426 458
3 426 459 458
3 426 427 460
3 426 460 459
3 427 428 460
3 428 461 460
3 429 430 462
3 430 463 462
3 430 431 464
3 430 464 463
3 431 432 464
3 432 465 464
3 432 433 466
3 432 466 465
3 433 434 466
3 434 467 466
3 434 435 468
3 434 468 467
3 435 436 468
3 436 469 468
3 436 437 470
3 436 470 469
3 437 438 470
3 438 471 470
3 438 439 472
3 438 472 471
3 439 440 472
3 440 473 472
3 440 441 474
3 440 474 473
3 441 442 474
3 442 475 474
3 442 443 476
3 442 476 475
3 443 444 476
3 444 477 476
3 444 445 478
3 444 478 477
3 445 446 478
3 446 479 478
3 446 447 480
3 446 480 479
3 447 448 480
3 448 481 480
3 448 449 482
3 448 482 481
3 449 450 482
3 450 483 482
3 450 451 484
3 450 484 483
3 451 452 484
3 452 485 484
3 452 453 486
3 452 486 485
3 453 454 486
3 454 487 486
3 454 455 488
3 454 488 487
3 455 456 488
3 456 489 488
3 456 457 490
3 456 490 489
3 457 458 490
3 458 491 490
3 458 459 492
3 458 492 491
3 459 460 492
3 460 493 492
3 460 461 494
3 460 494 493
3 462 463 496
3 462 496 495
3 463 464 496
3 464 497 496
3 464 465 498
3 464 498 497
3 465 466 498
3 466 499 498
3 466 467 500
3 466 500 499
3 467 468 500
3 468 501 500
3 468 469 502
3 468 502 501
3 469 470 502
3 470 503 502
3 470 471 504
3 470 504 503
3 471 472 504
3 472 505 504
3 472 473 506
3 472 506 505
3 473 474 506
3 474 507 506
3 474 475 508
3 474 508 507
3 475 476 508
3 476 509 508
3 476 477 510
3 476 510 509
3 477 478 510
3 478 511 510
3 478 479 512
3 478 512 511
3 479 480 512
3 480 513 512
3 480 481 514
3 480 514 513
3 481 482 514
3 482 515 514
3 482 483 516
3 482 516 515
3 483 484 516
3 484 517 516
3 484 485 518
3 484 518 517
3 485 486 518
3 486 519 518
3 486 487 520
3 486 520 519
3 487 488 520
3 488 521 520
3 488 489 522
3 488 522 521
3 489 490 522
3 490 523 522
3 490 491 524
3 490 524 523
3 491 492 524
3 492 525 524
3 492 493 526
3 492 526 525
3 493 494 526
3 494 527 526
3 495 496 528
3 496 529 528
3 496 497 530
3 496 530 529
3 497 498 530
3 498 531 530
3 498 499 532
3 498 532 531
3 499 500 532
3 500 533 532
3 500 501 534
3 500 534 533
3 501 502 534
3 502 535 534
3 502 503 536
3 502 536 535
3 503 504 536
3 504 537 536
3 504 505 538
3 504 538 537
3 505 506 538
3 506 539 538
3 506 507 540
3 506 540 539
3 507 508 540
3 508 541 540
3 508 509 542
3 508 542 541
3 509 510 542
3 510 543 542
3 510 511 544
3 510 544 543
3 511 512 544
3 512 545 544
3 512 513 546
3 512 546 545
3 513 514 546
3 514 547 546
3 514 515 548
3 514 548 547
3 515 516 548
3 516 549 548
3 516 517 550
3 516 550 549
3 517 518 550
3 518 551 550
3 518 519 552
3 518 552 551
3 519 520 552
3 520 553 552
3 520 521 554
3 520 554 553
3 521 522 554
3 522 555 554
3 522 523 556
3 522 556 555
3 523 524 556
3 524 557 556
3 524 525 558
3 524 558 557
3 525 526 558
3 526 559 558
3 526 527 560
3 526 560 559

CELL_TYPES 1024
5
5
5
5
5
5
5
5
5
5
5
5
5
5
5
5
5
5
5
5
5
5
5
5
5
5
5
5
5
5
5
5
5
5
5
5
5
5
5
5
5
5
5
5
5
5
5
5
5
5
5
5
5
5
5
5
5
5
5
5
5
5
5
5
5
5
5
5
5
5
5
5
5
5
5
5
5
5
5
5
5
5
5
5
5
5
5
5
5
5
5
5
5
5
5
5
5
5
5
5
5
5
5
5
5
5
5
5
5
5
5
5
5
5
5
5
5
5
5
5
5
5
5
5
5
5
5
5
5
5
5
5
5
5
5
5
5
5
5
5
5
5
5
5
5
5
5
5
5
5
5
5
5
5
5
5
5
5
5
5
5
5
5
5
5
5
5
5
5
5
5
5
5
5
5
5
5
5
5
5
5
5
5
5
5
5
5
5
5
5
5
5
5
5
5
5
5
5
5
5
5
5
5
5
5
5
5
5
5
5
5
5
5
5
5
5
5
5
5
5
5
5
5
5
5
5
5
5
5
5
5
5
5
5
5
5
5
5
5
5
5
5
5
5
5
5
5
5
5
5
5
5
5
5
5
5
5
5
5
5
5
5
5
5
5
5
5
5
5
5
5
5
5
5
5
5
5
5
5
5
5
5
5
5
5
5
5
5
5
5
5
5
5
5
5
5
5
5
5
5
5
5
5
5
5
5
5
5
5
5
5
5
5
5
5
5
5
5
5
5
5
5
5
5
5
5
5
5
5
5
5
5
5
5
5
5
5
5
5
5
5
5
5
5
5
5
5
5
5
5
5
5
5
5
5
5
5
5
5
5
5
5
5
5
5
5
5
5
5
5
5
5
5
5
5
5
5
5
5
5
5
5
5
5
5
5
5
5
5
5
5
5
5
5
5
5
5
5
5
5
5
5
5
5
5
5
5
5
5
5
5
5
5
5
5
5
5
5
5
5
5
5
5
5
5
5
5
5
5
5
5
5
5
5
5
5
5
5
5
5
5
5
5
5
5
5
5
5
5
5
5
5
5
5
5
5
5
5
5
5
5
5
5
5
5
5
5
5
5
5
5
5
5
5
5
5
5
5
5
5
5
5
5
5
5
5
5
5
5
5
5
5
5
5
5
5
5
5
5
5
5
5
5
5
5
5
5
5
5
5
5
5
5
5
5
5
5
5
5
5
5
5
5
5
5
5
5
5
5
5
5
5
5
5
5
5
5
5
5
5
5
5
5
5
5
5
5
5
5
5
5
5
5
5
5
5
5
5
5
5
5
5
5
5
5
5
5
5
5
5
5
5
5
5
5
5
5
5
5
5
5
5
5
5
5
5
5
5
5
5
5
5
5
5
5
5
5
5
5
5
5
5
5
5
5
5
5
5
5
5
5
5
5
5
5
5
5
5
5
5
5
5
5
5
5
5
5
5
5
5
5
5
5
5
5
5
5
5
5
5
5
5
5
5
5
5
5
5
5
5
5
5
5
5
5
5
5
5
5
5
5
5
5
5
5
5
5
5
5
5
5
5
5
5
5
5
5
5
5
5
5
5
5
5
5
5
5
5
5
5
5
5
5
5
5
5
5
5
5
5
5
5
5
5
5
5
5
5
5
5
5
5
5
5
5
5
5
5
5
5
5
5
5
5
5
5
5
5
5
5
5
5
5
5
5
5
5
5
5
5
5
5
5
5
5
5
5
5
5
5
5
5
5
5
5
5
5
5
5
5
5
5
5
5
5
5
5
5
5
5
5
5
5
5
5
5
5
5
5
5
5
5
5
5
5
5
5
5
5
5
5
5
5
5
5
5
5
5
5
5
5
5
5
5
5
5
5
5
5
5
5
5
5
5
5
5
5
5
5
5
5
5
5
5
5
5
5
5
5
5
5
5
5
5
5
5
5
5
5
5
5
5
5
5
5
5
5
5
5
5
5
5
5
5
5
5
5
5
5
5
5
5
5
5
5
5
5
5
5
5
5
5
5
5
5
5
5
5
5
5
5
5
5
5
5
5
5
5
5
5
5
5
5
5
5
5
5
5
5
5
5
5
5
5
5
5
5
5
5
5
5
5
5
5
5
5
5
5
5
5
5
5
5
5
5
5
5
5
5
5
5
5
5
5
5
5
5
5
5
5
5
5
5
5
5
5
5
5
5
5
5
5
5
5
5
5
5
5
5
5
5
5
5
5
5
5
5
5
5
5
5
5
5
5
5
5
5
5
5
5
5
5
5
5
5
5
5
5
5
5
5
5
5
5
5
5
5
5
5
5
5
5
5
5
5
5
5
5
5
5
5
5
5
5
5
5
5
5
5
5
5
5
5
5

POINT_DATA 561
VECTORS Displacement float
  0.000000e+00   0.000000e+00   0.000000e+00
 -8.137040e-05  -4.168310e-05   0.000000e+00
 -1.600920e-04  -1.213490e-04   0.000000e+00
 -2.371860e-04  -2.497030e-04   0.000000e+00
 -3.119700e-04  -4.243240e-04   0.000000e+00
 -3.841140e-04  -6.460640e-04   0.000000e+00
 -4.536950e-04  -9.109640e-04   0.000000e+00
 -5.205900e-04  -1.219610e-03   0.000000e+00
 -5.849210e-04  -1.568210e-03   0.000000e+00
 -6.465660e-04  -1.957190e-03   0.000000e+00
 -7.056470e-04  -2.382930e-03   0.000000e+00
 -7.620430e-04  -2.845680e-03   0.000000e+00
 -8.158760e-04  -3.341990e-03   0.000000e+00
 -8.670230e-04  -3.871950e-03   0.000000e+00
 -9.156070e-04  -4.432280e-03   0.000000e+00
 -9.615050e-04  -5.022890e-03   0.000000e+00
 -1.004840e-03  -5.640670e-03   0.000000e+00
 -1.045490e-03  -6.285360e-03   0.000000e+00
 -1.083570e-03  -6.954030e-03   0.000000e+00
 -1.118970e-03  -7.646260e-03   0.000000e+00
 -1.151810e-03  -8.359260e-03   0.000000e+00
 -1.181960e-03  -9.092450e-03   0.000000e+00
 -1.209550e-03  -9.843220e-03   0.000000e+00
 -1.234450e-03  -1.061080e-02   0.000000e+00
 -1.256790e-03  -1.139280e-02   0.000000e+00
 -1.276440e-03  -1.218820e-02   0.000000e+00
 -1.293530e-03  -1.299490e-02   0.000000e+00
 -1.307940e-03  -1.381160e-02   0.000000e+00
 -1.319780e-03  -1.463630e-02   0.000000e+00
 -1.328940e-03  -1.546770e-02   0.000000e+00
 -1.335550e-03  -1.630400e-02   0.000000e+00
 -1.339580e-03  -1.714370e-02   0.000000e+00
 -1.341150e-03  -1.798580e-02   0.000000e+00
  0.000000e+00   0.000000e+00   0.000000e+00
 -6.938680e-05  -3.661450e-05   0.000000e+00
 -1.393480e-04  -1.175160e-04   0.000000e+00
 -2.070200e-04  -2.448220e-04   0.000000e+00
 -2.724250e-04  -4.207800e-04   0.000000e+00
 -3.355960e-04  -6.415100e-04   0.000000e+00
 -3.964320e-04  -9.076730e-04   0.000000e+00
 -4.550120e-04  -1.215390e-03   0.000000e+00
 -5.112540e-04  -1.565170e-03   0.000000e+00
 -5.652400e-04  -1.953310e-03   0.000000e+00
 -6.168900e-04  -2.380140e-03   0.000000e+00
 -6.662830e-04  -2.842130e-03   0.000000e+00
 -7.133400e-04  -3.339460e-03   0.000000e+00
 -7.581410e-04  -3.868740e-03   0.000000e+00
 -8.006040e-04  -4.430000e-03   0.000000e+00
 -8.408120e-04  -5.020020e-03   0.000000e+00
 -8.786830e-04  -5.638640e-03   0.000000e+00
 -9.142980e-04  -6.282830e-03   0.000000e+00
 -9.475760e-04  -6.952260e-03   0.000000e+00
 -9.785980e-04  -7.644070e-03   0.000000e+00
 -1.007280e-03  -8.357740e-03   0.000000e+00
 -1.033710e-03  -9.090600e-03   0.000000e+00
 -1.057800e-03  -9.841960e-03   0.000000e+00
 -1.079640e-03  -1.060930e-02   0.000000e+00
 -1.099140e-03  -1.139180e-02   0.000000e+00
 -1.116380e-03  -1.218710e-02   0.000000e+00
 -1.131290e-03  -1.299410e-02   0.000000e+00
 -1.143940e-03  -1.381070e-02   0.000000e+00
 -1.154250e-03  -1.463580e-02   0.000000e+00
 -1.162310e-03  -1.546720e-02   0.000000e+00
 -1.168040e-03  -1.630370e-02   0.000000e+00
 -1.171540e-03  -1.714350e-02   0.000000e+00
 -1.172880e-03  -1.798560e-02   0.000000e+00
  0.000000e+00   0.000000e+00   0.000000e+00
 -5.888210e-05  -3.360550e-05   0.000000e+00
 -1.188660e-04  -1.130330e-04   0.000000e+00
 -1.770020e-04  -2.417060e-04   0.000000e+00
 -2.331340e-04  -4.166080e-04   0.000000e+00
 -2.872430e-04  -6.386230e-04   0.000000e+00
 -3.394260e-04  -9.038000e-04   0.000000e+00
 -3.895980e-04  -1.212720e-03   0.000000e+00
 -4.378440e-04  -1.561600e-03   0.000000e+00
 -4.840800e-04  -1.950850e-03   0.000000e+00
 -5.283890e-04  -2.376860e-03   0.000000e+00
 -5.706880e-04  -2.839890e-03   0.000000e+00
 -6.110610e-04  -3.336480e-03   0.000000e+00
 -6.494230e-04  -3.866710e-03   0.000000e+00
 -6.858590e-04  -4.427320e-03   0.000000e+00
 -7.202850e-04  -5.018200e-03   0.000000e+00
 -7.527840e-04  -5.636260e-03   0.000000e+00
 -7.832730e-04  -6.281230e-03   0.000000e+00
 -8.118350e-04  -6.950180e-03   0.000000e+00
 -8.383870e-04  -7.642680e-03   0.000000e+00
 -8.630130e-04  -8.355950e-03   0.000000e+00
 -8.856280e-04  -9.089420e-03   0.000000e+00
 -9.063170e-04  -9.840470e-03   0.000000e+00
 -9.249950e-04  -1.060830e-02   0.000000e+00
 -9.417470e-04  -1.139060e-02   0.000000e+00
 -9.564890e-04  -1.218630e-02   0.000000e+00
 -9.693050e-04  -1.299320e-02   0.000000e+00
 -9.801100e-04  -1.381020e-02   0.000000e+00
 -9.889880e-04  -1.463520e-02   0.000000e+00
 -9.958560e-04  -1.546690e-02   0.000000e+00
 -1.000790e-03  -1.630340e-02   0.000000e+00
 -1.003720e-03  -1.714340e-02   0.000000e+00
 -1.004840e-03  -1.798540e-02   0.000000e+00
  0.000000e+00   0.000000e+00   0.000000e+00
 -4.825140e-05  -2.995500e-05   0.000000e+00
 -9.863600e-05  -1.103740e-04   0.000000e+00
 -1.472140e-04  -2.379420e-04   0.000000e+00
 -1.939810e-04  -4.141610e-04   0.000000e+00
 -2.391100e-04  -6.351320e-04   0.000000e+00
 -2.825620e-04  -9.015320e-04   0.000000e+00
 -3.244050e-04  -1.209490e-03   0.000000e+00
 -3.645770e-04  -1.559500e-03   0.000000e+00
 -4.031400e-04  -1.947880e-03   0.000000e+00
 -4.400310e-04  -2.374940e-03   0.000000e+00
 -4.753140e-04  -2.837170e-03   0.000000e+00
 -5.089240e-04  -3.334730e-03   0.000000e+00
 -5.409260e-04  -3.864260e-03   0.000000e+00
 -5.712560e-04  -4.425750e-03   0.000000e+00
 -5.999770e-04  -5.016000e-03   0.000000e+00
 -6.270270e-04  -5.634860e-03   0.000000e+00
 -6.524670e-04  -6.279290e-03   0.000000e+00
 -6.762360e-04  -6.948960e-03   0.000000e+00
 -6.983960e-04  -7.641000e-03   0.000000e+00
 -7.188840e-04  -8.354910e-03   0.000000e+00
 -7.377630e-04  -9.088000e-03   0.000000e+00
 -7.549710e-04  -9.839600e-03   0.000000e+00
 -7.705690e-04  -1.060720e-02   0.000000e+00
 -7.844960e-04  -1.138990e-02   0.000000e+00
 -7.968140e-04  -1.218540e-02   0.000000e+00
 -8.074610e-04  -1.299270e-02   0.000000e+00
 -8.164980e-04  -1.380960e-02   0.000000e+00
 -8.238640e-04  -1.463480e-02   0.000000e+00
 -8.296180e-04  -1.546650e-02   0.000000e+00
 -8.336860e-04  -1.630320e-02   0.000000e+00
 -8.361080e-04  -1.714320e-02   0.000000e+00
 -8.370590e-04  -1.798520e-02   0.000000e+00
  0.000000e+00   0.000000e+00   0.000000e+00
 -3.848710e-05  -2.821450e-05   0.000000e+00
 -7.861240e-05  -1.070550e-04   0.000000e+00
 -1.175470e-04  -2.359580e-04   0.000000e+00
 -1.550160e-04  -4.110870e-04   0.000000e+00
 -1.910940e-04  -6.333070e-04   0.000000e+00
 -2.258820e-04  -8.986820e-04   0.000000e+00
 -2.593300e-04  -1.207800e-03   0.000000e+00
 -2.914940e-04  -1.556870e-03   0.000000e+00
 -3.223180e-04  -1.946320e-03   0.000000e+00
 -3.518570e-04  -2.372530e-03   0.000000e+00
 -3.800570e-04  -2.835750e-03   0.000000e+00
 -4.069710e-04  -3.332540e-03   0.000000e+00
 -4.325470e-04  -3.862970e-03   0.000000e+00
 -4.568370e-04  -4.423770e-03   0.000000e+00
 -4.797880e-04  -5.014850e-03   0.000000e+00
 -5.014530e-04  -5.633110e-03   0.000000e+00
 -5.217800e-04  -6.278280e-03   0.000000e+00
 -5.408210e-04  -6.947420e-03   0.000000e+00
 -5.585220e-04  -7.640120e-03   0.000000e+00
 -5.749390e-04  -8.353590e-03   0.000000e+00
 -5.900160e-04  -9.087260e-03   0.000000e+00
 -6.038080e-04  -9.838500e-03   0.000000e+00
 -6.162610e-04  -1.060660e-02   0.000000e+00
 -6.274290e-04  -1.138900e-02   0.000000e+00
 -6.372570e-04  -1.218490e-02   0.000000e+00
 -6.458000e-04  -1.299200e-02   0.000000e+00
 -6.530040e-04  -1.380920e-02   0.000000e+00
 -6.589230e-04  -1.463440e-02   0.000000e+00
 -6.634980e-04  -1.546630e-02   0.000000e+00
 -6.667690e-04  -1.630300e-02   0.000000e+00
 -6.686750e-04  -1.714320e-02   0.000000e+00
 -6.694130e-04  -1.798490e-02   0.000000e+00
  0.000000e+00   0.000000e+00   0.000000e+00
 -2.853550e-05  -2.576530e-05   0.000000e+00
 -5.880390e-05  -1.055990e-04   0.000000e+00
 -8.804740e-05  -2.333270e-04   0.000000e+00
 -1.161420e-04  -4.097410e-04   0.000000e+00
 -1.432250e-04  -6.308790e-04   0.000000e+00
 -1.692960e-04  -8.974380e-04   0.000000e+00
 -1.944020e-04  -1.205550e-03   0.000000e+00
 -2.185050e-04  -1.555720e-03   0.000000e+00
 -2.416430e-04  -1.944250e-03   0.000000e+00
 -2.637770e-04  -2.371480e-03   0.000000e+00
 -2.849470e-04  -2.833870e-03   0.000000e+00
 -3.051130e-04  -3.331580e-03   0.000000e+00
 -3.243140e-04  -3.861260e-03   0.000000e+00
 -3.425120e-04  -4.422910e-03   0.000000e+00
 -3.597450e-04  -5.013330e-03   0.000000e+00
 -3.759740e-04  -5.632340e-03   0.000000e+00
 -3.912390e-04  -6.276930e-03   0.000000e+00
 -4.055000e-04  -6.946750e-03   0.000000e+00
 -4.187960e-04  -7.638950e-03   0.000000e+00
 -4.310890e-04  -8.353020e-03   0.000000e+00
 -4.424170e-04  -9.086270e-03   0.000000e+00
 -4.527410e-04  -9.838020e-03   0.000000e+00
 -4.621000e-04  -1.060580e-02   0.000000e+00
 -4.704560e-04  -1.138860e-02   0.000000e+00
 -4.778470e-04  -1.218430e-02   0.000000e+00
 -4.842350e-04  -1.299170e-02   0.000000e+00
 -4.896580e-04  -1.380880e-02   0.000000e+00
 -4.940760e-04  -1.463420e-02   0.000000e+00
 -4.975270e-04  -1.546600e-02   0.000000e+00
 -4.999540e-04  -1.630290e-02   0.000000e+00
 -5.013750e-04  -1.714310e-02   0.000000e+00
 -5.019510e-04  -1.798470e-02   0.000000e+00
  0.000000e+00   0.000000e+00   0.000000e+00
 -1.905110e-05  -2.512650e-05   0.000000e+00
 -3.911260e-05  -1.034730e-04   0.000000e+00
 -5.863040e-05  -2.324930e-04   0.000000e+00
 -7.738430e-05  -4.077690e-04   0.000000e+00
 -9.542650e-05  -6.301170e-04   0.000000e+00
 -1.128200e-04  -8.956110e-04   0.000000e+00
 -1.295440e-04  -1.204850e-03   0.000000e+00
 -1.456260e-04  -1.554040e-03   0.000000e+00
 -1.610380e-04  -1.943610e-03   0.000000e+00
 -1.758080e-04  -2.369930e-03   0.000000e+00
 -1.899080e-04  -2.833270e-03   0.000000e+00
 -2.033650e-04  -3.330180e-03   0.000000e+00
 -2.161530e-04  -3.860730e-03   0.000000e+00
 -2.282980e-04  -4.421650e-03   0.000000e+00
 -2.397730e-04  -5.012850e-03   0.000000e+00
 -2.506060e-04  -5.631220e-03   0.000000e+00
 -2.607690e-04  -6.276510e-03   0.000000e+00
 -2.702900e-04  -6.945770e-03   0.000000e+00
 -2.791410e-04  -7.638580e-03   0.000000e+00
 -2.873490e-04  -8.352180e-03   0.000000e+00
 -2.948880e-04  -9.085960e-03   0.000000e+00
 -3.017830e-04  -9.837320e-03   0.000000e+00
 -3.080100e-04  -1.060550e-02   0.000000e+00
 -3.135940e-04  -1.138810e-02   0.000000e+00
 -3.185080e-04  -1.218410e-02   0.000000e+00
 -3.227790e-04  -1.299130e-02   0.000000e+00
 -3.263820e-04  -1.380860e-02   0.000000e+00
 -3.293410e-04  -1.463390e-02   0.000000e+00
 -3.316260e-04  -1.546600e-02   0.000000e+00
 -3.332540e-04  -1.630280e-02   0.000000e+00
 -3.341930e-04  -1.714300e-02   0.000000e+00
 -3.345620e-04  -1.798460e-02   0.000000e+00
  0.000000e+00   0.000000e+00   0.000000e+00
 -9.451230e-06  -2.374270e-05   0.000000e+00
 -1.953780e-05  -1.032160e-04   0.000000e+00
 -2.930070e-05  -2.310110e-04   0.000000e+00
 -3.867260e-05  -4.075280e-04   0.000000e+00
 -4.770160e-05  -6.287520e-04   0.000000e+00
 -5.639180e-05  -8.953900e-04   0.000000e+00
 -6.476040e-05  -1.203580e-03   0.000000e+00
 -7.279460e-05  -1.553830e-03   0.000000e+00
 -8.050730e-05  -1.942440e-03   0.000000e+00
 -8.788550e-05  -2.369750e-03   0.000000e+00
 -9.494210e-05  -2.832210e-03   0.000000e+00
 -1.016640e-04  -3.330010e-03   0.000000e+00
 -1.080650e-04  -3.859770e-03   0.000000e+00
 -1.141300e-04  -4.421490e-03   0.000000e+00
 -1.198750e-04  -5.011990e-03   0.000000e+00
 -1.252850e-04  -5.631080e-03   0.000000e+00
 -1.303730e-04  -6.275750e-03   0.000000e+00
 -1.351260e-04  -6.945650e-03   0.000000e+00
 -1.395580e-04  -7.637930e-03   0.000000e+00
 -1.436560e-04  -8.352070e-03   0.000000e+00
 -1.474320e-04  -9.085400e-03   0.000000e+00
 -1.508730e-04  -9.837230e-03   0.000000e+00
 -1.539930e-04  -1.060500e-02   0.000000e+00
 -1.567780e-04  -1.138800e-02   0.000000e+00
 -1.592420e-04  -1.218370e-02   0.000000e+00
 -1.613710e-04  -1.299130e-02   0.000000e+00
 -1.631790e-04  -1.380840e-02   0.000000e+00
 -1.646520e-04  -1.463390e-02   0.000000e+00
 -1.658010e-04  -1.546580e-02   0.000000e+00
 -1.666080e-04  -1.630280e-02   0.000000e+00
 -1.670760e-04  -1.714300e-02   0.000000e+00
 -1.672690e-04  -1.798450e-02   0.000000e+00
  0.000000e+00   0.000000e+00   0.000000e+00
  9.319900e-18  -2.412100e-05   0.000000e+00
  1.949270e-17  -1.022820e-04   0.000000e+00
  2.987440e-17  -2.313350e-04   0.000000e+00
  3.966400e-17  -4.066620e-04   0.000000e+00
  4.971910e-17  -6.290540e-04   0.000000e+00
  6.081700e-17  -8.945880e-04   0.000000e+00
  7.168270e-17  -1.203860e-03   0.000000e+00
  8.214190e-17  -1.553090e-03   0.000000e+00
  9.188270e-17  -1.942700e-03   0.000000e+00
  1.030060e-16  -2.369070e-03   0.000000e+00
  1.138140e-16  -2.832450e-03   0.000000e+00
  1.233890e-16  -3.329390e-03   0.000000e+00
  1.306260e-16  -3.859980e-03   0.000000e+00
  1.374500e-16  -4.420940e-03   0.000000e+00
  1.503790e-16  -5.012180e-03   0.000000e+00
  1.629420e-16  -5.630590e-03   0.000000e+00
  1.726190e-16  -6.275910e-03   0.000000e+00
  1.783920e-16  -6.945220e-03   0.000000e+00
  1.827150e-16  -7.638070e-03   0.000000e+00
  1.943970e-16  -8.351700e-03   0.000000e+00
  2.031250e-16  -9.085520e-03   0.000000e+00
  2.046030e-16  -9.836920e-03   0.000000e+00
  2.014180e-16  -1.060510e-02   0.000000e+00
  1.980160e-16  -1.138780e-02   0.000000e+00
  2.059710e-16  -1.218380e-02   0.000000e+00
  2.165290e-16  -1.299110e-02   0.000000e+00
  2.251890e-16  -1.380840e-02   0.000000e+00
  2.376570e-16  -1.463380e-02   0.000000e+00
  2.469810e-16  -1.546590e-02   0.000000e+00
  2.567530e-16  -1.630270e-02   0.000000e+00
  2.521850e-16  -1.714300e-02   0.000000e+00
  2.390670e-16  -1.798450e-02   0.000000e+00
  0.000000e+00   0.000000e+00   0.000000e+00
  9.451230e-06  -2.374270e-05   0.000000e+00
  1.953780e-05  -1.032160e-04   0.000000e+00
  2.930070e-05  -2.310110e-04   0.000000e+00
  3.867260e-05  -4.075280e-04   0.000000e+00
  4.770160e-05  -6.287520e-04   0.000000e+00
  5.639180e-05  -8.953900e-04   0.000000e+00
  6.476040e-05  -1.203580e-03   0.000000e+00
  7.279460e-05  -1.553830e-03   0.000000e+00
  8.050730e-05  -1.942440e-03   0.000000e+00
  8.788550e-05  -2.369750e-03   0.000000e+00
  9.494210e-05  -2.832210e-03   0.000000e+00
  1.016640e-04  -3.330010e-03   0.000000e+00
  1.080650e-04  -3.859770e-03   0.000000e+00
  1.141300e-04  -4.421490e-03   0.000000e+00
  1.198750e-04  -5.011990e-03   0.000000e+00
  1.252850e-04  -5.631080e-03   0.000000e+00
  1.303730e-04  -6.275750e-03   0.000000e+00
  1.351260e-04  -6.945650e-03   0.000000e+00
  1.395580e-04  -7.637930e-03   0.000000e+00
  1.436560e-04  -8.352070e-03   0.000000e+00
  1.474320e-04  -9.085400e-03   0.000000e+00
  1.508730e-04  -9.837230e-03   0.000000e+00
  1.539930e-04  -1.060500e-02   0.000000e+00
  1.567780e-04  -1.138800e-02   0.000000e+00
  1.592420e-04  -1.218370e-02   0.000000e+00
  1.613710e-04  -1.299130e-02   0.000000e+00
  1.631790e-04  -1.380840e-02   0.000000e+00
  1.646520e-04  -1.463390e-02   0.000000e+00
  1.658010e-04  -1.546580e-02   0.000000e+00
  1.666080e-04  -1.630280e-02   0.000000e+00
  1.670760e-04  -1.714300e-02   0.000000e+00
  1.672690e-04  -1.798450e-02   0.000000e+00
  0.000000e+00   0.000000e+00   0.000000e+00
  1.905110e-05  -2.512650e-05   0.000000e+00
  3.911260e-05  -1.034730e-04   0.000000e+00
  5.863040e-05  -2.324930e-04   0.000000e+00
  7.738430e-05  -4.077690e-04   0.000000e+00
  9.542650e-05  -6.301170e-04   0.000000e+00
  1.128200e-04  -8.956110e-04   0.000000e+00
  1.295440e-04  -1.204850e-03   0.000000e+00
  1.456260e-04  -1.554040e-03   0.000000e+00
  1.610380e-04  -1.943610e-03   0.000000e+00
  1.758080e-04  -2.369930e-03   0.000000e+00
  1.899080e-04  -2.833270e-03   0.000000e+00
  2.033650e-04  -3.330180e-03   0.000000e+00
  2.161530e-04  -3.860730e-03   0.000000e+00
  2.282980e-04  -4.421650e-03   0.000000e+00
  2.397730e-04  -5.012850e-03   0.000000e+00
  2.506060e-04  -5.631220e-03   0.000000e+00
  2.607690e-04  -6.276510e-03   0.000000e+00
  2.702900e-04  -6.945770e-03   0.000000e+00
  2.791410e-04  -7.638580e-03   0.000000e+00
  2.873490e-04  -8.352180e-03   0.000000e+00
  2.948880e-04  -9.085960e-03   0.000000e+00
  3.017830e-04  -9.837320e-03   0.000000e+00
  3.080100e-04  -1.060550e-02   0.000000e+00
  3.135940e-04  -1.138810e-02   0.000000e+00
  3.185080e-04  -1.218410e-02   0.000000e+00
  3.227790e-04  -1.299130e-02   0.000000e+00
  3.263820e-04  -1.380860e-02   0.000000e+00
  3.293410e-04  -1.463390e-02   0.000000e+00
  3.316260e-04  -1.546600e-02   0.000000e+00
  3.332540e-04  -1.630280e-02   0.000000e+00
  3.341930e-04  -1.714300e-02   0.000000e+00
  3.345620e-04  -1.798460e-02   0.000000e+00
  0.000000e+00   0.000000e+00   0.000000e+00
  2.853550e-05  -2.576530e-05   0.000000e+00
  5.880390e-05  -1.055990e-04   0.000000e+00
  8.804740e-05  -2.333270e-04   0.000000e+00
  1.161420e-04  -4.097410e-04   0.000000e+00
  1.432250e-04  -6.308790e-04   0.000000e+00
  1.692960e-04  -8.974380e-04   0.000000e+00
  1.944020e-04  -1.205550e-03   0.000000e+00
  2.185050e-04  -1.555720e-03   0.000000e+00
  2.416430e-04  -1.944250e-03   0.000000e+00
  2.637770e-04  -2.371480e-03   0.000000e+00
  2.849470e-04  -2.833870e-03   0.000000e+00
  3.051130e-04  -3.331580e-03   0.000000e+00
  3.243140e-04  -3.861260e-03   0.000000e+00
  3.425120e-04  -4.422910e-03   0.000000e+00
  3.597450e-04  -5.013330e-03   0.000000e+00
  3.759740e-04  -5.632340e-03   0.000000e+00
  3.912390e-04  -6.276930e-03   0.000000e+00
  4.055000e-04  -6.946750e-03   0.000000e+00
  4.187960e-04  -7.638950e-03   0.000000e+00
  4.310890e-04  -8.353020e-03   0.000000e+00
  4.424170e-04  -9.086270e-03   0.000000e+00
  4.527410e-04  -9.838020e-03   0.000000e+00
  4.621000e-04  -1.060580e-02   0.000000e+00
  4.704560e-04  -1.138860e-02   0.000000e+00
  4.778470e-04  -1.218430e-02   0.000000e+00
  4.842350e-04  -1.299170e-02   0.000000e+00
  4.896580e-04  -1.380880e-02   0.000000e+00
  4.940760e-04  -1.463420e-02   0.000000e+00
  4.975270e-04  -1.546600e-02   0.000000e+00
  4.999540e-04  -1.630290e-02   0.000000e+00
  5.013750e-04  -1.714310e-02   0.000000e+00
  5.019510e-04  -1.798470e-02   0.000000e+00
  0.000000e+00   0.000000e+00   0.000000e+00
  3.848710e-05  -2.821450e-05   0.000000e+00
  7.861240e-05  -1.070550e-04   0.000000e+00
  1.175470e-04  -2.359580e-04   0.000000e+00
  1.550160e-04  -4.110870e-04   0.000000e+00
  1.910940e-04  -6.333070e-04   0.000000e+00
  2.258820e-04  -8.986820e-04   0.000000e+00
  2.593300e-04  -1.207800e-03   0.000000e+00
  2.914940e-04  -1.556870e-03   0.000000e+00
  3.223180e-04  -1.946320e-03   0.000000e+00
  3.518570e-04  -2.372530e-03   0.000000e+00
  3.800570e-04  -2.835750e-03   0.000000e+00
  4.069710e-04  -3.332540e-03   0.000000e+00
  4.325470e-04  -3.862970e-03   0.000000e+00
  4.568370e-04  -4.423770e-03   0.000000e+00
  4.797880e-04  -5.014850e-03   0.000000e+00
  5.014530e-04  -5.633110e-03   0.000000e+00
  5.217800e-04  -6.278280e-03   0.000000e+00
  5.408210e-04  -6.947420e-03   0.000000e+00
  5.585220e-04  -7.640120e-03   0.000000e+00
  5.749390e-04  -8.353590e-03   0.000000e+00
  5.900160e-04  -9.087260e-03   0.000000e+00
  6.038080e-04  -9.838500e-03   0.000000e+00
  6.162610e-04  -1.060660e-02   0.000000e+00
  6.274290e-04  -1.138900e-02   0.000000e+00
  6.372570e-04  -1.218490e-02   0.000000e+00
  6.458000e-04  -1.299200e-02   0.000000e+00
  6.530040e-04  -1.380920e-02   0.000000e+00
  6.589230e-04  -1.463440e-02   0.000000e+00
  6.634980e-04  -1.546630e-02   0.000000e+00
  6.667690e-04  -1.630300e-02   0.000000e+00
  6.686750e-04  -1.714320e-02   0.000000e+00
  6.694130e-04  -1.798490e-02   0.000000e+00
  0.000000e+00   0.000000e+00   0.000000e+00
  4.825140e-05  -2.995500e-05   0.000000e+00
  9.863600e-05  -1.103740e-04   0.000000e+00
  1.472140e-04  -2.379420e-04   0.000000e+00
  1.939810e-04  -4.141610e-04   0.000000e+00
  2.391100e-04  -6.351320e-04   0.000000e+00
  2.825620e-04  -9.015320e-04   0.000000e+00
  3.244050e-04  -1.209490e-03   0.000000e+00
  3.645770e-04  -1.559500e-03   0.000000e+00
  4.031400e-04  -1.947880e-03   0.000000e+00
  4.400310e-04  -2.374940e-03   0.000000e+00
  4.753140e-04  -2.837170e-03   0.000000e+00
  5.089240e-04  -3.334730e-03   0.000000e+00
  5.409260e-04  -3.864260e-03   0.000000e+00
  5.712560e-04  -4.425750e-03   0.000000e+00
  5.999770e-04  -5.016000e-03   0.000000e+00
  6.270270e-04  -5.634860e-03   0.000000e+00
  6.524670e-04  -6.279290e-03   0.000000e+00
  6.762360e-04  -6.948960e-03   0.000000e+00
  6.983960e-04  -7.641000e-03   0.000000e+00
  7.188840e-04  -8.354910e-03   0.000000e+00
  7.377630e-04  -9.088000e-03   0.000000e+00
  7.549710e-04  -9.839600e-03   0.000000e+00
  7.705690e-04  -1.060720e-02   0.000000e+00
  7.844960e-04  -1.138990e-02   0.000000e+00
  7.968140e-04  -1.218540e-02   0.000000e+00
  8.074610e-04  -1.299270e-02   0.000000e+00
  8.164980e-04  -1.380960e-02   0.000000e+00
  8.238640e-04  -1.463480e-02   0.000000e+00
  8.296180e-04  -1.546650e-02   0.000000e+00
  8.336860e-04  -1.630320e-02   0.000000e+00
  8.361080e-04  -1.714320e-02   0.000000e+00
  8.370590e-04  -1.798520e-02   0.000000e+00
  0.000000e+00   0.000000e+00   0.000000e+00
  5.888210e-05  -3.360550e-05   0.000000e+00
  1.188660e-04  -1.130330e-04   0.000000e+00
  1.770020e-04  -2.417060e-04   0.000000e+00
  2.331340e-04  -4.166080e-04   0.000000e+00
  2.872430e-04  -6.386230e-04   0.000000e+00
  3.394260e-04  -9.038000e-04   0.000000e+00
  3.895980e-04  -1.212720e-03   0.000000e+00
  4.378440e-04  -1.561600e-03   0.000000e+00
  4.840800e-04  -1.950850e-03   0.000000e+00
  5.283890e-04  -2.376860e-03   0.000000e+00
  5.706880e-04  -2.839890e-03   0.000000e+00
  6.110610e-04  -3.336480e-03   0.000000e+00
  6.494230e-04  -3.866710e-03   0.000000e+00
  6.858590e-04  -4.427320e-03   0.000000e+00
  7.202850e-04  -5.018200e-03   0.000000e+00
  7.527840e-04  -5.636260e-03   0.000000e+00
  7.832730e-04  -6.281230e-03   0.000000e+00
  8.118350e-04  -6.950180e-03   0.000000e+00
  8.383870e-04  -7.642680e-03   0.000000e+00
  8.630130e-04  -8.355950e-03   0.000000e+00
  8.856280e-04  -9.089420e-03   0.000000e+00
  9.063170e-04  -9.840470e-03   0.000000e+00
  9.249950e-04  -1.060830e-02   0.000000e+00
  9.417470e-04  -1.139060e-02   0.000000e+00
  9.564890e-04  -1.218630e-02   0.000000e+00
  9.693050e-04  -1.299320e-02   0.000000e+00
  9.801100e-04  -1.381020e-02   0.000000e+00
  9.889880e-04  -1.463520e-02   0.000000e+00
  9.958560e-04  -1.546690e-02   0.000000e+00
  1.000790e-03  -1.630340e-02   0.000000e+00
  1.003720e-03  -1.714340e-02   0.000000e+00
  1.004840e-03  -1.798540e-02   0.000000e+00
  0.000000e+00   0.000000e+00   0.000000e+00
  6.938680e-05  -3.661450e-05   0.000000e+00
  1.393480e-04  -1.175160e-04   0.000000e+00
  2.070200e-04  -2.448220e-04   0.000000e+00
  2.724250e-04  -4.207800e-04   0.000000e+00
  3.355960e-04  -6.415100e-04   0.000000e+00
  3.964320e-04  -9.076730e-04   0.000000e+00
  4.550120e-04  -1.215390e-03   0.000000e+00
  5.112540e-04  -1.565170e-03   0.000000e+00
  5.652400e-04  -1.953310e-03   0.000000e+00
  6.168900e-04  -2.380140e-03   0.000000e+00
  6.662830e-04  -2.842130e-03   0.000000e+00
  7.133400e-04  -3.339460e-03   0.000000e+00
  7.581410e-04  -3.868740e-03   0.000000e+00
  8.006040e-04  -4.430000e-03   0.000000e+00
  8.408120e-04  -5.020020e-03   0.000000e+00
  8.786830e-04  -5.638640e-03   0.000000e+00
  9.142980e-04  -6.282830e-03   0.000000e+00
  9.475760e-04  -6.952260e-03   0.000000e+00
  9.785980e-04  -7.644070e-03   0.000000e+00
  1.007280e-03  -8.357740e-03   0.000000e+00
  1.033710e-03  -9.090600e-03   0.000000e+00
  1.057800e-03  -9.841960e-03   0.000000e+00
  1.079640e-03  -1.060930e-02   0.000000e+00
  1.099140e-03  -1.139180e-02   0.000000e+00
  1.116380e-03  -1.218710e-02   0.000000e+00
  1.131290e-03  -1.299410e-02   0.000000e+00
  1.143940e-03  -1.381070e-02   0.000000e+00
  1.154250e-03  -1.463580e-02   0.000000e+00
  1.162310e-03  -1.546720e-02   0.000000e+00
  1.168040e-03  -1.630370e-02   0.000000e+00
  1.171540e-03  -1.714350e-02   0.000000e+00
  1.172880e-03  -1.798560e-02   0.000000e+00
  0.000000e+00   0.000000e+00   0.000000e+00
  8.137040e-05  -4.168310e-05   0.000000e+00
  1.600920e-04  -1.213490e-04   0.000000e+00
  2.371860e-04  -2.497030e-04   0.000000e+00
  3.119700e-04  -4.243240e-04   0.000000e+00
  3.841140e-04  -6.460640e-04   0.000000e+00
  4.536950e-04  -9.109640e-04   0.000000e+00
  5.205900e-04  -1.219610e-03   0.000000e+00
  5.849210e-04  -1.568210e-03   0.000000e+00
  6.465660e-04  -1.957190e-03   0.000000e+00
  7.056470e-04  -2.382930e-03   0.000000e+00
  7.620430e-04  -2.845680e-03   0.000000e+00
  8.158760e-04  -3.341990e-03   0.000000e+00
  8.670230e-04  -3.871950e-03   0.000000e+00
  9.156070e-04  -4.432280e-03   0.000000e+00
  9.615050e-04  -5.022890e-03   0.000000e+00
  1.004840e-03  -5.640670e-03   0.000000e+00
  1.045490e-03  -6.285360e-03   0.000000e+00
  1.083570e-03  -6.954030e-03   0.000000e+00
  1.118970e-03  -7.646260e-03   0.000000e+00
  1.151810e-03  -8.359260e-03   0.000000e+00
  1.181960e-03  -9.092450e-03   0.000000e+00
  1.209550e-03  -9.843220e-03   0.000000e+00
  1.234450e-03  -1.061080e-02   0.000000e+00
  1.256790e-03  -1.139280e-02   0.000000e+00
  1.276440e-03  -1.218820e-02   0.000000e+00
  1.293530e-03  -1.299490e-02   0.000000e+00
  1.307940e-03  -1.381160e-02   0.000000e+00
  1.319780e-03  -1.463630e-02   0.000000e+00
  1.328940e-03  -1.546770e-02   0.000000e+00
  1.335550e-03  -1.630400e-02   0.000000e+00
  1.339580e-03  -1.714370e-02   0.000000e+00
  1.341150e-03  -1.798580e-02   0.000000e+00

CELL_DATA 1024
SCALARS Sigma_X float 1
LOOKUP_TABLE default
 -5.188040e+07
 -4.879950e+07
 -5.001760e+07
 -4.515960e+07
 -4.907130e+07
 -4.354940e+07
 -4.744740e+07
 -4.225920e+07
 -4.593400e+07
 -4.068870e+07
 -4.413240e+07
 -3.931300e+07
 -4.259840e+07
 -3.772670e+07
 -4.079560e+07
 -3.634950e+07
 -3.926240e+07
 -3.476350e+07
 -3.745990e+07
 -3.338650e+07
 -3.592660e+07
 -3.180040e+07
 -3.412410e+07
 -3.042340e+07
 -3.259090e+07
 -2.883740e+07
 -3.078840e+07
 -2.746040e+07
 -2.925510e+07
 -2.587430e+07
 -2.745260e+07
 -2.449730e+07
 -2.591940e+07
 -2.291130e+07
 -2.411690e+07
 -2.153430e+07
 -2.258360e+07
 -1.994830e+07
 -2.078110e+07
 -1.857130e+07
 -1.924790e+07
 -1.698520e+07
 -1.744540e+07
 -1.560820e+07
 -1.591210e+07
 -1.402220e+07
 -1.410960e+07
 -1.264520e+07
 -1.257640e+07
 -1.105910e+07
 -1.077380e+07
 -9.682130e+06
 -9.240520e+06
 -8.096040e+06
 -7.437910e+06
 -6.719070e+06
 -5.905950e+06
 -5.134110e+06
 -4.118440e+06
 -3.764780e+06
 -2.640120e+06
 -2.195370e+06
 -9.086640e+05
 -7.692980e+05
 -4.879950e+07
 -3.823730e+07
 -4.447420e+07
 -3.901220e+07
 -4.286410e+07
 -3.759920e+07
 -4.159790e+07
 -3.618930e+07
 -4.002740e+07
 -3.500920e+07
 -3.869920e+07
 -3.365450e+07
 -3.711290e+07
 -3.246650e+07
 -3.578300e+07
 -3.111150e+07
 -3.419690e+07
 -2.992340e+07
 -3.286720e+07
 -2.856840e+07
 -3.128110e+07
 -2.738030e+07
 -2.995130e+07
 -2.602530e+07
 -2.836530e+07
 -2.483710e+07
 -2.703550e+07
 -2.348220e+07
 -2.544940e+07
 -2.229400e+07
 -2.411970e+07
 -2.093900e+07
 -2.253360e+07
 -1.975090e+07
 -2.120380e+07
 -1.839590e+07
 -1.961780e+07
 -1.720780e+07
 -1.828800e+07
 -1.585280e+07
 -1.670200e+07
 -1.466460e+07
 -1.537220e+07
 -1.330970e+07
 -1.378610e+07
 -1.212150e+07
 -1.245630e+07
 -1.076660e+07
 -1.087030e+07
 -9.578410e+06
 -9.540500e+06
 -8.223430e+06
 -7.954410e+06
 -7.035290e+06
 -6.624690e+06
 -5.680340e+06
 -5.039730e+06
 -4.492870e+06
 -3.716090e+06
 -3.134780e+06
 -2.146680e+06
 -1.938190e+06
 -6.957450e+05
 -6.659960e+05
 -3.756050e+07
 -3.393500e+07
 -3.833550e+07
 -3.263030e+07
 -3.691640e+07
 -3.135950e+07
 -3.550660e+07
 -3.031010e+07
 -3.437180e+07
 -2.915740e+07
 -3.301710e+07
 -2.816690e+07
 -3.187640e+07
 -2.703580e+07
 -3.052140e+07
 -2.604410e+07
 -2.938050e+07
 -2.491270e+07
 -2.802550e+07
 -2.392090e+07
 -2.688450e+07
 -2.278950e+07
 -2.552960e+07
 -2.179770e+07
 -2.438860e+07
 -2.066630e+07
 -2.303370e+07
 -1.967450e+07
 -2.189270e+07
 -1.854310e+07
 -2.053780e+07
 -1.755130e+07
 -1.939680e+07
 -1.641990e+07
 -1.804180e+07
 -1.542810e+07
 -1.690090e+07
 -1.429670e+07
 -1.554590e+07
 -1.330490e+07
 -1.440500e+07
 -1.217350e+07
 -1.305000e+07
 -1.118170e+07
 -1.190910e+07
 -1.005030e+07
 -1.055410e+07
 -9.058510e+06
 -9.413170e+06
 -7.927100e+06
 -8.058200e+06
 -6.935320e+06
 -6.917280e+06
 -5.803950e+06
 -5.562330e+06
 -4.812310e+06
 -4.422000e+06
 -3.679370e+06
 -3.063910e+06
 -2.683880e+06
 -1.908350e+06
 -1.525840e+06
 -6.361570e+05
 -4.371200e+05
 -3.393500e+07
 -2.523170e+07
 -3.193400e+07
 -2.638390e+07
 -3.066320e+07
 -2.528960e+07
 -2.964920e+07
 -2.425910e+07
 -2.849650e+07
 -2.344900e+07
 -2.755310e+07
 -2.254140e+07
 -2.642200e+07
 -2.174280e+07
 -2.547760e+07
 -2.083900e+07
 -2.434620e+07
 -2.003970e+07
 -2.340160e+07
 -1.913570e+07
 -2.227020e+07
 -1.833650e+07
 -2.132560e+07
 -1.743250e+07
 -2.019420e+07
 -1.663320e+07
 -1.924960e+07
 -1.572920e+07
 -1.811820e+07
 -1.492990e+07
 -1.717360e+07
 -1.402590e+07
 -1.604220e+07
 -1.322660e+07
 -1.509760e+07
 -1.232260e+07
 -1.396620e+07
 -1.152330e+07
 -1.302170e+07
 -1.061930e+07
 -1.189020e+07
 -9.820050e+06
 -1.094570e+07
 -8.916050e+06
 -9.814250e+06
 -8.116770e+06
 -8.869670e+06
 -7.212770e+06
 -7.738260e+06
 -6.413490e+06
 -6.793690e+06
 -5.509510e+06
 -5.662320e+06
 -4.710290e+06
 -4.717910e+06
 -3.806150e+06
 -3.584970e+06
 -3.006340e+06
 -2.635710e+06
 -2.089240e+06
 -1.477670e+06
 -1.256230e+06
 -4.227180e+05
 -4.346720e+05
 -2.448400e+07
 -2.006890e+07
 -2.563620e+07
 -1.975210e+07
 -2.460690e+07
 -1.903130e+07
 -2.357640e+07
 -1.833900e+07
 -2.281160e+07
 -1.762740e+07
 -2.190410e+07
 -1.702250e+07
 -2.115260e+07
 -1.634420e+07
 -2.024890e+07
 -1.573960e+07
 -1.949680e+07
 -1.506110e+07
 -1.859280e+07
 -1.445630e+07
 -1.784080e+07
 -1.377770e+07
 -1.693680e+07
 -1.317290e+07
 -1.618470e+07
 -1.249430e+07
 -1.528070e+07
 -1.188950e+07
 -1.452860e+07
 -1.121100e+07
 -1.362460e+07
 -1.060620e+07
 -1.287250e+07
 -9.927620e+06
 -1.196850e+07
 -9.322820e+06
 -1.121650e+07
 -8.644260e+06
 -1.031250e+07
 -8.039450e+06
 -9.560390e+06
 -7.360900e+06
 -8.656400e+06
 -6.756090e+06
 -7.904320e+06
 -6.077530e+06
 -7.000330e+06
 -5.472730e+06
 -6.248250e+06
 -4.794180e+06
 -5.344280e+06
 -4.189390e+06
 -4.592270e+06
 -3.510890e+06
 -3.688130e+06
 -2.906200e+06
 -2.935400e+06
 -2.224980e+06
 -2.018300e+06
 -1.612430e+06
 -1.232070e+06
 -9.046930e+05
 -4.105180e+05
 -2.152950e+05
 -2.006890e+07
 -1.272480e+07
 -1.904480e+07
 -1.343530e+07
 -1.832390e+07
 -1.284690e+07
 -1.767850e+07
 -1.230970e+07
 -1.696690e+07
 -1.188570e+07
 -1.640880e+07
 -1.142970e+07
 -1.573050e+07
 -1.101890e+07
 -1.517300e+07
 -1.056700e+07
 -1.449460e+07
 -1.015560e+07
 -1.393700e+07
 -9.703550e+06
 -1.325840e+07
 -9.292210e+06
 -1.270080e+07
 -8.840100e+06
 -1.202220e+07
 -8.428770e+06
 -1.146470e+07
 -7.976660e+06
 -1.078610e+07
 -7.565320e+06
 -1.022850e+07
 -7.113210e+06
 -9.549940e+06
 -6.701880e+06
 -8.992350e+06
 -6.249770e+06
 -8.313790e+06
 -5.838440e+06
 -7.756200e+06
 -5.386330e+06
 -7.077640e+06
 -4.974990e+06
 -6.520040e+06
 -4.522880e+06
 -5.841490e+06
 -4.111550e+06
 -5.283890e+06
 -3.659440e+06
 -4.605340e+06
 -3.248110e+06
 -4.047760e+06
 -2.796020e+06
 -3.369260e+06
 -2.384750e+06
 -2.811750e+06
 -1.932450e+06
 -2.130520e+06
 -1.520370e+06
 -1.564900e+06
 -1.057790e+06
 -8.571620e+05
 -6.201140e+05
 -2.369220e+05
 -2.190270e+05
 -1.193870e+07
 -6.647020e+06
 -1.264930e+07
 -6.822240e+06
 -1.216380e+07
 -6.594590e+06
 -1.162650e+07
 -6.337270e+06
 -1.124840e+07
 -6.096190e+06
 -1.079250e+07
 -5.878720e+06
 -1.042870e+07
 -5.652610e+06
 -9.976830e+06
 -5.435340e+06
 -9.612740e+06
 -5.209210e+06
 -9.160630e+06
 -4.991840e+06
 -8.796510e+06
 -4.765690e+06
 -8.344400e+06
 -4.548320e+06
 -7.980270e+06
 -4.322160e+06
 -7.528160e+06
 -4.104800e+06
 -7.164040e+06
 -3.878640e+06
 -6.711930e+06
 -3.661270e+06
 -6.347810e+06
 -3.435120e+06
 -5.895700e+06
 -3.217750e+06
 -5.531570e+06
 -2.991590e+06
 -5.079460e+06
 -2.774220e+06
 -4.715340e+06
 -2.548070e+06
 -4.263230e+06
 -2.330700e+06
 -3.899110e+06
 -2.104540e+06
 -3.447000e+06
 -1.887170e+06
 -3.082870e+06
 -1.661020e+06
 -2.630790e+06
 -1.443660e+06
 -2.266710e+06
 -1.217530e+06
 -1.814420e+06
 -1.000220e+06
 -1.449380e+06
 -7.727950e+05
 -9.867940e+05
 -5.516860e+05
 -6.001170e+05
 -3.138380e+05
 -1.990300e+05
 -5.109770e+04
 -6.647020e+06
 -3.990640e+05
 -6.108560e+06
 -3.990640e+05
 -5.880910e+06
 -3.417120e+05
 -5.677000e+06
 -3.417120e+05
 -5.435910e+06
 -3.185860e+05
 -5.265000e+06
 -3.185860e+05
 -5.038900e+06
 -2.950620e+05
 -4.868820e+06
 -2.950620e+05
 -4.642690e+06
 -2.714570e+05
 -4.472540e+06
 -2.714570e+05
 -4.246380e+06
 -2.478520e+05
 -4.076220e+06
 -2.478520e+05
 -3.850070e+06
 -2.242470e+05
 -3.679910e+06
 -2.242470e+05
 -3.453750e+06
 -2.006420e+05
 -3.283590e+06
 -2.006420e+05
 -3.057440e+06
 -1.770370e+05
 -2.887280e+06
 -1.770370e+05
 -2.661120e+06
 -1.534320e+05
 -2.490960e+06
 -1.534320e+05
 -2.264810e+06
 -1.298270e+05
 -2.094650e+06
 -1.298270e+05
 -1.868490e+06
 -1.062220e+05
 -1.698330e+06
 -1.062220e+05
 -1.472180e+06
 -8.261710e+04
 -1.302030e+06
 -8.261710e+04
 -1.075900e+06
 -5.901860e+04
 -9.057340e+05
 -5.901860e+04
 -6.783090e+05
 -3.550760e+04
 -5.045720e+05
 -3.550760e+04
 -2.667240e+05
 -9.248340e+03
 -8.987610e+04
 -9.248340e+03
  3.990640e+05
  6.647020e+06
  3.990640e+05
  6.108560e+06
  3.417120e+05
  5.880910e+06
  3.417120e+05
  5.677000e+06
  3.185860e+05
  5.435910e+06
  3.185860e+05
  5.265000e+06
  2.950620e+05
  5.038900e+06
  2.950620e+05
  4.868820e+06
  2.714570e+05
  4.642690e+06
  2.714570e+05
  4.472540e+06
  2.478520e+05
  4.246380e+06
  2.478520e+05
  4.076220e+06
  2.242470e+05
  3.850070e+06
  2.242470e+05
  3.679910e+06
  2.006420e+05
  3.453750e+06
  2.006420e+05
  3.283590e+06
  1.770370e+05
  3.057440e+06
  1.770370e+05
  2.887280e+06
  1.534320e+05
  2.661120e+06
  1.534320e+05
  2.490960e+06
  1.298270e+05
  2.264810e+06
  1.298270e+05
  2.094650e+06
  1.062220e+05
  1.868490e+06
  1.062220e+05
  1.698330e+06
  8.261710e+04
  1.472180e+06
  8.261710e+04
  1.302030e+06
  5.901860e+04
  1.075900e+06
  5.901860e+04
  9.057340e+05
  3.550760e+04
  6.783090e+05
  3.550760e+04
  5.045720e+05
  9.248340e+03
  2.667240e+05
  9.248340e+03
  8.987610e+04
  6.647020e+06
  1.193870e+07
  6.822240e+06
  1.264930e+07
  6.594590e+06
  1.216380e+07
  6.337270e+06
  1.162650e+07
  6.096190e+06
  1.124840e+07
  5.878720e+06
  1.079250e+07
  5.652610e+06
  1.042870e+07
  5.435340e+06
  9.976830e+06
  5.209210e+06
  9.612740e+06
  4.991840e+06
  9.160630e+06
  4.765690e+06
  8.796510e+06
  4.548320e+06
  8.344400e+06
  4.322160e+06
  7.980270e+06
  4.104800e+06
  7.528160e+06
  3.878640e+06
  7.164040e+06
  3.661270e+06
  6.711930e+06
  3.435120e+06
  6.347810e+06
  3.217750e+06
  5.895700e+06
  2.991590e+06
  5.531570e+06
  2.774220e+06
  5.079460e+06
  2.548070e+06
  4.715340e+06
  2.330700e+06
  4.263230e+06
  2.104540e+06
  3.899110e+06
  1.887170e+06
  3.447000e+06
  1.661020e+06
  3.082870e+06
  1.443660e+06
  2.630790e+06
  1.217530e+06
  2.266710e+06
  1.000220e+06
  1.814420e+06
  7.727950e+05
  1.449380e+06
  5.516860e+05
  9.867940e+05
  3.138380e+05
  6.001170e+05
  5.109770e+04
  1.990300e+05
  1.272480e+07
  2.006890e+07
  1.343530e+07
  1.904480e+07
  1.284690e+07
  1.832390e+07
  1.230970e+07
  1.767850e+07
  1.188570e+07
  1.696690e+07
  1.142970e+07
  1.640880e+07
  1.101890e+07
  1.573050e+07
  1.056700e+07
  1.517300e+07
  1.015560e+07
  1.449460e+07
  9.703550e+06
  1.393700e+07
  9.292210e+06
  1.325840e+07
  8.840100e+06
  1.270080e+07
  8.428770e+06
  1.202220e+07
  7.976660e+06
  1.146470e+07
  7.565320e+06
  1.078610e+07
  7.113210e+06
  1.022850e+07
  6.701880e+06
  9.549940e+06
  6.249770e+06
  8.992350e+06
  5.838440e+06
  8.313790e+06
  5.386330e+06
  7.756200e+06
  4.974990e+06
  7.077640e+06
  4.522880e+06
  6.520040e+06
  4.111550e+06
  5.841490e+06
  3.659440e+06
  5.283890e+06
  3.248110e+06
  4.605340e+06
  2.796020e+06
  4.047760e+06
  2.384750e+06
  3.369260e+06
  1.932450e+06
  2.811750e+06
  1.520370e+06
  2.130520e+06
  1.057790e+06
  1.564900e+06
  6.201140e+05
  8.571620e+05
  2.190270e+05
  2.369220e+05
  2.006890e+07
  2.448400e+07
  1.975210e+07
  2.563620e+07
  1.903130e+07
  2.460690e+07
  1.833900e+07
  2.357640e+07
  1.762740e+07
  2.281160e+07
  1.702250e+07
  2.190410e+07
  1.634420e+07
  2.115260e+07
  1.573960e+07
  2.024890e+07
  1.506110e+07
  1.949680e+07
  1.445630e+07
  1.859280e+07
  1.377770e+07
  1.784080e+07
  1.317290e+07
  1.693680e+07
  1.249430e+07
  1.618470e+07
  1.188950e+07
  1.528070e+07
  1.121100e+07
  1.452860e+07
  1.060620e+07
  1.362460e+07
  9.927620e+06
  1.287250e+07
  9.322820e+06
  1.196850e+07
  8.644260e+06
  1.121650e+07
  8.039450e+06
  1.031250e+07
  7.360900e+06
  9.560390e+06
  6.756090e+06
  8.656400e+06
  6.077530e+06
  7.904320e+06
  5.472730e+06
  7.000330e+06
  4.794180e+06
  6.248250e+06
  4.189390e+06
  5.344280e+06
  3.510890e+06
  4.592270e+06
  2.906200e+06
  3.688130e+06
  2.224980e+06
  2.935400e+06
  1.612430e+06
  2.018300e+06
  9.046930e+05
  1.232070e+06
  2.152950e+05
  4.105180e+05
  2.523170e+07
  3.393500e+07
  2.638390e+07
  3.193400e+07
  2.528960e+07
  3.066320e+07
  2.425910e+07
  2.964920e+07
  2.344900e+07
  2.849650e+07
  2.254140e+07
  2.755310e+07
  2.174280e+07
  2.642200e+07
  2.083900e+07
  2.547760e+07
  2.003970e+07
  2.434620e+07
  1.913570e+07
  2.340160e+07
  1.833650e+07
  2.227020e+07
  1.743250e+07
  2.132560e+07
  1.663320e+07
  2.019420e+07
  1.572920e+07
  1.924960e+07
  1.492990e+07
  1.811820e+07
  1.402590e+07
  1.717360e+07
  1.322660e+07
  1.604220e+07
  1.232260e+07
  1.509760e+07
  1.152330e+07
  1.396620e+07
  1.061930e+07
  1.302170e+07
  9.820050e+06
  1.189020e+07
  8.916050e+06
  1.094570e+07
  8.116770e+06
  9.814250e+06
  7.212770e+06
  8.869670e+06
  6.413490e+06
  7.738260e+06
  5.509510e+06
  6.793690e+06
  4.710290e+06
  5.662320e+06
  3.806150e+06
  4.717910e+06
  3.006340e+06
  3.584970e+06
  2.089240e+06
  2.635710e+06
  1.256230e+06
  1.477670e+06
  4.346720e+05
  4.227180e+05
  3.393500e+07
  3.756050e+07
  3.263030e+07
  3.833550e+07
  3.135950e+07
  3.691640e+07
  3.031010e+07
  3.550660e+07
  2.915740e+07
  3.437180e+07
  2.816690e+07
  3.301710e+07
  2.703580e+07
  3.187640e+07
  2.604410e+07
  3.052140e+07
  2.491270e+07
  2.938050e+07
  2.392090e+07
  2.802550e+07
  2.278950e+07
  2.688450e+07
  2.179770e+07
  2.552960e+07
  2.066630e+07
  2.438860e+07
  1.967450e+07
  2.303370e+07
  1.854310e+07
  2.189270e+07
  1.755130e+07
  2.053780e+07
  1.641990e+07
  1.939680e+07
  1.542810e+07
  1.804180e+07
  1.429670e+07
  1.690090e+07
  1.330490e+07
  1.554590e+07
  1.217350e+07
  1.440500e+07
  1.118170e+07
  1.305000e+07
  1.005030e+07
  1.190910e+07
  9.058510e+06
  1.055410e+07
  7.927100e+06
  9.413170e+06
  6.935320e+06
  8.058200e+06
  5.803950e+06
  6.917280e+06
  4.812310e+06
  5.562330e+06
  3.679370e+06
  4.422000e+06
  2.683880e+06
  3.063910e+06
  1.525840e+06
  1.908350e+06
  4.371200e+05
  6.361570e+05
  3.823730e+07
  4.879950e+07
  3.901220e+07
  4.447420e+07
  3.759920e+07
  4.286410e+07
  3.618930e+07
  4.159790e+07
  3.500920e+07
  4.002740e+07
  3.365450e+07
  3.869920e+07
  3.246650e+07
  3.711290e+07
  3.111150e+07
  3.578300e+07
  2.992340e+07
  3.419690e+07
  2.856840e+07
  3.286720e+07
  2.738030e+07
  3.128110e+07
  2.602530e+07
  2.995130e+07
  2.483710e+07
  2.836530e+07
  2.348220e+07
  2.703550e+07
  2.229400e+07
  2.544940e+07
  2.093900e+07
  2.411970e+07
  1.975090e+07
  2.253360e+07
  1.839590e+07
  2.120380e+07
  1.720780e+07
  1.961780e+07
  1.585280e+07
  1.828800e+07
  1.466460e+07
  1.670200e+07
  1.330970e+07
  1.537220e+07
  1.212150e+07
  1.378610e+07
  1.076660e+07
  1.245630e+07
  9.578410e+06
  1.087030e+07
  8.223430e+06
  9.540500e+06
  7.035290e+06
  7.954410e+06
  5.680340e+06
  6.624690e+06
  4.492870e+06
  5.039730e+06
  3.134780e+06
  3.716090e+06
  1.938190e+06
  2.146680e+06
  6.659960e+05
  6.957450e+05
  4.879950e+07
  5.188040e+07
  4.515960e+07
  5.001760e+07
  4.354940e+07
  4.907130e+07
  4.225920e+07
  4.744740e+07
  4.068870e+07
  4.593400e+07
  3.931300e+07
  4.413240e+07
  3.772670e+07
  4.259840e+07
  3.634950e+07
  4.079560e+07
  3.476350e+07
  3.926240e+07
  3.338650e+07
  3.745990e+07
  3.180040e+07
  3.592660e+07
  3.042340e+07
  3.412410e+07
  2.883740e+07
  3.259090e+07
  2.746040e+07
  3.078840e+07
  2.587430e+07
  2.925510e+07
  2.449730e+07
  2.745260e+07
  2.291130e+07
  2.591940e+07
  2.153430e+07
  2.411690e+07
  1.994830e+07
  2.258360e+07
  1.857130e+07
  2.078110e+07
  1.698520e+07
  1.924790e+07
  1.560820e+07
  1.744540e+07
  1.402220e+07
  1.591210e+07
  1.264520e+07
  1.410960e+07
  1.105910e+07
  1.257640e+07
  9.682130e+06
  1.077380e+07
  8.096040e+06
  9.240520e+06
  6.719070e+06
  7.437910e+06
  5.134110e+06
  5.905950e+06
  3.764780e+06
  4.118440e+06
  2.195370e+06
  2.640120e+06
  7.692980e+05
  9.086640e+05
SCALARS Sigma_Y float 1
LOOKUP_TABLE default
  6.555520e+05
 -1.463990e+07
  1.214400e+06
 -1.280860e+06
  8.953400e+05
 -7.978180e+05
  1.382510e+06
 -1.334480e+06
  7.921940e+05
 -8.633320e+05
  1.332690e+06
 -1.260930e+06
  7.131240e+05
 -7.850300e+05
  1.253960e+06
 -1.182110e+06
  6.344770e+05
 -7.062900e+05
  1.175230e+06
 -1.103420e+06
  5.557950e+05
 -6.276060e+05
  1.096550e+06
 -1.024740e+06
  4.771120e+05
 -5.489230e+05
  1.017870e+06
 -9.460550e+05
  3.984290e+05
 -4.702400e+05
  9.391840e+05
 -8.673720e+05
  3.197460e+05
 -3.915570e+05
  8.605010e+05
 -7.886890e+05
  2.410630e+05
 -3.128740e+05
  7.818180e+05
 -7.100060e+05
  1.623790e+05
 -2.341910e+05
  7.031350e+05
 -6.313230e+05
  8.369640e+04
 -1.555080e+05
  6.244520e+05
 -5.526400e+05
  5.009200e+03
 -7.682430e+04
  5.457720e+05
 -4.739520e+05
 -7.370510e+04
  1.876120e+03
  4.670780e+05
 -3.952820e+05
 -1.500380e+05
  8.020520e+04
  3.862150e+05
 -3.240570e+05
 -2.016370e+05
  1.467660e+05
  3.177990e+05
  2.837610e+05
 -1.463990e+07
 -1.842480e+06
  1.003680e+06
 -2.074970e+06
  1.486720e+06
 -1.306370e+06
  8.697190e+05
 -8.834120e+05
  1.340870e+06
 -1.265060e+06
  7.849200e+05
 -8.586520e+05
  1.260820e+06
 -1.186840e+06
  7.062790e+05
 -7.803560e+05
  1.182100e+06
 -1.108100e+06
  6.276070e+05
 -7.016100e+05
  1.103420e+06
 -1.029420e+06
  5.489230e+05
 -6.229260e+05
  1.024740e+06
 -9.507360e+05
  4.702400e+05
 -5.442430e+05
  9.460550e+05
 -8.720530e+05
  3.915570e+05
 -4.655600e+05
  8.673720e+05
 -7.933690e+05
  3.128740e+05
 -3.868770e+05
  7.886890e+05
 -7.146860e+05
  2.341910e+05
 -3.081940e+05
  7.100060e+05
 -6.360030e+05
  1.555080e+05
 -2.295110e+05
  6.313230e+05
 -5.573200e+05
  7.682520e+04
 -1.508280e+05
  5.526410e+05
 -4.786310e+05
 -1.860270e+03
 -7.213910e+04
  4.739670e+05
 -3.999490e+05
 -8.068870e+04
  6.536870e+03
  3.947990e+05
 -3.254520e+05
 -1.617630e+05
  8.197460e+04
  3.090600e+05
 -2.092020e+05
  5.289370e+05
  1.724550e+05
  4.133690e+05
 -1.018050e+07
  1.808850e+05
 -1.280570e+06
  9.695500e+05
 -8.993320e+05
  1.392510e+06
 -1.262620e+06
  8.598300e+05
 -9.168030e+05
  1.266240e+06
 -1.192690e+06
  7.802450e+05
 -8.533590e+05
  1.186730e+06
 -1.113930e+06
  7.016080e+05
 -7.745100e+05
  1.108100e+06
 -1.035230e+06
  6.229260e+05
 -6.958010e+05
  1.029420e+06
 -9.565440e+05
  5.442430e+05
 -6.171180e+05
  9.507360e+05
 -8.778610e+05
  4.655600e+05
 -5.384350e+05
  8.720530e+05
 -7.991780e+05
  3.868770e+05
 -4.597520e+05
  7.933690e+05
 -7.204950e+05
  3.081940e+05
 -3.810690e+05
  7.146860e+05
 -6.418110e+05
  2.295110e+05
 -3.023860e+05
  6.360030e+05
 -5.631280e+05
  1.508280e+05
 -2.237030e+05
  5.573200e+05
 -4.844430e+05
  7.215030e+04
 -1.450180e+05
  4.786420e+05
 -4.057310e+05
 -6.575830e+03
 -6.631890e+04
  3.999100e+05
 -3.281960e+05
 -8.923240e+04
  1.168720e+04
  3.181940e+05
 -2.670570e+05
 -1.097380e+05
  8.035360e+04
  2.719180e+05
  5.707180e+05
 -1.018050e+07
 -1.999950e+06
  1.040600e+06
 -2.345610e+06
  1.421830e+06
 -1.238650e+06
  9.405330e+05
 -9.294990e+05
  1.286350e+06
 -1.196700e+06
  8.531450e+05
 -9.244460e+05
  1.192480e+06
 -1.119200e+06
  7.744690e+05
 -8.480750e+05
  1.113880e+06
 -1.040460e+06
  6.958010e+05
 -7.692600e+05
  1.035230e+06
 -9.617720e+05
  6.171180e+05
 -6.905730e+05
  9.565440e+05
 -8.830890e+05
  5.384350e+05
 -6.118900e+05
  8.778610e+05
 -8.044060e+05
  4.597520e+05
 -5.332070e+05
  7.991780e+05
 -7.257230e+05
  3.810690e+05
 -4.545240e+05
  7.204950e+05
 -6.470400e+05
  3.023860e+05
 -3.758410e+05
  6.418110e+05
 -5.683560e+05
  2.237030e+05
 -2.971580e+05
  5.631280e+05
 -4.896730e+05
  1.450220e+05
 -2.184740e+05
  4.844470e+05
 -4.109760e+05
  6.636150e+04
 -1.397850e+05
  4.057740e+05
 -3.324050e+05
 -1.351950e+04
 -6.116280e+04
  3.263640e+05
 -2.614110e+05
 -1.064930e+05
  1.372010e+04
  2.409180e+05
 -1.207410e+05
  6.187260e+05
  1.257260e+05
  4.924100e+05
 -6.020680e+06
  1.467490e+05
 -1.267730e+06
  1.037130e+06
 -1.051490e+06
  1.346280e+06
 -1.194200e+06
  9.278270e+05
 -9.807210e+05
  1.200080e+06
 -1.124680e+06
  8.478840e+05
 -9.211800e+05
  1.119010e+06
 -1.046000e+06
  7.692540e+05
 -8.424490e+05
  1.040450e+06
 -9.672980e+05
  6.905730e+05
 -7.637300e+05
  9.617720e+05
 -8.886140e+05
  6.118900e+05
 -6.850470e+05
  8.830890e+05
 -8.099310e+05
  5.332070e+05
 -6.063640e+05
  8.044060e+05
 -7.312480e+05
  4.545240e+05
 -5.276810e+05
  7.257230e+05
 -6.525650e+05
  3.758410e+05
 -4.489980e+05
  6.470400e+05
 -5.738820e+05
  2.971580e+05
 -3.703150e+05
  5.683560e+05
 -4.951990e+05
  2.184750e+05
 -2.916320e+05
  4.896740e+05
 -4.165130e+05
  1.398050e+05
 -2.129470e+05
  4.109960e+05
 -3.378030e+05
  6.099720e+04
 -1.342540e+05
  3.322390e+05
 -2.607130e+05
 -2.494420e+04
 -5.634560e+04
  2.501870e+05
 -1.962470e+05
 -4.022980e+04
  1.607570e+04
  2.062360e+05
  5.099630e+05
 -6.020680e+06
 -1.773500e+06
  1.090090e+06
 -1.986670e+06
  1.306340e+06
 -1.185140e+06
  1.007550e+06
 -1.023960e+06
  1.221030e+06
 -1.128910e+06
  9.210910e+05
 -9.921140e+05
  1.124590e+06
 -1.051400e+06
  8.423990e+05
 -9.158280e+05
  1.045950e+06
 -9.726740e+05
  7.637300e+05
 -8.370430e+05
  9.672980e+05
 -8.939890e+05
  6.850470e+05
 -7.583560e+05
  8.886150e+05
 -8.153060e+05
  6.063640e+05
 -6.796730e+05
  8.099310e+05
 -7.366230e+05
  5.276810e+05
 -6.009900e+05
  7.312480e+05
 -6.579400e+05
  4.489980e+05
 -5.223070e+05
  6.525650e+05
 -5.792570e+05
  3.703150e+05
 -4.436240e+05
  5.738820e+05
 -5.005740e+05
  2.916320e+05
 -3.649400e+05
  4.951990e+05
 -4.218900e+05
  2.129520e+05
 -2.862570e+05
  4.165170e+05
 -3.431960e+05
  1.342940e+05
 -2.075690e+05
  3.378430e+05
 -2.646480e+05
  5.412520e+04
 -1.289580e+05
  2.584920e+05
 -1.917430e+05
 -3.781000e+04
 -5.296810e+04
  1.745120e+05
 -6.434530e+04
  4.378740e+05
  5.598090e+04
  8.465760e+05
 -1.994100e+06
  6.334030e+05
 -1.222810e+06
  1.092120e+06
 -1.154520e+06
  1.253300e+06
 -1.130880e+06
  9.951840e+05
 -1.058550e+06
  1.131980e+06
 -1.056770e+06
  9.156850e+05
 -9.889400e+05
  1.051260e+06
 -9.781290e+05
  8.370370e+05
 -9.102920e+05
  9.726680e+05
 -8.994370e+05
  7.583560e+05
 -8.315910e+05
  8.939890e+05
 -8.207540e+05
  6.796730e+05
 -7.529080e+05
  8.153060e+05
 -7.420710e+05
  6.009900e+05
 -6.742250e+05
  7.366230e+05
 -6.633880e+05
  5.223070e+05
 -5.955410e+05
  6.579400e+05
 -5.847050e+05
  4.436240e+05
 -5.168580e+05
  5.792570e+05
 -5.060220e+05
  3.649400e+05
 -4.381750e+05
  5.005740e+05
 -4.273390e+05
  2.862580e+05
 -3.594920e+05
  4.218910e+05
 -3.486540e+05
  2.075850e+05
 -2.808080e+05
  3.432110e+05
 -2.699620e+05
  1.287920e+05
 -2.021230e+05
  2.644820e+05
 -1.920850e+05
  4.491010e+04
 -1.238570e+05
  1.836850e+05
 -1.183020e+05
  2.312020e+03
 -4.694770e+04
  1.226380e+05
  2.416740e+05
 -1.994100e+06
 -1.330210e+06
  1.156130e+06
 -1.330210e+06
  1.224420e+06
 -1.139040e+06
  1.070040e+06
 -1.139040e+06
  1.142370e+06
 -1.061950e+06
  9.889370e+05
 -1.061950e+06
  1.056770e+06
 -9.835420e+05
  9.102690e+05
 -9.835420e+05
  9.781060e+05
 -9.048560e+05
  8.315910e+05
 -9.048560e+05
  8.994370e+05
 -8.261720e+05
  7.529080e+05
 -8.261720e+05
  8.207540e+05
 -7.474890e+05
  6.742250e+05
 -7.474890e+05
  7.420710e+05
 -6.688060e+05
  5.955410e+05
 -6.688060e+05
  6.633880e+05
 -5.901230e+05
  5.168580e+05
 -5.901230e+05
  5.847050e+05
 -5.114400e+05
  4.381750e+05
 -5.114400e+05
  5.060220e+05
 -4.327570e+05
  3.594920e+05
 -4.327570e+05
  4.273390e+05
 -3.540740e+05
  2.808100e+05
 -3.540740e+05
  3.486560e+05
 -2.753900e+05
  2.021380e+05
 -2.753900e+05
  2.699770e+05
 -1.967290e+05
  1.228700e+05
 -1.967290e+05
  1.910970e+05
 -1.183590e+05
  3.874390e+04
 -1.183590e+05
  1.100980e+05
 -3.082780e+04
  1.124130e+05
 -3.082780e+04
  1.330210e+06
  1.994100e+06
  1.330210e+06
 -1.156130e+06
  1.139040e+06
 -1.224420e+06
  1.139040e+06
 -1.070040e+06
  1.061950e+06
 -1.142370e+06
  1.061950e+06
 -9.889370e+05
  9.835420e+05
 -1.056770e+06
  9.835420e+05
 -9.102690e+05
  9.048560e+05
 -9.781060e+05
  9.048560e+05
 -8.315910e+05
  8.261720e+05
 -8.994370e+05
  8.261720e+05
 -7.529080e+05
  7.474890e+05
 -8.207540e+05
  7.474890e+05
 -6.742250e+05
  6.688060e+05
 -7.420710e+05
  6.688060e+05
 -5.955410e+05
  5.901230e+05
 -6.633880e+05
  5.901230e+05
 -5.168580e+05
  5.114400e+05
 -5.847050e+05
  5.114400e+05
 -4.381750e+05
  4.327570e+05
 -5.060220e+05
  4.327570e+05
 -3.594920e+05
  3.540740e+05
 -4.273390e+05
  3.540740e+05
 -2.808100e+05
  2.753900e+05
 -3.486560e+05
  2.753900e+05
 -2.021380e+05
  1.967290e+05
 -2.699770e+05
  1.967290e+05
 -1.228700e+05
  1.183590e+05
 -1.910970e+05
  1.183590e+05
 -3.874390e+04
  3.082780e+04
 -1.100980e+05
  3.082780e+04
 -1.124130e+05
  1.994100e+06
 -8.465760e+05
  1.222810e+06
 -6.334030e+05
  1.154520e+06
 -1.092120e+06
  1.130880e+06
 -1.253300e+06
  1.058550e+06
 -9.951840e+05
  1.056770e+06
 -1.131980e+06
  9.889400e+05
 -9.156850e+05
  9.781290e+05
 -1.051260e+06
  9.102920e+05
 -8.370370e+05
  8.994370e+05
 -9.726680e+05
  8.315910e+05
 -7.583560e+05
  8.207540e+05
 -8.939890e+05
  7.529080e+05
 -6.796730e+05
  7.420710e+05
 -8.153060e+05
  6.742250e+05
 -6.009900e+05
  6.633880e+05
 -7.366230e+05
  5.955410e+05
 -5.223070e+05
  5.847050e+05
 -6.579400e+05
  5.168580e+05
 -4.436240e+05
  5.060220e+05
 -5.792570e+05
  4.381750e+05
 -3.649400e+05
  4.273390e+05
 -5.005740e+05
  3.594920e+05
 -2.862580e+05
  3.486540e+05
 -4.218910e+05
  2.808080e+05
 -2.075850e+05
  2.699620e+05
 -3.432110e+05
  2.021230e+05
 -1.287920e+05
  1.920850e+05
 -2.644820e+05
  1.238570e+05
 -4.491010e+04
  1.183020e+05
 -1.836850e+05
  4.694770e+04
 -2.312020e+03
 -2.416740e+05
 -1.226380e+05
  1.773500e+06
  6.020680e+06
  1.986670e+06
 -1.090090e+06
  1.185140e+06
 -1.306340e+06
  1.023960e+06
 -1.007550e+06
  1.128910e+06
 -1.221030e+06
  9.921140e+05
 -9.210910e+05
  1.051400e+06
 -1.124590e+06
  9.158280e+05
 -8.423990e+05
  9.726740e+05
 -1.045950e+06
  8.370430e+05
 -7.637300e+05
  8.939890e+05
 -9.672980e+05
  7.583560e+05
 -6.850470e+05
  8.153060e+05
 -8.886150e+05
  6.796730e+05
 -6.063640e+05
  7.366230e+05
 -8.099310e+05
  6.009900e+05
 -5.276810e+05
  6.579400e+05
 -7.312480e+05
  5.223070e+05
 -4.489980e+05
  5.792570e+05
 -6.525650e+05
  4.436240e+05
 -3.703150e+05
  5.005740e+05
 -5.738820e+05
  3.649400e+05
 -2.916320e+05
  4.218900e+05
 -4.951990e+05
  2.862570e+05
 -2.129520e+05
  3.431960e+05
 -4.165170e+05
  2.075690e+05
 -1.342940e+05
  2.646480e+05
 -3.378430e+05
  1.289580e+05
 -5.412520e+04
  1.917430e+05
 -2.584920e+05
  5.296810e+04
  3.781000e+04
  6.434530e+04
 -1.745120e+05
 -5.598090e+04
 -4.378740e+05
  6.020680e+06
 -4.924100e+05
  1.267730e+06
 -1.467490e+05
  1.051490e+06
 -1.037130e+06
  1.194200e+06
 -1.346280e+06
  9.807210e+05
 -9.278270e+05
  1.124680e+06
 -1.200080e+06
  9.211800e+05
 -8.478840e+05
  1.046000e+06
 -1.119010e+06
  8.424490e+05
 -7.692540e+05
  9.672980e+05
 -1.040450e+06
  7.637300e+05
 -6.905730e+05
  8.886140e+05
 -9.617720e+05
  6.850470e+05
 -6.118900e+05
  8.099310e+05
 -8.830890e+05
  6.063640e+05
 -5.332070e+05
  7.312480e+05
 -8.044060e+05
  5.276810e+05
 -4.545240e+05
  6.525650e+05
 -7.257230e+05
  4.489980e+05
 -3.758410e+05
  5.738820e+05
 -6.470400e+05
  3.703150e+05
 -2.971580e+05
  4.951990e+05
 -5.683560e+05
  2.916320e+05
 -2.184750e+05
  4.165130e+05
 -4.896740e+05
  2.129470e+05
 -1.398050e+05
  3.378030e+05
 -4.109960e+05
  1.342540e+05
 -6.099720e+04
  2.607130e+05
 -3.322390e+05
  5.634560e+04
  2.494420e+04
  1.962470e+05
 -2.501870e+05
 -1.607570e+04
  4.022980e+04
 -5.099630e+05
 -2.062360e+05
  1.999950e+06
  1.018050e+07
  2.345610e+06
 -1.040600e+06
  1.238650e+06
 -1.421830e+06
  9.294990e+05
 -9.405330e+05
  1.196700e+06
 -1.286350e+06
  9.244460e+05
 -8.531450e+05
  1.119200e+06
 -1.192480e+06
  8.480750e+05
 -7.744690e+05
  1.040460e+06
 -1.113880e+06
  7.692600e+05
 -6.958010e+05
  9.617720e+05
 -1.035230e+06
  6.905730e+05
 -6.171180e+05
  8.830890e+05
 -9.565440e+05
  6.118900e+05
 -5.384350e+05
  8.044060e+05
 -8.778610e+05
  5.332070e+05
 -4.597520e+05
  7.257230e+05
 -7.991780e+05
  4.545240e+05
 -3.810690e+05
  6.470400e+05
 -7.204950e+05
  3.758410e+05
 -3.023860e+05
  5.683560e+05
 -6.418110e+05
  2.971580e+05
 -2.237030e+05
  4.896730e+05
 -5.631280e+05
  2.184740e+05
 -1.450220e+05
  4.109760e+05
 -4.844470e+05
  1.397850e+05
 -6.636150e+04
  3.324050e+05
 -4.057740e+05
  6.116280e+04
  1.351950e+04
  2.614110e+05
 -3.263640e+05
 -1.372010e+04
  1.064930e+05
  1.207410e+05
 -2.409180e+05
 -1.257260e+05
 -6.187260e+05
  1.018050e+07
 -4.133690e+05
  1.280570e+06
 -1.808850e+05
  8.993320e+05
 -9.695500e+05
  1.262620e+06
 -1.392510e+06
  9.168030e+05
 -8.598300e+05
  1.192690e+06
 -1.266240e+06
  8.533590e+05
 -7.802450e+05
  1.113930e+06
 -1.186730e+06
  7.745100e+05
 -7.016080e+05
  1.035230e+06
 -1.108100e+06
  6.958010e+05
 -6.229260e+05
  9.565440e+05
 -1.029420e+06
  6.171180e+05
 -5.442430e+05
  8.778610e+05
 -9.507360e+05
  5.384350e+05
 -4.655600e+05
  7.991780e+05
 -8.720530e+05
  4.597520e+05
 -3.868770e+05
  7.204950e+05
 -7.933690e+05
  3.810690e+05
 -3.081940e+05
  6.418110e+05
 -7.146860e+05
  3.023860e+05
 -2.295110e+05
  5.631280e+05
 -6.360030e+05
  2.237030e+05
 -1.508280e+05
  4.844430e+05
 -5.573200e+05
  1.450180e+05
 -7.215030e+04
  4.057310e+05
 -4.786420e+05
  6.631890e+04
  6.575830e+03
  3.281960e+05
 -3.999100e+05
 -1.168720e+04
  8.923240e+04
  2.670570e+05
 -3.181940e+05
 -8.035360e+04
  1.097380e+05
 -5.707180e+05
 -2.719180e+05
  1.842480e+06
  1.463990e+07
  2.074970e+06
 -1.003680e+06
  1.306370e+06
 -1.486720e+06
  8.834120e+05
 -8.697190e+05
  1.265060e+06
 -1.340870e+06
  8.586520e+05
 -7.849200e+05
  1.186840e+06
 -1.260820e+06
  7.803560e+05
 -7.062790e+05
  1.108100e+06
 -1.182100e+06
  7.016100e+05
 -6.276070e+05
  1.029420e+06
 -1.103420e+06
  6.229260e+05
 -5.489230e+05
  9.507360e+05
 -1.024740e+06
  5.442430e+05
 -4.702400e+05
  8.720530e+05
 -9.460550e+05
  4.655600e+05
 -3.915570e+05
  7.933690e+05
 -8.673720e+05
  3.868770e+05
 -3.128740e+05
  7.146860e+05
 -7.886890e+05
  3.081940e+05
 -2.341910e+05
  6.360030e+05
 -7.100060e+05
  2.295110e+05
 -1.555080e+05
  5.573200e+05
 -6.313230e+05
  1.508280e+05
 -7.682520e+04
  4.786310e+05
 -5.526410e+05
  7.213910e+04
  1.860270e+03
  3.999490e+05
 -4.739670e+05
 -6.536870e+03
  8.068870e+04
  3.254520e+05
 -3.947990e+05
 -8.197460e+04
  1.617630e+05
  2.092020e+05
 -3.090600e+05
 -1.724550e+05
 -5.289370e+05
  1.463990e+07
 -6.555520e+05
  1.280860e+06
 -1.214400e+06
  7.978180e+05
 -8.953400e+05
  1.334480e+06
 -1.382510e+06
  8.633320e+05
 -7.921940e+05
  1.260930e+06
 -1.332690e+06
  7.850300e+05
 -7.131240e+05
  1.182110e+06
 -1.253960e+06
  7.062900e+05
 -6.344770e+05
  1.103420e+06
 -1.175230e+06
  6.276060e+05
 -5.557950e+05
  1.024740e+06
 -1.096550e+06
  5.489230e+05
 -4.771120e+05
  9.460550e+05
 -1.017870e+06
  4.702400e+05
 -3.984290e+05
  8.673720e+05
 -9.391840e+05
  3.915570e+05
 -3.197460e+05
  7.886890e+05
 -8.605010e+05
  3.128740e+05
 -2.410630e+05
  7.100060e+05
 -7.818180e+05
  2.341910e+05
 -1.623790e+05
  6.313230e+05
 -7.031350e+05
  1.555080e+05
 -8.369640e+04
  5.526400e+05
 -6.244520e+05
  7.682430e+04
 -5.009200e+03
  4.739520e+05
 -5.457720e+05
 -1.876120e+03
  7.370510e+04
  3.952820e+05
 -4.670780e+05
 -8.020520e+04
  1.500380e+05
  3.240570e+05
 -3.862150e+05
 -1.467660e+05
  2.016370e+05
 -2.837610e+05
 -3.177990e+05
SCALARS Tau_XY float 1
LOOKUP_TABLE default
  4.488590e+06
 -9.012790e+06
 -4.861150e+06
  5.616720e+06
  5.532230e+06
 -5.805970e+06
 -5.857010e+06
  5.359150e+06
  5.132050e+06
 -5.661840e+06
 -5.492380e+06
  4.961240e+06
  4.737440e+06
 -5.268030e+06
 -5.098000e+06
  4.567660e+06
  4.344020e+06
 -4.874310e+06
 -4.704530e+06
  4.174250e+06
  3.950610e+06
 -4.480890e+06
 -4.311110e+06
  3.780830e+06
  3.557200e+06
 -4.087480e+06
 -3.917700e+06
  3.387420e+06
  3.163780e+06
 -3.694060e+06
 -3.524280e+06
  2.994000e+06
  2.770360e+06
 -3.300650e+06
 -3.130870e+06
  2.600590e+06
  2.376950e+06
 -2.907230e+06
 -2.737450e+06
  2.207170e+06
  1.983530e+06
 -2.513820e+06
 -2.344040e+06
  1.813750e+06
  1.590120e+06
 -2.120400e+06
 -1.950620e+06
  1.420340e+06
  1.196700e+06
 -1.726990e+06
 -1.557210e+06
  1.026900e+06
  8.031700e+05
 -1.333560e+06
 -1.163690e+06
  6.332880e+05
  4.116940e+05
 -9.396800e+05
 -7.691960e+05
  2.579030e+05
  1.172580e+05
 -5.535680e+05
 -4.635490e+05
 -1.817330e+05
 -9.012790e+06
  4.656820e+06
  5.294690e+06
 -6.622440e+06
 -6.127990e+06
  5.271780e+06
  5.045060e+06
 -6.107840e+06
 -5.975930e+06
  4.861670e+06
  4.643970e+06
 -5.762780e+06
 -5.585300e+06
  4.466730e+06
  4.250440e+06
 -5.368700e+06
 -5.191530e+06
  4.073350e+06
  3.857040e+06
 -4.975210e+06
 -4.798100e+06
  3.679930e+06
  3.463620e+06
 -4.581790e+06
 -4.404690e+06
  3.286520e+06
  3.070210e+06
 -4.188380e+06
 -4.011270e+06
  2.893100e+06
  2.676790e+06
 -3.794960e+06
 -3.617860e+06
  2.499690e+06
  2.283380e+06
 -3.401540e+06
 -3.224440e+06
  2.106270e+06
  1.889960e+06
 -3.008130e+06
 -2.831030e+06
  1.712860e+06
  1.496540e+06
 -2.614710e+06
 -2.437610e+06
  1.319440e+06
  1.103130e+06
 -2.221300e+06
 -2.044200e+06
  9.260200e+05
  7.096780e+05
 -1.827890e+06
 -1.650780e+06
  5.325040e+05
  3.162960e+05
 -1.434360e+06
 -1.256670e+06
  1.425000e+05
 -5.597900e+04
 -1.038600e+06
 -8.674500e+05
 -2.121860e+05
 -4.747410e+05
 -7.095050e+05
  4.811810e+06
 -7.373540e+06
 -6.467450e+06
  5.103060e+06
  4.989810e+06
 -6.502770e+06
 -6.389810e+06
  4.810950e+06
  4.590730e+06
 -6.204820e+06
 -6.033720e+06
  4.411050e+06
  4.195740e+06
 -5.818130e+06
 -5.639690e+06
  4.017530e+06
  3.802350e+06
 -5.424440e+06
 -5.246200e+06
  3.624130e+06
  3.408940e+06
 -5.031010e+06
 -4.852790e+06
  3.230710e+06
  3.015520e+06
 -4.637600e+06
 -4.459370e+06
  2.837300e+06
  2.622110e+06
 -4.244180e+06
 -4.065960e+06
  2.443880e+06
  2.228690e+06
 -3.850760e+06
 -3.672540e+06
  2.050470e+06
  1.835280e+06
 -3.457350e+06
 -3.279120e+06
  1.657050e+06
  1.441860e+06
 -3.063930e+06
 -2.885710e+06
  1.263640e+06
  1.048450e+06
 -2.670520e+06
 -2.492290e+06
  8.702200e+05
  6.550250e+05
 -2.277100e+06
 -2.098880e+06
  4.767750e+05
  2.615130e+05
 -1.883690e+06
 -1.705350e+06
  8.372470e+04
 -1.291180e+05
 -1.489660e+06
 -1.310220e+06
 -2.955200e+05
 -4.666240e+05
 -1.098340e+06
 -9.639420e+05
 -7.351720e+05
 -7.373540e+06
  5.072500e+06
  4.848900e+06
 -7.389290e+06
 -6.756920e+06
  4.783100e+06
  4.580410e+06
 -6.595780e+06
 -6.435360e+06
  4.396440e+06
  4.184830e+06
 -6.226200e+06
 -6.044350e+06
  4.002130e+06
  3.791260e+06
 -5.833310e+06
 -5.650710e+06
  3.608720e+06
  3.397840e+06
 -5.439840e+06
 -5.257290e+06
  3.215300e+06
  3.004430e+06
 -5.046420e+06
 -4.863880e+06
  2.821890e+06
  2.611010e+06
 -4.653010e+06
 -4.470460e+06
  2.428470e+06
  2.217600e+06
 -4.259590e+06
 -4.077050e+06
  2.035060e+06
  1.824180e+06
 -3.866180e+06
 -3.683630e+06
  1.641640e+06
  1.430770e+06
 -3.472760e+06
 -3.290220e+06
  1.248230e+06
  1.037350e+06
 -3.079340e+06
 -2.896800e+06
  8.548100e+05
  6.439370e+05
 -2.685930e+06
 -2.503390e+06
  4.613900e+05
  2.505000e+05
 -2.292510e+06
 -2.109960e+06
  6.798140e+04
 -1.428640e+05
 -1.899030e+06
 -1.716250e+06
 -3.229760e+05
 -5.271270e+05
 -1.505310e+06
 -1.329950e+06
 -7.283730e+05
 -9.071400e+05
 -1.130930e+06
  5.302940e+06
 -6.342220e+06
 -7.158850e+06
  4.728190e+06
  4.577000e+06
 -7.060930e+06
 -6.801880e+06
  4.419410e+06
  4.214930e+06
 -6.589350e+06
 -6.407700e+06
  4.029650e+06
  3.821380e+06
 -6.199200e+06
 -6.014060e+06
  3.636130e+06
  3.427920e+06
 -5.805850e+06
 -5.620640e+06
  3.242710e+06
  3.034500e+06
 -5.412430e+06
 -5.227220e+06
  2.849290e+06
  2.641090e+06
 -5.019020e+06
 -4.833810e+06
  2.455880e+06
  2.247670e+06
 -4.625600e+06
 -4.440390e+06
  2.062460e+06
  1.854260e+06
 -4.232180e+06
 -4.046970e+06
  1.669050e+06
  1.460840e+06
 -3.838770e+06
 -3.653560e+06
  1.275630e+06
  1.067430e+06
 -3.445350e+06
 -3.260140e+06
  8.822160e+05
  6.740110e+05
 -3.051940e+06
 -2.866730e+06
  4.888000e+05
  2.805960e+05
 -2.658520e+06
 -2.473310e+06
  9.538660e+04
 -1.128470e+05
 -2.265100e+06
 -2.079860e+06
 -2.977150e+05
 -5.063970e+05
 -1.871910e+06
 -1.688730e+06
 -6.943690e+05
 -8.926840e+05
 -1.486550e+06
 -1.295240e+06
 -1.076180e+06
 -6.342220e+06
  5.488130e+06
  4.584020e+06
 -7.612250e+06
 -7.205090e+06
  4.446930e+06
  4.277090e+06
 -6.939360e+06
 -6.731670e+06
  4.097560e+06
  3.893990e+06
 -6.522910e+06
 -6.334860e+06
  3.705170e+06
  3.500430e+06
 -6.130260e+06
 -5.941550e+06
  3.311680e+06
  3.107000e+06
 -5.736880e+06
 -5.548140e+06
  2.918260e+06
  2.713580e+06
 -5.343460e+06
 -5.154730e+06
  2.524850e+06
  2.320170e+06
 -4.950050e+06
 -4.761310e+06
  2.131430e+06
  1.926750e+06
 -4.556630e+06
 -4.367900e+06
  1.738020e+06
  1.533340e+06
 -4.163210e+06
 -3.974480e+06
  1.344600e+06
  1.139920e+06
 -3.769800e+06
 -3.581070e+06
  9.511870e+05
  7.465050e+05
 -3.376380e+06
 -3.187650e+06
  5.577710e+05
  3.530900e+05
 -2.982970e+06
 -2.794230e+06
  1.643580e+05
 -4.031270e+04
 -2.589550e+06
 -2.400790e+06
 -2.289720e+05
 -4.339600e+05
 -2.196170e+06
 -2.008150e+06
 -6.237460e+05
 -8.359180e+05
 -1.807010e+06
 -1.628100e+06
 -1.058280e+06
 -1.166620e+06
 -1.391570e+06
  5.630240e+06
 -5.844360e+06
 -7.470130e+06
  4.529410e+06
  4.339480e+06
 -7.365270e+06
 -7.046810e+06
  4.194810e+06
  4.006360e+06
 -6.809800e+06
 -6.614110e+06
  3.816380e+06
  3.614790e+06
 -6.412170e+06
 -6.220640e+06
  3.422900e+06
  3.221260e+06
 -6.019100e+06
 -5.827300e+06
  3.029450e+06
  2.827840e+06
 -5.625690e+06
 -5.433880e+06
  2.636040e+06
  2.434430e+06
 -5.232270e+06
 -5.040470e+06
  2.242620e+06
  2.041010e+06
 -4.838860e+06
 -4.647050e+06
  1.849210e+06
  1.647600e+06
 -4.445440e+06
 -4.253640e+06
  1.455790e+06
  1.254180e+06
 -4.052030e+06
 -3.860220e+06
  1.062370e+06
  8.607640e+05
 -3.658610e+06
 -3.466810e+06
  6.689590e+05
  4.673490e+05
 -3.265200e+06
 -3.073390e+06
  2.755440e+05
  7.394000e+04
 -2.871780e+06
 -2.679960e+06
 -1.178380e+05
 -3.194310e+05
 -2.478340e+06
 -2.286630e+06
 -5.113790e+05
 -7.162620e+05
 -2.086150e+06
 -1.899530e+06
 -9.218300e+05
 -1.138500e+06
 -1.707060e+06
 -1.471790e+06
 -1.250230e+06
 -5.844360e+06
  5.694800e+06
  4.483880e+06
 -7.607330e+06
 -7.410800e+06
  4.295410e+06
  4.146590e+06
 -7.094990e+06
 -6.858020e+06
  3.967060e+06
  3.771160e+06
 -6.652480e+06
 -6.457390e+06
  3.576050e+06
  3.377670e+06
 -6.259370e+06
 -6.064320e+06
  3.182510e+06
  2.984220e+06
 -5.866050e+06
 -5.670920e+06
  2.789090e+06
  2.590810e+06
 -5.472640e+06
 -5.277500e+06
  2.395670e+06
  2.197390e+06
 -5.079220e+06
 -4.884090e+06
  2.002260e+06
  1.803970e+06
 -4.685800e+06
 -4.490670e+06
  1.608840e+06
  1.410560e+06
 -4.292390e+06
 -4.097260e+06
  1.215430e+06
  1.017140e+06
 -3.898970e+06
 -3.703840e+06
  8.220120e+05
  6.237280e+05
 -3.505560e+06
 -3.310430e+06
  4.285960e+05
  2.303130e+05
 -3.112140e+06
 -2.917010e+06
  3.518850e+04
 -1.630640e+05
 -2.718710e+06
 -2.523560e+06
 -3.581360e+05
 -5.568650e+05
 -2.325420e+06
 -2.131640e+06
 -7.555880e+05
 -9.693990e+05
 -1.939170e+06
 -1.754630e+06
 -1.194960e+06
 -1.278430e+06
 -1.503240e+06
  5.694800e+06
 -5.844360e+06
 -7.607330e+06
  4.483880e+06
  4.295410e+06
 -7.410800e+06
 -7.094990e+06
  4.146590e+06
  3.967060e+06
 -6.858020e+06
 -6.652480e+06
  3.771160e+06
  3.576050e+06
 -6.457390e+06
 -6.259370e+06
  3.377670e+06
  3.182510e+06
 -6.064320e+06
 -5.866050e+06
  2.984220e+06
  2.789090e+06
 -5.670920e+06
 -5.472640e+06
  2.590810e+06
  2.395670e+06
 -5.277500e+06
 -5.079220e+06
  2.197390e+06
  2.002260e+06
 -4.884090e+06
 -4.685800e+06
  1.803970e+06
  1.608840e+06
 -4.490670e+06
 -4.292390e+06
  1.410560e+06
  1.215430e+06
 -4.097260e+06
 -3.898970e+06
  1.017140e+06
  8.220120e+05
 -3.703840e+06
 -3.505560e+06
  6.237280e+05
  4.285960e+05
 -3.310430e+06
 -3.112140e+06
  2.303130e+05
  3.518850e+04
 -2.917010e+06
 -2.718710e+06
 -1.630640e+05
 -3.581360e+05
 -2.523560e+06
 -2.325420e+06
 -5.568650e+05
 -7.555880e+05
 -2.131640e+06
 -1.939170e+06
 -9.693990e+05
 -1.194960e+06
 -1.754630e+06
 -1.503240e+06
 -1.278430e+06
 -5.844360e+06
  5.630240e+06
  4.529410e+06
 -7.470130e+06
 -7.365270e+06
  4.339480e+06
  4.194810e+06
 -7.046810e+06
 -6.809800e+06
  4.006360e+06
  3.816380e+06
 -6.614110e+06
 -6.412170e+06
  3.614790e+06
  3.422900e+06
 -6.220640e+06
 -6.019100e+06
  3.221260e+06
  3.029450e+06
 -5.827300e+06
 -5.625690e+06
  2.827840e+06
  2.636040e+06
 -5.433880e+06
 -5.232270e+06
  2.434430e+06
  2.242620e+06
 -5.040470e+06
 -4.838860e+06
  2.041010e+06
  1.849210e+06
 -4.647050e+06
 -4.445440e+06
  1.647600e+06
  1.455790e+06
 -4.253640e+06
 -4.052030e+06
  1.254180e+06
  1.062370e+06
 -3.860220e+06
 -3.658610e+06
  8.607640e+05
  6.689590e+05
 -3.466810e+06
 -3.265200e+06
  4.673490e+05
  2.755440e+05
 -3.073390e+06
 -2.871780e+06
  7.394000e+04
 -1.178380e+05
 -2.679960e+06
 -2.478340e+06
 -3.194310e+05
 -5.113790e+05
 -2.286630e+06
 -2.086150e+06
 -7.162620e+05
 -9.218300e+05
 -1.899530e+06
 -1.707060e+06
 -1.138500e+06
 -1.250230e+06
 -1.471790e+06
  5.488130e+06
 -6.342220e+06
 -7.612250e+06
  4.584020e+06
  4.446930e+06
 -7.205090e+06
 -6.939360e+06
  4.277090e+06
  4.097560e+06
 -6.731670e+06
 -6.522910e+06
  3.893990e+06
  3.705170e+06
 -6.334860e+06
 -6.130260e+06
  3.500430e+06
  3.311680e+06
 -5.941550e+06
 -5.736880e+06
  3.107000e+06
  2.918260e+06
 -5.548140e+06
 -5.343460e+06
  2.713580e+06
  2.524850e+06
 -5.154730e+06
 -4.950050e+06
  2.320170e+06
  2.131430e+06
 -4.761310e+06
 -4.556630e+06
  1.926750e+06
  1.738020e+06
 -4.367900e+06
 -4.163210e+06
  1.533340e+06
  1.344600e+06
 -3.974480e+06
 -3.769800e+06
  1.139920e+06
  9.511870e+05
 -3.581070e+06
 -3.376380e+06
  7.465050e+05
  5.577710e+05
 -3.187650e+06
 -2.982970e+06
  3.530900e+05
  1.643580e+05
 -2.794230e+06
 -2.589550e+06
 -4.031270e+04
 -2.289720e+05
 -2.400790e+06
 -2.196170e+06
 -4.339600e+05
 -6.237460e+05
 -2.008150e+06
 -1.807010e+06
 -8.359180e+05
 -1.058280e+06
 -1.628100e+06
 -1.391570e+06
 -1.166620e+06
 -6.342220e+06
  5.302940e+06
  4.728190e+06
 -7.158850e+06
 -7.060930e+06
  4.577000e+06
  4.419410e+06
 -6.801880e+06
 -6.589350e+06
  4.214930e+06
  4.029650e+06
 -6.407700e+06
 -6.199200e+06
  3.821380e+06
  3.636130e+06
 -6.014060e+06
 -5.805850e+06
  3.427920e+06
  3.242710e+06
 -5.620640e+06
 -5.412430e+06
  3.034500e+06
  2.849290e+06
 -5.227220e+06
 -5.019020e+06
  2.641090e+06
  2.455880e+06
 -4.833810e+06
 -4.625600e+06
  2.247670e+06
  2.062460e+06
 -4.440390e+06
 -4.232180e+06
  1.854260e+06
  1.669050e+06
 -4.046970e+06
 -3.838770e+06
  1.460840e+06
  1.275630e+06
 -3.653560e+06
 -3.445350e+06
  1.067430e+06
  8.822160e+05
 -3.260140e+06
 -3.051940e+06
  6.740110e+05
  4.888000e+05
 -2.866730e+06
 -2.658520e+06
  2.805960e+05
  9.538660e+04
 -2.473310e+06
 -2.265100e+06
 -1.128470e+05
 -2.977150e+05
 -2.079860e+06
 -1.871910e+06
 -5.063970e+05
 -6.943690e+05
 -1.688730e+06
 -1.486550e+06
 -8.926840e+05
 -1.076180e+06
 -1.295240e+06
  5.072500e+06
 -7.373540e+06
 -7.389290e+06
  4.848900e+06
  4.783100e+06
 -6.756920e+06
 -6.595780e+06
  4.580410e+06
  4.396440e+06
 -6.435360e+06
 -6.226200e+06
  4.184830e+06
  4.002130e+06
 -6.044350e+06
 -5.833310e+06
  3.791260e+06
  3.608720e+06
 -5.650710e+06
 -5.439840e+06
  3.397840e+06
  3.215300e+06
 -5.257290e+06
 -5.046420e+06
  3.004430e+06
  2.821890e+06
 -4.863880e+06
 -4.653010e+06
  2.611010e+06
  2.428470e+06
 -4.470460e+06
 -4.259590e+06
  2.217600e+06
  2.035060e+06
 -4.077050e+06
 -3.866180e+06
  1.824180e+06
  1.641640e+06
 -3.683630e+06
 -3.472760e+06
  1.430770e+06
  1.248230e+06
 -3.290220e+06
 -3.079340e+06
  1.037350e+06
  8.548100e+05
 -2.896800e+06
 -2.685930e+06
  6.439370e+05
  4.613900e+05
 -2.503390e+06
 -2.292510e+06
  2.505000e+05
  6.798140e+04
 -2.109960e+06
 -1.899030e+06
 -1.428640e+05
 -3.229760e+05
 -1.716250e+06
 -1.505310e+06
 -5.271270e+05
 -7.283730e+05
 -1.329950e+06
 -1.130930e+06
 -9.071400e+05
 -7.373540e+06
  4.811810e+06
  5.103060e+06
 -6.467450e+06
 -6.502770e+06
  4.989810e+06
  4.810950e+06
 -6.389810e+06
 -6.204820e+06
  4.590730e+06
  4.411050e+06
 -6.033720e+06
 -5.818130e+06
  4.195740e+06
  4.017530e+06
 -5.639690e+06
 -5.424440e+06
  3.802350e+06
  3.624130e+06
 -5.246200e+06
 -5.031010e+06
  3.408940e+06
  3.230710e+06
 -4.852790e+06
 -4.637600e+06
  3.015520e+06
  2.837300e+06
 -4.459370e+06
 -4.244180e+06
  2.622110e+06
  2.443880e+06
 -4.065960e+06
 -3.850760e+06
  2.228690e+06
  2.050470e+06
 -3.672540e+06
 -3.457350e+06
  1.835280e+06
  1.657050e+06
 -3.279120e+06
 -3.063930e+06
  1.441860e+06
  1.263640e+06
 -2.885710e+06
 -2.670520e+06
  1.048450e+06
  8.702200e+05
 -2.492290e+06
 -2.277100e+06
  6.550250e+05
  4.767750e+05
 -2.098880e+06
 -1.883690e+06
  2.615130e+05
  8.372470e+04
 -1.705350e+06
 -1.489660e+06
 -1.291180e+05
 -2.955200e+05
 -1.310220e+06
 -1.098340e+06
 -4.666240e+05
 -7.351720e+05
 -9.639420e+05
  4.656820e+06
 -9.012790e+06
 -6.622440e+06
  5.294690e+06
  5.271780e+06
 -6.127990e+06
 -6.107840e+06
  5.045060e+06
  4.861670e+06
 -5.975930e+06
 -5.762780e+06
  4.643970e+06
  4.466730e+06
 -5.585300e+06
 -5.368700e+06
  4.250440e+06
  4.073350e+06
 -5.191530e+06
 -4.975210e+06
  3.857040e+06
  3.679930e+06
 -4.798100e+06
 -4.581790e+06
  3.463620e+06
  3.286520e+06
 -4.404690e+06
 -4.188380e+06
  3.070210e+06
  2.893100e+06
 -4.011270e+06
 -3.794960e+06
  2.676790e+06
  2.499690e+06
 -3.617860e+06
 -3.401540e+06
  2.283380e+06
  2.106270e+06
 -3.224440e+06
 -3.008130e+06
  1.889960e+06
  1.712860e+06
 -2.831030e+06
 -2.614710e+06
  1.496540e+06
  1.319440e+06
 -2.437610e+06
 -2.221300e+06
  1.103130e+06
  9.260200e+05
 -2.044200e+06
 -1.827890e+06
  7.096780e+05
  5.325040e+05
 -1.650780e+06
 -1.434360e+06
  3.162960e+05
  1.425000e+05
 -1.256670e+06
 -1.038600e+06
 -5.597900e+04
 -2.121860e+05
 -8.674500e+05
 -7.095050e+05
 -4.747410e+05
 -9.012790e+06
  4.488590e+06
  5.616720e+06
 -4.861150e+06
 -5.805970e+06
  5.532230e+06
  5.359150e+06
 -5.857010e+06
 -5.661840e+06
  5.132050e+06
  4.961240e+06
 -5.492380e+06
 -5.268030e+06
  4.737440e+06
  4.567660e+06
 -5.098000e+06
 -4.874310e+06
  4.344020e+06
  4.174250e+06
 -4.704530e+06
 -4.480890e+06
  3.950610e+06
  3.780830e+06
 -4.311110e+06
 -4.087480e+06
  3.557200e+06
  3.387420e+06
 -3.917700e+06
 -3.694060e+06
  3.163780e+06
  2.994000e+06
 -3.524280e+06
 -3.300650e+06
  2.770360e+06
  2.600590e+06
 -3.130870e+06
 -2.907230e+06
  2.376950e+06
  2.207170e+06
 -2.737450e+06
 -2.513820e+06
  1.983530e+06
  1.813750e+06
 -2.344040e+06
 -2.120400e+06
  1.590120e+06
  1.420340e+06
 -1.950620e+06
 -1.726990e+06
  1.196700e+06
  1.026900e+06
 -1.557210e+06
 -1.333560e+06
  8.031700e+05
  6.332880e+05
 -1.163690e+06
 -9.396800e+05
  4.116940e+05
  2.579030e+05
 -7.691960e+05
 -5.535680e+05
  1.172580e+05
 -1.817330e+05
 -4.635490e+05
